url,title,comment,label
FaB7QDm3wz8,"이재명 LIVE 국가공간의 대전환, 대한민국을 널리 쓰겠습니다! 지방시대위원회 보고회","나는 항상 당신을 지원합니다. 대통령님 건강하시고 파이팅하세요.|||행운을 빕니다, 대통령 각하. 나는 당신을 지원합니다. 제안이 있습니다. 자동차 방향지시등 켜기 운동이 전국적으로 확산될 수 있도록 관계부처에 지시해 주십시오. 방향지시등을 켜지 않는 차량이 너무 많습니다.|||전 세계적으로 사랑받는 최고의 대통령 이재명 대통령님, 사랑합니다. 추운날씨 감기 조심하세요|||대한민국의 5극 3특화 시스템|||대통령님. 아프지 말고 늘 ​​걱정하세요. 나는 파티원입니다. 건강하다|||대통령님, 국민들은 대통령님을 응원하고 지지하고 있습니다. 감사합니다.|||대통령님 덕분에 한국이 발전하고 있다는 걸 느껴요!! 역대 최고의 대통령 이재명 대통령|||나는 A급 국민 다음으로 A급 국민을 잘 섬기는 정부를 좋아한다.|||잼프 정부 밑에서 지역이 얼마나 성장할지 정말 기대된다. 또 청와대는 크리스마스를 보낼 것이라고 한다. 크리스마스 영상도 만들어주실거죠? 아! 시계는 도대체 어디서 살 수 있나요?|||결국 지속가능한 새로운 산업생태계를 어떻게 만들어가느냐가 관건이라고 생각합니다. 지속가능하기 위해서는 자연에 기반한 해결책과 생태학적 접근에 접근하는 교육이 필요하다고 생각합니다. 이를 바탕으로 한국형 자원발굴과 융합을 추진해야 한다고 생각합니다. 저는 젊은이들에게 현재의 식품 분야를 넘어 어떻게 미래를 선도할 수 있는지에 대한 인식을 먼저 심어주어야 한다고 믿습니다. 이에 대한 답은 COP 시스템에서 찾을 수 있습니다. 나는 한국의 자연환경의 토양, 식물, 미생물, 문화 등이 융합, 결합되어 생태적인 한국형 10차 산업생태계를 만들어야 한다고 믿습니다. 1 2 3 4 10|||감사합니다, 우리 대통령님! 항상 건강 조심하세요! 아, 쿠팡 사태가 심각한 것 같네요. 카드발급을 비대면에서 대면발급으로 바꾸면 피해가 덜할 것 같아요. 건강하세요!|||이재명 회장님 때문에 무능하고 무책임한 사람들을 보살피고 있습니다. 국민을 위한 것이 아니라 자신을 위한 부정정치가 더 이상 뿌리내려서는 안 됩니다. 문재인의 똥에 가리워진 것들을 예의주시하고 감시해야 한다.|||나는 안심한다|||나는 이 공개적이고 투명한 정부를 내 손으로 선출했습니다.|||이런 토론을 보는 것이 좋습니다. 발전하는 대한민국을 기대합니다!|||수도권 집중은 막아야 한다. 대규모 개발과 투자를 통해 청년들이 생계를 꾸릴 수 있도록 지역을 발전시키고, 아파트값을 절반으로 낮추는 수도권 부동산 정책을 계속 전개해야 합니다.|||우리는 대통령을 잘 선택했습니다.|||항상 국민 여러분께 알려주셔서 감사드립니다. 나는 이재명 정권이 투명해서 좋다.|||나는 이재명을 좋아한다.|||대통령님과 함께 대한민국이 초강대국, 초경제대국이 되는 것은 꿈이 아니라 곧 다가올 현실이라고 믿습니다!|||한국이 널리 쓰인다는 소식을 들으니 신난다!|||K 민주주의를 이끌어가는 이재명의 리더십이 대한민국을 넘어 세계로 퍼져나가기를 바랍니다.|||나라를 위한 노고에 감사드립니다. 행운을 빌어요.|||한국을 널리 활용하겠습니다. 말씀해주셔서 감사합니다.|||대통령님, 지지합니다.",0
ISfH-rDAvXM,"뉴스타파, 전두환·허화평 잔당 추적",나는 당신을 존경합니다. 사랑해요.|||캐릭터는 캐릭터다|||다루지 못한 것을 덮었나요?|||도대체 내가 무엇을 다루고 있었는지 모르겠습니다.|||보고 능력이 정말 대단하네요. 쇼입니다.|||허화평은 너무 똑똑해서 거만한데... 좀 덜 자랑해라...,1
cm3IGKUQtrk,전두환 아들 전재국씨는 2013년과는 사뭇 다르다.,"벌금을 회수하는 것이 쉽지 않을 수도 있지만, 시간이 걸리더라도 반드시 이루어져야 합니다. 나라에 도둑이 없을 때까지.",0
g-d-1-1VJZM,취임식의 밤을 주최하는 사람은 누구인가요? 이유가 있었어요! 배승희 뉴스배달,"배승희 변호사!! 최고입니다. 멋지다. 와, 예쁘네요.|||뚝순 변호사 배승희입니다. 마음에 들어요, 최고예요. 윤석열 총장님, 힘내십시오.|||배 변호사의 사이다 발언이 참신하다. 당신은 예상과 동일합니다.|||배승희 변호사님, 늘 응원합니다. 여러분의 노고에 감사드립니다.|||당신은 정보를 명확하게 정리하고 전달하는 능력이 뛰어납니다. 감사합니다|||배변호사|||국민이 바라는 바를 배승희 변호사가 이뤄드리겠습니다. 이재명의 탄핵과 사퇴는 반드시 일어날 것이다.|||변호사님 좋은 정보 감사드립니다. 건강하세요.|||배승희 변호사님의 진단과 의견을 잘 들었습니다. 나는 당신을 지원합니다.|||배승희 변호사님께 늘 감사드립니다. 무지한 대중에게 계속해서 홍보해주세요.|||배 변호사님, 항상 좋은 방송 감사드립니다. 나는 항상 당신을 지원합니다.|||배승희 변호사, 파이팅 파이팅, 예수님을 믿으면 당신이 최고입니다. 모스탄 대사님, 고든 장 변호사님, 대한민국을 위해 쓰임 받으소서.|||배승희! 가세요!! 훌륭해요, 기분이 상쾌해집니다.|||당신은 모든 세부 사항에서 정확합니다.|||선선선생님. 감사합니다. 건강하세요.|||처벌받아 마땅한 분들은 국제인권위원회를 도와주세요. 제발 나라가 잘 안 돌아가네요. 김건희 대통령님 힘내세요.|||항상 활기차게 방송해주셔서 너무 감사드립니다!!!|||배승희 변호사님, 감사합니다. 서로를 지원합시다. 화이팅.|||배승희님을 응원합니다. 언론사 보지 말고 솔직하게 보도하세요.|||배승희 변호사 화이팅!!!!!!!|||배승희 변호사님 말씀이 맞습니다.|||배승희 변호사님은 자유대한민국의 가장 위대한 애국자이십니다.|||배승희님을 응원합니다|||안녕하세요 배승희 변호사님.|||배승희 변호사님의 협조에 감사드립니다. 당신이 진실만을 말하기 때문에 나는 당신에게 공감합니다. 관타나모만을 적극 추천합니다!",1
vdfsqSd3InI,미국 현지 상황을 보니... 와! 배승희 뉴스배달,"국제법에 따라 그를 체포하고 구금해 주십시오.|||배승희 변호사님, 정말 좋은 말씀이십니다. 행운을 빌어요.|||국회의원들이 이를 줄여야 한다고 생각합니다. 바뀌어야 합니다.|||우리나라는 헌법 개정을 통해 국회의원 수를 100명으로 늘려야 한다. 그리고 공무원 수를 줄여야 합니다. 선거제도도 바꿔야 한다. 배승희 변호사를 지지합니다. 최고입니다.|||배승희 변호사가 최고입니다.|||국회의원을 100명으로 줄여야 한다는 배승희 의원의 말이 맞다.|||속이는 것이 멋지다.|||배승희 뉴스배달 오늘도 응원하고 화이팅합니다!|||배 변호사의 유튜브 채널은 간신히 대한민국을 구하고 있습니다. 나는 당신을 존경합니다. 건강 잘 챙기세요.|||대만은 공무원과 국회의원 수를 줄이고 수표로 선거를 실시하는 등 분단국가인 한국으로부터 배울 점이 많다.|||우리나라에서 국회의원 수를 줄이는 것은 당연한 일이다.|||배 변호사님, 늘 응원합니다. 보고 싶어요. 화이팅!!|||배승희 변호사님, 맞습니다. 나는 당신을 강력히 지지합니다. 저는 우리 경제의 미래가 매우 걱정됩니다.|||배승희 변호사는 최고의 유튜버입니다.|||국회의원을 줄이고 비례대표를 없애 나라가 바로 설 수 있게 해주세요. 저는 대만의 선거제도가 정말 부러워요. 중앙선거관리위원회를 없애야 선거가 제대로 치러진다.|||배승희. 고마워요, 변호사님.|||배성희 변호사님, 조은씨에 대한 정보를 많이 전해 주세요.|||안녕하세요, 진보우파의 자랑스러운 여전사 배승희 변호사님.|||총 100명의 국회의원이면 충분하다. 불필요한 국회의원이 너무 많아서 정당끼리 싸우게 되고, 나라를 위해서는 아무것도 안 되고 국민의 세금만 낭비하게 된다.|||화이팅하는 배승희 변호사입니다.|||기운을 내다. 나는 항상 당신을 지원합니다. 자유민주주의를 수호합시다.|||비례대표제를 폐지하고 국회의원수를 100명 이하로 줄이자! 외국인 투표권을 폐지하자! 중국 부동산 소유권도 폐지하자!|||소식 잘 받고 있습니다. 최고입니다. 구크의 파괴|||나는 국회의원 수를 줄이는 것에 찬성한다! 무분별한 국회 삭감!|||저는 배승희TV를 좋아해요.",1
uyyopBJbCJM,세계사 망신 이신명 배승희 소식 전달,"배승희 변호사님의 의견에 동의합니다. 철학이 없는 사람이 철학을 가진 사람들 앞에서 굴욕을 보이고 오만하게 말하는 장면이었다.|||배승희 변호사님, 정확한 소식 감사드립니다.|||장동혁 대표님 축하드립니다! 들깨씨앗을 주신 배승희님과 다른 유튜버분들께 감사하다는 말씀 전하고 싶습니다.|||재치있고 현명한 변호사 배승희님의 방송을 항상 감사하게 시청하고 있습니다. 오늘은 정말 행복한 날이에요. 작지만 희망의 빛을 본 하루였습니다. 이것이 시작이다. 보수의 재건을 위하여!!!|||감사합니다|||축하해요. 미래는 희망이 있는 미래입니다. 개혁하고 위대한 대한민국으로 발전하자. 화이팅. 자유로운 사람들.|||싸우는 친구를 축하합니다!|||장동혁 대표님 축하드립니다!|||잘 설명해주셔서 감사합니다 배변호사님,,,,|||살아남아줘서 고마워|||애국열사, 청년, 시민, 유튜버 여러분께 진심으로 감사하고 감사하며 사랑합니다.|||장동혁, 배승희님 축하드립니다.|||배승희 변호사님, 노고에 감사드립니다.|||안녕하세요 화장실에 다녀올게요 오늘도 팩트뉴스 기대됩니다.|||배승희 의원님, 국회에 나오셔서 나라를 구해주세요. 스마트한 칼럼과 예쁘고 멋진 시사를 응원합니다. 배승희 화이팅!|||윤 총장을 살려주세요.|||아, 고마워요. 좋은 소식입니다. 장동혁 당대표님, 축하드립니다.|||나는 그것을 기대하고있다|||여호와 닛시 하나님! 감사합니다|||애국적인 유튜브의 승리입니다.|||앞으로도 좋은 정보 부탁드립니다.|||한미동맹, 한미혈맹, 생명혈동맹, 영원할 나라, 미국의 트럼프 대통령, 존경합니다, 노고에 감사드립니다, 자유대한민국, 진정한 애국자, 5천만 자유대한민국, 함께하자, 힘내십시오, 여기 있습니다, 승리합시다, 윤석열 대통령, 비상계엄, 당신의 권위입니다, 비상계엄, 계몽의 포고입니다. 그렇죠 돌아가자 윤석열 총장 돌아가자.|||장동혁! 윤 총장님, 살려주세요. 진심으로 바랍니다. 화이팅.|||좋은 변호사 배승희님, 응원합니다.|||국민의당 원내대표를 비롯한 지파들은 전력을 다해 민주당에 맞서 싸워야 한다!",1
0Vj7k4_L6bc,가랑이 찢겨…배승희 뉴스배달,"국가패배전략회의가 히트를 쳤습니다.|||배변방송을 시청하며 응원하고 있습니다. 알려주세요. 내 머리 속에 맴돌 것이다. 감사합니다.|||갑진 변호사님, 말씀 감사드립니다. 어리석은 시민들이 귀 기울여 들을 수 있도록 자세히 설명해 주셔서 감사합니다. 항상 힘내시고 건강 조심하세요.|||어서오세요|||배승희 변호사의 연설을 들으면서 웃음이 터졌고, 언론사들이 어느 나라 기업인지 알 수 없었다.|||셰씨는 범죄 건당 매일 북한에 돈을 송금하고 있다.|||ㅋㅋㅋ 배승희 너무 귀여워ㅋㅋㅋ|||확신하는 .|||기운을 내다!|||정의가 승리할 것이다. 민주당 국민은 바보가 아니다.|||양다리 외교가 왕따 외교로…|||나는 항상 당신을 지원합니다|||너무 불안해서 전승기념일에 가고 싶은데 트럼프에게 당선될까 봐 너무 걱정돼요!|||정말 짜증나네요. 흥사재판도 가고 감옥도 가야 하는데 조용히 지내려고 합니다. 이나라가 왜 이럴까? 돈을 빌려서 1인당 10억씩 나눠주세요. 범죄자들의 수준과 한계가 이대로 나라를 운영하기를 더 이상 바랄 수 없다.|||언론은 한국을 떠나야 한다|||당신은 미쳤어요.|||혼나도 싸다.|||등록회원 170만 빨리 달성하자|||나는 정의의 사람이고 충성을 다해야 합니다.|||정확한 방송은 배 변호사님이 하신 말씀입니다. 행운을 빌어요.|||국회는 무당의 집인줄 알았습니다. 북한에서만 볼 수 있는 촌스러운 한복에 저승사자까지 등장하는데... 눈길을 끄는 방법은 정말 다양하다.|||당신 말이 맞아요|||변호사님, 기분이 상쾌해졌습니다. 감사합니다.|||나는 당신을 지원합니다. 좋아요.|||민주당은 끝났습니다.",1
443bkElL6w0,좌파 판사들도 항의한다! 배승희 난리의 이유 뉴스 전달,"배승희 변호사님, 화이팅, 대단하십니다.|||곧 좋은 일이 일어날 것 같아요.|||윤석열 총장님, 힘내세요!|||진정한 애국자들은 언제나 싸우고 있습니다. 기분이 상쾌해졌어, 덕순이. 변호사|||장동혁 대표님 힘내세요. 나는 당신을 지원합니다. 건강하세요!!|||항상좋고, 좋은 정보 감사드리고, 끝까지 응원하겠습니다.|||딱 맞아요|||조지아주 애틀랜타에서 지켜보는 배승희 변호사의 모습은 역대급 방송이다.|||이재명 꼭 구속해라|||하루빨리 국내 전복세력을 조사해 본격적으로 처벌해야 한다는 것이다.|||좋아요. - 물론. - 장동혁 대표. - 감사합니다. - 당신 생각이 맞았어. -|||배승희 변호사. 최고야 장동혁 김민수 무조건 승리|||,2030 애국영웅 여러분, 매서운 추위 속에서도 우리나라를 위해 애쓰신 분들께 감사드립니다. 감사합니다. 나는 항상 당신을 지원합니다. 화이팅.|||청년들이 일어나야 합니다. 이 나라의 미래는 젊은이들의 손에 달려있습니다.|||고마워요, 변호사님. 건강하시고 힘내세요.|||장동혁, 김민수 등 자유대학을 강하게 만든다..... 힘을 합쳐야 한다. 나라를 바로 세우자. 국제사회도 도움을 줄 것이다. 배변 싸움|||사법부에서 이런 일이 일어나야 합니다. 온 국민이 함께 돕겠습니다.|||배승희 변호사의 말이 맞습니다. 우리 모두 장동혁 대표를 중심으로 뭉쳐 하루빨리 재명을 퇴출시켜야 한다.|||배승희 변호사님, 오늘도 수고 많으셨습니다. 나는 항상 당신을 지원하고 있습니다. 화이팅.|||고소! 행위... 행위... 발언... 권력분립에 위배되는 행위.|||국민의힘은 개별적으로 살아야 하고, 당을 배반한 자에게 공천을 주어 다시는 분열이 일어나지 않도록 해야 한다. 서로 힘을 모아 힘을 모아야 나라가 살아남을 수 있습니다.|||국민의힘은 싸우지 않는 의원을 공천해서는 안 된다. 국민은 국민의힘을 지지하니 B선거 의원들은 퇴진시켜야 한다. 명심해주세요|||이재명을 즉각 체포하라.|||배승희 변호사님, 진심으로 감사드립니다. 배승희 변호사는 사실을 강력하게 지적하고, 나라를 구하는 역할을 담당하는 보배이기 때문에 사랑합니다.|||이번에 내부총을 쏘는 놈들을 다 척결해야 나라가 살아남을 수 있다. 우리 당원들이 단결하여 장 의원에게 힘을 실어주십시오.",1
hojpPJjhmno,지귀연도 모르고...? 배승희 뉴스배달,"그동안 막아온 대중저항의 화약통을 건드리지 마십시오. 또 윤이 돌아왔다. 비가 내리고 있다. 눈 속에 눈이 내리고 있습니다. 나는 흑진주 전사를 지지한다!|||감사합니다|||저는 배승희 변호사를 존경합니다.|||행정과 입법의 최후 보루인 사법부의 정의를 보여주세요. 감사합니다.|||배승희 변호사님께 늘 감사드립니다.|||나쁜 사람들|||이 전과자 탄핵. 특혜 받아 세금낭비하면 나라 망한다.|||배승희님, 화이팅하세요. 수고 많으셨습니다.|||배 변호사, 투쟁하는 이재명, 내전을 모의하고 정치 보복을 중단하라. 윤 총장은 전혀 잘못이 없다. 이재명, 하루빨리 범인을 탄핵하라.|||국민부담당 정신 차려라|||논산의 딸! 나는 당신을 응원합니다|||국민을 무시하고 임의로 삼국이 완전히 무너진 것이다.|||앵커님, 덕순이는 항상 경청합니다.|||우리 국민들은 이 범죄로 인해 처벌을 받는 기득권자들을 처벌합시다. 무너진 대한민국의 자유민주주의를 지켜냅시다.|||배성희 변호사님, 행운을 빕니다. 좋은 정보 감사드립니다.|||믿고 시청할 수 있는 최고의 애국방송!!! 열정적으로 응원합니다.|||배승희 변호사님, 잘 지내시죠. 더 열심히 하고 최선을 다해서 승리하자.|||대응할 힘이 있나요? 국력은 무력하다. 내부 싸움은 좋습니다.|||앞으로 대한민국은 어떻게 될지 걱정되어 잠도 못 이루고 답답하기도 하지만, 배승희 변호사님의 건전한 말씀에 힘을 얻습니다. 항상 싸우고 있습니다.|||배승희님, 항상 정확한 소식을 전해 주셔서 감사드립니다. 감사합니다.|||힘내세요 배승희님|||이재명 당선무효 소송부터 시작해야 한다.|||존경합니다, 변호사님.|||진실된 소식을 전해 주세요. 항상 감사합니다.|||진보보수 변호사 배승희 애국방송이 구독자 500만 달성을 위해 열심히 노력하고 있습니다.",1
zQTSQbh89jw,장경태 성추행 의혹 변론 읽어보셨나요? 성범죄 전문 로펌들도 위기에 처해 있다.,"사직하다|||온 국민이 눈을 뜨고 지켜보고 있다. 그것은 공개되어야합니다.|||벌을 받아야 해|||허위사실로 반소를 제기하고 계십니다. 매우 사악합니다.|||인간이 되려면 반성할 수 있어야 합니다. 어떻게 반성해야 할지 모르겠습니다.|||장경태 아웃 관심|||행운을 빕니다, 변호사님!|||뿌린대로 거두는 죄를 짓는 경태야 넌 못해!!!|||주변 사람들도 조사를 받아야 합니다. 그것을 옹호하는 사람이 있나요?|||장경태! 국회의원직을 사퇴하고 피해자에게 생명을 구해 달라고 간청하며 죗값을 받아라.|||장경태 의원은 사퇴해야 한다.|||장경태 아무리 노력해도 심연에 빠진다.|||그렇게 했으니 다시 해보자. 이제는 아니오라고 말할 시간입니다.|||경태는 자유대한민국의 정상적인 국민이 될 자격이 없다. 먼저 보는 사람이 국민 세금의 주인이듯이|||그의 습관을 바꾸십시오. 자백하고 선처를 구하면 시간이 지날수록 또 무슨 짓을 저지를 것이다. 무조건 법에 따라 더 무거운 처벌을 내리십시오.|||이번 기회에 장경태를 영원히 없애야 한다!|||갈 수 있는 유일한 길은 빵뿐이라고 하더라고요!|||사실입니다.|||엄중한 처벌을 통해 정의로운 법치주의가 건재함을 보여주세요.|||포르노와 보좌관이 짝을 이뤄 한두 번 시도한 기술은 아닌 것 같다.|||푸하하하하하하하하하하하하하하하하하하|||뻔뻔한 장경태는 즉각 납세를 중단하고 입법활동을 중단하라. 재판을 받고 무죄 판결이 나면 돌아오십시오.|||민주당은 성폭력 재판을 위한 별도 법원 설치를 추진할 것으로 보인다.|||솔직하게 말해야 해요. 다음번에 국회의원에 출마하고 싶다면 전과가 없으면 출마할 수 없을 것입니다.|||민주당과 곤경에 처한 양문석 의원은 어떻게 될지 궁금하다.",1
vpgvciRYQG0,"김광일, 박은주, 장원준이 화창한 날 통일교를 겨냥하고 7일 만에 다시 해산론을 꺼냈는데... 그런데 왜 통일교회 재산 얘기를 하는 걸까?","정치계의 모든 범죄자를 파악하고, 강력한 법적 처벌로 처벌하고, 성역 없이 재판받게 하세요.|||국회, 헌법재판소, 중앙선거관리위원회, 부패수사처, 특검을 해산하라.|||납세자가 지시합니다. 세금을 내지 마십시오. 대회. 헌법재판소. 선거관리위원회. 부패 조사국. 특검을 해산하라.|||탄핵을 하지 않는다 해도 우리 국민은 자유로운 대한민국에서 살 자격이 없습니다.|||여든이 되든 여든이 되든 철저히 조사하고 관련자들을 모두 체포해야 합니다.|||이제 민주당은 비양심적인 정당임을 국민에게 고백하고 해산하라!!!!!!!!!! !!!!!!!!!!!!!!!!!!!!!!!!|||박 특검도 뇌물을 받았으니 민중기도 수사해야 한다. 도둑을 잡기 위해 도둑들이 물건을 설치하는 세상!|||언론사들은 양심적으로 문제를 파헤쳐야 할 것이지 권력자들에게 눈을 돌리지 말아야 한다.|||개혁은 남을 벗기는 것이 아니라 자신을 벗기는 고통을 감수하는 것이지만 모든 일에 자연주의자가 된 집단도 있습니다. 이제 대한민국 국민은 집단과 그들을 밀어붙이는 자들을 이겨내야 합니다.|||눈 하나 깜짝하지 않고 범죄를 저지릅니다. 그들은 남의 부패를 비난하는 데 주저하지 않지만 여전히 뻔뻔한 태도를 유지합니다. 그들은 훌륭한 가족으로 인식됩니다. 비리가 드러나면 즉각 압박과 협박을 가하는데…|||더 깊이 들어가기 전에, 매일매일 다음과 같은 사건이 수차례 발생하면서 대중의 생각은 무뎌진다. 도대체 현 정부는 뭐하고 있는 걸까요?? 불쌍한. 시민 여러분, 정신을 차리시기 바랍니다. 국력은 지금처럼 같이 싸우자. 나는 우리가 사람들의 그룹을 구성하고 각자가 싸움을 담당해야 한다고 생각합니다. 정신을 차리세요.|||위협과 협박, 회유로 당신을 짓밟겠습니다.|||임 특검이 이채명을 탄핵한다. 여러분, 우리는 일어서야 합니다. 네팔의 투쟁이 이 땅에서 시작되길 바랍니다.|||내로남불당..국민이 화난다|||이 신몽이 이렇게 사악하고 못된 짓이냐? 당신을 그렇게 오만하게 만드는 사람들에 대해 당신은 도대체 무엇을 알고 있습니까? 위협으로 작용할까요?|||통일교 재산 강제몰수 가능성. 이재명은 김정은처럼 갈 것이다.|||남에게 화를 내는 것은 옳지 않습니다.|||도둑들은 항상 발이 저려서 아무 이유 없이 특검을 했을 뿐인데.. ㄷㄷㄷㄷ|||이재명을 쓰러뜨려야 하는데 갈 곳은 단 하나, 캄프방 뿐이다.|||범인이 무슨 말을 해도 징글 징글|||문재인도 구속해야 하나????|||그렇다면 어떻게 대통령을 대통령으로 인정할 수 있겠습니까?|||저는 해체하는 그룹과 함께 돈의 민주당이 최우선이라고 생각합니다. 그렇지 않나요?|||얼마나 부끄러울까요? 범죄가 만연하는 것은 그것이 창피한 일인지조차 모르기 때문이다. 어린 시절이 매우 중요하다는 것을 알고 계셨습니까?|||여야 정치권 인사 모두. 정말 불쾌한 사람들입니다. 정말 부끄러운 일이에요",1
4uYL-IENbik,"이재명이 통일교에 직접 연락해 청와대는 혼란에 빠졌다. 김광일, 박은주, 장원준의 밝은 하루.","너의 이름은 언제나 악취나는 곳에|||도둑은 ""재명이 찔려서 한 발 앞서 나온다. 박지원이 최고의 공격이 최선의 방어라고 한다""고 말했다.|||그렇죠 ㅡㅡㅡㅡㅡㅡㅡㅡㅡ|||이렇게 큰 소리로 외치는 게 웃기네요. 사람들은 어떻게 생각할까요?|||나는 이 나라에서 많은 것을 원하지 않습니다. 표현의 자유, 취업의 자유, 그렇게 할 수 없다면 버려두세요.|||이럴거면 더불어민주당도 국민의힘도 해산해야 한다. 대통령이 너무 자기중심적이고 말을 너무 가볍게 해서 답답해요.|||이재명이 통일교 관계자이기 때문에 교단을 해체하고 재산을 국고에 몰수하라고 협박하며 말도 안되는 소리를 하고 있다. 그는 무서운 괴물이다.|||그 사람이 그런 사람이고 무슨 말을 해도 웃지 않는다는 걸 모르셨나요?|||이재명. 민주당의 거짓말에 지쳤습니다. 정직은 어디에서 팔렸나요? 이제 그들은 위협하고 위협하고 있습니다. 사람들이 모른다고 생각합니까, 아니면 바보입니까?|||도둑님 그렇게 해주세요|||불면증이 나를 죽인다. 소음기인가요?|||위선과 위선이 입증되었습니다.|||이재명 ㅋㅋㅋ 웃기네|||잊어버렸나요? 이재명이 어떤 사람인지.... 사람들이 기억하는 건..|||통일교가 불법이라면.. 이재명도 법 위반으로 탄핵받아야지..",1
2UiEFmI4FSI,"재활의 상징이라 했지만, 조진웅의 폭행, 김광일, 박은주, 장원준의 맑은 날 폭로가 이어지며 폭발세를 이어가고 있다.",민주당은 당신을 다음 총선에 지명할 수 있습니다.|||누나는 나를 문화체육관광부 장관으로 만들어 줄 것이다.|||나의 건조한 습관은 어디로 갈 것인가?|||돈을 갚으세요|||사람은 변하지 않습니다.|||정당해산을 해야 한다.|||조진웅은 현재 활동 중이다. 절대로 옹호해서는 안 됩니다.|||그래서 누카리안같은 개들만 보나요? 진보는 그의 전처인가? 강아지가 짖나요?|||진보적 공산주의는 어떤 진보적인가?|||어찌보면 조진웅은 이재명의 완벽한 후계자다. 범죄당 차기 대선후보로 그 사람보다 나은 사람이 또 있을까?|||피해자 모두 고소,1
uxPruB6cKzw,"12 10 전재수 통일교 뇌물수수 발언? 조태임, 김준일, 청와대에서의 크리스마스, 윤건영, 장동혁, 마이웨이, 박정훈, 쿠팡, 미국 집단소송 손동후, 김현정의 뉴스쇼","12 10 수요일 뉴스쇼 뉴스연구소 전재수 통일교 뇌물공여 발언, 세관 마약밀수 의혹은 없다 1인 가구 처음 800만명 돌파 CBS 조태임 기자, 김준일 시사평론가 인터뷰 1 전재수 통일교 뇌물수수, 모두 거짓, 또 청와대 내란법정 논란 위헌 놔주지 마세요 윤건영 더불어민주당 의원 뉴스방송 강승희 인터뷰 2 뇌물 받은 통일교 정치인 주호영 탄핵이면 충분 한동훈 당의원 게시판 중간공시 국민의힘 박정훈 의원 인터뷰 3 쿠팡 정보 유출, 미국에서 집단소송 제기 한국인 피해자들이 소송에 참여할 것인가? SJKP 손동후 법무법인 대륜 변호사|||그래서 그런 사람들이라고 하더라고요. 하지만 깨끗한 척하는 당은 더 나쁜 집단이다.|||인생 자체가 외로워서 결국 이 세상을 혼자 남겨지게 됩니다!|||공소시효. 윤건영, 모르겠어, 모르니까 더 빨리 했어야 했는데.|||전재수 의원은 제가 좋아하는 민주당 정치인 중 한 명인데 좀 황당하네요... 괜찮은 사람이군요... 역시 돈에 장사를 안하는군요... 실망이 큽니다...|||박정훈 화이팅|||박정훈이 최고다|||윤건영이 웃긴다.|||똑똑한 신사 박정훈|||민중기는 앞으로 체포될 예정이다. 특검은 현 정부이니 권력의 개다.|||이재명도 통일교를 받아들였다..",1
tnmxHkBTsUE,유인태는 감옥에서 이 메시지를 보았다. 누가 그에게 술을 주었나요?,"장로들이 그런 생각으로 정치를 하다 보니 정치계가 뼛속까지 부패했습니다.|||왜 잡혔나요? 여기요|||나 같은 중견 정치인이 별거 아니라고 하는 모습이 한심하다.|||이 사건으로 인해 이재명의 동네 언니가 그를 또 혼냈던 것 같고, 아이들에게 나쁜 교육을 시켰다.|||원래 이렇게 먹었으니 운이 없었다고 생각하는 게 아닐까.|||CBS, 일어나세요. 선생님, 생각이 멈췄어요. 옳고 그름을 분별하지 못하는 사람이 선배가 아니더라도, 심지어 선배 할아버지가 아니더라도 이런 식으로 전파하는 것을 허용해서는 안 된다. 노인!!! 너무 한심해서 들을 수가 없어요!|||잡히지 않아도 된다는 말씀이신가요???|||부탁을 하는 것은 죄가 아니지만, 잡히는 것은 죄입니다. 이런 저런 사람들이 어떻게 한국 정치를 이끌어왔는지 개탄스럽다. 아, 단두대에 끌려간 사람들이 많군요.|||잡혀가는게 문제인가요? 정말 안타깝네요 ㅠㅠ|||문제는 정치인들이 관료직을 탐내며 곤경에 처한다는 점이다.|||이 사람을 섬길 이유가 있나요?|||안 잡히면 괜찮아요... 이런 일이 일어나나요?|||모든 것은 현지 자매를 거쳐야 합니다.|||아 나라가 엉망이네요.|||이것은 터무니없는 일입니다! 이 일련의 이벤트는 드문 일이 아닙니다! 더욱 충격적이네요!|||잡히면 범죄인가요? 도둑질을 하고 잡히지 않으면 큰일입니다. 노년의 정치인이 민주당의 속내를 여실히 보여주고 있다.|||좋은 시민은 누구를 신뢰해야 하는가?|||이 사람은 어젯밤 저녁으로 마신 술에서 거의 회복되지 않았습니다. 아 이런 분이 장로님이시군요. 윽...|||저기 손님들 나이가 70세 이상이어야 하는데??? 정신을 잃고 있어요 하하하|||만진당은 정말 기득권이 있군요 ㅋㅋㅋ|||특이한 것? 민주당은 썩었습니다. 비리 김현지, 김남국은 즉각 사퇴하라!|||유인태의 정신상태가 의심스럽다. 정신을 차리세요.|||잡힌 게 문제야? 물론,,|||더욱 놀라운 것은 유인태의 사고방식이다.|||유인태..가재는 예상대로 개편? 김남국과 장경태의 경우..그럴수도 있지?? 잡히면 범죄인가요??",2
Rbqhd5XCgVw,전재수 장관이 사표를 먼저 제출한 이유는 무엇일까. 뉴스 연구소,"윤영호가 거짓 뇌물을 받은 이들을 언급할 이유가 없다. 정치에서 로비하는 사람들의 암묵적인 법칙처럼 그들은 민주당의 양쪽 모두를 보장해 주었습니다. 다음은 정동영이다. 뇌물을 받은 이들의 공통적인 특징은 증거가 제시될 때까지 이를 강력히 부인하는 것이다.|||동일한 요금으로 일부|||분명 거기도 없었는데 왜 사과했지?|||??? 야, 너 정말 존재하지 않았어? 언론에 모든 증거를 제공하고 있나요? 다음날 사의를 표명했는데..|||모든 정치인을 조사하십시오. 썩은 정치를 청산하라|||국회의원직을 내려놓아야 합니다.|||아무 말도 하지 마세요|||알았어요 하하|||단호하고 명확하게 말하지만 정치인들은 입만 열 때마다 거짓말을 한다.|||이제 전재수는 끝났다...!|||당신은 당신이 얻는 것을 얻습니다. 철저한 수사와 검거가 답이다. 범죄를 저지른 정치인은 무슨 일이 있어도 다 잡아야 한다. 세금은 괜찮습니다.|||버티면 이것저것 빼앗길 것 같아서 빨리 사퇴하려고요.|||전재수씨 정말 친절해요! 국회의원직을 사퇴하고 조사를 받아라. 정치는 끝났습니다.|||사람들이 바보처럼 보이나요? 전재수씨는 아무 죄도 없는데 왜 사퇴하겠습니까? ?|||무죄라고 말하면서도 왜 사임했나요?|||뭔가 있는 것 같은데...|||ㅎㅎ 철판을 깔았네요.|||행운의 대상|||그게 생각나네요. 미투 사건이 터져 조사가 진행됐을 때 범죄 혐의가 인정된 것은 민주당 인사들이었다. 하하. 김건희를 잡겠다던 만중기 특검이 결국 만주당을 찔렀다. 하하.|||그들은 그렇게 말합니다. 제외하고. 사직. ㅋㅋㅋ|||국립의료원을 내려놓고 조사를 받아라.|||아직 법원 판결이나 조사도 없어서 불법 뇌물수수는 없었는데... 그럼 뇌물수수만 있었나요???|||재조사|||행운을 빈다. 까르띠에와 불가리를 나에게 던져라.|||강한 부정은 강한 긍정이다",2
4uk3UeaBnN8,생방송속보 비상대책위원장 ​​한동훈 2023.12.17,"와 한동훈 장관님 정리 좀 제대로 해주세요.. 총선 꼭 승리합시다.|||장기적으로 보면 청결이 승리합니다.|||한동훈 비상대책위원장! 환영. 총선에서 승리하여 썩은 민주당을 국회에서 추방해 주십시오.|||한동훈 장관은 돈낭비다. 총선에서 승리해야 이후 계획을 세울 수 있다. 우리 시민들이 분노를 걱정하고 있으니 최선을 다해주시기 바랍니다. 화이팅.|||좋아요. 신 대표님, 나라의 위기를 정확하게 이해하고 알려주셔서 감사합니다.|||저는 한동훈 장관을 지지하고 지지합니다. 나는 원희룡 장관을 지지하고 지지합니다. 빠른 반사신경에도 감사드립니다. 두 분이 함께 힘을 모아 이 나라를 지켜내시는 것이 국민의 간절한 염원입니다.|||한동훈 장관을 지지합니다, 파이팅!|||국력이 준석을 정리하지 못하면 책임 있는 당원들이 국력을 청산한다.|||나는 한동훈 장관과 원희룡 장관을 모두 지지한다. 모두가 자기 자신보다 우리와 나라를 먼저 생각하고 화합하길 바랍니다. 서로 부족한 점을 보완하고 나라를 걱정하며 먼저 뭉치자. 서로 긴장하지 맙시다.|||한동훈 장관님, 감사합니다. 선거에서 승리할 수 있도록 함께 노력합시다. 행운을 빌어요.|||매우 좋았습니다. 그러나 정치 경험이 없기 때문에 잘 알고 계실 거라 믿고 총선의 성공을 진심으로 바랍니다. 나는 당신이 성공하기를 바랍니다.|||나는 한 장관을 지지한다. 전 장관은 빨리 새 정당을 시작해야 한다. 한동훈 장관 같은 사람은 없다.|||신대표님 말씀대로 겸손한 원희룡 장관님을 존경하고 지지합니다!!!!|||저는 한동훈 장관님을 강력히 지지합니다. 좌파는 여론에 대해 걱정할 필요가 없습니다.|||한동훈이 잘할 것 같다. 그는 바보가 아닙니다. 생각이 깊어서 잘할 것 같아요.|||김문수 원장님을 추천합니다.|||김문수 대사관위원장님, 동의합니다.|||이번 총선은 대선 수준으로 사활을 걸고 승리해야 한다.|||앞으로는 국민의당 의원들이 뭉쳐야 합니다. 그래야만 총선에서 승리할 수 있습니다! 서로 비판하는 것은 금지되어 있습니다.|||김기현은 바로 국력간첩 이준석이다!|||나는 한동훈 법무부 장관을 지지한다.|||한 장관은 국력을 다해 최선을 다하겠습니다. 이제 모든 일이 끝났으니, 그가 이 일을 현명하게 이겨낼 수 있기를 바랍니다.|||저는 한동훈 장관을 지지합니다.|||대통령제 하에서 정부는 국정을 안정시키고 민심을 달래며 국가 발전을 이루기 위해 권력을 갖고 질서 있게 운영되어야 한다. 대통령은 임기가 끝날 때까지 권한을 부여받아야 한다. 대통령이 예고 없이 분열하면 박근혜 대통령 때처럼 자멸하고 권력을 잃고 망신을 당하게 된다는 것이 영원한 진리이다.|||한동훈 장관이 가면 법무부는 누가 지킬 것인가. 한동훈 법무부장관님이 계시니 든든했어요! 걱정된다",1
Usktxggcn3U,생방송 윤석열의 큰 결심이 미쳤다 2024.05.26,"신한수는 정말 애국이고 최고입니다.|||대표님 감사하고 사랑해요|||진리를 향해 나아가는 신 대표님과 전광훈 목사님에게 하나님의 은혜와 역사하시는 손길이 함께 하시길 믿습니다.|||신 대표님은 진정한 애국자이십니다. 그것을 위해 가십시오|||화이팅하세요 신대표님. 신 의원이 있기에 자유대한민국의 미래에 대한 희망이 있습니다. 우리 모두 부정선거 진상을 규명하고 정의로운 나라로서 자유로운 대한민국을 다시 세워야 합니다.|||신 대표님, 잘 지내세요. 어렵더라도 정의와 진실은 반드시 승리할 것입니다. 강하고 담대하며 힘과 용기를 갖고 최선을 다하면 반드시 승리할 것입니다. 감사합니다.|||부정선거 적발이 답이다|||신 대표님, 정말 올바른 판단을 해주셔서 감사드립니다. 조금만 더 힘내시고 인내심을 가지세요. 하나님께서 처리하실 것입니다. 언제나처럼 노고에 진심으로 감사드립니다.|||신 대표님 힘내세요. 당신은 애국세력의 지원을 받습니다.|||신혜식 대표님 말씀이 맞습니다. 당신은 매우 좌절하고 화가 났을 것입니다. 무지한 시민의 한 사람으로서 저도 속상합니다.|||대포씨, 국민청원에 대해 빠르게 홍보해 주세요. 우리 모두 서명하여 부정선거에 맞서 승리합시다.|||그래도 선생님은 나라를 구하고 계십니다. 모든 환경이 최악이지만. 오직. 한국의 경우. 기운을 내다. 나는 당신을 응원합니다|||신혜식 대표님 힘내세요. 끝을 보고 앞으로 달려가겠습니다. 우리는 광화문운동장에서 외치는 투지와 전투력으로 힘과 자신감을 얻겠습니다. 결코 약해지지 마십시오. 우리는 끝까지 당신을 지원합니다.|||한동훈은 독선적이고 배은망덕하며 당대표는 터무니없다. 홍준표 시장님, 신홍철기 의원님, 진심으로 응원합니다.|||원희룡 대표가 답이다.|||국민의당을 즉각 해산하고 진정한 우익정당을 만들어라!|||신 의원님, 이번 선거 부정은 반드시 밝혀지고 관련자들은 모두 처벌받아야 합니다. 이에 최전선에서 투쟁하시는 대표님께 감사드리며, 전 목사님을 중심으로 애국우익들이 하나되어 반드시 승리하게 하소서.|||장시호 녹취록과 태블릿PC의 진위 여부는 언제쯤 조사할 수 있을지 궁금하다.|||윤성열씨, 우리는 중대한 결정을 내려야 합니다. 우파들이 분개할 수 있는 정치를 해주세요.|||한동훈은 국민의힘에서 제명되어야 합니다.|||원희룡이 당대표가 되어야 한다.|||오세훈은 박원순보다 광화문 집회를 더 많이 막았다. 국력이 썩어버렸습니다.|||감사원장 시절에는 그럴듯해 보였는데 정치를 하는 모습, 이준석과 한동훈을 옹호하는 모습을 보면 정치에 소질이 없는 것 같다.|||원희룡이 나왔으면 좋겠다.|||한동훈은 아웃됐다.",1
iuBAhInoUaM,"독립뉴스 생방송 전광훈, 평택에서 10만명 집결! 2025.07.26","광화문으로 집합하자.|||애국동지 만세|||행동할 시간입니다. 이제 행동할 때다.. 평택시민 모두 나와라.|||여러분의 노고에 감사드립니다. 대한민국 만세.|||시작은 미약할지라도 끝은 창대할 것입니다. 대한민국 만세!!!!!|||사랑하는 애국자 여러분, 더운 날씨에 조국을 위해 애쓰시고 계십니다. 미군 철수는 금물이다.|||이 더위에 당신은 대단합니다. 감사합니다. 감사합니다. 누가 뭐래도 미국은 은혜의 나라입니다. 예상대로 강력한 합성력이 든든하다.|||너무 더워서|||나는 울고 있다. 함께 할 수 없어서 다행이에요.|||이 더위에 나라를 위해. 전광훈목사님 수고 많으셨습니다! 사랑합니다, 애국시민 여러분.|||인디펜던트 신혜식 대표님, 이선범 기자님, 관계자 여러분, 노고에 감사드립니다. 여러분의 노고에 감사드립니다.|||전광훈 목사님, 애국시민이 되어주셔서 감사합니다. 날씨가 더우니 건강 조심하시기 바랍니다. 윤어게인|||단결하자, 싸우자, 승리하자, 승리할 것이다. 진실이 당신을 자유롭게 할 것입니다. 광화문에 1000만명을 모으자.|||너무 감동받고 눈물이 납니다. 주한미군 여러분, 함께 가세요|||상상대학교 교수님, 사회를 돌보시느라 늘 힘드시죠. 기운을 내다. 하나님께서 당신을 도와주시기를 기도합니다. 기운을 내다.|||황정선 장군님, 항상 명확하고 정확하게 알려주셔서 너무 감사드립니다. 기운을 내다. 큰소리로 외치니 하나님이 기뻐하십니다. 자유를 지켜주시고, 자유민주주의 대한민국을 굳건히 지켜주시길 바랍니다.|||미군 철수. 미군 철수는 절대 아니다. 우리 대한민국을 지켜주세요. 우리를 보호해주세요.|||한미군 철수에 맞서 한미동맹을 강화하라!!|||종교단체에 감사의 말씀을 드립니다. 윤 총장님, 원상복구해야 합니다. 윤 총장님, 건강하시고, 이 무더위를 잘 이겨내시기를 빕니다. 나는 애국지사 여러분이 대한민국을 본연의 모습으로 회복시켜 주실 것이라고 믿습니다.|||전광훈 애국목사 ㅡㅡㅡㅡㅡㅡㅡㅡㅡㅡㅡㅡ|||전광훈목사님의 건강하신 모습을 보니 반갑습니다. 몸이 좋지 않으신지 걱정이 되었지만, 끝까지 건강하시고 자유우익을 이끌어 가며 대한민국을 지켜주시길 바랍니다.|||신혜식 대표, 이선범 기자, 우동균 기자, 이병준 기자, 홍철기 기자, 박완석 기자를 응원합니다.|||나는 미군 철수를 절대 반대한다.|||나는 미군 철수를 반대한다|||미군 철수를 반대하는 여러분의 노고에 감사드립니다.",1
IXxnzkejxnM,생방송 김은혜 분당개폭발네트워크 2024.03.20,"한동훈, 김경율, 좌파 국민이 판단하게 하라|||토끼를 다 잡은 것처럼 무시했지요? 당신은 당신의 경계를 실망시킬 수 없습니다.|||위닌의 핵심은 바로 좌동훈이다. 모두 한동훈님의 작품입니다. 모든 책임은 한동훈에게 있습니다.|||기회주의자들은 반드시 무너질 것이다.|||대통령을 상대로 각도를 잡고 공격하면 잘 되겠습니까?|||성공은 끝까지 볼 수 있다. 한동훈 언제 사나요?|||윤 총장을 위해 뭉칩시다. 그러나 우리는 한동훈에게 투표하지 않는다. 윤석열 총장을 위해 뭉칩시다.|||김은혜. 거친 지형으로 들어가지 마십시오. 당신이 원하는 곳 어디든. 나한테 후보를 줬다고 하더군요. 은혜를 갚기 위해. 한동훈한테 걸렸나?|||분열이 한동훈 때문에 일어난 것임을 알기 때문에 우파는 문제가 무엇인지 정확히 알아야 한다.|||이종배 시의원을 국회로 보내라.|||김은혜를 없애자|||어부가 되어 얻은 지위! 탐욕이 가득합니다. 한동훈, 김경렬, 김은혜! 밖으로!|||김은혜가 이번 선거에서 패하면 정치는 끝난다.|||김은혜는 기회주의자다. 아니, 아니.|||지지율을 높이려면 김경율 김형동 함운경을 쫓아내야 한다.|||재미있다. 도태우, 장예찬이 탈락해 지울도 탈락했다.|||CEO의 통찰력. 그것은 당신에게 힘을 줄 것입니다. 숨겨진 이브를 찾아보세요. 동훈과 그의 일당을 제거하라.|||오늘의 아시아! 훌륭한 방송!|||국민의힘에 대한 희망은 민주당에서 나온 국민들에게만 있다.|||김은혜 정신차리세요 언제부터 이렇게 잘생겼나요?|||자통당은 일어나야 한다...|||김은혜... 보수애국주의자들이 적들에게 은혜를 갚는다고 해서 김은혜에게 표를 주고 싶어할 것 같나요? 대통령과 선을 긋는 것이 아니라 대통령과 함께 일해야 한다... 대통령과 변화를 만드는 것이 보수를 떠나게 만드는 것이다.|||권위가 있는 만큼 책임도 따르게 마련이다.|||한동훈을 빨아먹는 악랄한 우익들. 당신은 대가를 지불할 것입니다. 자유통일당으로 가자|||썩어빠진 정치세계에 들어오면 가장 먼저 배우는 것은 남 탓하기, 탓하기..",1
bSzINmwhG4c,"항상 응원합니다! 윤사모 멤버 등장! 윤석열 탄핵 무효, 헌법재판소에 계엄령 선포","그렇죠, 저는 중심적인 의견을 존중합니다.|||와 너무 예뻐요 축복합니다|||당신은 예쁘고 똑똑한 청년이에요. 나는 당신을 아주 잘 알고 있습니다. 나는 당신의 미래가 밝다고 생각합니다.|||볼 수 있는 눈이 있었어요. 가슴이 터진다, 지혜.|||탄핵무효 탄핵무효 탄핵무효|||정의는 영원히 살아있습니다. 대한민국 만세.|||감사해요. 아들과 딸. 대한민국 만세|||2030년은 이 나라의 희망이다. 민주주의를 지키고 청년들의 미래를 보장합시다.|||나는 당신을 응원합니다|||2030 청년들, 화이팅!|||윤석열 총장은 요즘 세상에 보기 드문 가장 용기 있는 대통령이자 지도자이며, 그를 지켜주는 사람들이 가장 용기 있는 사람들로 세상에 알려질 것입니다. 추운 날씨에도 함께 강건해지며 하나님께서 지켜주실 것을 믿고 기도합니다.|||정말 멋진 청년이네요. 피를 끓는 청년들이여, 일어나서 살아갈 나라를 지켜라.|||감사합니다 대한민국 만세!|||추운 날씨로 인해 힘든 시간을 보내고 있습니다. 조금만 더 참으시고 열심히 해주세요.|||나는 당신을 지원합니다. 나는 당신을 지원합니다.|||젊은이!! 미래를 생각해보자..깨어나 일어나!!!|||청년 여러분 감사합니다|||여러분의 노고에 감사드립니다. 열정적으로 응원합니다. 당신은 애국적인 청년입니다.|||감사합니다, 우리 대통령님. 법을 보호합시다.|||저는 애국청년입니다. 감사합니다. 나는 애국자입니다. 감사합니다.|||젊은이들, 선배님들, 추운 날씨에 감사드립니다. 나는 항상 당신을 지원합니다.|||내일 8일 수요일과 모레 9일 목요일이 중요한 시기인 것 같습니다. 다들 체력 비축하시고, 이번 주말에는 20, 30대 분들도 최대한 많이 나와주세요. 연차휴가의 절반을 사용하더라도 동료, 가족과 함께 오세요. 여러분의 안전을 위해 각종 보호장비를 착용하시고, 강인한 정신으로 준비하세요!! 저희도 내일 집에 갑니다 하하.|||존경하는 애국시민 여러분, 노고에 감사드립니다. 나는 당신을 지원합니다. 힘내세요. 자유로운 대한민국 만세!|||청년들이여, 일어나서 더욱 일어나라!!!|||당신은 너무 예뻐요. 앞으로는 좋은 일들만 일어나길 바랍니다. 그리고 윤 총장을 끝까지 응원하고 지지합시다. 앞으로도 좋은 일들만 있지 않을까요?",1
kwnm16JR0oU,생방송 김재섭·한지아·채상병 특검 찬성 2024.07.26,"한동훈을 조사해보자!!|||쫓겨나야함|||해당 행위로 인해 당 노선을 따르지 않은 사람들은 당을 탈퇴했습니다.|||둘 다 쫓아내야 해!|||알아봅시다!!|||김명수, 3년 5개월 만에 전화! 똑똑해지세요!|||이것이 국민의당 의원들의 수준이다. 나는 바보들의 행진을 보았다.|||이원석 특검에게도 가보자.|||가발 하나가 답이다!!|||한동훈 특별검사|||이 더운 날씨를 피하세요. 그것은 나를 미치게 만든다. 너무 덥습니다. 나는 $ 1,000를 태우고 있습니다. CEO님, 더운 날씨에 항상 건강하세요.|||왜 국민 세금을 특검에 쓰려고 하는가? 당신이 사람들을 두려워한다는 것을 모르십니까?|||김재섭과 한지아? 어머나|||국민의 입장에서 한동훈에 대한 특별수사를 조속히 진행하자.|||한지아, 피는 피할 수 없어.|||좌동훈은 사퇴해야 한다.|||국민의힘에 반역자 2명이 추가로 탄생한 것을 축하합니다.|||한동훈 대신. 나는 특검의 의견에 동의했다.|||국회의원실에 전화해보자. 딸 하나도 김민전 의원실에 전화를 하고 있다고 들었습니다.|||한동훈과 이원석은 한 몸이다. 대중의 관점에서 보면 그렇다.|||5분 전이 아니라 5분 전입니다.|||이원석을 추천한 한동훈 법무장관이 바로 한조다.|||무슨 이유에서인지 이 대표는 폐지된 법안에 대해 입장 변화가 없다고 계속 주장하고 있다. 정당의 의견은 필요 없고 자기 정치만 추구한다는 뜻일 것이다.|||한동훈, 제대로 해.|||복수투표 부정선거 의혹이 커지는 가운데 당 대표는 통합당에서 제명되어야 한다.",1
eqdES2H9jRY,"어머나! 나경원, 윤석열과의 2분통화! 99.99 이런 말을 했어야 했나?",그래서 나경원이 선두에 선 이유가 있었다. 꿈이 정말 너무 야심적이네요.|||단순한 국보가 아니라 완전한 독재의 국보입니다. 침을 흘릴만한 가치가 있었겠죠? 정말 신난다.,0
faU2UC6XoYM,나경원은 나이가 들수록 추악해지고 죄악이 많아진다.,"나경원 입시비리. 여기서부터 조사해보자.|||미친. 판사가 내린 모든 잘못된 결정을 조사하고 공개하십시오.|||나경원 아이를 조사해 보세요.|||봤는데 너무 나갔네요!|||그래, 입시비리, 전과비리 등 모든 비리를 공개하자.|||나경원님, 유가 5천만원 돌려주세요 그레이스님.|||내 아이를 강탈하는 것부터 시작해야 할 것 같습니다.|||조진웅이 민주당 지지하는 모습을 보고 의도적으로 범죄자 누명을 쓰고 있는 것은 안타깝다. 다 말해도 나경원은 가세요.|||나경원 너 자신을 알라|||벌금을 물고 나면 어떻게 하시겠습니까? 우리 아이들의 입시 비리, 취업 비리, 각종 비리를 폭로합시다.|||나경원 정말 맛있어요!|||나경원씨 가스비 5000만원, 왜 수사 안 하는 걸까?|||남편이 법원장이기 때문에 벌금형을 받은 사람도 특권을 누리는 사람인가? 당신이 나를 보지 않았으면 좋겠어요.|||나는 지금 월급을 받고 있는데 직무유기죄를 범하고 있습니다. 바쁘지만 과거 이야기를 하는 것은 소년원 소년들에게 큰 상처이자 기회 상실이다.|||당신 말이 맞아요|||대중에게 공개되기 전에 악행을 저지른 청소년은 엄중하게 처벌받아야 한다.|||아무 말도 하는 것은 나루의 몫이 아닙니다. 그는 감옥에 가야 해요.|||이 시간에 모든 것을 하십시오.|||전직 판사.. 판사..|||자식 입시 비리를 조사해서 얘기해보는게 어때요... 윽... 5선운동의 위엄|||그녀가 미친 여자임이 분명해 보인다!!!|||대사가 5개인데... 씁쓸한 얘기만 하더군요.|||국내 사립학교 법인 관련 정보도 모두 공개하자..|||경원 씨, 유류비를 명확하게 알려주세요.|||나씨의 아이들도 조사해보자.",0
OOgt6cfz6Mc,"윤한홍, 장동혁 앞에서 계엄령 사과해야","사과할 필요는 없습니다. 관련된 모든 사람은 엄중히 처벌받아야 합니다.|||부패에 연루된 공직자 3대가 공직을 맡는 것을 방지하는 법이 만들어져야 부패가 사라질 것이다. 그래야 세상이 대동이 되는 것이다.|||안돼... 안돼... 그러지마... 너희들은 이번에는 마약을 파는 줄 알아라, 너희 반역자들아.|||늦었어!|||국민의힘 선거가 다가오고 있기 때문이죠. 엉덩이가 타는 것 같아",0
rovs977BKPE,"여러분, 더 이상 속지 마세요!","맞아요, 맞아요, 바로 요점입니다!|||사람들은 바보가 아니다|||그 사람들은 양심이 없어요|||그렇게 큰 소리로 절을 하면 남북전쟁에 큰 이익이 될 것입니다.|||선거철에만 변신하는 내전용 로봇.|||12·3쿠데타 반역자들에게 하루빨리 사형을 선고하라.|||좋아요. 밥그릇을 빼앗길 것 같으니 입장을 바꿔보세요! 국력당! 속지 말자.|||맞습니다. 좋은 것은 좋지 않습니다. 그렇다고 그렇지 않다는 뜻은 아닙니다. 그들은 동정받을 만한 사람들이 아니다.|||그렇죠, 저는 반란을 믿지 않습니다.|||반세기를 살아보니 정부의 행동에 동감합니다.|||이것이 반란 정당들의 수법이다. 우리 국민은 속지 말고 이번 선거를 통해 심판받아 의석을 0으로 줄여야 한다.",0
qeZrdVH_8U4,"최재영 목사, 3년째 집에 못 간다…특검 증인 조사 출석!",초보자 여러분을 응원합니다. 화이팅.|||최재영 목사님 같은 분이 진짜 목사님이십니다.|||최재영목사님 힘내세요.|||힘내시고 행운을 빕니다|||저는 정치에는 관심이 없습니다. 한심한 일이군요. 정치가 바뀔 때마다 사람들은 똑같은 일을 합니다. 사람들은 고난으로 인해 죽을 것입니다. 정치인들은 도토리를 키우며 서있을 뿐입니다.,0
sXmTZ85oBbU,"트럼프가 부정선거 게시글을 올렸다! 법무부, 후속조치 개시!","즉시 재판 재개|||부정선거 청산|||사전선거를 폐지하지 않는 선거는 부정선거 그 자체입니다.|||반공, 반국가세력 청산, 부정선거 근절|||부정선거를 진압하는 유일한 방법은 파괴입니다!|||정말 답답해요. 나라가 더 이상 망하기 전에 밝혀내고 무너뜨려야 한다.|||이것은 좋은 소식입니다. 부정선거가 해결되지 않으면... 대한민국의 미래는 없습니다.|||사전선거를 폐지하고 투명한 부재자 투표제도를 만들어야 합니다.|||점점 그 규모가 커지고 있는데 도둑들이 원하는 대로 꾸며내고 있습니다.|||이번에는 뿌리 뽑아야 합니다.|||도람푸의 시간초과 만세|||부정선거를 은폐하고 여론을 날뛰기 위한 내전 탄핵 운동에 주목하자! 파워 디펜스를 위해!|||파괴|||정신을 차리고 모든 반역자들을 감옥에 보내자. 피와 땀으로 건설한 대한민국을 지켜냅시다.|||FBI뿐만 아니라 미국 내 모든 정보기관과 미 사이버사령부를 동원해 한국 A WEB의 부정선거 개입과 온갖 비리를 철저히 수사해야 한다! !!|||우리는 중국공산당의 부정선거 국제카르텔을 제거해야 합니다. 중국 공산당, 이재명, 민주당의 선거부정 쿠데타를 진압한다.|||1시가 급해요! 나라가 더 망하기 전에 그들을 쓰러뜨려야 한다!|||부정선거 수사에 적극적으로 참여해 명확히 밝혀주세요!|||사전투표제를 없애지 않으면 나라가 공산주의로 전락한다! 국민의 저항권을 활성화하여 나라를 구해야 합니다.|||부정적인 말을 하는 사람은 퇴출시켜야 합니다.|||부정선거로 정권을 찬탈한 반국가세력이 공산독재를 앞세워 아우토반을 질주하고 있다. 나라가 망하는 것은 시간문제일 뿐입니다.|||관건은 부정선거|||제발, 부정선거가 근절될 수 있을까요?|||시작이야|||부정선거로 권력을 찬탈한 자들은 신분에 상관없이 사형과 무기징역을 선고받아야 한다.",1
6lbg575tZ80,그렇습니다. 젤렌스키를 암살하려는 시도였습니다! 천상의 비 신조로 살아남으세요!,"중앙선거관리위원회를 무너뜨리고 사법부가 살아남으면 나라는 살아남는다.|||우리는 반공주의를 국가적 우선순위로 삼고 미국을 포함한 자유주의 동맹국과의 관계를 더욱 강화할 것입니다. 1인당 국민소득 70달러에서 3만 달러로 한강의 기적을 이룬 민족적 영웅이자 세계의 지도자 박정희 대통령님이 그리워요.|||북한, 중국, 러시아, 이란 등 국가와의 평화협상은 불가능하며 무력으로만 진압해야 한다.|||당신은 미친 짓을 많이 합니다. 힘내세요, 일본. 괜찮아, 타카이시. 당신은 최고입니다.|||자유로운 대한민국 만세, 윤 총장님, 48만 애국국민, 윤 총장님, 신 대표님 만세.|||신인균 의원님, 낮과 밤의 기온차가 심한 초겨울 날씨에 늘 건강 조심하시기 바랍니다. 신인균 대표님 말씀은 다 맞습니다. 공산주의 사회주의 전체주의 독재에 작동하는 유일한 언어는 힘이다. 힘으로 압력을가하십시오. 조이 제독의 말대로 종북좌파 전체주의 공산주의자들에 대해서는 무력으로 압박해야 한다. 신인균 대표님 항상 응원하고, 끝까지 무한 응원하겠습니다. 사랑해요, CEO님.|||푸틴은 무너져야 하고, 중국과 북한은 휘청거리고 있다|||나는 강력히 지지하고 동의한다. 힘내세요, 화이팅! 러시아 푸틴 정권의 붕괴를 기원합니다|||중국민주당과 중앙선거관리위원회를 전복하라|||멸망이 오는 그 날까지 멸망|||나는 다카이치 총리를 지지합니다.|||러시아 푸틴은 미쳤다|||푸틴 대통령은 적어도 암살 시도를 시도해야 한다. 개인 비행기를 타고 이륙하는 순간 드론이 추락합니다.|||다카이치 총리. 그리고 일본분들 힘내세요.....|||주변국의 긴장이 고조되고 있는데 합동군사작전을 더욱 강화해야 할 상황에서 우리는 왜 반대방향으로 가고 있는가?|||푸틴 대통령은 막 다른 골목에 있습니다. 그는 어려움을 겪고 있습니다!|||파괴! 신 의원님, 애국방송 감사드리며 응원합니다.|||푸틴의 오랜 독재. 공간을 차지하고 있어요|||신인균 대표님, 끝까지 응원하겠습니다.|||애국채널 오늘도 수고 많으셨습니다!|||대표님 환절기 건강 잘 챙기시기 바랍니다. 감사합니다.|||우크라이나 대통령님, 항상 건강에 유의하시길 바랍니다.|||드론 요격기를 순찰해야 합니다.|||국정농단 김현지를 즉각 체포하여 조사하라!!!|||여러분의 노고에 감사드립니다.",1
ECyCpkeP9ig,"김어준의 다스보이다 82회 KBS, 최후통첩, 실례합니다","조국 식구들을 지켜주셔서 너무 감사드립니다. 조국가문은 국민이 지켜드리겠습니다. 항상 행복하세요. 특히 정경심 교수님 건강 조심하세요. 사랑해요.|||전우용 교수님의 말씀에 소름이 돋습니다. 훗날 역사상 어떤 평가를 받든 지금 이 순간 우리 민족이 대단한 민족임은 분명하고 자랑스럽습니다!!! 문재인, 조국, 김어준, 유시민, 이들은 우리나라의 보물이다. 사랑해요.|||모든 유출에는 주광덕이 관여했다. 판결 유출 사건, 김명수 대법원장 후보 회의녹화, 조국 사건… 이 모든 것에도 불구하고 주광덕과는 아무런 연관이 없다?|||뉴스팩토리, 알릴레오, 저널리즘토크쇼JKTV, 대한민국 정부, 청와대, 보이스오브서울, 시사, 팩트TV 등 진실을 전파하는 모든 방송국을 응원합니다. 구독과 좋아요로 응원합시다.|||김어준 외 분들은 진정한 선구자이자 개척자이십니다. 시청자, 시청자, 유튜브를 통해 참여하는 모든 이들이 미래를 열어가는 사람들이라고 믿습니다. 그 공간에 함께 있다는 게 행복보다 성취감이 더 큰 것 같아요. 이 기분을 서초동에서 불태워보겠습니다.|||국민이 나라를 선택했다… 정당 소속 국회의원들이 시민을 선택할 것인지, 언론을 선택할 것인지를 결정해야 할 것이다…|||우리 모두는 역사교과서에 실릴 시대를 겪고 있습니다! 어려울 수도 있지만 가만히 앉아 있지는 않겠습니다! 우리는 역사를 만들기 위해 무엇이든 할 것입니다! 서초동에서 만나요!!! 깨어나라 시민!!! 잘 버텨주신 조국장관님과 가족분들께 죄송하고 감사드립니다!!!|||이 시대의 영웅은 김어준이다. 같은 시대에 살고 있다는 것이 감사하다.|||절대 함정에 빠지지 마세요 계략에 빠지지 마세요 10가지 진실과 큰 거짓말 하나로 끝까지 가둘 수 있으니 끝까지 이대로만 해주세요 ㅠㅠ 건강하시고 감사합니다. 진짜 김어준 나 만지면 죽는다!!!!!!|||조국 장관은 그야말로 강철의 사나이다. 검찰과 언론이 물릴수록 강철은 더 강해진다. 김어준 회장님!! 너무 해키 해요. 그래서 나는 당신을 존경하고 존경하며 당신을 믿고 지금까지 당신과 함께 있습니다. 김어준 회장님!! 우리 자랑스럽고 사랑스러운 털복숭이 동생!! 그리고 귀여운 주진우! 존경합니다!!|||이것이 노무현 대통령의 위대한 유산이다. 우리 다시는 울지 말자!|||좋아요 버튼을 누르고 시작해보세요!|||김어준 한국의료재단 이사장, 유시민 노무현재단 이사장, 주진우 기자, 전우용 교수, 박주민 국회의원, 김종민 국회의원...|||저도 노무현 대통령 논란 기사에 속았습니다. 나는 나 자신을 싫어했다. 이제 그런 실수를 두 번은 하지 맙시다.|||김어준과 류시민이 빙의됐다! 얼마나 다행이고 감사한 일인가.|||김경록... 조국 부부는 자신의 PB임에도 불구하고 권력을 남용한 적이 없다고 생각한다. 항상 겸손하게 고맙다고 하더군요.. 늘 그렇게 말하니까 너무 아름답고 솔직한 상을 받았네요.. 정말 그냥 이야기였어요.|||지치지 말자! 포기하지 말자! 겁먹지 말자! 차세대 노무현, 노회찬을 만들지 말자!! 당신들은 훌륭한 대한민국 국민입니다!!!|||모두가 현재에 사로잡혀 있을 때, 역사가를 초대하여 이 시점을 거시적인 관점에서 바라볼 수 있게 해주는 김어준의 탁월한 시각. 시대를 앞서가는 최고의 저널리스트!|||권력을 가진 사람이 그 권력을 남용하면 어떤 일이 벌어지는지 지금의 검찰이 아주 잘 보여주고 있다. 누르다. 정치적 공모|||민주당은 말도 안되는 소리를 하는 자들을 폭로해야 한다. 지지자들에게 무시당하고 싶은 사람은 시끄러워야 한다.|||오늘도 화이팅하자! 언론 검찰 정치 다 망했어.. 서초동으로 가!!|||대단하다.... 저들은 뭘 위해 이러는 걸까요?? If the government changes, they will avoid me... I'm a man... I can't do that... I really respect you.|||검사와 판사, 언론이 사람을 감옥에 보내는 이야기는 참으로 소름끼친다. 다시 한번 김어준 회장님, 유시민 회장님, 주진우 기자님께 감사드립니다. 이 세 분 덕분에 우리는 문재인 대통령과 조국 장관을 지킬 수 있었습니다.|||검찰개혁만이 대한민국이 살 길이다.|||저널리즘의 기본은 사실을 전달하는 것이지만, 요즘은 언론사라기보다는 소설을 쓰는 출판사에 더 가깝습니다. 언론을 개혁하자. 파이팅 딴지방송!",0
LqyfEpxkkFU,"김어준의 다스뵈다 2024 총선 300대 4억 여론조사, 윤석열을 심판하러 오셨다, 배신자는 반드시 승리해야 한다","구독자 1만명 가즈아복기복기왕TV https www.youtube.com vsboktv 낚시도구TV https www.youtube.com TV wq9bi 이재관TV https www.youtube.com 2재관 한영태TV https youtube.com 이용자 ws3ry9qk8w 더불어민주당 이윤희님과 함께 https youtube.com 이용자 jz3co4iz9w 정석원TV https youtube.com 수원J 황태성 김천시 국회의원후보 https youtube.com naya25662 김철호 TV https youtube.com gumichk 포항 김상헌 TV https youtube.com user yc2uy4ib9u 춘천 허영TV https www.youtube.com 허영 원창묵 https www.youtube.com user sv8fb4jc4h 김도균TV https www.youtube.com 3Star tv 김정남TV https www.youtube.com 정남 박경미TV https www.youtube.com TV wq7jj 변광용TV https www.youtube.com bkyongtv 채현일TV https www.youtube.com TV yr2qq 황정아TV https www.youtube.com 황정아2024 류삼영TV https www.youtube.com 동작630|||우리의 험난한 지역에서 출마한 경북도의원과 독립운동가 여러분의 행운을 빕니다. 나는 끝까지 당신과 함께 할 것입니다. 경주에 사는 당원으로서 한형태 대표는 22년의 길에서 반드시 승리할 것이다. 위원장님, 최선을 다합시다.|||경북공직에 출마하는 분들을 응원합니다. 당신같은 분이 있기에 민주당이 더 빛납니다. 단지 자신을 지명하지 않겠다고 당을 그만두고 적에게로 가는 사람들보다 당신이 낫습니다. 지역을 위해 거듭 도전하시는 모습을 존경하고 존경합니다. 김어준씨는 논리적이지만 지방선거에서는 감정에 호소하는 등 비논리적인 것조차 판도를 바꿀 수 있다. 언제나처럼 지역 현실에 맞게 훌륭한 선거가 이루어지길 바랍니다. 당신같은 사람들이 있기에 한국이 발전할 것입니다.|||황정아 대표님! 이번 총선도 꼭 승리해서 그렇게 부를 수 있게 해주세요! 저는 대덕특구에서 20년째 살고 있습니다. 더 이상 이 지역이 소외된 지역이 되지 않도록 해주세요.|||내가 리더가 아니었다면 어려운 시기를 겪고 있는 후보자들을 어떻게 알 수 있겠는가... 후보자들은 지치지 않고 결국 승리할 것이라고 믿는다. 후보자들의 간절한 구호에 눈물이 납니다.|||경북지역 후보자들의 방송을 보고 정말 감동받았습니다. 괴거 투표 결과에 대해 경북 지역을 폄하하는 말을 한 제 자신이 너무 부끄럽습니다. 진심으로 노력하고 응원해주시는 분들이 계시다는 걸 기억하겠습니다.|||나 역시 특별한 블루맨이기 때문에 경북 공직에 출마하는 이들의 노고를 더 잘 이해한다. 진심으로 호소하면 효과가 있을 것 같아요. 기운을 내다!|||총선은 한국과 일본의 대결이다. 을민주당과 범야권이 뭉쳐 압승하자. 우리 모두 끝까지 파이팅 합시다.|||경북독립운동가들...진짜 민주당 후보들 힘내세요. 당신은 정말 멋지다! 이사를 가더라도 도와주고 싶어요. 감사합니다|||이재명 의원의 고향인 경북은 정말 슬픈 지역이다. 13개 지역구 중 4개 지역구에는 아직 민주당 후보가 없습니다. 4석은 싸우지도 못한 채 국력에 기부된다. 민주당이라는 이름으로 공직에 출마한 것 자체가 대단한 결정이다.|||경북후보님 존경합니다. 당신들은 진정한 민주투사들이십니다. 그렇게 하면 언젠가 경북도 바뀔 것이다.|||저는 민주당의 어려운 지형 속에서도 민주당의 기치 아래 출마한 경북민주당 후보 여러분의 당선을 기대하고 열성적으로 지지합니다.|||연기 연기된 여론조사 꽃 오늘 구독했어요. 대한민국을 위해 애쓰시는 김어준 대통령님께 조금이나마 도움이 되고 싶었습니다. 힘내세요, 대통령님.|||윤석열이 하는 짓을 보면 깡패들이 별 짓 다 하고 있을 땐 어떻게 할 건가요? 눈을 굴리는 것과 똑같습니다.|||어려운 지형 속에서도 애쓰고 계신 경북, 강원도 후보님들께 눈물로 감사드립니다. 이런 피해를 입은 사람들이 더 나은 대우를 받았으면 좋겠습니다.|||진보진영에서 200석이 넘는 의석을 확보해 뻔뻔한 거니의 나라에서 탈출하고 싶다.|||더불어민주당 경북의원 후보님들을 존경하고 감사하며 감사드립니다. 일제강점기 독립운동가들 같네요. 이것이 대한민국의 올바른 희망입니다!!! 감동받았고 사랑해요!!|||안녕하세요. 다스가족 여러분, 내일은 제80회 서울촛불행진입니다. 본행사가 끝난 뒤 오후 4시 삼각지역 13번출구에서 퍼레이드가 펼쳐진다. 윤석열 사퇴와 김건희 특검을 위한 촛불집회에 우리 모두 동참합니다.|||나는 리더가 자랑스럽다. 나는 70세의 김 대통령을 존경한다. 김어준 의원은 민주당의 보물이다.|||와 경북이 당선되면 대박 터지겠다... 나라가 갈라지겠다. 역사상 이렇게 심각한 정부는 없었다. 법을 다루는 공직자들은 이름에 한계가 있어도 중립을 취하기 어려운 조직이다. 그러나 그가 그런 편견을 가지고 대통령직에 올랐다는 것은 법과 질서의 파괴를 의미한다.|||경상도민 여러분의 행운을 빕니다. 나는 당신을 전적으로 지지합니다. 경상도여, 일어나라!|||저는 황정아 박사님을 진심으로 지지합니다. 우리 가족은 3대가 유성에 살고 있어요. 우리 가족 모두 황정아 원장님을 지지하고 기대가 큽니다. 화이팅.|||김어준 님이 하신 모든 일 중에서, 화분을 만든 것이 최고의 성과입니다.|||강남구민 여러분, 박경미 후보를 잊지 마세요. 국짐과 윤석열이 여러분의 기득권을 지켜줄 것이라 믿고 선출한 지금, 기분이 좋아지셨나요?|||경북의 독립투사후보 여러분!!! 너무 멋지고 믿을 수 없을 만큼 감동적이에요!!!! 우리의 승리를 위하여!!!! 우리는 당신을 전적으로 지지하고 응원합니다!!! 10,000명! 100,000명!!! 갑시다!!!!",0
ai0X3BqenpI,김어준의 다스뵈다 2024 총선 297화 야 한동훈 미안 충청 3인조 충격 클린스만 제명,"지금도 나라를 정상으로 되돌리려면 정부와 정부를 타도해야 한다. 선거 잘 합시다.|||나라도 엉망이고, 축구협회도 엉망이고, 감독도 엉망인 요즘, 뭐 평범한 것도 아닌데 투표라도 하자!|||정봉주 의원님, 4월 국회에 입성하시길 바랍니다.|||정봉주는 반드시 국회에 들어가야 한다.|||김어준 회장님, 건강하시고 힘내세요. 나는 당신을 지원합니다. 당신은 최고입니다. 나는 당신의 싸움을 좋아합니다. 끝까지 응원합니다.|||총선에서 승리하여 윤석열이 사라지는 그날까지 모두 힘내자 화이팅민주당!!|||어른들의 잘못입니다. 우리를 행복하게 해준 선수들을 사랑해주세요.|||최배근 교수님 감사합니다. 또 만나요, 김어준님. 나는 항상 당신을 지원합니다. 총선에서 민주당의 압승을 위해 투쟁하고 있습니다.|||노회찬은 이제 없는거 아닌가요?? 고양갑 심상정을 주면 나라 권력이 차지하게 된다. 전적으로!!!! 아니요|||김어준은 실패할 수 없어,..! 구독하겠습니다|||이 무능하고 무자비한 정권을 심판합시다. 총선에서 더불어민주당의 압승을 우리 모두 끝까지 응원합시다.|||충청도에서 인재 채용을 잘 했네요.. 세 가지 모두 확신합니다. 이거 보고 너무 기뻐... 화이팅하자!!|||민주당의 비례표가 분산되지 않기를 바랍니다. 더불어민주당의 압도적인 승리를 기원합니다.|||충청팀! 화이팅! .특히 17번 김제선은 꼭! 해당 지역의 시장이 되다|||김어준 회장님, 감사합니다.|||무능한 리더가 어떻게 끔찍한 상황을 만들어내는지 판단해보자. 룬, 몽규 OUT|||최배근 교수 같은 애국자가 또 있을까? 정말 학자입니다!!|||저는 신조국당을 지지합니다. 화이팅. 지역은 민주당입니다. 비례는 신조국당이다.|||우리의 소중한 희망의 동지, 소중한 지도자님, 훌륭한 방송인을 통해 올바른 말씀을 하시고 큰 치유의 힘을 받으시옵소서. 건강하시고 오래오래 함께 해주세요. 항상 감사합니다. 저희는 항상 여러분과 함께하며 끝까지 지지하고 응원하겠습니다.|||김어준, 총선 압승으로 더불어민주당 출마!!|||우리가 채용한 인재들은 정말 훌륭한 사람들입니다. 의욕이 넘치고, 생각이 밝고, 말을 잘하는 사람들... 그래서 그들이 민주당이다. 국민을 웃게 만드는 정치를 추구하고, 지도자와 국민이 서로 신뢰하는 사회를 만드는 투쟁하는 더불어민주당.|||애초에 김건희가 독일에 갈 이유가 있었다. 윤석열은 독일에 갈 일이 없어 김건희가 갈 수 없어 가지 않기로 결정한 것으로 추정된다.|||나는 조국을 지지한다. 나는 조국에 대한 동정심 때문에 이것을 지지하는 것이 아닙니다. 한국의 건전한 성장과 국민경제의 성장을 위해서는 언론개혁과 검찰개혁이 꼭 필요합니다. 나는 조국이 검찰 개혁 의지가 강하고 일을 잘할 수 있는 사람이라고 믿기 때문에 조국을 지지한다. 조국의 용기에 박수를 보냅니다.|||요즘은 아무 것도 제대로 되지 않으면 살고 싶은 마음이 없습니다.|||윤석렬. 건희 없이. 밥도 못 먹겠다",0
wFxeUBmy4yk,"김어준의 다스뵈다 317회 행운의 한동훈, 쓰리쿼터 체크무늬, 트럼프가 온다","우원식 어떡해! 시간을 벌어주는 국민의힘의 행동을 어떻게 설득할 수 있을까?|||우원식 위원장...당원들이 왜 추미애를 원했는지 생각해보세요...나라와 국민을 생각한다면 어떤 안건이라도 미루면 안 됩니다...협조와 공모는 절대 금지!!!!!!! 못쓰게 만들다|||탄핵이 빨리 진행될수록 나라가 더욱 정상화될 것이라고 생각합니다.|||당신의 우선순위를 알아라! 언론을 바꾸지 않고서는 개혁하기 어렵다.|||오늘 법사위 청문회와 국민당 대표토론회를 보면서 상식과 진실이 오랫동안 방치되어 있다는 생각을 금할 수 없었고, 살아남기만을 원하는 사람들에게 우리의 세금을 언제까지 내야 하는지 참 답답합니다.|||항상 우리를 깨어 있게 해주셔서 감사합니다!|||세계 각국의 국회 정청래 의장은 입법위와 사회의 리더십을 배워야 한다. 나는 모범적인 대한민국이 자랑스럽다. 감사합니다. 사랑해요.|||카운티 골프장은 3일차 야간 경기를 운영하지 않습니다.|||그러지 못하는 것보다는 상임특검을 두는 것이 낫습니다.|||우리나라와 국민이 이 역경을 잘 이겨낼 수 있기를 진심으로 바랍니다.|||안녕하세요 김어준 대표님 건강하시고 씩씩하게 지내세요. 나는 당신을 지원합니다. 즐거운 주말 보내세요. 월요일에 뵙겠습니다. 나는 끝을 기대한다.|||진보주의자는 시민으로 살고, 보수주의자는 시민으로 산다. 이 나라의 주인은 국민이고, 국민은 주님께 복종하며 살아가는 종들입니다.|||국내정치, 대외정치는 정말 최악이다. 탄핵이 답이다 국민 모두가 힘을 모아야 합니다.|||한동훈이 사과까지 한 것은 청탁행위가 있었다는 명백한 증거입니다!!|||양주가 대통령기록이니까 술꾼도 대통령기록!|||국민들이 모지리에게 투표한 게 아닌가 싶습니다. 미분류표 200만개를 빼앗아 마음대로 나눠준 범인!! 더 이상 주권이 훼손되어서는 안 됩니다!! 투표함 이동을 방지하는 법을 제정해야 합니다!!|||정부는 모든 이상 현상을 당연하게 여기지만... 끈질기게 나라를 지지하는 풀뿌리들...|||한준호 의원님, 미래의 대통령이 되기 위한 길을 계속해서 성공하시길 기원합니다.|||민주당 의원님들 대단하십니다. 이재명 의원님과 함께 나라와 국민을 위해 많은 일을 하리라 믿습니다. 나는 당신을 지원합니다.|||윤석렬이 정치 입문하자마자 대통령이 됐으니 나라가 이 모양이군요.|||김어준 회장님, 항상 건강에 유의하시기 바랍니다. 끝까지 응원하겠습니다.|||김병주 의원의 꿈 이야기는 우리 당원들이 꾼 꿈과 같아서 훈훈하다. 남들과 조금 다른 말투와 촌스러움에도 불구하고, 자신만의 진심이 전달되는 것 같아 감동적입니다. 어렸을 때 서민의 삶을 살아왔고, 그 현실을 이겨내기 위해 애쓰고, 피를 흘리고, 달리고, 열심히 일한 당신은 정말... 시대의 풍랑과 파도를 몸으로 짊어지며 당원들을 지켜주는 믿음직한 고목이 되십시오. 나는 매일 꿈을 꾼다. 당신의 믿음이 대통령이 되는 꿈을 꿉니다... 내 꿈이 현실이 되는 그날까지, 우리 잡은 손을 놓지 말자... 꿈이 현실이 되는 그 순간까지... 나를 따라오세요, 살아있는 자들.|||세 번째 부분은 ㅡLimeㅡOptimos의 Lost Money 최종 미로 게임의 문인 것 같습니다.|||한준호 의원님, 의정활동을 잘하고 계십니다. 나는 최고위원회 의원 Gazua를 지지합니다. 브라보.|||이재명 이재명 이재명 이재명",0
82r1izASPms,"김어준의 다스뵈다 322회 원조오빠 남진, 터프맨 동훈, 원정대의 데이빗","이대로 가면 독도를 빼앗길 것이다. 정말 탄핵되어야 합니다.|||매우 감사합니다.|||민주당 내 집단지성이 강한 것 같다. 당원들과 지지자들이 만들어낸 이 결과는 혁신과 진보의 가치를 이루고 있는 것으로 보인다. 젊은 정치인 선발을 잘 해주시기 바랍니다. 장경태 의원 같은 사람이면 좋겠지만, 그렇지 않고 영혼 없고 정신 없이 기회주의적, 평판 구축적, 구직 사상을 가지고 정치에 뛰어드는 정치인은 제외되어야 한다. 젊은 여성, 무조건 여성이 머리를 채우는 것처럼 기용하는 일은 절대 삼가해야 한다.|||남진 선생님이 최고예요. 우울한 요즘 분위기가 확 바뀌셨으니 건강하시고 오래오래 함께해주세요!!!|||이재성 회장은 볼 때마다 참으로 놀랍다. 겸손하면서도 비범하고, 부드러우면서도 강하고, 이상적이면서도 꼼꼼하고, 과학적인 사람이지만 매우 인간적이다. 그는 타고난 정치인이자 지도자이다. 그를 보면 볼수록 더욱 놀랍고 설렘이 느껴집니다. 부산이 부럽다.|||민주당이 옳은 일을 하도록 합시다. 탄핵이 답이다 품위있게 반박할 필요는 없습니다. 명사와 사실을 사용하여 간단히 대답해 보겠습니다. 오래 말하면 이해도 안 되고 입만 아프게 되니 이번에는 민주당이 잘하게 해주세요. 화이팅!|||김병주 의원님, 최고의 국회의원으로서 최선을 다해주시기 바랍니다. 나는 당신을 지원합니다!!!!|||데이비드 김이 당선되길 바랍니다. 방탄 조끼. 가수 남진도 멋있다.|||사령관님, 노고에 감사드립니다. 감사합니다|||이종호를 잊어서는 안 된다. 이종호 파헤치면 잡혀요.|||국회의원 전국소환제도 만들자|||김승원 더불어민주당 간사님, 안녕하십니까.|||남진이는 콧수염이 최고야!!!!!|||나는 김병주 의원을 지지한다.|||정말 민주당 만세, 지역당 대표님, 천만 민주당 의원과 500만 권리당원을 위해 총력전을 벌입니다.|||올바른 봉사를 위해 어려운 길도 기꺼이 감수하는 데이비드... 저도 나이가 많지만 존경하며, 이사회에 큰 공헌을 하는 사람이 되기를 기도합니다...|||더불어민주당 홈페이지가 엉망이라는 이재성 부산위원장의 발언에 진심으로 공감합니다... 홈페이지부터 먼저 바꿔주시길 응원합니다!!|||탄핵은 죽어가는 대한민국을 살리는 답이다.|||남진선생님 너무 웃겨요|||데이비드 김 변호사를 지지합니다! 꼭 승리하세요!!!|||김병주 의원님, 강선우 의원님 두 분 모두 너무 멋있고 보기 좋네요 항상 응원합니다.|||일제강점기 진정한 독립운동가이신 용산총독 김 장군님이 최고입니다. 구독과 좋아요는 사랑입니다.|||박근혜와 윤석열이 당선된 한국에서도 방심할 수는 없다.|||남진오빠 멋지다|||데이비드가 당선됐으면 좋겠어",0
IfNJpR6YlQk,"김어준의 다스뵈다 311회 대통령 전화통화한 사람은 누구? 스파이를 체포해, 조니?","제7포병대대장님께 응원의 말씀을 드립니다. 그가 건강하게 지내기를 바랍니다. 국민들이 지켜보고 있습니다.|||7포대 대장님, 끝까지 버텨주세요. 이제 거의 확실해졌습니다! 좌절하지 말고 국민을 믿고 힘내세요!|||포7대대장 여러분, 진심으로 지지하고 응원합니다. 승리!|||제7포병대대장님, 힘내십시오. 시민으로서 진실이 세상에 밝혀지기를 기도합니다. 나는 당신을 응원합니다.|||포7대대장, 힘내세요. 사람들은 이것을 알고 있습니다. 국민은 당신을 지지합니다. 앞으로도 건강하게 원하는 삶을 살아갈 것을 권장합니다.|||포7대대장님을 응원합니다. 힘내세요 진실은 밝혀질 것입니다.|||힘내세요, 제7대대장. 왜 억울하게 죽으려고 합니까? 부디 전력을 다해 살아서 저 악한 사람들의 최후를 지켜보시기 바랍니다. 7대대장이 무슨 짓을 했는지 알고 있으니, 포기하지 마세요. 나는 당신을 지원합니다.|||제7포병대대장을 억울하게 여기지 마세요! 박정훈 대령이 불의를 당하지 않게 하라! 잘못한 것에 대해서는 합당한 처벌을 받으십시오!|||제7포병대대장, 당신은 진정한 군인입니다. 기운을 내다. 당신같은 사람들이 있기에 세상은 여전히 ​​살만한 가치가 있습니다.|||임성근 사단장, 더 이상 거짓말을 멈추고 국민과 채해병 유족, 그리고 대한민국의 모든 의병 앞에 즉각 무릎을 꿇고 중죄를 범하라!!!|||안녕하세요, 포병대대장. 이것도 지나갈 것이다. 진실은 곧 밝혀질 것입니다.|||해병대 7포병대대장, 당신의 잘못이 아닙니다. 나는 당신을 지원합니다. 용기 잃지 마시고 힘내세요.|||드디어 시작된 22대 국회에서 이재명을 중심으로 많은 변화가 일어나길 바랍니다.|||대대장님, 힘내시고 빠른 쾌유를 빕니다. 많은 분들이 응원하고 계십니다. 가족들도 힘드실 텐데요. 힘내세요.|||박정훈 대령님! 제7포병대대장! 그리고 진실과 정의를 위해 싸우는 모든 군인과 애국시민 여러분께 진심으로 감사의 말씀을 전하고 싶습니다!|||제7포병대대장 편을 보다가 눈물이 나서 댓글을 남깁니다. 불의에 결코 굴복하지 말고, 어려울지라도 인내하시기를 바랍니다. 70% 이상의 국민이 저와 같은 마음이라는 사실을 알아주셨으면 좋겠습니다... 진실이 밝혀지길 기도합니다. 나는 당신이 해병대의 영웅이고 존경받아 마땅한 분이라고 믿습니다. 이 시간이 지나면 반드시 명예를 회복하고 존경받는 군인으로 남을 것이라 믿습니다. 물론 그렇게 되어야 하고, 그렇게 될 것입니다. 기운을 내다! 작은 댓글이라도 멀리서 진심 어린 응원을 보내드립니다!|||힘내세요 포병사령관 박정훈 대령님 힘내세요. 진정한 군인들의 명예가 회복되길 바랍니다. 진실은 반드시 승리할 것입니다. 22대 국회의원 이재명 의원과 함께 강한 민주당을 지지합니다.|||민주당은 전우용 교수를 자주 모셔야 합니다!! 떨어지기 싫다면! 잘 이해하고 행동하세요!!|||제7포병대대장 여러분, 혼자가 아니라는 점을 기억해 주십시오. 힘들겠지만 힘내세요.. 많은 분들이 응원하고 있습니다.. 진실은 반드시 승리하고, 어둠은 승리하고, 빛은 승리할 것입니다..|||김규현 변호사의 용기있는 활동에 감사와 응원을 드립니다. 조국 대표님 말씀대로 끝까지 갑시다.|||해병대 제7포병대대장의 명예가 회복됩니다!!!! 기운을 내다.|||포 7대대 사령관님, 이 말씀이 보이시나요? 우리 가족들도... 혹시 보시면 조금만 더 버티라고 말씀드리고 싶습니다. 기분이 매우 안 좋아요. 건강을 유지하십시오.|||제7포병대대장 박정훈 대령님, 힘내시고 힘내십시오. 국민들이 응원하고 있습니다.|||김명신을 체포하라!!!|||금요일엔 '다시 만나'를 보고 싶은 밤. 김어준 회장님을 지지합니다.",0
uOkxLdy6mVk,"억류자 심문한 기자, 안전 경고 받았다 채널A 뉴스 TOP 10","국내 언론은 정말 믿을 수가 없네요.|||그건 경고가 아니라 위협이에요. 조사해 보세요.|||정말 답이 없습니다......|||외국 뉴스 기지로? 말도 안 되는 일이고 국제적인 수치입니다.|||욕설로 국민을 비난하는 대통령|||와 무섭다|||미국언론협회가 언론탄압을 규탄하는 강력한 성명을 발표하길 바랍니다.|||국제적인 치욕|||이것이 한국의 현실이다.|||외신기자들에게 신변안전 경고? 독재입니다.|||진짜 국가적 위상이 녹아내리고 있다.|||나라가 안가네요 ㅠㅠ|||진짜 미쳤어...나라가|||아, 이건 다들 아시죠? 이런 일은 처음입니다.|||한국 기자들이 제대로 된 말을 하지 못하는 이유다.|||외신기자들에 대한 압박 하하하. 진짜 나라 망신이네ㅋㅋㅋㅋㅋㅋ|||모르셔도 그렇게 대답하실 자격은 없습니다 하하하.|||독재를 싫어한 건 아니지만, 못하니까 싫어했다.|||이게 나라야?? 국민들은 북한인 납치를 두려워해야 하는가??? 그리고 표현의 자유는 어디에 있나요??|||공산당은 군사정권 시대를 그토록 저주하면서도 군사정권 시대를 꿈꾼다.|||탄핵이 답이네요 진짜.|||나라가 미쳐가는데....|||이제 외신기자까지 협박하는 것 같네요 ㅎㅎ. 그들은 모두 다릅니다.|||하하 진짜 존나 무섭다!!!!|||와... 한국인이 그런 질문을 했다면 바로 쫓겨났을 겁니다. 외신기자들에게도 살해협박을 하시나요?",0
0yANNx7IQJo,"장동혁·친윤 윤한홍 앞에 똥투성이인 개, 채널A 뉴스 TOP10","장동혁, 정말 정신 차리세요. 당신은 그것을 할 수 없습니다. 나라를 구하고 싶으면 내려와라.|||3번째줄이 맞으니까 뭐라고 할 수가 없네요...|||좋아, 이걸 끝내자. 이대로라면 선거는 해결될 것이다.|||김도봉 ​​씨는 뭐해요? 그 사람이 중급 선수인가요? 중산층이 할 일이 없습니다.|||동혁아, 태흠이가 너를 탓하고 내려놓는다.|||장동혁의 사퇴가 답이다.|||한동훈 시절에는 배신자라고 소리치며 떼로 쫓아냈는데... 아, 그리고 지금은... 지루하면 막차도 못 타요.|||수도인 부산 강서쪽은 아직 어떤지 모르겠어요.|||김도읍도 실망했다|||국민의힘 더불어민주당에서 메일을 받고 정신을 차렸습니다.|||윤한홍 대표님이 최고입니다!|||잘했어요. 장동혁 정신 차려야 한다. 심각해요.|||맞는 말이 통쾌하네요. 정신을 차리세요.|||찐윤정의 찐윤 윤한홍? 왜? 또 무슨 계획을 세우는 거야?|||한동훈과 절친한 친구들... 시대변화와 정통보수를 노려라!|||진짜 똥인지 된장인지 구분이 안가시나요? 국민들이 지켜보고 있다!! 나는 당신을 용서하지 않을 것입니다|||폴더장 사퇴.|||윤한홍 모두의 판단이 옳습니다. 누구나 자신만의 요리가 있습니다.|||김건희씨는 신표유튜브 이명수 기자에게 남편과 저 윤통이 좌파 지도자들이라고 말했습니다. 노무현 대통령이 세상을 떠났을 때 일주일 동안 울며 노무현 연설을 외웠다고도 했다. 문재인이 틀렸다면 윤석열도 틀렸다고도 했다. 그래서 윤통과 그의 아내가 좌파라고 말한 것 같아요. 그래서 윤한홍을 좌파라고 한 걸까.|||늦은 시간임에도 불구하고 발언해주신 윤한홍 의원님께 ​​감사드립니다.|||거기 앉아 계신 분들은 모두 물러나주세요. 최소한 다음 선거에는 출마하지 않겠다고 선언하세요. 그러면 사과를 하면 대중이 어느 정도 관심을 보일 것이다.|||국회의원이라는 자리가 그렇게 탐나는 자리인가요? 그 자리에서 목소리조차 내지 못하는 사람은 다 쫓겨나야 합니다.|||어쩌면 동혁도 석열과 같을지도?|||이 범죄에 대한 법은 다시 공개되어야 합니다. 법은 평등해야 합니다.|||김도읍!! 지역주민도 배려해주세요",1
ULV9KZhsJd4,질문을 듣고 있던 이 대통령은 무엇을 하고 있는가? ...역질문 시작하자 빵 터진 현장,"17년 동안 변함없는 팩트TV를 위해 후원회원이 되어주십시오. 정기후원 가입 ARS 1877 0411, 인터넷신청 https goo.gl 1OjzfE|||그걸 알아듣는 대통령이 신기하군.|||김태흠 성일종한태 하라고해야지 2찍만찍어주고 일안해도 놀고먹게 나두냐 투표 잘해 균형발전할수있는다 찍어라|||대통령은 알아들었어요|||아고야 중얼중얼 먼말이야 관계되는 사람이나 알아듣겄다. 근데 대통령님은 알아 들으신듯 참 희한하네|||고생 많으세요 이재명대통령님!!! 우리아들이 잘 살수있는 나라 만들어 주느라 감사합니다 제발 제발 건강 챙기시고 다음 재임도 법으로 만들어 주세욧!!!|||양심들이 없누 표는 국짐 몰아주고 거기 지자체장이 김태흠 아니던가요? 떡열이 측근인데 떡열이때 는 뭐하고 지금 그러실까요?|||저절 알아듣는 이재명이 신기하다.|||준비된 이재명 대통령|||진짜 진심으로 우리 대한민국 역대 최고의 대통령이 이재명 대통령이네요. 정말 추진력, 실행력에 이해력까지 빨라서 같이 일 하시는 참모들과 공무원들 쉽지 않겠어요. 저 질문하는 사람이 웅얼거리면서 한참 주절거리는 걸 요점을 간파해서 짧게 정리하시는 거 보고 살짝 소름돋았어요. 진짜 우리 대통령 너무 대단하십니다.|||저걸알아듣는다고? 대박!|||웅얼웅얼 뭔소린지 알아들을수가없네 ㅡㅡ 진짜 두번다시 오지않을 자린데 저맇게 웅얼웅얼 하면 쯧쯧쯧|||역시 천재 울 잼통령님 최고 와우 옹알이를 척 알고있는 잼통령|||떨려서 속도 조절을 못하는 거 같아요|||질문을 외우지도 못한 저자는 누가 시켜서 나온것인가?|||말씀을 좀 천천히 정확하게 해야 전달력이 있는데, 좀 안타깝네요. 무슨 내용인지 솔직히 들리지가 않네요|||도대체 모르는것이 뭐예요? 잼프 국민들은 박학다식에 든든합니다. 앞으로 미래가 웅장해질거라 생각되니 감격이 밀려옵니다.|||뭔소리야? 짜증난다 요약해서 짧게 정확하게 해라 웃기는 사람이네 도둑놈이네|||1년에 1회 방문하는 것을 법무부 인원을 상주하라니|||모르는게 없는 울 대통령님!|||참으로 대단하신 이재명 대통령의 투시력 대다나다|||하......|||웅얼웅얼 웅얼웅얼 . 진짜 발음 렷같다 ㄷㄷ|||에휴 선박대리점 ㅋㅋ 지역염원이 아니라 지들 회사 염원이네|||다 알고있다",0
PsaAM9g5hLI,국민의힘 때문에 핵잠수함 지연될 수도?…우려가 현실이 됐다…무슨 일이 있었던 걸까?,"17년 동안 변함없는 팩트TV의 후원회원이 되어주세요. 정기후원 가입 ARS 1877 0411, 온라인 신청 https goo.gl 1OjzfE|||반역자 정당은 즉각 해산되어야 한다. 대한민국에게는 암이다.|||한국이 일본보다 잘사는걸 싫어하는 사람들|||민주당과 법무부는 반역당 해산에 적극 나서야 한다!!!!|||국력해체만이 답이다|||이쯤되면 반국가단체 아닌가요?|||내전을 끝내기엔 1분 1초가 아깝다. 우리는 올인해야 합니다. 국민도 나서야 합니다. 내일 오후 5시 국회역 5번출구 앞에서 국민은 촛불집회로 끝까지 일어서야 합니다.|||국력은 그야말로 반국가세력인 것 같습니다. 국익을 고려하면 현실적으로 불가능한 일을 요구하는 걸까.|||속도를 높여야 해요|||부담, 부담, 국민의 부담|||날려버리자|||이순신 장군이 거북선을 건조해도 정부는 반대할 것이다.|||대한민국에 조금도 도움이 되지 않는 국민당. 정말 징글징글하네요.|||국력당은 빨리 사라져야 한다. 나라가 회복되고 있습니다. 극우 파티!!!|||정부가 핵잠수함 사업을 방해하기 위해 일부러 이런 짓을 하는 것일 수도 있다. 언론을 통해 알려야 합니다.|||국민당이 또 우리를 막고 있는 걸까요?|||정말, 이번에는 국물을 거르지 말자.|||이건 극우도 아닙니다. 그냥 반국가단체|||이정도면 반역죄로 처리해야지!!!! 내전을 방조하고 방조하여 국가사업을 방해하는 국가반역행위이다.|||물론 어떻게든 반대하겠지만.. 국민의힘은 자국에 핵잠수함이 없고... 한국이 핵잠수함을 가지고 있다고 화를 낼테니 반대하고 지연시키겠지만...|||조속히 해산하는 것이 국익이다. 국권을 해체하지 않고서는 어떤 개혁도 어렵다고 생각합니다.|||위헌정당을 빨리 해산하라|||내란당을 빨리 해산하라, 민주당은 무엇을 하고 있는가?|||국가에 조금도 도움이 되지 않는 국가적 부담인데... 정말 사라져야 하는데... 답답하네요.|||그들은 국민의 짐이 아니라 국민의 적입니다!!!",0
sFjYoFrizM4,강력범죄 나경원 박은정 앞에서 외치는 법사위에서 나가라!,"17년 동안 변함없는 팩트TV의 후원회원이 되어주세요. 정기후원 가입 ARS 1877 0411, 온라인 신청 https goo.gl 1OjzfE|||최고입니다. 기분이 상쾌해요.|||나쁜 놈들을 몰아내세요!|||와 핵사이다!! 기분이 상쾌해집니다 박은정 의원님!! 나는 항상 당신을 지원합니다.|||사실로 사람을 때리는 박은정 의원은 정말 통쾌하다.|||나루의 휴대폰을 보면 알 수 있다. 나루에서 나오세요 박은정 의원님, 행운을 빕니다.|||벌금형을 선고받은 범죄자가 얼마나 오랫동안 자리를 지킬 수 있는지 살펴보겠습니다.|||나가, 날 보내줘|||아, 나경원 얼굴은 정말 보지 않으셨으면 좋겠습니다. 새해에는 그 여자를 볼 수 없게 해주세요.|||국권을 이기는 박은정|||박은정 의원, 속이 텅 빈 것 같아요.|||박징닝 위님이 최고다|||박 의원의 목소리는 듣기 힘든 고주파를 갖고 있는 것 같다.|||박은정 의원님! 건배! 혹시라도 알게 모르게 상처받지 않길 바랍니다.|||대한민국에서 사라질 국회의사당이란? 나경원|||예상대로, 굉장해요!|||내 버릇을 안 받아주고 못 주는 게 국력당이다... 우리 국민들 제발 정신 차리고 이 사람들을 막아냅시다.|||나경원씨도 빨리 조사받아야 합니다.|||나는 당신을 지원합니다|||조국혁신당 박은정 의원님, 화이팅!|||파루파루 추경호는 당에 속해야 한다.|||국민의힘을 버려라|||법제사법위원회가 너무 엉망이다.|||나경원. 정치. 떠나다|||정말 너무 시끄러워요",0
xupyh9X2csE,이런 정치인은 망해야지..혼자서 국가권력을 제압하는 서영교,"17년 동안 변함없는 팩트TV의 후원회원이 되어주세요. 정기후원 가입 ARS 1877 0411, 온라인 신청 https goo.gl 1OjzfE|||2026년에는 국짐당 인파를 보고 싶지 않다!|||진짜 역겹다 나경원|||입법 활동의 목적은 국회를 혼란에 빠뜨리는 것입니다.|||조배숙, 이은재, 곽규택 얼굴이 비슷하네요... ㅎㅎ 이래서 관상이 정말 중요하네요.|||서영교 의원님, 뒤에서 응원합니다. 곽규택 같은 애들이랑 장난치지 마세요.|||나가루 특검은 언제 수사할 것인가?|||우리의 총사령관|||나경원은 국회의원인가? 그 사람 전직 판사인가요? 한국의 교육제도도 바뀌어야 한다. 곽규택 전 검사입니다.|||우선 목소리가 너무 커서 반항을 압도하기 때문에 마이크가 필요없다.|||징글 징글, 반란을 해체하십시오.|||I hope that the next medical doctor will be Dr. Seo Young-kyo!! 정말 안심이 되시네요!!|||국. 징글이에요.|||서영교 의원님, 지지합니다.|||남편이 대판사인가요? 마치 제가 존엄하다고 생각할 수 있는 모든 것을 저에게 준 것 같아요.|||나경원 닥쳐, 너무 뻔뻔하잖아.|||나경원, 국회의원으로 나간다|||내전이 끝난 지 1년이 지났지만 여전히 내전이 계속되고 있어 반군은 국가적 부담이 되고 있다. 46인, 권성동, 권영세, 나경원, 김기현, 윤한홍, 오세훈, 오세훈, 김진태, 박형동, 성일동, 정진석, 곽규택, 송석준, 신동욱, 송언석, 장동혁, 조은희, 주진우, 곽규택, 김영선, 이철규, 김문수는 사회로부터 완전히 격리돼 하루빨리 내전을 종식시켜야 한다. 사람도 행복할 수 있습니다.|||국력정당은 언제 해산할 겁니까? 윽, 고구마야, 민주당 지금 정말 짜증나.|||아, 진짜 사람들은 언제 사라지나요? 세금이 나를 죽일 것이다. 국가의 힘만 보고 세금을 내고 싶지 않습니다.|||서 의원님, 나경원, 시다바리, 곽규택 의원에게 “조용히 하세요, 이놈아”라고 하신 것은 매우 예의바른 말씀이셨습니다.|||곽규택이 그런 걸 바라는 걸까?|||파루상 오겐키 데스카|||나경원 의원은 국회에 보낸 사람들이 모두 유죄다.|||아무 말도 못하고 사과밖에 할 수 없어",0
nz-r-LeWzww,"쿠팡 사태 긴급조치 요령...최민희, 전문가 답변 즉각 대응하라!",보기 드문 악덕기업임이 오랫동안 수없이 입증됐지만 시민들의 무관심이 이런 피해를 초래했다.|||다른 사이트에서도 카드를 사용할 수 있으므로 새로운 카드를 발급받아야 합니다.|||나는 철회했다.|||매불쇼에 출연하신 교수님!!|||비밀번호를 잊어버렸는데 회원탈퇴가 매우 어렵습니다. 정부에 쉽게 회원권을 취소해 달라고 요청하세요.|||정경유착으로 급성장한 쿠팡은 사라져야 한다…|||최민희는 잘한다|||최민희 회장은 국민을 위해 일하는 사람이다.,0
OoWMJB1_USw,김병기가 웃으며 728조를 지켰다! ...국가 전력이 완전히 차단된 이유는 무엇입니까?,"17년 동안 변함없는 팩트TV의 후원회원이 되어주세요. 정기후원 가입 ARS 1877 0411, 온라인 신청 https goo.gl 1OjzfE|||신속히 남북전쟁재판소를 설립하라|||내전 전담 재판소를 신속하게 설립하십시오.|||이번 일 잘했어요|||더불어민주당 의원 여러분의 노고에 감사드립니다. 내전이 끝날 때까지 최선을 다해주세요. 화이팅.|||잘하셨어요. 여러분의 노고에 감사드립니다.|||나에게 일어난 최고의 일|||화이팅하는 민주당|||그것이 사실이라면 훌륭한 일을 하신 것입니다.|||잘 지내세요... 다른 일은 그만하세요! 모두가 지켜보고 있다|||어제까지 내란당은 코가 셋이라 민주당이 하는 말은 다 거부권을 행사할 정도로 분노했는데 갑자기 입장을 바꾼 이유는 무엇일까. 또 무슨 밀실 거래를 하고 있었나요? 반란 법원 설치와 사법 개혁은 결코 타협되어서는 안 됩니다.|||정부 현수막, 이재명의 예산 삭감 현수막 허위사실 신고하러가기!!|||귀신 쫓아 내기|||국력이 나에게 그냥 맡길 수는 없었다.|||국짐당에 무엇을 주고 싶나요?|||김병기 의원님 고생하셨습니다.|||가짜뉴스가 많기 때문에 오마이뉴스나 검증된 출처만 읽고 믿으시기 바랍니다. 김병기 의원님 수고하셨습니다.|||예 ! 김병기는 잘 지내고 있다. 나는 당신을 지원합니다. 나는 국민으로서 김병기를 지지한다. 이런 저를 실망시키지 않기를 바라면서 응원합니다.|||만약 부수적인 거래가 있다면 나중에 알려드리겠습니다. 계속 지켜봐주세요, 옹기님.|||좌석의 절반 이상이 있는데 그들은 무엇을 보존했습니까? 그냥 하세요. 아무 이유 없이 과반의석을 차지했을까요? 계속 나를 속이려고 하지만 언젠가는 들키게 될 거라고 확신해요. 이낙연처럼!|||반란당이 그렇게 순종적으로 동의한다는 게 이상해요... 반란당이 큰 것을 받지 않는 한... 하지만 내일은 반란의 날이고, 반란당은 아직 건재합니다...|||병기야, 아들의 숭실대 입학 비리를 설명하라. 이미 증거는 다 나왔다고 하더군요. 그게 사실이라면 거기서 내려오세요.|||여야 합의? 이상한 거래 아니었어? 예를 들어, 그들은 반란 정당 등을 해산하지 않겠다고 말했습니다.|||아 아쉽네요.. 김병기 원내대표, 자꾸 의심이 되네요... 가짜뉴스인가요, 진짜인가요? 명확히 해주세요... 아무튼 고생하셨고 수고하셨습니다.|||김병기가 뭔가에 동의하면 사람들은 의심을 하게 된다. 그의 정체가 밝혀지면 민주당이 살아남기까지는 오랜 시간이 걸릴 것이다. 그만큼 네 잘못이야",0
BEdg2s6UxKA,나경원의 꼼수를 캐치하고 이런 짓까지 한 우원식 국회의장,"17년 동안 변함없는 팩트TV의 후원회원이 되어주세요. 정기후원 가입 ARS 1877 0411, 온라인 신청 https goo.gl 1OjzfE|||정말 다양한 것들이 있습니다. 정말........저건 정당이군요..|||최후의 투쟁|||큰 소리로 비명을 지르다|||저 더럽고 뻔뻔한 여자를 조사해서 감옥에 보내주세요.|||난 최악의 상황에 처해 있어|||반란군은 물러나주세요.|||국회법을 위반해도 괜찮습니다. 감옥은 어둡습니다. 국회법을 무시해도 됩니다.|||나경원 의원님, 최악입니다. 나경원 의원은 물러나주세요.|||경원아, 국회는 너의 것이다! 한심하다. 국민짐당 해산이 답이다. 봉기당을 하루빨리 해체하는 것은 인민의 명령이다.|||우 회장님, 벌써 57년이 지났고 저는 내원에서 63년째 근무하고 있습니다. 우 회장에게 나는 무엇인가? 하지만 이것은 값싼 행동이 아닌가? 내원은 정말 감옥에 보내면 안 된다.|||와... 완전. 해결책이 없습니다..무선마이크..|||별 짓 다 하는 나경원 의원은 격하된 사람이고, 나경원 의원은 나쁜 사람이다.|||꽤 오래전 일이겠지.. 나경원은 왜 저런 행동을 하는 걸까?|||좀 더 적당히 해보세요. 당신은 한두 살도 안 됐어요. 의사가 되지 마세요.|||아이들을 보면 부끄럽지 않나요?|||파티 이름이 이상해요|||그 반역적인 여자의 얼굴과 혀는 더 이상 듣고 싶지 않습니다. 내전특별수사 확대와 내전특별법원을 통해 내전 참전자들을 처벌하지 않는다면 국민의 반발이 클 수밖에 없다.|||나경원은 국회법을 위반했다.|||나경원은 처벌받아야 한다|||국가의 힘이 흔들리고 있습니다.|||내란 동조자들이 조속히 처벌을 받았으면 좋겠습니다.|||에너지는 놀랍습니다. 나는 하루 종일 당신을 사랑합니다.|||모든 법률을 뒤져보더라도 반드시 처벌을 받아야 합니다.|||반군 정당의 자산은 몰수되고 평생 정치 활동이 금지됩니다.",0
VumUIeWHCNY,나경원도 통일교 관계자인가?…정보 풀어내는 박지원,"내아루는 언제까지 봐야하나요?|||바다루 안입는 곳이 도대체 어디있나요?|||나경원은 요즘 여기저기 너무 많이 등장해 심각한 범죄를 숨기려고 하는 것 같다.|||남편이 판사이기 때문이죠. 공개되지 않았을 뿐입니다. 관련 내용이 이것뿐인가요?|||박지원 씨, 일하느라 너무 바쁘셔서 걱정이에요. 건강 잘 챙기세요.|||나베를 안 먹을 리가 없어요.",0
ziHmZSX0zo8,"역사상 최악의 배신자 윤한홍, 윤한홍, 배신자 윤석열","곳곳에 반역자들이 너무 많습니다. 그것은 파괴적이다.|||남자 한명 추가|||마치 개가 주인을 무는 것과 같습니다.|||윤한홍 제명 ㅡ|||여성 여러분, 국민의힘에 동참해 주십시오. 적어도 보수당은 해산됐다. 한 달에 1000원만 있으면 국민의힘에 영향력을 미칠 수 있습니다. 무엇보다 이번에 계엄령을 선포한 국민을 몰아내고 공기를 청산하는 데 큰 도움이 될 것입니다. 한동훈이 당을 수사하도록 더 압력을 가해야 한다. Everyone, please use your influence... I didn't know this, but after seeing the lawmakers apologizing for the national power this time, I thought I should protect the national power first. 사과는 국권해산의 구실이 될 수도 있다. 지금은 국권을 미워하더라도... 내전을 핑계로 해산한다면 일당제나 다름없을 것이다.|||윤한홍을 추방하라. 윤씨를 생각해보세요.|||국민의힘에서 어떻게 반역자와 반역자들이 벌레처럼 떨 수 있겠습니까? 역적을 척결하고 진정으로 나라를 사랑하는 국회의원들로 뭉치자.|||배신자는 추방되어야합니다.|||주덩의 자유와 배신을 무엇과 어떻게 선택하는가? 투표로 판단하는 수밖에... 하지만 사과에는 사퇴와 동등한 책임이 따르겠죠? 권력에 굶주린 자들의 위선적인 잔치에 지나지 않습니다.|||사람이 어떻게 이렇게 변할 수 있는지 정말 놀랍습니다.|||악인의 간에 붙어 담낭에 붙어|||그런 반역자를 제거해야 할 때입니다.|||윤한홍 즉각 추방하라.|||한홍이 미쳤어요 ㅎㅎ 너무 멀리 갔네요 ㅎㅎ 너무 멀리 갔네요 ㅎㅎ|||적극적으로 윤한홍을 쓰러뜨립시다.|||2시간의 계엄령이 어떤 해악을 끼치나요?|||엄격한 정상적인 도덕적 배.|||정말 짜증이 나네요. 윤석열 총장님은 영웅이십니다!!|||윤한홍은 반역자였으나 이제는 목적을 버리고 반역자로 앞장서고 있는 인물이다. 정말 싫어요.|||윤한홍, 배신자와 기회주의자를 처단하라.|||정말 나쁜 놈이야! 나가야 해|||하하. 정말 놀랍습니다.|||윤한홍 이놈은 즉각 추방하고 긴급체포해야 한다.|||배신자 윤한홍, 당을 떠나라.|||정말 화가 났어요",1
rXEc-99jkws,월급은 올랐지만 안정적인가요?,"거짓말을 거짓말로 덮는 이 정권을 어떻게 해야 할까요?|||생각 없고 무능한 범죄자가 무엇을 알겠는가? 내가 그를 통치하라고 부를 때 그는 말도 안되는 소리를 하고 있습니다. 그는 통치가 필요한 일만 행합니다.|||입을 벌려라! 징글 마차|||이재명은 정말 거짓말을 하고 있다. 언론은 침묵한다. 거짓언론이다!! 미디어가 없습니다! 이재명이 있다! 마나!|||사기적인 정치입니다. 사람들을 내려다보는 거죠.|||아, 심심해요.|||입만 열 때마다 거짓말을 하는 거죠.|||김혜경은 마트에 직접 가지 않고 직접 나가서 확인하기 때문에 가격이 안정돼 있다고 난리를 피우고 있다. 공짜만 먹고 돈은 자기 마음대로 쓰니까 그런 말을 하더군요.|||주유소에 가시나요?|||윤석열 정부 시절 주유소 경유 최저가는 1313원이었고, 현재 리터당 경유 최저가는 1618원이다. 물가 상승으로 국민 모두가 고통받고 있습니다.|||그것도 통계적 조작이 있었는지 검증이 필요하다.|||헤헤|||지금도 변호사인지는 모르겠습니다.|||국제원유가격은 13원 가량 하락했지만 자동차연료유는 1700~1800원까지 올랐다.|||그건 범죄입니다. 그냥 생각|||안정된? 당신 때문에 회사들이 문을 닫고 떠나고 있습니다.|||그는 가격 안정성에 대해 전혀 모릅니다. 국민의 세금으로 큰 일을 벌이는 것.|||나라가 어지러워도 국민은. 가만히 있어라.|||파한단 6,000원???|||이재명의 거짓말을 막을 수는 없다.|||그의 말과 반대로 생각하면 맞는 것 같다.|||태블릿 파티 재타이밍 Made in China 중국 공산당에 Cessé|||정부와 당은 지금도 정신을 차려야 한다.|||한여름보다 수도요금이 1만원 이상 오른다.|||항상 고 박사님을 응원합니다.",1
S6229Yr4wAg,국민의 한목소리 김현지를 공개합니다.,"김현지의 정체를 밝혀라.|||김현지 100 특검하라. 이죄명이도 함께 .특검하라|||부정선거로 선관위조작으로 사전투표를 없애야합니다|||김현지 최순실 김현지를 잡아라|||김현지 누구냐??????|||김현지 꼭 정체를 밝혀야지요 말이되요 대통령이 왜 감싸는지 모르겠다 저 여자가 도대체 뭐냐|||김현지가 누구야,나와라감옥가자.|||맞습니다|||밝혀라|||한동훈 무리들도 급하게처리해야지요|||당당하면 나와 뭐가 꼴리나 정우성아 한번 질러 김현지 나와 해봐|||사전투표 거부운동합시다|||김현지가 누구예요?|||충남에서도김현지도모든것을말하라밝혀라",1
o29wXvxgZp8,오늘 이 소식을 빌미로 폭발적인 증언을 쏟아내자 법원은 충격에 빠졌다 2025.12.10 MBC뉴스,"충격받았어, 충격받았어... 이것은 남북전쟁 재판이다.|||지귀연은 이번 사건의 심각성을 전혀 느끼지 못하고 있다.|||아직도 한마음으로 미쳐가고 있어요. 세 번째 단계에 도달하려면 10년이 걸립니다.|||아, 판사는 정말 자격이 없군요. 특별 제안을 받으러 갑시다.|||판사와 판사의 권위가 감소합니다. 중간에 중재가 전혀 없습니다. 그 사람이 판사인가요? 그는 단지 변호사의 화를 막는 사람일까요?|||지귀연이 판사인가요? 남북전쟁 재판 중에 웃으면서도 똑같은 짓을 하고 있다.|||지귀연, 변호사가 언제든지 개입할 수 있는 게 뭔데? 적당히 하세요. 나는 판사가 될 자격이 없습니다.|||사람들이 이런 일을 하니까 내란 법정을 만들라고 하잖아요.|||요즘 판사들은 변호사들을 기쁘게 하려고 노력하나요? ㅋㅋㅋ|||지귀연은 재판을 받지 않고 사회를 지켜보고 있다! 불쌍한!|||판사. 단지. 판단과. 엄숙함이 있어야 합니다. 시장을 장악하는 사람도 아닙니다. 뭐하세요? 변호사의 기분을 상하게 할까봐 두렵습니다. 나는 힘든 시간을 보내고 있어요|||안녕하세요, 지귀연 판사님, 이걸 재판이라고 하시나요? 이런 욕설조차 아깝다. 정말, 와, 이게 뭐야?|||지귀연, 정말 파문을 일으키고 있다. 변호사들은 판사를 완전히 무시하고 있습니다. 판사가 재판에 결단력을 발휘하지 못해 내란 공범 측 변호사들이 난리를 피우고 있다.|||시장도 아니고 변호사들 정말 더러운데... 판사도 허락하지 않는 말을 막지 않고... 정말 대단한 재판이네요.|||모두 변호사 협회에 불만을 제기해야 합니다. 이 사람들은 국방을 위해 일하는 걸까요???|||가운데 판사에게 치명적인 약점이 있는 것은 분명하다. 그렇지 않으면 재판이 진행될 수 없습니다.|||하... 여러분, 정말 이게 뭐죠? 이건 뭐 특별한 건 없고...|||남북전쟁재판소가 시급히 필요하다.|||이하상 변호사는 아직 구속되지 않았나요?|||남북전쟁 동조자 지귀연 ㄷㄷ|||일주일이면 끝나야 할 재판이 몇 달째 계속되고 있다. 헬기를 국회에 보내는 것만으로도 사형이다.|||넘버컴퍼니 청원인 이하상이 소란을 피우며 상황을 방해하는 것 같다.|||우리는 정말로 반란 법원을 재창조해야 합니다!!!! 윤변호사 진짜 쓰레기다!!! 지귀연 가은 무순?? 외침?? 당신은 정말로 자신의 판사로서 책임이 있습니까?? 사람들이 모두 지켜보고 있는데 무슨 일이 일어나고 있는지 궁금합니다!!!!|||아 저 조희대 꼭두각시 지귀연...|||이게 재판인가요? 특별 내전법원을 설립하라!!!",0
MW_ZwWwVSOA,연예인들이 일제히 줄을 섰는데... 소란스러운 사건들을 모아놓은 것. News.zip MBC 뉴스,"아직도 이런 연예인 이야기를 공개해 사람을 돼지, 개로 만들려고 하시나요? 오늘날 사람들의 지적 수준은 그들을 무시할 수 있는 수준이 아닙니다.|||이상해요, 그렇죠? 모든 것이 한꺼번에 폭발합니까? 혈연관계도 아닌 사람들을 엮어주면 폭발하기도 한다.|||물 그만 마시세요... 세상이 변해도 이 방법은 변하지 않았습니다.|||여러 연예인을 붙잡은 걸 보니 급한 일인 것 같습니다.|||반드시 법적 조치를 취하시기 바랍니다. 언론 때문에 죽은 사람도 많아요.|||연예인 3명이 갑자기 동시에 지옥에 간 이유!? 정치계의 관심을 돌리려고 이런 말을 터뜨렸습니다. 사람들이 나를 바보로만 보는데.. 정말.|||쿠팡인가.. 조희대.. 아니면 저 사람인가? 왜 연예인을 이용하여 은폐하는 걸까... 윤석열 시절 불쌍한 이선균을 죽였고 GD가 그를 잡으러 달려들었는데..|||사법개혁이 시급하다. 그래도 안 되면 유명인 기사로 다 덮을 거에요.|||연예인 사건을 모아 한꺼번에 파쇄하는 것은 검찰의 특기다. 이는 반란세력이 날뛰고 있다는 뜻이다.|||조희대요시 기소에 눈감아…법조계는 수십년간 썩은 방식을 따라왔다. 사회악이 바로 변호사들이라는 사실이 날로 드러나고 있는 이 시대.|||쿠팡을 덮고, 희대를 덮고, 연예인이 동네 북을 치는가?|||발굴 파견 필요|||조희대가 예약했다.|||연예인보다 도덕적이고 성실해야 하는 고위 공직자들이 계속 복무할 가능성이 높다.|||피의자 조희대가 입건된 당일, 그 전날, 그 전날 한꺼번에 일어난 일임은 뻔하지 않은가. 기자는 조진웅 사건을 어떻게 알게 되었나요?|||그들은 또 연예인을 죽이고 있습니다. 사람들이 다른 데 귀를 기울이고 있습니다. 냄새가 난다.|||연예계에서 시끄러운 소리를 많이 듣는다면 어떨까요? 대중의 눈에 숨기고 싶은 게 있다.|||왜 이렇게 한꺼번에 폭발했는지 정말 이상합니다.|||과거의 역사를 청산해야 합니다!|||조희대, 쿠팡, 지귀연, 이하상, 나경원, 조진웅 등이 내란당을 은폐하려고 폭로한 기사는 전 조선일보 기자의 말이다.|||언론은 특종을 원하고 일반 대중은 이슈를 원합니다. 그런데 캐비닛에 모아진 이슈들이 자신에게 불리할 때마다 유출되는 게 문제는 아닌가?|||조희대가 사과했나요? 윤석열이 사과했나요?? 김기현이 사과했나요?? 나경원이 사과했나요?????????|||정치인들에 대한 트롤링을 중단합시다.|||여론을 흔들어 자살하는 나라는 한국이 세계 1위다.|||징벌적 손해배상제도는 언제 국회에서 통과될까요? 연예인이라고 놀리지 마세요.",0
KBIcVRn97Sg,"독도…다카이치 황당무계한 발언에 즉각 대응, 그렇지 않다 Shorts MBC News","세종 이후 대마도에 대한 영유권을 주장하라.|||이게 나야|||독도는 우리 땅 쓰시마도 우리 땅|||쓰시마 섬 여행시에는 가지 마시고 꼭 들러주세요.|||도발하면 리더를 만들어야 하는데 쓰시마는 정말 우리 것이다.|||쓰시마는 우리 땅이고 대한민국에 반환되어야 한다. It has been proven historically.|||나는 당신을 응원합니다!!! 더 이상 말하지 말아주세요!!!!|||독도에 대응할 것이 아니라 대마도도 우리 영토라고 주장해야 한다.|||대마도는 한국땅이라 반환하기로 했으나 아직까지 하지 않았습니다.|||이제는 도쿄가 한국 땅이라는 것을 사람들에게 알려야 할 때라고 생각합니다.|||석열이였다면 단호하게 대답해줘서 너무 다행이고,,,,|||대마도는 분쟁 지역이므로 독도는 말할 필요도 없다.|||다케이치가 쓰시마도 한국땅이라고 하던가요?|||일본이 말하는 역사적 사실은 일본이 침략을 하던 1905년부터 일본 영토를 선언했다는 점인 것 같다.|||귀찮습니다. 훔치지 마세요.|||이재명 대통령은 대한민국의 희망이자 자부심입니다.|||우리는 항상 놀림을 받습니다. 쓰시마 섬. 한국땅. 그게 다야. 왜 하지 그래? 그리고. 미국. 땅이에요. 일본과 한국.|||당신은 미쳤어요|||이래서 일본이 적이다.|||윤석두가 아직 거기 있었다면 타카이치에게 독약을 선물로 가져온 셈이다.|||일본이 그렇게 한다면 독도를 통해 볼 수 없도록 대마도에 대한 영유권을 주장해야 하는데... 솔직히 대마도와 부산은 너무 가까워서 전쟁하면 너무 위험하다... 탈환해야 한다.|||독도모형을 잠실역으로 돌려보내주세요!!!!!!!!|||국민의힘은 아무 말도 하지 않았다.|||이제 일본의 도발적인 넌센스는 무기와 핵잠수함 보유에 대한 정당성을 구축하려는 것처럼 보입니다.|||나루 씨, 당신은 내 여동생인가요?",2
RFkuuGkygSQ,"조세호 결국 자진퇴사, 폭로자 또 글 올렸다…단편KBS","문제는 문제로 덮여 있습니다.|||갑자기 연예인 기사가 왜 이렇게 많이 나오는지...|||언론은 관심을 돌리기 위해 또다시 쓸데없는 일을 하고 있습니다.|||인생에 무슨 일이 일어나더라도 조심하지 않으면 한방에 무너진다. 더 높이 떨어질수록 더 많이 끝날 것입니다.|||나는 궁금하다. 이렇게 여론을 퍼뜨려 무엇을 은폐하려는 겁니까? 쿠팡인가?|||법적 결과가 나오기까지는 2년이 걸린다.|||그들은 큰 일을 은폐하기 위해 연예인에 대한 소문을 많이 퍼뜨립니다.|||겨울은 지옥의 계절인가?|||자살하지 마십시오. 억울한 일을 당했다면 끝까지 살아남아 알아내세요.|||하하, 이상해요. 무엇을 은폐하려고 하는지 더 궁금하네요.|||국민들이 얼마나 어리석다고 생각하시나요? 또 이걸 쓰는 걸까... 지겹다. 언론, 쿠팡인가, 조희대인가, 아니면 다른 걸 숨기려는 걸까? 조희대가 경고를 받았다. 나는 모든 것을 알고 있다|||돌아오지 마세요|||조세호...조진웅...타이밍이 굉장하네요 ㅎㅎ|||조씨 일가를 잇달아 폭로해 무엇을 은폐하려는 걸까.|||뭐든 과하게 하면 반드시 병이 나기 마련이다. 모두가 자신의 돈과 인맥을 과시하고 싶어하지만 가족 외에는 누구도 나의 성공을 기뻐하지 않습니다. 지금 깨닫는다면 하나님께서 도와주신 것입니다.|||초심을 잃은 사람은 아무리 잘해도 실패하게 마련입니다. 쌀이 익을수록 고개를 숙인다는 말이 다시 한번 생각납니다.|||손님이 수천명이네요 ㅎㅎ|||범인을 안다는 이유만으로 연애 상대를 놓아주는데, 범행을 저지른 국회의 판사와 검사는 왜 반성하지 않는 걸까? 기자들은 왜 반성하지 않는 걸까요? 공직자들은 왜 반성하지 않는 걸까요?|||조희대요시, 쿠팡 등의 사건 때문에 어떤 대형 정치인들이 연예인을 마녀사냥하려 하는가?|||조희대 대법원장 기소에 언론은 왜 침묵하는가. 이상하게 갑자기 연예인 관련 기사가 많이 나오죠? 조희대는 직권남용, 권리행사 방해, 공직선거법 위반 혐의로 불구속 기소됐다.|||무섭다 넌 깡패야|||이슈는 이슈로 덮여있습니다! 연예인과 관련한 이슈가 많이 떠오르고 있죠? 무엇을 덮으려고 하는 걸까요???|||언론이 쿠팡 내전재판을 은폐하려 하는데... 연인보다는 쿠팡 내전재판에 더 관심을 가져주세요.|||폭로된 내용은 쿠팡의 연막 작전이다.|||진짜 너무하다.. 연예인이 국산드럼인가요? 자신을 자유롭게 표현하는 것을 두려워하는 사람이 어디 있겠습니까? 주변 사람들, 나의 과거, 나의 가족사... 너무 무섭습니다.",0
AP2mwMrhAfY,"지귀연, 노상원의 수첩, 이거 어떡하지? 현장영상 채널A","한국법은 정말 좋습니다. 인터넷에서 다운받은 걸 메모해 놓으면 인정해준다는 건데... 법도 없고 정의도 없는 쓰레기 나라다.|||특검 수사해야…|||외화범죄로 강요하려 했으나 안 되니까 바꿔 놓고, 증거가 없으니까 군인들을 협박하거나 존재하지 않는 사실을 꾸며내며 증언을 하라고 하더군요. 정말이지, 하하.|||특검하자|||죄송합니다. AI가 작성할 수 없는 메모입니다.|||특검의 증언을 둘러싼 정황이 드러났다. 특검을 해체하고 특검을 수사하라.|||특검 진짜 ㅋㅋㅋㅋㅋㅋㅋㅋㅋㅋㅋㅋㅋㅋㅋㅋㅋㅋ|||방법은 매우 유사합니다. 태블릿 PC.... 메모 ㅋㅋㅋㅋㅋㅋㅋㅋㅋ|||인터넷 사례를 증거로 제시하고 탄핵 당시에도 활용했다.|||남북 전쟁 재판소가 돌입하기 전에 빨리 선고를 내립니다.|||그를 달래준 특검 체포!!|||이중 특검이 필요하다. 특검이 필요합니다.|||지귀연 씨도 그 수첩의 황당함에 웃고 있다. ㅋㅋ 조작, 회유, 무능한 특검.|||국가보안법 폐지 반대!!!!!!|||이것이 내전을 선동하려는 음모라는 것을 왜 우리는 모두 알고 있습니까!!!! 용기를 내어 자유대한민국을 지켜냅시다.|||거짓말과 회유로 불법수사를 한 조은석 특검!!|||홍장원이 인터넷에서 다운받은 메모 1과 메모 2도 증거인가요?|||특별검사 특별검사|||지귀연 중앙선거관리위원회 소속입니다.|||지귀연 판사님, 감사합니다. 나는 당신을 지원합니다. 힘내세요.|||특검을 달래는 특검|||그 메모를 2, 3, 4심과 내란특별재판부에 가지고 가서 어용 판사에게 뇌물을 주고 검찰의 소설을 이용해 일반송치죄와 민사소송 혐의로 감옥에 가두겠다는 겁니까? 나라가 정말 망했습니다.|||지귀연 판사님, 신중하고 정의롭게 재판해 주십시오. 좌우의 의견을 비웃지 말고 정의로운 판결을 해주시기 바랍니다. 나라가 위기에 처해 있습니다. 자신의 의견을 표현하지 말고 법을 준수하십시오.|||특별검사 특별검사!!!!!!!!!!!!!!!!|||허위진술이나 특수한 의사소통 상황이 명확하지 않은 경우에는 증거로 삼을 수 없습니다. 형사소송법 증거자료 항목 수천 건의 판례에는 증거로 사용될 수 없다고 명시돼 있다.",1
Htx52tkVbV8,지귀연 왜 자꾸 사법위기라고 하는데 법원은 늘 법대로 하는 걸까요? 현장영상 채널A,"진짜 위기는 위기인지 모를 때이다.|||법대로 했는데 이게 무슨 일이냐?|||법을 따르지 않아 사법부가 위기에 처해 있다.|||귀연... 대한민국 전체가 지금 위기에 처해있습니다.|||법을 지키지 않아서 문제입니다.|||법원이 법대로 하면 일반인이 1심에서 2~3년을 기다릴 수 있을까? 하하, 환송이 기각된 뒤 재판이 중단된 사례도 있나요? 이렇게 길어요? 그리고 대통령이 탄핵당할 때 CCTV도 보지 않고 탄핵했다고? 그리고 현 대법원장이 기각된 것도 위기 아닌가? 정말 ㅋㅋㅋ|||다들 사법부가 위기에 처해 있다고 말하지만 나만 그런 게 아니다.|||아니, 초희대에서 예약했다고 들었는데??? 대법원장이 기소됐다. 위기아닌가요??|||헌법 역사상 최고위 대법관이 기소됐다. 이것이 위기가 아니라면 언제 위기가 닥칠 것인가? 하하.|||진짜 위기는 위기가 닥쳤는데 그것이 진짜 위기인지 모를 때다.|||국회회의 CCTV도 보지 않아서 몰랐다고 하면 하하하하하 늘 위기라서 위기인 줄 몰랐던 걸까요?|||대법원장이 기소된 것은 건국 이래 처음이다. 사법부에 위기가 아닌가? 윤 총장의 안전이 정말 걱정됩니다.|||지귀연을 믿을 수 없다. 아래에|||그 사람들이 그런 말을 했으면 좋겠다...|||지귀연님, 법을 지키세요. 권력에 휘둘리는 판사들이 너무 많아요. 지금 무슨 말을하는거야? 나는 판사를 믿지 않는다|||법대로 했다면 중앙선거관리위원회에서 처음부터 제대로 검증을 했겠죠?|||대법관이 아닌 정치판사를 임명하면 사법부가 정상적으로 운영될 것이라고 믿는 것은 말도 안 되는 일이다.|||부정선거에 대해 사법부가 책임이 없다고 할 수는 없겠지만...ㅋㅋㅋㅋ|||율법에 따르면 재마이함은 왜 백성을 다스리게 됩니까? 다른 곳에 있어야 하지 않나요?|||지금 우리나라 사법부와 삼권분립이 위기에 처해 있다는 사실을 모르시나요...?|||지 판사님, 법을 지키지 않으면 큰일납니다.|||한국은 위기에 처해 있다.|||왜..검찰이 떠나는걸 보고..판사가 떠나는걸..??? 당신이 그런 짓을 하는 걸 처음 봤어요...|||법대로 하면 안되나요!!!!|||지귀연 너도 예약잡힐게",0
tSv5-pagw0A,문제를 켜십시오. 이재명 정부의 통일교 갈등이 시작될 것인가? 오늘 추가 폭로가 나올까요? 채널 A,"민주당 가지가지 한다 연결된 비리 관련자 모두 까버려|||이재명대통령은. 진작에 보고 받았을거고 도대체 어디까지 연루 되어있나? 특검은 이럴때 하는거지 김현지랑|||kbs mbc jtbs sbs 각 방송사들이 제대로 언론역활을 하라 누구의 개노릇을 하지 말고|||완젼미쳐가는군|||딜이 있었겠지|||통일교에서 민주당 돈받은거 특검 제보 받고도 수사 안함? 어디까지 뻔뻔해질수 있냐고?|||MBC JTBC 조용하네지낼 게 없어서 어쩌나|||민주당.특검하던지.아니면.통일교보다.먼져.민주당.해산하라|||살벌한일이 일어나고있다 서슬퍼런 칼을 마구 휘둘러 입틀막을 하고있다 개소름|||종교의자유까지 억압하고 중공인한테 한국파는 정권|||더불어중공당 해산부터먼저|||이죄명이는 통일교를 이길 수 없다...... 왜냐면 업보가 많아서 이다,,,,|||미처돌아가는구나|||민주장도 해산 해야지 공평하게.",1
J-pLqV59M7I,"지귀연·노상원 메모, 어떻게 해야 하나? 티조 클립 쇼츠","웃으면서 얘기해야 한다는 게 얼마나 황당한 일인가?|||가짜 메모로 판단해야 하는 것 아닌가요?|||메모가 불법이면 탄핵도 불법이 되는거 아닌가요? 불법 메모의 증거로 인해 탄핵이 발생했지만, 이는 분명히 밝혀야 할 문제이다.|||다운로드 받은 메모는 인터넷에 게시된 적은 없지만 홍장원이 헌법재판소에서 작성한 메모를 작성한 것으로 보인다.|||그럼 그게 지렁이의 증거인가요? 헌법재판소도 이를 인정한 것 같습니다. 지렁이 증거 조작으로 봐야겠죠?|||아 지렁이가 뭐라고 썼지|||지귀연 판사님, 중상모략하지 마시고 법에 따라 판결해 주십시오. 윤석열 총장이 무죄라는 것은 누가 봐도 알 수 있다.|||허위 증거로 밝혀진 홍장원이 인터넷에서 다운받은 메모와 같은 메모일까.|||정말 드문 코미디 재판입니다.|||메모가 너무 우스꽝스럽다고 판사가 웃는다.|||해당 메모는 홍장원이 작성한 것이 아니다. 진위 여부를 반박하려면 보좌관이 나서서 입장을 밝혀야 한다. 증인이 나타나면 미리 필적을 감정해 당사자인지 확인해야 한다. 글쓴이가 맞다면 증인의 증언을 들어보면 됩니다.|||판사님, 정의감이 있으신 분, 저는 당신을 지지합니다.|||가짜 메모|||아.. 뭐하는 거야?|||아니, 이것은 노트라고 정의할 수 없는 예술 작품이다.|||판사는 법과 양심에 따라 살아야 한다!!!|||제발, 범죄자들과 타협은 하지 마세요. 절대 굴복해서는 안 됩니다. 국민을 위해 법을 지켜주세요. 한 명의 범죄자 때문에 대한민국 법이 무너져서는 안 됩니다. 역사에 기억될 결정을 내리시기 바랍니다.|||지귀연 판사님, 지금 재판이 잘못되면 나라가 공산주의로 가는 것입니다. 재판을 잘 진행해주세요.|||특검은 이미 노상원씨가 직접 쓴 것이라고 밝혔습니다.|||판사님, 당신은 대한민국 최후의 보루입니다.|||법을 수호하는 정의로운 판사와 싸우는 지귀연. 나라를 지켜주셔서 감사합니다. 많은 시민 여러분과 함께 파이팅입니다!!|||애국판사 지귀연 화이팅!! 삼권분립의 자유민주주의에서는 입법, 사법, 행정이 모두 독립된 기관이다!!! 그냥 싸워서 이겨주세요 지귀연 판사님 화이팅!!|||홍장원 증언은 증거불충분으로 재탄핵돼야 한다.|||지귀연 판사님, 나라를 구해주세요.|||문상호가 증인이다.",1
DApEbmnTDXE,"정교회와 통일교민주당, 더불어민주당의 유착 의혹을 퍼뜨리는 녹취 파일에는 정진상이 언급됐다.","특별조사가 필요하다|||이재몽이 통일교회 해체를 언급한 이유다. 정진상|||정진상이라면 이재명이죠 ㅎㅎ|||찔려서 급히 흩어져야 했는데... 껍질을 벗겨도 여전히 양파껍질같아...|||도둑질하다가 실수로 돌아서는 경우.. 만지면 큰일난다..|||빨리 처벌해줘|||사악한 범죄자들은 ​​자신의 범죄에 대해 다른 사람을 비난하는 데 특화되어 있습니다.|||반드시 조사해야 합니다.|||통일교회를 없애려고 한 데에는 이유가 있었습니다. 참 투명한 사람이군요. 하하. 형편없는 것이 나올 때마다 그들이 그것을 바로잡으려고 노력하는 것을 볼 수 있습니다.|||이럴 땐 부도덕한 정치인을 모두 처벌하고 정의로운 사람을 선출하자.|||김효은 선생님은 전달력이 훤히 보이시듯, 최고 수준의 강사입니다. 그것을 위해 가십시오|||아... 퍼즐이 딱 맞아떨어지니까 그렇지|||Li Zhaiming이 참여하지 않은 곳은 도대체 어디입니까?|||나라를 뒤집어 놓을 사고가 발생했습니다. 엄청난 영향이 예상됩니다.|||현 정권에서 권력자들에게 돈을 주었다고 거짓 증언할 수 있는 미친 사람은 없다.|||특검은 민주당의 방패 역할을 하는 걸까? 민주당이 의뢰한 특별수사인 것은 사실이다.|||이번 기회에 보스부터 악당까지 모두 날려버리자.|||이재명은 통일교 측에 직접 연락했다고 밝혔다. 이것은 매우 심각한 문제입니다. 통일교회 문이 맞는 것 같아요.|||민주당 의원 특별조사|||언제 다른 나라로 도망갈 건가요?|||정진상이 끼어들면 이신명도 끼어든다. 성명이 나왔음에도 불구하고 특검은 민주당을 수사하지 않고 있다.|||현재로서는 설명이 없습니다. 필요하지 않습니다. 용해. 당신은 그것을 필요로합니까?|||전재수는 깨끗한 척 하다가 더러워진 것으로 밝혀졌다.|||내로남불당 선택적 특별수사|||웃기는 재명은 늘 거짓말을 한다. 가능한 한 빨리 그를 조사하세요.",1
xE3u9uH7yyE,"핫라인 인사 개입 의혹, 김현지, 청탁 문자 논란 또…","경찰은 무엇을 하고 있나요? 이렇게 분명한 증거가 있습니다. 국정에 관여한 김현지와 김남국을 즉각 체포하고 수사하라.|||김현지 특별수사. 민주당을 해산하라.|||지역 문고리에 대한 특검과 국정조사를 신속히 실시하라.|||김현지 회장님, 이 사람을 처벌해 주십시오.|||우리나라의 Wi-Fi는 시끄럽습니다.|||김현지 대통령님, 자리를 비워주십시오.|||현지는 도대체 뭐야? 진실을 밝혀라.|||내 여동생이 왕이야|||서로 '형제자매'라고 하더군요. 와, 다 같이 먹자.|||김현지 때문에 민주당 정권이 망할 것 같은 생각은 저뿐인가요?|||진짜 최강자 김현지는 도대체 누구인가?|||가남국 이세세는 그를 코인 비서로 고용했다.|||김현지 회장이다. 신속하게 특별입금을 하세요.|||.민주당의 진짜 대표는 현현리 의원이다.|||동네 언니, 나도 취직하게 해주세요.|||안녕, 인간들|||김현지가 회장이었나요? 이재명 국정 개입 특별수사.|||김현지 대한민국 대통령|||무기력한|||정부가 조작되고 있는 것은 사실이다. 나라를 국민이 뽑은 것이 아니라 김현지가 대통령을 뽑은 것이다.|||헌지의 정체가 정말 궁금하네요.",1
CyXb2RDuxfM,사법부는 전면전을 선포했다! 정식 버전,"봉지욱 기자는 취재왕인 것 같아요. 대전동 사건, 연어 술자리 사건 소식을 들을 때마다 화가 납니다. 커버력 수준도 놀랍습니다. 개인적으로 그는 기자들 중 최고다.|||국민은 사법부에 맞서 싸울 준비가 되어 있습니다. 법제사법위원회의 지속적인 추진을 바랍니다.|||상식이 없는 사법부는 상식이 있는 시민을 우롱한다.|||민주당이 힘든 상황이지만 힘을 모아주세요. 반란을 근절하는 것이 최우선이다. 사람들은 준비가 되어 있습니다.|||우리나라 교육을 다시 살펴봐야 하는 이유다. 직업 윤리에 대한 교육과 역사에 대한 교육이 얼마나 중요합니까?|||바를 믿지 마세요. 징계 조치는 6개월 동안 검토됩니다. 6개월이 지나면 누가 기억할까요?|||이번 기회에 대법관과 대법원장을 국민투표로 선출해보자. 그럼 위헌은 아니겠지|||최욱, 봉지욱 기자님, 검찰 조작이 드러날 때까지 지치지 마시고 계속 취재해주시길 바랍니다.|||김규현 변호사님 정말 멋지십니다. 나는 당신을 응원합니다!!!!|||남북전쟁재판은 공개재판이어야 한다!|||악은 진심입니다. 피곤하지마세요 최욱님 이번주도 수고하셨어요.|||최욱씨, 주말에는 건강한 음식과 적당한 운동, 충분한 휴식으로 배터리를 충전하세요. 힘내시고 월요일에 행복하게 만나세요. 최욱 같은 사람도 있으니 걱정할 필요는 없다. 우리는 지금까지 해왔던 것처럼 잘 할 수 있습니다. 화이팅.|||히데요시는 차기 노리나바입니다 ㅎㅎㅎ 욕심과 욕심으로 인해 인생의 말년에 빵과 함께 장수하시길 두손 모아 기도드립니다.|||조희대 특검 사퇴.|||일주일에 하루도 최욱 안 보고 안가는 내가 뭐지 ㅋㅋㅋ 좋아요 5만개 주말도 놓쳤네요 ㅎㅎ 오세훈 눈치 챘네요 ㅋㅋㅋ|||봉지욱 기자님 항상 응원합니다.|||안미현 법학전문대학원 얘기입니다. 로스쿨 학생들이 안미현씨를 집단적으로 형사고발하고 실무연수 민사집단소송도 제기하길 바랍니다. 아주 생생한 실천이 아닐까요?|||사법부의 위헌심사 요구는 이제 위협이다. 사법부가 위헌심사를 청구하면 국민은 일어선다. 사법부도 그걸 알 것이다.|||서울에는 2시간 동안 눈이 내렸는데 퇴근길에는 6.25폭동 같지 않았다. 한편 오세훈 서울시장은 출국 중이다. 아, 이런.|||사법개혁은 반드시 필요하다|||사법개혁이 이루어져야 합니다.|||조희대와 사법부는 윤석열을 보호할 뿐 아니라 국민과 맞서 싸우고 있다. 그들은 인간이 아닙니다.|||이 어려운 시기를 이겨내기가 어려웠습니다... 대한민국 국민이 악의 거인을 물리쳤습니다...|||사법부를 개혁하고 언론을 폭력의 쇼로 바꾸십시오. 정말 고마워요, 최욱 씨.|||안미현 씨, 업무방해죄로 고소해야 하나? 재심사에 소요되는 모든 비용은 보상됩니다.",0
K6Kjzdl4t_0,대통령봉기법정에 대한 우상호의 생각! 나는 수박인가? 정식 버전,"저는 성동구 주민입니다. 구청장님, 지역주민의 생활친화적 지원을 훌륭히 해내고 계십니다! 초등학교 저학년 학생들을 집에서 학교까지 데려다주는 도보 스쿨버스는 워킹맘들에게 최고의 선택입니다! 운동화를 신고 성동구 구석구석을 돌아다니는 그는 큰 인기를 끌며 주민들의 환영을 받고 있다.|||저는 성동구민으로서 정원오 시장님으로부터 많은 혜택을 받았습니다. 더 많은 시민들이 혜택을 받을 수 있었으면 좋겠어요!|||정원오 구시장님, 행정을 이야기하는 것은 어렵지 않고 즐겁습니다.|||29 49 와 성동구청장님! 저는 종로구의 배달기사인데, 카페에서 항상 인천 날씨를 확인하고 있어요. 인천에 눈이 오면 1시간 30분, 2시간 안에 서울에 올 확률은 90이 넘는다.|||이준석은 어린 윤석열이라는 사실을 모르는 게 바보의 극치다.|||역사교육과 도덕교육을 강화해야 합니다. 이명박 시대에는 국정원과 기무사령부가 동원돼 일베키녀의 역사교육을 약화시켰다. 역사교육, 특히 근육-혀 대화를 강화하는 것이 그 해답이다.|||정원호 성동구청장... 안경 바꾸고 보니 정말 최욱 닮았네요!!!|||김선! 오늘 내용도 좋았어요!!! 센스있는 역사 선생님이 되어주셔서 감사합니다!!|||배우 조진웅에 대한 이야기를 들으면서 느낀 점은 박구용 교수는 이 문제를 원리와 구조의 차원에서 바라보는 반면, 최욱 앵커는 이 사건이 소비되는 방식과 현실적인 감정에 집중하는 것 같았다. 둘 다 타당한 관점을 가지고 있었지만 대화가 서로 다른 질문에 대답하는 것처럼 들렸습니다. 어쩌면 그래서 더 많은 생각의 여지를 남겨준 토론이었다고 생각합니다. 오늘도 밀도있게 방송을 들었습니다. 감사합니다|||박구용 교수는 함정에 빠진 것 같다. 다른 건 없고 그냥 이명박 세대다. 저는 15년 전 대학생이었을 때 개인교습을 했습니다. 중학생들과 함께 수업을 들었는데, 그들의 부모님은 모두 맞벌이 부부였습니다. 그때 초인종을 누르고 들어가보니 다들 일베와 다른 커뮤니티에서 활발하게 활동하고 계셨어요. 그 중 한 분은 광주민주화운동이 날조였다고 웃으며 말했고, 마음이 아팠습니다. 어디서 봤냐고 묻자 그는 입을 다물었다. 그 친구는 착하고 밝은 아이였어요. 아이들은 그냥 그렇게 잘라요. 그게 다야. 이래서 나는 이명박을 절대 용서할 수 없다.|||쿠팡의 심연을 실감한 듯 연예인 뉴스에 눈을 돌리고 조희대 기소장을 휩쓸기보다는 언론이 진실을 쓰고 목소리를 내주세요! 레거시 언론들은 왜 다 조용해!!!!|||정원오 성동구청장이 서울시장 돼야|||죄송해요, 바빠서 생방송을 못 봤는데, 지금 보고 있어요.|||정원오 서울시장을 뵙고 싶습니다!|||원오구시장이 안경을 바꾸다니 참 웃긴다.|||10대와 20대 극우 성향의 행동 원인 중 90%가 게임 채널이다. 이 분야에서는 황희두 선생님의 말씀이 가장 설득력이 있다고 생각합니다. 정부는 청년층을 극우로 양극화시키려는 목적으로 수년간 게임채널을 통해 체계적으로 여론조사를 진행해 왔다.|||좋아요. 눈에는 열선이 가장 좋습니다. 나는 그것에 대해 생각했다. 시장님은 매우 열정적입니다.|||다른 지역 시장들은 예산을 사용하여 열선을 설치하고... 새로운 보도 블록을 양호한 상태로 설치합니다. 우리 지역에서는 연일 도로를 파는 일이 벌어지고 있어 걷기도 힘들고 사람들이 넘어지는 일도 벌어지고 있습니다.|||믿고 시청할 수 있는 방송|||오늘 들으면서 우리는 정말 행복한 나라의 국민이라는 생각이 들었습니다. 방글라데시 민주화 시위에 참가한 시민들은 1400명이 목숨을 잃은 가운데 국제적인 관심을 받지 못했다고 울부짖었다. 그리고 이 눈물이 4·19, 5·18, 6·1항쟁의 시민들에게 빚으로 흘려지리라 생각합니다. 강의해주셔서 감사합니다. ㅣ그동안 부진한 시련과 형벌로 힘이 빠졌는데, 이 이야기를 듣고 더욱 힘내봅시다. 다시는 전두환 사면의 역사를 반복하지 맙시다.|||김은혜부동산을 확인해보세요.|||현대사 교육을 강화해야 합니다.|||혐오현수막 제거 이야기가 정말 마음에 들었습니다. 저는 종로구 주민인데, 아침에 출근할 때 이렇게 종로구, 중구, 강남구를 지나다닙니다. 정말 죽여주네요. 저는 일이나 다른 어떤 것 때문에 스트레스를 별로 받지 않는데, 이 배너는 정말 죽여줍니다. 매일 나의 하루는 대통령이 욕하는 모습을 보며 시작된다.|||최욱이 최고야 오정원 성동구청장님께 감사드립니다. 서울시장님께 진심으로 바라겠습니다.|||오늘 소식은 아주 좋을 것 같아요. 살펴보겠습니다.",0
smZ4iQkqzOg,계엄령 링크를 찾았어요! 임은정은 설명이 필요하다.,"최욱 씨, 오늘 감동받았어요. 세세한 부분까지 놓치지 않고 짚어주셨네요. 잠을 언제 자는지조차 궁금합니다. ㅋㅋㅋ|||조희대 지지연 내전판사 이정제 즉각 구속하라…|||누가 뭐래도 우리 욱이 최고다. 우카 씨, 정말 고마워요. 당신이 있어서 늘 힘이 납니다.|||남북전쟁을 종식시키기 위한 길은 멀고도 험난합니다. 지치지 말고 끝까지 잘 마무리하자. 역사상 중요한 교차로입니다.|||역시 신뢰받는 기자 최욱은 날카로웠다. 매불쇼를 능가할 수 있는 미디어는 없습니다!!! 최고|||조희대, 지귀연은 처벌받아야 한다.|||사법부 내부 통제 시스템이 썩었다. 대부분의 조직에서는 일정액수를 초과하면 형사처벌을 하고, 일정액 이하의 비리행위가 적발된 경우에도 내부징계절차를 진행하지만, 가장 깨끗하다고 ​​여겨지는 법원은 부패가 발생하더라도 시스템을 운영하지 않습니다.|||판사들의 특권의식 때문에 자신들의 판결이 무조건 성역이어야 한다는 이상한 망상을 품고 있어 법왜곡죄에 반대한다. 비록 지구연을 명백히 비판하고 이 정도의 법왜곡은 반드시 처벌받아야 한다고 밝혔음에도 불구하고, 법왜곡죄에 반대하는 것은 지구연처럼 필요하다면 법을 왜곡하고 싶다는 뜻을 드러내는 행위로 보아야 한다.|||매불쇼를 만들어주시는 모든 분들께 진심으로 감사드립니다.|||남미라 시차가 있지만 좋아요가 12만개밖에 안됐는데... 그런데 오늘 이렇게 중요한 사실을 알려주셔서 정말 즐거웠습니다. 두 의원님, 고맙습니다. 천재 앵커 최욱의 두뇌와 열정이 대중에게 각인됐을 거라 확신한다. 2|||백해용선팀의 조사 결과를 기대합니다. 수사를 방해하지 말고 즉시 영장을 발부하라.|||국정원을 이렇게 하면 폐지하고 기관을 새로 만들어야 하는데... 국정원장은 아직도 있는데.... 이게 우리나라의 큰 문제입니다.|||매불쇼가 최고입니다. 나는 항상 당신을 지원합니다.|||최욱씨 검찰은 정말 무법천지입니다. 기다리세요. 사람들은 그를 끌어내리고 엄중히 처벌할 것이다.|||마약 수사는 반드시 특검으로 가야 한다.|||내전은 완전히 해결되었습니다. 그것에 대해 더 많이 알수록, 이 세상은 무서운 세상이고 악마가 진짜라는 생각이 더 듭니다. 마약 수사를 제대로 해야 이 나라가 설 수 있다고 생각한다. 오늘 방송 다시 한번 감사드립니다!|||얼마나 긴장됐나요? 남북전쟁 당시 살인미수를 당한 사람들을 그냥 놔두는 것은 정상이 아니다. 검찰, 판사들 정신 차려라, 기생언론!|||이는 국가와 국민의 미래가 달린 마약 문제다. 우리는 그것을 그냥 무시할 수 없습니다. 특검으로 가야한다!!!|||조희대, 지귀연은 필수!! 저들은 반드시 처벌을 받아야 합니다!!|||사법부 판사 조사든, 마약 수사든... 실망스럽다고 하기엔 부족하다. 진실을 밝혀주세요|||매불쇼는 웬만한 영화보다 재미있습니다!!!!!|||개헌안에 내전의 조짐만 있어도 끝까지 조사해서 처벌하겠다.|||추경호 20억원 뇌물수수 의혹 별도 수사 필요|||마약사건, 이렇게 간과해서는 절대 안 됩니다! 타워보스를 밝혀내야 합니다!!|||마약수사를 끝까지 처리해주세요!",0
51vhxEQow6c,폭설 때문에 화장실도 못갔는데... 오세훈은요?,"한강버스에 예산을 다 썼기 때문에 제설차를 살 여유가 없는 것이 아닐까? 하하, 정말 답이 없어요.|||문제는 누구를 비난할지 투표한 유권자들이다.|||그의 눈도 물이다... 오세이돈은 물에 대해 성실하다.|||공직자책임제를 제정해 공직자들을 직위에서 사퇴시키고, 처벌 책임을 지게 해야 한다.|||오세훈 사진 찍은 사람들은 한강버스 타야지...|||성동구청장이 서울시장으로 나오면 좋을 것 같아요. 당신은 일을 정말 잘해요.|||이번에는 서울시민 여러분, 좋은 일꾼으로서 시장을 알아봅시다.|||맞더라도 한 장 더 찍을게요.|||서울 사람들이 돈만 지키면 된다고 해서 문수을을 다시 찍어봤는데 아, 서울 참 대단하네요.|||오세훈은 바쁠 텐데요. 그는 마지막 순간에 바빠서 시간이 많이 남지 않았습니다. 서울시장 ㅋㅋㅋㅋㅋ|||도대체 서울시민들은 국력이 좋다는 게 뭔데?|||다섯 살 훈이가 서울을 봉쇄하려 한다.|||아 세훈아 이래서야! 이럴 때 탈 수 있도록 한강버스를 만들었어요. 부두에 인생을 맡기고 탑승하십시오.|||베트남 온천에서 따뜻한 마사지를 받고 있었어요!!!|||오세훈은 따뜻한 베트남에 있다. 너무 웃겨서 살 수가 없어요. 오세훈|||서울에 사시는 분들은 사람 보는 눈을 키우세요.|||그는 현명한 척하는 서울시민들이 선출한 시장이다.|||관심도 없는데 한강에는 왜 배들이 있는 걸까요? 폭설과 폭우가 늘어나고 있어 이에 대한 대비가 필요합니다. 내 머리 속에 무슨 일이 일어나고 있는지 궁금해|||동남아 여행을 갔다고 들었는데...|||부산과 대구를 비난할 필요는 없다. 그럼에도 나는 다시 오세훈에게 투표한다.|||투표 잘해주세요|||쌀국수 먹으러 나간 185세 후니|||빨리 한강버스를 탔어야지.|||시장이 서울에 없어 제설작업조차 불가능할 정도로 시스템이 엉망이다. 돌아다니면서 뭐해요? 한강버스 같아요. 그것에 돈을 쓰지 마십시오. 시민들이 필요로 하고 원할 때만 하십시오.|||해외에서 놀아요....",0
GLxKSy59Gn4,국회의장을 사퇴한 인요한이 잊지 못할 말을 남겼습니다,나는 이 사람들이 항상 말도 안되는 소리를 하는 것에 너무 지쳤습니다!!|||그들만을 위한 파티. 사라지다.|||이 이중국적자도 미국을 위해 스파이 활동을 했는지 철저히 조사해야 한다. 아울러 탈북 국회의원들에 대한 철저한 조사도 필요하다.|||조상들의 선행을 막은 자|||통일교회와 관련된 일이라 피곤해서 달리는 것인지 궁금합니다. 퇴직하더라도 책임을 져야 합니다.|||돌아가신 아버지의 명예를 무시하는 혀!!!!!! 돈과 기득권의 카르텔 쯧쯧|||아버지의 위대한 업적을 욕하는 놈이군요.. 참 극우 성향이군요..|||슬슬 도망치기 시작하는군요.|||빵과 함께 가세요|||진짜 이해 안가는 사람 중 하나|||뭐하세요?|||머리가 완전히 깨졌네요.|||도망가고 있는 거야?|||그것은 무엇입니까? 김건희가 한 짓은 윤석렬보다 더 역겹다.|||대답이 없습니다. 멈추길 잘했어요.|||관심을 표출한 선거구들은 반성하고 이런 사람들이 다시는 국회에 출마하지 못하도록 해야 한다.,0
BtmDYY8osmA,"김어준의 겸손은힘들다 뉴스공장 2025년 12월 2일 화요일 김용민, 김완, 오혁진, 김승원, 노영희, 신용한, 주진우, 박종찬, 주식아가방, 겸손공장","쿠팡이 적극적으로 해결하고 있는 것은 없다. 최소한 TV나 신문에 광고를 해서 정보 유출을 차단하는 방법을 사람들에게 알려야 합니다. 사실을 숨기거나 은폐하려는 기업은 더 이상 그럴 수 없습니다. 과로사, 일용근로자 퇴직금 미지급 사건에 대한 조사에 외압이 가해지고 있다. 대통령은 미국의 적이다. 회사 공개는 미국에서만 이루어집니다. 퇴직을 앞둔 판사와 검사들이 넘쳐나는 이런 비양심적인 회사에 맞설 수 있는 대안회사가 없다는 것이 답답하다.|||사법부를 혼미하게 만드는 사법개선법을 제안하라. 공정하지 못한 조희대 대법원장 권력을 모두 빼앗아라.|||대통령께서 반란군과 국가범죄자들을 그들의 상속인까지 포함해 철저히 조사해야 합당한 처벌을 받을 것이라고 말씀하셨습니다.|||박종찬 국장이 나와서 출시 방송 때 듣지도 못했던 잠입부서의 긴급사항을 들을 때 더 열심히 했다는 걸 느낄 수 있었습니다. 한우연님, 행운을 빕니다.|||지방선거 반발을 논할 것이 아니라 내전 동조자 전원을 형사처벌해야 한다.|||무장한 군인들이 급하게 달려가는데도 눈에 상처가 될까 봐 목까지 겨냥할 정도로 배려심이 깊었다.... 와!!! 참신하다. 철저히 조사하여 합당한 처벌을 내리시기 바랍니다.|||나는 모든 법률 조항에는 법의 왜곡을 방지하기 위한 목적이 부여되어야 한다고 믿습니다.|||반역죄와 법왜곡죄는 사면 없이 처벌해야 한다. 그런 법이 없다면 법을 만들어서 최종적으로 만들어주세요. 그런 불법적인 행위를 생각조차 하기 어렵게 만들어야 합니다.|||스톡백을 집중적으로 시청하여 편집하시기 바랍니다.|||검찰청 폐지가 78년 만에 완성됐다. 뿌리 깊은 사법부 부패를 청산하는 일은 훨씬 더 어렵고 어려울 것이다. 법안을 꼼꼼히 검토하다 보니 늦어진 건 알지만, 국민 입장에서는 많이 답답했습니다. 이재명 대통령님, 정청래 의원님, 추미애 법사위원장님이 계셔서 다행입니다. 나는 끝까지 남북전쟁 청산을 지지하겠습니다.|||공장장은 과학 관련 인터뷰에서 빛을 발하며 누구보다 재미있다.|||계엄령 해제 이후 조희대가 누구로부터 전화 지시를 받았는지 즉각 조사해야 한다.|||총구를 막는다는 것은 군수품을 빼앗는다는 뜻인데... 그런 시각으로 세상을 볼 수 있다는 게 놀랍다. 그 변호사들을 남북전쟁 참여자로 본다면 이는 사실이다. 즉, 그 변호사들도 내전 관련법에 따라 처벌을 받아야 한다는 것이다.|||정말 꽉 찬 쇼|||계속해서 숨어 지내는 악질 조희대를 즉각 붙잡아 엄중히 조사하고 처벌해야 한다.|||난 끝을 봐야 해|||역사를 망각한 자들은 그것을 반복할 수밖에 없습니다.|||김용민 의원님이 계셔서 얼마나 다행인지 모릅니다. 꼭 필요한 법안을 제정해주신 김 의원님께 ​​감사드립니다.|||김용민 대표님, 와!! 일 정말 잘하시네요 양복입은 입법검투사님!!|||우주분야 공장장을 인터뷰할 때 정말 빛이 난다. 그가 모든 것을 알고 질문을 할 수 있다는 것은 정말 멋진 일입니다.|||분명해, 분명해! 바쁜 출퇴근길에 놓치신 내용이 있다면, 다시 한 번 들어보시는 것도 나쁘지 않습니다. 공공서비스와 결합해 내 삶의 생산성을 높여주는 민주진영의 천년나무|||재고가 좋은 상품입니다. 나는 좋아 보인다.|||마스코트 최서영PD 화이팅!|||내전을 철저히 규탄하지 못한 페루는 수많은 인명 피해를 입었다. 잊지 말자! 철저하게 규탄받지 못한 과거의 군사쿠데타가 현재의 12·3 내전으로 돌아왔다. 사법부는 철저히 조사하고 철저히 규탄해야 한다! 내전 전문 법원 설립이 시급하다.|||눈 손상이 두려워 목에 총구를 쐈다고 하는데... 법정에서 그를 대리하는 변호사... 비정상적이고 비합리적인 사람들이 이런 짓을 하는 게 정말 정상일까요??? 우리는 정말 무서운 세상에 살고 있습니다. 국민들이 정신을 차려야 한다... 아직 내전 중인데... 언제까지 지켜봐야 하는지...",0
sYqT6FQjAbg,"정준희의 논 12.3 1년의 내전, 함께 울고 웃던 우리 친구들ㅣ최욱","오늘 너무 좋았어. 사실 매불쇼 때문에 참았어요. 탄핵안이 부결되자 주말에는 왜 매불쇼가 없나 싶었고, 매불쇼에 유시민 작가가 특집으로 출연하자 비명을 질렀다. 나에게는 안정감이 있었고, 아직도 우리 사회에 나와 같은 생각을 하는 사람들이 있고, 내 생각을 전달하는 방송이 있다는 사실이 다행이라고 느꼈다. 오늘 방송을 준비해 주셔서 감사드리며, 남북전쟁 특집을 위해 최욱 인터뷰가 필요하다고 생각하신 정준희 교수님의 통찰력에 감탄했습니다. 미디어학자로서 언론과 미디어에 대해 쉽게 간과할 수 있는 점들을 지적해주셔서 감사합니다.|||뉴스팩토리와 매불쇼와 함께한 지난 1년은 화도 나고 위로도 되고 속상도 하고 걱정도 되고 안도도 되는 시간이었습니다. 아직 끝나지 않은 내전으로 인해 많이 지쳤지만, 끝까지 응원하고 함께하고 싶습니다. 감사하고 감사합니다.|||정준희 교수는 다정한 눈빛과 자랑스러운 미소로 욱을 바라보고 있다.|||김어준과 최욱이 없었다면 남북전쟁 이후의 상황은 지금보다 훨씬 더 혼란스러웠을 것이다. 너무나 감사한 두 거인|||최욱 보러 왔어요.. 흔치 않은 영상이네요.. 최욱님도 전문가이시네요.. 하하하하 최고네요.|||최욱을 만나러 왔어요 ㅎㅎ|||지난 1년 동안 수고와 수고가 있었기에 버텼습니다. 매우 감사합니다. 두 미디어는 결코 경쟁적이거나 상호 배타적이지 않습니다. 분명 공통분모는 있지만, 사람마다 각자의 역할과 색깔이 있다. 우리는 더 이상 하나만으로 만족할 수 없습니다. 오늘 방송 정말 좋았어요. 동료와 매불쇼 만세!|||오전에는 공약하러 오고, 점심에는 매불쇼, 저녁에는 남천동 세 방송이 있었기에 제가 1년을 버틸 수 있었습니다. 모두 감사합니다. 앞으로도 계속해서 응원해 주세요!|||저는 남북전쟁 이전에는 정치에 전혀 관심이 없었던 사람입니다. 지난 1년 동안 유교, 매버릭 쇼를 들으면서 정치 저관여 집단에서 어린 발걸음을 내디딜 수 있도록 도와주셔서 감사합니다. 내전 종식은 아직 진행 중인 작업이라는 점에 깊이 동의하며, 끝까지 두 방송사와 두 분을 응원하겠습니다.|||예전에는 김어준이 장판파의 장비처럼 홀로 모든 적과 맞서 싸웠다면, 이제는 최욱이 조자룡으로 그의 곁에 있는 듯한 느낌이 든다. 너무나 안심이 되고 강력합니다.|||정말 최욱님 덕분에 한 해를 살아 남았습니다! 정말 고마워요, 우리 영원한 광대님.|||좋아요. 정말 계엄령이 내려진 1년 동안, 오전에는 함께 일하고 오후에는 매불쇼를 듣고 보면서 위로를 받으며 버텼습니다. 매우 감사합니다.|||뉴스팩토리 매불쇼 보스 남천동 2024 1203 없었으면 큰일났을거에요!! 내 옆에 있어줘서 너무 고마워요|||매불쇼는 지난 한해 정말 소중했습니다. 특히 유시민 작가의 끊임없는 출연으로 현 상황을 분석하고 다양한 조언을 해준 덕분에 우리가 극도로 악랄한 윤정권 시대에서 살아남을 수 있었다고 해도 과언이 아니다. 그리고 남북전쟁 1년차, 지금은 좀처럼 듣기 힘든 최욱씨 자신의 이야기를 들을 수 있어서 너무 좋았습니다.|||감동적이에요. 용기 있고 친절한 사람들이 있기 때문에 우리의 미래는 실패하지 않을 것입니다. 남태령연합이 북클럽을 통해 연대를 쌓아가고 있다는 사실. 박수 갈채. 새로운 사명감으로 오프라인의 중요성을 일깨워주셔서 감사합니다. 오늘도 정준희 샘의 말이 신호등 역할을 한다.|||겸손, 매불쇼는 TV 종합뉴스를 완전히 차단했다. 그들은 최고의 방송인입니다.|||겸공님과 최욱님의 콜라보레이션을 기쁘고 응원합니다.|||세상이 좀 편해지면 최욱도 옛날로 돌아가서 웃기려고 열심히 일할 것 같아요. 하루빨리 편안한 세상이 오기를 진심으로 바라겠습니다 최욱님 화이팅!!|||공직자이자 매불쇼인 유시민 작가 덕분에 내전을 버틸 수 있었다. 감사합니다.|||우기형이 등장해서 좋았어요. 개인적인 바람이 있다면 겸공과 매불쇼가 서로 의지할 수 있었으면 좋겠다. 그리고 노무현재단에서는 유시민 작가, 김어준 공장장, 우기형 셋이 함께 방송하는 그날을 기다리겠습니다. 우키형의 생각을 자주 듣고 싶어요. 게스트로 자주 나와주세요.|||최욱!!! 저는 매불쇼를 매일 보는 것을 좋아합니다. 오후 1시 59분에는 다른 채널을 시청하고 있어도 매불쇼 가서 좋아요 누르고 시청합니다. 재미있고 설명도 이해도 매우 쉽습니다. 댓글에 너무 스트레스 받지 마시고 계속 방송에 최선을 다해주시기 바랍니다. 제 주변에는 매불쇼를 좋아하는 지인들이 많아요. 최욱님 정말 사랑해요.|||최욱이 좋다. 우리와 함께 해주셔서 감사합니다.|||김어준은 아빠 같은 느낌이었고, 최욱은 엄마 같은 느낌이었다. 내전때 떨고 있었는데 긴장하면서도 긴장하지 않는 척 해주신 감독님 덕분에 마음을 다잡을 수 있었고, 같이 긴장하던 최욱 선배님도 호들갑 떠는 것을 멈추고 정신적으로 함께 나가주셔서 많은 위로를 받았습니다. 하루하루 아무런 희망도 보이지 않는 그 순간에도 그 둘이 우리 편이라는 생각은 결국 우리가 이길 것이라는 확신을 주었습니다. 너무너무너무 고마워요|||최욱과 겸공의 콜라보레이션!!! 정말 행복했어요!!!! 최욱님 많이 피곤하셨을텐데 12월 3일 겸공스튜디오에 선물처럼 와주셔서 정말 감사했습니다!!! 어준지사님은 불쇼 한 번 쯤 가보셔야 하지 않겠습니까!?? 최욱 최고였어!!!!!!|||뉴스팩토리와 매불쇼는 우리를 살린 방송입니다. 이번에는 정말 대단합니다. 함께 지켜보세요.",0
dEBjgllE4dg,속보 정동영이 통일교 뇌물수수 의혹에 대해 입장을 밝혔다. 밋밋한 내용 연합뉴스TV,"싸그리 잡아드려 무기징역 해야 지|||종교든 여든 야든 불법이 고의적인놈들은 전재산몰수하고 사형시켜야한다|||돈에 환장 했네|||통일교.문제있는민주당도.모두특검을.해야됩니다.|||이 사람들은 우선 사실무근으로 부인부터 하고 그 다음은 직을 사퇴하고 그 다음 탈당하지요. 이러는 사이 김현지, 장경태는 관심 밖으로 ...|||나이70이후무슨장관한다고 참기가막힌정부|||본인부터 법을 지켜라|||속이 타겠구나!|||오리발 작전 시작|||민주당이 통일교와 연예인들 뚜드리는 사이에 김현지와 장경태가 슬그머니 사라졌습니다 ㅠ",2
xA4D-9jlmVo,누가 법정 공휴일로 만들고 싶나요? 매우 극단적인 좌파 정권이다.,"인터넷TV 신규 가입시 최대 48명, 이동통신사 변경시 최대 30명, 정수기 렌탈시 최대 30명 총 108만원 혜택! 타사보다 혜택이 적을 경우 차액 150% 보장 https abit.ly 89klwr|||물론. 너무 많이 쉬면. 나라가 망했어|||대장동 주민들에게서 천문학적인 돈을 횡령한 대장동 주민들을 법정휴일로 처벌하는 날을 만들어주세요.|||절대 불가능합니다|||탄핵만이 답이다!!|||이 범죄자를 빨리 검거해서 조사하고 진압해야 합니다.|||민주당 해산 기념일이 될 수도 있다.|||계몽절은 태극기를 게양하는 날..|||그냥 하고 싶은 대로 하세요|||범죄자들을 빨리 몰아내야 정상적인 세상이 올 수 있습니다.|||미친 나라네요.|||미칠 것 같아, 내 빌어먹을 날은 얼마 남지 않았어|||그들이 원하는 것은 무엇이든하는 갱스터 정치.|||이제 일반 범죄자가 대통령이 됐으니 하고 싶은 대로 하는 일반 범죄자! 이제 그는 왕이다! 개딸들이 너무 많아서 맨날 웃어요! 저 일반 범죄자는 수갑 차고 감옥에 갔으면 좋겠어요!|||돈이니까 관련자들에게 줄게요.|||빨리 탄핵하자|||대장동 시체는 언제 탄핵되나요?|||법정 공휴일로 지정하세요. 태극기를 들고 광화문 집회|||아니요, 국회도 마찬가지입니다. 이 정부 직원들은 뭐하고 있나요? 그들은 말이 되는 말을 해야 합니다. 마치 악한 일이 벌어지고 있는 것처럼 느껴집니다. 국회는 마구잡이로 새로운 법안을 만들고 있다. 무슨 일이야? 사람들은 신경도 쓰지 않습니다.|||다양한.|||시끄러운 소리를 내다가 잠이 들었습니다. 이것은 누구의 제안에서 나온 것입니까?|||516일은 공휴일로 기념되어야 합니다.|||6 25일은 법정 공휴일이어야 하지 않나요? 솔직히 휴전협정의 날인 7일은 법정 공휴일이어야 하지 않나요? 9 인천상륙작전일인 15일은 법정공휴일이어야 하지 않나요?|||시사평론가 박상규 씨 말이 맞습니다. 나는 당신의 올바른 말을 기다리고 듣겠습니다.|||공휴일을 마음대로 만들려고 하면 살기 좋은 나라를 만들 수 없습니다. 공휴일을 마음대로 만들면 끌려가기 전에 내려오세요.",1
GCZNwokzqDc,"권순표 뉴스하이킥 국력 윤한홍 똥덮힌 개 직격탄…격투 멤버 장동혁, 당내 외톨이가 될까? 최형진, 기추자, 이정은, 김용민, 박지훈, 이상민이 거의 없다.","사실 국민은 목숨을 걸고 이를 막았지만 조희대 사법부는 무너져 충성을 다했다.|||장성철. 비평가. 사임해야 해요... 이렇게요. 감정. 나는 아무것도 가지고 있지 않습니다.|||하단에 보면 어떤 모습인지 알 수 있습니다. 감독말 펄팩|||장성철은 생계를 유지하기 위해 고군분투한다.|||장성철은 이기주의자다. 그는 자신이 뭔가 잘못했다고 말하면서도 한편으로는 반역을 옹호한다. 나는 그 사람이 지겹다. 나오지 마세요.|||장성철은 엑스파일 사건으로 인해 그런 대우를 받아서는 안되는 사람이다.|||나는 신인규 변호사를 좋아한다.|||판사가 윤석열에게 무죄를 선고해도 문제가 무엇이냐는 성철의 논리.|||장성철 말장난은 이준석이랑 똑같네요 ㅋㅋ 이제 그 사람을 그렇게 부르지 말자.|||신인규처럼. 보수적인 패널이 있으면 좋을 것 같아요.|||매일 방문하시는 김용민 의원님, 진심으로 응원합니다. 감사합니다.|||아씨... 눈을 잃었어요... 장씨가 찢겨지는 걸 봤어요... 빨리 가겠습니다.|||이재명 회장님은 아주 잘 지내고 계십니다. 저는 민주당을 지지합니다.|||장성철은 영리한 말장난이다. 지겨워요.|||사람들이 장성철을 비난하는 이유다.|||이제 사과할 필요는 없습니다. 국력은 아직 정신을 차리지 못했다. 그들은 내년 선거에 대해 스스로 반성을 하도록 강요하고 있다. 유권자는 바보가 아닙니다.|||성철아, 닥치면 성공한 대통령이 될 것이다.|||혼자 사소한 말다툼을 할 때는 가벼운 척하지만, 공격을 당하면 냉철한 얼굴로 그를 바라보며 한마디 한마디를 짚는다. 이쯤되면 패널분들과 진행자분들께 죄송한 마음이 듭니다.|||신인균님, 시원한 주장에 동의합니다.|||신인규님 말씀이 맞습니다. 감사합니다.|||간략한 의견: 내란재판소는 1심 판결을 진행하기 위한 위협으로만 활용될 뿐 나머지 사법개혁은 신속히 처리되어야 한다.|||신인규는 너무 똑똑하고, 장성철의 말은 너무 앞뒤가 안 맞고 불합리하다.|||대통령 지지율은 좋은데 민주당이 망각된다면 어떻게 될까요? 대통령님을 잘 도와드리겠습니다.|||나 역시 장성철 씨와 많은 부분에서 공감했다. 나는 중간에 있다고 생각했습니다. 반란 재판소도 이에 반대했으며 사법부에 대한 너무 강한 공격이 문제라고 생각했습니다. 그러나 일수를 시간으로 계산하는 것은 만들어진 법이었고, 판사는 법을 만들고 법 위에 있었다. 솔직히 이재명이 재판에 가면 유죄가 나올 줄 알았다. 하지만 몇 년 전만 해도 시간이 부족해서 질질 끌고 대선에 출마할 것이라는 생각이 들었고, 내 생각은 틀리지 않았다. 하지만 나도 틀렸다. 대법원은 대선개입을 위한 특별법원이 됐다. 저는 이것이 매우 명백한 죄라고 생각합니다. 이 법이 민주당 대표에게 특히 빠르게 적용된다는 것이 말이 됩니까? 법원은 윤석열만 평등해야 하나? 이것이 말이 되나요? 다시 생각해 보니 그 정도 규모의 문제가 또 있었다. 계엄령이 내린 다음 날 저는 조희대 대법원장을 정말 신뢰했습니다. 우리나라에는 국회를 믿고, 사법부를 불신하는 국민이 얼마나 될까요? 물론 국회의원은 쓰레기다. 법원을 가장 믿었던 것은 우리나라였습니다. 조희대 대법원장은 사법부가 카메라 앞에서 계엄령을 옹호할 수 없다고 말했다. 이런 발표를 할 줄 알았습니다. 하지만. 전혀 하지 않았고 그 이후로도 전혀 하지 않았습니다. 아무것도 없었습니다. 입법부는 행정부의 위헌 행위에 대해 조치를 취했다. 사법부는 침묵했다. 이제 생각해 보세요. 선례가 매우 중요하지 않나요? 판사는 새로운 법률을 제정하고, 대법원은 선거에 개입하며, 계엄령에 대해서는 침묵을 지키고 있습니다. 이제는 전혀 동의할 수 없습니다. 사법부가 과열되고 있다. 그게 내 의견이야.",0
QSHonpqumtA,"김민기 국회사무총장이 전하는 내전의 밤에 이목이 쏠린다. 계엄령 의혹으로 여름부터 명심훈련을 하고 있는 김민기 국회사무총장, MBC 251202 방송","김민기 사무총장님께 감사드립니다. 당신이 있어서 정말 행운이에요.|||정말 고마워요 고마워요|||매우 감사합니다|||나라를 위한 중요한 인재가 있다는 사실에 너무 감사하고, 시뮬레이션과 사전점검이 나라를 위험에서 구한 정말 중요한 열쇠였다고 생각합니다.|||김민기 사무총장님과 인터뷰를 오랫동안 기다려왔는데, 김민기 사무총장님도 또 다른 영웅이십니다.|||극북에서 뛰어난 능력으로 나라를 구한 국민일꾼들에게 진심으로 감사드립니다.|||매우 감사합니다|||준비도 세심하게 했기 때문에 순조롭게 진행된 것 같아요. 감사합니다.|||김민기 국회사무총장의 별명을 알려드리겠습니다. 의사중 최고의 의사, 척척박사|||나라를 구한 분들 중 한 분이 되어 주셔서 감사합니다.|||By 찐..우리는 당신을 기억하고 존경합니다|||국회사무총장에게 훈장을 수여해야 한다. 계엄 상황에 대해 적절한 문서를 준비하고 계엄이 안전하게 해제되도록 했습니다.|||김민기 사무총장님, 당신은 제가 몰랐던 숨은 영웅이십니다. 감사합니다.|||매우 감사합니다. 나도 모르게 울고 있다.|||김민기 국회사무총장님, 국회의장님, 노고에 감사드립니다!|||정말 기쁘다|||감사합니다|||저희도 그날 일찍 잠자리에 들었다가 아침에 일찍 일어나서야 알게 됐어요. 그날 자고 있어서 국회의원들과 시민들이 몰랐더라면 큰일이었을 것이다. 당신은 애국자입니다.|||존경합니다, 감사합니다|||매우 감사합니다|||당신은 정말 좋은 일을 했어요|||이런 대단한 사람이 있다는 사실에 놀랐습니다.|||김민기 사무총장님을 꼭 기억하겠습니다. 감사합니다|||우원식 국회의장과 함께. 보안팀 보조원. 민주당 비서, 조국혁신당. 위대한 사람들에게. 감사합니다|||내전의 밤을 막기 위해 애쓰신 국회의원 여러분께 깊은 감사를 드립니다!!!!! 김민기 사무총장님 감사합니다!",0
LktonYKYHwo,"김종배의 관심 FULL 대장동 논쟁 조국 12.3은 내전인가? 김영진 쿠팡사건 우석진, 김국장 ㅣMBC 251204 방송",조속한 사법개혁을 바랍니다|||문제를 일으킨 김남국에 대해서는 이번 기회에 정리를 해보는 게 좋을 것 같다.,0
Ozi_WEpb58c,"김종배를 중심으로 FULL 내란재판소 박은정 TBS예산 주용진 모델동맹 최종건, 조용근 ㅣMBC 251208 방송","내전 전담 재판소가 돌아오는 걸 보니 조희대가 또 걸림돌이 됐나 보다. 대통령 위 대법원장, 이재명 위 조희대. 조희대에게 투표한 적 없어… 내전 참여 의혹 조희대, 자동 사퇴하면 안 될까? 조희대를 고소하는 게 어때요?",0
VI7bh3l1ujY,"뉴스 하이킥 특검 추경호, 계엄 기간 박지민 한동훈 본회의장 퇴장 요구, MBC 251209 YOUTUBE ONLY 방송","추경호가 법적 처벌을 받았으면 좋겠습니다.|||개맘데이에 남천동 사장님이 주신 아이템은 추경호님의 20억!!! 잊지 말자, 추경호의 20억 매출 마법, 내란당 해산|||영장실장을 체포하고 수사하라.|||추경호의 20억 이야기는 충격적이다. 철저하게 공개해야 합니다.|||추경호를 20억으로 수사해주세요.|||이런 상황인데도 구속영장이 기각됐다는 사실에 충격을 받습니다.|||정말 소름끼치네요. Huang Feihong이 수집을 담당했습니다.|||매불쇼 전 요정 박지민입니다!!|||박지민 아나운서를 만나는 것만으로도 너무 행복해요. 아무래도 매불쇼 때문인 것 같아요.|||박지민 아나운서를 자주 만나고 싶어요!|||박지민 아나운서가 너무 예뻐요. 이제부터 자주 만나요.|||사법부가 내란세력을 옹호하고 내란에 동조까지 하는 상황에서 과연 어떤 시민이 사법부를 믿을 수 있을까?|||예쁘네요!!!|||아, 지민님, 만나서 반가워요. 자주 나오세요! 그것도 잘 고쳐졌어요!!!|||통일교회 사건도 말씀해 주십시오.|||추 씨의 20억 원을 조사해보세요.|||이런 인재를 맨 앞줄에 채용하는 게 어때요?",0
sBvbPQaBNmU,"토크 인사 청탁 의혹 진윤, 김남국의 사퇴로 장동혁은 정말 버림받은 걸까. 정청래의 1인 1표제 거부, MBC 251206 방송","그러니까 국힘은 계엄 다시 해도 윤을 지지한다는 거네.|||국힘은 아직도 국민을 무시하네|||기흥이는 한떡수 따라다니던 넘 아닌가|||지겹다. 간첩 논쟁. 내가 볼때 나라가 망하길 바라는 국힘이 간첩 집단이지 누굴 간첩으로 몰아.|||국힘 저정도면 자기들은 절대선으로 아는거네|||뉴스하이킥은 각성하라. 김기홍 저런 자식은 다시는 패널로 데려오지 마라. 차라리 서정욱이나 고성국이를 데려와라.|||덕수 가방모찌하더니 다시 나왔네|||김기흥이 나왔네. 김기흥이 이자도 아주 질이 안 좋고 살살 변명만 하고 국민 오장 육부를 긁어내는 자입니다. 민주당이 지금 국힘당과 타협?을 해야 되겠냐? 뭘, 어떻게 이해를 하고 받아줘야 돼? 나라를 전복시키고 국민을 총칼로 위협하던 놈들인데 그런 놈들이랑 타협을 하라고 말이 되는 소리를 해라. 이놈아 국민들 간 터지겠다.|||김기흥 진짜 흉내도 못 내겠다 ㅋㅋㅋㅋㅋㅋㅋ 무슨 대화든 돌아서 민주당 까네 ㅋㅋㅋ 기흥아 대단하다 진짜 흉내도 못 내겠다|||못듣겠다 흥흥ㅋㅋ|||캬캬캬 기흥아 아직도 정신나가서 돌아다니니|||정치 현안에 대해 패널들이 종종 논리에 안맞게 헛소리 하는 걸 날카롭게 파고들지를 못하고 그냥 듣고만 있네... 주중이랑 너무 비교된다.|||김기흥의 논리는 세상 모든 소리 중 김남국에 대한 소리만 들리는 요상한 인간의 논리네. 기자했다는 인간이 김건희가 청탁한 국회의원의 자리와 명태균이 청탁한 수믾은 인사에 대해서는 안들리는 선택적 뉴스 컬랙터 스러운 논리네 .|||김기홍 또 당똥혁 대변인 추경호와 장똥혁11월3일계험에대해서한마디말도못하는대표를 엄호해 멀쩡한놈들....|||국민의힘이 우찌 저런말을 할수있는지 머리속이 궁금|||시끄럽다! 너그국짐은입이열개여도할말이없어야지 누가누구를비난해!|||이럴거면 걍 김치형의 국힘 하이킥으로 제목 바꿔라",0
xSmnsQPLfWU,윤한홍·권영진·주호영…역적의 말에 장동혁이 칼을 뽑았다 2025.12.9,41명의 반역자들을 기억합시다. 지역별로 공천 없애기 캠페인을 벌여보자.|||절대로 누군가를 지명해서는 안 됩니다. 정리하세요.|||배신자를 속여야 합니다.|||철저하게 날려야 합니다.|||반군은 절대 지명되어서는 안 됩니다.,1
JHKrhePLXSw,한동훈은 꽃게 사건의 증거가 공개되자 치명타를 입는다. 한동훈 가족목록 공개. 전화번호 마지막 4자리가 동일합니다 2025.12.9,그들은 반국가세력이다. 즉시 쫓아내세요.|||다 체포해|||이제 당신이 박 대통령을 무고한 죄로 감옥에 보낼 차례입니다!|||배신자들은 정치계에서 영원히 추방되어야 한다.....더 이상 할 수 있는 일이 없으니까.....|||당 사건의 핵심은 악플을 썼다는 점뿐 아니라 사건 발생 이후 한동훈이 당 대표로서 사건을 은폐하려 한 책임이 있다는 점에 있어 제명되어야 한다.,0
onmGkk4T-2s,"주호영의 충격적인 자멸은 폭정이고, 대구시장이 되려고 이런 말을 하는 것조차 탄핵사유 충분하다.. 2025.12.8","ㅁㅇ...ㄷㄷㄷㄷ 주씨. 정신 차려라, 인류를 배신했다!!! 그런 것들은 정치에서 퇴출시켜야 합니다!!! 저런 놈들은 욕할 필요도 없고 국력당한테 존나 짜증나는 놈들임!!!!|||그런 사람은 다시는 선출되어서는 안 됩니다. 그들에게 선택권이 전혀 주어져서는 안 됩니다. 정계에서 영구제명하는 것이 답이다.|||그런 사람이 있을까 싶다!|||ㅣ국권은 반역자로 가득 차 있습니다. 주호영 같은 사람이 많아서 당 지지율이 오르지 않네요.|||또 주호영인가? 하나가 지나가면 다른 하나가 그 진정한 색깔을 보여줄 것입니다. 다음에는 없을 것임을 준비하십시오.",1
cnwJ944-I5Q,백해룡,"한국에는 조작이 만연해 있다.|||허위사실 유포죄로 즉시 해고하고 조사하라.|||백해룡아, 벌을 받아, 벌을 받아, 벌을 받아|||백해룡은 윤석열에 대한 허위사실 유포로 명예훼손죄로 고발, 수사, 처벌받아야 한다.|||엉망이에요. 엉망이에요. 네 명의 잡범을 체포하세요. 탄핵해주세요.",1
maB-1XArsbo,북한의 부당한 판결처럼 법을 왜곡하는 범죄?...국민의힘 주진우 북한에만 존재하는 법제도를 가져올 수 있을까?,"자유대한민국에는 독재적인 공산주의 인민법원이 있을 필요가 없습니다. 자유민주주의를 탄압하는 가짜세력은 반드시 청산되어야 합니다.|||주진우 의원님, 더 힘내주세요. 감사합니다. 나는 안심이 된다.|||이 범죄에 대해 민주당을 탄핵하라. 전복적인 조직으로 처벌하십시오.|||저는 주진우 의원을 지지합니다. 지금 바로 제바루나라를 오픈할 수 있도록 노력해주세요.|||충격적이고 속상한 공산주의 독재법이다.|||맞는 것 같네요.|||정말 대한민국이 대한민국이 된 것 같습니다. 무슨 일이 일어날까요?|||주진우 의원님이 최고입니다. 나는 당신을 응원합니다|||주진우 의원님, 건전한 정치를 지지합니다. 힘내세요, 파이팅입니다.|||다 없애버릴 수 있었으면 좋겠어|||그는 국회의원 중 최고다.|||검사 출신 국회의원의 기준인 정의에 대한 안목이 뛰어난 사람.|||엄청난|||불법 특검을 해산하고 불법 특검을 수사, 구속하라.|||주진우 의원의 말이 맞는 것 같다. 그는 똑똑하고 현명한 국민 노동자입니다. 나는 계속해서 그를 지지할 것이다.|||저는 주진우 의원을 지지합니다.|||아무리 말을 해도 메아리일 뿐입니다. 나라를 올바른 길로 세우소서.|||문형배와 차씨에게 무죄를 선고한 이들이 바로 그들이다..",1
ZPL2hBKWU9U,국민의힘 중앙여성위원회 성명 발표: 2차 가해자 장경태는 즉각 국회의원직에서 물러나야 한다.. 추악하고 파렴치한 젊은 정치인으로 전락하라,사임하고 조사 받으세요.|||장경태 의원은 국회의원직을 사퇴하고 석고대죄를 지어야 한다!!!|||장동혁. 멋지다 맞다. 정치가. 나오고 있어요,1
i69-o2TM_Q4,"마이크 건넨 뒤 다시 가져간 우원식, 폭발?…회장직권 남용? 머리에 팩을 씌운 나경원","우원식 사퇴하세요.|||우원식은 자격이 없다. 사직하다. 사직하다.|||국회해산이 답이다.|||국회를 해산하다|||우원식 미쳤나? 정말 하하하|||회장은 편파적이다. 사직하다.|||우원식 국회의장이 자격 박탈, 사퇴, 사퇴.|||한국의 입법, 사법, 행정이 엉망이다.|||우 감독님, 이런 일을 시키세요, 정말 멍청해요.|||의장은 재빨리 중국으로 달려가 큰 소리로 말하며 누구도 자신의 당에 불리한 말을 하지 못하도록 막았다.|||못생긴 우원식.. 인사도 안 했다며 끝까지 보복했다.|||우원식: ""중국 뱃지 달고 중국에 가세요. 중립을 지키지 않으면 무슨 소용이 있겠습니까?""|||나경원 의원이 없었다면 누가 국민의힘에서 그토록 열정적으로 싸웠겠는가.|||싸움은 크고, 국력은 싸워야 하고, 파괴된다.|||그런 분이 대한민국의 지도자라는 것이 부끄럽습니다.|||합의가 안 되는 법안을 계속 제출하는 의장이 최악이다.|||나경원 의원님 힘내세요. 하늘의 축복 많이 받으세요. 끝까지 응원합니다.|||우원식의장ㅡ,,고,,이만섭 국회의장사본 받아 국회회의를 진행해 주십시오ㅡ독재를 중단하고 민주당 편성회의를 열어라ㅡ국민이 지켜보고 있습니다.|||이중당 후안 무치 의원은 우윈식 국회의장을 직무 불이행 혐의로 30차례에 걸쳐 탄핵했다.|||앞으로는 누구도 회장이라는 사람에게 편견을 가져서는 안 된다는 점을 대중에게 알리는 좋은 예가 될 것 같습니다! 중립적인 척 해야 해요. 이게 뭔가요? 이것이 당신이 공개적으로 지지하는 것입니까? 짜증난다...|||나경원 의원님, 잘 지내시죠. 열정적으로 응원합니다.|||국민은 이런 국회를 보고 싶지 않습니다.|||나경원 의원님 화이팅입니다.",1
HbrmxpWeOi0,김건희는 짜증나는 건진법이다.,제목상위 : 짜장설염 92화 내가 대통령을 만들었다! 김건희 전 애인이 여기에 숨어 ​​있었다?! 현장탐험! 를 클릭하시면 본편을 시청하실 수 있습니다.|||머리로 모든 것을 판단하지 못하고 점술과 무당에게만 의지할 것이 얼마나 고집스럽겠습니까?|||정부는 마법에 정말 열광하고 있어요. 그런데 윤어게인 하는 사람들은 무슨 생각이 있는걸까요?|||군진 역은 자신을 대신해 나라를 운영하는 최순실 역을 맡았다.|||힘이 없는 것들도 힘을 붙잡고 있어서 하늘과 땅을 분별하지 못합니다.|||불쌍한...|||샤머니즘에 빠지다|||모든 것에 대한 주문|||죄가 많아서 늘 불안했던 것 같아요.|||지가 무당이라고 하네요!!!|||한 자리에 있던 놈이 문재인을 통해 중앙지검 부장검사로 임명됐다.|||불은 불로 꺼질 것이라고 생각했을 수도 있습니다. ? 그래서 동시에 어느 곳에서 불이 타오르는 것을 연상하게 된다.|||그녀가 차세대 박근혜였는가? 건진은 순실이었다.|||열린공감TV 쿠팡플레이 새 영화에서 김건희의 정체 스토리가 공개됐다! 12.3 현 시대에 왜 내전이 일어났나요? 왜 한겨울에도 국민들은 거리에서 윤서열 탄핵을 외쳤는가? 사람들은 아직도 모른다! 녹음해야합니다! 우리 아이들을 위해.|||스토커입니다 하하,0
uZkna8AHcQU,김건희의 15년 형은 시작에 불과하다. 그는 평생 감옥에 갇힐 수도 있습니다.,"연기 대박이다 하하하|||성형외과 박동만 씨도 압수수색해야 한다.|||쇼쇼쇼 김구니가 소름돋는다.|||건이가 그토록 잘 숨겨둔 보물 상자를 쫓아내야 합니다.|||무기징역은 아닙니다. 사형이어야 합니다.|||마지막 마약 사건에 연루되면 무기징역을 선고받게 된다.|||그런데 한 무당이 미간을 찌푸리고 있으니 멋있네요 ㅎㅎ.|||라이브 쇼를 한다고 해서 당신의 죄가 숨겨지는 것은 아닙니다.|||맞습니다, 거니에 관한 모든 것이 마술 행위인 것 같습니다.|||최소한 최순실만큼은 받아라.|||15년은 논할 여지가 없고, 눈을 감을 때까지 렌트하기에 적합한 오래된 모델에는 150년도 부족합니다.|||당대표는 극우이니까 국민의힘은 해산하라!!!!|||10억년만 줘|||절대로 저 사악한 김건희에게 속지 마세요. 그 사악한 박성재 법무부 장관이 나에게 매일 문자를 보내니 검찰 전체가 문제가 더 많다.|||하하, 그때가 좋았던 시절이었어. 개인 비행기를 타고 나가니 좋았을 것 같아요. 죽을 때까지 빵만 먹고 살아요.|||무기가 나와야 합니다. 15년 형은 정말 짜증납니다.|||사면 별거 없는거 아시죠?|||종신형을 선고해주세요. 제가 한 것에 비하면 약해요.|||사형이 너무 과하다|||누구에게나 멋진 쇼처럼 보입니다.|||눈에는 에너지가 넘치고 생명력이 넘치기 때문에 지모지리를 앞세워 내전을 벌인다.|||사형이 답이다|||불법적으로 취득한 모든 재산을 압수합니다.|||사형은 무기징역입니다.|||15년은 너무 저렴해요. 최소 종신형, 재산몰수.",0
0dnc2UUAbjw,"일주일 몰아보기 내란당 지지율은 20대 초반대다. 남북전쟁이 끝난 지 1년, 이재명은 대한민국의 역대 지도자로 우뚝 섰다. 다시보기 재방송",국력의 특징. 지지율은 보통인데 득표율은 40이 넘네요.|||서격고! 그것을 위해 가십시오,0
UWQWl4p_J2s,반란 재판소는 사면을 제외하고 다음 주에 통과됩니다,"준비된 이재명 대통령이 최고다|||이재명 회장님, 정말 잘하고 계십니다. 행운을 빌어요.|||애국시민 여러분, 눈물 흘리며 사랑합니다. 우리가 함께 할 수 없어서 미안해요. 이런 추운 날씨에 감기 걸리지 않도록 조심하세요.|||국민이 주인입니다. Jam 회장이 그것을 저장하고 있습니다.|||국권에 반항하는 자들을 대한민국 국민이 심판할 것입니다.|||문진석도 사퇴해야 한다. CB. 민주당 최고위원들은 뭐하고 있나요? 빨리 사퇴하게 해주세요.|||인사발령 요청을 주고받지 마세요! 부패한 언론과 여당은 한 가지만을 겨냥하고 있으니 조심했어야 했다.|||대구시민도 대한민국 국민으로 확인됩니다. 감사합니다.|||공론화위원회에서 검사와 판세에 대한 영장을 발부받게 합시다... 지금까지 보았듯이 검사와 판세에 대한 영장은 모두 기각되었습니다... 판세와 검새에 대한 영장은 덕민이 발부하도록 합시다!!|||국방과 경제, 평화와 이재명 대통령과 더불어민주당 만세.|||김건희도 내전에 연루됐다는 이유로 처벌받아야 한다.|||문진석은 왜 책임이 없나요? 사임해야 할 것 같아요.|||김병기, 문진석도 징계가 필요하다.|||내란죄는 그야말로 국가에 대한 살인미수 사건이다!!! 모두 사면받지 않고 징역형을 받아야 한다!!! 특히 선동자들!! 석열 건희 덕수용현!!!!|||반란군이 용서받아서는 안 된다고 우리가 정말로 믿을 수 있습니까? 내란에 동조한 윤석열, 김건희 등 모든 사람들은 무기징역을 선고받아야 하며 결코 사면되어서는 안 된다. 특히 국민의힘은 내전에 동조한 국민이라는 점을 명심해야 한다. 나라가 정상으로 돌아가려면 국민의당이 영원히 사라져야 한다.|||애국시민을 존경합니다.|||군사반란 동조자인 조희대 천대엽이 법원장 모의회를 열고 있다.|||내전재판에 반대하는 국짐당에 직접 참여했기 때문이 아닐까? 조희대는 건들지 않겠다고 했지만, 내전법원을 만들면 그들에게 불리할 것이라고 말했다. 이 파티의 구성원입니다.|||반역죄에는 다시 사형이 필요합니다.|||발각되거나 실패하면 반역자를 범합니다. 다리가 3개. 그것은 파괴되어야 한다. 만약에. 쿠데타가 성공했다면. 한국이라고 합니다. 나라와 국민은 무엇을 해야 하는가? 그런 일이 일어났을지 궁금합니다. 이것은 또한 자명하다. 전두환도요. 뭐라고요. 당신이 그것을한다면. 이번에는 작동하지 않았습니다. 쿠데타. 모든면. 없습니다. 모범을 보이세요. 김건회도 꼭 만나보세요. 용서한다면 역사적으로 다시. 반복될 수도 있다|||박수|||이재명 대통령의 경호는 삼엄할 것입니다. 그렇게 해주세요. 특별한 보안을 제공해주세요. 경호국의 애국적인 시민 여러분, 감사합니다. 나는 당신을 존경합니다|||조국혁신당은 오늘 오전 기자회견을 열고 대법원이 특검의 위헌 결정에 제동을 걸자 헌법재판소에 심판청구 문제를 논의했다.|||만약 남북전쟁재판소가 연초에 설립됐다면 어떤 일이 벌어졌을까? 심지어 민주당의 정치 지도자도 실제로는 그렇게 하지 않습니다. 사람들은 모여서 폭발할 지경에 이르렀을 때 비로소 앞으로 나서서 행동을 취한다.|||김남국 의원은 정치인으로서 자신의 한계를 재확인한 것 같다. 최강욱 의원도 말을 조심하지 못한다.",0
DpTXQiRkmQ0,내전의 밤은 1년이 지나 더욱 선명해졌다.,민형배 의원입니다. 만나서 반가워요. 우리. 모든. 잘 살아라. 위에. 힘들어도. 더 싸워주세요|||내전과 계엄령이 지나고 시간이 너무 빠르고 황당하게 흘러가는 것을 이제서야 더욱 무섭고 두렵습니다. 1987년 6월항쟁을 경험한 세대로서 우리는 수치심과 분노에 몸을 떨고 있습니다. 무지하고 비열하고 사악한 괴물과 괴물들을 징벌하고 근절시키자!!!!,0
nzXovU5q6r8,PD수첩 10분컷 아찔한 12.3비상계엄 타임라인을 자세히 분석 2025년 12월 2일 방송,"대선 때 기차 앞좌석에 신발을 신은 이후로 그 사람은 불합리한 사람이라고 생각했어요. 이런 사람들이 다시는 지도자 자리에 오르지 못하도록 대한민국의 정치적 발전이 이루어지기를 바랍니다...|||그날 국회로 달려와주신 모든 분들, 그리고 국회에 참석해주신 모든 분들께 감사드립니다!!|||반란에 연루된 모든 사람들을 처벌하십시오.|||그날 생방송을 보다가 헬기가 날아와서 국회의 전원을 차단해 계엄령이 해제될까봐 정말 떨렸습니다!!!|||계엄령이 선포된 밤, 국회로 달려오신 분들... 잡혀서 목숨을 바쳐서라도 나라를 지키겠다는 그 결심에 감사드립니다.|||정말 충격적이었습니다. 가해자들을 제대로 근절하고 처벌해야 합니다.|||우리는 이 기회를 이용해 반역죄에는 용서가 없다는 것을 보여야 합니다.|||중국에서는 늘 쿠데타가 일어나지만 한국에서 내전이 일어날 것이라고 누가 생각이나 했겠는가?|||어지러워! 그런 바보 때문에 나는 암흑기로 갈 뻔했다. 어지러워요.|||참석해주신 모든 분들께 정말, 정말, 정말 감사드립니다.|||아직도 마음이 떨리고, 그곳에 가지 못한 죄책감이 듭니다.|||정말 소름끼치고 끔찍합니다. 어떻게 그런 사람을 선택할 수 있었을까요? 참으로 안타까운 일입니다. 다시는 이런 일이 발생하지 않기를 바라며, 아직 재판 중이지만 엄중한 처벌을 받았으면 좋겠습니다.|||사람들이 법정에 앉아서 살아남을 거라 말하며 사기를 치는 모습을 보는 것은 정말 보기 좋습니다.|||등골이 서늘해지는 느낌이 든다. 지금 보니 매 순간이 참으로 숨이 막힐 정도로 아름답고 기적적이다.|||온몸으로 응원해주신 분들께 진심으로 감사드립니다.|||불법비상계엄령 엄벌|||보고 또 보고 또 보고 반성해야 합니다. 나는 울고 있다.|||정말 잘 만들어진 쇼의 이번 에피소드를 정말 즐겼습니다.|||정말 끔찍한 밤이다...|||사형을 추구해야합니다. 무기징역도 아깝다!|||보기만 해도 가슴이 뭉클해집니다. 다시는 처형되지 않도록 그들이 그를 처형하길 바랍니다.|||반세기가 조금 넘는 기간 동안 계엄령이 몇 번이나 발생했습니까? 한국의 시스템은 얼마나 우스꽝스럽습니까? 이번에는 철저히 청소해야합니다. 사형이 사실상 폐지된 것으로 알고 있는데 이번에는 예시로 사형시켜야 한다.|||너무 긴장해서 볼 수가 없어요. 끔찍해요.|||지금 생각해도 현기증이 난다. 하늘이 나를 도왔습니다.|||보좌관님과 시민 여러분께 감사드립니다 ㅜㅜ",0
gV8fcBwHMME,계엄령 해제 결의안 통과까지 스피디 스피드 노트북 위기,"내전을 동정한 경찰을 조사해 법에 따라 처벌하라.|||참혹한 내전과 외환은 피와 눈물이 흘릴 정도로 엄중히 징벌해야 한다.|||지금 봐도 소름이 돋네요. 국회에 계셨던 분들을 다시 만나게 해주세요. 그리고 3·1운동에 참여하신 애국지사와 함께 그들의 이름, 한자를 어딘가에 적어주시길 바랍니다. 그들은 훌륭한 사람들입니다.|||결과를 알고나니 아직도 떨리네요..|||독일이 나치 청산체제를 확립하는 데 80년이 걸렸다고 한다. 내전이 종식될 때까지 우리는 지치지 말아야 합니다.|||아, 울고 있어요. 국회 직원과 보좌관, 국민을 지켜주셔서 감사합니다.|||정말 80년대 맞나요? 이건 나라가 아니고 쓰레기야|||지금도 그때의 상황을 보면 피를 말릴 위험이 뚜렷이 드러난다.|||반란당은 해산되어야 한다. 우리는 항상 이런 위험이 도사리고 있는 상태에서는 살 수 없습니다.|||반란군, 협력자, 옹호자, 심지어 그들을 보호하는 변호사까지 모두 체포하세요. 그들은 사람들을 죽이고 있습니다.|||진짜 총선에서 패하고 국민의힘 의원들이 과반이 된다면 정말 끔찍할 것입니다.|||추운 아침, 죽을 수도 있었음에도 불구하고 국회를 찾아주신 모든 시민 여러분께 진심으로 감사드립니다.|||서울대 나왔다고 모두 똑똑한 것은 아니라는 사실이 증명된 것 같아요.|||거의 진짜 문제에 빠졌습니다. 존나 무섭다|||의심스러우면 생각하지 말고 민주주의를 위해 하십시오! 소리를 지르고 문제에 돌진하십시오.|||모든 보좌관님들께 진심으로 감사드립니다!!|||그곳 시민들의 마음은 어땠나요? 보고 또 봐도 가슴이 아프고 감사해요.|||이상현은 국회에서 울면서 억울하다고 말했지만 다 행위였고 부하들을 걱정하는 척했다.|||당시 계엄군을 향해 뛰어들어 막아준 시민들에게 정말 감사하다. 100번 찢어죽여도 놔주지 않아서 아직도 화가 나요!!|||생각할수록 끔찍하네요.|||아니 2024년 이게 무슨 계엄령이냐.. 3년동안 나라가 정말 엉망이었는데..|||계엄령으로 상처받은 분들께 묻고 싶다. 내전의 실패를 후회할 수도 있겠지만 대다수의 국민은 심각한 정신적 트라우마를 겪었다. 대다수 국민은 우리 사회 시스템이 어느 순간 붕괴될 수 있다는 불안과 두려움을 갖고 있다. 이보다 더 큰 붕괴가 있을까!!|||우리는 국회버스에 들어가서 버스를 기다렸다. 제1공수사령관|||남북전쟁, 내란, 외환범죄, 사면, 복권 등은 절대 이루어져서는 안 된다. 그래야 나라가 바로잡히게 됩니다.|||여러분, 아직 끝나지 않았습니다. 남북전쟁에 동조한 사람들은 모두 잡아서 처벌하고, 근절하여 이런 일이 다시는 발생하지 않도록 해야 합니다!!",0
deE13QL9g1g,보수 개신교가 무속 논란 윤석열 전 총장을 지지하는 이유 PD수첩,"교회에서 윤석열을 찬양하는 사람들을 보면 정말 미쳤어요. 성경 구절을 이용해 억압받는 사람들인 척 하는 것조차 부끄러운 일입니다. 게다가 윤석열 변호사들은 판사들에게 비웃음을 당하기도 하고, 극우 유튜브에 나와서 할렐루야, 아멘 할 때마다 미친 사람들처럼 보이기도 합니다.|||왜 그들은 돈을 버는 수단으로 그것을 사용하고 있습니까?|||와..별에 별걸 다 올려놓으셨군요.|||바지를 믿는 만큼 신은 바지에만 주목하는 하찮은 존재가 된다는 사실을 그들은 알고 있을까?|||종교에 관심이 없다면 진정으로 국민을 위해 일하는 사람을 선택하십시오. 사람들에게 총을 겨누는 사람들을 선택하지 마십시오.|||음... 꿈이라기보다는 해석에 가까운 것 같은데... 윤석열을 쫓는 목사님들은 성경도 제대로 읽어보시나요??? 성경의 뜻을 제대로 해석한다면 윤석열이 마귀라는 사실을 즉각 인식해야 하는데... 목사가 마귀와 손을 잡고 있는 것인가??? 전광훈은 성경을 읽을까??|||의사에는 약간의 차이가 있습니다. 한 부분만 자신의 취향에 맞게 해석하여 이익을 얻거나 사회에 해를 끼치는 경우에는 가명에 불과합니다. 협회 인정이나 그와 유사한 것은 필요하지 않습니다.|||정치적 이익을 우선시하는 사람들이 진정한 신앙인인지 의심스럽습니다.|||미국 극우세력이 국회를 장악하고 폭동을 일으키고, 마가(MAGA), 트럼프 어게인(트럼프 어게인)을 하고 계엄령까지 선포하는 고대 흉내였지만, 우리 국민이 무지하고 안이한 게 아니었기 때문에 막을 수 있었던 것이다.|||코에 걸면 코걸이 입니다. 귀에 걸면 귀걸이 입니다.|||욕심쟁이입니다. 어떤 왕 사이러스인가 하하하|||개신교는 MB 이후 완전히 파괴되었습니다. 그 전에는 개신교가 여전히 좋은 점을 갖고 있었지만, MB 때 시정부 깡패들이 들어오면서 그것은 무너졌습니다. 과거 개신교에 이런 일이 있었다면 모두가 일어섰을 것이다.|||돈에 이끌리는 집단이다. 한마디로 그들은 사업이고, 이익집단이다.|||윤석열 탄핵안 가결되자 서울 대형교회 목회자들이 신도들에게 좌파 연예인을 CIA에 신고하라고 하더군요 ㅋㅋㅋ|||쉽게 말하면... 돈과 권력 때문에 섹스를 했다고!! 돈과 권력을 위해서라면 악마와도 손을 잡겠다!!|||보수 개신교라고 하기보다는 부패한 기득권 집단이라고 부르는 것이 더 정확할 것이다.|||컬트를 진압해야 합니다. 이것은 종교적 탄압이 아닙니다.|||정치에 개입하는 극우 개신교 교회도 해산 대상이다.|||김티모시 목사님 말씀대로 생각하는 것이 맞습니다. 그러나 그렇게 한다고 해서 실제로 교인 수가 줄어들 것이라고는 생각하지 않습니다. 그 전까지는 그렇게까지 앞을 내다보는 그룹은 아니었습니다.|||이쯤 되면 개신교는 거의 광기의 영역인데, 과거에는 극도로 부패한 천주교를 개혁하기 위해 개신교가 나왔는데 지금은 둘이 달라졌다는 것이 아이러니하다.|||한국의 기독교는 이미 종교이기를 중단하고 청산의 대상이 된 지 오래입니다.|||교회는 구원받은 성도들의 모임이다. 목회자에게 맹목적으로 순종하고 성도들에게 깨어 있으라고 요구하지 마십시오.|||우리나라에는 참된 개신교인이 몇 명이나 있습니까?|||기독교가 샤머니즘을 받아들인다면 그것은 우상숭배이다.|||박근혜를 따르고 윤석열을 따르는 아이러니. 박근혜의 정치 인생을 마감한 것은 윤석열과 한동훈이었다.",0
Xn7FopaqP8c,W디펜스 31급 급등…시진핑 지시에 은값 하락…머니투데이 방송,"중국 무기를 구입하는 것은 국방정보를 넘겨주는 것과 다르지 않다. 중국 무기도 원격작전이 가능할 것 같아요.|||중국산 제품의 정보가 유출되는 것은 위험합니다.|||정신이 온전한 사람이라면 누구도 중국산 무기를 사지 않을 것입니다. 돈으로 살 수도 있고 강압으로 살 수도 있습니다.|||백도어 전문 속이 빈 물건|||중국의 군용차량도 미국산이다. 독립성이 없는 것 같습니다.|||모든 엔진룸에는 감시 칩이나 똥 덩어리가 가득합니다.|||일반 물 로켓의 파급력이 너무 커서 고인 물은 썩을 수밖에 없고, 공산주의 독재로 인한 권력 집중은 필연적으로 지속적인 부패로 이어질 수밖에 없다.|||친미, 반중을 하는 나라는 흥할 것이고, 친중, 친러, 친이란 나라는 망할 것이다.",1
NlYM11BpyVA,토헤지역 해제설이 나오면서 풍선효과가 시장에 확산될 우려가 있다. 머니투데이 방송뉴스,"그냥 다 풀어놓고 몇년만 놔두면 결국 공급이 늘어나서 정상으로 돌아오겠죠.|||거시적인 부동산 | 안정화 방안 1. 증여세 및 상속세 폐지 2. 종합부동산세 폐지 3. 다주택 규제 철폐 4. 주택가격 기준 소유세 실시 5. 서울 1% 6. 경기 0.8% 7. 지방 0.2% 8. 싱가포르식 전세사기 채찍질 실시 9. LTV 50% 0.5 1 이상 시장이자율 10. 전세금지 11. 중국인 거래금지 집값만 올리고 재산세로 때리고 증여세, 상속세로 뜯어내려 했다 그들은 절대 변하지 않을 것이다... 자식들을 미국 시민으로 만들어 미국에 증여한다 하하하 누구보다 반일 반미이고 누구보다 사랑한다 하하|||결론적으로 소란이 있어도 계속 오르는군요. 국회 인사청문회를 보라. 다주택을 소유한 사람들을 위한 가짜 이체, 차명 계좌, 관료적 약속에 관한 것입니다.|||생각하지 않고 정책을 만들면 국민만 힘들어진다.|||좌파 정부가 집권할 때마다 이런 혼란은 터진다. 왜 자꾸 사진을 찍는 걸까요?",1
B-nZvqbozNs,"김건희의 영혼을 사로잡은 전략은 실패했다! 결국 무너졌습니다. 황연실, 신현영, 박수빈, 엔딩 소식, 김건희, 윤상현, 디올 골드 출석, 1207일.","그건 사형 아니면 보석금 없는 종신형이다. 농담하는 건가요? 15년??? ㅋㅋㅋ|||머리카락이 눈에 띄고 단단히 숨겨져 있습니다. 윤상현. 원희룡 외. 협력자. 철저히 조사하라|||ㅡ ㅡ ㅡ 김건희 ㅡ ㅡ ㅡ 대형 마약 밀수 사건은 은폐되는 걸까? 사람들을 중독자로 만들려고 시도한 10가지 중대한 범죄|||약물도 역전되어야합니다.|||현재 선고는 출혈을 조기에 멈추는 것입니다. 법이 부과하는 최대 형량에는 경제 공동체 벌금과 재산 몰수가 포함되어야 합니다.|||줄리 재판은 계속돼야 하고, 줄리 특검도 1년 정도 연장해야 한다.|||마약이라도|||왜 김건희의 마약 복용 여부는 조사하지 않고, 조사조차 하고 있는지 궁금합니다.|||빨리 이것들을 없애야 나라가 정상으로 돌아갈 수 있습니다! 권력과 돈에 미쳐 거짓말로 국민을 선동하는 국력당 의원들, 전한길 김세수 전광훈 같은 질 낮은 언론인, 몇몇 나쁜 검사 판사 변호사들, 무사(無記)·무무(無爲) 정신을 가진 많은 민주당 의원들은 정부 가지고 노는 것을 잊어버린다. 일 좀 해라 ㅠㅠ|||조선시대 상인들도 그렇게 하지 않았다. 하급 상인이라도 예복과 격식을 갖추고 있었습니다. 그것은 돌입니다. ...|||윤과 김이 완전히 저승사자에게 넘겨진다면 가장 완벽한 형벌이 아닐까 싶다.|||그러한 사람의 악이 치료될 수 있습니까?|||이건 아무것도 아닌 화산 텐프로쥬리 ㅎㅎ.|||상상 이상의 정부|||마약 비리 철저히 조사하라|||아직 최종은 아닙니다. 최종편은 2월에 나온다. 15년 반이면 7년을 살겠습니다. 그런데 얼굴이 걱정되더라구요. 주사를 맞을 수가 없어요.|||뭐야, 김건희? 나를 그 이름으로 부르지 마세요.|||윤상현의 장점은 무엇인가요? 김건희는 윤석열이다. 위에 있어요 ㅠㅠ",0
Cc-Q29yvhOo,"조진웅 논란이 정치계로 확산되고 있다. 이재명 대통령과의 관계, 야당의 공세 등이 뉴스거리가 되고 있다. 조진웅의 청소년 범죄자 이재명의 예능 단편.","범죄자 청소년들에게 희망의 상징이라면, 배신자가 독립자로 변신하는 것처럼, 변신하고 성공하는 것을 용서받을 수 있다면... 부자 범죄자들은 ​​모두 도망갈 것이다.|||조희대가 입건되고 특별재판이 진행되면서 연예계에 폭로가 이어지고 있다. . . 갑자기 연예인 스캔들이 많이 일어나는 이유는 무엇일까요? ? 동시에 3명. . 박나래, 조세호, 조진웅, 이선균 등을 작업한 전문가들의 작품인 것 같다. . https youtube.com 반바지 zIzgna3dHVs?si LDhMPCdJeupEGWuO|||조두순이 윤석열이 나쁘다고 하면 더불어민주당 의원이 돼 내년 광복절 행사에 출연하게 된다. 피해자가 정부에서 지원을 받으면 싸진다고 하더라고요. 진영논리로 범죄를 옹호하시나요?|||이잼은 조진웅의 과거를 알고 있었나? 이런 사람들이 마치 의로운 것처럼 남을 비판하는 모습이 역겹습니다. 하지만 조진웅을 옹호하지 마세요. 피해자가 분명히 있습니다. 당신이나 당신의 딸이 정의로운 척 이 광경을 지켜보아야만 했던 피해자라고 상상해 보십시오. 대중의 사랑을 먹고 사는 연예인이 아니라 조용히 살아야 한다. 그리고 조국과 강선우도 정치계에서 사라져야 한다. 민주당 진영에만 해를 끼칠 뿐입니다. 조진웅이 조국이나 강선우보다 훨씬 낫다.|||제2의 이선균을 또 만든다. 연예인들은 문제가 생길 때마다 그냥 덮어주기만 하는 걸까요? 손범규 대변인 쿠팡 성추행 사건처럼 제2의 이선균을 만들어내지 말고, 문제를 덮는 데 이용하지 마세요.|||조작을 해도 많은 사람이 죽어야 행복해지는 사람들이다 - 연예인이 뭐가 문제인가 - 자기 의견도 말할 수 없느냐 - 국회가 왜 범죄자들의 소굴인지 모르겠다 - 남을 욕하기 전에 반성하라 - 방송국장 -|||웃긴다... 퍼진건지, 퍼진건지...|||이기인 사무총장의 말씀에 동의합니다. 우리도 같은 진영이라면 이들 강력범죄자들을 지지하는 민주당 의원들은 더 이상 정치에 나서서는 안 된다.|||배우 조진웅을 응원합니다. 정면 돌파|||다 좋은데 조진웅 이재영 다 너보다 정의롭다.",2
DtGlq3BVt7s,"흑백논리, 진영논리에서 벗어나야 민족적 통일이 가능하다. 인요한 국회의원이 사퇴 기자회견을 하고 있다. 국민의힘당. 요한의 국민통합에.","야, 무너지고 있어|||잘 생각했습니다.|||사임하고 헌신에 대해 이야기하지 마십시오.|||이제 고쳐야겠죠?|||이상한 놈 쫓아내라!!|||아, 미안해요. 빨리 떠나세요.|||요한에서 당신은 이미 권력욕으로 가문의 명예를 더럽혔습니다. 하늘에 있는 나의 조상들이 슬퍼할 것이다.|||국회의원으로서 세금을 받으면서 국민과 나라를 위해 무슨 일을 하셨나요?|||본업을 그만둬라!!!|||잘하셨어요! 더러운 물에서 나오셔서 다행이에요!|||잘하셨어요.|||국력의 본보기를 따르고 사퇴하시기 바랍니다.|||그 나이에도 여전히 윤가와 그 일당의 정체를 알지 못한다.|||비례대표 아닌가요??? 내가 내려놓으면 다른 사람이 할 수 있도록 당 지도부에서 나를 쫓아내는 걸까요????|||그냥 미국에 가서 사람들의 세금을 쓸데없이 염탐하지 마세요.|||윤석열 시절 어떻게 장관직에 뛰어들었나.|||가다!|||단물이 다 없어졌죠?|||도망가고 있는 거야? 하하하하, 그 사람도 체포하세요.|||안녕히 가세요. 늦었지만 현명한 선택을 하셨습니다. 이번 사건을 자신을 반성하고 반성하는 기회로 삼으시길 바랍니다.|||나는 그가 민주주의라는 단어에 조금이라도 관심이 있다고 생각했습니다. 민주주의와 정의와 공정........요한은 국암당이 아닌가....|||뭔가 깨달았나요? 박근혜 윤석열 같은 사람들을 따르고 조상들의 헌신을 폄하한 잘못을 진심으로 반성해야 한다고 생각합니다..|||빨리 사퇴해주세요. 당신은 유죄입니다. 조사를 받으세요.",0
o0UedFdicts,구금명령 소리에 변호인단은 사시나무처럼 겁에 질려… KNN,"제가 너무 게을러서 증언을 거부했어요 하하하. 역사에 남을 것입니다.|||빨리 구치소에 가두세요!|||이해합니다. 구속을 결정한 변태 두 명은 빨리 처형해서 구치소에 가둬야 하는 거겠죠?|||지귀연.. 행사 진행자도 아닌데.. 이렇게 사법부의 권위를 낮추는 건가요?|||미안해요... 미안해요|||간단히 말해서, 정상적인 논리를 가진 사람은 결코 내전을 방어할 수 없습니다.|||개세갓텐 재판, 아사리판 재판, 이게 내전재판인지 볼수록 혈압이 오른다.|||사과해도 괜찮나요? 억류명령 잘 받으시길 바랍니다.|||법정 분위기는 좋은가요? 가능하다면 치킨과 맥주를 앞에 놓으면 분위기가 더 좋지 않을까요?|||동창회에 가시나요?|||이것은 시골 시장에서의 시험인가, 아니면 할인인가? 정말 관대한 판사 아닌가요?|||이하상의 목소리도 수준급이다.|||너희들은 왜 자꾸 법정에 나오냐??? 판사가 그를 감옥에 가두면 그 사람은 구치소로 보내진다는 뜻 아닌가요?????????|||사시나무 이야기를 하니 소름이 돋네요..|||그 바보들을 변호인으로 이용하는 김용현도 일종의 유상종이다.|||그 접시는 엉망이야|||사람들이 다 TV로 봤는데 사시나무처럼 떨어졌다고?? ㅋㅋㅋ|||이것은 남북 전쟁 재판입니다. 남북전쟁 재판이다. 나라가 거의 전복될 뻔한 사건이다. 이번 재판은 법원 개혁이 필요한 이유를 입증했다.|||진행하는 동안 지귀연이는 왜 그렇게 웃고 있는 걸까요? 현재 남북전쟁 재판은 농담인가? 웃고 있나요? 한숨을 쉬다|||곧 지귀연도 욕하게 되겠죠 ㅎㅎ",0
obmMhxwdcmc,생선 뼈를 훔쳐 고객에게 제공하여 KNN을 놀라게 했습니다.,"중국 소세지에서 이빨이 나왔어요... 중국인들은 진짜 그만하세요.|||또 중국이었는데, 뉴스에 중국인들이 나오네요... 너무 지겹습니다.|||남의 입으로 들어가는 음식을 가지고 장난을 하면 벌을 받습니다.|||나는 중국인이다|||차이밍이 충성하는 나라, 꿈의 나라",1
o19GqTLt8h4,발언을 듣고 있던 지귀연 판사의 심정은.. 김용현 내전 재판에서는 무슨 일이 일어났던 걸까?,"판사님 사교를 잘하시네요 ㅎㅎ 가족 오락 센터 같아요 .. 좋아해요.|||글쎄, 재판이 이런 시트콤이 될 줄은 몰랐다. 정말 신구씨가 나온 시트콤같네요.. 대단하네요..|||판사는 피고인의 변호사에게 용서를 구한다고 말했습니다. 하하, 역겨워요.|||반역죄에 대한 재판입니다. 이게 뭔지는 모르겠지만... 전혀 심각하지 않은 판사의 태도에 매우 화가 납니다.|||무엇!!! 서로를 되돌아보는 시간이겠죠?? 남북전쟁 재판은 매우 훈훈합니다.|||이게 실제 남북전쟁 재판인가요? 웃음이 오가는 모습과 피의자에게 미안하다고 말하는 판사의 모습이 어이없고 답답하다!!!|||변호사. 판사. 똑같아, 살고 살아. 이런 재판이군요. 처음 보는 것 같아요. 내가 알기 전에. 이것은 재판이다|||당신이 판사가 너무 장황하게 말했기 때문에 그렇게 말하는 것입니다. .와, 세상은 정말... 대단해요. 너무 친절해요|||변호사의 지적을 받는 판사. 그|||그들은 정말 친절해요. 변호사는 그들을 꾸짖었다. 그들은 우리에게 훈련을 주었습니다. 이 조직은 무엇입니까?|||재판이 아니라 엉망이에요.|||이 장면이 널리 알려졌으면 좋겠습니다|||눈을 뜨고 볼 수 없어|||법원은 엉망이다|||이렇게 다정한데 묘한 장면인데 어떻게 재판이 제대로 진행될 수 있을까?|||뭐하세요? 정말 우스꽝스럽습니다.|||가정법원에서 가정사건을 조정하려는 것 같은데... 무슨 재판을 하려는 걸까요.. 한심하네요,,,,|||이것이 바로 남북전쟁 전담 재판소가 절대적으로 필요한 이유이다.|||마치 동네 마을회관에서 사교 모임을 하는 것 같았어요 ㅎㅎ|||귀찮아서라는 말은 아무 생각 없이 하는 말인가요? 꼭 해야 한다는 말이에요|||와...저게 정말 남북전쟁 재판인가요??!!!장난하시나요??? 일반 형사재판도 이렇게는 안 돼요!!! 이번 재판은 너무 심각해서 국민들이 지켜보고 있고 분노하고 있습니다!!!!|||나는 무엇을 보고 있는 걸까? 남북재판을 보러 왔는데 여기는 아닌 것 같죠?|||이하상과 저 안경남자는 아직도 가만히 있나요????????????????????????????? 이 나라에 법이 있나요????????????????????????????????????????????????|||두 변호사는 언제 구금되나요? 그리고 변호사 협회는 무엇을 하고 있나요?|||법정에서 검찰이 하는 꼼수는 변호사가 그러면 안 된다는 건데...ㅋ 그것만으로는 부족하다.",0
29L-DQHq3kc,반말하지 마세요 변호사님...특검의 얼굴을 보자 이하상은 완전 당황스러워 합니다.,"구독과 좋아요로 JTV뉴스를 응원해주세요. 감사합니다.|||언제 구금되나요? 온 나라가 구금 명령을 보았습니다. 이게 말이 되나요???????????? 대법원은 웃고 떠드는 곳인가요????|||판사가 그걸 정리할 수 있나요? 좋아요. 판사는 일을 정리하기 위해 존재합니다. 사회를 보는 것도 아닌데...|||그 사람을 변호사 자격을 박탈하세요.|||특검. 검찰님, 최선을 다해주세요. 사람들이 지켜보고 있습니다. 나라를 위해 열심히 일해주세요.|||지귀연법원. 끌려가는 건 역겹다.|||재판을 진행해 달라고 했더니 재판을 주재하더군요... ㅎㅎ|||최대한 빨리 구금을 진행해 주시기 바랍니다.|||검사님들도 저 사람들처럼 강하게 나와야 합니다.|||정말. .보고 싶지 않아요. .그 변호사들은 나타나지 않았으면 좋겠습니다.|||이하상 당신은 판사가 아니예요 ㅠㅠ|||진짜 판사는 뭐하는 걸까요? 재판이 이렇게 엉망이 됐나요?|||젠장, 정말 좋은 나라야. 계엄령 관련자들은 처벌을 받고 있는데 반대편 변호사들은 점점 더 화를 내고 짜증을 내고 있다?? 이게 맞나요??? 나는 지금 제대로 된 나라에 살고 있는 걸까????|||이하상 판사의 재판 방향... 그리고 지귀연의 재판 과정... 하하, 말도 안 된다.|||그 사람은 판사 자격이 없어요. 그는 자신이 판사보다 더 나은 변호사임을 인정합니다.|||기본도 모르는 변호사를 데려오면 질 낮은 재판이 됩니다.|||판사가 불쌍해서 재판이 엉망이다.|||검사님을 응원하는 날이 올줄은 꿈에도 몰랐네요... 김용현 변호인단 정말 대단하네요..|||판사가 그러하니 변호사 김용현이 그러하다.|||지귀연. 조금. 판사처럼 행동하십시오. 이하상님, 그런 사람 빨리 막아주세요.|||판사가 문제네|||와, 이거 정말 짜증나네요.|||다른 사건에서도 판사와 검사가 그렇게 냉정한 걸까요? 변호사가 실제로 더 강한가요?|||이하상님 말씀이 맞다고 하더군요. 그걸 한마디로 인정하지 못하는 지귀연이 판사인가?!|||실제 판사의 역할이 얼마나 중요한지 잘 알고 있습니다. 왜 이렇게 흐름을 방해하는 걸까요?",1
dkSSKJjCfHE,"풀영상, 국무회의, 12월 9일 나라는 소수의 나라가 아니다.. 대통령의 엄한 질책 솔직히 저들이 뭐하는 짓인지 모르겠다.","구독과 좋아요로 JTV뉴스를 응원해주세요. 감사합니다.|||가감 없이 명쾌하게 진행되는 국정회의를 듣는 것만으로도 의욕과 활력이 넘칩니다.|||행정천재, 경제천재, 외교천재, 소통천재. 이재명 회장님, 정말 대단하십니다. 기운을 내다!|||그렇습니다. 빨리 잘못된 것을 청산하고 나라를 바로 세워야 합니다. 모든 일을 잘 해주신 이재명 대통령과 여당에 진심으로 감사드립니다. 나는 당신을 존경하고 지지합니다.|||국무회의는 그 어떤 드라마보다 재미있다. 신뢰와 투명성을 보여주셔서 정말 감사드립니다.|||정말 재미있어요. 국무회의는 재미있고, 많이 배우고, 나라를 운영하는 방법도 배운다. 나는 일석이조로 세 마리의 새를 죽인다. 정말 재미있어요. 여러분의 노고에 감사드립니다.|||국무원의 귀가 윙윙거린다. 대통령님, 잘 선택해주셔서 기분이 좋습니다. 안심이 되네요!|||최저임금과 비정규직에 대한 대통령의 생각과 제안이 정말 멋지네요! 이렇게 꼼꼼하고 정의롭고 따뜻한 대통령이 이제 우리의 대통령이 되어 너무 감사합니다!!!|||우리 정부 장관들은 일을 잘하고 있습니다. 국무위원들과 대통령님은 잘 지내고 계십니다. 기운을 내다. 당신은 잘 지내고 있습니다. 화이팅.|||오직 국민만을 생각하시는 이재명 대통령님께 너무 감사드립니다. 나라가 서민을 염두에 두고 논의하는 모습을 보니 눈물이 납니다. 당신은 정말 최고의 리더입니다. 우리 모두 권력을 미워합시다. 나는 당신을 지원합니다.|||이재명 정부 덕분에 힘이 납니다. 나는 당신을 강력히 지지합니다.|||풀뿌리에게 보건복지와 보건행정은 여전히 ​​매우 형식적이다. 실질적인 보건복지와 보건행정이 이루어지길 바랍니다. 대한민국이 건강한 사회, 행복한 나라가 되기를 바랍니다.|||대통령 말씀을 듣고 최저임금을 당연하게 여겼는데, 생각이 다르군요. 대통령은 이 나라를 구하기 위해 오신 분입니다.|||우리 잼 회장님이 최고예요. 항상 국민의 정서를 배려하십시오. 감사합니다|||이렇게 국무회의가 열려 있으니 각 부처의 장관과 공무원들이 열심히 일할 수밖에 없는 체제인 것 같습니다. 나는 열심히 일하는 대통령과 장관에 대해 자신감을 느낍니다. 나는 당신을 응원합니다. 나는 자랑스럽다|||이번 국무회의는 정말 놀랍습니다. 나는 송 장관님과 국무위원 여러분, 그리고 대통령님을 존경합니다. 감사합니다|||역시 이재명 대통령님, 충분한 정부 일자리 창출을 위한 조치를 취해주셔서 감사하다는 말씀을 전하고 싶습니다.|||종교는 정치적 발언을 하는 것이 허용되지 않습니다. 종교가 나라를 위해 기도해도 부족하다. 내전으로 해고된 윤석열을 종교는 아직도 지지하고 있지 않은가?|||안녕하세요, 11개월 계약에 대해 바로 이렇게 민감한 이야기를 하신 이잠 대표님을 존경합니다.|||세상에 이런 대통령이 있나요???? 우리 국민의 축복이니까 열심히 지원해야겠죠????|||이 나라는 소수의 권력자들의 것이 아닌 국민의 것이므로 개혁하라!|||회장님, 모든 일을 세세하게 보시는 것에 감동받았습니다.|||진대코리아는 글로벌 기업입니다. K푸드와 K기타 제품의 위조품에 대해 다양한 방식으로 대응하고 있는 점도 정말 인상적입니다. K-푸드와 K-기타 제품의 생산과 수출을 원활하게 지원할 수 있는 공무원이 부족한 것 같습니다. 공무원 수를 더 늘려야 합니다. 파이팅, 믿음직한 대한민국 공무원 여러분!!!! 나아가 공평한 분배와 공정한 제품 개발을 위해 공무원들이 더욱 노력해 주시길 바랍니다. 진대코리아는 글로벌 기업입니다. 언젠가는 국내 기업이 정부 서비스와 경쟁하는 모습을 보고 싶다.|||남북전쟁, 조작, 마약, 폭력, 위증, 사기, 비방, 친일파는 무조건 처벌하라! 전재산 몰수, 벌금 1000억, 징역 100년을 선고하라!|||이재명 대통령은 진정한 국민을 위한 최고입니다.",0
VipCoJargfo,결국 유재석..,"화장품을 만들었어요! 여러분의 많은 관심이 필요합니다..ㅜㅜ 많이 구매해주세요. 구매링크 https smartstore.naver.com mimimi 저희 파트너사인 인터넷민족 여러분의 많은 관심 부탁드립니다! 가입에 만족하신 인터넷 분들 전화문의 1800 6475 홈페이지 https www.in min.com 카카오톡상담 http pf.kakao.com mRJlxb chat 인터넷TV 휴대폰 최대 98만원 현금지원 정수기 가전렌탈 최대 32만원 현금지원 SK KT LG스카이라이프 전 통신사 OK 인터넷 SIM 전송요금할인 주말 365일 언제든지 상담가능 그리고 휴일! 꼭 필요한 계획만! 1 110년 넘게 맞춤형 컨설팅을 운영하는 이유는 정직함 때문입니다. 2013년부터 인터넷민족인터넷구독 인터넷민족인터넷구독 인터넷민족|||현지가 누구인지 밝혀야 합니다.|||국가보안법 폐지를 은폐하려 한다.|||좌우 입장을 가리려는 의도는 아닌가?|||사실은 세상은 유령이고 언젠가는 부메랑으로 변해 여러분에게 돌아올 것이라는 사실입니다 하하.|||이게 이렇게 잘 드러났는데 왜 김현지를 밟을 수 없는 걸까요?|||국가보안법|||국가보안법 폐지 반대|||국가보안법을 폐지해야 하는가? 현지 공개에 앞서|||하하하 갑자기..먼저 김현지, 김남국과 함께 풀어보자. 휴대폰 좀 치우세요.. 미미미미미미미미미미.|||현지 자매의 비밀 권력을 은폐하기 위해.|||어머 제가 로맨티스트라서 알아서 하겠지만 이나라 ㅠㅠ|||사랑하는 김현지를 가리려고 그렇게 소란을 피우는 것도 아닌데.... 좌파 애인인데도 가차 없이 버린다.|||쓸모없는 사람들이 여론을 선동하고 있습니다. 김현지, 장경태: 문제를 과열시키려는 계략이다. 이 모든 것을 파헤쳐 국민이 알 수 있도록 보도해야 합니다.|||가난과 아첨이 아닌 진짜 실력이 실력이 되는 세상에서 살아야 합니다. 라도 카르텔은 끝났습니다.|||나는 내려야한다.|||지역 존엄성 구출|||그냥 터지나요?? 이거 동네 언니 때문에 그런거 아냐???|||김현지는 문제를 덮을 화력이 부족했던 걸까. 유재석까지 투척? 이미 세 사람이 지옥에 갔지만 조금만 더 참으면 좌우이유와 좌우이유가 폭발할 것이다.|||이재 유재석 조세호 날아가는 건가요ㅜㅜㄷㄷㄷ|||천안 삼성전자 앞에 빅준푸드 빅준부대찌개가 있습니다. 궁서체도 천안에 2개 지점이 있다.|||이제 민주당이 집권했는데 나와서 자기들만의 세상이라고 하느냐?|||연말에 터진다|||실제로는 순실이는 아무 짓도 안 했는데 감옥에 갇혀 있고, 현자는 실세라도 숨어 숨어 있다.|||이번엔 로맨스 조작인가?? ㅋㅋㅋ",1
N9dGbBACtH0,배우 박지원의 충격적인 폭로,"화장품을 만들었어요! 여러분의 많은 관심이 필요합니다..ㅜㅜ 많이 구매해주세요. 구매링크 https smartstore.naver.com mimimi 저희 파트너사인 인터넷민족 여러분의 많은 관심 부탁드립니다! 가입에 만족하신 인터넷 분들 전화문의 1800 6475 홈페이지 https www.in min.com 카카오톡상담 http pf.kakao.com mRJlxb chat 인터넷TV 휴대폰 최대 98만원 현금지원 정수기 가전렌탈 최대 32만원 현금지원 SK KT LG스카이라이프 전 통신사 OK 인터넷 SIM 전송요금할인 주말 365일 언제든지 상담가능 그리고 휴일! 꼭 필요한 계획만! 1 110년 넘게 맞춤형 컨설팅을 운영하는 이유는 정직함 때문입니다. 2013년부터 인터넷민족인터넷구독 인터넷민족인터넷구독 인터넷민족|||여의도 쓰레기장을 빨리 없애면 나라가 살아남는다.|||우리나라 현 정부는 정말 한심합니다. 대한민국은 어떻게 될지 걱정스럽습니다.|||노쇠가 아니라 정신과.|||양심이 있었다면 그런 짓은 안 했을 텐데. 심각한 문제입니다.|||국가와 국민을 위해 봉사하지 못하는 국회의원 수를 줄이자. 부정선거 근절로 무자격 의원을 제거해야 합니다.|||동대문 주민들 반성보다는 부정선거!|||선거를 제대로 치르고 교체해야 한다. 쓰레기 공직자를 청산하고 자유민주주의를 지키자.|||성재준 선생님, 늘 수고해 주셔서 감사합니다.|||대한민국 정상으로 돌아가려면 아직 갈 길이 멀다.|||국회의원도 연령을 제한해야 한다.|||일어날 시간이 지났습니다. 저승사는 무엇을 하는가?|||완전한 쓰레기. 저는 성 감독님을 정말 존경해요.|||성재준님, 혈압이 걱정됩니다. 고마워요, 고마워요.|||대한민국에는 40명이 눈을 감고 살고 있습니다. 하나만 확인하면 부정선거가 확정인데 그걸 믿고 싶지도 않네요.|||국회의원에게도 정당이 있어야 한다. 기간은 65세까지 만료되어야 합니다.|||하늘이 두렵지 않나요?|||서영교도 나빴다.|||이재명 탄핵을 기원합니다.|||사용할 수 없는 경우 폐기해야 합니다. 사람들은 그것을 원합니다.|||그런 사람을 뽑는 사람들이 더 나쁜 사람들임을 강력하게 외칩니다!|||성제준님, 반갑습니다.|||연민과 연민의 감정을 불러일으키는 것|||감사합니다,,,, 당신은 애국자이십니다,,|||제주성. 건배!",1
c2UyLbR8IZU,인력을 감축하지 않으면 나라가 망할 것이라는 IMF의 엄중한 경고는 곧 현실이 될 것이다. 경제 붕괴는 이미 시작됐다. 서동기 교수 3부. 부자 김경필,"심층적인 분석 데이터와 실시간 경제 투자 통찰력을 얻고 싶으십니까? 원픽 제보사이트 https han.gl nSxdh 원픽 제보정보실 https han.gl Q7892 See More|||아무런 대책도 없이 돈을 찍어낸 한국은행 총재는 반역자와 다름없다.|||정말 무서운 점은 가계대출 통계에 전세대출이 포함되지 않는다는 점.. ㄷㄷㄷ|||결국 집값이 오른 뒤|||공무원 대부분이 강남에 집이 있는데 누가 집값을 낮추는 정책을 펼쳤겠는가. 대부분의 사람들은 나라가 망해도 돈만 있으면 된다고 생각합니다.|||은행만 가득 찼습니다. 예금 금리를 올리거나 대출 금리를 낮추는 것, 즉 추가 금리를 은행에 맡기지 말고 위와 같이 처리하십시오.|||창용아 정신 차려라 지금은 돈 쓸 때가 아니다|||이 나라의 가장 큰 문제는 정치인이다.|||정부의 강남살이 기득권이 둔촌 주민들을 살리는데 이용되어 나라를 망하게 만들었다... 금리 올려서 물가를 통제하려는 나쁜 놈들아, 부동산 시장을 폭락시키라.|||맞습니다. 그런데 정치인들은 비판받기 싫어서 아무 것도 하지 않습니다.|||ㅇ.ㅇ 국가 총부채는 7,000조원에 머물며 계속 증가하고 있습니다. 문제는 단지 사물을 밝히고 싶어하는 오프닝의 정치인들입니다.|||가장 쉬운 것은 가계부채를 줄이는 것이다. 금리가 오르면 달러가 1,500달러 오르는 것을 막을 수 있다.|||고통스럽더라도 금리만 올리면 망할 부동산을 막기 위해 죽을 각오가 되어 있지 않은데 뭘 바라겠습니까?|||구조조정이 현실화되고 있다....|||국가부도는 대안이 없는 것이 현실이므로 빨리 일어나야 한다.|||이 분은 정말 전문가이신 것 같습니다. 나는 할 말이 없다!|||대대적인 구조조정을 하지 못하고 부동산 거품을 해소하지 못한다면 우리는 장기적인 불황에 빠지게 될 것입니다. 어렵더라도 금리를 미국보다 더 올려야 한다. 이번 사태에는 한국자동차 사장의 역할도 크다.|||정치인은 자기 돈만 벌고 싶은 도둑이다. 국회를 해산하고 나라를 바로잡아야 합니다.|||주지사가 남은 임기 동안 돈을 모으겠다는 의지를 보이고 있는데 어떻게 해야 할까요?|||특히 생활비는 거의 두 배로 늘어났습니다.|||비 고급지역 아파트 가격이 22억 원이면 정상인가요?|||직업이 있어서 감사해요.. 버티고 버틸게요.|||대출을 닥치는 대로 다 빼서 집을 샀으니 그렇죠... 돈을 써도 그 돈은 다시 집으로 들어갑니다...|||미친 부동산 거품을 방치한 결과다.|||경제는 무너지고 있지만, 인위적인 주가 상승과 반도체 호황으로 경제가 좋다고 생각하는 무능한 정부로 인해 서민들은 점점 더 어려운 시기를 겪고 있다.",0
U7X6idHw3zY,이재명은 자신이 고의로 선택한 인물의 정체를 알고 충격에 빠졌다.,"어리석은 자들은 하루빨리 깨어나야 합니다.|||우리는 국가보안법 폐지를 절대 반대하며, 무조건 막아야 합니다.|||이 범죄에 대한 탄핵!!!! 고소!!!!|||이재명 빨리 체포하자.|||나는 김우철 감사원장을 반대한다.|||아 나의 나라|||감사원 비리를 적발하고 저지하려면 국력이 뭉쳐야 한다. 애국시민 여러분, 단결하여 지켜주세요.|||방탄벽이 높을수록 파괴될 때의 충격은 더욱 커집니다!!!|||중대한 죄가 너무 많기 때문에 필연적으로 자기 편에 있는 사람을 감사원장으로 선임하게 되겠죠?|||한마디로 아수라|||악마는 악마처럼 행동한다|||정답은 빠르게 범죄를 저지르고 진압하는 것입니다.|||김우철은 감사를 반대하는 공산주의 괴물국가다.|||하루빨리 이재명을 재판에 회부해야만 나라가 살아남는다. 가짜 범죄자들이 나라를 망하게 만들고 있습니다. 조희대 법관은 조속히 재판을 재개해야 한다.|||나는 충격을 받았습니다. 이재명을 끌어낼 수밖에 없다.|||북한처럼 배급을 받으면 국민들이 깨달을 수 있을까? 국민 모두가 깨어나야 하는데 한국은 너무 나갔다.|||완전히 끝났어.....|||이 악인들이 모이는 곳에서는 누가 벌을 받게 될까요??? 한숨만 나네|||당신은 당신이 원하는 무엇이든 할 수 있습니다.|||하루빨리 탄핵하고 체포하세요. 이 나라는 엉망이다.|||우리가 그토록 애썼던 자유민주주의가 무너지는 것을 어떻게 볼 수 있겠습니까?|||이 사람들은 중립적 공정성에 대해 전혀 모릅니다.|||언젠가는 사람들 사이에 유혈 사태가 일어날 것이라고 생각합니다.|||이재명은 징글징글하다. 비밀 권력인 김현지에 대한 특별 조사가 이루어져야 한다. 감사원을 막자.|||나라가 너무 끔찍한 상황입니다.",1
82iElNY-irE,이재명이 출연한 녹화는 무엇인가요?,"최고야, 최고의 미디어 회사야|||이재명이 왜 통일교를 해체하겠다고 위협하는지 알 것 같습니다. 이재명 당장 빼내야 한다.|||불의가 법이 되면 대중의 저항은 의무가 됩니다.|||답은 이재명 재판을 빨리 재개하는 것, 김현지, 정진상, 김남준, 김용, 이석기…|||윤영호 입장에서는 다 날려버리는게 답인데...|||그는 나쁜 일을 모두 저질렀습니다. 그는 역사적인 인물입니다. 그 사람은 인간이 아니고 괴물이에요.|||칼에 맞은거같은데..|||내로남불의 최종왕이 무너져야 나라가 다시 일어설 것이다.|||여당에 유리한 특검은 퇴진시켜야 한다.|||양파처럼 껍질이 벗겨지는 전과자, 이 4차 범인을 긴급 검거하세요.|||이재명 재판. 이재명을 조사하라.|||범죄자는 사업을 중단하기 위해 사기에 의존해야 합니다. 부끄러워할 줄도 모르는 파렴치한 악당들이네요...|||민중기를 고소하고 특검을 실시하라.|||다 잡아야 해|||보복!!! 그것은 세상이다|||민중기를 체포하려면 민중기특검을 해체해야 한다.|||제가 몰랐던 사실을 알려주셔서 감사합니다|||이재명에게는 아무리 노력해도 끝이 없다. 능력이 없으면 내려와서 심판을 받고 따뜻한 빵을 먹으라...|||소식 감사합니다, 행운을 빕니다|||일이 뜻대로 되지 않는다고 종교를 탄압하시나요? 그럴만한 가치가 있는 사람|||내란의 주모자인 이재명과 통일교로부터 불법자금을 받은 각료들. 모든 정치인은 감옥에 가야 합니다.|||이재명을 탄핵하고 재판을 시작하라. 그리고 좌파 민주당을 해산하라. 한꺼번에 사퇴하세요.|||진실이 밝혀진다!!!!|||특검 3명 모두 구속 수사해야 한다.|||이재명이 통일교 3인자로 불리는 이청우에게 위촉장을 줬다..",1
POmdw0KB_zw,민중기 특검의 충격적인 현실!,"바꿔보자. 나라가 망했어요.|||폭탄이 터졌다|||민중기는 특검을 없애고 대신 특검을 맡아야 한다.|||특별조사....민주당|||국민의당은 탄핵되어야 하고, 특검은 해체되어야 하며, 국민의힘이 지정한 특검 수사팀은 반드시 체포 수사해 진실을 밝혀야 한다.|||민중기를 조사해!!!!!|||민주당은 더한 것이 아니라 더 많은 일을 했습니다! 받으면 불법입니다. 받으면 합법이에요!|||국민의 깃발을 규탄하라|||특수수사가 아니라 느낌대로 행동하는 특수조직이다.",1
i2ePP4-Dd_s,"파문당한 이재명이 방금 긴급특별내전법원 설치를 강요하고 통일교회를 해산시켰습니다!! 조희대, 충격적인 발언! 민주주의는 반란으로 폭발한다!","이재명은 절대 대통령이 될 수 없다. 그 사람을 빨리 끌어내야 해요.|||이재명 정권이 정상이 아니다. 무너뜨려야 합니다.|||정의가 실현되기 전에 이재명을 빨리 처리해야 한다. 민주당은 들어야 한다. 그들은 중앙선거관리위원회를 믿을지 모르지만 권력은 영원하지 않습니다.|||4개 전과를 가진 대통령은 나라와 전 세계에 치욕이다. 사법부는 4건의 유죄판결을 받은 범죄자에 대한 재판을 조속히 재개해야 한다.|||나는 항상 보안정책을 지지한다.|||이재명 이제 끝난 정치로 국민과 게임을 하려는 겁니까?|||범죄자 이재명은 자신의 목숨을 구하기 위해 법치주의를 무너뜨리고, 나라의 기초를 무너뜨리고 있다. 재판을 재개하고 그를 체포해야 한다.|||이재명은 지금 미쳤다.|||국가보안법 폐지, 이게 나라냐? ㅡㅡㅡㅡㅡㅡ 고용법 침해, 국정 침해, 헌법 침해, 내전 ㅡㅡㅡㅡㅡ|||종교의 자유를 없애는가? 아직! 어머나|||세계에서 가장 강력한 독재 정권의 탄생|||젠장, 내려오세요.|||범죄자는 살아남기 위해 고군분투하고, 모든 시민들을 비난한 뒤 범죄자로서 혼자 살기로 결심한다.|||지금 그들이 종교까지 탄압하고 있다는 겁니까?|||국민이 원하지 않는 법을 만들지 말고 국민이 정말 원하는 법을 만드세요. 국민들은 재판을 피하기 위해 방탄법을 혐오한다.|||나라가 무너지고 있다|||언제까지 그 사람을 날뛰도록 놔둬야 할까요?!|||범죄 이름이 마음을 아프게 합니다.|||힘이 너무 과하면 부서진다. 이것이 현실화에 좀 더 가까워진 걸까요?|||역사는 진실을 말해줍니다. 나는 미래가 걱정된다.|||이제 저를 믿고 돌아가서 인내하세요.|||증인과 증거를 인멸하려고 합니까?|||국회와 헌법재판소가 내전을 맡는다. 그건 내 것이 아니야, 댄. 해야 할 유일한 일은 Yun Tong을 해고하는 것입니다. 특검을 해체하고 수사하라. 다들 풀어줍시다. 주요 선거. 반국가적인 수확은 예상되지 않습니다. 대중의 관점에서 보면 그것은 말도 안되는 일입니다. 반역자로 확인되면 세 번째 기소돼 반역자로 간주돼 탄핵은 무효다.|||법치파괴!!|||내 생각엔 이제 그 사람이 죽을 때가 된 것 같아. 인민법원을 설립하고 종교를 탄압하는 것은 정권 몰락의 지름길이다. 자유의 거대한 물결은 민중 봉기, 민중의 저항으로 승화될 것입니다.",1
CPF2ATk5fdk,중앙선거관리위원회 간부 2명이 국민기도 혐의로 검찰에 송치됐다. 오상종 자유한국애국회 대표.,"부정선거를 외치는 오상종 대표는 국민적 영웅이다. 부정선거에 연루된 자들을 모두 구타하고 처형하여 나라를 바로잡자.|||오상종 의원 같은 사람이 국회에 들어가야 한다. 지금은 정권간 전쟁이 한창인 가운데, 통일까지 확실한 우파들이 앞장서야 한다.|||장동혁 의원을 따르지 않는 국민의당 의원은 어떠한 질문이나 논쟁도 없이 무조건 하차해야 합니다!!!|||노태악 특검 온 국민이 일어나야 합니다.|||오상종 감독님, 감사합니다.|||우리는 반역자들을 기억합니다. 지역 자유주의 우파 유권자들이 선거에서 패배하도록 캠페인을 벌이십시오.|||우익들은 다 얼굴이 좋네|||민중기는 감옥에 보내야 한다. 문제를 일으키는 배신자를 신고해주세요.|||진정한 애국자 오상종입니다. 그는 현실적이고 현실적으로 일하는 사람이다.|||권엥진 같은 사람이 국민의힘 소속이다. 민주당을 돕는 사람들은 왜 국민의힘에 있는가? 배현진, 한동훈 같은 사람은 퇴출당해야 하는거 아닌가?|||공천도 잘해야 합니다.|||부정선거에 대해서는 중국 공산당과 일부 공화당, 민주당, 심지어 정보기관까지 연루된 카르텔이 너무 커서 트럼프 대통령이 매우 우려하고 있다. 그러므로 부정선거로 대통령 역할을 하는 자들은 핀셋을 없애고, 대선은 전자투표가 아닌 수기투표로 치뤄져야 한다.|||범죄공화국이 된 나라. 부정선거로 국회의원과 대통령을 선출한 나라. 우리나라 대한민국이 망하고 공산주의화 되어 중국으로 넘어가고 있습니다.|||오상종 화이팅|||오상종 감독님! 감사합니다|||파괴|||오상종 사령관님, 노고에 감사드립니다. 행운을 빌어요.|||자유대학 회원 지도자들은 최소한 40세 이상이면 출마권을 주어야 한다.|||검찰과 판사들은 나라를 위해 선거부정을 신속히 밝혀내십시오.|||중앙선거관리위원회는 해산되어야 한다. 해결책은 너무 썩은 곳을 다 뽑아내고 중앙선거관리위원회를 해체하는 것인데...|||감사합니다 오상종 감독님|||가족회사인 중앙선거관리위원회의 부정선거가 하루빨리 밝혀지길 간절히 기도합니다.|||오상종 감독님, 노고에 감사드립니다.|||한동훈, 조경태, 한지아, 김예지, 김용태, 김재섭, 배현진, 양향자 빨리 파티에서 나가라 ㅡ|||우리는 오상종 사령관의 애국활동을 적극 지지하고 지지합니다. 건강 잘 챙기세요.",1
zeJ6gmzZoYM,계엄령과 내전은 시스템 공학을 통해 명확하게 설명되었습니다.,"나라를 위해서 끝까지 최선을 다하시네요! 감사합니다.|||지만원박사님 건강하십시요 나라위한헌신에감사드림니다감사합니다|||대한민국의 지만원 박사님 응원합니다 늘|||공학박사님! 건강한모습 보니 보기좋습니다!!!! 많은고초를격으시고 고생많이하셨습니다!!!! 추운날씨건강잘챙기세요!!!! 감사합니다!!!!!|||지만원박사님은 진정한 애국자입니다.건강챙기세요.|||전세계 부정선거에 사용되는 한국산 Aㅡwab에 대하여 다뤄주세요ㅡ신속하게요.급합니다.|||지만원박사님 애국을 향한 충정에 진심으로 감사드립니다. 응원합니다|||내란은 범죄4범 리죄명이 부정선거로 정권찬탈 했읍니다. 리죄명은 내란수괴 입니다. 탄핵시켜서 끌어내려야 합니다. 범죄4범 리죄명 방빼라.|||수십년간 기나긴 탄압을 받으시고, 최근에는 긴 옥고까지 고령의 나이에 치르신 박사님! 당신은 나의 인생 롤모델이십니다. 존경합니다!|||자유대한민국 애국 지만원 박사님 추운 날씨에 건강 잘챙기세요|||민주당 과 간첩박선원 과 국정원돈 횡령한홍장원 이 만든 내란조작죄 입니다 ,윤대통령 은 내란 을 한것 이 아니라 불순분자 에 대한 게엄령 계몽령 이었습니다|||시스템 공학 박사님 건강 잘챙기세요 박사님|||내란은 이재명 민주당100|||이분 확실히 정리 해주시네요|||이진관은 친중쎄쎄판사고 이정재 판사는 칠성사이다 판사님 화이팅|||지박사님 참으로 오랫만에 뵙습니다 !|||윤통은 최근까지도 518 정신 호의무사와 다를 바 없었다. 그러니 최근까지의 정세 판단력에 대해 사과해야한다. 부정선거,의회독재에 대해 계엄을 선포한 것은 잘했다. 무죄로 풀려나는 것이 맞다. 이것이 지박사님의 생각이라고 본다.|||지만원 박사님, 건강하시네요. 대단한 애국 수호의 상징 지만원 박사, 요즘은 이상하게 지만원 박사, 지귀연 판사, 두 이름이 자꾸 연상 된다.|||내눈에 딱 드러오는 사람들은 지만원 박사님, 그리고, 서울역에서 부정선거 척결주도하는 이름은 잘 생각나지 않음 무슨 박사님 그리고, 진격의 변호사들..... 이정도가 찐 정의파....|||지박사님 주장은 system이 안 망가졌을 때고예 .. now 현시점에 시스템이 제대로 임미껴?|||뭘 어렵게 분석하나요? 헷갈리게요? 계엄은 대통령 기본임무인데.. 자기일을 했다고 내란인가요. 일을 못하게 한 것이 내란이지요.|||알림 오늘저녁11시다썰남tv에서우파끼리전화토론생중계. 대박날것이다. 시청자수와채팅. 초천재 고대경영학과 vs여포. 참고로,나는초천재가최고의우파브레인으로생각|||지만원 박사님 진정한 애국자이십니다",1
Q4mjY68d_8w,트럼프는 베네수엘라와 한국에 대해 같은 날 조치를 취했다.,"저는 트럼프 대통령을 존경합니다. 그가 한국에도 왔으면 좋겠습니다.|||미국과 한국은 혈맹이다.|||대한민국의 선거사기카르텔은 반드시 근절하고 반드시 처벌하라!!|||ㅡ곧ㅡ한국도 정상적인 국가가 되어 세계에서 위상을 가질 수 있기를 바랍니다.|||트럼프 추종자|||베네수엘라를 장악해 스마트매틱과 중앙선거관리위원회 서버의 자료를 확보하길 희망한다.|||듣고 있는 동안 Jen, 이건 좋은 소식이에요.|||트램프 파이팅, 한국으로 가자!|||계엄령 이후 한국군 다수가 간첩이었다는 사실이 밝혀졌다..|||가능한 한 빨리 움직여 주십시오. 심장이 쿵쿵쿵!!!!! 트럼프 대통령 화이팅!!!!!!|||트럼프 대통령. 건강하시고 대한민국을 도우시고 항상 파이팅 하세요!|||파괴|||트럼프로 가라|||나는 당신을 진심으로 존경합니다.|||누군가의 압력을 받고 있습니다. 출입을 각각 조사하고 엄중히 처벌한다. 미국에서는 가혹한 처벌이 존재하며, 마땅히 그래야 합니다.|||통! 가능한 한 빨리 와주세요|||첫 정부 때 알았던 트럼프 대통령! 이제 자유민주주의 국가에 오신 것을 환영합니다!|||저는 트럼프 대통령을 지지합니다.|||부패한 정권의 공산주의자들은 언제 처벌을 받습니까?|||대한민국은 누군가의 도움 없이는 정상화될 수 없습니다.|||군사 침공 항공기가 이륙했습니다|||한국의 부정선거를 밝혀주세요.|||트럼프 대통령! 그것을 위해 가십시오 !!! 진실이 승리합니다! 하나님이 함께 계시다!!!|||나는 트럼프를 강력히 지지한다. 우리나라도 악의 세력을 진압하기를 기도합니다.|||가능한 한 빨리 이 문제를 해결해야 합니다.",1
DR1qZMZf8R4,내전 특별수사 증거조작 적발한 위현석 변호사,"조작에 대해 특별수사하고 엄중히 처벌해야 한다.|||이를 뒤집어 정상적인 사회로 이끌어야 합니다.|||그렇죠, 특검이 증거를 조작한 거죠. 특검을 수사해야 한다.|||누가 특별수사에 이런 일을 지시했나요? 배후에 누가 있었는지 알아보세요.|||특검, 특검. 나를 망치고 남의 인생을 벌레처럼 나쁘게 만드는 특검. 자신의 생명이 소중하다고 생각한다면, 다른 사람의 생명도 소중하다는 것을 아십시오. 나쁜놈 특검님, 죄값을 치르세요.|||위현석 변호사님, 훌륭하십니다.|||조작에 대한 특별 조사.|||특검, 특검 이재명을 시험해 보세요.|||홍대에서 재개된 이재명 재판 일시 : 12월 13일 토요일 시간 : 오후 1시 30분 장소 : 마포구 독막로 57 웰빙할인마트 앞 주최 : 자유대학|||사람을 누명을 쓰는 수법으로 나라가 어지러워진다.|||노상원 장군을 적극 지지합니다,,,,,,,,그는 훌륭합니다,,,|||김문수 대선후보가 자유대한민국 대통령이라는 현실을 스스로 날려버렸다는 사실에 너무 충격을 받았습니다. 중공 중앙선거관리위원회의 음모와 반역으로 인해 압도적인 표차로 당선되어 개표수를 잃은 김문수 후보는 아름다운 항복선언으로 자신에게 투표했던 자유우익세력에게 큰 실망을 안겨주었다. 미국 트럼프 행정부가 부정선거 수사에 나섰고, 온두라스와 베네수엘라를 넘어 극좌 이재명 정부까지 쓰나미가 덮칠 것으로 보인다. 김문수는 불운한 정치인으로 사라지게 된다. 정말 안타깝습니다. 김문수 정신차려!!!",0
ljSwPvVE3uQ,계엄령이 선포된 진짜 이유,"풀버전 다시보기 https www.youtube.com live fuUKeit1qY0?si ByA j7F4BwYdAeDk 요약 민주당의 반국가적 폐해는 도를 넘었습니다. 이재명이라는 중죄인을 보호하기 위해 22번의 탄핵을 남용하고 대통령 특별활동비까지 0원으로 삭감했다. 문재인 대통령에게는 96억 원을 줬지만, 현직 대통령에게는 한 푼도 주지 않아 국정을 마비시켰다. 원전생태계 지원비(1112억원), 첨단제조기술개발비, 청년일자리지원금 등을 모두 삭감했다. 대신 연봉은 1억6000만원 올랐다. 국가의 앞날을 생각하지 않는 반국가적 도둑정당이다. 더욱 충격적인 것은 중국 공산당원들이 우리 군사시설을 촬영하고 간첩이 난무하는 상황에서도 간첩법 개정에 반대했다는 점이다. 그들은 군사기밀을 천만 원에 팔고 우리 정보요원들이 북한에서 처형되는 동안 눈도 깜빡이지 않습니다. 그들은 대한민국의 정당성을 부정하고 나라의 기반을 흔드는 위험한 반란세력이다. 윤석열 총장의 말처럼 이제는 누가 진정한 대한민국이고, 누가 반국가세력인지 명확하게 가려야 할 때다. 내란세력인 더불어민주당의 반국가적이고 악랄한 활동을 보도합니다.|||계엄령에만 집중할 것이 아니라, 계엄령이 나오게 된 배경에도 주목해야 한다. 윤 대통령이 단지 독재정권을 만들고 싶어서 계엄령을 내린 것인가. 지금 21세기에? 단지 내 여자를 지키고 싶어서? 그렇다면 재판에 더 많은 노력을 기울이는 것이 나았을 것입니다. 계엄령은 잃을 것이 너무 많다. 비논리적인 선전에 휘둘리지 않고 사물을 올바르게 볼 수 있는 안목이 있어야 합니다. 우리는 이미 계엄령과 다름없는 그들의 독재 아래 살고 있을지도 모른다. 좋은 영상 감사드립니다.|||이 나라는 국민 수준에 비해 너무 잘하고 있다는 말이 맞습니다.|||이 글을 보고 눈을 뜬 분들은 대통령의 계엄령 연설과 계엄령 철회 이후의 발언을 꼭 다시 들어보시기 바랍니다. 편견으로 인해 제대로 듣지 못했을 수도 있습니다.|||계엄령이 내려진 지 이틀 만에 이 영상이 올라왔다는 것은 참으로 놀라운 통찰입니다.|||저는 30대 여성입니다. 이 점 참고하셔서 널리 널리 알려주세요. 진짜 나라 망한거같아 ㅠㅠㅠㅠㅠ하|||가장 큰 문제는 선동을 받은 사람들이 선동을 했다는 사실을 인정하지 않는다는 점인 것 같습니다.|||너무 고맙고, 몰라서 미안해요. 우리는 함께 나라를 지킬 것입니다. 청년들이여, 모두 함께 일어서자.|||하, 이게 너무 사실이라 눈물이 난다. 모두가 현실을 알았으면 좋겠습니다.|||나는 당신을 응원합니다. 더 많은 사람들이 올바른 결정을 내릴 수 있기를 바랍니다.|||투표를 하지 않고 제 상황을 한탄한 제 자신이 정말 부끄럽습니다. 계엄령을 내린 데는 그럴 만한 이유가 있었다. 정말 후회해요.|||나무가 아닌 숲을 보세요. 내 나라를 빼앗기면 내 아이들에게는 미래가 없습니다.|||저는 온건파였는데 이 분 덕분에 우파로 바뀌었습니다. 사실을 아주 자세히 설명해주시네요.|||계엄령이 내려졌을 때 무슨 일이 벌어지고 있는 것인지 궁금했지만, 이유를 알고 상황을 이해한 후에는 불가피하다는 것을 깨달았습니다. 계엄령이 아니었다면 사람들이 정치에 관심을 가졌을지 의문이다. 그러므로 대한민국의 올바른 미래를 위해 모든 국민이 함께 뭉쳐야 한다고 생각합니다. 감정적으로 적대적인 태도를 취하기보다는 깊이 바라보고, 진실을 숙고하고, 판단하는 통찰력을 가지시기 바랍니다.|||이제 왜 이런 일이 일어나는지 생각하는 분들이 많아졌으면 좋겠습니다,,ㅠ|||저는 40대 세 아이의 엄마입니다. 정말 눈과 귀가 막힌 채 다른 세상에 살고 있었습니다. 나는 놀랐다. 검색해 보니 진짜 뉴스인 줄 알았어요. 나는 왜 몰랐을까? 정말 놀랍습니다.|||다시 봐도 이때의 그의 용기에 감탄이 나온다. 눈부신 선명도|||SNS, 인스타그램, 유튜브, 블로그 등에 익숙한 젊은 세대들이 이를 공유하기 위해 정말 정신 차리고 함께 노력해야 한다고 생각합니다. 그 나라는 중국에게 먹혀가고 있었습니다.|||이 영상은 정말 널리 퍼뜨려야 합니다.|||베네수엘라처럼 되지 않으려면 대한민국 국민들이 꼭 봐야할 영상!!|||저는 현재 수능을 앞두고 있는 고등학생입니다. 저는 고등학교 1학년 때 한국사 수업을 들었고, 중립을 지키겠다며 부모님의 다양한 정치적 입장을 돌아가면서 듣고 기사와 영상을 통해 직접 눈으로 사실을 확인하면서 꽤 깨어있다고 생각했습니다. 이후 수능 선택과목으로 정치와 법을 선택하고 법학과에 진학하겠다는 희망으로 지난해부터 2년간 공부했다. 그래서 처음에는 계엄령 자체가 범죄라고 느꼈습니다. 나는 계엄령이 자유를 빼앗았다는 것을 알고 있었습니다. 계엄령을 시도한 전직 대통령을 우리는 왜 아직도 지지하는가? 라는 의문이 생기고 한 가지에만 집중하게 되면서 조금씩 좌파 성향이 생기기 시작했습니다. 그러나 검찰 폐지로 인한 삼권분립 붕괴에 대한 우려를 시작으로 여러 자료를 찾아보면서 상상할 수 없는 일들이 오랫동안 계속되고 있음을 깨달았습니다. 무비자 입국 이후 늘어나는 남녀노소 납치 사건, 공개 사과나 CCTV 공개 없이 발생한 행정정보시스템 화재 사건이 너무 이해가 되서 여기저기 검색하다가 이 영상을 보게 되었습니다. 처음에는 계엄령이 아닌 다른 방법을 선택했으면 좋았을 텐데, 그 당시에는 계엄령이 유일한 선택이었다는 것을 이제야 깨닫게 되었습니다. 공산주의자가 되는 것도 큰 문제인데 당장 전쟁이 터질까 걱정이다. 해외 언론을 보면 우리나라는 매우 위험한 상태입니다. 대학 입시를 위해 늘 11시 30분과 12시까지 열람실에 머물고 있는데, 예전에는 어두웠던 건물 입구와 뒷편에 밴 두 대가 나타나기 시작한다. 부산 같은 지역에서는 자주 나올 줄 알았던 누락 문자 메시지가 이제 우리 지역에서도 매우 인기가 높습니다. 무뚝뚝했던 딸은 퇴근 후 부모님이 혹시 문제가 생길까 봐 퇴근 후 바로 짧은 전화를 한다. 나는 중립에서 왼쪽을 핥다가 오른쪽으로 돌았습니다. 이 영상은 좌파, 우파 가리지 않고 많은 분들이 보셨으면 좋겠습니다. 이제 막 정치 동향에 관심을 갖기 시작한 젊은이라 모르는 것이 많지만, 내 주장을 명확하게 밝히고 사실로 논리적으로 반박하려면 아직 많은 지식이 필요합니다. 다시 공부하러 가자. 모두들 행운을 빕니다. 그리고 어둡거나 인적이 드문 길에서도 전화를 걸고 집에 무사히 귀가하실 수 있기를 바라겠습니다. 부모님 중 한 분은 집에서 쉬실 때 거의 하루 종일 왼쪽에 있는 영상을 듣고 계십니다. 그것에 대해 어떻게 이야기해야합니까? 왼쪽에서 오른쪽으로만 바뀌었다면 정말 정신이 번쩍 들었을 텐데 아직도 계엄령 얘기만 하고 계시네요.|||저는 19세 학생입니다. 윤석열 총장 탄핵 이야기가 주변 SNS에 넘쳐나고 있다. 하지만 왜 계엄령이 내려졌는지, 대통령이 누구와 싸우고 있는지에 대한 이야기는 자신있게 올렸습니다. 비록 제가 비난받고 외면당하지만, 몇몇 친구들이 진실에 눈을 뜨는 데 작은 도움이 될 수 있어서 정말 기쁩니다. 대한민국의 민주주의를 위해 우리는 자랑스럽게 우리나라를 위해 목소리를 내야 합니다. 아직 생일이 지나지 않아 투표권이 없는 학생이지만, 자랑스럽게 이렇게 말씀드립니다. 많은 어른들과 노인들에게 물어보십시오. 용기를 내시기 바랍니다.|||저는 40대 남자입니다. 사실에 기반한 영상을 널리 알리고 있습니다. 감사합니다.|||계엄령은 법률에 명시된 바와 같이 대통령의 불변의 권한이다. 계엄령은 정당화됐지만 민주당과 특검, 레거시 방송이 일으킨 내전!|||계엄령 뉴스를 보면서 왜 그런 짓을 하는지, 그 뒤를 쫓기 위해 무엇을 하려는 건지 걱정이 되었습니다... 그런데 민주당이 저지른 만행을 알게 되었고 왜 계엄령을 선포할 수밖에 없었는지... 국민들에게 공산주의를 조심하라는 힌트였습니다.",1
azbAiIEZ8sY,한길선생님이 진짜 싸웠어요.,"그라운드c 전한길쌤. 정말 자유대한민국 지키기 위해. 목청을 높이시는것 보며. 존경스럽습니다 국힘 송언석이.국힘당을 지키기위한 전한길쌤을. 고발한다는 말 할때. 국힘당 의원들. 싸그리 교체해야함|||전한길님! 찐 애국자이십니다! 100퍼 응원합니다!!!|||진짜 민주당도 문제지만 썩어빠진 국힘부터 갈아엎어야한다고 본다|||화끈하고 멋있고요 전한길선상님 매우 대단하신분|||맞아요 지켜줘야 됩니다. 두분 감사합니다|||백번 천번 맞는말씀 진심 애국자 순수한 분입니다|||저도요 눈물났어요|||애국자 전한길선생님, 그라운드씨 감사합니다 응원합니다|||진짜 애국자!|||멋잇다 전한길쌤 응원합니다 감사합니다 자유대한민국 지켜주세요 국힘해체가답이다|||전한길샘 이나라의 진정한 애국자 너무 기쁘고 감사드립니다|||맞습니다 짝짝짝|||전샘 진정한 애국자님 감사합니다 국힘당을 찐 보수당ㅈ으로 만들자|||그라운드 씨의 바른소리 옳은말씀 최고이십니다|||맞습니다 전쌤 고맙습니다 그라운드씨님도 고맙습니다|||멋지십니다|||애국자이십니다!!!! 그라운드님두요|||멋지다 애국자들|||맞습니다 보배이십니다 한길샘 그라운드C님도요 요새 님들 보며 웃어요 희망이 보여서|||진정한 애국자십니다|||썩을대로 썩어 악취가 진동하는 국힘|||맞습니다 진정한 애국자이십니다|||두분모두 이나라. 보석입니다ㅡ늘 감사합니다|||한길쌤 그라운드씨 장동혁 김민수 나경원 난세의 영웅이십니다 힘내주십시오 국민들이 함께 합니다|||진정한 애국자 전한길 선생님 응원합니다",0
YHoq8E0nvw4,이게 여론 수준이군요,"이것은 매우 합리적인 진술이다.|||당신 말이 맞아요. 모든 사실을 확인해보면 계엄령은 내전이 아닙니다.|||당신은 최고입니다. 지금 전시 중입니다. 자유대한민국을 지키기 위해 목숨을 걸어야 합니다.|||우리나라를 위해 열심히 일해주셔서 정말 감사드립니다. 간첩을 근절하고 자유로운 대한민국을 함께 만들어갑시다. 파이팅하는 대한민국 애국시민 여러분!!!|||배신자의 날과 날이 드러났습니다. 전체 이야기가 공개됩니다. 감사합니다.|||그라운드씨 김성원 대표님, 노고에 감사드립니다.|||이런 분들이 오른쪽에 있다는 게 저에게 힘이 됩니다. 감사합니다.|||이번에는 국력 있는 국회의원들 중 돈낭비할 만큼 어리석고 당 노선을 따르지 않는 자들은 반드시 추방되어야 한다.|||박충권 의원님, 당신이 최고입니다. 당신 말이 정말 맞습니다. 매우 감사합니다.|||와, 베스트 댓글이네요. 당원의 63%가 국민과 같은 수준이다.|||모든 것을 걸었다는 말에 진심이 느껴진다.|||맞습니다|||대통령으로서 계엄령은 정당하다. 탄핵은 무효입니다.|||국민의당, 힘내세요. 나는 박충권 의원을 지지한다. 우리는 지금 함께 모여야 합니다. 목소리를 높여주세요.|||그렇죠, 그렇죠. 물론 저는 아닙니다. 이렇게 용기 있는 방송을 할 수 있도록 힘을 주세요.|||국민의힘 대표!!! 적극 권장|||국민의당은 정신을 차려야 한다. 젊은 국력의원들의 기상이 필요합니다.|||국민은 자유민주주의 체제를 지키고 싶어한다!!|||정말 정확한 말씀 감사드립니다!|||윤석열 총장님, 국민들이 지지합니다. 기운을 내다. 영상 감사합니다.|||제발 정신 차려주세요. 국력|||당신 말이 맞아요.|||고맙고 존경하고 사랑합니다. 당신은 영웅입니다.|||우리나라에는 당신 같은 사람이 필요합니다.|||이번에야말로 진정한 국민의힘이 되는 국회의원임을 보여주세요!!! 당신의 사람들을 위해 싸워라!!",1
mXVyhtZAlno,이재명 옆에 있는 이재용의 표정이 어둡다.,"그들은 모든 회사를 죽이고 있습니다.|||맞습니다.|||이 범죄 봉인법|||이재명은 가짜이므로 즉각 자격정지를 당해야 한다..|||파괴|||사실입니다. 회사가 없으면 우리 국민은 어려움을 겪을 것입니다. 노란봉투법을 폐지하세요.|||나 정말 화났어|||무임금법 폐지를 강력히 촉구합니다!!|||맞습니다.|||맞습니다. 이재명 봉인법을 만들어야 한다!!!|||저는 노란봉투법에 반대합니다. 나라가 스트레스로 몸살을 앓고 있습니다.|||또한. 최상의.|||민주노총의 행위는 우리나라를 이끌어갈 청년들에게 많은 폐를 끼치고 있습니다. 그만하세요. 그만하세요. 제발...|||민주노총은 해산되어야 한다. 회사가 있고 개인이 권리를 가지고 있습니다. 이런 파멸적인 행동은 한심하다.|||국민을 위한 정치가 아니면 정치는 필요없다!!! 다들 내려와!!!|||회사의 사장들은 언제 일을 합니까? 당신은 그것을 여기저기 끌고 다니고 있습니다.|||우리는 이에 맞서 일어나 항의해야 합니다.|||6월 25일은 아직 끝나지 않았습니다. 공산주의자들과의 투쟁은 북한에서만이 아니라 국내에서도 싸워야 합니다.|||회사가 있어야 하고 일하는 사람도 있어야 하는데,,, 그러면 우리는 어떻게 해야 할까요?|||노란봉투법 이재용 위원장님, 당신은 우리나라를 위해 꼭 필요한 존재입니다. 나는 당신을 지원합니다. 건강하시고 힘내세요. 당신은 최고입니다.|||왕따시대에서 빨리 벗어나야 나라가 살아남는다.|||그 사람은 잘 생긴 사람이고, 좋은 인상을 주는 사람이에요. 그가 우리를 도와줘서 정말 고마워요. 제가 몰랐던 사실을 알려주셔서 감동받았습니다. 나는 많은 것을 배웠다.|||김성원 대표님 말씀이 맞습니다. 이제 이재명 봉인법을 제정할 때다. 이재용회장님 화이팅!!! 삼성전자 만세!!!|||좋아요! 정말 놀랍고 충격적인 일들이네요! 법만 있을 뿐!|||탄핵하자",2
DLLQf7-XYYo,이재명이 큰 사고를 당했다.,"나는 화가 났다. 이게 나라인가요? 나라가 더러운 범죄자들에 의해 통치되고 있다고들 하니 정신을 차립시다. 더 이상 국회에 맡겨서는 안 된다.|||미친 세상....|||나쁜놈들 꼭 벌 받았으면 좋겠습니다!!!|||너무 화가 났어요|||더 널리 알리자 - 탄핵, 탄핵, 탄핵으로 가자.|||아니, 과연 전과자가 복수 정치에 나서는 모습을 언제까지 지켜보며 살아야 하는가? 매일 피가 끓어오르네요 ㅠㅠ|||여러분, 일어나세요!|||정답은 그 한 사람 때문에 5천만 달러를 잃는다는 것이다.|||대한민국 만세!!! 아니, 대한민국이냐? 돈과 권력, 미디어만 있으면 모든 것이 가능한 세상.|||정말 어떻게든 여기서 일어나야 해요!!|||우리 국민은 함께 모여 싸워야 합니다.|||형사대통령, 형사총리와 내각, 그리고 이제는 범죄자 특별사면까지 ㅠㅠ|||옳은 말씀을 해주신 지상대표님께 감사드립니다.|||아, 세상은 점점 더러워지고 있다. 맞아요, 충격받았어요.|||시민 여러분, 침묵하지 맙시다|||꼭 자유대한민국으로 갑시다.|||나는 성장했다. 죄에는 부끄러움이 없습니다. 다음세대에게 배워서 거짓과 불의, 죄를 부끄러워하지 않는다면 우리나라는 무서운 나라가 될 것입니다.|||상식이 사라진 대한민국, 가짜 대통령|||최고입니다. 말씀해주셔서 감사합니다.|||우리는 분노를 표현하기 위해 집회에 가야 합니다. 나라를 구해야지|||이것은 진정한 내전입니다. 이렇게 정치를 하고 전 정권을 반란으로 몰고 가는 게 사람이 할 짓인가?|||정말 놀랍다|||맞습니다|||가족사기집단에 대한 특별사면은 엉망이다. 이것은 이것이 공산주의 국가라는 것을 증명합니다. 우리는 시민이 아닌 사람으로 살고 있습니다.|||그들은 너무 무능해서 한 사람의 나쁜 제자도 버릴 수 없으니 이것이 바로 우리가 보고 있는 것입니다.",1
dz9L9Qz-NJA,묻지마 멈추지 않는 이유,"전체 영상 https youtu.be 8C0lOT2SaL8|||김성원 선생님, 수고 많으셨습니다. 깨어 있는 마음을 가진 김성원 선생님은 거칠고 바르게 말하는 것을 잘 하지 못합니다. 국민의힘을 통해 국회의원으로 일할 수 있도록 도와주세요. 나는 우리나라를 위한 노동자입니다. 김성원, 파이팅이 최고다.|||이것은 당신이 백만 번 들었던 진술입니다. 이 사람 통찰력이 대단하네요.|||그렇죠, 국민들이 고통받고 있습니다.|||당신은 최고입니다. 당신은 국회에서 환영받아야 할 진정한 애국자입니다.|||그렇죠, 아직도 이 사실을 모르는 분들이 많다는게 안타깝네요.|||좋아요. 백번 천번 맞는 말씀입니다.|||모든 단어가 정확합니다.|||진실을 알려주신 정의로운 애국자 김성원 의원님께 ​​너무 감사드립니다. 나는 그를 존경합니다.|||당신 말이 맞아요.|||나는 국권을 쥐고 있어야 할 이런 사람들을 지지한다.|||당신 말이 맞아요. 문재인 정부가 광화문에서 애국민들을 막아섰을 때 경찰은 정말 잔인했다. 민주노총은 이들을 보호하는 무능한 경찰이 아니었을까.|||지성, 유머, 입담까지 두루 갖춘 그라운드 씨. 화이팅!|||모든 것이 옳습니다. 나는 윤 총장님을 전적으로 지지하고 지지합니다.|||이 사람 정말 멋있고 마음에 든다. 그것을 위해 가십시오!|||아조씨... 어쩜 이렇게 말을 잘하시나요? 당신은 정말 멋지다.|||앞으로도 오랫동안 정확한 정보를 전달하는 언론으로 활동해주세요!!!|||아, 정말 멋지네요. 보컬 흉내도 멋있네요.|||진짜 보컬 흉내내기 실력자|||CEO의 보컬 묘사가 정말 미쳤습니다. 왜 그렇게 웃기나요? 공부를 너무 많이 했어!!!|||좋아요! 우리나라 경찰을 보면 범죄자에게 절을 하면 어떻게 될까요?|||나는 동의한다|||말마다 다 맞는 말이에요. 보컬 흉내까지 생각나는 예능이다.|||이러한 사실과 무고한 사람들의 생존권에 귀를 닫은 범죄단체 지지자들|||그건 정말 사실이에요.",1
FaB7QDm3wz8,"이재명 LIVE 국토공간대전환, 대한민국을 널리 사용합니다! 지방시대위원회 보고회","항상 응원합니다. 대통령은 괜찮습니다.|||대통령 파이팅을 응원하는 제안이 있습니다|||대한민국 전세계에서 사랑받은 최고의 훌륭한 대통령 이재명 대통령님 마니마니 사랑합니다. 추운 기후에 추위에주의하십시오.|||대한민국 5극 3특체제|||대통령님. 상처를 입지 않고 항상 신경이 쓰인다. 당원입니다. 건강하다|||대통령님의 국민이 응원, 지지합니다. 감사합니다.|||대통령 덕분에 대한민국이 발전하는 것을 느낍니다! 지난 최고의 이재명 대통령|||A급 옆에 A급이 헤르페스 된 것을 잘 하는 정부를 좋아합니다.|||점프 정부에서 지방이 얼마나 성장하는지 정말 기대되고 있어 청와대에서 크리스마스를 보내는데 크리스마스 영상도 만들어 주시겠습니까? 아! 시계는 어디에 살고 있습니까?|||결국 지속 가능한 새로운 산업 생태계를 만드는 방법이 있다고 생각합니다. 지속 가능하기 위해서는 자연 기반 솔루션, 생태적 접근 방식으로 접근하는 방법에 대한 교육이 필요하다고 생각합니다. 이를 바탕으로 한국형 자원의 발굴과 융합을 촉진해야 한다고 생각합니다. 청년에게 현재의 음식을 넘어 청년이 어떻게 미래를 이끌 수 있는가에 대한 인식을 먼저 심어야 한다고 생각합니다. 이것은 COP 시스템에서 그 대답을 찾을 수 있습니다. 한국의 자연환경이 가지는 토양, 식물, 미생물, 문화 등을 융합하여 결합하여 생태적 한국형 10차 산업 생태계를 만들어 나가야 한다고 생각합니다. 1 2 3 4 10|||우리 대통령에게 감사드립니다! 항상 건강을 조심하십시오! 아, 정말로 쿠팡의 사태는 심각한 형태입니다만, 카드를 비대면 발급을 대면 발급으로 고치면 데미지가 적어지고 싶네요 건강하게 해 주세요!|||이재명 대통령을 위해 무능하고 무책임한 사람들을 보고 있지만 국민을 위한 것이 아닌 자신을 위한 사기정치질은 더 이상 부족하게 해야 한다.|||든든하다|||이렇게 공개된 투명한 정부를 내 손으로 뽑았다.|||이런 논의를 볼 수있어서 매우 좋습니다. 발전하는 대한민국이 기대됩니다!|||수도권의 집중을 피해야합니다. 지방을 크게 개발과 투자를 통해 젊은이들이 생업에 종사할 수 있도록 발전시켜 수도권 부동산 정책도 계속 발굴하고 아파트 가격을 반토막은 만들어야 합니다.|||우리 대통령은 매우 잘 선택되었습니다.|||국민에게 항상 알려주셔서 감사합니다. 이재명 정부는 투명하고 좋다.|||이재명|||대통령과 함께라면 대한민국은 초강대국, 초경제대국이 꿈이 아니라 가까워지는 현실이라고 믿습니다!|||대한민국을 널리 사용한다는 말이 설레네요!|||K민주주의를 이끄는 이재명의 리더십이 대한민국을 넘어 세계로 널리 확산|||나라를 위해 많은 일을하십시오.|||대한민국을 널리 사용합니다. 말씀 감사합니다.|||대통령의 응원",0
ISfH-rDAvXM,뉴스타파천두환잔당추적 호화평,존경합니다.|||인물은 인물입니다.|||취재 실패한 것을 취재했는가?|||도대체 무엇을 취했는지 모르겠다.|||취재력은 정말 떨고 있습니다.|||호화평은 머리가 굉장히 좋았기 때문에 부푼다... 조금 적다.,1
cm3IGKUQtrk,2013년과 완전히 바뀐 정두환의 아들,추징금의 회수가 쉽지만 아니지만 시간이 걸려도 반드시 해야 한다.,0
g-d-1-1VJZM,누가 취임식을 밤에? 이유가 있었다! 배승희 뉴스배송,"배승희 변호사! 최고라면 좋네요.|||똑바로 배승희 변호사. 좋아요, 최고입니다.|||변호사의 사이다 발언을 속이는 것도 멋지다.|||배승희 변호사는 언제나 응원하고 있습니다.|||깔끔하게 정리해 전달하는 능력이 뛰어납니다. 감사합니다|||배 변호사|||배승희 변호사의 국민이 바라는 대로 일릴라|||변호사는 좋은 정보 감사합니다 건강합니다|||배승희 변호사의 진단과 코멘트를 진지하게 들었다.|||배승희 변호사 감사합니다. 무지한 국민에게 계속 홍보|||배의 변호사는 항상 좋은 방송에 감사드립니다. 항상 응원합니다.|||배승희 변호사 figjting fighting 예수님만 믿으면 최고야|||배승희! 파이팅! 사랑스럽고, 안쪽이 시원하다,|||구절에 맞는 말씀입니다.|||배선 생. 감사합니다, 건강|||천벌을 받는 사람 국제 인권위를 도와주세요. 잘 부탁드립니다.|||항상 열심히 방송해 주셔서 정말 감사합니다!|||배승희 변호사 감사합니다 함께 응원합니다.|||배승희를 응원합니다.|||배승희 변호사 파이팅!!!!!!!|||배승희 변호사의 말이 맞다|||배승희 변호사 자유 대한민국 최고의 애국자다|||배승희 응원|||배승희 변호사 안녕하세요|||배승희 변호사님 부탁드립니다. 진실만 말해 공감 백배합니다.",1
vdfsqSd3InI,미국의 지역 상황을보고 ... 해킹! 배승희 뉴스배송,"국제법으로 구속 구금하십시오.|||배승희 변호사는 정말 좋다는 파이팅입니다.|||국회의원은 반드시 줄여야 한다고 생각합니다 반드시 바뀌어야 합니다|||한국도 헌법 개정을 통해 국회의원 수를 100명으로 해야 한다. 그리고 공무원 수를 줄여야 한다. 선거제도도 바꿔야 한다. 배승희 변호사님 응원합니다. 최고입니다.|||배승희 변호사 최고입니다.|||국회의원 100명으로 줄여야 합니다.|||속여서 시원합니다.|||배승희 뉴스 전달 오늘도 응원하고 있습니다.|||변호사 YouTube가 빠듯하게 대한민국을 살리고 있습니다. 존경합니다. 건강을 섭취합니다.|||대만은 공무원, 국회의원 수를 줄이고 선거도 수표로 하고, 분단 국가인 한국이 배울 점이 너무 많다.|||한국 국회의원을 줄이는 것은 당연합니다.|||베·변호사님 시종일관 응원합니다.|||배승희 변호사는 올바른 말입니다. 적극적으로 응원하고 있습니다.|||배승희 변호사 최고의 YouTube|||여하튼 국회의원을 줄여야 하며 또 비례대표를 없애주면 나라가 조금 바로 서는데, , , , , 대만의 선거제도 매우 부럽습니다.|||배승희. 변호사 감사합니다|||배성희 변호사, 조은정보를 많이 알려주세요|||자유 우파의 당당한 여자 전사 배승희 변호사는 호팅|||국회의원의 총 백인이면 충분합니다.|||배승희 변호사 화이트|||최선을 다하십시오. 항상 지원하십시오. 자유민주주의를 지키자.|||비례대표제 폐지하고 의원수도 100명 이하로 줄이자! 외국인 투표권도 폐지합시다! 중국인 부동산 소유권도 폐지합시다!|||뉴스 전달은 잘 받고 있습니다. 최고입니다. 멸공 in 구케|||국회의원 삭감의 찬성입니다! 뜻밖의 국회 축소!|||배승희 TV 좋아요.",1
uyyopBJbCJM,세계사적망상 이죄명 배승희 뉴스배송,"배승희 변호사님의 말씀에 동의합니다. 철학이 없는 자가 철학을 가진 사람들 앞에서 비굴함을 장착하고 오만하게 감도는 장면이었지요.|||배승희 변호사, 올바른 뉴스 감사합니다|||장동혁 대표 축하합니다! 배승희,|||재밌고 지혜로운 배승희 변호사의 방송을 보고 늘 감사합니다. 오늘은 매우 기쁜 날입니다. 작지만 희망의 싹을 본 날입니다. 지금 시작입니다. 보상 재건을 위해!|||감사합니다|||축하 축하합니다. 미래는. 희망으로.|||트윗 페어 파이팅을 축하합니다|||장동혁 대표 축하해|||잘 들어주셔서 감사합니다. 배 변호사,,,,|||생존해 주셔서 감사합니다.|||애국 열사 청소년 국민들 YouTube 분들 진심으로 감사하고 감사하고 사랑합니다|||장동혁 패딩 축하합니다|||배승희 변호사|||안녕하세요 배변방에 가요 오늘도 사실 뉴스를 기대하고 있습니다|||배승희 국회에 와서 나라를 구하십시오. 눈부신 칼럼, 깨끗하고 시원한 시사 응원합니다. 배승희 파이팅!|||윤 대통령을 도와주세요.|||오, 고마워. 장동혁당 대표|||기대됩니다.|||여호와 니시 신! 감사합니다|||애국적인 YouTube 승리입니다.|||최고 감사합니다, 좋은 정보 끊임없이|||한미동맹 한미혈맹 생명혈맹 국가 영원해지다 미국 트럼프 대통령 님 존경합니다 수고하셨습니다 올바른, 복귀합시다 윤석열 대통령|||장동혁! 윤 대통령에게 부탁합니다.|||좋은 배승희 변호사를 응원합니다|||국력의 당 대표를 포함한 지부도가 전투력을 가지고 민주당에서 싸워야 한다!",1
0Vj7k4_L6bc,가랑이 씨앗 ... 배승희 뉴스 배송,국가 패배 전략 회의 대박|||배변 방송 잘 보고 있습니다 응원합니다. 꼭 모아주세요. 알려 주셔서 감사합니다.|||서둘러 변호사의 말씀에 감사드립니다. 세세하게 가르쳐 주셔서 미련한 국민이 강하게 듣습니다. 항상 고맙습니다. 조심하십시오.|||조와요|||배승희 변호사의 말을 듣고 있는 동안 웃음이 빵이 되었습니다.|||셰셰이 죄명 하루 북한 송금|||ㅎㅎㅎ 배승희는 너무 귀엽다.|||맞습니다.|||최선을 다하십시오.|||정의는 이긴다 민주당의 국민은 바보가 아니다|||양발 외교가 괴롭힘 외교가 될 것이지만 ...|||항상 응원합니다|||이경명 전승제에 가고 싶어서 안절부절 좌석안안인데 트럼프에 찍힐까 하고 전전 자비속해!|||진짜 왕비를 늘리는 한사 재판이나 받고 점멸에도 들어가야 하지만 조용한데 이나라가 왜 이래? 돈을 지불하고 1인당 10억씩 주십시오.|||미디어는 한국을 떠나|||미친거야.|||디지게폰도 저렴합니다.|||가입 회원 170만 명 빨리 달성하자|||나라에는 정의의 나이가 있습니다.|||정확한 방송은 빈후입니다.|||국회가 무당집이라고 생각했습니다.|||맞아|||변호사 중이 시원합니다.|||응원하고 있습니다.|||민주당이 되었습니다.,1
443bkElL6w0,좌파 재판관까지 반발! 어려운 내 이유 배승희 뉴스배송,"배승희 변호사 파이팅 멋지다|||조만간 좋은 일이 있는 것 같습니다.|||윤석열 대통령 파이팅|||진정한 애국자의 싸움은 항상. 안이 시원한 촉촉. 변호사|||장동혁 대표 열심히 해주세요.|||항상 좋다고 조는 정보 감사의 끝까지 응원합니다.|||딱 맞는 말이다|||미국 조지아주 애틀랜타에서 시청 중 배승희 변호사님 최고 레벨 방송입니다.|||이재명은 반드시 구속해야|||대한민국 파괴집단은 곧바로 본격적으로 수사하고 처벌해야 한다고 합니다|||맞습니다. ㅡ 과연. ㅡ창동혁 대표.|||배승희 변호사. 최고의 장동혁, 김민수|||, 2030 애국적인 영웅 여러분, 당신은 강한 추위에 시달려 주셔서 감사합니다, 감사합니다, 항상 응원하십시오.|||젊은 청년들이 가지고 일어나야 합니다. 이나라의 미래는 젊은이들의 손에 달려있었습니다.|||변호사 감사합니다, 건강하고 최선을 다하십시오.|||장동혁, 김민수 등 자유대학의 견고하다. 나라를 곧바로 세우자. 국제사회도 그렇게 도와줍니다. 배변 파이팅|||사법성에서 일어나야 한다. 온 국민이 함께 도울 것이다.|||배승희 변호사의 말이 바로 말|||배승희 변호사 오늘도 고마워요 항상 응원하고 있습니다|||탄핵이다! 삼권 분리를 위반하는 행위 ... 행동 ... 발언 ...|||국민의 힘 각 자살여자당을 배신하는 자들은 영원히 공천을 주지 않으면 다시 분열을 하지 않는다|||국민의 힘은 싸움을 하지 않는 의원은 공천을 해야 한다. 국민이 내세워 B시 전의원은 퇴출해야 하고 국민이 국민의 힘을 지지한다. 마음에 두고 싶다|||이재명처럼 구속하다|||배승희 변호사는 감사합니다.|||내부총을 하는 것 이번 전부 면도야 나라가 살 수 있습니다",1
hojpPJjhmno,지경을 모르는데...? 배승희 뉴스배송,"어색한 국민 저항권 화약고를 만지지 마십시오.|||감사합니다|||배승희 변호사를 존경하|||행정.|||배승희 변호사는 언제나 감사합니다.|||나쁜 인간|||전 과자의 이 죄명을 탄핵하십시오.|||배승희 파이팅은 힘들어|||배 변호사, 파이팅, 이재명,|||국민의 짐단 정신|||논산의 딸! 응원합니다|||국민을 무시하고 마음대로 삼권이 완전히 무너진 아무조|||앵커는 직선입니다.|||글쎄, 내 국민이 처벌하자.|||배성희 변호사는 파이팅 ㅎㅎㅎㅎㅎ|||믿고 본다 보는 최고의 애국방송!!! 열심히 응원합니다|||배승희 변호사 가운데 시원은 잘 작동합니다.|||대응하는 힘이 있거나 국력이 없습니다.|||대한민국이 앞으로 어떻게 될까 걱정에 잠들기 어렵고 괴롭지만 배승희 변호사의 올바른 목소리에 그만큼 힘을 얻는다 항상 fighting|||배승희는 언제나 올바른 소식을 주셔서 감사합니다.|||열심히 배승희|||이재명 선거무효 소송에서|||변호사의 존경|||진짜 뉴스를 부탁드립니다. 항상 감사합니다.|||애국방송 자유보수 배승희 변호사",1
zQTSQbh89jw,독서 장경태섹하라 의혹변호? 성범죄를 전문으로 하는 법률 사무소,"거절하라.|||모든 국민이 눈을 뜨고 지켜보고 있다. 반드시 밝혀야 한다.|||처벌을 받아야합니다.|||죄송합니다. 암소를 치는 것은 매우 악성입니다.|||반성을 하는 것을 알아야 인간이다. 반성을 모른다.|||장경태 아웃|||변호사 파이팅|||뿌리다|||같은 주변 사람들도 조사해야합니다. 옹호하는 아이의 누군가?|||장경태! 의원직을 내려 피해자에게 살리도록 싹트고 죄치를 받으십시오|||장경태 의원 사임|||장경태는 아무리 떨어지더라도 지옥에 떨어진다.|||그렇게 통했기 때문에 다시 할 무조건이 아니라고 잡을 때다.|||경태는 자유 대한민국의 정상적인 국민이 될 자격도 없다. 국민의 혈세는 처음 보는 사람이 소유자처럼|||애지중지. 자백해 선처를 요한다고 봐 주면 시간이 지나면 또 심해진다. 무조건법대로 무게 처벌하십시오.|||이번 기회에 장경태는 영원히 없애야 합니다!|||가는 길은 빵밖에 없다는 말이군요!|||사실입니다.|||엄격한 처벌로서 정의의 법률이 살아 있음을 나타냅니다.|||포르노와 보좌관이 페어로 1, 2회 해본 기술이 아닌 것 같습니다.|||푸하하하하하하하하하하하하하하하하하하하하|||부끄러운 장경태 즉시 세비를 정지시키고, 의정활동도 중지하라 재판을 받고, 무죄 확정하면 복귀하라|||민주당에서 성폭력 관련 다른 재판부 구성을 뒷받침하는 것 같다|||솔직하게 예상해야 한다.|||민주당은 나에게 남불의 양문석이 어떻게 되는지 궁금하다.",1
vpgvciRYQG0,"김광일, 박은주, 장원준,","정치판에 범죄자들을 알리고 강력한 법적 처벌로 다스리고 성역 없이 재판을 받으라.|||국회, 헌법재, 선관위, 공수처, 특검 해체하라.|||납세자가 명령한다. 혈세 하마. 국회. 헌법. 선관위. 공수 목적지. 특검은 해체하라.|||그래도 탄핵하지 않으면 한국은 자유 대한민국에 사는 자격이 없다.|||어떻게든 철저히 수사하고 관계자 전원을 구속해야 합니다.|||지금은 민주당이 파렴치당임을 국민 앞에 자백해 해산하라!!!!!!!!!!!!!!!!!!!!!!!!!!!!!!!!|||게다가 불당추천 특검 박모도 후회하고 민중기도 조사해봐야 합니다. 힘이 조금 훔치면 설치는 세계!|||언론은 양심적으로 파고들지 않으면 권력을 깨닫지 마십시오.|||개혁이 타인의 껍질을 벗기는 것이 아니라 자신의 껍질을 벗기는 통증을 앓는다고 하는 이야기입니다만, 모두가 내남남불 체질화된 한 집단들.|||눈이 깜박이고 범죄.|||깊이 들어가기 전에 다음 사건이 매일 몇 건씩 튀어나와 국민의 생각이 둔해진다. 도대체 현 정부는 무엇을 하는가? 한심하다. 국민이 부디 우리가 정신을 쌓자. 국력은 지금처럼 함께 싸워가면 몇 가지씩 조를 만들어 각각 하나씩 맡아 싸워야 할 것 같다.|||협박, 갱, 회유로 문걸|||임특검 특검하라, 리자이밍 탄핵하라.|||나에게 남불당.. 국민이 화나|||이죄꿈이 와서 이렇게 사악해진 거야? 도대체 국민을 무엇으로 알고 저처럼 오만한 것인가? 협박으로 통하십니까?|||통일교 재산 강제 몰수 가능성. 이재명은 김정은처럼 가는 것.|||나에게 남화가 없어|||도둑은 항상 다리가 내립니다.|||이재명을 끌어내야 하는 가야 할 곳은 단 하나, 칸팡이다.|||범죄자를 말해도 징글징글|||문재인도 구속해야 하는가?|||이것은 대통령을 대통령으로 인정할 수 있는가?|||최우선 해산단체와 함께 돈 봉투 민주당이 가장 먼 나 같은데? 여자?|||얼마나 부끄럽습니까? 부끄러운 것도 모르기 때문에 범죄가 몸에 휘말려 있습니다.|||요야당 모든 정치 인사. 정말 추잡한 사람들. 정말 부끄러운 일입니다.",1
4uYL-IENbik,이재명이 통일교에 직접 연락한 대통령실,냄새가 나는 장소는 항상 당신의 이름입니다.|||도둑 놈이 부탁합니다.|||맞습니다ㅡㅡㅡㅡㅡㅡㅡㅡㅡㅡㅡㅡ|||그래서 큰 외침은 웃습니다.|||별로 원하지 않는다 미디어의 자유 직업의 자유 그것도 할 수 없으면 늦게|||이것이라면 민주당이든 국민의 힘이라도 모두 해산해야 한다. 대통령은 정말 자기 중심적이고 말도 매우 가볍기 때문에|||이재명이 통일교와 관련되어 있기 때문에 종교 해산시켜 재산 국고에 압수한다는 낭비로 무서운군요 무서운 몬스터입니다|||몰랐지만 그런 사람으로 돌아오는 것은 흥미 롭습니다.|||이재명. 민주당의 거짓말 벌써 비열하다|||도둑을주세요.|||화재를 죽이는 것은 언제입니까?|||나는 남부 부처와 위선을 증명했다.|||이재명 ㅎㅎㅎ|||잊었어? 이재명이 어떤 인간인지… … 국민은 기억하고 있다…|||통일교가 불법이라면… 이재명도 불법인 것에 대해 탄핵을 받고…,1
2UiEFmI4FSI,갱생의 상징이라고 하면 계속 폭발하는 조진은 폭행 노출 김광일 박은주 장원준의,민주당은 다음 총선에 공천하십시오.|||언니가 문체 부장관에게 준다.|||도란 버릇은 어디로 가나요?|||상환|||사람은 변하지 않습니다.|||부끄러움의 해산은 반드시 이루어져야 합니다.|||조진은은 현재 진행형이군요. 절대로 옹호해서는 안됩니다.|||개 누카리안 개만 보이는 이유|||진보는 어떤 진보공산주의|||조진은은 언제나 보고 완벽한 이재명의 후계자다.|||모든 피해자를 호소,1
uxPruB6cKzw,"12 10 통일교의 김진술에 전재수? 조태임 김준일 크리스마스는 청와대에서 윤국영 장동혁 마이웨이 박정훈 팬, 미국 집단 소송, 손동후, 김현정","12 10수 뉴스쇼 뉴스연구소 통일교 금품 제공 진술에 전재수 세관마약 밀수 의혹 혐의 없는 1인 가구, 처음으로 800만 돌파 CBS 조태임 기자, 김준일 시사평론가 인터뷰 1 민주당 윤근영 의원을 두지 말아 주세요 2 SJKP 송동후 변호사법무법인 오와와현지법인|||그래서 그 사람이 그 사람들이라고 하는데 예쁜 척하는 당이 더 나쁜 집단이다.|||인생 자체가 외롭고 결국 혼자 외롭게 세계를 떠나는 것을!|||공소 시효. 윤국영은 몰라요.|||정재수 민주당에 몇 안되는 내가 좋아하는 정치가인데 조금 부끄럽네요…|||박정훈 파이팅|||박정훈|||윤국영|||박정훈 스마트 신사|||향후 민중기는 구속될 것이다 특검은 현 정부가 그러니까 권력의 개라고 한다|||이재명도 통일 가르쳐 먹었는데...",1
tnmxHkBTsUE,옥 메시지를 본 유인테는 누구를 마셨습니까?,"장로들도 그런 사고로 정치를 해왔기 때문에 정치권은 속속 고통받았다.|||왜 들었어? 엘라이|||이것이 별로 없다고 말하는 원칙의 정치가는 그런 것이므로 걱정입니다.|||이 사건 때문에|||원래 해먹이었기 때문에 그들은 잘못되었다고 생각합니다.|||CBS 조심하세요. 영감 사고가 중단되었습니다. 사려분별할 수 없는 분은, 원로가 아니고, 원로 할아버지에서도, 이렇게 전파에 실어서는 안됩니다. 영감! 진심으로 들을 수 없어요!|||들키지 만해야한다는 것입니까?|||청량은 죄가 아니다.|||발레 문제? 정말 아파요.|||문제는 관료의 자리를 정치가가 찾아내 극복했다.|||이런 분을 모시는 이유가 있나요?|||눈치채지 않으면 그냥은… … 이런 일이 있다고?|||모든 것은 현지 언니를 통해 이루어져야합니다.|||에구치ㅡ나라가 엄청 개막|||조금 좋다! 이영일은 비일상적이라고 생각합니다! 더 충격이야!|||발레하는 것은 죄라고? 견고하게 해도 붙잡으면 긴장하네요. 노후화된 정치인들은 민주당에 남부불을 바르게 보여|||선한 국민은 누구를 믿어야 하는가?|||이 인간도 어제 저녁을 마신 술이 별로 부서지지 않은 에라이입니다.|||거기에 게스트 나이트는 70을 초과해야합니까? 느낌이 떨어집니다.|||만진당은 정말 심하게 기득권이다.|||비일비재? 민주당은 썩었다. 부패 김현지와 김남국은 곧 사퇴하라!|||유인태의 정신세계는 의심스럽다.|||발레하는 것이 문제라고? 음,,|||더 놀라운 것은 유인테의 생각입니다.|||유인태..역시 랍스터는 개편이나 김남국에 대해서도 장경태에 대해서도..그럴지도 모른다고? 발레하는거야. 죄라고?",2
Rbqhd5XCgVw,정재수 장관 왜 사표에서 쓴거야? 뉴스 연구소,"윤영호가 거짓으로 뇌물을 받은 남즈 거론할 이유가 없다|||같은 혐의로, 어떤 X는 징역이고, 어떤 X는 공소 시효가 지나서 ...|||나는 말하지 않았지만 왜 내 생각인가?|||??? 아니, 정말 아니었어? 언론에 증거를 어겼어? 다음날 사의표명..|||자, 정치인들을 수사하십시오. 썩은 정치를 정화|||국회의원은 직하해야 합니다.|||말하다|||받은|||단호하게 분명히 말하지만, 정치인의 입을 열면 거짓말|||정재수도 이미 끝났네…|||받은 건 받을 거야|||나는 이것이 모두라고 생각한다.|||정재수는 매우 기쁩니다!|||국민이 바보처럼 보이는가? 정재수는 죄가 없는데 사퇴는 왜일까. ?|||죄가 없으면 이유|||뭔가 있다고 생각합니다.|||ㅋㅋ 철판을 깔았다|||회수가 대상|||그 생각이 든다. me too 사건이 폭발해서 수사를 하기 때문에 막상 범죄의 혐의로 밝혀진 것은 민주당 인사들입니다.|||그런 일. 그 외. 거절. 웃음|||나라의 정원도 내려 조사해 주세요.|||아직 법원의 판단도 조사도 나오지 않았는데 불법적인 수수께끼가 없었는데… 단지 수수께끼는 그럼 있었어?|||회수 조사|||제스 자카르티에 불가리 내게 버려|||강한 부정은 강한 긍정",2
4uk3UeaBnN8,라이브뉴스 속보 한동훈 비대위원장 2023.12.17,"그리고 한동훈 장관은 정말 제대로 정리하십시오.|||아름다움이 오랫동안 보면 이길 것입니다.|||한동훈 비대위원장! 환영합니다. 총선거에서 국회에서 썩은 민주당을 몰아내십시오.|||한동훈장관을 사랑하는 똥 총선거를 이겨야 하므로 이후 계획을 할 수 있다|||맞습니다. 새로운 대표국의 위기를 정확하게 알고 가르쳐 주셔서 감사합니다.|||한동훈 장관님 서포트해 응원합니다. 원희령 장관님 서포트해 응원합니다. 빠른 순발력에 감사드립니다. 투톱으로 두 사람이 강력하게 이나라를 지켜 주세요 국민의 절실한 소원입니다.|||한동훈장관을 응원합니다.|||국력으로 준석이 정리할 수 없는 경우 책임당원은 국력을 정리할 것이다.|||한동훈 원희령 장관 여러분, 응원하고 있습니다.|||한동훈 장관|||그러나 정치 경험이 없기 때문에 잘 알고 있다고 믿고 총선거가 성공할 수 있기를 바랍니다.|||한창훈을 응원합니다.|||신대표의 말씀으로 겸손한 원희령 장관님을 존경하고 지지합니다!!!!|||한동훈장관은 적극적으로 지지하고 있다.|||한동훈이 잘 된다고 생각하는 바보가 아닙니다.|||김문수 의원 추천|||공관위원장은 김문수 위원장에게 찬성|||이번 총선은 대통령선인 사생결단으로 승리해야 한다|||국력의원들은 함께 전에 모여야 한다. 그래서 총선거에서 이길 수 있습니다!|||김기현은 바로 이준석의 국력 스파이입니다!|||한동훈 법무대신 응원|||한창광은 국력으로 1백백명이 될 것이다.|||수훈 훈장관을 응원합니다.|||대통령제 하에서는 대통령에게 힘을 주고 일사에 흐트러져 돌아가지 않으면 국정이 안정되고 국민의 정서도 편해지고 국가도 발전한다.|||한동훈 장관에 가면 법무부는 누가 지킬까? 법무부장관 한동훈 장관님 수고하셨습니다. 걱정됩니다",1
Usktxggcn3U,라이브뉴스 윤석열 심각한 결심,"하나님의 한계는 찜 애국입니다 최고|||대표 감사합니다.|||진실과 진리를 향해 정도를 가는 신대표와 정광훈 목사에게 하나님의 은혜와 역사하시는 손이 함께 될 것이라고 믿습니다.|||새로운 대표는 진정한 애국자입니다. 싸움|||신대표님 파이팅 신대표님이 계시는데 자유 대한민국이 미래가 될 희망이 있습니다. 우리 모두가 부정선거를 밝히고 자유 대한민국을 다시 한번 의대하고 정의적인 국가로 세워야 합니다.|||신 대표님 파이팅 잘하고 계십니다. 열심히 해도 정의와 진실은 반드시 승리합니다 강하고 대담한 힘을 내고 용기를 내고 노력하면 반드시 승리해 주셔서 감사합니다.|||부정적인 선거를 밝히는 것은 대답|||신대표는 정말 올바른 판단에 감사드립니다. 항상 수고하셨습니다.|||새로운 대표는 최선을 다하십시오.|||신혜식 대표의 말은 맞다.|||대포의 국민 청원을 신속하고 빨리 홍보하십시오.|||그래도 대표는. 나라를 구하고 있습니다. 모든 환경이 최악이지만. 그냥. 대한민국을 위해. 최선을 다하십시오. 응원합니다|||신혜식 대표를 열심히 해주세요. 첨단을 보고 달려가기로 합니다 광화문장에서 외치는 그 결함과 투쟁력으로 우리는 힘을 얻고 든든합니다 절대 약해지지 말아주세요 끝까지 응원합니다.|||한동훈은 독선, 혜택을 모르는 자, 당대표 오르토당토가 아니고, 홍준표 시장 신대표 홍철기, 매우 응원|||원희령당 대표는 대답|||국력은 곧 해산하고 진정한 우파 정당을 창조하라!|||신 대표님 이번 선거 부정선거 반드시 밝히고, 가담자들 모두 극형에 처해야 합니다. 이를 위해 선두에서 싸우는 대표에게 감사하고 애국우파 국민이 전 목사를 중심으로 하나로 정리하여 반드시 승리합시다.|||장시호 녹음과 태블릿 pc의 진위 조사는 언제쯤 할 수 있을지 궁금합니다.|||윤성현 대결단|||한동훈은 국민당에서 퇴출시켜야 한다|||원희령은 당대표여야|||오세훈이 박원순보다 광화문 집회를 방해했다. 국력 부패했습니다.|||그 사람 감사원장 때는 그랬지만 정치하는 것을 보면 이준석 옹호, 한동훈 옹호하는 것을 보면 정치는 영이 아닌 것 같습니다|||원희령님 나오길 바래요.|||한동훈 아웃입니다.",1
iuBAhInoUaM,"독립신문 라이브뉴스 정광훈, 평택 10만 집결! 2025.07.26","광화문에서 모집합시다.|||애국 동지 만세|||행동할 때입니다. 지금 행동할 때.|||많이 있습니다 대한민국 만세|||시작은 미미하나 끝은 찬데할릴라 대한민국 만세!|||친애하는 애국 여러분, 더운 가운데, 조국을 위해서 힘든 고생을 하고 있네요. 미군 철수는 절대 안 된다.|||이자이에 굉장합니다. 고마워, 고마워. 누구든지. 미국은 우리의 은혜의 나라입니다. 역시 강력한 합성도 합니다.|||최고의 최고 뜨거운|||눈물, 함께하지 않고 축복|||이것은 더운 나라에 있습니다. 수고하셨던 정광훈 목사!|||신한스.|||정광훈 목사애 국민에게 감사합니다.|||모이면 싸우면 승리하고 승리합니다.|||격렬하고 눈물이 겹칩니다. 주한미군, 우리와 함께 가자|||데미지 교수는 언제나 사회를 보고 고생하고 있습니다.|||황준 선장군은 언제나 빠르고 올바르게 제대로 가르쳐 주셔서 감사합니다. 최선을 다하십시오.|||미군 철수 미군 철수는 절대로 하지 말라 한국을 지켜라.|||한미군 철퇴반대 한미동맹 강화하라!|||종교 단체에 감사드립니다.|||애국자 정광훈 목사ㅡㅡㅡㅡㅡ|||정광훈 목사가 건강한 모습을 보고 매우 기쁩니다. 이해하기 어려운 것이 걱정이었습니다만, 끝까지 건강하고 자유우파 국민을 이끌어 주시기를 바랍니다. 대한민국을 지키고 주소서.|||신한수, 신혜식 대표, 이성범 기자,|||미군 철수는 결코 반대|||미군 철수에 반대|||미군 철수 반대는 엄청",1
IXxnzkejxnM,라이브 뉴스 김우네분당 개폭망 2024.03.20,"한동훈, 김경율 좌파 국민이 심판하자|||집 토끼를 잡은 것처럼 무시했습니까?|||윈인의 중요한 동체는 좌동훈입니다.|||기회주의는 반드시 폭망입니다.|||대통령을 각도로 대통령을 공격하기 때문에 당신은 잘 작동합니까?|||성공은 끝까지 보지 않으면 알 수 없습니다. 한동훈은 언제 사셨나요ㅡ|||우리 윤 대통령을 위해 단합하자.|||김은혜는. 어려워 보이지 않는다. 좋아하는 곳으로. 하늘을 주었다고. 대답하겠습니다. 한동훈이 붙었나요?|||분열은 한동훈이라는 것을 알고 있으므로 우파는 문제를 정확히 알고 있다.|||이정배시 의원국회를 보내자|||김은혜 탈락하자|||어부의 땅에서 얻은 장소! 욕심만 가득한 한동훈. 아웃!|||김은혜 이번 선거를 선택하면 정치|||김은혜는 기회주의자가 아니다.|||김경율, 김현동, 함은경|||재미있습니다.|||대표자 헤앙. 힘이 됩니다.|||아시아 투데이! 방송 좋다!|||민주당에서 옮겨온 인간들 앞에야말로 국민의 힘 희망이 있다|||김은혜는 조심해.|||자통당이 일어나야 하는데...|||김은혜.... 대통령과 함께 가는 대신 대통령과 함께 있어야 합니다...|||권한이 있는 만큼 책임이 반드시 따르도록 되어 있습니다.|||한동훈을 피우는 맹렬한 우파. 너가 가격 인하한다. 자유통일당에 가자|||썩은 빠진 정치계에 입문하면 가장 먼저 배우는 것이 뒤집혀, 씌우는, 흐트러뜨리는, 물을 타는….",1
bSzINmwhG4c,항상 응원합니다! 윤사모 청년회원 등장! 윤석열 탄핵무효 헌법 전에 계엄령,"예, 중심적인 의견을 존중합니다.|||에구이펠라 축복|||깨끗하고 똑똑한 청소년은 바로 깨끗합니다. 미래가 밝다고 생각합니다.|||나는 눈이 있었다.|||탄핵 무효 탄핵 무효 탄핵 무효|||정의는 살아서 영원하다 한국만세|||감사합니다. 아들딸이야. 한국 만세|||2030 이 나라의 희망입니다. 민주주의를 지키고 청소년의 미래를 보장합시다.|||응원합니다|||2030 청소년 파이팅|||윤석열 대통령은 최근 세계에서 드문 가장 용기있는 대통령, 지도자이며, 그를 지키는 국민은 가장 용기있는 국민으로 세계에 알려져 있습니다. 추운 날씨에 함께 최선을 다하고 하나님께서 보호하시기 바랍니다.|||정말 멋진 청년이군요. 피를 끓는 청년들, 당신들이 살아가야 한다.|||고마워, 자유 대한민국 만세|||추운 날씨에 고생하고 있습니다. 좀 더 참고하십시오.|||응원합니다 지원합니다|||젊은 청년들! 당신의 미래를 생각합시다.. 일어나 일어나!|||청소년에게 감사|||수고하셨습니다. 열심히 응원하는 애국의 청년입니다.|||고마워, 우리 대통령을 지키자.|||애국자 청소년, 감사합니다, 애국자에게 감사드립니다.|||청소년 여러분, 노인의 추운 날씨에 감사드립니다.|||내일은 8일간 Joe 9일째의 요트가 고비인 것 같습니다만, 여러분의 체력의 비축을 잘 해 주고, 2030명의 주말 정도 많이 나와 주세요. 내 집도 내일 간다.|||애국자 여러분, 수고하셨습니다. 응원하고 있습니다.|||젊은 청년들이 일어나라.|||정말 예뻐요.",1
kwnm16JR0oU,라이브뉴스 김재섭 한지아,"한동훈 특검합시다!|||내야 한다|||당론을 따르지 않는 사람ㅡ 해당 행위에|||둘 다 출당시켜야 합니다!|||색을 내자!|||김명수 3년 5개월 만에 부른다! 현명하게 해주세요!|||이것은 국력당원의 수준이다 바보의 행진을 보았다.|||이원석|||헝가발은 퇴출 대답이다!|||한동훈 특검|||덥고 사라져 미친 것 같아요.|||피와 같은 국민의 세금 왜 특별검찰관에게 쓰려고 합니다만, 국민을 무섭다고는 생각하지 않습니다.|||김재섭 한지아? 헐|||국민의 눈높이로부터 생각해 한동훈 특검 빨리 합시다.|||한지아는 피지 않습니다.|||좌동훈 사퇴|||국민의 역내 배신자 2명 더 탄생 축하|||한동훈 대신. 특검 찬성했습니다.|||국회의원 사무소에 전화하자.|||한동훈과 이원석은 도대체|||오픈 5분입니다. 5분 전이 아닙니다.|||이원석의 추천자 법무장관 한동훈|||당 대표란 사람이 폐기된 법안을 어떠한 이유로 입장 변화가 없다고 계속 울거나, 당론은 필요 없고 자기 정치만 할 것이다.|||한동훈 똑바로|||당대표한은 국력당서 퇴출시켜야 한다",1
eqdES2H9jRY,"해킹! 나경원, 윤석열의 오빠와 2분간 통화! 99.99 이 말을 했습니까?",그러니까 나경원이 선두에 서서 말한 이유가 있었다.|||단지 호랑이가 이니지 완전 독제 체제의 호랑이니까. 침을 뱉을 뿐이었나요? 흥분하고 질.,0
faU2UC6XoYM,나이가 들수록 추악하고 죄를 짓는 나경원,"나경원 입시 빌리. 에서 수사합시다.|||미친. 판사가 실수로 판결했음을 전수 조사하고 밝히는|||나경원의 아이를 조사|||봐주면 정도를 넘어!|||그래, 나는 왕이 되려고 시도하는 모든 부정 행위를 저지른다.|||나경원 기름가격 5000만원 환산 그레이스|||일찍부터 아이를 봐야 하는 것처럼|||조진은이 민주당을 응원하는 걸 보고 의도적으로 범죄자에게 몰아내는 것 같아서 쓴다.|||나경원|||나팔 벌금형을 받고 당신이 하는 소린지. 아이들 입시 빌리|||나경원은 진짜 밥맛이네요!|||나경원의 급유비 5000만원은 왜 조사할 수 없는가?|||벌금형도 법원장부를 가진 특혜자입니까? 조금 시도해 보길 바랍니다.|||지금 급료를 받고 직무 유기 죄도 넘치고 있습니다.|||맞아|||공개하기 전에 촉법소년도 악질전인 청소년 강력처벌해야 합니다|||나팔은 발언이 아니다. 감옥에 가야합니다.|||이때 해.|||재판관 출신……과… 재판관|||아이들 입시 부정 조사나 받고 말해서는 안 된다…에휴… 5선 동작의 품격|||미친 여성임이 분명한 것 같습니다!|||5선도 걸려서…|||대한민국 사립학교법인에 관한 모든 정보도 공개하자...|||경원의 휘발유비 확인|||내 아이도 조사합니다.",0
OOgt6cfz6Mc,"윤한헌, 장동혁","사과할 필요가 없다|||부정부패에 휘말린 공직자는 3대가 공무직에 나가는 방법을 만들지 않으면 부정부패가 사라집니다 그레야 대동세계가 됩니다|||아니요, 아니요, 그렇지 않습니다...|||늦었다!|||진국민의 힘이 선거가 다가오기 때문에. 똥이 불타",0
rovs977BKPE,"여러분, 또 속아서는 안됩니다!","맞습니다.|||국민은 바보가 아니다|||그들은 양심이 없습니다.|||큰 절이기 때문에 내란 대 배당으로 바꿀 수 있습니다.|||선거철만 변신하는 내란로봇|||하루 빨리 12,3 쿠테타 적의 사형 판결|||맞습니다.|||올바른 말입니다. 좋은 것은 좋은 일이 아닙니다. 그렇지 않습니다. 동정을 줄 정도의 가족이 아닙니다.|||맞습니다.|||반백세 살아보면…|||안이 보이는 내란당의 수법이다 우리의 국민은 속지 말아야 하고, 이번 선거에서 심판해 의석수 0으로 해 주어야 합니다",0
qeZrdVH_8U4,"최재영 목사, 3년 집으로 돌아가지 않고… 특검 참고인 조사 출석!",초보자를 응원합니다.|||최재영 목사 같은 분이 진짜 목사|||최재영 목사님은 최선을 다하십시오.|||최선을 다하고 뜨겁게|||신경쓰지 않는다,0
sXmTZ85oBbU,"트럼프, 부정 선거 게시! 법무부, 후속 조치에 착수!","곧 재판 재개|||부정선거 척도|||사전선거 철폐가 없는 선거는 선거재 자체가 부정선거다|||멸공반 국가세력의 척도 부정선거의 척도|||멸공만이 부정선거를 깨는 길이다!|||진짜 괴로운 나라는 더 이상 폭망하기 전에 드러내서 꺼내야 한다|||기쁜 소식입니다.|||사전선거 폐지하고 부재자 투표도 투명하게 하는 시스템을 만들어야 한다.|||갈수록 태산에 갔던 도둑은 무엇을 하는가?|||이번에는 뿌리를 뽑아야 한다|||드럼 만세 리자이밍 out|||부정선거를 덮기 위한 내란탄핵몰 이 시선을 돌려 여론전에 광분합합시다! 권력 방어용!|||파괴|||조심하고 강력한 녀석들을 감독합시다. 땀을 흘려 건설된 한국|||FBI뿐만 아니라 미국에 있는 모든 정보 당국과 사이버 사령부 US Cyber ​​Command를 총동원하여 한국 A WEB의 부정선거 개입과 모든 종류의 부정을 경감해야 합니다! !!|||중공 부정선거 국제 카르텔을 제거해야 합니다. 중공과 이재명, 민주당의 부정선거 쿠테타를 진압.|||한때는 서둘러요! 나라가 더 부서지기 전에 내려야 한다!|||부정 선거 적극적으로 수사하고 명백하게 밝혀주세요!|||사전 투표제를 없애지 않으면 국가가 공산주의로 옮겨진다! 반드시 국민저항권을 발동하여 나라를 구해야 한다.|||부정적으로 한놈을 깜박임|||부정선거에서 권력을 찬탈한 반국세력의 놈들이 공산독재국가에 가는 아웃번으로 무지한 속도로 달리고 있다. 나라가 멸망하는 것은 시간 문제다.|||열쇠는 부정선거|||제발, 부정 선거의 싹을 당기는?|||시작하다|||부정선거에서 권력을 찬탈한 자들은 지위고하를 불문하고 모방사형과 무기징역에 처해야 한다.",1
6lbg575tZ80,"아, 제렌스키 암살하자! 천우 신조에서 살아남는다!","선관위 타도 사법부가 살아야 나라가 사는|||반공을 국시의 제1로 하고, 미국을 피로한 자유우호와의 유대를 더욱 견고하게 한다. 국민소득 70불대에서 3만불대한강의 기적을 이룬 민족의 영웅이며 세계의 지도자인 박정희 대통령의 각하를 그리워합니다|||북, 중, 로이란 같은 나라와는 평화협상 불가능한 오로지 힘으로 제압해야 한다.|||미친 것도 다양합니다.|||자유 대한민국 윤 대통령 4800만 애국 국민애국자 윤 대통령 신 대표님 만만세.|||신인균 대표의 낮과 밤의 온도차가 급격하게 변화하는 초겨울 날씨에 항상 건강을 조심해 주세요. 압력을 가해야합니다.|||푸틴이 멸망하지 않으면 중국과 북한이 빛납니다.|||적극적으로지지 동정합니다 열심히 싸움 ? 러시아 푸틴 정권의 폭망을 바란다|||중국 중국 민주당 타도 선관위|||멸공이 오는 그날까지 멸공|||고이치 총리님 응원합니다|||러시아 푸틴이 미친|||푸틴도 암살하려고 해도 해야 한다. 전용 기타로 이륙하는 순간 드론을 충돌시킵니다.|||고이치 수상님. 그리고 일본의 국민에게 분력해 주세요........|||주변국의 긴장이 높아지지만 공동군사작전을 더욱 강화해야 하는 이유|||푸틴이 막다른 골목에 있다.|||멸종! 신대표 애국방송 감사합니다.|||독재 푸틴의 길이. 앉아있다.|||신인균 대표의 끝까지 응원합니다|||애국 채널 오늘도 수고하셨습니다!|||대표자의 계절의 건강을 유의해 주셔서 감사합니다.|||우크라이나 대통령은 항상 건강에 주의|||드론 요격 드론을 애도시켜야 한다|||김현지 국정농단 조속구속 수사하라!|||고마워요.",1
ECyCpkeP9ig,"김오준의 다스보더인 82회 KBS, 마지막 알림과 엑시스","조국의 가족을 열심히 해 주셔서 감사합니다.|||정우영 교수님의 말씀에 전율이 흐릅니다. 역사가 흐른 후 어떻게 평가 되더라도 현시점 한국 국민은 위대한 한국민이라는 것은 분명하고 자랑입니다! 문재인 조국 김오준 유시민은 한국의 보물입니다.|||주광덕은 모든 유출사건에 있었다. 판결문 유출 사건, 김명수 대법원장 후보 회의 녹음, 조국사태까지… 이렇게도 주광덕과 연결이 없으면?|||뉴스공장, 아릴레오, 저널리즘 토크쇼 J KTV, 대한민국 정부, 대한대통령부 청와대 서울의 목소리, 시사타파, 팩트TV 등 진실을 알리는 모든 방송을 응원합니다. 구독을 좋아하고 응원하세요.|||김오준 외 그 무리는 진정한 선구자이며 선각자들입니다. 그 방청자들 시청자들 YouTube를 통해 참가하고 있는 분들 모두 미래를 여는 분들로 보고 있습니다. 그 공간에 있고 행복보다 큰 성취감이 있습니다. 이 기분 서초동에서 불사가 됩니다.|||시민은 조국을 선택했습니다… 정당에 소속된 의원은 시민을 선택했는지, 언론을 선택했는지 결정해야 할 것입니다…|||이제 우리는 역사 교과서에 나오는 시간을 우리 모두가 보내고 있습니다! 어려울 것이지만, 가만히 없을 것이다! 우리가 할 수 있다는 것을 아는 경우에도 반드시 우리에게 역사를 쓸 것입니다! 서초동에서 보자! 일어나는 시민 여러분! 최선을 다해 준 조국 장관과 가족들에게 미안해, 고마워요!|||이 시대의 영웅은 김오중이다. 같은 시대를 살아가는 것이 고맙다.|||절대 함정에 빠지지 말고, 계략에 빠지지 않고 끝까지 10개의 진실에 하나의 큰 거짓말로 함정에 빠뜨릴 수 없기 때문에, 아무쪼록 끝까지 지금처럼 가 주세요 ㅠㅠ 건강해요 감사합니다|||조국 장관은 정말 강철 같은 사람입니다. 검찰과 언론이 물어볼수록 강인한 강철이 됩니다. 김오준 총수! 너무 핵사다. 그래서 여러분을 존경하고 존중하며 지금까지 믿고 함께하겠습니다. 김오준 총수! 우리의 자부심과 사랑스러운 모피 형제! 그리고 귀여운 주진우의 빵! 존경합니다!|||노무현 대통령의 큰 유산입니다. 다시 울지 마세요!|||무조건 좋은 밀어 시작!|||대한민국 보약 김오준 총수, 유시민 노무 현재 재단 이사장, 주진우 기자, 정우영 교수, 박주민 국회의원, 김정민 국회의원..........|||나도 노무현 대통령의 논란을 속였다.|||김오준 유시민 보유국! 이건 얼마나 운이 좋고 감사합니다 ㅜㅜ|||김경록님. 항상 겸손하게 감사합니다.|||지루하자! 포기하지 마세요! 쫓아가자! 제2의 노무현, 노회 짱을 만드는 것이 아닌가! 당신은 위대한 대한민국입니다!|||모두가 현시점에 매달릴 때 역사학자를 섭외하고 거시적으로 이 시점을 보려고 하는 김주중의 탁월한 시선. 시대에 앞서 최고의 기자!|||힘을 가진 사람이 그 힘을 잘못 사용했을 때 어떻게 될지 매우 잘 보여주는 지금의 검찰. 미디어. 정치유착사태|||민주당은 무언의 사람을 공개하고 지지자의 외면을 받고 싶은 사람은|||오늘도 잘하자! 언론검찰 정치개판이라니.. 서초동 go go!!|||대단한…… 이들은 무엇을 위해 이렇게 하는가? 만약 정권이 바뀌면 자신들에게 피해에 가는데.. 나는 남자인데.. 그렇게 할 수 없다..|||검사 판사의 언론이 한 사람을 감옥에 보냈다는 이야기는 진짜 소름끼치다. 김오준 총수, 유시민 이사장, 주진우 기자님 감사합니다. 세분 덕분에 문재인 대통령도 조국장관도 지킬 수 있었습니다.|||검찰개혁만이 대한민국이 사는 것이다.|||언론의 기본은 사실 전달이지만 최근에는 언론이 아닌 소설을 쓰는 출판사인 것 같습니다. 미디어 개혁하자. 다른 방송 파이팅!",0
LqyfEpxkkFU,"김오준의 다스보더인 2024 총선 300회 4억 여론조사, 윤석열 심판에 왔는지 아니면 배신자는 반드시 이겨야 한다","10,000 구독 가즈아 부흥 부흥 왕국 TV https www.youtube.com vsboktv 어기구 TV https www.youtube.com TV wq9bi 이재광 TV https www.youtube.com 2jaegwan 한영태 TV https youtube.com 사용자 ws3ry jz3co4iz9w 정석원 tv https youtube.com SugwonJ 황태성과 민주당 김천시 국회의원 후보 https youtube.com http://www.youtube.com user sv8fb4jc4h 김도균 TV https www.youtube.com 3 www.youtube.com TV yr2qq 황정아TV https www.youtube.com hwangjunga2024 류삼영TV https www.youtube.com dongjak630|||우리의 험한 땅을 맞이한 경북시 의원들은 독립운동가입니다.|||경상북도 출마자를 응원하는 당신 같은 사람이 있습니다. 현실에 맞춰 평소처럼 멋진 선거를 부탁합니다 당신 같은 분들이 계시고 대한민국은 발전합니다|||황정아 의원! 라고 부를 수 있도록 이번 총선거 부디 승리해 주세요! 대덕특구에서 20년째 살고 있습니다. 더 이상 떠나는 지역이되지 않도록하십시오.|||총수가 아니라면 어려운 나오는 후보들은 내가 어떻게 알 수 있습니다... 후보자의 절실한 구제에 눈물이 나옵니다.|||경북지역 후보분들 방송이 너무 인상 깊었습니다. 괴물에 투표 결과를 두고 경북지역비의 말을 쓴 자신이 부끄러워지는 것을 느꼈습니다. 진심을 담은 노력을 하는 분이 있다는 것을 기억하고 지지합니다.|||저도 특별한 파랑이므로 경북에 출마되는 분들의 노고를 더 잘 이해합니다. 진심으로 어필해 주시면 통한다고 생각합니다. 최선을 다하십시오.|||총선거는 한일전 울민주당 범야권의 똥으로 압승합시다.|||경북독립투사들… 진짜 민주당 후보자, 최선을 다하십시오. 매우 멋지다! 내가 이사를 해도 힘이 되어주고 싶은 심정입니다. 감사합니다.|||이재명 대표의 고향 경북은 진짜 짠 지역이다. 13개 지역구 중 4개 지역구는 아직 민주당 후보가 없다. 4석은 싸워 볼 수도 없고, 똑같이 국력에 바친다. 민주당 간판으로 출마하는 것 자체가 대단한 결단이다.|||경북 후보자를 존경합니다. 당신은 진정한 민주투사입니다. 그러면 경상북도도 언젠가 바뀔 것입니다.|||민주당의 험지에서 민주당의 간판에 출사표를 던진 모든 경북민주당 후보들의 당선을 기대하며 열심히 응원합니다.|||밀다 밀다 여론조사 꽃 오늘 정기적으로 읽은 대한민국을 위해 고생하는 김오중 총수를 조금이라도 돕고 싶었다 총수 열심히 합니다|||윤석열이 하고 있는 일을 보면, 조폭들이 여러가지 행모를 부르면서 당신이 어땠어? 그리고 눈을 뗄 때와 같습니다.|||어려운 땅에서 고통받는 경북과 강원도 후보들에게 눈물을 주셔서 감사합니다. 이렇게 고통 받고 있는 분에게 좀 더 취급을 해 주었으면 합니다.|||진보 진영으로 200석 이상 당첨되어 무도한 나라의 나라에서 벗어나고 싶습니다.|||민주당 경북 국회의원 후보자들 존경하고 감사하며 감사합니다. 일제시의 독립운동가인 것 같습니다. 대한민국의 올바른 희망입니다! 감동하고 사랑합니다!|||안녕하세요. 다스 가족 여러분 내일은 제80회 서울캔들 대행진일입니다. 오후 4시 삼각 지역 13번 출구에서 본 행사 후 행진도 합니다. 우리는 모두 촛불에 참석해 윤석 열퇴진.|||나는 총 수가 자랑스럽다.|||라고 경북 당선하면 찐 대박… 나라가 디비지된다. 역대 이렇게 심각한 정부는 없다. 법을 다루는 공무원은 이름을 선택하는 한계가 있는지, 중립적으로 보려고 해도 어려운 조직이다. 그런데 편향성으로 이렇게 대통령까지 온 것은 법질서 파괴를 의미한다.|||경상도 쪽의 파이팅입니다. 완전 응원합니다. 경상도를 깨워라|||황정아 박사는 진정으로 응원하고 있습니다. 가족 3명이 유성에 살고 있습니다.|||김오준이 한 모든 행위 중 여론조사 꽃을 만든 것이 최고의 실적이다|||강남병 구민 분 박경미 후보를 잊지 않고 선택하세요. 당신들의 기득권을 지켜주겠다고 믿고 고짐 빼고, 윤석열 빼고 지금 살아 좋았습니까?|||독립투사 경북 후보자 전원!!!넘어, 멋지고 부족한 감동입니다!!!!우리만의 승리로!!!!도 충분히 지지해 응원합니다! 유튠 1만명! 10만명! 가자!!!!",0
ai0X3BqenpI,김오준의 다스보이다 2024 총선 297회,"지금도 국가를 정상적으로 바로잡기 위해서는 국하와 정부를 갈아입어야 합니다. 선거 잘하자|||나라도 개판 축구 협회도 개판 감독도 개판 아무것도 정상이 아닌 최근 투표에서도 꼭 합시다!|||정봉주 여러분, 꼭 4월에 국회에 입성해 주셨으면 합니다.|||정봉주는 반드시,,,,,|||김오준 총사는 언제나 건강하고 열심히 해주세요.|||우리 모두 총선거에서 윤석열 사라지는 그날까지 힘을 모아 민주당 파이팅!|||어른 때문입니다. 우리를 행복하게 해준 선수들을 사랑해.|||최백근 교수 감사합니다 김오준은 언제나 응원|||더 이상 회장이 없습니까? 고양갑 심상정 주면 국력에 건너갑니다 절대!!!!|||김오준 망쳐서는 안된다,..! 구독합니다.|||무능, 무도한 정권을 꼭 심판합시다 이잼 민주당 총선압승|||충청도에 인재 도입이 확실했어요. 보고 훨씬 기쁩니다… 싸우자!|||민주당의 비례표가 분산되어 있지 않으면 좋다. 민주당의 압도적 제1당을 위한 승리를 기원합니다.|||충청팀! 파이팅! 특히 .17호 김재성님 꼭! 구청이 됩니다|||김오준 총수 감사합니다|||무능한 지도자가 얼마나 비참한 사태를 만드는지, 꼭 심판합시다 룬, 몽규 OUT|||최백근 교수님처럼 애국자가 또 있을까는 너희들입니다!|||조국신당을 응원하는 파이팅지역은 민주당의 비례|||우리의 소원 동지 인 귀중한 총수 올바른 말 좋은 방송 리드로 치유 큰 힘을받습니다 건강하고 오랫동안 함께하십시오 항상 감사합니다|||김오준님 총선거 승리로 민주당 가즈아!|||받아들인 인재 여러분 정말로 훌륭한 사람들입니다. 동기부여, 아이디어를 고집, 말씀 잘 하고……그러니까 민주당입니다. 사람들을 웃게 하는 정치를 하고, 지도자나 시민이 서로 믿고 사는 사회를 만들어 가는 민주당의 파이팅입니다.|||원래 독일에 가는 이유가 김건희에 있었던 것이다. 윤석열은 독일에서는 볼 수 없기 때문에|||나는 조국을 지원한다. 조국을 동정하고 지지하는 것은 아니다. 대한민국의 건전한 성장과 국민경제의 성장에는 언론개혁과 검찰개혁이 필요하다. 검찰 개혁의 의지가 강하고 능숙한 사람이 조국이라고 생각하고 나는 조국을 지지한다. 조국의 용기에 박수를 보냅니다.|||똑바로 하나없는 최근처럼 사는 의욕도 사라집니다.|||윤석열. 간히 없음. 밥도 먹을 수 없다",0
wFxeUBmy4yk,"김오준의 다스보다 317회 한경훈, 삼부체크 무늬, 트럼프가 온다","우원 식사를 어떻게 해보자! 국력당에 시간을 버는 행동을 어떻게 설득해야 하는가?|||우원식 의장. ㅆㅂ|||탄핵이 빠를수록 나라가 정상 나라가 된다고 생각합니다.|||우선순위를 알아야 합니다! 언론에서 개혁이 어렵다|||오늘 법사위 청문회와 국민당 대표 논의를 보고 있기 때문에 가관도 아니다.|||항상 우리를 깨워 주셔서 감사합니다!|||전청레 위원장의 입법위원에게 운영사회통율력을 세계 각국 국회가 배워야 합니다.|||군 골프장은 파트 3의 야감을 운영하지 않습니다.|||할 수 없게 되는 것보다 상설 특검이라도 좋다고 생각합니다.|||진심으로 우리나라가… 국민이… 이 역경을 잘 이기고 싶습니다.|||안녕하세요 김오준 총수는 언제나 건강하고 노력해 주세요. 응원하고 있습니다.|||진보는 국민으로서 살고, 보수는 백성으로 사는다. 이 나라의 주인은 국민이며, 백성은 나라토 아래에 굴종하여 사는 노예이다.|||국내 정치 외교 정치는 정말 최악입니다. 탄핵은 대답입니다.|||한동훈이 사과까지 했다는 것은 청탁행위가 있었다는 확실한 증거!|||양주는 대통령 기록물 때문에 마신 사람도 대통령 기록물!|||국민이 모지를 선택했다고는 생각하지 않는 200만표를 미분류에 인출해 마음대로 나눈 너무가 범인입니다! 더 이상 주권이 손상되어서는 안됩니다! 투표함을 옮기지 않도록 입법해야 합니다!|||다만 모든 이상을 당연시하는 정부…|||한준호 의원님 미래 대통령의 길로 계속 ​​환승|||민주당 의원님 굉장합니다 이재명 대표와 함께 나라를 위해 국민을 위해 많은 일을 해줄 것이라고 믿습니다 응원합니다|||윤석렬은 정치하자마자 대통령이 됐다.|||김오준 총수…|||김병준의 꿈의 이야기 달려와 열심히, 정말 너는……………………………………………………………………………………………………………………………………………………………………|||삼부는 ㅡ라임ㅡ 옵티모스의 사라진 돈의 마지막 미로게임의 ㅡ문이 될 것 같다|||한준호 의원의정활동|||이재명 이재면 이재명",0
82r1izASPms,김오준의 다스보더 322회 원조형제 남진,"이렇게 독도를 빼앗기는 진짜 탄핵해야 한다|||정말 고마워요.|||민주당 내의 집단 지성은 찐 것 같습니다. 정치인은 제외해야 합니다.|||남진 선생님이 최고입니다.|||이재성 위원장이 정말 볼 때마다 놀라운 겸손하고 비열하고 부드럽지만 강력하고 이상적이지만 치밀하고 이상적인 인간이지만 너무 인간적입니다.|||민주당을 확실히 하자. 탄핵이 대답이다. 품격적으로 반박할 필요가 없다.|||김병준 원님 꼭 최고의 원으로 노력해 주세요 응원합니다!!!!|||데이비드 김은 반드시 당첨하십시오.|||총수님 수고하셨습니다. 감사합니다|||이정호를 잊지 마세요.|||국회의원 국민소환제 만들기|||민주당 간사 김승원 의원님|||남진 최고의 마케팅 브라! ! !|||김병주 의원 응원|||정말 정말 민주당 만세 지역당 위원장들|||진정으로 올바른 봉사를 즐기려고 어려운 길을 가려고 하는 데이비드…|||민주당의 홈피가 동이라는 이재성 부산위원장의 말에 너무 공감이 가네요.|||죽은 한국을 살리는 것은 탄핵입니다.|||남진 선생님은 매우 재미있습니다.|||데이비드 김 변호사님 응원합니다! 꼭 이겨주세요!|||김병준원, 강성원 씨,|||용산총독부 일제시대 진정한 독립투사 김정수 최고|||박근혜, 윤석열도 당첨한 한국의 마음은 금물|||남진 형은 멋지다.|||데이비드를 이기려면",0
IfNJpR6YlQk,"김오중의 다스보이다 311회 대통령 전화로 누가 통화했는지, 스파이를 체포해줘, 자러?","7 대대장에게 응원하십시오. 제발 건강하게하십시오.|||7포대대장님의 끝까지 노력해 주세요 이제 거의 밝혀졌습니다! 좌절하지 말고 국민을 믿고 최선을 다하십시오!|||포7대대장, 진심으로 응원해 지지합니다 필승!|||포 7대대장 전부 열심히 해 주세요 국민의 혼자서 진실이 만천하에 밝혀지기를 기도합니다. 응원합니다.|||포7대대장은 최선을 다하십시오. 국민이 알고 있습니다.|||7대대장을 응원하고 있습니다.|||포7대대장의 최선을 다하자 왜 무리하게 죽을거야? 죽을 힘을 다해 살아 그 악한 인간의 끝을 지켜보라.|||포 7 대대장이 억울하지 않도록! 박정훈 대령이 분한 일을 당하지 않도록! 잘못된 일을 제대로 처벌받을 수 있습니다!|||포7대대장, 당신은 참군인입니다. 최선을 다하십시오. 당신 같은 사람이 있습니다. 세상은 여전히 ​​살아 있습니다.|||임성근 사단장은 더 이상 분개하지 말고 국민과 채해병 유족과 대한민국 모든 정의한 병사들 앞에 곧바로 무릎을 꿇고 석고대죄하라!|||포병대대장 건강하게 해주세요. 이것은 또한 지나간다. 진코 진실은 분명해진다.|||해병대포 7대대장, 너 잘못이 아니야. 당신을 지원합니다. 용기를 잃지 않고 최선을 다하십시오.|||드디어 시작된 22대 국회의 이재명을 중심으로 많은 변화가 있기를 바랍니다|||포틸 대대장의 노력, 빠른 쾌감을 기원하고 당신을 응원하는 국민이 많습니다.|||박정훈 대령! 포7대대장! 그리고 진실과 정의를 위해 싸워 주시는 모든 병사 장병이나 애국 시민 여러분에게 진심으로 감사의 뜻을 전합니다!|||포병 7대대장 쪽을 보면서 눈물이 나와 코멘트에서도 써 봅니다 절대로 절대로 불의에 지지 않고 노력합니다만, 노력해 주세요. 당연한 분이라고 생각합니다 이 시간이 지난 후, 명예를 반드시 회복해 존경받는 병사로서 남는다고 믿고 있습니다. 멀리서도 작은 코멘트에서도 응원을 진심으로 담아 보냅니다!|||대통령 파이정훈, 박정훈,|||민주당은 전우용 교수를 자주 초대해야 한다!! 떨어져 가고 싶지 않다!|||포7대대장, 혼자가 아니라는 것을 반드시 기억하십시오. 힘들지만 확실히 해주세요. 많은 국민이 응원하고 있습니다.|||김규현 변호사의 용기 있는 활동에 감사하고 응원합니다 조국 대표의 말대로 끝까지 가보자|||이 해병대포 7대대장의 명예는 회복됩니다!!!!|||포 7 대대장님이 코멘트를 보실 수 있습니까? 꼭 건강하게 해주세요.|||포7대대장 박정훈 대령은 최선을 다해 노력해 주세요. 국민이 응원하고 있습니다.|||김명신을 구속하라!|||금요일에 다시 만나요.",0
uOkxLdy6mVk,억류자 질문한 기자 안전 경고를 받은 채널 A 뉴스 TOP 10,"국내 언론은 정말 믿을 수 없다.|||그것은 경고가 아니라 협박입니다.|||진정한 대답이 없다 .........|||외신기지에? 미친 국제적 부끄러움|||욕을 말하면 국민에게 고발하는 대통령|||그리고 무서운|||미국의 미디어 협회에서 프레스 탄압의 강력한 규탄 성명을 내면 좋겠지만|||국제개척신|||이것이 대한민국의 현실이군요.|||외국인 기자에게 개인 안전 경고? 독재 정권입니다.|||진짜 국격을 죽인다.|||나라가 미래로 가요 ㅠㅠ|||정말 미친...나라|||대단한 국민을 알고 있지만,|||한국 기자가 올바른 말을 할 수 없는 이유는 이런 것이었다.|||외신 기자의 압력이라면 ㅋㅋㅋㅋㅋㅋㅋㅋㅋㅋㅋㅋㅋㅋㅋㅋㅋㅋㅋㅋ|||몰라도 그 대답은 자격이 없어ㅋㅋㅋㅋㅋㅋㅋㅋ|||독재를 싫어하는 것이 아니라 지지받지 않고 싫었는지|||이 나라입니까? ? 국민이 북괴의 납치 등으로 공포에 빠져야 하는가? 그리고 미디어의 자유는 어디로 갔습니까?|||그러니까 군사정권 시대를 맹세하지만 군사정권 시대를 꿈꾸는 공산당 ㄹㅇ|||디자이밍 탄핵은 대답입니다.|||나라가 미치지 마라…|||지금 외국의 기자에도 협박하고 있습니다.|||하 정말 존나 무서워!!!!|||와우… 한국인이 별로 질문하자마자 드럼 깡통당했겠지. 외신 기자에게도 살해 협박하는 거야?",0
0yANNx7IQJo,장동혁 전설 원조,"장현혁은 정말 조심하세요.|||3선이 맞다고 해서 아무 말도 못해...|||그래, 이렇게 털어 놓자. 이런 선거|||김도분은 무엇을 하고 있는가? 중진일까요? 준진은 아무것도 하지 않습니다.|||동혁,|||장동혁 거절은 대답|||한동훈 때, 나는 배신자라고 외치며 쫓아냈다.|||마을 부산 강서쪽에는 아직 몰랐다.|||김도업 실망|||국민의 역민주당에게 메일을 보내면서 정신적으로|||윤한헌 의원 최고!|||잘 작동합니다. 장동혁 정신이어야 한다. 심각하다|||올바른 말 속은 시원합니다.|||진윤준의 진윤윤한헌? 왜? 또 무엇이 보이는가?|||한동훈과 친한 건… 시대 교체와 정통 보상을 지향합니다!|||당신은 정말 똥인지 된장인지 모르십니까? 국민이 지켜보고 있다! 용서하지 않음|||진 폴더 거절|||윤한헌의 판단이 맞는 누구에게나 각 그릇이|||김건희가 죄표 유토뷰 이명수 기자에게 우리 부부 즉 윤통고는 왼쪽 파우 머리라고 말한다 또 노무현이 죽었을 때 일주일 울고 노무현 연설문도 죽는 것 이외였다고 하는 좌파라고 말한 이유라고 생각합니다.|||늦어도 조금 말해 주셔서 감사합니다.|||그 자리에 앉아있는 모든 사람들을 물리 치십시오. 적어도 다음 선거에 출마하지 않을 것이라고 선언하십시오. 그렇게 사과하면 국민이 약간의 관심을 보일 것입니다.|||국회의원의 자리가 그래도 탐했는지, 여기저기서 울 수도 없는 것은 모두 처분해야 한다.|||어쩌면 동혁은 석열과 같을까?|||이죄명법을 재개해야 하며, 법은 병이어야 합니다.|||김도읍!! 현지 주민도 잘 가지고 주세요.",1
ULV9KZhsJd4,질문 들은 이 대통령 무엇을 하고 있는가? ...반전 질문을 시작합시다.,"17년간 변하지 않는 사실 TV를 위해 후원 회원이 되십시오. 정기 스폰서 가입 ARS 1877 0411, 인터넷 애플리케이션 https goo.gl 1OjzfE|||그것을 듣는 대통령이 이상하다.|||김태훈 선일정 한테라고 말해야 합니다.|||대통령은 들었다.|||아고야의 짹짹은 관계자와 아는 사람이다. 그러나 대통령은 아시다시피 정말 기뻐합니다.|||고생하고 있는 이재명 대통령! 우리 아들이 건강하게 살 수 있는 나라를 만들어 주셔서 감사합니다.|||양심이 없는 것은 치킨을 쫓아주고 거기의 지자체장이 김태훈이 아니었을까요? 떡열이 측근인데 떡열 때는 왜 지금 그렇습니까?|||자연스럽게 듣는 이재명이 이상하다.|||준비된 이재명 대통령|||정말 진심으로 우리 대한민국 역대 최고의 대통령이 이재명 대통령이네요. 정말 추진력, 실행력에 이해력까지 빨리 함께 일하는 참모들과 공무원들은 쉽지 않을 것입니다. 그 질문하는 사람이 지쳐하면서, 잠시 한가로이 하는 것을 요점을 간파하고 짧게 정리되는 것을 보고 조금 소름 끼치게 되었습니다. 진짜 우리 대통령은 매우 훌륭합니다.|||그것을 알고 있으면? 대히트!|||운올 운올은 아무것도 들을 수 없어 ㅡㅡ 정말 다시 오지 않을 거야|||역시 천재 울잼 대통령 최고 와우 옹알|||떨리고 속도를 조정할 수 없다고 생각합니다.|||질문을 기억하지 못하는 저자는 누가 일어 났습니까?|||말씀을 조금 천천히 정확하게 하지 않으면 전달력이 있습니다만, 조금 유감이군요. 어떤 내용인지 솔직히 들리지 않습니다.|||도대체 모르는 것은 무엇입니까? 점프 국민은 박학 다식에 든든하다. 앞으로 미래가 장대해질 것으로 보이므로 감격이 밀려납니다.|||무슨 소리? 성가신 요약해서, 짧고 정확하게 하십시오.|||1년에 1회 방문하는 것을 법무부의 인원에게 상주합니다.|||모르는 울 대통령!|||정말 대단한 이재명 대통령의 투시력|||하......|||운올 운얼 웬얼 얼운얼. 진짜 발음을 좋아합니다.|||에휴선의 대리점입니다.|||모두 알고",0
PsaAM9g5hLI,국민의 힘 때문에 핵잠수함이 늦어지는 것도… 우려가 현실이 되었다…,"17년간 변하지 않는 사실 TV를 위해 후원 회원이 되십시오. 정기 스폰서 가입 ARS 1877 0411, 인터넷 애플리케이션 https goo.gl 1OjzfE|||매국당이 곧 해체될 대한민국에 암괴|||대한민국이 일본보다 더 잘 사는 것을 싫어하는 인간|||민주당, 법무부는 매국당 국력 해산 적극적으로 진행하라!!!!|||국력의 해체는 대답|||요즘은 반 국가 단체가 아닐까요?|||내란 종식에 1분 1초가 아쉬워 모든 것을 올인해야 한다 전국민도 나와야 한다|||국력이야말로 진정한 반국세력인 것 같다|||속도를 높여야합니다.|||체육관 체육관 체육관 국민 체육관|||수프당을 날려 버리자.|||수프는 이승신 장군이 거북선을 만든다고 해도 반대할 것이다.|||대한민국에 1번 도움이 되지 않는 수프. 정말 징글 징글입니다.|||국력 내 난당은 곧 사라질 것입니다. 국가가 맞습니다. 극우당!!!|||국력으로 핵잠수함 사업을 방해하기 위해 일부러 그렇게 할 수도 있습니다. 미디어를 통해 알아야 합니다.|||또한 쿠짐당은 발목을 잡아?|||진짜 이번에 스프를 뽑아 봅시다.|||이것은 극단적이지 않습니다. 그냥 반국가단체|||이것은 국가반역죄로 다스려야 합니다!!!!내란동조방조에 국가대사업 방해하는 국가반역행위입니다.|||당연히, 왠지 반대할 것이다.|||하루 빨리 해산만이 국익이다. 어떤 개혁도 국력 해산 없이는 어렵다고 보고 있습니다.|||빨리 위헌정당을 해산하|||내란당 신속하게 해산시켜, 민주당은 무엇을 하는 것인가?|||진짜 나라에 하나의 도움이 되지 않는 수프...진짜 없어진다...|||국민의 짐이 아니라 국민의 적이다!",0
sFjYoFrizM4,폭력범 나경원 면진 샤우팅 박은정,"17년간 변하지 않는 사실 TV를 위해 후원 회원이 되십시오. 정기 스폰서 가입 ARS 1877 0411, 인터넷 애플리케이션 https goo.gl 1OjzfE|||최고입니다.|||나팔 쫓아내라!|||그리고 핵사다!|||사실로 쳐진 박은정 의원은 정말 멋지다|||나팔 폰|||벌금 형사자 그 자리 언제까지 지킬지 보자|||나가라나팔|||아, 진짜 나는 경원을 보지 마라.|||국력을 때리는 박은정짱|||박은정 의원 속이 펼쳐집니다.|||박병닌|||박위원의 목소리는|||박은정 의원! 응원합니다! 의원이 모르게 상처받지 않길 바라네요 ㅠ|||대한민국에 없어지는 국회의 윈은? 나경원|||역시 짱!|||내 버릇을 열어도 가지 않는 국력당인데…|||나경원도 빨리 조사해야|||응원합니다|||조국혁신당 박은정 의원 파이팅!|||팔팔추경호는 당연한 일입니다.|||국민의 힘을 없애다|||나팔의 법정에 와서 매우 열립니다.|||나경원은. 정치를. 떠나다|||정말 너무 시끄럽다",0
xupyh9X2csE,이런 정치인들은 날아가야 한다…,"17년간 변하지 않는 사실 TV를 위해 후원 회원이 되십시오. 정기 스폰서 가입 ARS 1877 0411, 인터넷 애플리케이션 https goo.gl 1OjzfE|||2026년에는 부탁드립니다.|||진짜 진글진 구르나나 경원|||의정활동의 목적은 국회를 깨고|||조백석, 이은재, 곽규택의 얼굴이 비슷하다…|||서영 교의원님, 뒤에서 응원합니다. 곽규택은 같은 아이들과 이야기하지 마세요.|||나팔 특검 수사 언제입니까?|||우리의 소장군|||나경원은 의원이니까, 그런 것이 판사 출신이니까 대한민국 교육체계도 바꿔야 하도록 곽규택은 검사 출신이라고|||우선 목소리에서 이기면 내란당 압도, 마이크는 필요 없습니다.|||징글징글내 난당해채원|||다음의 원대는 꼭 서연 교의원님이 되어 주었으면 합니다!!매우 든든한 분!|||수프. 징글 징글한다.|||서영교 의원을 응원|||남편이 법원장? 품격이란 무엇인가 준 것처럼|||나경원|||나경원법사 위나가라|||내란 일년이 지난 지금도 내란은 진행 중이며, 그 내란범은 군짐다 46명 권성동 권용세시켜 내란을 하루 종일 마치지 않으면 나라도 국민도 행복해집니다.|||국력정당 해산 언제 하는 거야|||아, 진짜 국민은 언제 없어지지만 세금은 유감입니다.|||나경원 야나기하라 곽규택에 조용하고|||곽규택은 신속하게 원하십니까?|||팔산 오제키데스|||나경원은 국회에 보낸 모든 사람이 죄인입니다.|||말할 수 없습니다.",0
nz-r-LeWzww,"쿠팡 사태 긴급행동요령… 최민희, 전문가의 대답에 바로!","희대의 악덕 기업임을 계속 전부터 많이 증거해 왔지만, 시민의 무관심이 이러한 피해를 초래한다|||카드를 다른 사이트에서도 사용하려면 카드를 새로 발급해야 합니다.|||나는 탈퇴했다.|||매화불 쇼에도 나온 교수님!|||잊어버렸지만 탈퇴하기는 어렵습니다.|||정경유착으로 급성장한 쿠팡은 없어집니다.|||최민희|||최민희 위원장은 국민을 위해 일하는 사람입니다.",0
OoWMJB1_USw,"김병기 계속 웃었으니 728조 지켰다! …국력 전액 삭감 와루루, 왜?","17년간 변하지 않는 사실 TV를 위해 후원 회원이 되십시오. 정기 스폰서 가입 ARS 1877 0411, 인터넷 애플리케이션 https goo.gl 1OjzfE|||내란전속재판부를 빨리 설치|||내란 전문 재판부의 설치를 빨리 설치한다|||이것은 잘 작동했습니다.|||우리 민주당 의원 여러분, 수고하셨습니다. 내란이 끝날 때까지 최선을 다하십시오. 파이팅입니다.|||잘 작동했습니다.|||무기 최고의 최고의 직업|||민주당의 파이팅입니다.|||사실이라면 많은 일을 했습니다.|||잘 작동합니다 ... 그만하자! 국민을 지켜보고 있습니다.|||지돌코가 이시코라고 민주당의 고양이들이 뭐니 뭐니해도 전부 거부권 행사하자 어제까지만 내란당에서 태어나면 왜 갑자기 태세를 바꾼 것인가. 도대체 무엇을 뒷받침했는가. 내란 재판부 설치. 사법부 개혁 양보 절대가 되지 않는다.|||수프 매달아 이재면 예산 전액 삭감 매달려 허위 사실에 고발하세요!|||좋은|||국력은 단지 주었다.|||수프에 무엇을 주었습니까?|||김병기 의원 고생했습니다.|||가짜 뉴스가 많기 때문에 Omy News나 검증된 장소만 보고 믿어야 합니다.|||맞습니다! 김병기 잘 하고 있다. 응원한다. 국민 중 한 명인 나, 김병기를 응원하는 나. 이런 나를 실망시키지 않기를 바라며 응원한다.|||뒷거래가 있다면 조금 있습니다.|||의석 수의 과반수를 넘어 무엇을 지켰습니까? 그냥 하면 된다. 과반수의 의석 수 전혀 밀어 주었습니까? 흔히 협작을 하려고 손으로 만들어주는데 언제나 흩날리다. 이낙영처럼!|||이상한 내란당이 이렇게 순수하게 합의하는 것이…|||무기야 아들 숭실 대학 입학 부정이나 해명해라 이미 증거까지 전부 나왔다고 사실이라면 그 자리에서 내려와|||요노 합의? 이상한 거래가 아닐까요?|||아, 난... 김병기 원내대표의 의심이 있을 수 있습니다... 가짜뉴스인지 진짜인지...|||김병기가 무엇을 합의했다면 의심에서 도네의 정체를 통해 민주당 내 살아남으려면 오랜 세월이 걸릴 것이다. 그만큼 당신이 잘못입니다.",0
BEdg2s6UxKA,나경원을 얻은 우원식 국회의장...,"17년간 변하지 않는 사실 TV를 위해 후원 회원이 되십시오. 정기 스폰서 가입 ARS 1877 0411, 인터넷 애플리케이션 https goo.gl 1OjzfE|||여러가지 진짜…………그런 것이 정당도…|||마지막 발음|||어리석은|||나는 추잡하고 부끄러운 여자를 수사하고 감사합니다.|||최악의 발음을 하는 나|||내란당을 떠나라.|||국회법을 위반해도 괜찮습니다.|||국력당 의원은 최악의 모습입니다.|||경원아 국회는 당신의 진짜입니다! 한심한 국적당 해체가 대답인 내란당 하루라도 빨리 해체하라 국민의 명령이다|||우 의장 57년 내 의원 63년인데 우 의장님께 제가? 그런데 이것은 싸지 않은 행동이 아닌가? 내 의사는 정말 감방을 보내지 마십시오.|||그리고 .. 완전. 조치 없음.. 무선 마이크라..|||하다다 다를 다하는 나경원 의원님 하락한 인간 나경원 의원님 나쁜 사람|||멀리 몰라… 나경원은 왜?|||조금 적당히 조금 연령도 1~2세가 아니고, 의원을 하지 말아 주세요.|||아이를 보고 부끄러워|||푹신한 당명|||그 내란범의 여성의 면상과 혀의 김을 더 이상 듣고 싶지 않다. 내란특검연장, 내란특별재판부에서 내란에 가담한 자들을 처벌하지 않으면 국민의 역풍을 맞을 것이다.|||나경원팔 국회법 위반|||나경원 처벌해야|||국력 징글 징글하다|||제 동료들은 하루 빨리 처벌을 기원합니다|||에너지는 훌륭합니다. 하루 종일 안안|||모든 법을 모두 잃어버려도 그것을 처벌받아야 한다.|||내란당의 재산을 몰수하고 평생 정치할 수 없게 한다",0
VumUIeWHCNY,나경원도 통일교회에 참여했나요?,언제까지 봐야할까|||나빠지고 싶어 어떻게 하는 건 어디입니까?|||나경원이 최근 사방에 과도하게 나오는 것이 범죄를 숨기려고 하는 것처럼 보였다.|||남편이 판사이니까. 밝혀지지 않았다. 관여한 것이 이것뿐일까?|||박지원은 매우 바쁘게 일하고 있기 때문에 걱정입니다.|||냄비를 넣지 마십시오.,0
ziHmZSX0zo8,역사상 최악의 배신자 윤한헌 윤한헌 배신자,"곳곳에 배신자가 많습니다. 끔찍한.|||한놈 추가|||개가 주인을 때리는 형태입니다.|||윤한헌 제명원ㅡ|||여유분 ㅠ 국력당원 가입 부탁드립니다 ㅠ 그래도 보수당이 해체되게 되었습니다. 무엇보다 이번에 계엄사죄한 사람들을 쫓아내고 심야로 만드는 데 큰 도움이 됩니다 ㅠ 한동훈당 조사도 더 압박해야 합니다 ㅠ 여러분의 영향력을 미쳐주세요... 나도 몰랐지만 이번에 국력사죄하는 의원들 보고 일단 국력으로부터 지켜야 한다고 생각했습니다 ㅠ 감사 내부 램핑 시스템으로 해체되면 일당 시스템으로 바뀌지 않습니다.|||윤한헌을 제명하세요.|||국민의 힘에는 왜 배신자, 반역자들이 송충처럼 끔찍한가? 반역자를 해치고 침착한 나라를 위해 의원끼리를 정리하자.|||배신자는 새싹을 제명해야 한다.|||스스로 쥬데이와 배신의 자유를 선택하는데 무엇을 하는가? 표로 심판한다 그러나… 그러나 사과에는 국개사퇴 정도의 책임은 따라야 할까? 권력미에 배부한 자들의 위선 잔치에 지나지 않는 것.|||사람은 지금까지 바꿀 수 있습니까?|||악한 자들 사이에 붙은 담낭에 붙었다.|||이런 식으로 배신자를 미워해야합니다.|||윤한헌|||한홍은 맛을 낸 ㅎ 잠시 갔다.|||윤한헌을 적극적으로 찍자|||계엄령 2시간 무슨 피해가 있습니까?|||철저한 정상 숲 배.|||진짜 울파톤 터지네요. 윤석 열 대통령은 영웅입니다!|||윤한헌은 간신히 하고 있지만 지금은 사용을 폐기하고 배신자에게 선두에 서 있다.|||윤한헌, 배신자의 기회주의자를 처벌|||진짜 나쁜 샘! 아웃해야합니다|||ㅎ. ㅎ.|||윤한헌|||배신자 윤한헌|||정말 화가",1
rXEc-99jkws,월급이었고 모두 오른데 안정된 편이라고?,"거짓말로 거짓말을 덮는 것 이상의 정권을 어떻게 할 것인가|||깨달음이 없고 무능한 죄명이 무엇을 알고 있습니까?|||입구! 징글 징글|||이재명은 엄청나게 있어. 미디어가 침묵하는 짖는 언론입니다! 프레스가 있습니다만! 이재명은 있지만! 마나!|||사기성이 있는 정치다. 국민을 부드럽게 보고 있다.|||지친|||입을 열면 거짓말이 술.|||김혜경이 장을 직접 보지 못하면 물가가 안정돼 있다.|||주유소로 이동합니다.|||윤석열 정권의 경우 주유소 경유가격이 최하위인 경우 1313원, 현재 경유리터당 최하위인 경우 1.618원이다. 모든 국민들은 상승하는 물가로 고통받|||심지어 통계 조작이 없었는지 검증이 필요합니다.|||ㅎㅎㅎ|||지금도 법입니다.|||국제원유는 13위 내렸지만 자동차 휴발유는 1700~1800원으로 올랐다.|||그것은 죄명입니다. 생각하다|||안정되었다고? 당신을 위해 기업이 폐쇄되고 떠나고 있습니다.|||그놈이 물가 안정을 모른다. 국민세로 흥청망청.|||나라가 이지경이 되어도 국민은. 가만히 있다.|||대파한단 6000원?|||이재명의 거짓말은 할 수 없습니다.|||그가 말하는 것에 반대한다고 생각하면|||태블릿당 리자이밍 Made in China 중국 공산당에|||지금도 정부와 함께 당을 걱정하십시오.|||물세는 한여름보다 1만원 이상|||타카 박사는 항상 응원하고",1
S6229Yr4wAg,"국민의 목소리, 김현지를 밝히다","김현지의 정체를 드러내라.|||김현지 100 특검하라. 이 죄명도 함께 있습니다.|||부정선거에서 선관위 조작으로 사전투표 제거|||김현지 최승실 김현지|||김현지 누구인가??????|||김현지는 정체를 드러내야 한다.|||김현지는 누구야 나와라 감옥에 가자.|||맞아|||밝히다|||한동훈의 군중도 서둘러 처리해야 한다.|||당당하다면 내가 무슨 말을 했는지,|||사전 투표 거부 운동합시다.|||김현지는 누구인가?|||충청남도에서도 김현도 모두 말해주세요.",1
o29wXvxgZp8,"오늘, 이 뉴스는 화가 난 것을 변명으로 폭탄 증언을 부었다.","Gigachan Gigicha.|||지기영은 이 사건의 심각성을 전혀 느끼지 못|||아직도 마음껏 미친 나라이기 때문에 삼심까지 10년이 걸리도록|||오, 판사는 진짜 자격이 없습니다.|||재판관과 재판장의 권위가 떨어진다. 도중에 중재를 전혀 할 수 없다. 판사인가…|||지경영은 판사인가? 내 재판을 웃으면서|||지령 연아는 언제든지 변호사가 인터럽트하는 것은 무엇입니까? 적당히하십시오. 판사의 자격은 없습니다.|||이렇게하기 때문에 내란 재판부를 만들려고하지 않습니다.|||최근 재판관은 변호사의 기분을 맞추면서 재판할 것인가? ㅋㅋㅋㅋㅋㅋㅋ|||지경은 재판을 하는 것이 아니라 사회를 보고 있다! 한심하지!|||판사는. 정의. 판단력과. 엄격함이 따라야 한다는 것을. 시장 잡배도 아니고. 머무는지 변호인 감정 상처를 줄까. 고통|||야이지경 재판관 지금 이를 재판이라고 하는지, 이 욕심도 아쉽다.|||지교영은 진정한 열정으로 통하고|||시장통신이 아니라 변호사들의 수준은 정말 귀찮다… 판사는 용서하지 않은 발언에 구속하지 않고…|||변호사 협회에 전원 항의해야 하는 그러한 것이 변호하도록 활동하는가?|||분명히 중간 판사의 치명적인 약점을 가지고 있음이 분명합니다.|||하...작작해주세요.|||내란재판부가 긴급|||이상상 변호사는 아직 감정적이지 않나요?|||내란동지 지영연 ㅊㅊ|||일주일이라면 끝나는 재판을 몇 달째… 국회에… 헬리콥터.|||이상상 넘버 애피터가 잡고|||내란 전속 재판부 정말로 재작성해야 한다!!!!윤 변호사들 진짜 쓰레기군요! 국민이 모두 지켜보고 있는데 무엇을 하는지!!!!|||아, 조희대 인형|||이것은 재판입니까? 내란 특별 재판부 설치하라!",0
MW_ZwWwVSOA,"연예인 동시 속 줄무늬 .. 어려운 사건을 모아 보면,","아직 이런 연예인 문제를 폭발시켜 국민을 개돈으로 만들려고 할까|||특이한가? 한 번에 모두 폭발합니까? 그것도 관계도 없는 사람들까지 나란히 뜨개질되어 흩어지는 것이.|||물을 타는 것을 그만두고…세계가 바뀌어도 이 방법은 변하지 않네요.|||서둘러서 서둘러요.|||법적 조치는 확실히 하는 미디어가 후배를 두고 죽인 사람이 많다|||왜 갑자기 연예인 3명이 동시에 지옥에 갔는가!? 정치권에서 시선을 돌리려고 폭파했잖아 국민을 단지 어리석게 보고 있다…|||쿠팡입니까? 무엇을 덮기 위해 연예인들을 이용하는가...|||사법 개혁은 긴급합니다. 이것은 할 수 없습니다.|||연예인 사건 모아 한 번에 폭파하는 것은 검찰 특기다. 내란 세력이 똥을 탄다는 이야기다.|||조희대요시 입건목을 돌린다. 법조계는 썩은 방법을 수십년 우려 먹는다. 이 시대 사회악은 법인인 것이 하루 종일 밝혀집니다.|||쿠팡도 덮고 기요도 덮고 연예인이 이웃의 북인가|||디스패치를 ​​깨기|||조희대 입건.|||연예인보다 도덕적이고 양심적이어야 하는 상급 공직자는 계속 재직하는 것 같지만…|||하필초 히데 피의자 입건되는 날, 전날, 전날 동시속으로 폭발한 것은 너무 얇지 않다??????하지만 Jo Jin-woo의 사태는, 그것이 기자가 어떻게 알고 있는가?|||또한 연예인의 살해입니다.|||연예계에 소리가 많이 들리면 뭐야? 일반 대중의 눈을 감추고 싶을 수 있음|||왜 이렇게 한 번에 터졌는지 정말 이상하다.|||기레기들 과거사 탈탈해야 한다!|||조희대, 쿠팡, 지경영, 이상상, 나경원, 내란당을 선택하는 조진은|||미디어는 특종을 노리고 일반인은 문제를 원합니다. 다만, 케비넷에 모은 문제를 본인이 불리할 때마다 흘린다는 것은 문제가 아닌가?|||조희대는 사과했나요? 윤석열은 사과했나? 김기현은 사과했어? 나경원은 사과했어?|||정치인들의 물을 타는 것을 중지합시다.|||대한민국은 여론을 모아 자살시키는 것은 세계 제일|||징벌적 손해배상제 언제 국회를 통과하는지 연예인으로 물을 타기를 기대해 주세요.",0
KBIcVRn97Sg,독도는..타카이치 망언에 이것이 아니다.,"세종 이후 대마도 영유권을 주장|||이것은 나라|||독도는 우리 땅입니다.|||대마초도 여행에 가지 마십시오.|||도발하면 수장을 시켜 버리는 것이 아니라, 쓰시마야말로 우리의 일이다|||쓰시마는 우리 땅인 대한민국에 귀속시켜야 할 역사적으로도 증명되고 있다|||격렬하게 응원합니다! 더 이상 말할 수 없어주세요 !!!!|||독도에서 대응하지 않고 쓰시마는 한국의 땅이라고 주장해야 한다|||쓰시마는 한국의 땅이기 때문에 반환하지 않습니다.|||도쿄가 한국의 땅이라고 가르쳐 줄 때 같네요..|||돌열이 있으면 단호한 대응에 매우 다행이다,,,,|||쓰시마가 분쟁지역이며 독도는 말할 필요가 없다.|||타케이는 알랑가는 모르고, 쓰시마도 한국의 땅이었지?|||일본이 말하는 역사적 사실은 1905년부터 일본이 일본의 땅이라고 선언한 것을 말하는 것과 같으며, 그 시기는 일본의 침략의 시기이다.|||열심히 훔치지 마라.|||이재명 대통령은 대한민국의 희망이며 자랑|||항상 걱정되는 우리. 쓰시마는. 한국의 토지. 그리고. 왜? 그리고. 미국. 토지다 일본 한국은.|||미친|||일본의 웃음 후 후두를 치기 때문에 일본은 적입니다.|||윤석두 아직 그대로 있으면 고이치에게 선물로 독도를 들고 바쳤다.|||일본이 그런 식으로 하면 독도에서 눈에 들어오지 않게 대마도 영유권 주장해야 한다… 솔직히 대마도와 부산이 너무 가까워 전쟁 때 너무 위험하다. 탈환해야 한다|||잠실역 독도 모델을 가져와! !!!!!!!!|||국력당은 아무 말도 하지 않는다.|||일본 도발 망언들이 지금 보면 무기 등 핵 추진 잠수함 등을 가진 명분 쌓아올라 보인다|||나팔 씨 언니?",2
RFkuuGkygSQ,"조세호, 궁극적으로 자주 하차 노출자 또 쓴다.. shorts KBS","문제는 문제로 덮여|||왜 갑자기 연예인 기사가 쏟아졌는지...|||언론도 쓸모없는데 관심을 돌리려고 낭비|||인생은 무엇이든, 조심하면 한방에 무너질수록 떨어지면 끝납니다.|||신경이 쓰이는 무엇을 덮으려고 이렇게 여론을 분산시키는 것인가… 쿠팡인가?|||법적 결과가 나와 2년입니다.|||큰 것을 덮기 위해 유명인 전단지가 많이 있습니다.|||동계는 나라의 계절인가?|||자살하지 마십시오.|||ㅋㅋㅋㅋㅋㅋㅋㅋㅋㅋㅋ|||국민을 얼마나 어리석게 알고 있다. 이런 것을 다시 먹을까… 질린다. 알다|||돌아오지마|||조세호..조진은..|||무엇을 덮으려고 조씨 일가들이 잇달아 폭로하는 것인가?|||무엇이든 지나면 꼭 타고 있습니다. 모두 내 돈과 인맥을 자랑하고 싶지만, 내 성공을 기뻐하는 사람은 가족을 제외하고 있지 않습니다. 지금도 깨달으면 하나님이 도와줍니다.|||초심을 잃은 사람은 아무리 잘해도 훅 가는데, 벼는 익을 만큼 머리를 낮춘다는 말을 새롭게 새깁니다.|||손님의 천명|||범죄자라고 아는 이유로 연애인은 그렇게 하차하는데 범죄를 저지른 국회의원 판사는 왜 자숙하지 않는 거야? 기자는 왜 자신감이 없습니까? 공직자는 왜 자신감이 없습니까?|||어떤 큰 정치인들이 사건 사고가 있기 때문에 연예인 마녀 사냥할지 조희대요시. 쿠팡. 등등 멀리?|||조희대 대법원장 입건에 관해서는 왜 언론이 조용한가? 이상한 연예인은 갑자기 기사가 방대해졌습니까? 직권 남용권리행사방해 및 공직선거법 위반 혐의로 조희대 입견.|||무서워요.|||문제는 문제로 덮여 있습니다! 연예인의 문제는 셀 수 없을 정도로 폭발합니까? 무엇을 덮으려고 하는가?|||쿠팡 내란의 전공 재판을 덮어 버리자 언론.|||노출전은 쿠팡의 연막작전|||정말 너무. 연예인은 이웃의 북? 누가 무서워서 자유롭게 표현하는가? 주변 인물, 과거, 가족사… 매우 무서운.",0
AP2mwMrhAfY,"지기영 노상원 수첩, 이걸 어떻게 해야할까요 현장영상채널 A","대한민국법은 정말 좋네요. 인터넷으로부터 다운로드한 것을 메모로 제출하면 그것을 모두 인정해 준다……법도 정의도 없는 쓰레기 같은 나라.|||특검을 특검해야합니다.|||무리하게 외환 죄를 따라 가려고하지 않기 때문에 바꾸고, 증거는 없기 때문에 병사들 협박하지 않는 사실을 만들어 증언해 주지 않을까 진짜 오는 www|||특검을 특검합시다.|||죄송합니다만, AI는 할 수 없는 메모입니다.|||특검 진술회 유정황 나왔다. 특검해체하고 특검검사들 수사하라.|||특검 아 진짜 wwwwwwwwwwwwwwwwwwwwwwww|||기법이 너무 똑같습니다. 태블릿 pc....메모ㅋㅋㅋㅋㅋㅋㅋㅋㅋㅋㅋㅋㅋㅋㅋㅋ|||인터넷의 예를 증거로 돌출, 탄핵 때도|||내란재판부를 밀어내기 전에 빨리 선고하십시오.|||회유한 특검 구속!!|||쌍특검 필요 특검을 특검해야 한다|||손가락 연판사님도 그 수첩짱이 없으니까 웃는거야www 조작. 회유.|||국가보안법 폐지 반대!!!!!!|||왜 모두 내란 몰이 공작질인지 알면서!!!! 우리의 용기를 내자 자유 자유 대한민국을 보호|||거짓, 회유로 불법 수사한 조은석 내란 특검을 특검하라!|||홍창원이 인터넷에서 다운로드했다는 메모 1 메모 2도 증거?|||특검을 특검하라|||지기영|||지경 판사 감사합니다 응원합니다.|||특검 회유 특검해라|||그 메모를 가지고 2심 3심 4심 내란 특별재판부에 가져가 어용판사 인수하고 검찰소설에서 일반이적죄 및 내란으로 징역 때린다? 진짜 나라가 망쳐졌다|||貴貴研 재판장님 신중하고 정의적으로 판단해 주세요|||특검을 특검하라!!!!!!!!!!!!!!!!!|||가수증, 특신 상태가 명확하지 않으면 증거로 사용할 수 없다 형사법 증거 파트에서 수천 수만의 판례가 말하고 있다",1
Htx52tkVbV8,왜 당신은 사법부의 위기인가?,"위기인지 모르는 때가 정말 위기입니다.|||법적으로 했는데 이런 느낌입니까?|||법적으로 하지 않기 때문에 사법부가 위기입니다.|||이영현… 대한민국 전체가 위기입니다.|||법적으로 가지 않기 때문에 문제|||법원이 법적으로 하면 일반인이 1심 재판 2 3년 당길 수 있을까? ㅋㅋㅋ 이렇게 오래? 그리고 대통령 탄핵 때 cctv도 보지 못한 탄핵 때리기? 그리고 현 대법원장이 입건된데 위기가 아닌가? 제발.|||모두 사법부는 위기이지만 나만이 아니다.|||아니, 스바루 위기의 조히데가 지어졌습니다. 대법원장이 고발당했는데 위기가 아닌가?|||헌정사상 최고대법관이 입건됐지만, 이래도 위기가 아니면 대체 언제가 위기인 www|||위기가 왔지만 진짜 위기라고는 모르는 때가 진짜 위기다.|||CCTV에서 국정회가 남긴 것도 보이지 않았다는 정원에 ㅋㅋㅋㅋㅋㅋㅋㅋㅋ|||대법원장이 입건되는 것은 대한민국 수립 이후 처음인데 사법부 위기가 아니라는 것은 정말 윤 대통령의 안전위생이 걱정된다.|||지경영 믿지 않는다. 하|||부분적으로 그렇게 말하고 싶어..|||지경 당신은 법적으로 해주세요. 권력에 휘두르는 판사들이 둔합니다만, 지금 무슨 말을 하고 있습니다. 법원을 믿지 않으면|||법적으로 하면 원래 선관위에서 제대로 검증했을까요?|||대법원의 재정도 아닌 정치 판사를 앉히고 사법부가 정상으로 돌아간다고 믿는 것은 말도 안된다.|||부정선거에 사법부가 책임이 없다, 할 수 없다…|||법률대로라면 재판 이함은 왜 국민 위에 군림하고 있습니까? 다른 곳에 있을 필요가 없습니까?|||현재 한국사법성과 삼권분립이 위기임을 모르면…|||판사가 법적으로하지 않으면 힘들다.|||대한민국이 위기다.|||왜… 검사원이 나가는 것을 보고… 재판장이 나온다… 그렇게 하는거야... 처음 봐.|||법적으로 하자!!!!|||지규영 너도 세울 수 있어",0
tSv5-pagw0A,문제를 켜서 이재명 정부 통일교의 충돌이 시작되는가? 오늘 추가 폭으로 나오나요? 채널 A,"민주당은 다양한 관계를 가지고 있습니다.|||이재명 대통령은. 실제로 보고를 받은 것은 도대체 어디까지 관련되어 있는가? 특검은 이런 때입니다. 김현지|||kbs mbc jtbs sbs 각 방송국이 제대로 보도를 해주세요.|||완벽 미친 가기|||딜이 있었다.|||통일교에서 민주당 돈을 받은 것을 특검정보 제공해도 수사하지 않는다? 어디까지 부끄러울 수 있니?|||MBC JTBC 조용한 일을하지 않습니다.|||민주당, 특별 검찰관.|||살해당한 일이 일어나고 있는|||종교의 자유까지 억압하고 중공인에게 한국파는 정권|||중공당 해산에서 처음으로|||이명면은 통일교를 이길 수 없다… … 왜냐하면 업보가 많기 때문이다,,,,|||나는 돌아갈거야.|||민주장도 해산해야 할 공평하게.",1
J-pLqV59M7I,"지규영 노상원 메모, 어떻게 해야 하나요? 티조Clip shorts","얼마나 말이 없다고 말하는 동안 웃음이 나오는가?|||가짜 메모라고 판단해서는 안된다.|||메모가 불법이라고 탄핵도 불법이 되는 것이 아니라 불법 메모 증거에 의해 탄핵이 되었지만, 그것은 분명히 밝혀야 할 문제다|||한층 더 다운로드된 메모가 인터넷에 올라온 적은 없지만, 홍장원이 헌법으로 쓴 후에 생성된 것처럼 보인다고 한다.|||그래서 지렁이는 증거가 되지만 헌법재판소는 인정했다.|||아, 지렁이가 받았네요.|||지귀연 판사 진실한 후부 통치 없이 법률로 판결하십시오. 누가 봐도 윤석열 대통령은 무죄다.|||홍창원이 인터넷에서 다운로드했다고 거짓 증거로 밝혀진 듯한 성격의 메모인가|||진정한 기쁨을 선사하는 코미디 재판.|||메모가 별로 없어서 판사님의 웃음이 나오네요.|||메모는 홍장원이 만든 메모가 아닌 보좌관이 나와 진술하지 않으면 진정성립 여부 싸울 수 있다.|||판사, 정의, 응원합니다.|||가짜 메모|||아..무슨 짓을 하는지|||아니요, 이것은 메모로 정의할 수 없는 예술품입니다.|||판사는 법과 양심적으로 살아야 한다!|||제발. 범죄자에게는 타협이 없습니다. 절대로.|||지경재판관 지금 재판이 잘못되면 나라가 공산주의로 가서 재판을 잘 해|||특검으로 이미 노상원 자신이 작성했다고 했다.|||판사는 한국의 마지막 그릇입니다.|||지귀 연법을 지키는 올바른 판사 파이팅 국가를 지켜 주셔서 감사합니다 많은 국민들이 함께합니다 파이팅!|||지경 애국 판사 파이팅! 3권 분립 자유 민주주의 입법 사법 행정 모두 독립 기관입니다! 싸우고 이길 수 없습니다.|||홍창원 증언증거는 불충분하며 탄핵판결 다시 해야 한다.|||지경 판사 이나라를 살려주세요.|||문상호 증인",1
DApEbmnTDXE,신통방송 통일교민주당 인사간 정교유착 의혹 확산 녹음 파일에 정진상 언급,"특검해야 할|||이재멘이 통일교의 해산을 언급한 이유가 이것입니다.|||정진상이라면 이재명입니다.|||찌르고 굉장히 해산 둔해졌지만…|||실수로 턴한 케이스입니다...|||빨리 처벌하다|||사악한 악질범은 자신의 죄를 다른 사람에게 뒤집는 데 전문|||확실히 조사해야 한다.|||통일교회를 없애려는 이유가 있었습니다.|||이 진정으로 부도덕한 정치인은 모두 처벌하고 정의한 사람을 선택합시다.|||똑바르고 명확한 전달력, 역시 1타 강사 김효은님. 싸움|||아……퍼즐이 맞기 때문에, 그랬습니다.|||리자이밍이 참여하지 않는 곳은 도대체입니까?|||나라가 뒤집히는 사고가 일어났다…대규모 파장이 예상된다…|||현 정권 실세에 금품을 주었다고 허위 증언할 수 있는 미친 사람은 없다|||특검은 민주당의 방패를 완수하는가? 민주당 하청 특검이라는 말이 사실이네요.|||이 기회에 헤더에서 쫓아 모든 것을 날려.|||이재명이 직접 통일교에 연락했는데 이는 매우 심각한 사안이다. 통일교회의 문이 맞다고 생각한다.|||민주당 의원 특검|||언제 다른 나라로 도망 갈까..|||정진상이라면 이죄명도 관여하고 있는 것이다. 특검은 진술이 나왔는데 민주당 수사도 하지 않는다.|||이 시점에서 해명은. 필요하지 않습니다. 해산은. 필요하십니까?|||정재수도 깨끗한 척하고 있습니다.|||남남불당 선택 특검|||재밌는 재능은 거짓말만 ​​한다.",1
xE3u9uH7yyE,핫라인 인사 개입 의혹 김현지,"경찰은 무엇을 하는지, 그러한 명확한 증거가 있지만, 곧 국정농단 김현지 김남국 체포 구속 수사|||김현지 특별검찰 관민주당 해체|||현지문을 신속하게 특검과 국정조사|||김현지 대통령의 이죄명을 처벌하십시오.|||우리나라 와일리 시끄러운|||한국 김현지 대통령 자리를 남겨주세요.|||지역은 도대체 무엇을 실체를 밝히는|||언니는 카미오입니다.|||나는 형제의 언니라고 말하며,|||민주당 정권 김현지에서 멸망한다는 생각은 나뿐인가?|||진치 실세 김현지의 대체 정체는 무엇인가?|||나는 남국이 동전 비서로 채택했습니다.|||김현지는 대통령입니다.|||민주당의 진짜 대통령은 현지|||현지 언니도 나를 취직|||아, 인간|||김현지는 대통령이었어? 이재명의 국정농단을 특검하라|||대한민국 대통령 김현지|||자다|||국정농단은 옳고 국민은 선택하지 않았지만 국가는 김현지가 대통령이|||헌지의 실체는 정말로 궁정입니다.",1
CyXb2RDuxfM,사법부가 전면전을 선언했다! 정식 버전,"본지욱 기자님은 탐사보도 종료판왕이라고 생각합니다. 대장동 사건, 연어주 파티 사건 듣고 듣고도 화가납니다. 취재 레벨도 매우 놀랍습니다. 개인적으로 기자 중 최고입니다.|||국민은 사법부와 싸울 준비가 되어 있다. 법사위는 그대로 밀어내길 바란다.|||상식적이지 않은 사법성이 상식적인 국민을 옹호|||민주당은 힘들지만 제발 힘을 모으십시오. 내란의 척도가 최우선입니다. 국민은 준비되어 있습니다.|||이제 한국의 교육에 대해 되돌아보아야 한다. 직업 윤리에 관한 교육 역사에 관한 교육 어떻게 중요한 문제인가?|||변모를 믿지 마십시오. 이하의 징계를 6개월 검토한다. 6개월 후에 누가 기억하나요?|||이번 회에 대법원과 대법원장을 국민투표로 선택합시다. 그러면 위헌이 아닐 것입니다.|||최욱씨, 본지욱 기자의 검찰조작이 밝혀질 때까지 지치지 마세요.|||김규현 변호사는 매우 멋지다. 응원합니다!!!!|||내란재판은 100개 공개재판으로 해야 한다!|||악은 정직합니다. 지쳐서는 안됩니다 최욱씨, 일주일도 고생했습니다.|||최욱씨의 주말에 몸에 좋은 음식과 적당한 운동|||일대길 차기 노리나바 ㅎㅎㅎㅎ|||조희대 특검하라 사퇴하라|||1주일 하루도 최욱을 보지 못한 날이 없어요?|||본지욱 기자는 언제나 응원|||안미현 로스쿨이야. 로스쿨 학생들이 실습을 위해 안미현을 집단에서 형사고발하고 민사에서도 집단소송해 보길 바란다. 매우 생생한 연습이 되지 않습니까?|||사법이 지금 위헌심판을 신청한다는 것은 엄숙을 두는 것입니다.|||서울시에 2시간째가 있었지만, 돌아오는 길에 6.25시 소란은 큰 소란이 아니었다.|||사법개혁은 반드시 필요|||사법개혁은 반드시 해야 합니다.|||조희대와 사법성은 윤석열을 지킬 뿐만 아니라 국민과 싸운다는 것이다.|||한고비 한고비 쓰러뜨리는 것은 힘들었다… 대한민국 국민은 악의 거인을 쓰러뜨렸다…|||사법성의 개혁과 언론은 판매말 쇼를 대신해 최욱님께 감사드립니다.|||안미현이 업무방해죄로 고발해야 하는가? 재시험에 들어가는 비용은 모두 손해배상처리되며,",0
K6Kjzdl4t_0,우상호가 전하는 내란전속재판부에 대한 대통령의 생각! 나는 수박이라고? 정식 버전,"저는 조토구 주민입니다. 구청은 지역 주민들의 생활 기반 지원을 매우 잘합니다! 초등학교 저학년을 집에서 학교까지 동행하는 도보 스쿨버스는 걷는 엄마들에게 정말 좋습니다! 운동화를 신고 조토구 구석구석을 돌아다니며 주민들에게 인기를 끌며 많은 환대를 받고 있다.|||성동 구민으로서 정원 고구장장 덕분에 많이 보았습니다. 더 많은 시민들이 그 미덕을 볼 수 있다고 생각합니다!|||행정은 이야기가 어렵지만 재미 있습니다.|||29 49 와성동구 청장씨 타타봉! 종로구 배달 라이더인데 항상 카페에서 인천 측의 기상 상황을 확인합니다. 인천에 눈이 내리면 1.5 2시간 후 서울에 올 가능성 90 이상|||이준석은 어린 윤석열이지만 그걸 모르는 건 어리석은 일이다.|||역사교육과 도덕교육을 강화해야 합니다. 이명박대에는 국정원과 공무원들을 동원하여 일백규만의 역사교육을 약화시켰다. 역사교육 특히 뿌리깊은 대사를 강화하는 것이 답이다.|||정원호 성동구 사무소...|||선김! 오늘의 내용이 좋았다! 센스 싸움 역사 감사합니다!|||조진은 배우 관련 이야기를 듣고 느낀 점은 박구영 교수님이 이 사안을 원칙과 구조 차원에서 바라보며 최욱 앵커님은 지금 이 사건이 소비되는 방법과 현실적인 감정에 집중하고 있는 것 같았습니다. 둘 다 합리적인 관점이었지만 다른 질문에 대답하는 대화처럼 들렸습니다. 그러니까, 오히려 더 생각할 여지를 남긴 논의였다고 생각합니다. 오늘도 밀집한 방송이 잘 들렸습니다. 감사합니다.|||박구영 교수는 함정에 빠진 것 같다. 다른 사람은 없는데 이명박 세대는 그만큼 크다. 15년 전, 대학생이었을 때 저는 과외 활동을 했습니다. 중학교 친구들과 함께 수업을 들었는데, 그 친구들의 부모님이 모두 내 친구였어요. 그때 제가 슈퍼레이스에 들어갔을 때 다들 일베 같은 커뮤니티를 하고 있었어요. 그 중 한 분이 광주민주화운동은 조작이었다고 웃으며 말했을 때 가슴이 아팠습니다. 나는 그것을 어디서 봤는지 궁금해서 입을 다물었다. 그 친구는 착하고 투명한 아이였어요. 그 아이들은 그냥 잘라버렸어요. 그게 다야. 이래서 나는 이명박을 절대 용서할 수 없다.|||쿠팡나락 감지했는지 연예인 뉴스로 시선 돌려 조희대 입건으로 물을 타는 하나보다 언론, 진실을 쓰고 말해주세요. 왜 레거시 미디어는 혼자 조용한가!!!!|||성동구 정원구 시청사 서울시장은 반드시 해야 한다|||죄송합니다.|||정원 O 서울시장을 보고 싶어요!|||정원구청 안경을 바꿨다|||10대 20대 극우화 원인의 90%는 게임 체널 이 분야에서는 황희두님의 말이 가장 설득력 있다고 생각한다. 젊은이들의 극우화를 목적으로 정권 차원에서 오랜 세월에 걸쳐 조직적으로 게임 채널 등을 통해 여론 작업.|||맞습니다. 눈에는 열선이 최고입니다. 그 생각을 했습니다. 구청의 열심이군요.|||다른 구청은 열선의 부지 예산에…|||믿고 보는 매화불 쇼|||오늘 들으면서 우리는 정말 행복한 국가 시민이라고 생각했습니다. 방글라데시의 민주화 시위에 참여한 시민들은 1400명이 사살되는 동안 국제적인 문제도 받지 못했다는 사실에 눈물이 나왔다. 이 눈물도 4.19, 5.18, 6월 항쟁의 시민들에게 얻은 빚으로 흘릴 것이다는 생각도 듣습니다. 강의 감사합니다. ㅣ 연간 지지부진한 재판과 처벌에 기운이 계속 빠졌지만 이 이야기를 듣고 우리도 더 노력해 봅니다. 다시 전두환을 용서해 주는 역사는 반복하지 말아 주세요.|||김은혜 부동산을 살펴보세요.|||현대 역사교육을 강화해야|||저는 종로구의 구민이며 아침에 출근할 때 종로구 중구 강남구처럼 지나가는 것은 정말로 죽는 맛입니다.|||최욱 최고입니다.|||오늘의 뉴스도 매우 좋다고 생각합니다.",0
smZ4iQkqzOg,계엄의 연결을 발견했다! 임은정의 설명이 필요합니다.,"최욱씨 오늘은 감탄했습니다. 작은 부분을 놓치지 않고 지적했습니다. 수면은 언제 잠을 자는지 궁금해질 때까지 자고 있습니다. ㅎㅎ|||조희대 지구 이종재 내 난판사는 곧 체포되어야 한다...|||누가 떠나도 우쿠이가 최고다. 우쿠아 정말 고마워, 너 때문에 항상 열심히 살아|||내란 종결의 길은 멀리도 험하다. 모두 지치지 않고 끝까지 잘 마무리합시다. 역사의 큰 갈림길이다.|||역시 신뢰받는 언론인 최욱 님의 날카로운 대리석 쇼를 능가하는 미디어는 없다!|||조희대 귀연은 반드시 처벌해야 합니다.|||부패한 사법부의 내부 통제 시스템|||판사들의 특권 의식 때문에 자신들의 판결은 무모한 성역이어야 한다는 신기한 망상을 가지고 있기 때문에 법왜곡죄에 반대하는 것입니다. 원하는 심리를 듣는 행위라고 봐야 합니다.|||매 부처 쇼를 만들어 주시는 여러분, 감사합니다.|||여기에 남미 시차가 있는데 지금 12만 찍었지요. 그러나 오늘은 매우 중요한 진실을 드러내서 정말 좋았습니다.|||백해룡경정팀 수사 결과를 기대한다. 수사를 방해하지 말고 영장이나 곧바로 내주세요.|||가라테 처장 이렇게 하면 없어서 새로운 기관을 만들지 않으면… 가라테 처장도 그대로 있어…|||매 부처 쇼 최고입니다 언제나 응원합니다.|||최욱씨 정말 검판관은 무법천이군요. 기다려주세요.|||마약 수사는 확실히 특검에 가야 한다.|||내란에 대해 정리가 딱 맞네요. 알면 알수록 무서운 세계에서 악마가 실존한다는 생각이 드네요. 마약 수사도 확실히 들여다보고 이곳 나라가 제대로 서있을 수 있다고 생각합니다.|||얼마나 떨리는지 내란에 살인 미수였던 인간들을 그냥 두어 두면 정상이 아니야 검사 재판관 정신 조금 받으라 기생 언론도!|||국가와 국민의 미래가 걸린 마약 문제입니다만, 단지 통과할 수 없습니다 반드시 특검 가야 합니다!|||조희대지경영은 반드시! 처벌해야합니다!|||사법부 판사 수사나 마약 수사나… 유감이라는 표현에서는 부족합니다. 꼭 진실을 밝혀주세요.|||장마 쪽이, 왠지 영화보다 재미있다!|||개헌 연임|||주경호 20억 뇌물수수 의혹|||약물 사건은 결코 이렇게 이야기를 넘어서는 안됩니다! 반드시 그 상위 헤더를 밝혀야 합니다!|||마약 수사의 끝까지 다루십시오!",0
51vhxEQow6c,폭설에 화장실도 못했어... 오세훈은?,"한강버스 예산을 사용해 눈치채는 제설차를 할 수 없는 것이 아닌가.|||누군가를 원한으로 한 유권자가 문제입니다.|||눈도 물이... 물에 진심으로 오세이돈|||공무원들도 하고 있어 급료 타행은 부끄러움을 그만두고, 그리고 공무원 책임 제립법화해 징벌 책임을 시켜야 한다|||오세훈을 찍은 사람은 한강버스를 타고...|||성동구청 서울시장이 나오길 바란다. 정말 정말 좋습니다.|||이번은 서울 시민 여러분의 시장을 잘 하는 분으로 잘 알겠습니다.|||맞아도 싸고 이미 찍습니다.|||서울 사람들은 자신의 돈만 지키면 돼서|||오세훈은 바쁠 것이다.|||도대체 서울시민은 국력이 무엇을 하고 있는지 찍는다|||5살 훈이 서울에서 끝났다.|||오세훈이니까! 이럴 때 타고 한강버스 만들지 않았나. 그냥 생명을 선착장에 맡기고 타라|||따뜻하게 베트남에서 온천에 마사지되었습니다!|||아, 세훈은 따뜻한 베트남에|||서울을 보는 사람들을 보는 눈을 키우자|||현명한 척하는 서울 시민이 선택한 시장이다.|||관심이 없는데 한강에 배는 왜? 점점 폭설, 폭우 증가하기 위해 여기에 대비해야 한다. 머리 속에 신경이 쓰인다|||동남아시아 여행을 갔다가...|||부산 대구욕할 일도 없네|||투표하십시오.|||185세의 푸니는 쌀국수를 먹으러 놀러갔다.|||빨리 한강버스에 가야 합니다.|||시장이 서울에 없으면 제설 작업조차 안 된다는 게 시스템 작동이 잘 혼란인지 뭐하고 돌고 있는지 한강버스같은데 동고지골구 시민이 필요해서 원할 때 조금 해봐|||해외에서 놀고 있다…",0
GLxKSy59Gn4,"국회의원 사퇴 요인, 잊을 수 없는 말","진정한 놈들은 균일하게 지쳐 있다!|||자신만의 파티. 사라진다.|||이중국적자의 이민도 미국에 간첩한 것이 아닌지 철저히 조사해야 한다. 또 탈북자 국회의원도 철저한 수사가 필요하다.|||선대의 선행을 하지 않는 사람|||통일교회가 되어 지발이 내려 달리는 것은 아닐까. 은퇴해도 책임을 지는 것은 책임을 져야 한다.|||선친의 명예를 무시해버리는데 혀!!!!!!!!! 돈과 기득권의 카르텔원|||아버지의 훌륭한 업적에 스스로 침을 뱉은 분인데, 이포…극우라니…|||점차 탈출 시작입니다.|||빵빵에|||정말 이해하지 못한 사람 중 한 명|||뭐하고 있니?|||머리가 완전히 부러졌습니다.|||도망칠까?|||뭐야 ㅎㅎ 김근희는|||대답하지 않는다. 그만하자.|||이자를 찍어준 지역구를 반성하고 다시 이런 자가 국회에 나오지 않도록 해야 한다",0
BtmDYY8osmA,"김현중의 겸손은 어려운 뉴스공장 2025년 12월 2일 화요일 김용민, 김완, 오혁진, 김승원,","쿠팡이 능동적으로 해결해주지 않는다.|||사법부가 눈치채지 못할 정도로 사법부 개선법을 발의하십시오. 정당하지 않은 조희대 대법원장의 힘을 모두 빼십시오.|||대통령이 내란세력이라도 국가범죄자들은 ​​상속인까지 철저히 취해야 했으므로 제대로 처벌되는 것 같습니다.|||박정찬 단장 나오고 침투부에서 궤도양 발사 중계 때도 들리지 않는 긴박한 내용을 듣기 때문에 더 고생하고 있는 것 같네요 항우연 파이팅|||지방선거의 역풍운운이 아니라 내란의 동조세력 남기지 않고 형사처벌해야 한다.|||무장한 병사들이 급박중에도 눈이 다칠까 생각하고 목을 노렸다는 배려와… 친근하다. 철저히 조사하고 적절한 처벌을|||모든 법적 조항에는 취지를 함께 붙이지 않으면 법왜곡이 없다고 보고 있습니다.|||내란과 법왜곡죄는 사면이 없는 처벌로 다스려야 합니다. 이러한 법이 없으면 법으로 만들어 확정해 주십시오. 굳이 이런 불법은 생각하는 것도 힘들어야 합니다.|||주식 아기를 운전하고 혼자 편집|||검찰청 폐지지도 78년 만에 완성사법부적폐청산은 훨씬 어려워서 힘들겠지요|||공장장은 과학 관련 인터뷰 시 빛나는 누구보다 젤 재미|||계엄해제 직후 조희대가 누구로부터 전화로 지시를 받았는지 즉시 알아야 ㅜㅜ|||총구를 막은 것이 군용물의 탈취다. 그 변호사를 내란의 가담자의 입장에 두어 보면 올바른 말이다. 즉, 그 변호사도 내란 관련법으로 처벌해야 한다.|||정말 꽉 방송|||계속 숨길 뿐인 그 사악한 조희대를 지금 잡아 엄중히 수사하고 처벌을 해야 한다.|||짱짱을 봐야 해|||역사를 잊은 자에게는 그 역사가 반복되는 형벌에 처한다.|||김용민 의원이 있어 얼마나 다행인지 모르겠다.|||김영민 의원, 폰링! 일은 정말 잘 정장을 입고 입법 검투사!|||공장장 우주 분야에 인터뷰할 때는 매우 빛나고 있습니다.|||알차다, 알차! 바쁜 출근시간을 나누고 놓칠 부분이 있으면 뒤로 돌려 다시 한 번 듣고 있는 것이 하나도 모른다. 나의 인생의 생산성을 높이는, 민주 진영 천년 고목, 겸공|||재고 가방의 좋은 아이템입니다. 잘 보고 있습니다.|||겸공 마스코트 최서영 pd 파이팅!|||내란을 철저히 단죄할 수 없었던 페루는 수많은 국민의 피해로 돌아왔다. 우리는 잊지 마세요! 철저히 단죄할 수 없었던 과거 군사 쿠데타가 지금의 12.3 내란으로 돌아온 것이다. 사법부는 철저히 수사하고 철저하게 단죄하라! 내란 전문 재판부 설치가 긴급|||눈이 수상할까 하고 총구의 라이트를 목에 비추었다고… 법정에서 변호사가 대변한다… 이상하고 비이성적인 무리가 과연 평범한 것인가? 정말 무서운 세계에 살고 있는 것이다. 조심해야 하는 국민은… 아직 내란중이다… 언제까지 지켜봐야 할 것인가…",0
sYqT6FQjAbg,정준이의 논 12.3 내란 1년 함께 울고 웃은 우리친구,"오늘도 좋았습니다. 나는 실제로 판매 쇼를 위해 노력했다. 탄핵안이 불발이 되었을 때, 주말에는 왜 매화불 쇼하지 않을까 생각했고, 그럴 때, 매화불 쇼가 특별 방송으로 유시민 작가를 모으면 목소리를 들었습니다. 저의 신경안정제이며, 우리 사회에 그래도 나와 같은 생각을 하는 사람, 내가 생각한 것을 대신 전해 주는 방송이 있어서 다행이라고 생각했습니다. 오늘 방송을 해주셔서 감사합니다. 미디어 학자로서 잊고 보낼 수 있는 미디어나 미디어에 대해 감사합니다.|||뉴스공장과 매불불쇼와 함께한 지난 1년은 화가 나서 위로받고 사기당하고 걱정받고 안심하는 시간이었습니다. 아직 끝나지 않은 내란에 시달리는 상황이지만, 최선을 다하고 끝까지 함께하고 싶습니다. 감사합니다.|||정주니 교수, 애정 넘치는 눈으로 우쿠이를 봐주세요.|||김오준, 최욱이 없었다면 내란 후 상황은 지금과 비교할 수 없을 정도로 혼란스러웠던 것. 매우 감사하는 두 명의 거인|||최욱을 보러 왔어요.. 특이한 영상입니다.|||최욱을 보러 온다.|||지난 1년의 매화불 쇼와 겸공을 위해 견뎌냈습니다. 감사합니다. 두 미디어는 모두 경쟁 관계이거나 상호 배타적 관계가 아닙니다. 분명히 공통 분모도 있지만, 각각의 역할과 색상이 있습니다. 우리는 지금 아무것도 만족할 수 없습니다. 오늘의 방송은 정말 좋았습니다. 겸공, 매화불 쇼 영원히!|||아침에는 추공, 점심에는 매화불 쇼, 저녁에는 남천동이 3개의 방송 때문에 1년을 견딜 수 있었습니다 여러분 감사합니다 앞으로도 잘 부탁드립니다!|||내란전에는 정치에 1번 관심이 없었던 1명입니다. 지난 1년간 겸공과 매화불 쇼를 듣고 정치 저관여층에서 좀 더 걸어서 놓아 주셔서 감사합니다.|||예전에는 김오준 혼자 장판파 장비처럼 모든 적을 상대로 하면 지금은 최욱이 조재룡이 되어 옆에 있는 느낌이다. 매우 강하고 힘이 됩니다.|||정말 체욱 덕분에 1년 잘 열심히 했습니다! 우리의 영원한 광대, 감사합니다|||맞습니다. 정말 계엄 후 1년을 오전에는 진공, 오후에는 매화불 쇼를 듣고 보면서 위로받고 견뎌냈습니다. 정말 고마워요.|||뉴스공장, 매화불쇼, 사장 남천동, 2024 1203이 없으면 힘든 나를 보여줬다! 옆에있어 주셔서 감사합니다.|||지난 한 해 동안 마블 쇼는 매우 귀중했습니다. 좋았어|||문클입니다 용기가 있고 부드러운 사람들이 있기 때문에 우리의 미래는 실패하지 않는다는 말|||겸손, 매불 쇼가 일반 TV 뉴스 원전 끊어졌습니다. 최고의 방송인입니다.|||겸공과 최욱의 협업은 행복하고 응원|||최욱은 세상이 쾌적해지면 다시 돌아와 사람들을 열심히 웃어준다고 생각합니다.|||추공과 매화 부처 쇼 유시민 작가 덕분에 내란을 견디어 주셔서 감사합니다.|||욱이현 나와서 정말 좋았어요 나의 개인적인 소원이 있으면 겸공과 매불쇼 서로가 서로 의지가 되기를 바라며 노무현 재단에서 유시민 작가님 김오준 공장장 그리고 욱이현 기다려|||최욱씨! 매일 매일 즐겁게 매불 쇼 시청하고 있습니다. 1시 59분이 되면 다른 채널보다 품절 쇼에 들어가서 좋아요에서 눌러 시청합니다. 즐겁고 매우 간단하게 설명하고 이해하는 데 딱 맞습니다. 코멘트에 너무 스트레스를주지 말고 앞으로도 열심히 방송해 주세요. 최욱은 매우 사랑합니다.|||최욱 좋아. 함께 최선을 다해 주셔서 감사합니다.|||김오준은 아버지의 감상 최욱은 어머니의 감정을 내렸을 때 후달달데가 떨려도 떨리지 않는 척 해주는 총수덕에 확연히 할 수 있었고, 함께 떨려주며 쓴 쓰러져 멘탈처럼 나온 최욱덕에 많은 것. 정말 그 순간에 하루하루의 희망이 보이지 않았던 순간에도, 그 두 사람이 우리쪽이라는 생각에 결국 우리가 이긴다는 생각이 나를 안심시켰다. 매우 감사합니다.|||최욱과 겸공의 협업!!! 행복했다!! 최욱 피곤한데 12.3 선물처럼 겸공 스튜디오에 나타나서 정말 고마워요! 오준 총수도 매불 쇼 한 번 나가자! 최욱 좋았어!!!!!!!|||뉴스공장과 마블쇼는 우리를 살린 방송이 정말 이 시간을 넘는 것 같다.",0
dEBjgllE4dg,속보 통일 교회 금품 의혹 정동영 입장 밝히기,"손을 잡고 무기 징역해야합니다.|||종교이든 야생이라도 불법적이고 의도적 인 녀석은 모든 재산을 몰수하고 사형으로 만들어야합니다.|||돈으로 환장했습니다.|||통일교. 문제 있는 민주당도 모두 특검을.|||이 사람들은 우선 사실 무근으로 부인으로부터 하고, 다음은 직장을 거절하고, 다음에 빼앗긴다. 이런 건 김현지, 장경태는 관심에서…|||나이 70 이후, 무엇이 장관이라고 타락한 정부|||나로부터 법을 지키다|||속아요!|||오리발 작전 개시|||민주당이 통일교회와 연예인들 사이에서 김현지와 장경태가 슬퍼졌다.",2
xA4D-9jlmVo,누가 마음대로 법정 공휴일에? 매우 방해하는 극좌 정권,"인터넷TV 신규 가입 시 최대 48 휴대통신사 변경 시 최대 30 정수기 대여 시 최대 30 합계 108만원 특전! 혜택이 제3자보다 적으면 차액 150 보증 https abit.ly 89klwr|||당연합니다. 많이 쉬면. 나라가 엉망입니다.|||대장동 주민의 천문학적 돈을 착취한 대장동의 동체처벌의 날을 법정 공휴일로 만드십시오.|||절대 안 돼|||탄핵만이 대답이다!|||범죄자는 이 죄명을 구속조사하고 빨리 인출해야 한다.|||민주당 해체 기념일로 하면 된다|||계몽 축제의 태극권 계명의 날에 ...|||마음대로 나라|||범죄자를 빨리 쫓아내야 하는 정상세계가 온다|||전혀 미쳐 돌아가다니 미친 나라|||미쳐서 돌아갈거야, 엄청 날이 조금 남았어.|||알리는 마음대로 무엇이든 할 아침 폭정치.|||잡범이 대통령이 되었기 때문에 하고 싶은 대로 한다는 잡범이군요! 현재는 왕입니다! 개 딸이 너무 많아서 웃음! 그 잡범 국민은 수갑을 걸고 감옥에 가고 싶다!|||돈입니다.|||빨리 탄핵하자|||대장동의 몸통 핵은 언제입니까?|||법정 공휴일로 결정하십시오. 태극기를 들고 있는 광화문 집회점|||아니, 국회도 그렇고, 이 정부의 참모들은 무엇을 말하고 있는지 말해야 합니다. 국민은 안에도 없습니다.|||여러가지.|||혼란스럽게 외치는 것은 누구였습니까?|||516 이 법정 공휴일이 되어야 한다.|||6 25일 법정 공휴일 할 필요가 없는지 정직하게 말하고, 7 27일 정전 협력일 법정 공휴일을 해야 합니까?|||박상규시 평론가는 올바른 말입니다.|||누가 내가 법정 공휴일을 하려고 하는지 살고 있는 나라는 못을 만든다.",1
GCZNwokzqDc,"권승표 뉴스하이킥 국력 윤한헌의 똥 개가 비판 직격 최현진 기자, 이정은, 김영민, 박지훈, 이상민, 거의 없다","국민은 목숨을 걸고 막았지만 조희대 사법부는 빠듯하고 충성을 다한 것이 사실이다.|||장성철은. 비평가. 사표해야 한다… 그래. 감각. 무리.|||바닥 때 본 모습이군요.|||장성철을 먹고 살면 사랑한다|||장성철은 이기주의자가 잘못한 반면,|||장성철은 x파일로 홀델을 받지 말아야 할 인간이다.|||신인규 변호사는 좋다.|||송철이 논리는 판사가 윤석열의 무죄를 주어도 무슨 문제일까?|||장성철이 놀고 있는 것은 이준석과 같다.|||신인규님처럼. 유지 보수 패널이 있으면 좋다|||한 게스트 김영민 의원은 격렬하게 응원하고 있다.|||아... 눈을 감았다...|||이재명 대통령은 매우 능숙합니다. 민주당을 응원합니다.|||장성철 교묘한 척하는 말놀이. 피곤하다.|||그래서 사람들은 장성철을 원합니다.|||지금은 사과할 필요가 없습니다.|||송철아, 너만 입을 닫으면 성공한 대통령이 되|||혼자와 같은 주장할 때는 가벼운 척을 하고, 반대로 공세에 몰려 있기 때문에, 하얀색으로 하나하나 말미를 잡는 w|||신인균 멋진 주장 공감|||신인규의 말이 맞아 고마워|||소요소견내난재판부는 위협용으로 일심선고를 보고 진행 나머지 사법부혁신은 빨리 처리하여야 합니다.|||신인규는 현명한 장성철|||대통령은 지지율이 좋지만 민주당은 잊을 뿐 사건이 튀어나오는가? 대통령을 뒷받침합시다.|||나는 장성철에 동의하는 경우가 많았다. 나는 중간에 생각했다. 내란재판부도 반대이며 사법부에 대해서도 강력한 공격이 문제가 된다고 생각했다. 그러나 날을 시간으로 계산하는 것은 법을 낳은 것이고, 그것은 재판장이 법을 만든 것이며, 법 위에 있는 것이었다. 솔직히 이재명이 재판을 받으면 유죄가 나올 것이라고 생각했다. 하지만 시간이 없기 때문에 질을 끄는 대통령 선거에 나오자 몇 년 전도 생각했고, 이것은 틀리지 않았다. 그러나 내가 잘못했던 적도있었습니다. 대법원이 대통령 선거 개입 특별 법원이 됐다는 것이었다. 이것은 정말 너무 분명한 죄였다고 생각합니다. 민주당당 대표에게만 특히 빨리 적용되는 법이라고 말합니까? 법원은 윤석열에만 평등해야 한다고? 단어가 되나요? 생각을 다시 보면, 그 정도의 문제는 또 있었다. 계엄의 다음날 조희대 대법원장을 정말 믿었다. 한국인 가운데 국회의원을 믿고 사법부를 불신하는 사람이 몇 명이 되었는가? 당연히 국회의원은 쓰레기다. 법원을 가장 믿는 게 한국이었다. 조희대 대법원장은 카메라 앞에서 사법부는 계엄을 옹호할 수 없다. 이렇게 발표에서도 할 것이라고 생각했다. 그러나. 전혀 하지 않았고, 그 후에도 전혀. 아니었다. 행정부의 위헌적 행위에 입법부는 행동했고. 사법성은 침묵했다. 지금 생각해 봅시다. 판례가 매우 중요하지 않았습니까? 재판장이 법도 새롭게 만들고 대법원은 선거에 개입하며 계엄하게는 침묵한다. 더 이상 전혀 동의할 수 없다. 사법부는 폭주 중이다. 그것이 내 생각입니다.",0
QSHonpqumtA,시선집중 김민기 국회 사무총장이 말하는 내란의 밤… 여름부터 계엄 의심을 받고 염두 훈련한 김민기 국회 사무총장,"김민기 사무총장 감사합니다 당신이 있어서 매우 기뻤습니다.|||고마워, 정말 고마워|||정말 정말 고마워요|||나라의 중요한 인재가 있다는 사실이 너무나 감사하고 시뮬레이션해, 사전 체크는 정말로 나라를 위험으로부터 구한 중요한 열쇠였다고 생각합니다.|||김민기 사무소장 인터뷰를 기다리고 있었지만 또 다른 영웅입니다.|||우리가 선택한 국가노동자들 위기극북에 뛰어난 능력으로 나라를 구하는 것에 정말 깊이 감사합니다|||깊이 감사합니다.|||그런 준비가 생각되었으므로, 일사 천리에서 행해졌다고 생각합니다.|||김민기 국회 사무총장님 별명 지어집니다. 박사 중 최고의 박사 척 박사|||나라를 구한 사람 중 한 명입니다. 감사합니다.|||찜으로 .. 우리는 당신을 기억하고 당신을 존경합니다|||국회 사무총장에게 훈장을 수여해야 합니다. 계엄상황에 대해 적절하게 문건 등을 작성하여 무사히 계엄을 해제하도록 했습니다.|||김민기 사무총장이 몰랐던 숨겨진 영웅입니다.|||정말 고마워요.|||김민기 국회 사무총장, 국회의장에게 고생해 주셔서 감사합니다!|||정말 기쁩니다.|||감사합니다|||우리도 그 날의 초기 단계에서 새벽에 일어나지 않으면 알지 못했습니다.|||존경해 주셔서 감사합니다.|||고마워요|||정말 잘 했어|||대단한 사람이 있었지만 감탄했습니다.|||김민기 사무총장님 꼭 기억해 둡니다. 감사합니다.|||우원식 국회의장과 함께. 경호팀의 보좌관. 비서의 민주당 조국혁신당. 멋진 사람에게. 감사합니다|||내란의 밤을 막아준 국회 직원 여러분의 노고에 깊이 감사합니다! 김민기 사무총장 감사합니다!",0
LktonYKYHwo,"김정배의 시선 집중 FULL 대장동 논란 김영진 쿠팡 사태 우석진, 김원장 ㅣ MBC 251204 방송",이른 사법개혁을 바란다|||문제를 일으킨 김남국인 이번 기회에 제대로 정리해 나가는 것이 좋은 것 같습니다.,0
Ozi_WEpb58c,김정배의 시선 집중 FULL 내란전속재판부 박은정,"내란전담재판부로 돌아가는 것을 보면 조희대가 다시 걸릴 것이다. 대통령 위에 대법원장, 이재명 위에 조희대. 나는 조희대를 선택한 적이 없지만… 내란 가담 의혹자 조희대는 자동 사퇴할 수 없나? 조희대 고발은 왜 하지 않는가?",0
VI7bh3l1ujY,"뉴스하이킥 특검 주경호, 긴급계엄시, 한동훈에게","주경호는 반드시 법적 처벌을 받|||게임 내 사장 남천동 아이템은 주경호 20억이었다! 잊지 말고 주경호 20억 매매 매직 내 난당 해체|||영장판사 구속 수사원|||주경호 20억화는 충격적이다. 반드시 철저히 밝혀야 한다.|||주경호를 20억회 수사해|||그래도 구속 영장은 거부됩니다.|||기분 나쁘다. 황비헌은 수집 담당이었다.|||장마 쇼 요정 출신 박지민이다!|||나는 박지민 아나운서만 보면 그렇게 기쁘다. 아마 장마 쇼 때문이라고 생각합니다.|||박지민 아나운서는 잘 만나고 싶습니다!|||박지민 아나운서는 매우 깨끗합니다.|||사법부가 내란범을 옹호하고 심지어 내란에 동조하는 현시 수면을 보면 국민들 누가 사법부를 신뢰할 수 있을까.|||기쁘다!|||아, 지민 아나운서는 기쁩니다. 잘 나옵니다! 고정밀도도 좋네요!|||통일교 사건도 다루십시오.|||주씨 20억 강력수사하라|||이런 인재를 먼저 보이지 않겠습니까?",0
sBvbPQaBNmU,정말 토크 인사청탁 의혹 김남국 사직 진윤에게 버려지는 장동혁? 정청레 1인1 표제부결 타격 MBC 251206 방송,"그러니까 국력은 계엄 다시 해도 윤을 지지한다는 것이다.|||국력은 여전히 ​​국민을 무시하고 있습니다.|||키훈리는|||피곤하다. 스파이 토론. 내가 볼 때 나라가 멸망되기를 바라는 국력이 스파이 집단이며 누군가 스파이에 몰렸다.|||국력이 낮으면 그들은 절대선으로 알고 있습니다.|||뉴스 하이킥은 각성하라. 김기홍 그런 아이들은 다시 패널로 데려오지 마세요. 오히려 서정욱과 고성국가를 데리고 가세요.|||덕수 가방 모치는 또 나왔다.|||김기훈이 나왔다. 김기훈이 이자라도 굉장히 질이 나쁘고 죽이는 변명만 해서 국민 오장육부를 긁어내는 자입니다. 민주당이 지금 국력당과 타협? 해야 하는가? 무엇, 어떻게 이해하고 받아야합니까? 나라를 전복시켜, 국민을 총검으로 위협하고 있던 놈들이지만, 그런 놈들과 타협을 하라고 하는 소리를 하라. 안녕하세요 국민들 사이에서 폭발한다.|||김기훈은 정말 흉내낼 수 없다.|||듣지 않습니다.|||캬캬캬 기후|||정치 현안에 대해 패널이 흔히 논리에 맞게 지칠 것을 날카롭게 파헤칠 수 없고, 단지 듣고 있을 뿐이다… 평일과 너무 비교된다.|||김기훈의 논리는 세계의 모든 소리 중에서 김남국에 대한 소리만 들리는 망상한 인간의 논리다. 기자했다는 인간이 김건희가 청탁한 국회의원 자리와 명태균이 청탁한 수명은 인사에 대해서는 들리지 않는 선택적 뉴스콜렉터다운 논리다.|||김기홍 또 당혁의 대변인 망경경과 장현혁 11월 3일의 경험에 대해 한마디도 할 수 없는 대표를 엄격히 하고 있다.|||국민의 힘이 우치 그 말을 할 수 있는지 머리 속이 신경이 쓰인다|||시끄러운! 나구국 짐은 입이 10개라도 말이 없어야 할 누가 누구를 비난해!|||이런 일이 일어나면 김치현의 국력 하이킥으로 타이틀을 바꿉니다.",0
xSmnsQPLfWU,"윤한헌, 권영진, 주호영.... 배신자의 말로",배신자 41명 기억하세요. 각자 지역에서 공천 탈락 운동합시다.|||절대로 하늘을 주지 마십시오. 정리하십시오.|||배신자를 속이십시오.|||철저히 날려야 한다.|||반란자는 절대 공격하지 말아,1
JHKrhePLXSw,한동훈이 사건을 빼앗는 증거가 밝혀져 치명타. 한동훈 가족목록 공개전화번호 끝 4자리 동일 2025.12.9,그들은 내 반국가 세력입니다.|||모두 구속하다|||없는 죄를 만들어 박 대통령 감옥 보내는 놈군의 차례가 왔어!|||배신자는 정치판에서 영원히 퇴출해야 합니다.|||단게 사건의 핵심은 패배성적인 데글을 썼다는 점뿐만 아니라 사건 발생 후 한동훈이 당 대표로 사건은 페를 시도한 점에 대해 책임을 묻고 반드시 제명처리를 해야 한다.,0
onmGkk4T-2s,주호영 충격자폭은 폭정,"ㅁㅊ...ㅉㅉㅉ주씨. 조심해 인간이라고 가벼워졌다!!! 그런 것은 정치 아웃시켜 버려야 한다! 그런 인간은 욕심도 아쉽게 국력당 징글 징글한다!!!!|||다시는 그렇게하지 마라. 선택권을 전혀 주지 말아라.|||그런 인간이 있는 것일까!|||ㅣ 국력에는 배신자가 득실득합니다.|||주호영 또? 하나를 지나면 또 하나의 색을 내고, 당신은 다음이 없습니다.",1
cnwJ944-I5Q,백해룡X약 수사 외압 주장은 거짓말...검찰 수사 분명 2025.12.9,대한민국은 조작이 알고 있네요.|||빨리 파고 허위 사실 유포죄로 수사하십시오|||백해룡 천벌을 받는 천벌을 받고 천벌을 받|||백해룡을 윤석열에 대한 허위사실 유포에 의한 명예훼손으로 고발해 수사하고 처벌해야 한다.|||개판이다 개판이다 잡범 4범 구속시켜 주세요,1
maB-1XArsbo,북한의 부당판결죄 같은 법왜곡죄?,"자유대한민국서 독재공산당 인민재판은 필요없는 자유민주주의 억압하는 가짜|||주진우 의원, 최선을 다해 주셔서 감사합니다.|||이죄 명민주당의 탄핵 이적 단체 내 난당에서 처벌하라|||주진우 의원님 응원합니다. Zebar 국가는 즉시 상점에 적극적으로 노력하십시오|||마음이 막혀 코가 식는 공산 독재법이군요.|||올바른 소리입니다.|||정말 대한민국이 대한공화국이 된 것 같습니다.|||주진우 의원님 최고입니다. 응원합니다|||주진우 의원은 올바른 정치를 응원합니다.|||다 치고 ㅂㄹㅁㅇㅈㄷㅇ좋아|||국회의원 중 최고|||검사 출신 국회의원의 정석 정의를 향한 눈빛이 살아 있는 분.|||좋아요|||불법특검의 해체와 불법특검의 수사와 구속|||주진우 의원은 현명하고 현명하고 현명한 국가에 변함없이 지지|||주진우 의원을 응원합니다|||아무리 소란스럽게도 에코만으로 국력 올바른 길에 서라.|||그냥 문현배와 톱의 무죄 판결한 녀석들..",1
ZPL2hBKWU9U,국민의 힘 중앙여성위원회 성명 발표 제2회 가맹,거절하고 수사를 받다|||장경태는 의원직을 내리고 석고대죄를 해라!|||장동혁. 멋지다. 정치인. 나가다,1
i69-o2TM_Q4,마이크를 준 다시 빼앗긴 부숴 작렬 원식? 에팩 폭삽한 나경원,"우원식 사퇴하라|||우원식의 자격을 잃고 사퇴한다.|||국회의 해산은 대답입니다.|||국회 해산|||원식 미친|||의장은 편향적인 거절|||우원식 국회의장 자격 박탈 사퇴하라|||대한민국의 입법사법 행정이 개판이다|||우위 원장 사태를하라.|||의장이란 중국에 곧바로 달려가서 그것을 말했다.|||맹렬한 원식 ㅉㅉ.. 인사하지 않았다고 끝까지 보복|||원식 중국 배는 중국에 가서 중립을 지키지 않는 의장은 무엇인가?|||국력당은 나경원이 없으면 누가 그렇게 열심히 싸울까?|||싸워야 합니다. 국력은 싸워야 합니다.|||그런 작자가 대한인국 개장의 부끄럽네요.|||합의가 없는 법안을 계속 상정한 의장이 가장 나쁜 놈이다|||나경원 의원은 최선을 다하십시오.|||우원식 의장ㅡ,,,,|||우윈식 국회의장 미달 30회 탄핵한 더블 덤프 안무치|||향후 의장이라는 인간을 치우친 사람은 절대로 되지 않는다는 것, 국민이 잘 본 사례처럼! 중립적인 척해야 합니다.|||나경원 의원 잘 부탁드립니다|||국민은 이 국회를 보고 싶지 않습니다.|||나경원 의원 전투.",1
HbrmxpWeOi0,김건희가 귀찮은 건강진단사,"Title Top Good Shoot 92회 전 대통령을 만들었습니다! 김건희 옛 연인이 여기에 숨어 ​​있었다고? 현장 탐사! 을 클릭하면 본편을 볼 수 있습니다.|||얼마나 애매하다면 머리로 만사를 판단할 수 없고, 점과 무려에 의존하는가ㅉ|||정말로 주술에 미친 정부지만, 윤게인하는 인간은 생각이 있는 거야?|||공진의 역할은 최승실의 역할입니다.|||능력도 할 수 없는 것이 권력인 것을 잡기 때문에, 천 지구분도 할 수 없습니다.|||한심하지..|||무속에 빠지다|||모든 것을 주술|||나는 죄가 많기 때문에 항상 불안했던 것 같습니다.|||Ji는 무당!|||한 문재인을 통해 중앙지검장검찰총장에 앉았다.|||불이 타오르는가? 그런 생각을 했다. ? 그래서 여러 곳에서 동시 속에 불을 붙였다고 생각합니다.|||두 번째 박근혜였나? 강진은 순실했다.|||열린 공감 TV 쿠팡 플레이 신명 영화에 김강희 아이덴티티 스토리가 모두 망가졌다! 12.3 내란은 현대에 왜 일어났는가? 왜 국민은 또 한겨울에 거리에서 윤소열의 탄핵을 외쳤는가? 아직 국민은 모른다! 기록해야합니다! 우리 아이들을 위해.|||스토커입니다.",0
uZkna8AHcQU,김강희 15년의 구형은 시작일 뿐 무기징역이 될 수도 있다,연기 짱입니다.|||정형외과의 고동만으로도 압수수색해야 한다|||쇼 쇼 쇼 김 가니는 소름 끼치다.|||패턴이 반드시 숨겨진 보물 상자를 뒤집어야합니다.|||무기 징역이 아닙니다.|||마지막 구형 마약 사건까지 관여하면 무기 징역입니다.|||그런데 무당 한마리가 눈썹 사이에 인상이니까 시원하네ㅋㅋ|||원시 쇼를 하면 죄가 숨겨져 있는 것은 아닙니다.|||그러므로 모든 것은 주술 행위에만 보입니다.|||적어도 최승실은 받습니다.|||15년 논의할 여지가 없다|||당 대표로부터 극우 적지만 국력당은 해산시켜야 !!!!|||10억년 만에|||잘못된 김근희는 결코 속이지 마세요.|||ㅎㅎ 그때가 좋았는데 전용 기타로 놀러 갈 때가 좋았어 걍 죽을 때까지 빵으로 살아|||무기가 나와야 합니다.|||그것은 사지 않는다는 것을 알고 있습니까?|||무기 징역 갈랏에 비해 약|||사형도 과분|||그것은 누가 보더라도 완전히 보입니다.|||눈이 힘이 잔득 들어가 있는 것이 살이 그렇게 많기 때문에 지모지리 앞서 내란들 저지르고...|||사형의 대답|||불법으로 모인 모든 재산을 몰수|||무기 징역 사형|||15년은 너무 싸다 최하무기징역재산 몰수,0
0dnc2UUAbjw,"일주일 하루를 보는 내란당 20대 전반 박스권 지지율 내란 1년, 이재명 대한민국 역대급 지도자",국력의 특징. 지지율은 ㅈ밥인데 득표율은 40을 넘는다는 것.|||서석고! 싸움,0
UWQWl4p_J2s,내란죄는 면책을 제외하고 내란재판부의 다음주 통과한다.,"준비된 대통령은 이재명 최고입니다.|||이재명 대통령은 정말 최고입니다.|||애국자의 눈물이 있고 사랑합니다.|||은국민이 주인인 잼통령이 살아|||국력 내란범은 한국 한국 국민이 심판한다|||문진석도 거절한다. CB.|||인사청탁은 주도도 받지 말아 주세요! 적폐언론이나 나라 짐단에서 하나만 노리고 있는데 조심해야 했다.|||대구시민도 대한민국의 국민을 확인합니다.|||검사, 판명에 대한 영장은 국민심의의가 영장 발부하도록 합시다… 검사, 판명영장은 지금까지 본 것처럼 모든 것이 기각입니다.|||국방도 경제도 평화도 이재명 대통령 민주당 만세|||김강희도 내란 관계자로 처벌해야|||문진석은 왜 책임을 지는가? 거절해야한다고 생각합니다.|||김병기 문진석도 징계가 필요합니다.|||내란죄는 진짜 대국민 살인 미수 사건입니다!|||내란범을 용서해서는 안 된다는 것을 정말로 믿어도 될까요? 내란범 윤석열과 김강희 그리고 내란을 동조한 인간들 모두 종신형을 시켜야 하며 절대로 용면을 해서는 안 됩니다. 특히 국력당은 내란을 동조한 인간임을 국민은 명심해야 한다. 국력당은 영원히 사라지지 않으면 나라가 정상이 될 것이다.|||애국 시민을 존경합니다|||군사반란동조세력 조희대청 대엽이 전국 법원장 모의회 중 하나인|||내란재판부 반대라는 국무당은 본인들이 가담하고 있을까? 조희대가 본인들의 손을 뻗는 데 가깝지만, 내란재판부가 가능하면 지들에게 불리니까. 이권당원.|||내란죄는 사형법원이 필요|||역적 질을 한다. 발각이 되거나 실패하거나 하면. 삼족을. 멸망해야 합니다. 만약. 쿠데타가 성공하면. 대한민국이라고 한다. 나라와 국민은 어때. 되었는가. 자명한 일입니다. 정두환도. 슬로프를. 해주면. 안 되었어요 이번에는. 쿠데타는. 슬로프가. 없다고 한다. 이보기를. 봐야 할 김강회도. 사면 역사적으로 또한. 반복될 수 있습니다|||박수|||이재명 대통령의 경호를 철저히. 제발. 특별 경계하십시오. 보호자의 애국 시민에게 감사합니다. 존경|||조국이노베이션당 오늘 오전 기자회견에서 대법원에서 내란특별재판 위헌소지에 브레이크 헌재에 심판청구에 대해 논의해야 합니다.|||내란 재판부를 연초에 해 버리면 무엇이 되지 않을까? 민주당 정국주도 하는 것은 정말 하지 않는다. 국민이 쌓여 어떠한 폭발 상태가 되면 곧 나와 민기함.|||김남국 의원은 정치가로 크기에 한계가 재확인된 것 같습니다. 최강욱 의원도 말을 신경쓰지 않고.",0
DpTXQiRkmQ0,또 한 해가 지나면서 더 생생해진 내란의 밤,민현배 의원. 기뻐요. 우리. 모두. 잘 살아. 위자. 힘들지만. 이미 싸워주세요.|||내란계엄 이후 부끄러움에 정신 없이 시간이 흐른 것을 지금 와야 조금 섬뜩하고 무섭다. 87년 6월 항쟁을 전신으로 경험한 세대로서 치욕감과 분노로 떨린다. 무지하고 희미하고 악랄한 물 덩어리와 요괴를 반드시 응시하자!!!!,0
nzXovU5q6r8,PD 수첩 10분 컷 돌진한 12.3 비상계엄 타임라인을 정밀 분석한다 2025년 12월 2일 방송,"대통령 선거 때 전철 앞석에 신발을 올릴 때부터 비상식적인 인간이라고 생각했다.|||그 날, 국회에 달려 주신 여러분, 국회에 계신 여러분 감사합니다!|||내란의 가담자 모두를 처벌|||이날 생방송에서 보는데 쵸퍼를 열고 국회 단전시켜 계엄해제 불발로 갈까 생각해 진짜 조마조마했다!|||계엄의 밤 국회에 달린 국민들…|||정말 아팠다 제대로 내란세력 척하고 제대로 처벌해야 한다|||내란죄에 살 수 없다는 것을 꼭 이번 기회에 일벌백계에서 보여야 합니다.|||언제나 중국이 쿠데타 난나였고, 한국이 내란이 일어난다고 누가 생각했는가?|||아파요! 그런 바보 같은 녀석 때문에 어둠의 신경이 쓰여 버렸습니다.|||정말로 거기에 있던 모든 사람에게 정말로 말해 주셔서 감사합니다.|||아직 가슴이 떨고 있습니다.|||정말 소름 끼치고 심한 어떻게 그런 사람을 뽑았는지 정말 불쌍하다|||그래도 살면 법정에 들어가는 것이 정말 매우 보기 쉽습니다.|||척추가 시원한 느낌이 듭니다.|||온몸으로 막아주신 분들께 깊이 감사드립니다|||불법 긴급계엄|||또 보고, 또 보고, 또 보고 되돌아봐야 합니다. 눈물이 나오네요.|||정말 잘 만든 프로 이번에는 매우 좋았습니다.|||정말 끔찍한 밤...|||사형을 구형으로 해야 한다. 종신형도 아쉽다!|||봐도 봐도 심장 떨리고 다시 죽고 집행하면 좋다|||반세기여기의 기간 동안 계엄이 도대체 몇 번 일어나는가? 얼마나 대한민국에 시스템이 재미있었다면 이랬던 이번에는 반드시 철저히 정리해야 하는 사형제도가 사실상 폐지됐다는 것을 알고 있지만, 본 예에서 이번만은 사형시켜야 한다|||떨려 보이지 않습니다.|||지금 생각해도 아프다. 하늘이 도왔던 것이다.|||보좌관 시민에게 감사드립니다 ㅜㅜ",0
gV8fcBwHMME,신속한 sPeeD 수첩 긴급 해방 요구 결의안이 통과 될 때까지의 위기,"내란에 동조한다는 경찰을 조사하고 법으로 처벌|||끔찍한 내란 외위 그 죄를 피 눈물을 흘리도록 엄벌해야 합니다.|||지금 봐도 간이가 커집니다. 정말 그 국회에 있던 국민을 다시 만나요. 그리고 그들의 이름 한자 한자를 3.1 운동한 애국자들처럼 어딘가에 써 기록해 주었으면 합니다. 대단한 국민들입니다.|||결과 알고 지금 봐도 육진한다.|||독일은 나치 청산 시스템을 정돈하는데 80년 걸렸다고 합니다. 우리도 내 뿌리를 뽑을 때까지 지쳐서는 안됩니다.|||오, 눈물을 내는 국회 직원, 보좌관, 시민들을 지켜주셔서 감사합니다.|||정말 80년대인가 이것은 나라가 아니라 개판이다|||지금 봐도 그때의 상황을 보면 피투성이의 위기를 보여주는 모습|||내란당을 해산시켜야 한다|||내란범과 부역자와 옹호자와 지켜주는 법조인까지 모두 잡아 국민을 죽이는 자들이다|||진짜 총선이 되어 국력당 의원이 다수라면 무섭다|||그날 추운 새벽… 죽을 수 있지만 국회에 갔던 모든 시민들에게 진심으로 감사드립니다.|||서울대 졸업했다고 전혀 스마트하지 않다는 것이 증명된 것 같다.|||진짜 소중한 날이었다. 존나 무서운|||의문이 있을 때는 생각하지 말고, 단지 민주주의를 위해서! 로 외치고 당신의 문제에 무작위로 달리십시오.|||보좌진 여러분, 정말로 감사합니다!|||거기에 있던 시민의 심정은 어땠습니까? 봐도 가슴이 아파서 고맙다.|||이상현은 국조에서 억울하다고 울고 있었지만 연기였지만|||그때 달려와 계엄군을 막아준 시민들에게 정말 감사합니다.|||생각할 정도로 끔찍한|||아니오 2024년에 어떤 비상계엄인가.|||계엄을 위해 누가 부상을 당했는지 하는 사람들에게 듣고 싶다 너희들은 내란 실패가 아쉽겠지만 대부분의 국민은 정신적으로 심각한 외상을 입었다.|||우리는 국회 버스에 들어갔고, 버스만 기다리고 있었다.|||내란 반란 외환 죄 사면 추첨은 절대로해서는 안됩니다.|||여러분 아직 끝난 것은 아닙니다. 내란에 동조한 인간들의 끝까지 모든 것을 잡고 처벌하고 다시 이런 일이 없도록 뿌리를 내려야 합니다!",0
deE13QL9g1g,무속 논란의 윤석열 전 대통령을 보수 개신교가 지지하는 이유 PD수첩,"교회에서 윤석열을 찬양하는 사람들을 보면 정신이 아닌 성경 구절을 사용하여 탄압하는 사람들을 튀기는 것도 부끄러워합니다.|||돈을 버는 수단으로 사용하는 방법|||와우 .. 별에 모든 것이 있습니다.|||자신들이 팬스를 믿는 만큼, 하나님은 팬스의 기분을 보고 있는 것은 굉장한 존재가 되는 것을 알 수 있을까.|||종교에 관계없이 진정한 국민을 위해 일하는 사람을 선택하십시오. 국민에게 총구를 향하는 사람을 선택하지 마십시오.|||음.....꿈보다 헤몬인 것 같은......성경의 의미를 바르게 해석하면 윤석열이 악마임을 곧바로 조사해야 한다... 목사가 악마와 손을 잡는다? 정광훈은 성경을 읽을까?|||사이비가 단번에 다릅니다. 일부만 수수함에 맞게 해석하고 이득을 보거나 사회해를 미치면 딱 사이비임. 협회가 인정할 필요는 없습니다.|||정치적 이익을 우선하는 것이 진정한 신앙인지 의심스럽다.|||미국의 극우들이 국회 점령하고 난동하는 것과 MAGA, 그리고 트럼프 아게인을 고대에 따라잡았는데 계엄까지 했지만, 한국 국민이 무지하지 않고 농담하지 않고 막은 것이다|||코에 걸면 코걸이 귀에 걸면 귀걸이..|||욕심입니다. 어떤 고레스 왕에게|||개신교는 엔비 이후 완전히 깨졌습니다. 그 이전의 개신교는 그래도 어느 정도 선이 있었지만, 엔비 때 시정잡배가 들어와 분쇄되었다. 과거 개신교에 이번에 일어났다면 전부 가지고 일어났을 것이다.|||쟈네는 돈에 따라 움직이는 집단인 한마디로 기업이며, 하나의 이익 집단|||윤석열 탄핵소 추안이 지나 서울시내 대교회 목사들이 교사들에게 좌파 연예인들 CIA에 신고하라고 목소리를 냈지만 wwww|||그냥 쉽게 말하지 않습니다 ... 돈과 권력을 위해 야합했다! 돈과 권력을 위해서라면 악마와도 잡는다!|||이쪽도 보수 개신교라고는 말하지 않고, 기득권 패배 질교 집단이라고 말하지 않으면 맞도록(듯이)|||사이비는 탄압해야 하는 종교 탄압이 아닙니다.|||정치 개입하는 극우 개신교 교회도 해산 대상입니다.|||김 디모데 목사의 말대로 생각하는 것이 맞습니다. 그러나 결정적으로 그렇게 해서 교수는 오히려 줄어든다고 생각하지 않는다. 이때까지 그렇게 멀리 보는 집단이 아니었다.|||개신교는 거의 미친 지역이지만, 과거에 매우 썩었던 가톨릭교를 개혁하기 위해 일어난 것은 개신교입니다.|||대한민국의 기독교는 더 이상 종교가 아닌 청산의 대상이 된 지 오래|||교회는 구원받은 성도들의 모임입니다. 목사의 눈을 멀게하지 마십시오. 성도들의 무리가 깨어나라.|||우리 나라에서 진짜 개신교는 무엇입니까?|||기독교가 무속을 받아들이면,|||박근혜 추종하고 윤석열을 추종하는 아이러니. 박근혜 정치적 생명을 마친 게 윤석열과 한동훈이다.",0
Xn7FopaqP8c,W 디펜스 31 폭증…,"중국 무기를 사는 것은 국방 정보를 건네주거나, 아니면 변하지 않는 중국 무기도 원격 조작 가능하다고 생각합니다.|||중국산 제품은 정보를 빠지는 것이 위험하다.|||정신이라면 절대로 중국 무기를 살 수 없습니다.|||백도어 전문 중공물|||중국은 군용 차량조차 미국 붓… 주체성이 없는 것 같다.|||모든 엔진 룸에서 감시 팁 또는 똥|||맹목적인 로켓의 파급력이 이렇게 크기 때문에 고인물은 썩어 버리므로 공산당 독재에 의한 권력의 집중은 부정부패가 지속될 수밖에 없다|||친미에 반하는 나라는 흥분하고, 한편, 친중, 친로, 부모라고 하면 망한다.",1
NlYM11BpyVA,히가시카와 구역 해제설에 시장 동요 확산 풍선 효과 우려 머니데이 방송 뉴스,"모두 풀어 놓고 몇 년 안에, 다만 남겨두었다.|||거시적으로 부동산ㅣ안정화방법 시장금리보다 0.5 1가산 10. 전세대출 폐지 누구보다 ㅜ 사랑합니다.|||결론적으로 흐트러져도 계속 올라간다는 것은 국회 인사 청문회 보라 위장 전입.|||생각 없이 정책을 세우면 국민만이 힘들다|||좌파 정권만 들어가면 이 소란이 된다. 왜 몇번이나 찍어주는 것인가.",1
B-nZvqbozNs,김강희 영혼까지 끌어당긴 전략 실패! 결국 무너진 황영실 신현영 박수빈,"그 물건은 사형이나 보석이 없는 종신형. 장난? 15년? LOL|||머리카락의 보일러는 반드시 숨어 있습니다. 윤상현. 원희령 등. 부역자들. 철저히 조사하기|||ㅡㅡㅡ 김강희ㅡㅡㅡ 마약 밀수대 사건은 덮여 있는가? 국민을 중독자로 만들려는 10회 사형의 범죄|||약도 덮어야 한다|||지금의 선고는 조족 지혈입니다.|||줄리 재판은 계속해야 하고 줄리 특검은 1년 정도 연장해야 하는 것 같다.|||약물도|||김강희 마약수사는 왜 안 하는지 그것도 봐줄까 ㅉㅉ|||이들을 빨리 제거하지 않으면 나라가 정상적으로! 권력과 돈에 미쳐 지랄 발광해 거짓말로 국민을 선동하는 국력당 의원들과 전한 길 김세의 정광훈 등에 저질 언론들과 소수의 나쁜 검사판사 변호사들, 많은 무사인 일무위도식 민주당 의원들로 정권놀이는 잊어라. 일을 해주세요.|||조선시대의 장사도 별로 하지 않네요 격이 낮은 상인도 우에시마가 있어 격식이 있는데. 그것은 돌. ...|||윤과 김을 완전히 그 승자에게 건네주면 가장 완벽한 벌이 될 것 같다.|||그런 사람의 사악함도 고칠 수 있을까?|||아무것도없는 볼케이노 텐 프로 줄리입니다.|||상상초월정권|||마약 빌리 철저히 수사하라|||아직 최종이 아니지만 2월 월에 최종 나오는 다드만 15년에 중반이라면 7년 살겠지만 얼굴이 걱정이다 주사할 수 없다|||무엇이 김건희씨? 부르지 말고|||윤상현은 무엇이 대단하나요 김근희는 윤석열의. 위에 있습니다.",0
Cc-Q29yvhOo,"조진은 논란의 정치권 확산 이재명 대통령과의 인연, 야당 공세뉴스 인사인 조진은 소년범 이재명 연예계 쇼트","소년범들의 희망의 상징이라면 매국 녀석이 독립유공자로 변신하도록, 변신하고 성공한다고 해서 용서가 되면… 그럼 돈의 많은 범죄자들은 ​​모두 탈출할 것이다|||조희대가 입건되어 특별재판부가 진행되면 연예계 폭로가 일어난다. . . 왜 갑자기 연예인 사건이 넘치는가? ? 동시에 3명. . 박나레의 조세호, 조진은, . https youtube.com shorts zIzgna3dHVs?si LDhMPCdJeupEGWuO|||조두순이 윤석열 나쁘다면 민주당 국회의원이 돼 내년 광복절 행사에 나설 것이다. 피해자가 국력 지탱되면, 당연히 싸기 때문에. 범죄를 진영 논리로서 옹호할까?|||이 잼은 조진원의 과거를 알고 있었나요? 더러운 자들이 땅이 정의처럼 비난하는 것은 싫다. 하지만 조진은을 옹호하지 마세요. 엄격히 피해자가 있다. 정의의 척하는 사람은 당신을 봐야 했던 희생자가 당신이나 당신의 딸이라고 생각한다. 대중의 사랑을 먹고 사는 연예인이 하지 않고 조용히 살아야 한다. 또 조국이나 강성우도 정치권에서 조금 사라져 주세요. 민주진영에 해가 될 뿐이다. 조진은이 조국이나 강성우보다 훨씬 우수하다.|||두번째 이성균 또한 만듭니다. 연예인은 무엇이 문제를 일으킬 때마다 커버 용입니까? 국력, 송범규 대변인 만섹하락판 사건 등 두 번째 이성균은 만들지 않는다|||이들은 조작을 해도 몇 명 죽는 것이 기쁩니다.|||이상한… 퍼졌는지, 퍼지는…|||이기인 사무총장의 말씀에 공감이군요. 같은 진영이라면 이런 강력한 범죄자도 옹호하는 민주당 의원들은 더 이상 정치해서는 안 됩니다.|||조진은 배우님을 응원합니다. 정면 돌파|||지지원도 좋지 않다.",2
DtGlq3BVt7s,흑백 논리 진영 논리에서 벗어나지 않으면 국민 통합 가능하고 요인인 국회의원 사퇴 기자 회견 국민의 힘,"망설이기 때문에|||잘 생각했다.|||거절하라. 입에서 헌신과 같은 소리를 내지 마라.|||지금도 곧 잡으시겠습니까?|||이상한 녀석 하나 사라지지 마라!|||아이를 자르고 즉시 떠난다.|||부끄러운 당신은 이미 권력을 탐험하는 걸음으로 집의 명예를 더럽혔다. 하늘에 계신 내 조상들이 한탄하고 계실 것이다.|||그동안 국회의원으로 세금을 받고 국민. 국가를 위해 무엇을 했습니까?|||본업도 내려주세요!|||잘했다! 더러운 물에서 나오는 것이 천만 행운입니다!|||잘 작동했습니다.|||국력은 조금 모방하고 사퇴한다|||그때 먹고 아직 윤가와 그 한당의 국적실체를 모르는 거야|||당신의 비례 대표 여자? 내리면 다른 놈이 하려고 당 지도부에서 쫓아내는 것인가?|||그냥 미국에 가서 낭비로 국민세를 웃지 마십시오.|||윤석열 때,|||간다!|||그냥 모두 떨어졌다?|||도망칠까? ㅋㅋㅋㅋㅋㅋㅋㅋㅋㅋㅋㅋ|||잘자.|||조금이라도 민주라는 말에 관심이 있다고 생각했습니다. 민주와 정의의 과정 ............|||무언가를 깨달은 적이 있습니까? 박근혜나 윤석열 같은 인간을 따르고 당신의 조상의 헌신에 지친 과오는 진심으로 반성해야 하는 것처럼......|||빨리 거절하고 죄가 있기 때문에 조사를 받으십시오.",0
o0UedFdicts,부끄러워하는 목소리에 변호인들의 사시미 떨리는 공포에 질려… KNN,"번거롭고 증언 거부 wwww 역사에 남는다|||빨리 구찌소에 잡아라!|||좋아요. 부끄러워하는 두 사람은 빨리 집행하고 구치소에 두어야합니까?|||지경은 정말...이벤트 진행자가 아니다...|||감정입니다.|||단지 말로 말한 변호는 정상적인 논리를 가진 사람은 절대로 할 수 없다|||개조 가튼 재판 아사리판 재판, 이것이 내란 재판 당해 보면 볼수록 혈압 잘못된다|||사과하게 될까? 감정명령을 잘 받|||법정의 분위기는 좋습니까? 이왕이라면 전에 치맥도 두고 진행하면 분위기보다 좋아지지 않을까?|||반상회가 아닌가요?|||이건 재판인지 시골집 흥정인가|||이하상은 목소리도 하극상이다.|||아니요, 쟈넬은 왜 법정에 나오나요? 판사가 부끄러워하는 구치소를 들여다 보지 않아?|||사시미 나무를 말하는 것은 소름 끼치다.|||저는 모질리를 변호인으로 쓰는 김용현도 정말 웃음입니다.|||바닥판이 개판|||국민이 티부이에서 모두 본 대 니들이 사시미 나무처럼 떨어진다? 웃음|||지금 내란재판인 내란재판 국가가 전복될 것 같은 사건이다.|||왜 이렇게 웃으면서 앞으로 나아가는지, 지금 내 재판은 장난인가? 웃음이 나오나요? 엔|||곧,",0
obmMhxwdcmc,생선 잡골을 훔치는 손님에게 제공,"중국 소시지에서 치아가 나왔다…|||또한 중국이었습니다, 뉴스를 지배하는 중국인 ...|||사람의 입에 들어가는 음식으로 장난을 치면 천벌을받습니다.|||중국인이다|||차임이 충실한 나라를 꿈꾸는 나라",1
o19GqTLt8h4,발언 들었던 지규영 재판관을 뭘 봐.. 김용현 내란재판에서 어땠어?,"법원 사회는 잘 보입니다.|||뭐 꼭 재판이 이런 시트콤 일행은 전혀 몰랐던 이것이 진짜 그 신구씨가 나온 그 시트콤같아… 대단해…|||재판관이 피고인 변호사 측에게 용서를 구한다고 한다. ㅎㅎ 역무겁다.|||내란죄 재판인데 이것이 무엇을 하는가.|||뭐야! 서로 반성하는 시간인가? 내 재판은 매우 따뜻합니다.|||실제 내란 재판인가? 웃음이 오고 판사가 피의자에게 죄송합니다.|||변호사. 판사. 똑같이 살아. 이런 재판. 선견한다. 아직이다. 이것은 재판입니다.|||판사가 말을 멈추게 한다. 에구 정말로 정말 세상이 .. 마음이 막혀 있다. 정말 화기애|||변호사에게 지적되고 있는 재판장이란. ㅎ|||진짜 화기애애 변호사가 혼인하는 교육을 시킨 이 조직 무엇?|||재판이 아니라 개판입니다.|||이 장면이 널리 공유됨|||눈을 뜨고 볼 수 없습니다.|||재판장이 혼란|||나는 분노를 사랑한다.|||뭐하고 있니? 아니, 정말|||어떤 가정 법원 가족 사건 합의 조정하는 것 같네요. 도대체 무슨 재판을 하고 싶은 것인가…|||그래서 전임 법원이 필요합니다.|||동네 마을 회관에서 친목회를 하고 있는 것 같습니다.|||귀찮다는 말이 아무 생각 없이 나오는 것일까? 그것은 반드시 해야 한다는 말입니다.|||와우... 정말 내 형사 재판이었어? 일반 형사 재판도 이렇게 하지 않는다!|||지금 무엇을 보고 있나요? 나는 재판을 보러 왔지만 여기가 아닌가?|||이상상과 안경은 아직 느끼지 않았나요? ? ? ? ? ? ? ? ? 이나라법이 있습니까????????????????????????????????????????????|||2명의 변호사는 언제 감독할 것인가… 그리고 변호사 협회는 무엇을 하고 있는가…|||법정에서 검찰 측에 지적하면 확실히 그렇게 변호사도……ㅉ 감정도 부족하다.",0
29L-DQHq3kc,말을 하지마 변호사…,"구독과 좋아하는 JTV 뉴스를 응원해 주셔서 감사합니다.|||다음 감정은 언제입니까? 전 국민이 감독 명령을 전부 보았는데, 이것이 말이 되나요? 대법원이 웃고 있는 개회장입니까?|||재판장이 정리할 수 있습니까? 맞습니다. 정리하라고 재판장이 존재하는 것입니다. 사회를 보는 것이 아닙니다 ...|||변호인의 자격을 빼앗는다.|||특검. 검사 최선을 다하십시오 국가가보고 있습니다 국가를 위해 최선을 다하십시오|||지귀연 재판부. 질을 당기고|||재판지휘하면 재판사회를......ㅎ|||하루라도 빨리 감정을 추구하세요.|||검사자들은 강하게 나와야 합니다.|||사실. 보고 싶지 않아. 그 변호사는 나오지 않는다.|||더 이상 당신은 판사가 아닙니다.|||진짜 재판관이 무엇을 하고 있는지 재판이 개판이 되었는가.|||시플 대단한 나라다. 계엄에 관여하는 자들을 처단하는 쪽으로 변호인단이 더 화내면서 신경질을 낸다? 이게 맞습니까? 지금은 제대로 된 나라에 살고 있습니까?|||이하 위, 재판관의 재판 지휘와… 손가락 연참인의 재판 과정|||저인 판사 자격이 없는 변호사가 판사의 자기보다 우수하다고 스스로 인정|||기본이 되지 않는 변호사를 부르고 있으므로, 레벨이 낮은 재판은 되지 않습니다.|||판사는 허무하기 때문에 재판은 열려 있습니다.|||검사를 응원하는 날이 올 것이다… 김용현 변호인단 정말 대단하다.|||판사가 왔기 때문에 김용현 변호사들이 그런 식으로 나온다.|||할아버지. 잠깐. 재판관인 것 같다. 이하, 그런 인간은 조금 일찍 부끄럽다.|||판사는 문제입니다.|||아, 정말 무서워서 성가신다고 판단해요.|||다른 사건도 판사가 그렇게 어른인가? 변호사는 원래 그것을 했어?|||이상상은 자신이 말하는 것이 정답이다. 그것을 어떤 말이라도 재제조할 수 없는 지경은 재판관이지!|||진정한 판사의 역할이 얼마나 중요한지 알 수 있습니다.",1
dkSSKJjCfHE,"풀 영상, 국무회의, 12월 9일, 국가는 소수권력자의 것이 아니다…","구독과 좋아하는 JTV 뉴스를 응원해 주셔서 감사합니다.|||확실하고 확실히 진행하는 국정회의 진짜 듣는 것만으로도 의욕과 힘이 있습니다|||행정천재, 경제천재, 외교천재, 커뮤니케이션 천재 이재명 대통령은 훌륭합니다.|||그렇습니다 잘못된 것은 반드시 속전속결 종식시켜 국을 바로 세워야 합니다 이재명 대통령님과 여당 분들에게 그 모든 일을 잘 땀 것 진심으로 감사드립니다|||어떤 드라마보다 국무회의가 재미있습니다. 신뢰성과 투명성을 보여주고 있다고 생각합니다.|||정말 흥미 롭습니다. 국무 회의가 재미 있고 배울 수 있으며, 나라의 살고기가 내용을 알고 일석 산조 이상 와서 매우 재미있었습니다. 고마워요.|||국무회의 귀귀 푹 옵니다 대통령님 잘 선택하기 때문에 마음도. 든든해요!|||최저 임금과 비정규직에 대한 대통령의 생각과 제안, 정말 멋지다! 이렇게 세세하고 정의가 있고 가슴이 풍부한 대통령이 지금 우리의 대통령인 것이 정말 고마워요!|||우리 정부 장관은 일하고 있습니다.|||국민만 생각하는 이재명 대통령에게 감사드립니다|||이재명 정부 덕분에 든든하다.|||민주들에게 보건복지와 보건행정이 아직도 매우 형식적입니다 실용적인 보건복지, 보건행정이 되기를 바랍니다.|||대통령님의 이야기를 듣기 때문에 최저임금 당연한 일로 받았습니다만, 생각의 발상이 다릅니다군요 대통령님은 이 나라를 살려고 오시는 분입니다.|||우리 잼 대통령은 최고입니다. 감사합니다|||이렇게 오픈하여 국무회의를 해보면 각 부장관님과 공무원 분들이 열심히 할 수밖에 없는 시스템인 것 같습니다. 열심히 우리 대통령 장관에게 든든하다. 응원합니다. 자랑스럽다|||이런 국무회의 훌륭한 송장님, 국무위원님, 대통령님 모두 존경합니다. 감사합니다|||이재명 대통령도 충분히 정부 고용을 창출 가능한 부분에서 해주셔서 감사합니다|||종교가 정치적 발언해서는 안 됩니다.|||11개월 계약 이런 민감한 이야기를 곧바로 실시하는 이잼 대통령 존경합니다.|||세계에 이런 대통령이 있습니까? 우리 국민의 축복입니다.|||이 나라는 소수의 권력자의 것이 아니라 국민의 것이며 개혁을 하라!|||모두에게 정중한 대통령 감동입니다.|||진대한국은 글로벌 기업이다. 우리의 K푸드 K그 외의 상품의 모양에 대한 다양한 대응을 하는 것도 정말 인상적이다. K푸드 K그 외 상품의 생산 수출 지원을 원하기 위해서는 공무원이 부족한 것 같다. 공무원을 더 증원해야 한다. 신뢰할 수 있는 진정한 한국 공무원 파이팅!!!! 또한 공무원이 공정한 유통, 공정한 상품 개발도 더 해 주었으면 한다. 진대한국은 글로벌 기업이다. 언젠가는 국내 기업이 정부 서비스와 경쟁하는 모습을 보고 싶다.|||내란, 조작, 약, 폭력, 위증, 사기, 사이비, 친일은 자비없는 처벌입니다! 전재산 몰수, 100억 100조 벌금, 100년 징역 강제 집행해야 한다!|||진정한 국민을 위한 이재명 대통령 최고",0
VipCoJargfo,유재석 결국 ..,"화장품을 만들었습니다! 당신의 관심은 절대적으로 필요합니다. 1800 6475 홈페이지 https www.in min.com 카톡상담 http pf.kakao.com mRJlxb chat 인터넷TV 휴대폰 최대 98만원 주말 공휴일은 언제든 상담 가능! 반드시 필요한 플랜만! 1 1 사용자 정의 컨설팅 10 년 이상 운영 이유는 정직합니다 Since 2013 인터넷 민족|||지역은 누군가 정체를 밝혀야합니다.|||안보법의 해체를 덮도록|||지하 우지 지역을 덮는 의도가 아니다.|||세상은 내 귀가이며 언젠가 부메랑이 되어 자신에게 돌아오는 것이 사실입니다.|||이런 일이 이렇게 잘 드러나는데 김현지는 왜 짓밟을까?|||국가보안법|||국가보안법의 폐지|||국가보안법 폐지를 반드시 해야 하는가? 현지를 밝히기 전에|||ㅋㅋㅋㅋ 갑자기..한번 김현지|||비선실세 현지 누나를 덮기 위해|||나는 연인임을 알고 있지만,|||아이치 중지 김현지를 가리는 것은 어려운 일이 아니다.|||쓸데없는 인물이 여론을 일으키고 있다. 김현지, 장경태 이런 문제를 뜨겁게 만들려는 수작업이다. 우리는 이 끝까지 깨고 보도하고 국민에게 알려야 합니다.|||빈곤과 아첨이 실력이 아니라 진짜 실력이 실력이 되는 세계가 되어야 한다. 라드 카르텔 이제 끝.|||하차해야 ㅡ|||존엄 현지를 구하다|||폭발하는데? 이것은 현지 언니를 위해 폭발하는 것이 아닌가?|||김현지 문제의 화력이 부족한가? 유재석까지 던지면? 벌써 3명 나갔습니다만, 좀 더 있으면 왼쪽 이유, 좌우 비도 날아갑니다.|||이재유 재석 조세호를 들고 가는가?|||천안 삼성전자 앞에 빅준푸드 빅준프 데치게가 있습니다. 군서 폰트는 천안에도 2개의 지점을 가지고 있다.|||민주당이 정권을 잡으면|||연말에 판타지입니다.|||비선 진실은 아무것도 없는데 감옥이 있고, 현자는 진짜 실세조차 숨어 있다.|||이번과 연애들의 조작입니까? ?",1
N9dGbBACtH0,박지원 여배우 충격 노출,"화장품을 만들었습니다! 당신의 관심은 절대적으로 필요합니다. 1800 6475 홈페이지 https www.in min.com 카톡상담 http pf.kakao.com mRJlxb chat 인터넷TV 휴대폰 최대 98만원 주말 공휴일은 언제든 상담 가능! 반드시 필요한 플랜만! 1 1 사용자 정의 컨설팅 10 년 이상 운영 이유는 정직합니다 Since 2013 인터넷 민족|||여의도 쓰레기통을 바로 없애지 않으면 나라가 살고 있다.|||한국의 현 정부는 진지하게 마음이 강하고, 한국은 어떻게 될지 걱정입니다.|||노망이 아니라 정신과|||양심이 있으면 그렇게 짖지 않을 것이다.|||국가와 국민을 위해 할 수 없는 국회 국회의원 감소|||동대문구 민반성보다 부정선거!|||선거를 똑바로 교체해야 쓰레기 같은 공직자들을 밖으로 돌려 자유민주주의를 지키자|||송재중은 언제나 많다.|||대한민국 정상으로 돌아가려면 아직 멀었다|||국회의원들도 연령대 제한하고 있다.|||둘 때가 지났다. 그 승자는 무엇을 하는지,|||완전한 페기물은 진짜 성국장을 존경한다|||송재중의 혈압이 걱정입니다. 감사합니다.|||대한민국 국민 40은 눈을 감고 살아있다. 하나만 확인해도 부정선거가 확인되고 있지만, 그 자체도 믿으려고 하지 않는다.|||국회의원도 정연이 있어야 65까지 만기가 돼야|||하늘이 두려워하지 않을까 ㅉㅉ|||서연 다리도 못해|||이재명의 탄핵을 기원|||활용불가라면 폐기처분해야 할 것 국민이 바라는,|||그 놈을 뽑아 주는 놈들이 더 나쁜 놈들과 강하게 외치고 있습니다!|||송재중은 기뻐요.|||측은 지심불량 동정심에 유발|||감사합니다,,,,, 애국자입니다,,|||송재중. 응원합니다!",1
c2UyLbR8IZU,"인력이 끊어지면 나라를 멸망시키는 IMF의 소름 끼치는 경고, 곧 현실이 될 것입니다. 경제붕괴 이미 시작된 서동기 교수 3부","자세한 분석 데이터와 실시간 경제 투자 통찰력을 얻고 싶다면? 원피스 리포트 사이트 https han.gl nSxdh 원피스 리포트 포트룸 https han.gl Q7892|||한국은행 총재는 대책 없이 돈을 내는데 역동적으로 변하지 않습니다.|||찐 무서운 점은 그 가계 대출 통계에 전세 대출이 잡히지 않는다는 것입니다.|||주택가격을 부양하고 결국|||정부 관료들이 강남에 대부분의 집이 있는데 누가 집세를 떨어뜨리는 정책을 지불할까? 나라는 망쳐도 나만 돈이 있으면 좋은 사람이 대부분이다|||은행만 배반된 것. 예금 금리 인상 대출 금리 인하, 즉 가산 금리를 은행에 맡기지 말고 위와 같이 손을보십시오.|||장영아 조심해 지금 돈을 풀 때가 아니다|||이 나라는 정치인들이 제일 문제.|||정부의 강남 거주 기득권 발둔무라주 공생하는 바람에 나라는 불쌍했다.|||정답이군요. 그러나 정치인들은 욕을 먹고 싶지 않기 때문에 아무도하지 않습니다.|||ㅇ.|||가장 쉬운 것은 가계 부채를 줄이고, 그것은 금리 인상 금리가 맞으면 달러 1500 가는 것을 막을 수 있습니다|||고통이 있어도 금리 인상하면 끝나는 것을 부동산 저지하려고 죽어서는 안 되는데 무엇을 기대하는지|||구조 조정 실제로 일어나고 있습니다 ....|||현실을 정확하게 국가 부도 이외에 대안이 읍다 빨리 나와야|||이 분, 찐 전문가인 것 같습니다. 버릴 말은 없습니다.|||크게 구조조정할 수 없고 부동산의 거품을 빠지면 장기불황에 갈 것입니다. 힘들어도 금리 미국보다 올려야 한다. 한국운행총재도 현재 상황에 큰 역할을 하고 있다.|||정치인들이 땅만 살아간다는 도둑이다. 국회를 해산시켜 나라장에서 잡아야 한다.|||총재가 남은 임기 동안 계속 돈을 지불하겠다는 의지를 보여주고 있는데 어떻게 합니까?|||특히 생활물가는 거의 2배가 되었습니다.|||상급지가 아닌 곳의 아파트 가격이 22억이라는 것이 정상인가?|||일이 있는 것에 감사드립니다.|||가능한 대출을 모두 꺼내 집을 샀기 때문에 그렇습니다.|||미친 부동산 버블을 방치한 결과다|||경제는 무너지고 있지만 인위적인 높은 주가지수와 반도체만의 호황으로 경제 상황이 좋다고 착각해 놓고 있는 무능한 정부 때문에 서민들이 점점 어려울 수밖에 없다.",0
U7X6idHw3zY,"이재명이 결정하고 선택한 그 사람, 정체 알고 경악","어리석은 국민이 하루 일찍 일어나야 합니다.|||국가보안법의 폐지 절대 반대 무조건에 저지해야 합니다|||이죄명 탄핵!!!!탄핵!!!!|||이재명 빨리 구속하자|||김우철 감사원장 반대|||아, 제 조국입니다.|||국력은 똥 모여 감사원의 비결을 파고 막아야 합니다.|||방탄의 벽이 높을수록 파괴될 때의 충격은 더 큰 법이다!|||죄가 많기 때문에, 부득이하게 자신의 측의 골수를 감사원장에 앉게 할까?|||한마디로|||악마는 악마 행동을|||죄명이 신속하게 재판되고 인하되는 것이 정답|||김우철 감사 반대공산주의 몬스터나라|||이재명을 하루 빨리 재판을 받고 인출하지 않으면 나라가 살|||기가 차네요, 이재명을 꺼낼 수밖에 없습니다.|||북한처럼 배급돼 먹지 않으면 국민을 깨우려고 국민 전원이 깨어나야 하지만 너무 멀다 대한민국|||완전히 멈추지 마…|||악질적인 집합소는 누가 될 것인가? 한숨만 나온다|||마음대로 할거야.|||죄명 하루 빨리 탄핵시켜 구속시켜 나라의 개판이다|||정말 어려워진 자유민주주의가 멸망하는 이유는|||이들은 중립 과정은 머리에 전혀 없습니다.|||언젠가는 국민의 유혈사태 일어나야 하는 것 같습니다.|||이재명 진구진구르다 김현지 비성실세다 특검하라.|||나라는 정말 가정적입니다.",1
82iElNY-irE,이재명 등장하는 녹음은 무엇을 하는가?,"최고입니다 최고의 미디어|||이재명이 통일교를 해산시키겠다고 위협하는 이유를 알고 있는데,|||불의가 법이 될 때 국민저항은 의무가 된다|||그런데 이재명 재판을 재개하는 게 김현지 정진상, 김남준, 김용, 이석기,|||윤영호는 싹을 날리는 답이다...|||전혀 할 수 없었던 일은 해냈습니다. 역사적인 인물과 진정한 인간이 아닌 괴물입니다.|||검을 치는 것은 어렵습니다 ...|||나는 남부부의 끝에 왕을 찢어야 한다.|||여당을 보는 개특검 철수를 맞아야 합니다|||양파처럼 카드 드 나오는 범죄자 앞과 4 범의 사기꾼을 긴급 체포하라.|||이재명을 심판하십시오 이재명을 수사하십시오|||범죄자들은.|||민중기 고발 조치로 특검하라.|||모조를 잡아야 한다|||인과응보! 세계이다|||민중기 특검을 해체하고 민중기를 구속해야 한다.|||모르는 것을 가르쳐 주셔서 감사합니다.|||이재명은 어쨌든 끝이 없구나. 능력이 없으면 내려서 재판을 받고 따뜻한 빵에 가서...|||뉴스 감사합니다 싸움입니다|||갖고 싶은데 안 되니까 종교 탄압할까? 그리고 나머지 사람|||내란의 두두 이재명과 통일교의 불법자금 수수한 각료.|||이재명 이자를 탄핵시켜 재판을 시작하라. 그리고 좌파 더블어 민주당이 당을 해체하라.|||진실은 분명해진다!!!!|||3대 특검 부력자들 모두 구속 수사해야 합니다|||이재명이 통일교도 3명인 이정우에게 임명장을 주었다...",1
POmdw0KB_zw,민중기 특검 충격 실체!,환승합시다.|||폭탄이 되었다|||민준기|||특검하십시오 .... 민주당|||민중은 탄핵하고 특검해체하고 국력당이 지정한 특검수사단에서 구속수사하여 진실을 밝혀야 한다|||민준기 수사하세요!!!!!!|||민주당이 합류하면 적지 않다! 당신이 받으면 불법 내가 받으면 합법!|||민중을 규탄하다|||특별검이 아닌 기분으로 행동하는 특별단체,1
i2ePP4-Dd_s,"파문 이재명, 지금 긴급특명 내란재판부 설치 강행통일교 해산!! 조희대, 충격발언! 민주, 반란 사태 폭발!","이재명은 절대 대통령이 될 수 없다 빨리 꺼내야 한다|||이재명 정권은 정상이 아니다 반드시 꺼내야 한다|||이재명 빨리 처리하지 않으면 사법이산|||범죄자 전과 4범 대통령 국망상 세계적으로 부끄러운 사법부는 하루 빨리 범죄자 전과 4범 재판을 재개하라|||안보론은 언제나 응원|||이재명 지금은 그만하자는 정치에서 국민과 시험해볼까,|||범죄자 이재명이 본인을 살리려고 법치를 파괴하고 나라의 근간을 무너뜨리고 있다.|||이재명이 지금은 미쳤다.|||국보법 폐지 이 나라입니까? ㅡㅡㅡㅡㅡㅡ 입사법농단|||종교 자유를 없애? 고요함! 헐|||세계에서 가장 강력한 독재국가의 탄생|||찐 죄를 부탁드립니다.|||범죄인이, 살아남기 위해서(때문에) 발악을 하는, 국민들 전원 부담해, 범죄인혼 자살하면,,|||이미 종교까지 탄압한다는 것입니까?|||국민이 원치 않는 법을 만들지 않고 진정 국민이 원하는 법을 만들자 재판 피난 방탄법 국민은 징글|||나라가 무너지고 있다|||언제까지 계속 횡설수설해야 합니까?|||찐 죄의 사기|||권력도 지나면 망가진다. 이것은 현실화에 가깝습니까?|||역사는 진실을 말하는 미래가 걱정|||이제 믿고 돌아와 인내|||증인과 증거를 제거하겠습니까?|||국회·헌재내 난탈한다. 내란이 아닙니다. 윤통 파는 것 뿐이다. 특검, 수사 해산, 모두 해방하자. 핵심 선거. 국민을 보려면 단지 인연만. 내란확증은 3차 소추되지 않으면 내란범인 탄핵무효.|||법치 파괴!!|||놈이 죽을 때가 된 것 같습니다. 인민법원의 설치와 종교탄압은 정권을 멸하는 지름길이다.",1
CPF2ATk5fdk,"선관위 간부 2명, 드디어 검찰 성치, 민중기도 고발돼 오상종, 자유대한호국단장","부정선거의 외침은 오상종단장 국민영웅입니다.|||오상종 대표 같은 쪽이 국회에 들어가야 합니다.|||장동혁 대표를 따르지 않는 국력당 국견원은 무조건 떨어뜨려야 한다.|||노태악 특검 전국민이 일어나야 한다|||오상정단장 감사합니다|||배신자를 기억해 둔 지역 자유 우파 유권자가 낙선 운동합시다.|||우파는 얼굴이 잘 보였다.|||민중기, 반드시 감옥에 보내야 한다. 만연한 국력 배신자 고발하십시오|||그것은 진정한 애국자입니다.|||권엔진과 같은 인간이 국력당이기 때문에 민주당에 도움이 되는 인간이 왜 국력당에 있는지, 배현진 한동훈|||하늘도 잘해야합니다|||부정선거는 중공을 비롯해 미국도 일부 공화당 민주당이 또 정보기관까지 개입된 그 카르텔이 너무 커서 트럼프도 매우 고심하고 있기 때문에 부정선거에서 대권을 하는 자는 핀셋 제거를 하고 대통령선거는 전자개표가 아닌 수표로 시행해야 한다.|||범죄자 공화국이 된 국가 부정 선거에서 국회의원이되어 대통령이 된 국가|||오상종 파이팅|||오상종 단장! 감사합니다.|||파괴|||오상종 단장에게 고생하고 있습니다.|||자유대학원 지도자는 최소 40개 이상의 출마권을 부여해야 합니다.|||검사 판사의 나라를 위해 즉시 부정선거를 계시하십시오.|||선관위는 해체되어야한다. 너무 썩은 곳을 꺼내.|||감사합니다. 오상종 단장|||가족회사 선관위 부정선거 하루 빨리 밝혀질 것을 간절히 기도합니다|||단장 고생했습니다 오상정 단장|||한동훈 조경태 한지아김예지김용태 김재섭 배현진|||고상종 단장의 애국 활동을 적극적으로 지지하고 응원합니다.",1
zeJ6gmzZoYM,시스템 공학으로 계엄과 내란을 명확하게 해방했다,"나라를 위해 끝까지 최선을 다하십시오! 감사합니다.|||그러나 전 박사는 건강합니다. 나라의 헌신에 감사드립니다.|||대한민국 동원박사가 응원하고|||공학 박사! 건강한 모습을 보면 좋겠습니다!!!! 많은 고쵸를 쏘고 고생했습니다!!!! 추운 날씨를 건강하게 보내십시오!!!! 감사합니다!!!!!|||그러나 전 박사는 진정한 애국자입니다.|||전세계 부정선거에 사용되는 한국산 Aㅡwab에 대해 다루세요ㅡ 신속하게. 서둘러요.|||그러나 전 박사의 애국에 대한 충성에 진심으로 감사드립니다. 응원합니다|||내란은 범죄4범리죄명이 부정선거로 정권찬부했습니다. 리죄명은 내난수 덩어리입니다. 탄핵시켜 꺼내야 합니다. 범죄 4 범죄 죄 방제.|||수십 년이나 긴 탄압을 받고, 최근에는 긴 지붕까지 고령의 나이로 행해진 박사님! 당신은 내 인생의 롤 모델입니다. 존경합니다!|||자유 대한민국 애국자,|||민주당과 스파이 박성원과 국정원 동 횡령 한홍장원이 만든 내란조작죄, 윤 대통령은 내란을 한 것이 아니라 불순 분자에 대한 게옴 영계령이었다|||시스템 엔지니어링 박사의 건강을 배우는 박사|||내란은 이재명 민주당 100|||2분 확실히 정리하십시오.|||이진광은 친중 세판|||디 박사 정말 오랜만에 만나겠습니다!|||윤통은 최근까지도 518정신호 의무사와 다르지 않았다. 그러니까 최근까지의 정세 판단력에 대해 사과해야 한다. 부정선거, 의회독재에 대해 계엄을 선포한 것은 능숙했다. 무죄로 해방되는 것이 맞다. 이것이 땅박사의 생각이라고 생각한다.|||하지만 전 박사, 괜찮네요. 대단한 애국 수호의 상징인 이원 박사, 최근에는 이상하게 이지원 박사, 지기영 판사, 두 사람의 이름이 점점 연상된다.|||내 눈에 딱 맞는 사람들은, 그러나 원 박사, 그리고, 서울역에서 부정선거의 척을 하는 이름은 잘 기억할 수 없는 무슨 박사와, 진격의 변호사들…|||디 박사의 주장은 시스템이 망가졌을 때 예.|||무엇이 어렵게 분석됩니까? 혼란스러워? 계엄은 대통령 기본 임무인데… 자신의 일을 했다고 내란인가. 일을 할 수 없었던 것이 내란이군요.|||알림 오늘 밤 11시 논 썰매 TV에서 우파끼리의 토론 생중계. 대히트 할 것이다. 시청자 수와 채팅. 조청재 고대경영학과 대난포. 참고로 저는 초천재가 최고의 우파 브레인이라고 생각합니다|||그러나 전 박사는 진정한 애국자입니다.",1
Q4mjY68d_8w,트럼프가 베네수엘라와 한국에 대해 같은 날 행동으로 옮겼다.,"트럼프 대통령에게 경의를 표한다 한국에도 상륙|||미국과 한국은 혈맹이다.|||한국의 부정선거 카르텔들의 한때에, 척추의 끝까지 응집해야 한다!|||ㅡ 곧 대한민국도 정상국으로서 세계의 지위가 될 수 있습니다|||트럼프 타본|||베네수엘라를 수령하고 스마트 매틱, 선관위 서버에 관한 자료를 확보하기를 바랍니다.|||듣는 동안 나는 기쁜 소식입니다.|||트럼프 파이팅 한국으로 이동|||계엄이 끝난 후 한국 군인들에게 스파이가 많다는 것이 밝혀졌다.|||하루 빨리 움직여 주시는 가슴이 장대해진다!!!!!! 트럼프 대통령 파이팅!!!!!!|||트럼프 대통령. 건강하고 대한민국을 돕고 언제나 파이팅|||파괴|||트럼프 파이팅|||토톤은 최고의 칭찬|||누구의 압력으로. 출입했는지 한 장이 조사해 엄벌하라 버려라. 그리고 미국에서 엄격하게 해야|||토톤님! 이른 날에도 빨리 오세요.|||1기 정부 때 알고 보낸 트럼프 대통령님! 글쎄, 자유 민주주의의 나라에 오세요!|||트럼프 대통령의 파이팅을 응원합니다.|||부패 정권 공산주의자는 언제 처분합니까?|||이미 대한민국은 누군가의 도움 없이는 정상화할 수 없다.|||군사 돌입 항공기를 띄웠다.|||한국에 부정적인 선거를 알려주세요.|||프레지던트 트럼프! 파이팅!!! 진실이 이긴다! 하나님이 함께 있습니다!|||트럼프처럼 강하게 지지합니다. 우리나라도 악의 무리들의 손을 보세요.|||하루 빨리 꺼내야",1
DR1qZMZf8R4,내란특검증거조작을 꺼낸 위현석 변호사,"조작 특검을 특검하고 엄중한 처벌을 해야 합니다.|||뒤집어 평범한 사회로 이끌어가야 합니다.|||증거 조작 특검 그렇습니다. 특검을 특검해야 합니다.|||특검 이러고 누가 지시했는지 그 배후를 밝혀라|||특검을 특검하라 나와 망치고 사람의 생명을 벌레만도 만들지 않는 특검 본인명을 귀중하게 생각하면 타인의 생명을 귀중하다는 것을 알고 나쁜 놈 특검죄치 받아|||위현석 변호사는 훌륭합니다.|||조작 특검을 특검해라|||특검을 특검해라 이재명을 재판하라|||이재명 재판 하락 in 홍대일자 12.13일 토요일 오후 1 30위|||명명 되지 않은: 수수께끼 같은 기법으로 나라가 튀어 나왔다.|||노상원 장군 적극적으로 지원합니다,,,,,,,,,,|||자유 대한민국 대통령 현실이 사라져 버린 김문수 대통령 후보 자신이 날아갔기 때문에 너무나 나도 충격을 받았다. 중공 CCP 중앙선 관위의 음모 반역행위로 투표는 압승해 개표에 패한 김문수 후보가 아름다운 승낙선언이 표를 준 자유우파 국민에게 엄청난 실망을 안고 말았다. 미국 트럼프 정권이 부정선거 수사에 착수해 온두라스 베네수엘라를 넘어 극장 이재명 정권에 쓰나미가 덮치는 시간 앞에 보인다. 김문수는 비운 정치인으로 사라지게 된다. 정말 유감입니다. 김문수의 정신을 보세요!",0
ljSwPvVE3uQ,계엄령을 내린 진짜 이유,"정식 버전 검토 https www.youtube.com live fuUKeit1qY0?si ByA j7F4BwYdAeDk 요약 민주당의 반국가적 패배가 도를 넘었다. 이재명이라는 중죄인을 보호하려고 22회 탄핵을 난발해 대통령 특활비까지 0원으로 줄였다. 문재인에게는 96억원을 펼쳐 현직 대통령에게는 한 잔도 주지 않는다는 패배로 국정운영을 마비시켰다. 원발생태계 지원비용 1,112억원, 첨단제조기술개발비, 청년고용지원금까지 유일하게 칼질했다. 대신 자신들의 연봉은 1억6천만원이나 올렸다. 나라의 미래는 안중에도 없는 반국가적 도둑 정당이다. 더욱이 가관인 것은 중국 공산당원이 한국 군사시설을 촬영해 간첩이 날뛰는 상황에서도 간첩죄 개정에 반대했다. 천만원에 군사기밀을 팔아 한국 정보요원이 북한에서 처형되고 있는 가운데서도 한 눈에 자랄 수 없다. 이들은 대한민국의 정통성을 부정하고 국가의 근간을 흔드는 위험한 내란 집단이다. 윤석열 대통령의 말대로 지금은 누가 진정한 대한민국인지 누가 반국가 세력인지 분명히 가야 할 때다. 내란세력 민주당의 반국가적 패배의 실태를 고발한다.|||우리는 계엄에 집중하는 것이 아니라 계엄이 된 배경에도 관심을 가져야 합니다. 윤 대통령이 단순히 독재를 하고 싶어서 계엄을 한 것일까요? 이 21세기에? 단순히 내 여자를 보호하고 싶습니까? 그렇다면 오히려 재판에 힘을 사용했을 것이라고 계엄은 잃는 일이 너무 많습니다. 비논리적인 선동에 휘말리지 않고 제대로 볼 수 있는 시점을 가져야 합니다. 우리는 아마 이미 계엄과 다르지 않은 그들의 독재에 살았을지도 모른다. 좋은 동영상 감사합니다.|||국민 수준에 비해 이 나라는 매우 능숙했다는 말이 딱 맞다|||여기를 보고 깨어난 사람들 대통령 계엄연설과 계엄철회 후 담화 내용을 꼭 들어보세요.|||이 영상을 단 계명 2일 후에 업로드했다니 놀라운 통찰력인가|||저는 30대 여성입니다.|||제일 문제인 것은, 선동된 사람이 선동되었다고 인정하지 않는 부분이라고 생각합니다.|||정말 고마워서 모르니까 죄송합니다. 나라처럼 지켜라. 청년들 모두 함께 일하자.|||너무 옳은 말이라고 눈물이 있어 정말 현실을 알고 있으면|||응원합니다. 제대로 판단할 수 있는 국민이 늘어나길 바란다.|||투표도 하지 않아서 죄송합니다 제가 정말 부끄럽습니다. 계엄령을 하기에 충분한 이유가 있었습니다. 정말 반성합니다.|||나무를 보지 않고 숲을 보라. 나라를 빼앗으면 내 아이 미래도 없다.|||나는 중도였지만, 이쪽 덕분에 우파로 전향하게 되었습니다. 사실을 정중하게 잘 설명해 주네요.|||계엄령이 내려졌을 때는 무엇을 하고 싶었는데 이유를 알고 상황 파악을 해보면. 이 계엄령이 아니면 사람들은 정치에 관심을 쏟았을까. 그러니까 대한민국 국민이라면 대한민국의 올바른 미래를 위해 마음을 모아야 한다고 생각합니다. 깊게 살펴보고 진실을 생각하고 판단하는 것을 알고 있는 그런 지견을 갖고 싶습니다.|||지금은 왜 무슨 일이 있었는지 생각하는 사람들이 많아지기를 바랍니다.|||40대 어린이 3 엄마. 진짜 눈가리개로 귀를 기울이고 다른 세계에 살고 있었습니다. 놀랐습니다. 찾아보면 정말로 있었던 뉴스입니다. 왜 몰랐어? 놀랍습니다.|||다시 한번 봐도 감탄할 때 그의 용기와. 메이테츠 상자 대단|||이것은 SNS 인스타, YouTube, 블로그 등에 익숙한 젊은 세대 분들이 정말 각성하고 합류하고 공유해 주셨으면 한다. 중국에 나라를 먹을 수 있었다.|||이 비디오는 진짜 ㅈㄴ 제발 넓어야합니다.|||베네수엘라를 보여주기 위해서는 한국 국민이 이 영상을 봐야 한다!|||수능을 앞두고 있는 현 고3입니다. 고1 때 한국사의 수업을 듣고 중립을 지키면 부모님의 두 사람의 다른 정치입장을 번갈아 듣고 따로 혼자 기사와 영상을 직접 눈으로 사실을 확인하면서 나름대로 눈을 뜨고 있다고 생각했습니다. 이후 정치와 법을 수능선택과목으로 선택해 작년부터 2년간 공부해 법학과 진학을 희망하게 되었습니다. 그래서 처음에는 계엄 자체가 범법 행위라고 느꼈습니다. 계엄이 자유를 빼앗는다는 것을 알았습니다. 계엄을 시도한 전 대통령을 왜 아직 지지하는가? 라는 의문이 생겨, 하나에 꽂기 시작하면서 좌파의 성향을 조금씩 띄우고 있었습니다. 그러나, 검찰청 폐지에 의한 3권 분립 붕괴의 우려를 시작으로, 복수의 자료를 찾아 보면 상상도 할 수 없었던 것이 계속 전부터 진행중이었다는 것을 깨달았습니다. 무비자 입국 이후 늘어난 남녀노소와 어리석은 납치, 대국민사죄나 cctv 공개가 없는 행정정보시스템 화재사건이 너무 말할 수 없다고 생각하며 이거 방문보다 이 영상까지 왔습니다. 초반에는 계엄이 아니라 오히려 다른 방법을 선택했다고 생각했지만, 지금은 그 당시 선택사항이 계엄밖에 없다는 것을 알게 되었습니다. 공산주의가 되는 것도 큰 문제입니다만, 지금 전쟁이 일어날까 걱정이 됩니다. 해외 언론도 보면 한국이 많이 위험한 상태네요. 수능을 위해 독서실에서 11시 반 12시까지 항상 남아 있지만, 어두웠을 뿐이었던 독서실 건물의 입구와 후문에 봉고차가 2세대씩 보이기 시작해, 부산 같은 지방측에 잘 떠다니는 것으로 알고 있던 행방불명 문자가 지금은 내가 살고 있는 지역구에서도 대단하네요. 부모님도 퇴근해 주시는 도중에 험한 날이 되어 버리는 것이 아닐까 생각하고 있던 딸이, 퇴근 시간 맞추어 짧아도 전화합니다. 중립에서 좌파를 핥아보다 우파가 되었는데, 좌우를 떠나 많은 사람들이 이 영상을 보고 싶네요. 정치의 흐름에 흥미를 가지기 시작한 청소년인지는 모르는 경우가 많습니다만, 그래도 주장을 명확하게 말하고, 논리적으로 팩트를 가지고 반론하기에는 많은 지식이 없어야 했습니다. 공부하러 가자. 모두가 싸움입니다. 그리고, 반드시 어두운 길이나 사람이 없는 길에서는 전화로 통화해, 안전 귀가해 주셨으면 합니다. 부모님 중 한 명이 집에서 쉬고 있을 때는 거의 하루 종일 왼쪽의 동영상을 듣고 있지만 어떻게 이야기를 꺼내야 합니까? 좌파로 우파가 될 뿐이라면 정말 깨어나겠지만 아직 계엄만 말하고 있습니다.|||19살 학생입니다. 주변 사람들의 SNS에 윤석열 대통령 탄핵 스토리가 넘쳐난다. 그러나 나는 왜 계엄령을 내렸는지, 대통령이 누구와 싸우고 있는지에 대한 이야기를 당당히 올렸다. 욕설도 먹고, 외면되어도 몇명의 친구가 진실을 보는 눈을 뜨도록 작아도 도울 수 있어서 매우 기쁩니다. 대한민국의 민주주의를 위해 우리 조국을 위해 당당히 알려야 합니다. 아직 생일이 지나 투표권이 없는 학생입니다만, 나는 당당히 알려 드리겠습니다. 많은 어른의 분, 선배에게 부탁합니다. 용기를 내주세요.|||40대 남자인 사실 기반 영상 주위에 많이 알려|||법에 명시되어 있는 계엄은 대통령의 불변 권한 계엄은 정당했지만 내란은 민주당과 특검과 레거시 방송이다!|||계엄령 소식을 보고 왜 뒤로 가는지 걱정했는데... 민주당의 만행을 알게 되었습니다.",1
azbAiIEZ8sY,한길삼이 제대로 싸웠다.,"그라운드 c 전해진 길삼. 정말 자유 대한민국을 지키기 위해서. 목청을 올리는 것을 봐. 존경받는 국력 손온석. 고발한다고 말할 때. 국력당 의원들. 싸게 교체해야|||전한 길! 찜 애국자입니다! 100파 응원합니다!|||진짜 민주당도 문제이지만 부패한 국력에서 갈아입어야 한다고 생각한다.|||뜨겁고 멋지고,|||그렇습니다, 지켜야 합니다. 감사합니다|||100000 번 맞는 말 진심 애국자 순수한 ​​분입니다|||나도 눈물이 있었다.|||애국자 정한길 선생님, 그랜드씨 감사합니다.|||진짜 애국자!|||훌륭합니다.|||전해진 길삼이나라의 진정한 애국자는 매우 기쁩니다.|||맞습니다.|||전천 진짜 애국자에게 감사드립니다.|||그랜드 씨의 올바른 목소리와 올바른 단어가 최고입니다.|||네, 고마워요.|||멋지다|||애국자입니다 !!!! 그라운드로하십시오.|||멋진 애국자|||맞습니다.|||진짜 애국자|||썩은 채 썩어 악취가 진동하는 국력|||그렇습니다, 정말 애국자입니다.|||둘 다. 보석입니다 ㅡ 항상 감사합니다|||한길삼그라운드 시창동혁 김민수 나경원 난세의 영웅입니다.|||진정한 애국자 전한 길 선생님 응원합니다",0
YHoq8E0nvw4,이것은 국민의 눈높이입니다.,"매우 상당한 말씀입니다.|||맞습니다. 모든 사실 검사 후 비상계엄은 내란이 아닙니다.|||최고군요 지금 전시중 맞습니다 생명을 걸고 자유 대한민국을 지켜야 합니다|||나라를 위해 이렇게 최선을 다해 주셔서 감사합니다.|||배신자의 민간일이 밝혀졌습니다.|||그라운드 C 김성원 대표님 수고하셨습니다.|||무치치다 우파에게 이런 분이 있어 힘이 나옵니다. 감사합니다.|||이번 국력 국회의원 중 세비가 아까울 정도 때려 당론에 따르지 않는 사람은 퇴출시켜야 합니다.|||박정권 의원은 최고이며 정말 옳다고 생각합니다.|||그리고 역시 최고의 코멘트입니다 당원 63 프로가 국민의 눈높이|||모두 걸었다는 말에 진정성이 느껴지네요.|||올바른 말입니다.|||대통령으로서 비상계엄정당한 탄핵무효|||국민의 힘, 최선을 다해 박춘권 의원님을 응원하고,|||네, 그렇습니다.|||국력 대표!!! 적극 추천|||국력이 정신적이어야 한다 젊은 국력의원의 패기가 필요|||국민은 자유민주주의의 체제를 지키고 싶다!|||정말 정말 올바른 단어 감사합니다!|||윤석 열 대통령의 국민이 지지합니다.|||아무쪼록 잘 부탁드립니다. 국력|||올바른 말입니다.|||고마워요, 존경하고 사랑하세요 당신은 영웅입니다|||당신 같은 분이 국력에 필요합니다.|||이번 진정한 국민의 힘이 되는 의원임을 보여주세요! 국민을 위해 싸워라!",1
mXVyhtZAlno,이재명 옆 이재영의 표정이 어두운,"기업은 대케입니다.|||올바른 말입니다.|||이죄명 봉인법|||이재명은 거짓이기 때문에 즉시 직무 정지시키지 않으면...|||파괴|||옳은 말, 기업이 없다면, 우리 사람들은 넘어질 것입니다, 노란 봉투법을 폐지|||진짜 열광|||노봉법 폐지를 강하게 촉구한다!!|||올바른 말입니다.|||바로 말입니다.|||노란 봉투법은 반대입니다 나라는 스트레스 왕복|||역시. 최고.|||민노총 지금, 당신이 하는 행동이 한국을 이끌어가야 하는 청년들이 많이 힘들어요.|||민노총은 해체해야 합니다. 기업이 있고 개인의 권리가 있는 것이다.|||국민을 위한 정치가 아니면 필요하다! 모두 내려주세요!|||총 기업 수의 작업은 언제입니까? 곳곳에서 모든 것을 끌고 있습니다.|||이것은 항의하고 일어나야 한다|||6.25는 아직 끝나지 않았다.|||기업이 있어야하며 노동자도 있습니다, 어쨌든 자고 있습니다!|||옐로우용 예연 회장의 나라를 위해 필요한 분입니다. 응원합니다.|||킹 타이밍 강점기가 빨리 나오지 않으면 나라가 살|||잘생긴 분이 인상도 부드럽게, 우리 보수해 주셔서 정말로 감사합니다 몰랐던 사실을 전해 주시는 감동입니다 공부가 많이 됩니다,|||김성원 대표의 말이 맞다. 삼성기업 만세!|||맞다! 참는 것이 기쁘고 기분 좋은 것! 법만 나오네요!|||탄핵하자.",2
DLLQf7-XYYo,이재명 결국 대형사고,"화가 난다. 이 나라입니까? 나라를 더러운 범법자가 정치한다고 하므로 국민이 일어나자. 더 이상 국회에 맡겨서는 안됩니다.|||미친 세계 ....|||나쁜 일이 처벌을 받기를 바란다!|||매우 화가났다.|||좀 더 강하게 알려드리겠습니다ㅡ 탄핵감탄핵|||아니, 정말 언제까지 전과 의사가 보복 정치를 하고 있는지 살펴야 합니다.|||국민을 모두 일어나라|||그 한 사람을 위해 5000만을 잃은 후 정답|||대한민국 만세! 아니 대한민국 공화국? 돈의 권력 미디어가 있으면 모든 세계|||이것은 정말 어떻게든 들어 올려야합니다!|||우리 국민은 똥을 모아 투쟁해야 합니다|||범죄자 대통령 범죄자 총리와 내각 지금 범죄자 특별 사면까지 ㅠㅠ|||그라운드 대표는 옳은 일을 말해 주셔서 감사합니다.|||오휴는 점점 더러운 세계가 되고 있습니다.|||국민이 침묵하지 마십시오.|||반드시 자유 대한민국을 방문합시다.|||커지고 있습니다.|||상식이 사라진 대한민국과 가짜 대통령|||최고, 감사합니다.|||5천만의 분노를 표명하고 집회에 가야 합니다. 나라를 구해야 한다|||이것이 내란입니다. 정치를 차례차례로 하면서 전 정권을 내란 몰이 하는 것이 사람이 하는 것일까요?|||눈치채다|||올바른 말입니다.|||가족 사기단을 특별 사면을 해준다니 나라가 개판이다. 이것이 공산국가임을 입증해주는 것이다.|||범죄자 하나를 삭제할 수 없습니다.",1
dz9L9Qz-NJA,듣지 않고 끊임없는 원인,"풀 비디오 https youtu.be 8C0lOT2SaL8|||김성원 선생님은 고생하고 있습니다.|||백만 번 지탱받은 말씀입니다. 이 분의 통찰력 최고군요.|||맞습니다.|||최고입니다. 국회에 모셔야 하는 진정한 애국자입니다.|||맞습니다.|||맞습니다.|||단어 절의 올바른 단어|||진실을 가르쳐주고 성실한 애국자 김성원 대표에게 감사드립니다.|||올바른 말입니다.|||이런 분이 국력에 있어야 합니다.|||맞습니다. 문재인 정부가 광화문애국 분들을 멈출 때 경찰들은 정말 치명적이었다. 민노총은 감싸는 무능한 경찰이 아니었는가?|||지성. 유머.|||전혀 맞습니다.|||이 분은 정말 시원하고 마음에 듭니다. 파이팅!|||아조 씨 .. 왜 그렇게 말하는 것이 좋습니다.|||정확한 정보를 전달하는 미디어에서 오랫동안 활동하십시오!|||아, 정말 멋지다.|||진짜 성대 모방 재능|||대표자 진짜 성대 묘사 미친 왜 이렇게 웃을까요? 공부가 너무 많습니다!|||맞습니다! 우리나라 경찰을 보면 범죄자에게도 구부러진 무엇을 할까?|||공감하다|||단어 절의 올바른 단어입니다 성대 모방까지 떠있는 연예 캐시입니다|||이런 사실에 귀를 닫은 범죄당 지지자들 죄없는 사람의 생존권|||정말 정말 맞습니다.",1
