url,title,comment,label
FaB7QDm3wz8,"이재명 LIVE 국가공간의 대전환, 대한민국을 널리 쓰겠습니다! 지방시대위원회 보고회","나는 항상 당신을 지원합니다. 대통령님 건강하시고 파이팅하세요.|||행운을 빕니다, 대통령 각하. 나는 당신을 지원합니다. 제안이 있습니다. 자동차 방향지시등 켜기 운동이 전국적으로 확산될 수 있도록 관계부처에 지시해 주십시오. 방향지시등을 켜지 않는 차량이 너무 많습니다.|||전 세계적으로 사랑받는 최고의 대통령 이재명 대통령님, 사랑합니다. 추운날씨 감기 조심하세요|||대한민국의 5극 3특화 시스템|||대통령님. 아프지 말고 늘 ​​걱정하세요. 나는 파티원입니다. 건강하다|||대통령님, 국민들은 대통령님을 응원하고 지지하고 있습니다. 감사합니다.|||대통령님 덕분에 한국이 발전하고 있다는 걸 느껴요!! 역대 최고의 대통령 이재명 대통령|||나는 A급 국민 다음으로 A급 국민을 잘 섬기는 정부를 좋아한다.|||잼프 정부 밑에서 지역이 얼마나 성장할지 정말 기대된다. 또 청와대는 크리스마스를 보낼 것이라고 한다. 크리스마스 영상도 만들어주실거죠? 아! 시계는 도대체 어디서 살 수 있나요?|||결국 지속가능한 새로운 산업생태계를 어떻게 만들어가느냐가 관건이라고 생각합니다. 지속가능하기 위해서는 자연에 기반한 해결책과 생태학적 접근에 접근하는 교육이 필요하다고 생각합니다. 이를 바탕으로 한국형 자원발굴과 융합을 추진해야 한다고 생각합니다. 저는 젊은이들에게 현재의 식품 분야를 넘어 어떻게 미래를 선도할 수 있는지에 대한 인식을 먼저 심어주어야 한다고 믿습니다. 이에 대한 답은 COP 시스템에서 찾을 수 있습니다. 나는 한국의 자연환경의 토양, 식물, 미생물, 문화 등이 융합, 결합되어 생태적인 한국형 10차 산업생태계를 만들어야 한다고 믿습니다. 1 2 3 4 10|||감사합니다, 우리 대통령님! 항상 건강 조심하세요! 아, 쿠팡 사태가 심각한 것 같네요. 카드발급을 비대면에서 대면발급으로 바꾸면 피해가 덜할 것 같아요. 건강하세요!|||이재명 회장님 때문에 무능하고 무책임한 사람들을 보살피고 있습니다. 국민을 위한 것이 아니라 자신을 위한 부정정치가 더 이상 뿌리내려서는 안 됩니다. 문재인의 똥에 가리워진 것들을 예의주시하고 감시해야 한다.|||나는 안심한다|||나는 이 공개적이고 투명한 정부를 내 손으로 선출했습니다.|||이런 토론을 보는 것이 좋습니다. 발전하는 대한민국을 기대합니다!|||수도권 집중은 막아야 한다. 대규모 개발과 투자를 통해 청년들이 생계를 꾸릴 수 있도록 지역을 발전시키고, 아파트값을 절반으로 낮추는 수도권 부동산 정책을 계속 전개해야 합니다.|||우리는 대통령을 잘 선택했습니다.|||항상 국민 여러분께 알려주셔서 감사드립니다. 나는 이재명 정권이 투명해서 좋다.|||나는 이재명을 좋아한다.|||대통령님과 함께 대한민국이 초강대국, 초경제대국이 되는 것은 꿈이 아니라 곧 다가올 현실이라고 믿습니다!|||한국이 널리 쓰인다는 소식을 들으니 신난다!|||K 민주주의를 이끌어가는 이재명의 리더십이 대한민국을 넘어 세계로 퍼져나가기를 바랍니다.|||나라를 위한 노고에 감사드립니다. 행운을 빌어요.|||한국을 널리 활용하겠습니다. 말씀해주셔서 감사합니다.|||대통령님, 지지합니다.",0
ISfH-rDAvXM,"뉴스타파, 전두환·허화평 잔당 추적",나는 당신을 존경합니다. 사랑해요.|||캐릭터는 캐릭터다|||다루지 못한 것을 덮었나요?|||도대체 내가 무엇을 다루고 있었는지 모르겠습니다.|||보고 능력이 정말 대단하네요. 쇼입니다.|||허화평은 너무 똑똑해서 거만한데... 좀 덜 자랑해라...,1
cm3IGKUQtrk,전두환 아들 전재국씨는 2013년과는 사뭇 다르다.,"벌금을 회수하는 것이 쉽지 않을 수도 있지만, 시간이 걸리더라도 반드시 이루어져야 합니다. 나라에 도둑이 없을 때까지.",0
g-d-1-1VJZM,취임식의 밤을 주최하는 사람은 누구인가요? 이유가 있었어요! 배승희 뉴스배달,"배승희 변호사!! 최고입니다. 멋지다. 와, 예쁘네요.|||뚝순 변호사 배승희입니다. 마음에 들어요, 최고예요. 윤석열 총장님, 힘내십시오.|||배 변호사의 사이다 발언이 참신하다. 당신은 예상과 동일합니다.|||배승희 변호사님, 늘 응원합니다. 여러분의 노고에 감사드립니다.|||당신은 정보를 명확하게 정리하고 전달하는 능력이 뛰어납니다. 감사합니다|||배변호사|||국민이 바라는 바를 배승희 변호사가 이뤄드리겠습니다. 이재명의 탄핵과 사퇴는 반드시 일어날 것이다.|||변호사님 좋은 정보 감사드립니다. 건강하세요.|||배승희 변호사님의 진단과 의견을 잘 들었습니다. 나는 당신을 지원합니다.|||배승희 변호사님께 늘 감사드립니다. 무지한 대중에게 계속해서 홍보해주세요.|||배 변호사님, 항상 좋은 방송 감사드립니다. 나는 항상 당신을 지원합니다.|||배승희 변호사, 파이팅 파이팅, 예수님을 믿으면 당신이 최고입니다. 모스탄 대사님, 고든 장 변호사님, 대한민국을 위해 쓰임 받으소서.|||배승희! 가세요!! 훌륭해요, 기분이 상쾌해집니다.|||당신은 모든 세부 사항에서 정확합니다.|||선선선생님. 감사합니다. 건강하세요.|||처벌받아 마땅한 분들은 국제인권위원회를 도와주세요. 제발 나라가 잘 안 돌아가네요. 김건희 대통령님 힘내세요.|||항상 활기차게 방송해주셔서 너무 감사드립니다!!!|||배승희 변호사님, 감사합니다. 서로를 지원합시다. 화이팅.|||배승희님을 응원합니다. 언론사 보지 말고 솔직하게 보도하세요.|||배승희 변호사 화이팅!!!!!!!|||배승희 변호사님 말씀이 맞습니다.|||배승희 변호사님은 자유대한민국의 가장 위대한 애국자이십니다.|||배승희님을 응원합니다|||안녕하세요 배승희 변호사님.|||배승희 변호사님의 협조에 감사드립니다. 당신이 진실만을 말하기 때문에 나는 당신에게 공감합니다. 관타나모만을 적극 추천합니다!",1
vdfsqSd3InI,미국 현지 상황을 보니... 와! 배승희 뉴스배달,"국제법에 따라 그를 체포하고 구금해 주십시오.|||배승희 변호사님, 정말 좋은 말씀이십니다. 행운을 빌어요.|||국회의원들이 이를 줄여야 한다고 생각합니다. 바뀌어야 합니다.|||우리나라는 헌법 개정을 통해 국회의원 수를 100명으로 늘려야 한다. 그리고 공무원 수를 줄여야 합니다. 선거제도도 바꿔야 한다. 배승희 변호사를 지지합니다. 최고입니다.|||배승희 변호사가 최고입니다.|||국회의원을 100명으로 줄여야 한다는 배승희 의원의 말이 맞다.|||속이는 것이 멋지다.|||배승희 뉴스배달 오늘도 응원하고 화이팅합니다!|||배 변호사의 유튜브 채널은 간신히 대한민국을 구하고 있습니다. 나는 당신을 존경합니다. 건강 잘 챙기세요.|||대만은 공무원과 국회의원 수를 줄이고 수표로 선거를 실시하는 등 분단국가인 한국으로부터 배울 점이 많다.|||우리나라에서 국회의원 수를 줄이는 것은 당연한 일이다.|||배 변호사님, 늘 응원합니다. 보고 싶어요. 화이팅!!|||배승희 변호사님, 맞습니다. 나는 당신을 강력히 지지합니다. 저는 우리 경제의 미래가 매우 걱정됩니다.|||배승희 변호사는 최고의 유튜버입니다.|||국회의원을 줄이고 비례대표를 없애 나라가 바로 설 수 있게 해주세요. 저는 대만의 선거제도가 정말 부러워요. 중앙선거관리위원회를 없애야 선거가 제대로 치러진다.|||배승희. 고마워요, 변호사님.|||배성희 변호사님, 조은씨에 대한 정보를 많이 전해 주세요.|||안녕하세요, 진보우파의 자랑스러운 여전사 배승희 변호사님.|||총 100명의 국회의원이면 충분하다. 불필요한 국회의원이 너무 많아서 정당끼리 싸우게 되고, 나라를 위해서는 아무것도 안 되고 국민의 세금만 낭비하게 된다.|||화이팅하는 배승희 변호사입니다.|||기운을 내다. 나는 항상 당신을 지원합니다. 자유민주주의를 수호합시다.|||비례대표제를 폐지하고 국회의원수를 100명 이하로 줄이자! 외국인 투표권을 폐지하자! 중국 부동산 소유권도 폐지하자!|||소식 잘 받고 있습니다. 최고입니다. 구크의 파괴|||나는 국회의원 수를 줄이는 것에 찬성한다! 무분별한 국회 삭감!|||저는 배승희TV를 좋아해요.",1
uyyopBJbCJM,세계사 망신 이신명 배승희 소식 전달,"배승희 변호사님의 의견에 동의합니다. 철학이 없는 사람이 철학을 가진 사람들 앞에서 굴욕을 보이고 오만하게 말하는 장면이었다.|||배승희 변호사님, 정확한 소식 감사드립니다.|||장동혁 대표님 축하드립니다! 들깨씨앗을 주신 배승희님과 다른 유튜버분들께 감사하다는 말씀 전하고 싶습니다.|||재치있고 현명한 변호사 배승희님의 방송을 항상 감사하게 시청하고 있습니다. 오늘은 정말 행복한 날이에요. 작지만 희망의 빛을 본 하루였습니다. 이것이 시작이다. 보수의 재건을 위하여!!!|||감사합니다|||축하해요. 미래는 희망이 있는 미래입니다. 개혁하고 위대한 대한민국으로 발전하자. 화이팅. 자유로운 사람들.|||싸우는 친구를 축하합니다!|||장동혁 대표님 축하드립니다!|||잘 설명해주셔서 감사합니다 배변호사님,,,,|||살아남아줘서 고마워|||애국열사, 청년, 시민, 유튜버 여러분께 진심으로 감사하고 감사하며 사랑합니다.|||장동혁, 배승희님 축하드립니다.|||배승희 변호사님, 노고에 감사드립니다.|||안녕하세요 화장실에 다녀올게요 오늘도 팩트뉴스 기대됩니다.|||배승희 의원님, 국회에 나오셔서 나라를 구해주세요. 스마트한 칼럼과 예쁘고 멋진 시사를 응원합니다. 배승희 화이팅!|||윤 총장을 살려주세요.|||아, 고마워요. 좋은 소식입니다. 장동혁 당대표님, 축하드립니다.|||나는 그것을 기대하고있다|||여호와 닛시 하나님! 감사합니다|||애국적인 유튜브의 승리입니다.|||앞으로도 좋은 정보 부탁드립니다.|||한미동맹, 한미혈맹, 생명혈동맹, 영원할 나라, 미국의 트럼프 대통령, 존경합니다, 노고에 감사드립니다, 자유대한민국, 진정한 애국자, 5천만 자유대한민국, 함께하자, 힘내십시오, 여기 있습니다, 승리합시다, 윤석열 대통령, 비상계엄, 당신의 권위입니다, 비상계엄, 계몽의 포고입니다. 그렇죠 돌아가자 윤석열 총장 돌아가자.|||장동혁! 윤 총장님, 살려주세요. 진심으로 바랍니다. 화이팅.|||좋은 변호사 배승희님, 응원합니다.|||국민의당 원내대표를 비롯한 지파들은 전력을 다해 민주당에 맞서 싸워야 한다!",1
0Vj7k4_L6bc,가랑이 찢겨…배승희 뉴스배달,"국가패배전략회의가 히트를 쳤습니다.|||배변방송을 시청하며 응원하고 있습니다. 알려주세요. 내 머리 속에 맴돌 것이다. 감사합니다.|||갑진 변호사님, 말씀 감사드립니다. 어리석은 시민들이 귀 기울여 들을 수 있도록 자세히 설명해 주셔서 감사합니다. 항상 힘내시고 건강 조심하세요.|||어서오세요|||배승희 변호사의 연설을 들으면서 웃음이 터졌고, 언론사들이 어느 나라 기업인지 알 수 없었다.|||셰씨는 범죄 건당 매일 북한에 돈을 송금하고 있다.|||ㅋㅋㅋ 배승희 너무 귀여워ㅋㅋㅋ|||확신하는 .|||기운을 내다!|||정의가 승리할 것이다. 민주당 국민은 바보가 아니다.|||양다리 외교가 왕따 외교로…|||나는 항상 당신을 지원합니다|||너무 불안해서 전승기념일에 가고 싶은데 트럼프에게 당선될까 봐 너무 걱정돼요!|||정말 짜증나네요. 흥사재판도 가고 감옥도 가야 하는데 조용히 지내려고 합니다. 이나라가 왜 이럴까? 돈을 빌려서 1인당 10억씩 나눠주세요. 범죄자들의 수준과 한계가 이대로 나라를 운영하기를 더 이상 바랄 수 없다.|||언론은 한국을 떠나야 한다|||당신은 미쳤어요.|||혼나도 싸다.|||등록회원 170만 빨리 달성하자|||나는 정의의 사람이고 충성을 다해야 합니다.|||정확한 방송은 배 변호사님이 하신 말씀입니다. 행운을 빌어요.|||국회는 무당의 집인줄 알았습니다. 북한에서만 볼 수 있는 촌스러운 한복에 저승사자까지 등장하는데... 눈길을 끄는 방법은 정말 다양하다.|||당신 말이 맞아요|||변호사님, 기분이 상쾌해졌습니다. 감사합니다.|||나는 당신을 지원합니다. 좋아요.|||민주당은 끝났습니다.",1
443bkElL6w0,좌파 판사들도 항의한다! 배승희 난리의 이유 뉴스 전달,"배승희 변호사님, 화이팅, 대단하십니다.|||곧 좋은 일이 일어날 것 같아요.|||윤석열 총장님, 힘내세요!|||진정한 애국자들은 언제나 싸우고 있습니다. 기분이 상쾌해졌어, 덕순이. 변호사|||장동혁 대표님 힘내세요. 나는 당신을 지원합니다. 건강하세요!!|||항상좋고, 좋은 정보 감사드리고, 끝까지 응원하겠습니다.|||딱 맞아요|||조지아주 애틀랜타에서 지켜보는 배승희 변호사의 모습은 역대급 방송이다.|||이재명 꼭 구속해라|||하루빨리 국내 전복세력을 조사해 본격적으로 처벌해야 한다는 것이다.|||좋아요. - 물론. - 장동혁 대표. - 감사합니다. - 당신 생각이 맞았어. -|||배승희 변호사. 최고야 장동혁 김민수 무조건 승리|||,2030 애국영웅 여러분, 매서운 추위 속에서도 우리나라를 위해 애쓰신 분들께 감사드립니다. 감사합니다. 나는 항상 당신을 지원합니다. 화이팅.|||청년들이 일어나야 합니다. 이 나라의 미래는 젊은이들의 손에 달려있습니다.|||고마워요, 변호사님. 건강하시고 힘내세요.|||장동혁, 김민수 등 자유대학을 강하게 만든다..... 힘을 합쳐야 한다. 나라를 바로 세우자. 국제사회도 도움을 줄 것이다. 배변 싸움|||사법부에서 이런 일이 일어나야 합니다. 온 국민이 함께 돕겠습니다.|||배승희 변호사의 말이 맞습니다. 우리 모두 장동혁 대표를 중심으로 뭉쳐 하루빨리 재명을 퇴출시켜야 한다.|||배승희 변호사님, 오늘도 수고 많으셨습니다. 나는 항상 당신을 지원하고 있습니다. 화이팅.|||고소! 행위... 행위... 발언... 권력분립에 위배되는 행위.|||국민의힘은 개별적으로 살아야 하고, 당을 배반한 자에게 공천을 주어 다시는 분열이 일어나지 않도록 해야 한다. 서로 힘을 모아 힘을 모아야 나라가 살아남을 수 있습니다.|||국민의힘은 싸우지 않는 의원을 공천해서는 안 된다. 국민은 국민의힘을 지지하니 B선거 의원들은 퇴진시켜야 한다. 명심해주세요|||이재명을 즉각 체포하라.|||배승희 변호사님, 진심으로 감사드립니다. 배승희 변호사는 사실을 강력하게 지적하고, 나라를 구하는 역할을 담당하는 보배이기 때문에 사랑합니다.|||이번에 내부총을 쏘는 놈들을 다 척결해야 나라가 살아남을 수 있다. 우리 당원들이 단결하여 장 의원에게 힘을 실어주십시오.",1
hojpPJjhmno,지귀연도 모르고...? 배승희 뉴스배달,"그동안 막아온 대중저항의 화약통을 건드리지 마십시오. 또 윤이 돌아왔다. 비가 내리고 있다. 눈 속에 눈이 내리고 있습니다. 나는 흑진주 전사를 지지한다!|||감사합니다|||저는 배승희 변호사를 존경합니다.|||행정과 입법의 최후 보루인 사법부의 정의를 보여주세요. 감사합니다.|||배승희 변호사님께 늘 감사드립니다.|||나쁜 사람들|||이 전과자 탄핵. 특혜 받아 세금낭비하면 나라 망한다.|||배승희님, 화이팅하세요. 수고 많으셨습니다.|||배 변호사, 투쟁하는 이재명, 내전을 모의하고 정치 보복을 중단하라. 윤 총장은 전혀 잘못이 없다. 이재명, 하루빨리 범인을 탄핵하라.|||국민부담당 정신 차려라|||논산의 딸! 나는 당신을 응원합니다|||국민을 무시하고 임의로 삼국이 완전히 무너진 것이다.|||앵커님, 덕순이는 항상 경청합니다.|||우리 국민들은 이 범죄로 인해 처벌을 받는 기득권자들을 처벌합시다. 무너진 대한민국의 자유민주주의를 지켜냅시다.|||배성희 변호사님, 행운을 빕니다. 좋은 정보 감사드립니다.|||믿고 시청할 수 있는 최고의 애국방송!!! 열정적으로 응원합니다.|||배승희 변호사님, 잘 지내시죠. 더 열심히 하고 최선을 다해서 승리하자.|||대응할 힘이 있나요? 국력은 무력하다. 내부 싸움은 좋습니다.|||앞으로 대한민국은 어떻게 될지 걱정되어 잠도 못 이루고 답답하기도 하지만, 배승희 변호사님의 건전한 말씀에 힘을 얻습니다. 항상 싸우고 있습니다.|||배승희님, 항상 정확한 소식을 전해 주셔서 감사드립니다. 감사합니다.|||힘내세요 배승희님|||이재명 당선무효 소송부터 시작해야 한다.|||존경합니다, 변호사님.|||진실된 소식을 전해 주세요. 항상 감사합니다.|||진보보수 변호사 배승희 애국방송이 구독자 500만 달성을 위해 열심히 노력하고 있습니다.",1
zQTSQbh89jw,장경태 성추행 의혹 변론 읽어보셨나요? 성범죄 전문 로펌들도 위기에 처해 있다.,"사직하다|||온 국민이 눈을 뜨고 지켜보고 있다. 그것은 공개되어야합니다.|||벌을 받아야 해|||허위사실로 반소를 제기하고 계십니다. 매우 사악합니다.|||인간이 되려면 반성할 수 있어야 합니다. 어떻게 반성해야 할지 모르겠습니다.|||장경태 아웃 관심|||행운을 빕니다, 변호사님!|||뿌린대로 거두는 죄를 짓는 경태야 넌 못해!!!|||주변 사람들도 조사를 받아야 합니다. 그것을 옹호하는 사람이 있나요?|||장경태! 국회의원직을 사퇴하고 피해자에게 생명을 구해 달라고 간청하며 죗값을 받아라.|||장경태 의원은 사퇴해야 한다.|||장경태 아무리 노력해도 심연에 빠진다.|||그렇게 했으니 다시 해보자. 이제는 아니오라고 말할 시간입니다.|||경태는 자유대한민국의 정상적인 국민이 될 자격이 없다. 먼저 보는 사람이 국민 세금의 주인이듯이|||그의 습관을 바꾸십시오. 자백하고 선처를 구하면 시간이 지날수록 또 무슨 짓을 저지를 것이다. 무조건 법에 따라 더 무거운 처벌을 내리십시오.|||이번 기회에 장경태를 영원히 없애야 한다!|||갈 수 있는 유일한 길은 빵뿐이라고 하더라고요!|||사실입니다.|||엄중한 처벌을 통해 정의로운 법치주의가 건재함을 보여주세요.|||포르노와 보좌관이 짝을 이뤄 한두 번 시도한 기술은 아닌 것 같다.|||푸하하하하하하하하하하하하하하하하하하|||뻔뻔한 장경태는 즉각 납세를 중단하고 입법활동을 중단하라. 재판을 받고 무죄 판결이 나면 돌아오십시오.|||민주당은 성폭력 재판을 위한 별도 법원 설치를 추진할 것으로 보인다.|||솔직하게 말해야 해요. 다음번에 국회의원에 출마하고 싶다면 전과가 없으면 출마할 수 없을 것입니다.|||민주당과 곤경에 처한 양문석 의원은 어떻게 될지 궁금하다.",1
vpgvciRYQG0,"김광일, 박은주, 장원준이 화창한 날 통일교를 겨냥하고 7일 만에 다시 해산론을 꺼냈는데... 그런데 왜 통일교회 재산 얘기를 하는 걸까?","정치계의 모든 범죄자를 파악하고, 강력한 법적 처벌로 처벌하고, 성역 없이 재판받게 하세요.|||국회, 헌법재판소, 중앙선거관리위원회, 부패수사처, 특검을 해산하라.|||납세자가 지시합니다. 세금을 내지 마십시오. 대회. 헌법재판소. 선거관리위원회. 부패 조사국. 특검을 해산하라.|||탄핵을 하지 않는다 해도 우리 국민은 자유로운 대한민국에서 살 자격이 없습니다.|||여든이 되든 여든이 되든 철저히 조사하고 관련자들을 모두 체포해야 합니다.|||이제 민주당은 비양심적인 정당임을 국민에게 고백하고 해산하라!!!!!!!!!! !!!!!!!!!!!!!!!!!!!!!!!!|||박 특검도 뇌물을 받았으니 민중기도 수사해야 한다. 도둑을 잡기 위해 도둑들이 물건을 설치하는 세상!|||언론사들은 양심적으로 문제를 파헤쳐야 할 것이지 권력자들에게 눈을 돌리지 말아야 한다.|||개혁은 남을 벗기는 것이 아니라 자신을 벗기는 고통을 감수하는 것이지만 모든 일에 자연주의자가 된 집단도 있습니다. 이제 대한민국 국민은 집단과 그들을 밀어붙이는 자들을 이겨내야 합니다.|||눈 하나 깜짝하지 않고 범죄를 저지릅니다. 그들은 남의 부패를 비난하는 데 주저하지 않지만 여전히 뻔뻔한 태도를 유지합니다. 그들은 훌륭한 가족으로 인식됩니다. 비리가 드러나면 즉각 압박과 협박을 가하는데…|||더 깊이 들어가기 전에, 매일매일 다음과 같은 사건이 수차례 발생하면서 대중의 생각은 무뎌진다. 도대체 현 정부는 뭐하고 있는 걸까요?? 불쌍한. 시민 여러분, 정신을 차리시기 바랍니다. 국력은 지금처럼 같이 싸우자. 나는 우리가 사람들의 그룹을 구성하고 각자가 싸움을 담당해야 한다고 생각합니다. 정신을 차리세요.|||위협과 협박, 회유로 당신을 짓밟겠습니다.|||임 특검이 이채명을 탄핵한다. 여러분, 우리는 일어서야 합니다. 네팔의 투쟁이 이 땅에서 시작되길 바랍니다.|||내로남불당..국민이 화난다|||이 신몽이 이렇게 사악하고 못된 짓이냐? 당신을 그렇게 오만하게 만드는 사람들에 대해 당신은 도대체 무엇을 알고 있습니까? 위협으로 작용할까요?|||통일교 재산 강제몰수 가능성. 이재명은 김정은처럼 갈 것이다.|||남에게 화를 내는 것은 옳지 않습니다.|||도둑들은 항상 발이 저려서 아무 이유 없이 특검을 했을 뿐인데.. ㄷㄷㄷㄷ|||이재명을 쓰러뜨려야 하는데 갈 곳은 단 하나, 캄프방 뿐이다.|||범인이 무슨 말을 해도 징글 징글|||문재인도 구속해야 하나????|||그렇다면 어떻게 대통령을 대통령으로 인정할 수 있겠습니까?|||저는 해체하는 그룹과 함께 돈의 민주당이 최우선이라고 생각합니다. 그렇지 않나요?|||얼마나 부끄러울까요? 범죄가 만연하는 것은 그것이 창피한 일인지조차 모르기 때문이다. 어린 시절이 매우 중요하다는 것을 알고 계셨습니까?|||여야 정치권 인사 모두. 정말 불쾌한 사람들입니다. 정말 부끄러운 일이에요",1
4uYL-IENbik,"이재명이 통일교에 직접 연락해 청와대는 혼란에 빠졌다. 김광일, 박은주, 장원준의 밝은 하루.","너의 이름은 언제나 악취나는 곳에|||도둑은 ""재명이 찔려서 한 발 앞서 나온다. 박지원이 최고의 공격이 최선의 방어라고 한다""고 말했다.|||그렇죠 ㅡㅡㅡㅡㅡㅡㅡㅡㅡ|||이렇게 큰 소리로 외치는 게 웃기네요. 사람들은 어떻게 생각할까요?|||나는 이 나라에서 많은 것을 원하지 않습니다. 표현의 자유, 취업의 자유, 그렇게 할 수 없다면 버려두세요.|||이럴거면 더불어민주당도 국민의힘도 해산해야 한다. 대통령이 너무 자기중심적이고 말을 너무 가볍게 해서 답답해요.|||이재명이 통일교 관계자이기 때문에 교단을 해체하고 재산을 국고에 몰수하라고 협박하며 말도 안되는 소리를 하고 있다. 그는 무서운 괴물이다.|||그 사람이 그런 사람이고 무슨 말을 해도 웃지 않는다는 걸 모르셨나요?|||이재명. 민주당의 거짓말에 지쳤습니다. 정직은 어디에서 팔렸나요? 이제 그들은 위협하고 위협하고 있습니다. 사람들이 모른다고 생각합니까, 아니면 바보입니까?|||도둑님 그렇게 해주세요|||불면증이 나를 죽인다. 소음기인가요?|||위선과 위선이 입증되었습니다.|||이재명 ㅋㅋㅋ 웃기네|||잊어버렸나요? 이재명이 어떤 사람인지.... 사람들이 기억하는 건..|||통일교가 불법이라면.. 이재명도 법 위반으로 탄핵받아야지..",1
2UiEFmI4FSI,"재활의 상징이라 했지만, 조진웅의 폭행, 김광일, 박은주, 장원준의 맑은 날 폭로가 이어지며 폭발세를 이어가고 있다.",민주당은 당신을 다음 총선에 지명할 수 있습니다.|||누나는 나를 문화체육관광부 장관으로 만들어 줄 것이다.|||나의 건조한 습관은 어디로 갈 것인가?|||돈을 갚으세요|||사람은 변하지 않습니다.|||정당해산을 해야 한다.|||조진웅은 현재 활동 중이다. 절대로 옹호해서는 안 됩니다.|||그래서 누카리안같은 개들만 보나요? 진보는 그의 전처인가? 강아지가 짖나요?|||진보적 공산주의는 어떤 진보적인가?|||어찌보면 조진웅은 이재명의 완벽한 후계자다. 범죄당 차기 대선후보로 그 사람보다 나은 사람이 또 있을까?|||피해자 모두 고소,1
uxPruB6cKzw,"12 10 전재수 통일교 뇌물수수 발언? 조태임, 김준일, 청와대에서의 크리스마스, 윤건영, 장동혁, 마이웨이, 박정훈, 쿠팡, 미국 집단소송 손동후, 김현정의 뉴스쇼","12 10 수요일 뉴스쇼 뉴스연구소 전재수 통일교 뇌물공여 발언, 세관 마약밀수 의혹은 없다 1인 가구 처음 800만명 돌파 CBS 조태임 기자, 김준일 시사평론가 인터뷰 1 전재수 통일교 뇌물수수, 모두 거짓, 또 청와대 내란법정 논란 위헌 놔주지 마세요 윤건영 더불어민주당 의원 뉴스방송 강승희 인터뷰 2 뇌물 받은 통일교 정치인 주호영 탄핵이면 충분 한동훈 당의원 게시판 중간공시 국민의힘 박정훈 의원 인터뷰 3 쿠팡 정보 유출, 미국에서 집단소송 제기 한국인 피해자들이 소송에 참여할 것인가? SJKP 손동후 법무법인 대륜 변호사|||그래서 그런 사람들이라고 하더라고요. 하지만 깨끗한 척하는 당은 더 나쁜 집단이다.|||인생 자체가 외로워서 결국 이 세상을 혼자 남겨지게 됩니다!|||공소시효. 윤건영, 모르겠어, 모르니까 더 빨리 했어야 했는데.|||전재수 의원은 제가 좋아하는 민주당 정치인 중 한 명인데 좀 황당하네요... 괜찮은 사람이군요... 역시 돈에 장사를 안하는군요... 실망이 큽니다...|||박정훈 화이팅|||박정훈이 최고다|||윤건영이 웃긴다.|||똑똑한 신사 박정훈|||민중기는 앞으로 체포될 예정이다. 특검은 현 정부이니 권력의 개다.|||이재명도 통일교를 받아들였다..",1
tnmxHkBTsUE,유인태는 감옥에서 이 메시지를 보았다. 누가 그에게 술을 주었나요?,"장로들이 그런 생각으로 정치를 하다 보니 정치계가 뼛속까지 부패했습니다.|||왜 잡혔나요? 여기요|||나 같은 중견 정치인이 별거 아니라고 하는 모습이 한심하다.|||이 사건으로 인해 이재명의 동네 언니가 그를 또 혼냈던 것 같고, 아이들에게 나쁜 교육을 시켰다.|||원래 이렇게 먹었으니 운이 없었다고 생각하는 게 아닐까.|||CBS, 일어나세요. 선생님, 생각이 멈췄어요. 옳고 그름을 분별하지 못하는 사람이 선배가 아니더라도, 심지어 선배 할아버지가 아니더라도 이런 식으로 전파하는 것을 허용해서는 안 된다. 노인!!! 너무 한심해서 들을 수가 없어요!|||잡히지 않아도 된다는 말씀이신가요???|||부탁을 하는 것은 죄가 아니지만, 잡히는 것은 죄입니다. 이런 저런 사람들이 어떻게 한국 정치를 이끌어왔는지 개탄스럽다. 아, 단두대에 끌려간 사람들이 많군요.|||잡혀가는게 문제인가요? 정말 안타깝네요 ㅠㅠ|||문제는 정치인들이 관료직을 탐내며 곤경에 처한다는 점이다.|||이 사람을 섬길 이유가 있나요?|||안 잡히면 괜찮아요... 이런 일이 일어나나요?|||모든 것은 현지 자매를 거쳐야 합니다.|||아 나라가 엉망이네요.|||이것은 터무니없는 일입니다! 이 일련의 이벤트는 드문 일이 아닙니다! 더욱 충격적이네요!|||잡히면 범죄인가요? 도둑질을 하고 잡히지 않으면 큰일입니다. 노년의 정치인이 민주당의 속내를 여실히 보여주고 있다.|||좋은 시민은 누구를 신뢰해야 하는가?|||이 사람은 어젯밤 저녁으로 마신 술에서 거의 회복되지 않았습니다. 아 이런 분이 장로님이시군요. 윽...|||저기 손님들 나이가 70세 이상이어야 하는데??? 정신을 잃고 있어요 하하하|||만진당은 정말 기득권이 있군요 ㅋㅋㅋ|||특이한 것? 민주당은 썩었습니다. 비리 김현지, 김남국은 즉각 사퇴하라!|||유인태의 정신상태가 의심스럽다. 정신을 차리세요.|||잡힌 게 문제야? 물론,,|||더욱 놀라운 것은 유인태의 사고방식이다.|||유인태..가재는 예상대로 개편? 김남국과 장경태의 경우..그럴수도 있지?? 잡히면 범죄인가요??",2
Rbqhd5XCgVw,전재수 장관이 사표를 먼저 제출한 이유는 무엇일까. 뉴스 연구소,"윤영호가 거짓 뇌물을 받은 이들을 언급할 이유가 없다. 정치에서 로비하는 사람들의 암묵적인 법칙처럼 그들은 민주당의 양쪽 모두를 보장해 주었습니다. 다음은 정동영이다. 뇌물을 받은 이들의 공통적인 특징은 증거가 제시될 때까지 이를 강력히 부인하는 것이다.|||동일한 요금으로 일부|||분명 거기도 없었는데 왜 사과했지?|||??? 야, 너 정말 존재하지 않았어? 언론에 모든 증거를 제공하고 있나요? 다음날 사의를 표명했는데..|||모든 정치인을 조사하십시오. 썩은 정치를 청산하라|||국회의원직을 내려놓아야 합니다.|||아무 말도 하지 마세요|||알았어요 하하|||단호하고 명확하게 말하지만 정치인들은 입만 열 때마다 거짓말을 한다.|||이제 전재수는 끝났다...!|||당신은 당신이 얻는 것을 얻습니다. 철저한 수사와 검거가 답이다. 범죄를 저지른 정치인은 무슨 일이 있어도 다 잡아야 한다. 세금은 괜찮습니다.|||버티면 이것저것 빼앗길 것 같아서 빨리 사퇴하려고요.|||전재수씨 정말 친절해요! 국회의원직을 사퇴하고 조사를 받아라. 정치는 끝났습니다.|||사람들이 바보처럼 보이나요? 전재수씨는 아무 죄도 없는데 왜 사퇴하겠습니까? ?|||무죄라고 말하면서도 왜 사임했나요?|||뭔가 있는 것 같은데...|||ㅎㅎ 철판을 깔았네요.|||행운의 대상|||그게 생각나네요. 미투 사건이 터져 조사가 진행됐을 때 범죄 혐의가 인정된 것은 민주당 인사들이었다. 하하. 김건희를 잡겠다던 만중기 특검이 결국 만주당을 찔렀다. 하하.|||그들은 그렇게 말합니다. 제외하고. 사직. ㅋㅋㅋ|||국립의료원을 내려놓고 조사를 받아라.|||아직 법원 판결이나 조사도 없어서 불법 뇌물수수는 없었는데... 그럼 뇌물수수만 있었나요???|||재조사|||행운을 빈다. 까르띠에와 불가리를 나에게 던져라.|||강한 부정은 강한 긍정이다",2
4uk3UeaBnN8,생방송속보 비상대책위원장 ​​한동훈 2023.12.17,"와 한동훈 장관님 정리 좀 제대로 해주세요.. 총선 꼭 승리합시다.|||장기적으로 보면 청결이 승리합니다.|||한동훈 비상대책위원장! 환영. 총선에서 승리하여 썩은 민주당을 국회에서 추방해 주십시오.|||한동훈 장관은 돈낭비다. 총선에서 승리해야 이후 계획을 세울 수 있다. 우리 시민들이 분노를 걱정하고 있으니 최선을 다해주시기 바랍니다. 화이팅.|||좋아요. 신 대표님, 나라의 위기를 정확하게 이해하고 알려주셔서 감사합니다.|||저는 한동훈 장관을 지지하고 지지합니다. 나는 원희룡 장관을 지지하고 지지합니다. 빠른 반사신경에도 감사드립니다. 두 분이 함께 힘을 모아 이 나라를 지켜내시는 것이 국민의 간절한 염원입니다.|||한동훈 장관을 지지합니다, 파이팅!|||국력이 준석을 정리하지 못하면 책임 있는 당원들이 국력을 청산한다.|||나는 한동훈 장관과 원희룡 장관을 모두 지지한다. 모두가 자기 자신보다 우리와 나라를 먼저 생각하고 화합하길 바랍니다. 서로 부족한 점을 보완하고 나라를 걱정하며 먼저 뭉치자. 서로 긴장하지 맙시다.|||한동훈 장관님, 감사합니다. 선거에서 승리할 수 있도록 함께 노력합시다. 행운을 빌어요.|||매우 좋았습니다. 그러나 정치 경험이 없기 때문에 잘 알고 계실 거라 믿고 총선의 성공을 진심으로 바랍니다. 나는 당신이 성공하기를 바랍니다.|||나는 한 장관을 지지한다. 전 장관은 빨리 새 정당을 시작해야 한다. 한동훈 장관 같은 사람은 없다.|||신대표님 말씀대로 겸손한 원희룡 장관님을 존경하고 지지합니다!!!!|||저는 한동훈 장관님을 강력히 지지합니다. 좌파는 여론에 대해 걱정할 필요가 없습니다.|||한동훈이 잘할 것 같다. 그는 바보가 아닙니다. 생각이 깊어서 잘할 것 같아요.|||김문수 원장님을 추천합니다.|||김문수 대사관위원장님, 동의합니다.|||이번 총선은 대선 수준으로 사활을 걸고 승리해야 한다.|||앞으로는 국민의당 의원들이 뭉쳐야 합니다. 그래야만 총선에서 승리할 수 있습니다! 서로 비판하는 것은 금지되어 있습니다.|||김기현은 바로 국력간첩 이준석이다!|||나는 한동훈 법무부 장관을 지지한다.|||한 장관은 국력을 다해 최선을 다하겠습니다. 이제 모든 일이 끝났으니, 그가 이 일을 현명하게 이겨낼 수 있기를 바랍니다.|||저는 한동훈 장관을 지지합니다.|||대통령제 하에서 정부는 국정을 안정시키고 민심을 달래며 국가 발전을 이루기 위해 권력을 갖고 질서 있게 운영되어야 한다. 대통령은 임기가 끝날 때까지 권한을 부여받아야 한다. 대통령이 예고 없이 분열하면 박근혜 대통령 때처럼 자멸하고 권력을 잃고 망신을 당하게 된다는 것이 영원한 진리이다.|||한동훈 장관이 가면 법무부는 누가 지킬 것인가. 한동훈 법무부장관님이 계시니 든든했어요! 걱정된다",1
Usktxggcn3U,생방송 윤석열의 큰 결심이 미쳤다 2024.05.26,"신한수는 정말 애국이고 최고입니다.|||대표님 감사하고 사랑해요|||진리를 향해 나아가는 신 대표님과 전광훈 목사님에게 하나님의 은혜와 역사하시는 손길이 함께 하시길 믿습니다.|||신 대표님은 진정한 애국자이십니다. 그것을 위해 가십시오|||화이팅하세요 신대표님. 신 의원이 있기에 자유대한민국의 미래에 대한 희망이 있습니다. 우리 모두 부정선거 진상을 규명하고 정의로운 나라로서 자유로운 대한민국을 다시 세워야 합니다.|||신 대표님, 잘 지내세요. 어렵더라도 정의와 진실은 반드시 승리할 것입니다. 강하고 담대하며 힘과 용기를 갖고 최선을 다하면 반드시 승리할 것입니다. 감사합니다.|||부정선거 적발이 답이다|||신 대표님, 정말 올바른 판단을 해주셔서 감사드립니다. 조금만 더 힘내시고 인내심을 가지세요. 하나님께서 처리하실 것입니다. 언제나처럼 노고에 진심으로 감사드립니다.|||신 대표님 힘내세요. 당신은 애국세력의 지원을 받습니다.|||신혜식 대표님 말씀이 맞습니다. 당신은 매우 좌절하고 화가 났을 것입니다. 무지한 시민의 한 사람으로서 저도 속상합니다.|||대포씨, 국민청원에 대해 빠르게 홍보해 주세요. 우리 모두 서명하여 부정선거에 맞서 승리합시다.|||그래도 선생님은 나라를 구하고 계십니다. 모든 환경이 최악이지만. 오직. 한국의 경우. 기운을 내다. 나는 당신을 응원합니다|||신혜식 대표님 힘내세요. 끝을 보고 앞으로 달려가겠습니다. 우리는 광화문운동장에서 외치는 투지와 전투력으로 힘과 자신감을 얻겠습니다. 결코 약해지지 마십시오. 우리는 끝까지 당신을 지원합니다.|||한동훈은 독선적이고 배은망덕하며 당대표는 터무니없다. 홍준표 시장님, 신홍철기 의원님, 진심으로 응원합니다.|||원희룡 대표가 답이다.|||국민의당을 즉각 해산하고 진정한 우익정당을 만들어라!|||신 의원님, 이번 선거 부정은 반드시 밝혀지고 관련자들은 모두 처벌받아야 합니다. 이에 최전선에서 투쟁하시는 대표님께 감사드리며, 전 목사님을 중심으로 애국우익들이 하나되어 반드시 승리하게 하소서.|||장시호 녹취록과 태블릿PC의 진위 여부는 언제쯤 조사할 수 있을지 궁금하다.|||윤성열씨, 우리는 중대한 결정을 내려야 합니다. 우파들이 분개할 수 있는 정치를 해주세요.|||한동훈은 국민의힘에서 제명되어야 합니다.|||원희룡이 당대표가 되어야 한다.|||오세훈은 박원순보다 광화문 집회를 더 많이 막았다. 국력이 썩어버렸습니다.|||감사원장 시절에는 그럴듯해 보였는데 정치를 하는 모습, 이준석과 한동훈을 옹호하는 모습을 보면 정치에 소질이 없는 것 같다.|||원희룡이 나왔으면 좋겠다.|||한동훈은 아웃됐다.",1
iuBAhInoUaM,"독립뉴스 생방송 전광훈, 평택에서 10만명 집결! 2025.07.26","광화문으로 집합하자.|||애국동지 만세|||행동할 시간입니다. 이제 행동할 때다.. 평택시민 모두 나와라.|||여러분의 노고에 감사드립니다. 대한민국 만세.|||시작은 미약할지라도 끝은 창대할 것입니다. 대한민국 만세!!!!!|||사랑하는 애국자 여러분, 더운 날씨에 조국을 위해 애쓰시고 계십니다. 미군 철수는 금물이다.|||이 더위에 당신은 대단합니다. 감사합니다. 감사합니다. 누가 뭐래도 미국은 은혜의 나라입니다. 예상대로 강력한 합성력이 든든하다.|||너무 더워서|||나는 울고 있다. 함께 할 수 없어서 다행이에요.|||이 더위에 나라를 위해. 전광훈목사님 수고 많으셨습니다! 사랑합니다, 애국시민 여러분.|||인디펜던트 신혜식 대표님, 이선범 기자님, 관계자 여러분, 노고에 감사드립니다. 여러분의 노고에 감사드립니다.|||전광훈 목사님, 애국시민이 되어주셔서 감사합니다. 날씨가 더우니 건강 조심하시기 바랍니다. 윤어게인|||단결하자, 싸우자, 승리하자, 승리할 것이다. 진실이 당신을 자유롭게 할 것입니다. 광화문에 1000만명을 모으자.|||너무 감동받고 눈물이 납니다. 주한미군 여러분, 함께 가세요|||상상대학교 교수님, 사회를 돌보시느라 늘 힘드시죠. 기운을 내다. 하나님께서 당신을 도와주시기를 기도합니다. 기운을 내다.|||황정선 장군님, 항상 명확하고 정확하게 알려주셔서 너무 감사드립니다. 기운을 내다. 큰소리로 외치니 하나님이 기뻐하십니다. 자유를 지켜주시고, 자유민주주의 대한민국을 굳건히 지켜주시길 바랍니다.|||미군 철수. 미군 철수는 절대 아니다. 우리 대한민국을 지켜주세요. 우리를 보호해주세요.|||한미군 철수에 맞서 한미동맹을 강화하라!!|||종교단체에 감사의 말씀을 드립니다. 윤 총장님, 원상복구해야 합니다. 윤 총장님, 건강하시고, 이 무더위를 잘 이겨내시기를 빕니다. 나는 애국지사 여러분이 대한민국을 본연의 모습으로 회복시켜 주실 것이라고 믿습니다.|||전광훈 애국목사 ㅡㅡㅡㅡㅡㅡㅡㅡㅡㅡㅡㅡ|||전광훈목사님의 건강하신 모습을 보니 반갑습니다. 몸이 좋지 않으신지 걱정이 되었지만, 끝까지 건강하시고 자유우익을 이끌어 가며 대한민국을 지켜주시길 바랍니다.|||신혜식 대표, 이선범 기자, 우동균 기자, 이병준 기자, 홍철기 기자, 박완석 기자를 응원합니다.|||나는 미군 철수를 절대 반대한다.|||나는 미군 철수를 반대한다|||미군 철수를 반대하는 여러분의 노고에 감사드립니다.",1
IXxnzkejxnM,생방송 김은혜 분당개폭발네트워크 2024.03.20,"한동훈, 김경율, 좌파 국민이 판단하게 하라|||토끼를 다 잡은 것처럼 무시했지요? 당신은 당신의 경계를 실망시킬 수 없습니다.|||위닌의 핵심은 바로 좌동훈이다. 모두 한동훈님의 작품입니다. 모든 책임은 한동훈에게 있습니다.|||기회주의자들은 반드시 무너질 것이다.|||대통령을 상대로 각도를 잡고 공격하면 잘 되겠습니까?|||성공은 끝까지 볼 수 있다. 한동훈 언제 사나요?|||윤 총장을 위해 뭉칩시다. 그러나 우리는 한동훈에게 투표하지 않는다. 윤석열 총장을 위해 뭉칩시다.|||김은혜. 거친 지형으로 들어가지 마십시오. 당신이 원하는 곳 어디든. 나한테 후보를 줬다고 하더군요. 은혜를 갚기 위해. 한동훈한테 걸렸나?|||분열이 한동훈 때문에 일어난 것임을 알기 때문에 우파는 문제가 무엇인지 정확히 알아야 한다.|||이종배 시의원을 국회로 보내라.|||김은혜를 없애자|||어부가 되어 얻은 지위! 탐욕이 가득합니다. 한동훈, 김경렬, 김은혜! 밖으로!|||김은혜가 이번 선거에서 패하면 정치는 끝난다.|||김은혜는 기회주의자다. 아니, 아니.|||지지율을 높이려면 김경율 김형동 함운경을 쫓아내야 한다.|||재미있다. 도태우, 장예찬이 탈락해 지울도 탈락했다.|||CEO의 통찰력. 그것은 당신에게 힘을 줄 것입니다. 숨겨진 이브를 찾아보세요. 동훈과 그의 일당을 제거하라.|||오늘의 아시아! 훌륭한 방송!|||국민의힘에 대한 희망은 민주당에서 나온 국민들에게만 있다.|||김은혜 정신차리세요 언제부터 이렇게 잘생겼나요?|||자통당은 일어나야 한다...|||김은혜... 보수애국주의자들이 적들에게 은혜를 갚는다고 해서 김은혜에게 표를 주고 싶어할 것 같나요? 대통령과 선을 긋는 것이 아니라 대통령과 함께 일해야 한다... 대통령과 변화를 만드는 것이 보수를 떠나게 만드는 것이다.|||권위가 있는 만큼 책임도 따르게 마련이다.|||한동훈을 빨아먹는 악랄한 우익들. 당신은 대가를 지불할 것입니다. 자유통일당으로 가자|||썩어빠진 정치세계에 들어오면 가장 먼저 배우는 것은 남 탓하기, 탓하기..",1
bSzINmwhG4c,"항상 응원합니다! 윤사모 멤버 등장! 윤석열 탄핵 무효, 헌법재판소에 계엄령 선포","그렇죠, 저는 중심적인 의견을 존중합니다.|||와 너무 예뻐요 축복합니다|||당신은 예쁘고 똑똑한 청년이에요. 나는 당신을 아주 잘 알고 있습니다. 나는 당신의 미래가 밝다고 생각합니다.|||볼 수 있는 눈이 있었어요. 가슴이 터진다, 지혜.|||탄핵무효 탄핵무효 탄핵무효|||정의는 영원히 살아있습니다. 대한민국 만세.|||감사해요. 아들과 딸. 대한민국 만세|||2030년은 이 나라의 희망이다. 민주주의를 지키고 청년들의 미래를 보장합시다.|||나는 당신을 응원합니다|||2030 청년들, 화이팅!|||윤석열 총장은 요즘 세상에 보기 드문 가장 용기 있는 대통령이자 지도자이며, 그를 지켜주는 사람들이 가장 용기 있는 사람들로 세상에 알려질 것입니다. 추운 날씨에도 함께 강건해지며 하나님께서 지켜주실 것을 믿고 기도합니다.|||정말 멋진 청년이네요. 피를 끓는 청년들이여, 일어나서 살아갈 나라를 지켜라.|||감사합니다 대한민국 만세!|||추운 날씨로 인해 힘든 시간을 보내고 있습니다. 조금만 더 참으시고 열심히 해주세요.|||나는 당신을 지원합니다. 나는 당신을 지원합니다.|||젊은이!! 미래를 생각해보자..깨어나 일어나!!!|||청년 여러분 감사합니다|||여러분의 노고에 감사드립니다. 열정적으로 응원합니다. 당신은 애국적인 청년입니다.|||감사합니다, 우리 대통령님. 법을 보호합시다.|||저는 애국청년입니다. 감사합니다. 나는 애국자입니다. 감사합니다.|||젊은이들, 선배님들, 추운 날씨에 감사드립니다. 나는 항상 당신을 지원합니다.|||내일 8일 수요일과 모레 9일 목요일이 중요한 시기인 것 같습니다. 다들 체력 비축하시고, 이번 주말에는 20, 30대 분들도 최대한 많이 나와주세요. 연차휴가의 절반을 사용하더라도 동료, 가족과 함께 오세요. 여러분의 안전을 위해 각종 보호장비를 착용하시고, 강인한 정신으로 준비하세요!! 저희도 내일 집에 갑니다 하하.|||존경하는 애국시민 여러분, 노고에 감사드립니다. 나는 당신을 지원합니다. 힘내세요. 자유로운 대한민국 만세!|||청년들이여, 일어나서 더욱 일어나라!!!|||당신은 너무 예뻐요. 앞으로는 좋은 일들만 일어나길 바랍니다. 그리고 윤 총장을 끝까지 응원하고 지지합시다. 앞으로도 좋은 일들만 있지 않을까요?",1
kwnm16JR0oU,생방송 김재섭·한지아·채상병 특검 찬성 2024.07.26,"한동훈을 조사해보자!!|||쫓겨나야함|||해당 행위로 인해 당 노선을 따르지 않은 사람들은 당을 탈퇴했습니다.|||둘 다 쫓아내야 해!|||알아봅시다!!|||김명수, 3년 5개월 만에 전화! 똑똑해지세요!|||이것이 국민의당 의원들의 수준이다. 나는 바보들의 행진을 보았다.|||이원석 특검에게도 가보자.|||가발 하나가 답이다!!|||한동훈 특별검사|||이 더운 날씨를 피하세요. 그것은 나를 미치게 만든다. 너무 덥습니다. 나는 $ 1,000를 태우고 있습니다. CEO님, 더운 날씨에 항상 건강하세요.|||왜 국민 세금을 특검에 쓰려고 하는가? 당신이 사람들을 두려워한다는 것을 모르십니까?|||김재섭과 한지아? 어머나|||국민의 입장에서 한동훈에 대한 특별수사를 조속히 진행하자.|||한지아, 피는 피할 수 없어.|||좌동훈은 사퇴해야 한다.|||국민의힘에 반역자 2명이 추가로 탄생한 것을 축하합니다.|||한동훈 대신. 나는 특검의 의견에 동의했다.|||국회의원실에 전화해보자. 딸 하나도 김민전 의원실에 전화를 하고 있다고 들었습니다.|||한동훈과 이원석은 한 몸이다. 대중의 관점에서 보면 그렇다.|||5분 전이 아니라 5분 전입니다.|||이원석을 추천한 한동훈 법무장관이 바로 한조다.|||무슨 이유에서인지 이 대표는 폐지된 법안에 대해 입장 변화가 없다고 계속 주장하고 있다. 정당의 의견은 필요 없고 자기 정치만 추구한다는 뜻일 것이다.|||한동훈, 제대로 해.|||복수투표 부정선거 의혹이 커지는 가운데 당 대표는 통합당에서 제명되어야 한다.",1
eqdES2H9jRY,"어머나! 나경원, 윤석열과의 2분통화! 99.99 이런 말을 했어야 했나?",그래서 나경원이 선두에 선 이유가 있었다. 꿈이 정말 너무 야심적이네요.|||단순한 국보가 아니라 완전한 독재의 국보입니다. 침을 흘릴만한 가치가 있었겠죠? 정말 신난다.,0
faU2UC6XoYM,나경원은 나이가 들수록 추악해지고 죄악이 많아진다.,"나경원 입시비리. 여기서부터 조사해보자.|||미친. 판사가 내린 모든 잘못된 결정을 조사하고 공개하십시오.|||나경원 아이를 조사해 보세요.|||봤는데 너무 나갔네요!|||그래, 입시비리, 전과비리 등 모든 비리를 공개하자.|||나경원님, 유가 5천만원 돌려주세요 그레이스님.|||내 아이를 강탈하는 것부터 시작해야 할 것 같습니다.|||조진웅이 민주당 지지하는 모습을 보고 의도적으로 범죄자 누명을 쓰고 있는 것은 안타깝다. 다 말해도 나경원은 가세요.|||나경원 너 자신을 알라|||벌금을 물고 나면 어떻게 하시겠습니까? 우리 아이들의 입시 비리, 취업 비리, 각종 비리를 폭로합시다.|||나경원 정말 맛있어요!|||나경원씨 가스비 5000만원, 왜 수사 안 하는 걸까?|||남편이 법원장이기 때문에 벌금형을 받은 사람도 특권을 누리는 사람인가? 당신이 나를 보지 않았으면 좋겠어요.|||나는 지금 월급을 받고 있는데 직무유기죄를 범하고 있습니다. 바쁘지만 과거 이야기를 하는 것은 소년원 소년들에게 큰 상처이자 기회 상실이다.|||당신 말이 맞아요|||대중에게 공개되기 전에 악행을 저지른 청소년은 엄중하게 처벌받아야 한다.|||아무 말도 하는 것은 나루의 몫이 아닙니다. 그는 감옥에 가야 해요.|||이 시간에 모든 것을 하십시오.|||전직 판사.. 판사..|||자식 입시 비리를 조사해서 얘기해보는게 어때요... 윽... 5선운동의 위엄|||그녀가 미친 여자임이 분명해 보인다!!!|||대사가 5개인데... 씁쓸한 얘기만 하더군요.|||국내 사립학교 법인 관련 정보도 모두 공개하자..|||경원 씨, 유류비를 명확하게 알려주세요.|||나씨의 아이들도 조사해보자.",0
OOgt6cfz6Mc,"윤한홍, 장동혁 앞에서 계엄령 사과해야","사과할 필요는 없습니다. 관련된 모든 사람은 엄중히 처벌받아야 합니다.|||부패에 연루된 공직자 3대가 공직을 맡는 것을 방지하는 법이 만들어져야 부패가 사라질 것이다. 그래야 세상이 대동이 되는 것이다.|||안돼... 안돼... 그러지마... 너희들은 이번에는 마약을 파는 줄 알아라, 너희 반역자들아.|||늦었어!|||국민의힘 선거가 다가오고 있기 때문이죠. 엉덩이가 타는 것 같아",0
rovs977BKPE,"여러분, 더 이상 속지 마세요!","맞아요, 맞아요, 바로 요점입니다!|||사람들은 바보가 아니다|||그 사람들은 양심이 없어요|||그렇게 큰 소리로 절을 하면 남북전쟁에 큰 이익이 될 것입니다.|||선거철에만 변신하는 내전용 로봇.|||12·3쿠데타 반역자들에게 하루빨리 사형을 선고하라.|||좋아요. 밥그릇을 빼앗길 것 같으니 입장을 바꿔보세요! 국력당! 속지 말자.|||맞습니다. 좋은 것은 좋지 않습니다. 그렇다고 그렇지 않다는 뜻은 아닙니다. 그들은 동정받을 만한 사람들이 아니다.|||그렇죠, 저는 반란을 믿지 않습니다.|||반세기를 살아보니 정부의 행동에 동감합니다.|||이것이 반란 정당들의 수법이다. 우리 국민은 속지 말고 이번 선거를 통해 심판받아 의석을 0으로 줄여야 한다.",0
qeZrdVH_8U4,"최재영 목사, 3년째 집에 못 간다…특검 증인 조사 출석!",초보자 여러분을 응원합니다. 화이팅.|||최재영 목사님 같은 분이 진짜 목사님이십니다.|||최재영목사님 힘내세요.|||힘내시고 행운을 빕니다|||저는 정치에는 관심이 없습니다. 한심한 일이군요. 정치가 바뀔 때마다 사람들은 똑같은 일을 합니다. 사람들은 고난으로 인해 죽을 것입니다. 정치인들은 도토리를 키우며 서있을 뿐입니다.,0
sXmTZ85oBbU,"트럼프가 부정선거 게시글을 올렸다! 법무부, 후속조치 개시!","즉시 재판 재개|||부정선거 청산|||사전선거를 폐지하지 않는 선거는 부정선거 그 자체입니다.|||반공, 반국가세력 청산, 부정선거 근절|||부정선거를 진압하는 유일한 방법은 파괴입니다!|||정말 답답해요. 나라가 더 이상 망하기 전에 밝혀내고 무너뜨려야 한다.|||이것은 좋은 소식입니다. 부정선거가 해결되지 않으면... 대한민국의 미래는 없습니다.|||사전선거를 폐지하고 투명한 부재자 투표제도를 만들어야 합니다.|||점점 그 규모가 커지고 있는데 도둑들이 원하는 대로 꾸며내고 있습니다.|||이번에는 뿌리 뽑아야 합니다.|||도람푸의 시간초과 만세|||부정선거를 은폐하고 여론을 날뛰기 위한 내전 탄핵 운동에 주목하자! 파워 디펜스를 위해!|||파괴|||정신을 차리고 모든 반역자들을 감옥에 보내자. 피와 땀으로 건설한 대한민국을 지켜냅시다.|||FBI뿐만 아니라 미국 내 모든 정보기관과 미 사이버사령부를 동원해 한국 A WEB의 부정선거 개입과 온갖 비리를 철저히 수사해야 한다! !!|||우리는 중국공산당의 부정선거 국제카르텔을 제거해야 합니다. 중국 공산당, 이재명, 민주당의 선거부정 쿠데타를 진압한다.|||1시가 급해요! 나라가 더 망하기 전에 그들을 쓰러뜨려야 한다!|||부정선거 수사에 적극적으로 참여해 명확히 밝혀주세요!|||사전투표제를 없애지 않으면 나라가 공산주의로 전락한다! 국민의 저항권을 활성화하여 나라를 구해야 합니다.|||부정적인 말을 하는 사람은 퇴출시켜야 합니다.|||부정선거로 정권을 찬탈한 반국가세력이 공산독재를 앞세워 아우토반을 질주하고 있다. 나라가 망하는 것은 시간문제일 뿐입니다.|||관건은 부정선거|||제발, 부정선거가 근절될 수 있을까요?|||시작이야|||부정선거로 권력을 찬탈한 자들은 신분에 상관없이 사형과 무기징역을 선고받아야 한다.",1
6lbg575tZ80,그렇습니다. 젤렌스키를 암살하려는 시도였습니다! 천상의 비 신조로 살아남으세요!,"중앙선거관리위원회를 무너뜨리고 사법부가 살아남으면 나라는 살아남는다.|||우리는 반공주의를 국가적 우선순위로 삼고 미국을 포함한 자유주의 동맹국과의 관계를 더욱 강화할 것입니다. 1인당 국민소득 70달러에서 3만 달러로 한강의 기적을 이룬 민족적 영웅이자 세계의 지도자 박정희 대통령님이 그리워요.|||북한, 중국, 러시아, 이란 등 국가와의 평화협상은 불가능하며 무력으로만 진압해야 한다.|||당신은 미친 짓을 많이 합니다. 힘내세요, 일본. 괜찮아, 타카이시. 당신은 최고입니다.|||자유로운 대한민국 만세, 윤 총장님, 48만 애국국민, 윤 총장님, 신 대표님 만세.|||신인균 의원님, 낮과 밤의 기온차가 심한 초겨울 날씨에 늘 건강 조심하시기 바랍니다. 신인균 대표님 말씀은 다 맞습니다. 공산주의 사회주의 전체주의 독재에 작동하는 유일한 언어는 힘이다. 힘으로 압력을가하십시오. 조이 제독의 말대로 종북좌파 전체주의 공산주의자들에 대해서는 무력으로 압박해야 한다. 신인균 대표님 항상 응원하고, 끝까지 무한 응원하겠습니다. 사랑해요, CEO님.|||푸틴은 무너져야 하고, 중국과 북한은 휘청거리고 있다|||나는 강력히 지지하고 동의한다. 힘내세요, 화이팅! 러시아 푸틴 정권의 붕괴를 기원합니다|||중국민주당과 중앙선거관리위원회를 전복하라|||멸망이 오는 그 날까지 멸망|||나는 다카이치 총리를 지지합니다.|||러시아 푸틴은 미쳤다|||푸틴 대통령은 적어도 암살 시도를 시도해야 한다. 개인 비행기를 타고 이륙하는 순간 드론이 추락합니다.|||다카이치 총리. 그리고 일본분들 힘내세요.....|||주변국의 긴장이 고조되고 있는데 합동군사작전을 더욱 강화해야 할 상황에서 우리는 왜 반대방향으로 가고 있는가?|||푸틴 대통령은 막 다른 골목에 있습니다. 그는 어려움을 겪고 있습니다!|||파괴! 신 의원님, 애국방송 감사드리며 응원합니다.|||푸틴의 오랜 독재. 공간을 차지하고 있어요|||신인균 대표님, 끝까지 응원하겠습니다.|||애국채널 오늘도 수고 많으셨습니다!|||대표님 환절기 건강 잘 챙기시기 바랍니다. 감사합니다.|||우크라이나 대통령님, 항상 건강에 유의하시길 바랍니다.|||드론 요격기를 순찰해야 합니다.|||국정농단 김현지를 즉각 체포하여 조사하라!!!|||여러분의 노고에 감사드립니다.",1
ECyCpkeP9ig,"김어준의 다스보이다 82회 KBS, 최후통첩, 실례합니다","조국 식구들을 지켜주셔서 너무 감사드립니다. 조국가문은 국민이 지켜드리겠습니다. 항상 행복하세요. 특히 정경심 교수님 건강 조심하세요. 사랑해요.|||전우용 교수님의 말씀에 소름이 돋습니다. 훗날 역사상 어떤 평가를 받든 지금 이 순간 우리 민족이 대단한 민족임은 분명하고 자랑스럽습니다!!! 문재인, 조국, 김어준, 유시민, 이들은 우리나라의 보물이다. 사랑해요.|||모든 유출에는 주광덕이 관여했다. 판결 유출 사건, 김명수 대법원장 후보 회의녹화, 조국 사건… 이 모든 것에도 불구하고 주광덕과는 아무런 연관이 없다?|||뉴스팩토리, 알릴레오, 저널리즘토크쇼JKTV, 대한민국 정부, 청와대, 보이스오브서울, 시사, 팩트TV 등 진실을 전파하는 모든 방송국을 응원합니다. 구독과 좋아요로 응원합시다.|||김어준 외 분들은 진정한 선구자이자 개척자이십니다. 시청자, 시청자, 유튜브를 통해 참여하는 모든 이들이 미래를 열어가는 사람들이라고 믿습니다. 그 공간에 함께 있다는 게 행복보다 성취감이 더 큰 것 같아요. 이 기분을 서초동에서 불태워보겠습니다.|||국민이 나라를 선택했다… 정당 소속 국회의원들이 시민을 선택할 것인지, 언론을 선택할 것인지를 결정해야 할 것이다…|||우리 모두는 역사교과서에 실릴 시대를 겪고 있습니다! 어려울 수도 있지만 가만히 앉아 있지는 않겠습니다! 우리는 역사를 만들기 위해 무엇이든 할 것입니다! 서초동에서 만나요!!! 깨어나라 시민!!! 잘 버텨주신 조국장관님과 가족분들께 죄송하고 감사드립니다!!!|||이 시대의 영웅은 김어준이다. 같은 시대에 살고 있다는 것이 감사하다.|||절대 함정에 빠지지 마세요 계략에 빠지지 마세요 10가지 진실과 큰 거짓말 하나로 끝까지 가둘 수 있으니 끝까지 이대로만 해주세요 ㅠㅠ 건강하시고 감사합니다. 진짜 김어준 나 만지면 죽는다!!!!!!|||조국 장관은 그야말로 강철의 사나이다. 검찰과 언론이 물릴수록 강철은 더 강해진다. 김어준 회장님!! 너무 해키 해요. 그래서 나는 당신을 존경하고 존경하며 당신을 믿고 지금까지 당신과 함께 있습니다. 김어준 회장님!! 우리 자랑스럽고 사랑스러운 털복숭이 동생!! 그리고 귀여운 주진우! 존경합니다!!|||이것이 노무현 대통령의 위대한 유산이다. 우리 다시는 울지 말자!|||좋아요 버튼을 누르고 시작해보세요!|||김어준 한국의료재단 이사장, 유시민 노무현재단 이사장, 주진우 기자, 전우용 교수, 박주민 국회의원, 김종민 국회의원...|||저도 노무현 대통령 논란 기사에 속았습니다. 나는 나 자신을 싫어했다. 이제 그런 실수를 두 번은 하지 맙시다.|||김어준과 류시민이 빙의됐다! 얼마나 다행이고 감사한 일인가.|||김경록... 조국 부부는 자신의 PB임에도 불구하고 권력을 남용한 적이 없다고 생각한다. 항상 겸손하게 고맙다고 하더군요.. 늘 그렇게 말하니까 너무 아름답고 솔직한 상을 받았네요.. 정말 그냥 이야기였어요.|||지치지 말자! 포기하지 말자! 겁먹지 말자! 차세대 노무현, 노회찬을 만들지 말자!! 당신들은 훌륭한 대한민국 국민입니다!!!|||모두가 현재에 사로잡혀 있을 때, 역사가를 초대하여 이 시점을 거시적인 관점에서 바라볼 수 있게 해주는 김어준의 탁월한 시각. 시대를 앞서가는 최고의 저널리스트!|||권력을 가진 사람이 그 권력을 남용하면 어떤 일이 벌어지는지 지금의 검찰이 아주 잘 보여주고 있다. 누르다. 정치적 공모|||민주당은 말도 안되는 소리를 하는 자들을 폭로해야 한다. 지지자들에게 무시당하고 싶은 사람은 시끄러워야 한다.|||오늘도 화이팅하자! 언론 검찰 정치 다 망했어.. 서초동으로 가!!|||대단하다.... 저들은 뭘 위해 이러는 걸까요?? If the government changes, they will avoid me... I'm a man... I can't do that... I really respect you.|||검사와 판사, 언론이 사람을 감옥에 보내는 이야기는 참으로 소름끼친다. 다시 한번 김어준 회장님, 유시민 회장님, 주진우 기자님께 감사드립니다. 이 세 분 덕분에 우리는 문재인 대통령과 조국 장관을 지킬 수 있었습니다.|||검찰개혁만이 대한민국이 살 길이다.|||저널리즘의 기본은 사실을 전달하는 것이지만, 요즘은 언론사라기보다는 소설을 쓰는 출판사에 더 가깝습니다. 언론을 개혁하자. 파이팅 딴지방송!",0
LqyfEpxkkFU,"김어준의 다스뵈다 2024 총선 300대 4억 여론조사, 윤석열을 심판하러 오셨다, 배신자는 반드시 승리해야 한다","구독자 1만명 가즈아복기복기왕TV https www.youtube.com vsboktv 낚시도구TV https www.youtube.com TV wq9bi 이재관TV https www.youtube.com 2재관 한영태TV https youtube.com 이용자 ws3ry9qk8w 더불어민주당 이윤희님과 함께 https youtube.com 이용자 jz3co4iz9w 정석원TV https youtube.com 수원J 황태성 김천시 국회의원후보 https youtube.com naya25662 김철호 TV https youtube.com gumichk 포항 김상헌 TV https youtube.com user yc2uy4ib9u 춘천 허영TV https www.youtube.com 허영 원창묵 https www.youtube.com user sv8fb4jc4h 김도균TV https www.youtube.com 3Star tv 김정남TV https www.youtube.com 정남 박경미TV https www.youtube.com TV wq7jj 변광용TV https www.youtube.com bkyongtv 채현일TV https www.youtube.com TV yr2qq 황정아TV https www.youtube.com 황정아2024 류삼영TV https www.youtube.com 동작630|||우리의 험난한 지역에서 출마한 경북도의원과 독립운동가 여러분의 행운을 빕니다. 나는 끝까지 당신과 함께 할 것입니다. 경주에 사는 당원으로서 한형태 대표는 22년의 길에서 반드시 승리할 것이다. 위원장님, 최선을 다합시다.|||경북공직에 출마하는 분들을 응원합니다. 당신같은 분이 있기에 민주당이 더 빛납니다. 단지 자신을 지명하지 않겠다고 당을 그만두고 적에게로 가는 사람들보다 당신이 낫습니다. 지역을 위해 거듭 도전하시는 모습을 존경하고 존경합니다. 김어준씨는 논리적이지만 지방선거에서는 감정에 호소하는 등 비논리적인 것조차 판도를 바꿀 수 있다. 언제나처럼 지역 현실에 맞게 훌륭한 선거가 이루어지길 바랍니다. 당신같은 사람들이 있기에 한국이 발전할 것입니다.|||황정아 대표님! 이번 총선도 꼭 승리해서 그렇게 부를 수 있게 해주세요! 저는 대덕특구에서 20년째 살고 있습니다. 더 이상 이 지역이 소외된 지역이 되지 않도록 해주세요.|||내가 리더가 아니었다면 어려운 시기를 겪고 있는 후보자들을 어떻게 알 수 있겠는가... 후보자들은 지치지 않고 결국 승리할 것이라고 믿는다. 후보자들의 간절한 구호에 눈물이 납니다.|||경북지역 후보자들의 방송을 보고 정말 감동받았습니다. 괴거 투표 결과에 대해 경북 지역을 폄하하는 말을 한 제 자신이 너무 부끄럽습니다. 진심으로 노력하고 응원해주시는 분들이 계시다는 걸 기억하겠습니다.|||나 역시 특별한 블루맨이기 때문에 경북 공직에 출마하는 이들의 노고를 더 잘 이해한다. 진심으로 호소하면 효과가 있을 것 같아요. 기운을 내다!|||총선은 한국과 일본의 대결이다. 을민주당과 범야권이 뭉쳐 압승하자. 우리 모두 끝까지 파이팅 합시다.|||경북독립운동가들...진짜 민주당 후보들 힘내세요. 당신은 정말 멋지다! 이사를 가더라도 도와주고 싶어요. 감사합니다|||이재명 의원의 고향인 경북은 정말 슬픈 지역이다. 13개 지역구 중 4개 지역구에는 아직 민주당 후보가 없습니다. 4석은 싸우지도 못한 채 국력에 기부된다. 민주당이라는 이름으로 공직에 출마한 것 자체가 대단한 결정이다.|||경북후보님 존경합니다. 당신들은 진정한 민주투사들이십니다. 그렇게 하면 언젠가 경북도 바뀔 것이다.|||저는 민주당의 어려운 지형 속에서도 민주당의 기치 아래 출마한 경북민주당 후보 여러분의 당선을 기대하고 열성적으로 지지합니다.|||연기 연기된 여론조사 꽃 오늘 구독했어요. 대한민국을 위해 애쓰시는 김어준 대통령님께 조금이나마 도움이 되고 싶었습니다. 힘내세요, 대통령님.|||윤석열이 하는 짓을 보면 깡패들이 별 짓 다 하고 있을 땐 어떻게 할 건가요? 눈을 굴리는 것과 똑같습니다.|||어려운 지형 속에서도 애쓰고 계신 경북, 강원도 후보님들께 눈물로 감사드립니다. 이런 피해를 입은 사람들이 더 나은 대우를 받았으면 좋겠습니다.|||진보진영에서 200석이 넘는 의석을 확보해 뻔뻔한 거니의 나라에서 탈출하고 싶다.|||더불어민주당 경북의원 후보님들을 존경하고 감사하며 감사드립니다. 일제강점기 독립운동가들 같네요. 이것이 대한민국의 올바른 희망입니다!!! 감동받았고 사랑해요!!|||안녕하세요. 다스가족 여러분, 내일은 제80회 서울촛불행진입니다. 본행사가 끝난 뒤 오후 4시 삼각지역 13번출구에서 퍼레이드가 펼쳐진다. 윤석열 사퇴와 김건희 특검을 위한 촛불집회에 우리 모두 동참합니다.|||나는 리더가 자랑스럽다. 나는 70세의 김 대통령을 존경한다. 김어준 의원은 민주당의 보물이다.|||와 경북이 당선되면 대박 터지겠다... 나라가 갈라지겠다. 역사상 이렇게 심각한 정부는 없었다. 법을 다루는 공직자들은 이름에 한계가 있어도 중립을 취하기 어려운 조직이다. 그러나 그가 그런 편견을 가지고 대통령직에 올랐다는 것은 법과 질서의 파괴를 의미한다.|||경상도민 여러분의 행운을 빕니다. 나는 당신을 전적으로 지지합니다. 경상도여, 일어나라!|||저는 황정아 박사님을 진심으로 지지합니다. 우리 가족은 3대가 유성에 살고 있어요. 우리 가족 모두 황정아 원장님을 지지하고 기대가 큽니다. 화이팅.|||김어준 님이 하신 모든 일 중에서, 화분을 만든 것이 최고의 성과입니다.|||강남구민 여러분, 박경미 후보를 잊지 마세요. 국짐과 윤석열이 여러분의 기득권을 지켜줄 것이라 믿고 선출한 지금, 기분이 좋아지셨나요?|||경북의 독립투사후보 여러분!!! 너무 멋지고 믿을 수 없을 만큼 감동적이에요!!!! 우리의 승리를 위하여!!!! 우리는 당신을 전적으로 지지하고 응원합니다!!! 10,000명! 100,000명!!! 갑시다!!!!",0
ai0X3BqenpI,김어준의 다스뵈다 2024 총선 297화 야 한동훈 미안 충청 3인조 충격 클린스만 제명,"지금도 나라를 정상으로 되돌리려면 정부와 정부를 타도해야 한다. 선거 잘 합시다.|||나라도 엉망이고, 축구협회도 엉망이고, 감독도 엉망인 요즘, 뭐 평범한 것도 아닌데 투표라도 하자!|||정봉주 의원님, 4월 국회에 입성하시길 바랍니다.|||정봉주는 반드시 국회에 들어가야 한다.|||김어준 회장님, 건강하시고 힘내세요. 나는 당신을 지원합니다. 당신은 최고입니다. 나는 당신의 싸움을 좋아합니다. 끝까지 응원합니다.|||총선에서 승리하여 윤석열이 사라지는 그날까지 모두 힘내자 화이팅민주당!!|||어른들의 잘못입니다. 우리를 행복하게 해준 선수들을 사랑해주세요.|||최배근 교수님 감사합니다. 또 만나요, 김어준님. 나는 항상 당신을 지원합니다. 총선에서 민주당의 압승을 위해 투쟁하고 있습니다.|||노회찬은 이제 없는거 아닌가요?? 고양갑 심상정을 주면 나라 권력이 차지하게 된다. 전적으로!!!! 아니요|||김어준은 실패할 수 없어,..! 구독하겠습니다|||이 무능하고 무자비한 정권을 심판합시다. 총선에서 더불어민주당의 압승을 우리 모두 끝까지 응원합시다.|||충청도에서 인재 채용을 잘 했네요.. 세 가지 모두 확신합니다. 이거 보고 너무 기뻐... 화이팅하자!!|||민주당의 비례표가 분산되지 않기를 바랍니다. 더불어민주당의 압도적인 승리를 기원합니다.|||충청팀! 화이팅! .특히 17번 김제선은 꼭! 해당 지역의 시장이 되다|||김어준 회장님, 감사합니다.|||무능한 리더가 어떻게 끔찍한 상황을 만들어내는지 판단해보자. 룬, 몽규 OUT|||최배근 교수 같은 애국자가 또 있을까? 정말 학자입니다!!|||저는 신조국당을 지지합니다. 화이팅. 지역은 민주당입니다. 비례는 신조국당이다.|||우리의 소중한 희망의 동지, 소중한 지도자님, 훌륭한 방송인을 통해 올바른 말씀을 하시고 큰 치유의 힘을 받으시옵소서. 건강하시고 오래오래 함께 해주세요. 항상 감사합니다. 저희는 항상 여러분과 함께하며 끝까지 지지하고 응원하겠습니다.|||김어준, 총선 압승으로 더불어민주당 출마!!|||우리가 채용한 인재들은 정말 훌륭한 사람들입니다. 의욕이 넘치고, 생각이 밝고, 말을 잘하는 사람들... 그래서 그들이 민주당이다. 국민을 웃게 만드는 정치를 추구하고, 지도자와 국민이 서로 신뢰하는 사회를 만드는 투쟁하는 더불어민주당.|||애초에 김건희가 독일에 갈 이유가 있었다. 윤석열은 독일에 갈 일이 없어 김건희가 갈 수 없어 가지 않기로 결정한 것으로 추정된다.|||나는 조국을 지지한다. 나는 조국에 대한 동정심 때문에 이것을 지지하는 것이 아닙니다. 한국의 건전한 성장과 국민경제의 성장을 위해서는 언론개혁과 검찰개혁이 꼭 필요합니다. 나는 조국이 검찰 개혁 의지가 강하고 일을 잘할 수 있는 사람이라고 믿기 때문에 조국을 지지한다. 조국의 용기에 박수를 보냅니다.|||요즘은 아무 것도 제대로 되지 않으면 살고 싶은 마음이 없습니다.|||윤석렬. 건희 없이. 밥도 못 먹겠다",0
wFxeUBmy4yk,"김어준의 다스뵈다 317회 행운의 한동훈, 쓰리쿼터 체크무늬, 트럼프가 온다","우원식 어떡해! 시간을 벌어주는 국민의힘의 행동을 어떻게 설득할 수 있을까?|||우원식 위원장...당원들이 왜 추미애를 원했는지 생각해보세요...나라와 국민을 생각한다면 어떤 안건이라도 미루면 안 됩니다...협조와 공모는 절대 금지!!!!!!! 못쓰게 만들다|||탄핵이 빨리 진행될수록 나라가 더욱 정상화될 것이라고 생각합니다.|||당신의 우선순위를 알아라! 언론을 바꾸지 않고서는 개혁하기 어렵다.|||오늘 법사위 청문회와 국민당 대표토론회를 보면서 상식과 진실이 오랫동안 방치되어 있다는 생각을 금할 수 없었고, 살아남기만을 원하는 사람들에게 우리의 세금을 언제까지 내야 하는지 참 답답합니다.|||항상 우리를 깨어 있게 해주셔서 감사합니다!|||세계 각국의 국회 정청래 의장은 입법위와 사회의 리더십을 배워야 한다. 나는 모범적인 대한민국이 자랑스럽다. 감사합니다. 사랑해요.|||카운티 골프장은 3일차 야간 경기를 운영하지 않습니다.|||그러지 못하는 것보다는 상임특검을 두는 것이 낫습니다.|||우리나라와 국민이 이 역경을 잘 이겨낼 수 있기를 진심으로 바랍니다.|||안녕하세요 김어준 대표님 건강하시고 씩씩하게 지내세요. 나는 당신을 지원합니다. 즐거운 주말 보내세요. 월요일에 뵙겠습니다. 나는 끝을 기대한다.|||진보주의자는 시민으로 살고, 보수주의자는 시민으로 산다. 이 나라의 주인은 국민이고, 국민은 주님께 복종하며 살아가는 종들입니다.|||국내정치, 대외정치는 정말 최악이다. 탄핵이 답이다 국민 모두가 힘을 모아야 합니다.|||한동훈이 사과까지 한 것은 청탁행위가 있었다는 명백한 증거입니다!!|||양주가 대통령기록이니까 술꾼도 대통령기록!|||국민들이 모지리에게 투표한 게 아닌가 싶습니다. 미분류표 200만개를 빼앗아 마음대로 나눠준 범인!! 더 이상 주권이 훼손되어서는 안 됩니다!! 투표함 이동을 방지하는 법을 제정해야 합니다!!|||정부는 모든 이상 현상을 당연하게 여기지만... 끈질기게 나라를 지지하는 풀뿌리들...|||한준호 의원님, 미래의 대통령이 되기 위한 길을 계속해서 성공하시길 기원합니다.|||민주당 의원님들 대단하십니다. 이재명 의원님과 함께 나라와 국민을 위해 많은 일을 하리라 믿습니다. 나는 당신을 지원합니다.|||윤석렬이 정치 입문하자마자 대통령이 됐으니 나라가 이 모양이군요.|||김어준 회장님, 항상 건강에 유의하시기 바랍니다. 끝까지 응원하겠습니다.|||김병주 의원의 꿈 이야기는 우리 당원들이 꾼 꿈과 같아서 훈훈하다. 남들과 조금 다른 말투와 촌스러움에도 불구하고, 자신만의 진심이 전달되는 것 같아 감동적입니다. 어렸을 때 서민의 삶을 살아왔고, 그 현실을 이겨내기 위해 애쓰고, 피를 흘리고, 달리고, 열심히 일한 당신은 정말... 시대의 풍랑과 파도를 몸으로 짊어지며 당원들을 지켜주는 믿음직한 고목이 되십시오. 나는 매일 꿈을 꾼다. 당신의 믿음이 대통령이 되는 꿈을 꿉니다... 내 꿈이 현실이 되는 그날까지, 우리 잡은 손을 놓지 말자... 꿈이 현실이 되는 그 순간까지... 나를 따라오세요, 살아있는 자들.|||세 번째 부분은 ㅡLimeㅡOptimos의 Lost Money 최종 미로 게임의 문인 것 같습니다.|||한준호 의원님, 의정활동을 잘하고 계십니다. 나는 최고위원회 의원 Gazua를 지지합니다. 브라보.|||이재명 이재명 이재명 이재명",0
82r1izASPms,"김어준의 다스뵈다 322회 원조오빠 남진, 터프맨 동훈, 원정대의 데이빗","이대로 가면 독도를 빼앗길 것이다. 정말 탄핵되어야 합니다.|||매우 감사합니다.|||민주당 내 집단지성이 강한 것 같다. 당원들과 지지자들이 만들어낸 이 결과는 혁신과 진보의 가치를 이루고 있는 것으로 보인다. 젊은 정치인 선발을 잘 해주시기 바랍니다. 장경태 의원 같은 사람이면 좋겠지만, 그렇지 않고 영혼 없고 정신 없이 기회주의적, 평판 구축적, 구직 사상을 가지고 정치에 뛰어드는 정치인은 제외되어야 한다. 젊은 여성, 무조건 여성이 머리를 채우는 것처럼 기용하는 일은 절대 삼가해야 한다.|||남진 선생님이 최고예요. 우울한 요즘 분위기가 확 바뀌셨으니 건강하시고 오래오래 함께해주세요!!!|||이재성 회장은 볼 때마다 참으로 놀랍다. 겸손하면서도 비범하고, 부드러우면서도 강하고, 이상적이면서도 꼼꼼하고, 과학적인 사람이지만 매우 인간적이다. 그는 타고난 정치인이자 지도자이다. 그를 보면 볼수록 더욱 놀랍고 설렘이 느껴집니다. 부산이 부럽다.|||민주당이 옳은 일을 하도록 합시다. 탄핵이 답이다 품위있게 반박할 필요는 없습니다. 명사와 사실을 사용하여 간단히 대답해 보겠습니다. 오래 말하면 이해도 안 되고 입만 아프게 되니 이번에는 민주당이 잘하게 해주세요. 화이팅!|||김병주 의원님, 최고의 국회의원으로서 최선을 다해주시기 바랍니다. 나는 당신을 지원합니다!!!!|||데이비드 김이 당선되길 바랍니다. 방탄 조끼. 가수 남진도 멋있다.|||사령관님, 노고에 감사드립니다. 감사합니다|||이종호를 잊어서는 안 된다. 이종호 파헤치면 잡혀요.|||국회의원 전국소환제도 만들자|||김승원 더불어민주당 간사님, 안녕하십니까.|||남진이는 콧수염이 최고야!!!!!|||나는 김병주 의원을 지지한다.|||정말 민주당 만세, 지역당 대표님, 천만 민주당 의원과 500만 권리당원을 위해 총력전을 벌입니다.|||올바른 봉사를 위해 어려운 길도 기꺼이 감수하는 데이비드... 저도 나이가 많지만 존경하며, 이사회에 큰 공헌을 하는 사람이 되기를 기도합니다...|||더불어민주당 홈페이지가 엉망이라는 이재성 부산위원장의 발언에 진심으로 공감합니다... 홈페이지부터 먼저 바꿔주시길 응원합니다!!|||탄핵은 죽어가는 대한민국을 살리는 답이다.|||남진선생님 너무 웃겨요|||데이비드 김 변호사를 지지합니다! 꼭 승리하세요!!!|||김병주 의원님, 강선우 의원님 두 분 모두 너무 멋있고 보기 좋네요 항상 응원합니다.|||일제강점기 진정한 독립운동가이신 용산총독 김 장군님이 최고입니다. 구독과 좋아요는 사랑입니다.|||박근혜와 윤석열이 당선된 한국에서도 방심할 수는 없다.|||남진오빠 멋지다|||데이비드가 당선됐으면 좋겠어",0
IfNJpR6YlQk,"김어준의 다스뵈다 311회 대통령 전화통화한 사람은 누구? 스파이를 체포해, 조니?","제7포병대대장님께 응원의 말씀을 드립니다. 그가 건강하게 지내기를 바랍니다. 국민들이 지켜보고 있습니다.|||7포대 대장님, 끝까지 버텨주세요. 이제 거의 확실해졌습니다! 좌절하지 말고 국민을 믿고 힘내세요!|||포7대대장 여러분, 진심으로 지지하고 응원합니다. 승리!|||제7포병대대장님, 힘내십시오. 시민으로서 진실이 세상에 밝혀지기를 기도합니다. 나는 당신을 응원합니다.|||포7대대장, 힘내세요. 사람들은 이것을 알고 있습니다. 국민은 당신을 지지합니다. 앞으로도 건강하게 원하는 삶을 살아갈 것을 권장합니다.|||포7대대장님을 응원합니다. 힘내세요 진실은 밝혀질 것입니다.|||힘내세요, 제7대대장. 왜 억울하게 죽으려고 합니까? 부디 전력을 다해 살아서 저 악한 사람들의 최후를 지켜보시기 바랍니다. 7대대장이 무슨 짓을 했는지 알고 있으니, 포기하지 마세요. 나는 당신을 지원합니다.|||제7포병대대장을 억울하게 여기지 마세요! 박정훈 대령이 불의를 당하지 않게 하라! 잘못한 것에 대해서는 합당한 처벌을 받으십시오!|||제7포병대대장, 당신은 진정한 군인입니다. 기운을 내다. 당신같은 사람들이 있기에 세상은 여전히 ​​살만한 가치가 있습니다.|||임성근 사단장, 더 이상 거짓말을 멈추고 국민과 채해병 유족, 그리고 대한민국의 모든 의병 앞에 즉각 무릎을 꿇고 중죄를 범하라!!!|||안녕하세요, 포병대대장. 이것도 지나갈 것이다. 진실은 곧 밝혀질 것입니다.|||해병대 7포병대대장, 당신의 잘못이 아닙니다. 나는 당신을 지원합니다. 용기 잃지 마시고 힘내세요.|||드디어 시작된 22대 국회에서 이재명을 중심으로 많은 변화가 일어나길 바랍니다.|||대대장님, 힘내시고 빠른 쾌유를 빕니다. 많은 분들이 응원하고 계십니다. 가족들도 힘드실 텐데요. 힘내세요.|||박정훈 대령님! 제7포병대대장! 그리고 진실과 정의를 위해 싸우는 모든 군인과 애국시민 여러분께 진심으로 감사의 말씀을 전하고 싶습니다!|||제7포병대대장 편을 보다가 눈물이 나서 댓글을 남깁니다. 불의에 결코 굴복하지 말고, 어려울지라도 인내하시기를 바랍니다. 70% 이상의 국민이 저와 같은 마음이라는 사실을 알아주셨으면 좋겠습니다... 진실이 밝혀지길 기도합니다. 나는 당신이 해병대의 영웅이고 존경받아 마땅한 분이라고 믿습니다. 이 시간이 지나면 반드시 명예를 회복하고 존경받는 군인으로 남을 것이라 믿습니다. 물론 그렇게 되어야 하고, 그렇게 될 것입니다. 기운을 내다! 작은 댓글이라도 멀리서 진심 어린 응원을 보내드립니다!|||힘내세요 포병사령관 박정훈 대령님 힘내세요. 진정한 군인들의 명예가 회복되길 바랍니다. 진실은 반드시 승리할 것입니다. 22대 국회의원 이재명 의원과 함께 강한 민주당을 지지합니다.|||민주당은 전우용 교수를 자주 모셔야 합니다!! 떨어지기 싫다면! 잘 이해하고 행동하세요!!|||제7포병대대장 여러분, 혼자가 아니라는 점을 기억해 주십시오. 힘들겠지만 힘내세요.. 많은 분들이 응원하고 있습니다.. 진실은 반드시 승리하고, 어둠은 승리하고, 빛은 승리할 것입니다..|||김규현 변호사의 용기있는 활동에 감사와 응원을 드립니다. 조국 대표님 말씀대로 끝까지 갑시다.|||해병대 제7포병대대장의 명예가 회복됩니다!!!! 기운을 내다.|||포 7대대 사령관님, 이 말씀이 보이시나요? 우리 가족들도... 혹시 보시면 조금만 더 버티라고 말씀드리고 싶습니다. 기분이 매우 안 좋아요. 건강을 유지하십시오.|||제7포병대대장 박정훈 대령님, 힘내시고 힘내십시오. 국민들이 응원하고 있습니다.|||김명신을 체포하라!!!|||금요일엔 '다시 만나'를 보고 싶은 밤. 김어준 회장님을 지지합니다.",0
uOkxLdy6mVk,"억류자 심문한 기자, 안전 경고 받았다 채널A 뉴스 TOP 10","국내 언론은 정말 믿을 수가 없네요.|||그건 경고가 아니라 위협이에요. 조사해 보세요.|||정말 답이 없습니다......|||외국 뉴스 기지로? 말도 안 되는 일이고 국제적인 수치입니다.|||욕설로 국민을 비난하는 대통령|||와 무섭다|||미국언론협회가 언론탄압을 규탄하는 강력한 성명을 발표하길 바랍니다.|||국제적인 치욕|||이것이 한국의 현실이다.|||외신기자들에게 신변안전 경고? 독재입니다.|||진짜 국가적 위상이 녹아내리고 있다.|||나라가 안가네요 ㅠㅠ|||진짜 미쳤어...나라가|||아, 이건 다들 아시죠? 이런 일은 처음입니다.|||한국 기자들이 제대로 된 말을 하지 못하는 이유다.|||외신기자들에 대한 압박 하하하. 진짜 나라 망신이네ㅋㅋㅋㅋㅋㅋ|||모르셔도 그렇게 대답하실 자격은 없습니다 하하하.|||독재를 싫어한 건 아니지만, 못하니까 싫어했다.|||이게 나라야?? 국민들은 북한인 납치를 두려워해야 하는가??? 그리고 표현의 자유는 어디에 있나요??|||공산당은 군사정권 시대를 그토록 저주하면서도 군사정권 시대를 꿈꾼다.|||탄핵이 답이네요 진짜.|||나라가 미쳐가는데....|||이제 외신기자까지 협박하는 것 같네요 ㅎㅎ. 그들은 모두 다릅니다.|||하하 진짜 존나 무섭다!!!!|||와... 한국인이 그런 질문을 했다면 바로 쫓겨났을 겁니다. 외신기자들에게도 살해협박을 하시나요?",0
0yANNx7IQJo,"장동혁·친윤 윤한홍 앞에 똥투성이인 개, 채널A 뉴스 TOP10","장동혁, 정말 정신 차리세요. 당신은 그것을 할 수 없습니다. 나라를 구하고 싶으면 내려와라.|||3번째줄이 맞으니까 뭐라고 할 수가 없네요...|||좋아, 이걸 끝내자. 이대로라면 선거는 해결될 것이다.|||김도봉 ​​씨는 뭐해요? 그 사람이 중급 선수인가요? 중산층이 할 일이 없습니다.|||동혁아, 태흠이가 너를 탓하고 내려놓는다.|||장동혁의 사퇴가 답이다.|||한동훈 시절에는 배신자라고 소리치며 떼로 쫓아냈는데... 아, 그리고 지금은... 지루하면 막차도 못 타요.|||수도인 부산 강서쪽은 아직 어떤지 모르겠어요.|||김도읍도 실망했다|||국민의힘 더불어민주당에서 메일을 받고 정신을 차렸습니다.|||윤한홍 대표님이 최고입니다!|||잘했어요. 장동혁 정신 차려야 한다. 심각해요.|||맞는 말이 통쾌하네요. 정신을 차리세요.|||찐윤정의 찐윤 윤한홍? 왜? 또 무슨 계획을 세우는 거야?|||한동훈과 절친한 친구들... 시대변화와 정통보수를 노려라!|||진짜 똥인지 된장인지 구분이 안가시나요? 국민들이 지켜보고 있다!! 나는 당신을 용서하지 않을 것입니다|||폴더장 사퇴.|||윤한홍 모두의 판단이 옳습니다. 누구나 자신만의 요리가 있습니다.|||김건희씨는 신표유튜브 이명수 기자에게 남편과 저 윤통이 좌파 지도자들이라고 말했습니다. 노무현 대통령이 세상을 떠났을 때 일주일 동안 울며 노무현 연설을 외웠다고도 했다. 문재인이 틀렸다면 윤석열도 틀렸다고도 했다. 그래서 윤통과 그의 아내가 좌파라고 말한 것 같아요. 그래서 윤한홍을 좌파라고 한 걸까.|||늦은 시간임에도 불구하고 발언해주신 윤한홍 의원님께 ​​감사드립니다.|||거기 앉아 계신 분들은 모두 물러나주세요. 최소한 다음 선거에는 출마하지 않겠다고 선언하세요. 그러면 사과를 하면 대중이 어느 정도 관심을 보일 것이다.|||국회의원이라는 자리가 그렇게 탐나는 자리인가요? 그 자리에서 목소리조차 내지 못하는 사람은 다 쫓겨나야 합니다.|||어쩌면 동혁도 석열과 같을지도?|||이 범죄에 대한 법은 다시 공개되어야 합니다. 법은 평등해야 합니다.|||김도읍!! 지역주민도 배려해주세요",1
ULV9KZhsJd4,질문을 듣고 있던 이 대통령은 무엇을 하고 있는가? ...역질문 시작하자 빵 터진 현장,"17년 동안 변함없는 팩트TV를 위해 후원회원이 되어주십시오. 정기후원 가입 ARS 1877 0411, 인터넷신청 https goo.gl 1OjzfE|||그걸 알아듣는 대통령이 신기하군.|||김태흠 성일종한태 하라고해야지 2찍만찍어주고 일안해도 놀고먹게 나두냐 투표 잘해 균형발전할수있는다 찍어라|||대통령은 알아들었어요|||아고야 중얼중얼 먼말이야 관계되는 사람이나 알아듣겄다. 근데 대통령님은 알아 들으신듯 참 희한하네|||고생 많으세요 이재명대통령님!!! 우리아들이 잘 살수있는 나라 만들어 주느라 감사합니다 제발 제발 건강 챙기시고 다음 재임도 법으로 만들어 주세욧!!!|||양심들이 없누 표는 국짐 몰아주고 거기 지자체장이 김태흠 아니던가요? 떡열이 측근인데 떡열이때 는 뭐하고 지금 그러실까요?|||저절 알아듣는 이재명이 신기하다.|||준비된 이재명 대통령|||진짜 진심으로 우리 대한민국 역대 최고의 대통령이 이재명 대통령이네요. 정말 추진력, 실행력에 이해력까지 빨라서 같이 일 하시는 참모들과 공무원들 쉽지 않겠어요. 저 질문하는 사람이 웅얼거리면서 한참 주절거리는 걸 요점을 간파해서 짧게 정리하시는 거 보고 살짝 소름돋았어요. 진짜 우리 대통령 너무 대단하십니다.|||저걸알아듣는다고? 대박!|||웅얼웅얼 뭔소린지 알아들을수가없네 ㅡㅡ 진짜 두번다시 오지않을 자린데 저맇게 웅얼웅얼 하면 쯧쯧쯧|||역시 천재 울 잼통령님 최고 와우 옹알이를 척 알고있는 잼통령|||떨려서 속도 조절을 못하는 거 같아요|||질문을 외우지도 못한 저자는 누가 시켜서 나온것인가?|||말씀을 좀 천천히 정확하게 해야 전달력이 있는데, 좀 안타깝네요. 무슨 내용인지 솔직히 들리지가 않네요|||도대체 모르는것이 뭐예요? 잼프 국민들은 박학다식에 든든합니다. 앞으로 미래가 웅장해질거라 생각되니 감격이 밀려옵니다.|||뭔소리야? 짜증난다 요약해서 짧게 정확하게 해라 웃기는 사람이네 도둑놈이네|||1년에 1회 방문하는 것을 법무부 인원을 상주하라니|||모르는게 없는 울 대통령님!|||참으로 대단하신 이재명 대통령의 투시력 대다나다|||하......|||웅얼웅얼 웅얼웅얼 . 진짜 발음 렷같다 ㄷㄷ|||에휴 선박대리점 ㅋㅋ 지역염원이 아니라 지들 회사 염원이네|||다 알고있다",0
PsaAM9g5hLI,국민의힘 때문에 핵잠수함 지연될 수도?…우려가 현실이 됐다…무슨 일이 있었던 걸까?,"17년 동안 변함없는 팩트TV의 후원회원이 되어주세요. 정기후원 가입 ARS 1877 0411, 온라인 신청 https goo.gl 1OjzfE|||반역자 정당은 즉각 해산되어야 한다. 대한민국에게는 암이다.|||한국이 일본보다 잘사는걸 싫어하는 사람들|||민주당과 법무부는 반역당 해산에 적극 나서야 한다!!!!|||국력해체만이 답이다|||이쯤되면 반국가단체 아닌가요?|||내전을 끝내기엔 1분 1초가 아깝다. 우리는 올인해야 합니다. 국민도 나서야 합니다. 내일 오후 5시 국회역 5번출구 앞에서 국민은 촛불집회로 끝까지 일어서야 합니다.|||국력은 그야말로 반국가세력인 것 같습니다. 국익을 고려하면 현실적으로 불가능한 일을 요구하는 걸까.|||속도를 높여야 해요|||부담, 부담, 국민의 부담|||날려버리자|||이순신 장군이 거북선을 건조해도 정부는 반대할 것이다.|||대한민국에 조금도 도움이 되지 않는 국민당. 정말 징글징글하네요.|||국력당은 빨리 사라져야 한다. 나라가 회복되고 있습니다. 극우 파티!!!|||정부가 핵잠수함 사업을 방해하기 위해 일부러 이런 짓을 하는 것일 수도 있다. 언론을 통해 알려야 합니다.|||국민당이 또 우리를 막고 있는 걸까요?|||정말, 이번에는 국물을 거르지 말자.|||이건 극우도 아닙니다. 그냥 반국가단체|||이정도면 반역죄로 처리해야지!!!! 내전을 방조하고 방조하여 국가사업을 방해하는 국가반역행위이다.|||물론 어떻게든 반대하겠지만.. 국민의힘은 자국에 핵잠수함이 없고... 한국이 핵잠수함을 가지고 있다고 화를 낼테니 반대하고 지연시키겠지만...|||조속히 해산하는 것이 국익이다. 국권을 해체하지 않고서는 어떤 개혁도 어렵다고 생각합니다.|||위헌정당을 빨리 해산하라|||내란당을 빨리 해산하라, 민주당은 무엇을 하고 있는가?|||국가에 조금도 도움이 되지 않는 국가적 부담인데... 정말 사라져야 하는데... 답답하네요.|||그들은 국민의 짐이 아니라 국민의 적입니다!!!",0
sFjYoFrizM4,강력범죄 나경원 박은정 앞에서 외치는 법사위에서 나가라!,"17년 동안 변함없는 팩트TV의 후원회원이 되어주세요. 정기후원 가입 ARS 1877 0411, 온라인 신청 https goo.gl 1OjzfE|||최고입니다. 기분이 상쾌해요.|||나쁜 놈들을 몰아내세요!|||와 핵사이다!! 기분이 상쾌해집니다 박은정 의원님!! 나는 항상 당신을 지원합니다.|||사실로 사람을 때리는 박은정 의원은 정말 통쾌하다.|||나루의 휴대폰을 보면 알 수 있다. 나루에서 나오세요 박은정 의원님, 행운을 빕니다.|||벌금형을 선고받은 범죄자가 얼마나 오랫동안 자리를 지킬 수 있는지 살펴보겠습니다.|||나가, 날 보내줘|||아, 나경원 얼굴은 정말 보지 않으셨으면 좋겠습니다. 새해에는 그 여자를 볼 수 없게 해주세요.|||국권을 이기는 박은정|||박은정 의원, 속이 텅 빈 것 같아요.|||박징닝 위님이 최고다|||박 의원의 목소리는 듣기 힘든 고주파를 갖고 있는 것 같다.|||박은정 의원님! 건배! 혹시라도 알게 모르게 상처받지 않길 바랍니다.|||대한민국에서 사라질 국회의사당이란? 나경원|||예상대로, 굉장해요!|||내 버릇을 안 받아주고 못 주는 게 국력당이다... 우리 국민들 제발 정신 차리고 이 사람들을 막아냅시다.|||나경원씨도 빨리 조사받아야 합니다.|||나는 당신을 지원합니다|||조국혁신당 박은정 의원님, 화이팅!|||파루파루 추경호는 당에 속해야 한다.|||국민의힘을 버려라|||법제사법위원회가 너무 엉망이다.|||나경원. 정치. 떠나다|||정말 너무 시끄러워요",0
xupyh9X2csE,이런 정치인은 망해야지..혼자서 국가권력을 제압하는 서영교,"17년 동안 변함없는 팩트TV의 후원회원이 되어주세요. 정기후원 가입 ARS 1877 0411, 온라인 신청 https goo.gl 1OjzfE|||2026년에는 국짐당 인파를 보고 싶지 않다!|||진짜 역겹다 나경원|||입법 활동의 목적은 국회를 혼란에 빠뜨리는 것입니다.|||조배숙, 이은재, 곽규택 얼굴이 비슷하네요... ㅎㅎ 이래서 관상이 정말 중요하네요.|||서영교 의원님, 뒤에서 응원합니다. 곽규택 같은 애들이랑 장난치지 마세요.|||나가루 특검은 언제 수사할 것인가?|||우리의 총사령관|||나경원은 국회의원인가? 그 사람 전직 판사인가요? 한국의 교육제도도 바뀌어야 한다. 곽규택 전 검사입니다.|||우선 목소리가 너무 커서 반항을 압도하기 때문에 마이크가 필요없다.|||징글 징글, 반란을 해체하십시오.|||I hope that the next medical doctor will be Dr. Seo Young-kyo!! 정말 안심이 되시네요!!|||국. 징글이에요.|||서영교 의원님, 지지합니다.|||남편이 대판사인가요? 마치 제가 존엄하다고 생각할 수 있는 모든 것을 저에게 준 것 같아요.|||나경원 닥쳐, 너무 뻔뻔하잖아.|||나경원, 국회의원으로 나간다|||내전이 끝난 지 1년이 지났지만 여전히 내전이 계속되고 있어 반군은 국가적 부담이 되고 있다. 46인, 권성동, 권영세, 나경원, 김기현, 윤한홍, 오세훈, 오세훈, 김진태, 박형동, 성일동, 정진석, 곽규택, 송석준, 신동욱, 송언석, 장동혁, 조은희, 주진우, 곽규택, 김영선, 이철규, 김문수는 사회로부터 완전히 격리돼 하루빨리 내전을 종식시켜야 한다. 사람도 행복할 수 있습니다.|||국력정당은 언제 해산할 겁니까? 윽, 고구마야, 민주당 지금 정말 짜증나.|||아, 진짜 사람들은 언제 사라지나요? 세금이 나를 죽일 것이다. 국가의 힘만 보고 세금을 내고 싶지 않습니다.|||서 의원님, 나경원, 시다바리, 곽규택 의원에게 “조용히 하세요, 이놈아”라고 하신 것은 매우 예의바른 말씀이셨습니다.|||곽규택이 그런 걸 바라는 걸까?|||파루상 오겐키 데스카|||나경원 의원은 국회에 보낸 사람들이 모두 유죄다.|||아무 말도 못하고 사과밖에 할 수 없어",0
nz-r-LeWzww,"쿠팡 사태 긴급조치 요령...최민희, 전문가 답변 즉각 대응하라!",보기 드문 악덕기업임이 오랫동안 수없이 입증됐지만 시민들의 무관심이 이런 피해를 초래했다.|||다른 사이트에서도 카드를 사용할 수 있으므로 새로운 카드를 발급받아야 합니다.|||나는 철회했다.|||매불쇼에 출연하신 교수님!!|||비밀번호를 잊어버렸는데 회원탈퇴가 매우 어렵습니다. 정부에 쉽게 회원권을 취소해 달라고 요청하세요.|||정경유착으로 급성장한 쿠팡은 사라져야 한다…|||최민희는 잘한다|||최민희 회장은 국민을 위해 일하는 사람이다.,0
OoWMJB1_USw,김병기가 웃으며 728조를 지켰다! ...국가 전력이 완전히 차단된 이유는 무엇입니까?,"17년 동안 변함없는 팩트TV의 후원회원이 되어주세요. 정기후원 가입 ARS 1877 0411, 온라인 신청 https goo.gl 1OjzfE|||신속히 남북전쟁재판소를 설립하라|||내전 전담 재판소를 신속하게 설립하십시오.|||이번 일 잘했어요|||더불어민주당 의원 여러분의 노고에 감사드립니다. 내전이 끝날 때까지 최선을 다해주세요. 화이팅.|||잘하셨어요. 여러분의 노고에 감사드립니다.|||나에게 일어난 최고의 일|||화이팅하는 민주당|||그것이 사실이라면 훌륭한 일을 하신 것입니다.|||잘 지내세요... 다른 일은 그만하세요! 모두가 지켜보고 있다|||어제까지 내란당은 코가 셋이라 민주당이 하는 말은 다 거부권을 행사할 정도로 분노했는데 갑자기 입장을 바꾼 이유는 무엇일까. 또 무슨 밀실 거래를 하고 있었나요? 반란 법원 설치와 사법 개혁은 결코 타협되어서는 안 됩니다.|||정부 현수막, 이재명의 예산 삭감 현수막 허위사실 신고하러가기!!|||귀신 쫓아 내기|||국력이 나에게 그냥 맡길 수는 없었다.|||국짐당에 무엇을 주고 싶나요?|||김병기 의원님 고생하셨습니다.|||가짜뉴스가 많기 때문에 오마이뉴스나 검증된 출처만 읽고 믿으시기 바랍니다. 김병기 의원님 수고하셨습니다.|||예 ! 김병기는 잘 지내고 있다. 나는 당신을 지원합니다. 나는 국민으로서 김병기를 지지한다. 이런 저를 실망시키지 않기를 바라면서 응원합니다.|||만약 부수적인 거래가 있다면 나중에 알려드리겠습니다. 계속 지켜봐주세요, 옹기님.|||좌석의 절반 이상이 있는데 그들은 무엇을 보존했습니까? 그냥 하세요. 아무 이유 없이 과반의석을 차지했을까요? 계속 나를 속이려고 하지만 언젠가는 들키게 될 거라고 확신해요. 이낙연처럼!|||반란당이 그렇게 순종적으로 동의한다는 게 이상해요... 반란당이 큰 것을 받지 않는 한... 하지만 내일은 반란의 날이고, 반란당은 아직 건재합니다...|||병기야, 아들의 숭실대 입학 비리를 설명하라. 이미 증거는 다 나왔다고 하더군요. 그게 사실이라면 거기서 내려오세요.|||여야 합의? 이상한 거래 아니었어? 예를 들어, 그들은 반란 정당 등을 해산하지 않겠다고 말했습니다.|||아 아쉽네요.. 김병기 원내대표, 자꾸 의심이 되네요... 가짜뉴스인가요, 진짜인가요? 명확히 해주세요... 아무튼 고생하셨고 수고하셨습니다.|||김병기가 뭔가에 동의하면 사람들은 의심을 하게 된다. 그의 정체가 밝혀지면 민주당이 살아남기까지는 오랜 시간이 걸릴 것이다. 그만큼 네 잘못이야",0
BEdg2s6UxKA,나경원의 꼼수를 캐치하고 이런 짓까지 한 우원식 국회의장,"17년 동안 변함없는 팩트TV의 후원회원이 되어주세요. 정기후원 가입 ARS 1877 0411, 온라인 신청 https goo.gl 1OjzfE|||정말 다양한 것들이 있습니다. 정말........저건 정당이군요..|||최후의 투쟁|||큰 소리로 비명을 지르다|||저 더럽고 뻔뻔한 여자를 조사해서 감옥에 보내주세요.|||난 최악의 상황에 처해 있어|||반란군은 물러나주세요.|||국회법을 위반해도 괜찮습니다. 감옥은 어둡습니다. 국회법을 무시해도 됩니다.|||나경원 의원님, 최악입니다. 나경원 의원은 물러나주세요.|||경원아, 국회는 너의 것이다! 한심하다. 국민짐당 해산이 답이다. 봉기당을 하루빨리 해체하는 것은 인민의 명령이다.|||우 회장님, 벌써 57년이 지났고 저는 내원에서 63년째 근무하고 있습니다. 우 회장에게 나는 무엇인가? 하지만 이것은 값싼 행동이 아닌가? 내원은 정말 감옥에 보내면 안 된다.|||와... 완전. 해결책이 없습니다..무선마이크..|||별 짓 다 하는 나경원 의원은 격하된 사람이고, 나경원 의원은 나쁜 사람이다.|||꽤 오래전 일이겠지.. 나경원은 왜 저런 행동을 하는 걸까?|||좀 더 적당히 해보세요. 당신은 한두 살도 안 됐어요. 의사가 되지 마세요.|||아이들을 보면 부끄럽지 않나요?|||파티 이름이 이상해요|||그 반역적인 여자의 얼굴과 혀는 더 이상 듣고 싶지 않습니다. 내전특별수사 확대와 내전특별법원을 통해 내전 참전자들을 처벌하지 않는다면 국민의 반발이 클 수밖에 없다.|||나경원은 국회법을 위반했다.|||나경원은 처벌받아야 한다|||국가의 힘이 흔들리고 있습니다.|||내란 동조자들이 조속히 처벌을 받았으면 좋겠습니다.|||에너지는 놀랍습니다. 나는 하루 종일 당신을 사랑합니다.|||모든 법률을 뒤져보더라도 반드시 처벌을 받아야 합니다.|||반군 정당의 자산은 몰수되고 평생 정치 활동이 금지됩니다.",0
VumUIeWHCNY,나경원도 통일교 관계자인가?…정보 풀어내는 박지원,"내아루는 언제까지 봐야하나요?|||바다루 안입는 곳이 도대체 어디있나요?|||나경원은 요즘 여기저기 너무 많이 등장해 심각한 범죄를 숨기려고 하는 것 같다.|||남편이 판사이기 때문이죠. 공개되지 않았을 뿐입니다. 관련 내용이 이것뿐인가요?|||박지원 씨, 일하느라 너무 바쁘셔서 걱정이에요. 건강 잘 챙기세요.|||나베를 안 먹을 리가 없어요.",0
ziHmZSX0zo8,"역사상 최악의 배신자 윤한홍, 윤한홍, 배신자 윤석열","곳곳에 반역자들이 너무 많습니다. 그것은 파괴적이다.|||남자 한명 추가|||마치 개가 주인을 무는 것과 같습니다.|||윤한홍 제명 ㅡ|||여성 여러분, 국민의힘에 동참해 주십시오. 적어도 보수당은 해산됐다. 한 달에 1000원만 있으면 국민의힘에 영향력을 미칠 수 있습니다. 무엇보다 이번에 계엄령을 선포한 국민을 몰아내고 공기를 청산하는 데 큰 도움이 될 것입니다. 한동훈이 당을 수사하도록 더 압력을 가해야 한다. Everyone, please use your influence... I didn't know this, but after seeing the lawmakers apologizing for the national power this time, I thought I should protect the national power first. 사과는 국권해산의 구실이 될 수도 있다. 지금은 국권을 미워하더라도... 내전을 핑계로 해산한다면 일당제나 다름없을 것이다.|||윤한홍을 추방하라. 윤씨를 생각해보세요.|||국민의힘에서 어떻게 반역자와 반역자들이 벌레처럼 떨 수 있겠습니까? 역적을 척결하고 진정으로 나라를 사랑하는 국회의원들로 뭉치자.|||배신자는 추방되어야합니다.|||주덩의 자유와 배신을 무엇과 어떻게 선택하는가? 투표로 판단하는 수밖에... 하지만 사과에는 사퇴와 동등한 책임이 따르겠죠? 권력에 굶주린 자들의 위선적인 잔치에 지나지 않습니다.|||사람이 어떻게 이렇게 변할 수 있는지 정말 놀랍습니다.|||악인의 간에 붙어 담낭에 붙어|||그런 반역자를 제거해야 할 때입니다.|||윤한홍 즉각 추방하라.|||한홍이 미쳤어요 ㅎㅎ 너무 멀리 갔네요 ㅎㅎ 너무 멀리 갔네요 ㅎㅎ|||적극적으로 윤한홍을 쓰러뜨립시다.|||2시간의 계엄령이 어떤 해악을 끼치나요?|||엄격한 정상적인 도덕적 배.|||정말 짜증이 나네요. 윤석열 총장님은 영웅이십니다!!|||윤한홍은 반역자였으나 이제는 목적을 버리고 반역자로 앞장서고 있는 인물이다. 정말 싫어요.|||윤한홍, 배신자와 기회주의자를 처단하라.|||정말 나쁜 놈이야! 나가야 해|||하하. 정말 놀랍습니다.|||윤한홍 이놈은 즉각 추방하고 긴급체포해야 한다.|||배신자 윤한홍, 당을 떠나라.|||정말 화가 났어요",1
rXEc-99jkws,월급은 올랐지만 안정적인가요?,"거짓말을 거짓말로 덮는 이 정권을 어떻게 해야 할까요?|||생각 없고 무능한 범죄자가 무엇을 알겠는가? 내가 그를 통치하라고 부를 때 그는 말도 안되는 소리를 하고 있습니다. 그는 통치가 필요한 일만 행합니다.|||입을 벌려라! 징글 마차|||이재명은 정말 거짓말을 하고 있다. 언론은 침묵한다. 거짓언론이다!! 미디어가 없습니다! 이재명이 있다! 마나!|||사기적인 정치입니다. 사람들을 내려다보는 거죠.|||아, 심심해요.|||입만 열 때마다 거짓말을 하는 거죠.|||김혜경은 마트에 직접 가지 않고 직접 나가서 확인하기 때문에 가격이 안정돼 있다고 난리를 피우고 있다. 공짜만 먹고 돈은 자기 마음대로 쓰니까 그런 말을 하더군요.|||주유소에 가시나요?|||윤석열 정부 시절 주유소 경유 최저가는 1313원이었고, 현재 리터당 경유 최저가는 1618원이다. 물가 상승으로 국민 모두가 고통받고 있습니다.|||그것도 통계적 조작이 있었는지 검증이 필요하다.|||헤헤|||지금도 변호사인지는 모르겠습니다.|||국제원유가격은 13원 가량 하락했지만 자동차연료유는 1700~1800원까지 올랐다.|||그건 범죄입니다. 그냥 생각|||안정된? 당신 때문에 회사들이 문을 닫고 떠나고 있습니다.|||그는 가격 안정성에 대해 전혀 모릅니다. 국민의 세금으로 큰 일을 벌이는 것.|||나라가 어지러워도 국민은. 가만히 있어라.|||파한단 6,000원???|||이재명의 거짓말을 막을 수는 없다.|||그의 말과 반대로 생각하면 맞는 것 같다.|||태블릿 파티 재타이밍 Made in China 중국 공산당에 Cessé|||정부와 당은 지금도 정신을 차려야 한다.|||한여름보다 수도요금이 1만원 이상 오른다.|||항상 고 박사님을 응원합니다.",1
S6229Yr4wAg,국민의 한목소리 김현지를 공개합니다.,"김현지의 정체를 밝혀라.|||김현지 100 특검하라. 이죄명이도 함께 .특검하라|||부정선거로 선관위조작으로 사전투표를 없애야합니다|||김현지 최순실 김현지를 잡아라|||김현지 누구냐??????|||김현지 꼭 정체를 밝혀야지요 말이되요 대통령이 왜 감싸는지 모르겠다 저 여자가 도대체 뭐냐|||김현지가 누구야,나와라감옥가자.|||맞습니다|||밝혀라|||한동훈 무리들도 급하게처리해야지요|||당당하면 나와 뭐가 꼴리나 정우성아 한번 질러 김현지 나와 해봐|||사전투표 거부운동합시다|||김현지가 누구예요?|||충남에서도김현지도모든것을말하라밝혀라",1
o29wXvxgZp8,오늘 이 소식을 빌미로 폭발적인 증언을 쏟아내자 법원은 충격에 빠졌다 2025.12.10 MBC뉴스,"충격받았어, 충격받았어... 이것은 남북전쟁 재판이다.|||지귀연은 이번 사건의 심각성을 전혀 느끼지 못하고 있다.|||아직도 한마음으로 미쳐가고 있어요. 세 번째 단계에 도달하려면 10년이 걸립니다.|||아, 판사는 정말 자격이 없군요. 특별 제안을 받으러 갑시다.|||판사와 판사의 권위가 감소합니다. 중간에 중재가 전혀 없습니다. 그 사람이 판사인가요? 그는 단지 변호사의 화를 막는 사람일까요?|||지귀연이 판사인가요? 남북전쟁 재판 중에 웃으면서도 똑같은 짓을 하고 있다.|||지귀연, 변호사가 언제든지 개입할 수 있는 게 뭔데? 적당히 하세요. 나는 판사가 될 자격이 없습니다.|||사람들이 이런 일을 하니까 내란 법정을 만들라고 하잖아요.|||요즘 판사들은 변호사들을 기쁘게 하려고 노력하나요? ㅋㅋㅋ|||지귀연은 재판을 받지 않고 사회를 지켜보고 있다! 불쌍한!|||판사. 단지. 판단과. 엄숙함이 있어야 합니다. 시장을 장악하는 사람도 아닙니다. 뭐하세요? 변호사의 기분을 상하게 할까봐 두렵습니다. 나는 힘든 시간을 보내고 있어요|||안녕하세요, 지귀연 판사님, 이걸 재판이라고 하시나요? 이런 욕설조차 아깝다. 정말, 와, 이게 뭐야?|||지귀연, 정말 파문을 일으키고 있다. 변호사들은 판사를 완전히 무시하고 있습니다. 판사가 재판에 결단력을 발휘하지 못해 내란 공범 측 변호사들이 난리를 피우고 있다.|||시장도 아니고 변호사들 정말 더러운데... 판사도 허락하지 않는 말을 막지 않고... 정말 대단한 재판이네요.|||모두 변호사 협회에 불만을 제기해야 합니다. 이 사람들은 국방을 위해 일하는 걸까요???|||가운데 판사에게 치명적인 약점이 있는 것은 분명하다. 그렇지 않으면 재판이 진행될 수 없습니다.|||하... 여러분, 정말 이게 뭐죠? 이건 뭐 특별한 건 없고...|||남북전쟁재판소가 시급히 필요하다.|||이하상 변호사는 아직 구속되지 않았나요?|||남북전쟁 동조자 지귀연 ㄷㄷ|||일주일이면 끝나야 할 재판이 몇 달째 계속되고 있다. 헬기를 국회에 보내는 것만으로도 사형이다.|||넘버컴퍼니 청원인 이하상이 소란을 피우며 상황을 방해하는 것 같다.|||우리는 정말로 반란 법원을 재창조해야 합니다!!!! 윤변호사 진짜 쓰레기다!!! 지귀연 가은 무순?? 외침?? 당신은 정말로 자신의 판사로서 책임이 있습니까?? 사람들이 모두 지켜보고 있는데 무슨 일이 일어나고 있는지 궁금합니다!!!!|||아 저 조희대 꼭두각시 지귀연...|||이게 재판인가요? 특별 내전법원을 설립하라!!!",0
MW_ZwWwVSOA,연예인들이 일제히 줄을 섰는데... 소란스러운 사건들을 모아놓은 것. News.zip MBC 뉴스,"아직도 이런 연예인 이야기를 공개해 사람을 돼지, 개로 만들려고 하시나요? 오늘날 사람들의 지적 수준은 그들을 무시할 수 있는 수준이 아닙니다.|||이상해요, 그렇죠? 모든 것이 한꺼번에 폭발합니까? 혈연관계도 아닌 사람들을 엮어주면 폭발하기도 한다.|||물 그만 마시세요... 세상이 변해도 이 방법은 변하지 않았습니다.|||여러 연예인을 붙잡은 걸 보니 급한 일인 것 같습니다.|||반드시 법적 조치를 취하시기 바랍니다. 언론 때문에 죽은 사람도 많아요.|||연예인 3명이 갑자기 동시에 지옥에 간 이유!? 정치계의 관심을 돌리려고 이런 말을 터뜨렸습니다. 사람들이 나를 바보로만 보는데.. 정말.|||쿠팡인가.. 조희대.. 아니면 저 사람인가? 왜 연예인을 이용하여 은폐하는 걸까... 윤석열 시절 불쌍한 이선균을 죽였고 GD가 그를 잡으러 달려들었는데..|||사법개혁이 시급하다. 그래도 안 되면 유명인 기사로 다 덮을 거에요.|||연예인 사건을 모아 한꺼번에 파쇄하는 것은 검찰의 특기다. 이는 반란세력이 날뛰고 있다는 뜻이다.|||조희대요시 기소에 눈감아…법조계는 수십년간 썩은 방식을 따라왔다. 사회악이 바로 변호사들이라는 사실이 날로 드러나고 있는 이 시대.|||쿠팡을 덮고, 희대를 덮고, 연예인이 동네 북을 치는가?|||발굴 파견 필요|||조희대가 예약했다.|||연예인보다 도덕적이고 성실해야 하는 고위 공직자들이 계속 복무할 가능성이 높다.|||피의자 조희대가 입건된 당일, 그 전날, 그 전날 한꺼번에 일어난 일임은 뻔하지 않은가. 기자는 조진웅 사건을 어떻게 알게 되었나요?|||그들은 또 연예인을 죽이고 있습니다. 사람들이 다른 데 귀를 기울이고 있습니다. 냄새가 난다.|||연예계에서 시끄러운 소리를 많이 듣는다면 어떨까요? 대중의 눈에 숨기고 싶은 게 있다.|||왜 이렇게 한꺼번에 폭발했는지 정말 이상합니다.|||과거의 역사를 청산해야 합니다!|||조희대, 쿠팡, 지귀연, 이하상, 나경원, 조진웅 등이 내란당을 은폐하려고 폭로한 기사는 전 조선일보 기자의 말이다.|||언론은 특종을 원하고 일반 대중은 이슈를 원합니다. 그런데 캐비닛에 모아진 이슈들이 자신에게 불리할 때마다 유출되는 게 문제는 아닌가?|||조희대가 사과했나요? 윤석열이 사과했나요?? 김기현이 사과했나요?? 나경원이 사과했나요?????????|||정치인들에 대한 트롤링을 중단합시다.|||여론을 흔들어 자살하는 나라는 한국이 세계 1위다.|||징벌적 손해배상제도는 언제 국회에서 통과될까요? 연예인이라고 놀리지 마세요.",0
KBIcVRn97Sg,"독도…다카이치 황당무계한 발언에 즉각 대응, 그렇지 않다 Shorts MBC News","세종 이후 대마도에 대한 영유권을 주장하라.|||이게 나야|||독도는 우리 땅 쓰시마도 우리 땅|||쓰시마 섬 여행시에는 가지 마시고 꼭 들러주세요.|||도발하면 리더를 만들어야 하는데 쓰시마는 정말 우리 것이다.|||쓰시마는 우리 땅이고 대한민국에 반환되어야 한다. It has been proven historically.|||나는 당신을 응원합니다!!! 더 이상 말하지 말아주세요!!!!|||독도에 대응할 것이 아니라 대마도도 우리 영토라고 주장해야 한다.|||대마도는 한국땅이라 반환하기로 했으나 아직까지 하지 않았습니다.|||이제는 도쿄가 한국 땅이라는 것을 사람들에게 알려야 할 때라고 생각합니다.|||석열이였다면 단호하게 대답해줘서 너무 다행이고,,,,|||대마도는 분쟁 지역이므로 독도는 말할 필요도 없다.|||다케이치가 쓰시마도 한국땅이라고 하던가요?|||일본이 말하는 역사적 사실은 일본이 침략을 하던 1905년부터 일본 영토를 선언했다는 점인 것 같다.|||귀찮습니다. 훔치지 마세요.|||이재명 대통령은 대한민국의 희망이자 자부심입니다.|||우리는 항상 놀림을 받습니다. 쓰시마 섬. 한국땅. 그게 다야. 왜 하지 그래? 그리고. 미국. 땅이에요. 일본과 한국.|||당신은 미쳤어요|||이래서 일본이 적이다.|||윤석두가 아직 거기 있었다면 타카이치에게 독약을 선물로 가져온 셈이다.|||일본이 그렇게 한다면 독도를 통해 볼 수 없도록 대마도에 대한 영유권을 주장해야 하는데... 솔직히 대마도와 부산은 너무 가까워서 전쟁하면 너무 위험하다... 탈환해야 한다.|||독도모형을 잠실역으로 돌려보내주세요!!!!!!!!|||국민의힘은 아무 말도 하지 않았다.|||이제 일본의 도발적인 넌센스는 무기와 핵잠수함 보유에 대한 정당성을 구축하려는 것처럼 보입니다.|||나루 씨, 당신은 내 여동생인가요?",2
RFkuuGkygSQ,"조세호 결국 자진퇴사, 폭로자 또 글 올렸다…단편KBS","문제는 문제로 덮여 있습니다.|||갑자기 연예인 기사가 왜 이렇게 많이 나오는지...|||언론은 관심을 돌리기 위해 또다시 쓸데없는 일을 하고 있습니다.|||인생에 무슨 일이 일어나더라도 조심하지 않으면 한방에 무너진다. 더 높이 떨어질수록 더 많이 끝날 것입니다.|||나는 궁금하다. 이렇게 여론을 퍼뜨려 무엇을 은폐하려는 겁니까? 쿠팡인가?|||법적 결과가 나오기까지는 2년이 걸린다.|||그들은 큰 일을 은폐하기 위해 연예인에 대한 소문을 많이 퍼뜨립니다.|||겨울은 지옥의 계절인가?|||자살하지 마십시오. 억울한 일을 당했다면 끝까지 살아남아 알아내세요.|||하하, 이상해요. 무엇을 은폐하려고 하는지 더 궁금하네요.|||국민들이 얼마나 어리석다고 생각하시나요? 또 이걸 쓰는 걸까... 지겹다. 언론, 쿠팡인가, 조희대인가, 아니면 다른 걸 숨기려는 걸까? 조희대가 경고를 받았다. 나는 모든 것을 알고 있다|||돌아오지 마세요|||조세호...조진웅...타이밍이 굉장하네요 ㅎㅎ|||조씨 일가를 잇달아 폭로해 무엇을 은폐하려는 걸까.|||뭐든 과하게 하면 반드시 병이 나기 마련이다. 모두가 자신의 돈과 인맥을 과시하고 싶어하지만 가족 외에는 누구도 나의 성공을 기뻐하지 않습니다. 지금 깨닫는다면 하나님께서 도와주신 것입니다.|||초심을 잃은 사람은 아무리 잘해도 실패하게 마련입니다. 쌀이 익을수록 고개를 숙인다는 말이 다시 한번 생각납니다.|||손님이 수천명이네요 ㅎㅎ|||범인을 안다는 이유만으로 연애 상대를 놓아주는데, 범행을 저지른 국회의 판사와 검사는 왜 반성하지 않는 걸까? 기자들은 왜 반성하지 않는 걸까요? 공직자들은 왜 반성하지 않는 걸까요?|||조희대요시, 쿠팡 등의 사건 때문에 어떤 대형 정치인들이 연예인을 마녀사냥하려 하는가?|||조희대 대법원장 기소에 언론은 왜 침묵하는가. 이상하게 갑자기 연예인 관련 기사가 많이 나오죠? 조희대는 직권남용, 권리행사 방해, 공직선거법 위반 혐의로 불구속 기소됐다.|||무섭다 넌 깡패야|||이슈는 이슈로 덮여있습니다! 연예인과 관련한 이슈가 많이 떠오르고 있죠? 무엇을 덮으려고 하는 걸까요???|||언론이 쿠팡 내전재판을 은폐하려 하는데... 연인보다는 쿠팡 내전재판에 더 관심을 가져주세요.|||폭로된 내용은 쿠팡의 연막 작전이다.|||진짜 너무하다.. 연예인이 국산드럼인가요? 자신을 자유롭게 표현하는 것을 두려워하는 사람이 어디 있겠습니까? 주변 사람들, 나의 과거, 나의 가족사... 너무 무섭습니다.",0
AP2mwMrhAfY,"지귀연, 노상원의 수첩, 이거 어떡하지? 현장영상 채널A","한국법은 정말 좋습니다. 인터넷에서 다운받은 걸 메모해 놓으면 인정해준다는 건데... 법도 없고 정의도 없는 쓰레기 나라다.|||특검 수사해야…|||외화범죄로 강요하려 했으나 안 되니까 바꿔 놓고, 증거가 없으니까 군인들을 협박하거나 존재하지 않는 사실을 꾸며내며 증언을 하라고 하더군요. 정말이지, 하하.|||특검하자|||죄송합니다. AI가 작성할 수 없는 메모입니다.|||특검의 증언을 둘러싼 정황이 드러났다. 특검을 해체하고 특검을 수사하라.|||특검 진짜 ㅋㅋㅋㅋㅋㅋㅋㅋㅋㅋㅋㅋㅋㅋㅋㅋㅋㅋ|||방법은 매우 유사합니다. 태블릿 PC.... 메모 ㅋㅋㅋㅋㅋㅋㅋㅋㅋ|||인터넷 사례를 증거로 제시하고 탄핵 당시에도 활용했다.|||남북 전쟁 재판소가 돌입하기 전에 빨리 선고를 내립니다.|||그를 달래준 특검 체포!!|||이중 특검이 필요하다. 특검이 필요합니다.|||지귀연 씨도 그 수첩의 황당함에 웃고 있다. ㅋㅋ 조작, 회유, 무능한 특검.|||국가보안법 폐지 반대!!!!!!|||이것이 내전을 선동하려는 음모라는 것을 왜 우리는 모두 알고 있습니까!!!! 용기를 내어 자유대한민국을 지켜냅시다.|||거짓말과 회유로 불법수사를 한 조은석 특검!!|||홍장원이 인터넷에서 다운받은 메모 1과 메모 2도 증거인가요?|||특별검사 특별검사|||지귀연 중앙선거관리위원회 소속입니다.|||지귀연 판사님, 감사합니다. 나는 당신을 지원합니다. 힘내세요.|||특검을 달래는 특검|||그 메모를 2, 3, 4심과 내란특별재판부에 가지고 가서 어용 판사에게 뇌물을 주고 검찰의 소설을 이용해 일반송치죄와 민사소송 혐의로 감옥에 가두겠다는 겁니까? 나라가 정말 망했습니다.|||지귀연 판사님, 신중하고 정의롭게 재판해 주십시오. 좌우의 의견을 비웃지 말고 정의로운 판결을 해주시기 바랍니다. 나라가 위기에 처해 있습니다. 자신의 의견을 표현하지 말고 법을 준수하십시오.|||특별검사 특별검사!!!!!!!!!!!!!!!!|||허위진술이나 특수한 의사소통 상황이 명확하지 않은 경우에는 증거로 삼을 수 없습니다. 형사소송법 증거자료 항목 수천 건의 판례에는 증거로 사용될 수 없다고 명시돼 있다.",1
Htx52tkVbV8,지귀연 왜 자꾸 사법위기라고 하는데 법원은 늘 법대로 하는 걸까요? 현장영상 채널A,"진짜 위기는 위기인지 모를 때이다.|||법대로 했는데 이게 무슨 일이냐?|||법을 따르지 않아 사법부가 위기에 처해 있다.|||귀연... 대한민국 전체가 지금 위기에 처해있습니다.|||법을 지키지 않아서 문제입니다.|||법원이 법대로 하면 일반인이 1심에서 2~3년을 기다릴 수 있을까? 하하, 환송이 기각된 뒤 재판이 중단된 사례도 있나요? 이렇게 길어요? 그리고 대통령이 탄핵당할 때 CCTV도 보지 않고 탄핵했다고? 그리고 현 대법원장이 기각된 것도 위기 아닌가? 정말 ㅋㅋㅋ|||다들 사법부가 위기에 처해 있다고 말하지만 나만 그런 게 아니다.|||아니, 초희대에서 예약했다고 들었는데??? 대법원장이 기소됐다. 위기아닌가요??|||헌법 역사상 최고위 대법관이 기소됐다. 이것이 위기가 아니라면 언제 위기가 닥칠 것인가? 하하.|||진짜 위기는 위기가 닥쳤는데 그것이 진짜 위기인지 모를 때다.|||국회회의 CCTV도 보지 않아서 몰랐다고 하면 하하하하하 늘 위기라서 위기인 줄 몰랐던 걸까요?|||대법원장이 기소된 것은 건국 이래 처음이다. 사법부에 위기가 아닌가? 윤 총장의 안전이 정말 걱정됩니다.|||지귀연을 믿을 수 없다. 아래에|||그 사람들이 그런 말을 했으면 좋겠다...|||지귀연님, 법을 지키세요. 권력에 휘둘리는 판사들이 너무 많아요. 지금 무슨 말을하는거야? 나는 판사를 믿지 않는다|||법대로 했다면 중앙선거관리위원회에서 처음부터 제대로 검증을 했겠죠?|||대법관이 아닌 정치판사를 임명하면 사법부가 정상적으로 운영될 것이라고 믿는 것은 말도 안 되는 일이다.|||부정선거에 대해 사법부가 책임이 없다고 할 수는 없겠지만...ㅋㅋㅋㅋ|||율법에 따르면 재마이함은 왜 백성을 다스리게 됩니까? 다른 곳에 있어야 하지 않나요?|||지금 우리나라 사법부와 삼권분립이 위기에 처해 있다는 사실을 모르시나요...?|||지 판사님, 법을 지키지 않으면 큰일납니다.|||한국은 위기에 처해 있다.|||왜..검찰이 떠나는걸 보고..판사가 떠나는걸..??? 당신이 그런 짓을 하는 걸 처음 봤어요...|||법대로 하면 안되나요!!!!|||지귀연 너도 예약잡힐게",0
tSv5-pagw0A,문제를 켜십시오. 이재명 정부의 통일교 갈등이 시작될 것인가? 오늘 추가 폭로가 나올까요? 채널 A,"민주당 가지가지 한다 연결된 비리 관련자 모두 까버려|||이재명대통령은. 진작에 보고 받았을거고 도대체 어디까지 연루 되어있나? 특검은 이럴때 하는거지 김현지랑|||kbs mbc jtbs sbs 각 방송사들이 제대로 언론역활을 하라 누구의 개노릇을 하지 말고|||완젼미쳐가는군|||딜이 있었겠지|||통일교에서 민주당 돈받은거 특검 제보 받고도 수사 안함? 어디까지 뻔뻔해질수 있냐고?|||MBC JTBC 조용하네지낼 게 없어서 어쩌나|||민주당.특검하던지.아니면.통일교보다.먼져.민주당.해산하라|||살벌한일이 일어나고있다 서슬퍼런 칼을 마구 휘둘러 입틀막을 하고있다 개소름|||종교의자유까지 억압하고 중공인한테 한국파는 정권|||더불어중공당 해산부터먼저|||이죄명이는 통일교를 이길 수 없다...... 왜냐면 업보가 많아서 이다,,,,|||미처돌아가는구나|||민주장도 해산 해야지 공평하게.",1
J-pLqV59M7I,"지귀연·노상원 메모, 어떻게 해야 하나? 티조 클립 쇼츠","웃으면서 얘기해야 한다는 게 얼마나 황당한 일인가?|||가짜 메모로 판단해야 하는 것 아닌가요?|||메모가 불법이면 탄핵도 불법이 되는거 아닌가요? 불법 메모의 증거로 인해 탄핵이 발생했지만, 이는 분명히 밝혀야 할 문제이다.|||다운로드 받은 메모는 인터넷에 게시된 적은 없지만 홍장원이 헌법재판소에서 작성한 메모를 작성한 것으로 보인다.|||그럼 그게 지렁이의 증거인가요? 헌법재판소도 이를 인정한 것 같습니다. 지렁이 증거 조작으로 봐야겠죠?|||아 지렁이가 뭐라고 썼지|||지귀연 판사님, 중상모략하지 마시고 법에 따라 판결해 주십시오. 윤석열 총장이 무죄라는 것은 누가 봐도 알 수 있다.|||허위 증거로 밝혀진 홍장원이 인터넷에서 다운받은 메모와 같은 메모일까.|||정말 드문 코미디 재판입니다.|||메모가 너무 우스꽝스럽다고 판사가 웃는다.|||해당 메모는 홍장원이 작성한 것이 아니다. 진위 여부를 반박하려면 보좌관이 나서서 입장을 밝혀야 한다. 증인이 나타나면 미리 필적을 감정해 당사자인지 확인해야 한다. 글쓴이가 맞다면 증인의 증언을 들어보면 됩니다.|||판사님, 정의감이 있으신 분, 저는 당신을 지지합니다.|||가짜 메모|||아.. 뭐하는 거야?|||아니, 이것은 노트라고 정의할 수 없는 예술 작품이다.|||판사는 법과 양심에 따라 살아야 한다!!!|||제발, 범죄자들과 타협은 하지 마세요. 절대 굴복해서는 안 됩니다. 국민을 위해 법을 지켜주세요. 한 명의 범죄자 때문에 대한민국 법이 무너져서는 안 됩니다. 역사에 기억될 결정을 내리시기 바랍니다.|||지귀연 판사님, 지금 재판이 잘못되면 나라가 공산주의로 가는 것입니다. 재판을 잘 진행해주세요.|||특검은 이미 노상원씨가 직접 쓴 것이라고 밝혔습니다.|||판사님, 당신은 대한민국 최후의 보루입니다.|||법을 수호하는 정의로운 판사와 싸우는 지귀연. 나라를 지켜주셔서 감사합니다. 많은 시민 여러분과 함께 파이팅입니다!!|||애국판사 지귀연 화이팅!! 삼권분립의 자유민주주의에서는 입법, 사법, 행정이 모두 독립된 기관이다!!! 그냥 싸워서 이겨주세요 지귀연 판사님 화이팅!!|||홍장원 증언은 증거불충분으로 재탄핵돼야 한다.|||지귀연 판사님, 나라를 구해주세요.|||문상호가 증인이다.",1
DApEbmnTDXE,"정교회와 통일교민주당, 더불어민주당의 유착 의혹을 퍼뜨리는 녹취 파일에는 정진상이 언급됐다.","특별조사가 필요하다|||이재몽이 통일교회 해체를 언급한 이유다. 정진상|||정진상이라면 이재명이죠 ㅎㅎ|||찔려서 급히 흩어져야 했는데... 껍질을 벗겨도 여전히 양파껍질같아...|||도둑질하다가 실수로 돌아서는 경우.. 만지면 큰일난다..|||빨리 처벌해줘|||사악한 범죄자들은 ​​자신의 범죄에 대해 다른 사람을 비난하는 데 특화되어 있습니다.|||반드시 조사해야 합니다.|||통일교회를 없애려고 한 데에는 이유가 있었습니다. 참 투명한 사람이군요. 하하. 형편없는 것이 나올 때마다 그들이 그것을 바로잡으려고 노력하는 것을 볼 수 있습니다.|||이럴 땐 부도덕한 정치인을 모두 처벌하고 정의로운 사람을 선출하자.|||김효은 선생님은 전달력이 훤히 보이시듯, 최고 수준의 강사입니다. 그것을 위해 가십시오|||아... 퍼즐이 딱 맞아떨어지니까 그렇지|||Li Zhaiming이 참여하지 않은 곳은 도대체 어디입니까?|||나라를 뒤집어 놓을 사고가 발생했습니다. 엄청난 영향이 예상됩니다.|||현 정권에서 권력자들에게 돈을 주었다고 거짓 증언할 수 있는 미친 사람은 없다.|||특검은 민주당의 방패 역할을 하는 걸까? 민주당이 의뢰한 특별수사인 것은 사실이다.|||이번 기회에 보스부터 악당까지 모두 날려버리자.|||이재명은 통일교 측에 직접 연락했다고 밝혔다. 이것은 매우 심각한 문제입니다. 통일교회 문이 맞는 것 같아요.|||민주당 의원 특별조사|||언제 다른 나라로 도망갈 건가요?|||정진상이 끼어들면 이신명도 끼어든다. 성명이 나왔음에도 불구하고 특검은 민주당을 수사하지 않고 있다.|||현재로서는 설명이 없습니다. 필요하지 않습니다. 용해. 당신은 그것을 필요로합니까?|||전재수는 깨끗한 척 하다가 더러워진 것으로 밝혀졌다.|||내로남불당 선택적 특별수사|||웃기는 재명은 늘 거짓말을 한다. 가능한 한 빨리 그를 조사하세요.",1
xE3u9uH7yyE,"핫라인 인사 개입 의혹, 김현지, 청탁 문자 논란 또…","경찰은 무엇을 하고 있나요? 이렇게 분명한 증거가 있습니다. 국정에 관여한 김현지와 김남국을 즉각 체포하고 수사하라.|||김현지 특별수사. 민주당을 해산하라.|||지역 문고리에 대한 특검과 국정조사를 신속히 실시하라.|||김현지 회장님, 이 사람을 처벌해 주십시오.|||우리나라의 Wi-Fi는 시끄럽습니다.|||김현지 대통령님, 자리를 비워주십시오.|||현지는 도대체 뭐야? 진실을 밝혀라.|||내 여동생이 왕이야|||서로 '형제자매'라고 하더군요. 와, 다 같이 먹자.|||김현지 때문에 민주당 정권이 망할 것 같은 생각은 저뿐인가요?|||진짜 최강자 김현지는 도대체 누구인가?|||가남국 이세세는 그를 코인 비서로 고용했다.|||김현지 회장이다. 신속하게 특별입금을 하세요.|||.민주당의 진짜 대표는 현현리 의원이다.|||동네 언니, 나도 취직하게 해주세요.|||안녕, 인간들|||김현지가 회장이었나요? 이재명 국정 개입 특별수사.|||김현지 대한민국 대통령|||무기력한|||정부가 조작되고 있는 것은 사실이다. 나라를 국민이 뽑은 것이 아니라 김현지가 대통령을 뽑은 것이다.|||헌지의 정체가 정말 궁금하네요.",1
CyXb2RDuxfM,사법부는 전면전을 선포했다! 정식 버전,"봉지욱 기자는 취재왕인 것 같아요. 대전동 사건, 연어 술자리 사건 소식을 들을 때마다 화가 납니다. 커버력 수준도 놀랍습니다. 개인적으로 그는 기자들 중 최고다.|||국민은 사법부에 맞서 싸울 준비가 되어 있습니다. 법제사법위원회의 지속적인 추진을 바랍니다.|||상식이 없는 사법부는 상식이 있는 시민을 우롱한다.|||민주당이 힘든 상황이지만 힘을 모아주세요. 반란을 근절하는 것이 최우선이다. 사람들은 준비가 되어 있습니다.|||우리나라 교육을 다시 살펴봐야 하는 이유다. 직업 윤리에 대한 교육과 역사에 대한 교육이 얼마나 중요합니까?|||바를 믿지 마세요. 징계 조치는 6개월 동안 검토됩니다. 6개월이 지나면 누가 기억할까요?|||이번 기회에 대법관과 대법원장을 국민투표로 선출해보자. 그럼 위헌은 아니겠지|||최욱, 봉지욱 기자님, 검찰 조작이 드러날 때까지 지치지 마시고 계속 취재해주시길 바랍니다.|||김규현 변호사님 정말 멋지십니다. 나는 당신을 응원합니다!!!!|||남북전쟁재판은 공개재판이어야 한다!|||악은 진심입니다. 피곤하지마세요 최욱님 이번주도 수고하셨어요.|||최욱씨, 주말에는 건강한 음식과 적당한 운동, 충분한 휴식으로 배터리를 충전하세요. 힘내시고 월요일에 행복하게 만나세요. 최욱 같은 사람도 있으니 걱정할 필요는 없다. 우리는 지금까지 해왔던 것처럼 잘 할 수 있습니다. 화이팅.|||히데요시는 차기 노리나바입니다 ㅎㅎㅎ 욕심과 욕심으로 인해 인생의 말년에 빵과 함께 장수하시길 두손 모아 기도드립니다.|||조희대 특검 사퇴.|||일주일에 하루도 최욱 안 보고 안가는 내가 뭐지 ㅋㅋㅋ 좋아요 5만개 주말도 놓쳤네요 ㅎㅎ 오세훈 눈치 챘네요 ㅋㅋㅋ|||봉지욱 기자님 항상 응원합니다.|||안미현 법학전문대학원 얘기입니다. 로스쿨 학생들이 안미현씨를 집단적으로 형사고발하고 실무연수 민사집단소송도 제기하길 바랍니다. 아주 생생한 실천이 아닐까요?|||사법부의 위헌심사 요구는 이제 위협이다. 사법부가 위헌심사를 청구하면 국민은 일어선다. 사법부도 그걸 알 것이다.|||서울에는 2시간 동안 눈이 내렸는데 퇴근길에는 6.25폭동 같지 않았다. 한편 오세훈 서울시장은 출국 중이다. 아, 이런.|||사법개혁은 반드시 필요하다|||사법개혁이 이루어져야 합니다.|||조희대와 사법부는 윤석열을 보호할 뿐 아니라 국민과 맞서 싸우고 있다. 그들은 인간이 아닙니다.|||이 어려운 시기를 이겨내기가 어려웠습니다... 대한민국 국민이 악의 거인을 물리쳤습니다...|||사법부를 개혁하고 언론을 폭력의 쇼로 바꾸십시오. 정말 고마워요, 최욱 씨.|||안미현 씨, 업무방해죄로 고소해야 하나? 재심사에 소요되는 모든 비용은 보상됩니다.",0
K6Kjzdl4t_0,대통령봉기법정에 대한 우상호의 생각! 나는 수박인가? 정식 버전,"저는 성동구 주민입니다. 구청장님, 지역주민의 생활친화적 지원을 훌륭히 해내고 계십니다! 초등학교 저학년 학생들을 집에서 학교까지 데려다주는 도보 스쿨버스는 워킹맘들에게 최고의 선택입니다! 운동화를 신고 성동구 구석구석을 돌아다니는 그는 큰 인기를 끌며 주민들의 환영을 받고 있다.|||저는 성동구민으로서 정원오 시장님으로부터 많은 혜택을 받았습니다. 더 많은 시민들이 혜택을 받을 수 있었으면 좋겠어요!|||정원오 구시장님, 행정을 이야기하는 것은 어렵지 않고 즐겁습니다.|||29 49 와 성동구청장님! 저는 종로구의 배달기사인데, 카페에서 항상 인천 날씨를 확인하고 있어요. 인천에 눈이 오면 1시간 30분, 2시간 안에 서울에 올 확률은 90이 넘는다.|||이준석은 어린 윤석열이라는 사실을 모르는 게 바보의 극치다.|||역사교육과 도덕교육을 강화해야 합니다. 이명박 시대에는 국정원과 기무사령부가 동원돼 일베키녀의 역사교육을 약화시켰다. 역사교육, 특히 근육-혀 대화를 강화하는 것이 그 해답이다.|||정원호 성동구청장... 안경 바꾸고 보니 정말 최욱 닮았네요!!!|||김선! 오늘 내용도 좋았어요!!! 센스있는 역사 선생님이 되어주셔서 감사합니다!!|||배우 조진웅에 대한 이야기를 들으면서 느낀 점은 박구용 교수는 이 문제를 원리와 구조의 차원에서 바라보는 반면, 최욱 앵커는 이 사건이 소비되는 방식과 현실적인 감정에 집중하는 것 같았다. 둘 다 타당한 관점을 가지고 있었지만 대화가 서로 다른 질문에 대답하는 것처럼 들렸습니다. 어쩌면 그래서 더 많은 생각의 여지를 남겨준 토론이었다고 생각합니다. 오늘도 밀도있게 방송을 들었습니다. 감사합니다|||박구용 교수는 함정에 빠진 것 같다. 다른 건 없고 그냥 이명박 세대다. 저는 15년 전 대학생이었을 때 개인교습을 했습니다. 중학생들과 함께 수업을 들었는데, 그들의 부모님은 모두 맞벌이 부부였습니다. 그때 초인종을 누르고 들어가보니 다들 일베와 다른 커뮤니티에서 활발하게 활동하고 계셨어요. 그 중 한 분은 광주민주화운동이 날조였다고 웃으며 말했고, 마음이 아팠습니다. 어디서 봤냐고 묻자 그는 입을 다물었다. 그 친구는 착하고 밝은 아이였어요. 아이들은 그냥 그렇게 잘라요. 그게 다야. 이래서 나는 이명박을 절대 용서할 수 없다.|||쿠팡의 심연을 실감한 듯 연예인 뉴스에 눈을 돌리고 조희대 기소장을 휩쓸기보다는 언론이 진실을 쓰고 목소리를 내주세요! 레거시 언론들은 왜 다 조용해!!!!|||정원오 성동구청장이 서울시장 돼야|||죄송해요, 바빠서 생방송을 못 봤는데, 지금 보고 있어요.|||정원오 서울시장을 뵙고 싶습니다!|||원오구시장이 안경을 바꾸다니 참 웃긴다.|||10대와 20대 극우 성향의 행동 원인 중 90%가 게임 채널이다. 이 분야에서는 황희두 선생님의 말씀이 가장 설득력이 있다고 생각합니다. 정부는 청년층을 극우로 양극화시키려는 목적으로 수년간 게임채널을 통해 체계적으로 여론조사를 진행해 왔다.|||좋아요. 눈에는 열선이 가장 좋습니다. 나는 그것에 대해 생각했다. 시장님은 매우 열정적입니다.|||다른 지역 시장들은 예산을 사용하여 열선을 설치하고... 새로운 보도 블록을 양호한 상태로 설치합니다. 우리 지역에서는 연일 도로를 파는 일이 벌어지고 있어 걷기도 힘들고 사람들이 넘어지는 일도 벌어지고 있습니다.|||믿고 시청할 수 있는 방송|||오늘 들으면서 우리는 정말 행복한 나라의 국민이라는 생각이 들었습니다. 방글라데시 민주화 시위에 참가한 시민들은 1400명이 목숨을 잃은 가운데 국제적인 관심을 받지 못했다고 울부짖었다. 그리고 이 눈물이 4·19, 5·18, 6·1항쟁의 시민들에게 빚으로 흘려지리라 생각합니다. 강의해주셔서 감사합니다. ㅣ그동안 부진한 시련과 형벌로 힘이 빠졌는데, 이 이야기를 듣고 더욱 힘내봅시다. 다시는 전두환 사면의 역사를 반복하지 맙시다.|||김은혜부동산을 확인해보세요.|||현대사 교육을 강화해야 합니다.|||혐오현수막 제거 이야기가 정말 마음에 들었습니다. 저는 종로구 주민인데, 아침에 출근할 때 이렇게 종로구, 중구, 강남구를 지나다닙니다. 정말 죽여주네요. 저는 일이나 다른 어떤 것 때문에 스트레스를 별로 받지 않는데, 이 배너는 정말 죽여줍니다. 매일 나의 하루는 대통령이 욕하는 모습을 보며 시작된다.|||최욱이 최고야 오정원 성동구청장님께 감사드립니다. 서울시장님께 진심으로 바라겠습니다.|||오늘 소식은 아주 좋을 것 같아요. 살펴보겠습니다.",0
smZ4iQkqzOg,계엄령 링크를 찾았어요! 임은정은 설명이 필요하다.,"최욱 씨, 오늘 감동받았어요. 세세한 부분까지 놓치지 않고 짚어주셨네요. 잠을 언제 자는지조차 궁금합니다. ㅋㅋㅋ|||조희대 지지연 내전판사 이정제 즉각 구속하라…|||누가 뭐래도 우리 욱이 최고다. 우카 씨, 정말 고마워요. 당신이 있어서 늘 힘이 납니다.|||남북전쟁을 종식시키기 위한 길은 멀고도 험난합니다. 지치지 말고 끝까지 잘 마무리하자. 역사상 중요한 교차로입니다.|||역시 신뢰받는 기자 최욱은 날카로웠다. 매불쇼를 능가할 수 있는 미디어는 없습니다!!! 최고|||조희대, 지귀연은 처벌받아야 한다.|||사법부 내부 통제 시스템이 썩었다. 대부분의 조직에서는 일정액수를 초과하면 형사처벌을 하고, 일정액 이하의 비리행위가 적발된 경우에도 내부징계절차를 진행하지만, 가장 깨끗하다고 ​​여겨지는 법원은 부패가 발생하더라도 시스템을 운영하지 않습니다.|||판사들의 특권의식 때문에 자신들의 판결이 무조건 성역이어야 한다는 이상한 망상을 품고 있어 법왜곡죄에 반대한다. 비록 지구연을 명백히 비판하고 이 정도의 법왜곡은 반드시 처벌받아야 한다고 밝혔음에도 불구하고, 법왜곡죄에 반대하는 것은 지구연처럼 필요하다면 법을 왜곡하고 싶다는 뜻을 드러내는 행위로 보아야 한다.|||매불쇼를 만들어주시는 모든 분들께 진심으로 감사드립니다.|||남미라 시차가 있지만 좋아요가 12만개밖에 안됐는데... 그런데 오늘 이렇게 중요한 사실을 알려주셔서 정말 즐거웠습니다. 두 의원님, 고맙습니다. 천재 앵커 최욱의 두뇌와 열정이 대중에게 각인됐을 거라 확신한다. 2|||백해용선팀의 조사 결과를 기대합니다. 수사를 방해하지 말고 즉시 영장을 발부하라.|||국정원을 이렇게 하면 폐지하고 기관을 새로 만들어야 하는데... 국정원장은 아직도 있는데.... 이게 우리나라의 큰 문제입니다.|||매불쇼가 최고입니다. 나는 항상 당신을 지원합니다.|||최욱씨 검찰은 정말 무법천지입니다. 기다리세요. 사람들은 그를 끌어내리고 엄중히 처벌할 것이다.|||마약 수사는 반드시 특검으로 가야 한다.|||내전은 완전히 해결되었습니다. 그것에 대해 더 많이 알수록, 이 세상은 무서운 세상이고 악마가 진짜라는 생각이 더 듭니다. 마약 수사를 제대로 해야 이 나라가 설 수 있다고 생각한다. 오늘 방송 다시 한번 감사드립니다!|||얼마나 긴장됐나요? 남북전쟁 당시 살인미수를 당한 사람들을 그냥 놔두는 것은 정상이 아니다. 검찰, 판사들 정신 차려라, 기생언론!|||이는 국가와 국민의 미래가 달린 마약 문제다. 우리는 그것을 그냥 무시할 수 없습니다. 특검으로 가야한다!!!|||조희대, 지귀연은 필수!! 저들은 반드시 처벌을 받아야 합니다!!|||사법부 판사 조사든, 마약 수사든... 실망스럽다고 하기엔 부족하다. 진실을 밝혀주세요|||매불쇼는 웬만한 영화보다 재미있습니다!!!!!|||개헌안에 내전의 조짐만 있어도 끝까지 조사해서 처벌하겠다.|||추경호 20억원 뇌물수수 의혹 별도 수사 필요|||마약사건, 이렇게 간과해서는 절대 안 됩니다! 타워보스를 밝혀내야 합니다!!|||마약수사를 끝까지 처리해주세요!",0
51vhxEQow6c,폭설 때문에 화장실도 못갔는데... 오세훈은요?,"한강버스에 예산을 다 썼기 때문에 제설차를 살 여유가 없는 것이 아닐까? 하하, 정말 답이 없어요.|||문제는 누구를 비난할지 투표한 유권자들이다.|||그의 눈도 물이다... 오세이돈은 물에 대해 성실하다.|||공직자책임제를 제정해 공직자들을 직위에서 사퇴시키고, 처벌 책임을 지게 해야 한다.|||오세훈 사진 찍은 사람들은 한강버스 타야지...|||성동구청장이 서울시장으로 나오면 좋을 것 같아요. 당신은 일을 정말 잘해요.|||이번에는 서울시민 여러분, 좋은 일꾼으로서 시장을 알아봅시다.|||맞더라도 한 장 더 찍을게요.|||서울 사람들이 돈만 지키면 된다고 해서 문수을을 다시 찍어봤는데 아, 서울 참 대단하네요.|||오세훈은 바쁠 텐데요. 그는 마지막 순간에 바빠서 시간이 많이 남지 않았습니다. 서울시장 ㅋㅋㅋㅋㅋ|||도대체 서울시민들은 국력이 좋다는 게 뭔데?|||다섯 살 훈이가 서울을 봉쇄하려 한다.|||아 세훈아 이래서야! 이럴 때 탈 수 있도록 한강버스를 만들었어요. 부두에 인생을 맡기고 탑승하십시오.|||베트남 온천에서 따뜻한 마사지를 받고 있었어요!!!|||오세훈은 따뜻한 베트남에 있다. 너무 웃겨서 살 수가 없어요. 오세훈|||서울에 사시는 분들은 사람 보는 눈을 키우세요.|||그는 현명한 척하는 서울시민들이 선출한 시장이다.|||관심도 없는데 한강에는 왜 배들이 있는 걸까요? 폭설과 폭우가 늘어나고 있어 이에 대한 대비가 필요합니다. 내 머리 속에 무슨 일이 일어나고 있는지 궁금해|||동남아 여행을 갔다고 들었는데...|||부산과 대구를 비난할 필요는 없다. 그럼에도 나는 다시 오세훈에게 투표한다.|||투표 잘해주세요|||쌀국수 먹으러 나간 185세 후니|||빨리 한강버스를 탔어야지.|||시장이 서울에 없어 제설작업조차 불가능할 정도로 시스템이 엉망이다. 돌아다니면서 뭐해요? 한강버스 같아요. 그것에 돈을 쓰지 마십시오. 시민들이 필요로 하고 원할 때만 하십시오.|||해외에서 놀아요....",0
GLxKSy59Gn4,국회의장을 사퇴한 인요한이 잊지 못할 말을 남겼습니다,나는 이 사람들이 항상 말도 안되는 소리를 하는 것에 너무 지쳤습니다!!|||그들만을 위한 파티. 사라지다.|||이 이중국적자도 미국을 위해 스파이 활동을 했는지 철저히 조사해야 한다. 아울러 탈북 국회의원들에 대한 철저한 조사도 필요하다.|||조상들의 선행을 막은 자|||통일교회와 관련된 일이라 피곤해서 달리는 것인지 궁금합니다. 퇴직하더라도 책임을 져야 합니다.|||돌아가신 아버지의 명예를 무시하는 혀!!!!!! 돈과 기득권의 카르텔 쯧쯧|||아버지의 위대한 업적을 욕하는 놈이군요.. 참 극우 성향이군요..|||슬슬 도망치기 시작하는군요.|||빵과 함께 가세요|||진짜 이해 안가는 사람 중 하나|||뭐하세요?|||머리가 완전히 깨졌네요.|||도망가고 있는 거야?|||그것은 무엇입니까? 김건희가 한 짓은 윤석렬보다 더 역겹다.|||대답이 없습니다. 멈추길 잘했어요.|||관심을 표출한 선거구들은 반성하고 이런 사람들이 다시는 국회에 출마하지 못하도록 해야 한다.,0
BtmDYY8osmA,"김어준의 겸손은힘들다 뉴스공장 2025년 12월 2일 화요일 김용민, 김완, 오혁진, 김승원, 노영희, 신용한, 주진우, 박종찬, 주식아가방, 겸손공장","쿠팡이 적극적으로 해결하고 있는 것은 없다. 최소한 TV나 신문에 광고를 해서 정보 유출을 차단하는 방법을 사람들에게 알려야 합니다. 사실을 숨기거나 은폐하려는 기업은 더 이상 그럴 수 없습니다. 과로사, 일용근로자 퇴직금 미지급 사건에 대한 조사에 외압이 가해지고 있다. 대통령은 미국의 적이다. 회사 공개는 미국에서만 이루어집니다. 퇴직을 앞둔 판사와 검사들이 넘쳐나는 이런 비양심적인 회사에 맞설 수 있는 대안회사가 없다는 것이 답답하다.|||사법부를 혼미하게 만드는 사법개선법을 제안하라. 공정하지 못한 조희대 대법원장 권력을 모두 빼앗아라.|||대통령께서 반란군과 국가범죄자들을 그들의 상속인까지 포함해 철저히 조사해야 합당한 처벌을 받을 것이라고 말씀하셨습니다.|||박종찬 국장이 나와서 출시 방송 때 듣지도 못했던 잠입부서의 긴급사항을 들을 때 더 열심히 했다는 걸 느낄 수 있었습니다. 한우연님, 행운을 빕니다.|||지방선거 반발을 논할 것이 아니라 내전 동조자 전원을 형사처벌해야 한다.|||무장한 군인들이 급하게 달려가는데도 눈에 상처가 될까 봐 목까지 겨냥할 정도로 배려심이 깊었다.... 와!!! 참신하다. 철저히 조사하여 합당한 처벌을 내리시기 바랍니다.|||나는 모든 법률 조항에는 법의 왜곡을 방지하기 위한 목적이 부여되어야 한다고 믿습니다.|||반역죄와 법왜곡죄는 사면 없이 처벌해야 한다. 그런 법이 없다면 법을 만들어서 최종적으로 만들어주세요. 그런 불법적인 행위를 생각조차 하기 어렵게 만들어야 합니다.|||스톡백을 집중적으로 시청하여 편집하시기 바랍니다.|||검찰청 폐지가 78년 만에 완성됐다. 뿌리 깊은 사법부 부패를 청산하는 일은 훨씬 더 어렵고 어려울 것이다. 법안을 꼼꼼히 검토하다 보니 늦어진 건 알지만, 국민 입장에서는 많이 답답했습니다. 이재명 대통령님, 정청래 의원님, 추미애 법사위원장님이 계셔서 다행입니다. 나는 끝까지 남북전쟁 청산을 지지하겠습니다.|||공장장은 과학 관련 인터뷰에서 빛을 발하며 누구보다 재미있다.|||계엄령 해제 이후 조희대가 누구로부터 전화 지시를 받았는지 즉각 조사해야 한다.|||총구를 막는다는 것은 군수품을 빼앗는다는 뜻인데... 그런 시각으로 세상을 볼 수 있다는 게 놀랍다. 그 변호사들을 남북전쟁 참여자로 본다면 이는 사실이다. 즉, 그 변호사들도 내전 관련법에 따라 처벌을 받아야 한다는 것이다.|||정말 꽉 찬 쇼|||계속해서 숨어 지내는 악질 조희대를 즉각 붙잡아 엄중히 조사하고 처벌해야 한다.|||난 끝을 봐야 해|||역사를 망각한 자들은 그것을 반복할 수밖에 없습니다.|||김용민 의원님이 계셔서 얼마나 다행인지 모릅니다. 꼭 필요한 법안을 제정해주신 김 의원님께 ​​감사드립니다.|||김용민 대표님, 와!! 일 정말 잘하시네요 양복입은 입법검투사님!!|||우주분야 공장장을 인터뷰할 때 정말 빛이 난다. 그가 모든 것을 알고 질문을 할 수 있다는 것은 정말 멋진 일입니다.|||분명해, 분명해! 바쁜 출퇴근길에 놓치신 내용이 있다면, 다시 한 번 들어보시는 것도 나쁘지 않습니다. 공공서비스와 결합해 내 삶의 생산성을 높여주는 민주진영의 천년나무|||재고가 좋은 상품입니다. 나는 좋아 보인다.|||마스코트 최서영PD 화이팅!|||내전을 철저히 규탄하지 못한 페루는 수많은 인명 피해를 입었다. 잊지 말자! 철저하게 규탄받지 못한 과거의 군사쿠데타가 현재의 12·3 내전으로 돌아왔다. 사법부는 철저히 조사하고 철저히 규탄해야 한다! 내전 전문 법원 설립이 시급하다.|||눈 손상이 두려워 목에 총구를 쐈다고 하는데... 법정에서 그를 대리하는 변호사... 비정상적이고 비합리적인 사람들이 이런 짓을 하는 게 정말 정상일까요??? 우리는 정말 무서운 세상에 살고 있습니다. 국민들이 정신을 차려야 한다... 아직 내전 중인데... 언제까지 지켜봐야 하는지...",0
sYqT6FQjAbg,"정준희의 논 12.3 1년의 내전, 함께 울고 웃던 우리 친구들ㅣ최욱","오늘 너무 좋았어. 사실 매불쇼 때문에 참았어요. 탄핵안이 부결되자 주말에는 왜 매불쇼가 없나 싶었고, 매불쇼에 유시민 작가가 특집으로 출연하자 비명을 질렀다. 나에게는 안정감이 있었고, 아직도 우리 사회에 나와 같은 생각을 하는 사람들이 있고, 내 생각을 전달하는 방송이 있다는 사실이 다행이라고 느꼈다. 오늘 방송을 준비해 주셔서 감사드리며, 남북전쟁 특집을 위해 최욱 인터뷰가 필요하다고 생각하신 정준희 교수님의 통찰력에 감탄했습니다. 미디어학자로서 언론과 미디어에 대해 쉽게 간과할 수 있는 점들을 지적해주셔서 감사합니다.|||뉴스팩토리와 매불쇼와 함께한 지난 1년은 화도 나고 위로도 되고 속상도 하고 걱정도 되고 안도도 되는 시간이었습니다. 아직 끝나지 않은 내전으로 인해 많이 지쳤지만, 끝까지 응원하고 함께하고 싶습니다. 감사하고 감사합니다.|||정준희 교수는 다정한 눈빛과 자랑스러운 미소로 욱을 바라보고 있다.|||김어준과 최욱이 없었다면 남북전쟁 이후의 상황은 지금보다 훨씬 더 혼란스러웠을 것이다. 너무나 감사한 두 거인|||최욱 보러 왔어요.. 흔치 않은 영상이네요.. 최욱님도 전문가이시네요.. 하하하하 최고네요.|||최욱을 만나러 왔어요 ㅎㅎ|||지난 1년 동안 수고와 수고가 있었기에 버텼습니다. 매우 감사합니다. 두 미디어는 결코 경쟁적이거나 상호 배타적이지 않습니다. 분명 공통분모는 있지만, 사람마다 각자의 역할과 색깔이 있다. 우리는 더 이상 하나만으로 만족할 수 없습니다. 오늘 방송 정말 좋았어요. 동료와 매불쇼 만세!|||오전에는 공약하러 오고, 점심에는 매불쇼, 저녁에는 남천동 세 방송이 있었기에 제가 1년을 버틸 수 있었습니다. 모두 감사합니다. 앞으로도 계속해서 응원해 주세요!|||저는 남북전쟁 이전에는 정치에 전혀 관심이 없었던 사람입니다. 지난 1년 동안 유교, 매버릭 쇼를 들으면서 정치 저관여 집단에서 어린 발걸음을 내디딜 수 있도록 도와주셔서 감사합니다. 내전 종식은 아직 진행 중인 작업이라는 점에 깊이 동의하며, 끝까지 두 방송사와 두 분을 응원하겠습니다.|||예전에는 김어준이 장판파의 장비처럼 홀로 모든 적과 맞서 싸웠다면, 이제는 최욱이 조자룡으로 그의 곁에 있는 듯한 느낌이 든다. 너무나 안심이 되고 강력합니다.|||정말 최욱님 덕분에 한 해를 살아 남았습니다! 정말 고마워요, 우리 영원한 광대님.|||좋아요. 정말 계엄령이 내려진 1년 동안, 오전에는 함께 일하고 오후에는 매불쇼를 듣고 보면서 위로를 받으며 버텼습니다. 매우 감사합니다.|||뉴스팩토리 매불쇼 보스 남천동 2024 1203 없었으면 큰일났을거에요!! 내 옆에 있어줘서 너무 고마워요|||매불쇼는 지난 한해 정말 소중했습니다. 특히 유시민 작가의 끊임없는 출연으로 현 상황을 분석하고 다양한 조언을 해준 덕분에 우리가 극도로 악랄한 윤정권 시대에서 살아남을 수 있었다고 해도 과언이 아니다. 그리고 남북전쟁 1년차, 지금은 좀처럼 듣기 힘든 최욱씨 자신의 이야기를 들을 수 있어서 너무 좋았습니다.|||감동적이에요. 용기 있고 친절한 사람들이 있기 때문에 우리의 미래는 실패하지 않을 것입니다. 남태령연합이 북클럽을 통해 연대를 쌓아가고 있다는 사실. 박수 갈채. 새로운 사명감으로 오프라인의 중요성을 일깨워주셔서 감사합니다. 오늘도 정준희 샘의 말이 신호등 역할을 한다.|||겸손, 매불쇼는 TV 종합뉴스를 완전히 차단했다. 그들은 최고의 방송인입니다.|||겸공님과 최욱님의 콜라보레이션을 기쁘고 응원합니다.|||세상이 좀 편해지면 최욱도 옛날로 돌아가서 웃기려고 열심히 일할 것 같아요. 하루빨리 편안한 세상이 오기를 진심으로 바라겠습니다 최욱님 화이팅!!|||공직자이자 매불쇼인 유시민 작가 덕분에 내전을 버틸 수 있었다. 감사합니다.|||우기형이 등장해서 좋았어요. 개인적인 바람이 있다면 겸공과 매불쇼가 서로 의지할 수 있었으면 좋겠다. 그리고 노무현재단에서는 유시민 작가, 김어준 공장장, 우기형 셋이 함께 방송하는 그날을 기다리겠습니다. 우키형의 생각을 자주 듣고 싶어요. 게스트로 자주 나와주세요.|||최욱!!! 저는 매불쇼를 매일 보는 것을 좋아합니다. 오후 1시 59분에는 다른 채널을 시청하고 있어도 매불쇼 가서 좋아요 누르고 시청합니다. 재미있고 설명도 이해도 매우 쉽습니다. 댓글에 너무 스트레스 받지 마시고 계속 방송에 최선을 다해주시기 바랍니다. 제 주변에는 매불쇼를 좋아하는 지인들이 많아요. 최욱님 정말 사랑해요.|||최욱이 좋다. 우리와 함께 해주셔서 감사합니다.|||김어준은 아빠 같은 느낌이었고, 최욱은 엄마 같은 느낌이었다. 내전때 떨고 있었는데 긴장하면서도 긴장하지 않는 척 해주신 감독님 덕분에 마음을 다잡을 수 있었고, 같이 긴장하던 최욱 선배님도 호들갑 떠는 것을 멈추고 정신적으로 함께 나가주셔서 많은 위로를 받았습니다. 하루하루 아무런 희망도 보이지 않는 그 순간에도 그 둘이 우리 편이라는 생각은 결국 우리가 이길 것이라는 확신을 주었습니다. 너무너무너무 고마워요|||최욱과 겸공의 콜라보레이션!!! 정말 행복했어요!!!! 최욱님 많이 피곤하셨을텐데 12월 3일 겸공스튜디오에 선물처럼 와주셔서 정말 감사했습니다!!! 어준지사님은 불쇼 한 번 쯤 가보셔야 하지 않겠습니까!?? 최욱 최고였어!!!!!!|||뉴스팩토리와 매불쇼는 우리를 살린 방송입니다. 이번에는 정말 대단합니다. 함께 지켜보세요.",0
dEBjgllE4dg,속보 정동영이 통일교 뇌물수수 의혹에 대해 입장을 밝혔다. 밋밋한 내용 연합뉴스TV,"싸그리 잡아드려 무기징역 해야 지|||종교든 여든 야든 불법이 고의적인놈들은 전재산몰수하고 사형시켜야한다|||돈에 환장 했네|||통일교.문제있는민주당도.모두특검을.해야됩니다.|||이 사람들은 우선 사실무근으로 부인부터 하고 그 다음은 직을 사퇴하고 그 다음 탈당하지요. 이러는 사이 김현지, 장경태는 관심 밖으로 ...|||나이70이후무슨장관한다고 참기가막힌정부|||본인부터 법을 지켜라|||속이 타겠구나!|||오리발 작전 시작|||민주당이 통일교와 연예인들 뚜드리는 사이에 김현지와 장경태가 슬그머니 사라졌습니다 ㅠ",2
xA4D-9jlmVo,누가 법정 공휴일로 만들고 싶나요? 매우 극단적인 좌파 정권이다.,"인터넷TV 신규 가입시 최대 48명, 이동통신사 변경시 최대 30명, 정수기 렌탈시 최대 30명 총 108만원 혜택! 타사보다 혜택이 적을 경우 차액 150% 보장 https abit.ly 89klwr|||물론. 너무 많이 쉬면. 나라가 망했어|||대장동 주민들에게서 천문학적인 돈을 횡령한 대장동 주민들을 법정휴일로 처벌하는 날을 만들어주세요.|||절대 불가능합니다|||탄핵만이 답이다!!|||이 범죄자를 빨리 검거해서 조사하고 진압해야 합니다.|||민주당 해산 기념일이 될 수도 있다.|||계몽절은 태극기를 게양하는 날..|||그냥 하고 싶은 대로 하세요|||범죄자들을 빨리 몰아내야 정상적인 세상이 올 수 있습니다.|||미친 나라네요.|||미칠 것 같아, 내 빌어먹을 날은 얼마 남지 않았어|||그들이 원하는 것은 무엇이든하는 갱스터 정치.|||이제 일반 범죄자가 대통령이 됐으니 하고 싶은 대로 하는 일반 범죄자! 이제 그는 왕이다! 개딸들이 너무 많아서 맨날 웃어요! 저 일반 범죄자는 수갑 차고 감옥에 갔으면 좋겠어요!|||돈이니까 관련자들에게 줄게요.|||빨리 탄핵하자|||대장동 시체는 언제 탄핵되나요?|||법정 공휴일로 지정하세요. 태극기를 들고 광화문 집회|||아니요, 국회도 마찬가지입니다. 이 정부 직원들은 뭐하고 있나요? 그들은 말이 되는 말을 해야 합니다. 마치 악한 일이 벌어지고 있는 것처럼 느껴집니다. 국회는 마구잡이로 새로운 법안을 만들고 있다. 무슨 일이야? 사람들은 신경도 쓰지 않습니다.|||다양한.|||시끄러운 소리를 내다가 잠이 들었습니다. 이것은 누구의 제안에서 나온 것입니까?|||516일은 공휴일로 기념되어야 합니다.|||6 25일은 법정 공휴일이어야 하지 않나요? 솔직히 휴전협정의 날인 7일은 법정 공휴일이어야 하지 않나요? 9 인천상륙작전일인 15일은 법정공휴일이어야 하지 않나요?|||시사평론가 박상규 씨 말이 맞습니다. 나는 당신의 올바른 말을 기다리고 듣겠습니다.|||공휴일을 마음대로 만들려고 하면 살기 좋은 나라를 만들 수 없습니다. 공휴일을 마음대로 만들면 끌려가기 전에 내려오세요.",1
GCZNwokzqDc,"권순표 뉴스하이킥 국력 윤한홍 똥덮힌 개 직격탄…격투 멤버 장동혁, 당내 외톨이가 될까? 최형진, 기추자, 이정은, 김용민, 박지훈, 이상민이 거의 없다.","사실 국민은 목숨을 걸고 이를 막았지만 조희대 사법부는 무너져 충성을 다했다.|||장성철. 비평가. 사임해야 해요... 이렇게요. 감정. 나는 아무것도 가지고 있지 않습니다.|||하단에 보면 어떤 모습인지 알 수 있습니다. 감독말 펄팩|||장성철은 생계를 유지하기 위해 고군분투한다.|||장성철은 이기주의자다. 그는 자신이 뭔가 잘못했다고 말하면서도 한편으로는 반역을 옹호한다. 나는 그 사람이 지겹다. 나오지 마세요.|||장성철은 엑스파일 사건으로 인해 그런 대우를 받아서는 안되는 사람이다.|||나는 신인규 변호사를 좋아한다.|||판사가 윤석열에게 무죄를 선고해도 문제가 무엇이냐는 성철의 논리.|||장성철 말장난은 이준석이랑 똑같네요 ㅋㅋ 이제 그 사람을 그렇게 부르지 말자.|||신인규처럼. 보수적인 패널이 있으면 좋을 것 같아요.|||매일 방문하시는 김용민 의원님, 진심으로 응원합니다. 감사합니다.|||아씨... 눈을 잃었어요... 장씨가 찢겨지는 걸 봤어요... 빨리 가겠습니다.|||이재명 회장님은 아주 잘 지내고 계십니다. 저는 민주당을 지지합니다.|||장성철은 영리한 말장난이다. 지겨워요.|||사람들이 장성철을 비난하는 이유다.|||이제 사과할 필요는 없습니다. 국력은 아직 정신을 차리지 못했다. 그들은 내년 선거에 대해 스스로 반성을 하도록 강요하고 있다. 유권자는 바보가 아닙니다.|||성철아, 닥치면 성공한 대통령이 될 것이다.|||혼자 사소한 말다툼을 할 때는 가벼운 척하지만, 공격을 당하면 냉철한 얼굴로 그를 바라보며 한마디 한마디를 짚는다. 이쯤되면 패널분들과 진행자분들께 죄송한 마음이 듭니다.|||신인균님, 시원한 주장에 동의합니다.|||신인규님 말씀이 맞습니다. 감사합니다.|||간략한 의견: 내란재판소는 1심 판결을 진행하기 위한 위협으로만 활용될 뿐 나머지 사법개혁은 신속히 처리되어야 한다.|||신인규는 너무 똑똑하고, 장성철의 말은 너무 앞뒤가 안 맞고 불합리하다.|||대통령 지지율은 좋은데 민주당이 망각된다면 어떻게 될까요? 대통령님을 잘 도와드리겠습니다.|||나 역시 장성철 씨와 많은 부분에서 공감했다. 나는 중간에 있다고 생각했습니다. 반란 재판소도 이에 반대했으며 사법부에 대한 너무 강한 공격이 문제라고 생각했습니다. 그러나 일수를 시간으로 계산하는 것은 만들어진 법이었고, 판사는 법을 만들고 법 위에 있었다. 솔직히 이재명이 재판에 가면 유죄가 나올 줄 알았다. 하지만 몇 년 전만 해도 시간이 부족해서 질질 끌고 대선에 출마할 것이라는 생각이 들었고, 내 생각은 틀리지 않았다. 하지만 나도 틀렸다. 대법원은 대선개입을 위한 특별법원이 됐다. 저는 이것이 매우 명백한 죄라고 생각합니다. 이 법이 민주당 대표에게 특히 빠르게 적용된다는 것이 말이 됩니까? 법원은 윤석열만 평등해야 하나? 이것이 말이 되나요? 다시 생각해 보니 그 정도 규모의 문제가 또 있었다. 계엄령이 내린 다음 날 저는 조희대 대법원장을 정말 신뢰했습니다. 우리나라에는 국회를 믿고, 사법부를 불신하는 국민이 얼마나 될까요? 물론 국회의원은 쓰레기다. 법원을 가장 믿었던 것은 우리나라였습니다. 조희대 대법원장은 사법부가 카메라 앞에서 계엄령을 옹호할 수 없다고 말했다. 이런 발표를 할 줄 알았습니다. 하지만. 전혀 하지 않았고 그 이후로도 전혀 하지 않았습니다. 아무것도 없었습니다. 입법부는 행정부의 위헌 행위에 대해 조치를 취했다. 사법부는 침묵했다. 이제 생각해 보세요. 선례가 매우 중요하지 않나요? 판사는 새로운 법률을 제정하고, 대법원은 선거에 개입하며, 계엄령에 대해서는 침묵을 지키고 있습니다. 이제는 전혀 동의할 수 없습니다. 사법부가 과열되고 있다. 그게 내 의견이야.",0
QSHonpqumtA,"김민기 국회사무총장이 전하는 내전의 밤에 이목이 쏠린다. 계엄령 의혹으로 여름부터 명심훈련을 하고 있는 김민기 국회사무총장, MBC 251202 방송","김민기 사무총장님께 감사드립니다. 당신이 있어서 정말 행운이에요.|||정말 고마워요 고마워요|||매우 감사합니다|||나라를 위한 중요한 인재가 있다는 사실에 너무 감사하고, 시뮬레이션과 사전점검이 나라를 위험에서 구한 정말 중요한 열쇠였다고 생각합니다.|||김민기 사무총장님과 인터뷰를 오랫동안 기다려왔는데, 김민기 사무총장님도 또 다른 영웅이십니다.|||극북에서 뛰어난 능력으로 나라를 구한 국민일꾼들에게 진심으로 감사드립니다.|||매우 감사합니다|||준비도 세심하게 했기 때문에 순조롭게 진행된 것 같아요. 감사합니다.|||김민기 국회사무총장의 별명을 알려드리겠습니다. 의사중 최고의 의사, 척척박사|||나라를 구한 분들 중 한 분이 되어 주셔서 감사합니다.|||By 찐..우리는 당신을 기억하고 존경합니다|||국회사무총장에게 훈장을 수여해야 한다. 계엄 상황에 대해 적절한 문서를 준비하고 계엄이 안전하게 해제되도록 했습니다.|||김민기 사무총장님, 당신은 제가 몰랐던 숨은 영웅이십니다. 감사합니다.|||매우 감사합니다. 나도 모르게 울고 있다.|||김민기 국회사무총장님, 국회의장님, 노고에 감사드립니다!|||정말 기쁘다|||감사합니다|||저희도 그날 일찍 잠자리에 들었다가 아침에 일찍 일어나서야 알게 됐어요. 그날 자고 있어서 국회의원들과 시민들이 몰랐더라면 큰일이었을 것이다. 당신은 애국자입니다.|||존경합니다, 감사합니다|||매우 감사합니다|||당신은 정말 좋은 일을 했어요|||이런 대단한 사람이 있다는 사실에 놀랐습니다.|||김민기 사무총장님을 꼭 기억하겠습니다. 감사합니다|||우원식 국회의장과 함께. 보안팀 보조원. 민주당 비서, 조국혁신당. 위대한 사람들에게. 감사합니다|||내전의 밤을 막기 위해 애쓰신 국회의원 여러분께 깊은 감사를 드립니다!!!!! 김민기 사무총장님 감사합니다!",0
LktonYKYHwo,"김종배의 관심 FULL 대장동 논쟁 조국 12.3은 내전인가? 김영진 쿠팡사건 우석진, 김국장 ㅣMBC 251204 방송",조속한 사법개혁을 바랍니다|||문제를 일으킨 김남국에 대해서는 이번 기회에 정리를 해보는 게 좋을 것 같다.,0
Ozi_WEpb58c,"김종배를 중심으로 FULL 내란재판소 박은정 TBS예산 주용진 모델동맹 최종건, 조용근 ㅣMBC 251208 방송","내전 전담 재판소가 돌아오는 걸 보니 조희대가 또 걸림돌이 됐나 보다. 대통령 위 대법원장, 이재명 위 조희대. 조희대에게 투표한 적 없어… 내전 참여 의혹 조희대, 자동 사퇴하면 안 될까? 조희대를 고소하는 게 어때요?",0
VI7bh3l1ujY,"뉴스 하이킥 특검 추경호, 계엄 기간 박지민 한동훈 본회의장 퇴장 요구, MBC 251209 YOUTUBE ONLY 방송","추경호가 법적 처벌을 받았으면 좋겠습니다.|||개맘데이에 남천동 사장님이 주신 아이템은 추경호님의 20억!!! 잊지 말자, 추경호의 20억 매출 마법, 내란당 해산|||영장실장을 체포하고 수사하라.|||추경호의 20억 이야기는 충격적이다. 철저하게 공개해야 합니다.|||추경호를 20억으로 수사해주세요.|||이런 상황인데도 구속영장이 기각됐다는 사실에 충격을 받습니다.|||정말 소름끼치네요. Huang Feihong이 수집을 담당했습니다.|||매불쇼 전 요정 박지민입니다!!|||박지민 아나운서를 만나는 것만으로도 너무 행복해요. 아무래도 매불쇼 때문인 것 같아요.|||박지민 아나운서를 자주 만나고 싶어요!|||박지민 아나운서가 너무 예뻐요. 이제부터 자주 만나요.|||사법부가 내란세력을 옹호하고 내란에 동조까지 하는 상황에서 과연 어떤 시민이 사법부를 믿을 수 있을까?|||예쁘네요!!!|||아, 지민님, 만나서 반가워요. 자주 나오세요! 그것도 잘 고쳐졌어요!!!|||통일교회 사건도 말씀해 주십시오.|||추 씨의 20억 원을 조사해보세요.|||이런 인재를 맨 앞줄에 채용하는 게 어때요?",0
sBvbPQaBNmU,"토크 인사 청탁 의혹 진윤, 김남국의 사퇴로 장동혁은 정말 버림받은 걸까. 정청래의 1인 1표제 거부, MBC 251206 방송","그러니까 국힘은 계엄 다시 해도 윤을 지지한다는 거네.|||국힘은 아직도 국민을 무시하네|||기흥이는 한떡수 따라다니던 넘 아닌가|||지겹다. 간첩 논쟁. 내가 볼때 나라가 망하길 바라는 국힘이 간첩 집단이지 누굴 간첩으로 몰아.|||국힘 저정도면 자기들은 절대선으로 아는거네|||뉴스하이킥은 각성하라. 김기홍 저런 자식은 다시는 패널로 데려오지 마라. 차라리 서정욱이나 고성국이를 데려와라.|||덕수 가방모찌하더니 다시 나왔네|||김기흥이 나왔네. 김기흥이 이자도 아주 질이 안 좋고 살살 변명만 하고 국민 오장 육부를 긁어내는 자입니다. 민주당이 지금 국힘당과 타협?을 해야 되겠냐? 뭘, 어떻게 이해를 하고 받아줘야 돼? 나라를 전복시키고 국민을 총칼로 위협하던 놈들인데 그런 놈들이랑 타협을 하라고 말이 되는 소리를 해라. 이놈아 국민들 간 터지겠다.|||김기흥 진짜 흉내도 못 내겠다 ㅋㅋㅋㅋㅋㅋㅋ 무슨 대화든 돌아서 민주당 까네 ㅋㅋㅋ 기흥아 대단하다 진짜 흉내도 못 내겠다|||못듣겠다 흥흥ㅋㅋ|||캬캬캬 기흥아 아직도 정신나가서 돌아다니니|||정치 현안에 대해 패널들이 종종 논리에 안맞게 헛소리 하는 걸 날카롭게 파고들지를 못하고 그냥 듣고만 있네... 주중이랑 너무 비교된다.|||김기흥의 논리는 세상 모든 소리 중 김남국에 대한 소리만 들리는 요상한 인간의 논리네. 기자했다는 인간이 김건희가 청탁한 국회의원의 자리와 명태균이 청탁한 수믾은 인사에 대해서는 안들리는 선택적 뉴스 컬랙터 스러운 논리네 .|||김기홍 또 당똥혁 대변인 추경호와 장똥혁11월3일계험에대해서한마디말도못하는대표를 엄호해 멀쩡한놈들....|||국민의힘이 우찌 저런말을 할수있는지 머리속이 궁금|||시끄럽다! 너그국짐은입이열개여도할말이없어야지 누가누구를비난해!|||이럴거면 걍 김치형의 국힘 하이킥으로 제목 바꿔라",0
xSmnsQPLfWU,윤한홍·권영진·주호영…역적의 말에 장동혁이 칼을 뽑았다 2025.12.9,41명의 반역자들을 기억합시다. 지역별로 공천 없애기 캠페인을 벌여보자.|||절대로 누군가를 지명해서는 안 됩니다. 정리하세요.|||배신자를 속여야 합니다.|||철저하게 날려야 합니다.|||반군은 절대 지명되어서는 안 됩니다.,1
JHKrhePLXSw,한동훈은 꽃게 사건의 증거가 공개되자 치명타를 입는다. 한동훈 가족목록 공개. 전화번호 마지막 4자리가 동일합니다 2025.12.9,그들은 반국가세력이다. 즉시 쫓아내세요.|||다 체포해|||이제 당신이 박 대통령을 무고한 죄로 감옥에 보낼 차례입니다!|||배신자들은 정치계에서 영원히 추방되어야 한다.....더 이상 할 수 있는 일이 없으니까.....|||당 사건의 핵심은 악플을 썼다는 점뿐 아니라 사건 발생 이후 한동훈이 당 대표로서 사건을 은폐하려 한 책임이 있다는 점에 있어 제명되어야 한다.,0
onmGkk4T-2s,"주호영의 충격적인 자멸은 폭정이고, 대구시장이 되려고 이런 말을 하는 것조차 탄핵사유 충분하다.. 2025.12.8","ㅁㅇ...ㄷㄷㄷㄷ 주씨. 정신 차려라, 인류를 배신했다!!! 그런 것들은 정치에서 퇴출시켜야 합니다!!! 저런 놈들은 욕할 필요도 없고 국력당한테 존나 짜증나는 놈들임!!!!|||그런 사람은 다시는 선출되어서는 안 됩니다. 그들에게 선택권이 전혀 주어져서는 안 됩니다. 정계에서 영구제명하는 것이 답이다.|||그런 사람이 있을까 싶다!|||ㅣ국권은 반역자로 가득 차 있습니다. 주호영 같은 사람이 많아서 당 지지율이 오르지 않네요.|||또 주호영인가? 하나가 지나가면 다른 하나가 그 진정한 색깔을 보여줄 것입니다. 다음에는 없을 것임을 준비하십시오.",1
cnwJ944-I5Q,백해룡,"한국에는 조작이 만연해 있다.|||허위사실 유포죄로 즉시 해고하고 조사하라.|||백해룡아, 벌을 받아, 벌을 받아, 벌을 받아|||백해룡은 윤석열에 대한 허위사실 유포로 명예훼손죄로 고발, 수사, 처벌받아야 한다.|||엉망이에요. 엉망이에요. 네 명의 잡범을 체포하세요. 탄핵해주세요.",1
maB-1XArsbo,북한의 부당한 판결처럼 법을 왜곡하는 범죄?...국민의힘 주진우 북한에만 존재하는 법제도를 가져올 수 있을까?,"자유대한민국에는 독재적인 공산주의 인민법원이 있을 필요가 없습니다. 자유민주주의를 탄압하는 가짜세력은 반드시 청산되어야 합니다.|||주진우 의원님, 더 힘내주세요. 감사합니다. 나는 안심이 된다.|||이 범죄에 대해 민주당을 탄핵하라. 전복적인 조직으로 처벌하십시오.|||저는 주진우 의원을 지지합니다. 지금 바로 제바루나라를 오픈할 수 있도록 노력해주세요.|||충격적이고 속상한 공산주의 독재법이다.|||맞는 것 같네요.|||정말 대한민국이 대한민국이 된 것 같습니다. 무슨 일이 일어날까요?|||주진우 의원님이 최고입니다. 나는 당신을 응원합니다|||주진우 의원님, 건전한 정치를 지지합니다. 힘내세요, 파이팅입니다.|||다 없애버릴 수 있었으면 좋겠어|||그는 국회의원 중 최고다.|||검사 출신 국회의원의 기준인 정의에 대한 안목이 뛰어난 사람.|||엄청난|||불법 특검을 해산하고 불법 특검을 수사, 구속하라.|||주진우 의원의 말이 맞는 것 같다. 그는 똑똑하고 현명한 국민 노동자입니다. 나는 계속해서 그를 지지할 것이다.|||저는 주진우 의원을 지지합니다.|||아무리 말을 해도 메아리일 뿐입니다. 나라를 올바른 길로 세우소서.|||문형배와 차씨에게 무죄를 선고한 이들이 바로 그들이다..",1
ZPL2hBKWU9U,국민의힘 중앙여성위원회 성명 발표: 2차 가해자 장경태는 즉각 국회의원직에서 물러나야 한다.. 추악하고 파렴치한 젊은 정치인으로 전락하라,사임하고 조사 받으세요.|||장경태 의원은 국회의원직을 사퇴하고 석고대죄를 지어야 한다!!!|||장동혁. 멋지다 맞다. 정치가. 나오고 있어요,1
i69-o2TM_Q4,"마이크 건넨 뒤 다시 가져간 우원식, 폭발?…회장직권 남용? 머리에 팩을 씌운 나경원","우원식 사퇴하세요.|||우원식은 자격이 없다. 사직하다. 사직하다.|||국회해산이 답이다.|||국회를 해산하다|||우원식 미쳤나? 정말 하하하|||회장은 편파적이다. 사직하다.|||우원식 국회의장이 자격 박탈, 사퇴, 사퇴.|||한국의 입법, 사법, 행정이 엉망이다.|||우 감독님, 이런 일을 시키세요, 정말 멍청해요.|||의장은 재빨리 중국으로 달려가 큰 소리로 말하며 누구도 자신의 당에 불리한 말을 하지 못하도록 막았다.|||못생긴 우원식.. 인사도 안 했다며 끝까지 보복했다.|||우원식: ""중국 뱃지 달고 중국에 가세요. 중립을 지키지 않으면 무슨 소용이 있겠습니까?""|||나경원 의원이 없었다면 누가 국민의힘에서 그토록 열정적으로 싸웠겠는가.|||싸움은 크고, 국력은 싸워야 하고, 파괴된다.|||그런 분이 대한민국의 지도자라는 것이 부끄럽습니다.|||합의가 안 되는 법안을 계속 제출하는 의장이 최악이다.|||나경원 의원님 힘내세요. 하늘의 축복 많이 받으세요. 끝까지 응원합니다.|||우원식의장ㅡ,,고,,이만섭 국회의장사본 받아 국회회의를 진행해 주십시오ㅡ독재를 중단하고 민주당 편성회의를 열어라ㅡ국민이 지켜보고 있습니다.|||이중당 후안 무치 의원은 우윈식 국회의장을 직무 불이행 혐의로 30차례에 걸쳐 탄핵했다.|||앞으로는 누구도 회장이라는 사람에게 편견을 가져서는 안 된다는 점을 대중에게 알리는 좋은 예가 될 것 같습니다! 중립적인 척 해야 해요. 이게 뭔가요? 이것이 당신이 공개적으로 지지하는 것입니까? 짜증난다...|||나경원 의원님, 잘 지내시죠. 열정적으로 응원합니다.|||국민은 이런 국회를 보고 싶지 않습니다.|||나경원 의원님 화이팅입니다.",1
HbrmxpWeOi0,김건희는 짜증나는 건진법이다.,제목상위 : 짜장설염 92화 내가 대통령을 만들었다! 김건희 전 애인이 여기에 숨어 ​​있었다?! 현장탐험! 를 클릭하시면 본편을 시청하실 수 있습니다.|||머리로 모든 것을 판단하지 못하고 점술과 무당에게만 의지할 것이 얼마나 고집스럽겠습니까?|||정부는 마법에 정말 열광하고 있어요. 그런데 윤어게인 하는 사람들은 무슨 생각이 있는걸까요?|||군진 역은 자신을 대신해 나라를 운영하는 최순실 역을 맡았다.|||힘이 없는 것들도 힘을 붙잡고 있어서 하늘과 땅을 분별하지 못합니다.|||불쌍한...|||샤머니즘에 빠지다|||모든 것에 대한 주문|||죄가 많아서 늘 불안했던 것 같아요.|||지가 무당이라고 하네요!!!|||한 자리에 있던 놈이 문재인을 통해 중앙지검 부장검사로 임명됐다.|||불은 불로 꺼질 것이라고 생각했을 수도 있습니다. ? 그래서 동시에 어느 곳에서 불이 타오르는 것을 연상하게 된다.|||그녀가 차세대 박근혜였는가? 건진은 순실이었다.|||열린공감TV 쿠팡플레이 새 영화에서 김건희의 정체 스토리가 공개됐다! 12.3 현 시대에 왜 내전이 일어났나요? 왜 한겨울에도 국민들은 거리에서 윤서열 탄핵을 외쳤는가? 사람들은 아직도 모른다! 녹음해야합니다! 우리 아이들을 위해.|||스토커입니다 하하,0
uZkna8AHcQU,김건희의 15년 형은 시작에 불과하다. 그는 평생 감옥에 갇힐 수도 있습니다.,"연기 대박이다 하하하|||성형외과 박동만 씨도 압수수색해야 한다.|||쇼쇼쇼 김구니가 소름돋는다.|||건이가 그토록 잘 숨겨둔 보물 상자를 쫓아내야 합니다.|||무기징역은 아닙니다. 사형이어야 합니다.|||마지막 마약 사건에 연루되면 무기징역을 선고받게 된다.|||그런데 한 무당이 미간을 찌푸리고 있으니 멋있네요 ㅎㅎ.|||라이브 쇼를 한다고 해서 당신의 죄가 숨겨지는 것은 아닙니다.|||맞습니다, 거니에 관한 모든 것이 마술 행위인 것 같습니다.|||최소한 최순실만큼은 받아라.|||15년은 논할 여지가 없고, 눈을 감을 때까지 렌트하기에 적합한 오래된 모델에는 150년도 부족합니다.|||당대표는 극우이니까 국민의힘은 해산하라!!!!|||10억년만 줘|||절대로 저 사악한 김건희에게 속지 마세요. 그 사악한 박성재 법무부 장관이 나에게 매일 문자를 보내니 검찰 전체가 문제가 더 많다.|||하하, 그때가 좋았던 시절이었어. 개인 비행기를 타고 나가니 좋았을 것 같아요. 죽을 때까지 빵만 먹고 살아요.|||무기가 나와야 합니다. 15년 형은 정말 짜증납니다.|||사면 별거 없는거 아시죠?|||종신형을 선고해주세요. 제가 한 것에 비하면 약해요.|||사형이 너무 과하다|||누구에게나 멋진 쇼처럼 보입니다.|||눈에는 에너지가 넘치고 생명력이 넘치기 때문에 지모지리를 앞세워 내전을 벌인다.|||사형이 답이다|||불법적으로 취득한 모든 재산을 압수합니다.|||사형은 무기징역입니다.|||15년은 너무 저렴해요. 최소 종신형, 재산몰수.",0
0dnc2UUAbjw,"일주일 몰아보기 내란당 지지율은 20대 초반대다. 남북전쟁이 끝난 지 1년, 이재명은 대한민국의 역대 지도자로 우뚝 섰다. 다시보기 재방송",국력의 특징. 지지율은 보통인데 득표율은 40이 넘네요.|||서격고! 그것을 위해 가십시오,0
UWQWl4p_J2s,반란 재판소는 사면을 제외하고 다음 주에 통과됩니다,"준비된 이재명 대통령이 최고다|||이재명 회장님, 정말 잘하고 계십니다. 행운을 빌어요.|||애국시민 여러분, 눈물 흘리며 사랑합니다. 우리가 함께 할 수 없어서 미안해요. 이런 추운 날씨에 감기 걸리지 않도록 조심하세요.|||국민이 주인입니다. Jam 회장이 그것을 저장하고 있습니다.|||국권에 반항하는 자들을 대한민국 국민이 심판할 것입니다.|||문진석도 사퇴해야 한다. CB. 민주당 최고위원들은 뭐하고 있나요? 빨리 사퇴하게 해주세요.|||인사발령 요청을 주고받지 마세요! 부패한 언론과 여당은 한 가지만을 겨냥하고 있으니 조심했어야 했다.|||대구시민도 대한민국 국민으로 확인됩니다. 감사합니다.|||공론화위원회에서 검사와 판세에 대한 영장을 발부받게 합시다... 지금까지 보았듯이 검사와 판세에 대한 영장은 모두 기각되었습니다... 판세와 검새에 대한 영장은 덕민이 발부하도록 합시다!!|||국방과 경제, 평화와 이재명 대통령과 더불어민주당 만세.|||김건희도 내전에 연루됐다는 이유로 처벌받아야 한다.|||문진석은 왜 책임이 없나요? 사임해야 할 것 같아요.|||김병기, 문진석도 징계가 필요하다.|||내란죄는 그야말로 국가에 대한 살인미수 사건이다!!! 모두 사면받지 않고 징역형을 받아야 한다!!! 특히 선동자들!! 석열 건희 덕수용현!!!!|||반란군이 용서받아서는 안 된다고 우리가 정말로 믿을 수 있습니까? 내란에 동조한 윤석열, 김건희 등 모든 사람들은 무기징역을 선고받아야 하며 결코 사면되어서는 안 된다. 특히 국민의힘은 내전에 동조한 국민이라는 점을 명심해야 한다. 나라가 정상으로 돌아가려면 국민의당이 영원히 사라져야 한다.|||애국시민을 존경합니다.|||군사반란 동조자인 조희대 천대엽이 법원장 모의회를 열고 있다.|||내전재판에 반대하는 국짐당에 직접 참여했기 때문이 아닐까? 조희대는 건들지 않겠다고 했지만, 내전법원을 만들면 그들에게 불리할 것이라고 말했다. 이 파티의 구성원입니다.|||반역죄에는 다시 사형이 필요합니다.|||발각되거나 실패하면 반역자를 범합니다. 다리가 3개. 그것은 파괴되어야 한다. 만약에. 쿠데타가 성공했다면. 한국이라고 합니다. 나라와 국민은 무엇을 해야 하는가? 그런 일이 일어났을지 궁금합니다. 이것은 또한 자명하다. 전두환도요. 뭐라고요. 당신이 그것을한다면. 이번에는 작동하지 않았습니다. 쿠데타. 모든면. 없습니다. 모범을 보이세요. 김건회도 꼭 만나보세요. 용서한다면 역사적으로 다시. 반복될 수도 있다|||박수|||이재명 대통령의 경호는 삼엄할 것입니다. 그렇게 해주세요. 특별한 보안을 제공해주세요. 경호국의 애국적인 시민 여러분, 감사합니다. 나는 당신을 존경합니다|||조국혁신당은 오늘 오전 기자회견을 열고 대법원이 특검의 위헌 결정에 제동을 걸자 헌법재판소에 심판청구 문제를 논의했다.|||만약 남북전쟁재판소가 연초에 설립됐다면 어떤 일이 벌어졌을까? 심지어 민주당의 정치 지도자도 실제로는 그렇게 하지 않습니다. 사람들은 모여서 폭발할 지경에 이르렀을 때 비로소 앞으로 나서서 행동을 취한다.|||김남국 의원은 정치인으로서 자신의 한계를 재확인한 것 같다. 최강욱 의원도 말을 조심하지 못한다.",0
DpTXQiRkmQ0,내전의 밤은 1년이 지나 더욱 선명해졌다.,민형배 의원입니다. 만나서 반가워요. 우리. 모든. 잘 살아라. 위에. 힘들어도. 더 싸워주세요|||내전과 계엄령이 지나고 시간이 너무 빠르고 황당하게 흘러가는 것을 이제서야 더욱 무섭고 두렵습니다. 1987년 6월항쟁을 경험한 세대로서 우리는 수치심과 분노에 몸을 떨고 있습니다. 무지하고 비열하고 사악한 괴물과 괴물들을 징벌하고 근절시키자!!!!,0
nzXovU5q6r8,PD수첩 10분컷 아찔한 12.3비상계엄 타임라인을 자세히 분석 2025년 12월 2일 방송,"대선 때 기차 앞좌석에 신발을 신은 이후로 그 사람은 불합리한 사람이라고 생각했어요. 이런 사람들이 다시는 지도자 자리에 오르지 못하도록 대한민국의 정치적 발전이 이루어지기를 바랍니다...|||그날 국회로 달려와주신 모든 분들, 그리고 국회에 참석해주신 모든 분들께 감사드립니다!!|||반란에 연루된 모든 사람들을 처벌하십시오.|||그날 생방송을 보다가 헬기가 날아와서 국회의 전원을 차단해 계엄령이 해제될까봐 정말 떨렸습니다!!!|||계엄령이 선포된 밤, 국회로 달려오신 분들... 잡혀서 목숨을 바쳐서라도 나라를 지키겠다는 그 결심에 감사드립니다.|||정말 충격적이었습니다. 가해자들을 제대로 근절하고 처벌해야 합니다.|||우리는 이 기회를 이용해 반역죄에는 용서가 없다는 것을 보여야 합니다.|||중국에서는 늘 쿠데타가 일어나지만 한국에서 내전이 일어날 것이라고 누가 생각이나 했겠는가?|||어지러워! 그런 바보 때문에 나는 암흑기로 갈 뻔했다. 어지러워요.|||참석해주신 모든 분들께 정말, 정말, 정말 감사드립니다.|||아직도 마음이 떨리고, 그곳에 가지 못한 죄책감이 듭니다.|||정말 소름끼치고 끔찍합니다. 어떻게 그런 사람을 선택할 수 있었을까요? 참으로 안타까운 일입니다. 다시는 이런 일이 발생하지 않기를 바라며, 아직 재판 중이지만 엄중한 처벌을 받았으면 좋겠습니다.|||사람들이 법정에 앉아서 살아남을 거라 말하며 사기를 치는 모습을 보는 것은 정말 보기 좋습니다.|||등골이 서늘해지는 느낌이 든다. 지금 보니 매 순간이 참으로 숨이 막힐 정도로 아름답고 기적적이다.|||온몸으로 응원해주신 분들께 진심으로 감사드립니다.|||불법비상계엄령 엄벌|||보고 또 보고 또 보고 반성해야 합니다. 나는 울고 있다.|||정말 잘 만들어진 쇼의 이번 에피소드를 정말 즐겼습니다.|||정말 끔찍한 밤이다...|||사형을 추구해야합니다. 무기징역도 아깝다!|||보기만 해도 가슴이 뭉클해집니다. 다시는 처형되지 않도록 그들이 그를 처형하길 바랍니다.|||반세기가 조금 넘는 기간 동안 계엄령이 몇 번이나 발생했습니까? 한국의 시스템은 얼마나 우스꽝스럽습니까? 이번에는 철저히 청소해야합니다. 사형이 사실상 폐지된 것으로 알고 있는데 이번에는 예시로 사형시켜야 한다.|||너무 긴장해서 볼 수가 없어요. 끔찍해요.|||지금 생각해도 현기증이 난다. 하늘이 나를 도왔습니다.|||보좌관님과 시민 여러분께 감사드립니다 ㅜㅜ",0
gV8fcBwHMME,계엄령 해제 결의안 통과까지 스피디 스피드 노트북 위기,"내전을 동정한 경찰을 조사해 법에 따라 처벌하라.|||참혹한 내전과 외환은 피와 눈물이 흘릴 정도로 엄중히 징벌해야 한다.|||지금 봐도 소름이 돋네요. 국회에 계셨던 분들을 다시 만나게 해주세요. 그리고 3·1운동에 참여하신 애국지사와 함께 그들의 이름, 한자를 어딘가에 적어주시길 바랍니다. 그들은 훌륭한 사람들입니다.|||결과를 알고나니 아직도 떨리네요..|||독일이 나치 청산체제를 확립하는 데 80년이 걸렸다고 한다. 내전이 종식될 때까지 우리는 지치지 말아야 합니다.|||아, 울고 있어요. 국회 직원과 보좌관, 국민을 지켜주셔서 감사합니다.|||정말 80년대 맞나요? 이건 나라가 아니고 쓰레기야|||지금도 그때의 상황을 보면 피를 말릴 위험이 뚜렷이 드러난다.|||반란당은 해산되어야 한다. 우리는 항상 이런 위험이 도사리고 있는 상태에서는 살 수 없습니다.|||반란군, 협력자, 옹호자, 심지어 그들을 보호하는 변호사까지 모두 체포하세요. 그들은 사람들을 죽이고 있습니다.|||진짜 총선에서 패하고 국민의힘 의원들이 과반이 된다면 정말 끔찍할 것입니다.|||추운 아침, 죽을 수도 있었음에도 불구하고 국회를 찾아주신 모든 시민 여러분께 진심으로 감사드립니다.|||서울대 나왔다고 모두 똑똑한 것은 아니라는 사실이 증명된 것 같아요.|||거의 진짜 문제에 빠졌습니다. 존나 무섭다|||의심스러우면 생각하지 말고 민주주의를 위해 하십시오! 소리를 지르고 문제에 돌진하십시오.|||모든 보좌관님들께 진심으로 감사드립니다!!|||그곳 시민들의 마음은 어땠나요? 보고 또 봐도 가슴이 아프고 감사해요.|||이상현은 국회에서 울면서 억울하다고 말했지만 다 행위였고 부하들을 걱정하는 척했다.|||당시 계엄군을 향해 뛰어들어 막아준 시민들에게 정말 감사하다. 100번 찢어죽여도 놔주지 않아서 아직도 화가 나요!!|||생각할수록 끔찍하네요.|||아니 2024년 이게 무슨 계엄령이냐.. 3년동안 나라가 정말 엉망이었는데..|||계엄령으로 상처받은 분들께 묻고 싶다. 내전의 실패를 후회할 수도 있겠지만 대다수의 국민은 심각한 정신적 트라우마를 겪었다. 대다수 국민은 우리 사회 시스템이 어느 순간 붕괴될 수 있다는 불안과 두려움을 갖고 있다. 이보다 더 큰 붕괴가 있을까!!|||우리는 국회버스에 들어가서 버스를 기다렸다. 제1공수사령관|||남북전쟁, 내란, 외환범죄, 사면, 복권 등은 절대 이루어져서는 안 된다. 그래야 나라가 바로잡히게 됩니다.|||여러분, 아직 끝나지 않았습니다. 남북전쟁에 동조한 사람들은 모두 잡아서 처벌하고, 근절하여 이런 일이 다시는 발생하지 않도록 해야 합니다!!",0
deE13QL9g1g,보수 개신교가 무속 논란 윤석열 전 총장을 지지하는 이유 PD수첩,"교회에서 윤석열을 찬양하는 사람들을 보면 정말 미쳤어요. 성경 구절을 이용해 억압받는 사람들인 척 하는 것조차 부끄러운 일입니다. 게다가 윤석열 변호사들은 판사들에게 비웃음을 당하기도 하고, 극우 유튜브에 나와서 할렐루야, 아멘 할 때마다 미친 사람들처럼 보이기도 합니다.|||왜 그들은 돈을 버는 수단으로 그것을 사용하고 있습니까?|||와..별에 별걸 다 올려놓으셨군요.|||바지를 믿는 만큼 신은 바지에만 주목하는 하찮은 존재가 된다는 사실을 그들은 알고 있을까?|||종교에 관심이 없다면 진정으로 국민을 위해 일하는 사람을 선택하십시오. 사람들에게 총을 겨누는 사람들을 선택하지 마십시오.|||음... 꿈이라기보다는 해석에 가까운 것 같은데... 윤석열을 쫓는 목사님들은 성경도 제대로 읽어보시나요??? 성경의 뜻을 제대로 해석한다면 윤석열이 마귀라는 사실을 즉각 인식해야 하는데... 목사가 마귀와 손을 잡고 있는 것인가??? 전광훈은 성경을 읽을까??|||의사에는 약간의 차이가 있습니다. 한 부분만 자신의 취향에 맞게 해석하여 이익을 얻거나 사회에 해를 끼치는 경우에는 가명에 불과합니다. 협회 인정이나 그와 유사한 것은 필요하지 않습니다.|||정치적 이익을 우선시하는 사람들이 진정한 신앙인인지 의심스럽습니다.|||미국 극우세력이 국회를 장악하고 폭동을 일으키고, 마가(MAGA), 트럼프 어게인(트럼프 어게인)을 하고 계엄령까지 선포하는 고대 흉내였지만, 우리 국민이 무지하고 안이한 게 아니었기 때문에 막을 수 있었던 것이다.|||코에 걸면 코걸이 입니다. 귀에 걸면 귀걸이 입니다.|||욕심쟁이입니다. 어떤 왕 사이러스인가 하하하|||개신교는 MB 이후 완전히 파괴되었습니다. 그 전에는 개신교가 여전히 좋은 점을 갖고 있었지만, MB 때 시정부 깡패들이 들어오면서 그것은 무너졌습니다. 과거 개신교에 이런 일이 있었다면 모두가 일어섰을 것이다.|||돈에 이끌리는 집단이다. 한마디로 그들은 사업이고, 이익집단이다.|||윤석열 탄핵안 가결되자 서울 대형교회 목회자들이 신도들에게 좌파 연예인을 CIA에 신고하라고 하더군요 ㅋㅋㅋ|||쉽게 말하면... 돈과 권력 때문에 섹스를 했다고!! 돈과 권력을 위해서라면 악마와도 손을 잡겠다!!|||보수 개신교라고 하기보다는 부패한 기득권 집단이라고 부르는 것이 더 정확할 것이다.|||컬트를 진압해야 합니다. 이것은 종교적 탄압이 아닙니다.|||정치에 개입하는 극우 개신교 교회도 해산 대상이다.|||김티모시 목사님 말씀대로 생각하는 것이 맞습니다. 그러나 그렇게 한다고 해서 실제로 교인 수가 줄어들 것이라고는 생각하지 않습니다. 그 전까지는 그렇게까지 앞을 내다보는 그룹은 아니었습니다.|||이쯤 되면 개신교는 거의 광기의 영역인데, 과거에는 극도로 부패한 천주교를 개혁하기 위해 개신교가 나왔는데 지금은 둘이 달라졌다는 것이 아이러니하다.|||한국의 기독교는 이미 종교이기를 중단하고 청산의 대상이 된 지 오래입니다.|||교회는 구원받은 성도들의 모임이다. 목회자에게 맹목적으로 순종하고 성도들에게 깨어 있으라고 요구하지 마십시오.|||우리나라에는 참된 개신교인이 몇 명이나 있습니까?|||기독교가 샤머니즘을 받아들인다면 그것은 우상숭배이다.|||박근혜를 따르고 윤석열을 따르는 아이러니. 박근혜의 정치 인생을 마감한 것은 윤석열과 한동훈이었다.",0
Xn7FopaqP8c,W디펜스 31급 급등…시진핑 지시에 은값 하락…머니투데이 방송,"중국 무기를 구입하는 것은 국방정보를 넘겨주는 것과 다르지 않다. 중국 무기도 원격작전이 가능할 것 같아요.|||중국산 제품의 정보가 유출되는 것은 위험합니다.|||정신이 온전한 사람이라면 누구도 중국산 무기를 사지 않을 것입니다. 돈으로 살 수도 있고 강압으로 살 수도 있습니다.|||백도어 전문 속이 빈 물건|||중국의 군용차량도 미국산이다. 독립성이 없는 것 같습니다.|||모든 엔진룸에는 감시 칩이나 똥 덩어리가 가득합니다.|||일반 물 로켓의 파급력이 너무 커서 고인 물은 썩을 수밖에 없고, 공산주의 독재로 인한 권력 집중은 필연적으로 지속적인 부패로 이어질 수밖에 없다.|||친미, 반중을 하는 나라는 흥할 것이고, 친중, 친러, 친이란 나라는 망할 것이다.",1
NlYM11BpyVA,토헤지역 해제설이 나오면서 풍선효과가 시장에 확산될 우려가 있다. 머니투데이 방송뉴스,"그냥 다 풀어놓고 몇년만 놔두면 결국 공급이 늘어나서 정상으로 돌아오겠죠.|||거시적인 부동산 | 안정화 방안 1. 증여세 및 상속세 폐지 2. 종합부동산세 폐지 3. 다주택 규제 철폐 4. 주택가격 기준 소유세 실시 5. 서울 1% 6. 경기 0.8% 7. 지방 0.2% 8. 싱가포르식 전세사기 채찍질 실시 9. LTV 50% 0.5 1 이상 시장이자율 10. 전세금지 11. 중국인 거래금지 집값만 올리고 재산세로 때리고 증여세, 상속세로 뜯어내려 했다 그들은 절대 변하지 않을 것이다... 자식들을 미국 시민으로 만들어 미국에 증여한다 하하하 누구보다 반일 반미이고 누구보다 사랑한다 하하|||결론적으로 소란이 있어도 계속 오르는군요. 국회 인사청문회를 보라. 다주택을 소유한 사람들을 위한 가짜 이체, 차명 계좌, 관료적 약속에 관한 것입니다.|||생각하지 않고 정책을 만들면 국민만 힘들어진다.|||좌파 정부가 집권할 때마다 이런 혼란은 터진다. 왜 자꾸 사진을 찍는 걸까요?",1
B-nZvqbozNs,"김건희의 영혼을 사로잡은 전략은 실패했다! 결국 무너졌습니다. 황연실, 신현영, 박수빈, 엔딩 소식, 김건희, 윤상현, 디올 골드 출석, 1207일.","그건 사형 아니면 보석금 없는 종신형이다. 농담하는 건가요? 15년??? ㅋㅋㅋ|||머리카락이 눈에 띄고 단단히 숨겨져 있습니다. 윤상현. 원희룡 외. 협력자. 철저히 조사하라|||ㅡ ㅡ ㅡ 김건희 ㅡ ㅡ ㅡ 대형 마약 밀수 사건은 은폐되는 걸까? 사람들을 중독자로 만들려고 시도한 10가지 중대한 범죄|||약물도 역전되어야합니다.|||현재 선고는 출혈을 조기에 멈추는 것입니다. 법이 부과하는 최대 형량에는 경제 공동체 벌금과 재산 몰수가 포함되어야 합니다.|||줄리 재판은 계속돼야 하고, 줄리 특검도 1년 정도 연장해야 한다.|||마약이라도|||왜 김건희의 마약 복용 여부는 조사하지 않고, 조사조차 하고 있는지 궁금합니다.|||빨리 이것들을 없애야 나라가 정상으로 돌아갈 수 있습니다! 권력과 돈에 미쳐 거짓말로 국민을 선동하는 국력당 의원들, 전한길 김세수 전광훈 같은 질 낮은 언론인, 몇몇 나쁜 검사 판사 변호사들, 무사(無記)·무무(無爲) 정신을 가진 많은 민주당 의원들은 정부 가지고 노는 것을 잊어버린다. 일 좀 해라 ㅠㅠ|||조선시대 상인들도 그렇게 하지 않았다. 하급 상인이라도 예복과 격식을 갖추고 있었습니다. 그것은 돌입니다. ...|||윤과 김이 완전히 저승사자에게 넘겨진다면 가장 완벽한 형벌이 아닐까 싶다.|||그러한 사람의 악이 치료될 수 있습니까?|||이건 아무것도 아닌 화산 텐프로쥬리 ㅎㅎ.|||상상 이상의 정부|||마약 비리 철저히 조사하라|||아직 최종은 아닙니다. 최종편은 2월에 나온다. 15년 반이면 7년을 살겠습니다. 그런데 얼굴이 걱정되더라구요. 주사를 맞을 수가 없어요.|||뭐야, 김건희? 나를 그 이름으로 부르지 마세요.|||윤상현의 장점은 무엇인가요? 김건희는 윤석열이다. 위에 있어요 ㅠㅠ",0
Cc-Q29yvhOo,"조진웅 논란이 정치계로 확산되고 있다. 이재명 대통령과의 관계, 야당의 공세 등이 뉴스거리가 되고 있다. 조진웅의 청소년 범죄자 이재명의 예능 단편.","범죄자 청소년들에게 희망의 상징이라면, 배신자가 독립자로 변신하는 것처럼, 변신하고 성공하는 것을 용서받을 수 있다면... 부자 범죄자들은 ​​모두 도망갈 것이다.|||조희대가 입건되고 특별재판이 진행되면서 연예계에 폭로가 이어지고 있다. . . 갑자기 연예인 스캔들이 많이 일어나는 이유는 무엇일까요? ? 동시에 3명. . 박나래, 조세호, 조진웅, 이선균 등을 작업한 전문가들의 작품인 것 같다. . https youtube.com 반바지 zIzgna3dHVs?si LDhMPCdJeupEGWuO|||조두순이 윤석열이 나쁘다고 하면 더불어민주당 의원이 돼 내년 광복절 행사에 출연하게 된다. 피해자가 정부에서 지원을 받으면 싸진다고 하더라고요. 진영논리로 범죄를 옹호하시나요?|||이잼은 조진웅의 과거를 알고 있었나? 이런 사람들이 마치 의로운 것처럼 남을 비판하는 모습이 역겹습니다. 하지만 조진웅을 옹호하지 마세요. 피해자가 분명히 있습니다. 당신이나 당신의 딸이 정의로운 척 이 광경을 지켜보아야만 했던 피해자라고 상상해 보십시오. 대중의 사랑을 먹고 사는 연예인이 아니라 조용히 살아야 한다. 그리고 조국과 강선우도 정치계에서 사라져야 한다. 민주당 진영에만 해를 끼칠 뿐입니다. 조진웅이 조국이나 강선우보다 훨씬 낫다.|||제2의 이선균을 또 만든다. 연예인들은 문제가 생길 때마다 그냥 덮어주기만 하는 걸까요? 손범규 대변인 쿠팡 성추행 사건처럼 제2의 이선균을 만들어내지 말고, 문제를 덮는 데 이용하지 마세요.|||조작을 해도 많은 사람이 죽어야 행복해지는 사람들이다 - 연예인이 뭐가 문제인가 - 자기 의견도 말할 수 없느냐 - 국회가 왜 범죄자들의 소굴인지 모르겠다 - 남을 욕하기 전에 반성하라 - 방송국장 -|||웃긴다... 퍼진건지, 퍼진건지...|||이기인 사무총장의 말씀에 동의합니다. 우리도 같은 진영이라면 이들 강력범죄자들을 지지하는 민주당 의원들은 더 이상 정치에 나서서는 안 된다.|||배우 조진웅을 응원합니다. 정면 돌파|||다 좋은데 조진웅 이재영 다 너보다 정의롭다.",2
DtGlq3BVt7s,"흑백논리, 진영논리에서 벗어나야 민족적 통일이 가능하다. 인요한 국회의원이 사퇴 기자회견을 하고 있다. 국민의힘당. 요한의 국민통합에.","야, 무너지고 있어|||잘 생각했습니다.|||사임하고 헌신에 대해 이야기하지 마십시오.|||이제 고쳐야겠죠?|||이상한 놈 쫓아내라!!|||아, 미안해요. 빨리 떠나세요.|||요한에서 당신은 이미 권력욕으로 가문의 명예를 더럽혔습니다. 하늘에 있는 나의 조상들이 슬퍼할 것이다.|||국회의원으로서 세금을 받으면서 국민과 나라를 위해 무슨 일을 하셨나요?|||본업을 그만둬라!!!|||잘하셨어요! 더러운 물에서 나오셔서 다행이에요!|||잘하셨어요.|||국력의 본보기를 따르고 사퇴하시기 바랍니다.|||그 나이에도 여전히 윤가와 그 일당의 정체를 알지 못한다.|||비례대표 아닌가요??? 내가 내려놓으면 다른 사람이 할 수 있도록 당 지도부에서 나를 쫓아내는 걸까요????|||그냥 미국에 가서 사람들의 세금을 쓸데없이 염탐하지 마세요.|||윤석열 시절 어떻게 장관직에 뛰어들었나.|||가다!|||단물이 다 없어졌죠?|||도망가고 있는 거야? 하하하하, 그 사람도 체포하세요.|||안녕히 가세요. 늦었지만 현명한 선택을 하셨습니다. 이번 사건을 자신을 반성하고 반성하는 기회로 삼으시길 바랍니다.|||나는 그가 민주주의라는 단어에 조금이라도 관심이 있다고 생각했습니다. 민주주의와 정의와 공정........요한은 국암당이 아닌가....|||뭔가 깨달았나요? 박근혜 윤석열 같은 사람들을 따르고 조상들의 헌신을 폄하한 잘못을 진심으로 반성해야 한다고 생각합니다..|||빨리 사퇴해주세요. 당신은 유죄입니다. 조사를 받으세요.",0
o0UedFdicts,구금명령 소리에 변호인단은 사시나무처럼 겁에 질려… KNN,"제가 너무 게을러서 증언을 거부했어요 하하하. 역사에 남을 것입니다.|||빨리 구치소에 가두세요!|||이해합니다. 구속을 결정한 변태 두 명은 빨리 처형해서 구치소에 가둬야 하는 거겠죠?|||지귀연.. 행사 진행자도 아닌데.. 이렇게 사법부의 권위를 낮추는 건가요?|||미안해요... 미안해요|||간단히 말해서, 정상적인 논리를 가진 사람은 결코 내전을 방어할 수 없습니다.|||개세갓텐 재판, 아사리판 재판, 이게 내전재판인지 볼수록 혈압이 오른다.|||사과해도 괜찮나요? 억류명령 잘 받으시길 바랍니다.|||법정 분위기는 좋은가요? 가능하다면 치킨과 맥주를 앞에 놓으면 분위기가 더 좋지 않을까요?|||동창회에 가시나요?|||이것은 시골 시장에서의 시험인가, 아니면 할인인가? 정말 관대한 판사 아닌가요?|||이하상의 목소리도 수준급이다.|||너희들은 왜 자꾸 법정에 나오냐??? 판사가 그를 감옥에 가두면 그 사람은 구치소로 보내진다는 뜻 아닌가요?????????|||사시나무 이야기를 하니 소름이 돋네요..|||그 바보들을 변호인으로 이용하는 김용현도 일종의 유상종이다.|||그 접시는 엉망이야|||사람들이 다 TV로 봤는데 사시나무처럼 떨어졌다고?? ㅋㅋㅋ|||이것은 남북 전쟁 재판입니다. 남북전쟁 재판이다. 나라가 거의 전복될 뻔한 사건이다. 이번 재판은 법원 개혁이 필요한 이유를 입증했다.|||진행하는 동안 지귀연이는 왜 그렇게 웃고 있는 걸까요? 현재 남북전쟁 재판은 농담인가? 웃고 있나요? 한숨을 쉬다|||곧 지귀연도 욕하게 되겠죠 ㅎㅎ",0
obmMhxwdcmc,생선 뼈를 훔쳐 고객에게 제공하여 KNN을 놀라게 했습니다.,"중국 소세지에서 이빨이 나왔어요... 중국인들은 진짜 그만하세요.|||또 중국이었는데, 뉴스에 중국인들이 나오네요... 너무 지겹습니다.|||남의 입으로 들어가는 음식을 가지고 장난을 하면 벌을 받습니다.|||나는 중국인이다|||차이밍이 충성하는 나라, 꿈의 나라",1
o19GqTLt8h4,발언을 듣고 있던 지귀연 판사의 심정은.. 김용현 내전 재판에서는 무슨 일이 일어났던 걸까?,"판사님 사교를 잘하시네요 ㅎㅎ 가족 오락 센터 같아요 .. 좋아해요.|||글쎄, 재판이 이런 시트콤이 될 줄은 몰랐다. 정말 신구씨가 나온 시트콤같네요.. 대단하네요..|||판사는 피고인의 변호사에게 용서를 구한다고 말했습니다. 하하, 역겨워요.|||반역죄에 대한 재판입니다. 이게 뭔지는 모르겠지만... 전혀 심각하지 않은 판사의 태도에 매우 화가 납니다.|||무엇!!! 서로를 되돌아보는 시간이겠죠?? 남북전쟁 재판은 매우 훈훈합니다.|||이게 실제 남북전쟁 재판인가요? 웃음이 오가는 모습과 피의자에게 미안하다고 말하는 판사의 모습이 어이없고 답답하다!!!|||변호사. 판사. 똑같아, 살고 살아. 이런 재판이군요. 처음 보는 것 같아요. 내가 알기 전에. 이것은 재판이다|||당신이 판사가 너무 장황하게 말했기 때문에 그렇게 말하는 것입니다. .와, 세상은 정말... 대단해요. 너무 친절해요|||변호사의 지적을 받는 판사. 그|||그들은 정말 친절해요. 변호사는 그들을 꾸짖었다. 그들은 우리에게 훈련을 주었습니다. 이 조직은 무엇입니까?|||재판이 아니라 엉망이에요.|||이 장면이 널리 알려졌으면 좋겠습니다|||눈을 뜨고 볼 수 없어|||법원은 엉망이다|||이렇게 다정한데 묘한 장면인데 어떻게 재판이 제대로 진행될 수 있을까?|||뭐하세요? 정말 우스꽝스럽습니다.|||가정법원에서 가정사건을 조정하려는 것 같은데... 무슨 재판을 하려는 걸까요.. 한심하네요,,,,|||이것이 바로 남북전쟁 전담 재판소가 절대적으로 필요한 이유이다.|||마치 동네 마을회관에서 사교 모임을 하는 것 같았어요 ㅎㅎ|||귀찮아서라는 말은 아무 생각 없이 하는 말인가요? 꼭 해야 한다는 말이에요|||와...저게 정말 남북전쟁 재판인가요??!!!장난하시나요??? 일반 형사재판도 이렇게는 안 돼요!!! 이번 재판은 너무 심각해서 국민들이 지켜보고 있고 분노하고 있습니다!!!!|||나는 무엇을 보고 있는 걸까? 남북재판을 보러 왔는데 여기는 아닌 것 같죠?|||이하상과 저 안경남자는 아직도 가만히 있나요????????????????????????????? 이 나라에 법이 있나요????????????????????????????????????????????????|||두 변호사는 언제 구금되나요? 그리고 변호사 협회는 무엇을 하고 있나요?|||법정에서 검찰이 하는 꼼수는 변호사가 그러면 안 된다는 건데...ㅋ 그것만으로는 부족하다.",0
29L-DQHq3kc,반말하지 마세요 변호사님...특검의 얼굴을 보자 이하상은 완전 당황스러워 합니다.,"구독과 좋아요로 JTV뉴스를 응원해주세요. 감사합니다.|||언제 구금되나요? 온 나라가 구금 명령을 보았습니다. 이게 말이 되나요???????????? 대법원은 웃고 떠드는 곳인가요????|||판사가 그걸 정리할 수 있나요? 좋아요. 판사는 일을 정리하기 위해 존재합니다. 사회를 보는 것도 아닌데...|||그 사람을 변호사 자격을 박탈하세요.|||특검. 검찰님, 최선을 다해주세요. 사람들이 지켜보고 있습니다. 나라를 위해 열심히 일해주세요.|||지귀연법원. 끌려가는 건 역겹다.|||재판을 진행해 달라고 했더니 재판을 주재하더군요... ㅎㅎ|||최대한 빨리 구금을 진행해 주시기 바랍니다.|||검사님들도 저 사람들처럼 강하게 나와야 합니다.|||정말. .보고 싶지 않아요. .그 변호사들은 나타나지 않았으면 좋겠습니다.|||이하상 당신은 판사가 아니예요 ㅠㅠ|||진짜 판사는 뭐하는 걸까요? 재판이 이렇게 엉망이 됐나요?|||젠장, 정말 좋은 나라야. 계엄령 관련자들은 처벌을 받고 있는데 반대편 변호사들은 점점 더 화를 내고 짜증을 내고 있다?? 이게 맞나요??? 나는 지금 제대로 된 나라에 살고 있는 걸까????|||이하상 판사의 재판 방향... 그리고 지귀연의 재판 과정... 하하, 말도 안 된다.|||그 사람은 판사 자격이 없어요. 그는 자신이 판사보다 더 나은 변호사임을 인정합니다.|||기본도 모르는 변호사를 데려오면 질 낮은 재판이 됩니다.|||판사가 불쌍해서 재판이 엉망이다.|||검사님을 응원하는 날이 올줄은 꿈에도 몰랐네요... 김용현 변호인단 정말 대단하네요..|||판사가 그러하니 변호사 김용현이 그러하다.|||지귀연. 조금. 판사처럼 행동하십시오. 이하상님, 그런 사람 빨리 막아주세요.|||판사가 문제네|||와, 이거 정말 짜증나네요.|||다른 사건에서도 판사와 검사가 그렇게 냉정한 걸까요? 변호사가 실제로 더 강한가요?|||이하상님 말씀이 맞다고 하더군요. 그걸 한마디로 인정하지 못하는 지귀연이 판사인가?!|||실제 판사의 역할이 얼마나 중요한지 잘 알고 있습니다. 왜 이렇게 흐름을 방해하는 걸까요?",1
dkSSKJjCfHE,"풀영상, 국무회의, 12월 9일 나라는 소수의 나라가 아니다.. 대통령의 엄한 질책 솔직히 저들이 뭐하는 짓인지 모르겠다.","구독과 좋아요로 JTV뉴스를 응원해주세요. 감사합니다.|||가감 없이 명쾌하게 진행되는 국정회의를 듣는 것만으로도 의욕과 활력이 넘칩니다.|||행정천재, 경제천재, 외교천재, 소통천재. 이재명 회장님, 정말 대단하십니다. 기운을 내다!|||그렇습니다. 빨리 잘못된 것을 청산하고 나라를 바로 세워야 합니다. 모든 일을 잘 해주신 이재명 대통령과 여당에 진심으로 감사드립니다. 나는 당신을 존경하고 지지합니다.|||국무회의는 그 어떤 드라마보다 재미있다. 신뢰와 투명성을 보여주셔서 정말 감사드립니다.|||정말 재미있어요. 국무회의는 재미있고, 많이 배우고, 나라를 운영하는 방법도 배운다. 나는 일석이조로 세 마리의 새를 죽인다. 정말 재미있어요. 여러분의 노고에 감사드립니다.|||국무원의 귀가 윙윙거린다. 대통령님, 잘 선택해주셔서 기분이 좋습니다. 안심이 되네요!|||최저임금과 비정규직에 대한 대통령의 생각과 제안이 정말 멋지네요! 이렇게 꼼꼼하고 정의롭고 따뜻한 대통령이 이제 우리의 대통령이 되어 너무 감사합니다!!!|||우리 정부 장관들은 일을 잘하고 있습니다. 국무위원들과 대통령님은 잘 지내고 계십니다. 기운을 내다. 당신은 잘 지내고 있습니다. 화이팅.|||오직 국민만을 생각하시는 이재명 대통령님께 너무 감사드립니다. 나라가 서민을 염두에 두고 논의하는 모습을 보니 눈물이 납니다. 당신은 정말 최고의 리더입니다. 우리 모두 권력을 미워합시다. 나는 당신을 지원합니다.|||이재명 정부 덕분에 힘이 납니다. 나는 당신을 강력히 지지합니다.|||풀뿌리에게 보건복지와 보건행정은 여전히 ​​매우 형식적이다. 실질적인 보건복지와 보건행정이 이루어지길 바랍니다. 대한민국이 건강한 사회, 행복한 나라가 되기를 바랍니다.|||대통령 말씀을 듣고 최저임금을 당연하게 여겼는데, 생각이 다르군요. 대통령은 이 나라를 구하기 위해 오신 분입니다.|||우리 잼 회장님이 최고예요. 항상 국민의 정서를 배려하십시오. 감사합니다|||이렇게 국무회의가 열려 있으니 각 부처의 장관과 공무원들이 열심히 일할 수밖에 없는 체제인 것 같습니다. 나는 열심히 일하는 대통령과 장관에 대해 자신감을 느낍니다. 나는 당신을 응원합니다. 나는 자랑스럽다|||이번 국무회의는 정말 놀랍습니다. 나는 송 장관님과 국무위원 여러분, 그리고 대통령님을 존경합니다. 감사합니다|||역시 이재명 대통령님, 충분한 정부 일자리 창출을 위한 조치를 취해주셔서 감사하다는 말씀을 전하고 싶습니다.|||종교는 정치적 발언을 하는 것이 허용되지 않습니다. 종교가 나라를 위해 기도해도 부족하다. 내전으로 해고된 윤석열을 종교는 아직도 지지하고 있지 않은가?|||안녕하세요, 11개월 계약에 대해 바로 이렇게 민감한 이야기를 하신 이잠 대표님을 존경합니다.|||세상에 이런 대통령이 있나요???? 우리 국민의 축복이니까 열심히 지원해야겠죠????|||이 나라는 소수의 권력자들의 것이 아닌 국민의 것이므로 개혁하라!|||회장님, 모든 일을 세세하게 보시는 것에 감동받았습니다.|||진대코리아는 글로벌 기업입니다. K푸드와 K기타 제품의 위조품에 대해 다양한 방식으로 대응하고 있는 점도 정말 인상적입니다. K-푸드와 K-기타 제품의 생산과 수출을 원활하게 지원할 수 있는 공무원이 부족한 것 같습니다. 공무원 수를 더 늘려야 합니다. 파이팅, 믿음직한 대한민국 공무원 여러분!!!! 나아가 공평한 분배와 공정한 제품 개발을 위해 공무원들이 더욱 노력해 주시길 바랍니다. 진대코리아는 글로벌 기업입니다. 언젠가는 국내 기업이 정부 서비스와 경쟁하는 모습을 보고 싶다.|||남북전쟁, 조작, 마약, 폭력, 위증, 사기, 비방, 친일파는 무조건 처벌하라! 전재산 몰수, 벌금 1000억, 징역 100년을 선고하라!|||이재명 대통령은 진정한 국민을 위한 최고입니다.",0
VipCoJargfo,결국 유재석..,"화장품을 만들었어요! 여러분의 많은 관심이 필요합니다..ㅜㅜ 많이 구매해주세요. 구매링크 https smartstore.naver.com mimimi 저희 파트너사인 인터넷민족 여러분의 많은 관심 부탁드립니다! 가입에 만족하신 인터넷 분들 전화문의 1800 6475 홈페이지 https www.in min.com 카카오톡상담 http pf.kakao.com mRJlxb chat 인터넷TV 휴대폰 최대 98만원 현금지원 정수기 가전렌탈 최대 32만원 현금지원 SK KT LG스카이라이프 전 통신사 OK 인터넷 SIM 전송요금할인 주말 365일 언제든지 상담가능 그리고 휴일! 꼭 필요한 계획만! 1 110년 넘게 맞춤형 컨설팅을 운영하는 이유는 정직함 때문입니다. 2013년부터 인터넷민족인터넷구독 인터넷민족인터넷구독 인터넷민족|||현지가 누구인지 밝혀야 합니다.|||국가보안법 폐지를 은폐하려 한다.|||좌우 입장을 가리려는 의도는 아닌가?|||사실은 세상은 유령이고 언젠가는 부메랑으로 변해 여러분에게 돌아올 것이라는 사실입니다 하하.|||이게 이렇게 잘 드러났는데 왜 김현지를 밟을 수 없는 걸까요?|||국가보안법|||국가보안법 폐지 반대|||국가보안법을 폐지해야 하는가? 현지 공개에 앞서|||하하하 갑자기..먼저 김현지, 김남국과 함께 풀어보자. 휴대폰 좀 치우세요.. 미미미미미미미미미미.|||현지 자매의 비밀 권력을 은폐하기 위해.|||어머 제가 로맨티스트라서 알아서 하겠지만 이나라 ㅠㅠ|||사랑하는 김현지를 가리려고 그렇게 소란을 피우는 것도 아닌데.... 좌파 애인인데도 가차 없이 버린다.|||쓸모없는 사람들이 여론을 선동하고 있습니다. 김현지, 장경태: 문제를 과열시키려는 계략이다. 이 모든 것을 파헤쳐 국민이 알 수 있도록 보도해야 합니다.|||가난과 아첨이 아닌 진짜 실력이 실력이 되는 세상에서 살아야 합니다. 라도 카르텔은 끝났습니다.|||나는 내려야한다.|||지역 존엄성 구출|||그냥 터지나요?? 이거 동네 언니 때문에 그런거 아냐???|||김현지는 문제를 덮을 화력이 부족했던 걸까. 유재석까지 투척? 이미 세 사람이 지옥에 갔지만 조금만 더 참으면 좌우이유와 좌우이유가 폭발할 것이다.|||이재 유재석 조세호 날아가는 건가요ㅜㅜㄷㄷㄷ|||천안 삼성전자 앞에 빅준푸드 빅준부대찌개가 있습니다. 궁서체도 천안에 2개 지점이 있다.|||이제 민주당이 집권했는데 나와서 자기들만의 세상이라고 하느냐?|||연말에 터진다|||실제로는 순실이는 아무 짓도 안 했는데 감옥에 갇혀 있고, 현자는 실세라도 숨어 숨어 있다.|||이번엔 로맨스 조작인가?? ㅋㅋㅋ",1
N9dGbBACtH0,배우 박지원의 충격적인 폭로,"화장품을 만들었어요! 여러분의 많은 관심이 필요합니다..ㅜㅜ 많이 구매해주세요. 구매링크 https smartstore.naver.com mimimi 저희 파트너사인 인터넷민족 여러분의 많은 관심 부탁드립니다! 가입에 만족하신 인터넷 분들 전화문의 1800 6475 홈페이지 https www.in min.com 카카오톡상담 http pf.kakao.com mRJlxb chat 인터넷TV 휴대폰 최대 98만원 현금지원 정수기 가전렌탈 최대 32만원 현금지원 SK KT LG스카이라이프 전 통신사 OK 인터넷 SIM 전송요금할인 주말 365일 언제든지 상담가능 그리고 휴일! 꼭 필요한 계획만! 1 110년 넘게 맞춤형 컨설팅을 운영하는 이유는 정직함 때문입니다. 2013년부터 인터넷민족인터넷구독 인터넷민족인터넷구독 인터넷민족|||여의도 쓰레기장을 빨리 없애면 나라가 살아남는다.|||우리나라 현 정부는 정말 한심합니다. 대한민국은 어떻게 될지 걱정스럽습니다.|||노쇠가 아니라 정신과.|||양심이 있었다면 그런 짓은 안 했을 텐데. 심각한 문제입니다.|||국가와 국민을 위해 봉사하지 못하는 국회의원 수를 줄이자. 부정선거 근절로 무자격 의원을 제거해야 합니다.|||동대문 주민들 반성보다는 부정선거!|||선거를 제대로 치르고 교체해야 한다. 쓰레기 공직자를 청산하고 자유민주주의를 지키자.|||성재준 선생님, 늘 수고해 주셔서 감사합니다.|||대한민국 정상으로 돌아가려면 아직 갈 길이 멀다.|||국회의원도 연령을 제한해야 한다.|||일어날 시간이 지났습니다. 저승사는 무엇을 하는가?|||완전한 쓰레기. 저는 성 감독님을 정말 존경해요.|||성재준님, 혈압이 걱정됩니다. 고마워요, 고마워요.|||대한민국에는 40명이 눈을 감고 살고 있습니다. 하나만 확인하면 부정선거가 확정인데 그걸 믿고 싶지도 않네요.|||국회의원에게도 정당이 있어야 한다. 기간은 65세까지 만료되어야 합니다.|||하늘이 두렵지 않나요?|||서영교도 나빴다.|||이재명 탄핵을 기원합니다.|||사용할 수 없는 경우 폐기해야 합니다. 사람들은 그것을 원합니다.|||그런 사람을 뽑는 사람들이 더 나쁜 사람들임을 강력하게 외칩니다!|||성제준님, 반갑습니다.|||연민과 연민의 감정을 불러일으키는 것|||감사합니다,,,, 당신은 애국자이십니다,,|||제주성. 건배!",1
c2UyLbR8IZU,인력을 감축하지 않으면 나라가 망할 것이라는 IMF의 엄중한 경고는 곧 현실이 될 것이다. 경제 붕괴는 이미 시작됐다. 서동기 교수 3부. 부자 김경필,"심층적인 분석 데이터와 실시간 경제 투자 통찰력을 얻고 싶으십니까? 원픽 제보사이트 https han.gl nSxdh 원픽 제보정보실 https han.gl Q7892 See More|||아무런 대책도 없이 돈을 찍어낸 한국은행 총재는 반역자와 다름없다.|||정말 무서운 점은 가계대출 통계에 전세대출이 포함되지 않는다는 점.. ㄷㄷㄷ|||결국 집값이 오른 뒤|||공무원 대부분이 강남에 집이 있는데 누가 집값을 낮추는 정책을 펼쳤겠는가. 대부분의 사람들은 나라가 망해도 돈만 있으면 된다고 생각합니다.|||은행만 가득 찼습니다. 예금 금리를 올리거나 대출 금리를 낮추는 것, 즉 추가 금리를 은행에 맡기지 말고 위와 같이 처리하십시오.|||창용아 정신 차려라 지금은 돈 쓸 때가 아니다|||이 나라의 가장 큰 문제는 정치인이다.|||정부의 강남살이 기득권이 둔촌 주민들을 살리는데 이용되어 나라를 망하게 만들었다... 금리 올려서 물가를 통제하려는 나쁜 놈들아, 부동산 시장을 폭락시키라.|||맞습니다. 그런데 정치인들은 비판받기 싫어서 아무 것도 하지 않습니다.|||ㅇ.ㅇ 국가 총부채는 7,000조원에 머물며 계속 증가하고 있습니다. 문제는 단지 사물을 밝히고 싶어하는 오프닝의 정치인들입니다.|||가장 쉬운 것은 가계부채를 줄이는 것이다. 금리가 오르면 달러가 1,500달러 오르는 것을 막을 수 있다.|||고통스럽더라도 금리만 올리면 망할 부동산을 막기 위해 죽을 각오가 되어 있지 않은데 뭘 바라겠습니까?|||구조조정이 현실화되고 있다....|||국가부도는 대안이 없는 것이 현실이므로 빨리 일어나야 한다.|||이 분은 정말 전문가이신 것 같습니다. 나는 할 말이 없다!|||대대적인 구조조정을 하지 못하고 부동산 거품을 해소하지 못한다면 우리는 장기적인 불황에 빠지게 될 것입니다. 어렵더라도 금리를 미국보다 더 올려야 한다. 이번 사태에는 한국자동차 사장의 역할도 크다.|||정치인은 자기 돈만 벌고 싶은 도둑이다. 국회를 해산하고 나라를 바로잡아야 합니다.|||주지사가 남은 임기 동안 돈을 모으겠다는 의지를 보이고 있는데 어떻게 해야 할까요?|||특히 생활비는 거의 두 배로 늘어났습니다.|||비 고급지역 아파트 가격이 22억 원이면 정상인가요?|||직업이 있어서 감사해요.. 버티고 버틸게요.|||대출을 닥치는 대로 다 빼서 집을 샀으니 그렇죠... 돈을 써도 그 돈은 다시 집으로 들어갑니다...|||미친 부동산 거품을 방치한 결과다.|||경제는 무너지고 있지만, 인위적인 주가 상승과 반도체 호황으로 경제가 좋다고 생각하는 무능한 정부로 인해 서민들은 점점 더 어려운 시기를 겪고 있다.",0
U7X6idHw3zY,이재명은 자신이 고의로 선택한 인물의 정체를 알고 충격에 빠졌다.,"어리석은 자들은 하루빨리 깨어나야 합니다.|||우리는 국가보안법 폐지를 절대 반대하며, 무조건 막아야 합니다.|||이 범죄에 대한 탄핵!!!! 고소!!!!|||이재명 빨리 체포하자.|||나는 김우철 감사원장을 반대한다.|||아 나의 나라|||감사원 비리를 적발하고 저지하려면 국력이 뭉쳐야 한다. 애국시민 여러분, 단결하여 지켜주세요.|||방탄벽이 높을수록 파괴될 때의 충격은 더욱 커집니다!!!|||중대한 죄가 너무 많기 때문에 필연적으로 자기 편에 있는 사람을 감사원장으로 선임하게 되겠죠?|||한마디로 아수라|||악마는 악마처럼 행동한다|||정답은 빠르게 범죄를 저지르고 진압하는 것입니다.|||김우철은 감사를 반대하는 공산주의 괴물국가다.|||하루빨리 이재명을 재판에 회부해야만 나라가 살아남는다. 가짜 범죄자들이 나라를 망하게 만들고 있습니다. 조희대 법관은 조속히 재판을 재개해야 한다.|||나는 충격을 받았습니다. 이재명을 끌어낼 수밖에 없다.|||북한처럼 배급을 받으면 국민들이 깨달을 수 있을까? 국민 모두가 깨어나야 하는데 한국은 너무 나갔다.|||완전히 끝났어.....|||이 악인들이 모이는 곳에서는 누가 벌을 받게 될까요??? 한숨만 나네|||당신은 당신이 원하는 무엇이든 할 수 있습니다.|||하루빨리 탄핵하고 체포하세요. 이 나라는 엉망이다.|||우리가 그토록 애썼던 자유민주주의가 무너지는 것을 어떻게 볼 수 있겠습니까?|||이 사람들은 중립적 공정성에 대해 전혀 모릅니다.|||언젠가는 사람들 사이에 유혈 사태가 일어날 것이라고 생각합니다.|||이재명은 징글징글하다. 비밀 권력인 김현지에 대한 특별 조사가 이루어져야 한다. 감사원을 막자.|||나라가 너무 끔찍한 상황입니다.",1
82iElNY-irE,이재명이 출연한 녹화는 무엇인가요?,"최고야, 최고의 미디어 회사야|||이재명이 왜 통일교를 해체하겠다고 위협하는지 알 것 같습니다. 이재명 당장 빼내야 한다.|||불의가 법이 되면 대중의 저항은 의무가 됩니다.|||답은 이재명 재판을 빨리 재개하는 것, 김현지, 정진상, 김남준, 김용, 이석기…|||윤영호 입장에서는 다 날려버리는게 답인데...|||그는 나쁜 일을 모두 저질렀습니다. 그는 역사적인 인물입니다. 그 사람은 인간이 아니고 괴물이에요.|||칼에 맞은거같은데..|||내로남불의 최종왕이 무너져야 나라가 다시 일어설 것이다.|||여당에 유리한 특검은 퇴진시켜야 한다.|||양파처럼 껍질이 벗겨지는 전과자, 이 4차 범인을 긴급 검거하세요.|||이재명 재판. 이재명을 조사하라.|||범죄자는 사업을 중단하기 위해 사기에 의존해야 합니다. 부끄러워할 줄도 모르는 파렴치한 악당들이네요...|||민중기를 고소하고 특검을 실시하라.|||다 잡아야 해|||보복!!! 그것은 세상이다|||민중기를 체포하려면 민중기특검을 해체해야 한다.|||제가 몰랐던 사실을 알려주셔서 감사합니다|||이재명에게는 아무리 노력해도 끝이 없다. 능력이 없으면 내려와서 심판을 받고 따뜻한 빵을 먹으라...|||소식 감사합니다, 행운을 빕니다|||일이 뜻대로 되지 않는다고 종교를 탄압하시나요? 그럴만한 가치가 있는 사람|||내란의 주모자인 이재명과 통일교로부터 불법자금을 받은 각료들. 모든 정치인은 감옥에 가야 합니다.|||이재명을 탄핵하고 재판을 시작하라. 그리고 좌파 민주당을 해산하라. 한꺼번에 사퇴하세요.|||진실이 밝혀진다!!!!|||특검 3명 모두 구속 수사해야 한다.|||이재명이 통일교 3인자로 불리는 이청우에게 위촉장을 줬다..",1
POmdw0KB_zw,민중기 특검의 충격적인 현실!,"바꿔보자. 나라가 망했어요.|||폭탄이 터졌다|||민중기는 특검을 없애고 대신 특검을 맡아야 한다.|||특별조사....민주당|||국민의당은 탄핵되어야 하고, 특검은 해체되어야 하며, 국민의힘이 지정한 특검 수사팀은 반드시 체포 수사해 진실을 밝혀야 한다.|||민중기를 조사해!!!!!|||민주당은 더한 것이 아니라 더 많은 일을 했습니다! 받으면 불법입니다. 받으면 합법이에요!|||국민의 깃발을 규탄하라|||특수수사가 아니라 느낌대로 행동하는 특수조직이다.",1
i2ePP4-Dd_s,"파문당한 이재명이 방금 긴급특별내전법원 설치를 강요하고 통일교회를 해산시켰습니다!! 조희대, 충격적인 발언! 민주주의는 반란으로 폭발한다!","이재명은 절대 대통령이 될 수 없다. 그 사람을 빨리 끌어내야 해요.|||이재명 정권이 정상이 아니다. 무너뜨려야 합니다.|||정의가 실현되기 전에 이재명을 빨리 처리해야 한다. 민주당은 들어야 한다. 그들은 중앙선거관리위원회를 믿을지 모르지만 권력은 영원하지 않습니다.|||4개 전과를 가진 대통령은 나라와 전 세계에 치욕이다. 사법부는 4건의 유죄판결을 받은 범죄자에 대한 재판을 조속히 재개해야 한다.|||나는 항상 보안정책을 지지한다.|||이재명 이제 끝난 정치로 국민과 게임을 하려는 겁니까?|||범죄자 이재명은 자신의 목숨을 구하기 위해 법치주의를 무너뜨리고, 나라의 기초를 무너뜨리고 있다. 재판을 재개하고 그를 체포해야 한다.|||이재명은 지금 미쳤다.|||국가보안법 폐지, 이게 나라냐? ㅡㅡㅡㅡㅡㅡ 고용법 침해, 국정 침해, 헌법 침해, 내전 ㅡㅡㅡㅡㅡ|||종교의 자유를 없애는가? 아직! 어머나|||세계에서 가장 강력한 독재 정권의 탄생|||젠장, 내려오세요.|||범죄자는 살아남기 위해 고군분투하고, 모든 시민들을 비난한 뒤 범죄자로서 혼자 살기로 결심한다.|||지금 그들이 종교까지 탄압하고 있다는 겁니까?|||국민이 원하지 않는 법을 만들지 말고 국민이 정말 원하는 법을 만드세요. 국민들은 재판을 피하기 위해 방탄법을 혐오한다.|||나라가 무너지고 있다|||언제까지 그 사람을 날뛰도록 놔둬야 할까요?!|||범죄 이름이 마음을 아프게 합니다.|||힘이 너무 과하면 부서진다. 이것이 현실화에 좀 더 가까워진 걸까요?|||역사는 진실을 말해줍니다. 나는 미래가 걱정된다.|||이제 저를 믿고 돌아가서 인내하세요.|||증인과 증거를 인멸하려고 합니까?|||국회와 헌법재판소가 내전을 맡는다. 그건 내 것이 아니야, 댄. 해야 할 유일한 일은 Yun Tong을 해고하는 것입니다. 특검을 해체하고 수사하라. 다들 풀어줍시다. 주요 선거. 반국가적인 수확은 예상되지 않습니다. 대중의 관점에서 보면 그것은 말도 안되는 일입니다. 반역자로 확인되면 세 번째 기소돼 반역자로 간주돼 탄핵은 무효다.|||법치파괴!!|||내 생각엔 이제 그 사람이 죽을 때가 된 것 같아. 인민법원을 설립하고 종교를 탄압하는 것은 정권 몰락의 지름길이다. 자유의 거대한 물결은 민중 봉기, 민중의 저항으로 승화될 것입니다.",1
CPF2ATk5fdk,중앙선거관리위원회 간부 2명이 국민기도 혐의로 검찰에 송치됐다. 오상종 자유한국애국회 대표.,"부정선거를 외치는 오상종 대표는 국민적 영웅이다. 부정선거에 연루된 자들을 모두 구타하고 처형하여 나라를 바로잡자.|||오상종 의원 같은 사람이 국회에 들어가야 한다. 지금은 정권간 전쟁이 한창인 가운데, 통일까지 확실한 우파들이 앞장서야 한다.|||장동혁 의원을 따르지 않는 국민의당 의원은 어떠한 질문이나 논쟁도 없이 무조건 하차해야 합니다!!!|||노태악 특검 온 국민이 일어나야 합니다.|||오상종 감독님, 감사합니다.|||우리는 반역자들을 기억합니다. 지역 자유주의 우파 유권자들이 선거에서 패배하도록 캠페인을 벌이십시오.|||우익들은 다 얼굴이 좋네|||민중기는 감옥에 보내야 한다. 문제를 일으키는 배신자를 신고해주세요.|||진정한 애국자 오상종입니다. 그는 현실적이고 현실적으로 일하는 사람이다.|||권엥진 같은 사람이 국민의힘 소속이다. 민주당을 돕는 사람들은 왜 국민의힘에 있는가? 배현진, 한동훈 같은 사람은 퇴출당해야 하는거 아닌가?|||공천도 잘해야 합니다.|||부정선거에 대해서는 중국 공산당과 일부 공화당, 민주당, 심지어 정보기관까지 연루된 카르텔이 너무 커서 트럼프 대통령이 매우 우려하고 있다. 그러므로 부정선거로 대통령 역할을 하는 자들은 핀셋을 없애고, 대선은 전자투표가 아닌 수기투표로 치뤄져야 한다.|||범죄공화국이 된 나라. 부정선거로 국회의원과 대통령을 선출한 나라. 우리나라 대한민국이 망하고 공산주의화 되어 중국으로 넘어가고 있습니다.|||오상종 화이팅|||오상종 감독님! 감사합니다|||파괴|||오상종 사령관님, 노고에 감사드립니다. 행운을 빌어요.|||자유대학 회원 지도자들은 최소한 40세 이상이면 출마권을 주어야 한다.|||검찰과 판사들은 나라를 위해 선거부정을 신속히 밝혀내십시오.|||중앙선거관리위원회는 해산되어야 한다. 해결책은 너무 썩은 곳을 다 뽑아내고 중앙선거관리위원회를 해체하는 것인데...|||감사합니다 오상종 감독님|||가족회사인 중앙선거관리위원회의 부정선거가 하루빨리 밝혀지길 간절히 기도합니다.|||오상종 감독님, 노고에 감사드립니다.|||한동훈, 조경태, 한지아, 김예지, 김용태, 김재섭, 배현진, 양향자 빨리 파티에서 나가라 ㅡ|||우리는 오상종 사령관의 애국활동을 적극 지지하고 지지합니다. 건강 잘 챙기세요.",1
zeJ6gmzZoYM,계엄령과 내전은 시스템 공학을 통해 명확하게 설명되었습니다.,"나라를 위해서 끝까지 최선을 다하시네요! 감사합니다.|||지만원박사님 건강하십시요 나라위한헌신에감사드림니다감사합니다|||대한민국의 지만원 박사님 응원합니다 늘|||공학박사님! 건강한모습 보니 보기좋습니다!!!! 많은고초를격으시고 고생많이하셨습니다!!!! 추운날씨건강잘챙기세요!!!! 감사합니다!!!!!|||지만원박사님은 진정한 애국자입니다.건강챙기세요.|||전세계 부정선거에 사용되는 한국산 Aㅡwab에 대하여 다뤄주세요ㅡ신속하게요.급합니다.|||지만원박사님 애국을 향한 충정에 진심으로 감사드립니다. 응원합니다|||내란은 범죄4범 리죄명이 부정선거로 정권찬탈 했읍니다. 리죄명은 내란수괴 입니다. 탄핵시켜서 끌어내려야 합니다. 범죄4범 리죄명 방빼라.|||수십년간 기나긴 탄압을 받으시고, 최근에는 긴 옥고까지 고령의 나이에 치르신 박사님! 당신은 나의 인생 롤모델이십니다. 존경합니다!|||자유대한민국 애국 지만원 박사님 추운 날씨에 건강 잘챙기세요|||민주당 과 간첩박선원 과 국정원돈 횡령한홍장원 이 만든 내란조작죄 입니다 ,윤대통령 은 내란 을 한것 이 아니라 불순분자 에 대한 게엄령 계몽령 이었습니다|||시스템 공학 박사님 건강 잘챙기세요 박사님|||내란은 이재명 민주당100|||이분 확실히 정리 해주시네요|||이진관은 친중쎄쎄판사고 이정재 판사는 칠성사이다 판사님 화이팅|||지박사님 참으로 오랫만에 뵙습니다 !|||윤통은 최근까지도 518 정신 호의무사와 다를 바 없었다. 그러니 최근까지의 정세 판단력에 대해 사과해야한다. 부정선거,의회독재에 대해 계엄을 선포한 것은 잘했다. 무죄로 풀려나는 것이 맞다. 이것이 지박사님의 생각이라고 본다.|||지만원 박사님, 건강하시네요. 대단한 애국 수호의 상징 지만원 박사, 요즘은 이상하게 지만원 박사, 지귀연 판사, 두 이름이 자꾸 연상 된다.|||내눈에 딱 드러오는 사람들은 지만원 박사님, 그리고, 서울역에서 부정선거 척결주도하는 이름은 잘 생각나지 않음 무슨 박사님 그리고, 진격의 변호사들..... 이정도가 찐 정의파....|||지박사님 주장은 system이 안 망가졌을 때고예 .. now 현시점에 시스템이 제대로 임미껴?|||뭘 어렵게 분석하나요? 헷갈리게요? 계엄은 대통령 기본임무인데.. 자기일을 했다고 내란인가요. 일을 못하게 한 것이 내란이지요.|||알림 오늘저녁11시다썰남tv에서우파끼리전화토론생중계. 대박날것이다. 시청자수와채팅. 초천재 고대경영학과 vs여포. 참고로,나는초천재가최고의우파브레인으로생각|||지만원 박사님 진정한 애국자이십니다",1
Q4mjY68d_8w,트럼프는 베네수엘라와 한국에 대해 같은 날 조치를 취했다.,"저는 트럼프 대통령을 존경합니다. 그가 한국에도 왔으면 좋겠습니다.|||미국과 한국은 혈맹이다.|||대한민국의 선거사기카르텔은 반드시 근절하고 반드시 처벌하라!!|||ㅡ곧ㅡ한국도 정상적인 국가가 되어 세계에서 위상을 가질 수 있기를 바랍니다.|||트럼프 추종자|||베네수엘라를 장악해 스마트매틱과 중앙선거관리위원회 서버의 자료를 확보하길 희망한다.|||듣고 있는 동안 Jen, 이건 좋은 소식이에요.|||트램프 파이팅, 한국으로 가자!|||계엄령 이후 한국군 다수가 간첩이었다는 사실이 밝혀졌다..|||가능한 한 빨리 움직여 주십시오. 심장이 쿵쿵쿵!!!!! 트럼프 대통령 화이팅!!!!!!|||트럼프 대통령. 건강하시고 대한민국을 도우시고 항상 파이팅 하세요!|||파괴|||트럼프로 가라|||나는 당신을 진심으로 존경합니다.|||누군가의 압력을 받고 있습니다. 출입을 각각 조사하고 엄중히 처벌한다. 미국에서는 가혹한 처벌이 존재하며, 마땅히 그래야 합니다.|||통! 가능한 한 빨리 와주세요|||첫 정부 때 알았던 트럼프 대통령! 이제 자유민주주의 국가에 오신 것을 환영합니다!|||저는 트럼프 대통령을 지지합니다.|||부패한 정권의 공산주의자들은 언제 처벌을 받습니까?|||대한민국은 누군가의 도움 없이는 정상화될 수 없습니다.|||군사 침공 항공기가 이륙했습니다|||한국의 부정선거를 밝혀주세요.|||트럼프 대통령! 그것을 위해 가십시오 !!! 진실이 승리합니다! 하나님이 함께 계시다!!!|||나는 트럼프를 강력히 지지한다. 우리나라도 악의 세력을 진압하기를 기도합니다.|||가능한 한 빨리 이 문제를 해결해야 합니다.",1
DR1qZMZf8R4,내전 특별수사 증거조작 적발한 위현석 변호사,"조작에 대해 특별수사하고 엄중히 처벌해야 한다.|||이를 뒤집어 정상적인 사회로 이끌어야 합니다.|||그렇죠, 특검이 증거를 조작한 거죠. 특검을 수사해야 한다.|||누가 특별수사에 이런 일을 지시했나요? 배후에 누가 있었는지 알아보세요.|||특검, 특검. 나를 망치고 남의 인생을 벌레처럼 나쁘게 만드는 특검. 자신의 생명이 소중하다고 생각한다면, 다른 사람의 생명도 소중하다는 것을 아십시오. 나쁜놈 특검님, 죄값을 치르세요.|||위현석 변호사님, 훌륭하십니다.|||조작에 대한 특별 조사.|||특검, 특검 이재명을 시험해 보세요.|||홍대에서 재개된 이재명 재판 일시 : 12월 13일 토요일 시간 : 오후 1시 30분 장소 : 마포구 독막로 57 웰빙할인마트 앞 주최 : 자유대학|||사람을 누명을 쓰는 수법으로 나라가 어지러워진다.|||노상원 장군을 적극 지지합니다,,,,,,,,그는 훌륭합니다,,,|||김문수 대선후보가 자유대한민국 대통령이라는 현실을 스스로 날려버렸다는 사실에 너무 충격을 받았습니다. 중공 중앙선거관리위원회의 음모와 반역으로 인해 압도적인 표차로 당선되어 개표수를 잃은 김문수 후보는 아름다운 항복선언으로 자신에게 투표했던 자유우익세력에게 큰 실망을 안겨주었다. 미국 트럼프 행정부가 부정선거 수사에 나섰고, 온두라스와 베네수엘라를 넘어 극좌 이재명 정부까지 쓰나미가 덮칠 것으로 보인다. 김문수는 불운한 정치인으로 사라지게 된다. 정말 안타깝습니다. 김문수 정신차려!!!",0
ljSwPvVE3uQ,계엄령이 선포된 진짜 이유,"풀버전 다시보기 https www.youtube.com live fuUKeit1qY0?si ByA j7F4BwYdAeDk 요약 민주당의 반국가적 폐해는 도를 넘었습니다. 이재명이라는 중죄인을 보호하기 위해 22번의 탄핵을 남용하고 대통령 특별활동비까지 0원으로 삭감했다. 문재인 대통령에게는 96억 원을 줬지만, 현직 대통령에게는 한 푼도 주지 않아 국정을 마비시켰다. 원전생태계 지원비(1112억원), 첨단제조기술개발비, 청년일자리지원금 등을 모두 삭감했다. 대신 연봉은 1억6000만원 올랐다. 국가의 앞날을 생각하지 않는 반국가적 도둑정당이다. 더욱 충격적인 것은 중국 공산당원들이 우리 군사시설을 촬영하고 간첩이 난무하는 상황에서도 간첩법 개정에 반대했다는 점이다. 그들은 군사기밀을 천만 원에 팔고 우리 정보요원들이 북한에서 처형되는 동안 눈도 깜빡이지 않습니다. 그들은 대한민국의 정당성을 부정하고 나라의 기반을 흔드는 위험한 반란세력이다. 윤석열 총장의 말처럼 이제는 누가 진정한 대한민국이고, 누가 반국가세력인지 명확하게 가려야 할 때다. 내란세력인 더불어민주당의 반국가적이고 악랄한 활동을 보도합니다.|||계엄령에만 집중할 것이 아니라, 계엄령이 나오게 된 배경에도 주목해야 한다. 윤 대통령이 단지 독재정권을 만들고 싶어서 계엄령을 내린 것인가. 지금 21세기에? 단지 내 여자를 지키고 싶어서? 그렇다면 재판에 더 많은 노력을 기울이는 것이 나았을 것입니다. 계엄령은 잃을 것이 너무 많다. 비논리적인 선전에 휘둘리지 않고 사물을 올바르게 볼 수 있는 안목이 있어야 합니다. 우리는 이미 계엄령과 다름없는 그들의 독재 아래 살고 있을지도 모른다. 좋은 영상 감사드립니다.|||이 나라는 국민 수준에 비해 너무 잘하고 있다는 말이 맞습니다.|||이 글을 보고 눈을 뜬 분들은 대통령의 계엄령 연설과 계엄령 철회 이후의 발언을 꼭 다시 들어보시기 바랍니다. 편견으로 인해 제대로 듣지 못했을 수도 있습니다.|||계엄령이 내려진 지 이틀 만에 이 영상이 올라왔다는 것은 참으로 놀라운 통찰입니다.|||저는 30대 여성입니다. 이 점 참고하셔서 널리 널리 알려주세요. 진짜 나라 망한거같아 ㅠㅠㅠㅠㅠ하|||가장 큰 문제는 선동을 받은 사람들이 선동을 했다는 사실을 인정하지 않는다는 점인 것 같습니다.|||너무 고맙고, 몰라서 미안해요. 우리는 함께 나라를 지킬 것입니다. 청년들이여, 모두 함께 일어서자.|||하, 이게 너무 사실이라 눈물이 난다. 모두가 현실을 알았으면 좋겠습니다.|||나는 당신을 응원합니다. 더 많은 사람들이 올바른 결정을 내릴 수 있기를 바랍니다.|||투표를 하지 않고 제 상황을 한탄한 제 자신이 정말 부끄럽습니다. 계엄령을 내린 데는 그럴 만한 이유가 있었다. 정말 후회해요.|||나무가 아닌 숲을 보세요. 내 나라를 빼앗기면 내 아이들에게는 미래가 없습니다.|||저는 온건파였는데 이 분 덕분에 우파로 바뀌었습니다. 사실을 아주 자세히 설명해주시네요.|||계엄령이 내려졌을 때 무슨 일이 벌어지고 있는 것인지 궁금했지만, 이유를 알고 상황을 이해한 후에는 불가피하다는 것을 깨달았습니다. 계엄령이 아니었다면 사람들이 정치에 관심을 가졌을지 의문이다. 그러므로 대한민국의 올바른 미래를 위해 모든 국민이 함께 뭉쳐야 한다고 생각합니다. 감정적으로 적대적인 태도를 취하기보다는 깊이 바라보고, 진실을 숙고하고, 판단하는 통찰력을 가지시기 바랍니다.|||이제 왜 이런 일이 일어나는지 생각하는 분들이 많아졌으면 좋겠습니다,,ㅠ|||저는 40대 세 아이의 엄마입니다. 정말 눈과 귀가 막힌 채 다른 세상에 살고 있었습니다. 나는 놀랐다. 검색해 보니 진짜 뉴스인 줄 알았어요. 나는 왜 몰랐을까? 정말 놀랍습니다.|||다시 봐도 이때의 그의 용기에 감탄이 나온다. 눈부신 선명도|||SNS, 인스타그램, 유튜브, 블로그 등에 익숙한 젊은 세대들이 이를 공유하기 위해 정말 정신 차리고 함께 노력해야 한다고 생각합니다. 그 나라는 중국에게 먹혀가고 있었습니다.|||이 영상은 정말 널리 퍼뜨려야 합니다.|||베네수엘라처럼 되지 않으려면 대한민국 국민들이 꼭 봐야할 영상!!|||저는 현재 수능을 앞두고 있는 고등학생입니다. 저는 고등학교 1학년 때 한국사 수업을 들었고, 중립을 지키겠다며 부모님의 다양한 정치적 입장을 돌아가면서 듣고 기사와 영상을 통해 직접 눈으로 사실을 확인하면서 꽤 깨어있다고 생각했습니다. 이후 수능 선택과목으로 정치와 법을 선택하고 법학과에 진학하겠다는 희망으로 지난해부터 2년간 공부했다. 그래서 처음에는 계엄령 자체가 범죄라고 느꼈습니다. 나는 계엄령이 자유를 빼앗았다는 것을 알고 있었습니다. 계엄령을 시도한 전직 대통령을 우리는 왜 아직도 지지하는가? 라는 의문이 생기고 한 가지에만 집중하게 되면서 조금씩 좌파 성향이 생기기 시작했습니다. 그러나 검찰 폐지로 인한 삼권분립 붕괴에 대한 우려를 시작으로 여러 자료를 찾아보면서 상상할 수 없는 일들이 오랫동안 계속되고 있음을 깨달았습니다. 무비자 입국 이후 늘어나는 남녀노소 납치 사건, 공개 사과나 CCTV 공개 없이 발생한 행정정보시스템 화재 사건이 너무 이해가 되서 여기저기 검색하다가 이 영상을 보게 되었습니다. 처음에는 계엄령이 아닌 다른 방법을 선택했으면 좋았을 텐데, 그 당시에는 계엄령이 유일한 선택이었다는 것을 이제야 깨닫게 되었습니다. 공산주의자가 되는 것도 큰 문제인데 당장 전쟁이 터질까 걱정이다. 해외 언론을 보면 우리나라는 매우 위험한 상태입니다. 대학 입시를 위해 늘 11시 30분과 12시까지 열람실에 머물고 있는데, 예전에는 어두웠던 건물 입구와 뒷편에 밴 두 대가 나타나기 시작한다. 부산 같은 지역에서는 자주 나올 줄 알았던 누락 문자 메시지가 이제 우리 지역에서도 매우 인기가 높습니다. 무뚝뚝했던 딸은 퇴근 후 부모님이 혹시 문제가 생길까 봐 퇴근 후 바로 짧은 전화를 한다. 나는 중립에서 왼쪽을 핥다가 오른쪽으로 돌았습니다. 이 영상은 좌파, 우파 가리지 않고 많은 분들이 보셨으면 좋겠습니다. 이제 막 정치 동향에 관심을 갖기 시작한 젊은이라 모르는 것이 많지만, 내 주장을 명확하게 밝히고 사실로 논리적으로 반박하려면 아직 많은 지식이 필요합니다. 다시 공부하러 가자. 모두들 행운을 빕니다. 그리고 어둡거나 인적이 드문 길에서도 전화를 걸고 집에 무사히 귀가하실 수 있기를 바라겠습니다. 부모님 중 한 분은 집에서 쉬실 때 거의 하루 종일 왼쪽에 있는 영상을 듣고 계십니다. 그것에 대해 어떻게 이야기해야합니까? 왼쪽에서 오른쪽으로만 바뀌었다면 정말 정신이 번쩍 들었을 텐데 아직도 계엄령 얘기만 하고 계시네요.|||저는 19세 학생입니다. 윤석열 총장 탄핵 이야기가 주변 SNS에 넘쳐나고 있다. 하지만 왜 계엄령이 내려졌는지, 대통령이 누구와 싸우고 있는지에 대한 이야기는 자신있게 올렸습니다. 비록 제가 비난받고 외면당하지만, 몇몇 친구들이 진실에 눈을 뜨는 데 작은 도움이 될 수 있어서 정말 기쁩니다. 대한민국의 민주주의를 위해 우리는 자랑스럽게 우리나라를 위해 목소리를 내야 합니다. 아직 생일이 지나지 않아 투표권이 없는 학생이지만, 자랑스럽게 이렇게 말씀드립니다. 많은 어른들과 노인들에게 물어보십시오. 용기를 내시기 바랍니다.|||저는 40대 남자입니다. 사실에 기반한 영상을 널리 알리고 있습니다. 감사합니다.|||계엄령은 법률에 명시된 바와 같이 대통령의 불변의 권한이다. 계엄령은 정당화됐지만 민주당과 특검, 레거시 방송이 일으킨 내전!|||계엄령 뉴스를 보면서 왜 그런 짓을 하는지, 그 뒤를 쫓기 위해 무엇을 하려는 건지 걱정이 되었습니다... 그런데 민주당이 저지른 만행을 알게 되었고 왜 계엄령을 선포할 수밖에 없었는지... 국민들에게 공산주의를 조심하라는 힌트였습니다.",1
azbAiIEZ8sY,한길선생님이 진짜 싸웠어요.,"그라운드c 전한길쌤. 정말 자유대한민국 지키기 위해. 목청을 높이시는것 보며. 존경스럽습니다 국힘 송언석이.국힘당을 지키기위한 전한길쌤을. 고발한다는 말 할때. 국힘당 의원들. 싸그리 교체해야함|||전한길님! 찐 애국자이십니다! 100퍼 응원합니다!!!|||진짜 민주당도 문제지만 썩어빠진 국힘부터 갈아엎어야한다고 본다|||화끈하고 멋있고요 전한길선상님 매우 대단하신분|||맞아요 지켜줘야 됩니다. 두분 감사합니다|||백번 천번 맞는말씀 진심 애국자 순수한 분입니다|||저도요 눈물났어요|||애국자 전한길선생님, 그라운드씨 감사합니다 응원합니다|||진짜 애국자!|||멋잇다 전한길쌤 응원합니다 감사합니다 자유대한민국 지켜주세요 국힘해체가답이다|||전한길샘 이나라의 진정한 애국자 너무 기쁘고 감사드립니다|||맞습니다 짝짝짝|||전샘 진정한 애국자님 감사합니다 국힘당을 찐 보수당ㅈ으로 만들자|||그라운드 씨의 바른소리 옳은말씀 최고이십니다|||맞습니다 전쌤 고맙습니다 그라운드씨님도 고맙습니다|||멋지십니다|||애국자이십니다!!!! 그라운드님두요|||멋지다 애국자들|||맞습니다 보배이십니다 한길샘 그라운드C님도요 요새 님들 보며 웃어요 희망이 보여서|||진정한 애국자십니다|||썩을대로 썩어 악취가 진동하는 국힘|||맞습니다 진정한 애국자이십니다|||두분모두 이나라. 보석입니다ㅡ늘 감사합니다|||한길쌤 그라운드씨 장동혁 김민수 나경원 난세의 영웅이십니다 힘내주십시오 국민들이 함께 합니다|||진정한 애국자 전한길 선생님 응원합니다",0
YHoq8E0nvw4,이게 여론 수준이군요,"이것은 매우 합리적인 진술이다.|||당신 말이 맞아요. 모든 사실을 확인해보면 계엄령은 내전이 아닙니다.|||당신은 최고입니다. 지금 전시 중입니다. 자유대한민국을 지키기 위해 목숨을 걸어야 합니다.|||우리나라를 위해 열심히 일해주셔서 정말 감사드립니다. 간첩을 근절하고 자유로운 대한민국을 함께 만들어갑시다. 파이팅하는 대한민국 애국시민 여러분!!!|||배신자의 날과 날이 드러났습니다. 전체 이야기가 공개됩니다. 감사합니다.|||그라운드씨 김성원 대표님, 노고에 감사드립니다.|||이런 분들이 오른쪽에 있다는 게 저에게 힘이 됩니다. 감사합니다.|||이번에는 국력 있는 국회의원들 중 돈낭비할 만큼 어리석고 당 노선을 따르지 않는 자들은 반드시 추방되어야 한다.|||박충권 의원님, 당신이 최고입니다. 당신 말이 정말 맞습니다. 매우 감사합니다.|||와, 베스트 댓글이네요. 당원의 63%가 국민과 같은 수준이다.|||모든 것을 걸었다는 말에 진심이 느껴진다.|||맞습니다|||대통령으로서 계엄령은 정당하다. 탄핵은 무효입니다.|||국민의당, 힘내세요. 나는 박충권 의원을 지지한다. 우리는 지금 함께 모여야 합니다. 목소리를 높여주세요.|||그렇죠, 그렇죠. 물론 저는 아닙니다. 이렇게 용기 있는 방송을 할 수 있도록 힘을 주세요.|||국민의힘 대표!!! 적극 권장|||국민의당은 정신을 차려야 한다. 젊은 국력의원들의 기상이 필요합니다.|||국민은 자유민주주의 체제를 지키고 싶어한다!!|||정말 정확한 말씀 감사드립니다!|||윤석열 총장님, 국민들이 지지합니다. 기운을 내다. 영상 감사합니다.|||제발 정신 차려주세요. 국력|||당신 말이 맞아요.|||고맙고 존경하고 사랑합니다. 당신은 영웅입니다.|||우리나라에는 당신 같은 사람이 필요합니다.|||이번에야말로 진정한 국민의힘이 되는 국회의원임을 보여주세요!!! 당신의 사람들을 위해 싸워라!!",1
mXVyhtZAlno,이재명 옆에 있는 이재용의 표정이 어둡다.,"그들은 모든 회사를 죽이고 있습니다.|||맞습니다.|||이 범죄 봉인법|||이재명은 가짜이므로 즉각 자격정지를 당해야 한다..|||파괴|||사실입니다. 회사가 없으면 우리 국민은 어려움을 겪을 것입니다. 노란봉투법을 폐지하세요.|||나 정말 화났어|||무임금법 폐지를 강력히 촉구합니다!!|||맞습니다.|||맞습니다. 이재명 봉인법을 만들어야 한다!!!|||저는 노란봉투법에 반대합니다. 나라가 스트레스로 몸살을 앓고 있습니다.|||또한. 최상의.|||민주노총의 행위는 우리나라를 이끌어갈 청년들에게 많은 폐를 끼치고 있습니다. 그만하세요. 그만하세요. 제발...|||민주노총은 해산되어야 한다. 회사가 있고 개인이 권리를 가지고 있습니다. 이런 파멸적인 행동은 한심하다.|||국민을 위한 정치가 아니면 정치는 필요없다!!! 다들 내려와!!!|||회사의 사장들은 언제 일을 합니까? 당신은 그것을 여기저기 끌고 다니고 있습니다.|||우리는 이에 맞서 일어나 항의해야 합니다.|||6월 25일은 아직 끝나지 않았습니다. 공산주의자들과의 투쟁은 북한에서만이 아니라 국내에서도 싸워야 합니다.|||회사가 있어야 하고 일하는 사람도 있어야 하는데,,, 그러면 우리는 어떻게 해야 할까요?|||노란봉투법 이재용 위원장님, 당신은 우리나라를 위해 꼭 필요한 존재입니다. 나는 당신을 지원합니다. 건강하시고 힘내세요. 당신은 최고입니다.|||왕따시대에서 빨리 벗어나야 나라가 살아남는다.|||그 사람은 잘 생긴 사람이고, 좋은 인상을 주는 사람이에요. 그가 우리를 도와줘서 정말 고마워요. 제가 몰랐던 사실을 알려주셔서 감동받았습니다. 나는 많은 것을 배웠다.|||김성원 대표님 말씀이 맞습니다. 이제 이재명 봉인법을 제정할 때다. 이재용회장님 화이팅!!! 삼성전자 만세!!!|||좋아요! 정말 놀랍고 충격적인 일들이네요! 법만 있을 뿐!|||탄핵하자",2
DLLQf7-XYYo,이재명이 큰 사고를 당했다.,"나는 화가 났다. 이게 나라인가요? 나라가 더러운 범죄자들에 의해 통치되고 있다고들 하니 정신을 차립시다. 더 이상 국회에 맡겨서는 안 된다.|||미친 세상....|||나쁜놈들 꼭 벌 받았으면 좋겠습니다!!!|||너무 화가 났어요|||더 널리 알리자 - 탄핵, 탄핵, 탄핵으로 가자.|||아니, 과연 전과자가 복수 정치에 나서는 모습을 언제까지 지켜보며 살아야 하는가? 매일 피가 끓어오르네요 ㅠㅠ|||여러분, 일어나세요!|||정답은 그 한 사람 때문에 5천만 달러를 잃는다는 것이다.|||대한민국 만세!!! 아니, 대한민국이냐? 돈과 권력, 미디어만 있으면 모든 것이 가능한 세상.|||정말 어떻게든 여기서 일어나야 해요!!|||우리 국민은 함께 모여 싸워야 합니다.|||형사대통령, 형사총리와 내각, 그리고 이제는 범죄자 특별사면까지 ㅠㅠ|||옳은 말씀을 해주신 지상대표님께 감사드립니다.|||아, 세상은 점점 더러워지고 있다. 맞아요, 충격받았어요.|||시민 여러분, 침묵하지 맙시다|||꼭 자유대한민국으로 갑시다.|||나는 성장했다. 죄에는 부끄러움이 없습니다. 다음세대에게 배워서 거짓과 불의, 죄를 부끄러워하지 않는다면 우리나라는 무서운 나라가 될 것입니다.|||상식이 사라진 대한민국, 가짜 대통령|||최고입니다. 말씀해주셔서 감사합니다.|||우리는 분노를 표현하기 위해 집회에 가야 합니다. 나라를 구해야지|||이것은 진정한 내전입니다. 이렇게 정치를 하고 전 정권을 반란으로 몰고 가는 게 사람이 할 짓인가?|||정말 놀랍다|||맞습니다|||가족사기집단에 대한 특별사면은 엉망이다. 이것은 이것이 공산주의 국가라는 것을 증명합니다. 우리는 시민이 아닌 사람으로 살고 있습니다.|||그들은 너무 무능해서 한 사람의 나쁜 제자도 버릴 수 없으니 이것이 바로 우리가 보고 있는 것입니다.",1
dz9L9Qz-NJA,묻지마 멈추지 않는 이유,"전체 영상 https youtu.be 8C0lOT2SaL8|||김성원 선생님, 수고 많으셨습니다. 깨어 있는 마음을 가진 김성원 선생님은 거칠고 바르게 말하는 것을 잘 하지 못합니다. 국민의힘을 통해 국회의원으로 일할 수 있도록 도와주세요. 나는 우리나라를 위한 노동자입니다. 김성원, 파이팅이 최고다.|||이것은 당신이 백만 번 들었던 진술입니다. 이 사람 통찰력이 대단하네요.|||그렇죠, 국민들이 고통받고 있습니다.|||당신은 최고입니다. 당신은 국회에서 환영받아야 할 진정한 애국자입니다.|||그렇죠, 아직도 이 사실을 모르는 분들이 많다는게 안타깝네요.|||좋아요. 백번 천번 맞는 말씀입니다.|||모든 단어가 정확합니다.|||진실을 알려주신 정의로운 애국자 김성원 의원님께 ​​너무 감사드립니다. 나는 그를 존경합니다.|||당신 말이 맞아요.|||나는 국권을 쥐고 있어야 할 이런 사람들을 지지한다.|||당신 말이 맞아요. 문재인 정부가 광화문에서 애국민들을 막아섰을 때 경찰은 정말 잔인했다. 민주노총은 이들을 보호하는 무능한 경찰이 아니었을까.|||지성, 유머, 입담까지 두루 갖춘 그라운드 씨. 화이팅!|||모든 것이 옳습니다. 나는 윤 총장님을 전적으로 지지하고 지지합니다.|||이 사람 정말 멋있고 마음에 든다. 그것을 위해 가십시오!|||아조씨... 어쩜 이렇게 말을 잘하시나요? 당신은 정말 멋지다.|||앞으로도 오랫동안 정확한 정보를 전달하는 언론으로 활동해주세요!!!|||아, 정말 멋지네요. 보컬 흉내도 멋있네요.|||진짜 보컬 흉내내기 실력자|||CEO의 보컬 묘사가 정말 미쳤습니다. 왜 그렇게 웃기나요? 공부를 너무 많이 했어!!!|||좋아요! 우리나라 경찰을 보면 범죄자에게 절을 하면 어떻게 될까요?|||나는 동의한다|||말마다 다 맞는 말이에요. 보컬 흉내까지 생각나는 예능이다.|||이러한 사실과 무고한 사람들의 생존권에 귀를 닫은 범죄단체 지지자들|||그건 정말 사실이에요.",1
FaB7QDm3wz8,"이재명 LIVE 국토공간대전환, 대한민국을 널리 사용합니다! 지방시대위원회 보고회","항상 응원합니다. 대통령은 괜찮습니다.|||대통령 파이팅을 응원하는 제안이 있습니다|||대한민국 전세계에서 사랑받은 최고의 훌륭한 대통령 이재명 대통령님 마니마니 사랑합니다. 추운 기후에 추위에주의하십시오.|||대한민국 5극 3특체제|||대통령님. 상처를 입지 않고 항상 신경이 쓰인다. 당원입니다. 건강하다|||대통령님의 국민이 응원, 지지합니다. 감사합니다.|||대통령 덕분에 대한민국이 발전하는 것을 느낍니다! 지난 최고의 이재명 대통령|||A급 옆에 A급이 헤르페스 된 것을 잘 하는 정부를 좋아합니다.|||점프 정부에서 지방이 얼마나 성장하는지 정말 기대되고 있어 청와대에서 크리스마스를 보내는데 크리스마스 영상도 만들어 주시겠습니까? 아! 시계는 어디에 살고 있습니까?|||결국 지속 가능한 새로운 산업 생태계를 만드는 방법이 있다고 생각합니다. 지속 가능하기 위해서는 자연 기반 솔루션, 생태적 접근 방식으로 접근하는 방법에 대한 교육이 필요하다고 생각합니다. 이를 바탕으로 한국형 자원의 발굴과 융합을 촉진해야 한다고 생각합니다. 청년에게 현재의 음식을 넘어 청년이 어떻게 미래를 이끌 수 있는가에 대한 인식을 먼저 심어야 한다고 생각합니다. 이것은 COP 시스템에서 그 대답을 찾을 수 있습니다. 한국의 자연환경이 가지는 토양, 식물, 미생물, 문화 등을 융합하여 결합하여 생태적 한국형 10차 산업 생태계를 만들어 나가야 한다고 생각합니다. 1 2 3 4 10|||우리 대통령에게 감사드립니다! 항상 건강을 조심하십시오! 아, 정말로 쿠팡의 사태는 심각한 형태입니다만, 카드를 비대면 발급을 대면 발급으로 고치면 데미지가 적어지고 싶네요 건강하게 해 주세요!|||이재명 대통령을 위해 무능하고 무책임한 사람들을 보고 있지만 국민을 위한 것이 아닌 자신을 위한 사기정치질은 더 이상 부족하게 해야 한다.|||든든하다|||이렇게 공개된 투명한 정부를 내 손으로 뽑았다.|||이런 논의를 볼 수있어서 매우 좋습니다. 발전하는 대한민국이 기대됩니다!|||수도권의 집중을 피해야합니다. 지방을 크게 개발과 투자를 통해 젊은이들이 생업에 종사할 수 있도록 발전시켜 수도권 부동산 정책도 계속 발굴하고 아파트 가격을 반토막은 만들어야 합니다.|||우리 대통령은 매우 잘 선택되었습니다.|||국민에게 항상 알려주셔서 감사합니다. 이재명 정부는 투명하고 좋다.|||이재명|||대통령과 함께라면 대한민국은 초강대국, 초경제대국이 꿈이 아니라 가까워지는 현실이라고 믿습니다!|||대한민국을 널리 사용한다는 말이 설레네요!|||K민주주의를 이끄는 이재명의 리더십이 대한민국을 넘어 세계로 널리 확산|||나라를 위해 많은 일을하십시오.|||대한민국을 널리 사용합니다. 말씀 감사합니다.|||대통령의 응원",0
ISfH-rDAvXM,뉴스타파천두환잔당추적 호화평,존경합니다.|||인물은 인물입니다.|||취재 실패한 것을 취재했는가?|||도대체 무엇을 취했는지 모르겠다.|||취재력은 정말 떨고 있습니다.|||호화평은 머리가 굉장히 좋았기 때문에 부푼다... 조금 적다.,1
cm3IGKUQtrk,2013년과 완전히 바뀐 정두환의 아들,추징금의 회수가 쉽지만 아니지만 시간이 걸려도 반드시 해야 한다.,0
g-d-1-1VJZM,누가 취임식을 밤에? 이유가 있었다! 배승희 뉴스배송,"배승희 변호사! 최고라면 좋네요.|||똑바로 배승희 변호사. 좋아요, 최고입니다.|||변호사의 사이다 발언을 속이는 것도 멋지다.|||배승희 변호사는 언제나 응원하고 있습니다.|||깔끔하게 정리해 전달하는 능력이 뛰어납니다. 감사합니다|||배 변호사|||배승희 변호사의 국민이 바라는 대로 일릴라|||변호사는 좋은 정보 감사합니다 건강합니다|||배승희 변호사의 진단과 코멘트를 진지하게 들었다.|||배승희 변호사 감사합니다. 무지한 국민에게 계속 홍보|||배의 변호사는 항상 좋은 방송에 감사드립니다. 항상 응원합니다.|||배승희 변호사 figjting fighting 예수님만 믿으면 최고야|||배승희! 파이팅! 사랑스럽고, 안쪽이 시원하다,|||구절에 맞는 말씀입니다.|||배선 생. 감사합니다, 건강|||천벌을 받는 사람 국제 인권위를 도와주세요. 잘 부탁드립니다.|||항상 열심히 방송해 주셔서 정말 감사합니다!|||배승희 변호사 감사합니다 함께 응원합니다.|||배승희를 응원합니다.|||배승희 변호사 파이팅!!!!!!!|||배승희 변호사의 말이 맞다|||배승희 변호사 자유 대한민국 최고의 애국자다|||배승희 응원|||배승희 변호사 안녕하세요|||배승희 변호사님 부탁드립니다. 진실만 말해 공감 백배합니다.",1
vdfsqSd3InI,미국의 지역 상황을보고 ... 해킹! 배승희 뉴스배송,"국제법으로 구속 구금하십시오.|||배승희 변호사는 정말 좋다는 파이팅입니다.|||국회의원은 반드시 줄여야 한다고 생각합니다 반드시 바뀌어야 합니다|||한국도 헌법 개정을 통해 국회의원 수를 100명으로 해야 한다. 그리고 공무원 수를 줄여야 한다. 선거제도도 바꿔야 한다. 배승희 변호사님 응원합니다. 최고입니다.|||배승희 변호사 최고입니다.|||국회의원 100명으로 줄여야 합니다.|||속여서 시원합니다.|||배승희 뉴스 전달 오늘도 응원하고 있습니다.|||변호사 YouTube가 빠듯하게 대한민국을 살리고 있습니다. 존경합니다. 건강을 섭취합니다.|||대만은 공무원, 국회의원 수를 줄이고 선거도 수표로 하고, 분단 국가인 한국이 배울 점이 너무 많다.|||한국 국회의원을 줄이는 것은 당연합니다.|||베·변호사님 시종일관 응원합니다.|||배승희 변호사는 올바른 말입니다. 적극적으로 응원하고 있습니다.|||배승희 변호사 최고의 YouTube|||여하튼 국회의원을 줄여야 하며 또 비례대표를 없애주면 나라가 조금 바로 서는데, , , , , 대만의 선거제도 매우 부럽습니다.|||배승희. 변호사 감사합니다|||배성희 변호사, 조은정보를 많이 알려주세요|||자유 우파의 당당한 여자 전사 배승희 변호사는 호팅|||국회의원의 총 백인이면 충분합니다.|||배승희 변호사 화이트|||최선을 다하십시오. 항상 지원하십시오. 자유민주주의를 지키자.|||비례대표제 폐지하고 의원수도 100명 이하로 줄이자! 외국인 투표권도 폐지합시다! 중국인 부동산 소유권도 폐지합시다!|||뉴스 전달은 잘 받고 있습니다. 최고입니다. 멸공 in 구케|||국회의원 삭감의 찬성입니다! 뜻밖의 국회 축소!|||배승희 TV 좋아요.",1
uyyopBJbCJM,세계사적망상 이죄명 배승희 뉴스배송,"배승희 변호사님의 말씀에 동의합니다. 철학이 없는 자가 철학을 가진 사람들 앞에서 비굴함을 장착하고 오만하게 감도는 장면이었지요.|||배승희 변호사, 올바른 뉴스 감사합니다|||장동혁 대표 축하합니다! 배승희,|||재밌고 지혜로운 배승희 변호사의 방송을 보고 늘 감사합니다. 오늘은 매우 기쁜 날입니다. 작지만 희망의 싹을 본 날입니다. 지금 시작입니다. 보상 재건을 위해!|||감사합니다|||축하 축하합니다. 미래는. 희망으로.|||트윗 페어 파이팅을 축하합니다|||장동혁 대표 축하해|||잘 들어주셔서 감사합니다. 배 변호사,,,,|||생존해 주셔서 감사합니다.|||애국 열사 청소년 국민들 YouTube 분들 진심으로 감사하고 감사하고 사랑합니다|||장동혁 패딩 축하합니다|||배승희 변호사|||안녕하세요 배변방에 가요 오늘도 사실 뉴스를 기대하고 있습니다|||배승희 국회에 와서 나라를 구하십시오. 눈부신 칼럼, 깨끗하고 시원한 시사 응원합니다. 배승희 파이팅!|||윤 대통령을 도와주세요.|||오, 고마워. 장동혁당 대표|||기대됩니다.|||여호와 니시 신! 감사합니다|||애국적인 YouTube 승리입니다.|||최고 감사합니다, 좋은 정보 끊임없이|||한미동맹 한미혈맹 생명혈맹 국가 영원해지다 미국 트럼프 대통령 님 존경합니다 수고하셨습니다 올바른, 복귀합시다 윤석열 대통령|||장동혁! 윤 대통령에게 부탁합니다.|||좋은 배승희 변호사를 응원합니다|||국력의 당 대표를 포함한 지부도가 전투력을 가지고 민주당에서 싸워야 한다!",1
0Vj7k4_L6bc,가랑이 씨앗 ... 배승희 뉴스 배송,국가 패배 전략 회의 대박|||배변 방송 잘 보고 있습니다 응원합니다. 꼭 모아주세요. 알려 주셔서 감사합니다.|||서둘러 변호사의 말씀에 감사드립니다. 세세하게 가르쳐 주셔서 미련한 국민이 강하게 듣습니다. 항상 고맙습니다. 조심하십시오.|||조와요|||배승희 변호사의 말을 듣고 있는 동안 웃음이 빵이 되었습니다.|||셰셰이 죄명 하루 북한 송금|||ㅎㅎㅎ 배승희는 너무 귀엽다.|||맞습니다.|||최선을 다하십시오.|||정의는 이긴다 민주당의 국민은 바보가 아니다|||양발 외교가 괴롭힘 외교가 될 것이지만 ...|||항상 응원합니다|||이경명 전승제에 가고 싶어서 안절부절 좌석안안인데 트럼프에 찍힐까 하고 전전 자비속해!|||진짜 왕비를 늘리는 한사 재판이나 받고 점멸에도 들어가야 하지만 조용한데 이나라가 왜 이래? 돈을 지불하고 1인당 10억씩 주십시오.|||미디어는 한국을 떠나|||미친거야.|||디지게폰도 저렴합니다.|||가입 회원 170만 명 빨리 달성하자|||나라에는 정의의 나이가 있습니다.|||정확한 방송은 빈후입니다.|||국회가 무당집이라고 생각했습니다.|||맞아|||변호사 중이 시원합니다.|||응원하고 있습니다.|||민주당이 되었습니다.,1
443bkElL6w0,좌파 재판관까지 반발! 어려운 내 이유 배승희 뉴스배송,"배승희 변호사 파이팅 멋지다|||조만간 좋은 일이 있는 것 같습니다.|||윤석열 대통령 파이팅|||진정한 애국자의 싸움은 항상. 안이 시원한 촉촉. 변호사|||장동혁 대표 열심히 해주세요.|||항상 좋다고 조는 정보 감사의 끝까지 응원합니다.|||딱 맞는 말이다|||미국 조지아주 애틀랜타에서 시청 중 배승희 변호사님 최고 레벨 방송입니다.|||이재명은 반드시 구속해야|||대한민국 파괴집단은 곧바로 본격적으로 수사하고 처벌해야 한다고 합니다|||맞습니다. ㅡ 과연. ㅡ창동혁 대표.|||배승희 변호사. 최고의 장동혁, 김민수|||, 2030 애국적인 영웅 여러분, 당신은 강한 추위에 시달려 주셔서 감사합니다, 감사합니다, 항상 응원하십시오.|||젊은 청년들이 가지고 일어나야 합니다. 이나라의 미래는 젊은이들의 손에 달려있었습니다.|||변호사 감사합니다, 건강하고 최선을 다하십시오.|||장동혁, 김민수 등 자유대학의 견고하다. 나라를 곧바로 세우자. 국제사회도 그렇게 도와줍니다. 배변 파이팅|||사법성에서 일어나야 한다. 온 국민이 함께 도울 것이다.|||배승희 변호사의 말이 바로 말|||배승희 변호사 오늘도 고마워요 항상 응원하고 있습니다|||탄핵이다! 삼권 분리를 위반하는 행위 ... 행동 ... 발언 ...|||국민의 힘 각 자살여자당을 배신하는 자들은 영원히 공천을 주지 않으면 다시 분열을 하지 않는다|||국민의 힘은 싸움을 하지 않는 의원은 공천을 해야 한다. 국민이 내세워 B시 전의원은 퇴출해야 하고 국민이 국민의 힘을 지지한다. 마음에 두고 싶다|||이재명처럼 구속하다|||배승희 변호사는 감사합니다.|||내부총을 하는 것 이번 전부 면도야 나라가 살 수 있습니다",1
hojpPJjhmno,지경을 모르는데...? 배승희 뉴스배송,"어색한 국민 저항권 화약고를 만지지 마십시오.|||감사합니다|||배승희 변호사를 존경하|||행정.|||배승희 변호사는 언제나 감사합니다.|||나쁜 인간|||전 과자의 이 죄명을 탄핵하십시오.|||배승희 파이팅은 힘들어|||배 변호사, 파이팅, 이재명,|||국민의 짐단 정신|||논산의 딸! 응원합니다|||국민을 무시하고 마음대로 삼권이 완전히 무너진 아무조|||앵커는 직선입니다.|||글쎄, 내 국민이 처벌하자.|||배성희 변호사는 파이팅 ㅎㅎㅎㅎㅎ|||믿고 본다 보는 최고의 애국방송!!! 열심히 응원합니다|||배승희 변호사 가운데 시원은 잘 작동합니다.|||대응하는 힘이 있거나 국력이 없습니다.|||대한민국이 앞으로 어떻게 될까 걱정에 잠들기 어렵고 괴롭지만 배승희 변호사의 올바른 목소리에 그만큼 힘을 얻는다 항상 fighting|||배승희는 언제나 올바른 소식을 주셔서 감사합니다.|||열심히 배승희|||이재명 선거무효 소송에서|||변호사의 존경|||진짜 뉴스를 부탁드립니다. 항상 감사합니다.|||애국방송 자유보수 배승희 변호사",1
zQTSQbh89jw,독서 장경태섹하라 의혹변호? 성범죄를 전문으로 하는 법률 사무소,"거절하라.|||모든 국민이 눈을 뜨고 지켜보고 있다. 반드시 밝혀야 한다.|||처벌을 받아야합니다.|||죄송합니다. 암소를 치는 것은 매우 악성입니다.|||반성을 하는 것을 알아야 인간이다. 반성을 모른다.|||장경태 아웃|||변호사 파이팅|||뿌리다|||같은 주변 사람들도 조사해야합니다. 옹호하는 아이의 누군가?|||장경태! 의원직을 내려 피해자에게 살리도록 싹트고 죄치를 받으십시오|||장경태 의원 사임|||장경태는 아무리 떨어지더라도 지옥에 떨어진다.|||그렇게 통했기 때문에 다시 할 무조건이 아니라고 잡을 때다.|||경태는 자유 대한민국의 정상적인 국민이 될 자격도 없다. 국민의 혈세는 처음 보는 사람이 소유자처럼|||애지중지. 자백해 선처를 요한다고 봐 주면 시간이 지나면 또 심해진다. 무조건법대로 무게 처벌하십시오.|||이번 기회에 장경태는 영원히 없애야 합니다!|||가는 길은 빵밖에 없다는 말이군요!|||사실입니다.|||엄격한 처벌로서 정의의 법률이 살아 있음을 나타냅니다.|||포르노와 보좌관이 페어로 1, 2회 해본 기술이 아닌 것 같습니다.|||푸하하하하하하하하하하하하하하하하하하하하|||부끄러운 장경태 즉시 세비를 정지시키고, 의정활동도 중지하라 재판을 받고, 무죄 확정하면 복귀하라|||민주당에서 성폭력 관련 다른 재판부 구성을 뒷받침하는 것 같다|||솔직하게 예상해야 한다.|||민주당은 나에게 남불의 양문석이 어떻게 되는지 궁금하다.",1
vpgvciRYQG0,"김광일, 박은주, 장원준,","정치판에 범죄자들을 알리고 강력한 법적 처벌로 다스리고 성역 없이 재판을 받으라.|||국회, 헌법재, 선관위, 공수처, 특검 해체하라.|||납세자가 명령한다. 혈세 하마. 국회. 헌법. 선관위. 공수 목적지. 특검은 해체하라.|||그래도 탄핵하지 않으면 한국은 자유 대한민국에 사는 자격이 없다.|||어떻게든 철저히 수사하고 관계자 전원을 구속해야 합니다.|||지금은 민주당이 파렴치당임을 국민 앞에 자백해 해산하라!!!!!!!!!!!!!!!!!!!!!!!!!!!!!!!!|||게다가 불당추천 특검 박모도 후회하고 민중기도 조사해봐야 합니다. 힘이 조금 훔치면 설치는 세계!|||언론은 양심적으로 파고들지 않으면 권력을 깨닫지 마십시오.|||개혁이 타인의 껍질을 벗기는 것이 아니라 자신의 껍질을 벗기는 통증을 앓는다고 하는 이야기입니다만, 모두가 내남남불 체질화된 한 집단들.|||눈이 깜박이고 범죄.|||깊이 들어가기 전에 다음 사건이 매일 몇 건씩 튀어나와 국민의 생각이 둔해진다. 도대체 현 정부는 무엇을 하는가? 한심하다. 국민이 부디 우리가 정신을 쌓자. 국력은 지금처럼 함께 싸워가면 몇 가지씩 조를 만들어 각각 하나씩 맡아 싸워야 할 것 같다.|||협박, 갱, 회유로 문걸|||임특검 특검하라, 리자이밍 탄핵하라.|||나에게 남불당.. 국민이 화나|||이죄꿈이 와서 이렇게 사악해진 거야? 도대체 국민을 무엇으로 알고 저처럼 오만한 것인가? 협박으로 통하십니까?|||통일교 재산 강제 몰수 가능성. 이재명은 김정은처럼 가는 것.|||나에게 남화가 없어|||도둑은 항상 다리가 내립니다.|||이재명을 끌어내야 하는 가야 할 곳은 단 하나, 칸팡이다.|||범죄자를 말해도 징글징글|||문재인도 구속해야 하는가?|||이것은 대통령을 대통령으로 인정할 수 있는가?|||최우선 해산단체와 함께 돈 봉투 민주당이 가장 먼 나 같은데? 여자?|||얼마나 부끄럽습니까? 부끄러운 것도 모르기 때문에 범죄가 몸에 휘말려 있습니다.|||요야당 모든 정치 인사. 정말 추잡한 사람들. 정말 부끄러운 일입니다.",1
4uYL-IENbik,이재명이 통일교에 직접 연락한 대통령실,냄새가 나는 장소는 항상 당신의 이름입니다.|||도둑 놈이 부탁합니다.|||맞습니다ㅡㅡㅡㅡㅡㅡㅡㅡㅡㅡㅡㅡ|||그래서 큰 외침은 웃습니다.|||별로 원하지 않는다 미디어의 자유 직업의 자유 그것도 할 수 없으면 늦게|||이것이라면 민주당이든 국민의 힘이라도 모두 해산해야 한다. 대통령은 정말 자기 중심적이고 말도 매우 가볍기 때문에|||이재명이 통일교와 관련되어 있기 때문에 종교 해산시켜 재산 국고에 압수한다는 낭비로 무서운군요 무서운 몬스터입니다|||몰랐지만 그런 사람으로 돌아오는 것은 흥미 롭습니다.|||이재명. 민주당의 거짓말 벌써 비열하다|||도둑을주세요.|||화재를 죽이는 것은 언제입니까?|||나는 남부 부처와 위선을 증명했다.|||이재명 ㅎㅎㅎ|||잊었어? 이재명이 어떤 인간인지… … 국민은 기억하고 있다…|||통일교가 불법이라면… 이재명도 불법인 것에 대해 탄핵을 받고…,1
2UiEFmI4FSI,갱생의 상징이라고 하면 계속 폭발하는 조진은 폭행 노출 김광일 박은주 장원준의,민주당은 다음 총선에 공천하십시오.|||언니가 문체 부장관에게 준다.|||도란 버릇은 어디로 가나요?|||상환|||사람은 변하지 않습니다.|||부끄러움의 해산은 반드시 이루어져야 합니다.|||조진은은 현재 진행형이군요. 절대로 옹호해서는 안됩니다.|||개 누카리안 개만 보이는 이유|||진보는 어떤 진보공산주의|||조진은은 언제나 보고 완벽한 이재명의 후계자다.|||모든 피해자를 호소,1
uxPruB6cKzw,"12 10 통일교의 김진술에 전재수? 조태임 김준일 크리스마스는 청와대에서 윤국영 장동혁 마이웨이 박정훈 팬, 미국 집단 소송, 손동후, 김현정","12 10수 뉴스쇼 뉴스연구소 통일교 금품 제공 진술에 전재수 세관마약 밀수 의혹 혐의 없는 1인 가구, 처음으로 800만 돌파 CBS 조태임 기자, 김준일 시사평론가 인터뷰 1 민주당 윤근영 의원을 두지 말아 주세요 2 SJKP 송동후 변호사법무법인 오와와현지법인|||그래서 그 사람이 그 사람들이라고 하는데 예쁜 척하는 당이 더 나쁜 집단이다.|||인생 자체가 외롭고 결국 혼자 외롭게 세계를 떠나는 것을!|||공소 시효. 윤국영은 몰라요.|||정재수 민주당에 몇 안되는 내가 좋아하는 정치가인데 조금 부끄럽네요…|||박정훈 파이팅|||박정훈|||윤국영|||박정훈 스마트 신사|||향후 민중기는 구속될 것이다 특검은 현 정부가 그러니까 권력의 개라고 한다|||이재명도 통일 가르쳐 먹었는데...",1
tnmxHkBTsUE,옥 메시지를 본 유인테는 누구를 마셨습니까?,"장로들도 그런 사고로 정치를 해왔기 때문에 정치권은 속속 고통받았다.|||왜 들었어? 엘라이|||이것이 별로 없다고 말하는 원칙의 정치가는 그런 것이므로 걱정입니다.|||이 사건 때문에|||원래 해먹이었기 때문에 그들은 잘못되었다고 생각합니다.|||CBS 조심하세요. 영감 사고가 중단되었습니다. 사려분별할 수 없는 분은, 원로가 아니고, 원로 할아버지에서도, 이렇게 전파에 실어서는 안됩니다. 영감! 진심으로 들을 수 없어요!|||들키지 만해야한다는 것입니까?|||청량은 죄가 아니다.|||발레 문제? 정말 아파요.|||문제는 관료의 자리를 정치가가 찾아내 극복했다.|||이런 분을 모시는 이유가 있나요?|||눈치채지 않으면 그냥은… … 이런 일이 있다고?|||모든 것은 현지 언니를 통해 이루어져야합니다.|||에구치ㅡ나라가 엄청 개막|||조금 좋다! 이영일은 비일상적이라고 생각합니다! 더 충격이야!|||발레하는 것은 죄라고? 견고하게 해도 붙잡으면 긴장하네요. 노후화된 정치인들은 민주당에 남부불을 바르게 보여|||선한 국민은 누구를 믿어야 하는가?|||이 인간도 어제 저녁을 마신 술이 별로 부서지지 않은 에라이입니다.|||거기에 게스트 나이트는 70을 초과해야합니까? 느낌이 떨어집니다.|||만진당은 정말 심하게 기득권이다.|||비일비재? 민주당은 썩었다. 부패 김현지와 김남국은 곧 사퇴하라!|||유인태의 정신세계는 의심스럽다.|||발레하는 것이 문제라고? 음,,|||더 놀라운 것은 유인테의 생각입니다.|||유인태..역시 랍스터는 개편이나 김남국에 대해서도 장경태에 대해서도..그럴지도 모른다고? 발레하는거야. 죄라고?",2
Rbqhd5XCgVw,정재수 장관 왜 사표에서 쓴거야? 뉴스 연구소,"윤영호가 거짓으로 뇌물을 받은 남즈 거론할 이유가 없다|||같은 혐의로, 어떤 X는 징역이고, 어떤 X는 공소 시효가 지나서 ...|||나는 말하지 않았지만 왜 내 생각인가?|||??? 아니, 정말 아니었어? 언론에 증거를 어겼어? 다음날 사의표명..|||자, 정치인들을 수사하십시오. 썩은 정치를 정화|||국회의원은 직하해야 합니다.|||말하다|||받은|||단호하게 분명히 말하지만, 정치인의 입을 열면 거짓말|||정재수도 이미 끝났네…|||받은 건 받을 거야|||나는 이것이 모두라고 생각한다.|||정재수는 매우 기쁩니다!|||국민이 바보처럼 보이는가? 정재수는 죄가 없는데 사퇴는 왜일까. ?|||죄가 없으면 이유|||뭔가 있다고 생각합니다.|||ㅋㅋ 철판을 깔았다|||회수가 대상|||그 생각이 든다. me too 사건이 폭발해서 수사를 하기 때문에 막상 범죄의 혐의로 밝혀진 것은 민주당 인사들입니다.|||그런 일. 그 외. 거절. 웃음|||나라의 정원도 내려 조사해 주세요.|||아직 법원의 판단도 조사도 나오지 않았는데 불법적인 수수께끼가 없었는데… 단지 수수께끼는 그럼 있었어?|||회수 조사|||제스 자카르티에 불가리 내게 버려|||강한 부정은 강한 긍정",2
4uk3UeaBnN8,라이브뉴스 속보 한동훈 비대위원장 2023.12.17,"그리고 한동훈 장관은 정말 제대로 정리하십시오.|||아름다움이 오랫동안 보면 이길 것입니다.|||한동훈 비대위원장! 환영합니다. 총선거에서 국회에서 썩은 민주당을 몰아내십시오.|||한동훈장관을 사랑하는 똥 총선거를 이겨야 하므로 이후 계획을 할 수 있다|||맞습니다. 새로운 대표국의 위기를 정확하게 알고 가르쳐 주셔서 감사합니다.|||한동훈 장관님 서포트해 응원합니다. 원희령 장관님 서포트해 응원합니다. 빠른 순발력에 감사드립니다. 투톱으로 두 사람이 강력하게 이나라를 지켜 주세요 국민의 절실한 소원입니다.|||한동훈장관을 응원합니다.|||국력으로 준석이 정리할 수 없는 경우 책임당원은 국력을 정리할 것이다.|||한동훈 원희령 장관 여러분, 응원하고 있습니다.|||한동훈 장관|||그러나 정치 경험이 없기 때문에 잘 알고 있다고 믿고 총선거가 성공할 수 있기를 바랍니다.|||한창훈을 응원합니다.|||신대표의 말씀으로 겸손한 원희령 장관님을 존경하고 지지합니다!!!!|||한동훈장관은 적극적으로 지지하고 있다.|||한동훈이 잘 된다고 생각하는 바보가 아닙니다.|||김문수 의원 추천|||공관위원장은 김문수 위원장에게 찬성|||이번 총선은 대통령선인 사생결단으로 승리해야 한다|||국력의원들은 함께 전에 모여야 한다. 그래서 총선거에서 이길 수 있습니다!|||김기현은 바로 이준석의 국력 스파이입니다!|||한동훈 법무대신 응원|||한창광은 국력으로 1백백명이 될 것이다.|||수훈 훈장관을 응원합니다.|||대통령제 하에서는 대통령에게 힘을 주고 일사에 흐트러져 돌아가지 않으면 국정이 안정되고 국민의 정서도 편해지고 국가도 발전한다.|||한동훈 장관에 가면 법무부는 누가 지킬까? 법무부장관 한동훈 장관님 수고하셨습니다. 걱정됩니다",1
Usktxggcn3U,라이브뉴스 윤석열 심각한 결심,"하나님의 한계는 찜 애국입니다 최고|||대표 감사합니다.|||진실과 진리를 향해 정도를 가는 신대표와 정광훈 목사에게 하나님의 은혜와 역사하시는 손이 함께 될 것이라고 믿습니다.|||새로운 대표는 진정한 애국자입니다. 싸움|||신대표님 파이팅 신대표님이 계시는데 자유 대한민국이 미래가 될 희망이 있습니다. 우리 모두가 부정선거를 밝히고 자유 대한민국을 다시 한번 의대하고 정의적인 국가로 세워야 합니다.|||신 대표님 파이팅 잘하고 계십니다. 열심히 해도 정의와 진실은 반드시 승리합니다 강하고 대담한 힘을 내고 용기를 내고 노력하면 반드시 승리해 주셔서 감사합니다.|||부정적인 선거를 밝히는 것은 대답|||신대표는 정말 올바른 판단에 감사드립니다. 항상 수고하셨습니다.|||새로운 대표는 최선을 다하십시오.|||신혜식 대표의 말은 맞다.|||대포의 국민 청원을 신속하고 빨리 홍보하십시오.|||그래도 대표는. 나라를 구하고 있습니다. 모든 환경이 최악이지만. 그냥. 대한민국을 위해. 최선을 다하십시오. 응원합니다|||신혜식 대표를 열심히 해주세요. 첨단을 보고 달려가기로 합니다 광화문장에서 외치는 그 결함과 투쟁력으로 우리는 힘을 얻고 든든합니다 절대 약해지지 말아주세요 끝까지 응원합니다.|||한동훈은 독선, 혜택을 모르는 자, 당대표 오르토당토가 아니고, 홍준표 시장 신대표 홍철기, 매우 응원|||원희령당 대표는 대답|||국력은 곧 해산하고 진정한 우파 정당을 창조하라!|||신 대표님 이번 선거 부정선거 반드시 밝히고, 가담자들 모두 극형에 처해야 합니다. 이를 위해 선두에서 싸우는 대표에게 감사하고 애국우파 국민이 전 목사를 중심으로 하나로 정리하여 반드시 승리합시다.|||장시호 녹음과 태블릿 pc의 진위 조사는 언제쯤 할 수 있을지 궁금합니다.|||윤성현 대결단|||한동훈은 국민당에서 퇴출시켜야 한다|||원희령은 당대표여야|||오세훈이 박원순보다 광화문 집회를 방해했다. 국력 부패했습니다.|||그 사람 감사원장 때는 그랬지만 정치하는 것을 보면 이준석 옹호, 한동훈 옹호하는 것을 보면 정치는 영이 아닌 것 같습니다|||원희령님 나오길 바래요.|||한동훈 아웃입니다.",1
iuBAhInoUaM,"독립신문 라이브뉴스 정광훈, 평택 10만 집결! 2025.07.26","광화문에서 모집합시다.|||애국 동지 만세|||행동할 때입니다. 지금 행동할 때.|||많이 있습니다 대한민국 만세|||시작은 미미하나 끝은 찬데할릴라 대한민국 만세!|||친애하는 애국 여러분, 더운 가운데, 조국을 위해서 힘든 고생을 하고 있네요. 미군 철수는 절대 안 된다.|||이자이에 굉장합니다. 고마워, 고마워. 누구든지. 미국은 우리의 은혜의 나라입니다. 역시 강력한 합성도 합니다.|||최고의 최고 뜨거운|||눈물, 함께하지 않고 축복|||이것은 더운 나라에 있습니다. 수고하셨던 정광훈 목사!|||신한스.|||정광훈 목사애 국민에게 감사합니다.|||모이면 싸우면 승리하고 승리합니다.|||격렬하고 눈물이 겹칩니다. 주한미군, 우리와 함께 가자|||데미지 교수는 언제나 사회를 보고 고생하고 있습니다.|||황준 선장군은 언제나 빠르고 올바르게 제대로 가르쳐 주셔서 감사합니다. 최선을 다하십시오.|||미군 철수 미군 철수는 절대로 하지 말라 한국을 지켜라.|||한미군 철퇴반대 한미동맹 강화하라!|||종교 단체에 감사드립니다.|||애국자 정광훈 목사ㅡㅡㅡㅡㅡ|||정광훈 목사가 건강한 모습을 보고 매우 기쁩니다. 이해하기 어려운 것이 걱정이었습니다만, 끝까지 건강하고 자유우파 국민을 이끌어 주시기를 바랍니다. 대한민국을 지키고 주소서.|||신한수, 신혜식 대표, 이성범 기자,|||미군 철수는 결코 반대|||미군 철수에 반대|||미군 철수 반대는 엄청",1
IXxnzkejxnM,라이브 뉴스 김우네분당 개폭망 2024.03.20,"한동훈, 김경율 좌파 국민이 심판하자|||집 토끼를 잡은 것처럼 무시했습니까?|||윈인의 중요한 동체는 좌동훈입니다.|||기회주의는 반드시 폭망입니다.|||대통령을 각도로 대통령을 공격하기 때문에 당신은 잘 작동합니까?|||성공은 끝까지 보지 않으면 알 수 없습니다. 한동훈은 언제 사셨나요ㅡ|||우리 윤 대통령을 위해 단합하자.|||김은혜는. 어려워 보이지 않는다. 좋아하는 곳으로. 하늘을 주었다고. 대답하겠습니다. 한동훈이 붙었나요?|||분열은 한동훈이라는 것을 알고 있으므로 우파는 문제를 정확히 알고 있다.|||이정배시 의원국회를 보내자|||김은혜 탈락하자|||어부의 땅에서 얻은 장소! 욕심만 가득한 한동훈. 아웃!|||김은혜 이번 선거를 선택하면 정치|||김은혜는 기회주의자가 아니다.|||김경율, 김현동, 함은경|||재미있습니다.|||대표자 헤앙. 힘이 됩니다.|||아시아 투데이! 방송 좋다!|||민주당에서 옮겨온 인간들 앞에야말로 국민의 힘 희망이 있다|||김은혜는 조심해.|||자통당이 일어나야 하는데...|||김은혜.... 대통령과 함께 가는 대신 대통령과 함께 있어야 합니다...|||권한이 있는 만큼 책임이 반드시 따르도록 되어 있습니다.|||한동훈을 피우는 맹렬한 우파. 너가 가격 인하한다. 자유통일당에 가자|||썩은 빠진 정치계에 입문하면 가장 먼저 배우는 것이 뒤집혀, 씌우는, 흐트러뜨리는, 물을 타는….",1
bSzINmwhG4c,항상 응원합니다! 윤사모 청년회원 등장! 윤석열 탄핵무효 헌법 전에 계엄령,"예, 중심적인 의견을 존중합니다.|||에구이펠라 축복|||깨끗하고 똑똑한 청소년은 바로 깨끗합니다. 미래가 밝다고 생각합니다.|||나는 눈이 있었다.|||탄핵 무효 탄핵 무효 탄핵 무효|||정의는 살아서 영원하다 한국만세|||감사합니다. 아들딸이야. 한국 만세|||2030 이 나라의 희망입니다. 민주주의를 지키고 청소년의 미래를 보장합시다.|||응원합니다|||2030 청소년 파이팅|||윤석열 대통령은 최근 세계에서 드문 가장 용기있는 대통령, 지도자이며, 그를 지키는 국민은 가장 용기있는 국민으로 세계에 알려져 있습니다. 추운 날씨에 함께 최선을 다하고 하나님께서 보호하시기 바랍니다.|||정말 멋진 청년이군요. 피를 끓는 청년들, 당신들이 살아가야 한다.|||고마워, 자유 대한민국 만세|||추운 날씨에 고생하고 있습니다. 좀 더 참고하십시오.|||응원합니다 지원합니다|||젊은 청년들! 당신의 미래를 생각합시다.. 일어나 일어나!|||청소년에게 감사|||수고하셨습니다. 열심히 응원하는 애국의 청년입니다.|||고마워, 우리 대통령을 지키자.|||애국자 청소년, 감사합니다, 애국자에게 감사드립니다.|||청소년 여러분, 노인의 추운 날씨에 감사드립니다.|||내일은 8일간 Joe 9일째의 요트가 고비인 것 같습니다만, 여러분의 체력의 비축을 잘 해 주고, 2030명의 주말 정도 많이 나와 주세요. 내 집도 내일 간다.|||애국자 여러분, 수고하셨습니다. 응원하고 있습니다.|||젊은 청년들이 일어나라.|||정말 예뻐요.",1
kwnm16JR0oU,라이브뉴스 김재섭 한지아,"한동훈 특검합시다!|||내야 한다|||당론을 따르지 않는 사람ㅡ 해당 행위에|||둘 다 출당시켜야 합니다!|||색을 내자!|||김명수 3년 5개월 만에 부른다! 현명하게 해주세요!|||이것은 국력당원의 수준이다 바보의 행진을 보았다.|||이원석|||헝가발은 퇴출 대답이다!|||한동훈 특검|||덥고 사라져 미친 것 같아요.|||피와 같은 국민의 세금 왜 특별검찰관에게 쓰려고 합니다만, 국민을 무섭다고는 생각하지 않습니다.|||김재섭 한지아? 헐|||국민의 눈높이로부터 생각해 한동훈 특검 빨리 합시다.|||한지아는 피지 않습니다.|||좌동훈 사퇴|||국민의 역내 배신자 2명 더 탄생 축하|||한동훈 대신. 특검 찬성했습니다.|||국회의원 사무소에 전화하자.|||한동훈과 이원석은 도대체|||오픈 5분입니다. 5분 전이 아닙니다.|||이원석의 추천자 법무장관 한동훈|||당 대표란 사람이 폐기된 법안을 어떠한 이유로 입장 변화가 없다고 계속 울거나, 당론은 필요 없고 자기 정치만 할 것이다.|||한동훈 똑바로|||당대표한은 국력당서 퇴출시켜야 한다",1
eqdES2H9jRY,"해킹! 나경원, 윤석열의 오빠와 2분간 통화! 99.99 이 말을 했습니까?",그러니까 나경원이 선두에 서서 말한 이유가 있었다.|||단지 호랑이가 이니지 완전 독제 체제의 호랑이니까. 침을 뱉을 뿐이었나요? 흥분하고 질.,0
faU2UC6XoYM,나이가 들수록 추악하고 죄를 짓는 나경원,"나경원 입시 빌리. 에서 수사합시다.|||미친. 판사가 실수로 판결했음을 전수 조사하고 밝히는|||나경원의 아이를 조사|||봐주면 정도를 넘어!|||그래, 나는 왕이 되려고 시도하는 모든 부정 행위를 저지른다.|||나경원 기름가격 5000만원 환산 그레이스|||일찍부터 아이를 봐야 하는 것처럼|||조진은이 민주당을 응원하는 걸 보고 의도적으로 범죄자에게 몰아내는 것 같아서 쓴다.|||나경원|||나팔 벌금형을 받고 당신이 하는 소린지. 아이들 입시 빌리|||나경원은 진짜 밥맛이네요!|||나경원의 급유비 5000만원은 왜 조사할 수 없는가?|||벌금형도 법원장부를 가진 특혜자입니까? 조금 시도해 보길 바랍니다.|||지금 급료를 받고 직무 유기 죄도 넘치고 있습니다.|||맞아|||공개하기 전에 촉법소년도 악질전인 청소년 강력처벌해야 합니다|||나팔은 발언이 아니다. 감옥에 가야합니다.|||이때 해.|||재판관 출신……과… 재판관|||아이들 입시 부정 조사나 받고 말해서는 안 된다…에휴… 5선 동작의 품격|||미친 여성임이 분명한 것 같습니다!|||5선도 걸려서…|||대한민국 사립학교법인에 관한 모든 정보도 공개하자...|||경원의 휘발유비 확인|||내 아이도 조사합니다.",0
OOgt6cfz6Mc,"윤한헌, 장동혁","사과할 필요가 없다|||부정부패에 휘말린 공직자는 3대가 공무직에 나가는 방법을 만들지 않으면 부정부패가 사라집니다 그레야 대동세계가 됩니다|||아니요, 아니요, 그렇지 않습니다...|||늦었다!|||진국민의 힘이 선거가 다가오기 때문에. 똥이 불타",0
rovs977BKPE,"여러분, 또 속아서는 안됩니다!","맞습니다.|||국민은 바보가 아니다|||그들은 양심이 없습니다.|||큰 절이기 때문에 내란 대 배당으로 바꿀 수 있습니다.|||선거철만 변신하는 내란로봇|||하루 빨리 12,3 쿠테타 적의 사형 판결|||맞습니다.|||올바른 말입니다. 좋은 것은 좋은 일이 아닙니다. 그렇지 않습니다. 동정을 줄 정도의 가족이 아닙니다.|||맞습니다.|||반백세 살아보면…|||안이 보이는 내란당의 수법이다 우리의 국민은 속지 말아야 하고, 이번 선거에서 심판해 의석수 0으로 해 주어야 합니다",0
qeZrdVH_8U4,"최재영 목사, 3년 집으로 돌아가지 않고… 특검 참고인 조사 출석!",초보자를 응원합니다.|||최재영 목사 같은 분이 진짜 목사|||최재영 목사님은 최선을 다하십시오.|||최선을 다하고 뜨겁게|||신경쓰지 않는다,0
sXmTZ85oBbU,"트럼프, 부정 선거 게시! 법무부, 후속 조치에 착수!","곧 재판 재개|||부정선거 척도|||사전선거 철폐가 없는 선거는 선거재 자체가 부정선거다|||멸공반 국가세력의 척도 부정선거의 척도|||멸공만이 부정선거를 깨는 길이다!|||진짜 괴로운 나라는 더 이상 폭망하기 전에 드러내서 꺼내야 한다|||기쁜 소식입니다.|||사전선거 폐지하고 부재자 투표도 투명하게 하는 시스템을 만들어야 한다.|||갈수록 태산에 갔던 도둑은 무엇을 하는가?|||이번에는 뿌리를 뽑아야 한다|||드럼 만세 리자이밍 out|||부정선거를 덮기 위한 내란탄핵몰 이 시선을 돌려 여론전에 광분합합시다! 권력 방어용!|||파괴|||조심하고 강력한 녀석들을 감독합시다. 땀을 흘려 건설된 한국|||FBI뿐만 아니라 미국에 있는 모든 정보 당국과 사이버 사령부 US Cyber ​​Command를 총동원하여 한국 A WEB의 부정선거 개입과 모든 종류의 부정을 경감해야 합니다! !!|||중공 부정선거 국제 카르텔을 제거해야 합니다. 중공과 이재명, 민주당의 부정선거 쿠테타를 진압.|||한때는 서둘러요! 나라가 더 부서지기 전에 내려야 한다!|||부정 선거 적극적으로 수사하고 명백하게 밝혀주세요!|||사전 투표제를 없애지 않으면 국가가 공산주의로 옮겨진다! 반드시 국민저항권을 발동하여 나라를 구해야 한다.|||부정적으로 한놈을 깜박임|||부정선거에서 권력을 찬탈한 반국세력의 놈들이 공산독재국가에 가는 아웃번으로 무지한 속도로 달리고 있다. 나라가 멸망하는 것은 시간 문제다.|||열쇠는 부정선거|||제발, 부정 선거의 싹을 당기는?|||시작하다|||부정선거에서 권력을 찬탈한 자들은 지위고하를 불문하고 모방사형과 무기징역에 처해야 한다.",1
6lbg575tZ80,"아, 제렌스키 암살하자! 천우 신조에서 살아남는다!","선관위 타도 사법부가 살아야 나라가 사는|||반공을 국시의 제1로 하고, 미국을 피로한 자유우호와의 유대를 더욱 견고하게 한다. 국민소득 70불대에서 3만불대한강의 기적을 이룬 민족의 영웅이며 세계의 지도자인 박정희 대통령의 각하를 그리워합니다|||북, 중, 로이란 같은 나라와는 평화협상 불가능한 오로지 힘으로 제압해야 한다.|||미친 것도 다양합니다.|||자유 대한민국 윤 대통령 4800만 애국 국민애국자 윤 대통령 신 대표님 만만세.|||신인균 대표의 낮과 밤의 온도차가 급격하게 변화하는 초겨울 날씨에 항상 건강을 조심해 주세요. 압력을 가해야합니다.|||푸틴이 멸망하지 않으면 중국과 북한이 빛납니다.|||적극적으로지지 동정합니다 열심히 싸움 ? 러시아 푸틴 정권의 폭망을 바란다|||중국 중국 민주당 타도 선관위|||멸공이 오는 그날까지 멸공|||고이치 총리님 응원합니다|||러시아 푸틴이 미친|||푸틴도 암살하려고 해도 해야 한다. 전용 기타로 이륙하는 순간 드론을 충돌시킵니다.|||고이치 수상님. 그리고 일본의 국민에게 분력해 주세요........|||주변국의 긴장이 높아지지만 공동군사작전을 더욱 강화해야 하는 이유|||푸틴이 막다른 골목에 있다.|||멸종! 신대표 애국방송 감사합니다.|||독재 푸틴의 길이. 앉아있다.|||신인균 대표의 끝까지 응원합니다|||애국 채널 오늘도 수고하셨습니다!|||대표자의 계절의 건강을 유의해 주셔서 감사합니다.|||우크라이나 대통령은 항상 건강에 주의|||드론 요격 드론을 애도시켜야 한다|||김현지 국정농단 조속구속 수사하라!|||고마워요.",1
ECyCpkeP9ig,"김오준의 다스보더인 82회 KBS, 마지막 알림과 엑시스","조국의 가족을 열심히 해 주셔서 감사합니다.|||정우영 교수님의 말씀에 전율이 흐릅니다. 역사가 흐른 후 어떻게 평가 되더라도 현시점 한국 국민은 위대한 한국민이라는 것은 분명하고 자랑입니다! 문재인 조국 김오준 유시민은 한국의 보물입니다.|||주광덕은 모든 유출사건에 있었다. 판결문 유출 사건, 김명수 대법원장 후보 회의 녹음, 조국사태까지… 이렇게도 주광덕과 연결이 없으면?|||뉴스공장, 아릴레오, 저널리즘 토크쇼 J KTV, 대한민국 정부, 대한대통령부 청와대 서울의 목소리, 시사타파, 팩트TV 등 진실을 알리는 모든 방송을 응원합니다. 구독을 좋아하고 응원하세요.|||김오준 외 그 무리는 진정한 선구자이며 선각자들입니다. 그 방청자들 시청자들 YouTube를 통해 참가하고 있는 분들 모두 미래를 여는 분들로 보고 있습니다. 그 공간에 있고 행복보다 큰 성취감이 있습니다. 이 기분 서초동에서 불사가 됩니다.|||시민은 조국을 선택했습니다… 정당에 소속된 의원은 시민을 선택했는지, 언론을 선택했는지 결정해야 할 것입니다…|||이제 우리는 역사 교과서에 나오는 시간을 우리 모두가 보내고 있습니다! 어려울 것이지만, 가만히 없을 것이다! 우리가 할 수 있다는 것을 아는 경우에도 반드시 우리에게 역사를 쓸 것입니다! 서초동에서 보자! 일어나는 시민 여러분! 최선을 다해 준 조국 장관과 가족들에게 미안해, 고마워요!|||이 시대의 영웅은 김오중이다. 같은 시대를 살아가는 것이 고맙다.|||절대 함정에 빠지지 말고, 계략에 빠지지 않고 끝까지 10개의 진실에 하나의 큰 거짓말로 함정에 빠뜨릴 수 없기 때문에, 아무쪼록 끝까지 지금처럼 가 주세요 ㅠㅠ 건강해요 감사합니다|||조국 장관은 정말 강철 같은 사람입니다. 검찰과 언론이 물어볼수록 강인한 강철이 됩니다. 김오준 총수! 너무 핵사다. 그래서 여러분을 존경하고 존중하며 지금까지 믿고 함께하겠습니다. 김오준 총수! 우리의 자부심과 사랑스러운 모피 형제! 그리고 귀여운 주진우의 빵! 존경합니다!|||노무현 대통령의 큰 유산입니다. 다시 울지 마세요!|||무조건 좋은 밀어 시작!|||대한민국 보약 김오준 총수, 유시민 노무 현재 재단 이사장, 주진우 기자, 정우영 교수, 박주민 국회의원, 김정민 국회의원..........|||나도 노무현 대통령의 논란을 속였다.|||김오준 유시민 보유국! 이건 얼마나 운이 좋고 감사합니다 ㅜㅜ|||김경록님. 항상 겸손하게 감사합니다.|||지루하자! 포기하지 마세요! 쫓아가자! 제2의 노무현, 노회 짱을 만드는 것이 아닌가! 당신은 위대한 대한민국입니다!|||모두가 현시점에 매달릴 때 역사학자를 섭외하고 거시적으로 이 시점을 보려고 하는 김주중의 탁월한 시선. 시대에 앞서 최고의 기자!|||힘을 가진 사람이 그 힘을 잘못 사용했을 때 어떻게 될지 매우 잘 보여주는 지금의 검찰. 미디어. 정치유착사태|||민주당은 무언의 사람을 공개하고 지지자의 외면을 받고 싶은 사람은|||오늘도 잘하자! 언론검찰 정치개판이라니.. 서초동 go go!!|||대단한…… 이들은 무엇을 위해 이렇게 하는가? 만약 정권이 바뀌면 자신들에게 피해에 가는데.. 나는 남자인데.. 그렇게 할 수 없다..|||검사 판사의 언론이 한 사람을 감옥에 보냈다는 이야기는 진짜 소름끼치다. 김오준 총수, 유시민 이사장, 주진우 기자님 감사합니다. 세분 덕분에 문재인 대통령도 조국장관도 지킬 수 있었습니다.|||검찰개혁만이 대한민국이 사는 것이다.|||언론의 기본은 사실 전달이지만 최근에는 언론이 아닌 소설을 쓰는 출판사인 것 같습니다. 미디어 개혁하자. 다른 방송 파이팅!",0
LqyfEpxkkFU,"김오준의 다스보더인 2024 총선 300회 4억 여론조사, 윤석열 심판에 왔는지 아니면 배신자는 반드시 이겨야 한다","10,000 구독 가즈아 부흥 부흥 왕국 TV https www.youtube.com vsboktv 어기구 TV https www.youtube.com TV wq9bi 이재광 TV https www.youtube.com 2jaegwan 한영태 TV https youtube.com 사용자 ws3ry jz3co4iz9w 정석원 tv https youtube.com SugwonJ 황태성과 민주당 김천시 국회의원 후보 https youtube.com http://www.youtube.com user sv8fb4jc4h 김도균 TV https www.youtube.com 3 www.youtube.com TV yr2qq 황정아TV https www.youtube.com hwangjunga2024 류삼영TV https www.youtube.com dongjak630|||우리의 험한 땅을 맞이한 경북시 의원들은 독립운동가입니다.|||경상북도 출마자를 응원하는 당신 같은 사람이 있습니다. 현실에 맞춰 평소처럼 멋진 선거를 부탁합니다 당신 같은 분들이 계시고 대한민국은 발전합니다|||황정아 의원! 라고 부를 수 있도록 이번 총선거 부디 승리해 주세요! 대덕특구에서 20년째 살고 있습니다. 더 이상 떠나는 지역이되지 않도록하십시오.|||총수가 아니라면 어려운 나오는 후보들은 내가 어떻게 알 수 있습니다... 후보자의 절실한 구제에 눈물이 나옵니다.|||경북지역 후보분들 방송이 너무 인상 깊었습니다. 괴물에 투표 결과를 두고 경북지역비의 말을 쓴 자신이 부끄러워지는 것을 느꼈습니다. 진심을 담은 노력을 하는 분이 있다는 것을 기억하고 지지합니다.|||저도 특별한 파랑이므로 경북에 출마되는 분들의 노고를 더 잘 이해합니다. 진심으로 어필해 주시면 통한다고 생각합니다. 최선을 다하십시오.|||총선거는 한일전 울민주당 범야권의 똥으로 압승합시다.|||경북독립투사들… 진짜 민주당 후보자, 최선을 다하십시오. 매우 멋지다! 내가 이사를 해도 힘이 되어주고 싶은 심정입니다. 감사합니다.|||이재명 대표의 고향 경북은 진짜 짠 지역이다. 13개 지역구 중 4개 지역구는 아직 민주당 후보가 없다. 4석은 싸워 볼 수도 없고, 똑같이 국력에 바친다. 민주당 간판으로 출마하는 것 자체가 대단한 결단이다.|||경북 후보자를 존경합니다. 당신은 진정한 민주투사입니다. 그러면 경상북도도 언젠가 바뀔 것입니다.|||민주당의 험지에서 민주당의 간판에 출사표를 던진 모든 경북민주당 후보들의 당선을 기대하며 열심히 응원합니다.|||밀다 밀다 여론조사 꽃 오늘 정기적으로 읽은 대한민국을 위해 고생하는 김오중 총수를 조금이라도 돕고 싶었다 총수 열심히 합니다|||윤석열이 하고 있는 일을 보면, 조폭들이 여러가지 행모를 부르면서 당신이 어땠어? 그리고 눈을 뗄 때와 같습니다.|||어려운 땅에서 고통받는 경북과 강원도 후보들에게 눈물을 주셔서 감사합니다. 이렇게 고통 받고 있는 분에게 좀 더 취급을 해 주었으면 합니다.|||진보 진영으로 200석 이상 당첨되어 무도한 나라의 나라에서 벗어나고 싶습니다.|||민주당 경북 국회의원 후보자들 존경하고 감사하며 감사합니다. 일제시의 독립운동가인 것 같습니다. 대한민국의 올바른 희망입니다! 감동하고 사랑합니다!|||안녕하세요. 다스 가족 여러분 내일은 제80회 서울캔들 대행진일입니다. 오후 4시 삼각 지역 13번 출구에서 본 행사 후 행진도 합니다. 우리는 모두 촛불에 참석해 윤석 열퇴진.|||나는 총 수가 자랑스럽다.|||라고 경북 당선하면 찐 대박… 나라가 디비지된다. 역대 이렇게 심각한 정부는 없다. 법을 다루는 공무원은 이름을 선택하는 한계가 있는지, 중립적으로 보려고 해도 어려운 조직이다. 그런데 편향성으로 이렇게 대통령까지 온 것은 법질서 파괴를 의미한다.|||경상도 쪽의 파이팅입니다. 완전 응원합니다. 경상도를 깨워라|||황정아 박사는 진정으로 응원하고 있습니다. 가족 3명이 유성에 살고 있습니다.|||김오준이 한 모든 행위 중 여론조사 꽃을 만든 것이 최고의 실적이다|||강남병 구민 분 박경미 후보를 잊지 않고 선택하세요. 당신들의 기득권을 지켜주겠다고 믿고 고짐 빼고, 윤석열 빼고 지금 살아 좋았습니까?|||독립투사 경북 후보자 전원!!!넘어, 멋지고 부족한 감동입니다!!!!우리만의 승리로!!!!도 충분히 지지해 응원합니다! 유튠 1만명! 10만명! 가자!!!!",0
ai0X3BqenpI,김오준의 다스보이다 2024 총선 297회,"지금도 국가를 정상적으로 바로잡기 위해서는 국하와 정부를 갈아입어야 합니다. 선거 잘하자|||나라도 개판 축구 협회도 개판 감독도 개판 아무것도 정상이 아닌 최근 투표에서도 꼭 합시다!|||정봉주 여러분, 꼭 4월에 국회에 입성해 주셨으면 합니다.|||정봉주는 반드시,,,,,|||김오준 총사는 언제나 건강하고 열심히 해주세요.|||우리 모두 총선거에서 윤석열 사라지는 그날까지 힘을 모아 민주당 파이팅!|||어른 때문입니다. 우리를 행복하게 해준 선수들을 사랑해.|||최백근 교수 감사합니다 김오준은 언제나 응원|||더 이상 회장이 없습니까? 고양갑 심상정 주면 국력에 건너갑니다 절대!!!!|||김오준 망쳐서는 안된다,..! 구독합니다.|||무능, 무도한 정권을 꼭 심판합시다 이잼 민주당 총선압승|||충청도에 인재 도입이 확실했어요. 보고 훨씬 기쁩니다… 싸우자!|||민주당의 비례표가 분산되어 있지 않으면 좋다. 민주당의 압도적 제1당을 위한 승리를 기원합니다.|||충청팀! 파이팅! 특히 .17호 김재성님 꼭! 구청이 됩니다|||김오준 총수 감사합니다|||무능한 지도자가 얼마나 비참한 사태를 만드는지, 꼭 심판합시다 룬, 몽규 OUT|||최백근 교수님처럼 애국자가 또 있을까는 너희들입니다!|||조국신당을 응원하는 파이팅지역은 민주당의 비례|||우리의 소원 동지 인 귀중한 총수 올바른 말 좋은 방송 리드로 치유 큰 힘을받습니다 건강하고 오랫동안 함께하십시오 항상 감사합니다|||김오준님 총선거 승리로 민주당 가즈아!|||받아들인 인재 여러분 정말로 훌륭한 사람들입니다. 동기부여, 아이디어를 고집, 말씀 잘 하고……그러니까 민주당입니다. 사람들을 웃게 하는 정치를 하고, 지도자나 시민이 서로 믿고 사는 사회를 만들어 가는 민주당의 파이팅입니다.|||원래 독일에 가는 이유가 김건희에 있었던 것이다. 윤석열은 독일에서는 볼 수 없기 때문에|||나는 조국을 지원한다. 조국을 동정하고 지지하는 것은 아니다. 대한민국의 건전한 성장과 국민경제의 성장에는 언론개혁과 검찰개혁이 필요하다. 검찰 개혁의 의지가 강하고 능숙한 사람이 조국이라고 생각하고 나는 조국을 지지한다. 조국의 용기에 박수를 보냅니다.|||똑바로 하나없는 최근처럼 사는 의욕도 사라집니다.|||윤석열. 간히 없음. 밥도 먹을 수 없다",0
wFxeUBmy4yk,"김오준의 다스보다 317회 한경훈, 삼부체크 무늬, 트럼프가 온다","우원 식사를 어떻게 해보자! 국력당에 시간을 버는 행동을 어떻게 설득해야 하는가?|||우원식 의장. ㅆㅂ|||탄핵이 빠를수록 나라가 정상 나라가 된다고 생각합니다.|||우선순위를 알아야 합니다! 언론에서 개혁이 어렵다|||오늘 법사위 청문회와 국민당 대표 논의를 보고 있기 때문에 가관도 아니다.|||항상 우리를 깨워 주셔서 감사합니다!|||전청레 위원장의 입법위원에게 운영사회통율력을 세계 각국 국회가 배워야 합니다.|||군 골프장은 파트 3의 야감을 운영하지 않습니다.|||할 수 없게 되는 것보다 상설 특검이라도 좋다고 생각합니다.|||진심으로 우리나라가… 국민이… 이 역경을 잘 이기고 싶습니다.|||안녕하세요 김오준 총수는 언제나 건강하고 노력해 주세요. 응원하고 있습니다.|||진보는 국민으로서 살고, 보수는 백성으로 사는다. 이 나라의 주인은 국민이며, 백성은 나라토 아래에 굴종하여 사는 노예이다.|||국내 정치 외교 정치는 정말 최악입니다. 탄핵은 대답입니다.|||한동훈이 사과까지 했다는 것은 청탁행위가 있었다는 확실한 증거!|||양주는 대통령 기록물 때문에 마신 사람도 대통령 기록물!|||국민이 모지를 선택했다고는 생각하지 않는 200만표를 미분류에 인출해 마음대로 나눈 너무가 범인입니다! 더 이상 주권이 손상되어서는 안됩니다! 투표함을 옮기지 않도록 입법해야 합니다!|||다만 모든 이상을 당연시하는 정부…|||한준호 의원님 미래 대통령의 길로 계속 ​​환승|||민주당 의원님 굉장합니다 이재명 대표와 함께 나라를 위해 국민을 위해 많은 일을 해줄 것이라고 믿습니다 응원합니다|||윤석렬은 정치하자마자 대통령이 됐다.|||김오준 총수…|||김병준의 꿈의 이야기 달려와 열심히, 정말 너는……………………………………………………………………………………………………………………………………………………………………|||삼부는 ㅡ라임ㅡ 옵티모스의 사라진 돈의 마지막 미로게임의 ㅡ문이 될 것 같다|||한준호 의원의정활동|||이재명 이재면 이재명",0
82r1izASPms,김오준의 다스보더 322회 원조형제 남진,"이렇게 독도를 빼앗기는 진짜 탄핵해야 한다|||정말 고마워요.|||민주당 내의 집단 지성은 찐 것 같습니다. 정치인은 제외해야 합니다.|||남진 선생님이 최고입니다.|||이재성 위원장이 정말 볼 때마다 놀라운 겸손하고 비열하고 부드럽지만 강력하고 이상적이지만 치밀하고 이상적인 인간이지만 너무 인간적입니다.|||민주당을 확실히 하자. 탄핵이 대답이다. 품격적으로 반박할 필요가 없다.|||김병준 원님 꼭 최고의 원으로 노력해 주세요 응원합니다!!!!|||데이비드 김은 반드시 당첨하십시오.|||총수님 수고하셨습니다. 감사합니다|||이정호를 잊지 마세요.|||국회의원 국민소환제 만들기|||민주당 간사 김승원 의원님|||남진 최고의 마케팅 브라! ! !|||김병주 의원 응원|||정말 정말 민주당 만세 지역당 위원장들|||진정으로 올바른 봉사를 즐기려고 어려운 길을 가려고 하는 데이비드…|||민주당의 홈피가 동이라는 이재성 부산위원장의 말에 너무 공감이 가네요.|||죽은 한국을 살리는 것은 탄핵입니다.|||남진 선생님은 매우 재미있습니다.|||데이비드 김 변호사님 응원합니다! 꼭 이겨주세요!|||김병준원, 강성원 씨,|||용산총독부 일제시대 진정한 독립투사 김정수 최고|||박근혜, 윤석열도 당첨한 한국의 마음은 금물|||남진 형은 멋지다.|||데이비드를 이기려면",0
IfNJpR6YlQk,"김오중의 다스보이다 311회 대통령 전화로 누가 통화했는지, 스파이를 체포해줘, 자러?","7 대대장에게 응원하십시오. 제발 건강하게하십시오.|||7포대대장님의 끝까지 노력해 주세요 이제 거의 밝혀졌습니다! 좌절하지 말고 국민을 믿고 최선을 다하십시오!|||포7대대장, 진심으로 응원해 지지합니다 필승!|||포 7대대장 전부 열심히 해 주세요 국민의 혼자서 진실이 만천하에 밝혀지기를 기도합니다. 응원합니다.|||포7대대장은 최선을 다하십시오. 국민이 알고 있습니다.|||7대대장을 응원하고 있습니다.|||포7대대장의 최선을 다하자 왜 무리하게 죽을거야? 죽을 힘을 다해 살아 그 악한 인간의 끝을 지켜보라.|||포 7 대대장이 억울하지 않도록! 박정훈 대령이 분한 일을 당하지 않도록! 잘못된 일을 제대로 처벌받을 수 있습니다!|||포7대대장, 당신은 참군인입니다. 최선을 다하십시오. 당신 같은 사람이 있습니다. 세상은 여전히 ​​살아 있습니다.|||임성근 사단장은 더 이상 분개하지 말고 국민과 채해병 유족과 대한민국 모든 정의한 병사들 앞에 곧바로 무릎을 꿇고 석고대죄하라!|||포병대대장 건강하게 해주세요. 이것은 또한 지나간다. 진코 진실은 분명해진다.|||해병대포 7대대장, 너 잘못이 아니야. 당신을 지원합니다. 용기를 잃지 않고 최선을 다하십시오.|||드디어 시작된 22대 국회의 이재명을 중심으로 많은 변화가 있기를 바랍니다|||포틸 대대장의 노력, 빠른 쾌감을 기원하고 당신을 응원하는 국민이 많습니다.|||박정훈 대령! 포7대대장! 그리고 진실과 정의를 위해 싸워 주시는 모든 병사 장병이나 애국 시민 여러분에게 진심으로 감사의 뜻을 전합니다!|||포병 7대대장 쪽을 보면서 눈물이 나와 코멘트에서도 써 봅니다 절대로 절대로 불의에 지지 않고 노력합니다만, 노력해 주세요. 당연한 분이라고 생각합니다 이 시간이 지난 후, 명예를 반드시 회복해 존경받는 병사로서 남는다고 믿고 있습니다. 멀리서도 작은 코멘트에서도 응원을 진심으로 담아 보냅니다!|||대통령 파이정훈, 박정훈,|||민주당은 전우용 교수를 자주 초대해야 한다!! 떨어져 가고 싶지 않다!|||포7대대장, 혼자가 아니라는 것을 반드시 기억하십시오. 힘들지만 확실히 해주세요. 많은 국민이 응원하고 있습니다.|||김규현 변호사의 용기 있는 활동에 감사하고 응원합니다 조국 대표의 말대로 끝까지 가보자|||이 해병대포 7대대장의 명예는 회복됩니다!!!!|||포 7 대대장님이 코멘트를 보실 수 있습니까? 꼭 건강하게 해주세요.|||포7대대장 박정훈 대령은 최선을 다해 노력해 주세요. 국민이 응원하고 있습니다.|||김명신을 구속하라!|||금요일에 다시 만나요.",0
uOkxLdy6mVk,억류자 질문한 기자 안전 경고를 받은 채널 A 뉴스 TOP 10,"국내 언론은 정말 믿을 수 없다.|||그것은 경고가 아니라 협박입니다.|||진정한 대답이 없다 .........|||외신기지에? 미친 국제적 부끄러움|||욕을 말하면 국민에게 고발하는 대통령|||그리고 무서운|||미국의 미디어 협회에서 프레스 탄압의 강력한 규탄 성명을 내면 좋겠지만|||국제개척신|||이것이 대한민국의 현실이군요.|||외국인 기자에게 개인 안전 경고? 독재 정권입니다.|||진짜 국격을 죽인다.|||나라가 미래로 가요 ㅠㅠ|||정말 미친...나라|||대단한 국민을 알고 있지만,|||한국 기자가 올바른 말을 할 수 없는 이유는 이런 것이었다.|||외신 기자의 압력이라면 ㅋㅋㅋㅋㅋㅋㅋㅋㅋㅋㅋㅋㅋㅋㅋㅋㅋㅋㅋㅋ|||몰라도 그 대답은 자격이 없어ㅋㅋㅋㅋㅋㅋㅋㅋ|||독재를 싫어하는 것이 아니라 지지받지 않고 싫었는지|||이 나라입니까? ? 국민이 북괴의 납치 등으로 공포에 빠져야 하는가? 그리고 미디어의 자유는 어디로 갔습니까?|||그러니까 군사정권 시대를 맹세하지만 군사정권 시대를 꿈꾸는 공산당 ㄹㅇ|||디자이밍 탄핵은 대답입니다.|||나라가 미치지 마라…|||지금 외국의 기자에도 협박하고 있습니다.|||하 정말 존나 무서워!!!!|||와우… 한국인이 별로 질문하자마자 드럼 깡통당했겠지. 외신 기자에게도 살해 협박하는 거야?",0
0yANNx7IQJo,장동혁 전설 원조,"장현혁은 정말 조심하세요.|||3선이 맞다고 해서 아무 말도 못해...|||그래, 이렇게 털어 놓자. 이런 선거|||김도분은 무엇을 하고 있는가? 중진일까요? 준진은 아무것도 하지 않습니다.|||동혁,|||장동혁 거절은 대답|||한동훈 때, 나는 배신자라고 외치며 쫓아냈다.|||마을 부산 강서쪽에는 아직 몰랐다.|||김도업 실망|||국민의 역민주당에게 메일을 보내면서 정신적으로|||윤한헌 의원 최고!|||잘 작동합니다. 장동혁 정신이어야 한다. 심각하다|||올바른 말 속은 시원합니다.|||진윤준의 진윤윤한헌? 왜? 또 무엇이 보이는가?|||한동훈과 친한 건… 시대 교체와 정통 보상을 지향합니다!|||당신은 정말 똥인지 된장인지 모르십니까? 국민이 지켜보고 있다! 용서하지 않음|||진 폴더 거절|||윤한헌의 판단이 맞는 누구에게나 각 그릇이|||김건희가 죄표 유토뷰 이명수 기자에게 우리 부부 즉 윤통고는 왼쪽 파우 머리라고 말한다 또 노무현이 죽었을 때 일주일 울고 노무현 연설문도 죽는 것 이외였다고 하는 좌파라고 말한 이유라고 생각합니다.|||늦어도 조금 말해 주셔서 감사합니다.|||그 자리에 앉아있는 모든 사람들을 물리 치십시오. 적어도 다음 선거에 출마하지 않을 것이라고 선언하십시오. 그렇게 사과하면 국민이 약간의 관심을 보일 것입니다.|||국회의원의 자리가 그래도 탐했는지, 여기저기서 울 수도 없는 것은 모두 처분해야 한다.|||어쩌면 동혁은 석열과 같을까?|||이죄명법을 재개해야 하며, 법은 병이어야 합니다.|||김도읍!! 현지 주민도 잘 가지고 주세요.",1
ULV9KZhsJd4,질문 들은 이 대통령 무엇을 하고 있는가? ...반전 질문을 시작합시다.,"17년간 변하지 않는 사실 TV를 위해 후원 회원이 되십시오. 정기 스폰서 가입 ARS 1877 0411, 인터넷 애플리케이션 https goo.gl 1OjzfE|||그것을 듣는 대통령이 이상하다.|||김태훈 선일정 한테라고 말해야 합니다.|||대통령은 들었다.|||아고야의 짹짹은 관계자와 아는 사람이다. 그러나 대통령은 아시다시피 정말 기뻐합니다.|||고생하고 있는 이재명 대통령! 우리 아들이 건강하게 살 수 있는 나라를 만들어 주셔서 감사합니다.|||양심이 없는 것은 치킨을 쫓아주고 거기의 지자체장이 김태훈이 아니었을까요? 떡열이 측근인데 떡열 때는 왜 지금 그렇습니까?|||자연스럽게 듣는 이재명이 이상하다.|||준비된 이재명 대통령|||정말 진심으로 우리 대한민국 역대 최고의 대통령이 이재명 대통령이네요. 정말 추진력, 실행력에 이해력까지 빨리 함께 일하는 참모들과 공무원들은 쉽지 않을 것입니다. 그 질문하는 사람이 지쳐하면서, 잠시 한가로이 하는 것을 요점을 간파하고 짧게 정리되는 것을 보고 조금 소름 끼치게 되었습니다. 진짜 우리 대통령은 매우 훌륭합니다.|||그것을 알고 있으면? 대히트!|||운올 운올은 아무것도 들을 수 없어 ㅡㅡ 정말 다시 오지 않을 거야|||역시 천재 울잼 대통령 최고 와우 옹알|||떨리고 속도를 조정할 수 없다고 생각합니다.|||질문을 기억하지 못하는 저자는 누가 일어 났습니까?|||말씀을 조금 천천히 정확하게 하지 않으면 전달력이 있습니다만, 조금 유감이군요. 어떤 내용인지 솔직히 들리지 않습니다.|||도대체 모르는 것은 무엇입니까? 점프 국민은 박학 다식에 든든하다. 앞으로 미래가 장대해질 것으로 보이므로 감격이 밀려납니다.|||무슨 소리? 성가신 요약해서, 짧고 정확하게 하십시오.|||1년에 1회 방문하는 것을 법무부의 인원에게 상주합니다.|||모르는 울 대통령!|||정말 대단한 이재명 대통령의 투시력|||하......|||운올 운얼 웬얼 얼운얼. 진짜 발음을 좋아합니다.|||에휴선의 대리점입니다.|||모두 알고",0
PsaAM9g5hLI,국민의 힘 때문에 핵잠수함이 늦어지는 것도… 우려가 현실이 되었다…,"17년간 변하지 않는 사실 TV를 위해 후원 회원이 되십시오. 정기 스폰서 가입 ARS 1877 0411, 인터넷 애플리케이션 https goo.gl 1OjzfE|||매국당이 곧 해체될 대한민국에 암괴|||대한민국이 일본보다 더 잘 사는 것을 싫어하는 인간|||민주당, 법무부는 매국당 국력 해산 적극적으로 진행하라!!!!|||국력의 해체는 대답|||요즘은 반 국가 단체가 아닐까요?|||내란 종식에 1분 1초가 아쉬워 모든 것을 올인해야 한다 전국민도 나와야 한다|||국력이야말로 진정한 반국세력인 것 같다|||속도를 높여야합니다.|||체육관 체육관 체육관 국민 체육관|||수프당을 날려 버리자.|||수프는 이승신 장군이 거북선을 만든다고 해도 반대할 것이다.|||대한민국에 1번 도움이 되지 않는 수프. 정말 징글 징글입니다.|||국력 내 난당은 곧 사라질 것입니다. 국가가 맞습니다. 극우당!!!|||국력으로 핵잠수함 사업을 방해하기 위해 일부러 그렇게 할 수도 있습니다. 미디어를 통해 알아야 합니다.|||또한 쿠짐당은 발목을 잡아?|||진짜 이번에 스프를 뽑아 봅시다.|||이것은 극단적이지 않습니다. 그냥 반국가단체|||이것은 국가반역죄로 다스려야 합니다!!!!내란동조방조에 국가대사업 방해하는 국가반역행위입니다.|||당연히, 왠지 반대할 것이다.|||하루 빨리 해산만이 국익이다. 어떤 개혁도 국력 해산 없이는 어렵다고 보고 있습니다.|||빨리 위헌정당을 해산하|||내란당 신속하게 해산시켜, 민주당은 무엇을 하는 것인가?|||진짜 나라에 하나의 도움이 되지 않는 수프...진짜 없어진다...|||국민의 짐이 아니라 국민의 적이다!",0
sFjYoFrizM4,폭력범 나경원 면진 샤우팅 박은정,"17년간 변하지 않는 사실 TV를 위해 후원 회원이 되십시오. 정기 스폰서 가입 ARS 1877 0411, 인터넷 애플리케이션 https goo.gl 1OjzfE|||최고입니다.|||나팔 쫓아내라!|||그리고 핵사다!|||사실로 쳐진 박은정 의원은 정말 멋지다|||나팔 폰|||벌금 형사자 그 자리 언제까지 지킬지 보자|||나가라나팔|||아, 진짜 나는 경원을 보지 마라.|||국력을 때리는 박은정짱|||박은정 의원 속이 펼쳐집니다.|||박병닌|||박위원의 목소리는|||박은정 의원! 응원합니다! 의원이 모르게 상처받지 않길 바라네요 ㅠ|||대한민국에 없어지는 국회의 윈은? 나경원|||역시 짱!|||내 버릇을 열어도 가지 않는 국력당인데…|||나경원도 빨리 조사해야|||응원합니다|||조국혁신당 박은정 의원 파이팅!|||팔팔추경호는 당연한 일입니다.|||국민의 힘을 없애다|||나팔의 법정에 와서 매우 열립니다.|||나경원은. 정치를. 떠나다|||정말 너무 시끄럽다",0
xupyh9X2csE,이런 정치인들은 날아가야 한다…,"17년간 변하지 않는 사실 TV를 위해 후원 회원이 되십시오. 정기 스폰서 가입 ARS 1877 0411, 인터넷 애플리케이션 https goo.gl 1OjzfE|||2026년에는 부탁드립니다.|||진짜 진글진 구르나나 경원|||의정활동의 목적은 국회를 깨고|||조백석, 이은재, 곽규택의 얼굴이 비슷하다…|||서영 교의원님, 뒤에서 응원합니다. 곽규택은 같은 아이들과 이야기하지 마세요.|||나팔 특검 수사 언제입니까?|||우리의 소장군|||나경원은 의원이니까, 그런 것이 판사 출신이니까 대한민국 교육체계도 바꿔야 하도록 곽규택은 검사 출신이라고|||우선 목소리에서 이기면 내란당 압도, 마이크는 필요 없습니다.|||징글징글내 난당해채원|||다음의 원대는 꼭 서연 교의원님이 되어 주었으면 합니다!!매우 든든한 분!|||수프. 징글 징글한다.|||서영교 의원을 응원|||남편이 법원장? 품격이란 무엇인가 준 것처럼|||나경원|||나경원법사 위나가라|||내란 일년이 지난 지금도 내란은 진행 중이며, 그 내란범은 군짐다 46명 권성동 권용세시켜 내란을 하루 종일 마치지 않으면 나라도 국민도 행복해집니다.|||국력정당 해산 언제 하는 거야|||아, 진짜 국민은 언제 없어지지만 세금은 유감입니다.|||나경원 야나기하라 곽규택에 조용하고|||곽규택은 신속하게 원하십니까?|||팔산 오제키데스|||나경원은 국회에 보낸 모든 사람이 죄인입니다.|||말할 수 없습니다.",0
nz-r-LeWzww,"쿠팡 사태 긴급행동요령… 최민희, 전문가의 대답에 바로!","희대의 악덕 기업임을 계속 전부터 많이 증거해 왔지만, 시민의 무관심이 이러한 피해를 초래한다|||카드를 다른 사이트에서도 사용하려면 카드를 새로 발급해야 합니다.|||나는 탈퇴했다.|||매화불 쇼에도 나온 교수님!|||잊어버렸지만 탈퇴하기는 어렵습니다.|||정경유착으로 급성장한 쿠팡은 없어집니다.|||최민희|||최민희 위원장은 국민을 위해 일하는 사람입니다.",0
OoWMJB1_USw,"김병기 계속 웃었으니 728조 지켰다! …국력 전액 삭감 와루루, 왜?","17년간 변하지 않는 사실 TV를 위해 후원 회원이 되십시오. 정기 스폰서 가입 ARS 1877 0411, 인터넷 애플리케이션 https goo.gl 1OjzfE|||내란전속재판부를 빨리 설치|||내란 전문 재판부의 설치를 빨리 설치한다|||이것은 잘 작동했습니다.|||우리 민주당 의원 여러분, 수고하셨습니다. 내란이 끝날 때까지 최선을 다하십시오. 파이팅입니다.|||잘 작동했습니다.|||무기 최고의 최고의 직업|||민주당의 파이팅입니다.|||사실이라면 많은 일을 했습니다.|||잘 작동합니다 ... 그만하자! 국민을 지켜보고 있습니다.|||지돌코가 이시코라고 민주당의 고양이들이 뭐니 뭐니해도 전부 거부권 행사하자 어제까지만 내란당에서 태어나면 왜 갑자기 태세를 바꾼 것인가. 도대체 무엇을 뒷받침했는가. 내란 재판부 설치. 사법부 개혁 양보 절대가 되지 않는다.|||수프 매달아 이재면 예산 전액 삭감 매달려 허위 사실에 고발하세요!|||좋은|||국력은 단지 주었다.|||수프에 무엇을 주었습니까?|||김병기 의원 고생했습니다.|||가짜 뉴스가 많기 때문에 Omy News나 검증된 장소만 보고 믿어야 합니다.|||맞습니다! 김병기 잘 하고 있다. 응원한다. 국민 중 한 명인 나, 김병기를 응원하는 나. 이런 나를 실망시키지 않기를 바라며 응원한다.|||뒷거래가 있다면 조금 있습니다.|||의석 수의 과반수를 넘어 무엇을 지켰습니까? 그냥 하면 된다. 과반수의 의석 수 전혀 밀어 주었습니까? 흔히 협작을 하려고 손으로 만들어주는데 언제나 흩날리다. 이낙영처럼!|||이상한 내란당이 이렇게 순수하게 합의하는 것이…|||무기야 아들 숭실 대학 입학 부정이나 해명해라 이미 증거까지 전부 나왔다고 사실이라면 그 자리에서 내려와|||요노 합의? 이상한 거래가 아닐까요?|||아, 난... 김병기 원내대표의 의심이 있을 수 있습니다... 가짜뉴스인지 진짜인지...|||김병기가 무엇을 합의했다면 의심에서 도네의 정체를 통해 민주당 내 살아남으려면 오랜 세월이 걸릴 것이다. 그만큼 당신이 잘못입니다.",0
BEdg2s6UxKA,나경원을 얻은 우원식 국회의장...,"17년간 변하지 않는 사실 TV를 위해 후원 회원이 되십시오. 정기 스폰서 가입 ARS 1877 0411, 인터넷 애플리케이션 https goo.gl 1OjzfE|||여러가지 진짜…………그런 것이 정당도…|||마지막 발음|||어리석은|||나는 추잡하고 부끄러운 여자를 수사하고 감사합니다.|||최악의 발음을 하는 나|||내란당을 떠나라.|||국회법을 위반해도 괜찮습니다.|||국력당 의원은 최악의 모습입니다.|||경원아 국회는 당신의 진짜입니다! 한심한 국적당 해체가 대답인 내란당 하루라도 빨리 해체하라 국민의 명령이다|||우 의장 57년 내 의원 63년인데 우 의장님께 제가? 그런데 이것은 싸지 않은 행동이 아닌가? 내 의사는 정말 감방을 보내지 마십시오.|||그리고 .. 완전. 조치 없음.. 무선 마이크라..|||하다다 다를 다하는 나경원 의원님 하락한 인간 나경원 의원님 나쁜 사람|||멀리 몰라… 나경원은 왜?|||조금 적당히 조금 연령도 1~2세가 아니고, 의원을 하지 말아 주세요.|||아이를 보고 부끄러워|||푹신한 당명|||그 내란범의 여성의 면상과 혀의 김을 더 이상 듣고 싶지 않다. 내란특검연장, 내란특별재판부에서 내란에 가담한 자들을 처벌하지 않으면 국민의 역풍을 맞을 것이다.|||나경원팔 국회법 위반|||나경원 처벌해야|||국력 징글 징글하다|||제 동료들은 하루 빨리 처벌을 기원합니다|||에너지는 훌륭합니다. 하루 종일 안안|||모든 법을 모두 잃어버려도 그것을 처벌받아야 한다.|||내란당의 재산을 몰수하고 평생 정치할 수 없게 한다",0
VumUIeWHCNY,나경원도 통일교회에 참여했나요?,언제까지 봐야할까|||나빠지고 싶어 어떻게 하는 건 어디입니까?|||나경원이 최근 사방에 과도하게 나오는 것이 범죄를 숨기려고 하는 것처럼 보였다.|||남편이 판사이니까. 밝혀지지 않았다. 관여한 것이 이것뿐일까?|||박지원은 매우 바쁘게 일하고 있기 때문에 걱정입니다.|||냄비를 넣지 마십시오.,0
ziHmZSX0zo8,역사상 최악의 배신자 윤한헌 윤한헌 배신자,"곳곳에 배신자가 많습니다. 끔찍한.|||한놈 추가|||개가 주인을 때리는 형태입니다.|||윤한헌 제명원ㅡ|||여유분 ㅠ 국력당원 가입 부탁드립니다 ㅠ 그래도 보수당이 해체되게 되었습니다. 무엇보다 이번에 계엄사죄한 사람들을 쫓아내고 심야로 만드는 데 큰 도움이 됩니다 ㅠ 한동훈당 조사도 더 압박해야 합니다 ㅠ 여러분의 영향력을 미쳐주세요... 나도 몰랐지만 이번에 국력사죄하는 의원들 보고 일단 국력으로부터 지켜야 한다고 생각했습니다 ㅠ 감사 내부 램핑 시스템으로 해체되면 일당 시스템으로 바뀌지 않습니다.|||윤한헌을 제명하세요.|||국민의 힘에는 왜 배신자, 반역자들이 송충처럼 끔찍한가? 반역자를 해치고 침착한 나라를 위해 의원끼리를 정리하자.|||배신자는 새싹을 제명해야 한다.|||스스로 쥬데이와 배신의 자유를 선택하는데 무엇을 하는가? 표로 심판한다 그러나… 그러나 사과에는 국개사퇴 정도의 책임은 따라야 할까? 권력미에 배부한 자들의 위선 잔치에 지나지 않는 것.|||사람은 지금까지 바꿀 수 있습니까?|||악한 자들 사이에 붙은 담낭에 붙었다.|||이런 식으로 배신자를 미워해야합니다.|||윤한헌|||한홍은 맛을 낸 ㅎ 잠시 갔다.|||윤한헌을 적극적으로 찍자|||계엄령 2시간 무슨 피해가 있습니까?|||철저한 정상 숲 배.|||진짜 울파톤 터지네요. 윤석 열 대통령은 영웅입니다!|||윤한헌은 간신히 하고 있지만 지금은 사용을 폐기하고 배신자에게 선두에 서 있다.|||윤한헌, 배신자의 기회주의자를 처벌|||진짜 나쁜 샘! 아웃해야합니다|||ㅎ. ㅎ.|||윤한헌|||배신자 윤한헌|||정말 화가",1
rXEc-99jkws,월급이었고 모두 오른데 안정된 편이라고?,"거짓말로 거짓말을 덮는 것 이상의 정권을 어떻게 할 것인가|||깨달음이 없고 무능한 죄명이 무엇을 알고 있습니까?|||입구! 징글 징글|||이재명은 엄청나게 있어. 미디어가 침묵하는 짖는 언론입니다! 프레스가 있습니다만! 이재명은 있지만! 마나!|||사기성이 있는 정치다. 국민을 부드럽게 보고 있다.|||지친|||입을 열면 거짓말이 술.|||김혜경이 장을 직접 보지 못하면 물가가 안정돼 있다.|||주유소로 이동합니다.|||윤석열 정권의 경우 주유소 경유가격이 최하위인 경우 1313원, 현재 경유리터당 최하위인 경우 1.618원이다. 모든 국민들은 상승하는 물가로 고통받|||심지어 통계 조작이 없었는지 검증이 필요합니다.|||ㅎㅎㅎ|||지금도 법입니다.|||국제원유는 13위 내렸지만 자동차 휴발유는 1700~1800원으로 올랐다.|||그것은 죄명입니다. 생각하다|||안정되었다고? 당신을 위해 기업이 폐쇄되고 떠나고 있습니다.|||그놈이 물가 안정을 모른다. 국민세로 흥청망청.|||나라가 이지경이 되어도 국민은. 가만히 있다.|||대파한단 6000원?|||이재명의 거짓말은 할 수 없습니다.|||그가 말하는 것에 반대한다고 생각하면|||태블릿당 리자이밍 Made in China 중국 공산당에|||지금도 정부와 함께 당을 걱정하십시오.|||물세는 한여름보다 1만원 이상|||타카 박사는 항상 응원하고",1
S6229Yr4wAg,"국민의 목소리, 김현지를 밝히다","김현지의 정체를 드러내라.|||김현지 100 특검하라. 이 죄명도 함께 있습니다.|||부정선거에서 선관위 조작으로 사전투표 제거|||김현지 최승실 김현지|||김현지 누구인가??????|||김현지는 정체를 드러내야 한다.|||김현지는 누구야 나와라 감옥에 가자.|||맞아|||밝히다|||한동훈의 군중도 서둘러 처리해야 한다.|||당당하다면 내가 무슨 말을 했는지,|||사전 투표 거부 운동합시다.|||김현지는 누구인가?|||충청남도에서도 김현도 모두 말해주세요.",1
o29wXvxgZp8,"오늘, 이 뉴스는 화가 난 것을 변명으로 폭탄 증언을 부었다.","Gigachan Gigicha.|||지기영은 이 사건의 심각성을 전혀 느끼지 못|||아직도 마음껏 미친 나라이기 때문에 삼심까지 10년이 걸리도록|||오, 판사는 진짜 자격이 없습니다.|||재판관과 재판장의 권위가 떨어진다. 도중에 중재를 전혀 할 수 없다. 판사인가…|||지경영은 판사인가? 내 재판을 웃으면서|||지령 연아는 언제든지 변호사가 인터럽트하는 것은 무엇입니까? 적당히하십시오. 판사의 자격은 없습니다.|||이렇게하기 때문에 내란 재판부를 만들려고하지 않습니다.|||최근 재판관은 변호사의 기분을 맞추면서 재판할 것인가? ㅋㅋㅋㅋㅋㅋㅋ|||지경은 재판을 하는 것이 아니라 사회를 보고 있다! 한심하지!|||판사는. 정의. 판단력과. 엄격함이 따라야 한다는 것을. 시장 잡배도 아니고. 머무는지 변호인 감정 상처를 줄까. 고통|||야이지경 재판관 지금 이를 재판이라고 하는지, 이 욕심도 아쉽다.|||지교영은 진정한 열정으로 통하고|||시장통신이 아니라 변호사들의 수준은 정말 귀찮다… 판사는 용서하지 않은 발언에 구속하지 않고…|||변호사 협회에 전원 항의해야 하는 그러한 것이 변호하도록 활동하는가?|||분명히 중간 판사의 치명적인 약점을 가지고 있음이 분명합니다.|||하...작작해주세요.|||내란재판부가 긴급|||이상상 변호사는 아직 감정적이지 않나요?|||내란동지 지영연 ㅊㅊ|||일주일이라면 끝나는 재판을 몇 달째… 국회에… 헬리콥터.|||이상상 넘버 애피터가 잡고|||내란 전속 재판부 정말로 재작성해야 한다!!!!윤 변호사들 진짜 쓰레기군요! 국민이 모두 지켜보고 있는데 무엇을 하는지!!!!|||아, 조희대 인형|||이것은 재판입니까? 내란 특별 재판부 설치하라!",0
MW_ZwWwVSOA,"연예인 동시 속 줄무늬 .. 어려운 사건을 모아 보면,","아직 이런 연예인 문제를 폭발시켜 국민을 개돈으로 만들려고 할까|||특이한가? 한 번에 모두 폭발합니까? 그것도 관계도 없는 사람들까지 나란히 뜨개질되어 흩어지는 것이.|||물을 타는 것을 그만두고…세계가 바뀌어도 이 방법은 변하지 않네요.|||서둘러서 서둘러요.|||법적 조치는 확실히 하는 미디어가 후배를 두고 죽인 사람이 많다|||왜 갑자기 연예인 3명이 동시에 지옥에 갔는가!? 정치권에서 시선을 돌리려고 폭파했잖아 국민을 단지 어리석게 보고 있다…|||쿠팡입니까? 무엇을 덮기 위해 연예인들을 이용하는가...|||사법 개혁은 긴급합니다. 이것은 할 수 없습니다.|||연예인 사건 모아 한 번에 폭파하는 것은 검찰 특기다. 내란 세력이 똥을 탄다는 이야기다.|||조희대요시 입건목을 돌린다. 법조계는 썩은 방법을 수십년 우려 먹는다. 이 시대 사회악은 법인인 것이 하루 종일 밝혀집니다.|||쿠팡도 덮고 기요도 덮고 연예인이 이웃의 북인가|||디스패치를 ​​깨기|||조희대 입건.|||연예인보다 도덕적이고 양심적이어야 하는 상급 공직자는 계속 재직하는 것 같지만…|||하필초 히데 피의자 입건되는 날, 전날, 전날 동시속으로 폭발한 것은 너무 얇지 않다??????하지만 Jo Jin-woo의 사태는, 그것이 기자가 어떻게 알고 있는가?|||또한 연예인의 살해입니다.|||연예계에 소리가 많이 들리면 뭐야? 일반 대중의 눈을 감추고 싶을 수 있음|||왜 이렇게 한 번에 터졌는지 정말 이상하다.|||기레기들 과거사 탈탈해야 한다!|||조희대, 쿠팡, 지경영, 이상상, 나경원, 내란당을 선택하는 조진은|||미디어는 특종을 노리고 일반인은 문제를 원합니다. 다만, 케비넷에 모은 문제를 본인이 불리할 때마다 흘린다는 것은 문제가 아닌가?|||조희대는 사과했나요? 윤석열은 사과했나? 김기현은 사과했어? 나경원은 사과했어?|||정치인들의 물을 타는 것을 중지합시다.|||대한민국은 여론을 모아 자살시키는 것은 세계 제일|||징벌적 손해배상제 언제 국회를 통과하는지 연예인으로 물을 타기를 기대해 주세요.",0
KBIcVRn97Sg,독도는..타카이치 망언에 이것이 아니다.,"세종 이후 대마도 영유권을 주장|||이것은 나라|||독도는 우리 땅입니다.|||대마초도 여행에 가지 마십시오.|||도발하면 수장을 시켜 버리는 것이 아니라, 쓰시마야말로 우리의 일이다|||쓰시마는 우리 땅인 대한민국에 귀속시켜야 할 역사적으로도 증명되고 있다|||격렬하게 응원합니다! 더 이상 말할 수 없어주세요 !!!!|||독도에서 대응하지 않고 쓰시마는 한국의 땅이라고 주장해야 한다|||쓰시마는 한국의 땅이기 때문에 반환하지 않습니다.|||도쿄가 한국의 땅이라고 가르쳐 줄 때 같네요..|||돌열이 있으면 단호한 대응에 매우 다행이다,,,,|||쓰시마가 분쟁지역이며 독도는 말할 필요가 없다.|||타케이는 알랑가는 모르고, 쓰시마도 한국의 땅이었지?|||일본이 말하는 역사적 사실은 1905년부터 일본이 일본의 땅이라고 선언한 것을 말하는 것과 같으며, 그 시기는 일본의 침략의 시기이다.|||열심히 훔치지 마라.|||이재명 대통령은 대한민국의 희망이며 자랑|||항상 걱정되는 우리. 쓰시마는. 한국의 토지. 그리고. 왜? 그리고. 미국. 토지다 일본 한국은.|||미친|||일본의 웃음 후 후두를 치기 때문에 일본은 적입니다.|||윤석두 아직 그대로 있으면 고이치에게 선물로 독도를 들고 바쳤다.|||일본이 그런 식으로 하면 독도에서 눈에 들어오지 않게 대마도 영유권 주장해야 한다… 솔직히 대마도와 부산이 너무 가까워 전쟁 때 너무 위험하다. 탈환해야 한다|||잠실역 독도 모델을 가져와! !!!!!!!!|||국력당은 아무 말도 하지 않는다.|||일본 도발 망언들이 지금 보면 무기 등 핵 추진 잠수함 등을 가진 명분 쌓아올라 보인다|||나팔 씨 언니?",2
RFkuuGkygSQ,"조세호, 궁극적으로 자주 하차 노출자 또 쓴다.. shorts KBS","문제는 문제로 덮여|||왜 갑자기 연예인 기사가 쏟아졌는지...|||언론도 쓸모없는데 관심을 돌리려고 낭비|||인생은 무엇이든, 조심하면 한방에 무너질수록 떨어지면 끝납니다.|||신경이 쓰이는 무엇을 덮으려고 이렇게 여론을 분산시키는 것인가… 쿠팡인가?|||법적 결과가 나와 2년입니다.|||큰 것을 덮기 위해 유명인 전단지가 많이 있습니다.|||동계는 나라의 계절인가?|||자살하지 마십시오.|||ㅋㅋㅋㅋㅋㅋㅋㅋㅋㅋㅋ|||국민을 얼마나 어리석게 알고 있다. 이런 것을 다시 먹을까… 질린다. 알다|||돌아오지마|||조세호..조진은..|||무엇을 덮으려고 조씨 일가들이 잇달아 폭로하는 것인가?|||무엇이든 지나면 꼭 타고 있습니다. 모두 내 돈과 인맥을 자랑하고 싶지만, 내 성공을 기뻐하는 사람은 가족을 제외하고 있지 않습니다. 지금도 깨달으면 하나님이 도와줍니다.|||초심을 잃은 사람은 아무리 잘해도 훅 가는데, 벼는 익을 만큼 머리를 낮춘다는 말을 새롭게 새깁니다.|||손님의 천명|||범죄자라고 아는 이유로 연애인은 그렇게 하차하는데 범죄를 저지른 국회의원 판사는 왜 자숙하지 않는 거야? 기자는 왜 자신감이 없습니까? 공직자는 왜 자신감이 없습니까?|||어떤 큰 정치인들이 사건 사고가 있기 때문에 연예인 마녀 사냥할지 조희대요시. 쿠팡. 등등 멀리?|||조희대 대법원장 입건에 관해서는 왜 언론이 조용한가? 이상한 연예인은 갑자기 기사가 방대해졌습니까? 직권 남용권리행사방해 및 공직선거법 위반 혐의로 조희대 입견.|||무서워요.|||문제는 문제로 덮여 있습니다! 연예인의 문제는 셀 수 없을 정도로 폭발합니까? 무엇을 덮으려고 하는가?|||쿠팡 내란의 전공 재판을 덮어 버리자 언론.|||노출전은 쿠팡의 연막작전|||정말 너무. 연예인은 이웃의 북? 누가 무서워서 자유롭게 표현하는가? 주변 인물, 과거, 가족사… 매우 무서운.",0
AP2mwMrhAfY,"지기영 노상원 수첩, 이걸 어떻게 해야할까요 현장영상채널 A","대한민국법은 정말 좋네요. 인터넷으로부터 다운로드한 것을 메모로 제출하면 그것을 모두 인정해 준다……법도 정의도 없는 쓰레기 같은 나라.|||특검을 특검해야합니다.|||무리하게 외환 죄를 따라 가려고하지 않기 때문에 바꾸고, 증거는 없기 때문에 병사들 협박하지 않는 사실을 만들어 증언해 주지 않을까 진짜 오는 www|||특검을 특검합시다.|||죄송합니다만, AI는 할 수 없는 메모입니다.|||특검 진술회 유정황 나왔다. 특검해체하고 특검검사들 수사하라.|||특검 아 진짜 wwwwwwwwwwwwwwwwwwwwwwww|||기법이 너무 똑같습니다. 태블릿 pc....메모ㅋㅋㅋㅋㅋㅋㅋㅋㅋㅋㅋㅋㅋㅋㅋㅋ|||인터넷의 예를 증거로 돌출, 탄핵 때도|||내란재판부를 밀어내기 전에 빨리 선고하십시오.|||회유한 특검 구속!!|||쌍특검 필요 특검을 특검해야 한다|||손가락 연판사님도 그 수첩짱이 없으니까 웃는거야www 조작. 회유.|||국가보안법 폐지 반대!!!!!!|||왜 모두 내란 몰이 공작질인지 알면서!!!! 우리의 용기를 내자 자유 자유 대한민국을 보호|||거짓, 회유로 불법 수사한 조은석 내란 특검을 특검하라!|||홍창원이 인터넷에서 다운로드했다는 메모 1 메모 2도 증거?|||특검을 특검하라|||지기영|||지경 판사 감사합니다 응원합니다.|||특검 회유 특검해라|||그 메모를 가지고 2심 3심 4심 내란 특별재판부에 가져가 어용판사 인수하고 검찰소설에서 일반이적죄 및 내란으로 징역 때린다? 진짜 나라가 망쳐졌다|||貴貴研 재판장님 신중하고 정의적으로 판단해 주세요|||특검을 특검하라!!!!!!!!!!!!!!!!!|||가수증, 특신 상태가 명확하지 않으면 증거로 사용할 수 없다 형사법 증거 파트에서 수천 수만의 판례가 말하고 있다",1
Htx52tkVbV8,왜 당신은 사법부의 위기인가?,"위기인지 모르는 때가 정말 위기입니다.|||법적으로 했는데 이런 느낌입니까?|||법적으로 하지 않기 때문에 사법부가 위기입니다.|||이영현… 대한민국 전체가 위기입니다.|||법적으로 가지 않기 때문에 문제|||법원이 법적으로 하면 일반인이 1심 재판 2 3년 당길 수 있을까? ㅋㅋㅋ 이렇게 오래? 그리고 대통령 탄핵 때 cctv도 보지 못한 탄핵 때리기? 그리고 현 대법원장이 입건된데 위기가 아닌가? 제발.|||모두 사법부는 위기이지만 나만이 아니다.|||아니, 스바루 위기의 조히데가 지어졌습니다. 대법원장이 고발당했는데 위기가 아닌가?|||헌정사상 최고대법관이 입건됐지만, 이래도 위기가 아니면 대체 언제가 위기인 www|||위기가 왔지만 진짜 위기라고는 모르는 때가 진짜 위기다.|||CCTV에서 국정회가 남긴 것도 보이지 않았다는 정원에 ㅋㅋㅋㅋㅋㅋㅋㅋㅋ|||대법원장이 입건되는 것은 대한민국 수립 이후 처음인데 사법부 위기가 아니라는 것은 정말 윤 대통령의 안전위생이 걱정된다.|||지경영 믿지 않는다. 하|||부분적으로 그렇게 말하고 싶어..|||지경 당신은 법적으로 해주세요. 권력에 휘두르는 판사들이 둔합니다만, 지금 무슨 말을 하고 있습니다. 법원을 믿지 않으면|||법적으로 하면 원래 선관위에서 제대로 검증했을까요?|||대법원의 재정도 아닌 정치 판사를 앉히고 사법부가 정상으로 돌아간다고 믿는 것은 말도 안된다.|||부정선거에 사법부가 책임이 없다, 할 수 없다…|||법률대로라면 재판 이함은 왜 국민 위에 군림하고 있습니까? 다른 곳에 있을 필요가 없습니까?|||현재 한국사법성과 삼권분립이 위기임을 모르면…|||판사가 법적으로하지 않으면 힘들다.|||대한민국이 위기다.|||왜… 검사원이 나가는 것을 보고… 재판장이 나온다… 그렇게 하는거야... 처음 봐.|||법적으로 하자!!!!|||지규영 너도 세울 수 있어",0
tSv5-pagw0A,문제를 켜서 이재명 정부 통일교의 충돌이 시작되는가? 오늘 추가 폭으로 나오나요? 채널 A,"민주당은 다양한 관계를 가지고 있습니다.|||이재명 대통령은. 실제로 보고를 받은 것은 도대체 어디까지 관련되어 있는가? 특검은 이런 때입니다. 김현지|||kbs mbc jtbs sbs 각 방송국이 제대로 보도를 해주세요.|||완벽 미친 가기|||딜이 있었다.|||통일교에서 민주당 돈을 받은 것을 특검정보 제공해도 수사하지 않는다? 어디까지 부끄러울 수 있니?|||MBC JTBC 조용한 일을하지 않습니다.|||민주당, 특별 검찰관.|||살해당한 일이 일어나고 있는|||종교의 자유까지 억압하고 중공인에게 한국파는 정권|||중공당 해산에서 처음으로|||이명면은 통일교를 이길 수 없다… … 왜냐하면 업보가 많기 때문이다,,,,|||나는 돌아갈거야.|||민주장도 해산해야 할 공평하게.",1
J-pLqV59M7I,"지규영 노상원 메모, 어떻게 해야 하나요? 티조Clip shorts","얼마나 말이 없다고 말하는 동안 웃음이 나오는가?|||가짜 메모라고 판단해서는 안된다.|||메모가 불법이라고 탄핵도 불법이 되는 것이 아니라 불법 메모 증거에 의해 탄핵이 되었지만, 그것은 분명히 밝혀야 할 문제다|||한층 더 다운로드된 메모가 인터넷에 올라온 적은 없지만, 홍장원이 헌법으로 쓴 후에 생성된 것처럼 보인다고 한다.|||그래서 지렁이는 증거가 되지만 헌법재판소는 인정했다.|||아, 지렁이가 받았네요.|||지귀연 판사 진실한 후부 통치 없이 법률로 판결하십시오. 누가 봐도 윤석열 대통령은 무죄다.|||홍창원이 인터넷에서 다운로드했다고 거짓 증거로 밝혀진 듯한 성격의 메모인가|||진정한 기쁨을 선사하는 코미디 재판.|||메모가 별로 없어서 판사님의 웃음이 나오네요.|||메모는 홍장원이 만든 메모가 아닌 보좌관이 나와 진술하지 않으면 진정성립 여부 싸울 수 있다.|||판사, 정의, 응원합니다.|||가짜 메모|||아..무슨 짓을 하는지|||아니요, 이것은 메모로 정의할 수 없는 예술품입니다.|||판사는 법과 양심적으로 살아야 한다!|||제발. 범죄자에게는 타협이 없습니다. 절대로.|||지경재판관 지금 재판이 잘못되면 나라가 공산주의로 가서 재판을 잘 해|||특검으로 이미 노상원 자신이 작성했다고 했다.|||판사는 한국의 마지막 그릇입니다.|||지귀 연법을 지키는 올바른 판사 파이팅 국가를 지켜 주셔서 감사합니다 많은 국민들이 함께합니다 파이팅!|||지경 애국 판사 파이팅! 3권 분립 자유 민주주의 입법 사법 행정 모두 독립 기관입니다! 싸우고 이길 수 없습니다.|||홍창원 증언증거는 불충분하며 탄핵판결 다시 해야 한다.|||지경 판사 이나라를 살려주세요.|||문상호 증인",1
DApEbmnTDXE,신통방송 통일교민주당 인사간 정교유착 의혹 확산 녹음 파일에 정진상 언급,"특검해야 할|||이재멘이 통일교의 해산을 언급한 이유가 이것입니다.|||정진상이라면 이재명입니다.|||찌르고 굉장히 해산 둔해졌지만…|||실수로 턴한 케이스입니다...|||빨리 처벌하다|||사악한 악질범은 자신의 죄를 다른 사람에게 뒤집는 데 전문|||확실히 조사해야 한다.|||통일교회를 없애려는 이유가 있었습니다.|||이 진정으로 부도덕한 정치인은 모두 처벌하고 정의한 사람을 선택합시다.|||똑바르고 명확한 전달력, 역시 1타 강사 김효은님. 싸움|||아……퍼즐이 맞기 때문에, 그랬습니다.|||리자이밍이 참여하지 않는 곳은 도대체입니까?|||나라가 뒤집히는 사고가 일어났다…대규모 파장이 예상된다…|||현 정권 실세에 금품을 주었다고 허위 증언할 수 있는 미친 사람은 없다|||특검은 민주당의 방패를 완수하는가? 민주당 하청 특검이라는 말이 사실이네요.|||이 기회에 헤더에서 쫓아 모든 것을 날려.|||이재명이 직접 통일교에 연락했는데 이는 매우 심각한 사안이다. 통일교회의 문이 맞다고 생각한다.|||민주당 의원 특검|||언제 다른 나라로 도망 갈까..|||정진상이라면 이죄명도 관여하고 있는 것이다. 특검은 진술이 나왔는데 민주당 수사도 하지 않는다.|||이 시점에서 해명은. 필요하지 않습니다. 해산은. 필요하십니까?|||정재수도 깨끗한 척하고 있습니다.|||남남불당 선택 특검|||재밌는 재능은 거짓말만 ​​한다.",1
xE3u9uH7yyE,핫라인 인사 개입 의혹 김현지,"경찰은 무엇을 하는지, 그러한 명확한 증거가 있지만, 곧 국정농단 김현지 김남국 체포 구속 수사|||김현지 특별검찰 관민주당 해체|||현지문을 신속하게 특검과 국정조사|||김현지 대통령의 이죄명을 처벌하십시오.|||우리나라 와일리 시끄러운|||한국 김현지 대통령 자리를 남겨주세요.|||지역은 도대체 무엇을 실체를 밝히는|||언니는 카미오입니다.|||나는 형제의 언니라고 말하며,|||민주당 정권 김현지에서 멸망한다는 생각은 나뿐인가?|||진치 실세 김현지의 대체 정체는 무엇인가?|||나는 남국이 동전 비서로 채택했습니다.|||김현지는 대통령입니다.|||민주당의 진짜 대통령은 현지|||현지 언니도 나를 취직|||아, 인간|||김현지는 대통령이었어? 이재명의 국정농단을 특검하라|||대한민국 대통령 김현지|||자다|||국정농단은 옳고 국민은 선택하지 않았지만 국가는 김현지가 대통령이|||헌지의 실체는 정말로 궁정입니다.",1
CyXb2RDuxfM,사법부가 전면전을 선언했다! 정식 버전,"본지욱 기자님은 탐사보도 종료판왕이라고 생각합니다. 대장동 사건, 연어주 파티 사건 듣고 듣고도 화가납니다. 취재 레벨도 매우 놀랍습니다. 개인적으로 기자 중 최고입니다.|||국민은 사법부와 싸울 준비가 되어 있다. 법사위는 그대로 밀어내길 바란다.|||상식적이지 않은 사법성이 상식적인 국민을 옹호|||민주당은 힘들지만 제발 힘을 모으십시오. 내란의 척도가 최우선입니다. 국민은 준비되어 있습니다.|||이제 한국의 교육에 대해 되돌아보아야 한다. 직업 윤리에 관한 교육 역사에 관한 교육 어떻게 중요한 문제인가?|||변모를 믿지 마십시오. 이하의 징계를 6개월 검토한다. 6개월 후에 누가 기억하나요?|||이번 회에 대법원과 대법원장을 국민투표로 선택합시다. 그러면 위헌이 아닐 것입니다.|||최욱씨, 본지욱 기자의 검찰조작이 밝혀질 때까지 지치지 마세요.|||김규현 변호사는 매우 멋지다. 응원합니다!!!!|||내란재판은 100개 공개재판으로 해야 한다!|||악은 정직합니다. 지쳐서는 안됩니다 최욱씨, 일주일도 고생했습니다.|||최욱씨의 주말에 몸에 좋은 음식과 적당한 운동|||일대길 차기 노리나바 ㅎㅎㅎㅎ|||조희대 특검하라 사퇴하라|||1주일 하루도 최욱을 보지 못한 날이 없어요?|||본지욱 기자는 언제나 응원|||안미현 로스쿨이야. 로스쿨 학생들이 실습을 위해 안미현을 집단에서 형사고발하고 민사에서도 집단소송해 보길 바란다. 매우 생생한 연습이 되지 않습니까?|||사법이 지금 위헌심판을 신청한다는 것은 엄숙을 두는 것입니다.|||서울시에 2시간째가 있었지만, 돌아오는 길에 6.25시 소란은 큰 소란이 아니었다.|||사법개혁은 반드시 필요|||사법개혁은 반드시 해야 합니다.|||조희대와 사법성은 윤석열을 지킬 뿐만 아니라 국민과 싸운다는 것이다.|||한고비 한고비 쓰러뜨리는 것은 힘들었다… 대한민국 국민은 악의 거인을 쓰러뜨렸다…|||사법성의 개혁과 언론은 판매말 쇼를 대신해 최욱님께 감사드립니다.|||안미현이 업무방해죄로 고발해야 하는가? 재시험에 들어가는 비용은 모두 손해배상처리되며,",0
K6Kjzdl4t_0,우상호가 전하는 내란전속재판부에 대한 대통령의 생각! 나는 수박이라고? 정식 버전,"저는 조토구 주민입니다. 구청은 지역 주민들의 생활 기반 지원을 매우 잘합니다! 초등학교 저학년을 집에서 학교까지 동행하는 도보 스쿨버스는 걷는 엄마들에게 정말 좋습니다! 운동화를 신고 조토구 구석구석을 돌아다니며 주민들에게 인기를 끌며 많은 환대를 받고 있다.|||성동 구민으로서 정원 고구장장 덕분에 많이 보았습니다. 더 많은 시민들이 그 미덕을 볼 수 있다고 생각합니다!|||행정은 이야기가 어렵지만 재미 있습니다.|||29 49 와성동구 청장씨 타타봉! 종로구 배달 라이더인데 항상 카페에서 인천 측의 기상 상황을 확인합니다. 인천에 눈이 내리면 1.5 2시간 후 서울에 올 가능성 90 이상|||이준석은 어린 윤석열이지만 그걸 모르는 건 어리석은 일이다.|||역사교육과 도덕교육을 강화해야 합니다. 이명박대에는 국정원과 공무원들을 동원하여 일백규만의 역사교육을 약화시켰다. 역사교육 특히 뿌리깊은 대사를 강화하는 것이 답이다.|||정원호 성동구 사무소...|||선김! 오늘의 내용이 좋았다! 센스 싸움 역사 감사합니다!|||조진은 배우 관련 이야기를 듣고 느낀 점은 박구영 교수님이 이 사안을 원칙과 구조 차원에서 바라보며 최욱 앵커님은 지금 이 사건이 소비되는 방법과 현실적인 감정에 집중하고 있는 것 같았습니다. 둘 다 합리적인 관점이었지만 다른 질문에 대답하는 대화처럼 들렸습니다. 그러니까, 오히려 더 생각할 여지를 남긴 논의였다고 생각합니다. 오늘도 밀집한 방송이 잘 들렸습니다. 감사합니다.|||박구영 교수는 함정에 빠진 것 같다. 다른 사람은 없는데 이명박 세대는 그만큼 크다. 15년 전, 대학생이었을 때 저는 과외 활동을 했습니다. 중학교 친구들과 함께 수업을 들었는데, 그 친구들의 부모님이 모두 내 친구였어요. 그때 제가 슈퍼레이스에 들어갔을 때 다들 일베 같은 커뮤니티를 하고 있었어요. 그 중 한 분이 광주민주화운동은 조작이었다고 웃으며 말했을 때 가슴이 아팠습니다. 나는 그것을 어디서 봤는지 궁금해서 입을 다물었다. 그 친구는 착하고 투명한 아이였어요. 그 아이들은 그냥 잘라버렸어요. 그게 다야. 이래서 나는 이명박을 절대 용서할 수 없다.|||쿠팡나락 감지했는지 연예인 뉴스로 시선 돌려 조희대 입건으로 물을 타는 하나보다 언론, 진실을 쓰고 말해주세요. 왜 레거시 미디어는 혼자 조용한가!!!!|||성동구 정원구 시청사 서울시장은 반드시 해야 한다|||죄송합니다.|||정원 O 서울시장을 보고 싶어요!|||정원구청 안경을 바꿨다|||10대 20대 극우화 원인의 90%는 게임 체널 이 분야에서는 황희두님의 말이 가장 설득력 있다고 생각한다. 젊은이들의 극우화를 목적으로 정권 차원에서 오랜 세월에 걸쳐 조직적으로 게임 채널 등을 통해 여론 작업.|||맞습니다. 눈에는 열선이 최고입니다. 그 생각을 했습니다. 구청의 열심이군요.|||다른 구청은 열선의 부지 예산에…|||믿고 보는 매화불 쇼|||오늘 들으면서 우리는 정말 행복한 국가 시민이라고 생각했습니다. 방글라데시의 민주화 시위에 참여한 시민들은 1400명이 사살되는 동안 국제적인 문제도 받지 못했다는 사실에 눈물이 나왔다. 이 눈물도 4.19, 5.18, 6월 항쟁의 시민들에게 얻은 빚으로 흘릴 것이다는 생각도 듣습니다. 강의 감사합니다. ㅣ 연간 지지부진한 재판과 처벌에 기운이 계속 빠졌지만 이 이야기를 듣고 우리도 더 노력해 봅니다. 다시 전두환을 용서해 주는 역사는 반복하지 말아 주세요.|||김은혜 부동산을 살펴보세요.|||현대 역사교육을 강화해야|||저는 종로구의 구민이며 아침에 출근할 때 종로구 중구 강남구처럼 지나가는 것은 정말로 죽는 맛입니다.|||최욱 최고입니다.|||오늘의 뉴스도 매우 좋다고 생각합니다.",0
smZ4iQkqzOg,계엄의 연결을 발견했다! 임은정의 설명이 필요합니다.,"최욱씨 오늘은 감탄했습니다. 작은 부분을 놓치지 않고 지적했습니다. 수면은 언제 잠을 자는지 궁금해질 때까지 자고 있습니다. ㅎㅎ|||조희대 지구 이종재 내 난판사는 곧 체포되어야 한다...|||누가 떠나도 우쿠이가 최고다. 우쿠아 정말 고마워, 너 때문에 항상 열심히 살아|||내란 종결의 길은 멀리도 험하다. 모두 지치지 않고 끝까지 잘 마무리합시다. 역사의 큰 갈림길이다.|||역시 신뢰받는 언론인 최욱 님의 날카로운 대리석 쇼를 능가하는 미디어는 없다!|||조희대 귀연은 반드시 처벌해야 합니다.|||부패한 사법부의 내부 통제 시스템|||판사들의 특권 의식 때문에 자신들의 판결은 무모한 성역이어야 한다는 신기한 망상을 가지고 있기 때문에 법왜곡죄에 반대하는 것입니다. 원하는 심리를 듣는 행위라고 봐야 합니다.|||매 부처 쇼를 만들어 주시는 여러분, 감사합니다.|||여기에 남미 시차가 있는데 지금 12만 찍었지요. 그러나 오늘은 매우 중요한 진실을 드러내서 정말 좋았습니다.|||백해룡경정팀 수사 결과를 기대한다. 수사를 방해하지 말고 영장이나 곧바로 내주세요.|||가라테 처장 이렇게 하면 없어서 새로운 기관을 만들지 않으면… 가라테 처장도 그대로 있어…|||매 부처 쇼 최고입니다 언제나 응원합니다.|||최욱씨 정말 검판관은 무법천이군요. 기다려주세요.|||마약 수사는 확실히 특검에 가야 한다.|||내란에 대해 정리가 딱 맞네요. 알면 알수록 무서운 세계에서 악마가 실존한다는 생각이 드네요. 마약 수사도 확실히 들여다보고 이곳 나라가 제대로 서있을 수 있다고 생각합니다.|||얼마나 떨리는지 내란에 살인 미수였던 인간들을 그냥 두어 두면 정상이 아니야 검사 재판관 정신 조금 받으라 기생 언론도!|||국가와 국민의 미래가 걸린 마약 문제입니다만, 단지 통과할 수 없습니다 반드시 특검 가야 합니다!|||조희대지경영은 반드시! 처벌해야합니다!|||사법부 판사 수사나 마약 수사나… 유감이라는 표현에서는 부족합니다. 꼭 진실을 밝혀주세요.|||장마 쪽이, 왠지 영화보다 재미있다!|||개헌 연임|||주경호 20억 뇌물수수 의혹|||약물 사건은 결코 이렇게 이야기를 넘어서는 안됩니다! 반드시 그 상위 헤더를 밝혀야 합니다!|||마약 수사의 끝까지 다루십시오!",0
51vhxEQow6c,폭설에 화장실도 못했어... 오세훈은?,"한강버스 예산을 사용해 눈치채는 제설차를 할 수 없는 것이 아닌가.|||누군가를 원한으로 한 유권자가 문제입니다.|||눈도 물이... 물에 진심으로 오세이돈|||공무원들도 하고 있어 급료 타행은 부끄러움을 그만두고, 그리고 공무원 책임 제립법화해 징벌 책임을 시켜야 한다|||오세훈을 찍은 사람은 한강버스를 타고...|||성동구청 서울시장이 나오길 바란다. 정말 정말 좋습니다.|||이번은 서울 시민 여러분의 시장을 잘 하는 분으로 잘 알겠습니다.|||맞아도 싸고 이미 찍습니다.|||서울 사람들은 자신의 돈만 지키면 돼서|||오세훈은 바쁠 것이다.|||도대체 서울시민은 국력이 무엇을 하고 있는지 찍는다|||5살 훈이 서울에서 끝났다.|||오세훈이니까! 이럴 때 타고 한강버스 만들지 않았나. 그냥 생명을 선착장에 맡기고 타라|||따뜻하게 베트남에서 온천에 마사지되었습니다!|||아, 세훈은 따뜻한 베트남에|||서울을 보는 사람들을 보는 눈을 키우자|||현명한 척하는 서울 시민이 선택한 시장이다.|||관심이 없는데 한강에 배는 왜? 점점 폭설, 폭우 증가하기 위해 여기에 대비해야 한다. 머리 속에 신경이 쓰인다|||동남아시아 여행을 갔다가...|||부산 대구욕할 일도 없네|||투표하십시오.|||185세의 푸니는 쌀국수를 먹으러 놀러갔다.|||빨리 한강버스에 가야 합니다.|||시장이 서울에 없으면 제설 작업조차 안 된다는 게 시스템 작동이 잘 혼란인지 뭐하고 돌고 있는지 한강버스같은데 동고지골구 시민이 필요해서 원할 때 조금 해봐|||해외에서 놀고 있다…",0
GLxKSy59Gn4,"국회의원 사퇴 요인, 잊을 수 없는 말","진정한 놈들은 균일하게 지쳐 있다!|||자신만의 파티. 사라진다.|||이중국적자의 이민도 미국에 간첩한 것이 아닌지 철저히 조사해야 한다. 또 탈북자 국회의원도 철저한 수사가 필요하다.|||선대의 선행을 하지 않는 사람|||통일교회가 되어 지발이 내려 달리는 것은 아닐까. 은퇴해도 책임을 지는 것은 책임을 져야 한다.|||선친의 명예를 무시해버리는데 혀!!!!!!!!! 돈과 기득권의 카르텔원|||아버지의 훌륭한 업적에 스스로 침을 뱉은 분인데, 이포…극우라니…|||점차 탈출 시작입니다.|||빵빵에|||정말 이해하지 못한 사람 중 한 명|||뭐하고 있니?|||머리가 완전히 부러졌습니다.|||도망칠까?|||뭐야 ㅎㅎ 김근희는|||대답하지 않는다. 그만하자.|||이자를 찍어준 지역구를 반성하고 다시 이런 자가 국회에 나오지 않도록 해야 한다",0
BtmDYY8osmA,"김현중의 겸손은 어려운 뉴스공장 2025년 12월 2일 화요일 김용민, 김완, 오혁진, 김승원,","쿠팡이 능동적으로 해결해주지 않는다.|||사법부가 눈치채지 못할 정도로 사법부 개선법을 발의하십시오. 정당하지 않은 조희대 대법원장의 힘을 모두 빼십시오.|||대통령이 내란세력이라도 국가범죄자들은 ​​상속인까지 철저히 취해야 했으므로 제대로 처벌되는 것 같습니다.|||박정찬 단장 나오고 침투부에서 궤도양 발사 중계 때도 들리지 않는 긴박한 내용을 듣기 때문에 더 고생하고 있는 것 같네요 항우연 파이팅|||지방선거의 역풍운운이 아니라 내란의 동조세력 남기지 않고 형사처벌해야 한다.|||무장한 병사들이 급박중에도 눈이 다칠까 생각하고 목을 노렸다는 배려와… 친근하다. 철저히 조사하고 적절한 처벌을|||모든 법적 조항에는 취지를 함께 붙이지 않으면 법왜곡이 없다고 보고 있습니다.|||내란과 법왜곡죄는 사면이 없는 처벌로 다스려야 합니다. 이러한 법이 없으면 법으로 만들어 확정해 주십시오. 굳이 이런 불법은 생각하는 것도 힘들어야 합니다.|||주식 아기를 운전하고 혼자 편집|||검찰청 폐지지도 78년 만에 완성사법부적폐청산은 훨씬 어려워서 힘들겠지요|||공장장은 과학 관련 인터뷰 시 빛나는 누구보다 젤 재미|||계엄해제 직후 조희대가 누구로부터 전화로 지시를 받았는지 즉시 알아야 ㅜㅜ|||총구를 막은 것이 군용물의 탈취다. 그 변호사를 내란의 가담자의 입장에 두어 보면 올바른 말이다. 즉, 그 변호사도 내란 관련법으로 처벌해야 한다.|||정말 꽉 방송|||계속 숨길 뿐인 그 사악한 조희대를 지금 잡아 엄중히 수사하고 처벌을 해야 한다.|||짱짱을 봐야 해|||역사를 잊은 자에게는 그 역사가 반복되는 형벌에 처한다.|||김용민 의원이 있어 얼마나 다행인지 모르겠다.|||김영민 의원, 폰링! 일은 정말 잘 정장을 입고 입법 검투사!|||공장장 우주 분야에 인터뷰할 때는 매우 빛나고 있습니다.|||알차다, 알차! 바쁜 출근시간을 나누고 놓칠 부분이 있으면 뒤로 돌려 다시 한 번 듣고 있는 것이 하나도 모른다. 나의 인생의 생산성을 높이는, 민주 진영 천년 고목, 겸공|||재고 가방의 좋은 아이템입니다. 잘 보고 있습니다.|||겸공 마스코트 최서영 pd 파이팅!|||내란을 철저히 단죄할 수 없었던 페루는 수많은 국민의 피해로 돌아왔다. 우리는 잊지 마세요! 철저히 단죄할 수 없었던 과거 군사 쿠데타가 지금의 12.3 내란으로 돌아온 것이다. 사법부는 철저히 수사하고 철저하게 단죄하라! 내란 전문 재판부 설치가 긴급|||눈이 수상할까 하고 총구의 라이트를 목에 비추었다고… 법정에서 변호사가 대변한다… 이상하고 비이성적인 무리가 과연 평범한 것인가? 정말 무서운 세계에 살고 있는 것이다. 조심해야 하는 국민은… 아직 내란중이다… 언제까지 지켜봐야 할 것인가…",0
sYqT6FQjAbg,정준이의 논 12.3 내란 1년 함께 울고 웃은 우리친구,"오늘도 좋았습니다. 나는 실제로 판매 쇼를 위해 노력했다. 탄핵안이 불발이 되었을 때, 주말에는 왜 매화불 쇼하지 않을까 생각했고, 그럴 때, 매화불 쇼가 특별 방송으로 유시민 작가를 모으면 목소리를 들었습니다. 저의 신경안정제이며, 우리 사회에 그래도 나와 같은 생각을 하는 사람, 내가 생각한 것을 대신 전해 주는 방송이 있어서 다행이라고 생각했습니다. 오늘 방송을 해주셔서 감사합니다. 미디어 학자로서 잊고 보낼 수 있는 미디어나 미디어에 대해 감사합니다.|||뉴스공장과 매불불쇼와 함께한 지난 1년은 화가 나서 위로받고 사기당하고 걱정받고 안심하는 시간이었습니다. 아직 끝나지 않은 내란에 시달리는 상황이지만, 최선을 다하고 끝까지 함께하고 싶습니다. 감사합니다.|||정주니 교수, 애정 넘치는 눈으로 우쿠이를 봐주세요.|||김오준, 최욱이 없었다면 내란 후 상황은 지금과 비교할 수 없을 정도로 혼란스러웠던 것. 매우 감사하는 두 명의 거인|||최욱을 보러 왔어요.. 특이한 영상입니다.|||최욱을 보러 온다.|||지난 1년의 매화불 쇼와 겸공을 위해 견뎌냈습니다. 감사합니다. 두 미디어는 모두 경쟁 관계이거나 상호 배타적 관계가 아닙니다. 분명히 공통 분모도 있지만, 각각의 역할과 색상이 있습니다. 우리는 지금 아무것도 만족할 수 없습니다. 오늘의 방송은 정말 좋았습니다. 겸공, 매화불 쇼 영원히!|||아침에는 추공, 점심에는 매화불 쇼, 저녁에는 남천동이 3개의 방송 때문에 1년을 견딜 수 있었습니다 여러분 감사합니다 앞으로도 잘 부탁드립니다!|||내란전에는 정치에 1번 관심이 없었던 1명입니다. 지난 1년간 겸공과 매화불 쇼를 듣고 정치 저관여층에서 좀 더 걸어서 놓아 주셔서 감사합니다.|||예전에는 김오준 혼자 장판파 장비처럼 모든 적을 상대로 하면 지금은 최욱이 조재룡이 되어 옆에 있는 느낌이다. 매우 강하고 힘이 됩니다.|||정말 체욱 덕분에 1년 잘 열심히 했습니다! 우리의 영원한 광대, 감사합니다|||맞습니다. 정말 계엄 후 1년을 오전에는 진공, 오후에는 매화불 쇼를 듣고 보면서 위로받고 견뎌냈습니다. 정말 고마워요.|||뉴스공장, 매화불쇼, 사장 남천동, 2024 1203이 없으면 힘든 나를 보여줬다! 옆에있어 주셔서 감사합니다.|||지난 한 해 동안 마블 쇼는 매우 귀중했습니다. 좋았어|||문클입니다 용기가 있고 부드러운 사람들이 있기 때문에 우리의 미래는 실패하지 않는다는 말|||겸손, 매불 쇼가 일반 TV 뉴스 원전 끊어졌습니다. 최고의 방송인입니다.|||겸공과 최욱의 협업은 행복하고 응원|||최욱은 세상이 쾌적해지면 다시 돌아와 사람들을 열심히 웃어준다고 생각합니다.|||추공과 매화 부처 쇼 유시민 작가 덕분에 내란을 견디어 주셔서 감사합니다.|||욱이현 나와서 정말 좋았어요 나의 개인적인 소원이 있으면 겸공과 매불쇼 서로가 서로 의지가 되기를 바라며 노무현 재단에서 유시민 작가님 김오준 공장장 그리고 욱이현 기다려|||최욱씨! 매일 매일 즐겁게 매불 쇼 시청하고 있습니다. 1시 59분이 되면 다른 채널보다 품절 쇼에 들어가서 좋아요에서 눌러 시청합니다. 즐겁고 매우 간단하게 설명하고 이해하는 데 딱 맞습니다. 코멘트에 너무 스트레스를주지 말고 앞으로도 열심히 방송해 주세요. 최욱은 매우 사랑합니다.|||최욱 좋아. 함께 최선을 다해 주셔서 감사합니다.|||김오준은 아버지의 감상 최욱은 어머니의 감정을 내렸을 때 후달달데가 떨려도 떨리지 않는 척 해주는 총수덕에 확연히 할 수 있었고, 함께 떨려주며 쓴 쓰러져 멘탈처럼 나온 최욱덕에 많은 것. 정말 그 순간에 하루하루의 희망이 보이지 않았던 순간에도, 그 두 사람이 우리쪽이라는 생각에 결국 우리가 이긴다는 생각이 나를 안심시켰다. 매우 감사합니다.|||최욱과 겸공의 협업!!! 행복했다!! 최욱 피곤한데 12.3 선물처럼 겸공 스튜디오에 나타나서 정말 고마워요! 오준 총수도 매불 쇼 한 번 나가자! 최욱 좋았어!!!!!!!|||뉴스공장과 마블쇼는 우리를 살린 방송이 정말 이 시간을 넘는 것 같다.",0
dEBjgllE4dg,속보 통일 교회 금품 의혹 정동영 입장 밝히기,"손을 잡고 무기 징역해야합니다.|||종교이든 야생이라도 불법적이고 의도적 인 녀석은 모든 재산을 몰수하고 사형으로 만들어야합니다.|||돈으로 환장했습니다.|||통일교. 문제 있는 민주당도 모두 특검을.|||이 사람들은 우선 사실 무근으로 부인으로부터 하고, 다음은 직장을 거절하고, 다음에 빼앗긴다. 이런 건 김현지, 장경태는 관심에서…|||나이 70 이후, 무엇이 장관이라고 타락한 정부|||나로부터 법을 지키다|||속아요!|||오리발 작전 개시|||민주당이 통일교회와 연예인들 사이에서 김현지와 장경태가 슬퍼졌다.",2
xA4D-9jlmVo,누가 마음대로 법정 공휴일에? 매우 방해하는 극좌 정권,"인터넷TV 신규 가입 시 최대 48 휴대통신사 변경 시 최대 30 정수기 대여 시 최대 30 합계 108만원 특전! 혜택이 제3자보다 적으면 차액 150 보증 https abit.ly 89klwr|||당연합니다. 많이 쉬면. 나라가 엉망입니다.|||대장동 주민의 천문학적 돈을 착취한 대장동의 동체처벌의 날을 법정 공휴일로 만드십시오.|||절대 안 돼|||탄핵만이 대답이다!|||범죄자는 이 죄명을 구속조사하고 빨리 인출해야 한다.|||민주당 해체 기념일로 하면 된다|||계몽 축제의 태극권 계명의 날에 ...|||마음대로 나라|||범죄자를 빨리 쫓아내야 하는 정상세계가 온다|||전혀 미쳐 돌아가다니 미친 나라|||미쳐서 돌아갈거야, 엄청 날이 조금 남았어.|||알리는 마음대로 무엇이든 할 아침 폭정치.|||잡범이 대통령이 되었기 때문에 하고 싶은 대로 한다는 잡범이군요! 현재는 왕입니다! 개 딸이 너무 많아서 웃음! 그 잡범 국민은 수갑을 걸고 감옥에 가고 싶다!|||돈입니다.|||빨리 탄핵하자|||대장동의 몸통 핵은 언제입니까?|||법정 공휴일로 결정하십시오. 태극기를 들고 있는 광화문 집회점|||아니, 국회도 그렇고, 이 정부의 참모들은 무엇을 말하고 있는지 말해야 합니다. 국민은 안에도 없습니다.|||여러가지.|||혼란스럽게 외치는 것은 누구였습니까?|||516 이 법정 공휴일이 되어야 한다.|||6 25일 법정 공휴일 할 필요가 없는지 정직하게 말하고, 7 27일 정전 협력일 법정 공휴일을 해야 합니까?|||박상규시 평론가는 올바른 말입니다.|||누가 내가 법정 공휴일을 하려고 하는지 살고 있는 나라는 못을 만든다.",1
GCZNwokzqDc,"권승표 뉴스하이킥 국력 윤한헌의 똥 개가 비판 직격 최현진 기자, 이정은, 김영민, 박지훈, 이상민, 거의 없다","국민은 목숨을 걸고 막았지만 조희대 사법부는 빠듯하고 충성을 다한 것이 사실이다.|||장성철은. 비평가. 사표해야 한다… 그래. 감각. 무리.|||바닥 때 본 모습이군요.|||장성철을 먹고 살면 사랑한다|||장성철은 이기주의자가 잘못한 반면,|||장성철은 x파일로 홀델을 받지 말아야 할 인간이다.|||신인규 변호사는 좋다.|||송철이 논리는 판사가 윤석열의 무죄를 주어도 무슨 문제일까?|||장성철이 놀고 있는 것은 이준석과 같다.|||신인규님처럼. 유지 보수 패널이 있으면 좋다|||한 게스트 김영민 의원은 격렬하게 응원하고 있다.|||아... 눈을 감았다...|||이재명 대통령은 매우 능숙합니다. 민주당을 응원합니다.|||장성철 교묘한 척하는 말놀이. 피곤하다.|||그래서 사람들은 장성철을 원합니다.|||지금은 사과할 필요가 없습니다.|||송철아, 너만 입을 닫으면 성공한 대통령이 되|||혼자와 같은 주장할 때는 가벼운 척을 하고, 반대로 공세에 몰려 있기 때문에, 하얀색으로 하나하나 말미를 잡는 w|||신인균 멋진 주장 공감|||신인규의 말이 맞아 고마워|||소요소견내난재판부는 위협용으로 일심선고를 보고 진행 나머지 사법부혁신은 빨리 처리하여야 합니다.|||신인규는 현명한 장성철|||대통령은 지지율이 좋지만 민주당은 잊을 뿐 사건이 튀어나오는가? 대통령을 뒷받침합시다.|||나는 장성철에 동의하는 경우가 많았다. 나는 중간에 생각했다. 내란재판부도 반대이며 사법부에 대해서도 강력한 공격이 문제가 된다고 생각했다. 그러나 날을 시간으로 계산하는 것은 법을 낳은 것이고, 그것은 재판장이 법을 만든 것이며, 법 위에 있는 것이었다. 솔직히 이재명이 재판을 받으면 유죄가 나올 것이라고 생각했다. 하지만 시간이 없기 때문에 질을 끄는 대통령 선거에 나오자 몇 년 전도 생각했고, 이것은 틀리지 않았다. 그러나 내가 잘못했던 적도있었습니다. 대법원이 대통령 선거 개입 특별 법원이 됐다는 것이었다. 이것은 정말 너무 분명한 죄였다고 생각합니다. 민주당당 대표에게만 특히 빨리 적용되는 법이라고 말합니까? 법원은 윤석열에만 평등해야 한다고? 단어가 되나요? 생각을 다시 보면, 그 정도의 문제는 또 있었다. 계엄의 다음날 조희대 대법원장을 정말 믿었다. 한국인 가운데 국회의원을 믿고 사법부를 불신하는 사람이 몇 명이 되었는가? 당연히 국회의원은 쓰레기다. 법원을 가장 믿는 게 한국이었다. 조희대 대법원장은 카메라 앞에서 사법부는 계엄을 옹호할 수 없다. 이렇게 발표에서도 할 것이라고 생각했다. 그러나. 전혀 하지 않았고, 그 후에도 전혀. 아니었다. 행정부의 위헌적 행위에 입법부는 행동했고. 사법성은 침묵했다. 지금 생각해 봅시다. 판례가 매우 중요하지 않았습니까? 재판장이 법도 새롭게 만들고 대법원은 선거에 개입하며 계엄하게는 침묵한다. 더 이상 전혀 동의할 수 없다. 사법부는 폭주 중이다. 그것이 내 생각입니다.",0
QSHonpqumtA,시선집중 김민기 국회 사무총장이 말하는 내란의 밤… 여름부터 계엄 의심을 받고 염두 훈련한 김민기 국회 사무총장,"김민기 사무총장 감사합니다 당신이 있어서 매우 기뻤습니다.|||고마워, 정말 고마워|||정말 정말 고마워요|||나라의 중요한 인재가 있다는 사실이 너무나 감사하고 시뮬레이션해, 사전 체크는 정말로 나라를 위험으로부터 구한 중요한 열쇠였다고 생각합니다.|||김민기 사무소장 인터뷰를 기다리고 있었지만 또 다른 영웅입니다.|||우리가 선택한 국가노동자들 위기극북에 뛰어난 능력으로 나라를 구하는 것에 정말 깊이 감사합니다|||깊이 감사합니다.|||그런 준비가 생각되었으므로, 일사 천리에서 행해졌다고 생각합니다.|||김민기 국회 사무총장님 별명 지어집니다. 박사 중 최고의 박사 척 박사|||나라를 구한 사람 중 한 명입니다. 감사합니다.|||찜으로 .. 우리는 당신을 기억하고 당신을 존경합니다|||국회 사무총장에게 훈장을 수여해야 합니다. 계엄상황에 대해 적절하게 문건 등을 작성하여 무사히 계엄을 해제하도록 했습니다.|||김민기 사무총장이 몰랐던 숨겨진 영웅입니다.|||정말 고마워요.|||김민기 국회 사무총장, 국회의장에게 고생해 주셔서 감사합니다!|||정말 기쁩니다.|||감사합니다|||우리도 그 날의 초기 단계에서 새벽에 일어나지 않으면 알지 못했습니다.|||존경해 주셔서 감사합니다.|||고마워요|||정말 잘 했어|||대단한 사람이 있었지만 감탄했습니다.|||김민기 사무총장님 꼭 기억해 둡니다. 감사합니다.|||우원식 국회의장과 함께. 경호팀의 보좌관. 비서의 민주당 조국혁신당. 멋진 사람에게. 감사합니다|||내란의 밤을 막아준 국회 직원 여러분의 노고에 깊이 감사합니다! 김민기 사무총장 감사합니다!",0
LktonYKYHwo,"김정배의 시선 집중 FULL 대장동 논란 김영진 쿠팡 사태 우석진, 김원장 ㅣ MBC 251204 방송",이른 사법개혁을 바란다|||문제를 일으킨 김남국인 이번 기회에 제대로 정리해 나가는 것이 좋은 것 같습니다.,0
Ozi_WEpb58c,김정배의 시선 집중 FULL 내란전속재판부 박은정,"내란전담재판부로 돌아가는 것을 보면 조희대가 다시 걸릴 것이다. 대통령 위에 대법원장, 이재명 위에 조희대. 나는 조희대를 선택한 적이 없지만… 내란 가담 의혹자 조희대는 자동 사퇴할 수 없나? 조희대 고발은 왜 하지 않는가?",0
VI7bh3l1ujY,"뉴스하이킥 특검 주경호, 긴급계엄시, 한동훈에게","주경호는 반드시 법적 처벌을 받|||게임 내 사장 남천동 아이템은 주경호 20억이었다! 잊지 말고 주경호 20억 매매 매직 내 난당 해체|||영장판사 구속 수사원|||주경호 20억화는 충격적이다. 반드시 철저히 밝혀야 한다.|||주경호를 20억회 수사해|||그래도 구속 영장은 거부됩니다.|||기분 나쁘다. 황비헌은 수집 담당이었다.|||장마 쇼 요정 출신 박지민이다!|||나는 박지민 아나운서만 보면 그렇게 기쁘다. 아마 장마 쇼 때문이라고 생각합니다.|||박지민 아나운서는 잘 만나고 싶습니다!|||박지민 아나운서는 매우 깨끗합니다.|||사법부가 내란범을 옹호하고 심지어 내란에 동조하는 현시 수면을 보면 국민들 누가 사법부를 신뢰할 수 있을까.|||기쁘다!|||아, 지민 아나운서는 기쁩니다. 잘 나옵니다! 고정밀도도 좋네요!|||통일교 사건도 다루십시오.|||주씨 20억 강력수사하라|||이런 인재를 먼저 보이지 않겠습니까?",0
sBvbPQaBNmU,정말 토크 인사청탁 의혹 김남국 사직 진윤에게 버려지는 장동혁? 정청레 1인1 표제부결 타격 MBC 251206 방송,"그러니까 국력은 계엄 다시 해도 윤을 지지한다는 것이다.|||국력은 여전히 ​​국민을 무시하고 있습니다.|||키훈리는|||피곤하다. 스파이 토론. 내가 볼 때 나라가 멸망되기를 바라는 국력이 스파이 집단이며 누군가 스파이에 몰렸다.|||국력이 낮으면 그들은 절대선으로 알고 있습니다.|||뉴스 하이킥은 각성하라. 김기홍 그런 아이들은 다시 패널로 데려오지 마세요. 오히려 서정욱과 고성국가를 데리고 가세요.|||덕수 가방 모치는 또 나왔다.|||김기훈이 나왔다. 김기훈이 이자라도 굉장히 질이 나쁘고 죽이는 변명만 해서 국민 오장육부를 긁어내는 자입니다. 민주당이 지금 국력당과 타협? 해야 하는가? 무엇, 어떻게 이해하고 받아야합니까? 나라를 전복시켜, 국민을 총검으로 위협하고 있던 놈들이지만, 그런 놈들과 타협을 하라고 하는 소리를 하라. 안녕하세요 국민들 사이에서 폭발한다.|||김기훈은 정말 흉내낼 수 없다.|||듣지 않습니다.|||캬캬캬 기후|||정치 현안에 대해 패널이 흔히 논리에 맞게 지칠 것을 날카롭게 파헤칠 수 없고, 단지 듣고 있을 뿐이다… 평일과 너무 비교된다.|||김기훈의 논리는 세계의 모든 소리 중에서 김남국에 대한 소리만 들리는 망상한 인간의 논리다. 기자했다는 인간이 김건희가 청탁한 국회의원 자리와 명태균이 청탁한 수명은 인사에 대해서는 들리지 않는 선택적 뉴스콜렉터다운 논리다.|||김기홍 또 당혁의 대변인 망경경과 장현혁 11월 3일의 경험에 대해 한마디도 할 수 없는 대표를 엄격히 하고 있다.|||국민의 힘이 우치 그 말을 할 수 있는지 머리 속이 신경이 쓰인다|||시끄러운! 나구국 짐은 입이 10개라도 말이 없어야 할 누가 누구를 비난해!|||이런 일이 일어나면 김치현의 국력 하이킥으로 타이틀을 바꿉니다.",0
xSmnsQPLfWU,"윤한헌, 권영진, 주호영.... 배신자의 말로",배신자 41명 기억하세요. 각자 지역에서 공천 탈락 운동합시다.|||절대로 하늘을 주지 마십시오. 정리하십시오.|||배신자를 속이십시오.|||철저히 날려야 한다.|||반란자는 절대 공격하지 말아,1
JHKrhePLXSw,한동훈이 사건을 빼앗는 증거가 밝혀져 치명타. 한동훈 가족목록 공개전화번호 끝 4자리 동일 2025.12.9,그들은 내 반국가 세력입니다.|||모두 구속하다|||없는 죄를 만들어 박 대통령 감옥 보내는 놈군의 차례가 왔어!|||배신자는 정치판에서 영원히 퇴출해야 합니다.|||단게 사건의 핵심은 패배성적인 데글을 썼다는 점뿐만 아니라 사건 발생 후 한동훈이 당 대표로 사건은 페를 시도한 점에 대해 책임을 묻고 반드시 제명처리를 해야 한다.,0
onmGkk4T-2s,주호영 충격자폭은 폭정,"ㅁㅊ...ㅉㅉㅉ주씨. 조심해 인간이라고 가벼워졌다!!! 그런 것은 정치 아웃시켜 버려야 한다! 그런 인간은 욕심도 아쉽게 국력당 징글 징글한다!!!!|||다시는 그렇게하지 마라. 선택권을 전혀 주지 말아라.|||그런 인간이 있는 것일까!|||ㅣ 국력에는 배신자가 득실득합니다.|||주호영 또? 하나를 지나면 또 하나의 색을 내고, 당신은 다음이 없습니다.",1
cnwJ944-I5Q,백해룡X약 수사 외압 주장은 거짓말...검찰 수사 분명 2025.12.9,대한민국은 조작이 알고 있네요.|||빨리 파고 허위 사실 유포죄로 수사하십시오|||백해룡 천벌을 받는 천벌을 받고 천벌을 받|||백해룡을 윤석열에 대한 허위사실 유포에 의한 명예훼손으로 고발해 수사하고 처벌해야 한다.|||개판이다 개판이다 잡범 4범 구속시켜 주세요,1
maB-1XArsbo,북한의 부당판결죄 같은 법왜곡죄?,"자유대한민국서 독재공산당 인민재판은 필요없는 자유민주주의 억압하는 가짜|||주진우 의원, 최선을 다해 주셔서 감사합니다.|||이죄 명민주당의 탄핵 이적 단체 내 난당에서 처벌하라|||주진우 의원님 응원합니다. Zebar 국가는 즉시 상점에 적극적으로 노력하십시오|||마음이 막혀 코가 식는 공산 독재법이군요.|||올바른 소리입니다.|||정말 대한민국이 대한공화국이 된 것 같습니다.|||주진우 의원님 최고입니다. 응원합니다|||주진우 의원은 올바른 정치를 응원합니다.|||다 치고 ㅂㄹㅁㅇㅈㄷㅇ좋아|||국회의원 중 최고|||검사 출신 국회의원의 정석 정의를 향한 눈빛이 살아 있는 분.|||좋아요|||불법특검의 해체와 불법특검의 수사와 구속|||주진우 의원은 현명하고 현명하고 현명한 국가에 변함없이 지지|||주진우 의원을 응원합니다|||아무리 소란스럽게도 에코만으로 국력 올바른 길에 서라.|||그냥 문현배와 톱의 무죄 판결한 녀석들..",1
ZPL2hBKWU9U,국민의 힘 중앙여성위원회 성명 발표 제2회 가맹,거절하고 수사를 받다|||장경태는 의원직을 내리고 석고대죄를 해라!|||장동혁. 멋지다. 정치인. 나가다,1
i69-o2TM_Q4,마이크를 준 다시 빼앗긴 부숴 작렬 원식? 에팩 폭삽한 나경원,"우원식 사퇴하라|||우원식의 자격을 잃고 사퇴한다.|||국회의 해산은 대답입니다.|||국회 해산|||원식 미친|||의장은 편향적인 거절|||우원식 국회의장 자격 박탈 사퇴하라|||대한민국의 입법사법 행정이 개판이다|||우위 원장 사태를하라.|||의장이란 중국에 곧바로 달려가서 그것을 말했다.|||맹렬한 원식 ㅉㅉ.. 인사하지 않았다고 끝까지 보복|||원식 중국 배는 중국에 가서 중립을 지키지 않는 의장은 무엇인가?|||국력당은 나경원이 없으면 누가 그렇게 열심히 싸울까?|||싸워야 합니다. 국력은 싸워야 합니다.|||그런 작자가 대한인국 개장의 부끄럽네요.|||합의가 없는 법안을 계속 상정한 의장이 가장 나쁜 놈이다|||나경원 의원은 최선을 다하십시오.|||우원식 의장ㅡ,,,,|||우윈식 국회의장 미달 30회 탄핵한 더블 덤프 안무치|||향후 의장이라는 인간을 치우친 사람은 절대로 되지 않는다는 것, 국민이 잘 본 사례처럼! 중립적인 척해야 합니다.|||나경원 의원 잘 부탁드립니다|||국민은 이 국회를 보고 싶지 않습니다.|||나경원 의원 전투.",1
HbrmxpWeOi0,김건희가 귀찮은 건강진단사,"Title Top Good Shoot 92회 전 대통령을 만들었습니다! 김건희 옛 연인이 여기에 숨어 ​​있었다고? 현장 탐사! 을 클릭하면 본편을 볼 수 있습니다.|||얼마나 애매하다면 머리로 만사를 판단할 수 없고, 점과 무려에 의존하는가ㅉ|||정말로 주술에 미친 정부지만, 윤게인하는 인간은 생각이 있는 거야?|||공진의 역할은 최승실의 역할입니다.|||능력도 할 수 없는 것이 권력인 것을 잡기 때문에, 천 지구분도 할 수 없습니다.|||한심하지..|||무속에 빠지다|||모든 것을 주술|||나는 죄가 많기 때문에 항상 불안했던 것 같습니다.|||Ji는 무당!|||한 문재인을 통해 중앙지검장검찰총장에 앉았다.|||불이 타오르는가? 그런 생각을 했다. ? 그래서 여러 곳에서 동시 속에 불을 붙였다고 생각합니다.|||두 번째 박근혜였나? 강진은 순실했다.|||열린 공감 TV 쿠팡 플레이 신명 영화에 김강희 아이덴티티 스토리가 모두 망가졌다! 12.3 내란은 현대에 왜 일어났는가? 왜 국민은 또 한겨울에 거리에서 윤소열의 탄핵을 외쳤는가? 아직 국민은 모른다! 기록해야합니다! 우리 아이들을 위해.|||스토커입니다.",0
uZkna8AHcQU,김강희 15년의 구형은 시작일 뿐 무기징역이 될 수도 있다,연기 짱입니다.|||정형외과의 고동만으로도 압수수색해야 한다|||쇼 쇼 쇼 김 가니는 소름 끼치다.|||패턴이 반드시 숨겨진 보물 상자를 뒤집어야합니다.|||무기 징역이 아닙니다.|||마지막 구형 마약 사건까지 관여하면 무기 징역입니다.|||그런데 무당 한마리가 눈썹 사이에 인상이니까 시원하네ㅋㅋ|||원시 쇼를 하면 죄가 숨겨져 있는 것은 아닙니다.|||그러므로 모든 것은 주술 행위에만 보입니다.|||적어도 최승실은 받습니다.|||15년 논의할 여지가 없다|||당 대표로부터 극우 적지만 국력당은 해산시켜야 !!!!|||10억년 만에|||잘못된 김근희는 결코 속이지 마세요.|||ㅎㅎ 그때가 좋았는데 전용 기타로 놀러 갈 때가 좋았어 걍 죽을 때까지 빵으로 살아|||무기가 나와야 합니다.|||그것은 사지 않는다는 것을 알고 있습니까?|||무기 징역 갈랏에 비해 약|||사형도 과분|||그것은 누가 보더라도 완전히 보입니다.|||눈이 힘이 잔득 들어가 있는 것이 살이 그렇게 많기 때문에 지모지리 앞서 내란들 저지르고...|||사형의 대답|||불법으로 모인 모든 재산을 몰수|||무기 징역 사형|||15년은 너무 싸다 최하무기징역재산 몰수,0
0dnc2UUAbjw,"일주일 하루를 보는 내란당 20대 전반 박스권 지지율 내란 1년, 이재명 대한민국 역대급 지도자",국력의 특징. 지지율은 ㅈ밥인데 득표율은 40을 넘는다는 것.|||서석고! 싸움,0
UWQWl4p_J2s,내란죄는 면책을 제외하고 내란재판부의 다음주 통과한다.,"준비된 대통령은 이재명 최고입니다.|||이재명 대통령은 정말 최고입니다.|||애국자의 눈물이 있고 사랑합니다.|||은국민이 주인인 잼통령이 살아|||국력 내란범은 한국 한국 국민이 심판한다|||문진석도 거절한다. CB.|||인사청탁은 주도도 받지 말아 주세요! 적폐언론이나 나라 짐단에서 하나만 노리고 있는데 조심해야 했다.|||대구시민도 대한민국의 국민을 확인합니다.|||검사, 판명에 대한 영장은 국민심의의가 영장 발부하도록 합시다… 검사, 판명영장은 지금까지 본 것처럼 모든 것이 기각입니다.|||국방도 경제도 평화도 이재명 대통령 민주당 만세|||김강희도 내란 관계자로 처벌해야|||문진석은 왜 책임을 지는가? 거절해야한다고 생각합니다.|||김병기 문진석도 징계가 필요합니다.|||내란죄는 진짜 대국민 살인 미수 사건입니다!|||내란범을 용서해서는 안 된다는 것을 정말로 믿어도 될까요? 내란범 윤석열과 김강희 그리고 내란을 동조한 인간들 모두 종신형을 시켜야 하며 절대로 용면을 해서는 안 됩니다. 특히 국력당은 내란을 동조한 인간임을 국민은 명심해야 한다. 국력당은 영원히 사라지지 않으면 나라가 정상이 될 것이다.|||애국 시민을 존경합니다|||군사반란동조세력 조희대청 대엽이 전국 법원장 모의회 중 하나인|||내란재판부 반대라는 국무당은 본인들이 가담하고 있을까? 조희대가 본인들의 손을 뻗는 데 가깝지만, 내란재판부가 가능하면 지들에게 불리니까. 이권당원.|||내란죄는 사형법원이 필요|||역적 질을 한다. 발각이 되거나 실패하거나 하면. 삼족을. 멸망해야 합니다. 만약. 쿠데타가 성공하면. 대한민국이라고 한다. 나라와 국민은 어때. 되었는가. 자명한 일입니다. 정두환도. 슬로프를. 해주면. 안 되었어요 이번에는. 쿠데타는. 슬로프가. 없다고 한다. 이보기를. 봐야 할 김강회도. 사면 역사적으로 또한. 반복될 수 있습니다|||박수|||이재명 대통령의 경호를 철저히. 제발. 특별 경계하십시오. 보호자의 애국 시민에게 감사합니다. 존경|||조국이노베이션당 오늘 오전 기자회견에서 대법원에서 내란특별재판 위헌소지에 브레이크 헌재에 심판청구에 대해 논의해야 합니다.|||내란 재판부를 연초에 해 버리면 무엇이 되지 않을까? 민주당 정국주도 하는 것은 정말 하지 않는다. 국민이 쌓여 어떠한 폭발 상태가 되면 곧 나와 민기함.|||김남국 의원은 정치가로 크기에 한계가 재확인된 것 같습니다. 최강욱 의원도 말을 신경쓰지 않고.",0
DpTXQiRkmQ0,또 한 해가 지나면서 더 생생해진 내란의 밤,민현배 의원. 기뻐요. 우리. 모두. 잘 살아. 위자. 힘들지만. 이미 싸워주세요.|||내란계엄 이후 부끄러움에 정신 없이 시간이 흐른 것을 지금 와야 조금 섬뜩하고 무섭다. 87년 6월 항쟁을 전신으로 경험한 세대로서 치욕감과 분노로 떨린다. 무지하고 희미하고 악랄한 물 덩어리와 요괴를 반드시 응시하자!!!!,0
nzXovU5q6r8,PD 수첩 10분 컷 돌진한 12.3 비상계엄 타임라인을 정밀 분석한다 2025년 12월 2일 방송,"대통령 선거 때 전철 앞석에 신발을 올릴 때부터 비상식적인 인간이라고 생각했다.|||그 날, 국회에 달려 주신 여러분, 국회에 계신 여러분 감사합니다!|||내란의 가담자 모두를 처벌|||이날 생방송에서 보는데 쵸퍼를 열고 국회 단전시켜 계엄해제 불발로 갈까 생각해 진짜 조마조마했다!|||계엄의 밤 국회에 달린 국민들…|||정말 아팠다 제대로 내란세력 척하고 제대로 처벌해야 한다|||내란죄에 살 수 없다는 것을 꼭 이번 기회에 일벌백계에서 보여야 합니다.|||언제나 중국이 쿠데타 난나였고, 한국이 내란이 일어난다고 누가 생각했는가?|||아파요! 그런 바보 같은 녀석 때문에 어둠의 신경이 쓰여 버렸습니다.|||정말로 거기에 있던 모든 사람에게 정말로 말해 주셔서 감사합니다.|||아직 가슴이 떨고 있습니다.|||정말 소름 끼치고 심한 어떻게 그런 사람을 뽑았는지 정말 불쌍하다|||그래도 살면 법정에 들어가는 것이 정말 매우 보기 쉽습니다.|||척추가 시원한 느낌이 듭니다.|||온몸으로 막아주신 분들께 깊이 감사드립니다|||불법 긴급계엄|||또 보고, 또 보고, 또 보고 되돌아봐야 합니다. 눈물이 나오네요.|||정말 잘 만든 프로 이번에는 매우 좋았습니다.|||정말 끔찍한 밤...|||사형을 구형으로 해야 한다. 종신형도 아쉽다!|||봐도 봐도 심장 떨리고 다시 죽고 집행하면 좋다|||반세기여기의 기간 동안 계엄이 도대체 몇 번 일어나는가? 얼마나 대한민국에 시스템이 재미있었다면 이랬던 이번에는 반드시 철저히 정리해야 하는 사형제도가 사실상 폐지됐다는 것을 알고 있지만, 본 예에서 이번만은 사형시켜야 한다|||떨려 보이지 않습니다.|||지금 생각해도 아프다. 하늘이 도왔던 것이다.|||보좌관 시민에게 감사드립니다 ㅜㅜ",0
gV8fcBwHMME,신속한 sPeeD 수첩 긴급 해방 요구 결의안이 통과 될 때까지의 위기,"내란에 동조한다는 경찰을 조사하고 법으로 처벌|||끔찍한 내란 외위 그 죄를 피 눈물을 흘리도록 엄벌해야 합니다.|||지금 봐도 간이가 커집니다. 정말 그 국회에 있던 국민을 다시 만나요. 그리고 그들의 이름 한자 한자를 3.1 운동한 애국자들처럼 어딘가에 써 기록해 주었으면 합니다. 대단한 국민들입니다.|||결과 알고 지금 봐도 육진한다.|||독일은 나치 청산 시스템을 정돈하는데 80년 걸렸다고 합니다. 우리도 내 뿌리를 뽑을 때까지 지쳐서는 안됩니다.|||오, 눈물을 내는 국회 직원, 보좌관, 시민들을 지켜주셔서 감사합니다.|||정말 80년대인가 이것은 나라가 아니라 개판이다|||지금 봐도 그때의 상황을 보면 피투성이의 위기를 보여주는 모습|||내란당을 해산시켜야 한다|||내란범과 부역자와 옹호자와 지켜주는 법조인까지 모두 잡아 국민을 죽이는 자들이다|||진짜 총선이 되어 국력당 의원이 다수라면 무섭다|||그날 추운 새벽… 죽을 수 있지만 국회에 갔던 모든 시민들에게 진심으로 감사드립니다.|||서울대 졸업했다고 전혀 스마트하지 않다는 것이 증명된 것 같다.|||진짜 소중한 날이었다. 존나 무서운|||의문이 있을 때는 생각하지 말고, 단지 민주주의를 위해서! 로 외치고 당신의 문제에 무작위로 달리십시오.|||보좌진 여러분, 정말로 감사합니다!|||거기에 있던 시민의 심정은 어땠습니까? 봐도 가슴이 아파서 고맙다.|||이상현은 국조에서 억울하다고 울고 있었지만 연기였지만|||그때 달려와 계엄군을 막아준 시민들에게 정말 감사합니다.|||생각할 정도로 끔찍한|||아니오 2024년에 어떤 비상계엄인가.|||계엄을 위해 누가 부상을 당했는지 하는 사람들에게 듣고 싶다 너희들은 내란 실패가 아쉽겠지만 대부분의 국민은 정신적으로 심각한 외상을 입었다.|||우리는 국회 버스에 들어갔고, 버스만 기다리고 있었다.|||내란 반란 외환 죄 사면 추첨은 절대로해서는 안됩니다.|||여러분 아직 끝난 것은 아닙니다. 내란에 동조한 인간들의 끝까지 모든 것을 잡고 처벌하고 다시 이런 일이 없도록 뿌리를 내려야 합니다!",0
deE13QL9g1g,무속 논란의 윤석열 전 대통령을 보수 개신교가 지지하는 이유 PD수첩,"교회에서 윤석열을 찬양하는 사람들을 보면 정신이 아닌 성경 구절을 사용하여 탄압하는 사람들을 튀기는 것도 부끄러워합니다.|||돈을 버는 수단으로 사용하는 방법|||와우 .. 별에 모든 것이 있습니다.|||자신들이 팬스를 믿는 만큼, 하나님은 팬스의 기분을 보고 있는 것은 굉장한 존재가 되는 것을 알 수 있을까.|||종교에 관계없이 진정한 국민을 위해 일하는 사람을 선택하십시오. 국민에게 총구를 향하는 사람을 선택하지 마십시오.|||음.....꿈보다 헤몬인 것 같은......성경의 의미를 바르게 해석하면 윤석열이 악마임을 곧바로 조사해야 한다... 목사가 악마와 손을 잡는다? 정광훈은 성경을 읽을까?|||사이비가 단번에 다릅니다. 일부만 수수함에 맞게 해석하고 이득을 보거나 사회해를 미치면 딱 사이비임. 협회가 인정할 필요는 없습니다.|||정치적 이익을 우선하는 것이 진정한 신앙인지 의심스럽다.|||미국의 극우들이 국회 점령하고 난동하는 것과 MAGA, 그리고 트럼프 아게인을 고대에 따라잡았는데 계엄까지 했지만, 한국 국민이 무지하지 않고 농담하지 않고 막은 것이다|||코에 걸면 코걸이 귀에 걸면 귀걸이..|||욕심입니다. 어떤 고레스 왕에게|||개신교는 엔비 이후 완전히 깨졌습니다. 그 이전의 개신교는 그래도 어느 정도 선이 있었지만, 엔비 때 시정잡배가 들어와 분쇄되었다. 과거 개신교에 이번에 일어났다면 전부 가지고 일어났을 것이다.|||쟈네는 돈에 따라 움직이는 집단인 한마디로 기업이며, 하나의 이익 집단|||윤석열 탄핵소 추안이 지나 서울시내 대교회 목사들이 교사들에게 좌파 연예인들 CIA에 신고하라고 목소리를 냈지만 wwww|||그냥 쉽게 말하지 않습니다 ... 돈과 권력을 위해 야합했다! 돈과 권력을 위해서라면 악마와도 잡는다!|||이쪽도 보수 개신교라고는 말하지 않고, 기득권 패배 질교 집단이라고 말하지 않으면 맞도록(듯이)|||사이비는 탄압해야 하는 종교 탄압이 아닙니다.|||정치 개입하는 극우 개신교 교회도 해산 대상입니다.|||김 디모데 목사의 말대로 생각하는 것이 맞습니다. 그러나 결정적으로 그렇게 해서 교수는 오히려 줄어든다고 생각하지 않는다. 이때까지 그렇게 멀리 보는 집단이 아니었다.|||개신교는 거의 미친 지역이지만, 과거에 매우 썩었던 가톨릭교를 개혁하기 위해 일어난 것은 개신교입니다.|||대한민국의 기독교는 더 이상 종교가 아닌 청산의 대상이 된 지 오래|||교회는 구원받은 성도들의 모임입니다. 목사의 눈을 멀게하지 마십시오. 성도들의 무리가 깨어나라.|||우리 나라에서 진짜 개신교는 무엇입니까?|||기독교가 무속을 받아들이면,|||박근혜 추종하고 윤석열을 추종하는 아이러니. 박근혜 정치적 생명을 마친 게 윤석열과 한동훈이다.",0
Xn7FopaqP8c,W 디펜스 31 폭증…,"중국 무기를 사는 것은 국방 정보를 건네주거나, 아니면 변하지 않는 중국 무기도 원격 조작 가능하다고 생각합니다.|||중국산 제품은 정보를 빠지는 것이 위험하다.|||정신이라면 절대로 중국 무기를 살 수 없습니다.|||백도어 전문 중공물|||중국은 군용 차량조차 미국 붓… 주체성이 없는 것 같다.|||모든 엔진 룸에서 감시 팁 또는 똥|||맹목적인 로켓의 파급력이 이렇게 크기 때문에 고인물은 썩어 버리므로 공산당 독재에 의한 권력의 집중은 부정부패가 지속될 수밖에 없다|||친미에 반하는 나라는 흥분하고, 한편, 친중, 친로, 부모라고 하면 망한다.",1
NlYM11BpyVA,히가시카와 구역 해제설에 시장 동요 확산 풍선 효과 우려 머니데이 방송 뉴스,"모두 풀어 놓고 몇 년 안에, 다만 남겨두었다.|||거시적으로 부동산ㅣ안정화방법 시장금리보다 0.5 1가산 10. 전세대출 폐지 누구보다 ㅜ 사랑합니다.|||결론적으로 흐트러져도 계속 올라간다는 것은 국회 인사 청문회 보라 위장 전입.|||생각 없이 정책을 세우면 국민만이 힘들다|||좌파 정권만 들어가면 이 소란이 된다. 왜 몇번이나 찍어주는 것인가.",1
B-nZvqbozNs,김강희 영혼까지 끌어당긴 전략 실패! 결국 무너진 황영실 신현영 박수빈,"그 물건은 사형이나 보석이 없는 종신형. 장난? 15년? LOL|||머리카락의 보일러는 반드시 숨어 있습니다. 윤상현. 원희령 등. 부역자들. 철저히 조사하기|||ㅡㅡㅡ 김강희ㅡㅡㅡ 마약 밀수대 사건은 덮여 있는가? 국민을 중독자로 만들려는 10회 사형의 범죄|||약도 덮어야 한다|||지금의 선고는 조족 지혈입니다.|||줄리 재판은 계속해야 하고 줄리 특검은 1년 정도 연장해야 하는 것 같다.|||약물도|||김강희 마약수사는 왜 안 하는지 그것도 봐줄까 ㅉㅉ|||이들을 빨리 제거하지 않으면 나라가 정상적으로! 권력과 돈에 미쳐 지랄 발광해 거짓말로 국민을 선동하는 국력당 의원들과 전한 길 김세의 정광훈 등에 저질 언론들과 소수의 나쁜 검사판사 변호사들, 많은 무사인 일무위도식 민주당 의원들로 정권놀이는 잊어라. 일을 해주세요.|||조선시대의 장사도 별로 하지 않네요 격이 낮은 상인도 우에시마가 있어 격식이 있는데. 그것은 돌. ...|||윤과 김을 완전히 그 승자에게 건네주면 가장 완벽한 벌이 될 것 같다.|||그런 사람의 사악함도 고칠 수 있을까?|||아무것도없는 볼케이노 텐 프로 줄리입니다.|||상상초월정권|||마약 빌리 철저히 수사하라|||아직 최종이 아니지만 2월 월에 최종 나오는 다드만 15년에 중반이라면 7년 살겠지만 얼굴이 걱정이다 주사할 수 없다|||무엇이 김건희씨? 부르지 말고|||윤상현은 무엇이 대단하나요 김근희는 윤석열의. 위에 있습니다.",0
Cc-Q29yvhOo,"조진은 논란의 정치권 확산 이재명 대통령과의 인연, 야당 공세뉴스 인사인 조진은 소년범 이재명 연예계 쇼트","소년범들의 희망의 상징이라면 매국 녀석이 독립유공자로 변신하도록, 변신하고 성공한다고 해서 용서가 되면… 그럼 돈의 많은 범죄자들은 ​​모두 탈출할 것이다|||조희대가 입건되어 특별재판부가 진행되면 연예계 폭로가 일어난다. . . 왜 갑자기 연예인 사건이 넘치는가? ? 동시에 3명. . 박나레의 조세호, 조진은, . https youtube.com shorts zIzgna3dHVs?si LDhMPCdJeupEGWuO|||조두순이 윤석열 나쁘다면 민주당 국회의원이 돼 내년 광복절 행사에 나설 것이다. 피해자가 국력 지탱되면, 당연히 싸기 때문에. 범죄를 진영 논리로서 옹호할까?|||이 잼은 조진원의 과거를 알고 있었나요? 더러운 자들이 땅이 정의처럼 비난하는 것은 싫다. 하지만 조진은을 옹호하지 마세요. 엄격히 피해자가 있다. 정의의 척하는 사람은 당신을 봐야 했던 희생자가 당신이나 당신의 딸이라고 생각한다. 대중의 사랑을 먹고 사는 연예인이 하지 않고 조용히 살아야 한다. 또 조국이나 강성우도 정치권에서 조금 사라져 주세요. 민주진영에 해가 될 뿐이다. 조진은이 조국이나 강성우보다 훨씬 우수하다.|||두번째 이성균 또한 만듭니다. 연예인은 무엇이 문제를 일으킬 때마다 커버 용입니까? 국력, 송범규 대변인 만섹하락판 사건 등 두 번째 이성균은 만들지 않는다|||이들은 조작을 해도 몇 명 죽는 것이 기쁩니다.|||이상한… 퍼졌는지, 퍼지는…|||이기인 사무총장의 말씀에 공감이군요. 같은 진영이라면 이런 강력한 범죄자도 옹호하는 민주당 의원들은 더 이상 정치해서는 안 됩니다.|||조진은 배우님을 응원합니다. 정면 돌파|||지지원도 좋지 않다.",2
DtGlq3BVt7s,흑백 논리 진영 논리에서 벗어나지 않으면 국민 통합 가능하고 요인인 국회의원 사퇴 기자 회견 국민의 힘,"망설이기 때문에|||잘 생각했다.|||거절하라. 입에서 헌신과 같은 소리를 내지 마라.|||지금도 곧 잡으시겠습니까?|||이상한 녀석 하나 사라지지 마라!|||아이를 자르고 즉시 떠난다.|||부끄러운 당신은 이미 권력을 탐험하는 걸음으로 집의 명예를 더럽혔다. 하늘에 계신 내 조상들이 한탄하고 계실 것이다.|||그동안 국회의원으로 세금을 받고 국민. 국가를 위해 무엇을 했습니까?|||본업도 내려주세요!|||잘했다! 더러운 물에서 나오는 것이 천만 행운입니다!|||잘 작동했습니다.|||국력은 조금 모방하고 사퇴한다|||그때 먹고 아직 윤가와 그 한당의 국적실체를 모르는 거야|||당신의 비례 대표 여자? 내리면 다른 놈이 하려고 당 지도부에서 쫓아내는 것인가?|||그냥 미국에 가서 낭비로 국민세를 웃지 마십시오.|||윤석열 때,|||간다!|||그냥 모두 떨어졌다?|||도망칠까? ㅋㅋㅋㅋㅋㅋㅋㅋㅋㅋㅋㅋ|||잘자.|||조금이라도 민주라는 말에 관심이 있다고 생각했습니다. 민주와 정의의 과정 ............|||무언가를 깨달은 적이 있습니까? 박근혜나 윤석열 같은 인간을 따르고 당신의 조상의 헌신에 지친 과오는 진심으로 반성해야 하는 것처럼......|||빨리 거절하고 죄가 있기 때문에 조사를 받으십시오.",0
o0UedFdicts,부끄러워하는 목소리에 변호인들의 사시미 떨리는 공포에 질려… KNN,"번거롭고 증언 거부 wwww 역사에 남는다|||빨리 구찌소에 잡아라!|||좋아요. 부끄러워하는 두 사람은 빨리 집행하고 구치소에 두어야합니까?|||지경은 정말...이벤트 진행자가 아니다...|||감정입니다.|||단지 말로 말한 변호는 정상적인 논리를 가진 사람은 절대로 할 수 없다|||개조 가튼 재판 아사리판 재판, 이것이 내란 재판 당해 보면 볼수록 혈압 잘못된다|||사과하게 될까? 감정명령을 잘 받|||법정의 분위기는 좋습니까? 이왕이라면 전에 치맥도 두고 진행하면 분위기보다 좋아지지 않을까?|||반상회가 아닌가요?|||이건 재판인지 시골집 흥정인가|||이하상은 목소리도 하극상이다.|||아니요, 쟈넬은 왜 법정에 나오나요? 판사가 부끄러워하는 구치소를 들여다 보지 않아?|||사시미 나무를 말하는 것은 소름 끼치다.|||저는 모질리를 변호인으로 쓰는 김용현도 정말 웃음입니다.|||바닥판이 개판|||국민이 티부이에서 모두 본 대 니들이 사시미 나무처럼 떨어진다? 웃음|||지금 내란재판인 내란재판 국가가 전복될 것 같은 사건이다.|||왜 이렇게 웃으면서 앞으로 나아가는지, 지금 내 재판은 장난인가? 웃음이 나오나요? 엔|||곧,",0
obmMhxwdcmc,생선 잡골을 훔치는 손님에게 제공,"중국 소시지에서 치아가 나왔다…|||또한 중국이었습니다, 뉴스를 지배하는 중국인 ...|||사람의 입에 들어가는 음식으로 장난을 치면 천벌을받습니다.|||중국인이다|||차임이 충실한 나라를 꿈꾸는 나라",1
o19GqTLt8h4,발언 들었던 지규영 재판관을 뭘 봐.. 김용현 내란재판에서 어땠어?,"법원 사회는 잘 보입니다.|||뭐 꼭 재판이 이런 시트콤 일행은 전혀 몰랐던 이것이 진짜 그 신구씨가 나온 그 시트콤같아… 대단해…|||재판관이 피고인 변호사 측에게 용서를 구한다고 한다. ㅎㅎ 역무겁다.|||내란죄 재판인데 이것이 무엇을 하는가.|||뭐야! 서로 반성하는 시간인가? 내 재판은 매우 따뜻합니다.|||실제 내란 재판인가? 웃음이 오고 판사가 피의자에게 죄송합니다.|||변호사. 판사. 똑같이 살아. 이런 재판. 선견한다. 아직이다. 이것은 재판입니다.|||판사가 말을 멈추게 한다. 에구 정말로 정말 세상이 .. 마음이 막혀 있다. 정말 화기애|||변호사에게 지적되고 있는 재판장이란. ㅎ|||진짜 화기애애 변호사가 혼인하는 교육을 시킨 이 조직 무엇?|||재판이 아니라 개판입니다.|||이 장면이 널리 공유됨|||눈을 뜨고 볼 수 없습니다.|||재판장이 혼란|||나는 분노를 사랑한다.|||뭐하고 있니? 아니, 정말|||어떤 가정 법원 가족 사건 합의 조정하는 것 같네요. 도대체 무슨 재판을 하고 싶은 것인가…|||그래서 전임 법원이 필요합니다.|||동네 마을 회관에서 친목회를 하고 있는 것 같습니다.|||귀찮다는 말이 아무 생각 없이 나오는 것일까? 그것은 반드시 해야 한다는 말입니다.|||와우... 정말 내 형사 재판이었어? 일반 형사 재판도 이렇게 하지 않는다!|||지금 무엇을 보고 있나요? 나는 재판을 보러 왔지만 여기가 아닌가?|||이상상과 안경은 아직 느끼지 않았나요? ? ? ? ? ? ? ? ? 이나라법이 있습니까????????????????????????????????????????????|||2명의 변호사는 언제 감독할 것인가… 그리고 변호사 협회는 무엇을 하고 있는가…|||법정에서 검찰 측에 지적하면 확실히 그렇게 변호사도……ㅉ 감정도 부족하다.",0
29L-DQHq3kc,말을 하지마 변호사…,"구독과 좋아하는 JTV 뉴스를 응원해 주셔서 감사합니다.|||다음 감정은 언제입니까? 전 국민이 감독 명령을 전부 보았는데, 이것이 말이 되나요? 대법원이 웃고 있는 개회장입니까?|||재판장이 정리할 수 있습니까? 맞습니다. 정리하라고 재판장이 존재하는 것입니다. 사회를 보는 것이 아닙니다 ...|||변호인의 자격을 빼앗는다.|||특검. 검사 최선을 다하십시오 국가가보고 있습니다 국가를 위해 최선을 다하십시오|||지귀연 재판부. 질을 당기고|||재판지휘하면 재판사회를......ㅎ|||하루라도 빨리 감정을 추구하세요.|||검사자들은 강하게 나와야 합니다.|||사실. 보고 싶지 않아. 그 변호사는 나오지 않는다.|||더 이상 당신은 판사가 아닙니다.|||진짜 재판관이 무엇을 하고 있는지 재판이 개판이 되었는가.|||시플 대단한 나라다. 계엄에 관여하는 자들을 처단하는 쪽으로 변호인단이 더 화내면서 신경질을 낸다? 이게 맞습니까? 지금은 제대로 된 나라에 살고 있습니까?|||이하 위, 재판관의 재판 지휘와… 손가락 연참인의 재판 과정|||저인 판사 자격이 없는 변호사가 판사의 자기보다 우수하다고 스스로 인정|||기본이 되지 않는 변호사를 부르고 있으므로, 레벨이 낮은 재판은 되지 않습니다.|||판사는 허무하기 때문에 재판은 열려 있습니다.|||검사를 응원하는 날이 올 것이다… 김용현 변호인단 정말 대단하다.|||판사가 왔기 때문에 김용현 변호사들이 그런 식으로 나온다.|||할아버지. 잠깐. 재판관인 것 같다. 이하, 그런 인간은 조금 일찍 부끄럽다.|||판사는 문제입니다.|||아, 정말 무서워서 성가신다고 판단해요.|||다른 사건도 판사가 그렇게 어른인가? 변호사는 원래 그것을 했어?|||이상상은 자신이 말하는 것이 정답이다. 그것을 어떤 말이라도 재제조할 수 없는 지경은 재판관이지!|||진정한 판사의 역할이 얼마나 중요한지 알 수 있습니다.",1
dkSSKJjCfHE,"풀 영상, 국무회의, 12월 9일, 국가는 소수권력자의 것이 아니다…","구독과 좋아하는 JTV 뉴스를 응원해 주셔서 감사합니다.|||확실하고 확실히 진행하는 국정회의 진짜 듣는 것만으로도 의욕과 힘이 있습니다|||행정천재, 경제천재, 외교천재, 커뮤니케이션 천재 이재명 대통령은 훌륭합니다.|||그렇습니다 잘못된 것은 반드시 속전속결 종식시켜 국을 바로 세워야 합니다 이재명 대통령님과 여당 분들에게 그 모든 일을 잘 땀 것 진심으로 감사드립니다|||어떤 드라마보다 국무회의가 재미있습니다. 신뢰성과 투명성을 보여주고 있다고 생각합니다.|||정말 흥미 롭습니다. 국무 회의가 재미 있고 배울 수 있으며, 나라의 살고기가 내용을 알고 일석 산조 이상 와서 매우 재미있었습니다. 고마워요.|||국무회의 귀귀 푹 옵니다 대통령님 잘 선택하기 때문에 마음도. 든든해요!|||최저 임금과 비정규직에 대한 대통령의 생각과 제안, 정말 멋지다! 이렇게 세세하고 정의가 있고 가슴이 풍부한 대통령이 지금 우리의 대통령인 것이 정말 고마워요!|||우리 정부 장관은 일하고 있습니다.|||국민만 생각하는 이재명 대통령에게 감사드립니다|||이재명 정부 덕분에 든든하다.|||민주들에게 보건복지와 보건행정이 아직도 매우 형식적입니다 실용적인 보건복지, 보건행정이 되기를 바랍니다.|||대통령님의 이야기를 듣기 때문에 최저임금 당연한 일로 받았습니다만, 생각의 발상이 다릅니다군요 대통령님은 이 나라를 살려고 오시는 분입니다.|||우리 잼 대통령은 최고입니다. 감사합니다|||이렇게 오픈하여 국무회의를 해보면 각 부장관님과 공무원 분들이 열심히 할 수밖에 없는 시스템인 것 같습니다. 열심히 우리 대통령 장관에게 든든하다. 응원합니다. 자랑스럽다|||이런 국무회의 훌륭한 송장님, 국무위원님, 대통령님 모두 존경합니다. 감사합니다|||이재명 대통령도 충분히 정부 고용을 창출 가능한 부분에서 해주셔서 감사합니다|||종교가 정치적 발언해서는 안 됩니다.|||11개월 계약 이런 민감한 이야기를 곧바로 실시하는 이잼 대통령 존경합니다.|||세계에 이런 대통령이 있습니까? 우리 국민의 축복입니다.|||이 나라는 소수의 권력자의 것이 아니라 국민의 것이며 개혁을 하라!|||모두에게 정중한 대통령 감동입니다.|||진대한국은 글로벌 기업이다. 우리의 K푸드 K그 외의 상품의 모양에 대한 다양한 대응을 하는 것도 정말 인상적이다. K푸드 K그 외 상품의 생산 수출 지원을 원하기 위해서는 공무원이 부족한 것 같다. 공무원을 더 증원해야 한다. 신뢰할 수 있는 진정한 한국 공무원 파이팅!!!! 또한 공무원이 공정한 유통, 공정한 상품 개발도 더 해 주었으면 한다. 진대한국은 글로벌 기업이다. 언젠가는 국내 기업이 정부 서비스와 경쟁하는 모습을 보고 싶다.|||내란, 조작, 약, 폭력, 위증, 사기, 사이비, 친일은 자비없는 처벌입니다! 전재산 몰수, 100억 100조 벌금, 100년 징역 강제 집행해야 한다!|||진정한 국민을 위한 이재명 대통령 최고",0
VipCoJargfo,유재석 결국 ..,"화장품을 만들었습니다! 당신의 관심은 절대적으로 필요합니다. 1800 6475 홈페이지 https www.in min.com 카톡상담 http pf.kakao.com mRJlxb chat 인터넷TV 휴대폰 최대 98만원 주말 공휴일은 언제든 상담 가능! 반드시 필요한 플랜만! 1 1 사용자 정의 컨설팅 10 년 이상 운영 이유는 정직합니다 Since 2013 인터넷 민족|||지역은 누군가 정체를 밝혀야합니다.|||안보법의 해체를 덮도록|||지하 우지 지역을 덮는 의도가 아니다.|||세상은 내 귀가이며 언젠가 부메랑이 되어 자신에게 돌아오는 것이 사실입니다.|||이런 일이 이렇게 잘 드러나는데 김현지는 왜 짓밟을까?|||국가보안법|||국가보안법의 폐지|||국가보안법 폐지를 반드시 해야 하는가? 현지를 밝히기 전에|||ㅋㅋㅋㅋ 갑자기..한번 김현지|||비선실세 현지 누나를 덮기 위해|||나는 연인임을 알고 있지만,|||아이치 중지 김현지를 가리는 것은 어려운 일이 아니다.|||쓸데없는 인물이 여론을 일으키고 있다. 김현지, 장경태 이런 문제를 뜨겁게 만들려는 수작업이다. 우리는 이 끝까지 깨고 보도하고 국민에게 알려야 합니다.|||빈곤과 아첨이 실력이 아니라 진짜 실력이 실력이 되는 세계가 되어야 한다. 라드 카르텔 이제 끝.|||하차해야 ㅡ|||존엄 현지를 구하다|||폭발하는데? 이것은 현지 언니를 위해 폭발하는 것이 아닌가?|||김현지 문제의 화력이 부족한가? 유재석까지 던지면? 벌써 3명 나갔습니다만, 좀 더 있으면 왼쪽 이유, 좌우 비도 날아갑니다.|||이재유 재석 조세호를 들고 가는가?|||천안 삼성전자 앞에 빅준푸드 빅준프 데치게가 있습니다. 군서 폰트는 천안에도 2개의 지점을 가지고 있다.|||민주당이 정권을 잡으면|||연말에 판타지입니다.|||비선 진실은 아무것도 없는데 감옥이 있고, 현자는 진짜 실세조차 숨어 있다.|||이번과 연애들의 조작입니까? ?",1
N9dGbBACtH0,박지원 여배우 충격 노출,"화장품을 만들었습니다! 당신의 관심은 절대적으로 필요합니다. 1800 6475 홈페이지 https www.in min.com 카톡상담 http pf.kakao.com mRJlxb chat 인터넷TV 휴대폰 최대 98만원 주말 공휴일은 언제든 상담 가능! 반드시 필요한 플랜만! 1 1 사용자 정의 컨설팅 10 년 이상 운영 이유는 정직합니다 Since 2013 인터넷 민족|||여의도 쓰레기통을 바로 없애지 않으면 나라가 살고 있다.|||한국의 현 정부는 진지하게 마음이 강하고, 한국은 어떻게 될지 걱정입니다.|||노망이 아니라 정신과|||양심이 있으면 그렇게 짖지 않을 것이다.|||국가와 국민을 위해 할 수 없는 국회 국회의원 감소|||동대문구 민반성보다 부정선거!|||선거를 똑바로 교체해야 쓰레기 같은 공직자들을 밖으로 돌려 자유민주주의를 지키자|||송재중은 언제나 많다.|||대한민국 정상으로 돌아가려면 아직 멀었다|||국회의원들도 연령대 제한하고 있다.|||둘 때가 지났다. 그 승자는 무엇을 하는지,|||완전한 페기물은 진짜 성국장을 존경한다|||송재중의 혈압이 걱정입니다. 감사합니다.|||대한민국 국민 40은 눈을 감고 살아있다. 하나만 확인해도 부정선거가 확인되고 있지만, 그 자체도 믿으려고 하지 않는다.|||국회의원도 정연이 있어야 65까지 만기가 돼야|||하늘이 두려워하지 않을까 ㅉㅉ|||서연 다리도 못해|||이재명의 탄핵을 기원|||활용불가라면 폐기처분해야 할 것 국민이 바라는,|||그 놈을 뽑아 주는 놈들이 더 나쁜 놈들과 강하게 외치고 있습니다!|||송재중은 기뻐요.|||측은 지심불량 동정심에 유발|||감사합니다,,,,, 애국자입니다,,|||송재중. 응원합니다!",1
c2UyLbR8IZU,"인력이 끊어지면 나라를 멸망시키는 IMF의 소름 끼치는 경고, 곧 현실이 될 것입니다. 경제붕괴 이미 시작된 서동기 교수 3부","자세한 분석 데이터와 실시간 경제 투자 통찰력을 얻고 싶다면? 원피스 리포트 사이트 https han.gl nSxdh 원피스 리포트 포트룸 https han.gl Q7892|||한국은행 총재는 대책 없이 돈을 내는데 역동적으로 변하지 않습니다.|||찐 무서운 점은 그 가계 대출 통계에 전세 대출이 잡히지 않는다는 것입니다.|||주택가격을 부양하고 결국|||정부 관료들이 강남에 대부분의 집이 있는데 누가 집세를 떨어뜨리는 정책을 지불할까? 나라는 망쳐도 나만 돈이 있으면 좋은 사람이 대부분이다|||은행만 배반된 것. 예금 금리 인상 대출 금리 인하, 즉 가산 금리를 은행에 맡기지 말고 위와 같이 손을보십시오.|||장영아 조심해 지금 돈을 풀 때가 아니다|||이 나라는 정치인들이 제일 문제.|||정부의 강남 거주 기득권 발둔무라주 공생하는 바람에 나라는 불쌍했다.|||정답이군요. 그러나 정치인들은 욕을 먹고 싶지 않기 때문에 아무도하지 않습니다.|||ㅇ.|||가장 쉬운 것은 가계 부채를 줄이고, 그것은 금리 인상 금리가 맞으면 달러 1500 가는 것을 막을 수 있습니다|||고통이 있어도 금리 인상하면 끝나는 것을 부동산 저지하려고 죽어서는 안 되는데 무엇을 기대하는지|||구조 조정 실제로 일어나고 있습니다 ....|||현실을 정확하게 국가 부도 이외에 대안이 읍다 빨리 나와야|||이 분, 찐 전문가인 것 같습니다. 버릴 말은 없습니다.|||크게 구조조정할 수 없고 부동산의 거품을 빠지면 장기불황에 갈 것입니다. 힘들어도 금리 미국보다 올려야 한다. 한국운행총재도 현재 상황에 큰 역할을 하고 있다.|||정치인들이 땅만 살아간다는 도둑이다. 국회를 해산시켜 나라장에서 잡아야 한다.|||총재가 남은 임기 동안 계속 돈을 지불하겠다는 의지를 보여주고 있는데 어떻게 합니까?|||특히 생활물가는 거의 2배가 되었습니다.|||상급지가 아닌 곳의 아파트 가격이 22억이라는 것이 정상인가?|||일이 있는 것에 감사드립니다.|||가능한 대출을 모두 꺼내 집을 샀기 때문에 그렇습니다.|||미친 부동산 버블을 방치한 결과다|||경제는 무너지고 있지만 인위적인 높은 주가지수와 반도체만의 호황으로 경제 상황이 좋다고 착각해 놓고 있는 무능한 정부 때문에 서민들이 점점 어려울 수밖에 없다.",0
U7X6idHw3zY,"이재명이 결정하고 선택한 그 사람, 정체 알고 경악","어리석은 국민이 하루 일찍 일어나야 합니다.|||국가보안법의 폐지 절대 반대 무조건에 저지해야 합니다|||이죄명 탄핵!!!!탄핵!!!!|||이재명 빨리 구속하자|||김우철 감사원장 반대|||아, 제 조국입니다.|||국력은 똥 모여 감사원의 비결을 파고 막아야 합니다.|||방탄의 벽이 높을수록 파괴될 때의 충격은 더 큰 법이다!|||죄가 많기 때문에, 부득이하게 자신의 측의 골수를 감사원장에 앉게 할까?|||한마디로|||악마는 악마 행동을|||죄명이 신속하게 재판되고 인하되는 것이 정답|||김우철 감사 반대공산주의 몬스터나라|||이재명을 하루 빨리 재판을 받고 인출하지 않으면 나라가 살|||기가 차네요, 이재명을 꺼낼 수밖에 없습니다.|||북한처럼 배급돼 먹지 않으면 국민을 깨우려고 국민 전원이 깨어나야 하지만 너무 멀다 대한민국|||완전히 멈추지 마…|||악질적인 집합소는 누가 될 것인가? 한숨만 나온다|||마음대로 할거야.|||죄명 하루 빨리 탄핵시켜 구속시켜 나라의 개판이다|||정말 어려워진 자유민주주의가 멸망하는 이유는|||이들은 중립 과정은 머리에 전혀 없습니다.|||언젠가는 국민의 유혈사태 일어나야 하는 것 같습니다.|||이재명 진구진구르다 김현지 비성실세다 특검하라.|||나라는 정말 가정적입니다.",1
82iElNY-irE,이재명 등장하는 녹음은 무엇을 하는가?,"최고입니다 최고의 미디어|||이재명이 통일교를 해산시키겠다고 위협하는 이유를 알고 있는데,|||불의가 법이 될 때 국민저항은 의무가 된다|||그런데 이재명 재판을 재개하는 게 김현지 정진상, 김남준, 김용, 이석기,|||윤영호는 싹을 날리는 답이다...|||전혀 할 수 없었던 일은 해냈습니다. 역사적인 인물과 진정한 인간이 아닌 괴물입니다.|||검을 치는 것은 어렵습니다 ...|||나는 남부부의 끝에 왕을 찢어야 한다.|||여당을 보는 개특검 철수를 맞아야 합니다|||양파처럼 카드 드 나오는 범죄자 앞과 4 범의 사기꾼을 긴급 체포하라.|||이재명을 심판하십시오 이재명을 수사하십시오|||범죄자들은.|||민중기 고발 조치로 특검하라.|||모조를 잡아야 한다|||인과응보! 세계이다|||민중기 특검을 해체하고 민중기를 구속해야 한다.|||모르는 것을 가르쳐 주셔서 감사합니다.|||이재명은 어쨌든 끝이 없구나. 능력이 없으면 내려서 재판을 받고 따뜻한 빵에 가서...|||뉴스 감사합니다 싸움입니다|||갖고 싶은데 안 되니까 종교 탄압할까? 그리고 나머지 사람|||내란의 두두 이재명과 통일교의 불법자금 수수한 각료.|||이재명 이자를 탄핵시켜 재판을 시작하라. 그리고 좌파 더블어 민주당이 당을 해체하라.|||진실은 분명해진다!!!!|||3대 특검 부력자들 모두 구속 수사해야 합니다|||이재명이 통일교도 3명인 이정우에게 임명장을 주었다...",1
POmdw0KB_zw,민중기 특검 충격 실체!,환승합시다.|||폭탄이 되었다|||민준기|||특검하십시오 .... 민주당|||민중은 탄핵하고 특검해체하고 국력당이 지정한 특검수사단에서 구속수사하여 진실을 밝혀야 한다|||민준기 수사하세요!!!!!!|||민주당이 합류하면 적지 않다! 당신이 받으면 불법 내가 받으면 합법!|||민중을 규탄하다|||특별검이 아닌 기분으로 행동하는 특별단체,1
i2ePP4-Dd_s,"파문 이재명, 지금 긴급특명 내란재판부 설치 강행통일교 해산!! 조희대, 충격발언! 민주, 반란 사태 폭발!","이재명은 절대 대통령이 될 수 없다 빨리 꺼내야 한다|||이재명 정권은 정상이 아니다 반드시 꺼내야 한다|||이재명 빨리 처리하지 않으면 사법이산|||범죄자 전과 4범 대통령 국망상 세계적으로 부끄러운 사법부는 하루 빨리 범죄자 전과 4범 재판을 재개하라|||안보론은 언제나 응원|||이재명 지금은 그만하자는 정치에서 국민과 시험해볼까,|||범죄자 이재명이 본인을 살리려고 법치를 파괴하고 나라의 근간을 무너뜨리고 있다.|||이재명이 지금은 미쳤다.|||국보법 폐지 이 나라입니까? ㅡㅡㅡㅡㅡㅡ 입사법농단|||종교 자유를 없애? 고요함! 헐|||세계에서 가장 강력한 독재국가의 탄생|||찐 죄를 부탁드립니다.|||범죄인이, 살아남기 위해서(때문에) 발악을 하는, 국민들 전원 부담해, 범죄인혼 자살하면,,|||이미 종교까지 탄압한다는 것입니까?|||국민이 원치 않는 법을 만들지 않고 진정 국민이 원하는 법을 만들자 재판 피난 방탄법 국민은 징글|||나라가 무너지고 있다|||언제까지 계속 횡설수설해야 합니까?|||찐 죄의 사기|||권력도 지나면 망가진다. 이것은 현실화에 가깝습니까?|||역사는 진실을 말하는 미래가 걱정|||이제 믿고 돌아와 인내|||증인과 증거를 제거하겠습니까?|||국회·헌재내 난탈한다. 내란이 아닙니다. 윤통 파는 것 뿐이다. 특검, 수사 해산, 모두 해방하자. 핵심 선거. 국민을 보려면 단지 인연만. 내란확증은 3차 소추되지 않으면 내란범인 탄핵무효.|||법치 파괴!!|||놈이 죽을 때가 된 것 같습니다. 인민법원의 설치와 종교탄압은 정권을 멸하는 지름길이다.",1
CPF2ATk5fdk,"선관위 간부 2명, 드디어 검찰 성치, 민중기도 고발돼 오상종, 자유대한호국단장","부정선거의 외침은 오상종단장 국민영웅입니다.|||오상종 대표 같은 쪽이 국회에 들어가야 합니다.|||장동혁 대표를 따르지 않는 국력당 국견원은 무조건 떨어뜨려야 한다.|||노태악 특검 전국민이 일어나야 한다|||오상정단장 감사합니다|||배신자를 기억해 둔 지역 자유 우파 유권자가 낙선 운동합시다.|||우파는 얼굴이 잘 보였다.|||민중기, 반드시 감옥에 보내야 한다. 만연한 국력 배신자 고발하십시오|||그것은 진정한 애국자입니다.|||권엔진과 같은 인간이 국력당이기 때문에 민주당에 도움이 되는 인간이 왜 국력당에 있는지, 배현진 한동훈|||하늘도 잘해야합니다|||부정선거는 중공을 비롯해 미국도 일부 공화당 민주당이 또 정보기관까지 개입된 그 카르텔이 너무 커서 트럼프도 매우 고심하고 있기 때문에 부정선거에서 대권을 하는 자는 핀셋 제거를 하고 대통령선거는 전자개표가 아닌 수표로 시행해야 한다.|||범죄자 공화국이 된 국가 부정 선거에서 국회의원이되어 대통령이 된 국가|||오상종 파이팅|||오상종 단장! 감사합니다.|||파괴|||오상종 단장에게 고생하고 있습니다.|||자유대학원 지도자는 최소 40개 이상의 출마권을 부여해야 합니다.|||검사 판사의 나라를 위해 즉시 부정선거를 계시하십시오.|||선관위는 해체되어야한다. 너무 썩은 곳을 꺼내.|||감사합니다. 오상종 단장|||가족회사 선관위 부정선거 하루 빨리 밝혀질 것을 간절히 기도합니다|||단장 고생했습니다 오상정 단장|||한동훈 조경태 한지아김예지김용태 김재섭 배현진|||고상종 단장의 애국 활동을 적극적으로 지지하고 응원합니다.",1
zeJ6gmzZoYM,시스템 공학으로 계엄과 내란을 명확하게 해방했다,"나라를 위해 끝까지 최선을 다하십시오! 감사합니다.|||그러나 전 박사는 건강합니다. 나라의 헌신에 감사드립니다.|||대한민국 동원박사가 응원하고|||공학 박사! 건강한 모습을 보면 좋겠습니다!!!! 많은 고쵸를 쏘고 고생했습니다!!!! 추운 날씨를 건강하게 보내십시오!!!! 감사합니다!!!!!|||그러나 전 박사는 진정한 애국자입니다.|||전세계 부정선거에 사용되는 한국산 Aㅡwab에 대해 다루세요ㅡ 신속하게. 서둘러요.|||그러나 전 박사의 애국에 대한 충성에 진심으로 감사드립니다. 응원합니다|||내란은 범죄4범리죄명이 부정선거로 정권찬부했습니다. 리죄명은 내난수 덩어리입니다. 탄핵시켜 꺼내야 합니다. 범죄 4 범죄 죄 방제.|||수십 년이나 긴 탄압을 받고, 최근에는 긴 지붕까지 고령의 나이로 행해진 박사님! 당신은 내 인생의 롤 모델입니다. 존경합니다!|||자유 대한민국 애국자,|||민주당과 스파이 박성원과 국정원 동 횡령 한홍장원이 만든 내란조작죄, 윤 대통령은 내란을 한 것이 아니라 불순 분자에 대한 게옴 영계령이었다|||시스템 엔지니어링 박사의 건강을 배우는 박사|||내란은 이재명 민주당 100|||2분 확실히 정리하십시오.|||이진광은 친중 세판|||디 박사 정말 오랜만에 만나겠습니다!|||윤통은 최근까지도 518정신호 의무사와 다르지 않았다. 그러니까 최근까지의 정세 판단력에 대해 사과해야 한다. 부정선거, 의회독재에 대해 계엄을 선포한 것은 능숙했다. 무죄로 해방되는 것이 맞다. 이것이 땅박사의 생각이라고 생각한다.|||하지만 전 박사, 괜찮네요. 대단한 애국 수호의 상징인 이원 박사, 최근에는 이상하게 이지원 박사, 지기영 판사, 두 사람의 이름이 점점 연상된다.|||내 눈에 딱 맞는 사람들은, 그러나 원 박사, 그리고, 서울역에서 부정선거의 척을 하는 이름은 잘 기억할 수 없는 무슨 박사와, 진격의 변호사들…|||디 박사의 주장은 시스템이 망가졌을 때 예.|||무엇이 어렵게 분석됩니까? 혼란스러워? 계엄은 대통령 기본 임무인데… 자신의 일을 했다고 내란인가. 일을 할 수 없었던 것이 내란이군요.|||알림 오늘 밤 11시 논 썰매 TV에서 우파끼리의 토론 생중계. 대히트 할 것이다. 시청자 수와 채팅. 조청재 고대경영학과 대난포. 참고로 저는 초천재가 최고의 우파 브레인이라고 생각합니다|||그러나 전 박사는 진정한 애국자입니다.",1
Q4mjY68d_8w,트럼프가 베네수엘라와 한국에 대해 같은 날 행동으로 옮겼다.,"트럼프 대통령에게 경의를 표한다 한국에도 상륙|||미국과 한국은 혈맹이다.|||한국의 부정선거 카르텔들의 한때에, 척추의 끝까지 응집해야 한다!|||ㅡ 곧 대한민국도 정상국으로서 세계의 지위가 될 수 있습니다|||트럼프 타본|||베네수엘라를 수령하고 스마트 매틱, 선관위 서버에 관한 자료를 확보하기를 바랍니다.|||듣는 동안 나는 기쁜 소식입니다.|||트럼프 파이팅 한국으로 이동|||계엄이 끝난 후 한국 군인들에게 스파이가 많다는 것이 밝혀졌다.|||하루 빨리 움직여 주시는 가슴이 장대해진다!!!!!! 트럼프 대통령 파이팅!!!!!!|||트럼프 대통령. 건강하고 대한민국을 돕고 언제나 파이팅|||파괴|||트럼프 파이팅|||토톤은 최고의 칭찬|||누구의 압력으로. 출입했는지 한 장이 조사해 엄벌하라 버려라. 그리고 미국에서 엄격하게 해야|||토톤님! 이른 날에도 빨리 오세요.|||1기 정부 때 알고 보낸 트럼프 대통령님! 글쎄, 자유 민주주의의 나라에 오세요!|||트럼프 대통령의 파이팅을 응원합니다.|||부패 정권 공산주의자는 언제 처분합니까?|||이미 대한민국은 누군가의 도움 없이는 정상화할 수 없다.|||군사 돌입 항공기를 띄웠다.|||한국에 부정적인 선거를 알려주세요.|||프레지던트 트럼프! 파이팅!!! 진실이 이긴다! 하나님이 함께 있습니다!|||트럼프처럼 강하게 지지합니다. 우리나라도 악의 무리들의 손을 보세요.|||하루 빨리 꺼내야",1
DR1qZMZf8R4,내란특검증거조작을 꺼낸 위현석 변호사,"조작 특검을 특검하고 엄중한 처벌을 해야 합니다.|||뒤집어 평범한 사회로 이끌어가야 합니다.|||증거 조작 특검 그렇습니다. 특검을 특검해야 합니다.|||특검 이러고 누가 지시했는지 그 배후를 밝혀라|||특검을 특검하라 나와 망치고 사람의 생명을 벌레만도 만들지 않는 특검 본인명을 귀중하게 생각하면 타인의 생명을 귀중하다는 것을 알고 나쁜 놈 특검죄치 받아|||위현석 변호사는 훌륭합니다.|||조작 특검을 특검해라|||특검을 특검해라 이재명을 재판하라|||이재명 재판 하락 in 홍대일자 12.13일 토요일 오후 1 30위|||명명 되지 않은: 수수께끼 같은 기법으로 나라가 튀어 나왔다.|||노상원 장군 적극적으로 지원합니다,,,,,,,,,,|||자유 대한민국 대통령 현실이 사라져 버린 김문수 대통령 후보 자신이 날아갔기 때문에 너무나 나도 충격을 받았다. 중공 CCP 중앙선 관위의 음모 반역행위로 투표는 압승해 개표에 패한 김문수 후보가 아름다운 승낙선언이 표를 준 자유우파 국민에게 엄청난 실망을 안고 말았다. 미국 트럼프 정권이 부정선거 수사에 착수해 온두라스 베네수엘라를 넘어 극장 이재명 정권에 쓰나미가 덮치는 시간 앞에 보인다. 김문수는 비운 정치인으로 사라지게 된다. 정말 유감입니다. 김문수의 정신을 보세요!",0
ljSwPvVE3uQ,계엄령을 내린 진짜 이유,"정식 버전 검토 https www.youtube.com live fuUKeit1qY0?si ByA j7F4BwYdAeDk 요약 민주당의 반국가적 패배가 도를 넘었다. 이재명이라는 중죄인을 보호하려고 22회 탄핵을 난발해 대통령 특활비까지 0원으로 줄였다. 문재인에게는 96억원을 펼쳐 현직 대통령에게는 한 잔도 주지 않는다는 패배로 국정운영을 마비시켰다. 원발생태계 지원비용 1,112억원, 첨단제조기술개발비, 청년고용지원금까지 유일하게 칼질했다. 대신 자신들의 연봉은 1억6천만원이나 올렸다. 나라의 미래는 안중에도 없는 반국가적 도둑 정당이다. 더욱이 가관인 것은 중국 공산당원이 한국 군사시설을 촬영해 간첩이 날뛰는 상황에서도 간첩죄 개정에 반대했다. 천만원에 군사기밀을 팔아 한국 정보요원이 북한에서 처형되고 있는 가운데서도 한 눈에 자랄 수 없다. 이들은 대한민국의 정통성을 부정하고 국가의 근간을 흔드는 위험한 내란 집단이다. 윤석열 대통령의 말대로 지금은 누가 진정한 대한민국인지 누가 반국가 세력인지 분명히 가야 할 때다. 내란세력 민주당의 반국가적 패배의 실태를 고발한다.|||우리는 계엄에 집중하는 것이 아니라 계엄이 된 배경에도 관심을 가져야 합니다. 윤 대통령이 단순히 독재를 하고 싶어서 계엄을 한 것일까요? 이 21세기에? 단순히 내 여자를 보호하고 싶습니까? 그렇다면 오히려 재판에 힘을 사용했을 것이라고 계엄은 잃는 일이 너무 많습니다. 비논리적인 선동에 휘말리지 않고 제대로 볼 수 있는 시점을 가져야 합니다. 우리는 아마 이미 계엄과 다르지 않은 그들의 독재에 살았을지도 모른다. 좋은 동영상 감사합니다.|||국민 수준에 비해 이 나라는 매우 능숙했다는 말이 딱 맞다|||여기를 보고 깨어난 사람들 대통령 계엄연설과 계엄철회 후 담화 내용을 꼭 들어보세요.|||이 영상을 단 계명 2일 후에 업로드했다니 놀라운 통찰력인가|||저는 30대 여성입니다.|||제일 문제인 것은, 선동된 사람이 선동되었다고 인정하지 않는 부분이라고 생각합니다.|||정말 고마워서 모르니까 죄송합니다. 나라처럼 지켜라. 청년들 모두 함께 일하자.|||너무 옳은 말이라고 눈물이 있어 정말 현실을 알고 있으면|||응원합니다. 제대로 판단할 수 있는 국민이 늘어나길 바란다.|||투표도 하지 않아서 죄송합니다 제가 정말 부끄럽습니다. 계엄령을 하기에 충분한 이유가 있었습니다. 정말 반성합니다.|||나무를 보지 않고 숲을 보라. 나라를 빼앗으면 내 아이 미래도 없다.|||나는 중도였지만, 이쪽 덕분에 우파로 전향하게 되었습니다. 사실을 정중하게 잘 설명해 주네요.|||계엄령이 내려졌을 때는 무엇을 하고 싶었는데 이유를 알고 상황 파악을 해보면. 이 계엄령이 아니면 사람들은 정치에 관심을 쏟았을까. 그러니까 대한민국 국민이라면 대한민국의 올바른 미래를 위해 마음을 모아야 한다고 생각합니다. 깊게 살펴보고 진실을 생각하고 판단하는 것을 알고 있는 그런 지견을 갖고 싶습니다.|||지금은 왜 무슨 일이 있었는지 생각하는 사람들이 많아지기를 바랍니다.|||40대 어린이 3 엄마. 진짜 눈가리개로 귀를 기울이고 다른 세계에 살고 있었습니다. 놀랐습니다. 찾아보면 정말로 있었던 뉴스입니다. 왜 몰랐어? 놀랍습니다.|||다시 한번 봐도 감탄할 때 그의 용기와. 메이테츠 상자 대단|||이것은 SNS 인스타, YouTube, 블로그 등에 익숙한 젊은 세대 분들이 정말 각성하고 합류하고 공유해 주셨으면 한다. 중국에 나라를 먹을 수 있었다.|||이 비디오는 진짜 ㅈㄴ 제발 넓어야합니다.|||베네수엘라를 보여주기 위해서는 한국 국민이 이 영상을 봐야 한다!|||수능을 앞두고 있는 현 고3입니다. 고1 때 한국사의 수업을 듣고 중립을 지키면 부모님의 두 사람의 다른 정치입장을 번갈아 듣고 따로 혼자 기사와 영상을 직접 눈으로 사실을 확인하면서 나름대로 눈을 뜨고 있다고 생각했습니다. 이후 정치와 법을 수능선택과목으로 선택해 작년부터 2년간 공부해 법학과 진학을 희망하게 되었습니다. 그래서 처음에는 계엄 자체가 범법 행위라고 느꼈습니다. 계엄이 자유를 빼앗는다는 것을 알았습니다. 계엄을 시도한 전 대통령을 왜 아직 지지하는가? 라는 의문이 생겨, 하나에 꽂기 시작하면서 좌파의 성향을 조금씩 띄우고 있었습니다. 그러나, 검찰청 폐지에 의한 3권 분립 붕괴의 우려를 시작으로, 복수의 자료를 찾아 보면 상상도 할 수 없었던 것이 계속 전부터 진행중이었다는 것을 깨달았습니다. 무비자 입국 이후 늘어난 남녀노소와 어리석은 납치, 대국민사죄나 cctv 공개가 없는 행정정보시스템 화재사건이 너무 말할 수 없다고 생각하며 이거 방문보다 이 영상까지 왔습니다. 초반에는 계엄이 아니라 오히려 다른 방법을 선택했다고 생각했지만, 지금은 그 당시 선택사항이 계엄밖에 없다는 것을 알게 되었습니다. 공산주의가 되는 것도 큰 문제입니다만, 지금 전쟁이 일어날까 걱정이 됩니다. 해외 언론도 보면 한국이 많이 위험한 상태네요. 수능을 위해 독서실에서 11시 반 12시까지 항상 남아 있지만, 어두웠을 뿐이었던 독서실 건물의 입구와 후문에 봉고차가 2세대씩 보이기 시작해, 부산 같은 지방측에 잘 떠다니는 것으로 알고 있던 행방불명 문자가 지금은 내가 살고 있는 지역구에서도 대단하네요. 부모님도 퇴근해 주시는 도중에 험한 날이 되어 버리는 것이 아닐까 생각하고 있던 딸이, 퇴근 시간 맞추어 짧아도 전화합니다. 중립에서 좌파를 핥아보다 우파가 되었는데, 좌우를 떠나 많은 사람들이 이 영상을 보고 싶네요. 정치의 흐름에 흥미를 가지기 시작한 청소년인지는 모르는 경우가 많습니다만, 그래도 주장을 명확하게 말하고, 논리적으로 팩트를 가지고 반론하기에는 많은 지식이 없어야 했습니다. 공부하러 가자. 모두가 싸움입니다. 그리고, 반드시 어두운 길이나 사람이 없는 길에서는 전화로 통화해, 안전 귀가해 주셨으면 합니다. 부모님 중 한 명이 집에서 쉬고 있을 때는 거의 하루 종일 왼쪽의 동영상을 듣고 있지만 어떻게 이야기를 꺼내야 합니까? 좌파로 우파가 될 뿐이라면 정말 깨어나겠지만 아직 계엄만 말하고 있습니다.|||19살 학생입니다. 주변 사람들의 SNS에 윤석열 대통령 탄핵 스토리가 넘쳐난다. 그러나 나는 왜 계엄령을 내렸는지, 대통령이 누구와 싸우고 있는지에 대한 이야기를 당당히 올렸다. 욕설도 먹고, 외면되어도 몇명의 친구가 진실을 보는 눈을 뜨도록 작아도 도울 수 있어서 매우 기쁩니다. 대한민국의 민주주의를 위해 우리 조국을 위해 당당히 알려야 합니다. 아직 생일이 지나 투표권이 없는 학생입니다만, 나는 당당히 알려 드리겠습니다. 많은 어른의 분, 선배에게 부탁합니다. 용기를 내주세요.|||40대 남자인 사실 기반 영상 주위에 많이 알려|||법에 명시되어 있는 계엄은 대통령의 불변 권한 계엄은 정당했지만 내란은 민주당과 특검과 레거시 방송이다!|||계엄령 소식을 보고 왜 뒤로 가는지 걱정했는데... 민주당의 만행을 알게 되었습니다.",1
azbAiIEZ8sY,한길삼이 제대로 싸웠다.,"그라운드 c 전해진 길삼. 정말 자유 대한민국을 지키기 위해서. 목청을 올리는 것을 봐. 존경받는 국력 손온석. 고발한다고 말할 때. 국력당 의원들. 싸게 교체해야|||전한 길! 찜 애국자입니다! 100파 응원합니다!|||진짜 민주당도 문제이지만 부패한 국력에서 갈아입어야 한다고 생각한다.|||뜨겁고 멋지고,|||그렇습니다, 지켜야 합니다. 감사합니다|||100000 번 맞는 말 진심 애국자 순수한 ​​분입니다|||나도 눈물이 있었다.|||애국자 정한길 선생님, 그랜드씨 감사합니다.|||진짜 애국자!|||훌륭합니다.|||전해진 길삼이나라의 진정한 애국자는 매우 기쁩니다.|||맞습니다.|||전천 진짜 애국자에게 감사드립니다.|||그랜드 씨의 올바른 목소리와 올바른 단어가 최고입니다.|||네, 고마워요.|||멋지다|||애국자입니다 !!!! 그라운드로하십시오.|||멋진 애국자|||맞습니다.|||진짜 애국자|||썩은 채 썩어 악취가 진동하는 국력|||그렇습니다, 정말 애국자입니다.|||둘 다. 보석입니다 ㅡ 항상 감사합니다|||한길삼그라운드 시창동혁 김민수 나경원 난세의 영웅입니다.|||진정한 애국자 전한 길 선생님 응원합니다",0
YHoq8E0nvw4,이것은 국민의 눈높이입니다.,"매우 상당한 말씀입니다.|||맞습니다. 모든 사실 검사 후 비상계엄은 내란이 아닙니다.|||최고군요 지금 전시중 맞습니다 생명을 걸고 자유 대한민국을 지켜야 합니다|||나라를 위해 이렇게 최선을 다해 주셔서 감사합니다.|||배신자의 민간일이 밝혀졌습니다.|||그라운드 C 김성원 대표님 수고하셨습니다.|||무치치다 우파에게 이런 분이 있어 힘이 나옵니다. 감사합니다.|||이번 국력 국회의원 중 세비가 아까울 정도 때려 당론에 따르지 않는 사람은 퇴출시켜야 합니다.|||박정권 의원은 최고이며 정말 옳다고 생각합니다.|||그리고 역시 최고의 코멘트입니다 당원 63 프로가 국민의 눈높이|||모두 걸었다는 말에 진정성이 느껴지네요.|||올바른 말입니다.|||대통령으로서 비상계엄정당한 탄핵무효|||국민의 힘, 최선을 다해 박춘권 의원님을 응원하고,|||네, 그렇습니다.|||국력 대표!!! 적극 추천|||국력이 정신적이어야 한다 젊은 국력의원의 패기가 필요|||국민은 자유민주주의의 체제를 지키고 싶다!|||정말 정말 올바른 단어 감사합니다!|||윤석 열 대통령의 국민이 지지합니다.|||아무쪼록 잘 부탁드립니다. 국력|||올바른 말입니다.|||고마워요, 존경하고 사랑하세요 당신은 영웅입니다|||당신 같은 분이 국력에 필요합니다.|||이번 진정한 국민의 힘이 되는 의원임을 보여주세요! 국민을 위해 싸워라!",1
mXVyhtZAlno,이재명 옆 이재영의 표정이 어두운,"기업은 대케입니다.|||올바른 말입니다.|||이죄명 봉인법|||이재명은 거짓이기 때문에 즉시 직무 정지시키지 않으면...|||파괴|||옳은 말, 기업이 없다면, 우리 사람들은 넘어질 것입니다, 노란 봉투법을 폐지|||진짜 열광|||노봉법 폐지를 강하게 촉구한다!!|||올바른 말입니다.|||바로 말입니다.|||노란 봉투법은 반대입니다 나라는 스트레스 왕복|||역시. 최고.|||민노총 지금, 당신이 하는 행동이 한국을 이끌어가야 하는 청년들이 많이 힘들어요.|||민노총은 해체해야 합니다. 기업이 있고 개인의 권리가 있는 것이다.|||국민을 위한 정치가 아니면 필요하다! 모두 내려주세요!|||총 기업 수의 작업은 언제입니까? 곳곳에서 모든 것을 끌고 있습니다.|||이것은 항의하고 일어나야 한다|||6.25는 아직 끝나지 않았다.|||기업이 있어야하며 노동자도 있습니다, 어쨌든 자고 있습니다!|||옐로우용 예연 회장의 나라를 위해 필요한 분입니다. 응원합니다.|||킹 타이밍 강점기가 빨리 나오지 않으면 나라가 살|||잘생긴 분이 인상도 부드럽게, 우리 보수해 주셔서 정말로 감사합니다 몰랐던 사실을 전해 주시는 감동입니다 공부가 많이 됩니다,|||김성원 대표의 말이 맞다. 삼성기업 만세!|||맞다! 참는 것이 기쁘고 기분 좋은 것! 법만 나오네요!|||탄핵하자.",2
DLLQf7-XYYo,이재명 결국 대형사고,"화가 난다. 이 나라입니까? 나라를 더러운 범법자가 정치한다고 하므로 국민이 일어나자. 더 이상 국회에 맡겨서는 안됩니다.|||미친 세계 ....|||나쁜 일이 처벌을 받기를 바란다!|||매우 화가났다.|||좀 더 강하게 알려드리겠습니다ㅡ 탄핵감탄핵|||아니, 정말 언제까지 전과 의사가 보복 정치를 하고 있는지 살펴야 합니다.|||국민을 모두 일어나라|||그 한 사람을 위해 5000만을 잃은 후 정답|||대한민국 만세! 아니 대한민국 공화국? 돈의 권력 미디어가 있으면 모든 세계|||이것은 정말 어떻게든 들어 올려야합니다!|||우리 국민은 똥을 모아 투쟁해야 합니다|||범죄자 대통령 범죄자 총리와 내각 지금 범죄자 특별 사면까지 ㅠㅠ|||그라운드 대표는 옳은 일을 말해 주셔서 감사합니다.|||오휴는 점점 더러운 세계가 되고 있습니다.|||국민이 침묵하지 마십시오.|||반드시 자유 대한민국을 방문합시다.|||커지고 있습니다.|||상식이 사라진 대한민국과 가짜 대통령|||최고, 감사합니다.|||5천만의 분노를 표명하고 집회에 가야 합니다. 나라를 구해야 한다|||이것이 내란입니다. 정치를 차례차례로 하면서 전 정권을 내란 몰이 하는 것이 사람이 하는 것일까요?|||눈치채다|||올바른 말입니다.|||가족 사기단을 특별 사면을 해준다니 나라가 개판이다. 이것이 공산국가임을 입증해주는 것이다.|||범죄자 하나를 삭제할 수 없습니다.",1
dz9L9Qz-NJA,듣지 않고 끊임없는 원인,"풀 비디오 https youtu.be 8C0lOT2SaL8|||김성원 선생님은 고생하고 있습니다.|||백만 번 지탱받은 말씀입니다. 이 분의 통찰력 최고군요.|||맞습니다.|||최고입니다. 국회에 모셔야 하는 진정한 애국자입니다.|||맞습니다.|||맞습니다.|||단어 절의 올바른 단어|||진실을 가르쳐주고 성실한 애국자 김성원 대표에게 감사드립니다.|||올바른 말입니다.|||이런 분이 국력에 있어야 합니다.|||맞습니다. 문재인 정부가 광화문애국 분들을 멈출 때 경찰들은 정말 치명적이었다. 민노총은 감싸는 무능한 경찰이 아니었는가?|||지성. 유머.|||전혀 맞습니다.|||이 분은 정말 시원하고 마음에 듭니다. 파이팅!|||아조 씨 .. 왜 그렇게 말하는 것이 좋습니다.|||정확한 정보를 전달하는 미디어에서 오랫동안 활동하십시오!|||아, 정말 멋지다.|||진짜 성대 모방 재능|||대표자 진짜 성대 묘사 미친 왜 이렇게 웃을까요? 공부가 너무 많습니다!|||맞습니다! 우리나라 경찰을 보면 범죄자에게도 구부러진 무엇을 할까?|||공감하다|||단어 절의 올바른 단어입니다 성대 모방까지 떠있는 연예 캐시입니다|||이런 사실에 귀를 닫은 범죄당 지지자들 죄없는 사람의 생존권|||정말 정말 맞습니다.",1
FaB7QDm3wz8,"[#이재명 ] 국토공간 대전환, 대한민국을 넓게 쓰겠습니다! | 지방시대위원회 보고회","언제나 응원합니다. 대통령님 ㆍ건강하세요 ㆍ 입니다. ||| 대통령님 화이팅 응원합니다 건의사항 있습니다 전국민 자동차 방향지시등 기 등 관계부처에 지시좀 해주세요 안켜는 차들 너무 많습니다 ||| 대한민국 전세계에 사랑받은 가장 훌륭한 대통령 이재명대통령님 마니마니 사랑해요. 추운날씨에 감기조심하세요 ||| 대한민국 5극 독재 체제 ||| 대통령 님. 아프지마세요 늘 민주당 당원입니다. 건강하십시요 ||| 대통령님 국민들이 많이 지지합니다. 감사드립니다. ||| 대통령님 덕분에 대한민국이 발전하는게 느껴집니다!! 역대 가장 훌륭한 이재명 대통령 ||| A급 옆에 A급들이 포진된 것 정부 좋아요 ||| 잼프정부에서 지방이 얼마나 될지 진짜 기대됩니다 그리고 청와대에서 크리스마스 보내신다고 하는데 크리스마스 영상도 만들어주실거쥬? 아! ! 대체 어디서 살 수 있을까요 ㅎㅎㅎ ||| 결국, 지속가능한 새로운 산업 생태계를 어떻게 만드느냐에 있다고 생각합니다. 지속가능하기 위해서는 '자연 기반의 해법', '생태적 접근법'으로 접근하는 방식의 교육이 필요하다고 생각합니다. 이를 바탕으로 한국형 자원 발굴과 융합을 촉진해야 된다고 생각합니다. 청년에게 는 먹거리를 넘어 청년이 어떻게 미래를 주도할 수 있느냐에 대한 인식을 먼저 심어 주어야 한다고 봅니다 이는 COP 체제에서 그 답을 찾을 수 있을 것입니다. 한국의 자연 환경이 지닌 토양, 식물, 미생물, 문화 등을 융합하고 결합하여 생태적 한국형 10차 산업 생태계를 만들어 가야 한다고 생각합니다. 1*2*3+4=10 ||| 우리 대통령 님 은 항상 건강 조심 하세요! 아 참 쿠팡 사태 심각한 모양인데 카드를 그냥 대면 발급을 대면 발급으로 고쳤으면 피해가 덜 하지 싶네요 건강 ! ||| 이재명 대통령님때문에 무능,무책임한 사람들을 봐주고 , 국민을위함이 아닌 자신들을 위한 사기 정치질은 더이상 발붙힐수없게해야한다 문재인의 똥이 묻은 것들은 잘지켜보고 , |||  ||| . ||| 이렇게 공개된 투명한정부를 드디어 뽑았네요 ❤❤❤ ||| 이런식의 영화 볼 수 있어서 너무 좋습니다. 발전하는 대한민국 기대됩니다! ||| 수도권 은 반드시 살려야 합니다. 지방을 대폭 개발과 투자를 통해 젊은이들이 생업에 종사할수 있게 발전시켜야 하고 수도권 부동산 정책도 계속 발굴해서 아파트 가격을 반토막은 만들어야 합니다 ||| 저 참 잘뽑았습니다 ||| - 늘 알려주셔서 감사합니다 이재명 정부는 투명해서 좋아요~❤️ ||| 이재명님 ! ||| 대통령님과 함께라면 대한민국은 초강대국, 초경제대국이 꿈이 아니라 곧 다가올 거라 믿습니다! ||| 대한민국을 '""넓게 쓰겠다""는 말이 나온다 ||| K 민주주의를 이끌어가는 이재명의 리더쉽이 대한민국을 넘어 세계로 널리널리 퍼져 집니다 ||| 나라를위해서 수고많으십니다 . ||| 대한민국을 넓게 쓰겠습니다. 말씀 드립니다 ||| # 응원합니다 ||| 대한민국의 최고의 리더 이잼대통령님께서 계시니 매일같이 흐뭇하고 행복합니다. 하지만... 그냥 손놓고 행복하게만 있을 수 는 정신 똑바로 차리고 울 이잼대통령님을 지키기위해 열심히 몸 밭갈이하고 있습니다.. 독립투사 의 마음으로요~~~ㅎㅎㅎ 울 이잼대통령님 꼭 건강하시고 넘 무리하지만 마셔요.. 누구든 건드리기만 해봐라~~~~ 국민들이 눈뜨고 가만히 있지 않을테니~~~~~~~❤ ||| . ||| 이재명 대통령 을 해야 나라가 안정 될것 같습니다 항상 응원합니다 ||| 대한민국의 가장 위대한 지도자!!!!!!!!!!!!! ||| 대통령 되기전에 그런 생각이 든다 이재명후보가 대통령이 되면 대한민국이 제2의 경제 가 될것 같은 생각 그런데 지금 그렇게 하고 있는것 같아 얼마나 뿌듯한지 내란청산만 완전히 되면 금상첨화일것 같다 ||| 대구는 시민들이 야 발전한다 나라를팔아도 새누리당 찍는다는 곳 ||| 지방 중 유일하게 반도체 FAB 이 있는 청주의 테크노폴리스에 있는 SK하이닉스의 기보유 중인 공장용지에 신규 FAB 를 가능한한 빨리 착공하고 세종국가산단에 반도체 FAB, P&T, 관련 기업들이 들어와서 반도체 클러스터가 만들어지도록 정부의 보다 전폭적인 지원이 이루어져야 합니다 아울러 12월에 반도체특별법도 반드시 통과시켜야 합니디 ||| 이재명 대통령님! 국민들이 절대적으로 응원합니다 지지합니다 늘 응원 기원합니다. ||| 이재명 대통령 에게 바랍니다 우리나라에 홈쇼핑방송이 너무 만아서 혼란스러워요 홈쇼핑을 해야 합니다 그리고 홈 앞세워 가격도 올리고 너무 심각합니다 ||| 이간질세력이 있는지 한번 살펴보세요. 존경합니다 대통령님. ||| 대법원, 경찰청, 감사원, 각종 위원회등 권력 기관을 지방으로 옮겨야 효과가 있을것 같습니다~ ||| 대한민국~ ||| 최고 훌륭하신 대통령님 ! ||| 이재명 대통령님 대통령님과 나라를 위해서 간절히 기도합니다 ||| 잼통님만 믿고 요 온국민이 하나로 똘똘뭉쳐야 사는길 이고 우리나라의 미래도 앞으로 쭉쭉 갈수 있어요.세계강대국 을 원합니다 ||| 잼통령님 제발 연임해주세요 임기 가 6개월이나 지났다니 아 안돼ㅠㅠㅠㅠ ||| . ||| 쉴틈없이 . ||| 국가균형발전....꼭 해내야 하지만 매우 어려운 과제인거 같습니다. 저처럼 지방에서 태어나 수도권에 정착한 사람들의 경우는 일자리만 해결되면 언제든지 다시 지방으로 돌아가 있는데 서울에서 나고자란 사람들의 경우에는 마치 서울 떠나살면 죽기라도 하는것처럼 심리적인 저항감이 엄청난거 같던데 이부분 해결이 정말 어려울거같습니다. ||| 이재명대통령님 청화대 들어가기 전에 압수 수색 검사해야 합니다 ||| 이. 재명 대통령님 ‍♀️ 항상 건강하세요 ||| 전체 국토에 대한 과제에 정말-수고 많으셨습니다 ||| 이런 대통령 처음~ 내가 택한 대통령이라 더 뿌듯하고 행복합니다~ 오직 대한민국 국민만을 위해 일 한 대통령 이재명!! ||| 토론하고, 조율하고, 통합하여 , 이끌어내는 현명한 정책 결과를 만드는 이시대의 참 지도자네요. 토론하면 싸우는 줄알고, 주입식교육에 익숙한 대한민국 모든 국민들이 서로 배려하고, 배려 진짜 대화, 토론을 많이 할 수있도록 대통령이 솔선수범하네요. |||  ||| 이재명님 응원합니다.. 꼭 더 좋은나라로 만들어주세요. 힘이 되드리고 싶어요 ||| 좋아요 수고 합니다 항상 응원 합니다 ||| 충청도 지역 통합 제안 ||| 오늘 고생 많으십니다 ||| 이런 거 너무 좋음.. ||| 윤석열 임명 무효 처리하라. ||| 요즘 개인 화물운송차들 다죽어나갑니다. 제발 살펴 주세요 ||| 70프로가 산악지형입니다. 지속가능한 개발 꼭 필요합니다. ||| 충청 북도 가 위치도 북쪽에 있는것도 아닌데 100년된 행정 조직을 8도를 5로 한다고 하면 좋겠음 ||| 와 ||| 강훈식의 피곤한 얼굴....하지만 너무나 잘해주고 있어서 고마워요 ||| 신용한 님 골자가 시원해서 맥이 잡힌다. 내 꿈을 펼칠 수 있게 지방을 안든자! ||| 이재명 대통령님 , 성공을 기도합니다. ||| . ||| 대한민국을 위해서 애쓰시는모습 들 힘내세요 감사합니다 ||| # 셔요 ||| 단락별 요약 00:01 ~ 02:32 균형 발전과 자치의 강화 - 균형 발전과 자치의 강화는 대한민국이 지속적 성장을 위해서 피할 수 없는 국가적 생존 전략이 됐다고 생각함 - 오극삼특을 중심으로 다극 체제를 만들어감으로써 성장의 동력을 새롭게 확보해야 될 시점인 것 같음 - 지방시대위원회가 그간에 준비한 균형 성장 전략, 지역 균형 발전 그리고 자치 분권의 강화 정책들을 전체적으로 들어보고 토의를 통해서 현실화될 수 있도록 어떻게 해 나가야 될지를 논의하는 자리임 03:40 ~ 08:24 AI 시대의 균형 발전 전략 - 3세대 AI 기후위기 시대의 균형 발전 전략이 필요한 시기임 - AI 시대에는 데이터센터를 포함한 에너지와 전력이 중요해지는 시기이기 때문에 분산형 전원을 포함한 지방이 성장 전략의 핵심이 되는 국가의 전략자산이 되는 시대가 되고 있음 - 비수도권 시도 단위의 균형 발전, 균형 발전 전략으로는 수도권 집중을 극복하기가 어려워짐 - 오극 삼특 권역별 메가시티 전략이 나온 이유이기도 함 - 오극 삼특 국가 균형 성장을 위해서 추진해야 될 핵심 과제들을 보고함 09:22 ~ 14:05 행정 수도와 2차 공공기관 이전 - 정부의 집중적인 투자를 통해서 전국에 카이스트 10개, 포스텍 10개, 기업의 투자와 결합해서 만들어가는 기업형 첨단 도시를 조성해 나가겠음 - 지방의 정주 여건, 생활 여건을 개선하는 데 가장 중요한 요소 중의 하나가 대중교통망임 - 지방에 살면 더 많은 혜택을 받는 나라로 만들어야 함 - 행정 수도와 2차 공공기관 이전을 통한 국토공간 재설계는 균형 성장에 대단히 중요한 기반 과제임 15:10 ~ 18:37 행정통합 추진 현황 - 행정통합까지 가기에는 아무리 빨리 추진한다 하더라도 내년 지방선거 이후 가발이 출발이 가능함 - 그 사이에 권역별로 추진해야 될 시급한 사업들은 추진할 수 있도록 광역연합을 통해서 지금 당장 추진해야 되는 경제권 생활권 구축 사업이 추진될 수 있는 체계를 만들어 가도록 하겠음 - 자치분권 관련 핵심 과제들을 보고드리겠음 - 지방시대위원회가 추진할 10대 핵심 과제와 3개 기반 과제에 대해 보고를 드림 18:47 ~ 22:35 균형 성장 자치분권 - 균형 성장 자치분권에 대해서 설명을 해 달라고 함 - 균형 성장을 하는 궁극적인 목적은 결국은 지속 가능한 지방의 생태계를 구축하는 데 있다고 생각함 - 청년들이 지역의 낙후된 구도심 건물 등을 활용해서 창업을 하고 지역의 로컬 브랜드를 활성화시켜서 지역의 정체성을 강화하면서 연간 5만 명 이상이 찾는 레트로 핫플레이스가 됨 22:39 ~ 26:48 지역 균형 성장 전략의 효과적인 추진 방안 - 균형 성장 전략의 효과적인 추진 방안에 대해 이병헌 위원이 몇 가지 말씀드림 - 지역 균형 발전이라는 것이 지난 역대 정부에서 모두 주요 국정 과제로 해서 추진을 했음 - 지금까지 중앙 정부의 지원 방식이 중기부는 중기부대로 과기부는 과기부대로 각 부처가 개별적인 지원 사업들을 산발적으로 추진을 했음 - 이런 것들을 하나로 묶어서 각 지역에 체계적으로 투입을 해서 효과성을 높이자는 방식으로 바꿔야 함 - 지역 균형 성장과 관련된 정책을 수행하는 부처가 10개 이상의 부처에서 수많은 공무원들이 참여해서 수많은 사업들을 하고 있는데 이 사업들을 어떻게 하면 각 지역 단위로 효과적으로 결집해 낼 거냐 하는 게 핵심적인 문제임 26:57 ~ 30:15 국토 공간 재설계 아젠다 - 국토 공간 재설계 아젠다로서 5국 3특 행정수도 완성 초강력권 교통망 구축일 것임 - 성과를 신속히 내기 위해서는 기본 지침을 마련할 때 합의되고 준비된 권역별로 시범적 또는 우선적으로 추진할 필요가 있음 - 5극 3특과 연계하여 국가적 주요 현안인 지방 소멸 문제에 대응하기 위해서는 행정체제 개편의 또 다른 주요 이슈인 행정구역 통합 문제를 함께 고려해야 됨 - 국토부의 국토 종합교통계획과 연동하여 권역별 1시간 교통망 구축의 경우 수도권 GTX망이 그 예가 될 것임 31:16 ~ 35:35 광역 통합의 필요성 - 광역과 광역의 초강력적인 연합과 통합을 논의하고 있지만 기초자치단체와 광역 그리고 기초자치단체 간에서도 가능함 - 광역 지역 연계 협력 사업에 관련돼 있는 신뢰를 먼저 회복하고 그 이후에 결과로서 광역 통합이나 지자체 통합을 같이 접근하는 방식을 병행하는 것이 필요함 - 지역 균형 성장에 성공적인 사례를 남기기 위해서는 주민들을 어떻게 참여시킬 것인가 하는 문제를 핵심 과제로 두고 지역 균형 성장 정책을 펼쳐 나갔으면 좋겠음 36:03 ~ 40:26 광주 전남 반도체 공동 연구소 설립 - 광주 전남 반도체 공동 연구소는 전남대학교에 설립되었고 글로벌 패키징 기업인 엠코코리아, 엠코테크놀로지 코리아와 전략적 협업을 수행해서 국내에서는 매우 드물게 첨단 패키징 특화 연구 및 인력 양성 체계를 동시에 갖춘 지산학 협력 모델을 구축함 - 이 두 기관은 최근 자동차 및 AI 반도체 패키징 기술 또는 AI 기반 지능형 공정 개선 기술 국가 전략 핵심 기술을 공동 연구하기로 했고 관련 분야의 인력 양성도 협의함 - 2027년 말에 반도체 패키징 융합 전공에서 최초로 석사 학위자가 배출되고 지역 산업체에 취업하게 됨 40:40 ~ 45:26 지방의 창업 생태계 - 지방에 있는 대학들하고 연계해서 연구 개발 인재 양성을 함께 해 나가는 사례들이 계속 늘어나고 있음 - 지방의 창업 생태계는 대전 카이스트와 충남대 사례가 모범적임 - 지방의 균형 발전은 정말 중요한 일인데 말로는 그럴듯하고 필요성은 필요성은 엄청 큰데 실제로는 잘 안 되는 경향이 있음 - 지방 시대 위원회의 역할이 정말 중요함 45:58 ~ 51:43 대구경북 통합, 연합단체 설립 - 대구 경북 통합 쪽은 시일이 걸리고 어렵다고 보니까 먼저 사업을 함께 할 수 있는 연합을 특별 지자체를 만들고 싶은데 대구시장 권한대행 입장에서는 자기가 결정할 수 있는 거냐 그래서 행안부랑 협의를 해보겠다고 함 - 행정통합 문제든 연합 문제든 정치적 이해관계 때문에 발목이 잡히는 경우가 많음 - 통합으로 가면 늘 보면 디테일에서 막힘 - 시청을 두 군데 두고 그러면 되지 않을까 함 - 행정관청 소재지는 반드시 1개의 주소에 둬야 된다는 것도 도구마 같음 51:49 ~ 54:43 균형발전 자치분권 강화 - 균형발전 자치분권 강화는 대한민국이 살아남기 위한 생존 전략임 - 수도권으로 집중이 이어지면 비효율이 감당이 안 될 것 같음 - 지방시대위원회도 구체적으로 어떤 경로로 어떤 방법으로 실현될 수 있는지를 최대한 많이 고민해 주기 바람 ||| 김경수는 문재인을끊고 현실정부 이재명정부에게 못 다히시어 서 우유부단한 성격이 영 못믿어워서 걱정인데 경남도지사를 또나오신다하니 글쌔요 걱정됩니다 명확한성격이ㅈ아니라 우유부단한 철지난 친목질에 문재인 찾고 의논하고 연계한다면 큰 오산이 니 명심하시길부탁드립니다 ||| . ||| # 5국3특 지방이 살아야 국가가 균형적 발전과 성장 미래시대라서 중요 ||| 바로 지방지역균형발전위원회 입니다!!!!교육시설 즉 대학부터 옮겨야합니다!!!!그래야 주요 기업들도 움직이고 인구분산도 이어질껍니다!!!!!!대학부터 옮겨주십시오!!!!!!!국민주권정부 파이팅!!!!! ||| 포괄적인 대한민국 미래방향도 중요하지만 내란청산과 지방선거를 위해 제대로된 일꾼들 선출되어 지방행정 기반이 튼튼하면 더 확신이 들고 믿음이 가겠지만 작금의 대한민국 정치권과 사법부 입법부 행정부가 제대로 일을 못하니 답답하네요 종모앞 공사진행과정에 민주당정치인들 국힘당정치인들 오세훈 서울시장 희림에서 520억 수의계약건 과 관련된것이 언론을 통해 나오고 김건희가 관여된 일인데 중구난방으로 가이드라인 치고 수사하니 한가지 한가지가 더 혹이달려 나오니 윗선부터 수사가 되어야 한다고 생각해요 김충식 오세훈 건진전성배 김건희 윤석열 등과 연결된 수사가 내란특검에서 제대로 안되니 국민들은 여기저기에서 이러쿵 저러쿵 말들이 많네요 이상호기자 어제 질문내용에 국민들이 많은 공감을 하고있어요 아직도 전광훈과 내란세력들이 저렇게 여론몰이하는것 지적질을요 행정부는 뭐하고 있는지 답답하네요 ||| 항공우주센터의 처우가 너무 나빠 젊은 인재들이 계속 떠난답니다 ||| 국민 주권 정부 출범 나서부터 제일 눈에 띄는 것은 ~ 분야 별 회의가 엄청 늘어 났다는 것이다 ! ! 대한민국은 민주 공화국이니... 이 사회의 구성원인 모든 국민들에게 정책을 알리고 자신들의 의견을 피력할 수 있는 기회를 주는 것은 그 무엇보다 제일 중요하다는 것을 일깨워주는 국민 주권 정부이라 생각한다 ~ ! ||| 힘내세요 . ||| . ||| Good ! ||| 최고의 잼통령님 최고로 자랑스러운 대한민국 잼통령님 향상 하고 존경합니다 ||| 탑 다운 & 바텀 업을 동시에 해야한다. 자기 지역 시야에만 갇히거나, 불필요한 중복은 국가 방향에서 는 반드시 필요하다. 고 생각❤ ||| 지방발전에 총력을 다해 하지 않으면 큰일나겄다. 는. 대통령님 말씀은 마치 면 모세혈관 순환이 되야 몸이 건감한 것 같다. ||| 아재명대통령님 대단합니다 너무너무일잘하고계셔도 여기참새 저기참새들이 가짜뉴스에 억지로 개망나니짓하고 있는데 국민 속내는 얼마나찢어지고 분통터질까 가슴아프네요 언제나 조용하고 세계가우러러 보는데 게엄에동조자들은 국민.나라걱정않고.이재명대통령님 흠집잡고있네요 민주당대표도 시원치않고 얼마나 심정이상할지 마음아파요 . 많은국민이 존경하고 응원합니다 . 힘내세요 정의가살아있어요.감사합니다 ||| 민주당 사쿠라의원들 은 살아라 쿠데타를 제대로 단죄못하면 또 당한다. ||| 김경수 의원은 조금요점만 간단 하게 보고 해주세요 ~ ? ?하겠습니다?? 책읽기 수준이라 조금 실망ㅠ ||| 우리 아빠같이 생긴 대통령님 너무 감사합니다 ||| 하지만 유연한 사고를 요구하긴 힘듭니다! 뭐가 되었든, 힘써서 밀고 나가면 결국 따라올 수록 이익을 나눔으로서 통합 가능하지 않겠습니까? ||| 복지를 인력 서비스 겸 세대별 소득의 방법론으로 인식하고 지방의 경우 서울과 동일하게 책정해주시길 바랍니다 . ||| 대통령 이후 하락하던 주가가, 정치천재 대통령이 돌아와서 일하시니 기다린듯 다시 상승 중. . 좋네 돈복사 매일매일 ||| 내란척결 과 법관개혁 빠르고 강하게 추진해야 합니다 정치가 문제가 아니고 법관이 문제다,강하고 빠르게 국민 속터집니다, ||| 너무 좋은 내용~ 최고입니다 근데요..^^;; 국민 3분의2가 산지이고, 인구수도 없는 이 작은땅에,, 국회의원들은 왜케 많은지.. 300명.. 행정업무로 지방자치단체장 또 수백명 쪼개져있고..‍‍ (저 수백명중 일부만 빼고, 몇백명은 일 보단 목소리 크고 우김질 잘하면 인정받고~, 계파싸움이나 해싸코~ , 자기주머니 채울생각으로 정치란 직업을 선택한건지 원~ ‍ 끼리끼리 맘만 먹으면 수백억은 쉽게 먹으니 원~ ‍) 대통령님께서 임기중에 큰변화를 라 믿습니다 . 다루시는데 일가견 있으시니 ㅎㅎㅎ ||| . ||| 5극3특 . ||| 이재명 대통령 ㅡ 으로 20 년 희망 합니다 ||| 이재명대통령님 당신의 국민이라 ~ ^^❤❤❤❤❤❤❤❤ ||| 이재명 후보 님 응원합니다 ||| 자랑스러운 우리 대통령님 ! ||| 이재명 문재인 정부 화이팅하세요! ||| 무한지지합니다 역대 최고 일 꾼 이재명 대통령님 ||| 언제나 대통령님 응원합니다...♡ # 우리의잼통령님 ||| 사랑하고 고마워 ❤",0
ISfH-rDAvXM,뉴스타파 전두환 비자금 추적 : 허화평,. ||| . ||| 누가 취재한건가? ||| 도대체 왜 모르겠네 ||| 취재력 진짜 떨서지네 ㅋ ㅋ 기 ||| 허화평은 머리가 안 좋아서 팽당했지...좀만 덜 나대지...,1
cm3IGKUQtrk,2013년과 사뭇 년 전두환 아들 전재국,추징금 회수가 쉽지만은 않겠지만 시간이 걸려도 꼭 해야 한다 이나라에 도둑이 들어올 까 까지,0
g-d-1-1VJZM,대통령 취임식을 밤에 하나? 이유 있었다! [배승희 뉴스배송],"배승희 변호사님!! 최고다 멋지다 .와 . ❤❤❤❤❤❤ ||| 똑순이 배승희변호사님. 좋아요 최고에요 윤석열대통령님 . 지켜주옵소서 ||| 배변호사님 ~ 속이시원합니다~ 역시 똑순이십니다❤❤❤ ||| 배승희변호사님 늘 응원 합니다 수고많으셨어요 ❤ ||| 잘 정리해서 전달하시는 능력이 뛰어나십니다. 감사합니다 ||| 배 ! ||| 배승희 변호사 국민들이 바라는대로 이루리라 이재명 은 꼭이루어지리라~ ||| 변호사님 좋은 정보감사합니다 ~ ~❤ ||| 배승희변호사 진단과 논평을 진지하게 들었습니다 . ||| 배승희변호사님 항상 이렇게 무지한 국민들에게 계속 홍보해 주세요 ||| 배 변호사님 오늘 좋은방송 감사합니다 항상 응원합니다 ||| 배승희 변호사님 figjting fighting 예수님만 잘 믿으면 주 모스탄대사님 고든창변호사님 대한민국을 위하여 쓰임받을지어다; ||| 배승희! 화이팅!!``~~~멋집니다, 너무 시원합니다, ||| 구구절절 맞는 말 ||| # 감사합니다 건강하세요 ||| 천벌받을 놈들 국제인권위 도와주세요 제발 이 나라가 미처돌아가네요 대통령님 김건희여사님 ❤ 힘내세요 ||| 늘 열심히 방송해주셔셔~~~참으로~~~~~~~!!!감사합니다^^❤❤❤❤❤ ||| 배승희 변호사님 감사합니다 . 응원합니다 화이팅 ||| 배승희님 응원드립니다 언론사들 눈치보지말고 정정당한 기사 멸공 ||| 배 승희 언니 화이팅!!!!!!!❤❤❤❤❤❤❤ ||| 배승희 변호사님 말씀이 . ||| 배승희 변호사님~^^자유대한민국의 최고의 변호사 ||| 배승희 기자 ||| 배승희 변호사님 . ||| 배승희 변호사님 성원합니다.진실만 말씀 하셔서 공감백배합니다.찢은 관타나모로 적극 추천 ||| 문재인 해설 과 지지 응원합니다 오늘 광화문에서 엄청난 인파가 국민저항운동을 했는데 왜 언론에 보도를 안하는지 안타갑네요 ||| 정의는 승리 ! ||| 애국자 배 의 옳은 말씀, 감사합니다 ||| 배승희 님 어쩜옳으신말씀만하시는지 화인팅 입니다 ||| 배승희 최고최고 ! ||| 배승희화이팅끝내줍니다. ||| 배승희 너무 잘한다, ||| 배승희 변호사님 화이팅 ❤❤❤❤❤ 나라가 이렇게 되가는 군요 ||| 25일 소환되는 사람 ||| 배승희님 고마워요 ❤ ||| 개작두로 가야 합니다 ||| 배승희 변호사님 구구절절 옳은말씀 속히 이루어질줄 믿습니다 . ||| 배승희변호사 너무 똑똑해 속이 시원하네 ||| . ||| 배승희 변호사님 이 영상 없길래 기달렸어요. ㅎㅎ 어제 잠깐 봤는데 역대 최악 취임식 이었다 해요. 관석자리도 조금씩 비어있고.. 이제 탄핵 및 탄핵해야할 정권 인것 같습니다. 즐거운 하루 보내세요. ||| 하나님의 정의가 이 처럼 속히 시행되기 바랍니다. ||| 존경하는 배승희뉴스배송님 강녕하소서 극강담대하소서 . ||| 배변 국딸 중심방송 , 최고 응원합니다 , ||| 말 똑바로 하라 눈치 보지말고 정당하게 하거라 ||| 퇴임이라니?가당찮은 건 ""퇴출식""이다 국민이 쫓아내는 ""퇴출"" ||| 항상 시원하게 보고있어요 . ||| 배젼밈 건강을 위해 ||| 대통령님. 그립읍니다. 하늘이여. . 대통령님. 평안하시길. ❤❤❤❤ ||| 배승희 화이팅! 항상응원합니다 . 뉴스감사합니다 ||| 예수님 이나라 꼭 만나주시고 보호해 주시고 자유민주주의 지켜주세요 하나님께 순종하는 자가 대한민국 대통령되게 꼭 도와주세요 ||| 배승희변호사님 . ||| 똑톡해요 배승희 ! ||| # 대한민국의애국자이십니다.존경합니다 ||| 애국자 배다르크 ᆢ배승희 화이팅 ! ||| . ||| 배승희✌화이팅 ||| 배승히 님 애국자이십니다 ||| 화이팅이에요. 화 날수록 더 많이 응원합니다 ||| 똑순희 배승희 변호사, 늘 시원하게 등 긁어 주어서 감사 합니다. ~ ~ ||| 배승희 너무나 똑똑합니다 화 . ||| . ||| 배승이 변호사님 감사 합니다 감사드립니다 애국자십니다 힘내세요 ||| # 조국은 10주간 대통령 공석이다.. ||| 배승희변호사님 최고입니다 방금 잘 들었습니다 속이 시원합니더에 고맙습니다 Fighting 입니다♡♡♡ ||| 배승희님 연기 참 잘하십니다 최고예요 ||| 배승희 뱐호사님 건강을 잘 챙기세요 그래야 나라 살리는것입니다 화이팅 힘내세요 대한민국만세 ||| 승희씨 ❤구독자500만 달성해서 품위있고 멋진 방송채널 꼭 설립을 기도드립니다 네시작은 미약하나 네나중은 창대하리라 ||| 국민이 만든 퇴출식 ||| 이재명구속 이재명 재구속 윤미향재구속 ||| 배승희님똑순이너무예쁘고똑똑합니다 ||| 저들은 모든집회을 밤에합니다 와 일까요 에 모이질 않기 때문입니다 서울시민은 비피로 날리 는 대 비패해을 모른척 이것이 현 정부입니다 나라가 망해가고 있습니다 국민 여려분 이재는 정신을 똑바로 햘때입니다 ||| 꿈이 ㅡㅡㅡ사라진다 추상적 ㅡ깨꿈 온국민 힘겨워헐떡 ㅡㅡ 상가들이 문닫고 ㅡ가슴이 는 하나이다 ||| # AGAIN FOREVER ||| 배승희 화이팅 ! ||| 제가 하고픈말들을 시원스럽게 합니다 ||| 변호사님~~❤❤❤❤❤❤❤❤❤❤❤❤ 너무 시원 합니다. ||| 화이팅입니다. ||| 배승희 변호사님 오늘 말씀감사 하고 또 감사 드립니다 ||| ㅋㅋ..퇴임식 이라..언제가 될까... 개론들 ..무슨 언론.?멍멍짖는 개론..국짐당 호화호식 만 하는자들 없애줘라..모든 특권 없애야한다... ||| 배승희 진정한 사랑 ||| 윤석열 , 김건희여사님 사랑합니다 ❤ 그립습니다 ||| 배변호사님 언제나 건강 짱이예요~❤❤ ||| 그리고 배승희 변호사님 정말 재치 있는 언 변 입니다! ||| 그 말씀입니다.ㅜ ||| 배승희님❤❤❤ ||| # 그리고민주당도해산시키자 ||| 김혜경의 경기도법카수사는 왜안하나.법앞에는 모든국민이 평등해야지 김정숙.김혜경 특검도 국민임명장받았으니 빨리하라 쟐못하면 직무유기로 . ||| 배승희변호사님애국자이십니다고맙습니다속이다시원합니다 ||| 배승희 네 감사드립니다. ||| 정성호 . ||| # 지지하고반갑습니다 ||| 배승희 변호사님. 우리 자랑스러운 윤석열님에게 힘을 실어 주시어 하루빨리 석방 될수 있도록 우리 가 한마음으로 함께 해요. ||| 화이팅 ||| 키높이 장화 면 넘어지겠더만유 ㅋㅋㅋ ㅋㅋㅋ ||| 검은옷 흰옷 귀신저승사자 생각나는 임명식.. 눈동자 모양 스테이지... 왠 연예인 무대.. 정말 귀여워 ||| 이죄명 , 윤석열 대통령 석방하라 ||| 야 조중동 권력이 영원할줄만알지 천만에말씀 시간이 걸린다 ||| 뱀눈이재명 잘 못넘긴다. ||| 하늘도 노하셨는듯 세상에 이리 더운날씨에도 첨 도 폭우도 어마어마ㅠ 죄악입니다 ||| 배승희 변호사님 .",1
vdfsqSd3InI,미국 현지 상황 보니..헉! [배승희 ],"제발 국제법으로 구속 합시다 ||| 배승히변호사님 참 좋은 말씀 함니다 . 입니다 ||| 국회의원들 꼭 줄여야 합니다 반드시 변해야됩니다 ||| 우리나라도 개헌 통하여 국회의원수를 100명으로 해야 한다. 그리고, 공무원수를 줄여야 하고 선거제도도 바꿔야 한다. 배승희 변호사님 응원합니다. 최고입니다. ❤ ||| 배승희변호사님최고여요❤ ||| 국의원 100명으로 줄여야 한다 배승희변 말씀 드립니다 ||| 속이다 . ||| 배승희 뉴스배송 오늘도 응원과 함께 합니다 화이팅입니다~~ ||| 이런 유튜브가 아슬아스하게 대한민국을 살리고 있습니다. 존경합니다. 건강챙기시구요. ||| 대만은 공무원, 국회의원수 줄이고 투표 수개표로 하고 분단국가인 한국이 배울점이 너무나 많다 ||| 그러니 국회의원 줄이는것 당연하죠 ||| 배변호사님 시종일관 의 따따부따가 그립네요 화이팅!! ||| 배승희 변호사님 옳은말씀이네요 적극 응원합니다 앞으로 우리경제가 너무 어려워진다 ||| 배승희 변호사님 # 유튜버 ||| 제발 국회의원을 줄여야하고 , 비례대표 없애주면 나라가 좀 바로 설텐데,,, 대만의 선거제도 가 부럽습니다 선관위를 없애야 선거를 바로할 수 있습니다 ||| 배승희. . 감사드립니다 ||| 배성희 # 조은정보많이~~전달해주세요 ||| # 당당한 여전사 배승희변호사님 홧팅입니다 ||| 국회의원 총백명이면 충분합니다 쓸때없이 돈 너무많으니 당 싸움지랄들만하고 나라위해 하는것은없고 국민세금만 나간다 ||| 배승희변호사화이팅입니다 ||| 힘내세요. 문재인 지지합니다. 자유민주주의를 지켜갑시다. ||| 비례대표제 폐지하고 의원수도 100명 이하로 줄입시다! 외국인 투표권도 폐지합시다! 외국인 부동산 소유권도 폐지합시다! ||| 뉴스배송 잘받고 기분 최고입니다. 멸공 in 구케 ||| 국회의원 줄이는것 찬성입니다! ! 국회 축소! ||| 배승희 너무 좋아요.❤❤❤ ||| 배승희 님 반갑네요 . ❤ 빼놓치안고 경청합니다 현명한말씀 존경합니다❤❤❤❤❤❤ ||| 멸공 ||| 매일매일 좋은 정보 ! ||| 배승희 변호사님 맞습니다 . 합니다 ||| . ||| 당당한 배승희변호사 , 응원합니다.❤ ||| 다 옳습니다 맞습니다 배승이 변호사님 감사드립니다 응원 합니다 . 힘내세요 ||| . ||| 쫓겨나던지 못오던지 정상 적으로 다 구됨 ||| 체포 . ||| 국회의원 줄여야 한다 ||| 국회의원 주려야한다 가짜 국회의원 ||| 제발 국회의윈 줄여야됩니다 필수로 ||| 대한민국도.국회의원도.절반으로.줄여야됩니다.그리고.범죄자들은.공무원을.할수없도록.법을만들어야됩니다 ||| 인구는 줄었는데 , 줄여야합니다! ||| 배승희 변호사님 너무 덥습니다 건강유의 하셔요 ||| 투표 수개표 도입합시다. ||| 국회의원너무많아요 . 의원보좌간도너무많고 국민혈세그만빨대꽂아먹어야지 ||| 베승히님오래간만이네요좋와요감사해요❤❤ ||| 귀국 안해도 되니 빨리 미국에서 재판받도록 조치해주세요.으크 ||| 예쁜...❤ 배승희 선수 응원합니다. ||| 전 철저하게 모든게 맞다고 봅니다 ||| 국회원 급여 줄이고 숫자도 줄이고 보좌관도 반으로 줄인다 ||| 당장 100명으로 줄여야합니다 ||| 이시대의 진정한 배승희 님 건강 잘챙기시구요 이제명이 학교가는날까지 학수고대하겠습니다 ||| 국회원 백명으로 줄이는것 도 많지만ᆢ노봉법 상법 당장 폐지하라.기업 다 죽이고 공산화만드냐? ||| 국회의원 100명으로 , 보좌관 1명 남기고 전부 없애고, 시의원 전부 없애야 되고, 공무원도 정확히 , 경찰, 소방은 부족하니 늘리고, 반 기업 법 모두 폐지해야 된다. 정치인들은 나라를 위한 정치를 하라. ||| 배승희 의원 늘 응원합니다 국회의원 수 줄여야 합니다 ||| . ||| 이명박 체포 구속시켜라 ~~ ||| 이재명 재판을 지금 당장 진행하고 법원은 당장 감옥에 가두라 ||| 제2의 4,19 일으켜야 국회, , 정부각료 국민들이 얼마나무서운지 보여주고 청소해야 ||| 재미 교포님들 죄명이 비행기 못타게 하셔요 유엔 국제재판에 세워야 해요 ||| 그러면 100명으로 줄입시다. ||| 불필요한 공무원 50명 축소 ||| 배변호사님 ! ||| . ||| 옳으신 말씀 공감합니다 ||| 환불 불가. ||| 오늘 흐믓하게 말씀해주심 감사드립니다 ||| 변호사님 오늘도 화이팅 ! ||| 저 찐애국전사 배승희님을 격하게 응원합니다 ~~~!!! 윤어게인!!! ||| 그래야죠 ㅡ 곧 끌려 내려 ㅡ ||| 우리나라도 대만처럼 국회의원을 1/3로 줄이고 시.도의원들은 완전히 해산시키고. 선관위. 선관위 도 완전히 해산시키고 선거 제도를 바꿔서 는 투표 현장에서 당일 직접개표 직접계시 를 해야한다 ||| 좋아요 ||| 숫자많타고 일잘하는것아니니 모두줄여야 나라가살수있다 저자들에게나가는 대한민국 국민들의 피같은혈세다 ||| 트럼프 대통령님 제발 이재명을 미국에 구치소에 강제 바랍니다 보내지 말아주세요. ||| 국회의원반으로팍줄려야한다~공무원도팍줄여야합니다 ~ ||| 국회의원, 공무원 수 줄이자 ||| 한국도 팍 줄여야합니다 민주당 은 없새야 합니다 ||| 배승희 아나운서 안녕하세요 ||| 옳으신 분 ||| 용기 있게 이재명의 실정과 허상을 낱낱히 밝혀주는 배승희 를 응원합니다 ||| 예븐 사람은 일도 하고 배승희변호사님 홧팅~~❤❤❤❤❤ ||| 배변님 응원합니다 . ||| 25만원 뿌리고나니 주변에서 조용하게 물가인상 경쟁하듯 난리네요. 가족과 한두번 씩 앞으로 또 사먹어야하니 주머니는 더가벼워질 건데. 빛좋은 개살구 ||| 배승희 선수 응원합니다 ||| 트럼프 화끈하게 나와서 대한민국 구해주길 바란다 ||| 자유 대한민국 만세. . 잘 보고 있습니다 ||| 미세먼지 줄이는 것 찬성이요 ||| # 파이팅 ||| 우리나라도 국회의원 공무원 은 국민의혈세만 낭비한다 국민만 힘들다 ||| 빨리 체포해라 ||| 이재명 만세 ||| 국회원 이 너무많습니다 90명 이면 됩니다 나라에 도움이 않되면 그당은 없쎄버려야 합니다 그리고 공수저도 없쎄야 하고 판사도 줄려야 합니다 축소식킬것 축소켜야 됩니다 ||| 아저씨 또 오지마 ||| 국회의원도 1년에 1, 2 번 국민의 평가를 받아 평가점수가 기준에 못 믓할 때는 자리에서 내려 와야 합니다. 지금 국회는 해체해야 할 수준입니다. ||| 우리나라도국회의원수 확 ! ||| 국회의원 숫자를 줄여야한다. 미국 의 의원 선출은 국민 50여만명에 1 인을 뽑 비해 한국은 17만명에 한명 뽑는 일이 온당한가? 더구나 비례대표가 꼭 필요한가.? |||  ||| 무슨소리. . ||| 제발...관타나모로.. ||| 아 왜 이러냐 징글징글하다. 언제 해결되나 ||| 배승희변호사님! ! ||| 이재명 수준 생각보다. 더 보기",1
uyyopBJbCJM,세계사적 망신 이죄명[배승희 ],"배승희변호사님말씀에 동의합니다. 철학이 없는자가 철학을가진 사람들앞에서 비굴함을장착하고 , 떠든장면이었지요. ||| 배승희변호사님 . ||| ❤❤장동혁 대표님 축하축하 홧팅!!배승희님 을 비롯한 유투버 님 들 감사드립니다 ||| 위트있고 지혜로운 배승희변호사님 방송보며 항상 감사합니다. 오늘은 정말 기쁜 날 작지만 희망의 싹을 본 날입니다. 이제 시작입니다. 보수의 재건을 위하여!!! ||| . ||| 축축축하.미래는.희망으로.하나로.대한.한국으로.위대하게.계혁.발전하자.파이팅.함내라.자유인들이여.❤ ||| 짝짹 짝 화이팅 ! ||| 장동혁 대표님 축하드려요 ! ||| 목소리 들려주니 감사해요 배 변호사님,,,, ||| 생존해 줘서 고맙습니다❤❤❤❤❤ ||| 애국 열사 청년분들 국민들 유튜브분들 진심으로 고맙고 감사하고 . ||| 장동혁화이딩 ❤ 합니다 배승희화이딩 ❤ ||| 배승희변호사님 . ||| 안녕하세요 ! 방가습니다 오늘도 팩트뉴스 기대해봅니다❤❤❤ ||| 배승희님 국회로 오셔서 나라를 구해 줄 똑소리 나는 칼럼, 이쁘고 시원한 시사 응원 합니다. 배승희 화이팅! ||| 제발 좀 구해주세요 ||| 오 감사 하고 반가운 소식 장동혁 당대표님 추카 추카 합니다 ||| 안 됩니다 ||| 여호와 닛시 ! 하나님! 감사합니다 ||| 애국 유튜브의 힘 입니다 ||| 최고 감사합니다, , 지속적으로~~^^ ||| 한미동맹 한미혈맹 생명혈맹국가 영원하리라 미국 트럼프 대통령 님 존경합니다 노고에 감사드립니다 자유대한민국 진정한 대한민국 오천만자유대한민국 대한민국 함께 합니다 힘내세요 우리가 있잖아요 승리합시다 윤석열 대통령 님 문재인 대통령 님 권한이다 계 계몽령이다 옳아요 복귀합시다 윤석열 대통령 님 복귀합시다 ||| 장동혁님! 윤 대통령 님 ! 구해주기간절히 바람니다 파이팅 ||| 굿 배승희 님 응원합니다 ||| 국힘의당대표포함 지부도가 는 민주당하고 싸워야 한다!. ||| .장동혁 . ||| # 항상응원합니다 ||| 배승희 변호사님, 정말 동감입니다. ||| 배승희 변호사님 분석 정확합니다 국민의힘 미래가 어둡지 요 수고하셨습니다 감사합니다 ||| 배승희변호사님 . ||| 이런 것 만 듣다보면......바부가 되요 ||| 알기쉽게 댓글 감사합니다~~~ ||| 변호계의강력한여전사배승희님..항상고생많으시고언제나응원합니다.. ||| 대한민국과 미국은 한몸이고 . ||| 잘되엇어요 장동혁 당대표님 축하드립니다 배신자 잡범들 ! ||| 잘됐네요 ||| 창피한 대한민국 정치꾼들 반드시 몰아내야 합니다 ||| 장동혁당대표축화합니다 진차지금부터께끝한국힘으로갑시다 . ||| . ||| . ||| 속시원하다 . ||| 희망이 보입니다 배승희변호사님 수고 합니다 ||| 항상 응원합니다 배승희 화이팅 ||| 배. . 수고하십니다 ||| # 응원합니다 ||| 배승희 최고 화이팅~. 배승희를 통해서 새로운 희망이 보입니다. 배승희를 매우 매우 게 되어서 어쩔줄을 모르겠네요. ||| 배승희 변호사님 오늘 참 기분이 좋네요 ||| 오늘의 뉴스 럼프형,장동혁.윤석열 대통령 석방,죄명이 끌어내리기! ||| 장동혁 대표의 생일 진심으로 존경 합니다. 이제 진정한 우파의 당이 되도록 노력 해주기 바랍니다. 그리고 당내에 있는 반역자들을 하루빨리 쫓아내야 합니다. 그리고 대한민국을 말아 먹고 있는 독재 민주당을 반드시 막아야 합니다. 그것만이 자유 대한민국을 지키는 길이라는걸 잊지 마싶시요. 멸공! . ||| 배승희님 축하합니다 ""잔동혁 당대표)"" 환영합니다 늘 함께 하십니다. 국민 편하게 잠들게하는 그날 까지 ||| . ||| 이 소식 장동혁당대표 진심으로 축하드립니다 ||| 장동혁 축하드립니다 윤석렬 대통령과 김건희 여사님께 힘이되실것 같아 요 장동혁 당댸표님 보수 우파의 강한 국힘이 되길바라며 이죄명 정부와 맞서 싸우셔서 반드시 승리하시길 라 믿습니다 장동혁 당대표!!!!!!! 화이팅 ||| 아부의 여왕 ||| 장동혁대표님 # 배변호사님화이팅 ||| 언제나 믿음을 준 배승희변호사님 뉴스 응원합니다. 2025.08.26. ||| 책임당원 가입을 하여 장동혁 대표님 에게 힘을 실어주세요 당비 월1~2 자동이체 로 책임당원 은 장동혁대표와 나라를 살립시다 ||| # 파이팅 ||| 장동혁대표임 ? ||| # 정확한뉴스최고입니다 ||| 서울,자유의 여신!배승희! ! 지킨다! ||| 장동혁정말로수고하셨습니다 ||| 그동안 이상한 당대표들 에 대한 분노가 생각만 해도 끔찍 합니다.. . 탄핵시킨 국힘은 바꿔야 합니다 ||| 트럼프 이재명 이 윤석열석방을 지시했다는후문/-♡ ||| # 하나로갑시다 ||| 탄핵반대 국민 70프로아니었을까요 언론이 정확히 발표 안해서 거짓말 같아요 ||| ㆍ 나이는 저보다 어리지만 고맙고 존경합니다ㆍ 애국지 입니다ㆍ 대한민국 여성 파워 1호 !! ||| 장동혁대표님, 문재인 정권 되찾아주세요! ||| 장동혁당대표당선축하합니다 배승희변호사님 ! 화이팅입니다 ||| . ||| 화이팅 ! ||| 장동혁의원님 당대표 당선 을 잘 감당해 주시기 바랍니다 ||| 한동훈 안철수 아웃 ! ||| 안철수 조경태는 ? ||| 배승희님 오늘 말씀 잘 하시네~~~ 원더 풀~~ ||| 오산기지 트럼프 미국에 등록 안 하던데 ||| 장동혁 대표 짝 짝 짝 짝 환영 합니다 배변호사님 덕분 입니다 ||| 재미까지 더해주는 배승희방송 이재명은 인생이 그리쉽게만 보인다 ||| 장동혁 대표님 축하 합니다 초심잃치 고 앞만보고 쭉 전진합시다 . 잘 보살피시고 대한민국 발전만 생각 하기 바랍니다 . 승리를위해 애쓰셨읍니다 속이 시원합니다 . ||| 장동혁대표님 ! ||| 한.배신.더는 얼신하지마세요 장.대표 님 ||| 축하합니다 축하합니다 장동혁 당선을 바랍니다 ||| . ||| 장동혁 진짜 멋지다 ||| 젊은 대통령 국회의원 같 은 사람이 되야한다 ||| 장동혁당대표님 ! ||| # 장동혁화이팅 국힘희망이 보이네요 ||| 한미동맹 강화 ||| 장동혁대표님 김민수최고의원님만 ! ||| 장동혁 . ||| 장동혁 무대 기대합니다! ||| 센척하고 가서 뭘 하고 얻은 건 없고 쪽팔리게 …. ||| 참 잘했네요 지긋지긋한 연결의고리를 끊어내야 합니다 ||| 장동혁대표님 마음에맞는분들과잘이어가면서싸울때는잘싸워주시고. 새로운결심으로나라바로세워주시길바랍니다 윤대통령님 석방도시켜주세요 . ||| 굴욕과 굴욕 ||| 장동혁후보 무조건 지지합니다 ||| 갈때 트럼프 얘기 안했슴 천조국 뉴스봐라 넘사스럽다. ||| 배승희변호사님 수고하십니다 장동혁 당대표 축하합니다 부디 국힘의원들을 바로잡아 서 하시길 바랍니다 ||| 얼마나 퍼줬길래 그 죄명이를 칭찬했을까 ㅠ 조만간 시진핑이 죄명이 부르겠네 ||| 열사님 노심초사 고생 보람 축 합니다",1
0Vj7k4_L6bc,이 찢...[배승희 뉴스배송],". ||| 배변방송 잘 보고있습니다 응원합니다 . 꼭꼭집어.알려주시니 머리속에 쏙쏙 . 들어옵니다 감사합니다 ||| 갑진 변호사님 말씀 감사합니다. 꼭 말씀해 주시 미련한 국민들이 세게 듣겠습니다. 항상 수고하십시오 건강 조심하시고 요.~♡ ||| 조와요 ||| 배승희 변호사님 말씀을 들으니 웃음이 빵 터졌 답니다 그리고 언론사들 어느나라 에 언론사들 인지 가 되지 않는다내요 ||| 셰셰明 의 대북송금 ||| ㅎㅎㅎ 배승희 너무 귀여워 ㅎㅎㅎ ||| 네 . ||| 힘내세오❤❤❤ ||| 정의는 승리 한다 민주당 국민들 바보 아니다 ||| 진짜 왕따외교가 되겠구만.. ||| # 응원합니다 ||| 이죄명 전승절에 가고싶어 안절부절 좌불안석인데 트럼프에게 찍힐까봐 전전긍긍 . ||| 진짜 양심 헝사재판이나 받고 깜방에나 서 조용하려나 이나라가 왜 이래? 돈꿔서 인당 10억씩줘라 나라살림을 이딴식으로 ~ 범죄자의 수준과 한계 더이상 은 없다 ||| # 한국을떠나라~~~ ||| 미쳤구나 ||| 디지게 존나 싸다 싸 ||| 목표 170만명 빨리 달성합시다 ||| . ||| 정확한 방송은 배변호사 편 입니다 화이팅입니다 ||| 국회가 무당집인줄 알았어요 북한에서나 볼수있는 촌스러운한복에다 저승사자까지 등장 ...시선끄는 거 참 가지가지 ||| 맞습니다 ||| 아 속이 시원하네요 감사합니다 ||| # 좋아요 ||| 민주당 ! ||| 배승희 씨 반가워요 화이팅입니다 ||| 망했다 가 죽었다 가 바뀌길! ||| 옛날 어른들 대한민국 은 곧 법이다 대한민국 은 법치국가 다 ||| 민주당 은 공부하고 정치 하라 국민들 바보 아니다 ||| # 파이팅 ||| 지금 관세 25% 인데 미국과 협의 끝나야 15%적용해요 . 미국가서 한게 없어 돈만 더 퍼주기로 했으니 큰일이다 ||| 이죄명 정부가 심판 받을것이다 ||| 좋아하면 북으로 가서 부녀 찬양하며 북에 가서 살지 여기서 왜 살아 ||| 배승희 대표님 화이팅 ! 힘내세요 ||| 누구든 관계없이 범죄자 이재명이만 구속수사좀 해라 1분1초도 안보고 안듣고 싶다 징글징글 ; ||| 배승희 변호사님 좋은 정보 감사 드립니다 . 애국 언론인! ||| 배변호사 님 화이팅 ! 배변호사 님 힘내세요 ||| 배승희변호사님늘뉴스전해주시니감사해요. 힘내셨요. . ||| 우리 변호사님 속이시원합니다 ||| 배승희변호사님 늘 말씀 전해줘서 감사합니다. ||| 배승희변호사님 우파에전사 ! ||| . ||| 배변호사님 너무 감사드립니다 ❤❤❤❤❤❤ ||| 다 돌았나? ||| 썸네일 너무 멋지고 맘에들어요 배변님 ||| 홧팅입니다 굿입니다 . ||| . ||| 배승희 변호사 . ||| 양다리 걸치다가 다리 찢어진다 헬기타고 서울대병원 갈래? ||| 지금 어느때인데 양다리외교,가랑이 , ||| 자유 대한민국 ! ||| 사법부 로 나라가 더 망가진다 당장 범죄자 재판을 진행하라 아니면 사법부가 먼저 명심해야 할 것이다 ||| 세상의 모든 악법 다 만들면서, 개헌 사전투표 폐지, 국민혈세 잡아먹는 공수처 폐지(필요한 경우 비용부담), 국회의원 특권 내려놓기는 왜 안 만드는가? 국민 혈세 낭비 말고 국회 문 닫아라! ||| . ||| 천둥 을 칠때 조심해야 할것입니다, ..반드시 천벌받을것입니다 ||| 배승희변호사님 적극 지지합니다 언론이 미쳐가는 나라 어디까지 국민의 마음 속이고 갈건지..? ||| 배승희님 늘 좋은말씀 드립니다 파이팅입니다 ||| 제일 더러운게 누가 목숨바쳐구해줬더니 ||| 배승희화이팅 ! ||| 멸공 ||| 우리도 배승이가 # 화이팅 ||| 여전사 겁도 없이 여전사 나라를위해 이렇게 열심히노력하는 배변호사 님 존경안할수 없네요 ||| 배송 너무 시원합니다.감사합니다. ||| 배 변호사님 굿 정보에용 ! ||| . ||| 정신나간 사람 ||| 항상 응원합니다~~ ||| 시간 미처 돌아가고있네요 ||| 배승희화이팅.❤❤❤ ️ 내란프레임 장동혁대표가 오늘로 종식.!!!!!!!! 장동혁대표의 국힘새지도부 응원합시다. ||| 아 미쳤구나 ||| 배변호사님 항상 응원합니다 |||  ||| 이재명은 대한민국 일등입니다 김혜경 김부선 도 양다리 글쳤습니다ㅋ ||| 대한민국 기업아픔 어찌할꼬 민총세상 *군산부평창원:GM *포항:포스코/ 건설 *여수부천:석유화학 *울산완주:현대차 *조선업은 ? ||| 이재명 말 따로 행동 따로 제 새끼 개 못준다 국제 사회에서도 왕따된다 ||| 배승희 변호사님 혼자 방송하시는 모습 이 보입니다 건강도 잘챙겨시고요 ||| 사법부라도 정의로워야 한다 국민의 존경받는 사법부가 되길 바란다 ||| 반미를 하겠다는 건 외교입니다 내가 좀만 젊었다면 4.19의거를 진행하여 국회를 해산시켜버렸을건데 힘이 부족하네요 ||| 자유대한민국 윤석열 후보 지지 ||| 수고많습니다 감사합니다 . ||| # 화이팅❤❤❤ ||| 석화만 살리겠다고 빌드업하는 중 ... 더 중요한 산업들이 넘처 . .. ||| 배변호사님 속시원하게 파해쳐주시는 죄명이의 죄업 무너지는 그날을 빌며 또 감사드립니다 ||| 2:14 이죄명이 미국갈때보다 김정은이 중국가는거 보도가 더 크게 나옴 ㅋ ||| 배승희 화이팅 ! ||| 죄명이는 국민이 어려운 것은 문제 치 않습니다. 오직 자신의 권력 으로 나라를 팔아 먹을 인간이지요. ||| 이재명 이 는 그날까지 우리국민은 늘 응원합니다 ||| 윤 어게인 ||| 배승희 변호사님 . ||| 분노를 웃음으로 바꾼 마법사 ㅡ승희 ||| 이죄명 . ||| 민심의 수준이 . ||| 한동훈 당원 게시판 당무 감사 촉구 집회 날짜: 9.4일(목)시간: 오후2시 장소: 여의도 중앙당사 앞 ||| 양다리아님 미국 눈가리고 아웅 하고 공산화정책만 풀가동 ||| 벌써 3나라 모였네 ||| 논산딸 . ||| 윤어게인 (자유대학)날짜 : 9.9일(화)시간:저녁 7:30장소: 서울 명동 대 우체국 ||| 이 신 이재명 이잔아요, ||| 박씨와 정씨는 혹시 북에 그들의 dna . ||| 대한민국 지지율 2위가 왜가니?",1
443bkElL6w0,좌파 판사들까지 반발! 난리 난 사법부 [배승희 뉴스배송],"배승희변호사님 너무 멋지십니다 ||| 뭔가 좋은일 있을것같다 멸공 ||| 윤석열 대통령 화이팅 ! ||| 진정한 애국자~~파이팅 항상. 속이 시원합니다 똑순이. . ||| 장동혁대표님힘내세요 ! 건강지키시고요!!❤ ||| 항상 좋고 조~은 정보 감사 ❤ 끝까지 응원 ! ||| 딱 맞는 사람 ||| 미국 죠지아주 애틀란타에서 나온 배승희 변호사님 최고 수준 방송입니다. ||| 이재명 만세 ||| 대한민국 파괴 집단은 이제 본격적으로 수사해서 처벌해야 한다고합니다 ||| . ||| 배승희변호사. 최고다❤ 장동혁 ,김민수 . ||| ,2030애국영웅 여러분 강추위에 나라위해 고생 해주셔서 너무 감사~합니다 늘 응원 지지합니다~ ❤❤❤❤❤파이팅~ ||| 젊은청년들이 들고일어나야 합니다. 이나라의미래는 이미 달렸습니다. ||| 변호사님 감사합니다 건강하시고 갑니다 ❤❤❤ ||| 장동혁 김민수 등등 자유대학 강건하시라.....힘을 모아 줘야 합니다. 나라 를 세워봅시다. 국제사회도 그래야 돕습니다. 배변 화이팅 ||| 사법부에서 도 온국민이 함께 도울것이다. ||| 배승희 변호사님 말씀이 옳은 말씀입니다 우리모두 장동혁 대표님을 중심으로 똘똘뭉처서 재명이를 하루빨리 제거해야 됩니다 ||| 배승희 변호사님 오늘도 수고 많으십니다 늘 응원 만 있습니다 화이팅 ||| 탄핵이다! 삼권분립을 위한 행위...행동...발언... ||| 국민의힘 각자살여고 당을배신하는 자들은 영원히 산다 다시는 분열을하지않는다 서로힘을몽쳐 나가야 나라가산다 ||| 국민의힘은 싸움을 하지 않는 다면 공천을 안해야 된다. 국민들이 치다보고 B시전 에 퇴출해야지 국민들이 국민의힘을 지지한다. 명심하기 바란다 ||| 이재명 반듯시 ! ||| 배승희변호사님 넘넘 고맙습니다 이나라를 살리는 역활을 배승희변호사님께서 강력하게 팩트를 지적해 주시는 게 든든합니다 사랑합니다 ❤❤❤ ||| 내부총질 하는것들 이번에 전부 솎아내야 나라가 살 수 있 우리 당원들이 똘똘뭉쳐 장대표께 힘 실어줍시다 ||| 국민의힘 티비에 악법반대 동계 교수님들 강의를 하는데 요 ㅡ장동혁 화이팅입니다 ㅡ윤어게인이다 ||| 이죄명 재판 재개하라. 공수처를 통해 사법부의 3권 분립을 무너트리고 있다. ||| 배승희 뉴스가 대한민국을 깨웁니다. 함께 싸워야합니다. ||| 배승희 변호사 님 도 힘내세요 응원 합니다 ||| 대한민국 60%나온다고 중국인들 아주빈민국가에서 조차 댓글달게하고 지지율 공갈이나치고 치가 떨린다 ||| 배승희님정말정말신 . 로보여여너무감사합니다 ||| 이재명 구속 김현지 구속수사 김현지 국정농단수사하라 ||| 이재명이 죽일 놈이요. 재판 재개해야 합니다. 배승희 변호사 배송 파이팅! ||| 홍준표.김종인.등 ? ? 해야합니다 멸공 ! 충성 ! ||| 바르고 합리적인 목소리가 더 귀한 시대입니다. 여기서 그 귀한 말씀 듣고 갑니다. 감사드려요. ||| 배승희변호사님!응원합니다 ! ||| 정확하게 국회상황을 말씀해주시는 님 께 감사합니다 국민은 현명해서 거짖에 속지않아요 ||| 범죄 한 놈을 사리려고 내란도 아닌데 내란이란말을 써도 범치국가 는 오히려 범죄가 활기있게 되고 대한민국으란 말을 쓸수없어요 ||| 배승희 변호사 도 파이팅❤❤ ||| 배승희변호사님 법대출신 답게 역시 똑똑하십니다 꼭 함께 가십시오 국회의원 ||| 배승희 대표 화이팅 입니다 장동혁대표 화이팅 입니다 ||| 김현지.범죄멍.당장구속하라 ||| 판사들 윤석열 탄핵으로 나라를 중국 북한에 … 내란재판부로 자기들 밥그릇 뺏는거는 못참지… ||| 우리승희 너무똑똑하다 다음국회 에서 나라바로세우는데 힘서주시기바람니다 항상 응원합니다 화이팅~~~ ||| 사법부 정상화와 법치주의 확립에 관한청원(이재명 재판재개)!!.대장동 범죄수익 환수청원.!! 국가보안법폐지 반대 청원!!검찰청폐지 철회 !!!국민청원 동참합시다!!! ||| 하 진짜 누가 왕인줄 아나? 아주 지멋대로네 ㅡㅡ 국민은 완전 개무시!!! ||| 늘 응원 드립니다.! 배승희 뉴스 배송 입니다 ||| 2죄명을 밝혀야 민주주의를 찾을 수있다 김현지 문재인 김정숙 전부 수사해야한다 ||| 배승희변호사 화이팅입니다 . ||| 배변호사님 언제나 응원 합니다 ||| 민주당 은 민주당 이네요 ||| 개신교 신자였습니다. 이번 계기로 저는 개신교로 개종하였어요. 늘 바른 말씀 감사합니다!영상 으로 애청하고 있어요!배승희 변호사님 화이팅 ||| 믿음직한 2030 들 안심합니다. 2030 젊은이들 화이팅 ||| 장대표님 오늘 고생하시는 모습 국민들과 뭉쳐서 단합입니다 ||| 아 이 ||| 문재인 해서 윤석열대통령 내란무죄! 이재명 재판재개하라! ||| 배승희 변호사님 늘 갑사합니다 좋은정보 바랍니다 ||| 이재명이 재판부터 실시하자 니 죄부터 밝히자 이 사람 ||| 반공반첩. 멸공. Fight For Freedom. . 자유대한민국. ||| 배성희 변호사님 파이팅 좋은 방송 하시느라 수고하십니다 수고하신 만큼 이재명 한 나라가 될 수도 있도록 많은 도움을 준 방송을 하신 것 같습니다 힘내세요 계속 걸어 내릴 때까지 힘내세요 감사합니다 사랑합니다 파이팅 ||| 배 승희 변호사님 . ||| 이재명 재판 속개하라! 문재인 탄핵! ||| 최고십니다 배변 수고하십니다 배변 감사합니다 . ||| 국ㆍ힘당 의원들 은 핏대를 올리지 않으면 죽습니다. 똘똘뭉쳐도 시원찮을판에, 지금 개 싸움질 할때냐? 책임당원들이 다ㅡ보고 있다. ! ! 더불당수십배로 강하게 싸워야 할 지금기회입니다. 배승희 변호사님 방송 너무 잘하십니다.화이팅! ||| 똥줄이 타는구나 종교재단해산에 내란전담 재판부에 조희대 입건까지 다 하네 ||| 나라가 미쳐가는중 국민든들이 . ||| 장동혁대표님 앞만보고 헐들이지 마세요 국민보고 바르게 잘하고 있습니다 ||| 민주당 의원들 중도팔이는 무슨 죽음의 길이다 살고싶으면 장동혁대표에게 힘을 실어줘라 ||| 배승희 대표님 방송이 짱이다 항상 팩트를 방송해주시니 ! ||| 경제가 망하고,서민들의 삶 힘들어지네요!. ||| 재판해야지 걍 교도소로 ㄱㄱ씽 ||| 맞아요 ||| 시원합니다 꼭 하나됩시다 자유민주주의 살립시다 국힘 하나 됩시다 대표님 잘하고 있어요 ? ||| 적 100명보다 . 1명의 적과. 내통하는자가 더 위험하다는것 모르나! ||| 이자명대북송금유엔안보리상정해야한다,이재명빨리구속할수있다 ||| 불법으로 잡은권력으로 칼춤을 추지만 국민들이 를 보면 죽기를각오하고 끝장날때까지 싸울것이다 ||| 범죄자이재명 . ||| 배승희 변호사 님 말씀 맞아요 같은 사람 입니다 잘하시네요 응원 합니다 지지합니다 수고 하십시요 감사합니다 ~~ ||| 주여 , 배승희 변호사님 지켜주옵소서 아멘 ||| 이렇게 진행되어야된다. 사전투표제를 폐지해야된다 ||| 정말 고맙습니다 장대표님 힘내세요 ! ||| 이재명 김현지 . ||| 배승희변호사님 # 저이재명작자빨리 끓어내려야한다 국민들아 모두 일어나라 ||| 감사 감사 잘 합니다 ||| 장동혁 대표님 힘내서요 열열히 화이팅 합니다 화이팅 ||| 윤석열 임기 초기에 가장 기본적인 것을 하지않은 범죄자 를 처리하지 않 구경한 리스크가 너무나 크구나. ||| 맞습니다 배승희님 감동입니다 존경하고 응원하고. 좋은 말씀 감사드립니다 ||| 사법부는 눈치보지말고 이죄명 재판속개하고 즉각구속하라 국민들이 강력히 요구 ||| 조희대 사법부는 이재명 재판 5개 월 속히 재개하라! ||| 너무 예쁜 변호사님 오랜만에 댓글 올립니다~~항상 응원합니다 시원한 뉴스 감사합니다~~❤ ||| 늘 늘건강하십시요 강고듣고. 저는. 씻어야 되겠네요 ||| 옳은 말씀 을 응원 합니다 최고 입니다 ||| 배대표님파이팅 # 이재명구속 ||| 오늘도 좋은 소식 ! ||| 맞아요 천주교부터 해체해야되는 건데 논리로 따지자면 ||| 국정원 간첩질 파헤쳐야 합니다 ||| 배승희 화이팅 ! ||| 수고많습니다 ~ ❤ ||| 배변호사님 진짜 최고 ||| 배변호사님 맞는말씀 빨리 들어야 됩니다",1
hojpPJjhmno,지귀연을 모르고...? [배승희 ],"꾹참고있는국민저항권화약고를건더리지마라.어게인윤은돌아온다.비가오도다.설음의눈몰이다.흑진주배전사님을응원합니다! ||| . ||| 배승희 씨 존경합니다 ||| . ||| 배승희변호사님 너무 고마워요,~~ ||| . ||| 전과자 이죄명을 탄핵해라 특금해서 세금낭비 나라 겠다 ||| 배승희 화이팅 고생 많으십니다 ||| 배 변호사님 파이팅 이재명 내란음모 해놓고 정치보복 그만둬라 윤대통령님 절대잘못없다이재명 범죄자 하루빨리 탄핵 합니다 ||| 국민의짐당 좀 차려 ||| 논산의딸! 응원합니다 ! ||| 국민을 무시하고 지멋대로 가면 완전히 무너졌다 망조 ||| 앵커님 똑순이 방송 경청합니다❤❤❤ ||| 쎄쎄 는 이죄명에게 알아서 기는 기득권자들에게 우리 국민이 처벌 합시다 무너진 대한민국 자유민주주의를 지킵시다 ||| 배성희변호사님 화이팅입니다 ㅎㅎㅎㅎㅎ 좋은정보 바랍니다 ||| 간만에 보는 최고의 애국 방송 !!!열렬히 응원합니다 ❤❤❤❤❤❤❤ ||| 배승희변호사님속시원희잘하심니다더욱더분발하시여최선을다합시다 . ||| 대응할 힘이 있을가요 ? 힘없어내부 싸움은 잘하지 ||| 대한민국이 앞으로 어떻게 될지 걱정에 고 답답한데 배승희 변호사님의 바른소리에 큰 힘을 얻습니다 언제나 fighting 하세요 ||| 배승희님 늘 올바른 뉴스감사합니다 . ||| 힘내라배승희 ||| 이재명 선거무효소송부터 ? ||| # 존경합니다 ||| 진실된 답변 부탁드립니다. 항상 감사합니다. ||| ❤애국방송 자유보수 배승희 님 빡세게 구독자500만 갑시다 ||| 좋아요 ||| 이렇게 이쁘신분이 대한민국 살리는 보수 찐애국자셔서 너무 감사드립니다 응원하며 지지합니다 ||| 일반적으로매우상식적이고도덕적으로도정의의기반은완전무너졌고***이렇게잘못된길로가고있는데!속시원하게해결할수있는방법이없는지요???국회의원들은국민세금으로잘살고있으면보답할려고나라를지킬려고죽을힘을다해야하지않는가여어???결국은국민들이나서야하는군요!싸우자!이기자!리셋코리아 ||| 배변호사님 고견 을 기다리고 있습니다 부다 건강부터 잘 챙김서 활동도 부탁드립니다 ||| 아 정말믿더라 ㅋ ! ||| 나라운영은 판사 대통령은 계산원 총리각부서위원장은세프국회의원 . ||| 국힘을 보면 이런말이 생각난다 멍청한 자는 적보다 위험하다!!! ||| 진짜 최고입니다 ||| 김용현 선수 화이팅 ||| 배승회뉴스 기자 ||| 계엄령이 내란이면트럼프도 내란수괴 ? ||| 현 정권의 부정부패 전과 잡범의 무리 속에서 ~ 군 통수권은 붉은 해머에서 나오고~ 국회의원과 공무원 고위직은 어떤 인간들이어야 하는가? ||| 배승희변호사님 . ||| 김어준 방송에서 추가기소 문제 아니냐고 했는데 바로 추가기소 하는데 정말 무섭습니다. ||| 어떻게 언론 이 누구의 뜻을 받아 일하나 국민이 원하지 않는 것만 골라서 하는지 ||| 전과4범이 최고 을 잡았는데도 그것도 모자라 특검이라는 이름을 빌려 뭘 더 조작수사 하려는건가? ||| 경향신문.하국일보.한계레. 폐간시켜야 한다. 빕도 없고 마구잡이 횡포 . ||| 나라돈 빛내인심쓰지마 후세들 더 못살게 하지말고 걱정이네 ||| 그걸 가만히 있었냐? 감사 위원 직무유기로 고발했어야지! 민주당이면 그렇게 했을거다. 참 한심하다. ||| 보복성 특검.이재명이 잘 하는군요 ||| 이 서슬 시퍼런 정권하에서도 담대히 애국방송 해주셔서 감사하고 격하게 응원합니다 ||| 광란의 칼춤은 결국 그끝이 자신을향한다는걸외 모르나?모르고 하고있다면 무식한것이고 알고했다면 보복이다 보복은보복을 한다 화무는 십일홍 달도차면기운다 는 말이있다 처지를바뀌 생각해볼필요가있다 ! 안정됐음한다! ||| 이제 시작 되군요 윤석열 대통령님 힘내세요 ||| 배승희 자유보수우파 유투브에서 라이브 로 만나요 응원합니다 ||| 열심히 하고있다 국힘들 ||| 똑순이. 배변호사님. . 잇어. 진실을압니다. 감사합니다 ||| 특검은 배승희 변호사를 통해 ||| 국민의힘 의원들 싸우지 않고 무기력하면 내년 선거때는 없어질겁니다 ||| 김 변호사님 감사합니다 ||| 배승희 선수 화이팅 ||| 명석한 지적 찬사를 보냅니다. ||| 요즘 국회의원들도 뒤가 구리니까 나서지를 못하는게 아닐까요? 언제부터 국회의원이되면 돈방석에 앉아 주머니를 불렸을까요? 그저 국민세금으로 자신들주머니채우기바쁜 게 표본이네요. 권력이든 돈이든 하나만 잡아라제발.두손에 떡들지말고.국민들도 숨좀쉬고살자. ||| 이제 겨우 16일 데 , 너무 화가 나고 재미없네요? 얼마나 더 버텨야 할까요? 정말 저쪽 찍은 인간들은 이 얼마나 좋을까요? ||| 특검제대로합시다. 1호.김정숙..2호.김혜경..3.다혜.4 이동호. 국무총리후보.김민석 . 조사가부실하고 또시자도.안하고.있습니다 ㅇ ㅠㄴ대통령게서수사다빋아고요. 기여사님도.도이모치다끝났습니다. . 국민들이제일궁금해함니다. 배승희님.존경함니다. ||| 큰일 대한민국 의 권력 앞에 무릎 꿇코 말았다 ||| 윤석열 대통령님 고마워요 ❤ ||| 이죄명과 김혜경 특검 이지 않겠습니까? 특검갑시다 ||| 17일차! 생전신고 하고 갑미다. 자유! 대! ! 민! 국! 파이팅! ||| 자유대한민국수호하자화이팅ㅎㅎ ||| . ||| 결혼은 더 특검은 더 미친짓이야. ||| 한마디로 문재인 특검이네요.ㅉㅉ ||| 진짜 고급표현!!!! ㅋㅋㅋㅋ ||| 조은석 특검 직권 남용 고 발 해라 석 특검이 무순 왕 조시대 사도냐 ㅋ ㅋ ||| . ||| 내란은누가내란인지못르계다민주당내란당이다 ||| 믿을사람 ? ||| 배승희 뉴스 앵커 응원합니다 ||| 배변호사님 중요정보 감사합니다 열받아서 계속 배변호사님 방송보며 힘내고있습니다 ||| 제발 복수를 하지말고 그러면 전과자도 수사해야지 김용현 장관님 힘내세요 ||| 국민은 이재명을 대통령으로 선택하지 못한 것 같아요. 그리고 선관위 서버를 공개적으로 검정받아서 사전투표가 정말로 공정하게 진행되었다는 것을 보여주기 전에는 잠재적인 범죄자를 대통령으로 인정하기 어렵네요. ||| 윤대통령님 대한민국의 대통령 ||| 진짜 대한민국 법이 살아있는지 궁금하다 ||| 어울리지 않는 옷을 강제로 빼앗아 입었으니 그 대가는 치러야 한다 범죄자들아 ||| . ||| 난 바보가 아니다 ||| 이런 일은 누가 해야 할 까요. 너무억울하고 슬픈일이다. ||| ( 보통사람들은1000만원도신용대출이안되는디 9:50 ||| 하나님은 왜 이죄명을 가만놔두시나요........ 이나라가 완전 독재정치에 전과자가 우글거리는 정치범죄자들이 판치는 데 주님 하루속히 심판해주세요 ||| 배승희변호사님 , 늘 건강하시길 기도합니다 ||| 안경 안경? 미인이시네요~^^ ||| 날도 더운데 혈밥상승하는 일만 은 이나라 이대로 괜찮을까요? 이민가야되는건 아닌가요? 다~~떠나야되지않을까요? ||| 손가락 손목에 마비가 오도록 아무리 올려봐도 나라는 그대로 이재명과 민주당에.끌려 가고있으니 대한민국은 한심하기 짝이없다.실타래가 어디부터 엉켰나.. ||| 자유대한민국을 진정으로 사랑하는 논산의 딸 배승희 변호사님 을 열렬히 응원합니다! ||| 조은석, 이재명 안 된다. ||| ~ 무 능력~^ ||| . ||| 조은석을 고발해야 되는 거 아닙니까 ||| . ||| 이재명 특검 특검하라 ||| 인플레이션 일어나서 부동산만 올라가고 외국자본은 떠나고 또 또 돈달라고 아우성 칠거고 계속풀거야 ||| 아 홧병나서 미칠거같아요!!! ||| 고등법원 판사 이재명 재판 속개하라 피가 거꾸로 솟는다 우리는 전과자를 대통으로 인정 못한다 ||| 내란범은ㆍ이죄명인데ㆍ모르고있나ㆍ해외 가서도ㆍ낙인 찍혔잔아ㆍ이번에ㆍ범죄자 라고ㅡ상대도 . ||| 특검비용 챙겨주는 특검 이 본은돈 빼묵겠네여",1
zQTSQbh89jw,[판읽기] 장경태 '성추행 의혹' 변호? 성폭력 전문 로펌도 '절레절레',"사퇴하라 ||| 전 국민들이 눈 뜨고 지켜보고 있다 꼭 밝혀야 한다 ||| 돈 받게 해야죠 ||| 무고로 맞고소를 하다니, 정말 악질이다 ||| 반성을 할줄알아야 . 반성을 몰라. ||| 장경태 아웃 . ||| # 화이팅 ||| 뿌린대로거둔다 ! 넌 안된단다!!! ||| 똑같은 걸 조사해야 합니다. 옹호하는 자눈 누군가? ||| 장경태! 당장 내려 놓고 피해자에게 살려달라고 싹싹빌고 죄값을 받아라 ||| 장경태의원직사퇴하라 ||| 장경태 아무리 열심히 해도 나락으로 떨어 지는구나 ||| 이미 통했으니까,또하는거지 무조건 아니다라고 잡아때야 ||| 경태는 자유대한민국의 정상적인 국민이 될 자격도 없네. 국민들 혈세는 먼저 보는 인간이 . ||| 지버릇개주나.자백하고선처요구한다고봐주면 시간지나면 다시 일저지른다.무조건법대로가중처벌하시라. ||| 이번기회에 장경태는 꼭 제거해야! ||| . ||| # 멸공 ||| 엄중한처벌로 정의로운 대한민국 ||| 뽀르노랑 보좌관이 쌍으로 한두번 해본 솜씨가 아닌듯 . ||| 아 푸하하하하하 푸하하하하하 ||| 국회 장경태 당장 세비중지 시키고 의정활동도 중지하라 재판받고 무죄 확정되면 복귀하라 ||| 민주당에서 성폭력관련 별도의 재판부 구성을 밀어부칠 경우 ||| 솔직하게 예기해야지 다음에 국회의원 출마 하려면 전과가 아니면 출마 못해서 ||| 민주당은 내로남불~~ 양문석은 어찌되가는지 ? ||| 이런일로 횬지누구시데가 왜 안되는디ㅠ ||| 팝콘각 ||| 뻔뻔하고 악랄한 장경태는 즉각 사퇴하라 ||| 변호사님! 항상 존경 비판 존경합니다 남자정치인들 정신차려라. ||| 장경태 가 나쁘네요~ 이런자를 피같은세금으로 먹여살리다니~ 빨리 죄값받게 해야합니다 ||| 의원직을 맡기 힘든범죄인데.... ||| 여기도 고소미 !",1
vpgvciRYQG0,[김광일·박은주·장원준의 쨍뜰날] 통일교 겨냥 해 ‘해산’ 카드 꺼낸 李...그런데 통일교 재산 이야기는 왜?,"정치판에 범죄자들 몽땅 밝혀내서 엄한 법적 처벌로 다스리고 성역없이 재판 받아라 ||| 국회, 헌재, 검찰 공수처, 특검 해체하라. ||| 납세자가 명령한다. 혈세 하마. 국회. 헌재. 선관위. 공수처. 특검은 . ||| 이래도 탄핵안시키면 대한민국 국민은 자유대한민국에서 살 자격이없다 ||| 여든 야든 철저히 수사해서 관련자들 을 구속해야 합니다. ||| 이제는 민주당이 라도 국민 앞에 자백하고 해산하라 !!!!!!!!!! !!!!!!!!!!!!!!!!!!!!!! ||| 더불당추천 문재인 박모도 뒷돈챙기더니 민중기도 조사해봐야겠습니다. 강도가 좀도둑 잡는다고 설치는 세상! ||| 언론사 양심적으로 파 헤쳐야 권력 손해 보지 말고 ||| 개혁이 남의 가죽을 벗기는게 아닌 자기 가죽을 벗기는 고통을 감수한다는 얘긴데 모든게 내로남불 체질화된 어떤 집단들.. 대한민국 국민이 이제는 내로남불 을 함께 극복해야 합니다 ||| 눈하나 깜박안하고 소리 서슴없이 질러대고도 뻔뻔함으로 일관.대단한 족속으로 인정.비리가 들어나면 바로 압박과위협... ||| 깊이들어가기전에 다음사건이 매일마다 몇건씩 터지니터지니~ 갑자기 생각이 무디어진다. 도대체 지금 뭐하는것인지?? 한심하다. 국민들이여~제발 우리가 정신 차립시다. 국힘은 지금처럼 함께 싸워나가라 그리고 몇몇씩 조를 만들어서 각각 하나씩 맡아서 해야 할것 같다 정신 차리고~ ||| 협박,공갈,회유로 . ||| 임특검 특검하라 리짜이밍 탄핵하라 국민들이여 일어나야 한다 네팔의 투쟁이 다시 시작되길~~ ||| 존나 분노한다 ||| 이죄몽이가 와 이렇게 사악하고 못됬지? 도대체 국민을 뭘로 알고 이렇게 오만한것인가? 협박으로 통하겠느냐? ||| 통일교재산강제몰수할가능성.이재명은김정은처럼갈것. ||| 내로남불은 ? ||| 도둑은 언제나 발이 안 괜히 특검 해 가지고... ㅉㅉㅉ ||| 이재명은 끌어내려져야 하지만 갈 곳은 오직 한 곳 깜빵밖에 없다. ||| 진짜 말만들어도 징글 징글 ||| 문재인도 . ||| 이정도면 어케 대통령을 대통령 인정할수 있나 ||| 최우선해산단체가 제일 돈 봉투 민주당이 제일 먼 저같은데? 아녀요? ||| # 창피한것도모르기때문에범죄가몸에쩔어있다.어린시절이굉장히중요하다는것을? ||| 여야 모든 정치 인사들. 정말 추잡스런사람들. 참으로 부끄러운 일입니다 ||| 왜 난 남의돈 공짜돈에 환장을 하나.. ||| 그래 서 무슨 한학자를 구속 하고 ㅡ종교 단체 없애려 했을까요? ||| 이재명은 돈이라면 안끼는대가 없내 참 어이없내 억압으로 만 큰소리치고있내 ||| 재판 재개해서 빨리결정해야 합니다 ||| 아니 통일교 재산 몰수로 대장동 7800억 퉁치려는 거???? ||| 속히 특검 합시다 ||| 국힘 더 없으니 권선동 은 끝났다. ||| 이재명 은 대통령이 뭘해야 하는지 안해야 하는지 모르고 저자리에 앉아 있는 자 ㅡ아 넘 오래 된 신이여 제발 이나라 인재좀 찾아 서 해 주이소 ㅡㅡ ||| 뒷구멍으로 연락해서 돈받아먹고 앞으로는 공갈 협박하고 웃기는 다 ||| 이재명 엄청 투명하네 일 시켜놓고 하는 짓 보니, 시장 도지사때 뭔 일 했는지 다 보이네 ||| 여기서도 처묵 저기서도 처묵.. 국회의원 집을 한번 털어봐야 합니다. 현금은 자기집에 보관안하겠죠/ 온곳에 가서 다 쳐목는 모양임. 재벌한테도 먹었겠지? 직접 볼 수 없으니 장담 못하지만. 통일교 돈 쳐먹은 것 보니. 심증은 가네 . 이래저래 교 돈이 얼마냐? 국민들한테는 10만원씩 돌리고 지들은 5천만원씩 돌리 밝혀진 통일교 한 건만 5천마원 ||| 권성동을 죽일려고 하던 때가 엊그제인데 이제 모든 진상이 밝혀져 있습니다. 민주당 놈들이 돈받았다는 것은 다 알고 있다. 이 놈들을 전부 법정에 세워야 한다. 이재명부터 법의 에 맞도록 해야 한다. ||| 조폭 들 빨리 조사해서 해체시키시지~ ||| 이야...도저히 혼자 살수없는 세상이로다,❤ ||| 이범죄덩어리들이.집권해서.나라를공산독재로끌고가니. . ||| 여러분 애국으로 구해야 합니다 ||| 공유가안나오니 . ||| 이를 더듬어범죄당도 해산해야한다. 이것이 정답이가. ||| . ||| 박쥐원은 육해공 구분없이 덤벼대죠 빛이 보이면 바로 던지는 불나방처럼. ||| . ||| 대통령보고 많이배웠나 ? ||| 범죄집단 이죠 아이구야 국민들 화납니다 입법서부터 썩어서 나라가 따로 없습니다 ||| 너무 너무 상쾌 ||| 내란몰이로 찢을 강압적특검으로 해봐라. 내란몰이로 찢 찢 특검좀 하라. ||| 이것이야말로 진실이면 대통렁도 하야해야 한다 ||| 즉각수사하라 기가찬다 국민들이 직접 재판속개해라 ||| 이재명이 통일교측에 공갈을 때리고 있는 것이다. 이재명 자신이 직접 관련되어 있기 때문이다. 어떻게 한다고 비밀이 지켜질까? 무당들이 말하는데 머지 않아 큰 일이 라고 한다. 윤영호는 오늘 나머지 돈 받아 먹은 놈들은 밝히지 않고, 다음 재판에서 유용하게 받아 먹기로 결심 할 것 같다. ||| 그궁 통일교에 모든 증거들 있다고 . ||| 뉴스트라다므스.너무좋와요.나오시는 분들.속이쉬원합니다.호준석.이기인..네분들.너무.재미있네요..❤❤❤❤❤❤❤❤ ||| 오늘 윤영호가 폭로 안한 거 보니까 서로 협박하고 으르렁거렸내요. ||| 통일교 아~ 주 가 있어요 불어도 얻어터지고 안불어도 얻어터진다 그낭 불어 ||| 짝작짝 ||| 특검이저꼴인데.누가이범죄집단을수사해서벌할수있나.민 . ||| 진실은 반드시 드러나게 되어있고! 하나님은 살아계신다! 다 드러날것이다! ! ||| 국회의원중 부정한 청탁이나 금품수수 받지않은 사람 있을까? 온갖 특권 누리고 세금 축내면서 대한민국에서 가장 부패하고 썩어빠진 집단. ||| 오늘 입틀막 ? ||| 죄맹이는 귀태다.폭탄을 누구에게 던질까? 이 패거리의 당론이다 ||| # 문제덩어리 ||| - 금품받은 정치인은 퇴출이 답! ||| 원청 책임은 노란봉투법이 아니라 . ||| 진짜 ㅜㅜ 돈 받을것 다 받고 심지어 당원도 지원 하고 지가 당 임명장도 줬으면서 뻔뻔하게 말하는 것 보면 ㅜㅜ ||| 대선날즈음에도 주식매매했다고 보도 않았었나요 통일교재산 입맛 다실만 하지요 나라를 부강케 하기 *위 하 여* ||| 도둑이 제발이 저리니까 통일교를 이단 운운하며 겁박하는 상황, 종교의자유 헌법위반 ||| 진짜 개판이네 ||| 늘 국민팔이 하던 자들 뒤로 가 깠네요 제사 지내는둥 마는 둥 젯밥에만 관심가지는자들 수사못하는 검찰 경찰든 모조리 감방해이네요 ||| . ||| 더블어 썬 게이트 ,국민이 척결 한다 ,! ||| 에휴 ||| 장원준씨는 대통령 말씀이라는 말이 넘 좋아 그냥 대통령 말이라고해도 됩니다#### ||| 범죄자 는 국민이원합니다 ||| 찢어졌구나 구속 구속 구속 입니다 ||| . ||| 지금 언론재갈물리는법 민주당이 단독입버했다는데 민주당 해산시켜야하는거 아닌가요 ||| 종교 단체 해산은 대통령이라고 해도 해산 시킬수 없다 그리고 종교단체 해샨이 되면 그 국민들 피해는 어떻게 책임질것인가 ㅡㅡ도둑이 제발 저린다고 ㅡ이개명이가 통일교를 건드린것은 자기 가 통일교를 잡으려다가 자기가 발목을 잡고 엎어진 것이다 ㅡ ||| 장동혁은 뭐하고 있나 ? 이 들 빨리 판을 깔고 총 공세해야 지 당게시판 조사로 여론 물타기 ? 내가 황교안이다의 2탄 ? ||| 냉정하게 판단하여^^^ 현 야권 은 누구신지요? ||| 형수에 상스러운 욕설을 한 것도 모자라 , 범죄를 저지른 그 범죄들을 없애기 위해 법을 짓밟고 있는 놈이 할 소리는 아닌 것 같다. 네가 통일교 해산 운운할려면 이미 재판을 받았어야지 ||| 대통령실 가평으로 다시 가야겠네 왕궁 같은데~~~ ||| 도둑이 왜 저리는거조. ||| 쑈맨쉽 달인들 공개명단 보고 답 나오면 해결 지방선거는 국민몫 ||| 걍 다까고 명단공개하고 한동훈이 특검가자 ㅎ ||| 한동훈만 통일교 그물에 안걸렸네 역시 는 한동훈 최고",1
4uYL-IENbik,"""이재명이 통일교에 직접 "" 난리났다 [김광일·박은주·장원준의 쨍뜰날]","악취나는곳엔 # 그대이름이ᆢ ||| "" 제발저린다고 재명이가 찔린데가있으니 한발앞서치고나오는것 박지원의말 ""최고의공격이 최고의 방어다라고, ||| # ㅡㅡㅡㅡㅡㅡㅡㅡㅡㅡㅡㅡ ||| . ||| 이나라 많이 바라지 않는다 언론의 자유 직업의 자유 거것도 못하면 된다 ||| 이럴 거면 민주당이든 국민의힘이든 다 해산해야지. 대통령이 정말 너무 자기중심적이고 말도 너무 가벼워서 . ||| 이재명이 통일교와 연관 되어있으니 종교해산 시키고 재산 국고로 압수한다는 헛소리하고 참 무서운 괴물입니다 ||| 그냥 그런놈 인것을 돌아가는 꼬락서니 웃기도 않는군 ||| 이재명. 민주당 거짓말 이제 지겹다 정직은 왜 팔아먹었나 이제 넌지시 협박에 겁박 까지 국민들이 바보 같은지 아님 바보로 안건가? ||| 도둑이 제발 ! ||| # 입틀막인가요 ||| 내로남불과 사랑 증명됐다 ||| 이재명 존나 웃기네 ||| 근데 이재명이 어떤 인간인지.... 국민은 기억하고 있음... ||| 통일교가 아니 이재명이도 위법한거에 대해서 탄핵 받아라...",1
2UiEFmI4FSI,'갱생의 상징'이라더니…계속 터지는 조진웅 '폭행' 폭로 [김광일·박은주·장원준의 ],민주당은 다음 에 공천하시면 되겠내요. ||| 누나가 잘 시켜주겠네요 ||| 저 어디 가겠어요 ||| 갚아줘라 ||| 사람 안 됨 ||| 따불당 해산은 꼭 이루어 드립니다 ||| 조진웅은 현재진행형 을 절대 옹호해서는 안됩니다. ||| 개 가 개만 보이는 이유겟지 진보는 전 부개인가 멍멍이는 짖는게일이네 ||| 아니 무슨진보 공산주의지 ||| 조진웅은 누가 보나 완벽한 이재명의 후계자다 범죄당 차기 개통령 후보감으로 이만한놈이 어디 있을까... ||| 피해자들 다 고소해라,1
uxPruB6cKzw,"12/10(수) 통일교 수 진술에 전재수?(조태임·김준일) 크리스마스는 청와대에서(윤건영) 장동혁 마이웨이(박정훈) 쿠팡, 미국 집단소송(손동후) [김현정의 뉴스쇼]","***** 12/10(수) 뉴스쇼 ***** [뉴스 연구소] 통일교 금품 제공 진술에 ‘전재수’/ 세관 마약밀수 의혹 ‘혐의 없음’/ 1인 가구, 처음 800만 돌파 - CBS 조태임 기자, 김준일 시사 평론가 [인터뷰 (1)] 전재수 “통일교 금품 수수, 전부 허위”/ 李, 다시 청와대로/ 내란전담재판부의 위헌 논란 - 더불어민주당 윤건영 대변인 [놓지마 뉴스] - 방송인 강승희 [인터뷰 (2)] 통일교 정치인 금품 수수… 4개월 지나서 이첩/ 주호영 “탄핵 충분”/ ‘한동훈 당원게시판’ 중간 발표 - 국민의힘 박정훈 의원 [인터뷰 (3)] 쿠팡 정보 유출, 미국에서 집단소송: 한국 피해자들의 재판 참여는? / SJKP 손동후 변호사 (법무법인 ‘대륜’ 美 현지법인) ||| 그래서 그넘이 라고 하는거다 그런데 깨끗한 척 하는 당이 더 나쁜집단이다. ||| 삶 자체가 외로운것이고 결국 혼자 쓸쓸히 훌쩍 떠나는것을! ||| 공소시효. 윤건영 모른다 모르닌깐 빨리 . ||| 전재수 민주당 에 몇 안되는 내가 좋아하는 정치인인데 좀 황당하네.... 이 사람이....역시 돈엔 장사없네.. . 큰 실망.... ||| 박정훈 화이팅 ||| 박정훈 최고 ! ||| 윤건영 . ||| 박정훈똑똑한 사람 ||| 향후에 민중기 는 구속될거다 특검은 현정부가 그러니까 두 개 란다 ||| 이재명도 통일교 밥 먹었네..^^",1
tnmxHkBTsUE,"尹 카톡 메시지 본 유인태 ""누가 술 넣어줬나?""","원로들도 저런 사고로 정치를 한다니 정치권이 속속들이 썪었구나 ||| 왜 ? 에라이~~~ ||| 요즘 이야기하는 원로 정치인이 저모양이니 한심하네요 ||| 이 사건 때문에 또 이재명 현지 테 혼났을듯 애들 교육 잘못 시켰다고 ||| 원래 해먹던 방식이라 저들은 재수없게 들켰다고 . ||| CBS 정신 님 영감님 사고가 정지 되셨어요. 사리분별 못하는 분 은 원로 아니라 원로할아버지라도 되 전파 타게하묜 안됩니다. 영감님!!! 한심해서 들어 이 없네요! ||| 들키지만 않으면 된다는 것 ||| 청탁이 죄가아니라 들킨게 죄다 어찌저런 인간들이 한국정치를 참 한탄스럽다 아 단두대로 끌고간 인간들이 많구나 ||| 이게 문제라? 참으로 통탄할 일이다 ㅠㅠ ||| 문제는 관료자리를 너무 탐내다가 탈이 난거다 ||| 이런분을 부를 이유가 있을까요? ||| 안들키면 그냥이라니..이런 거 있다고 ? ||| 모든 것은 널 통해야 겠구나 ||| 에구ㅡ ~ 엉망진창ᆢ개판ᆢ ||| 어이가 없이 이련일이 비일비재하다고요! 더 충격이네! ||| 들킨게 아무리 강도질하고도 안잡히면 장땡이겠네. 노후한 정치꾼이 민주당 내로남불 제대로 보여주네 ||| 대한민국 국민은 누구를 믿어야하나~ ||| 이 인간도 어제 마신 술 이 덜 깼구먼 에라이 이런인간이 원로라구 으으으... ||| 저기 게스트 가 70은 넘어야 하능겨??? 감 떨어져요ㅋㅋㅋㅋ ||| 만진당 진짜 완전 기득권이구나ㅋㅋㅋㅋㅋㅋㅋㅋㅋㅋ ||| 대한민국 민주당 썩었구나. 부패 김현지와 김남국은 즉각 사퇴해라! ||| 유인태님 정신세계가 의심스럽습니다 . ||| 들킨게 왜 참나,, ||| 더 놀라운 건 유인태님의 사고 방식이네요~~ ||| 유인태..역시 가재는 개편인가? 김남국에 대해서도 장경태에 대해서도..그럴 수 있다고?? 들킨게.죄라고?? ||| 김현지퇴출 하라 구속하라 김남국도 퇴출하라 ||| 민주당은 국회원이 더듬으면 지지자들이 2차가해 해주는 의리있는 국민 정당입니다 ||| 문진석이 짤라 무슨 의원이야 ||| 참 ! ||| 큰 문제 2.그런데 여기에 김현지가 언급된것은 더 큰 문제 ||| 학연 학연 지연 이재명쪽 도 민주당 도 똑같네!!! ||| 지금 뭐하냐? 해체해라 공수처 ||| 김남국 진짜 귀여워 ||| 정치계어른들의 목소리 쯧쯧~ ||| 할배는 한나이들어서 그런지 왜이렇게 많이 말을 해요 ||| 대통령실과 관련없는 자리를 청탁했는데 이게 왜 추천이야? 청탁이 맞지. 어디서 약을 사 ||| 들킨게 문제라네 무서운 놈 ||| 썸네일 . ||| 경기도 좋은데 비판은 왜 하는거요 영감님 ㆍ전 정부는 심판받고 재판받고 수사받고 있잖아 이재명 비판하다 찍힐거 같아서 안하요 ||| 유인태 이재명 너무 싫어하더니....쯤 ||| 할아버지 , 손녀가 장경태가 그랬어도 그런 주접 떨수 있나요 ||| 초록은 ? ||| 국민복장이터져? 계엄에 반대 민주당 했던행태가 어땠나 대통령이 계엄말고 할수있는게 뭐였나 유인태? 웃기고 자빠졌네 ||| 김건희에게도 꼭 필요했겠지만 김혜경 은 왜 못 하냐 하여튼 , , 쯧쯧 누가누가 더 잘못 하나 내기하는 정치판 ||| 갑자기 저러니 한심하기 짝이없다 ||| 남의 허벅지를 어떻게 만져요? 살짝 등 두드리는 거랑은 차원이 다름. 그냥 내가 더 기분 나쁠 듯요. 고소한 사람도 아닌데 계속 생각하다가 계속 마주치니 그때 생각나서 기분 더러워서 신고한 거 같음 ||| 아니 왜? 나왔냐 ||| 장경태 쉴드는 제발 그만하시죠. 토 플 뻔한 사실인데 말이죠. 비디오가 완벽한 증거 아닌가요? ||| 유인태도 내로남불이네 ||| 진짜 실세인것 인정됬다. ||| 할아버지 지금은 그 때처럼 더러운 시대가 아니에요 ||| 인태씨 , 뭐이래 ! ||| 술먹고 했다고 하면 괜찮나? 내 머리 속엔 뭐가 들어 있는지 도대체... ||| # 현지❤ ||| 유인태씨 . ||| 현실감각이 뛰어난 분을 이제는 보내드리세요 ||| 만사현통제2최순실인가 김건희인가 ? ||| 유인태 총장님 이제는 그만하시죠? 사진이 안 찍히면된다는 것이 말이 되나요? 과정은 그냥 결과 좋으면된다는 것이네요? 답답하네요 유인태총장님 ||| 재명이한테 이 유가 옛날유가 아니구먼~~~ ||| 무슨 이유로 미안하다 하는순간 성추행범으로 정치 끝나는데 감이 없네 지금 성인지 감수성인가 ? 하는걸로 사람 나락보내는데 지금 은 정치라고 생각하면 안됨 ||| 유인태도 저런생각을 하고있구나 . ||| . ||| 유인태씨도이제고만해야것따 ? ||| 김현지 이름 뭐냐 ??? ||| 나도 . ||| # 만사통과!! ||| . ||| 듣자 듣자 아 참 에이 여보슈! 원로 반납하슈! ||| 어리석은 국민을 바로세우기 위해 정당해산 . ||| 현지로 폭망한다 문닫는다 다 사라진다 ||| 혼자 있는 것도 힘겨워하는 거 같으신데... ||| 김남국 한심하네요 민주당 도 한심 ||| 집에서 쉬세요. 말이란건 무게가 아닙니다 ||| 현지누나 나도 너무 좋은자리 ||| 김건희나 ? ||| 게스트 정말 최고 ||| 할배야 자식걱정 나라걱정을 해도 돈 나오냐 미래가 캄캄하다 ||| 이재명 대통령, 대한민국 여왕님 ||| 공감하며 . ||| 애지 중지 ! ||| 복덕방 할버지 정치평론 수준을 어떻게 부를까. ||| 댓글 갯수가 많 오죽 기가막힌 진행이었으면 ㅉㅉ ||| - 넌. 어디서왔니 ? ||| 그냥 좀 쉬었으면 ||| 유 총장님. 장경태 저놈 혼을 내서 의원직 사퇴하고 깜빵 하고 법의심판 받고 사람되게 교육좀 시키세요. ||| 어휴 믿었던 원로 조차도 못 갔네 ㅠㅠ 에라이~~~ ||| 김남국은 민주당의 대",2
Rbqhd5XCgVw,"전재수 , 왜 사표부터 썼나? [뉴스 연구소]","윤영호가 거짓으로 돈 받은 넘들 욕 할 이유가 없지 정치권 로비하는 넘들 불문율 처럼 민주당 구킴 양쪽에 모두 보험 들어 놓은 거임 다음은 정동영이 차례네 ㅋ 뇌물 받은 넘들 공통된 특징은 증거 제시 할 때까지 일단 부터 강하게 부정하고 보는 거지 ||| 같은 혐의로 어떤 X은 징역살고, 어떤 X 공소시효가 지나고... ||| 단언코 없었는데 왜 ? ㅋㅋㅋㅋㅋㅋㅋㅋㅋㅋㅋ ||| ??? : 야 진짜 없었다고? 언론에 증거 다깐다? -> 다음날 ? ||| 여,야 정치인들 다 수사하라. 썩은 적폐 좀 청산하게 ||| 국회의원 좀 내려놔야지 ||| 말세다 ||| ㅋ ㅋ ||| 단호하게 명백하게 말하지만 정치인들 입만 들으면 거짓말 ||| 전재수도 이젠 그만 ||| 받은거는 받으거지 수사철저히 수사해서 구속이 답이다 여 야 죄 야 죄 지은정치인들 제 다 구속해야됩니다 세금이 아바라 ||| 버티다가 이것저것 다 털릴것같으니 빨리 . ||| 전재수 의원 응큼 합니다!의원 직 사퇴하고 수사 조사 받아라 정치 끝났다 ||| 누가 바보로 보이나 ? 전재수 는 아무 죄가없는데 사퇴는 왜하겠나. ? ||| 죄가 아닌데 왜 사표 ||| 하고 있는거 같네.. ||| ㅋㅋ철판 ㅋㅋ ||| # 표적 ||| 그 생각이 난다. me too 사건이 터져 수사를 하니 막상 범죄 혐의로 잡힌 건 민주당 인사들 ㅋㅋㅋ 김건희 잡겠다고 한 민주당 이 결국 만주당 벌집을 쑤신 꼴이니 말이다 ㅋㅋㅋ ||| 그런대. . 사퇴. ㅋㅋ ||| 마이크 내려놓고 조사받아라 ||| 아직 법원 판단도 조사도 안나왔는데 왜 수수가 없었데... 그냥 수수는 그럼 있었던거야??? ||| # 수사 ||| 아 까르띠에 불가리 나한테 버려라 ||| 강한 의지 강한 긍정 ||| 통일교 로비에 걸려들지 않은 사람 구하기 통일교 로비에 걸려든 사람 징계하기 여야불문 아까운 인재라도 그냥 넘어가야 제대로 되어 서 깨끗하고 건강한 나라가 될 거예요~~ ||| 부메랑으로. . ||| 특검을 특검하여야한다 . 연기날리없다 전재수도 이제끝이보이는구나 ||| . ||| 권성동 구속햇으니 전재수도 . ||| 금품수수 사실 무근 명확 정확히 그런 사실 없다는데 왜 해양수산부장관 사표 제출 도망가는지 ? ||| 전재수 수사해서 전재수 . ||| 낮은데서 추락해야 머리 아프거든 ||| 전재수 멀리 테이크 아웃 ||| 빤스런 ||| 조진웅이 은퇴하는 이유 계속 터질게 많아서 박나래가 하차하는 이유 계속 터질게 많아서 조세호가 하차하는 이유로 계속 터질게 많아서 전재수가 는 이유 뻔하지 ㅋㅋㅋ ||| 정말 재수가 없어요. ||| 전재수는 불법정치자금, 명품시계 등을 받았다고 . 근데 국회의원 그만두고 국개의원은 포기 못하겠단다. 불체포특권을 행사 하는것 같은데, 따블당이 어떻게 하는지 지켜보자? 권성동이와는 어떻게 다른지 지켜보자 ? ||| 단순하게 생각하면 된다. 그러면 아무 이유 없고 사실이면 사퇴하는거다. 사퇴는 사실이라는 거에 대한 증명이다. ||| 부패 하면 터질까 그런거지 대부분 그렇지 않나? ||| . ||| 전재수 말뿐이네요 . ||| 지금 정권도 다르지 않네요. T.T 아 정말 너무 요 ||| 김준일이 저 인간도 아무리 해도 못듣겠다 저게 무슨 정치평론가야 평론을 객관적으로 안하든, 못하든 그 순간 정치 기생충일 뿐이야 ||| 재수님도 ! ||| 그래서 빨리 정리하라고 했겠지 ||| 언론들 가짜뉴스 보도할때는 징벌손배 ? ||| 전재수 사표는 국힘, 통일교 … ||| 왜 이통은 저렇게 행동 하는것이 비 웃듯이 행동 하는가 ||| 부산시장 선거 ||| 전재수 기자 ||| ㅋㅋㅋㅋㅋ 아니 같은 사람이 권성동한테 돈 줬다하니까 , 전재수한테 돈 줬다하니까 모른척하고 ㅋㅋㅋㅋㅋ ||| 이재명이 통일교 해산시킨다고 협박하니까 통일교 폭로한다고 하다가 입 꾹닫... ㅋㅋㅋㅋ . 서로 손해 본거지.. ㅋㅋㅋ 전재수는 그대신 물러난거지 후폭풍 올지 모르니 아무 죄도 없는데 일단 사표부터 쓴 사례는 단군이래 ?",2
4uk3UeaBnN8,(라이브뉴스) 속보 한동훈 비대위원장 / 연합뉴스,"와~~ 한동훈장관님~~ 정말 바르게 , 그래서 총선에서 반드시 승리하도록합시다 ||| 하지만 길게보면 이기는 것입니다 ||| 한동훈 비대위원장! 환영합니다. 총선승리하여 국회에서 썩은 민주당을 몰아내 주세요. ||| 한동훈장관 아끼다 똥된다 총선에 이겨야 한다 그리고 그후 계획을할수있다 우리국민들이 노파심에 걱정하니까 최선 다해 주세요 화이팅 ||| 맞아요. 신대표님 나라 위기를 정확하게 잘 알려주심 감사합니다♡~~ ||| 한동훈장관님 지지하고 응원합니다. 원희룡장관님지지하고 응원합니다. 발빠른 순발력도 뛰어난 투톱으로 두분이 힘모아 이나라를 지켜주십시요 국민들의 간절한 바람 ||| 한동훈장관님응원합니다화이팅 ||| . ||| 한동훈 원희룡 장관 두분 다 응원합니다 다들 나보다 우리를 또한 먼저 생각하며 뭉쳐주면 합니다 서로 부족한건 아닌지 서로 걱정부터 뭉쳐갑시다 서로 헐 떨지 맙시다 ||| 한동훈 장관님 응윈합니다 . 선거에이깁니다 홧팅 ||| 넘넘잘됐어요 그러나 정치경험이 라 잘알고 하셨으리라 이번 총선이 성공하시길 간절히 소원함니다 꼭 꼭 성공하시기를 ||| 한장관님 응원합니다 준서기는 빨리 신당이나 요 한동훈 장관만한 사람도 없어요 ||| 신대표님 말씀데로 겸손하신 원희룡장관님을 적극 지지합니다!!!! ||| 한동훈장관 적극 지지합니다 . 여론신경 쓸것없슴 ||| 한동훈잘해낼거라고생각합니다 . 생각이깊은사람이라서잘할것같아요 ||| 김문수의원 . ||| 제발공관위원장은 김문수위원장님 ! ||| 이번총선은 대선급이다 반드시 승리해야한다 ||| 국힘의원님들은 함께 앞으로 뭉쳐야한다. 그래야 총선 때 까은건 금지 ㆍㆍ❤❤❤ ||| 김기현이 바로이준석 . ||| 한동훈법무부장관님 . ||| 한장관님은 국힘에서 일당백할것이다 ~기왕 됬으니 잘 헤쳐나가기를~~ ||| 한동훈장관님 . ||| ❤대통령제 하에서는 서로 힘을 실어주고 일사분란 하게 돌아가야 국정이 안정되고 국민의 정서도 편해지고 국가도 발전함 대통령 임기 끝날때까지 힘을 실어드려야 함 만고의 진리 대통령 쌩까고 잘못 하면 자멸 하고 박근혜 대통령님 들 처럼 정권 뺏기고 쪽박 참❤ ||| 한동훈 장관가시면 법무부는 어떻게 지키나요? 법무부장관 한동훈장관님 계셔서 든든 했었는데요! 걱정이 됩니다~~ ||| 한장관님 키리스마있게 돌파 하셔야 해요 ||| 꼭 김문수위원장님 되셨으면 ~ ||| 한 10년 좋다.한장관 ||| 한동훈선택은 필수적이다 곧 계엄정국으로 흐를텐데 혼연일체가 되어 목숨걸고 자유민주 체제 수호해야 한다 ||| 원희룡, 한동훈 , 최고입니다 ||| 정치도 전쟁이다 윤석렬대통령님 은 정치를 모릅니다 그렇치만 도 정의와 나라를 그누구보다도걱정하고 바로세우려는 초심의마음을가지고계시는 신념을 국민들은믿읍니다 ||| 그렇게 될겁니다 ||| 한동훈장관 : 강력한카리스마로국힘완전정비하세요. ||| 홍준표 의원도 구 태 . ||| 그나마 최고로 잘한일 . ||| 한장관 아낄려햇는데~골든타임이라 한장관 등장해야 한다고 ? ||| 한동훈 천재 아이큐 로 천재로 아이큐 로 ᆢ ||| 와~~원장관님 진짜 마인드 짱❤❤❤ ||| 한동훈 장관이 잘할것이다 . 화이팅입니다 ❤❤❤ ||| 한동훈도 선배들이 밀어주면 된다 ||| 신대표님~원장관님도비대위원장좋은데~왜굳이이준석과-러닝메이트를생각하는지모르겠어요ㆍ그래서원장관님을-불안해하는거예요 ||| 한동훈 잘하겠지만 왠지 조금은 아쉬운 느낌이 듭니다 성공한 비대위 되길 바랍니다.. 뭉치자 싸우자 이기자. ||| 공부 잘하실것 입니다 ||| 잔광훈목사의 예지력은 이미 신의 경지에 이르렸다...그야말로 선자자다....기가 찬다... ||| 한동훈장관은 법치를 바로 세우는 숙제를 함께 해결해야합니다 비대위는 정치경험이 많은 김문수위원장 원희룡장관이 적격인걸로 추천합니다 ||| 신혜식 대표님 수고가 많으십니다 . 한동훈법무장관님 비대위원장님이 되 셔야 대통령님이 안 전할 수 가있습니다. 대통령 아바타면 어 ~ 대통령 이 죽느냐사느냐 달 려있는데 답 없 네요 홍준표 ||| 김문수님을추대합니다 ||| 한동훈 비대위 가 새로운 바람 혁신이 된다. 그 들도 조용히 잠재워 질것이다. 새바람이 불것이다. ||| 원희룡 장관님을 그러겟하면. 안되지요 장예찬도. . ||| 한장관과 함께 할 것! ! 한장관 홧팅! ||| 장예찬 이준석 . ||| 저들과 ㅡㅡ반대길 ! ||| 김문수의원 공부 잘하실거여요 ||| 먖습니다 김종인 이준석말은 반대로 해요 ||| 검사타령말라 시대가 요구하고✔️ 스스로 만든다✔️ 대한민국 한동훈 ||| 원희룡 장관님 도 잘하실것 아닙니까 ||| 한동훈 비대위원장 응원합니다 . ||| 한동훈 장관님. 화이팅 . ||| 당 장관으로 비대위원 장 갖으면 했는데 어렵 피 결론이난 만큼 한장 관을 적극밀어 당을 조 속히 안정시켜 내년총 선 만전을 기해 주시길 바랍니다( ＾ω＾ ) ||| 정치는 행동 말조심을 신중히 해야한다 예로 말한마디 잘못하면 정 치인은 하루 아침에 훅 , , 정치인생 끝날수도 있다는점 항 상 조심 또 조심 할 점이라는 것을 항상 유념 명심해야 할것이 다(((o(*ﾟ∀ﾟ*)o)));-) ❤️ ||| 신대표님,열열히 지지합니다, 또 기대하겠습니다! ||| 한동훈.화이팅 ||| 한동훈장관님 , 기도합시다❤❤ ||| 오랫만에 윤석열대통령 도울수 있도록 다 잘된거예요 ||| 암튼 비대위원장 배치가 누가되든 잘 되기를 빕니다. 화이팅~ ||| 난 윤정부의 성공을 위해 한동훈이를 원한다 ! ||| 김기현중심등 . 영낭당서. 수도귄인구가 전제2/1이고 윤대통령 한장관 등. 본적이서울서 태어나 국민힘당도. 수도귄 당이돼야할것이다 ||| 한동훈장관님 . ||| 원희룡장관 자유통일당 후보 영입 ||| 한동훈비대위원장할일많읍니다지금급해요 ||| 장예찬 이준석 . ||| 한장과님 바르게 정확한 자세로 잘하실겁니다 힘모아주세요 사람은장.단점있는겁니다 . 최곱니다 ||| 한동훈 전장관님이 국힘의희망이고 보수의 보배가아닌가 !.... 한동훈 화이팅 !.... . 바람으로힘찬원동력이 한테멸공의힘으로..... ||| 민주당이 극렬 반대하고 나선 것은 자신들에게 가장 불리하기 때문입니다. 이것으로서 한장관이 가장 확실하게 증명해 주는 것입니다. ||| 비대위원장이 되셨으니 당 내의 위장우파를 짤라 내는데 집중해주세요~ 총선 승리 은근히 바라는 그들에게 단호히 대응해야 합니다. ||| 한동훈장관 . ||| 한장관 맞는일을 위한 인물ㅡ총선성공 못하면 대권 없다.골든타임~목숨걸자 ||| 국회에서 지난 두 해 한 장관의 활약을 보며 정치 경험이 라는 말은 동의하기 어렵다. 정치인들 이제는 여의도 문법에서 벗어나야 한다. ||| 전 그냥 한법무입니다 다아 생각이 있으실겁니다 총선이 젤 급한데 뭔 한가한소리 총선지면 끝인데 돈 아끼자고? ||| 지지율 얼마 남아 있다 ||| 한동훈 의원 님 파이팅입니다 응원합니다 국 힘 당대표 최고 입니다 ||| 아무튼 천재검사 한동훈 이 비대위원장 진짜 잘할것 ||| 이낙연이는 # 신당끝 ||| 진짜로 우리 대한민국 애국자 신혜식대표님 항상 좋은 방송 너무 감사합니다 무조건 다음 선거에서 대한민국 이 뭉쳐야 합니다 그래서 민주당 범죄집단 민주당 악마 놈들을 무조건 내년 선거에서 심판해야 합니다 국민여러분 ||| 한동훈 비대위원장 화이팅 ||| 한장관님 휘둘리지마시고 일 잘하시여 총선 성공하시고 다음 대통령까지 쭉 갑시다 ||| 한장관 하이팅합니다 존경합니다 . ❤❤❤❤❤ ||| 한동훈 함께해요 비대위 위원장 . ||| 한동훈 비대위원장 화이팅 ! ||| # ᆢ 우리는 믿고 응원해야 함니다 한장관님 잘하실겁니다 국민이 라면 후회는 없을거예요 ❤❤❤ ❤❤❤ ||| 한동훈법부장관님 화이팅 우파는 이제부터 대한민국 총선 이겼다 ||| 한동훈장관님화이팅❤❤❤ ||| . ||| 국힘 ! ||| 김기현 전당대회때 최종결과 발표때 눈 꿈뻑 꿈뻑 이게 딱 밥맛이더만 준떡이 따까리짓에 나름 행복한 나날을 보낸다 ||| 180 : 1. 로 싸우는 한동훈 장관님 열 번 지지합니다 ||| 여의도 사투리 말고 진짜 국민 표준어를 쓰는 사람!! 국민 입장에서 보면 최고에 사람입니다 ||| 그얼굴이그얼굴인 정치인들 은 좀''참신한 새 인물인 한 장관님'으로 세대 교체 되어야 합니다 ||| 국힘당과나라의 를 생각해서 대통령님께서 한동훈장관을 비대위원장으로 결정을 하셨을 것을 대통령님을 믿습니다.~ ||| 무조건 이번에. 총선에서. 이겨야. 대한민국이. . 우리모두. 힘합처서 사랑하는 대한민국 지켜냅시다.",1
Usktxggcn3U,(라이브뉴스) 윤석열 중대결심 판사 / 2024.05.26,"신의한수는 진정한 애국입니다 최고 입니다 ||| 대표님 , 그리고 사랑해요 ||| 진실과 진리를 향해 정도를 걸어온 신대표님과 전광훈 목사님께 하나님의 은총과 역사하시는 손길이 함께 하실것이라 . ||| 신대표님 진정한 애국자이십니다. 화 . 팅 ||| 신 대표님 화이팅 신 대표님이 계시기에 자유 대한민국이 살아갈 희망이 있습니다. 우리 모두 부정선거 를 밝혀내서 자유 대한민국을 다시 한 바퀴 의대 하고 정의로운 국가로 세워야 합니다 ||| 신 대표님 정말 잘하고 또 힘드셔도 정의와 진실은 반드시 승리 합니다 강하고 담대하 게 내시고 용기를 내셔서 최선을 다 하시면 반드시 승리하십니다 감사합니다. ||| 부정선거 밝히는것이 아닙니다 ||| 신대표님 정말 옳으신 판단에 감사드립니다 힘내시고 조금만 더 참고 지내십시다 하나님께서 하시 늘 수고에 정말 고마워요 ||| 신대표님 , 대표님은 애국세력이 지지합니다 ||| 신혜식 대표님 말씀 옳 고 많이 답답하고 속상 하고 무지한 국민의 한사람 인 저도 속상한걸요 ||| 대포님국민청원빨리빨$ 리선전하세요우리모두서명하고부정선거밣 ) ||| 그래도 대표님은. 나라를구하고계시잖아요. 모든환경이최악이지만. . 대한민국을위해. 힘내세요. 응원합니다 ||| 신혜식대표님 힘내세요. 광화문 보고 달려가기로해요 광화문장에서 외치는 그 결기와 투쟁력으로 우리는 힘을 얻어 든든합니다 절대 약해지지마십시요 끝까지 응원할것입니다. ||| 한동훈은 독선, , 얼토당토않죠,홍준표 시장님 신대표님 홍철기님 ,매우매우응원합니다 ||| 원희룡 ! ||| 국힘은 당장 해산하고 새로운 우파 정당을 창당하라! ||| 신 : 이번 에 를 반드시 밝혀내고 가담자들 모두 극형에 처해야 합니다. 이를 위해서 선두에서 싸우시는 대표님께 감사드리며 애국 우파 국민들이 전 목사님을 중심으로 해서 하나로 뭉쳐 반드시 승리 합시다. ||| 장시호녹취록과 태블릿pc 진위여부 조사는 언제쯤 할수있을지 . ||| 윤성열중대결정해야한다우파들속시워하게정치해주세요 ||| 한동훈은 반듯이 팀 에서 퇴출시켜야한다 ||| 원희룡 이 당대표 되야 합니다 ||| 오세훈이 박원순보다 먼저 광화문집회 막았습니다. 국힘 썩어빠졌습니다. ||| 그 사람 감사원장 할때는 몰라도 정치하는 것 보면 이준석 옹호, 한동훈 옹호하는 것 보면 정치는 영 아닌것 같습니다 ||| 원희룡님 그러면 좋겠습니다. ||| 한동훈 . ||| 오죽하면그런말씀을하실까요 ? 감사합니다대단히대단히요 ||| 정말 귀여워 ||| 신대표님의 심정을 백번 공감합니다.. 제 심정과 똑갈거든요 ㅡㅠ 악인들의 길은 왜 이리 평탄하고 승승장구의 길인지요.. 의인의 길은 어쩜 이리 좁고 험난한지, , 자괴감 마저 듭니다 신대표님.. 그래도 힘내주세요 성경에도 좁은문 들어가길 힘쓰라 하셨습니다 어둠이 빛을 못 이깁니다 우린 지금 눈물을 흘리지만, 마지막엔 결국 이기며 웃을겁니다.. 전목사님이 고난의 길을 가시듯, 우리도 그길을 가야겠지요.. 다 외면하고 흘려 주어도 우리의 눈물이 진주가 되는날이 올것을 믿습니다 신대표님 ,애국국민들 모두 존경합니다................... ||| 국힘도와주지마세요광화문을우습게여기는자들사랑교회감옥에서아직못나온분들안타갑읍니다 ||| # 힘내세요 ||| 신해식님 존경합니다 진정한 애국자입니다 나라가걱정입니다 ||| 공의를 위하여 진리를위하여 자유민주의 대한민국을 위하여 선한싸우는 사람이 한마디로 악역이라 할 기회 주의자 들이다 ||| 신의 한수 응원합니다 . ||| 이나라 어디 가는 걸까요 속상하고 답답합니다 신대표님 그래도 우리함께 힘내요 꼭 은 결과 있을 거라고 생각합니다 화이팅~ ||| 이 세상의 악역이 천상에서는 귀한일입니다 하지만 바른말하면 귀에 거슬리고 달콤한 소리만이 우쭈쭈 합니다 하늘의 상금을따셔야 합니다 그리고 스트레스 푸셔야 합니다 끝까지 웃는자가 승리자 입니다 아멘 ||| . ||| 전광훈목사님 새예루살렘 화이팅!! 신해식대표님 십자가고난의 날 화이팅!! ||| 한동훈이 한테 가봐야 누가 표 주나 이젠 겠다 ||| 광화문집회도중요하지만 , 대통령실 비서실장과 직접적인 접촉과협조를해야지 현장에서부탁해봐야 절대통하지않습니다. 광화문집해를하면당년히알아서협조해주겟지하는생각을버려야합니다. 세상은 항상직접만나서협조하고부탁해야술술풀려나간다고생각합니다. ||| 국민의 힘 국회의원 열심히 일해라 ||| 신혜식대표님 ! ||| 옳은 일을 해야 분명합니다~!!! ||| 한ㄷ훈은 # 목마 ||| 신대표님은 악역이 아니고 진정 선한 역할입니다.표현이 잘못 된 그 말 한 사람도 식견이 전혀 없는 사람이네요. 나라를 위해 열심히 분석하고 논평하는 신튜브를 공격하는 자들은 정신이 빠진 다 ||| 한동훈 법무장관2년 이번총선참패 절대책임회피 다 한동훈 절대 지지하지않는다 ||| 국민 여러분 광화문 참가자는 진짜 영웅입니다 자유투사 입니다 ||| 그럼 우파에게 좋은일들만 일어날거예요 ||| 원희룡 당대표 되야 대한민국 삽니다 원희룡 화이팅 응원합니다❤❤❤ ||| 신대표님 도 힘들지만 조금만 더 견디고 기다려 보아요 언젠가 됩니다 야 빛이납니다 사람은 어리석어서 그렇습니다 ||| 힘내세요 ||| 원희룡이 ? ||| 국힘당은희망이 안보여요 또배신 당으로 가는것 아닌가요 ||| 신대표님 마음이 그래요 ||| 부정선거수사로 정권 갈아치워야 ||| 신튜브 전목사님이 가장 좋아 ||| 한동훈이당대표되면. 김경률또. . 좌로가는국힘은. 더이상. 희망이없다. ||| 최재형이 대통령을 배신 함 ㅠㅜ ||| 우리 한동훈~!!! ||| 한동훈 아웃! ||| 무슨 서병수를 선관위장 맡게 합니까. 국힘 황우려가 서병수를 컷오프 시켜서 한동훈을 밀고 있네요 ||| 그러면 그만할까요? 하루 이틀 집회에 만신창이가 되었는데 또 어쩌란 말입니까? 하나님께서 절대로 가만두시지 않을것입니다 잠이 확달아나네요 ||| 아 열불나네요 ||| 너무속상해서죽겠어요야당의,사나리오가.강하니까여당이힘이없읍니다어이가없읍니다, ||| 대표님 악역 아닙니다 힘내시구 화이팅 ||| 신대표님 응원합니다 바른소리 하는분 이 많이 필요합니다 악역이 아닌 진정한 충신이십니다 존경합니다 ||| 신대표님 응원합니다 힘내시고 다시 임재하실겁니다 ||| 국회 부정선거 청원 합시다 가 3만명 정도인데 6.1.까지 5만명 가야 합니다. ||| 신대표님 적극 지지하고 계십니다 ||| . ||| 최재형은 이준석줄이라 그럴수 지만 안철수 의원 에게는 실망이 크네요. ||| 한동훈 목 쫌팽이들 그인물이 뭐가잘났냐총선도말먹고 일잘하는 정치인이 잘난거지 전광훈목사님이나 신혜식대표님이 똑똑하고 잘난사람이고 훌륭한 정치인이고 능력자이시다 ||| 신대표는 악역이 아닌 진실역을 맡고있습니다 보수우파가 있습니다 글구 잡동사니 국힘은 이제 분당 으로 갈것이다 ||| 한 뚜껑 사면 매일 홧병나요 ||| 차라리원희룡그분을지지하는게났을거갔읍니다 ||| 국힘당 밖에 없음을 알아야합니다. ||| 신혜식대표님 청아대 비서실장으로 . ||| 여당없다 . 2 ||| 서병수가 얼마나 조용히 살지~ ||| 원희룡의원 . ||| 당대표 왜 국힘들 외조용한지요 나경원 ||| 문제가 있는 것은 있다고 해야 변하지 그렇지 않으면 계속 엉뚱한짓 하는 당이 국민의 힘이다 공직 출신들이 많으니 나라 물정을 모르는 거야 대통령께서는 정권을 운영해 보니 아 ~ 이건 아니구나 깨듿고 알잖아 단점은 용기가 없고 물에 물탄듯한 태도가 문제야 대통령 은 목숨 걸고 과감한 통치가 필요한건데 진정한 자유 우파는 머리하는 거야 왜 알면서 도 없으니까 기가막히는 거지 ~^ ||| 저도당원인데요 뿌리는박졍희대통령입니다 졸개한동훈은 # 대한민국지킬겁니다 ||| 그리고 좌파언론, 거짓선동 정당, 좌파 판사, 좌동운, 좌힘당, 선관위원회 비리등을 한번에 때려잡는 방법이 무엇인지, 윤대통령은 깊이 고민해 볼 필요가 있어 보입니다. 이대로는 정치가 바로 설 수가 없어 서 광화문 세력만으로는 너무 힘이 듭니다. 윤대통령이 결단을 내려야 합니다. ||| 맞습니다 맞아요 . 결단이 필요합니다 ||| 신대표님 악역아닙니다 힘내세요 분별력없는 사람 국힘당이나 한동훈 지적안하죠 ||| 홍철기 김사랑 안정권 멸공 연습 많이해요 힘내세요 ||| 준섹이 심판하러 당원가입한 사람입니다. 주위에 참고 기다리는 사람 많네요. 한동훈이 당대표되면 미련 없 국짐 탈당합니다. ||| 신대표님 악역 아니고, 신대 향한 우파의 가장귀한 보물입니다 다는 유투브 거의 구독취소했지만 유독 신의한수만 보면서 웃었다, 울었다 합니다 꼭 , 힘이되어드린것입니다 ||| 대한민국 개판오분전 ! ||| 우파는 외로워 신혜식 님 힘내세요 ||| 대통령님 광화문 으로 갑니다. ||| 우리는 윤통을 지켜야 한다고 생각해서 집회도하고 하지만 대통령 이 생각하는 것 광화문과 전혀 다른 길이고 윤통도 광화문울 불가촉천민으로 알고 있습니다.❤ ||| 고성국이도 한동훈 아까요 ? 좀 까더만 ||| 윤통님 안녕 하시요 ||| 그리고 홍철기님 두분이 제일진실되게한동훈을 비판합니다 ||| 안정권 용산 삼각지에서도 한동훈 비판합니다. 신대표님도 오후 4시 이후에 나오셔서 한동훈 봐 주셔요.앞으로 6회만 할것이라고 합니다. ||| 한동훈은 한방에 . ||| 그럼 광화문광장과 함께하신면 해답니다. ||| ❤신해식애국자가 진짜 귀여워 ||| 신대표님잘하고계심니다홍철기도한동훈잘까고싸우고싸워주고이슴니다우리모두열심싸웁시다",1
iuBAhInoUaM,"(독립신문 라이브뉴스) 전광훈, 평택 에 집결! / 2025.07.26","잘 모입시다. ||| 하나님 만세 ||| 행동할때 , 행동할때..평택분들 모두 나와요~ ||| 수고많으십니다 대한민국 화이팅 ||| 시작은 미미하나 끝은 아름다운 대한민국 만세!!!!! ||| "" 미군철수는.노 ||| 이더위에대단하십니다. . 누가뭐래도.미국은우리의은혜의나라입니다. 역시들힘찬합성든든함니다. ||| 너무 더워서 ||| 눈물납니다 함께 하지못해서 축복합니다 . ||| 오직 나라위해. 수고하시는 전광훈목사님!애국시민여러분 사랑합니다. ||| 신의한수.독립신문 신혜식 대표님,이선범 기자 모두 고생하셨습니다.. 감사드립니다 ~~^-^ ||| 전광훈 목사님 애국시민 감사합니다 . 무더운데 건강 관리도 잘 해주세요 윤어게인 ||| 뭉치자 싸워 이기자 승리합니다 진리가 너희를 자유케하리라 광화문 천만명 모이자 ||| 감격스럽고, 자랑 겹습니다. 주한미군, 우리와 함께 갑시다 ||| 손상대교수님 정말 고생이많으십니다 힘내세요 하나님께서 붙들어주시길 기도합니다 힘내세요 ||| 황중선장군님 항상속시원히 잘 바르게 알려주시니 너무감사합니다 힘내세요 크게 클수록 하나님께서 기뻐하십니다 자유를 지키고 , 대한민국을 굳게 지켜주세요 ||| 미군철수 미군철수 절대 절대 안됩니다 꼭 지켜주십시요 지텨주십시요 ||| 한미군철수 , 한미동맹 강화 하라!!~~ ||| 종교단체 들께 도 감사드립니다 윤대통령님 꼭 건강 시켜야 됩니다 윤대통령님 건강 위해 잘 이겨내시길 빕니다 이더위 애국자 여러분이 다시 대한민국 원상복귀시킬것이다 믿습니다 ||| 애국자 전광훈 만세 ㅡㅡㅡㅡㅡㅡㅡㅡㅡㅡㅡㅡ ||| 전광훈목사께서 건강한 모습을 보니 반갑습니다. 편찮으신가 걱정했었는데요, 끝까지 건강하셔서 자유우파국민을 지켜 주시 바라며 대한민국을 지켜 주소서. ||| 신의한수 신혜식대표님 이선범기자님 우동균기자님 이병준 기자님 홍철기 기자님 박완석 님 응원합니다 ||| 미군철수 반대 ||| 미군 파병 반대 합니다 ||| . ||| 화이팅 우리가 이긴다 대한민국 만세 좌 ! ||| . ||| 이 무더위에 너무 고생하십니다. 저희는 참석못해도 마음은 그곳에 도 감사합니다. ||| 신해식대표님 너무고생이 많으십니다 힘내세요 일일이 옳으신말씀 입니다 속시원히 외쳐주시니 요 ||| 고맙습니다 감사합니다 사랑합니다 . 해방이후 usa 환영은 처음이요 역사적인 일 늙어 도움되지 못해❤❤❤ ||| 주한미군 철수 절대 반대합니다 고생 ! ||| . ||| 더운데 도 애국하심에감사드립니다 함께응원합니다 ||| 애국자님 정말 보고 맙습니다 ||| 선지자 전광훈 목사님 잘 될지어다 하나님께서 사랑해요 ||| 아이구 무더위 폭염속에서 행사와 참석하는 여러분 존경합니다 ||| # 철수하지마세요 ||| 아무리 철수하래도 철수 못해. ||| 주한미군 사령관 만세 ||| 이 노래 좋아요 ❤❤❤ ||| 현지 함께하신 모든분들께 너무 감사 이더위에 뜨거운 날 왜 우리가 한 인간때문에 추위에 더위에 ᆢ이타까운 현실이 아픔니다 ᆢ감사합니다 . ᆢ이나라를 위해서 ᆢ ||| 전광훈목사님 국민혁명의장 이시며 선지자이십니다 하나님께서 붙들어주시길 기도합니다 자유민주주의 대한민국 지키기위해 최선 다하시니 너무감사합니다 건강조심하셔야합니다 ||| 전광훈 목사님 애국 국민여러분들 고새미많 고 참멋저요❤❤❤ ||| 미군 철수 절대 안되요 ||| 뜨거운 뙤약볕에. 대단하십니다 분명 하나님은 영원히 지킬것입니다 ||| 이렇게 뜨거운 날씨에도 나라를 위해 고생하시는 애국자 분들 너무 감사합니다 존경합니다 함께 있기에 든든합니다 ||| 전광훈 목사님 . ||| . ||| 수고많으십니다 . 건강하셔요.더운데 죄명태문에 고생많으십니다. ||| 더운날씨 수고가 많습니다. . 모든게 한동훈 독사때문 ||| 애국자 국민분들 이더위에 고생너무많으세요 감사고맙고감사드립니다 정관훈목사님 고생하시고 이재명하나때문에 국민분들 이재명 은탄핵 나라망치는 이재명 이 해야합니다 ||| 이를 무릅쓰고 애쓰시는 여러분께 감사드립니다. ||| 대한민국 의 . 님 선지자. 전한훈목사님 건강하시고. 존경합니다 감사드림니다 ||| 멸공! ! 척결하자~ ||| 모두 수고많으셔요 이선범기자 힘내세요 더운날씨에 애국국민들 모두 고생이많으십니다 자유를 지키기위해 혼신의힘을 다하시니 얼마나 감사한지요 하나님께서 붙들어주십니다 ||| 김정숙과. 김혜경도 특 검 하 라. !! 특검하라. ! 특검하라 !! ||| 전광훈목사님감사합니다주한미군철수반대입니다함께못해서죄송합니다먼곳에서나마응원합니다 ||| 대한민국 위해 끝까지 싸워주시는 주한미군 든든합니다 ||| 목사님 ! ||| 전광훈목사님과 모스탄 뭉쳐야 합니다 ||| . ||| # 정말강사합니다 ||| 우동균기자님 너무고생이 많아요 . 자유민주주의 대한민국을 굳게 지켜주세요 ||| 응원합니다! 대한국 ! ||| 전광훈 목사님 정말 륭륭심니다 믿습니다 . ❤❤❤❤ ||| 애국심이 이 뜨거운 태양빛에도 불타오르는 전광훈 목사님 존경ㅈ합니다 천주교 신자지만 정말 존경스럽습니다 애국 화이팅 ||| 사랑하고 존경합니다 . ||| 더운 날 애국자님들 고생하셨습니다~~~^-^ ||| 미군철수 반대 무더운날씨에 지금 제일 많이 수고하십니다 몸 조심하시기 바랍니다 ||| 전광훈목사님 애국시민들 이폭염에 나라사랑 윤석열대통령님 사랑하는마음에 . ||| 트럼프대통령님 절대 반대합니다 ||| 전광훈목사 한국을 구할 선지자입니다 집회에 참가한 모든 성도 여러분 감사합니다 ||| 맞습니다 우리가 . ||| 대한민국 영토을수호하는 윤석열 대통령 의 비상계엄령은정당합니다 멸공 ||| 전광훈 님 건강하세요 찐애국자이십니다 고맙습니다 감사합니다 애국자님 윤석열 대통령님 지키주세요 기도 합니다 ||| 대한민국 의 선지자 전광훈 목사님과 함께 한 기자단 의 그룹 신혜식 대장님 홍철기 대표님 박완석 대표님 우동균 기자 이병준 기자 이선범 기자 모두 수고가 많으십니다 언제나 지지하며 응원합니다 ||| # 철수절대반대! ||| 절대 반대합니다 ||| 미군철수반대합니다 신대표님 수고하셨습니다 할렐루야 ! ||| 전광훈 선수 정말 륭륭심니다 든든합니다 함내십시요 든든합니다 ❤❤❤❤더운날씨 고생많으세요 힘내십시요 믿습니다 ||| . ||| 이재명 무슨 망신이야 그리대통령 하고싶어서 저렇게 했으면 잘하지 ||| 나라가 새로 태어나야합니다 ||| ❤대한민국 대한민국 ||| 윤대통령 계엄은 계몽령이다 나라를 깨워주웠다 살길를 찾앗다 윤대댕령님이 뭐 잘못해서 전국민 10만원씩을 판결하는가 썪어빠진 법관들 다 들 국민의 명령이다 ||| 미군 철수 절대 반대! 주한미군 덕분에 안보와 경제의 풍요를 누리고 있다 절대로 를 잊으면 안된다 ||| 이렇게더운데 이죄명 때문에 국민이 나라살리기 위해 지금 너무 고생많으심니다 ||| . ||| 신해식 , 독립신문 평택 집회 화이팅입니다 필승 |||  ||| 새벽4시에 서울 침략 한달 만에 대구 부산 만 에 바쁘게 인천 까지 오는 걸 필사 적으로 낙동강 다부동 에서 막아 냈다,, ||| 오늘 무더위에 고생 많ㅇ십니다 나라구해내기위해선 윤석열대통령님 빠른시일 복귀하셔야합니다 네로남불 당 을탄핵합시다 ||| 이재명이 한태 국민들이 청구한다 범죄자가 대통이되서 불안해서 대한민국 외교도 주한미군철수 전쟁이 두렵다 전국민이20 만원씩 낸다 ||| 전광훈 목사님. 정말대한민국을 위하여. . 목사님 이십니다 존경합니다 감사합니다. ||| 이재명 을 내려놔야 나라가산다 ||| 윤대통령님 ! ||| 부산거제4동 주민 김정옥입니다 ||| 빨리 이죄맹끌어내리고 윤대통령 복귀시켜야합니다 우리가살길은 아닙니다 ||| 미군 철수 반대 ! ||| # 나라가풍전등화다 # 심각한정권 !! 보고만 있을까 ? 조국이 있어야 내가있고 ❤ 미래가있다❤ 나서라 내자유 ! 내권리 스스로찿자",1
IXxnzkejxnM,(라이브뉴스) 김은혜 분당 개폭망 기자 2024.03.20,"한동훈 김경율 좌파 국민이 심판 한다 ||| 이미 다 잡아놓은듯이 무시했지?방심은 금물이다 ||| 윈인의 핵심 몸통은 좌동훈입니다 모두 한동훈의 작품입니다 모든 책임은 한동훈 입니다 ||| 기회주의자 , 폭망하지요 ||| 대통령을 각을 세우고 대통령을 공격하니 어찌 잘 되겠냐 ||| 성공은 끝까지 봐야 알죠. 한동훈 언제 ? ||| 우리 윤대통령을 위해 단합합시다 . 한동훈보고 찍는건 아닙니다 윤석열대통령 위해 똘똘 뭉칩시다 ||| 김은혜는. 험지로 안보내고. 원하는 곳으로. 공천 줬다고. 보답 하느라고. 한동훈한테 . ||| 분열은 한동훈인것을 알아라 그래서 우파가 문제 인지 알아라 ||| 이종배 시의원 국회 방문 ||| 김은혜탈락시키자 ||| 어부지리로 얻은 자리!욕심만 가득하다 한동훈.김경률.김은혜! ! ||| 김은혜 이번 선거 낙선하면 정치 은퇴 ||| 김은혜는 아 안돼요 안돼~××××× ||| 김경율.김형동.함운경 내쳐야 . ||| 웃겨요 도태우 를 탈락 시켜 지지울 빠진거죠 ||| 대표님혜안.힘이됩니다 . 동훈과패거리싹뽑아내요 ||| 아시아투데이! 너무 좋습니다! ||| 민주당에서 넘어온 인간들 처내야 그나마 희망이 있다 ||| 김은혜 : 언제부터 당신이 잘났었는데 ||| 자통당이 확 일어나야 한다 ||| 김은혜.... 은혜를원수로갚으니 애국보수가 김은혜한테 는 대통령님하고 선긋는게아니고 대통령님하고 함께해야된다... 대통령님과각세우는게 보수를떠나게하는거다 ||| 권한이 있는만큼 책임이 당연히 따르게 되어 있어요. ||| 한동훈 빠는 맹한 우파들. 그대가를 면 자유통일당으로 가자 ||| 썩은빠진 정치계에 입문하면 제일 먼저 배우는게 뒤집어 서 남탓하기, 물타기.... ||| 참 의혹받고 있으면 평생 집에만 있어야 되나여 웃기는 한동훈이야 능력없으면 그만 자리욕심 그만내고 ||| 진실되게 살아라 . ||| 대표님. 말씀. . 맞습니다 ||| 김경률은 당장사퇴하라 좌파가 국힘에와서 헛소리 하지말고 하루빨리 사퇴하고 나가라 한동훈 위원장은 김경률을 사퇴시켜라 꼭~~~ ||| 김은혜도 한동훈앞에서 거지건성을 진짜 실망이다 쯧쯧 진짜 울며 겨자먹기 심정으로 국짐 기 싫습니다 !!!!!!!! ||| 신대표님 너무 정확합니다 ||| 이런자들이 왜 자통당에서 후보내시죠? ||| 김은혜후보 지지 않나요 은혜를 모르는 배신자 국힘에서 사퇴하시요 ||| 세상에 너무놀랍네요 배신자는 혹독하게 댓가를치러야합니다 김은혜가 배신을 너무기가막히네요 배신하는인간들은철저히 을 돌려줘야합니다 윤석열 대통령님 힘내세요 화이팅!! ||| 한동훈김경룰사퇴하라김은혜실망이다 ||| . ||| 제발 대통령탓하지마라 내탓이요해야승리할수잇다 한동훈 을멀리해라 그래야승리한다 ||| 한동훈에게 더는 못참겠다 사퇴하라 너거패거리들하고 같이 가라 ||| 한동훈어떻게해야퇴출시킬수있죠?살려주세요 ||| 한동훈이는 좌파냐 우파냐 . 누가막을것이냐 굯심은 멍청한 자들 보고만잇다가 당한다 당해보고 또당한다 . ||| 김은혜 # 싫어썻요 ||| 김은혜같은 배신자는 싫어 ||| 도태우 장예찬 공천취소로 수도권에서 16%폭망했는데 한동훈은 윤통 탓하고 자빠졌어. 한동훈때문에 국힘이 망했다. 그러면 안돼요. ||| 한동훈 김경률 김은헤. 대통령 까면. . ||| 한동훈에게서 유승민의 냄새가 난다 ||| 존재감도 없는 김경율 발언 나올때마다 울컥 ||| 아이고 쌤통입니다 세상 모든사람이 배신해도 김은혜랑 또 다른 사람 그러지 말아야지!! 배신자로 낙인 ||| 그 품이 너무 위대하십니다 ||| 윤석열이 임명한 사람은 어떻게 윤석열을 배신하나. 너무 정실인사 하는거 아냐 ||| 김은혜는 낙선이답이다. . 대통령홍보하는걸못봤네요 ||| 김경율 . ||| 말썽많은민주당은똘똘뭉치는데.국민의힘은왜그런지? ||| 김은혜는 어떻게 그렇게 여러번 선택 및 공천을 받는 건지? 보수우파에는 인물이 그렇게도 없나? 인물을 키워야 하는 거 ? ||| 검찰 은 무고죄가 성립하지 않습니까? 국민의 힘은 무고죄로 고발해야 합니다. 우파는 법을 활용할줄 모르는 것 같습니다 ||| 또 ~ ~~~황상무 이종섭외무부장관~들어오신다 ||| 그리고 무조건 자유통일당 으로 가야 나라를 살릴수 있습니다 ||| 한동훈 김경율 사퇴 시켜라 국민들이 책임져야 한다 ||| 그럴 시간에 지역구나 살피지..비겁하고 비열한 놈들 은 정치판 기웃대지마라.경기도지사때도 그러더니 .. ||| 김은혜 기자 ||| 김경률 함은경 빼고 다 분탕 부추기는 자들 ||| 국힘 국회의원들은 모든 잘못이 대통령님이 잘못해서 일어났 떨어진다는 오판을 하는것 같습니다 ||| 국힘당 적극 협력하라 ||| 맞습니다 한동훈은 도시락 만 따라와도 대통령님의 발가락때보다도 못합니다 ||| 김은혜 너도 참 대책이없다 니는 당선 힘들다 보수우파에 찍혔다 당장 그만둬라 ||| 신혜식 대표님 보수우파 제건 다시 봅시다 ||| 다 맞습니다 윤대통령이 사람쓸때 제발 보수우파확실한지 를 임명좀 했으면 좋겠어요 ||| 한동훈과 그패들이 그 답이다~~! ||| 윤석열 대통령님을 위해서 위원님들이여~도우십시요. 대통령을 도와야 합니다. ||| 김은혜 윤석열대통령 때문에 국힘당 지지하는거요. . 민심을 못 읽고 있군요? 아니면 윤대통령님을 지키기 위하여 국힘에 관심이 있는거요? 배신을...? ||| 배신자 이런 인간들은 안 됩니다 ||| 김은혜. 원래 안되는 인간을 경기도지사 잡혀먹고 또 분당나가 고 ||| 김은혜는 정말 그럴 자질이 전혀 없습니다 그냥, , 거기까지 입니다 전 경기도지사 나올때도 깜도 아니라고 익히 느꼈습니다 윤석렬 같 인재 시람 을 잘 못 보시는것인지 ? 아님 , 하나같이 배신들을 하는 인간들이 나쁜것인지 ?? 아주 심각합니다 윤대통령님 탄핵 하려는 자 들만 득실 득실 하니 ㅜ 대통령님 딱하십니다 혼자 얼마나 힘드시겠습니까 ?,? ||| 극우라고 불러도 좋다. 차라리 자유 통일당이 좋다 ! ||| 신의한수가 분열시키는것안이구 한동훈 을 분열시키잔아 ||| 한동훈은 지금 안 늦었다.전광훈목사를 통해 이 어려운 선거 현안에 대해 자문을 구하고 자유통일당과 연대 또는 합당하면 을 가질수 있다. 크게 생각을 바꿀 자가 아니지만.. 폭망이 비디오네요. ||| 이번 엔 져도 좋다 ! 좌익 한동훈 안찍는다 ! ||| 한동훈 내치고 모든우파가 승리 ||| 김은혜로는 안돼. 이런 깡통을 왜 공천했냐. 한심하다. 한동훈, 국힘 정신차려라. 윤석열도 이런걸 어떻게 감싸는지..나 참. ||| 한동훈이정치더럽게하네 국민의힘은 윤대통령을보고찍어주었지 한동훈보고 ? ||| 참 똑 같은일 또 반복 답답한 김은혀사람 은 몰라~??? 대호대통령께 붙어야지 ~~ ||| 신대표님 지극히 정상 발언입니다. 이해 안되는. 인간은 한동훈 입니다. 윤대통령을 위해 이재명 돕는 한동훈 놈입니다 ||| 김은혜 셈통이다 정신차려 ! ||| 대표님 말씀 을 지지합니다 ||| 나는 절대로 국민의힘을 모아서 자유통일당 찍는다 ~ ||| 한동훈 꽁생원~~~ 하늘 하나님 무서운지 모르고..저 자가 단두대에 올라갈겁니다..지금 분열 은 저 악당들 개략입니다..그것을 바로 한동훈이가 하고 있다는겁니다.. ||| 김은혜 그렇게 하면 안되지 윤대통령 국민이 어떻게 뽑은 대통령인데 그리고 어찌 바뀐정권인데 이럼 안되는거다 대통령과 국민 분열하는게 말이되냐구 한때는 윤석렬 대통령 대변인으로 계신분 그리고 윤대통령힘으로 이번 총선후보까지 지낸 한동훈과 함께 윤대통령께 이래도 되는건지 정말 김은혜 실망이다 그러니 대통령지지율 보다 국힘당후보 지지율이 떨어지는거다 김은혜 인생 그따우로 살지마라 ||| 경기도지사 더불당에 뺏긴 건 국힘 공천 못받았다고 무소속으로 출마한 이재명 분탕질이 원인이었지만, 김은혜 가 똘똘한 후보였다면 절대 지지 않았을 선거임. 그때 경기지사 국힘이 이겼으면 지금 이재명 은 충분히 넣고도 남았음. ||| 신대표님 애국 당 논평 지지 응원합니타 ||| 자유 통일당은 김부선씨 퇴출 시키면 대박납니다 ||| 신혜식대표님은 항상 변치않는마음이라좋읍니다 건강하시고 ! !! ||| 지네들이 분열시키는건데 다 남탓이래요!! ||| 한동훈 사퇴 해야 합니다 우리 가 죽는겁니까 지난 5년간 지겹게 길거리 활동해서 여기까지 왔는데 또 뭡니까 ||| 한동훈은 김형동과 김경율과 동반 ~ ~ ||| 하지만 지금 대표님은 분열을 조작하는 분이 아닙니다 요즘 한동훈 하는 행동이 답답 하기 때문이죠 대표님 존경합니다 힘내세요 ||| 신대표님 국회입성해서 . ||| ㅡ박은헤 자업자득 . ||| 한동훈 위원장과 윤대통령은 한몸입니다 지금은 똘똘 뭉쳐야됩니다",1
bSzINmwhG4c,항상 지지합니다! 윤사모 청년 이 등장! #윤석열 #탄핵무효 #헌재앞 #계엄령,"제 중심있는 의견 존중합니다 ||| 에구 ~ ||| 예쁘고 똑똑한 젊은청년 정확히 아네 요 미래가 밝다고 생각합니다 ||| 보는눈이있었네~속터져~지혜여 ||| # 탄핵무효 탄핵무효 ||| 정의는~살아영원합니다~대한민국만세~ ||| 고맙다. # 대한민국만세 ||| 2030 이 나라의 희망입니다. 민주주의 로 젊은이의 미래를 보장받읍시다 ||| # ❤❤ ||| 아자 화이팅~^^ ||| 윤석열 대통령은 요즘세계에서 보기드문 한 나라 대통령, 지도자 이시고 그를 지키는 국민들은 가장 용기있는 국민으로 세계에 알려질 겁니다. 추운날씨에 같이 계신 하느님께서 보호해 주시리라 믿고 기도합니다. ||| 참으로 훌륭한 청년이네요. 피끓는 청년들아 너희가 살아가야할 이나라 를 일어나 지켜라. ||| 만세 자유 대한민국 만세 ||| 추운날씨 # 조금만더참고수고해주세요 ||| 응원합니다 . ||| 젊은 청년들이여!! 당신들의 미래를 생각하자 ..일어나라 ! ||| 젊은이 님 감사합니다 ||| 수고 하십니다 열렬히 응원합니다 애국 청년 여러분 ||| 감사합니다 ! 을지킵시다 ||| 애국청년 입니다 감사합니다 . 고맙습니다 ||| 젊은청년들님 . 추운날씨에 감사합니다 항상 지지해요 ||| 내일8일수욜하고 모레9일목욜이 고비인거같던데 다들 체력비축잘해주시고, 2030분들 주말만큼 많이나와주세요 반차/연차쓰고서라도 동료 가족들과 함께오시구, 이를 위해 온갖보호장비 착용과 단단한 마음의준비하고오세요!! ! 내일갑니다ㅎㅎ ||| 애국시민 모두 수고 많으십니다 응원합니다 힘내세요 자유 대한민국 만세 ||| 젊은청년들이여 일어나라 더욱 많이일어나라 . ||| 정말 예뻐라 . 앞날에 좋은일만있길바래요.그리고 끝까지 윤대통령님 응원하고 지지합시다 앞으로 좋은일만 있지않을까요 ||| 장하다 우리 딸 ❤❤❤❤❤❤❤ ||| 맞아요 맞아요 젊은 청년 들 홧팅 ||| 우파청년들이여 모두깨어나서 우리대통령님을 지지 화이팅 ||| 훌룽한 청년 말도에쁘게잘하네요 . ||| 반드시 지켜내겠네요 무조건 이깁시다~~윤대통령님 힘내세요♡ ||| 이뽀라,귀한 딸 이 나라를 잘 이끌어 주세요 ||| 윤성렬대통령님.지켜주셔서 감사합니다.여러분들이 겨셔서 지켜주셔서 . ||| 우리나라대한민국 윤석열대통령님 응원합니다 힘내십시요 최고입니다 . ||| 몇년전~오래한달에두번모인~모임에~어떤분이전광훈목사님을~나쁜사람으로~막몰아기드라고요~난그때놀라운~목사님의위기의대한민국의소식을듣고~몆달을분노로~잠을못잤던때에~가만이참을수가없어~폭탄처럼솟아나는분노로벌떡일어나~몃마디쏟아내고그곳을박차고나와버렸읍니다~지금까지안갔읍니다~이젠제마을알았으면~모두애국으로~돌아오세요~❤ ||| . ||| 청년부님들 훌륭합니다 대통님 힘내세요 . ||| 윤석열 대통령님은 자유대한민국을 위해서 목숨을걸었습니다 . 목숨걸고 함께해주실거라. 믿습니다 ||| 청년들이 정신차리고 이나라를 지켜야죠 용기있는 행동에 박수를 냅니다 ||| 순수하신 우리 젊은청소년들도 순수하니 이렇게 스스로 지지하네요 이쁜학생들 나라의보배이십니다 응원합니다❤❤❤❤❤❤ ||| # 국민저항권 발동.. ||| 예쁘고 똑똑한 청년 . ||| 애국자님들ᆢ추운날씨 에 나라를 위하여 싸우시는 분 ᆢ대한민국만세입니다 ||| ㅋㅋ ||| 멋지네요 청년들이 일어나 주어서 윤대통령님 힘이 돼 주어서 감사해요 ||| 윤사모 화이팅 나두 이거 하고 싶다 윤사모 화이팅 ||| 우파사람들은 예쁘고 . ||| 역시 청년이네요 힘냅시다~ |||  ||| 우리 젊은 숙녀 들 용감한. 행동 고맙읍니다 ||| . ||| 우리 청년들 보고 배워라 ||| 그냥 윤빠야?? ㅎㅎ 윤을 왜 지지하게 됐고 왜 좋은지가 ? ㅎㅎ ||| .",1
kwnm16JR0oU,(라이브뉴스) “김재섭 한지아 채상병 특검 찬성” / 연합뉴스,"한동훈특검합시다!! ||| 출당시켜야 한다 ||| # 안따른자ㅡ해당행위로ㅡ 출당 ||| 둘 다 추천 합니다! ||| . ||| 김명수 3년5개월 언제 부르나 ! 똑똑히 해라 ! ||| 이것이 최고 수준입니다 바보들의 행진 을 보았네요 ||| 이원석도 . ||| . ||| 한동훈 , 가요 ||| 한덥게는 꺼져라 요 덥게때문에천불나네요 대표님더운날씨에 몸건강하십시요 ||| 피같은 국민들 세금 을 특검으로 쓰려고하나 국민을 무서운줄 모르시나 ||| 김재섭 한지아? ? ||| 국민눈높이에서 . 한동훈특검 빨리 합시다. ||| 한지아 진짜 못피하네 ||| 좌동훈 . ||| 탐라 내 배신자 2명더 탄생 축하합니다 ||| 한동훈대신. 특검 . ||| 국회의원 사무실에 전화 합시다 한딸도 김민전 의원사무실 에 연락 한다던데 ||| 한동훈과 이원석은 알고 보니 그러네요. ||| 개판 5분이죠 5분 전이 죠 ||| 이원석 추천한 조 법무장장관 한동훈은 한조 ||| 당대표란 사람이 폐기된 법안을 무슨 이유로 입장변화가 없다고 만 우기는 것인지 당론은 필요없고 마음대로 하겠단 말이겠지ㅠ ||| 한동훈 좀 해라 ||| 당대표한은국힘당서퇴출시켜야 # 부글부글 ||| @특검@ 한동훈의 본색이 드러나는 이정표. 좌향좌로의 길이 시작되었다. ||| 한동훈은 사악한 인간이라고 했어요 저인간의 모든내면을 보수우파가 더 뼈저리게 느끼게되면 쫓겨나게 될겁니다 ||| 한동훈 특검. . 한동훈공천도 억망 ||| 한동훈 오늘 들어와서 클낫네 ||| 한동훈특검도 . ||| . ||| 윤대통령 에 대항할 대안을 찾으세요 ||| 어휴 채상병특검 지긋지그싸네요 정부에서 일부러 죽인것도아니고 참 도대체 어떻게 아들죽음을 이런식으로 하는지 저승에서 아들이 얼마나 산탄스러울까 해도해도너무히네 ||| 이젠 국힘은 제발 다들하라 ||| 이원석과 이준석 석자 . ||| 한지아가 한화갑조카이면 민주당가야지 왜 국힘당으로 ? ||| 비례의원은 손 놓고 나가게 못합니까 당론을 따르지 않 비례? 의원직 개인이 따온것도 아니고 당이 얻은 자리 와서 앉은 주제에 당론을 어긴다? 법적처벌 으로 의원직 박탈됩니까 탈당 못시켭니까 ||| 모태좌파 한지아..보궐선거로 인원 충원하고 쟤 축출해야합니다.. ||| 한동훈이 잘난척하고 싶어서 ᆢ 소시오패스는 튀는걸 좋아한다 소시오패스는 어떻게 하면 인기 끈다는것까지 보고 행동한다 ||| 한지아 가 한화갑조카라고 ? ||| 한동훈 같은인간 이 우파라는 당원들 정신차려라 특히 황경구 와 삼천포로 빠젓는지 애국순찰이나 잘하지 ||| 민주당 한화갑 조카 중 한빠 ||| # 파당해라 ||| 김재섭도 . ||| 누가 국민눈높인가 한동훈은 답해야 ||| 간보다가 어차피 다 갔구나 ||| 한뚜껑과 함께 한통속. ||| 한동훈 이원석 은 사라져야한다 자유민주주의 대한민국 지킴이 신해식 대표님 찐애국자이십니다 고맙습니다 ||| 자유통일당이 ? ||| 찬성한놈들 다 . ||| 원석이 준석이 어떤 관계일까? ||| 한동훈 이원석 집무유기 . ||| 왕뚜껑라면 ||| 난 한배신을 그렇게도 모르는건가 ,,,,아님 ||| 김재섭 캐스팅 될때부터 프락치 남새가 나더라 ||| 이원석 버겁하게 굴지말고 당장 나가라 ||| 한동훈 . ||| 난 고처쓸수가 없는자이디 ||| 한동훈 신뢰가 안감 김 한, 한동훈과 함께 한동훈 민주당가는 거 앚네~~ ||| 국민모두가일어나야됩니다 전광훈목사님 ❤자유통일당 화이팅 ||| 동훈아 내부총질좀 해라 ||| 김재섭,한지아 . ||| 자유통일당이 ? ||| 당대표 한동훈 의원 사퇴시켜야한다 ||| 이재명 대장동 건설 비리 이익금 조사하면 이익금 으로 모든 정치 여야 를 다볼수 있다 정치인 입막음 돈으로 저치이익 ||| 응원 ! ||| 이제 끝.자유통일당만이 답이네 ||| 맞읍니다 이원석 한동운부터 ! ||| 국짐당에서. . ||| . ||| 윤 대통령님 생각 해 가,다 조금만 기다려 보자 ||| 한지아도 지금 딱 좌익이네 와꾸는 과학이다. ||| 헐 ! ||| 당장 퇴출시켜야합니다. ||| . ||| 한동훈이되면 나라망한다고 한 외처건만 대통령님 어떻게해요 불쌍한 윤석열 대통령님 ||| 윤대통령은 왜 법무장관을 좌파한동훈을 데려오고 국힘당까지 끌어들여서...이지경을 만들었는지...짜증납니다. 모든 책임은 윤통ㅇ에게 ! ||| 한뚜껑 보고 민주당으로 가는게 답이다 ||| 신대표님 어려운상환에서 우파를위해서 하고 계신데 감사하고존경 합니다 한동훈이원석 배신자 배은망덕한 아주교활하고 사악한놈들 어덯게처벌 해야합니까 ||| 한뚜껑윤통한테협박하는데,윤통은박근혜통세번만나면목없다사과하고,구원을풀은걸로아는데,다오픈하고,부정선거수사하고,제2박정희가되세요.무엇이두렵습니까? ||| 한뚜껑 ! ||| 한동훈망나니가 날뛰는건 윤통책임이 크다. 우리한동훈 이라고 해서 도대체 뭐 하자는건지~윤통이 더 답답혀 ||| 이원석 한동훈 직무유기 . ||| # 전광훈목사님 ❤자유통일당 ❤힘차게응원합니다 ||| 한동훈 . ||| 국회해산만이 답입니다 . 국민저항권으로 제2건국해야 합니다",1
eqdES2H9jRY,"헉! 나경원, 윤석열 오빠와 2분간 통화! 99.99% 라고 말 했을걸?",그래서 나경원이 앞장서서 설친 이유가 있었네 참 꿈도 꿔 ||| 그냥 국짐이 이니지 완전 독제 체제의 국짐이니. 침을 질질 흘릴만 했겠네? 침 질질.,0
faU2UC6XoYM,나이 먹을수록 추해지고 싶 나경원,"나경원 나경원 부터수사하자 ||| 미친것. 판사들의 잘못 을 전수 조사해서 밝혀라 ||| 나경원 똑바로 조사해라 ||| 봐줬더니 도를 넘어 ||| 그래 이왕하는거 입시비리등 모든 비리.범죄기록등 다 공개하자 ||| 나경원 기름값5000만원 # 그레이스 ||| 빠루부터 ! ||| 조진웅이 민주당 응원하는것보고 의도적으로 범죄자로 내모는것같아 제발 나경원은 꺼져라 ||| 나경원 너 잘 알라 ~ ||| 나빠루 벌금형을 받고서 네가 할 일 자식들 입시비리 취업비리 각종비리 공개하자 ||| 나경원은 정말 밥맛이네요! ||| 나경원 주유비 5천만원은 왜 ? ||| 벌금형도 법원장남편을 둔 특혜자나요. . 제발 안봤으면 좋겠네요. ||| 지금 은 직무유기죄도 넘처.바쁜데 과거사들추는건 양아치 소년원애들 큰상처주고ㅈ기회상실 ||| 맞습니다 ||| 공개하기전에 촉법소년도 악질전인 듯 ||| 나빠루가 할말은 아니지 교도소로 와 ||| 이 었 다 하고. ||| . ||| 차라리 입시 비리 조사나 받고 말좀하지...에휴...5선 동작의 품격 ||| 그게 분명한듯 합니다!!! ||| 5선이나 . ..쌉소리만 늘어놓고 ||| 대한민국 모든 법인들 관련 모든 정보도 공개하자... ||| 경원아 주유비나 확실하게 ! ||| . ||| 지역구 도 그래 또 뽑아줘라~~~ ||| 조진웅군이 얼마나 훌륭한가. 소년범에서 환골탈퇴하여 멋진 사람이 되었다면 칭찬을 해야지, 그걸 문제삼아? 그건 못됐다. ||| 내란 수괴 운석열의 만행에 소년 나경원이 소년범 다 더 위험한 인간 아닌가? 길거리에 나돌아다니게 하면 안되지. ||| 지 자식 들 비리부터 까발려보자",0
OOgt6cfz6Mc,"윤한홍, 장동혁 , ""계엄 사과해야""",사과는 필요없습니다 관련자 모두 엄중 처벌을 해야 합니다 ||| 부정부패에 연루된 공직자는 삼대가 공무직에 못나가는 법을 만들어야 정치가 사라집니다 그레야 대동세상이 됩니다 ||| 아냐..아냐..그러지마... 니들 은 이번에두 약을 판다구 다알아 내란공모당님들아 ||| 늦었다! ||| 참 국민의힘이 점점 다가오니까. 똥줄이 타나 보네,0
rovs977BKPE,"여러분, 또 속으시면 안 됩니다",아 맞아요 정곡을 찌르는 말씀이십니다! ||| 국민은 ? ||| 저것들은 필요 없어요^^ ||| 큰절만하니 내 바꿍션 되겠네 ||| 선거철만 변신하는 내란 들 ||| 하루빨리 일본 쿠테타 역적들 사형선고 내려라 ||| 맞습니다.자기 가 뺏길거 같으니꺄 태세전환!국힘당!속지맙시다. ||| 맞는 말씀입니다. 좋은게 좋은 거 가 아닌 것은 아닙니다. 동정을 줄만한 족속들이 아니지요. ||| 맞아요 전 안믿어요 ||| 반백살 아들 국짐행태.. 동감합니다. ||| 속이 보이는 내란당들의 행태 우리 국민들은 속지 말아야하고 이번 선거로 심판해서 의석수 0 으로 되돌려 줘야됩니다,0
qeZrdVH_8U4,"최재영 목사, 3년 집에 못가고...특검 참고인 조사 중",초심님 응원합니다 . ||| 최재영 목사님 이 분이 진짜 목사지 ||| 최재영 목사님 . ||| # 홧팅하세오 ||| 관심없다 정치엔 돌리고 돌리고 한심한것들 정치가 바뀔때마다 똑같은 짓을하는 정치인 국민들은 힘드러 죽겟구만 왜 맨날 그놈이 그놈 도토리 키제기하고들만 있네요,0
sXmTZ85oBbU,"트럼프, ""韓 "" 글 올렸다! 美법무부, 후속조치 착수!","즉각 재판재개 ! ||| 부정선거 . ||| 사전선거철폐없는선거는 곧 부정선거다 ||| - 반국가세력 척결 부정선거 척결 ||| 이게 부정선거를 파해치는 길이다 ! ||| 정말 답답하다 나라가 더이상 기 전에 밝히고 끌어내려야 한다 ||| 이번 부정선거 해결못하면...대한민국의 미래는 없다 ||| 사전선거 폐지하고 부재자 투표 투명하게끔 시스템을 만들어야 한다. ||| 갈수록태산~~ 하여간 도둑들이 맘대로 해라 ||| 이번에 뿌리를 내려 ||| 아 만세 리짜이밍 out ||| 부정선거를 덮기 위한 내란탄핵몰 ! 시선을돌려 여론전에 광분하 죠! 권력방어용! ||| 멸공 ||| 정신차려서 우리 모조리 감옥보냅시다 피.땀 흘려 건설한 대한민국 우리가 지킵시다 ||| FBI 뿐 아니라 미국에 있는 모든 정보당국과 사이버 사령부(US ber Command)를 총동원해서 한국 A-WEB의 부정선거 개입과 온갖 비리를 샅샅이 뒤져야만 합니다~!~!! ||| 중공의 부정선거 국제카르텔을 없애야죠. 중공과 이재명, 민주당의 부정선거 쿠테타를 . ||| 한시가 급하다! 나라가 더 빨리 끌어 내려야 된다! ||| 부디 적극적으로 수사해 명명백백하게 밝혀주시기 바랍니다! ||| 사전투표제 없애지못하면 나라가 공산주의로넘어간다!반드시 국민저항권을 통해 나라를 구해야한다. ||| 부정성거 한놈들 깜빵 해야 합니다 ||| 부정선거로 권력을 찬탈한 이 놈들이 공산독재국가로 가는 아우토반에서 무지막지한 속도로 달리고 , 나라가 망하는 것은 시간문제다. ||| # 부정선거 ||| 진짜 부정선거 싹 뿌리뽑히기를? ||| 시작이다 ||| 부정선거로 권력을 찬탈한자들은 지위고하를 막론하고 모조리 또는 무기징역에 처해야함. ||| 당연히 # 허리업 ||| 대법관 겸직 법관들 사 형 ||| 미국의 부정선거도 한국이 관여 되있다고함 부정선거 는 한국 뒷배 중국 트럼프가 손본다! ||| 올것이 온다 ||| . 누구나 본인이 쌓은 업대로 살아가는 법입니다.. ||| # 멸공 ||| 사필귀정 ||| # 드디어한국이거론되었군요 ||| 부정선거 척결!! 윤 석열 대통령 탄핵 찬성 박사님 감사합니다❤ ||| 부정선거 척결 리짜이밍 은 사형감이다 ||| 부정선거 밝혀라 리짜이밍 재판속개하라 ( 관타나모로 ||| # 국민주권 ~? ||| A-WEB에 미 달러 들어갔단다.미 싸이버수사대가 선관위와 A-WEB 어서 조사 들어오는게 . ||| 민주.악의축...... ||| 세계적미국대통트럼프님 강력응원함니다부정선거로부패로썩어빠진 각나라정부들을 대청소해주옵소서 . ||| 멸공 하루속히 범죄소탕하고 대한민국 만듭시다.! ||| 새벽배송금지(민주노총의 ) 반대 국민청원 4만2천3백명 사법절차 정상화 4만4천2백명 동의 부탁드립니다 ||| 투표소 청결하고 사전투표무적군 없세야합니다 ||| 수고하셨습니다 . ||| 부정선거 꼭 합시다 ||| # 불매운동하랑께 ||| 명공 ||| 곧 밝혀진다 ||| 부정선거 과연 중국은 개입 하지 않았는지? ? 진실 규명 되어야 될 것같습니다. ||| 이번 기회에 전 세계의 부정선거를 바로잡아야 한다..필요하면 그게 답일것이다. ||| 제발 지방 선거 사전투표 하지 맙시다 ||| 트통아¡ 이 나라의 운명을 바꿔주세요。 꼭 한 놈만 잡아가면 좋겠지만 이왕이면 왼팔의 저 끝에 는 놈 싹다 잡아가기를 바랍니다。 ||| 브이포코리아에 들어가서 악법반대랑 국민청원 찬성하는 것도 말씀해주세요 그게 더 합니다 ||| ""멸공""신인균의국방,군사티비팟팅! 즐 고 응원드리며 힘내세요. 1968년12월5일.""우리는 민족중흥에 역사적 사명 띠고 이땅에 태어났다""... 지지리도 못살던 대한민국이 생각이나네요....""멸공을"" ||| ●부정선거는 무효 ● 꼭 밝혀져야 합니다 ㅡ ||| 애국심 해 ❤❤❤❤❤❤❤ ||| 한국이 안들어 갈리 없죠..한국은 반드시 조사하고. 선간위 해체하고 ..관련자 전부 감옥으로 또는 . 출국시키라 ||| 새벽뉴스 . ||| 선관위원장을 구속하여 관타나모로 . ||| 아이고 아이고 ||| 선관위 전원 사퇴 ||| 미국트럼프님 한국부정선거밝혀주셔야 다음선거 깨끝한선거할수있습니다. 다음선거전 명백히밝혀야합니다. . ||| 그런날이 더 빕니다 ||| 진짜 큰일이다 ||| 우리나라도 유권자 부풀리기, 사전투표로... 반드시 막아야 합니다 ||| 역시 미국은 세계의 자랑 고맙소. 꼭 한국의 부정선거 밝혀 주시길 간곡히 부탁드립니다. ||| 국민의 소리 거리로 나오라 국민과 함께 외치라 ||| 대한민국에서 부정선거는 뿌리봅아내야한다 나라 흔드는 부정선거척결 ||| . ||| 부정선거 바로 잡지 못한다면 나라의 미래가 없다. ||| # 멸공. ||| 부정선거뺏지단놈들침묵하고있구나 # 사전선거없어져야돼요 ||| 드통님 ! ||| 선거명부를 아예 모두 공개해서 모두가 알수 있도록 해야합니다. 안되면 얼굴인식, 지문 시스템을 새로 설치해야됨. ||| . ||| 부정선거 밝혀 국민주권 되찾아야합니다 ㆍ 윤통령님께서 옳았습니다 # 윤어게인 ❤❤ ||| . ||| 국민들 깨어나 자유대한민국 수호 해야 한다 ||| 제발빨리대한민국부정선거에개입해확실하게밝혀줬으면좋겠다. ||| 반드시 신대표님 말씀대로 진행되길 바란다 ||| 사전 투 표 빨리 없애야 대한민국이 깨끗한 나라 이룩할수 있습니다 ||| 한국이든. 미국이든 . 중공 공산당 이 주도적 역할 ||| 이게 제 정신은 아니고 다른나라 헌법재판소는 제대로 돌아가내요. 저게 바로 자유민주주의죠. 그리고 러시아는 유럽사람들의 사고방식 참으로 문명사회를 제대로 익히지 못한 사람들이지 않을까 싶내요. ||| 좁쌀하나도 원산지를기록 는 만물의영장이라는 인간에게는 원산지표기를 없엤읍니다 외? ||| . ||| 트럼프 님 최고. ! 부정선거 금지 해 주십시요. !!! ||| # ㅡ쎼쎼때문에나라가ㅡ곧망할거갔다고요 ||| 도람푸의 셰셰 소탕작전 마두로 , 리짜이밍 ||| 트럼프대통령님.천재~~한국~부정선거를.뿌리뽑아 주세요.마두도.잡고~독재.본보기~한국도~~ ||| 마두로 다음이 아니야 ||| 아 한국 부정선거 밣혀서 잡아내시요 ||| 부정선거는 우리나라랑 똑같네요 꼭 진실 밝혀서 윤석열대통령님 억울함을 풀어야합니다 ||| 트럼프대통령님 ! ||| 빠른 미국의 뉴스 팩트를 전해주시는 매일매일 감사합니다 나라가 하루속히 정상국가 되기만 합니다 ||| 우리나라 너무 잘 안된다. ||| 좀 빨리 왔으면 좋겠네요. 나라가 . ||| 부정선거 관련범은 전부 사형, 재산몰수 형에 처해야함! ||| 뭔가 확실히 있었다 ||| 부정선거는 어느나라를 막론하고 반드시 뽑아야 합니다. ||| 지발 빨리 와",1
6lbg575tZ80,"러, 젤렌스키 암살 ! 천우신조로 생존!","선관위 타도 사법부 가 살아야 나라가 살아 ||| 반공을 국시의 제1로 삼고 미국을 위시한 국제 유대를 더욱 공고히한다. 국민소득 70불대에서 3만불대 한강의기적을 이룩하신 민족의 영웅이시며 세계의 영웅 박정희 대통령 각하 . ||| 북.중.러 어느 나라와는 평화협상불가능 오로지힘으로제압해야한다. ||| 진짜 여러가지한다 짱 일본힘내라 다까이시 잘한다 최고 ||| 자유 대한민국 윤 대통령4800만 대한민국 국민 애국자 윤 대통령 신 대표님 만만세. ||| 신인균 대표님 낮과 밤의 온도차가 급격히 차이나는 초겨울 날씨에 항상 건강조심 하시구요 신인균 대표님께서 하시는 모든 말씀이 구구절절 옳은 말씀 입니다 공산 사회주의 전체주의 독제에게 통하는 언어는 오직 힘이다 힘으로 압력을 가하라 조이제독 말씀처럼 공산주의 공산주의 공산주의 자들에게는 힘으로 압력을 가해야 합니다 신인균 대표님 언제나 끝까지 무한 응원하고 지지 합니다 사랑 합니다 대표님 ♥️ ❤️ ||| 푸틴이 멸망해야,중국과 북한이 산다 ||| 적극 지지 동감합니다 힘내세요 ? ? 러시아 푸틴 정권 폭망 기원한다 ||| 척결 중국 민주당 , 선관위 ||| 멸공이 될 그날까지~~~~멸공 ||| 다카이치 님 응원합니다 ||| 러시아 푸틴이 온다 ||| 푸틴도 암살 시도라도 해봐야지. 전용기타고 는 순간 드론을 충돌시켜. ||| 다카이치수상님. 그리고일본국민여러분힘네십시오........ ||| 주변국들의 긴장이 고조되는데 공동군사작전을 더욱 강화시켜야지 왜 반대로 ? ||| 푸틴이 이 골목에 있음.발악이다! ||| 멸공!신대표님 애국방송감사하고 ! ||| 아 푸틴 오래도. 자리차지하고 있네 ||| 신인균대표님 항상 응원합니다❤ ||| 애국채널 오늘도 화이팅 ||| 환절기 환절기 건강유의 하셔요 감사합니다 ||| 우크라이나 도 항상 건강 조심하시길 바랍니다 ||| 드론 요격드론을 초계시켜야 한다 ||| 김현지 국정농단 빨리 소환 수사하라 !!! ||| 수고하십니다 . ||| 러시아 뻘직하다 되치기 . ||| 당장 허리띠졸라 국방력을 키워야지 5프로까지 올려야한다 ||| 중국은 믿고걸러라 핵도 쏘는 순간 은 99,99프로 ||| 악당들은 세계에서 … ||| 됐다!이젠푸틴암살을시도할때다!인류를위한평화를위한의로운푸틴암살! ||| 한동훈 오세훈 이준석 같은 좌파 우파와 단절하지 않고는 삼권분립 공산화 막을 수 없다. Stop the [?????] ||| 좋은 방송 잘 하고 있습니다. 항상 응원합니다 ||| 그 대상자는 푸틴이지 ||| 지금 내란 진행중입니다. 민주당과 이재명이 자유민주주의를 유린하는 내란 중 입니다. 이제 빛의 혁명으로 대한민국 주권을 찾을 때 입니다. ||| 멸공 ||| 여러분 감사합니다 응원합니다. ||| 세상이 어떻게 돌아가는지 . ||| 악업을 쌓고 그 업은 대대로 받으니 더욱 조심을 해야하거늘 어리석은 인간들아 정신차려라 ||| 신박사님 추운겨울 우리 우리 ||| 대표님의 더 정확한 소식 감사합니다 ||| 수고많습니다 ~ ❤ ||| . ||| 군인ㆍ경찰 은 공산주의 가 좋습니까. 검사 와 판사 도 공산화 를 바랍니까. 언론 과 노조 정치인, 공산화 가 아닌 네팔 같이 자유민주의 … ||| 신대표님 좋은 소식 잘듣고 계세요 ||| 신인균대표님을 차기 양산 국회의원으로 내세운 김태호의원은 지역이나 중앙에서 할일 없는자 입니다. ||| 어째꺼나 지금 유럽의 드론의 방공망이 취약 하다는것을 보여 준것이네요 우리나라도 이것에 대비가 있어야 지 않나요 ||| 신 박사님 저 세상돌았 가는것도 모려게 습니다 감사합니다 ||| 아편전쟁 직전의 청나라 해군보다 약하고 더 부패한 것 같던데... . 미국 발 에서 끙끙대는 동네 양아치 조폭 수준 ||| 진짜 대한민국인이 안이다 ||| . 은.다미쳤다.멸공이다 ||| 언제나 한발 앞서가는 뉴스 신대표님 . . . ||| 저런 악질 하늘은 뭐하는지 저런 악귀 들 ||| . ||| 푸틴 ! ㅠㅠ ||| 일본 . ||| 대포님 # 통영 ||| 푸팅두 ! ||| 짖는 똥깨는 물지 못한다. 참 멋진 말씀 이십니다 ^^* ||| 시진핑, 푸틴 빨리 정리하면 … ||| 외우리자유국가들은못하는가 우리자유 국가들이합심해함께 러시아 북한 중국 모두한꺼번에두드리면그들도 어찌할수없을것이다 그러나 저인간들은 말뿐이다 ||| 신박사님 항상 고마워요 ||| 이러다 전쟁나는거 아닌가 ||| 할렐루야 ||| 새벽배송금지(민주노총의 제안) 반대 국민청원 4만2천9백명 사법절차 반대 4만4천7백명 동의 부탁드립니다 ||| 중국이 일본을 상대로 싸워 본 역사가 있나? ||| 김현지가 자유대한을 말아먹는 진짜 대장동 의 도둑 일당입니다 자유대한의 영광이 여기 있습니다 ||| 일본은 제국주의 국가이므로 중국이 싸움을걸면 베이징부터 뚜두려패야한다 그리고 아시아 판도를재편해야한다 ||| . ||| 이번 전쟁만은 독재자 푸틴이 원하는 결과로 되지 으면 좋겠다 는 생각을 해봅니다!!! ||| 푸틴도 이제 제렌스키 가자 ||| 퓨티이 ! ||| 러시아의 오늘의 과오가 결국 푸틴이 암살 당할수도 . ||| . ||| 악의 화신 러시아 푸틴은 지구를 떠나라! ||| 신인균 앵커님 러시아 합시다 소련은속지 말라고 했습니다 ||| ""멸공"" . ||| 러시아나토에한대어더터질듯함 ||| . ||| 비열한 푸틴!!! 독재자들은 얼마나 비열한가? ||| 이로써 우크라이나는 전쟁을 아예 끝낼생각을 접음과 동시에 나토가 러시아에 대한 태도 바뀌지않을듯 ||| 이제 푸틴이 . ||| ㅏㅇ송사유튜브에서도준공엄청빨고이ㅛ음터무니없는짖서리서슴치얺고밌음 ||| 중국무기전부뻥스팩인데껍대기만몰고다니면서공갈치고있는듯함 ||| 공산당들은 반드시 척결해야됩니다 ||| 천우신조가 아니라 신의 속삭임 ||| 푸틴악마 # 찐한악질 ||| 순차 암살 ? 푸틴이지..... ||| 와~일본을 응원할줄이야!!!! 일본 잘한다!!!! 러시아는 미국의 명분을 위해 푸틴 처단 가즈아❤ ||| 일본 파이팅 ! ||| # 돕는다 ||| 22 ||| 1777년 대청제국 황제 건륭제의 명으로 한림원 학자들이 모여서 집대성한 만주족의 공식 역사서 ""흠정만주원류고"" 欽定滿洲源流考 에 의하면, 만주족의 조상은 ""삼한, 부여, 백제, 신라, 발해, 숙신, 말갈, 여진"" 임. 희한하게 고조선과 고구려는 자기 조상에 안껴줬고, ""흉노, 선비, 거란, 돌궐, 몽골, 한족"" 도 그 조상 안껴줬씀. 특히, 신라 를 그중에 가장 중요한 조상으로 여겼는데, 신라의 계림이 길림성 이라고 여겼씀. 그래서 청나라 는 경주엔 안갔씀. ||| 젤렌스키도 좋은놈은 아니라서 . ||| 아깝다, 골로 보내야 우크라이나에 평화가 올 건데....",1
ECyCpkeP9ig,"김어준의 다스뵈이다 . KBS, 최후통첩 그리고 익스큐즈미","조국가족들 정말 너무 감사합니다 조국가족들 국민들이 지킵니다 항상 행복하십시요 특히 정경심 교수님 건강 잘 하고 사랑합니다 ||| 전우용교수님말씀에 전률이 흐릅니다. . 흐르고난뒤 후에 다시 평가되더라도 현싯점 우리국민은 위대한국민임에 분명하며 자랑스럽습니다!!! 문재인 조국 김어준 유시민 우리나라의 보물들입니다 사랑합니다♡♡♡♡♡ ||| 주광덕은 모든 유출사건에 있었다. 판결문유출사건, 김명수 대법원장후보의 회의녹취, 조국 사태까지... . 주광덕과 커넥션이 없다고~? ||| 뉴스공장,알릴레오,저널리즘토크쇼J KTV,대한민국 정부,대한민국 청와대 서울의소리,시사타파,팩트TV등 대한민국 알리는 모든 방송들응원합니다. 구독 좋아요로 응원합시다. ||| 김어준외 그 무리들은 진정한 선구자고 선각자들 이십니다. 그 방청객들 시청자들 유튜브를 통해 동참하고 있는 분들 모두 미래를 여는 분들이라 서 그 공간에 같이 있어 서 더 큰 성취감이 라면 이 느낌 서초동에서 불사르겠습니다. ||| 결국 조국을 선택 했습니다... 정당에 소속된 의원은 시민을 선택하던지 , 언론을 선택하던 지 해야 할 겁니다.... ||| 지금 우리는 역사교과서에 나올 시간을 우리모두가 보내고 있습니다! 이대로 가만히는 다면 우리가 할수있는 일 지랄이라도 해서 꼭 우리에 역사를 쓸것이다! 서초동에서 봅시다 !!! 깨어있는 시민여러분 !!! 잘버텨주신 우리 가족분들께 미안하고 감사드립니다!!! ||| 이 시대의 영웅은 김어준이다. 같은 시대를 살아가고 있 고맙다. ||| 절대 함정에 빠지지말고 계략에 빠지지말고 ! 10가지 진실에 한가지 큰 거짓으로 함정에 빠트릴수 있으니 제발제발 끝까지 지금처럼만 가주세요 ! 고맙습니다 ! 김어준 건들면 죽는다!!!!!! ||| 조국장관님은 정말 강한 사람입니다. 검찰과언론이 물어뜯을수록 더욱 강인한 강철이됩니다. 김어준총수님!! 우린 핵사이다. 그래서 당신을 존경하고 존중하며 지금까지 믿고 함께 합니다. 김어준 총수님!! ! 자랑스럽고 사랑스러운 털보오빠!! 그리고 귀여운 주진우 오빵!!! 존경합니다!! ||| 노무현 대통령님의 큰 유산입니다. 다시는 오지 맙시다! ||| 이제 '좋아요' 누르고 시작! ||| 대한민국의보약 김어준총수, 유시민 노무현재단이사장, 주진우기자, 전우용교수, 박주민국회의원, 김종민국회의원.......... ||| 나도 노무현 대통령 논뚜렁 기사보고 속았다 내가 미웠다 이젠 두번 사지 말자 ||| 김어준 유시민 보유국! 이 무슨 다행이고 감사인지ㅜㅜ ||| 김경록님.. . 조국 부부께서 자신의 PB임에도 불구하고 갑질 한번 안 하셨나보다. 항상 겸손하게 처신 하고 평소 그러셨으니 이렇게 아름답고 정직한 보상?을 받으시는게 아닌지.. 정말 파도파도 미담만~^^ ||| 지치지맙시다! 포기하지맙시다! 쫄지맙시다! 제2의 노무현 , 노회찬을 만들지 맙시다!! 여러분은 우리 대한국민입니다!!! ||| 모두가 현시점에 매달릴때 역사학자를 통해 거시적으로 이 시점을 보려는 김어준의 탁월한 기획 시대를 앞서는 최고의 언론인! ||| 힘을 가진 자는 그 힘을 잘못 썼을 때 어떻게 되는지 너무도 잘 보여주고 있는 지금의 검찰. 언론. 정치 . . ||| 민주당은 헛소리 하는 사람을 공개하라 지지자들의 지지 받고 싶은 사람은 나불 거려라 ||| 오늘도 기운내자! ! 검찰 정치 개판이야 아주.. 서초동 go go!! ||| 대단하다.... 이들은 무엇을 위해 이렇게하나?? 만약정권 면 자기들한테 피해 갈텐데.. 난 남자인데.. 저렇게 못해.. 존경합니다 진짜 ||| 검사 판사 언론이 다 감옥보냈다는 이야기는 진짜 소름이 끼치네요. 김어준 총수님 유시민 이사장님 주진우 기자님새삼 고맙습니다. 세분덕분에 문재인대통령님도 조국장관님도 . ||| 검찰개혁만이 대한민국이 아닙니다 ||| 언론의 기본은 사실전달인데 요즘은 언론사가 아니라 소설쓰는 출판사 같아요. 언론개혁 합시다. 딴지방송 . ||| 자분하게 말씀하시는 역사학자 교수님 귀에 속속 들어와 너무 좋네요... 저는 일본에 사는 3세라 말이 서툰 저에게는 특히 감사합니다. . 도 쉽게 너무 까불지 않은 게 말씀 들을 수 있는 기회 많이 주셨으면 한없이 도움이 될 겁니다... 앞으로도 교수님!!!! 잘 부탁드립니다... 감사합니다!!!! ||| 조국장관님과 총수 일가족이 이번에 검찰 언론에 의해 만신창이 되는 걸 보고 마음 너무 아팠습니다. 다시는 일어나서는 안될 일입니다. 조국장관님과 총수님 항상 응원합니다~ ||| 대한민국 예능 , 뉴스 다 합해도 다뵈뉴공보다 안댐 진짜 최고! ||| 한 집안이 가 아니라 살인행위라고요 검찰과 언론이 ||| 김어준 “조국 집안이 이상해”. 보통 집안이 어닌건 맞다. 나같으면 애저녁에 검찰개혁이고 뭐고 집어던지고 내 가족 챙긴다. 조국도 정경심교수도 아닌 보통사람들 . ❤️❤️❤️❤️❤️ ||| 더킹 내부자들 영화보다 더한 영화 현실은 영화의 일부 ||| 조국장관님 개혁발표하실때 촛불이 힘이된다 하셔서 내일 ..아니 좀있다 아침7시 에 서초로 출발합니다 마지막 G랄하러 ~~조국수호!! ||| 김경록씨 응원합니다. 한투 이 분 소중히 여겨주십시요. ||| 집단최면에 . 다른사람은 그래도 조국은 그러면 안되지. 10년전 노무현대통령에 걸었던 프레임 그대로. 소름돋친다. 장용진법조팀장 . 공감 ||| 박주만의원 왈 : “아무리 마술쇼를 기가막히게 했다하더라도.....” ㅋㅋㅋㅋㅋㅋㅋㅋㅋ 빵터짐 ㅋㅋㅋㅋ ||| 조국장관님 을 응원합니다 검찰개혁 공수처설치 조국수호 ||| 법무부 장관이 미리포기하고 내려오셨으면 검찰 언론 자유당 등 유착을 모르고 갈뻔했다 ||| 유시민대표를 향한 검개 니들은 미쳤다 다뵈만이 우리의 희망 ||| 뉴스공장 다스뵈이다가 한국언론 을 합쳐놓은것보다 일 잘한다. ||| 조국 법무부 장관은 본인이 원하든 원치않든 이미 대권반열의 가장 유력한 후보가 되어 버렸다. 이 원인이 아이러니 하게 검찰 언론 야당이다. 그리고 그의 제일 강력한 무기는 바로 지금의 어려운 에서 그의 스토리가 되어 버린것이다. 스토리가 없는 정치인은 아무리 똑똑하고 재능이 있다고 해도 대통령이 되기 힘들다. ||| 굴하지 않는 보석같은 리더 김총수, 유이사장, 조장관가족 지지하고 사랑합니다 ||| 매일 날마다 거짓뉴스 + 자한당 역겨운짓 + 검찰행패 티비전원을 안켠지 두달이 되어갑니다. 이 쓰레기를 청산하는 그날까지 싸울겁니다!!! ||| 이 시간을 기다려 준 조국이 너무 고맙다..두 달여를 거진 날밤으로 밥 먹다가..커피 가 터져서..매일같이 네이버에서 버럭하고..다음에서 위안 하고 나에게도..고생했다고 말하고 싶다.. ||| 저쪽이 온 힘을 다해 우리를 흔들고 이간질 해도 이제는 통하지 않습니다 더이상 예전에 대한민국이 아닌 깨어있는 시민들의 힘으로 진짜 민주주의가 뭔지 진짜 사회개혁이 어떤지 세계에 보여줍시다 ||| 만신창이가 되도록 만든 조국장관을 버리면 진짜 사람이 아니다.ㅡㅡ ||| 전 보통 업무 시작하기 전에 듣는데 오늘은 그냥 열심히 일하렵니다. 저녁에 다시 제대로 듣겠습니다. ||| 조국. 그 이름이 우리의 가슴을 뛰게한다.사람.조국.시민.조국.나라.조국.우리에겐 오직 하나의 . 존경과.사랑을 담아.경의를 표합니다!!!!!!! ||| 정치가 우리 삶과 밀접하다는 사실과 정치에 대한 관심이 일종의 책임이라는 것을 다뵈를 통해 느끼고 있습니다. 스스로 더 나은 세상 만들어가는 주체라고 느낄 수도 있어서 행복해요 ! ! 항상 감사해요 ! ||| 김어준 공장장님은 도대체 몇수 앞을 보고 시국을 바라보고 있을까! 부럽다!! 졸라 ! ||| 그나마 현명한 국민들 때문에 나라 안망하는거네. ||| 조국장관을 버리면 민주당도 , 국민의 뜻을 읽지 못한 의원이나 정당은 선거에서 패한다~ ||| 조국에게 뭘 실망 햇다는거지 ? 이번 상황을통해 조국이 더 털 그렇게 털고 저며도 티글하나 안 나오는 조국에 대해 놀랏다 ||| 노무현대통령때 따님 아들 여사님 친구분 조국장관처럼 수사 했더라구요 정말 검찰 무섭고 사악합니다 ||| 사람은 변한다. 손석희를 보라!! 진중권을 보라!! 손석희 외 변절자들이 한둘인가? 그럴놈들 투성이다. ||| 우리는 끝까지 검찰,언론개혁을 이루어 내고 조국 장관을 지켜야 합니다 ||| 팩트체크가 나와도 많은 데 '조국은 안되지..' 이런 소리 하 가까운 사람들이 많아요..그사람들과 얘기하다 보면 정말 갑갑답답해요.. 이 사람들은 이명박박근혜나경원황교안은 이해를 해주는거 보고 깜짝 놀랬습니다. ||| 지금 민주당에 너무 괜찮은 국회의원분이 많아서 다행이고 행복합니다.. 그중에서도 바르고 인간미 있어뵈는 박주민 의원님을 뵐때마다 조심스럽게 바라 꺼낸 바램이 있습니다. ""저런분이 조금 더 올바른 한 정치활동을 통해 더 많은 경력이 쌓이다면 그때까지도 지금의 모습을 잃지 않는다면 진정한 대통령감이란 바램이요"" ||| 돈 있으면 이분한테 맡기고 싶다. 그런데 끝까지 어떻게 이렇게 도 정직하지? 난 이런 상황에 몰리면 조국 정경심 부부를 원망할수도 도 같은데. 120시간 조사에 소환당하고 기소까지. 이분 정말 대단한 분이야. ||| 드디어 이번에 조국장관님을 얻었다 사랑합니다 존경합니다 끝까지 지지하겠습니다 조국장관님과 가족들 ||| 내사랑 김어준!!!!! ! 있어 대한민국은 어둠에서 정의의 빛을향해 걸어가고 있습니다.. 조국수호!!문재인정부수호!!!! ||| 조국사태를 겪으면서 바보 노무현이 오버랩되는건 저만이 아닐거라는 생각 듭니다. 우직한사람 조국..... ||| 다시는 속지 말 깨어있는 현명한 국민들이여~ ||| 복잡한 정국. 현명하게 타개해가요~ 김총수와 김정은 ||| 시대적사명이자 국민의 요구 검찰개혁 사법개혁을 사적이익이나 진영논리로 국회에서 방해하면 총선때 응징해야한다 ||| 유시민의 시민~ 박주민의 주민~ 조국의 국~, 조민의 국민 정경심의 심~ 주민도, 시민도, 국민도 , 주민 마음, 국민 마음, 국민 마음 우리 마음. 검찰 개혁!! ||| 어준이형 정말 ! 이제는 정말 격하게 존경합니다!!! “유시민이 했기때문에 성공했다. 내가 했으면 이렇게 못했다!” ||| 정말 너무 감동적인 인간 조국 ||| 조국수호 검찰개혁 유일하게 진정한 는 김어준총수! ||| 시민, 주민 우리 모두함께 대한민국, 나의 조국을 ! ||| 역사를 또 다시 바꾸는 길목에서 길을 잃지 말자는 . ||| 마치 통장잔고 확인하듯 구독자 확인합니다 100만 가야한디 어여가자 100 만 ^~^ ||| 호사카 교수님이 진정한 애국자 이십니다. 감사 합니다. ||| 술먹고택시를 탓는데 기사님이 대기중에 다스뵈이다를 하 면서 목적지 도착해서 그거 나도봅니다...^^하며 잔돈을 받지 않앗씁니다.^^ ||| 국민이 검찰개혁을 위해 조국 과 가족에게 고통을 강요해서 미안합니다. 함내십시오 ||| 이종원~~이종원 정말 역사에 큰 인물들과 지금 이 순간을 함께 하는것에 뿌듯합니다~ ||| 검찰개혁 공수처 설치를 위해 모두 를 드는 시민이 있어 행복합니다! ||| 서초동에서 만납시다. 자유한국당 김학용이라는 사람이 서초동에는 절대로 광화문보다 많은 사람이 모일 수 없다고 김어준 총수 앞에서 당당히 이야기 하더라구요. 장을 본다고 했던가 예전에 안경 쓴 이상한 사람 장 지진다고 했다고 망한 적 있었는데. ||| 조국 국면은 이로써 끝났다.. 이제 그동안 놀아나고 나팔수노릇했던 쓰레기들을 치웁시다.. 언론,검찰,자한당, 쓰레기교수,등등 ||| 악의 적폐 뿌리를 이번에 위대한 자가 승리한다!! 최후통첩! 12일 6시 서초역으로!! ||| 조국장관님 가족분 들이 공격을 받고도 견디고 냉정하신것보고 와 이가족은 하늘에서내린 진보 대통령 후보구나 생각을했습니다 우리후손 들이 잘 살수있게 세상을바꿔주세요 . ||| 세상에서 가장 쎅씨한 김어준 화이팅 내가 가장 사랑하는 세 명 문대통령 조국 어준이!!!! ||| 문대통령 , 윤석열, 조국 인사도 최고, 지금 좀 불안하지만 검찰개혁이라는 경기에서 문재인 감독이 각 선수들 배치 완벽!! 곧 승리할겁니다. ||| 나 역시 독립군 후손이다뿌리깊은 품격과 명예~~~~ ||| 이제 '좋아요' 누르고 시작합니다. ||| 초대손님 한 분 한 분 최고 어떤 드라마,영화보다 더 이끌고, 무릎치게 만드는 순발력의 장인 총수 최최고~!!!! 검언유착사태 종결!!!! ||| 국회의원이라 부르고 또 한사람 입니다. 박 의원님 화이팅입니다! ||| 박주민 항싱 응원합니다 차기 법무부장관 차차차기 . ||| 조국장관님버티고 계서 대한민국 살아있는 양심들은 다 압니다 ||| 금요일이 젤 바빠요 알릴레오 봐야죠 다뵈 봐야죠 근데 왜 트위터 시작 안해요 !!!!! ||| 몸 바쳤죠... 그래서 저 진짜 조국장관 나올때마다 눈물이 납니다 .. 정말 나라를 위해서 조국을 위해 몸바치신 분 역사에 남을 겁니다 문통도요 ||| 양변호사님 그림을 그린 화가가 있다는거 그사람을 찾아야한다는말 공감합니다 그세력을 찾아서 처단하는게 아닌가 생각되네요적폐의 본거지 ||| 자랑스런 민주대한민국 국민 여러분 오늘밤 서초대전 응원 많이 많이 부탁드립니다 ||| 조국 알고나니 더 대단 하다 , 돈 명예 권력을 가진자중에 누가 조국 만큼 깨끗하게 살아 있을까? 나와봐 , 인간이 불완전한 존재라면 이사람은 훌룡하게 잘 살았다고 생각한다 ||| 많이 힘드실 때 서초대첩 때 모였던 국민들이 힘이 됐다고 말씀하셨잖아요 . 12일 서초대첩 다같이 함께해요~~ ||| 우리나라 중요한인물 김어준. 주진우, 유시민..지키자..검찰&언론 어떻게 하지. . 폭탄이라 터지게 나두고..새로이 만들자. ||| 문대통령 다음으로 믿을 수 있는 이가 바로 조국 법무부장관입니다. ||| 유시민은 살신성인 한 것이라 봅니다 진보를 수호하기위해 대중의 지지 , 대선의 참여 포기한것으로 진정한 합니다 ||| 이시대에 절대적으로 . ‍♀️조국장관님‍♀️ 사랑합니다 감사합니다 꿋꿋하게 버터주셔서.조국수호 검찰개혁... ||| 질긴놈이 이겨야 국민이 승리한다. ||| 여러분 응원합니다.",0
LqyfEpxkkFU,"[김어준의 다스뵈이다-2024총선] 300회 4억짜리 여론조사, 윤석열 심판하러 간다 배신자는 꼭 이겨야 합니다","1만 구독 가즈아 복기복기_복기왕TV https://www.youtube.com/@vsboktv 어기구 TV https://www.youtube.com/@TV-wq9bi 이재관TV https://www.youtube.com/@2jaegwan 한영태 TV https://youtube.com/@user-ws3ry9qk8w 더불어민주당 이윤희와 함께 https://youtube.com/@user-jz3co4iz9w 정석원tv - 황태성 더불어민주당 김천시국회의원후보 https://youtube.com/@naya25662 김철호TV https://youtube.com/@gumichk 포항김상헌TV https://youtube.com/@user-yc2uy4ib9u 춘천허영TV https://www.youtube.com/@huhyoung 원창묵 https://www.youtube.com/@user-sv8fb4jc4h 김도균TV https://www.youtube.com/@3Star-tv 김중남TV https://www.youtube.com/@Jung-nam 박경미TV https://www.youtube.com/@TV-wq7jj 변광용TV ! 채현일TV https://www.youtube.com/@TV-yr2qq 황정아TV https://www.youtube.com/@hwangjunga2024 류삼영TV ! ||| 우리 험지 출마하신 경북도시의원들 모두 홧팅이니다 저두 열심히 함께하겠습니다 경주에사는 당원으로써 한형태위원장님 22년의 길 꼭승리할겁니다ᆢ위원장님 힘냅시다❤️❤️❤️ ||| 경북 출마자분들 응원합니다 당신같은 분들이 계셔 민주당이 더 빛나는 겁니다 자기 공천 안 준다고 탈당해서 적에게 가는 어떤 x들보다 멋지십니다 지역을 위해서 몇번이고 는 모습이 멋지고 존경스럽습니다.김어준씨가 논리적 하시는데 지역선거는 감정에 호소 같은 비 논리적인것도 승부수가 될수가 있습니다 지역 현실에 맞게 언제나 처럼 멋진선거 부탁드립니다 당신같은 분들이 계셔서 대한민국은 대한민국 ||| 황정아의원님! 만세 부를수 있도록 이번 총선 꼭 승리해주세요! 대덕특구에서 20년째 살고있는 있습니다. 더이상 내버려두는 지역이 지 않도록 해주세요. ||| 총수 아니었으면 험지 나가는 후보들을 제가 어찌 알겠어요... 후보님들 지치지 마시고 저 를 믿습니다. 후보님들의 간절한 구호에 눈물납니다. ||| 경북지역 후보분들 방송 너무 인상깊게 봤습니다. 괴거에 투표결과를 두고 경북 지역비하 는데 썼던 제 자신이 너무 부끄러워지는걸 느꼈습니다. 진심을 담은 말 하는 이가 있다는걸 기억하고 지지하겠습니다. ||| 저도 특별한 파랑입니다^^ 그래서 경북에 출마 하시는 분 노고를 더 많이 이해 합니다. 진심으로 호소 하시면 통할 거라 생각합니다. 힘내십시요~~ ||| 총선은 한일전 울민주당 으로 똘똘뭉쳐 압승합시다 모두 끝까지 파이팅 ||| 경북 지역 민주당 후보님들, 힘내십시오. 너무 멋지시고요! 제가 이사를 가서라도 힘이 되어 드리고 싶은 데 감사합니다. ||| 이재명 의 고향 경북은 진짜 짠한 지역이다. 다섯 지역구 중 4개 지역구는 아직 민주당 후보가 없다. 4석은 싸워 보지도 못하고 고스란히 국힘에 헌납한다. 민주당 간판으로 나선다는 것 자체가 대단한 결단이다. ||| 경북의 후보님들 은 당신들이 진정한 민주투사들 이십니다. 그렇게 하시다보면 경북도 언젠간 바뀌겠지요. ||| 민주당 험지에서 민주당 간판으로 출사표 던진 모든 경북 민주당 의 당선을 기대하고 열렬이 응원합니다. ||| 미루다 미루다 여론조사 꽃 를 정기구독했습니다 대한민국을위해 애쓰는 김어준총수님을 조금이나마 돕고 싶었습니다 총수 힘내요♡ ||| 윤석열이 알고 있는 짓을 보자면 조폭들이 온갖 을 부리면서 ""너희가 어쩔건데?"" 라고 눈을 부라리는 것과 똑같습니다. ||| 험지에서 고생하시는 경북과 강원도 후보님들 눈물나게 감사합니다. 이렇게 고생하시는 분들 좀 제대로 대우를 해주면 좋겠네요. ||| 진보진영에서 더 이상 당선되어 무도한 거니의나라에서 벗어나고 싶어요. ||| 민주당경북국회의원후보님들 존경하고 감사하고 고맙습니다. 일제때의 독립운동가들 같습니다. 대한민국의 역사가 감동하였고 사랑합니다!! ||| 안녕하세요. 다스가족여러분내일은 제80차서울촛불대행진날입니다. 오후4시 삼각지역13번출구에서 본행사후 행진도 합니다. . 윤석열퇴진.김건희종합특검을 위하여. ||| 난 총수가 자랑스럽다 70나이에 김총수가 존경스럽다 민주당에 는 김어준씨❤❤❤ ||| 와 경북 당선되면 찐 대박... 나라가 디비진다. 역대 이렇게 심각한 정부는 없다. 법을 다루는 공무원은 이름을 가리는 한이 있을지언정 중립적이어보려해도 힘든 조직이다. 그런데 그걸 가지고 이렇게 대통까지 온 것은 법 질서 를 뜻한다. ||| 경상도 분들 화이팅입니다. 완전 응원합니다. 경상도여 ! ||| 황정아 박사님 정말 응원합니다 저의 가족들 3대가 유성을에 살고있어요 우리가족모두 황정아박사님 정말 기대가 큼니다 화이팅 ||| 김어준이 한 모든 게 여론조사 꽃을 만든게 최고의 업적이다 ||| 강남 병 구민 분들 박경미 후보 잊지말고 선택해 라 당신들의 기득권을 지켜줄거라 믿어서 국짐 검사 윤석열 뽑아서 지금 살기 좋아 지셨습니까? ||| 독립투사 경북 후보님 모두!!!~ ♡ 넘나, 멋지고 더할 수 없는 승리 입니다!!!! 우리들만의 승리로!!!! ! 충분히 지지하고 응원합니다!!! ^^* 유튭 1만명!~ 10만명!!! ! ❤️ ||| 경북에 계신 모든 후보님들께 존경과 응원을 보냅니다~ ||| 어떤 후보자의 그 진심이 느껴져 눈물이 나네요. 경북 후보들 응원합니다!! ||| 경상북도 후보님들 응원하고 지지합니다 . ||| 박경미의원님의 교육 혁신 다시 한 번 기대했는데요. 안타깝게도 험지 사지로 떠난 당의 뜻은 알 지 엊ㅅ지만 응원하고 지지합니다. 힘내세요!!! ||| 야 이재명의 민주당이여!!!!! 이겨라!흥해라! ||| 전남 광양에서 경북 국회의원 을 격하게 응원합니다 ||| 충남 서천에서 만난 김총수 고맙습니다 민주당 압승 나소열 화이팅입니다 200석은 민주당의 것 압승 화이팅입니다 ||| 한영태, 이윤희, 정석원, 황태성, 김철호, 김상헌 노래 들으니 울컥하네요 응원합니다 . 끝까지 이길 심산으로 홧팅해 주십시오 ||| 경북 어려운 지역구 에 나와 주셔서 감사 합니다 . 민주주의 살아 있습니다 대한민국 최고 입니다. 응원합니다 ||| 경북 민주출마자들은 모두 애국자시네요 응원합니다 ||| 박경민후보자님~! 아ㆍ대단한 심성과 실력에 겸손까지~! 아낌없이 격려 드립니다~ ! 자랑스럽읍니다~~~❤❤❤ ||| 일흔 넘은 할매가 젊디젊은 우리 귀한 김총수를 존경하고 사랑합니다❤ ||| 다뵈 300회 ㅊㅋㅊㅋ 열일하는 김어준 넘나 감사요울 민주당 압승 ! 파이팅1️⃣ ||| 박경미후보님 꼭 당선되셔서 교육전문가답게 일 하셔야합니다 그래야 국가의 미래가 있습니다 더욱 고민해보셔요 ||| 경북 후보자님들 은 진짜 뭉클하고 눈물이 납니다. 저 분들이 독립군이지 않습니까ㅠㅠㅠㅠ 정말 진심으로 감사드립니다... ||| 박경미 앵커 가슴이 찡합니다.한표드립니다. ||| 박경미 의원님 정말 눈물이 흐르네요~ 돕고 싶습니다.. 화이팅 힘내세요 감사합니다^^ ||| 경북 여섯 분께 구독&후원금 드립니다 ||| 더민주는 하 나다 우리는 꼭 ! ||| ㅠㅠㅠㅠㅠ 경북 후보님들 말씀… 어떻게 보면, 내가 져도, 지는걸 알아도 자그마한 변화가 있다면 해야죠 많이 울었습니다, 겁많은 겁만있는 내가 사는 삶 … ||| 새벽일찍부터 늦은밤까지 극우언론에 맞서 엄청난 조회수를 기록하며 민주진영 총선대본부장 같은 역할을 하고 있는 김어준총수 를 존경합니다❤❤❤❤❤ ||| 뉴스 꽃 나오자 마자 구독했어요 총수의 의도 바로 눈치챘어요 정확한 조사로 정확한 여론을 형성하려는 의도를 빨리 간파했지요. 저를 칭찬합니다 ||| 윤석열 없는 세상에서 살고 . ||| 강남병 박경미 정말 존경합니다 지난번 총선 서초을 이번엔 민주당 최고 험지 강남병 정말 대단하시고 다른 당이 가라하니 군말없이 뻘건 물결 한복판에 도전하는 저정신과 헌신용기 박경미 만한 애당심 갗춘분 있을까요 바보 박경미 반드시 당원과 국민이 당신을 기억하고 기억 쓰일것입니다 응원합니다 ||| 이거 검찰에 넘기려고 공작헸던자들 . 션합니다...민주당에 혁명이 일어난거네요 중요한건 당원들이 공천날짜를 기다렷다가 응징한셈...김진표 같은 의장선출한 민주당 의원들 대오각성 하시기를... ||| 모든 후보님들의 선전을 바랍니다. 특히 경북 후보님들 사실상 당선이 어려운 곳인데 불구하고 그 모습이 감명 깊습니다. 일제시대 독립군분들이 계셨기에 오늘이 고 여러분들이 계시기에 더 나은 미래를 희망해 드립니다 ||| 총수님은 돈을 벌어서 어떻게 쓰는것이 가장 훌륭허고 를 보여주는 모범사례십니다. 같은 연배지만 너무 존경스럽습니다. 이 분 참 애국 독립투사이십니다. 제발 건강하게 잘 사십시오~~ ||| 다뵈 300회 축하드려요~!! 꽃 도 추가합니다!!!4/10 진보가 승리해서 대한민국 더이상 망가지지 않길 !! 특히 험지에서 고생하시는 후보님들 왜케 눈물나는지 ㅠㅠ 감사하고 응원합니다!!!꼭 모두 당선 되시길요!!!무한 합니다 ||| 공중파방송 마다 민주당 지지율 떨어젔다고 . 김총수님이 계서서 너무 좋습니다!!! 민주당 은 합니다 이깁니다 ||| 아직 멀었네 지금 계양을 이재명 이 출동중! ||| 복기왕 후보님 해외에서도 응원합니다. 아산시 사는 지인들에게 . 복기왕 필승!! 민주당 필승 입니다!! ||| 힘내십시요 이재명대표님 ~ ~~화이팅입니다 최고이십니다 ㅎㅎ ||| 류삼영 후보님 잘 하세요. ||| 권성동은 꼭 이겨야 합니다 얼마나 나쁜놈인데 아직도 찍습니까 강원도민 여러분 제발 제발 ||| 김진태를 위해 만든 강원도.... 험지 중의 험지! 춘천갑 허영 의원(김진태 후보 로 첫 민주당 국회의원으로 당선됨), 원창묵(첫 민주당 3선 원주시장), 김도균(쓰리스타 출신으로 고성속초 이양수 대항마), 김중남(윤핵관 권성동 텃밭 강릉에서 출마)... 눈물겹습니다! ! 이번에 이깁시다... 강원도민 분들 진짜 정신차립시다! ||| 선거개표조작 아닌지 살펴야합니다 ||| 김어준씨 얼마나 든든한지 민주주의 사회에서 당신과 함께 살고있다는 이 들이 자랑스러울 만큼 당신이 존경합니다..이 시대의 유시민씨 조국씨 의 기억으로 가슴아픈 김경수씨 우리 모두 참된 정치의 길을 돕기위한 당신에게 존경과 감사와 기쁨을 전합니다. ||| 이재명, 개혁공천 밀고 ! 파이팅!! ||| 경북 후보님들 힘내세요. 열심히 응원하겠습니다. ||| 대구, 경북 후보들이 진짜 민주당 진성당원이지. 완전 은 기대할 수도 없는 곳인데 묵묵히 가시니. 대단. 대단. ||| 민주당 시스템 공천 최고였습니다. 그리고 당원과 국민 승리였습니다. ||| 평생 국민의힘만 찍던 우리 아버지도 삼촌도 이젠 맘에 안들어도 무조건 복기왕찍는답니다.. 복기왕의원님 이번에 진짜 되실거 같네요.. 아산 분위기 좋아요~ ||| 대한민국을 꼭 살려야 합니다~!!!!!!! 하루하루 너무 속상한데, 인주당 덕분에 힘 납니다~!!!!!!! 민주당 200석 가즈아~♡♡♡♡♡♡♡ ||| 신장식님, 이해민님, 서왕진님 모두 감사합니다. ||| 김철호 후보님 너무 반갑습니다~~~ 오래전 에 응원하고 지지했던 열정 지지자입니다~ 이번 총선에서 다시 뵙게 되어 너무 합니다 얼마 남지 않은 선거 시간 입니다 ||| 경북과 대구 민주당 후보들 꼭 당선되시길 바랍니다 ||| 다뵈 300회 꼬기요정 개근상 축하해요 김어준 총수님30000회까지 건강하게 다뵈 겸공 부탁해요 늘 ️ 하 TK험지 후보님들 힘내세요 ||| 공장장을 오래 지켜보면 늘 10년이상을 내다보고 앞서간다, 여론조사 꽃은 정치 역사에 핀 것이다 , ||| 이번에 민주당 진짜잘했음. 힘든곳의 후보들은 보지도못했는데 이번에 내가사는곳도 후보낸것보고 깜짝놀랬음. 국힘쪽 표주기싫은데 국힘밖에없음. . 당당하게 민주당 . ||| 김철호후보님응원합니다 ! 고생많으십니다 홧팅!!!! ||| 박경미후보님 꼭 국회입성하길 바랍니다 ||| 오늘은 다뵈 보면서 계속 울컥 하네요ㅠㅠ 특히 경상북도 지사 이해민님 모든분들 꼭 당선되시길 응원합니다 ||| 저는 경주입니다. 우리집4명 확정 입니다 . 응원합니다. ||| 눈물나는 우리 투쟁전사님들! 응원합니다. ||| 박경미후보 정말 짠하네요. 험지에서 최선을 다했더니 그 보다 더한 사지로...ㅠㅠ 선거에 대해 아무것도 모르는 저 황정아 후보는 해맑아서 더 웃프고요....조직도 아무것도 없이 홀로...ㅠㅠ 산골에 살아서 도와드릴 방법도 없이 마음으로나마 함께 응원하겠습니다. ||| 조국혁신당 인재영업2호 이해민님 화법 은 비전있고, 강단있고 다 있네요 ||| 강릉 유권자 수가 18만 명도 안 됩니다. 다스뵈이다 오늘 동접이 훌쩍 넘습니다. 강릉이 고향이거나 가까운 사람이 계신 분들은 전화 한 통씩만 때려주세요! 지겹습니다. 갈아야 합니다. 강릉이 어느 한 집안의 도시가 아니지 않습니까? ||| 조국혁신당 인재영입 보면 당대표의 사법 리스크는 아무런 문제 되지 않 알 수 있다. 운석열에게 대한 사법부 개들의 충성이 만든 결과물일 뿐이다. 특히 개검 확실하게 개혁해야 한다. ||| 박경미 후보는 이번에 안되면 안 될만한 곳에 좀 꽂아줍시다! ||| “꽃을 만든건 진짜 ” 김어준 총수가 같은편이라 너무 좋아요 민주당 후보님들 조국 정의당 비례후보님들 다같이 힘을모아 윤석열 강을 건너길 ||| 눈물남니다경북후보님들정말로존경합니다 ||| 여러분들이 이나라에 영웅이십니다 반드시 다시 이나라를 구해야합니다 ||| 박경미 의원은 이번에 되든 안되든 꼭 서울시장이 되실 겁니다 노무현정신의 강남 버전 같은 이미지가 생겼거든요 서울시 전체에서는 그 이미지가 굉장히 폭발력을 보일 텐데 ||| 이번에 지면 다시는 못이깁니다 절박한 심정 투표해야합니다 ||| 오늘 저녁에 꽃 여론조사 전화받고 너무반가워 서 대답했어요~~ ||| 경북 후보자님들 정말 대단하십니다. 꼭 유의미한 변화를 이끌어내시길 바랍니다 ||| 조국에 배신자 , 반역자, 승만 독제자 를 퇴진 1960, 2월 28일 경북 학생 민주항쟁 에 꼭 당선 하여주세요 ✍ 바로 1960.년 4.19 민주항쟁의 도화선 ,민주성지 경북 고등학생 열사임 을 도와드리세요 함께 구국를 위해 미래를 위해 아멘 ||| 구미로 ~ 힘내라 김철호!!! 민주당 화이팅!!! ||| 오히려 민주당 후보들이 훨씬 국민을 위한 분들임이 확 느껴진다. ||| 박경미 후보 넘 짠함. 제발 강남 에서 정신좀 차리슈 ||| 험지 출마한 후보님들 절박함이 보여서 눈물납니다. 꼭 승리할 수 있도록 # 유튜브 에 꾸~욱 동참하자요 ||| 경북 민주당 독립투사들이다 . ||| 이해민님과 황정아님 모두 대한민국 이공계 응급처치 해주시길 기대합니다 ||| 경북 후보님들 진심으로 응원합니다! 보면서 여러번 울컥했어요ㅠ 떨어질걸 알면서도 불쏘시개라도 되고자 하는 마음으로 출마하신다는 말씀 정말 감동이에요~~ 유튜브 도 소액이지만 후원도 했습니다! 빨간 밭에 예쁜 꽃이 많이많이 피어나길 멀리서라도 열심히 ! ||| 일잘하는 국회의원을 뽑는 선거가 고 나라망친 죄를 묻는 선거가 됬는지 ? 이번선거 끝나면 새로운 대한민국이 태어나길 기대해본다!열심히 일하시겠다는데 좀 뽑아줍시다 민주당화이팅!!",0
ai0X3BqenpI,"[김어준의 다스뵈이다-2024총선] - 어이 한동훈 미안해, 충청3인방 충격이에유, 클린스만 퇴출","지금이라도 나라를 정상으로 바로 잡으려면 국짐과 정부를 갈아 야 합니다. 선거 잘 합시다. ||| 나라도 개판 축구협회도 개판 감독도 개판 도 정상인게 없는 요즘 투표라도 꼭 합시다! ||| 정봉주의원님 꼭 다시 국회로 입성하시길 바라겠습니다 ||| 정봉주 반드시 다시 국회입성 해야합니다 ||| 김어준 총수님 들 건강하시고 힘내세요 응원합니다 최고 파이팅 너무 좋아요 끝까지 지지합니다 ||| 우리모두 총선승리 하여 윤석열 사라질 과 힘을 모으자 민주당 파이팅!! ||| 어른들의 사랑 우리를 행복하게 해준 선수들 사랑해 주세요. ||| 최배근교수님 감사합니다 다뵈 김어준 늘 응원해요 민주당 # 이잼파이팅 ||| 이제 더이상 노회찬이 없지않습니까?? 고양갑 심상정 주면 노회찬 넘어갑니다 절대 !!!! 안돼요 ||| 김어준 망하면 안돼,..! ! ||| 무능,무도한 민주당 꼭 심판합시다 이잼 민주당 총선압승 모두 끝까지 힘내요 ||| 충청도에 인재영입 제대로 했네요..아주 아주 확실하십니다. 보는내내 흐뭇합니다...파이팅합시다!! ||| 민주당 비례표가 분산되진 않았으면 좋겠습니다. 민주당의 압도적 을 위한 승리를 기원합니다. ||| 충청팀!빠이팅!.특히.17호 김제선님 꼭! 구청장 ! ||| 김어준 총수님 ! ||| 무능한 정치가 얼마나 참혹한 사태를 만드는지 꼭 심판합시다 룬,몽규OUT ||| 최배근 교수님 처럼 애국자가 또있을까 ? 선비님 이십니다!! ||| 조국신당 응원합니다 파이팅 ! 민주당 비례는 조국신당 ||| 우리의 희망 동지이신 소중한 총수님 옳은 말씀 훌륭한 방송 리드로 도 큰 힘 받습니다 건강하시고 늘 함께 해주세요 늘 감사합니다 늘 함께하며 끝까지 힘실어 지지하고 계십니다 ||| 김어준님 ! 민주당가즈아!! ||| 영입한 인재여러분 정말 훌륭한 사람들입니다. 의욕 충만하고 아이디어 , 말씀 잘 하 그래서 민주당입니다. 사람들을 웃게 할 정치를 하고 지도자나 시민이 서로 믿고 사는 사회를 만들어 가는 민주당 화이팅입니다. ||| 애초에 독일에 갈 길이 김건희에게 있었던 것이지. 윤석열은 독일에 볼 수 없으니 (김건희가 못 가는 마당에) 안 가기로 한 것이겠지 라고 추정하는 바 ||| 나는 조국을 지지한다. 조국을 동정해서 지지하는 것이 아니다. 대한민국의 건당한 성장과 국민 경제 , 언론개혁과 검찰 개혁 필요하다. 가장 의지가 강하고 잘할수 있는 사람이 조국이라 생각하여 나는 조국을 지지한다. 조국의 용기에 박수를 보낸다. ||| 똑바른게 심한 요즘 같아선 살 의욕도 없어지네요 ||| 윤석렬이는. 건희없인. . 못먹는다 ||| 김어준 총수님, 지금 목숨걸고 싸우고 있군요. 응원하고 있습니다 ^^ ||| 진짜 생각할수록 욕나오는 정의당. 니들이 노동자 다 ||| 최배근 교수님, [정치와경제 연구소 선포] ||| 다들 화이팅 ||| 망한다 소리 망한 버린다 소리하면 안됩니다 10억 쓰고 정권 끝장내자 ||| 클리스만과 멧퇘지 동시에 ! ||| 야당 野 완승 ||| 천안 살고있습니다. 이재관 후보 응원합니다..천안 민주당 화이팅 ||| 지금은 민주당으로 모든 역량을 모아야 합니다. 절체절명의 선거를 앞두고 표가 갈라져 썩렬이만 한 어리석음을 반복하지 않길 바랍니다 ||| 김어준총수님 건강하세요 . 사랑합니다 ||| 김어준 이 있어서 그나마 위로가됩니다 김어준 최곱니다❤ ||| 정청래 의원 뵈면 됩니다 ||| 충청후보님들 인상적입니다. 꼭 당선되셔서 기량 발휘 제대로 해주시길 바랍니다 ||| 이명박근혜도 흠집 냈지만 이놈은 진짜 인내심의 한계를 넘기네요 ||| 무조건 200석이상 들어야 탄핵됩니다 ||| 정봉주 출마를적극 . 정봉주화이팅하세요 ||| 이시대 참 훈훈인 정청래 . ||| 좋아요는 기본으로 ! ||| # 200석 ||| 정봉주 , 반드시 국회가자 ||| 나는 비례에 조국신당에 찍을 생각 ㅋ ||| 정청래의원님 멋져요. 조국장관님이 잘하실거에요. 민주당 과 윈윈할 수도 있을 거예요. 민주당 화이팅 ||| 김어준공장장님 민주주의를 위해 늘 감사드립니다 정청래의원님 최배근 교수님 존경합니다 ||| 충청 3인방 재밌네요~^^ 세 사람 다 화이팅~~ ||| 이 사악한 검찰정권을 철저하게 응징해야합니다 ||| 민주당 # 완전대단 ||| 최배근교수님 . ||| 정 우택 돈봉투 ᆢCCTV 정확히 ? ||| 정청래 의원 열렬 응원합니다 ㅎ ||| 이 시절에 김어준이 나와서 다행이다 ||| 정청래의원님 정말 존경합니다 너~~~무좋아요❤ ||| ❤❤❤검찰개혁을 위해 열심히 맞서다가 희생당한 조국ㆍ추미애 같은 분들을 국민이 지지하지않는다면 앞으로 누가 불의한 에 맞서려고 할까요? ||| 총선 200석 야당 압승 제발 기도함니다 더이상 대한민국 을 막아야 합니다 ||| 윤석열도 화이팅 가즈아~~ ||| 헐 김어준총수님이여~~ ||| 김어준 총수 지치지 말고 힘내요. 김 박사님도 힘내세요 우리는 모두 그대들을 사랑하고 믿어요. 최고니까...❤❤ ||| 왜 탄핵이 필요한거죠 ||| 이 시대의 참 포용인. 정청래 진짜 정치인이네. ||| 버티고 또 버티자 그리고 투표장으로 가자 ||| 명랑사회 정기 후원하고 있지만... 여론조사 꽃... 다음달엔 꼭 해야지 ||| 여론조사 꽃 자 김어준 화이팅 ||| 김어준! 참 ! ||| 한 국가의 국민들이 해야 할 가장 큰 의무는 '권력감시' 다. 하지만 일상을 살아야 할 국민 대다수는 그럴 수 있는 시간적 여유가 없다. 그래서 그 감시를 언론에게 일임했다. 하지만 그 언론은 지금 썩었다. 언론개혁을 실패한다면 정권을 잡더라도 장기집권은 불가능이다. 민주당은 총선승리 후 피를 묻히는 각오로 개혁드라이브를 걸어야 한다. 언론개혁!!!! ||| 얄짤없다!이번에 심상정 은 정의당해체 그것도 윤석열심판 이다! 그래야 차기대선에 걸림돌을 없애는거다! ||| 살아있는 우리들의 양심...최고의 지식인 최배근 교수님..진심으로 존경합니다. 항상 건강하십시요. ||| 올리브유 몇개월 전에 10000원이었다. 지금 2배 뛰었다. 이게 나라냐? 주부들 공감하지? 이게 현 중간 대한민국 물가다. 이걸 어째야 한다? 그려~ 쫓아내야 한다. 암만~~~ 어떻게? ? ||| 민주진영 일꾼들 참 유쾌합니다 그들에게 일할 수 있 기회 줍시다!! ||| 창원 성산구 정의당으로 단일화 하면 안됩니다ㅜㅜ 노회찬 죽음 이후로 이곳 정의당 민심 떠났어요 ||| 황운하를 좀 자꾸 불러서 인지도를 높여줘야 합니다. ||| 불금 이 기다리고 있어요 ||| 베트남에서 검증된 박항서 배우 강력히 추천합니다 ||| 카이스트 진짜 대박 ||| 아홉하늘이 조국 과 함께 # ㅁㅁㅁㅁ 용담16김ㄷ ||| 김어준총수님 존경하고 감사드리고 , 이재명대표님의 민주당힘내세요 ❤❤❤ ||| 조국 화이팅 ! ||| # 쵝고 ||| 이제 밭갈기 시작.. ..조국장관님 힘내세요 ||| 김어준 공장장님 ! ||| 옳소!!!!! 정청례! ! , 역시 최배근 교수님 사랑합니다! ||| 최대 는 계양을에 부모님과 함께 살고 있습니다 부모님은 80대 입니다. 부모님께 마지막으로 말씀드렸습니다. 앞으로 당신 자식들과 손자 손녀들이 살아갈 세상입니다. 정신 똑떼이차리고 투표 하시라고 원모씨가 되면 바로 분가 한다 했습니다. 지금 대한민국은 한강 요단강 중간 에서 허우적 되고 있는 듯 합니다. 이번이 마지막 이다 생각하고 다들 정신 똑떼이 차려서 중간까지 간 요단강에서 다시 돌아옵시다. ||| 정청래 그만 해라.. ||| 조국장관도 자기당 기호1번으로 나오 그래야 투표해줄수있음 ||| . ||| 정봉주좀 살려주십시오 . ||| 오늘 진짜 빵터졌다 역대급이닼ㅋㅋㅋㅋㅋㅋㅋ ||| 털보형! ! 정말 최고야! ||| 전국을 서울로 편입합시다..서울시 제주동,서울시 대전동, 서울시 목포동, 서울시 강릉동, 서울시 부산동...그러면 수많은 시장, 시.군의회 도 없애고 국회의원도 필요없습니다.. ||| 심판의 시작 투표 똑바로 합시다. 하루빨리 탄핵 을 해야한다. ||| # 응원합니다 ||| 최배근 교수님 . ||| 유시민작가님 , 숨쉬기가 힘들어요,어찌살아야하는지 ||| ""바다는 피에 젖지 않는다""는 『노인과 바다』에서 나와요~ ||| 민주당은 야당이에요ㅡ할 수 가진 게 별로 없어요.여당으로 만들어 줘야해요.200석 넘겨서 여당으로!! ||| 어준총수 을 이번 총선에서 민주당 꼭 압승하길 간절히 기도합니다 ||| 영입된분들 정말 열심히 국민을위한 정책펴주세요.환영합니다",0
wFxeUBmy4yk,"[김어준의 다스뵈이다] 317회 복덩어리 한동훈, 트럼프 체크무늬, 트럼프가 온다","우원식이를 어찌할고! 국힘당에 돈 벌어주는 행태를 어떻게 설득해야 하나? ||| 우원식 왜 당원들이 추미애를 원했는지 한번 보세요..국가와 국민을 생각한다면 어떤 의제든 늦추면 안됩니다..협치와 야합은 절대 안돼!!!!!!! ㅆㅂ ||| 빨리 빠를 수록 나라가 정상국가 될 거 같아요. ||| 제대로 알아야! 언론부터 안바꿈 개혁은 힘들다 ||| 오늘 법사위 청문회와 국짐 을 보고있자니 가관도 아니다 상식과 상식 개나 줘버린지 오래고 맨날 나만 살겠다고 물어뜯어대고 언제까지 저런것들에 우리 피같은 세금을 갖다바쳐야 하는지 참담하다 ||| 오늘 우리를 깨어있게 해주셔서 감사합니다! ||| 정청래 위원장님 입법 위원에 운영 사회 에서 세계 각국 국회가 배워야 합니다 모범이되는 대한민국이 자랑 스럽네요 감사 합니다 감사 합니다 ||| 군 골프장은 ( 야갼)을 운영안합니다 ||| 못하게 되는것 보단 잘 되면 좋겠습니다. ||| 진심 우리나라가... . 이 역경을 잘 이겨냈으면 좋겠습니다. ||| 안녕하세요 김어준 총수님 항상 건강하시고 힘내세요 응원합니다 . 파이팅 주말 잘 보내시고 월요일 날 만나요 끝까지 화이팅 ||| 진보는 국민으로 살고, 보수는 백성으로 산다. 한 나라의 주인은 국민이고, 백성은 나랏님 밑에 얹혀 사는 노예다. ||| 대한민국 외교정치 정말최악이네요 탄핵이답입니다 국민모두가 힘을모아야합니다 ||| 한동훈이 사과까지 했다는 것은 청탁 행위가 있었다는 그 증거!! ||| # 대통령기록물 고로 마신자도 대통령기록물! ||| 국민이 모지리를 뽑았다고 생각하지 않습니다 200만표를 찍 빼내서 멋대로 나눠준 지 범인 입니다 !! 더이상 주권이 훼손되면 안됩니다 !! 투표함을 옮기지 못하게 입법해야 합니다 !! ❤❤ ||| 그냥 모든 비정상을 당연시 하는 정부.. 그러나 악착같이 나라를 지탱해 주는 정부 ||| 한준호의원님 미래 의 길로 쭉~~ 승승장구하시길 ||| 민주당 당원 님들 훌륭하십니다 이재명대표님과 함께 나라를 위해 국민을위해 많은일 해 주실것믈 믿습니다 응원합니다❤ ||| 윤석렬은 정치 하자마자 대통령이 됐쟎여 그러니 나라꼴이 요모양 이다 ||| 김어준총수님..늘 건강 하고 응원해요 ||| 김병주의원의 꿈이야기가 내가 우리당원동지가 국민들이 꾸는 꿈과 같기에 가슴 뭉클하다 조금은 다른이들과 달라 너무 약하고 멋스럽지않지만 당신만의 진실됨이 전해지는것 같아 뭉클하다.. 서민의 삶도 어린시절 지내봤고 그 현실을 넘기위해 노력하고 피흘리고 달려오고 노력하고 진정 그대는 ..시대의 풍파를 몸으로 맞으며 당원들을 지켜주는 든든한 고목이되어라.. 나는 그 꿈 꿉니다 당신 믿음이 대통령이되는 꿈...내 꿈이 현실이되는 그날 까지 우리 잡은 손 놓지맙시다... 우리 꿈이 현실이 되는 순간까지..산자여 따르라 ||| ㅡ ㅡ라임 ㅡ옵티모스의 사라진돈의 마지막미로게임의 ㅡ문이될것같다 ||| 한준호 의원 의정활동 잘하고 계십니다 최고위원 가즈아 응원합니다 . ||| 이재명 이재명 이재명 이재명 이재명 이재명 ||| 김건희댓글부대는수사안하나요ㆍ김건희휘젓는나라이게나라여올해안에해결해주세요ㆍ ||| 정청래 법사위원장이 일을 너무 열심히 해서 지금 모든 공격을 홀로 받고 있습니다 새로 국회의원 되시는 분들이 그 역할을 나눠야 합니다 그 역할을 충실히 하실수 있는 분들에게 투표를 합시다 ||| 내년엔 나라걱정 안하고 내 일 집중할 수 있게 해주세요 ||| 김어준총수님 건강하세요 . 사랑합니다 ||| 세계 경제 이야기를 들으면서 국민이 분노 하는데 이재명 대표님이 들으면 속이 타는 느낌 일겁니다 ||| 진정한 군인정신 김병주의원님 이라 생각합니다 ||| 탄핵,,, , ||| 역사를 잊은 민족에게 는 없다 잊지말자 대한민국의 역사를!!!! ||| 고양이뉴스 원피디님의 노력이 헛되지 않 딱딱 퍼즐이 맞아떨어집니다 다들 용기 내주세요 ||| 영원하리~김 어준^ ~ ||| 빨리 빨리해야 나라를 구한다 ||| 맞아요. 우물쭈물하면 당 합니다. 반드시 꼭 기필코 . ||| # 응원합니다 ||| 윤석열은 이많은 죌 짓고 왜 살려고 멍청한 짓을 할까? 왕은 왕이로소이다! ||| 한준호의원님은 진실이보인다 한표 민형배 , 한표 ||| 보고있자니 답답하고 이해도 안되고 전 윤을 찍지도 않았으니 더 미치겠군요 한시도 꼴이 보기싫은데 ||| 언론개혁 , 한준호 ||| 한동훈을 제2의 노태우를 만들어 가는 보수의 수장 아닌가 하는 이언주의 의견에 동의하며 많이 염려하고 있습니다 절대 방심하면 안되는 윤 ㆍ한 한 이고 윤은 버리되 한을 앞세워 정권 유지하려는 보수들의 기획 으로 보기에 이언주에게 한표 드립니다 ||| 잘 보고 있습니다 ||| 사실 동후니는 원래 민주당원이었다. ||| 박주민 선수 응원합니다 ||| 아~~ 김병주 저 도 은근히 대단해 !!!! ||| 주춤주춤 뒤로 물러서면 국민 눈치 보지말고 세게 나아가야한다. 민주당 차기 집권하면 명심해야 합니다. ||| 김병주최고! 오늘 말씀은 한편의 시같다! 가슴에 새겨진 감동의시가 아름답고 강하다! ||| 역풍은없다 . ||| 한동훈 특검 김건희 특검 윤석열 특검 채해병특검 등등 3~5개를 같은기간에 상설특검을 하게된다면 결국 다같은 인물의 증거 그걸 확보하는 시나리오 가 됩니다. ||| 한동훈 다음에 오세훈이라니 대한민국의 누가 절망편이냐 ||| 언론개혁☞한준호 ||| 박주민은 지지 않는구나 멋진 정치인이다 ||| 상대를 죽이는 걸 서슴치않는 넘들과 정치를 하고 있다는 사실을 잊지마시길ᆢ ||| 진짜 진짜 누가되든이에요 ||| 국민 70프로가 원한다 민주당은 행동해라 목숨걸고 ||| 행복한 고민~ 최고의원 는 사람이 너무 많다. ||| 복덩이 한동훈 오늘도 나경원에 네~~네 . ||| 정청래 법사위원장님 혼자서 무지막지한 여당 막아 내느라고 너무 힘들어 서 잘하시라고 응원해 줘야 겠네요 ||| 우원식의장 지금 삐긋하면 진짜 죄인이 될 수 있다 무슨협상?~~ㅠㅠ 제발 정신 차리세요!! ||| 트럼프 이재명 동시 취임으로 … ||| 김어준총수님 항상 화이팅 ||| 김어준 형! 수고 많으셨습니다. 늘 나라를 위하시는 모습 존경을 표합니다! ||| 언제나 화이팅 ~~ ||| 윤석열 탄핵가자 탄핵이 아닌 정봉주 - 탄핵 기관사 임명 ❤ ||| 민주당 의원 힘내세요 ||| 한 기대를 하고 아나 ||| 법을 마음대로 해왔고 지금도하고있는 윤대통령과 한동훈 국힘 . ||| 법개정은 좀 쫌 어떻게좀 해봐요~ ||| 김어준 화이팅 ! ||| # 우리들의희망! ||| 윤석열 김건희 탄핵 가능한가요? 하루가 모자라 ||| # 설렘 ㅎ ||| 김어준 고맙습니다!!!! ! 화이팅입니다!!!!! ||| # 멋있어c ||| 외교문제를 겸손은힘들다 에서 이런얘기 해주세요~ 빨리 검찰정권 끌어내려 면 3년은 우리나라 완전 망해요!!! ||| 진짜 국민이죽어요... ||| 상설특검 일타강사 박주민 응원합니다 김어준 공장장 언제나 애써주심에 늘 감사요 ||| . ||| 진짜 박주민 의원 은 의원없어 열일하고 일잘하고 진짜 정치 쭈욱해주고 대통령까지 ㄱㄱ ||| 김어준 ||| 항상 고마워요 김어준 공장장님!!!❤❤❤❤❤❤❤ ||| 마지막 한표 그리고 박주민 의원님은 언제나 사랑입니다 ||| 어려운 시기시기마다 우리와 함께 해 온 다스뵈이다!! ! 감사합니다. 힘을내요, 화이팅♡ ||| 이재명의우산 김병주 . ||| 이천공이 무슨 나라의 상왕이냐! 당장 체포하고 수사하라!! ||| 총수님 아까 저 양산 삿읍니다 써보고 많이소개할게요 ||| 지금만큼..전세계적으로 존경할만한 훌륭한 지도자가 더 큰 문제다... ||| 정말 세상같네요. 민주당화이팅! ||| 응원합니다 ^^ 제발 바른 정치로 대한민국이 앞으로만 나갑시다 ||| 김병주의원 . ||| 김어준은 뭐 누가 뭐래도 ||| 이번 최고위원 투표 가장 어렵다 ㅠ 오랜만에 나온 고문이다 ||| 김병주 형 화이팅 ||| 두둥❤ ||| . ||| 한사람국민으로,부탁드리오니,제발정신차리고,윤석열을,탄핵합시다, ||| 채수근상병.... 외롭고 고통스럽게 떠나갔지만 이제 쉬어요 그대를 기리고 기억하는 많은 사람들이 있습니다 ||| 얌전하게 대기중 .",0
82r1izASPms,"[김어준의 다스뵈이다] 322회 원조오빠 , 거친남자 동훈, 원정유세 데이비드","이러다 독도 빼앗긴다 진짜 어떻게 해 ||| 대단히 감사합니다. ||| 민주당내의 집단지성은 찐인것 같습니다 당원들과 지지자들이 만든 이결과는 혁신과 진보의 가치를 이뤄내고 있는것 같습니다 청년정치인을 뽑는데에 있어서 잘해주세요 장경태의원님과 같은 분이라면 좋겠지만 그렇지않고 기회주의적,스팩쌓기용,구직적관념으로 영혼없이 다시 정치 입문하는 청년 정치인은 배제해야합니다 무조건 청년이라고 무조긴 여성이라고 머리수 채우듯 임명하는건 절대피해야 합니다 ||| 남진선생님 최고입니다.우중충한 요즘 분위기를 확 바꿔주시니 ~~ ~ 오래 우리곁에 계셔주세요~~!!! ||| 이재성 위원장 참 볼때마다 놀랍다 겸손한데 비범하고 부드러운데 강력하고 이상적인데 치밀하다 이과형 이다 너무나 인간적이다 천상 의 지도자감이다 볼수록 신기하고 이런 부산이 부럽다 ||| 민주당 제대로 하자.탄핵이 라고 반박할 필요 가치가 … 팩트만 명사로 단답으로 해주자.길게 말해봐야 못알아들어 입만 아프니…제발 민주당 이번엔 잘하자.홧팅! ||| 김병주의원님 꼭 최고의원으로서 최선을 다 응원합니다!!!! ||| 데이비드 김 꼭 보 바랍니다 방탄조끼..남진 가수 역시 멋져요❤️❤️ ||| 오늘 수고하셨습니다. 감사합니다 ||| 이종호를 잊으면 안됩니다 절데로 이종호 캐면 딱 됩니다 ||| 국회의원 국민소환제 폐지 ||| 민주당 소속 김승원의원님 홧팅 ||| 남진님~ 최고 ~ ||| 김병주 선수 응원합니다 ||| 정말 고마워요 민주당 만세 지역당위원장님들 더블어 민주당 당원1,000만명 권리당원 500만명 위해 총출동 해얘합니다 ||| 참 올바른 봉사를 누리고자 험난한길을 걸어왔 데이비드..나도 나이가 많지만 , 꼭 이사회에 큰 일꾼이 되어주길 기도합니다... ||| 민주당홈피가 구리다라는 이재성 부산위원장님의 말씀에 너무 공감이 가네요.. 홈피부터 바꿔주길 기대하는 마음에 지지를 합니다 ||| 죽어가는 대한민국 살리는것은 이게 답입니다 ||| 아 선생님 너무재밌습니다 ||| 데이비드 김 변호사님 응원합니다! ! 이기세요!!! ||| 김병주의원님, 강선우의원님 두분 너무 멋지시고 보기 좋아요^^늘 화이팅 ♡♡ ||| 용산총독부 일제시대 진정한 독립투사 김총수 만세 쵝오에요 구독과 좋아요는 사랑입니다 ||| 박근혜,윤석열도 당선된 한국 방심은 ? ||| . ||| 데이비드 ! ||| 민주당 당원가입 독려 하고 갑시다 ||| 오늘 뜨보니 일제야!❤❤❤❤❤ 100%공감합니다, ||| 정치는 약자에 대한 서비스 ~ ~ 한국 정치가들도 이와 같기를~~ ||| 눈떠보니 역시 우리소원은 탄핵 김어준 언제나 감사해요 이잼민주당 파이팅 ||| 데이비드 킴 변호사님 당선 이면 좋겠네요. 화이팅! ||| 강선우! 꼴찌의 아름다움과 가치를 일깨워 준 극도로 멋있는 정치인 . . thousand thumps up!!! ||| 데이비드 김 응원합니다... 꼭 대통령 당선되시기를 기원합니다. ||| 데이비드김님 응원합니다 미국의 큰 응원 지지 부탁할께요 ㅎㅎㅎ ||| 이재성 후보 너무 기대됩니다 새로운 민주당 새로운 부산 응원합니다 ||| 이재성위원장님, 힘차고 지혜와 신념이 느껴집니다 . ||| 데이비드 김 , 멋진 당선을 기원합니다.^^ ||| 데이비드 김, 너무 훌륭합니다...비록 투표권은 없 응원합니다... ||| 데이비드김 꼭 ! ||| 다스뵈이다 . ||| 현재 윤석열의 상태는 늪에 갇힌 채 자신의 머리카락 끝을 잡고 스스로 늪에서 빠져나오려는 논리와 같은 상태이다. 내쫓을 시간이 다 왔다.... ||| 강선우 의원님 저 변함없이 가세요 길게 응원할게요 ||| 봉도사는 우리가 짓밟는게 아니고, 스스로 자하로 기어 들어간 다 ||| 너무 멋져요 ||| 지금 제가 그걸 보며...같이 웃어요 ||| 똥후니는 아직은 리드의 깜이 못된다고 본다. 극우보수가 많이 키워도 고노메 는 안된다고 봅니다, ||| 남진 ~ 세월이 갈수록 예쁜 분 이더라구요~^ ||| 남진 님 스크린에서 뵙겟습니다❤❤❤❤ ||| 김 장경태 아주 시원 맨날 너무 시원해. 점잖은 민주당 의원 중에 국힘 입으로 완전 열받게 하는 인재 ㅎㅎㅎ 최고. ||| 초딩때도 탑 오브 탑이엇던분이 60년 탑자리를 지키고 거의 다되가는데 저 모습. 저건 신의 축복 ||| # 기다립니다 ||| 이재성 위원장님 응원하고 또 힘내세요!!! ||| 김병주의원 멘탈 붕괴 ||| ❤❤❤❤❤김어준이다 ||| 언제까지 참아야 하는지요 이나라가 걱정입니다 윤석열 반드시 구속 해야합니다 김건희 구속수사 해야한다 ||| @ Kim 꼭 당선되시길.. ||| 그런 정치가들을 보고싶다. ||| 이재명대통령 ||| 데이비드김 꼭 당선되시길 기도 하겠습니다. 너무도 인간적인 그러나 정치인의 뜨거운 가슴을 품고 지금 미국에 있는 동생과 지인들께 기도 하겠습니다. ||| 데이비드김 꼭당선되시길 바랍니다 ||| 눈떠보니 . ㅠㅠ ||| 이재명 특검 만들어야 합니다. ||| 탄핵열차 토욜 6시 ~ 104차 출발합니다 ~❤ ||| 언제나 응원합니다 . ||| 16년야인이어서 기억해줬는데 감히 시국이 야 ||| 용산총독부///정치검찰 타도하자 용산 지키자 ||| 꼭 당선 되도록 데이비드 김 응원합니다. ||| 이재성 . ||| 강선우 의원님 힘 는 는 자유가 없어 표는 못 드렸지만... 늘 응원하고 지지합니다. 당찬 메시지, 똑 소리 나는 전달력, 연잎에 아침 을 구르는 듯한 웃음 소리... 마음을 토닥토닥해요. ||| 남진 선생님 유쾌하시네요 영화나오면 엄마 가 꼭 볼게요 ||| 봉도사의 까방권은 ? ||| 데이비드 김 화이팅 ||| 강선우 의원님, 전당대회서 표 안나와도 다른 의원들 웃으며 박수쳐주는 모습 참 보기 좋아 ||| 하나님!~대한민국을 구하소서 이건아닙니다 윤석열은 당장 내려오세요 ||| 남진쌤~보러왔다가 이방송 보게되네여❤❤❤ 정치관심없지만 재밌어서 요 ||| 당원 축제 좋은 아이템 ! ||| 남진 가수님 특집 방송을 꼭 부탁드립니다. 요새 웃을 시간 없는데 올만에 웃으면서 봤습니다. . ||| 민주당 청년 의원 장경태 의원님 . ||| 오빠,남진응원합니다 김어준 총수님과ㅡ남진님 두 분과 덕분에 많이 웃고 재미있는 시간되었네요 ^^ 역쉬 김어준 총수 ||| 미 민주당 의 변호사님 진짜 인물이네요 이런 청년이 꼭 선출되어야겠다 ||| 이재명대통령 ||| 김어준총수 . ||| 김병주의원님 넘 조아 ||| 제나이80할머니국민학교때독도는우리땅 ! ||| 김병주 : 후륭합니다 ||| 데이비드 김 이 좋으시다 좋은일 하는 분들은 얼굴에서 나타납니다 ||| 남진 선생님 김어준 총수를 모르는게 충격이네요....ㅎㅎㅎ 진 선생님 처럼 김어준 총수를 모르시는 어르신 을 위해 다스뵈이다에 출연시키는 기획력에 엄지척!!! ||| 김병주의원님 진심 귀여우세요 ^^ 응원합니다! ! ||| 말로만 떠드는 사람보다 이재성처럼 저렇게 자기 플랜으로 얘기하는 사람 너무 멋지다 ||| 저도 이번에 김민석 김병주 의원님 뽑았지만 우리 보배 강선우의원님 을 지지합니다!!! 민형배의원님도 너무 아까운 의원님이였고요!!! ||| 이재성의원 응원합니다 . 부산이 변화되리라 믿습니다~~^^화이팅 ||| 뚜껑이 그걸 할 그릇이 애초에 안 된다.ㅋㅋㅋ 절대 못하지. 암~ 뚜껑이 그걸 하면 내 똥을 끊지요. 푸하하~ ||| 김어준은 국보다!누가 뭐래도! ! ||| ❤ 항상 응원합니다 오래 오래 건강하세요 ❤ ||| 부산동구시민...이재성 올림 ||| 국민의힘 지지자가 다뵈 출연했다면 더욱 환영해야죠 . 웰컴 ^^ ||| 가고싶었는디,.담주에 건강하게! 김어준총수님 ! ||| 투표 안하려고 했는데 데이빗김 에 해야겠구만... 응원합니다!!! ||| 민주당에 희망 일잘하는 민주당 고맙습니다 ||| 남진형님 참 멋지시네요. 샹송무대 꼭 ! ||| 데이비드 김 대통령 이 당선 되셔서 미국의 정치문화를 바꾸어주십시오. 그리고 다스뵈이다를 통해서 윤석열 탄핵도 꼭 실현 되길 바랍니다!",0
IfNJpR6YlQk,"[김어준의 인터뷰 311회 대통령폰으로 누가 통화했나, 간첩을 체포해주오, 자니?","큰 응원을 보냅니다 아무쪼록 건강하시길 바랍니다 국민이 지켜보고 앴습니다 ||| 우리 대장님 끝까지 버텨주세요 이제 거의 밝혀졌습니다! 좌절하지마시고 국민들을 믿고 힘내세요! ||| 포7대대장님 진심으로 응원하고 있 필승! ||| 포7대대장님 굳건히 버텨주세요 국민의 한사람으로 진실이 만천하에 드러나 기원합니다. 응원합니다. ||| 포7대대장님 힘내세요 국민들이 압니다 국민들이 지지합니다 꼭 새로운 모습으로 원하는 삶을 이어가길 응원합니다 ||| 포7대대장님 응원합니다 힘내시고 진실은 반드시 밝혀질겁니다 ||| 우리 7대대장님 힘내십시요 왜 지금 당신이 죽으려한단말입니까? 죽을힘을 다해 살아서 저 사악한인간들의 끝장을 지켜보십시요 이렇게 포7대대장님이 누군지 다 아는데 자신을 버리지마십시요 응원합니다 ||| 절대 억울하지 않게 ! 박정훈대령이 억울한 일을 당하지 않게 ! 잘못한걸 제대로 벌을 받게 . ||| 하지만 당신은 참군인입니다. 힘내세요. 당신같은분들이 있어 세상은 아직 살만합니다 ||| 임성근 사단장은 더이상 숨지 못한 국민과 채해병 유족과 대한민국 모든 정의로운 군인들 앞에 당장 무릎꿇고 석고대죄하라 !!! ||| 포병 대대장님 건강하세요. 시간 또한 다 지나갑니다. 꼬옥 진실은 밝혀집니다. ||| 해병대 포7대대장님, 당신의 잘못이 아닙니다. 당신을 지지합니다. 용기 잃지 고 힘내세요. ❤ ||| 드디어 시작된 22대국회 이재명을 중심으로 성과 있기를 소망합니다 ||| 박 칠 대대장님 힘내시고 빠른 쾌차를 바랍니다 당신을 응원하는 국민이 많습니다 가족도 많이 힘들겠어요 힘내세요♡ ||| 박정훈대령님! 포7대대장님! 그리고 진실과 정의 위해 맞서 싸워 주시는 모든 군인장병 및 애국시민 여러분께 진심으로 감사의 말씀 전합니다! ||| 포병7대대장님 편을보면서 눈물이 나서 댓글이라도 적어봅니다 절대로 절대로 불의에 지지마시고 힘드시겠지만 버티시길 응원합니다 저와같은 마음의 국민들이 70프로가 넘는다는 사실을 아셔주시길 바라며... 모든 사실이 진실이 길 기도합니다 해병대의 영웅이시군요 존경받아 마땅하신 분이라 생각합니다 이시간이 지난 후 명예를 반드시 회복하시고 존경받는 군인으로 남으실 것으로 믿습니다 당연히 그렇게 해야 하고 그렇게 될 것입니다 힘내십시오! ! 작은댓글로나마 응원을 진심을 담아서 보냅니다! ||| 포대대장님 힘내세요 박정훈 대령님 힘내세요 이재명 반드시 명예회복 되길 진실은 반드시 승리합니다 22대국회 이재명 대표님과 함께 한 민주당 화이팅 응원 합니다 ||| 민주당은 전우용 교수님을 자주 초빙해야한다!!떨어져 나가기 위해 행동하라!! ||| 우리 7대대장님, 혼자가 아님을 꼭 기억해 주세요. 힘들지만 꿋꿋이 라 는 국민들이 응원합니다.. 진실은 반드시 이기고 어둠을 이기고 밝음이 이길겁니다.. ||| 김규현 변호사님의 용기있는 활동에 감사하고 응원합니다 조국대표 말씀대로 끝까지 싸워 봅시다 ||| 이 해병대 의 명예는 회복될 것입니다!!!! 힘내십시오. ||| 포7대대장님 이 댓글을 보실 수 있을까요 가족분들이라도..보신다면 꼭꼭 잘 버티시라 조금만 버티시라 말씀드리고 싶습니다 마음이 참 합니다 부디 건강하셔야합니다. ||| 포7대대장님ㆍ박정훈 대령님 힘내시고 꿋꿋하게 버텨주세요. 국민들이 응원하고 . ||| 김명신을 . ||| 금요일에는 다시뵈이다 시청하는밤 김어준 총수님 ! ||| 나라가 한마디로 미쳐돌아간다 윤석열 을 빨리쫓아내 나라구하자 열불터져!!!!! ||| 7대대장님 건강 잘 챙기세요 너무 가슴이 뛴다 ||| 변호사님 응원하고 지지합니다 지금은 모든 우리 국민들이 지지하고있으니 힘내세요 화이팅! ||| 포7대대장님 님이 대한민국 대표군인 입니다 사랑해요 님들이 대한민국을 살린것 입니다 ~ ~~ ||| 7대대장님. 마음 단단히 먹으시고 끝까지 진실을 밝혀주시기 바랍니다 ||| 포 7대대장님 당신이야 말로 를 다시 구할 진정한 애국자입니다. 힘내시고 채상병의 안타까운 죽음이 헛되지 도록 반드시 진실을 밝히는 선봉이 되어 주십시오! ||| 항상 감사히 응원하면서 보겠습니다.!! ||| - 7대대장님. 절대 절대로 극단적 선택을 하셔서는 안됩니다. 전 대대장님의 마음 충분히 이해합니다. 저 또한 너무나 억울한 일을 당해 봤기 때문에 한때는 삶의 끈을 놓아버리려고 했던 순간이 있었기에 그 마음 충분히 이해합니다. 지금도 그때 생각에 힘들때가 있지만, 의지를 갖고 이겨내고 있습니다. 대대장님 힘드시겠지만, 이겨내시고, 힘내십시오. 국민들이 당신의 결백을 지지하고, 응원하고 있습니다. ||| 변호사님 화이팅입니다 임성근사단장 구속사키고 연금도 못받게해주세요 병사들의 . 함부로 대하는.인간은.천벌을 받아야합니다 ||| 여러분 힘내세요..반드시 이기십니다 ||| 포7대대장님과 박정훈대령님 힘내시고 꼭 재판에서 이겨서 정의가 뭔지 증명해주십시오 항상 응원합니다 ||| 오늘 윤 부정이 70%이다. 탄핵을 해야 한다 ||| 우리 김총수 덕분에 숨이라도 잘 삽니다. ||| # 7 대대장님 감사하고 또 감사합니다 ||| 포7대대장님, 상식있는 사람은 누구나 대대장님 님 , 건강해야 끝까지 싸우죠. 심신 잘 챙기시길 간절히 바랍니다. ||| 김규현 변호사님!! 좋은 정치인, 정의로운 정치인으로 성장하기를 항상 응원하고 지지하겠습니다!! ||| 김규현변호사님 항상 응원합니다탄핵열차 출발 ||| 이런 암울한 시기에 김어준 같은 이가 한국에 있어서 참 다행이다. ||| 전우용 교수님 … 소름… 감동입니다! 대한민중 화이팅합시다! ||| 역시.. 전우용 교수님 이 정리해주시니까 쏙 이해가 됩니다~ 고맙습니다. ||| 전우용 역사학자 말씀에 감동 받았습니다. 민주당원들을 강성이다 개딸이다 라고 말할 때 너무 억울했습니다. 속 시원한 답변 감사합니다 ||| - 우리의 자랑 ||| 정신병원에 입원해야할 나쁜놈들은 따로있는데 말이죠~~ 포7대대장님 당신이 정상입니다! ! 증인들과 증거들로 드러나는 진실을 이제 그만 알게됬습니다! 힘내세요!!! ||| 이게나라냐 분통터진다 탄핵이 야 ||| 전우용 교수님의 언급은 매우 중요한 정치적 의미를 갖는 거 같습니다. 감사합니다 ||| 김규현 변호사 아주 멋진 정치인으로 성장할거라 믿어요 ||| 대대장님 응원하고 존경합니다. 저 같은 분이 참군인입니다 ||| 7대대장님 , 진실은 반드시 이깁니다. ||| 두 내외가 같이 감옥가는 기록도 나온다 ||| 전우용교수님 말씀 탁월하십니다~~ 제가 딱 그런 , 깨어있는 피곤한 시민입니다. ㅎ ||| 언제나 화이팅 ~~~ ||| 2024년 11월 윤석열을 만난다 ||| 김규현 선수 화이팅하세요 ||| 금요일만 # 다뵈의밤 ||| 김어준 총수 아니었으면 정말 어쨌을지. 감사한 말씀 고맙습니다 ||| 그놈의 격노.... 기억하라 윤석열 ! 그대가 같잖게 격노해댈때 국민들은 치를 떨며 살수 있다는것을... ||| 전우용님의 민중에서 시민으로 이젠 당원정치다...생활형정치... 한 번 더 민주당 탈당철회 지금함 ||| 참군인 해병대 포7대대장님, 수사단장 박정훈 대령님 힘내십시오! ! 함께 죽은 채상병을 위해서 , 군인정신을 지킨 참군인들만 희생 당하고 있는 현실이 너무 참혹하네요 ㅠㅠ ||| 포7대대장님 힘내십시요. 이 사건의 전모가 밝혀지고 수괴들이 처벌받는 것이 대대장님의 상처에 게 도움이 될 것입니다. 그야 말로 공소권 사유 없슴. 이 되지 않게 멘탈 꼭 붙잡고 계십시요. 반드시 밝혀질 것입니다. ||| 지난 주 박구용쌤 강의만 따로 올린 영상 너무 좋았고, 바로 월말 들어가서 6월 14일 강연 신청했습니다! 국민이 의전 서열 1위라는 말씀 너무 훌륭했어요~ 박 전우용쌤이 그거 관련해서 올린 거 역시 요 ||| 뉴공에서 목이많이 쉬었든데 총수님 괜찮아유 ? ||| 해병대변호사님 인상이 참 좋으시다!!!응원합니다!!!힘내서 이 모든 위기를 잘 좀 꼭 좀 처리해주십시오!!!그 은혜를 우리국민들이 꼭기억 보은할껍니다!!!!나라와 국민을 개무시하는 대통령이 국정운영하면 그 끝이 어떻게 될 지 뻔한 것 아닙니까???나라와 국민 위한 사명을 부디 속히 꼭 이루어주시길 기도하겠습니다!!!!감사합니다!!!!파이팅!!!! ||| 우리 형은 정말 최고야! ||| 탄핵이 아닙니다 ||| 김규현변호사님 . ||| 대대장님 잘못이 고 너무 큰 죄책감으로 나를 아프게하지 마세요 ||| 7포대장님 !힘내세요 힘 있고 건강하시길 바라는 우리가 았자나요 ||| ( 격노한다 ||| 총수님 ! ||| 파랑새는 있다 이재명이 온다 ||| 임성근 정말 악마네~악마를 구해준 건 지존이 룬이구나~ ||| 전우용교수님 강의 아주아주 훌륭했습니다. 너무 관심 많았던 내용 감사합니다. ||| 김 교수 최고 로 수고많으세요 건강 잘 챙기세요 ||| 안녕하세요 김어준 총수님 건강하세요 응원합니다 최고 파이팅 합니다 지지합니다 ||| 이 정권과 그 하수인들은 물에 들여보내지 않고도 또 한 사람을 죽이고 있습니다. 7포대대장님, 정말 억울하시겠습니까? 그러나 저들에게 이 대대장님의 목숨을 던져주는 일은 제발 하지 마세요! 간곡히 부탁드립니다! 버텨주시는 것이 채상병과 유가족과 또 같이 분노하고 있는 국민에게 주는 희망입니다. 잘못만 생각지 마시고, 희망이 되어줄 수 있다는 것을 기억해주세요❗️❗️❗️ ||| 애국자 김어준 만세 ||| 정의를 가진 사람들이 이나라를 지켜야 합니다 사악한 무리들이 발 붙이지 못하게 ~ 힘내세요 ~ ||| 전교수님 우리도 이제는 정말 존경합니다 ||| 대대장님 포기하지 말고 힘내세요. 누구 좋으라고 죽습니까. 왜 선한 사람이 피해를 봐야해요. 갑자기 슬픔과 분노가 치밀어 오르네요. 왜 우리나라가 이렇게 될까요 꼭 그건 당신 잘못이 아닙니다!! ||| '그날' 개인폰 통화가 이뤄진 정오 즈음에 대통령이 어디에서 뭘 하고있었는지 공개정보여야 할 것 아닌가요?? ||| 병원에 입원하신 7여단장님께 응원에 메세지라도 하고 운동이라도 해야할것 같아요.정신적으로 힘들때 지지를 받으면 조금이라도 위로가 됩니다 ||| 해병대 포병 7대대장님이야말로 진짜 군인이십니다 대대장님 도 국민이 있습니다. 부디 건강지키세요~~^^감사합니다❤❤❤❤❤ ||| 억울하게 자식 잃은 부모를 이길 순 없 검찰권력가진 자라 해도. ||| ( 개인폰 증거인멸 예상됨 ||| 7포대장님 ! 힘내세요!!! ||| 포7대대장님 힘내세요. 꼭 이겨야 합니다 ||| 이제 윤무당배는 구멍이 났다. 이제 수장되는길 밖에 안 남았다. ||| 정말 참군인이시네요. 힘내시고 감사합니다!!!! ||| 김어준은 국보다! 누가 뭐래도! 도 ! 휴거! ||| 조국의 국군 포7대대장과 박정훈대령을 구하라!!! 눈물 납니다 ㅠㅠ ||| 김어준 . ||| 포7대대장도 꼭 필요하겠네요 ||| 김어준총수님 항상 응원합니다 ||| 볼수록 김규현 변호사 멋져요! 이재명 대표님 모습이 너무 기대됩니다❤❤❤❤❤❤❤ ||| 7대대장님께 국민이 힘을 보태야 거 같네요 어떻게든 응원의 메세지가 전달될수 있도록 했으면 좋겠네요 절대 죄책감 갖지 않으셨으면 좋겠어요 정의가 승리한다고 하 고 불공평하조 그걸 견디는 힘은 연대의 힘인거 같아요 혼자가 아니라는 생각을 하시며 견뎌내시길....... 이번엔 꼭 진실과 정의가 승리하길 매일 기도합니다",0
uOkxLdy6mVk,‘北 억류자’ 질문했던 트럼프 “안전 경고 받았다” … 채널A / 뉴스TOP 10,"국내언론은 아직 못믿겠네 ||| 저건 장난 아니라 협박이다 수사하라 ||| 참 ! ||| 아 미쳤네 국제적 망신이다 ||| 욕하면 국민을 상대로 한 대통령 ||| . ||| 제발 미국 언론 협회에서 언론 탄압에 대한 강력한 규탄 을 냈으면 좋겠다 ||| . ||| 이게 대한민국 현실이네. ||| 외국인기자한테 무슨 경고? 독재정권이네 ||| 진짜 살살 살살 녹는다. ||| 아 미처돌아간다 ㅠㅠ ||| 진짜 귀여워 ||| 에라이~ ~ 다아는데 금시초문 이래자나 ||| 한국 기자가 바른 말을 못하는 이유가 그런 것이었구나 ||| 외신기자 압박이라니 진짜 나라망신 ㅋㅋㅋㅋㅋㅋㅋㅋ ||| 왜 저런 답변은 자격이 없는거지 ㅋㅋㅋㅋㅋㅋㅋ ||| 독재를 싫어한게 아닌데 지들이 못해서 싫어했나 ||| 이게 나라냐?? 국민들이 북괴의 납치 등으로 두려움에 떨어야 되겠어??? 그리고 언론의 자유는 ? ||| 그렇게 군사정권 시대를 욕하지만 군사정권 시대를 욕 공산당 ㄹㅇㅋㅋ ||| 지짜이밍 탄핵이 답이다 . ||| 진짜 미쳐 가는구나.... ||| 아 외국기자한테도 협박하나보네ㅋㅋ 가지가지한다 ||| 하 시발 존나 무섭다!!!! ||| 와... 한국인이 저질문 했으면 바로 드럼통 당했겠네. 외신 기자한테도 . ||| 날 압박하다니 미쳤냐? ||| 외신기자까지 협박??!!! ! 미친 김정은이네!! 김정은 보다 더하다! ||| 독재시대보다 더무섭다 . 공산당이나 다름없지 ||| 외신기자한테 협박할 건데 한국기자한테는 더 심하게 하겠네 ||| 외신기자도 그냥 기자 아니고 안전위협이면 목숨협박인건데!!! 국내 기자들한테 어떻게 했을지 뻔하네!!그러니 이재며이 주위에 다 살자자들과 의문사가 그리 다 ||| 대한민국 의 인권은 안 지킨다 ||| 완전 공산당이네 ||| 나라꼴이 이렇게 이니구먼 ~이대로는 안됩니다 ||| 진짜 끝장 내야 ||| 기자가 독재국가에 와서 고생이 … ||| 와 대한민국망신이다~~와 ||| 한국기자면 한국에서 완전히 사라졌다... ||| 독재완성은 얼마 안남았구나 하는 생각 드네 ||| 와 진짜 독재 ? ||| 한나라의 대통령이 외신기자 ? 이말인가? ||| 국민이 납치 되었는데 관심이 ? ||| 당장 제명시키세요 ||| 야만 정부에서나 . ||| 국제 망신 당하고 나서 한국 기자를 드롬통행 시키려는 아수라 재메이햄 ㄷㄷ ||| 죄 덮을 려는데만 에 이런결과가 나온거다 ||| 나라망신 ||| 답이없다. 이제 답 안나오네 ||| 지금 대한민국이 자유민주주의 국가 ? ||| # 독재도 ||| 무슨 나라인지 요즘 진짜 화나요 ||| “난 처음듣는 이야기 인데?” 1. 먼저 공식석상에서는 반말을 쓰지 않는다. 평소에도 무례하기 때문에. . 공식석상에서는 잘모르는 부분에 대해서는 협박이 아닌 해결방안을 위한 대답을한다. 그러나 그는 기본이 없기에.. 3. 무엇보다 어떻게 하 일개 외국기자가 인터뷰 내용도 모른다 잡아뗄수 있는가? 가짜 대통령이기 때문에. ||| 이건 너무하다 난 대통령이니까 몰라도된다는 얘기네 18 민주당 떨거지들은 어쩔수 없네 차라리 이랬으면 난리 났을 것 ||| 진짜 독재국가가 다 되어버렸네 어쩌다 이렇게 왔나... ||| 헉 너무 심하네 ||| 피해 안당하게 보호요청하시길 ||| 지금 국내 최대 부동산 운용, 국민연금 최대 입찰이 중국 사모펀드에게 넘어가기 직전이예요ㅠㅠ ||| 아 진짜 무섭네 몰랏으면 반성하고 알아봐도 션찬을판에 대통령이면 저래도 되는겨? 민주주의 맞나? 정말싫다 ||| 대한민국.미쳐간다 ||| ㄷ,ㄷ ||| 진짜 이게 답입니다...... ||| 정말 한심합니다 ||| 이죄명 이 아는게 뭐 잇냐 ||| 졸렬하다 . 참 ||| 아 그밥이네 ||| 전세계에 알려주세요! ! 뉴스감이에요!! ||| 하다하다 외신기자를 협박까지해!!! 나라망신 ! ||| 진짜 나라가 지금 이렇게 됨? ||| 민주주의가 잘 돌아가는 지 제대로 확인하는 질문이었네 ||| 와ㅋㅋㅋ 이건 한국기자였으면 100퍼 확률 ㄷㄷㄷ ||| 이게 사실이라면? 국제언론인협회(IPI)와 유엔인권이사회(UNHRC)에... 이죄명과 한국 정부를 고발해야 한다. ||| 북한인가 ||| 모든 면이 너무 끔찍하다 ||| 대한민국은 이제 자유 민주주의국가가 아닌것같다. 외신기자들도 함부로 질문했다간 목숨위협까지받는 공산독재국가나 ? ||| 국민들이 창피하게 되네요 ~ 할만한 기자에게 돈 주다니..... ||| 진짜 제발 사람좀 뽑자 국민들아 ||| 나라망신 . ||| 참 부끄럽네ᆢ 대한민국 ! ||| 당파싸움만 했지 국민의 마음 모르는구나 ||| 진실을 전하는 외신기자에게 박수를 보내지는 못할판에... 현재 우리나라 는 슬픕니다. ||| 재명이가 대통령이라고? ? ||| # 입틀막이네 ||| # 미친정부, 무서운 놈 ||| 와 무섭구나...이 순간 ||| 헐 ! ||| 그런거 질문히면 탄핵되든지 혼나든지 . 여기 예전 대한민국 아니다. ||| 미친듯! 모르는 게 라고 질문한 기자한테 뭐하는 짓? ||| 국민 한 사람으로 부끄럽고 무섭네요~~ ||| . ||| 이재명이 모르는걸 질문했어 안전경고받았네 ? ||| 완전 귀여워 ||| 국가보안법.없애려는 게 뭐가 중한데? ||| 외신기자! 제발 이사실을 전세계에 보도해주세요! 이런미친정권 반드시 끌어내려야한다! ||| 돈과 무기를 주면 신뢰가 쌓인다는 구라를 치고 전쟁으로 대가리 터질때까지? ||| 주적인 북한에 온 국민이 잡혀있는데 언제 잡힌건지도 모른다니... ||| 근데 이 정부 죄질에 조용한 이유가 있네 ||| ( 경고 가지가지한다 ||| 이동학ㆍ젊은 피 가증스럽다 ||| 기자님 응원합니다! 꼭 대한민국의 전 세계로 널리널리 퍼트려주세요. ||| 저게 뭔데 ||| 이정부는 골때리는 정부여... 저기자가 무슨죄여.. 미친거아녀 . 이나라가 50년전으로 돌아가네",0
0yANNx7IQJo,장동혁 면전서 ‘원조 친윤’ 윤한홍 “ 묻은 개가…” / 채널A | 뉴스TOP 10,"장똥혁 진짜 정신차려라 넌.쨉이안되 국힘살리려면 . ||| 진짜 바른말하니 아무말못하네... ||| 그래 서 털고가자. 이러다 선거 다진다~ ||| 김도븝은 뭐허고 있나? 중진이긴 한데 중진들이 하는일도 없고~~~ ||| 동혁아 태흠이원망하며 . ||| 장동혁 이게 답이다 ||| 한동훈 이 떼거지로 배신자라고 소리소리 지르고 쫓아내더니..아고 이졔와서 ..머리둔하면 막차도 못탄다 ||| 도읍인 부산 강서 쪽 눈치를 잘 모른는겨~~~ ||| 김도읍도실망 ||| 국민의힘 민주당 에 메일 당하면서 정신차려 ||| 윤한홍 . ||| 잘한다. 장동혁 제정신 차려야 한다. 심각하다. ||| 옳은말씀 속이시원하다 . 정신차려라 ||| 찐윤중의 찐윤 윤한홍이? 이게 또 무슨 꿍꿍이지? ||| ※ ""한동훈""과 ""친한""은...""시대교체""와 ""정통보수"" 를 니다 ! ||| 너희들 은 똥인지 된장인지 구분 못하지? 국민들이 지켜보고 있다!! 용서치 않을거다 ||| 장폴더 ! ||| 윤한홍 판단이 다옳다 누구든지 다 그릇이있다 ||| 김건희가 죄표유트뷰 이명수 기자한테 우리 부부 즉 윤통 거니는 좌파우두머리다고 말함 또 노무현이가 죽었을때 일주일동안 울고 노무현 연설문도 죽죽다외었다고 함 또 문재인이 잘못되면 윤석열도 잘못된다고 말함 그래서 윤통부부는 좌파라고 말한것 같다ㅡ윤한홍 이 좌파라고 말한이유 인가 이 다 ||| 늦게나마 소신발언 해주시는데 , 윤한홍의원님 고맙습니다 ||| 저 자리에 앉아있는 분들 모두 물러나세요. 그리고 다음 선거에는 출마 하지 않겠다고 선언하세요. 그래야 만 하면 국민들이 큰 관심을 보일것입니다. ||| 국회의원 자리가 그리도 큰 저자리에서 찍소리도 못하는 것들은 다 처내야된다 ||| 어쩌면 동혁이 석열이랑 진짜 같냐 ||| 제발 법 재개 해야 합니다 법은 병등해야합니다. ||| 김도읍!! ! 주민들도 잘 챙겨라 ||| . ||| 국힘 싫다고'민주당을 ' 지지할까? ||| 윤한홍 절절맞는말씀 . ||| 윤한홍 의원 맞는 건가요 ||| 친윤들은 뭐하고있나 지방선거 지자 장동혁 끌어내려라 장동혁 있는한 지방선거 진다 당원들은 이거야 한다 빨리 끌어내라 ||| ㄷ장동혁사태가답이다배신자 ||| # 오늘이시간 부터정신좀 차려야된다 ||| 윤석열 미친짓만 해도 우리가 계속 정권 유지했다 ||| 윤한홍 의원이 사람 볼줄 알아 천만 다행이네요 ||| 이현종님께 감사 드려야❤❤❤❤감사합니다❤‍♀️‍♀️‍♀️‍♀️‍♀️‍♀️‍♀️‍♀️‍♀️‍♀️‍♀️ ||| 윤한홍의원 의 제안!!! 정확하고 나아가는 방향이고 길입니다. ||| 늦었다 싶을때가 가장 먼저 하듯이~ 과연 장동혁과 김민수는 윤한홍이 말하는 바를 몰랐을까? 한마디로 비겁하고 졸렬한 새끼들이다 환골탈퇴를 못하겠다면 바로 때려치우라 그 자리가 네놈들 만 있는 자리가 아니야~ 더이상 국힘을 주지 말고 당장 내려오라 ||| 이렇게 장동혁 대표가 고집을 부리는 것은 뭐가 씌지 않고서야 감히 저런 고집을 부릴 수 있 ||| 국힘아 . 2424 이삿짐센터 차려라. ||| 한동훈아니고 , 당대표되던 여기선 물어뜯기게 된다. ||| 장동혁의 정책 방향을 보수 의원들 바로 잡아야 내년 선거임할 수 있다. ||| 윤한홍 잘했어 ! ||| 민주당한테 몰살 당하려고 ? ||| 국힘 정신차리세요 지금 이대로는 안됩니다 제발 중도층 을 우리 국힘쪽으로 돌려 ||| 윤한홍❤용기 . ||| 한동훈이 계엄막고 탄핵찬성했다고 등에 칼꽂고 배신들하고 쫒아내고 지금 까지 석렬이 옹호하고 간신친윤들 로 술마시고 아부하고 가만있더니 지선과 대선 위기감 는 태세전화들하네 국민들 보면 여.야 싹다 민생위한 정치는 뒷전이고 돈과 권력만 쫒는 기회주의자들로 국민 혈세 축내는 특권층일뿐~ 진정 국민과 나라위해 진솔하게 국익지킨 한동훈만이 진정한 희망이다 ||| 아 윤한홍 ! 용기있는 사람이네 ||| 장대표가 저 자리에 있는한 중도는 다 달아난다 ||| 우파들~~~이렇게 한 장 내야지 ㅠㅠ 산으로 가네요 ||| 그래 나 좀 저런 말좀 들어라.. 제발 제발 언제까지 계엄에 얽매여 싸워 이겨야된다 나라 넘길래? ||| 윤한옹의원님 ! ||| 윤한홍 속시원하게 바른말 해라 ||| 장동혁 진짜 사태해라 ||| 단합이 필요 ||| 윤한홍이 오늘 윤석열 좌파라고 해서 찍음. 원래 민주당에 가까운 사람 이었다고. 장동혁도 원래 민주당 가려고 박범계한테 껄뗙거리다 자리 를 국힘당에 보궐 따냄. 둘가 본성이 안 땡기기는 한가보다. ||| 윤한홍❤❤❤❤❤❤❤❤❤❤❤❤❤❤❤❤❤❤ ||| 장동혁은 빨리 내려와라 국힘은 정신 차리고!!! ! 어느 시댄데 윤건희가 왕인줄ㅋㅋ ||| 장동혁은 윤석열 지키러 간다 ||| 오늘 모처럼 바른말 한거 다행이군요 장동혁 자질부족 품성 부족 인정해라 ||| 한동훈 대표 . ||| 윤의원님 잘하십니다 화이팅 그래야 합니다 ㅎ장대표님 정신차리세요 ||| 맞는말씀 ||| 너무너무 늦었지만 윤한홍은 제정신이 아니야 ||| 파이팅 한동훈 ||| 윤한홍 의원님 이제라도 올바른 말씀 을 합니다 장동혁은 사퇴해야 국힘이 삽니다 ||| 장동혁 . ||| 아 맞는말입니다 장씨 내려오세여 ||| 수꼴이니 개딸이니 얘들이 내 삶을 피폐하게한다. 정치인 좋은일 시키니 ||| 늦었지만 지금이라도 사과 하라 국힘 잘 말아먹고 있는 장동혁 당장 사퇴해라 사퇴해라 사퇴해라!! ||| . ||| 한동훈을 배신자라고 욕 하더만 이제 급한가보네!!!! 윤한홍!!!!!! 한동훈만이 국힘 살릴수있다!!!!! ||| 멍청한장동혁은당대표사퇴하라 ||| 늦었지만 우리 국힘의원들 정신차려선거잘치릅시다 장동혁 대표잘못뽑았다니까요 ||| 내가보수 60년인데 장동혁의 국힘은 ? 차라리 포기 ||| 장동혁 제이의윤석열불통들극우당만들어창당해서당장나가라 ||| 윤한홍 인제 정신차림 우리 가 ||| 이제 정신들 드나 보죠? 국힘은 1년 가까이 지지율이 2424면 국힘 해체하고 정신 차려라. ||| 깨어나시는 분 계시네요 ! ||| 장씨퇴출 ||| 이런 말씀을 하시네요 ||| 국힘 말아먹은 장똥 사퇴하고 한동훈 다시 . 한동훈 만이 국힘 살길이다. ||| 윤한홍 의원 은 돌아와 다행 소신 철학 정의 상식 으로 국고 6조8천억을 지켜낸 한동훈이 보수의 최고 리더다 ||| 장폴더 김민수 얘네는 진짜 최악의 투표율 나오는 99표 얻으려고 주접떠는거 보면 한심하기 짝이없다 ||| 장동혁 : 자네가 존재하는한 윤어게인은 영원하다 국민의힘을 해저 깊숙히 가라앉혀 주시는 애국충정!! 진정한 애국자입니다. 지금처럼 잘 끌어모아 해저깊숙히 고이 쓸어주세요. 앞으로도 응원합니다. ||| 윤한홍 . ||| 배신자란 소리가 무서워서 계엄에 국민 을 팔아 먹는건 아님니다 윤한홍의원 선거에 지든 이기든 공당은 국민 사법권을 지키는 겁니다 국민이 개 돼지도 아니고 국민 이라니요 ? 용기있는 분 말씀 고맙습니다 ||| 국힘이야말로 진짜 개똥으로 보고잇네 저런넘이 3선을하냐 ||| . ||| 친윤들 은 상황이 데 경남에 윤한홍 대구에 권영진이가 바람을 불어 무슨짓을 할려는지 모르니 친한계를 무시한다면 국민들에 큰저항에 부딪칠것이다..지금 국민들은 국민의힘에서 한동훈을 원한다..야비한짓을하는 옛친윤쓰레기들을 원치 않는다.. ||| 국힘을 똥뭍은개로 만든 장동혁 정신좀 차리던가 정신 못차리면 쫓아냈으면해요 장동혁이 국힘을 더 윤어게인 극우정당으로 만들려고하는데 윤석열의 뒤를 이어서 국힘 을 작정했나봐요 ||| 진정으로 나라 위하시는 분 ||| 다행이다 지금 이라도 장대표 해라 ||| 윤한홍 이제사 정신차려서 ? ||| 당연히 했어야 할 일들을 1년이 지나서 했지만 박수 보냅니다. 그리고 무조건 사과, 국민에게 해야합니다. 계속 지속적으로 ||| 장동혁은 이제 그것만이 답이다 ||| 윤한홍의원님의 힘찬 박수를 보냅니다 ||| 장동혁은 이제 아니다.극우들데리고 사퇴하라! ||| 국가의 신뢰도 흔들리고 정치가 엉망이 될 현상황에서 힘을 합쳐 싸워도 모자랄 판에 정치 셈법만 하는 나약한 웰빙 의원의 전형적인 모습 보는 듯 안타깝습니다. ||| . ||| # 시원하다",1
ULV9KZhsJd4,질문 듣던 이대통령 “뭐하는 가 시작하자 ‘빵’ 터진 현장,"❤17년 동안 변함없는 팩트TV를 위한 후원회원이 며 정기후원 가입 ARS ☎ 1877-0411, 인터넷신청 https://goo.gl/1OjzfE ||| 그걸 알아듣는 대통령이 . ||| 김태흠 성일종한태 하라고해야지 2찍만찍어주고 일안해도 놀고먹게 나두냐 ? 잘해 균형발전할수있는다 찍어라 ||| 다 알아들었어요 ||| 아고야 중얼중얼 먼말이야~관계되는 사람이나 알아듣겄다. 근데 그걸 알아 들으신듯 참 희한하네 ||| 고생 많으세요~ 이재명대통령님!!! 우리아들이 편히 쉴 나라 만들어 주느라 감사합니다❤❤❤ 제발 제발 건강 챙기시고 다음 재임도 법으로 만들어 주세욧!!! ||| 양심들이 없누 ᆢ표는 국짐 몰아주고 거기 지자체장이 김태흠 , 떡열이 측근인데 거기 는 뭐하고 지금 그러실까요? ||| 잘 알아듣는 이재명이 신기하다. ||| 준비된 이재명 ! ||| 진짜 진심으로 우리 대한민국 역대 최고의 대통령이 이재명 대통령이네요. 정말 추진력, 실행력에 이해력까지 빨라서 같이 일 하시는 참모들과 공무원들 쉽지 않겠어요. 특히 질문하는 사람이 웅얼거리면서 한참 주절거리는 데 요점을 간파해서 짧게 답한 거 보고 살짝 소름돋았어요. 진짜 우리 대통령 너무 대단하십니다. ||| 헐 대박! ||| 웅얼웅얼 뭔소린지 알아들을수가없네 나 진짜 두번다시 오지않을 자린데 저맇게 웅얼웅얼 하면 쯧쯧쯧 ||| 와우 천재울 잼통령님 최고 와우 옹알이를 척 알고있는 잼통령‍♂️‍♀️ ||| 떨려서 속도 조절을 못한 거 같아요^^; ||| 질문을 외우지도 못한 저자는 뭘 시켜서 나온것인가? ||| 말씀을 좀 천천히 정확하게 해야 전달력이 있는데, 좀 바빠서 무슨 내용인지 잘 들리지가 않네요 ||| 그런데 모르는것이 뭐예요? 잼프 국민들은 박학다식에 든든합니다. 앞으로 미래가 웅장해질거라 생각되니 감격이 밀려옵니다. ||| 뭔소리야? 짜증난다 요약해서 짧게 만 해라 웃기는 사람이네 도둑놈이네 ||| 1년에 1회 방문하는 것을 위해 인원을 상주하라니 ||| 모르는게 무서운 울 대통령님! ||| 참으로 , 이재명 대통령의 투시력 대다나다 ᆢ ||| . ||| 아 웅얼웅얼 …. 진짜 발음 렷같다 ㄷㄷ ||| 에휴 선박대리점 ㅋㅋ 그게 아니라 지들 회사 염원이네 ||| 난 알고있다 ||| 처가집이 보령 입니다 답 없는 현실 ||| 학교다닐때 발표를 전혀 안 했네요 . ||| 와 이재맹이 저 의 발언에 요지를 정확하게 파악하네 직이네 ||| 뭐하남? 책 두 권을 읽네. 요점만 간단히. 몰라? 이 사람 환장하게 . 자기 일이 중하면 다른 이들의 일도 중하다는 것을 진짜 몰라? ||| 진짜 대통령 ? ||| 좀 지원해달라고 ||| 일반인들도 갈 일없는 크르즈 1년에 한번 들어오는 충남 대산항 은 주변이 지도에서도 가려야 할 중요시설산단 물류항이라 관광항으로 가능한가 ? ||| 참으로 너무 우리쨈은 모르는게 없어 하늘이 내려준 대통령 또 한번 각인시킴 ||| 우문현답 저런질문을 어떻게 대응할수있다니 ||| 연습을 하고오든가 보고 읽는데도 잘 읽지 못하네.ㅉㅉ ||| 하루 한번 시민들 크루즈여행만 운항하는데 무슨 소리야! ||| 뭔소린지? 제대로 ? 이걸 대통령님이 알아듣는다고 대단~ ||| ❤❤❤ ||| 천재명 이재명 대통령님 연임 하셔야 합니다 힘내세요 ! 깨어있는 국민이 있습니다 ||| 뭐라고 하는지 잘 안들린다. 국어 읽기연습좀 하고 . ||| 글을 써왔으면 몇번은 읽었을텐데.. 내용을 확인 해와야지..정말 무지하다. ||| 대산이 화학공업지구 ? ||| 에객터미널 ! ||| 오물오물 입모양 좀 확실히 해서 발음을 해야 귀 귀울여서 듣기가 힘듭니다. 대통령도 힘드실듯. ||| 아니 도대체 이대통령은 한 게 뭘까????? ||| 충청도, 멍청도 던데! 새로운 인재를 뽑아야지! 빨간당이면 눈감고 투표하지말고! ||| 충청도 분이 저렇게 빨리 와서 처음 ||| 뭔말을하는지 잘 모르겠네 ||| 늘 문재인 대통령의 듣기점수는 만점이상인듯.. 무슨 말이든 집중경청하면서 거의 다 핵심을 파악 결코 쉽지 않습니다.. ||| 이재명 너무 잘한다 ||| 뭔소린지 ? ||| . ||| 연 1회 크루즈가 기항하는 기간 법무부 인력의 상주를 요구하는 것은 다소 과도한 듯 보입니다. 그 외의 기간에는 사실상 아무런 역할 없이 대기하라는 의미인지 의문이 듭니다 ||| 나도 3년전 귀촌해서 천안에 정착해 살고 있다만 충남도의회 정당 비율이 기가 막히더라. 윤모지리 탄핵도 공개적으로 반대했던 간 큰 놈들인 데 대전시장, 세종시장 놈들이 다 국짐놈들이고 도의회 정당 비율은 국짐 36석, 민주 12석으로 3배나 더 많은 국짐놈들의 판이더라. 일제에 항거한 독립 열사들을 기리는 목천 독립기념관장놈도 윤모지리가 임명해 놓았는데 그놈의 진상 짓거리가 정말이지 이가 갈리게 만드는데도 아직도 이 자리를 차지하고 있네? 대체 충남도민들은 무슨 생각들을 하며 사시는 거냐? 어떻게 저런 친일 매국노집단이 다수를 차지하도록 지자체장과 도의원들을 뽑아 준거냐? 목천 독립기념관에 기림을 받는 열사들이 통탄 하실 일이다. ||| 다방면에서 박식하다는것 이 너무 믿음직하군요..솔직히 저런분 들이 일하는 공무원들은 무척 힘들것 같긴 하네요 그럼에도 알고 있을겁니다..이렇게 하는 것이 라는 것을... ||| 웅얼웅얼 하나도 못알아듣겠네 저사람 ? ||| 위대한 국민들의 이재명 천재명 경재명대통령님 영원히 살고싶습니다 희망의나라로 기대하며 대통령님과 함께 가겠습니다 더욱 더 건강하세요 찐사랑합니다~",0
PsaAM9g5hLI,국민의힘 때문에 핵잠수함 지연될수도?...우려가 현실이 됐다...무슨 ?,"❤17년 동안 의 팩트TV를 위해 후원회원이 되어주십시오. 정기후원 가입 ARS - 1877-0411, 인터넷신청 https://goo.gl/1OjzfE ||| 매국당 을 해체시켜야된다 대한민국에 암덩어리다 ||| 대한민국이 일본보다 잘 사는걸 본 인간들 ||| 민주당, 법무부는 매국당 국힘 해산 을 진행해라!!!! ||| 국힘해체가 . ||| 이쯤되면 사이비 단체 아닐까요 ~ ||| 내란 종식에 1분 1초가 아까움 모든것을 올인해야 함 전국민도 나서야 합니다 내일 국회의사당역 5번 출구 새벽 5시 촛불 국민이 끝까지 나서야 합니다 ||| 국힘이야말로 진짜 반국가세력 같다 국익이 달린 문제에 현실적으로 불가능한일을 물고 늘어져 ||| 돈 내야할텐데 ||| 짐 짐 , 국민의 짐 ||| 국짐당 ! ||| 국짐은,,, 이순신 장군이 군함 만든다고 해도 반대 할거다,, ||| 대한민국에 1도 도움안되는 국짐당. . 징글징글 합니다. ||| 국힘내란당 빨리 나와야 나라가 바로섭니다. 극우당!!! ||| 국힘에서 핵잠수함 사업을 방해하기 위해 일부러 그러는 일일 수도 있습니다. 언론을 통해 알려야해요 ||| 또 누가 이 발목잡나? ||| 진짜 이번에 국짐 좀 줘 ||| 이건머 극우도 아니구만. . 반국가 단체 ||| 이정도면 국가 반역죄로 다스려야죠 !!!! 내란동조 는 국가 대사업 방해하는 국가 반역 행위입니다. ||| 그러면 어떻게든 반대하겠지..국민의힘 자국엔 핵잠이 없는데...한국이 갖는다니 배아파서 반대하고 지연시키겠지... ||| 하루빨리 해산만이 국익이다. . 어떤 개혁도 국힘 해산 없이는 어렵다고 봅니다. ||| # 위헌정당 해산시켜 ||| 내란당 신속하게 하고 민주당은 뭐하는건가? ||| 진짜 나라에 1도도움안되는 국짐...진짜 ㅠㅠ ||| 국민의 짐이 아니라 내 적이다!!! ||| 아베 집권하면 일본에 숙이고 들어가는거 여러 번 봤다. 아직도 부족하냐. ||| 국익보다 사익 추구하는 집단 국짐 ||| 쟤들 빨리 해산시켜라 국익에 도움이 된다면 국짐이다 ||| 부국강병을 추진 하는데, 또 일일히 정부의 발목을 잡힌 국짐당은 해산이 정답이다. 지난 정권 시 민주당이 국회에서 견제하지 않았다면 지금 나라가 어찌 된다고 생각하는 가? ||| 친일하는 거 아닙니까 ||| 국힘은 남이 막아야하니 지네들 해야하고 남이 하면 안됨 ||| 국힘 내란당은 해체해라 그게 나라를 살리는 다 ||| 매국노 당 해체 해야 합니다. 일본의 생각을 한국에 이식 하려는 시도 반드시 실패 부숴야 한국의 미래가 밝습니다. ||| 일본을 찬양하는 내란당이 일본을 넘어서는 대한민국을 좋아할 리가 그 안에서 방해 작업하는 데 어떻게 발전을 하나... 매국당을 최대한 빨리 처단하기 위해서는 검찰 사법부 개혁이 먼저 이뤄져야 합니다. ||| 보수와 국민의 자존심 문제네 ||| 이대통령님이 성과 내는것을 싫어서 국익이리도 반대하는 이유 ||| 우리나라 절대 핵무장을 하지 않을것이다~~!!!! 절대절대절대 절~대로 핵무장을 하지 않을것이 확실하다..... 우리나라는 핵무기를 보유하지 않을것을 확실하게 전 정치권이 모두 합심하여 핵무장 을 주창해야 한다.... 일단 그렇게 하자 ||| 왜 현실을 외면하는중인가..? 국짐은 경상도가있는한 절대로 안없어진다 ||| 그냥 그냥 갑시다 도움안됀다 빨리 해체합시다 진짜로 나라가 망하길 바란다 ||| 역시 박식하신 분",0
sFjYoFrizM4,- 나경원 면전 샤우팅 박은정 “법사위 나가!”,"❤17년 동안 변함없는 팩트TV를 위해 후원회원이 되어주십시오. 정기후원 가입 ARS - 1877-0411, 홈페이지 https://goo.gl/1OjzfE ||| 아 속이 시원하네요 ||| 제발 쫓아내세요! ||| 와~~~핵사이다!!속이시원하다~~박은정 의원님!!항상 화이팅 ||| 팩트로 한방 패는 박은정의원님 진짜 시원시원 합니다 ||| 니 폰 까보면 들통 나빠루 나가라 박은정 의원님 화이팅 하세요 ||| 벌금형 범죄자들~~ 그 자리 를 지키는지 보자~~ ||| 나가라~~~나 빠 ~ ||| 아진짜 나경원 낯짝좀 안봤으면 제발 새해에는 저 여자 좀 안보게 해주세요 ||| 국힘 짱 박은정 짱•~~~ ||| 박은정의원님~ 속이 확 뚫리네요. ||| 박읁닝의윈님최고 ||| 박의원님 목소리는 귀에 팍팍 꽂히는 목소리 인듯 ||| 박은정의원님! 응원합니다! 의원님이 알게모르게 상처받지 않기를 바랍니다 ! ||| 대한민국에없어져할국회의윈은? 나경원 ||| 역시 ! ||| 제 버릇을 개도 안가져가서 못주는 국힘당인데.. 우리 국민들 제발 제정신 차리고 이 사람들 이제는 제발 그만봅시다ㅠㅠ ||| 나경원도빨리수사해야됨 ||| . ||| 우리 박은정의원 화이팅! ||| 빠루빠루 추경호는당연구속해야한다 ||| 빨리 치워라 ||| 아니 법사위와서 아주 개판이야 ||| 나경원은. 정치를. . ||| 진짜 너무 귀여워 ||| 박은정의원의 ‘ 시원 ,통쾌 ||| 박은정의원님 똑 소리나네요 . ||| 박은정 . ||| 나 뭐하나? 나경원같은거 안잡아가고!!! ||| 박은정 . ||| 박은정의워님속시원합니ㅏ다 ||| 창피하다 중진의원이라는인간이 벌금형받고 뻔뻔하게 저렇게하고있네 박은정의원님이 참 속시원하다 ||| 박은정의원 . ||| 박은정의원님 ! ||| 박은정 의원 공부 잘한다 ||| 박은정의원님 샤우팅 응원합니다 속이다 . ||| 아니 나경원오고부터 미치겠다 ||| 아 꺼져 ||| # 박은정의원님 응원합니다 ||| 나경원은 반드시 ! ||| 박은정 목소리 개멋짐♡♡♡ ||| 박은정 의원님 최고 ~~!!시원한공격이십니다 ~~!! 더 빠른 공격 을 폭격......화이팅!!! ||| 국회 법사위원장은 박은정 ||| 박은정의원을 보면 조국혁신당같은 날카롭고 , 유연성있고 확실한 내편같은 우리편을 보 이유다...! 그래서 민주진보진영 중에 극단적 갈라치기하는 것들을 내란당 못지않게 혐오한다... ||| 나경원이랑 추경호는 이미 다 알고 있었다 저 것들은 반드시 구속되야 한다 내란당은 정당해산 천벌 받을 것이다 ||| 언제나 국민 박은정 의원!",0
xupyh9X2csE,"""이런 정치인들은 다 날려야""...혼자서 국힘 다 제압하는 서영교","❤17년 동안 변함없는 팩트TV를 위한 후원회원이 되어주십시오. 정기후원 : ARS ☎ 1877-0411, 인터넷신청 https://goo.gl/1OjzfE ||| 2026년에는 제발 이런 무리들 안보고 싶어요! ||| 정말 미친 나경원 ||| 의정활동의 목적이 국회 의 ||| 조배숙, 이은재, 곽규택 얼굴이 비슷해... ㅋㅋ 이래서 는 관상이 중요하다. ||| 서영교의원님, 항상 응원합니다. 곽규택이 같은 애들하고 말섞지마세요 ||| 나빠루~특검 특검 언제하나? ||| # 서장군님❤ ||| 나경원은 의원 이다 저런것이 판사출신이라니 대한민국 교육체계도 바꿔야할듯 곽규택은 검사출신이란다 ||| 일단 목소리부터 승 쩌렁쩌렁 내란당 하면 마이크가 필요없습니다. ||| 문재인 내란당 해채하라 ||| 다음 엔 꼭 서영교의원님으로 되었으면 합니다!! 너무 든든하신분!! ❤❤ ||| 국짐. . ||| 서영교의원님응원합니다 ||| 남편이 법원장? 품격이라곤 다 줘버린듯 ||| 나경원은 입다물라 ! ||| 나경원 ! ||| 내란 일년이 지난 지금도 내란은 진행중이고 그 내란범은 국짐다 46인 권성동 권영세 나경원 김기현 윤한홍 오세훈 김진태 박형준 성일동 정진석 곽규택 송석준 신동욱 송언석 장동혁 조은희 주진우 곽규택 김영선 이철규 김문수등 내란범들을 법정 최고형으로 사회와 완전히 격리 시켜서 내란을 하루속히 끝내야 나라도 도 행복 할 수 있 ||| 국힘 은 언제하는거야 도대체 어휴 고구마 진짜 이젠 민주당도 짜증난다 ||| 아 진짜 국민 세금 없어지나 세금 아까워죽겠어 나 국힘만보면 세금내기싫어 ||| 나경원 시다바리 곽규택한테 조용해 이사람아 란 말은 너무 예의를 갖추셨어요 . ||| 곽규택이 저건 빠루 바라기냐 ? ||| 빠루상 ! ||| 나경원은 ? ||| 말도못해 기분 나빠루 ||| 곽규택은 국민들도 다 무시하니까 의원님 화이팅입니다 ||| 이게 답이다 ||| 꽉규택은 계속 반말할 듯 ||| 아 저물건좀 치워주면좋겠다",0
nz-r-LeWzww,"‘쿠팡사태 긴급 행동요령’...최민희, 질의 답변에 “즉시 하세요!”","희대의 악덕기업임을 오래전부터 수없이 증거해왔으나 , 무관심이 이런 피해를 불러일으킴 ||| 그 카드를 다른 싸이트에서도 사용하기에 카드를 새로 발급 받아야 합니다 ||| 난 . ||| 매불쇼에도 나오셨던 분 ||| 비번 잊어버렷는데 ㅠㅠ 넘 힘듭니다~~간편 탈퇴 정부에 부탁드립니다 ||| 정경 유착으로 급 한 쿠팡은 없어져야 합니다... ||| 최민희 . ||| 최민희위원장님은 열심히 일하시는분이다",0
OoWMJB1_USw,"김병기 가 웃더니 “728조 지켜냈다!”...국힘 ‘전액삭감’ 와르르, 왜?","❤17년 동안 변함없는 팩트TV를 위해 힘 되어주십시오. 정기후원 가입 ARS ☎ 1877-0411, ARS https://goo.gl/1OjzfE ||| 내란전담재판부 빨리 ! ||| 이거 빨리 설치해라 ||| 이거는 ? ||| 우리 민주당 의원들 모두 는 내란이 종식 할 때 까지 최선을 다해 주시기 바랍니다. 화이팅 입니다. ||| 잘하셨네요 . ||| 병기 최고 제일 최고 ||| 민주당 화이팅입니다 ||| 오늘 수고많이 하셨네요 ||| 제발 딴짓 그만 해요! 국민들 다 지켜보고 있어요 ||| 지들 코가 석 자라고 민주당 걔네들이 뭐라하든 둘 다 거부권 행사한다고 어제까지만해도 내란당에서 생지랄하더니 왜 갑자기 태세를 바꿔 대체 또 뭘 뒷거래한거냐. 내란재판부 는 양보 절대로 안된다. ||| 국짐 현수막 이재명 예산 전액삭감 현수막 허위사실로 고발 ! ||| 굿 ||| 국힘이 그냥 . ||| 대체 뭘 줬으려나? ||| 김병기의원 . ||| 너무 많아서 오마이뉴스나 검증된곳만 보고 믿어야될듯요 김병기의원님 잘하셨습니다 ||| 그렇지 ! 김병기 잘 하고 있다. 응원한다. 또 한 사람인 나, 김병기를 향한 나. 이런 나를 실망시키지 않기를 바라면서 응원한다. ||| 뒷거래가 있다면 좀 있다가 드려나겠지 지켜보마 . ||| 의석수 과반이 넘는데 뭘 지켜 ? 그냥 하면되지. 과반 의석수 괜히 밀어 줬겠냐? 사사건건 협작질 하려고 수작 부리는데 언제간 들통 날거야. 이낙연이 . ||| 이상해~~~ 내란당이 저렇게 순순히 합의하는 것이... 내란당이 무언가를 크게 받지 않고서야... . 내일이 내란절인데 내란당은 아직도 건재하네... ||| 병기야 아들 숭실대 입학 비리나 해명해라 이미 청문회 다 나왔다며 사실이면 그자리에서 내려와라 ||| 여야합의? 이상한 거래 한거 아니것지..예를 들면 국회 해산안한다고 했다던가..등등 ||| 아 해깔리네...김병기 원내대표님 자꾸 의심가는 일들이 생겨요...가짜뉴스인지 진짜인지..정확히좀 해주세요..여하튼 수고하셨고 마무리 잘하셨습니다 ||| 김병기가 뭘 합의 했다하면 의심부터 드네 정체 들통나서 민주당 내 살아 남으려면 긴 세월이 필요 그만큼 당신 잘못아 커 ||| 김병기라면 충분히 알고 있지. 팩트티비는 김병기 차남건 보도 안하는거보니..기대가 없다. ||| # 최종병기~ 뒷거래는 없었고 ? ||| 웃지말고 해라 화 .",0
BEdg2s6UxKA,"나경원 ‘꼼수’ 잡아낸 우원식 , 이런 짓까지","❤17년 동안 변함없는 팩트TV를 위해 후원회원이 되어주십시오. 정기후원 가입 ARS ☎ ARS 인터넷신청 ARS ||| 가지가지한다 는 정당이라니.. ||| 최후의 선택 ||| 엥간히 엥엥 ? ||| 저 추잡하고 뻔뻔한 여자 제발 좀 감방 좀 보내주세요 ||| 최악의 발악을 한 나 ||| 빨리 물러나시오 ||| 국회법위반해도 기분 나빠루 감방 안갛잖아 국회법 무시해도 돼 ||| 국힘당 의원님들 지금 모습입니다 나경원의원님 물러나시오 ||| 경원아 국회가 니꺼야 참! 한심하다 국짐당 해체가답이다 내란당 하루라도 빨리 해체하라 국민들의 명령 ||| 우의장님 57년 나의원 63년 에 우의장님한테 내가? 라하는데 너무 싸가지없는 행동 아닌가? 나의원 진짜로 감방보내면 안되요 ||| 아 완전. 대책없다.. 무선마이크라.. ||| 하다하다 별짓을 다하는 나경원의원님 하락한 인간 나경원의원님 ! ||| 먼일인지몰것네.. 나경원이 야 ||| 좀 더 나이도 한두살도 아니고 의원 하지마라 ||| 좀 부끄럽지도 않나~ ||| 당 (당명) ||| 저 내란범 여자의 면상팎과 혀놀림을 더이상 듣고 싶지 다 은 연장, 내란특별재판부로 내란에 가담한 자들을 처벌하지 않으면 국민들의 역풍을 맞을 것 ||| 나경원 빠루 국회법 개정 ||| 나경원 사퇴 합니다 ||| # 징글징글허다 ||| 그 동조들 하루빨리 처벌을 바랍니다 ||| 에너지가 대단하네;; 하루종일 . ||| 모든 법을 다 뒤져서라도 반드시 처벌 받게 해야 한다. ||| 내란당 재산몰수하고 평생 정치질 못하게 합시다 ||| 나경원도참 ㅋㅋㅋ대단하다 ㅋㅋ 국회의원짤려서 연임못해서 ㅋㅋ 들러붙더니 ㅋㅋ 영영못하겟네 앞으로",0
VumUIeWHCNY,나경원도 통일교에 연루?...정보 를 푸는 박지원,나빠루는 . ||| 나빠루는 도대체 갈 곳이 어디요? ||| 나경원이 요즘 사방에 과하게 나대는 건 지범죄 숨기려는 걸로 보이긴 하더라. ||| 남편이 판사라서. 밝혀지지 않 연루된 게 이것뿐일까? ||| 박지원님 너무 열심히 일하시니 걱정입니다 ..건강 주의하세요~~ ||| 나베 안 할게 없어,0
ziHmZSX0zo8,사상 최악의 # 윤한홍 #윤한홍 #배신자 #윤석열,"곳곳에 길이 너무만다. 참담하다. ||| 한놈 ! ||| . ||| 윤한홍 제명 하라 . ||| 여려분 ㅠ 국힘 당원 가입부탁드립니다ㅠ 그나마 보수당이 해체되게생겼습니다..매월 에 큰 영향력을 끼칠수있습니다. 무엇보다 이번에 계엄 사과한 사람들을 다시 자정하는데에 큰 도움이됩니다ㅠ한동훈 당게조사도 더 압력해야해고ㅠ여러분 영향력을 끼쳐주세요...저도 몰랐는데 이번에 국힘 사과하는 의원들보고 일단 국힘부터 지켜야겠단 생각이들었습니다ㅠㅠ(사과는 국힘 해체의 빌미가될수있음)당장 국힘이 미워도.. 내란핑계로 해체되면 1당체제나 다름없습니다ㅠ ||| 윤한홍을제명시켜라.반사다윤씨한테 ||| 국민의힘엔 어찌 배신자,반역자들이 송충이 고 끔틀거리냐? 반역자 다쳐내고 진정 나라 위하는의원끼리 뭉치자. ||| 배신자들은 즉각 제명해야 한다. ||| 자신 스스로 주뎅이와 배신의 자유를 선택하는데 무엇을 어떻게? 표로 할 수 밖에... 근데 사과에는 최소한 사퇴 정도의 가 따라야 하잖나? 권력맛에 배부른 자들의 위선잔치에 불과한 것. ||| 어떻게 이렇게까지변할수있나요 기가막힌입니다 ||| 사악한자 간에 는 쓸개에 붙었다 ||| 이참에 저런 거 솎아내야 한다 ||| 윤한홍 . ||| 한홍이가 맛이갔네 ㅎ 한참갔네 ㅎ . ㅎ ||| # 적극적으로 찍어내리자 ||| ❤계엄령 ? 뭔 피해가 있다는거지? ||| 철저한 다이어트 ||| 진짜 울화통 ! 윤석열대통령님은 영웅입니다!! ||| 윤한홍은 간신배노릇하다가 갑자기 용도폐기하면서 배신자에 앞장서네 정말 싫다 ||| 윤한홍, 모든 기회주의자를 처결하라 ||| 진짜 나쁜 쌔 ! ! ||| . ||| 윤한홍 이런놈이 당장 제명시키고 긴급체포 하라 ||| 야 윤한홍 탈당해라 ||| 존나 화난다 ||| . ||| 배신자 한동훈 . ||| 아 진짜 똥만들었나보다 윤한영이 누구한테 잘보이려고 그럴까~? ||| 아웃 아웃 ||| 정말 좋은기회다. 누가 누군지 확실히 밝혀졌으니 이것들만 모조리 정리하고 가면 된다. ||| 우리 대통령의 고난! 더 이상 은 안됩니다! 우리가 지켜냅시다!!! ||| 꼭 기억 하겠습니다. ||| 이번에 적폐 청산했야한다 윤대통령이 자신을 위해 개업했냐 ||| 내 심장이 있나 ||| 진짜 인간은 믿으면안돼. 배신하는거를 너무쉽게 본 한심한 인간 ||| 3권등 여기 고 저기붙었다 몸사리기 바쁜사람들은 그냥 뒤로 퇴진하시길 ||| 인간적인것은 왜 총선을이긴다음이아닐까요 ||| 생각은 다를수있다 지만 지금와서 뒤통수를 친다고 이런 소리 하니 계속 어지러운 나라 꼴 이다. 빨리 보내세요 ||| 진짜 나쁜놈이네 이놈은 꼭기억해야될놈 ||| 이재명정부 지지 않겠다는 거네요?ㅠㅠ ||| 윤한홍. 국회의원 미처돌아가는 국회의원 퇴출시켜야한다 ||| 어쩜 저럴까....윤통은 너무 외로웠겠다... ||| 우리 모두 이참에 우리가 절연합시다 ||| 윤한홍 어찌그런말을할까 ? ||| 이 사람아 ||| 그놈 을 독하게 배신하네 ||| 현재 국민의힘 인적구조상 배신의 지존 한동훈 단죄가 가까워질수록 저런 놈은 자꾸 나오게 되어 서 ||| 경상도출신 의원들 주축으로 윤석열대통령이를 버리라고 압박하고 있다,,,,윤석열 대 초기 윤핵관,,,찐핵관,,,하면서 온갖 혜택은 다 받고 끌 빨아 먹다가 이젠 더이상 먹을것이 없다고 내년 지선의 를 위해 장동혁이를 압박하고 있다,,,진짜 , ||| 정치인중에 이렇게 먼지하나 없는 처음 봅니다",1
rXEc-99jkws,월급뻬고 다 올랐는데 안정된 느낌,"온갖 거짓말을 덮는 이넘의 정권을 어찌할꼬~~ ||| 계념없고 더러운 죄명이가 뭘알겠나요 지배부르니 헛소리지껄이고있네요 지배만불리는 짓만합니다 ||| 입벌구! ! ||| 이재명은 엄청속이고 있고. 언론이 ᆢ침묵한다 ᆢ거짖언론입니다!! 언론은 . 이재명은있으나!마나! ||| 색깔 있는 정치다.국민을 우습게 보고있다. ||| 아우ㆍ ! ||| 입만열면 거짓말이 나온다 ||| 김혜경이 장을 직접 안보니 물가가 안정적이다 더니 직접한번 나가 면 공짜만 먹고 법카도 맘대로 쓰다보니 저따위 소리 하지요 ||| 어디 가기가 겁니요 ||| 윤석열 정권때 주유소 경 유값 최하인 경우1313원 이고 현재 경유 리터당 최 인 경우는 1.618원 입 니다. 모든 국민 상승하 고있는 물가에 분노 합니다 ||| 그조차 왜 없었는지 검증 필요 ||| ㅎㅎㅎ ||| . ||| 국제 원유는 1/3정도 내렸는데 , 휴발유는 1700-1800원으로 오름 ||| 그 죄명이. 생각이지 ||| 아 너 때문에 기업들이 문닫고 떠나고 있는데 에라잇 ||| 그놈이 물가 안정에 알수가없지. 국민세금으로 . ||| 아무리 이지경이되도 국민들은. 가만히 있다. ||| . ||| 이재명의 트윗 못말려 ||| 그가말하는것에반대로 . ||| 시진핑 & 리짜이밍 => Made in China 중국공산당에 쎄쎄 ||| 이제라도 정부와 함께 정신차려라 ||| 물세는 한여름보다 훨씬 더나옴 ||| 고박사님 항상 고마워요 ❤❤❤ ||| 물가 넘 올랐는데 뭔 헛소리?!",1
S6229Yr4wAg,"다시 한 목소리, 김현지를 밝혀라",김현지의 정체를 ? ||| 김현지 100% 특검하라. 특검 함께 .특검하라 ||| 부정선거로 선관위조작으로 사전투표를 … ||| 김현지 》》》최순실 김현지를 ? ||| 김현지 기자 ||| 김현지 꼭 정체를 밝혀야지요 말이되요 대통령이 왜 인지 모르겠다 저 여자가 도대체 뭐냐 ||| 김현지가 . ||| 맞습니다 ||| 밝혀라 ||| 한동훈 무리들도 . ||| 당당하면 나와 . 꼴리나 정우성아 한번 질러 김현지 나와 해봐 ||| # 거부운동합시다 ||| 김현지가 . ||| 충남에서도김현지도모든것을말하라밝혀라,1
o29wXvxgZp8,"[오늘 의 뉴스] 대노한 尹 ""그걸 핑계라고"" 폭탄증언 … 법정 발칵 (2025.12.10/MBC뉴스)","기가찬다 . 이딴게 내란 재판이라니 ||| 지귀연은 이 사건의 충격 아예 못 느끼고 있다 ||| 아직도일심중 미친나라네 삼심까지 간다 ||| 아 나 진짜 자격없다 특판 꼭 가자 ||| 판사와 재판장 권위 떨어진다. 중간에서 중재를 제대로 못하고있네. 판사인지.. 그냥 변호사 화내는거 말리는사람인지 ||| 지귀연이 판사 맞냐 ? 재판을 웃으면서 하는꼴이 똑같은것들 ||| 지귀연아 아무때나 변호사가 나와서 하는게 뭐냐? 적당히 해라. 판사 자격이 없네. ||| 이따위로 하니까 내란재판부를 만들라 . ||| 요즘 왜 변호사 기분 맞춰주면서 재판하냐? ㅋㅋㅋㅋㅋ ||| 지귀연은 공부 하고있는게 아니라 사회를 보고 있다! 한심 하다! ||| 판사는. 정의로운. 판단력과. 근엄함이 잇어야 함을. 시장잡배도 아니고. 판사 변호인 감정 상할까봐. 고생한다 ||| 야이 지귀연 판사~~~ 지금 이걸 재판이라고 하고 있냐 이 ~~~~ 욕도 아깝다 . 이게 뭐야 이거~~~ ||| 지귀연아 진짜 열터통진다 변호사들이 판사 개무시하구먼 판사가 단호하게 재판을 안하니 내란공범 변호사들이 난장판만들고 있는거지 ||| 시장통도 아니고, 변호사들 수준 참 고 허락하지도 않은 발언에 제지도 주지 않고...참 대단한 재판이다 ||| 변호사협회에 모두 들 저런것들이 변호하라고 활동하나 ??? ||| 분명히 가운데 판사님의 치명적인 잘못 가지고있는게 분명합니다 그렇지 않고서야 재판이 저따위 일리가 없습니다 ||| 하... 작작들해라 이게 뭐냐이게 판사 별거없구나... ||| 내란 수사 시급하다 ||| 이하상변호사 아직도 감치 중 ||| 내란동조 지귀연 . ||| 일주일이면 끝날재판을 몇달째.. 국회에.헬기.띄운거 다 사형이다 ||| 이건 번호사 호소인이 트집잡고 훼방놓는것으로 밖에 안 보인다 ||| 내란전담재판부 진짜 다시 만들어야 한다!!!!윤변호사들 진짜 쓰레기네요!!!지귀연 감사은 무순??토를 단다??진짜 양심 도 판사로써의 책임감은 있는건가?? 국민들이 다 지켜보고 있는데 무슨짓거리인지!!!! ||| 아 저 조희대 꼭두각시 지귀연... ||| 이게 재판 이냐? 내란특별재판부 설치 ? ||| 판사가 왜저리 변호사 비위 맞춰주고 잇는걸로 보이지???? 단호하게 끊고 넘어갈 자리인데 .... ||| 분명해진 건, 저 증언으로 윤석열이는 죽을 수밖에 없다는 거....김용현이도 죽어야될지 어떨지는 아마 의 증언에 의해 결판날 듯. ||| 요즘은 이의 제기 도 안하고 그냥 재판장한테 명령조로 얘기 하면 되는 구나 이럴려고 판사 됐냐 ||| 재판같지 않은 재판 스트레스가 쌓인다 전담 특검 으로 수괴랑 그 부역자들 단죄하고 숨어있는 놈들도 특검 연장해서 발본색원 해야 나라가산다! ||| 아니 ᆢ심문중에 절케 빨리 강력제지해야되는데 ᆢㅉ ㅉ 지귀연재판은 참 대환장파티네 ||| 내란 재판 맞아? 내란전담재판부 폐지 해야함. ||| ""반대 심문할 땐 공격을 하세요~""가 아니라 ""지금 계속 해서 반대 심문 중에 끼어들면 반대 심문 기회를 박탈하겠습니다."" 해야지... 오늘도 화기애애...레크레이션 강사 맞네.. 맞아.. ||| 변호사들 막 설치게 저렇게 놔 둔다고? 이의 있습니다도 안하고 막 껴드는데, 왜 안하네.. ||| 1심... 한 10년 걸리겠구먼. 변호인들이 괜히 트집 잡아 시간만 끄는데, 재판장이란 자가 왜 이렇게 재판을 운용하니? ||| 지귀현 이하상 환상의 콜라보.. 대한민국 사법부의 역사에 길이 남을 작품 ||| 판사가 변호사를 설득하고 있다. 개난장이네. 이게 답이다!! ||| 피고인 또는 피고인변호사들이 화내고 는 요상한 재판이다 ||| 저 변호인단 실체는 이미 다 아는데 눈 띄는 게 특검이라고 나온 것들이 하나같이 무능함의 극치 보여주는 것 같네. ||| 하상아~니가 제일잘하는게 유도질문이잖아~니는 니를 좋아해 ||| 진짜 저질이네....수준 이하...진행이 엉망개판.. ||| 내란이 전국에 확산 되었는데.....이게 뭐하는 짓인가요? 뭐기 이리 복잡해요? 절절매네요 ||| 1심에 기대하는 바가 없어 쇼하는걸 어떻게 봐야하냐 ||| 내란범의 변호사들에게 끌려다니는 이런 은 처음본다. ||| 시골장터도 하 재판 꼬라지 참... ||| 판사가 이상하다, 변호사들이 의도적으로 깽판칠려고 하는데 이걸 제지를 못해서 미친 재판이다. ||| 왜 발언권도 없이 변호사가 증인 심문에 뛰어들고 판사가 와서 쩔쩔매며 사정하고 이렇게 재판함? 재판이 그냥 화풀이 받아주는 감정 쓰레기통이었구나 처음 알았네 ||| 더이상 이런재판 못보겠다 . 내란재판부 안만들면 밖으로 뛰쳐나간다 ||| 이런 재판 은 20년 동안 첨봄... 이게 돗대기 시장인지 재판장인지 ||| 재판 똑바로 못 하면 옇불 터져서 다신 못 봐주겠네 . 저 변호사도 빨리 감방 판사도 ... ||| 재판정이야 시장 난장판이야 아이들 뭐 하는거야 ||| 판사는 뭔가 특별한줄 알았는데 보통사람수준도 안되는구나 이런수준사람한테 판사 맡기다니 ||| 증인이 한 ""핑게""라는 말을 근거로 물어 본건데 무슨 유도심문? ||| 아 ~ 판사를 개무시하넹 ||| 아 개판이구나 ||| 무슨 변호사가 중간중간에 ? ||| 내란재판이 아니라 가족오락관일세 . ||| 증인이 증언을 하는데 왜 판사와 변호사가 그 증언을 가지고 이건 이렇고 저건 저렇고 라고 말 하는가! 분명 증인은 그렇게 이야기 하지 않았는가! 분명 ""윤석열이 두번 세번 하면 된다고 이야기 한 적 있냐"" 증인에게 특검이 그 증인은 내 제 기억에 있습니다! 라고 이야기 했잖아! 뭐가 선입견이고 뭐가 사후 기억인가? ||| 대학생 모의 시험 이렇겐 안하겠다 ||| 그냥 참 . 하찮타 . ||| 이쯤되니 지귀연도 저재판에서 빠지는걸 원랄것같다 무슨 약점이 있길래 이렇게 쩔쩔맬까 ||| 판사라는게 변호사 지껄이는 거 통제를 해야지 저게 무슨 판사라는 건지.. 판사를 얼마나 우습게 알면 변호사라는 것들이 내 마음 에 판사 말 안들으면 귓싸대기 날려버리고 싶은 마음이 꿀떡같네.. ||| 법정이 도때기 시장같은데...법정 드라마는 현실과 다르게 만드는거 아닌가요 ||| 지귀연 반드시 수사해서 탈탈 털어봐야 한다. 적폐 1호 대상이다. ||| 지귀연이 시간끄는 이유도 가지가지다 지들끼리 시간 끄는 거 조율 했나 ||| 지금 어디 가셨나요? ㅠㅠ ||| 지귀여니.. 진짜 판사 판사면 파리도 새지... 이게 재판이냐 개판이지.. 언제까지 할거여..도대체 ~~~~~ ||| 니가 대노??? ? 오래오래오래 있으면서 대노해라!! ||| 오락부장 지귀연 ..재판이 . ....헛 웃음만 나온다.... ||| 재판장이 모지리니. 재판이 저 모양이지. 술게임이나 . ||| 궤변 내란 찌꺼기 변호사들 재판 이 목적임이 분명해 보인다. ||| 판사인지 . ||| 이렇게 시간을. 끄니깐 욕먹는건지 잘 모르나보네 ||| 아~~~~~~~~~~~~~~~ 짜 증 난 증 ||| 불법계엄 전후로 민주당 의원들이 경고하고 행동했던게 결국 다 맞았던거네... . 그냥 개작두 치는 수밖에 없겠다... ||| 재판장이냐? ? ||| 두 변호사는 서로 감치하노 ||| 이게 재판장이냐 토크쇼하냐 판사 말하는 거 기억할수없고 변호사한테 다음번 공격하세요? 기가막히네 ||| 재판이냐 ? 개판이냐??? 이판 사판 공사판이냐??? 엠뱅들 하고 있다. ||| 내란범수괴 따위에게 대노란 건 조금 없어보여도 ᆢ 개빡침이 맞습니다 ||| . ||| 불리한 증언 나오니까 거품 물고 입틀막하는 변호사들 , 지귀연 조차도 반대하는 억지로 부들부들 ||| 박근혜때는 판사가 국민혼란을 피하기위해 휴가도 반납하고 최우선으로 했 근데 지귀연은 싈꺼 다 쉬고 법을 왜곡 해서 내란우두머리를 석방 하고 재판진행을 행사진행자 처럼 하고있다 박근혜는 개인의 문제 이지만 윤석열은 역적질이다 . 경중이 차원이 달라 역사에 남을 재판이다.. 저렇게 진행을 하냐. 공부만 잘한다고 판검사 하면 안된다 지귀연은 반드시 내란우두머리 석방 시킨점은 문제 삼아야 한다 ||| 귀연이는 지금 삽질중이네 새벽에 폰은 왜 바꿨냐? ||| 재판장이 능력이 너무 부족합니다 ||| 지귀연 좀 봐 ||| 변호인은 제 질문할때 계속 태클을 거네요 변호인 감치 왜 안하나요 와~ 이런 변호인에게 질질 끌려 다니는 판사를 왜 하나요 ||| 공격을 하세요????? 게임이야?????? 제판장에서 할만한 단어 맞음????????? 변호를 변호사 라고 해야지..ㅡ . . 그리고, 변호사에게 판사법 배우려면... 로스쿨 다시가라....ㅋ ||| 정해진 발언 이 아니면 개입할 수 없고, 이를 어기면 경고나 퇴정 명령이 내려집니다. 지귀연 판사는 이런 상황에서도 계속 웃거나 만 하고 있음. 이를 악 이용해서 변호사 측에서 판사,검찰,증언석 발언 할 때 계속 개입하고 언성을 높이고 있음 ||| 사형선고 내려질 뻔한 윤석열의 표정, 빨리 보고싶어요. ||| 이게 냐 법원은 권력 이다 내란전담재판부 반대하는데 국민위에 군림하지마라. 내란수사 막고 동참함 내란판사들 특검해라!!!",0
MW_ZwWwVSOA,연예인 들 '줄나락'..난리난 사건들 모아보니 [뉴스.zip/MBC뉴스],"아직도 이런 연예인문제 터트려서 국민들을 개돼지로 만들려고하냐 현시대 국민들 지적수준은 결코 얕볼수준이 아니란다 ||| 이게 한꺼번에 다 터지는게? 그것도 관련도 없는 사람들까지 줄지어 엮어버리며 터지는게. ||| 물 은 그만...세상이 바뀌었어도 이 방법은 변하지 않네. ||| 급하긴 급한가보네~ ~ 연예인 잡는거 보니 ||| 법적 조치는 확실히 하시길 언론이 뒷배를 두고 죽인사람 임 ||| 왜 갑자기 연예인3명이 동시에 나와서 정치권에서 시선 돌릴려고 터뜨린거잖아 국민들을 그냥 바보로만 보네 요 ||| 쿠팡이냐.. 조희대냐.. 아니면 그놈이 그놈인가? 뭘 덮기 위해서 연예인들을 이용하나... 윤석열때는 불쌍한 이선균씨 죽이고 지디는 잡으려고 ? ||| 사법개혁이 시급하다 이게 안되니 다덮으네 요 ||| 연예인 사건 모았다가 한꺼번에 터뜨리는건 검찰 특기다. 내란 세력이 똥줄 탄다는 . ||| 조희대요시 입건 눈돌리기.. 법조계는 썩은방법을 계속 우려먹는구나 . 이시대에 사회악은 법조인들임이 하루하루 드러나는군요 ||| 쿠팡도 덮고 너도 덮고 연예인들이 동네 북인가 ||| 디스패치를 . ||| 조희대 . ||| 좀 더 도덕적이고, 양심적이여야하는 고위 공직자는 계속 재직할듯한데... ||| 하필 조희대 피의자 입건 되는 날, 전날, 오늘 동시다발로 터진건 너무 티나지 않음?????? ? 조진웅 사태는 그걸 기자가 어떻게 알게됨?? ||| 또 ~연예인죽이기하네 국민이 귀을 죽 돌이기하네 냄새가난다 ||| 연예계에 소리가 많이 들리면 뭐다? 일반 대중의 눈을 사고 싶은게 있다~ ||| 왜 이렇게 한 번에 ? 정말 이상하네~~~~~ ||| 기레기들 다 탈탈털어야한다! ||| 조희대, 쿠팡, 지귀연, 이하상, 나경원, 내란당 자 ~~ 조진웅 폭로 기사는 전 조선일보 기자 ~~~ ||| 언론은 특종을 노리고, 일반인은 이슈를 원한다. 다만, 케비넷에 올라온 이슈를 본인들이 다 흘린다는게 문제 아닌가? ||| 조희대는 사과했냐? 윤석열은 사과했냐?? 김기현은 사과 나경원은 사과했냐???????? ||| 제발 물타기좀 그만하자. ||| 대한민국은 여론 몰이해서 자살시키는건 전세계 최초 ||| 징벌적손해배상제 언제 국회 통과하는가요 연예인으로 물타기 고만해라 . ||| 조희대 입건이나 한 언론들아 ||| 언론플레이 ? ||| 쿠팡덮으려고 연예인 을 터뜨리네 국민들 더이상속지마셔요 ||| 검찰과 친한 기레기들 압수수색 300번 . 특히 SBS,YTN,KBS 기레기들 진짜 조리돌림 보도가 심함. 기레기들은 제2의 이선균 나오길 원하니? ||| 언론은 그만 해라 연예인 그만 죽이고 ||| 쿠팡이나 조희대를 덮을려고 연예인 기사 터뜨렸다는 의심을 하는데....아직도 그렇게 우습게 보이는가? ||| 그런데 갑자기 연예인 사건이 동시다발적으로 나온다고? 이상하죠? 그간 많이 이용해 먹은 방법이네요. ||| 쿠팡 임원으로 검새들이 많이 보인다 ||| 다 덮으려고 연애들을 쥐 잡듯이 잡고 있나???? ||| 뭐 잘잘못을 떠나 서 갑자기 뜬금없이 일제이 터져나오는걸까 국민이 언제나 속아준다고 생각하는게 정말 무시하는거지 ||| ㅎㅇㅂ 내부문건 ? ||| 문제를 일으키는 기레기만 처벌하지말고 그 기레기가 속해있는 기업도 양벌규정을 적용해서 같이 처벌해야 합니다 ||| 3사람 기사로 거의 도배가 됨 뭔가 이상함 ||| 관심 없고 쿠팡 단체소송에 대해 국민들이 신청하고 있는데 그거나 취재해봐라 ||| 정치 이슈로 덮는다 ||| 전과 쿠팡이 있다는 걸 강력히 의심할 수밖에 없다. 그 전과기록이 30년이 지난 후에 다시 디스패치라는 찌라시 매체에 의해 까발려진 것은 범죄다. 때마침 고발이 접수됐으니 경찰은 이상한 짓 하지 말고 철저히 수사해라! ||| ㅋㅋㅋ ㅋ 진짜 이런 연예인 사건은 좀 메이져 언론에서는 좀 다루지 말자 그냥 주간지 같은 그런 걸로 다루면 되지 이게 뭐 사회적으로 대단한 일이라고 난리들이냐 ||| 대법관 입건된거 존나 이슈인데 입꾹함 연예인이슈로 물흐리기 ||| 이쪽은 저쪽 의혹 덮으려 하고 저쪽은 이쪽 의혹 제기 한다. 라고 연예인 을 터뜨린다 하는데, 사실상 둘 다 맞다고 봄. ||| 시그널2나 끝나면 ? ||| *또다시 **_‘이슈로 이슈를 덮는’_** 익숙한 패턴이 반복되고 있다.* *특히 과거에 소신 있게 목소리를 냈던 연예인들이 타깃이 되는 모습을 보면,* *_국민들의 시선을 돌려 어떤 이슈를 덮으려는 것인지,_* *_불리한 국면을 전환하려는 것인지,_* *_결국 이렇게 해서 누가 이득을 보려는 건지는_* *이제 많은 사람들이 알고 있을 것이다.* *_지금 무엇이 정작 중요한 이슈인지, 정국의 핵심이 무엇인지_* *곰곰이 생각해 보면 그 의도는 어렵지 않게 보일 것이다.* *물론 이러한 시각을 지나친 음모론이라 비판하거나,* *정치적 편향이라며 폄훼하려는 시각도 있을 수 있다.* *하지만 군사적 긴장을 고조시키는 북한 관련 사건들,* *대형 산불, 건물 화재, 여객선 침몰, 연예인 스캔들 등은* *자신들에게 불리한 이슈가 불거질 때마다* *기이할 정도로 타이밍을 맞춰 등장해왔다.* *국민의 시선을 돌릴 수 있는 사건이 반복적으로 발생하는 이 패턴은* *단순한 우연이라 보기엔 횟수도 많고 시점도 절묘하다.* *이 때문에 **_‘이슈를 덮는 이슈’,_** 또는 **_‘이슈 위장’_** 전략이* *존재하는 것이 아닌지 의심하는 국민들이 늘어나고 있다.* *아직도 그들의 의도대로 휘둘리며 몰려다니는 ‘개·돼지’들이 적지 않지만,* *다행인 것은 오랜 학습의 결과로 인해,* *_눈에 보이는 현상을 그대로 믿지 않고,_* *_그 이면의 의도를 꿰뚫어보려는 시민들이 많아졌다는 점이다._* *_이슈 그 자체가 아니라, 그 이슈가 왜 지금 나왔는가를 질문하는_* *_통찰력 있는 시민들이 늘고 있다는 사실이 희망적이다._* *국민을 도구로 삼아 위기를 모면하려는 시도는* *어떠한 이유로도 정당화될 수 없다.* *우리는 이러한 흐름을 외면하지 말고,* *_비판적 시선과 정확한 기억력, 그리고 흔들리지 않는 판단력으로_* *정치 현실을 감시해야 할 시민의 책임을 다해야 한다.* ||| 쿠팡 줄 을 멈춰 세우기 위한 대 전략..ㅋㅋ ||| 쿠팡은 ? ㅋㅋ ||| 조희대 덮혀려고? 이 사건 부곽 시키나? ||| # 민주당 인 호남권 사람들만 타깃이되는 참 신기한 연예계 사건 반대로 상대진영 지지한쪽 출신은 단한번도 없는 특이점 ||| 쿠팡에 검새, 판새들 많이 가 있다며 니들 수법이 항상 똑같지. 왜 두 번 속냐. 연예인 들 잘못 있으면 꺼지라고 해. 알게뭐야. 쿠팡 니네 잘못이 이런걸로 덮여질 거란 생각 하지마라. 이런 기업은 끝까지 탈탈 털려야 한다. 조사나 제대로 받아. ||| 근데 이 사건이 터진 뒤 연예인 이슈가 따라 다녔음. 이번의 큰 이슈는 쿠팡 사태인데 도대체 몇명이나 터지는거냐. ||| 대체 연예인이 무슨 성직자냐?? 너무 유재석이랑 가까이 지내더니 본인이 성인군자인줄 아나보다 그냥 직업인이고 범죄 저질르지 않았는데 왜 하던 프로그램을 접어 그러면 는 게 어쩌라고. ||| 쿠팡 , 조희대 를 가리기 위해서 죄없는 연예인들 , 쓰레기같은 언론들",0
KBIcVRn97Sg,"""독도는.."" 다카이치 망언에 '이건 아냐' … 즉각 대응 #Shorts (MBC뉴스)","세종 은 대마도 영유권 주장을 하시오 ||| 아 나라지~~~ ||| 독도는 우리 영토 대마도도 우리 땅 ||| 대마도 여행즘 제발 다시 찾아오자 ||| 도발하면 수장을 시켜버려야~ ~ 대마도야 말로 우리것이지 ||| 대마도는 우리땅이다 대한민국에 귀속 시켜야한다 이미 입증되있다 ||| 격하게 응원합니다!!! ! 말하지 못하게 해주세요!!!! ||| 독도로 가지 말고 대마도는 한국땅이라 주장해야함 ||| 대마도는 한국 땅이라구 반환하기로 약속 아직 안해서 그래 ||| 도쿄가 한국땅이라는걸 알려줄 것 같네요.. ||| 진짜 였다면 단호한 대응에 참 다행이다,,,, ||| 대마도가 분쟁지역이지, 독도는 말할필요 . ||| 다케이치는 원래 한국땅이였단다? ||| 일본이 말하는 이 사실은 1905년 부터 일본이 일본땅이라고 선포한것을 말하는 모양인데 그 시기는 일본의 침략의 시기임. ||| 골갑한다 헛소리 하지마세요 ||| 이재명대통령은 대한민국의 희망이고 , ||| 항상 공걱받는 우리들. 대마도는. 한국땅. 이라고. 왜안해? 그리고. 미국. . 일본 한국은. ||| 미쳤네 ||| 일본의 웃음뒤에 뒤통수 는 이래서 일본은 적이다 ||| 윤석두 아직 그대로 있었으면, 다카이치한테 선물로 독도 갖다 . ||| 일본이 왜 독도로 눈길에 못오도록 대마도 영유권 주장 솔직히 대마도랑 부산이 너무 가까워서 전쟁시 너무 위험함.. 탈환해야함 ||| 잠실역 독도모형 에 가져다 놓으세요!!!!!!!!! ||| 아니 아무말 없죠 ||| 일본 도발 망언들이 지금보니 무기등 핵추진잠수함등을 가질 명분 으로 보인다 ||| 나빠루상 ! ||| 나라를 거덜낸 내란당 똑바로 은 독도는 대한민국 이다 ||| 문재인 대통령님 최고 입니다 ||| 이게 나라 실용주의다 제발 35% 대구ㆍ경북 정신좀 치립시다 ||| 일본을 주적으로 삼아야 대한민국이 산다 ||| 와 당영한 얘기를 했어요 ||| 나경원의 눈물 ||| 윤석열이었어봐 ? ||| 일본이 가진 두가지 숨은 속내가 있다 중일 간에 긴장을 일으켜 전쟁 모드로 몰고가서 미국의 함선들을 우리 나라에서 꼼짝 못하게 하려는 것이고 둘은 일본의 핵을 위한 다 ||| 대마도 ! ||| 역사적 이유로 대한민국 땅이라고 말해야지.재명 ||| 헛소리하는다케이치정말모가지칠일이다언젠가통일되는날그리고먼훗날통곡할일이생겨날것이다 ||| 그런 생각이 있으면 계속 일본 주고 독도 주고 제주도도 주고 다 줍시다. 대전은 아파트 많으니깐 아파트도 주고 ||| 독도는한국땅대마도도한국땅일본은지구상에서사라져라대한민국만세 ||| 이통 . 국제정치로볼때 ||| 역시 이재명 대통령님 이게 나라지 ? 대마도 소유권 주장 해야 한다. ||| 일본이 진짜 웃긴건? 제주도가 일본에서 독도보다 휠씬 배로 더 가까운데,구지 더 먼 독도를 탐내는 거 진짜 웃김! ||| . ||| 절대 누구처럼 눈치보고 끌려다니지 못한 자랑스런 대한민국 ||| 일본 미국 은 몰라도 독도는 본시 우리땅 재명이 무시하네ㅋ ||| 어느 댓글에 는 니뽄길거리에서 한반도를 두고 식민지배를 하면 어떤식으로 할것인지를 묻는 방송을 하였다고한다! 36년간 우리 한민족을 죽이고 모조리 약탈해간것도 부족해 다시 식민지배를 원한다는것이다. 절대 한반도를 포기한적이없다!상종할 족속이 아니다!",2
RFkuuGkygSQ,"조세호, 결국 자진 하차…폭로자 또 글 올려.. . / KBS","정치 이슈로 덮는다 ||| 근데 갑자기 연예인 기사가 쏟아지지... ||| 미디어들 또또 들 관심 돌리려고 헛짓걸한다 ||| 인생은 뭐가되었든 조심안하면 한방에 , 높을수록 떨어지면 끝임 ||| 궁금하다. 무엇을 덮으려고 그렇게 여론을 분산시키는 지....쿠팡인가? ||| 법적결과 나오는데 ? ㅋㅋ ||| 큰거 아니 연예인 찌라시 많이 푸네 ||| 왜 나락의 계절인가 ||| 자살은 두려워 마라 억울하면 끝까지 살아남아 밝혀내라 ||| ㅋㅋ 빵 터지네~ 덮으려는 일이 뭔지가 더 궁금하네~ ||| 국민을 얼마나 바보로 알길래. 이런걸 또써먹냐... 질린다., 미디어들아 쿠팡이냐 조희대냐 . 다른 걸 감추려는거냐 조희대 입건된거. 다알고있다 ||| . ||| 조세호..조진웅..시기 한번 더 ㅋㅍ아 ||| 뭘 덮으려고 조씨일가들 다 폭로하는거지? ||| 뭐든 과하면 꼭 화가 나요. 다들 나의 돈과 인맥을 자랑하고 싶어 . 나의 성공을 기뻐하는 사람은 가족 빼고 . 지금이라도 깨달았다면 신이 도운겁니다. ||| 초심 잃은 사람은 아무리 잘되도 훅가는구나 벼는 익을수록 고개 숙인다는 말을 다시금 새깁니다 ||| ㅋ 천명 ㅋ ||| 범죄자와 안다는 이유로 연애인은 저렇게 하차하는데 범죄를 저지른 국회의원 판검사는 왜 자숙안함? 국회의원 어떻게 자숙안함? 공직자들은 왜 자숙안함? ||| 어떤 큰 정치인 들이 사건사고가 있길래 연예인 을 할가 조희대요시.쿠팡.등등 멀가 ? ||| 조희대 대법원장 입건에 관해서는 왜 언론이 야 이상하게 연예인들 갑자기 기사 엄청 많아졌죠? 직권남용 권리행사방해 및 공직선거법 위반 혐의 조희대 입견됨. ||| 무섭다 . ||| 이슈는 이슈로 데 연예인들의 이슈가 수없이 터지네요? 뭘 덮으려는건지??? ||| 쿠팡 내란 전담 재판을 덮어버리려고 언론질.......연애인들 말고 쿠팡 관련 재판을 신경좀써 ||| 폭로전은 쿠팡의 … ||| 정말 너무하다.. 연예인은 동네북인가? 누가 무서워서 자유롭게 표현이나 하겠나? 주변인물, 과거, 가족사...너무 무섭다. ||| 조폭하고 저렇게 한다는 것 자체로 이미 이미지회복 못할듯요 ||| 사람 인생 정말 모른다는 말 에 딱이구나. 어떠한 해명도 없이 바로 하차를 선택한거 보면, 뭔가 있구나 ||| 친분이 왜 안되는거야모야 적당히하자 ||| 찔리는 게 없으면 자진하차할 리가 . ||| 좀 젊고 실력잇고 유능한 후배도 좀 양성하자 조직폭력배랑 잘지내라 ||| 어떤 할방구의 말이 기억나네요 국정원은 모든 국정원 X파일 이 있다고 정말인가봐요 연달아 터지네 ㅋㅋㅋㅋ ||| 쿠팡...이런식으로 ? ||| 이 사람이랑 친분있는 사람 전부 은퇴해라 ||| 아 돈 다발어놓으니 미련없이 나가네 조진웅도 재산 500억이라던데 ||| 쿠팡이냐 조희대냐? ||| 왜 자꾸 만 연이어 터지지 결국엔 유느만 남는 서바이벌 예능판 ||| 나올 때부터 알아봤다. 정말 안 하고 싶다 ||| 오해면 버텨야지…왜 하차를해. . 나올게 있으니 미리 하차흐는거지 ||| 사람이 사람을 만나고 하는데 뭐가 조폭이란 이유로 ... 그럼 조폭 하는 놈들은 별의 별 사기꾼 도둑놈등등 다 들 그러냐. ||| 이슈가 이슈를 덮는 게 진실인지 헷ㅅ갈리게 혼란스럽게 만들어버리는 국짐공작단들 ㅠㅠ ||| 김건희..재판중....연예인...재물로...눈돌리기 ||| 김건희 윤석열땜에 연예계에두 여럿 남 ||| 조진웅, 박나래, 조세호 의 이슈가 연이어 터지는 가운데 정부가 국가보안법 폐지를 하려고 국민들의 시선을 돌리기위함입니다. 국가보안법이란 1.북한을 도우려 하는행동 규제 2.간첩활동 금지 (정보 ) 인데 우리나라 국민이라면 폐지를 할 이유가 전혀 없습니다.",0
AP2mwMrhAfY,지귀연 “노상원 이 이걸 어떻게 해야될까요” [현장영상] / 채널A,"대한민국 법 참 좋네요. 인터넷에서 다운 받은 거 메모로 하면 그걸 다 인정해주는....법도 정의도 없는 쓰레기 같은 나라. ||| 특검을 특검해야 합니다 .. ||| 억지로 외환죄로 몰아가려다가 안되니까 바꾸고, 증거는 없으니까 군인들 은 없는 사실을 만들어 증언해달라하질 못함 진짜 와 ㅋㅋㅋ ||| 특검을 . ||| 죄송해요 AI가 해내지 못하는 부분 ||| 특검의 진술회유정황 . 특검 해체하고 특검검사들 수사하라. ||| 아 진짜 ㅋㅋㅋㅋㅋㅋㅋㅋㅋㅋㅋㅋㅋㅋㅋㅋ아이고 ㅋㅋㅋ ||| 수법이 너무 무서운 테블릿pc.... 메모 ㅋㅋㅋㅋㅋㅋㅋㅋㅋㅋㅋㅋㅋ ||| 인터넷 예시를 증거랍시고 내밀고 있 그걸로 ||| 증거 들이밀기 전에 빨리 선고해버리세요 ||| 박근혜 특검 구속!! ||| 쌍특검 , 특검을 특검해야함 ||| 지귀연판시님도 저 수첩 어이가 없으니 ( ㅋㅋㅋㅋ조작.회유.무능특검 에라이 ||| 사형 폐지 반대 !!!!!! ||| 우리 모두들 내란몰이 공작질인거 다 알면서 !!!! 우리 용기를 냅시다 자유대한민국 지킵시다 ||| 거짓,회유로 불법 수사한 조은석내란특검을 고발 ||| 홍장원이 인터넷에서 남긴 메모1 메모2도 증거냐? ||| # 특검하라 ||| 지귀연 선관위 대변인 ||| 지귀연 님 감사합니다 응원합니다 힘내세요 ||| 특검 , 특검해라 ||| 그 메모가지고 2심 3심 4심 내란특별재판부에 가지고 와서 어용판사 매수해서 검찰 소설로 일반 이적죄 및 내란으로 징역때린다? 진짜 대한민국 망한거임 ||| 지귀연 재판장님 ~ 신중하게 정의롭게 판단해 주세요 좌우를 떠나 의견 웃으면서 말씀하시지 말고 나라를 위해 정의롭게 판결해 주심 부탁드립니다~ 나라가 위기 입니다 ~ 말씀하시지 마시고 판결 하시기 바랍니다~ ||| 특검을 . ||| 위수증, 특신상태가 명확하지 않으면 증거로 사용할 수 없다 형소법 의 파트에서 수 천 수 만의 판례가 말 하고 계십니다 ||| 특검자체가 이죄명의 모든 변호인단을 검사자리로 옿은거. 이게 80년대 수준의 독재 , 답 정해놓고 수사하는 거 하는거 ||| 언론에서 지귀연 재판장이 아니라 지귀연이라고 이름만 쓰는거 문제라고 합니다 ||| 특껌은 특별한 날 언제 씹는 껌이죠? ||| 증인이 특검때문에 ㅈㄴ 힘들어하는데 사법부에서 보호해줘야 함 아닙니까 ||| 5년전 인천연수구 재검때 배석판사였던 지귀연이 붙어있는 투표지 만지며 이거뭐지? 왜 붙어있지? ? ||| 저울의 짓대를 올바르게 하심을 한쪽으로 기울면 안되요 법 위에는 절대 권력이 물들면 나라는 망하는 길로 갑니다 나라는 모든 국민과 함께 지키는것 거짓을 매의 눈으로 잘 잡아내시길 간곡히 청원합니다 거짓 말은 반드시 들통 나는법 입니다 올바른 법정 입니다 ||| 대체 뭣땜에 하는건지… 뭐가 문젠데??? 아니 이재명이나 재판받으라해!! 엄한곳 에서 법학자들도 나와서 계엄은 정당하다는데 참나 ||| 판사가 . ||| 지귀현판사님 꼼꼼하게 강의 듣고 잘 정리 하시네요... ||| . . . . 수첩 주인도 긴가 민가 왜 적었지?. . . . 생각나는데로 적은거 같아요?. . . . . 특검팀이 하도 증거 를 해서 . . . 수첩주인도 모르잔아요. . . . . 수첩은 증거가 될수없어요. . . . . 수년도 안지난 자신의 메모을 모른다. . . . . 말이된다고 보나요?. . . . . .특검팀. 제발 . . . . 없는죄만들기위한 노력은 그만했으면하네요. ||| 특검을 해야 하는 상황 아니냐? ||| 지귀연이 투표지 만지면서 이거뭐지? 왜붙어있지? 얘기했다고? 투표지가 왜붙어있었겠냐? 부정선거로 인해서 떡제본해서 뭉텅뭉텅 집어넣으니까 그냥 붙어있지 정상적인 투표지는 한장한장 접어서 투표함에 넣어서 절대로 투표지가 붙어있을수 가 ||| 특검 것들 하는짓거리 진짜 진짜 천벌 받을것들 ||| 근데 웃는 이유는 계엄이 내란도 아닌데 내란재판이랍시고 하고 는 이 자체와 상황이 본인도 어이가 없어서 웃는거임 ||| 특검 수준이 확 떨어진다….. ||| 지귀연 재판 예능으로 하지마라. 대한민국 주권이 존폐위기인데 떡검이 증거조작해서 대통령날린건데 떡검 이 조작 형평성 중립인척 오지네진짜. 선관위 출신아니랄까봐 ||| 윤석열대통령님을 ! ||| 아니 지금 시대가 어느시대인데 특검들이 회유를 하냐?? 저것들 지들이 특검 받아야함~ ||| 저 메모가 핵심이지!!!! 판사가 제일 먼저 웃음이 나냐???? ||| 무슨 변호사역활을 하네 이런 중요한사건에 배역이 안맞네 ||| 이건 개검이고. 지귀연판사님은 어투와 그 진정성에 정들었다. 말과 글로 힘을 믿는 사람들이 말과 글로 다투는 곳이 법정이란 이 가 너무 맘에 남는다. 모든 사람들을 품고 인정하고 마음이 드러나는 ^^아알~겠습니다^^ ||| 지귀연판사 핸드폰 사찰했는데 왜? 결과가 ? 수사결과 안나왔나? 왜? 지귀연판사 밥먹은거 핸폰 압수한거 모두 조용할까? ||| 특검해체가 아닌 이재명 아웃 ||| 쥐귀연이가 머리카락 빼줄려다가 포기하는 현장 ||| 판사가 노상원 수첩 증거가치가 있냐고 먼저 의의를 이야기 하다니....정말 어이옶음 ||| 판사야 ! ||| 지귀연 재판하면서 좀 웃지좀마라. . 이게? ||| 내란 수괴 ? ㅉㅉㅉ ||| 지귀연판사 . ||| 이런 인간이 판사라니... 변호사도 누명 쓴것을 인정하고 신문했고 노상원도 자기 주둥이로 자기가 썻다고 하는데...",1
Htx52tkVbV8,지귀연 “왜 자꾸 사법부 위기라 ? 이젠 법대로” [현장영상] / 채널A,"위기인줄 알고 진짜 위기다 ||| 아 이꼴났냐? ||| 법대로 안하고 가면 사법부가 위기입니다. ||| 귀연이형.. 대한민국 전체가 다 지금 ||| 말 안하니까 문제지 ||| 법원이 법대로 했으면 일반인이 1심 재판 2~3년 끌어도 됨? ㅋㅋㅋㅋ아님 파기 한 데 재판 지연 사례가 있음? 이렇게 오래? 그리고 대통령 탄핵 때 cctv도 안 보고 탄핵 때림? 그리고 현 대법원장이 입건되었는 데 위기가 아님? ? ㅋㅋㅋㅋ ||| 다들 사법부가 위기라는데 그게 아니라네 ||| 아니 스발 위기지 왜 입건됐다며??? 대법원장이 고발당햇는데 위기 아냐?? ||| 헌정 사상 최고 대법관이 입건됐는데, 이게 위기가 아니면 대체 언제가 위기임 ㅋㅋㅋ ||| 위기가 왔는데 진짜 위기 인 걸 모를 때가 진짜 위기다. ||| CCTV로 국정회의 남긴것도 트위터 하는마당에 ㅋㅋㅋㅋㅋㅋㅋ 항상위기라서 위기인줄몰랐나? ||| 대법원장이 입건 되는건 대한민국 수립이후 의 사법부 가 아니라는건가 정말 윤대통령 안위가 너무 걱정된다. ‍ ||| 지귀연 : 하 ||| 일부로 다 얘기했길 바란다.. ||| 지귀연 당신은 법대로 하시오. 권력에 찬 판사들 수두룩한데 지금 무슨 소리야. 법관을 못 믿겠다고 ||| 법대로 했으면 애초에 그걸 제대로 검증 했겠죠? ||| 대법관 재목도 아닌 정치판사를 앉혀놓고 사법부가 정상적으로 돌아갈거라 믿는게 아닙니다 ||| 부정선거에 사법부가 책임이 없다 아니 책임 없지...ㅋㅋㅋ ||| 법대로라면 재매이햄은 왜 국민 위에 군림하고 있나요? 한 곳에 계셔야하는거 아닙니까..? ||| 현재 우리나라 는 삼권분립이 위기인걸 모른다고...? ||| 지판사님 공부 안하면 큰일납니다 아이소 ||| 대한민국이 아닙니다 ||| 왜...검사님들 나가시는 것을 보고...재판장이 나가지...??? ? 하는 거 ...처음 봐. ||| 왜 안하자나요!!!! ||| 지귀연 당신도 좋아해 그러다 ||| 법원에선 법대로 재판도 안하고, 검사는 거짓증언 종용, 경찰은 체포영장도 받아 함정수사, ㅎ국회에선 특검 폐지 , 재판부 같은 이상한 입법이 계속 되니 당연히 위기지요. 위기가 아니었음 범죄자가 대통령될 일은 없었답니다 판사님. ||| 법관을 어찌 해 사기꾼들아 ||| 재판장님 뒤에서 합의 다 보셨나 봅니다. 마치 눈치볼 거 도 없다는 듯 당당하신 걸 . ||| 그 법이 문제가 되고 있고 그 가 사법부를 패싱하겠다는데 위기가 아니면 뭐가 위기지... ||| 그렇게 했으면 이죄명은 벌써 관타나모 갔어야지요 ||| 지귀연은 아무리 홍홍홍 거려도 속으론 사형 선고할듯 ||| 허구한날 입법에 말리고 털리는데 위기지그럼 무슨 위기임? ||| 삼권분립파괴 삼권을 장악하려는 사법부 까지 굴복 탄핵 소 의 설치로 마음대로하려는 사법부 장악시도 이건 자유민주주의 국가가 아니다 누가 내란인가? 지귀연 판사는 무죄 공소기각 판결하라 법치주의가 살아있음을 보여달라 저 좌파카르텔 좌파정권에 무릎꿇지 말고 소신껏 꿋꿋하게 공정과상식적으로 무죄 를 판결하라 ||| 자기도 탄핵되네 마네 협박 받았으면서 위기가 아닌데 요새 민주당에서 공격 안하는게 혹시 이미 작업 이 끝나서인지 불안하네 ||| 아 ㅈㄴ 쎄하네 근데 지귀연 우리법 출신이라던데 ㅋㅋㅋㅋ ||| 위기인 줄을 모르는건가? 왜 위기를 외면하는건가? 이번 정부의 압력에 시달리고 있지 않나? ||| ㅋㅋ법대로 ? 뭔 ㅋㅋㅋㅋㅋ ||| 항상 결론 가지고 따지는게 아닌데 문제가 있으니까 따지지. 탄핵 심판도 봐라 초시계 갖다 놓고 변론 다 끊어 버렸지 국무회의 심의한 CCTV 있는데 안 봤지 곽종근 진술 바뀌는 거 검증 만 했지 홍장원이 직접 작성한 1 2차 메모는 애초에 존재하지도 않았고 이름도 모르는 보좌관이 썼다는 3차, 4차 메모밖에 없지 법 중에서도 헌법대로 하면 계엄령 선포 전 비상사태에 대한 판단 권한은 대통령에 있기 때문에 헌법재판소에서 비상사태의 수준이다 아니다를 판단할 권한조차 없는데 이 과정을 보고도 안 따질 수가 있나? 법대로 했으면 계엄을 내란이라고 선동해서 재판을 하고 있지도 않았지. ||| 지금 법대로 안하고 있잖아 그렇게 했으면 윤통 탄핵이 안되었어야 맞지 모르는 척 하는 거지 ||| 1:06 법대로하면 윤통 내란 무죄가 나와야하는게 상식이야 지귀연판사님아 기대할게 당신 재판보면 입에 임 법대로 원칙대로 이말 진짜좋아하는데 믿어봄 법대로 해 ||| ㅋㅋㅋㅋㅋ.. 지귀연이... '자~ 사형입니다용~~ 배 많이 고프셨을텐데.. 저녁식사 맛있게 하시고~ ~ 피고인은 바로 깜빵으로 가게 되겠습니다용~~' 이럴거같다...ㅋㅋㅋㅋㅋㅋ",0
tSv5-pagw0A,[이슈를 켜라] 이재명 정부·통일교 충돌 시작되나?…오늘 추가폭로 나올까? / 연합뉴스,"민주당 가지가지 다 연결된 비리 관련자 모두 까버려 ||| 이재명대통령은. 진작에 보고 받았을거고 도대체 왜 연루 되어있나? 특검은 이럴때 하는거지 김현지랑 ||| kbs mbc jtbs sbs 각 방송사들이 제대로 언론역활을 하라 . 개노릇을 하지 말고 ||| 완젼미쳐가는군 ||| 알고 있었겠지 ||| 통일교에서 민주당 돈받은거 특검 제보 하고 수사 안함? 어디까지 뻔뻔해질수 있냐고? ||| MBC JTBC 조용하네지낼 게 없어서 . ||| 민주당.특검하던지.아니면.통일교보다.먼져.민주당.해산하라 ||| 살벌한일이 일어나고있다 서슬퍼런 칼을 마구 휘둘러 라 하고있다 개소름 ||| 종교의자유까지 억압하고 중공인한테 당한 정권 ||| # 해산부터먼저 ||| 이죄명이는 통일교를 할 수 없다...... 왜냐면 업보가 많아서 이다,,,, ||| . ||| 민주장도 해산 도 공평하게.",1
J-pLqV59M7I,"지귀연 ""노상원 메모, 어떻게 해도 될까요?"" [티조Clip] #shorts",얼마나 많이 말하는 중에 웃음이 나오냐? ||| 가짜메모라고 판정해야 할지 아냐. ||| 메모가 위법이면 탄핵도 위법이 되는거 아냐> 위법메모증거로 인해 탄핵이 되었는데 이건 명확하게 해야 할 문제이다~~ ||| 심지어 이 메모가 인터넷에 올라온게 없다더만 홍장원이 헌재에서 쓴 이후로 생성된것으로 보인다고 하는데. ||| 그러게 지렁이 가 증거가되나 헌재는 인정했나봐 지렁이증거 조작으로 봐야지 맞지 ||| 아 그 지렁이가 ? ||| 지귀연판사 진짜 뒷통수 치지말고 제대로 판결해라. 누가봐도 윤석열 대통령님은 무죄다. ||| 홍장원이가 인터넷에서 다운받은거다라고 해서 밝혀진것과 같은 성격의 메모인가 ||| 진짜 미친 코메디 재판. ||| 메모가 어이없어서 자꾸 헛웃음이 나오시는군요. ||| 메모는 홍장원이 쓴 메모가 고 보좌관이 나와서 진술 해야 진정성립 여부 다툴수 있다 증인이 나타나면 필적 감정을 먼저 해서 당사자 여부확인 후 작성자가 맞으면 그때 증인 증언 들으면 된다 ||| . ||| 가짜 ! ||| 아.. 뭐하는 거지 ||| 아니 이건 메모라고 정의할 수 없는 예술품인데 ||| 판사는 법과 양심적으로 살아야 한다 ||| 제발.범죄자들에게는.타협이.없읍니다.절대.굴복하면안됩니다ㅡ.법은?국민들을위해.지켜주세요..일개.범죄자.한놈때문에.대한민국 . ||| 지귀연 판사님 지금 재판 잘못하면은 나라가 공산주의로 갑니다 제발 잘해주십시요 ||| 그리고 이미 노상원 자신이 작성했다고 했음. ||| # 대한민국 최후의보루입니다❤❤❤❤ ||| 지귀연 법을 지키 바른 판사님 화이팅 국가를 지켜주고 계십니다 감사합니다 많은 국민들이 함께 합니다 화이팅 !! ||| 지귀연 애국판사님 화이팅 !! 3권분립 자유민주주의 입법 사법 행정 모두 화이팅 !!! 막 싸워서 이겨주세요 지귀연판사님 파이팅 !! ||| 홍장원 증언 증거 다 해서 탄핵판결 다시해야함. ||| 지귀연 판사님 이나라를 살려 요 ||| 문상호 증인 . ||| 정말 열열 잘 하시는 지귀연 재판관님***❤ ||| 지귀연판사님은 웃음소리도 신스럽다 판사님 을 존경합니다,1
DApEbmnTDXE,- 통일교·민주당 인사 간 '정교 유착' 의혹 확산···녹음파일에 정진상 언급,". ||| 이재멩이 통일교해산 언급한 이유가 ? 정진상 ||| 정진상이면 이재명이네 . ||| 찔리는게 있어서 양파 해산 운운했구먼....까도 까도 양파 껍집이네... ||| 털다가 잘못 턴 사례... 만진당 ! ||| 빨리처벌 ! ||| 사악한 악질범은 자신의 죄를 스스로 뒤집어 씌우는게 전문 ||| 철저히 조사해야 한다. ||| 통일교 없앨려고 하는 이유가 있었네 참 사람이 . . 자기 구린거 나올때마다 바로 정리할려고 하는거보면 ||| 이 들 부도덕한 정치인은 다 처벌시키고 정의로운 사람을 뽑읍시다 ||| 똑부러지고 , 역시 1타강사 김효은님. 파이팅~ ||| 아 퍼즐이 맞춰지네 그래서 그랬구나 ||| 리짜이밍이 사용 안한곳은 도대체 어디냐 ||| 나라가 뒤집어질 사고가 터졌다..엄청난 파장이 일어난다 ||| 박근혜 정권실세에게 금품을 주었다고 허위증언할 수 있는 미친 사람은 없음 ||| 그런데 민주당방패역할을? 민주당하청특검이란 말이 사실이네요. ||| 이번 기회에 우두머리부터 쫄까지 몽땅 다 날려버려요~~ ||| 이재명이 직접 통일교에 연락했다는데 , 매우 심각한 사안이다. 통일교 게이트가 맞다고 생각한다. ||| 민주당의원들 ! ||| 언제 딴 데 도망치려나.. ||| 정진상이면 이죄명도 연루되어 있는거다. 특검은 이미 나왔는데도 민주당 수사하지도 않네. ||| 이시점에 해명 은. 필요없고. . 필요하냐? ||| 전재수도 깨끗한척 존나 구리네 ||| # 남불당 선택적 특검 ||| 웃기는재명이는 # 하루속히특검해라 ||| 리짜이밍 은 지한테 뭔가 위험이 접근하면 바로 그 입을 막는 것이 생활화 되어있는 놈이야~~ ||| 정진상이는 가지 않는곳이 없네요. 성남과 경기도, 이재명 주변에서 많이들 해 먹었군요~!! ||| 내로남불 당 왜 종교계를 겁박 하는지 이제 알겠네 나라 꼬라지 잘 돌아간다 ||| 특별법에 의한 비영리단체인 종교법인을 해산한다는 게 쉬운 일도 아니고, 그 돈 받아먹은 자들의 경우 해산되지 않나? ||| 고소하다! 뻔뻔하게 부산시장을 넘보는것이!!! ! ||| 잘들논다 ||| 이제명 파도파도 끝은 언제쯤일라나...얼마나 뼈속깊이 죄성이 들엇으면 저정도일까요? 저런자가 대통령?? 나라를 왜 말아죽쓸려고ㅠ작정햇네요 ||| 하루에 한개 씩 이슈가 진짜 대단하다ㅋㅋ능력이다 능력이야!!! ||| . ||| 드디어 통일교 해체명령이 내려왔군 .. ||| 2021년 정진상실장이 STX건설을 인수하려는 작업을 하였습니다 그 인수자금은 어디서 나온것입니까? 정진상실장의 저수지에 묻어둔 비자금 ||| 특검해야겠네 문재인 겨냥하라 ||| 만날수는있지 그러나 돈 시계 받은놈들이 문제지. ||| 종교단체 의 후원금 전수조사하면 민주당 해체 수준일거야 ||| 정교해산? 정과 함께 해산해야지? 정은 누구? ||| 누군가 밤잠 못자고 통일교 뉴스 나올 때 마다 바지에 오줌 을 싸겠구먼~ ||| 특검 해야 한다 아니면 시민들모여서 국가나 .정부.의원들 배제하는 시민들이 주인이 고 처벌 주어야 대법관 님들과 똑같이 처벌해야 ||| 역시 는 어디에서나 걸려드는구나.. ||| ㅋㅋㅋ ㅋ 이죄명이 통일교 해산시킨다고 협박발언하는거구나 ||| 전재수 혼자 깨끗한척 다하더니? 저게 ? ||| 이죄명은 모두 기망하고 내란중입니다 ||| 내로남불당. 이번엔 뭘로 ? ||| 당연하게도 계속 계속나오는 리짜이밍 내려와라 ||| 민주당 특검하고 압수수색해라 금품받은 15명 구속시키고 강력처벌해라 김옥보내라 이재명 특검해라 통일교한테 돈받았는지 조사해야된다 민주당 빨리탄핵시켜라 ||| 탄 핵 하 고 ||| . ||| 전재수 가 혼자 고고한척 깨끗한척 하드니 부산시장 날아가야지 ||| 본인이 구리니까 해산을 주지 않을까요?? ||| 꼭 내려주소서!! ||| 전재수는 무조건 검찰 수사 해야함 ||| 인뚜꺼비네 # 이재명 ||| 신속히 특검하라 민주당은 뻐를깍는 자세로 쇄신하라 국민 피를 토하게하고 등에 칼을꽂았는데 민주당은 팔다리 눈을 다 파내는 자세를 보여라 ||| 국힘 털려고 했는데 민주당이 딸려 나오네. 드루킹 특검 분위기 인데?? ||| 수사제대로 가지 않으면 나중에 콩밥먹는다. ||| 정진상 =이재명 ||| 지놈들 범죄사실 까발리면 통일교 해산해 버리겠다고 협박을 했다는게 조폭과 어떻게 다를바가 있습니까 돈받고 뇌물 받은 것 을 다물라는 것 아닙니까. 제보를 했는데도 수사를 뭉개버린 특검놈 당장 구속하고 특검을 특검 하라 ||| 누구나 만날수는 있습니다. 그러나 까르티에 2개씩이나 받아가지는 … ||| 이동학씨, 그러니까 왜 국힘에 대해서는 조사를 하지만 민주당은 모른체 넘겼는지에 대해서 이야기 해야지요. ||| 소름끼친다. 이재명!!!! 제발 저리니까 종교를 믿 언급 골프친 사람 모른다고 안면몰수 지은죄 없에려 검찰 폐지 경찰 장악 참 무서운 사람이 국민들을 볼모로 자행 고 있구나 ||| 이죄명 바로 잡아 ||| 난 양쪽에 다들어야된다고 지혜를 가르켜주네 ||| 통일교 건드렸다가 망한 이재명 ||| 준자가 권력앞에 거짓말 하고 지나가는 소가웃겠다 ||| 그만한 이유가 있었네. 편파특검을 특검 해야지.",1
xE3u9uH7yyE,"[핫라인] '인사 개입' 의혹 김현지, 왜 다시 책상 위에···'청탁 문자' 논란 #shorts","경찰은 왜 저렇게 뚜렷한 증거가 있는데 즉시 국정농단 김현지 김남국 체포 구속 수사 하라 ||| 김현지 , 민주당해체 하라 ||| 현지 문고리 들 국정조사해라 ||| 김현지 대통령님~~ 강력 처벌 해주세요. ||| 우리나라 . ||| 대한민국 김현지 님 자리 하나 남겨주세요 부탁드립니다 ||| 현지가 그 실체를 밝혀라 ||| 누나가 짱 이구나 ||| 지들끼리 형 누나 라 하는구나 와~~~ 다 끼리끼리 밥 먹자는 거네 ||| 민주당정권 김현지로 망하겠다는 생각이드는건 아닌지 ||| 여권 실세 김현지 대체 정체가 뭐냐? ||| 아 가 남국이 코인비서로 채용했구만 ||| 김현지가 대통령이구나 . 특금해라 ||| .민주당 진짜대통령은 ? ||| 현지누나 꼭 취직시켜조 ||| 미친 인간들아 ||| 김현지가 은 이재명의 국정농단을 특검하라 ||| 대한민국 아나운서 김현지 ||| 기면지 ||| 국정농단 맞네요 국민이 뽑지않았는데 나라는 김현지가 요 ||| 그 실체가 정말 궁굼하네",1
CyXb2RDuxfM,드디어 전면전을 선언했다! | 풀버전,"봉지욱기자님은 정말 끝판왕인 거 같아요. 대장동사건, 보고 들어도 들어도 화나고요. 취재 수준도 너무나 놀라워요. 개인적으로 기자 중에서 최고예요❤ ||| 국민은 사법부와 싸울 준비가 되어 있다. 법사위는 그대로 밀고나가기 바란다 ||| 상식적이지 않은 사법부가 우리 국민들 우롱하기 ||| 민주당은 힘들지만 제발 힘을 모아 주세요. 내란척결이 최우선입니다. 당은 준비돼 있습니다. ||| 이래서 는 교육에 대해서 다시 돌아봐야한다. 직업윤리에 대한 교육 역사에 대한 교육 얼마나 중요한문제인가 ||| 절대 믿지마라. 이하상 징계를 6개월 검토한단다. 6개월후에 누가 기억하냐? ||| 이번기회에 대법관과 대법원장을 국민 으로 뽑읍시다. 그러면 위헌은 아니겠지 ||| 최욱씨 봉지욱기자님 검찰조작이 드러날때까지 이걸 계속 다뤄주길 바래요 ||| 김규현 변호사님 너무 많이 응원합니다!!!! ||| 이건 100% 공개재판으로 해야! ||| 악은 성실합니다. 지치지 말아야 합니다❤ 최욱씨, 한주간도 . ||| 최욱씨 주말에 몸에 좋은 음식과 적당한 운동 적당한 운동 충전 열심히 하셔서 체력 충분히 회복 월요일 행복한 모습으로 만나요~~~~최욱씨 같은 분이 계시기에 걱정없습니다 지금까지처럼 잘 해낼수 있습니다 화이팅~~~~ ||| 히대요시 차기 노리나바 ㅎㅎㅎㅎ 노욕에 말년은 빵에서 유병 장수하길 두 손모아 ! ||| 조희대 특검하라 사퇴하라 ! ||| 일주일 내내 최욱을 안보는 날이없는 나는 뭐냐 ㅋㅋㅋㅋ 좋아요 5만 주말 배렸네 ㅋㅋㅋ 오세훈 눈치워 인마 ~~~ ||| 봉지욱 씨 늘 응원합니다 ||| 안미현 로스쿨 건 말이야. 로스쿨 학생들이 실습을 위해 안미현을 집단으로 형사 고발하고 민사로도 민사 소송해보기 바란다. 그래야 생생한 실습이 되지 않겠어? ||| 사법가 지금 위헌심판신청한다는것은 손 놓는겁니다 만약 사법부가 위헌심판 제청신청을하게되면 그때는 국민들이 들고일어날것입니다 사법부도 그걸 알고있을겁니다 ||| 서울시 2시간 눈왔는데 퇴근길에 6.25때 난리는 난리도 아니었다 이와중에 오세훈 서울시장은 해외 에서 아이고오 ||| # 반드시 필요합니다 ||| 사법개혁 꼭 이뤄져야 합니다.. ||| 조희대와 사법부는 윤석열을 지킬뿐 아니라 국민과 싸우겠다는 거다 . 아닙니다 ||| 한고비 를 넘어가는게 힘들었다... 대한민국 국민은 악의 거인을 쓰러뜨렸다.... ||| 사법부 와 언론은 매불쇼로 대체 최욱님 너무 고마워요 ||| 안미현이, 형사 고발해야죠? 재 시험에 들어가는 비용은 전부 손해배상 처리하고 ||| 안미현 당돌한것같으니 우리국민 세금으로 열심히 살면서 국민들앞에서 검사가 뭐잘났다고 큰소리치고 난리냐 너죄나 밝혀라 ||| 고마위요 매불쇼~♡주말 , 다음주도 재미나게 해주세요~♡ ||| 생방 을 뒤늦게 본 사람들도 좋아요 누릅시다 ||| 제설차량도 없었다는 건가요? PD수첩 으로 한강버스 만든 가덕중공업은 시골집 창고가 주소로 만든 유령회사더만! 당장 구속하라! ||| 군인중에 계엄에 주체적으로 전략을 세운 자는 사형으로 징계해야 군인들이 앞으로는 군사계엄에 서지 않게 될 것입니다. ||| 안미현, 개지날 하고 있다는생각이다. 검사들이 공명정대 할 살수 있도록 법대에서 사법연수원에서 제대로 가르쳐야 한다. 아니면 너희들 ? ||| 마약수사 이런 것에 대한 평가 어떻게 되고 있을까요 올해 마약 적발 수 크게 늘었다는데 ||| 매불 ❤최욱 ❤조아요 ! ❤ ||| 서울대가 성적이 좋은 이유가 다 ~~~ 저런 저런 행동들이 모여서 또 그짓을 눈감아줘서 이런 못된 법조 카르텔이 나온다고 봅니다. 39:09 ||| 정치 부조리 정치 결탁 이렇게 무서운 거다 ||| 조희대 탄핵하라 조희대탄핵!! 천대엽 지귀연 파면하라! 1년간 외쳐대도 아직도 이게 말이됩니까 조희대 수사하고 탄핵들어갑시다 ||| 이금희선생님 말씀 극 공감. 최욱 . ||| 최욱 아 매불쇼가 내 낙이다 다음주도 열심히 일할께~~ ||| 욱아ㅡ 오늘도 화이팅 ||| 봉지욱 정말 우리나라의 최고 기자님같습니다 ||| 오세훈아 서울은 눈때문에 50분이면 집에 가는데 7곱시간 걸렸다 새벽에 겨우 집에 도착했다 이건 서울시장 책임저야 하지않나 ||| 최 시네마 천국 너무 많이 웃었네요~ 오늘도 알찬 방송 매불쇼 최고 최욱 최고 ||| 천대협 끝까지 가보자! 절대로 지면 않될 것이다! ||| 안미현 빨리 수사해라 ||| 조희대가 내란전담재판부 설치 반대하는것 보니까 반드시 국회 나가야 됩니다 ||| 문진석은 당장 물러나라 ||| 왜 자꾸 최욱님 보고 웃지요❤ 오래오래 계속 매불쇼 해주세요!! ||| 최욱님! 이금희님이 너무 좋고, 필요한 말씀을 해주셨네요. 최욱님을 아끼고 사랑하는 주위의 사람을 믿고, 온전하게 받아들이는것도 중요해요 짝사랑은 때론 많이 치지거든요. 그런 관심과 사랑을 부담스럽거나, 스스로를 견제 하고 겸손하게 대하는 마음을.. . 그렇게 생각하는, 제가 모르는 많은 이야기가 있겠지만. 때로는 그냥 순순하게 받아주세요ㅎㅎ 최욱님이 아무 계산없이 행복하게 , 팬들도 행복합니다. ||| 이금희.아나운서님 . 정말 너무좋다. ||| 이제 드디어 홀리파더 최욱!!! 진지하게 웃겨주신 여러분 땡큐입니다^^ ||| ❤ 너무나 고생 많으시고, ❤진심으로 감사드립니다.❤ ||| 법사위 찐찐찐 . ||| 쓰레기 언론 검사들 도 수사해서 처벌되지 기다리고있어요 ㅎㅎ 매불쇼 좋은 방송 최고네요 ~~~ ||| 오늘 수고많으십니다. 힘내세요! ||| 불금에 좋아요 누르고 매불쇼 너무 아쉽다. 주말에 녹방이라도.... 곽수산 성실하고 윤수괴 성대모사 최고!!!!최욱과 티키타카 최고봉. 최진봉 ㅋㅋㅋㅋ .강성필,김규현,박은정 너무 귀한분들 . 나빠루 . ||| 언론용 국민신문고 언론용 공수처 반드시 필요합니다 아니면 조선일보만 판단하는 메이저 언론이 단 하나라도 지면 다 바뀔겁니다 비판만 하지 아무도 대안을 주지 않아요 ||| 내일 반드시!!!! ||| 이금희씨 , 최욱씨 행복해보이네요^^ ||| 안미현도 감찰,수사해서 형사처벌 해야 한다고 생각합니다 아주 강력하게 해야합니다. 세상에 재시험을 치르다니! 첫시험을 치른 학생들은 왜 억울하겠습니까? 공평하게 치러진 시험을 저렇게 하다니,, 이건 보통잘못된 행위가 아닙니다.아주 심각한 행위 입니다. 피해입은 로스쿨 학생들은 그대로 넘어가는것인가요? 억울한 수험생들의 심경은 어디가서 위로받아야 하는것인지,,, ||| 안미현 저거 진짜 미쳤네 ㅋㅋㅋ ||| 사형 부활 시킨다 는 말 에 윤대갈부터 사형집행 해봐. 입 안열고 지들이 얼마나들 버티나.. 서로 나서서 다 불겠다고 줄을서지. 민주당은 변기부터 교체해야 ||| 이금희게스트는 치트키네요. 라이너에게 공감을 합니다 . 볼만한 영화 감사합니다. 1년동안 내란때문에 긴장하고 살아서 요즘은 최대한 줄이고 있네요.모두의 일상회복을 위해서 화이팅 ||| 이금희님 ! ||| 조희대 특검 받아라 ||| 역시 최욱 ! ||| 이금희아나운서님 드뎌 최욱을 만나다. . 너무 좋아요. ||| 반드시 이뤄지는 사법개혁 ||| 이번 두 주도 고마웠어요~ 매불쇼 최욱 최고에요~ ||| . ||| 라이너와 거의없다를 일타쌍피로 보여준 금희누님ㅋㅋ ||| 오늘 영화코너는 생각이 안나고 '최욱은 다음지도자' 칸찬일 선생님 발언후, 최고존엄 백두혈통까지 최욱사랑만 함 ㅋㅋ 너무웃껴요 ||| 내란재판부 신설 추진!! ||| 조희대 이놈 수사해야한다 국민투표개입과 관련 여러의문들을해소해야한다 ||| 최욱 잘 살길 ❤ ||| 이미 전면전을 하고 있는 중인데, 저들이 자신들을 죽인 것을 보면 이제 마지막 저항을 하는 것으로 보입니다. 이 넘들 은 확실하다고 봅니다 ||| 욱아 좋아요 누르고 갑니다 ||| 항상 ~ ~ ||| 민주당이 지금 산으로 가고있음 수박들과 권력 탐하는 자들이 내란청산은 뒷전으로 해야 함 이럴때 유시민 한번 나와 민주당과 사법부 내란청산을 위한 방향을 물어보면 좋을듯 ||| # 술파티 계속 애기해 주세요 ❤❤❤ ||| 이금희 아나운서 책사러 와서 넘 따뜻했어요❤ ||| 우기는 대한민국 대한민국은 최욱 보유국 ||| 내 존엄 최욱♡♡ ||| 하트 누르고 시청❤❤ ||| 시동시동님 짱짱 덕분에 난 환헤지 이해했지--- ||| 지귀연 말고 더 있음 일 안하는 판사 ||| 매불이들 이런 방송 또 없습니다~~ 좋아요 누르시고 매불쇼 에 힘을 실어주세요 ~ ||| 희대야. 인간이라면 늦었지만 . ||| 어렵고 힘든 시기에 매불쇼를 통해 최욱씨를 만나게되어서 같이 웃고 울면서 견딜 수 있어서 늘 감사하고 저에겐 삶의 활력소랍니다♡ 최욱씨를 비롯해서 매불쇼 출연자분들 제작자분들 과 같이 웃고 울며 함께해주시는 소중한 구독자님들 모두모두 너무 많이 사랑합니다❤❤❤❤❤ ||| 최욱씨 정말 감사합니다!! 응원합니다!!!! ||| 지들이 불리해지면 삼권분립 들먹이는 중 ||| 진짜 제 친구분이 오늘 시네마지옥 살리네요 ||| 진짜 오늘 이금희씨 덕분에 너무 좋았습니다 한국의 이금희 위대한 지도자 채욱씨 좋아요에 너무 스트레스 요 컴퓨터 켜놓고 열심히 일하는 직장인들은 퇴근하며 좋아요 누릅니다 ||| 내가 매불쇼를 좋아하고 사랑하는 이유 깜빡 잊었다가도 생각나게해주는 그때 그장면을 보여주는 영화 매불쇼 최고 화이팅 ~♡ ||| 서부지법 폭동이 일어났을 당시 천대엽이 ""사법부의 근본적인 성찰이 필요하다”고 말했으니 대법원 폭동이라도 일어나야 천대엽은 성찰을 할까요? 내란범들을 수호하기 위해 위헌행위들을 스스럼없이 하고 또 짓밟고 있는 천대엽과 조희대가 꼭 조사받고 형사처벌 하기 바랍니다. ||| 내란혐의로 조희대특검 꼭 들어가야 합니다. 이건 기본이구요. ||| 이제 전면전으로 나간다!! 국민을 모욕하는 조희대 ||| 국민이랑 싸우겠다는 조희대사법부 어떻게 싸워주랴? 이 미친짓을 언제까지 해야 하나 ~~다시 거리로 나가야 하나 ||| 왜 내란을 밝혀내지 못하는건지. 양심고백하는 분들이 나와주면 이 모든 것은 역사가 심판하고 기억합니다 ||| # 최욱 ||| 이금희까지 .",0
K6Kjzdl4t_0,우상호가 전하는 내란전담재판부에 대한 내 생각! (내가 수박이라고?) | 풀버전,"성동구민입니다. 구청장님 을 위한 생활밀착형 지원 너무 잘하세요! 초등 저학년 집에서 학교까지 동행해주는 워킹스쿨버스 워킹맘에겐 정말 최고입니다! 운동화 신고 성동구 구석구석 돌아디니셔서 구민들에게 인기 정말 많 요 ||| 성동구민으로서 정원오 구청장님 덕을 많이 보고 더 많은 시민이 그 덕을 누릴 수 있으면 좋겠어요! ||| 행정이 이야기가 어렵지만 그래도 즐겁습니다~~~ 정원오 구청장님 ||| 29:49 와 성동구청장님 따따봉! 종로구 는 는 항상 카페에서 인천쪽 기상 상황 체크함니다. 인천에 눈비오면 1.5 - 2시간후 서울에 올 가능성 90% 이상~ ||| 이준석은 젊은 윤석열인데 그걸 몰라보는 건 어리석음의 극치 ||| 역사와 도덕 교육 강화해야해요. 이명박때 국정원과 기무사를 동원해서 기무사 키우먼서 역사교육 약화시켰어요. 역사교육(특히 근혀대사)강화가 답입니다. ||| 정원호 가 안경 바꾸니까 정말 최욱 닮았네요!!! ||| 썬킴님! 오늘 내용 좋았다~!!! 센스쟁이 님 고맙습니다!! ||| 조진웅 배우 관련 이야기를 들으며 느낀 점은, 박구용 교수님은 이 사안을 원칙과 구조의 차원에서 바라보셨고, 최욱 은 지금 이 사건이 소비되는 방식과 현실적 감정에 집중하신 듯 했습니다. 두 분 모두 타당한 관점이었지만, 서로 다른 질문에 답하고 있는 대화처럼 들렸습니다. 그래서인지, 오히려 더 많은 논의 여지를 남긴 논의였던 것 같아요. 오늘도 밀도 높은 방송 잘 들었습니다. . ||| 박구용 : 함정에 빠진거 같습니다. 다른거 없고 그냥 이명박 세대가 그대로 큰거예요. 제가 15년전 대학생 때 과외를 했습니다. 중학생 친구들과 수업을 했는데 그들의 은 모두 맞벌이였어요. 당시 제가 초인종을 누르고 들어가면 모두가 일베 등의 커뮤니티를 하고 있었어요. 그 중 한명이 광주 민주화운동은 조작이라고 웃으며 이야기 하는데 제 마음은 무너졌습니다. 그걸 어디서 본거냐 하니 입을 닫더군요. 그 친구는 착하고 맑은 아이였거든요. 그 아이들이 그냥 그대로 컷습니다. 그게 다예요. 이명박을 절대 용서할 수 없는 이유입니다. ||| 쿠팡 나락 감지했는지 연예인 으로 시선돌리기 하고 조희대 입건으로 슬쩍 물타기 하나보다 언론들아, 진실을 써라 그리고 조용히 하라 제발! 왜 레거시 언론들은 하나같이 조용하냐!!!! ||| 성동구 정원오 구청장님 서울시장 꼭 되어야 합니다 ||| 미안해요 바빠서 도 못보고 지금 보고있네요~~ ||| 정원오 서울시장 보고 갑니다 ||| 정원오구청장님 안경 바꾼거 넘 귀여워 ||| 10대 20 대 극우화 원인의 9할은 게임 체널 이 분야에 있어선 황희두님 말이 가장 설득력 있다 생각. . 극우화를 목적으로 정부 차원에서 수년간 각종 게임 채널 등을 통해 여론 작업. ||| 맞아요. 눈엔 열선이 최고죠. 그런 생각을 하긴했어요. 구청장님 열심이시네요. ||| 다른 구청장들은 열선 깔 예산으로...멀쩡한 보도블록들을 새로 깔죠~ 저희구도 하루가 멀다하고 도로들 다 파내서 다니기도 힘들고 ~ ~ ||| 믿고 보는 영화 ||| 오늘 들으면서 우린 참 행복한 국가의 시민이구나라는 생각이 들어 방글라데시의 민주화 시위에 참여한 시민들은 1400명이 사살될 동안 국제적 이슈도 못 받았다는 사실에 눈물이 났습니다. 이 눈물도 4.19, 5.18, 6월 항쟁의 시민들에게 얻은 빚으로 흘리겠지라는 생각도 들어요. 정말 감사합니다. ㅣ년간 지지부진한 재판과 처벌에 기운이 쭉 빠져갔지만 이 이야기를 듣고 는 더 힘내 보아요. 다시는 전두환을 사면해 주는 역사는 되풀이하지 맙시다. ||| 김은혜부동산 대표 ||| 근대 역사교육 강화 필요 ||| 혐오현수막 현수막 이야기 너무 좋았습니다 저는 종로구 구민이고 아침에 는 종로구-중구-강남구 이렇게 지나가는데 정말 죽을 맛입니다 전 진짜 업무라던가 다른건 별로 잘 안받는데 이 현수막은 아주 죽겠어요 매일매일 우리 대통령님 욕을 보면서 하루가 시작됩니다 ㅜㅜㅜㅜㅜㅜ ||| 최욱 최고요 성동구 정원오청장님 진짜 서울시장 너무 좋겠다 ||| 오늘 뉴스도 아주 열심히 잘보겠습니다~ ||| 박교수님 너무 학술적으로 파악하시네요. 최욱씨 표현대로 너무 거룩합니다. 예를 든 학폭에서 과도한 법적 개입은 당연 그러나 무시.징벌에 대한 문제 보다는 입시 의 병폐 속에서 저열한 또래문화를 오래 접하며 자란 탓이 큰거 같아요. 여학생보다 남학생이 심한 것은 롤 같은 게임만 보셔도 알수있어요. 일베용어. . 일상입니다. 옆친구가 경쟁자인 교육현실과 이명박때부터 공들인 인터넷 작업문화의 산물인듯요. ||| 언제나 그렇듯이 오늘도 좋아요 를 누르믄서 입장이요 ~~~ㅋㅋㅋㅋ ||| 성동구정원오 #시장이되시면 시민이 행복할 겁니다 ||| 용산키세스때 광화문응원봉때 도 2030들과 함께 싸웠는데 참..많은 감정이 교차되네요. 미래불안 분노 스마트폰시대 단절문화 개인문화..무지성도..정말 미래가 걱정되네요..소통하는 문화가 아닙니다 ||| 실제로 그렇습니다. 요즘 중고등학생들 사이에서 벌어지는 갈등은 학생들끼리 조절할 능력을 잃어버리고 말았습니다. 조금이라도 안 될 말을 들으면 바로 부모가 나서서 학폭소집해버립니다. 아이들은 서로의 감정을 돌아볼 기회조차 없이 양쪽 다 매우 큰 상처를 입고 맙니다. 한번 사이가 틀어지면 결코 회복되지 않습니다. 서로 자신들을 보호해주지 못하는 매우 허약한 울타리가 되어 버렸기 때문입니다. 그렇기 때문에 최대한 또래 사이에서 배제되지 않기 위해 자기만의 판단으로 문제의식을 가질 수 없습니다. 패션 좌파, 패션 우파가 트렌드라는 것 역시 또래문화라는 것을 이해해야만 합니다. 정치로 받아들이는 게 아닌 또래가 함께 공유하는 의식에 가깝다는 것입니다. ||| 정원오 구청장님, 다시 뵈니 반갑습니다. 정말 대단한 행정, 들으면서 이 배웁니다. 훈훈하고 재미도 있구요. 자주 나오셔서 많은 얘기해주세요. ||| 정원오구청장님 저런분이 서울시장하면 서울이 한단계더 업그레이드 될듯 합니다 ||| 압도적 재미 매불쇼 최욱님 사니사니곽수사니 최형진님 응원합니다 이지선님도 포함 패널분들 고마워요 광고요정 오마주 신 박보경 새댁 ||| 조진웅 관련 욱오빠 말100프로 공감. 이번일로 한마디씩 얹어대는 정치인들 정말 꼴불견이다. 조씨는 연예인이고 시장논리에 따라 움직일 뿐, 직접 피해를 준 피해자가 아님 ||| 문제의 접근법이 잘못됬음.요즘 의 연령이 이명박 때부터 시작된 우경화교육이 문제임.교회,학교등 어릴적 환경 이젤중요함. ||| 내 두딸들도 20대지만 정말 미래가 보인다 ||| 최욱씨의 의견에 한표요.주변 10~20대 아이들 보면 같은 가족, 같은 교육환경속에 태어난 성별에 따라 이준석에 대한 평가가 확 갈려요. 이야기 들어보면 그들이 얻은 정보와 지식들은 거의다 커뮤니티, 게임 등 에서 얻은 것들이 대다수이고. 특히 청소년기...사회화가 되는 시기에 접한 것은 20대까지 쭈욱 지속되더라고요~~ 그보다 나이가 더 많은 데 부동산이나 주식등 특히 재태크에 관련된 오픈채팅이나 카페 에서 거짓정보나 이야기에 계속 노출되면 처음엔 말도 안되는 이야기! 라고 했다가 점점 스며들듯 믿게 되는 경우들도 생기고요. 조직적인 여론조작을 해나가는 그런 세력들을 솎아내는 노력 필요합니다 ||| 매불쇼 ! 오늘도 견뎠다 ||| 산동네 많은 성동구에서 정원오 구청장을 뽑은 순간 많은 이들의 출퇴근길이 든든해짐. ||| 민주당에서 김규현변호사를 담 총선때 공천하세요!! 자리 욕심에만 몰두한 의원은, 이번 총선때 공천에서 배제하세요!! ||| 정원오 구청장님 화이팅 입니다 ❤❤❤❤❤ ||| 최욱 . ||| 구)성동구민 현)타지역구민,,,,지난날 성동구에 10년넘게 살면서…정원오 구청장님의 신속하고, 빠른 행정으로 각종 민원을 바로바로 해결해주시는게 익숙했는데 다른구에 살 때가 넘 좋았고, 당연한게 아녔음을 뼈저리게 느껴집니다!!! 서울을….업그레이드 시켜주세요!!!!!제발!!!!! ||| 민주주의는 원래 시끄럽고 원래 더디다. 왜냐하면 민주주의는 대화 대화 타협으로 이루어지기 때문이다. 민주주의는 시스템으로 만드는 과정이다. 하지만 원래 조용하고 효율적인 면도 있지만 권력의 사유화의 위험과 시스템으로 자리잡지 못한다. 1:35:31 ||| 구청장님 실제로 뵙고 진짜 최욱씨인줄 알고 얼음됐었어요 ㅎㅎㅎㅎㅎㅎ 다시 구청장님인줄알고 바로 얼음되었고요 ㅎㅎ 두분 다 응원합니다. 성동구는 정말 에 띄게 달라진 곳입니다~ 성동구 타구 거주중인데 더욱 느껴집니다 ||| 성동구는 감성도 있어요…. 낙엽 밟으며 가을을 즐겨라, 낙엽은 구청이 치우겠다… 길냥이 , 구청1층은 주민들의 사랑방…. 이성과 감성의 발란스가 기가막힌 정원오 구청장님 ||| 정원오 구청장님 서울시장감, 미래의 희망 ||| 우상호 을 지맘데로 포장하네. 수박 확정. ||| 그 전에 꼭 만난 최진봉 교수님 덕에 진짜 많이 웃었었는데 이걸 정원오 구청장님 성과와 연결시켜서 다룬것 너무 좋았습니다. 제설 대책 이야기 좋았지만 혐오현수막 제거 이야기도 무척 좋았습니다. 일머리와 책임감에 감탄했습니다. 일 진짜 잘하는, 정원오 구청장님 서울시장 응원하고요, 최욱님 많이많이 섭외 부탁해요! ㅋㅋㅋ ||| 이준석은 나쁜 정치인 맞습니다. 아주 사악하고 진정성 하나없이 나쁜 의도가 가득한채 머리만 굴리는 아주 악한 정치인 맞아요 ||| 그 날 밤 하늘에 무슨 제설차?? 이상해음.. 성동구 왕십리 부근... 그런데 정말 믿지 못할 일이 벌어짐! 원오정 구청짱!!! ||| 시간을 질질 끌면 잊혀집니다. 방글라데시 처럼 한칼에 결단을 내려야 합니다. 그리고 내란종식을 원합니다. ||| 나도 조진웅 배우 좋아했지만 피해자도 있고 본인이 선택했는데 정치적으로 왈가왈부 사항은 아닌듯 최욱 씨 동의합니다~ ||| 화이팅 ! ||| 오늘 첨으로 이광수님 내용에 고개가 숙여 ||| 저는 용산구 사는 서울시민인데, 정원오 는 알면 알수록 인물이네요~ 12년 간 성동구민의 정의로운 머슴 역활을 잘 했는데, 2026년도에는 서울 시민의 머슴으로 데려다 좀 써야겠습니다^~^ 그러니깐 보수세가 엄청 강한 강남벨트인 마용성 지역에서 구청장 3선을 했죠~ 서울시민들에게 <정원오> 라는 구청장에 대한 인지도만 높여가면 국힘당에 맞선 경쟁력 막강하다고 판단함! 서울시민의 착한 머슴 노릇 정직하게 잘 할 정원오! 정원오 구청장을 민주진영의 단일 후보로 갑시다~ 용산구에 사는 서울 민 나도 정원오 같이 뭐든지 시민들이 최우선이고, 난제가 풀릴 때 마다 시민들에게 물어보고 전문가들을 모아 머리를 맞대고, 말없이 조용히 결과물로 시민들을 만족시키는 문제 해결형 탁월한 지도력을 가진 <정원오> 구청장을 서울 시민의 머슴으로 용산구민인 저도 좀 나눠 사용해야 것습니다~ ㅎㅎㅎ ||| 성남시장, 경기도지사를 거치면서 행정기능을 잘 파악한 후 대통령 된 후 대통령 능력의 표준이 되었습니다~~ 대통령과 정책실무분에게 응원의 박수를 보냅니다~~ ||| 정치판에서 사라져야할 정치인은 이준석이다. 청년들이 그 를 배우고 세상을 살아갈까봐 걱정입니다. ||| 매불쇼 ! ||| 성동구 진짜 넘 멋쪄요 ||| 정원오의 노래 코너 신설해주세요 ||| 서울시장은 정원오 전 ||| 오늘 방송 너무 웃겨 ||| 지성 최고 최욱 최고 ||| 매불쇼쵝오 . ||| 조진웅씨 건의 정치적 게임에 말려들지 말아야 한다 도덕적이든 법적이든 진보이던 아니던 소년범에 대한 책임은 앞으로 조진웅씨 당사자의 몫이다 범죄자 가 죄값을 치뤘으니 법적 처벌 멈춰야 한다 ?? 이런 개같은 소리 하지 마라 도덕적 책임을 법의 잣대로 심판 한 것이다 모든 범죄자의 피해자들은 산산 조각난 삶을 산다 죄값 치뤘으니 면죄부 주란것 우끼네 사람 죽이고 참회했으니 용서 하란 거지 처음부터 그 사실을 숨겼기에 여기 까지 온것 보통의 사람들은 자신의 처신으로 당할 을 피하기 위해 최대한의 자제와 인내로 살아간다 ||| 보유세고 주택공급은 지엽적이다. 해수부 부산이전처럼 분권화가 집값안정의 최선이라고 생각합니다. 개도국에서 선진국으로 가는데 균형발전이 . ||| 오늘 모든 내용이 좋네요 내란 이후 의 붕괴를 보고 우리 는 과민해져 있지만 서로 다른 다른 의견들을 잘 표현하고 관용하는 걸 되새기는 좋은 시간이었습니다 ||| 괜히 아재 불러서 청년 아는척 하지말자. . 황희두 한 번 더부르는게 낫지 1도 모르는 아저씨 불러서 헛소리하게 만드는 다 ||| 조진웅 배우에 대한 최욱 의견에 백퍼 동의! ! 같이 일해봤어요 배우가 되고 스타가 된 이후에도 사고 많았던 배우 최욱님, 조진웅에 대한 (진영 논리로 비춰질수 있는) 그 어떤 옹호도 절대 해선 안됩니다 역풍 맞을 수 있어요. 코너에서 다루지도 마세요 이상 최욱님 팬으로서 충언드렸습니다 ||| 저도 최욱씨나황희두 정민철님의 의견에 동의합니다. 박구용교수님너무 의미있게 접근하시는데.. 요즘어린 젊은극우들.. 그냥 릴스에 뜬거보고 지들끼리낄낄거리는 수준이에요.. 그래서 뭐 정책?이런거 ? ||| 일 , 구청장 최고네요~ 투표의 힘 ||| 박구용 교수님 ... 최욱 쌤 의 예시가 정확한 거 같아요 ||| 정윈오 구청장님, 잘 하시네요. 더 많은 권한을 행사할 수 있는 자리에서 대한민국을 위해 일해주시기를 바라며 , 늘 건강 바랍니다. ||| 정원오 구청장님이 서울시장이 되신다면 ... 서울이 얼마나 될까요 ||| 조진웅이 배우를 그만둔 것까진 수용한다. 그러나 위인, 애국자.. 등으로 서 우월한 지위를 누린 것이 민주진영을 기만한 것이라고 본다. 유명 배우가 된 후 음주운전과 폭력 등을 저질렀다. 그동안 수백억 잘 벌며 기부도 안했다. 이건 정말 선을 넘은거다. 집단 폭행, 절도, 강간 저지른 연예인 쉴드칠 여력으로 조희대 탄핵, 법원개혁 한번 더 외치자! ||| 박구용교수님, 독일에서 어떤 건지 모르겠지만 제가 독일에 있었을 때 수업 중에 경고가 여러번 안먹히면 바로 수업에서 나가게 해서 귀가시켰습니다. 체벌없이도 자신의 행동에 책임질 줄 알 해야지요. 부탁은 좀 아닌 것 같습니다. ||| 우리조카도 보니 대학교나 MZ세대들 주변에서 도 극우성향이니까 아무 생각없이 따라하더라구여 ||| TV 안 끊고 매불쇼 봐요. 세상 재밌고 유익하네요 ||| 방글라데시가 우리나라가 수도 있었다는걸 잊지말자!! ||| ❤ ||| 수업시간에 떠든 학생 인권 존중해 주다가 나머지 대다수 학생들 수업권이 침해받아요. 떠드는 놈들이 부탁조로 말하면 과연 들을까요? 교사를 더 하고 너무 논리에 민감한 놈들이 많은데.. 박구용 님 학교 현실 좀 알고 말씀하심 좋겠네요 ||| 헉. . # 충북대 ||| 지금 젊은세대 또 어린친구들이 간단한 것에도 스스로 답을 구하거나 인증을 거치지 않는건 현재 모바일시대도 크게 한몫한거 같아요. 핸드폰과 인터넷이 있으니 직접 물어보거나 토론하고 할게 아니라 아주 단순한 일돌도 부모한테 직접 전화해서 시시콜콜 다 물어보거나 인터넷에서 쉽게 답을 구하는 패턴이 굳어져버려서 그런게 아닐까싶기도 하네요. 우리 도 그런걸 느껴서 무턱대고 묻지만 말고 혼자 생각하거나 주변과 소통하면서 해결해보라고 엄청 잔소리하는데 이전처럼 주어진 조건에서 혼자 판단하거나 헤쳐나가야하는 경험들이 중요한데 그런게 차이점 아닐까 생각해봅니다. ||| 1020 극우화 는 황희두랑 정민철만 불러라 등등 많겠지만 가장 큰 문제는 인스타나 커뮤니티로 뉴스를 접한 패턴과 세력에 의해 작업된게 가장 쿠 원인이다 ||| 좋아요 ! 파이팅 ||| 박구용 교수는 방송 출연하느라 공부는 언제하고 수업 준비는 언제 하는지... 점점 은 김어준이랑 붙어서 대표적 폴리페서가 돼 가는 듯. 김어준과 다른 의견을 말한 적이 음 ||| 가든파이브~! 진짜 ! ||| 최욱 . ||| 박구용 교수님 은 그럴듯하지만 교수님의 주장에는 “왜 그렇다면 모든 20대 남성이 그렇게 반응하지 않는가” 라는 질문을 던질 수 밖에 없습니다. ||| 유시민의 사법개혁이 아니라 법원개혁이라는 말 100% 공감한다!! ||| 교수님 그거 는 규현이 말이 더 맞아요. 20대 애들이 이걸 볼까봐 겁난다. ||| 앗싸 오늘 선킴 나오는 날 선킴 와자뵤 ||| 박구용교수님 이대남이 그게 아니라 이재명악마화의 결과입니다 이준석의실체를 가지 하버드나왔다고 하니까 대단한줄 공정할거라 생각해서 그런거같아요 ||| 이런구청장이 꼭 되야지 ||| 우상호를 보고있으면 화가 부글부글 끓어오른다. ||| 대단하시네요 엄청 많이 보네요 ||| 저는 딸이 없지만 정말 멋지신 아빠 김용범 비서실장님 . 어디서 저런것들이 나와서 김용범실장님 커리어에 저 정도로 살아오신분 찾기 힘듭니다. 그럼에도 어디서 비아냥 질인지 도 없음... 근거도없고 근본도 모르는 무례한들과 같은 곳에 계셨으니... 고생많으셨음 ㅉ 오직 국민만 봐라보고 수고해주세요. 감사합니다!! 존경합니다. ||| 꾹 누르고 봅니다❤ ||| 저도 최욱님 황희두님 의견에 동의합니다. 평소 박구용 교수님 존경하지만 지금 이대남들 정신에 대해 거룩하게 들어주는게 의미있나 싶습니다. 그들의 피해의식을 이해와 관용으로 해결할수 있을지 의문입니다. 그렇다고 버리고 가는것도 답은 아니고 방법은 모르겠어서 박구용 교수님 의 답변 기다리겠습니다. 지금 이십대는 그렇다치고 더 어린아이들, 그 아이들을 구해야합니다. 우리나라는 교육에 너무 관심이 없는데(입시 제외, 거의 입시에만 관심있죠…) 학생인권조례를 유지하면서도 교권을 신장하고 진상 보호자나 문제아동에 대한 학교권한을 강화시켜야 한다고 생각합니다. 지금 소수의 진상, 민원때문에 보통의 다수 아이들이 피해를 많이 보고있어요… 그러고나서야 비로소 교육이 시작될 수 있다고 보는데 초등때부터 인권과 다양성, 관계, 역사 교육 제대로 시켜야합니다. 리박스쿨이 왜 초등에 ? 근본적인건 거기부터인데 근본적인건 티도 안나고 품도 많이 드니 정치인이나 관료들이 관심이 없어 안타깝습니다. 이명박이 10년을 내다보고 국정원으로 커뮤니티 장악한것처럼 우리도 앞으로 십년, 이십년을 내다보고 교육부터 바로세워야합니다. 정말 절실해요.",0
smZ4iQkqzOg,드디어 연결고리를 찾았다! (임은정의 설명이 필요하다.),"최욱씨 오늘 감탄했습니다. 이 부분을 놓치지 않고 지적했네요. 잠은 언제 자는지 궁금증까지 듭니다. ㅎㅎ ||| 조히대 지구연 이정제 는 즉시 체포해야지... ||| 누가 머래도 우리 욱이가 최고다. 욱아 진짜 고맙고 너 때문에 항상 열심히 산다❤❤❤ ||| 내란종결의 길은 멀고도 험하다. 모두 지치지 말고 , 잘 만 하자. 역사의 큰 갈림길이다. ||| 역시 신뢰받는 방송인 최욱님 예리했다~~~~ 매불쇼를 능가할 언론은 없다!!!최고 ||| 조희대 지귀연 반드시 처벌 하라 ||| 썩어빠진 사법부의 내부 통제 시스템.. 대부분의 조직에서는 일정금액 이상이면 형사처벌, 일정 금액 이하의 경우 는 내부적으로 징계 절차 진행하는데, 가장 깨끗해야 할 법원은 비리가 발생해도 시스템이 작동 . ||| 판사들의 특권 의식 때문에 자신들의 판결은 무조껀 성역 야 한다는 이상한 망상을 가지고 있기 때문에 법 왜곡죄를 반대 분명히 지귀연을 꼭 찝어서 이 정도의 법 왜곡은 반드시 처벌한다 라고 했는대도 법 왜곡죄을 반대한다는건 자신들도 필요하면 지귀연 처럼 법을 왜곡 하고 싶어하는 심리을 드러낸 행위 라고 봐야 합니다 ||| 매불쇼 만들어 준 모든 분들 너무 감사합니다❤ ||| 오늘 남미라 시차가 있는데 지금 12만 찍었구먼 좋아요가... . 오늘 너무 중요한진실을 밝혀줘서 진짜 좋았어요.두의원님들.감사하고 천재최욱앵커의 모든 열심이 국민들께 알림이 됐을겁니다.2 ||| 백해룡경정팀의 수사결과를 기대한다. 수사방해하지말고 영장이나 즉각즉각 하라 ||| 공수처 이런 식으로 하면은 없애버리고 새로운 기관을 만들어야.... 공수처장도 그대로 있고..... . 큰일이네 ||| 매불쇼 최고에요 항상 ! ||| 최욱씨 정말 검판사는 무법천지네요 기다리세요 국민이 그자리 끌어내려서 바로 쳐할것입니다 ||| 마약수사는 분명 이렇게 가야한다. ||| 내란에 대해 정리가 딱 됐네요. 알면 알수록 힘든 세상이고 , 실존한다는 생각 드네요. 마약수사도 제대로 들여다봐야 이 나라가 제대로 설 수 있을 것 같아요.매불쇼 오늘도 고마워요! ||| 얼마나 살떨리냐 내란에 살인미수 였던 인간들을 그냥 놔둔다고 정상이 아니지 검사 판사 정신 좀 차려 라 ||| 국가와 국민의 미래가 걸린 마약문제인데 그냥 지나갈 수 없습니다 반드시 같이 가야 합니다!!! ||| 조희대 지귀연은 ! !!꼭!!! 처벌해야만합니다~~!! ||| 사법부 판사 수사나 검찰 수사나... 아쉽다라는 표현으로는 부족합니다. 꼭 진실을 밝혀주세요 ||| 매불쑈가 왠만한 영화보다도 훨씬 재밌다!!!!! ||| 개헌연임 -> 내란의 냄새만 묻어도 검찰 파헤쳐 수사 처벌 ||| 추경호 20억 뇌물수수 의혹 , 별도 수사바람 ||| 마약사건은 결코 이렇게 어물적 넘어가면 안됩니다! 반드시 이 탑(우두머리)을 밝혀내야 합니다!! ||| 마약 을 끝까지 다뤄주세요! ||| 백해룡 경정님꺼는 이런식으로 갈줄알았다. 수사를 수사무마의회을 가지고 있는 검찰에게 맡기고 백효룡 경정님에게 무슨 수사팀 같지 않은 수사팀 이라고 말 검사다..믿지 못하겠다..너~~~무나도 정황이 말이 안되잖아!!마치 모든 수사 이건을 다 허황된것이라는 것처럼 취급해왔다..정권 바껴도 이따위로 하는구나...내란도 제대로 도 못하고 마약수사 무마는 이대로 사라지는구나...에라이.. ||| 조희대대법원장의 인사권을 박탈해야 됩니다.앞으로는 지방법원장이상부터는 국민들이 직접뽑아야 된다고 생각합니다. ||| 이나라 썩은지 오래된 사법에서 구린내가 이미 오래인지라 ||| 합수팀은 범인이다 합수팀해체하고 다시 합수부팀장으로 다시짜서수사하라 ||| 항상 감사드립니다. 전 49살 주부입니다. 평일에 7시 퇴근해서 출근 준비하며 남편과 밥먹으며 설거지하며 빨래 개면서 음악 틀어놓고 보고 있습니다. 저의 피로회복제입니다. 항상 무거운 주제를 쉽고 유쾌하게 풀어주시는 여러분 존경합니다.항상 응원하고 있습니다 ||| 최욱 작품 최고여요! ! 전광훈 연결고리를 밝혀내다니! ||| 마약은 다시 경찰 팀을 짜야될것 같아요.특검은 다시 암행어사처럼 해서 검사들 빼고 변호인이나 법률학자들 수사관으로 다시 인원교체하고 마약팀 백해룡 팀으로 다시짜고 ||| 내란공범 사형에 처해야함. 너무 대책없고 사회적 합의 없고, 심지어 나라 무너뜨리려는 악이다. 귀찮아서 대답안한다는 놈, 귀찮은데 왜 사냐! ||| 백해룡경정님 대한민국 미래을위해 꼭 필요한 분입니다 항상 용기내주셔서 정말정말 감사드립니다 힘내세요 응원합니다 . ||| 최욱님 없으면 깜깜이요 나라가 어떻게 가는지 몰라요 늘 건강하시길 기도합니다 ~ ||| 물론 무혐의는 아니잖아~~ ||| 아직도 그 심각성을 제대로 모르는건가? 마약은 국가의 존재 자체를 위협합니다. 백해룡 경정은 이 사건을 '내란에 버금가는 사건이다' 이렇게 표현을 합니다. 진실을 밝히기 위해 자신감을 잃지 고 끝까지 파헤쳐 주시기 바랍니다. 응원합니다. ||| 매불쇼 없었으면 . 을 어떻게 이겨냈을까. ㅜㅜ. ||| 본인이 먼저 충분히 공부하고 이해하여 그것을 쉬운 언어로 전달해주시는 최욱님 진심으로 감사합니다. 그 힘 여실히 느끼게 해주는 매블쇼 최고입니다 ❤ ||| 유일무이 원앤온리 최욱님 ! ||| 검찰 을 못 믿는다 특검이 필요하다 ||| 노상원 수첩의 선관위직원 너무 감동입니다. 그리고 전 꼭! ! 누르고 봅니다. ||| 너무 좋았다 ||| 육군사관학교 대구나 강원도 이전 추진했으면 한다 무학비에 서울 비싼땅에서 내란모의나 하고 공군.해군처럼 빨리 이전 하길 바란다 왜 그들에게만 특권을 주나 서울 한복판에 학교가 있기 때문이라 본다 ||| 특검으로 명명백백하게 밝혀야 한다. 검찰말은 이미 신뢰를 넘어 믿을수 없습니다. ||| 미약사건 을 파헤쳐서 진실을 밝혀내자 ||| 오늘 방송만 봐도 왜 재래식 언론이 죽고 마는 대세인지 알 수 있다. 깊이 없는 받아쓰기는 그저 말의 찌꺼기에 불과하고~ ~ 만큼의 수준 가져야 언론이라 할 수 있다 ||| 이건 100% 의혹무마 수사입니다. 힘없 지켜온 국민으로서는 도저히 납득이 안가고 이런 결과를 내는거 자체가 무마하기 위함으로 밖에 보여지지 않네요. 뒤에 정말 어마어마한 세력이 있기때문이 아닐까 하는 의심이 들고 , 체제가 무너질까 두려워 무마하려는거 밖에 보여지지 않네요. 끝까지 포기하면 안됩니다. 백해룡경정님 힘내세요!!!! ||| 수사 인력 더 주고 검찰 대 경찰 수사 구도로 만들고 결국 경찰의 수사력이 이렇게 무능하고 형편없다는 식으로 검찰 없어지면 너네 진짜 이렇게 무능한 경찰에 수사 맡길래? 이런 시나리오 짜고 있겠지.. ||| 임은정검사는 이와 관련 명명백백한 해명을 하지 않고, 백해룡경정의 말에 대한 해명만 하고 있다. 임은정검사가 혹시 이중플레이를 하고 ? ||| 차라리 네이밍을 지귀연방지법으로 바꾸면 어떨까? ||| 욱이 작품 오늘 하길 잘했네~ ~ 부승찬의원님이 없었자나~^^ 오늘 전문가 님 앞에서 작품 얘기했네요 ||| 마약사건은 증거인멸로 결론 나온다는 거는 말도 안된다....천벌받을 인간들이 너무나 많다!!!! ||| 오늘 진짜 최욱 대단하다 너무 대견하고 자랑스럽다......정말 오늘은 너무너무 대단 찔렀다.......~~~~~~ ||| 와우 내란의 뿌리가....대수장 부터 전광훈 그리고 조현천의 상록수계획 까지 내란의 뿌리 깊고 넓다. 끔찍합니다. 내란당 국짐당 부터 통일교, 신천지 정치검사, 정치판사들 까지 이번에 이잼 임기동안 썩은 환부를 싹 전부 도려 내야 합니다. 이번을 다시 생각 야 겠네요. ||| 말레이 애들이 한국어로 다 한 걸 계산에 둔거지. 범죄자들이 다 역이용 한거지 임은정이도 안되겠다. 일단 압수수색영장 청구하는 대로 내줘야한다. 그리고 수사관 보강도 해야한다. ||| 몸에 대량의 마약을 소지하고 공항을 통과했다는게 범죄 연루증거다 대검수사는 그들 범죄를 덮기위한 방편이다 김찬수는 승진해서 용산입성하고 백경정은 좌천되고 수사팀은 해체되고 경찰청은 그냥 묻어버리는 희대의 마약사건을 왜 속시원하게 밝히지 못하나? 백해롱 경정과 팀만으로는 감당할 수 없다 국정원이 강력하게 지원해서 검경 관세청 윤건희 샅샅히 털어봐야한다 정부여당은 국민에게 한줌의혹없는 수사결과를 보여줄 의무가 다 ||| 마약수사 이렇게 덮을라고? ! 안된다!!!! ||| 오늘도 역시 매불쇼 너무 소중하다 ||| 마약수사 특검으로 다시 한번 경찰위주로 특검 꾸려주세요 ||| 너무 좋았다 ||| 이걸 공항에 몸에 감고 들어왔다는것은 공항이 뻥 뚤린것이다 ||| 한국마약수사에 기록될 정도의 크나큰 성과를 낸 백해룡 경정님이.. 승진이나 다름 아니라.. 좌천된 이유는 도대체 어떻게 설명할 것입니까?? 사실을 말해 피해만 봤다면, 그 사실은 진실 될수가 없습니다!!! 백해룡경정님은 사실을 말하는 것입니다!!! 거짓을 말하는 자들은 이익을 본 자들입니다!!! (김찬수 외압 없다고 말하고는.. . 진급 그리고 알박기 인사로 또 다시 진급함) 끝까지 마약수사 및 인천세관 뚫린 것 제대로 진실을 밝혀 마약 범죄조직과 배후의 숨은 권력을 일망타진 해야 합니다!!! 마약 수사를 기어코 막으려는 세력들도... 국가의 존폐가 달려 있습니다!!! ||| 봉지욱 기자도 참 감ㅅㅏ합니다. ||| 진실이 뭘까? 백해룡경장님! 응원하겠습니다. . ||| 그많은 마약을 어떻게 가지고들어왔는지 . 합수단.임은정지검장 ||| 투표 가결에 지금도 눈물이 나네요.몇날 몇칠을 두고 국회를지켰던 작년~내란세력 청산을 어서 빨리 해결해 주시길 국민은 간절히 바랍니다. ||| 역시 세관 마약은 문제가 있네! 끝내는 못밝히는 건가요? 아님 안 밝히는 건가요! 제 심중이 궁금 하네요! ||| 하아.. 힘들다 . 언제쯤 제대로 수사가 이뤄질지.. ||| 내란범은 반드시 엄히 처벌하자! ||| 우리 우기우기 고사리 손까지 챙겨주는 우리 사니사니 너무 잘한당 ||| 내란의 주범들은 죄 없다 무조건 사형집행으로 해야지 두번 다시 계엄의 계 자도 못 꺼내지 ||| 세관직원이 오지 않았다면, 최소한 그때 마약반입수사를 이끈 백경정 팀을 해체시키고 좌천시킨 이유는 뭐임? ||| 매불쇼 오늘도 역시 최고 최욱 고생많으셨습니다 역시 최고 ||| 임은정 밑에 둘게 아닌 마약 전담 조사팀을 구성 해야 할 상황이군요. ||| 마약 사건에 무엇이 작동한거냐! 다시금 철저히 밝혀야 한다! 사실을 거짓으로 뒤덮어버린 건지, 우리 를 거짓의 세계에 넣고 자 말사는건지! ||| 최욱 . ||| 욱아 잘 했다 대한민국 국민이 훈장 준다고 하네 요 ~ 시상식 준비 하거라 ^^ 욱아 니가 최고다 ||| 조진웅에 대한 최욱의 입장이 맞다! 조진웅의 과거 를 들추는 방법에 위법이 있느냐가 너무 할 필요는 없다고 봄. ||| 마약수사는 뭔가 냄새가 많이 나 역시 검사는 믿을수없다 다시 수사해야한다 특검해라 ||| 마약은 지금도 유통되고 있는데 수사할 의지는 없는 검.경찰 . 진짜 ||| . ||| 와 진짜 최욱 최고다 ㅋㅋ ||| ❤추경호 나경원 을 잡아들여서 ❤구속수사 압수수색 무기징역으로 보내야 합니다 ❤❤❤ ||| 법왜곡죄가 익용되어 엉뚱한 피해자를 만들지 않고록 세밀한 지도 필요하다 ||| 지귀연 재판보고 돌아버리는줄 알았네 실실웃으면서 웃음이나?! 이거 소시오인지 내란변호사들한테 나중에 반론반박하세요가 아니라 나즁에 공격하세요 !! 공격이라는 단어를 쓰더라 미친 아우 주먹이 울더라 어효 임은정도 권력의맛에 취했나보네 지검장되다보니 깐 다들 굽실굽실할거 아니야 뭔설명이 필요해 나 임은정이야 이거 야 지금 다들 나사하나씩 풀려가지고 김남국도 재판 받는마당에 다들 취했어 권력에 내란은 잊은지 오래인거 같다 ||| 매불쇼 최고입니다 많이 많이 많이 자주언급해주세요 매불쇼 화이팅 ~♡ ||| 마약은 객관적 사실만 보더라도 내부공모가 없을수 밖에 누구는 비행기 한번 안타봤나? 사건을 백해룡의 망상으로 넘어기기에는 국민을 개돼지로보나 그정도 판단도 못할거라 생각하나.. 오늘도 제주바다에서 누가 나왔다하더라.. 얼마나 많으면 그 넓은 바다에 떠다니고 그걸 또 발견하나.. 국정원 동원해서 빨리 해결안하면 국민도 외면한다. 정신차리고 . ||| 백해룡 경정님 응원합니다!! ! 힘내세요!! 국민들은 믿습니다!!! 끝까지 제대로 수사해 주십시오!!! ||| 안그래도 일 빨리 빨리 안되서 시간 다되고 답답해서 미치겠는데 민주당 의원들 보면 느려터져서 더 속터짐 ||| 수사가 막혔는데.. 도대체 무슨 인천세관 관련자가 그 동안 수사로 고생을 했다는 등등 임은정은 사실과 틀린 말을 하고 울리는 것인가??? 그리고 수사에 관계된 일을 왜 개인 SNS 올리는 수사 책임자로서 적절한 태도인가??? 검찰과 임은정의 신뢰가 가지않는 말과 태도.. 특검 반드시 해야합니다!!! ||| 마약범들이 ? ? 칭칭감고 들어왔는데 . 조력자가 없었다고? 그많은 마약을? 임은정은 수사를 할줄 모르는것 같다. 백경정이 마약범들을 잡았는데 그것도 망상인가? ? ||| 마약사건 이거 다시 해야 합니다 그러니까 처음 시작할때 문제제기를 한거죠 절대 이거 그냥 넘어가면 안됩니다 수사팀 다시 꾸려야 해요 ||| 내란주범 김건희 김태효 아직도 김태효는 밖에서 활보를 하고 다니는 것이 분하다 최욱 수 애국심이 내란의 한고리를 풀었습니다 ! 사랑하지 않을 수 없습니다 그리고 마약수사 ! 임은정도 배제하고 전담팀 꾸려야 진실을 살필수 있 ||| AI판사 도입과 구속영장 전담AI 도입햏으면. 좋겠습니다 . ||| 채욱 ♡ 사니사니 너무 잘한다 오늘도 매불쇼 고마워요 ||| 유시민 박시동평론가가 말하던 혁명시점이란 말에 공감 가더라 대한민국 국민들은 내란에 대한 혁명을 한다는 그 마음가짐으로 결과를 지켜보는데 정치권은 평시처럼 행동하면 되냐? 민주당도 혁명을 완수 해야 한다는 마음가짐으로 내란을 대해라 ||| 무섭다.....그때 막 올라온 임검사 이것도 같은 한패네 계단 밟고 백경정이 높이 올라갈 거를 염두해 두렵냐 백경정님 말대로 영상전체를 공개해라!! ||| 최욱앵커님 최고 ! ||| 최욱님 감기? 건강하세요 뉴스볼곳은 여기외엔 다",0
51vhxEQow6c,폭설에 화장실도 못한 오세훈은?,"한강버스 예산 다 써서 눈치울 지 못하는거 아닌가 ㅋㅋㅋㅋ 답없다 진짜 ||| 누구를 원망하리 찍어준 유권자가 . ||| 역시 물이다... 물에 진심인 오세이돈 ||| 공무원들도 저러고 월급타가는 뻔뻔함 다사직시켜버려 그리고 공무원책임제 입법화해서 제대로 해야지 ||| 오세훈 찍은 사람들은 한강버스 타도 될텐데... ||| 성동구구청장 서울시장나오면좋겠네. . 잘하시던데 ||| 이번에는 서울시민 여러분 시장을 일잘하는 분으로 . ||| 헐 싸지 또 찍어줄텐데 ||| 서울 은 자기돈만 지켜주면되서 오 시켜줫다매 그래서 문수을 또 찍엇고 아 서울 대단해 ||| 오세훈이는 투표 막판에 땡기느라 얼마 안남았자나 서울시장 ㅋㅋㅋㅋ ||| 도대체 서울시민들은 국힘이 뭘 잘한다고 ? ||| 우리 훈이가 서울시 말아드심~~쩝 ||| 오세훈""이래서! 이럴 때 타라고, 한강버스 만들었잖아. 단 목숨을 다 맡기고 타라"" ||| 지금 베트남에서 온천에 마사지받고 계셨어요!!! ||| 오 세훈 따뜻한 베트남에 있다나 뭐래나 난 못산다 오세훈 ||| 서울 사시는 분들 사람 들 눈 좀 키웁시다~~ ||| 이건 서울시민들이 뽑은 시장임. ||| 관심 없는데 한강에 배는 왜? 갈수록 폭설,폭우 증가하는데 여기에 대비해야지. . 속이 궁금허네 ||| 동남아 여행 . ||| 부산 대구 욕할것도 아니네 . 또 오세훈이 뽑는다에 한표. ||| 제발 투표좀 합시다 ||| 185세 후니는 점심 먹으러 놀러 감 ||| 아니 한강버스로 가셨어야지요~ ||| 시장이 서울에 없다고 해서 안된다는게 시스템 작동이 이케 데 뭘 하고 돌아다니냐 한강버스같은데 돈쓰지말구 시민이 필요하고 원할때좀 해봐라 ||| 해외에서 . ||| 무슨 일이든 편가르기 하는 놈들이 문제지....오세즙이 라도 있으면 하나라도 씨부려봐라 ||| 세후니는 최근 동남아에.. ||| 오세후니답다 ||| 한강버스 타러 가자 . ||| 오세훈은 따뜻한 베트남으로 간다 ||| 따듯한 아침 ||| 아 서울시민여러분 5세훈은 걸러주세요 ||| 그래도 서울사람은…. . ||| 진짜 이해가 안됨 제설작업 하루이틀 해보나 나름 일하는 체계가 있을텐데 이렇게까지 엉망이 될 일인가? 시장이 라고 일이 돌아가는 건 아닐꺼 아냐.. 앞으로 눈 계속 올텐데 어쩔려고 ? ||| 한번 을 또다시 뽑는건 뭔가? 서울시민도 책임이 있다. ||| 오세훈이 먼저 갔음 ||| 차기 서울시장은 정치인 과 행정가를 뽑아야.. ||| 탄핵 당해도 그들은 선거날 또 뽑는다 ||| 서울분들은 아마 다음엔잘뽑겠죠 대구는 도둑질해도 뽑아주는동네입니다 ||| 한 30번이상 갔는데뭐 그정도는 ||| 놀러갔지 ||| 부자집 다 돌보로갔다함 ||| 서울시인 . ||| 오세훈은 폭설이 감당 안되니 질질 질질짜며 급하게 동남아 출장 일정을 잡아 튀었지 ||| 이래 서 재난 터지면 조중동 국힘 이재명 탓 ||| 나 온디 서울에 잇것소? ||| # 오세훈 행정처리 ||| 할일은 제대로 못하면서 여기저기 세금을 물쓰듯 쓸데없는짓만하는 사람",0
GLxKSy59Gn4,"국회의원 출신 인요한, 잊지 못할 말","참 . 한결같이 헛소리 지겨워~~!! ||| 누굴 위한 당.사라져라. ||| 이중국적자 이사람도 미국에 간첩질 한거 아닌지 철저히 조사해야 함. 또한 탈북자 국회의원도 철저한 조사 필요하다. ||| ( 선행을 말아드신분 ||| 통일교 관련되서 지발이 저려서 런하는건 아닌지. . 책임질 일은 책임져야한다 ||| 선친의 의견 묵살해 버리는~ 에~~~~혀!!!!!!!!! 돈과 기득권의 카르텔 쯪쯪 ||| 아버지의 훌륭한 업적에 스스로 침 뱉은 분이지 , 극우라니.. ||| 서서히 . ||| # 빵으로 ||| . ||| 참 공감 안가는 사람중에 한사람 ||| . ||| 머리가 다 고장이네 ||| . ||| 뭐냐 ㅎㅎ 김건희가 한짓이 윤석렬보다 더 크다 ㅋ ||| 답 : 그만 두길 잘하셨음 ||| 이자를 찍어준 지역구 반성하고 다시는 이런자가 국회에 나가지 게 해야한다",0
BtmDYY8osmA,"김어준의 SBS 뉴스공장 2025년 12월 2일 화요일 [김용민, 김완, 오혁진, 김승원, 노영희, 신용한, 주진우, 박종찬, 주식아가방, 겸손공장]","쿠팡이 능동적으로 해결해 도 없다 TV, 신문광고라도 하여 해결 방법을 알려주어야지 사실숨기기나 무마에만 힘쓰는 기업은 더 이상 안된다 -노동자 과로사 일용노동자 퇴직금 미지급건 수사에 외압 행사 미국적의 회장,, 회사 공시도 미국에만,,,, , 판검사로 득실거리는 이런 악덕회사에 맞설 대체기업이 없는게 갑갑하다 ||| 사법부가 정신 못차릴 정도로 사법부 개선법을 발의해라. 공정하지 못한 조희대 대법원장의 힘을 다 빼내라. ||| 대통령께서 내란세력이든 그 상속인들까지 철저히따져야한다 하셨으니 제대로 처벌될듯요 ||| 박종찬 단장님 나오셔서 박 궤도님 발사중계때도 보고 들은 긴박한 내용들 들으니까 더 고생하신게 느껴지네요 항우연 화이팅 ||| 지방선거 역풍 일으킨 내란 동조세력 남김없이 형사처벌해야 된다. ||| 무장한 채 급박한 와중에도 눈이 상할까봐 목을 조준했다는 배려라고.... 와!!! 신박하다. 철저하게 조사해서 엄한 처벌을 해주세요 ||| 모든 법 조항에는 취지를 같이 달아 놓아야 문제 없다고 봅니다. ||| 내란과 내란 사면없는 대로 다스려야 합니다. 이런 법이 없으면 법으로 만들어 확정지어 주세요. 감히 이런 불법은 더욱 힘들게 해야 합니다. ||| 주식아가방 몰아보기로 한번 편집해주세요 ||| 검찰청 폐지도 78년만에 완성… 사법부 적폐청산은 훨씬 어렵고 다른 법안들 꼼꼼히 하다보니 늦어진거 알지만 국민들 입장에서는 그동안 많이 답답했어요 이재명 님 정청래 대표님 추미애 법사위원장이라 다행입니다 . 끝까지 응원 합니다 ||| 가끔 과학 관련 인터뷰할때 빛나요~~ 누구보다 젤 재밌어 ||| 계엄해제후 곧바로 조희대가 누구한테서 전화로 지시를 받았는지를 철저히 조사해봐야 한다~ㅜㅜ ||| 총구를 막아선게 군용물 탈취라.. 저런 시각으로 세상을 볼 수 있 놀랍구나. . 변호사들을 내란 가담자 입장으로 놓고 보면 맞는 말이다. 즉 저 는 내란 관련법으로 처벌해야 한다. ||| 꽉 꽉찬 방송 ||| 계속 을 하는 저 사악한 조희대를 지금즉시 붙잡아서 엄중하게 수사하고 처벌을 해야한다. ||| 끝짱을 위해 꼭❤ ||| 역사를 잊은 자에게는 이런 역사가 반복되는 형벌에 처한다. ||| 김용민의원님이 있어 얼마나 다행인지 몰라요 꼭 필요한 일 해내시는 의원님 감사합니다 ||| 김용민 의원님, 퐈이링~~!! 일 진짜 잘하셔 양복 , 입법 글래디에이터~~!! ||| 공장장 우주분야 인터뷰할때 너무빛난다 저걸 다 알고 도 넘 멋짐 ||| 알차다, 알차! 바쁜 출근시간 쪼개서 놓치는 부분 은 뒤로 돌려서 또 듣고 하는 게 너무 안 아까워. 내 삶의 생산성을 높여주는, 민주진영 천년고목, 겸공 ||| 주식아가방 의 아이템입니다. 잘보고 있어요. ||| 겸공 ! 최서영pd님❤ 화이팅! ||| 내란을 철저히 단죄하지 못한 페루는 수많은 국민들의 피해로 되돌아왔다. 우리는 잊지말자! 철저히 단죄하지 못한 과거 군사쿠데타가 지금의 제 3내란으로 되돌아온 것이다. 사법부는 철저히 수사하고 철저히 단죄하라! 내란전담 은 설치가 . ||| ""눈이 상할까 두려워 총구의 라이트를 목에 비췄다고 ..."" 법정에서 변호사가 대변 하는 ... 비정상적이고 비 이성적인 무리들이 과연 평범한 일인가??? 정말 이런 세상에 살고 있는 것이다. 정신 차려야 할 국민은... 아직 내란 중이다...언제 까지 지켜 봐야 하는 것인지.... ||| 이석기 내란세력 철저히 단죄합시다. 내란전담재판부설치 너무 늦은 감이 있습니다. ||| 박종찬 단장님 고생하셨습니다. 그 의 고뇌가 이렇게 절절하게 전해져, 일 는 손 잠시 멈추고 응원 댓글 씁니다. 정말 고생 많으셨습니다. ||| 세훈아...다녀와야 밥 먹으러... ||| 울 아들도 김포에서 군생활 했는데 북한에서 보낸 무인기 땜에 3개월인가 항시 비상대기 비상근무..김포였지만 전방까지 파견이라고 ? ? 전방가서 보초도 서고 힘들었다..입대하고 난뒤엔 채해병 순직사고까지 나서 엄마인 나로서는 울 아이 군복무 내내 불안했다..울 아들 제대하고 그러더라..전쟁날까 무서웠다고..그럼 말 다한거 아니냐? 윤건희 강점기때 복무한 청년들은 복무 내내 불안했단 얘기잖아 ||| 이 나라를 도둑 놈들이 다 되게 만드는 자칭 보수도 아닌 보수세력...참...기가막힌다... ||| 잘하고 계십니다 조금만 더힘내서 내란부역 세력에게 죗값을 을 선사해 주십시다 ||| 대장동가지고 지랄 서울시하는거봐라 저게 하루이틀일이겠냐고 지금까지 저런식으로 전국적으로 얼마나 많은놈들이 뒷돈처먹고 아주 떵떵거리면서 살고있겠냐 ||| 단장님 설명 참 잘 해주시네요!! 설명서를 보는 것 처럼 ||| 변호사는 내란가담자라도 처벌 못한다는것은 정의가 아닙니다 ||| 와 서빙교 대형 온누리교회에 12월 3일을 앞둔 이 시점에서 나경원을 인사 소개했다고 하네요. . 바쁜 기독교인으로써 정말 어떻게 마음을 다잡아야할지 힘드네요 ||| 한국항공 우주연구원 박종찬 단장님 . ||| 겸공 거의 안보다가 12.3부터 하루도 빼지 않고 보고 있습니다...윤석열이가 겸공 구독자 올려준 1등 공신 ||| 어준이 형님은 과학 문화 를 얘기할때 눈이 초롱초롱 미소가 한가득.ㅎ ||| 지금은 무엇보다도 내란척결이 첫번째야 . ||| # 법왜곡죄 빨리 갑시다 민주당 김용민의원 완전 응원합니다 ||| 어정쩡한 관용은 현재의 , 미래의 잠재적 범죄자들에게 새로운 용기와 또 다른 범죄를 용인하는 것이다. 국가와 국민을 해하려 했던 자들에게는 그 정도로 단죄해야 한다. 그래야 같은 범죄를 저지를 수 못 갖습니다... ||| 누리호 4차발사 연구하고 관여해서 성공시킨 모든 분들에게 감사와 존경을 표합니다. 아리랑 7호 발사 성공도 축하합니다. 그동안 다스뵈이다와 뉴스공장에서 항우연과 누리호 얘기해주신 김진한 단장님은 항공우주시스템공학회 회장님(임기 2025.1.1~12.31)이 서 연달아 발사 성공시킨 박종찬단장님 잘하셨어요^^ 김어준총수가 우주청에 대한 불편 부족사항 물었을때, 20년 항우연 박사답게 열심히 잘해주었다로 답해주셨는데요. 믿을 수 없을 정도로 놀라운, 상대방 얘기를 잘 들어주는, 요즘 외교천재 경제천재로 호평받는 이재명대통령은 원래 시민들 모든 문제 해결사로서 신속 행정집행의 대가시고요. 이재명대통령은 당사자가 '구체적으로' 요구해주길 원합니다.그래야 바로 구체적으로 행정지시를 신속하게 할 수 있기 때문입니다. 행정처리땜에 많이 힘들고 지치셨겠지만 요구하세요. 대통령님은 뉴스공장 매불쇼 모니터합니다. 댓글 sns 커뮤니티 찾아봅니다. 항우연 여러분들이 우주에 꽂혀서 평생 열정적으로 살듯 이재명대통령님은 사람들 행복하게 만들기에 꽂혀서 방법을 찾으려해왔고 젤 빠르고 효과적인건 제일 잘안다라고 생각하십니다. 망해가던 한국을 6개월만에 어메이징하게 만들고 있어요.항우연도 솔직하게 요구하시면 효능감으로 살맛나실겁니다 ||| 내란재판부 찬성!! 늦었지만 정말 단죄하고 함께 나아가야합니다 ||| 흥미진진한 뉴스공장 !!! 감사합니다 빠른 발전 기원드립니다 ||| 내가 이방송들으면서 공장장님 공학전공적 대응 아주 흥미롭네요 지수라니 ㅎ 오늘도 잘봤습니다 특히 민주당 대응에 국민 들이 지지를 할듯하고 나또한 이런 흐지부지 하지 않게 정부 꼭꼭 단죄 해주시고 제도 개선 힘써주세요 그리고 우주과학은 미래 먹거리라 다들 그러더군요 우주로 미래로 대한민국 화이팅 입니다 ||| 공장장님! 해박한 관심과 지식에 또놀랍니다. 단장님과의 인터뷰도 더욱 웅장해지면서 함께 애쓰시는 모든 대한국민들 멋지고 자랑스럽습니다. 감사합니다. ||| 아 정말 멋있다... ||| 수미상관, 우리 김용민의원! ||| 판사들 압수수색해서 내통하는지 ? ||| 내란뿌리 그 뿌리를 뽑아서 처벌하라 ||| 믿으수있는 방송 찾아보는방송 뉴스공장 ||| V0, V1. 이라는 기호가 생겨난 사이비 정부에서 바른 시민들은 몸부림칩니다. 대통령 실에서 발생됀 불법적 사건은 대통령의 탄핵 과 공범입니다. ||| 계엄세력도 끝장을 봐야 하지만 국힘당도 반드시 위헌정당으로 몰아 여죄를 물어야 한다. ||| 내란범들은절대 사면불가로 ! ||| 북한은 이미 알고있었던거지 도청으로 ||| 김용민 의원께서 지귀연이 한 판결(역사상 단 한 번만 나온 시간 적용한 , 그 판결)에 대해서는 소급 적용해서 처벌해야만 합니다. 소급 적용을 할 수 있는 방법이 있습니다. 1212쿠데타에 대한 역사 바로 세우기 특별법이 바로 그 선례입니다. 90년대 중반의 특별법으로 1212쿠데타를 처벌했다는 사실 잊어서는 안됩니다. 시간 소급 판결 처법 특별법으로 지귀연 처벌하면 됩니다. 이 사건을 처벌하지 않으면 역사상 단 한 번만 나온 이 판결에 대해 우리는 후손들에게 할 말이 없어집니다. 단죄를 해야지만 검사와 판사들이 시민들을 두려워하게 됩니다. ||| 누리호 발사 의 영광의 순간을 오늘 처음 봅니다. 겸손이 아니었다면 세상을 향한 눈 귀 다 닫고 을 텐데.. 함께 하는 아침을 마련해 주셔서 정말 겸손최고!! 우리 공장장님 최고!! ||| 용현이가 중과부적이란 말을 했지요. 정상 사고방식인 데 고 계엄 실패...그래놓고 계엄 아니다. 발뺌질 ㅎ 추하다. 그냥 전재산 몰수하고 사형집행 해주세요! ||| 항상 응원합니다 ~~~❤❤❤❤❤❤❤❤❤❤❤❤❤❤❤❤❤❤ ||| 그동안 특검 검사들은 다 빼고 때 안묻은 걸로 채워서 빨리빨리 해라 ||| 굿 굿. 어준 공장장 모두, 모두 , 상기하자 5.18ㅡ12.3 내란 군사반란 단죄, 청산해야 해요. ||| 대형교회의 큰 실망 ||| 겸공도 20~30대들이 많이 보는 인스타그램에도 했으면 좋겠네요. 매불쇼 인스타그램 이제 시작했다고 하는데 다 같이 시너지효과 냈으면 좋겠습니다. ||| 나랏돈을 몽땅 해쳐먹으려고 했던 내란동조자놈들이다. 절대로 한놈도 빠트리지 말고 아주 철저하게 수사하고 제발 엄중하게 엄한 철퇴를 내려줘야지~~~ ||| 지선의 압도적 승리를 하고 싶으면 특판을 비롯해 내란의 깔끔한 승리 최우선입니다 ||| TBS에서 퇴출당한 김어준과 KBS에서 퇴출당한 주진우와 최욱이 그때보다 더더 잘나가고 많은국민의 사랑 받으며 승승장구하는것이 자연의 섭리 사필귀정 아니겠습니까 오늘 주진우기자님의 깔끔한 헤어스타일은 최고입니다 ||| 최피디님 생기발랄하네요 . 놀려도 전혀 흔들리지 않고...ㅎㅎ. ||| . ||| 정청래대표님 요즘 좀 답답했는데 반드시 . ||| 겸공 김어준공장장 정말 감사해요 김용민의원 진심 응원합니다 ||| 100년이 걸리더라도 끝장을 본다 ||| 김용민의원님. 정말 . 멋지십니다. ||| 아니 사법부가 대놓고 우린 전두환 2중대 라고 보여줬는데 민주당 너무 물렁한거 아니냐고? 악 소리도 못나오게 해야 내란청산 똑바로 해야지 ||| 주기자님 용산역에 와서 사진을 찍자고 몬했내 ㅋ ㅋ 깜놀 ||| 조희대 체제에서 내란재판부 가 올케 될 수 있는건지 우려되네 ||| 김용민의원님.법조항에 (해야한다,한다)같은 반드시해야하는조항을 하지않았을때 , 법왜곡죄도 구체적으로 명문화해주세요 ||| 주식 아가방 너무 유익합니다. 별도 재생목록으로 수 있게 부탁드려요. 감사합니다. ||| 김용민의원님 ! ||| # 겸공 신뢰도 1위 응원합니다 ||| 김어준공장장만 오래전 부터 연구 진행과정부터 과학자들 고충을 다 인터뷰하며 지켜본 거 똑똑히 기억한다 과학자분들 자부심 가지시고 원하시는 거 (개인적인 일도)꼭 성취하시기 바란다 !!!!❤ ||| 진짜 일 잘하시는 김용민 님 응원합니다❤ ||| 주식아가방❤고맙습니다❤❤❤❤❤❤❤ ||| # 김용민의원!!!!!!!!!!!!! ||| 오세훈은 들여봐야 할게 많은 것 같습니다 김완 기자 무릎탁치는 취재내용 응원합니다 ||| 12월 2일, 화면 가득 빛나는 태양이 낮게 보이고.. . 4-5바퀴는 크게 또아리튼..가늘고 긴 노란빛 뱀이 머리를 치켜들고 있다가 태양을 향해 확 물려고 달려드는 모습을 화경으로 봄.... 아참 , '죄송하게됐다'란 메세지도 ㅠㅠㅠ 태양을 대통령이라 생각하면 안전에 문제가 있을듯....새벽 108배하며 무사를 기원하다 '괜찮다' 메세지 받음...경호안전 각별히 더 주의해주시면 좋을거같습니다 ||| 기득권과 공무원 범죄 성공은 판사가 마무리한다.. 썩은 판사 개혁 만 하면 나라는 망한다.. ||| 판사를 수사할때 왜 같은 판사에게 청구하나? 그게 궁금하네. ||| 그리고 재능 있는 학생들을 위해 견학 및 체험 프로그램 있으면 미래 차세대 우주 연구 개발자들을 발굴 할수 있을것 같아요. 너무 자랑스럽습니다^^ ||| 1차 특검 2차 특검 3차 특검 4차 특검 끝까지 갑시다 이길 때까지 갑시다 . ||| 그난리통에꿈쩍도아니하고참아낸 북한에이렇게고마워하고싶어질줄 예전에미처몰랐네요 정말로 아차 했으면전쟁으로이어저얼미나믾은 인명살상은물론국민생활나락으로 떨어지고동남아후진국수준이될뻔 정말로치가떨리는시간들이었음을 시간이지날수록깨닫게되고수많은 사랑 주신자연그리고죽은자의혼령들이 순간순간도왔음을실감하는시간들 영령들이여무지무지감사드립니다 ||| ❤ ||| 주식아가방 저도 막내피디님처럼 언제 주식상황을 체크하나 궁금했는데 아침 8시 미장,퇴근후 국장 알려주셔서 고마워요 ||| 이 노래가 왜이렇게 와 닿을깡 ||| 김승원 의원은 "" 국민들이 난리가 날겁니다."" 국민 국민 국민들 얘기 그만하시고 민주당 국회의원들이 난리가 나 보여주세요 실행하세요!! ||| 수고하셨습니다 오늘도 김어준 공장장님 2차 종합특검은 내란전담 재판부가 맡아서 하는걸로 ...법왜곡죄 는 엄벌 처해야 합니다 ||| 항상 건강해~^^❤ ||| 지귀연법 꼭 통과되서 앞으로 판사라도 멋대로 못하게 됬으면 좋겠습니다. 제가 지귀연법이라고 부르는 이유는 꼭 피해자에 이름으로 법을 부르던데... 저는 가해자 혹은 그 행위를 최초로 하여 논란이 된 자의 이름으로 법의 를 부르는게 설사 형사적인 처벌을 헌법적으로 할 수 없다하더라도 그런 사회에 악을 끼치는 사람에게 경종을 울리는 한가지 방법이라고 생각하기 때문에 지귀연법이라고 부릅니다. (그리고 이건 국민들이 피해자인데. . 부를 순 없잔아요? 위에서 말한대로 잘못된 것이기도하고...) 제 논리가 지귀연 판사의 입장에서 피해라고 생각할 순 있지만, 헌법적 한계와 국민들이 입은 피해를 생각하면, 당연한 인과응보라고 생각합니다. ||| 김용민의원님 정말 열일하십니다 고맙고 요 ||| 종합특검보 김경호 앵커 추천합니다. ||| 내란재판부 신설, 김용민 의원의 노력이 넘 고 감사합니다 민주당이 힌명으로 후보자를 좁히지 않으면 오세훈에게 서울시장 선거 이길수 없음. 경험있는 현 오 정원오 응원합니다. 서울시장 선거나가려고 최고의원 사퇴한 전현희, 경기지사 나가려고 사퇴한 김병주...진짜 실망임. 스피치 전달력 없는 전현희가지고는 절대 오세훈 못이김. 이미 다 오세훈에 표를 모으고 있는 상황에",0
sYqT6FQjAbg,"[정준희의 영수증 12.3 내란 1년, 함께 울고 웃었던 우리의 벗들ㅣ최욱X정준희ㅣ2025년 12월 14 수요일","오늘 너무 좋았습니다. 저는 실제로 탄핵 때문에 버텼습니다. 탄핵안이 불발 될 때 주말에는 왜 방송 안할까 생각했고 그럴때 매불쇼가 특별방송으로 유시민 작가 모시면 소리를 질렀습니다. 제 신경안정제였고 우리 사회에 그래도 나와 같은 생각을 하는 사람, 내가 생각한 것을 대신 전해주는 방송이 있어서 다행이라고 여겼습니다. 오늘 방송 마련해 주셔서 감사하고, 내란특집에 최욱 님을 인터뷰 해야 겠다고 생각한 정준희 교수님의 통찰력에 감탄합니다. 미디어 학자로써 잊고 지나칠 수 있는 언론과 미디어에 대해 알려 주셔서 감사합니다. ||| 뉴스공장과 매불쇼와 함께 한 최근 1년은 화내다 위로받다 , 걱정되다 안심하기도 하는 시간이었습니다. 아직도 끝나지 않은 , 힘빠지는 상황이지만 힘내서 끝까지 함께 하고 싶습니다. 고맙고 감사합니다. ||| 정준희 교수님, 애정어린 눈길로 욱이를 . 대견해하는 눈빛과 미소로. ||| 김어준, 최욱 없었으면 내란후 상황은 지금과 비교 안되게 더 혼란했을것. 너무나 고마운 두 거인 ❤ ||| 최욱 보러 왔어요.. 희귀영상이네요.. 겸공에 최욱이라니.. ㅋㅋㅋㅋㅋ ㅋ ||| 최욱 보러 옴 ! ||| 지난 일년 매불쇼와 겸공 때문에 견뎌냈습니다. 너무 감사합니다. 두 는 결코 경쟁관계이거나 상호배타적인 관계가 아닙니다. 물론 공통분모도 있지만 각자 역할과 색깔이 있습니다. 우리는 이제 어느 하나에 만족할 수 없습니다. 오늘 방송 정말 좋았습니다. 겸공, 매불쇼 영원하라! ||| 아침에는 , 점심에는 매불쇼, 저녁에는 남천동 이 세개의 방송 때문에 1년을 버텨 올 수 있었습니다 모두 감사합니다 앞으로도 잘 할게요 ||| 내란전에는 정치에 1도 관심 없었던 저 가 지난 1년간 겸공과 매불쇼를 들으며 , 이제 조금 걸음마를 떼게 해주셔서 감사합니다 내란종식은 아직도 진행중임을 깊이 공감하며 끝날때까지 두 방송, 두분 응원합니다❤ ||| 예전엔 김어준 이 장판파의 장비처럼 모든 걸 상대했다면 지금은 최욱이 조자룡이 되어 곁에 있는 느낌이다. 너무 든든하고 힘이된다. ||| 정말 최욱 덕분에 1년 잘 버텨냈습니다! 우리의 최 광대❤ 대단히 고맙습니다 ||| 저 정말, 계엄 후 1년을 오전엔 , 오후엔 매불쇼 듣고, 보면서 위로받고, 견뎌냈습니다. 정말 고맙습니다. ||| 뉴스공장, 매불쇼, 사장남천동, 2024 1203 정말 큰일 날 뻔 한~~~!! 옆에 있어줘서 너무 감사합니다~~♡♡♡♡♡♡♡♡♡♡♡♡♡♡♡♡♡♡♡♡♡♡♡♡♡♡♡♡♡♡♡ ||| 지난 1년동안 매불쇼는 정말 소중했습니다 특히 유시민 작가님이 꾸준히 나오셔서 작금의 상황을 분석하고 이런저런 조언을 해주셨던 덕분에 극악무도했던 윤정권 시절을 버텼다고 해도 과언이 아닙니다 그리고 내란 는 오늘 좀처럼 듣기 힘들었던 최욱씨 본인의 이야기 들을 수 있어서 너무 좋았습니다❤ ||| 뭉클합니다 . 다정한 사람들이 있기에 우리 미래는 실패하지 않는다는 말씀 남태령연대가 책모임으로 인연을 연대하고 있는 사실 과 오프라인의 소중함을 새로운 사명감으로 일깨워주셔서 감사합니다 정준희 샘의 마지막 말씀도 횃불이 되어주십니다 ||| 오늘 일반티비 뉴스 완죤 끊었어요. 최고의 방송인들이십니다. ||| 겸공과 최욱의 콜라보 행복하고 좋아 ||| 최욱은 세상이 편안해 지면 다시 옛날로 돌아와 사람들을 열심히 웃겨줄거라 생각합니다 하루속히 편안한 세상이 오길 그렇게 바래봅니다 최욱 파이팅~~!! ||| 겸공과 매불쇼 유시민작가님 덕분에 내란을 견뎠습니다 . ||| 욱이형 나와서 너무 좋았습니다 저의 개인적인 바램이 있다면 겸공과 매불쇼 서로가 서로한테 의지가 되길 바랍니다 그리고 노무현 재단에서 유시민 과 김어준 공장장 그리고 욱이형 이 세사람 함께 방송하는 그날 기다리겠습니다 욱이형 생각 자주 듣고 싶습니다 게스트로 자주 나와 주세요 ||| 최욱 님!!! 매일매일 즐겁게 매불쇼 시청하고 있습니다. 1시 59분 되면 다른 채널 의 매불쇼 에 ""좋아요""부터 누르고 시청합니다. 즐거우면서 너무 쉽게 설명하고 이해하기 딱이에요. 댓글에 너무 스트레스받지 말고 앞으로도 힘내서 방송해 주세요.. 주위에 매불쇼 애청하는 지인들 엄청 많답니다. 최욱 너무너무 고마워요 ❤ ||| 최욱 좋다. 함께 버텨줘서 . ||| 김어준은 아빠 느낌 최욱은 엄마 느낌 ❤ 내란때 후덜덜한데 떨려도 안떨리는척 해주는 총수덕에 의연해질수 있었고 같이 떨려해주고 호들갑 떨어주고 멘탈 같이 나가주는 최욱덕에 많은 위로 되었다. 그리고 그 순간에 하루하루 희망이 안보이던 순간에도 저 둘이 우리편이라는 생각에 결국엔 우리가 이긴다 라는 게 나를 안심시켰다. 너무너무너무 고맙습니다❤❤❤ ||| 최욱과 겸공의 콜라보!!! 넘 행복했다!!!! 최욱 피곤할텐데 도 선물같이 겸공스튜디오에 나타나줘서 정말 고마웠다!!! ! 어준총수도~~ 매불쇼 한번 나가시죠!?? 최욱 좋았다!!!!!!! ||| 뉴스공장 과 매불쇼 로 우리를 살린 방송 ~~~~정말 이시간 넘좋다 ❤둘을같이보다니 ||| ♡ ♡ ||| 비상계엄 전에는 김어준도, 최욱도 잘 지만 비상계엄이 터지고 나서 불안을 잠재울 소통창구를 찾게되었고, 그게 겸공과 매불쇼였습니다. 1년동안 정치에 무심했던 내자신을 반성하며, 김어준총수와 최욱님 덕분에 정치 고관여층이되었고 정당원까지 되었네요. 두분이 있어서 속이 진정되고, 위로 되었습니다. 감사합니다. ||| 최욱 김어준 당신들의 스피커가 우리 민주주의를 위해 큰역활을 했습니다. ||| 정준희 교수님 최욱 바라보는 순간 꿀이 떨어짐 ㅎㅎㅎㅎ ||| 최욱씨의 솔직한 고백 정말 너무 스마트한 사람입니다 ||| 또한 는 지난 1년 동안 출근길 2시간은 뉴스공장, 퇴근길 2시간은 매불쇼와 함께 하며 좌절을 극복해 온 김어준과 최욱 그리고 그들을 도와 방송을 만들어 온 제작진들에게 감사를 보낸다. ||| 아침 뉴스공장, 오후에는 매불쇼....나의 신경안정제!! ||| 연예인 통틀어서 최욱 만큼 웃긴 사람 본 적 없는데 이런 귀한 재능을 가진 사람이 단순히 웃고 마는 예능이 아니라 재미있 는 얘기를 해준다는 게 우리에게 엄청난 행운이다. ||| 오늘 겸공에서 최욱을 보다니!!!!! 너무 좋았습니다~~~~~~~ ||| 최고들이 뭉쳐 서 잼난다. 슬픔과 좌절을 극복할수 있게 해준 여러분 감사합니다. ||| 정말 겸공과 매불쇼~감사합니다 1년동안 ~ ❤ ||| 어찌보면 매불쇼, 겸공 그리고 유시민이 라는 내란에서 방향성을 가지고 침착하게 결국은 불의에서 정의는 이기게 된다라는 마음으로 싸워올 수도 있었던 것 같다. 사법 내란도 마찬가지이다. 잘못한 것은 처벌을 받으면 되는데, 이를 게을리 하니, 죄가 눈덩이처럼 커지는 거다. ||| 주말아침 이제야 봤어요 매불쇼찐팬이지만 최욱개인의 삶을 비춰본 알아본 소중한 시간이였습니다 지난1년을 매불쇼들으가며 안정제를 매일 먹었습니다 매일 공부하시는최욱님 보며 저두같이 배우고 들어갑니다. 진짜 우리 솔찍한그모습 우리 지 말아요 정의는 우리편일껍니다 달팽이는느리지만 결국집을찾아가고야마니까요 정준희교수님도 . ||| 논~욱~ 콜라보~~완전 귀여워 ||| 욱이보러 왔어요. 김어준님도 나중에 매불쇼에서 했으면 좋겠어요. 아침에는 뉴스공장. . 시간없음 밤에 매불쇼. 시간을 너무 잡아먹음.ㅋ. ||| 최욱 최고~~~❤❤❤❤ 시사정치를 최욱보다 누가 더 가깝게 느끼게 해주었나! 고매한 그것의 느낌을 우리의 삶으로 가져온 장본인이다 . ||| 와우ㅋㅋㅋㅋㄲㅋㅋㅋ 다시 보니 더좋아!!!!! ||| 와 뉴스공장 콜라보라니 ||| 코믹하게 만들 시사는 이시대의 큰방향입니다 ||| 우리 모두는 최욱 김어준 귀한줄 야 합니다. 지난1년 고마웠어요❤❤❤ ||| 정말 힘든시기를 김어준님 최욱님 때문에 많이 울었던건 같습니다.. 고맙습니다. ||| 최욱 보러 여기까지 갑니다 저두 계엄이후 정치방송 보기 시작했어요 ||| 김어준 최욱 진짜 귀하다❤ 힘든 1년 이 있어 버텼습니다.. 앞으로도 힘내주세요.. 진심으로 응원하고 고맙습니다~ ~ 최욱 콜라보 진짜 최고예요 ||| 정준희교수님, 적지도 더하지도 못한 깔끔한 진행 정말 멋지세요. 마지막에 trauma에 관한 내용 좋았습니다. 고맙습니다. ❤ ||| 대박이네 ||| 맞습니다~ 큰 위로가 됩니다 ||| 욱이 표정 넘나 좋아❤❤❤ ||| 정준희 교수님 인터뷰 진짜 편하게 인터뷰 진행하시면서도 날카로움 유쾌함 최고 ||| 최욱 . ||| 내가 매불쇼를 한 이유는 우리 욱이가 나 대신 발끈해주고 나 대신 투정 부려주기 때문이다. 이게 현재 미디어 세계에서 아무도 대신해 주지 못하는 부분이다. 오직 최욱만 할 수있는거지... 이게 대체불가 최욱을 위한 힘이라 생각한다. ||| 내란1년을 뉴스공장 매불쇼로 보냈어요 김어준 최욱 님 앞으로도 열심히 보겠습니다 고생하셨어요 ㅎㅎ ||| 겸손 매불 하루도 안빠지고 1년동안 매일 보면서 많은것을 배웁니다! 그동안 너무 무지하게 살아온 걸 돌아보게 되었습니다! ! 제 아이들을위해서라도 조금이라도 더 나은 세상이 오도록 열심히 관심을 가지도록 하겠습니다 ||| 진짜 우리나라에 최욱은 보물. 최욱의 가장 장점은 뉴스를 잘 보지못한 시민들은 믿기 힘든 시사를 너무 한쪽에 치우치지않고 가장쉽고 재미있게 정리해주는거. 진짜 똑똑하고 국민들 의식을 높여줌. 욱아 하는거는 우습게 보여서가 고 한번도 만나보지 않았지만 정이가고 귀엽고 가깝게 느껴지고 소중한 느낌이들어서니 오해하지마요. ||| 더 힘내 최욱!!!!! 더 힘내라!!!!! ||| 최욱 과 정준희 두분 모두 너무너무 존경하고 사랑 ❤ ||| . ||| 욱이 영화 보러왔지요 ||| 와....최욱 너무 멋있다..우와....솔직하면서 바른 생각이 꽉 찬 사람.....항상 고맙고 우기의 마음 바라요. ||| 겸공 매불 님 모두모두 소중합니다 김어준 총수님 최욱님 정준희 교수님 덕분에 힘든시기 버텼습니다 ||| 오늘 밤에도 재미와 감동을 전해주는 최욱님~ 짱짱짱!! 교수님 감사합니다❤❤ ||| 겸공과 매불쇼 덕분에 1년을 버틸수 있었던것 너무 감사합니다 ||| 지난 일년 특히 힘들었지만, 윤석열 도 너무 힘들었다. 뉴공 & 매불쇼 너무 감사합니다. 제게 있어 희망을 꿈꾸며 이 사회를 바라봅니다. ||| 최욱씨... 정말 존경스럽습니다. ||| 이시대 김어준과 최욱이 최고에 애국자 이십니다 너무 고생하셨고 큰 위안이였습니다 모두 사랑힙니다❤❤❤ ||| 겸공 , 유시민작가님 넘넘 고맙습니다 ||| 최욱씨 너무 귀요미 최욱씨 홧팅 ||| 솔직히 말해서 둘다 좋다. 어준이형은 어준이형 나름의 매력 있고, 욱이형은 욱이형 나름의 매력이 가진 지금 의 시대에 매우 소중한 2인이다!!! 뉴스공장, 매불쇼 흥해라~~~~ ||| 와 너무 품위있어요 ||| 최욱 . ||| 요즘매불쇼와 겸공읉통해서 더큰 세상을 보고 느낍니다 특히 지난일년동안 많이의지하고 서 고맙습니다 ||| 멋진 만남이네요!! 힘이되주어서 고맙습니다!! ! ||| 내란때 매불쇼보며 ~ ❤❤❤ ||| 겸손은 힘들다 매불쑈 많이 사랑합니다 이렇게 함께 힘맞혀서 험한 길을 혜처나간다면 대한민국은 큰 일 이등 은 할거 같습니다. 74세 할머니가 가슴 으로 보고 듣고 있습니다 . ||| 오전에 겸손 오후 매불쇼 ᆢ이젠 생활화됬어요! 남편이 주말에두 자꾸틀어달라하네요! ! 감사드립니다!꾸벅꾸벅 ||| 드디어 울 최욱님 보러 왔습니다♥️❤️❤️ ||| 오늘 겸공에 내가족이 나온거 같아 심장 쫄깃하면서 봤다 ! ! ℒ ๑❤우기는 우리가 지킨다 !̆̈ ||| 오늘 ㅎㅎ 신뢰받는 언론인 으로 여기에도 출연하게 됐지만 경춘선폐선부지랑 나올 때도 동접자 2만 되면 탈의하겠다고 하던 때도 모두 최욱입니다 지금의 최욱과 다르지 않았다고 생각합니다 누구랑 어떤 이야기를 나눌 때도 최욱이 지향하는 세상을 보는 눈은 한결같았다고 합니다 최욱 최고❤❤❤❤❤ ||| 욱이가 너무 행복합니다 매일이.. ||| 욱아~ 누나 오늘 또 보러왔어 나 76 용띠야 ~ 욱이라고 해도되지? ㅎㅎ 귀여워죽겠어~♡♡♡♡♡ ||| 정준희의 논을 통해서 알게 되었다. 때론 차분한 최욱도 매력있다는 것을. 그리고 그가 매불쇼에 얼마나 진심인지도. 많이 성장했고 앞으로도 더욱 더 성장할 , 신뢰받는 언론인인 이 작은 거인 최욱을 응원합니다. ||| 귀하다 최욱. 100살까지 함께하자 . ||| 김어준은 알아도 한 번도 제대로 들어 본 적도 없었고, 최욱은 아예 몰랐습니다. 계엄 당일 급하게 평소 던 오마이뉴스 찾아 보게 됐고, 겸공 매불쇼도 함께했습니다. 이제 일상이 니 감사합니다. ||| 최욱의 뉴스공장 출연이라는 역사적 사건에 문득 드는 생각.. 김어준이 나이들어가면서 사람들은 김어준을 대신할사람이 없는걸 걱정했음. 많은사람들이 제2의 김어준을 찾고 언급하고 누군가에게 그 꼬리표를 붙여보기도 했지만 잘 생각해보면 김어준은 누구도 본적없고 누구도 아닌 방식으로 이름을 알려 언론인으로 자리잡았고, 거기서 이미 제2의 김어준이라는 첫 명제부터가 틀렸다고 생각함. 그런면에서 또다른 '누구도 하지않은 방식으로' 여기까지 왔으니 신뢰받는 언론인 최욱은 너무나 귀한것임... 제2의 뭐시기 이딴 고리타분한 틀 말고 그냥 그자체로 이시대의 귀한 언론인 최욱과 매불쇼 ||| 최욱 너무 멋있다. . 거인 ||| 뉴스공장 매불쇼는 우리의 위로이자 같이 한 동지였다! 정말 무한히 감사하고 사랑합니다. 이 인터뷰 해 주 백퍼 믿고 보는 정준희 교수님 진심으로 감사드립니다❤오늘 인터뷰는 감동이었습니다 감사합니다 ||| 게스트 최욱, 아주 가끔이라도 종종 . ||| 최욱 소개 하시는 순간 눈물이 나네요 내란 1년내내 대신 화 내주고 또는 안심 시켜주신 덕분에 너무 견뎠습니다 최욱 초대해 주신 분 들 ||| 최욱님 더 잘하려고 하지 마세요. 이미 충분히 잘하고 계십니다. 늘 응원하겠습니다 ||| 오늘 계탔네. 매불쇼에서 드디어 최강욱을 볼 수 있었고 겸공에서 최욱을 만날 수 있다니 ||| 진짜 최욱의 사랑 우주 최강❤ ||| 최욱님 너무 고마워요 ||| 고맙습니다. 우리 가 서로 의지했던 시간이었어요. ||| . ||| 최욱씨 고마워요 ❤ ||| 감사합니다 우리가 바라는 공정한 세상을 위해",0
dEBjgllE4dg,"[속보] '통일교 금품 의혹' 정동영 의원 밝힌다…""싱거운 내용"" / 연합뉴스TV(YonhapnewsTV)","싸그리 잡아드려 어떻게 해야 지 ||| 종교든 여든 든 불법이 고의적인놈들은 전재산몰수하고 사형시켜야한다 ||| 돈에 환장 ! ||| 통일교.문제있는민주당도.모두특검을.해야됩니다. ||| 이 사람들은 우선 은 부인부터 하고 그 다음 직을 사퇴하고 그 다음 탈당하지요. 이러는 사이 김현지, 장경태는 관심 밖으로 ... ||| 나이70이후무슨장관한다고 ᆢ ? ᆢ ||| 본인부터 잘 지켜라 ||| 속이 편해 ||| 오리발 작전 ! ||| 민주당이 통일교와 연예인들 뚜드리는 사이에 김현지와 장경태가 슬그머니 사라졌습니다 .",2
xA4D-9jlmVo,누구 맘대로 해도 아주 막가는 극좌 정권,"인터넷TV 렌탈 최대 48+휴대폰 통신사 변경시 최고 30 +정수기 렌탈시 최대 30 총 108만원 혜택! ! 타사보다 적을 경우 차액 150% 보장 https://abit.ly/89klwr ||| 당연하죠. 넘많이 그러면 나라 망해요 ||| 대장동 주민들의 더러운 돈을 착복한 대장동 몸통 처벌받는날을 법정공휴일로 하라 ||| 절대 불가 ||| . ||| 범죄자 이죄명 을구속수사해서 빨리 끌어내려야 합니다 ||| 민주당해체기념일로 지정 ||| 계몽절 태극기 계양하는 사람 ||| 지맘대로나라 ||| 범죄자를 빨리 몰아 야 정상인 세상이 오지 ||| 완전 미쳐 돌아가는구나 이 나라 ||| 미쳐 돌아가네, 망할날이 얼마 ? ||| 자기 맘대로 아무거나 다 하는 조폭정치. ||| 잡범이 대통령 됐으니 하고싶은대로 하겠다는 잡범 이지요! 현재는 나쁜 개딸들이 너무많아서 맨날웃어요! 그잡범 은 수갑차고 형무소 가길바래요! ||| 돈이다 돈 줄거다 ||| 빨리 와 ||| 대장동 대통령 탄핵 언제되나요 ||| 법정공휴일로 정해라. 태극기들고 태극기 집회가게❤ ||| 아니 국회도 그렇고 이정부 는 무얼 로 말이되는 말을해야죠 그냥 악 가는 겁니까 국회에서는 새로운법을 마구 만들어내고 이뭔 일이래요? 국민은 안중에도 없구요 ||| . ||| 멍멍멍 소리 하고 자빠진거죠 ? 대그빡에서 나온 제안 입니까? ||| 516 . 법정 공휴일 되고 기려야지요 ||| 6•25일 법정공휴일 해야 되는거 아니냐 솔직히 7•27일 정전 협전날 법정공휴일 해도 되는거 아니냐 9•15일 인천상륙작전날 법정공휴일 하자 ||| 박상규시사평론가님맞는말씀입니다올바른말씀으로기다리고듣겠읍니다 ||| . ||| 아 정말 미쳐돌아가는구나 ||| 12.3 계몽일로 , 태극기 건다. ||| 이죄명 의 날을 공휴일로!!! ||| 왜 점점 막가파가 되가는가? ||| 뇌에 뭐가 들어 ? ?? ||| 이재명은 속히 내려와야만 대한민국이 산다 이재명은 하루빨리 내려와야만 대한민국이 산다 ||| 진짜 진짜 감옥이 답이다 ||| 이재명구속되는날 공휴일로 지정 ||| 그분 ! 빨리 잡아 쳐 ! ||| 뭔소리? ||| 12.3은 계몽령 을 자축하는 의미에서 태극기를 내걸었다 ||| 미친거죠 나랏 일은 관심없고 그많은 시민 민노총 4000 들 고 됬다 하지 않았나요 국민들은 그시간데에 비상 계엄을 듣고 그냥 잠잤어요 !!! 많은 국민 민노총 사람들입니다 꼭 밝혀주세요 ||| 계몽절은 ? ||| . ||| .",1
GCZNwokzqDc,"[권순표의 뉴스하이킥] 국힘 윤한홍 “똥 묻은 채 與 비판” 직격...'고립무원' 장동혁, 왜 외톨이 되나? - 최형진&기추자, 이정은, 김용민, 박지훈&이상민, 거의없다",국민은 목숨걸고 막았는데 조희대 는 납짝엎뜨려 충성을 다했는게 팩트다. ||| 장성철은. 평론가. 사표내어야... 이렇게. 감이. . . ||| 바닥일때 본 모습 보이는것이네요 . 말씀 펄팩 ||| 장성철 잘 산다고 애쓴다 ||| 장성철 이자는 이기주의자 잘못했다면서도 한편으로 내란버은옹호하는자 다신 나오지마라 ||| 장성철은 x파일건으로 홀대 받아서 는 안될 안될 인간이다 ||| 신인규 변호사님~~~ ~ ||| 성철이 전 판사가 윤석열 무죄를 줘도 뭐가 문제냐는 건데? ||| 장성철 말장난 하는거 딱 이준석이랑 똑같음 ㅋㅋㅋㅋㅋㅋ 이제 그만 해 ||| 신인규님분 같은. 보수 패널 으면 좋겠엉 ||| 일당객 김용민의원님 항상 응원합니다 고맙습니다 ||| 아씨.. 눈버렸... 장씨 쪼개는거 봐버림..얼른 . ||| 이재명 대통령은 정말 잘하고 계십니다. 민주당 응원합니다. ||| 장성철 교묘한 정치 말장난. 지겹다. ||| 아 사람들이 장성철을 욕하는구나 ||| 이제 와서 사과 필요 없어요 국힘들 은 아직 못 차림 내년 서 억지로 반성함 유권자들은 바보 아니에요 ㅠㅠ ||| 성철아 너만 입 으면 성공한 대통령 된다 ||| 사실 같잖은 주장할 땐 가벼운 척 우기기 도 역으로 공세에 몰리니까 정색하고 하나하나 말꼬리 따지네 ㅋㅋㅋ 이쯤 되면 방송 나오는 패널들이랑 진행자가 불쌍해질 정도다. ||| 신인균님 # 주장공감 ||| 신인규님 말씀이 너무 감사합니다 ||| 짦은 재판 위협용으로 1심선고를 보고 진행/ 나머지 사법부혁신은 빨리 처리해야합니다. ||| 신인규 참 똑똑하다 장성철 너무 말이 너무 억지 스럽당 ||| 대통령은 지지율이 좋은데 민주당은 잊을만하면 사건이 터지는지? 대통령 이 좀 잘합시다. ||| 나는 장성철에도 동의하는바가 많았었다. 나는 중도라고 생각했었고. 내란재판부도 반대였고 사법부에 대해도 너무 강력한 공격이 라고 생각했다. 하지만 날을 시간으로 계산하는 건 법을 만들어낸 것이였고 그건 재판장이 법을 만든 것이고 법 위에 있는 것이였다. 솔직히 이재명이 재판 받으면 유죄가 나올거라 생각했었다. 하지만 시간이 안되기 때문에 질질 끌다 대선에 나올거라고 몇 년 전에도 생각했었고 이는 틀리지 않았다. 그러나 내가 틀렸던 것도 있었다. 대법원이 대선개입 특별법원이 됐다는 것이였다. 이는 정말 너무 명백한 죄였다고 본다. 민주당 당대표에게만 특별히 빠르게 적용되는 법이라니 말이 되나? 법원이 윤석열에게만 평등해야하다고? 말이 되나? 생각을 다시 해보니 그 정도의 문제는 또 있었다. 계엄 다음날 조희대 대법원장을 정말 믿었었다. 우리나라 사람 중 국회의원을 믿고 사법부를 불신하는 사람이 몇이나 됐었나? 당연히 국회의원은 쓰레기다. 법원을 제일 믿는 건 우리나라였다. 조희대 대법원장은 카메라 앞에서 사법부는 계엄을 옹호할 수 없다. 성명서 발표라도 할 거라 생각했다. 그러나. 전혀 안했고 이후에도 전혀. 없었다. 행정부의 위헌적 행위에 입법부는 행동했고. 사법부는 침묵했었다. 이제 생각해본다. 판례는 매우 중요한 것이 아니였나? 재판장이 법도 새로 만들어 쓰고 대법원은 선거에 개입하고 계엄에는 침묵한다. 이젠 전혀 동의할 수 없다. 사법부는 폭주중이다. 그게 내 생각이다.,0
QSHonpqumtA,"[시선집중] 김민기 국회 사무총장이 쓴 '내란의 밤'...여름부터 성폭행 의심돼 '염두 훈련' 했었다 - 김민기 전 사무총장, MBC 251202 방송","김민기 사무총장님 감사합니다~~ ~ 있어 너무 다행이었습니다. ||| 헉 정말 감사합니다 ||| 여러분 정말 고맙습니다~ ||| 국가의 중요한 인재가 있다는 사실이 너무 도 시뮬레이션하고 사전 점검은 정말 국가를 다시 구해낸 중요한 키였다고 생각합니다 ❤ ||| 김민기 선수 인터뷰 많이 기다렸는데 또다른 영웅 이시네요 ||| 우리가 뽑은 나랏일꾼님들 위기극북에 탁월한 능력으로 나라 에 참으로 깊이 감사합니다 ||| 깊이 ~ ||| 그런 저런 생각이 있었으니까 일사천리로 진행된거 라고 생각 합니다 감사합니다 ||| 김민기 전 사무총장님 별명 지어드립니다.(박사중에 최고의 박사) 척척박사~~~^ ||| 많 구한 분들중의 일인되십니다~~감사합니다 ❤ ||| 할 당신을 기억하고,당신을 존경합니다 ||| 국회 사무총장님께 훈장을 수여해야 하고 계엄상황에 대하여 적절히 문건 등을 작성하여 즉시 계엄을 해제하도록 하였습니다. ||| 김민기 사무총장님 은 숨은영웅 이십니다 감사드립니다 ||| 진짜감사합니다 ! ||| 김민기 국회사무총장님 ! 고생하셨습니다 고맙습니다! ||| 정말 다행입니다 ||| . ||| 우리도 그날따라 일찍자서 새벽에 일어나서야 합니다 그날 의원,시민들이 자느라 몰랐으면 클날뻔 했네요 애국자 입니다 ||| # 고맙습니다 ||| 너무 귀여워 ||| 진짜 잘 어울린다 ||| 대단하신분이 아닌가 하고 감탄 했습니다^^ ||| 김민기 사무총장님 꼭 한번 감사합니다. ||| 우원식 국회의장님과 더불어. 경호팀 보좌관. 비서진 민주당 조국혁신당. 훌륭하신분들께. 감사드립니다 . ||| 내란의 밤을 막아주신 국회직원분들의 노고에 깊이 감사드립니다!!!!! 김민기 사무총장님 ! ||| 김민기 사무총장님 , 숨은 영웅이십니다. ||| 김민기 사무총장님 국민들의 민주 대한민국을 위해 진심으로 감사합니다. ||| 김민기 경기도 용인시민으로써 자랑스럽습니다. ||| 총장님 멋지다~~~!!!! 대한민국을 위해 ||| 김민기사무총장님....... 정말 역사의 장에서 .... 계엄이라는 중요지점을 막아내는데 커다란 공이 계셨네요 . ||| 나라를 구한 분이십니다!! 우원식의장님과 김민기 사무총장님 아니였으면 정말 끔찍하네요 절차를 지키며 차분히 하셨던 모습이 새삼 더 납니다 ||| 김민기 사무총장님, 늘 고마워요 ||| 김민기사무총장. . ||| 그때 그 눈빛은 변함 없슴. ||| 이렇게 되어서 모든것들이 작동했던거네요. ❤ ||| 우리지역구 국회의원이셨음.ㅠ . 감사감사..ㅠ ||| 이 말씀을 들으면서 신뢰할 만한 분이 제 자리에 계시구나! 마음이 들어서 참 감사한 마음입니다. 나라를 위기에서 건져 감사합니다. 응원하고 지지합니다. ||| 김민기 전 의원님 응원합니다 ||| 곳곳에 숨어 계신 바른 한분들이 절 구하셨습니다. 국정감사때 도 강단이 있으신 다고 생각을 했었던 분인데 22대 출마 양보하셨던 거 기억합니다 ||| 김민기 님 존경합니다 ||| 존경함니다 . ||| 진짜 무서운 사람들..계엄을 철저히 준비했네요. 사무총장님의 연륜과 함께 오늘이 있는거였군요. 감사드립니다! ||| 이 분 감사합니다! 대한민국 민주주의를 살리셨어요! ||| 지금 말씀 들어도 떨리네요. . 감사합니다 ^^ ||| 군을 동원했고, 장기집권, 영구집권을 목적으로 한 것 반란. ||| 내란세력을 제외한 모든 상황과 는 절묘하게 타이밍이 맞아 게엄해제가 된거군요 우리국민들 국회사무처장. 직원분들 모두 . ||| 김민기 기자 ||| 김민기의원님 기흥구에 와서 투표 잘했다 뿌듯하네요. 고생 많으셨습니다. ||| 와.. 이 인터뷰가 너무 제대로다 ||| 김민기 씨 같은 분이 서 더 신속하고 강력하게 내란범들을 막고 계엄해제를 할 수 있었습니다. 이 일 이 나라 5천만 국민의 이름으로 포상해 드렸으면 좋겠네요. ||| 김민기 사무총장님 고개숙여 감사드립니다 애국자십니다 너무 너무 합니다 ||| 김미기의원님 든든합니다 그날 현장에서 너무든든했어요 어제 화면에 또 보고 너무 카리스마 넘첬어요 . . 건강하시고 오래 우리들 지켜주세요 ||| 우리 나라에서 보상금 지급해야합니다 ||| 김민기사무총장님 의원때도 사무총장 하신 거 기억합니다. 의원 불출마선언 하실때 많이 아쉬웠는데 사무총장이 되셨다해서 반가웠더랬죠. 12.3계엄날 국회를 지켜내는데 중요한 역할 해주셔서 , 앞으로도 나라를 위해 많은 일을 해주시길 기대합니다. 늘 응원합니다. ||| 김민기 님 감사합니다. 용인의 자랑이십니다! ||| 역시 눈빛이 좋아 ||| 숨은 영웅 감사드리고, , ||| 김민기 사무총장님~ 양평 김건희 땅문제로 국정조사할때 처음으로 뵈었었는데 이렇게 각인 되었죠 넘 멋있어요 .감사하고요 ||| 와 김민기 국회 님 너무 감사드리고 존경합니다. 의미 있는 인터뷰 만들어 주심에도 감사합니다. ||| 각자에 자리에서 최선을다하신 분들이계서 오늘우리가 잘 보내지 싶습니다 고맙고 또고맙습니다 ❤ ||| - 김민기 사무총장님 ||| 저는 홍장원차장님 못잖게 김민기사무총장님 결연한 눈빛이 죠 저정도는 돼야 공인이시죠 너무 감사하고 존경스럽습니다 ||| 김민기 사무총장님,, , 감사합니다 ||| 김민기사무총장님 존경합니다. 의원이실때도 멋지셨는데. 불출마 선언하셔서 좀 서운했는데 사무총장님 임명 되셔서 박수치며 정말 기뻐했습니다. ||| 12.3 내란의밤 누가먼저 많이 국회에 도착하느냐의 싸움에서 누가 든 이건은 단순히 빨리모여가 아니고 목숨걸고한거라는걸 알아야 됩니다 ||| 국가의 리더ㆍ 결과로 보여주는 정치ㆍ 용인사람ㆍ 김민기 총장님이 첫째 기준입니다. ||| 멋지신 ! ||| 고생한 분들에 게 주셔야죠 보너스등으로~ 정말 감사드립니다 두손모아 덕분에 오늘밤도 평안합니다 ||| 그날 에 군인들이 양심선언을 하면 좋겠네요 ||| 그 만큼 윤석열이 하는 짓이 수상(?)했다는 거지 하여튼 정상적인게 없는 넘을 대통으로 뽑은 우리 가 문제입니다 통렬히 ! ||| 숨은 영웅이 많이 존경합니다 ||| 국회사무총자님 꼼꼼한 준비에 국민도 살고.나라도 . ||| 미국의 정치가들 중 장교 가 많은 이유를 이해하겠슴. 우리 국회 사무총장이 지휘관 출신이었다는 것이 얼마나 다행이었나? ||| . ||| 김민기총장님 너무 고맙습니다 국민으로서 정말 존경합니다 조용히 일하시는모습 지켜보는 국민으로서는 정말 든든합니다 ||| 김민기 사무총장님 굉장히 훌륭하신 분입니다. 이재명 당대표 시절에 국회사총장 . ||| 숨은영웅들 다 출중능력!!! ||| 민주당에서 유일하게 3선이상은 반드시 물러나는 약속을 지킨 의원님이 김민기의원님과 안민석의원님이었음 수박이아닌 개혁의원이었고 우수의원이었음 김민기전의원님 꼭 출마하세요 행정직한번 나오세요 ||| 새로운 역사가 재편되는 이 시기를 지나면서 이제 새로운 포용적 개념의 G2는 한국과 미국이 될 것입니다. 김민기 사무총장님 고개숙여 감사드립니다. 정말 너무 너무 감사합니다. ||| 감사합니다 그날 의 모습들은 영원히 기억될것입니다 ||| 이분 이력보니 국회의원때 출석률 이 99프로이신분이시네요 국회에 말뚝이신분~~ 영웅이시네요 하늘이 보우한 대한민국이네요 곳곳에서 잘 대응한 영웅들이 계셨네요~~ ||| 총장님 감사합니다 꾸벅 ~ ~ ||| 김민기 전 경비과장을 훈련을 시켰어야죠 ㅠ ||| 김민기 사무총장님이 이번 계엄내란 사태에서 나라를 살린 분 중 한분이네요.. 밤 늦은 시간이라 국회에서 계엄해제 신속하게 못하고, 시간 질질끌며 대치했으면 새벽이나 아침경에 무슨일 벌어졌을지 모를일입니다. 군인들도 황당함에 오래 머뭇거리기 어려웠을 뿐 아니라.. 윤석열쪽에서 총을 쏴대며 공작조를 투입했을수도 있으니 말입니다. 일단 소수 공작조나 결사대가 총질을 해서 아비규환이 되어버렸을 것이니 말입니다. 국회 진입을 막고 추경호가 국짐당 으로 빼돌린 이유가 , 일단 국회를 완전히 장악하고.. 새벽녂에 혼란스러운 틈을 타 공작조를 투입하려 했을 것입니다. 2차 3차 플랜B 플랜C가 없었겠나요..? 군 작전인데.. ||| 진짜 영웅이십니다 ||| 진짜 우리 김민기 총장님이 나라를 살렸습니다... ||| 정말 감사합니다^^ ||| 기민기 국회 부의장 참으로 훌룡하신분이 씹니다 존경하고 감사드립니다 ||| 김민기사무총장님을 존경합니다 ~ ~ 지지하고 응원합니다 ~~ ||| 사무총장님 진심으로 고마워요 ||| 김용현이 한시간동안 있는 동안 에 협력단 내에 내란동조세력이 있다는거네 ||| 아~~~~국토위인가 그때 야무지게 위트있게 현명하게 나온 의원님 이셨죠~~감사합니다 ❤ ||| 저 구하신 분! ||| 김민기 사무총장님 감사합니다 . |||  ||| 너무 멋있어~~! ||| . ||| . ||| 참 그때 계엄실패하고 국회에 기어들어오겠다고 다 기억나네 ||| 용인 기흥구 신갈의자랑 김민기 사무총장님 !",0
LktonYKYHwo,"[김종배의시선집중 FULL] / 토론(조국) / 12.3이 내란몰이?(김영진) / 쿠팡 사태(우석진, 김원장)ㅣMBC 251204 방송",진정한 사법 개혁을 바란다 ❤ ||| 문제를 일으킨 김남국인 이번 기회에 확실히 알고 가시는게 좋을 듯 합니다.,0
Ozi_WEpb58c,"[김종배의시선집중 FULL] 내란전담재판부 (박은정) / TBS예산 (주용진) / SBS (최종건, 조용근)ㅣMBC 251208 방송","내란 전담 재판부 돌아가는거 에 조희대가 또또 걸림돌이겠다. 대통령 위에 , 이재명 위에 조희대. 난 조희대를 뽑은 적이 없는데... 내란 가담 한 조희대는 자동 사퇴 안되나? 조희대 고발은 왜 안하지?",0
VI7bh3l1ujY,"[뉴스하이킥] - ""추경호, 비상계엄 당시 한동훈에 본회의장 이탈 "" - 박지민, YOUTUBE ONLY, MBC 251209 방송",추경호는 반드시 법적처벌이 이루어지길 ||| 게엄날 사장남천동 아이템이 추경호 20억이었는데 !!! 잊지말자 추경호 20 억 매관매직 ~ 해체 ~~~ ||| 영장판사 기각 ||| 추경호 20억 얘기는 충격적이다. 꼭 밝히 밝혀야 한다. ||| 추경호 꼭 수사해 주세여 ||| 이런데도 구속영장 기각 . ||| 소름끼치네…. 황비홍이 수거 . ||| 역시 요정출신 박지민이다~~!! ||| 난 박지민 아나운서만 보면 그렇게 함 아마 매불쇼때문인거 같음. ||| 박지민 아나운서님 꼭 뵙고 싶습니다! ||| 박지민 아나운서 너무 이쁘다.앞으로 잘 봬요. ||| 사법부가 내란범들을 옹호하고 심지어는 적극 동조하는 현 시잠을 보면 국민들 그 누가 사법부를 신뢰할수 있을까? ||| . ||| 오 지민 아나님 반갑습니다. 자주 나오셔요! 고정도 ! ||| 통일교 사건도 . ||| 추씨 20억 의혹 수사해라 ||| 이런 인재를 왜 안모셔요?,0
sBvbPQaBNmU,[ 토크] '인사청탁 의혹' 김남국 사직｜찐윤에 버림받는 장동혁?｜정청래 '1인 1표제' 부결 논란 | MBC 251206 방송,"그러니까 국힘은 계엄 다시 윤 윤을 지지한다는 거네. ||| 국힘은 진짜 국민을 무시하네 ||| 기흥이는 맨날 따라다니던 넘 아닌가 ||| 지겹다. 간첩 논쟁. 누가 볼때 나라가 망하길 바라는 국힘이 간첩 집단이지 누굴 간첩으로 ? ||| 국힘 진짜 자기들은 절대선으로 아는거네 ||| 뉴스하이킥은 각성하라. 김기홍 저런 자식은 아예 패널로 데려오지 마라. 차라리 서정욱이나 고성국이를 데려와라. ||| 덕수 노래 다시 나왔네 ||| 김기흥이 , 김기흥이 이자도 아주 질이 안 좋고 살살 변명만 하고 국민 의 육부를 긁어내는 자입니다. 민주당이 지금 국힘당과 타협?을 해야 되겠냐? 뭘, 어떻게 이해를 하고 받아줘야 돼? 나라를 전복시키고 국민을 총칼로 위협하던 놈들인데 그런 놈들이랑 타협을 하고 말이 되는 소리를 해라. 이놈아 국민들 간 터지겠다. ||| 김기흥 진짜 흉내도 못 내겠다 ㅋㅋㅋㅋㅋㅋㅋ 무슨 대화든 돌아서 민주당 까네 ㅋㅋㅋ 기흥아 대단하다 . 흉내도 못 낸다 ||| 못듣겠다 . ||| 아 기흥아 아직도 정신나가서 돌아다니니 ||| 정치 현안에 대해서 패널들이 자기 논리에 안맞게 헛소리 하는 걸 날카롭게 파고들지를 못하고 그냥 듣고만 있네... 주중이랑 너무 비교된다. ||| 김기흥의 논리는 그 모든 소리 중 김남국에 대한 소리만 들리는 한 인간의 논리네. 기자했다는 인간이 김건희가 청탁한 국회의원의 자리와 명태균이 청탁한 수믾은 인사에 대해서는 안들리는 선택적 뉴스 컬랙터 스러운 논리네 ! ||| 김기홍 또 당똥혁 대변인 추경호와 장똥혁11월3일계험에대해서한마디말도못하는대표를 엄호해 . ||| 국민의힘이 우찌 저런말을 할수있는지 너무 궁금 ||| # 너그국짐은입이열개여도할말이없어야지 누가누구를비난해! ||| 이럴거면 걍 김치형의 거침없이 하이킥으로 제목 바꿔라",0
xSmnsQPLfWU,"윤한홍, 권영진, 주호영....배신자들의 말로, 장동혁 을 뽑았다 (2025.12.9)",배신자 41명 기억합시다. 각자지역에서 열심히 운동합시다. ||| 절대로 공천줘서는 된다고 정리하라. ||| 배신자를 속아내야 한다 ||| . ||| 반란자들은 …,1
JHKrhePLXSw,한동훈 당게 사건 빼박 증거 는 치명타. 한동훈 팬클럽 명단 공개 “전화번호 끝 4자리 동일” (2025.12.9),저들이 내란 반국가 세력 이다 당장 퇴출 하라 ||| 이명박 구속시켜라 ||| 없는죄 만들어 박대통령 감옥 보내는 놈 너 차례가 왔구나 . ||| 배신자는 정치판에서 영원히 퇴출해야 합니다.................뭔 이 없어서........... ||| 당게사건의 핵심은 이석기 를 썻다라는 점 뿐만이 아니라 사건 그 이후에 한동훈이 당대표로서 사건은페를 시도한 점에 대해 책임을 물어서 반드시 제명처리를 해야한다.,0
onmGkk4T-2s,"주호영 의 자폭 ""尹은 폭정, 탄핵사유 충분"" 대구시장 하려고 이런 말까지...(2025.12.8)",야 주씨야. 정신 차려라 인간이길 저벼렸군!!! 저런것들은 정치아웃 시켜 버려야 함!!! 저런 인간은 돈 아까워 국힘당 징글징글 하다!!!! ||| 다시는 저런넘을 뽑지말아야한다 선택권을 아예 주지말아야 한다 정치권에서 영구히 이 답이다 ||| 저런 인간이 왜 쯪쯪! ||| ㅣ국힘엔 배신자들이 득실득실 합니다 주호영과 같은놈들이 많으니 당지지율이 떨어진다 ||| 주호영 또너냐? ?,1
cnwJ944-I5Q,백해룡 X약 수사 외압 주장은 거짓말...검찰수사 결과 (2025.12.9),대한민국은 이렇게 판을치고있네요. ||| 당장 은 허위사실 유포죄로 수사하라 ||| 백해룡 천벌받아라 ! 천벌받아라 ||| 백해룡을 윤석열에 대한 허위사실 유포에 의한 명예훼손으로 고발하고 엄중 처벌해야 한다. ||| 나라 개판이다 잡범 4범 구속 시켜라 제발 탄핵 해라,1
maB-1XArsbo,[⭐] 북한 부당판결죄와 같은 법왜곡죄?...국민의힘 주진우 “북한에서나 이런 법제를 가져와서 되겠나?”,자유대한민국서 대한민국 필요없다~자유민주주의 억압하는 가짜들 민주당 내로남불 내란청산해야 합니다 ||| 주진우 의원님 더더 힘내 주세요 . 든든합니다 ||| 문재인 민주당 탄핵하라 이적단체 내란당으로 처벌하라 ||| 주진우 의원님 응원합니다. 제바루나라가 바로 가게 좀 힘써 주세요 ||| 기가 막히고 기가 차는 공산독재법이네요. ||| . ||| 정말 대한민국이 대한공화국이 된것같애 어떻게 될려고 ||| 주진우의원님 최고입니다. . ||| 주진우 의원님 바른정치 여러분 힘내세요 화이팅입니다 ||| 다 들 ㅂㄹㅁㅇㅈㄷㅇ 좋겠다 ||| . ||| 검사출신 국회의원의 정석 정의를 향한 눈빛이 살아 있는 정치인 ||| 좋아요 ||| 불법특검 해체하라 . 불법특검 수사하고 구속하라 ||| 주진우 의원님 똑 같이 똑똑하고 현명한 나라일꾼 변함없이 지지합니다 ||| 주진우의원님 . ||| 누가 떠들어도 메아리일뿐 국힘 바른길로 세워라 ||| 딱 문형배와 같이 무죄판결한 놈들이네..,1
ZPL2hBKWU9U,"국민의힘 중앙여성위 성명발표 ""2차 가해 장경태 는 직 사퇴하라...추하고 파렴치한 청년 정치인으로 몰락""",빨리 수사받아라 ||| 장경태는 의원직을 내려놓고 사퇴 하라~!!! ||| 장동혁. 멋지다 올바른. . 나와네,1
i69-o2TM_Q4,다 줬다 다시 뺏은 졸렬 작렬 우원식?...의장 권한남용(?)에 팩폭 꽂은 나경원,"우원식 . ||| 우원식 원내대표 사퇴하라 사퇴하시라 ||| . ||| 즉각 해산하라 ||| 우원식 진짜 진짜 ㅋㅋㅋㅋ ||| . ||| 우원식 원내대표 자격박탈 사퇴하라 물러나라 ||| 대한민국 의 사법 행정이 개판이야 ||| 우위원장 은 우멍스럽기 짝이 없다 ||| 의장이란 사람 중국에는 곧 잘 달려가서 쎄쎄하더니 자기 당에 불리한 말은 못하게 막네 ||| 찌질한 우원식 , 인사안했다고 끝까지 보복 ||| 우원식 중국뱃지달고 중국가거라 중립을못지키는것이 아닙니다 ||| 국힘당은 나경원 없으면 누가 저렇게 열심이 냐 ||| 싸워야큰다 . ||| 저런작자가 대한인국 국개의장 했으면 부끄럽네요. ||| 합의가 안된 걸 계속상정한 의장이 제일 나쁜놈이다 ||| 나경원의원님 힘내세요~~~ 하늘의 복을 위해 끝까지 응원합니다~~^ ||| 우원식의장ㅡ,,고,,이만섭국회의장본좀받고국회회의를진행하라ㅡ독재,민주당편애회의진행그만하소ㅡ국민이주시하고있읍니다 ||| 우윈식 국회의장 등 30번 탄핵한 더불당 후안무치 ||| 국회 에서 인간을 편향된 사람은 절대 안 된다는 것, 국민이 잘 보여준 사례인 듯! 중립적인 척해야지 이건 뭐 대놓고 편들고 뭐하자는 짓이냐고... 짜증나게... ||| 나경원의원님 잘 하십니다 ~~~ 열렬히 응원 ||| 국민은 이거 안보고 싶어요 ||| 나경원 의원 파이팅입니다.",1
HbrmxpWeOi0,김건희가 귀찮은 이유,"제목 상단 【굥짜장썰뎐 92회】 ”내가 너 대통령 ” 김건희 옛 연인이 여기서 숨어있었다고?! 현장탐사! 을 클릭하시면 본편을 시청하실 수 있습니다 ||| 얼마나 모지리면 지 머리로 만사를 판단하지 못하고 점과 무당에 게 ㅉ ||| 정말로 주술에 미친정부네 근데 윤어게인하는 무슨 생각이 있는거야? ||| 건진역활이 최순실역활이네~ 대리로 ~ ||| 능력도 없이 권력이라는걸 잡으니 천지구분도 못하고 ㅉㅉ ||| . ||| 다 빠짐 ||| # 주술 ||| 지은죄가 많으니 더 불안했나보네 ||| 지가 무당이라며 . ||| 한직에있던놈 문재인을통해 중앙지검장 검찰총장에 임명 ||| 불 은 불로꺼야 ?그런생각을했겠지. ? 그래서 갑자기 동시다발로 불난게생각나네 ||| 제2의 박근혜 였어? ? 순실이 이었네 ||| 열린공감TV 쿠팡 플레이 ""신 명"" 영화에 김건희 정체성 스토리가 다 까발려 졌다! 12.3내란은 현시대에 왜 ? 왜 국민은 또 한겨울에 길거리에서 윤서열의 노래 외쳤는가? 아직도 국민은 모른다! 기록해야 할 우리 아이들을 위해서요. ||| .",0
uZkna8AHcQU,"[선데이 명신] 김건희 15년 구형은 시작일 뿐, 끝 될 수도","아 ㅋㅋㅋㅋ ||| 심장 박동만도 압수수색해야한다 ||| 쇼쇼쇼 김거니 ! ||| 거늬가 꽁꽁 숨겨놓은 보물상자를 꽄 차아내야 합니다 ||| 무기징역이 아니죠 ? 사형 때려야죠 ||| 마지막구형 에 연루됐다면 무기징역이죠 ||| 그나저나 무당 한마리가, 미간에 인상 쓰니깐 서늘하네~ ㅋㅋ ||| 생쇼를 한다고 죄가 감추어 지는건 아닙니다 ||| 이제 거니의 모든것은 주술행위로만보인다 ||| 최소한최순실만큼은받아이지요 ||| 15년 거론할 여지가 없다 150년도 부족한 구형 눈감을때까지 한 깜빵이 적격이다 ||| 당대표부터 극우좀빈데 국힘당은 ? ||| . ||| 저못된 김건희 절대로 과 저못된 박성재 법무부 장관 하고매일 문자하고 다검찰들 이더문제요 ||| ㅎㅎ 그때가 좋았지 그냥 놀러 다닐때가 좋았겠지 걍 죽을때까지 빵에서 살어라 ||| 무기 나와야죠 근데 구형 진짜 왕짜증났어요 ||| 거니야 사면 줄 알지? ||| 제발 무기징역가랏 한짓에 너무 약허다 ||| 사형도 . ||| 저건 누가봐도 귀여워 ||| 눈이 힘이 잔득 들어있는 것이 살기가 저렇게 많으니 지모지리 앞세워 내란들 고 ||| ( 답 ||| 불법 적으로 모은재산 전부 몰수하라 ||| 무기징역 . ||| 진짜 너무싸다 최하무기징역 재산몰수 ||| 저 컨테이너 빨리 찾아야 합니다 ||| # 쇼쇼쇼 주술마스크 ||| 난 저여자 영부인되면 너무너무 끔찍햇는데 어떻게 윤석열만보고 투표했을까? 저여자땜에 투표 찍지말았어야지 ..설쳐될때부터 느꼈음. ||| 사면없는 무기 . ||| 마약건 그냥 넘어가는거 아님 절대 끝까지 가야할 사건 .... ||| 건 희빈에게는 사약이 된다 ||| 아픈척 연기하는건, , 저 무당 지능으로써 할수있는 최선이다 ㅋㅋㅋㅋ ||| 두가지죄만 15년 나머지 죄는 추가조사후 구형 계속 형량이 늘어난데요 그러면 또 사형 나오겠죠 ? 힘들듯 ||| 김거니 삼부토건, 양평고속도로, 캄보디아ODA, 마약밀수, 국보도둑질, 또,또,또 등등등 많~아요 ~ 15년이예요? 종신형이지~!!!!!! ||| 다치우고 내란전담재판부 가동해서 싹다 새로 고 그리고 독재에 복무한판사놈들도 강력단죄해야합니다 ||| 그 덕분에 사이다 ||| 나는 지금 무릎 아픈 할머니인데.. 저렇게 걷지 않음! 가증스러운 것!!! ||| - 조장 김건희 ||| 벌금이 20억? 그럼 은닉재산은? 어떤 댓글에 조 단위라고 하던데 배아픈 국만들은 차라리 그돈 못쓰게 철저한 조사속에 무기징역 당하길 빈다.... 배 많이 불러서 혼자가기는 억울하지? 그럼 국짐당 애들도 데꼬 가도록~~억지쓰는 대한민국 국민 진짜 피곤하다 ||| 김건희 모든 사건 사안마다 판결 때리면 한 5천년 나오지 않을까요? 단군할아버지도 민망하게 만들어 버립시다. ||| 거니 보물 트럭은 어디 있을까? 특검은 찾을까 안찾을까? 내가 줏어 가지면 장물일까 ? ||| 반드시 이번에 처벌을 명확히 하여, 대한민국에서 내란은 곧 내란 법의 원칙을 만천하에 선포하라! 이것만이 우리 가 줄 수 있는 진정한 교훈 ||| 연기중 ||| . ||| 김건희 마스크 거꾸로 쓴 이유 분명히 마스크 코 쪽의 철심이 수술한 사람 눌러 형상을 망가지게 할까봐 거꾸로 쓴 것 아닌가 추측 됩니다~~^^ ||| 근데 석열이는 컨트롤 할수있다 얘기했어요 ||| 이 얼굴 어떤 모양일까요? 성형외과못가서 흘러내린걸까요? 참으로궁금하네ㅎ ㅎ ||| 순실이 보고 배워서 조심 했어야지 뭐 가 영원할줄 알았는 가베",0
0dnc2UUAbjw,[일주일몰아보기] 내란당 당 초반 박스권 지지율- 내란 당 이재명 대한민국 역대급 지도자 우뚝 #다시보기 #재방송,국힘 특징. 지지율은 ㅈ밥인데 득표율은 40%가 된다는 것. ||| # 화이팅,0
UWQWl4p_J2s,"'내란죄'는 공소시효 제외, 내란재판부 다음 주 통과된다","준비된 대통령 이재명 ! ||| 이재명 대통령 님 참 잘합니다 최고 잘 합니다 ||| 애국시민들 힘 납니다~그리고 사랑 합니다~ 함께못해 미안합니다.추운날씨 감기 조심 하세요❤❤ ||| 은 국민이 주인이다 잼통령님이 알고 있습니다 ||| 국힘 내란범들은 우리대한민국 스스로 심판한다 ||| 문진석이도 . CB.민주당 최고위원들 뭐하냐 빨리 사퇴시켜라 ||| 인사청탁은 주지도 받지도 말자! 적폐언론이나 국짐당에서 하나만 하고 있는데 조심했어야 했다. ||| 대구시민들 이제 대한민국 국민 확인 됩니다 고맙슴니다 ||| 검사,판새에 관한 영장은 국민 심의의가 영장발부 하게 합시다... 검사 영장은 이제까지 봤듯이 모든것이 기각입니다.. 판새,검새 영장발부는 둑민이 빌부합시다!! ||| 국방 도 안보 도 평화 도 이재명 대통령 민주당 만세 ||| 김건희도 반드시 처벌 해야합니다 ||| 문진석은 왜 가만히 안지는가? 사퇴해야 된다고본다 ||| 김병기 문진석도 징계가 불가피 합니다. ||| 내란죄는 진짜 대국민 살인미수 사건입니다!!!사면은 절대 없이 실형 다 형 해야합니다!!!특히 주동자!!석열이 건희 덕수용현이!!!! ||| 내란범들을 사면을 시키면 안된다는것 정말 믿어도 되는지요? 내란범 윤석열과 김건희 그리고 내란을 동조한 인간들 전원 을 시켜야 하고 절대로 사면을 시키면 안됩니다. 특히 국힘당은 내란 동조한 인간들이라는것을 국민들은 명심을 해야한다. 국힘당은 영원히 사라져야 나라가 잘 될것이다. ||| . ||| 군사반란 동조세력 조희대& 천대엽이 모여 모의회의 한답니다, ||| 내란 재판부 부 에 본인들이 가담해서겠지? 조희대가 본인들 안 건들꺼라 가대하다가 내란재판부 생기면 지들에게 불리하니까. 이권당원들. ||| # 사형재도가 필요하다 ||| 역적질을 하다. 발각이되거나 . 하면은. 삼족을. 멸해야 합니다. 만약. 쿠데타가 . 대한민국이라는. 나라와국민이 어떡해. 되었을지는. 자명한일입니다 또한. 전두환도. 사면 해주면. 안되는것이었습니다 이번에는. 쿠데타는. 사면이. 없다는. 본보기를. 보여야합니다 김건회도. 사면하면 역사적으로 또. 반복될지도 모릅니다 ||| 박수 ||| 이재명대통령님 경호 철절하게. 해주세요. 특수경호 . 경호처 애국시민분들 감사합니다. 존경합니다 ||| 조국 혁신당 오늘오전 에 대법원에서 내란특별재판 위헌소지로 브레이크 걸어 헌재에 심판청구에 대해서 논의해야 한답니다 ||| 내란재판부를 연초에 해버렸으면 뭐 지금 같 민주당 정국주도 하는거 진짜 안함. 국민들이 쌓이고 쌓여 어떤 폭발상태가 되면 그제야 나서서 해야 함. ||| 김남국 의원은 정치인으로 크기엔 한계가 재확인 것 같습니다. 최강욱 의원도 말조심을 못하고. |||  ||| 뭐만 하면 다음주.다음주...하다 다음 주 끝나것다.... ||| 난 정년이라 해택 못봐서 씁씁 ㅎㅎ 하지만 제발 빨간날 만들어주세요. ||| 강미정...목소리 듣기 싫어",0
DpTXQiRkmQ0,[재)[민형배] 1년이 지나 더 생생해진 내란의 기억," ||| 민형배의원님. 반갑습니다. 우리. 모두. 잘살기. 위서. 힘들시지만. . ||| 내란계엄이후 황당함에 정신없이 이 흘렀다는것을,지금에 와서 다시금 더 소름이 끼치고 무섭다. 87년6월항쟁을 온몸으로 지켜본 세대로서 치욕감과 분노로 떨린다. 무지하고 천박하며 악랄한 수괴와 요괴를 반드시 응징 척결하자!!!!",0
nzXovU5q6r8,"[PD수첩 10분 컷] 아찔했던 12.3 비상계엄 , 정밀 분석하다 - MBC 12월 2일 방송","대선때 기차 앞좌석에 구두발 올릴때부터 비상식적인 인간으로 생각했다.. 다시는 이런 인간이 지도자급에 못 오르도록 대한민국의 정치적 각성 이뤄지기를 바란다 ||| 그날 국회로 달려가 주신 모든 분들, 국회에 계셨던 여러 분들 감사합니다!! ||| 내란 가담자들 전부 석방 ||| 이날 생방송으로 보고 헬기뜨고 국회 단전시켜서 계엄해제 불발로 갈까봐 진짜 조마조마했다!!! ||| 계엄의 밤 국회로 달려간 국민들 .. 설령 내가 잡혀가더라도 여기서 내 삶을 바쳐 나라를 구해야 겠다는 그 마음에 감사드립니다 ||| 정말 아찔했다… 제대로 내란세력 , 제대로 처벌해야한다 ||| 절대 사면없다는걸 꼭 이번 기회에 일벌백계로 보여줘야 합니다. ||| 맨날 중국이 쿠데타 난나고 하더만 한국이 내란이 라고 누가 생각했냐? ||| 아 저런 멍청한 놈 때문에 암흑기로 갈뻔 했네요 아찔아찔 하네요 ||| 정말 그 곳에 있었던 모든 분들께 정말 정말 정~~~말~~~감사 하고 정말 감사합니다~ ||| 아 가슴 떨린다~저기에 못간 것에 죄스럽습니다 ||| 정말 소름끼치고 끔찍하다 어떻게 저런 사람을 뽑았을까 너무 개탄스럽다 다시는 피해자 없기를 그리고 아직도 재판중이지만 정말 엄벌에 처하길 ||| 혼자 살겟다고 법정에 들어앉아 께끼는게 진짜 너무 보기좋습니다 ||| 등골이 아픈 느낌이 듭니다 지금보니 모든 순간이 참 아슬하고 기적같았네요 ||| 온몸으로 막아주신 하나님 깊이감사드립니다~ ||| 불법 비상계엄 ! ||| 다시 보고, 또 보고, 다시 봐서 되새김질 해야겠어요. 눈물나네요. ||| 정말 잘 봤 프로 이번편 너무 좋았습니다 ||| 진짜 끔찍했던 밤 ||| 사형을 구형해야 한다. 너무 아깝다! ||| 봐도봐도 심장떨려요 빨리 사형집행했음 좋겠음 ||| 반세기 가까운 기간동안에 계엄이 도대체 몇 번이 일어나는거니?? 얼마나 대한민국에 시스템이 우스우면 이랬겠어 이번엔 반드시 철저하게 정리해야 된다 . 사실상 폐지된 거 아는데 본보기로 이번만큼은 폐지 시켜야 함 ||| . ||| 지금 생각해도 아찔하다.하늘이 . ||| 보좌관님들 시민분들 감사합니다 . ||| 이날 몰랐던 영웅님들 너무 많습니다 모두 감사 합니다 ||| 1년전 오늘이 생생하다... 헬스장 갔다 왔는데 계엄선포... 아빠, 계엄령 선포 하고 담배피다 들어와서 가짜뉴스 보면 안돼... . 그 순간 다 기억남ㅋㅋㅋ ||| 저런 자가 한 나라의 정치가 지금도 너무나 소름끼친다...... 다시는 저런 쓰레기 같은 자들이 정치에 발 붙이지 못하게 막아야한다! ||| 그 와중에 취재진들 뒤로 빠지라고 다친다고 말하는 그 사람들 ㅠㅠ 누굴 걱정해요 거기 다쳐도 다친 사람은 없는데 ㅠㅠ ||| 우리 보좌관님들 인간 방패막이 되었었네요. 총알받이 될 각오로… 지금이야 되새기며 보는거지만 정말 감사합니다. ||| 10:53 눈물나네 ㅠㅠ 감사합니다 ||| 이날 진짜 수많은 영웅들이 막았다 . ||| 그 날 단 한발이라도 총이 발사됐다면... 누군가의 목숨이 사라졌다면... 그 피의 죄값을 어떻게 갚으려고 쿠데타를 벌였느냐...... ||| 이승만때부터 쿠테타를이어온 사람 ||| 경제혼란등 민생바닥등 나라가 고통속 , 계엄은 비생산적 극단적 삶, , , ||| 병력 투입이 많아지면 정보가 새어나가니 소수 정예 특수부대들로 국회만 장악하려 는 시민들의 살신성인과 스마트폰 수천 대의 실시간 으로 실패 ||| '스크럼' 하.. '미스타 션샤인'이랑 똑 비슷 ||| 15:45 사형선고 받 저래 또 웃을까 궁금하다 ||| 윤석열은 끝난게 아님..... 국힘당 지지자 중에 유승민 같은 극소수의 정상인도 있지만 10명 중 9명은 대부분 윤석열 1호,2호,3호..... N호가 나열되있음. 심지어 길거리에 똥을 싸도 지지율 40%가 나옴. 대한민국 투표 참가율 70% 중에 40%라는것은 거의 1500만명은 군사독재 회귀를 바라고 있다는 말임. 민주주의 국가 같지만 언제든지 군사독재 로 돌아갈지도 모르는 게 민주주의 국가. ||| 아 지금봐도 찡합니다 너무 고맙습니다 ||| 윤석열과 함께 계엄을 계획하고 추진했고 이를 저지 말리지 않았던 국무의원들을 포함한 청와대 관계자들 그리고 당시 여당이었던 국힘당 의원들을 절대 최고형으로 엄벌하지 못해 다시 반복되고 국론을 분열시킵니다. 그걸우리는 지금도 똑똑히 보고 있음이 참담합니다. 절대 엄벌 해야됩니다. ||| # 입벌구 ||| 내 나라 동남아처럼 될뻔함.. 진짜.. ||| 아직도 시간 빨리가라 ||| 열심히 해야 겠구만 ||| 작년은 진짜 추운 데 ㅜㅜ너무 다행임 ||| 저 상황에서 추경호가 보여준 역할을 보면 너무나 끔찍한데 법원은 구속을 기각시키다니 분노가 끓어 오릅니다 ||| 국가전복될뻔한 일이었다..지방에 사는 사람으로 국회로 가지 못했지만 뉴스 생중계를 보며 비상계엄이 해제되는 순간까지 가슴을 쳐야 했다 과거에도 이런 욕심으로 수많은 시민들이 고통을 받아야 했다 국민들을 전쟁위기로 몰아가고 안전과 자유민주주의를 훼손시킨 내란수괴와 내란동조자들은 반드시 반드시 엄벌에 다스려야 한다 ||| 자세히 나온 내용보고도 윤석열이 잘했다고 옹호 하는것들은 대체 ㄷ ㅐ 가리에 머가 냐 ||| 국회질서유지를 왜 공수부대가 ? 국회경비대도 있고 경찰서 경찰관들도 있는데 ||| 저 샤키 너무 뻔뻔 아으 속터져!!!!!!!! ||| 윤석열 끝까지 남에게 사과 이야 ㅋㅋ 대단하다 ||| 쟤는 무기징역도 아깝고 30여년만에 사형 집행해야 한다고 ? ||| 아무리 생각해봐도 천운이다 ||| 그날....기억한다 혼란이였고 지방이라...아무것도 할수가없었다 내가말하고싶은건 대체 어떤생각이신가요..... 90년생이고 저희엄마는 518을 격었어요...광부로시함보러 갔다가 최류탄도경험있구요...겨우겨우 학생버스라고해서 순천으로 다시 와서 살아계십니다 ||| 저 사악한 인간을 우리가 대통령 이라고 불렀습니다.... 그럼 저 인간을 탓해야 할까요? 그건 제 잘못 입니다. ||| 내란범에게 사형 의 좋은 선례를 남기자 ||| 국회에서 싸워주신 국민들 진심으로 감사드립니다. . ||| 제발 제발 ||| 지멋대로 다 해쳐먹을려고 민주주의 한국을 군사 독재화 시킨 내란수괴 전두환이랑 그 잔당들을 단죄하지 않은 과거가 윤건희라는 희대 통령 그렇게 만드거잖아.. 정치인들아 언제까지 드러운 역사 반복할꺼냐 제발 이번에는 그만 시켜라 피곤해서 못살겠다 ||| 이거 하지 않으면 또다시 반복 된다 ||| 광주에서 그렇게 사람많이 죽인 전두환도 7년이상 할 생각을 못했는데, 21세기에 수십년 을 얘기하다니 미친거 맞습니다. 제 사고방식에서 안드로메다만큼 이탈한 그 무엇이에요. ( 인간이라는 말은 전혀 어울리지 않기 때문에 못쓰겠습니다 . ||| 네이버 지식인 '항일유격대장'은 수년전부터 극우와 그들이 장악한 한국군이 북을 도발하고 북이 대응한다고 하여 계엄 1년 반 전부터 서울경찰청 안보팀, 서울지검 이한종, 서울지법 하진우를 이용해 가두고 묵살시켰고 반국가 세력으로 계엄이후에 선고하려했지. 만약 이 분 만 들었어도 다른 계엄 예측자들 말만 들어도 충분히 막을수 있었음. ||| 저것도 대통령이라구~~윤석열. 국짐당 니들이 저래 나라를 말아 먹었찌~ 나쁜놈들이네~ 국정원 해체만이. 답이다 ||| 생각할수록 윤건희 괴씸하고 용서할수 없다ㅠ국민은 물론 윤건희와 동조세력 모조리 죄값 받아야 한다ㅠㅠ ||| 1년이 지나 재판중인데도 아직도 뭐 때문에 계엄한건지 알 수 가 없네 ||| 아직도 비정상적인 사고를 하시는 분들이 많은 것 이 종교의 성격인지, 돈과 관련된 것인지... 세뇌란 정말 무서운거죠. 자기 부정을 못하는 거에요. 교육이 이렇게 무섭습니다. 최근 사고친(?) 사람들 보시면 공통점이 있어요. 어렷을 때부터 혼나본 경험이 없는 사람들... 자신의 잘못을 지적 당해보지 못한 사람들... 그러니 누가 ""너 잘못했어""라고 해도 믿지 못해요. 그렇게 살아왔고, 무의식적으로 굳어버린 사고가 생긴거죠. 참고로 지금 학교 교육은 앞으로 잘못을 저질러 놓고도 혼나보지 못한 아이들을 어른으로 만들어내고 있어요. 그러니... 앞으로도 이 사회는 더욱 시끄러워질거에요. 자신의 행동이 잘못되었음을 반성해보는 경험이 없는 어른들이 많아진 사회, 개인화된 시간 소비로 소통의 어려움을 더욱 뚜렷해질 것이고, ""공감""을 하지 못하는 사람이 늘면서 더욱 이기적인 사회로 갈 거에요. ""나만 잘 살면 된다.""라는 의식이 매우 강해질 거에요. 근데 부는 더더욱 소수에게 밀집될 것이고, 그들이 올바른 사고로 세금을 제대로 내지 않는다면 이 사회는 무너질 수밖에 없어요. 이번 계엄 사태는 지금 우리가 겪을 일을 직간접적으로 잘 경험했다고 생각합니다. 검찰요? 위에서 언급한 대로 그들은 잘못을 해도 지적 당하지 않아요. 항상 남을 지적하는 일만 수년 수십년을 해 온 사람들이죠. 그러니 사고가 그쪽으로 굳을 수밖에 없어요. 그래도 저는 대한민국이 좋습니다. 우리의 민족성을 믿어요. 대부분의 국민들은 뛰어나고, 위기를 극복하는 유전자가 깊이 박혀 있어요. 그냥 교육일을 하는 동안 주저리 주저리 해 보았습니다. ||| 용산 집무실에도 군인장병들이 군복무를 하고 , 어떤 심정이었을지...?? 아마 , 내 통신 끊고 대기타고 있었을지..? 국방부에서 복무했던지라 한편으로는 참담하게 느껴지네요... ||| 빨리 집행해라 ||| 자세한 현장영상은 처음 보는 것들도 고 계엄군이 생각보다 강하게 밀고 들어왔네요 ||| 헌정질서를 유린하고 국민의 생명 안전을 짓밟은 불법계엄 내란은 대한민국의 근간을 흔든 국가적 대죄입니다. 이런 중대 범죄의 주범과 가담 세력은 법이 허용하는 최상한의 책임을 반드시 물어야 합니다!!!! 단 치 치의 관용도 허용해서는 안 됩니다!!! 이번에 제대로 나치 처벌하듯 처벌하지 못하면 그들은 또다시 헌정을 뒤흔들 것이고 그때 대한민국은 더 큰 혼란과 파국을 맞게 할 것입니다. ||| 윤, 민주주의 , 지당한 말씀입니딘 ||| 김현태 그누마는 ? ||| 맞습니다 이번엔 명확하게 좀 엄벌을내려줘야지 ||| 군인들이 폭행을 안해? 영상에 다 나오는구만. 형법이나 군형법으로 강력히 처벌해야 함. ||| 국회 전원이 모인 계엄은 성공했다. 707 특전대..... ||| 전 세계가보는데 이걸 왜했어?! ||| 진짜 다시봐도 너무 무섭고ㅜㅜ ||| . ||| 정말 대한민국의 역사에 다시 있어서는 안될 흉물이었다.... 그 흉물은 역사에 남을 괴물같은 짓거리를 벌였다... 그리고 그 내란에 어떤 방식으로던지 참여 했던 자들에 대해서는 싹다 법적 책임을 엄중하게 물어야 한다.. 혹은 이렇게 말할수도 있다.. 칼을 휘두른 사람에게 죄가 있는 것이지 칼에는 죄가 없다고 말이다.. 그렇지 않다... 악인에게 사용되 끔직한 범죄에 사용된 칼은 역사적으로 평가되고 이름지어지며 차후 적당한 처분을 받는다... 롱기누스의 창, 히틀러의 칼 연쇄살인마들의 칼 그렇다... 자유의지가 없는 사물에 대해서도 그렇게 하는데 하물며 저 내란에 참여한 자들은 자유의지를 가지고 있는 인간들이었다.. 저들에 대해서는 엄정하게 무슨 행동을 했는 가에 대한 완전한 조사를 통해 철저한 책임을 물려야 하는 것이다. ||| 비겁하고 더러운 윤석열에게 탐하지 말아야할 권력을 탐해서 벌어진 너의 자충수를 원망마라 공과사 구분 못하고 흥청망청 술로 망가진 너의 인생을 원망마라 수신제가도 못하는 주제에 가오잡다 인생망친 너의 근본을 원망마라 군 통수권자로는 믿기지 않는 수준낮은 언어는 너의 본심이다 재판받으면서도 거짓말을 일삼는것은 인간 이다 나라를 이꼴로 만들어 놓고도 반성이 없는 널 보며 불쌍하다는 생각이 들어서 몇글자 남긴다 ||| 이렇게 해놓고....마치 애초 2시간짜리 영화 기획했던 것처럼 거짓말하는 교활한 윤석렬 ||| 아 무지개운수 김도기 데려와야하나 윤석열 참교육시키자 ||| 12.3대구내란이지. ||| 우리 나라 잘 됨 ||| 진짜 윤석열은 대한민국이 존재하는 한 영원히 기억해야할 놈이다. 마지막 웃는 흑백 화면, 정말 토악질 나올 정도록 더럽고, 추악하고 악의 화신 사탄의 얼굴같다. 으악.. 꿈에 나올까 지 진짜 나쁜 놈인지는 알았지만 저정도로 악하고 , 또라이일지는 상상도 못했다. 상상이상이었다. 저런 자를 뽑은 자들 진짜 평생 살면서 반성해라!!!!! 나라를 위해 다른 좋은 일 로 그 잘못을 상쇄하라!!!! ||| 너무 떨리고 눈물난다..ㅠㅠ ||| 진짜 박정희 제2의 전두환 나올뻔 했다 ||| 이준석 인타뷰 없어서 좋앗다. 시끄러임마 그 컷이 잇엇음 . ||| 내란범죄집단, 반국가세력 국짐당과 국정원 해체하고 수사하라 !! ||| 당선무효임 한학자 김거니 임세령 구속 수사하라 ||| 저때 내란 성공했다면 1년간 수십만명이 죽었을것이다. 경제는 급속히 무너졌고, 지금쯤 중진국 수준으로 떨어지고, 돈있는 사람들은 다 이민가고, 기업들도 해외로 나가고 부동산 은 엄청 커지고, 개판이 되었겠지. 군인들이 쫙 깔리고 국짐당 의원들이 지방 지자체장 다 차지하고, 민주당 의원 1/3은 시체도 못찾았을거다. ||| 댓글 상테 왜이러나 했는데 댓글 보는 순간 이해함 ㅋㅋ",0
gV8fcBwHMME,[스피디(sPeeD) 수첩] 비상계엄 해제 요구 결의안이 부결 위기,"내란에 대해서 경찰 조사해서 법으로 처벌해라 ||| 끔찍한 내란외환 그 죄를 피 흘리도록 엄벌해야 합니다. ||| 지금봐도 간이 오그라집니다. 정말 저기 국회에 있던 국민들을 다시 만나게 해주세요. 그때 그분들 이름 한자 한자를 함께 했던 애국자들과 같이 어딘가에 적어서 기록해 주셨으면 정말 대단한 국민들이십니다. ||| 결과알고 진짜 살떨린다..~ ||| 독일은 나치 청산 시스템을 갖추는데 80년이 걸렸다고 합니다. 우리도 내란 뿌리 뽑을때까지 는 안됩니다. ||| 아~~ 눈물 난다~ 국회 직원들 보좌관들 그리고 시민들 을 지켜주셔서 감사합니다~ ||| 정말 80년대냐 이건 나라가 너무 개판이다 ||| 지금봐도 이 상황보면 피말렸을 위급한걸 여실히 보여주는 모습 ||| 내란당 해산시켜야함 . 이런 위험이 있는 상태로 살수 없다 ||| 내란범과 부역자와 옹호자와 지켜주는 자는 다 잡아들여라 국민을 죽이는자들이다 ||| 차라리 총선 져서 국힘당의원들이 다수였으면 끔찍하다 ||| 그날 추운 새벽.. 죽을수도 있는데도 국회로 찾아온 모든 시민들께 진심으로 감사드립니다 ||| 서울대 졸업했다고 다 똑똑한게 아니라는게 증명된것 . ||| 진짜 울 뻔했다. 존나 무섭네 ||| 의구심이 생길 땐 생각하지 말고, 그냥 ""민주주의를 위하여!""라고 외치며 여러분의 문제에 무작정 달려드십시오. ||| 보좌진 들 정말 감사합니다~!! ||| 저기 있던 내 심정이 어땧을까? 보고또봐도 가슴 아프고 고맙다. ||| 이상현 국조에서 도 울더니 다 연기였네 그러면서 부하들 걱정하는척 철면피 ||| 그때 달려와서 계엄군 막아준 시민들 정말 감사합니다.. 진짜 100번을 해도 잘 안풀리는것들때문에 아직도 분노합니다!! ||| . ||| 아니 2024년에 무슨 소리 진짜 지난 3년간 나라 개판이었다... ||| 계엄으로 인해 누가 다쳤냐는 건지 묻고 싶다 . 내란실패가 아쉽겠지만 대다수 국민은 이미 심각한 외상을 입었다 우리 사회 시스템이 지금이라도 무너질 수 있다는 불안과 공포를 대다수 국민이 갖게 된 것 이보다 더 큰 붕괴가 어딨나!! ||| # 국회 버스로 들어가 버스에만 대기했다 1공수중사 ||| 내란 반란 외환 죄 는 절대로 하면 안 된다 그래야만 나라가 바로선다 ||| 하지만 아직 끝난게 아닙니다. 내란에 동조한 자는 끝까지 다 잡아다 처벌하고 다시는 이런일이 없도록 뿌리뽑아야 합니다!! ||| 저런 에서 회 열고 계엄사령부에 판사 파견 논의했던 조희대 일당. 조선일보 채널A에 법원관계자라면서 기사 쓴 기자들 찾아서 수사해야 한다. 아직도 사법부가 내란 단죄를 막고 있다. ||| 눈물 ㅠㅠ ||| 지귀연과 조희대가 내란재판 개판으로 하는게 더 화가난다 ||| 내란당 해산시킵시다. 언제 다시 이런 일을 할지 몰라요. 진짜 끔찍했다 ||| 화가 난다! ! 지금 4일이 지난게 아니라 1년 4일이 지났는데 내란 척결 이 머가 있는가? ||| 진짜 무슨 국회에 군인이....교과서에서나 보던 장면을 경험할 지 몰랐다 ||| 계엄 당 투표를 안하고 내란 옹호한 내란당 해산해라! 계엄 성공했다면 대한민국은 북한,캄보디아처럼 독재국가로 될 뻔 했다. 진짜 ! ||| 지금또 봐도 눈물 나네요 ||| 이상현은 눈물 짜면서 한 거 아냐?? 동조 제대로 했네 구라였네 김현태랑 똑같은넘 이었네 어우 군복입은 사기꾼 왜이리 많냐 ||| 내란수괴 힘당 국짐당 국힘당 대표 장동혁씨 보고있냐 당장 해산해라 ||| 최대한 군인들 자극 안하면서 막은 시민분들 한테고 고맙고 거기에 까칠하게 대응안한 현장에 군인들한테도 고마워 아무리 봐도 이 건 진짜 운이 좋았다 . 누가 한명이라도 돌발행동을 한다면 다 ㅈ될뻔 했음 ||| 군인들이 적극적이지 않아서 천만다행, 까라면 까는게 군인이라 어쩔수없이 이렇게 온것뿐 707특임대가 적극적으로 군인 체포하려 마음 먹었다면 못막음 ||| 일본 극우 사이비 리박 내란 판검사 펨일베 해체 해야 하는건 이것 만으로 충분한 증거 ||| 추경호 : 우원식 의장님 우리도 들어갈테니 30분만 만 기다려 라 추경호 : 우리는 당사로, 아니 , 아니 당사로... 우원식 : 국회로 오는거 아니었어? 왜 기다리라고 한거지? ||| 국힘당 내란동조범들 같은 국회의원을 다시는 내지 말아야지 나라를 지킬 놈들이 아닌가!! 지들 비리를 덮으려 계험 해제 방해 윤석열 탄해 방해를 했던 국힘 내란공범들은 반드시 국민심판 통해 저 매국노 놈들이 다시는 이땅에서 는 살지 못하도록 해야지 저 사악한 놈들은 또다시 내란을 홱책할 놈들임에 틀림없것이다!! 이자들은 방조범이요 동조범이요 공범이임에 틀림없음을 영상을 통해 더 명확해진다고 본다!! ||| 군경이 소극적으로 임무를 수행했다는 말에 동의할 수가 없음.....저게 정말 이런 거였다고? ||| 서울 에서 나라를 구했습니다 ||| 잠깐잠깐봤을때는 근데 이렇게보니 시민분들 너무대단하고 존경스럽네요 내란 성공했으면 우리나라북한될뻔 너무무섭네요 ||| 생각보다 더 긴박했네 .. . ||| 진짜 귀여워 ||| 죽음을 택한 보좌관님들과 시민영웅님들 고맙습니다 ||| 매년 선거때마다 이거 는 국힘들은 이제 영영 집권 못하겠다 ||| "" 동조하겠습니다"" 라고 말한 경찰간부 그놈 누구야? ||| 민주당 조구혁신당 보좌진 정말 고생 많았다 . 공수부대 앞에 있어봐서 그 순간 그 공포 진실로 감사 합니다 ||| 여전히 그 목소리 선명하다 ||| 이상현 이인간 눈물 질질짜더니 뭐??의원들을 향해 하 참 ||| 내란을 막은 잼통과 민주당 총선 압도적 승리로 승리 연임 꼭 이룹시다~~ ||| 보면 볼수록 군인들 너무 태업해서 일부러 계엄막았다 이 소리 못하겠음. 명백히 적극적 동참한 군인들도 있음 찾아서 . ||| 추경호 애초에 오지도 않을 거면서 다시 시작하라고 했다고? 알면 알 수로 혐오만 쌓이네 ||| 실패한 민주주의 계엄이 어제 고 그때 저항했던 시민들과 국회보좌진들의 피땀을 오늘 다시 보게되니 마음이 울컥해납니다. ||| 내란동조 뱉은 경찰은 어찌 되었나? ||| 당시 국회를 봉쇄한 경찰 칩입한 군인들 모두 처벌 해야 된다 이건 역적질이다. 이에 동조한 경찰 군인들 다 처단 해야 한다 ||| 어찌나 놀라운 사실인지요? 나라와 국민을 지켜야 할 군대와 무고한 시민들과의 처절한 사투 ㅠㅠㅠㅠ 영상을 보는 것 만으로도 가슴 단전이 조여오는데... ||| 경찰들 도 국회의원들은 막으면서 군인은 안막는거봐 진짜 경찰이 더 나쁜거 같음 ||| # 국민의힘..잊지않을것이다 ||| 내란에 동조하겠다 발언했던 경찰 지휘관 찾아내야하지 않나? 지금보면 경찰쪽 의 동조자들은 안 보이던데. ||| 그리고 이번엔 꼭 해체시키자.이나라의 모든 독재자와 내란범을 배출한것들 그만 좀 보자 ||| 진짜 너무 위험했다. 윤석열 진짜 무서운 놈 ||| 특전사 1공수 반란 전문 부대 해체해야 한다 ||| 추경호가 제일 나쁜 사람 ||| . ||| 김용현 변호인 : 길 막은 시민들은 폭도다 군인을 폭행한 시민은 폭도다 ||| 정말 슬퍼요... 2025년에 이런 일이 있었다는 사실이 .... ||| 신기하게 쿠팡에 대해 그 어느 것 하나 제대로 보도 안함. 겸공은 물론 매불쇼까지. ㄷ ㄷ ㄷ 피디 수첩은 기대도 안하고..... 쿠팡이 돈이 많긴 많구나. 검찰 부터 좌측 언론까지 전부 모조리 포섭했네 ㄷ ㄷ ㄷ ||| 나베는 너무 건넜잖아",0
deE13QL9g1g,무속 · 윤석열 전 대통령을 보수 개신교가 지지하는 이유 - PD수첩,"교회에서 윤석열 찬양하는 사람들 보면 목사 아님 성경구절을 이용해서 탄압받는 사람 포장하는것 조차도 부끄러움 거기다 윤석열 이 판사들에게 비아냥 되면서 극우 유튜브에 나와서 할렐루야 아멘할때마다 미친넘들 같음 ||| 아니 그냥 돈벌이 수단으로 써먹는거지 ||| 와.. . 별것을 다 갖다 붙였구나 ||| 자신들이 빤스를 신앙하는 만큼, 하느님은 빤스눈치 보는 하찮은 존재가 되는것은 아닌지 ||| 아무 상관 없으면 진짜 국민 위해 일하는 사람을 골라. 국민에게 총 겨누는 사람을 고르지 말고 ||| 글쎄..... 꿈보다 해몽일 거같은...... 윤석열 쫓는 목사들 성경이나 좀 봐야 할까??? 성경의 뜻을 제대로 해석하면 윤석열이 누군지 바로 알아봐야지... 목사가 악마랑 손잡아??? 전광훈이 성경책은 읽을까?? ||| 사이비가 한 끗 의 한 부분만 지 엡맛에 맞게 해서 이득을 보고 사회 해악을 끼치면 그냥 사이비임. 협회 인정 그딴 거 필요 없음. ||| 정치적 판단 우선시 하는게 진정한 신앙인인지 의심스럽네요 ||| 미국 극우들이 국회 점령하고 난동부리는것과 MAGA, 그리고 트럼프 를 고대로 따라한것인데…계엄까지 했지만, 한국 국민들이 무지하지 않고 만만하지 않아서 … ||| 코에 걸어 코걸이 귀에 걸면 귀걸이.. ||| 탐욕스러운거죠. . 고레스왕에ㅋㅋㅋ ||| 개신교는 엠비 때 완전히 망가졌음. 그 이전 개신교는 그래도 어느 정도 선이 있었는데 엠비 때 시정잡배들이 들어오면서 박살났지. 과거 개신교에 무슨 일 생겼으면 다 들고 일어났을거임. ||| 쟤네는 돈에따라 움직이는 집단들임 한마디로 또 하나의 이익적 집단 ||| 윤석열 탄핵소추안 당시 서울시내 대형교회 목사들이 교인들에게 좌파연예인들 CIA에 신고하라고 개소리했던데 ㅋㅋㅋㅋ ||| 그냥 쉽게 얘기하지... 돈과 권력때문에 야합했다!! 돈과 권력을 위해서라면 절대 손잡는다!! ||| 이쪽도 보수개신교 라고 하지 말고 기득권패악질교집단 이라 해야 합니다 ||| 사이비는 탄압해야한다 . ||| 정치개입하는 자는 해산대상입니다. ||| 김디모데 목사님 말씀대로 생각하는게 맞죠. 하지만 결정적으로 그렇게 해서 교인수는 더 줄어든다는건 생각을 안하죠. 이때까지 그렇게 멀리 보는 집단이 아닙니다 ||| 개신교는 사실 거의 광기의 종교 과거 극도로 부패했던 천주교를 개혁하기 위해 일어났던게 개신교인데 이젠 둘이 바뀌었다는게 아이러니 ||| 대한민국 기독교는 더이상 종교가아닌 청산의 역사가 오래다 ||| 교회는 구원받은 성도들의 모임입니다. 목사 맹종하지 마시고 성도 무리들이 제발 깨어있길 바랍니다 ||| 그럼 진정한 개신교가 몇이냐될까? ||| 근데 무속을 받아들이면 그게 우상숭배지 ||| 박근혜 추종하다가 윤석열을 추종하는 아이러니. 박근혜 정치적 생명 은 윤석열이랑 한동훈이야. ||| 사이비를 이용하는 자가 사이비 아닌가? ||| 사이비 는 사라져야 합니다. 하나님 말씀대로 살아가야지 ||| 이런거 저런거 다 개소리임 . 그저 대통령 되니 지지할뿐. ||| ( 개얼척이없음 ||| 내 껍데기들.. ||| 개 독 교. . 붙은 이유가 있음 ||| 아 논리 지리네 하나님을 믿는 자들이 어찌 선악을 분별하는 지혜가 없을꼬 쯔읏 ||| 이들은 헌금이 우선이라고 하지만 늘 그런 방식으로 붕투를 사용한다는 점에서 서로 서로를 이용한 사례라 생각합니다 ||| 저런 생각을 하는 것 자체가 정상이 란 사람들이란 얘기 ||| 이것 저것 다 짬뽕이 되어서 종교의 교리보다 탐욕으로 간다 ||| 십일조랍시고 헌금 많이한사람 대우해주고 박수쳐주고 그때부터 돈 안나감 ㅋㅋ ||| 몇 십년간 공부를 해 본 결과, 맹목적 신앙은 정신병이 고 약도 없는 정신병. ||| 비지니스 목사님들 돈 때문이지 뭘 그래",0
Xn7FopaqP8c,"[W디펜스] ""韓 31% 폭증..中은 감소"" 시진핑 지시 ? / 머니투데이방송","중국무기 에 국방정보 넘기는거나다름없음 중국무기도 원격조작 가능할거라고 봅니다 ||| 중국산 제품은 좀 위험하긴 함. ||| 제정신이라면 절대로 중국 무기를 살 수가 없 뒤로 돈을 처먹엇던가 강압에 의해서 구입할지는 몰라도 ||| 백도어 전문 택배 물건 ||| 중국은 군용차량조차 미국필..주체성이 약해 보인다. ||| 모든 동물 감시칩 또는 똥덩어리가 바글 바글 ||| 맹물 의 파급력이 너무 크다니 고인물은 썩게 마련이니 공산당독재로인한 권력의 집중은 부정부패가 지속될수밖에 없다 ||| 친미 반중하는 국가는 흥하고, 반면 에 친러, 친이란 하면 멸망한다",1
NlYM11BpyVA,"토허구역 해제 시장 동요 확산…""풍선효과 우려"" / 머니투데이방송 (뉴스)",아예 전체 다 풀고 그냥 몇년만 그냥 둬 결국 공급 늘어나고 수요 돌어가 ||| 거시적으로 부동산ㅣ 안정화방법 1. 증여세 상속세 폐지 2.양도세 종부세 폐지 및 다주택 규제해제 4. 집값총액으로 보유세 실시 5. 서울 1퍼 6. 경기 0.8퍼 7.지방 0.2퍼 8. 전세사기꾼 싱가폴식 태형실시 9. LTV 50퍼 시장금리보다 0.5~1%가산 10. 전세대출 폐지 11. 중국인 거래금지 집값만 올려두고 보유세로 패고 증여세 로 뜯어갈려는 심보라 국개들 절대ㅜ안바꿈 ..지들자녀는 미국시민권자만들어놓고 미국에서ㅜ증여함 ㅋㅋㅋ 누구보다 반일 반미하면서 누구보다ㅜ사랑함 ㅋㅋ ||| 결론적으로 집값 계속 오른다는것 국회인사청문회봐라 위장전입.차명계좌.다주택자관료인사 모두임 ||| 생각이라는걸 안하고 정책을 짜니 국민들만 손해 ||| 좌파 정권만 들어서면 이 난리를 치는데. 왜 자꾸 .,1
B-nZvqbozNs,"김건희 ""영혼까지 끌어모은 전략"" 실패! 결국엔 무너졌다 (황연실 신현영 박수빈) #끝장뉴스 #김건희 #윤상현 #디올 리아 스 (1207_일)","저 물건은 보석 아니면 보석 없는 종신형. 장난해? 15 년??? LOL ||| 머리카락 보일라 꼭꼭 라 윤상현. 원희룡 등. 부역자들. 철지히 조사해라 ||| ㅡ ㅡ ㅡ 김건희 ㅡ . . 마약 밀수 대사건은 덮혀지고 있는가? 국민을 중독자로 만들려했던 10번 사형의 범죄 ||| 마약도 뒤집어야 해 ||| 오늘 선고는 조족지혈입니다 법정최고형에 경제공동체포함 벌금ㆍ추징 재산몰수 해야 합니다 ||| 쥴리 재판은 계속되어야 하고 쥴리 최소 1년정도 연장해야할듯. ||| 마약건도 ||| 김건희 마약 을 왜 안하는지 그것도 봐주는건지 ㅉㅉ ||| 이것들을 빨리 없애야 나라가 산다 ! 권력과 돈에 미쳐 지랄발광하고 거짓말로 국민을 선동하는 국힘당의원들과 전한길 김세의 전광훈 등에 저질 언론인들과 소수의 정치인 검사 판사 변호사들, 많은 무사인일 무위도식의 민주당의원들이여 정권 놀음은 그만 일 좀 해라 ㅠㅠ ||| 조선시대 장사치도 저렇게 하지않죠 격이 낮은 상인도 상도가 있고 격식이 있는데.저건 . ... ||| 윤과 김을 모두 저승사자에게 넘겨줘버리면 제일 완벽한 벌이 될것같다. ||| 저런 사람의 사악함도 알 수 있을꺄? ||| 다름 아닌 볼케이노 텐프로 쥬리 입니다 ㅋㅋ ||| 문재인 정권 ||| 마약비리 제대로 수사해라 ||| 아직 최종은 아니쟎아 2월달에 최 종 나온다드만 15년 에 반이면 7년 살겠지 ? 얼굴이 너무 이다 주사 못 맞 쟎아 ||| 뭐가 김건희씨? ? ||| 윤상현이 정말 대단해요 ~김건희는 윤석열의. 위에 있는데요 ㅠㅠ",0
Cc-Q29yvhOo,"조진웅 논란의 정치권 확산… 이재명 대통령과의 인연, 야당의 반격 #뉴스인사이다 #조진웅 #소년범 #이재명 # #shorts","소년범들의 희망의 상징이라면 매국노가 독립유공자로 변신 하듯이, 변신하고 만 해서 용서가 된다 ... 그럼 돈 많은 범죄자들은 다 벗어 버린다 ||| 조희대가 입건되고 특별재판부 에서 연예계 폭로가 터져나오네. . . 왜 갑자기 연예인 ? ? ? ? 동시에 3명 . . 박나래 조세호 조진웅 ❌️ 이선균 작업한 전문가의 소행일듯 . . https://youtube.com/shorts/zIzgna3dHVs?si=LDhMPCdJeupEGWuO ||| 조두순이 윤석열 나쁘다고 하면 민주당 국회의원도 되고 , 광복절 행사에 나오겠네. 피해자가 국힘 지지면 당해도 싸다 이러고. 범죄를 왜 옹호하나? ||| 이잼이 조진웅 과거를 알았겠어? 더런 자들이 지들이 정의러운 듯 비난하는 건 역겹다. 근데 조진웅 옹호하진 마라. 엄연히 피해자가 있다. 정의로운 척 나대는 꼴을 알고 있어야 했던 피해자가 당신이나 당신 이다 . 대중의 사랑을 먹고 사는 연예인이 하지 말고 조용히 살어야지. 아울러 조국이나 강선우도 정치권에서 좀 사라져라. 민주진영에 해가 될 뿐이야. 조진웅이 조국이나 강선우 보다 훨 낫네. ||| 제2의 이선균 또 만드네. 연예인은 뭐 지들 이슈 터질때 마다 덮개용인가? 국힘, 손범규 대변인 , 쿠팡 사건등 제2의 이선균은 만들지 마라 . 이슈 에 이용은 말라고 ||| 아무리 조작을해도 여러사람 죽는걸바야 기뻐할 넘들이다ㅡ연예인이 뭔죄야ㅡ소신발언도 못하냐 ㅡ 범죄자 소굴인지 이해가 안간다ㅡ자기 반성하시기를 남욕하기전에 꼭 돌아보십시요ㅡ역지사지ㅡ ||| 다 퍼진 거냐, 퍼뜨리는 거지... ||| 이기인 사무총장 말씀에 공감가네요. 같은 이유로 이런 강력범죄자도 옹호하는 민주당 의원들은 더이상 정치해선 안됩니다. ||| 조진웅배우님을 향한 정면돌파 ||| 지들이나 잘하지 조진웅 이재영 모두 가 의인이다",2
DtGlq3BVt7s,흑백 적 진영 논리 벗어나야 국민통합 가능해 인요한 국회의원 사퇴 기자회견 . #인요한 #국민통합,아 끈떨어지니까 ||| 그렇게 생각했다. ||| 내 입으로 헌신같은 소리하지말고 ||| 이제라도 꼭 잡아야죠? ||| 이상한 일 하나 꺼져 주는구나!! ||| 아이고 잘혔다 얼른 와 ||| 인요한 너는 모든 권력을 탐하는 행보로 너희 가문의 명예를 더럽혔다. 하늘에 계신신 나의 선조들이 통탄하고 계신 것이다 ||| 그동안 국회의원으로 세금 낸 국민.국가를 위해 무슨일을 했을꼬 ||| 본업도 . ||| 잘 하셨어요! 더러운 에서 빠져나오신게 천만다행입니다! ||| 잘하셨어요 ? ||| 국힘은 그걸 본받아서 사퇴들 하세요 ||| 그나이 먹어서 그 윤가와 그 일당 국짐들 실체를 모르고 있는거야 에라이 ||| 얘 비례대표 아녀??? 내려놓으면 다른놈이 할려고 서 쫒아내는건가???? ||| 그냥 미국에 가라 고 국민세금 기웃거리지말고 ||| 윤석열때 장관직은 왜 뛰어들었노야 ||| 가! ||| 왜 다 빠졌지 ? ||| 도망가냐? ㅋㅋㅋㅋㅋ 얘도 공부 시켜라 ||| 잘가시오 늦었지만 그래도 현명한 선택을 했네요 이번일을 계기로 반성과 자아성찰을 합니다 ||| 나는 저분이 조금이라도 민주라는 단어에 관심이 있는 걸 알았음. 민주와 정의 공정 ...........인요한 님 국암당은 오지 않나요....... ||| 당신이 뭔가 좀 깨달은게 있어어인가? 박근혜나 윤석열같은 인간을 따라다니며 당신의 선조들의 헌신에 똥칠한 건 진심으로 고쳐야 할듯...... ||| 빨리 빨리 사퇴 해라 문제 있으니 조사 받아라,0
o0UedFdicts,"감치 는 소리에 변호인들 ""사시나무 는 공포에 질려..."" / KNN",귀찮아서 안 남겠네 ||| 빨리 좀 잡아넣어라! ||| 알겠고. 감치 결정난 변돌이 두 놈은 빨리 집행해서 구치소에 처 . ||| 지귀연 참..행사 진행자도 아니고..스스로 사법부의 권위를 이리 다 ||| . ||| 정말 딱한마디로 내란변호는 정상적인 논리를 가진사람은 절대못하지 ||| 개조가튼 재판 아사리판 재판 내란 재판 맞나 보면볼수록 혈압 오흔다 ||| 사과한다고 될 일이냐? 감치 도 잘 받을시길 ||| 법정 분위기 도 이왕이면 앞에 치맥도 놓고 진행하면 분위기 더 좋아지지 않을까? ||| . ||| 이게 재판이냐 이게 흥정이냐 진짜 판사수준 너므한거 아니냐 ||| 게다가 목소리도 하극상이다. ||| 아니 재네들 왜 계속 법정에 나오는데??? 판사가 왜 구치소 겨드러거야되는거 아냐???????? ||| 내 쳐 말하는게 소름이돋네.. ||| 저딴 모지리들을 변호인으로 내세운 김용현도 참 ㅋㅋㅋ 유유상종이라 ||| # 개판 ||| 국민들이 티브이로 다 봤는대 왜 사시나무뜰듯이 떨어?? ㅋㅋ ||| 지금 내란재판이다 내란재판 국가가 전복될뻔한 내란 이재판을 보고 법원의 개혁이 왜필요한지 증명하고있다 ||| 지귀여니는 왜이렇게 쳐웃으면서 ? 지금 내란재판이 장난이냐? 웃음이 나오냐? 에혀 ||| 곧 쟤네들 지귀연도 욕할 꺼다 .,0
obmMhxwdcmc,생선 을 훔쳐 손님에 제공 中 여사장 의 요리법 '충격'/ KNN,"중국 소세지에서 이빨 나왔는데 ... 중국 사람들 정말로 으악 그만좀 ! ||| 아 중국했구먼,,뉴스를 도배하는 중국인들...지긋 지긋하다 ||| 사람 입에 들어간 음식으로 장난치면 천벌 받습니다 ||| . ||| 짜이밍이 충성하는 나라 .",1
o19GqTLt8h4,"발언 듣던 지귀연 ""법관을 뭘로 보고""..김용현 씨 재판에서 무슨 일?","재판장 사회 잘보네 ㅋㅋ 가족오락관 같아.. 분이기 때문 ||| 뭐 꼭 재판이 이런 줄 전혀 몰랐다 이게 진짜 배우 신구씨가 나왔던 그 시트콤 같어...대단하다 .. ||| 재판관이 피고인변호사측에 도움 구합니다 라고 하네. ㅎㅎ 역겹다. ||| 내란죄 재판인데 이게 뭔하는건지.. 전혀 진지하지 않은 재판 태도에 화가 많이 난다. ||| 뭐냐 !!! 서로 반성하는 시간임?? 내란 재판이 아주 ? ||| 이게 내란재판이냐? 웃음이 오가고 재판관이 피의자한테 죄송합니다~라고 하는게 기가차고 코가막힐일이다!!! ||| 변호사. 판사. 똑같아 살다살다. 재판 첨본다. 미처다. 이런게 재판이라고 ||| 니가 판사가 말을 그리 구구절절하니 서 그러지. . 참 정말 세상이.. 기가 막히다. 참 화기애애하네 ||| 변호사 한테 지적 한 재판장이라니. ㅎ ||| 분위기 화기애애하네 변호사가 혼냈단다 교육을 시켰단다 이 조직 뭐지? ||| 재판이 너무 개판이네 ||| 이 장면이 많이 공유되길 ||| 아 볼수가없네 ||| 재판장이 . ||| 화기애애하네 저러는데 재판이 제대로 진행될 수가 는 희한한 장면이다 ||| 진짜 어이없네 진짜 ||| 무슨 가정 법원 가족사건 을 조정하는 것 같으네.... 도대체 무슨 재판을 하려는지 .... 한심하네,,,, ||| 이러니까 내란전담재판부가 왜 필요한겁니다 ||| 동네 마을회관에서 친목모임하는 거 ? ||| 귀찮아서 라는 말이 아무 생각없이 한다는 말이냐? 그건 꼭 해야지 하고 말하는 단어다 ||| 와...정말 저게 내란형사 재판 맞어??!!!장난해??? 일반형사재판도 이렇게 안한다!!!이재판이 얼마나 엄중한재판인데국민들 다보고 있는데 진짜 진짜 ||| 제가 지금 뭘보고있는거죠? 내란재판보러왔는데 여기가 요 ||| 이하상이랑 저 안경쟁이 아직도 말 안하냐????????????????????????????? 이나라 법이 있긴하냐?????????????????????????????????????? ||| 두변호사 왜 감치하나요..그리고 변호사 협회는 뭐하고 있나요.. ||| 법정에서 검찰측에 꼼수라니 참 은 변호사라니 .....ㅉ 감치도 부족하다. ||| .....볼때마다 눈물 ||| . ||| 지귀연 니가 뭐 하냐? 형사소송법 까지 어겨가며 내란수괴 탈옥시킨 판사놈이 웃기네.. ||| 이게 아니고 개판이구나. ||| 어느 변호사가 피고인을 교육시켜? ||| 저들은 나라의 역적들이고 역적질에 관한 재판이 무슨 경범죄 재판 수준이군요. 기가 막힐 따름 . ||| 아아알겠습니다… 무슨 레크레이션 ? ||| 오늘 재판 분위기가 아주 즐겁고 화기애애하네 ||| 진짜 아~~~~ 내란 재판입니다. 이게 뭔가? ~~~아...속이 답답해서 거짓말 같다 ||| 지귀연을 보니 앞으로 판사를 판사라 부르지 말고 검사 라고 칭해야 한다. 법기사 조희대, 법기사 천대엽, 법기사 지귀연 ||| 아 용서 아 한심하다 ||| 제대로 교육을 시켰구나. ||| 법관은 공안정권에 시녀 아니였나? ||| 재판이 무섭고 엄중하게 진행되는줄 알았는데 진짜 별거 아니란건 알 배운다...내란 이 참 잘~ 돌아간다 ㅋㅋㅋㅋㅋㅋㅋ ||| 시트콤이네.. . ||| 분위기 좋내?요.... 자유로운 토론 학습분위기? 말장난 난리.. . 중심을 못잡으니... 아사리 재판 천년만년가겠네..ㅎ ||| 법정이 참 화기애애한 곳이었군요~ ||| 아 절씨구~~!!! ||| 지귀연 왜 가벼워 저런 인간이 어덯게 판사 자리에 앉아있지 대한민국 법정도 썩을때로 썩었네 ||| 아~주 화기애애 하네 . ||| 대체 뭘로 보고...? 이 법정에서는 호구로 본다? ||| 제대로 교육시켰다네~4 ||| 악마들이네.여론이 안좋으니 세상 싹 변했네 ||| 사랑과 전쟁~ ~ ||| 재판관말끝나기도전에 잘라먹는클라스 그걸 보고 좋다고 함 ||| 어이들 ! ||| 이게 역적넘들을 재판하는 내란재판 맞냐 기가 차는구나 ||| 1)지귀연 재판장이 변호인에게 용서를 구합니다 대한민국 에서 이런일이 다 법과원칙이 말똥에 얼굴을 쳐박는 날이로구나 2)변호사가 재판장 한테 해야 할 노릇이다 재판장내려 놓고 사회자가 되는게, 대한민국 법치가 어쩌다가 이리됐을까 3)대한민국에서 법과윈칙을 늘 강조하던 판사들인데 그런데 재판장 망신이라는것도 모르는 재판장이다 으악 한숨만 나온다 ||| 내란재판이 장난이냐~?! 재판이 야 뭐 친목모임이구만~~ 지귀연 이 인간 정말 얼른 수사하고 재판에서 배제시켜야 합니다 ||| 엄중하고 무거운 분위기로 이루어져야할 내란 재판을 하는 법정을 떠난 판사의 행동이 과연 정상적인가?> ||| 그게 답이다. ||| 무슨 재판이 반상회냐~~~ 기가막히네~~~ ||| # 모임 ||| 이런 분위기 화기애애하네... ||| 친목회냐 ? 어이없는상황 ||| 그러니까 한마디 더 조심 해야지 ||| 다들 재정신들이 아니네요! 우리나라 사법부의 역사가 이정도라니! 한심하네요! ||| 진짜 참잘한다. 변호인 피고인 요청 하는거는 겁나게 잘들어줘 ||| 법관이 와 귀연이가 물로보이니까. ㅎㅎㅎ ||| 아이고~훈훈하다 이 사람 한심해... ||| 법정이 저렇게 화기애애 하네요 일반 법정도 저런가요? ||| 무슨 커피숍에 수다 떨러 오신가 같음 ||| 니가 그렇게 지금까지 . ||| 대한민국 사법부가 너무 맹탕이네.개콘에 나오면 대박나겠다. ||| 민낮이 다 드러나는 재판.... . 개싸움을 조장하고 즐기네.... 인류 수천년의 정점이 판사야? ||| 넘 친해보인다잉~? ||| 지귀연도 실실 쪼개지 말고 이진관 재판장님처럼 판결 똑바로 해라~~ ||| 참~ 기가막힌다 . 가족오락관이냐? ||| 재판이 학교 앞 난장판! ||| 무슨 재판 분위기가 이 모양? 우리 학생들 모의 재판도 이 보다 낫겠다.. 장난쳐? 장난치냐고.. ||| # 핑계대지마라 않통한다!! ||| 불법비상계엄 내란재판 하는데 뭔 학예회하냐 진짜 훈훈하네 ... ||| 변호사들 말은 다~~~ ~ ||| 이게 재판장치냐 ? 장난하는곳도아니고 ||| 지귀연, 제정신 안차릴꺼야 ! 스스로 품위를 무너뜨리니까, 엄중한 재판이 개판이 되잖아 ! ||| 진짜 노닥거림이네. 귤까먹어가며해라. ||| 레크리에이션 잘 봅니닷! ||| 화기애애하네. 대한민국 참 좋은 나라네. 내란재판까지도 예능 프로그램 같은 게 참 좋네. 이지귀연아 ||| 볼수록 신성한 법정에서 법을 지킨 법관의 모습이라기 보단 이권에 극대화된 자본주의적 미래 지향성 성향이 강해 보인다 ||| 민사 재판도 좀 더 엄하게 진행되는데 …… ||| 귀연아 이 사람 때문에 판사 전체가 욕먹는거야?? ||| ㅎㅎ 변호사들이 재판장을 개호구로보고 . ㅎㅎ ||| 재판 개판 다 운영하네",0
29L-DQHq3kc,"""반말 하지 마시구요 변호사님""...특검 정색하자, # 이하상","구독과 좋아요로 많이 응원해주세요, 감사합니다. ||| 이하상 은 언제합니까? 전국민이 감치명령을 다 봤는데 이게 말이됩니까?????????? 대법원이 웃고떠드는 개판장입니까???? ||| 재판장이 ""정리해도 될까요?""라니요. 정리하라고 재판장이 존재하는 겁니다. 사회 보는 것도 . ||| 국회의원 자격 박탈하라. ||| 특검.검사님 . 국민이 보고있읍니다 나라을위해서 열심히 해주세요 부탁합니다 ||| 지귀연재판부. 질질 끌어서가는거 . ||| 재판 을 하랬더니, 재판 사회를....ㅎ ||| 하루빨리 빨리 진행 해줘라 ||| 검사님들 강하게 나가야 돼 저사람들처럼 ||| 진짜. .보기싫다. .저 변호사들 안 됨 ||| 이하상~~당신이 판사가 아닙니다 ||| 도대체 판사가 뭘하는지 재판이 개판이 됐냐. ||| 정말 대단한 나라다. 계엄에 관련된 사람 처단하는데 저쪽 변호인단이 더 화를 내면서 화 낸다?? 이게 맞냐??? 내가 지금 제대로 된 나라에 살고 있는거냐???? ||| 이하상 판사의 재판 지휘와 ... 지귀연 참고인의 재판 지휘 ㅎ 어이가 없다. ||| 저사람 판사 자격이 없다 . 판사인 자기보다 뛰어나다고 스스로인정하고 있다 ||| 기본도 안된 변호사들 불러다가 무슨 수준낮은 재판이 되지 ||| 판사가 허접하니 재판이 끝난다 ||| 검사를 응원하는 날이 올줄이야...김용현 변호인단 도 대단하다.. ||| 판사가 저러니 김용현 변호사들이 이런 식으로 나오지. ||| 지귀연아. 좀. . 이하상 저런 인간은 좀 빨리 감치나해라. ||| 판사가 . ||| 아따 진짜 겁나게 열심히 재판하네 ||| 다른 사건도 판검사가 저런게 얌전하냐? 아니면 원래 더 쎈거야? ||| 이하상은 자기가 만든 정답이란다. 그걸 아무 말로도 재제를 못하는 지귀연은 판사 맞냐?! ||| 진짜 판사의 가 얼마나 중요한지 알겠네 왜 이렇게 흐름을 끊는것인지.. ||| 저게 재판장이냐 쇼호소트냐. 에혀,,, 재판지휘를 안 하니 신뢰가 안가지 ||| 제대로 공부하지 않은 국민도 유도심문이 아니라는 것을 확연히 알겠구만….윤리에 대한 도덕성과 이해부족함을 벗기 위해선 윤측 변호인들 다시 초등교육이 돼야 할듯! ||| 되먹지 않은 놈들의 특징이 은근히 말을 잘 하는겁니다. 검사측 어필이 옳습니다 ||| 이하상 변호사지 하는 거 감치 언제 돼는 래 이 나라 법이 그리 흐리멍텅 한거였어?!!! ||| 감치는 언제 하나 변호사 가 검사를 가르치려 드네 판사 인지 개판이지 검사 에 끼어드는 변호사 들을 제지못하는 게 문제 이래도될까요 저래도 될까요 판사가 이게 말이되냐고 ||| 조씨가 좀 봐주네 저런 변호사 처벌을 못하는게 이게 나라요? ||| 검사들은 저렇게 차분하게 잘 참네.... . 할 줄 몰라서 안하겠냐 참는거지 ~ ||| 제발 감치해라. 천불난다 . ||| # 스트레스 ||| 아니 저 같쟌은 지귀연판사 ||| 사랑제일교회(전광훈) 담임 장로. ||| 내란 게 웃지 마시구요. 판사님. ||| 6:37 ||| 이하상인가?저하상인가? 서결이옆에 있어야하는거 야 하상아~~~~~!! ||| 특별재판부가 아니면 답ㅇㆍ ) ||| 재판시 판사의 역활 이 표준인가요 ||| 주심문 진행을 다 허용하는데 변호사가 틀렸다고 말하는건 뭐냐? ||| 변호사 . ||| 이건 민주주의가 아닌다 법원을 모독하고 판사까지 쌍욕으로 을 하고 버젓이 재판에 참여하여 아무일도 없이 재판장에 나오는 꼴이라니 이게 말이나 되나요 ||| 이하상 저 쓰레기는 왜 처벌하지 않고 그냥 두는 거지? 뭐가 나쁜 거야? ||| 저게 유도 심문이면 다른 질문도 유도 하고 괜히 쫄리니까 다 막아 버리는 변호사 놈들... 지귀연 판사야? 뭐하는거지 거기 앉아서 구경만하니? ||| 그리고 윤석열 쪽 이 자기를 우습게 안다는 것을 눈치를 챘지만 법관으로 경고하는 게 아니라 어르고 달래는 방법을 선택했네. 그러니 윤석열 측 변호사들이 우습게 여기지 ㅋㅋㅋ ||| 너무 답답해...조용하라고 주심문 끝나고 얘기하라고 하면 되는거 아니니? ||| 로스쿨 ? ||| 지귀연 . ||| 거 같애~~~~ㅠㅠ",1
dkSSKJjCfHE,"(풀영상, 국무회의, 12월 9일) "" 소수 의 것 "" ... 대통령의 따끔한 질책 ""솔직히 뭘 하는지도 모르겠고""","페이스북 좋아요로 JTV뉴스를 응원해주세요, 감사합니다. ||| 확실하고 빈틉없이 진행하시는 국정회의 는 듣기만해도 의욕과 힘이납니다 ||| 행정천재, 경제천재, 외교천재, 소통천재 이재명 대통령님 화이팅 ❤❤❤❤❤❤❤❤❤힘내세요 ||| 그러나 잘못된 것은 반드시 속전속결 종식시키고 나라를 바로 세워야 합니다 이재명 대통령 께 과 모든 분들께 그 모든 일을 잘햐신 것 진심으로 감사드립니다 존경합니다 응원합니다 ||| 어떤 드라마 보다 국무회의가 재밌습니다. 신뢰성과 투명성을 보여 주시는 것 에 서 감사합니다 ❤❤ ||| 참 재미있읍니다 국무회의가 재미도 알고 배우는 도 있고 나라 살림 살이 내용도 알고 일석 삼조 이상 와 참 많이 수고하시고 감사합니다 ||| 국무회의 귀어 쏙쏙들어 옵니다 대통령님 잘 뽑으니 마음 든든합니다! ||| 최저임금과 비정규직에 대한 대통령의 생각과 제안, 정말 멋집니다! 이렇게 도 정의롭고, 가슴이 풍성한 대통령이 지금 우리의 대통령이라는 것이 정말 ! ||| # 국무위원과대통령님잘하고있읍니다~ 힘내시고.잘하십니다~화이팅~♡♡ ||| 국민만생각하시는 이재명대통령님께너무감사드립니다 국가가 서민을생각해서 만든 정말 최고의지도자이십니다 우리모두힘을싫어드립시다 응원합니다 ||| 이재명 정부덕분에 든든합니다 . 응원합니다 ||| 민초들한테 는 아직도너무 매우 형식적입니다 실용적인보건복지,보건행정 되길바랍니다.건강한사회 행복한대한민국국가 되길바랍니다. ||| 대통령님 얘기 들으니까 최저임금 당연한 걸로 봅니다 생각의 발상이 다르시네요 대통령님은 이 나라를 살리려고 합니다 ||| 우리 잼대통령님 최고입니다 민심을 늘챙기시고. . ❤❤❤❤❤ ||| 이렇게 오픈해서 국무회의를 하다보니 각부 장관님과 공무원분들 열심히 할수밖에 없는 시스템인것같읍니다. 열심하는 우리 대통렴님 이 든든합니다. 정말 자랑스럽읍니다^^♡ ||| 이런 국무회의 에서 송장관님, 국무위원님, 대통령님 모두 존경합니다. 감사드립니다 ||| 역시 이재명대통령님 충분히 실현 가능한 부분부터 해나가 주셔서 감사드립니다 ||| 이런 정치적 발언 해도 안됩니다 종교가 국가를 위해 기도를 해도 부족한데 내란 파면 윤석열을 지금도 종교가 옹호하고 있지않습니까? ||| 야 11개월 계약 이런 저런 얘기를 바로 하시는 이잼대통령 존경합니다. ||| 세상에 이런 대통령 있나요???? 우리국민의 복 입니다^^ 항상 응원해야죠???? ||| 이 나라는 소수 권력자의 나라 국민의 것이라 개혁을 하라! ||| 모든것에 세심함 대통령님 감동 합니다 ||| 진대한민국은 글로벌 기업이다. 우리 K푸드 K기타상품들의 짝퉁에 대한 다양한 이야기 하는 것도 정말 인상적이다. K푸드 K기타상품들의 생산/수출 지원을 원할히 하기 위해서는 공무원들이 부족할 것 같다. 공무원을 더 많이 증원해야 한다. 믿음직한 진대한민국 공무원 화이팅!!!! 더 나아가 공무원들이 공정한 유통/공정한 상품 개발도 더 했으면 한다. 진대한민국은 글로벌 기업 언젠가는 국내기업이 정부서비스와 경쟁하는 모습 보고 싶다. ||| 내란, 조작, 국가 폭력, 위증, 사이비 사이비, 친일은 자비없는 처벌해야! 전재산몰수, 100억~100조 벌금, 100년 징역 강제집행 해야된다! ||| 진정한 국민을 위해 이재명 대통령님 최고 입니다~^^ ||| 이재명대통령은'어찌그리'말씀도'잘하십니까~개혁은'가죽을'벗긴다~참'명언입니다~ ||| 부정부패없는 세상이 되도록 쭉 갑시다~~ ||| 대통령께, 정치가 아니고 국민에게 보고한다는 마음.. 진정한 국민대통령입니다!! 노무현대통령님보다 더 정의로운 나라아버지 입니다! ||| 정말 잘 일하시네요~ 이게 나라지! ||| 최저 임금이면 그나마 인 경북교육청에 돌봄교실을 자원봉사라는 나쁜 편법으로 4시간에 35,000원으로 악용하고 있습니다. ||| 정말 열심히 다들 열심히 하는 것 같아서 고맙습니다 ||| 열심히 일하시는 대통령과 국무위원님들 정말 사랑 합니다 ||| 최저임금에 대한 용어개념을 너무 정확하게 지적하시네. 아무리 힘든 작업인데도 최저임금 지급하니 누가 그일을 할려고 하나 ||| 우리나라 대통령님 비릇 해서 국무의원 분 들 덧에 게 삶과 매우진 한 국가로 챙취해 나가는 꿈의현실 입니다 ! ||| 정말 이번 국무회의 칭찬합니다 ❤❤ ||| 이나라는 일부 권력들많이 살아가는곳이 아니다. 이나라 국민모두가 권한이 라고 생각한다. ||| 이재명 대통령 개혁에 대하여 응원하고 지지 합니다 . ||| 이재명 정부 를 지지합니감사 합니다 ||| 이재명대통령에게 힘을몰아드려야 쌩살을도려내고 쌩가죽을 . 대개혁을합니다 ||| 아르헨티나 는 소고기 를 국민이 먹고 남는 만큼 수출한다 . 가격변동이 거의 없다 . 좋지만 자국 국민들이 가격 변동없이 구입 할수있도록 정부정책에 반영해야한다 ||| 이대통령님 연임갑시다 평생 길이 남을 대통령 최고입니다 ||| 정말 우째이래 멋진 … …감사합니다. 고맙습니다.❤❤❤ ||| 훌륭한 대통령님과 함께 일하는 장관님들 일하는 맛이 있어 좋으시겠습니다 . ||| 푸드 푸드에서 한식 아기 이유식 수출시장도 염두에 두시면 좋을것 같습니다. 프랑스해외동포 ||| 역대 대통령의 취임식 생중계 하면서 국무회의를 보게될줄 알았겠습니까.역대 성군중에 정조.세종.이재명 대통령님이란 소리가 빈소리가 없 절실히 느낌니다. ||| 역시 대통령을 해야 되는구나!! ||| 비정규직에 더 주는게 맞다. 이걸 지적하는 사람이 한명밖에 없다니 이게 진짜 우리나라는 악한사람밖에없다 ||| 이잼 정권에서는 조국이 깨끗.현명한 정부가 되어가는 느낌입니다.. 계속 노력들 해서 말 그대로 실천이 따르는 추진력을 해주세요 ||| 역시 이재명.오직 . 오직 민생. 역대급 민본주의자. 지지합니다 ||| 넘 좋다. 정부에서 제일 먼저 챙기는거. ||| 일본에서는.한국김.짝둥이가무척많아요.한국.김으로보여.삿는데.일본산이라.조그마한글로써있어서. ||| 비록 정규직 보다 더받지는 못해도 산불진화 대원들월급 좀나아 졌으면 합니다 기간제 라서 최저 시급 보다 쪼금더 주고퇴직 금은없어요 ||| 오늘 생중계 감사합니다 ||| 맞습니다 소수권력자 이건 안이지요 대통령님 을 응원합니다 ||| 잼통님과 우리 는 원팀입니다 ||| 그 발언 하나하나는 보면 진정 나라의 주인은 국민이란것이 새삼 정말 느껴진다. 한시적인 권력으로 엉뚱한 자아도취에 취해 분별못했던는 인간과 비교자체가 불가 하다. 나라 리더가 뭔지 극명하게 보여주는거 같다.뒤늦게나마 대한민국에 복이 들어왔다 짝 짝 짝 ||| . ||| 호주에 와 있는 호주국적 한국인 입니다, 다음 한국 국회의원 선거에 투표를 하고 싶은데,,,,, 선거권를 받으려면 국적이 있어야 되는데,,,,,, 다른 방법은 없는가요 ? ||| 정지는 뭔지 모르지만 민주국가 서민정치 같은 생각에 감사 합니다 ||| 특수운영직군이라는꼼수지침만들어6시간임금만줍니다 정부차원에서 이유불문 없이 최저임금8사간보장해주는 법재정해주십시요 ||| 우리 이재명 후보 님 지금 잘하고 있어요 ||| 대통령말대로 과연 정규직과비정규직 임금이 바뀔까? 30년전부터 ? ||| 댜한민국을 좀 오래ㅜ일해주세요 ||| 사법부개혁 !내란재판부 신속히 설치 ㆍ지귀연 조희대 ㆍ영장판사 3명탄핵! 국짐당 ! !!! ||| 법원 일부 기득권 두고 하는 발언 ||| 기적을 쌓아가는 모습 본받고 분발하실지어다 ||| 아 우리잼!!! ||| 임금의 적정성을 부처 평가지수에 넣으면 획기적으로 개선 될것입니다 ||| 저 대학 좋은 생각같습니다 응원합니다 ||| 비정규직에게 더 많이 줘야합니다. 그래야 조직이 잘 굴러가죠? 당연히 전문성은 물론 최저임금에 대한 생각이최저로준다라고 생각할걸요? 완전 딱 핵심을찌르네요 ||| 알바도 근무기간에 상관없이 업무 능력과도 상관없이 최저임금만 줍니다. 뭔가 잘 . ||| 상품을 지자체에서 판매 보장, 가격을 정찰제, 등을 감독하면 합니다. ||| 이렇게 열일하는 정부 우리가 바라는 진정한 국민정부 끝까지 간다 ||| 민간도 퇴직금을 안 주기위해 11개월만에 되사 시키는 것 법적으로 조치를 해야 한다고 본다.. ||| 이렇게 뛰어난 대통령 다시는 없습니다ㆍ잼프 십년 연임으로 개헌하길 바랍니다 ||| JTV 음향은 여전히 개선이 안되고 있네요. 음성이 안 들립니다. ||| 나 증언 거부하겠다.가만두면.안되죠 ||| 조희대야 ! ||| 이재명대통령 하늘이내려주셨습니다 국민90%이상이 합니다 ||| 경기도 교육공무직은 특수운영직군이란 이유로 16시간일해도6시간만 임금을지급합니다 ||| 국보 0호 이재명 ! ||| . ||| 대한민국 대통령 너무 잘 하십니다, ||| 이왕 하는김에 국무회의뿐 아닌 국회를 비롯해 주요재판과정, 검찰, 경찰수사 국민대보고, 시군청의 업무를 시민에게 정기적으로 보고하고 질문을 받는 게 필요합니다 ||| 노인맞춤돌봄 서비스 생활지원사 임금도 노동에 비해 적정 이 아닙니다. ||| 교육부 제대로 알고 계시네요. 교육부도 같은 사항이 지속 되고있네요. ||| 이재명대통령 정권잡은이후 눈코뜰새없이 바쁜 ㆍ에이펙 성공적으로 치르고 미국과의 관세협상 비교적 성공적으로 타결했고 g 20 참석해서 계엄으로 혼란스럽던 을 평화적으로 진압하여 한국은 완전한 민주국가 라는걸 세계만방에 알렸다ㆍ 기업에겐 자유로운 기업활동 마음껏 할수있도록 각종제재도 풀고 국가가 도울수있는 있는한 힘껏 돕겠다고 약속했다 ㆍ 덕분에 코스피는 다시 4000 선을 뚫었고 ᆢ 정권잡은지 육개월만에 이룬성과가 이정도니 앞으로가 더 기대되지않나 ? 더욱이 가장중요한 내란청산 이라는 무거운 과제까지 처리해가면서 ᆢ ||| 외국인 도 함께 하 명문 한식 창업 학원 아이디어 좋아요 ~ 아예 학위까지 줘버렷~ 한국식 르꼬르동 / 한국 채소 현지 재배및 공급 아이디어도 좋아요 관심 있는 해외 교민들 서폿하는 차원에서 이런걸 연계해도 좋겠네요",0
VipCoJargfo,유재석 !,"제가 화장품을 만들었습니다! 여러분들의 관심이 절대적으로 필요합니다..ㅜㅜ 많은 구매 부탁드립니다 [구매링크] https://smartstore.naver.com/mimimi_ [저희 파트너사 에 큰 관심 부탁드립니다!] ⚡ 가입하는 족족 만족하는 인터넷민족 전화문의 1800-6475 ✨ 홈페이지 https://www.in-min.com/ 카톡상담 http://pf.kakao.com/_mRJlxb/chat ▪ 인터넷•TV•휴대폰 최대 98만원 현금지원 ▪ 정수기•가전렌탈 최대 32만원 현금지원 ▪ SK•KT•LG•스카이라이프 모든 통신사 OK ▪ 인터넷+유심이동 요금할인까지 ▪ 365일 주말 공휴일 언제나 상담 가능! ▪ 꼭 한 요금제만! 1:1맞춤 컨설팅 10년이상 운영의 이유는 정직함에 있어요 ⚡ Since 2013 인터넷민족 ⚡ #인터넷가입 #인터넷민족 #인터넷가입 #인터넷민족 ||| 누가 누군지 정체를 밝혀야하는데 ||| 아 해체 덮을라고 ||| 좌지 우지 다 덮으려는 의도는 아닐지 ||| 세상은 사필귀정이고 언젠간 부메랑이 되서 자기 한테 다시 돌아 올 진리다ㅋ ||| 이런걸 이렇게 잘 밝혀지는데 김현지는 얼마나 못 밟힐까 ? ||| . ||| 국가보안법 폐지 . ||| 국가보안법 폐지 꼭 해야하나? 현지 밝히기전에 ||| ㅋㅋㅋㅋ 갑자기..일단 김현지 김남국 꺼부터 보 휴대폰 걷어.. 미미미미미미미미미미 ||| 비선실세 의혹 덮기용 ||| 어이그 는 알아서하겠지만 이나라는 ~~ㅠㅠ ||| 애지중지 김현지 덮겠다고 아주 난리도 아님....좌파 를 거침없이 버리네 ||| 쓸대없는 인물들이 , 김현지,장경태 이것들 문제를 덥으려는수작이다. 우린 이것들 끝까지 파해치고 보도해국민들이 알게해야한다 ||| 가난과 아첨이 실력이 아닌 진짜 가 실력이 되는세상이 되어야함. 라도 카르텔 이젠끝. ||| . ||| 고양이 구출하기 ||| 막 터지는데?? 이거 현지누나 가 터뜨리는거 아닌가??? ||| 김현지 이슈덮기 화력이 모자라 유재석까지 던진다고? 벌써 3명 나락갔는데 좀 더 있으면 좌이유, 좌우림도 터지겠구만 ||| 이재 유재석 조세호 . ||| 천안삼성전자앞에 천안 빅준부대찌개 있어요. 궁서체도 천안 지점 두개있어요 헐~ ||| 민주당이 정권잡으니까 왜 기어나오냐 ||| 연말에 해야지 ||| 비선 실제 순실은 한것도 없는데 감옥가있고, 현자는 진짜 저렇게 꽁꽁숨어있네 ||| 이번앤 은 조작인가??ㅋㅋ ||| 대한민국 서열1위 김현지. 1급공무원의 비리 절대로 못 밝혀? 그냥 넘어가지는 못할 것. ||| . ||| 도대체 김현지가 왜 이렇게 필사적이야??? ||| 조세호ㆍ퇴출 , 끼리ㆍ 논다 ||| 성제준님 항상 건강하세요 ||| 조세호 빨리 나와라 ||| . ||| 볼게 별로 없어서 ||| 성재준 쌤 님 수고많으십니다 ||| 셰상에 ? ||| 윤어게인 ||| 결국 유재석 하기 나름이네.이경이도 하고 세호도 하자시키는게 평등하긴 하죠 ||| # 메뚜기 ||| 류재석 조세호 박나래 다 안보였 으면 조켓다 ||| 요놈도 좀 조사한번해봐라 ||| 유새석 이재 화 되지 않았나 후배들 양성에 힘쓰세요 ||| 설계들 열심히 해도 정치에서 일이 터지 는 사건이 오늘만 해도 몇개야~~^^ 이걸로 안되니 큰 인물을 걸고 넘어가야 겠는데, 그 인물이 유재석인거죠~~ ||| ㅎㅎ 조세호 명품시계자랑하더니... 결국 선물받은걸 방송에서 도 자랑하더만., ||| 바로 MBC의 간판스타 유재석! ||| 메뚜기 고만 보고싶다 이거 죽을 때까지 해먹을려나 ||| 유씨는 이게 재밌는건지 자체적으론 재미가 없는데요. ||| . ||| 유재석텔레비에그만나왕엠비시안본지오래다 ||| 박나래 유재석 시즌 아웃! ||| 유재석 조진웅 . ||| 물욕이 아니면 망하지 ㅉㅉ ||| 불법자금 세탁하는 조폭 범죄자 조폭이랑 어울리는 조세호 ㅋㅋ 유재석 키링 ㅋㅋ ||| MBC안본지. . 넘었는데 박.유도같이안봄 ||| 다 무도에 계속적으로 나온 유라인... ||| 나중에 민주당 입당해서 정치한다고 설칠까봐 ? 우크라이나 젤린스키 처럼 전쟁 나는거 아냐? ||| # 유재석대상받는달 식상하고 지겹다.또너냐 ||| 옥까내 다 들 그럼대는거죠 ||| 현지와 유재석 취향 저격 |||  ||| 유퀴즈에 윤석렬 이 유재석 찐으로 정색하던거 재조명중입니다 ||| 요즘은 방송사에서 만든 예능이나 프로그램은 꼴도 보기 싫을 정도입니다. ||| 유재석은 백종원과 비슷한거 같다…,,,,졸라 많은 게 방송업이라본다… 백종원보다 나은점은 백종원이 유재석 동종이라는 걸 알고 멀리 했다는점… 결국 들통나네…. |||  ||| 유재석도. 하차ᆢ답이다 . ||| 유재석 박나래 난리도 아닙니다 이번기회에 다 들 바랍니다 이이경씨 컴백 티비 ||| 메뚜기, 은퇴하는게 아닙니다 ||| 조세호 힘든 시절부터 학교 다녔다고 하던데. ||| 연엔 과님두 없지만 채널마다 다른 인물들 싫증난다 대단한거두 없드만 ||| 김현지 방송 해서 . ||| 유재석이 빠진 이유를 도대체 모르겠다 ||| 고만나와라 메뚜기 에 눈도 내리는데 이제죽을때가 되었는데 ||| 류재석.조세호 박나래 . ||| 유재석은 지한테 피해가 조금만가면 된다고 ㅋㅋㅋ ||| # 좌이유 ||| 좌재석 ||| 유재석아예티비에 그만 ! ||| 유재석.박나래.이경실티브에서보기싫다.아웃 ||| 유재석 때문에 방송계 가 안 되는 느낌임 ||| ❤ ||| 이이경씨는 척한 청년입니다 임영웅 님과 섬총각 촬영을 했는데 몸 아끼지 않고 동기들과 맛있는거 해 먹을 만큼 매우 착했습니다 ||| 옌예계들은 좀 예외 아닌가요 ? ||| # 지긋지긋 ||| 뭘 했을까? 마약은? ||| 유재석.. 이이경은 잘도 손절하더니 ㅋㅋ 범죄자랑 어울리는 조세호는 손절 안치네 요 ||| 유재석 마이 마이 아이가~~후배도 좀 생각해줘야지. ||| 와씨 ㅋㅋㅋㅋ 여긴 너무 정병들만 모여있넼ㅋㅋㅋㅋㅋㅋㅋㅋ ||| 정직하고 진실된 방송 너무 합니다 즐겁고 행복한 금요일 밤 되세요~ ||| 성제준님 항상 응원합니다 화이팅❤ ||| 이제 준비 다했네 ||| 재석 지긋지긋 ~ ~ ||| 7시 출근부터 보수 까대고 담배 빨아대는 김종배~~ MBC TV,이어 라디오도 손절함 ||| 현지덮기든뭐든 유재석 이미 꼴같잖아서 진즉부터안봄 조진웅 역시실망 다 사회서 아웃되야만한다! 현지도꼭밝히고 조사 받아야한다! ||| 세상에 조세호 아직 안봤는데 ||| 일단 더 재밌는 신동엽 강호동보다 아무이유도 없이 혼자 잘나가고 자리잡고있는거부터가 늘 신기했음 ||| 유재석도 방송국에 내려와야 한다 유독 혼자 방송을 한다고 해서 궁금했다 그렇게 방송국에 ms가 없는지 ||| 유재석 좀 후배한테 자리좀 줘 지겹다 ||| 유재석 좀 하다 이제 좀 내려와라 ||| 유재석 이 문제. ||| 유재석 박나래 조세호 . ||| 아 오른팔 날라가게생겼네..",1
N9dGbBACtH0,박지원 여배우 성추행 폭로,"제가 화장품을 만들었습니다! 여러분들의 관심이 절대적으로 필요합니다..ㅜㅜ 많은 구매 부탁드립니다 [구매링크] https://smartstore.naver.com/mimimi_ [저희 파트너사 인터넷민족도 많은 관심 부탁드립니다!] ⚡ 가입하는 족족 ! ✨ 전화문의 1800-6475 ✨ 홈페이지 https://www.in-min.com/ 카톡상담 http://pf.kakao.com/_mRJlxb/chat ▪ 인터넷•TV•휴대폰 최대 98만원 할인 ▪ 정수기•가전렌탈 최대 32만원 현금지원 ▪ SK•KT•LG•스카이라이프 모든 통신사 OK ▪ 인터넷+유심이동 요금할인까지 ▪ 365일 주말 공휴일 언제나 상담 가능! ▪ 꼭 필요한 요금제만! 1:1맞춤 컨설팅 10년이상 운영의 이유는 정직함에 있어요 ⚡ Since 2013 인터넷민족 ⚡ #인터넷가입 #인터넷민족 #인터넷가입 #인터넷민족 ||| 여의도 쓰레기장을 깨끗이 없애야 나라가 산다. ||| 우리나라 현정부 , 대한민국 어떻게될지 걱정이다 ||| 가 아니라 정신과 로 ||| 양심이 있다면 저런짖은 안하겠지 낮떠거운 , , ||| 나라와 국민 위한 일도 못한 국회 국회의원 줄입시다 부정선거 척결로 자격도 안되는 국회의원 없어져야 합니다 ||| 동대문구민 여러분 ||| 선거 똑바로 하고 교체해야합니다 쓰레기 같은 공직자들 아웃시키고 자유민주주의를 지킵시다 ||| 성재준 님 늘 수고많으십니다 ||| 대한민국정상으로돌아올려면아직멀었다 ||| 국회의원들도 연령대 제한 ? ||| 뒈질때가지났는데. . ||| 완전페기물 . 성국장님 존경합니다 ||| 성재준님 너무 걱정됩니다 고맙고 감사합니다 ||| 대한민국 국민40%는 눈을감고 살고있다. 아무리 확인해도 부정선거가 확인 돼는데 그것 자체도 믿으려 하지않는다. ||| 국회의원도 정연이 라도 65 까지 만기가돼야한다 ||| 하늘이 두렵지 않은지 ㅉ . ||| 서영교도 . ||| 이재명의 승리 기원합니다❤ ||| 활용불가하면 , 국민이원한다, ||| 저런놈을뽑아주는놈들이 ! 강력히외칩니다! ||| 성제준님 ! ||| ( 불쌍 동정심에 유발 ||| 감사드려요,,,, , ||| 성제준님. . ||| 기본도 안된인간들 국민이 라는 국회에 두고볼수없지 않는가! ||| 박지원 저런인간을찍은사람들은 왜 들 일까 ||| 성제준을 국회로.. . ||| 사생활이야 제맘이지만 이런인간들이 국회의원 는 나라 꼬라지 참~~!!!!!!!!!!!!!!! ||| 내가 뽑은 박근혜. 내가 뽑은 윤석렬 . 지켜내지 못한 국민의힘에 분노합니다 ||| 옳은 말씀 몰랐던 애기들을 알게되었내요 국회의원 수준 기가 고 국회의원 수능처럼 시험처서 뽑아야 될 정도입니다 ||| # 감사합니다 ||| 국민들이 밥상 차려야 ᆢ됩니다 ||| 국힘당 해산하라 . 당 명 하고 새 멤버 구성해 새로 시작해줘요 ||| ㅎ. 맞아요 이인간도 한때 요 ||| 호칭 속에는 비극이 가득 ||| # 서팔계! 돈영교 ||| 사악한인간들 정리좀 해주세요 . ||| 국회의원 국민을 위해서 일하는게 아니고 권력을 이용해 지네들 범죄자 감싸주고 있으니 개탄스럽습니다 ||| 부정선거 수사만이 아닙니다 ||| 그런게 다 아니면 뭐가 2차 가해야? 서영교 목소리만 들으면 짜증나고 홧병이 난다. ||| 앞 으로 ||| 미미미미미 ㅋㅋㅋㅋㅋㅋ우리나라 마카롱 퀄리티 쩔어 ||| 당시 김대중 정권시절에 박지원에 대하여 New york ,과 New Jersey에 살던 한인들은 알고 있는 사실 그대로 말씀하십니다! 박지원이 살인청부업자 시켜서 죽이려고 했다는 말씀도 사실입니다 당시에도 박지원이 정치인이 되면 나라가 망한다고 했어요 지금 무슨말이 필요할까요 박지원이 지금까지 자유한것을 보니 기가찹니다! 법치위에 올라선 박지원과 이재명 문재인 김현지 정청래등 다수의 정치인들 을 법치 아래로 끌어내리고 박지원과 함께 구속 해야 만이 사는길입니다 그날이 속히 다가오기를 학수 고대 합니다 ||| # 과학. 박지원 ||| 여야 정치꾼들 정신 좀 차리고 국민들을 위해 일 해라 이 자들아 ||| 윤석열 대통령님의 계엄이 날이 갈수록 정당함이 더 절실 하니... 나라가 지금 오분전 입니다. ||| . ||| 맟아요 ||| # 좋아요..♡ ||| 오늘 최고야 오레곤주에서 ||| 박지원 귀신은 왜 안잡아가고 장경태 조진웅 이재명 똑같은인간 정신차려라 ||| 아무 생각못하는 악한자들~~ ||| . ||| 매일속시원시원루틴 채널 구독 ||| 저질 쓰레기 눈쌀 찌푸려지는 정치꾼들 몽땅 봉투에 담아서 내다 버려야 하는데 그날이 라도 국민들이 대청소하려는 의지가 문제네요 우리 의 눈을 똑바로 바로 보도록 깨우치는 방송 응원합니다 ||| 뉴욕 교민사회에서도 착한 인간이었습니다 ||| . ||| 조사하면 안 나와 ||| 정말 감사드립니다.! ♥ ||| 어떻게 저렇게 끌어내릴수 있는지 참 어이가 빰을 때리네요 ||| 개진아랑 개눈박쥐가 구멍동서였네 캬캬 ~ ||| 대표적인게 김부선 . ||| 목포에서 박지원뽑아주는 목포시민들 ! ||| 보고듣고잘배웠네인간은 보고듣고하는게 교육이라 요 ||| 역시 상동헉이 답이다 ||| 이게 노가다 판이냐 ||| # 응원합니다 ❤ ||| 박지원 침해 언제 걸이나 ? ||| 전 그 사건을 오래전에 잡지에서 봤습니다 ||| 서영교꿀꿀꿀 ||| 박지원 씨 나잇값 좀 하소.82세나이에 정치를하면 서 절은정치인 들에게 나라를위해 국민을위해 모범이될 정치로 정치인생을 마쳐주기를 바라는 국민들이하는 짖거리보면 진짜로 박지원 당신 죽기전에는 사람되기 힘들겠내.하기야 죽고없는데 도 인간대면 뭐합니까. ||| 서영교퇴출시켜야합니다 ||| 박지원 님 보다 사악한 사람인가요 ||| 서영교 못된것은 한 두 가지 아닐껄요~~? 5 ,18 유공자 맞나요~~궁금합니다 ||| 박지원국정원때 그 모호텔에서... 그런소식을 들었던 기억이?... 그리고잠잠... ||| 요즘 미쳐날뛰네 . 먹잇감들이 많긴하다ㅎㅎ 쉬지않고 달리는.성제 준 ||| 듣다보니 추천 ★",1
c2UyLbR8IZU,"""인력 안자르면 나라 망한다"" IMF의 섬뜩한 경고 곧 현실이 될 겁니다. 경제붕괴 이미 시작됐어요 | 서동기 | 3부 | #김경필","▶심층 분석 자료와 함께 경제/투자 인사이트를 얻고 싶다면? ▶원픽리포트 사이트 : https://han.gl/nSxdh ▶원픽리포트 홈페이지 : https://han.gl/Q7892 ||| 한국은행총재는 대책없이 돈찍어내는데 역적과 역적 ||| 더 무서운 점은 저 가계대출 통계에 전세대출은 안 잡혀있다는거.. ㄷㄷㄷ ||| 가족 부양하다가 …결국 ||| 정부의 관료들이 강남에 대부분 집이 있는데 누가 집값 떨어뜨리는 정책을 폈겠냐? 다 망해도 나만 돈만 있으면 돼하는 사람들이 . ||| 은행 배불린것. 예금금리 인상 대출금리인하 즉 가산금리를 은행에 맡기지말고 위와같이 손을 봐라 ||| 창용아 정신 차려라. 지금 돈 풀때가 아니야 ||| 이 나라는 이게 제일 문제. ||| 정부의 강남 거주 기득권발 둔촌주공 살리는 바람에 나라는 아작났지.....금리 올려 물가라도 잡으라고 이 나라 부동산은 폭락으로 거게 놔두고 ||| 정답이네요. 근데 정치인들은 욕을 먹기 싫어서 말 안하죠. ||| ㅇ.ㅇ국가 GDP 7000조에 유박하고.계속 상승중 그냥 빛으로 지르고 보자는 개막장 정치인넘들이 문제지 ||| 제일 쉬운거 가계부채 줄이는거 그건 금리인상 금리가 올라가 달러 1500가는건 막을수 있다 ||| 고통스럽더라도 그냥 금리인상 하면 끝날것을 부동산 막을려고 노력 안하고 있는데 뭘 기대하냐~ ||| 구조조정 계속 일어나고 있습니다.... ||| 진짜 정확하게 국가부도외엔 대안이 읍다 ~ 빨리나야 들깨져 ||| 이 분, 정말 전문가이신듯. 버릴 말씀이 없습니다.! ||| 크게 구조조정 못하고 부동산 거품 못빼면 장기불황으로 가겠죠. 힘들더라도 도 미국보다 빨리 올려야 함. 한국운행 총재도 지금상황에 큰몫을 하고 있음. ||| 다 지들만 살겠다는 도둑놈들이다. 국회해산시키고 나라바로 잡아야한다. ||| 총재가 남은 임기동안 내내 돈풀겠다는 의지를 보이고 있는데 요 ||| 특히 생활물가는 무려 2배 올랐어요 ||| 상급지가 아닌 곳의 토지 가격이 22억이라는 게 정상인가? ||| 일자리가 생겨서 감사합니다.. 버티고 버팁니다 ||| 할수있는 대출 다 땡겨서 집을 샀으니 아무리 돈뿌려도 그 돈이 또 집으로 들어가니... ||| 미친 부동산 정책 방치한 결과다 ||| 경제는 무너지고 있는데, 인위적인 높은 주가 지수와 반도체만의 호황으로 경제상황이 좋다고 착각하고 손 고 있는 무능한 정부 때문에 경제 은 힘들 수 밖에. ||| 아파트 가격 떠 받치느라 온갖 특례대출을 퍼 뜨려 유동성 공급을 늘려온 정부와, 금리 턱없이 낮춘 이창용이가 공동 책임져야 ||| 금리를 올려 야 한다. 이거품들을... ||| 100년전 대공황이 오늘날 같았죠,, 일본이 부동산 폭등하고 호황일때 오늘날 같았죠., , 이겨낸 한국의 저력은 가계부채가 낮았기 때문입니다, 그당시에도 자살자들이 한강에 줄을섰어요, 단군이래 이런 나라 없었죠,,,부동산 오르고 잘되면 지구모든나라 선진국이 됬겠지,, ||| Imf 반드시 온다고 봐야죠.. 자살 급증에 곡소리 날겁니다... . 20년이상 각오 단단히 합시다 ||| 그 떠받치는것들이 결국 터질거같긴하다. 왜냐면 세상 공짜없기 때문. ||| 내년엔 외환위기가 또 오겠구먼? ||| 아니 imf가 우리를 걱정했냐? 빼갈 생각 뿐인 놈글이지 ||| 자영업 건설업 상가 건물주 지산 등등 부동산 관련된 대부분 사람이 힘들어 하고 , 그런대도 부동산은 최고가 연체율 , 최고가 가 버블 아인가요? ||| 대체 왜 대출을 펑펑 해줘 가지고.,. 정부는 반성해라 ! 올릴건 정부! 우리나라는 부동산 때문에 망했습니다. 금리를 올렸어야지. .물가가 장난이 아닙니다 사과 한 알에 이삼천원.ㅠ 서박사님 분석에 백퍼 공감 합니다 건강 서 박사 ||| 금리 인상하면 경기 둔화 본격화됩니다. 거기다 PF부실 터지면?! 빚에 빚으로 돌아가는 한국경제... 빚더미를 너무 키워나 버려서 아예 통제력을 잃어버린... 정말 제대로 된 것 같아요. 그나마 집은 있으니 공구리 뜯어먹으면서 늙어 죽음 그만인데 젊은 사람들은 진짜 ? ||| 벌써 이렇게 된거같다 매번 작년에 터진다 터진다 하면서 올해도 끝나간다 경기는 개판인데 사람없는데는 없더라 ||| 빚이 무슨 걱정 ㅋㅋ 아파트 콘크리트 뜯어서 팔고 먹고 자면 되지 ||| 국회의원수 , 특히비례대표 그리고 대통령 정부각 임원들 임금삭감해야한다 여기서 부터 개혁해라 ||| 부동산 버블은 일단 그냥 두어야 하지만 억지로 막으면 막을수록 경제는 망가진다. 강력한 구조조정을 해서 가망 없는 기업들은 모두 정리해야 한다 ||| 멍청한 이창용 자르고, 똑똑한 한국은행 을 선임해야 함. ||| 한동안 많이 먹고, 잘 살았지.... 이젠 폭 망 할 때도 됐지...... ||| 마치 일본의 잃어버린 과 비슷한 수순으로 가고있음. 이미 버블은 클대로 커졌고 언제 터질지 모름 그게 공포 ||| 아니 아무리봐도 불안하다 보이는불안이니 이것부터해결해라 고통없이 어떡게 성장하겟노 ||| 이창용 짤라야지 돈을 다 풀고 있으니, ||| 사람을 자르면 소비는 누가하나 아직도 고리대금업자 imf를 모르는 인간이 야 ||| 서초동도 빈상가 ? ||| 대한민국은 국민들은 최고인데!!! 정치꾼들이 나라을 망치는 다 ||| 한국은행 책임 물어야 한다 ||| 장기적 관점에서의 구조개혁이겠지? 머릿말을 너무 많이 뽑는 것 아니요? 아참! 아무리 유뷰브라고 하지만~~~ ||| 다시 한번 나락가야 정신차린다 ||| 투기집값 잡아야지 멀쩡한 직장인 짤라서 ? ||| . ||| 위기에 순간이 너무 가까이 다가오고 있다는 생각이든다. 각자가 여기에 현명하게 대처할 준비가있어야 합니다. ||| 돈그만. 찍고. 금리를올려야 지. 안그러면. 나라돈이. 미국 으로 다빠저나간다. 정신나간 정첵. 그많좀해라. 미국하고 같이. 보조를. 해야지 ||| 이창용탓이크다 ||| 씀씀이도 늘어났다고봐야죠 없는데 여행가고 차할부로사고 배달음식 에 정신을 못차리는것같아요 나중에 큰일날겁니다 . 돈을모아야합니다 큰것이올꺼에요 ||| 기름값이 1700원 넘엇다ㆍ고환율로 이창룡이가 한국경제 를 말아 먹고 있다ㆍ ||| 국민들이 자본가한테 배신 안 당하고 부동산하락 바래서 투표했잖슴. 원하는데로. ||| 윤 어게인 ||| 한국 부채6000조 망했다 빗쟁이는 누구 누가 이지경에 만들었나 정치인이 범인이다 ||| 요즘 대통령을 젤 게 돈푸는 겁니다~이 어려움을 솔찍하게 인정하고 국민모두 허리띠 쫄라메고 위기를 넘겨야될듯~미래의 예산까지 끌어와 쓴다고 뭐가 문젠가요,?하고 말한 이재명대통령 말이 생각나네요ᆢ큰일이네요 ~ 우리나라 우짤꼬ᆢ ||| 둔촌일병 구하기가 다 말아먹음. ||| 지금 망해가고 있는것 ||| 그래도 빚 풀겠다는 정부 ㅜㅜ 돈 받고 목돈으로 갚아야 하는 것도 모르고 푼돈에 좋아하는 국민들. 베네수엘라는 국민들이 먼들었다. ||| 네팔사태 . ||| 뭔 걱정 집값이 수십억 하는데, 그거 들으면 잘 살겠지 ||| 최저임금이 갑자기 올랐다. 전국 신도심 신축이 우후죽순 들어 섰다. 사람들의 소득은 그간 천천히 올라 저축할 여유 없었는데 갑자기 최저임금이 오르며, 사실상 호주머니에 그간 모은 돈은 없는데 최저임금 반영된 통화량이 폭팔하고 유동성이 터지며 지지부진 하던 분양시장에 부양책이 터지며 몇년을 끌어온 결과 레버리지에 레버리지에 레버리지가 껴버렸다. 최저임금 오른 속도보다 자산가 반영이 너무 일찍 반영되어 빨리 따라 잡아야 하는데 고물가와 고금리로 앞서간 자산가치를 따라 잡을수가 없다. 이러다 다시 제자리 찾아가는게 이때까지의 흐름이였는데 이번엔 다른것 . 글로벌 경제가 침체고 한국은 인구절벽에 산업방향이 바껴 기존의 밥벌이가 인정 받지 못하고 있고 가계부채는 역대 최고로 디플레로 몰려 있다. 2030세대는 자발적 수급자를 택하고 있다. 셀 수도 없는 위험이 있지만 젤 위험한건 안일한 국민의 태도 ||| 리짜이밍이 돈 마구 푸니까 나라가 망하는 것이지. ||| 구조조정이 문제가아니라 수뇌부를 바꿔야 나라가 살지 환율이 오르는 이유는 정부 정책에 있음 ||| Imf오기를 정말 기대합니다. ||| 우리나라는 정치가들만 삭제해도 선진국 이다 여야 막론 하고 돈만 밝히고 지들 주머니만 채우면 된다 이따위로 할바엔 국민 다 내려와라 범죄자 한넘도 처벌못하고 빌빌대나 흉악 범죄가 한둘이 아닌데도 대통해먹고 있다 ||| 누구 ? 이재 명확졌네 ||| 요즘 어느 시대인데 아직도 한국처럼 노동시장이 경직 대 는 건 문제가 있습니다 쉽게 자료 수 있게 만들어야 고용주들이 부담없이 채용을 합니다 호주도 노조는 힘이세지만 노동시장은 한국보다 열악 합니다 ||| 푸하하...지난 40개월 넘도록 계속 뿌려놓고..ㅋㅋㅋ 갈때까지 가자..!!! 계속 뿌리자...!!! ||| 나는 투표찍은 사람 잘해내거라고 생각한다~!!!! ||| 재메수엘라 는 처음이지? 이제 시작이야^ 과거 IMF가아니라 걍 베수엘라처럼된다니까 ㅋㅋ 환율폭등 물가폭등 무제한돈풀기 자산가격폭등! ||| 뎃글에 많이 이창용 욕도 하고 고위공직자 눈군가를 구조조정 해야 할 것 같은데...그게 누군인지 좀 내 말씀해 주세요... ||| 이재명이 기축통화라 했다고 뉴스 나오든데..ㅋㅋㅋ.얼띨한 다 뽑아놨네요.. ||| 내년부터 전라도 영광 , 전라도 곡성 기본소득 1인당 50만원씩 준답니다 인플레이션이 안 일어나게 만드는게 민주당임 ||| 집값 누가 부추겻냐..국짐 이 말좀하지 하여튼.. ||| 이죄명 문재인 한은 민노총 합작해서 대한민국을 망국으로 이끈다 ||| 문재인, 이재명이 돈 을 풀었지. 문재인 yoy 8%, 이재명 은 yoy 15%, .. 윤석열은 2.3% ㅋㅋ 돈은 좌파가 쓰고, 우파가 번다 ||| # 물가안정 경제가좋음 진보정권은 경제가 망조 ||| 깡통 정권 경제 망 한은 나라 망조다 ||| 재명이 탄핵 시키자 잘하는 게 정치 보복 밖에 없당께.. 나라 힘들게 하는 놈 들 ||| 경제가 망가지고 국민의 생활이 못살아 질수록 이 정권은 계속 집권한다 왜? 거짓과 선동 위선과 조작질이 너무나 잘 먹히니까 ||| 윤석열은 왜 코로나도 지나간 때인데 왜 돈을 그렇게 써서 서울아파트 지키려다 전국민 그지만들어 ||| 민주당 이번 지방선거 꼭합시다 독재정치 하지못하게 투표 잘해서 ... 민주당 에게 힘을 주면안됩니다...우리나라 망하는게 시간문제다 ||| 국민의짐당때문에 윤석렬정권3년 을 다망쳐놨다",0
U7X6idHw3zY,"이재명이 작정하고 만든 '그 사람', 정체 알고 경악","어리석은 국민들이 어서 빨리 깨어나야 합니다. ||| 국가 보안법 폐지 절대 반대 무조건 반대 합니다 ||| 박근혜 탄핵!!!! 탄핵!!!! ||| 이재명 당장 구속하자 ||| 김우철 감사 원장을 반대 . ||| 아 나의 사랑 ||| 국힘들은 똘똘 뭉쳐서 감사원비리 파헤쳐서 막아야 합니다 . 똘똘 뭉쳐 지켜주세요 ||| 방탄의 가 높을수록 파괴될때의 충격은 더 큰법이다!!! ||| 진죄가 아니면 부득히 자기네 편 골수를 감사원장에 앉치 겠지? ||| 한마디로 . ||| 악마는 거짓말 한다 ||| 죄명이 신속 재판하여 죄 정답… ||| 김우철 대통령 반대 공산주의 괴물나라 ||| 이재명을 하루빨리 재판받고 끌어내야 나라가 삽니다 가짜 범죄인이 나라를 패망으로 끌고가고있다 조희대 통령 빨리재판 재개하라 ||| 기가차네요 이재명 이 없다 ||| 북한처럼 배급받아먹어야 국민들 깨달으려나 국민들 모두 깨어나야 하나 너무 멀어져간 대한민국 ||| 아 막나가는구나..... ||| 악질들 은 누가당할까??? 한숨만 나온다 ||| 지멋대로 . ||| 죄명 하루빨리 공개 시켜 구속 시켜라 나라꼴 개판이다 ||| 참으로 어렵게 이루어 놓은 자유민주주이 망하는 것 어찌보나~ ||| 이들은 중립 공정 은 머리에 … ||| 언젠가는 국민의 유혈사태 발생 할것 같습니다. ||| 이재명 징글 징글 하다 김현지 . 특검하라.감사원장꼭막자. ||| 나라꼴이 정말 웃겨 ||| 이 나라 , 참으로 공산화가 되고 있는가? ||| 하지만 이제 끝장을 볼때가 왔다. ||| 도독에게 금고열쇄는 맡기는꼴이면 어떻게 해야 하나요? 이재명 전과4범 대북송금 관련 법카도둑 고 당선무효 시켜야 합니다 ||| 다시 깨어나야 한다 ||| 친미군사정권이 ? ||| 나라 말아먹을 때 계속이러다가 군중이 일어나겠지 ||| 다시 깨어나라! 젊은이들이여, 일어나라! 투쟁하라! ||| 아주 나라를 다 말아 먹겠다는 식이니 살면 얼마나 산다고. . 인간 ||| 여러분 지금 장동혁호가 위태위태 에서 사과 하지 않았다는 이유로, 조중동과 당안의 배신자들이 비대위로 몰려 와서 우리가 할 수 있는 일은 당원가입을 하는것입니다, 주위에도 많이 권유해주세요. ||| 아 공산화 다되었구나 ㅡ ||| 재판을 재개 빨리 하라! 나라의 기둥 을 썪어간다! ||| 우리나라 망한건가 정녕 이죄명에게 관심 없는건가....하.... ||| 왜 다시 요모양으로 돌아가도 처리하지 못하고 있는지 울화통이 터진다 난 자유대한민국을 사랑합니다 ||| 돈만보고 적과 동침 하고 팔아먹는 대한민국 3대 변호사가 대한민국을 완전 말아쳐 먹는구나 !! 국민들아 니들이 만들었지 ㅠㅠㅠ ||| 민주당 당원가입 많이 해서 장동혁 당대표 지켜야합니다 민주당 견제할려면 장동혁 지켜야합니다 ||| 단순하게 한자리 차지하는 수준이 아니라 이젠 감사원까지 싹 갈아엎는다는 뜻입니다. 이제 의 대한민국은 제대로 된 그 어떤 것도 남아있지 않답니다. ||| 이재명이 꿈꾸는 그런 세상, 존경받고 법에 따라 결정하는 자는 필요없다. 차라리 강제로 덮어 쒸울수 있는 사람이 필요하겠지. ||| 이미대한민국은 ? ||| 감사원을 깜깜이 ""깜사원""으로 만들어란 이재명과 김현지의 대국민 밀명! ||| 국힘.보수우파라면 모두가 반항해야는거 아닌가? 선관위.감사원장 도 검토해봐야! ||| 김현지국정농단 즉각 특검하라 ||| 결국 이런 국회는 국민들의 유혈을 부르는 것 같다 ||| . ||| 지 않다 ||| 사드 부정,탈원전,재명방탄기지,정치보복도구,민변공화국부활 생각만해도 소름끼치네요~ ||| 더 끌어 내려야할 시간이 점점 다가오고 있다. ||| 자유가 없어지는 민주주의가 되어 가는 이 를 지키는 방법은 민주당을 해산 하는 것이며, 이재명 재판 재개 시켜야 합니다. 잘 보고 갑니다. ||| 정말 잘 노네 나라를 아예 팔아 먹어라 공무원들 정신 차려라 걸리면 죽는다 ||| 좀 더 망해봐야 배고파 ? 먹 고 아니면 배급에 길들여져 나라고 뭐고 배만 않고프면 그만 인가? 젊은이 들이여 그대들도 늙는다 쌀한톨 얻기위해 강제노동에 시달려야 겠느냐? 북한,중국이 그렇게 좋으습니까? ||| 로스쿨을 없애고. 사법고시를 해야 한다 ||| 여당 하는짖은 자유 민주의 희망 없다 국힘의원 전원 과 자유대학 청년 학생들과 행동같이 다 함께 나갑시다 ||| 놀랍지도 뭔가 정상적인게 있음 ||| . ||| 나라 망신 소리가 들린다. ||| 큰일입니다. 자고나면 악법이 하나씩 추가되고 국힘 만으로는 저범죄당을 감당하기어려운가. 우리국민들이 범죄당때려잡아야될듯~~ 절대범죄당 지방선거때 는 또범죄당이 면 우리나라 끝입니다. ||| 알고도 못 막으니 한숨만 나오는 것 아니겠습니까??? IMF가 닥치더라도 만사 회피하고 목숨 지킬 인간이 이재명일 겁니다. ||| 미치고 심장 뛰겠네. ||| 진짜 큰일이다 세금불매운동 ||| 아 미쳤어 ||| 대한민국이 공산당으로 가고 , 이재명을 재판하라 ||| 나라가 완전 독재 공산국가로 전환된것같다 ||| 에궁~ ~ 하지만 어림없다 ||| 조희대가 ? ||| 무섭다 ||| 있으나 마나 하는 건 필요없다. ||| 박정희 전두환 대통령 이 부활하시는 방법 만이 나라를 살리는 유일한 길 ||| 잘 모릅니다 ||| # 지름길ㅡ공산화의 주마가편 ||| 똑똑한 우파는 없는 건가요? 공부해서 똑똑한 걸로 나라를 살려봅시다. 그런 사람들이 가슴을 치고 살고 있습니다. ||| 이재명. 사람이아니다 . 지켜주소서 이나라를~~~ ||| 기본도 없는 척 하는짓 나라 공산화 의 지름길로 가네 권력 영원 할줄 아나 국민을 장식 품으로 보냐 탄핵이답 ||| 그래야재명이가더빨리문어지지요그래야양심자도나오지요아무리민주당이라도양심자가나오지요민주당가족들도보니가요 ||| 큰이났네 ||| . ||| 헬조선 ! ||| 김호철김호철김호철김호철 헉!!!!! 김현지가 저지른 이죄명 김현지 빨리 구속해야한다!!! ||| 제 멋대로 정권 하루 빨리 청산 하여 이 정권에서 중용된 자들이 모두가 청산 되어야 할 인사 들이란 것 꼭 새겨야 만 다행이다 ||| 뉴스데일리 베스트 뉴스 ||| 성난국민은 목숨으로 국가를 위해 ||| ㅠㅠㅠㅠㅠ끝났네요 ? ㅠㅠ 국민이 정신 못 차리니 어쩔수 야 ?ㅠㅠㅠ ||| 기가 찰 따름이네... ||| . ||| 이런 글 올리는 것도 화가 나서 못 올리겠다. 나라 망가지는 순서가 다 보이니 무슨 말 하면 뭣 하겠나 싶습니다. 우리 국민이 무지한 탓인 걸요.. ||| . ||| 전과자를 뽑아들여야 비로소 대똥령을 받들어 모시지 않겠어? ||| 드디어 막장까지 왔다. 불바다의 잔치만 남았다. 국민들이여!!!!!! ||| 김우철 변호사 대장동 변호사인가??? 민변???",1
82iElNY-irE,이재명 등장하는 거 뭐길래?,"세계 최고의 언론사 ||| 이재명이통일교해산시킨다고협박하는이유를알것같구나 이재명당장끌어내러야한다 ||| 불의가 법이 될때 국민 저항은 계속 된다 ||| 차라리 이재명 재판 재개하는게,김현지 정진상 김남준 김용 이석기 꺼지는게 답이다... ||| 윤영호는 싹 다 내 답이다... ||| 온갓 못된짓은 다했네요 역사적인 교훈 와~참 인간이 아니고 괴물입니다 ||| 지 와 지가 맞는 격이지... ||| 내로남불의 끝판왕 찢 야 나라가 바로선다 ||| 여당 봐주는 자는 철퇴를 맞아야 합니다 ||| 양파처럼 까도 까도 나오는 범죄자 , 사기꾼을 긴급 체포하라 ||| 이재명을 파면 이재명을 수사하라 ||| . ||| 민중기 고발 사건 특검하라 ||| 빨리 잡아넣어야 ||| 인과응보!!! ! ||| 민중기특검을해체해야민중기를구속해야한다. ||| 알지 못한 것 알려 줘서 감사합니다 ||| 이재명은 까도까도 능력 없구나. 능력없으면 내려와 재판받고 따뜻한 빵에 가길... ||| 헉 감사합니다 화이팅 입니다 ||| 원하는데로 안되니 종교탄압 하는가? # 남을인간 ||| 내란우두머리 이재명과 통일교 원 자금수수한 각료.정치인 모두 감옥가라 ||| 이재명이자를 탄핵시켜서 재판 시작하라.그리고 좌파 더블어 민주당이당을 ! ||| 진실은 곧 드러나는거!!!! ||| 3대특검 부력자들 전원 석방 ||| 이재명이 통일교 수 '이청우'에 임명장 줬다... ||| 특검팀이 사기꾼 의 앞잡이지(특검팀 엄벌해야!!!) ||| 이재명 을 끌어내려라. 당장 깜빵에 보내라. ||| 민앵커님!! ! 응윈하고 강력히 지지함니다 ||| 이재명. 그냥. . ||| 베네수엘라급 ||| 내려와...내려와라. . 감옥으로.... ||| 민주당 통일교 커넥션 민중기 이자 이죄명 커넥션을 덮은 민중기 이자 처벌 구속되어야한다. ||| 정확한 팩트로 전하니 귀에쏙들어옵니다 . 통일교 게이트로 확대시켜야 된다고봅니다 ||| 이재명나쁜놈 # 국민이여깨어일어납시다 ||| 국민들이여 국민저항권을 행사 해야 됩니다 ||| 임종성 전 에 이청우를 소개해줬다고 한다... ||| 깔끔한 영상 구독했습니다.. ||| 통일교로 부터 불법 정치자금 을 당선취소시켜야 되는 것 아닌가? ||| # 민주당 ||| . ||| 당장 직무정지시키세요. ||| . ||| 응원합니다,, , ||| . ||| . ||| 응원 너무 힘네셰요 ||| 이명박 구속해야합니다 ||| . ||| 트위터 당장 해체하라 ||| 특검도 다 이재명 끄나풀지요 다 짜고치늕고스돕이라고나 할까 도 다 갖고 놀았지요 ||| 스스로 자멸게이트를 열었네... 일본총리가 결국 골로간걸보면 통일교가 무섭긴 무섭네 ㄷㄷㄷ ||| 민중기를 특별수사하라!! 통일교가 살기 위해서는 이를 만천하에 공개 하라! 이재명의 생명은 얼마 지 않았다!! 이재명이 이를 사기 위해 종교 재산 운운 하는것!!! 통일교는 정면 승부에 들어가야 한다 ||| 뒤집어 쓴 건 달인이야.이재명과 민주당 특기지. ||| 통일교게이트 ! ||| 얼라 때부터 동네 어른들이 한 말씀이 있다. ||| . ||| 까도 까도 양파같은 이재명의 민낯이 만천하에 들통 나고 있네요 ㅠㅠ ||| 이재명은 돈 아무리 많이 나와도 뻔뻔하게 나는 아니다라고 할겁니다 ||| 하지만 이젠 놀랍지도않다 겉,속다른 내로남불 사악한인간들 정신차려라 국민들은 속고있다 ||| 다불어라 ! ||| 펙트 정보 늘 너무 감사합니다 ||| 이제는 명 아 그만 가자 재명아! ||| 제 이름 밝혀야죠 ||| 민중기 특검 왜 국민 인 줄을 모르나봐요 누구는 뭉개고 누구는 실형을 살고 그게 무슨특검 하는 법조인이야 양아치 들이 하는짓이지 그들은 국민 무서운쥴 알아야 한다 ||| 골아프다 . ||| . ||| 더불당도 구속수사하라 권성동만 구속수사하냐 김경수 구속수사하라 ||| 민주당구속수사해라특검국민힘만조사하나요참걱정이다 ||| 일어나라 ||| 이런 내용이 알려줘도 아무런 대치를 못하는 현실! 정말 무서운 개인 국가가 되었어요! ||| 대한민국 대통령 입니다. 감사합니다 ||| 이긍 이 지겨워요~매일말만하면 뭘해요!! ||| 정진상 빠지면 끝 ||| 통일교야 이판사판이다. 다 . ||| ❤공감합니다 ❤감사드립니다 ❤응원합니다 . ||| 이재명이 통일교와 과거에 교류가있었다면 그 내용이 바로 통일교 해체 운 운 하는거 아니가 의심이 가네요 ? ||| 사이비 국정 농단 ||| 통일교 ! ||| 참나,,그들은 정의로운 의 팬인거 몰랐남,,,,기가 맥이내 이제야,,고것을,? ||| 그리고 자유 대한민국 체제 수호를 위해서는 진실이 거짓을 누르고 반드시 승리하게 해 주십시요. ||| 이재명은 안이다 당장 물러나라 ||| 이재명 재판 을 구속 해야 나라가 정상으로 된다 ||| 숯이 검정 나무란다는 게 생각나요. ||| 사기범 의 뻔뻔한 거짓말을 자연스럽게 ᆢ양아치짓 그만하고 내려와라 ||| 언능 ! ||| . ||| 하는 짓마다 자충수라면 두뇌가 잘못된 게 아닐까 ||| 이번엔 탄핵 ? ||| 좋은 뉴스 ! ||| 지나가는 소가웃는게 진짜 개가웃겠습니다 ||| 시간이 갈수록 윤석열대통령님은 너무나 청렴결백하셨네 우리나라가 왜이렇게 혼탁할까 금뺏지만 달아주면 또 저지르고있네 ||| 나라가 미쳐 돌아갑니다 군 경찰 공무원 검.사법부 민주당 국힘기득권자. . 정상인게 안보이네요 집단 마약먹은것 도 모자라 저렇게 중심을 못잡고 뭐가 옳고 그런가도 분간도못하는자들이 너무많네요 ||| 범죄자 이재명은 즉각 구속 내려와 중지된 재판 받고 감옥에 스스로 들어 가길 바란다 국민들의 명령이다 국민 앞에서는 만인이 평등하고 본인이 본인 입으로 대통령도 재직중 에 있다면 재판을 받아야 한다고 본인 입으로 떠벌였다 일구이언 하지는 않겠지? ||| 에휴~~인간들아 어찌 사는 모습이 ㅈ같이 냐 모든 특검 빨리 중단하고 해체하라 ||| 두 진상이 한방에 보낼수있는거 통일교와 얶는거 ||| 국짐당 의원들 뭐하고 있나 니들은 내부총질만 한 줄 알지 ||| 방탄 특검은 처음이지요? ? ||| 이게 특검 의 민낯이네요. 반드시 특검으로 현특검을 조사해야 합니다. 도대체 얼마나 인지 정말 기가찹니다. ||| 겁도없지 종교 는. . 면 안돼 ||| 윤영호님 잘하셨습니다 힘내시고 다 함께 하세요",1
POmdw0KB_zw,민중기 특검 의 실체!,. ||| . ||| 민중기는특검때려치우고역으로특검이나잘밮아라 ||| 특검하라....민주당을 ||| 민중기는탄핵하고 특검해체하고 국힘당이 만든 특검수사단에서 구속 수사하여 진실을 밝혀야합니다 ||| 민중기 . ||| 민주당이 더 덜하지는 않는다! 니가 받으면 불법 내가 받으면 합법! ||| 민중기를 . ||| 특검이아니고 .,1
i2ePP4-Dd_s,"파문-이재명,방금 긴급특명-내란재판부 구성 강행/통일교 해산!!조희대,충격발언!민주,반란사태 폭발!","이재명은 절대 대통령 될 수 없다 빨리 끌어내야 한다 ||| 이재명 정권은 절대 아니다 반드시 끌어내야만 한다 ||| 이재명 빨리처리해야 사법이산다 민주당은들으라 선관위를 믿고있는지 모르지만 권력이란 ? ||| # 전과4범 대통령 나라망신 전세계적으로 망신이다 사법부는 하루속히 범죄자 전과4범재판을 재개하라 ||| 여러분 항상 응원합니다 ||| 이재명 이제는 막가자는 정치로 국민과 한판 붙 보자는건가, ||| 범죄자 이재명이 본인 살려고 법치를 파괴하고 나라의 근간을 무너뜨리고 있다 재판속개해서 . ||| 이재명이가 진짜 미쳤구나. ||| 국보법폐지 이게나라냐 ㅡㅡㅡㅡㅡㅡ 입사법농단 국정농단 국헌문란이다 내란이다 . ||| 종교자유를 없앤다? ? 헐~ ||| 세상에서 제일강력한 독재국가 . ||| 찟죄명 제발 ! ||| . ||| 특정 종교까지 탄압 한다는 건가요? ||| 국민들이 원하지 않는 법을 내지 말고 진정국민들이 원하는법을 만들어라 재판기피 방탄법 국민들은 징글징글하다 ||| # 망해가는중 ||| 왜 날뛰게 둬야할지~?! ||| 아 속이타네 ||| 권력도 과하면 부러진다. 이게 현실화가 된다 ||| . ||| 이제명믿처돌아가고인내 ||| 증인과 증인 없애자는 건가? ||| 국회.헌재 내란 뺏다. 내란아니다,단. 윤통 파면뿐이다. 특검.수사 해산 . 석방하자.# 핵심 선거 는 거둘떠 보지 않다. 국민 보기엔 그냥 변죽만 .헛탕 .# 유죄 확증 은 3차 소추받아야 내란범이다,# 탄핵무효. ||| . ||| 놈이 죽을때가 됐나 봅니다. 인민 재판소 설치와 종교 탄압은 나라 망하는 지름길이다.거대한 자유 물결이 백성들의 성난 민중봉기로 승화할 것이다. ||| 한국에세서 이제 종교탄압이벌써부터 고 있는데도 많은 기독교인들은 입도 벙긋 못하고 있다. 목사가 구속당해도 교회가 수색당해도 교인들은 거의 저항도 안한다. 교회가 아니면 , 그때는 뭐 할까? ||| 미쳤구나 . ||| 조원철 한쪽으로 치우친사람 이재명변호사가 뭔말을 하겠는가 이게 법제처장인가 똑바로 지켜라 ||| 통일교는 또 엄청난 거래가 있다. ||| 종교는 마치 사단법인과 다름니다",1
CPF2ATk5fdk,"선관위 간부 2명 드디어 검찰 송치, 민중기도 고발당해 [ 자유대한호국단장]","부정선거 외치는 오상종 은 국민영웅 입니다 부정선거 세력들 모조리 때려잡아 처형해서 대한민국 바로 세웁시다 ||| 오상종대표님 같은분이 국회들어가야 합니다 지금은 체제전쟁중 통일될때까지 확실한 통일 뺏지를 달아야합니다 ||| 장동혁 대표를 따르지 않는 모든 국개의원은 무조건 떨어뜨려야 합니다, 무조건 묻지도 따지지도 말고!!! ||| 노태악특검 ! ||| 오상종단장님 ! ||| 배신자들 기억해 두었다 지역 자유 우파 유권자들이 함께 운동합시다 ||| 우파는 얼굴이 모두 똑같이 생겼어요 ||| 민중기 반드시 감옥으로 보내야 한다. 분탕질 하는 국힘 을 고발 해 주세요 ||| 진짜 애국자 진짜 현실적으로 진짜일하시는분입니다 ||| 권엥진 이 국힘당 이라니 민주당에 도움주는인간이 왜 국힘당에있나 배현진 한동훈 이런자들 내보내야되지않겠나 ||| 공천도 해야 합니다 ||| 부정선거는 중공을비롯 미국도 일부 공화당 민주당이 또 정보기관까지 개입된 그 카르텔이 너무나 크기때문에 트럼프도 무척고심하고 있고 때문에 부정선거로 대권노릇을 하는자는 반드시 제거를 하고 대선은 수개 표 수개표로 시행해야 할것이다 ||| 범죄자 공화국이된 나라 대한민국 국회의원이 되고 대통령이된 나라 우리나라 대한민국 이 망가지고 공산화가 되어 중국으로 넘어가고 있습니다. ||| # 파이팅 ||| 오상종 단장님! ! ||| 멸공 ||| 오상종단장님 수고 많으십니다 화이팅하세요 ||| 자유대학멤버리더들 최하40%이상 임 ||| 검사 판사들 하루 빨리 부정선거 밝혀라. ||| 선관위는 해체 되어야 한다 너무나 들 모두 끌어내고 , .선관위를 해체가 답이다... ||| # 오상종단장님 ||| 가족회사 선관위 부정선거 하루빨리 밝혀지길 정말 기도합니다 ||| 단장님 고생하셨습니다 . 단장님 ||| 한동훈 조경태 한지아 김예지 김용태 김재섭 배현진 양향자 # 출당 하라 ㅡ ||| 오상종단장님의애국활동을 적극지지하고 , 건강 조심하세요 ||| 이게 답이다❤❤❤❤❤❤❤❤❤❤ ||| 오상중단장님 소식 정말 감사합니다❤ ||| 단장님 최고십니다 당신들이 바로 애국자십니다 ||| 오상종단장님 화이팅 ! ||| 오상종 단장님 , 애국자이십니다. ||| 주영호 감독 퇴출운동.~~ ||| . ||| 국힘당의원들 중 당론을 위반하고 해당행위를 하며 적을 가까이 한 반역자 는 반드시 우파국민들 손에 척살되어야 합니다 ||| 단장님 신변 안전에 유의하시기 바랍니다 좌파로부터 협박 을 받을것으로 보는데 경호문제는 잘 하고 나온다고 믿습니다 지지합니다 멸공! ||| 배신자들 , 아스팔트투사들 출마하면 어떻겠습니까? ||| 잘시청했습니다 . 오상종 단장님을 응원합니다 ||| 국힘당배신자가40명이라고요!!! ! ||| 그런데 왜 고발하지 않고 바쁜 오상종 단장에게 수고를 하게 만드냐? ||| 옳습니다!! ! !! ||| 민중기특검받아라❤❤❤❤❤❤❤❤❤ ||| 미국에서 부정선거 척결을 지원할테니 한국에서 호응하라는 소리 떳는데 목숨걸고 싸울 준비는 되었나요??? ||| 오늘 이시네요 고생 많으십니다. 지난 여름 더운 날씨에 고동진 사무실앞에서 뵈었어요 감사합니다 ||| 수사 여부를 떠나 계속 민주당측 사건 을 고발해야 합니다. ||| 특검이 노상원 회유 를 했데요 특검 ㅈ 됐다 널리 알리세요 ||| 노태악을특검을하라❤❤❤❤❤❤❤❤❤❤❤❤❤❤ |||  ||| 오상종 단장님, 고생 많으십니다. 국힘 의원들은 오상종 단장님 좀 본받아라. 단장님, 힘내시고 열렬히 . ||| 선관위 이 무리들은 자국을 망치고, 나아가서 전 세계를 혼란스럽게 하는 단체인데, 미국에서 잡아다가 어떻게 하면 안되나.. 본보기를 보여야 이 사기꾼 범죄자들이 바지에 지리며 두 고 다시는 지렁이 가득 그 대가리로 나쁜 생각을 안 하지~ 좀 전에 영상을 보니 미국에선 죽은 자들의 명의로 투표를 한 것이 발각이 되었다는데! ||| 이대표님, 통화 매끄럽게 하세요.. 친절하게... 고생하는 분들 어렵게 통화하는데 좀 지 않아도 들어주고... . 가끔 통화 방송에서 상대 무시하는 말투와 진행이 느껴진다도들합니다. ||| 공천을 안받아야조일단 ? ||| 국힘배신자놈들 다 배지못달게합시다 ||| 오상준 대표님ㅈ늘 응원합니다. 대한민국을 위해서 정말노력하시는. 대표님. 화이팅 ||| 부정선거 부정선거 중공 ㅡ 왕후닝 ㅡ 부정선거 ㅡ 아웃 ㅡ 아웃 ㅡ까ㅡ ᆢ ||| 주호영 끌어내려라? 정말 부끄럽다. ||| 김용빈도 잡아다가 가둬야지 . ||| 노태학 사무총장 어떻게 하세요 ||| 장동혁 대표님 배신자들은 공천을주시면 됩니다 제발요 ||| 오상종 단장님 최고최고 존경합니다 날 세워주십시요 늘감사합니다 ||| # 화이팅화이팅 ||| # 자유대한호국단장님..",1
zeJ6gmzZoYM,시스템공학으로 '계엄'과 '내란'을 모두 풀어냈다,"이를 위해서 끝까지 최선을 다하시네요! 감사합니다. ||| 지만원박사님 # 나라위한헌신에감사드림니다감사합니다 ||| 대한민국의 지만원 박사님 응원합니다 . ||| 공학박사님! ! 보니 보기좋습니다!!!! 많은고초를격으시고 고생많이하셨습니다!!!! 추운날씨건강잘챙기세요!!!! 감사합니다!!!!! ||| 지만원박사님은 진정한 … ||| 전세계 에서 사용되는 한국산 Aㅡwab에 대하여 다뤄주세요ㅡ신속하게요.급합니다. ||| 지만원박사님 애국을 향한 충정에 깊이 감사드립니다. 응원합니다~ ||| 내란은 범죄4범 리죄명이 부정선거로 정권찬탈 했읍니다. 리죄명은 내란수괴 입니다. 탄핵시켜서 끌어내려야 합니다. . 리죄명 방빼라. ||| 박사 기나긴 을 받으시고, 최근에는 긴 옥고까지 고령의 나이에 치르신 박사님! 당신은 나의 인생 롤모델이십니다. 존경합니다! ||| 자유대한민국 애국 지만원 박사님 더운 날씨에 건강 잘챙기세요 ||| 민주당 과 간첩박선원 과 국정원돈 돈 으로 만든 내란조작죄 입니다 ,윤대통령 은 내란 을 한것 이 아니라 불순분자 를 대한 게엄령 (계몽령)이었습니다 ||| # 공학 박사님 건강 잘챙기세요 박사님 ❤ ||| # 이재명 민주당100% ||| 이분 확실히 정리 합시다 ||| 이진관은 친중쎄쎄판사고 이정재 판사는 이정재 판사님 화이팅 ||| 지박사님 참으로 오랜만 뵙습니다 ! ||| 윤통은 최근까지도 518 년 전과 다를 바 없었다. 그러니 최근까지의 정세 판단력에 대해 사과해야한다. 부정선거,의회독재에 대해 계엄을 선포한 건 잘했다. 무죄로 풀려나는 것이 맞다. 이것이 지박사님의 생각이라고 본다. ||| 지만원 박사님, 건강하시네요. 대단한 애국 수호의 영웅 지만원 . 요즘은 이상하게 지만원 박사, 지귀연 판사, 두 이름이 자꾸 연상 된다. ||| 내눈에 딱 는 사람들은 지만원 박사님, 그리고, 서울역에서 부정선거 척결주도하는 사람 잘 생각나지 않음(무슨 박사님) 그리고, 진격의 변호사들..... 이정도가 찐 정의파.... ||| 지박사님 주장은 system이 이미 망가졌을 때고예~.. now 현시점에 시스템이 제대로 임미껴? ||| 뭘 어렵게 분석하나요? 헷갈리게요? 이게 대통령 이 자기일을 했다고 내란인가요. 일을 못하게 한 것이 내란이지요. ||| 알림) 오늘저녁11시다썰남tv에서우파끼리전화토론생중계. 대박날것이다. 시청자수와채팅. . 참고로,나는초천재가최고의우파브레인으로생각 ||| 지만원 박사님 역시 애국자이십니다",1
Q4mjY68d_8w,트럼프가 베네수엘라와 한국에 대해 어느 날 행동에 옮겼다,"트럼프 대통령 , ㆍ한국에도 상륙하시길 ||| 미국과한국은 … ||| 한국 부정선거 카르텔들 반드시 척결 끝까지 응징해야함!! ||| ㅡ곧ㅡ대한민국도 당당히 세계의 위상이 될수있기를 ||| . ||| 베네수엘라를 접수하고 스마트매틱, 선관위 에 관한 자료를 확보하기를 바랍니다. ||| 아 젠 반가운 소식이네요 ||| 오늘 화이팅 한국으로 고고씽~ ||| 계엄이후 한국 군인 중에 간첩들이 많다는게 드러났으니... ||| 하루빨리 의 가슴이 웅장해진다 !!!!!! 트럼프 대통령 화이팅 !!!!!! ||| 트럼프대통령. 건강하시고 대한민국을 도와주시고 . 화이팅 하셔요 ||| 멸공 ||| 트럼프 화이팅 ||| 진짜 최고최고 존경합니다 ||| 누구압력으로. 출입했는지 낱낱이 조사해서 엄벌처하라 . 분명. 있고 미국에서 엄벌처해야한다 ||| 트통님! 얼른 하루라도 빨리 연락 주세요 ||| 1기 정부때 알고 지낸 트럼프대통령님! 이제 자유민주주의 이나라에도 놀러 오세요! ||| 트럼프 대통령 많이 응원해요. ||| 부패 정권 공산주의자들 언제 또 할런지요 ||| 이미 대한민국 은 누군가의 뜻대로 정상화 될 수가 없다. ||| 군사돌입 용이 띄었다 ||| 진짜 한국에 부정선거 좀 밝혀주세요 ||| 프레지던트 트럼프! 화이팅!!! 진실이 라면 하나님이 함께 합니다!!! ❤ ||| 트럼프님 강력히 지지합니다. 우리나라도 악의 무리들 손 봐 주 기도 합니다. ||| 제발 하루빨리 해야 합니다 ||| 트럼프 대통령 만세! 김정은 만세! ||| 이세상 모든 악에 근윈은 모두 중공공산당 뿐 임니다 ||| 중국을 통해 한국의 부정선거 테러단체 (선관위)를 공격해 주세요. ||| 트통님.응원합니다 . Korea 잡범들도 부디 좀 청소해 주세여 ||| 다음 은ㆍ한국 . ||| 트럼프여 한국을 도와주세요 부정선거로 가짜대통하는 트럼프 심판해주세요 ||| 제발 이재몀 . 끝어. 내렸으면 ^ ||| 오늘도 진실에 목소리 에 목소리에 고맙고 감사함니다 ||| 조은석특검팀을 미8군사령부에서 특수군인들이 즉각 군부 로 잡아 들여야 맞지 않나요?. ||| 항의성조치가 아니고 . ||| 트럼프 대통령 볘네스월라 작전 종료하고 대한민국 가짜 괴물 이죄명 긴급체포 미국 관타나모로 압송 해야 한다 ㆍ ||| 유조선나포는 ? ||| 오산기지 압수수색은 배후에 중국 공산당을 따르라 선관위 서버 은 조직이 연결됫다구 봅니다 ||| 공산주의=민주주의! ! 공산화운동=민주화운동! 국정원무력화=국정원개혁! 검찰무력화=검찰개혁! 국방력무력화=국방개혁! 북한이먼저다=사람이먼저다! 북한중심경제=사람중심경제! 우파=보수! 좌파=진보! 전교조세뇌교육=전교조참교육! 적화통일=연방제통일! ||| 트럼프대통령님.천재.이십니다. 멋있다? 세계인류.평화주의자? 베네수엘라.타결? ~ ~한국.부정선거.척결. 대통령 .세계나라에서도.존경.합니다~~ ||| 중국으로 가는 배가 맞다고 ? 제발 이재명도 빨리 빨리 ||| 트럼프 대통령님 화이팅? 범죄자 정권 아래 고통속에서 살아온 대한민국 서민들을 위해서 라도 범죄자 박근혜 를 심판 하여 주세요? 트럼프 대통령님? ||| 가짜 뉴스입니다 ||| 차라리 대한민국이 중공(CCP)에 의해 좌파 이재명 정권이 굴욕/합병 당하기 보다, 경제 적으로 미 합중국 51개 주로 편입이 타 당 할 것 같다. 국민 투표로 결정해 보자. ||| . ||| 베네수엘라에 너무 뜸 빼면 중국이 다른 나라를 잠식하고 있다. 베네수엘라를 먼저 끝내야 다음 타겟으로 중국을 칠수 있다. 지금 베네수엘라에 너무 뜸들이고 힘을 주고 있는 상황이다 ||| ....사물을 객관적 으로 . 최고. ...NBS , 합동여론조사 .......이제명 국정지지도 .............62.%...... .........정당지지도 ..........민주당.. ..........44%.... .........국힘당.... ..........20%.... .사물을 객관적 으로 .. ||| 트럼프대통령님 # 프리윤 ❤윤어겐",1
DR1qZMZf8R4,내란특검 증거조작 혐의 위현석 변호사,"조작특검을 특검하고 엄중한 처벌을 해야 합니다 ||| 갈아 엎어서 정상적인 사회로 이끌어 가야 합니다. ||| 박영수 특검 맞습니다. 특검을 특검해야 합니다. ||| 특검 이렇게 하라고 누가 그렇게 했는가 그 배후를 밝혀라 ||| 특검을특검해라 . 사람목숨을벌레만도못하게만드는특검 본인생명귀하게생각하면 남의생명도귀하다는것알아봐나쁜놈특검죄값받아라 ||| 위현석 : 훌륭하십니다. ||| 조작특검을 . ||| 특검을 특검하라 이재명을 구속 ||| 이재명 재판 속개 in 홍대날짜: 12.13일 (토)시간: 오후 : 마포구 독막로 57 웰빙할인마트 앞 ❤️주최: 자유대학 ||| 누명 을 씌우는 수법으로 나라가 듸비젔어요 ||| 노상원장군 적극적으로 ! ||| 자유 대한민국 대통령 현실이 사라져버린 김문수 대선 후보 자신이 날려 이 너무 나도 충격을 받았다. 중공(CCP)/중앙선관위의 음모/반역 행위로, 투표는 압승하고, 개표에 패한 김문수 후보가 ""아름다운 승복""선언이 표을 준 자유/우파 국민에 엄청난 실망을 안기고 말았다. 미국 트럼프 행정부가 부정선거 수사 착수했고, 온두라스/베네주엘라을 의 극좌 이재명 정권에 쓰나미가 덮칠 시간 눈 앞에 보인다. 김문수는 비 운의 정치인으로 사라지게 돼 참 안타깝다. 김문수 정신 좀 바짝 차려보라 !!!",0
ljSwPvVE3uQ,계엄령 선포 진짜 이유,"풀버전 다시보기: https://www.youtube.com/live/fuUKeit1qY0?si=ByA_j7F4BwYdAeDk 요약: 민주당의 반국가적 패악질이 도를 넘었다. 이재명이란 중죄인을 보호하려고 22번의 탄핵을 남발하고, 대통령의 특활비까지 0원으로 삭감했다. 문재인에게는 96억원을 퍼주고, 현직 대통령에게는 단 한 푼도 주지 않겠다는 패악질로 국정운영을 마비시켰다. 원전 생태계 지원비용 1,112억원, 첨단 제조기술 개발비, 청년 일자리 지원금까지 모조리 칼질했다. 대신 국회의원 연봉은 1억 으로 올렸다. 나라의 미래는 안중에도 없는 반국가적 도둑정당이다.더 가관인 것은 중국 공산당원이 우리 군사시설을 촬영하고 간첩들이 날뛰는 상황에서도 간첩죄 개정을 반대했다. 천만원에 군사기밀을 팔아넘기고, 우리 정보요원들이 북한에서 처형당하는 와중에도 눈 하나 깜빡하지 않는다. 이들은 대한민국의 정통성을 부정하고, 국가의 근간을 흔드는 위험한 내란집단이다. 윤석열 대통령 말대로 이제는 누가 진정한 대한민국인지, 누가 반국가 세력인지 명백히 가려야 할 때다. 그래서 민주당의 반국가적 패악질의 실태를 고발한다. ||| 우리는 ‘계엄’에만 집중할게 아니라 계엄을 하게 된 ’배경‘에도 관심을 가져야합니다. 윤대통령이 단순히 독재가 하고 싶어서 계엄을 했을까요? 이 21세기에? 단순히 내 여자를 지키고 , 그러면 차라리 재판에 힘을 썼겠지 계엄은 잃는게 너무 많습니다. 무논리적 선동에 휩쓸리지 않고 올바르게 볼 수 있는 시각을 가져야합니다. 우리는 어쩌면 이미 전과 다름없는 그들의 독재 속에 살고 있었는지도 모르겠네요. 좋은 영상 입니다 ||| 국민 수준에 비해 이 나라는 정말 잘됐다는 말이 딱 맞다 ||| 여기 보고 눈뜨신분들 대통령 의 계엄철회 후 담화 내용 꼭 다시 들어 요 아마 그동안 편견땜에 제대로 안들으셨을거에요 ||| 이 영상을 유튜브 계엄 이틀 뒤에 업로드했다니 얼마나 놀라운 통찰력인가 ||| 30대 여성입니다~ 제발 많이좀 봐주시고 널리널리 퍼뜨려 서 진짜 나라 망하게 생겼어요 ㅠㅠㅠㅠㅠ하 ||| 제일 문제인건 선동당한 사람들이 선동당했다고 생각 않는 부분인거같음 ||| 정말 감사하고 몰라서 죄송합니다. 나라 같이 지키겠습니다. 우리 다 같이 일어납시다 ||| 하 너무 맞는말이라 눈물난다 진짜 제발 현실을 알았으면 다들 ||| 부디 제대로 판단할 수 있는 국민들이 많아지길 바랍니다. ||| 투표도 안하고 신세한탄 인 제가 정말 , 계엄령을 할만한 충분한 이유가 있었군요. 정말 반성합니다. ||| 나무를 보지말고 숲을 보라. 나무 뺏기면 내 자식 미래도 없다. ||| 저는 중도였는데 , 덕분에 우파로 전향하게 되었습니다. 팩트를 정말 꼼꼼히 잘 설명해주시네요. ||| 계엄령이 내려졌을때는 뭐지 싶었다 근데 이유를 알고 상황 파악을 해보니.. 그럴 수 밖에 없었단 생각이 들더라. 이 계엄령이 아니였으면 사람들은 정치에 얼마나 쏟았을까 싶기도. 그러니까 대한민국 국민이라면 대한민국의 올바른 미래를 위해 마음을 모아야 한다고 생각합니다. 깊이 알아보고 진실을 따져보고 판단할 줄 아는 그런 식견을 가지면 좋겠어요 무조건 적으로 감정적으로 는 아닙니다 ||| 이런 일이 왜 일어났는가를 생각해보는 사람들이 많아지길 바랍니다,,ㅠ ||| 40대 애3 엄마입니다. 진짜 집 귀가리고 다른세상에 살고 있었네요. 깜짝 놀랐습니다. 찾아보니 어제 있었던 뉴스네였요. 왜 근데 몰랐을까요? 놀랍네요. ||| 다시 봐도 감탄 이때 는 용기와. 명철함 대단함 ||| 이건 SNS(인스타,유튜브,블로그 등)에 익숙한 젊은 세대분들이 먼저 각성하고 합십해서 공유해주시고 배워야 할듯. 중국에게 나라가 먹히고 있었네요 ; ||| 이 영상은 진짜 ㅈㄴ 제발 봐야 한다.. ||| 베네수엘라 꼴 안당하려면 대한민국 에서 이 영상 다봐야함!! ||| 수능을 앞두고 있는 현 고3입니다. 고1 때 한국사 수업을 듣고 중립을 지키겠다며 부모님 두분의 다른 양쪽 정치입장을 번갈아 듣고 따로 혼자 기사와 영상을 직접 눈으로 사실을 확인하면서 나름 깨어있다 생각했었습니다. 이후 정치와 법을 수능 선택과목으로 골라 작년부터 2년동안 공부하며 법학과 진학을 희망하게 됐습니다. 때문에 처음엔 계엄 자체가 범법행위라고 느꼈습니다. 계엄이 자유를 뺏는다고 알고 있었거든요. ‘계엄를 시도한 전 대통령을 왜 아직도 지지하는 걸까?’라는 의문이 생기고 하나에 꽂히기 시작하면서 좌파의 성향을 조금씩 띄고 있었습니다. 하지만 검찰청 폐지로 인한 삼권분립 붕괴 우려를 시작으로 여러 자료를 찾아보니 상상도 못했던 일들이 오래전부터 진행중이었다는 걸 깨달았습니다. 무비자입국 이후 늘어난 남녀노소 불문한 납치, 대국민사과나 cctv 공개가 없는 행정정보시스템 화재 사건이 너무나 말이 안된다 생각해 이것저것 찾아보다 이 영상까지 왔습니다. 초반엔 ‘계엄말고 차라리 다른 방법을 택하였더라면’하고 생각하다가 이제는 그 당시에 선택지가 계엄밖에 없다는 걸 알게 됐습니다. 공산주의가 되는 것도 크나큰 문제지만 지금 당장 전쟁이 터질까 걱정이 됩니다. 해외 언론도 보니 우리나라가 많이 위험한 상태더군요. 수능을 위해 독서실에서 11시 반 - 12시까지 항상 남는데 어둡기만 했던 독서실 건물 입구와 후문에 봉고차들이 두세대씩 보이기 시작하고 부산과 같은 지방쪽에 자주 뜨는 거로 알고 있던 실종문자가 이제는 제가 사는 지역구에서도 엄청 뜨네요. 부모님들도 퇴근하고 오시는 길에 험한 일 당하시진 않을까 무뚝뚝했던 딸이 퇴근시간 맞춰 짧게라도 전화드립니다. 중립에서 좌파를 핥아보다가 우파가 됐는데 좌우를 떠나 많은 사람들이 이 영상을 보면 좋겠네요. 정치흐름에 막 관심을 갖기 시작한 청소년인지라 모르는 것들이 많지만 그래도 주장을 뚜렷하게 말하고 논리적으로 팩트를 가지고 반박하려면 많은 지식이 있어야겠더라구요. 마저 공부하러 가보겠습니다. 다들 화이팅입니다. 그리고 꼭 어두운 길이나 사람 없는 길에선 전화통화하며 안전귀가하시길 바라겠습니다. *부모님 중 한분께서 집에서 쉬실 땐 거의 하루종일 좌측영상을 듣고 계신데 어떻게 얘기를 꺼내면 좋을까요? 좌파에서 우파가 되기만 하신다면 정말 깨어나실텐데 아직도 계엄만 얘기하십니다.. ||| 19살 학생입니다. 주변 사람들의 SNS에 윤석열 대통령 탄핵 스토리가 빗발치고 는 하지만 저는 왜 계엄령을 내렸는가 대통령이 누구랑 싸우고 있는가에 대한 스토리를 당당히 올렸습니다. 욕도 먹고 외면 당해도 몇 명의 친구들이 진실을 보는 눈 뜰 수 있게 작게나마 도울 수 있어서 정말 기쁩니다. 대한민국의 민주주의를 위해서 우리의 조국을 위해 당당히 알려야 합니다. 아직 생일이 지나지 않아 투표권이 없는 학생이지만 저는 당당히 알리겠습니다. 많은 어른분들 선배님들 부탁드립니다. 용기를 내주세요. ||| 40대 남자입니다 팩트기반 영상 주변에 많이 알리고 있습니다 . ||| 법에 명시되어 있는 계엄은 대통령의 불변 권한 계엄은 정당했도 내란은 민주당과 한나라당 레거시방송이다! ||| 오늘 뉴스보고 왜 민주당 뒷감당 어쩌려고 저러나 걱정했지만 ... 민주당 만행 알게 됐고 왜 계엄 할 수밖에 없 공산화 조심하라고 힌트를 준거였네요 ||| 언론보다 수십억배 ? ||| 저는 20대 학생입니다. 사실 정치에 큰 관심 없었고, 부끄럽지만 투표도 하지 않았습니다. 나 사는데 문제 없으면 된다고 생각했습니다. 하지만 지금은 나라를 위해 기도하지 않은 게 정말 반성합니다. 세상 참 이상한 세상입니다. 끝까지 그들과 같이 말려들지 않기를 바랍니다. 이렇게 명쾌하고 깔끔한 설명 감사드립니다. 생각을 하게 해주셔서 감사합니다. 현재 사태는 정말 말로 할 수 없이 답답하고 슬프지만, 계속 기도하겠습니다. 누가 세운 대한민국입니까... ||| 국민절반이 300만원도 못받고 일하는데 국회의원, 금배지 는 하는일도 없으면서 국회의원 6천이 웬말이냐 국회의원 숫자 절반으로 줄여라 ||| 30대여성이며 , 제발 정권교체 안되었으면 더 열심히 일하고, 일한만큼 능력만큼 누리는 세상에서 살고싶습니다.. 제발 이 들 깨어나세요 20.30대 여성들이여 제발,,!!!!!! ||| 그라운드씨 아니었으면 뉴스만보고 윤대통령님이 정말 무능력하고 미친사람이라고 생각할뻔했습니다 사람들이 빨리 깨어났으면 좋겠어요 ||| 남편 친구가 보내주신 자료인데 정말 속이 시원합니다 꼭 지켜야합니다 임기단축이 왠 말인지....ㅠㅠ ||| 배급견들 반박은 못하고 암튼 이거 좀 아니라노~ 내란이라노~ 시전중 ㅋㅋ ||| 간첩한테 국가 통째로 넘기는 코리안 수준 ㅋㅋㅋㅋ ||| 민주당 추진 증액예산 1. 신재생에너지 + 3900억 (태양광 - 중국을 위한 2. 한전공대 - 127억 (전남 나주, 전라도를 위한 3. 새만금, 전주 고속도로 - 857억 (전라도를 위한) 4. 새만금 신공항, 철도 - 600억 (전라도를 위한) 5. 양곡법 - 쌀생산지 1위 전남, 3위 전북 (전라도를 위한) ||| 저쪽은 응원봉을 들고 있지만 우리는 대한민국 국기 를 들고있습니다. 멸공 ||| 그C님 의 영상이 공부랑 계몽에 도움이 됐는데, 영상이 사라져서 걱정이 많았습니다. 복구 돼서 정말 다행입니다. 라이브 영상 아직 다 복구가 다 됐는데 그것도 마저 복구 되길 바라겠습니다. ||| 10대 부터 지금까지 샤이보수로 살아왔으나 이제는 행동해야 할 때가 아닌가 싶습니다. 저는 표현의 자유, 투표의 자유, 종교의 자유가 있는 대한민국에 살고 싶습니다. 비정상을 비정상이라 말하지 못하는 사회를 원하지 않습니다. 한국 여자는 모두 페미로 묶이는 비정상적인 세상에 살고 싶지 않습니다. 저는 결코 페미니스트가 아닐 것이며, 좌파를 지지하지 않을 것이고, 자유민주주의 대한민국을 지켜나가기 위해 노력할 것입니다. 인권이란 미명의, 평등이란 미명의, 차별 금지라는 미명의 전체주의 사회를 원하지 않습니다. 공산화되어 자유를 억압하는 망국의 국민이 될 생각은 추호도 없습니다. 저는 많은 기도와 헌신과 순교로 세워진 우리나라를 사랑합니다. 이번 사태를 통해서 국민들이 깨어나기를 바랍니다. 이 사건이 국민들로 하여금 정상적인 세계관을 갖게 하는 계기가 되기를 바랍니다. ||| 말 안 통하던 제 동생, 이 영상으로 설득 시켰습니다 . 지금은 친구들에게 이 영상 보여주고 있다네요 ||| 문재인 때리니까 온갖 간첩, 빨갱이 다튀어 나오는게 마치 갯벌에 소금뿌린것 같다 는 댓글이 제일 웃김 ||| 영상 다시 복구 되었군요. 공유 해야 할 주변인들이 너무 도 절실했습니다. 항상 대한민국의 가치를 위해 싸워주셔서 진심으로 감사드립니다. ||| 양곡관리법으로 곡물 과잉생산 부추기고 남는쌀은 또 관리비용드니까 북한에 보내줘야한다는 정청래. 도랐나? ||| 이렇게 우리나라가 위험한 상태인지 진짜 몰랐습니다.. 윤석열 대통령이 계엄을 했다는 것만 보고 자기 살려고 계엄을 한줄로만 알았습니다.. 그런데 이영상을 보니 이렇게 선포룰 하게 된 제대로된 이유를 알게 됐습니다 정말 부끄럽습니다 이제라도 응원하겠습니다 ||| 방송국들 보면 무섭습니다 무슨 대통령을 한다고 해서 안달난거 같고 이 영상이 많이 공유 되었으면합니다 ||| 애국하십니다. 전 천하에 알려지길 바랍니다. 국민이 깨어나길~^^ ||| 혹시라도 이영상 보고계신 자녀를 둔 부모 계시다면 아이들에게 꼭보여주시길. 지금 우리가 사는 나라가 어떤지 어려도 정확히 알 필요가 있음. ||| 저희 아버지가 베트남참전 용사이신데 올해 처음으로 참전용사 제복 사이즈 다맞춰서 택배로 가져다 주셨습니다. 이런건 뉴스에 안나와요 정말 나라를 위해서 헌신한 분들에대한 대우를 해주는 대통령 윤석열 대통령이 처음입니다. ||| 20대가 더 바뀜 ||| 울면서 봤습니다. 어른들이 흘린 눈물 의미를 지금 알게되었네요 ||| 소름 돋네요.. 많은 사람들한테 이걸 보고도 민주당을 지지할 수 있는지 묻고 요 ||| 솔직히 저는 철새 으로 고 제 인생에 민주당은 없습니다.. 이 나라에 간첩들이 많다는 말에 뭔 헛소리야 라고 생각했던 1일인데.. 그 말 정말 맞았다는 생각이 듭니다. ||| 저는 엊그제까지만해도 아무것도 모른채 그저 놀라 영화 서울의봄만 으로 탄핵찬성집회에 참가했던 학생입니다. 이 영상을 보고 그동안 제가 너무 던 생각입니다. 왜 대통령이 계엄령을 선포했는지 이해가 갑니다 저는 이제부터 탄핵에 반대합니다 ||| 이 영상 다시 바이럴 했으면 좋겠다 복습추 ||| 저 영상 1000만명이 봐야함 다들 공유합시다. ||| 제가 정말 지극히평범한 20대후반 여자인데 진짜 제가 정치에 이렇게 무지했나를 반성하면서 정치에도 그리고 국민으로써 오직 그무엇도아닌 제 나라를 사랑 합니다 ||| 20대 입니다. 최소한 알아볼 도 하지않고 무작정 시위에 나서는 친구들 보면서 참 안타깝습니다. 많은 2030들이 영상 봤으면 좋겠네요 ||| 저도 정치 전혀관심없다가 남들이 나쁘다해서 나쁜 데 이유를 찾았어요 알게되었고 정치에 관심없던 것 반성하게되었습니다 ||| 진짜 민주당 따라가는분들 마음 아프다 ||| 대학생인데 선동질 당하다가 이제야 눈 떠 부끄럽네요.. 반성하고 다들 정신차리게 노력해야합니다! ||| 이 트윗 1000만회 찍어야함... ||| 100 프로 공감! 부정선거로 다수당된 민주당의 내란이 맞습니다.... 민주당하고 이재명 그걸 따르는 간첩단들 이들을 이겨야 대한민국이 다시 살수 있습니다. 각성하고 싸워 이겨야 합니다 ||| 일주일만에 217만회 ㅋㅋㅋㅋㅋㅋㅋ 구독한 이래 이런 조회수 처음본다 정의구현 제대로 하십니다 정말 ||| 30대 중반 청년입니다. 그동안 조용히 혼자 자유진영을 응원 해왔으나, 더 는 샤이보수는 없습니다. 그동안 쌓아왔던 인간관계를 걸고 신념과 소신의 이야기 하려고 합니다. 더이상 숨지 않습니다. 다음 기회는 아마 없을것이기 때문에.. 후회없이 진격합니다. 본 영상과 설득을 통해 이미 설득 설득 시작했습니다. 그동안 조용히만 지내 죄송합니다. 아직 끝나지 않았습니다. 행동하겠습니다. ||| 보다가 민주당한테 너무 화가 치밀어 끝까지 보기힘들정도.. 우리나라의 미래가 너무 걱정되요. ||| 지나가던 말 매우 공감합니다! ||| 저는 윤석열 대통령님과 GROUND C님 덕분에, 작년 12월 11일, 각성하게 된 20대 우파입니다. 계엄령 직후에 탄핵은 적극 반대했지만, 계엄은 무지로 인해 부정적인 인식을 가지고 있었습니다. 하지만 GROUND C님 덕분에 그렇게 되었습니다. 정말 감사합니다. ||| 20대 여자입니다. 보수로써 는 자유민주주의의 가치를 알고 조용하게 나서지 않고 지지해왔습니다. 하지만 이제는 행동해야 할 때 인것 같습니다. 그저 국힘과 민주당 / 윤석열과 이재명의 싸움이 고 나라 전체의 체제전쟁이며, 부정선거를 비롯해 우리나라 곳곳에 깊숙하게 침투하여 중국과 북한이 우리나라를 와해하고 좀먹고 있습니다. 가랑비에 옷 젖는다고 조금씩 오랜시간동안 우리는 이 자유가 너무 편안하여 어느순간 당연해졌습니다. 법과 질서와 상식이 무너져가는지도 모르고 고여있다가 냄새나게 썩고있는 웅덩이처럼 어느순간부터 젠더갈등, 세대갈등 등 국민들끼리 서로 싸우기만 하는 대한민국이 되어버린 것 같아 마음이 아픕니다. 이 기점을 통해 우리나라의 앞으로의 미래와 운명의 흐름이 달려있다고 생각합니다. 이 참에 썩어버린 부분이 드러내는 계기가 되었고, 부패와 비리 종북좌파들은 반드시 척결해야하며 그 물고를 터트린 시작을 윤대통령이 했다고 봅니다. 저는 미래의 나와 내 자식들이 살아갈 대한민국이 상식이 통하고 법과 질서 건강하고 강한 대한민국이 되길 바랍니다. 이제는 우리가 목소리를 내야합니다. 저부터 적극적으로 알리고 행동하겠습니다. 우리는 개개인이지만 이런 개개인들의 변화들이 모여 반드시 자유대한민국을 지키리라 믿습니다. ||| 저는 투표권 없는 학생인데요 학교에서도 ""삼권분립 철저히, 이건 대통령의 권한"" 이라고 배웁니다... 이죄명과 민주당 너무너무 추악합니다 후쿠시마 방사능때에도 IAEA에서도 방사능 문제 전혀없다 이야기했는데 민주당의 언론플레이 선동에 놀아난 사람들이 IAEA 총장에게 욕설, 그 반하는 사람들(전문가포함)에게 간첩이냐며 욕을하고 윤대통령 재임시절에 아무 조치 안하는것은 탄핵감이라고 난리부르스!!!! 문재인 선거때는 언론 베스트댓글 불법으로 장악진짜 ㅋㅋㅋㅋ 심지어 퇴임 막바지에 온갖 민주당 의원들 알박기 해두기 ㅋㅋㅋ 그러곤 윤 정부탓으로 돌리고 국가 운영 게임입니까? 너무 웃깁니다 진짜 정말..투표권없는 애들도 아는 사실을 투표권 있는 어른들이 모르면 어떡합니까? 같은 한 으로 너무 안타깝습니다 투표할때 제발 생각하고 투표해주세요 ||| 반박못하고 한국어도 못하며 헛소리하는 애들이 점점 많이 알려지고 있는거 같아 힘이 납니다. 5천만이 다 알고 있으면 좋겠네요. ||| 국민들이여, 깨어나서 일어나 나라를 위해서기도해야 . ||| 20대 초반 여자입니다. 그동안 민주당 편들이 너무 많아서 점심시간마다 힘들었는데 이제 저도 주변에 공유하고 탄핵반대집회도 나가보려고 합니다. 지금까지 샤이보수 였었는데 반성합니다.. ||| 보수유튜버들 속보 안 떠서, 오랜만에 유튜브 보러왔습니다. 한번씩 다시 보면서, 정신적으로 재무장해야 됨. ||| 죄송합니다 이제까지 혼자 웃고나 있던 게 너무 부끄럽습니다.. 친구들한테도 공유했고, 저 또한 민주당의 패악질 지난 몇년간 봐왔음에도 이렇게까지 할 줄을 몰랐던 무지함을 반성하겠습니다.. ||| 최근에 계엄령 때문에 정치에 관심을 막 가지게 된 30대 청년입니다. 이 번 계엄령 이 전에는 정치보다 나 먹고 살기 위한 정치를 완전 등한시 하고 살았는데요. 심지어 계엄령 당시 mbc jtbc의 편향된 언론플레이만 보고 무식하게 ‘대통령이 미쳤나보다.’ ‘괜히 지지율이 낮은 게 아니구나 지금 대통령은 악이다.’라고 생각했을만큼 무지한 국민 중 하나였습니다. 이렇게 생각하면 정말 무릎꿇고 사죄 드리고 싶을만큼 제 행동에 큰 분노를 느낍니다. 지금 우리나라 대다수의 정치에 관심 없는 국민들은 표면적인 물 위로 떠올라 있는 빙산의 일각만 보고 전체를 판단합니다. 제가 그러했듯이요. 많은 국민들이 계엄령이 선포된 ‘배경’에 초점을 두고 ‘왜 이런 일을 벌인걸까?’에 대해 깊게 고민해 보고 현명한 판단을 내릴 수 있게 이러한 출처가 분명하고 사실에 입각한 영상들을 많이 배포해주셨으면 좋겠습니다. 아직 늦지 않았습니다. 꼭 우리 손으로 ’자유‘민주주의를 수호합시다 !! ||| 탄핵 찬성에서 반대로 돌아선 30대 여성입니다 언론에 선동됐던 저 자신을 반성합니다 여러분 제발 깨어나세요 나라가 망해가고 요 ||| 그니까 중국이 좋으면 중국 가세요 북한이 좋으면 북한으로 가세요 자유민주주의를 흔들지마세요 주적을 인지하여야해요. 북한정권 중국의 에 당하면 안됩니다. ||| 언론이 국민들 눈가리기 하니 유튜브로 깨달을수밖에 는 현실이 안타깝네요.. ||| 이게 진짠데.. 선동당하고 있는 사람들이 참으로 . 조금이라도 인기 끌어보겠다고 나오는 연예인들이나 정치인들도요. ||| 아 옳았다!!! ||| 이 영상 접하고 주위에 다 링크 보냈습니다. 두 아들 영상보구 보수로 돌아와서 댓글달고 한 중도인데 이 댓글 보내주고 바로 대판하고 보수로 돌아왔습니다. 반드시 이겨야 합니다 ||| 300만뷰가 넘었습니다. 30대 여자입니다. 하루하루 제 주변에 한두 사람씩이라도 라도 현재 우리 상황에 대해 알게 해주려고 그라운드씨 영상 많이 공유중이에요. 오늘도 메인 언론에만 가려져 있던 제 주변분께 우리가 왜 싸우는지를 알려드렸어요! 한 대 얻어맞은 것 같다고 하시더라고요. 더 많은 분들이 이 영상을 보시고 깨닫게 를 원합니다. 청년분들 일어나세요! ||| 나라 구하는 영상입니다 널리 퍼졌으면 합니다 ||| 담주 월요일에 중국인 단 수기로작성하고 대거입국예정. 참고로 수기는조작쉬움. 공작단 대거유입 ||| 20대 초반 여자입니다 뉴스와 주변 이야기만 듣고 자세히 알지 못한채로 입을 연 게 부끄러워졌어요 하지만 다 보고 나니 충격적이에요 빨리 영상 보여주고 와야겠네요 이제야 봐서 다행이에요 ||| 여러분 항상 고생많으십니다. 이번에 '국회증언법' 라는 각 기업의 CEO들을 맘대로 부르고 기업기밀을 달라고하면 무조건 줘야하는 황당한 법안이 국회본회의에 통과됐습니다. 간첩법 확대 반대 이후에 이런 법을 통과시킨건 너무 의도가 다분하지 않습니까? 또 또 통과되면 그때는 진짜 큰일납니다 `국회증언법` 한번 씩 확인하시고 꼭 필요 게 저도 계속 알리겠습니다. ||| 저 여자 보수입니다. 그라운드씨 채널 보고 공부하기로 마음 먹었습니다. 이제 노트 펴고 펜 들고 들어가 봅니다. 진실을 알려주셔서 감사드립니다. ||| 국가를 완전 파괴 와ㅡㅡ ||| 저는 사드에서 근무작전 했었던 20대 청년입니다. 원래도 그랬 더더욱 보수로 전향하게된 계기가 있습니다. 사드 전자파 괴담 선동으로 거의 한 두번은 민주당측 시위대가 와서 시위를 벌이고 보급차량을 타고 괴랄한 행동을 많이 했습니다. 또한 정문만이 아닌 외각 주변 철책에 와서 괴이한 행동을 하는 경우도 있어 기동대가 항상 출동준비중이었습니다. 민주당 시위대 여러분이 주장하시는 사드 전자파에 튀겨질 정도라면 근무작전중인 군인은 돈까스가 되어야하는게 정상 아닙니까? ||| 기자들아 이 영상 보고 나도 방송국있었다 눈감으면 니들은 민주당 공범이다 ||| 여기 댓글들 에 희망이 있네요.매일 들어와서 글 보면서 위안을 합니다.그리고 대한민국이 바로서기를 간절히 기도합니다. ||| 진짜 가짜 민주당이다. ||| 3백만 축하합니다. 자유대한민국을 구한다면 저 영상이 보탬이 된겁니다. ||| 왜 그걸 알려고 하지 않아요....계엄 두 글자에만 발작할 뿐ㅋㅋㅋㅋㅠㅠ ||| 아 이거 조회수 1000만회는 되어야 할 것 같은데... ||| 그동안 이나라에서살면서 너무도 무식했읍니다 이런공부할수있는것이너무도감사합니다 ||| 역시 남자입니더 형님의 말씀 정말 맞는거 같습니다 윤통령 투표하길잘한거같습니다. ||| 감성적으로만 정치를 보면 사람 못봅니다. 내평생 민주당한테 내 한표를 못줄거 같다 ||| 제발 우리나라 법 개정하여 철저히 색출해 내어 쫓아내고 심판 받게 해야 합니다. ||| 전 미국에 살고 있는 한국사람인데 지금 한국정치를 보면서 눈물이 나고 화가납니다 ||| 해외에서 공부중입니다 ,, 어제 한국어 잘 하는 중국인과 토론을 좀 했는데 , 한국도 홍콩이나 마카오처럼 중국 아래 들어오는 게 낫지 않겠냐고 하더군요 ,, 그 이후로 쌩까고 있습니다. ㅋㅋ 저들은 중국의 팽창과 한국의 속국화에 진심입니다 경각심을 줘야 한다고 생각합니다 진심으로 ||| 이 영상보고 토요일에 광화문 간다",1
azbAiIEZ8sY,아 제대로 싸움 났다,"그라운드c 전한길쌤. 정말 자유대한민국 지키기 위해. 목청을 높이시는것 보며. 존경스럽습니다 국힘 송언석이.국힘당을 . 전한길쌤을. 고발한다는 . 할때. 국힘당 의원들. 싸그리 교체해야함 ||| 전한길님! 찐 애국자이십니다! 100퍼 응원합니다!!! ! ||| 진짜 민주당도 문제지만 썩어빠진 국힘부터 먼저 본다 ||| 화끈하고 멋있고요 전한길선상님 진짜 대단하신분 ||| 맞아요 지켜줘야 됩니다. . 감사합니다 ||| 백번 천번 ! 진심 애국자 순수한 분입니다 ||| 아 눈물났어요 ||| 애국자 전한길선생님, , 감사합니다~~응원합니다 ❤❤❤ ||| 진짜 귀여워 ||| 멋잇다 전한길쌤 ❤❤❤ 응원합니다 감사합니다 ❤❤ 자유대한민국 # 국힘해체가답이다 ||| 전한길샘 이나라의 진정한 애국자 여러분 기쁘고 감사드립니다 ||| 맞습니다 . ||| 전샘 , 애국자님 감사합니다^^~ 국힘당을 찐 보수당ㅈ으로 만들자^^~ ||| 그라운드 씨의 바른소리 옳은말씀 . ||| 아 전쌤 고맙습니다 그라운드씨님도 고맙습니다 ||| # ❤ ||| 헉 그라운드님두요 ||| 멋지다 . ||| 진짜 보배이십니다 한길샘 그라운드C님도요 요새 님들 보며 웃어요 희망이 보여서 ||| 진정한 사랑 ||| 썩을대로 썩어 악취가 진동하는 곳 ||| 그래야 진정한 애국자이십니다 ||| 두분모두 이나라. 보석입니다ㅡ늘 . ||| 한길쌤 그라운드씨 장동혁 김민수 나경원 난세의 영웅이십니다 힘내주십시오 국민들이 응원 합니다 ||| 진정한 애국자 전한길 을 응원합니다❤ ||| 어제 한길쌤 진짜 멋졌음 ! ||| 국힘은 아직 많이 있습니다 다 도려내야합니다 전한길쌤 화이팅 ||| 맞습니다 전한길선생님 감사합니다 항상 응원합니다 ||| 민주당은 열심히 응원해 줄텐데 국힘은 틀려처먹었다. 전한길쌤을 키워줍시다. ||| 그씨 역시 예술입니다~* ||| 맞습니다 전한길 쌤 최고 국힘당 108명보다 헐 났읍니다 진정한 애국 자 애국자 ||| 진짜 맞는 말씀 ㅠㅠ 한길샘 감사합니다!!! ||| 요즘 세상 돌아가는 상황을 보면 정말 어처구니가 없네요 전샘 힘내세요!!!!!!!! ||| 정말 그렇게 말씀하세요. ||| . ||| 근데 성대모사는 볼때마다 웃기네ㅋㅋㄱㄲ ||| 그래야 잘먹고 잘 살수 있는데도 다 포기하고 애국하고 계시는 전한길쌤~~진짜 존경합니다~!!! ||| 눈치 보지 않는 대담함에 응원하고 . ||| 이 말씀입니다. ||| 전한길 같은 이가 있어 대한민국이 지켜집니다 ||| 항상 애국심있는 전한길샘 응원합니다 ||| 맞습니다 전한길쌤 정말 너무 존경합니다 ||| 전한길샘 존경합니다 . 대한민국을 승리를 위하여 ❤멸공 ||| 맞아요 정말 너무 존경합니다 ||| 옳소 ||| 그라운드C 대표님도 함께 응원합니다. ||| 옳은 말씀 입니다. 전한길선생님 같은 이가 이 에 계신다는게 대한 민국의 축복입니다. 이 시대의 영웅이십니다. ||| 전한길 선생님 존경하게 되었습니다 진정한 . ||| 전한길 선생님 진짜 대단하십니다ㅠ진짜 존경합니다 끝까지 함께 합니다 ||| 눈 앞을 가립니다...전한길 선생님에 대해 객관적으로 말씀해주셔서 감사합니다 ||| 지켜야지요!!!! 전한길쌤 알고 있습니다~ ||| # 그라운드씨 ❤ ||| 우린 애국자죠 우리가 지켜드려야 합니다 ||| 맞습니다 . ||| 맞습니다. 전한길선생님 애국자이십니다. 존경합니다. . ||| # 누가뭐라해도 국힘의힘에영웅입니다국민이보증합니다 ||| 진정한 힐링 전한길샘 최고입니다 ~ ||| 헉 정말 감사해요 ||| 그씨와 # 김민수대변은 참애국자❤감동❤ ||| . ||| 전한길쌤 짱입니다 맞습니다 섞어삐진 국힘 을 갈아 엎어야 됩니다 글구 김근식일당은 최고위원에서 배제해야 합니다 ||| 예쁜 목소리 내 주셔서 감사해요 ||| 맞습니다. 떵떵거리면서 사면 살수있는데... ㅠ 고생이많으셔요 ||| 우리 선생님, 응원합니다!!! ||| 전한길쌤~ 찐심입니다!!! 진정한 화이팅 ||| 김성원님 말씀 백번 동감 합니다!!! ||| 그리고 가짜 보수 또 한명 알아냈다. ||| 맞아요.. 지켜야됩니다! ! 때려치고 싶으나 버티고 있었습니대 배신자들 다 쳐내야 합니다 ||| 한길쌤~파이팅~!!!!!!감사합니다!!!!!! ||| 애국자 여러분 응원합니다! ||| 이게 진정한 애국자입니다 ||| 네 샘말이 맞습니다 홧팅 ||| 전한길 선생님 이나라 를 지켜내기위해 헌신하시는 정직하고 진실한 투쟁이 너무나 가슴 뭉클합니다.❤ ||| # 맞는말 ||| 맞습니다 . ||| 전한길 쌤 ~~ 역사의 한 획을 그리고 계시네요 ^^ ||| 치열한 전쟁터에서 목숨 아끼지않고 앞장서서 싸우는 진짜 용사같은 전한길샘! 참 애국자!! ||| 영웅은 보기에는 멋있어도 실상은 못한다는 말이 있었다. 즉 영웅은 아무나 못한다는 말이다. 아무도 청소부가 되기 싫기 때문이다.한길샘은 영웅이다. ||| 김근식 기자 ||| 전한길 쌤 난세의영웅입니다 응원합니다 최고 최고 최고 최고 최고입니다 홧이팅 ||| 누구도 함부로 마라 전한길대표 는 거목이시다 더욱 강하고 담대하세요 ||| 맞는말씀 . ||| 진짜 정확하게 ! ||| 전한길 애국지사님 홧팅입니다 감사합니다 ❤자유대한민국 승리입니다 ! ||| 정말 멋진 말씀 전한길쌤 존경하고 감사합니다 ❤❤❤❤❤ ||| 전한길 쌤은 애국심으로 가득차 있는 대한민국 ||| 우리 전한길 선생님을 지켜야 합니다!!! ||| ""마~ ~ 때려치아라!"" 깨알같은 성대모사에 빵~터졌습니다!ㅋㅋ 애국자 한길쌤, 그씨님 늘 감사합니다~~!!! ||| . ||| 진정한 영웅입니다. ||| 지킵시다 ||| 맞습니다~ ~ 힘 안에 기득권 기생충들 싹 척결!!! 한길쌤 지지합니다 ||| 맞습니다 전한길 선생님은 진정한 애국자 입니다 전한길 전한길 선생 화이팅 ||| 꼭 이겨내서 부정선거 음모론으로 모는 저 간첩들 다 잡아내야합니다 ||| 목소리 내주셔서 감사드립니다 항상 저 지지합니다 ||| 꼭 지켜주세요 ||| 그라운드 씨의 말이 100억 ? 맞는 말씀이십니다!! ||| 화이팅 ~~응원합니다 ||| 전한길샘.. . 감사드립니다. ||| # 애국자 이심니다❤❤",0
YHoq8E0nvw4,■ '국민 눈높이'다,"참으로 지당한 말씀입니다. ||| 맞습니다. 모든 팩트 확인 후, 비상계엄은 내란이 아닙니다. ||| 최고시네요 지금 전시 중 맞습니다 . 자유대한민국을 지켜야합니다 ||| 나라를 위해 이렇게 해줘 너무 너무 감사합니다 간첩척결하고 자유대한민국 같이 만들어요 대한민국 애국시민 화이팅!!! ||| 배신자의 민낮이 다 그 전모가 드러날겁니다ᆢ감사합니다ᆢ❤❤❤❤ ||| - C~ 김성원 대표님 수고많으십니다. ||| 믓찌다 우파에 이런분이 계셔 힘이 납니다.감사합니다.❤ ||| ❤ 이번에 뽑힌 국회의원 중 세비가 아까울 정도로 당 당론을 따르지 않는 사람들은 퇴출시켜야 합니다 ||| 박충권 의원님 정말 최고 이십니다 정말 옳은 생각 너무 너무 감사합니다 ||| 와 ~~~ 역대 최고의 논평입니다 당원 63프로가 국민 눈높이 맞아요 ||| 다걸었다는 말에 진정성이 느껴진다 ||| 오늘 말씀 입니다 ||| 대통령으로서 비상계엄 정당한겁니다 탄핵 합니다 ||| 국민의힘,힘내셔요, 박충권의원님 응원합니다, 우리 똘똘 뭉쳐야합니다,목소리 높여주세요~~ ||| 맞아요 맞습니다 당연히 내란 도 이렇게 용기있는 방송 힘이나내요 ||| 완전 추천~~< ||| 국힘이 정신차려야지요 젊은 국힘 의원의 각성 필요합니다 ||| 우리 자유민주주의의 체제를 지키기를 원한다!! ||| 정말 정말 멋진 말씀~ 감사합니다~~! ||| 윤석열대통령 국민들이 모두 힘내세요 영상 감사합니다 ||| 제발제발 정신차리세요. . ||| . ||| 감사합니다 존경하고 사랑합니다 그대는 영웅이십니다 . ||| 당신 그 분이 국힘에 필요합니다.. ||| 이번에 진정한 국민 힘이 되는 의원이라는것을 보여주십시오!!! 국민을 위해 싸우십시오!! ||| ❤❤참보수 신 김성원 박사님 감사드립니다 축복합니다 윤석열대통령의 결의에 찬 계엄과 대국민 담화문 적극 지지하고 응원!!!!한동훈은 배신의 아이콘 이미 건너다 . 사랑 ❤️ ❤️ ||| # 모두없애야 ||| 박충권 의원님김성원대표님진정한 분 존경합니다 ❤️ ||| 와~! ! 시원하네요! 그라운드 씨님! 화이팅!! ||| 박충권의원님 파이팅❤ # 각성하라 ||| 국힘 ! ||| 국민의 힘 정신 단디 챙기라!!! ! 진짜 국민의 눈높이다 ||| 우리국민은 윤석열대통령을 끝까지 지지한다. 국힘은 국민 목소리에 청종하고 탄핵에 반대하라 ||| 진정한 애국자이십니다 대표님같은분들이 계셔서 이나라의 소중함을 더욱더 깨닫고있습니다 벼랑끝에 몰려 있군요 잠 밤잠 설칩니다 감사합니다 ||| 멋집니다! 박충권의원 참 똑똑하시더라구요 힘내세요!국민이 응원합니다.홧팅!!! ||| 정말 너무 답답합니다. ||| 대통령님 끝까지 우리 나라를 지켜주셔야합니다 부정선거 밝혀주세요꼭 ||| 맞습니다 그라운드님 최곱니다 국힘당 보신주의자들 정신차려라 그리고 윤대통령님 몸 안싸우면 대한민국 떠나라 쫄보들 목숨걸고 지키자 자유민주주의 대한민국 위하여 ||| 대통령 탄핵하는 이런 미친짓을 또할건가??? 국힘쁘락치제거해야함!!! ||| 탄핵반대하는 촛불 민심이다❤ ||| 분명하고 명쾌한 말씀에 힘이 납니다. . ||| 그라운드님 도 방송잘듣고 공부하고있습니다 고맙습니다 ||| 대한민국 만세 만세 사랑합니다 힘내십시요 ❤❤ ||| 윤석열대통령은 난세의영웅 애국민이 끝까지 함께 한다고 굳게 맹세합니다.❤❤❤ ||| 맞습니다 국민의힘 이 시민들 에게 힘이되세요 이죄명 구속하라 윤석렬대통령 탄핵무효 ||| 옳은 말씀 동감하며 지지합니다 탄핵 절대 반대합니다 이게 국민 민심 입니다 ||| 국힘 의원들 제대로 하세요 원대통령님을 위해서 라도 하세요 국민들은 죽어도 끝까지 함께 합니다 ||| 그라운드씨님 발언에 힘이 있고 옳은말씀에 응원드려요. 국힘의원들도 이분처럼 강력한 대응 해야합니다. ||| 옳습니다 응원합니다 . ||| 윤대통령님 굳건하십시요한동훈과 일당들 을 퇴출시켜라 국힘은 대통령님 중심으로 똘똘뭉쳐 싸워주세요 제발 이재명과싸워라 ||| 어떤 게 정의인지 똑똑한 대다수의 국민들은 압니다. 오랜 시간이 걸리지만 꼭 드러납니다. 윤석열 님 건강 잘 챙기세요........... ||| 맞습니다 끝까지 계속 응원합니다 ||| 대표님 정말존경하고 믿고 갑니다 ||| 정말 옳으신 말씀입니다 뒤로 물러가면 죽움입니다 이재명 구속이 답입니다 하루빨리 구속하세요 그리고 부정선거 낱낱이 밝혀주세요 간절히 기도하겠습니다 ||| 탄핵 반대도 민심이다 윤대통령계엄은 절대 아니다 ||| # 응원합니다 ||| 속 시원한 말씀입니다 좌빨들한테 꼼작딸삭 못하는 국힘이 한심합니다 ||| 이채널은 애국자 분이시다. . 지지율이. 70%까지 국민 모두가. 힘을모아 윤대통령을 다시. 복귀 시켜야. . ||| 민주당 의원들 정신차려라. 우파 국민들 죽기살기로 싸우고 있고 선동, 여론 , 댓글들과 맞서서 정신없이 싸우고있다. 금뱃지는 그냥 달고있는게 아니다. 국가의 기관으로써 나라를 위한 선택을 해라. ||| 한동훈 사퇴시키고 , 목숨걸고 제발좀 싸워라! ||| 대통령님 ! ||| 맞습니다❤윤대통령님 ! ||| 맞습니다. 50대 인 저도 목숨걸고 싸울 각오가 되있거든요. 국힘의원 한심합니다. ||| 지금 탄핵 찬성하는 인간들... 도망쳐 간곳에 길이 없단걸 알아야한다. ||| 나라. . 우리나라가있읍니다. 대통령님 힘내세요 나라가없으면 우리도 없읍니다 ||| 늘 감사드립니다. 우리 보수도 국정원 대공수사처 부활과 더욱 강화된 국가보안법 지켜야 합니다. ||| 감사합니다 국민을-일깨워 주시는 말씀 국민들 정신차리고 현실을 파악하여 정부 께 힘껏응원드립시다 ||| 응원합니다 감사합니다. 주진우 박충권 박정훈 윤상현 의원님들 은 싸워야 합니다 자유주의 지켜야 합니다. ||| 제발 힘있게 싸워주세요! ||| 국민의힘 의원 정신들 차려라 국민들이 국민의힘 의원들 답답하다고요 정신들 차려라 차리라고 대표님 너무 속 시원하게 해 주셔서 감사드립니다 국민의힘 의원님들 정신차려라 ||| 이런 책임이 싫었으면 정치하지 마 김재썹의원님 ||| 토요일날 광화문집회에 많이많이 나와주세요. 좌우를 떠나, 자유민주주의와 공산주의의 싸움입니다. 저들은 계속해서 거짓말로 선동합니다. 를 위해 그리고 현재의 우리를 위해서 또 다른 우리를 위해 싸워야합니다. ||| 문재인 지지합니다 ||| 최고의 채널입니다 국힘당 정말 무기력해요 말씀 하나하나가 가슴을 울립니다 ||| 제발 똘똘뭉쳐서 대통령님을 자유대한민국을 지켜주십시요 ㅡㅡㅡㅡㅡ ||| 탄핵탄핵탄핵 모조리 탄핵시키며 국정운영을 마비시키고 부정투표를 아예 못하게 하니 부정선거를 밝히려고 계엄을 한것인데 계속해서 부정선거를 하도록 방치하는게 대통령 임무일까요? 민주주의 수호하는 유일한 방법으로 계엄을 한거고 대통령의 통치행위고 내란은 절대 아니죠. ||| 옳습니다. 시원합니다. 나같은 경우 우리 정국이 불안할만큼 민주 탄핵당의 횡포로 느껴졌으니까요 ||| 국힘의 여야 다 한통속입니다. 여야가 없습니다. 똑같은 인간들이고 부정으로 된 것이에요 ||| 국민의 힘 으로 뭉쳐라. 우리 민족을 위해 충성봉사하라. 아직도 계파싸움이냐? 조선시대도 아니고. 좌파 인 거 봐라. 하다못해 광화문에라도 뛰어가라 국민들이 대신 외쳐주니까 그곳에 있기만해도 애국심 저절로 생기겠다 ||| # 옳은말씀 입니다 ||| 제발 당당하게 처리하세요 대통령님 힘을 주세요 ||| 국힘의원들! 살고자 하면 죽고 자 하면 삽니다! 지금은 윤통을 위해 다 걸어야합니다! ||| 탄핵반대도 민심이다!! ! ||| 이체널 님 넘 감사합니다.진정한 애국자입니다.예나지금이나 국민이 나라를 지키는거는 변함이 없네요 ||| 맞는 말이죠~! 박충권의원 화 이 팅! 김재섭의원의 국회 앞 난동은 국힘 지지자들이 아닐거예요 ||| 국힘 뭉쳐야 합니다 제발 정신차리세요 전과4범 이죄명 꼭 구속시켜야 됩니다 ||| 우리 부부도 몇날을 제대로 잠을 못이룹니다. 국민의힘 의원들께서는 대통령을 뽑아 주세요.. 탄핵이 남발되면 나라가 아닙니다 ||| 정확히 한 말씀.. 국힘은 사과하는 현수막부터 제거 하기를... 정당한네 사과는 왜 하나? ||| 옳습니다.. 국힘당국회의원들 그리고 국민들이 함께 합니다. ||| . ||| 윤석열대통령 화이팅 ❤❤❤❤ # 싸웁시다 ||| 그라운드 님 진심으로 존경합니다 윤석열대통령님 지켜주십시오. ||| 국힘 스스로 가 기는것은 도를 넘었다. 그래서 무슨 싸움을 해 보겠다고... 참 한심해요 ||| 아이고 말씀 속시원히 잘 하십니다 .... 국회로 가셔요 요즘 국회 너무 짜증나요~~^ 박충근의원과 나라 살려주세요 ||| 대한민국 20~30대 꼭 아셔야합니다. 윤석열대통령님께서 탄핵 할수밖에 없는 이유를요.윤석열대통령님 진심으로 이 나라 살리는 대통령이십니다. 선관위 부정부터 밝혀 내시고 이죄명 구속하는데 우리 온국민 화합합시다.왜?대통령님이 계엄을 했었야만 했는지 부정선거꼭!밝혀내야 합니다❤윤석열대통령을 꼭 지킵시다 ||| 국힘 의원들은 정신 차리고 윤통 탄핵 꼭 합시다 !! ! 우리 국민이 지지하고 또 응원하고 함께 합니다 ~~❤❤ 윤통 퐈이팅 !!! ||| 이걸 밝히는게답이다 이것을 의제로 올리고 조사하자 ||| 여러분 제발 기죽지말고 좀 당당해지세요. 윤대통령님 잘못한거 없습니다. 다 국익을 위한겁니다. ||| 문재인 윤대통령 지지합니다 좌파 우파문제가아니라 자유민주주의 체제에사느냐 공산주의에 사느냐에 절대절명의 위기의순간입니다 국민들이여 지배당하지 않으려면 공부해야 한다 ||| 민주당의 극한폭주에 맞서야합니다~~너무 심각한상황 윤석열 대통령중심으로 !",1
mXVyhtZAlno,이재명 옆 이재용 너무 어둡다,". ||| 이 말입니다. ||| 이죄명 . ||| 이재명은 가짜니까 빨리 직무정지시켜야... ||| 멸공 ||| . ||| 진짜 귀여워 ||| 노봉법 폐지를 강력 촉구한다!! ||| 맞는 글 씀 입니다 ||| 맞는말씀입니다 이재명 봉인법을 아십니까 ||| 노란봉투법 으로 나라가 스트레스 왕복이다 ||| 역시. 최고. . ||| 민노총 지금 그대들이 하는 행동들이 우리나라를 이끌어가야되는 만큼 많이 힘들어합니다 제발 멈춰주세요ㅠㅠ제발..... ||| 민노총은 해체해야 됩니다 ㆍ 기업이 있고 개인의 권리가 있는거지 망국적인 민노총 한심하네요 ||| 국민들을 위한 정치가 더 필요없다!!! 다 내려와라!!! ||| 기업총수들 투표 언제하나요? 여기저기 다 끌고다니니ㅜ ||| 이거 자고 일어나야함 ||| 6.25는 아직도 끝나지 않았습니다 이 싸움은 북괴뿐아니라 국내에서도 해야 합니다 ||| 기업이 있어야~, 노동자도 있지~,,, 어쪄자는 ? ||| 삼성 이재용 회장님 나라위해 꼭 필요한 분이십니다 응원합니다 건강하시고 힘내세요 최고 최고 ||| 왕따이밍강점기~ 빨리 벗어나야 인생 산다 ||| 잘 생기신 분이 인상도 착하시고 우리 보수셔서 너무 감사합니다~^^ 몰랐던 사실들을 전해주심 서 공부가 많이 됩니다, ||| 김성원 대표님 이 맞습니다 이재명 봉인법을 발위 할때입니다 이재용 회장님 화잇팅 !!! 삼성기업 만세 !!! ||| 옳쏘! ! 기가 찰 노릇이고 기가 찬 일들! 법들만 나오는구나! ||| . ||| 성매매 금지청원합시다~~ ||| 이재명탄핵해야지 ||| 정말 큰일 입니다 어떻게 하나요 ||| 기업가들이 얼마나 힘들까요? 너무 걱정입니다. ||| 진짜 걱정이다 ||| 더 많은 사람들이 이 말씀을 듣기를 바랍니다. 늘 감사합니다 ❤ ||| 김성원 전 애국자 존경하고 응원합니다 ||| 탄핵해야댐 진자 진짜 나라가 이렇게 걱정대보기 처음임 ||| # 재명이있는한시끄럽다 ||| 총수들 표정이 다 그래요, 반기업 정책 밀어부치면서 관세협상엔 협조하라 하니 속이 썩을 수밖에요 ||| 맛습니다 . 자유롭게 회사를 운영하게 하고 사압가들을 도와야한다 정치인들은 미국 과도 타협을 잘해서 회사를 도와야한다 ||| 아 이놈참나,이재용을 써먹고 있어 탄핵 탄핵 ||| 삼성기업 살리기 캠페인 ? 그게 이재명 탄핵이다 ||| 국민들이 노조에 대항하여 시위해서 노조 는 인간들 쫒아냈으면 좋겠습니다 ||| 네 . ||| 감성원선생님 잘 알려주셔서 감사합니다 건강하세요 ||| # 당장철회시켜라. ||| 노란봉투법 . ||| 삼성 sk 등 대기업들은 그냥 다 망해 떼요 누구좋으라고 그냥 지금도 막장인 나라 대기업대표님들 고생많았고 더이상 끌려다니지 말고 그냥 편히 사세요 좌편향 국민들이 뽑은 대통령이랑 잘해보라해요 나라가 대기업없이 잘 돌아가는지 한번 지들끼리 지지고볶으라해요 진짜 싫다 이정부 ||| 내분 분열은 전쟁보다 더 큰 일이다! 간첩이 더 심각하다! ||| # 옳소 지지합니다대표님 ||| 제발 거부하세요. 이건아니지않습니까?? ||| 백번 맞는 말씀 ㆍ빨리 이죄명 이 답이다 ㅠ ||| 나라가 지금 만신창이 다 됬네❗️ ||| 참~~~ 노란봉투법 국민 임명식 이 왜그리 낯설은지 이게 나라냐? ||| 이런법을 만든 민주당이 정상인가? ||| 반대합니다 . 이재명구속하라 ||| 그러네요 그렇군요. . 마음이너무너무 아픕니다. 지금이시대가 ||| 와 ~~~ 이재명 봉인법 적극 찬성합니다 이자들은 나라를 아작을 내고있습니다 민노총 홍위병을 등에 업고 나라 절단내고 있습니다 모두 정신차리고 들고일어나야 합니다 우리 자식들 의 가슴이 찢어 집니다 ||| 참담하다 나라보다 먼저 세우는 희한한나라! ||| 노란봉투법 아웃. . 아웃 ||| 이재명 봉인법!! 딱 맞는 법 ||| 언론은 아직 조용하니. . 비판해대야지! 경향,한겨레 너네 미래를 죽이는 이런 쓰레기법에 너네는 무사할 것 같으니? ||| 기업 망하는거뿐인가요? 나라가 다 망하게 생겼습니다... 미래가 없네요... ||| 논리 정연하게 팩트만 지적하시는 그라운드C 님의 시대 평론은 공정하십니다 ||| 이재명봉인법 OK 노란봉투법 OK ||| 정확한 말씀 감사 합니다 ||| 완전 북한판 ! ||| 죄명 코레일 사고 죄명 책임이다. 당장 내려와라. 죄명 니가 만든법에 니가 걸렸다. ||| 대한민국이 어쩌다 ? ||| 이죄명을 빨리 밝혀야 합니다 ||| 대통령되기전에는 . ||| 노란봉투법, 절대 반대 ||| 이재명!! 이자를 어떻게해야 하는지요? 이미 1천 명 이상이 광화문 시청, 서울역 광장에 모여 아직도, 이런 짓거리를 하고 있으니, 국민들이 모르는? 안보는? 곳에서~!?~~얼마나 모욕을 주고, 강압적이었을지~~ 상상초월일 듯... 합리적생각!! 상식적생각!! ||| 나라를 도탄에 빠뜨리 악마들 ||| 삼성 두전부~미국~으로옮기지못하나요~?? ||| 정말 이나라가 어디로 가는건지... 걱정입니다 아직도 방송사는 국민들 눈과귀를 가리고있습니다 이대로 는 국민이 힘이없는건가요?? ||| 빨간봉투법 이리도 만들어서 , 불법노조 파업 즉시 해고 하라 ||| 탄핵이 아닙니다 ||| 탄핵 ||| 아무것도 하지마세요 술 취하세요 곧 무너집니다 ||| 노란봉투법 ㅡ ~ ~~ ||| 사기꾼 # 악몽 ||| 이재명이 제정신이 아님 ||| 우파정권의 이룬 업적인 대기업 육성하고 발전시킨 걸 없애고 지워버리려는 게 아니면 저럴 수가 없다. ||| 나도 노동자의 한사람인데...노랑봉투법은 악법입니다. 우리 노동자의 일자리를 , 우리 자녀들의 일자리를 빼앗고 결국 우리 가정을 위한 악법입니다. 귀족 노조 민노총 배만 불려주는 악법입니다 ||| 70퍼세트이상반대하는데 왜법을엿장사맘대로여, , ||| 민주당 이재명 탄핵하라 사퇴하라 ! ❤❤❤❤❤ ||| 그런악법은. 국민이 저항해야 한다 탄핵이 답이다 무능한 정부 누구를 위한 법이냐 민노 ||| 미국 어디 가지 마라 ||| 제발 반대 좀 해주세요 ||| 요즘 정말 매일매일 홧병으로 잠을 못자겠네요 이 인민공화국에 살기 넘 힘드네요 ㅠㅠ 저만 그런가요 ||| 어휴. 나라 가 없어 보입니다. ||| 삼성이고 현대고 lg고 전부 회사떠서 외국으로나가라 그게살길이다 그리고 과거 마녀재판당할때 입꾹닫하고있던 기업총수들 꼴보기도싫다 ||| 이재용회장님 힘내세요 열심히 하세요 응원함니다 사랑함니다 ❤❤❤❤❤❤❤❤❤❤❤ ||| 찢었네 진짜 ㄷㄷ ||| 나 솔직히 이재명, 민주당보다 우리 기업이 더 많이 소중함. 이재명 지가 뭔데 우리 를 괴롭히나 기업이 망하면 나라가 망한다. 국민 가난해진다. ||| . ||| 그랴운드c. . ||| 아무것도 사지 말고 망하라는 말이군 TT 전국민 피해 보고 나라가 망해가도 저들은 나몰라라? ||| 이회장! 그만했으면 조국을 위해 할만큼 했소. 삼성죽이기에 온 힘을 기울인 것들 은 미국으로 본사 옮기는게 나라를 살리는 길임!!! ||| 우리나라의 우수한 기업들을 아무것도 못하게 만든 뒤 헐값에 중국기업에 팔도록 만들 것 같은 느낌적인 느낌이 든다 그럼 중국기업들이 우리 를 무한대로 들어줄 것이다? 현재 중국 북한을 봐라 노동자가 어떤 고통 받고 있는지 ||| 이재ㅁ 진짜 양심도없다 기업등꼴 ? ||| 아니.. 왜 끌려다녀! 이번 기회에 기업총수, 사장들 다 들고 일어나셔!! ||| 그리고 봉인법 만들어라.",2
DLLQf7-XYYo,"이재명 , 대형 사고쳤다","분노합니다. 이게 무슨 나라를 더러운 범법자들이 정치한다고 ? 국민들이 일어납시다. 더이상 국회에 맡기자 말아야합니다. ||| 미친 미친 ||| 나쁜것들 안 받으면 좋겠어요~!!! ||| . ||| 강하게 더 널리 알려 봅시다 . 감 탄핵 가자 ||| 아니 진짜 언제까지 이런 보복정치 하는 꼴을 보고살아야하나요 하루하루가 피꺼솟입니다ㅠㅠ ||| # 다들고일어나라 ||| 그 1명때문에 다 잃는다가 정답 ||| 대한민국 만세!!! 아니 대한인민공화국인가? 돈 권력 언론있으면 다 되는 나라 ||| 이거 진짜 어떻게든 해야 합니다!! ||| 우리국민들 똘똘 뭉쳐 투쟁해야합니다 ||| 문재인 대통령 범죄자 총리와 내각 이제 범죄자 특별사면까지 ㅠㅠ ||| 그라운드 대표님 오늘 말씀 해 주셔서 감사합니다 ||| 요즘 점점 더러운 세상이 되어가네요 맞아요 기가 찹니다❤❤❤ ||| 국민이여 지지 말자 ||| 반드시 자유대한민국 ! ||| 클났습니다 죄가수치를모르니ᆢ # 거짓과부정과죄를부끄럽게 여기지않는다면 우리나라 무서운나라되네요 ||| 이미 소멸된 대한민국과 가짜대통령 ||| 최고입니다 . ||| 오천만의 분노 표출하여 집회에 나가야합니다. 나라를 위해 ||| 이건 내란입니다. 정치를 이따위로 하면서 전정권을 내란몰이 하는게 사람이 할 짓 입니까? ||| . ||| 맞는 말씀 . ||| 가족사기단을 특별사면을 해주다니 나라가 개판이다 이것이 역사가 입증해주는것이다 우리는 국민이 아닌 인민으로 살고있다 ||| 범제자 하나 제거 하고 무능하니 이런꼴 보고 있죠 ||| 이건 아니다..국민이 빨리 일어서야ㅈ한다. ||| 상세한 리뷰 감사합니다, ||| 진짜 나라가 미챠돌아가는데 왜 아직도 굴러가는건지 ... 참담합니다 ㅠㅠ 분노가 다 나가서 싸웁시다!!!!! ||| 자기들의 돈 모으는 거죠 ||| 왜 나라가 이꼴이됐는지 ||| 이 나라가 개판이 됬다. 확정적 범죄를 만든다고 이게 말이되냐! ||| 분노를 넘어 자괴감이 들정도로 이나라의 미래 완전 무너져버린 이 나라가 너무너무 괴롭네요 ㅠ.ㅠ. ||| 에구구 ||| 특별사면 대통령고유권한이다? 그래서 맘대로한다? 오케이 비상계엄령도 아닌데 권한은 재명이만쓸수잇는거냐 ||| 참으로 너무 화가난다... ||| 전과자 법죄자는 정치못하게 해야한다 뻔뻔한 거 쪽팔린다 ||| 어떤 더러운 을 지어도 권력에 줄서기하면 된다ㅠ 지금세상을 20년 넘게 만들었듯이 울 아이들이 살아갈 바른세상을 위해 지금부터 우리는 함께 만들어간다! ! 뿌린대로 거둔다! ||| 아 .이나라!!!!!!~~~정의!~는.죽었다!!!!!!!!!!!~~~~ ||| 범죄공화국을 ! ||| 미친인간이 아니고서야 이게 어찌 정의가 삽니까 파국이네요 ||| . ||| 이게 나라입니까 ? 이재명이 대통령되니 나라 미쳐 돌아갑니다 . ||| 조국 사면에 이어 죄가 또 무죄라니 말이 되는가? 이죄명 드디어 미쳤구나 ||| 무법천지. 뒷뼉은. 만고의 . ||| 나도 전과 한 5~6개 월 국회의원이나 해야겠다 ||| 나라가 너무 썩은민주당 모든것 아웃 ||| 범죄자가 범죄했음! 내려와! 탄핵해야 ! 재판받아! ||| 전국 교도소 를 그냥 다 열어라! ||| 국개 불체포특권 국 댓통 특별사면권 손봐야된다. 어떤죄를 저질러도 권력만 에 아부하면 면죄가 되게 만드는게 정상인가. ||| 정경심 때문에 동양대 총장 사퇴하셨지요 ||| 국민은 화났습니다 정의와 정의 무너졌습니다 책임지세요 이재명과민주당 ||| 당선 된 이재명 ||| 정치인들은 범죄를 저질러도 이제 겁도. 안먹고. . 저질러겠네. 에휴 ||| 미친거죠 ? 상식도 없이 무조건적인 자기네만 위한 정치 반드시 끌어내려야 합니다 ||| 나라가 미처 돌아가고 폭망하고 이런 나라에 살고 있는기분 ||| 8.15 서울역, 8.16 광화문 집회 다 . ||| 단단히 미쳤구만, 내 감방에 있는 모든 범죄자를 다 사면 해주지 그래. ||| 정말 기가찹니다 이나라를 어떻게 해야대는지 . ||| 불법 범죄자가 무조건 사면시키는 불법정부 이나라 젊은사람미래는어떻게될까 ||| 조국은.아니지 국민여러분 다같이 모여 요 ||| 이재명 도 법 법대로하자 ||| 국민을 어디까지 본다고 생각하네요 ||| 광화문 광장에 국민들이 다 모일 작정이라구요??알았어요 힘을 다하겠습니다 ~ ||| 이번 사건으로 진짜 열이 안받을수가 없다 이제 . ||| 국민이 분노 합니다. 국민을 가진 나라에서 권력 욕심내고 국민의 피를 빠는 독재는 국민이 단죄한다. ||| 악한 자들끼리 서로 자기 꾀에 걸려 넘어지기를....! 김성원 대표님 진심으로 응원합니다!! ||| 그 어떤? 죄도...이재명의 죄 보다는 덜 하겠지요??? 5000만의 촛불 정권심판을!!! ||| 자기편 다 풀어주고 그빈자리 ? 으로 채우는중 ||| . ||| 무법천지 ||| 몇달동안 조구기놈 안봐서 그나마 스트레스 덜받았는데 이제 스트레스 더 받을거 생각하니...ㅠ ||| 나라망신이다 미쳐가네 심는대로 해라 ||| . ||| . ||| 미쳣어뻔뻔한것들이걸어쩜좋아요할말이없구요가슴이답답한세상입니다그좋든대한민국이망쪼가들엇어요 ||| 그게 바로 데드크로스. 불법사면으로는 그냥 넘어가지 못할 겁니다. ||| 둘 다 장악해서 버려도 상관 없음. ||| 대한민국 국민들 은 뭐하는겁니까! ||| 온국민의 기대 저버리고 드디어 이제명 이 일을 저지르고 ㅡ조국 잡범을 사면 시켰다 ||| # 국민들다일어나야한다 정귄교체다시일어나야한다 ||| 진짜 공산화가 아닙니다 이제 뒤는없습니다 국민들 전부 일어나야합니다 ||| 재구속.미국법으로 하청줍시다.무기징역 . ||| 무법천지 ||| 온 나라가 미쳐돌아간다! ||| 기가막히고 진짜 나라 말아먹으려 작정하고 ᆢ ||| 박근혜 범 사면하는데 문제있는감 ? 나라가 망해가는거지 제발 국민의힘 힘이 아니라 제발 정신좀 차려라 국민을 위해서 피토한 심정으로 싸워봐라 제발 ||| 부정선거로 된 인간이 사면 한거는 ? ||| 공정한 사회 만든다더니 다 알더라 ||| 다 버린게 아니고 3천만만 버린겁니다. 2천만은 개딸입니다. ||| 무너진 대한민국. 국민들 일어 서야 합니다. ||| 자유대한민국 국민들 무슨일있어도 범죄자들 버려야된다 . ||| 대통령 권한이니 마음대로 해도된다 비상계엄=헌법에 대통령 권한이라 써져있지만 하면 범죄다 ???? ||| 이재명 만세 ||| 나라가 미처 . ||| 교도소에있는자들 다 사면 조국도 사면하라 ||| 들어간지 얼마되었다고 튀어나오냐구 ~ ~~다들 왜 가만있는지 화가 치밀어오네 ||| 구심점을 빨리좀 잡아주셔요 당연히 따를것입니다 모입시다 투쟁합시다 ||| 전과자가 다 풀어주는 아이러니한 상황;; ||| 이제 얼마남지 안았다 ||| 입시비리 범죄자 조국 특별사면? 식구 특별사면 해주기? 무슨 일 있어도 정치적 힘이 있으면 특별사면? 여기가 중국인가요? 무죄가 되면 특별 정치가능?",1
dz9L9Qz-NJA,묻지마 끊이지 않는 범죄,"풀영상: ) ||| 김성원 선생 님 수고가많네요 머리가 깨여있는 김성원 선생 쓴소리 오른소리 말씀을 잘하시는 데 친찮합니다 국민의힘으로 국회의원으로 당선 우리나라 일꾼입니다 김성 원파이팅 최고❤❤❤❤❤❤ ||| 백만번 지당하신 말씀입니다. 이 분 통찰력 . ||| 맞아요 모든 국민들이 피해보고있어요 ||| 최고십니다.국회에 모셔야할 진정한 대통령 ||| 맞아요 아직도 이런걸 모르는 국민들이 너무 안타까울뿐입니다 ||| 맞습니다.백번이고 천번이고 지당한 겁니다 ||| 정말 옳은 말씀 ^^ ||| 진실을 밝힌 장의로운 애국자 김성원대표님 너무 감사드려요 존경해요 ||| 님 이십니다 ||| 이런분이 국힘에 존재 합니다 지지합니다 ||| 맞습니다. 문재인정부가 광화문애국하시는 분들 막을때 경찰들 정말 치사하더군오. 민노총은 정말 무능한 경찰아니었던가? ||| 우리 그라운드씨님.화이팅! ||| 다 . 윤대통령을 전적으로 응원하며 지지합니다 ||| 이분 정말 시원시원하시고 힘 듭니다. 화이팅! ||| 아조씨 ..어째 그렇게 말 잘하세요 따발총 스타일 근데 엄청 짱이네여❤ ||| 정확한 정보를 전달하는 미디어로 많이 활동해주세요~!!! ||| 아 너무 시원해성대모사도 시원해 ||| # 성대모사 재능이 ❤❤❤❤ ||| 대표님 의 성대묘사 미쳤다 왜이렇게 웃겨요? 너무 공부많이 됩니다!!! ||| 맞아요! ! 경찰보면 범죄자에게도 굽신굽신~ 뭐하자는건지?.. ||| 공감 . ||| 구구절절 옳은 데 성대모사까지 떠오르는 예능캐시네요 ||| 이런 이유로 귀를 닫은 범죄당지지자들- 무고한 사람의 생존권 ||| 크 ~ 다 맞는말이다 ||| ""무고한 시민 개인의 생명권이 더 중요하고 범죄자들의 범죄 더 소증하다 ""는 말씀 너무 좋은 멘트 이십니다. 감사합니다!~~~ ||| 딱 진실 입니다. 이제는 국민이 그냥 두면 는 안됩니다. ||| 팩트를 너무 정확하게 말씀해주셔서 속 시원합니다. 이런분이 국회에 계셔야 합니다 ||| 범죄자에게 인권은 필요없습니다. 사람죽인놈은 억울 죽은사람만 억울..!@#₩ 미국경찰 보세요!! ||| 국가 인권보다 선량한 시민의 인권이 더 보호받아야 합니다 ! ||| 자유대한민국의 올바른 아들 그라운드씨❤❤❤ ||| 지금이야말로 군부독재가 물러날 때입니다 민노총보다는 군부독재가 부드럽지요 ||| 심지어 성대모사까지 ㅋㅋㅋ항상 응원합니다! ||| 와 사이다 사이다 ||| 한국 공권력을 강화시켜야 합니다 ||| 옳습니다.화이팅! 우리가 70%는 다 사회주의화가 되었습니다. ||| 계속 가르쳐 주고 계속 교육해주셔야 눈이 떠집니다!!!! No 국회 ||| 적극 추천 ||| 당연히 국회에 있어야 합니다 ||| 맞는말입니다..ㅎㅎ 근데 진짜 너무 잘하십니다 ||| 둘 다 추락하고 통치자 1인만 남는 구조 ||| 김성원대표님. . 당. 나셔서 대표님되어주세요. 좌파타도합시다. 꼭 ||| 정확한 시간 ||| 요즘 알게되었는데 너무 깔끔하고 시원시원하시네요. 많은 사람 이런 애국자가 국회로 가야지 ||| 윤석열 대통령님 고마워요 ❤ ||| # ❤❤❤ ||| 대한민국의 영향력이되주세요~ 그라운드씨 ~ ||| 와우!~ 천재적인 언변과 지식 거기다 웃기시기까지 정말 못하는것이 무엇인지요?….. . ||| 불의가 진짜같이 무서운 세상 ||| 개민주 자체가 민폐 청산 시켜야 할 때 ||| 귀에 쏙쏙 ~ ||| 맞습니다 ||| 당해보면 얼마나 억울한지 이해 됩니다. 가해자 인권은 거의 성역수준이고, 여성 인권은 없더군요. Cctv라는 명백하고 객관적인 증거가 있는 상황에서도 당했습니다. 경찰이 가해자 변호사 역할이나 하고 도 안통합니다. ||| 맞습니다 . ||| 가짜인권, 가짜평화. 통찰력있는 글 감사합니다. ||| 아 왤케 잘하시지...ㅎㅎㅎ ||| 팩트 ㅋㅋㅋ 진짜 레전드임 ||| 진지한이야기 집중하면서 듣고있다가 갑자기 성대모사 할때마다 너무 기분 똑같으시네요ㅋㅋ ||| 그러네요 ||| 김성원대표님이야밀로 우리우파의 미래 ||| 너무도 틀린 말입니다 ||| 진짜 말씀 너무 감사합니다. ||| 범죄자 인권하는게 결국 범죄인권보호에 애궂은 선량시민들이 고스란히 피해받는다 ||| 그래놓고 문은 경호원이 60명. 김문스 차기 대통령으로 자유대한민국을 회복. 여조에 하나 넣어 줘야 되는데요. ||| 정말 핵심을 궤뚫고있네요~ ||| 아 시원합니다 콕꼭 찌르는군요 화이팅 ||| 왜ㅡ여태ㅡ 이 채널을 위한 멋진 우파 유튜브가 여기 있었네ㅡ ||| 진짜 최고입니다 ||| 다 없애야합니다 ||| 옳으신 말씀입니다. 적폐는 적폐 ||| 쇼츠가 아주 지혜로운 한 수인 . ||| 와 # 국회로보냅시다 ||| 이 나라를 체계적으로 무너뜨릴려 작정하고 달라 붙은거죠 ||| 이런 놈 접어야 올바른 나라가 될것임 ||| 인권쟁이들 밥벌이시켜주는 통에 선량한 사람들이 피해봄 범죄자들 인권 신경쓰는 거 피해자들 도 좀 신경써봐라 ||| . ||| 범죄인만 위한 인권 관련 매뉴얼을 없애야합니다 ||| . ||| 와 진짜 짱이다 왜 이제서야 나타나신건지ㅋㅋ 그와중에 성대모사 퀄리티 보소ㅋㅋ ||| 인권중요하지만 책임과 질서를 위한 인권은 제한받아마땅하다~~~❤❤ ||| 인권이라는 단어를 . ||| 성대모사 진짜 웃기네요 팩트와 함께하니 귀에 쏙쏙들어오네 ㅎㅎ ||| 언제 어디서든 피해자의 인권이 중요합니다. 그런데 지금은 가해자의 인권을 중요시 하는 것 같습니다. 우리 아이들 은 가해자가 죄의식을 가진 세상이 됐습니다. ||| 너무 맞는말씀이세요 ! 그동안 뭔가 가 꽉막힌느낌이 이것때문이었네요. 경찰이 이런 일이 없길 바래요. 경찰무시하는 국민은 강하게 처벌해야해요. ||| 김문수님 옆에 있는사람을 지켜 뚝심 국민을 지킬것입니다 누구처럼 난 모른다 이재명 문제 생기면 말 안햇다 모른다 국민들 절대 지키지 않을것이다 ||| 김대중 당선 후에 경찰서와 시 구청 동사무소에 전라인민들이 와서 한 것 기억납니다. ||| 위기라고 보이지만 드디어 바로잡을 길이 온 겁니다 깨어나야합니다! ||| 그놈들 때문에 나라가... 그런데 # 성대모사 ||| 깨알성대모사ㅋㅋㅋ 아니이분 성대모사까지 ? 그것도 한사람성대모사가 이니고 똑같잖아ㅋ~ 팬입니다❤ ||| . ||| 범죄자 인권 보호를 위한 경찰 을 잡지 말라고 ||| 걍 우리나라 최고 명문대 삼청교육대 부활이 답이다 ||| # 범죄자들의 천국, 대한민국 ||| 인권은 우리가 합의한 질서를 잘 알고 수호하는 사람들한테나 해당하는 이야기이고. 이런 룰을 깨는 룰 브레이커들에게는 인권 들먹거리지 . ||| 응원합니다 . ||| 맞아요 경찰권 추락 군사 권 추락 ||| 모두 재밌으세요❤ ||| 감사감사합니다 . ||| 행님 못 박고 갑니다. ||| 모르는 것 많이 알게 되었습니다. 감사합니다..",1
FaB7QDm3wz8,이재명 LIVE 국토공간 대전환 대한민국을 넓게 쓰겠습니다 지방시대위원회 보고회,언제나 응원합니다 대통령님 건강하세요 파이팅 입니다 대통령님 화이팅 응원합니다 건의사항 있습니다 전국민 자동차 방향지시등 켜기 운동좀 관계부처에 지시좀 해주세요 안켜는 차들 너무 많습니다 대한민국 전세계에 사랑받은 최고의 훌륭한 대통령 이재명대통령님 마니마니 사랑해요 추운날씨에 감기조심하세요 대한민국 5극 3특 체제 대통령 님 아프지마세요 늘 염려하는 당원입니다 건강하십시요 대통령님 국민들이 응원 지지합니다 감사드립니다 대통령님 덕분에 대한민국이 발전하는게 느껴집니다 역대 최고 훌륭한 이재명 대통령 A급 옆에 A급들이 포진된 일잘하는 정부 좋아요 잼프정부에서 지방이 얼마나 성장할까요 진짜 기대됩니다 그리고 청와대에서 크리스마스 보내신다고 하는데 크리스마스 영상도 만들어주실거쥬 아 시계는 대체 어디서 살 수 있을까요 결국 지속가능한 새로운 산업 생태계를 어떻게 만드느냐에 있다고 생각합니다 지속가능하기 위해서는 자연 기반의 해법 생태적 접근법 으로 접근하는 방식의 교육이 필요하다고 생각합니다 이를 바탕으로 한국형 자원 발굴과 융합을 촉진해야 한다고 생각합니다 청년에게 현재의 먹거리를 넘어 청년이 어떻게 미래를 주도할 수 있느냐에 대한 인식을 먼저 심어 주어야 한다고 생각합니다 이는 COP 체제에서 그 답을 찾을 수 있을 것입니다 한국의 자연 환경이 지닌 토양 식물 미생물 문화 등을 융합하고 결합하여 생태적 한국형 10차 산업 생태계를 만들어 가야 한다고 생각합니다 1 2 3 4 10 우리 대통령 님 감사합니다 항상 건강 조심 하세요 아 참 쿠팡 사태 심각한 모양인데 카드를 비 대면 발급을 대면 발급으로 고쳤으면 피해가 덜 하지 싶네요 건강 하세요 이재명 대통령님때문에 무능 무책임한 사람들을 봐주고 있는데 국민을위함이 아닌 자신들을 위한 사기 정치질은 더이상 발붙힐수없게해야한다 문재인의 똥이 묻은 것들은 잘지켜보고 감시해야합니다 든든합니다 이렇게 공개된 투명한정부를 제손으로 뽑았네요 이런식의 토론을 볼 수 있어서 너무 좋습니다 발전하는 대한민국 기대됩니다 수도권 집중을 반드시 막아야 합니다 지방을 대폭 개발과 투자를 통해 젊은이들이 생업에 종사할수 있게 발전시켜야 하고 수도권 부동산 정책도 계속 발굴해서 아파트 가격을 반토막은 만들어야 합니다 우리대통령 참 잘뽑았습니다 국민께 늘 알려주셔서 감사합니다 이재명 정부는 투명해서 좋아요 이재명님 좋아합니다 대통령님과 함께라면 대한민국은 초강대국 초경제대국이 꿈이 아니라 곧 다가올 현실이라고 믿습니다 대한민국을 넓게 쓰겠다 는 말이 설레이는군요 K 민주주의를 이끌어가는 이재명의 리더쉽이 대한민국을 넘어 세계로 널리널리 퍼져 나가길 나라를위해서 수고많으십니다 건승하세요 대한민국을 넓게 쓰겠습니다 말씀 감사합니다 대통령님 응원합니다 대한민국의 최고의 리더 이잼대통령님께서 계시니 매일같이 흐뭇하고 행복합니다 하지만 그냥 손놓고 행복하게만 있을 수 없기에 정신 똑바로 차리고 울 이잼대통령님을 지키기위해 열심히 댓글 밭갈이하고 있습니다 독립투사 같은 마음으로요 울 이잼대통령님 꼭 건강하시고 넘 무리하지만 마셔요 누구든 건드리기만 해봐라 국민들이 눈뜨고 가만히 있지 않을테니 갓재명대통령 이재명 대통령 연임 해야 나라가 안정 될것 같습니다 항상 응원합니다 대한민국의 재설계 위대한 지도자 대통령 되기전에 그런 생각이 들었다 이재명후보가 대통령이 되면 대한민국이 제2의 경제 도약이 될것 같은 생각 그런데 지금 그렇게 되고 있는것 같아 얼마나 뿌듯한지 내란청산만 완전히 되면 금상첨화일것 같다 대구는 시민들이 깨어나야 발전한다 나라를팔아도 새누리당 찍는다는 곳 지방 중 유일하게 반도체 FAB 이 있는 청주의 테크노폴리스에 있는 SK하이닉스의 기보유 중인 공장용지에 신규 FAB 이 가능한한 빨리 착공하고 세종국가산단에 반도체 FAB P T 소부장 기업들이 들어와서 반도체 클러스터가 만들어지도록 정부의 파격적이고 전폭적인 지원이 이루어져야 합니다 아울러 12월에 반도체특별법도 반드시 통과시켜야 합니디 이재명 대통령님 국민들이 절대적으로 응원합니다 지지합니다 늘 건강하시기를 기원합니다 이재명 대통령 에게 바랍니다 우리나라에 홈쇼핑방송이 너무 만아서 혼란스러워요 홈쇼핑을 줄엿으면 합니다 그리고 연애인을 앞세워 가격도 올리고 너무 심각합니다 이간질세력이 있는지 항상 살펴보세요 존경합니다 대통령님 대법원 경찰청 감사원 각종 위원회등 권력 기관을 지방으로 이전해야 효과가 있을것 같습니다 대한민국 최고 훌륭하신 대통령님 감사합니다 이재명 대통령님 대통령님과 나라를 위해서 늘 기도합니다 잼통님만 믿고 지지하고 온국민이 하나로 똘똘뭉쳐야 사는길 이고 우리나라의 미래도 앞으로 쭉쭉 갈수 있어요 세계강대국 2위 종전선언을 원합니다 잼통령님 제발 연임해주세요 임기 벌써 6개월이나 지났다니 아 안돼 잼대통령님 건강하시고 자랑스럽고 존경합니다 쉴틈없이 열일하신다 국가균형발전 꼭 해내야 하지만 매우 어려운 과제인거 같습니다 저처럼 지방에서 올라와서 수도권에 정착한 사람들의 경우는 일자리만 해결되면 언제든지 다시 지방으로 내려갈수 있는데 서울에서 나고자란 사람들의 경우에는 밑도끝도없이 서울 떠나살면 죽기라도 하는것처럼 심리적인 저항감이 엄청난거 같던데 이부분 해결이 정말 어려울거같습니다 이재명대통령님 청화대 들어가기 전에 꼼꼼히 수색 검사해야 합니다 이 재명 대통령님 건강하세요 전체 국토에 성장 과제에 정말 수고 많으셨습니다 이런 대통령 처음 내가 택한 대통령이라 더 뿌듯하고 행복합니다 오직 나라와 국민만을 위해 일 하시는 대통령 이재명 토론하고 조율하고 통합하여 정책을 이끌어내는 현명한 과정 결과를 만드는 이시대의 참 지도자네요 토론하면 싸우는 줄알고 주입식교육에 익숙한 대한민국 모든 국민들이 서로 배려하고 인정하는 진짜 대화 토론을 많이 할 수있도록 대통령이 솔선수범하네요 이재명님 응원합니다 꼭 우리나라 좋은나라로 만들어주세요 힘이 되드리고 싶어요 좋아요 수고 하십니다 항상 응원 합니다 충청도 로 통합 제안 갓재명님 고생 많으십니다 이런 토론 너무 좋음 윤석열 당선 무효 처리하라 지금 개인 화물운송차들 다죽어나갑니다 제발 살펴 주세요 70프로가 산악지형입니다 지속가능한 산림경영이 꼭 필요합니다 충청 북도 가 위치도 북쪽에 있는것도 아닌데 100년된 행정 조직을 8도를 5로 통합 하면 좋겠음 와 강훈식의 피곤한 얼굴 하지만 너무나 잘해주고 있어서 응원합니다 신용한 님 골자가 시원해서 맥이 잡힌다 청년들이 꿈을 펼칠 수 있게 지방을 안든자 이재명 대통령님 정부에 성공을 기도합니다 응원합니다 대한민국을 위해서 애쓰시는모습 자랑스럽습니다 힘내세요 감사합니다 복받으 셔요 단락별 요약 00 01 02 32 균형 발전과 자치의 강화 균형 발전과 자치의 강화는 대한민국이 지속적 성장을 위해서 피할 수 없는 국가적 생존 전략이 됐다고 생각함 오극삼특을 중심으로 다극 체제를 만들어감으로써 성장의 동력을 새롭게 확보해야 될 시점인 것 같음 지방시대위원회가 그간에 준비한 균형 성장 전략 지역 균형 발전 그리고 자치 분권의 강화 정책들을 전체적으로 들어보고 토의를 통해서 현실화될 수 있도록 어떻게 해 나가야 될지를 논의하는 자리임 03 40 08 24 AI 시대의 균형 발전 전략 3세대 AI 기후위기 시대의 균형 발전 전략이 필요한 시기임 AI 시대에는 데이터센터를 포함한 에너지와 전력이 중요해지는 시기이기 때문에 분산형 전원을 포함한 지방이 성장 전략의 핵심이 되는 국가의 전략자산이 되는 시대가 되고 있음 비수도권 시도 단위의 균형 발전 균형 발전 전략으로는 수도권 집중을 극복하기가 어려워짐 오극 삼특 권역별 메가시티 전략이 나온 이유이기도 함 오극 삼특 국가 균형 성장을 위해서 추진해야 될 핵심 과제들을 보고함 09 22 14 05 행정 수도와 2차 공공기관 이전 정부의 집중적인 투자를 통해서 전국에 카이스트 10개 포스텍 10개 기업의 투자와 결합해서 만들어가는 기업형 첨단 도시를 조성해 나가겠음 지방의 정주 여건 생활 여건을 개선하는 데 가장 중요한 요소 중의 하나가 대중교통망임 지방에 살면 더 많은 혜택을 받는 나라로 만들어야 함 행정 수도와 2차 공공기관 이전을 통한 국토공간 재설계는 균형 성장에 대단히 중요한 기반 과제임 15 10 18 37 행정통합 추진 현황 행정통합까지 가기에는 아무리 빨리 추진한다 하더라도 내년 지방선거 이후 가발이 출발이 가능함 그 사이에 권역별로 추진해야 될 시급한 사업들은 추진할 수 있도록 광역연합을 통해서 지금 당장 추진해야 되는 경제권 생활권 구축 사업이 추진될 수 있는 체계를 만들어 가도록 하겠음 자치분권 관련 핵심 과제들을 보고드리겠음 지방시대위원회가 추진할 10대 핵심 과제와 3개 기반 과제에 대해 보고를 드림 18 47 22 35 균형 성장 자치분권 균형 성장 자치분권에 대해서 설명을 해 달라고 함 균형 성장을 하는 궁극적인 목적은 결국은 지속 가능한 지방의 생태계를 구축하는 데 있다고 생각함 청년들이 지역의 낙후된 구도심 건물 등을 활용해서 창업을 하고 지역의 로컬 브랜드를 활성화시켜서 지역의 정체성을 강화하면서 연간 5만 명 이상이 찾는 레트로 핫플레이스가 됨 22 39 26 48 지역 균형 성장 전략의 효과적인 추진 방안 균형 성장 전략의 효과적인 추진 방안에 대해 이병헌 위원이 몇 가지 말씀드림 지역 균형 발전이라는 것이 지난 역대 정부에서 모두 주요 국정 과제로 해서 추진을 했음 지금까지 중앙 정부의 지원 방식이 중기부는 중기부대로 과기부는 과기부대로 각 부처가 개별적인 지원 사업들을 산발적으로 추진을 했음 이런 것들을 하나로 묶어서 각 지역에 체계적으로 투입을 해서 효과성을 높이자는 방식으로 바꿔야 함 지역 균형 성장과 관련된 정책을 수행하는 부처가 10개 이상의 부처에서 수많은 공무원들이 참여해서 수많은 사업들을 하고 있는데 이 사업들을 어떻게 하면 각 지역 단위로 효과적으로 결집해 낼 거냐 하는 게 핵심적인 문제임 26 57 30 15 국토 공간 재설계 아젠다 국토 공간 재설계 아젠다로서 5국 3특 행정수도 완성 초강력권 교통망 구축일 것임 성과를 신속히 내기 위해서는 기본 지침을 마련할 때 합의되고 준비된 권역별로 시범적 또는 우선적으로 추진할 필요가 있음 5극 3특과 연계하여 국가적 주요 현안인 지방 소멸 문제에 대응하기 위해서는 행정체제 개편의 또 다른 주요 이슈인 행정구역 통합 문제를 함께 고려해야 됨 국토부의 국토 종합교통계획과 연동하여 권역별 1시간 교통망 구축의 경우 수도권 GTX망이 그 예가 될 것임 31 16 35 35 광역 통합의 필요성 광역과 광역의 초강력적인 연합과 통합을 논의하고 있지만 기초자치단체와 광역 그리고 기초자치단체 간에서도 가능함 광역 지역 연계 협력 사업에 관련돼 있는 신뢰를 먼저 회복하고 그 이후에 결과로서 광역 통합이나 지자체 통합을 같이 접근하는 방식을 병행하는 것이 필요함 지역 균형 성장에 성공적인 사례를 남기기 위해서는 주민들을 어떻게 참여시킬 것인가 하는 문제를 핵심 과제로 두고 지역 균형 성장 정책을 펼쳐 나갔으면 좋겠음 36 03 40 26 광주 전남 반도체 공동 연구소 설립 광주 전남 반도체 공동 연구소는 전남대학교에 설립되었고 글로벌 패키징 기업인 엠코코리아 엠코테크놀로지 코리아와 전략적 협업을 수행해서 국내에서는 매우 드물게 첨단 패키징 특화 연구 및 인력 양성 체계를 동시에 갖춘 지산학 협력 모델을 구축함 이 두 기관은 최근 자동차 및 AI 반도체 패키징 기술 또는 AI 기반 지능형 공정 개선 기술 국가 전략 핵심 기술을 공동 연구하기로 했고 관련 분야의 인력 양성도 협의함 2027년 말에 반도체 패키징 융합 전공에서 최초로 석사 학위자가 배출되고 지역 산업체에 취업하게 됨 40 40 45 26 지방의 창업 생태계 지방에 있는 대학들하고 연계해서 연구 개발 인재 양성을 함께 해 나가는 사례들이 계속 늘어나고 있음 지방의 창업 생태계는 대전 카이스트와 충남대 사례가 모범적임 지방의 균형 발전은 정말 중요한 일인데 말로는 그럴듯하고 필요성은 필요성은 엄청 큰데 실제로는 잘 안 되는 경향이 있음 지방 시대 위원회의 역할이 정말 중요함 45 58 51 43 대구경북 통합 연합단체 설립 대구 경북 통합 쪽은 시일이 걸리고 어렵다고 보니까 먼저 사업을 함께 할 수 있는 연합을 특별 지자체를 만들고 싶은데 대구시장 권한대행 입장에서는 자기가 결정할 수 있는 거냐 그래서 행안부랑 협의를 해보겠다고 함 행정통합 문제든 연합 문제든 정치적 이해관계 때문에 발목이 잡히는 경우가 많음 통합으로 가면 늘 보면 디테일에서 막힘 시청을 두 군데 두고 그러면 되지 않을까 함 행정관청 소재지는 반드시 1개의 주소에 둬야 된다는 것도 도구마 같음 51 49 54 43 균형발전 자치분권 강화 균형발전 자치분권 강화는 대한민국이 살아남기 위한 생존 전략임 수도권으로 집중이 이어지면 비효율이 감당이 안 될 것 같음 지방시대위원회도 구체적으로 어떤 경로로 어떤 방법으로 실현될 수 있는지를 최대한 많이 고민해 주기 바람 김경수는 문재인을끊고 현실정부 이재명정부에게 충성을 다히시어 일하시길 우유부단한 성격이 영 못믿어워서 걱정인데 경남도지사를 또나오신다하니 글쌔요 걱정됩니다 명확한성격이 아니라 우유부단한 철지난 친목질에 문재인 찾고 의논하고 연계한다면 큰 오산이 될것입니다 명심하시길부탁드립니다 구독이 180만에묶어있는거같아요 벌써늘었을텐데 이상하군요 지방분권시대 5국3특 지방이 살아야 국가가 균형적 발전과 성장 미래시대라서 중요 진짜중요한 지방지역균형발전위원회 입니다 교육시설 즉 대학부터 옮겨야합니다 그래야 주요 기업들도 움직이고 인구분산도 이어질껍니다 대학부터 옮겨주십시오 국민주권정부 파이팅 포괄적인 대한민국 미래방향도 중요하지만 내란청산과 지방선거를 위해 제대로된 일꾼들 선출되어 지방행정 기반이 튼튼하면 더 확신이 들고 믿음이 가겠지만 작금의 대한민국 정치권과 사법부 입법부 행정부가 제대로 일을 못하니 답답하네요 종모앞 공사진행과정에 민주당정치인들 국힘당정치인들 오세훈 서울시장 희림에서 520억 수의계약건 대하여 관련된것이 언론을 통해 나오고 김건희가 관여된 일인데 중구난방으로 가이드라인 치고 수사하니 한가지 한가지가 더 혹이달려 나오니 윗선부터 수사가 되어야 된다고 생각해요 김충식 오세훈 건진전성배 김건희 윤석열 등과 연결된 수사가 내란특검에서 제대로 안되니 국민들은 여기저기에서 이러쿵 저러쿵 말들이 많네요 이상호기자 어제 질문내용에 국민들이 많은 공감을 하고있어요 아직도 전광훈과 내란세력들이 집회하고 여론몰이하는것 지적질을요 행정부는 뭐하고 있는지 답답하네요 항공우주센터의 처우가 너무 안좋아 젊은 인재들이 계속 떠난답니다 국민 주권 정부 들어서고 나서부터 제일 눈에 띄는 것은 분야 별 회의가 엄청 늘어 났다는 것이다 대한민국은 민주 공화국이니 우리 사회의 구성원인 모든 국민들에게 정책을 알리고 자신들의 의견을 피력할 수 있는 기회를 주는 것은 그 무엇보다 제일 중요하다는 것을 일깨워주는 국민 주권 정부이라 생각한다 힘내세요 건강하세요 Good 최고의 잼통령님 최고로 자랑스러운 대한민국 잼통령님 향상 응원하고 존경합니다 탑 다운 바텀 업을 동시에 해야한다 자기 지역 시야에만 갇히거나 불필요한 중복은 국가 방향에서 조정하며 균형잡기가 필요하다 고 생각 지방발전에 총력을 다해 하지 않으면 큰일나겄다 는 대통령님 말씀은 마치 몸의 모세혈관 순환이 되야 몸이 건감한 것과 같다 아재명대통령님 대단합니다 너무너무일잘하고계셔도 여기참새 저기참새들이 가짜뉴스에 억지로 개망나니짓하고 있는데 여유있게대처하는모습에 속내는 얼마나찢어지고 분통터질까 가슴아프네요 언제나 조용하고 세계가우러러 보는데 게엄에동조자들은 국민 나라걱정않고 이재명대통령님 흠집잡고있네요 민주당대표도 시원치않고 얼마나 심정이상할지 마음아파요 힘내세요 많은국민이 존경하고 응원합니다 이잼대통령님 힘내세요 정의가살아있어요 감사합니다 민주당 사쿠라의원들 정신차리고 살아라 쿠데타를 제대로 단죄못하면 또 당한다 김경수 의원은 조금요점만 간단 하게 보고 해주세요 하겠습니다 하겠습니다 책읽기 수준이라 조금 실망 우리 아빠같이 든든한 대통령님 너무 감사합니다 국민들에게 유연한 사고를 요구하긴 힘듭니다 뭐가 되었든 힘써서 밀고 나가면 결국 따라올 것입니다 이익을 나눔으로서 통합 가능하지 않겠습니까 복지를 인력 서비스 겸 세대별 소득의 방법론으로 인식하고 지방의 지원비용을 서울과 동일하게 책정해주시길 바랍니다 대통령 순방중일때 하락하던 주가가 정치천재 대통령이 돌아와서 일하시니 기다린듯 다시 상승 중 너무 좋네 돈복사 매일매일 내란척결 힘드네요 법관개혁 빠르고 강하게 추진해야 합니다 사법이 문제가 아니고 법관이 문제다 강하고 빠르게 국민 속터집니다 너무 좋은 내용 최고입니다 근데요 국토의 3분의2가 산지이고 인구수도 없는 이 작은땅에 국회의원들은 왜케 많은지 300명 행정업무로 지방자치단체장 또 수백명 쪼개져있고 저 수백명중 일부만 빼고 몇백명은 일 보단 목소리 크고 우김질 잘하면 인정받고 계파싸움이나 해싸코 자기주머니 채울생각으로 정치란 직업을 선택한건지 원 끼리끼리 맘만 먹으면 수백억은 쉽게 먹으니 원 대통령님께서 임기중에 큰변화를 주실꺼라 믿습니다 공무원들 다루시는데 일가견 있으시니 가보즈아 5극3특 화이팅 이재명 대통령 연임 20 년 희망 합니다 이재명대통령님 당신의 국민이라 행복합니다 이재명 대통령 님 응원합니다 자랑스러운 우리 대통령님 이재명 대통령님 정부 화이팅하세요 무한지지합니다 역대 최고 일 잘하시는 이재명 대통령님 언제나 대통령님 응원합니다 건강잘챙기세요 우리의잼통령님 사랑하고 존경합니닷,0
cm3IGKUQtrk,2013년과 사뭇 달라진 전두환 아들 전재국,추징금 회수가 쉽지만은 않겠지만 시간이 걸려도 꼭 해야 한다 이나라에 도둑이 없어질 때 까지,0
g-d-1-1VJZM,누가 취임식을 밤에 하나 이유 있었다,배승희 변호사님 최고다 멋지다 와 이쁘다 똑순이 배승희변호사님 좋아요 최고에요 윤석열대통령님 강건하게 지켜주옵소서 배변호사님 사이다발언들 속이시원합니다 역시 똑순이십니다 배승희변호사님 항상 응원 합니다 수고많으셨어요 깔끔하게 정리해서 전달하시는 능력이 뛰어나십니다 감사합니다 배 변호사님 배승희 변호사 국민들이 바라는대로 이루리라 이재명 탄핵 퇴진 꼭이루어지리라 변호사님 좋은 정보감사합니다 건강하시고 배승희변호사 진단과 논평을 진지하게 들었습니다 응원합니다 배승희변호사님 항상 감사합니다 무지한 국민들에게 계속 홍보해 주세요 배 변호사님 항상 좋은방송 감사합니다 항상 응원합니다 배승희 변호사님 figjting fighting 예수님만 잘 믿으면 최고짱입니다 모스탄대사님 고든창변호사님 대한민국을 위하여 쓰임받을지어다 배승희 화이팅 멋집니다 속이 시원합니다 구구절절 맞는 말씀이세요 배선생님 감사합니다 건강하세요 천벌받을 놈들 국제인권위 도와주세요 제발 부탁드립니다 나라가 미처돌아가네요 대통령님 김건희여사님 힘내세요 늘 힘차게 방송해주셔셔 참으로 감사합니다 배승희 변호사님 감사합니다 함께 응원합니다 화이팅 배승희님 응원드립니다 언론사들 눈치보지말고 정정당한 보도를해라 멸공 배 승희 변호사님 화이팅 배승희 변호사님 말씀이 맞읍니다 배승희 변호사님 자유대한민국의 최고의 애국자다 배승희 응원합니다 배승희 변호사님 안녕하세요 배승희 변호사님 성원합니다 진실만 말씀 하셔서 공감백배합니다 찢은 관타나모로 적극 추천합니다 명쾌한 해설 적극 지지 응원합니다 오늘 광화문에서 엄청난 인파가 국민저항운동을 했는데 왜 언론에 보도를 안하는지 안타갑네요 정의는 승리 합니다 애국자 배 변호사님 옳은 말씀 감사합니다 배승희 변호사님 어쩜옳으신말씀만하시는지 화인팅 입니다 배승희 최고최고 입니다 배승희화이팅 끝내줍니다 배승희 시원하게 잘한다 배승희 변호사님 화이팅 나라가 개판 되가는 군요 25일 소환되는 날이라구라구라 배승희님 감사합니다 개작두로 끝내야 합니다 배승희 변호사님 구구절절 옳은말씀 속히 이루어질줄 믿습니다 화이팅 배승희변호사 정말 똑똑해 속이 시원하네 4범구속하라필승 배승희 변호사님 2 3일 영상 없길래 기달렸어요 어제 잠깐 봤는데 역대 최악 취임식 이었다 해요 관석자리도 조금씩 비어있고 이제 하야 및 탄핵해야할 정권 인것 같습니다 즐거운 주말 보내세요 하나님의 정의가 이 땅에 속히 시행되기 바랍니다 존경하는 배승희뉴스배송님 강녕하소서 극강담대하소서 적극응원기도드려요 배변 국딸 중심방송 올도 최고 응원합니다 언론들 똑바로 하라 눈치 보지말고 정당하게 하거라 퇴임이라니 가당찮은 소리 퇴출식 이다 국민이 쫓아내는 퇴출 항상 시원하게 보고있어요 짱이십니다 배젼밈 건강을 응원합니다 대통령님 그립읍니다 하늘이여 도와주소서 대통령님 평안하시길 배승희 화이팅 항상응원합니다 좋은 뉴스감사합니다 예수님 이나라 꼭 만나주시고 보호해 주시고 자유민주주의 지켜주세요 하나님께 순종하는 사람들이 내정자 대통령되게 꼭 도와주세요 배승희변호사님 너무잘하세요 똑톡해요 배승희 변호사 승희누나는진정한 대한민국의애국자이십니다 존경합니다 애국자 배다르크 배승희 화이팅 전부패간해야한다 국민들이 뉴스와신문절대안본다 배승희 화이팅 배승히 변호사님 애국자이십니다 화이팅이에요 화 날수록 더 더 응원합니다 똑순희 배승희 변호사 늘 시원하게 등 긁어 주어서 감사 합니다 화이팅 배승희 너무나 똑똑합니다 화 이팅 감사합니다 배승이 변호사님 응원 합니다 감사드립니다 애국자십니다 힘내세요 내 조국은 10주간 대통령 공석이다 배승희변호사님 최고입니다 방금 방송 들었습니다 속이 시원합니더에 고맙습니다 Fighting 입니다 배승희님 시원하게 참 잘하십니다 최고예요 배승희 뱐호사님 건강을 잘 챙기세요 그래야 보수를 살리는것입니다 화이팅 힘내세요 대한민국만세 승희씨 구독자500만 달성해서 품위있고 정직한 방송채널 꼭 설립을 기도드립니다 네시작은 미약하나 네나중은 창대하리라 국민이 쫓아내는 퇴출식 이재명구속 조국 재구속 윤미향재구속 배승희님똑순이너무예쁘고똑똑합니다 저들은 모든집회을 밤에합니다 와 일까요 사람이 모이질 않기 때문입니다 서울시민은 비피로 날리 인 대 비패해을 모른척 이것이 현 정부입니다 나라가 망해가고 있습니다 국민 여려분 이재는 정신을 차려야 햘때입니다 꿈이 사라진다 추상적 깨꿈 온국민 힘겨워헐떡 상가들이 문닫고 가슴이 답답 하나이다 YOON AGAIN FOREVER 배승희 화이팅 제가 하고픈말들을 시원스럽게 해주웠네요 변호사님 속이 시원 합니다 화이팅입니다 배승희 변호사님 옳으신 말씀감사 하고 또 감사 드립니다 퇴임식 이라 언제가 될까 개론들 무슨 언론 멍멍짖는 개론 국짐당 호화호식 하려고 하는자들 없애줘라 모든 특권 없애야한다 배승희 진정한 애국자입니다 윤석열 대통령님 김건희여사님 사랑합니다 그립습니다 배변호사님 언제나 감사하고 짱이예요 배승희 변호사님 정말 재치 있는 언 변 입니다 옳으신 말씀입니다 배승희님 탄핵만이답이다 그리고민주당도해산시키자 김혜경의 경기도법카수사는 왜안하나 법앞에는 모든국민이 평등해야지 김정숙 김혜경 특검도 국민임명장받았으니 빨리하라 쟐못하면 직무유기로 즉시파면한다 배승희변호사님애국자이십니다고맙습니다속이다시원합니다 배승희 변호사님께 감사드립니다 정성호 사퇴해라 만날때마다 지지하고반갑습니다 배승희 변호사님 우리 자랑스러운 윤석열님에게 힘을 실어 주시어 하루빨리 석방 될수 있도록 우리 모두 한마음으로 기도 해요 화이팅 키높이 장화 어두워서 넘어지겠더만유 검은옷 흰옷 귀신저승사자 생각나는 임명식 눈동자 모양 스테이지 왠 연예인 무대 정말 기괴함 이죄명 구속하고 윤석열 대통령 석방하라 야 조중동 권력이 영원할줄만알지 천만에말씀 시간이 답이다 뱀눈이재명 2025년 못넘긴다 하늘도 노하셨는듯 세상에 이리 더운날씨에도 첨 폭우도 어마어마 죄악입니다 배승희 변호사님 맞습니다,1
vdfsqSd3InI,미국 현지 상황 보니 헉,제발 국제법으로 구속 구금해라 배승히변호사님 참 좋은 말씀 함니다 화이팅 입니다 국회의원들 꼭 줄여야 된다고봅니다 반드시 변해야됩니다 우리나라도 헌법개정을 통하여 국회의원수를 100명으로 해야 한다 그리고 공무원수를 줄여야 한다 선거제도도 바꿔야 한다 배승희 변호사님 응원합니다 최고입니다 배승희변호사님최고여요 국의원 100명으로 줄여야 한다 배승희변 말씀 맞아요 속이다 시원합니다 오늘도 응원과 함께 하고 화이팅입니다 배변호사님의 유튜브가 아슬아스하게 대한민국을 살리고 있습니다 존경합니다 건강챙기시구요 대만은 공무원 국회의원수 줄이고 선거도 수개표로 하고 분단국가인 한국이 배울점이 너무나 많다 우리나라 국회의원 줄이는것 당연하죠 배변호사님 시종일관 응원합니다 따따부따가 그립네요 화이팅 배승희 변호사님 옳은말씀이네요 적극 응원합니다 앞으로 우리경제가 너무 걱정됩니다 배승희 변호사님 최고의 유튜버 제발 국회의원을 줄여야하고 또 비례대표 없애주면 나라가 좀 바로 설텐데 대만의 선거제도 참 부럽습니다 선관위를 없애야 선거를 바로할 수 있습니다 배승희 변호사님 감사드립니다 배성희 변호사님 조은정보많이 전달해주세요 자유우파의 당당한 여전사 배승희변호사님 홧팅입니다 국회의원 총백명이면 충분합니다 쓸때없이 국회의원 너무많으니 당 싸움지랄들만하고 나라위해 하는것은없고 국민세금만 나간다 배승희변호사화이팅입니다 힘내세요 항상 지지합니다 자유민주주의를 지켜갑시다 비례대표제 폐지하고 의원수도 100명 이하로 줄입시다 외국인 투표권도 폐지합시다 중국인 부동산 소유권도 폐지합시다 뉴스배송 잘받고 있습니다 최고입니다 멸공 in 구케 국회의원 줄이는것 찬성입니다 생각없는 국회 축소 배승희 TV 좋아요 배승희 님 반갑네요 빼놓치안고 경청합니다 현명한말씀 존경합니다 멸공 매일매일 좋은 정보 감사합니다 배승희 변호사님 맞습니다 감사 합니다 비례대표없에라 당당한 배승희변호사 님 응원합니다 다 옳습니다 맞습니다 배승이 변호사님 감사드립니다 응원 합니다 애국자십니다 힘내세요 감사감사합니다 쫓겨나던지 못오던지 정상 적으로 못다니도록 구됨 체포 찬성 국회의원 줄여야 합니다 국회의원 주려야한다 가짜 체포하라 진짜 국회의윈 줄여야됩니다 필수로 대한민국도 국회의원도 절반으로 줄여야됩니다 그리고 범죄자들은 공무원을 할수없도록 법을만들어야됩니다 인구는 줄었는데 국회의원수도 줄여야합니다 배승희 변호사님 날씨가 덥습니다 건강유의 하셔요 꼭 수개표 도입합시다 국회의원너무많아요 인구수는줄어드는데 의원보좌간도너무많고 국민혈세그만빨대꽂아먹어야지 베승히님오래간만이네요좋와요감사해요 귀국 안해도 되니 그냥 미국에서 재판받도록 조치해주세요 으크 예쁜 배승희 변호사님 응원합니다 맞습니다 철저하게 모든게 맞다고 봅니다 국회원 급여 줄이고 숫자도 줄이고 보좌관도 반으로 줄이자 국회의원 100명으로 줄여야합니다 이시대의 진정한 배승희 변호사님 건강 잘챙기시구요 이제명이 학교가는날까지 학수고대하겠습니다 국회원 백명으로 줄이는것 찬성합니다 백명도 많지만 노봉법 상법 당장 폐지하라 기업 다 죽이고 공산화만드냐 국회의원 100명으로 줄이고 보좌관 1명 남기고 전부 없애고 시의원 전부 없애야 되고 공무원도 정확히 파악하여 경찰 소방은 부족하니 늘리고 반 기업 법 모두 폐지해야 된다 정치인들은 나라를 살리는 정치를 하라 배승희 변호사님 늘 응원합니다 국회의원 수 줄여야 합니다 국회의원을 100명이하로줄이는운동을해야합니다 제발 체포 구속시켜라 이재명 재판을 지금 당장 진행하고 법원은 판결내려 감옥에 가두라 제2의 4 19 일으켜야 국회 판검사 정부각료 국민들이 얼마나무서운지 보여주고 청소해야 재미 교포님들 죄명이 비행기 못타게 하셔요 유엔 국제재판에 세워야 합니다 옳소 100명으로 줄입시다 불필요한 국회의원 50명 축소 배변호사님 화이팅 안돌아왔음좋겄어요 옳으신 말씀입니다 공감합니다 귀국 불가 속시원하게 흐믓하게 말씀해주심 감사드립니다 변호사님 오늘도 화이팅 입니다 나라사랑하는 찐애국전사 배승희님을 격하게 응원합니다 윤어게인 그래야죠 곧 끌려 내려 올겁니디 우리나라도 대만처럼 국회의원을 1 3로 줄이고 시 도의원들은 완전히 해산시키고 선관위 헌법재판소 도 완전히 해산시키고 선거 제도를 바꿔서 당일투표 투표 현장에서 당일 직접개표 직접계시 방식으로 해야한다 좋아요 숫자많타고 일잘하는것아니니 모두줄여야 나라가살수있다 저자들에게나가는 혈세가 국민들의 피같은혈세다 트럼프 대통령님 제발 이재명을 미국에 구치소에 꼭꼭잡아두시기 바랍니다 보내지 말아주세요 국회의원반으로팍줄려야한다 공무원도팍줄여야합니다 찬성입니다 국회의원 공무원 50 줄이자 한국도 팍 줄여야합니다 민주당 독재 없새야 합니다 배승희 변호사님 안녕하세요 옳으신 말씀입니다 용기 있게 이재명의 실정과 허상을 낱낱히 밝혀주는 배승희 티비 응원합니다 예븐 사람은 일도 잘합니다 배승희변호사님 홧팅 배변님 응원합니다 감사합니다 25만원 뿌리고나니 주변에서 조용하게 물가인상 경쟁하듯 난리네요 가족과 한두번 식사하고 앞으로 더비싸게 사먹어야하니 주머니는 더가벼워질 건데 빛좋은 개살구 배승희 변호사님 응원합니다 트럼프 화끈하게 동맹국 대한민국 구해주길 바란다 자유 대한민국 만세 항상 잘 보고 있습니다 국회의원 줄이는 것 찬성이요 배변호사님 파이팅 우리나라도 국회의원 공무원 줄여야된다 국민의혈세만 낭비한다 국민만 힘들다 곧바로 체포해라 이재명 탄핵 국회원 100명도 너무많습니다 90명 이면 됩니다 나라에 도움이 않되면 그당은 없쎄버려야 합니다 선관위도 공수저도 없쎄야 하고 판사도 줄려야 합니다 축소식킬것 축소켜야 합니다 아저씨 제발 오지마 국회의원도 1년에 1 2 번 국민의 평가를 받고 평가점수가 기준에 도달하지 믓할 때는 자리에서 내가 와야 합니다 지금 국회는 해체해야 할 수준입니다 우리나라도국회의원수 확 줄여야하고세비도줄여야합니다 국회의원 숫자를 줄여야한다 미국 상 하 의원 선출은 국민 50여만명에 1 인을 선출하는데 비해 한국은 17만명에 1인을 뽑는 일이 온당한가 더구나 비례대표가 꼭 필요한가 무슨소리 체포해야지 제발 관타나모로 세상이 왜 이러냐 징글징글하다 언제 해결되나 배승희변호사님 홧팅 이재명 수준 생각보다 더 낮아요,1
uyyopBJbCJM,세계사적 망신 이죄명,배승희변호사님말씀에 동의합니다 철학이 없는자가 철학을가진 사람들앞에서 비굴함을장착하고 오만하게 떠든장면이었지요 배승희변호사님 옳바른소식감사합니다 장동혁 대표님 축하축하 홧팅 배승희님 을 비롯한 유투버 님 들깨도 감사드립니다 위트있고 지혜로운 배승희변호사님 방송보며 항상 감사합니다 오늘은 너무나 기쁜 날입니다 작지만 희망의 싹을 본 날입니다 이제 시작입니다 보수의 재건을 위하여 감사합니다 축축축하 미래는 희망으로 하나로 대한 한국으로 위대하게 계혁 발전하자 파이팅 함내라 자유인들이여 짝짹 짝 화이팅 축카합니다 장동혁 대표님 축하드려요 잘풀어서 들려주니 감사해요 배 변호사님 생존해 주셔서 고맙습니다 애국 열사 청년분들 국민들 유튜브분들 진심으로 고맙고 감사하고 사랑합니다 장동혁화이딩 축하 합니다 배승희화이딩 배승희변호사님 수고많으심니다 안녕하세요 배변 방가습니다 오늘도 팩트뉴스 기대해봅니다 배승희님 국회로 오셔서 나라를 구해 주세요 똑소리 나는 칼럼 이쁘고 시원한 시사 응원 합니다 배승희 화이팅 제발 윤대통령님을 구해주세요 오 감사 합니다 반가운 소식 장동혁 당대표님 추카 추카 합니다 기대가 됩니다 여호와 닛시 하나님 감사합니다 애국 유튜브의 승리 입니다 최고 감사합니다 좋은정보 지속적으로 한미동맹 한미혈맹 생명혈맹국가 영원하리라 미국 트럼프 대통령 님 존경합니다 노고에 감사드립니다 자유대한민국 진정한 애국자입니다 오천만자유대한민국 대한민국 함께 합니다 힘내세요 우리가 있잖아요 승리합시다 윤석열 대통령 님 비상계엄령 대통령 님 권한이다 비상계엄령 계몽령이다 옳아요 복귀합시다 윤석열 대통령 님 복귀합시다 장동혁님 윤 대통령 님 제발 구해주기간절히 바람니다 파이팅 굿 배승희 변호사님 응원합니다 국힘의당대표포함 지부도가 전투력있게 민주당하고 싸워야 한다 장동혁 축하합니다 배대표님파이팅 항상응원합니다 배승희 변호사님 전적으로 동감입니다 배승희 변호사님 분석 정확합니다 국민의힘 미래가 어둡지 않군요 수고하셨습니다 감사합니다 배승희변호사님 감사합니다 듣고싶은 것 만 듣다보면 바부가 되요 알기쉽게 말씀해주셔서 감사합니다 변호계의강력한여전사배승희님 항상고생많으시고언제나응원합니다 대한민국과 미국은 한몸이고 운명이다 잘되엇어요 장동혁 당대표님 축하드립니다 배신자 잡범들 퇴출시겨주세요 잘됐네요 창피한 대한민국 정치꾼들 반드시 몰아내야 한다 장동혁당대표축화합니다 진차지금부터께끝한국힘으로갑시다 또분탕일어나겠지요 잘이겨갑시다축화합니다 똑소리나는배변호사님 힘이납니다 맞습니다 속시원하다 희망이 보입니다 배승희변호사님 수고 많으셨습니다 늘 응원합니다 배승희 화이팅 배 변호사님 수고하십니다 배변호사님 응원합니다 배승희 최고 화이팅 배승희를 통해서 새로운 희망이 보입니다 배승희를 매우 매우 좋아하게 되어서 어쩔줄을 모르겠네요 배승희 변호사님 오늘은 참 기분이 좋네요 오늘의 주인공은 럼프형 장동혁 윤석열 대통령 석방 죄명이 끌어내리기 장동혁 대표의 선출을 진심으로 축하 합니다 이제 진정한 우파의 당이 되도록 노력 해주기 바랍니다 특히 당내에 있는 반역자들을 하루빨리 쫓아내야 합니다 그리고 대한민국을 말아 먹고 있는 독재 민주당을 반드시 막아야 합니다 그것만이 자유 대한민국을 지키는 길이라는걸 잊지 마싶시요 멸공 배승희님 축하합니다 잔동혁 당대표 환영합니다 늘 수고 하십니다 국민 편하게 잠들게하는 그날 까지 사람은왜정상적인분별을모를까그게참문제입니다 기쁜 소식 장동혁당대표 진심으로 축하드립니다 장동혁 축하드립니다 윤석렬 대통령과 김건희 여사님께 힘이되실것 같아 기쁩니다 장동혁 당댸표님 보수 우파의 강한 국힘이 되길바라며 이죄명 정부와 강하게 싸우셔서 반드시 승리하시길 바럅니다 믿습니다 장동혁 당대표 화이팅 아부의 달인 장동혁대표님 축하합니다 배변호사님화이팅 언제나 믿음을 주는 배승희변호사님 뉴스 응원합니다 2025 08 26 책임당원 가입을 하여 장동혁 대표님 에게 힘을 실어주세요 당비 월1 2 자동이체 해놓으면 책임당원 됩니다 장동혁대표와 나라를 살립시다 배변호사님 파이팅 장동혁대표임 응원합니다 배승휘변호사밈 정확한뉴스최고입니다 서울 자유의 여신 배승희 국민이 지킨다 장동혁정말로수고하셨습니다 그동안 이상한 당대표들 한테 대한 분노가 생각만 해도 끔찍 합니다 대통령을 탄핵시킨 국힘은 바꿔야 합니다 트럼프 이재명 비공개회담에서 윤석열석방을 지시했다는후문 하루빨리정리하고 하나로갑시다 탄핵반대 국민 70프로아니었을까요 언론이 정확히 발표 안해서 모르것 같아요 배변호사님 나이는 저보다 어리지만 고맙고 존경합니다 애국지 입니다 대한민국 여성 파워 1호 장동혁대표님 자유보수우파 정권 되찾아주세요 장동혁당대표당선축하합니다 배승희변호사님 응원합니다 화이팅입니다 다행입니다 화이팅 힘내세요 장동혁의원님 당대표 당선 축하드립니다 잘 감당해 주시기 바랍니다 한동훈 안철수 아웃 안철수 조경태는 퇴출바란다 배승희님 참 말씀 잘 하시네 원더 풀 오산기지 트럼프 미국에 등록 해라 하던데 장동혁 대표 축하 짝 짝 짝 환영 합니다 배변호사님 덕분 입니다 재미까지 더해주는 배승희방송 이재명은 인생이 그리쉽게만 갈줄알구있겠지요 장동혁 대표님 축하 합니다 초심잃치 마시고 앞만보고 쭉 전진합시다 윤대통령님 잘 보살피시고 대한민국 발전만 생각 하시기 바랍니다 승리를위해 애쓰셨읍니다 속이 시원합니다 장동혁대표님 홧팅입니다 한 배신 더는 얼신하지마세요 장 대표 승리 축하합니다 축하합니다 장동혁 당선을 축하합니다 감사합니다 장동혁 너무 멋지다 젊은 대통령 국회의원 다젊 은 사람이 되야한다 장동혁당대표님 당선축하합니다 오랫만의좋은소식 장동혁화이팅 국힘희망이 보이네요 한미동맹 사랑합니다 장동혁대표님 김민수최고의원님만 믿습니다 장동혁 장외투쟁합시다 장동혁 대표님 기대합니다 센척하고 가서 아부만 하고 얻은 건 없고 쪽팔리게 너무 잘했네요 지긋지긋한 연결의고리를 끊어내야 합니다 장동혁대표님 마음에맞는분들과잘이어가면서싸울때는잘싸워주시고 새로운결심으로나라바로세워주시길바랍니다 윤대통령님 석방도시켜주세요 축하드립니다 굴욕과 비굴외교 장동혁후보 잘했습니다 지지합니다 갈때 트럼프 배웅도 안했슴 천조국 뉴스봐라 넘사스럽다 배승희변호사님 수고하십니다 장동혁 당대표 축하합니다 부디 국힘의원들을 바로잡아 승승장구 하시길 바랍니다 얼마나 퍼줬길래 트럼프가 죄명이를 칭찬했을까 조만간 시진핑이 죄명이 부르겠네 열사님 노심초사 고생 보람 축,1
0Vj7k4_L6bc,가랑이 찢,국가패망전략회의 대박 배변방송 잘 보고있습니다 응원합니다 꼭꼭집어 알려주시니 머리속에 쏙쏙 잘 들어옵니다 감사합니다 갑진 변호사님 말씀 감사합니다 세밀하게 말씀해 주셔서 미련한 국민들이 세게 듣겠습니다 항상 수고하십시오 건강 조심하시고 요 조와요 배승희 변호사님 말씀을 듣는중에 웃음이 빵 터졌 답니다 그리고 언론사들 어느나라 에 언론사들 인지 이해가 되지 않는다내요 셰셰 이죄명일당 대북송금 배승희 너무 귀여워 그러게요 힘내세오 정의는 승리 합니다 민주당 국민들 바보 아니다 양다리외교가 왕따외교가 되겠구만 항상 응원합니다 이죄명 전승절에 가고싶어 안절부절 좌불안석인데 트럼프에게 찍힐까봐 전전긍긍 속앓이 진짜 왕짜증난다 헝사재판이나 받고 깜방에나 들어가야지만 조용하려나 이나라가 왜 이래 돈꿔서 인당 10억씩줘라 나라살림을 이딴식으로 범죄자의 수준과 한계 더이상 바랄게 없다 언론은 한국을떠나라 미쳤구나 디지게 혼나도 싸다 싸 가입회원 170만명 빨리 달성합시다 나라는정의사나이는의리가있으야지 정확한 방송은 배변호사 님 입니다 화이팅입니다 국회가 무당집인줄 알았어요 북한에서나 볼수있는 촌스러운한복에다 저승사자까지 등장 시선끄는 방법도 참 가지가지 맞습니다 변호사님 속이 시원하네요 감사합니다 응원해요 좋아요 민주당 다되었어요 배승희 변호사님 반가워요 화이팅입니다 망했다 가 죽었다 로 바뀌길 옛날 어른들 말씀 은 곧 법이다 대한민국 은 법치국가 다 민주당 의원은 공부하고 정치 하라 국민들 바보 아니다 배변호사님 파이팅 지금 관세 25 입니다 미국과 협의 끝나야 15 적용해요 죄명이가 미국가서 한게 없어 돈만 더 퍼주기로 했으니 큰일이다 이죄명 정부가 천벌을 받을것이다 좋아하면 북으로 가서 부녀 찬양하며 북에 가서 살지 여기서 왜 그럴까요 배승희 대표님 화이팅 지지합니다 힘내세요 누구든 관계없이 범죄자 이재명이만 구속수사좀 해라 1분1초도 안보고 안듣고 싶다 징글징글 하다 배승희 변호사님 좋은 정보 감사 드립니다 응원합니다 애국 언론인 배변호사 님 화이팅 입니다 배변호사 님 힘내세요 배승희변호사님늘뉴스전해주시니감사해요 힘내셨요 화이팅횟팅 최고의 변호사님 속이시원합니다 배승희변호사님 늘 좋은소식 전해줘서 감사합니다 배승희변호사님 우파에전사 정확한팩트감사 돌만도하지사가지는있어야지 배변호사님 최고의뉴스에 감사드립니다 죄명이 돌았나 썸네일 항상 멋지고 맘에들어요 배변님 홧팅입니다 굿입니다 응원합니다 고맙습니다 배승희 변호사 감사해요 양다리 걸치다가 가랭이 찢어진다 헬기타고 서울대병원 갈래 지금 어느때인데 양다리외교 가랑이 찢어진다 자유 대한민국 만세 사법부 땜에 나라가 더 망가진다 당장 범죄자 재판을 진행하라 아니면 사법부가 공범임을 명심해야 할 것이다 세상의 모든 악법 다 만들면서 말썽쟁이 사전투표 폐지 국민혈세 잡아먹는 공수처 폐지 필요한 당이 비용부담 국회의원 특권 내려놓기는 왜 안 만드는가 왜 혈세 낭비 말고 국회 문 닫아라 천둥 번개 칠때 조심해야 할것입니다 반드시 천벌받을것입니다 배승희변호사님 적극 지지합니다 언론이 미쳐가는 나라 어디까지 국민의 눈을 속이고 갈건지 배승희님 늘 좋은말씀 감사드립니다 오늘하루도 파이팅입니다 제일 더러운게 배신입니다 목숨바쳐구해줬더니 배승희화이팅 항상건감해나라위해열일하세요 멸공 우리도 배승이가 힘입니다 화이팅 여전사 겁도 없는 여전사 나라를위해 이렇게 열심히노력하는 배변호사 님 존경안할수 없네요 배송 아주 시원합니다 감사합니다 배 변호사님 굿 정보에용 짝짝짝배변 정신나간 정부 변호사님 응원합니다 나라가 미처 돌아가고있네요 배승희화이팅 극좌들의 내란프레임 장동혁대표가 오늘로 종식 장동혁대표의 국힘새지도부 응원합시다 언론이 미쳤구나 배변호사님 힘내세요 응원합니다 이재명은 양다리 일등입니다 김혜경 김부선 도 양다리 글쳤습니다 대한민국 기업아픔 어찌할꼬 민총세상 군산부평창원 GM 포항 포스코 건설 여수부천 석유화학 울산완주 현대차 조선업은 어찌될꼬 이재명 말 따로 행동 따로 제 버릇 개 못준다 국제 사회에서도 왕따된다 배승희 변호사님 혼자 방송하시는 모습 외로워 보입니다 건강도 잘챙겨시고요 사법부라도 정의로워야 한다 국민의 존경받는 사법부가 되길 반미를 하겠다는 이죄명의 외교입니다 내가 좀만 젊었다면 4 19의거를 진행하여 국회를 해산시켜버렸을건데 힘이 부족하네요 자유대한민국 윤석열 대통열 지지 수고많습니다 감사합니다 배변님 화이팅 석화만 살리겠다고 빌드업하는 중 더 중요한 산업들이 넘처 나는데도 배변호사님 속시원하게 파해쳐주시는 죄명이의 죄업 무너지는 그날을 빌며 항상 감사드립니다 2 14 이죄명이 미국갈때보다 김정은이 중국가는거 보도가 더 크게 나오더라구요 배승희 화이팅 죄명이는 국민이 어려운 것은 문제 되지 않습니다 오직 자신의 권력 유지에만 나라를 팔아 먹을 인간이지요 이재명 이 끌려내려오는 그날까지 우리국민은 늘 응원합니다 윤 어게인 배승희 변호사님 오랜만입니다 분노를 웃음으로 바꿔주는 마법사 승희 이죄명 입니다 민심의 수준이 여기까지 한동훈 당원 게시판 당무 감사 촉구 집회 날짜 9 4일 목 시간 오후2시 장소 국민의힘 중앙당사 앞 양다리아님 미국 눈가리고 아웅 내부는 공산화정책만 풀가동 그래봐야 3나라 모였네 논산딸 화이팅 윤어게인 자유대학 날짜 9 9일 화 시간 저녁 7 30 장소 서울 명동 중앙 우체국 양다리에 신 이재명 이잔아요 박씨와 정씨는 혹시 북에 그들의 dna 대한민국 국가서열 2위가 왜가니,1
443bkElL6w0,좌파 판사들까지 반발 난리 난 이유,배승희변호사님 화이팅 멋지십니다 조만간 좋은일 있을것같다 멸공 윤석열 대통령 화이팅 힘내세요 진정한 애국자 파이팅 항상 속이 시원합니다 똑순이 변호사님 장동혁대표님힘내세요 응원합니다 건강지키시고요 항상 좋고 조 은 정보 감사 끝까지 응원 합니다 딱 맞는 말이다 미국 죠지아주 애틀란타에서 시청중 배승희 변호사님 최고 수준 방송입니다 이재명 반드시구속시켜야한다 대한민국 파괴 집단은 하른빨리 본격적으로 수사해서 처벌해야 한다고합니다 맞아요 과연 장동혁대표님 고맙습니다 생각이바르게잡으셨어요 배승희변호사 최고다 장동혁 김민수 필승 2030애국영웅 여러분 강추위에 나라위해 고생 해주셔서 고맙습니다 감사 합니다 늘 응원 지지합니다 파이팅 젊은청년들이 들고일어나야 합니다 이나라의미래는 젊은청년들의손에 달렸습니다 변호사님 감사합니다 건강하시고 힘내세요 장동혁 김민수 등등 자유대학 강건하시라 힘을 모아 줘야 합니다 나라 바로 세워봅시다 국제사회도 그래야 돕습니다 배변 화이팅 사법부에서 일어나야한다 온국민이 함께 도울것이다 배승희 변호사님 말씀이 옳은 말씀입니다 우리모두 장동혁 대표님을 중심으로 똘똘뭉처서 재명이를 하루빨리 제거해야 합니다 배승희 변호사님 오늘도 수고 많으십니다 늘 응원 하고 있습니다 화이팅 탄핵이다 삼권분립을 위반하는 행위 행동 발언 국민의힘 각자살여고 당을배신하는 자들은 영원히 공천을주지말아야 다시는 분열을하지않는다 서로힘을몽쳐 나가야 나라가산다 국민의힘은 싸움을 하지 않는 의원은 공천을 안해야 된다 국민들이 치다보고 B시전 의원들은 퇴출해야지 국민들이 국민의힘을 지지한다 명심하기 바란다 이재명 반듯시 구속해라 배승희변호사님 넘넘 고맙습니다 이나라를 살리는 역활을 배승희변호사님께서 강력하게 팩트를 지적해 주시는 보배이시니 든든합니다 사랑합니다 내부총질 하는것들 이번에 전부 솎아내야 나라가 살 수 있습니다 우리 당원들이 똘똘뭉쳐 장대표께 힘을 실어줍시다 국민의힘 티비에 악법반대 동계 교수님들 강의를 하는데 조으네요 장동혁 화이팅입니다 윤어게인이다 이죄명 재판 재개하라 공수처를 이용하여 사법부의 3권 분립을 무너트리고 있다 배승희 뉴스가 대한민국을 깨웁니다 같이 싸워야합니다 배승희 변호사 님 오늘도 힘내세요 응원 합니다 지지율 60 나온다고 중국인들 아주빈민국가에서 조차 댓글달게하고 지지율 공갈이나치고 치가 떨린다 배승희님정말정말신 으 로보여여너무감사합니다 이재명 재판재개 김현지 구속수사 김현지 국정농단수사하라 이재명이 죽일 놈이요 재판 재개해야 합니다 배승희 뉴스 배송 파이팅 홍준표 김종인 등 가짜보수같은물건들부터정리 해야합니다 멸공 충성 바르고 합리적인 목소리가 참으로 귀한 시대입니다 여기서 그 귀한 말씀 듣고 갑니다 감사드려요 배승희변호사님 응원합니다 야호 정확하게 국회상황을 말씀해주시는 님 고맙고 감사합니다 국민은 현명해서 거짖에 속지않아요 범죄 한 놈을 사리려고 내란도 아닌데 내란이란말을 씌어서 범치국가 아니고 오히려 범죄가 활기있게 되고 대한민국으란 말을 쓸수없어요 배승희 변호사 최고입니다 파이팅 배승희변호사님 법대출신 답게 역시 똑똑하십니다 꼭 국회로 가십시오 국회의원 배승희 변호사님 화이팅 입니다 장동혁대표 화이팅 입니다 김현지 범죄멍 당장구속하라 판사들 윤석열 탄핵으로 나라를 중국 북한에 넘겨도 내란재판부로 자기들 밥그릇 뺏는거는 못참지 우리승희 너무똑똑하다 다음국회 출마해서 나라바로세우는데 힘서주시기바람니다 항상 응원합니다 화이팅 사법절차의 정상화와 법치주의 확립에 관한청원 이재명 재판재개 대장동 범죄수익 환수청원 국가보안법폐지 반대 청원 검찰청폐지 철회 국민청원 동참합시다 하 진짜 자기가 왕인줄 아나 아주 지멋대로네 국민은 완전 개무시 늘 응원 드립니다 배승희 뉴스 배송 파이팅 2죄명을 빨리끌어내려야 민주주의를 찾을 수있다 김현지 문재인 김정숙 전부 수사해야한다 배승희변호사 화이팅입니다 배변호사님 항상 응원 합니다 민주당 은 탄핵당 이네요 천주교 신자였습니다 이번 계기로 저는 개신교로 개종하였어요 늘 바른 말씀 감사합니다 영상 늘 애청하고 있어요 배승희 변호사님 화이팅 믿음직한 2030 덕분에 안심합니다 2030 젊은이들 화이팅 장대표님 정말 고생하시는 모습 국민들과 뭉쳐서 단합입니다 재판재게하라재명 이 법대로만 해서 윤석열대통령 내란무죄 이재명 재판재개하라 배승희 변호사님 늘 갑사합니다 좋은정보 수고하세요 이재명이 재판부터 실시하자 니 죄부터 밝히자 이 놈아 반공반첩 멸공 Fight For Freedom 자유민주주의 자유대한민국 배성희 변호사님 파이팅 좋은 방송 하시느라 수고하십니다 수고하신 덕분에 이재명 없는 나라가 될 수 있도록 많은 도움을 준 방송을 하신 것 같습니다 힘내세요 계속 걸어 내릴 때까지 힘내세요 감사합니다 사랑합니다 파이팅 배 승희 변호사님 응원합니다 이재명 재판 속개하라 탄핵 최고십니다 배변 수고하십니다 배변 감사합니다 배변 국 힘당 의원들 지금 핏대를 올리지 않으면 죽습니다 똘똘뭉쳐도 시원찮을판에 의원들끼리 개 싸움질 할때냐 책임당원들이 다 보고 있다 국 힘 더불당수십배로 강하게 싸워야 할 지금기회입니다 배승희 변호사님 방송 너무 잘하십니다 화이팅 똥줄이 타는구나 종교재단해산에 내란전담 재판부에 조희대 입건까지 아주폭주를 하네 나라가 미쳐가는중 국민든들이 일어나야합니다 장동혁대표님 앞만보고 헐들이지 말고 국민보고 바르게 잘하고 있습니다 국민의힘 의원들 중도팔이는 무슨 죽음의 길이다 살고싶으면 장동혁대표에게 힘을 실어줘라 배승희 대표님 방송이 짱이다 항상 팩트를 방송해주시니 감사 경제가 망하고 서민들의 삶만 힘들어지네요 재판해야지 범죄자를 교도소로 씽 맞아요 시원합니다 꼭 하나됩시다 자유민주주의 살립시다 국힘 하나 됩시다 대표님 잘하고 있어요 감사합니다 적 100명보다 내막사내 1명의 적과 내통하는자가 더 위험하다는것 모르나 이자명대북송금유엔안보리상정해야한다 이재명빨리구속할수있다 불법으로 잡은권력으로 칼춤을 추지만 국민들이 피맛을 보면 죽기를각오하고 끝장날때까지 싸울것이다 범죄자이재명 구속하라 배승희 변호사 님 말씀 맞아요 같은 생각 입니다 잘하시네요 공감 합니다 지지합니다 수고 하십시요 감사합니다 주여 대한민국을 배승희 변호사님 지켜주옵소서 아멘 재판은 진행되어야된다 사전투표제를 폐지해야된다 배변호사님 고맙습니다 장대표님 힘내세요 이재명 김현지 재판받아라 배승희변호사님 수고하심니다 저이재명작자빨리 끓어내려야한다 국민들아 모두 일어나라 감사 감사 감사 합니다 장동혁 대표님 힘내서요 열열히 응원 합니다 화이팅 윤석열 임기 초기에 가장 기본적인 것을 하지않은 범죄자 한놈 처리하지 못한 구경한 리스크가 너무나 크구나 맞습니다 배승희님 감동입니다 존경하고 응원하고 좋은 방송 감사드립니다 사법부는 눈치보지말고 이죄명 재판속개하고 즉각구속하라 국민들이 강력히 촉구한다 조희대 사법부는 이재명 재판 5개 다 속히 재개하라 오늘도 예쁜 변호사님 오랜만에 댓글 올립니다 항상 응원합니다 시원한 뉴스 감사합니다 수고하셨습니다 늘건강하십시요 강고듣고 저는 씻어야 되겠네요 옳은 말씀 입니다 응원 합니다 최고 입니다 배대표님파이팅 항상응원합니다 이재명구속 오늘도 좋은 소식 감사합니다 맞아요 천주교부터 해체해야되는 논리가맞네요 논리로 따지자면 현지도 간첩질 파헤쳐야 합니다 배승희 화이팅 수고많습니다 방송잘보고있습니다 배변호사님 최고 최고 배변호사님 맞는말씀 빨리 끌어내야 됩니다,1
hojpPJjhmno,지귀연을 모르고,꾹참고있는국민저항권화약고를건더리지마라 어게인윤은돌아온다 비가오도다 설음의눈몰이다 흑진주배전사님을응원합니다 감사합니다 배승희 변호사님 존경합니다 행정 입법독식마지막보루사법부의정의를보여주시기바랍니다감사합니다 배승희변호사님 항상 고마워요 나쁜인간들 전과자 이죄명을 탄핵해라 특금해서 세금낭비 나라 망하것다 배승희 화이팅 수고 많으십니다 배 변호사님 파이팅 이재명 내란음모 해놓고 정치보복 그만둬라 윤대통령님 절대잘못없다이재명 범죄자 하루빨리 탄핵 하라 국민의짐당 정신 차려 논산의딸 응원합니다 국민을 무시하고 지멋대로 삼권이 완전히 무너졌다 망조 앵커님 똑순이 늘 경청합니다 쎄쎄 찍찍 이죄명에게 알아서 기는 기득권자들에게 우리 국민이 처벌 합시다 무너진 대한민국 자유민주주의를 지킵시다 배성희변호사님 화이팅입니다 좋은정보 감사합니다 믿고보는 보는 최고의 애국 방송 열렬히 응원합니다 배승희변호사님속시원희잘하심니다더욱더분발하시여최선을다합시다 이깁시자 대응할 힘이 있을가요 국힘 힘없어내부 싸움은 잘하지 대한민국이 앞으로 어떻게 될지 걱정에 잠도안오고 답답한데 배승희 변호사님의 바른소리에 그나마 힘을 얻습니다 언제나 fighting 하세요 배승희님 늘 올바른 뉴스감사합니다 고맙습니다 힘내라배승희 이재명 선거무효소송부터 해야합니다 변호사님 존경합니다 진실된 뉴스 부탁드립니다 항상 감사합니다 애국방송 자유보수 배승희 변호사 빡세게 구독자500만 갑시다 좋아요 이렇게 이쁘신분이 대한민국 살리는 보수 찐애국자셔서 정말 감사드립니다 응원하며 지지합니다 일반적으로매우상식적이고도덕적으로도정의의기반은완전무너졌고 이렇게잘못된길로가고있는데 속시원하게해결할수있는방법이없는지요 국회의원들은국민세금으로잘살고있으면보답할려고나라를지킬려고죽을힘을다해야하지않는가여어 결국은국민들이나서야하는군요 싸우자 이기자 리셋코리아 배변호사님 고견 언제든 기다리고 있습니다 부다 건강부터 잘 챙김서 활동도 부탁드립니다 안한다했더니 정말믿더라 나라운영은 판사 대통령은 계산원 총리각부서위원장은세프국회의원 홀써빙 국힘을 보면 이런말이 생각난다 멍청한 우군은 적보다 위험하다 응원합니다 최고입니다 김용현 장관님 화이팅 배승회뉴스 즐겁습니다 계엄령이 내란이면트럼프도 내란수괴 겠네 현 정권의 권력은 전과 잡범의 무리 속에서 나오고 군 통수권은 붉은 해머에서 나오고 국회의원과 공무원 고위직은 어떤 인간들이어야 하는가 배승희변호사님 수고많으심니다 김어준 방송에서 추가기소 해야되는것 아니냐고 했는데 바로 추가기소 하는데 정말 무섭습니다 어떻게 언론 사법부는 누구의 뜻을 받아 일하나 국민이 원하지 않는 것만 골라서 하는지 전과4범이 최고 권력을 잡았는데도 그것도 모자라 특검이라는 이름을 빌려 뭘 더 조작수사 하려는건가 경향신문 하국일보 한계레 폐간시켜야 한다 빕도 없고 마구잡이 횡포 뿐 나라돈 빛내인심쓰지마 후세들 빛더미에 못살게 하지말고 걱정이네 그걸 가만히 있었냐 감사 위원 직무유기로 고발했어야지 민주당이면 그렇게 했을거다 정말 한심하다 보복성 특검 이재명이 발광을 하는군요 배변호사님 서슬 시퍼런 정권하에서도 담대히 애국방송 해주셔서 감사하고 격하게 응원합니다 광란의 칼춤은 곀국 그끝이 자신을향한다는걸외 모르나 모르고 하고있다면 무식한것이고 알고했다면 보복이다 보복은보복을 낳는다 화무는 십일홍 달도차면기운다 는 말이있다 처지를바뀌 생각해볼필요가있다 우리나라가 안정됐음한다 정치보복이 시작 되군요 윤석열 대통령님 힘내세요 배승희 자유보수우파 유투브에서 다시 만나요 응원합니다 곰탕끓이기나 하고있다 국힘들 똑순이 배변호사님 당신이 잇어 진실을압니다 감사합니다 특검은 배승희 변호사를 수석특검으로 국민의힘 의원들 싸우지 않고 무기력하면 다음 선거때는 없어질겁니다 배 변호사님 감사합니다 배승희 변호사님 화이팅 명석한 분석에 찬사를 보냅니다 국힘 국회의원들도 뒤가 구리니까 나서지를 못하는게 아닐까요 언제부터 국회의원이되면 돈방석에 앉아 주머니를 불렸을까요 너도나도 국민세금으로 자신들주머니채우기바쁜 탐관오리들의 표본이네요 권력이든 돈이든 하나만 잡아라제발 두손에 떡들지말고 국민들도 숨좀쉬고살자 이제 겨우 16일 지났는데 정말 너무 화가 나고 재미없네요 얼마나 더 버텨야 할까요 정말 저쪽 찍은 인간들은 이 상황이 좋을까요 특검제대로합시다 1호 김정숙 2호 김혜경 3 다혜 4 이동호 국무총리후보 김민석 조사가부실하고 또시자도 안하고 있습니다 대통령게서수사다빋아고요 기여사님도 도이모치다끝났습니다 이런수사라면 죄명넘 먼저받으라 국민들이제일궁금해함니다 배승희님 존경함니다 큰일 대한민국 법이 권력 앞에 무릎 꿇코 말았다 윤석열 대통령님 존경합니다 이죄명과 김혜경 특검 해야되지 않겠습니까 특검갑시다 17일차 생전신고 하고 갑미다 자유 대 한 민 국 파이팅 자유대한민국수호하자화이팅 응원합니다 결혼은 미칫짓이야 특검은 더 미친짓이야 한마디로 코미디보다도못한 특검이네요 고급표현 조은석 특검 직권 남용 고 발 해라 특검이 무순 왕 조시대 사도냐 배변님응원합니다 내란은누가내란인지못르계다민주당내란당이다 믿을사람 없습니다 배승희 뉴스 잘봤습니다 응원합니다 배변호사님 중요정보 감사합니다 열받아서 죽을맛이지만 배변호사님 방송보며 힘내고있습니다 수사를해라 복수를 하지말고 그러면 전과자도 수사해야지 김용현 장관님 힘내세요 국민은 이재명을 대통령으로 선택하지 않은 것 같아요 선관위가 사전투표 서버를 공개적으로 검정받아서 사전투표가 정말로 공정하게 진행되었다는 것을 보여주기 전에는 잠재적인 범죄자를 대통령으로 인정하기 어렵네요 윤대통령님 대한민국의 영웅이십니다 과연 대한민국 법이 살아있는지 궁금하다 어울리지 않는 옷을 강제로 빼앗아 입었으니 그 대가는 치러야 한다 범죄자들아 국민정신바짝차립시다 나라가폭망으로가는것갇네요 국민들 바보가 아니다 이런 일은 어떻게 해야 할 까요 너무억울하고 슬픈일이다 담보없이5000만원을빌려7년동안이자를안낸사람들은누구일까요 보통사람들은1000만원도신용대출이안되는디 9 50 하나님은 왜 이죄명을 가만놔두시나요 이나라가 완전 독재정치에 전과자가 우글거리는 정치범죄자들이 판치는 세상이되었습니다 주님 하루속히 심판해주세요 배승희변호사님 감사합니다 늘 건강하시길 기도합니다 배변호사님 안경 미인이시네요 날도 더운데 혈밥상승하는 일만 있네요 이나라 이대로 괜찮을까요 이민가야되는건 아닌가요 다 떠나야되지않을까요 손가락 손목에 마비가 오도록 댓글을 올려봐도 나라는 그대로 이재명과 민주당에 끌려 가고있으니 대한민국은 한심하기 짝이없다 실타래가 어디부터 엉켰나 자유대한민국을 진정으로 사랑하는 논산의 딸 배승희 변호사님 국민이 열렬히 응원합니다 조은석 이재명 특검해야 된다 국힘 무 능력 가짜를끝어내자 조은석을 고발해야 되는 것 아닙니까 배변호사님 고급언어맘껏쓰세요 듣는우리들잠시라도속시원하게요 파이팅 힘내세요 이재명 이나 특검하라 인플레이션 일어나서 부동산만 올라가고 외국자본은 떠나고 실업자는 또 돈달라고 아우성 칠거고 계속풀거야 진짜 홧병나서 미칠거같아요 고등법원 쫄지말고 이재명 재판 속개하라 피가 거꾸로 솟는다 우리는 전과자를 대통으로 인정 못한다 내란범은 이죄명인데 모르고있나 해외 가서도 낙인 찍혔잔아 이번에 범죄자 라고 상대도 안해주는거 특검비용 챙겨주는 특검 이죄명이 본은돈 빼묵겠네여,1
zQTSQbh89jw,판읽기 장경태 성추행 의혹 변호 성범죄 전문 로펌도 절레절레,사퇴하라 전 국민들이 눈을 뜨고 지켜보고 있다 꼭 밝혀야 한다 벌 받게 해야죠 무고로 맞고소를 하다니 아주 악질이다 반성을 할줄알아야 인간이지 반성을 몰라 장경태 아웃 이자 변호사님 화이팅 뿌린대로거둔다 죄경태야 넌 안된단다 똑같은 주변인들도 조사해야 합니다 옹호하는 자눈 누군가 장경태 의원직 내려 놓고 피해자에게 살려달라고 싹싹빌고 죄값을 받아라 장경태의원직사퇴하라 장경태 아무리 바락 해도 나락으로 떨어 지는구나 그렇게해서 통했으니까 또하는거지 무조건 아니다라고 잡아때야 경태는 자유대한민국의 정상적인 국민이 될 자격도 없네 국민들 혈세는 먼저 보는 인간이 주인이듯 지버릇개주나 자백하고선처요구한다고봐주면 시간지나면 또 일저지른다 무조건법대로가중처벌하시라 이번기회에 장경태는 영원히 제거해야 갈길은빵밖에없다는말이네요 팩트입니다 멸공 엄중한처벌로 정의로운 법치가살아있음을보여주십시요 뽀르노랑 보좌관이 쌍으로 한두번 해본 솜씨가 아닌듯 싶네요 푸하하하하하 푸하하하하하 푸하하하하하 뻔뻔한 장경태 당장 세비중지 시키고 의정활동도 중지하라 재판받고 무죄 확정되면 복귀하라 민주당에서 성폭력관련 별도의 재판부 구성을 밀어부칠 듯 솔직하게 예기해야지 다음에 국회의원 출마 하려면 전과가 없으면 출마 못해서 민주당은 내로남불 양문석은 어찌되가는지 궁금하네요 이런일로 횬지누구시데가 묻히면 안되는디 팝콘각 뻔뻔하고 악랄한 장경태는 반성하고 사퇴하라 변호사님 항상 올바른 비판 존경합니다 남자정치인들 정신차려라 장경태 버릇이정말 나쁘네요 이런자를 피같은세금으로 먹여살리다니 빨리 죄값받게 해야합니다 의원직을 그만둬도 힘든범죄인데 여기도 고소미 먹어야겠다 똥휴지,1
vpgvciRYQG0,통일교 겨냥 7일만에 해산 또 꺼낸 그런데 통일교 재산 이야기는 왜,정치판에 범죄자들 몽땅 밝혀내서 강력한 법적 처벌로 다스리고 성역없이 재판 받아라 국회 헌재 선관위 공수처 특검 해체하라 납세자가 명령한다 혈세 하마 국회 헌재 선관위 공수처 특검은 해체하라 이래도 탄핵안시키면 우리 국민은 자유대한민국에서 살 자격이없다 여든 야든 철저히 수사해서 관련자들 모두 구속해야 합니다 이제는 민주당이 파렴치당임을 국민 앞에 자백하고 해산하라 더불당추천 특검 박모도 뒷돈챙기더니 민중기도 조사해봐야겠습니다 강도가 좀도둑 잡는다고 설치는 세상 언론사 양심적으로 파 헤쳐야 권력 눈치 보지 말고 개혁이 남의 가죽을 벗기는게 아니고 자기 가죽을 벗기는 고통을 감수한다는 얘긴데 모든게 내로남불 체질화된 어떤 집단들 대한민국 국민이 이제는 내로남불 집단과 추동자들을 극복해야 합니다 눈하나 깜박안하고 범죄 비리를 서슴없이 질러대고도 뻔뻔함으로 일관 대단한 족속으로 인정 비리가 들어나면 바로 압박과위협 깊이들어가기전에 다음사건이 매일마다 몇건씩 터지니터지니 국민들의 생각이 무디어진다 도대체 현정부는 뭐하는것인지 한심하다 국민들이여 제발 우리가 정신 차립시다 국힘은 지금처럼 함께 싸워나가라 그리고 몇몇씩 조를 만들어서 각각 하나씩 맡아서 싸워야 할것 같다 정신 차리고 협박 공갈 회유로 뭉갤것 임특검 특검하라 리짜이밍 탄핵하라 국민들이여 일어나야 한다 네팔의 투쟁이 이땅에서 시작되길 내로남불당 국민들이 분노한다 이죄몽이가 와 이렇게 사악하고 못됬지 도대체 국민을 뭘로 알고 저토록 오만한것인가 협박으로 통하겠느냐 통일교재산강제몰수할가능성 이재명은김정은처럼갈것 내로남불은 안됩니다 도둑은 언제나 발이 저리다 괜히 특검 해 가지고 이재명은 끌어내려져야 하고 갈 곳은 오직 한 곳 깜빵밖에 없다 범죄자 말만들어도 징글 징글 문재인도 구속시켜야한다 이정도면 어케 대통령을 대통령으로 인정할수 있나 최우선해산단체가 더불어 돈 봉투 민주당이 제일 먼 저같은데 아녀요 얼마낮창피할까 창피한것도모르기때문에범죄가몸에쩔어있다 어린시절이굉장히중요하다는것을 여야 모든 정치 인사들 정말 추잡스런사람들 정말 부끄러운 일입니다 왜 정치인들은 남의돈 공짜돈에 환장을 하나 그래 놓고 무슨 한학자를 구속 하고 종교 단체 없애려 했을까요 이재명은 돈이라면 안끼는대가 없내 참 어이없내 억압으로 누르려고 큰소리치고있내 재판 재개해서 빨리결정해야 나라가산다 설마 통일교 재산 몰수로 대장동 7800억 퉁치려는 거 속히 특검 실시 국힘 더 없으니 권선동 하나로 끝났다 이재명 이자는 대통령이 뭘해야 하는지 안해야 하는지 모르고 저자리에 앉아 있는 자 아 넘 오래 살았어 신이여 제발 이나라 인재좀 찾아 이끌어가게 해 주이소 뒷구멍으로 연락해서 돈받아먹고 앞으로는 공갈 협박하고 웃기는 사기질이다 이재명 엄청 투명하네 대통령 시켜놓고 하는 짓 보니 시장 도지사때 뭔 짓 했는지 다 보이네 여기서도 처묵 저기서도 처묵 국회의원 집을 한번 털어봐야 합니다 현금은 자기집에 보관안하겠죠 온곳에 가서 다 쳐목는 모양임 재벌한테도 먹었겠지 직접 볼 수 없으니 단정은 못하지만 통일교 돈 쳐먹은 것 보니 심증은 가네 이래저래 먹으면 돈이 얼마냐 국민들한테는 10만원씩 돌리고 지들은 5천만원씩 먹고 밝혀진 통일교 한 건만 5천마원 권성동을 죽일려고 하던 때가 엊그제인데 이제 모든 진상이 밝혀지고 있습니다 민주당 놈들이 돈받았다는 것은 다 들어나고 있다 이 놈들을 전부 법정에 세워야 한다 이재명부터 법의 철퇴를 맞도록 해야 한다 조폭 단체나 빨리 조사해서 해체시키시지 이야 도저히 제정신으로 살수없는 세상이로다 이범죄덩어리들이 집권해서 나라를공산독재로끌고가니 처단시켜야될시간 나라를 애국으로 구해야 합니다 공유가안나오니 퍼나를수가없네요 그러면 더듬어범죄당도 해산해야한다 이것이 정답이가 뉴스보면핵폭탄이라도터트려전부연기처럼사라지게하고싶은데 일반국민무슨힘이있나홧병나겠다 박쥐원은 육해공 구분없이 덤벼대죠 빛이 보이면 몸을 던지는 불나방처럼 응원합니다 대통령보고 많이배웠나 봅니다 범죄집단 이죠 아이구야 국민들 화납니다 입법서부터 썩어서 나라가 희망이 없습니다 너무 통쾌 상쾌 내란몰이로 찢을 강압적특검으로 해봐라 내란몰이로 대통령 찢 특검좀 하라 이것이야말로 진실이면 대통렁도 하야해야 하지안나 즉각수사하라 기가찬다 국민들이 분노한다 재판속개해라 이재명이 통일교측에 공갈을 때리고 있는 것이다 이재명 자신이 직접 관련되어 있기 때문이다 그렇게 한다고 비밀이 지켜질까 무당들이 말하는데 머지 않아 큰 일이 터진다고 한다 윤영호는 오늘 나머지 돈 받아 먹은 놈들은 밝히지 않고 다음 재판에서 유용하게 써 먹기로 결심 할 것 같다 그궁 통일교에 모든 증거들 있다고 봅니다 뉴스트라다므스 너무좋와요 나오시는 분들 속이쉬원합니다 호준석 이기인 네분들 너무 재미있네요 오늘 윤영호가 폭로 안한 걸 보니까 서로 협박하고 으르렁거렸내요 통일교 아 주 잘하고 있어요 불어도 얻어터지고 안불어도 얻어터진다 그낭 불어 짝작짝 특검이저꼴인데 누가이범죄집단을수사해서벌할수있나 민 주당은무죄 국힘은유죄 진실은 반드시 드러나게 되어있고 하나님은 살아계신다 다 드러날것이다 온천하에 국회의원중 부정한 청탁이나 금품수수 받지않은 사람 있을까 온갖 특권만 누리고 혈세 축내면서 대한민국에서 가장 부패하고 썩어빠진 집단 오늘 입틀막 성공했답니다 죄맹이는 귀태다 폭탄을 누구에게 던질까 따불 패거리의 당론이다 참 문제덩어리 종교단체로부터 금품받은 정치인은 퇴출이 답 원청 책임은 노란봉투법이 아니라 중대재해처벌법이다 사이코죠 돈 받을것 다 받고 심지어 당원도 지원 받고 지가 당 임명장도 줬으면서 뻔뻔하게 말하는 것 보면 대선날즈음에도 주식매매했다고 보도나지 않았었나요 통일교재산 입맛 다실만 하지요 나라를 부강케 하기 위 하 여 도둑이 제발이 저리니까 통일교를 해산 운운하며 겁박하는 상황 종교의자유 헌법위반 정치 개판이네 늘 국민팔이 하던 자들 뒤로 호박씨 깠네요 제사는 지내는둥 마는 둥 젯밥에만 관심가지는자들 수사못하는 검찰 경찰든 모조리 감방해이네요 이게 탄핵감 더블어 범죄단지 게이트 국민이 척결 한다 에휴 장원준씨는 대통령 말씀이라는 말이 넘 거슬리니다 그냥 대통령 말이라고해도 됩니다 범죄자 이제끝났으면 국민이원합니다 찢어졌구나 찢재명 구속 구속 입니다 협박질 지금 언론재갈물리는법 민주당이 단독입버했다는데 민주당 해산시켜야하는거 아니예요 종교 단체 해산은 대통령이라고 해도 해산 시킬수 없다 그리고 종교단체 해샨이 되면 엄청난 국민들 피해는 누가 책임질것인가 도둑이 제발 저린다고 이개명이가 통일교를 건드린것은 자기 발저림에 통일교를 잡으려다가 자기가 발목을 잡고 엎어진 것이다 장동혁은 뭐하고 있나 이 호기에 빨리 판을 깔고 총 공세해야 하는데도 당게시판 조사로 여론 물타기 내가 황교안이다의 2탄 냉정하게 판단하여 현 야권 인사는 누구신지요 형수에 상스러운 욕설을 한 것도 모자라 여러 범죄를 저지르고 그 범죄들을 없애기 위해 법을 짓밟고 있는 놈이 할 소리는 아닌 것 같다 네가 통일교 해산 운운할려면 너부터 재판을 받았어야지 대통령실 가평으로 이사 가야겠네 왕궁 같은데 도둑이 제발 저리는거조 쑈맨쉽 달인들 공개명단 답 나오면 해결 지방선거는 국민몫 전화기 다까고 명단공개하고 한동훈이 특검가자 한동훈만 통일교 그물에 안걸렸네 역시 한동훈 최고,1
4uYL-IENbik,이재명이 통일교에 직접 연락 대통령실 난리났다,악취나는곳엔 늘 그대이름이 도둑놈이 제발저린다고 재명이가 찔린데가있으니 한발앞서치고나오는것 박지원의말 최고의공격이 최고의 방어다라고 맞습니다 그래놓고큰소리치긴이거웃기네국민들이어덯게생각할까 이나라 많이 바라지 않는다 언론의 자유 직업의 자유 거것도 못하면 뒤쳐뿌라 이럴 거면 민주당이든 국민의힘이든 다 해산해야지 대통령이 정말 너무 자기중심적이고 말도 너무 가벼워서 답답하다 이재명이 통일교와 연관 되어있으니 종교해산 시키고 재산 국고로 압수한다는 헛소리하고 겁박한거네요 무서운 괴물입니다 몰랐나 그런놈 인것을 돌아가는 꼬락서니 웃기도 않는군 이재명 민주당 거짓말 이제 지겹다 정직은 어디다 팔아먹었나 이제 넌지시 협박에 겁박 까지 국민들이 모를것 같은지 아님 바보로 안건가 도둑이 제발 저러서 불면죽인다 입틀막인가요 내로남불과 위선이 증명됐다 이재명 웃기네 잊었나 이재명이 어떤 인간인지 국민은 기억하고 있음 통일교가 위법이라면 이재명이도 위법한거에 대해서 탄핵 받아라,1
2UiEFmI4FSI,갱생의 상징 이라더니 계속 터지는 조진웅 폭행 폭로,민주당은 다음 총선에 공천하시면 되겠내요 누나가 문체부장관 시켜주겠네요 드런버릇 어디 가겠어요 갚아줘라 사람 안 변하지 따불당 해산은 꼭 이루어 져야합니다 조진웅은 현재진행형 이네요 절대 옹호해서는 안됩니다 개 누까리앤 개만 보이는 이유겟지 진보는 전 부개인가 멍멍이는 짖는게일이네 진보는 무슨진보 공산주의지 조진웅은 어느모로 보나 완벽한 이재명의 후계자다 범죄당 차기 개통령 후보감으로 이만한놈이 어디 있을까 피해자들 모두 고소해라,1
uxPruB6cKzw,12 10 수 통일교 금품 진술에 전재수 조태임 김준일 크리스마스는 청와대에서 윤건영 장동혁 마이웨이 박정훈 쿠팡 미국 집단소송 손동후 김현정의 뉴스쇼,12 10 수 뉴스쇼 뉴스 연구소 통일교 금품 제공 진술에 전재수 세관 마약밀수 의혹 혐의 없음 1인 가구 처음 800만 돌파 CBS 조태임 기자 김준일 시사 평론가 인터뷰 1 전재수 통일교 금품 수수 전부 허위 다시 청와대로 내란전담재판부의 위헌 논란 더불어민주당 윤건영 의원 놓지마 뉴스 방송인 강승희 인터뷰 2 통일교 정치인 금품 수수 4개월 지나서 이첩 주호영 탄핵 충분 한동훈 당원게시판 중간 발표 국민의힘 박정훈 의원 인터뷰 3 쿠팡 정보 유출 미국에서 집단소송 한국 피해자들의 소송 참여는 SJKP 손동후 변호사 법무법인 대륜 현지법인 그래서 그넘이 그넘들이라고 하는거다 그런데 깨끗한 척 하는 당이 더 나쁜집단이다 삶 자체가 외로운것이고 결국 혼자 쓸쓸히 세상을 떠나는것을 공소시효 윤건영 모른다 모르닌깐 빨리 했어야지 전재수 민주당 에 몇 안되는 내가 좋아하는 정치인인데 좀 황당하네 점잖은 사람이 역시 돈엔 장사없네 아주 큰 실망 박정훈 화이팅 박정훈 최고 윤건영 어이없다 박정훈똑똑한 신사 향후에 민중기 는 구속될거다 특검은 현정부가 그러니까 권력의 개 란다 이재명도 통일교 받아 먹었네,1
tnmxHkBTsUE,옥중 메시지 본 유인태 누가 술 넣어줬나,원로들도 저런 사고로 정치를 해왔으니 정치권이 속속들이 썪었구나 왜 들켰냐고 에라이 이게별일아니라고 이야기하는 원로 정치인이 저모양이니 한심하네요 이 사건 때문에 또 이재명 현지 누나한테 혼났을듯 애들 교육 잘못 시켰다고 원래 해먹던 방식이라 저들은 재수없게 들켰다고 생각하겠죠 CBS 정신 차리세요 영감님 사고가 정지 되셨어요 사리분별 못하는 분 은 원로 아니라 원로할아버지라도 이렇게 전파 타게하묜 안됩니다 영감님 한심해서 들어 줄수가 없네요 들키지만 않으면 된다는 말입니까 청탁이 죄가아니라 들킨게 죄다 어찌저런 인간들이 한국정치를 이끌었는가 한탄스럽다 아 단두대로 끌고간 인간들이 많구나 들킨게 문제라 참으로 통탄할 일이다 문제는 관료자리를 정치인이 탐내다가 탈이 난거다 이런분을 모시는 이유가 있을까요 안들키면 그냥이라니 이런 일이 있다고 모든 것은 현지누나를 통해야 겠구나 에구 나라가 엉망진창 개판 어이가 없네요 이련일이 비일비재하다고요 더 충격이네 들킨게 죄라고 강도질하고도 안잡히면 장땡이겠네 노후한 정치꾼이 민주당 내로남불 제대로 보여주네 선량한 국민은 누구를 믿어야하나 이 인간도 어제 저녁먹은 술 이 덜 깼구먼 에라이 이런인간이 원로라구 으으으 저기 게스트 나잇대는 70은 넘어야 하능겨 감 떨어져요 만진당 진짜 지독하게 기득권이구나 비일비재 민주당 썩었구나 부패 김현지와 김남국은 즉각 사퇴해라 유인태님 정신세계가 의심스럽습니다 정신차리세요 들킨게 문제라고 참나 더 놀라운 일은 유인태님의 사고 방식이네요 유인태 역시 가재는 개편인가 김남국에 대해서도 장경태에 대해서도 그럴 수도 있다고 들킨게 죄라고 김현지퇴출 특검 구속하라 김남국도 퇴출하라 민주당은 국회원이 더듬으면 지지자들이 2차가해 해주는 의리있는 질서있는 정당입니다 문진석이 짤라 이런것들도 의원이야 참 한심하네요 1 찍힌게 문제 2 그런데 여기에 김현지가 언급된것은 더 큰 문제 참 학연 지연 이재명쪽 도 민주당 도 똑같네 공수처 뭐하냐 해체해라 공수처 김남국 진짜 한심하네 정치계어른들의 생각수준이 쯧쯧 할배는 한나이들어서 그런지 왜이렇게 많이 말을 더듬어요 대통령실과 관련없는 자리를 청탁했는데 이게 왜 추천이야 청탁이 맞지 어디서 약을 팔아 들킨게 문제라네 무서운 것들이네 썸네일 역대급이넼 다 좋은데 비판은 현정부한테 하는거요 영감님 전 정부는 심판받고 재판받고 수사받고 있잖아 이재명 비판하다 찍힐거 같아서 안하요 유인태 이재명 그렇게 싫어하더니 쯤 할아버지 당신 손녀가 장경태가 그랬어도 그런 주접 떨수 있나요 초록은 동색 국민복장이터져 계엄에 이르기까지 민주당 했던행태가 어땠나 대통령이 계엄말고 할수있는게 뭐였나 유인태 웃기고 자빠졌네 김건희에게도 꼭 필요했겠지만 김혜경 얘기는 왜 못 하냐 하여튼 끼리끼리 쯧쯧 누가누가 더 잘못 하나 내기하는 정치판 선배라는분이 저러니 한심하기 짝이없다 남의 허벅지를 왜 만져요 살짝 등 두드리는 거랑은 차원이 다름 그냥 내가 당했다면 기분 나쁠 듯요 고소한 사람도 1년동안 계속 생각하다가 계속 마주치니 그때 생각나서 기분 더러워서 신고한 거 같음 기가찬다 왜 나왔냐 장경태 쉴드는 제발 그만하시죠 토 나옵니다 뻔한 사실인데 말이죠 비디오가 완벽한 증거 아닌가요 유인태도 내로남불이네 현지가 실세인것 인정됬다 할아버지 지금은 할아버지 때처럼 더러운 시대가 아니에요 인태씨 판단력이 뭐이래 술먹고 했다고 하면 괜찮나 얘네들의 머리 속엔 뭐가 들어 있는지 도대체 애지중지 현지 유인태씨 정신차리세요 현실감각이 없으신 분을 이제는 보내드리세요 만사현통제2최순실인가 김건희인가 유인태 총장님 이제는 그만하시죠 사진이 안 찍히면된다는 것이 말이 되나요 과정은 몰라도 결과만 좋으면된다는 것이네요 답답하네요 유인태총장님 재명이한테 혼난나 유가 옛날유가 아니구먼 무슨 소리야 미안하다 하는순간 성추행범으로 정치 끝나는데 감이 없네 지금 성인지 감수성인가 몬가 하는걸로 사람 나락보내는데 지금 옛날 정치라고 생각하면 안됨 유인태도 저런생각을 하고있구나 실망이크다 안들키고그런짓해도된다는겁니가 유인태씨도이제고만해야것따 김현지 정체가 뭐냐 나도 충격받았다 청탁 현지누나 만사통과 윤통이나 현통이나그나물에그밥 듣자 듣자 하니까 참 에이 여보슈 원로 반납하슈 어리석은 국민을 바로세우기 위해 정당해산 필요합니다 현지로 폭망한다 문닫는다 역사속으로 사라진다 눈뜨고 있는 것도 힘겨워하는 거 같으신데 김남국 한심하네요 민주당 한심 한심 집에서 쉬세요 말이란건 무게가 있어야합니다 현지누나 나도 부탁해 좋은자리 김건희나 현지나 게스트 정말 없나보다 할배야 자식걱정 나라걱정을 해도 그런소리가 나오냐 미래가 캄캄하다 이재명 대통령 현지 여왕님 공감하며 응원합니다 애지 중지 현지누나 복덕방 할버지 정치평론 수준을 뭐하러 부를까 댓글 갯수가 초라하다 오죽 기가막힌 진행이었으면 현지누나 넌 어디서왔니 그냥 집에서 쉬었으면 유 총장님 장경태 저놈 혼을 내서 의원직 사퇴하고 깜빵 가서 법의심판 받고 사람되게 교육좀 시키세요 어휴 믿었던 원로 조차도 맛이 갔네 에라이 김남국은 민주당의 악재인듯 퇴출시켜야,2
Rbqhd5XCgVw,전재수 장관 왜 사표부터 썼나 뉴스 연구소,윤영호가 거짓으로 뇌물 받은 넘들 거론 할 이유가 없지 정치권 로비하는 넘들 불문율 처럼 민주당 구킴 양쪽에 모두 보험 들어 놓은 거임 다음은 정동영이 차례네 뇌물 받은 넘들 공통된 특징은 증거 제시 할 때까지 일단 무조건 강하게 부정하고 보는 거지 같은 혐의로 어떤 X은 징역살고 어떤 X은 공소시효가 지나고 단언코 없었는데 왜 사의 야 진짜 없었다고 언론에 증거 다깐다 다음날 사의표명 여 야 정치인들 다 수사하라 썩은 정치 좀 청산하게 국회의원 직도 내려놔야지 말세다 받았네 단호하게 명백하게 말하지만 정치인들 입만 열면 거짓말 전재수도 이젠 끝났구나 받은거는 받으거지 수사철저히 수사해서 구속이 답이다 여 야 할거 없이 죄 지은정치인들 제 다 구속해야됩니다 세금이 아바라 버티다가 이것저것 다 털릴것같으니 빨리 사표쓰는거지 전재수 아주 응큼 합니다 의원 직 사퇴하고 수사 조사 받아라 정치 끝났다 국민들이 바보로 보이나 전재수 는 아무 죄가없는데 사퇴는 왜하겠나 죄가 없다며 왜 사표 뭔가 있는거 같네 철판 깔았네 재수가 표적 그 생각이 난다 me too 사건이 터져 수사를 하니 막상 범죄 혐의로 드러난 건 민주당 인사들 김건희 잡겠다고 한 만중기 특검이 결국 만주당 벌집을 쑤신 꼴이니 말이다 그런대 외 사퇴 국개의원도 내려놓고 조사받아라 아직 법원 판단도 조사도 안나왔는데 불법적인 수수가 없었데 그냥 수수는 그럼 있었던거야 재수 수사 재수야 까르띠에 불가리 나한테 버려라 강한 부정은 강한 긍정 통일교 로비에 걸려들지 않은 사람 구하기 통일교 로비에 걸려든 사람 징계하기 여야불문 아까운 인재라도 집고 넘어가야 귀감이 되어 훗날에 깨끗하고 건강한 나라가 될 거예요 부메랑으로 돌아온특검 특검을 특검하여야한다 아니땐굴뚝에 연기날리없다 전재수도 이제끝이보이는구나 뭐가있으니사표부테냈거지 권성동 구속햇으니 전재수도 구속이지 금품수수 사실 무근 명확 정확히 그런 사실 없다는데 왜 해양수산부장관 사표 제출 도망가는지 전재수 수사해서 전재수 구속하세요 낮은데서 추락해야 덜 아프거든 전재수 멀리 안나간다 아웃 빤스런 조진웅이 은퇴하는 이유 계속 터질게 많아서 박나래가 하차하는 이유 계속 터질게 많아서 조세호가 하차하는 이유 계속 터질게 많아서 전재수가 사퇴하는 이유 뻔하지 전 재수가 없어요 전재수는 불법정치자금 명품시계 등을 받았다고 한다 근데 해수부장관은 그만두고 국개의원은 포기 못하겠단다 불체포특권을 이용하겠다고 하는것 같은데 따블당이 어떻게 하는지 지켜보자 권성동이와는 어떻게 다른지 지켜보자 단순하게 생각하면 된다 아니면 사퇴할 이유 없고 사실이면 사퇴하는거다 사퇴는 사실이라는 거에 대한 증명이다 부패 폭죽 터질까 그런거지 대부분 그렇지 않나 자기실기위한수단임니다 전재수 말뿐이네요 실망 지금 정권도 다르지 않네요 T T 아 정말 너무 실망이에요 김준일이 저 인간도 퇴출시켜라 역겨워서 못듣겠다 저게 무슨 정치평론가야 평론을 객관적으로 안하든 못하든 그 순간 정치 기생충일 뿐이야 재수님도 날라가나요 현지가 빨리 정리하라고 했겠지 언론들 가짜뉴스 보도할때는 징벌손배 5배물어야한다 전재수 사표는 국힘 통일교 해체 왜 이통은 모든 행동 하는것이 비 웃듯이 행동 하는가 부산시장 나가려고요 전재수 국회사퇴하라 아니 같은 사람이 권성동한테 돈 줬다하니까 구속시키고 전재수한테 돈 줬다하니까 모른척하고 이재명이 통일교 해산시킨다고 협박하니까 통일교 폭로한다고 하다가 입 꾹닫 서로 합의 본거지 전재수는 그대신 물러난거지 후폭풍 올지 모르니 꼬리자르기 죄도 없는데 일단 사표부터 쓴 사례는 단군이래 처음임,2
4uk3UeaBnN8,속보 한동훈 비대위원장 2023 12 17,와 한동훈장관님 정말 바르게 정리햐주시고 그래서 총선에서 반드시 승리하도록합시다 깨끗함이 길게보면 이기는 것입니다 한동훈 비대위원장 환영합니다 총선승리하여 국회에서 썩은 민주당을 쫒아내 주세요 한동훈장관 아끼다 똥된다 총선에 이겨야 한다 그래야 그후 계획을할수있다 우리국민들이 노파심에 걱정하니까 최선을 다해 주세요 화이팅 맞아요 신대표님 나라 위기를 정확하게 알고 알려주심 감사합니다 한동훈장관님 지지하고 응원합니다 원희룡장관님지지하고 응원합니다 발빠른 순발력도 감사합니다 투톱으로 두분이 힘모아 이나라를 지켜주십시요 국민들의 간절한 소원입니다 한동훈장관님응원합니다화이팅 국힘에서 준석이놈정리못하면 책임당원들이 국힘을정리하겠지요 한동훈 원희룡 장관 두분 다 응원합니다 다들 나보다 우리를 또한 나라를 생각하며 뭉쳐주면 합니다 서로 부족한건 채워주며 나라 걱정부터 뭉쳐갑시다 서로 헐 떨지 맙시다 한동훈 장관님 응윈합니다 우리힘모아야 선거에이깁니다 홧팅 넘넘잘됐어요 그러나 정치경험이 없으니 잘알고 하셨으리라 믿고 총선이 성공하시길 간절히 소원함니다 꼭 꼭 성공하시기를 한장관님 응원합니다 준서기는 빨리 신당이나 차려라 한동훈 장관만한 사람도 없어요 신대표님 말씀데로 겸손하신 원희룡장관님을 존경하며 지지합니다 한동훈장관 적극 지지합니다 좌파들 여론신경 쓸것없슴 한동훈잘해낼거라고생각합니다 바보가아니니깐 생각이깊은사람이라서잘할것같아요 김문수의원 추천합니다 제발공관위원장은 김문수위원장님 찬성합니다 이번총선은 대선급이다 사생결단으로 승리해야한다 국힘의원님들은 함께 앞으로 뭉쳐야한다 그래야 총선 승리할수있어요 서로 까은건 금지 김기현이 바로이준석 국힘스파이네요 한동훈법무부장관님 응원합니다 한장관님은 국힘에서 일당백할것이다 기왕 됬으니 지혜롭게 헤쳐나가기를 한동훈장관님 응원합니다 대통령제 하에서는 대통령에게 힘을 실어주고 일사분란 하게 돌아가야 국정이 안정되고 국민의 정서도 편해지고 국가도 발전함 대통령 임기 끝날때까지 힘을 실어드려야 함 만고의 진리 대통령 쌩까고 분열 하면 자멸 하고 박근혜 대통령님 때 처럼 정권 뺏기고 쪽박 참 한동훈 장관가시면 법무부는 누가 지키나요 법무부장관 한동훈장관님 계셔서 든든 했었는데요 걱정이 됩니다 한장관님 키리스마있게 돌파 하셔야 합니다 제발공관위원장은 김문수위원장님 되셨으면 운발 10년 좋다 한장관 한동훈선택은 필수적이다 결국은 계엄정국으로 흐를텐데 혼연일체가 되어 목숨걸고 자유민주 체제 수호해야 한다 원희룡 한동훈 응원합니다 최고입니다 정치도 전쟁이다 윤석렬대통령님 저는 정치를 모릅니다 그렇치만 윤대통령님을믿습니다 정의와 나라를 그누구보다도걱정하고 바로세우려는 초심의마음을가지고계시는 신념을 국민들은믿읍니다 잘 될겁니다 한동훈장관 구태에찌든인간들섞어내고 강력한카리스마로국힘완전정비하세요 홍준표 의원도 구 태 정치입니다 그나마 최고로 잘한일 입니다 한장관 아낄려햇는데 골든타임이라 한장관 등장해야 한다고 봄 한동훈 천재 아이큐 정치도 천재로 아이큐 로 와 원장관님 긍정적인 마인드 짱 한동훈 장관이 잘할것이다 자랑스럽습니다 화이팅입니다 한동훈도 선배들이 밀어주면 잘할것같아요 신대표님 원장관님도비대위원장좋은데 왜굳이이준석과 러닝메이트를생각하는지모르겠어요 그래서원장관님을 불안해하는거예요 한동훈 잘하겠지만 왠지 조금은 아쉬운 느낌이 드네요 성공한 비대위 되길 바랍니다 뭉치자 싸우자 이기자 한돔훈 잘하실것 입니다 잔광훈목사의 예지력은 완전 신의 경지에 이르렸다 그야말로 선자자다 기가 찬다 한동훈장관은 법치를 바로 세우는 숙제를 반드시 해결해야합니다 비대위는 정치경험이 많은 김문수위원장 원희룡장관이 적격인걸로 추천합니다 신혜식 대표님 수고가 많으십니다 존경합니다 한동훈법무장관님 비대위원장님이 되 셔야 대통령님이 안 전할 수 가있습니다 대통령 아바타면 어 떻겠습니까 대통령 이 죽느냐사느냐 달 려있는데 어이가 없 네요 홍준표 김문수님을추대합니다 한동훈 비대위 가 새로운 바람 혁신이 된다 뒷소리 들도 조용히 잠재워 질것이다 새바람이 불것이다 원희룡 장관님을 그러겟하면 안되지요 장예찬도 정신차리세요 한장관과 함께 할 것 늘 한장관 홧팅 장예찬 이준석 지령받앗구나 저들과 반대길 가면된다 김문수의원 추천함니다 잘하실거여요 먖습니다 김종인 이준석말은 반대로 들으면됨니다 검사타령말라 시대가 요구하고 국민이 만든다 대한민국 한동훈 원희룡 장관님 도 잘하실것 입니다 한동훈 비대위원장 응원합니다 기도하겠습니다 한동훈 장관님 화이팅 원 장관으로 비대위원 장 갖으면 했는데 어짜 피 결론이난 만큼 한장 관을 적극밀어 당을 조 속히 안정시켜 내년총 선 만전을 기해 주시길 바랍니다 정치는 행동 말조심을 신중히 해야한다 예로 말한마디 잘못하면 정 치인은 하루 아침에 훅 갈수도 있고 정치인생 끝날수도 있다는점 항 상 조심 또 조심해야 할 점이라는 것을 항상 유념 명심해야 할것이 다 o o 신대표님 열열히 지지합니다 총선 기대하겠습니다 한동훈 화이팅 한동훈장관님 위해 기도합시다 오랫만에 윤석열대통령 도울수 있도록 너무 잘된거예요 암튼 비대위원장 배치가 누가되든 신의한수가 되기를 빕니다 화이팅 국민들은 윤정부의 성공을 위해 한동훈이를 원한다 김기현중심등 이제 영낭당서 수도귄인구가 전제2 1이고 윤대통령 한장관 등 본적이서울서 태어나 국민힘당도 수도귄 당이돼야할것이다 한동훈장관님 지지합니다 원희룡장관 자유통일당 대표로 영입 한동훈비대위원장할일많읍니다지금급해요 장예찬 이준석 빙의 한장과님 바르게 정확한 자세로 잘하실겁니다 힘모아주세요 사람은장 단점있는겁니다 한장관님 최곱니다 한동훈 전장관님이 국힘의희망이고 보수의 보배가아닌가 한동훈 화이팅 강력한 바람으로힘찬원동력이 한테멸공의힘으로 민주당이 극렬 반대하고 공격하는 것은 자신들에게 가장 불리하기 때문입니다 이것으로서 한장관이 최적임자임을 확실하게 증명해 주는 것입니다 비대위원장이 되셨으니 국힘 내의 위장우파를 짤라 내는데 집중해주세요 총선 실패를 은근히 바라는 그들에게 단호히 대응해야 합니다 한동훈장관 응원합니다 한장관 맞는일을 직진 직언할 인물 총선성공 못하면 대권 없다 골든타임 목숨걸자 국회에서 지난 한 해 한 장관의 활약을 보며 정치 경험이 없다는 말은 동의하기 어렵다 정치인들 이제는 여의도 문법에서 벗어나야 한다 전 첨부터 한법무입니다 다아 생각이 있으실겁니다 총선이 젤 급한데 뭔 한가한소리 총선지면 끝인데 대선위해 아끼자고 지지율 2년이나 남아 있다 한동훈 법무부장관 님 파이팅입니다 응원합니다 국 힘 당대표 최고 입니다 아무튼 천재검사 한동훈 이 비대위원장 되면 잘할것 이낙연이는 안돼요 신당끝 진짜로 우리 대한민국 애국자 신혜식대표님 항상 좋은 방송 너무 감사합니다 무조건 내년 선거에서 대한민국 우파가 뭉쳐야 합니다 그래서 이 범죄집단 민주당 악마 놈들을 무조건 내년 선거에서 심판해야 합니다 국민여러분 한동훈 비대위원장 화이팅 한장관님 휘둘리지마시고 굿굿하게 잘하시여 총선 성공하시고 다음 대통령까지 쭉 갑시다 한장관 하이팅합니다 존경합니다 최고최고입니다 한동훈 함께해요 비대위 위원장 한동훈 비대위원장 화이팅 누가되었던 우리는 믿고 응원해야 함니다 한장관님 잘하실겁니다 국민이 믿어준다면 후회는 없을거예요 한동훈법부장관님 화이팅 우파는 이제부터 뭉쳐야한다 총선 이겼다 한동훈장관님화이팅 장예찬천하람이런자식들 다쫒아내라 국힘 홧팅입니다 김기현 전당대회때 최종결과 발표때 눈 꿈뻑 꿈뻑 거리던거 딱 밥맛이더만 준떡이 따까리짓에 나름 행복한 나날을 보냈는갑소 180 1 로 싸우는 한동훈 장관님 열 렬히 지지합니다 여의도 사투리 말고 오천만 국민 표준어를 쓰는 사람 국민 입장에서 보면 최고에 사람입니다 그얼굴이그얼굴인 정치인들 이젠 좀 참신한 새 인물인 한 장관님 으로 세대 교체 되어야 합니다 국힘당과나라의 미래를 생각해서 대통령님께서 한동훈장관을 비대위원장으로 결정을 하셨을 것을 대통령님을 믿습니다 무조건 이번에 총선에서 이겨야 대한민국이 존제합니다 우리모두 힘합처서 사랑하는 대한민국 지켜냅시다,1
Usktxggcn3U,윤석열 중대결심 난리났다 2024 05 26,신의한수는 찐 애국입니다 최고 입니다 대표님 감사합니당 그리고 사랑해요 진실과 진리를 향해 정도를 가시는 신대표님과 전광훈 목사님께 하나님의 은총과 역사하시는 손길이 함께 하실것이라 믿습니다 신대표님 진정한 애국자이십니다 화 이 팅 신 대표님 화이팅 신 대표님이 계시기에 자유 대한민국이 미래는 희망이 있습니다 우리 모두 부정선거 반드시 밝혀내서 자유 대한민국을 다시 한 번 의대 하고 정의로운 국가로 세워야 합니다 신 대표님 화이팅 잘하고 계십니다 힘드셔도 정의와 진실은 반드시 승리 합니다 강하고 담대하 힘을 내시고 용기를 내셔서 최선을 다 하시면 반드시 승리하십니다 감사합니다 부정선거 밝히는것이 답일것 신대표님 정말 옳으신 판단에 감사드립니다 힘내시고 조금만 더 참고 지내십시다 하나님께서 해주실것이에요 늘 수고에 정말 찬사드려요 신대표님 힘내세요 대표님은 애국세력이 지지합니다 신혜식 대표님 말씀 옳 습니다 많이 답답하고 속상 하시겠어요 무지한 국민의 한사람 인 저도 속상한걸요 대포님국민청원빨리빨 리선전하세요우리모두서명하고부정선거밣 허서이깁시다 그래도 대표님은 나라를구하고계시잖아요 모든환경이최악이지만 오직 대한민국을위해 힘내세요 응원합니다 신혜식대표님 힘내세요 끝을 보고 달려가기로해요 광화문장에서 외치는 그 결기와 투쟁력으로 우리는 힘을 얻고 든든합니다 절대 약해지지마십시요 끝까지 응원할것입니다 한동훈은 독선 은혜모르는자 당대표 얼토당토않죠 홍준표 시장님 신대표님 홍철기님 매우매우응원합니다 원희룡 당대표가답입니다 국힘은 당장 해산하고 진짜 우파 정당을 창당하라 신 대표님 이번 선거 부정선거 반드시 밝혀내고 가담자들 모두 극형에 처해야 합니다 이를 위해서 선두에서 싸우시는 대표님께 감사드리며 애국 우파 국민들이 전 목사님을 중심으로 해서 하나로 뭉쳐 반드시 승리 합시다 장시호녹취록과 태블릿pc 진위여부 조사는 언제쯤 할수있을지 궁금하네 윤성열중대결정해야한다우파들속시워하게정치해주세요 한동훈은 반듯이 국힘당 에서 퇴출시켜야한다 원희룡 반드시 당대표 되야 합니다 오세훈이 박원순보다 더 광화문집회 막았습니다 국힘 썩어빠졌습니다 그 사람 감사원장 할때는 그럴듯했는데 정치하는 것 보면 이준석 옹호 한동훈 옹호하는 걸 보면 정치는 영 아닌것 같습니다 원희룡님 나오시면 좋겠습니다 한동훈 아웃입니다 오죽하면그런말씀을하실까요 신의한수넘고맙고사랑합니다절대로악역아니시고나라지키시는영웅중영웅이십니다 감사합니다대단히대단히요 정말 화납니다 신대표님의 심정을 백번 공감합니다 제 심정과 똑갈거든요 악인들의 길은 왜 이리 평탄하고 승승장구의 길인지요 의인의 길은 어쩜 이리 좁고 험난한지 인간인지라 자괴감 마저 듭니다 신대표님 그래도 힘내주세요 성경에도 좁은문 들어가길 힘쓰라 하셨습니다 어둠이 빛을 못 이깁니다 우린 지금 눈물을 흘리지만 마지막엔 결국 이기며 웃을겁니다 전목사님이 고난의 길을 가시듯 우리도 그길을 가야겠지요 다 외면하고 몰라 주어도 우리의 눈물이 진주가 되는날이 올것을 믿습니다 신대표님 애국국민들 모두 존경합니다 국힘도와주지마세요광화문을우습게여기는자들사랑교회감옥에서아직못나온분들안타갑읍니다 신대표님 힘내세요 신해식님 존경합니다 진짜 애국자입니다 나라가걱정입니다 공의를 위하여 진리를위하여 자유민주의 대한민국을 위하여 선한싸우는 사람이 한마디로 악역이라 말하는자들이 기회 주의자 들이다 신의 한수 응원합니다 감사합니다 이나라 어디로 가는 걸까요 속상하고 답답합니다 신대표님 그래도 우리함께 힘내요 꼭 좋은 결과 있을 거라고 생각합니다 화이팅 신대표님 세상의 악역이 천상에서는 귀한일입니다 세상에서 바른말하면 귀에 거슬리고 달콤한 소리만이 우쭈쭈 합니다 하늘의 상금을따셔야 합니다 그리고 비유로 푸셔야 합니다 끝까지 웃는자가 승리자 입니다 아멘 신대표님 힘내세요 좋은일있겠지요 전광훈목사님 새예루살렘 화이팅 신해식대표님 십자가고난의 길 화이팅 한동훈이 한테 가봐야 누가 표 주나 이젠 안준다 광화문집회도중요하지만 종로경찰서장과 대통령실 비서실장과 직접적인 접촉과협조를해야지 현장에서부탁해봐야 절대통하지않습니다 광화문집해를하면당년히알아서협조해주겟지하는생각을버려야합니다 세상은 항상직접만나서협조하고부탁해야술술풀려나간다고생각합니다 국민의 힘 국회의원 그자리에서 일해라 신혜식대표님 최고에요 옳은 일을 하시는건 분명합니다 한 훈은 트로이 목마 신대표님은 악역이 아니고 진정 선한 역할입니다 표현이 잘못 됐어요 악역이러뇨 그 말 한 사람도 식견이 전혀 없는 사람이네요 나라를 위해 제대로 분석하고 논평하는 신튜브를 공격하는 자들은 정신이 빠진 사람들입니다 한동훈 법무장관2년 이번총선참패 절대책임회피 할수없다 한동훈 절대 지지하지않는다 우파 여러분 광화문 참가자는 진짜 영웅입니다 자유투사 입니다 앞으로 우파에게 좋은일들만 일어날거예요 원희룡 당대표 되야 국힘이 삽니다 원희룡 화이팅 응원합니다 신대표님 지금은 힘들지만 조금만 더 견디고 기다려 보아요 언젠가 됩니다 진실은 빛이납니다 사람은 어리석어서 그렇습니다 힘내세요 원희룡이 될수있도록도와주세요 국힘당은희망이 안보여요 또배신 당으로 가는것 같아요 신대표님 마음이 답답합니다 부정선거수사로 300명 갈아치워야 신튜브 전목사님이 가장 애국적입 한동훈이당대표되면 김경률또 기어나올듯 좌로가는국힘은 더이상 희망이없다 최재형이 대통령을 배신 충격입니다 배은망덕한 한동훈 한동훈 아웃 무슨 서병수를 선관위장 맡게 합니까 국힘 황우려가 서병수를 선관위장 시켜서 한동훈을 밀고 있네요 그러면 그만할까요 어쩌라고 이틀 집회에 만신창이가 되었는데 이밤에 어쩌란 말입니까 하나님께서 절대로 가만두시지 않을것입니다 잠이 확달아나네요 듣기만해도 열불나네요 너무속상해서죽겠어요야당의 사나리오가 강하니까여당이힘이없읍니다어이가없읍니다 대표님 악역 아닙니다 힘내시구 지지합니다 신대표님 응원합니다 바른소리 하는분 이 많이 필요합니다 악역이 안니죠 진정한 충신이십니다 존경합니다 신대표님 응원합니다 힘내시고 하늘의복 임재하실겁니다 국회 부정선거 청원 합시다 현재 3만명 정도인데 6 1 까지 5만명 가야 합니다 신대표님 적극 지지하고 응원합니다 광화문은국힘도와주지마세요고마운것도모르고 최재형은 이준석줄이라 그럴수 있는데 안철수 의원 에게는 실망이 크네요 한동훈 따라다니는 쫌팽이들 그인물이 뭐가잘났냐총선도말먹고 일잘하는 정치인이 잘난거지 전광훈목사님이나 신혜식대표님이 똑똑하고 잘난사람이고 훌륭한 정치인이고 능력자이시다 신대표는 악역이 아니라 진실역을 맡고있습니다 보수우파가 있습니다 글구 잡동사니 국힘은 이제 분당 으로 갈것이다 한 뚜껑 때문에 매일 홧병나요 차라리원희룡그분을지지하는게났을거갔읍니다 국힘당 미래는 없음을 알아야합니다 신혜식대표님 청아대 비서실장으로 보냅시다 여당없다 야당이 2 서병수가 왜 조용히 살지 원희룡의원 응원합니다 당대표 나오려는 국힘들 외조용한지요 나경원 문제가 있는 것은 있다고 해야 변하지 그렇지 않으면 계속 엉뚱한짓 하는 당이 국민의 힘이다 공직 출신들이 많으니 세상 물정을 모르는 거야 대통령께서는 정권을 운영해 보니 아 이건 아니구나 깨듿고 알잖아 단점은 용기가 없고 물에 물탄듯한 태도가 문제야 대통령 됐으면 목숨 걸고 과감한 통치가 필요한건데 진정한 자유 우파는 머리하는 거야 왜 알면서 용기가 없으니까 기가막히는 거지 저도당원인데요 뿌리는박졍희대통령입니다 졸개한동훈은 잠시웃다가사라질겁니다 대한민국지킬겁니다 좌파방송 좌파언론 거짓선동 정당 좌파 판사 좌동운 좌힘당 선관위원회 비리등을 한번에 때려잡는 방법이 무엇인지 윤대통령은 깊이 고민해 볼 필요가 있어 보입니다 이대로는 나라가 바로 설 수가 없어 보입니다 광화문 세력만으로는 너무 힘이 듭니다 윤대통령이 결단을 내려야 합니다 맞습니다 맞아요 뭔가가 결단이 필요합니다 신대표님 악역아닙니다 힘내세요 분별력없는 바보들이나 국힘당이나 한동훈 지적안하죠 홍철기 김사랑 안정권 멸공 여기저기 많이해요 힘내세요 준섹이 심판하러 당원가입한 사람입니다 주위에 참고 기다리는 사람 많네요 한동훈이 당대표되면 희망이 없는 국짐 탈당합니다 신대표님 악역 아니고 진실을 쫓는 우파의 가장귀한 보물입니다 다는 유투브 거의 구독취소했지만 유독 신의한수만 보면서 웃었다 울었다 합니다 꼭 신대표님에게 힘이되어드린것입니다 대한민국 개판오분전 우파는 외로워 신혜식 대표님 힘내세요 대통령님 광화문 옮겨서 갑니다 우리는 윤통을 지켜야 한다고 생각해서 집회도하고 하지만 그 측근들이 생각하는 것 광화문과 전혀 다른 길이고 윤통도 광화문울 불가촉천민으로 생각하고 있습니다 고성국이도 한동훈 아까요 처음에는 좀 까더만 윤통님 부정선거수사 하시요 신대표님하고 홍철기님 두분이 제일진실되게한동훈을 비판합니다 안정권 용산 삼각지에서도 한동훈 비판합니다 신대표님도 오후 4시 이후에 나오셔서 한동훈 비판해 주셔요 앞으로만 할것이라고 합니다 한동훈은 한방에 훅간다 윤대통령님은 광화문광장과 함께하신면 해답니다 신해식애국자가 진짜 애국자 신대표님잘하고계심니다홍철기도한동훈잘까고싸우고싸워주고이슴니다우리모두열심싸웁시다,1
iuBAhInoUaM,전광훈 평택 10만 집결 2025 07 26,광화문으로 모입시다 애국동지 만세 행동할때 입니다 지금은 행동할때 평택분들 모두 나와요 수고많으십니다 대한민국 만세 시작은 미미하나 끝은 창대하리라 대한민국 만세 애국자여러분더운날씨에국가를위해고생이만씁니다 미군철수는 노 이더위에대단하십니다 감사함니다 고맙습니다 누가뭐래도 미국은우리의은혜의나라입니다 역시들힘찬합성든든함니다 최고최고 더워서 눈물납니다 함께 하지못해서 축복합니다 이무더위에 나라위해 수고하시는 전광훈목사님 애국시민여러분 사랑합니다 신의한수 신혜식 대표님 이선범 기자님 스탭분들 모두 고생하셨습니다 감사드립니다 전광훈 목사님 애국시민 감사합니다 날씨 무더운데 건강 관리도 잘 해주세요 윤어게인 뭉치자 싸우자 이기자 승리합니다 진리가 너희를 자유케하리라 광화문 천만명 모이자 감격스럽고 눈물 겹습니다 주한미군 우리와 함께 갑시다 손상대교수님 항상사회보시느라 고생이많으십니다 힘내세요 하나님께서 붙들어주시길 기도합니다 힘내세요 황중선장군님 항상속시원히 잘 바르게 알려주시니 너무감사합니다 힘내세요 크게 외쳐주시니 하나님께서 기뻐하십니다 자유를 지키고 자유민주주의 대한민국을 굳게 지켜주세요 미군철수 미군철수 절대 절대 안됩니다 우리대한민국을 지켜주십시요 지텨주십시요 한미군철수 반대 한미동맹 강화 하라 종교단체 들께 고개숙여 감사드립니다 윤대통령님 꼭 원상복귀 시켜야 됩니다 윤대통령님 건강 위해 잘 이겨내시길 빕니다 이더위 애국자 여러분이 다시 대한민국 원상복귀시킬것이다 믿습니다 애국자 전광훈 목사님 전광훈목사께서 건강한 모습을 보니 반갑습니다 편찮으신가 걱정했었는데요 끝까지 건강하셔서 자유우파국민을 이끌어 주시기를 바라며 대한민국을 지켜 주소서 신의한수 신혜식대표님 이선범기자님 우동균기자님 이병준 기자님 홍철기 기자님 박완석 기자님 응원합니다 미군철수 절대반대합니다 미군 철수 반대 합니다 미군철수반대 수고많습니다 화이팅 우리가 이긴다 대한민국 만세 좌 떠나라 설수반대함 이 무더위에 너무 고생하십니다 저희는 참석못해도 마음은 그곳에 있습니다 감사합니다 신해식대표님 너무고생이 많으십니다 힘내세요 일일이 옳으신말씀 입니다 속시원히 외쳐주시니 너무감사합니다 고맙습니다 감사합니다 사랑합니다 아마도 해방이후 usa 환영은 처음이요 역사적인 일 늙어 도움되지 못해 주한미군 철수 절대 반대합니다 고생 많으십니다 애극동지 더운데 애국민성도님들고생많으세요 애국하심에감사드립니다 함께응원합니다 애국자님 정말 고 맙습니다 선지자 전광훈 목사님 말씀대로 될지어다 하나님께서 사랑해요 아이구 무더위 폭염속에서 행사와 참석하는 애국시민들 존경합니다 미군 철수하지마세요 주한미군은 철수하래도 철수 못해 주한미군 만세 만세 힘있는 노래 좋아요 현지 함께하신 모든분들께 진심으로 감사드립니다 이더위에 뜨거운 날 왜 우리가 한 인간때문에 추위에 더위에 이타까운 현실이 아픔니다 감사합니다 사랑합니다 이나라를 위해서 전광훈목사님 국민혁명의장 이시며 선지자이십니다 하나님께서 붙들어주시길 기도합니다 자유민주주의 대한민국 지키기위해 혼신의힘을 다하시니 너무감사합니다 건강조심하셔야합니다 전광훈 목사님 애국 국민여러분들 고새미많 습니다 참멋저요 미군 철수 절대로 안되요 뜨거운 뙤약볕에 대단하십니다 분명 하나님은 우리나라를 지킬것입니다 이 뜨거운 날씨에도 나라를 위해 고생하시는 애국자 분들 너무 감사합니다 존경합니다 애국자님들 있기에 든든합니다 전광훈 목사님 만세 수고많으십니다 건강하셔요 더운데 죄명태문에 고생많으십니다 더운날씨 수고가 많습니다 이 모든게 한동훈 독사때문 애국자 국민분들 이더위에 고생너무많으세요 감사고맙고감사드립니다 정관훈목사님 고생하시고 이재명하나때문에 국민분들 이재명 은탄핵 나라망치는 이재명 탄핵탄핵 해야합니다 더운날씨도 무릅쓰고 애쓰시는 여러분께 감사드립니다 대한민국 의 애국자 님 선지자 전한훈목사님 건강하시고 존경합니다 감사드림니다 멸공 부정선거 척결하자 신의한수 수고많으셔요 이선범기자 힘내세요 더운날씨에 애국국민들 애국청년들 고생이많으십니다 자유를 지키기위해 혼신의힘을 다하시니 얼마나 감사한지요 하나님께서 붙들어주십니다 김정숙과 김혜경도 특 검 하 라 특검하라 특검하라 전광훈목사님감사합니다주한미군철수반대입니다함께못해서죄송합니다먼곳에서나마응원합니다 평화를 위해 끝까지 싸워주시는 주한미군 든든합니다 목사님 최고심니다 전광훈목사님과 모스탄 뭉쳐야 한다 미군철수는절대안됩니다 이더위에수고 고생이너무많으십니다 감사하고고맙습니다 애국자님들 정말강사합니다 우동균기자님 너무고생이 많아요 힘내세요 자유민주주의 대한민국을 굳게 지켜주세요 응원합니다 대한국 만세 전광훈 목사님 정말 륭륭심니다 믿습니다 힘내십시요 애국심이 이 뜨거운 태양빛에도 불타오르는 전광훈 목사님 존경 합니다 무교 신자지만 정말 존경스럽습니다 애국 화이팅 사랑하고 존경합니다 못가서죄송합니다 더운 날씨에 애국자님들 고생하셨습니다 미군철수 반대 무더운날씨에 지금 제일 더운시간에 수고하십니다 몸 조심하시기 바랍니다 전광훈목사님 애국시민들 이폭염에 나라사랑 윤석열대통령님 사랑하는마음에 눈물이납니다 트럼프대통령님 미군철수 반대합니다 전광훈목사 한국을 구할 선지자입니다 집회에 참가한 모든 애국국민 여러분 감사합니다 맞습니다 우리가 이겼다 대한민국 영토을수호하는 윤석열 대통령 님 비상계엄령은정당합니다 멸공 전광훈 목사님 건강하세요 찐애국자이십니다 고맙습니다 감사합니다 애국자님 윤석열 대통령님 지키주세요 기도 합니다 대한민국 애국투사 선지자 전광훈 목사님과 함께 기자단 신의한수 그룹 신혜식 대장님 홍철기 대표님 박완석 대표님 우동균 기자 이병준 기자 이선범 기자 모두 수고가 많으십니다 언제나 지지하며 응원합니다 주한미군 철수절대반대 미군철수 반대합니다 미군철수반대합니다 신대표님 수고하셨습니다 할렐루야 감사합니다 전광훈 목사님 정말 륭륭심니다 든든합니다 함내십시요 든든합니다 더운날씨 고생많으세요 힘내십시요 믿습니다 수고많으세요 이재명 무슨 망신이야 그리대통령 하고싶어서 대통령 했으면 잘하지 나라가 다시 태어나야합니다 대한민국 만만세 윤대통령 계엄은 계몽령이다 나라를 깨워주웠다 살길를 찾앗다 윤대댕령님이 뭘 잘못해서 전국민 10만원씩을 판결하는가 썪어빠진 법관들 다 사퇴하라 국민의 명령이다 주한미군 철수 절대 반대 주한미군 덕분에 안보와 경제의 풍요를 누리고 있다 절대로 고마움을 잊으면 안된다 이렇게더운데 이죄명 때문에 국민이 나라살리기 위해 국민들 너무 고생많으심니다 전광목님수고하심니다 신해식 대표님 평택 집회 화이팅입니다 필승 새벽4시에 서울 침략 한달 만에 대구 부산 만 남아 바쁘게 인천 까지 오는 동안 필사 적으로 낙동강 다부동 에서 막아 냈다 젊은애국자님들 무더위에 고생 많 십니다 나라구해내기위해선 윤석열대통령님 빠른시일 복귀하셔야합니다 네로남불 당 을탄핵합시다 이재명이 한태 국민들이 청구한다 범죄자가 대통이되서 불안해서 못살겠다 외교도 주한미군철수 전쟁이 두렵다 전국민이20 만원씩 청구한다 전광훈 목사님 정말대한민국을 위하여 진정한 목사님 이십니다 존경합니다 감사합니다 이재명 대통령 내려놔야 나라가산다 윤대통령님 섭방해라 부산거제4동 임원 김정옥입니다 빨리 이죄맹끌어내리고 윤대통령 복귀시켜야합니다 우리가살길은 윤대통령님복귀만 미군 철수 반대 합니다 2030청년들아 나라가풍전등화다 모두나서라 심각한정권 보고만 있을까 조국이 있어야 내가있고 미래가있다 나서라 내자유 내권리 스스로찿자,1
IXxnzkejxnM,김은혜 분당 개폭망 2024 03 20,한동훈 김경율 좌파 국민이 심판 하자 집토끼 다 잡아놓은듯이 무시했지 방심은 금물이다 윈인의 핵심 몸통은 좌동훈입니다 모두 한동훈의 작품입니다 모든 책임은 한동훈 입니다 기회주의자 반드시 폭망하지요 대통령을 각을 세우고 대통령을 공격하니 니들이 잘 되겠냐 성공은 끝까지 봐야 알죠 한동훈 언제 사뙤하나요 우리 윤대통령을 위해 단합합시다 단 한동훈보고 찍는건 아닙니다 윤석열대통령 위해 똘똘 뭉칩시다 김은혜는 험지로 안보내고 원하는 곳으로 공천 줬다고 보답 하느라고 한동훈한테 붙었나 분열은 한동훈인것을 알아라 그래서 우파가 문제 정확하게 알아라 이종배 시의원 국회 보내라 김은혜탈락시키자 어부지리로 얻은 자리 욕심만 가득하다 한동훈 김경률 김은혜 아웃 김은혜 이번 선거 낙선하면 정치 끝 김은혜는 기회주의자 안돼요 안돼 김경율 김형동 함운경 내쳐야 지지율올라간다 웃겨요 도태우 장예찬 탈락 시켜 지지울 빠진거죠 대표님혜안 힘이됩니다 숨은하와를찾으세요 동훈과패거리싹뽑아내요 아시아투데이 방송 좋습니다 민주당에서 넘어온 인간들 처내야 국민의힘 희망이 있다 김은혜 정신차려라 언제부터 당신이 잘났었는데 자통당이 확 일어나야 합니다 김은혜 은혜를원수로갚으니 애국보수가 김은혜한테 표주고싶을까 대통령님하고 선긋는게아니고 대통령님하고 함께해야된다 대통령님과각세우는게 보수를떠나게하는거다 권한이 있는만큼 책임이 반드시 따르게 되어 있어요 한동훈 빠는 맹한 우파들 그대가를 치루리라 자유통일당으로 가자 썩은빠진 정치계에 입문하면 제일 먼저 배우는게 뒤집어 씌우기 남탓하기 물타기 참 의혹받고 있으면 평생 집에만 있어야 되나여 웃기는 한동훈이야 능력없으면 사퇴해라 자리욕심 그만내고 진실되게 살아라 은혜씨 대표님 말씀 딱 맞습니다 김경률은 당장사퇴하라 좌파가 국힘에와서 분탕질 하지말고 하루빨리 사퇴하고 나가라 한동훈 위원장은 김경률을 사퇴시켜라 꼭 김은혜도 한동훈앞에서 거지건성을 진짜 실망이다 쯧쯧 진짜 울며 겨자먹기 심정으로 국짐 찍기 싫습니다 신대표님 말씀 정확합니다 이런자들이 나온곳에 자통당에서 후보내시죠 김은혜후보 교체해야지 않나요 은혜를 모르는 배신자 국힘에서 사퇴하시요 세상에 너무놀랍네요 배신자는 혹독하게 댓가를치러야합니다 김은혜가 배신을 너무기가막히네요 배신하는인간들은철저히 국민들이 돌려줘야합니다 윤석열 대통령님 힘내세요 화이팅 한동훈김경룰사퇴하라김은혜실망이다 엄중한시기에한마음으로똘똘뭉쳐야됩니다 남탓 대통령탓하지마라 내탓이요해야승리할수잇다 한동훈 을멀리해라 그래야승리한다 한동훈에게 더는 못참겠다 사퇴하라 너거패거리들하고 같이 사퇴하라 한동훈어떻게해야퇴출시킬수있죠 살려주세요 한동훈이는 좌파냐 우파냐 좌파가벼르고있는데 누가막을것이냐 굯심은 멍청한 자들 보고만잇다가 당한다 당해보고 또당한다 김은혜 처음붙어 싫어썻요 김은혜같은 배신자는 떨어져야한다 도태우 장예찬 공천취소로 수도권에서 16 폭망했는데 한동훈은 윤통 탓하고 자빠졌어 한동훈때문에 국힘이 망했다 그릇이 안돼요 한동훈 김경률 김은헤 대통령 까면 앞일이어찌되는지 한동훈에게서 유승민의 냄새가 난다 존재감도 없는 김경율 발언 나올때마다 짜증나네요 아이고 쌤통입니다 세상 모든사람이 배신해도 김은혜랑 또 다른 한사람은 그러지 말아야지 배신자로 낙인 윤대통령님의 품이 너무 위대하십니다 윤석열이 임명한 사람은 왜 윤석열을 배신하나 너무 정실인사 하는거 아냐 김은혜는 낙선이답이다 홍보실장할때도 대통령홍보하는걸못봤네요 김경율 사태시겨 말썽많은민주당은똘똘뭉치는데 국민의힘은왜그런지 김은혜는 왜 그렇게 여러번 선택 및 공천을 받는 건지 보수우파에는 인물이 그렇게도 없나 인물을 키워야 하는 거 아닌지 정당의 고발은 무고죄가 성립하지 않습니까 국민의 힘은 무고죄로 고발해야 합니다 우파는 법을 활용할줄 모르는 것 같습니다 또 누구탓할까 황상무 이종섭외무부장관 들어오신다 비례대표는 무조건 자유통일당 으로 가야 나라를 살릴수 있습니다 한동훈 김경율 사퇴 시켜라 국민들이 분노 한다 그럴 시간에 지역구나 살피지 비겁하고 비열한 놈들 다시는 정치판 기웃대지마라 경기도지사때도 그러더니 김은혜 인기없다 김경률 함은경 빼고 갑시다 분탕 부추기는 자들 국힘 국회의원들은 모든 잘못이 대통령님이 잘못해서 지지률이 떨어진다는 오판을 하는것 같습니다 국힘당 자유통일당하고 협력하라 맞습니다 한동훈은 도시락 싸갖고 따라와도 대통령님의 발가락때보다도 못합니다 김은혜 너도 참 대책이없다 니는 당선 힘들다 보수우파에 찍혔다 정치 그만둬라 신혜식 대표님 보수우파 제건 다시 합시다 다 맞습니다 윤대통령이 사람쓸때 제발 보수우파확실한지 알아보고 임명좀 했으면 좋겠어요 한동훈과 그패들이 사퇴가 답이다 윤석열 대통령님을 국민의당 위원님들이여 도우십시요 대통령을 도와야 합니다 김은혜 윤석열대통령 때문에 국힘당 지지하는거요 국민의 민심을 못 읽고 있군요 우리는 윤대통령님을 지키기 위하여 국힘에 관심이 있는거요 배신을 배신자 이런 인간들은 탈락시켜야 됩니다 김은혜 원래 안되는 인간을 경기도지사 잡혀먹고 또 분당나가 개판치네 김은혜는 정말 정치의 자질이 전혀 없습니다 그냥 아나운서로 거기까지 입니다 전 경기도지사 나올때도 깜도 아니라고 익히 느꼈습니다 윤석렬 대통령님께선 인재 시람 을 잘 못 보시는것인지 아님 하나같이 배신들을 하는 인간들이 나쁜것인지 아주 심각합니다 윤대통령님 탄핵 하려는 자 들만 득실 득실 하니 대통령님 딱하십니다 혼자 얼마나 힘드시겠습니까 극우라고 불러도 좋다 싸우는 자유 통일당이 좋다 신의한수가 분열시키는것안이구 한동훈 이 분열시키잔아 한동훈은 아직 안 늦었다 전광훈목사를 만나 이 어려운 선거 현안에 대해 자문을 구하고 자유통일당과 연대 또는 합당하면 기회를 가질수 있다 크게 생각을 바꿀 자가 아니지만 폭망이 비디오네요 이번 선거는 져도 좋다 좌익 한동훈 안찍는다 한동훈 내치고 모든우파가 연합해야한다 김은혜로는 안돼 이런 깡통을 왜 공천했냐 한심하다 한동훈 국힘 정신차려라 윤석열도 이런걸 왜 감싸는지 나 참 한동훈이정치더럽게하네 국민의힘은 윤대통령을보고찍어주었지 한동훈보고 국민의힘밀어준게아니다 참 똑 같은일 또 반복 답답한 김은혀 사람 눈으로보면 몰라 대호대통령께 붙어야지 신대표님 지극히 정상 발언입니다 이해 안되는 인간은 한동훈 입니다 윤대통령을 저격하다니 이재명 돕는 한동훈 놈입니다 김은혜 셈통이다 정신차려 국힘당 대표님 말씀 맞습니다 지지합니다 나는 절대로 국민의힘을 찍지않는다 자유통일당 찍는다 한동훈 꽁생원 하늘 하나님 무서운지 모르고 저 자가 단두대에 올라갈겁니다 지금 분열 시키는건 저 악당들 개략입니다 그것을 지금 한동훈이가 하고 있다는겁니다 김은혜 그렇게 살며 안되지 윤대통령 국민이 어떻게 뽑은 대통령인데 그리고 어찌 바뀐정권인데 이럼 안되는거다 대통령과 각을세워 분열하는게 말이되냐구 한때는 윤석렬 대통령 대변인으로 계신분 그리고 윤대통령힘으로 이번 총선후보까지 나가운데 한동훈과 함께 윤대통령께 이래도 되는건지 정말 김은혜 실망이다 그러니 대통령지지율 보다 국힘당후보 지지율이 떨어지는거다 김은혜 인생 그따우로 살지마라 경기도지사 더불당에 뺏긴 건 국힘 공천 못받았다고 무소속으로 출마한 가세연의 분탕질이 원인이었지만 김은혜 자체가 똘똘한 후보였다면 절대 지지 않았을 선거임 그때 경기지사 국힘이 이겼으면 지금 이재명 감방에 충분히 넣고도 남았음 신대표님 애국 공정 논평 지지 응원합니타 자유 통일당은 김부선씨 입당 시키면 대박납니다 신혜식대표님은 항상 변치않는마음이라좋읍니다 건강하시고 힘내세요 지네들이 분열시키는건데 왠 남탓이래요 한동훈 사퇴 해야 합니다 우리 진짜 죽는겁니까 지난 5년간 지겹게 길거리 활동해서 여기까지 왔는데 또 하라구요 한동훈은 김형동과 김경율과 동반 사퇴하라 신 혜식 대표님은 분열을 조작하는 분이 아닙니다 요즘 한동훈 하는 행동이 답답 하기 때문이죠 대표님 존경합니다 힘내세요 신대표님 국회입성해서 일당백만들자 박은헤 자업자득 한동훈 위원장과 윤대통령은 한몸입니다 지금은 무조건 뭉쳐야됩니다,1
bSzINmwhG4c,항상 지지합니다 윤사모 청년 회원 등장 윤석열 탄핵무효 헌재앞 계엄령,맞아요 중심있는 의견 존중합니다 에구 이뻐라 축복합니다 예쁘고 똑똑한 젊은청년 정확히 아네 예뻐요 미래가 밝다고 생각합니다 보는눈이있었네 속터져 지혜여 탄핵무효 탄핵무효 탄핵무효 정의는 살아영원합니다 대한민국만세 고맙다 아들딸들아 대한민국만세 2030 이 나라의 희망입니다 민주주의 지켜 젊은이의 미래를 보장받읍시다 응원합니다 2030청년분들 화이팅 윤석열 대통령은 요즘세계에서 보기드문 가장 용기있는 대통령 지도자 이시고 그를 지키는 국민들은 가장 용기있는 국민으로 세계에 알려질 겁니다 추운날씨에 같이 힘내시고 하느님께서 보호해 주시리라 믿고 기도합니다 참으로 훌륭한 청년이네요 피끓는 청년들아 너희가 살아가야할 이나라 모두 일어나 지켜라 고맙습니다 자유 대한민국 만세 추운날씨 고생이많아요 조금만더참고수고해주세요 응원합니다 지지합니다 젊은 청년들이여 당신들의 미래를 생각하자 일어나라 깨어나라 젊은이 여러분 감사합니다 수고 하십니다 열렬히 응원합니다 애국 청년 입니다 감사합니다 우리대통령님 을지킵시다 애국청년 입니다 감사합니다 애국자이십니다 고맙습니다 젊은청년들님 어르신 추운날씨에 감사합니다 항상 지지해요 내일8일수욜하고 모레9일목욜이 고비인거같던데 다들 체력비축잘해주시고 2030분들 주말만큼 많이나와주세요 반차 연차쓰고서라도 동료 가족들과 함께오시구 안전을 위해 온갖보호장비 착용과 단단한 마음의준비하고오세요 저희집도 내일갑니다 애국시민 여러분 수고 많으십니다 응원합니다 힘내세요 자유 대한민국 만세 젊은청년들이여 일어나라 더욱 많이일어나라 정말 예뻐라 아가씨 앞날에 좋은일만있길바래요 그리고 끝까지 윤대통령님 응원하고 지지합시다 앞으로 좋은일만 있지않을까요 장하다 아들 딸 맞아요 맞아요 젊은 청년 홧팅 홧팅 우파청년들이여 모두깨어나서 우리대통령님을 잘지켜주세요 화이팅 훌룽한 청년 말도에쁘게잘하네요 윤사모좋아요 윤심이 지켜내겠네요 무조건 이깁시다 윤대통령님 힘내세요 이뽀라 귀한 딸 이 나라를 올바로 이끌어 주세요 윤성렬대통령님 지켜주셔서 감사합니다 여러분들이 겨셔서 지켜주셔서 잘될겁니다 우리나라대한민국 윤석열대통령님 응원합니다 힘내십시요 최고입니다 존경합니다 몇년전 오래한달에두번모인 모임에 어떤분이전광훈목사님을 나쁜사람으로 막몰아기드라고요 난그때놀라운 목사님의위기의대한민국의소식을듣고 몆달을분노로 잠을못잤던때에 가만이참을수가없어 폭탄처럼솟아나는분노로벌떡일어나 몃마디쏟아내고그곳을박차고나와버렸읍니다 지금까지안갔읍니다 이젠제마을알았으면 모두애국으로 돌아오세요 청년부님들 훌륭합니다 대통님 힘내세요 윤석열 대통령님은 자유대한민국을 위해서 목숨을걸었습니다 젊은세대도 목숨걸고 함께해주실거라 믿습니다 청년들이 정신차리고 이나라를 지켜야죠 용기있는 행동에 박수를 보냅니다 순수하신 대통령님을 젊은청소년들도 순수하니 이렇게 스스로 지지하네요 이쁜학생들 나라의보배이십니다 응원합니다 가자 국민저항권 발동 예쁘고 똑똑한 청년 화이팅 애국자님들 추운날씨 에 나라를 위하여 싸우시는 모습 대한민국만세입니다 멋지네요 청년들이 일어나 주어서 윤대통령님 힘이 되어 주어서 감사해요 윤사모 화이팅 나두 가입 하고 싶다 윤사모 화이팅 우파사람들은 예쁘고 똑똑하다 올바른 청년이네요 힘냅시다 애국 젊은 숙녀 들 용감한 행동 고맙읍니다 윤사모 국힘도 청년들 보고 배워라 그냥 윤빠야 윤을 왜 지지하게 됐고 왜 좋은지가 빠졌잖아 윤사모지지합니다,1
kwnm16JR0oU,김재섭 한지아 채상병 특검 찬성 2024 07 26,한동훈특검합시다 출당시켜야 합니다 당론 안따른자 해당행위로 출당 둘 다 출당시켜야 합니다 색출합시다 김명수 3년5개월 만에 부르나 똑똑히 해라 이것이 국힘당원들의 수준입니다 바보들의 행진 을 보았네요 이원석도 특검가자 한가발은퇴출이답이다 한동훈 특검 가요 한덥게는 꺼져라 미칠것같다 덥게때문에천불나네요 대표님더운날씨에 몸건강하십시요 피같은 국민들 세금 왜 특검으로 쓰려고하나 국민을 무서운줄 모르시나 김재섭 한지아 헐 국민눈높이에서 생각컨대 한동훈특검 빨리 합시다 한지아 피는 못피하네 좌동훈 사퇴하라 국민의힘 내 배신자 2명더 탄생 축하합니다 한동훈대신 특검 찬성했네요 국회의원 사무실에 전화 합시다 한딸도 김민전 의원사무실 에 전화 한다던데 한동훈과 이원석은 한몸입니다 국민눈높이에서 보니 그러네요 개판 5분이죠 5분 전이 아니고 이원석 추천한 사람 법무장장관 한동훈은 한조 당대표란 사람이 폐기된 법안을 무슨 이유로 입장변화가 없다고 계속 우기는 것인지 당론은 필요없고 자기정치만 하겠단 말이겠지 한동훈 똑바로 해라 당대표한은국힘당서퇴출시켜야 다다표선거부정의심 부글부글 특검 한동훈의 본색이 드러나는 이정표 좌향좌로의 출발이 시작되었다 한동훈은 사악한 인간이라고 했어요 저인간의 모든내면을 보수우파가 낱낱이 뼈저리게 느끼게되면 쫓겨나게 될겁니다 한동훈 특검 문제 한동훈공천도 억망 한동훈 뻐꾸기가 들어와서 클낫네 한동훈특검도 찬성하면되겠네요 언제가는꼭탄핵당할거같은느낌이듭니다 윤대통령 한배신에 대항할 대안을 찾으세요 어휴 채상병특검 지긋지그싸네요 정부에서 일부러 죽인것도아니고 참 부모님인 구인지 왜 아들죽음을 이런식으로 하는지 저승에서 아들이 얼마나 산탄스러울까 해도해도너무히네 이젠 국힘은 관심없다 하고싶은대로 다들하라 이원석과 이준석 석자 돌림 한지아가 한화갑조카이면 민주당가야지 왜 국힘당으로 왔냐 비례의원은 직 놓고 나가게 못합니까 당론을 따르지 않는 비례 의원직 개인이 따온것도 아니고 당이 얻은 자리 와서 앉은 주제에 당론을 어긴다 법적처벌 받아야만 의원직 박탈됩니까 탈당 못시켭니까 모태좌파 한지아 보궐선거로 국힘당 충원하고 쟤 축출해야합니다 한동훈이 잘난척하고 싶어서 소시오패스는 튀는걸 좋아한다 소시오패스는 어떻게 하면 인기 끈다는것까지 알고 행동한다 한지아 가 한화갑조카라고 하던데요 한동훈 같은인간 뽑은 우파라는 당원들 정신차려라 특히 황경구 와 삼천포로 빠젓는지 애국순찰이나 잘하지 민주당 한화갑 조카 한지아 한빠 국힘 파당해라 김재섭도 끝났네 제3자특검법이 국민눈높인가 한동훈은 답해야 간보다가 어차피 갈곳으로 갔구나 한뚜껑과 이흑심은 한통속 한동훈 이원석 쌍라이트 사라져야한다 자유민주주의 대한민국 지킴이 신해식 대표님 찐애국자이십니다 고맙습니다 자유통일당이 답이다 찬성한놈들 다 출당시켜야 원석이 준석이 무슨 관계일까 한동훈 이원석 집무유기 수사하라 왕뚜껑라면 윤대통령은 한배신을 그렇게도 모르는건가 아님 김재섭 한지아 될때부터 프락치 남새가 나더라 이원석 버겁하게 굴지말고 빨리 나가라 한동훈 똑바로해라 한배신은 고처쓸수가 없는자이디 한동훈 신뢰가 안감 김 한 한동훈과 어떤관계 한동훈 민주당가는 거 앚네 국민모두가일어나야됩니다 전광훈목사님 자유통일당 힘차게응원합니다 동훈아 내부총질좀 그만해라 김재섭 한지아 90 찬성 자유통일당이 답입니다 당대표 한동훈 은 사퇴시켜야한다 이재명 대장동 건설 비리 이익금 조사하면 이익금 흐름에서 모든 정치 여야 기업비리 다볼수 있다 정치인 입막음 돈으로 저치이익 응원 합니다 국힘은 끝 자유통일당만이 답이네 맞읍니다 이원석 한동운부터 사라져야검찰이제데로수사가이루어질것같네요 국짐당에서 퇴출시켜야댄다 한뚜껑징계해야합니다 윤 대통령님 생각 있는것 가 다 조금만 기다려 보자 한지아도 와꾸가 딱 좌익이네 와꾸는 과학이다 헐 배신자들 한뚜껑 퇴출시켜야합니다 자들이대통령한태간맛협박경고왜몰라 한동훈이되면 나라망한다고 그렇게 외처건만 대통령님 어떻게해요 불쌍한 윤석열 대통령님 윤대통령은 왜 법무장관을 좌파한동훈을 데려오고 국힘당까지 끌어들여서 이지경을 만들었는지 짜증납니다 모든 책임은 윤통 에게 있어요 한뚜껑 은 민주당으로 가는게 답이다 신대표님 어려운상환에서 우파를위해서 열심히싸우시고 계신데 감사하고존경 합니다 한동훈이원석 배신자 배은망덕한 아주교활하고 사악한놈들 어덯게처벌 해야합니까 한뚜껑윤통한테협박하는데 윤통은박근혜통세번만나면목없다사과하고 구원을풀은걸로아는데 다오픈하고 부정선거수사하고 제2박정희가되세요 무엇이두렵습니까 한뚜껑 특검해라 한동훈망나니가 날뛰는건 윤통책임이 크다 우리한동훈 이라고 추켜세우니 도대체 뭐 하자는건지 윤통이 더 답답혀 이원석 한동훈 직무유기 처벌하라 국민모두가일어나야됩니다 전광훈목사님 자유통일당 힘차게응원합니다 한동훈 내쫒아요 국회해산만이 답입니다 8 15광화문 국민저항권으로 제2건국해야 합니다,1
eqdES2H9jRY,헉 나경원 윤석열 오빠와 2분간 통화 99 99 이 말 했을걸,그래서 나경원이 앞장서서 설친 이유가 있었네 참 꿈도 야무져 그냥 국짐이 이니지 완전 독제 체제의 국짐이니 침을 질질 흘릴만 했겠네 흥분해서 질질,0
faU2UC6XoYM,나이 먹을수록 추해지고 죄짓는 나경원,나경원 입시비리 부터수사하자 미친것 판사들의 잘못 판결한것 전수 조사해서 밝혀라 나경원 자식 조사해라 봐줬더니 도를 넘네 그래 이왕하는거 입시비리등 모든 비리 범죄기록등 모두를 공개하자 나경원 기름값5000만원 환수하세요 그레이스 빠루부터 자식털어봐야될듯 조진웅이 민주당 응원하는것보고 의도적으로 범죄자로 내모는것같아 씁쓸합니다 다말해도 나경원은 꺼져라 나경원 너 자신을 알라 나빠루 벌금형을 받고서 네가 할 소린지 자식들 입시비리 취업비리 각종비리 공개하자 나경원은 진짜 밥맛이네요 나경원 주유비 5천만원은 왜 수사안하나 벌금형도 법원장남편을 둔 특혜자나요 나씨좀 제발 안봤으면 좋겠네요 지금 월급받고 직무유기죄도 넘처 바쁜데 과거사들추는건 양아치 소년원애들 큰상처주고 기회상실 맞습니다 공개하기전에 촉법소년도 악질전인 청소년강력처벌해야됩니다 나빠루가 할말은 아니지 교도소로 가야지 이 때 다 하고 판사출신 이라고 판사 자식들 입시 비리 조사나 받고 말좀하지 에휴 5선 동작의 품격 미친여성임이 분명한듯 합니다 5선이나 되가지고 쌉소리만 늘어놓고 대한민국 사립학교 법인들 관련 모든 정보도 공개하자 경원아 주유비나 확실하게 밝혀라 나씨자식도조사해먀지그럼 지역구 어디냐 그래 또 뽑아줘라 조진웅군이 얼마나 훌륭한가 소년범에서 환골탈퇴하여 멋진 사람이 되었다면 칭찬을 해야지 그걸 문제삼아 나빠루 못됐다 내란 수괴 운석열의 만행에 동조하는 나경원이 소년범 보다 더 위험한 인간 아닌가 길거리에 나돌아다니게 하면 안되지 지 자식 입시 비리부터 까발려보자,0
OOgt6cfz6Mc,윤한홍 장동혁 면전서 계엄 사과해야,사과는 필요없습니다 관련자 모두 엄하게 처벌을 해야 합니다 부정부패에 연루된 공직자는 삼대가 공무직에 못나가는 법을 만들어야 부정부패가 사라집니다 그레야 대동세상이 됩니다 아냐 아냐 그러지마 니들 그래봐야 이번에두 약을 판다구 다알아 내란공모당님들아 늦었다 참 국민의힘이 선거가 다가오니까 똥줄이 타나 보네,0
rovs977BKPE,여러분 또 속으시면 안 됩니다,맞아요 맞아요 정곡을 찌르는 말씀이십니다 국민은 바보아닙니다 저것들은 양심이 없어요 큰절만하니 내란대배당으로 바꿍션 되겠네 선거철만 변신하는 내란 로봇 하루빨리 12 3 쿠테타 역적들 사형선고 내려라 맞습니다 자기 밥그릇 뺏길거 같으니꺄 태세전환 국힘당 속지맙시다 맞는 말씀입니다 좋은게 좋은 거 아닙니다 아닌 것은 아닙니다 동정을 줄만한 족속들이 아니지요 맞아요 내란당 안믿어요 반백살 살아보니 국짐행태 동감합니다 속이 보이는 내란당들의 수법이다 우리 국민들은 속지 말아야하고 이번 선거로 심판해서 의석수 0 으로 만들어 줘야됩니다,0
qeZrdVH_8U4,최재영 목사 3년 집에 못가고 특검 참고인 조사 출석,초심님 응원합니다 홧팅 최재영 목사님 같은 분이 진짜 목사지 최재영 목사님 힘내세요 힘내시고 홧팅하세오 관심없다 정치엔 돌리고 돌리고 한심한것들 정치가 바뀔때마다 똑같은 짓을하는 정치 국민들은 힘드러 죽겟구만 정치인들은 거기서거기 그놈이 그놈 도토리 키제기하고들만 있네요,0
sXmTZ85oBbU,트럼프 부정선거 글 올렸다 법무부 후속조치 착수,즉각 재판재개 해라 부정선거 척결 사전선거철폐없는선거는 선거재도자체가 부정선거다 멸공 반국가세력 척결 부정선거 척결 멸공만이 부정선거를 파해치는 길이다 정말 답답하다 나라가 더이상 폭망하기 전에 밝히고 끌어내려야 한다 기쁜소식이다 부정선거 해결못하면 대한민국의 미래는 없다 사전선거 폐지하고 부재자 투표도 투명하게끔 시스템을 만들어야 한다 갈수록태산 하여간 도둑들이 맘대로 설치니 말세네 이번에 뿌리를 뽑아야한다 도람뿌 만세 리짜이밍 out 부정선거를 덮기 위한 내란탄핵몰 이 시선을돌려 여론전에 광분하 죠 권력방어용 멸공 정신차려서 역적놈들 모조리 감옥보냅시다 피 땀 흘려 건설한 대한민국 우리가 지킵시다 FBI 뿐만 아니라 미국에 있는 모든 정보당국과 사이버 사령부 US Cyber Command 를 총동원해서 한국 A WEB의 부정선거 개입과 온갖 비리를 샅샅이 뒤져야만 합니다 중공의 부정선거 국제카르텔을 없애야죠 중공과 이재명 민주당의 부정선거 쿠테타를 진압하고 한시가 급하다 나라가 더 망가지기전에 끌어 내려야 된다 부정선거 적극적으로 수사해 명명백백하게 밝혀주시기 바랍니다 사전투표제 없애지못하면 나라가 공산주의로넘어간다 반드시 국민저항권을 발동하여 나라를 구해야한다 부정성거 한놈들 깜빵 보내야 합니다 부정선거로 권력을 찬탈한 반국가세력 놈들이 공산독재국가로 가는 아우토반에서 무지막지한 속도로 달리고 있다 나라가 망하는 것은 시간문제다 핵심은 부정선거 제발 부정선거 싹 뿌리뽑히기를 시작이다 부정선거로 권력을 찬탈한자들은 지위고하를 막론하고 모조리 사형과 무기징역에 처해야함 당연히 수사해야죠 허리업 선관위 겸직 법관들 사 형 미국의 부정선거도 한국이 관여 되있다고함 부정선거 수출국 한국 뒷배 중국 트럼프가 손본다 올것이 왔다 이죄명 사람은 누구나 본인이 쌓은 업대로 살아가는 법입니다 감사합니다 멸공 사필귀정 기쁨니다 드디어한국이거론되었군요 부정선거 척결 윤 석열 대통령 탄핵 무효 박사님 감사합니다 부정선거 척결 리짜이밍 제거되길 사형감이다 부정선거 밝혀라 리짜이밍 재판속개하라 이두로는 관타나모로 무장하자 국민주권 A WEB에 미 달러 들어갔단다 미 싸이버수사대가 선관위와 A WEB 어서 조사 들어오는게 답이다 민주 악의축 세계적미국대통트럼프님 강력응원함니다부정선거로부패로썩어빠진 각나라정부들을 대청소해주옵소서 국민들숭쉬고살수가없슴니다 멸공 하루속히 범죄소탕하고 정상국가 만듭시다 새벽배송금지 민주노총의 제안 반대 국민청원 4만2천3백명 사법절차 정상화 4만4천2백명 동의 부탁드립니다 부정선거 청결하고 사전투표무적군 없세야합니다 수고하셨습니다 멸공 부정선거 꼭 밝혀주세요 신안소금 불매운동하랑께 명공 반드시 밝혀진다 부정선거 과연 중국은 개입 하지 않았는지 국제적으로 진실 규명 되어야 될 것같습니다 이번 기회에 전 세계의 부정선거를 바로잡아야 한다 필요하면 폭파가 답일것이다 내년 지방 선거 사전투표 하지 맙시다 트통아 이 나라의 운명을 바꿔주세요 꼭 한 놈만 잡아가면 좋겠지만 이왕이면 왼팔의 저 끝에 있는 놈들 싹다 잡아가기를 바랍니다 브이포코리아에 들어가서 악법반대랑 국민청원 찬성하는 것도 말씀해주세요 그게 더 중요한겁니다 멸공 신인균의국방 군사티비팟팅 즐 필청으로 응원드리며 힘내세요 1968년 우리는 민족중흥에 역사적 사명을 띠고 이땅에 태어났다 지지리도 못살던 대한민국이 생각이나네요 멸공을 부정선거는 팩트입니다 꼭 밝혀져야 합니다 애국심 감사합니다 한국이 안들어 갈리 없죠 한국은 반드시 조사하고 선간위 해체하고 관련자 전부 감옥으로 또는 강제 출국시키라 새벽뉴스 감사합니다 선관위원장을 구속하여 관타나모로 보내주세요 아이고 잘됐네요 선관위 전원 해고 미국트럼프님 한국부정선거밝혀주셔야 다음선거 깨끝한선거할수있습니다 다음선거전 명백히밝혀야합니다 그런날이 속히오기를 빕니다 부정선거 큰일이다 우리나라도 유권자 부풀리기 사전투표로 반드시 막아야 함 역시 미국은 세계의 경찰국답다 고맙소 꼭 한국의 부정선거 밝혀 주시길 간곡히 부탁드립니다 국민의 힘은 거리로 나오라 국민과 함께 외치라 대한민국에서 부정선거는 뿌리봅아내야한다 나라의근간을 흔드는 부정선거척결 사전투표 없애야 정직한투표가 된다 부정선거 바로 잡지 못하면 나라의 미래가 없다 척결 멸공 부정선거뺏지단놈들침묵하고있구나 반드시현장수개표하고 사전선거없어져야돼요 드통님 응원합니다 선거명부를 시 군별로 모두 공개해서 모두가 알수 있도록 해야합니다 안되면 얼굴인식 지문 시스템을 선거장에 설치해야됨 애국자이십니다 부정선거 밝혀 국민주권 되찾아야합니다 윤통령님께서 옳았습니다 윤어게인 제발 부정선거 국민들 깨어나 자유대한민국 수호 해야 합니다 제발빨리대한민국부정선거에개입해확실하게밝혀줬으면좋겠다 반드시 신대표님 말씀대로 진행되길 바랍니다 사전 투 표 빨리 없애야 대한민국이 깨끗한 정당정치 이룩할수 있습니다 한국이든 미국이든 부정선거에 중공 공산당 이 주도적 역할 우리나라만 제 정신은 아니고 다른나라 헌법재판소는 제대로 돌아가내요 저게 바로 자유민주주의죠 그리고 러시아는 유럽사람들의 말대로 참으로 문명사회를 제대로 익히지 못한 사람들이지 않을까 싶내요 좁쌀하나도 원산지를기록 하는데 만물의영장이라는 인간에게는 원산지표기를 없엤읍니다 외 반국가단체처벌법 발의하라 트럼프 님 최고 부정선거 척결 해 주십시요 좀하루빨리 끝장내주기를바랍니다 쎼쎼때문에나라가 곧망할거갔다고요 도람푸의 셰셰 소탕작전 마두로 다음은 리짜이밍 트럼프대통령님 천재 한국 부정선거를 뿌리뽑아 주세요 마두도 잡고 독재 본보기 한국도 마두로 다음이 찢 트럼프는 한국 부정선거 밣혀서 잡아내시요 부정선거는 우리나라랑 똑같네요 꼭 부정선거 밝혀서 윤석열대통령님 억울함을 풀어야합니다 트럼프대통령님 최고 빠른 미국의 뉴스 팩트를 전해주시는 매일매일 감사합니다 나라가 하루속히 정상국가 되기만 기도합니다 우리나라 너무 늦으면 안된다 좀 빨리 왔으면 좋겠네요 나라가 불안불안 부정선거 관련범은 무조건 사형 재산몰수 형에 처해야함 부정선거는 확실히 있었다 부정선거는 어느나라를 막론하고 뿌리 뽑아야 합니다 지발 빨리 빨리,1
6lbg575tZ80,러 젤렌스키 암살 시도 천우신조로 생존,선관위 타도 사법부 가 살아야 나라가 산다 반공을 국시의 제1로 삼고 미국을 위시한 자유우방과의 유대를 더욱 공고히한다 국민소득 70불대에서 3만불대 한강의기적을 이룩하신 민족의 영웅이시며 세계의 지도자이신 박정희 대통령 각하 그립습니다 북 중 러 이란같은 나라와는 평화협상불가능 오로지힘으로제압해야한다 미친짓도 여러가지한다 짱 일본힘내라 다까이시 잘한다 최고 자유 대한민국 윤 대통령4800만 애국 국민 애국자 윤 대통령 신 대표님 만만세 신인균 대표님 낮과 밤의 온도차가 급격히 차이나는 초겨울 날씨에 언제나 건강조심 하시구요 신인균 대표님께서 하시는 모든 말씀이 구구절절 옳은 말씀 입니다 공산 사회주의 전체주의 독제에게 통하는 언어는 오직 힘이다 힘으로 압력을 가하라 조이제독 말씀처럼 종북좌파 전체주의 공산주의 자들에게는 힘으로 압력을 가해야 합니다 신인균 대표님 언제나 끝까지 무한 응원하고 지지 합니다 사랑 합니다 대표님 푸틴이 멸망해야 중국과 북한이 휘청입니다 적극 지지 동감합니다 힘내세요 화이팅 러시아 푸틴 정권 폭망 기원한다 척결 중국 민주당 타도 선관위 멸공이 올 그날까지 멸공 다카이치 총리님 응원합니다 러시아 푸틴이 미쳤군 푸틴도 암살 시도라도 해봐야지 전용기타고 이륙하는 순간 드론을 충돌시켜 다카이치수상님 그리고일본국민여러분힘네십시오 주변국들의 긴장이 고조되는데 공동군사작전을 더욱 강화시켜야지 왜 반대로 가나 푸틴이 막다른 골목에 있음 발악이다 멸공 신대표님 애국방송감사하고 응원합니다 독재 푸틴 오래도 자리차지하고 있네 신인균대표님 끝까지 응원합니다 애국채널 오늘도 수고하셨습니다 대표님 환절기 건강유의 하셔요 감사합니다 우크라이나 대통령 항상 건강 조심하시길 바랍니다 드론 요격드론을 초계시켜야 되겠구먼 김현지 국정농단 빨리 구속 수사하라 수고하십니다 멸공 러시아 뻘직하다 되치기 당한다 우리나라도 허리띠졸라 국방력을 키워야지 5프로까지 올려야한다 중국은 믿고걸러라 핵도 쏘는 순간 자폭 99 99프로 악당들은 세계에서 몰아내야한다 됐다 이젠푸틴암살을시도할때다 인류를위한평화를위한의로운푸틴암살 한동훈 오세훈 이준석 같은 위장 우파와 단절하지 않고는 삼권분립 공산화 막을 수 없다 Stop the 좋은 방송 잘 보고 있습니다 항상 응원합니다 암살 대상자는 푸틴이지 지금 내란 진행중입니다 민주당과 이재명이 자유민주주의를 유린하는 내란 중 입니다 지금이 빛의 혁명으로 우리 주권을 찾을 때 입니다 멸공 잘시청했습니다 감사합니다 응원합니다 세상이 어떻게 돌아가는지 무섭다 악업을 쌓고 그 업은 대대로 받으니 항상 조심을 해야하거늘 어리석은 인간들아 정신차려라 신박사님 추운겨울 감옥에계신 우리 대표님의 빠르고 정확한 소식 감사합니다 수고많습니다 응원합니다 애국자이십니다 군인 경찰 은 공산주의 가 좋습니까 검사 와 법관 도 공산화 를 바랍니까 언론 과 노조 정치인 공산화 가 목표냐 네팔 같이 자유민주의 지켜냅시다 신대표님 좋은 소식 잘듣고 갑니다 신인균대표님을 차기 양산 국회의원으로 적극추천합니다 현재 김태호의원은 지역이나 중앙에서 할일 없는자 입니다 어째꺼나 지금 유럽의 드론의 방공망이 취약 하다는것을 보여 준것이네요 우리나라도 이것에 대비가 있어야 하지 않나요 신 박사님 아니면 세상돌았 가는것도 모려게 습니다 감사합니다 아편전쟁 직전의 청나라 해군보다 약하고 더 부패한 것 같던데 슈퍼파워 미국 발 밑에서 끙끙대는 동네 양아치 조폭 수준 언론인은 대한민국인이 안이다 독재정권 은 다미쳤다 멸공이다 언제나 한발 앞서가는 뉴스 신대표님 반갑습니다 저런 악질 하늘은 뭐하는지 저런 악귀 안잡아가고 항상감사합니다 대표님 푸틴 미친놈 일본 핵무장해라 대포님 반갑습니다 통영 푸팅두 떠러트려라 짖는 똥깨는 물지 못한다 참 좋은 말씀 이십니다 시진핑 푸틴 빨리 정리하면 끝난다 외우리자유국가들은못하는가 우리자유 국가들이합심해함께 러시아 북한 중국 모두한꺼번에두드리면그들도 어찌할수없을것이다 할수있다 저인간들은 말뿐이다 신박사님 항상 응원합니다 이러다 전쟁나는거 아냐 할렐루야 새벽배송금지 민주노총의 제안 반대 국민청원 4만2천9백명 사법절차 정상화 4만4천7백명 동의 부탁드립니다 중국이 일본을 상대로 싸워 승전했던 역사가 있나 김현지가 자유대한을 말아먹는 진짜 대장동 7800억 도둑 일당입니다 자유대한의 영광이 여기 있습니다 일본은 준비된 국가이므로 중국이 싸움을걸면 베이징부터 뚜두려패야한다 그리고 아시아 판도를재편해야한다 감사합니다 이번 전쟁만은 독재자 푸틴이 원하는 결과로 되지 않았으면 좋겠다 는 생각을 해봅니다 푸틴도 제거 제렌스키 가자 퓨티이 사탄이다 러시아의 오늘의 과오가 결국 푸틴이 암살 당할수도 응원함니다 악의 축 러시아 푸틴은 지구를 떠나라 신인균 앵커님 홧팅 합시다 소련은속지 말라고 했습니다 멸공 멸공을 러시아나토에한대어더터질듯함 하늘이 도와준것같아요 아멘 비열한 푸틴 독재자들은 원래 비열한가 이로써 우크라이나는 전쟁을 아예 끝낼생각을 접음과 동시에 나토가 러시아에 대한 태도역시 바뀌지않을듯 이제 푸틴이 암살되겠네 송사유튜브에서도준공엄청빨고이 음터무니없는짖서리서슴치얺고밌음 중국무기전부뻥스팩인데껍대기만몰고다니면서공갈치고있는듯함 공산당들은 무조건 척결해야됩니다 천우신조가 아니라 악마의 속삭임 푸틴악마 뉘우칠줄모르는 찐한악질 순차 암살 당해도될놈은 푸틴이지 와 일본을 응원할줄이야 일본 잘한다 러시아는 미국의 명분을 줬다 푸틴 처단 가즈아 일본 파이팅 하늘이 돕는다 22 1777년 대청제국 황제 건륭제의 명으로 한림원 학자들이 모여서 집대성한 만주족의 공식 역사서 흠정만주원류고 에 의하면 만주족의 조상은 삼한 부여 백제 신라 발해 숙신 말갈 여진 임 희한하게 고조선과 고구려는 자기 조상에 안껴줬고 흉노 선비 거란 돌궐 몽골 한족 도 자기 조상에 안껴줬씀 특히 신라 를 그중에 가장 중요한 조상으로 여겼는데 신라의 계림이 길림성 이라고 여겼씀 그래서 청나라 황실이 경주엔 안갔씀 젤렌스키도 좋은놈은 아니라서 아깝다 골로 보내야 우크라이나에 평화가 오는 건데,1
ECyCpkeP9ig,최후통첩 그리고 익스큐즈미,조국가족들 버텨줘서 너무 감사합니다 조국가족들 국민들이 지킵니다 항상 행복하십시요 특히 정경심 교수님 건강 잘 챙기십시요 사랑합니다 전우용교수님말씀에 전률이 흐릅니다 역사가 흐르고난뒤 후에 어떻게 평가되더라도 현싯점 우리국민은 위대한국민임에 분명하며 자랑스럽습니다 문재인 조국 김어준 유시민 우리나라의 보물들입니다 사랑합니다 주광덕은 모든 유출사건에 있었다 판결문유출사건 김명수 대법원장후보의 회의녹취 조국 사태까지 이런데도 주광덕과 커넥션이 없다고 뉴스공장 알릴레오 저널리즘토크쇼J KTV 대한민국 정부 대한민국 청와대 서울의소리 시사타파 팩트TV등 진실을 알리는 모든 방송들응원합니다 구독 좋아요로 응원합시다 김어준외 그 무리들은 진정한 선구자고 선각자들 이십니다 그 방청객들 시청자들 유튜브를 통해 동참하고 있는 분들 모두 미래를 여는 분들이라 봅니다 그 공간에 같이 있어 행복보다 더 큰 성취감이 듭니다 이 느낌 서초동에서 불사르겠습니다 시민은 조국을 선택 했습니다 정당에 소속된 의원은 시민을 선택하던지 언론을 선택하던 결정 해야 할 겁니다 지금 우리는 역사교과서에 나올 시간을 우리모두가 보내고 있습니다 어렵겠지만 가만히는 있지않을것이다 우리가 할수있는 일 지랄이라도 해서 꼭 우리에 역사를 쓸것이다 서초동에서 봅시다 깨어있는 시민여러분 잘버텨주신 조국장관님과 가족분들께 미안하고 감사드립니다 이 시대의 영웅은 김어준이다 같은 시대를 살아가고 있음이 고맙다 절대 함정에 빠지지말고 계략에 빠지지말고 끝까지 10가지 진실에 한가지 큰 거짓으로 함정에 빠트릴수 있으니 제발제발 끝까지 지금처럼만 가주세요 건강하시구요 고맙습니다 정말 김어준 건들면 죽는다 조국장관님은 정말 강철같은 사람입니다 검찰과언론이 물어뜯을수록 더욱 강인한 강철이됩니다 김어준총수님 너무 핵사이다 그래서 당신을 존경하고 존중하며 지금까지 믿고 함께 합니다 김어준 총수님 우리의 자랑스럽고 사랑스러운 털보오빠 그리고 귀여운 주진우 오빵 존경합니다 노무현 대통령님의 큰 유산입니다 다시는 울지 맙시다 무조건 좋아요 누르고 시작 대한민국의보약 김어준총수 유시민 노무현재단이사장 주진우기자 전우용교수 박주민국회의원 김종민국회의원 나도 노무현 대통령 논뚜렁 기사보고 속았다 내가 미웠다 이젠 두번 실수하지 말자 김어준 유시민 보유국 이 얼마나 다행이고 감사인지 김경록님 평소 조국 부부께서 자신의 PB임에도 불구하고 갑질 한번 안 하셨나보다 항상 겸손하게 고맙다고 하시고 평소 그러셨으니 이렇게 아름답고 정직한 보상 을 받으시는게 아닌지 정말 파도파도 미담만 지치지맙시다 포기하지맙시다 쫄지맙시다 제2의 노무현 노회찬을 만들지 맙시다 여러분은 위대한 대한국민입니다 모두가 현시점에 매달릴때 역사학자를 섭외해서 거시적으로 이 시점을 보려는 김어준의 탁월한 시선 시대를 앞서는 최고의 언론인 힘을 가진 자가 그 힘을 잘못 썼을 때 어떻게 되는지 너무도 잘 보여주고 있는 지금의 검찰 언론 정치 유착 사태 민주당은 헛소리 하는 사람을 공개하라 지지자들의 외면을 받고 싶은 사람은 나불 거려라 오늘도 기운내자 언론 검찰 정치 개판이야 아주 서초동 go go 대단하다 이들은 무엇을 위해서 이렇게하나 만약정권 바뀌면 자기들한테 피해 갈텐데 난 남자인데 저렇게 못해 존경합니다 진짜 검사 판사 언론이 한사람을 감옥보냈다는 이야기는 진짜 소름이 끼치네요 김어준 총수님 유시민 이사장님 주진우 기자님새삼 고맙습니다 세분덕분에 문재인대통령님도 조국장관님도 지켜낼수있었습니다 검찰개혁만이 대한민국이 살길이다 언론의 기본은 사실전달인데 요즘은 언론사가 아니라 소설쓰는 출판사 같아요 언론개혁 합시다 딴지방송 화이팅 자분하게 말씀하시는 역사학자 교수님 귀에 속속 들어와 너무 좋네요 저는 일본에 사는 3세라 말이 서툰 저에게는 특히 감사합니다 이렇게 알기 쉽게 너무 까불지 않은 이런 말씀 들을 수 있는 기회 많이 주셨으면 한없이 도움이 될 겁니다 앞으로도 교수님 잘 부탁드립니다 감사합니다 조국장관님과 그 일가족이 이번에 검찰 언론에 의해 만신창이 되는 모습을 보고 마음이 너무 아팠습니다 다시는 일어나서는 안될 일입니다 조국장관님과 총수님 항상 응원합니다 대한민국 예능 뉴스 다 합해도 다뵈뉴공보다 안댐 진짜 최고 한 집안이 망하는정도가 아니라 살인행위라고요 검찰과 언론이 김어준 조국 집안이 이상해 보통 집안이 어닌건 맞다 나같으면 애저녁에 검찰개혁이고 뭐고 집어던지고 내 가족 챙긴다 조국도 정경심교수도 딸도 보통사람들 아니다 더킹 내부자들 영화보다 더한 현실 현실은 영화의 일부 조국장관님 개혁발표하실때 촛불이 힘이된다 하셔서 내일 아니 좀있다 아침7시 김해서 서초로 출발합니다 마지막 G랄하러 조국수호 김경록씨 응원합니다 한투 이 분 귀하게 여겨주십시요 집단최면에 걸렸다 다른사람은 그래도 조국은 그러면 안되지 10년전 노무현대통령에 걸었던 프레임 그대로 소름돋친다 장용진법조팀장 분석 공감 박주만의원 왈 아무리 마술쇼를 기가막히게 했다하더라도 빵터짐 조국장관님 가족들 응원합니다 검찰개혁 공수처설치 조국수호 조국 장관이 미리포기하고 내려오셨으면 검찰 언론 자유당 등 유착을 모르고 갈뻔했다 유시민대표를 수사한다는 검개 니들은 미쳤다 다뵈만이 우리의 희망 뉴스공장 다스뵈이다가 한국언론 다 합쳐놓은것보다 일 잘한다 조국 법무부 장관은 본인이 원하든 원치않든 이미 대권반열의 가장 유력한 후보가 되어 버렸다 이 원인이 아이러니 하게 검찰 언론 야당이다 그리고 그의 가장 강력한 무기는 바로 지금의 어려운 시기가 그의 스토리가 되어 버린것이다 스토리가 없는 정치인은 제아무리 똑똑하고 재능이 있다고 해도 대통령이 되기 힘들다 굴하지 않는 보석같은 사람 김총수 유이사장 조장관가족 지지하고 사랑합니다 어후 날마다 거짓뉴스 자한당 역겨운짓 검찰행패 티비전원을 안켠지 두달이 되어갑니다 저삼위 쓰레기를 청산하는 그날까지 싸울겁니다 이 시간을 버텨 준 조국이 너무 고맙다 두 달여를 거진 날밤으로 밥 먹다가 커피 한잔하다 울분이 터져서 매일같이 네이버에서 버럭하고 다음에서 위안 받은 나에게도 고생했다고 말하고 싶다 저쪽이 혼신의 힘을 다해 우리를 흔들고 이간질 해도 이제는 통하지 않습니다 더이상 예전에 대한민국이 아닙니다 깨어있는 시민들의 힘으로 진짜 민주주의가 뭔지 진짜 사회개혁이 뭔지 세계에 보여줍시다 만신창이가 되도록 버티는 조국장관을 버리면 진짜 사람이 아니다 해외시청자입니다 보통 업무 시작하기 전에 듣는데 오늘은 그냥 틀어놓고 일하렵니다 저녁에 다시 제대로 듣겠습니다 조국 그 이름이 우리의 가슴을 뛰게한다 사람 조국 시민 조국 나라 조국 우리에겐 오직 하나의 조국 그조국에 존경과 사랑을 담아 경의를 표합니다 정치가 우리 삶과 밀접하다는 사실과 정치에 대한 관심이 일종의 책임이라는 것을 다뵈를 통해 느끼고 있습니다 스스로 더 나은 사회를 만들어가는 주체라고 느낄 수 있어서 행복해요 덕분입니다 항상 감사해요 김어준 공장장님은 도대체 몇수 앞을 보고 시국을 바라보고 있을까 부럽다 졸라 응원합니다 그나마 현명한 국민들 때문에 대한민국이 안망하는거네 조국장관을 버리면 민주당도 무너진다 국민의 뜻을 읽지 못한 의원이나 정당은 선거에서 패한다 조국에게 뭘 실망 햇다는거지 난 이번 상황을통해 조국이 더 돋보엿다 그렇게 털고 저며도 티글하나 안 나오는 조국에 대해 놀랏다 노무현대통령때 따님 아들 여사님 친구분 조국장관처럼 이렇게 했더라구요 정말 검찰 무섭고 사악합니다 사람은 변한다 손석희를 보라 진중권을 보라 그 외 변절자들이 한둘인가 그럴놈들 투성이다 우리는 끝까지 검찰 언론개혁을 이루어 내고 조국 장관을 지켜야 한다 팩트체크가 나와도 많은 사람들이 조국은 안되지 이런 소리 하는 가까운 사람들이 많아요 그사람들과 얘기하다 보면 정말 갑갑답답해요 이 사람들은 이명박박근혜나경원황교안은 이해를 해주는거 보고 정말 놀랬습니다 지금 민주당에 너무 괜찮은 국회의원분이 많아서 다행이고 행복합니다 그중에서도 바르고 인간미 있어뵈는 박주민 의원님을 뵐때마다 조심스럽게 맘속으로 싹트는 바램이 있습니다 저런분이 조금 더 올바른 의원생활과 정치활동을 통해 더 많은 경력이 쌓이다면 그때까지도 지금의 모습을 잃지 않는다면 진정한 대통령감이란 바램이요 돈 있으면 이분한테 맡기고 싶다 정말 끝까지 어떻게 이렇게 책임감있고 정직하지 난 이런 상황에 몰리면 조국 정경심 부부를 원망할수도 있을것 같은데 120시간 조사에 소환당하고 기소까지 이분 정말 대단한 분이야 우리는 이번에 조국장관님을 얻었다 사랑합니다 존경합니다 끝까지 지지하겠습니다 조국장관님과 가족들 내사랑 김어준 그대가 있어 대한민국은 어둠에서 정의의 빛을향해 걸어가고 있습니다 조국수호 문재인정부수호 조국사태를 겪으면서 바보 노무현이 오버랩되는건 저만이 아닐거라는 생각이 듭니다 우직한사람 조국 다시는 속지 맙시다 깨어있는 현명한 국민들이여 복잡한 정국 현명하게 타개해가요 김총수와 함께 시대적사명이자 국민의 바람인 검찰개혁 사법개혁을 사적이익이나 진영논리로 국회에서 방해하면 총선때 응징해야한다 유시민의 시민 박주민의 주민 조국의 국 조민의 민 정경심의 심 주민도 시민도 국민도 원해요 주민 마음 시민 마음 국민 마음 우리 마음 검찰 개혁 어준이형 정말 사랑했는데 이제는 정말 격하게 존경합니다 유시민이 했기때문에 성공했다 내가 했으면 이렇게 못했다 정말 대단하고 감동적인 인간 조국 조국수호 검찰개혁 유일하게 진정한 언론인 김어준총수 시민 주민 우리 모두함께 대한민국 나의 조국을 지킵니다 역사를 또 다시 바꾸는 길목에서 길을 잃지 말자는 다짐 매일매일 통장잔고 확인하듯 구독자 확인합니다 100만 가야한디 어여가자 100 만 호사카 교수님이 참 애국자 이십니다 감사 합니다 술먹고택시를 탓는데 기사님이 대기중에 다스뵈이다를 보고 게시길래 목적지 도착해서 그거 나도봅니다 하며 잔돈을 받지 않앗씁니다 국민이 검찰개혁을 위해 조국 개인과 가족에게 고통을 강요해서 미안합니다 함내십시오 이종원 이종원 정말 역사에 남을 인물들과 지금 이 순간을 함께 하는것에 뿌듯합니다 검찰개혁 공수처 설치를 위해 모두 촛불 드는 시민이 있어 행복합니다 서초동에서 만납시다 자유한국당 김학용이라는 사람이 서초동에는 절대로 광화문보다 많은 사람이 모일 수 없다고 김어준 총수 앞에서 당당히 이야기 하더라구요 장을 지진다고 했던가 예전에 안경 쓴 이상한 사람이 장을 지진다고 했다고 망한 적 있었는데 조국 국면은 이로써 끝났다 이제 여기에 놀아나고 나팔수노릇했던 쓰레기들을 치웁시다 언론 검찰 자한당 쓰레기교수 등등 악의 적폐 뿌리를 이번에 위대한 우리국민이 승리한다 최후통첩 12일 6시 서초역으로 조국장관님 가족분 이렇게 공격을 받고도 견디고 냉정하신것보고 와 이가족은 하늘에서내린 진보 대통령 후보구나 생각을했습니다 우리후손 들이 사람사는세상에서 살수있게 세상을바꿔주세요 제발요 세상에서 가장 쎅씨한 김어준 화이팅 내가 가장 사랑하는 세 사람 문대통령 조국 어준이 문대통령 정치천재 윤석열 조국 인사도 최고 지금은 좀 불안하지만 검찰개혁이라는 경기에서 문재인 감독이 각 선수들 배치 완벽 곧 승리할겁니다 조국가족은 역시 독립군 후손이다 뿌리깊은 품격과 명예 일단 좋아요 누르고 시작합니다 초대손님 한 분 한 분이 최고 어떤 드라마 영화보다 재밌게 이끌고 무릎치게 만드는 순발력의 장인 총수 최최고 검언유착사태 종결 국회의원이라 부르고 싶은사람중 한사람 입니다 박 의원님 화이팅입니다 박주민 항싱 응원합니다 차기 법무부장관 차차차기 대통령감입니다 조국장관님버티고 계서 주세요 살아있는 양심들은 다 압니다 이 젤 바빠요 알릴레오 봐야죠 다뵈 봐야죠 근데 왜 빨리 시작 안해요 몸 바쳤죠 그래서 전 진짜 조국장관 나올때마다 눈물이 납니다 정말 나라를 위해 조국을 위해 몸바치신 분으로 역사에 남을 겁니다 문통도요 양변호사님 그림을 그리는 화가가 있다는거 그사람을 찾아야한다는말 공감합니다 그세력을 찾아서 처단하는게 중요하다고 생각되네요적폐의 본거지 자랑스런 민주대한민국 국민 여러분 오늘밤 서초대전 참여 많이 많이 부탁드립니다 조국 알고나니 더 대단 하다 돈과 명예와 권력을 가진자중에 누가 조국 만큼 깨끗하게 살수 있을까 나와봐 인간이 불완전한 존재라면 이사람은 훌룡하게 잘 살았다고 생각한다 조국장관님이 힘드실 때 서초대첩 때 모였던 국민들이 힘이 됐다고 말씀하셨잖아요 오늘 12일 서초대첩 다같이 함께해요 우리나라 중요한인물 김어준 주진우 유시민 지키자 검찰 언론 어떻게 하지 너무 폭탄이라 터지게 나두고 새로이 만들자 문대통령 다음으로 믿을 수 있는 사람이 바로 조국 법무부장관입니다 유시민은 살신성인 한 것이라 봅니다 진보를 수호하기위해 대중의 지지 대선의 기회를 포기한것으로 진정한 의인입니다 이시대에 절대적으로 필요한분 조국장관님 사랑합니다 감사합니다 꿋꿋하게 버터주셔서 조국수호 검찰개혁 질긴놈이 이긴다 국민이 승리한다 제작진 응원합니다,0
LqyfEpxkkFU,2024총선 4억짜리 여론조사 윤석열 심판하러 왔잖니 배신자는 꼭 이겨야 한다,1만 구독 가즈아 복기복기 복기왕TV 어기구 TV 이재관TV 한영태 TV 더불어민주당 이윤희와 함께 정석원tv 황태성 더불어민주당 김천시국회의원후보 김철호TV 포항김상헌TV 춘천허영TV 원창묵 김도균TV 김중남TV 박경미TV 변광용TV 채현일TV 황정아TV 류삼영TV 우리 험지 출마하신 경북도시의원들 독립운동가들입니다 홧팅이니다 저두 끝까지 함께하겠습니다 경주에사는 당원으로써 한형태위원장님 22년의 길 꼭승리할겁니다 위원장님 힘냅시다 경북 출마자분들 응원합니다 당신같은 분들이 계셔서 민주당이 더 빛나는 겁니다 자기 공천 안 준다고 탈당해서 적에게 가는 어떤 x들보다 멋지십니다 지역을 위해서 몇번이고 도전하는 모습이 멋지고 존경스럽습니다 김어준씨가 논리적 하시는데 지역선거는 감정에 호소 같은 비 논리적인것도 승부수가 될수가 있습니다 지역 현실에 맞게 언제나 처럼 멋진선거 부탁드립니다 당신같은 분들이 계셔서 대한민국은 발전할겁니다 황정아의원님 이라고 부를수 있도록 이번 총선 꼭 승리해주세요 대덕특구에서 20년째 살고있는 있습니다 더이상 내버려두는 지역이 되지 않도록 해주세요 총수 아니었으면 험지 나가는 후보들을 제가 어찌 알겠어요 후보님들 지치지 마시고 끝내 승리하리라 믿습니다 후보님들의 간절한 구호에 눈물납니다 경북지역 후보분들 방송 너무 인상깊게 봤습니다 괴거에 투표결과를 두고 경북 지역비하 말들을 썼던 제 자신이 너무 부끄러워지는걸 느꼈습니다 진심을 담은 노력을 하는 분들이 있다는걸 기억하고 지지하겠습니다 저도 특별한 파랑입니다 그래서 경북에 출마 하시는 분들의 노고를 더 잘 이해 합니다 진심으로 호소 하시면 통할 거라 생각합니다 힘내십시요 총선은 한일전 울민주당 범야권 똘똘뭉쳐 압승합시다 모두 끝까지 파이팅 경북 독립투사들 진짜 민주당 후보님들 힘내십시오 너무 멋지시고요 제가 이사를 가서라도 힘이 되어 드리고 싶은 심정입니다 감사합니다 이재명 대표의 고향 경북은 진짜 짠한 지역이다 13개 지역구 중 4개 지역구는 아직 민주당 후보가 없다 4석은 싸워 보지도 못하고 고스란히 국힘에 헌납한다 민주당 간판으로 출마하는 것 자체가 대단한 결단이다 경북의 후보님들 존경합니다 당신들이 진정한 민주투사들 이십니다 그렇게 하시다보면 경북도 언젠간 바뀌겠지요 민주당 험지에서 민주당 간판으로 출사표 던진 모든 경북 민주당 후보님들 당선을 기대하고 열렬이 응원합니다 미루다 미루다 여론조사 꽃 오늘 정기구독했습니다 대한민국을위해 애쓰는 김어준총수님을 조금이나마 돕고 싶었습니다 총수 힘내요 윤석열이 하고 있는 짓을 보자면 조폭들이 온갖 행패를 부리면서 너희가 어쩔건데 라고 눈을 부라리는 것과 똑같습니다 험지에서 고생하시는 경북과 강원도 후보님들 눈물나게 감사합니다 이렇게 고생하시는 분들 좀 더 대우를 해주면 좋겠네요 진보진영에서 200석 이상 당선되어 무도한 거니의나라에서 벗어나고 싶어요 민주당경북국회의원후보님들 존경하고 감사하고 고맙습니다 일제때의 독립운동가들 같습니다 대한민국의 바른희망입니다 감동하였고 사랑합니다 안녕하세요 다스가족여러분내일은 제80차서울촛불대행진날입니다 오후4시 삼각지역13번출구에서 본행사후 행진도 합니다 우리모두촛불에참석하여 윤석열퇴진 김건희종합특검을 위하여 난 총수가 자랑스럽다 70나이에 김총수가 존경스럽다 민주당에 보배 김어준씨 와 경북 당선되면 찐 대박 나라가 디비진다 역대 이렇게 심각한 정부는 없다 법을 다루는 공무원은 이름을 가리는 한이 있을지언정 중립적이어보려해도 어려운 조직이다 그런데 편향성을 가지고 이렇게 대통까지 온 것은 법 질서 파괴를 뜻한다 경상도 분들 화이팅입니다 완전 응원합니다 경상도여 깨어나라 황정아 박사님 정말 응원합니다 저의 가족들 3대가 유성을에 살고있어요 우리가족모두 황정아박사님 응원하며 기대가 큼니다 화이팅 김어준이 한 모든 행위중에 여론조사 꽃을 만든게 최고의 업적이다 강남 병 구민 분들 박경미 후보 잊지말고 선택해 주십시오 당신들의 기득권을 지켜줄거라 믿어서 국짐 뽑고 윤석열 뽑아서 지금 살기 좋아 지셨습니까 독립투사 경북 후보님 모두 넘나 멋지고 더할 수 없는 감동 입니다 우리들만의 승리로 도 충분히 지지하고 응원합니다 유튭 1만명 10만명 가자 경북에 출마해주신 모든 후보님들께 존경과 응원을 보냅니다 어떤 후보자의 변보다도 진심이 느껴져 눈물이 나네요 경북 후보들 응원합니다 경상북도 후보님들 응원하고 지지합니다 존경합니다 박경미의원님의 교육 혁신 다시 한 번 기대했는데요 안타깝게도 험지 사지로 보낸 당의 뜻은 알 수 엊 지만 응원하고 지지합니다 힘내세요 불사조 이재명의 민주당이여 이겨라 흥해라 전남 광양에서 경북 국회의원 후보자님들 격하게 응원합니다 충남 서천에서 70대 김총수 고맙습니다 민주당 압승 나소열 화이팅입니다 200석은 민주당의 것 압승 화이팅입니다 한영태 이윤희 정석원 황태성 김철호 김상헌 말씀 들으니 울컥하네요 응원합니다 끝까지 이길 심산으로 홧팅해 주십시오 경북 어려운 지역구 결정해서 나와 주셔서 감사 합니다 민주주의 살아 있습니다 최고 입니다 응원합니다 경북 민주출마자들은 독립군자세의 애국자시네요 응원합니다 박경민후보자님 아 대단한 심성과 실력에 겸손까지 아낌없이 격려 드립니다 모든후보자님들 자랑스럽읍니다 70 넘은 할매가 젊디젊은 우리 귀한 김총수를 존경하고 사랑합니다 다뵈 열일하는 김어준 넘나 감사요 울 민주당 압승 이잼 파이팅1 박경미후보님 꼭 당선되셔서 교육전문가답게 교육대혁명을 하셔야합니다 그래야 국가의 미래가 있습니다 더욱 고민해보셔요 경북 후보자님들 보는데 진짜 뭉클하고 눈물이 납니다 저 분들이 독립군이지 않습니까 정말 진심으로 감사드립니다 박경미 후보자님 가슴이 찡합니다 한표드립니다 박경미 의원님 뜨거운 눈물이 흐르네요 돕고 싶습니다 화이팅 힘내세요 감사합니다 경북 여섯 분께 구독 후원금 완료했습니다 더민주는 하 나다 우리는 꼭 이긴다 경북 후보님들 말씀 정리해 보면 내가 져도 지는걸 알아도 자그마한 변화가 있다면 해야죠 울었습니다 겁많은 겁만있는 내가 사는 삶 때문에 새벽일찍부터 늦은밤까지 극우언론에 맞서 최고의 조회수를 기록하며 민주진영 총선대본부장 같은 역할을 하고 있는 김어준총수 고마워요 존경합니다 여론조사 꽃 나오자 마자 구독했어요 총수의 의도를 바로 눈치챘어요 정확한 조사로 정확한 여론을 형성하려는 의도를 빨리 간파했지요 저를 칭찬합니다 윤석열 없는 세상에서 살고 싶어요 강남병 박경미 후보님 존경합니다 지난번 총선 서초을 이번엔 민주당 최고 험지 강남병 정말 대단하시고 짠합니다 당이 가라하니 군말없이 뻘건 물결 한복판에 도전하는 저정신과 헌신용기 박경미 만한 애당심 갗춘분 있을까요 바보 박경미 반드시 당원과 국민이 당신을 기억하고 더크게 쓰일것입니다 응원합니다 당대표를 검찰에 넘기려고 공작헸던자들 탈락시켜서 션합니다 민주당에 혁명이 일어난거네요 중요한건 당원들이 공천날짜를 기다렷다가 응징한셈 김진표 같은 의장선출한 민주당 의원들 대오각성 하시기를 모든 후보님들의 선전을 바랍니다 특히 경북 후보님들 사실상 당선이 어려운 곳인데 불구하고 노력하시는 모습이 감명 깊습니다 일제시대 독립군분들이 계셨기에 오늘이 있듯이 여러분들이 계시기에 더 나은 미래를 희망해 봅니다 총수님은 돈을 벌어서 어떻게 쓰는것이 가장 훌륭허고 멋진지를 보여주는 모범사례십니다 같은 연배지만 너무 존경스럽습니다 이 시대의 참 애국 독립투사이십니다 제발 건강하게 오래오래 사십시오 다뵈 축하드려요 꽃 재구독1년 추가합니다 4 10 진보가 승리해서 나라 더이상 망가지지 않길 특히 험지에서 고생하시는 후보님들 왜케 눈물나는지 감사하고 응원합니다 꼭 모두 당선 되시길요 무한 응원합니다 공중파방송 마다 민주당 지지율 떨어젔다고 귀가아팠어요 김총수님이 계서서 너무 좋습니다 민주당 은 합니다 이깁니다 아직 멀었네 지금 계양을 이재명 대표 출동중 복기왕 후보님 해외에서도 응원합니다 아산시 사는 지인들에게 밭갈겠습니다 복기왕 필승 민주당 필승 입니다 힘내십시요 이재명대표님 뿐입니다 화이팅입니다 최고이십니다 류삼영 후보님 승리 하세요 권성동은 꼭 이겨야 합니다 얼마나 나쁜놈인데 아직도 찍습니까 강원도민 여러분 깨어나세요 제발 김진태를 도지사로 만든 강원도 험지 중의 험지 춘천갑 허영 의원 김진태 후보 누르고 첫 민주당 국회의원으로 당선됨 원창묵 첫 민주당 3선 원주시장 김도균 쓰리스타 출신으로 고성속초 이양수 대항마 김중남 윤핵관 권성동 텃밭 강릉에서 출마 눈물겹습니다 진짜 이번에 이깁시다 강원도민 분들 진짜 정신차립시다 선거개표조작 꼭 살펴야합니다 김어준씨 얼마나 든든한지 민주주의 사회에서 당신과 함께 살고있다는 이 시대가 자랑스러울 만큼 당신이 존경합니다 이 시대의 유시민씨 조국씨 아련한 기억으로 가슴아픈 김경수씨 모두 모두 참된 정치의 길을 돕기위한 당신에게 존경과 감사와 기쁨을 전합니다 이재명 개혁공천 밀고 나가야 파이팅 경북 후보님들 힘내세요 항상 응원하겠습니다 대구 경북 후보들이 진짜 민주당 진성당원이지 완전 험지고 기대할 수도 없는 곳인데 묵묵히 가시니 대단 대단 민주당 시스템 공천 최고였습니다 그리고 당원과 시민의 승리였습니다 평생 국민의힘만 찍던 우리 아버지도 삼촌도 당은 맘에 안들어도 이번에 복기왕찍는답니다 복기왕의원님 이번에 진짜 되실거 같네요 아산 분위기 좋아요 대한민국을 꼭 살려야 합니다 하루하루 너무 속상한데 인주당 덕분에 힘이 납니다 민주당 200석 가즈아 신장식님 이해민님 서왕진님 너 무 감사합니다 김철호 후보님 너무 반갑습니다 오래전 부터 응원하고 지지했던 열정 지지자입니다 이번 총선에서 다시 뵙게 되어 너무 반갑습니다 얼마 남지 않은 선거 시간 응원하겠습니다 경북과 강원의 민주당 후보들 꼭 당선되시길 바랍니다 다뵈 꼬기요정 개근상 축하해요 김어준 총수님까지 건강하게 다뵈 겸공 부탁해요 늘 고맙습니다 TK험지 후보님들 힘내세요 공장장을 오래 지켜보면 늘 10년이상을 내다보고 앞서간다 여론조사 꽃은 정치 역사에 남을 것이다 비싼게 이번에 민주당 진짜잘했음 힘든곳의 후보들은 보지도못했는데 이번에 내가사는곳도 후보낸것보고 깜짝놀랬음 국힘쪽 표주기싫은데 국힘밖에없음 이번에는 당당하게 민주당 찍을수있겠음 김철호후보님응원합니다 험지에서 고생많으십니다 홧팅 박경미후보님 꼭 국회입성하길 기원합니다 오늘은 다뵈 보면서 계속 울컥 하네요 특히 경상북도 후보님들과 이해민님 모든분들 꼭 당선되시길 응원합니다 저는 경주입니다 우리집4명 확정 입니다 끝까지 응원합니다 눈물나는 진심의 투쟁전사님들 응원합니다 박경미후보 정말 짠하네요 험지에서 최선을 다했더니 그 보다 더한 사지로 선거에 대해 아무것도 모르는 류삼영 황정아 후보는 해맑아서 더 웃프고요 조직도 아무것도 없이 홀로 산골에 살아서 도와드릴 방법도 없고 마음으로나마 열심히 응원하겠습니다 조국혁신당 인재영업2호 이해민님 화법 적확하고 비전있고 강단있고 다 있네요 강릉 유권자 수가 18만 밖에 안 됩니다 다스뵈이다 오늘 동접이 7만이 넘습니다 강릉이 고향이거나 아는 사람이 계신 분들은 전화 한 통씩만 때려주세요 지겹습니다 갈아야 합니다 강릉이 어느 한 집안의 도시가 아니지 않습니까 조국혁신당 인재영입 보면 당대표의 사법 리스크는 아무런 문제가 되지 않음을 알 수 있다 운석열에게 기웃대는 사법부 개들의 충성이 만든 결과물일 뿐이다 특히 개검 확실하게 개혁해야 한다 박경미 후보는 이번에 안되면 보궐이아라도 될만한 곳에 좀 꽂아줍시다 꽃 을 만든건 진짜 신의한수 김어준 총수가 같은편이라 너무 좋아요 민주당 후보님들 조국 혁신당 비례후보님들 다같이 힘을모아 윤석열 강을 건너길 눈물남니다경북후보님들정말로존경합니다 여러분들이 이나라에 영웅이십니다 반드시 승리하셔서 이나라를 구해야합니다 박경미 의원은 이번에 되든 안되든 꼭 서울시장이 되실 겁니다 노무현정신의 강남 버전 같은 이미지가 생겼거든요 서울시 전체에서는 그 이미지가 엄청난 폭발력을 보일 겁니다 이번에 지면 다시는 못이깁니다 절박한 맘으로 투표해야합니다 오늘 저녁에 꽃 여론조사 전화받고 너무반가워 열심히 대답했어요 경북 후보자님들 정말 대단하십니다 꼭 유의미한 변화를 이끌어내시길 기도합니다 조국에 배신자 반역자 승만 독제자 를 퇴진 1960 경북 학생 민주항쟁 정신으로 꼭 당선 하여주세요 바로 1960 년 4 19 민주항쟁의 도화선 민주성지 경북 고등학생 열사임 제발 도와드리세요 함께 구국를 위해 미래를 향해 아멘 구미로 이사왔습니다 힘내라 김철호 민주당 화이팅 확실히 민주당 후보들이 훨씬 국민을 위한 분들임이 확 느껴진다 박경미 후보 넘 짠함 제발 강남 아줌씨들 정신좀 차리슈 험지 출마한 후보님들 절박함이 보여서 눈물납니다 꼭 승리할 수 있도록 응원합시다 유튜브 구독 꾸 욱 동참하자요 경북 민주당 독립투사들이다 찍어줍시다 이해민님과 황정아님 함께 대한민국 이공계 응급처치 해주시길 기대합니다 경북 후보님들 진심으로 응원합니다 보면서 여러번 울컥했어요 떨어질걸 알면서도 불쏘시개라도 되고자 하는 마음으로 출마하신다는 말씀 정말 감동이에요 유튜브 구독했구요 소액이지만 후원도 했습니다 빨간 밭에 파란 꽃이 많이많이 피어나길 멀리서라도 열심히 응원할게요 일잘하는 국회의원을 뽑는 선거가 어쩌다 나라망친 죄를 묻는 선거가 됬는지 한탄스럽다 이번선거 끝나면 새로운 대한민국이 태어나길 기대해본다 열심히 일하시겠다는데 좀 뽑아줍시다 민주당화이팅,0
ai0X3BqenpI,2024총선 어이 한동훈 미안해 충청3인방 충격이에유 클린스만 퇴출,지금이라도 나라를 정상으로 바로 잡으려면 국짐과 정부를 갈아 엎어야 합니다 선거 잘 합시다 나라도 개판 축구협회도 개판 감독도 개판 뭐하나 정상인게 없는 요즘 투표라도 꼭 합시다 정봉주의원님 꼭 4월에 국회로 입성하시길 바라겠습니다 정봉주 반드시 꼭 국회입성 해야합니다 김어준 총수님 항상 건강하시고 힘내세요 응원합니다 최고 파이팅 너무 좋아요 끝까지 지지합니다 우리모두 총선승리 하여 윤석열 사라질 그날까지 힘을 모으자 민주당 파이팅 어른들의 잘못입니다 우리를 행복하게 해준 선수들 사랑해 주세요 최배근교수님 감사합니다 다뵈 김어준 늘 응원해요 민주당 총선압승 이잼파이팅 이제 더이상 노회찬이 없지않습니까 고양갑 심상정 주면 국힘한테 넘어갑니다 절대 안돼요 김어준 망하면 안돼 구독할거야 무능 무도한 정권 꼭 심판합시다 이잼 민주당 총선압승 모두 끝까지 힘내요 충청도에 인재영입 제대로 했네요 아주 3분다 확실하십니다 보는내내 흐뭇합니다 파이팅합시다 민주당 비례표가 분산되진 않았으면 좋겠습니다 민주당의 압도적 제1당을 위한 승리를 기원합니다 충청팀 빠이팅 특히 17호 김제선님 꼭 구청장 되셔요 김어준 총수님 감사합니다 무능한 지도자가 얼마나 참혹한 사태를 만드는지 꼭 심판합시다 룬 몽규OUT 최배근 교수님 처럼 애국자가 또있을까 진정 선비님 이십니다 조국신당 응원합니다 파이팅 지역은 민주당 비례는 조국신당 우리의 희망 동지이신 소중한 총수님 옳은 말씀 훌륭한 방송 리드로 힐링 큰 힘 받습니다 건강하시고 오래오래 함께 해주세요 늘 감사합니다 늘 함께하며 끝까지 힘실어 지지하고 응원합니다 김어준님 총선완승으로 민주당가즈아 영입한 인재여러분 정말 훌륭한 사람들입니다 의욕 충만하고 아이디어 번뜩이고 말씀 잘 하시고 그래서 민주당입니다 사람들을 웃게 하는 정치를 하고 지도자나 시민이 서로 믿고 사는 사회를 만들어 가는 민주당 화이팅입니다 애초에 독일에 갈 이유가 김건희에게 있었던 것이지 윤석열은 독일에 볼 일이 없으니 김건희가 못 가는 마당에 안 가기로 한 것이겠지 라고 추정하는 바 나는 조국을 지지한다 조국을 동정해서 지지하는 것이 아니다 대한민국의 건당한 성장과 국민 경제 성장에 언론개혁과 검찰 개혁이 필요하다 검찰개혁 의지가 강하고 잘할수 있는 사람이 조국이라 생각하여 나는 조국을 지지한다 조국의 용기에 박수를 보낸다 똑바른게 하나없는 요즘 같아선 살 의욕도 없어지네요 윤석렬이는 건희없인 밥도 못먹는다 김어준 총수님 정말 목숨걸고 싸우고 있군요 응원하고 있습니다 진짜 생각할수록 욕나오는 정의당 니들이 노동자 당이냐 최배근 교수님 정치와경제 장전 선포 다들 투표합시다 망한다 소리 죽어 버린다 소리하면 안됩니다 10억 쓰고 정권 끝장내자 클리스만과 멧퇘지 동시에 퇴출 야당 200석 완승 천안 살고있습니다 이재관 후보님 응원합니다 천안 민주당 화이팅 지금은 민주당으로 모든 역량을 모아야 합니다 절체절명의 선거를 앞두고 표가 갈라져 썩렬이만 도와주는 어리석음을 반복하지 않길 바랍니다 김어준총수님 건강하세요 영원하세요 사랑합니다 김어준 총수가 있어서 그나마 위로가됩니다 김어준 최곱니다 정청래 의원 뵈면 유쾌해진다 충청후보님들 인상적입니다 꼭 당선되셔서 기량 발휘 제대로 해주시길 바랍니다 이명박근혜도 견디어 냈지만 이놈은 진짜 인내심의 한계를 넘기네요 무조건 200석이상 해야 탄핵됩니다 정봉주 출마를적극 지지합니다 정봉주화이팅하세요 이시대 참 훈훈인 정청래 짱 좋아요는 기본으로 눌러줍시다 제발 200석 정봉주 응원합니다 반드시 국회가자 나는 비례에 조국신당에 찍을 겁니다 정청래의원님 멋져요 조국장관님이 잘하실거에요 민주당 과 윈윈할 수 있을 거예요 민주당 화이팅 김어준공장장님 민주주의를 위해 애써주심에 감사드립니다 정청래의원님 최배근 교수님 존경합니다 충청 3인방 재밌네요 세 분 다 화이팅 응원합니다 사악한 검찰정권을 철저하게 응징해야합니다 민주당 영입인재분들 완전대단 최배근교수님 존경합니다 정 우택 돈봉투 CCTV 정확히 찍힘 정청래 의원님 열렬 응원합니다 이 시절에 김어준이 있어 다행이다 정청래의원님 존경합니다 너 무좋아요 검찰개혁을 위해 검권에 맞서다가 희생당한 조국 추미애 같은 분들을 국민이 지지하지않는다면 앞으로 누가 불의한 권력에 맞서려고 할까요 총선 200석 야당 압승 제발 기도함니다 더이상 대한민국 후퇴 막아야 합니다 윤석열도 퇴출 가즈아 영원하라 김어준총수님이여 김어준 총수 지치지 말고 힘내요 조국 박사님도 힘내세요 우리는 모두 그대들을 사랑하고 믿어요 최고니까 우리들의 탄핵이 필요한거죠 이 시대의 참 포용인 정청래 참 정치인이네 버티고 또 버티자 그리고 투표장으로 달려가자 명랑사회 정기 후원하고 있지만 여론조사 꽃 다음달엔 꼭 구독하겠습니다 여론조사 꽃 구독했어여 김어준 화이팅 김어준 참 좋은사람 민주주의 국가의 국민들이 해야 할 가장 큰 의무는 권력감시 다 하지만 일상을 살아야 할 국민들 대다수는 감시할 수 있는 시간적 여유가 없다 그래서 그 감시를 언론에게 일임했다 하지만 그 언론은 지금 썩었다 언론개혁을 실패한다면 정권을 잡더라도 장기집권은 불가능이다 민주당은 총선승리 후 피를 묻히는 각오로 개혁드를 걸어야 한다 언론개혁 얄짤없다 이번에 심상정 정계은퇴 정의당해체 그것도 윤석열심판 이다 그래야 차기대선에 걸림돌을 없애는거다 살아있는 우리들의 양심 최고의 지식인 최배근 교수님 진심으로 존경합니다 늘 건강하십시요 올리브유 몇개월 전에 10000원이었다 지금 2배 뛰었다 이게 나라냐 주부들 공감하지 이게 현 중간 대한민국 물가다 그럼 어째야 한다 그려 쫓아내야 한다 암만 어떻게 투표로 민주진영 일꾼들 참 유쾌합니다 그들에게 일할 수 있는 기회 줍시다 창원 성산구 정의당으로 단일화 하면 안됩니다 노회찬 의원님 이후로 이곳 정의당 민심 떠났어요 황운하를 불러줘요 자꾸 불러서 인지도를 높여줘야 합니다 불금 다스뵈이다 기다리고 있어요 베트남에서 검증된 박항서 강독님을 강력히 추천합니다 카이스트 축사 대박 아홉하늘이 조국 과 함께 합니다 용담16김 김어준총수님 존경하고 감사드리고 응원합니다 이재명대표님의 민주당힘내세요 조국 화이팅 입니다 어준총수 쵝고 총선 밭갈기 시작 조국장관님 힘내세요 김어준 공장장님 안녕하세요 옳소 정청례 정청례 역시 최배근 교수님 사랑합니다 최대 관심지역에 계양을에 부모님과 함께 살고 있습니다 부모님은 80대 입니다 부모님께 마지막으로 말씀드렸습니다 앞으로 당신 자식들과 손자 손녀들이 살아갈 세상입니다 정신 똑떼이차리고 투표 하시라고 원모씨가 되면 바로 분가 한다 했습니다 지금 대한민국은 외적 내적으로 요단강 중간 에서 허우적 되고 있는 듯 합니다 이번이 마지막 기회라고 생각하고 다들 정신 똑떼이 차려서 중간까지 간 요단강에서 다시 돌아옵시다 정청래 만큼만 해라 조국장관도 자기당 기호1번으로 나와야함 그래야 투표해줄수있음 감사합니다 정봉주좀 살려주십시오 아 나 진짜 빵터졌다 역대급이닼 털보형 형은 정말 최고야 전국을 서울로 편입합시다 서울시 제주동 서울시 대전동 서울시 목포동 서울시 강릉동 서울시 부산동 그러면 수많은 시장 시 군의회 다 없애고 국회의원도 필요없습니다 심판의 시작 투표 똑바로 합시다 하루빨리 탄핵 심판 해야한다 조국장관님 응원합니다 최배근 교수님 존경합니다 유시민작가님 출두하십시요 숨쉬기가 힘들어요 어찌살아야하는지 바다는 비에 젖지 않는다 는 노인과 바다 에서 나와요 민주당은 야당이에요 할 수 있는 게 별로 없어요 여당으로 만들어 줘야해요 200석 넘겨서 여당으로 어준총수 을 응원합니다 총선에서 민주당 꼭 압승하길 간절히 기도합니다 영입된분들 정말 멋진분들이네요 국민을위한 정책펴주세요 환영합니다,0
wFxeUBmy4yk,복덩어리 한동훈 삼부 체크무늬 트럼프가 온다,우원식이를 어찌할고 국힘당에 시간을 벌어주는 행태를 어떻게 설득해야 하나 우원식 의장님 왜 당원들이 추미애를 원했는지 생각해 보세요 국가와 국민을 생각한다면 어떤 의제든 늦추면 안됩니다 협치와 야합은 절대 안돼 탄핵 빠를 수록 나라가 정상국가 될 거 같아요 우선순위를 알아야 언론부터 안바꿈 개혁은 힘들다 오늘 법사위 청문회와 국짐 당대표토론을 보고있자니 가관도 아니다 상식과 진실은 개나 줘버린지 오래고 그저 나만 살겠다고 물어뜯어대고 언제까지 저런것들에 우리 피같은 세금을 갖다바쳐야 하는지 참담하다 항상 우리를 깨어있게 해주셔서 감사합니다 정청래 위원장님 입법 위원에 운영 사회 통솔력을 세계 각국 국회가 배워야 합니다 모범이되는 대한민국이 자랑 스럽네요 감사 합니다 사랑 합니다 군 골프장은 3부 야갼 을 운영안합니다 못하게 되는것 보단 상설특검이라도 되면 좋겠습니다 진심 우리나라가 국민이 이 역경을 잘 이겨냈으면 좋겠습니다 안녕하세요 김어준 총수님 항상 건강하시고 힘내세요 응원합니다 최고 파이팅 주말 잘 보내시고 날 만나요 끝까지 기대합니다 진보는 국민으로 살고 보수는 백성으로 산다 이 나라의 주인은 국민이고 백성은 나랏님 밑에 굴종하며 사는 노예다 국내정치 외교정치 정말최악이네요 탄핵이답입니다 국민모두가 힘을모아야합니다 한동훈이 사과까지 했다는 것은 청탁 행위가 있었다는 확실한 증거 양주는 대통령기록물 고로 마신자도 대통령기록물 국민이 모지리를 뽑았다고 생각하지 않습니다 200만표를 미분류로 빼내서 멋대로 나눠준 그넘이 범인 입니다 더이상 주권이 훼손되면 안됩니다 투표함을 옮기지 못하게 입법해야 하겠습니다 그냥 모든 비정상을 당연시 하는 정부 그러나 악착같이 나라를 지탱해 주는 민초들 한준호의원님 미래 대통령의 길로 쭉 승승장구하시길 민주당 의원 님들 훌륭하십니다 이재명대표님과 함께 나라를 위해 국민을위해 많은일 해 주실것믈 믿습니다 응원합니다 윤석렬은 정치 하자마자 대통령이 됐쟎여 그러니 나라꼴이 요모양 요꼴이쥬 김어준총수님 늘 건강 챙기시구요 끝까지 응원해요 김병주의원의 꿈이야기가 내가 우리당원동지가 국민들이 꾸는 꿈과 같기에 가슴 뭉클하다 조금은 다른이들과 다르게 언변이 약하고 멋스럽지않지만 당신만의 진실됨이 전해지는것 같아 뭉클하다 서민의 삶도 어린시절 지내봤고 그 현실을 넘기위해 노력하고 피흘리고 달려오고 노력하고 진정 그대는 시대의 풍파를 몸으로 맞으며 당원들을 지켜주는 든든한 고목이되어라 나는 매일 꿈 꿉니다 당신 믿음이 대통령이되는 꿈 내 꿈이 현실이되는 그날 까지 우리 잡은 손 놓지맙시다 우리 꿈이 현실이 되는 순간까지 산자여 따르라 삼부는 라임 옵티모스의 사라진돈의 마지막미로게임의 문이될것같다 한준호 의원 의정활동 잘하고 계십니다 최고위원 가즈아 응원합니다 브라보 이재명 이재명 이재명 이재명 이재명 김건희댓글부대는수사안하나요 김건희휘젓는나라이게나라여올해안에해결해주세요 정청래 법사위원장이 일을 너무 열심히 해서 거의 모든 공격을 홀로 받고 있습니다 새로 최고위원이 되시는 분들이 그 역할을 나눠야 합니다 그 역할을 충실히 하실수 있는 분들에게 투표를 하겠습니다 내년엔 나라걱정 안하고 내 생업에 집중할 수 있게 해주세요 김어준총수님 건강하세요 영원하세요 사랑합니다 세계 경제 이야기를 들으면 국민이 분노 하는데 이재명 대표님이 들으면 속이 타는 느낌 일겁니다 진정한 군인정신 김병주의원님 뿐이라 생각합니다 탄핵 제발 역사를 잊은 민족에게 미래는 없다 잊지말자 대한민국의 역사를 고양이뉴스 원피디님의 노력이 헛되지 않기를 딱딱 퍼즐이 맞아떨어집니다 다들 용기 내주세요 영원하리 김 어준 탄핵을 빨리해야 나라를 구한다 맞아요 우물쭈물하면 당 합니다 반드시 꼭 기필코 검찰개혁 다스뵈이다 응원합니다 윤석열은 이많은 죌 짓고 어떻게 살려고 멍청한 짓을 할까 왕은 왕이로소이다 한준호의원님은 진실이보인다 한표 민형배 의원님도 한표 보고있자니 답답하고 소화가 안되고 전 윤을 찍지도 않았으니 더 미치겠군요 한시도 꼴이 보기싫은데 언론개혁 가자 한준호 한동훈을 제2의 노태우를 만들어 가는 보수의 기획 아닌가 하는 이언주의 의견에 동의하며 많이 염려하고 있습니다 절대 방심하면 안되는 윤 한 관계 이고 윤은 버리되 한을 앞세워 정권 유지하려는 보수들의 기획 가능하다 보기에 이언주에게 한표 드립니다 청문회 보고 있습니다 사실 동후니는 찐 민주당원이었다 박주민 의원님 응원합니다 아 김병주 저 형님은 은근히 대단해 주춤주춤 뒤로 물러서면 역풍맞는다 눈치 보지말고 세게 나아가야한다 민주당 차기 집권하면 명심해야 합니다 김병주최고 오늘 말씀은 한편의 시같다 가슴에 꽃히는 감동의시가 아름답고 강하다 역풍은없다 강하게나가자 한동훈 특검 김건희 특검 윤석열 특검 채해병특검 등등 3 5개를 같은기간에 상설특검을 하게된다면 결국 다같은 인물의 범죄이기에 12명 20명을 확보하는 시나리오 가 됩니다 한동훈 다음에 오세훈이라니 대한민국의 미래 절망편이냐 언론개혁 한준호 박주민은 멈추지 않는구나 멋진 정치인이다 상대를 죽이는 일을 서슴치않는 넘들과 정치를 하고 있다는 사실을 잊지마시길 진짜 고민했어요 누가되든이에요 국민의 70프로가 원한다 민주당은 행동해라 목숨걸고 행복한 고민 최고의원 뽑을 사람이 너무 많다 복덩이 한동훈 오늘도 나경원에 네 네 웃겨죽는줄 정청래 법사위원장님 혼자서 무지막지한 여당 막아 내느라고 너무 힘들어 보입니다 잘하시라고 응원해 줘야 겠네요 우원식의장 지금 삐긋하면 역사에 죄인이 될 수 있다 무슨협상 제발 정신 차리세요 트럼프 이재명 동시 취임으로 가자 김어준총수님 항상 응원합니다 김어준 형 수고 많으셨습니다 늘 나라를 위하시는 마음에 존경을 표합니다 언제나 응원합니다 윤석열 탄핵가자 탄핵이 민생이다 정봉주 탄핵 기관사 임명 민주당 국회의원님들 힘내세요 한 기대를 저버리지 아나 법을 마음대로 해왔고 지금도하고있는 윤대통령과 한동훈 국힘 사람들입니다 법개정은 안되나요 쫌 어떻게좀 해봐요 김어준 화이팅 다뵈는 우리들의희망 윤석열 김건희 탄핵 가능한가요 하루가 시급합니다 오늘따라 설렘 김어준 고맙습니다 응원합니다 화이팅입니다 다 멋있어c 외교문제를 겸손은힘들다 에서 이런얘기 해주세요 빨리 검찰정권 끌어내려 주세요 3년은 우리나라 완전 망해요 국민의염원이아니라 국민이죽어요 상설특검 일타강사 박주민 응원합니다 김어준 공장장 언제나 애써주심에 무한 감사요 반갑습니다 진짜 박주민 의원 만한 의원없어 열일하고 일잘하고 진짜 정치 쭈욱해주고 대통령까지 김어준 항상 감사합니다 김어준 공장장님 봉도사 한표 그리고 박주민 의원님은 언제나 사랑입니다 어려운 시기시기마다 우리와 함께 해 온 다스뵈이다 든든하고 감사합니다 힘을내요 화이팅 이재명의우산 김병주 정답 이천공이 이 나라의 상왕이냐 당장 체포하고 수사하라 총수님 아까 우산 양산 삿읍니다 써보고 많이소개할게요 지금만큼 전세계적으로 존경할만한 훌륭한 지도자가 없는것도 큰 문제다 사람사는 세상같네요 민주당화이팅 응원합니다 제발 올바른 정치로 대한민국이 앞으로만 나갑시다 김병주의원 응원합니다 김어준은 국보다 누가 뭐래도 이번 최고위원 투표 가장 어렵다 오랜만에 즐거운 고문이다 김병주 의원님 화이팅 두둥 응원합니다 한사람국민으로 부탁드리오니 제발정신차리고 윤석열을 탄핵합시다 채수근상병 외롭고 고통스럽게 떠나갔지만 편히 쉬어요 그대를 기리고 기억하는 많은 사람들이 있습니다 얌전하게 대기중,0
82r1izASPms,원조오빠 남진 거친남자 동훈 원정유세 데이비드,이러다 독도 빼앗긴다 진짜 탄핵해야 해 진심으로 감사합니다 민주당내의 집단지성은 찐인것 같습니다 당원들과 지지자들이 만든 이결과는 혁신과 진보의 가치를 이뤄내고 있는것 같습니다 청년정치인을 뽑는데에 있어서 잘해주세요 장경태의원님과 같은 분이라면 좋겠지만 그렇지않고 기회주의적 스팩쌓기용 구직적관념으로 영혼없이 생각없이 정치에 입문하는 짊은 정치인은 배제해야합니다 무조건 청년이라고 무조긴 여성이라고 머리수 채우듯 임명하는건 절대피해야 합니다 남진선생님 최고입니다 우중충한 요즘 분위기를 확 바꿔주시니 건강하셔서 오래 우리곁에 계셔주세요 이재성 위원장 참 볼때마다 놀랍다 겸손한데 비범하고 부드러운데 강력하고 이상적인데 치밀하다 이과형 인간인데 너무나 인간적이다 천상 정치가이고 지도자감이다 볼수록 신기하고 기대된다 부산이 부럽다 민주당 제대로 하자 탄핵이 답이다 품격있게 반박할 필요 가치가 없다 그냥 팩트만 명사로 단답으로 해주자 길게 말해봐야 못알아들어 입만 아프니 제발 민주당 이번엔 잘하자 홧팅 김병주의원님 꼭 최고의원으로서 최선을 다해주세요 응원합니다 데이비드 김 꼭 당선되시길 바랍니다 방탄조끼 남진 가수 역시 멋져요 총수님 수고하셨습니다 감사합니다 이종호를 잊으면 안됩니다 절데로 이종호 캐면 딱 걸립니다 국회의원 국민소환제 만듭시다 민주당 간사 김승원의원님 홧팅 남진님 최고 머쪄브러 김병주 의원님 응원합니다 정말 정말 민주당 만세 지역당위원장님들 더블어 민주당 당원1 000만명 권리당원 500만명 위해 총출동 해얘합니다 참 올바른 봉사를 누리고자 험난한길을 가고자하는 데이비드 나도 나이가 많지만 존경스럽고 꼭 이사회에 큰 일꾼이 되어주길 기도합니다 민주당홈피가 구리다라는 이재성 부산위원장님의 말씀에 너무 공감이 가네요 홈피부터 바꿔주길 기대하는 마음에 지지를 보냅니다 죽어가는 대한민국 살리는것은 탄핵이 답입니다 남진 선생님 너무재밌습니다 데이비드 김 변호사님 응원합니다 꼭 이기세요 김병주의원님 강선우의원님 두분 너무 멋지시고 보기 좋아요 늘 응원합니다 용산총독부 일제시대 진정한 독립투사 김총수 최고 쵝오에요 구독과 좋아요는 사랑입니다 박근혜 윤석열도 당선된 한국 방심은 금물입니다 남진오빠 멋져요 데이비드 꼭당선되시길 민주당 당원가입 독려 500만 갑시다 눈 뜨보니 일제야 100 공감합니다 정치는 약자에 대한 서비스 이다 한국 정치가들도 이와 같기를 눈떠보니 일제시즌2 우리소원은 탄핵 김어준 언제나 감사해요 이잼민주당 파이팅 데이비드 킴 변호사님 당선 되시면 좋겠네요 화이팅 강선우 꼴찌의 아름다움과 가치를 일깨워 준 극도로 멋있는 정치인 One thousand thumps up 데이비드 김 응원합니다 꼭 미하원의원에 당선되시기를 기원합니다 데이비드김님 응원합니다 미국의 친구들에게 응원 지지 부탁할께요 이재성 님 너무 기대됩니다 새로운 민주당 새로운 부산 응원합니다 이재성위원장님 힘차고 지혜와 신념이 느껴집니다 데이비드 김 당선을 기원합니다 데이비드 김 너무 훌륭합니다 비록 투표권은 없지만 응원합니다 데이비드김 꼭 당선되시길바랍니다 다스뵈이다 홧팅 현재 윤석열의 상태는 늪에 빠진 자가 자신의 머리카락 끝을 잡고 스스로 늪에서 빠져나오려는 논리와 같은 상태이다 내쫓을 시간이 다 왔다 강선우 의원님 쭉 변함없이 가세요 길게 응원할게요 봉도사는 우리가 짓밟는게 아니고 스스로 자하로 기어 들어간 것 남진 멋져요 지금 제가 힘든데 이방송 보며 같이 웃어요 똥후니는 아직은 리드의 깜이 못된다고 본다 극우보수가 많이 키워도 고노메 입땜에 안된다고 봅니다 남진 세월이 갈수록 멋진 분 이더라구요 남진 선생님 스크린에서 뵙겟습니다 요즘에 장경태 아주 좋아 맨날 너무 시원해 점잖은 민주당 의원 중에 국힘 입으로 완전 열받게 하는 인재 최고 초딩때도 탑 오브 탑이엇던분이 60년 탑자리를 지키고 있네 80이 다되가는데 저 모습 저건 신의 축복 기대하고 기다립니다 이재성 위원장님 응원하고 지지합니다 힘내세요 김병주의원 멘탈 최고다 김어준이다 언제까지 참아야 하는지요 이나라가 걱정입니다 윤석열 반드시 탄핵 해야합니다 김건희 구속수사 해야한다 David Kim 꼭 당선되시길 진심어린 정치가들을 보고싶다 이재명대통령 데이비드김 꼭 당선되시길 기도 하겠습니다 너무도 인간적인 그러나 정치인의 뜨거운 가슴을 품고 계시는군요 미국에 있는 동생과 지인들께 후원부탁 하겠습니다 데이비드김 꼭당선되시길 뵐께요 눈떠보니 황국신민 이재명 대통령 만들어야 합니다 탄핵열차 토욜 6시 시청역에서 104차 출발합니다 언제나 응원합니다 16년야인이어서 기억해줬는데 감히 시국이 어느땐데 용산총독부 정치검찰 타도하자 독도 지키자 꼭 당선 되세요 데이비드 김 응원합니다 이재성 멋지다 강선우 의원님 힘 내세요 정치적 자유가 없어 표는 못 드렸지만 늘 응원하고 지지합니다 당찬 메시지 똑 소리 나는 전달력 연잎에 아침 이슬 구르는 듯한 웃음 소리 마음을 토닥토닥해요 남진 선생님 유쾌하시네요 영화나오면 엄마 모시고 꼭 볼게요 봉도사의 까방권은 끝났다 데이비드 김 화이팅 강선우 의원님 전당대회서 표 안나와도 다른 의원들 웃으며 박수쳐주는 모습 참 보기 좋았습니다 하나님 대한민국을 구하소서 이건아닙니다 윤석열은 그자리에서 내려오세요 남진쌤 보러왔다가 이방송 보게되네여 정치관심없지만 재밌어서 또보려구여 당원 축제 좋은 아이템 입니다 남진 가수님 특집 방송을 꼭 부탁드립니다 요새 웃을 일도 없는데 올만에 웃으면서 봤습니다 민주당 청년 의원 장경태 의원님 홧팅 오빠 남진 응원합니다 김어준 총수님과 남진님 두 분 덕분에 많이 웃고 재미있는 시간되었네요 역쉬 김어준 총수 미 민주당 후보 변호사님 진짜 인물이네요 이런 청년이 꼭 선출되어야겠다 이재명대통령 김어준총수 김병주의원님 넘 귀여워요 제나이80할머니국민학교때독도는우리땅 우리땅그랬지요 김병주 의원은 후륭합니다 데이비드 김 인상 좋으시다 좋은일 하는 분들은 얼굴에서 나타납니다 남진 선생님 김어준 총수를 모르는게 충격이네요 남진 선생님 처럼 김어준 총수를 모르시는 어르신 들을 위해 다스뵈이다에 출연시키는 기획력에 엄지척 김병주의원님 진심 귀여우세요 응원합니다 충성 말로만 떠드는 사람보다 이재성처럼 저렇게 구체적 플랜으로 얘기하는 사람 너무 멋지다 저도 이번에 김민석 김병주 의원님 뽑았지만 우리 보배 강선우의원님 강력하게 지지합니다 민형배의원님도 너무 아까운 의원님이였고요 이재성의원 응원합니다 꼭 부산이 변화되리라 믿습니다 화이팅 뚜껑이 그걸 할 그릇이 애초에 못 된다 절대 못하지 암 뚜껑이 그걸 하면 개가 똥을 끊지요 푸하하 김어준은 국보다 누가 뭐래도 건강하십시요 남진선생님 항상 응원합니다 오래 오래 건강하세요 부산동구시민 이재성 지지합니다 국민의힘 지지자가 다뵈 출연했다면 더욱 환영해야죠 웰컴 가고싶었는디 담주에 건강하게 김어준총수님 화이팅 투표 안하려고 했는데 데이빗김 때문에 해야겠구만 응원합니다 민주당에 희망 일잘하는 일꾼들 고맙습니다 남진형님 참 멋지시네요 샹송무대 꼭 보고싶습니다 데이비드 김 후보 응원합니다 당선 되셔서 미국의 정치문화를 바꾸어주십시오 그리고 다스뵈이다를 통해서 윤석열 탄핵도 꼭 실현 되길 바랍니다,0
IfNJpR6YlQk,대통령폰으로 누가 통화했나 간첩을 체포해주오 자니,포7대대장님께 응원을 보냅니다 아무쪼록 건강하시길 바랍니다 국민이 지켜보고 앴습니다 7포대 대장님 끝까지 버텨주세요 이제 거의 밝혀졌습니다 좌절하지마시고 국민들을 믿고 힘내세요 포7대대장님 진심으로 응원하고 지지합니다 필승 포7대대장님 굳건히 버텨주세요 국민의 한사람으로 진실이 만천하에 밝혀지길 기원합니다 응원합니다 포7대대장님 힘내세요 국민들이 압니다 국민들이 지지합니다 꼭 건강한 모습으로 원하는 삶을 이어가길 응원합니다 포7대대장님 응원합니다 힘내시고 진실은 꼭 밝혀질겁니다 포 7대대장님 힘내십시요 왜 억울하게 당신이 죽으려한단말입니까 죽을힘을 다해 살아서 저 사악한인간들의 끝장을 지켜보십시요 이렇게 포7대대장님이 무엇을했는지 다 아는데 자신을 버리지마십시요 응원합니다 포7대대장이 억울하지 않게 박정훈대령이 억울한 일을 당하지 않게 잘못한걸 제대로 벌을 받게 포7대대장님 당신은 참군인입니다 힘내세요 당신같은분들이 있어 세상은 아직 살만합니다 임성근 사단장은 더이상 기망하지 말고 국민과 채해병 유족과 대한민국 모든 정의로운 군인들 앞에 당장 무릎꿇고 석고대죄하라 포병 대대장님 건강하세요 이 또한 다 지나갑니다 꼬옥 진실은 밝혀집니다 해병대 포7대대장님 당신의 잘못이 아닙니다 당신을 지지합니다 용기 잃지 마시고 힘내세요 드디어 시작된 22대국회 이재명을 중심으로 많은변화가 있기를 소망합니다 포 칠 대대장님 힘내시고 빠른 쾌차를 바랍니다 당신을 응원하는 국민이 많습니다 가족도 얼마나 힘들겠어요 힘내세요 박정훈대령님 포7대대장님 그리고 진실과 정의를 위해 맞서 싸워 주시는 모든 군인장병 및 애국시민 여러분께 진심으로 감사의 뜻을 전합니다 포병7대대장님 편을보면서 눈물이 나서 댓글이라도 적어봅니다 절대로 절대로 불의에 지지마시고 힘드시겠지만 버티시길 응원합니다 저와같은 마음의 국민들이 70프로가 넘는다는 사실을 아셔주시길 바라며 모든 사실이 진실이 밝혀질것으로 기도합니다 해병대의 영웅이시군요 존경받아 마땅하신 분이라 생각합니다 이시간이 지난 후 명예를 반드시 회복하시고 존경받는 군인으로 남으실 것으로 믿습니다 당연히 그렇게 되어야 하고 그렇게 될 것입니다 힘내십시오 멀리서나마 작은댓글로나마 응원을 진심을 담아서 보냅니다 포대대장님 힘내세요 박정훈 대령님 힘내세요 참군인들 반드시 명예회복 되길 진실은 반드시 승리합니다 22대국회 이재명 대표님과 함께 강한 민주당 화이팅 응원 합니다 민주당은 전우용 교수님을 자주 초빙해야한다 떨어져 나가기 싫으면 잘이해하고 행동하라 포 7대대장님 혼자가 아님을 꼭 기억해 주세요 힘들지만 꿋꿋이 버텨주세요 많은 국민들이 응원합니다 진실은 반드시 이기고 어둠을 이기고 밝음이 이길겁니다 김규현 변호사님의 용기있는 활동에 감사하고 응원합니다 조국대표 말씀대로 끝까지 가 봅시다 이 해병대 포7대대장님의 명예는 회복될 것입니다 힘내십시오 포7대대장님 이 댓글을 보실 수 있을까요 가족분들이라도 보신다면 꼭꼭 잘 버티시라 조금만 버티시라 말씀드리고 싶습니다 마음이 너무 안좋습니다 부디 건강하셔야합니다 포7대대장님 박정훈 대령님 힘내시고 꿋꿋하게 버텨주세요 국민들이 응원하고 있습니다 김명신을 구속하라 에는 다시뵈이다 시청하는밤 김어준 총수님 응원합니다 나라가 한마디로 미쳐돌아간다 윤석열 집단 빨리쫓아내 나라구하자 열불터져 7대대장님 건강 잘 챙기세요 너무 가슴이 아프네요 변호사님 응원하고 지지합니다 지금은 힘들어도 우리 국민들이 지지하고있으니 힘내세요 화이팅 포7대대장님 님이 대한민국 대표군인 입니다 사랑해요 님들이 대한민국을 살린것 입니다 힘내세요 7대대장님 마음 굳게 먹으시고 끝까지 진실을 밝혀주시기 바랍니다 포 7대대장님 당신이야 말로 대한민국을 다시 구할 진정한 애국자입니다 힘내시고 채상병의 억울한 죽음이 헛되지 않도록 반드시 진실을 밝히는 선봉이 되어 주십시오 오늘도 감사히 응원하면서 보겠습니다 포 7대대장님 절대 절대로 극단적 선택을 하셔서는 안됩니다 지금 대대장님의 마음 충분히 이해합니다 저 또한 너무나도 억울한 일을 당해 봤기 때문에 한때는 삶의 끈을 놓아버리려고 했던 순간이 있었기에 그 마음 충분히 이해합니다 지금도 그때 생각에 힘들때가 있지만 의지를 갖고 이겨내고 있습니다 대대장님 힘드시겠지만 이겨내시고 힘내십시오 국민들이 당신의 결백을 지지하고 응원하고 있습니다 변호사님 화이팅입니다 임성근사단장 구속사키고 연금도 못받게해주세요 병사들의 목숨을 함부로 대하는 인간은 천벌을 받아야합니다 포칠대대장님 힘내세요 반드시 이기십니다 포7대대장님과 박정훈대령님 힘내시고 꼭 재판에서 이겨서 정의가 살아있음을 증명해주십시오 항상 응원합니다 오늘 윤 부정이 70 이다 탄핵을 밀어붙혀야 한다 우리 김총수 덕분에 숨이라도 쉴고 삽니다 포 7 대대장님 감사하고 또 감사합니다 포7대대장님 상식있는 사람은 누구나 대대장님 믿고 지지합니다 건강해야 끝까지 싸우죠 심신 잘 챙기시길 간절히 바랍니다 김규현 변호사님 좋은 정치인 정의로운 정치인으로 성장하기를 늘 응원하고 지지하겠습니다 김규현변호사님 격하게 응원합니다 탄핵열차 출발 이런 암울한 시기에 김어준 같은 사람이 한국에 있어서 참 다행이다 전우용 교수님 강의 소름 감동입니다 대한민중 화이팅합시다 역시 전우용 교수님 최고 정리해주시니까 쏙 이해가 됩니다 고맙습니다 전우용 역사학자 말씀에 위로를 받았습니다 민주당원들을 강성이다 개딸이다 라고 말할 때 너무 억울했습니다 속 시원한 말씀 감사합니다 다스뵈이다 우리의 자랑 정신병원에 입원해야할 나쁜놈들은 따로있는데 말이죠 포7대대장님 당신이 정상입니다 차고넘치는 증인들과 증거들로 드러나는 진실을 이제 국민들도 알게됬습니다 힘내세요 이게나라냐 분통터진다 탄핵이 답이다 전우용 교수님의 언급은 매우 중요한 정치적 의미를 갖는 것 같습니다 감사합니다 김규현 변호사 아주 큰 정치인으로 성장할거라 믿어요 대대장님 응원하고 존경합니다 당신 같은 분이 참군인입니다 7대대장님 힘내십시요 진실은 반드시 이깁니다 두 내외가 같이 감옥가는 기록도 이루겠다 전우용교수님 말씀 탁월하십니다 제가 딱 그런 당원 깨어있는 피곤한 시민입니다 언제나 응원합니다 2024년 11월 윤석열을 파면한다 김규현 너무멋져요 화이팅하세요 만 기다려요 다뵈의밤 김어준 총수 아니었으면 정말 어쨌을지 감사한 방송입니다 고맙습니다 그놈의 격노 기억하라 윤석열 그대가 같잖게 격노해댈때 국민들은 치를 떨며 격분하고 있다는것을 전우용님의 민중에서 시민으로 이젠 당원정치다 생활형정치 한 번 가보자 민주당 탈당철회 지금함 참군인 해병대 포7대대장님 수사단장 박정훈 대령님 힘내십시오 나라와 억울하게 죽은 채상병을 위해서 끝까지 군인정신을 지킨 참군인들만 희생 당하고 있는 현실이 너무 참혹하네요 포7대대장님 힘내십시요 이 사건의 전모가 밝혀지고 수괴들이 처벌받는 것이 대대장님의 상처에 큰 도움이 될 것입니다 흔한 말로 공소권 사유 없슴 이 되지 않게 멘탈 꼭 붙잡고 계십시요 반드시 해결될 것입니다 지난 주 박구용쌤 강의만 따로 올린 영상 너무 좋았고 바로 월말 들어가서 강연 신청했습니다 국민이 의전 서열 1위라는 말씀 너무 훌륭했어요 오늘은 전우용쌤이 그거 관련해서 말씀하시는 거 역시 짱이었습니다 뉴공에서 목이많이 쉬었든데 총수님 괜찮아유 건강하세요 해병대변호사님 인상이 참 좋으시다 응원합니다 힘내서 이 국가환란 위기를 잘 좀 꼭 좀 처리해주십시오 그 은혜를 우리국민들이 꼭기억 보은할껍니다 나라와 국민을 개무시하는 대통령이 국정운영하면 그 끝이 어떻게 될 지 뻔한 것 아닙니까 나라와 국민을 구원하는 사명을 부디 속히 꼭 이루어주시길 기도하겠습니다 감사합니다 파이팅 털보형 형은 정말 최고야 탄핵이 답이다 김규현변호사님 응원합니다 대대장님 잘못이 아니예요 너무 큰 죄책감으로 나를 아프게하지 마세요 7포대장님 힘내세요 국민이 있고 건강하시길 바라는 우리가 았자나요 국민이 격노한다 총수님 건강조심하세요 파랑새는 있다 이재명이 있다 임성근 정말 악마네 악마를 구해준 악마의 지존이 룬이구나 전우용교수님 강의 아주아주 훌륭했습니다 너무 깨달음 많았던 내용 감사합니다 김 어준 최고 로 수고많으세요 건강 잘 챙기세요 안녕하세요 김어준 총수님 건강하세요 응원합니다 최고 파이팅 끝까지 지지합니다 이 정권과 그 하수인들은 물에 들여보내지 않고도 또 한 사람을 죽이고 있습니다 7포대대장님 얼마나 억울하시겠습니까 그러나 저들에게 소중한 대대장님의 목숨을 던져주는 일은 제발 하지 마세요 간곡히 부탁드립니다 버텨주시는 것이 채상병과 유가족과 또 함께 분노하고 있는 국민에게 주는 희망입니다 잘못만 생각지 마시고 희망이 되어줄 수 있다는 것을 기억해주세요 애국자 김어준 응원합니다 정의를 아는 사람들이 이나라를 지켜야 합니다 사악한 무리들이 발 붙이지 못하게 모두들 힘내세요 전교수님 우리도 이제는 말할수있다 존경합니다 대대장님 포기하지 말고 힘내세요 누구 좋으라고 죽습니까 왜 선한 사람이 피해를 봐야해요 진짜 슬픔과 분노가 치밀어 오르네요 왜 우리나라가 이렇게 돌아가는지 창피합니다 꼭 버텨내세요 당신 잘못이 아닙니다 그날 개인폰 통화가 이뤄진 정오 즈음에 대통령이 어디에서 뭘 하고있었는지 공개정보여야 하는 거 아닌가요 병원에 입원하신 7여단장님께 응원에 메세지라도 보내는 운동이라도 해야할것 같아요 정신적으로 힘들때 지지를 받으면 조금이라도 위로가 되지않을지 해병대 포병 7대대장님이야말로 진짜 군인이십니다 대대장님 뒤에 국민이 있습니다 부디 건강지키세요 감사합니다 억울하게 자식 잃은 부모를 이길 순 없어 검찰권력가진 자라 해도 대텅령의 개인폰 증거인멸 예상됨 7포대장님 응원합니다 힘내세요 포7대대장님 힘내세요 꼭 버티셔야 합니다 이미 윤무당배는 구멍이 났다 이제 수장되는길 밖에 안 남았다 포7대대장님 참군인이시네요 힘내시고 감사합니다 김어준은 국보다 누가 뭐래도 도 휴거 휴거 조국의 해병들이여 포7대대장과 박정훈대령을 구하라 눈물 납니다 김어준 짱 포7대대장도 보호가 필요하겠네요 김어준총수님 끝까지 응원합니다 볼수록 김규현 변호사 멋져요 이재명 대표님 모습이 보여요 기대됩니다 7대대장님께 국민이 힘을 보태야 할거 같네요 어떻게든 응원의 메세지가 전달될수 있도록 했으면 좋겠네요 절대 죄책감 갖지 않으셨으면 좋겠어요 정의가 승리한다고 하지안 현실은 불공평하조 그걸 견디는 힘은 연대의 힘인거 같아요 혼자가 아니라는 생각을 하시며 견뎌내시길 이번엔 꼭 진실과 정의가 승리하길 매일 기도합니다,0
uOkxLdy6mVk,억류자 질문했던 기자 안전 경고 받았다 뉴스TOP 10,국내언론은 진짜 못믿겠네 저건 경고가 아니라 협박이다 수사하라 참 답이없다 외신기지한테 미쳤네 국제적 망신이다 욕하면 국민을 상대로 고발하는 대통령 와 무섭다 제발 미국 언론 협회에서 언론 탄압에 대한 강력한 규탄 성명을 냈으면 좋겠다 국제개망신 이것이 대한민국 현실이네 외국인기자한테 개인안전 경고 독재정권이네 진짜 국격 살살 녹는다 나라가 미처돌아간다 진짜 미쳤네 나라가 에라이 국민들 다아는데 금시초문 이래자나 한국 기자가 바른 말을 못하는 이유가 이런 것이었구나 외신기자 압박이라니 진짜 나라망신 모르더라도 저런 답변은 자격이 없는거지 독재를 싫어한게 아니라 지들이 못해서 싫어했나 이게 나라냐 국민들이 북괴의 납치 등으로 두려움에 떨어야 되겠어 그리고 언론의 자유는 어디갔어 그렇게 군사정권 시대를 욕하지만 군사정권 시대를 꿈꾸는 공산당 지짜이밍 탄핵이 답이다 진짜 나라가 미쳐 가는구나 이젠 외국기자한테도 협박하나보네 가지가지한다 하 진짜 존나 무섭다 와 한국인이 저질문 했으면 바로 드럼통 당했겠네 외신 기자한테도 살해협박하는거야 외신기자를 압박하다니 미쳤냐 외신기자까지 협박 그냥 미친 김정은이네 김정은 보다 더하다 독재시대보다 더무섭다 이게 공산당이나 다름없지 외신기자한테 협박할 정도면 한국기자한테는 더 심하게 하겠네 외신기자도 그냥 협박도 아니고 안전위협이면 목숨협박인건데 국내 기자들한테 어떻게 했을지 뻔하네 그러니 이재며이 주위에 다 살자자들과 의문사가 그리 많은거다 대한민국 국민 인권은 안 지킨다 진짜 공산당이네 나라꼴이 말이 이니구먼 이대로는 안됩니다 나쁜놈들 끝장 내야 기자가 독재국가에 와서 고생이 많네 진짜 대한민국망신이다 와 한국기자면 한국에서 벌써 사라졌다 독재완성은 얼마 안남았구나 하는 생각이 드네 와 진짜 독재 그자체네 한나라의 대통령이 외신기자 협박을했다 이말인가 국민이 납치 되었는데 관심이 없다 문제많아요 제명시키세요 야만 정부에서나 하는일 국제 망신 당하고 나서 외신 기자를 드롬통행 시키려는 아수라 재메이햄 죄 덮을 려는데만 신경썼으니 이런결과가 나온거다 나라망신 답이없다 이제 말도 안나오네 지금 대한민국이 자유민주주의 국가 맞냐 와 쇼킹이다 무능도 독재도 이게 나라인지 요즘 진짜 화나요 난 처음듣는 이야기 인데 1 먼저 공식석상에서는 반말을 쓰지 않는다 평소에도 무례하기 때문에 2 공식석상에서는 잘모르는 부분에 대해서는 협박이 아닌 해결방안을 위한 대답을한다 그러나 그는 기본이 없기에 3 무엇보다 어떻게 대통령이 일개 외국기자가 아는 내용도 모른다 잡아뗄수 있는가 가짜 대통령이기 때문에 야 너무하다 난 대통령이니까 몰라도된다는 얘기네 18 민주당 떨거지들은 어쩔수 없네 윤통이 이랬으면 난리 났을 것 진짜 독재국가가 다 되어버렸네 어쩌다 이지경까지 왔나 헉 진짜 심하네 드럼통 안당하게 보호요청하시길 지금 우리나라 최대 부동산 운용 국민연금 최대 입찰이 중국 사모펀드에게 넘어가기 직전이예요 와 진짜 무섭네 몰랏으면 반성하고 알아봐도 션찬을판에 대통령이면 저래도 되는겨 민주주의 맞나 정말싫다 대한민국 미쳐간다 진짜 탄핵이 답입니다 참 한심합니다 이죄명 이 아는게 뭐가 잇냐 졸렬하다 수준 참 그나물에 그밥이네 전세계에 알려주세요 쇼킹한 뉴스감이에요 하다하다 외신기자를 협박까지해 나라망신 제대로네요 진짜 나라가 왜 이렇게 됨 민주주의가 잘 돌아가는 국가인지 제대로 확인하는 질문이었네 와 이건 한국기자였으면 100퍼 죽었겠다 이게 사실이라면 국제언론인협회 IPI 와 유엔인권이사회 UNHRC 에 이죄명과 이죄명 정부를 고발해야 한다 북한 인가 모든 면이 다 끔찍하다 대한민국은 이제 자유 민주주의국가가 아닌것같다 외신기자들도 함부로 질문했다간 목숨위협까지받는 공산독재국가나 다를바없다 국민들이 창피하게 되네요 할만한 기자에게 경고를 주다니 진짜 상식적인 사람좀 뽑자 국민들아 나라망신 창피하다 참 부끄럽네 대한민국 국민인게 당파싸움만 했지 국민의 안전은 모르는구나 진실을 전하는 외신기자에게 박수를 보내지는 못할판에 현재 우리나라 현실이다는게 슬픕니다 재명이가 대통령이라고 어느나라지 대놓고 입틀막이네 와 미친정부 무서운 놈 와 무섭구나 이 나라 헐 무서워 그런거 질문히면 탄핵되든지 혼나든지 그렇다 여기 예전 대한민국 아니다 미친듯 모르는 게 잘못이지 질문한 기자한테 뭐하는 짓 국민의 한 사람으로 부끄럽고 무섭네요 미쳤구나드디어 이재명이 모르는걸 질문했어 안전경고받았네 기가찬다 완전 독재정치 국가보안법 없애려는 곳인데 뭐가 중한데 외신기자 전세계에 이사실을 전세계에 보도해주세요 이런미친정권 반드시 끌어내려야한다 돈과 무기를 주면 신뢰가 쌓인다는 구라를 언제까지 전쟁으로 대가리 터질때까지 주적인 북한에 우리 국민이 잡혀있는데 언제 잡힌건지도 모른다니 언론이 이 정부 죄질에 조용한 이유가 있네 살자 경고 가지가지한다 이동학 젊은 정치인이 가증스럽다 기자님 응원합니다 꼭 대한민국의 현상황을 세계로 널리널리 퍼트려주세요 저게 대통이 라고 이정부는 골때리는 정부여 저기자가 무슨죄여 미친거아녀 쪽팔리다 이나라가 50년전으로 돌아가네,0
0yANNx7IQJo,장동혁 면전서 원조 친윤 윤한홍 똥 묻은 개가 뉴스TOP 10,장똥혁 진짜 정신차려라 넌 쨉이안되 국힘살리려면 내려와라 3선이 바른말하니 아무말못하네 그래 이쯤에서 털고가자 이러다 선거 다진다 김도븝은 뭐허고 있나 중진이긴 하나 중진들이 하는일도 없고 동혁아 태흠이원망하며 내려놓아라 장동혁 사퇴가 답이다 한동훈 때 떼거지로 배신자라고 소리소리 지르고 쫓아내더니 아고 이졔와서 머리둔하면 막차도 못탄다 도읍인 부산 강서 쪽 눈치를 아직 모른는겨 김도읍도실망 국민의힘 민주당 한테 메일 당하면서 정신차려 윤한홍 의원님최고 잘한다 장동혁 정신 차려야 한다 심각하다 옳은말씀 속이시원하다 국힘 정신차려라 찐윤중의 찐윤 윤한홍이 왜 또 무슨 꿍꿍이지 한동훈 과 친한 은 시대교체 와 정통보수 를지향합 니다 너희들 진짜 똥인지 된장인지 구분 못하지 국민들이 지켜보고 있다 용서치 않을거다 장폴더 사퇴해라 윤한홍 판단이 다옳다 누구든지 각자 그릇이있다 김건희가 죄표유트뷰 이명수 기자한테 우리 부부 즉 윤통 거니는 좌파우두머리다고 말함 또 노무현이가 죽었을때 일주일동안 울고 노무현 연설문도 죽죽다외었다고 말함 또 문재인이 잘못되면 윤석열도 잘못된다고 말함 그래서 윤통부부는 좌파라고 말한것 같다 윤한홍 이 좌파라고 말한이유 인가 생각이 든다 늦게나마 소신발언 해주시는데 감사드립니다 윤한홍의원님 고맙습니다 저 자리에 앉아있는 분들 모두 물러나세요 최소한 다음 선거에는 출마 하지 않겠다고 선언하세요 그래야 사과를 하면 국민들이 약간의 관심을 보일것입니다 국회의원 자리가 그리도 탐나더냐 저자리에서 찍소리도 못하는 것들은 다 처내야된다 어쩌면 동혁이 석열이랑 똑 같냐 이죄명 법 재개 해야 합니다 법은 병등해야합니다 김도읍 지역 주민들도 잘 챙겨라 맞는말했네요 국힘 싫다고 민주당을 왜 지지할까 윤한홍 절절맞는말씀 고맙습니다 윤한홍 의원 맞는 말씀입니다 감사합니다 친윤들은 뭐하고있나 지방선거 이길려면 장동혁 끌어내려라 장동혁 있는한 지방선거 진다 당원들은 이거야 한다 빨리 끌어내라 장동혁사태가답이다배신자 국힘당은 오늘이시간 부터정신좀 차려야된다 윤석열 미친짓만 안했으면 우리가 계속 정권 유지했다 윤한홍 의원이 사람 볼줄 아시네 천만 다행이네요 이현종님께 말씀 드려야 감사합니다 윤한홍의원 발언 제안 정확하고 나아가는 방향이고 길입니다 늦었다 싶을때가 가장 빠르다 하듯이 과연 장동혁과 김민수는 윤한홍이 말하는 바를 몰랐을까 한마디로 비겁하고 졸렬한 새끼들이다 환골탈퇴를 못하겠다면 바로 때려치우라 그 자리가 네놈들 고집부리라고 있는 자리가 아니야 더이상 국힘을 망치지 말고 당장 내려오라 이렇게 장동혁 대표가 고집을 부리는 것은 뭐가 씌지 않고서야 어떻게 저런 고집을 부릴 수 있을까요 국힘아 그냥 2424 이삿짐센터 차려라 한동훈아니고 누가 당대표되던 여기선 물어뜯기게 된다 장동혁의 잘못된 방향을 보수 의원들 바로 잡아야 내년 선거임할 수 있다 윤한홍 잘했어 요 민주당한테 몰살 당하려고 작정하냐 국힘 정신차리세요 지금 이대로는 안됩니다 제발 중도층 을 우리 국힘쪽으로 돌려야합니다 윤한홍 용기 응원합니다 한동훈이 계엄막고 탄핵찬성했다고 등에 칼꽂고 배신들하고 쫒아내고 지금 까지 석렬이 옹호하고 간신친윤들 로 술마시고 아부하고 가만있더니 지선과 총선으로 위기감 오니 태세전화들하네 국민들 보면 여 야 싹다 민생위한 정치는 뒷전이고 돈과 권력만 쫒는 기회주의자들로 국민 혈세 축내는 특권층일뿐 진정 국민과 나라위해 진솔하게 국익지킨 한동훈만이 마지막 희망이다 깨어났네 윤한홍 용기있는 사람이네 장대표가 저 자리에 있는한 중도는 더 달아난다 우파들 이렇게 한 목소리를 내야지 산으로 가네요 그래 제발 좀 저런 말좀 들어라 제발 제발 언제까지 계엄에 얽매여 있을래 이겨야된다 나라 넘길래 윤한옹의원님 감사합니다 윤한홍 속시원하게 바른말 했네요 장동혁 자격없다 사태해라 단합이 우선인듯 윤한홍이 오늘 윤석열 좌파라고 도장 찍음 원래 민주당에 가까운 사람 이었다고 장동혁도 원래 민주당 가려고 박범계한테 껄뗙거리다 자리 안주자 국힘당에 보궐 따냄 둘가 본성이 좌파라 땡기기는 한가보다 윤한홍 장동혁은 빨리 내려와라 국힘은 정신 차리고 시대가 어느 시댄데 윤건희가 왕인줄 장동혁은 윤석열 지키러 가시오 윤한홍 모처럼 바른말 한거 다행이군요 장동혁 자질부족 품성 부족 인정해라 한동훈 대표 나와야 윤의원님 잘하십니다 화이팅 그래야 됩니다 장대표님 정신차리세요 맞는말씀 너무너무 늦었지만 윤한홍은 제정신이 돌아왔네 파이팅 한동훈 윤한홍 의원님 이제라도 올바른 말씀 응원 합니다 장동혁은 사퇴해야 국힘이 삽니다 장동혁 사퇴해라 이분 맞는말입니다 장씨 내려오세여 수꼴이니 개딸이니 얘들이 국민들 삶을 피폐하게한다 정치인 좋은일 시키니 늦었지만 지금이라도 사과 해야한다 국힘 잘 말아먹고 있는 장동혁 당장 사퇴해라 사퇴해라 사퇴해라 윤한홍잘합니다 한동훈을 배신자라고 하더만 이제 급한가보네 윤한홍 한동훈만이 국힘 살릴수있다 멍청한장동혁은당대표사퇴하라 늦었지만 올바른소리하시네요 국힘의원들 정신차려선거잘치릅시다 장동혁 대표잘못뽑았다니까요 내가보수 60년인데 장동혁의 국힘은 안찍는다 차라리 포기 장동혁 제이의윤석열불통들극우당만들어창당해서당장나가라 윤한홍 인제 정신차림 우리 지역구 이제 정신들 드나 보죠 국힘은 1년 가까이 지지율이 2424면 국힘 해체하고 이삿짐센터 차려라 깨어나시는 분들도 계시네요 장씨퇴출 옳으신 말씀을 하시네요 국힘 말아먹은 장똥 사퇴하고 한동훈 다시 데려와라 한동훈 만이 국힘 살길이다 윤한홍 의원 제정신 돌아와 다행 소신 철학 정의 상식 진정성 국고 6조8천억을 지켜낸 한동훈이 보수의 최고 리더다 장폴더 김민수 얘네는 진짜 최악의 정치인 고작3프로 나오는 99표 얻으려고 주접떠는거 보면 한심하기 짝이없다 장동혁 대표 자네가 존재하는한 윤어게인은 영원하다 국민의힘을 해저 깊숙히 가라앉혀 주시는 애국충정 진정한 애국자입니다 지금처럼 2찍들을 끌어모아 해저깊숙히 사라지게 쓸어주세요 앞으로도 응원합니다 윤한홍 배신자란 소리가 무서워서 계엄에 국민 사법권을 팔아 먹는건 아님니다 윤한홍의원 선거에 지든 이기든 공당은 국민 사법권을 지키는 겁니다 국민이 개 돼지도 아니고 계몽령 이라니요 용기있는 있는 말씀 고맙습니다 국힘이야말로 지지자들을 개똥으로 보고잇네 저런넘이 3선을하냐 개시원 친윤들 지금 상황이 안좋으니 경남에 윤한홍 대구에 권영진이가 바람을 잡고 무슨짓을 할려는지 모르니 친한계를 무시한다면 국민들에 큰저항에 부딪칠것이다 지금 국민들은 국민의힘에서 한동훈을 원한다 야비한짓을하는 옛친윤쓰레기들을 원치 않는다 국힘을 똥뭍은개로 만든 장동혁 정신좀 차리던가 정신 못차리면 쫓아냈으면해요 장동혁이 국힘을 아주 윤어게인 극우정당으로 만들려고하는데 윤석열의 뒤를 이어서 국힘 망치기로 작정했나봐요 진정으로 나라 위하시는 분이네유 다행이다 지금 이라도 장대표 정신차려라 윤한홍 이제사 정신차려서 다행이다 당연히 했어야 할 일들을 1년이 지나서 했지만 박수를 보냅니다 사과 무조건 사과 국민에게 해야합니다 계속 지속적으로 장동혁은 사퇴해라 그것만이 답이다 윤한홍의원님의 용기에 박수를 보냅니다 장동혁은 정통보수가 아니다 극우들데리고 사퇴하라 국가의 정체성이 흔들리고 사법체계가 엉망이 될 현상황에서 힘을 합쳐 싸워도 모자랄 판에 정치 셈법만 하는 나약한 웰빙 의원의 전형적인 모습을 보는 듯 안타깝습니다 윤한홍간만에바른말했네 속이 시원하다,1
ULV9KZhsJd4,질문 듣던 이대통령 뭐하는 분이세요 역질문 시작하자 빵 터진 현장,17년 동안 변함없는 팩트TV를 위해 후원회원이 되어주십시오 정기후원 가입 ARS 1877 0411 인터넷신청 그걸 알아듣는 대통령이 신기하군 김태흠 성일종한태 하라고해야지 2찍만찍어주고 일안해도 놀고먹게 나두냐 투표 잘해 균형발전할수있는다 찍어라 대통령은 알아들었어요 아고야 중얼중얼 먼말이야 관계되는 사람이나 알아듣겄다 근데 대통령님은 알아 들으신듯 참 희한하네 고생 많으세요 이재명대통령님 우리아들이 잘 살수있는 나라 만들어 주느라 감사합니다 제발 제발 건강 챙기시고 다음 재임도 법으로 만들어 주세욧 양심들이 없누 표는 국짐 몰아주고 거기 지자체장이 김태흠 아니던가요 떡열이 측근인데 떡열이때 는 뭐하고 지금 그러실까요 저절 알아듣는 이재명이 신기하다 준비된 이재명 대통령 진짜 진심으로 우리 대한민국 역대 최고의 대통령이 이재명 대통령이네요 정말 추진력 실행력에 이해력까지 빨라서 같이 일 하시는 참모들과 공무원들 쉽지 않겠어요 저 질문하는 사람이 웅얼거리면서 한참 주절거리는 걸 요점을 간파해서 짧게 정리하시는 거 보고 살짝 소름돋았어요 진짜 우리 대통령 너무 대단하십니다 저걸알아듣는다고 대박 웅얼웅얼 뭔소린지 알아들을수가없네 진짜 두번다시 오지않을 자린데 저맇게 웅얼웅얼 하면 쯧쯧쯧 역시 천재 울 잼통령님 최고 와우 옹알이를 척 알고있는 잼통령 떨려서 속도 조절을 못하는 거 같아요 질문을 외우지도 못한 저자는 누가 시켜서 나온것인가 말씀을 좀 천천히 정확하게 해야 전달력이 있는데 좀 안타깝네요 무슨 내용인지 솔직히 들리지가 않네요 도대체 모르는것이 뭐예요 잼프 국민들은 박학다식에 든든합니다 앞으로 미래가 웅장해질거라 생각되니 감격이 밀려옵니다 뭔소리야 짜증난다 요약해서 짧게 정확하게 해라 웃기는 사람이네 도둑놈이네 1년에 방문하는 것을 법무부 인원을 상주하라니 모르는게 없는 울 대통령님 참으로 대단하신 이재명 대통령의 투시력 대다나다 하 웅얼웅얼 웅얼웅얼 진짜 발음 렷같다 에휴 선박대리점 지역염원이 아니라 지들 회사 염원이네 다 알고있다 처가집이 보령 입니다 답 없는 동네 학교다닐때 발표를 전혀 안 했네요 와 이재맹이 저 이상한 발언에 요지를 정확하게 파악하네 직이네 뭐하남 책 한 권을 읽네 요점만 간단히 몰라 기다리는 사람 환장하게 만든다 자기 일이 중하면 다른 이들의 일도 중하다는 것을 진짜 몰라 진짜 대통령 박학다식하다 한번에 지원해달라고 일반인들도 갈 일없는 크르즈 1년에 한번 들어오는 충남 대산항 주변이 지도에서도 가려야 하는 중요시설산단 물류항이라 관광항으로 가능한가 참으로 신기방기 우리쨈은 모르는게 없어 하늘이 내려준 대통령 또 한번 각인시킴 우문현답 저런질문을 저렇게 대응할수있다니 연습을 하고오든가 보고 읽는데도 제대로 읽지 못하네 1년에 한번 시민들 크루즈여행만 운항하는데 무슨 소리야 뭔소린지 제대로 못알아듣겠어 이걸 대통령님이 알아듣는다고 대단 천재명 이재명 대통령님 연임 하셔야 합니다 힘내세요 뒤에는 깨어있는 국민이 있습니다 뭐라고 하는지 잘 안들린다 국어 읽기연습좀 하고 나와라 글을 써왔으면 몇번은 읽었을텐데 내용을 정리를 해와야지 정말 무지하다 대산이 화학공업지구 아니야 에객터미널 전무냐 오물오물 입모양 좀 확실히 해서 발음을 해주세요 무슨말인지 귀 귀울여서 듣기가 힘듭니다 대통령도 힘드실듯 아니 도대체 이대통령은 모르시는 게 뭘까 충청도 멍청도 던데 그러니 인재를 뽑아야지 빨간당이면 눈감고 투표하지말고 충청도 분이 저렇게 빨리 말씀하신거 처음 뭔말을하는지 전혀 모르겠네 늘 느끼는거지만 대통령의 듣기점수는 만점이상인듯 무슨 말이든 집중경청하면서 거의 다 핵심을 알아듣는다는것 결코 쉽지 않습니다 이재명 대통령 잘한다 뭔소린지 모르겠네 헛돈쓰지말고 연 크루즈가 기항하는 수준임에도 법무부 인력의 상주를 요구하는 것은 다소 과도한 조치로 보입니다 그 외의 기간에는 사실상 별다른 역할 없이 대기하라는 의미인지 의문이 듭니다 나도 3년전 귀촌해서 천안에 정착해 살고 있다만 충남도의회 정당 비율이 기가 막히더라 윤모지리 탄핵도 공개적으로 반대했던 간 큰 놈들인 도지사 대전시장 세종시장 놈들이 다 국짐놈들이고 도의회 구성 비율은 국짐 36석 민주 12석으로 3배나 더 많은 국짐놈들의 판이더라 일제에 항거한 독립 열사들을 기리는 목천 독립기념관장놈도 윤모지리가 임명해 놓았는데 그놈의 진상 짓거리가 정말이지 이가 갈리게 만드는데도 아직도 그 자리를 차지하고 있네 대체 충남도민들은 무슨 생각들을 하며 사시는 거냐 어떻게 저런 친일 매국노집단이 다수를 차지하도록 지자체장과 도의원들을 뽑아 준거냐 목천 독립기념관에 기림을 받는 열사들이 통탄 하실 일이다 다방면에서 박식하다는것 인정하고 너무 믿음직하군요 솔직히 저런분 밑에서 일하는 공무원들은 무척 힘들것 같긴 하네요 그럼에도 알고 있을겁니다 이렇게 하는 것이 맞다는 것을 웅얼웅얼 하나도 못알아듣겠네 저사람 뭐라했어요 위대한 국민들의 이재명 천재명 경재명대통령님 나라에서10년을 살고싶습니다 희망의나라로 기대하며 대통령님과 함께 가겠습니다 더욱 강건하시고 건강하세요 찐사랑합니다,0
sFjYoFrizM4,폭력범 나경원 면전 샤우팅 박은정 법사위 나가,17년 동안 변함없는 팩트TV를 위해 후원회원이 되어주십시오 정기후원 가입 ARS 1877 0411 인터넷신청 최고입니다 속이 시원하네요 나빠루 쫓아내세요 와 핵사이다 속이시원하다 박은정 의원님 항상 응원합니다 팩트로 뚜드려 패는 박은정의원님 진짜 시원시원 합니다 나빠루 폰 까보면 들통 나빠루 나가라 박은정 의원님 화이팅 하세요 벌금형 범죄자들 그 자리 언제까지 지키는지 보자 나가라 나 빠 루 아진짜 나경원 낯짝좀 안봤으면 좋겠다 새해에는 저 여자 좀 안보게 해주세요 국힘 때려잡는 박은정 짱 박은정의원님 속이 뻥 뚫리네요 박읁닝의윈님최고 박의원님 목소리는 귀에 팍팍 꽂히는 고주파 인듯 박은정의원님 응원합니다 의원님이 알게모르게 상처받지 않기를 바랍니다 대한민국에없어져할국회의윈은 나경원 역시 짱 제 버릇을 개도 안가져가서 못주는 국힘당인데 우리 국민들 제발 정신 차리고 이 사람들 이제는 좀 그만봅시다 나경원도빨리수사해야됨 응원하겠습니다 조국혁신당 박은정의원 화이팅 빠루빠루 추경호는당연구속해야한다 국민의힘 치워라 나빠루 법사위와서 아주 개판이야 나경원은 정치를 떠나라 진짜 너무 시끄럽다 박은정의원의 샤우팅 시원 통쾌 박은정의원님 똑 소리나네요 짝짝 박은정 잘한다 귀신은 뭐하나 나경원같은거 안잡아가고 박은정 최고 박은정의워님속시원합니 다 창피하다 중진의원이라는인간이 벌금형받고 뻔뻔하게 저렇게하고있네 박은정의원님이 맞는말만하시네요 속시원하다 박은정의원 최고 박은정의원님 응원합니다 박은정 의원 말 잘한다 박은정의원님 샤우팅 응원합니다 속이다 시원합니다 아 나경원오고부터 미치겠다 국힘 꺼져 핵사이다 박은정의원님 응원합니다 나경원은 반드시 엄벌해야합니다 박은정 진짜 개멋짐 박은정 의원님 최고 시원한공격이십니다 더 빠른 공격 폭격 화이팅 다음 법사위원장은 박은정 박은정의원을 보면 조국혁신당같은 날카롭고 뾰족하지만 유연성있고 확실한 내편같은 우리편을 넓혀야하는 이유다 그래서 민주진보진영 중에 극단적 갈라치기하는 것들을 내란당 못지않게 혐오한다 나경원이랑 추경호는 진짜 다 알고 있었다 저 것들은 반듯이 구속되야 한다 내란당은 정당해산 천벌 받을 것이다 언제나 멋진 박은정 의원,0
xupyh9X2csE,이런 정치인들은 싹다 날려야 혼자서 국힘 다 제압하는 서영교,17년 동안 변함없는 팩트TV를 위해 후원회원이 되어주십시오 정기후원 가입 ARS 1877 0411 인터넷신청 2026년에는 제발 국짐당 무리들 안보고 싶어요 정말 징글징글하다 나경원 의정활동의 목적이 국회 깽판치기네 조배숙 이은재 곽규택 얼굴이 비슷해 이래서 진짜 관상이 중요하다 서영교의원님 뒤에서 응원합니다 곽규택이 같은 애들하고 말섞지마세요 나빠루 특검 수사 언제하나 우리 서장군님 나경원은 의원 맞니 저런것이 판사출신이라니 대한민국 교육체계도 바꿔야할듯 곽규택은 검사출신이란다 일단 목소리부터 승 쩌렁쩌렁 내란당 압도 마이크가 필요없습니다 징글징글 내란당 해채하라 다음 원대는 꼭 서영교의원님으로 되었으면 합니다 너무 든든하신분 국짐 징글징글하다 서영교의원님응원합니다 남편이 법원장 품격이라곤 뭐나 줘버린듯 나경원은 입다물라 뻔뻔하네 나경원 법사위나가라 내란 일년이 지난 지금도 내란은 진행중이고 그 내란범은 국짐다 46인 권성동 권영세 나경원 김기현 윤한홍 오세훈 김진태 박형준 성일동 정진석 곽규택 송석준 신동욱 송언석 장동혁 조은희 주진우 곽규택 김영선 이철규 김문수등 내란범들을 즉시 최고형으로 사회와 완전히 격리 시켜서 내란을 하루속히 끝내야 나라도 국민도 행복 할 수 있습니다 국힘 정당해산 언제하는거야 도대체 어휴 고구마 진짜 이젠 민주당도 짜증난다 아 진짜 국민 언제 없어지나 세금 아까워죽겠어 나 국힘만보면 세금내기싫어 나경원 시다바리 곽규택한테 조용해 이사람아 란 말은 너무 예의를 갖추셨어요 서의원님 곽규택이 저건 빠루 바라기냐 빠루상 오겡끼데스까 나경원은 국회로보낸사람들모두죄인되네 말도못해 사과밖에 나빠루 곽규택은 국민들도 걍 무시하니까 의원님 화이팅입니다 국힘해체가 답이다 꽉규택은 부모에게도 반말할 듯 나빠루 저물건좀 치워주면좋겠다,0
nz-r-LeWzww,쿠팡사태 긴급 행동요령 최민희 전문가 답변에 즉시 하세요,희대의 악덕기업임을 오래전부터 수없이 증거해왔으나 시민들의 무관심이 이런 피해를 불러일으킴 그 카드를 다른 싸이트에서도 사용하기에 카드를 새로 발급 받아야 합니다 난 탈퇴함 매불쇼에도 나오셨던 교수님 비번 잊어버렷는데 탈퇴하기 넘 힘듭니다 간편 탈퇴 정부에 부탁드립니다 정경 유착으로 급 성장한 쿠팡은 없어져야 합니다 최민희 잘한다 최민희위원장님은 국민을위해서 일하시는분이다,0
OoWMJB1_USw,김병기 씩 웃더니 728조 지켜냈다 국힘 전액삭감 와르르 왜,17년 동안 변함없는 팩트TV를 위해 후원회원이 되어주십시오 정기후원 가입 ARS 1877 0411 인터넷신청 내란전담재판부 빨리 설치해라 내란전담재판부설치 빨리 설치해라 이거는 잘했네 우리 민주당 의원들 모두 수고하셨습니다 내란이 종식 될 때 까지 최선을 다해 주시기 바랍니다 화이팅 입니다 잘하셨네요 수고하셨습니다 병기 최고 제일 잘한일 민주당 화이팅입니다 사실이라면 수고많이 하셨네요 잘하세요 딴짓 그만 해요 국민들 다 지켜보고 있어요 지들 코가 석 자라고 민주당 걔네들이 뭐라하든 싹 다 거부권 행사한다고 어제까지만해도 내란당에서 생지랄하더니 왜 갑자기 태세를 바꿨냐 대체 또 뭘 뒷거래한거냐 내란재판부 설치 사법부개혁 양보 절대로 안된다 국짐 현수막 이재명 예산 전액삭감 현수막 허위사실로 고발 가세요 굿 국힘이 그냥 줬을리가 국짐당에 뭘 줬으려나 김병기의원 고생했습니다 가짜뉴스가 많아서 오마이뉴스나 검증된곳만 보고 믿어야될듯요 김병기의원님 잘하셨습니다 그렇지 김병기 잘 하고 있다 응원한다 국민의 한 사람인 나 김병기를 응원하는 나 이런 나를 실망시키지 않기를 바라면서 응원한다 뒷거래가 있다면 좀 있다가 드려나겠지 지켜보마 병기야 의석수 과반이 넘는데 뭘 지켜 냈다는거야 그냥 하면되지 과반 의석수 괜히 밀어 줬겠냐 자꾸 협작질 하려고 수작 부리는데 언제간 들통 날거야 이낙연이 처럼 이상해 내란당이 이렇게 순순히 합의하는 것이 내란당이 무언가를 크게 받지 않고서야 근데 내일이 내란절인데 내란당은 아직도 건재하네 병기야 아들 숭실대 입학 비리나 해명해라 이미 증거까지 다 나왔다며 사실이면 그자리에서 내려와라 여야합의 이상한 거래 한거 아니것지 예를 들면 내란정당 해산안한다고 했다던가 등등 아 해깔리네 김병기 원내대표님 자꾸 의심가는 일들이 생겨요 가짜뉴스인지 진짜인지 정확히좀 해주세요 여하튼 수고하셨고 고생하셨고 잘하셨습니다 김병기가 뭘 합의 했다하면 의심부터 드네 정체 들통나서 민주당 내 살아 남으려면 오랜 세월이 걸리거야 그만큼 당신 잘못아 커 김병기라면 충분히 할수도 있지 팩트티비는 김병기 차남건 보도 안하는거보니 기대가 없다 국민의힘 최종병기 뒷거래는 없었고 웃지말고 해라 화 안풀렸으니까,0
BEdg2s6UxKA,나경원 꼼수 잡아낸 우원식 국회의장 하다하다 이런 짓까지,17년 동안 변함없는 팩트TV를 위해 후원회원이 되어주십시오 정기후원 가입 ARS 1877 0411 인터넷신청 가지가지한다 진짜 저런것들이 정당이라니 최후의 발악 엥간히 엥엥 거려라 저 추잡하고 뻔뻔한 여자 제발 수사받고 감방 좀 보내주세요 최악의 발악을 하는 나 내란당 물러나시오 국회법위반해도 괜찮아 나빠루 감방 안갛잖아 국회법 무시해도 돼 국힘당 의원님들 최악의 모습입니다 나경원의원님 물러나시오 경원아 국회가 니꺼야 참 한심하다 국짐당 해체가답이다 내란당 하루라도 빨리 해체하라 국민들의 명령이다 우의장님 57년 나의원 63년 인데 우의장님한테 내가 라하는데 이건 싸가지없는 행동 아닌가 나의원 진짜로 감방보내면 안되요 와 완전 대책없다 무선마이크라 하다하다 별짓을 다하는 나경원의원님 하락한 인간 나경원의원님 나쁜사람 먼일인지몰것네 나경원이 왜저러노 좀 적당히좀하지 나이도 한두살도 아니고 의원 하지마라 자식보기 부끄럽지도 않나 얼렁뚱당 당명 저 내란범 여자의 면상팎과 혀놀림을 더이상 듣고 싶지 않다 내란특검 연장 내란특별재판부로 내란에 가담한 자들을 처벌하지 않으면 국민들의 역풍을 맞을 것이다 나경원 빠루 국회법 위반 나경원 처벌해야 합니다 국힘 징글징글허다 내란 동조들 하루빨리 처벌을 바랍니다 에너지가 대단하네 하루종일 앵앵 모든 법을 다 뒤져서라도 저거 처벌 받게 해야 한다 내란당 재산몰수하고 평생 정치질 못하게 한다 나경원도참 대단하다 한번 국회의원짤려서 연임못해서 들러붙더니 영영못하겟네 앞으로,0
ziHmZSX0zo8,사상 최악의 배신자 윤한홍 윤한홍 배신자 윤석열,곳곳에 배신자가 너무만다 참담하다 한놈 추가요 개가주인을무는꼴이다 윤한홍 제명 하라 여려분 국힘 당원 가입부탁드립니다 그나마 보수당이 해체되게생겼습니다 매월 1000원으로 국민의힘에 영향력을 끼칠수있습니다 무엇보다 이번에 계엄 사과한 사람들을 몰아내고 자정하는데에 큰 도움이됩니다 한동훈 당게조사도 더 압력해야해고 여러분 영향력을 끼쳐주세요 저도 몰랐는데 이번에 국힘 사과하는 의원들보고 일단 국힘부터 지켜야겠단 생각이들었습니다 사과는 국힘 해체의 빌미가될수있음 당장 국힘이 미워도 내란핑계로 해체되면 1당체제나 다름없습니다 윤한홍을제명시켜라 반사다윤씨한테 국민의힘엔 어찌 배신자 반역자들이 송충이 처럼 끔틀거리냐 반역자 다쳐내고 진정 나라 위하는의원끼리 뭉치자 배신자들은 싹 제명해야 한다 자신 스스로 주뎅이와 배신의 자유를 선택하는데 무엇을 어떻게 표로 심판하는 수 밖에 근데 사과에는 국개 사퇴 정도의 책임은 따라야 하잖나 권력맛에 배부른 자들의 위선잔치에 불과한 것 사람이 이렇게까지변할수있나요 기가막힌입니다 사악한자 간에 붙었다 쓸개에 붙었다 이참에 저런 배신자들 솎아내야 한다 윤한홍 당장제명하라 한홍이가 맛이갔네 한참갔네 너무갔네 윤한홍을 적극적으로 찍어내리자 계엄령 2시간 뭔 피해가 있다는거지 철저한 정상모리배 진짜 울화통 터지네요 윤석열대통령님은 영웅입니다 윤한홍은 간신배노릇하다가 이제는 용도폐기하면서 배신자에 앞장서네 정말 싫다 윤한홍 배반자 기회주의자를 처결하라 진짜 나쁜 쌔 아웃시켜야 기가차네요 윤한홍 이런놈이 당장 제명시키고 긴급체포 구속시키라 배신자 윤한홍 탈당해라 진짜 화난다 선을넘엇네 배신자 한동훈 있습니다 뇌속에 진짜 똥만들었나보다 윤한영이 누구한테 잘보이려고 그럴까 배신자들 아웃 정말 좋은기회다 누가 배신자인지 확실히 밝혀졌으니 이것들만 모조리 정리하고 가면 된다 우리 대통령의 고난 더 이상 방치하면 안됩니다 우리가 지켜냅시다 영원히 기억 하겠습니다 이번에 저런인간들은 청산했야한다 윤대통령이 자신을 위해 개업했냐 이런놈 심장이 있나 진짜 인간은 믿으면안돼 배신하는거를 너무쉽게 생각해 한심한 인간 3권등 여기 붙었다 저기붙었다 몸사리기 바쁜사람들은 그냥 뒤로 퇴진하시길 인간적인것은 먼저 총선을이긴다음이아닐까요 생각은 다를수있다 지금와서 뒤통수를 친다고 이런 정치을 하니 계속 어지러운 나라 꼴 이다 빨리 보내세요 정말 나쁜놈이네 이놈은 꼭기억해야될놈 이재명정부 지적하지 않겠다는 거네요 윤한홍 국회의원 미처돌아가는 구만 퇴출시켜야한다 어쩜 저럴까 윤통은 진짜 외로웠겠다 배신자들 모두 이참에 우리가 절연합시다 윤한홍 어찌그런말을할까 너나잘하세요 나쁜 사람아 그놈 참 독하게 배신하네 현재 국민의힘 인적구조상 배신의 지존 한동훈 단죄가 가까워질수록 저런 놈은 자꾸 나오게 되어 있습니다 경상도출신 의원들 주축으로 윤석열대통령이를 버리라고 압박하고 있다 윤석열 정권 초기 윤핵관 찐핵관 하면서 온갖 혜택은 다 받고 끌 빨아 먹다가 이젠 더이상 먹을것이 없다고 내년 지선의 공천권을 위해 장동혁이를 압박하고 있다 진짜 나쁜새끼들이다 정치인중에 털어도 먼지하나 없는 처음 봅니다,1
rXEc-99jkws,월급뻬고 다 올랐는데 안정된 편이라고,거짓말로 거짓말을 덮는 이넘의 정권을 어찌할꼬 계념없고 무능한 죄명이가 뭘알겠나요 지배부르니 헛소리지껄이고있네요 지배만불리는 짓만합니다 입벌구 징글징글하다 이재명은 엄청속이고 있고 언론이 침묵한다 거짖언론입니다 언론은 있으나마나 이재명은있으나 마나 사기성이 있는 정치다 국민을 우습게 보고있다 아우 지겹다 입만열면 거짓말이 술술 김혜경이 장을 직접 안보니 물가가 안정적이다 시부리는데 직접한번 나가 보라 공짜만 먹고 법카도 맘대로 쓰다보니 저따위 소리 하지요 주유소 가기가 겁니요 윤석열 정권때 주유소 경 유값 최하인 경우1313원 이고 현재 경유 리터당 최 하인 경우는 1 618원 입 니다 모든 국민은 상승하 고있는 물가에 힘들어 합니다 그조차 통계조작이 없었는지 검증 필요 지금도법크쓰니모르지 국제 원유는 1 3정도 내렸는데 자동차 휴발유는 1700 1800원으로 오름 그건 죄명이 생각이지 안정되었다고 너 때문에 기업들이 문닫고 떠나고 있는데 에라잇 그놈이 물가 안정에 알수가없지 국민세금으로 흥청망청 나라가 이지경이되도 국민들은 가만히 있다 대파한단6000원 이재명의 거짓말은 못말려 그가말하는것에반대로 생각하면맞을듯 따블당 리짜이밍 Made in China 중국공산당에 쎄쎄 이제라도 정부와 더불어당은 정신차려라 물세는 한여름보다 1만원이상 더나옴 고박사님 항상 응원합니다 물가 넘 올랐는데 먼 헛소리,1
S6229Yr4wAg,국민들의 한 목소리 김현지를 밝혀라,김현지의 정체를 밝혀라 김현지 100 특검하라 이죄명이도 함께 특검하라 부정선거로 선관위조작으로 사전투표를 없애야합니다 김현지 최순실 김현지를 잡아라 김현지 누구냐 김현지 꼭 정체를 밝혀야지요 말이되요 대통령이 왜 감싸는지 모르겠다 저 여자가 도대체 뭐냐 김현지가 누구야 나와라감옥가자 맞습니다 밝혀라 한동훈 무리들도 급하게처리해야지요 당당하면 나와 뭐가 꼴리나 정우성아 한번 질러 김현지 나와 해봐 사전투표 거부운동합시다 김현지가 누구예요 충남에서도김현지도모든것을말하라밝혀라,1
o29wXvxgZp8,오늘 이 뉴스 대노한 그걸 핑계라고 폭탄증언 쏟자 법정 발칵 2025 12 10,기가찬다 기가차 이딴게 내란 재판이라니 지귀연은 이 사건의 심각성을 아예 못 느끼고 있다 아직도일심중 미친나라네 삼심까지 십년걸릴듯 아 판사 진짜 자격없다 특판 꼭 가자 판사와 재판장 권위 떨어진다 중간에서 중재를 전혀 못하고있네 판사인지 그냥 변호사 화내는거 말리는사람인지 지귀연이 판사 맞냐 내란 재판을 웃으면서 하는꼴이 똑같은것들 지귀연아 아무때나 변호사가 끼어들게 하는게 뭐냐 적당히 해라 판사 자격이 없네 이따위로 하니까 내란재판부를 만들라 하지 요즘 판사는 변호사 기분 맞춰주면서 재판하냐 지귀연은 재판을 하고있는게 아니라 사회를 보고 있다 한심 하다 판사는 정의로운 판단력과 근엄함이 잇어야 함을 시장잡배도 아니고 머하는거냐 변호인 감정 상할까봐 고생한다 야이 지귀연 판사 지금 이걸 재판이라고 하고 있냐 이 욕도 아깝다 진짜 어우 뭐야 이거 지귀연아 진짜 열터통진다 변호사들이 판사를완전 개무시하구먼 판사가 단호하게 재판을 안하니 내란공범 변호사들이 난장판만들고 있는거지 시장통도 아니고 변호사들 수준 참 지저분하네 판사는 허락하지도 않은 발언에 제지도 하지 않고 참 대단한 재판이다 변호사협회에 모두 항의해야함 저런것들이 변호하라고 활동하나 분명히 가운데 판사님의 치명적인 약점을 가지고있는게 분명합니다 그렇지 않고서야 재판이 저따위 일리가 없습니다 하 작작들해라 진짜 뭐냐이게 판사 별거없구나 내란 재판부가 시급하다 이하상변호사 아직도 감치 안당함 내란동조 지귀연 일주일이면 끝날재판을 몇달째 국회에 헬기 띄운거 하나만거지고도 사형이다 이하상 번호사 호소인이 트집잡고 훼방놓는것으로 밖에 안 보인다 내란전담재판부 진짜 다시 만들어야 한다 윤변호사들 진짜 쓰레기네요 지귀연 감사은 무순 토를 단다 진짜 스스로 자신의 판사로써의 책임감은 있는건가 국민들이 다 지켜보고 있는데 무슨짓거리인지 아 흐 저 조희대 꼭두각시 지귀연 이게 재판 이냐 내란특별재판부 설치 해라 판사가 왜저리 변호사 비위 맞춰주고 잇는걸로 보이지 단호하게 끊고 정리해야할 자리인데 분명해진 건 저 증언으로 윤석열이는 죽을 수밖에 없다는 거 김용현이도 죽어야될지 어떨지는 저 중령의 증언에 의해 결판날 듯 요즘은 이의 있습니다 라고도 안하고 그냥 재판장한테 명령조로 얘기 하면 되는 구나 이럴려고 판사 됐냐 재판같지 않은 재판 스트레스가 쌓인다 전담 재판부 설치해서 수괴랑 그 부역자들 단죄하고 숨어있는 놈들도 특검 연장해서 발본색원 해야 나라가산다 아니 심문중에 절케 끼여들면 강력제지해야되는데 지귀연재판은 참 대환장파티네 내란 재판 맞아 내란전담재판부 진짜 해야함 반대 심문할 때 공격을 하세요 가 아니라 지금 계속 이렇게 특검 심문 중에 끼어들면 반대 심문 기회를 박탈하겠습니다 해야지 오늘도 화기애애 레크레이션 강사 맞네 맞아 변호사들 막 설치게 저렇게 놔 둔다고 이의 있습니다도 안하고 막 껴드는데 저지를 안하네 1심 한 10년 걸리겠구먼 변호인들이 괜히 트집 잡고 시간만 끄는데 재판장이란 자가 어떻게 이렇게 재판을 운용하니 지귀현 이하상 환상의 콜라보 대한민국 사법부의 역사에 길이 남을 이름들 판사가 변호사를 설득하고 있다 개난장이네 내란재판부가 답이다 피고인 또는 피고인변호사들이 화내고 큰소리치는 요상한 재판이다 저 변호인단 실체는 이미 다 아는데 눈에 띄는 게 특검이라고 나온 것들이 하나같이 무능함의 끝을 보여주는 것 같네 하상아 니가 제일잘하는게 유도질문이잖아 니는 니를 안돌아보냐 판사가 저질이네 수준 이하 진행이 엉망개판 내란이 전국에 생중계 되었는데 이게 뭐하는 짓인가요 뭐기 이리 복잡해요 절절매네요 1심에 기대하는 바가 없어 쇼하는걸 언제까지 봐야하냐 내란범의 변호사들에게 끌려다니는 이런 재판은 처음본다 시골장터도 아니고 재판 꼬라지 참 판사가 이상하다 변호사들이 의도적으로 깽판칠려고 하는데 이걸 제지를 안하네 미친 재판이다 원래 발언권도 없이 변호사가 증인 심문에 뛰어들고 판사가 변호사한테 쩔쩔매며 사정하고 이렇게 재판함 재판이 변호사 화풀이 받아주는 감정 쓰레기통이었구나 처음 알았네 더이상 이런재판 못보겠다 빨리 내란재판부 안만들면 밖으로 뛰쳐나간다 이런 재판 공직생활 20년 동안 첨봄 이게 돗대기 시장인지 재판장인지 재판 똑바로 못 하겠나 옇불 터져서 더 못 봐주겠네 저 변호사도 빨리 감방 판사도 재판정이야 시장 난장판이야 아이들 소꼽놀이 하는거야 판사는 뭔가 특별한줄 알았는데 보통사람수준도 안되는구나 이런수준사람한테 판결을 맡기다니 증인이 사용한 핑게 라는 말을 근거로 물어 본건데 무슨 유도심문 변호사들이 판사를 개무시하넹 아주 개판이구나 무슨 변호사가 중간중간에 끼어드냐 내란재판이 아니라 가족오락관일세 증인이 증언을 하는데 왜 판사와 변호사가 그 증언을 가지고 이건 이렇고 저건 저렇고 라고 이야기 하는가 분명 증인은 들었다고 이야기 하지 않았는가 분명 윤석열이 두번 세번 하면 된다고 이야기 한 적 있냐 증인에게 특검이 묻자 증인은 내 제 기억에 있습니다 라고 이야기 했잖아 뭐가 선입견이고 뭐가 사후 기억인가 대학생 모의 재판도 이렇겐 안하겠다 그냥 참 비굴하고 하찮타 이쯤되니 지귀연도 저재판에서 빠지는걸 원랄것같다 무슨 약점이 있길래 저리 쩔쩔맬까 판사라는게 변호사 지껄이는 거 통제를 못하네 저게 무슨 판사라는 건지 판사를 얼마나 우습게 알면 변호사라는 것들이 저지랄일까 마음 같아서는 판사 말 안들으면 귓싸대기 날려버리고 싶은 마음이 꿀떡같네 법정이 도때기 시장같은데 법정 드라마는 현실과 다르게 만드는거 엿네 지귀연 반드시 수사해서 탈탈 털어봐야 한다 사법개혁 1호 대상이다 지귀연이 시간끄는 이유도 가지가지다 지들끼리 시간 끄는 방법도 조율 했나 재판관님 어디 가셨나요 지귀여니 진짜 저게 판사면 파리도 새지 이게 재판이냐 개판이지 언제까지 할거여 도대체 니가 대노 빵에 오래오래오래 있으면서 대노해라 오락부장 지귀연 재판이 개판 헛 웃음만 나온다 재판장이 모지리니 재판이 저 모양이지 술게임이나 지휘해라 궤변 내란 찌꺼기 변호사들 재판 지연이 목적임이 분명해 보인다 판사인지 사회자인지 이렇게 시간을 끄니깐 욕먹는건지 아직 모르나보네 아 짜 증 난 다 불법계엄 전후로 민주당 의원들이 경고하고 행동했던게 결국 다 맞았던거네 내란수괴는 진짜 개작두 치는 수밖에 없겠다 재판장이냐 난장판이냐 두 변호사는 언제 감치하노 이게 재판장이냐 토크쇼하냐 판사 말하는 꼬라지 기억할수없고 변호사한테 다음번 공격하세요 기가막히네 재판이냐 개판이냐 이판 사판 공사판이냐 엠뱅들 하고 있다 내란범수괴 따위에게 대노란 표현맞지않습니다 조금 없어보여도 개빡침이 맞습니다 시장바닥이네 불리한 증언 나오니까 거품 물고 입틀막하는 변호사들 지귀연 조차도 반대하는 억지로 부들부들 박근혜때는 판사가 국민혼란을 피하기위해 휴가도 반납하고 최우선으로 진행했었다 근데 지귀연은 싈꺼 다 쉬고 법을 왜곡 해서 내란우두머리를 석방까지 시키고 재판진행을 행사진행자 처럼 하고있다 박근혜는 개인의 문제 이지만 윤석열은 역적질이다 경중이 차원이 달라 역사에 남을 재판이다 저렇게 진행을 하냐 공부만 잘한다고 판검사 하면 안된다 지귀연은 반드시 내란우두머리 석방 시킨점은 문제 삼아야 한다 귀연이는 아직도 삽질중이네 새벽에 폰은 왜 바꿨냐 재판장이 능력이 상당히 부족합니다 지귀연 좀 빼라 변호인은 특검이 질문할때 계속 태클을 거네요 변호인 감치 왜 안하나요 와 이런 변호인에게 질질 끌려 다니는 판사를 계속봐야 하나요 공격을 하세요 게임이야 제판장에서 할만한 단어 맞음 변호를 하세요 라고 해야지 그리고 변호사에게 판사법 배우려면 로스쿨 다시가라 법정에서는 발언 순서가 아니면 개입할 수 없고 이를 어기면 경고나 퇴정 명령이 내려집니다 지귀연 판사는 이런 상황에서도 계속 웃거나 방관만 하고 있음 이를 악 이용해서 변호사 측에서 판사 검찰 증언석 발언 할 때 계속 개입하고 언성을 높이고 있음 사형선고 내려질 때 윤석열의 표정 빨리 보고싶어요 이게 재판이냐 법원은 권력 놓기싫어 내란전담재판부 반대하는데 국민위에 군림하지마라 내란수사 막고 동참함 내란판사들 특검해라,0
RFkuuGkygSQ,조세호 결국 자진 하차 폭로자 또 글 올려,이슈는 이슈로 덮는다 왜 갑자기 연예인 기사가 쏟아지지 미디어들 또또 쓸데없는데 관심 돌리려고 헛짓걸한다 인생은 뭐가되었든 조심안하면 한방에 무너짐 높을수록 떨어지면 끝임 궁금하다 무엇을 덮으려고 이렇게 여론을 분산시키는 지 쿠팡인가 법적결과 나오는데 2년임 큰거 덮을려고 연예인 찌라시 많이 푸네 겨울철은 나락의 계절인가 자살은 하지 마라 억울하면 끝까지 살아남아 밝혀내라 이상하게 터지네 덮으려는 일이 뭔지가 더 궁금하네 국민을 얼마나 바보로 알길래 이런걸 또써먹냐 질린다 미디어들아 쿠팡이냐 조희대냐 아님 다른 무언갈 감추려는거냐 조희대 입건된거 다알고있다 돌아오지마 조세호 조진웅 시기 한번 기막히다 아 뭘 덮으려고 조씨일가들 연달아 폭로하는거지 뭐든 과하면 꼭 탈이 나요 다들 나의 돈과 인맥을 자랑하고 싶어 하지만 나의 성공을 기뻐하는 사람은 가족 빼고 없답니다 지금이라도 깨달았다면 신이 도운겁니다 초심 잃은 사람은 아무리 잘되도 훅가는구나 벼는 익을수록 고개를 숙인다는 말을 다시금 새깁니다 하객 천명 범죄자와 안다는 이유로 연애인은 저렇게 하차하는데 범죄를 저지른 국회의원 판검사는 왜 자숙안함 기자들은 왜 자숙안함 공직자들은 왜 자숙안함 어떤 큰 정치인 들이 사건사고가 있길래 연예인 마녀사냥 할가 조희대요시 쿠팡 등등 멀가 조희대 대법원장 입건에 관해서는 왜 언론이 조용할까요 이상하게 연예인들 갑자기 기사 엄청 많아졌죠 직권남용 권리행사방해 및 공직선거법 위반 혐의로 조희대 입견됨 무섭다 조폭이라니 이슈는 이슈로 덮는다 연예인들의 이슈가 수없이 터지네요 뭘 덮으려는건지 쿠팡 내란 전담 재판을 덮어버리려고 언론질 연애인들 말고 쿠팡 내란 재판을 신경좀써 폭로전은 쿠팡의 연막작전 진짜 너무하다 연예인은 동네북인가 누가 무서워서 자유롭게 표현이나 하겠나 주변인물 과거 가족사 너무 무섭다 조폭하고 저렇게 친한 것 자체로 이미 이미지회복 못할듯요 사람 인생 정말 모른다는 말 이 딱이구나 어떠한 해명도 없이 바로 하차를 선택한거 보면 있긴 있구나 친분이 있으면 안되는거야모야 적당히하자 찔리는 게 없으면 자진하차할 리가 없잖아 다른 젊고 실력잇고 유능한 후배도 좀 양성하자 조직폭력배랑 잘지내라 어떤 할방구의 말이 기억나네요 국정원은 모든 연예인의 X파일 가지고 있다고 정말인가봐요 연달아 터지네 쿠팡 이런식으로 덮으려고 논란있는 사람이랑 친분있는 사람 전부 은퇴해라 살만큼 돈 다발어놓으니 미련없이 나가네 조진웅도 재산 500억이라던데 쿠팡이냐 조희대냐 왜 자꾸 이렇게 연이어 터지지 결국엔 유느만 남는 서바이벌 예능판 나올 때부터 알아봤다 정말 안 보고 싶다 오해면 버텨야지 왜 하차를해 더 나올게 있으니 미리 하차흐는거지 사람이 사람을 만나고 하는데 뭐가 조폭이란 이유로 그럼 정치 하는 놈들은 별의 별 사기꾼 도둑놈등등 다 만나면서 그러냐 이슈가 이슈를 덮는 뭐가 진실인지 헷 갈리게 혼란스럽게 만들어버리는 국짐공작단들 김건희 재판중 연예인 재물로 눈돌리기 김건희 윤석열땜에 연예계에두 여럿 죽이네요 조진웅 박나래 조세호 연예인들의 이슈가 연이어 터지는 이유 정부가 국가보안법 폐지를 하려고 국민들의 시선을 돌리기위함입니다 국가보안법이란 1 북한을 도우려 하는행동 규제 2 간첩활동 금지 정보 발송 인데 우리나라 국민이라면 폐지를 할 이유가 전혀 없습니다,0
AP2mwMrhAfY,지귀연 노상원 수첩 이걸 어떻게 해야될까요 현장영상,대한민국 법 참 좋네요 인터넷에서 다운 받은 걸 메모로 제출하면 그걸 다 인정해주는 법도 정의도 없는 쓰레기 같은 나라 특검을 특검해야 한다 억지로 외환죄로 몰아가려다가 안되니까 바꾸고 증거는 없으니까 군인들 협박하거나 없는 사실을 만들어 증언해달라하질 않나 진짜 와 특검을 특검합시다 죄송해요 AI가 해내지 못하는 메모입니다 특검의 진술회유정황 나왔다 특검 해체하고 특검검사들 수사하라 특검아 진짜 아이고 수법이 너무 똑같다 테블릿pc 메모 인터넷 예시를 증거랍시고 내밀고 탄핵때도 그걸로 내란재판부 들이밀기 전에 빨리 선고해버리세요 회유한 특검 구속 쌍특검 해야합니다 특검을 특검해야함 지귀연판시님도 저 수첩 어이가 없으니 웃는디 조작 회유 무능특검 에라이 국가보안법 폐지 반대 왜 모두들 내란몰이 공작질인거 다 알면서 우리 용기를 냅시다 자유대한민국 지킵시다 거짓 회유로 불법 수사한 조은석내란특검을 특검하라 홍장원이 인터넷에서 다운로드했다는 메모1 메모2도 증거냐 특검을 특검하라 지귀연 선관위 출신 지귀연 판사님 감사합니다 응원합니다 힘내세요 특검 회유 특검해라 저 메모가지고 2심 3심 4심 내란특별재판부에 가지고 가서 어용판사 매수해서 검찰 소설로 일반 이적죄 및 내란으로 징역때린다 진짜 나라 망한거임 지귀연 재판장님 신중하게 정의롭게 판단해 주세요 좌우를 떠나 의견 웃으면서 말씀하시지 말고 나라를 위해 정의롭게 판결해 주시기 부탁드립니다 나라가 위기 입니다 의견 말씀하시지 마시고 법대로 하시기 바랍니다 특검을 특검하라 위수증 특신상태가 명확하지 않으면 증거로 사용할 수 없다 형소법 증거 파트에서 수 천 수 만의 판례가 말 하고 있다 특검자체가 이죄명의 개인 변호인단을 검사자리로 옿은거 이게 80년대 수준의 독재 답 정해놓고 수사하는 형사놀이 하는거 언론에서 지귀연 재판장이 아니라 지귀연이라고 이름만 쓰는거 문제라고 본다 특껌은 특별한 껌인가요 언제 씹는 껌이죠 증인이 특검때문에 힘들어하는데 사법부에서 보호해줘야 하는거 아닙니까 5년전 인천연수구 재검때 배석판사였던 지귀연이 붙어있는 투표지 만지며 이거뭐지 왜 붙어있지 했었슴 저울의 짓대를 올바르게 하심을 한쪽으로 기울면 안되요 법 위에는 절대 권력이 물들면 나라는 망하는 길로 갑니다 나라는 모든 국민과 법이 지키는것 거짓을 매의 눈으로 잘 잡아내시길 간곡히 청원합니다 거짓 말은 반드시 표가 나는법 입니다 올바른 법정 응원합니다 도대체 뭣땜에 하는건지 뭐가 문젠데 아니 이재명이나 재판받으라해 엄한곳 쑤시지말고 법학자들도 나와서 계엄은 정당하다는데 참나 판사가 왜 뭐 지귀현판사님 꼼꼼하게 잘 듣고 잘 정리 하시네요 수첩 주인도 긴가 민가 왜 적었지 생각나는데로 적은거 같아요 특검팀이 하도 증거 조작을하니 수첩주인도 모르잔아요 수첩은 증거가 될수없어요 수년도 안지난 자신의 메모을 모른다 말이된다고 보나요 특검팀 없는죄만들기위한 노력은 그만했으면하네요 특검을 특검해야 하는 상황 아니냐 지귀연이 투표지 만지면서 이거뭐지 왜붙어있지 얘기했다고 투표지가 왜붙어있었겠냐 부정선거로 투표지를 떡제본해서 뭉텅뭉텅 집어넣으니까 투표지가 붙어있지 정상적인 투표지는 한장한장 접어서 투표함에 넣어서 절대로 투표지가 붙어있을수 없다 특검 것들 하는짓거리 보면 진짜 천벌 받을것들 지판사가 웃는 이유는 계엄이 내란도 아닌데 내란재판이랍시고 하고 있는 이 자체와 상황이 본인도 어이가 없어서 웃는거임 특검 수준이 너무 떨어진다 지귀연 재판 예능으로 하지마라 대한민국 주권이 존폐위기인데 떡검이 증거조작해서 대통령날린건데 떡검 증거 인정하는게 형평성 중립인척 오지네진짜 선관위 출신아니랄까봐 윤석열대통령님을 석방하라 야 지금 시대가 어느시대인데 특검들이 회유를 하냐 저것들 지들이 특검 받아야함 저 메모가 핵심이지 판사가 제일 문제다 웃음이 나냐 판사가 변호사역활을 하네 이런 중요한사건에 배역이 안맞네 특검은 개검이고 지귀연판사님은 어투와 그 진정성에 정들었다 말과 글의 힘을 믿는 사람들이 말과 글로 다투는 곳이 법정이란 이 말이 너무 맘에 남는다 모든 사람들을 품고 인정하고 마음이 드러나는 아알 겠습니다 지귀연판사 핸드폰 사찰했는데 왜 결과가 조용할까 수사결과 안나왔나 왜 지귀연판사 밥먹은거 핸폰 압수한거 모두 조용할까 특검해체가 답이다 부정선거 이재명 아웃 쥐귀연이가 슬쩍 빼줄려다가 포기하는 현장 판사가 노상원 수첩 증거가치가 있냐고 먼저 의의를 제기 하다니 정말 어이옶음 판사야 정신차려라 지귀연 재판하면서 좀 웃지좀마라 장난이냐 이게 내란 수괴 사형이다 지귀연판사 똑바로하세요 이런 인간이 판사라니 변호사도 노상원이 쓴것을 인정하고 신문했고 노상원도 자기 주둥이로 자기가 썻다고 하는데,1
tSv5-pagw0A,이슈를 켜라 이재명 정부 통일교 충돌 시작되나 오늘 추가폭로 나올까,민주당 가지가지 한다 연결된 비리 관련자 모두 까버려 이재명대통령은 진작에 보고 받았을거고 도대체 어디까지 연루 되어있나 특검은 이럴때 하는거지 김현지랑 kbs mbc jtbs sbs 각 방송사들이 제대로 언론역활을 하라 누구의 개노릇을 하지 말고 완젼미쳐가는군 딜이 있었겠지 통일교에서 민주당 돈받은거 특검 제보 받고도 수사 안함 어디까지 뻔뻔해질수 있냐고 조용하네지낼 게 없어서 어쩌나 민주당 특검하던지 아니면 통일교보다 먼져 민주당 해산하라 살벌한일이 일어나고있다 서슬퍼런 칼을 마구 휘둘러 입틀막을 하고있다 개소름 종교의자유까지 억압하고 중공인한테 한국파는 정권 더불어중공당 해산부터먼저 이죄명이는 통일교를 이길 수 없다 왜냐면 업보가 많아서 이다 미처돌아가는구나 민주장도 해산 해야지 공평하게,1
J-pLqV59M7I,지귀연 노상원 메모 어떻게 해야 될까요,얼마나 어이없으면 말하는 중에 웃음이 나오냐 가짜메모라고 판정해야 하는거 아냐 메모가 위법이면 탄핵도 위법이 되는거 아냐 위법메모증거로 인해 탄핵이 되었는데 그것은 명확하게 밝혀야 할 문제이다 심지어 내려받았다던 메모가 인터넷에 올라온게 없다더만 홍장원이 헌재에서 쓴 이후로 생성된것으로 보인다고 하는데 그러게 지렁이 그게 증거가되나 헌재는 인정했나봐 지렁이증거 조작으로 봐야지 맞지 아 그 지렁이가 받아쓴거 지귀연판사 진짜 뒷통수 치지말고 법대로 판결해라 누가봐도 윤석열 대통령님은 무죄다 홍장원이가 인터넷에서 다운받은거다라고 허위증거물로 밝혀진것과 같은 성격의 메모인가 진짜 희대의 코메디 재판 메모가 어이없어서 판사님 헛웃음이 나오시는군요 메모는 홍장원이 작성한 메모가 아니다 보좌관이 나와서 진술 해야 진정성립 여부 다툴수 있다 증인이 나타나면 필적 감정을 사전에 해서 당사자 여부확인 후 작성자가 맞으면 그때 증인 증언 들으면 된다 판사님 정의감 응원함니다 가짜 메모 아 뭐하는 짓인지 아니 이건 메모라고 정의할 수가 없는 예술품인데 판사는 법과 양심적으로 살아야 한다 제발 범죄자들에게는 타협이 없읍니다 절대 굴복하면안됩니다 법은 국민들을위해 지켜주세요 일개 범죄자 한놈때문에 대한민국 법이 무너지면 안됩니다 역사에 남길 판결 부탁드립니다 지귀연 판사님 지금 재판 잘못하면은 나라가 공산주의로 갑니다 재판 잘해주십시요 특검에서 이미 노상원 자신이 작성했다고 했음 판사님 대한민국 최후의보루입니다 지귀연 법을 지키는 바른 판사님 화이팅 국가를 지켜주고 계십니다 감사합니다 많은 국민들이 함께 합니다 화이팅 지귀연 애국판사님 화이팅 3권분립 자유민주주의 입법 사법 행정 모두 독립기관이죠 막 싸워서 이겨주세요 지귀연판사님 화이팅 홍장원 증언 증거 다 불충분으로 탄핵판결 다시해야함 지귀연 판사님 이나라를 살려 주세요 문상호 증인 있는더 정말 열열 재판 하시는 지귀연 재판관님 지귀연판사님은 웃음소리도 신스럽다 판사님 너무 존경합니다,1
DApEbmnTDXE,신통방통 통일교 민주당 인사 간 정교 유착 의혹 확산 녹음파일에 정진상 언급,특검해야함 이재멩이 통일교해산 언급한 이유가 이거네 정진상 정진상이면 이재명이네 찔리는게 있어서 황급히 해산 운운했구먼 까도 까도 양파 껍집이네 털다가 잘못 턴 사례 만진당 큰일이네 빨리처벌 하라 사악한 악질범은 자신의 죄를 남에게 뒤집어 씌우는게 전문 확실히 조사해야 한다 통일교 없앨려고 하는 이유가 있었네 참 사람이 투명하네 자기 구린거 나올때마다 바로 정리할려고 하는거보면 이 참에 부도덕한 정치인은 다 처벌시키고 정의로운 사람을 뽑읍시다 똑부러지고 명확한전달력 역시 1타강사 김효은님 파이팅 아 퍼즐이 맞춰지네 그래서 그랬구나 리짜이밍이 가담 안한곳은 도대체 어디냐 나라가 뒤집어질 사고가 터졌다 엄청난 파장이 예상된다 현 정권실세에게 금품을 주었다고 허위증언할 수 있는 미친 사람은 없음 특검이 민주당방패역할을 민주당하청특검이란 말이 사실이네요 이 기회에 우두머리부터 쫄까지 몽땅 다 날려버려요 이재명이 직접 통일교에 연락했다는데 이것은 매우 심각한 사안이다 통일교 게이트가 맞다고 생각한다 민주당의원들 특검해라 언제 딴 나라로 도망치려나 정진상이면 이죄명도 연루되어 있는거다 특검은 진술이 나왔는데도 민주당 수사하지도 않네 이시점에 해명 은 필요없고 해산은 필요하냐 전재수도 깨끗한척 하더니 구리네 내로 남불당 선택적 특검 웃기는재명이는 거짓말만일삼는다 하루속히특검해라 리짜이밍 이시키는 지한테 뭔가 위험이 접근하면 바로 위협으로 입을 막는 것이 생활화 되어있는 놈이야 정진상이는 끼지 않는곳이 없네요 성남과 경기도 이재명 주변에서 많이들 해 먹었군요 내로남불 당 왜 종교계를 겁박 하는지 이젠 알겠네 나라 꼬라지 잘 돌아간다 특별법에 의한 비영리단체인 종교법인을 해산한다는 게 쉬운 일도 아니고 더구나 돈 받아먹은 자들의 정당은 해산되지 않나 고소하다 뻔뻔하게 부산시장을 넘보는것이 수사해라 잘들논다 이제명 파도파도 끝은 언제쯤일라나 얼마나 뼈속깊이 죄성이 들엇으면 저정도일까요 저런자가 대통령 나라를 완전 말아죽쓸려고 작정햇네요 하루에 한개 씩 이슈가 나온다는게 대단하다 능력이다 능력이야 나라가개판으로돌아내요탄핵이답이다 구래서 통일교 해체명령이 내려왔군 2021년 정진상실장이 STX건설을 인수하려는 작업을 하였습니다 그 인수자금은 어디서 나온것입니까 정진상실장의 저수지에 묻어둔 자금은 특검해야겠네 이재명을 겨냥하라 만날수는있지 그러나 현금 시계 받은놈들이 문제지 종교단체 정치 후원금 전수조사하면 민주당 해체 수준일거야 정교해산 정과 교를 해산해야지 정은 누구 누군가 밤잠 못자고 통일교 뉴스 나올 때 마다 바지에 오줌 질질 싸겠구먼 특검 해야 한다 아니면 시민들모여서 국가나 정부 의원들 배제하는 시민들이 주인이 모여서 처벌 주어야 대법관 님들과 함께 처벌해야 역시 범죄자는 어디에서나 걸려드는구나 이러니 이죄명이 통일교 해산시킨다고 협박발언하는거구나 전재수 혼자 깨끗한척 다하더니 저게 사실일까 이죄명은 전국민을 기망하고 내란중입니다 내로남불당 이번엔 뭘로 둘러댈라나 당연하게도 까도까도 계속나오는 리짜이밍 내려와라 민주당 특검하고 압수수색해라 금품받은 15명 구속시키고 강력처벌해라 김옥보내라 이재명 특검해라 통일교한테 돈받았는지 조사해야된다 구속시켜라 빨리탄핵시켜라 탄 핵 하 라 가지가지한다 전재수 혼자 고고한척 깨끗한척 하드니 부산시장 날아가야지 본인이 구리니까 해산을 꺼냈지 않을까요 하늘이시여 금방망이를 내려주소서 전재수는 무조건 구속 수사 해야함 인뚜꺼비네 가증스럽다 이재명 신속히 특검하라 민주당은 뻐를깍는 자세로 쇄신하라 국힘에게 피를 토하게하고 등에 칼을꽂았는데 민주당은 팔다리 눈을 자르고 파내는 자세를 보여라 국힘 털려고 했는데 민주당이 딸려 나오네 드루킹 시즌2 분위기 인데 수사제대로 하지 않으면 나중에 콩밥먹는다 정진상 이재명 지놈들 범죄사실 까발리면 통일교 해산해 버리겠다고 협박을 했다는게 조폭과 뭐가 다를바가 있습니까 돈받고 뇌물 받은 것 입 다물라는 것 아닙니까 제보를 했는데도 수사를 뭉개버린 특검놈 당장 구속하고 특검을 특검 합시다 누구나 만날수는 있습니다 그러나 까르티에 2개씩이나 받아가지는 않습니다 이동학씨 그러니까 왜 국힘에 대해서는 조사를 하고 민주당은 모른체 넘겼는지에 대해서 이야기 해야지요 소름끼친다 이재명 제발 저리니까 종교를 해산 언급 골프친 사람 모른다고 안면몰수 지은죄 없에려 검찰 폐지 사법부 장악 참 무서운 사람이 국민들을 볼모로 자행 하고 있구나 이죄명 바로 구속이다 정치보험은 양쪽에 다들어야된다고 지혜를 가르켜주네 통일교 건드렸다가 조됫네 이재명 준자가 권력앞에 거짓말 한다 지나가는 소가웃겠다 다 이유가 있었네 편파특검을 특검 해야지,1
51vhxEQow6c,폭설에 화장실도 못갔는데 오세훈은,한강버스 예산 다 써서 눈치울 제설차를 못하는거 아닌가 답없다 진짜 누구를 원망하리 찍어준 유권자가 문제임 눈도 물이다 물에 진심인 오세이돈 공무원들도 저러고 월급타가는 뻔뻔함 다사직시켜버려 그리고 공무원책임제 입법화해서 징벌책임지게 해야지 오세훈 찍은 사람들은 한강버스 타면 될텐데 성동구구청장 서울시장나오면좋겠네 일진짜 잘하시던데 이번에는 서울시민 여러분 시장을 일잘하는 분으로 잘 알뽑아요 당해도 싸지 또 찍어줄텐데 서울 사람들은 자기돈만 지켜주면되서 오 시켜줫다매 그래서 문수을 또 찍엇고 아 서울 대단해 오세훈이는 바쁘겠지 막판에 땡기느라 얼마 안남았자나 서울시장 도대체 서울시민들은 국힘이 뭘 잘한다고 찍는건지 다섯살 훈이가 서울시 말아드심 쩝 오세훈 이래서 이럴 때 타라고 한강버스 만들었잖아 단 목숨을 선착장에 맡기고 타라 뜨뜻하게 베트남에서 온천에 마사지받고 계셨어요 오 세훈 따뜻한 베트남에 있다나 뭐래나 웃겨서 못산다 오세훈 서울 사시는 분들 사람 보는 눈 좀 키웁시다 현명한척하는 서울시민들이 뽑은 시장임 관심 없는데 한강에 배는 왜 갈수록 폭설 폭우 증가하는데 여기에 대비해야지 머리 속이 궁금허네 동남아 여행 갔다던데 부산 대구 욕할것도 아니네 저래도 또 오세훈이 뽑는다에 한표 제발 투표좀 잘하자 185세 후니는 쌀국수 먹으러 놀러 감 빨리 한강버스로 가셨어야지요 시장이 서울에 없다고 제설작업조차 안된다는게 시스템 작동이 이케 엉망인가 뭘 하고 돌아다니냐 한강버스같은데 돈쓰지말구 시민이 필요하고 원할때좀 해봐라 해외에서 놀고있음 무슨 일이든 편가르기 하는 놈들이 문제지 오세즙이 잘한거 있으면 하나라도 씨부려봐라 세후니는 따뜻한 동남아에 오세후니답다 한강버스 타러 가자 오세훈은 따뜻한 베트남으로 놀러감 따듯한 남쪽나라 제발 서울시민여러분 5세훈은 걸러주세요 그래도 서울사람은 2찍 진짜 이해가 안됨 제설작업 하루이틀 해보나 나름 일하는 체계가 있을텐데 이렇게까지 엉망이 될 일인가 시장이 현장지휘해야 일이 돌아가는 수준은 아닐꺼 아냐 앞으로 눈 계속 올텐데 어쩔려고 그러지 한번 겪어보고 또다시 뽑는건 뭔가 서울시민도 책임이 있다 오세훈이 해외여행 갔음 차기 서울시장은 정치인 말구 행정가를 뽑아야 이렇게 당해도 그들은 선거날 또 뽑는다 서울분들은 현명하니깐 다음엔잘뽑겠죠 대구는 도둑질해도 뽑아주는동네입니다 고양시장은 30번이상 갔는데뭐 그정도는 놀러갔지 부자집 자제분 돌보로갔다함 서울시인 정신차려 오세훈은 폭설이 감당 안되니 쫄아 질질짜며 급하게 동남아 출장 일정을 잡아 튀었지 이래 놓고 재난 터지면 조중동 국힘 이재명 탓 눈 온디 서울에 잇것소 한심한 오세훈 행정처리 할일은 제대로 못하면서 여기저기 세금을 물쓰듯 쓸데없는짓만하는 세금도둑,0
BtmDYY8osmA,2025년 김용민 김완 오혁진 김승원 노영희 신용한 주진우 박종찬 주식아가방,쿠팡이 능동적으로 해결해 주는게 없다 TV 신문광고라도 하여 정보유출차단 방법을 알려주어야지 사실숨기기나 무마에만 힘쓰는 기업은 더 이상 안된다 노동자 과로사 일용노동자 퇴직금 미지급건 수사에 외압 행사 미국적의 회장 회사 공시도 미국에만 퇴직전관 판검사로 득실거리는 이런 악덕회사에 맞설 대체기업이 없는게 갑갑하다 사법부가 정신 못차릴 정도로 사법부 개선법을 발의해라 공정하지 않은 조희대 대법원장의 힘을 다 빼내라 대통령께서 내란세력이든 국가범죄자들은 상속인들까지 철저히따져야한다 하셨으니 제대로 처벌될듯요 박종찬 단장님 나오셔서 침투부에서 궤도님 발사중계때도 못 들은 긴박한 내용들 들으니까 더 고생하신게 느껴지네요 항우연 화이팅 지방선거 역풍 운운말고 내란 동조세력 남김없이 형사처벌해야 된다 무장한 군인들이 급박한 와중에도 눈이 상할까봐 목을 조준했다는 배려라고 와 신박하다 철저하게 조사해서 합당한 처벌을 해주세요 모든 법 조항에는 취지를 같이 달아 놓아야 법왜곡이 없다고 봅니다 내란과 법왜곡죄는 사면없는 처벌로 다스려야 합니다 이런 법이 없으면 법으로 만들어 확정지어 주세요 감히 이런 불법은 생각하기도 힘들게 해야 합니다 주식아가방 몰아보기로 단독 편집해주세요 검찰청 폐지도 78년만에 완성 사법부 적폐청산은 훨씬 어렵고 힘들겠지요 법안들 꼼꼼히 하다보니 늦어진거 알지만 국민들 입장에서는 그동안 많이 답답했어요 이재명 대통령님 정청래 대표님 추미애 법사위원장이라 다행입니다 내란청산 끝까지 응원 합니다 공장장은 과학 관련 인터뷰할때 빛나요 누구보다 젤 재밌어 계엄해제후 곧바로 조희대가 누구한테서 전화로 지시를 받았는지를 즉각 조사해봐야 한다 총구를 막아선게 군용물 탈취라 저런 시각으로 세상을 볼 수 있다니 놀랍구나 저 변호사들을 내란 가담자 입장으로 놓고 보면 맞는 말이다 즉 저 변호사들도 내란 관련법으로 처벌해야 한다 참 꽉찬 방송 계속 숨기만 하는 저 사악한 조희대를 지금즉시 붙잡아서 엄중하게 수사하고 처벌을 해야한다 끝짱을 봐야합니다 꼭 역사를 잊은 자에게는 그 역사가 반복되는 형벌에 처한다 김용민의원님이 있어 얼마나 다행인지 몰라요 꼭 필요한 입법 해내시는 의원님 감사합니다 김용민 의원님 퐈이링 일 진짜 잘하셔 양복 입은 입법 글래디에이터 공장장 우주분야 인터뷰할때 너무빛난다 저걸 다 알고 질문할수있다는게 넘 멋짐 알차다 알차 바쁜 출근시간 쪼개서 놓치는 부분 있으면 뒤로 돌려서 다시 듣고 하는 게 하나도 안 아까워 내 삶의 생산성을 높여주는 민주진영 천년고목 겸공 주식아가방 좋은 아이템입니다 잘보고 있어요 겸공 마스코트 최서영pd님 화이팅 내란을 철저히 단죄하지 못한 페루는 수많은 국민들의 피해로 되돌아왔다 우리는 잊지말자 철저히 단죄하지 못한 과거 군사쿠데타가 지금의 12 3내란으로 되돌아온 것이다 사법부는 철저히 수사하고 철저히 단죄하라 내란전담 재판부 설치가 시급하다 눈이 상할까 봐 총구의 라이트를 목에 비췄다고 법정에서 변호사가 대변 하는 비정상적이고 비 이성적인 무리들이 과연 평범한 일인가 정말 무서운 세상에 살고 있는 것이다 정신 차려야 한다 국민은 아직 내란 중이다 언제 까지 지켜 봐야 하는 것인지 이번에는 내란세력 철저히 단죄합시다 내란전담재판부설치 너무 늦은 감이 있습니다 박종찬 단장님 고생하셨습니다 그 열정과 고뇌가 이렇게 절절하게 전해져 일 하던 손 잠시 멈추고 응원 댓글 씁니다 정말 고생 많으셨습니다 세훈아 다녀와야 겠다 급식 먹으러 울 아들도 김포에서 군생활 했는데 북한에서 보낸 무인기 땜에 3개월인가 항시 비상대기 비상근무 김포였지만 전방까지 파견이라고 해야하나 여튼 전방가서 보초도 서고 힘들었다 입대하고 난뒤엔 채해병 순직사고까지 나서 엄마인 나로서는 울 아이 군복무 내내 불안했다 울 아이도 제대하고 그러더라 전쟁날까 무서웠다고 그럼 말 다한거 아니냐 윤건희 강점기때 복무한 청년들은 복무 내내 불안했단 얘기잖아 이 나라를 도둑 놈들이 다 털어가게 만드는 자칭 보수도 아닌 보수세력 참 기가막힌다 잘하고 계십니다 조금만 더힘내서 내란부역 세력에게 죗값을 꼭 선사해 주십시다 대장동가지고 지랄들하더니 서울시하는거봐라 저게 하루이틀일이겠냐고 지금까지 저런식으로 전국적으로 얼마나 많은놈들이 뒷돈처먹고 아주 떵떵거리면서 살고있겠냐 단장님 설명 참 잘 해주시네요 설명서를 보는 것 같아요 변호사는 내란가담자라도 처벌 못한다는것은 정의가 아니다 와 서빙교 대형 온누리교회에 을 앞둔 이 시점에서 나경원을 인사 소개했다고 하네요 너무도 실망스럽습니다 기독교인으로써 정말 어떻게 마음을 다잡아야할지 힘드네요 한국항공 우주연구원 박종찬 단장님 응원합니다 겸공 거의 안보다가 12 3부터 하루도 빼지 않고 보고 있습니다 윤석열이가 겸공 구독자 올려준 1등 공신 어준이 형님은 과학 문화 패션 얘기할때 눈이 초롱초롱 미소가 한가득 지금은 무엇보다도 내란척결이 첫번째야 이사람들아 내란전담재판부 법왜곡죄 빨리 갑시다 민주당 김용민의원 완전 응원합니다 어정쩡한 관용은 현재의 범죄자와 미래의 잠재적 범죄자들에게 새로운 용기와 또 다른 범죄를 용인하는 것이다 국가와 국민을 해하려 했던 자들에게는 잔인할 정도로 단죄해야 한다 그래야 같은 범죄를 저지를 용기를 못 갖습니다 누리호 4차발사 연구하고 관여해서 성공시킨 모든 분들에게 감사와 존경을 표합니다 아리랑 7호 발사 성공도 축하합니다 그동안 다스뵈이다와 뉴스공장에서 항우연과 누리호 얘기해주신 김진한 단장님은 항공우주시스템공학회 회장님 임기 2025 1 1 12 31 이 되셨네요 연달아 발사 성공시킨 박종찬단장님 잘하셨어요 김어준총수가 우주청에 대한 불편 부족사항 물었을때 20년 항우연 박사답게 열심히 잘해주었다로 답해주셨는데요 믿을 수 없을 정도로 놀라운 상대방 얘기를 잘 들어주는 요즘 외교천재 경제천재로 호평받는 이재명대통령은 원래 시민들 모든 문제 해결사로서 신속 행정집행의 대가시고요 이재명대통령은 당사자가 구체적으로 요구해주길 원합니다 그래야 바로 구체적으로 행정지시를 신속하게 할 수 있기 때문입니다 행정처리땜에 20년간 힘들고 지치셨겠지만 요구하세요 대통령님은 뉴스공장 매불쇼 모니터합니다 댓글 sns 커뮤니티 찾아봅니다 항우연 여러분들이 우주에 꽂혀서 평생 열정적으로 살듯 이재명대통령님은 사람들 행복하게 만들기에 꽂혀서 방법을 찾으려해왔고 젤 빠르고 효과적인건 당사자가 잘안다라고 생각하십니다 망해가던 한국을 6개월만에 어메이징하게 만들고 있어요 항우연도 솔직하게 요구하시면 효능감으로 살맛나실겁니다 내란재판부 찬성 늦었지만 정말 단죄하고 정상국가로 나아가야합니다 흥미진진한 뉴스공장 감사합니다 무궁한 발전 기원드립니다 내가 이방송들으면서 공장장님 공학전공적 대응 아주 흥미롭네요 지수라니 오늘도 잘봤습니다 특히 민주당 대응에 국민 모두가 지지를 할듯하고 나또한 응원합니다 흐지부지 하지 않게 몇번이라도 꼭꼭 단죄 해주시고 제도 개선 힘써주세요 그리고 우주과학은 미래 먹거리라 다들 그러더군요 우주로 미래로 대한민국 화이팅 입니다 공장장님 해박한 관심과 지식에 또놀랍니다 단장님과의 인터뷰도 가슴이 웅장해지면서 곳곳에서 애쓰시는 모든 대한국민들 멋지고 자랑스럽습니다 감사합니다 과학자들 정말 멋있다 수미상관 초지일관 김용민의원 판사들 압수수색해서 내통하는지 확인해봐야지 내란뿌리 반드시 뿌리를 뽑아서 처벌하라 믿으수있는 방송항상 찾아보는방송 뉴스공장 V0 V1 이라는 기호가 생겨난 사이비 정부에서 바른 시민들은 몸부림칩니다 대통령 실에서 발생됀 불법적 사건은 대통령의 무능적 직무유기 공범입니다 계엄세력도 끝장을 봐야 하지만 국힘당도 반드시 위헌정당으로 해산시켜 여죄를 물어야 한다 내란범들은절대 사면불가로 법제화해야한다 북한은 다 알고있었던거지 도청으로 김용민 의원께서 지귀연이 한 판결 역사상 단 한 번만 나온 시간 적용한 바로 그 판결 에 대해서는 소급 적용해서 처벌해야만 합니다 소급 적용을 할 수 있는 방법이 있습니다 1212쿠데타에 대한 역사 바로 세우기 특별법이 바로 그 선례입니다 90년대 중반의 특별법으로 1212쿠데타를 처벌했다는 걸 잊어서는 안됩니다 시간 적용 판결 처법 특별법으로 지귀연 처벌하면 됩니다 이 사건을 처벌하지 않으면 역사상 단 한 번만 나온 이 판결에 대해 우리는 후손들에게 할 말이 없어집니다 단죄를 해야지만 검사와 판사들이 시민들을 두려워하게 됩니다 누리호 발사 그 영광의 순간을 오늘 처음 봅니다 겸손이 아니었다면 세상을 향한 눈 귀 다 닫고 살았을 텐데 함께 하는 아침을 마련해 주셔서 감사합니다 겸손최고 우리 공장장님 최고 용현이가 중과부적이란 말을 했지요 정상 사고방식인 군인이 안따르니 계엄 실패 그래놓고 계엄 아니다 발뺌질 추하다 그냥 전재산 몰수하고 사형집행 해주세요 언제나 응원합니다 그동안 특검 검사들은 다 빼고 때 안묻은 사람들로만 채워서 빨리빨리 해라 겸공 굿 어준 공장장 모두 모두 잘봤어요 상기하자 5 18 12 3 내란 군사반란 단죄 청산해야 해요 대형교회의 극우화 실망 겸공도 20 30대들이 많이 보는 인스타그램에도 오픈했으면 좋겠네요 매불쇼 인스타그램 이제 시작했다고 하는데 겸공도 같이 시너지효과 냈으면 좋겠습니다 나랏돈을 다 해쳐먹으려고 했던 내란동조자놈들이다 절대로 한놈도 빠트리지 말고 아주 철저하게 수사하고 제발 엄중하게 중벌로서 철퇴를 내려줘야지 지선의 압도적 승리를 하고 싶으면 특판을 비롯해 내란의 깔끔한 정리가 최우선입니다 TBS에서 퇴출당한 김어준과 에서 퇴출당한 주진우와 최욱이 그때보다 더더 잘나가고 많은국민의 응원을 받으며 승승장구하는것이 자연의 이치이자 사필귀정 아니겠습니까 오늘 주진우기자님의 깔끔한 헤어스타일은 최고입니다 최피디님 생기발랄하네요 공장장이 놀려도 전혀 흔들리지 않고 감사합니다 정청래대표님 요즘 좀 답답했는데 반드시 하셔야할겁니다 겸공 김어준공장장 오늘도 감사해요 김용민의원 진심 응원합니다 100년이 걸리더라도 끝장을 바라 김용민의원님 정말 정의롭고 멋지십니다 아니 사법부가 대놓고 우린 국짐 2중대 라고 보여줬는데 민주당 너무 물렁한거 아니냐고 악 소리도 못나오게 해야 내란청산 똑바로 되는겁니다 주기자님 용산역에 있는데 사진을 찍자고 몬했내 깜놀 조희대 체제에서 내란재판부 구성이 올케 될 수 있는건지 우려되네 김용민의원님 법조항에 해야한다 한다 같은 반드시해야하는조항을 하지않았을때 처벌하는 법왜곡죄도 구체적으로 명문화해주세요 주식 아가방 너무 유익합니다 별도 재생목록으로 볼수 있게 부탁드려요 감사합니다 김용민의원님 든든하네요 그렇습니다 겸공 신뢰도 1위 응원합니다 김어준공장장만 오래전 부터 우주청 진행과정부터 과학자들 고충을 다 인터뷰하며 들어준 거 똑똑히 기억한다 과학자분들 자부심 가지시고 원하시는 거 개인적인 일도 꼭 성취하시기 바랍니다 진짜 일 잘하시는 김용민 의원님 응원합니다 주식아가방 고맙습니다 멋지다 김용민의원 오세훈은 들여봐야 할게 많은 것 같습니다 김완 기자님 무릎탁치는 취재내용 응원합니다 화면 가득 빛나는 태양이 낮게 보이고 땅위에 4 5바퀴는 크게 또아리튼 가늘고 긴 노란빛 뱀이 머리를 치켜들고 있다가 태양을 향해 확 물려고 달려드는 모습을 화경으로 봄 아참 그리고 죄송하게됐다 란 메세지도 태양을 대통령이라 생각하면 안전에 문제가 있을듯 새벽 108배하며 무사를 기원하다 괜찮다 신탁 받음 경호안전 각별히 더 주의해주시면 좋을거같습니다 기득권과 공무원 범죄 성공은 판사가 마무리한다 썩은 판사 개혁 안 하면 나라는 망한다 판사를 수사할때 영장은 같은 판사에게 청구하나 그게 궁금하네 우주선 관심 있는 학생들을 위해 견학 및 체험 프로그램 있으면 앞으로 차세대 우주 연구 개발자들을 발굴 할수 있을것 같아요 너무 자랑스럽습니다 1차 특검 2차 특검 3차 특검 4차 특검 끝까지 갑시다 끝날 때까지 갑시다 사랑합니다 그난리통에꿈쩍도아니하고참아낸 북한에이렇게고마워하고싶어질줄 예전에미처몰랐네요 정말로 아차 했으면전쟁으로이어저얼미나믾은 인명살상은물론국민생활나락으로 떨어지고동남아후진국수준이될뻔 정말로치가떨리는시간들이었음을 시간이지날수록깨닫게되고수많은 우연들이엄청난위험을피해가게해 주신자연그리고죽은자의혼령들이 순간순간도왔음을실감하는시간들 영령들이여무지무지감사드립니다 주식아가방 저도 막내피디님처럼 언제 주식상황을 체크하나 궁금했는데 아침 8시 미장 퇴근후 국장 알려주셔서 감사합니다 광야에서 노래가 왜이렇게 와 닿을깡 김승원 의원은 기각되면 국민들이 난리가 날겁니다 국민 국민 국민들 얘기 그만하시고 민주당 국회의원들이 난리가 나서 보여주세요 실행하세요 수고하셨습니다 오늘도 김어준 공장장님 2차 종합특검은 내란전담 재판부가 맡아서 하는걸로 법왜곡죄 판사들도 엄벌에 처해야 합니다 털보 건강해 지귀연법 꼭 통과되서 앞으로 판사라도 멋대로 못하게 됬으면 좋겠습니다 제가 지귀연법이라고 부르는 이유는 꼭 피해자에 이름으로 법을 부르던데 저는 가해자 혹은 그 행위를 최초로 수행해서 논란이 된 자의 이름으로 법의 별칭을 부르는게 설사 형사적인 처벌을 헌법적으로 할 수 없다하더라도 그런 사회에 악을 끼치는 사람에게 경종을 울리는 한가지 방법이라고 생각하기 때문에 지귀연법이라고 부릅니다 그리고 이건 국민들이 피해자인데 국민법이라고 부를 순 없잔아요 위에서 말한대로 잘못된 것이기도하고 제 논리가 지귀연 판사의 입장에서 피해라고 생각할 순 있지만 헌법적 한계와 국민들이 입은 피해를 생각하면 당연한 인과응보라고 생각합니다 김용민의원님 정말 열일하십니다 고맙고 감사합니다 종합특검보 김경호 변호사님을 추천합니다 내란재판부 신설 김용민 의원의 노력이 넘 컸습니다 감사합니다 민주당이 힌명으로 후보자를 좁히지 않으면 오세훈에게 서울시장 선거 이길수 없음 경험있는 현 성동구청장 정원오 응원합니다 서울시장 선거나가려고 최고의원 사퇴한 전현희 경기지사 나가려고 사퇴한 김병주 진짜 실망임 스피치 전달력 없는 전현희가지고는 절대 오세훈 못이김 이미 종교집단들도 오세훈에 표를 모으고 있는 상황에,0
xA4D-9jlmVo,누구 맘대로 법정공휴일로 아주 막가는 극좌 정권,인터넷TV 신규가입시 최대 48 휴대폰 통신사 변경시 최대 30 정수기 렌탈시 최대 30 총 108만원 혜택 혜택이 타사보다 적을 경우 차액 150 보장 당연하죠 넘많이 쉬면 나라 망해요 대장동 주민들의 천문학적인 돈을 착복한 대장동 몸통 처벌받는날을 법정공휴일로 하라 절대안됨 불가 탄핵만이답이다 범죄자 이죄명 을구속수사해서 빨리 끌어내려야 한다 민주당해체기념일로 하면되겠네 계몽절 태극기 계양하는 날로 지맘대로나라 범죄자를 빨리 몰아 내야지 정상인 세상이 오지 완전 미쳐 돌아가는구나 미친 나라 미쳐 돌아가네 망할날이 얼마 안남았다 지들 맘대로 아무거나 다 하는 조폭정치 잡범이 대통령 됐으니 하고싶은대로 하겠다는 잡범 이지요 현재는 왕이에요 개딸들이 너무많아서 맨날웃어요 그잡범 국민은 수갑차고 형무소 가길바래요 돈이다 가담자들 줄거다 빨리 탄핵하자 대장동 몸통 탄핵 언제되나요 법정공휴일로 정해라 태극기들고 광화문 집회가게 아니 국회도 그렇고 이정부 참모들은 무얼 하나요 말이되는 말을해야죠 그냥 악 가는 느낌이예요 국회에서는 새로운법을 마구 만들어내고 이뭔 일이래요 국민은 안중에도 없구요 가지가지 멍멍멍 소리 하고 자빠진거죠 누구 대그빡에서 나온 제안 입니까 516 이 법정 공휴일 되고 기려야지요 6 25일 법정공휴일 해야 되는거 아니냐 솔직히 7 27일 정전 협전날 법정공휴일 해야 되는거 아니냐 9 15일 인천상륙작전날 법정공휴일 안하냐 박상규시사평론가님맞는말씀입니다올바른말씀으로기다리고듣겠읍니다 누구맘대로법정공휴일로할려고하니살기좋은나라는못만들고니맘대로공휴일로하니일을할줄모르면내려와라끌려내려오기전에 이죄명 정말 미쳐돌아가는구나 12 3 계몽일로 지정한다는거지 태극기 건다 이죄명 재판재개하는 날을 공휴일로 현정권 점점 막가파가 되가는가 뇌에 뭐가 들어 있을까 이재명은 하루빨리 내려와야만 대한민국이 산다 이재명은 하루빨리 내려와야만 대한민국이 산다 진짜 죄명이는 감옥이 답이다 이재명구속되는날 공휴일로 정해야된다 그분 빨리 잡아 쳐 넣으세요 뭔소리 12 3은 계몽령 기념일이다 자축하는 의미에서 태극기를 내걸었다 미친거죠 나랏 일은 관심없고 그많은 시민 민노총 4000 여명이 동원 됬다 하지 않았나요 국민들은 그시간데에 비상 계엄을 듣고 그냥 잠잤어요 많은 시민 민노총 사람들입니다 꼭 밝혀주세요 계몽절은 좋습니다 국민들한데잘보이려그 그놈이미처날뛰네언제떨어질지도모르는놈이별짓거리다하고있네,1
GCZNwokzqDc,권순표의 국힘 윤한홍 똥 묻은 개가 비판 직격 고립무원 장동혁 당내 외톨이 되나 최형진 기추자 이정은 김용민 박지훈 이상민 거의없다,국민은 목숨걸고 막았는데 조희대 사법부는 납짝엎뜨려 충성을 다했는게 팩트다 장성철은 평론가 사표내어야 이렇게 감이 없어서리 바닥일때 본 모습 보이는것이네요 국장님 말씀 펄팩 장성철 먹고 산다고 애쓴다 장성철 이자는 이기주의자 잘못했다면서도 한편으로 내란버은옹호하는자 지겹다 나오지마라 장성철은 x파일건으로 홀대 받아서 저러지 안될 안될 인간이다 신인규 변호사님 좋다요 성철이 논리는 판사가 윤석열 무죄를 줘도 뭐가 문제냐는 건데 장성철 말장난 하는거 딱 이준석이랑 똑같음 이제 그만 부르자 신인규님분 같은 보수 패널 있으면 좋겠엉 일당객 김용민의원님 격하게 응원합니다 고맙습니다 아씨 눈버렸 장씨 쪼개는거 봐버림 얼른 나간다 이재명 대통령은 매우 잘하고 계십니다 민주당 응원합니다 장성철 교묘한 척하는 말장난 지겹다 이래서 사람들이 장성철을 욕하는구나 이제 와서 사과 필요 없어요 국힘들 정신 아직 못 차림 내년 선거땜에 억지로 반성함 유권자들은 바보 아니에요 성철아 너만 입 다물면 성공한 대통령 된다 혼자 같잖은 주장할 땐 가벼운 척 우기기 해대면서 역으로 공세에 몰리니까 정색하고 하나하나 말꼬리 따지네 이쯤 되면 같이 나오는 패널들이랑 진행자가 불쌍해질 정도다 신인균님 시원한 주장공감 신인규님 말씀이 옳습니다 감사합니다 짦은 소견 내란재판부는 위협용으로 1심선고를 보고 진행 나머지 사법부혁신은 빨리 처리해야합니다 신인규 참 똑똑하다 장성철 너무 말이 앞뒤안맞고 억지 스럽당 대통령은 지지율이 좋은데 민주당은 잊을만하면 사건이 터지는지 대통령 뒷받침 좀 잘합시다 나는 장성철에도 동의하는바가 많았었다 나는 중도라고 생각했었고 내란재판부도 반대였고 사법부에 대해도 너무 강력한 공격이 문제된다고 생각했다 하지만 날을 시간으로 계산하는 건 법을 만들어낸 것이였고 그건 재판장이 법을 만든 것이고 법 위에 있는 것이였다 솔직히 이재명이 재판 받으면 유죄가 나올거라 생각했었다 하지만 시간이 안되기 때문에 질질 끌다 대선에 나올거라고 몇 년 전에도 생각했었고 이는 틀리지 않았다 그러나 내가 틀렸던 것도 있었다 대법원이 대선개입 특별법원이 됐다는 것이였다 이는 정말 너무 명백한 죄였다고 본다 민주당 당대표에게만 특별히 빠르게 적용되는 법이라니 말이 되나 법원이 윤석열에게만 평등해야하다고 말이 되나 생각을 다시 해보니 그 정도의 문제는 또 있었다 계엄 다음날 조희대 대법원장을 정말 믿었었다 우리나라 사람 중 국회의원을 믿고 사법부를 불신하는 사람이 몇이나 됐었나 당연히 국회의원은 쓰레기다 법원을 제일 믿는 게 우리나라였다 조희대 대법원장은 카메라 앞에서 사법부는 계엄을 옹호할 수 없다 이런식으로 발표라도 할 거라 생각했다 그러나 전혀 안했고 이후에도 전혀 없었다 행정부의 위헌적 행위에 입법부는 행동했고 사법부는 침묵했었다 이제 생각해본다 판례는 매우 중요한 것이 아니였나 재판장이 법도 새로 만들어 쓰고 대법원은 선거에 개입하고 계엄에는 침묵한다 이젠 전혀 동의할 수 없다 사법부는 폭주중이다 그게 내 생각이다,0
QSHonpqumtA,시선집중 김민기 국회 사무총장이 말하는 내란의 밤 여름부터 계엄 의심돼 염두 훈련 했었다 김민기 국회 사무총장 251202 방송,김민기 사무총장님 감사합니다 당신이 있어 너무 다행이었습니다 감사합니다 정말 감사합니다 정말 정말 고맙습니다 국가의 중요한 인재가 있다는 사실이 너무 감사하고 시뮬레이션하고 사전 점검은 정말 국가를 위험에서 구해낸 중요한 키였다고 생각합니다 김민기 사무처장님 인터뷰 많이 기다렸는데 또다른 영웅 이시네요 우리가 뽑은 나랏일꾼님들 위기극북에 탁월한 능력으로 나라 구하심에 참으로 깊이 감사합니다 깊이 감사드립니다 그런 준비가 생각이 있었으니까 일사천리로 진행된거 라고 생각 합니다 감사합니다 김민기 국회 사무총장님 별명 지어드립니다 박사중에 최고의 박사 척척박사 나라를 구한 분들중의 일인되십니다 감사합니다 찐으로 우린 당신을 기억하고 당신을 존경합니다 국회 사무총장님께 훈장을 수여해야 합니다 계엄상황에 대하여 적절히 문건 등을 작성하여 무사히 계엄을 해제하도록 하였습니다 김민기 사무총장님 몰랐던 숨은영웅 이십니다 감사드립니다 진짜감사합니다 나도모르게눈물이나네요 김민기 국회사무총장님 국회의장님 고생하셨습니다 고맙습니다 참 다행입니다 감사합니다 우리도 그날따라 일찍자서 새벽에 일어나서야 알았네요 그날 의원 시민들이 자느라 몰랐으면 클날뻔 했네요 애국자 십니다 존경합니다 고맙습니다 너무 감사하신분 진짜 잘 하셨어 대단하신분이 계셨구나 하고 감탄 했습니다 김민기 사무총장님 꼭 기억하겠습니다 감사합니다 우원식 국회의장님과 더불어 경호팀 보좌관 비서진 민주당 조국혁신당 훌륭하신분들께 감사드립니다 내란의 밤을 막아주신 국회직원분들의 노고에 깊이 감사드립니다 김민기 사무총장님 감사합니다 김민기 사무총장님 진짜 숨은 영웅이십니다 김민기 사무총장님 국민들의 민주 대한민국을 지켜주셔서 진심으로 감사합니다 김민기 사무총장님 용인시민으로써 자랑스럽습니다 총장님 멋지다 대한민국을 살리셨군요 김민기사무총장님 정말 역사의 장에서 계엄이라는 중요지점을 막아내는데 커다란 공이 계셨네요 존경합니다 나라를 구한 분이십니다 우원식의장님과 김민기 사무총장님 아니였으면 어땠을까생각하면 끔찍하네요 절차를 지키며 차분히 하셨던 모습이 새삼 더 존경스럽네요 김민기 사무총장님 늘 감사합니다 김민기사무총장 듬직합니다 그때 그 눈빛은 잊을수가 없슴 대비가 되어서 모든것들이 작동했던거네요 우리지역구 국회의원이셨음 정말 감사감사 사무총장님 말씀을 들으면서 신뢰할 만한 분이 제 자리에 계시구나 마음이 놓이고 참 감사한 마음입니다 나라를 위기에서 지켜주셔서 감사합니다 응원하고 지지합니다 김민기 3선 의원님 응원합니다 곳곳에 숨어 계신 바른 한분들이 나라 구하셨습니다 국정감사때 조용하신데 강단이 있으신 바른분이란 생각을 했었던 분인데 22대 출마 양보하셨던 거 기억합니다 김민기 사무총장님 존경합니다 존경함니다 최고 진짜 무서운 사람들 계엄을 철저히 준비했네요 사무총장님의 연륜과 혜안덕에 오늘이 있는거였군요 감사드립니다 이 분이셨군요 감사합니다 대한민국 민주주의를 살리셨어요 지금 말씀 들어도 떨리네요 너무 감사합니다 군을 동원했고 장기집권 영구집권을 목적으로 한 12 3불법비상계엄은 반란 내란세력을 제외한 모든 상황과 사람들이 절묘하게 타이밍이 맞아 게엄해제가 된거군요 우리국민들 국회사무처장 직원분들 모두 감사합니다 김민기 사무총장님 대단하십니다 김민기의원님 기흥구에 있을때 투표 잘했다 뿌듯하네요 고생 많으셨습니다 와 이 인터뷰가 진짜 제대로다 김민기 사무총장 같은 분이 계셔서 더 신속하고 강력하게 내란범들을 막고 계엄해제를 할 수 있었습니다 이 공로 이 나라 5천만 국민의 이름으로 포상해 드렸으면 좋겠네요 김민기 사무총장님 고개숙여 감사드립니다 애국자십니다 너무 너무 감사합니다 김미기의원님 든든합니다 그날 현장에서 너무든든했어요 어제 화면에 또 보고 너무 카리스마 넘첬어요 감사합니다 항상 건강하시고 오래 우리들 지켜주세요 멋지십니다 숨은영웅입니다 나라에서 보상금 지급해야합니다 김민기사무총장님 의원때도 열심히 하신 거 기억합니다 의원 불출마선언 하실때 많이 아쉬웠는데 사무총장이 되셨다해서 반가웠더랬죠 12 3계엄날 국회를 지켜내는데 중요한 역할을 해주셔서 감사했습니다 앞으로도 나라를 위해 많은 일을 해주시길 기대합니다 늘 응원합니다 김민기 총장님 감사합니다 용인의 자랑이십니다 역시 눈빛이 살아있으셔요 숨은 영웅 감사드리고 존경합니다 김민기 사무총장님 양평 김건희 땅문제로 국정조사할때 처음으로 뵈었었는데 그때 각인 되었죠 넘 멋있어요 감사하고요 와 김민기 국회 사무총장님 너무 감사드리고 존경합니다 의미 있는 인터뷰 만들어 주심에도 감사합니다 각자에 자리에서 최선을다하신 분들이계서 오늘우리가 나름에일상을 보내지 싶습니다 고맙고 또고맙습니다 잘하셔습니다 김민기 사무총장님 저는 홍장원차장님 못잖게 김민기사무총장님 결연한 눈빛이 잊혀지지않습니다 저정도는 돼야 공인이시죠 너무 감사하고 존경스럽습니다 김민기 사무총장님 정말 감사합니다 김민기사무총장님 존경합니다 의원이실때도 멋지셨는데 불출마 선언하셔서 많이 서운했는데 사무총장님 임명 되셔서 박수치며 정말 기뻐했습니다 12 3 내란의밤 누가먼저 많이 국회에 도착하느냐의 싸움에서 시민이 이긴거다 이건은 단순히 빨리모여가 아니고 목숨걸고한거라는걸 알아야 됩니다 국가의 리더 결과로 보여주는 정치 용인사람 김민기 총장님이 그 기준입니다 멋지신 분 고생한 분들에 응당댓가를 주셔야죠 보너스등으로 정말 감사드립니다 두손모아 덕분에 오늘밤도 평안합니다 그날 동원된 군인들이 양심선언을 하면 좋겠네요 그 만큼 윤석열이 하는 짓이 수상 했다는 거지 하여튼 정상적인게 없는 넘을 대통으로 뽑은 우리 모두가 문제입니다 통렬히 반성합시다 숨은 영웅이 있었네 존경합니다 국회사무총자님 꼼꼼한 준비에 국민도 살고 나라도 살라고 든든합니다 미국의 정치가들 중에 장교 출신이 많은 이유를 이해하겠슴 우리 국회 사무총장이 지휘관 출신이었다는 것이 얼마나 다행이었나 고생하셨습니다 김민기총장님 너무 고맙습니다 국민으로서 늘 존경합니다 조용히 일하시는모습 지켜보는 국민으로서는 정말 든든합니다 김민기 사무총장님 굉장히 훌륭하신 분입니다 이재명 당대표 시절에 국회사총장 되셨죠 숨은영웅들 고맙습니다 출중능력 민주당에서 유일하게 3선이상은 스스로 물러나는 약속을 지킨 의원님이 김민기의원님과 안민석의원님이었음 수박이아닌 개혁의원이었고 우수의원이었음 김민기전의원님 지방선거 출마하세요 행정직한번 나오세요 새로운 질서로 재편되는 대전환의 시기를 지나면서 이제 새로운 포용적 개념의 G2는 한국과 미국이 될 것입니다 김민기 사무총장님 고개숙여 감사드립니다 애국자십니다 너무 너무 감사합니다 감사합니다 그날 사무총장님의 모습들은 영원히 기억될것입니다 이분 이 력보니 국회의원때 출석률 재석률 99프로이신분이시네요 국회에 말뚝이신분 영웅이시네요 하늘이 보우한 대한민국이네요 곳곳에서 계엄에 대응한 영웅들이 계셨네요 총장님 감사합니다 꾸벅 건강하십시요 김민기 사무총장님 경비과장을 훈련을 시켰어야죠 김민기 사무총장님이 이번 계엄내란 사태에서 나라를 살린 분 중 한분이네요 밤 늦은 시간이라 국회에서 계엄해제 신속하게 못하고 시간 질질끌며 대치했으면 새벽이나 아침경에 무슨일 벌어졌을지 모를일입니다 군인들도 황당함에 오래 머뭇거리기 어려웠을 뿐 아니라 윤석열쪽에서 총을 쏴대며 공작조를 투입했을수도 있으니 말입니다 일단 소수 공작조나 결사대가 총질을 시작하면 아비규환이 되어버렸을 것이니 말입니다 국회 진입을 막고 추경호가 국짐당 것들을 빼돌린 이유가 무엇이겠습니까 일단 국회를 완전히 장악하고 새벽녂에 혼란스러운 틈을 타 공작조를 투입하려 했을 것입니다 2차 3차 플랜B 플랜C가 없었겠나요 군 작전인데 숨은 영웅이십니다 진짜 영웅 김민기 총장님이 나라를 살렸습니다 감사합니다 기민기 국회 사무총장님 참으로 훌룡하신분이 씹니다 존경하고 감사드립니다 김민기사무총장님을 존경합니다 늘 지지하고 응원합니다 사무총장님 진심으로 고맙습니다 김용현이 한시간동안 있는 동안 국방부 협력단 내에 내란동조세력이 있다는거네 아 국토위인가 그때 야무지게 위트있게 현명하게 활동하셨던 의원님 이셨죠 감사합니다 나라를 구하신 분 김민기 사무총장님 감사합니다 졸라 멋있어 영웅이시다 감사합니다 참 그때 계엄실패하고 국회에 기어들어오겠다고 대환장쇼했던거 기억나네 용인 기흥구 신갈의자랑 김민기 사무총장님,0
LktonYKYHwo,FULL 대장동 토론 조국 12 3이 내란몰이 김영진 쿠팡 사태 우석진 김원장 251204 방송,빠른 사법 개혁을 바란다 문제를 일으킨 김남국인 이번 기회에 확실히 정리하고 가시는게 좋을 듯 합니다,0
xSmnsQPLfWU,윤한홍 권영진 주호영 배신자들의 말로 장동혁 칼 뽑았다 2025 12 9,배신자 41명 기억합시다 각자지역에서 공천탈락 운동합시다 절대로 공천줘서는 안됩니다 정리하라 배신자를 속아내야 합니다 철저히날려보내야한다 반란자들은 절대공천하면안됩니다,1
JHKrhePLXSw,한동훈 당게 사건 빼박 증거 드러나면서 치명타 한동훈 가족 명단 공개 전화번호 끝 4자리 동일 2025 12 9,저들이 내란 반국가 세력 이다 당장 퇴출 시켜라 모두 구속시켜라 없는죄 만들어 박대통령 감옥 보내는 놈 너 차례가 왔구나 배신자는 정치판에서 영원히 퇴출해야 합니다 뭔 할짓이 없어서 당게사건의 핵심은 패악질적인 뎃글을 썻다라는 점 뿐만이 아니라 사건 발생 이후에 한동훈이 당대표로서 사건은페를 시도한 점에 대해 책임을 물어서 반드시 제명처리를 해야한다,0
onmGkk4T-2s,주호영 충격 자폭 은 폭정 탄핵사유 충분 대구시장 하려고 이런 말까지 2025 12 8,주씨야 정신 차려라 인간이길 저벼렸군 저런것들은 정치아웃 시켜 버려야 함 저런 인간은 욕도 아까워 국힘당 징글징글 하다 다시는 저런넘을 뽑지말아야한다 선택권을 아예 주지말아야 한다 정치권에서 영구히 퇴출이 답이다 저런 인간이 있나 쯪쯪 국힘엔 배신자들이 득실득실 합니다 주호영과 같은놈들이 많으니 당지지율이 안올라요 주호영 또너냐 하나지나가면또하나본색들어내고 넌다음은없다각오해라,1
cnwJ944-I5Q,백해룡 X약 수사 외압 주장은 거짓말 검찰수사 드러나 2025 12 9,대한민국은 조작이 판을치고있네요 당장 파면하고 허위사실 유포죄로 수사하라 백해룡 천벌받아라 천벌받아라 천벌받아라 백해룡을 윤석열에 대한 허위사실 유포에 의한 명예훼손으로 고발하고 수사해서 처벌해야 한다 개판이다 개판이다 잡범 4범 구속 시켜라 제발 탄핵 해라,1
maB-1XArsbo,북한 부당판결죄와 같은 법왜곡죄 국민의힘 주진우 북한에서나 있는 법제를 가져와서 되겠나,자유대한민국서 독재공산당인민재판은 필요없다 자유민주주의 억압하는 가짜들 민주당 내로남불 내란청산해야 합니다 주진우 의원님 더더 힘내 주세요 고맙습니다 든든합니다 이죄명 민주당 탄핵하라 이적단체 내란당으로 처벌하라 주진우 의원님 응원합니다 제바루나라가 바로 가게 적극 힘써 주세요 기가 막히고 코가 차는 공산독재법이네요 맞는소리입니다 정말 대한민국이 대한공화국이 된것같애 어찌 될려고 주진우의원님 최고입니다 응원합니다 주진우 의원님 바른정치 응원합니다 힘내세요 화이팅입니다 다 때려치우고 좋겠다 국회의원중최고입니다 검사출신 국회의원의 정석 정의를 향한 눈빛이 살아 있는 분 좋아요 불법특검 해체하라 그리고 불법특검 수사하고 구속하라 주진우 의원님 똑 소리납니다 똑똑하고 현명한 나라일꾼 변함없이 지지합니다 주진우의원님 응원합니다 아무리 떠들어도 메아리일뿐 국힘 바른길로 세워라 딱 문형배와 찟의 무죄판결한 놈들이네,1
ZPL2hBKWU9U,국민의힘 중앙여성위 성명발표 2차 가해 장경태 즉각 국회의원직 사퇴하라 추하고 파렴치한 청년 정치인으로 몰락,사퇴하고 수사받아라 장경태는 의원직을 내려놓고 석고대죄 하라 장동혁 멋지다 올바른 정치인 나와네,1
HbrmxpWeOi0,김건희가 귀찮은 건진법사,제목 상단 내가 대통령 만들었어 김건희 옛 연인이 여기서 숨어있었다고 현장탐사 을 클릭하시면 본편을 시청하실 수 있습니다 얼마나 모지리면 지 머리로 만사를 판단하지 못하고 점과 무당에 의존할까 정말로 주술에 미친정부네 근데 윤어게인하는 인간들은 생각이 있는거야 건진역활이 최순실역활이네 대리로 나라운영했네 능력도 안되는것들이 권력이라는걸 잡으니 천지구분도 못하고 한심한 무속에 빠짐 모든걸 주술 지은죄가 많으니 항상 불안했나보네 지가 무당이라며 한직에있던놈 문재인을통해 중앙지검장 검찰총장에 앉혀놓았구먼 불 은 불로꺼야 그런생각을했겠지 그래서 어떤곳에서 동시다발로 불난게생각나네 제2의 박근혜 였어 건진이 순실이 이었네 열린공감TV 쿠팡 플레이 신 명 영화에 김건희 정체성 스토리가 다 까발려 졌다 12 3내란은 현시대에 왜 일어났는지 왜 국민은 또 한겨울에 길거리에서 윤서열의 탄핵을 외쳤는가 아직도 국민은 모른다 기록해야 한다 우리 아이들을 위해서요 스토커네,0
nzXovU5q6r8,10분 컷 아찔했던 12 3 비상계엄 타임라인을 정밀 분석하다 2025년 방송,대선때 기차 앞좌석에 구두발 올릴때부터 비상식적인 인간으로 생각했다 다시는 이런 인간이 지도자급에 못 오르도록 대한민국의 정치적 발전이 이뤄지기를 그날 국회로 달려가 주신 모든 분들 국회에 계셨던 모든 분들 감사합니다 내란 가담자들 전부 처벌하라 이날 생방송으로 보는데 헬기뜨고 국회 단전시켜서 계엄해제 불발로 갈까봐 진짜 조마조마했다 계엄의 밤 국회로 달려간 국민들 설령 내가 잡혀가더라도 여기서 내 삶을 내려놓더라도 나라를 지켜야 겠다는 그 마음에 감사드립니다 정말 아찔했다 제대로 내란세력 척결하고 제대로 처벌해야한다 내란죄에 사면없다는걸 꼭 이번 기회에 일벌백계로 보여줘야 합니다 맨날 중국이 쿠데타 난나고 하더만 한국이 내란이 일어날거라고 누가 생각했냐 아찔하네요 저런 멍청한 놈 때문에 암흑기로 갈뻔 했네요 아찔아찔 하네요 정말 그 곳에 있었던 모든 분들께 정말 정말 정 말 감사 하고 또 감사합니다 아직도 가슴 떨린다 저기에 못간 것에 죄스럽습니다 정말 소름끼치고 끔찍하다 어떻게 저런 사람을 뽑았을까 정말 개탄스럽다 다시는 이런일이 없기를 그리고 아직도 재판중이지만 정말 엄벌에 처하길 그러고도 살겟다고 법정에 들어앉아 께끼는게 진짜 너무 보기좋습니다 등골이 서늘한 느낌이 듭니다 지금보니 모든 순간이 참 아슬하고 기적같았네요 온몸으로 막아주신 분들께 깊이감사드립니다 불법 비상계엄 엄벌 다시 보고 또 보고 또 봐서 되새김질 해야겠어요 눈물나네요 정말 잘 만든 프로 이번편 너무 좋았습니다 진짜 끔찍했던 밤 사형을 구형해야 한다 종신형도 아깝다 봐도봐도 심장떨려요 다시는못하게 사형집행했음 좋겠음 반세기 남짓한 기간동안에 계엄이 도대체 몇 번이 일어나는거니 얼마나 대한민국에 시스템이 우스우면 이랬겠어 이번엔 반드시 철저하게 정리해야 된다 사형제도가 사실상 폐지된 거 아는데 본보기로 이번만큼은 사형 시켜야 함 간떨려서못보겠어요 끔찍합니다 지금 생각해도 아찔하다 하늘이 도운것이다 보좌관님들 시민분들 감사합니다 이날 몰랐던 영웅님들 너무 많습니다 모두 감사 드립니다 1년전 오늘이 생생하다 헬스장 갔다 왔는데 계엄선포 아빠 계엄령 선포 했다는데 담배피다 들어와서 가짜뉴스 보면 안돼 했던 그 대화까지 다 기억남 저런 자가 한 나라의 대통령이었다는게 지금도 너무나 소름끼친다 다시는 저런 인간과 같은 자들이 정치에 발 붙이지 못하게 막아야한다 그 와중에 취재진들 뒤로 빠지라고 다친다고 말하는 국회 사람들 누굴 걱정해요 거기 다쳐도 될 사람은 없는데 국회 보좌관님들 인간 방패막이 되었었네요 총알받이 될 각오로 지금이야 되새기며 보는거지만 정말 감사합니다 10 53 눈물나네 정말 감사합니다 이날 진짜 수많은 영웅들이 막았다 저 날 단 한발이라도 총이 발사됐다면 누군가의 목숨이 사라졌다면 그 피의 죄값을 어찌 갚으려고 쿠데타를 벌였느냐 이승만때부터 쿠테타를이어온 내란당이다 경제혼란등 민생바닥등 나라가 고통속 계엄은 비생산적 극단적 삶 국민고통 병력 투입이 많아지면 정보가 새어나가니 소수 정예 특수부대들로 국회만 장악하려 했지만 시민들의 살신성인과 스마트폰 수천 대의 실시간 중계로 실패 스크럼 하 미스타 션샤인 이랑 똑 같다 15 45 사형선고 되면 저래 또 웃을까 궁금하다 윤석열은 끝난게 아님 국힘당 정치인 중에 유승민 같은 극소수의 정상인도 있지만 10명 중 9명은 대부분 윤석열 1호 2호 3호 N호가 나열되있음 심지어 길거리에 똥을 싸도 지지율 40 가 나옴 대한민국 투표 참가율 70 중에 40 라는것은 거의 1500만명은 군사독재 회귀를 바라고 있다는 말임 민주주의 국가 같지만 언제든지 군사독재 시절로 돌아갈지도 모르는 부실한 민주주의 국가 정말 지금봐도 찡합니다 너무 고맙습니다 윤석열과 함께 계엄을 계획하고 추진했고 보고 듣고도 말리지 않았던 국무의원들을 포함한 청와대 관계자들 그리고 당시 여당이었던 국힘당 의원들을 절대 최고형으로 엄벌하지 않으면 다시 반복되고 국론을 분열시킵니다 그걸우리는 지금도 똑똑히 보고 있음이 참담합니다 절대 엄벌 해야됩니다 저 입벌구 진짜 나라 동남아처럼 될뻔함 진짜 아직도 하 빨리가라 내란전담재판부 해야 겠구만 작년은 진짜 추운 겨울이었음 너무 다행임 저 상황에서 추경호가 한 역할을 보면 너무나 끔찍한데 법원은 구속을 기각시키다니 분노가 끓어 오릅니다 국가전복될뻔한 일이었다 지방에 사는 사람으로 국회로 달려가지는 못했지만 뉴스 생중계를 보며 비상계엄이 해제되는 순간까지 가슴을 졸여야 했다 과거에도 한사람의 욕심으로 수많은 시민들이 고통을 받아야 했다 국민들을 전쟁위기로 몰아가고 안전과 자유민주주의를 훼손시킨 내란수괴와 내란동조자들은 반드시 반드시 엄벌에 다스려야 한다 자세히 나온 내용보고도 윤석열이 잘했다고 옹호 하는것들은 대체 가리에 머가 든걸까 국회질서유지를 왜 공수부대가 하는가 국회경비대도 있고 경찰서 경찰관들도 있는데 저 샤키 낯짝 뻔뻔 아으 속터져 윤석열 끝까지 남에게 떠넘기기 이야 대단하다 쟤는 무기징역도 아깝고 30여년만에 사형 집행해야 한다고 봄 다시 생각해봐도 천운이다 그날 기억한다 혼란이였고 지방이라 아무것도 할수가없었다 내가말하고싶은건 옹호하는분들은 어떤생각이신가요 90년생이고 저희엄마는 518을 격었어요 광부로시함보러 갔다가 최류탄도경험있구요 겨우겨우 학생버스라고해서 순천으로 다행이 와서 살아계십니다 저 사악한 인간을 우리가 대통령 이라고 불렀습니다 그럼 저 인간을 탓해야 할까요 우리 모두의 잘못 입니다 내란범에게 사형 집행으로 좋은 선례를 남기자 국회에서 싸워주신 국민들 진심으로 감사드립니다 사형시켜 제발 지멋대로 다 해쳐먹을려고 민주주의 한국을 군사 독재화 시킨 내란수괴 전두환이랑 그 잔당들을 단죄하지 않은 과거가 윤건희라는 희대 범죄자를 또 만드거잖아 정치인들아 언제까지 드러운 역사 반복할꺼냐 제발 이번에는 단죄좀 시켜라 피곤해서 못살겠다 엄벌 하지 않으면 또다시 반복 된다 광주에서 그렇게 사람많이 죽인 전두환도 7년이상 할 생각을 못했는데 21세기에 수십년 정권을 얘기하다니 미친거 맞습니다 정상적인 사고방식에서 안드로메다만큼 이탈한 그 무엇이에요 인간이라는 말은 전혀 어울리지 않기 때문에 못쓰겠습니다 네이버 지식인 항일유격대장 은 수년전부터 극우와 그들이 장악한 한국군이 북을 도발하고 북이 대응한다고 계속말했다가 계엄 1년 반 전부터 서울경찰청 안보팀 서울지검 이한종 서울지법 하진우를 이용해 가두고 묵살시켰고 반국가 세력으로 계엄이후에 선고하려했지 만약 이 분 말만 들었어도 다른 계엄 예측자들 말만 들었어도 충분히 막을수 있었음 저것도 대통령이라구 윤석열 국짐당 니들이 저래 나라를 말아 먹었찌 나쁜놈들이네 국짐당 해체만이 답이다 생각할수록 윤건희 괴씸하고 용서할수 없다 국민은 바보라고하던 윤건희와 동조세력 모조리 죄값 받아야 한다 1년이 지나고 재판중인데도 아직도 뭐 때문에 계엄한건지 알 수 가 없네 아직도 비정상적인 사고를 하시는 분들이 많은 것 같아요 종교의 성격인지 돈과 관련된 것인지 세뇌란 정말 무서운거죠 자기 부정을 못하는 거에요 교육이 이렇게 무섭습니다 최근 사고친 사람들 보시면 공통점이 있어요 어렷을 때부터 혼나본 경험이 없는 사람들 자신의 잘못을 지적 당해보지 못한 사람들 그러니 누가 너 잘못했어 라고 해도 믿지 못해요 그렇게 살아왔고 무의식적으로 굳어버린 사고가 생긴거죠 참고로 지금 학교 교육은 앞으로 잘못을 저질러 놓고도 혼나보지 못한 아이들을 어른으로 만들어내고 있어요 그러니 앞으로도 이 사회는 더욱 시끄러워질거에요 자신의 행동이 잘못되었음을 반성해보는 경험이 없는 어른들이 많아진 사회 개인화된 시간 소비로 소통의 어려움을 더욱 뚜렷해질 것이고 공감 을 하지 못하는 사람이 늘면서 더욱 이기적인 사회로 갈 거에요 나만 잘 살면 된다 라는 의식이 매우 강해질 거에요 근데 부는 더더욱 소수에게 밀집될 것이고 그들이 올바른 사고로 세금을 제대로 내지 않는다면 이 사회는 무너질 수밖에 없어요 이번 계엄 사태는 미래에 우리가 겪을 일을 직간접적으로 잘 경험했다고 생각합니다 검찰요 위에서 언급한 대로 그들은 잘못을 해도 지적 당하지 않아요 항상 남을 지적하는 일만 수년 수십년을 해 온 사람들이죠 그러니 사고가 그쪽으로 굳을 수밖에 없어요 그래도 저는 대한민국이 좋습니다 우리의 민족성을 믿어요 대부분의 국민들은 뛰어나고 위기를 극복하는 유전자가 깊이 박혀 있어요 그냥 교육일을 하는 사람으로 주저리 주저리 해 보았습니다 용산 집무실에도 군인장병들이 군복무를 하고 있을텐데 어떤 심정이었을지 아마 부대 내 통신 끊고 대기타고 있었을지 국방부에서 복무했던지라 한편으로는 참담하게 느껴지네요 사형 집행해라 자세한 현장영상은 처음 보는 것들도 있는데 계엄군이 생각보다 강하게 밀고 들어왔네요 헌정질서를 유린하고 국민의 자유와 안전을 짓밟은 불법계엄 내란은 대한민국의 근간을 흔든 국가적 대죄입니다 이런 중대 범죄의 주범과 가담 세력은 법이 허용하는 최상한의 책임을 반드시 물어야 합니다 단 한 치의 관용도 허용해서는 안 됩니다 이번에 제대로 나치 처벌하듯 처벌하지 못하면 그들은 또다시 헌정을 뒤흔들 것이고 그때 대한민국은 더 큰 혼란과 파국을 맞게 될 것입니다 윤 민주주의 적 지당한 말씀입니딘 김현태 그누마는 어디갔지 맞습니다 이번엔 명확하게 합시다 엄벌을내려줘야지 군인들이 폭행을 안해 영상에 다 나오는구만 형법이나 군형법으로 다 처벌해야 함 국회 전원이 내려갔다면 계엄은 성공했다 707 특전대 전 세계가보는데 계엄은 왜했어 너무 다시봐도 너무 무섭고 감사합니다 정말 대한민국의 역사에 다시 있어서는 안될 흉물이었다 그 흉물은 역사에 남을 괴물같은 짓거리를 벌였다 그리고 그 내란에 어떤 방식으로던지 참여 했던 자들에 대해서는 싹다 법적 책임을 엄중하게 물어야 한다 혹은 이렇게 말할수도 있다 칼을 휘두른 사람에게 죄가 있는 것이지 칼에는 죄가 없다고 말이다 그렇지 않다 악인에게 사용되 끔직한 범죄에 사용된 칼은 역사적으로 평가되고 이름지어지며 차후 적당한 처분을 받는다 롱기누스의 창 히틀러의 권총 연쇄살인마들의 유품들이 그렇다 자유의지가 없는 사물에 대해서도 그렇게 하는데 하물며 저 내란에 참여한 자들은 자유의지를 가지고 있는 인간들이었다 저들에 대해서는 엄정하게 어떤 행동을 했는 가에 대한 완전한 조사를 통해 철저한 책임을 물려야 하는 것이다 비겁하고 비열한 윤석열에게 탐하지 말아야할 권력을 탐해서 벌어진 너의 자충수를 원망마라 공과사 구분 못하고 흥청망청 술로 망가진 너의 인생을 원망마라 수신제가도 못하는 주제에 가오잡다 인생망친 너의 근본을 원망마라 군 통수권자로는 믿기지 않는 수준낮은 언어는 너의 본심이다 재판받으면서도 거짓말을 일삼는것은 너의 본성이다 나라를 이꼴로 만들어 놓고도 반성이 없는 널 보며 불쌍하다는 생각이 들어서 몇글자 남긴다 이렇게 해놓고 마치 애초 2시간짜리 계엄을 기획했던 것처럼 거짓말하는 교활한 윤석렬 5283 무지개운수 김도기 데려와야하나 윤석열 참교육시키자 12 3대구내란이지 우리 나라 잘 되자 진짜 윤석열은 대한민국이 존재하는 한 영원히 기억해야할 놈이다 마지막 웃는 흑백 화면 정말 토악질 나올 정도록 더럽고 추악하고 악의 화신 사탄의 얼굴같다 으악 꿈에 나올까 무섭다 진짜 나쁜 놈인지는 알았지만 저정도로 악하고 무식하고 또라이일지는 상상도 못했다 상상이상이었다 저런 자를 뽑은 자들 진짜 평생 살면서 반성해라 나라를 위해 다른 좋은 일 하면서 그 잘못을 상쇄하라 지금봐도 떨리고 눈물난다 제2의 박정희 제2의 전두환 나올뻔 했다 이준석 인타뷰 없어서 좋앗다 시끄러임마 그 컷이 잇엇음 좋앗겟지만 내란범죄집단 반국가세력 국짐당과 검찰을 해체하고 수사하라 당선무효임 한학자 김거니 임세령 내란죄 수사하라 저때 내란 성공했다면 1년간 수십만명이 죽었을것이다 경제는 급속히 무너졌고 지금쯤 중진국 수준으로 떨어지고 돈있는 사람들은 다 이민가고 기업들도 해외로 나가고 부동산 뛰고 빈부격차 커지고 개판이 되었겠지 군인들이 쫙 깔리고 국짐당 의원들이 전국 지자체장 다 차지하고 민주당 의원 1 3은 시체도 못찾았을거다 댓글 상테 왜이러나 했는데 mbc라는걸 보는 순간 이해함,0
gV8fcBwHMME,스피디 sPeeD 수첩 비상계엄 해제 요구 결의안이 가결되기까지의 위기,내란에 동조하겠다는 경찰 조사해서 법으로 처벌해라 끔찍한 내란외환 그 죄를 피눈물을 흘리도록 엄벌해야 합니다 지금봐도 간이 오그라집니다 정말 저기 국회에 있던 국민들을 다시 만나게 해주세요 그리고 그분들 이름 한자 한자를 3 1운동을 했던 애국자들과 같이 어딘가에 적어서 기록해 주셨으면 합니다 대단한 국민들이십니다 결과알고 지금봐도 살떨린다 독일은 나치 청산 시스템을 갖추는데 80년이 걸렸다고 합니다 우리도 내란 뿌리 뽑을때까지 지치면 안됩니다 아 눈물 난다 국회 직원들 보좌관들 그리고 시민들 지켜주셔서 감사합니다 정말 80년대냐 이건 나라가 아니라 개판이다 지금봐도 그때 상황보면 피말렸을 위급한걸 여실히 보여주는 모습 내란당 해산시켜야함 언제나 이런 위험이 있는 상태로 살수 없다 내란범과 부역자와 옹호자와 지켜주는 법조인들까지 다 잡아들여라 국민을 죽이는자들이다 진짜 총선 져서 국힘당의원들이 다수였으면 끔찍하다 그날 추운 새벽 죽을수도 있는데도 국회로 가주신 모든 시민들께 진심으로 감사드립니다 서울대 졸업했다고 다 똑똑한게 아니라는게 증명된것 같다 진짜 큰일날 뻔했다 존나 무섭네 의구심이 들 땐 생각하지 말고 그냥 민주주의를 위하여 라고 외치며 여러분의 문제에 무작정 달려드십시오 보좌진 여러분 정말 감사합니다 저기 있던 시민들의 심정이 어땧을까 보고또봐도 가슴 아프고 고맙다 이상현 국조에서 억울하다고 울더니 다 연기였네 그러면서 부하들 걱정하는척 철면피 그때 달려와서 계엄군 막아준 시민들 정말 감사합니다 진짜 100번을 찢어죽여도 분이 안풀리는것들때문에 아직도 분노합니다 생각하면생각할수록끔찍하다 아니 2024년에 무슨 비상계엄이야 진짜 지난 3년간 나라 개판이었다 계엄으로 인해 누가 다쳤냐는 사람들에게 묻고 싶다 너희는 내란실패가 아쉽겠지만 대다수 국민은 정신적으로 심각한 외상을 입었다 우리 사회 시스템이 지금이라도 무너질 수 있다는 불안과 공포를 대다수 국민이 갖게 된 것 이보다 더 큰 붕괴가 어딨나 우리는 국회 버스로 들어가 버스에만 대기했다 1공수중사 내란 반란 외환 죄 사면복권은 절대로 하면 안 된다 그래야만 나라가 바로선다 여러분 아직 끝난게 아닙니다 내란에 동조한 인간들 끝까지 다 잡아다 처벌하고 다시는 이런일이 없도록 뿌리뽑아야 합니다 저런 상황에서도 긴급회의 열고 계엄사령부에 판사 파견 논의했던 조희대 일당 조선일보 에 법원관계자라면서 기사 올린 기자들 찾아서 수사해야 한다 아직도 사법부가 내란 단죄를 막고 있다 눈물 납니다 지귀연과 조희대가 내란재판 개판으로 하는게 너무 화가난다 내란당 해산시킵시다 언제 다시 이런 일을 벌일지 몰라요 진짜 끔찍했다 화가 난다 화 가 난 다 지금 4일이 지난게 아니라 1년 4일이 지났는데 내란 척결 한게 머가 있는가 진짜 무슨 국회에 군인이 교과서에서나 보던 장면을 경험할 줄 몰랐다 계엄 해제 투표를 안하고 내란 옹호한 내란당 해산해라 계엄 성공했다면 대한민국은 북한 캄보디아처럼 독재국가로 될 뻔 했다 진짜 끔찍하네 지금또 봐도 눈물이 나네요 이상현은 눈물 짜면서 항명했다던 사람 아냐 동조 제대로 했네 구라였네 김현태랑 똑같은넘 이었네 어우 군복입은 사기꾼 왜이리 많냐 내란수괴 힘당 국짐당 국힘당 대표 장동혁씨 보고있냐 해산해라 최대한 군인들 자극 안하면서 막은 시민분들 한테고 고맙고 거기에 까칠하게 대응안한 현장에 군인들한테도 고맙고 아무리 봐도 이 건 진짜 운이 좋았다 저기서 누가 한명이라도 돌발행동을 했으면 다 될뻔 했음 군인들이 적극적이지 않아서 천만다행 까라면 까는게 군인이라 어쩔수없이 국회로 온것뿐 707특임대가 적극적으로 국회의원들 체포하려 마음 먹었다면 못막음 국힘 극우 사이비 리박 내란 판검사 펨일베 해체 해야 하는건 이것 만으로 충분한 증거 추경호 우원식 의장님 우리도 들어갈테니 30분만 더 기다려 주세요 추경호 우리는 당사로 아니 국회로 아니 당사로 우원식 국회로 오는거 아니었어 왜 기다리라고 한거지 국힘당 내란동조범들 같은 국회의원을 다시는 뽑지 말아야지 나라를 말아먹을 놈들이 아닌가 지들 비리를 덮으려 계험 해제 방해 윤석열 탄해 방해를 했던 국힘 내란공범들은 반드시 국민심판 통해 저 매국노 놈들이 다시는 이땅에서 발붙이고 살지 못하도록 해야지 저 사악한 놈들은 또다시 내란을 홱책할 놈들임에 틀림없것이다 이자들은 방조범이요 동조범이요 공범이임에 틀림없음을 영상을 통해 더 명확해진다고 본다 군경이 소극적으로 임무를 수행했다는 말에 동의할 수가 없음 저게 정말 소극적인 거였다고 서울 시민분들이 나라를 구했습니다 잠깐잠깐봤을때는 몰랐는데 이렇게보니 시민분들 너무대단하고 존경스럽네요 내란 성공했으면 우리나라북한될뻔 너무무섭네요 생각보다 더 긴박했네 무섭다 진짜 고맙습니다 진짜 죽음을 무릎쓴 보좌관님들과 시민영웅님들 고맙습니다 매년 선거때마다 이거 틀어주면 국힘들은 이제 영영 집권 못하겠다 내란에 동조하겠습니다 라고 말한 경찰간부 그놈 누구야 민주당 조구혁신당 보좌진 정말 고생 많았다 518때 공수부대 앞에 있어봐서 그 마음 그 공포 진실로 감사 합니다 여전히 그 날이 선명하다 이상현 이인간 눈물 질질짜더니 뭐 의원들을 끄집어내 하 참 내란을 막은 잼통과 민주당 총선 압도적 승리로 잼통 연임 꼭 이룹시다 보면 볼수록 군인들 의도적으로 태업해서 일부러 계엄막았다 이 소리 못하겠음 명백히 적극적 동참한 군인들도 있음 찾아서 처벌해야함 추경호 애초에 오지도 않을 거면서 1시에 시작하라고 했다고 알면 알 수로 혐오만 쌓이네 실패한 윤썩열의 계엄이 어제 같은데 그때 저항했던 시민들과 국회보좌진들의 피땀을 오늘 다시 보게되니 마음이 울컥해납니다 내란동조 뱉은 경찰은 어떻게 되었나 당시 국회를 봉쇄한 경찰 칩입한 군인들 다 처벌 해야 한다 이건 역적질이다 이에 동조한 경찰 군인들 다 처벌 해야 한다 얼마나 가슴아픈 사실인지요 나라와 국민을 지켜야 할 군대와 무고한 시민들과의 처절한 사투 영상을 보는 것 만으로도 제 단전이 조여오는데 경찰들 시민들 국회의원들은 막으면서 군인은 안막는거봐 진짜 경찰이 더 나쁜거 같음 투표안하던 국민의힘 잊지않을것이다 내란에 동조하겠다 발언했던 경찰 지휘관 찾아내야하지 않나 지금보면 경찰쪽 내란 동조자들은 안 보이던데 내란당 이번엔 꼭 해체시키자 이나라의 모든 독재자와 내란범을 배출한것들 그만 좀 보자 진짜 너무 위험했다 윤석열 진짜 나쁜 놈 특전사 1공수 반란 전문 부대 해체해야 한다 추경호가 정말 나쁜 사람 707해체 김용현 변호인 국회를 막은 시민들은 폭도다 군인을 폭행한 시민은 폭도다 너무 슬퍼요 2025년에 이런 일이 있었다는 사실이 신기하게 쿠팡에 대해서는 그 어느 언론사 하나 제대로 비판 안함 겸공은 물론 매불쇼까지 피디 수첩은 기대도 안하고 쿠팡이 돈이 많긴 많구나 검찰 부터 좌측 언론까지 전부 모조리 포섭했네 나베는 신호등 건넜잖아,0
DtGlq3BVt7s,흑백 논리 진영 논리 벗어나야 국민통합 가능해 인요한 국회의원 사퇴 기자회견 국민의힘 인요한 국민통합,에라이 끈떨어지니까 잘 생각했다 사퇴해라 입으로 헌신같은 소리하지말고 이제라도 바로 잡아야죠 이상한 놈 하나 꺼져 주는구나 아이고 잘혔다 얼른 떠나거라 인요한 너는 이미 권력을 탐하는 행보로 너희 가문의 명예를 더럽혔다 하늘에 계신신 나의 선조들이 통탄하고 계실 것이다 그동안 국회의원으로 세금 받으며 국민 국가를 위해 무슨일을 했을꼬 본업도 내려놔 잘 하셨어요 더러운 물에서 빠져나오신게 천만다행입니다 잘하셨어요 국힘은 좀 본받아서 사퇴들 하세요 그나이 먹어서 아직도 윤가와 그 일당 국짐들 실체를 모르고 있는거야 에라이 얘 비례대표 아녀 내려놓으면 다른놈이 할려고 당지도부에서 쫒아내는건가 그냥 미국에 가라 쓸대없이 국민세금 기웃거리지말고 윤석열때 장관직은 무슨맘으로 뛰어들었노야 가 단물 다 빠졌지 도망가냐 얘도 구속 시켜라 잘가시오 늦었지만 그래도 현명한 선택을 했네요 이번일을 계기로 반성과 자아성찰을 하시길 나는 저분이 조금이라도 민주라는 단어에 관심이 있는 줄 알았음 민주와 정의 공정 인요한 님 국암당은 아니지 않나요 당신이 뭔가 좀 깨달은게 있어어인가 박근혜나 윤석열같은 인간을 따라다니며 당신의 선조들의 헌신에 똥칠한 과오는 진심으로 반성해야 할듯 빨리 빨리 사퇴 해라 죄가 있으니 조사 받아라,0
o0UedFdicts,감치 명령 소리에 변호인들 사시나무 떨듯이 공포에 질려,귀찮아서 증언거부 역사에 남겠네 빨리 구치소에 잡아넣어라 알겠고 감치 결정난 변돌이 두 놈은 빨리 집행해서 구치소에 처 넣어야지 지귀연 참 행사 진행자도 아니고 스스로 사법부의 권위를 이리 떨어뜨리나 감치합니다 감치 그냥 딱한마디로 내란변호는 정상적인 논리를 가진사람은 절대못하지 개조가튼 재판 아사리판 재판 이게 내란 재판 맞나 보면볼수록 혈압 오흔다 사과한다고 될 일이냐 감치 명령 잘 받을시길 법정 분위기 좋은데 이왕이면 앞에 치맥도 놓고 진행하면 분위기 더 좋아지지 않을까 반상회안가요 이게 재판이냐 시골장터 흥정이냐 진짜 판사수준 너므한거 아니냐 이하상은 목소리도 하극상이다 아니 재네들 왜 계속 법정에 나오는데 판사가 감치땔렸음 구치소 겨드러거야되는거 아냐 사시나무 쳐 말하는게 소름이돋네 저딴 모지리들을 변호인으로 쓰는 김용현도 참 유유상종이라 저판이 개판 국민들이 티브이로 다 봤는대 니들이 사시나무뜰듯이 떨어 지금 내란재판이다 내란재판 국가가 전복될뻔한 사건이다 이재판을 보고 법원의 개혁이 왜필요한지 증명하고있다 지귀여니는 왜이렇게 쳐웃으면서 진행하냐 지금 내란재판이 장난이냐 웃음이 나오냐 에혀 곧 쟤네들 지귀연도 욕할 꺼다,0
obmMhxwdcmc,생선 잡뼈 훔쳐 손님에 제공 여사장 몰상식 요리법 충격,중국 소세지에서 이빨 나왔는데 중국 사람들 정말로 으악 그만좀 해라 또 중국했구먼 뉴스를 도배하는 중국인들 지긋 지긋하다 사람 입에 들어가는 음식으로 장난치면 천벌 받습니다 중국인이다 짜이밍이 충성하는 나라 꿈꾸는나라,1
o19GqTLt8h4,발언 듣던 지귀연 법관을 뭘로 보고 김용현 내란 재판에서 무슨 일,재판장 사회 잘보네 가족오락관 같아 분이기 좋네 뭐 꼭 재판이 이런 시트콤일줄은 전혀 몰랐다 이게 진짜 그 신구씨가 나왔던 그 시트콤 같어 대단하다 재판관이 피고인변호사측에 용서를 구합니다 라고 하네 역겹다 내란죄 재판인데 이게 뭔하는건지 전혀 진지하지 않은 판사의 태도에 화가 많이 난다 뭐냐 서로 반성하는 시간임 내란 재판이 아주 훈훈하네 실제 내란재판이냐 웃음이 오가고 재판관이 피의자한테 죄송합니다 라고 하는게 기가차고 코가막힐일이다 변호사 판사 똑같아 살다살다 이런재판 첨본다 미처다 이런게 재판이라고 니가 판사가 말을 그리 구구절절하니 저것들이 그러지 에구 참 정말 세상이 기가 막히다 참 화기애애하네 변호사 한테 지적 받는 재판장이라니 진짜 화기애애하네 변호사가 혼냈단다 교육을 시켰단다 이 조직 뭐지 재판이 아니라 개판이네 이 장면이 널리 공유되길 눈을뜨고 볼수가없네 재판장이 난장판 화기애애하네 저러는데 재판이 제대로 진행될 수가 있는건가 희한한 장면이다 뭐하냐 어이없네 진짜 무슨 가정 법원 가족사건 합의 조정하는 것 같으네 도대체 뭔 재판을 하려는지 한심하네 이러니까 내란전담재판부가 꼭 필요한겁니다 동네 마을회관에서 친목모임하는 거 같넼 귀찮아서 라는 말이 아무 생각없이 나올 말이냐 그건 꼭 해야지 하고 말하는 단어다 와 정말 저게 내란형사 재판 맞어 장난해 일반형사재판도 이렇게 안한다 이재판이 얼마나 엄중한재판인데국민들 다보고 있는데 이렇게 분노를키우네 제가 지금 뭘보고있는거죠 내란재판보러왔는데 여기가 아닌가보네요 이하상이랑 저 안경쟁이 아직도 감치 안하냐 이나라 법이 있긴하냐 두변호사 언제 감치하나요 그리고 변호사 협회는 뭐하고 있나요 법정에서 검찰측에 꼼수라니 참 저런게 변호사라니 감치도 부족하다 볼때마다 당황스럽네 토론하냐 지귀연 니가 독립운운 하냐 형사소송법 까지 어겨가며 내란수괴 탈옥시킨 판사놈이 웃기네 재판이 아니고 개판이구나 언제부터 변호사가 피고인을 교육시켜 저들은 나라의 역적들이고 역적질에 대한 재판이 무슨 경범죄 재판 수준이군요 기가 막힐 따름 입니다 아아알겠습니다 무슨 레크레이션 하나 내란 재판 분위기가 아주 즐겁고 화기애애하네 진짜 아 내란 재판입니다 이게 뭔가 아 속이 답답해서 넘어올것 같다 지귀연을 보니 앞으로 판사를 판사라 부르지 말고 법기사 라고 칭해야 한다 법기사 조희대 법기사 천대엽 법기사 지귀연 뭘 용서 아 한심하다 변호사가 교육을 시켰구나 법관은 공안정권에 하수인들 아니였나 재판이 무섭고 엄중하게 진행되는줄 알았는데 진짜 별거 아니란건 볼때마다 배운다 내란 재판 참 잘 돌아간다 시트콤이네 화기애애하네 참 분위기 좋내 요 자유로운 토론 학습분위기 말장난 난리 재판장이 중심을 못잡으니 아사리 재판 천년만년가겠네 법정이 저렇게 화기애애한 곳이었군요 얼씨구 절씨구 지귀연 너무 가벼워 저런 인간이 어덯게 판사 자리에 앉아있지 대한민국 법정도 썩을때로 썩었네 아 주 화기애애 하네 헐 법관을 뭘로 보고 이 법정에서는 호구로 본다 혼내고 교육시켰다네 4 악마들이네 여론이 안좋으니 태도가 싹 변했네 사랑과 전쟁 법정이냐 재판관말끝나기도전에 잘라먹는클라스 그걸 보고 좋다고 웃는 어이들 없네 저게 역적넘들을 재판하는 내란재판 맞냐 기가 차는구나 1 지귀연 재판장이 변호인에게 용서를 구합니다 대한민국 법정에서 이런일이 다 법과원칙이 말똥에 얼굴을 쳐박는 날이로구나 2 변호사가 재판장 한테 협력해줘라 기막힐 노릇이다 재판장내려 놓고 사회자가 되는게 대한민국 법치가 어쩌다가 이리됐을까 3 대한민국에서 법과윈칙을 늘 강조하던 판사들인데 그런데 재판장 망신이라는것도 모르는 재판장이다 으악 한숨만 나온다 내란재판이 장난이냐 재판이 그냥 뭐 친목모임이구만 지귀연 이 인간 정말 얼른 수사하고 재판에서 배제시켜야 한다 엄중하고 무거운 분위기로 이루어져야할 내란 재판을 하는 법정을 운영하는 판사의 행동이 과연 정상적인가 내란전담재판만이 답이다 뭐야 재판이 반상회냐 기가막히네 다과회 모임 이런 재판에 화기애애하네 친목회냐 범죄자가웃으면서있는 어이없는상황 그러니까 한마디 한마디 조심 해야지 다들 재정신들이 아니네요 우리나라 사법부의 수준이 이정도라니 한심하네요 재판 참잘한다 변호인 피고인 요청 하는거는 겁나게 잘들어줘 법관이 아니라 귀연이가 물로보이니까 아이고 훈훈하다 이 자식들아 한심하다 한심해 법정이 무지 화기애애 하네요 일반 법정도 저런가요 아저씨들 커피숍에 수다 떨러 오신가 같음 니가 그렇게 지금까지 재판했잖아 대한민국 사법부가 완전 맹탕이네 개콘에 나오면 대박나겠다 민낮이 다 드러나는 재판 판사가 개싸움을 조장하고 즐기네 인류 수천년의 정점이 판사야 아주 친해보인다잉 지귀연도 실실 쪼개지 말고 이진관 재판장님처럼 근엄하게 똑바로 해라 참 기가막힌다 정말 가족오락관이냐 재판이 학교 학예회같네 난장판 무슨 법정 분위기가 이 모양 중학교 학생들 모의 재판도 이 보다 낫겠다 장난쳐 장난치냐고 치사하게 핑계대지마라 않통한다 불법비상계엄 내란재판 하는데 뭔 학예회하냐 아주 훈훈하네 변호사들 말은 다 들어주고 이게 재판장치냐 시장통이지 장난하는곳도아니고 지귀연 제정신 안차릴꺼야 스스로 품위를 무너뜨리니까 엄중한 재판이 개판이 되잖아 사랑방 노닥거림이네 귤까먹어가며해라 레크리에이션 강사로 봅니닷 화기애애하네 대한민국 참 좋은 나라네 내란재판까지도 예능 프로그램 같은 분위기고 참 좋네 이지귀연아 볼수록 신성한 법정에서 법을 다루는 법관의 모습이라기 보단 이권에 극대화된 자본주의적 미래 지향성 성향이 농후에 보인다 민사 재판도 이것보다 더 엄하게 진행되는데 귀연아 너같은 사람 때문에 판사 전체가 욕먹는거야 변호사들이 재판장을 개호구로보고 있네 재판 개판 엿같이 운영하네,0
VipCoJargfo,유재석 결국,제가 화장품을 만들었습니다 여러분들의 관심이 절대적으로 필요합니다 많은 구매 부탁드립니다 구매링크 저희 파트너사 인터넷민족도 많은 관심 부탁드립니다 가입하는 족족 만족하는 인터넷민족 전화문의 1800 6475 홈페이지 카톡상담 인터넷 TV 휴대폰 최대 98만원 현금지원 정수기 가전렌탈 최대 32만원 현금지원 SK KT LG 스카이라이프 모든 통신사 OK 인터넷 유심이동 요금할인까지 365일 주말 공휴일 언제나 상담 가능 꼭 필요한 요금제만 1 1맞춤 컨설팅 10년이상 운영의 이유는 정직함에 있어요 Since 2013 인터넷민족 인터넷가입 인터넷민족 인터넷가입 인터넷민족 현지가 누군지 정체를 밝혀야하는데 안보법 해체 덮을라고 좌지 우지 현지를 덮으려는 의도는 아닐지 세상은 사필귀정이고 언젠간 부메랑이 되서 자기 한테 다시 돌아 온다는게 진리다 이런걸 이렇게 잘 밝혀지는데 김현지는 왜 못 밟힐까 국가보안법 국가보안법 폐지 반대 국가보안법 폐지를 꼭 해야하나 현지 밝히기전에 갑자기 일단 김현지 김남국 꺼부터 해결하자 휴대폰 걷어 미미미미미미미미미미 비선실세 현지누나 덮기용 어이그 연애인이야 알아서하겠지만 이나라는 애지중지 김현지 덮겠다고 아주 난리도 아님 좌파 연애인인데도 거침없이 버리네 쓸대없는 인물들이 여론을일으키고있다 김현지 장경태 이것들 문제를 덥으려는수작이다 우린 이것들 끝까지 파해치고 보도해국민들이 알게해야한다 가난과 아첨이 실력이 아닌 진짜 실력이 실력이 되는세상이 되어야함 라도 카르텔 이젠끝 하차시켜야한다 존엄현지 구출하기 막 터지는데 이거 현지누나 때문에 터뜨리는거 아닌가 김현지 이슈덮기 화력이 부족했나 유재석까지 던진다고 벌써 3명 나락갔는데 좀 더 있으면 좌이유 좌우림도 터지겠구만 이재 유재석 조세호 날라가는건가요 천안삼성전자앞에 빅준푸드 빅준부대찌개 있어요 궁서체도 천안 지점 두개있어요 헐 민주당이 정권잡으니까 지들세상이라고 기어나오냐 연말에 팡팡터지네 비선 실제 순실은 한것도 없는데 감옥가있고 현자는 진짜 실세라도 꽁꽁숨어있네 이번앤 연애들 조작인가 대한민국 서열1위 김현지 1급공무원의 정체 절대로 못 밝혀 그냥 넘어가지는 못할 것 국가보안법폐지반대 도대체 김현지가 누구길래 이렇게 필사적이야 조세호 퇴출 다끼리 끼리 논다 성제준님 감사합니다 건강하세요 조세호 그만 나와라 돈갈고리 1조이상 있을거임 수조 메뚜기 볼게 워낙 없어서 성재준 쌤 늘 수고많으십니다 셰상에 이런일이 윤어게인 결국 유재석 하기 나름이네 이경이도 하차시켰으니 세호도 하자시키는게 평등하긴 하죠 빨간 메뚜기 류재석 조세호 박나래 못땅 안보였 으면 조켓다 요놈도 철저하게 조사한번해봐라 유새석 이재 쉴때 되지 않았나 후배들 양성에 힘쓰세요 설계들 열심히 하네 정치에서 일이 터지니 연예계 사건이 오늘만 해도 몇개야 이걸로 안되니 큰 인물을 걸고 넘어가야 겠는데 그 인물이 유재석인거죠 조세호 명품시계자랑하더니 결국 선물받은걸 방송에서 그렇게 자랑하더만 조작왕국 의 간판스타 유재석 메뚜기 고만 보고싶다 식상하다 죽을 때까지 해먹을려나 유씨는 패널때문에 재밌는건지 자체적으론 재미가 없는데요 밥벌어쳐먹는방밥도여러가지다 유재석텔레비에그만나왕엠비시안본지오래다 박나래 유재석 싹 아웃 유재석 조진웅 지겨워 물욕이 많으니 망하지 불법자금 세탁하는 찐 범죄자 조폭이랑 어울리는 조세호 유재석 키링 안본지 2년 넘었는데 박 유도같이안봄 다 무도에 계속적으로 나왔던사람들이네 유라인 나중에 민주당 입당해서 정치한다고 설칠까봐 겁나네 우크라이나 젤린스키 처럼 전쟁 나는거 아냐 12월되면 유재석대상받는달 식상하고 지겹다 또너냐 옥까내 다 뺐어버려 그럼대는거죠 현지와 유재석 서로를 저격 유퀴즈에 윤석렬 나올때 유재석 찐으로 정색하던거 재조명중입니다 요즘은 방송사에서 하는 예능이나 프로그램은 꼴도 보기 싫을 정도입니다 유재석은 백종원과 비슷한거 같다 졸라 많은 프렌차이즈 방송업이라본다 백종원보다 나은점은 백종원이 자신과 동종이라는 걸 알고 멀리 했다는점 결국 들통나네 유재석도 하차 답이다 1 43 유재석 박나래 난리도 아닙니다 이번기회에 다 퇴출되길 바랍니다 이이경씨 컴백 티비 메뚜기 은퇴하는게 좋겠네 조세호 힘든 시절부터 데리고 다녔다고 하던데 연엔 과님두 없지만 채널마다 나오는 인물들 싫증난다 대단한거두 없드만 김현지 방송 해서 밝히세요 유재석이 롱런하는 이유를 도대체 모르겠다 고만나와라 메뚜기 춥고 눈도 내리는데 이제죽을때가 되었는데 류재석 조세호 박나래 그만하라 유재석은 지한테 피해가 조금만가면 가차없네 좌재석 좌이유 좌재석 유재석아예티비에 그만 나왓음합니다 유재석 박나래 이경실티브에서보기싫다 아웃 유재석 때문에 방송계 세대교체가 안 되는 느낌임 이이경씨는 척한 청년입니다 임영웅 님과 섬총각 촬영을 했는데 몸 아끼지 않고 동기들과 맛있는거 해 먹을 정도로 아주 착했습니다 옌예계들은 좀 각성해야되는거 아닌가요 H재석 지긋지긋 도박만 했을까 마약은 유재석 이이경은 잘도 손절하더니 범죄자랑 어울리는 조세호는 손절 안치네 유재석 마이 해뭇다 아이가 후배도 좀 생각해줘야지 와씨 여긴 진짜 정병들만 모여있넼 정직하고 진실된 방송 너무 감사합니다 즐겁고 행복한 밤 되세요 성제준님 끝까지 응원합니다 화이팅 이제 생명 다했네 재석 지긋지긋 이런씩으로 7시 출근부터 보수 까대고 좌파만 빨아대는 김종배 TV 이어 라디오도 손절함 현지덮기든뭐든 유재석 이미 꼴같잖아서 진즉부터안봄 조진웅 역시실망 다 사회서 아웃되야만한다 현지도꼭밝히고 검찰조사 받아야한다 세상에 조세호 그렇게 안봤는데 일단 더 재밌는 신동엽 강호동보다 아무이유도 없이 더 잘나가고 자리잡고있는거부터가 늘 신기했음 유재석도 방송국에 내려와야 한다 유독 혼자 방송을 오래 해서 궁금했다 그렇게 방송국에 ms가 없는지 유재석 좀 후배한테 자리좀 내줘라 지겹다 유재석 지긋지긋 하다 이제 좀 내려와라 유재석 인성이 문제 유재석 박나래 조세호 그만보고싶다 유좌석 오른팔 날라가게생겼네,1
N9dGbBACtH0,박지원 여배우 충격 폭로,제가 화장품을 만들었습니다 여러분들의 관심이 절대적으로 필요합니다 많은 구매 부탁드립니다 구매링크 저희 파트너사 인터넷민족도 많은 관심 부탁드립니다 가입하는 족족 만족하는 인터넷민족 전화문의 1800 6475 홈페이지 카톡상담 인터넷 TV 휴대폰 최대 98만원 현금지원 정수기 가전렌탈 최대 32만원 현금지원 SK KT LG 스카이라이프 모든 통신사 OK 인터넷 유심이동 요금할인까지 365일 주말 공휴일 언제나 상담 가능 꼭 필요한 요금제만 1 1맞춤 컨설팅 10년이상 운영의 이유는 정직함에 있어요 Since 2013 인터넷민족 인터넷가입 인터넷민족 인터넷가입 인터넷민족 여의도 쓰레기장을 빨리 없애야 나라가 산다 우리나라 현정부 참한심하다 대한민국 어떻게될지 걱정이다 노망이 아니라 정신과 로 양심이 있다면 저런짖은 안하겠지 낮떠거운 일이다 나라와 국민을 위한 일도 못하는 국회 국회의원 줄입시다 부정선거 척결로 자격도 안되는 국회의원 없어져야 합니다 동대문구민 반성보다도 부정선거 선거 똑바로 해서 교체해야합니다 쓰레기 같은 공직자들 아웃시키고 자유민주주의를 지킵시다 성재준 쌤 늘 수고많으십니다 대한민국정상으로돌아올려면아직멀었다 국회의원들도 연령대 제한 해얖한다 뒈질때가지났는데 저승사자는뭐하는겨 완전페기물 정말 성국장님 존경합니다 성재준님 혈압이 걱정됩니다 고맙고 감사합니다 대한민국 국민40 는 눈을감고 살고있다 한가지만 확인해도 부정선거가 확인 돼는데 그것 자체도 믿으려 하지않는다 국회의원도 정연이 있어야한다 65 까지 만기가돼야한다 하늘이 두렵지 않은지 서영교도 못됐네 이재명의 탄핵을 기원합니다 활용불가하면 폐기처분해야지요 국민이원한다 저런놈을뽑아주는놈들이 더나쁜놈들이라고 강력히외칩니다 성제준님 반갑습니다 측은지심 불쌍 동정심에 유발 감사드려요 애국자이십니다 성제준님 응원합니다 기본도 안된인간들 국민이 심핀하자범죄집단을 국회에 두고볼수없지 않는가 박지원 저런인간을찍은사람들은 어떤사람 들 일까 성제준을 국회로 응원합니다 사생활이야 제맘이지만 이런인간들이 국회의원 정치인이란게 나라 꼬라지 참 내가 뽑은 박근혜 내가 뽑은 윤석렬 을 지켜내지 못한 국민의힘에 분노합니다 옳은 말씀 몰랐던 애기들을 알게되었내요 국회의원 수준 기가 막힙니다 국회의원 수능처럼 시험처서 뽑아야 할 정도입니다 시원한답변 감사합니다 국민들이 정신 차려야 됩니다 국힘당 해산하라 당 명 바꾸고 새 멤버 구성해 새로 시작해줘요 맞아요 이인간도 한때 떠들석햇죠 호칭 속에는 비극이 있다 압권은 서팔계 돈영교 사악한인간들 정리좀 해주세요 하느님 국회의원 국민을 위해 일하는게 아니고 권력을 이용해 지네들 범죄자 감싸주고 있으니 개탄스럽습니다 부정선거 수사만이 답이다 그런게 2차가해 아니면 뭐가 2차 가해야 서영교 목소리만 들으면 짜증나고 홧병이 난다 쓰레기통 으로 미미미미미 우리나라 정치 퀄리티 쩔어 당시 김대중 정권시절에 박지원에 대하여 New york 과 New Jersey에 살던 한인들은 다알고 있는 사실 그대로 말씀하십니다 박지원이 살인청부업자 시켜서 죽이려고 했다는 말씀도 사실입니다 당시에도 박지원이 정치인이 되면 나라가 망한다고 했어요 더이상 무슨말이 필요할까요 박지원이 지금까지 자유한것을 보니 기가찹니다 법치위에 올라선 박지원과 이재명 문재인 김현지 정청래등 다수의 정치인들 을 법치 아래로 끌어내리고 박지원과 함께 구속 해야 나라가 사는길입니다 그날이 속히 다가오기를 학수 고대 합니다 관심이 과학 박지원 여야 정치꾼들 정신 좀 차리고 국민들을 위해 일 해라 한심한 자들아 윤석열 대통령님의 계엄이 날이 갈수록 정당함이 더 절실 하니 나라가 개판 오분전 입니다 완전간신배 맟아요 팩 좋아요 성제준 최고야 오레곤주에서 박지원 귀신은 뭐하나 안잡아가고 장경태 조진웅 이재명 똑같은인간 정신차려라 죽음뒤를 생각못하는 악한자들 반갑습니다 매일속시원시원루틴 채널 저질 쓰레기 눈쌀 찌푸려지는 정치꾼들 몽땅 봉투에 담아서 내다 버려야 하는데 그날이 언제일지요 국민들이 대청소하려는 의지가 문제네요 우리 모두 눈을 씻고 바로 보도록 깨우치는 방송 응원합니다 뉴욕 교민사회에서도 유명한 인간이었습니다 미친연는목등이가약이야 조사하면 다 나와 노고에 감사드립니다 어떻게 해야 끌어내릴수 있는지 참 어이가 빰을 때리네요 개진아랑 개눈박쥐가 구멍동서였네 캬캬 캬캬 대표적인게 김부선 목포에서 박지원뽑아주는 목포시민들 보고듣고잘배웠네인간은 보고듣고하는게 교육이라 하질않는가 국힘은 상동헉이 답이다 무슨 노가다 판이냐 수고많습니다 응원합니다 박지원 침해 언제 걸이나 궁금합니다 나도 그 사건을 오래전에 잡지에서 봤습니다 서영교꿀꿀꿀 박지원 당신 나잇값 좀 하소 82세나이에 정치를하면 국민들에게 절은정치인 들에게 나라를위해 국민을위해 모범이될 정치로 정치인생을 마쳐주기를 바라는 국민들이하는 짖거리보면 진짜로 박지원 당신 죽기전에는 사람되기 힘들겠내 하기야 죽고없는데 철들고 인간대면 뭐합니까 서영교퇴출시켜야합니다 박지원 능구러기 보다 사악한 사람인가요 서영교 못된것은 한 두 건이 아닐껄요 5 18 유공자 맞나요 궁금합니다 박지원국정원때 모여자와 모호텔에서 그런소식을 들었던 기억이 그리고잠잠 요즘 미쳐날뛰네 12월이라서 먹잇감들이 많긴하다 쉬지않고 달리는 성제 준 듣다보니 돌아삡니다,1
c2UyLbR8IZU,인력 안자르면 나라 망한다 IMF의 섬뜩한 경고 곧 현실이 될 겁니다 경제붕괴 이미 시작됐어요 서동기 교수 3부,심층 분석 자료와 실시간 경제 투자 인사이트를 얻고 싶다면 원픽리포트 사이트 원픽리포트 정보방 한국은행총재는 대책없이 돈찍어내는데 역적과 다를바없어요 찐 무서운 점은 저 가계대출 통계에 전세대출은 안 잡혀있다는거 집값 부양하다가 결국 정부의 관료들이 강남에 대부분 집이 있는데 누가 집값 떨어뜨리는 정책을 폈겠냐 나라는 망해도 나만 돈만 있으면 돼하는 사람들이 대부분이야 은행만 배불린것 예금금리 인상 대출금리인하 즉 가산금리를 은행에 맡기지말고 위와같이 손을 봐라 창용아 정신 차려라 지금 돈 풀때가 아니다 이 나라는 정치인들이 제일 문제 정부의 강남 거주 기득권발 둔촌주공 살리는 바람에 나라는 아작났지 금리 올려 물가라도 잡으라고 나쁜 놈들아 부동산은 폭락으로 거게 놔두고 정답이네요 근데 정치인들은 욕을 먹기 싫어서 아무도 안하죠 국가 총부채가 7000조에 유박하고 계속 상승중 그냥 빛으로 지르고 보자는 개막장 정치인넘들이 문제지 제일 쉬운거 가계부채 줄이는거 그건 금리인상 금리가 맞춰지면 달러 1500가는건 막을수 있다 고통스럽더라도 그냥 금리인상 하면 끝날것을 부동산 막을려고 죽어도 안하고 있는데 뭘 기대하냐 구조조정 실제로 일어나고 있습니다 현실을 정확하게 국가부도외엔 대안이 읍다 빨리나야 들깨져 이 분 찐 전문가이신듯 버릴 말씀이 없습니다 크게 구조조정 못하고 부동산 거품 못빼면 장기불황으로 가겠죠 힘들더라도 금리 미국보다 더 올려야 함 한국운행 총재도 지금상황에 큰몫을 하고 있음 정치인들이 지들만 살겠다는 도둑놈들이다 국회해산시키고 나라바로 잡아야한다 총재가 남은 임기동안 내내 돈풀겠다는 의지를 보이고 있는데 어쩌나요 특히 생활물가는 거의 2배 올랐어요 상급지가 아닌 곳의 아파트 가격이 22억이라는 게 정상인가 일자리가 있다는것에 감사합니다 버티고 버팁니다 할수있는 대출 다 땡겨서 집을 샀으니 그렇지뭐 돈뿌려도 그 돈이 또 집으로 들어가니 미친 부동산 버블을 방치한 결과다 경제는 무너지고 있는데 인위적인 높은 주가 지수와 반도체만의 호황으로 경제상황이 좋다고 착각하고 손 놓고 있는 무능한 정부 때문에 서민들 갈수록 힘들 수 밖에 아파트 가격 떠 받치느라 온갖 특례대출을 퍼 부우면서 유동성 공급을 늘려온 정부와 이율을 턱없이 낮춘 이창용이가 공동 책임져야 금리를 올려 주저앉혀야 한다 이거품들을 100년전 대공황이 오늘날 같았죠 일본이 부동산 폭등하고 호황일때 오늘날 같았죠 외환위기를 이겨낸 한국의 저력은 가계부채가 낮았기 때문입니다 그당시에도 자살자들이 한강에 줄을섰어요 단군이래 그런 자살자는 없었죠 부동산 오르고 잘되면 지구모든나라 선진국이 됬겠지 Imf 반드시 온다고 봐야죠 자살 급증에 곡소리 날겁니다 최소 20년이상 각오 단단히 합시다 억지로 떠받치는것들이 결국 터질거같긴하다 왜냐면 세상 공짜없기 때문 내년엔 외환위기가 확실히 오겠구먼 언제부터 imf가 우리를 걱정했냐 빼갈 생각 뿐인 놈글이지 자영업 건설업 상가 건물주 지산 등등 부동산 관련된 대부분 사람이 힘들어 하고 있음 그런대도 부동산은 최고가 연체율 대출도 최고가 이게 버블 아인가요 대체 왜 대출을 펑펑 해줘 가지고 정부는 반성해라 가계부채 올릴건 정부 우리나라는 부동산 때문에 망했습니다 금리를 올렸어야지 물가가 장난이 아닙니다 사과 한 알에 이삼천원 서박사님 분석에 백퍼 공감 합니다 건강 하세요 박사님 금리 인상하면 경기 둔화 본격화됩니다 거기다 PF부실 터지면 빚에 빚으로 돌아가는 한국경제 빚더미를 너무 키워나 버려서 아예 통제력을 잃어버린 정말 제대로 망한 것 같아요 나야 집은 있으니 공구리 뜯어먹으면서 늙어 죽음 그만인데 젊은 사람들은 진짜 어떡합니까 Imf경고 몇년 된거같다 매번 작년에 터진다 터진다 하면서 올해도 끝나간다 경기는 개판인데 사람없는데는 없더라 빚이 무슨 걱정 아파트 콘크리트 뜯어서 팔고 먹고 살면 되지 국회의원수 줄이고 특히비례대표 그리고 대통령 정부각 임원들 임금삭감해야한다 여기서 부터 개혁해라 부동산 버블은 터지게 그냥 두어야 한다 억지로 막으면 막을수록 경제는 망가진다 강력한 구조조정을 해서 가망 없는 기업들은 모두 정리해야 한다 멍청한 이창용 자르고 똑똑한 한국은행 총재를 선임해야 함 한동안 잘 먹고 잘 살았지 이젠 폭 망 할 때도 됐지 이미 일본의 잃어버린 30년과 비슷한 수순으로 가고있음 이미 버블은 클대로 커졌고 언제 터질지 모름 그게 공포 환율이 아무리봐도 불안하다 보이는불안이니 이것부터해결해라 고통없이 어떡게 성장하겟노 이창용 짤라야지 돈을 무제한 풀고 있으니 사람을 자르면 소비는 누가하나 아직도 고리대금업자 imf를 모르는 인간이 있네 서초동도 빈상가 많아요 대한민국은 국민들은 최고인데 정치꾼들이 나라을 망치는 인간들 한국은행 책임 물어야 한다 장기적 관점에서의 구조개혁이겠지 머릿말을 너무 자극적으로 뽑는 것 아니요 아참 아무리 유뷰브라고 하지만 터져서 한번 나락가야 정신차린다 투기집값 잡아야지 멀쩡한 직장인 짤라서 매꾸려지말고 잃어버린3년 위기에 순간이 짹깍째각 가까이 다가오고 있다는 생각이든다 각자가 여기에 현명하게 대처할 준비가있어야 합니다 돈그만 찍고 금리를올려야 지 안그러면 나라돈이 미국 으로 다빠저나간다 정신나간 정첵 그많좀해라 미국하고 같이 보조를 해야지 이창용탓이크다 씀씀이도 늘어났다고봐야죠 없는데 여행가고 차할부로사고 배달음식 고가핸드폰등 정신을 못차리는것같아요 나중에 큰일날겁니다 아껴쓰고 돈을모아야합니다 큰것이올꺼에요 기름값이 1700원 넘엇다 고환율로 이창룡이가 한국경제 물 말아 먹고 있다 국민들이 자본가한테 착취 안 당하고 부동산하락 바래서 투표했잖슴 원하는데로 윤 어게인 한국 부채6000조 망했다 빗쟁이는 죽는다 누가 이지경에 만들었나 정치인이 범인이다 정치쉽게하는거 대통령을 젤 쉽게하는게 돈푸는 겁니다 이 어려움을 솔찍하게 인정하고 국민모두 허리띠 쫄라메고 위기를 넘겨야될듯 미래의 예산까지 끌어와 쓴다고 뭐가 문젠가요 하고 말한 이재명대통령 말이 생각나네요 큰일이네요 앞으로 우리나라 우짤꼬 둔촌일병 구하기가 나라 말아먹음 서서히 망해가고 있는것 그래도 돈 풀겠다는 정부 푼돈 받고 목돈으로 갚아야 하는 것도 모르고 푼돈에 좋아하는 국민들 베네수엘라는 국민들이 먼들었다 네팔사태 일보직전 뭔 걱정 집값이 수십억 하는데 그거 팔아서 잘 살겠지 최저임금이 갑자기 올랐다 전국 신도심 신축이 우후죽순 들어 섰다 사람들의 소득은 그간 천천히 올라 저축할 여유 없었는데 갑자기 최저임금이 오르며 사실상 호주머니에 그간 모은 돈은 없는데 최저임금 반영된 통화량이 폭팔하고 유동성이 터지며 지지부진 하던 분양시장에 부양책이 터지며 몇년을 끌어온 결과 레버리지에 레버리지에 레버리지가 껴버렸다 최저임금 오른 속도보다 자산가 반영이 너무 일찍 반영되어 빨리 따라 잡아야 하는데 고물가와 고금리로 앞서간 자산가치를 따라 잡을수가 없다 이러다 다시 제자리 찾아가는게 이때까지의 흐름이였는데 이번엔 다른것 같다 세계 경제가 침체고 한국은 인구절벽에 산업방향이 바껴 기존의 밥벌이가 인정 받지 못하고 있고 가계부채는 역대 최고로 디플레로 가고 있다 2030세대는 자발적 수급자를 택하고 있다 셀 수도 없는 위험이 있지만 젤 위험한건 안일한 국민의 태도 리짜이밍이 돈을 마구 푸니까 나라가 망하는 것이지 구조조정이 문제가아니라 수뇌부를 바꿔야 나라가 살지 환율이 오르는 이유는 공산화 정책에 있음 Imf오기를 간절히 기대합니다 우리나라는 정치가들만 삭제해도 선진국 금방된다 여야 막론 쌍넘들이 돈만 밝히고 지들 주머니만 채우면 된다 이따위로 할바엔 그냥 다 내려와라 범죄자 한넘도 처벌못하고 빌빌대나 흉악 범죄가 한둘이 아닌데도 대통해먹고 있다 누구 때문인지 이재 명확졌네 요즘 어느 시대인데 아직도 한국처럼 노동시장이 경직 대 있는 건 문제가 있습니다 쉽게 자료 수 있게 만들어야 고용주들이 부담없이 채용을 합니다 호주도 노조는 힘이세지만 노동시장은 한국보다 유연 합니다 푸하하 지난 40개월 넘도록 돈 뿌려놓고 갈때까지 가자 계속 뿌리자 나는 투표찍은 7080대가 잘해내거라고 생각한다 재메수엘라 왕국 처음이지 이제 시작이야 과거 IMF가아니라 걍 베수엘라처럼된다니까 환율폭등 물가폭등 무제한돈풀기 자산가격폭등 뎃글에 많이 이창용 욕도 하는데 그게 고위공직자 눈군가를 구조조정 해야 할 것 같은데 그게 누군인지 용기를 내 말씀해 주세요 이재명이 기축통화라 했다고 뉴스 나오든데 얼띨한 대통령 뽑아놨네요 내년부터 전라도 영광 전라도 곡성 기본소득 1인당 50만원씩 준답니다 인플레이션이 계속 일어나게 만드는게 민주당임 집값 누가 부추겻냐 국짐 일때 말좀하지 하여튼 이죄명 민좌당 한은 민노총 합작해서 대한민국을 망국으로 이끈다 문재인 이재명이 돈 엄청나게 풀었지 문재인 yoy 8 이재명 예산은 yoy 15 윤석열은 2 3 돈은 좌파가 쓰고 우파가 번다 보수집권때는 물가안정 경제가좋음 진보정권은 경제가 망조 깡통 정권 경제 무능 한은 나라 망조다 재명이 탄핵 시키자 잘하는 건 정치 보복 밖에 없당께 나라 힘들게 하는 놈 이다 경제가 망가지고 국민의 생활이 못살아 질수록 그들의 정권은 계속해서 집권한다 왜 거짓과 선동 위선과 조작질이 너무나 잘 먹히니까 윤석열은 왜 코로나도 지나간 때인데 왜 돈을 그렇게 푼거야 서울아파트 지키려다 전국민 그지만들어 국민들이 내년6월 지방선거 꼭합시다 독재정치 하지못하게 투표 잘해서 민주당 에게 힘을 주면안됩니다 우리나라 망하는게 시간문제다 국민의짐당때문에 윤석렬정권3년 이 다망쳐놨다,0
U7X6idHw3zY,이재명이 작정하고 뽑은 그 사람 정체 알고 경악,어리석은 국민들이 하루 빨리 깨어나야 합니다 국가 보안법 폐지 절대 반대 무조건 막아야 합니다 이죄명 탄핵 탄핵 이재명 빨리 구속하자 김우철 감사 원장을 반대 한다 아 나의 조국이여 국힘들은 똘똘 뭉쳐서 감사원비리 파헤쳐서 막아야 합니다 애국시민분들 똘똘 뭉쳐 지켜주세요 방탄의 벽이 높을수록 파괴될때의 충격은 더 큰법이다 진죄가 많으니 부득히 자기네 편 골수를 감사원장에 앉치 겠지 한마디로 아수라 악마는 악마행동을 한다 죄명이 신속 재판하여 끌어내리는게 정답 김우철 감사 반대 공산주의 괴물나라 이재명을 하루빨리 재판받고 끌어내야 나라가 삽니다 가짜 범죄인이 나라를 패망으로 끌고가고있다 조희대 사법부는 빨리재판 재개하라 기가차네요 이재명 끌어내는수밖에 없다 북한처럼 배급받아먹어야 국민들 깨달으려나 국민들 모두 깨어나야 할텐데 너무 멀어져간 대한민국 완전 막나가는구나 악질들 집합소 누가당할까 한숨만 나온다 지멋대로 다하는구나 죄명 하루빨리 탄핵 시켜 구속 시켜라 나라꼴 개판이다 참으로 어렵게 이루어 놓은 자유민주주이 망하는 꼴을 어찌보나 이들은 중립 공정 은 머리에 아예없습니다 언젠가는 국민의 유혈사태 일어나야 할것 같습니다 이재명 징글 징글 하다 김현지 비선실세다 특검하라 감사원장꼭막자 나라꼴이 정말 가관이다 이 나라가 참으로 공산화가 되고 있는가 이나라 이제 끝장을 볼때가 왔다 도독에게 금고열쇄는 맡기는꼴이면 어떻게 해야 하나요 이재명 전과4범 대북송금 외환죄 법카도둑 재판속결 당선무효 시켜야 합니다 국민들이 깨어나야 한다 친미군사정권이 답이다 나라 말아먹을 작정이군 계속이러다가 군중이 일어나겠지 국민들이여 깨어나라 젊은이들이여 일어나라 투쟁하라 아주 나라를 다 말아 먹겠다는 식이니 살면 얼마나 산다고 불쌍한 인간 여러분 지금 장동혁호가 위태위태 합니다 사과 하지 않았다는 이유로 조중동과 당안의 배신자들이 비대위로 가려고 난리입니다 우리가 할 수 있는 일은 당원가입을 하는것입니다 주위에도 많이 권유해주세요 나라가 공산화 다되었구나 재판을 재개 빨리 하라 나라의 기둥 뿌리가 썪어간다 우리나라 망한건가 정녕 이죄명에게 대항할사람 없는건가 하 왜 나라가 요모양으로 돌아가도 처리하지 못하고 있는지 울화통이 터진다 난 자유대한민국을 사랑합니다 돈만보고 적과 동침 나라도 팔아먹는 변호사 3대 변호사가 대한민국을 완전 말아쳐 먹는구나 국민들아 니들이 만들었지 국힘 당원가입 많이 해서 장동혁 당대표 지켜야합니다 민주당 견제할려면 장동혁 지켜야합니다 단순하게 한자리 차지하는 수준이 아니라 이젠 감사원까지 싹 갈아엎는다는 뜻입니다 이제 더이상 대한민국은 제대로 된 공권력은 어떤 것도 남아있지 않답니다 이재명이 꿈꾸는 공산화 세상 존경받고 법에 따라 결정하는 자는 필요없다 불법 강제로 덮어 쒸울수 있는 사람이 필요하겠지 이미대한민국은 망했다 감사원을 깜깜이 깜사원 으로 만들어란 이재명과 김현지의 소리없는 밀명 국힘 보수우파라면 모두가 반항해야는거 아닌가 선관위 감사원장 3인체재 검토해봐야 김현지국정농단 비선실세 특검하라 결국 이정권과 국회는 국민들의 유혈을 부르는 것 같다 지멋대로나라망치는꼴보고있지말고전국민다일어나야합니다 놀랍지도 않다 건국이념 부정 탈원전 재명방탄기지 정치보복도구 민변공화국부활 생각만해도 소름끼치네요 국민이 끌어 내려야할 시간이 점점 다가오고 있다 자유가 없어지는 민주주의가 되어 가는 이 나라를 지키는 방법은 민주당을 해산 하는 것이며 이재명 재판 재개 해야 합니다 잘 보고 갑니다 정말 끼리끼리 노네 나라를 아예 팔아 먹어라 공무원들 정신 차려라 걸리면 죽는다 좀 더 망해봐야 배고파 봐야 국민이 일어날까 아니면 배급에 길들여져 나라고 뭐고 배만 않고프면 그만 인가 젊은이 들이여 그대들도 늙는다 쌀한톨 얻기위해 강제노동에 시달려야 겠느냐 북한 중국이 그렇게 좋으습니까 로스쿨을 없애고 사법고시를 부활시켜야 한다 여당 하는짖은 자유 민주의 희망 없다 국힘의원 전원 사퇴 자유대학 청년 학생들과 행동같이 국민저항으로 함께 나갑시다 놀랍지도 않음 정상적인게 있음 응원합니다 나라 망하는 소리가 들린다 큰일입니다 자고나면 악법이 하나씩 추가되고 국힘 만으로는 저범죄당을 감당하기어려운가 우리국민들이 범죄당때려잡아야될듯 절대범죄당 지방선거때 표주지맙시다 또범죄당이 이기면 우리나라 끝입니다 알고도 못 막으니 한숨만 나오는 것 아니겠습니까 IMF가 닥치더라도 책임 회피하고 자리 지킬 인간이 이재명일 겁니다 미치고 팔닥 뛰겠네 나라가 큰일이다 세금불매운동 아주 미쳤어 대한민국이 공산당으로 가고 있다 이재명을 재판하라 나라가 완전히 독재 공산국가로 전환된것같다 에궁 지친다 하지만 어림없다 조희대가 제대로했드라면 무섭다 있으나 마나 하는 감사원은 필요없다 박정희 전두환 대통령 두분 부활하시는 방법 만이 나라를 살리는 유일한 길 뉴스안보니까 모릅니다 공산화의 지름길 공산화의 주마가편 똑똑한 우파는 없는 건가요 공부해서 똑똑한 머리로 나라를 살려봅시다 무식한 사람들이 가슴을 치고 살고 있습니다 이재명 사람이아니다 하나님 지켜주소서 이나라를 기본도 없는 자가 하는짓 나라 공산화 만드는 지름길로 가네 권력 영원 할줄 아나 국민을 장식 품으로 보냐 탄핵이답 그래야재명이가더빨리문어지지요그래야양심자도나오지요아무리민주당이라도양심자가나오지요민주당가족들도보니가요 큰이났네 막아내야됩니다국힘정신차려야합니다 헬조선 카르텔 김호철김호철김호철김호철 헉 김현지가 지명했네 이죄명 김현지 빨리 구속해야한다 제 멋대로 정권 하루 빨리 청산 하고 이 정권에서 중용된 자들이 모두가 청산 되어야 좌파 인사 들이란 것 꼭 새겨야 되어 다행이다 뉴스데일리 베스트 응원 성난국민은 목숨으로 국가를 지킨다 끝났네요 국민이 정신 못 차리니 어쩔수 없네요 기가 막힐 따름이네 어디에서저런 이제 댓글 올리는 것도 화가 나서 못 올리겠다 나라 망가지는 순서가 다 보이니 무슨 말인들 하면 뭣 하겠나 싶습니다 우리 국민이 무지한 탓인 걸요 안먹은데있나 전과자를 뽑아들여야 전과자 대똥령을 받들어 모시지 않겠어 이제 막장까지 왔다 불바다의 잔치만 남았다 국민들이여 김우철 변호사 대장동 변호사인가 민변,1
82iElNY-irE,이재명 등장하는 녹취가 뭐길래,최고입니다 최고의 언론사 이재명이통일교해산시킨다고협박하는이유를알것같구나 이재명당장끌어내러야한다 불의가 법이 될때 국민 저항은 의무가 된다 어서 이재명 재판 재개하는게 김현지 정진상 김남준 김용 이석기 꺼지는게 답이다 윤영호는 싹 다 부는게 답이다 온갓 못된짓은 다했네요 역사적인 인물 와 참 인간이 아니고 괴물입니다 지 칼에 지가 맞는 격이지 내로남불의 끝판왕 찢 끌어내려야 나라가 바로선다 여당 봐주는 개특검 철퇴를 맞아야 합니다 양파처럼 까도 까도 나오는 범죄자 전과4범의 사기꾼을 긴급 체포하라 이재명을 재판하라 이재명을 수사하라 범죄자들은 사기를처야출새한다 양심없는 양아치들이니까 부끄러운줄도몰라 민중기 고발 조치하고 특검하라 모조리 잡아넣어야 인과응보 세상이치다 민중기특검을해체해야민중기를구속해야한다 알지 못한 것 알려 주어서 감사합니다 이재명은 까도까도 끝이 없구나 능력없으면 내려와 재판받고 따뜻한 빵에 가길 뉴스 감사합니다 화이팅 입니다 원하는데로 안되니 종교탄압 하는가 그르고도 남을인간 내란우두머리 이재명과 통일교 불법 자금수수한 각료 정치인 모두 감옥가라 이재명이자를 탄핵시켜서 재판 시작하라 그리고 좌파 더블어 민주당이당을 해체하라 총사퇴하라 진실은 다 드러나는거 3대특검 부력자들 전원 구속수사해야합니다 이재명이 통일교 3인자라는 이청우 에 임명장 줬다 특검팀이 사기꾼 집단 앞잡이지 특검팀 엄벌해야 이재명 당장 끌어내려라 당장 깜빵에 보내라 민앵커님 오늘도 응윈하고 강력히 지지함니다 이재명 그냥 내려와라 베네수엘라급 내려와 내려와라 그리고 감옥으로 민주당 통일교 커넥션 민중기 특검 이죄명 커넥션을 덮은 민중기 이자 처벌 구속되어야한다 정확한 팩트로 전하니 귀에쏙들어옵니다 국힘당에서 통일교 게이트로 확대시켜야 된다고봅니다 이재명나쁜놈 완전이중인격이다 국민이여깨어일어납시다 국민들이여 국민저항권을 발휘 해야 됩니다 임종성 전 의원이 이청우를 소개해줬다고 한다 깔끔한 진행 구독했습니다 통일교로 부터 불법 정치자금 받았으면 당선취소시켜야 되는 것 아닌가 역시 민주당 법위반이재명탄핵 이시간부터 직무정지시키세요 응원합니다 응원합니다 감사드려요 조만간빡칠거다재미나게구경하자 특검 세금 그만써 인간들아 응원 함니다 힘네셰요 빨리 니다재판받고 구속해야합니다 수고하십니다 조작특검 당장 해체하라 특검도 다 이재명 끄나풀지요 다 짜고치늕고스돕이라고나 할까 국민들을 다 갖고 놀았지요 스스로 자멸게이트를 열었네 일본총리가 건들다 골로간걸보면 통일교가 무섭긴 무섭네 민중기를 특별수사하라 통일교가 살기 위해서는 이를 만천하에 공개 하라 이재명의 생명은 얼마 남지 않았다 이재명이 이를 막기 위해 종교 재산 운운 하는것 통일교는 정면 승부에 들어가야 한다 뒤집어 씌우는 건 달인이야 이재명과 민주당 특기지 통일교게이트 사건 얼라 때부터 동네 어른들이 하신 말씀이 있다 만세만세만세만세만세만세 까도 까도 양파같은 이재명의 민낯이 만천하에 드라 나고 있네요 이재명은 증거가 아무리 많이 나와도 뻔뻔하게 나는 아니다라고 할겁니다 범죄자정부 이젠 놀랍지도않다 겉 속다른 내로남불 사악한인간들 정신차려라 국민들은 속고있다 다불어라 펙트 정보 늘 고맙고 감사합니다 이제는 명 이다한듯 그만 가자 재명아 15명 이름 밝혀야죠 민중기 특검 은 국민 무서운 줄을 모르나봐요 누구는 뭉개고 누구는 실형을 살고 그게 무슨특검 하는 법조인이야 양아치 나 하는짓이지 그들은 국민 무서운쥴 알아야 한다 골아프다 사형이답이다 휴대녹치다까봅시다 더불당도 구속수사하라 권성동만 구속수사하냐 범죄당도 구속수사하라 민주당구속수사해라특검국민힘만조사하나요참걱정이다 일어나라 이런 내용이 알려줘도 아무런 대치를 못하는 현실 정말 이죄명 개인 국가가 되었어요 대한민국 대표언론 입니다 감사합니다 이긍 이제 지겨워요 매일말만하면 뭘해요 정진상 빠지면 섭섭하지 통일교야 이판사판이다 다 까라 공감합니다 감사드립니다 응원합니다 이재명이 통일교와 과거에 교류가있었다면 그 내용이 드러날까봐 통일교 해체 운 운 하는거 아니가 의심이 가네요 사이비 국정 농단 통일교 만세 참나 그들은 정의로운 정의당 팬인거 몰랐남 기가 맥이내 이제야 고것을 하느님 자유 대한민국 체제 수호를 위해서는 진실이 거짓을 누르고 반드시 승리하게 해 주십시요 이재명은 안이다 나라에 물러나라 이재명 재판 받고 구속 해야 나라가 정상으로 된다 숯이 검정 나무란다는 속담이 생각나요 사기범 답다 뻔뻔한 거짓말을 자연스럽게 양아치짓 그만하고 내려와라 언능 내려오세요 참말로해도해도 우째이리도 구색을갖추냐 하는 짓마다 자충수라면 두뇌가 잘못된 거 아닐까 이번엔 탄핵 가능 좋은 뉴스 감사드립니다 지나가는 소가웃는게 아니라 개가웃겠습니다 시간이 갈수록 윤석열대통령님은 너무나 청렴결백하셨네 우리나라가 왜이렇게 혼탁할까 금뺏지만 달아주면 범죄만 저지르고있네 나라가 미쳐 돌아갑니다 군 경찰 공무원 검 사법부 민주당 국힘기득권자 정부하나같이 정상인게 안보이네요 집단 마약먹은것 같이 왜 저렇게 중심을 못잡고 뭐가 옳고 그런가도 분간도못하는자들이 너무많네요 범죄자 이재명은 즉각 그자리에서 내려와 중지된 재판 받고 감옥에 스스로 들어 가길 바란다 국민들의 명령이다 법 앞에서는 만인이 평등하고 본인이 본인 입으로 대통령도 재직중 죄가 있다면 재판을 받아야 한다고 본인 입으로 떠벌였다 일구이언 하지는 않겠지 에휴 인간들아 어찌 사는 모습이 같이 사냐 모든 특검 빨리 중단하고 해체하라 귀찮아 진상이 한방에 보낼수있는거 통일교와 얶는거 국짐당 의원들 뭐하고 있나 니들은 내부총질만 할 줄 알지 방탄 특검은 처음이지요 이게 특검 의 민낯이네요 반드시 특검으로 현특검을 조사해야 합니다 낮이 얼마나 뚜껍길래 정말 기가찹니다 겁도없지 종교 는 건들 면 안돼 윤영호님 잘하셨습니다 힘내시고 다 말씀 하세요,1
POmdw0KB_zw,민중기 특검 충격 실체,갈아치우자 나라거덜난다 폭탄터졌네 민중기는특검때려치우고역으로특검이나잘밮아라 특검하라 민주당을 민중기는탄핵하고 특검해체하고 국힘당이 지정한 특검수사단에서 구속 수사하여 진실을 밝혀야합니다 민중기 수사해라 민주당이 더하면했지 덜하지는 않는다 니가 받으면 불법 내가 받으면 합법 민중기를 규탄한다 특검이아니고 기분되로행동하는특별한단체,1
i2ePP4-Dd_s,파문 이재명 방금 긴급특명 내란재판부 설치 강행 통일교 해산 조희대 충격발언 민주 반란사태 폭발,이재명은 절대 대통령이 될 수 없다 빨리 끌어내야 한다 이재명 정권은 정상이 아니다 반드시 끌어내야만 한다 이재명 빨리처리해야 사법이산다 민주당은들으라 선관위를 믿고있는지 모르지만 권력이란 영원하지않다 범죄자 전과4범 대통령 나라망신 전세계적으로 망신이다 사법부는 하루속히 범죄자 전과4범재판을 재개하라 안보정론 항상 응원합니다 이재명 이제는 막가자는 정치로 국민과 한판 해 보자는건가 범죄자 이재명이 본인 살려고 법치를 파괴하고 나라의 근간을 무너뜨리고 있다 재판속개해서 구속해야한다 이재명이가 이제는 미쳤구나 국보법폐지 이게나라냐 입사법농단 국정농단 국헌문란이다 내란이다 종교자유를 없앤다 고요 헐 세상에서 제일강력한 독재국가 탄생 찟죄명 제발 내려와야한다 범죄인이 살아남기위해발악을한다 국민들다짓밚고 범죄인혼자살겠다고 이제 종교까지 탄압 한다는 건가요 국민들이 원하지 않는 법을 만들지 말고 진정국민들이 원하는법을 만들어라 재판기피 방탄법 국민들은 징글징글하다 나라가 망해가는중 언제까지 날뛰게 둬야할지 찟죄명 속이타네 권력도 과하면 부러진다 이게 현실화가 가까이오나 역사는진실을말한다추후가염려된다 이제명믿처돌아가고인내 증인과 증거를 없애자는 건가 국회 헌재 내란 뺏다 내란아니다 단 윤통 파면뿐이다 특검 수사 해산 모두 석방하자 핵심 선거 반국가 거둘떠 보지 않다 국민 보기엔 그냥 변죽만 헛탕 내란 확증 은 3차 소추받아야 내란범이다 탄핵무효 법치파괴 놈이 죽을때가 됐나 봅니다 인민 재판소 설치와 종교 탄압은 정권 망하는 지름길이다 거대한 자유 물결이 백성들의 민중저항인 민중봉기로 승화할 것이다 한국에세서 이제 종교탄압이벌써부터 벌어지고 있는데도 많은 기독교인들은 입도 벙긋 못하고 있다 목사가 구속당해도 교회가 수색당해도 교인들은 거의 저항도 안한다 교회가 없어지면 교인들 그때는 뭐 할까 미쳤구나 미쳤어 조원철 한쪽으로 치우친사람 이재명변호사가 뭔말을 하겠는가 이게 법제처장인가 중립을 지켜라 통일교는 더불거공산당과 엄청난 거래가 있다 종교는 일반 사단법인과 다름니다,1
CPF2ATk5fdk,선관위 간부 2명 드디어 검찰 송치 민중기도 고발당해 오상종 자유대한호국단장,부정선거 외치는 오상종 단장님 국민영웅 입니다 부정선거 세력들 모조리 때려잡아 처형해서 나라를 바로 세웁시다 오상종대표님 같은분이 국회들어가야 합니다 지금은 체제전쟁중 통일될때까지 확실한 우파투사들이 뺏지를 달아야합니다 장동혁 대표를 따르지 않는 국힘당 국개의원은 무조건 떨어뜨려야 합니다 무조건 묻지도 따지지도 말고 노태악특검 전국민이일어나야한다 오상종단장님 감사합니다 배신자들 기억해 두었다 지역 자유 우파 유권자들이 낙선 운동합시다 우파는 얼굴이 모두 선하게 생겼어요 민중기 반드시 감옥으로 보내야 한다 분탕질 하는 국힘 배신자 고발 해 주세요 진짜 애국자 오상종님입니다 현실적으로 진짜일하시는분입니다 권엥진 같은인간이 국힘당 이라니 민주당에 도움주는인간이 왜 국힘당에있나 배현진 한동훈 이런자들 내보내야되지않겠나 공천도 잘해야 합니다 부정선거는 중공을비롯 미국도 일부 공화당 민주당이 또 정보기관까지 개입된 그 카르텔이 너무나 크기때문에 트럼프도 무척고심하고 있고 때문에 부정선거로 대권노릇을 하는자는 핀셋 제거를 하고 대선은 전자개표가 아닌 수개표로 시행해야 할것이다 범죄자 공화국이된 나라 부정선거로 국회의원이 되고 대통령이된 나라 우리나라 대한민국 나라가 망가지고 공산화가 되어 중국으로 넘어가고 있습니다 오상종 파이팅 오상종 단장님 감사합니다 멸공 오상종단장님 고생 많으십니다 화이팅하세요 자유대학멤버리더들 최하40 이상 출마권주어야 검사 판사들 나라위해 빨리 부정선거 밝혀라 선관위는 해체 되어야 한다 너무나 썩은곳을 모두 끌어내고 선관위를 해체가 답이다 감사합니다 오상종단장님 가족회사 선관위 부정선거 하루빨리 밝혀지길 간절히 기도합니다 단장님 고생하셨습니다 오상종 단장님 한동훈 조경태 한지아 김예지 김용태 김재섭 배현진 양향자 빨리 출당 하라 오상종단장님의애국활동을 적극지지하고 응원합니다 건강 조심하세요 선관위 해체가 답이다 오상중단장님 소식 너무 감사합니다 단장님 최고십니다 당신들이 진정한 애국자십니다 오상종단장님 화이팅 고생하셨습니다 오상종 단장님 진정한 애국자이십니다 주영호 의원도 퇴출운동 응원합니다 국힘당의원들 중 당론을 위반하고 해당행위를 하며 적을 이롭게 한 반역자 42명은 반드시 우파국민들 손에 척살되어야 합니다 단장님 신변 안전에 유의하시기 바랍니다 좌파로부터 협박 위협등을 받을것으로 보는데 경호문제는 잘 하고 계시리라 믿습니다 지지합니다 멸공 배신자들 출마지역엔 아스팔트투사들 출마하면 어떻겠습니까 잘시청했습니다 감사합니다 오상종 단장님을 응원합니다 국힘당배신자가40명이라고요 40명고발해주세요 국민의힘은 왜 고발하지 않고 바쁜 오상종 단장에게 수고를 하게 만드냐 옳습니다 Right 민중기특검받아라 미국에서 부정선거 척결을 지원할테니 한국에서 호응하라는 멧세지가 떳는데 목숨걸고 싸울 준비는 되었나요 오단장님 이시네요 고생 많으십니다 지난 여름 더운 날씨에 고동진 사무실앞에서 뵈었어요 감사합니다 수사 여부를 떠나 계속 민주당측 사건 계속 고발해야 합니다 특검이 노상원 회유 협박 했데요 특검 됐다 널리 알리세요 노태악을특검을하라 오상종 단장님 수고 많으십니다 국힘 의원들은 오상종 단장님 좀 본받아라 단장님 힘내시고 열렬히 지지합니다 선관위 이 무리들은 자국을 망치고 나아가서 전 세계를 혼란스럽게 하는 단체인데 미국에서 잡아다가 처벌 하면 안되나 본보기를 보여줘야 이 사기꾼 범죄자들이 바지에 지리며 두 번 다시는 지렁이 가득 그 대가리로 나쁜 생각을 안 하지 좀 전에 영상을 보니 미국에선 죽은 자들의 명의로 투표를 한 것이 발각이 되었다는데 이대표님 진행을 매끄럽게 하세요 친절하게 고생하는 분들 어렵게 통화하는데 좀 깔끔하지 않아도 들어주고 가끔 통화 방송에서 상대 무시하는 말투와 진행이 느껴진다도들합니다 공천을 안받아야조일단 공천주지마세요 국힘배신자놈들 다시는 배지못달게합시다 오상준 대표님 늘 응원합니다 대한민국을 위해 정말노력하시는 대표님 화이팅 부정선거 부정선거 중공 왕후닝 부정선거 가짜 아웃 까 주호영 끌어내려라 대구가 부끄럽다 김용빈도 잡아다가 가둬야지 노태학 사무총장 고발 하세요 장동혁 대표님 배신자들은 공천을주시면 안됩니다 제발요 오상종 단장님 최고최고 존경합니다 나라바로 세워주십시요 늘감사합니다 오상종단장님 화이팅화이팅 응원합니다 자유대한호국단장님,1
zeJ6gmzZoYM,시스템공학으로 계엄 과 내란 을 명쾌하게 풀어냈다,나라를 위해서 끝까지 최선을 다하시네요 감사합니다 지만원박사님 건강하십시요 나라위한헌신에감사드림니다감사합니다 대한민국의 지만원 박사님 응원합니다 늘 공학박사님 건강한모습 보니 보기좋습니다 많은고초를격으시고 고생많이하셨습니다 추운날씨건강잘챙기세요 감사합니다 지만원박사님은 진정한 애국자입니다 건강챙기세요 전세계 부정선거에 사용되는 한국산 A wab에 대하여 다뤄주세요 신속하게요 급합니다 지만원박사님 애국을 향한 충정에 진심으로 감사드립니다 응원합니다 내란은 범죄4범 리죄명이 부정선거로 정권찬탈 했읍니다 리죄명은 내란수괴 입니다 탄핵시켜서 끌어내려야 합니다 범죄4범 리죄명 방빼라 수십년간 기나긴 탄압을 받으시고 최근에는 긴 옥고까지 고령의 나이에 치르신 박사님 당신은 나의 인생 롤모델이십니다 존경합니다 자유대한민국 애국 지만원 박사님 추운 날씨에 건강 잘챙기세요 민주당 과 간첩박선원 과 국정원돈 횡령한홍장원 이 만든 내란조작죄 입니다 윤대통령 은 내란 을 한것 이 아니라 불순분자 에 대한 게엄령 계몽령 이었습니다 시스템 공학 박사님 건강 잘챙기세요 박사님 내란은 이재명 민주당100 이분 확실히 정리 해주시네요 이진관은 친중쎄쎄판사고 이정재 판사는 칠성사이다 판사님 화이팅 지박사님 참으로 오랫만에 뵙습니다 윤통은 최근까지도 518 정신 호의무사와 다를 바 없었다 그러니 최근까지의 정세 판단력에 대해 사과해야한다 부정선거 의회독재에 대해 계엄을 선포한 것은 잘했다 무죄로 풀려나는 것이 맞다 이것이 지박사님의 생각이라고 본다 지만원 박사님 건강하시네요 대단한 애국 수호의 상징 지만원 박사 요즘은 이상하게 지만원 박사 지귀연 판사 두 이름이 자꾸 연상 된다 내눈에 딱 드러오는 사람들은 지만원 박사님 그리고 서울역에서 부정선거 척결주도하는 이름은 잘 생각나지 않음 무슨 박사님 그리고 진격의 변호사들 이정도가 찐 정의파 지박사님 주장은 system이 안 망가졌을 때고예 now 현시점에 시스템이 제대로 임미껴 뭘 어렵게 분석하나요 헷갈리게요 계엄은 대통령 기본임무인데 자기일을 했다고 내란인가요 일을 못하게 한 것이 내란이지요 알림 오늘저녁11시다썰남tv에서우파끼리전화토론생중계 대박날것이다 시청자수와채팅 초천재 고대경영학과 vs여포 참고로 나는초천재가최고의우파브레인으로생각 지만원 박사님 진정한 애국자이십니다,1
Q4mjY68d_8w,트럼프가 베네수엘라와 한국에 대해 같은 날 행동에 옮겼다,트럼프 대통령 존경합니다 한국에도 상륙하시길 미국과한국은 혈맹이다 한국 부정선거 카르텔들 일시에 척결 끝까지 응징해야함 곧 대한민국도 정상국가로 세계의 위상이 될수있기를 트럼프 따봉 베네수엘라를 접수하고 스마트매틱 선관위 서버에 관한 자료를 확보하기를 바랍니다 듣던중 젠 반가운 소식이네요 트람프 화이팅 한국으로 고고씽 계엄이후 한국 군인들 중에 간첩들이 많다는게 드러났으니 하루빨리 움직여주시길 가슴이 웅장해진다 트럼프 대통령 화이팅 트럼프대통령 건강하시고 대한민국을 도와주시고 언제나 화이팅 하셔요 멸공 트럼프 화이팅 트통님 최고최고 존경합니다 누구압력으로 출입했는지 낱낱이 조사해서 엄벌처하라 처하라 분명 있고 미국에서 엄벌처해야한다 트통님 얼른 하루라도 빨리 와 주세요 1기 정부때 알고 지낸 트럼프대통령님 이제 자유민주주의 이나라에도 어서 오세요 트럼프 대통령 파이팅 응원해요 부패 정권 공산주의자들 언제 처단 할런지요 이미 대한민국 은 누군가의 도움없이는 정상화 될 수가 없다 군사돌입 항공기 띄었다 제발 한국에 부정선거 좀 밝혀주세요 프레지던트 트럼프 화이팅 진실이 승리합니다 하나님이 함께 합니다 트럼프님 강력히 지지합니다 우리나라도 악의 무리들 손 봐 주시길 기도 합니다 제발 하루빨리 끌어내려야 합니다 트럼프 대통령 만세 만세 만세 이세상 모든 악에 근윈은 모두 중공공산당 때문 임니다 중국을 앞세운 한국의 부정선거 테러단체 선관위 를 공격해 주세요 트통님 응원합니다 South Korea 잡범들도 부디 좀 청소해 주세여 다음 은 한국 인가요 트럼프여 한국을 도와주세요 부정선거로 가짜대통하는 찢두루를 심판해주세요 제발 이재몀 이좀 끝어 내렸으면 오늘도 진실에 목소리 올바른 목소리에 고맙고 감사함니다 조은석특검팀을 미8군사령부에서 특수군인들이 즉각 군부 침입죄로 잡아 들여야 맞지 않나요 항의성조치가 아니고 경고성 징벌성조치조 트럼프 대통령 볘네스월라 작전 종료하고 대한민국 가짜 괴물 이죄명 긴급체포 미국 관타나모로 압송 처리해야 한다 유조선나포는 언제 오산기지 압수수색은 배후에 중국 공산당을 따르라 선관위 서버 야바위꾼 조직이 연결됫다구 봅니다 공산주의 민주주의 공산화 민주화 공산화운동 민주화운동 국정원무력화 국정원개혁 검찰무력화 검찰개혁 국방력무력화 국방개혁 북한이먼저다 사람이먼저다 북한중심경제 사람중심경제 우파 보수 좌파 진보 전교조세뇌교육 전교조참교육 적화통일 연방제통일 트럼프대통령님 천재 이십니다 멋있다 세계인류 평화주의자 베네수엘라 타결 그다음 한국 부정선거 척결 대통령 세계나라에서도 존경 합니다 중국으로 가는 배가 맞다고 봅니다 제발 이재명도 빨리 빨리 트럼프 대통령님 화이팅 범죄자 정권 아래 고통속에서 살아가는 대한민국 서민들을 위해서 라도 범죄자 이죄명이 를 심판 하여 주세요 트럼프 대통령님 훈훈한 뉴스입니다 자유 대한민국이 중공 CCP 에 극 좌파 이재명 정권이 굴욕 합병 당하기 보다 경제 강국으로 미 합중국 51개 주로 편입이 타 당 할 것 같다 국민 투표로 결정해 보자 죄명이잡아가세요 베네수엘라에 너무 힘을 빼면 중국이 다른 나라를 잠식하고 있다 베네수엘라를 빨리 끝내야 다음 타겟으로 중국을 칠수 있다 지금 베네수엘라에 너무 뜸들이고 힘을 빼고 있는 상황이다 사물을 객관적 으로 신뢰도 최고 NBS 4개 합동여론조사 이제명 국정지지도 62 정당지지도 민주당 44 국힘당 20 사물을 객관적 으로 트럼프대통령님 도와주소서 프리윤 윤어겐,1
DR1qZMZf8R4,내란특검 증거조작 잡아낸 위현석 변호사,조작특검을 특검하고 엄중한 처벌을 해야 합니다 뒤집어 엎어서 정상적인 사회로 이끌어 가야 합니다 증거조작 특검 맞습니다 특검을 특검해야 합니다 특검 이렇게 하라고 누가 지시 했는가 그 배후를 밝혀라 특검을특검해라 나랑망치고 사람목숨을벌레만도못하게만드는특검 본인생명귀하게생각하면 남의생명도귀하다는것알아봐나쁜놈특검죄값받아라 위현석 변호사님 훌륭하십니다 조작특검을 특검해라 특검을 특검하라 이재명을 재판하라 이재명 재판 속개 in 홍대 날짜 12 13일 토 시간 오후 1 30 장소 마포구 독막로 57 웰빙할인마트 앞 주최 자유대학 누명 올가미 씌우는 수법으로 나라가 듸비젔어요 노상원장군 적극적으로 지지합니다 훌륭하십니다 자유 대한민국 대통령 현실이 사라져버린 김문수 대선 후보 자신이 날려 보냈으니 너무 나도 충격을 받았다 중공 CCP 중앙선관위의 음모 반역 행위로 투표는 압승하고 개표에 패한 김문수 후보가 아름다운 승복 선언이 표을 준 자유 우파 국민에 엄청난 실망을 안기고 말았다 미국 트럼프 행정부가 부정선거 수사 착수했고 온두라스 베네주엘라을 넘어 극좌 이재명 정권에 쓰나미가 덮칠 시간 눈 앞에 보인다 김문수는 비 운의 정치인으로 사라지게 되니 참 안타깝다 김문수 정신 좀 바짝 차려보라,0
