url,title,comment,target,attitude
HdkxmpeZMbw,김치 60kg? 이것은 기본입니다.,"우리 여사님 야무지고 지혜롭고 뭐던지 잘 하실것 같아요 사랑합니다 우리 김혜경 여사님|||여사님 김장김치 보니,수육.족발이 생각 납 니 다.|||어쩜|||좋아요 수고 하십니다 항상 응원 합니다|||여사님들의 모임 화기애애 하고 음식문화도 홍보하시고 나라가 이제야 격을 갖추고 제대로 돌아가는 것 같습니다|||김혜경여사님 너무이쁘시다 수고많으셨어요,대사부인님들도 이번기회 김치담가보는것도 그들한테 흥미로운일이죠|||우장춘박사님 고개숙여 감사드립니다 박사님덕분에 감사한 마음으로 배춧 잘 먹고 있습니다|||감사합니다! 지금 진짜 대한민국입니다!|||세계가 김치에 푹 빠지는 날 기대합니다 ㅎㅎ 여사님 넘넘 사랑합니다|||여사님 최고 너무 아름다우세요 항상 응원 합니다|||있는그대로 자연스러운 분위기|||여사님 김치 홍보대사 아주 친절하고 따듯하게 잘 하고 계시네요.|||고우셔라 자랑스럽습니다 김혜경여사님 고맙습니다 존경하고 사랑합니다 건강해주세요 힘내십시요|||여사님 너무잘하세요!! 늘 이프 여사님 잘보구있어요 자부심많이가지구있어요 대한민국국민으로써 고맙습니다늘 사랑하고 존경해요|||힘내세요 건강하세요|||참 단아하고 품격있다!!!|||해외에서 김치데이가 있다니 놀랍네요|||김혜경여사님 영부인다움. K김치외교|||응원합니다 화이팅|||맑다|||이제 나라가 제대로다 대통령 영부인 다운 나라|||안뇽하심니까 이재명 대통령님 충성! 울 여사님은 어쩜 이리 싱그러운 봄 느낌이실까효|||자랑스런 우리 영부인님|||말씀도 참 이쁘게 잘하시고 상대방을 잘 배려하는게 느껴져요.|||여사님",0,0
QnGUCpCf-1g,"풀버전 강력한 지방자치, 강력한 균형성장, 5극과 3가지 특장점","그냥 아프지 마시고 가만히 계시면 국민들이 안심하고 신뢰하게 될 것이고, 잘 살 수 있을 것입니다. 내부문제가 하루빨리 해결되어야 이 나라 국민들이 걱정하지 않으실 테니 그것만 바라보고 함께 씩씩하게 걸어갑시다! 모아보자!|||이재명 회장은 뭐든 하고 싶다. 그는 최고의 대통령입니다.|||나의 대통령|||이재명 대통령님, 영원히 집권해주세요.|||또한! 지역시대! 이잠통! 화이팅!|||우리 잼 회장|||이재명 대통령님, 성공적인 집권하셔서 역사에 길이 남을 수 있기를 바랍니다.|||사랑해요 잼 회장님|||나는 당신을 응원합니다.|||저는 울잠통이 정말 자랑스럽습니다. 파이팅, 선진대한민국!!! 오직 국민과 국익에만 집중하시는 모습에 국민들은 감사드립니다.|||대통령님, 존경합니다. 감사합니다. 나는 확신한다. 사랑해요.|||나는 항상 당신을 지원합니다. 감사합니다.|||워커홀릭. 대통령님, 건강에 유의하시고 일하실 수 있도록 늘 존경하고 지지합니다.|||감기 조심하세요|||우리 사장님은 항상 열심히 일하십니다.|||나라와 민족을 사랑하시는 이재명대통령님은 최고이십니다|||부실공사와 지역 건축물 건설에 대한 처벌을 강화해 주세요. 뭐든 대충 지방으로 해도 괜찮나요? 이는 다시 지역 영토를 겨냥한 것이며 부실이 시정되지 않았습니다. 지방 강화에 관해 질문을 받았을 때, 서로를 바라보며 하는 사람들의 구조를 철저히 관찰하시기 바랍니다. 지방도로도 폭우와 추가 덧씌우기 공사로 1년 안에 너덜너덜해진 도로... 아니, 도로 건설은 이것저것 고려해서 해야 한다고 생각합니다.|||TV 방송 때문에 공무원들이 많이 긴장한 모양이다. 준비된 많은 답변을 들을 때마다 이잼의 효능을 느낍니다.|||잼 대통령과 5극, 3특수부대가 싸우고 있습니다!|||균형발전이 지역산업과 경제발전으로 이어지기를 바라며, 이재명 회장님을 응원하고 지지합니다.|||잠통아, 세상 끝날까지 국민을 지키겠다. 항상 건강하시길 바랍니다. 화이팅.|||정말 천만에요|||대통령님, 건강 잘 관리하고 계시나요? 기운을 내다. 나는 항상 당신을 지원합니다.|||사랑해요 극잠회장님.|||대통령님, 대통령님, 왼손을 켜라는 제안이 있습니다. 모든 차량의 방향지시등을 점등할 수 있도록 관련 부처에 지시해 주시기 바랍니다.",0,0
mUXxgzTy6b8,MBC 박상후가 시사사진기자에게 혼났다.,"제대로 말했구먼|||초상권 침해하니깐 손 대지|||기래기 사진사...|||불법촬영 하고 어디다 손대냐고 짖어대는걸 혼낸다 고 하는거 실화냐 ㅋㅋㅋㅋ 박상후 국장이 점잖네|||그럼 너는 왜 찍냐?|||시사인 이나 뉴스타파나 시청율 나오긴 하냐?|||니가 사람이냐? 박상후 말이 맞는게 증명됐지?|||박상후님 신사네. 불법촬영하고 되려 큰 소리. 똥 낀 놈이 성낸다더니|||박상후 부장님 화이팅|||사람한테 손을 대냐구?란다 그건 할 소리냐 부끄러운 줄 좀 알아라 어른한테, 당신의 초상권 침해, 불법 촬영은 되고 말리는건 안되냐? 이런 창피한 영상이라도 올릴수 밖에 없다는건 급했다는 거지ㅋ|||옛날에 무슨 일이 일어났는지 모르지만 현재 정치사회 분야의 유튜브 채널 중 박상후 기자의 채널이 최고이다.|||역겹다 박상후 기자님의 문화혁명이 훨신 유익하고 더났다|||아 사이다.. 속이 다 시원하네 역시 시사인은 사이다야",0,1
SwQfHZJi_UI,박근혜 대통령이 미국 기자들의 질문에 답하고 있다.,"와... 정말...|||흠, 당황한 건 우리 탓이겠죠..?|||선실 씨, 질문이 있어요. 어떻게 대답해야 합니까?",1,1
AuXnBq1gKDg,풀영상 뉴스타파 한상진 기자 안종필 자유언론상 특별상 수상 소감,감동적이에요. 나는 항상 당신을 지지하고 믿습니다.|||그때는 미안했어요. 이제 윤석열님이 조직에 충성하라는 말씀을 이해하게 되었습니다. 나는 당신을 지원합니다.|||축하하고 죄송합니다. 진짜 기자인지 몰랐는데... 기자님 덕분에 진실은 언젠가 밝혀진다는 걸 배웠습니다. 뉴스타파 후원에 참여하겠습니다.|||저는 뉴스타파를 지지합니다. 한상진 기자님 말씀이 맞습니다. 사실대로 보도해주셔서 감사드립니다. 힘내시고 응원합니다.|||축하해요!|||취향에 맞으시면 욕하는 가벼운 말에 흔들리지 마세요... 기자로서의 명예를 걸고 씩씩하게 전진하시길 바랍니다... 용기 잃지 않도록 늘 응원하겠습니다!!!!,1,1
mBq-FvzOLHU,민주정책연구위원의 천만 원 해외출장 비결,"어느 세력에 속해 있든 그 놈들을 비판해야 합니다.|||그럼 당신은 누구입니까?|||더불어민주당은 물론, 대한민국 전체가 이런 수준입니다ㅜㅜㅜㅜ 참 불쌍한 국민입니다.",0,1
_GLRmAmVVts,범죄의 이름은 K-Madu입니까? 배승희 뉴스배달,"배승희 변호사는 국민의힘 국회의원, 대표, 보수우파 대통령 대변인, 대한민국의 두 번째 여성 대통령이 됩니다. 하나님이 당신과 함께 계시니 그것으로 충분합니다. 파이팅 파이팅 할렐루야 아멘|||제발 이재명씨를 재판받게 해주세요.|||최고의 배승희 변호사는 귀중한 정보로 국민의 마음을 꿰뚫는다. 귀를 활짝 열고 주의깊게 듣습니다. 나는 항상 당신의 말을 듣고 있습니다. 감사합니다. 화이팅.|||정의로운변호사님께 항상 감사드립니다. 오늘도 행운을 빕니다.|||정말 그랬으면 좋겠습니다.|||윤석열 총장을 석방하라.|||그렇게 되기를 기도합니다.. 파이팅 배승희 변호사....|||지금까지 들은 소식 중 가장 좋은 소식은 이재명이 미국으로 간다는 소식이다.|||정말 기대됩니다. 나는 미국이 하루빨리 이재명을 압수해 국제법정에 회부하기를 바라고 기다리고 있다.|||배승희!! 9월에는 하늘에서 9만 마일 떨어진 곳에서 파랑새처럼 높이 멀리 날아가시기 바랍니다. 자유의 여전사 중 1위!!|||한국이 정상 궤도에 오를 수 있도록 뭔가 조치를 취해주세요.|||옳은 말씀을 해주셔서 감사합니다.|||진심으로 그러기를 바랍니다.|||배승희 변호사님 항상 정확하고 빠른 소식 감사드립니다. 힘내세요. 끝까지 우익의 소통채널이자 힘이 되어주셔서 감사드립니다. 국민들이 힘을 더해줄 것입니다. 나는 당신을 지원합니다. 미국이 이재명을 잡아서 대북 송금 사건까지 다 처벌했으면 좋겠다.|||감사합니다|||말로만 하지 말고 빨리 실행에 옮겨졌으면 좋겠습니다.|||파괴!!|||배승희 변호사님 힘내시고 파이팅하세요. 립의 딸들은 어찌할 바를 모르니, 형이 아니라면 남편과 함께 가십시오. 나는 당신을 지원합니다.|||장동혁 의원이 바라는 투쟁... 진보 우파 애국자 배승희! 안녕|||애국열사 배승희 변호사님, 정확한 정보와 정확한 말씀 전달을 위해 애써주신 노고에 감사드립니다. 더운 날씨에 늘 건강하시고, 힘내시고, 행복하시길 바랍니다. 나는 당신을 지원합니다. 많은 지원 부탁드립니다.|||우리나라에 오면 제일 좋을 것 같아요. 기대해도 될까요?|||정확한 소식을 빠르게 전해 주셔서 감사합니다. 하나님께서 아름다운 변호사 배승희 변호사님을 축복해 주실 것입니다. 아멘 !!|||제발|||항상 감사합니다.|||우리가 무슨 일을 하든 공산주의는 막아야 합니다.",0,1
jpvcDMOwo40,"눈치없는 이신명, 배승희, 소식 전달","미국은 범죄자들과 대화하고 싶어하지 않습니다.|||배승희 변호사님, 노고에 감사드립니다. 당신이 우리에게 이 범죄에 대한 많은 사건과 이야기를 이야기하는 것을 주의 깊게 지켜보고 있습니다. 항상 알려주셔서 감사합니다. 나는 항상 당신을 지원합니다. 오늘도 파이팅입니다.|||작가님들은 불리한 내용은 모두 삭제하셨으나, 유익하게 보실 수 있도록 배승희님이 인쇄해 주셨습니다.|||배변호사가 최고입니다. 소식을 볼 수 있어서 감사합니다.|||항상 올바른 소식을 빠르고 정확하게 전달해 주시는 배승희 변호사님께 감사드립니다!|||최상의|||배 의원님, 항상 응원하겠습니다.|||국가는 발전해야 하는데 발전하고 있나요?|||배승희 변호사님, 노고에 감사드립니다.|||윤석열 총장, 모든 불법적인 정치적 탄핵, 헌법재판소의 정치적 면직, 기타 불법적인 정치적 체포를 모두 석방하고 정상적인 대통령을 복직시켜야 합니다. 국민의 의지|||우리 예쁜 변호사도 최고예요. 나는 항상 당신을 지원합니다. 대한민국이 다시 행복하고 멋진 나라가 될 때까지 응원해주세요.|||한국은 어쩌다 이렇게 됐나? 이것이 사람들이 원하는 세상인가?|||배승희 화이팅|||재미있게 잘 ​​봤습니다..너무 친절해요.|||변호사님, 건강 잘 챙기세요.|||배승희 변호사. 건배! 정확한 소식도 볼 수 없었는데 여기서 볼 수 있어서 감사합니다.|||아, 안타깝네요. 이 나라의 국위가 추락하고 있습니다. 우리나라의 이전 정부에서는 들어본 적도 없는 일이다. 내 인생에서 이런 일을 보면 정말 화가 난다.|||상쾌한 말씀 감사드립니다. 행운을 빌어요.|||취소하거나 연장하세요. 조건을 걸었어요|||배승희 변호사님, 화이팅!|||그것은 인생이라고 불립니다. 그게 다야.|||최고야|||나는 배승희씨의 날카로운 비판을 늘 지지합니다.|||역시 배짱은 최고야|||고품질 방송",0,1
l4a99pWTAjI,재판에 쏟아진 새로운 증거..!! 배승희 뉴스배달,"변호사님, 신선한 소식을 전해 주셔서 감사합니다. 나는 항상 당신을 지원하고 있습니다.|||지귀연 판사님, 대한민국을 지켜주세요. 법을 준수하시기 바랍니다. 감사합니다.|||주님, 대한민국을 지켜주소서 배승희 변호사. 아멘.|||배승희 변호사님, 정말 사랑합니다.|||항상 좋은 말씀 감사드립니다. 구독자 174만 명을 보유한 배승희 변호사는 유튜브 스타다. 마지막으로 한국이 다시 정상 궤도에 오를 수 있기를 바랍니다.|||지 판사님! 국민들이 지켜보고 응원하고 있습니다. 당신은 역사에 남을 것입니다. 인생은 한 번 뿐이고, 적합한 사람이 드러날 것입니다|||수고했어 배승희. 힘내라 배승희!!!!|||배승희 변호사님, 감사합니다. 적극적으로 지지합니다.|||배승희 변호사님, 감사합니다. 건강 잘 챙기세요. 화이팅.|||배 변호사님, 항상 맑은 사이다 방송을 제공해 주셔서 감사드립니다. 건강 잘 챙기시고 행운을 빕니다.|||거부하는 자들이 범인이다!!!|||배승희 변호사는 얼굴도 예쁘고 우익계의 큰 인물이다. 오늘도 다시 한번 감사드립니다.|||북한에 돈을 준 사람들을 체포하고 조사하십시오|||사법부는 이 혐의에 대한 재판을 재개해야 한다. 서울고등법원 이재권 판사님, 환송 및 선거법 위반 재판을 신속하게 진행해 주시기 바랍니다.|||국회가 정화되지 않으면 대한민국의 미래는 없습니다.|||그 놈들이 특검을 임명하면 그냥 특검인데, 국력이 특검을 추천하지 못한다면 이재명이 살려주는 셈이다.|||배승희 변호사님, 정말 차분하고 좋은 말씀을 해주시네요. 조금 걱정됩니다. 항상 여러분의 건강에 대해 듣고 응원하고 있습니다. 최선을 다해주세요.|||똑똑한 변호사님, 정말 대단하세요. 아멘. 맛있어요. 여러분의 노고에 감사드립니다.|||대한민국이 미쳐가지 않도록 구해야 합니다.|||윤석열 회장님!|||우리는 함께 산다|||티컴. 다만 특검은 야당 출신이어야 한다. 임명되어야 한다|||윤석열 총장은 무죄!! 다시 일하러 가야해요!! 이 갱단원들은 반역죄인들이야!!|||윤 총장이 무죄 판결을 받길 기도합니다. 억울하게 구금된 윤 총장이 석방되길 바랍니다.|||배승희 변호사님, 노고에 감사드립니다. 힘내세요. 나는 당신을 지원합니다. 우리 윤석열 총장을 빨리 석방해 주십시오.",1,0
MBT4XkJuHFo,"대통령, 쿠팡 사태 과태료 강화하고 징벌적 손해배상 제도 현실화해야","정보 유출 전, 서영교 쿠팡 임원을 만났다. 이번 사건과 관련이 있나요?|||신세계나 롯데가 주도적으로 만들 수는 없을까? 국민들이 힘내세요!!!|||쿠팡을 대체할 회사를 만들자!!!! 쿠팡 불매운동!!!!",0,3
fLEtjM-8Tno,"김광일, 박은주, 장원준의 화창한 날, 대통령의 국가 권력에 반하는 범죄는 나치 전범 취급을 받는다. 이것은 나치의 전쟁범죄와도 같은 발상이다.",사람들이 제정신이 아닌 한 아무것도 두려워하지 않습니다. 더 큰 문제는 이런저런 집단의 악행을 보고도 아무 느낌이 없는 사람들이다. 방송과 언론의 올바른 보도가 없으면 국민은 거짓된 정보만 믿게 됩니다.|||하루라도 빨리 뱀의 눈을 잡아야 살아남을 것이다.|||마치 그가 자신에게 가하고 있는 형벌의 수준에 대해 이야기하는 것 같습니다. 내전은 없습니다. 실험만 있었습니다.|||말만 하지 말고 대책을 얘기하라|||이재명그룹과 더불어민주당은 자신들의 행위를 자백하고 있습니다! 이를 빨간불 상황이라고 합니다.,0,1
ROyXpQ93B5o,"2022년 대선 때 김광일, 박은주, 장원준이 양측에 자금을 기부했다.. 통일교 녹취록에는 여당 주요 인사 여러 명이 언급됐다!?","가짜특검에 엄중히 대처하라! 이런 놈들이 나라를 망치고 있다. 반드시 엄벌하여 나라의 정의를 실현하길 바랍니다!|||더불어민주당의 목표는 거짓말이다. 여당은 거짓말과 선전으로 살아간다!|||돈에 눈이 먼 정치인들이 아직도 나라를 쓰레기통으로 만들고 있다. 국민을 위한 정치는 엉망이다! 서로 죽이는 범죄집단,|||통일교를 국권화하려는 민주당의 사주이기도 하다.|||가장 어리석은 특검과 민주세력|||사이비종교든, 돈이 있는 회사든, 어떻게든 사기당하고 자기 생각대로 살아온 사람들이다. 그들에게는 하나님이라는 든든한 버팀목이 있는데, 왜 이렇게 비참한 사람 때문에 당황하는 걸까요? 강금실과 한명숙은 정의로운 척, 위선적인 척을 하고 있다.|||그렇죠, 그렇죠!! 하도급조사법은 멍청하고 정당하다!!!! 무슨 일이야!!!|||통일교회는 종교가 아닙니다. It is Sun Myung Moon's group. 돈으로 귀신을 사는 집단 아닌가요? 돈 주는 사람은 누가 처벌하나요? 특검법에 특검을 신설해야 한다.",0,1
FbmI12xCcgA,감독: 가장 큰 위험은 누구입니까?,"주식시장은 전쟁 중인 나라보다 더 나쁘다고들 합니다. 지금 대한민국은 엉망이다.|||한국은 정치가 얼마나 중요한지 모릅니다. 하루빨리 가스라이팅에서 벗어나야 하는데 정치는 국민의 부지런함과 성실함을 잊어버렸다.|||정치는 언제나 경제위원회에 있어요!|||2024년 투자 목록에서 브라질은 꼴찌였으며, 한국은 꼴찌에서 3위를 차지했다.|||다행히 이재명 정부다. 주식으로 바람피우면 그룹이 망신을 당할 것이라고 했습니다.|||9개월 뒤에 왔습니다. 대한민국 대통령이 윤석열에서 이재명으로 바뀌었고, 코스피는 이제 3700을 넘어섰다. 삼성은 전자제품 10만 코앞에 와 있다.|||주가를 조작하는 사람은 수사도 처벌도 받지 않지만, 주식에 투자하는 사람은 바보다.|||분명하지 않나요? 정치와 사회를 바탕으로 투자하는 기업? 하하, 그렇군요.|||자원을 어떻게 배분하느냐가 정치의 존재 이유인데, 정치가 엉망이면 그냥 서로 죽이는 것 아닌가? 그러니 정치가 불안정한 나라에 투자할 이유가 없습니다.|||정치가 안정되어야 경제가 안정되어야 국민이 정치에 관심을 갖고 투표를 잘해야 합니다.|||정치도 엉망이고, 주주를 대하는 회사의 태도도 엉망이고... 투자할 이유가 없습니다.|||이거 만든 사람들이에요!! 당신이 기득권을 갖고 있다면, 그들이 마땅히 받아야 할 존엄성을 보여주어야 합니다. 돈과 권력에 미친 사람들만 추천하고, 여론을 조작해 사람을 뽑고, 자기들의 앞잡이 행세를 하고, 심지어 시스템을 고치려고까지 하는 사람들이다. 누구를 비난할 수 있나요?!! 그래서 그들은 주가에 별로 관심이 없는 것 같습니다. 국내 투자자들만 신난다!!|||업계의 레이아웃, 장기 투자자가 가져야 할 관점.|||투표 잘하자 아래에..|||아, 투표를 잘 해야겠네요. 정치인들 때문에 우리나라의 국가적 위상이 부정적이다. 국가가 내 안전을 위해 뒷전으로 밀리고 있는 것이 걱정됩니다.|||아, 무릎을 쳤어요.|||지금 생각해보면 그게 맞다. 기업에 투자하기 전에는 국가의 정치적 안전이 우선입니다. 아무리 TSMC가 훌륭해도 내전이 벌어지면 투자가 쉽지 않을 것이다.|||내전으로 인해 신뢰는 더욱 상실되었고, 내전 이전에도 주식을 가지고 장난을 쳤던 것으로 알고 있습니다. 그렇다면 외국인 투자자가 한국 주식시장을 어디에서 믿고 투자할 것인가?|||정치인들은 대단한 사람들이라고 ㅋㅋㅋ 현실을 보면 분단국가의 유일한 주적은 북한이 아니라 상대방이죠 ㅋㅋ|||국력이 사라지면 주식시장은 날개를 달게 된다.|||한국 정치는 삼류다. 사람들은 지역 정서에 따라 투표하고 당만 본다… 변화의 가능성은 거의 없습니다.|||우리는 주식에 투자할 때 그 회사의 CEO인 담담도 봅니다. 국가 지도자를 바꿔야 합니다.|||한국을 대체할 수 있는 나라는 많다.|||모든 것을 분열시키는 세계 최대의 정치적 양극화를 겪고 있는 나라다. 따라서 실적이 좋아도 주가는 하락한다. 북한 문제도 있다.|||정확한 의견!",1,1
-iUoGreYT4Q,손석희의 질문 출연 코멘트,"현실 인식이 느린 기득권자들은 언제나 몰락의 길을 걸어갔다.|||검찰과 언론이 완전히 다른 종이 된 것 같습니다.|||방송을 보고 나니 언론이 가장 큰 문제라는 걸 깨달았습니다.|||정말 어색한데, 그를 최고로 데려온 기자의 인지도가 그만큼 높으니, '길레기'라는 용어가 왜 만들어졌는지는 죽는 날까지 모를 것이다.|||평범한 시민인 나조차도 그런 격차를 느꼈다는 사실이 안타깝다.|||격차를 느끼기보다는 굴욕감을 느꼈다. 뭐랄까, 사람들이 너무 무지해서 언론인들이 일하는 방식을 이해하지 못한다. 이렇게 일하는 게 문제라고 말하는 분들은 무식하고 무식한 분들이라는 걸 계속해서 상기시켜 드리는 것 같아요.|||미디어는 다른 세상에 살고 있다|||나도 봤어요. 아... 그래서 미디어는 바뀔 수 없다는 걸 깨달았어요.|||역시 류시민은 대단하다. 짜증내지 않고, 얻은 것만 생각하는 삶의 태도를 존경합니다.|||그냥 내버려 두세요. 망가진|||제보를 받았다면 이미 공개된 폭로보고서에 추가로 보고조차 할 수 없어 제보했을 것입니다. 하하하. 사람들은 자신들이 모두 장님이라고 생각합니다.|||현직 기자의 자존심을 뛰어넘는 오만과 편견으로 가득 찬 긴장된 태도를 보는 내내 방송 내내 불편함을 느꼈어요!|||방송을 보다가 기자가 사람들에게 “나한테 함부로 하지 마세요”라고 했을 때 그런 생각이 들었다.|||그는 화가 났다고 말했습니다. 보는 내내. 내가 지저귀는 소리를 듣고 있는지 확인할 수 있는 좋은 기회였다.|||문제는 현직 언론인들이 뉴스 소비자들이 알고 있는 사실과 현실을 모르고 있다는 점이다. 그래서 방송사 직원들이 시키는 대로 할 뿐입니다.|||잘 모르겠지만 오늘날의 언론은 그저 회사일 뿐이고 기자들은 회사에 이익을 주는 직원들이라고 생각합니다. 언론은 세계 꼴찌다.|||그들은 우리를 깨달음의 무지한 대상으로 봅니다. 덕분에 그들은 우리를 거위로밖에 보지 않습니다.|||보는 내내 너무 화가 났지만 작가님이 이렇게 배려해주시는 마음으로 대해주셔서 정말 대단하다는 생각이 들었습니다.|||기자가 자신이 어떤 공식적인 입장을 가지고 있는지, 자신의 의견이 지씨의 의견과 다르다고 말하자 그의 표정은 정말 짜증났다.|||한국일보 30년 베테랑 김희원씨를 봤을 때 정말 불쌍하다는 말밖에 할 수 없었다. 그들은 비판을 비판으로 생각하고 그것을 반박할 줄만 알고 있습니다. 차분하게 이야기 나누는 것이 좋을 것 같습니다. 기자들은 흥분한다. 왜 후배들이 다 저러는지 알 수 있는 대목이다. 겉모습만 보면 그 사람을 다 알 수는 없지만, 그 사람이 뿜어내는 불편한 에너지는 곁에 두고 싶지 않은 사람 같았어요. 황당한 건... 현 정부에 공격을 받고 있다고 하는데... 여당과 정부에 우호적인 글을 썼는데 야당에는 악성 글을 쏟아 붓고... 국민들에게 자기 편을 들어달라고 하는데... 왜 도와주지 않는 걸까요? 비난하는 모습이 마치 아이가 투덜대고 있는 모습을 보는 듯한 느낌이 들었습니다. 언론은 끝났습니다. 강력해지고 상용화되었습니다. 현존하는 공영언론은 정부와 여당, 민영화된 언론의 공격을 받고 있다. 저는 깨달은 시민이라면 공공미디어를 끝까지 지지하고 보호할 의무가 있다고 믿습니다. 지키지 못하면 결국 국민의 눈과 귀가 멀게 될 것입니다.|||썩은 과일은 저절로 떨어지는 경향이 있습니다. 유시민 작가님을 늘 응원하고 사랑합니다!|||그녀가 마치 특권층이자 위대한 지식인인 것처럼 언론인이라는 이야기를 하는 것이 매우 재미있었습니다. 여권과 청와대, 검찰이 그토록 철저했다면 지금의 한국은 세계 1위가 됐을 것이다.|||중앙일보 김진님과 함께 즐거운 시간 보내지 않으셨나요? 개표 방송 중에도 격차가 컸다. 전원책, 홍준표, 모두 서정욱 수준이다.|||유시민 작가님이 계시니 든든하네요. 감사하고 존경합니다.|||기자는 더 많은 권력을 갖고 싶어하는 집단일 수 있기 때문에 더 큰 윤리의식과 소명감을 가질 필요가 있다.",1,1
PLlZ137YkAE,8월 12일 6개월 정부 조태임 김준일 내란 재판소 서왕진 조진웅 퇴임 논란 똥덮힌 개 정청래 통치 김근식 박원석 서용주 이기인 김현중의 뉴스쇼,"8월 12일 뉴스쇼 뉴스연구소 정부 6개월간 성과회의 취소 민주주의, 사법개혁 속도전 국권에도 강제추행 의혹 CBS 조태임 기자, 시사평론가 김준일 인터뷰 내전법원, 위헌 논란 피하기 위해 필리버스터 제한법 입장 놓지 마라 조국 혁신당 원내대표 서왕진 뉴스방송 강승희 정치 레스토랑 조 진웅 퇴임 논란 조진웅 퇴임 논란 조진윤 똥투성이 개가 등을 돌렸다 정청래 법칙 1인 1표 김근식 국민의힘 송파병 당의회 의장 박원석 서용주 맥정사회연구원장 이기인 신개혁당 사무총장|||정말 역겨운 사고방식이네요. 서용주 씨, 문제는 조 씨가 고등학교 3학년 때 범죄를 저질렀다는 게 아닙니다. 피해자는 미성년 여고생이다. 피해자 입장에서 보면 그는 악랄한 미성년자 연쇄강간범이다. 그렇게 보면 소년원 6개월은 범죄에 대한 대가를 전액 지불하는 걸까요? 그리고 미성년 성범죄자가 10년 넘게 방송에서 사실을 숨겼다는 사실이 그를 용서할 이유가 되는 걸까? 범죄는 가해자가 아닌 피해자의 관점에서 봐야 한다. 고3이라는 이유로 관대하기보다는 피해자가 미성년자라는 점에서 용납할 수 없다.|||서용주야, 생각을 바꿔라. 우리가 배우 은퇴하라고 했나요? 비판하는 것은 자유이고, 스스로 한 것입니다. 그리고 조진웅의 범죄는 악랄한 범죄다. 당신은 그것을 인정합니까? 그런 사람이 어떻게 사는지 말하는 것이 아닙니다. 그런 사람은 정의로운 역할도 하고, 국가 행사에 나가도 멋있는 척 하지 않는다는 거죠. 고등학교 3학년 때 이런 범죄를 저지른 조진웅은 나쁜 놈이다. 사람은 변하지 않습니다. 숨기고 행동하며 살아갑니다. 왜냐하면 그들은 돈을 벌어야 하기 때문이다. 하지만 적어도 사람들의 우상이 되어서는 안 됩니다. 그런 사람들!|||서용주 씨, 당신 가족에게 그런 일이 일어났다고 상상해보세요. 가족을 성폭행한 사람이 TV에 의인으로 등장해 괴로움을 겪고 있다고 상상해 보세요. 당신도 그렇게 느끼나요? 용서받을 수 있는 범죄가 있고, 용서받을 수 없는 범죄가 있습니다. 그리고 다른 직업을 가지더라도 대중에게 얼굴을 노출하는 직업을 가져서는 안 된다고 생각해요.|||이제라도 조진웅이 밝혀져서 기쁘다. 고등학생임에도 불구하고 거의 성인이 되었고, 강도, 절도, 강간 등의 범죄가 매우 심각합니다. 그리고 성인이 된 뒤에도 음주운전, 극단 폭행 등의 혐의를 인정했다. 그냥 본명으로 조용히 배우 생활을 했다면 그렇게 큰 문제가 되지 않았을 텐데, 이름을 바꾸고 정의로운 역할을 맡았다면 광복절에 국기 게양까지 맹세했다는 사실을 피해자들이 견디기 힘들었을 것입니다.|||만약 그가 민주주의 투사인 척하지 않았다면, 정의의 사도인 척하지 않았다면, 수천억 달러를 벌어 자신에게 또 다른 기회를 준 대가로 세상에 보답했다면, 피해자들에게 진심 어린 사과와 배상을 했다면, 자신을 선택받은 시민이자 대중을 가르치는 대상으로 생각하지 않았다면 이런 일은 일어나지 않았을 것입니다.|||하하하, 말도 안되는 명분으로 사회정의 실현의 선두주자는 민주당이 아닌가, 서용주?|||중요한 것은 과거의 죄를 고백하고 용서를 구했는지 여부입니다. 물론, 범죄의 성격은... 연쇄강간이라 극악무도한 범죄라 용서하기 어려운데 본인이 직접 용서를 구하지도 않고 폭로가 되어서 그때서야 ​​은퇴했다고? 이것은 책임을 지는 태도도 아니다. 강간은 과거의 일인가? 자신에게 닥칠 피해가 두려워 책임조차 지지 않고, 사과조차 하지 않는 무책임한 행동은 절대로 용서해서는 안 된다고 생각합니다.|||아니요, 단순한 범죄가 아니라 성폭행입니다. 서용주가 어린 시절 저지른 범죄 때문에 이런 말을 하는 것이 제정신인가????????????|||조두선이 희망을 갖고 어린이집 교사의 꿈을 이룰 수 있도록 용서하자! 민주당 만세!|||와 서용주 소름끼친다 피해자의 입장에서는 전혀 생각하지 않습니다. 아무리 후보에 올라도 말투가 너무 무섭다.|||서용주 정말 나쁜 놈인데... 어렸을 때 저지른 잘못이 어른이 되어도 문제가 안 된다고 하면 청소년 범죄를 조장하는 겁니까? 청소년범죄가 발생하지 않도록 그들이 평생 고통받는 모습을 지켜봐야지, 인간들아...|||조진웅이 감옥에서 복역하고 죄의 대가를 전액 치렀기 때문에 소년 시절의 범죄에 대해 다시 조진웅을 비난하는 것은 옳지 않다고 생각합니다. 하지만 이렇게 늘 대중에게 노출되는 직업을 갖는 것은 분명 문제가 있다고 생각합니다. 우리는 늘 웃고 떠들고 언론을 통해 정의로운 모습을 드러내고 있는데, 피해자들은 이를 보고 어떤 마음을 가질까요? 어쩌면 지금까지 아픈 과거를 견뎌온 사람들도 최근의 정치적 행보와 독립운동가들의 모습을 더 이상 참지 못하고 신고하러 왔을지도 모르겠습니다. 고귀한 직업은 없지만, 타인에게 지울 수 없는 상처를 남긴 범죄를 저지른 사람이라면 직업의 종류에 따라 새로운 가해자가 될 수도 있다고 생각합니다. 극단적인 예이지만, 아동 성폭행범 조두선이 형기를 다 보내고 커밍아웃하고 반성하고 열심히 일하고, TV유치원 교사가 되어 TV에 쭉 출연한다면, 우리가 아직도 서용교처럼 말할 수 있을까? 윤석렬과 내전 동조자들이 형기를 다 마치고 나와서 반성하고 정치에 복귀했다고 하면, 죗값을 치렀으니 괜찮다고 하면 되는 걸까. 만약 조진웅이 언론에 자주 노출되는 것 외에 다른 일을 열심히 해서 성공했다면, 이번 사건이 공개되더라도 지금처럼 비난을 받지는 않았을 것이다. 위에서 언급한 것처럼 정치적인 행위가 이번 사건의 촉발이 되었을지는 모르지만, 이것이 정치적인 문제로 비화되어서는 안 된다고 생각합니다. 어쨌든, 이번 사건이 알려지게 된 지금, 조진웅 씨가 연예계에서 은퇴하는 것은 당연하다고 생각합니다. 하지만 언론에 자주 노출되지 않는 다른 분야에서도 열심히 노력하셔서 성공하시길 바라겠습니다. 그때는 나도 박수를 쳐줄 것이다.|||이재명은 소년범이 아닌 소년범이다. 이기인이 똑바로 말해야 한다.|||서용주는 실망했다.|||서용주 씨, 초점이 정말 안 맞아요. 자신의 비밀이 발각됐는지, 고백됐는지가 핵심이다. 어느 정도 성공한 공인이 되었을 때 자신의 부끄러움을 고백했다면 대중은 좀 더 이해해 주었을 것이다. 그런데 이번에 잡혔어요. 결과적으로 대중이 이를 이해할 가능성은 줄어든다.|||서용주씨, 조진웅의 피해자가 귀하의 딸, 아내, 다른 가족이라 할지라도 조진웅을 용서하시겠습니까?|||피해자가 이 말을 들으면 너무 힘들 것 같아요. 가해자는 조진웅이다.... 피해자는 이런 서로 다른 의견으로 인해 두 번이나 피해를 입은 듯한 느낌을 받는다.|||서용주씨, 윤석열이 바이든에게 패할 경우 MBC는 어떤 공익을 보도했습니까? 개인적으로 윤석열이 아니라 나라 자체가 난감한 상황이었다.|||진보주의자라고 해도 서용주는 받아들여지지 않을 것이다.|||피해자가 힘들어하고 있어서 신고했어요. 범죄를 저지르면 겸손하게 살아야 한다고 생각합니다. 반성하지 않고 살아가는 문제이다.|||서용주 씨, 자기 딸이 성폭행을 당해도 그런 말을 할 수 있나요? 살인, 폭력, 강도는 모두 좋지만 강간은 그렇지 않습니다. 하지만 그렇다고 주홍 글씨를 써야 한다는 뜻은 아닙니다. 최선을 다하세요! 나는 식당, 회사, 직장에 갔다. 그냥 공인으로서 방송에만 나오지 마세요!!!!! 피해자가 보입니다.|||이기인은 정말...|||맙소사 서용주 그런 정치 하지 마세요. 슬프고 역겹습니다.|||서용주와 이기인, 피해자들 앞에서 그 말을 해보세요.",0,1
z3KFsamDAek,"생방송 이재명 공범, 그를 구해주세요 SOS! 2023.12.11","판세가 국가에 해롭다면 폐지하고 연금도 지급하지 말아야 한다.|||위증교사로부터 국회의원을 빼앗아야 할 때다. 국회의원의 당선을 무효로 한다.|||감사합니다|||도로에는 트럭들이 얼마나 위험하고 위협적인지 미루어 보아 이번 범행은 유동규를 겨냥한 것으로 보인다.|||홍준표 범행으로 무엇을 받았나요? 왜?|||끝이 없습니다. 지겨워요. 빨리 잡아라. 잠그세요. 잠그세요. 너무 지루해요. 여기저기 날아다니고 있어요.|||재판을 끌고 있는 판사들의 명단을 공개해주세요. 대중은 알아야합니다. 이들을 대한민국에 거주하게 해서는 안 된다.|||이 사람 빨리 체포되길 바랍니다. 안전한 나라를 보고 싶습니다.|||1차선으로 주행하는 덤프트럭은 신고하고 벌점과 벌금을 부과해야 한다. 홍준표, 이준석을 완전히 무시하지 말고 4월 총선에서 국민들에게 보여주자. 나는 민주당에 질렸다.|||홍준표는 정치생명을 그만둬야 한다. 그는 정말 변태적인 사람입니다. 범죄자와 손을 잡은 사람은 누구나 범죄를 저지른 것입니다. 더러운 정치인은 싹부터 뽑아야 합니다.|||기사. 당신은 누구를 만나는지 비밀리에 팔로우하여 추적해야 합니다.|||신한수 기자. 정말 존경합니다. 배가 아프다. 더위에 목이 말랐을 때 시원한 물 한 그릇을 마신 것 같은 느낌이다. 열심히 일해주세요. 나는 당신을 존경합니다. 사랑해요.|||대표이사 신해식. 여러분의 노고에 감사드립니다. 그것을 위해 가십시오|||직무유기 재판을 미루는 법관을 해임하는 특단의 대책이 필요하다.|||홍카콜라는 불성실하다. 전과자들은 터무니없다.|||그런 놈을 데려오려는 원희룡 장관... 정신 차리세요, 윤 정권은 성공해야 하지 않겠습니까? 더 이상 서포터들을 실망시키지 마세요.|||준수가 정치계를 떠난다. 시키. 네, 그것도요. 성적인 보상. 재조사를 촉구합니다|||홍시장님, 시정을 잘 살펴보세요.|||홍준표 제발 닥쳐!! 더 이상 내 얼굴을 보지 않기를 바랍니다. 너무 짜증나는 이준석을 석더로 보내야한다. 국가의 힘에 도움이 되지 않습니다.|||홍시장님, 좌파, 우파 구분을 못하니까 이제 정치를 졸업하실 때가 된 것 같습니다.|||안전한 나라를 찾아보세요. 을 위한. ㄷㄷ명을. 법원 구금. 주문하세요|||깨진 벽시계|||법원 내부 규정에 따르면 재판은 3개월 이내에 처리하도록 되어 있으니 내부 규정을 위반한 사람은 모두 징계하라... 시민단체는 내부 규정을 위반한 사람을 모두 신고할 수는 없는 걸까?|||홍준표 중립적으로 행동해라.|||체포가 너무 늦었기 때문이다. 짜증난다. 사법부에 대한 불신이 너무 커지고 있다. 이재명도 나쁜 놈인데 사법부가 더 나쁜 놈이다.",0,1
2Qbkp0bJOco,"생방송 원희룡, 한동훈에게 선전포고! 2024.07.01","원희룡님을 응원합니다 아멘|||나는 원희룡 당대표를 적극 지지한다.|||당신 말이 맞아요|||원희룡 힘내세요. 나는 당신을 지원합니다. 화이팅!|||원희룡 장관님, 행운을 빕니다.|||국력의 대통령을 중심으로 뭉쳐 승리합시다. 원희룡 국토교통부 장관이 당대표로 함께 합시다.|||한동훈 문제를 가장 먼저 언급해주신 신혜식 의원님께 ​​감사드립니다.|||철저하게 조사해야 한다|||나는 원희룡 장관을 지지한다. 상식도 없는 한동훈은 끝났다.|||원희룡 후보, 보수우파 통합당 대표 선출하자.|||원희룡 장관님, 국민의힘이 반드시 승리하도록 해주세요.|||원희룡 당대표님, 힘내세요, 파이팅입니다. 정부 윤석열 힘내세요. 화이팅. 좌동훈이 나왔다.|||저는 중앙선거관리위원회가 해체되어야 한다고 생각합니다.|||나는 우파 시민으로서 이번 대회의 슬로건을 거부한다. 보수주의 내에서는 진보적이다. 국권을 노골적으로 좌클릭하겠다는 뜻이다. 좌동훈의 아이덴티티를 슬로건에 담아야 하는 이유는 무엇인가요?|||홍시장님 말씀에 동의합니다. 계속해서 좋은 말씀 부탁드립니다.|||탄핵세력은 한동훈을 지지하고 있다.|||저는 윤석열 총장을 지지합니다. 나는 원희룡을 지지한다. 저는 신해식 의원을 지지합니다.|||한동훈은 자격없다 사퇴하라!!! 국력스파이로 왔습니다!!|||윤상현은 통찰력이 뛰어난 사람이다. 국민의힘의 큰 자산입니다.|||한동훈! 두 번은 아닙니다.|||그런데도 동훈이를 지지하는 우파들은 정말 이상하다.|||원희룡후보 힘내세요!|||원희룡님이 대표가 되어 국민과 대한민국을 구해주세요.|||고인의 명복을 빕니다|||샬롬. 홍 시장님.. 역시 정치 전문가이시군요.. 홍 시장님.. 한동훈 일파를 더욱 엄하게 처벌하셔야 합니다. 신 대표님..",1,3
0nM9vw_x3Uw,"현장 생방송, 광화문에 1천만 명 집결! 1230년 3월 탄핵 기각! 2025.03.22","국민을 깨우기 위해 밤낮없이 노력하는 마이산 성호켄에게 무한한 감사의 말씀을 전하고 싶습니다.|||여러분 모두의 노고에 감사드립니다. 화이팅!!!!!|||감사합니다 - 애국시민 여러분|||여러분의 노고에 진심으로 감사드립니다. 항상 응원하고 응원합니다. 매우 감사합니다.|||전옥현 국정원 1차장, 신인균 국방TV·군TV 대표이사,|||광화문 천만 ㅡㅡ 화이팅 대한민국을 바로잡자|||가짜 국회의원 명단 민주당 이재명 박찬대 고민정 곽상언 부승찬 황희 김민석 김병기 김영환 박성준 이인영 이인주 이정헌 전현희 진선미 진성준 김용만 김준혁 남인순 박용갑, 송기헌, 안규백, 오기형, 이재정, 장철민, 추미애, 허성우, 문진석, 낚시단체 위상곤, 임호선, 장경태, 허, 민홍철, 박수헌. 윤종건, 이광희, 이상식, 이연희, 정일영, 황명선, 전재수, 김태선, 이강일, 서왕진, 정을호, 안철수|||전국 동시다발 산불 나무도 생명체다. 얼마나 더웠나요? 사람, 동물, 나무는 모두 같은 생명입니다.|||신인균. 휘텡!!|||이천명 국민기자 굿아이디어 기사가 채택되면 원고료도 받을 수 있고, 기사를 이용하는 분들도 부담이 없을 것 같아서 너무 좋은 것 같아요.|||대통령님을 위해 함께 갑시다. 단결하자. 우리 애국 가수들에게 행운을 빕니다.|||광화문 패트리어츠, 전국대회를 응원합니다. 우리에게 최후의 승리를 안겨주실 줄 믿습니다. 신해식 대표님, 진심으로 응원합니다.|||탄핵 기각 탄핵 기각 탄핵 기각 탄핵 기각 탄핵 기각 탄핵 기각|||CEO님 행운을 빌어요|||애국시민이 나라를 구한다|||문형배 마은혁 이미선 즉각 사퇴하라. 파괴.|||고마워 고마워 승리는 우리꺼야|||탄핵 기각이 정답이다. 해고도 좋지만 해고가 정답이다.|||불법 탄핵과 사기 탄핵을 기각하라.|||전국의 산불은 절대 우연이 아닙니다. 바람이 많이 부는 날에는 모두 동시에 일어납니다. 탄핵에 대한 관심을 끌고 국민 정서를 교란시키는 이런 행위는 부정선거만큼이나 철저하게 수사되어야 한다.",0,1
59QOtw7tdoU,모두가 기다리던 소식이 전해졌습니다. 지귀연은 '은...,"편을 들지 마십시오. 그는 이미 조사를 받아야 할 인물이다.|||판사가 정상이 아니네요. 재판이 엉망이 되고 양형 계획이 비공개로 유출되는 등 사법부는 정말 정상적이지 않다.|||끝까지 지켜봐야겠습니다. 느슨해지면 안 됩니다.|||사법개혁을 막는 꼼수에 속지 말고 민주당은 발빠르게 나서야 한다.|||국민은 절대로 다른 사람, 사법부 등을 믿어서는 안 됩니다. 언론도 믿지 말자.|||당신을 풀어준 사람을 믿나요? 주저 없이 남북전쟁재판소를 진행하세요.|||대법원장 탄핵! 충고하다!|||아직도 내전이 계속되고 있고, 반군은 조희대, 전대엽, 배형원, 서석호, 박성재, 심우정, 주진우, 지귀연으로 모두 준법범죄자이자 검사들이다. 사기꾼, 사기꾼, 검사, 반역자인 범죄자들을 즉시 최고형으로 처벌하여 내전을 완전히 종식시켜야 합니다.|||당신 말이 맞아요. 대한민국 악의 축은 친일파, 가짜 보수, 돈 버는 판사, 검사, 언론이다... 온 국민이 속지 말 것을 촉구합니다.|||내전재판 방지 계획|||사형? 맙소사, 다시는 그 함정에 빠지지 마세요.|||경비를 실망시키지 마세요|||저 사람이 시간 계산해서 풀어줄 건가요!!!|||당신은 그것을 결코 믿을 수 없습니다. 기본은 변하지 않을 것입니다.|||끝날 때까지 절대로 믿어서는 안 됩니다. 남북전쟁재판소를 만들어야 합니다.|||더 이상 법 이야기로 시간을 낭비하지 말고 먼저 조기대학교 출신의 지귀연을 끌어내리자.|||나는 당신을 끝까지 믿을 수 없습니다. 이 사람은 일단 석방되면 절대 믿을 수 없습니다.|||정치검사와 정치판사를 모두 파면하고 탄핵해야 한다. 내전은 아직도 계속되고 있다. 우리는 내전을 근절하여 우리나라에 정의를 확립해야 합니다.|||법과 원칙에 따른 판결을 계속 거부하는 지귀연을 어떻게 믿겠는가.|||아니 지금 박나래와 조진웅이 캐비닛을 열고 있는 모습을 보면 뭔가 큰 걸 숨기고 있는 것 같은 느낌이 든다... 윤석열의 석방을 위한 빌드업이 정말 막강하다.|||아무리 봐도 그 사람은 이중간첩 같아요. 믿는 사람을 믿어야지.. 황당한 논리로 너를 감옥에서 내보낸 놈은 사형?|||지귀연의 말을 믿을 수 없다...|||조희대와 지귀연은 반란의 협력자이다.|||정의를 말하던 윤씨가 한 짓을 보라...성철 감독|||심석열은 연인이 아닌데 가스라이팅을 당했다.",1,1
ygKCuYr-H1E,중급 프로 윤진도 윤석열과 결별한다.,선거가 다가오니 마음이 복잡해지겠네요.|||선거 시즌 쇼입니다.|||나경원이 무엇을 하는지 살펴보자.|||선거 시즌|||선거철이 다가오자 또다시 미쳐가네요.|||정신을 차려야합니다.|||그물은 그물이다. 우리 헤어지면 내가 처리할 수 있어요.|||또 히트앤런타임인가..|||좋은 쪽으로 왔다 갔다 하고 있으니 빨리 해체하세요.|||지금?,1,1
vijKxXorpGs,이재명 회장의 귀여운 포즈?,우리 대통령은 훌륭한 인격을 지닌 사람이다. 2학기제로 운영하면 정말 좋을 것 같아요.|||우리 잼이 귀여워|||민주당... 그냥 정치하자.,0,0
HQfuAmvu3iQ,유시민 반바지,"머리는 시원하고 마음은 따뜻한 로맨티스트 이재명 의원을 적극 지지합니다.|||유머감각이 넘치는 유쾌한 재명에게 반했어요.|||나는 이재명을 정말 사랑하지 않을 수 없다.|||맙소사 재명님 너무 멋있어요|||유시민 작가님은 남자 탈을 쓰고 계시네요 ㅋㅋㅋㅋㅋㅋㅋㅋㅋㅋㅋ 작가님 표현력이 최고네요 ㅎㅎㅎ|||유작가님 표정ㅋㅋㅋㅋㅋㅋㅋㅋㅋ 진짜 놀랐어요ㅋㅋㅋㅋㅋㅋ|||싸이월드는 중독성이 강해요 하하하|||나는 너희 세 사람 모두를 사랑하고 너희가 자랑스럽다.|||와 이재명이 사랑받는 국민이 되겠습니다.|||아!!!! 이 놀라운 문구는 또한 훌륭하고, 사랑스럽고, 능력 있고, 모든 것을 갖추고 있습니다. 다음 대통령을 위해 파이팅!! 사랑해요.|||이재명 원장님, 어려운 상황 속에서도 항상 어머님의 사랑을 많이 받고 계십니다. 당신은 항상 많은 사람들과 함께하는 사람입니다. 항상 존경하고 사랑합니다.|||귀엽고, 장난꾸러기이고, 웃는게 재미있고, 싸움도 잘하고, 검객이고, 열정적인 마음을 가진 우리의 진정한 일꾼 이재명!|||당신이 원하는 길을 찾을 때 나는 당신을 사랑합니다. 나는 유시민 작가를 좋아한다.|||나는 미친 검사들과 기득권자들의 온갖 계략과 음모, 음모를 수년 동안 참아온 이재명을 사랑한다. 마녀 콜걸들에게 점령당한 이 나라를 대통령이 되어 구해주세요.|||작가님이 그러셨나봐요ㅜㅜㅡㅜㅜㅎㅎ|||의지하고 싶은 정치인이라면 이재명 의원은 친구 같은 정치인이다. 그의 어깨를 두드리며 그와 함께 걷고 다시 데려오도록 상기시켜 줍시다.|||나도 사랑해요 ㅎㅎ 뭉클하지만|||하하, 이재명씨도 이런 감정을 갖고 계시네요.|||유쾌한 김어준이 좋다. 마지막 웃음 터짐.|||나도 이미 그 일에 빠져 있어요. 이재명|||유시민의 표정은 이미 이재명에게 푹 빠진 표정이다. ㅋㅋㅋ|||제가 알아낸 기사들인데... 성남시장이 폭락할 때쯤이라고 해서 다들 공감하시는 것 같았어요.|||이재명은 그야말로 모두의 대통령입니다!!!|||너무 귀엽고 사랑스러운 이재명|||바로 인제입니다. 제 눈이 정상이 아니네요. 나는 매우 민감합니다. 정말, 그는 완전한 사람입니다. 진짜 남자.",0,0
LSyntWYQ980,김어준의 다스보이다 249회 한동훈vs검찰 깡패 정봉주 50억원,"전직 검사의 정치활동 금지! 법안을 추진해주시길 바랍니다.|||부끄러워하는 정세현 장관... 이 시대의 진정한 어른이다. 나도 읽어볼게. 항상 건강하세요.|||검찰 독재를 끝낼 사람은 이재명 뿐이다. 이재명 대표님, 끝까지 응원합니다. 사랑해요.|||정세현 장관. 나는 당신을 존경합니다. 나는 책을 샀다. 열심히 읽고 세상을 보는 시각을 넓혀보겠습니다.|||내 유일한 즐거움은 겸손, 힘들어요|||40대가 국민의힘을 지지한다는 게 믿겨지지 않습니다. 그들은 사람도 아닙니다.|||김어준 회장님, 감사합니다.|||누구보다 자랑스러운 조국가족!!!|||이재명이 조국의 깨끗한 삶을 알아본다! 봉도사 한 번만 나타나게 해주세요..|||총선 승리! 정의를 세우자!!!|||이재명대통령이 지켜져야 대한민국은 정상으로 돌아옵니다!!!|||정말 고마워요, 리아. 유족들에게 큰 도움이 될 것 같습니다.|||다음 총선에서 꼭 승리하고 헌법을 개정해 검찰정치를 금지해야 한다!!|||검찰이 정치에 개입하지 못하도록 법을 만들어야 한다.|||추운데 밖에서 응원해주시고 지켜주신 모든 동지들에게 너무 고맙고 고맙습니다. 생활이 힘들어서 함께 할 수는 없지만 마음은 동지들과 함께 있습니다!!! 대표님이 힘든 수사를 마치고 나오실 때 외롭지 않도록 밖에서 응원하고 기다려주신 모든 동료들을 사랑합니다.|||곽상도 50억 사건을 담당한 검사와 판사들의 이름이 역사에 영원히 남길 바랍니다.|||더불어민주당 이재명 의원 이재명 대통령이 꼭 하도록 합시다!!!! 김어준 회장님, 건강하세요!!!!|||부패한 재판관들은 산 채로 가죽을 벗겨 재판관 자리에 양탄자로 만들어 미래의 재판관들에게 부패에 대한 인식을 높여야 합니다. 페르시아 왕 캄비세스처럼요!!|||곽상도 아들 50억 받아도 무죄!! 너무 대단해서 더 할말이 없네요!!|||한 공무원이 평생 동안 자신의 의무를 다하고 나라를 위해 올바른 이야기를 하는 모습이 보기 좋습니다. 책을 주문하겠습니다.|||다스보이다 파이팅!|||정세현 장관님, 5권 샀습니다. 감사합니다. 주변 사람들에게 선물하고 싶은 책을 써주셔서 감사합니다. 장관님, 오래오래 건강하세요. 어르신께 위로를 받는 분을 올려드립니다. 감사합니다|||저는 조국교수님과 그 가족 모두를 사랑합니다.|||경제가 망하고 서민들의 삶이 무너지고 있지만 더 늦기 전에 이 폭정이 끝나기를 바랍니다. 신이 있다면 꼭 벌을 받았으면 좋겠습니다....|||겸손과 시청은 민주시민의 의무입니다! 구독과 좋아요는 자연스러운 충성심입니다!",1,1
s-6__aT9V5k,장경태 트라우마 생길 것 같지만 정신 차리겠습니다 채널A 뉴스 TOP 10,정말 터무니없어요|||정말 미쳤어|||만진 사람이 트라우마를 입게 된다면... 피해자는 누구일까요?|||그 사람 당장 사퇴시켜라|||요즘 범죄자들은 ​​트라우마에 시달린다.|||다들 그렇게 뻔뻔한 걸까요?|||피해자의 트라우마는 무엇인가요? 먼저 인간이 되십시오.|||교도소에 전문 외상 치료사를 소개합니다.|||정말 미친 케이크야|||가해자의 트라우마까지 걱정해야 할까요?|||그 사람 모르시나요?? 권력에 취해서 아직 말을 못하시나??|||장경태 의원이 실형을 선고받으면 재선 의원도 전자발찌를 차고 다닐까.|||그만큼 도덕성은 가해자를 향해 무감각하다. 인간이 부족해서 자해감만 남는다.|||야 근데 왜 자꾸 피해자인 척 하는 거야? 당신은 올바른 방향을 취하지 않았습니다. 왜 인정하지 못하시나요?? 그 빌어먹을 힘은 뭐지?|||정말 재밌어요. 피해자는 남아야 하는데 가해자인 당신은 왜 남아야 하는가?|||그렇게 뻔뻔하다면 버텨야 합니다.|||민주당은 시간을 낭비하고 여론을 탄압하고 있다.|||장경태를 추방해주세요.|||범죄자들이 큰 소리를 지르는 세상에는 자기들도 범죄자이므로 범죄자들만 있을 뿐이다.|||이런 정신병자!! 난 난쟁이야!!|||국민들은 트라우마에 빠졌다|||가해자는 정신적 충격을 받았나요?|||가해자에게 트라우마가 남는 대한민국 ㄷㄷㄷㄷㄷ|||피해자 고소장입니다.|||정말 자신감이 있었다면 그렇게 뻔뻔하지 않고 반성도 했을 텐데.,0,1
MzNa8K_D0YQ,추미애 내란재판은 위헌도 아닌데 민주당은 너무 겁이 난다. 채널A 뉴스 TOP 10,"이 사람이 판사였다는 게 웃긴다.|||나 완전 미쳐버릴 것 같아|||위원장 자격 없음|||추 선생님만 보면 짜증이 나요. 앞으로는 그런 정치인이 나오지 않았으면 좋겠습니다.|||ㅇ위원장 본인도 중립도 불법도 아닙니다. 편향된 회장은 사임해야 한다.|||아들 병역비난 재판부를 만든다면 위헌아닙니까??|||질병이나 그런 것이 있는지 확인하는 것만으로도 충분하지 않습니까?|||김현지는 누구인가?|||하하 법사위원장이라는 사람이 털털한 방송에 나오네요 하하하.|||끔찍해요 ㅡㅡ|||상식이 무너지면 나라가 망한다. 미쳐가는 나라|||정치인은 정치만 한다 ㅠㅠㅠ 법률전문가가 다 알려준다. 그들은 사람들에게 그것이 위헌이라고 말합니다.|||보수의 여왕!|||정말 많은 법학자와 사법부가 나서서 위헌이라고 말하는데, 우리가 법이라고 하더라고요 하하.|||국회의장 자격 박탈|||그 얼굴을 보면. 꼭 보시길 바랍니다.|||위헌이에요 하하하하|||잘못된 믿음은 참으로 무서운 것입니다. 치매, 자신이 무엇을 하고 있는지 모르는 현상.|||추미애씨, 저 사람은 위헌이 뭔지 아시나요? 하하하.|||우원식이란? 단지 인사를 안 해준다고 해서 성격 문제를 이야기하는 것은 더욱 더 나쁘다. 환영받고 존경받을 수 있는 일을 하십시오. 먼저 아무 말도 하지 않고 두 번 인사를 받는 날이 올 것이다.|||위원회 위원들은 자신들이 원하는 판결이 나와야 정상적인 판결이 나온다고 말한다. 부모가 옳게 행동하고 처신해야만 부모로 존경받는 세상입니다. 조선시대의 예의를 요구하지 마세요.|||한번 해보세요,,,결과가 어떻게 될지는 뻔합니다,,,그럼 어떤 나비효과가 나올까요?|||저런 사람이 어떻게 판사가 될 수 있는지,,,법사위원장을 할 수 있는지,,,,?? 여기가 정말 정상적인 나라인가요?|||필리버스터를 막지 말라는 법은 없나요?|||반란 재판소가 위헌이 아닌 이유는 무엇입니까?",0,1
yScgk8EKN8I,쇄도하는 요청 끝에 결국… 강유정 대변인이 이재명 회장의 손목시계를 공개했다.,"어떻게 얻을 수 있나요?|||이재명의 시계를 받고 싶습니다.|||구매할 수 있게 해주세요|||도대체 어디서 구입할 수 있나요?|||간직하고 싶어요 하하|||아, 갖고 싶어요.|||내가 원하는 탁상시계가 거기에 없어요. 손목시계를 환영합니다.|||나는 그것을 원한다. 나는 항상 당신을 지원합니다. 우리는 함께 있습니다. 감사합니다. 축복합니다.|||어디서 구할 수 있나요?????????|||나는 시계를 사고 싶다. 어떻게 해야 하나요?|||나는 그것을 원한다",0,0
2sajma1DBpA,"이 대통령 앞에서 뻔뻔하게…정청래, 사법개혁 시위자 조희대 직격탄","17년 동안 변함없는 팩트TV의 후원회원이 되어주세요. 정기후원 가입 ARS 1877 0411, 온라인 신청 https goo.gl 1OjzfE|||늦어서 남북전쟁재판소에 사과하세요.|||날씨가 매우 춥습니다. 나는 당신에게 나의 에너지를 보내고 있습니다. 남북전쟁의 잔재를 모두 쓸어버리시기 바랍니다.|||민주당은 이재명 대통령에 반하는 행동을 해서는 안 된다! 이재명 회장은 지금 쉼 없이 달리고 있다.|||빨리 빨리 주세요|||입으로는 정의만 외치는 진짜 나쁜 놈. 정말 실망했어요. 정청래!!!|||정청래는 말만 하지 말고 실천으로 옮겨 국민이 믿을 수 있도록 해야 한다. 정청래를 당대표로 내세워라.|||용산을 공격하려고 문진석이 용산을 보내 폭로한 것은 도대체 무엇인가? 정 대표님, 먼저 처리해 주세요.|||정청래님 화이팅입니다. 기운을 내다!|||정청래 의원을 지지합니다. 잼 회장처럼 사람들만 보십시오.|||정청래 대표님, 행운을 빕니다!|||정청래 의원님도 당원들을 무시하고 계십니다. 남을 비판하기 전에 빛의 혁명으로 이룩한 민주주의를 훼손하려 하지 마십시오. 말로 정치하지 마세요.|||나는 1인 1투표제를 찬성한다. 유령파티원은 70만명. 알아내다. 몰둔국회에서 짐을 찾으러 가시나요?|||민주당은 대통령 지지율을 잊고 있다. 정청래는 말투가 부드러워 대통령에게 부담이 됐다. 당원들에게 사퇴하고 비상대책위원회로 전환하라는 명령이다.",1,1
FoAIqud9JNU,"장동혁의 대망의 충청론이 시작됐다, 정치특강","고 박사님, 항상 고생 많으십니다. 고 박사와 함께라면 보수에게도 희망이 있다.|||우리는 장동혁이다. 국민의당 동지들, 장동혁 의원에게 23대 총선 공천권을 주십시오. 화이팅.|||장동혁 대표님! 훌륭한 대통령이 되십시오. 건배!|||결코 사과는 없을 것입니다. 장동혁 대표님을 믿습니다. 이제 반역자들을 뿌리 뽑고 정리해보자.|||고성국 원장님이 잘 이끌고 계십니다. 일어나라, 충청도여. 화이팅, 충청도.|||장동혁을 응원합니다.|||The voice of party members is the voice of the people and the voice of justice. 이 미친 반역자들은 반드시 청산되어야 합니다.|||장동혁 대표는 잘 지내고 있다. 용기있게 앞으로 나아가야 합니다.|||나는 당신을 응원합니다|||우리는 장동혁이다. 장동혁으로 뭉쳐라. 국력의 주인은 당원이다. 우리는 자유주의 우파입니다.|||장동혁 대표는 인성, 인품, 리더십까지 모든 것을 갖춘 남자다. 대통령으로서 나무랄데 없는 인물이다. 우리나라를 돌보자.|||모두 국민의당에 동참합시다. 장동혁, 김민수를 강력히 지지합니다.|||충청도가 중심이 되어야 나라가 제대로 돌아가는 것입니다!|||장회장은 한동훈을 언제까지 돌보실 겁니까? 장기화할수록 정부와 보수에게 불리해진다. 고성국 박사님, 노고에 진심으로 감사드립니다.|||나라는 붕괴와 재건의 갈림길에 서 있다. 함께 동참하여 장동역 대표님께 힘을 실어드리겠습니다.|||저는 장동혁, 김민수를 응원합니다.|||장동혁 충청도의원과 뭉치자!!|||If you can't go with Jang Dong-hyuk of the People's Power Party, leave the party. Even if there are 107 people, if you don't have fighting power, there is no need. 비굴한 사람들아, 떠나라.|||장동혁 김민수 응원합니다 화이팅!|||우리는 장동혁이다|||장동혁이 승리했다. 국민들은 당황하고 있다|||이건 무슨 개사과인가요? 장동혁, 화이팅, 100% 드려야죠.|||장동혁 대통령과 김민수 국무총리가 이런 라인업을 볼 수 있을까?|||나는 당신을 응원합니다|||우리 장동역 사장님 항상 건강하세요.",1,0
YMD7f7lQjEg,오늘 뉴스에는 계엄군이 화장을 하고 경호원과 함께 와서... 무대에 섰습니다. 2025.12.10 MBC 뉴스,"폐기만이 답이다!!!|||미칠 것 같아|||생산? 와, 그 사람은 나쁜 사람이야.|||이런 사람 보셨나요!! 아직도 정신을 차릴 수 없는 일들|||아.. 눈물 흘리는 사람이 할 말이 아닌데.. 군인 자체를 모욕하는 말이네요.|||위증 김현태 저는 이 사실을 '당신의 눈물' 이후부터 알고 있었습니다.|||정말 무능한 놈인 것 같은데, 아직도 특수부대 대장이라는 게 안타까울 뿐입니다.|||그 사람은 체포하지 않았나요?|||총을 들고 있는 계엄군이 위협을 받는다는 말도 안되는 프레임 농담이 난무하는 놀라운 상황이다. 재판이 아니라 엉망이에요. 그리고 그런 싸구려 사람이 군인이다. 그것도 특별대여인가요?|||김연태 저 사람은 반드시 무기징역을 받아야 한다.|||와, 정말 대단해요. 그들은 최고의 악당이며 서로 놀아준다고 합니다....|||김현태 의원을 포함해 국회에 들어간 모든 사람들은 엄벌에 처해야 한다.|||한국군이 다 비난받는거 같은데....ㅠㅠㅠ어떻게 그런 사람이 지휘를 할 수가 있지... ㅠㅠ|||김현태를 반역죄로 처벌하되, 국민을 기만한 추악한 죄로 더욱 엄하게 처벌하라!!! 물론 불명예스럽게 강등시켜 추방하는 것이 맞고, 체포하여 사법처리하여 조사하는 것이 맞다!!!|||정말 못생긴 인간이군요... 그것도 핑계인가봐요... 쯧쯧쯧쯧|||그 사람 제정신인가요?|||그 상황에서 행동했나요? 이것이 정상적인 인간이 생각할 수 있는 상식인가? 그들은 정말 사악합니다.|||국민민이 연출도 하는거야...미쳤어!!|||그렇게 말해보자. 그럼 거기 안 갔으면 어떡하지? 연출에는 문제가 없겠죠? 왜 국회에 들어가나요? 그게 불법인가요?|||김현태는 가중 처벌을 받게 된다.|||국회의원들에게 국회는 인생과도 같지만, 거기 들어오면 죽을 각오를 해야 하고, 총은 진짜 인생이 아니다. 다른 사람의 생명을 앗아갈 수 있는 살인무기입니다.|||그런 사람이 특수부대 사령관이라면 부하들이 얼마나 자랑스러워하겠는가.|||현태야, 기자들 앞에서 부하들을 배려하는 척, 비방하는 모습을 온 국민이 보고 기억하고 있다.|||특수부대인가요?... ​​쑥스럽네요.|||1년이 지나니 감독밖에 생각이 나지 않더군요???? 울면서 기자회견을 한 건 우연인가!!!!!! 반란군은 아직 반성하지 않았다",1,1
DHvZsQP5KZs,온 국민이 고통받고 있습니다. 나는 급여 명세서를 보고 분노가 폭발했습니다. SBS 뉴스 소장품,"국민연금, 건강보험 진짜 떨어져 나가는거 볼때마다 가슴이 아프다|||세금뜯어서 외국인들 보험료혜택주는데 그런거왜하냐? 자국민혈세뜯는 미친나라|||외국인과 중국인들의 건강보험료를 제한하라|||국회의원을 줄여라|||국회의원 최저임금만 받게해야됌 그렇게 일해야 진정성이 보이지|||일좀해라 국개의원들아 도대체 언제적 세율을 쓰고있는거야..|||25만원 주면 매면 250씩 뜯오가겠지|||뺏을땐 개같이 뺏어가는데 운영은 ㅈ같이하네ㅋㅋ 연말정산 전까지 서둘러 개정해서 소급 해줘라|||아 뭔가 급여가 줄었네 생각한게 기분탓이 아니었구나|||자 이제 누가 진짜 내란이지?|||4대보험료율 인하해야됨. 공단합치고 인력줄이고, 사무실운영비 줄여라. 그거 다 우리가 강제로 뺏긴 피같은 돈이다!|||건보료 넘쳐서 지들끼리 돈잔치 하더만|||호텔식 경제학의 예견된 결말....|||건강보험 6000억원 횡령은 어떻게 된거지???!!!!!|||안쉬고 풀로 일해도 월급 400이 힘드니 ㅠ 살기 싫다|||세금, 연금, 건보료가 너무 오르고 있다. 정부가 너무 뜯어간다. 임금은 1 오르는데 너무 심한 거 같다. 세율 낮춰라. 점점 힘들어진다.|||눈먼 돈이 줄줄 센다|||건보료좀 줄이자. 병원 많이다니는 사람들한테 더 떼어가라.|||고3에게 돈 퍼주는것은 내년 지방 선거 공략인가?|||월급이 왜 더 적게 들어왔나 했더니만 이거때문이네|||세금은 다 떼어가놓고도 증여세, 상속세로 또 다시 절반 떼어가는 세금 공화국|||나라에 도둑놈들이 너무 많다|||이 나라는 전국민과 기업들이 온힘을 다해서 정치인들 300명을 먹여 살리는 기행적인 국가임|||25만원 주는게 리짜이밍 본인 재산 나눠준줄 아나 다 우리 세금으로 나눠주고 생색 낸거잖아 퍼준만큼 더 걷는거지|||아휴 직장다니면 뭐하냐 세금으로 다빼앗기고 연금도둑맞고",2,1
znUYsTkHcqI,부모님 덕분에 수십억 아파트 모두 조사받는다 단편KBS,"정치인부터 철저히 조사하자.|||강남 3구에 돈을 기부한 정치인부터 철저한 수사가 공개된다면 내년 선거는 판도를 바꿀 것으로 보인다.|||60억짜리 아파트를 소유한 능력있는 부모님이 부럽습니다.|||모든 것을 조사해 정부 고위 관료와 국회의원의 이름을 밝혀라.|||부유한 부모는 세금을 더 내야 할 뿐입니다.|||결국 뱃속의 행운은 부모의 옷이다.|||강남권에는 정부와 국민이 2채 이상의 아파트를 보유하고 있는 것으로 전해진다. 주택가격 안정을 위한 정책을 만들 수 있을까?|||모든 사람에게 유능한 부모가 있는 것은 아닙니다.|||조사하면 고위 정치인 다 구속되죠 ㅎㅎ 그런데 실제로는 아무 일도 일어나지 않습니다 하하.|||세금을 빼앗긴 나라.|||부모가 열심히 일하고 세금을 납부하여 취득한 재산입니다. 나한테 좀 주는 게 어때? 한국의 증여세. 상속세. 법을 개정하라!!!|||저는 부모님 옷이 정말 부러워요.|||아니요, 세금을 다 내고 아파트 구입시 양도소득세도 냈는데 왜 이중 세금을 징수하는 걸까요? 짜증난다. 이 나라는 도둑놈들과 같습니다.|||부럽다 맨날 60억씩 사준다|||상속세를 없애세요.|||내용을 읽어보니 저만 그런 행동을 이해하지 못하는 건 아닐까... 댓글을 보니 저만 정상인 줄 알았어요... 도대체 저 미친, 무식한 다단계 세금이 뭐지... 그게 불법 징수와 뭐가 다른 걸까요?|||세금 좀 덜 내주세요|||어차피 벌금은 돈많은 부모님이 낼테니까...|||통일이 되면 김정은도 조사를 받게 된다. 상속재산은 북한이다.|||수십억!!! 몇십만원이라도 냈으면 좋았을텐데 정말 부럽습니다.|||마니마니, 조사 좀 해주세요.|||흠..? 예로부터 부잣집 아이들은 월급 전액을 모아 부모의 돈으로 생활비를 썼다..? 하하.|||국회에 대한 수색과 압수. 모두|||상속세·증여세 폐지해야|||부럽습니다만, 부모로부터 재산을 물려받는 것은 과세 대상이 아닌 것 같습니다.",2,1
liEag2kZIAQ,교무실 침입 후에도 쉽게 5개월 만에 도둑맞았다 단편KBS,"교육청이 가해자를 잡아서 처벌해야 하는데 피해자를 잡아서 처벌을 하고 있다니... 가해자인 미성년자에게 손을 대지 못한다고 피해자인 어른들을 비난하는 시스템이 정말 지겹습니다. 범죄를 저지른 아동을 애초에 가혹하게 꾸짖거나 구타하거나 처벌했다면 2차, 3차 범죄는 발생하지 않았을 것입니다. 제발 법 좀 바꾸자.|||정말 멍청한 대답이군요... 법이니 뭐니, 범죄는 그에 따라 처벌을 받아야 합니다.|||간도 크고.. 저런 애들은 커서 더 큰 범죄를 저지를거다..|||유출됐는데 비밀번호는 어떤거 사용하셨나요?|||은폐 정황이 있을 경우 형벌은 3배로 가중되어야 한다.|||바늘도둑이 소도둑이 됩니다.|||처벌이 없기 때문에 선을 넘은 것입니다. 나 좀 때려줘.|||법 폐지를 촉구합니다|||물론 선생님과 교직원도 잘못이 있지만, 가장 잘못은 학생이 컸습니다.",3,1
71Bx85RPkpU,30년 전의 실수를 알 권리가 있는가? 디스패치에 보고...단편KBS,"연예인은 준공적 인물이다. 과거를 밝히고 솔직하게 말할 수 없다면 커밍아웃하지 마세요.|||청소년법은 다 폐지되어야 하고... 얼어죽어가는 범죄자들에게 인권 얘기하는 놈들도 다 구속되어야 한다.|||피해자를 돌보지 않는 변호사들에게 늘 언론 매체로 비춰져야 하는 고통은 어떻습니까?|||법을 준수하고 이를 법에 어긋나게 공개하면 처벌을 받게 됩니다.|||왜 지금?|||평생 상처를 안고 살아갈 피해자와 그 부모에 대해 조금 생각해 보시기 바랍니다. 보호해주시는 분들... 만약 딸이 사고를 당했다면 눈을 감기 전까지 부모로서 어떤 마음의 아픔을 느꼈을까요?|||피해자와 그 가족들은 무슨 죄인가요? 그들은 평생 트라우마를 안고 살아갈 필요가 없습니다.|||철없는 시기에 인생을 망친 사람이 누구입니까?|||강간범... 밀양강간범... 아주 더러운 사건이군요... 제3자인 저도 부끄러워서 떨고 있지만 저희 부모님은 평생 피눈물 흘리며 사시겠지만... 지금도 진심으로 반성하시기 바랍니다... 조 씨도 딸이 있잖아요?|||연예인이나 대중적인 직업을 가진 사람들은 젊은이들에게 모범이 되기 때문에 심각한 범죄를 저지른 사람들은 적합하지 않다고 간주됩니다.|||과거의 학교 폭력에 대해서는 모두가 조용히 해야 합니다.|||피해자는 조진웅을 볼 때마다 얼마나 마음이 아팠을까.|||피해자가 신고했는데 그 사람이 무슨죄로 고소한건가요?? 수상한 사람...|||문제의 핵심은 그가 개인이 아닌 현재 공직에 있다는 점이다.|||피해자들은 평생을 멍에를 메고 살아갑니다. 조 선생님을 뵙는 것이 얼마나 힘들었겠습니까!|||정치적 성향에 따라 범죄가 결정되는 나라.. 한 썩은 정치인 때문에 나라가 망한다..|||그런 짓을 했다면 왜 정의로운 척 하는 게 어때요?|||어떻게 숨겼나요?|||강력범죄자의 공개활동에 대한 제재는 국민의 알권리이다. 지금까지 보도된 학교폭력 사건도 청소년범죄이므로 조진웅 사건만으로 신고자를 처벌할 수는 없다.|||첫째, 가해자를 생각하는 만큼 피해자도 생각해 보세요. 피해자는 다행히 사회에 복귀할 수 있지만, 가해자가 입은 상처는 그가 제대로 된 삶을 살지 못하게 막는 경우도 있다. 둘째, 똑같이 불리하거나 어려운 환경에 있는 모든 사람이 범죄자가 되는 것은 아닙니다. 그랬다면 대한민국은 일반 국민보다 범죄자가 더 많은 나라가 되었을 것이다. 변명하지 마십시오. 셋째, 내가 늘 옳은 척만 하지 않았더라면 지금보다 어려움이 덜했을 것입니다. 깨어있는 척! 정의로운 척! 그러고 보니 그 일을 하던 사람이 세상 더러운 사람으로 밝혀졌다고요?|||정말 흥미로운 점은 이번에는 왜...|||저는 중년이고 학교에서 구타를 당해 모든 것이 바뀌었습니다. 사춘기의 폭력은 결코 용납될 수 없으며, 처벌받지 않는 사람도 많습니다.|||옹호하려는 것은 아니지만, 30년 전에 이미 처벌을 받았다면 이미 어느 정도 죗값을 치렀지만, 누군가에게 30년 동안 쏟은 노력을 모두 내려놓으라고 하는 것은 좀 마녀사냥에 더 가까워 보인다. 그런 다음 좌표를 가져와 실행하라고 지시합니다. 적당히 해보자.|||이걸 비판할거면 밀양 성폭행 가해자들은 왜 계속해서 비난을 받고 직장에서 해고되는 걸까요???|||단순한 범죄가 아니라 미성년자 성폭행??? 조진웅도 술 마시는거 아냐..?? 그냥 은퇴해라 조진웅... 성폭행이란?",3,2
XEFJgrjG3jE,"신상진 성남시장, 대장동 비리 관련 5673억 원 동결 현장 영상 채널A","신상진 시장님, 잘 지내시죠.|||그 돈을 회수해야 할 뿐만 아니라 지금까지 발생한 이자와 벌금도 고려해야 합니다!!!!|||성남시장님 힘내세요. 나는 당신을 응원합니다.|||책임자는 모두 신고하고, 책임을 져야 하며, 체포되어야 합니다.|||성남시민에게 돌려드리는 것이 맞습니다.|||예상대로 신상진 시장. 감사합니다.|||성남시민 여러분께 돌려주세요.|||MBC, JTBC에서는 절대 볼 수 없는 유익한 콘텐츠|||나는 신상진의 이름을 꼭 기억할 것이다. 열심히 선거운동해서 재선될 수 있도록 최선을 다하겠습니다.|||부패한 판사가 있는 나라에는 미래가 없다. 김명수, 권수일 등 판사들을 하루빨리 조사하라.|||성남시민 여러분, 함께 힘을 모아주세요.|||신상진 성남시장은 애국자입니다! 배짱이 없었다면 눈을 감았을텐데 이름 절대 잊지 않고 오래도록 널리 알리겠습니다!!|||물론 꼭 해야만 하는 일이다. 결코 포기하고 타협하지 마십시오.|||수고하셨습니다 시장님, 꼭 모든 것을 되찾아 성남시민들에게 돌려주시기 바랍니다.|||제발. 성남시민, 특히 대장동 원주민들에게 돌려주세요.|||신상진 시장은 성실하고 성남에서 평판이 좋은 사람이다. 항상 진실하고 존경받는 사람으로서 나라를 위해 열심히 일해주시기 바랍니다.|||성남시민의 재산이 대전동 갱단의 주머니로 들어가는 것을 반드시 막아야 합니다. 나는 당신이 성공하기를 바랍니다.|||신상진시장님 정말 대단하세요!!!!!!|||성남시민의 책임인 만큼, 모두가 온전히 받아들여주시길 바랍니다. 권력과 이익에 눈이 멀어 사기꾼들에게 돈을 넘겨주는 멍청한 정치인들을 더 이상 볼 수 없다.|||부패한 자금의 회수에 반대하는 사람들은 범죄자로 간주될 수 있습니다.|||범죄수익이 될 수 없다는 점을 분명히 하기 위해 회수되어야 합니다.|||인사 비리, 국정 조작, 국가 헌법 비리, 중국 간첩으로 추정되는 왕따와 범죄 공동체, 저수지 경제 공동체 등 직권 남용을 일삼는다. 화장지 특별수사!!|||신상진 성남시장님, 성남시를 위해 최선을 다해주셔서 박수를 보냅니다. 그것을 위해 가십시오.|||성남시민 여러분, 함께 동참해주세요. 나는 당신을 지지하고 지지합니다. 핫채팅.|||개 진짜 멋있다!!!",0,1
S5rltrQbObc,"김용현 재판 참고인님, 지귀연씨에게 공정하고 올바른 판결을 내려주세요. 현장영상 채널A","군인이 그런 말을 하게 한 판사들이 지금까지 얼마나 불공평했습니까? 나라가 엉망이네|||가슴 아프네요. 우리나라를 지킨 군인들이 법정에 세워져 조사를 받고 있다는 사실이 답답하다. 기운을 내다.|||우리가 혹독한 겨울과 싸우고 있다는 소식을 들으니 마음이 아프네요. 감사합니다. 국민과 나라를 위해 최선을 다해주시기 바랍니다.|||무고한 군인은 모두 애국자이고 위대합니다. 충분한 보상을 받아 정상적인 생활로 돌아갈 수 있기를 바랍니다.|||군인들을 괴롭히고 허위 진술로 위협하는 행위를 중단하십시오.|||나라를 위해 공정한 판단을 해주시기 바랍니다. 그 나라는 공산주의 국가가 되었습니다.|||후손에게 독재를 물려주지 맙시다.|||부디 우리 국민들도 올바르고 공정하며 진실된 판결이 나오길 기대하고 기대해 주시기 바랍니다.|||대한민국의 행정, 사법, 입법, 언론, 국방, 기타 기업을 해체시키려는 눈에 보이는 반국가세력은 간첩이며 반드시 처벌받아야 합니다.|||내전도 없이 적법한 계엄령을 선포해 정권을 전복한 자들은 반역죄인이다.|||군인들을 내전으로 몰아넣어 위협하고 반한 일부 군인들을 제외하고는 우리의 평범한 군인들이 진정한 군인이다.|||지귀연 판사님, 나라를 구하고 정의를 실현합시다.|||계엄령이 아니었다면 대한민국은 점점 더...|||와 너무 마음이 아프네요ㅜㅜ 공정하게 판단해주세요.|||지귀현 판사는 중학생에게도 친절하다. 정말 정의로운 판결을 내리는 정상적인 나라가 되도록 허락해 주십시오.|||지금 특검의 증언이 조작되고 있어서 걱정스럽습니다.|||당신은 정말 진정한 군인이십니다. 존경하고 감사드립니다. 나는 감동 받았다.|||대통령만이 판단할 수 있는 계엄령을 내란이라고 말하는 자들은 내란을 저지르는 것이다. 반역죄는 대통령에게만 적용될 수 없는 범죄다.|||정치적 중립은 자유민주주의를 지키는 것입니다, 군인 여러분.|||진정한 군인|||군인은 본질적으로 국군 총사령관에게 복종하고 국가에 충성하는 사람이다. 권력이 있다는 이유만으로 정치세력에 굴복해서도 안 되고, 개인의 번영을 위해 판단해서도 안 된다.|||차분한 군인|||진정한 군인이라면 나라가 위기에 처했을 때 최전선에서 싸워야 할 의무가 있습니다. 국가 정의를 실현하기 위해 국가를 돕는 것도 군인의 의무입니다. 자신의 안전을 최우선으로 생각하는 것은 진정한 군인이 아닙니다. 그런 나약한 모습이 보는 이들을 슬프게 만든다.|||가장 위대한 군인의 말에 눈물이 핑 돌았습니다. 지귀연 판사님, 그 청년의 말을 꼭 기억해 주십시오. 감사합니다.|||공정하고 올바른 판단은 당연하지만 정치판사들이 너무 많아서 불평이 많을 것 같아요 ㅠㅠ 눈물이 납니다 ㅠㅠㅠㅠㅠ 판사님들 국민들이 울고 통곡합니다!!!!!",0,1
9UwNnwqZmEo,"김계리, 적법한 수사 통해 공정한 기소 여부 의문 티조클립","사기탄핵은 끝까지 밝혀지고, 관련 범죄자들은 ​​무기징역을 선고받아야 한다.|||국가와 법률. 미쳤어! 이런 것. 지키고 살아야 하나!|||힘내세요 김계리 변호사님.|||화이팅하세요 김계리 변호사님! 엄마의 힘을 보여주세요|||나라가 완전 엉망이네... ㅠㅠㅠ 우리나라는 왜 이렇게 망가졌나? 이러지 맙시다. 모든 범죄는 평등하게 조사되어 법에 따라 처벌되어야 한다. 여야를 막론하고 모든 국민이 공정한 조사와 공정한 판결을 받아야 한다. 완전 5공화국이네요 ㅠㅠㅠ|||특검, 특검.|||저는 김변호사님을 늘 응원합니다.|||저는 김계리 변호사를 지지합니다.|||김계리 변호사님, 늘 응원합니다. 힘내세요.|||행운을 빌어요!|||매우 심각합니다. 특검이 나라를 망치고 있다.|||특검을 수사해야 한다!|||저는 김계리 변호사를 믿습니다. 그것을 위해 가십시오|||올 준비를 하세요. 벌받을 준비를 하세요.|||말을 바꾸는 것은 정말 최악이다. 힘내라 김계리. 나는 당신을 응원합니다.|||여러분의 노고에 감사드립니다. 당신의 노력이 우리나라를 구할 것입니다.|||깨달음을 얻었습니다 하하|||김계리님을 응원합니다.|||민중기 특검. 답변 결정 후 공무원의 억울한 죽음|||지금 내 앞에 있다면 다 죽여버릴 텐데. 누군가 내 앞에 다가옵니다.|||벌을 받을 자들은|||정당한 수사? 심판? 아직도 그런 걸 기대하시나요? 이제 권력의 주인인 국민은 깡패와 사기꾼들로부터 모든 것을 정상으로 돌려보내야 합니다.|||특검님, 수사해 주십시오. 김계리 변호사님, 노고에 감사드립니다. 행운을 빌어요.|||,,조작,양념,제사사건,농단,,반드시 판단하세요,,|||이미친 특검을 .cia에 신고하세요. 해보자! 시민 여러분! 이번 특검은 그냥 놔두실 건가요!!",0,1
7KwZ3viyqfc,장영수 교수가 내전재판에서 무죄 판결을 받으면 후폭풍이 크다. 티조 클립 쇼츠,"김현지와 이재명 반란의 주모자 이재명에 대한 재판이 시작된다.|||그렇지 않을 때는 아니라고 말해야 합니다... 그것이 정의입니다.|||계엄령이 맞았어, 경제를 봐, CCP OUT!|||반발이 많아도 진실을 말해야지... 그게 정의로운 판사다!|||곽종근·문형배 의원은 황 대표의 진술만 듣고 헌법재판소의 결정이라고 한 것은 잘못됐다고 말했다.|||판결을 무효화하는 법을 만들겠습니다 ㅎㅎ.|||계엄령은 2시간여 만에 국회의 요청으로 즉각 해제됐다.|||반발을 걱정하지 않기 때문에 민주당은 지금 브레이크가 없다. 판사가 내전이 아니라고 하고 내전이라고 하기 전까지는 재판, 특별재판, 인민재판을 거치면 충분하다. 다음 역풍은 선거... 선거에 대해 더 말할 필요는 없지만 모두가 알고 있다.|||법원이 잘못된 판단을 했다고 내전이 아니라고 비판하고 전담법원을 설치하라는 합리화를 부추길 것이다. 그들은 자신이 원하는 결론에 도달하지 못하는 사람을 반란자로 비난하고 있습니다.|||좋아요|||상식이 있는 사람들은 비가 내리지 않는다는 것을 알고 있습니다.|||내전은 민주당 아닌가요??|||계엄령 절차는 위헌이 아니었으므로 탄핵은 무효이다. 대통령의 정치적 행위인 계엄령이 선포되었기 때문에 내전은 성립되지 않았다. 진정한 내전정당인 민주당이 위헌정당으로 해산됩니다!!|||결론이 정해져 있는 재판이 아니길 바랍니다.|||문형배씨는 헌법재판소에서 청래에게 내란이 아니라고 말했다.|||내전이 아니니까 민주당이 내전을 부추기고 있다!|||당초 이재명 의원과 탄핵중독당은 입법독재를 통해 국정을 방해한 혐의로 그를 반역죄로 고발하기 위해 내전을 계속 선동하고 있었다. 그러니 입법독재 탄핵중독 정당의 국회의원 전원을 처벌하고 심판해야 한다. 대한민국을 소용돌이로 만든 책임이 너무 크기 때문이다.|||반발이 있어도 문제없다고 판단하는 게 정상 아닌가요?? 단지 반발이 있을 것이라고 잘못된 판결을 내리는 것이 옳은 것인가??|||판사와 검사가 기각해줬으면 좋겠지만 이미 판은 그들 쪽으로 기울어져 있다.|||괜찮아요. 역풍이 없습니다. 광우병 선전에 국민이 속고 있기 때문이다.|||영수. 그것은 내전이 아니라 계란입니다. 계란이에요.|||그것을 내전이라고 부르는 사람은 내전입니다.|||내전으로 판단되면 반발이 거세질 전망이다.|||이재명은 국민에게 끼친 사회적 피해를 배상해야 한다.",0,1
mOJ9tReqHyA,박나래 주주이모 논란 이후 MBC가 급히 삭제한 영상의 정체는?? 음튜브,"그 그룹들 모두 조사해야 합니다.|||MBC 영상 삭제가 의심스럽네요....|||MBC는 즉시 영상을 복원해야 합니다!!! MBC도 조사에 참여했다. 방송사 관계자도 주입됐나? 철저한 조사가 필요합니다...!!!!!!|||나 혼자 산다 제작진도 공범이니 폐지해야 한다.|||PD도 확인해야|||캥거루 같은게 있을까.. 역시 MBC에서....|||김현지를 체포하고 처벌하라.|||모발검사를 해야 하는데 경찰은 왜 안 합니까?|||왜 MBC인가? 영상은 그대로 두세요. 우리는 왜 범죄를 숨기는가? 증거인멸?|||다 쓸고 다 집어넣어. 나 혼자 사는 거 아니지?|||박나래, 나오지 마, MBC 보지 마.|||여성단체들이 아예 반응을 안 하는 게 너무 놀랍다.|||주주이모 휴대폰 압수할 생각은 없나요? 증거를 전부 인멸할 시간을 주는 겁니까??|||강도를 다치게 한 사람이 국회 부의장이라는 사실에 좀 화를 내자.|||PD도 조사해야 한다|||국민의 알권리를 말하며 역병인 언론이 국민의 알권리를 말살하는 걸까? MBC 문화방송|||사기주사기 이은|||나혼산과 관련된 모든 사람을 조사해야 합니다.|||PD들을 직접 조사해보세요. 뭔가 나올 거라고 확신해요. 한동안 그 글을 덮어두고 괴물을 만들어 왔습니다.|||마약중독인데 경찰이 수사하지 않으면 어떻게 하겠습니까?|||10대 때 재활을 받았다고 하는데, 성인이 되어 상사나 동료를 폭행했다면 어떻게 될까요?|||MBC는 사라져야 한다|||저우 아줌마는 체포되지 않았나요?|||신경을 많이 쓰는 것 같더라구요|||MBC도 같은 팀이다.",0,1
-H4lmY-Q-4M,김건희는 무엇을 포함하기 위해 규칙을 바꾸었나요? 첫 번째 공개된 각 코너의 재생,"국립미술관, 박물관 등의 유물을 철저히 조사한다.|||문화재를 도난당했습니다. 문화재를 기증한 공무원도 처벌받아야 한다.|||정말... 수치스럽습니다. 아무리 파봐도 또 나오더라구요. 상식적으로 생각조차 할 수 없는 이상한 일들이 계속해서 일어나고 있다.|||윤석열과 김건희의 범죄는 역대 최고 수준이고, 그 범위는 실로 거대하고 무궁무진하다. 모든 것을 밝혀야 하고 모든 처벌을 가해야 합니다. 잠도 안 자고 범죄를 저지른 것 같습니다.|||플리바게닝, 밀수 내역 적발에 대한 보상|||미친 정부였습니다.|||정말 놀랍습니다. 나라가 거의 무너졌습니다.|||조희대 지귀연 의원을 특검으로 수사하게 하라.|||외교행낭에 들어있는 각종 돈, 보석, 약품|||저는 이것이 가장 궁금합니다. 그 직위를 받은 사람들을 찾는 것부터 시작해 보겠습니다. 그런 기록이 남을까요? 존재하지도 않는 것을 만들어서 그 자리를 줬으니 알게 되겠죠.|||뿐만 아니라 정부가 집권하자마자 해외송금 규제도 풀렸다. 이것은 거의 침략이었다. 도난당한 금액이 얼마나 되는지 조사해 볼 수 있나요?|||명품보다는 마약 관련 가능성이 더 의심스럽네요.. 마약 반입 대가로 받은 현물이나 대가였죠..|||의약품? 명품? 꼭 밝혀져야 합니다|||최욱의 압도적 외교 독보적 쇼는 최고!!|||이거 국보 도난당한거 아냐? 역대 가장 미친 정부!|||그들은 정말로 무엇을 하지 않았는가? 아 진짜, 그 사람들이 무슨 짓을 한 거지!!!! 죽을 때까지 진짜 마약이나 사치품, 나쁜 것들은 손도 못 대요.|||아직도 그런 규칙이 존재하는지 몰랐네요... 하하, 정말 다양하네요.|||우리나라의 보물, 국보가 도난당한 곳을 살펴보시기 바랍니다.|||외교부장관은 정신 차리고 하루빨리 무조건 철저한 조사를 해야 한다.|||그래서 매일 해외로 나갔잖아요.|||우리가 정치에 관심을 두는 순간 가장 낮은 사람들이 정치를 장악하게 됩니다. 플라톤|||문제는 뇌물이 아니라 아마도 현금을 훔치는 것일 겁니다.|||문화재 100점을 모두 해외에 매각하셨나요? 정말 말도 안 돼요.|||남북전쟁보다 더 중요한 마약 밀수 사건은 왜 조용할까. 증거인멸을 놔두고 계시나요? 모든 언론이 조용하고 정치인들도 조용하다. 나는 화가 났다.|||문화예술 작품을 어떻게 가지고 갈 수 있나요? 상식적으로는 이해가 안 되네요. 왕의 자리도 모르면서 다 자기 것인 줄 알았어요!! 김건희 용서할 수 없어!!",1,1
CiRstnkZT2k,한나라당이 야외집회를 취소한 진짜 이유,"한심하다|||안타깝네요. 인생에 중요한 가치관이 없으면 윤석열같은 사람한테만 의지하면 되는데... 어머.|||국짐당은 권력 장악만을 원했다. 언제부터 민생회복에 관심을 가졌던가?|||같은 것들이 모여서|||반란군 때문에 전쟁이 일어날 뻔했는데 이 사람들은 제정신인가?|||신천지 통일교회에서 동원된 것으로 보입니다.|||그게 다야? 곧 해체될 예정입니다.|||어리석은 사람들은 탐욕스러운 정치인을 대표로 뽑아 꼭두각시 놀이를 하게 만든다. 훌륭한 콜라보다 더 현실적입니다.|||아, 전쟁을 일으켜 모두를 죽이려고 했어요.|||돈이 어디로 가는지는 분명합니다.|||국력은 또 윤이 된다..|||우리나라는 어쩌다가 이렇게 되었나?|||저기서 멧돼지 소리 지르는 저 사람들은 생각도 못 할 수도 있겠네요. 잘못된 믿음은 그만큼 위험합니다.|||지금도 윤석열을 위해 눈물을 흘리는 사람이 있다. 한국에 대한 치욕이다.|||아직도 정신을 차리지 못하는 사람들이 너무 많습니다.|||여기가 공산당인가요? 하하하하하하하하하하하하하하하하하하하하하하하하하하하하하하하하하하하하하하하하하하하하하하하하하하하하하하하하하하하하하하하하하하하하하하하하하하하하하하하하하하하하하하하하하하하하하하하하하하하하하하하하하하하하하하하하하하하하 하하하하하하하하하하하하하하하하하하하하하하하하하하하하하하하하하하하하하하하하하하하하하하하하하하하하하하하하하하하하하하하하하하하하하하하하하하하하하하하하하하하하하하하하하하하하하하하하하하하하하하하하하하하하하 국위가 무너지고 있다.|||남은 돈은 어디에나 남아있습니다!|||반국가세력, 반란 선동 혐의로 체포될 수도|||해체하다...|||좀비 떼야! 폭탄을 버려라!|||남의 땅을 파고 땀으로 만든 이 땅에서 이런 것들을 함께 즐길 수 있다는 게 화가 난다.|||아 한심당 맨오른쪽과 국짐당! 더 한심한 건 국회의원인 사람들이 그런 짓을 하고 있다는 거... 윽.|||국짐은 아직 반성이 없다.|||제발. 정신을 차리거나 너희들은 무인도에서 함께 산다. 남쪽에는 무인도가 있어요. 내가 하나 줄게. 나는 정말로 그것을 보고 싶지 않습니다.|||아, 윤설열 외치는 이 사람들은 뭐지?",1,1
NUQpj57qQas,"우원식, 인사생 나경원 앞에서 한의학을 중시하는 이들의 인품이 눈길을 끈다.","그 사람도 공범이기 때문에 그렇게 할 수밖에 없다는 걸 이해해요.|||그들은 항상 사람들에게 팔아넘긴다|||그렇게 행동하는 것은 국민을 조롱하는 것입니다. 존경받는 시민이군요..모욕스럽습니다.|||나경원 씨, 아직 빵 안 먹었나요? 난 왜 자꾸 보게 되는 걸까?|||저는 우원식 국회의장을 지지합니다.|||국회를 무시하는 것은 국민을 무시하는 것이다. 5번째 줄이 모범이 되어야 합니다. 쯧쯧 쯧쯧쯧|||존경받는 시민이라면 인사부터 해야 하고, 첫마디부터 NG를 내야 한다.|||존경하는 시민 여러분, 어떻습니까? 구토해요|||나는 범죄자입니다|||또한...|||나경원 정신 차려라.|||성격. 실제로는 없습니다. 국회의원. 자격 박탈.|||상호 존중, 배려, 평생 배우자, 아는 만큼 보인다. 영상 감사합니다. 명확하고, 현명하고, 자신감 있고, 뻔뻔합니다.|||기본적인 예의를 지켜주세요. 나라를 이끄는 어른, 자칭 보수 정치인은 재미도 없고 인사도 안 하는 모습이 멋있는 것 같다.|||당신은 무엇을 존중합니까, 극우 만 존중합니까? 넉넉한 마음으로 생활하세요. 고등학교 시절이나 지금이나 변한 게 없는데 어떻게 된 걸까요? 점점 더 무서워지고 있습니다.|||나경원 없는 정치를 보고 싶다.|||저는 우원식 국회의장을 지지합니다.|||나경원 쫓겨났으면 좋겠다 나는 국민의힘을 보고 싶지 않다.|||그렇게 서울시장한테 가고 싶나? 정말 나경원같네요 ㅎㅎ|||국익을 훼손하는 정부는 해체되길 바랍니다.",1,1
lsn_jy1vXr0,박정호의 핫스팟 용산 이야기 이규연이 묶음 풀고 헐떡거린다? 이재명 대통령이 이렇게 일찍 일정을 잡을 수 있을까? 12월 10일 모두 보기,"누구나 가질 수 있도록 합리적인 가격에 판매해주세요. 인생의 황혼기에 좋은 선물이 될 수 있도록 판매해주세요. 도움이 필요한 사람들과 수익을 공유할 수 있기를 바랍니다.|||이재명정부를 지지합니다 오마이뉴스|||우리도 이잠 회장님의 시계를 차고 싶어요. 누구라도 합리적인 가격으로 드실 수 있도록 해주세요.|||민주당은 정의로운 정당이다. 매일이 즐겁습니다. 이재명, 정청래, 추미애, 최혁진이 너무 좋다. 나라를 위해 애쓰는 노동자, 상인들은 이 사람들의 모범을 따르십시오.|||오마이TV 앵커님, 이규연 홍보실장님을 만나게 해주셔서 감사드립니다. 원장님, 국민 여러분과 함께 이재통 의원의 재선을 도와주십시오. 이재명 대통령님과 국회 관계자 여러분의 노고에 감사드립니다. 사랑해요.|||아, 이제|||오 마이 TV, 홍보 담당 선임 관리자님, 이제 준비 작업은 끝난 것 같습니다. 계속 달리자.|||판매해서 수익금을 좋은 일에 쓰시면 좋을 것 같습니다. 휴대폰이 있어서 시계의 필요성을 못 느꼈는데, 꼭 사고 싶네요.|||청와대 복귀를 축하드립니다. 이제 안정되신 것 같아 기쁘네요.|||조국이여, 이제 안정을 취하고 나를 돕기 위해 열심히 노력해주세요. 이재명, 추미애, 정청래가 너무 좋다. 이런 분들을 따라하며 즐거운 하루 보내세요.|||이재명회장 기념시계.. 저렴한 가격에 손목에 차고 싶은데.. 구입할 수 있는 방법이 없을까요?..|||이재명 대통령의 열린정부... 차기 대통령은 많이 긴장할 것 같은데..|||국짐당은 언제 해산되나요? 보기만 해도 토하고 싶어집니다.|||나는 시계를 원해요.|||제발, 제발.|||아, 소식이 맘에 드네요. 나는 당신을 지원합니다. 감사합니다. 궁금했는데 정말 좋았어요.|||아 청와대 축하드려요 영광입니다 오마이뉴스ㅡㅡㅡㅡㅡㅡㅡㅡ|||쿨 오 마이 TV|||나는 동의한다|||나는 시계를 원한다|||민주당은 80년 동안 썩어빠진 사법제도 개선을 위한 입법을 멈추지 말고, 5년 안에 정권을 잃지 않으려면 5년 동안 불도저처럼 밀어붙여야 한다. 5년 안에 권력을 잃지 않으려면 썩은 도구, 가짜 보수, 비리, 비리, 공직 엘리트 잔당을 척결해야 한다!|||이재명대통령시계..가격, 서민가격. 원하는 사람들이 손목시계를 착용할 수 있도록 저렴한 가격으로 만들고 싶습니다.|||나는 시계를 원한다|||우리 청와대 관계자 여러분, 맡은 바 최선을 다해주시기 바랍니다. 나는 당신을 지원합니다. 우상호는 빨리 퇴출시켜야 한다.|||시계 좀 주세요",0,0
E03u8MckZlM,"유시민, 청와대 단편 '오마이TV'에 보내는 모든 메시지 도청 검토해야","위기경보에 동의합니다! 지방선거 패배는 한순간이다! 반란을 더 많이 내려다볼수록 더 많은 것을 잃게 될 것입니다.|||우리는 유시민의 조언을 들어야 한다.|||그렇습니다. 반란군에게 사기를 당하지 않도록 항상 조심해야 합니다. 그들은 못생겼다!!!!|||유 작가님 말씀이 맞습니다. 우리 언론은 늘 민주정부를 폄하할 기회를 모색해 왔습니다. 과거에도 지금도 언론개혁이 필요하다.|||민주당 방심하지 말고 항상 조심합시다!!!|||와 유시민 작가님이시군요. 좋아요.|||유시민 작가님의 존재가 큰 힘이 됩니다. 오래도록 큰 통찰력으로 이 시대를 이끌어가시기 바랍니다. 나는 당신을 존경합니다.|||여러분은 모릅니다. 영등포구 여의도는 100도 감청 지역이다. 청와대도 물론이다.|||이재명 정부가 도청해야 한다|||문재인 정부 시절 조중동이 비난을 많이 해서 평론가가 되겠다고 했고, 윤석렬에게 휘둘리면서도 거친 말 한마디도 하지 않았는데 왜 없던 문제를 만들고 비판한 걸까??? 당신이 아니더라도 김남국 문진석 문자메시지 논란은 조정동은 물론 진보 유튜버들까지 비난을 받고 있습니다!!!! 더 이상 아무것도 할 수 없다고 탈당한 사람에 대한 비난을 멈추고 장경태에게 탈당은커녕 민주당 전체에 해를 끼치고 있으니 탈당을 권유하라!!!! 장경태의 문제는 더 크고 현재진행형이다! 서울시장직을 고집하고 지방선거까지 버틴다면 서울시장선거는 대참사!!!|||젠장 정부가 일을 잘하고 있으니 감나라, 배나라라고 부르지 마세요!!!!|||인터넷 유튜버 미디어 3사가 청와대에 들어간 건 이번이 처음인데, 대통령이 직접 유튜브를 하고 있는데 왜 기성 언론에 둘러싸여 있다는 근거 없는 이야기를 하는 걸까요??? 친문 사태 때문에 물러나는 듯… 문재인 유튜브 채널에도 최강욱이 출연했다. 친문단체를 살리고 싶다면 잘하라고 조언해주세요!!!!! 아무 이유 없이 정부 도청이 확인도 안 되는 극단적 상황을 만들지 마세요!!!! 문자 유출은 국회의원 김남국이 아닌 문진석이 했다!! 당대표 책임이 더 큰거 아닌가요??? 이럴때 민주당이 뭘 잘하는걸까요??? 남북전쟁종식법 통과는커녕 발목만 붙잡고 있을 뿐입니다.|||내가 처리할 테니까 그냥 정청래한테 처리하라고 해라. 최강욱, 문재인이랑 유튜브만 하지 마세요.|||이재명 의원은 경기도지사조차 한계라는 평론가 수준이다.|||유시민의 정체가 드디어 밝혀졌다.|||준시민! 멧돼지 시대에는 나라가 망하지 않는다고 말했는데, 지금은 왜 이렇게 위험한가? 평산할아버지와 정말 인연이 깊은 것 같아요. 이제 나왔나요?|||유시민, 문재인, 수박 대위는 조국 얘기를 하지 않는다.",1,1
7kw-W9iYZ1g,정청래는 내란 근절을 강조한다. 독일 나치처럼 청산하세요! 내전전용법원으로 사법개혁!!!,"진정으로 내 것이 무엇인지에 대한 모든 세부 사항을 조사하고 영구적으로 법정에 제출하십시오.|||남북전쟁에 가담한 사람들은 엄벌에 처해야 한다.|||우리는 내전의 종식을 보장해야 합니다.|||정청래 의원님을 지지합니다.|||말만이 아닌 행동으로 실천해보세요!|||김병기 의원에게 휘둘리지 말고, 대표 자리를 걸고서라도 민주당을 개혁하자.|||잘하셨어요. 광주가 없었다면 민주주의도 없었을 것이라고 생각합니다. 힘내세요 정청래 의원님.|||정 대표. 수박님과 다른 분들의 노고에 감사드립니다. 내전이 해결될 때까지 빠른 조치가 필요합니다. 현장에서 천재 천재의 유무에 따라 차이가 있다.|||내전을 종식시키려면 말로만 하는 것인가? 권력이 있지만 그 권력을 쓰지 않으면 곧 자신들의 정치에 몰두해 내전재판과 판사 탄핵마저 미루게 될 것이다. 이들은 정청래 리더와 무슨 관계를 맺고 있는 걸까. 한심하다. 내전은 대통령과 국민만이 해결할 수 있는 것 같습니다.|||그렇죠 정청래 대표님 화이팅!!|||말만 하지 말고 행동으로 보여주세요. 말을 할 거면 입을 다물고 있으면 됩니다.|||좋아요! 나는 정청래를 강력히 지지한다.|||기운을 내다 ! 반군세력은 뿌리 뽑고 규탄해야 한다! 법원개혁도 마찬가지다!! 우리는 당신을 지지하고 지지합니다!|||대표님, 당내 수박은 완전히 청산되어야 합니다,,,|||내란영장 재판관인 내란심판부가 설치되지 않고, 제2특검도 없다면 민주당은 지방선거에서 패배하게 된다. 민주당은 국민이 원하지만 실천하지 않아 답답하다. 문제는 리더다.|||정청래를 지지한다|||특별한 희생에 대한 특별한 대우에 대해 이야기해 주셔서 감사합니다.|||정청래와 싸워 내란재판소 설립을 반대하는 자들을 처단하라.|||정청래 의원님, 초심을 잃지 말고 더욱 강하게 추진해 주십시오. 나는 당신을 지원합니다.|||말만 하지 말고 행동으로 옮겨라!|||저는 정청래 대표님을 존경합니다.|||정청래 의원님, 민주당의 수박에 흔들리지 마세요. 나는 당신을 지원합니다.|||저희 정청래 대표님이 말을 참 잘하시네요 ㅎㅎ|||큰 소리만 내지 말고, 시간낭비하지 말고, 사법개혁을 신속하고 바르게 진행하라... 모두에게 시간을 주면서 개혁하겠다는 겁니까? 지금까지 해온 이야기를 보면 용머리처럼 시작해서 지렁이 머리만한 크기도 안 되는 흐릿한 결말로 끝나는 꿈을 꿨는데 기억이 나지 않는 꿈으로 끝나는 것 같다...",1,1
3gao9Z-TPB4,"김어준의 겸손은 어렵다 뉴스팩토리 2025년 12월 10일 수요일 겸손 NSC, 홍사훈, 신용한, 김용남, 주진우, 박구용, 김영대, 필름팩토리 허들 텐밀희","영장판사와 고위판사 모두 수사하고 처벌해야 한다. 나는 항상 당신을 지원합니다.|||판사들이 법왜곡범죄에 강력히 반대하는 것은 우리 사회에서 사법부가 얼마나 불법적인 존재였는지를 반영하는 것이라고 생각합니다. 법대로만 판단하면 무슨 상관이겠습니까? 예를 들어 우리나라는 선진국 중에서 법왜곡범죄가 없는 유일한 나라라고 합니다. 선진국에서는 매년 여러 명의 판사가 법 왜곡 혐의로 처벌을 받고 있다. 겁쟁이의 말을 듣지 말고 민주주의를 지키기 위해 만들어져야 합니다.|||반란법원 설립은 필수다. 종합특별수사 GO|||김영대 공장장님과 사진을 더 이상 볼 수 없게 되어 너무 아쉽습니다... 고인의 명복을 빕니다.|||사법개혁이 아닌 법원개혁. 위헌이 아니라 위헌논쟁이다. 올바른 용어는 올바른 활동으로 이어집니다.|||5년째 해외 도피 중이던 계엄령 작성자 조현천 씨에게 법원 비리가 무죄를 선고했다. 이것은 내가 깊이 관여하고 있다는 느낌을 갖게 합니다.|||법을 왜곡하는 것을 범죄로 만들자. 심사위원들이 너무 싫어하기 때문에 꼭 필요합니다.|||조희대, 지귀연은 파면하고, 반란에 동조한 판사들은 철저히 조사하라!!!|||무슨 사연이 있는지, 고인의 명복을 빕니다. K-뮤직의 미래를 예측하는 탁월함에 감동받았으나 안타깝다.|||지렁이도 소금뿌리면 제일 심하게 꿈틀대는데 검찰도 사법도 지금 그런거같아.. 사법불란자들의 최후의 투쟁도 두렵지 않다!!! 국민은 반드시 승리할 것이다!!|||마약밀매 사건도 추가 특검에서 처리되길 바랍니다...!! 외압이 없었다는 게 말이 됩니까????|||나는 반란 재판소를 지지합니다. 계엄령이 다시 한 번 본격화되었습니다.|||뉴욕 추수감사절 퍼레이드에서 헌트리스 골든(Huntress Golden)을 보고 정말 기뻤습니다.|||법원 개혁. 그렇게 되면 한국은 세계 최고의 선진국 중 하나가 될 것입니다.|||뉴스 공장 재미|||공영방송국을 만들어 기차역이나 공공기관 구내식당에서 YTN 연합뉴스 대신 TV로 방송하고 싶습니다.|||김어준의 말장난, 천박한 오세훈은 펜처럼 폭소를 터트리는데, 이보다 더 완벽한 비유는 없다.|||법을 왜곡하는 범죄는 반드시 필요합니다. 사법부를 개혁해야 합니다. 민주적인 사법부가 필요하다.|||처음에는 선언적인 의미로 썼는데, 알면 알수록 맞는 말이라는 생각이 듭니다. 사법부는 반란의 리더이다!|||영장판사도 내전 동조자 아닌가?|||우리에게는 반란 재판소가 정말로 필요합니다.|||나줌씨는 마이크를 끄고 개인 마이크를 사용해서 말을 하더군요.. 와.. 안하무인이 국회를 비난하는군요.|||크리스마스 아침에 슬픈 소식을 들었습니다. 김영대 평론가의 겸허한 마지막 방송을 찾아서 글을 남겼습니다. K-POP에 대한 유쾌한 설명이 너무 좋았는데, 더 이상 들을 수 없다는 게 마음이 아프네요. 고인의 명복을 빕니다.|||김어준 공장장님, 옷이 너무 예뻐요. 매우 감사합니다!!|||김영대님, 고인의 명복을 빕니다...",1,1
Pu6tcDbej2c,홍사훈쇼를 기억하세요! 내전판결 없이는 지방선거도 없다!ㅣ김용민,"나는 내전을 청산하지 않고는 지방선거의 승리는 없다고 믿는다. 물론. 김용민 대표님. 기운을 내다. 의원님을 전적으로 지지하고 지지합니다!!|||청산만 잘하면 지방선거에서 승리할 수 있어요! 효능이 있고 그냥 달리는 것이 국민의 지지를 받습니다!!! 청산을 미룬 채 지방선거 승리를 꿈꾸는 것은 말도 안 된다.|||대통령의 좌절은 국민의 좌절이다.|||김용민 의원과 안민석 의원의 말이 100맞다.|||김용민 의원을 지지합니다. 내전 청산에 실패하면 민주당도 망한다… 내전특검, 종합특검으로 모든 걸 밝혀내고 처벌하자.|||김용민은 정말 좋은 사람이다. 당신은 믿음과 용기 없이는 할 수 없는 일을 하고 있습니다.|||나는 민주당 개혁파 김용민 의원을 지지한다.|||김용민이 최고야|||민주당 의원들은 정신을 차려야 한다. 지금 자유선거는 문제가 되지 않습니다.|||김용민 의원처럼 정직하고 정의와 국민만을 생각하는 의원들이 많아졌으면 좋겠습니다. 안민석 의원님, 오랜만에 뵙게 되어 반갑습니다.|||당신 말이 맞아요! 지방선거에서는 의원들이 다 자기 정치를 한다고 서로 물고 있다. 앞장서서 행동하는 김용민 의원을 응원합니다!|||의원이 많은 민주당은 내부 규범을 강화하고 쓰레기 정치인을 빨리 잡아야 한다!!!!|||내전의 완전한 근절이 최우선이다.|||안민석 의원님, 지지합니다. 경기도의 식구가 되기를 기도합니다. 나라를 발전시키는 데 큰 도움이 되어주시고, 우리 아이들이 덜 힘들게 할 수 있도록 해주세요.|||김용민 대표님, 감사하고 응원합니다.|||김용민 대표님 계속 부탁드립니다!! 나는 항상 당신을 지원합니다|||검찰·사법내란·국방부개혁·내란근절 잔재만 가득한 민주당에 다음은 없다!!!!!!!|||김용민 의원님, 늘 응원합니다. 민주당은 민심을 살펴야 한다.|||김용민, 안민석, 홍사훈 정의로운 행보 3인방! 나는 당신을 전적으로 지지합니다. 최근 광장에 나온 홍기자님 대단하십니다!!|||내전은 근절되어야 합니다. 지역 경주에서 승리하는 것이 가능합니다. 제발 액셀을 완전히 밟아주세요.|||안민석 대표의 말이 참 중요하다. 민주당 오해하지 마세요.|||역모에 대한 판결이 늦어지자 내란 동조자들이 항의해 조선처럼 역모로 즉결 처형됐다.|||김용민 의원님, 볼 때마다 마음이 안타깝습니다. 모르겠어요 뭔가 특별한 것 같아요. 항상 힘내세요!!|||김용민 의원을 가끔씩 보게 됐는데, 홍사훈 쇼가 재미있다. 안민석 의원은 좋은 사람이다. 나는 두 분 모두를 지지합니다.|||당신이 말한 것이 맞습니다. 반란을 진압하고 처벌하는 것입니다.",1,1
45Q7atcKLkY,"정준희 논밭, 심사위원 단합의 정점 조희대·천대엽 ㅣ2025년 12월 9일 화요일","오늘도 논을 통해 보내주신 격려가 제가 지치지 않으려는 의지를 키워줍니다.|||국민투표를 통해 현 법원 전체에 대한 불신임에 투표하고 싶습니다.|||진실을 알면 알수록 분노하는 사람들이 많아진다.|||오늘의 논은 최고로 내 마음속 깊이 스며듭니다. 매우 감사합니다|||지금 생각해보면 소위 판사라는 사람들이 가장 두려워하는 것은 폭력이다. 실제로 법을 두려워하지 않고.|||늘 그런 생각이 들지만 논은 늘 예리한 지성으로 품위 있게 비판한다. 감사합니다...|||이런 불의를 논리적인 말로 표현하지 못하는 답답함에 대한 답을 주는 좋은 프로그램!|||나쁜 법조인들과 기득권층은 김수영 시인의 풀잎처럼 누워 있는 것 같다. 정준희 교수님 감사합니다.|||그들이 그걸 들었으면 좋겠어|||나는 당신에게 크게 공감합니다. 감사합니다.|||그들은 우리를 그들의 세계에서 통제의 대상으로 인식하는 것 같습니다. 법에 대한 판단, 심지어 초콜릿 파이 한 개나 커피 동전 한 개라도 우리에게는 절대악입니다. 그들의 편차는 매우 관대할 수 있습니다.|||아이들이 누군가를 때리라고 말하며 싸우고 놀릴 때 실제로는 누군가를 때렸습니다. 이런 일이 발생하면 패배합니다. 때리기 전에 증거를 확보해야 합니다. 그들은 지금 구타당하려고 아우성치고 있습니다. 민주당은 차근차근 증거를 모아 한꺼번에 몰아내야 한다. 다시는 그런 짓을 하지 않도록 엄하게 질책하고 머리에 새겨야 합니다.|||안심이 됩니다.|||다시한번 강한 의지와 강철같은 마음을 지닌 용기가 필요할 때가 있습니다.. . 나는 깨어나 앞으로 나아가고 결국 극복할 것이다. 나는 그것을 실현할 것이다.|||사람들은 사법부를 믿을 수 없다고 말하는 사람들을 보면 자신들이 수천 달러의 세금을 받는 공직자라는 사실을 망각하고 그에 따라 행동한다.|||나는 숨을 죽이고 소름이 돋는 논리를 들었다.|||오늘도 감사했습니다.|||교수님 항상 감사합니다|||사람들은 위헌입니다. 법을 위협하는 자들은 법조 카르텔의 반민주적, 반헌법적, 범죄행위를 모두 쓸어버리고 사법부를 장악하고 민영화하는 만큼 개혁의 대상이다.|||하루를 마무리하며 논 소리를 들으니 마음이 편안해집니다. 내용이 우리를 화나게 하더라도 생각을 정리하는 데 도움이 됩니다. 현재의 문제는 장기적인 싸움이기 때문에 지치지 않고 오래 버티는 것이 중요하므로 그냥 일상생활의 일부로 삼도록 하겠습니다. 논을 오래오래 보관해주세요.|||오늘도 감사합니다|||공정성과 상식에 기반한 올바른 미디어가 널리 알려져야 합니다. 정준희 교수님 같은 분들이 계시다니 정말 큰 위로가 됩니다. 항상 감사합니다.|||정치에는 로맨스가 없습니다. 오직 역사의 심판만이 있을 뿐입니다. 그러나 역사는 승자의 기록이라는 점을 명심해야 하므로 반드시 승자가 되시기 바랍니다.|||오늘도 힘내자|||항상 고마워요",1,1
vHPMOk-4bZE,심사위원에 대한 지귀연의 가슴 뭉클한 말 연합뉴스TV,"판사들이 당신을 어떻게 쳐다보게 만들고 있나요?|||판사. 그들은 판사에 대해 어떻게 생각합니까? 모두 던져보세요.|||노상원은 사령관이 아닌 민간인이다.|||다시 분석하라고 하는데 불평이 나오네요 ㅋㅋㅋ 돈을 절약하고 AI를 사용해 판결을 내리자.|||아, 짜증난다. 귀가 썩어가는 것 같아요.|||지귀연님이 그렇게 만드셨네요 ㅡㅡ|||판사님들은 어떻게 생각하시나요? 현장에서 전하는 지귀연의 가슴 뭉클한 말 연합뉴스TV 연합뉴스TV 이 제목은 누가 지었나요? 내용을 안읽으면 지귀연이 심각한 말을 한거겠죠??? 기자님, 보시면 어느 부분이 가장 심각한가요??? 언론을 가장한 기업의 개혁이 정말 시급합니다.|||×음식|||극우 유튜버급 변호사이자 능지판사|||실패한 반란자들이 낙담하지 않는다면 법원에 분명히 문제가 있는 것이 아닌가? 사람들이 자신만의 단두대를 만들어야 할까요? 어떻게 법정을 그렇게 우스꽝스럽게 만들 수 있습니까? .|||왜, 너한테 보여주지 말았어야 했는데!|||남북전쟁 재판은 화려했다… 재판장은 예능 진행자 같다.|||판사님들은 어떻게 생각하시나요?? 응 넌 아니야|||당신의 재판을 지켜본 후 나는 판사를 조스라고 생각합니다.|||농담 아니었어?|||너 자신을 쉬워보이게 만들었더니 지금은 누구를 가르치고 있는 거지??|||무슨 얘기를 하는 건가요? 나는 그것을 듣고 싶지도 않습니다. 이건 법원 모독 아닌가요?|||무슨 말을 하고 싶은데요? 지귀연씨가 한 말은 판사를 무시해야 하는가가 아니라 공정한 판결을 내릴 것이기 때문에 걱정하지 말라는 것입니다.|||이미지이거 누가 만든거야????? 귀연이의 키자니아 체험을 보며 전국민이 스트레스를 받고 있습니다.|||내란재판소를 설립해선 안 된다는 여론을 끌어내기 위해 지귀연을 정의로운 판사로 내세우려는 연합뉴스의 눈물겨운 노력.|||지입니다!! 노래방인가요? 중학교 졸업생인 나도 너희들을 보면 한심하다.|||다만 지귀연 때문에 사법부에 대한 불신이 더욱 커졌다는 점을 기억해주세요. 정신을 차리고 결정을 내리십시오. 사람들이 지켜보고 있습니다.|||판사님들은 어떻게 생각하시나요?? 수비팀은 심판을 전혀 모르는 것 같죠??|||판사는 지귀연인가?|||지귀연 재판 방송을 보면서 판사님이 얼마나 웃기신지 깨달았습니다. 지귀연 씨가 국민들에게 진실을 알린 것은 매우 의미 있는 일이라고 생각합니다. 우리나라도 재판 결과가 판사의 운이나 의지에 좌우되지 않도록 배심원 제도가 필요하다는 사실을 깨닫게 됐다.",1,1
Q6xI2fgZbyw,"오늘자 통일교 윤영호 추가 폭로 없어, 여야 가리지 않고 조사 연합뉴스TV","여야 모두 공정해야 한다|||통일교에서 돈을 빼돌린 야당 여성 의원들. 조사해서 잡고 집어넣으세요.|||이재명 특검은 통일교와 마찬가지로 여야에 돈을 줬지만, 재명 특검은 여당은 수사하지 않고 야당만 수색했다. 웃긴 건 재명이 특검이라는 사실이다.",0,1
ynCKIg76Qhk,"통일교를 때리던 전재수, 의혹에 충격! 실명까지 포함되어 있나요?! 정말 미쳤어요! 박상규 시사평론가 굿모닝코리아","인터넷TV 신규 가입시 최대 48명, 이동통신사 변경시 최대 30명, 정수기 렌탈시 최대 30명 총 108만원 혜택! 타사보다 혜택이 적을 경우 차액 150% 보장 https abit.ly 89klwr|||가장 무서운 것은 처벌받을 사람들이다. 인간이라고 하는데 정말 대단해요. 사람들은 모두 바보입니다.|||국회를 해산하고 시의원과 구의원도 조사하라.|||국민단체의 일원이 되어 특별수사팀과 함께 특별수사를 진행하세요.|||조사하다|||인민기 특별조사는 국민의 명령이다.|||통일교에서 금품을 받은 사람들을 모두 특검 조사해 주십시오. 특검 수사를 은폐한 사람들을 특별 조사해 주십시오.|||한심한 놈들아.|||특검은 특검을 받아야 한다.|||정치인들은 국민의 세금으로 월급을 받으며 국가와 국민을 위해 일했습니다. 이게 나라인가요? 사람들은 그들을 개와 돼지처럼 대했습니다. 특검을 만들어 연예·종교·카르텔 수사하라.|||통일교회가 해산되면 이신명 더불어민주당도 해산되는 게 맞다. 종교의 자유는 법적으로 보장됩니다.|||나 자신을 너무 자책하고 있는 것 같아요!|||전재수! 이제 시계로 돈을 받는 시대는 언제인가요? 논에 버리지 말고 꼭 점검을 받아보세요.|||법을 어긴 사람이 법을 얘기하고 있다는 게 충격적이다.|||개혁은 이재명부터 시작해야 한다.|||특검, 특검. 통일교회가 돈을 받았다고 하니 통일교회를 해체해야 합니다. 4개 범죄 혐의로 체포|||박상규님, 소중한 리뷰 감사드립니다.|||전재수의 정치는 부산에서 끝났다.|||전재수는 장관 자격이 없다. 그의 정치생명은 끝났다. 특검을 전부 수사해서 체포하라.|||특별조사가 필요하다!!!|||아마도 관련이 없을 수도 있습니다. 돈이 필요합니다.|||한겨레신문이 보도했다. 이제 세상은 제 발로 설 것입니다. 화이팅, 한겨레신문.|||정치인들이 매일 뉴스에 나오는 일들만 생각한다면 나라 발전을 위해 무슨 일을 하겠느냐? 너무 한심해요|||겉과 속이 다른 뻔뻔한 사람들, 이제 종말이 다가왔습니다.|||어디로 가라앉고 있는지",0,1
HrpAI2QkWFk,"뉴스 하이킥 반란 재판, 통일교 게이트, 백해룡 수사… 이동형의 진단은? 이동형, MBC 251210 방송","특수 마약 수사가 필요하다.|||마약수사가 무산됐다는 의혹은 비판할 영역이 아니다.|||마약이 대량으로 도착했다는 사실! 사정은 있는데 처벌받은 사람은 없나요?? 사실!|||청와대에 청원해야 할 것 같습니다. 마약사건 특별수사. 국민이 해야 합니다.|||의심스러운 사건에 대해 수사기관이 수사기관에서 제대로 된 압수수색조차 하지 않고 완전 무죄를 선고하는 것이 가능한 일인가? 난 더 이상 그런 짓 안 해|||특검으로 가야지 검찰에 맡길 수는 없다.|||요점은 인천세관을 통해 수십 킬로미터의 마약이 국내로 들어왔는데, 마약범죄자들이 이 일을 혼자서 했을까?|||댓글이 정상이라 다행이네요. 진실을 숨기려고 한 사람에게 이상한 사람이라는 꼬리표를 붙이려고 합니다.|||이렇게 대량으로 수십 차례 마약이 들어오는 사실을 세관이 몰랐다면 정말 한국 세관에 문제가 있는 것 아닌가?! 그렇다면 관세청 직원과 상사 모두를 처벌하고 징계해야 합니다! 하지만 징계를 받았다는 말은 들어본 적이 없습니다.|||마약사범이 손가락을 몸에 감고 보안검색대를 통과한 사례가 한두 건이 넘는다는 게 말이 된다고 생각하시나요? 수사검사들이 수사하는 척만 하고 제대로 하지 않아서 무죄를 선고받는 것 아닌가?|||실체가 없나요? 그럼 그 약이 세관을 통과하지 못했다는 뜻인가요??|||이동형은 비판받아야 한다.|||이에 대해 특별 조사를 해야 합니다. 양쪽을 모두 덮으려고 합니다. 냄새가 진동한다|||압수한 마약은 밀가루였고, 보도된 CCTV 영상은 복제물이었다?? 확증편향 때문?? 수사팀이 해체되어 강등됐다는 것은 착각인가??|||그럴 필요도 없고, 당시 지목됐던 세관원들이 휴대폰을 교체했다는 게 그 증거다.|||백해룡 조사단은 왜 해체됐나? 조사를 계속한 조직은 왜 아무 것도 발견하지 못했나요? 누가 기본적인 질문에도 대답하지 않고 은폐하려고 합니까?|||이는 국가와 국민의 미래가 달린 마약 문제다. 우리는 그것을 그냥 무시할 수 없습니다. 특검으로 가야한다!!!|||백해룡에게 조사 권한을 부여해야 합니다!|||아니, 마약 수사 내용을 공개하려고 하는데 다들 쉿 소리를 내며 막고 있는 거겠죠? 정말 놀랍다|||어느 날 갑자기 하늘에서 마약이 떨어졌습니다.|||몸에 약을 붙인 채 세관을 통과했다고 들었습니다. 이것은 사실이다. 그게 가능합니까? 누군가 문을 활짝 열어서 들어왔고, 수사 외부의 압력으로 백해용선은 강등됐다!!! 검찰을 믿으시나요? 임은정은 정의로운 척, 검사였다.|||확증편향은 모바일형인거 같은데..|||동형아, 법사위 구성이 너무 강경하다? 와, 말도 안 돼요. 국민이 원하는 게 바로 동형아.|||이건 말도 안 돼요. 확증편향의 증거가 있다고 생각하시나요? 왜 차단하고 있나요?|||들어온 것은 사실이다",1,1
06WLrVc-NL4,"뉴스 하이킥 국민의당 감사위원회 글 한동훈, 사실상 가족으로 확인된 강성필, 김종혁, 박원석, MBC 251209 방송","뉴스하이킥을 응원합니다|||명백히 법을 위반한 이호선, 장동혁이 처벌받았으면 좋겠습니다...|||김종혁 최고위원님, 지지합니다. 나는 당신을 지원합니다. 화이팅. 저는 최곱입니다.|||장 씨와 이호선 씨가 개인정보 보호법 위반 혐의로 피소됐다고 들었습니다.|||장돌이 다리 사이에 매달려 있습니다. 장돌이는 사퇴해야 합니다. 그렇지 않으면 끌려가게 될 것입니다, 국민 여러분.|||이호선, 장동혁을 정당법 위반 및 개인정보법 위반 혐의로 고소합니다.|||장동혁, 이 한심한 작가가 하는 짓은 정말 역겹다. 끝까지 고생하셨습니다. 이제 사그리드에게 불꽃을 아무리 주어도 당신은 끝입니다. 장동혁|||장동혁 고소하자, 불법임에도 불구하고 당원게시판을 읽었다는 이유로 고소하자.|||장동혁 대표는 사퇴해야 한다.|||권순표의 뉴스하이킥이 대단하다.|||윤건리 욕한게 무슨 죄냐? 당신은 모욕을 받을 만한 일을 몇 번이나 했습니까?|||장동혁은 유통기한이 지났으니 버려야 한다.|||불법이면 신고하세요. 장동혁|||장예찬은 어떤 자격을 가지고 있나요??? 국력이 정말 낮습니다.|||장동혁이 끝났다. 질투가 난다면 기술과 부지런함으로 극복하세요. 그리고 내 돈 내놔라, 이 사기꾼아.|||장동혁이 미쳐가고 있다.|||불법이면 신고해야죠 ㅎㅎ 신고도 못 하는 사람들은 그냥 소란을 피우는 거죠. 장동혁과 이호선. 파티원 정보를 읽고 마음대로 시끄럽게 떠드는 게 부끄럽지 않나요?|||MBC 방송을 싫어했는데 앞으로는 패널과 진행자를 자주 봐야겠습니다. 정말 마음에 듭니다. 구독 좋아요.|||장병심은 민주당 현안을 덮고 있을 뿐이다. 권력에 대한 탐욕은 보여줄 것이 없습니다.|||윤건희 비판?? ㅡ 감사패 수여 한동훈이 토크콘서트의 흥에 발작을 일으켰다.|||악당은 장배신에게 끌려가게 된다.|||국짐당은 인간의 생명을 파리 취급하는 무섭고 잔인한 정당이다.|||깜박거리지 않아도 전광훈이 눈치채는데, 너무 깜박거리지 않고 피해만 입힐 뿐이라 날려버려야 한다.|||장동혁, 이호선씨가 게시판에 민원을 접수하셨습니다. 정당법 위반으로 개인정보 보호법에 따라 민원을 제기하세요. 경찰에 신고하세요|||윤석열은 무죄를 선고받아도 정치를 할 수는 없었다.",1,1
15AXcNZuwII,1분 바삭바삭 장동혁 정권 하에서 액셀을 밟은 나경원의 3가지 배경은?,"장동혁은 용을 꿈꿨나요? 소가 웃을 일이군요.. ㅎㅎ 바보되려는 사람들은 분노해야지.. 말도 안 돼요. 그들은 노새처럼 사람들을 바라보고 있습니까?|||두 극우 지도자 모두 사퇴해야 한다.|||보이지 않는 것들은 용의 꿈을 꾼다|||그 새끼들이 판사였던 걸 생각하면 지금은 이상한 판사들이 많아도 이상하지 않다. 진은 반란당의 일원이다.|||놀라운 간장 소스, 장사쿠라|||두 권이 사라지자 경원만 신이 났다 ㅎㅎ|||나라를 강하게 하려면 장동혁과 지도부 전원이 사퇴해야 한다. 정치적 경험을 자랑하는 나경원이 자기 이익을 위해 사는 여자이고 공익은 전혀 없는 여자인 줄은 몰랐다.|||정말 짜증나네요 하하.|||나베파루가 실제로는 반란당의 상대라는 설이 사실인 것 같고,,,그래서 아무런 힘도 없이 설치되고 있는 것 같습니다.,,,|||장동혁, 꿈도 꾸지 마세요. 어떻게 감히?|||두 사람의 공통점도 한동훈과 적이라는 점이다.|||오세훈이 국민의힘이네.. ㅎㅎ|||시장을 장악하고 싶은 사람|||눈도 깜빡이질 않네요 ㅎㅎ 꿈에서 깨네요|||찹찹 오세훈은 싫지만 나경원보다는 오세훈이 낫다.. 그냥 자영업자이지 국회의원은 아니다. 직업을 바꾸세요.|||아 진짜 너무 멋있어|||장동혁은 뭔가 보좌관이 있네 ㅋㅋㅋ 초선ㅋㅋㅋ|||그들은 아마도 큰 범죄를 저지르지 않았을 것입니다.|||정말 다양해요.|||둘이서 눈이 휘둥그레졌어 ㅠ|||미쳤어, 나|||나경원 의원은 극우 기득권의 대표적인 인물이다. 그래도 서울시장이 아닌 나파루로 남을 수 있도록 이번 기회에 열정을 보여줘야 한다. 자신과 가족을 위한 정치를 하는 내란당이 국민을 위한 정치를 하려면 낙동강에 오리알이 있는 이유를 이 기회에 밝혀야 한다.|||판사 장동혁ㅋㅋㅋㅋㅋㅋ|||둘 다 꿈이야|||오창석 서울시장이 되더라도 국력에 투표하지 않겠다!",1,1
9urn2GDFRsc,"국력당 국회앞 천막시위 시작, 장동혁 폭언 2025.12.10","정말 대단하고 놀라운 나라입니다!!! 장동혁, 김민수 화이팅!|||먼저 내부 암덩어리를 잘라내야 합니다..|||나는 장동혁 대표를 지지한다.|||가능한 한 빨리 그들을 추방하십시오. 40명이 아니더라도 국민은 함께합니다.|||우리는 팔악법을 막아야 합니다.",1,0
qxYBiXMBH5A,"법왜곡죄에 대해 핵폭탄 발언을 한 박형명 변호사, 이토록 반짝이는 회의실에 떠오른 건 오로지?... 법왜곡은 누가 결정하는가?","마음이 감동되요|||당신은 정말 대단해요. 화이팅.|||시원한|||정말 놀랍습니다. 자격도 없는 사람들이 하는 방법은 뻔한 것만을 위한 것입니다. 한심하고 비참합니다. 이런 일은 이전에 일어난 적이 없습니다.|||비참하다|||그렇죠 다들 그렇게 생각하는데요.|||엄청난!!!!!!!|||변호사! 멋지네요!|||사람들은 화가 났습니다. 법치를 구하십시오. 평가판을 받으십시오.|||나는 당신을 존경합니다|||맞습니다. 발언 기회가 있는 지도자들은 목소리를 높여 주시기 바랍니다.|||맞습니다. 대부분의 사람들은 동의할 것입니다.|||훌륭한 말입니다!!|||정말 멋지다. 바른소리.|||저는 이 분을 정말 존경합니다. 감사합니다.|||마음이 편해, 거짓말|||이 사람은 옳은 말을 하고 있습니다. 시원한 사이다 발언이 최고네요.|||당신은 최고입니다|||솔직한 말씀 감사드립니다. 거짓은 진실을 이길 수 없습니다. 범죄자들이 엄중한 처벌을 받았으면 좋겠습니다.|||이것이 대다수 국민의 상식이다.|||정신이 맞다면 감사합니다.|||올바른 소리를 들으면 감사해서 눈물이 납니다.|||국민이 분노하는 것은 우리의 피, 땀, 희생이다. 외교적 재난, 외환범죄, 반역, 국제 왕따, 그것은 가짜다.|||널리 알려야지,,,|||당신은 정말 멋지다",0,1
FUbX8-nz_00,"추미애, 우원식에 이어 마이크를 꺼주세요. 국민의힘, 마이크 앞에서 발언 중단…전대미문의 사태에 국민의힘이 분노하고 있다.","속상해서 말문이 막히네요.|||남북 전쟁은 진정한 이중 정당입니다. 완전한 독재국가입니다.|||들어보자. 사람에게도 들을 권리가 있습니다.|||피를 토하고 있어요. 피가 분출되고 있습니다. 나는 이 나라를 지키기 위해 목숨을 걸어야 합니다.|||미쳤어 미쳤어 어떻게 이 나라를 엉망진창으로 만들 수 있습니까?????! !|||국회를 해산하다|||이나라가 미쳐가고 있다.|||우원식은 시간 낭비다. 그런 사람이 국회의장이다. 한숨만 쉬세요. 나온다|||국회의장 인간은 독재자다|||나경원이 최고다. 그녀의 목소리는 내 눈에 눈물을 흘리게 한다.|||우원식 국회의장이요? 그는 이중당의 하인입니다.|||나경원 화이팅|||나경원. !!!! 당신은 진정한 전투기가되고 있습니다. 자유민주주의 마지막 수호자|||완전한 독재|||나라가 미쳐가고 있다 우원식, 어서 나라가 망한다.|||국회법을 좋아하시네요. 국회의장이 바로 그런 사람이다.|||우원식. 왜 말하는 걸 좋아해요? 너희들 법에 대해 이야기하니?|||반란군이란 무엇입니까? 민주당은 반란을 일으키는 정당이다.|||나경원 위원님 말씀이 맞습니다. 입법내전을 일으킨 자들을 심판해보자.|||우원식은 얼마나 떨어져 있나요? 나는 의회 독재가 종식되는 것을 보고 싶다.|||슬픈! 국회해산이 답이다! 우원식은 실망했다. 피를 토하는 나경원 의원을 지지합니다.|||나원경 하이팅|||나경원 의원님 말씀이 맞습니다. 박수 박수.|||우원식 아웃|||안 되는 건 국회의장으로서 국회가 난장판이 되는 거.. 우원식이 발언권을 막는데..",0,1
d7TZNaRprOE,"국민의힘 최수진·우원식, 무한토론회 휴회는 불법…강력히 규탄한다","우원식 국회의장은 내려와서 두 명의 범죄자 이재명을 감옥에 가두어라.|||우원식 특별수사!|||최수진 화이팅 ㅡ입법내전으로 법사위 해체가 답이다 ㅡ공산법. 주범 추미애 서영교 김용민 장경태는 사퇴해야 한다.|||우원식 회장님, 회장직에서 복귀해 주십시오.",0,1
FvU_Xi423YI,계엄령 결정 이유! 일본의 일급비밀문서와 일본통일교인의 이주계획?!,"김건희, 윤석열, 김충식, 최은순, 백해룡, 마약, 무속, 주술, 이재명 특검, 정치, 시사, 계엄령, 일제, 국가 등 열린공감TV는 유튜브 채널 '열린공감TV'를 통해 정치, 시사, 사회, 문화, 국제 이슈를 다룬다. 우리는 YouTube 채널인 Investigative Journal ON을 통해 조사 보도를 전문으로 하고 있습니다. 열공광고정보 https openmindtv.store 광고제휴주문 CS문의 010 2885 3244 마이보험체크 홈페이지 https myinsurance check.com 1800 7917 광고비교직원 전화문의 1670 2571 홈페이지 https abit.ly a9mg0r 후원계좌 우리은행 1005 704 387412 후원계좌 국민은행 787201 04 247879 ARS 후원 1877 0809 1877 9503 해피나눔 https www.ihappynanum.com 나눔B CQ4U04MFOL 페이팔 newix naver.com 구독과 좋아요, 알림설정 부탁드립니다. 좋아요를 누르면 더 많은 시청자들이 시청할 수 있습니다. 채널 회원 가입 https www.youtube.com 채널 UC4y2Jx26qCb7CrSt i5bf1A 가입 newix7700 신고 gmail.com TikTok https www.tiktok.com tv4544? t 8nSXln4C83d r 1 인스타그램 https www.instagram.comofficialopenmindtv 오픈공감TV 영상은 공유 및 소스코드 배포만 허용됩니다.|||정말 열린 공감이 최고예요|||그런 일을 하고도 살아남고자 한다면, 당신은 큰 실수를 하고 있는 것입니다. 역사의 심판으로 정결케 되어야 할 마귀들이다.|||김충식을 조사하라!!! 수고했어, 수고했어!! 화이팅!!|||김충식을 체포하라. 김충식을 체포하라. 김건희. 최은순 구속. 김건희·김충식 구속하라.|||대한민국은 자국민을 학살한 역사가 있기 때문에 처벌이 엄격해야 한다. 꼭 모아야해요!!|||끝없는 죄는 언제 다 드러날까요? 열린공감TV를 지지합니다. 얼마나 힘들었겠습니까? 기운을 내다|||그날 밤 국회를 지켜주신 여러분 덕분에 이 나라는 무너지지 않았습니다. 우리의 자유를 지켜주셔서 감사합니다.|||정말정말 하늘이 도와주셨고, 다시 생각해도 아찔한 시간이었습니다. 국군들은 내전이 종식되는 그날까지 함께 모여 이재명 정부를 도와야 한다.|||나는 열린공감TV를 지지한다!!?|||목숨을 걸고 국회에 가서 북한군에게 저지하라고 방송한 정천수 의원님 정말 대단하고 존경합니다.|||힘내시고 최선을 다하세요!|||심지어 사형도 좋지 않습니다. 사람을 죽일 때도 천천히, 고통스럽게 해야 한다. 많은 사람을 고통스럽게 하는 것에 비하면 단순 사형도 아깝습니다.|||열린 공감이 최고다|||일본과의 연관성을 조사해야 한다!!! 윤석열씨처럼 2023년에 일본에 간 사람들을 생각해보세요!!! 추경호, 김은혜, 최상목, 박진, 김태효, 그들은 왜 일본에 갔는가??|||그것이 사실이라면! 이건 정말 사형에 처해져야 해!|||열린공감TV 정천수 PD와 기자, 스태프들이 목숨을 걸고 취재했지만 운영비는 한푼도 들지 않는다. 매달 정기적인 기부로 열린공감공사를 지켜냅시다. 집단지성의 힘으로 기적을 만들어보자. 종교를 갖고 계신 분들을 위해 열린공감공사와 열린공감 정천수 PD를 위해 임직원들의 건강과 안전, 재정의 안정, 그리고 조국 대한민국을 위해 기도합시다.|||설령 다시 내전에 말려들게 된다면 죽음을 맞이하게 될 것이기 때문에 전혀 생각조차 할 수 없을 것입니다. 사면 없이 무기징역을 선고할 수 있도록 법을 개정해주세요.|||한두 번이 아니라 지속적으로 북한에 드론을 보내 총과 대포, 미사일을 발사하며 전쟁이 일어나기를 바라며 전쟁을 모의한 것이 분명하다. 핵무기를 사용하지 않는 한 한국은 재래식 무기와 군사력에서 월등히 뛰어나기 때문에 북한이 한국을 이기기는 어려울 것 같다. 그러나 쥐가 모여들면 고양이를 물게 된다는 사실을 결코 잊어서는 안 된다. 핵무기를 사용하면 누가 이기고 지는가 무의미해진다. 남북한의 많은 군인과 국민이 죽은 뒤에 일본이 그 곳으로 끌려온다면 일본은 손도 대지 않고 코를 풀지 않고 한반도를 장악할 것입니다. 이것은 단순한 상상이 아닙니다. 계엄령이 실제로 실행되지 않았습니까? 계엄령은 전시되지 않은 이상 실행되어서는 안 됩니다.|||우리나라 최고의 언론이 당신을 지지합니다. 감사합니다.|||탄핵 결정을 다시 봐도 눈물이 난다.|||공감이 열릴 때를 늘 기다리고 있는 80세 구독자입니다. 힘들고 힘들다고 슬퍼하거나 화내지 않을 곳. 당신은 그것이 무엇을 의미하는지 알게 될 것입니다. 쉬운 일은 그만한 가치가 없습니다. 내가 너를 광대한 너로 만들어 주겠다.|||놀라운|||지금도 너무 무섭습니다. 수없이 봤지만 아직도 소름이 돋네요.|||저는 열린공감TV를 늘 응원합니다.",1,1
Ww4ze6K80Gs,"기자수첩 65 청와대 인사도, 정부 관계자도 만나본 적 없는 백해룡이 김 작가를 조국혁신당 비난? 부산민주당 내부의 심각한 내부고발!","3 20 인트로 스킵 임은정, 백해룡, 마약, 조국, 부산민주당, 더불어민주당, 특별검사, 이재명, 정치, 시사, 주간 열린공감TV는 유튜브 채널 열린공감TV를 통해 정치, 시사, 사회, 문화, 국제 이슈를 다룬다. 우리는 YouTube 채널인 Investigative Journal ON을 통해 조사 보도를 전문으로 하고 있습니다. 열공광고정보 https openmindtv.store 광고제휴주문 CS문의 010 2885 3244 마이보험체크 홈페이지 https myinsurance check.com 1800 7917 광고비교직원 전화문의 1670 2571 홈페이지 https abit.ly a9mg0r 후원계좌 우리은행 1005 704 387412 후원계좌 국민은행 787201 04 247879 ARS 후원 1877 0809 1877 9503 해피나눔 https www.ihappynanum.com 나눔B CQ4U04MFOL 페이팔 newix naver.com 구독과 좋아요, 알림설정 부탁드립니다. 좋아요를 누르면 더 많은 시청자들이 시청할 수 있습니다. 채널 회원 가입 https www.youtube.com 채널 UC4y2Jx26qCb7CrSt i5bf1A 가입 newix7700 신고 gmail.com TikTok https www.tiktok.com tv4544? t 8nSXln4C83d r 1 인스타그램 https www.instagram.comofficialopenmindtv 오픈공감TV 영상은 공유 및 소스코드 배포만 허용됩니다.|||세관을 통해 다량의 마약이 유입됐으니 관련 세관검사를 모두 직무유기 혐의로 파면해야 한다는 결론이다.|||신뢰할 수 있고 열린 공감|||백해룡정정을 비롯한 상시 특별수사만이 답이다. 순식간에 공범이 된 합동수사부 관계자들은 이번 사건에서 빠져나가는 것이 국민의 명령이다.|||마약특검은 진실을 철저히 규명하고 정부를 엄벌해야 한다. 열린 공감 모임입니다.|||나는 이 모든 상황의 원인이 마약이라고 믿습니다. 여야를 막론하고 고위 공직자들과 관계자들이 분명 존재한다. 그렇지 않으면 이런 일이 계속되는 것은 의미가 없습니다. 힘내세요, 응원합니다.|||너무 화가 났어요! 마약에 대한 상시 특별수사!!! 나는 그것이 필요하다|||임은정은 전국을 기만하는 사기꾼이자 부패한 검찰의 측근이었다.|||열린공감(Open Empathy)에 대한 진실을 밝히기 위해 나서주셔서 감사합니다. 나는 열린 공감을 지지한다!|||저는 이번 마약 사건도 남북전쟁과 동일하게 처벌되어야 한다고 생각합니다. 이토록 많은 마약이 들어와 우리나라 젊은이들의 정신을 파괴하고, 그들의 영혼까지 빼앗길 것이라고 생각하니 끔찍하다.|||나는 백경정을 믿는다. 귀하의 노고에 감사드리며, 귀하의 일관성을 지지해 주십시오.|||임은정 부장검사님께는 매우 실망스럽습니다. 백해룡, 경정씨를 응원합니다. 힘내세요, 파이팅입니다.|||결국 그 과정에서 임은정 같은 복면을 쓴 검사와 정치인이 드러나게 된다.|||공감을 열어라!!! 당신은 정말 대단해요!!! 힘들고 어려운 일도 많았을 텐데, 인내하고 바르고 바르게 이야기해주셔서 얼마나 감사한지 모릅니다. 뚱뚱한 기자들!! 정말 대단해요|||이 나라는 얼마나 썩었는가? 백경정은 얼마나 멍 들었나? 힘내세요, 대한민국.|||임은정 검사 정신 차려라!|||이로써 임은정 검찰총장이 차기 윤석열임을 알렸다. 윤석열과 오랫동안 소통해온 임은정 검사였다. 나 이렇게 뒤통수 찔리는 걸까? 이렇게는 있을 수 없습니다. 민주당은 깨어나야 한다. 결국 마약특수수사의 명분을 얻었으니 특검을 제대로 임명해 모든 사항을 청산하고 끝까지 범인을 잡아야 한다. 김건희 가족과 세관, 검찰, 경찰을 총공격해 핵심으로 끌어들여 마약 카르텔을 무너뜨려야 한다.|||열린공감을 진심으로 지지합니다. 힘내시길 바랍니다|||열 주세요! 백해룡의 편에 서주세요!|||검사도 일반 공직자와 마찬가지로 일반 징계와 해고를 받아야 한다.|||말도 안 돼요 은정이가 거짓말을 삼키는 것 같아요 ㅠ 화이팅 백해룡|||연루된 사람이 너무 많아 손댈 수 없을 만큼 수사가 철저해지는 것 같은데, 이를 바보로 만드는 사람은 백경정뿐이다.|||마약 관련 특별검사팀을 꾸려 철저히 단속해야 한다. 대량의 마약이 세관을 통과한 만큼 세관뿐만 아니라 관계 검찰 전체가 조사해 철저하게 파기해야 한다. 백경정의 마약 단속은 쉽지 않은 일이다. 검찰이 또 거짓말을 하고 있다.|||레포트노트 정말 맘에 드네요 ㅎㅎ|||저는 백해룡님을 강력히 지지합니다. 임은정이 거짓말에 속았다는 것은 무슨 뜻인가? 옳은 일을 위해 목숨을 바친 백해룡을 비방하지 말고 도와주세요. 임은정씨, 자리에서 쫓겨날까봐 걱정하지 말고 도와주세요.",1,1
tIM4I1TjXw0,역사적 규탄이 먼저다!!,"Title Top 핫크래프트아츠 꼬꼬물2 줄리재판 김건희가 증인으로 소환된다! 백해룡의 반격! 를 클릭하시면 본편을 시청하실 수 있습니다.|||지구 끝까지 마약수사를 파헤쳐보자. 백해룡과 함께 누가 마지막까지 승리할지 지켜보자|||백해룡 정경의 마약 카르텔을 은폐하기 위한 연애 사건 은폐! 조진웅이 소년법을 위반했다. 조선일보 검찰! 인간 새끼들이야! 검찰이 또 사람을 죽인다! 대한민국 국민을 구해주세요! 마약은 사형이다!|||열린공감TV 정천수 PD와 기자, 스태프들이 목숨을 걸고 취재했지만 운영비는 한푼도 들지 않는다. 매달 정기적인 기부로 열린공감공사를 지켜냅시다. 집단지성의 힘으로 기적을 만들어보자. 종교를 갖고 계신 분들을 위해 열린공감공사와 열린공감 정천수 PD를 위해 임직원들의 건강과 안전, 재정의 안정, 그리고 조국 대한민국을 위해 기도합시다.|||천 번 말해도 맞는 말이에요|||반란군을 처벌하기 위한 투표|||지금까지는 보수당이 이런 식으로 국민을 이용하고 있다는 사실을 전혀 몰랐습니다. 저는 정말 정치인들이 정치를 알아서 할 줄 알았습니다. 뉴스에 귀를 기울이지도 않았고, 목소리가 큰 사람의 생각이나 자주 회자되는 말이 사실인지 확인할 생각도 하지 않았습니다. 수십 개의 뉴스 기사를 보아도 자세히 비교하고 분석하지는 않을 것이고, 단어도 어렵기 때문에 자주, 입 밖으로 나오는 키워드로만 끝나게 될 것입니다. 공영 케이블 뉴스를 봐도 어차피 좌파와 우파로 나누어 왜곡된 내용을 뒤섞어 놓는 편이다. 열린공감처럼 잘못된 정보를 바로잡는 언론을 접하지 못했다면 나는 아직도 그것이 사실인지 아닌지 모르고 살았을 것입니다. 또 세간의 이목을 끄는 유튜브 정치 영상에는 주진우 의원이 법사위에 노골적으로 거짓말을 하는 모습이 담겨 있어 도움이 되기도 했다. 그러다가 또 정보를 왜곡해서 구독을 취소했어요. 법과 거짓을 무시하고 있는 보수당을 반박하고, 진실을 널리 알리고 바로잡기 위해 얼마나 많은 노력을 했는지 궁금합니다... 어느 한쪽으로 치우치라는 것이 아니라 최소한 기본은 지키라는 말씀입니다. 부산, 울산, 포항, 강남, 대구, 송파, 광진, 구리 정말 답답하네요. 계엄령을 통과했다면 지금 해결해야 할 내전과 국가적 문제는 무엇일까? 이것이 여야의 단순한 문제가 아니라는 사실을 자각하고 직시할 필요가 있다. 이제 일부 사람들은 내전 종식을 몇몇 정치인들에게 맡기고 일상으로 돌아갔다.|||반미특별위원회에서 완전히 청산했어야 국민의힘이 없었을텐데 건국한 이승만의 악당들 때문에|||이재명 대표님이 모든 걸 하나로 해결하라고 하셨어요! 마약수사에 대한 진실을 밝히라고 하더군요! 국민들의 고통을 잘 아시는군요! 12.3 남북전쟁! 공범자는 사형에 처해진다! 국민 주머니를 비워주는 공직자들! 다 털어주세요! 도둑놈들을 잡아서 재산을 몰수해주세요! 사람들이 아프고 죽어가고 있어요!",1,1
qb8PVDARYOE,징역 15년보다 더 큰 인물 김건희가 기다리고 있다.,"가장 중요한 것은 사면을 없애는 것인데... 이명박을 보라.|||김건희에게 뇌물을 준 사람들은 모두 구속되어야 한다. 김건희란? 김건희에게 뇌물을 주고 그 자리를 차지한 사람들은 모두 잡아서 감옥에 보내 김건희 같은 사람이 다시는 나오지 않게 해야 한다. 김건희 전 재산을 몰수해야 한다. 해외에서 도난당한 자산도 철저하게 수색해 몰수해야 한다. 윤석열과 김건희에게 사형이 선고되지 않는다면 무기징역을 선고해야 한다. 정치검사도 탄핵과 동시에 해산하고, 변호사라도 옷을 벗으면 변호사가 될 ​​수 없도록 법을 만들어야 한다. 사법부도 개혁되어야 한다.|||김씨 부인을 보며 다시 하라고 하더군요.|||양평 수사는 아직 시작도 되지 않았다.|||그들이 거니의 마약을 조사하지 않았다는 게 놀랍습니다.|||김기현 부동산 수사 등은 모두 국고에서 폭로하고 조사해야 한다.|||명신은 요즘 많이 외로워요. 엄마와 동생을 빨리 보내서 가족이 함께 크리스마스를 보낼 수 있도록 하자.|||기현아, 너 이제 나왔어. 당신이 당의 지도자라고 생각하시나요?|||왜 눈을 가리고 있나요? 너무 재밌어요.|||미래 세대는 이 이야기를 할 것이다. 친일팬이 독립기념관 관장이 되고, 계엄운동가가 공명첩 건희에게 뇌물만 주면 인권위원장이 될 수 있던 시절도 있었다. 그들이 해야 할 일은 돈을 쓰는 것뿐이었습니다.|||나는 그들이 자금 흐름을 조사하고 있다고 생각하지 않습니다. 돈의 단위는 매우 커야 합니다.|||부정직한 발언을 하시면 은폐해 드리겠습니다.|||울산 땅을 전부 매입한 것으로 유명합니다. 울산 땅을 다 쓸어버릴 정도라고 하네요.|||특검 기간을 넉넉히 연장해, 충분한 수사를 허락하라!|||2장 찍는게 제일 안좋은줄 알면서 2장찍었습니다.|||파파라치 행태를 넘어 국가적 부담이 크다.|||15년에 시작하니까 조금이라도 나오더라도 30년은 보장되는 거죠. 결론은 무기입니다.|||김건희씨는 공무원이 아니며, 공무원은 아니지만 뇌물범죄에 해당하지 않는다는 결론입니다.|||공산당과 왕권이 군 신분에 관계없이 국가와 국민을 보호하는 민주법을 시행하지 못할 때, 국민대표국회는 탁월한 개혁과 민주화를 이룩해야 한다. 니나노|||털이 없는 카피바라는 정말 대단해요!!|||김건희 눈은 왜 저럴까? ㅋㅋㅋ|||또한 어떤 현금이 주어졌는지 조사해 보세요.|||김기현과 그의 아내는 보기만 해도 쌍둥이처럼 보인다.|||우상호 정성호 안규백은 해고해야지..|||기다리고 계셨나요? 구형. 나머지. 조사. 1년만 곱해도 말이죠. 80세. 거기 생활. 종처. 판사. 감사합니다",1,1
IWM8qBCPkn8,"장동혁·한동훈, 정치 인생 마무리","웃긴건 연말 한동훈 토크콘서트 1,500석이 8분만에 매진되었다는거... 윤석열 팔로워 존재 등등 말도 안되는 일들이 꽤 많네요 ㅠ ㅠ|||패권을 쥐고 있는 동혁의 입장에서 보면 동훈은 반동적이다. 무슨 일이 있어도 동훈은 정치계에서 사라져야 한다.|||정치 초보 한동훈 대표가 당 게시판에 가족을 동원해 당 대표를 비방하는 글을 올렸다. 더도 말고 덜도 말고 딱 한동훈이다.|||한동훈이 원내대표실로 갔더라면 뚜껑을 찾지 못했을 것이다.|||장동혁, 박수, 한동훈, 석열은 바보이고 둘 다 국민의 적이다. 판사와 검사는 정치에 참여해서는 안 된다. 이 사람들에게는 미래를 개혁하는 데 필요한 자질이 없습니다. 나는 남의 등뒤를 파헤치는 것만 잘한다.",1,1
tukJcydbpNg,Speedy Speed ​​Notebook 민주주의를 지키기 위해 최선을 다한 시민,"할 줄 아는 게 술밖에 없는데 권력에 욕심이 너무 많아서 말도 안 되는 짓을 저질렀다. 즉각 사형을 선고하고 처형해 이런 일이 다시는 발생하지 않도록 해야 한다.|||나를 막는 경찰이 너무 화가 났다. 반드시 처벌받도록 합시다.|||그 순간, 한 순간의 망설임도 없이 국회로 향하신 시민 여러분, 진심으로 존경합니다.|||따뜻하고 다정한 한국인은 불의를 용납하지 않는 훌륭하고 건강한 사고방식을 갖추고 있습니다.|||사형은 역사가 반복되는 것을 막을 수 있는 유일한 방법이다.|||무조건 사형입니다. 사형제도가 없기 때문에 사과도 없습니다. 반란군을 근절하세요.|||나치 판사들도 사법부의 권위로 통치했고, 우리 독재 시절에도 판사들이 그랬다. 조희대가 독재법을 포장하고 있다. 123 이날 사법부는 이들을 동정하며 침묵을 지켰다.|||17 24 울어요. 감사합니다, 우리 국민 여러분.|||정말 힘든 일이에요. 대한민국을 지켜주신 국민 여러분께 경의를 표합니다. 민간인을 학살하고 독재를 꿈꾸는 이들을 용서할 수 없습니다. 독재로 가는 길에 동조하는 세력을 모두 용서할 수는 없습니다. 반드시 처벌을 받아야 하고, 시간이 오래 걸리더라도 반드시 처벌을 받아야 합니다. 단 한 사람이라도 용서하면 또 내전이 발발할 수밖에 없다.|||정말 놀랍고 화가 납니다. 그때의 생생한 현장을 담은 이 영상을 많은 분들이 보셨으면 좋겠습니다. 국민이 막지 않았다면 정말 충격적일 것입니다.|||윤건리만 보면 소름이 돋고, 무섭기까지 하다. 두 사람에게 무기징역을 선고해 영원히 외출만 할 수 있게 해주세요. 모든 자산을 압수합니다.|||국민이 지켜냈고, 이재명 정부가 민주주의를 빛나게 해줄 것입니다!|||어찌 그리 겁이 나서 목숨을 걸고 국회에 가서 경찰과 군인들을 막으실 수 있겠습니까? 눈물이 나고 화가 났습니다. 계엄령은 결코 용서되어서는 안 됩니다.|||한국의 민주주의는 국민이 이겼다고 하는데, 이는 반은 맞고 반은 틀리다. 민주주의를 만든 사람이 있고, 민주주의를 무임승차하는 사람이 있기 때문이다.|||윤석열, 김용현 중 일부를 골문까지 보내야 한다. 역사의 동조자들이 완전히 숙청되길 바랍니다. 분명히. 사람들은 그것을 원합니다.|||모든 종류의 부패. 뇌물을 받고 자신에게 반대하는 모든 사람을 죽이려 했던 독재자. 다시는 이런 역사가 반복되지 않기를 바랍니다.|||온 국민이 2024년 12월 3일을 기억하고, 다시는 이런 일이 발생하지 않도록 해야 합니다. 보는 내내 눈물이 나네요. 풀뿌리가 나라를 구했다!!|||계엄령에 가담한 모든 사람들을 철저히 조사하여 이런 일이 다시는 발생하지 않도록 해야 합니다. 이번에도 계속한다면 다음번에는 더욱 엄중한 계엄령이 기다리고 있을 것입니다.|||남북전쟁의 밤에 국회로 달려드는 사람들이 없었다면 우리도 북한처럼 되었을 것이다.|||707특수부대도 몰랐다. 우리는 이것을 그냥 지나쳐서는 안 됩니다. 그러면 모두가 그것을 무시할 것이다. 그들은 엄중히 처벌받아야 합니다. 국회에 와서 의원들을 막아선 것도 사실이다.|||내가 할 수 있는 일은 온라인에서 댓글을 달고 지지하는 것뿐이었다. 모든 분들을 진심으로 존경하고 사랑합니다.|||상식을 뛰어넘는 상황을 저지른 윤건희와 그 동료들, 사회 전반에 퍼지는 국가보다는 개인의 출세를 목표로 하는 반란군과 조력자들. 물론 우리는 나치처럼 이를 근절해야 합니다. 그리고 인명 손실이 없다는 이유만으로 아무것도 하지 않는 것의 이점을 간과해서는 안 됩니다. 이 상황을 절대로 잊어서는 안됩니다. 우리도 독립군처럼 패할 수 있다고 판단하고도 그 자리에 있어준 위대한 인민들에게 감사하고, 독일이나 프랑스처럼 끝까지 응징해야 합니다.|||위대한 조선민족, 민주주의 애국시민|||나는 거리로 나가서 내 모든 것을 바쳤다. 아 나 울고 있어|||시민들이 자발적으로 지켰다.",1,1
cm084UejE9s,"PD수첩, 트럼프 주니어가 한국에서 참석한 행사","당신들은 우리나라를 망치려고 하고 있습니다. 이런 사람들은 국가보안법으로 처벌해야 하는거 아닌가요?|||한국에서 이런 패턴을 만든 조직을 어떻게 해야 할까요?|||극우가 사람들에게 돈을 주고 이런 짓을 하고 있다. 그 중심에는 반란당과 사이비 종교인들이 연루되어 있다.|||큰일이다...|||먼저 입국 심사를 거쳐야 합니다.|||결국 전쟁의 나락으로 떨어질 것 같습니다.|||돈에 미쳐있는데, 우리나라 극우파들도 미쳐있습니다!!|||사실 욕하기도 아까워요. 외국인들은 한국을 얼마나 우호적으로 보나요?|||갈등이 지속되고 극심해지면 무력이 동원된다. 갈등은 피할 수 없으며 전쟁으로까지 확대될 수 있습니다. 권력을 가진 사람들은 반대 세력을 전복시키려는 목적으로 추종자들을 전장으로 보냅니다. 그렇게까지 가면 얻을 게 뭐가 있겠어?|||스스로 생각하고 판단하는 것을 포기하고 무슨 종교인 것처럼 무비판적이고 맹목적으로 믿는 위험한 유형.|||저 미국인들은 왜 우리나라에 와서 그런 짓을 하는 걸까요? 저기 모인 젊은이들을 어떻게 구출하나요? 큰일이다.|||보수 기득권세력의 저항 혁신은 계속해서 빼놓을 수 없어야 합니다. 당신은 개발을 거부하는 기득권의 기생충으로 살려고 노력하는 사회의 초심자입니다.|||그렇게 중국을 비판하고 내전을 위해 중국 용역업체를 이용한다. 북한을 그렇게 비난함으로써 북한을 전쟁으로 몰아가려는 것입니다. 그들은 공산주의를 너무나 싫어해서 중국과 북한을 모두 내전에 끌어들이려고 합니다. 젊은이들이여, 일어나라!|||휴... 이런 조직적인 움직임은 공개해야지...|||한심하다, 한심하다.|||트럼프는 친중 피부과 의사인데 화끈한 짓도 하지 않고 돈만 벌려고 하니 사이비 반역자들에게 끌려다니고 있다.|||극우든 극좌든 극단으로 가는 순간 모든 것이 파괴되고 평화는 사라진다.|||우리가 처리할 테니 여러분 모두 알아서 처리하세요.",1,1
LdAh_174-4E,"박나래 시어머니 논란 확산, 보건복지부 의미심장 발언","우리나라 의료법도 참 비슷한 것 같아요!!|||주사보다 알코올중독 먼저 해결|||의사 선생님, 뭐하세요? 이 둘을 고소하세요.|||이건 말도 안 돼요.|||국가보안법을 폐지하려고 합니다. 지자이밍 탄핵이 답이다 진짜.|||검찰은 많은 사람을 죽이고 있다.|||이제명대통령도 범죄자인데 국민도 그렇고.. 뭔가 불법적인게 있는걸까요...? 계속해서 범죄자들이 나타나면 우리가 할 수 있는 일은 아무것도 없습니다.|||맙소사, 호남산당으로 갑니다!",0,1
DN_Zr1H2vPc,추경호가 주말에 폭발했다! 이게 진짜인가요? 계엄령이 잘됐으면 좋겠다... 추경호의 진심이 최초로 공개된다! 김창현 이은혜 김창현 의창 피겨 탈곡기 추경호 1206 토,"더 이상 시민이 없습니다. 나는 물러서지 않습니다. 사법부. 정신을 차려야 해|||체포돼야 해|||계엄령이 발령되면 국회의원은 국민의 대표로서 국회에 출석해야 한다. 그들은 왜 당 본부에 갑니까? 이는 명백히 법에 위배됩니다. 그날 밤 온 국민이 재판관을 만났습니다. 정치를 하시나요?|||불법 내전이 실패했다면 사형으로 처벌해 국가 기강을 회복해야 한다.|||내란에 가담한 추경호를 즉각 체포해야 한다. 국민의 마음속에는 10년의 정권이 걸려있습니다. 빨리 체포해주세요.|||추경호는 즉각 체포돼 조사를 받아야 한다.|||그 여자는 침착하게 말하고 사실을 철저하게 밝히는데...|||공천비 20억원도 잊어서는 안 된다.|||달성군 공천비 20억원은 어디로 갔나?|||나쁜 놈들 다 털어주세요. 그는 아주 좋은 전문가입니다.|||얌생은 그냥 공무원이었지만 TK는 국회의원이 되어 기득권의 편에서 일했다.|||정말 마음에 듭니다. 상쾌해요.|||추경호는 사익을 위해 나라와 국민을 팔아먹는 전형적인 국권악마다.|||20억 원의 공천비리가 드러날까 봐 시민을 죽음으로 몰아넣은 반란세력은 엄벌에 처해야 한다.|||추경호의 행위가 다툼의 여지가 있다고 주장하는 판사는 계엄령 자체가 위법인지 아닌지에 대해 다툼의 여지가 있다고 주장하고 있다.|||추경호, 윤석열을 기각한 판사들의 얼굴을 공개해주세요|||국력 있는 사람들은 김건희가 한 일을 지지하고 잘했다고 생각하는가? 눈이 멀었다면 상황을 잘 이해하세요.|||내전의 가장 큰 동조자는 합법 카르텔이다. 사법부와 검찰!!|||남북전쟁을 빨리 끝내자.|||과연 우리나라 사법부가 국가범죄자를 이런 식으로 심판하고 있다고 할 수 있을까? 사법개혁이 필요하다|||국회의원의 회비를 인하합니다. 해외 출장. 먼저 판매수수료를 인하하세요.|||인간탈곡자 이유윈 님, 상큼하고 깔끔한 진행이 정말 마음에 듭니다.|||검찰, 언론, 사법부가 모두 개혁될 때까지 싸워야 합니다. 내란당 해산을 지키는 힘, 조희대 법관님!|||독재 정권을 세우기 위해 내전을 일으킨 국민의당은 역사 교과서에서 기억해야 할 비극적이고 무서운 사건이었다. 일제강점기에 나라를 팔아 부를 축적한 자들보다 더 악독한 자들이다. 나라 전체를 상대로 도박을 한 국민의 권력은 반드시 추방되고 죗값을 치러야 한다. 절대 잊지 않을게요!!!!!|||이제 사형 집행에 대해 논의할 때가 왔다고 생각합니다. 반군이 너무 가볍게 생각하는 것 같네요 ㅡㅡ",1,1
WHBFTv2Qg1M,이재명이 화가 났다. 당신은 이것을 할 수 없습니다. 국무회의에서 얼음은 어떻게 되나요? KNN,"동일노동에 대한 임금차별은 인간차별의 시작이다.|||누구도 생각하지 못했던 최저임금..이제 당연한 것처럼 익숙해졌다..|||그렇죠 최저임금은 말 그대로 최저임금인데 그 기준을 맞추려고 노력하는 곳이 너무 많아요. 현물가격으로는 최저임금으로 생활하기가 극히 어려운 것이 사실입니다.|||마지막까지 정말 멋있습니다 통일부장관님. 10년이 지나도 청소노동자의 최저임금은 여전히 ​​생활임금이고, 20년이 지나도 최저임금은 그대로다. 저는 정부청사 직원입니다 ㅎㅎ 정부 욕하지 맙시다.|||요즘은 드라마보다 국무회의가 더 재미있다.|||Jamf, 저는 이런 문제 제기를 정말 좋아해요!!|||공직에서는 더 많이 남용됩니다. 주 15시간이면 일주일을 쉬게 해주기 때문에 14.5시간을 일하게 한다. 정부에서는 4일에 3시간, 1일에 2.5시간을 추가합니다. 민간 기업은 그렇게 하지 않습니다. 맞습니다, 정부는 부도덕합니다.|||이런 말을 하는 대통령은 처음이자 마지막 대통령일지도 모른다.|||정부의 행동이 가끔 일관되지 않기 때문에 이런 모임이 있는 것은 아닐까? 정부는 서로 모르기 때문에 의견 차이가 있는 것 아닌가?... 국무회의는 대화의 장인 것 같다... 부부라도 의견이 다른 경우가 많은데 장관은 어떨까... 여러 가지 사항에 있어서 대통령의 생각과 장관의 생각이 다르기 때문에 정부의 조치가 이리저리 흘러가는 것 같다... 행동지침은 있지만 사실은 너무 광범위하고, 같은 헌법 아래에서도 이렇지도 저렇지도 않다. 해석이 많기 때문에 그런 모임을 통해 격차를 줄이자는 생각인데... 대통령도 장관들이 무슨 생각을 하는지 알고, 장관들도 대통령과 다른 장관들의 생각을 알아야 불일치가 덜할 수 있지 않을까....|||와 청사마다 더 깨끗해지겠네요... 칭찬은 고래도 춤추게 한다고 해서 돈이 많아지면 신나서 더 열심히 일하겠습니다... 최저 잉여 받는 분들을 위해 화이팅!|||그건 정말 사실이에요. 잘했어요.|||제 아들과 아내는 모두 준공무원인데 이잼님 말씀에 100% 동감합니다. 사회악 해결에 정부가 앞장서자! 당신은 정말 대단해요. 살짝 눈물이 나고 목이 막힙니다.|||대단해요 ㅜㅜ|||아... 개인적으로 항상 생각했던 것.. 처음부터 겪어본 사람이라 시야가 확실히 넓네요.|||경험과 느낌, 생각으로만 알 수 있는 모든 것을 이제 이재명 회장은 깊이 알고 있는 것 같다. 그러한 깊은 이해와 개선의 의지가 있어야 이 사회를 바꿀 수 있습니다. 어제 만난 분은 정치에 대해 잘 모른다고 했는데, 보수 유튜버들의 이야기를 듣고 이재명 대통령에 대해 궁금한 점이 많았다고 합니다. 진영마다 각자의 의견이 있어서 무슨 말을 해도 서로 믿지 않을 것이라는 점과, 유튜브에 국정회의의 내용이 많이 올라와 있으니 시간을 내어 처음부터 끝까지 시청해 주시기를 부탁드린다”고 전했다. 토론과 회의에서도 이재명의 진가가 발휘되는 모습을 이번 영상에서도 보실 수 있습니다. 나는 그가 훌륭한 대통령으로 남아 있기를 바랍니다.|||안녕하세요, 대통령님 정말 멋지십니다.|||한마디로 너무 멋있어서 눈물이 난다.|||먼저 국내 시장을 고쳐야 한다. 가장 적은 예산으로 무엇을 하려고 하시나요?|||당신은 지불해야합니다. 살고 있는 집을 임대한다면 그 정도 금액은 특권이다.|||너무 뻔한 말을 하는데 그런 분이 대통령이라니 다행이라는 생각이 듭니다. 상식은 언제부터 일상이 아닌 이상이 되었는가?|||기업에서도 전문인력을 채용해 최저임금만 지급하고... 게다가 인턴십 제도라고 하여 같은 직장에 1년 미만 채용하고 최저임금만 지급한다. 그들은 특히 디자인 분야에서 몇 달 동안 계속해서 고용합니다.|||국민의 삶을 걱정하시는 훌륭한 대통령이십니다.|||판사, 검사, 예식 차량, 사무실 등을 주지 말고 목사에게 집을 주십시오.|||대통령, 민간 부문. 가정어린이집 보육교사의 급여는 근속연수에 관계없이 거의 최저임금 수준입니다. ㅠ|||이재명 정부의 국무회의가 인상적이다.",0,0
nxzXCLd6yME,노상원의 치명적인 실수? 법적 근거 마련 후 계엄령 제정…윤석열 재판 KNN,그러므로. 국민의힘이 총선에서 이기면 계엄령을 법적으로 선포하겠다는 계획을 수첩에 적었습니다. 이는... 1. 계엄령이 계획되어 있다는 뜻입니다. 2. 계엄령 계획을 기록한 노트입니다. 확인되었습니다. 3. 국민의당이 총선에서 이기면 합법화될 것이라는 망상. 4. 국민의당이 계엄령을 도울 것이라는 확신. 와... 이 아이는 정말 현실감이 0이에요. 그는 자기가 무슨 말을 했는지조차 모릅니다. 어떻게 보면 실력의 문제일 수도 있겠네요|||정신적으로 문제가 있는 게 분명합니다.|||이기면 계엄령을 발동할 수 있을까?|||윤석열인가 이놈은 거짓말을 하고 있다.,1,1
bF2b3AsjWPc,"법사위 3부 풀영상 김용민의 충격 폭로, 법사위도 경악... 지금까지 속았다!... 전두환 노태우 할 때! ...","구독과 좋아요. JTV뉴스를 응원해 주세요. 감사합니다|||말만 하지 말고 최고범죄자 조희대, 지귀연, 천대엽을 지금 당장 탄핵하라! 희범인 조희대 지귀연은 명백히 법을 어겼다는 이유로 헌법재판소에서 탄핵을 받게 되고, 천대엽은 국민 모두가 시청한 뒤 차관 후보로 지명된 뒤 말에서 떨어져 눈구멍이 삐었다는 판결 등을 하고 헛소리를 했다는 이유로 국회에서 탄핵을 받게 될 테니 지금 당장 탄핵하라!!|||마약수사도 추진해야 한다! 또 무시하면 그 사람이 범인이다!|||처대엽을 감옥에 보내자. 무슨 말을 하는 거야? 긴 말로 사람들을 혼란스럽게 하고 있지만, 정신을 차리고 들어야 합니다. 신동욱, 닥쳐.|||김학의도 알아보지 못하는 남자!|||천대엽을 수사해야 한다.|||반란당은 세력을 강화하고 있다.|||천대엽·김학, 무죄 판결|||조희대, 천대엽, 지귀연, 신동욱은 남북전쟁 동조자다.|||사실인가요?..김용민 의원님 감사합니다.|||부끄러움도 모르는 신동욱이 입을 열었다.|||나는 국력당의 말을 듣고 싶지도 않습니다.|||마약통관 연루에 대해서는 다 알고 있는데 법무부장관이 그런 짓을 하고 있다. 제대로 된 조사를 해주시기 바랍니다.|||김용민 의원님, 반란세력을 모두 쓸어버리십시오.|||판사님 양심이 토끼같네요 ㅎㅎ|||이재명이 재판을 받고 유죄 판결을 받은 뒤, 윤석열은 곧바로 무죄 판결을 받아 석방돼 쿠데타를 일으키며 나라가 발칵 뒤집히는 악몽을 꾸었다.|||최혁진의 논리는 정말 놀랍다.|||이는 법 개정 내용에 관계없이 위헌 신청을 한다는 뜻인가요? 위헌재판을 신청하지 않아도 괜찮지 않나요?|||전대엽 체포|||천대엽은 태연한 척 하지만 뒤에서는 자신들의 카르텔이 깨질까 봐 걱정하는 것 같아 양심이 사라진 지 오래다.|||천대엽 빠르고 과감하게 말하면 국민들이 이해하지 못할 것 같나요?? 윤석열 때문에 온 국민이 법을 공부했습니다!! 천대협은 사기꾼이다!!|||자발적 무죄, 불변성 유죄, 당신은 누구를 위해, 왜 개혁이라는 이름으로 이 나라의 법치를 그토록 훼손하려고 합니까? 범죄 앞에서도 성역 없이 수사하고 검거한다면 대통령의 법 카드 사용 이력과 세상에 드러난 수많은 의혹에 대해 먼저 조사해야 한다. 뉴스를 보면 마치 지금 북한에 있는 것 같은 두려움이 듭니다. 승인된 무죄, 무죄, 무죄, 유죄. 강한 자만이 살 수 있는 곳은 공산주의 국가나 짐승들이 사는 정글뿐이다. 인간의 이성으로 객관적으로 보십시오.",1,1
ELSE0T6uedU,아닌 것 같은데... 이하상은 빌드업이 안 돼서 말문이 막힌다.,"언제 해야 하나요?|||정말 싸움이군요|||이하상이 말도 안되는 소리를 하고 있다. 와 수준이네...|||변화입니다...|||기본적으로 상대방을 무시하는 거잖아요? 말의 꼬리를 수없이 뜯고 무엇인가 물어보려는 의도, 말투가 더러워요. 살인·강간 피고인들도 피해자들을 변호하면서 조롱한 것으로 보인다.|||이하상님이 던지는 질문이 선도적인 질문 아닌가요?! 나는 대답을 결정하고 그것을 얻을 때까지 계속 묻습니다. 그런 사람이 어떻게 변호사가 되었나요?|||증인에 대한 기본적인 예의는 없습니다.|||변호사 자격증은 확인하셨나요????|||증인이 되어 달라고 부탁하기가 어려웠는데 그 질문이 마음이 아팠어요. 질문하고 싶지 않게 만드는 질문하는 태도|||머리를 친 사람 중에 전광훈이 있나요?? 특검한테 유도심문 하지 말라고 했는데 ㅋㅋㅋ 지고 공개적으로 하더군요ㅋㅋㅋ|||전국 곳곳에 '나는 쓰레기 변호사입니다'라는 광고가 나온다.|||레벨에 관해서는|||그 변호사는 증인을 증인으로 대하지 않고 경범죄자로 생각하는 것 같습니다. 그 변호사는 왜 투옥되지 않습니까? 이 나라 사법부가 왜 이럴까 하는 생각이 든다. 지귀현 씨, 더 잘해주세요. 정말 답답해요.|||변호인 측 증인은 어디에 있었나요? 목격자는 서울에 있었다. 변호사: 홍길동 씨가 부산에서 돼지국밥을 먹었다는 사실을 알고 계셨나요? 증인 홍길동은 누구인가? 서울에서 변호사로 일하셨다고 하더군요. 홍길동을 모르시나요? 이상하지 않나요? 증인 ??????? ...이런 느낌이에요.",1,1
rCuU3Litd7Q,대통령의 단호한 발언…내란 관련자를 특검에 맡기기보다…,"구독과 좋아요. JTV뉴스를 응원해 주세요. 감사합니다|||당신 말이 100배 맞습니다.|||군과 관련된 내전에는 군형법을 적용해야 한다.|||재명님, 화이팅입니다.|||법을 위반한 공직자들은 모두 직위에서 파면하고 엄중히 처벌해 이런 일이 다시는 발생하지 않도록 해야 한다.",1,1
-cqkKIVMM5M,국제적인 당혹감! 감히 이재명을 건드리다니? 미국 기자들에 대한 테러 위협!,"이제 나라가 이렇게 되었습니다. 비참하다.|||불명예, 수치심, 수치심. 국제적 치욕. 세상에 대한 불명예. 글로벌 만세|||이 사람이 이 나라의 최고 통치자입니까? 기자를 보호해야 합니다.|||나라에 무슨 치욕이냐!!!!! 이게 뭔가요!!|||나는 외신기자들을 지지한다. 힘내세요.|||요즘은 한국이다|||민앵커님의 용기에 큰 박수를 보냅니다.|||정말. 당황스럽다. 국가. 무너지고 있어|||국민들이 정신을 차려야 합니다. 이런 통치자를 믿을 수 있습니까?|||뉴스데일리베스트의 용기 있는 펙트 방송에 믿음과 신뢰를 담아 적극적인 지지와 격려를 보내드립니다.|||이 사람은 재판을 받아야합니다. 탄핵하다.|||외신 기자들에게 압박을 가하다보니 국내 기자들은 이미 애완동물이 되어버렸기 때문에 목줄을 묶고 음식을 먹고 조롱할 수밖에 없겠죠? 먹이를 주고 보살펴 주어야 하는 애완견이 되어야 한다는 사실에 감사합니다.|||별 짓 다 하고 있잖아.....|||외신기자님, 세계에 알려주세요.|||대한민국은 간첩이 노골적으로 설치되는 세상이 되었습니다.|||협박을 받고 있는 억울한 기자에 대해 국제사회에 알려주세요. 우리는 이러한 종류의 협박을 국제인권위원회에 신고해야 합니다.|||망한 나라가 됐으니 바로잡아야 한다.|||대한민국 대표 언론입니다. 감사합니다|||뉴스테일베스트 방송 항상 감사드립니다. 나는 당신을 지원합니다.|||그러한 협박자는 신고되고 조사되어야 합니다. 표현의 자유를 억압하는 사람은 헌법 위반으로 징역형을 받아야 한다.|||이재명 압도적 기자, 퓰리처상 후보|||그는 대한민국의 대통령이 아니다.|||항상 좋은 소식 감사드립니다.|||대통령 자격이 없는 자신이 부끄러운지 묻고 싶습니다.|||중국 공산당이 무너져야 부정선거는 끝날 것이다.",0,1
uiJCpeW0qzc,"밥 먹다가 서영교 뼈 때린 곽규택,",서영교에게 보고합니다.|||책상다리를 하고 있는 개들은 개똥도 먹습니다.|||어떻게 부끄러움을 모를 수 있나요?|||삼류국회란 없다. 정말 슬프다.|||야 저 국회의원 좀 없애라 뭐하세요? 그들은 연봉 수억 달러를 받고 있습니다.|||서영교는 목소리만 들어도 화가 난다.|||멧돼지는 먹는 것 외에는 할 수 있는 일이 없습니다.|||뒷부분이 터져있습니다.|||아무리 먹어도 배가 고프다|||코미디는 좋지 않습니다. 국회의원 수를 절반으로 줄입시다. 필요하지 않은 것은 말장난과 모자입니다. 정말 좋다고 하더라고요.|||돼지도 남의 물건을 먹고 훔칩니다.|||레벨에 관해서!!|||국회해산이 답이다.|||돼지는 항상 배고프다|||이제 괜찮아 뻔뻔한 ㅠㅠㅠ|||거짓말의 달인 서영교처럼 인간답게 살자.|||내 말이 혼란스러워요. 밥 사주시면 좋을 것 같아요 ㅡㅎㅎ|||국회를 해산하라!!!|||서영교. 부드럽게 행동하세요. 사람들은 듣기가 어렵다고 생각합니다|||서팔계는 아직도 배고프다.|||서팔계 너무 웃겨|||나는 한심하다|||돼지는 아무리 먹어도 배가 고프다. 그래서 이것저것 또 먹습니다.|||정말 재미있습니다.|||돼지,0,1
E91q0N27H6A,추경호의 증언이 공개됐다!,"이번 방송은 정말 최고입니다. 감사합니다.|||모두들 일어나야 해|||감사합니다|||왜 이런 진실이 지금 나오는 걸까요? 그들은 오래 전에 양심을 선언했어야 했습니다.|||윤석열은 무죄다.|||복원되어야 합니다|||뒤늦은 진실에 피를 토한다.|||복무만이 이 나라가 다시 살 수 있는 유일한 길이다. 윤어게인 킹석열|||윤 총장을 석방하라.|||문형배와 당시 헌법재판소 판사들을 수사조사처에 신고하자.|||두번이나 병근혜 대통령도|||뉴스데일리 최고가 최고입니다!!|||당신 말이 맞아요. 비록 늦더라도 진실은 언제나 승리할 것입니다.|||더 늦기 전에 나라를 정상화해야 한다.|||그렇죠, 범인은 대통령이고 판사는 구치소입니다. 이게 나라야?|||모래 위에 지은 집은 반드시 무너지기 마련이다. 헌법재판소 판사는 역사에 따라 심판받아야 한다. 인생은 뿌린 대로 거두는 것입니다.|||윤회장님! 그는 법과 원칙을 준수하는 훌륭한 대통령이다.|||또 윤! 그게 바로 답입니다. 윤 총장을 석방하라. 윤 총장은 무죄다.|||이 사기를 접어두고 윤석열 총장을 석방하라.|||허위 탄핵은 원천무효|||윤어게인 추경호 의원님이 최고입니다. 윤어게인 만세.|||그렇구나, 나라가 죽었구나. 우리는 그것을 다시 살아나게 해야 합니다. 계엄령이 없었다면 나라가 이렇게 망한 줄도 몰랐을 겁니다.|||민 앵커님, 열정적으로 답변드리겠습니다.|||처음부터 증언했다면 정말 안타깝습니다.|||진실의 끝은 찬란할 것이다!",1,0
dBD063grw4g,"이재명의 돌연 항복, 정청래, 김병기의 깜짝 저녁식사!! 이재명, 충격적인 긴급 특훈! 국회가 대혼란에 빠졌습니다!! 나경원과 우원식이 박살났다! JTBC 통일교 뇌물 특종 전재수, 적발됐지만 강력 부인!!","가짜 방송자는 민형사상 책임을 지게 될 것입니다. 전옥현 안보정책TV를 제외한 모든 방송은 가짜 방송임을 알려드립니다. 예로는 24시간 뉴스 채널 등이 있습니다.|||모범이 되어야 할 국회의원 300명이 어떻게 나라마라를 먹으면서 앞장설 수 있겠는가.|||국회를 해산하라. 국회의원의 목숨을 버리고 검사, 판사가 되겠다는 겁니까?|||한번도 경험하지 못한 나라를 꼭 경험하게 될 것입니다.|||새로운 법을 만들어서요. 판단한다면. 안 잡히면 넌 누구야? 재명에게서. 상환하다|||통일교회에서 뇌물을 받은 사람을 찾아내고 특별조사를 해서 체포해야 합니다.|||통일교로부터 뇌물을 받은 국회의원을 모두 체포하라.|||안보정책앵커님, 현명한 말씀을 지지합니다.|||좌파의 엉터리 국정운영을 나라가 망하기 전에 바로잡아야 한다.|||범죄자만 잡아야 나라가 살아난다.|||나경원 의원님, 국민 여러분을 지지하고 응원합니다.|||진짜 망했으면 좋겠다|||이재명과 정청래의 만남은 두 사람이 함께 일한다는 뜻!|||이재명이 재판을 받다|||종교의 자유. 억압하지 마십시오.|||박사님, 이게 나라라니 정말 한심하네요. 어떤 남자에게 안타까움을 느낍니다.|||통일교회 파이팅!|||현명한 사람은 다 죽었어|||특검은 너무 부당하게 수사하지 말고 이중당 의원들에 대해서도 특별 수사해야 한다.|||오리발을 내밀어도 소용이 없습니다. 녹음되었습니다. 하나도 없나요?|||통일교회는 해산되어야 하고, 돈 받은 정치인은 다 구속되어야 합니다. 통일교회는 기부금을 받습니다. 기부하지 마세요|||국회의장이 이중당원이거나 국회의장인 경우에는 중립을 지켜라.|||중앙선거관리위원회는 민주당을 위한 의석을 만들었습니다. 중앙선거관리위원회가 없어서 이나라바로 갑니다.|||권성동씨도 대통령 탄핵에 일조한 인물이겠죠?|||이 형사 절차와 기소는 쇼가 될 수 있습니다. 이미 시작된 사례들입니다. 이제 지방자치단체가 지시한 것들, 특히 이 범죄기소제도의 증권까지 갖고 있는 김남국은 지방자치단체와 결투를 벌이고 있다.",0,1
DD98XGTJ7L0,"김현지 큰일난다 서울 64.7 보수 74.7 보통 59.8!! 정청래 긴급발언!! 반란 재판소 변호사 협회, 규탄 성명!","김현지 이재명 김혜경 김민석 민주당 특검팀은 탄핵 대상자들을 직각으로 체포해야 한다.|||반란 재판소가 설립되면 수많은 특별 재판소를 거쳐 무수히 많아질 것입니다. 그것은 권력의 논리를 통해 만들어집니다.|||내전이 없는데 내전재판소를 세우는 건가요? 검찰이 내전을 빙자해 대통령 계엄령을 희석했다면 재판 결과를 기다려야 할 것이다.|||법원장 회의에서 회의만 열지 말고 이매무 재판을 재개하세요.|||권력분립 없이는 민주주의도 없습니다.|||김현지의 정체를 공개하는 것은 괜찮은데, 왜 이렇게 숨길 게 많은지 궁금하다.|||김현지 특검, 특검만이 답이다.|||온갖 악법만 만드는 이 사악한 당이 뭐가 그렇게 무서운 겁니까? 악한 법을 만드는 것이 아니라 국민을 위한 심부름을 해야 한다. 국민의 머리 위에 있다는 것은 그들에게 주어진 지위가 아닙니다.|||수사기관의 공보업무를 강화하고, 국가보안법 폐지를 제안한 더불어민주당 의원과 민주당 주요 인사 전원을 조사하라.|||국회 법제사법위원회가 무분별하게 법률을 제정하는 것을 막기 위해서는 심의기구가 필요하다.|||현직 판사를 신뢰하는 시민이 있습니까? 누워있는 판사들|||범죄자들은 ​​나라를 낫게 하는데 법을 무시하는 범죄자 이재명, 김현지, 김혜경은 처벌받아야 한다.|||권력분립으로 인해 대법원장, 헌법재판소장 등 이들은 법조계에서 투표와 정치, 국회에 참여할 수 없다.|||김현은 정체를 밝혀야 한다.|||김현지가 정체를 공개하면 나라가 뒤집어질 것이다.|||김현지. 신분을 밝히지 않습니다. 더. 이상하지 않나요? 인생의 역. 두번째. 자랑스럽게. 밝혀져야 해",0,1
a78VoLyA0W8,"시진핑과 이재명이 깜짝 놀랐다!! 동네언니, 또 스캔들 퍼졌다!! 조진웅, 심야 긴급발언! 폭언한 고려대 장영수교수, 내란재판은 불법이다!!","나는 대한민국의 안보정책 개선을 지지합니다. 사전선거 폐지는 민주주의의 꽃이다.|||김현지를 특검으로 수사한다.|||국가보안법을 폐지한다는 것은 나라를 포기한다는 뜻이다!|||격투, 파괴 리셋코리아|||김현지는 자신이 간첩인지 김정은의 하수인인지조차 분간할 수 없는 상황에서 가짜 대통령의 수장 위에 앉아 국정을 장악하고 있다. 나라 전체가 중국과 북한으로 넘어가는 것 같습니다.|||국가보안법을 폐지하는 것은 절대 불가능하다. 이를 막기 위해서는 국민들이 목숨을 걸어야 합니다.|||국가보안법을 발의한 사람들은 북으로 가십시오. 어떻게 그런 법이 제안될 수 있는지가 큰 문제이다. 나는 국가보안법 제정에 강력히 반대한다.|||그냥 역적 장동혁 지명에 반대해 보세요|||나라가 완전 엉망이 되어버렸네요. 우리는 또 다른 새로운 정부에 투표해야 합니다.|||선거에서 패하는 것이 문제가 아니라 공산당입니다. 왜 나를 내버려두나요?|||그렇죠, 응원합니다. 화이팅. 당신이 말해야 할 것은 목록을 기억하는 것뿐입니다.|||총선에서 28명이 심판해야 한다|||국가보안법은 국가를 보호하는 기초이다. 이 썩은 놈들은 국민의 세금을 먹어치우면서 나라를 망치는 일만 할 뿐입니다. 이런 새끼들이 다시는 국회에 들어갈 수 없다는 걸 국민들이 알아야 한다.|||보안정책, 노고에 감사드립니다.|||김현지를 국정 개입 혐의로 구속 수사한다.|||시진핑이 이재명을 공격했다? 아, 그러면 안 돼요. 시진핑은 이재명이 중국에서 살아남지 못할 인물이라는 사실을 잘 알고 있을 것이다.|||조진웅을 보면 이재명도 내려와 정계를 사퇴해야 하지 않을까?|||국가보안법 폐지론자 민영배 김준혁 윤종혁|||나는 항상 당신을 지원합니다. 화이팅.|||안녕하세요, 만나서 반가워요. 알겠습니다. 수고해 주셔서 감사합니다. 오늘도 변함없이 응원하겠습니다. 충성심, 사랑, 행복.|||김현지의 비밀 부친을 체포하라.|||조진웅은 범인이라기보다 사람에 가깝다..|||그 반대!|||알았어 ㄷㄷ|||이재명 선배님도 비슷해서 따라가는 것 같아요.",0,1
ReJYiSqiWNc,"손흥민이 대박을 터뜨렸습니다!! 이재명이 문제다! 판사들, 대규모 반란! 나경원, 이재명의 사전 선거 캠페인 참여 사실이 공개됩니다!!","가짜 방송자는 민형사상 책임을 지게 될 것입니다. 전옥현 안보정책TV를 제외한 모든 방송은 가짜 방송임을 알려드립니다. 예로는 24시간 뉴스 채널 등이 있습니다.|||트럼프 대통령님, 자유로운 대한민국을 도와주세요.|||대통령은 사전선거에서 재선임됐다. 이는 선거법 위반이다.|||트럼프 대통령. 이재명을 처리해주세요.|||나는 항상 보안정책을 지지한다.|||대장동 재판|||모든 것이 밝혀지면 지네는 죽을 테니, 온 힘을 다해 살아남으려고 노력하고 있지 않나요? 법을 위반해도 살아남을 길이 없기 때문이다. 좋아요.|||중앙선거관리위원회는 믿을만한 기관이 아닙니다.|||그렇다면 이재명은 재판을 받고 엄중한 처벌을 받아야 하는가? 범죄자도 별도로 처벌해야 하는가?|||정청래와 더불어민주당이 이런 일을 과하게 하고 있는 이유는 개념의 기준이 너무 깨져서 그런 행동을 했기 때문이다. 그들은 세상을 기믹으로 해석하지 않는 것처럼, 세상을 어떻게 해석해야 할지 모를 정도로 자기비하의 늪에 빠졌다. 중국산인지 북한산인지 궁금하고 어디로 가는지도 모르겠습니다. 민주당을 반국가세력으로 본다면 정답이 나올 것이다. 그들은 자신의 생명이나 국익을 전혀 고려하지 않습니다. 그들은 정쟁과 탄압을 위해 만들어진 괴물 정당이다.|||이민법원|||법개정을 막아야 합니다.|||그래도 이 미친놈들은 어떻게든 할 수 있지 않을까? 체포해야 하는데 누가 그 일을 할 것인가?|||이미 신문 기사를 통해 알고 있는 내용에 거창한 제목을 붙이지 않기를 바랍니다. 지금은 모두가 정치에 집중하고 있는 만큼, 오늘의 중요한 정치뉴스를 심도 있게 조사해서 발표해 주시면 정말 감사하겠습니다. 매일매일 자주 시청하는 구독자로서 감히 조언을 드리고 있으니 너그러운 양해 부탁드립니다. 애국운동에 열정적으로 참여해주셔서 진심으로 감사드립니다!|||심사위원들이 한 발 늦었습니다. 여당의 정치시간은 빠른 것 같다.|||나는 아직도 돈을 벌고 있다...",0,1
_A2MOmUb754,"민주당 뇌물수수 종합특보! 이재명, 채널A 직통전화 의혹 충격적인 내용!! 충격적인 윤영호, 최후진술!! 뇌물수수 명단 5명 VS 7명의 구체적인 이름이 공개됐다! 당황한 정동영의 충격 발언!!","우리나라 국민은 믿을 수가 없습니다. 정치가 빗나가는 것을 보고도 학자, 학생, 군인, 시민들은 강 건너 불길만 바라보고 있으니 우리나라의 미래가 암울하다.|||돈먹은 정치인들 부끄러워하지 말고 이 사실을 신고하고 특검을 구하고 감옥에 가세요.|||특검도 무능하다. 특검을 구하세요. 국민이 불신하고 있으니 정확한 조사가 이뤄져야 한다.|||윤영호 본부장 재판을 위협하며 거래를 했다는.. 이재명 정부의 전형적인 모습이다.|||한인호 서울법학전문대학원 명예교수님이 남북전쟁에 관해 이야기하는 것을 보고 전화기를 던질 뻔했습니다. 너무 화가 나서 그 사람이 완전 죄악 팬인지 알고 싶었어요.|||장관이 유죄라면 특별 조사를 받아야 한다. 대통령도 죄가 있으면 감옥에 가야 한다.|||직무유기 혐의로 특별 기소|||슬픈 한국..그곳에 가볼까..|||늦은 밤까지 수고해 주셔서 감사합니다. 감사합니다|||늦은 밤에도 수고해 주셔서 감사합니다. 통일교 관련 뉴스를 보니 이씨가 또다시 유체이탈 방식을 사용하고 있는 모습이 보입니다.|||대한민국의 사법제도는 사회주의공산주의국가에서만 볼 수 있는 후진국의 제도이다. 온갖 법회피와 불법 수사, 증거 조작이 일상화됐다. 더욱 심각한 것은 사법부가 이러한 불법 수사와 형량 선고를 공개적으로 방조하고 방조하고 있다는 점이다. 사법부는 더 나쁘고 더 악하다.|||서로 눈치보며 밀고 밀고 있는거 같은데... 전형적인 내로남불 사람들 같네요.|||7인 명단에 누가 있나요?|||통일교회에서 돈 받은 사람들 다 조사해 보세요.|||통일교회는 정치자금의 보고인가? 곶감처럼 쓰이는 걸까요? 천주교회는 문재인의 저수지이기도 하다.|||그냥 이재명 재판을 재개하세요. 부정선거를 밝혀라. 김현지 특검. 민주당을 해산하라.|||한인섭 교수님입니다. 첫 댓글에 이름을 잘못 적어서 다시 보내드립니다.|||요점을 빨리 전달하지 못하게 하는 잔소리가 많습니다. ㅠㅠ|||뉴스가 점점 이상해지고 있습니다.",0,1
72I65rwjBbE,"한동훈이 김건희 특검을 불출석한 이유가 충격적인데, 왜 이제야?","이봉규 의원님, 꾸준히 목소리를 내고 부정선거 근절에 앞장서주셔서 감사드립니다. 힘내세요.|||인간이 얼마나 악할 수 있는지 한동훈에게서 배웠다.|||한동훈과 홍준표가 손을 잡고 영원히 함께 정계을 은퇴한다.|||예상대로 기분이 너무 상쾌해요|||그것을 보고 공개하는 데 왜 그렇게 오랜 시간이 걸렸습니까? 이제 지난 대선의 부정행위를 폭로하고 무효를 선언하라!|||여옥님 건강하세요.|||징글징글 한동훈 9 33|||시대의 명언: 진실은 가발로 가릴 수 없다.|||홍 할아버지 나이|||부도덕도 없고 배은망덕도 없습니다. 한동훈, 윤총장 앞에 무릎 꿇고 중대한 죄 지었다 그럼에도 불구하고 국민은 그를 용서할 수 없습니다.|||홍준표는 정말 이렇게 교활한 사람들에게 부끄러운 일이 아닌가?|||한동훈 이제는 정말 이 일을 끝내야 합니다. 사람들은 더 이상 그의 얼굴을 보고 싶어하지 않습니다.|||빨리 보내자!!|||그 사람은 어떻게 그렇게 자랐나요? 나는 아직도 내 잘못이 무엇인지 모른다. 나는 나의 고대 죄가 나에게 돌아오기를 바랍니다.|||이 악마를 꼭 감옥에 가두세요! 윤 총장과 국가에 반기를 들고 큰 해를 끼친 사악한 반역자! 천국의 형벌!|||구속이 답이다|||좋아요. 만약 한동훈의 신원이 밝혀졌을 때 잘려나갔더라면 탄핵은 없었을 것이다.|||한동훈이 문제인데 국력 자체가 배신이다.|||그때는 고사하고 지금 그것을 옹호했던 자들을 걷어차버리자.|||장동혁 대표님을 진심으로 응원합니다. 반역자, 기회주의자, 공산주의 파괴자는 근절될 것이다!!!!!|||인요한도 마찬가지였다. 우선, 그것은 단지 농담입니다.|||나는 당신을 응원합니다|||한동훈 체포|||오늘의 교훈! 배신자는 즉시 처리되어야 합니다!|||부패한 사람들을 모두 체포하십시오. 윤리위원회에 대한 책임을 집니다.",1,1
0KU-y9yEO7g,다음은 베네수엘라라고 한국은 경고한다. 박순혁,"박 작가님, 오늘도 감사한 마음으로 다시 한번 부탁드립니다.|||박 작가의 영상! 아아아!!! 영상 올려주신 이봉규 선생님, 박 작가님 감사합니다!!! 박작가님과 이봉규선생님님 최고!! 내가 책임질게!!!|||전 세계 부정선거의 주범은 성남동부연합과 중앙선거관리위원회, 중국이다.|||21대 총선 때 파주 지역 유권자 명부에 197세, 153세, 147세 유권자들이 투표한 기록이 있다. 파주시 파주읍에 거주하는 김복순씨(197세)로 추정된다. 2020년에 197세였으니 와우 이제 202세네요!! 그는 순조 23년(1823)에 태어나 헌종, 철종, 고종을 거치며 36년간 일제강점기를 살았다. 이승만 대통령부터 최근 윤석열 대통령까지 모두를 만났다. 참고로 김복순의 나이는 전능한 초헌법기관인 중앙선거관리위원회가 직접 인증한 공식나이이다. 주목할 점은 이번 탄핵 사태로 치러지는 2025년 6월 대선 투표소에 김복순 할머니가 나타날지 큰 관심이 쏠린다는 점이다. 한편, 미국 대선에서 뉴저지의 1700세 할머니가 투표한 이후 일부 전문가들은 김복순이 내년 선거에 쉽게 출마할 것이라고 예측하고 있다.|||공정한 선거는 자유민주주의의 핵심입니다!|||부정선거 공범 청산은 가짜 우익부터 시작해야 한다.|||부정선거, 부정선거, 부정선거가 종식되려면 중국 공산당을 멸망시켜야 한다 ㅡ ㅡFake ㅡ Out ㅡkaㅡ|||윤석열 총장은 더 이상 중국 간첩단 검거를 서슴지 말고 내일 폭로하고 전 세계에 알려야 한다. 그래야 나라가 더 이상 망하지 않습니다. 나라가 완전히 망한 후에 세상에 알린다면 무슨 소용이 있겠습니까?|||말법시대의 현자로 등장하는 동안 당신의 지혜와 통찰력에 감사드립니다.|||중국은 부정선거에 100% 개입했다.|||우리도 언젠가는 부정선거를 알게 될 것입니다.|||맞아요, 찔렸으니까 부정선거라고 했죠.|||저처럼 제가 저지른 범죄가 점차 공개되어 밝혀지면 하루하루 너무 피말리고 불안해서 밥도 못 먹고 당황할 것 같은데 정말 대단해요. 우리 중앙선거관리위원회 가족회사인 다산핸디소프트, 미루시스템, 우체국, 시가, 범죄단체 등 맛있는 음식을 많이 먹습니다. 앞으로는 못 먹을 것 같아요.|||120세 노인들은 518명의 투표 조작 선거를 하게 될 것이 확실하다|||그들은 내정 간섭을 싫어해 한중 우호 증진도 금지했다.|||뼈 때리는 놈이 최고야 젤잼을 써|||이명박은 민주당과 손잡고 박근혜 대통령의 거짓말과 사기 혐의로 탄핵을 주도했고, 맹박은 민주당에 의해 구속되기도 했다. 이것은 사실입니다!|||한국의 부정선거가 곧 드러날 것이다. 잠을 이루지 못한 채 소변을 보는 사람도 있습니다.|||와, 사망자가 26만 명이나 투표했다고요?|||공산당 - 왕후닝 - 선거조작 - - 가짜 - 아웃 - 까 - 부정선거를 숨긴 사람이 범인이다.|||김대중 노무현 노무현 이명박 박근혜 대통령과 부정선거로 당선된 문재인 윤석열 이재명이 이렇다. 죽은 사람은 부관으로 간주되고, 살아 있는 사람은 내란법에 따라 최소한 무기징역을 받아야 한다.",0,1
W2Hw8tcniag,"전직 CIA 요원, 전 세계 선거 부정 시스템 폭로","부정선거 518 특정|||부정할 수 없도록 제도화되었으면 좋겠습니다.|||부정선거, 부정선거, 부정선거, 불법선거는 반드시 밝혀져야 합니다.|||더 많이 밝혀졌으면 좋겠다|||부정선거는 만악의 근원이다! 천박한 도둑 정권을 무너뜨립시다!|||그날 중앙선거관리위원회 훈련센터에서 훈련요원과 기술진이 함께 일한 것으로 알고 있습니다. 윤 총장이 이를 막으려는 것은 옳았다.|||대한민국의 부정선거가 빨리 밝혀져야 한다... 가짜대통령을 빨리 퇴출시켜야 대한민국이 살아남을 수 있다.|||한국선거관리위원회도 같은 조작의 대상이다.|||부정선거, 부정선거, 부정선거가 종식되려면 중국 공산당을 멸망시켜야 한다 ㅡ ㅡFake ㅡ Out ㅡkaㅡ|||트럼프 대통령의 처벌은 다음 달 오산 기지에서 시작될 것이라고 합니다.|||사전투표 폐지. 투표수를 세어보자!!!|||문제는 여론조사기관이 여론조사를 하고 있다는 점이다.|||이 가짜를 빨리 진압해야 합니다. 중앙선거관리위원회는 반드시 폐지되어야 합니다.|||대만의 간단한 투표 시스템이 부럽습니다.|||썩은 미디어 유산을 영원히 미워합시다.|||부정선거를 외면하는 국민의힘 국회의원들 - 퇴출 - 부정선거 답변 -|||복수투표!!! 스탬프를 찍어 투표함에 넣으면 투표도 집계됩니다!|||베네수엘라가 그렇다면 한국은 어떨까? 선거부작기 제조 공장을 짓고 수출까지 한 대한민국은 어떤가? 그래서 해찬은 그것을 믿고 “앞으로 50년 뒤에는 무슨 일이 일어날까?”라고 중얼거렸다.|||마침내 민주당과 중앙선거관리위원회가 선거부정 혐의로 폭로됐다.|||바보야, 문제는 선거부정이라고 했던 뉴욕대학교 교수가 기억난다. 이것을 해결하지 못하면 모든 것이 소용이 없습니다. 이것만 잡으면 정권교체!!!!|||온 세상이 도둑을 키웠습니다.|||전 세계의 선거 사기 카르텔을 제거하세요! 한국도 닥치고 부정선거 조사해야 한다!|||부정선거를 눈감아주고 있는 CIA 참가자들이 누구인지는 누구나 다 안다.|||정의가 실현되기를|||공감하고 지지하고 침묵하는 자 모두가 역사의 협력자요 죄인이라는 것이 분명하게 드러날 것입니다.",0,1
INPW9VTwsgI,우드랜드,"전체 동영상 보기 https youtube.com watch?v OZmWKgaXKPc 기능 sharec|||이것이 특검의 심정이다. 부패의 온상이다. 가능한 한 빨리 조사해야 합니다. 방송해주신 대표님 감사합니다.|||잼버리의 비리를 다시 조사해야 합니다. 다시는 전라도에서 국제대회가 열리지 말아야 한다.|||확신하는. 윤석열 탓을 해라. 사람들. 사실을 알아야합니다.|||Mr. Ground님의 영상 정말 감사드립니다.|||100% 정확하게 설명해주셔서 귀에 쏙쏙 들어오더라구요!! ㅋㅋㅋ|||나도 민주당에 문제가 있다. 내 뇌가 썩었어. 맞는 사실입니다.|||정말 화가 났어요. 부패에는 끝이 없습니다.|||나는 할 말이 없다. 이 썩어빠진 나라가 얼마나 힘들었겠습니까. 윤석열 총장님, 힘내세요.|||이때부터 무안공항 건설 입찰 비리로 이어졌고, 결국 참사로 이어졌는데, 이 모든 것이 그야말로 특검의 최우선 과제다.|||당시 언론은 대통령을 비난만 하다가 상황을 뒤집어 놓았다.|||같은 한국이라 하기엔 사람이 너무 다르다|||진심으로, 왜 그러세요? 넌 늘 피해자로 코스프레하고, 더 나쁜 짓을 저지르잖아.|||ㅋㅋㅋ 설명이 완벽하네요 ㅋㅋ|||김성원은 자유대한민국의 차기 대통령이다. 이런 똑똑하고 현명한 사람이야말로 미래의 청년들이 원하는 모습이다. 대한민국의 미래를 이끌어주세요..|||그런 일이 간과되고 있다는 게 믿어지지 않아요!!|||잼버리는 거의 문제에 봉착했습니다. 정말 훌륭한 일을 하셨습니다, 우리 대통령님.|||진짜... 민주당 지지자들은 언제 깨어날까... 얼마나 눈이 먼지... 가슴이 아프네요...|||그건 정말 사실이에요.|||무안공항 체임베리 사건은 특검을 통해 밝혀져야 한다.|||그럼에도 불구하고 서로 공로상을 주고 있는데 특검을 해야 할 정도로 한심하다.|||모든 것을 조사하세요. 잘못된 재무에 문제가 있는 경우 모든 것을 수집하세요.|||특검은 이렇게 해야 한다.|||잼버리 장면을 보고 화가 났습니다. 잼버리 전라북도 정부 관계자들, 기업들은 진심으로 반성해야 합니다.|||좋아요. 당시 뉴스에서 듣고 당황스러웠지만 왠지 우리나라에서는 무슨 일이 일어나고 있는지, 어떻게 그런 일이 가능할까 하는 생각이 들었습니다. 역시 진실을 밝혀주셔서 감사합니다.",0,1
8aEPono3-YE,이재명이 G7에서 불명예를 안은 이유,"이란을 지지하고 반미, 친중, 북한에 돈을 보내는 대통령을 어느 나라 지도자가 환영하겠는가. ㅋㅋㅋ|||모든 사람!!! 왼쪽, 오른쪽 상관없이요. 국민주권을 침해한 부정선거에 분노하라!!!!|||모든 국민의 얼굴을 화나게 만드는 외교로 인해 자유대한민국의 미래가 정말 걱정됩니다.|||만약 국력 있는 대통령이었다면 이번에 G7의 국가적 지위를 저하시켰다는 이유로 신설법을 통해 탄핵됐을 겁니다 ㅎㅎ.|||일본 총리는 이 범죄를 저지하기 위해 교토식 반전 수법을 사용했다.|||그들이 할 줄 아는 것이라고는 국내에서 거짓말을 선동하는 것뿐이다.|||국민이 그런 사람을 선택한 것이 아니다.|||부끄러움은 국민의 몫이다|||국가의 존엄이 무너지는 소리가 들립니다. 진짜.. 한국은 어때 ㅜㅜ|||알본 이시다 총리의 표정은 역대 최고입니다 ㅋㅋㅋ|||이 사람이 북한에 돈을 보낸 사람인가요? 정말 오셨네요 하하|||언론이 점점 북한화 되어가는 걸 보니 칭찬하지 않을 수 없네요. 언론이 가장 문제다.|||재판은 시장 시절, 투표 부정 행위는 대표 시절, 대선 때였으니 재판 이후 구속되는 게 당연하다.|||Li Chiyiming은 통역사에게 악수를 요청했습니다. 외교의 치욕이자 국가의 치욕이다.|||이것은 큰 문제입니다. 조선의 방위산업은 거의 사라졌다.|||전직 범죄자가 왔다고? 오겠다고 했는데 진짜 왔네요 ㅎㅎ|||어디에 놓아도 부끄럽고 치욕스러운 재타이밍이다..|||유동규 씨가 책을 읽는 걸 본 적이 없어요.|||뜨거운 열기에 부끄러움을 느끼는 것이 국민의 책임인가?|||그 치욕에 정말 부끄럽고 속상합니다.|||언론사들이 다 보도하는 것 좀 보세요 ㅋㅋㅋㅋㅋㅋㅋㅋㅋㅋㅋㅋ 미치겠습니다.|||선출되어서는 안 될 사람이 지도자가 되었다는 사실이 아직도 믿기지 않습니다. 이렇게 무능한 사람이 그런 입장에서 일을 할 수 있다는 게 정말 부끄럽습니다.|||대한민국 국민이라는 사실이 부끄러워졌습니다.|||그런 대우를 받는 게 참신하고 웃기지만, 한편으로는 지도자가 그저 그렇다는 이유로 우리나라도 이런 대우를 받아야 하는 것인지 씁쓸하기도 하다.|||한국으로서는 부끄러운 시간이다.",0,1
uBBZhBgaw6s,중국으로 건너간 흑인요원 명단은 시작에 불과하다.,"풀버전 다시보기 https www.youtube.com 실시간 snWeEP2fRaI?si It6wbDAkeaUj PpO|||이 세상에 스파이가 어디 있습니까? 그런 말을 하는 사람을 의심하세요. 그만큼 많이 있어요|||민주당이 간첩법 개정에 반대하는 데 이토록 힘쓰는 이유.|||그라운드C는 진정한 애국자입니다. 국민을 위한 연설자가 되어주셔서 감사합니다.|||간첩을 공개하지 않는 한국 언론|||아니 정말 심각한데 왜 아직도 사람들이 이렇게 무감각할까요??|||너무 화가 나서 이 말을 듣기가 어렵습니다. 여러분, 광화문으로 나오셔서 힘을 모아주세요. 애국적인 시민.|||박지원이 국정원장에 취임했을 때 우리나라의 정보전쟁은 이미 끝났다.|||지인이 정보부에서 일하는데... 간첩이 너무 많은데 못 잡는다.|||하... 북한을 지지하고 좋아하는 사람들... 이빨이 흔들리네요.|||박지원 국정원장이 참 대단하다. 문씨도 아주 편안한 삶을 살고 있다. 그것이 먼저 포함되어야 합니다.|||방송인은 필요 없습니다. 그랜드C 너무 좋아요. 혜성 같은 남자. 그는 미래의 희망입니다.|||모두가 이것을 알아야합니다|||적국에서 조국을 위해 활동하시다 혹독한 고문과 숭고한 죽음으로 순국하신 애국지사들의 헛된 희생이 되풀이되지 않도록 우리 모두 행동해야 합니다.|||문재인 특검은 대한민국을 구하기 위해 가야 한다.|||그렇죠, 적극적으로 지지합니다. 힘내세요.|||너무 화가 났어요...|||국민이 나서서 국회해산법을 보완할 수 있는 방법은 없을까.|||당신은 당신의 죄에 대한 대가를 지불해야합니다.|||블랙요원 명단을 넘겨 간첩행위를 한 자들은 모두 잡아서 처벌하라!|||한국 사람들은 안전에 무감각해졌습니다. 이런 일은 심각하고 위험합니다. 귀를 닫고 한쪽 귀로 듣고 다른 귀로 듣습니다. 도둑질을 하고 싶으면 짖지도 않아도 된다고 하더라고요. 이것은 큰 문제입니다.|||저는 20대 남자입니다. 나는 당신을 지원합니다.|||오늘 뉴스를 보니... 앞에 설치된 감시 CCTV가 모두 중국에서 실시간으로 볼 수 있도록 설치되어 있었습니다... 너무 충격이었습니다... 나라가 어떤 상황에 처하게 될지 궁금합니다....|||이런 사람이 간첩이라는 본심을 숨기고 5년 동안 나라를 팔아넘겼는데도 감옥에도 안 가고 헛소리만 하고 도망간다는 게 참 놀랍다.|||간첩이 없다고 말하는 사람이 간첩입니다.",0,1
HdkxmpeZMbw,김치 60kg? 이것은 기본입니다.,"우리 남편, 우리 김혜경,|||부인 김장김치를 보면 수유.|||뭐야|||고맙습니다. 항상 응원합니다.|||부인의 모임, 화기애애, 음식문화도 홍보되어 나라가 이제 격을 정돈해 제대로 돌아가고 있는 것 같습니다|||김혜경 부인은 너무 귀엽다.|||우장춘 박사님께 감사드립니다 박사 덕분에 감사드립니다|||감사합니다! 지금 진짜 한국입니다!|||세상이 김치에 푹 빠지기를 기대합니다 ㅎㅎ|||나는 최고로 매우 아름답습니다. 항상 응원합니다|||현재 그대로 자연스러운 분위기|||부인 김치 홍보 대사 매우 친절하고 따뜻하게 잘하고 있군요.|||고마워, 김혜경, 고마워.|||부인은 매우 잘합니다! 언제나 이프 부인은 잘 보고 있습니다. 자랑스럽습니다.|||최선을 다하십시오.|||정말 달콤하고 품격있다!|||해외에서 김치데이가 있는 것은 놀라움입니다.|||김혜경 부인의 부부다움. K김치 외교|||응원 파이팅|||맑음|||이제 나라가 제대로 대통령인 다운나라|||아니, 이재명 대통령의 충성! 울 부인은 왜 이렇게 예쁜 봄의 느낌입니까?|||자랑스러운 우리 아내|||말씀도 매우 깨끗하게 능숙하게 상대를 잘 배려하는 것이 느껴집니다.|||부인",0,0
QnGUCpCf-1g,"풀 버전의 견고한 지방 자치, 강력한 균형 성장 5 극 3 특","단지 병이 되어도, 가만히 있어도 국민은 안심하고 믿으면서 잘 살 수 있습니다. 수집!|||이재명 대통령은 무엇이든 하고 싶다.|||내 대통령|||이재명 대통령에게 영구 집권|||역시! 지방 시대! 이잼턴! 호팅!|||우리 잼통령|||이재명 대통령,|||잼 대통령을 사랑|||응원합니다.|||울잼턴은 정말 자랑스럽습니다. 선진 대한민국 파이팅!!! 오로지 국민들과 국익만을 생각하고 전념하고 계시기 때문에 국민은 감사합니다|||대통령, 존경합니다. 고마워요.|||항상 응원해 주셔서 감사합니다.|||일 중독. 대통령의 건강도 취급하면서 일을 보는 것을 항상 존경하고 응원합니다|||감기에 조심해|||늘 열심히 우리 대통령|||국가와 국민애 이재명 대통령 최고|||지방 건물 불량 건축과 시공에 대한 처벌 강화해 주세요. 지방은 뭐든지 스케줄로 해도 좋을까? 이런 것은 또한 지방의 테세 노리고 불량이 낫지 않는다. 지방 강화하고 있으면 기름끼리끼리 봐 주면서 해먹하는 구조는 안되게 철저하게 봐 주세요. 지방도로도 폭우 한번 오명폭삭 폭삭 그리고 또 덮어쓰기 작업 1년 이내에 누다기 도로가 되기 때문에.|||TV 중계로 공직자가 많이 긴장한 것 같습니다. 많이 준비된 답변을 들을 때마다 이잠님의 효능감이 느껴집니다.|||잼통령 5극 3 특별시대의 파이팅입니다.|||균형발전이 지역산업과 경기발전으로 이어지기를 바라며 이재명 대통령을 응원하고 지지|||잼톤 님의 세계의 끝까지 국민이 지킨다 언제나 건강해져 주세요|||환영합니다.|||대통령의 건강 관리가 잘 진행되고 있습니까? 최선을 다하고 항상 응원합니다.|||극특 잼 대통령을 사랑합니다.|||우리 대통령 대통령에게 왼손잡이 제안이 있습니다.",0,0
mUXxgzTy6b8,시간 표지 사진 기자에게 화난 MBC 박상후,"제대로 말했다.|||초상권 침해로 인해 손대지|||전단 사진사...|||불법 촬영하고 어디를 만지는지 짖는 것을 혼란스럽게 만드는 것은 사실입니까? 박상후|||그럼 왜 찍어?|||때 사인이나 뉴스타파나 시청률이 나오는 것인가?|||당신은 사람입니까? 박상후의 말이 옳다는 것이 증명됐어?|||박상후님 불법촬영해서 큰소리. 똥 남자가 화난|||박상후 부장 파이팅|||사람에게 손을 대는가? 랜더 그렇게 할까 부끄럽다고 생각하는 조금 알고 어른에게, 당신의 초상권 침해, 불법 촬영이 되어 말리는 것은 안 되는가? 이런 부끄러운 영상이라도 올릴 수밖에 없다는 것은 가파르다고 하는 것이야 w|||옛날에 무슨 일이 일어났는지 모르겠지만 현재 정치사회 분야 YouTube 채널 중 박상후 기자 채널이 최고다.|||박상후 기자의 문화혁명이 훨씬 유익하며,|||오, 내가 안에.",0,1
SwQfHZJi_UI,미국 기자의 질문에 동문으로 대답하는 박근혜 대통령,그리고… 진짜…|||후미 부끄러운 것은 우리의 역할입니다.|||신속하게 질문에 왔습니다. 무엇이라고 대답해야 합니다.,1,1
AuXnBq1gKDg,풀비디오 뉴스타파 한상진 기자 안종필 자유미디어상 특별상 수상,뭉클은 항상 지원하고 믿습니다.|||그럴 때 죄송합니다.|||축하합니다. 진짜 기자를 모른다. 뉴스타파의 후원에 참가하도록 합니다.|||뉴스타파 응원하고 있는 한상진|||축하합니다.|||맛에 맞으면 떠오르거나 저주를 따르는 가벼운 말에 흔들리지 마십시오.,1,1
mBq-FvzOLHU,또한 민주정책연구위원 천만원 해외출장 비밀,"어떤 진영이든,|||그래서 누구|||게다가 민주뿐만 아니라 대한민국 전체가 이수준입니다 ㅜㅜㅜ 끔찍한 민도",0,1
_GLRmAmVVts,죄명은 k마두가 되나요? 배승희 뉴스배송,"배승희 변호사 국민의 힘 국회의의 승리되고 다음으로 대표되고 다음으로 보수우파 대통령의 대변인이 되고 다음에 두 번째 자유대혐민국 여성 대통령이 되기에 있어서 하나님이 함께 되면 충분합니다. fighting fighting hallelujah amen|||이재명을 판단해보자.|||최고의 배승희 변호사님 귀한정보로 국민의 가슴을 부풀려주세요. 귀를 열고 잘 듣고 있습니다. 항상 사랑해 주셔서 감사합니다.|||정의의 변호사는 항상 고맙습니다. 오늘도 하얗게하십시오.|||정말 그렇게 하면 좋겠다.|||윤석 열 대통령 석방|||제발... 배승희 변호사 전투...|||지금까지 들었던 뉴스 젤방가운뉴스 이재명 미국행|||정말 기다리는 미국이 이재명을 하루 빨리 압수해 국재법원에 세우기를 바란다.|||배승희!! 9월 하늘청명 9만리의 구멍처럼 데하이트 멀리 날아가는 자유의 여자전사 중 1등!!|||대한민국이 올바른 장소로 돌아갈 수 있도록 하십시오.|||올바른 말씀을 주셔서 감사합니다.|||잘 부탁드립니다.|||배승희 변호사님 옳은 빠른 뉴스|||감사합니다|||말뿐만 아니라, 곧바로 행동으로 실행되면 좋네요.|||멸공!!|||배승희 변호사는 최선을 다하겠습니다.|||장동혁 대표가 바라는 투쟁..배승희 자유우파 애국자! 호팅|||애국심이 강한 배승희 변호사 당신의 정확한 정보 해설 정확한 말씀에 감사드립니다.|||우리 나라에 오면 최선입니다. 기대해도 될까요?|||신속하고 올바른 뉴스를 보내 주셔서 감사합니다. 깨끗한 배, 순희 변호사, 하나님이 축복을 받으십니다. 아멘!!|||제발|||항상 감사합니다.|||어쨌든 공산화는 막아야합니다.",0,1
jpvcDMOwo40,눈치채지 못한 이죄명 배승희 뉴스배송,"미국은 범죄자와 대화하고 싶지 않습니다.|||배승희 변호사는 언제나 고생하고 이 죄의 많은 사건과 이야기를 전해주고 있는 것을 잘 보고 있습니다.|||저자들이 불리한 가츠는 많이 삭제했지만 배승희씨가 프린트해 두고 유익하게 시청합니다|||최고의 변호사는 최고입니다.|||배승희 변호사, 언제나 빠르고 올바른 소식을 보내주셔서 감사합니다!|||최고|||배 대표 파이팅은 항상 응원하고|||나라가 발전해야 하는데 발전하는지 빛만|||배승희 변호사는 매우 고생했습니다.|||윤석 열 대통령님 모든 불법정치탄핵, 헌법정치 파면 등 불법정치 구속 석방하고 정상대통령원 상복귀해야 한다. 국민의 의미|||우리의 예쁜 변호사도 최고의 언제나 응원하고 있습니다. 또 행복한 멋진 한국이 올 때까지|||대한민국이 어째서 이렇게 되었는지, 일찍부터 원하는 세계가 이런 것일까?|||배승희 파이팅|||잘 보았습니다.|||변호사의 건강 관리|||배승희 변호사. 응원합니다! 올바른 뉴스를 볼 수 없었지만 여기에서 볼 수 있습니다.|||아이 쪽에 팔라.이 나라의 국격이 추락하는 것은 날개가 없다.|||고마워요.|||취소 또는 연장. 조건을 걷다|||배승희 변호사 파이팅!|||재재명은 인생이네요.|||최고|||배승희의 칼 비판은 항상 응원|||역시 바찬 최고|||고품질 방송",0,1
l4a99pWTAjI,재판 넘치는 새로운 증거들..!! 배승희 뉴스배송,"변호사, 시원한 뉴스 전달 감사합니다 항상 응원합니다.|||지경재판관 대한민국을 지켜라.|||주님, 한국을 배승희 변호사를 지켜주세요.|||배승희 변호사는 정말 호팅입니다.|||항상 좋은 말씀에 감사드립니다.|||지판사! 국민이보고 있습니다 응원합니다 역사에 남아 있습니다. 한 번만의 삶, 올바른 사람들이 드러납니다.|||잘 작동하는 배승희|||배승희 변호사 감사합니다. 적극적인 응원을 지원합니다.|||배승희 변호사 감사합니다 건강을 조심하세요|||변호사는 항상 명확한 사이다 방송에 감사드립니다. 건강을 조심하십시오.|||거부하는 자가 범인이다!|||배승희 변호사는 얼굴도 예쁘고 우파에게 큰 인물입니다 오늘도 고마워요|||북한에 동준들을 구속 수사하라|||사법부는 이 죄명 재판에 계속하십시오. 서울고등법원 이재권 판사, 파기반송선거법 위반재판 신속하게 해 주십시오.|||국회가 정화되지 않고 대한민국의 미래는 없다|||그 녀석들이 특검임명하면 특검 하나 매나지 국력이 특검 추천할 수 없다면 이재명이 기만을 살려준다.|||배승희 변호사는 매우 시원하게 말할 수 있습니다. 걱정하세요.|||똑똑한 변호사님 멋지다 아멘 맛있는 싸움 감사합니다|||미쳐 돌아가는 대한민국을 반드시 찾아야 합니다.|||윤석 열 대통령!|||문차야산다|||토콤을. 하지만 특별검사는 반드시 야당으로. 선임해야 할|||윤석 열 대통령 무죄다! 일 복귀해야합니다! 이죄명 1당이 내란범이다!|||윤 대통령님이 무죄라고 판결하기를 기도합니다. 무리하게 구속되어 계신윤 대통령을 해방하|||배승희 변호사, 고마워요. 응원하고 있습니다.",1,0
MBT4XkJuHFo,"안뜰 대통령, 쿠팡 사태에 과징금을 강화하고 징벌적 손해배상제를 현실화해야 한다",정보 유출 전에 서영교 쿠팡 간부를 만났는데 이번 사건과 지속성은 없나|||신세계나 롯데가 선두에 서서는 안 돼? 국민이 밀어 넣자!|||쿠팡을 대체하는 회사를 만드세요!!!! 쿠팡 불매!!!!,0,3
fLEtjM-8Tno,"김광일, 박은주, 장원준의 작은 대통령 국가권력범죄","국민이 조심하는 한 그들은 아무것도 두려워하지 않는다.|||하루 빨리 뱀의 눈을 잡고 나라를 사고,|||마치 자신이 자신을 처벌하는 수준을 말하고 있네요. 내란은 없다. 단지, 시험만이 있었을 뿐이다.|||말하는 것이 아니라 대책을 말해주세요.|||이재명 일당, 민주당 본인들이 한 일을 스스로 자복하는 것이다! 이런 것을 가리켜 적반하장이라고 한다.",0,1
ROyXpQ93B5o,"김광일, 박은주, 장원준의 2022년 대선에서 양측에 자금을 조달했다.","안타리 특검 엄벌 조치하라! 이런 인간이 나라를 망치고 있다. 엄벌하고 나라의 정의를 바르게 했으면 좋겠다!|||게다가 민주당은 거짓말이 당의 목표다. 거짓말과 홍보에 목숨을 건 여당!|||아직 돈에 맹목적인 정치가들이 나라를 쓰레기통으로 하고 있는데. 국민을 위한 정치는 개각! 스스로 해를 먹는 범죄 집단,|||통일교의 국력을 따라잡는 것도 민주당의 선동|||가장 어리석은 특검과 민주세력|||사이비의 종교나 돈이 있는 기업이라도, 여기저기 많이 없어져 눈치채고 살고 있었습니다만, 하나님과는 든든한 기분이 있는데, 왜 이런 부끄러움에 싸움하는 것인가. 사거나 푸하하|||맞습니다! 하청 수사법으로 나발루에서 갓!!!! 무슨 일이 일어난다!|||통일교는 종교가 아니지만 문선명의 집단입니다. 특검법에 특검을 만들어야 합니다.",0,1
FbmI12xCcgA,국장 최대 리스크는 누구인가?,"전쟁 중인 나라보다 주식시장이 나쁘다고 합니다 대한민국 지금은 엉망입니다.|||정치가 얼마나 중요한지 한국은 별로 모른다|||경제위에는 언제나 정치!|||2024년 투자 리스트로 브라질이 최하위였지만 한국이 콕에서 3위였다.|||그래도 이재명 정부에서 얼마나 운이 좋은지, 주식으로 사기하면 패가 부끄럽다고 한다.|||9개월 후부터 왔습니다. 대한민국 대통령은 윤석열에서 이재명으로 바뀌었고 지금 코스피는 3700을 돌파했고 삼성은 10만 전자가 코 앞이다.|||주가를 조작하는 사람의 수사도하지 않고 처벌도하지 않지만 주식 투자하는 사람이 어리석다.|||당연하지 않니? 정치사회를 보고 투자하지 않는 기업?|||자원의 분배를 어떻게 하는지가 정치의 존재 이유인데, 정치가 개판이라면 모두 피곤해 버리는 것은 아닐까? 그러니까 정치가 불안한 나라에 투자를 할 이유가 없을 것이다.|||정치가 안정되어야 경제가 성장하기 때문에 국민이 정치에 관심을 가지고 투표를 잘 해야 합니다.|||정치도 망치고 회사 주주에 대한 태도도 망쳤다… 투자할 이유가 없다|||이렇게 만든 것이 그들 무리다! 기득권이라면 거기에 맞는 품위를 보여주어야 하는 돈과 권력에 미친 인간만이 추천해, 빼고 여론 조작질해, 바치 서수인으로 죄 나쁘게 떨어지고 제도까지 손을 보려고 하기 때문에 누구를 원망한다! 그러므로 주님께서는 신경 쓰지 않는 것 같습니다. 내국인 투자자만이 발동동 지경!|||산업의 배치, 장기 투자자가 가지고 있어야 할 관점.|||투표합시다. 하..|||아, 나는 투표를 해야 한다.|||오물을 데려갑니다.|||생각해 보면 그렇습니다. 기업에 투자하기 전에 그 나라의 정치 안전성이 더 우선합니다. 아무리 대단한 TSMC라고 해도 내란중이라면 쉽게 투자할 수 없게|||내란으로 신용이 없어지고, 내란 전에도 주식을 가지고 장난을 알고 있습니다. 그래서 외국인 투자자들은 어디 한국 주식시장을 믿고 투자할까요?|||정치인들은 위대한 국민이니까 어쨌든 웃음 현실을 보고 유일한 분단 국가 주적이 북한이 아닌 상대당이다 www|||국력만 사라지면 주식시장의 날개를 친다.|||한국 정치는 3류다. 지역 감정에 의해 투표하고 당만 보고 투표하고… 바뀔 가능성도 희박.|||우리도 주식투자할 때 그 회사의 CEO 댐댐이 보는데 바로 ㅠ. 일부 국가 지도자를 바꿔야 한다|||한국을 대체하는 나라가 많다ㅠ|||만물 균열 정치 쌍극화가 세계에서 가장 끔찍한 나라이기 때문에 실적이 있어도 주가는 떨어지지 않고, 거기에 북한 문제도 있어|||정확한 코멘트!",1,1
-iUoGreYT4Q,송석희 질문,"현실인식이 늦은 기득권은 언제나 몰락의 길을 걸었다.|||검찰과 언론은 완전히 다른 종족이 된 것 같습니다.|||방송 보고 미디어가 가장 문제인 것으로 나타났습니다.|||정말로 가깝지만 그래도 제일 좋다고 데려온 기자의 인식 수준이 그 정도이므로 기레기라는 말이 왜 생겼는지 아마 죽을 때까지 모를 것이다|||일반 시민인 저도 그 틈을 느꼈다는 게…|||갭이라기보다는 나는 섬멸감을 느꼈다. 뭔가 국민이 무지몽 보고 저널리스트들의 일하는 방법을 니들은 이해할 수 없다. 우리가 이렇게 일하는 것이 문제라고 말하는 바늘이 무지하고 무지한 것을 계속 주지시키는 느낌|||미디어는 다른 세계에 살고|||나도 봤어, 아...|||역시 유시민 대단한 좌절없이 얻은 것을 생각하는 인생의 태도를 존경한다|||그냥 자랑하고 놓아주세요. 망치다|||이미 나온 노출보도에 추가 보도도 할 수 없는 것이 우리에게 정보제공이 오면 보도했을 것입니다 ㅋㅋㅋㅋㅋㅋ|||현직 기자의 자존심을 넘어 오만과 편견으로 가득한 신경질적인 태도를 보면서 방송 중 불편했습니다!|||방송을 보면서 기자가 국민에게 포복하지 마세요.|||화가났다. 보는 중. 그래서 기레기 소리를 듣는 것을 확인하는 것은 매우 좋은 기회였습니다.|||뉴스 소비자가 전부 알고 있는 사실과 현실인식을 현직 저널리스트라는 사람들이 모르는 것이 문제이기 때문에|||잘 모르겠지만, 지금 미디어는 단지 회사이고 기자는 그 회사의 이익을주는 회사원이라고 생각합니다.|||그들은 우리를 무지한 계몽의 대상으로 본다.|||나는 계속 우울이 치밀했지만, 득도의 마음으로 취급하는 작가를 진심으로 대단하다고 느꼈습니다.|||기자가 무엇을 하는지, 의견과 다르다고 말했을 때, 그 표정은 정말 폐가 되었다.|||김희원이라는 한국일보 30년 베테랑이라는 사람을 보면 .. 비판을 비난이라고 생각하고 반론밖에 할 수 없어… 침착하게 토론을 하면 좋지만… 저널리스트라는 사람이 흥분이 나와… 후배들이 왜 모두 이해가 가는 부분이었다. 사람을 보고 보고 완벽하게 모르겠지만… 바람에 오는 불쾌한 에너지는 주위에 두고 싶지 않은 사람의 모습이었다. 네가 못했던 것은……………………………………………………………………………………………………………………………………………… …………………………………………………………………………………………………………………………………………………………………… …………………………………………………………………………………………………………………………………………………………………… ……………………………………………………………………………………………………………………………………………………………………. 모처럼의 모습에 마치 무리는 아이를 보는 듯한 느낌이었다. 미디어는 끝났다. 권력화되고 상업화되었다. 그래도 공공 언론은 정부와 여당, 사유화된 언론의 공격을 받고 있다. 깨진 국민은 끝까지 공공언론을 지지하고 지킬 의무가 있다고 생각한다. 지키지 못하면 그 앞은 국민의 눈과 귀를 멀리 할 것이다.|||썩은 열매는 알고 떨어지는 것입니다. 유시민 작가님은 언제나 응원해 애정합니다!|||그 여성의 저널리스트가 직업이 아니라 어떤 특권 계층이며 방대한 지식인만 말하는 것이 매우 재미있었습니다. 그 이전부터 지금 여권과 대통령실, 검찰에 그렇게 다가줬다면 지금 대한민국은 세계 1등국이었을 것이다.|||중앙일보 출신 김진과 매우 징글 징글하지 않았나요? 개표 방송 때도 그렇고, 갭이야. 전원책, 홍준표도 이들은 서선욱급입니다.|||유시민 작가가 수고하셨습니다. 고마워요.|||기자란 아마 더 권력을 갖게 하려는 집단의 일수도 있기 때문에 윤리의식과 소망감이 더 많아야 한다.",1,1
PLlZ137YkAE,12 8월 정부 6개월 조태임 김준일 내란전속 법원 서완진 조진은 은퇴 논쟁,"12 8월 뉴스쇼 뉴스연구소 정부 6개월 성과간담회 무산이 된 정천레룰 민주, 사법개혁 스피드 전국력에서도 강제추행 의혹 CBS 조태임 기자, 김준일 시사평론가 인터뷰 내란 전속재판부, 위헌 논란 회피하기 위해 필리바|||정말 싫은 생각입니다. 피해자는 미성년 여고생입니다. 피해자의 입장에서 보면 극악한 미성년자 연쇄 강간범입니다. 그렇게 하면 6개월 소년원의 처분이 치안치를 전부 지불했을까요? 그리고 미성년자의 성범죄자가 방송에 그 사실을 숨기고 10년 이상 활동한 것을 용서해야 할 이유가 됩니까? 죄는 가해자가 아니라 피해자의 입장에서 보아야 한다. 고3이므로 관대하게 봐야 하는 것보다 피해자가 미성년자들과 봐주지 않는 것입니다.|||서영주는 당신을 바꿔주세요. 우리는 배우 퇴직을 요구했습니까? 비판하는 것은 자유롭고, 본인이 알고 내려온 것이다. 그런 인간이 그저 살아갈 때까지 뭐라고 말하는 것은 아닐 것입니다. 그러나 적어도 사람들의 우상이 되어서는 안됩니다.|||서영주 씨 가족이 그런 일에 있었던 것 같아요. 내 가족을 강간성 폭행한 사람이 텔레비전에 정의된 사람만 나와서 고통받고 있다고 생각해 보세요. 그런 느낌이 있나요? 용서하는 범죄가 있고 범죄가 없습니다. 그리고 다른 직업은 가지고 있어도 대중 앞에 얼굴이 노출되는 직업은 안된다고 생각합니다.|||조진은 지금도 밝혀져 다행이다. 맡기면 광복절 행사에 국기에 대한 맹세까지 하는 것은 피해자가 참기 어려웠을 것이다.|||민주투사의 인권을 하지 않았다면 정의의 사도인 주먹을 하지 않았다면, 수백억 가까운 돈을 벌고 다시 기회를 준 세상에 베풀어 대답했다면 피해자에게 진심으로 사과와 피해를 보상해 주면 선민의식을 가지고 대중을 가르쳐야 한다.|||ㅋㅋㅋㅋㅋㅋㅋㅋㅋㅋㅋㅋㅋㅋ|||중요한 것은 본인이 과거의 죄를 스스로 고백하고 용서를 구한 것입니다. 물론 죄질도..연쇄강간이니까 극악범죄이니까 용서가 어렵지만, 스스로 용서를 구한 것도 아니고 폭로되었기 때문에 그렇게 은퇴? 이것은 책임지는 자세조차 없는 것입니다. 강간은 그냥 어제? 자신에게 오는 피해는 무서워서 책임이 있고, 사과조차 하지 않는 무책임한 모습은 절대로 용서해서는 안 된다고 생각합니다.|||아니, 단순한 범죄도 아니고 성폭행인데 어떤 청소년기에 갔던 죄를 갖고 이런 말을 하는 서영주는 정기적이냐?|||조두순 씨도 희망을 가지고 아이 가정교사의 꿈을 이룰 수 있도록 용서합시다! 민주당의 만세입니다!|||나는 서영주의 소름 끼치는 피해자의 입장에서 생각을 전혀 하지 않는다.|||서영주는 정말 나쁘다...|||조진은이 징역을 살고 죄값을 입었기 때문에 그 소년 시절의 범죄를 다시 비난하는 것은 맞지 않는다고 생각합니다. 그러나 언제나 대중에게 노출되는 이러한 직업을 가지고 있었던 것은 분명히 문제가 될 것이라고 보고 있습니다. 언제나 미디어를 통해 웃음, 소란, 정의의 모습에 노출되지만, 그것을 보게 되는 피해자의 심정은 어떨까? 아마 지금까지 그때까지 병의 과거를 시험해보고 살았던 사람들도 최근의 정치적 행보와 독립 투사적인 이미지를 취하는 것에 더 이상 참지 못하고 정보 제공을 하게 된 것이 아닐까 생각합니다. 직업의 귀천이 아니겠지만 타인에게 지울 수 없는 상처를 남긴 범죄를 저지른 사람이라면 직업의 종류에 따라 그 자체가 새로운 가해가 될 가능성이 있습니다. 극단적인 예이지만 만약 아동성 폭행범인 조두순이 징역 전원 살아 나와 반성하고 열심히 노력해 텔레비전 유치원 교사가 되어 늘 TV에 나오면 그때도 서영교처럼 말할 수 있을까요? 윤석렬과 내란의 동조세력이 징역 전부 살아 나와 반성했다고 다시 정치를 하면, 치안을 전부 지불했기 때문에 괜찮다고 용인이 가능합니까? 만약 조진은씨가 언론에 자주 노출되는 사람 이외의 일을 열심히 해서 성공했다면 이런 걸 밝혀도 지금과 같은 비난을 받지 않았을 것입니다. 앞서 언급했듯이 정치적 행보가 이 사건의 계기가 되었을지도 모르지만, 이것은 정치적 진영 문제에 몰두해서는 안 된다고 생각됩니다. 어쨌든 조진은은 이런 것이 밝혀진 이상 연예인 생활의 은퇴는 당연하다고 생각됩니다. 그러나 미디어에 노출이 잘 되지 않는 다른 영역에서도 최선을 다해 성공하십시오. 그 때는 나도 박수를 둡니다.|||이재명은 소년공이고 소년범이 아니다.|||서영주 실망이다.|||서영주의 초점은 정말 맞지 않네요. 초점은 자신의 부끄러움을 들었는지 고백했습니까? 어느 정도 성공적인 공인이 되었을 때, 자신의 치부를 고백하면 대중이 이해할 가능성이 높았을 것입니다. 그건 그렇고 요반은 들었어. 그래서 대중이 이해할 가능성이 낮아지는 것입니다.|||서영주씨 조진은에 쓴 피해자가 당신의 딸이나 부인 등 등 가족이라도 조진은 용서할까?|||피해자가 듣는 것은 매우 어렵다고 생각합니다.|||서연주 씨 mbc가 윤석열 바이덴 날면 보도한 것은 한국에 어떤 공익이 있어 보도했을까요? 윤석열 개인이 아니라 국가 자체가 당황한 상황이 되었습니다.|||진보이지만 서영주는 할 수 없습니다.|||이것은 피해자가 힘들고 정보 제공한 것이다.|||서영주, 본인 딸이 강간당했다고 해도 그럴 수 있을까? 살인, 폭력, 힘 모두 좋지만 강간은 안돼. 그러니까 주홍씨를 매달아 다니는 것은 아니다. 열심히! 레스토랑, 비즈니스, 직장으로 이동합니다. 단지 공인으로 텔레비전에 나가지 말라!!!!!피해자가 본다|||승리자는 정말 ..|||엑소연주정치 하지마|||서영주의 우승자인 피해자 앞에서",0,1
z3KFsamDAek,"라이브 뉴스 이재명 공범, 살려 SOS! 2023.12.11","연필도 국가에 해를 끼치면 도태하게 하고 연금도 주어서는 안 된다.|||위증 교사 국회의원 잡을 때 국회의원 당첨 무효|||감사합니다|||트럭이 도로에서 얼마나 위험하고 위협인지 이번에는 유동규 씨를 노린 범행이라고 생각합니다.|||홍준표의 죄는 무엇을 받았는가?|||끝도 끝도 없습니다.|||질 재판 당기는 재판관 명부 공개 국민 이 알 필요 필요 대한민국 에 사는 것을 피한다|||이 죄명은 빨리 구속하고 싶습니다 안전한 나라를보고 싶습니다.|||1차 주행하는 덤프트럭들을 신고하고 벌점을 받고 벌금을 걸어야 합니다. 홍준표, 이준석 철저히 무시하고 관심을 주지 않고 4월 총선에 국민이 보여준다. 민주당 피곤하다.|||홍준표는 정치 인생을 끝내야 한다.|||기사를. 비밀의 길을 가서 누가 만나는지|||신한 수기자, 정말 존경합니다.|||신혜식 대표. 수고하셨습니다. 싸움|||재판을 지루하게 하는 판사는 직무 유기물에 탐구하는 특별한 조치를 취해야 합니다.|||혼카 콜라지조 없음 전 과자|||그 놈을 안아주려는 원희령 장관님… 조심하고 윤정부 성공시켜야 합니까? 지지자를 더 이상 실망시키지 마십시오.|||준수기는 정치 퇴출. 하자. 됩니다 그것도. 성상납. 재조사를 촉구합니다.|||홍 시장, 꼭 봐주세요.|||홍준표를 부탁드립니다! 더 이상 얼굴을 보지 마십시오.|||홍시장 지금 정치를 졸업했을 때 보입니다.|||안전한 국가를 찾으십시오. 위해. ㅉ 이름이. 법정 구속. 하자.|||고장난 벽시계|||법원 내규상 재판은 3개월 이내에 처리하게 되어 있지만, 지금까지의 규정 위반한 자 모두 징계 처분해 주십시오.|||홍준표 중립적인 행동.|||구속이 너무 느립니다. 성가신. 사법부에 대한 불신이 너무 커져갑니다.",0,1
2Qbkp0bJOco,"라이브뉴스원 희현, 한동훈에게 전쟁선언! 2024.07.01","원희령을 응원합니다.|||원희령당 대표로 적극 응원|||맞아|||원희령씨 열심히 응원합니다 파이팅!|||원희령 대신을 맞이해주세요.|||국력 대통령을.|||한동훈 문제를 재일 최초로 만난 신혜식 대표 감사합니다|||철저히 조사해야 한다|||원희령 대신 응원합니다. 상식이 없는 한동훈 끝났다|||원희령 후보는 반드시 당 대표 당선을 위해 보수 우파 단결합시다|||원희령 장관의 국민의 힘|||원희령당 대표는 최선을 다해|||선관위는 헤체해야 한다고 생각|||우파 국민의 한 사람으로서 이번 전당 대회 슬로건을 거부합니다. 유지 보수의 진보. 이것이 이것을 두고 국력을 왼쪽 클릭한다는 의미입니다. 영동훈의 정체성이 왜 슬로건에 녹는가?|||홍 시장의 말에 찬성합니다 앞으로도 좋은 말을 부탁드립니다|||탄핵세력이 한동훈을 받고 있는 것입니다.|||윤석열 대통령이 응원하고|||한동훈은 자격이 없는 사퇴하라! 국력 스파이에 왔다!|||윤상현씨는 통찰력이 대단한 분입니다. 국력당의 주요 자산입니다.|||한동훈! 두번은 없다.|||그래도 우파로 동후니를 지지하는 사람은 정말 이상합니다.|||원희령 후보|||원희령이 반드시 대표가 되어 국민을 살리고 대한민국을 살려주세요.|||고인의 생명을 기원|||샬롬, 홍 시장. .",1,3
0nM9vw_x3Uw,현장 생중계 광화문 천만 총집결! 1230화 탄핵 기각 행진! 2025.03.22,"마이 샌슨 호쿤스 님이 고르게 국민의 각성을 위해 불철주라고 노력해 주셔서 감사합니다.|||여러분 수고하셨습니다 파이팅!!!!!|||감사합니다ㅡ 애국시민 여러분|||신한한이성범 기자 파이팅 덕분에 언제나 응원|||정옥현 국정원 전차장, 신인균국방TV, 군사TV 대표,|||광화문 1000만ㅡㅡ 파이팅 한국 수정|||가짜 회원 민주당 목록 이재명 생선기구 위성 공임성 이흥기|||전국 동시 다발의 산불의 나무도 살아있는 생명입니다.|||신인균.|||2000명의 국민기자단의 굿 아이디어 기사가 채용되면 원고료를 받고 기사를 사용하는 쪽도 부담없이 매우 좋다고 생각합니다.|||대통령의 각하를 위해 모여 모이면|||광화문 애국자의 국민대회를 응원합니다 마지막 승리를 줄 것이라고 믿습니다|||탄핵각하 탄핵각각하 탄핵각하 탄핵각각하 탄핵각각하 탄핵각각하|||대표자 파이팅|||애국 시민이 나라를 살린다|||문현바 마운혁은 곧바로 거절|||감사합니다 승리는 우리입니다.|||탄핵은 정답이며, 기각도 좋지만, 각하는 정답이다.|||불법 탄핵 사기 탄핵|||전국의 산불은 절대 우연이 아님",0,1
59QOtw7tdoU,"모두가 기다리고 있던 뉴스가 폭발한 지기영이 말했고,","엉덩이를 데려 가지 마라. 이미 조사를 받아야 하는 인간입니다.|||판사는 정상이 아닙니다. 재판은 엉망이되어 판결 계획을 사적으로 흘려 다니고 정말 사법부가 정상이 아니다.|||끝까지 두고 봐야 합니다. 풀어서는 안됩니다.|||사법개혁을 막기 위한 수고에 속지 않고 민주당은 신속하게 진행한다.|||국민은 절대로 다른 사람들 사법부 등 믿지 마십시오.|||풀어준 놈을 믿는다고? 내란재판부는 흔들리지 않고 추진하라.|||대법원 원장 탄핵! 촉구!|||지금도 내란은 진행중이며, 그 내란범은 조희대 천대엽 배현원 서석호박 성재심 우정추 진우 지울연등법 경지인 면수심 사기죄인판, 검사내란범을 즉시 최고형의 엄벌로 처벌하고,|||맞습니다. 한국에서 악의 축은 친일파와 거짓 보수와 돈을 먹는 판사 검사 미디어군요...|||내란 재판을 멈추려는 수작업|||나는 사형인가?|||방심은 금물|||그런 녀석이 시간 계산으로 풀어 줄까!|||절대로 믿지 말아야 할 근본은 없습니다.|||끝날 때까지는 결코 믿지 마십시오.|||법 콜라지에 더 이상 시간을 들이지 않고,|||끝까지 믿을 수 없습니다.|||정치검찰, 정치재판관이 모두 깨면 탄핵시켜야 한다. 지금도 내란이 계속되고 있다. 내란의 척도로 국가의 의의를 세워야 한다|||법과 원칙으로 판결이 계속되는 기각지귀련을 어떻게 믿는가|||아니 지금 박나레, 조진은 캐비닛을 열고 있는 것을 보면 정말 무언가 큰 것을 숨기고 있다고 느껴진다.|||아무리 봐도 그 사람 이중 중첩인 것 같다. 믿는 놈을 믿어야 한다.|||지경의 말은 믿을 수 없어..|||조희대경용|||정의를 말한 윤이 뭘 했는지 보세요... 성철 소장|||10석은 애호가가 아닌 가스 조명이 되었다.",1,1
ygKCuYr-H1E,준진진윤까지 윤석열과 결별 기류,선거에 가면 머리가 복잡해질 것입니다.|||선거철 보기|||나경원을 보자|||선거철|||선거철이 다가오면서|||조심해야합니다.|||그물이 그물이야 ㅡ. 결별하면 보실 수 있다|||또 인출 타임인가?..|||그들은 땅의 좋은 쪽으로 가거나 오기 때문에 즉시 해체하십시오.|||지금 올거야?,1,1
vijKxXorpGs,이재명 대통령의 귀여운 포즈?,모직 대통령의 그릇을 사랑 해요.|||우리 점프 귀여운|||민주당....만 정치하자.,0,0
HQfuAmvu3iQ,유시민,"낭만적 인 이재명 머리는 냉철하고 가슴은 따뜻한 이재명 의원에게 적극적으로 지원|||유머도 레벨급의 우리의 재명이 유쾌한 재명을 사랑하게 되었습니다.|||진짜 이재명을 사랑할 수밖에 없다|||신선함은 매우 멋지|||유시민 작가 남자의 필기를 쓰고 있다.|||유작가의 표정ㅋㅋㅋㅋㅋㅋㅋㅋㅋㅋㅋㅋㅋ|||싸이월드 갱슨의 성장|||3분도 사랑스럽다. 자랑스럽습니다.|||와우, 이재명 사랑받는 국민이 될 것입니다.|||아!!!! 이 멋진 문구도 멋지고 사랑스럽고 능력이 있고 모든 것을 갖춘 우리의 차기 대통령 호팅입니다!|||이재명 의원님 어려운 환경에서도 그런 엄마에게 사랑을 많이 받으니 언제나 사람이 많은 편이군요|||이재명의 예쁜 팝, 장난기 넘치는 비비의 미소개구가 싸우는 칼, 뜨거운 가슴을 가진 진짜 노동자!|||마음대로 건너면 사랑해 버리는 유시민 작가님 사랑합니다|||그 오랜 광기가 검찰과 기득권의 온갖 공작과 모략과 모함을 전신으로 받은 분, 이재명님을 아주 좋아합니다.|||작가가 죽으면 그랬습니까?|||문통에는 의지하고 싶은 정치가라면 이재명 대표는 친구 같은 정치가인 어깨를 두드려 한 걸음씩 함께 걷고 싶은 말을 되찾아 봅시다.|||나도 사랑해.|||ㅋㅋㅋㅋ|||유쾌한 김오준은 좋네요.|||나도 이미 빠져 버린 것을. 이재명|||유시민의 표정은 이미 이재명에 빠진 표정이다. 웃음|||이것은 한마디... 성남시장이 떨어지고 그 시기였기 때문에|||이재명 진짜 모든 대통령!|||매우 귀엽고 귀엽다.|||진짜 인제입니다. 내가 보는 눈이 보통이 아니에요 매우 감수성이 풍부합니다. 진짜 초오는 완전한 남자입니다.",0,0
LSyntWYQ980,"김오준의 다스보더 249회 한동훈 vs 정봉주, 검찰의 부름, 50억 시칠리","판 검사 출신의 정치 금지! 부디 법안 추진해 주세요.|||쑥이 있는 정세현 장관... 이 시대의 정말 어른입니다. 나도 읽도록 하겠습니다. 항상 건강하십시오.|||검찰독재로 끝나는 분은 이재명뿐입니다 이재명 대표의 끝까지 응원합니다|||정세현 장관. 존경합니다. 책을 구입했습니다. 열심히 읽고 세상을 보는 시야를 넓히세요|||내 유일한 낙서는 겸손하고 어렵습니다.|||국민의 힘을 40대나 지지한다고 믿을 수 없는… 사람도 아닌 그들은…|||김오준 총수 감사합니다.|||조국 일가는 어떤 누구보다 유쾌합니다!|||이재명 조국의 예쁜 인생 인정한다! 본도사 한 번 출연시켜주세요.|||총선거 승리! 정의는 우리가 서자!|||이재명 대표를 지키지 않으면 이재명 대통령이 아니면 대한민국이 정상으로 돌아갑니다!|||리아님 감사합니다.|||다음 총선거에서 완승하여 검사정치금지헌법 개정을 반드시 해야 합니다!|||검찰은 끊임없이 정치할 수 없도록 법을 만들어야 한다.|||추운 곳에서 대표를 응원해 주신 동료 여러분, 감사합니다. 먹고 사는 것이 힘들기 때문에 함께하지는 않지만, 내 마음은 동료 여러분과 함께하고 있습니다! 대표자가 힘든 조사를 받고 나올 때, 외롭지 않고 밖에서 응원해 주셔서 기다려 준 동지 여러분 사랑합니다|||곽산드 50억 사건을 담당한 검사, 판사들의 이름이 길의 역사에 남아 있기를 바랍니다.|||이재명 민주당 대표 반드시 이재명 대통령을 하자!!!!|||부패한 판사는 산악에서 껍질을 벗기고 판사석 양탄자로 하여 후임 판사들에게 부정부패에 대한 경계심을 불러 일으켜야 하는 페르시아왕 캄비세스가 한 것처럼!|||곽산도 아들은 50억을 받는데 무죄다! 정말 어리석은 더 이상 말이 없습니다!|||한 공무원이 그 책을 다하고 나머지 인생에서도 국가를 위해 올바른 이야기를 담은 것 같아요.|||다스보이다 파이팅!|||정세현 장관, 5권을 샀다. 감사합니다. 주위에 선물하고 싶은 책을 써 주셔서 감사합니다. 장관, 오랫동안 괜찮습니다. 어른에게 위로할 수 있는 1명 올립니다. 감사합니다.|||조국 교수의 가족 전원을 사랑|||경제가 망가져 서민의 생활이 무너지는데 너무 늦지 않도록 이 폭정이 끝나면 좋네요. 하나님이 있으면 천벌을 받는 것을…|||겸손과 대회 시청은 민주 시민의 의무! 구독과 장점은 당연한 의리!",1,1
s-6__aT9V5k,장경테트라우마,사실은 없습니다.|||완전히 미친|||만진 놈이 외상이 되면… 피해자는?|||즉시 거절|||최근 범죄자는 외상이 남아 있습니다.|||그 녀석들은 혼자 부끄러울까?|||피해자의 외상은? 먼저 인간이 되십시오.|||감옥에 외상 전문 치료사 도입|||케이크는 무슨 미친|||가해자 외상까지 걱정하십시오.|||그 사람 몰라? ? 힘에 취해 아직 말할 수 없어??|||장경태가 실태를 받고 있다면|||그만큼 가해자에 대한 무감각한 도덕성. 인간이 부족하기 때문에 자기 피해 의식만 남아 있네요.|||하지만 왜 내가 희생자라고 생각합니까? 그놈의 힘은 무엇입니까?|||진짜 웃음입니다.|||그렇게 부끄럽기 때문에 최선을 다할 것입니다.|||민주당은 시간을 끄는 여론|||장경태의 마음을 빼앗아 퇴출시키십시오.|||범죄자가 큰소리로 외치는 세상은 범죄자입니다.|||사이코 패스 같은 녀석! 나는 남자다!|||국민이 트라우마다|||가해자가 외상?|||가해자가 외상에 남는 대한민국 ㄷㄷㄷㄷ|||이것은 피해 소송입니다.|||정말 당당하다면 그렇게 부끄러워서 자숙할 것이다.,0,1
MzNa8K_D0YQ,추미에 내란법원 위헌은 아니지만 민주당은 너무 쫓아 채널 A뉴스 TOP 10,"이 사람은 재판관이었던 것이 흥미 롭습니다.|||완전히 미쳤다.|||위원장 자격 미달|||주씨를 보는 것만으로도 폐입니다.|||ㅇ 의장 자체가 중립이 아니라 불법인 편파적인 의장 거절|||아들 병역 논쟁 재판부 만든다면 무엇 그것도 위헌이 아닌가?|||이것 정도라면 병인지 확인해 보면 안됩니다.|||김현지는 누구인가?|||ㅋㅋㅋㅋ|||끔찍하다ㅡㅡ|||상식이 무너진 것이 나라를 망치게 한다. 미친 나라|||정치인은 정치뿐입니다.|||보상의 여왕!|||그렇게 많은 법학학자, 사법부에서 위헌이라고 말해 일어났지만, 그 말은 걍 우리가 법이다.|||국회의장의 자격 상실|||그 얼굴을 보면. 당신이 보고 있다고 생각합니다.|||위헌은 맞습니다.|||틀린 신념이 이렇게 무서워요. 내가 지금 무엇을 하고 있는지 모르는 치매|||추미에 그 사람은 위헌이 무엇이라고는 알고 있는가?|||우원식 뭐. 인사하지 않으면 인격에 관한 문제 어떻게 소란이 더 격락한다. 인사를 받아 존경받는 행위를 하십시오. 먼저 말하지 않아도 두 번씩 인사를 받는 날이 있을 것이다.|||이 위원의 인사는 인사가 원하는 판결이 나오야 정상적인 판결이라고 합니다. 조선시대의 예의를 구하지 말라.|||한번 해보면 , , , 어떤 결과가 나오는지 밝혀 봅시다 , , , , 그리고 나서 또 어떤 나비 효과가 나오는지|||왜 그렇게 판사를 하고, , , 법사 위원장을 하는 것인가 , , , ? 정말 이것이 정상적인 나라인가,,,,,?|||필리버스터를 저지하지 않는다는 것은 법에 없는 것일까?|||내란재판부가 왜 위헌이 아닌가?",0,1
yScgk8EKN8I,요청 빗타자 결국…… 강유정 홍보 담당 이재명 대통령 손목시계 공개,어떻게 얻을 수 있습니까?|||이재명 시계를 원해|||구입할 수 있도록 해주세요.|||도대체 어디에서 구입할 수 있습니까?|||소장하고 싶습니다.|||아 원해|||내가 원하는 압정 시계는 당신의 시계를 환영합니다.|||원해. 항상 응원합니다. 함께 주셔서 감사합니다. 축복드립니다.|||어디서 구할 수 있나요????????|||시계를 사고 싶습니다. 어떻게해야합니까?|||원하는,0,0
2sajma1DBpA,"이 대통령의 면전에서 부끄러워… 정천레, 사법개혁 시위 조희대 직격","17년간 변하지 않는 사실 TV를 위해 후원 회원이 되십시오. 정기 스폰서 가입 ARS 1877 0411, 인터넷 애플리케이션 https goo.gl 1OjzfE|||내란 재판 전담부의 지연으로 사과하십시오.|||하루가 많이 추운 내 기운을 보내드립니다.|||민주당은 이재명 대통령과 반대하는 행동을 해서는 안 된다!|||빨리 빨리|||입에서만 정의를 외치는 진짜 나쁜 녀석. 정말 실망이다. 정천레!|||정천레는 말뿐 아니라 실천하여 국민이 믿을 수 있도록 하라.|||문진석은 도대체 무엇을 하는지,|||정천레파이팅.|||정천레 대표를 응원합니다. 잼통령처럼 국민만 보세요.|||정천레 대표는 파이팅입니다.|||정정레 당신도 당원을 무시하고 있습니다. 타인을 비판하기 전에 빛의 혁명으로 이루어진 민주주의를 휘두르지 말고 말로 정치하지 마세요.|||1인 1표제 찬성이지만. 70만 유령당원. 밝혀주세요.|||민주당이 대통령 지지율을 잊고 있다.",1,1
FoAIqud9JNU,장동혁 충청대망론이 시작된 정치특강,"타카 박사 씨 항상 고마워요. 타카 박사가 계세해 보상에 희망이 보입니다.|||우리는 장동혁입니다.|||장동혁 대표! 훌륭한 대통령이 되십시오. 응원합니다!|||사과는 결코 없다 우리는 장동혁의 대표를 믿는다.|||고성국 박사가 리드를 잘 해 주시고 있습니다.|||장동혁 응원합니다.|||당원의 목소리가 국민의 소리로 정의의 소리다. 영적인 배신자는 반드시 청결하게 정리해야 한다.|||장동혁 대표가 잘 하고 있습니다. 확실히 나와야 합니다.|||응원합니다|||우리는 장동혁입니다. 장동혁입니다.|||장동혁 대표는 인격성이 높은 리더 심을 모두 갖춘 편이다.|||모두 국력당원에 가입합시다 장동혁 김민수|||충청도가 중심을 잡지 않으면 나라가 제대로 돌아갈 것이다!|||장 대표는 언제까지 한한훈을 보고 있을까요? 길어질수록 대표자 불리하고, 국력과 찜 보상이 힘을 빼고 힘들어집니다.|||나라가 무너질지 세워질지 기로에 놓여 있다. 당원 가입해 장동역 대표에게 힘을 준다.|||장동혁 김민수 응원|||충청도 장동혁 대표와 모인다!|||국민의 힘 장동혁처럼 가면 탈당하라. 107명 모두 있어도 전투력이 없으면 필요하다.|||장동혁 김민수|||우리는 장동혁|||장동혁이 이긴다. 국민이 속는다|||사과는 어떤 개업의와 장동혁 파이팅 당심ㅡㅡ100해야|||장동혁 대통령 김민수 국무총리|||응원합니다|||우리 대통령 장동역은 언제나 잘",1,0
YMD7f7lQjEg,오늘 이 소식은 메이크업하고 보디가드와 왔다… 연출에 있었다는 계엄군,"폐기 처분뿐입니다!|||미쳐서 돌아갑니다.|||연출? 그리고 악성이라 그 인간|||이런 인간을 보았나! 아직 신경 쓰지 않는 것|||아.. 눈물을 흘리고 있던 인간이 말하는 것이 아닌데.. 진짜 병사 자체를 모욕시키네.|||가짜증죄 김현태 너의 눈물 쇼 때부터 알아|||그런 무능한 녀석 같으니 지금까지 특공대장을 하고 있었다는 게 아파일 뿐이다.|||그 녀석은 구속하지 않았다?|||총을 들고 간 계엄군이 위협되었다고는 말할 수 없는 프레임의 장난기가 날아가는 기절한 상황. 재판이 아니라 개판이다. 그리고 그렇게 싼 자가 병사다니. 그것도 특임대?|||김연태|||하루는 진짜 큰 히트입니다. 작은 짱, 치치쿠의 극치이거나끼리 놀면 하나처럼…|||김현태를 비롯해 국회에 들어간 놈들은 모두 엄벌에 처해야 한다.|||대한민국 병사들은 모두 욕망을 넘어서는 것 같다....ㅠㅠ|||김현태는 내란범으로 처벌하지만 국민을 속인 함정도 더해 가중처벌하라! 당연히 이등병으로 강격 불명예 퇴출시켜 사법으로 구속 수사하는 것이 맞다!|||정말 나쁜 인간이야...그것도 변명이야...ㅉㅉㅉ|||그 인간의 정신인가?|||그 상황에서 연기를 한 것이다. 이것이 정상적인 인간이 생각할 수 있는 상식인가? 그들은 정말 악마입니다.|||국민도 연출인가… 미친지!|||그렇게 하자. 그렇다면 거기에 가지 않았다면? 연출에는 맞지 않아? 왜 국회에 들어가는가? 그것은 불법입니다.|||김현태는 가중벌이다.|||국회의원에게 국회는 생명과 같은 장소인데, 거기에 사로잡히면 죽을 각오해야 하며 총이 진짜 생명이 아니다. 타인의 생명을 굳히는 살인무기|||그런 녀석이 특수부대 지휘관이었다니 아래의 부하들은 얼마나 자존심이 상처질까?|||현태야,|||그것이 특전사인가… … 부끄럽다.|||1년 지나서 겨우 생각한 것이 연출? 당신이 울고 기자회견을 한 것은 해입니다!!!!!!!! 아직 반성할 수 없는 내란군들",1,1
DHvZsQP5KZs,전 국민이 하고 있는 급여 명세서 보았다 분노 폭발 SBS 모아 보는 뉴스,"국민연금, 건강보험이 정말 떠나는 것을 볼 때마다 가슴이 아프다|||세금이 외국인에게 보험료를 지불하는 이유는 무엇입니까? 자국민혈이 마른 미친 나라|||외국인과 중국인의 건강보험료 제한|||국회의원 감소|||국회의원은 최저임금만 받아야 합니다.|||일을 해라. 나라의 원들 도대체 언제 세율을 사용하고 있는가..|||25만원을 준다면 팔면 250씩 당기겠다|||뺏을 때는 개처럼 뺏어가는데 운영은ㅈ같이ㅋㅋ|||아, 뭔가 급여가 줄어들었다고 생각한 건 기분 때문이 아니었다.|||이제 누가 진짜 내란인가?|||4대 보험료율을 낮춰야 한다. 공단합치해 인원 줄이고 사무 운영비 줄여라. 그것은 우리가 강제로 빼앗긴 피 같은 돈입니다!|||건강 보험 넘치고,|||호텔식 경제학의 예견된 결말.|||건강보험 6000억원 횡령은 어떻게 된 것인가!|||휴식을 취하고 수영장에서 일하더라도 월급 400은 어렵습니다.|||세금, 연금, 건비가 너무 오르고 있다. 정부가 너무 사라진다. 임금은 1 오르는데 너무 심한 것 같다. 세율을 낮추면 점점 더 힘들어|||맹목적인 돈이 줄지어|||건강 보험을 줄이십시오. 병원을 많이 다니는 사람들로부터 더 멀리하십시오.|||고3에 돈을 퍼지는 것은 내년에 지방선거 공략인가?|||왜 급여가 적게 들어왔습니까?|||세금은 모두 떼어도 증여세, 상속세로 다시 반분리해 나가는 세금공화국|||나라에 도둑이 너무 많음|||이 나라는 전국민과 기업이 힘을 다해 정치인 300명을 먹고 살리는 행운의 국가다|||25만원을 주는 것이 리자이밍 본인의 재산으로 나뉘어져 있다고 생각합니다.|||오휴의 일은 무엇입니까?",2,1
znUYsTkHcqI,부모님을 위해 수십억 아파트의 새싹을 모두 조사하는 shorts KBS,"정치인으로부터 철저히 전수 조사합시다.|||강남 3구에서 증여한 정치인들로부터 전수 정밀조사 공개하면 내년 선거판이 흔들릴 것 같다.|||60억 아파트 부러운 능력을 가진 부모|||전부 조사해 정부 고위직, 국회의원들의 명부도 밝혀라.|||돈이 많은 부모가 세금을 지불하면 좋다.|||역시 옷 중에는 복의 친복|||국견들과 고의 공무가 강남지역 애포트 2채 이상씩 소유하고 있다는데 주택가격안정정책 만들 수 있을까.|||능력있는 부모는 아무도 없습니다.|||조사하면, 상급직의 정치가들은 모두 잡혀 갑니다.|||세금에 도난당하는 국가.|||부모가 고생하고 세금을 지불해 얻은 재산. 조금 주면 어떨까. 한국의 증여세. 상속세. 법을 개정하십시오!|||부모님은 그냥 부럽습니다.|||아니요, 세금을 지불합니다.|||부러워하는 60억명이 있습니다.|||상속세를 제거합니다.|||내용을 보고 나만 내 행동을 이해할 수 없었는지…|||세금을 줄이십시오.|||과징금 어쨌든 부자의 부모가 내게 해주기 때문에 무엇 ..|||통일되면 김정은도 조사한다.|||수십억! 정말 수십만원으로 피가 싸지만 정말 부러워요.|||마니 마니를 조사하십시오.|||흠..?옛날부터 돈이 많은 집 아이들은 급여를 모아 부모의 돈으로 생활비를 보냈습니다.|||국회의 압수 수색해. 모조|||상속세의 증여세 제거|||부러워하지만 부모가 재산을 양도하는 데 세금이 아닌 것 같습니다.",2,1
liEag2kZIAQ,"교실에서 뚫려도 시시, 5개월 후에 결국 털어놓은 쇼트 KBS","교육청은 가해자들을 잡고 다리를 멈추지 않으면 피해자를 잡고 다리를 밟고 있다… 범죄범을 당한 아이들 애초에 선호되고 혼란스럽거나 때리거나 처벌할 수 있다면 2차 3차범행은 일어날지도 모른다. 아무쪼록 잘 부탁드립니다.|||그것은 진짜 개 대답입니다...|||간도 크다.|||유출이 끝났는데 뭔가 비밀번호를 걸어ㅋㅋ|||은폐 상황이 있으면 3배는 무게 처벌해야 한다|||바늘 도둑이 작은 도둑이 된다.|||채굴이 없기 때문에 선을 넘는 것입니다.|||촉법 폐지를 촉구|||물론 선생님, 직원도 잘못되었지만 학생들이 가장 잘못한 것이다.",3,1
71Bx85RPkpU,30년 전의 실수를 알 권리? 디스패치 고발.. shorts KBS,"연예인은 준공인이다.|||촉법소년법은 모두 폐지돼... 무엇이 얼어죽어 죽음을 범죄자에게 인권을 운운하는 놈들 모두를 구속시켜야 한다.|||피해자의 생각은 일을 하지 않는 변호사 매체에서 항상 봐야 할 통증은 어떻습니까?|||법적으로 공개한 것이 불법이면 처벌받을 수 있습니다.|||왜 하필이라면 지금?|||평생 상처받고 살아가는 피해자 또 그 부모님들도 조금만 생각해 주세요 실드된 분들…|||피해자와 가족은 무엇입니까? 평생 외상으로 고생하고 살아도 살아 있지 않습니다.|||미숙한 시기에 있어 인생 망가진 사람은?|||성폭행범… … 밀양성 폭행범… … 정말 더러운 사건이다…|||연예인이나 대중적인 직업을 가진 사람들은 청소년들의 본견이 되기 때문에, 정도의 엄격한 범죄를 저지른 사람은 적합하지 않다고 생각합니다.|||과거의 학폭도 모두 입을 감고 살아야 한다.|||피해자는 조진은을 볼 때마다 얼마나 힘들었는지|||피해자가 제공했는데 자신이 무엇이라고 고발? 의심스러운 사람..|||개인이 아닌 현재 공공 입장에있는 것이 문제의 핵심|||피해자는 평생 요크를 안고 살아간다. 조씨를 보고 지금까지 얼마나 힘들었는지!|||정치성향에 의해 죄가 정해지는 나라.. 썩은 정치의 하나 때문에 나라가 개판|||그런 일을 하면 빨리 있는지 정의적인 척 하고 왜!|||왜 숨기고 살았어?|||강력한 범죄자의 공인 활동에 대한 제재는 국민이 아는 권리이다.|||우선, 가해자를 그렇게 생각할 만큼 피해자를 조금 생각해 보세요. 피해자는 사회복귀하면 다행이지만 가해자가 새긴 상처 때문에 인생을 제대로 살 수 없다. 둘째, 마찬가지로 불쾌한 환경, 어려운 환경에서도 모두 범죄자가 되는 것은 아니다. 그러면 대한민국은 평범한 국민보다 범죄자가 더 많은 나라가 되어 있어야 한다. 변명하지 마십시오. 셋째, 평소에는 정의적인 척하고 다니지 않았다면 지금보다 풍파가 적었을 것이다. 일어나는 척! 정의의 척! 하고 있던 인간이 알고 있으면, 세계는 더러운 인간이었습니까?|||정말 이상한 것은 왜 이 시기인가…|||나는 중년이다.|||옹호가 아닌데 30년 전에 이미 처벌을 받고 있다면 어느 정도 죄치를 지불했는데 30년 동안 노력한 것을 싸게 내린다는 게 조금 마녀 사냥에 가까운 것 같다. 그 후 좌표를 찍어 사형이라고 한다. 적당히하자.|||이것을 비난하면 뭐라고 하면 밀양성 폭행 가해자들은 왜 계속 어리석고, 직장도 끊어야 하는 것인가?|||다른 범죄도 아니라 미성년자가 성폭행? 게다가 조진은 음주도 없나..?",3,2
XEFJgrjG3jE,신상진 성남시장,"신상진 시장|||저금만 환수하는 것이 아니라, 그 사이의 이자벌금까지 생각해 환수해야 합니다!!!!|||성남 시장을 최선을 다하십시오. 응원합니다.|||모든 책임자는 고발하고 책임을 굳게 하고 구속해야 합니다.|||성남 시민에게 돌려주는 것은 맞습니다.|||역시 신상진 시장입니다.|||꼭 환영하고 성남 시민을 돌려주세요.|||MBC와 JTBC에서는 절대 볼 수 없는 유익한 내용|||신상진의 이름을 잊지 마세요|||판사가 썩은 나라는 나라의 미래가 없습니다. 김명수, 권수일 등 판사를 빨리 수사|||성남시민과 함께 힘을 주어|||신상진 성남시장 애국자입니다! 배가 없으면 눈을 감아 버리지만 영원히 당신의 이름을 잊지 않고 널리 오랫동안 알려드립니다!|||당연히 해야 할 일이다. 절대로 굴복하고 타협하지 마십시오.|||시장은 좋았습니다.|||꼭. 성남 시민, 특히 대장동 원주민에게 돌려주세요.|||신상진 시장은 정직한 분으로 성남에서 평판이 좋습니다.|||성남시민의 재산이 대장동 일당 포켓에 들어가는 것을 아무래도 막아야 합니다. 꼭 성공하십시오.|||신상진시장은 훌륭합니다!!!!!!!|||성남 시민의 몫이므로, 모두 받아들여지는 국민이 모두 응원합니다. 바로 정치인들이 권력과 사익에 맹목적으로 사기꾼들에게 돈을 건네주는 형태를 더 이상 볼 수 없네요.|||부정자금을 환불하는 반대자는 범죄자라고 생각|||반드시 환수하여 범죄수익은 불가를 각인시켜야 합니다.|||인사 부정 등 직권 남용 국정 농단 국헌문란, 중국 스파이로 보이는 왕후명과 범죄 공동체, 저수지 경제 공동체 그 휴지를 특검하라!|||신상진 성남시장 파이팅 성남시를 위해 최선을 다하는 모습에 박수를 보냅니다. 싸움.|||성남 시민 던첸 행동하십시오.|||개 멋진 진짜!",0,1
S5rltrQbObc,"김용현 재판증인, 지기영을 향해 꼭 공정하고 올바른 판단을 현장 영상 채널 A","재판관 우리가 지금까지 얼마나 공평하지 않았다면, 군인은 그 말이어야 하는가? 나라는 개입니다.|||가슴이 아픈 나라를 지킨 병사들을 법정에 불러 수사를 한다는 게 마음이 힘들어요.|||가혹한 겨울과 싸우고 있다는 말이 정말 가슴이 아파요 감사합니다 국민과 나라를 위해 노력해 주세요.|||죄없는 군인 모두가 애국자이며 훌륭합니다.|||군인들을 괴롭히고 가짜 진술을 하고 협박하는 행위를 그만|||부디, 나라를 위해 공정한 판결을 해 주세요.|||후손에게 독재 국가를 양보하지 마십시오.|||부디, 정당한 공정한 판결을 우리의 국민도 희망해, 양손을 모아 기대하고 있습니다,,|||대한민국행정사법입법언론 국방기업 등을 해체하려는 눈에 보이도록 강렬한 반국가 세력이 바로 스파이이며 이들이 반드시 처벌되어야 한다|||정당한 계엄을 내란하지 않는 내란탄핵으로 정권을 잡은 사람들이 내란범.|||내란에 몰려들어 병사들을 두려워하고 거기에 건너온 일부 병사를 제외하고 우리의 일반 병사는 진정한 병사다.|||지옥 연 판사의 나라를 만들어 봅시다.|||계엄이 아니면 대한민국은 점점 더...|||너무 마음이 아파요 ㅜㅜ 제발 공정한 판단을 해주세요.|||지기현 판사는 안에 있는 사람에게도 자상합니다. 정말로 정의의 판결로 성이 정상 국가에 나오도록 하십시오.|||지금 특검의 위증 교사 증언 조작을 하고 있으므로, 그런 걱정을 하는 것입니다.|||진짜 참군인입니다. 존경해 주셔서 감사합니다.|||대통령만의 판단권 있는 한 계엄이 내란이라는 놈들이 내란행위를 하는 것이다. 내란죄는 대통령에게만 적용할 수 있는 범죄|||정치적 중립이라는 말이 자유민주주의를 지킨다는 말이다.|||진정한 군인이다.|||군인은 자고로 국군 통수권자에게 복종하고 국가에 충성을 다하는 것이다.|||진정 안병사|||참군인이라면 국가가 위기 때 제일 먼저 싸워야 할 임무가 있는 것이다. 국가의 정의를 나라가 제대로 가도록 보조하는 것도 군인의 임무일 것이다.|||내 최고의 군인의 말에 눈물이 있습니다.|||공정하고 올바른 판단 당연한데 정치 판사들이 많기 때문에 꾸짖거나 구워 싶었는지 눈물이 나온다 ㅠㅠㅠㅠ",0,1
9UwNnwqZmEo,김게리 정당한 수사에 의한 정당한 기소나 의문 티조 Clip shorts,"사기탄핵을 끝까지 밝히고 관련 범병기 징역을 때려야 한다|||국가와 법률. 마음대로! 이런 일. 지키고 살아야 한다!|||열심히 김게리 변호사|||김게리 변호사 파이팅! 엄마의 힘을 보여주세요.|||나라가 완전 개판이구나… 야, 밤을 떠나 국민 모두가 정당한 수사, 정당한 판결이 되어야 합니다. 이건 완전 5공화국입니다 ㅠㅠㅠ|||특검 특검 시로|||김 변호사는 항상 응원하고|||김게리 변호사를 응원합니다|||김게리 변호사는 항상 응원하고 있습니다.|||화이트닝|||매우 심각합니다.|||특검이 특검을 받아야 한다!|||김게리 변호사라고 생각합니다. 싸움|||오는 준비를 하십시오 처벌되는 준비를 하십시오|||정말 말을 바꾸는 것이 최악입니다.|||고생하고 있습니다. 당신의 노력은 우리 나라를 살릴 것입니다.|||나는 계몽되었다.|||김재리는 응원|||민중기 특검. 대답을 정하고 억울한 공무원 죽음|||지금 내 앞에 있으면 모두 수원이 되어 버리는데.|||천벌을 받는 자|||정당한 수색? 판결? 아직 기대하고 있습니까? 이제 권력의 주인인 국민이 자녀와 사기꾼으로부터 모든 것을 정상으로 되돌려야 합니다.|||특검 수사원 김·게리 변호사님 수고하셨습니다 파이팅입니다|||,,조작 조미 의례 사건 농단,,반드시 심판하라,,|||이미틴 특검을 .cia에 전달. 하자! 국민 여러분! 이런 특검을.",0,1
7KwZ3viyqfc,장영수 교수 내 난재판 무죄 나오면 후라시 큰 것,"김현지, 이재명,|||그렇지 않다고 말해야 한다… … 그래, 정의지.|||계엄은 옳았던 경제 고질라 보고 CCP OUT!|||역풍이 커도 진실을 말해야 한다… 그것이 정의의 판사다!|||곽정근, 황씨 증언만 듣고 헌법재판소 결정이었다는 문형배도 잘못됐다고 했지만,|||판결무효법을 만들겠습니다ㅎㅎ|||2시간 계엄 후 국회 요청에 즉시 해제|||역풍이 걱정할 수 없기 때문에 지금 민주당은 브레이크가 없습니다. 내란이 아니라고 말한 판사청문회에서 체결되어 내란이라고 할 때까지 재판이든 특별재판이든 인민재판이라면 그만하자. 그럼 역풍은 선거인데...|||내란이 아니라고 하고 있던 재판부를 잘못된 판단으로 못 박아, 전담 재판부를 설치하기 위한 합리화에 선동합니다.|||맞습니다.|||상식적인 국민은 내려가지 않는다는 것을 더 잘 알고 있습니다.|||내란은 민당이 아닌가?|||계엄의 절차가 위헌적이지 않았기 때문에 탄핵무효…|||결론을 정하고 재판하는 것은 아닙니다.|||나는 그렇지 않다.|||내란이 아니기 때문에 민즈당에서 내란 몰이 하는 것입니다!|||원래 이재명과 탄핵중독당은 거기 입법독재로 국정방해를 한 내란죄를 뒤집기 위해 내란 내란하면서 선동을 계속하고 있다. 그러므로 입법독재에 대한 탄핵중독당 나라의 전부를 모두 처벌하고 심판해야 할 것이다. 왜냐하면 대한민국을 소용돌이친 책임이 너무 커서다.|||역풍이 나와도, 다르지 않다고 판결을 하지 않으면 정상이 아닌가? 역풍이 있다고 해서 잘못된 판결을 하는 것이 맞습니까?|||재판관과 검찰이 거부해 주었으면 합니다만, 그들도 이미 기울고 있는 운동장이 되고 나서입니다.|||괜찮습니다. 역풍은 없습니다. 광우병의 선동에도 속는 국민의 수준이므로|||용수. 내란이 아니라 계란이 온 계란입니다.|||내 달걀이라는 사람은 내 달걀입니다.|||내란이라는 판단이 나오면 역풍이 세어질 것이다|||이재명은 한국 국민에게 준 사회적 손해를 배상해야 한다.",0,1
mOJ9tReqHyA,박나레 주사이모 논쟁이 일어났을 때 암튜브,"이들 그룹은 모두 조사해야 합니다.|||MBC동영상을 끄는 건 수상하다....|||MBC는 즉시 비디오를 복구합니다! 수사 MBC도 들어가는 방송국 관련자도 주사했나? 수사단체하지 않으면…!!!!!!|||저는 재산입니다 피디도 공범으로 폐지|||피디도 확인해야 합니다.|||캡핑이 있습니까?|||김현지 구속을 처벌하다|||머리카락을 검사해야하지만 경찰은 왜 그렇지 않습니다.|||MBC는 왜? 영상 그대로 둔다. 중단해야 왜 범죄를 숨겨줄까? 증거를 멸망?|||상쾌한 패턴을 넣어주세요. 나혼 씨 모두에게 가는 건가요?|||박나레는 정말 나오지 마세요 mbc를 보지 마세요|||나는 여성 단체가 아무것도 반응하지 않는 것이 매우 이상합니다.|||주사이모 휴대폰을 압수하지 않겠습니까? 증거를 모두 없애는 시간을 줄까?|||강도 상해범이 국회부 의장인 것도 조금 화내자.|||피디도 조사해야 합니다|||국민의 알 권리 운운하고 염병의 언론이 국민이 아는 권리를 삭제할까? MBC 문화방송|||이번에 발생한 불법 의료 시술에 관련된 사기 주사자 이은X, 박나레, mbc 등은 공범이다.|||나홍산의 관계자 전원이 수사해야 한다|||혼자 피디를 봐.|||약의 욕망이므로 경찰은 조사하지 않습니다.|||청소년 때만 갱생했지만 어른이 되어 감독이나 동료들에게 폭행한 것은 어떨까|||MBC가 없어져야|||주 사이모는 구속하지 않습니까?|||매우 보는 것 같습니다.|||mbc도 한파네",0,1
-H4lmY-Q-4M,김건희는 무엇을 넣기 위해 예규를 바꾼 것일까? 첫 공개 코너마다 다시 보기,"국립자들이 있는 미술관, 박물관 등, 품목 전수 조사원|||문화재 도둑이었다. 문화재를 내놓은 공무원도 처벌해야 한다.|||진짜… 음란하다|||윤석열의 김건희의 범죄는 역대급으로 정말 범위도 무시하고 끝도 없다. 반드시 모든 것을 밝혀 벌을 받도록 해야 한다. 잠들지 않고 범죄를 저지른 것 같다.|||프리바게닝, 상금을 들여 밀수내역을 밝혀야 한다|||미친 정부였습니다.|||마음이 가득한 나라가 망쳤습니다.|||조희대, 지경영을 탁핵하고 특검 수사를 받으라.|||외교 행낭에 다양한 돈, 보석, 약|||나는 이것이 젤 신경이 쓰여 그 지위를 받은 놈들로부터 찾아내려고, 그 기록은 있는 것이 아니었던 것을 만들고 지위를 주었기 때문에, 그 사람들은 알 수 있다.|||이뿐만 아니라 정권을 잡자마자 외국에 돈을 내는 것도 규제 완화했다. 이것은 거의 침략이었다고. 얼마나 치는지 알아볼 수 있습니까?|||나는 그 럭셔리 제품보다 약물 관련 가능성이 매우 의심 스럽습니다.|||약? 고급? 반드시 밝혀야 할|||압도적 외교매불 쇼체욱 최고!|||국보를 빼앗긴 것이 아닌가? 정말 미친 정부 역대급!|||정말로 하지 않는 먹은 것은 무엇입니까? 진짜 약물 명품 돈이 아무것도 만지지 않으면 죽을 때까지|||저 예규가 아직 있을지 몰랐어요...|||한국의 보물과 국보도 어디로 뽑아 왔는지 보십시오.|||외교부 장관을 조심하고 무조건 철저히 빨리 조사를 해야 한다.|||그래서 매일 외국에 갔다.|||정치는 우리가 관심이 없는 순간 가장 저급인 인간에게 장악된다. 플라톤|||뇌물 수수는 문제가 아니며 현금을 제거했을 것입니다.|||문화재 100점을 해외에서 팔아 먹었어?|||내란보다 중요한 마약 밀수 사건은 왜 조용한가? 증거를 멸망시키도록 방치할 것인가? 모든 언론에서 입을 닫고 정치권도 조용하다. 나라를 포기했다.|||어떻게 문화재 미술품을 취할 수 있습니까? 상식적으로 이해가 안가왕의 자리도 안다니다 나라고 생각했나!",1,1
CiRstnkZT2k,국력이 장외 집회를 취소한 진짜 이유,"한심한|||죄송합니다. 인생에 중요한 가치가 아무리 없으면, 다소 윤석열이란… 아이고야.|||국심당은 정권만 잡으려고 했는데 언제 민생회복에 신경을 쓴 것일까?|||같은 것이 모였다.|||범죄로 인해 전쟁을 겪었고,|||신천지통일교에서 동원한 것처럼.|||그게 다야 ㅠ 곧 철거됩니다.|||어리석은 국민이 탐욕스러운 정치인들을 자신들의 대표로 골라 놓고 인형놀이를 시켜주는데, 대단한 콜라보다 진짜|||전쟁이 일어나서 전부 죽었다고 생각합니다.|||돈이 들어가는 곳은 분명합니다.|||국력은 윤게인당이 되어버린다..|||우리 나라는 어떻게 되었습니까?|||그래서 야생 멧돼지를 외치는 것은 생각할 수 없을지도 모릅니다. 잘못된 신념이 그렇게 위험하다.|||지금도 윤석열을 외쳤던 인간이 있는 것|||아직 깨닫지 못하는 인간이 그렇게 많다ㅉㅉ|||공당이 맞다, ㅎㅎ|||어디서나 잔화는 남는 방법!|||반국세력 내란 선동죄로 체포 가능|||해산해주세요...|||좀비 무리! 폭탄 투하!|||누군가의 파도와 땀으로 만든 이 땅에, 그들도 함께 맛보는 것이 화난다|||에휴한심단 극우와 국짐단! 더 한심한 것은 국회의원이라는 작가가 하고 있다는 것입니다.|||수프는 아직 반성하지 않았다.|||제발, 걱정하지 마십시오.|||아, 윤솔열을 외치는 사람은 무엇인가?",1,1
NUQpj57qQas,"우원식, 인사 나경원의 면전에서 무거운 한방국민이 ​​인격 보고 있는 것","이야기도 공범이기 때문에 감당할 수밖에 없다는 것을 이해한다.|||항상 국민을 판매합니다.|||하는 행동은 국민을 비웃는 것이다.|||나경원은 아직 빵이 아닌가? 왜 여러 번 보이는가?|||우원식 국회의장 응원|||국회를 무시하는 것은 국민을 무시하는 것이다. 5선이 모범을 보여야 한다. 투투|||존경하는 국민이라면 인사해야 할 첫말부터 NG|||존경하는 국민 여러분? 악마가 나온다.|||사범죄자|||역시...|||나경원|||개성이. 정말 아니네요. 국회의원. 자격 박탈.|||상호 존중의 배려심 평생 배우자를 아는 것처럼 보이는 비디오 감사합니다.|||기본적인 예의를 지켜라. 이른바 나라를 이끄는 어른이 스스로 보수라고 자칭하는 정치인이 흥분하는 것도 아니고, 인사하지 않으면 cool해서 보이는 것이 아닙니다.|||무엇을 존경하고 바늘 극우만을 존경할 것인가? 조금 관대한 마음으로 살아라 왜 고등학교 시절이나 지금도 바뀐 적은 없습니까? 점점 무서워지고 있습니다.|||나경원이 없는 정치를 보고 싶다.|||원화식 국회의장 응원합니다|||나경원의 퇴출을 원하지 않는 국민의 힘|||서울시장에 나가고 싶어? 진짜 나경원인 것 같습니다.|||국익을 저해하는 수프를 철저히 해체하고 싶다.",1,1
lsn_jy1vXr0,박정호의 핫스팟 영상 이야기 이재명 대통령의 이른 시기가 일정할지도? 12월 10일 더보기,"국민이 누구나 가질 수 있도록 적정 가격으로 판매하십시오.|||응원하고 있는 이재명 정부 오마이뉴스|||우리도 이 잼 대통령의 시계를 입고 싶습니다.|||민주당은 정의당의 하루가 즐겁습니다.|||오마이티비앙카님 이규영 홍보시니어님을 만나주셔서 감사합니다|||오,|||오마이 TV 굿, 홍보 수석 지금, 몸이 끝났다고 생각합니다.|||판매하고 이익금은 좋은 곳에 쓰도록 하면 됩니다만.|||청와대 귀환 축하합니다.|||우는 지금 앉아서 열심히 도와주세요.|||이재명 대통령 기념시계 .. 싼 가격으로 팔목에 차갑다. 구입 방법이 없습니까?|||이재명 대통령의 오픈 정부.|||국지당은 언제 해산되나요?|||시계를 원합니다.|||꼭 부탁드립니다.|||오, 내 소식이 좋다, 응원해 주셔서 감사합니다.|||오 대통령 축하 추카영광 이지라오마이뉴스|||멋진 오마이 TV|||찬성|||시계를 원해|||민주당은 80년 썩은 법제도 개선 입법을 멈추지 않고 5년 동안 불도저처럼 밀려나가야 한다.|||이재명 대통령 시계..가격, 서민가격. 싸게 하고 싶은 사람의 소맷부리를 보고 싶습니다.|||시계를 원해|||우리 대통령실의 모든 관계자 여러분, 한 명의 일을 최선을 다하십시오.|||시계를 봐.",0,0
E03u8MckZlM,"유시민, 대통령실을 향해 모든 메시지를 도청 생각해야 쇼트 오마이 TV","위기 경고에 동감! 지방 선거 패배, 일순간이다! 내란당이 시끄럽게 볼수록 패배한다.|||유시민의 조언을 새길 필요가|||맞습니다.|||우리 언론은 언제나 민주정권을 깨는 기회만을 노리고 있었다. 과거에도 지금도.|||민주당은 조심하지 말고 항상 조심하자!|||와우, 유시민의 작가입니다.|||유시민 작가가 계신 큰 힘이 됩니다 오랫동안 큰 통찰력으로 이 시대를 이끌어 주세요 존경합니다|||모르겠어요. 영등포구 여의도는 100도 감청지역이다. 청와대도 당연하다.|||이재명 정부가 도청하라 X, 도청됐다고 생각하면 O, 2촬영 저지능은 과학이다|||문재인 정부 때 조종동이 많이 있기 때문에 자신은 어용평론가가 되면 자위하고 윤소크릴에게 휘둘릴 때도 괴로워하지 않기 때문에 문제를 만들어 버리는 이유는 무엇입니까? 당신이 아니어도 김남국 문진석의 문자 논쟁은 조준동을 비롯해 진보의 유튜브에까지 들르는데!!!! 이제 아무것도 할 수 없는 사퇴한 사람 비난 그만두고 탈당안해 민주당 전체에 피해주는 장경태나 탈당하라고 조언하라!!!! 장경태 문제! 서울시당 위원장의 자리를 고집하고 지방선거까지 견디면 서울시장선거 폭망이다!|||이 잼 정부는 잘 작동하더라도 아주 좋습니다.|||대통령실에 인텔넷 유튜브의 매스컴 3사도 처음으로 출입하고, 대통령 자신이 유튜브를 하는데 어떤 종래의 미디어에 싸여 있다는 근거가 없는 이야기를 하나? 친구의 위기니까 빠져나온 것 같지만.. 제대로 좋은 정부 도청 확인도 할 수 없었던 극단적인 상황 만들고까지 하지 말고!!!!문자 유출은 김남국이 아니라 국회에서 문진석이 했어! 당 대표의 책임이 더 큰 것은 아닐까? 이런 시민주당이 능숙한 것은 무엇인가? 내란 종식법도 통하지 않고, 제대로 발목을 잡고.|||좋아요. 최강욱 문재인과 유튜브뿐 아니라.|||이재명은 경기도지사까지 한계라는 형태로 떠들썩한 평론가 수준.|||유시민은 역시 정체가 나옵니다.|||유시 시민! 야생 멧돼지의 시대는 국가가 유감이라고 생각했습니다. 히라야마의 할아버지와 정말 친절이 깊은 것 같습니다만, 이미 커밍 아웃하고 있습니까?|||유시민 문재인 수박 대장조국의 이야기는 하지 않습니다.",1,1
7kw-W9iYZ1g,내란의 척도 강조 정천레 독일 나치처럼 청산을! 내란전속재판부에서 사법개혁!!!,"진정한 내란의 매장까지, 그 싸움까지 조사하고, 법정에 서서 영구적으로..|||내란에 참가한 자들은 반드시 엄벌해야 한다.|||내란 종료를 확실히 해야 합니다|||정천레 대표를 응원합니다|||말뿐 아니라 행동으로 해주세요!|||김병기에 휘두르지 않고 대표직을 걸어도 민주당 개혁합시다.|||잘 하고 있는 광주가 없었다면 민주주의가 없었다고 생각해|||정 대표. 수박과 일을 처리하는 데 어려움이 있습니다. 내란 청산될 때까지 빠른 실천 필요. 천재명 대통령의 현장 유무에 차이가 있다|||내란의 척도는 입뿐이지만 힘을 가지고 있지만 그 힘을 사용하지 않으면 곧바로 자기정치에 몰입해 내란재판부, 판사탄핵마저 후전에 밀고 있는 대표 정천레와 지도부는 모두 뭘 할지 걱정이다.|||그렇습니다 정천레 대표 파이팅!|||말뿐만 아니라 행동으로 조금 보여주세요. 말하면 오히려 입을 닫습니다.|||맞습니다! 정천레 강력한 지원합니다.|||최선을 다하십시오! 반드시 내란세력 뿌리를 내리고 단죄해야 합니다! 법원 개혁도 마찬가지입니다! 응원하고 응원합니다!|||대표자, 당내 수박은 완전히 청산되어야 합니다.|||내란재판부 내란령장판사를 설치하지 않고 2차 특검이 없으면 민주당 지방선거를 망치게 된다.|||정천레를 응원합니다|||특별한 희생에 특별한 대우를 말해 주셔서 감사합니다.|||정정레파이팅 내란법원 설치|||정정레 대표|||말할 필요도없이 실천하십시오!|||정정레 대표|||정천레 대표 민주당 수박으로 휘두르지 마세요.|||우리 정천레 대표는 말하는 것이 아주 좋습니다.|||입만 들이지 않고 시간을 빼지 않고 신속하게 제대로 사법개혁의 진행을 하고 있습니다…",1,1
3gao9Z-TPB4,"김오준의 겸손은 어려운 뉴스공장 2025년 12월 10일 수요일 겸손한 NSC, 홍사훈, 크레딧","영장판사나 상급재판관 전원 수사하고 처벌해야 하는 겸공 항상 응원합니다|||재판관이 법왜곡죄에 크게 반대한다는 이야기는 우리 사회가 그동안 얼마나 불법인 사법부였는지의 반증이라고 생각한다. 탐욕스러운 소리를 듣는 것이 아니라 무조건 민주주의의 수호를 위해서도 만들어야 한다.|||내란재판부의 설치 반드시 해야 한다. 종합 특검 GO|||김용대님과 공장장의 투샷을 더 이상 볼 수 없다는 것이 유감입니다.|||사법 개혁이 아니라 법원 개혁, 위헌 소지가 아니라 위헌 시비. 올바른 용어가 올바른 활동을 안내합니다.|||법원의 비결은 5년간 해외 도피 중이던 조현천 계엄포 고령 작성을 무죄로 풀었다. 이것은 깊이 관여하고 봄|||법 왜곡죄 반드시 만들어 보자|||조희대와 지경영을 파고 내란동 재판사를 철저히 조사해야 합니다!|||어떻게 이런 일이 있을까 생각합니다.|||지렁이도 소금을 뿌릴 때 가장 격렬하게 열중하는 데 검찰, 사법부가 지금 그런 것이다. 국민이 반드시 승리합니다!!|||마약 무마 사건도 추가 특검으로 꼭 임해 주었으면 한다 ...! 외압이 없었다는 걸까? ? ?|||내란 재판부 지원합니다. 또 다시 계엄이 채워지는 것입니다.|||추수 감사절 뉴욕 퍼레이드에서 헌트릭스 골든이 나오는 것을보고 진정한 감정|||법원 개혁. 대한민국은 전세계 선진국이 될 것입니다.|||뉴스 공장 허니 잼|||겸 공방 방송국을 세우고 TV에서도 보고 철도역이나 공공 기관 구내 식당 등 와이티엔 연합 뉴스 대신 하고 싶습니다|||김현중의 언어|||법왜곡죄는 반드시 필요하다. 사법성은 개혁되어야 한다. 민주사법부가 필요하다.|||처음에는 선언적 의미로 썼습니다만, 알면 알수록 진실이라고 생각합니다. 사법부가 내란 수괴다!|||영장재판관도|||내란재판부 필수입니다|||내 마이크를 끄기 때문에 마이크를 켜고 말합니다.|||크리스마스 아침, 슬픈 뉴스를 만졌습니다. k팝에 대한 유쾌한 설명이 정말 좋았지만 지금은 듣지 못하면 가슴이 아파요.|||김오준 공장장의 옷이 예뻐요 최고 감사합니다!|||김영대씨는 삼가해 주십시오.",1,1
Pu6tcDbej2c,홍사훈은 마음에 둬! 내란 심판 없이 지방 선거도 없다! ㅣ 김영민 X 안민석 ㅣ 2025년 12월 4일 목요일,"내란 청산 없이 지방 선거 승리도 없다고 생각합니다. 당연합니다. 김영민 의원님. 최선을 다하십시오. 완전히 의원님을 응원하고 지원합니다!|||청산을 잘 하지 않으면 지방선거도 승리할 수 있어요! 효능감 있는 정의의 질주가 국민의 지지를 받습니다! 청산을 늦추고 지방 선거의 승리를 꿈꾸는 것은 말하지 않는다.|||대통령의 고통은 국민의 고통|||김영민, 안민석 의원 100 맞은말|||김영민 의원님 지원합니다. 내란 청산을 못하면 민주당도 지옥에 가는데요…|||김영민은 아주 좋다. 신념과 용기가 없으면 할 수 없는 일을 하고 있는 것입니다.|||김영민 민주당 개혁 인물 응원|||김영민 최고|||민주당 의원들은 조심해야 합니다.|||김용민 의원처럼 솔직하고 정의와 국민만 바라보는 의원이 많아지길 바란다. 안민석 의원은 오랜만에 만났다.|||맞습니다! 지방선거에 모두 자기정치하면 서로 맞물리는 의원들.|||많은 의원이 있는 민주당은 내부 규범보다 강하게 하고,..쓰레기 정치가들은 곧바로 당겨야 한다!!!!|||내란의 완전한 척도가 최우선|||안민석 의원님 응원합니다 부디 경기도 협상감이 되기를 기원합니다|||김영민 의원 감사합니다|||김영민 의원님 부탁드립니다! 항상 응원합니다|||검찰 잔당, 사법 내란, 국방부 개혁, 내란의 척하지 않는 배부된 민주당에 다음은 없다!!!!!!!|||김영민 의원님 언제나 응원합니다 민주당은 국민의 민심을 들여다 보세요.|||김영민 안민석홍 사훈 정의의 행동 3인조! 완전 응원합니다 최근 광장에도 나와 주신 홍기자님, 짱!|||내란이 정해진다. 지선 승리는 가능합니다.|||안민석 의원의 말은 매우 중요하다 민주당의 실수를|||내란의 역모죄의 판결은 늦었다.|||김영민 의원님은 만날 때마다 마음이 아쉬워요.|||김영민 의원은 때때로 만났지만 홍사훈 쇼는 흥미롭다.|||올바른 말의 내란의 처벌과 벌",1,1
45Q7atcKLkY,정준이의 논판,"오늘도 논에서 전해 주신 격려로 지치지 않는 의지를 불태웁니다.|||국민투표로 현 법원 전체 불신임으로도 하고 싶습니다.|||진실을 알면 알수록 국민은 분노가 태어납니다.|||오늘의 논이 제일 최고로 가슴에 끊어집니다. 고마워요|||그러고 보니 이른바 재판관이라는 것이 가장 무서운 것이 무력군요. 실제로 법을 두려워하지 않고.|||언제나 느끼지만 논은 항상 날카로운 지성으로 화려하게 비평합니다.|||이 회개를 논리 정직한 말로 표현할 수 없는 고통에 대답하는 좋은 프로그램!|||나쁜 법정과 기득권은 김수영 시인의 풀잎처럼 누워 있는 것 같다 정준희 교수에게 감사|||그들이 꼭 듣고 싶어|||격렬하게 공감해 주셔서 감사합니다.|||그들은 우리 세계에 우리가 통제의 대상으로 인식하는 것 같습니다. 법에 대한 판결도 우리에게는 초코파이 하나도 커피대 동전도 절대 악이 되어 그들의 일탈은 그렇게 할 수 있어 외로워지기 때문입니다.|||아이들의 싸움에서 때려보고 놀릴 때 누군가 정말 때린다. 이것은 진지하다. 치기 전에 증거를 확보해야 한다. 그들은 지금 때리고 싶다고 아우슨이다. 비추한 단죄를 하지 않으면 머리에 각인시키지 않으면 다시 그런 행동을 할 수 없다.|||든든하다.|||따뜻하게 나오는 단단한 의지와 강철심장을 장착한 용기가 필요한 시간이 또 ..깨어나 마지막으로 이긴다.|||국민은 매우 사법부를 믿을 수 없다는 견해를 하면 천불 국민세로 급상승하는 공직자가 아닌가 잊어버리는 행동|||기분이 좋지 않은 논리 호흡을 참고로 들었습니다.|||오늘도 감사합니다.|||감사합니다. 교수, 언제나|||사람이 위헌적이다. 법을 위협하는 이들이 사법의 본거지를 점령하고 사유화하는 반민주 반헌법적 범죄행위 일체법조 카르텔 일망 타진, 이들이 개혁 대상이다.|||하루가 끝나면 논을 들으면 편안합니다. 설사의 내용이 우리를 화나게 하는 것이라도 생각을 정리시켜 줍니다. 지금의 문제는 장기전이므로 지치지 않고 오랫동안 가는 것이 중요하기 때문에, 단지 일상의 하나로 해 나가려고 생각합니다. 논을 길게하십시오.|||오늘도 고마워|||공정과 상식의 올바른 언론은 널리 알려져야 한다.|||정치에 로망은 없는 역사의 심판만 있을 뿐이지만, 역사는 승자의 기록임에 유의해야 하므로 꼭 승자가 된다|||오늘도 최선을 다합시다.|||항상 정말 고마워요",1,1
vHPMOk-4bZE,판사를 뭘 보고 지기영의 뼈 있는 한마디,"판사는 무엇을 보고 있는가?|||판사. 재판관을 무엇으로 보고 있는 것을. 새싹을 내주세요.|||노상원은 민간인이며 사령관이 아닙니다.|||재파를 했습니다.|||아, 내 귀가 썩은 것 같다.|||지경연|||재판관을 무엇으로 보고 지경영의 뼈 있는 한마디 현장섭 연합뉴스TV YonhapnewsTV 이 타이틀은 어떤 놈이 붙었는지? 내용을 보면 지경이 뼈 있는 한마디? 기자여, 당신이 보았을 때 어떤 나무가 뼈가있는 한 마디입니까? 정말 언론과는 탈을 사용한 회사 개혁이 긴급하다.|||X 밥|||극우유투버급 변호사와 아야지 판사|||실패한 내란범이 기가가 죽지 않았다면 분명히 법원에 문제가 있는 것은 아닐까? 국민이 단두대를 직접 세워야 하는가? 법정을 이렇게 재미있게 한다니. .|||어째서, 보지 말라!|||내란재판이 넓고… 재판장 재판지휘는 오락진행자인 것 같다|||판사는 무엇을 보는가? 네, 그렇지 않습니다.|||나는 당신이 재판을 한 후에 판사를 조스로 본다.|||개그 아니었어?|||너가 채워 보이도록 자위했지만 지금과 누구를 가르치는지?|||무슨 부끄러운 ... 듣는 것도 싫다 법정 모험이 아닌가?|||하고 싶은 이야기가 무엇인지, 지경파사의 말은 재판부 재판관을 무시하는 것이 아니라, 공정한 판결을 하기 때문에 걱정하지 말아 주세요.|||그 이미지 누가 만든거야? 귀연의 키자니아 체험을 보고 전국민이 스트레스|||내란재판부가 아니라는 여론을 끌어내기 위해 지귀련을 정의의 재판관에 포장하려고 하는 연합뉴스의 눈물 힘든 노력|||지씨! 노래방? 중졸인 나도 너희들 보면 한심한,|||지귀의 제휴에 사법부를 더 불신이 되었다는 것만 기억하십시오.|||판사를 무엇으로 보았습니까? 변호인단은 법원 완전히 알로 본거야?|||지경이 재판장인가?|||지기영 재판방송을 보면서 판사가 얼마나 재미있는 존재인지 알았다. 지규영이 국민에게 진실을 알린 것은 큰 의미가 있다고 생각한다. 우리나라에서도 지금은 재판관운이나 재판관의 마음도 재판 결과가 나오지 않도록 배심원 제도가 필요하다는 것을 느끼게 되었다.",1,1
Q6xI2fgZbyw,투나이트 문제 통일교사 윤영호 추가 노출 없음,여야당 모두 공평해야 한다|||통일교에서 돈을 잡은 야당 국회의원들의 싹. 조사하십시오.|||이재명의 특검은 통일교에서 똑같이 여당 야당에게 돈을 주었지만 재명은 여당은 조사하지 않고 야당만 당을 압수수색한다.,0,1
ynCKIg76Qhk,"통일교 때린, 전재수 의혹에 발 굽! 실명도 얽혀? 완전히 혼란! 박상규 시사평론가 굿모닝 한국","인터넷TV 신규 가입 시 최대 48 휴대통신사 변경 시 최대 30 정수기 대여 시 최대 30 합계 108만원 특전! 혜택이 제3자보다 적으면 차액 150 보증 https abit.ly 89klwr|||천벌을 받는 사람들 가장 무서운 것이. 인간이라면 정말 대단한 국민입니다.|||국회 해산시 의원구 의원도 조사하라|||민중기관 중 특별검사팀도 특별검사|||수사하십시오|||민중기를 특검하라 국민의 명령이다|||통일교회에서 돈을 받은 모든 사람을 특검하십시오.|||끔찍한 놈들ㅉㅉㅉ|||특검이 특검을 받|||정치인들은 국민혈세로 급여를 받아 국가와 국민을 위해 일한 것이 나라였다.|||통일교해는 이 죄명민주당도 해체해야 하는 종교입니다.|||엉망에 옥이 있습니다!|||정재수! 지금 얼어붙은 시대인데 돈을 받아 시계를 받고 있는 것인가? 액세서리에 버리지 마십시오.|||법 위반의 주인이 법운운하는 것은 귀찮은|||개혁은 이재명에서 해야 한다|||특검을 특검하라. 전과 4 카테고리|||박상규의 평론에 감사드립니다.|||정재수 부산에서 정치가 끝났다|||정재수 장관 자격 없는 정치생명이 끝났다|||특검해야 합니다!|||상관 없습니다. 돈이 나옵니다.|||한겨레신문이 보도한 지금 세상은 곧바로 서있을 것이다 한겨레신문 파이팅|||정치가들 매일 뉴스에 사고하면 나라의 발전을 위한 일은 언제 할까? 정말 한심하다|||겉보기에 다른 비열한 인간들, 이제 종말이 닦아 왔습니다.|||침몰 중",0,1
HrpAI2QkWFk,"뉴스 하이킥 내란 전속 재판부와 통일 교회 게이트, 백해룡 수사까지… 이동형 진단은? 모바일, MBC 251210 방송","마약 특검이 필요합니다|||마약 수사 무마 의혹은 평론의 영역이 아니다.|||약이 대량으로 들어온 팩트! 상황은 있지만 아무도 처벌받지 못했습니까? 사실!|||청와대 청원해야 한다. 마약 사건 특검. 국민이 해야 합니다.|||수사기관의 의심스러운 사건에 관련기관의 압수수색조차 제대로 하지 않아 완전무의를 발표할 수 있을까? 더 이상 없어요.|||특검에 가야 한다 검찰에 맡기지 말라|||핵심은 수십 키로 마약이 인천세관을 관철해 국내로 반입되었는데 이를 마약범들이 단독으로 한 것인가?|||코멘트도 정상이므로 다행입니다.|||그렇게 대량으로 마약이 수십번 들어오는데 세관이 몰랐다면 진짜 대한민국 신관 문제 있는 것은 아닐까?|||마약범들이 몸에도 가만히 감아 검색대를 무사히 통과하는 경우가 한 번도 두 번도 없이 말이 된다고 생각할까! 수사검사 놈들이 수사를 하는 척을 하고, 제대로 하지 않는 무죄를 만든 것은 아닐까!|||실체가 없다? 그렇다면 약이 세관을 통과하지 못했습니까?|||이동형 목욕을 먹어야 한다|||이것을 특검해야 합니다. 둘 다 덮으려고합니다. 냄새 진동을 하다|||압수한 약은 밀가루로 보도된 cctv는 재현했는가? 확증 편향으로? 수사팀의 해체 좌천이 된 것은 망상인가?|||필요없이 당시 지적된 관세청 사람들이 휴대전화를 교환한 것이 증거|||백해룡 수사팀은 왜 해체했는가? 수사를 계속한 조직은 왜 아무것도 모르는 것일까? 기본적인 질문에 대답하지 않고 덮고 싶은 사람은 누구입니까?|||국가와 국민의 미래가 걸린 마약 문제입니다만, 단지 통과할 수 없습니다 반드시 특검 가야 합니다!|||백해룡에게 힘을 주어 수사시켜야 한다!|||아니요, 마약 수사를 밝히고 싶습니다. 모두 쉽고 멈출 수 있습니까? 이상합니다.|||어느 날 갑자기. 하늘에서. 약이.|||몸에 마약을 테이프로 칭칭 감아 세관을 통과했다니 이것은 사실이 아닐 것이다. 누가 문을 열어 주었기 때문에, 들어와 수사 외압이 있었으므로, 백해룡 경정은 좌천이 되었다! 검찰을 믿습니까? 임은정은 정의임을 확인했다.|||확증 편향은 이동형이 당신인 것 같습니다만…|||동현아 법사위의원 구성이 너무 강하다고 하는가? 해킹이 없습니다. 국민을 원합니다.|||말할 수 없습니다. 어떤 확증 편향의 증거가 있다고 생각합니까? 왜곡됩니다.|||들어온 것은 사실이 아닙니다.",1,1
06WLrVc-NL4,뉴스하이킥 국력당무 감사위원회,"뉴스하이킥 응원|||분명한 정당법 위법행위범한 이호성, 장동혁 반드시 처벌되듯이….|||김종혁 최고위원이 응원합니다.|||장씨와 이호성은 개인정보보호법 위반으로 고발했다.|||장 레 나팔 다리 사이에서 놀고|||이호성 장동혁 정당법 위반 개인정보법 위반으로 고발|||장동혁 한심한 작가가 하는 것이 진정한 고민이다. 끝까지 발악을 하네요. 지금 사그리드는 불꽃 아무리 주어도 끝이야. 장동혁|||장동혁 고소하자|||장동혁 지도부 사퇴|||권승표 뉴스하이킥|||뾰족한데 뭐가 잘못되었는데|||장동혁은 유통기한을 지나버립니다.|||불법이라면 고발하십시오.|||장예창을 어떤 자격으로??? 국력 진정한 수준 저하|||장동혁은 끝났다. 부럽다면 실력과 근면함을 이긴다. 그리고 내 돈을 내주세요.|||장동혁이 미친|||불법이라면 고발을 하고 있었는지,|||MBC 방송은 싫었지만 진행 패널도 그렇게 진행되는 분도 앞으로 자주 시청합니다.|||장병심은 민주당의 문제를 덮는 짖는 것뿐입니다.|||윤강희 비판? ㅡ 추수감사절 수여|||티질이 오랫동안 끌릴 것입니다.|||국심당은 인생을 파리명을 다루는 무섭고 잔인한 정당이다|||점멸하지 않아도 정광훈이 눈치챘지만 과도하게 점멸하지 않는 데다 피해만 걸어 날아야 한다.|||장동혁 이호성당 게시판에서 고소하십시오 개인정보보호법으로 정당법 위반으로 고발해 주십시오. 경찰에 고발하십시오.|||윤석열은 무죄였지만 정치는 못",1,1
15AXcNZuwII,1분 바삭삭창동혁 체제에 엑셀 밟는 나경원의 세 가지 배경?,"장동혁은 꿈인가? 소가 웃는 것입니다.|||둘 다 사퇴하라. 극우지도부 전원..|||깜박이지 않는 것이 꿈|||그런 아이들이 재판관이었던 것을 보면, 현재 기묘한 재판관들의 대부분도 이상하지 않고 내란당 의원 진이라는 것이다.|||깜박이지 않는 간장 종지 강 사쿠라|||권씨 둘이 사라졌기 때문에|||장동혁과 지도부는 모두 사퇴하지 않으면 국력이 살고 있다. 정치경험 자랑하는 나경원이 그렇게 공심 없이 사심에 사는 여성이라고는 몰랐다.|||진짜 얼굴을 한다.|||냄비 펄이 사실상 내란당 상대표라고 하는 설이 진짜인 것 같아, , , 그래서 무소불에 설치하는 것이다, ,,,|||장동혁은 꿈꾸지 마라.|||둘 다 한동훈과 적 사이의 공통점|||오세훈이 적은 국세에 있다.|||누가 마음대로 시장을|||깜박이지 않는 것끼리 ㅎㅎㅎ꿈|||ㅉㅉ 오세훈은 싫지만 나경원보다는 오세훈이다.|||오, 정말로|||장동혁은 어떤 측근을 가지고 있는가?|||두 사람은 아마 큰 범죄를 저지른 것은 아니다.|||진짜|||둘 다 눈으로 돌아왔다.|||미친 진, 나|||나경원은 대표적인 극우 기득권세력 표본이지만, 매우 이 기회에 뜨거운 맛을 보이지 않으면 서울시장이 아니라 나팔에 남을 수 있도록 본인과 가족을 위해 정치를 하는 내란당은 이번에 낙동강 오리얼이 왜 있는지 가르치지 않으면 국민을 위한 정치를|||장동혁 판사ㅎㅎㅎㅎ|||둘 다 꿈입니다.|||오창석이 서울시장에 나와도 국력은 찍지 않는다!",1,1
9urn2GDFRsc,"국력 국회 전 텐트 농성 돌입, 장동혁 폭탄 발언 2025.12.10",기가막히고 기가막힌 나라다!!! 장동혁 김민수님 화이팅입니다|||내부 암덩어리를 먼저 도려내야...|||장동혁 대표님 응원합니다|||하루빨리 제명시켜라 40명없어도국민이함께한다|||8대 악법 막아내야합니다.,1,0
qxYBiXMBH5A,법왜곡죄 관련 핵폭탄급 사이다 발언 날려진 박현명 변호사,"마음이 문클|||대단한 싸움|||시원한|||눈치채는 것만입니다 자격 미달들의 만드는 방법은 분명한 것을 위한 것뿐이라고 하는 걱정으로 심합니다.|||끔찍합니다.|||올바른 말입니다. 국민은 모두 그렇게 생각합니다.|||찬!!!!!!|||변호사! 멋지다!|||국민은 화내는 법을 살리고 재판을 받|||존경|||올바른 말입니다.|||올바른 말입니다. 대다수의 국민들은 공감할 것이다.|||멋진 단어!|||정말 멋져요 올바른 소리|||이것은 매우 존경 해 주셔서 감사합니다.|||속이는 시원한 나가세|||이것은 바로 말입니다.|||최고|||올바른 말씀에 감사드립니다.|||이것이 국민 다수의 상식적인 생각입니다.|||정신이 맞아 주셔서 감사합니다.|||올바른 소리를 들어 주셔서 감사합니다 눈물이 있습니다.|||국민이 화내는 우리의 피와 땀혈세 외교대참사 외위죄|||널리 알아야 합니다,,,|||정말 멋지다",0,1
FUbX8-nz_00,추미에이어 원형 마이크를 끄십시오.,속지 않는다.|||내란은 진정한 더블당이다. 완전독재다.|||듣자 국민도 들을 권리가 있습니다.|||피를 내뱉는다 피가 부드럽게 솟아나온다.|||미친다 미친 나라를 어떻게 이지경으로 쑥밭을 만들 수 있을까? !|||국회 해산|||이나리가 진정한 아름다움으로 돌아온다|||원원연령을 낭비한 그 인간이 국회의원장. 진정한 숨만. 나가다|||국회의장의 인간은 독재자|||나는 경원이 최고입니다. 목소리에 눈물이 있습니다.|||원화식이 국회의장이라고? 더블단의 서투른 것이다.|||나경원 파이팅|||나경원. !!!!진짜 투사가 되어가지 마. 자유민주주의의 마지막 감시자|||완전독재|||나라 미치고 돌아가는 원원식 내려와|||국회법을 좋아합니다. 국회의장입니다.|||원식. 왜 말하는 것을 좋아합니까? 너희들이 법을 운운할까|||내 세력은 무엇이며 민주당은 내 당입니다.|||나경원 위원의 말이 맞다.|||원식은 멀지? 의회 독재를 그만두고 싶다|||슬프다! 국회 해산이 대답이다! 원식 실망이다. 피를 토하는 나경원 의원 응원합니다.|||나원경 하이팅|||나경원 의원님 올바른 말 잘하고 계십니다.|||원식아웃|||점멸해서는 안 되는 것이 국회의장을 하므로 국회가 개판이야.. 발언권을 막는 원화식...,0,1
d7TZNaRprOE,"국민의 힘 최수진우 원식, 무제한 토론 중 정회는 불법… 강력 규탄한다",국회의장 원화식을 내려 범죄가 재명두인을 막는다|||원화식을 특검하라!|||최수진은 파이팅입니다. 주범입니다ㅡ추미에 서영교 김영민|||우원식 의장직에서 부탁드립니다.,0,1
FvU_Xi423YI,계엄 결정 이유! 일본 극비 문서와 일본 통일 교회의 이주 계획?,"김근희 윤석열 김정식 최은승 백해 용마약 무속주술 특검 유튜브 채널 탐사 저널 ON을 통해서는 탐사 취재를 전문으로 보도합니다. 열공 광고 안내 https openmindtv.store 광고 제휴 주문 CS 문의 010 2885 3244 마이 보험 체크 홈페이지 https myinsurance check.com 9503 해피 공유 https www.ihappynanum.com Nanum B CQ4U04MFOL 페이팔 Newix naver.com 좋아요 클릭하면 더 많은 잠재고객이 시청할 수 있습니다. 채널 회원 등록 https www.youtube.com channel UC4y2Jx26qCb7CrSt i5bf1A join 정보 제공 t 8nSXln4C83d r 1 인스타 https www.instagram.com officialopenmindtv 오픈 공감 TV 비디오는 공유 및 소스 코드 배포|||정말 열린 공감은 최고입니다.|||그런 푹신푹신해도 생명의 지하를 원한다면 큰 오산이다. 반드시 역사의 심판으로 깨끗이 정리해야 하는 악마들입니다.|||김정식을 특검하라! 열공열공!!호팅!!|||김정식을 구속하는 김정식 김근희 최은승|||자국민 학살 이력이 있는 대한민국이므로 엄격하게 처벌. 징수해야!!|||끝이 없는 죄악이 언제 모두 드러날까? 최선을 다하십시오.|||그날 밤 국회를 지킨 여러분 덕분에 이 나라는 멸망하지 않았습니다. 자유를 지켜 주셔서 감사합니다.|||진짜 진짜 하늘이 돕고 또 봐도 아픈 시간이었습니다.|||열린 공감 TV 응원합니다!|||목숨을 걸고 국회에 가서 늑대군에 멈추도록 방송된 정천수 대표는 매우 존경합니다.|||열공 최고의 최선을 다하십시오|||사형도 가까운 죽일 때도 서서히 고통에 무거워야 한다.|||열린 공감이 최선|||일본과의 연결을 수사해야 한다! 2023년 윤석열처럼 일본간 사람들은 모두 관련되어 있다고 생각하면 된다! 주경호, 김은혜, 최상목, 박진, 김태효|||정말 그렇다면! 이것은 정말로 사형이어야합니다!|||열린 공감 TV 정천수 pd씨, 취재기자님, 직원 분들의 목숨을 걸고 취재되는데 운영비가 없습니다. 매월 정기 후원하여 열린 공감법인을 지킵시다. 집단지성의 힘으로 기적을 일으킵시다 각각 종교가 있는 분은 열린 공감법인과 열린 공감의 정청수 pd씨, 종업원의 건강과 안전, 안정적인 재정, 그리고 한국을 위해 기도합시다.|||다시 내란에 나가도 생각하지 않는 사형이나. 용면의 무기 징역으로 법을 개정하십시오.|||전쟁을 모방한 것은 분명하기 때문에, 한 번도 두 번도 없고, 꾸준히 북쪽으로 무인기를 보내 총격하고 대포격하고, 미사일 쏘고, 전쟁을 하고 싶었지만, 핵을 사용하지 않는 한 재래식 무기와 군사력은 한국이 넘기 위해서 북이 한국을 이기기 어렵다는 것을 절대 잊고는 핵을 사용하면 누가 이기고 패배가 무의미해진다.|||한국 최고의 미디어는 열기 응원해 주셔서 감사합니다.|||탄핵이 다시 봐도 눈물|||언제나 열려 공감시간을 기다리고 있는 가입자 80세의 노인입니다.|||걱정|||지금 봐도 너무 무서워요.|||열린 공감 TV는 언제나 응원",1,1
Ww4ze6K80Gs,"취재공책 65 백해룡, 대통령실 관계자 및 정부 인사를 만난 적이 없다 조국혁신당직자 김작가 고발? 부산민주당 내홍 심각!","3 20 인트로스킵 임은종 백혜령 마약조국 부산민주당 민주당 특검 유튜브 채널 탐사 저널 ON을 통해서는 탐사 취재를 전문으로 보도합니다. 열공 광고 안내 https openmindtv.store 광고 제휴 주문 CS 문의 010 2885 3244 마이 보험 체크 홈페이지 https myinsurance check.com 9503 해피 공유 https www.ihappynanum.com Nanum B CQ4U04MFOL 페이팔 Newix naver.com 좋아요 클릭하면 더 많은 잠재고객이 시청할 수 있습니다. 채널 회원 등록 https www.youtube.com channel UC4y2Jx26qCb7CrSt i5bf1A join 정보 제공 t 8nSXln4C83d r 1 인스타 https www.instagram.com officialopenmindtv 오픈 공감 TV 비디오는 공유 및 소스 코드 배포|||결론은 마약이 대량의 세관을 통해 들어왔기 때문에 관련 세관검사를 모두 직무유기로 파내야 한다.|||역시 신뢰할 수 있는 열린 공감|||백해룡 경정을 포함한 상설 특검만이 대답이다 순식간에 공범이 된 합수부 관계자들은 이사건으로 손을 떼어 국민의 명령이다|||마약 특검 반드시 철저하게 진상규명하고 긴력 처벌해야 합니다 열린 공감회합입니다|||이 모든 사태의 원흉은 마약이라고 생각합니다.|||정말 화가 났어! 마약 상설 특검 !!! 필요합니다|||임은정은 전 국민이 속인 부패검찰의 프록치였고 한통속이었다.|||열린 공감이 이사건 진실 규명을 위해 나와 주셔서 감사합니다. 열린 공감을 지원합니다!|||저는 이번 마약사건은 내란하고 똑같이 처벌을 해야 한다고 생각합니다.|||백경정은 믿는다. 고군분투에 감사하고 일관성에 응원합니다.|||임은정 지휘관 대 실망 백해룡|||결국 과정에서 임은정과 같은 마스크된 검사, 정치가들은 모두 밝혀집니다.|||열린 공감! 정말 대단해요! 힘들고 어려움도 많았습니다만, 참고를 견디면서, 지금까지 옳다고 올바른 소리를 내 주셔서 감사합니다. 찜 기자님! 완전 짱|||도대체 나라가 얼마나 썩은지|||임은정 체커장의 정신!|||임은정 지검장은 두 번째 윤석열이었음을 보여준 것입니다. 이전부터 윤석열과 커뮤니케이션을 한 임은정 검사였습니다. 이런 식으로 뒷통수를 받습니까? 이것은 할 수 없습니다. 민주당은 정신적으로 청소해야 합니다. 결국은 마약 특검의 명분을 얻은 것이므로, 제대로 특검을 지정해 확실히 탈탈 치고, 끝까지 범인을 색내야 합니다. 김건희 일가를 비롯한 세관과 검찰 및 경찰까지 정조준하여 발본 색원으로 마약 카르텔을 깨달아야 할 것입니다.|||열린 공감심에서 응원합니다. 최선을 다하십시오.|||열공해주세요! 시라카미 류 편에 서십시오.|||검사도 일반 공무원처럼 일반 징계, 파면 처분이 가능해야 합니다.|||말할 수 없어|||가담 인원이 너무 많아서 손 기다리기가 힘들다고 생각한다 그렇게 철저하게 수사를 해야 하는데 백경정 혼자만 바보 만들어 버린다|||마약 관련 특별검사단을 구성하고 철저히 단속해야 한다. 그 대량의 마약이 세관을 통과해 들어왔지만 세관뿐만 아니라 관련 검사의 모든 것을 조사하고 철저히 깨뜨려야 한다. 백경정의 마약 단속이 쉽지 않다. 검사가 또 가짜 조작을 하는구나.|||취재 대책은 매우 좋다ㅎㅎ|||시라카미 류 님 격렬하게 응원합니다.",1,1
tIM4I1TjXw0,역사적 단죄가 먼저!!,"타이틀 톱 열공 예능 코콤 2 줄리 재판 김강희, 증인이라고 부른다! 백해룡의 반격! 을 클릭하면 본편을 볼 수 있습니다.|||약물 수사는 지구의 끝까지 파고 갑시다. 백해룡과 투게더 누가 승리하자 끝까지 ing|||백혜령 정경의 마약 카르텔을 가리려는 연애사건을 가린다! 조진은은 소년법을 위반했다. 검사 조선일보! 인간의 말이다! 검찰은 또한 사람을 죽인다! 대한민국 국민을 살려라! 약은 사형입니다!|||열린 공감 TV 정천수 pd씨, 취재기자님, 직원 분들의 목숨을 걸고 취재되는데 운영비가 없습니다. 매월 정기 후원하여 열린 공감법인을 지킵시다. 집단지성의 힘으로 기적을 일으킵시다 각각 종교가 있는 분은 열린 공감법인과 열린 공감의 정청수 pd씨, 종업원의 건강과 안전, 안정적인 재정, 그리고 한국을 위해 기도합시다.|||천회해도 올바른 말|||내란의 범죄자|||지금까지 보수당이 그런 식으로 국민을 이용해 온 것을 전혀 몰랐습니다 ㅜ정치 정치는 정치인이 알고 있을 것이라는 생각으로. 소식도 제대로 보지 못한 목소리 큰 누구의 생각, 자주 회자가 되는 말이 사실일 것이고, 진실인지는 묻는 생각도 하지 않았습니다. 아마 수십 뉴스를 봐도 자세히 비교 분석하지 않고, 단어도 어렵고, 대략 보고 크게 자주 말한 키워드만 남을 것입니다. 공중 파케일 뉴스들 봐도 좌우로 나누어 어차피 왜곡하는 내용 혼합해 가는데. 열린 공감처럼 잘못된 정보를 바로잡는 언론을 건드리지 않았다면 아직 진실인지 모르고 살아 있었을 것입니다. 또 고발성 유튜브의 정치영상도 법사위에서 놓고 거짓말을 하는 주진우 의원을 보여주고 때때로 도움이 되었고. 그래서 다시 정보 왜곡하기 때문에 구독 취소했지만. 지금까지 불법, 거짓을 신경쓰지 않는 보수당에 반론해, 진실을 알리고 바로잡기 위해 얼마나 신경써 태어난 것일까… 부산, 울산, 포항, 강남, 대구, 송파, 광진, 구리는 정말 힘들다. 계몽하면, 지금 내란 및 해결해야 하는 국가 문제는. 단순한 여야 문제가 아니라는 것을 직시하고 조심해야 합니다. 이마우치란 종식은 소수의 정치가에게 맡기고, 또 일상으로 돌아온 분들도.|||반미 특위 때 싹트고 청산하지 않으면 국민의 힘이 없지만 이승만 건국의 양치 때문에|||이재명 대통령이 일사천리를 처리하라! 마약 조사의 명명 백백을 밝혔습니다! 국민의 고통이 통증을 잘 알고 있습니다! 12.3내란? 공범 사형이다! 국민의 포켓을 탈탈해 가는 공무원들! 싹 버려주세요! 왜 요직에 앉아 배만이라고 불리는지 도둑 놈들을 잡고 싸움으로 재산 몰수해 주세요! 국민이 병으로 죽어 간다!",1,1
qb8PVDARYOE,"김건희, 징역 15년보다 큰 녀석이 기다린다","가장 중요한 것은 사면을 없애는 것이다.|||김건희에게 뇌물을 준 모든 인간들을 구속해야 한다. 김건희가 무엇인데 김건희에게 뇌물을 주고 자리를 차지한 인간도 전원 구속을 하고 감방에 보내지 않으면 다시 김건희 같은 인간이 나타나지 않을 것이다. 김강희의 모든 재산을 몰수해야 한다. 해외로 빼앗긴 재산도 철저히 돌출해 몰수를 해야 한다. 윤석열과 김건희는 사형이 되지 않으면 종신형을 시켜야 한다. 사법부도 마찬가지로 개혁을 해야 한다.|||김씨 부인이니까 열심히|||양평수사는 시작되지 않았다|||가니의 약을 조사하지 마십시오.|||김기현 부동산 조사 등|||묘진이 요즘은 외롭네요.|||기현아, 그건 너의 당 대표이야.|||눈이 왜 숨겨져 있는가?|||후세에는 이런 말을 하지 않으면 공명예라는 공희에게 뇌물만 주면 친일파가 독립기념관장이 될 수도 있고 계엄 지지자가 인권위원장도 돈만 쓸 수 있었던 시대가 있었다고 한다.|||자금 흐름을 조사하지 않는 것 같습니다. 돈 단위가 너무 큽니다.|||작동하지 않는 계산서가 있습니다.|||울산에 온 땅은 유명했습니다.|||특검 기간을 충분히 연장해, 충분히 수사시켜 주세요!|||2장의 젤이 나쁘다는 것을 알면서 2장 찍었다|||수프는 나쁜 것을 파파라치 수준으로 만드는 정도를 초과합니다.|||15년의 시작이기 때문에 진짜 피리도 30년은 보증되고 있습니다. 결론은 무기|||김강희의 아무것도 아니고 사람의 공무원이 아닌 검판조의 공무윈이 아니라 뇌물죄 성립하지 않는다는 결론|||공산당과 왕권은 그들의 법으로 군의 지위를 불문하고 국가와 국민을 보호하는 민주주의법의 불이행 시에 국민의 대표국회가 발군쇄신민주화를 이뤄야 한다.|||털이 많은 카피바라 대히트!!|||김건희의 눈은 왜? ㅎㅎ|||현금을 갇힌 것도 조사하십시오.|||김기현은 부인과 쌍둥이를 닮았다.|||우상호, 정성호, 앙규백.|||기다렸어. 구형. 나머지. 조사. 1년씩만 걸어도. 80세. 그래서 삶. 끝입니다. 판사. 감사합니다",1,1
IWM8qBCPkn8,"장동혁, 한동훈 정치생명 마무리","재미있는 건 연말 한동훈의 토크콘서트 1500석이 8분 만에 매진됐다고...|||패권을 잡은 동혁이 볼 때 동훈은 반동분자입니다. 아무래도 동훈은 정치판에서 사라져야 한다.|||정치 첫 학년 한동훈 당 대표가 당 게시판에 가족동원당 헤더 비방글이 아니다.|||한동훈이 원내대표실에 가면 뚜껑을 찾을 수 없습니다.|||장동혁의 쌍, 한동훈의 석가가 잘되면 두 사람 모두 국민의 적이다. 판사는 정치해야 한다. 이 녀석들은 미래를 개혁할 자질이 없다. 남의 뒤로 파고 다니는 것만 잘한다.",1,1
tukJcydbpNg,스피디 sPeeD 수첩 민주주의를 지키기 위해 혼신의 힘을 다한 시민,"의욕이 있다고 술 마실 수밖에 없는 녀석이 권력욕에 눈을 뒤집어 가지고 말해도 안 되는 일을 했지 않아서 그런 것은 선고 즉시 사형 집행해 버리지 않으면 이제 이런 일이 일어나지 않을 것이다|||그 저지 경찰을 여십시오.|||그 순간, 한치의 망설임 없이 국회를 향한 시민 여러분, 정말로 존경합니다.|||따뜻하고 정교한 한국인에게는 갑작스럽게 견딜 수 없는 멋지고 건강한 정신력이 갖춰져 있다.|||무조건 사형만이 역사를 반복하지 않는다|||무조건 사형이다, 사형 제도가 없기 때문에 사과도 하지 않는 것이다|||나치 판사들도 사법의 권위를 내세워 판결했고, 한국 독재시 판사들도 그런 독재자들의 법 포장을 조희대가 하고 있다.|||17 24 눈물을 흘리는 우리 국민.. 감사합니다|||천인 공로하는 것이다. 대한민국을 지킨 시민들에게는 존경을 나타냅니다. 민간인을 학살하고 독재를 꿈꾼 자를 용서할 수 없다. 그 독재에의 길에 동조하는 모든 세력을 용서할 수는 없다. 반드시 처벌해야 하며 오랫동안 걸려도 모방의 발본색원으로 반드시 벌해야 한다. 다만 혼자서도 용서해 주면 반드시 내란은 다시 일어난다.|||정말 기분이 나쁘고 화가 났습니다. 많은 국민이 선명한 그때 현장인 이 영상을 많이 보고 싶습니다. 국민이 막히지 않으면 정말 아프네요.|||지쳐 보면 조금 일어나서 끔찍할 수 있습니다.|||국민이 지키고 이재명 정부가 민주주의를 빛낼 것이다!|||어떻게 무서워서 알몸으로 목숨을 걸고 국회에 가서 경찰 병사를 멈췄습니까?|||한국의 민주주의는 국민이 이겼다고 하지만 반은 맞고 반은 잘못됐다. 민주주의를 만든 국민별로 있어 민주주의에 무임승차한 국민이 따로 있기 때문이다.|||윤석열.|||온갖 부정. 뇌물을 받고 자신을 반대하는 사람들을 죽이려고 한 독재자. 다시는 이런 역사가 반복되지 않는 것을.|||2024년 12월 3일은 온 국민이 기억하고 다시 이런 일이 일어나지 않도록 해야 한다.|||계엄에 참가한 사람들은 전부 조사해야 하기 때문에 다시 재발은 일어나지 않습니다.|||내란의 밤에 국회에 달린 사람이 없었다면 북한이었다.|||707 특공대원도 몰랐던 이것으로 옮겨서는 안 됩니다 그러면 모든 사람이 전혀 몰랐다 넘습니다|||제가 할 수 있는 것은 온라인 댓글과 응원뿐이었습니다.|||상식외 사태를 저지른 윤건희와 그 일당사회 전반에 깔린 나라보다는 개인의 영들이 목표인 내란범, 조력자들이 당연히 징계할 수 있도록 해야 한다. 그리고 우리는 인생의 희생이 없다고 아무런 일도 얻어서는 안됩니다. 결코 이 사태를 잊지 말라. 독립군처럼 주어질 수 있다고 판단해도 그 자리에 함께 한 위대한 국민에게 감사하며 끝까지 독일, 프랑스처럼 응징해야 한다.|||대한민국 민주애국 시민|||거리에 나와 혼신의 힘을 다했습니다. 아 눈물|||시민이 자발적으로 지켰다.",1,1
cm084UejE9s,트럼프 주니어가 한국에 참석한 이벤트 정체 PD 수첩,"매우 나라를 개판할 생각이지만 이런 인간에게 국가보안법으로 처벌해야 하는가|||대한민국에서 그런 판을 깔아준 조직을 어떻게 해야 할까?|||극우가 뒤에 돈으로 인수해 거짓말을 하고 있는지 그 중심에 내란당이 있어, 사이비 종교가 개입되고 있다|||큰 일입니다.|||입국심사에서…|||결국 전쟁의 소란에 빠지듯|||그들은 돈에 미친 것입니다.|||진짜 아 욕심도 아깝다. 외국인은 한국을 얼마나 호구로 보는가|||충돌이 지속적으로 극단적으로 되면 무력이 동원된다|||스스로 생각하고 판단하는 것을 포기하고 어떤 종교만으로 무비판적으로 믿고 맹신하는 위험한 부류|||그 미국인이 왜 우리 라나에 와서 그렇게 해서 흐트러지는 거야? 거기에 모이는 그 젊은이들을 어떻게 구제하는가. 힘들다.|||수구 기득권 세력의 저항 혁신은 계속하지 않으면 도태되지 않는다 발전을 거부하는 기득권 세력에 기생하려는 사회 초년생|||중국을 싸우면서 내란에 중국 용역업체를 말한다. 북한을 그렇게 탐하며 북한을 흔들며 전쟁을 일으키려고 한다. 공산주의를 그렇게 싫어하면서 중국, 북한을 모두 내란에 끌어들이려고 한다. 젊은 사람들, 조심하세요!|||휴… 이 조직적인 움직임이 나타나야 한다…|||한심한 한심하지ㅉ|||트럼프는 시작과 가장 친한 친구입니다.|||극우의 극좌였던 서로가 폴에 달려든 순간, 모두는 파괴되어 평화는 사라집니다.|||우리는 알고 잘 작동합니다.",1,1
LdAh_174-4E,"박나레 사이사이모 토론 확산복지성, 의미심장한 발언 짧은","정말 대한민국 의료법이 정말 같지 않은지 봐!|||주사보다 알코올 중독에서 해결|||의사여, 무슨 일을 하는지 이 두 가지 호소하라|||아이가 없다|||국가보안법을 폐지하려고 노력하고 있습니다.|||검찰은 몇몇 살인이다.|||이제 명 대통령이 범죄자인데 국민이 그런거야… 불법이 따로 있는 것인가… 여러 번 범죄자만 나가도 어쩔 수 없다.|||어쨌든 호남산당에!",0,1
DN_Zr1H2vPc,주말동안 주경호가 폭발했다! 이것이 사실입니까? 계엄하게 되면 .. 주경호 본심 첫 공개! 김창현 이은혜 김창현,"국민은 더 이상. 물러나지 않는다. 사법부는. 조심하세요|||반드시 구속해야 한다|||계엄령이 내려졌을 때, 국회의원이 국민의 대표로서 국회에 가야 하는 이유는 왜 당사에 가는지 분명히 불법입니다.|||불법 내란은 실폐되면 사형으로 처벌하지 않으면 국가의 기강이 빨리 됩니다.|||주경호|||주경호|||그 여자의 말이 진정하고 사실을 고집합니다.|||하늘천의 코멘트는 20억 잊지 말아야|||달성 군수 20억 공천 코멘트는 어디로 갔는가?|||나쁜 놈들 모두 털어주세요. 아주 좋은 프로입니다.|||엄마는 공무원에 불과했습니다.|||아주 좋습니다.|||주경호는 자신의 개인적인 이익을 위해 국가와 국민도 팔아 먹는 전형적인 국력 악마입니다.|||본인 공천 부정 20억 밝혀질까 국민을 죽음으로 몰아온 내란은 엄중한 처벌을 해야 한다.|||주경호의 행위가 싸움의 여지가 있다고 주장하는 판사는 계엄 자체가 불법인지 아닌지 싸움의 여지가 있다는 주장이군요.|||주경호, 윤석열 등을 기각한 판사의 얼굴을 공개하세요.|||국력 인간들은 김강희가 한 일도 지지하고 좋았다고 생각할까? 눈 귀가 있다면 상황을 파악합시다.|||가장 큰 내란 동조범은 법정 카르텔. 사법부와 검찰!|||내란 청산 빨리 끝내자.|||국사범녀들을 이렇게 재판하는 것이 국가의 사법부라고 할 수 있을까? 사법개혁 필요|||국회의원 회비에서 깎아. 해외 출장. 판공비에서 깎기|||인간의 탈곡기 이위윈의 시원하고 시원하고 깔끔하게 진행|||검찰, 언론, 사법성 모두 개혁하는 날까지 싸워야 한다. 내란당 정당해체 비호세력 조희대 사법부!|||독재자 하에서 독재국가를 확립하기 위해 내란을 일으킨 국민당은 역사교과서에 길을 남겨야 할 비극적이고 무서운 사건이었다. 일제 시대의 나라를 팔아 자신의 부를 축적한 자들보다 악독한 사람들입니다. 나라 전체를 상대로 도박을 한 국민의 힘을 추방시켜 그 죄치를 반드시 물어야 합니다. 절대 잊지 마세요!!!!!|||사형 집행에 대해 논의해야 할 때라고 생각합니다.",1,1
WHBFTv2Qg1M,분노의 이재명 이건 안 돼요 국무회의 얼음 무슨 일이야? KNN,"같은 노동에 대한 임금차별은 여기에서 인간차별이 시작|||아무도 생각하지 않았던 최저임금… 이제 당연히 익숙해져버렸다…|||맞습니다.|||진짜 마지막에 멋지네요 통일부 장관님. 청소용 임원 10년이 지나도 최저임금, 20년이 지나도 생활임금입니다. 정부 청사 직원이지만,|||최근 국무회의는 드라마보다 더 재미있다.|||점프 이런 문제 제기 정말 좋다!|||공무직에서 더욱 악용합니다 주 15시간이라면 주휴를 주어야 하기 때문에 14.5시간을 일하게 합니다 4일은 3시간|||이런 말을하는 대통령은 뾰족하고 마지막이다.|||이러한 회의는 정부의 행동이 때로는 일관성이 없다는 것에 있다고 생각합니다. 그랬지만, 내가 한 것 같습니다 ... 행동 지침이 있지만 실제로는 너무 넓은 범위이며 같은 헌법을 넣어도 이렇게 해석하는 경우가 많기 때문에 그러한 회의를 통해 차이를 줄이려고합니다. 별로 틈이 없는 건가?|||각 정부청사보다 깨끗해질 것이다…|||정말 맞는 말이다. 잘한다.|||아들 와이프는 준공 임원인데 이 잼의 말에 백배 공감. 사회적 병폐를 정부가 솔선범하자! 멋지다. 눈물이 조금, 목이 메이입니다.|||대단해 ㅜㅜ|||아... 정말 개인적으로 항상 생각해 왔어...|||경험하고 느끼고 고민하지 않으면 아는 것을 지금 이재명 대통령은 하나하나 깊이 알고 있는 느낌입니다. 그런 깊은 이해를 가지고 개선해야 한다는 의지가 이 사회를 바꿀 수 있을 것입니다. 어제 만난 일부 분은 자신은 정치를 잘 모르겠다고 해도 보수 YouTube 이야기를 듣고 이재명 대통령에 대한 여러가지 의문을 말했어요. 전에 각 진영별 주장이 있기 때문에 어떤 말을 해도 서로 믿을 수 없을 것이며, 국정 운영의 많은 회의가 YouTube에 올라오고 있기 때문에, 조금 장시간의 첨부서의 끝까지 보고 싶다고 말했습니다. 이재명의 진가는 토론과 회의에서 발휘되는 것을 이번 영상에서도 볼 수 있네요. 꼭 멋진 대통령으로 남겨주세요.|||이것은 멋지다 대통령|||한마디로 눈물을 흘리는 것은 멋지다.|||국가의 장소에서 고쳐야 할 최소 예산으로 무엇을하려고합니다.|||돈을 지불해야합니다. 살던 집을 전세한다면 그 돈에 해당 금액은 특혜다.|||너무 당연한 이야기를 하는데 그런 쪽이 대통령이라 다행이라고 생각한다. 언제부터 상식은 일상이 아니라 비정상이 되었을까?|||기업체도 전문직을 채용해 사용하면서도 최저임금만 주고.. 한층 더 인턴제라고 말해, 같은 업무에서도 1년 미만으로 최저임금만을 주고 고용.. 몇개월씩 돌려주는 고용...특히 디자인|||역시 민생을 걱정하는 대통령은 멋지다.|||판사의 검사 의식 등차 사무소를 주지 않고 장관의 주택을 얻으십시오.|||대통령의 민간. 가정 어린이의 가정 보육 교사의 급여가 근무 연수에 관계없이 거의 최저 임금입니다. ㅠ|||국무회의가 감동한 이재명 정부 오징어",0,0
nxzXCLd6yME,노상원의 치명적인 실수? 계엄은 법적 기반 준비 후… 수술 윤석열 재판 KNN,"그래서. 총선거에서 국력당이 이기면 합법적으로 계엄을 하도록 계획을 모두 수첩에 썼다. 라고 하는 말은… 1.계엄은 계획되고 있는 사전의 2.계엄 계획의 수첩인 확정과… 자신이 말을 증언했는지조차 할 수 없는 상태. 어떻게 보면 깨끗한 문제일지도|||정신적으로 문제가 있는 사람인 것은 확실하네요.|||승리하면 계엄이라도 좋을까?|||윤석열, 혹은 놈은 거짓말이다.",1,1
bF2b3AsjWPc,"법사위 3부, 풀영상 김영민의 충격적인 노출, 법사위 발각… 지금까지 속았다! ...","구독이라고 합니다. JTV 뉴스를 응원하십시오. 감사합니다.|||문주당도 말할 뿐만 아니라 곧바로도 희대의 범죄자 조희대, 지기영, 정대엽을 탄핵하라! 희대의 범죄자 조희대, 지경영은 분명히 법을 어긴 놈들로 헌법재판소도 탄핵 인용할 것이고, 정대엽은 모든 국민이 비추 동상을 보고 차관 지명되었지만, 낙마한 놈을 눈동자가 걸렸는지 그놈이 아니라고 판결한 그러한 판결이 탄핵 인용되기 때문에, 지금도 탄핵하라!|||마약 수사도 강하게 눌러가야 한다! 또 기각시킨다면 그 자가 범인이다!|||처대엽을 감옥에 보내면, 왠지 말하는 것은 장황설로 사람을 혼란시키지만, 정말 조심해서 물어야 한다.|||김 하쿠위도 모르는 사람이 무엇!|||지요바의 수사를 받아야 합니다.|||내란당의 테두리를 늘리다|||정대엽 김학의 무죄 판결|||조희대 정대엽지영 신동욱|||사실입니까? .. 김영민 의원에게 감사드립니다.|||부끄러움도 모르는 신동욱 입만 열면|||국력당을 듣고 싫어|||마약세관의 참여를 알고 있는데 법무부장관이 말하는 것은 부디 수사를 확실히 해 주세요|||김용민 의원 내 범죄자를 모두 버리세요.|||판사의 양심은 토끼 사이입니다.|||이재명 재판을 열고 유죄를 때렸고 곧바로 윤석열 무죄로 판결하고 석방시켜 쿠테타에서 큰소란을 하며 나라가 뒤집히는 악몽을 보았습니다.|||최혁진은 정말 논리적입니다.|||이것들은 법 개정이 무엇이 되어도 위헌 신청한다는 의미? 위헌재판 신청해야 하는 것이 아닌가?|||천대엽을 구속하다|||정대엽은 지가 차지한 척을 하지만 뒤로 가는 이들은 카르텔이 망가질까 생각한다.|||정대엽의 말만 말을 빨리 하면 국민이 모르는 것일까?|||유권 무죄 무권 유죄 누구를 위해서 무엇이 개혁이라는 이름으로 나라의 법률을 이렇게 훼손하려고 하는지 죄 앞에 성역 없이 수사해 잡으면 유권 무죄 무권 유죄 권력 있는 자만 살아갈 수 있는 곳은 공산 국가도 아닌 짐승들이 사는 정글밖에 없습니다. 인간다운 이유로 객관적으로 보세요.",1,1
ELSE0T6uedU,나는 그렇게 생각하지 않는다…,"감정 언제?|||완전 시비네|||이상상은 말미를 잡는다. 안녕하세요 레벨은...|||수정이야..|||기본적으로 상대방을 아래로 보면 내 말이 맞습니까? 라는 식의 화법, 셀 수 없도록 잡아 뭔가 하나 물어보고 싶다는 의도가 더러운 살인, 강간 피고인도 변호하면서 피해자를 조롱한 것 같다|||아래, 당신이 질문하는 것은 유도 질문이 아닌가? 답을 정하고 쭉 그 답을 얻을 때까지 계속 들어봐… 그런 사람이 어떻게 변호사가 된 것인가.|||증인에 대한 기본적인 예의 없이 ㅉㅉㅉ|||변호사의 라이센스를 확인하셨습니까? ? ?|||증인해주고 힘들게 나온데 기분 나쁘게 질문. 싫어하는 질문 태도|||정광푸니가 굳건한 사람 중 한 명입니까? 특별 검사에 유도 심문하지 마십시오.|||온나에게는 쓰레기 변호사입니다 광고를 하는군요.|||레벨에서|||그 변호사란 인간은 증인을 증인으로 취급하지 않고 어떤 잡범으로 생각을 하는 것 같다.|||변호사의 증인은 어디에 있습니까? 증인 서울에 있었다. 변호사 부산에서 홍길동이 돼지 쿠퍼를 먹었다는 것을 알고 계십니까? 증인 홍길동은 누구인가? 변호사는 서울에 있었지만 홍길동은 몰라? 이상하지 않아? 증인??????? ……이런 느낌.",1,1
rCuU3Litd7Q,"대통령의 작심 발언…내란 가담자, 특검에 의지하는 것이 아니라…",구독이라고 합니다. JTV 뉴스를 응원하십시오. 감사합니다.|||100회 올바른 말입니다.|||군대를 동원한 내란은 군형법을 적용해야 한다|||신선한 재명 싸움.|||법을 위반한 공무원 모두가 직위를 해제하고 엄격히 처벌하지 않으면 다시 이런 일이 일어나지 않는다.,1,1
-cqkKIVMM5M,국제 수치 작렬! 굳이 이재명을 만져? 미국 기자에 추가된 테러 위협!,"지금 이런 나라가 되어 버렸습니다.|||질투 망상 개척신. 국제 수치. 세계 수치. 글로벌 만세|||이것은 국가 최고의 지배자입니다 기자를 보호해야합니다|||진짜 나라 부끄러워! !!!!이게 뭐야!|||외신 기자를 응원합니다.|||이것은 최근 한국입니다.|||우리의 민 앵커 용기에 큰 박수를 보냅니다.|||정말. 부끄럽다. 나라가. 무너지는|||국민이 조심해야 합니다.|||뉴스 데일리 베스트의 용기 있는 펙트의 방송에 신뢰와 신뢰로 적극적인 지지와 성원을 보내,|||이 죄명 재판을 받아야 하는 탄핵|||외신 기자에게까지 압박하는 판에 국내 기자들이야말로 애완견이 되어 목덜미를 주는 밥만 받아 먹고 꼬리지 않으면 안 되겠지요? 먹이를 먹고 생명을 유지해야 하는 애완견의 돌보는 것에 감사하는 판|||엄청이구나…|||외신 기자에게 전세계에 알려주세요.|||스파이가 놓아 설치는 세계가 되어 버린 대한민국|||협박당한 억울한 기자 국제사회에 가르쳐 주세요 국제인권위원회에 이런 협박질소|||부끄러운 나라가 되자마자 잡아야 한다|||대한민국 대표 언론입니다. 감사합니다|||뉴스테리 베스트 방송은 언제나 감사합니다 응원합니다|||그러한 협박범은 고발하고 수사해야 합니다. 언론의 자유를 억압하는 자 헌법 위반에 감옥을 보내야 합니다.|||이재명 압도적인 기자 퓰리처상 후보자|||대한민국의 대통령이 아닙니다.|||항상 좋은 소식 감사합니다.|||대통령에서 자격이 없다는 것을 본인 스스로 부끄러운지 물어보고 싶다.|||중공이 멸망하지 않으면 부정선거가 끝난다ㅡ",0,1
uiJCpeW0qzc,밥을 먹는 서영교의 뼈,"서영교를 고발하십시오.|||네 개는 똥을 먹는다.|||왜 부끄러움을 모른다.|||국회와 같은 삼류도 이런 삼류가 없다. 정말 슬프다.|||아, 국회의 국회의원을 제거하고 무엇을 하려고 하는 거야?|||서영교는 목소리만 들어도 뜨거워|||멧돼지가 먹는 것을 제외하고는 할 수 없습니다.|||후분 구이|||먹어도 먹어도 배고프다|||코미디가 따로 업.|||돼지는 먹고 또 다른 것을 빼앗고 먹는 꿀 꿀|||레벨이란!|||국회 해산은 ㅜ답|||돼지는 항상 배고프다|||지금은 아무것도 없습니다.|||거짓말꾼 서영교같은 사람답게 살자|||말이 뒤틀린다.|||국회 해산하라!|||서연 다리. 떠다니는. 국민을 듣는 거북이|||서팔계는 여전히 배고프다.|||서팔계 대히트|||사팔 떫다|||돼지는 이것 그것 먹어도 배고프다. 그래서 또한 이것 그것 먹는다.|||정들곤다.|||돼지",0,1
E91q0N27H6A,주경호의 증언을 깨뜨렸다!,"정말이 방송은 최고의 예보에 감사드립니다.|||모두 일어나야 한다|||감사합니다|||왜 이런 진실이 나오는지,|||윤석열은 무고한|||돌아가야 해|||느린 진실로 피를 토한다|||직무복귀만이 이나라가 다시 사는 길인 윤게인 킹석열|||윤 대통령 해방|||문현배와 당시 헌법재판관 전수공수처에 신고합시다.|||두번입니다.|||뉴스 데일리 베스트 최고다!|||맞습니다. 진실은 늦어도 반드시 이긴다.|||늦어지기 전에 국가를 정상화해야 합니다.|||예, 범죄자는 대통령입니다.|||모래 위에 지어진 집은 반드시 무너진다. 헌법재판관은 역사심판을 받아야 한다. 인생은 심은 채 담는 것이다.|||윤 대통령! 법과 원칙을 따르는 훌륭한 대통령입니다.|||윤게인! 그냥 대답이다. 윤 대통령을 석방하라. 윤 대통령은 무죄입니다.|||사기극은|||사기 탄핵 원천 무효|||윤계경인 경호 의원 최고|||네, 나라는 죽었습니다. 다시 살아야 합니다. 계몽하지 않고, 나라가 이렇게 망가진 것을 몰랐을 것입니다.|||Min Anker는 최고입니다.|||처음부터 증언하면 정말 유감입니다.|||진실의 끝은 찬양하라!",1,0
dBD063grw4g,"이재명, 갑자기 백기투항 정천레 김병기 기습 만찬!! 이재명, 충격적 긴급 특명!","가짜 방송자는 민현 사상의 책임을 묻는다. 정옥형 안보정롱TV 이외 방송은 위조방송임을 알려드립니다 24시간 뉴스채널 등|||어떻게 모범이 될 국회 300 명이 나라를 먹지 않는의 선두에 서있다.|||국회를 해산하라.|||한번도 경험하지 못한 나라는 반드시 경험하게 된다|||새로운 법을 만들어라. 판단하면. 잡을 수 없는 사람. 재명 이후. 구속하다|||더블당 통일교에서 뇌물을 받은 자를 찾아 특검하고 구속시켜야 한다|||통일교의 뇌물을 받는 국회의원을 모두 구속한다|||안보 앵커가 당신에게 말한 것을 응원합니다.|||나라가 혼란하기 전에 좌파의 흐트러진 국정운영을 바로잡아야 한다.|||죄명만이 구속되면 나라가 사|||나경원 사람들은 지지하고 응원|||정말 분쇄하면 좋네요.|||이재명과 정천레의 만남은 이들이 할당할 수 있도록 하는 것입니다!|||이재명 재판을 받다|||종교에 대한 자유. 역압하지 마십시오.|||박사, 이건 나라니까 정말 걱정입니다.|||통일교회 파이팅!|||지혜가 있는 사람이 죽은|||특검 너무 불공정하게 수사하지 말고, 부당의원도 특검하라|||오리발을 내도 낭비다. 녹음한 것. 없나요?|||통일교 해체시키지 않으면 돈을 받은 정치인 모두도 조리 구속시켜야 헌금을 받아 이런 통일교. 기부하지 마십시오.|||국회의장이 더블당 의원이나 의장이라면 중립을 지키라.|||선관위는 민주당의 자리를 만들었습니다.|||권성동 대통령 탄핵의 공신이 아닌가?|||이 죄명 과정의 청각은 쇼일지도 모르지만 이미 시작된 행사입니다.",0,1
DD98XGTJ7L0,"김현지 힘든 서울 64.7 보상 74.7 중도 59.8!! 정천레, 긴급입장문!! 내란재판부 변협, 규탄 성명",김현지 이재명 김혜경 김민석 민주당 특검팀|||내란재판부가 성립하면 무수한 많은 특별재판부 이후에는 소후죽순으로 만든다. 힘의 논리로 만들어지는 것이다.|||내란은 존재하지 않지만 내란 재판부를 설치합니까? 대통령의 비상계엄을 내란이라는 말로 희소하게 기소하면 재판 결과를 기다려야 하는 것이다.|||법원 회의에서 회의를 하지 마십시오.|||삼권 분리 없이 민주주의는 존재하지 않는다|||김현지의 신분이기 때문에 왜 못하는데 그렇게 숨기는 일이 많을까|||김현지 특검 특검 특검만 대답|||여러 종류의 악법만을 만드는 더블단 무엇이 그렇게 무서운지 악법이 아니라 국민들의 사용법을 해야 하는지|||수사기관에 목공업무를 강화시켜 국가보안법 폐기를 발의한 민주당 국회의원 등 민주당핵심들 일제히 조사하라|||국회법사위 마구포획법 만들 수 없도록 심의기구 필수|||현재의 재판관들을 믿는 국민이 있는가. 누워 버리는 판사|||범죄자가 나라를 웃도는 법을 무시한 범죄자 이재명 김현지 김혜경 재판을 받아야 한다|||삼권분립에 의한 대법관헌재소장 이런 분들은 법조계에서 추천투표정치국회는 참여하지 않는다|||김현은 신분을 밝혀야 한다|||김현지가 신원을 밝히면 나라가 뒤집힌다|||김현지. 신분을 밝히는 것이. 더. 이상이 아닐까. 신분. 을. 부드럽게. 밝혀야 할,0,1
a78VoLyA0W8,"시진핑, 이재명 날았다!! 현지 언니, 또 파문 확산!! 조진은, 심야 긴급 입장문! 장영수 고대 교수, 폭탄 발언 내란 재판부는 불법!","알약 대한민국 안보정론 향상 응원합니다, 사전선거 폐지가 민주주의의 꽃,|||김현지 특검|||국보법 폐지는 국가를 포기하자는 방법이다.|||파이팅 멸공 리셋 코리아|||김현지는 간첩인지 김정은의 서투른지도 모르는 상황에서 가짜 대통령의 머리 위에 앉아 국정농단을 하고 있는 나라가 통째로 중공.|||국보법 페지 절대 불가.|||국보법의 발의자는 북쪽으로 가고 어떻게 이러한 법은 발의할 수 있는지 큰 일입니다.|||배신자 공천 절대 반대 주기만 해보고 장동혁|||나라는 완전히 걸렸다. 또 다른 신정부 투표가 필요합니다.|||낙선이 문제가 아니라 공산당이 아니기 때문에 왜 나누었다.|||그렇습니다, 응원하고 있습니다.|||28명은 총선에서 심판해야 한다|||국보법은 나라를 지키는 근간입니다.|||안보론은 항상 많이 있습니다.|||김현지 국정농단 구속 수사원|||시진핑이 이재명을 날렸다고? 그래요. 이재명이 중국이라면 죽고 살지 않은 사람임을 시진핑이 잘 알고 있습니다.|||조진은을 보고 이재명도 내려 정계에서 퇴진해야 하는 것 아닌가?|||민영배 김준혁 윤정혁 국보법|||항상 응원하는 파이팅입니다.|||안녕하세요, 잘 부탁드립니다.|||김현지|||조진은이 죄명보다 사람답다...|||반대!|||좋아요ㄷㅈ|||이재명은 닮았으니 따라가듯",0,1
ReJYiSqiWNc,송흥민은 대히트 했습니다!,"가짜 방송자는 민현 사상의 책임을 묻는다. 정옥형 안보정롱TV 이외 방송은 위조방송임을 알려드립니다 24시간 뉴스채널 등|||트럼프 대통령으로 해주세요 자유 한국을 도와주세요|||대통령 이사 선거가 열렸다.|||트럼프 대통령. 이재명을 처리해주세요|||안보론은 언제나 응원|||대장동 재판|||모든 것이 밝혀지면 지네가 죽기 때문에 죽는 힘을 다해 살려고 하는 것이 아닐까요? 법에 어긋나도 사는 길이 없으니까. 맞습니다.|||선관위는 신뢰할 수 있는 기관이 아니다|||그런 다음 이재명도 재판하고 중형에 처해야 할지 범죄자도 숨기고 처벌할지|||정청레와 민주당이 이렇게 오버하는 것은 개념이라는 기준을 가지는데 너무 엉망이 된 행보를 해왔다. 아무리 중국어인지 북한의 말인지에 따라 어디까지 가고 있는지 모른다. 반국가 세력이라는 것이 정확히 민주화되는 것을 보면 .. 대답이 딱 나온다. 스스로 살고 국익은 안중에도 없고 정쟁과 탄압을 위해 출산된 몬스터 정당 그 자체다.|||이민법원|||개법을 중단해야|||그렇다면 미친 건식들이 무엇을 하는지 하지 않을까. 체포해야 하지만 누가 할까?|||신문 기사에서도 충분히 알고 있는 내용을 이것 그것 타이틀만 엄청나게 붙인 것은 하지 말아 주었으면 합니다. 열정적으로 고마워요, 정말 고마워요!|||판사는 한 걸음 늦었다.|||아직 먹고 살아요...",0,1
_A2MOmUb754,"민주 뇌물 종합 특보! 이재명, 다이렉트 전화 의혹 충격 내용 채널 A!","한국의 백성은 믿을 수 없다|||돈을 먹은 정치인들이 부끄러운 일을하지 마십시오.|||특검도 무능하다 특검을 받으세요|||윤영호 본부장 재판에 협박하고 딜을 한다.|||서울 법학 전임 명예 교수 한인호 교수가 내란이라고 인터뷰한 것을 보고 전화를 던져 버렸습니다.|||장관도 죄가 있으면 특검을 받아야 한다 대통령도 죄가 있다면 감옥에 가야 한다|||특검을 직무 유기로|||슬픈 한국... 난 디에 가려고 하는데...|||늦은 시간까지 고마워요. 감사합니다|||밤늦게까지 수고하셨습니다. 통일 교회 관련 뉴스를 보면, 이 죄명이 또 유체 이탈화법을 하고 있네요|||대한민국의 사법제도는 사회주의공산국가에서도 볼 수 있는 후진국의 제도이며, 모든 탈법과 불법수사와 증거조작이 일상화되고 있다.|||눈치채면서 밀당을 하도록(듯이)… 전형적인 내남불의 사람들로 보여집니다.|||일곱 명은 누구입니까?|||통일교회에 돈을 받은 모든 사람을 알아보라.|||통일 교회는 정치 자금 저수지입니까?|||이재명 재판을 재개하고 부정선거를 밝히고 김현지를 검찰하며 민주당을 해체|||한국인 교수입니다. 첫 댓글에 잘못된 이름을 지정하고 다시 제출|||요점을 빨리 말하지 않고 뜸들이 소리가 많네요ㅠㅠ|||뉴스가 점점 터무니 없습니다.",0,1
72I65rwjBbE,한동훈 김건희 특검불출석 이유가 귀찮다.,"이봉규 대표처럼 부정선거 척도에 목소리를 내서 먼저 서 주셔서 감사합니다.|||인간이 얼마나 나쁜지 한동훈을 보면서 알고 있었습니다.|||한동훈과 홍준표를 잡고 함께 영원히 정계은퇴한다.|||속아서 시원합니다.|||그것을 보고 밝히는데 왜 그렇게 오래 걸렸는가? 지금 마지막 대통령 선거 부정선거를 밝히고 무효선언하라!|||당신은 건강해야 합니다|||징글진글핸훈9 33화|||시대의 명언 진실은 가발로 덮을 수 없다.|||나이 값을 붉게 한다|||패륜도 이런 패륜이 없다|||정말 교활한 홍준표 국민에게 부끄러운|||한동훈 이걸로 정말로 끝낼 필요가 있습니다.|||빨리 빨리 깜박이자!|||어떻게 이렇게 자랐습니까? 그래도 무엇이 잘못되었는지 모르겠습니다.|||이 악마를 반드시 감옥에 넣어주세요! 윤 대통령과 국가에 반역하고 막대한 해를 끼친 사악한 반역자! 천벌!|||구속이 대답이다,|||맞습니다.|||한동훈도 문제지만 국력 자체가 배신당이다.|||그때는 안녕하세요 지금도 옹호하고 있는 사람들과 함께 버리고|||장동혁 대표님 격렬하게 응원합니다. 배신자 기회주의자 멸공 척결!!!!!|||인 요한도 그랬어요. 우선, 토트한 것에 지나지 않습니다.|||응원합니다|||핸드훈 구속|||오늘의 교훈! 배신자는 즉시 처리해야 하는 고름이 죽인 점!|||한 형제들을 구속하는 윤리위원장",1,1
0KU-y9yEO7g,베네수엘라 다음은 한국의 경고 박승혁,"박수가 오늘도 고마워요.|||박수가의 비디오입니다. 오! 이봉규 선생님의 박수가 동영상을 올려주셔서 감사합니다! 박작가 이봉규 선생님이 최고입니다! 잘 부탁드립니다!|||성남동부연합, 선관위와 중국이 전세계 부정선거 주범.|||21대 총선 당시 파주시를 지역선거 명단에 197세.153세.147세 유권자가 투표했다는 기록이 있습니다. 197세의 김복선 할머니는 파주시 파주읍에 사는 것으로 추정되는 분입니다. 2020년에 197세였으므로 지금은 대단한 지금은 무려 202세가 되었어요! 1823년 순조 23년에 태어나 헌종철종고종종순의 임금을 거쳐 일본제국 36년을 샀고 이승만 대통령부터 최근 윤석열 대통령까지 모두 본 분입니다. 덧붙여서 김복선 할머니의 연세는 무소불위의 헌법법적 기관인 선거관리위원회에서 직접 인증한 공식 연령입니다. 주목할 점은 이번 탄핵 정국에서 열리는 2025년 6월 대선에서 김복선 할머니가 투표장에 나오는 지초미의 관심사입니다. 한편 미국의 지지된 대선에서는 뉴저지주에서 1700세 할머니가 투표되었기 때문에 일부에서는 김복선 할머니도 계속 내년 선거에 나올 것이라는 전문가들의 예측이 있습니다.|||공명선거 자유민주주의의 핵심!|||부정선거 공범자 청산 시에는 위장 우파에서 해야 합니다.|||부정선거 부정선거 중공이 망가지지 않으면 부정선거가 끝나는 ㅡㅡ거짓ㅡ아웃ㅡ카ㅡ|||윤석열 대통령은 중국 스파이단 체포를 더 이상 망설이지 않고 내일과 데데일하도록 거칠고 천하에 알려야 한다. 그럼 더 이상 나라가 망가지지 않는다.|||마법의 시대 현자 천인 출연하므로 지혜와 통찰력에 감사드립니다|||부정선거 중국이 백프에 개입한|||우리도 언젠가는 분명해질 것이다 부정선거|||맞습니다.|||나 같은 내가 저지른 범죄가 조금씩 공론화되어 파고들면 진짜 매일 매일 피곤해서 불안하기 때문에 밥도 먹을 수 있어 패닉에 오지 않는 것 같지만 정말 대단합니다.|||120세가 투표 부정선거 518 확실|||내정 간섭이 싫지만 우호 증진도 아웃시킨다|||뼈를 치는 아저씨 톱 업 젤 잼|||이명박이 민주당과 합심해 박근혜 대통령의 거짓말 탄핵을 이끌고 맹목적인 민주당의 후두부에 구속까지 되어 있었습니다 이것이 팩트!|||대한민국의 부정선거도 곧 밝혀질 것이다.|||해킹 사망자 26만명이 투표?|||중공ㅡ왕후닝ㅡ 부정선거 ㅡㅡ 가짜ㅡ 아웃ㅡ카ㅡ 부정선거 숨기는 자는 범인|||역대 부정선거에서 당선한 대통령 김대중 노무현 이명박 박근혜 문재인 윤석열 이재명입니다.",0,1
W2Hw8tcniag,전 CIA 요원이 전세계 부정선거 시스템을 노출,"부정선거 518 확실|||부정하게 제도화된다|||부정선거조작 선거 사기선거 불법선거 명백하게 밝혀야 한다|||더 명확하게|||부정선거는 만락의 근원! 야바위 도둑 정권 인하하자!|||그날 선관위 연수원에 연수원 직원과 기술자가 함께 작업을 했다고 생각한다. 이를 저지하려는 윤 대통령이 맞았다.|||대한민국은 일찍 부정선거를 일으킬 것입니다.|||한국의 선관위도 같은 조작입니다.|||부정선거 부정선거 중공이 망가지지 않으면 부정선거가 끝나는 ㅡㅡ거짓ㅡ아웃ㅡ카ㅡ|||트럼프의 응집이 고산 기지에서 다음 달부터 전개 될 것입니다.|||사전 투표 폐지. 수표합시다!|||여론기관이 여론조사를 다양하게 하고 있는 것입니다.|||가짜를 빨리 꺼내야 한다. 선관위의 싹을 제거해야|||대만의 간단한 투표가 부러워|||썩은 매스밀레거시 영원히 미워하자|||부정선거에 눈을 감고 있는 국민의 힘 국회의원은 ㅡ아웃ㅡ 부정선거에 대답한다|||수표!!! 투표를 날인하여 투표 상자에 넣으면, 개표도 통과 카운트!|||베네수엘라가 낮아지면 대가 대한민국은? 원조 부정선거 조작기계 제조공장 수출까지 한 대한민국은? 그래서 믿고 하창이 앞으로 50이라면 왜 중얼거렸는가?|||드디어 민주당과 선관위의 부정선거를 만나|||어리석은 문제는 부정 선거라고 말한 뉴욕 대학 교수가 생각나게 한다.|||세상은 도둑을 키웠다.|||전세계 부정 선거 카르텔 척! 한국도 덮쳐 부정선거 수사하라!|||부정선거에 눈을 감고 있다 cia 가담자는 누구다 장관은 모두 알고 있다 ㅡ|||정의 실현|||동조방조 침묵하는 자 전원이 부역자이며, 역사의 죄인인 것이 명백하게 밝혀질 것이다.",0,1
INPW9VTwsgI,우더랜드,"풀 비디오보기 https youtube.com watch?v OZmWKgaXKPc feature sharec|||이런 것이 특검감이다 빌리온 선 바로 조사해야 할 대표님 방송 감사 최고|||쟌베리 다시 부정조사해야 합니다 국제대회 다시 전라도로 유치하지 말아|||맞습니다. 이를 윤석의 탓이다. 국민이. 이사실을 알아야합니다.|||그라운드 씨의 비디오에 감사드립니다.|||진짜 귀에 수탉 포장 100 정확하게 설명했다! ㅎㅎ|||나도 민주당은 문제가 없고 뇌가 썩은 올바른 사실|||정말 화가났다. 부정부패가 끝도 없네요.|||너무 말이 없다.|||이때부터 무안공항 공사 입찰 부정으로 이어져 결국 참사 발생이 모두 진짜 특검 1랭크|||그때 언론에서는 대통령의 탐욕이었는데 전부 뒤집어 버렸습니다.|||같은 한국이라고 말하기에는 너무 다른 사람|||진짜 왜인지, 언제나 피해자 코스프레 바다 큰 가면서 나쁜 것은 더한 것|||푸ㅎㅎㅎㅎ완벽한 해설|||김성원님 자유 대한민국 차세대 대통령감입니다 이런 스마트하고 지혜가 있는 분이 미래 청년들이 원하는 분입니다. 한국의 미래를 꼭 이끌고 싶다..|||그런 일도 그냥 진행된다니!|||잼베리는 힘들었습니다.|||정말… 민주당 지지자들이 언제 각성할까요… 왜 그렇게 맹목적인가… 마음이 아파요.|||매우 정확합니다.|||무앙공항챔버리 이벤트는 특별한 특별함을 밝혀야|||그럼에도 불구하고 그들은 자신의 공로상을 나누고 마음을 담아 특검을 해야 한다.|||새싹을 내고 조사하십시오. 잘못된 국고에 문제가 있다면 모두 회수하십시오.|||특검을 이렇게 해야 한다|||제가 잼베리 현장을 보고 분노를 느꼈던 잠베리 전라북도 공무원, 기업은 정말 반성하라|||그랬는지 ㅠ",0,1
8aEPono3-YE,이재명이 G7에서 개망한 이유,"이란을 지지하고, 반미 친중으로 대북 송금한 대통령을 어느 국가 정상이 환영해 줄까? 웃음|||너! 좌파 우파 떨어져. 국민주권의 찬양한 부정선거에 화내라!!!!|||국민 전체의 얼굴이 뜨거워지는 외교에 자유 대한민국의 미래가 정말 걱정입니다.|||국력 대통령이라면 이번에 g7국 격락했다고 신설법을 통해 탄핵시킨 wwwwwwwww|||일본의 수상은 교토식의 주위 화법으로 이죄명을 들여다봤다.|||하는 것을 알고 있다고는 국내에서 거짓말로 선동할 뿐..|||국민이 선택하지 않은 그 사람|||부끄러움은 국민의 몫|||국격이 무너지는 소리가 들립니다. 진짜..한국은 어때?|||이시다 알본 총리의 표정은 역대급이다 wwwwww|||그는 그 북한 송금했는가? 정말 왔어요.|||점점 미디어가 북한이 되어 버려, 찬양 밖에 할 수 없습니다.|||재판은 시장 시대이며, 부정 투표는 대통령이며,|||통역자에게 악수한 리치이밍 외교개망신 국격개망신|||힘들다. 조선의 방산이 날아가게 되었습니다.|||범죄자 출신이 왔다고? 네덜란드라고 정말 왔습니다.|||어딘가에 부끄럽고 부끄러운 리자이밍 ..|||유동규 그 사람이 책을 읽는 모습을 한 번도 본 적은 없|||매운 부끄러운 것은 국민의 몫인가…|||부끄럽고 부끄러워하는 진짜|||미디어의 모든 것을 커버해보십시오.|||절대로 당첨해서는 안되는 사람이 리더가 된 것은 아직 믿어지지 않네요.|||대한민국 국민과는 부끄러워졌다|||찢어져 취급되기 때문에 통쾌하고 웃으면서도, 우리나라가 지도자가 차례차례로 이렇게 취급될 때까지 해야 할까라고 생각해 한편으로는 괴롭네요|||대한민국이 부끄러운 시기가 왔습니다.",0,1
uBBZhBgaw6s,"중국에 걸친 블랙 에이전트 목록, 시작일 뿐","정식 버전 보기 https www.youtube.com live snWeEP2fRaI?si It6wbDAkeaUj PpO|||이 세상에 스파이는 어때? 라고 말하는 사람을 의심하십시오. 그렇게 많이|||민주당이 일어나 스파이법 개정에 반대하는 이유|||그라운드 C는 정말 애국자입니다. 국민의 스피커가 되어 주셔서 감사합니다.|||간첩을 모르는 대한민국 미디어|||아니, 정말 심각하지만 국민은 아직 둔한가?|||뜨겁게 듣기가 어려운 모든 광화문에 나와 힘을 모으십시오.|||국정원장이 박지원이 되었을 때 이미 한국 정보전은 끝났|||내 지인이 정보를 가지고 있지만 스파이가 너무 많지만 잡히지 않습니다.|||하… 북한을 옹호하고 좋아하는 사람들… … 치아가 떨리는군요.|||박지원이 국정원장..기가입니다.|||방송국은 필요하지 않습니다.|||이것은 모든 국민이 모두 알아야|||우리는 모두 조국을 위해 적국에서 일하면서 가혹한 고문과 숭고한 죽음을 이룬 애국자들의 쓸데없는 희생이 반복되지 않도록 행동해야 합니다.|||문재인 특검|||적합합니다 활발히 지원합니다 노력하십시오|||매우 화가났다.|||국민이 들어 올려 국회 해산법을 보완하는 방법은 없습니까?|||이적죄로 죄값을 받아야 합니다.|||블랙 에이전트 목록에 전달된 스파이 행위에 대한 모든 사람을 잡고 처벌해야합니다!|||대한민국 국민의 안전불감증이 걸렸습니다. 이런 것이 심각하고 위험한 것인데. 귀축에서 단번에 듣고 한 귀로 흘리는 말입니다. 도둑에 닿기 위해서는 개도 짖는다고 한다. 힘들다.|||20대 남성입니다.|||오늘의 뉴스를 보면… 전방에 설치된 감시용 cctv도 전부 중국에서 실시간으로 보이도록 설정되어 있었습니다… … 참가가 막혀…|||이런 인간이 간첩 본심을 숨기고, 5년간 나라를 팔아 먹었지만, 감옥도 가지 않고, 계속 목소리를 내고 있는 것이 막혔다.|||간첩이 없다는 인간은 간첩입니다.",0,1
BAW-9fArPJE,"LIVE 장동혁, 좀 더 노력하면 차기 대권이다! 시서링크 TV 오영빈","창동해크 대표를 흔드는 중도팔이 하는 사람 모두 청산합시다|||영비전 응원합니다 장동혁당 대표를 중심으로 물어보면 국민과 함께 승리합니다.|||영 비주얼 미리보기 링크 파이팅|||도로원 성실한 성명 감사합니다.|||1위입니다.|||나도 여론조사를 받은 적이 없|||헌튼훈은 당신이 하지 않은 계명을 사과하는 것이 아니라, 정말 부끄러운 당신이 하나의 사태에 대한 진정한 사과를 한다.|||절대 저 여론 조사는 허위일 것입니다.|||이 일생 한번도 여론조사 전화 온화하지 않다 죽을 때까지 국력당이다.",1,0
HdkxmpeZMbw,김치 는 이 정도는 기본이죠️,"우리 여사님 야무지고 지혜롭고 뭐던지 잘 하실것 같아요 사랑합니다 우리 김혜경 씨 ♥️ ||| 여사님 김장김치 보니,수육.족발이 생각 납 니 . ||| 어쩜 좋아 ||| 좋아요 수고 하십니다 항상 응원 바랍니다 ||| 여사님들의 모임 화기애애 하고 음식문화도 홍보하시고 나라가 참 잘 갖추고 제대로 돌아가는 것 같습니다 ||| 김혜경여사님 ! 이번기회 김치담가보는것도 그들한테 흥미로운일이죠 ||| 우장춘박사님 고개숙여 감사드립니다~박사님덕분에 감사한 마음으로 배춧 잘 먹고 갑니다 ||| ❤❤❤❤ ||| 감사합니다!~ ~ 진짜 대한민국입니다!~~^^ ||| 세계가 김치에 푹 빠지는 그날 기대합니다 ㅎㅎ 여사님 넘넘 사랑합니다 ❤ ||| 여사님 최고~ 너무 아름다우세요~ 항상 응원 합니다 ||| 있는그대로 자연스러운 . ||| 여사님~❤ ️ 홍보대사 아주 친절하고 따듯하게 잘 하고 계시네요.~❤ ||| 고우셔라 자랑스럽습니다 김혜경여사님 고맙습니다 . 사랑합니다 건강해주세요 힘내십시요 ✨️✨️✨️✨️✨️✨️✨️ |||  ||| 여사님 너무잘하세요!!~~~^^늘 이프 여사님 잘보구있어요 자부심많이가지구있어요 대한민국국민으로써 고맙습니다늘~~~~~~사랑하고 요 ||| # 건강하세요 ||| . ||| 진짜 단아하고 품격있다!!! ||| 해외에서 하고 있다니 놀랍네요~~ ||| ❤ ||| 김혜경여사님 # K김치외교✨️✨️✨️‍♀️✨️✨️ |||  |||  ||| 응원합니다 화이팅 ! ||| 맑다 ||| 이 나라가 제대로다 대통령 영부인 다운 나라 ||| - 이재명 대통령님 ~ 충성! 울 여사님은 어쩜 이리 싱그러운 봄 느낌이실까효~ ||| 고마워요 우리 영부인님~❤❤❤ ||| ❤ ||| 말씀도 참 많이 잘하시고 상대방을 잘 배려하는게 느껴져요. ||| . ||| 진짜 너무 잘하신다. . 너무너무 좋으시고 ||| 여사님 ! ||| 준비가 늘 되어 서 항상응원합니다 히히 ||| 댓글숫자가44래서 45번로 바꿨다 . ||| 잼프 ! ||| 사랑스러운 우리 가족 ||| 내조의 힘 ||| 멋진 우리 ! ||| 우리 집 김장이라면 하나도 안힘들거 같아요 ㅎㅎㅎㅎㅎ ||| K푸드 김 여사님 행복해보여요^^ ||| ???: 세상 최종 최강의 김치 김장을 하려면 60kg 정도는 거뜬히 해야하는 것이다. 이렇게 . ||| . ||| 대한민국영부인의 날 ||| . ||| 여사님 ! ||| 못하는게 없으신 김혜경여사님 완전 반합니다 ||| 너무 자연스럽고 아름다우신 우리 여사님 너무 자랑스럽고 아름다운 여사님 ||| 이런 영부인을 원한 거였어요. 아주 . ||| 우리 대한민국의 김혜경 여사님 이 다 하시는 노고에 늘 감사합니다!! 존경합니다!! ❤ ||| # 자연스러운 여사님 하이팅 ||| 안팍으로 흐뭇하기 . ||| 최고의. 대통령과. . ||| 영부인님은 소박한 바둑 9단이시라 더 정감이 가네요. 축하드립니다. ||| 지적인 우리 들 사랑해용 ||| 날씨 최고~ ||| 진정 자연스러운 . ||| 김혜경여사님 항상 고마워요 ||| 사랑해여❤ . ||| 요리책도 보고 삼식이 남편님 식사까지 한식 고수중에 고수 ||| 경력 짬에서 오는 새로운 리더쉽 ||| K푸드 진짜 대한민국 화이팅입니다 . ||| 정말 마음이 아름다우신분입니다 ||| K푸드 홍보대사 # 영부인님 ||| 김여사님 나라가 좋아 열일 하시는 영부인 ||| 그리고 직접 담그시는 김치들도 진짜 정갈하고 맛있을거 같아요 기품있고 아름다우신 영부인님❤ ||| 아 여사님 내조 ||| 보면볼수록 기분좋아지는 장.꾸.쀼. . 장난꾸러기부부 이재명과 김혜경 줄임말 므흣 ~~~~~",0,0
QnGUCpCf-1g,"[풀버전] 튼튼한 지방자치, 강력한 균형성장 , 5(극)3(특)","부디 아프지말구 가만히만계셔도 국민들은 안도하구 믿으면서 살 내란건만 이라도 빨리 해결돼야 이통과국민들이 한시름놓을텐데 그것만을보구 다같이 힘있게 걸어갑시다 열심히 힘 모으겠습니다! ❤❤ ||| 이재명대통령님은 뭐든다하싶니다 . 대통령님 ||| 나의 대통령님 ! ||| 이재명 대통령님 잘 해주세요 ||| 역시! 지방시대! ! ||| # 잼통령 ||| 이재명 대통령 님 부디 성군이 되시길 바랍니다 . 길이남을 ||| # 사랑합니다 ||| . ||| 울잼통님❤정말 자랑스럽네요. 선진대한민국 파이팅!!!오로지 국민들과 국익만을 생각하시고 보고 계시니 국민들은 고마울뿐입니다 ||| . ||| 항상응원합니다 . ||| 일 중독. 대통령님 건강도 챙기시면서 지켜 보시기를 항상 존경하고 응원합니다 ||| 감기 조심 ||| 항상 고마워요 우리 대통령님♡ ||| 나라와 국민사랑 이재명 대통령님 ! ||| 지방 건물들 부실 건축과 시공에 대한 처벌 강화해 주세요. 지방은 뭐 다 대충대충 해도 , 이런건 또 지방 텃세 노리고 부실이 고쳐지지가 않음. 지방강화 하랬더니 지들끼리 적당히 봐주면서 해먹는 구조는 안되게 철저히 봐 주십시요. 지방 도로도 큰비 한 번 오명 폭삭 폭삭 그리고 또 덧씌우기 작업 1년 안에 누더기 도로가 되니.... 아니 뭔 도로 는 이거저거 감안해서 해야지 싶습니다 ||| TV중계로 공직자들이 많이 것 같습니다. 많이 준비된 답변을 들을때마다 이잼님의 효능감이 느껴집니다. |||  ||| 잼통령님 ! 화이팅이에요 ||| 균형발전이 지역산업과 함께 이어지길 바라며 이재명대통령을 응원하고 지지합니다 ||| 잼통님 세상끝까지 국민이 지킨다 늘 함께 하시길요 화이팅❤❤❤ ||| 언제나 환영입니다^^ ||| 대통령님 건강관리는 잘하고 계신가요? 힘내세요 . 응원합니다 ||| 극특~^^ ~ 사랑합니다 ||| 우리들의 대통령~ 대통령님 왼손번쩍 건의사항 있습니다 전국민 자동차 시동 켜기 ~ 관계부처에 지시좀 해주세요 ||| 자랑스럽다… 존경스럽다….. 감탄이 … ||| 우리 대통령님 ❤️ 최고 ! ||| 5극 3특으로 더 넓게 쓰겠다..는 대통령님의 말씀처럼 지방시대로 나아가길 기대합니다. ||| 좋은하루 감사 합니다 ||| 이재명 화이팅 합니다! ||| 이재명 대통령님 오늘도 화이팅 항상 응원합니다 ||| 갓재명 ! ||| 그대가 . ||| . ||| 대한민국 화이팅 대한민국 화이팅 ||| 코스피5000 가즈아❤❤❤ ||| 이재명 대통령님 응원합니다 . |||  ||| 대한민국이 강대국으로 가는 길을 열어주시능 우리의 대통령님, , 건강하십시오♤♤♤ ||| . ||| 5극3특에서 중점 지원 할 미래를 위한 사업 은 하나 그렇다면 다른 분야는?? 다른 분야 지원은 어찌 하나 5극3특 지원 중에 지거국 없는 울산광역시는 어찌 되나요? ||| 여러분 응원합니다. ||| . ||| # 수고하세요 ||| 좋아요 많이 하십니다 항상 응원 합니다 ||| 하나님께서 ! 대통령님!! 새벽마다기도합니다^^ ||| ❤️ ||| 우리 대통령님~최고입니다! 항상 응원하고 계십니다 너무 잘하고 계십니다 ||| 충직함 청렴함 과 성실함으로 무장하고 준비된 천재 위대한 리더 이재명 이 자랑스럽습니다 고맙습니다 존경하고 격하게지지하고 응원합니다 건강해주십시요 힘내십시요 ||| 너무 잘하고 계시죠?!! 항상 응원합니다❤❤ ||| 그걸 뻔히 알아도 사실 생각 못했는데 과감히 시도해주셔서 감사합니다. 그리고 서울분들! 조금씩만 양보해주세요. 과장이 아니라 이대로면 저출산으로 국방 무너져서 진짜 나라망합니다. ||| 대한민국의든든한마스코트 ! 화이팅!!!!! ||| 감사합니다. . 내일도 화이팅~~~♡ ||| # 어서 5❤ 3 ||| 이재명이웃으면ㆍ전국민이행복하다 |||  ||| 반갑습니다 . 함께 합니다 ||| 항상 감기조심하시고 건강하세요 존경합니다 ||| . ||| 대통령 님 내란공범들 곳곳에서 암약하고 있습니다. 척결하는데 주저하지 않도록 독려해 주십시요. ||| 잘하시고 계십니다 ~ 잘하십니다~ 연임이...안되면 담번 대통령님 되실분이 힘드실듯 ㅎㅎㅎㅎ 잼통님 건강챙기십시요... 화이팅입니다 ❤❤ ||| 존경하는 이재명 대통령님 , 희망을 버리지 않습니다 ||| # 이재명대통령님 응원합니다^^♡ ||| . ||| 센스는 역시 ! ||| 제발 지방을 살릴테니 제발 서울시장 잘 뽑자 애들아 제발 ||| 속도감이 장난 아니십니다. . 시원하고 든든합니다 |||  ||| . ||| 이잼 화이팅! 나쁜 사법부 척결! ||| 소중한 국민 이재명 대통령님 부디 건강 챙기심에도 천재명이시길~ 이재명을 선택한 국민으로서 명령합니다. ||| 우리 대통령님 ! ||| 이재명대통령님 Oh Sole Mio!!!~ 이재명대통령님 연임 ! 연임 ||| . ||| 이재명대통령 화이팅 ||| 이재명 대통령 무조건 임기 무기한 연장 ❤❤❤❤ ||| ~~ ~ 진짜 대한민국^ 민주정의~ 이재명대통령님^^ 진짜 민주정의~ 독립만세^^ 자주독립~ 자주국방^^ 대한민국~ 진짜 민족~역사^^ ㆍㆍ 이럴때...정신차려 민주당~ ~ 넉빠져..가지고 똥싸고..뭉게지마라...⚡⚡ ||| 장꾸 ! ||| 대법원을 대구로 이전 합시다.. 헌법 은 제주로 고고고 하고요.. 검찰청은 청주로 고고고.. |||  ||| 이재명대통령님,화이팅!! ||| 밍밍홧팅 ||| 김경수는 문재인 아바타할거면 정치 하라",0,0
mUXxgzTy6b8,시사인 : 혼나는 MBC 박상후,"라고 말했구먼 ||| 초상권 침해하니깐 손 놔 ||| 역시 사진사... ||| 불법촬영 하고 뭐 손대냐고 짖어대는걸 '혼낸다'고 하는거 실화냐 ㅋㅋㅋㅋ 박상후 국장이 점잖네 ||| 근데 너는 왜 찍냐? ||| 시사인 이나 뉴스타파나 시청율 뭐 하냐? ||| 니가 사람이냐? 박상후 말이 어떻게 증명됐지? ||| 박상후님 신사네. 불법촬영하고 되려 는 소리. 똥 낀 놈이 성낸다더니 ||| 박상후 선수 화이팅 ||| 사람한테 손을 대 가 할 소리냐 부끄러운 줄 좀 알아라 어른한테, 당신의 초상권 침해, 불법 촬영은 되고 말리는건 안되냐? 이런 창피한 영상이라도 올릴수 밖에 없다는건 급했다는 데 ||| 옛날에 무슨 일이 일어났는지 는 현재 정치사회 분야의 유튜브 채널 중 박상후 기자의 채널이 최고이다. ||| 역겹다 박상후 의 문화혁명이 훨신 유익하고 더났다 ||| 아 사이다.. 속이 다 좋아 역시 시사인은 사이다야",0,1
SwQfHZJi_UI,미국 취재진 질문에 동문서답하는 박근혜 대통령,와... . ||| 흐미 창피한건 우리몫이지.. . ||| 순실아 질문왔다. 뭐라고 해야 하니,1,1
AuXnBq1gKDg,[풀영상] 뉴스타파 한상진 기자 - 안종필 자유언론상 특별상 수상자 소감,"뭉클합니다 . 믿습니다 ||| 그땐 이미 윤석열의 조직에 충성한다는 말 이제야 이해 가네요 후원합니다 ||| 축하드리고 죄송합니다. . 기자를 몰라보고.. 기자님 덕분에 진실은 언젠가 밝혀 진다는 것을 알게 되었습니다. 뉴스타파 후원에 함께 하겠습니다. ||| 뉴스타파 응원합니다~~~♡ 한상진기자님 말이 야 진실보도감사드립니다 힘내세요~응원합니다 ||| . ||| 입맛에 맞으면 띄워주고 , 저주를 퍼붓 가벼운 말들에 흔들리지 마시길... 기자라는 명예를 걸고 꿋꿋하게 나아가시길... 늘 용기 내지 마시길 응원하겠습니다!!!!",1,1
mBq-FvzOLHU,더민주 정책연구위원 천만 원짜리 해외출장의 덫,어떤 건 깔놈은 까야지 ||| 대체 누구입니까 ||| 더민주뿐만이 아니고 대한민국 전체가 이수준입니다ㅜㅜㅜ 참담한 심정,0,1
_GLRmAmVVts,죄명이 어떻게 되나?[배승희 뉴스배송],"배승희 변호사님 국민의 힘 국회의윈되시고 국회 대표되시고 그다음 보수우파 대통령 대변인되고 그다음 제2의 대한민국 이 될지어다 하나님이 함께하시면 충분합니다;fighting fighting hallelujah amen ||| 제발 이재명을 재판받게 해줘 ||| 최고인 배승희변호사님 귀한정보로 국민들의 가슴을 뻥뚫어주시고. 귀을열어두고 . 항상애청하고있고 감사합니다 화이팅 ||| 김 변호사님 항상 감사드립니다 오늘도 화이팅 하십시요 ||| 꼭 그랬으면 좋겠다. ||| 윤석열대통령님 ! ||| 제발 그렇게 간절히 기도 함니다...배승희 변호사 파이팅.... ||| 지금껏 중 젤반가운소식~이재명 미국행 ||| 정말로 기다려진다 미국이 이재명를 하루빨리 압수해서 국재재판소에 내기 바라고 기다려진다. ||| 배승희!!9월 하늘 청명 9만리 붕새처럼 저 멀리 날기를^^^자유의 여전사의 1등!! ||| 대한민국 이 제자리로 돌아올수 있도록 제발좀 도와 주세요 ||| 옳으신말씀 ! ||| 제발 # 간절 빕니다 ||| 배승희 변호사님 올바른 빠른 뉴스 항상 감사합니다 그리고 끝까지 우파 의 의 창구와 힘이 되어주시니 저희들은 감사할 다름입니다 국민들이 힘을 보태겠습니다 응원합니다 제발 미국이 이재명 서 북한에 대북송금 사건등 싹다 처벌했으면 좋겠네요 ||| . ||| 말로만 보고 빨리 행동으로 실행됐으면 좋겠네요 ||| 멸공!! ||| 배승희 변호사님 힘내라힘 파이팅 ! 대딸들이 어덯게 할찌 모르니 형제 아님 남편과 같이 꼭다니시오 응원합니다 ||| 장동혁 대표가 바라는 # 배승희 자유우파 애국자! 홧팅요 ||| 애국열사 배승희변호사님 정확한 정보해설 과 말씀 노고에 감사 무더운날씨 항상건강유의하시고 힘내시고 행복하시길 빕니다 응원합니다 많은 응원부탁드립니다 멸 공 ||| 우리나라로 온다면 최고 급 입니다 기대해도 될까요 ||| 발빠르게 올바른 소식을 전해주시니 감사합니다. 이쁜 배 은 변호사님 하나님께서 축복을 내려주실겁니다. ! !! ||| 제발이요 ||| 대단히 감사합니다. ||| 어떻게 하든 공산화는 막아야 합니다 ||| 배승희변호사님 말씀과 좋은정보 감사합니다 보수유투버님들 다들 목숨 내놓고 우리 보수국민들도 함께 합니다~~ ||| 당연 인권 탄압이죠 ||| 투람푸 우리 오빠 제발 리죄명 잡아가주세요 ||| 진심으로 올바른정치가 되도록 열심히 운동지윈하여 자유민주정부를 만들기위해 , 계속 열심히 운동하자 ᆢ 사랑합니다,❤❤❤ ||| 배승희 변호사님 이세대의 열혈 애국자 이십니다 건강하세요 화이팅 화이팅 ~~ ||| 배승희변호사님 . ||| # 좋아요 ||| 배승희 변호사님 항상수고가 많으십니다 이더운날씨가 항상 있습니다 항상건강 하십시요 가열차게 응원합니다 큰용기를 타고 힘을내십시오 우리우파 국민들이 끝까지 똘똘 뭉쳐서 지켜드릴것입니다 화이팅입니다 ||| ❤배변호사님 존경합니다 고맙습니다 응원합니다 감사합니다 최고 입니다 안녕히 빌어요 ||| 배승희기자님 최고네요 덕분에 힘이나네요 ! ||| 화이팅 ! 화이팅 기운 팍팍 보냅니다 감사합니다 ||| . ||| 시원시원합니다!배송희변호사님화이팅! ||| 이 방송 들을때마다 시윈하고 밥맞남니다 손뻑치고 감사합니다 이죄명 체포소식 감동입니다 경제망치고 대한민국 정치 후손들 불상합나눈물나내요 ||| 이거 들고 일어나야 될것같은데요 ||| 들어온걸 놔주고. 햔하네요. 대북송금. # 관타나모 ||| 배 변호사님, 저는 미국에사는 교포입니다 항상 바른 소식에 감사합니다 그런대 몸조심하십시요, 이재명처럼 은 언제 칼을 갈지 모릅니다. ||| 배승희최고 ! ||| 배승희최고방송시청드고나면속이시원함니다 ||| 꼭 현실화되길 ||| 배승희 아나운서 감사합니다 힘내세요 응원합니다 ||| 하루빨리 . ||| ❤❤❤❤❤화이팅입니다 ||| . ||| 저희들은 배승희 아나운서 방송을 보고 희망을 가지고 있답니다 늘 건강하시고 좋은 뉴스 부탁 드립니다~^^ ||| 죄명이 는 구속 윤대통령 부부 는 석방 하라 . ||| . ||| # 배승희뉴스배송님 강녕하소서 극강담대하소서 적극응원기도드려요 ||| 깅 리치님 감사합니다. 깊은 사랑에 감사합니다. 나라가 공산화 되어 가는게 너무나 두렵습니다. 제발 좀 이 나라를 좀 구해 주세요. 제발 제발 빨리 구해 주세요. 거의 가 망했습니다... 하루가 급합니다. ||| 배승희,변호사,화이팅 ||| 배변호사님 석방 하세요 윤어갠 윤대통령님 석방하라!이재명구속 하라! ||| 배승희 선수 오늘도 화이팅 입니다 ❤ ||| 정말 대단하십니다.. ||| 김 변호사님 감사합니다. ||| 배승희씨가 자유우파를 위해 옴몸을 던져 고 있는것에 항상 감사하고 또한 미안한 데 항상 배승희씨와 뜻을 같이 하고있고 같이 갈것입니다. 내일 회원에 가입할게요. 감사합니다. ||| 배승희선생님감사함니다❤❤❤❤❤❤❤❤ ||| 언젠나 잘보고있습니다 . ||| 찟재판 . ||| 배승희 변호사님, 늘 힘이 됩니다 ||| 배승희 변호사님 수고 많으십니다 ||| 배승희 대표님 하나님께서 한 말씀대로 될지어다 ❤❤❤ ||| 수고많으셨어요 감사드림니다 고맙습니다 제일방송잘듣고있습니다 건강하세요 여러분 덕분에 방송잘듣고 있어 요 감사드림니다 ||| . ||| 배승희 변호사님 ~ 을 너무 잘 하십니다 최고입니다 화이팅 ||| 배변호사님 빠른소식 항상감사 합니다 찌맹이 소식 입니다 ||| 잘 했쪄여❤❤ ||| 돈을. 공장에서. 찍어내듯이. 막. 써재끼는데. 이빗은. 누가값나요. 하루빨리. 잡아갔으면. 좋겠 어요 ||| 배승희변호사님 정말 수고 하 악수로 억수로 응원합니더.❤ ||| 배승희님 ! ||| 결국 돈보다 일자리가 최고죠 기업을 죽여 일자리를 없애는 정책 , 나라 를 늘리는 돈뿌리는 정책은 미친 짓. ||| 배승희변호사님 뉴스 홧팅입니다 . ||| 범죄자가 지배하는 대한민국 을 엎어야 나라가 바로 선다 ||| 재발 그래으면 만세 ! 윤통님 복귀 ||| . ||| 배변호사님. . ||| 나 구속시켜서야지 ||| 빨리 와 ||| 대한민국앞프로힘든나라가올거을생각해보세요 ||| 어후 정말 지독하다 그정도까지 갔으면 챙피해서라도 내려와야 지 워낙 철면피라 뻔뻔함이 극치를 떠는구나 ||| 김민수 , 배승희변호사님 최고홧팅 ||| 끌어~ 내려, , ||| 제발요~ ||| . ||| 제발 제발 도려내서 . ||| 배승희 선수 늘응원하고 지지합니다 ||| 이재명 의 나라 을국민을 새각해라윤어게인 ||| 대한민국 가짜거짓유포하는 공영방송 배승희 유튜브 에서 그나마 팩트로 된 경제소식 듣게되니 정말 감사합니다 ||| 힘내세요~화이팅❤❤ ||| 함께 합니다 . ||| . ||| 더 늦기전에 큰 결단이 있어야 한다! ||| 관타나모 빨리 압송해야한다 ||| 보 들으니. 속이. 시원합니다. ||| 다 잡아가라 ||| 발 빠르고 정확한 뉴스 !",0,1
jpvcDMOwo40,눈치 없는 기자 [배승희 뉴스배송],"미국은 왜 대화를하고싶지 않은거지요. ||| 배승희변호사님 항상고생이많으시고이죄명의많은사건들과얘기들을 전해주시는것들을 잘보고있어요 항상 늘알려주셔서 고마워요 항상응원하겠습니다 오늘도 화이팅 입니다 ||| 저자들이 불리한껀은 다삭제했는데 배승희씨가 더 유익하게 시청합니다 ||| 배변호사님 최고입니다 옭은 뉴스을 볼수 있으서 고마워요 ||| 배승희 변호사님, 항상 빠르고 정확 옳바른 소식 전해주셔서 감사 합니다 ! ||| 최고 ||| # 항상응원합니다 ||| 나라가 발전을 해야 발전을 하는지 빛만잔뜩 지고 ||| 배승희 님 님 수고많았어요 ||| 윤석열대통령님 모든 불법 정치탄핵.헌재정치파면등 불법 정치구속 을 정상 ""대통령원상복귀""해야 한다.(국민의뜻) ||| 우리 예쁜 변호사님 역시 최고 늘 응원합니다❤ 다시 한번 멋진 대한민국이 올 때까지 힘내주세요~~❤ ||| 대한민국이 어쩌다가 이렇게 ? 일찍들의 원하는 세상이 이런거냐? ||| 배승희 화이팅 ||| . ||| 배변호사님 ! ||| 배승희변호사님. 응원합니다! 옳바른 뉴스 볼수도 없었는데 이곳에서 볼수있어 요 ||| 아이고 쪽팔려라 이 나라 국격이 추락하는 것은 날개가 없네요 우리나라 역대 어느 정부에도 보도 듣도 못할 일인데 정말 지금 이런 걸 보려니 정말 화가 머리 끝까지 치미네요 ||| 감사합니다 . 시원한말씀 굿입니다 화이팅하세요 ||| . 아니면 연장. 조건을걸어요 ||| 배승희변호사님 화이팅 입니다 ||| 찟제명 인생죠졋네요 글쿠나 ! ||| 화이팅 입니다 ||| 배승희님의 칼날비판 ! ||| 역시 오늘 최고 ||| . ||| 25일에 . ||| 미국 워신톤에는 지금 계엄이 선포돼있다 미국법으로 외국수상도 채포가능하다 빨리 채포헤서 미국에서 징역 살려라 ||| ㅋㅋㅋᆢ 배승희 # 최고최고ᆢ ||| # 배송배송 배 승희 변호사님 잘 들었습니다 ⚘️ ||| 배승희변호사님 무더위에 수고 많으시네요 대한민국이 정상적이 나라로 돌아갈때까지 계속 무더위 여름이 지나가면 겨울이 옵니다 ||| 항상 국민의 알 권리를 위해 감사합니다 변호사님 응원하겠습니다 ||| 트럼프가 골프회동 한다고 진짜 골프회동 하는줄 아셨서요 그것은 너만에 생각 인거지..... ||| 어쩌다 우리나라가 안정이 된 나라가 됐을까 뭐가 잘못 됐을까 안타깝습니다 ||| 퍀트방송 쵝오예요 배승희변호사님 화이팅입니다 ! ||| 정확한 지적 훌륭합니다 배승희 변호사님 # figjting ||| . ||| 김정숙이가 옷장이 18개였다는데..판결이 무효로났데요..특검왜안하는거죠? 국민혈세로 명품채워서 그옷들 어디로갔을까요? 문다혜가족들도 청와대서 혈세로 잘먹고 살 무능그자체..내려와라 제발 ||| 건강잘챙기세요 그래야 소신껏 싸울수있습니다 배변호사님의 방송 너무잘듣고있습니다 수고에 항상감사드립니다 ||| . ||| 한국은 삼권도 무너지고 죄명이가 법이고 다 안중에 없는 데 오직하면 미국가서 대접도 받지 못하겠냐 제발 외한 죄로 구속시켜주세요 ||| 민주당?지그이,한계지!더이상기대할게없는,정당.퇴출이답! ||| 이 꼬라지 좋네! ||| 안녕하세요 반갑습니다 좋아요 Ok 수고많으십니다 오늘도 항상 응원합니다 의리 사랑 해피 ❤️ ||| 어느 누가 범죄자와 대화를 잘 하겠나. 대한민국 국격을 완전히 땅바닥에 떨어트리고 만 현실에 비통할 뿐이다. ||| 잘됐네 사기꾼을 어떻게 해 ||| 동호아버지, 동호엄마~ 거봐요 ~ 찢고 구라치니깐 일이 꼬이잖아요!!~1호기 타고 법카도 못쓰잖아요~~ ||| 우리배승희변호사님대단해요그런대몸조심하세요 ||| 거짓말을 안 하는자 믿음이 전혀 안간다 뭘해도 다뻥 ||| . ||| 배승희 변호사님! ! ||| 어떻게 이런 망신이 있나요 ㅠㅠ ||| 배승희님,얼굴이 많이 예뻐진것 같아요 ^^ ||| 감사해요 ||| 영어 얼마나 잘하시는지요~~♡ 재밌었습니다 ||| 배대표님 더운여름 건강 조심 잘 하시길 바랍니다^^ ||| 트럼프 미국 대통령 ||| 트럼프 대통령이 사람대접을 재대로 … ||| 리짜이밍 의 추락 끝이없어요. 끝이 있다면 부부동반 국립철창호텔 . ||| 배변호사님 트럼프 트럼프 이재명 무시하는것 맞아요 ||| 배승희 기자 ||| 왜 외교을 해봣어야지 주먹구구식 안통해 ||| . ||| 전과4범인대 이 나라에서 선입견이 없을까. 또 뒷말 잘 하는 지도자는 신뢰를 못함 ||| 이런 상황을 왜 언급도 안해요! ||| 이게 우리나라를 지켜줍니다.열심히 하자구요 ||| 가짜인게 진짜 드러나는 순간입니다 ||| 신뢰없는 사람이 또 도발 한다면 외교는 끝이다 ||| 배변호사님 겔럽에서 전화해놓고 말도안하고 끊어버려요 . ||| 배승희 기자 ||| 하나님의 뜻대로 이 땅에 속히 시행되기 바랍니다. ||| 배승희변호사 응윈합니다 ||| 배승희화이팅 좋은연락 합니다 빨리감사합니다 배승희 배승희 ||| 트 씨는 처음 겪어볼거다 우리는 매일 겪는데 ᆢ ᆢ 존경한다 했더니 진짜 존경 하는줄 알더라 고 트 씨도 겪어 보길 바란다 . ||| 배승희님 화이팅~ ||| 자유 대한민국 윤 대통령 4800만 애국 국민 여전사 배.변 . ||| 그러게 진짜 구경한번살려고가겠지 ||| 좋은 정보 감사합니다. 연말까지 계속 구독자 갑시다. 보수최고 유튜브 화이팅 배승희! 여전사 배승희! 화이팅! 화이팅! ||| 미국 관세문제 등 횡설수설하는 외교정책에 문제가 있네요~ ~ 알바 일자리도 없는데 답답합니다 ||| ㅋㅋ~코미디언 이 더 재미있네 어의없는논평~쯔쯔 ||| 트럼프 참 잘하고있습니다 . 대북송금건으로 체포해주세요 ||| 힘찬!! ! ||| 범죄자 # 리짜우밍 ||| 김혜경 기자 ||| 존경하는 윤석열대통령님 강녕하소서 극강담대하소서 . ||| # 파이팅 ||| 각자도생 ||| 배승희화이팅!!! ||| 모두 기쁨가득한 하루되시소 ||| 공항에서 빨리 체포 구속하면 좋겠네요 ||| 외교참사 ||| 한반도 정세 설명 감사합니다. ||| 특사가 아니고 그냥 안 보는 거임.. ||| 이재명탄핵하자 ||| 정상이 아니라 . ||| 수십명이 갈건데 그 경비는 또 얼마나 들까. 정숙이 혼자 인도 가는데 는 천 3백만원이 들었는데 간다고 해도 그 돈은 오롯이 우리 세금에서...! 내 세금 돌리도~ ! ||| 일개 통역사를 주미대사로 아그레망 제출한다니 좀 무시 당히는거 같은데... ||| . ||| 항상 건강하십시요 화이팅!!! ||| 배승희.연기도잘해요 ||| 뭔 너무 영빈관 관타나모 ~ ~~!",0,1
l4a99pWTAjI,새로 쏟아진 새 증거들..!![배승희 뉴스배송],"변호사님 시원시원한 뉴스배송 감사합니다 항상 보고 있어요 ||| 지귀연 판사님 대한민국을 지켜주세요 제발 법대로 해주세요 감사드립니다 ||| 주여 대한민국을 배승희 변호사님 ! 아멘 ||| 배승희 변호사님 정말 홧팅입니다 . ||| 항상 좋은 말씀에 감사 드리구요 174만 구독자 분들과 함께 하시는 배승희 변호 님 유투브에 스타 랍니다 끝으로 다시 제자 리로 잡아 나갈수 있 응원 한다내요 ||| 지판사님! 국민이 보고 있습니다 응원합니다 역사에 남으실겁니다. 한번뿐인 삶, 그 사람들 밝혀질 것입니다 ||| 우리 배승희 힘내라 배승희!!!! ||| 배승희변호사님 감사합니다. 적극 응원 합니다 ||| 배승희변호사님 감사드립니다 . 화이팅❤❤❤ ||| 배변호사님 항상 명확한 말씀 방송감사합니다 건강 조심 하시구요 화이팅~~^* ||| 거부하는자가 . ||| 배승희 변호사님은 얼굴도 예쁘고 우파에 가까운 인물입니다 오늘도 감사합니다 ||| 북한에 대해 구속 수사하라 ||| 사법부는 이죄명재판 속히 하십시오. 서울고등법원 이재권판사님, 파기환송 선거법위반재판 속히하십시오. ||| 스스로 정화되지 않고서는 대한민국의 미래는 없다 ||| 저놈들이 왜 특검하나마나지 국힘이 특검추천못하면 이재명이 기만 살려주는것이다 ||| 배승희 변호사님 아주 시원하게 말씀 잘 듣 좀 됩니다.신변이요 항상 듣고있고 응원합니다.더 힘내십시요^^ ||| 똑똑한 변호사 님 멋져요 아멘 ! 화이팅 감사드립니다 ❤ ||| 미쳐돌아가는 대한민국을 반드시 구해야 합니다 ||| 윤석열대통령! ||| . ||| 트컴을. . 특별검사는 반드시 야당에서. 선임해야합니다 ||| 윤석열대통령 무죄다!! 업무 조사 해야!! 이죄명 일당들이 내란범이다!! ||| 간절히 기도합니다. 억울하게 구속되어계신윤대통령님석방되길 ||| 배승희변호사님수고하심니다힘내세요응원함니다우리윤석열통령님 빨리 와 주십시요 ||| 배승희 기자 ||| 배변호사님 , 감사합니다. ||| 화이팅입니다 ||| 배승희님 응원드립니다 천년만년 # 화무십일홍 달도 차면기운다 ||| 배승희님.화이팅~. ||| . ||| 전두환 댜통령이 뭐가 잔인하냐? 정청래야 전두환 대통령은 세계 공산화로부터 지킨 훌륭한 대통령이시다. ||| 배승희는 진짜 지킵니다!!!! ||| 진짜 속시원해요~~~~ ||| 근데 자꾸 암시 하면 방어한다고 엄한짓 할까 겁나요 ||| 특검하면 짜맞추기식 무혐의와 합당한 항소포기가 되게 만들어주는 특검을 임명 하라 ||| 이정부는 왜 자꾸 지들맘대로 바꾸고 권력을 적당히 휘둘려라 반드시 부메랑으로 돌아간다 ||| 배승희변호사님! ! 감사합니다.❤❤❤❤❤❤❤ ||| 범죄가 차니 스스로 . ||| 지귀연 부장판사 1)업무처리가 올바른 2)원칙에 충실하고 3)사실에 기반한 4)차분한 태도 5)흔들림 없는 추진력 6)불편부당 차기 국가지도자로 충분하다고 본다 ! ||| 배변호사님 ! 존경합니다! ||| 지귀연판사님 윤석열대통령 무죄선고 내려주시길 . ||| 속시원히 말씀하시네요 응원합니다 배 에 깜도 안되는것들 다 속아야 합니다 ||| 문재인 이재명 끌어내려라!! ||| 이명박 죄없다 석방하라!!! ||| 우리논산에딸잘한다배승희화이팅❤❤❤ ||| 윤성열 대통령님 석방하라 이재명 대장동 재판 하라 김현지 특검하라 ||| 화이팅 !! 배변호사 의 속시원한 말 최고입니다 . 똑똑한 사람 여기두고 이상한머리들로 이루어진 사람들이 정치한다고 ? 가관들이다. 차기 국회의원 은 여기 배변호사처럼 해야 합니다 .화이팅!!!! ||| 지귀연판사는 하루 빨리 윤대통령 무죄내려주세요 ||| . ||| 이재명 정청래 너무 잔인하지 진짜 내로남불이네 ||| 배승회변호사님 . 둔크게떠고7878억흘르가는곳 걱정태산입니다 지검까지 ㅈ사법부에 뮬로매수 입다막았읍니다 앞으로죄명 완전문가입니다 배변호사님 감시꼭부탁합니다 ||| 지귀현 판사님 항상 응원합니다 배승희 변호사님 감사합니다 ||| 사기탄핵 ! ||| 내란 이제지긋지하다--내란당민주당 - ||| 애국자 배변호사님 감사합니다 국힘당 10명보다 낫읍니다 . 팩트 응원합니다 ||| 어떤 유튜브 는 멍청래라고 하더군요~~~ㅎㅎㅎ멍청래!!!! ||| 배승희변호사님 항상 응원 합니다 ㅡ 빨리 이재명 감옥에 가야해 ㅡ 가짜빨리 사라져 버려라 ||| 윤석열 대통령님 석방 에 민주당 해체 답있다 ||| 그렇게 믿습니다! ||| 배변호사님 응원합니다. 최고의 힐링 방송입니다 ||| 정청래는 내란을 모의하고 조작한 내란을 모의 동조 내란범으로 이적죄 처벌을 하여야 한다 ||| 제발좀 대한민국을 위해 ||| 자유보수여전사 배승희를 위한 홧팅 ||| 윤석열 대통령님 힘 ! ! ||| 지귀연판사님은이죄명범죄자눈치보지말고국민이죄명이재판을많은국민들이원합니다내란은지금이죄명더불공산당들이저지르고있다 ||| 아 아님뭐야 진짜 빨이석방 ||| 내년 지방선거때까지 이 정권이 아니면 안됩니다 ㅠ ||| 법대로 정의롭게 ........ 자신과 자손들에게 잘 판결하는 게 그렇게 힘이드나 ... . 위해서 ? ||| 배변호사님 항상 응원합니다 ||| . ||| 정청래 힘내라. 이재명 끌어내고 한번 밀어부쳐보자. 국민들 지지할때 승부를 내라 시간이지나면 전국민이 민주당에 간다면 그때는 너무늦지않을까? ||| 당연 무죄 불법 구금 구속 된 윤대통령 석방하라 ||| 제발 김현지 구속해라 ||| 배승희 변호사님 건강하시고 화이팅입니다~ ! ||| 배변호사님 수고 많으십니다 ! ||| 윤석열대통령은 무죄다 당장 내려와라 민주당은 해체해라 ||| 배승희변호사님 . ||| 국민들. 완전 뚜껑 . 폭발ㆍ폭발 ||| 곽종근 더불어민주당 의원 빨리좀 구속시켜라. ||| 박지원 , 감방에 보내라 ||| 특검에서 별 소득이 없으니 무인기 을 걸고 있는것 ||| 정권 찬탈 쿠데타 민주당 위헌정당 민주당 해체하고 국민들의 심판 받아라!! ||| 안 보이구먼 ||| 북한은 우리나라 청아대까지 무인기 지 않앗나 ||| 찢은 옷 할 자격부터 재판받아야 ||| 변호사님 방송은 ? ||| . ||| 당연 윤대통령은 무죄이고 거짓을 알고 여기에 관련한 자들을 엄벌에 처해야한다 ||| 윤대통령 석방하라. . 죄가 될수없다. ||| 구형2년 받으니 돌았어.이변이 아니면 구속불가피 ||| 논산의 딸 배승희 변로사님 , 오늘도 정확한 팩트체크및 비판 응원합니다. |||  ||| 헌법재판관8인 . ||| 배승희변호사님은 법을잘아시니까 좌 파들공격무시하고 진실을정확하게 밝 혀주셔서감사합니다.100%믿고봅니 다 유익 한언론 지지합니다 ||| 돈 퍼준늠 USB와 한강 해상도 한 늠은 무슨죄냐 당장 수사해서 처단하랏 ||| ❤ ||| 빨리 석방해라 ||| 조은석은 구속 특감 . ||| 이재명.진짜끝이다",1,0
MBT4XkJuHFo,"[쨍뜰날] 李대통령, 쿠팡 사태에 “과징금 강화하고, 징벌 손해배상제 현실화해야”",정보유출 전에 서영교 쿠팡간부 만났는데 이번 사건과 관련 없나요 ||| 신세계나 롯데가 앞장서서 만들면 안되나? 제발 밀어줍시다!!! ||| 쿠팡을 대체할 업체를 찾아 쿠팡불매!!!!,0,3
fLEtjM-8Tno,"[김광일·박은주·장원준의 쨍뜰날] 朴 대통령 ""국가 권력 범죄, 나치 전범처럼 처리""…""이것이야말로 나치 와 같은 발상""",국민이 정신못차리는한 그들은 뭣도 겁내지않는다 이런저런 나쁜 악행을 보고도 전혀 느끼지못하는 다 더 이상 방송과 언론의 올바른 보도가 없다면 국민은 거짓된정보만 믿는다 ||| . ||| 마치 자기가 자기를 속인 수준을 말하고 있네요. 내란은 없다. 다만 계험 만이 있었을 뿐 ||| 말만 해야지 말고 대책을 말하세요 ||| 이재명 은 민주당 본인들이 한 짓거리를 스스로 자복하는 것이구만! 이런 걸 가리켜 적반하장이라고 한다.,0,1
ROyXpQ93B5o,[김광일·박은주·장원준의 쨍뜰날] “2022 대선때 양쪽에 자금 댔다”..'통일교 녹취록'서 도 여권 핵심인사들 증언,"엉터리 판사 엄벌 ! 이런 인간들이 나라를 망치고 있다. 엄벌하여 나라의 정의를 바르게 하기 바란다! ||| 더불어민주당은 거짓말이 당의 목표다. 거짓과 선전에 목숨건 다 ||| 아직도 돈에 눈먼 정치인들이 나라를 쓰레기통으로 만들고있구만. 국민들을위한정치는 개뿔! ! 해처먹는범죄집단, ||| 통일교=국힘으로 본 민주당의 선동 ||| 이 바보같은 특검과 민주세력 ||| 사이비 종교든지 돈이 있는 기업이든지 이리 저리 많이 뜯기고 눈치 보고 살고 있었구나 하나님이란 든든한 빽이 있는데 왜 이런 악한 짓 쩔쩔 맬까 강금실씨 한명숙씨 는 정의로운척 위선을 떨드니 강씨는 종교단체 명숙씨는 건설회사 돈 뜯고 쪽 팔려 어떻게 살까 푸하하 ||| 맞습니다 맞아요!! ! 법이고 나발이고 걍 ~~!!!! 뭔일난다!!! ||| 통일교가 종교 교주 문선명의 집단 인데요 . 귀신 사는 집단 아닙니까 ?돈 준 사람 은 누가 처벌 합니까 ? 특검법에 특검 만드러야 하지요 .",0,1
FbmI12xCcgA,국장 최대 리스크는 ?,"요즘 주식시장이 안좋다고합니다 대한민국 지금은 엉망진창이에요 ||| 정치가 얼마나 중요한지 한국은 너무 모른다 . 빨리 벗어나야하는데 국민들의 근면성 성실성을 정치가 다 . ||| 경제위에는 언제나 … ||| 2024년 투자 리스트로 브라질이 최하위 였는데 한국이 세계 3등이였음 ||| 그나마 이재명정부라서 얼마나 다행인지~ 주식으로 사기치면 패가 망신한다고 ~ ||| 9개월 후에서 왔습니다. 대한민국 은 윤석열에서 이재명으로 바뀌었고 지금 코스피는 3700을 돌파했습니다 삼성은 10만전자가 코앞입니다. ||| 주가조작하는 놈들 신고 안하고 처벌도 안하는데 주식투자하고 있는 사람들이 바보 ||| 당연한거 . 정치 사회를 보고 투자를하지 기업?ㅋㅋ 정확하심. ||| 자원의 분배를 어떻게 할 것인가가 정치의 존재 이유인데, 정치가 개판이면 다 지들끼리 해 쳐먹을 테 고 그러니까 이렇게 불안한 나라에 투자를 할 이유가 없지.. ||| 정치가 안정되야 경제가 성장함 으로 국민들이 정치에 관심을 갖고 투표를 잘해야 합니다 ||| 정치도 엉망이고 회사의 사람 대하는 태도도 엉망이지... 투자할이유가없어 ||| 그렇게 만든 게 그들 무리다!! 기득권이면 그에 맞는 품위를 보여 줘야지ᆢ돈과 . 미친 인간들만 추천하고, 뽑게 여론 조작질하고, 그 하수인으로 죄락펴락하며 제도까지 손 보려 하니 누구를 원망하랴!! 그러니 주가 따위 그닥 신경쓰지 않는 듯 보인다. 내국인 투자자들만 발 동동 지경!! ||| 산업의 배치,, , 갖여야할 시각. ||| 투표 잘하자…. . ||| 오호~ 글쿤요~ 투표 해야 겠네요~ 정치인들 땜에 국격이 마이너스~ 국민 안위를 위해 나라는 뒷전인데 걱정이네요~ ||| 제 무릅을 탁 치고갑니다. ||| 생각해 보니 그렇네. 기업에 투자 하기 전에 그 국가의 경제 안전 성이 더 우선 될 것이다. 아무리 대단한 TSMC라고 할지라도내란 중이라면 절대 투자 못 할듯 ||| 내란으로 더 신용이 없어졌고 내란 전에도 주식가지고 사기 친 것을 알고 , 그러니 외국 투자자가 어디 한국 주식시장을 보고 투자 하겠습니까? ||| 정치인들이 맨날 국민 어쩌고저쩌고 ㅋㅋ현실을봐라 유일한 분단국가 주적이 북한이 아니고 상대당이야 ㅋㅋㅋ ||| 국힘만 사라지면 주식시장 붕괴 ||| 한국 정치는 3류다. 지역감정에 의해 투표하고 당만 보고 는 바뀔가능성도 희박. ||| 우리도 주식 투자할때 한 회사의 CEO 를 보는데 하물며 ㅠ. 얼릉 국가 지도자를 바꿔야 한다 ||| 한국을 넘어선 나라 많음 ㅠ ||| 만물 갈라치기 정치 양극화가 세상에서 제일 심한 나라임 . 실적이 있어도 주가는 떨어지지 거기에 북한 도 있고 ||| 정확한 의견 . ||| 이분은 10년넘게 집값 3배 오르는데 내린다고 하신분 ㅋㅋㅋ 광수님 ㅋㅋㅋ ||| 문재인 대통령 바뀐지 육개월만에....코스피 4000 넘었어요..ㅎㅎ 삼성전자는..10만원 돌파했구요.. ||| - 2025년 11월4일 현재 전일 코스피 종가기준 4,221.87포인트입니다. 정치가 안정되어야 외인자금이 들어온다는 말 정확합니다. ||| 맞네... 나도 타국에 투자한다고 생각하니 기업도 기업이지만 그니라가 기업 아닌지 먼저 고려허게 되긴하네...ㅋㅋ ||| 선동정치 혐오정치를 향해 호응하는 온나라의 문제 ||| 25년 전 31일에서 오늘 코스피는 4100을 넘었고 삼성전자는 10만원을 돌파했습니다. 이재명 대통령이 상법개정과 주가조작 원스트라이크 아웃제를 시행하고 부동산에 믂여있는 을 증시로 돌려 산업을 부흥하려 노력중입니다. ||| 좋아요 수고 하십니다 항상 응원 바랍니다 ||| 국힘을 일으킨 윤석열 내란 세력들은 대한민국 잘되는데 관심없고, 자기들 배 불리는데만 관심있는 이기주의자들이었다. ||| 맞습니다 ||| 더 중요한건 주주들을 대하는 기업들의 태도 주주환원율 최하위 이걸로 답이나오죠 ||| 오빵~나 이번에 주식 살려는데 쫌 거 같엥~ 내려가게 계엄령쫌 부탁해~ 으 ~ 개엄령? O OK ||| 반만 들어도 말이네요. 우리나라의 정치문제로 인한 원인보다 재벌들의 순환출자나 고용승계등으로 인한 코리아 디스카운트가 더 큰 원인입니다. 한마디로 한국은 오너일가우선주의이지 주주우선주의가 아니에요. 그게 더 큰 이유입니다 ||| 더불어의원님들, 제발 상법 좀 잘 개정해서 기업하는 사람들이 개미돈 등쳐먹을 생각 을 해서 자신의 기업경영에 힘쓰게 해주세요. 그래야 외국인들도 투자를 할 겁니다. 최근에는 두산이 우량회사인 두산밥캣이라는 이유로 적자기업인 두산로보틱스와 1:1 로 순신간에 두산빕캣의 지분율을 엄청 늘리려고 시도했습니다. 이게 말이 되는 소리입니까??? 이러니 한국국장을 벗어나는 것은 지능순이라는 말을 쳐 듣는겁니다~. ||| 경제계와 재계들은 윤석렬을 위해 힘을 모아야 한다. ||| 대선전에 삼프로에서 대통령 이찍한 인간들 ||| 왜 대통령이 리스크라는거지! 생각보다 모든 국가는 민주주의를 굉장히 중요하게 생각한다. 미국도 영국도 아주 높이 생각한다. 예전 엘라자베스 여왕이 한국에 온것도 김대중, 노무현대통령이 한국에 민주주의 뿌리를 내리게 해서 그걸 높이사서 오셨다. 바로 옆 일본에서 초청했지만 그건 결국 가지않고 바로 영국으로 돌아갔다. 그때 노무현정권이라 조중동 기타 언론에서 다루지 않아 그걸 모르는 사람이 많지... ||| 한국의 가장 숙명같은 지역감정때문입니다 박정희의 영원히 벗어날수없는 희대의 역작이죠 ||| 아 윤석열 내보내면 오늘 가능성이 있다는거네 ||| 윤석열제거 . ||| 경제 처참하게 무너진다고 하셨던 그분아닙니까 뉴스보고 강연이나 유튭하는거아니죠? 왜케 안맞어. 인디언처람 계속 폭락할거라고 말하면 언젠가 되겠지 하는겨 뭐여. . 사실확인은 하고 유튭에서 떠드는 거입니까? 아저씨말 들었는데 그전부터 하나도 공감안옴. 전문가마냥 . ||| 나 아닌 사람이..ㅋㅋ ||| 월스트리트 펀드매니저가 왜 윤석열만 문제라고 판단하겠냐? 민주당도 똑같다고 보겠지",1,1
-iUoGreYT4Q,손석희의 질문들 .,"이미 늦었던 기득권들은 늘 몰락의 길을 걸었죠. ||| 검찰과 언론은 아예 다른 세상 된 듯 ||| 방송 보고 언론이 가장 문제인 줄 알았습니다. ||| 진짜 깝깝하더라~~ 그래도 제일 낫다고 데려온 기자의 인식 수준이 그 정도니 기레기란 게 왜 생겨났는지 는 죽을때까지 모를 거다 ||| 대한민국 시민인 저도 그 간극을 느꼈다는게...참담합니다 ||| 간극이라기보단 나는 모멸감을 느꼈다. 뭐랄가 , 무지몽매해서 그 들의 일하는방법을니들은 이해못해. 우리가 지금 일하는게 문제라고 말하는 니들이 무식한거고 무지한거야를 계속 주지시키는 느낌 ||| 언론은 다른 세상 살고 있음 ||| 다시 보았어요 아...저래서 언론이 바뀔수 없구나를 깨달았어요 ㅜ ||| 역시 유시민 대단하다 지지 않고 얻은 걸 생각하는 삶의 태도를 존경한다 ||| 그냥 자뻑하게 내버려 두세요. . ||| 이미 나온 폭로보도에 추가보도도 없이 '우리한테 제보가 왔으면 보도 했을겁니다' ㅋㅋㅋㅋㅋㅋ국민들이 다 장님인줄알지 ||| 현직 기자의 자존심을 넘어 오만과 편견으로 가득찬 신경질적인 태도를 보면서 방송 이 불편했습니다! ||| 저는 방송을 보면서 기자가 국민에게 ""기어 오르지마"" 이걸 . ||| 영화 보는 내내. 저래서 기레기 소리를 듣는구나 확인하는 굉장히 좋은기회였습니다 ||| 뉴스소비자들이 다 아는 사실과현실인식을 현직저널리스트라는 자가 모른다는게 ? 그러므로 그들은 그냥 방송종사회사원들 위에서 시키는대로하는~~ ||| 잘은 모르겠지만 , 언론은 그냥회사고 기자는 적당히 이익을 주는 회사원이라 생각합니다 전세계 꼴찌 언론수준 ||| 저것들은 우리를 무지한 계몽의 으로 봅니다ㅜ 덕분에 우리도 기더기 그 이상으로 안보구요 ||| 보는 내내 울화가 치밀었는데 득도의 를 대하는 작가님을 진심으로 대단하다 느꼈어요~ ||| 기자가 무슨 벼슬이냐 지의견이랑 다르다고 얘기할때 그표정 도 짜증스럽더라 ||| 김희원이란 한국일보 30년 베테랑이란 사람을 보니.. 참담하단 소리밖에 안나오더라. 비판을 비난으로 하고 반박밖에 할 줄 모르고.. 차분하게 토론을 하면 좋은데.. 언론인이란 사람이 흥분이 나 하고.. 후배들이 왜 다들 그런가 이해가 가는 부분이었다. 사람을 겉모습 보고 완벽히 알순 없지만.. 풍겨오는 불편한 에너지는 주변에 두고 싶지 않은 사람의 모습이었다. 어이없었던건.. 현정부에게 공격당하고 있다고 하며.. 여당과 정부우호적인 기사를 쓰며, 야당에겐 악의적인 기사를 쏟아내면서.. 국민들에게 편이 돼달라.. 왜 도와주지 안느냐? 탓하는 모습에 마치 떼쓰는 어린아이를 보는 듯한 느낌이었다. 이제 끝났다. 권력화 되었고.. 상업화 되었다. 그나마 있는 공공언론은 정부와 여당, 사유화 되어있는 언론의 공격을 받고 있다. 깨인 국민들은 끝까지 공공언론을 지지하고 지켜야 할 수 있다고 생각한다. 지키지 못한다면 그끝은 국민들의 눈과 귀를 멀게 할것이다. ||| 썩은열매는 알아서 떨어지기 마련입니다. 유시민 작가님 늘 무한 애정합니다! ||| 그 여자분 언론인이 직업이 아닌 무슨 특권계층이고 무슨 지식인인냥 말하는게 엄청 웃겼음. 그전부터 대통령 여권과 대통령실,검찰에 그렇게 따박따박 잘 했으면 지금 대한민국은 세계1등국가 되어있었을 것임. ||| 중앙일보 출신 김진하고 아주 지 않았나요? 개표방송때도 그렇고 갭이야 뭐 어마어마 했잖아요. 전원책,홍준표도 저들은 다 서정욱 급입니다. ||| 유시민작가님이 계셔서 든든합니다.고맙습니다 . ||| 기자란 어쩌면 더 권력을 가질려하는 집단 이 있다 하여 윤리의식과 소명감이 더 많아야 한다 ||| 윤석열 정권이 탄생하면서 우리 국민에게 참 불행한일이 닥친건 맞지만 한편으로는 우리가 무엇을 개혁해야하고 그것을 왜 개혁해야하는지 명백하게 보여주고 확인 다고 생각함 . 대한민국이 한번 더 도약할려면 언론개혁 검찰개혁 그리고 경제민주화 이 세가지는 꼭 개혁해야 만 자유민주주의가 한단계 도약할수 있음 ||| 그런 물건을 어떻게 할 수 있나요? ||| 기례기 라고 욕먹는 이유를 뭐라 생각할까? 시민탓, 이렇게 하겠지?! ||| 진실이 드러나는 대담이었습니다. 기자가 얼마나 레기인지 증명되었습니다. ||| 책임은 회피하고 권리만 주장하는 언론인,기레기로 확실히 인시된 다 ||| 질문하는 사람들의 문화의식을 높여야만 신뢰가 쌓여지고 상대를 것 같아요 ||| . ||| 책 읽는 내내 공감하고 공감 많이 하고 유시민 작가님과 면전에서 대면하는 기분으로 단숨에 읽었습니다. 책 읽으면서 고전외에 이렇게 즐겁게 읽기는 처음입니다. 감사드립니다.유시민작가님. ||| 언론인들이 앞서가던 지성인이던 시절은 이제 끝났습니다. 지금의 언론인들은 정보유통업체 직원입니다. 방송을 보니 지금 이야기하는 논리의 공허함이 읽히더군요. ||| 언론이 진짜 라는걸 확인하는 시간 유시민작가님 수고하셨습니다 ~~ ||| 기레기 ? ㅋㅋㅋㅋㅋ ||| 저도 그렇게 느꼈네요 ||| 과거 일제시대.독재군부시절...기자는 나라 애국 국민을 대변하는 보람된 직업이였지만 지금의 기자는 정권과 언론 기득권의 개가 되어버렸다 ||| 손서키 안 보는 게 좋을 듯 했다. ||| 유시민 장관님 항상 문재인 지지합니다 추석 명절 잘 보내셔요 사랑합니다 감사합니다",1,1
PLlZ137YkAE,12/8(월) 李 정부 6개월(조태임·김준일) 내란전담재판부(서왕진) 조진웅 은퇴 논란·똥 의 개·정청래 룰(김근식·박원석·서용주·이기인) [김현정의 뉴스쇼],"***** 12/8(월) 뉴스쇼 ***** [뉴스 연구소] 李 정부 6개월 성과 / 무산된 정청래 룰/ 민주, 사법개혁 속도전/ 국힘에서도 강제추행 의혹 - CBS 조태임 기자, 김준일 시사 평론가 / 내란전담재판부, 위헌 논란 피하려면/ ‘필리버스터 제한법’에 대한 입장 - 조국혁신당 서왕진 원내대표 [놓지마 뉴스] - 방송인 강승희 [정치 맛집] 조진웅 은퇴 논란/ 등돌린 찐윤 ‘똥 묻은 개’/ 정청래 룰 ‘당원 대표 1표’ - 김근식 국민의힘 송파병 당협위원장 - 박원석 前 의원 - 서용주 맥 정치사회연구소장 - 이기인 개혁신당 사무총장 ||| 정말 역겨운 사고방식이예요 서용주씨, 조모씨가 고3일때 범죄를 저지른게 다가 아니라요. 피해자가 미성년 여고생들입니다. 피해자입장에서보면 극악한 미성년자 연쇄강간범이구요. 그렇게 따지면 6개월 소년원 처분이 죗값을 다 치룬겁니까? 그리고 미성년자 성범죄자가 방송에 그 사실을 숨기고 십년넘게 활동한게 용서해줘야할 이유가 됩니까? 죄는 가해자가 아닌 피해자입장에서 바라봐야합니다. 고3이라서 너그럽게 봐줘야하는가보다 피해자가 더 봐줄수없는겁니다. ||| 서용주 넌 생각 바꿔먹어라. 우리가 배우은퇴하라고했냐? 비판하는건 자유고 본인이 알아서 내려온거야.그리고 조진웅의 범죄는 죄질이 악질이야.그건 인정하지? 그런인간이 그냥 범죄자 까지 뭐라하는게아니잖아.그런인간이 정의로운 역할맡으며 국가행사에까지 나와서 범죄자 아니라는거지.고3때 그런 범죄를 저지른 조진웅은 나쁜놈 맞아.사람 안변하는거야.감추고 연기하며 사는거지.돈벌어야하니까. 근데 적어도 사람들의 우상이 라면 안되는거야.저런인간들은! ||| 서용주씨 당신 가족이 그런일을 당했다고 생각해보세요. 내 가족을 죽인 사람이 티비에 정의로운 사람인냥 나오면서 살수 있다고 생각해보세요. 그런 생각이 듭니까? 용서가 될 범죄가 있고 없는 범죄가 있습니다. 그리고 다른 직업은 가져도 대중들앞에 많이 노출되는 직업은 안된다고 봐요. ||| 조진웅 지금이라도 밝혀져서 다행이다.소년이라고하기엔 고3이란나이는 거의 성인이고 강도,절도, 강간은 죄질이 너무나쁘다.그리고 성인이 된후에도 만취음주운전에 집행유예 한두개가 아니다.그냥 조용히 본명으로 배우생활하며 살았다면 이렇게 크게 이슈는안되었겠지만 이름까지 바꿔가며 정의로운역할만 맡으면 된다 에 대한 맹세까지하는건 피해자들이 견디기 힘들었을것이다. ||| 민주투사인척 하지 않았다면 정의의 사도인척 하지 않았다면 수백억 가까운 돈 벌며 다시 기회를 준 다면 베풀고 , 피해자에게 진심어린 사과와 피해를 보상해줬다면 선민의식을 가지고 대중을 가르쳐야할 대상이라 생각지 다면 이런 일이 안왔을 겁니다. ||| ㅋㅋㅋ ㅋ 명분으로 사회정의 실현은 민주당이 가장 앞서지않나요 서용주씨 ||| 중요한건 누가 과거의 죄를 스스로 고백하고 용서를 구한다 입니다. 물론 죄질도.. 연쇄강간이라 극악 범죄라 용서가 어렵지만, 스스로 용서를 구한것도 아니고 폭로당하니 그제서야 은퇴? 이건 책임지는 자세조차 아닌거죠. 강간은 그냥 지난일인거고? 자신에게 올 피해는 무서워서 책임지고 사죄조차하지않는 가해자 모습 절대로 용서해선 안된다고 생각합니다. ||| 근데 그냥 단순 범죄도 아니고 성폭행인데 무슨 청소년기에 무슨 죄를 가지고 이런다는 말을 하는 서용주는 제정신임????????????? ||| 조두순씨도 희망을 갖고 어린이집교사의 꿈을 위해 용서합시다! 민주당 만세입니다! ||| 워 서용주 소름이네 피해자입장에서 생각을전혀안하네 아무리 공천이달렸다해도 말하는 게 너무무섭다 ||| 서용주 진짜 나쁘다... 소년때 잘못한거는 어른되면 문제 없다고하면 청소년 범죄 조장하는건가, 평생 고생을 하는 거 봐야 소년범이 발생을 한다는 인간아... ||| 조진웅이 징역을 살고 죄값을 다 치뤘기 때문에 그 소년시절의 범죄를 다시 비난하는 것은 맞지 않다고 생각합니다. 하지만 항상 대중에게 노출되는 이런 직업을 가졌다는 것은 분명 문제가 된다고 봅니다. 늘상 미디어를 통해 웃고 떠들고 정의로운 모습으로 노출되는데 그것을 보게 될 피해자들의 심정은 어떨까요? 아마도 지금까지 그나마 아픈 과거를 애써 참고 살던 사람들 마져도 최근의 정치적 행보와 독립투사적인 이미지를 가져가는 것에 더 이상 참지 못하고 제보를 하게 된게 아닐까 싶습니다. 직업의 귀천이야 없겠지만 남에게 지울수 없는 상처를 남긴 범죄를 저질렀던 사람이라면 직업의 종류에 따라 그 자체가 새로운 가해가 될 수 있다고 봅니다. 극단적인 예이지만 만약 아동 성폭행범인 조두순이 징역 다 살고 나와서 반성하며 열심히 노력해서 TV 에서 교사가 되어 항상 TV에 나온다면 그 때도 서용교 저분 처럼 이야기 할 수 있을까요? 윤석렬과 내란 동조세력들이 징역 다 살고 나와서 반성했다며 다시 정치를 한다면 죗값 다 치뤘으니 어떻게 용납이 가능할까요? 만약 조진웅씨가 미디어에 자주 노출되는 사람이 아닌 다른 일을 열심히 해서 성공 했다면 이 일이 밝혀져도 지금과 같은 비난을 받지는 않았을 겁니다. 위에서 언급했듯이 정치적 행보가 이 사건의 계기가 되었을 수는 있지만, 이건 정치적 진영문제로 몰고 가서는 안될 일이라고 생각됩니다. 어째든 조진웅씨는 이런 일이 밝혀진 이상 연예인 생활의 은퇴는 당연하다고 생각됩니다. 다만 미디어에 노출이 잘 되지 않는 다른 영역에서 또 열심히 노력해서 성공하시길 바랍니다. 그 때는 저 역시 박수를 쳐 드리겠습니다. ||| 이재명은 왜 소년범은아니지 이기인 똑바로 말해야지 ||| 서용주 . ||| 서용주님 핀트 진짜 못맞추네요. 핀트는 자신의 치부를 들켰는가 고백했는가 입니다. 어느정도 성공한 공인이 라도 자신의 치부를 고백했다면 대중들이 이해할 가능성이 높았을 겁니다. 근데 요번은 들킨 겁니다. 그럼 대중들이 이해할 확률 낮아지는 거죠. ||| 서용주씨 조진웅한테 당한피해자가 자기 딸이나 부인등등 가족이였어도 조진웅 용서할건가? ||| 피해자가 지금 너무 힘들거같아요 조진웅이 가해자고.... 피해자는 지금 이런 다른 의견이 두번의 가해같아요 ||| 서용주씨 mbc가 윤석열 바이든 날리면 보도한 건 우리나라에 어떤 공익이 있어서 그런지 윤석열 개인이 라는 국가 자체가 난처한 상황이 됐었는데요. ||| 진보인데도 서용주는 ? ||| 진짜 피해자가힘들어서 제보한거다 죄를지엇으면 겸손하게 살아야한다고생각한다..반성이없는삶리 문제다 ||| 서용주, 본인 딸이 강간 당했어도 그런 말 할 수 있을까? 살인 , 폭력, 강간 다 좋은데 강간은 좀 그렇다고 주홍글씨 매달고 다니란 건 아님. 다해! 식당 , 사업, 직장 다 . 단지 공인으로 tv에 나오지마!!!!! 피해자가 본다. ||| 이기인은 ? ||| 에구 서용주 정치 그안해라 진짜 역겹다 ||| ​​서용주 이기인 아 그딴말 해봐라",0,1
z3KFsamDAek,"(라이브뉴스) 이재명 , 살려줘 SOS! / 2023.12.11","그리고 국가에 해를 끼치면 도태시키고 연금도 주지말아야 한다 ||| 위증교사 국회의원 뺏찌 때야 한다 국회의원 당선 하라 ||| 아 ~~ ||| 트럭이 도로에서 얼마나 위험하고 위협적인지 이번건은 유동규씨를 노린 다 ||| 홍준표 죄명한테 돈 받아먹었나.왜~~~ ||| 밖에 없네 지겨워요 빨리 잡아가세요 가둬요 가두라고요 지겨육 밖에는 날리네요 ||| 질질 재판 끄는 판사 실명 공개 는 국민이 알아야 합니다 대한민국에 살수 없게 해야 합니다 ||| 이죄명 빨리 구속했음 좋겠습니다 안전된 나라을 보고 싶습니다 ||| 1차로 주행하는 덤프트럭들 신고해서 벌점받고 벌금물게 하고 홍준표,이준석 철저하게 무시하고 관심주지말고 4월총선에 모습 보여줍시다. 민주당 지겹다. ||| 홍준표 는 정치인생 끝내야 합니다 너무나 변득스런사람 범죄자와손잡는인간들은 모두 죄를짓었을 겁니다 더러운정치인들은 싹을 짤라놓아야합니다 ||| 기사를. 비밀 미행하여 누굴 만나는지 미행해야 합니다 ||| 신한수기자님.정말존경합니다.속이시윈합니다.삼복더위에목마를적에.시원한.물한그릇먹은것같습니다.열심히해주세요.존경합니다사랑합니다 ||| 신해식 대표님. . 화이팅 ||| 재판을질질끄는 판사들은 직무유기로 보고 특단의 조치를 해야됩니다 ||| 홍카콜라 지조없다 ~ ^^ 기가차네 ||| 저런놈을 끌어앉자고 ? 원희룡장관님... 정신차리세요~ 윤정부 성공시켜야되지않습니까? 지지자들을 더이상 실망시키지마세요 ||| 준스기는 정치퇴출. 시키야. 됩니다 저것도. . 재조사 촉구 합니다 ||| 제발 시정이나 잘 봐요 ||| 제발 홍준표 그입다물라~!! 이젠 얼굴 않보길 바란다 왕짜증 이준석 하고 셑드로 내보내야합니다 국힘에 도움이 않됩니다 ||| 홍시장님 이제 정치 졸업할때 됏나봅니다 좌 우 우 ||| 안전된 . 찾기. 위해서는. ㅉ명이를. 법정구속. 시키세요 ||| 고장난 선풍기 ||| 법원 내규상 재판은 3개월내 처리하도록 하고 그간 규정 위반한자들 모두 징계 처리 하고 내규 위반자들 시민단체가 모두 고발하면 안되는가? ||| 홍 준표 중립적인 행동하라 ! ||| 지금 너무 늦어서. 짜증나고. 사법 부에대한 불신이 너무 커져만 . 이재명도 나쁜놈이지만 사법 부는 더나쁜 놈들 입니다 ||| 대한민국 보수 자유대한민국을 지킵시다 ||| 홍준표는 이재명 지 고 좌파에 이용당하지 마세요 정치와 범죄는 다르다 죄는 죄 될때까지 계속 수사하세요 범죄 수사 때문에 정치가 문제가 생기는것 같이 말하지 마세요 좌파들이 원하는 정치 술수다 ||| 이준석은 제가 뭘알고 , , 정말 웃겨요 제가 한일을 생각하면 부끄러워서 국으로 가만히 있어야죠 그냥 쥐뿔도 모르면서 나불나불 지겨워서. ||| 국민여러분 국민힘으로 똘똘뭉처야 대한민국 이 잘살수있읍니다 뭉칩시다 국민여러분 사랑함니다 ❤❤❤❤❤ ||| 홍준표 씨 와이 카나요 정체가 뭐지요 ||| 신혜식 선수 응원합니다 ||| 준표형 은 잘나가시다가 좋 매연 연기가 한번씩 난다 ||| 대표님 사람 은 모른다고 하지만. 이마을 훤하게 내놓고 하늘에 정기을 받아야. . 한데요. 제발 제발ᆢ ||| 신혜식대표님 발빠른 방송 해설 많은 도움 이 있어요 ||| ❤윤석열 대통령님은 자유 대한민국의 보배 가 됐으면 지옥 천만 다행 뭉쳐야 한다 ❤ ||| 신혜식대표님수고하십니다❤❤❤❤❤ ||| 준표씨 잘 하면 죄명이 준석이 하고 도 되겠네요. 자기당에다가 쓸데없는 소리를 해도 되겠습니까? 두 사람이 국민들이 바보로 보이나요? 이제 정치도 끝내세요. 국민들은 안보고 . ||| 준석아 말로만 탈당하지 말고 빨리 해라 왜 자꾸 그런 의미에서 분탕을 치냐 빨리 탈당해 ||| 홍춘표는 이제 . ||| 일명한테 끌려다는는 국힘 백명잠자고있나 시표쓰고 ? ||| 이준석 홍준표 이젠나가세요. . ||| 홍준표는 왜 안 하는거에요? 그러니 홍준표가 나온 이유에요 일관성이 없으니 대통령요? 당신 마음 쓰는거 보니 뭘해도 안되겠어요 정계에서 이제는 떠나야 할듯. ||| 혹시 홍 ? ||| 신튜부 신속한 쓴소리 너무 휼 륭하십니다 지금까지도 많이 도와주셨지만 최선을 다해서 나라가 살수 있도록 부탁드림니다 ||| 왜 윤석열은 이런거하나 제대로 처리못하는지~~답답하군요 ||| 홍씨 이제 그만 고만 하세요 ||| 꼴깞도 이만하면. 끝판왕이다. 홍가는 . . 국부로 세워서 외국에 보내기는. 우거지 상아닌가? 자신을 좀 인정하기 바란데이 ||| 구속시켰다 암살당할일 있냐 어떻게 판세 딴건대 ! ||| 준표치매기운이스며들었다 ||| .",0,1
2Qbkp0bJOco,"(라이브뉴스) 원희룡, 한동훈에 전쟁 _ / 2024.07.01","원희룡님 ! 아멘 ||| 원희룡 당대표 로 적극적으로 응원 ! ||| 맞습니다 ||| 원희룡님 힘내세요 ! 파이팅! ||| 원희룡장관님 , 행운을 빌어요 ||| 국힘 대통령을 .중심으로 똘똘 뭉쳐 승리합시다 원희룡 전국토부 장관 당대표 . 하나로 가자 ||| 한동훈 문제를 잘 치고나온 신혜식대표님 감사합니다 ||| 이거 조사해야 된다 ||| 원희룡 장관님 , 상식이 없는 한동훈 끝났다 ||| 원희룡후보님 꼭 ! 당선을위해 보수우파 단결합시다❤❤❤ ||| 원희룡장관님꼭국민의힘꼭대표승리하세요 ||| 원희룡 당대표님 힘내세요 화이팅 윤석열정부님 힘내세요 . 좌동훈 아웃 ||| 꼭 헤체해야한다고 생각합니다 ||| 우파국민의 한사람으로서 이번 전당대회 슬로건을 거부합니다. 보수속의 진보. . 대놓고 국힘을 좌클릭하겠다는 그런 좌동훈의 정체성이 왜 슬로건에 녹아있어야하죠? ||| 홍시장님 말씀에 찬성합니다 앞으로도 계속해서 그런 말씀 부탁드립니다 ||| # 한동훈을받치고있는것갇네요 ||| 윤석열 대통령 님응원합니다 원희룡 응원합니다 신해식대표 님응원합니다 . ||| 한동훈은 자격없다 ! !!! 국힘 스파이로 왔다!! ||| 윤상현님은 통찰력이 대단하신 분입니다. 가장 주요한 자산입니다. ||| 한동훈! 두번은 ! ||| 그럼에도 우파에서 동후니를 지지하는자들은 좀 이상해요 ||| 원희룡 의원 힘내세요 ||| 원희룡님이 꼭 대표가 되서 국민을 살리고 대한민국을 살려 요 ||| 삼가 명복을 빕니다 ||| 샬롬.홍시장님..역시정치.경륜에.노련하십니다..홍시장님.더쎄게..한동훈.파들.체찍하셔야함다.신대표님.. ||| 한동훈.절때로않된다.큰일난다.나라폭망한다 ||| 한동훈은 보수의 탈을 쓴 찐 좌파의 아이콘~ ||| # 한동훈 ||| 원희룡 ! ||| 지금 상황에선 저 진보의 뜻 좋게 이루 어 지지 않네요.보수를 진보로 바꾸겠는 건지.진보가 보수를 장악 했다는 건지. 슬로건 영~~~찜찜 하고 기분 나쁘네요.보수 동훈애들 다 내보내야 합니다.다 내보냅시다. ||| 한동은 절대로 ! ||| 아니면 좌익으로 구분하세요! ||| 민주당 당원이 무슨 국힘대표 할려고하냐?한 동훈 민주당으로가십시요 ||| 한동훈 의 은혜 를 모르는사람 말로가 어떨까 ||| 한동훈이인간은인간이하다 원희룡장관 님한동훈꼭물리치시고당대표꼭되세요응원합니다 ||| 원희룡 화이팅!! ||| 서병수 선관위 원장 사퇴 해라 한동훈 에 줄섰나? 한동훈은제2에 이준석 배신자가 되지말아라 ||| 서병수는. . ||| 서병수 이사람을 누가 선관위원장으로 임용했나요? 이사람 당에서 무슨 공헌을 한게 있나요,지도부의 서병수 임용 도대체 뭡니까 ? 당원들 스트레스 주는데 계획적인것 같아요! ||| 박근혜대통령 탄핵수사책임자 한동훈은당대표 . ||| 언론과민주당이 한동훈 지지하는것이 아니 이준석!!! ||| # 원희룡장관니닝♡ ||| 저인간은 배신자가 몸에벤 인간이다 저인간을 믿는 인간들도 잘 참고해라 언제간 또다시 니들을 부른다 ||| . ||| 찐 보수가 당권을 잡아야 합니다.. . 다~ 내쫓아야 합니다 ||| 홍준표. 이철우 김태흠 이런분들이 한뚜껑의 역적질 을 하는거라는 뜻이죠 . 우리들 눈앞에서 싹 사라지길 바랍니다 ||| 이준돌보다. 더 빛 나는놈! ||| 홍준표와 한동훈의 여론 현혹에 조심해야함. ||| 서병수는각성하고 . ||| 원희룡^대표^응원 합니다 한동훈 의 정치^^ 이준석의 분탕질^^이어받은 정치^^ 국힘에서 퇴출시키자 ||| 원희룡최고.~한동운은아웃.총선참패해놓고.사람이염치가있어야지~~~~ ||| 한동훈 OUT해라 ! ||| 서병수는 제발 슬로건부터 내려라 거기에 진보가 왜나와 진자만봐도 경기하겠다 ||| 국민이 박수치니 우리 아나베 한동훈이 가뉘기여 웃겨요 ||| 당대는~원희룡 ||| 원희롱당대표응원합니다. . -화이팅- ||| 애국우파 국민들은 하나로 똘똘 해야 합니다 좌파들은 주적 사상을 가지고 뭉치는대 우리 이자들같이 배워야 합니다 이재는 똘똘뭉쳐서 주적 주아파 척결을 하는대 하나 됩시다 자유통일당으로 모입시다 ||| 원희룡 전 국토부 장관님을 적극 응원합니다. 예의바르고 위아래 질서도 아시고 여러모로 최고 입니다 화이팅 입니다~♡ ||| 한동훈은 정말 강남좌파인가? ||| 전대 의 인간 좌동훈이 특검이 걸려있는데 총선말아먹고도 대표 놀부욕심 내고있으니 즉각 사퇴하고 이나라 떠나라 ! ||| 원희룡 제발 ! ||| 한동훈사람도아니야 ||| 차라리 재활용이라도 하죠 인간은 고쳐못쓰는법이죠 ||| 보수의 진보 는 후퇴다.슬로건 내려랏 ||| 서병수는 이준석때도 이준석을 두둔했어요 선관이원장은 누가 봐도 우리가 보기에도 서병수와 는 문제가 많아요. 이대로가면 당대표 선거가 공정하지 않을것같아 불안합니다. ||| 자유 대한민국을 얼마나 우숩게 ? 한동훈 대한민국을 위하는척 위장 곰팡이 ||| 선관위원장 서병수부터 위원들 모두 안 됩니다 한빠 듣보잡들로 채웠네요 ||| 국힘 비대위ㆍ선관위 한동훈위한 활동 ||| 죄명이로도 국민들 스트레스가 만땅인데... 동후니까지,,, 숟가락을 올려,,, 극 적 입니다. . 두인간~ 속히 처리좀 해주세요~~~ ||| 조중동은 정신 차려라 대통령 탄핵 운운하고 한을 밀어준다는게 어느나라 언론이더냐 ||| 보수가 진보탈을 하고 민주당 2중대 할라 그러네... 서병수는 정계 은퇴하라 ||| 이모부도 . ||| 한동훈이 깔아놓은 방석 작당해서 부정 전당대회될까 걱정됩니다ㅡㅠ ||| 양아치 노래 불러야지요 ||| # 좌동훈 트로이목마 ||| 그러니까 그게 좌파란 말이지요 ||| 보수는 자유 우파고 진보는 종북 좌파입니다. 혼동하지 고 짚고 넘어갑시다. ||| 한동훈 : 총선하니가 망한것이다 또이런자가 대표가된다절대안된다 ||| 그래서 이민청 설립해야 한다고 . ||| 서병수 해운대구청장 할때부터 좀 많이 했습니다. ||| 그리고 한동훈은 시간이 갈수록 소름이 끼치네요! 주변사람이 대체 어디까지? 진중권이 최고위원? 장인의 행적? 처남은 대체 어디가 끝인가요? 대체 ||| 국힘 선관위 다시 해야 합니다 서병수 당장 하퇴하라 ||| 한동훈님 진보를 그렇게 좋아하시면 범죄당 당대표로 나가십시요.국힘은 보수 자유 우파입니다. 보수 를 애매모호 는 말로 동료시민들을 우롱하지 마십시요.동료시민들은 보수 당정일치 원희룡을 원한다. ||| 요즘 국회의원들 싸우는거 제일싫어하는데 당대표나오는자가 대통령 탄핵기초발언하니. 청소대상 ||| 서병수 그만 나가라 ||| 선관위에 왜 맡기는지 이해가 간다 ||| 동훈아 제발 나오지 말라 박근혜 대통령 이 끌어 내렸댜면서 너가 사람이냐 ||| 9명사망 . ||| 한동훈은 누가 질문하면 애둘러대답하고 명확한 대답아니고 엉뜽해요 국민을 위해 동훈은 마이동풍 ||| 서병수를 선관위 사퇴 시켜야 합니다 서병수는 한동훈의 이름 이자는 안돼요 ||| 한동훈 거짓말을 이재명 같이하고 존나 촐랑이 ||| 한가발의 ""나도 깔꺼야"" 발언이 넘 깬다. 한뚜껑은 ? ||| 서병수부터. . ||| 원희룡 님 힘내세요 화이팅 윤석열정부님 힘내세요 화이팅 좌동훈 아웃 ||| 신대표님 말씀이 정답입니다 법무장관, 비대위원장 누가시켜줬나 말 안하고 대통님께 당후보 나온다고 도 안받고?인성이 돼 먹지도않네 ||| 한동훈이 이제 국힘당은 끝입니다 ||| 한동훈만 제외하고 누구든 . ||| 한동훈은 역시 이준석이 아른거리네. ||| 신대표님 다른방송 보면 한동훈 지지자 폭발적이라 속상해요 한동훈자격 ? ||| 서병수아웃!",1,3
0nM9vw_x3Uw,(현장 생중계) 광화문 천만 총집결! ! 광화문 행진! / 2025.03.22,"마이산 성호큰스님 한결같이 국민들 각성을 위해 열심히 애쓰심에 무한 감사드립니다. ||| 직원 분들 수고가 많습니다 화이팅!!!!! ||| . ||| 오늘 이선범 기자 화이팅 수고가 많으십니다 언제나 지지하며 응원합니다 진심으로 감사드립니다 ||| 전옥현 국정원 장 , 신인균 국방TV, 군사TV 대표님, ||| 광화문 1000 만 , 대한민국 바로잡자 ||| 가짜국회원 민주당 명단 이재명 박찬대 고민정 곽상언 박지원 황희 김동아 김민석 김병기 김영환 박성준 이기헌 이인영 이언주 이정헌 전현희 진선미 진성준 김용만 김준혁 남인순 박용갑 송기헌 안규백 오기형 이재정 이해식 장철민 추미애 허성우 문진석 어기구 위성곤 임호선 이훈기 장경태 허영 민홍철 박수헌 윤종군 이광희 이상식 이연희 정일영 황명선 전재수 김태선 이강일 서왕진 정을호 안철수 ||| 전국 동시다발 다발 나무도 살아있는 생명입니다 얼마나 뜨거웠을까 사람이나 동물이나 나무나 같은 생명입니다 ||| 신인균.회이팅!! ||| # 국민기자단 굿 아이디어 기사 채택되면 원고료 받을거고 기사 사용하는측도 기분 아주 좋은거 같아요 ||| 대통령 각하를 위해 온 애국가수 고생합니다~~~홧팅 ||| 광화문 애국자님 국민대회 응원합니다 최후 을 주실줄 믿습니다 신해식 대표님 진정응원합니다 ||| 탄핵각하 탄핵각하 탄핵각하 탄핵각하 탄핵각하 탄핵 ||| # 화이팅 ||| 이 나라를 살립니다 ||| 문형배마은혁 이미선즉각사퇴해라 ! ||| . ||| 각하 정답이다 기각도좋지만 각하가 정답이다 ||| 박근혜 사기탄핵 각하하라 ||| 강원도 산불 절대 장난 아닌것 동시다발 하필 강풍 부는날 하다하다 어런 짓 로 탄핵각하 관심끄고 전국민심을 흉흉하게 만드는 이런일 부정선거처럼 확실하게 조사필",0,1
59QOtw7tdoU,"드디어 기다렸던 소식 터졌다 “지귀연이 말했다고, 尹은...”","지귀연편들지 마세요 이미 수사받아야하는 인간입니다 ||| 판사가 정상이 아니네. 재판은엉망으로 하면서 판결계획을 사적으로 흘리고 . 정말 사법부가 정상이 아니네 ||| 하지만 두고 봐야합니다. 느슨해지면 안됩니다. ||| 사법개혁 막기위한 꼼수에 속지말고 민주당은 속히 하라 ||| 국민은 절대 다른 사람들 을 믿지 맙시다 언론들도 믿지 맙시다 ||| 풀어준 놈을 믿는다고? 내란재판부는 흔들림없이 . ||| 대법원 판결 촉구! ||| 지금도 내란은 , 특히 내란범은 조희대 천대엽 배형원 서석호 박성재 심우정 주진우 지귀연등 법꾸라지 판,검사 내란범들이다. 법꾸라지 인면수심 사기 협잡꾼 , 내란범들을 즉시 최고형 엄벌로 처벌하여 내란을 완전히 끝내야 합니다. ||| 지금 한국에서 악의 축은 친일파와 가짜보수와 돈먹는 판사 검사 언론이지요...온국민이 속지말기를 촉구합니다 . ||| 내란재판 미친 수작 ||| 사형이라고?아이고 또 함정에 가지 마세요 ||| 절대 금물 ||| 그런놈이 시간계산으로 ? ||| 절대 믿어면 절대 근본은 안바껴요 ||| . ||| 법 꾸라지에게 더이상 시간 끌지 말고 조기대 지귀연 을 끌어 내립시다 ||| 끝까지 믿을수 없습니다 이미 풀어준놈인데 믿으면 절대 안됩니다 ||| 정치검찰.정치판사들모두파면.탄핵시켜야한다.지금도내란이계속되고있다. . ||| 법과원칙으로 인해 계속되는 기각 지귀연를어떻게 믿냐구 ||| 아니 지금 박나래, 조진웅 캐비넷 열고있는거보면 진짜 뭔가 큰걸 감추고있다고 보여 윤석열 석방까지 빌드업 느낌이 진짜 크네 ||| 아무리 봐도 저 사람 이중첩자 같다. 믿을 놈을 믿어야지.. 엉터리 논리로 사람 구해 준 놈이 그 놈 사형을 때린다고? ||| 지귀연 진짜 믿지못합니다 .. ||| 조희대 지귀연 . ||| 정의를 말하던 윤이 무슨 짓을 했 보시요...성철 소장님 ||| 십석열은 사랑꾼이 아니라 배신 당한 거죠 ||| 장성철 같은 자를 계속 방송 출연 시키는 이유가 뭐지?!! ||| 나라가 널 위해서 빨리 결정해야지~ ||| 난 안믿어..지귀연은 못믿어.. ||| 아니 절대 연막탄이다... 개소리말고 민주당은 오직 국민이 심판을 바라며 마지막 기회임을 한시도 잊지말라.. ||| 쓸데없는 예상 없이 법대로 법위에 군림하는 법꾸라지 처벌합시다.! ||| 아니 지귀연이 사형 때릴거라고,,,, 삼척동자도 안 믿는다 무기도 안 때릴거임 ||| 지귀연에 뽀뽀 하지 마세요....안봐도....ㅋㅋㅋㅋㅋㅋㅋㅋㅋㅋㅋㅋㅋㅋㅋㅋㅋㅋㅋㅋㅋㅋㅋㅋㅋㅋㅋ ||| 천만의 말씀 만만의 가 쟈들한테 몰 기대하는지 몰라도 너무 모르네 그래 조그만한 희망이라도 생겨서 제발 말대로 사형이 되면 바랄게 야 ||| 내란전담재판부 , 농간질하는 장성철 ||| 확실한 보도 나오기전까지는 저런 사람 말 믿으면 안될거 같음… ||| 사랑한다니 뭐니 외부에 알려지는 건 사랑하냐 안하냐의 문제가 아니라... 연출인 거 모르시나요 ?? 그 지점으로 간 거죠 !!! 그 방법을 선택함에 있어서 양심이 없기 때문에 일반인들은 상상할 수 없는 지점까지 펼친답니다~~ ||| 지귀연은 재판하는 방식부터 ! 내란재판을그렇게 가볍게?? 엄중한 이진관판사님으로 바꿔야함! ||| 지귀연은판사자격이없다장난처럼증인신문하는꼴보기싢어저런인간이판사라는것도한심하다지귀연은석렬이제판을맞길수없는것아닌가요 ||| 사랑꾼. . ㅉ. ㅉ. ㅉ ||| 절대로 안변한다 끝까지 정신 바짝 들어야 한다 ||| 지귀연의 말을 신뢰하면 어떤 결과가 닥칠찌도 모릅니다...오직 우리의 판단과 의지 끝까지 관철시키도록 밀고나가기를 촉구합니다...화이팅하세요 ❤❤❤ ||| 요즘 장성철 말하는거 보면 기가참 ||| 조희대 지귀연이 나락가는 지름길인데 사형은 사형 국민들은 더욱 강하게 뭉쳐 대응해야합니다 ||| 그런 놈을 불러다가 토론을 하는 스픽스 를 고마해라 .... 출져도 모를 얘기들을 전언이라고 전하면서 뭐 어쩌라고... 지귀연이 사형 ? 미정의 재판 결과를 모른다고 말하는 놈이 판사는 맞나 ? ||| 정치평론가 전계완님 응원 합니다 . ||| 장성철이란 사람 믿을수가 없습니다 ||| 애초에 는 그자리에 가지 못하게 법 을개정하고 만드는게 맞는거 같은데 어떻게 해바야 지들끼리 기각하고 법 미꾸라지 빠져나오는데 보완하고 느리더라도 확실하게 잘 처리했슴한다 ||| ( 답 ||| 국민들 느슨하게ㅣ 면 뒤통수칠라꼬~~~ ||| 아니 시간으로 계산해서 한번 더 기대 한다구요?? ||| 장성철 사고방식으로는 ' 사과 안하는 게 뭐 법적으로 잘못한 겁니까?' '남편이 부인 사랑한다고 얘기한 게 뭐 잘못인가요?' 이런 식이 나와야지. ||| 개혁을피하고 국민적인 분노 쑈하는것임ㆍ ||| 저런놈을 왜 내 말을 듣냐고... ||| 장성철 이 자는 자기 가 당연지사인듯 말하네 ||| 룸빵 지귀연!!!!! 전 절대 믿지않습니다!!!!!!!!!!!!!!!!!!!!!!!!!!!!!!!! ||| 장성철이 왜 들어야하나 ||| 지금은 조희대의사 법내란중입니다 민주당 하루라도 빨리 움직여 저노마 탄핵하여야 내란종식됩니다 ||| 나경원 이성잃었다 . 끝 ||| 누가 믿나?.. ||| 지귀연은 판결을 하지않고 가만히 있다 왜냐면 섞열이가 귀연의 약점을 쥐고있기에. ||| 장성철 패널은 나오지 ? ||| “여러 방송에서 합리적 이 척하지만, 장성철은 뱀의 혀처럼 교묘한 말투와 함께 시청자를 피로하게 하는 인물이다. 특히 뉴스하이킥에서는 그의 태도가 1위 시청률을 스스로 한 것처럼 보일 때도 있다.” ||| 지귀연은 진짜 못믿겠다 ||| 옆에 누군지 모르겠으나, 그쪽 놈들은 윤석열 무죄를 주고싶어서 그런 놈들이라는걸 모르는군.. 아직도 굿짐당을 그놈들을 인간으로 보는 얼빠진 사람이 라 경악스럽다!! ||| 누가 그걸 믿으라고 말하냐 어처구니가없다 지금까지한짓은 뭐다냐",1,1
ygKCuYr-H1E,중진·친윤까지 윤석열과 결별 선언,왜 머리속이 복잡하것지 ||| 선거철 . ||| 나경원 좀 봅시다 ||| 선거철 ||| 선거철이 다가오니 또 . ||| . ||| 그게 그물이지 ㅡ. 결별하면 좀봐줄수는 있음 ||| 또 퇴근 타임 이냐?.. ||| 저것들은 지들좋은쪽으로 하고 저것들은 빨리해체하라 ||| .,1,1
vijKxXorpGs,이재명 대통령의 귀여운 고양이,울 대통령님 그릇이 큰분 연임제 하면 참좋겠어요 . ||| 아 잼프 귀여우심 ||| 민주당....만 정치 ?,0,0
HQfuAmvu3iQ,유시민 . #Shorts,"로맨티스트 이재명~머리는 냉철하고 가슴은 따뜻한 이재명 ~ 적극지지합니다 ||| 연기 수준급인 우리 재명이 유쾌한 재명이 사랑하게됐어요 ||| 진짜 이재명을 사랑할수 가 없습니다~ ||| 갓재명 너무 귀여워 ||| 유시민 작가님 남자의 탈을 쓰고 ㅋㅋㅋ ㅋㅋㅋ 작가님 말투 압권 ㅋㅋㅋ ||| 이 표정ㅋㅋㅋㅋㅋㅋㅋㅋ 진심 놀라심ㅋㅋㅋㅋㅋ ||| 싸이월드 갬성 . ||| 세 분 사랑 스럽네요~^^ 자랑스럽네요^^ ||| 와우~~이재명 이 국민이 될꼬야~~~ ||| # 이멋진문구 ~ 역시 멋지고 사랑스럽고 능력있고 모든걸 다 갖춘 우리의차기대통령 홧팅!!사랑합니다 ||| 이재명의원님 어려운환경에서도 그렇게 어머님께 사랑을 듬뿍 받으시니 항상 사람이 많은분이시네요 항상 존경하고 사랑합니다 ||| 이재명 귀염 뽀짝, 장난꾸러기, 히힛 웃는 개구장이, 싸움 의 칼잡이, 뜨거운 가슴 지닌 우리의 진정한 친구 ! ||| 맘대로 넘어오면 돼요 유시민 작가님 사랑합니다 ||| 아주 오랜세월 미치광이 검찰과 기득권의 온갖 공작과 모략과 모함을 다 받아내신 저 이재명님 사랑합니다 꼭 대통령 되어서 마녀 콜걸에게 접수당한 이나라를 구해주세요 ~ ||| 작가님 오죽하면 ? ||| 서로 의지하고 싶은 정치인이라면 이재명대표님은 친구같은 정치인임 어깨 두드려서 일르켜 같이 걸어가고 , 언능 되찾아 오자구요 ||| 나도 사랑해버린다 ( 오글거리지만 ||| # 이재명에게도 이런 감성이♡ ||| 유쾌한 김어준님 좋네요^^ ( 빵터짐 ||| 나도 벌써 # 이재명❤️❤️❤️ ||| 유시민 표정은 거의 이재명에게 빠진 표정이다. ㅋㅋ ||| 이건 퍼온글들인데 ...성남 시장 떨어지고 그시기라던데 그래서 다들 수긍하는 듯 ||| 이재명 은 모든이들의 대통령!!!♡♡ ||| 너무나 너무 사랑스러워요 ᆢ 이재명 ||| 진짜 인제에요. 제가 보는 게 보통이 아니 거든요 너무 매력 풍부해요. 진짜 쵝오 완전 남자다.상남자 ||| 선거벽보에 저 글귀 중에 한줄이라도 ? ㅋㅋㅋㅋㅋ 저 싸이 갬성 ㅎㅎㅎㅎ 좋다 ..좋다 ....ㅎㅎ ||| 너무웃겨ㅋㅋㅋㅋㅋ 진짜 다좋은데 어똑하지ㅋㅋㅋㅋㄱ ||| 아~후보님 정말 싫다 다신 저런 글 남기지 못하시게 청와대 보내서 고생좀 좀 할까봅니다 ㅋㅋㅋ ||| 유시민님. 항상 더 자주 보고 싶어요. 많이 활동해 주세요~~~ ||| 와~~~ 이재명감동~ 눈물나,, 일도 감성도 국민을 위해 일잘할듯 ||| 아 ~~ 눈물난다. 재명 미안해 ||| ㅋㅋㅋㅋㅋㅋㅋㅋㅋㅋㅋㅋㅋㅋㅋㅋㅋ싸이월드생각낰ㅋㅋㅋㅋㅋㅋㅋㅋㅋㅌㅋㅋㅋㅋㅋㅋㅋㅋ ||| . 난다 . 진심 ! 저런글은 낯뜨거워 쓸수도 없는글을 쓸수 있다는거... 마음에 는 절대 쓸수 없는 말 , 사랑한다면서요 . ||| 유시민씨, 힘내십시오. 처음부터 유시민씨는 관심 없습니다. 참으로 힘든일인데...존경합니다 ||| 지성 천재 감성 지성 능력 천재 국정운영 최고 수장 차기 대통령되셔서 지금보다 우뚝 세계무대 반열에 대한민국을 세워주 세요!! 유시민 장관님 인성 바르시고 해박하시고 작가 다운 문학적 말솜씨 최고 ||| 진짜 그러네 오글거리는 건 우리몫이넼ㅋㅋㅋㅋ ||| 아 진짜 웃겨 진짜 ||| 이미 이재명을 알아버려서 가슴이 아프고 늦게 알아뵈서 죄송하고 더 큰일하시고 더 크게 되시라는 걸 봅니다 ||| ""남자의 탈을 쓰고 쓸수있는 글이 "" . ㅋㅋ. 역시 갓재명. ||| 사랑할 자신 밖에 없는 이재명입니다 ||| ㅋㅋ안그러면 다 사랑해버린다 ~~~~~퍽!!!!ㅋㅋ ||| 난 왜 눈물이 날까 ~ ㅠㅠ 아… 이 형님들이 진짜 열심히 하네 ㅜㅜ ||| 사랑해 버린다^^ 이렇게 깊은 사랑 이재명 영원한 우리의 영웅 입니다ㆍ ||| 이재명 유시민 트위터 좋아요 이거 보고 오랜만에 미소지었네요 ||| 이재명 지금은당대표죠 진짜 사랑합니다 ^ 응원^ ||| ㅋㅋ 진짜 갬성 ㅋㅋ ||| 미치게따~ 이재명 매력쟁이~~ 꼭 대통령이 되셔야할분~~ 이 두 명 ||| 난 벌써 봄 ||| 이재명 의원님의 이런 모습을 여자로서 보았습니다~약간.... 이시대의 최고의 정치인이자 최고의 남편 깜입니다~~ ||| 이재명 멋진사람 , 낭만까지 겸비한사람 ||| 난 첨부터 알았는데, 달달한거 알았는데.. . 귀염뽀짝 요물인거 알았는데.. . 그래서 1번 찍고왔다는, 울집은 5표!.낼 부터는 밭갈러 가야지.. ||| # 로망슼ㅋㅌㅋㅋ ||| 넘어오면 사랑해버린다 ㅋㅋㅋㅋㅋㅋㅋㅋㅋㅋㅋㅋㅋㅋㅋㅋㅋㅋㅋㅋㅋㅋㅋㅋㅋ 빨리 청와대 가서 싸인 주세요 ||| 이재명씨는 재미있는분입니다 순수하신분입니다 그래서 이렇게 쓸수있네요 ||| # 이재명의원님^^♡♡♡♡♡ ||| ㅎㅎㅎㅎ이재명 예전 블로그글들 여초커뮤니티에서 조리놀림 고 있어요ㅎㅎㅎ 귀엽고 오글거리고 그러네요. ||| 아 BGM까지도ㅋㅋㅋㅋㅋ 오늘 도 넘 잼나겠당 ||| 나 이런 글이나 쓸 시간 있으면 언능 청와대로 가..퍽...ㅋㅋㅋㅋ ||| 이재명 귀여운 구석이 좋아 ||| 웃끼네 나 갑자기 눈물이 글썽 ||| 그러기때문에 어려움을 이겨 낼 수 있지 않았을까요? 라고 생각 해봅니다. ||| 마음이 따뜻한 천재 유시민 ! ||| 이재명 진짜 멋있다. ||| 노무현대통령님은 끝까지 지켜드리지 마세요 이재명의원님은 지켜드립시다 ||| 제목 어그로 보고 놀랐잖아.. ||| # 이재명ㅠㅠ ||| 오래오래 우매한 국민을 이끌어주세요 불의에 눈뜰수 게 도와주시고 현안으로 볼수있게 도와주세요 유시민작가님 존경합니다^^ ||| 이건 중2병을 넘어 바로 잼2병....영원하라 ||| 사람냄새나는사람들! 이런사람들이 ! ||| 인간의 한계 쓰곸ㅋㅋㅋㅋㅋㅋㅋㅋㅋㅋㅋㅋㅋㅋㅋㅋㅋㅋㅋㅋㅋㅋㅋㅋㅋㅋㅋㅋㅋㅋㅋㅋㅋㅋㅋㅋㅋㅋㅋㅋㅋㅋㅋㅋㅋㅋㅋㅋㅋㅋㅋㅋㅋㅋㅋㅋㅋㅋㅋㅋㅋㅋㅋㅋ ||| 이재명.김어준.유시민...다 사랑해버린다~~~ㅋㅋㅋ 제발제발 이재명 되길... . 접전이라고해서 너무 걱정됩니다ㅠㅠ 이재명되겠지 믿고있어도되겠지요 ||| ㅋㅋㅋㅋ이게 뭐야 ㅋㅋㅋ ㅋㅋㅋ 찐사랑남이었음 ㅋㅋㅋ ||| 감성 잏는 남자 , 재 명 ||| ㅋㅋㅋㅋㅋ 나 진짜 사랑해버린다?ㅋㅋㅋ 오글거려ㅋㅋㅋ 우리 이잼, 사랑하지 않을 수 없어~~ ||| 유시민 진짜 미치게 웃겨 ||| 진짜 ㅋㅋㅋㅋㅋㅋㅋㅋㅋㅋㅋㅋㅋㅋ 이재명 ㅋㅋㅋ 웃기는 사람이야 ㅜㅜㅜㅜㅜㅜㅜㅜㅜㅜㅜㅜㅜㅜㅜㅜㅜㅜㅜㅜㅜ 제발 대통령 님 ㅜㅜㅜ ||| 이재명후보님께서 대통령인 나라에서 보고 싶습니다 오직~~!! 이재명 축복하고 사랑합니다 ||| 스윗가이..이재명..SO VERY SWEET . ||| 이재명을 . ||| 사랑해버린다ᆢ 이재명을 캐스팅 됐습니다 위기의 대한민국 잘 부탁드립니다 이재명 유시민 김어준 화이팅~ ||| 항상 보고있지만 이런 사랑을 느낍니다 ~많이느끼고 생각합니다 ~~ 이것이 서로 허물없는 사랑 입니다 ❤ ||| 유시민 선생님 보고싶습니다 유튜브라도 나와주세요 . ||| 사람 냄새가 난다. . ㅎㅎㅎ 너무 좋은 이재명 ||| 눈물나게 좋아하게 됐어요 이재명 님 다음에는 청와대에서 보고싶네요 됄때까지 포기하지 않습니다 ||| 진짜 마음이 너무 아프다 ||| 진짜 이 글은 이재명의 탈을 써야만 쓸 수 있음. ㅋㅋ ||| 내 탈을 쓰고 ㅋㅋㅋㅋㅋ ||| 보기좋으네 서로 에 믿음이있다는게 부럽다 ||| 아~~ ~ 웃었네 ㅋㅋㅋ ||| 유작가님 이런 모습 아 웃겨 ㅋㅋㅋㅋㅋ ||| 오글거려도 저런 느낌 받고싶따아~~~ㅋㅋㅋ ||| 감성 넘치고 얼마나 애잔함이있는지 이 글로 알겠습니다. 시민 들이 원래 이런맘이 있지만 부끄러워서 못쓰잖아요. ||| 이재명 이 이런 유머와 재치까지 겸비한 분이실줄이야 도대체 못하시는게 뭔가요 딱 한가지 예쁜딸이 없다는거ㅎㅎ 유작가님의 귀여운 표정도 압권입니다 ㅎㅎ ||| 확 ! ||| 상황은 너무 유쾌하고 좋은데, 이런 거 다 자르고 퍼 담는 기레기 있을까 걱정해야 하는 현실이 너무나 안타까워 빨리 기레기 청소해서 이런 걱정 안하고 싶다. ||| 우리 이재명후보님 어린시절 아주 개구 쟁이 귀여워요 ||| 문학 적 이재명 가능성 다분. 톨스토이 감성이 복숭아꽃피다, 향기와 열매가 더불어 ||| 이잼 귀요밍 유시민작가님 멘트 쵝오♡ 어준행님 하하하하 다 ||| 유시민 지지철회라니 ㅋㅋㅋㅋㅋㅋㅋㅋㅋㅋㅋㅋㅋㅋㅋ 저런 글 5년동안 쓸 생각도 못하게 청와대에 넣어놓고 일만 함 ||| 나 유시민 사랑해버린다!!",0,0
LSyntWYQ980,"[김어준의 뉴스 249회 한동훈 대 정봉주, 검찰의 불러뽕, 50억 시찌구리","(판)검사출신의 국회의원 꼭 법안 추진하시길 바랍니다. ||| 쑥스러워하시는 정세현 장관님... 이시대의 참 을 저도 읽도록 하겠습니다. 항상 건강하십시요. ||| 검찰독재 끝낼 분은 이재명뿐입니다 이재명대표님 끝까지 응원합니다 . ||| 정세현 님 존경합니다. 책 구입했습니다. 열심히 읽고 세계를 보는 시각을 넓히도록 하겠습니다 ||| 나의 유일한 낙은 겸손은 힘들어 ! 열일하는 김어준 화이팅^-^ ||| 그 힘을 40%대나 지지한다는게 믿겨지지 않는다..사람도 아니다 저들은.. ||| 김어준 총수님 감사합니다 ~ ~ ||| 조국일가는 그 누구보다 더 떳떳합니다!!! ||| 이재명 조국의 깨끗한 삶~ 인정! ! 한번 출연시켜주쇼.. ||| 아 완승! 정의는 우리가 바로 세웁시다!!! ||| 이재명 대표님을 지켜야만ᆢ 이재명 대통령 이어야 ᆢ 대한민국이 다시 돌아갑니다!!! ||| 리아님 너무 감사합니다 정말 큰힘이 될 것 같습니다 ||| 다음 에 완승해서 검사 정치 금지 헌법 개정을 반드시 해야 합니다!! ||| 검찰은 절때정치 못하게 빨리 만들어야한다. ||| 추운데밖에서 대표님을 응원해주시고 지켜주신 동지여러분 너무너무 감사드리고 또 감사드립니다. 먹고사는게힘들어서 도 제마음은 열심히 하고있습니다!!! 대표님이 힘든조사받고 나오실때 외롭지않게 밖에서 응원해주시고 기다려주신 여러분 사랑합니다♥♥♥ ||| 곽상도 50억 사건을 담당한 검사, 판사들 이름이 길이길이 에 남기를 바랍니다. ||| 이재명민주당대표 반드시 이재명대통령 해냅시다!!!! 김어준 총수님 건강하세요 . ||| 부패한 판사 산채로 껍질을 벗겨 판사석 깔개로 만든 후임판사들에게 부정부패에 대한 경각심을 일깨워야한다 페르시아왕 캄비세스가 했던거처럼!! ||| 곽상도 아들은 50억 받으는데도 ~ 참~기가막힌다 더이상 할말없데이!! ||| 한분의 인생 그본분을 다하시고 나머지인생에서도 국가를위해 바른이야기를 담으신것같아서 좋네요^^ 책주문할께요~^^ ||| 다스뵈이다 . ||| 정세현 장관님, 저 5권 샀습니다. 고맙습니다. 주변에 하고 싶은 데 써주셔서 . 장관님 오래오래 건강하세요. 어르신께 위로받는 한 사람 올립니다. 감사합니다. ||| 조국교수님 가족 여러분 사랑합니다 ||| 경제가 망가지고 서민의 삶이 무너지는데, 너무 빨리 그 폭정이 끝났으면 좋겠네요. 신이 있다면 제발 천벌 받기를 ..... ||| 겸손과 다뵈 시청은 민주시민의 의무! 페이스북 좋아요는 당연한 의리! ||| 애민정신 넘치는 이재명 대표님 조국교수님 언제나 변함없이 끝까지 함께 하겠습니다 조민님도 다뵈 가끔 출연해서 같이 힐링좀 받아가면 좋겠어요 ||| 김어준 오늘은 었던 뉴스로 사로잡으시련지 기데 됨니다 뉴스공장 힘차게 출발 하세요 ~~~ ||| 타국살이 중인 교민입니다. 이제는 김 총수 얼굴을 알아보는 홍콩인 남편이 김 총수 같이 든든한 스피커가 있다는 게 축복이라고 말 한 마디에 귀가 우쭐해지는 주말 저녁입니다. ||| 다시는 정치 검사 출신 정치 못하도록 시민이 나서 ||| 총수 고마와요! 신변호사님 아직 몰랐어요 어서 나아서 출연하세요 보고싶어요 ||| 곽상도50억 무죄에 천불나지만 겸힘뉴공 자 월말 김어준으로 힐링 힐링중이에요 김어준 총수 사........ㄹ 존경합니당 정세현 부의장님 존경합니다 탁현민 비서관 쵝오 재미남 ||| 김어준총수를지켜내자 ||| 김어준 총수님 존경합니다 정세현 님 존경합니다 김어준의 겸손은 힘들다 뉴공 전세계 1위 동접 가즈아 ||| 정새현장관님 애국을위한 애국심은 대한민국 국민들이 반드시 가질 의무있다고 생각한다. 정새현장관님의 쓰신 책 통찰을 구입합시다. ||| 김어준 ♡♡♡ 참 고마워요. 이런 시간 갖게해 주셔서!!! 화이팅입니다! ||| 국민을 을 위해 매월 한번이상은 전우용님과 박태웅님을 꼭 출연시키길 원합니다. ||| 정세현장관님 건강히 오래오래 사십시요 항상 존경 합니다 ||| 이재명은... 정조대왕이후....대한민국 최고의 정치가 될것이다라고 확신합니다...^^ ||| 어준형 이번주도 땡큐~! - 모르는 사람들을위해 매주 주제/게스트별 핵심영상 만들어 줘 - 정보밀도가 요즘 너무 낮아졌어~! ||| 사법부,검찰,언론,기더기개혁만이답! ! 총선후 꼭 이뤄지길바랍니다! ||| 지금도 가끔 술먹으면서 다뵈는 틀어놓고 친구들에게 조국가족재판 과정에 대해서 설명중입니다 정말줄요합니다 언론이 이야기를 안해주니 우리가 이야기 해야합니다 우리가 언론이 되야 한다 ||| 이번 기회에 수능점수 조작 서울대 의대, 연대 의대 부정 입학자들 부모들의 통장기록 모두 조사합시다~~ 부정입학자들 모두 도려내야합니다. 두려워하는 학생들 많을겁니다. 생명을 다루는 학과이니 당연히 맞습니다. ||| 여론조사 기관 조사 첨으로 는데 마지막에 '꽃'이라는 멘트에 너무 놀라 혼자 겁나 아는척 했네요ㅎㅎ 수고하십쇼~~~ ||| 김어준총수 화이팅입니다 곽상도아들50억무죄?이게나라냐? ? 6백만원유죄 ㅋㅋ ||| 요즘 일어나는 일들을 보고있으면 진짜 그냥 어제 일 뿐인데…조국 전 장관님 조민 선생 이재명 대표님 모두 담담하게 또 열심히 임하시는 모습 보면서 힘을 내게 됩니다. 우리 모두 지치지말고 포기하지말고 함께 힘을 냅시다. 다시 시작~~ ||| 멋진 방청객분~~~~~~ ㅎㅎ 덕분에 오늘 꽃다발받으신 정세헌님도 행복하셨을거같아요!! ||| 정세현전장관님의 등대지기에서 는 멈추지가 않네요 국가를 사랑하는 등대지기님들에게 진심으로 감사드리며 응원합니다~~! ||| '공공재다.'... 진짜 애국자시다, 정세현 선생님. 저도 책 샀어요. 도착하면 담아주신 내용 을 흡수할게요. 감사합니다. ||| 영국은 검사는 잘 나오지 못한답니다. 우리도 합시다. ||| 탁현민은 사람을 사랑하고 그 마음을 타고 난 사람이네요..그게 행사 연출에 녹아있네요 탁현민의 재발견 ||| 정세현 장관님 정말 존경 어르신 ㅠㅠ 책 잘 안읽는데 정말 읽어보고싶네유 탁님 너무 재밌어!! ||| 선 좋아요. 선 시청. ||| 김어준은 국보다! 그 뭐래도! 건승을 빕니다! ||| 이재명 의원님 늘 감사 합니다 존경합니다! ||| 의병장어준횽고마워요!!!! 덕분에숨이 쉬어진다는ㅠ 이제 좀 더 강하게싸워야 ||| 이재명은 ? ||| 내가 살아있는동안 딱 두명의 대통령이 보고싶은데 이재명과 유시민 딱두사람 대통령되는 동안 한번 살아보고싶다. ||| 오늘 방송 은 ㅋㅋㅋㅋ 큰 웃음과 희망 주는 방송 ||| 진실 은 우리가 지켜야 한다 우리는 조국 장관에게 큰 빚이있다 큰 빚이 있음을 잊지말아야 한다 ||| 정세현 선생님, 진정한 어른으로 느껴집니다. 바로 책 을 했습니다. 오래오래 뵙고 싶어요~~~ 건강하셔요!!^^ ||| 다음 총선에서 완승해서 검사는 정치 할수 없게 법 명시합시다!!! ||| 총수님!!! 조국장관님 억울해서 ! ||| 어제 저녁 도이치 뉴스결과 보면서 고구마 천만개먹은 기분이었는데 다스뵈이다 보면서 그나마 해소되네요~~공장장님 감사해요^^ ||| 공무원 월급받는 검찰들이 엉터리 수사하고 허송세월 했으니 고발 합시다! 말도 않되는 수사로 결국 아무 혐의도 없이 책임을 저야지요! ||| 리아님 의 용기에 박수를… 다른 영향력 있는 분들도 용기내서 동참하면 좋겠네여 ||| 법을 어긴 죄가 없는 국민에게 죄를 뒤집어쒸우는 행위는 강력하게 처벌해야한다. 검사, 판사까지..그래야 나라가 제대로 선다. ||| 정세현 씨 멋있어요. 존경합니다. 건강하세요^^ ||| 정세현님 이 구매했어요 제 아이도 읽게하려합니다. 기록으로 남겨주셔서 감사합니다 ^^ ||| 김어준 총수님 좀 쭉 계셔주세요 ||| 다음 총선 압승을 위해서 우리모두 힘을 내어 열심히 밭을 갑시다 ^^ ||| 정세현장관님~ 항상 통찰력과 혜안으로 말씀 일깨워주셔서 뜨겁게 감사하고 존경합니다~ ||| 다스뵈이다 겸손은 힘들어 오디오로만 듣고싶다 직업이 운전이라 짬내서 들어도 넘 힘들다~~!! ||| 아름다운 이야기 사랑스런 이야기와 사랑스런 눈길과 훈훈함을 나눌 수 있는 프로그램. 이런 프로그램을 만들어 주시는 여러분들에게 고마움을 전해드립니다. ||| 누가 나와도 윤가보다 . ||| 정세현전장관님 감사합니다 객원님도 감사합니다 ~~ ~ ||| 한동훈은 1초도 참지못하고, 쉽게 흥분하는게 성인 ADHD 임이 라 ||| 0:00 이재명을 부른다 ||| 공군사관학교 졸업생 때 의 영상 너무 감동적입니다 ᆢ 탁현민 너무 잘했다 ㆍ 따뜻한 사람 ♡♡♡ ||| 정봉주 의원님이 한가랑 어울릴듯 하네요 이분 공장장은 혜안이 있어요 ||| 검찰공화국..청렴한 이재명 . 검찰이 국민에게 무슨 짓을 할지 끔찍하다. 믿을수 있는 이재명이 있어 다행이다. ||| 문재인대통령님은 세종대왕급 이재명대표는 정조대왕급 . 두분은 꼭 지켜야 합니다. ||| # 감사합니다 ||| 통찰, 미스터 프레지던트 같이 잘 읽겠습니다! ||| 검찰의 숨은 만행을 속속들이 알게 되니 정말 죄도 만들어 내는 악독한 단체라는것을 보게 되네요 이런 집단은 정말 싸워야 할 악의 뿌리 입니다 내용 들으면서 이 납니다 ||| 기미독립선언서 호사카유지 교수님 , 결국 눈물을 참지 못했네요. 멋집니다. ||| 속이 터져 것 같아요, 정말 어떡하면 정상으로 돌아갈까요 ||| 책 구매 후 귀여우신 어르신 이십니다 ||| 여론조사꽃에서 전화 받았어요 . 반가워서 저장해도 되나요? ||| 전주시민 여러분 자랑스럽습니다. 정세현 장관님 고향 우리나라 외교계의 새 영웅 정세현 장관님 ||| 정세현장관님을 매우 존경합니다. 통찰 꼭 사 세요 감사합니다~~♡♡♡♡ ||| 꼭 조국 가족들 명예회복을 위해서 . ||| 검사, 판사, 기자 여러분들... 진심으로 부끄럽지 않습니까!? 나는 이 시대를 살아내는 것이 너무나 수치스럽고, 이 후안무치 세력에 의해 고통받고 있는 모든 분들께 죄송하고 미안합니다! 그럼에도 나의 삶이 부끄러운 지 참을 수 없는 비애를 느낍니다! ||| 조국 전 대통령 가족분들 꼭 이겨내세요! ||| 이재명 대표님이 검찰에 소환되어 나가는 것을 너무 쉽게 얘기하는 것은 아니라고 하지만 이재명 대표님 본인은 얼마나 힘들겠어요. 지지자인 제 볼때도 이렇게 힘든데 ㅠㅠ. 민주당은 이재명 귀한줄 알아야합니다. 이재명 대표님은 지금까지 오로지 더나은 국민들의 삶을 위해 성실하고 청렴하게 일 해온 사람입니다. 그 누구와도 비교할 수 없는 길을 걸어온 사람이고 이재명식의 정치를 지지합니다. 우리가 좀 더 많은 걸 해 줍시다 ||| 대한민국의 검사,판사 수준을 보면 , 속히 법개정 하여 바른판단 하게하고, 해바라기판사,검사 는 형사처벌 받게하자. ||| 79세 할머니 입니다 나이를물을때 전화 라고하면 70대는 다찻다고 전화를 끈는경우가 여러번 있어어요 ||| 다음 정부에서는 검찰 수사에 참여한 수사관 , 검사와 재판한 판사, 한줄이라도 기사를 낸 기자와 데스크 , 언론사 사주를 로수쿨을 졸업한 사람중 판검사자녀나 친척은 빼고 300명쯤 뽑아 특별수사단을 편성해 조국교수와 동일한 잣대와 동일한 횟수의 압수수색과 동일한 죄목으로 티클의 관용도 없이 그냥 물어야한다 ||| 이재명 대표님을 . ||| ""통찰"" 바로 글 잘 읽겠습니다. 감사합니다. ||| 기미독립선언문 너무 감동이네요!! 우리는 이렇게 멋진나라의 국민이었군요!! 다시 한번 힘을 냅시다!!",1,1
s-6__aT9V5k,장경태 “트라우마 남을 듯…마음 추스르겠다” / 종합 / 뉴스 TOP10,"진짜 귀여워 ||| 아 미쳤네 ||| 만진놈이 트라우마 는 피해자는? ||| 당장 ! ||| 역시 범죄자는 트라우마가 남는구나 ||| 저놈들은 하나같이 뻔뻔할까 ? ||| 내 트라우마는? 먼저 인간이 되어라. ||| 청소년 트라우마 전문 치료사 도입해라 ||| 케잌은 ~ 미친~ ||| 니 트라우마까지 걱정해줘야하냐 ㅋㅋ ||| 저인간 모라는겨?? 권력에 대한 분간이 아직 안되는겨?? ||| 만약 장경태가 실형받으면 재선의원도 전자발찌 부착 ||| 그만큼 가해자에 대한 무감각한 게 부족하니 자기피해의식만 남아 있네. ||| 저기요 근데 왜자꾸 피해자인척 하세요 방향 잘 하면 왜 인정을 못합니까 ?? 그놈의 권력이 죠 ||| 진짜 웃기네 피해자가 남아야지 근데 너가 왜 남아ㅋㅋ ||| 저렇게 열심히 버티고 있겠지 ||| 민주당은 시간끌기 … ||| 장경태 마음 를 퇴출시켜라. ||| # 큰소리치는세상 그넘이 범죄자니 죄다 범죄자만있네 ||| 사이코패스 같은놈!! 난놈은 ! ||| 진짜 트라우마다 ||| # 트라우마? ||| 진짜 트라우마 남는 대한민국ㄷㄷㄷㄷㄷ ||| 이게 피해호소인이지 ? ||| 정말 당당하면 저렇게 뻔스럽게 안하고 살 것인데 ||| . ||| 안될때의 양심 ... 잘 보았습니다 . . 호소인 . ||| 피해자가 트라우마 ? ||| 나 트라우마 남는다고? 정신나갔냐 ||| 트라우마로 인한 아랫도리관리 잘하시길. ||| 싸이코패스였노 ? ||| 하여간 민주당은 늘 피해자 코스프레....ㅉㅉㅉ 지네들이 유리해 보이는 것 모아서 마치 지네들도 똑같이 될 것 으로 위장하고 무안공항은 안중에 없고 아직도 이태원 어쩌구 저쩌구.....무안사고는 피해자들이 없냐구...... ||| 덮으려하면 결국 자기내 한태 돌아올것이다 ||| 트라우마가 가해자가 느끼는거엿어? ? ||| 이렇게 버젓하게 당당한나라 참 기가찬다 ||| 이제 추스를게 아니라 사퇴를해야지.웃기네 ||| 드러 는 빨리 인정을 하고 사과를 하라 는 겁니다 ||| . ||| 아 장경태 자중해서 해야지 ||| 오죽했으면 방송에 나와서 인터뷰를 … ||| 아 장경태는쑈의일인자가만히서있다가 픽 쓰러지는 장면은압권이지안나나 ||| 아 정신못차리는군! ||| 피해자 는 찢어져도되고??? ||| 민주당은 장경태 의원 제명하라 ||| 범죄하나 더 저지르고 다시 나와라 ㅋㅋㅋㅋㅋㅋㅋㅋㅋㅋㅋㅋㅋㅋㅋㅋㅋㅋㅋㅋㅋㅋㅋㅋ ||| 뭔소리야 ? 2차 가해 될수있으니까 걱정 말라는게 여태까지 뭐 하나만 나오면 서로 언급하면서 물어뜯었으면서 ||| 어찌 저리도 사람답지 . ||| 김진욱아 감기 조심. ||| 도대체 현대 인간들의 정신 세계는 참.... 난해하다 ||| 누가 한 말인줄 알았네 ||| 이정현 대변인은 사퇴했는데 장경태는 왜 사퇴안하냐? ||| 세상이 거꾸로 , 가해자가 트라우마라고? 염치가 좀 있어라. ||| 장경태. . 이렇게. 빨리받을줄 ||| 누가보면 지가 피해자인 줄?? 음~가해자한테도 트라우마가 생긴다는걸 나 때문에 알았다ㅋㅋㅋ ||| 마음은 피해자가 추스려야지 . ||| 진짜 뻔뻔한 장경태. 가만히 있으면 뒤집어 씌워도 되는거야? ||| 탈당하고 해결하고 와야지 저게 뭐하는 짓이냐 어처구니 없네 ||| 야!! 빨리 ! 어딜 남아???? ||| 뭐 하기는 하는거냐? ||| 뭐야 얘 ㅋㅋㅋㅋㅋ 근데 그게 나라 위해 충성하는겨 ||| 본인만 생각하고 있는 쓰레기 정치인~가해자가 무슨 트라우마~하여튼 제 정신이 아닐 듯~ ||| 이것도 국회의원이라고? ? 내가낸 세금으로 세비를 준다니 이런나라가 정떨어진다. ||| 민주당이나똑바로빨리사표수리해라 ||| 뒷덜미 잡힌 이 만약 떳떳했다면 저런 다소곳 한 태도를 절대로 할 수없다! ||| GR도 . ||| 김진욱 대변인 항상 자기편만 든다. 듣기가 너무 힘들다. ||| 이 망조들고 아마 트라우마 남았겠지 ? ㅋㅋ ||| 진짜 조국 급이네 ||| 진짜 가해자가 본인 트라우마 걱정하넼ㅋㅋㅋㄱㄲ ||| 저런인간 꼭 처벌 . ||| 현지 좀 도와주세요 ||| 이를 떠나 권력은 국민으로부터 끊임없는 통제를 받아야한다 ||| . ||| . ||| 진짜 피해자라네 ㅋㅋㅋㅋ ||| 실수는 할 수 있다 그러나 , 가해는 범죄다 ||| 장경태퇴출하라~~~ ||| 피해자 트라우마는 누가 풀어 줄까? ||| 수사 재판받고 감옥가면 될 듯 ||| 뻔뻔도 정도가 . ||| 장경태 그냥 좀 이상한듯합니다. 불쌍합니다",0,1
MzNa8K_D0YQ,추미애 “내란재판부 위헌 아닌데 민주당 은 쫄아” / 채널A / / 10,"그 사람 판사였다는게 웃기네 ||| 완전히 . ||| 위원장 . ||| 추씨 보는것만도 # 앞으로저런정치인 안봣으면한다 ||| ㅇ의장 자체가 중립덕이지않고 너무 편파적인 의장 사퇴해라 ||| 아들병역논란재판부 만든다고 하면 뭐 그것도 위헌 이다 ||| 이 정도면 뭐 같은거 있는지 확인해봐야하는거 아니에요..? ||| 김현지가 . ||| 국회 법사위원장이란 사람이 털보 방송이나 나가고 ㅋㅋㅋㅋㅋ ||| ㅡㅡ ㅡㅡ ||| 상식이 무너진 나라 나라를 망친다. 미쳐가는 나라 ||| 오직 정치만 ㅠㅠㅠ법 전문가가 다알아서 알려주시네요 위헌이라고 국민께 전달해주시네요 ||| 역시 여왕! ||| 그렇게 해서 법학 학자,사법부에서 위헌이라고 들고 일어섰는데 저 말은 걍 우리가가 법이다 이 말 ||| # 자격상실이다 ||| 저얼굴보면은. . 생각되로임니다 ||| 위헌 맞는데 ? ||| 잘못된 신념이 이렇게나 무서운 것입니다 자기가 지금 무슨 짓을 하는지를 모르는 치매 입니다 ||| 추미애 저사람은 대체 뭔줄은 알고 있나?ㅋㅋㅋㅋㅋㅋㅋㅋ ||| 우원식 이 인사 안한다고 인격에 관한 문제 어쩌고 떠드는게 더 격 떨어진다. 인사 받고 존경 스러운 행위를 해봐라. 먼저 말 안 해도 두 번씩 그런 날이 있을꺼다. ||| 이위원 저넘들은 저넘들이 원하는 판결이 나와야 정상적인 판결이라고 합니다.부모가 부모의 맞는 행동과 말 해야 부모로 우러보는 세상이지요. 조선시대의 예의범절을 . ||| 또 나올지 뻔하자나,,,그럼 또 어떤 나비효과가 나올지 ||| 어쩨 저런게 국회의원 하고,,,법사위원장을 하냐,,,,?? 정말 이게 정상적인 나라냐,,,,,????? ||| 필리버스터를 막지말라는 것은 법에 있지 . ||| 이게 왜 위헌이 아닌데? ||| 추미애 가 판사였다는게 정말 대한민국에 수치다~ ||| 대한민국 법조계 단체 전부가 위헌이라하는데 지만 아니라고 함ㅋㅋㅋ 이거부터 법왜곡죄 냐 ㅋㅋㅋ S R E 8 N U N A ㅋㅋㅋ ||| 앞으로 죽창 들고 다니자. 즉결인민 재판하게. 이제 법도 필요없다. 마음대로 즉결인민 . ||| 미애답다 ||| 횡설수설 진욱이가 완전히 맛이 갔네 매번 이렇게 쉴드칠려니 참 고달프겠다 . 한자리 받지도 못하고 ||| 저딴게 ? ||| 나경원 진짜 진짜 애국자다 ||| 추미애는 저걸로 민주당 강성 지지층한테 어필한다음에 경기도지사 공천받는 거 목적임 ||| 추미애는 달나라에서 왔나ㅎ100프로 위헌이고 헌법위반이다 현실부정한다고 그게 진실이되나 나보다 모르다니 ? ||| 누구맘대로 위헌이 됩니까 ||| ㅎㅎ 아 어쩔라고",0,1
yScgk8EKN8I,요청 빗발치자 결국....강유정 대변인 ‘이재명 대통령 ’ 공개,어떻게해야 구할수 ? ||| 이재명시계는 받고 . ||| 꼭 해주세요 ||| 도대체 어떻게 구매할수 있는거얌ㅜㅜ ||| 너무 하고 싶어요 ㅋ ||| 아~~~ ~ ||| 내가 바라는 건 안니구 손목시계 환영함니다 ||| 갖고 싶습니다. 늘 응원합니다 함께 합니다 고맙습니다 . ||| 어디서 보고 잇을가요???????? ||| 시계 구입하고 나서 어찌 하는지? ||| .,0,0
2sajma1DBpA,"‘이대통령 , 뻔뻔하게’...정청래, 사법개혁 시위 ‘조희대’ 직격","❤17년 도 의 팩트TV를 위해 후원회원이 되어주십시오. 정기후원 가입 ARS ☎ 1877-0411, 인터넷신청 https://goo.gl/1OjzfE ||| 내란재판전담부 늦은거에 ? ||| 날이 많이 갈수록 저의 기운을 보내드립니다 내란의 잔재를 몽땅 쓸어 내 주세요 ||| 민주당은 이재명 대통령과 반하는 행동 하지 말아야 할것입니다!이재명 대통령은 지금 쉼없이 달려가고 계십니다 ||| 제발 좀 빨리 ||| 입으로만 정의를 외치는 이 나쁜놈. 정말 실망이다. 정청래!!! ||| 정청래 는 말로만 하지말고 정말 국민들이 믿을수 있게하라.정청래는 당대표사테하라. ||| 문진석은 대체 뭐길래 용산을 공겨하려 문자를 보내고 어떻게 처리하시오 정대표 ||| 정청래화이팅.힘내세요 ||| 정청래대표님 응원합니다. . 오직 국민만 바라보십시요 ||| 정청래 의원 화이팅 입니다 ||| 정청래 당신도 당원을 무시하고있습니다 . 비판하기 전에 빛의혁명으로 이뤄낸 민주주의를 휘손하려하지마십시어 말로 정치하지마십시오 ||| 1인1표제찬성하지만. . ||| 민주당이 대통령지지율 까먹고있다 정청래는 입이가볍고 설처대서 대통령께짐만된다 제발사퇴하고 비대위로전환하라 .",1,1
FoAIqud9JNU,장동혁 충청대망론 대표 [정치특강],"고박사님 늘 수고가 많으십니다. 고박사님이 계세서 늘 희망이 보임니다. ||| 우리가 장동혁이다 국힘당원동지여러분 우리가 장동혁대표님께 23총선 공천권까지 손에 들어 주십다 화이팅 ||| 장동혁 대표님! 훌륭한 대통령 되십시오. . ||| 사과는 절대 없습니다 우리가 장동혁 대표님 믿습니다 이젠 다 척결하고 정리하고 갑시다 ||| 고성국 박사님이 리드 너무 잘 해주시고 계십니다 충청도 일어나라 충청도 화이팅 ||| 장동혁응원 ! ||| 당원의 소리가 국민의 소리이고 정의의 소리 정신나간 배신자들은 반드시 깨끗하게 정리해야 한다. ||| 장동혁 대표가 잘 하고 , 꿋꿋하게 나가야 합니다. ||| 응원합니다 . ||| 우리가 장동혁이다 장동혁으로 뭉쳐라 국힘 은 당원이다 우리가 자유우파다 ||| 장동혁 대표님은 인품 성품 리더심 모든걸 갖춘 대한민국 대통령으로서 나무랄것이업는분이시다 꼭 나라를 찾읍시다 ❤❤❤❤❤❤❤❤❤❤❤❤❤❤❤❤ ||| 다들 국힘 당원 가입합시다~장동혁 김민수 선수 응원합니다~❤❤ ||| 충청도가 중심을 잡아야 정치가 제대로 돌아갈 것이다! ||| 장대표님 언제까지 한똥훈이를 봐줄건가요? 장대 대표님불리하며 국힘과 찐보수가 힘을빼고 힘들어집니다 고성국 박사님 활약이 넘넘 감사합니다 ||| 나라가 무너지 느냐 세워 지느냐 기로에 놓여 있다. 당원 가입해서 장동역 대표에게 힘을 주자 ||| 장동혁 김민수 . ||| 충청도 장동혁대표와 함께 ||| 국민의힘 장동혁과 같이 못가면 탈당해라.107명 다있어도 전투력이 없으면 필요없다.비굴한 테 나가주시요. ||| 장동혁 김민수 형 화이팅 ||| # 장동혁 이다 ||| 장동혁이 이긴다. 국민들이 속 터 . ||| 사과는 무슨 지 장동혁 화이팅 당심 ㅡㅡ100% 해야해요 ||| 장동혁 대통형 김민수 국무총리 이런 라인업 이 있을 날이 올려나 ||| 응원합니다 . ||| 우리의대통령 장동역 님 도 건강하세요 ||| 고성국 박사님 감사합니다 그리고 23총선에는 꼭 이기 권영진,우재준,김형동,최형두,윤한홍,조지연,서법수,조경태 이성권서지영도 아리까리 다방빼 ||| 강동혁 김민수 . ||| 장동혁 의원님 절대 굴복하지 마십시오 윤한홍은 정말 나쁜자입니다 단물 쓴물 다 빨아처먹고 이제와서 앞 이자는 천벌 받을것이다 ||| # 물갈이공천은절데없다 ||| 고성국박사님 항상 건강하십시오 ||| 조중동 이언론 이 이나라 국민 미치돌아가게 만들고있다 ||| 권영진,윤한홍,우재준,최형두,조경태,이성권,김형동,배현진,박정훈,서범수,신성범,지역구는공천만 받으면 뺏지 다는곳 으로 물갈이 합시다 ,고성국,조원진,도태우,최경환, 서정욱,차진아교수님 공천 어때요 좋죠 ||| 공감합니다 아직도 박통지지는 하지만 탄핵정국에 관심 없으면서 너무도 무기력하게 싸우지않는 모습에 안타까운 사실입니다 장동혁 대표님이 초심잃지말고 힘들어도 당원들 이끌고 끝까지 싸우길 바란다 ||| 국힘배신자들은. 입다물라. 장대표님은 . ||| 인천에는 충청출신인이 40%가 넘는다. 이번에는 싸워 볼만하다.화이팅! 장동혁 대표 확실히 힘있게 나와 주시기를~^^ ||| 어이가 없 조선일보 폭망 시켜야함 ||| # 국민의힘 배신자들 빨리 정리합시다 ||| 서초구에서 탈락 다음기화는 ? ||| 중도는 없다 레거시미디어 이제 의미없다 방송은 정의를 보도하는게 아니 헌데 거짓을 보도하니 아니면 가정을 이용하는 아주얄팍한 그런 방송이 되어서야되겠나~~ ||| # 화이팅 ||| 자유우파 소시민인데 보수가 똘똘 뭉쳐도 왜 이렇게 서로를 씹고 한쪽만 보고 가는가 난세에 인재는 가 ||| 장동혁대표와 같은 마음을 가지고 온 내가 장동혁 이다. ||| 장동혁 대표님 힘내세요 화이팅 합니다",1,0
YMD7f7lQjEg,"[오늘 이 ] ""화장하고 보디가드랑 오더니.."" '연출'에 당했다는 계엄군 병사","감사 답니다!!! ||| . ||| 연출? 와~ ~ 저 인간 ㅋ ||| 저런 인간을 봤나!! 아직도 정신 못차리는것들 ||| 이건 눈물쑈하던 인간이 할 말이 아닌데.. 진짜 군인 자체를 모욕시키는구나. ||| 위증죄 김현태 씨 눈물 쇼 때부터 알고있다 ||| 저런 무능한놈 같으니, 여태 뭘 하고 있었다는게 통탄스러울 따름이다 ||| 저 놈 왜 안했나? ||| 총 들고 간 계엄군이 위협받았다는 말도 안 되는 프레임 장난질이 난무하는 이 상황. 재판이 아니라 개판이다. 대체 저렇게 저렴한 자가 ? 그것도 특임대? ||| 김연태 : 무기징역때려야합니다 ||| 헐 진짜 대박이다. 쪼잔, 찌질 극치구나 끼리끼리 논다더니 . ||| 김현태를 비롯해 청와대 처 들어간 놈들 모두 엄벌에 처해야 한다. ||| 대한민국 군인들 을 욕 먹이는 넘인 듯....ㅠㅠ어찌 저런자가 지휘부에...ㅠㅠ ||| 김현태는 내란범으로 처벌하되, 국민을 속인 괘씸죄도 더해 가중 은 당연히 이등병으로 강등 불명예 퇴출 시키고, 사법으로 구속 한 게 옳다!!! ||| 참으로 못난 내 변명이라고 하나...ㅉㅉㅉ ||| 저 지금 제 정신이냐 ||| 저 상황에서 연기를 한거다.? 이게 정상적인 들이 생각할 수 있는 상식이냐? 저것들 정말 . ||| 국민도 . ||| 그렇게 치자. 그럼 니가 거기를 안갔으면? 난 당할일이 없네? 왜 국회를 들어가냐? 그게 불법인거야 ||| 김현태는 가중처벌 바랍니다 ||| 국회의원에게 국회는 목숨과 같은곳인데 그곳에 처들어 왔으면 죽을 각오해야지 그리고 총이 곧 이 아니지. 남의 생명을 뻣을 수 는 살인무기지 ||| 저런 놈이 특수부대 장교 였다니 밑에 있는 부하들은 얼마나 자존심이 상할까? ||| 현태야 부하들를 위하는 척 기자들 앞에서 찔찔짜던 너를 국민은 다 들 기억하고 있다 ||| 저게 뭔데 ||| 1년 지나서 고작 생각한게 연출????? 니가 울고짜고 는 연츨이겠지!!!!!!!! 아직도 반성 못한 내란군들 ||| 들어갈 생각도 없으면서 국회정문 카메라 에 큰소리치고 들어가야한다는 보좌관들에게는 '시끄러임마'라고 말한 이준석이 한 건 연출이고, 국회를 진압하기 위해 출동한 특수부대원앞에서 저항한건 다큐라고 한단다. 군인들이 화장한걸 봤다고??? 그렇게 도 한가한 상황이었냐? 골때리네 ㅋㅋㅋㅋ ||| 김현태 이넘을 구속 하라 ||| 도둑이 남의 집 을 들고 들어가서 총에 손 댔다고 .. 탈취랜다.. 미친놈. ||| 울고짜고 기자들 앞에서 지 부하들한테 부끄럽네 어쩌네 하더니... 부끄럽지도 않냐 부끄럽지도 않 ||| 저러니 군발이 소릴 듣는거다. 눈물쏘 그벌인 은 사형이다 ||| ㅋㅋㅋㅋㅋㅋㅋㅋㅋㅋㅋㅋㅋㅋㅋㅋㅋㅋ저거 라이브로 다 봤는데............ 진짜 진짜 대박이다. ||| 왜 ? 국회에 군대간것도 아닌데 하지? ㅋㅋ 누구대가리에서 나온거냐 ||| 김현태는 특전사의 불명예이다. 이를 반드시 처벌해야한다. ||| 우리 현태야~ ||| 제정신 아니네.. 저런 인간이 군인 이었다니.. 어이 없다 ||| 에라이~~~ 정신나갔구나!!! 저 는 어떻게 연출된 다고 말 할 수가 있냐??? 와~ 잘못 배웠구나. ||| 김현태 이놈!!!!!!!!!!!!!!!!!! 니 가 그런 구린수로 넘길거 같느냐!!!!!!!!!!!!!!!!!!!!!!! ||| 갈수록 법정이 사기꾼들의 연극 무대로~ 연출 ! ||| 아니 생방송으로 송출됐는데....미친 것들 저거 조작이면 더더더 열심히 해야 함. ||| 저런애가 무슨 영관급이냐 나라 망조다 에혀..;; ||| 사형시켜라 . 갱생 불가다 ||| 거기 총을 왜 쳐 들고 가셔서 이 난리를 만드세요????? ? 총든 특전사 안테 보디가드??? 이게 뭔 소리 도대체 제정신인지 ?? ||| 아니 저건 군인도 아니다~~그냥 사기꾼이엿네 ||| 지귀연 재판 역시 논점 흐리는게 목적인재판 ||| 김현태, 저 인간은 내란중요업무종사자로 반드시 처벌해야 한다. 용서받지 못한 짓을 해놓고 반성의 마음 전혀 없다. 또한, 법정에서 허위 사실을 줄줄 유포하고 자빠졌다. ||| 진짜 웃긴 게 우리나라 특임단 지휘관이란 게... 군인의 명예를 바닥으로 떨어뜨린 게 다 이런 내란동조범들이다. 이런 내란동조범 하루빨리 처벌하길 바란다. ||| 정말 찌질하고 못난놈이네..... ""김현태' 단장 본인은 계속 변명하면서 피해가고 , 기록과 영상은 영원이 남아서 당신을 평가할 것이야 ||| 연출은 진짜 눈물이 연출이고!!! ! 저 인간 아직도 군복 입고 있어? 내란 청산이 진짜 너무 늦다!!! ||| 어떻게 자기 살려고 지밑에 나라 팔아먹냐?? 국민이 다봤어 옆에 보디가드가 어딨어?? 법정에서 허위사실까지 ||| 특전사 망신 좀 시켜라 ||| 국민들이 이런 거 본다면 이게 다 판사 덕분입니다 근데 저걸 저 변소사 들이랑 준비한거아냐? 끼리끼리 잘논다 ||| 탄핵 당하려고 국회에 총들고 들어갔구만 ||| 진술서 위조 했다는 놈들 싹다 조사해라.. ||| . ||| 시민들도 연출이라고 하지..그래? 볼수록 이게 뭔 군인~??? ||| 이제 막 가자는 거지 1년 밖에 처벌이 안되니 ||| 주요임무 : ||| 뻔뻔한게 이루말할수가 없네... 진짜 대단하다 진짜... 저런게 군인이라고... ||| 김현태 야.. 국가.헌법.법률이 국회라고.. . 국회의원 이고.. 국회는 군.경찰이 진입을 못한다고.,. ||| 김현태 보니 기자들 앞에서 눈물 짜내며 하던 쇼가 생각나네. 이 내란범도 제대로 벌 겠다 ||| 실탄으로 쳐들어 서 화장하고 카메라 들이 댔쪄영 ||| 아 진짜 양심 없는 줄은 알았지만 생각보다 더 최악이네... 군복 입을 자격이나 있냐?? ||| 저놈 완전히 미쳤구나. 군인을 동원해서 국회를 침탈하는데 국민이 가만 있으라고? 당연히 . ||| 계엄하는 날....분장 하고 총 부리 잡냐??? ? 코메디냐? 미치겠다....나도 분장 할걸....ㅋㅋ ||| 있으면 안되는곳에 특전사가 총기들고 설친게 핵심 아니냐? 총기탈취 피해? 강도가 집에 캍들고 왔는데 집주인이 온다 면 집주인이 절도죄에 걸리는거냐? ||| 이번 내란에 반드시 엄한 처벌을 해야하는 사람들 중 그런 사람이 김현태이다. ||| 계엄 1년 특집으로 mbc 스트레이트에 여태 공개 되지 않은 영상들을 보면서 이 현장은 정말 무섭고 심각 했구나를 또 한번 느낀다 ||| 사람 맞냐 ? ||| 뭐래는거야.. . + 위증 + 국민우롱 + 안귀령 명예훼손 죄다 처벌받길... ||| 완전 똘이네 왜 그날 국회에 모인 모든 국민분들도 욕 하지 넌 정말 아무 말이 없다 ||| 김현태 : 특전사 명예를 나락으로 보내는 구나. 협박과 회유가 어마어마 했겠지만 그래도 이건 아니지. ||| 악어의 이빨 흘린 김현태는 진짜 구속해라! 10석열처럼 남 탓만 하네. ||| 국회에 간다 ||| 불법 계엄군이 정상적인 건가 생각을 하네 ||| 그 죄를 도대체 어떻게 받으려고 1년이 지난 시점에서 또 공작이냐...구제불능!! ||| 이놈은 일말의 희망 ||| 헬기타고 실탄 챙겨서 국회 진입하려던 계엄군 수준 들어봤습니다 . ||| 아니 니들이 거길안갔으면 안벌어졌을 일이자나 이것들은 꼭 지들이 범죄를 해도 꼭 남탓으로 돌리더라 ||| 애초에 계엄군이 국회를 쳐들어 오지 않았으면 연출이고 쇼고 불가능했다. 저걸 말이라고. ||| 김현태 저놈은 김용현하고 같은죄로 . ||| 군인들 생각이 저 인간이랑 똑같은거라면 소극적 대응을 해줘 고마웠던 마음까지도 . ||| 정말 뻔뻔하다. . 안귀령 데려다 물어보면 바로 확인 가능한 상황......그러면 김현태는 위증죄까지 추가다 지귀연은 안귀령 불러라 ||| 야 저런게 군인이었다니 참 나 진짜 할 말이 없다 혼자 살고 싶어서 생각한게 그거야?? 이렇게 걸러진게 뭔지 모르 탐 진짜 할 말이 없 ||| 아이고 저 모지리 아직도 저들손에 놀아나고 질질 또 질질 짤라 ||| 전 국민이 생중계로 다봤는데 너무 징해 저것들 언제 감옥가냐? ||| 갑지기 벌어질 는 연출을 했으면 미리 알려줬냐? ||| 이 놈들은 단순 가담자가 아닌 적극 가담자로 사형을 해야한다. 어디서 개구라를.... ||| 미친놈,, 본인들이 무슨 짓을 했는지는 1도 도 반성할 수준이 안되는건지... 대한민국이 살 길이 멀어 걱정이다 ||| 김현태는 반드시 내란 주요임무종사자로 봐야 한다 ||| 총을 들고 있는 사람 아무런 흉기도 안가진 사람에게 위협을 느꼈다???? ㅋㅋㅋㅋㅋㅋㅋㅋㅋㅋㅋㅋㅋㅋㅋㅋㅋ 진짜 우리나라 특전사다. 개판이네 ||| 그런상황을 알고 있다고 생각하는 저런놈이 장교라니 한심하네 ||| 니 진술이 사실이면 정말 웃긴 데 그 순간 그 연출이 가능하면 뭘 맡겨도 잘할거 같은데...ㅋㅋㅋ ||| 김현태 정말 나쁜 놈이네! 특전사 총기를 여자의 몸으로 탈취??? 김현태는 확실한 무죄 증명!!! ||| 이등병 , 군법재판 내란가담죄로 영창에서 무기징역 때려랴 한다 ||| 와진짜. . 바로 설치해서 시작하자 ||| 비겁한 사람 ||| 내란견 말대로라면 안귀령 대단하네요 그 긴박한 순간에 그런 게 가능하다니 여장부가 따로 없네 ||| 저놈 뭐야. . 막말하네 ||| 김현태 너로인해 특전사 집단이 란 소리 듣는거야 ||| 너의 눈물 에 전 국민이 당했다 이것아 ㅋㅋㅋ 아우",1,1
DHvZsQP5KZs,온 국민이 당하고 있다…급여 명세서 봤다 '분노 폭발' / SBS / SBS 뉴스,"요즘 건강보험 진짜 떨어져 나가는거 볼때마다 가슴이 아프다 ||| 세금뜯어서 외국인들 한테 그런거왜하냐? 자국민혈세뜯는 미친나라 ||| 외국인과 중국인들의 입국 제한하라 ||| 국회의원을 ? ||| 국회의원 이 받게해야됌 그렇게 일해야 진정성이 보이지 ||| 일좀해라 국개의원들아 왜 언제적 세율을 쓰고있는거야.. ||| 25만원 더 매면 250씩 뜯오가겠지 ||| 뺏을땐 개같이 뺏어가는데 운영은 ㅈ같이하네ㅋㅋ 연말정산 전까지 법 개정해서 소급 해줘라~ ||| 아 뭔가 급여가 라고 생각한게 기분탓이 아니었구나 ||| 자 이제 누가 진짜 ? ||| 4대보험료율 인하해야됨. . 인력줄이고, 사무실운영비 줄여라. 그거 다 우리가 강제로 뺏긴 피같은 돈이다! ||| 건보료 넘쳐서 또 돈잔치 하더만 ||| 호텔식 경제학의 예견된 한계 ||| 그럼 6000억원 횡령은 어떻게 된거지???!!!!! ||| 안쉬고 풀로 일해도 월급 400이 넘어 ㅠ 살기 싫다 ||| 세금, 연금, 건보료가 너무 오르고 , 정부가 너무 올라서 임금은 1% 오르는데 너무 힘든 거 같다. 세율 낮춰라. 점점 힘들어진다. ||| 눈먼 눈물 줄줄 센다 ||| 건보료좀 줄이자. 병원 은 사람들한테 더 떼어가라. ||| 고3에게 돈 퍼주는것은 무슨 지방 선거 공략인가? ||| 엥 왜 더 적게 들어왔나 했더니만 이거때문이네 ||| 세금은 다 떼어가놓고도 증여세, 상속세로 또 다시 또 떼어가는 세금 공화국 ||| 나라에 도둑놈들이 너무 많 ||| 이 나라는 전국민과 기업들이 온힘을 다해서 정치인들 300명을 다 살리는 기행적인 국가임 ||| 25만원 주는게 리짜이밍 본인 재산 나눠준줄 아나 다 들 세금으로 서 생색 낸거잖아 퍼준만큼 더 걷는거지 ||| 아휴~ 직장다니면 뭐하냐~ 세금으로 다빼앗기고~ 연금도둑맞고 . ||| 국회의원 월급은 매년 올린다 국민 월급은 매년 저핑게를 되지만 국회는 매년 올려 로또직 ||| 건보료 인상 외국인 부분만이라도 손봤으면. . . ||| 외국인들한테 자꾸 퍼주니까 그렇지~~ 게다가 국회의원300명의 연봉 인상한다는 소문이 자자하더라~ 이러니 나라 잘 돌아간다!! 참나!!! 인구는 줄어가는데, 공무원 당장 줄여라!!! 그래야 충분히 운영된다. 그리고 국민들 용역 . 하청 없애고 정직원 전환 안건을 올려라~~~ 대한민국의 미래가 한심할따름이다. 지금도 중국인들 돌아가면서 실업급여 타먹는거나 관리감독해라~~ ||| 불필요한 진료 진료 제한해야 함. ||| 아 개빡치더라 월급 조금 오르면 무슨 몇만원을 더 때감 ||| 임기 에 몇번을 올리는거임? ||| 민생쿠폰 주고 세 올리지 맙시다. 민생쿠폰 안줘도 됩니다. 그만큼 세금을 올리지 말아주세요~~~~~~~~~~~~~~ ||| 국회의원 이것들은 세금 잘 거두고 있는거~~??? 원급은 좀 많은거 아닌가 쫌 줄이자~~~!!!! ||| 이 외중에 국민연금 도 매년 올린다고 함 ㄷㄷㄷㄷㄷㄷ ||| 정치인들 세비 최고 5% ||| 1. 화폐가치 하락 2. 물가 상승 3. 세금 인상 이 참 ㅈ망했다 ㅋㅋ ||| 아니 지들 세금은 안내려고 신경도 안써 ||| 이래서 세금 안 내는 사람들이 이런거 미리 다 알고 안 내고 하는거구나. 법이 ㅈ같고 내가 벌은돈이 결국 다른 사람들한테 는 고 누군가가 이득을 취하니까! ||| 정작 민생과제는 뒷전이고 방탄만 하고 있으니 국민이 죽을 지경. 정치인들 싹 을 갈아엎어야 할 마지막 시점 ||| 일좀해라 . ||| 25만은 우릴 위한 빌드업! ||| 지갑이 이게 아니라 없어졌다 ||| 소득공제가20년전 기준을 유지 하고 있으니 .. ||| 국민연금 ? ||| 제발 폐지해라 ||| 민생회복이 어쩌구 국민들한테 펑펑 받으신 돈으로 도장 찍어 주셨죠? 이제 갚으셔야죠? ||| 소비쿠폰 뿌리지말고 차라리 세금좀 낮춰줘도 효과있을듯 ||| 열심히 일하는 사람한테서 강제로 뜯어가서 게으르고 나태한 자들에게 인심쓰는... 평생을 놀고먹고 한푼없는 땡거지들에게 임대아파트 , 주거비 지원해줘, 쌀 김치 , 보일러 난방,전기,수도료도 지원해줘, 돈도 줘. 이게 다 열심히 일한 사람들에게 뜯은 돈이다. 근로소득자들 진짜 조세저항해야된다고 봄. ||| SBS는 예전만은 못하다는 평가 받지만 그나마 중립적인 것 같음 방송이나 댓쓰는 님들이나 ||| 국민=세금내는 자 ||| 이런 와중에 고3 수험생들에게 현금살포를 하다니 진짜 미친거임 ||| 미친 미친 ||| 국민연금, 건강보험료, 근로소득세 오르는거 봐라. 이게 정상인가 싶다. 나 를 죽일 기세다. 중산층이하는 점점 가난해지고 부유층는 낮은 금리로 대출받아 아파트 를 사고. ||| 근데 쓸데없이 줄때 정신차렸어야지… ||| 돈받으면서 이럴 줄 무슨 소리가 나오냐 ||| 세율 좀 올려서 금융소득종합과세 기준도 좀 조정하고…. ||| 건보료 44만원정도 냄 회사가 또 보험료 내니까 자기 몫으로 90만원 가까이 건보료만 나라에서 받아가는거임. ㅋㅋ 열받는다 ||| 그냥 퍼주는거때문에 그런거야 ||| # 세금노예 ||| 그렇게 퍼주는데 세금이 나온다 ||| # 삥뜯지말라. ||| 쎄삐지게.일해서도 공산화되는 중인걸 모르는 불쌍한 인간 ||| 갈수록 더 힘드냐 ㅡㅡ ||| 지금 세금이 문제인줄 아냐? 한은에는 돈을 미친듯이 풀고 , 세금보다 돈의 가치가 떨어져서 가난해 가 훨씬 크다. 조만간 당연히 환율 오르고 물가도 더 오를 거다. 줄때 좋았지? 세상에 공짜 점심은 없다. ||| 돈 풀었으니 열심히 해야지. 당연한 수순 ||| 세금은 그렇게 떼가도 괜찮은데 자꾸 뻘짓하니깐 열받는거다!! ||| ㅋㅋㅋ 이제 알았냐 배급줄때 좋타고 신났지 100배는 뽑아간다 정신 차려라 나라가 위험하다 ||| 일부러 일부러 그렇게 만드는건가 노력하는사람은 점점 더 프레임 씌어서 압박하고 노력 안하고 배까고 배째라 떼쓰는 거 다 퍼주고 이게 맞는거냐 진짜 ||| 각 지자체, 공무원만 정리해도 세수 확보는 충분하다. ||| 민생지원금 줄때 마다 국개 세비는 더 오를걸... ||| 자꾸 국회의원 공약을 바꿔서 누구든 직장인돈만 뺏어가니 글치 나쁜놈들 ||| 공시지가도 계속 올려서 세금 더 걷을라고 진짜 미친거같읍 ||| 물가 기름값좀 올라 뭐 계속 오르냐 ||| 근로자 세금은 더늘어나고 일하지않고 쳐노는 자는 더올라가고? 이게 나라냐?!!! ||| 정치인들아, 국회의원들아, 재산 털어서 가난한사람돕고 그 후에 세금쓸 자격이있다 니들 재산부터 다 모아서 가난한사람도와라 . 세금거둘자격없다 세금거두지말라 돈벌어 각 가정이 알아서 쓰면되지 니들이뭔데 이중과세하냐? 니들재산부터 써라. ||| 사실상 공산국가로 가고 . ||| 돈뿌릴때 . ||| 인플레이션도 세금입니다................. 환율상승? 이것도 결국 다 국민이 내는 세금과 똑같습니다....... 정부여당은 석고대죄하고 . ||| . ||| ㅋㅋㅋㅋㅋㅋㅋㅋㅋㅋㅋ 일 시작도 안했음. 퇴직금이나 지킬수 있을려나? ||| 15만원 언제 오를지 몰랐음? ㅋㅋㅋㅋㅋ ||| 그 세율을 누가 만들어놨니? ||| 물가에 밀려 급여가 올랐는데 위에는 세금 칼질에 다 잘려 나감. 아래에서 털리고 위에서 털 리 몸통은 작아저서 점점 가난해짐. ||| 나라에서 는 돈 줄때 알았어 야지. 점점 열심이 일하는 사람이 없어지게 하는 정책을 하면 나라는 더 가난해 진다. 그때 부터 후회 하면 늦는다. ||| 25만원 받았으니. 물가 .세금으로 3배 준다고 모르는 애들 있냐? ||| 아.. 월급이 점점 줄어. 올랐다는데 점점 줄어. ||| 어쩐지 총액은 올라가도 거의 3년째 그대로라는걸 이제야 깨달았네 ||| MBC 는 모라고 말 할라나??????? ||| 연봉 2억이 8천만 공제가 어떻게 되냐 ||| 주민센터에 불필요한 민원 줄여라! ||| 이게 공단 직원들 월급인상요인 입니다 ||| 이런 상황에서 대충 예상이 간다. 어디 나와가지고 ""요즘 세금하고 물가 너무 올라서 이거 왜그런거에요? 이거 이렇게만 둘거에요?"" 라며 마치 남일인냥 지적질하는 걸 보고 그럼 개딸내미들은 이잼은 역시 우리편; 이럴테고 ㅋ ||| 건강보험료는 뭔가 가 필요할듯 ||| 책임을 물려라 사고는 지자체장들이 치고 언제까직 국민이 그걸 모른다 ||| 한국은 국개의원 없애면 세계 일류 국가 되고 살기 어려워 ||| 그동안 퍼준거 이제 세금으로 메꿔야 할 상황이 온거지. 이럴려고 퍼준거 아니었어? ||| 공짜는 없다 # 열라올라다 ||| 세금 이 너무올라 급여는 ? ||| 서서히 사회화로 구조로 바뀌는중인데 . ||| 받아 쓸때는 ? ㅋㅋㅋㅋㅋㅋㅋㅋㅋㅋㅋㅋㅋㅋㅋㅋㅋㅋㅋㅋㅋㅋㅋㅋㅋㅋㅋㅋㅋㅋㅋㅋ",2,1
znUYsTkHcqI,'부모덕에' 수십억 아파트…싹 다 조사한다 #shorts / kr,"정치인들부터 철저히 전수 를 합시다 ||| 강남3구에서 증여한 정치인들부터 전수 정밀조사 공개하면 여론 요동칠 듯.. ||| 진짜 부럽다 능력있는 부모 ||| 싹 다 조사해서 정부 고위직, 국회의원들의 비리 밝혀내라. ||| 돈많은 사람 세금 더 내주면 되는거지. ||| 내 복중에 복은 부모복 ||| 국개들과 고의 공뭔들 강남지역 아팟 2채 이상씩 소유 하고 있다는데 집값 억제 대책 만들수 있나.. ||| 능력있는 부모는 능력 갖는게 아니다. ||| 조사하면 서 정치꾼들 다 잡혀들어가지ㅋㅋ근데 현실은 아무일없이 넘어감ㅋ ||| 맨날 강도질 당하는나라. ||| 부모가 낸 세금다 내고 얻은 재산. 좀 주면 어때. 우리나라 증여세. 상속세. 법좀개정하라!!! ||| 부모복이 쵝오지 부럽다 . ||| 아니 재산세 낼거 다 내면서 아파트사고 양도소득세 내고 다 햇는데 왜 또 세금 걷어내냐 짜증나게 나라가 도둑들이네 ||| 부럽다 잘 사주네 ||| 상속세 좀 내 에휴 ||| 내용보고 는 저 행태가 이해가 안되나 했네... 댓글보니 내가 정상이었구만.. 도데체 저 미치도록 더러운 다단계세금은 뭐야... 저게 불법추심이랑 뭐 다를게 뭐야 ||| 세금좀 좀 떼가 제발~~~ ||| 과징금도 어차피 부자 가 내줄거라서 뭐.. ||| 통일되면 김정은도 곧 북한 ||| 진짜 좋겠다 수십만원에 피똥싸는데 진짜 부럽네 ||| 마니마니 ~ ||| 음..?옛날부터 돈 많은 집 애들은 월급 다 모으고 부모 돈으로 다 썼는디..?ㅋㅋ ||| 국회인 압수수색해. . ||| 상속세 좀 없애야함 ||| 부럽긴 하다만 부모가 재산 이 세금은 아닌거 같다 ||| 생활비 이런 것도 다 증여지.. ㅋㅋㅋㅋㅋ ||| 서민들 목에 증여, 상속 으로 빨대꽂아 피빨아 치는 정부. 뭐가 문제인지 명쾌하게 설명해 주실분 ! ||| 부모가 도와준게 아닌데 세금내야ㅇ하나? ||| 증여세, 상속세 다 없애라. 국가는 국민의 재산을 보호하기 위해서 존재하는 것이다. 하지만 요즘은 국가가 국민 재산 증식을 위해 오히려 세금으로 빼앗아가는 것에만 혈안이 되어있는 것 같다. 공산주의 국가 마냥 삥뜯어간다. 부유한 사람이 더 많은 세금을 내야하는 것에는 동의하지만, 그 정도가 지나치거나 이중으로 과세하는 것에는 문제가 있다. ||| 중국이나 검사해~~~ 걔네들이 부동산값 올린다 ||| 그냥 다 이민가지 다 증여하고 외제차타면서 임대아파트 살거나 혜택받는 인간들이나 추려내라. ||| # 거래내역국세청확인한다구하면서몇십억짜리는확인두안하는국세청 ||| 증여세 상속세 없애라. 우리 가 처음에 낸취득세가 있는데 내가 물려받으려니 증여세, 세 내려는게 무슨 . 한 번 냈으면 됐지 또 내라는거냐. ||| 그리고 상속세는 부유한 사람 돈을 빼앗아 다른 사람들에게 분배하는 공산주의법이라고 생각함. 뜯어가도 정도껏 뜯어가야지. 1%미만으로 다 낮춰야 함. 부자를 거지로 만들 프로젝트! ||| 철저히 조사해서 정당하게 세금 부과해라! ||| 열심이 일해 돈 모은 사람.. 악마 취급하고 백수 우대정책 ? ||| 세금도둑도 끝까지 지켜야 합니다 ||| 이재명비서 연봉 2백만원인데 아파트3채 70억 가졌다 이거부터 조사해라 ||| 작작 뜯어라 . ||| 오죽하면그렇게하겠어~~ 세금을 좀 내 ||| 재산을 물려주는 것은 OK 세금은 내도되지않나 ? 60억인데! ||| 가족끼리 산다는 나라 참 희안한 나라다 ||| 댓글에 그렇게나 이민 간다더니 이민은 안간고 왜 저러고 있을까 ||| 그 정도 돈 이 깨씃이 세금 내라 ||| 화폐가치 물가상승으로, 상속세 ,올리고, 증여세를 적당히 내게 하면, 편법을 쓰지않을듯.. 법개정을 바꿔야한다. ||| 이거 아니였나? ||| 증여세 상속세가 너무 많으니 탈세 하려고 하지 고액의 아파트 한채 상속 하고 그 를 팔아야 상속세 낸다 세율을 좀 현실성 있게 낮추고 그렇게 했음에도 탈세를 한다면 그때 아주 무겁게 처벌해라 ||| 중국인들은 조사안함 ㅋㅋㅋ 아니 못함 ㅋㅋㅋ 중국에서 굴러온돈을 왜 조사할건데? 저 정책자체가 중국인 우대정책이라니깐 ||| 아니 상속세 증여세가 너무비싸니까그랬겟지 그래도 부럽다 돈 많으면 세금도 좀내고살지 ? ||| 부모가줬는데 머가 ? ||| 증여세와 상속세 폐지하라. ||| 상속 증여세 없애라. 세법이 X같으니까 자꾸 편법을 생각하지. 비상식적인 세법으로 엄한 를 을 만들지 마라 ||| 법인세 적당히 낮춰라? 부자들 이민 다 간다 ||| 요즘 부자들 좋게보는 시선 별로 없는건 알겠는데 뭐 잡아들이듯이 이럴건 또 뭔가 싶네 ||| 공산당이 따로없구만...민주당 해결해야 할 중국인 조사, 해킹하는 해킹범들 국가보안법, 국민연금관리공단,사기꾼 6천억 횡령 , 이런건 다 ||| 대장동에서 멏 천억원 해먹은 놈들은 세금을 얼마나 내고 ||| 퍼주고나니 세금을 뜯어야 인심은 민주당 세금은 국민몫 지 재산을 지킨다",2,1
liEag2kZIAQ,"교무실 뚫리고도 '쉬쉬', 5달 ' 결국 '털렸다 ' / KBS","교육청은 가해자들을 잡아다 주고 피해자를 잡아 다 고 가해자인 미성년자는 못건드니까 애먼 피해자인 어른만 탓하는 구조 지긋지긋하다 진짜. 범죄저지른 애들 애초에 호되게 혼내거나 때리거나 처벌할수 있었다면 2차 3차 범행은 일어나지도 안았겠지. 제발 법좀 뜯어고치자. ||| 아 개노답이네...촉법이고 뭐고 범죄는 범죄대로 처벌해야지 ||| 간도 크다..저런애들은 어른되면 더 큰 범죄를 저지를 애다.. ||| 유출 다 됐는데 뭔 소리 걸어ㅋㅋ ||| 은폐 가 있으면 3배는 가중처벌해야 됨 ||| 그러면 소도둑 된다. ||| 재수 없으니 선을 넘는거다 좀 때리게해라 ||| 촉법 개정 촉구 ||| 물론 선생,직원들도 잘못한거지만 학생들이 제일 싫어",3,1
71Bx85RPkpU,"""30년 의 과오가 알 권리?""…'디스패치' 고발하며.. #shorts / KBS","연예인은 준공인이다 무조건 과거 밝히고 해명 못하면 나오지마라 ||| 촉법 소년법 다 폐지하고... 무슨 얼어죽을 듯이 인권 운운하는 놈들 다 구속시켜야함. ||| 피해자생각은 일도 안하는 변호사 매체로 의 고통은 어쩌나 ||| 사진 공개한게 위법이면 처벌받아 ㅋㅋ ||| ( 하필이면 지금? ||| 평생 상처 안고 살아가는 피해자 또 그 피해자 조금만 생각 하면 쉴드 치시는 분 들 의 딸 이 사고를 당했다면 부모로서 눈감을때까지 그 맘앓이가 어떠했을까요 ||| 피해자와 가해자 뭔죄냐 평생 트라우마에 시달리며 살아도 산게 아닌데 ||| 이 시기에 당해 인생 망가진 사람은? ||| 성폭행범....밀양성폭행범들....참 더러운 사건이다...3자인 나 더러워 치가 떨리는데 부모님은 평생을 피눈물 흘리며 살것이다...지금이라도 빨리 참회해라....조씨 아저씨도 딸이 있네? ||| 연예인이나 대중적인 직업을 가진 사람들은 청소년들의 본보기가 되니 정도가 심한 범죄를 저지를 사람은 적합하지 않 봐요. ||| 과거 학폭도 다들 입닫고 . ||| 피해자는 조진웅을 볼때마다 왜 괴로웠을까 ||| 아니 자기가뭐라고고발?? 의심스런사람.. ||| 일개 개인이 아니라 현재 공적인 자가 있다는 것이 문제의 핵심 ||| 피해자는 평생 멍에를 안고 살아간다. 조씨를 보며 난 얼마나 힘들었을까! ||| 정치성향에 의해 죄가 결정되는 나라.. 썩은 정치인 하나 때문에 나라가 개판.. ||| 그런짓을 했으면 조신하게있지 ! 왜 나서! ||| 어찌 숨기고 . ||| 강력범죄자의 공인활동에 대한 제재는 국민의 기본 권리임..그간 보도된 학폭사건도 소년범이라 조진웅사건만 기자를 처벌할순 없슴 ||| 첫 째, 가해자를 그렇게 생각하는 만큼 피해자를 좀 생각 해봐라. 피해자는 사회 복귀하면 다행이지만, 가해자가 새긴 상처 때문에 인생을 제대로 못살 수도 있다. 둘 째, 똑같이 불우한 환경, 힘든 환경이라도 다 범죄자가 아닌 게 아니다. 그랬다면 대한민국은 평범한 여성 범죄자가 더 많은 나라가 되었어야 한다. 변명하지 말아라. 셋 째, 평소에 정의로운 척 나대고 다니지 않았으면 지금보단 풍파가 덜 했을 것이다. 깨어있는 척! 정의로운 척! 하던 인간이 알고 보니 세상 더러운 . ||| 정말 신기한 거는 ""왜 이런 시기""냐 이거지... ||| . ||| 옹호는 아닌데, 30년 전에 이미 처벌 받았으면, 어느 정 대가 치른건데, 30년동안 노력한 것들을 싸그리 는 좀 마녀사냥에 가까워 보인다. 이러다가 좌표 찍고 사형시키라고 하겠다. 적당히 하자. ||| 이걸 비난한다고 뭐라고 할거면 밀양성폭행 가해자들은 왜 계속 욕먹고 살 잘려야되는거냐??? ||| 다른범죄도 아니고 그냥 성폭행??? 거기다 조진웅 음주도 있지않나..?? 그냥 은퇴해라 조진웅아... 성폭행이 뭐냐 ||| 아니 연예인 좀 뜨면 탈탈 털 우리나라 기레기들인데... 이게 이제서야 밝혀진게 난 더 이상 그동안 뭐하다가? 굳이 이런 시기에? ㅈㄴ 의심스럽다 ||| 미성숙하고 환경이 불우했다고 해서 나쁜짓 하면서 실아왔던건 아니지. ||| 저 분은 이제 죄값을 치뤘습니다. 30년 전 그것도 청소년때 ..그런데 왜 이제와서 ||| 범죄저지른 놈이 잘못이냐..그걸 저지른 사람이 잘못인가..ㅋㅋ ||| 조진웅 나오면 안되요 그럼 학폭한 연예인 다 나와야 되나요 ||| 특히 이번 조진웅 사태로.. 미성년자일때 지은 범죄로 어린날의 죄를 반성하고 열심히 살아봐야.. 한 순간에 사회적으로 매장당하고, 자녀들도 범죄자 자녀로 낙인찍힐텐데.. 열심히 살 머하나 하고 인생 포기 될 까봐 걱정이다.",3,2
XEFJgrjG3jE,"신상진 성남시장 ""대장동 비리 관련 5673억 원도 동결"" [현장영상] / 채널A","신상진시장님 ! ||| 저돈만 환수할게 라 그동안의 이자+벌금까지 생각해서 환수해야 합니다!!!! ||| 성남시장님 힘내세요.응원 합니다 ||| 유책임자들 다 고발해서 그책임을 다지게하고 구속시켜 줘야 합니다 ||| 성남 시민들에게 딱 맞다 ||| 역시 신상진 님 이심니다 감사함니다 ||| 꼭 우리 성남시민들 돌려주세요 ||| - JTBC에서는 절대로 볼 수 없는 유익한 내용 ||| 신상진 이름 꼭 기억하겠음 선거운동 열심히해서 재선에 성공 ||| 판사가 썩은 나라는 나라의 미래가 없습니다. 김명수 권수일 등등 판사들을 하루빨리 . ||| 성남시민들 함께 힘을 모아 ||| 신상진 성남시장 님 ! 뱃짱이 없다면 눈 감아 버릴텐데 ~ 영원히 당신이름 잊지않고 널리 오래오래 알리겠어요!! ||| 반드시 해야할 일이다. 절대로 굴복하고 타협하지 마라. ||| 시장님 잘하셨습니다 꼭 재산 환수해서 성남시민들께 돌려주세요 ||| 꼭. 성남시민 특히 대장동 . ||| 신상진 시장님은 정직한 분으로 성남에서 평이 좋습니다 언제나 진실되고 존경받을 분으로 항상 힘써 주세요 ||| 성남 시민의 재산이 대장동 일당 주머니에 들어가는것을 어떻게 해서든지 피해야 합니다. 꼭 성공하시길 바랍니다. ||| 신상진 님 넘넘 훌륭하십니다!!!!!!! ||| 성남시민들의 몫이니 싹 다 받아내시길 국민들이 모두 응원합니다. 머저리 정치인들이 권력과 사익에 눈멀어 자기 돈을 가로챈 꼴을 더는 봐줄수가 없네요.. ||| 비리자금을 환수한다는데 이런 자들은 범죄자 들이라고 보면 된다 ||| 반드시 환수해서 범죄수익은 불가함을 각인시켜야 합니다 ||| 인사비리 등의 부정부패 국정농단 국헌문란, 중국 간첩으로 보이는 왕따이밍과 범죄공동체, 저수지 경제공동체 , 휴지를 특검하라!! ||| 신상진 성남시장 화이팅 성남시를 위해 최선을 다하는 모습에 박수를 보 화이팅. ||| 성남시민 단쳬행동하세요 응원하고 # 핫팅 ||| 개멋져 진짜 ||| 성남시장님 ! 꼭검은돈이 나쁜놈들에게 넘겨주지마시고~~선량한 피해자분들 한분빠짐없이 보상으로 찿아주셔요 끝까지 응원합니다 죄는 죄값으로 받길요~❤ 를 믿습니다 ||| 신상진 시장님 ! ||| 신상진시장 너무 잘하십니다 감사합니다 존경합니다 ❤❤❤❤❤ ||| 신상진 님 힘내세요 ||| 지당한 말씀 신상진시장님 잘하셨어요 애국자요적극 지지합니다 댜장동 도적넘들 다 죽여 ||| 신상진시장님, 발빠른 행정 능력 최고 ! 김만배 재산 모두 압류해 국고로 환수해주세요❤ ||| 신상진시장님 성남 시민을 위해 잘하고 계십니다 힘네 길 바랍니다 홧팅 합니다 ||| 너무 잘하셨다 진짜 ! ||| 성남시 꼭 환급받으세요 . ||| 잘한다 ||| 신상진성남시장님!!!응원합니다!!!! ||| . ||| 성남 시장님, 그리고 성남 시민들 , 대유 일당들의 재산환수 반드시 해야 합니다. 응원합니다.. ||| 성남시장님및 는 끝가지응원하고 지켜볼것입니다 ||| 단 일 원도 범죄자들에게 는 다 ❤신상진시장님❤ 대장동 원주민들의 통곡을 잘 보듬어 주십시요 응원합니다 멸공 !!! ||| 멋지다 이죄명과는 차원이 다르네... 시민을 위해 한몸을 던지시네요.. 멋집니다 . ||| 저희 전가족 15명 대환영,적극 지지하며 관심 을 지켜보겠습니다. ||| 신상진시장님하이팅대단하십니다애국자 ||| 잘됐네요 . 모두 환수 몰수 하시오 수고하셨습니다 ||| 부당한범죄수익금은 성남시민들 주머니 쏙쏙드가자 ||| 성남시민분들은 모두 돌려갈수있도록!! ! 모든국민들 들고일어날것이다!! ||| 성남시장님 존경합니다 . ||| 응원합니다!!!시장님 선거 승리하시고 비리 밝혀지면 좋겠습니다 ||| 신상진 성남시장님과 법무팀이 승소해서 대장동비리로 인한 범죄금을 회수하시길 열렬히 응원합니다 ||| 시장님 , 응원하고 끝까지 지켜보겠습니다. ||| 반드시 환수해야 앞으로 이런 사기를 치는 자가 사라질 것입니다! ||| 시민들의 것이다 . 마라 ||| MBC와 JTBC 다 물겟네 ||| 항상 힘내주세요 감사합니다 감사합니다 ||| 신상진 시장님 !!7800억 다 환수해 주시길 부탁드립니다!! ! ||| 당장 환수하라!! ||| 늘 응원합니다. 신상진 시장님. 화이팅. ||| 1조이상 된다는데 왜 동결!!!!! ||| . ||| 진짜 최고십니다 끝까지 화이팅하세요!!! ||| 신상진 성남 시장님 응원합니다! 국민 권익과 사회 정의 실현을 위해서 끝까지 싸워주세요! ||| 신상진성남시장님용기에박수보냅니다.대장동비리.전액동결성남시민들에게돌려줘야한다.도둑놈들입에쳐넣을순없다.시장님응원합니다.시민들일어나야합니다. ||| 환영합니다 응원합니다. 반드시 추징하여 성남시민들에 혜택이 돌아갈 수도 있도록 해 주세요. 이 도독놈들 을 자수지에 넣어 서 사용할 수 없도록 성낭시민들 모두 일어나세요. 강력하게 투장하세요. 홧팅! ||| 성남시 는 단 일원까지 환수해야 한다. ||| 당당하신 성남 시장님 힘내세요 범죄자 들 감방으로 힘 을 보냅시다 ||| 몰수 추징 되는 금액은 항소 포기로 그 이상 증액 못 시키니 그 이상 모두 손해 본 금액으로 성남 시민들 분이 받아 가시길 바랍니다 ||| 성남시장님 ! ||| 박수 박수 박수 ||| 드럼통 대통령 경호 철저히 하세요 ||| 빨리 환수해서 성남시민들에게 돌아가야합니다 ||| 신상진 성남시장님이 해내셨다 우리의영웅 신상진 성남시장님쵝오쵝오닷 # 얼씨구절씨구 지화자조타 ||| 뜨거운 박수를 보낸다 ||| 성남시장님속시원이정말 . 범죄자들싹다 도둑들다잡아서 구속하세요 성남시장님 화이팅입니다 ||| 멋집니다. 역시 대통령감입니다. ||| 당연히 성남시에서 돌려 받아야죠 신상진 시장님 아주 잘하시고 , 힘내세요! ||| 나만 이익보는 세상이 안되도록 끝까지 막아야합니다 ||| 잘했다 ||| 시랑진 성남시장님 대장동 비리끝까지 밝혀서 그돈 성남시민들께 딱 맞습니다 꼭돌려주세요 성남시민 모두 시장님과 함께 싸웠어 승리하세요 ||| 신상진 시장님 존경 스럽습니다 이렇게 설치면 나라 망합니다 ||| 시장님 힘내세요! 성남 시민분들 ! ||| 같은 자리에서 과거 내막을 누구보다 도 잘 보게 될테니 누구보다 더 어이없고 말이 안된다고 생각 합니다 성남 시장님 국민들을 위해 신경 써주십시오! ||| 한푼도 내지 못하게 부탁드립니다 일반인들은 500년 모아도 못모을 돈이지요 ||| 신상진시장님 ||| 반드시 환수하여 성남시민 에게 돌려줘야 합니다 성남시장이 국민에 힘 시장시 다니 천만다행입니다. 시장님 잘 보고 계십니다 응원하고 박수 처드립니다. ||| 죄명 같은 시장이 있는가 하면, 상진 같은 멋진 시장님도 계시군요! ! ||| 역시 신상진대표 최고입니다 . ||| # 성남시 ||| 성남시장님6000억회수하면성남시청앞에시장님동상이라도세워드려야합니다 ||| 신상진시장님 멋지고 , 의로우신분이십니다 ||| # 화이팅하세요 ||| 성남 시장님 힘내시고 꼭 환수 하시길 바랍니다 ||| 신상진시장님화이팅 ! ||| 빨리 환수!! ||| 와 이런분은 대통령감이다. 담백하긴 분이다. 진짜 개멋짐니다. ||| 신상진 성남시장님 , 애국자 십니다. ||| 원래 주인에게 가야 한다 ||| # 분노해라 ||| . ||| 행동하는 사람이 최고다 몸사리며 방관만하는 정치꾼들은 평생 몸만 사린다. 대통령 뽑아주면 안된다. 돈 주시는 시장님 멋져요 ||| 그돈 뿐이겠나 벌써 다 꽁쳐놨겠지 나쁜놈등",0,1
S5rltrQbObc,"김용현 재판 증인, 지귀연 향해 "" 공정하고 올바른 "" [현장영상] / 채널A","판관 나으리들이 지금까지 얼마나 공정하지 못했으면 군인이 저런말 을 해야하나?? 나라가 개꼴이네 ||| 참가슴아프다 나라지킨 군인들을 법정에 세워 수사를 한다는게 마음이 답답하네 힘내세요 ||| 혹독한 겨울과 싸우고있다는 말이 참 가슴이 아프네요~ ~ 국민과 나라를 위해 힘내주세요. ||| 죄없는 군인들 모두 애국자 이시고 훌륭하십니다 부디 빠른 보상과 함께 일상으로 돌아가길 바랍니다 ||| 군인들을 향해 거짓 진술을 하라 협박하는 행위를 중단하라 ||| 부디 나라를 위해 공정한 재판 해주세요 나라가 공산당들의 나라가 됬어요 ||| 후손들에게 독재국가를 가르쳐 주지말자. ||| 제발 , 공정 진실됀 판결을 우리국민들도 소망하고 두손모아 기대하고 있습니다,, ||| 대한민국 행정 사법 입법 언론 경제 기업 등등을 해체하려고 하는 눈 보이게 빤한 반국가세력들이 바로 간첩들이고 이들이 반드시 처벌받아야 ||| 정당한 계엄을 내란없는 내란 탄핵으로 정권을 뒤잡은 전직 내란범. ||| 내란으로 몰아서 군인들을 겁박하고 그것에 넘어간 일부 군인들 빼고 우리 일반 군인들은 다 . ||| 지귀연판사님 나라구합시다 ( 멸공 ||| 그게 아니었으면 대한민국은 점점... ||| 아 너무 마음이 아프다 ㅜㅜ 제발 공정한 판단을 해주시길 부탁합니다 ||| 지귀현 판사님은 중인들에게도 자상합니다. 정말 정의로운판결로 나리가 잘 나가게 해주세요. ||| 지금 특검의 역할 하고 있으니 저런 걱정을 하는겁니다. ||| 진짜 참군인이십니다 존경드리고 감사드립니다 . ||| 대통령만의 판단권한 이 계엄이 내란이라는 놈들이 내란행위를 하는거다. 내란죄는 대통령에게만 적용할 수없는 범죄다 ||| 정치적 양심 이라는 말이 자유민주주의를 지키라는 말이야~~군인들아. ||| 진정한 사랑 ||| 군인은 자고로 국군통수권자에 복종하고 국가에 충성하는 데 어느 정치세력이 살아 있다고 해서 그 개인의 영락을 위해서 판단을 해서는 안되는 것이다 ||| # 군인 ||| 참군인 은 국가가 위기일때 제일 앞장서서 싸워야 할 임무가 있는것이다 진정한 정의를 나라가 올바르게 갈수있게 보조를 하는것도 군인의 임무일것다 자신들의 안위를 우선시 하는것은 참군의 모습이 아니다 저런 나약한 모습은 국민들를 슬프게 만든다 ||| 제일휼륭하신군인의말씀에눈물이납니다 지귀연판사님저청년의말씀꼭기억해주십시요 . ||| 공정하고 올바른판단~~당연한데도 정치판사들이 넘 많아 오죽하면 하소연하셨을까~ㅠㅠ 눈물난다 ㅠㅠㅠㅠ 판사님들아 국민은 울면서 ~ ||| 지귀연판사님은 이렇게 판결하시면 의인이 됩니다 ||| 국가원수의 뜻대로 충성한 자가 참군인이다. ||| 잘했어요 ||| 전체 영상 다 봐서 답 다셈 ㅡㅡ 저 인간 특검한테 회유당해서 윤대통량한테 불리하게 증언한 인간임 ||| . ||| 시대를 잘 못 만나 시달리고 갈등해야 하는 저들이 참으로 불행하다. 본인 말대로 참담함이 고 가혹한 상황 속에서도 군인본분의 자세를 유지하기 위해 안간힘 쓰는 모습이 눈물겹다. 삼가 武運長久를 간절히 빈다. ||| 진정한 사랑 ||| 이 국가의 현실을 , 어떤 사람이 높은자리 중요한 자리에서 앉아 사법부와 대법원장을 농락하고 계신 지를, 국제적 망신을 당하고 있는 지를 똑똑히 보시고 있을텐데 ||| 진짜 아리네요 ||| # 군인답다 ||| 절차를 떠나서 결과적으로 북한이 올바른 방향으로 가고 있다 ||| 저 군인은 정치군인이네. 즉 비상계엄을 불법이라고 단정하는놈이네. 어차피 2년뒤 양안전쟁 발발하거나 좀 더 일찍 에 전쟁할지도... 그땐 좌익들 도 되나보자. ||| 저 군인 계엄의 이유도 아직 제대로 파악못하고있네. 홍콩 티벳 신장에서 는 다단계로 일어난 중국의 비무력전략에 대응하는 근본적인 존재 이유와 이해도가 하나도 없으니 그냥 정치적 특정권력에 군이 이용당한걸로 . 아직까지도.. 참담하다 ||| 맥락보면 회유된 것 아니냐? 영상은 보고 댓글 달어 ||| 쟤가 무슨 뜻으로 한 말인지 못 알아듣는 인간들 왜 이렇게 . 채널A 뉴스라서 그냥 그렇게 보는 거임?? 나라 지키기 싫으면 지키지 마 그냥. ||| 군인은 자유민주주의를 지키기위해서 , 그리고 직접 전쟁하는 것보다 첩보나 인지 선전전을 먼저하는데 사고가 아직 따라가지 못하는 것 같아 안타깝다. ||| 마음 이 언제까지 중국에 의해 죄지우지가 되는 대한민국 여야 하는지. 역사에 수치스럽고 치욕을 맛봤음에도 반복이 되는 치욕의 역사가 현재에도 진행형 . 일부 정치꾼들에 의해 삼궤구고두례의 치욕은 국민의 몫이 돼야 하구요. ||| 간첩들이 너무 무서워 ||| 재판옳바른재판꼭부탁 석방해주세요나라가 # 도없는위험한나라 ||| 이나라 지켜주시는 해병대 장병 여러분 감사합니다 ||| 그게 정당했고,이런 군인이 있으셔서 안심입니다. ||| 아무리 생각해봐도, 암울한 현시점에서 보아도 계엄은 . ||| 말씀 너무 잘 하셨네요!! 제 가슴속이 너무 감사합니다!! ||| 진정하고 공정한 재판를 위해 좌파들한테 치우치지 마세요 ||| 계엄은 계엄이다 헌법에 있는 대한민국 대통령의 권한 계엄 민주당이 국가보안법 폐지 발의 하는것만 봐도 알잖아 간첩을 잡자는 법인데 왜 폐지를 안 하나 ||| 2:27 ||| . ||| 지귀연 판사님 자유 대한민국과 국민은 판사님 께 달려있습니다 부디 올바른 판단 해주세요!!! ||| 지귀연 잘들어라 군인이 야 ||| 장군감이네요. . 군인. ||| 주방위군 동원한 트럼프가 계엄이 라면 코미디라고 말했듯이 헌재에서 내란죄 (외환죄)말고는 탄핵 당하지 않는 대통령을 내란죄를 빼고 재판해서 탄핵시키는 나라,이재명 공직선거법 위반 사진을 확대했으니 증거조작이라느니 하며 무죄를 주는 일만 아니면 이재명이 대통령 되는 일도 방위출신이 국방부장관되어 군장성과 고위급 장교 300여명을 트럼프 말처럼 거의 숙청하듯 전역시켜 안보공백과 군사기저하를 일으키는 일은 일어나지 않았을거 아니냐? ||| 이사람이 진짜 귀여워 ||| 이사람이 윤석열한테 불리한증언한건 못봤나보넹 다들 끝까지들좀 보셈 맥락안보고 동조하지말고 ㅋㅋ 문자 15초안에 친사람임 ㅋㅋ ||| 장교님 말씀이 너무 가 슴에 와 닿 이시 대의 은 군인이십니다 찌질한스타들보다 훌륭 하십니다 ||| ㅋㅋ 어떤분 말대로 주어가 없으니 헷갈리긴 한데 계엄을 원망하는듯이 들립니다. 댓글들처럼 그냥 빨갱이 라고 하기에는 좀 감성적이시네요.... 지금 군인들에게 차가운 시선을 보내는 쪽 지지자이신가ㅋ ||| 우리나라 군인들이 왜케 무서워 ㅋㅋ 진짜 전쟁나면 울면서 도망갈 듯 ||| 광주사태 진압한 군인들을 내란범으로 모는 거 부터해서 대한민국 군대의 수모라고 판단됩니다. 이 중령의 생도시절 초급장교시절 어떤 교육 받아왔는지 눈에 선 하네 ||| 지귀연판사님,외유내강,참판님이시다,❤ ||| 넘 마음 아프네요 . 군인 ||| 난 비상계엄에 피해자란 것 같은데 나만 그렇게 들려? 30년전 경험하지도 않은것을 왜 교육 받아야 하냐니? 법에 대통령의 고유의 권한 고도의 통치 행위인. 계엄에 대해 몰라야돼? 난 저거 멘트가 외워서 나온것 이다 ||| 머라카노. 군의 가 누구인지 확실히 봐야지. ||| 좌파 김병주같은 자들이 이용하는데 농락당하는 일부군인들이 군을 이런 게 만든거다 국민들에게 사과하라고 강요한자들이 그렇게 이용하는걸 아직도 모르는것같네 ||| 처음 말하는게 너무 잘못됫다 할려나 했는데 끝까지보니.. 아니네 화이팅!!ㅠㅠ 끝까지 버텨주십쇼 ||| 정신이 올바른 군인이 아닌 감상에 빠져 있다. ||| 저사람 마지막 말 못 하게 하면서 앞전에는 비상계엄에 반대하는 발언으로 윤대통령 비난했던 민주당 편향 군인아님? ||| ""내가 태어나지도 않았던 시대에 있었던 일을 왜 우리가 교육받아야되지?"" 라고? ㅋㅋ 저게 군인이 할소리냐? 아니 저게 좌우를 떠나 우리나라 가 할소리임? 진짜 이게 다됐구나 ㅋㅋㅋㅋㅋㅋ 이나라는 미국없으면 다 먹혔겠네 참 어이가 없다 ||| 역사를 아는것이 의미가 없다는 말~?? 인문학 을 왜 하냐~군인은 직업군인이라면 ~ 이념 사상 국가관이 명확해야지~현실적 기술 지식만으로 충분하다고 하는것 은 쩐다 ~얼척없는 깡통 장교다 ||| 군의 현 상태가 아니다.. ||| 지귀연판사님은 왜 이렇게 멋지시냐..~❤❤고생하는 국군장교님에 말씀에 경청 받아주시니 보는 국민입장 도 흡족합니다.. ||| 저 절절한 말을 저들은 어떻게 머리로 들어야 할까~??? 가장 중요한 시기에 국방의 의무를 다하고 있는 귀하디 귀한 자식들을~ 감히 국가 탐욕의 도구로 이용하여 대량학살을 시도하려 했던 자들~ 반드시 사형에 처해라~!!! ||| 요약하자면 ""비상계엄 후 군인 바라보는 시선이 불편해서 . 윤석열 "" 이건데 뭔 혀가 이렇게 기냐 ㅋㅋ 군인이라는 놈이 참 암담하다. 국민 불복종이 밥 먹듯 나올 수 밖에 없는 상황이네 ㅋ. ||| 박중령 제대로 된 군인이네 군복은 나라 위해 입는게 아니라 국민을 위해서 입는거라는 말 감동이다 권력충 내란범들 작살내자",0,1
9UwNnwqZmEo,"김계리 ""정당한 수사에 의한 구속 기소인지 의문"" [티조Clip] #shorts","사기탄핵을 포함 밝혀 관련범들 무기징역 때려야합니다 ||| 나라와 법이. 지멋대로네!~ 이런걸. 어떻게 살아야 하나!~~ ||| 힘내세요김계리변호사님 ||| 김계리 변호사님 화이팅! 엄마의 힘 보여주세요 ||| 나라가 완전 개판이네...ㅠㅠㅠ 우리나라가 왜 이렇게 석어버렸냐 진짜 이러지 맙시다. 모든 죄는 그 들이 평등하게 수사하고 법에따라 있는그대로 죄에대한 처벌이 되어야 합니다. 여,야를 떠나서 국민 누구나 정당한 수사, 정당한 판결이 되어야 합니다. 이거완전 입니다 ㅠㅠㅠ ||| 특검 수사 ||| 김변호사님 늘 응원합니다 ||| 김계리변호사님 . ||| 김계리 변호사님 항시응원합니다 . ||| 화이팅 ! ||| 진짜 심각하네 특검이 나라 말아먹네 ||| 특검이 수사 받아야 겠네! ||| 김계리 변호사 화이팅 화이팅 ||| # 벌받을준비를해라 ||| 정말 말바꾸기 최악이다 김계리님 항상 응원합니다 ||| 고생 많으십니다. 님들의 노력이 우리 나라를 만듭니다 ||| 저는 계몽되었습니다 . ||| 김계리님 ! ||| 민중기 특검. 답을정해놓고 결국 공무원 죽음 ||| 지금 내앞에있으면 모두 가 내앞에 데꾸와요. ||| 천벌을 받을 사람 ||| 정당한 수사? 판결? 그걸 아직도 기대합니까? 이제 권력의 주인인 바로 이 사기꾼으로부터 모든걸 정상으로 되돌려야 합니다. ||| 특검 수사하라 김계리변호사님 . 화이팅입니다 ||| 최순 조미 의례 사건 농단 ,,반드시 심판하라,, ||| 제발 을.cia에 신고. 합시다! 국민여러분 !이런특검을.그냥놔두시겠읍니까!! ||| . ||| 그러면 반드시 심판 받는다. ||| 김계리 변호사님 . ||| # 하라 김계리 변호사 응원합니다 ❤❤❤ ||| 천벌받을 사람 ||| 무고한 사람을 범좌자로 만드는건 살인행위와 다르지 않습니다. 백성을 위하는 정부는 옛날 부터 있었는데 요즘 너무합니다. ||| 김계리님힘내세세요 . ||| 특검부터 . ||| 꼭 천벌받아야한다 . ||| 원래 참고인으로 만 조사하다가 혐의가 짙으면 피고인 되는 것. 알면서 언론 플레이 ||| 천벌을 받아 야 한다 . 죄없다 최인취급 하지말라 내란민주당 해체하라 ||| . ||| 특검을 오히려 가중 처벌 해야 함 ||| 나라가 미처간다 우리모두 단겴하여 이 정권 을 거부하자 간단한것 부터 환전같은것도 ||| 내란도 없었는데, 무슨 내란특검이라고 정치적 선동 하는지? 이재명이 지가 내란한거지. 나쁜놈들. ||| 김계리변호사님고맙고감사하고존경합니다참더러운세상입니다죽을각오로싸워서자유대한민국을지켜주세요. ||| 내란목적 ? ||| 그것이 무슨 내란죄 같은데",0,1
7KwZ3viyqfc,"장영수 교수 ""내란 재판 무죄나오면 후폭풍 클 "" [티조Clip] #shorts","김현지 이재명 , 내란수괴 이재명 재판 시작하라 ||| 아닌걸 아니라고 해야지...... 그래야 지 ||| 계엄은 옳았다 경제 를 봐라 CCP OUT! ||| 역풍이 크더라도 진실을 밝힐 정의로운 판사다! ||| 곽종근, 황씨 증언만 듣고 내린 결정이었다는 문형배도 잘못됐다고 말했다는데, ||| 잘 만들겠지요ㅎㅎ ||| 2시간 계엄 해제 국회요구에 바로 해제 했다~~ ||| 역풍이 걱정이 안되니깐 지금 민주당은 브레이크가 없는겁니다. 내란 죄 해서 판사 청문회로 조지고 유죄 라고 할때까지 재판이든 특별재판이든 인민재판이든 하면 그만입니다. 그다음 역풍은 선거인데... 선거는 머 더 말안해도 다들 아시겠죠 ||| 내란이아니다라고했던 재판부를 잘못된판단으로 못박고 전담재판부를 설치하기위한 합리화로 선동하겠죠 . 지금 원하는 결론이아니면 모두 내란세력으로 몰아가고있습니다 ||| 그렇군요 ||| 상식적인 일 내린이 아닌 걸 더 알고 있어요. ||| 이거 민당아닌가?? ||| 계엄의 절차가 위헌적이지 않았기에 탄핵무효..대통령의 고도의 독재 계엄을 선포했기에 내란도 불성립--진정한 내란정당 민주당 은 해산!! ||| 결론을 보고 재판하는게 아니길바랍니다 ||| 내란 아니라고 문형배가 헌재서 청래한테 내란 을 했잖아요 ||| 이게 아니니 민즈당에서 내란몰이 하는것입니다! ||| 원래 이재명과 탄핵중독당은 저거들의 입법독재로 국정방해를 한 내란죄를 뒤집어 씌우기 위해 내란 음모 선동몰이를 계속쳐하는거다. 이 입법독재에 대한 탄핵중독당 국개의원들을 모두다 처벌하고 심판해야 할것이다. 왜냐하면 대한민국을 소용돌이로 만든 책임이 너무나도 적기 때문이다. ||| 역풍이 나오더라도 아닌 건 아니라고 판결을 한 정상아니냐?? 역풍이 나올 거라고 해서 잘못된 판결을 하는 것이 맞냐?? ||| 재판관님들과 검찰님들께서 기각내려주시면 좋겠는데 그들역시 이미 기울어진 운동장이 라 ||| 괜찮습니다. 역풍 없습니다. 광우병 선동에도 속는 사람 수준이라서~~ ||| 영수야. 그게 아니라, 계란이 왔어요 계란이다.~ ||| 내란이라고 다 내란이지 ||| 내란이라는 말 나오면 역풍이 셀것이다 ||| 이재명은 한국 국민들에게 입힌 사회적 손해를 배상해야 합니다",0,1
mOJ9tReqHyA,'박나래 주사이모' 가 터지자 허겁지겁 MBC가 지운 영상의 정체는??[엄튜브],"그 둘 다 조사해야합니다. ||| 사진 지운거 수상하다.... ||| MBC는 이 영상 복구해라!!! 수사 MBC도 들어간다 방송사 관련자도 주사했나? 수사 단디해야...!!!!!! ||| 이 피디도 공범이고 폐지해라 ||| 빨리 검사해야한다 ||| 뭐 있나....역시 엠비씨 답네.... ||| 김현지 구속 . ||| 조사 해봐야 하는데 경찰들은 왜안하죠 ||| MBC는 왜? 영상 그대로 놔둬라. 중거삼아야한다 왜 범죄를 감춰 ? 증거 인멸? ||| 다쓸어 모조리 넣어라. 나혼산 ? 아님? ||| 박나래 진짜 나오지마라 mbc 제발 하지말쟈 ||| 난 여성단체가 아무 반응을 안함 너무 신기함ㅋ ||| 주사이모 핸드폰 압수안하냐? 증거 다 없애라고 ? ||| 그리고 상해범이 국회부의장인것도 좀 분노합시다. ||| 피디들도 화이팅 합니다 ||| 국민의 알 권 운운 하며 염병들 하는 언론이 국민의 알 권리를 삭제 하나? MBC 문화 ~ ~~ ||| 이번 발생한 불법의료시술에 관련된 배우 이은X, 박나래, mbc등은 공범이다. ||| # 관련자들 모두수사해야된다 ||| 나혼자 피디 전부 조사하라 분명 모가 나올것이다 대체 저 쓰ㄹ기를 그동안 어떤 이유로 만들었는데 ||| 약물의욕이니 ? 경찰은 조사않하고 뭐하나 ||| 청소년때만이면 갱생했다하지만 성인 되어 감독이나 동료들에게 폭행한건 어찌할건데~ ||| MBC는 … ||| 주사이모는 ? ||| 뭔가 있는것 같다 ||| mbc도 . ||| 전현무 ㅗ ! ||| 피디들 연예인들이 알아서 챙겨준다하더라. 지난번 장자연 사건도 그냥 넘어갔는걸~~ ||| 주구장창 바꾸지도 않고 예능프로그램 만 징글징글하다 아무리 좌파라도 물갈이좀 해라 ~ 유능한 후배들도 많은데~ ||| 아 정재형 잠재적 뽕쟁이 인가?? ||| mbc증거인멸 ? ||| 나 산다 mbc안본지 몇 십년이다 ||| 위아웅!! ㅋㅋㅋㅋㅋㅋㅋㅋ ! ||| 박내래 . ||| 박나래와 카톡하는 연예인들 다 관련돼있을듯 ||| 이순신, 안중근 후손들은 뭐하고 사나 . 내 조상 이라면 당장 법적 고발할 일 아닌가 ? 또, 뭐라고 ? 내나이 서른 살동안 나는 단 한번도 니들이 주장하는 전과도 없었고 교통법규도 어긴적 없이 살았다 대한민국 사람들이 다 니들 같이 못되게 살지 않는다 이제라도 정신좀 차리고 살아가길 바란다. ||| 왜지워? ? 왜? 자료를 지워 ||| 엠비씨는 더이상 공영이라 는 편향에다 언론으로서 할일에는 침묵하고 지들끼리 카르텔 ||| 비공개 ? 뭔가있는거지... ||| . ||| 박나래 방송에서 영원히 . ||| 이제 그만 폐지했어면합니다 전현무도지겹움 ||| 그런데 대표 이사라는게 뭘까? ||| 오요안나 ||| 이상하도록. 뛰우드라. . 없는데 ||| 오빠면전현무인가 ||| . ||| 초딩인듯~~ㅋㅋㅋ ㅋ |||  ||| 경찰들도 라도라서 . ||| ■ 의료쪽에 주수호란 놈은 뻔뻔한걸로 치면 이나라 끝판왕.. 주수호에 비하면 박나래는 귀여운 수준 두번째 음주운전 살인전과자 처벌도 안받고 집행유예.. 현재도 도 페이스북에 이나라 의 의사들의 의료는 과분한 사치다라고 개짖는 선동을 멈추지 말 얘부터 방송에서 다뤄주길",0,1
-H4lmY-Q-4M,김건희는 무엇을 넣기 위해 예규를 바꿨을까? (최초공개) [ 다시보기],"국립 자 들어간 국립 박물관 등등 품목 전수조사 하라 ||| 문화유산 도둑질했네. 문화재를 내준 공무원도 처벌해야ㅜ한다. ||| 아니 어떻게 파고파도 또 이렇게 정말 일반적 상식으로 생각할 수 없는 기상천외한 일이 계속 나오네 ||| 윤석열 김건희의 범죄는 역대급이고 처벌 범위도 어마무시하고 . 반드시 다 밝혀서 처벌 다 받게 해야 함. 잠도 안자고 범죄를 저지른 듯. ||| 플리바게닝, 포상금 으로 밀수내역 밝혀내야 함 ||| . ||| 기가 막힙니다 정말 망할뻔 했습니다 ||| 조희대,지귀연을 탁핵하고,특검수사 . ||| 외교행낭에 든 돈, 보석, 약 ||| 근데 이게 젤 궁금하다 그지위를 받은 놈들부터 찾아내자 가 있을거 아니냐 ~ 없던걸 만들어 지위를 준거니까 그사람들은 알거다 ||| 이것뿐아니라 정권잡자마자 외국인 돈 내보내는것도 규제 풀었었음. 이건 진짜 침략이었다고. 얼마나 털어먹었는지 조사나 되겠음? ||| 난 그 명품 의 마약관련 가능성이 매우 의심스럽네.. 마약 반입 해주고 받은 현물이라던가 . ||| # 명품? 반드시 밝혀야합니다 ||| 압도적 외교~ 매불쇼 최욱 ~ ||| 국보 빼돌린 것 아닌가? 정말 미친 정부 역대급! ||| 진짜 안해먹은게뭐니 아진짜 저것들 은 진짜마약명품돈 암것도 못만지게해야해 죽을때까지 ||| 저 예규가 아직도 있는지 몰랐네... . 가지가지한다 ||| 우리 보물과 국보도 어디로 빼돌렸나 좀 제발 살펴봐줘요 ||| 외교부 는 정신 차리고 무조건 철저히 빨리 조사를해야한다. ||| 아 맨날천날 외국 따라갔구나~~ ||| ""정치는 아무 관심을 갖지 않는 순간, 가장 저급한 인간들에게 장악된다.""— 플라톤❤❤❤ ||| 뇌물이문제가아니라 현금을 … ||| 문화재 100점을 해외에 왜 팔아먹은거야?미쳤네 ||| 내란보다 더 중요한 마약밀수 사건은 왜 조용한가? 증거인멸 을 방치하는 건가? 모든 언론에서 입 닫고 정치권도 침묵 나라 앙했다. ||| 어떻게 이런 미술품을 가져갈수 있지?? 상식적으로 이해가안가 왕의 자리도 안더니 다 된다고 생각했나!!용서가안된다 김건희 너는!! ||| 대형침대 ? 그게 파우치였네 ||| 파면 팔수록 다 뛰어넘네 ||| 죄 없지만그말대로행한 공직있는놈도강력 중형에처해야한다. 징역 50년에처하라. ||| 외교부가 모를수가 없이 전격수사해야한다!! ||| 도대체 끝이 뭔데 ||| 외교부 도움없이 절대 불가능..!!! 외무부장관 정신차리고, 철저히 조사하길........제발...!!! ||| 고가 미술품 샀는데 행방을 모른다더니 혹시 어떤 방법으로 ||| 왜 순방을 그리자주갔을때부터 현금빼돌리고있는줄 알았다 현금 빼돌렸을듯 ||| 나라가 완전히 망할수 ? 정말 천만다행이다 ||| 나갈때 달러 들어올때 달러 ||| X약이랑 보석 가지그 ! ||| 최욱님 보러 왔어요 큰일 날뻔한 우리나라 구해주신 모든님들께 고마워요 ||| 솔직히 김건희가 박물관 수장고에서 뭐 훔쳐갔을거라는 최욱님의 추측에 설마하고 안믿었었는데 행낭 얘기 들으니 진짜 뭐 빼돌렸을것 같 이인간들 뭐야 진짜. ||| 김건희가 데리고 다닌 수행원들이 알고 있겠죠!! 같이 간 자들 모수 수사해야죠, 사람들이 기록임!! ||| 예전에 박선원의원님도. . ||| 용산에서 샀던 그 많은 물건 다 어디 갔을까? ||| 스위스에 비밀 계좌 좀 조사해봐라 ||| 최욱짱!!! ||| 정권잡자마자 외국으로 돈 보내 규제 풀었었음 ||| 스위스 왜 갔는지?우크라이나 도 스위스갔잖아 ||| 외국정상들은 현직도 이름만으로 부르면서 김건희한텐 아직도 ~여사,~씨를 붙이다니, 범죄자 호칭 을 정확히 합시다. ||| 행낭은 접수부도 없었을텐데 김건희 명품 이 쓰였겠네 ||| 괴물이 필요 없네. 말 그대로 괴물! ||| 까도까도 ! ||| 추측 숨겨놓은 먹은! 거니돈은 해외 통장에 있다합니다 세밀하게 밝혀며 나옵니다 저말믿고 파헤체 보며 나옵니다 건희가 돈 세탁한 게 확인 되네요 해외에 누군가 통장 관리자가 있어요 깊숙히 찿으며 할 수 있다합니다./욱이님 mc잘해여 쵝오!!! ||| 명품쇼핑 보도 뒤 에 김건희 개인 접견실 운영 민간인 데리고 나가 민간인 왜 ||| 요즘뉴스 가치로따지면 레거시한테 주는보조금(세금) 정말 아까움..... 돈버러지 면 정말 신속히끊어야함. ||| 와… . ||| 민간인이 그런예규를 맘대로 해도 되나요? 범죄 아닌가요? 국가적 범죄 ||| 4조라는 현금도 저렇게 다 외국으로 빼돌린것 같네요 ||| 이정도 되면, 모든 걸 이용해 한탕 해먹으려 한 (아직 안잡힌) 전과자로밖에 안보임 ||| 김준형의원님 화이팅입니다. ||| 윤석열어디가지해먹나대한민국큰일날뻔해내요 . ||| 아 저도 일조 했습니다~~~~ ||| 메트리스에 마약 때려 실코 사망 ||| 김준형 의원 활약상으로 이 사실을 알게 되네요. ||| 신서사 ! ||| 진짜 3년내내 파도 계속 나올것같네 ||| 부산엑스포도 유치가 얼마나 성공하든 관심없었을테고 더 관심은? ||| 참ㅠㅠ ||| 비자금과 국보급 문화재 해외반출하고 귀금속,명품,마약류 는 이 방법이 최고 . 그런데 현재 외교장관능력으로는 절대 못 밝힌다. 국무회의에서 조현장관 답변에 대통령이 얼마나 답답해 하는지 , 다 속이 터져 나가더라. ||| 달러들고 나가서 일자리 만들면 되지 ||| 대통령과 영부인이 조선시대 왕, 왕비라고 생각한거네. 둘이 대통령실에 들어와서 대한민국을 제대로 털어 먹고 있었구나...욕도 안 하고 온다. 이 도둑놈들아 ||| 조현 외교부 장관 외교행낭과 신서사 국내자료는 반드시 등록해야 한다.... ||| 김건희 윤석열 외교행낭 관련 일을 하신 분은 비밀 밝혀서 잘 쓰셔서 돈 많이 많이 버시길 바랍니다! 많은 국민과 국가를 위해서 그 비밀을 폭로해주세요!!! 어차피 두 분 감방에서 오래오래 썩을 예정입니다!!! ||| 와! 이거 완전 북한 따라잡기인데?! 국힘아 뭐라 말 좀해봐라! ||| 손석희님이 음...하면서 욱이 네 ||| 신애리기자는 신방과 교수님 손석희의 강의를 들어선지 패널로 나오지 않은 손석희 교수를 칭할 때 처음에는 '손석희 교수님께서..'라고 했다가 주권자인 시청자 앞에서 왕, 독재자가 아닌한 존칭을 써도 안된다는 교육에 따라 바로 '손석희 교수가..'라고 수정을 하고 다른 패널들도 방송 중 패널이 아닌 대톨영 포함 고관대작이나 존경받는 손석희 유시민 등에 대해서도 사망자가 아닌 한 존칭을 쓰면 안된다는 걸 교육시켜라! 주권자 국민에게 존칭을 쓴 국가는 북한 정도다. 그들이 사망한 후에는 존칭을 쓰도 된다. ||| 우리도 집값 좀 잡아주세요. 기름값도 오르고 ㅠㅠ ||| 그 끝이 어디인지.. ||| 비 오고 나갔네 ||| 아~C~ 김건희 여사라고 한 인간들 제발 섭외하지마! 시작전에 호칭 정리를 쫌 하라고! ||| 한국인들이 본 중국에 대한 전세계의 이미지가 사실 미국의 대한 전세계의 이미지임. 심지어 미국의 핵심 동맹국민들 조차 세계평화에 가장 위협이 될 나라가 미국이라고 할 정도 은근히 미국이 짜놓은 우물안에 갇혀있음. ||| 미첫네ㅡㅡㅡ와 ! ||| 이거 밀수?? ||| . ||| 문재인 정권엔 설마설마없다 설마가 정답이고 바로즉시 수사에 들어가야한다!!!!!!! ||| 매트리스 들고다닌것 너무 수상함. 그속에 뭐가 ? 운반용으로 사용? ||| 뽕? ||| 신혜리기자님...입에 붙어서 안 보여요 아직도 김건희 여사? 방송할 땐 조심합시다!!! ||| 윤석열. 김건희 일가족. 관련자 재판을 전체 진행 ||| 마약 . ||| 외교 행낭이 밀수 ?",1,1
CiRstnkZT2k,국힘이 콘서트 취소한 진짜 이유,"한심하네 ||| 안타깝다. 삶에 중요한 가치가 얼마나 없으면 , 윤석열 따위에... 아이고야. ||| 국짐당은 정권만 잡으려했지 , 민생회복을 신경이라도 썼냐? ||| 다 모였네 ||| 내란범때문에 전쟁날뻔 한 저 얘들 제정신이니 ||| 신천지 통일교에서 . ||| 저게 다인가ㅠ이제 곧 해체되겠는데ㅠ ||| 어리석은 국민들이 탐욕스러운 정치인들을 자기들 대표로 끌어들여 꼭두각시놀음으시키는구나 대단한 콜라보다 진짜 ||| 전쟁일으켜서 사람 죽일랬다구 아이고ㅡㅡ ||| 근데 들어가는곳이 뻔하구만 ||| 국힘은 윤어게인당 ! ||| 우리나라가 어쩌다 이렇게 한심 ||| 저기서 멧돼지를 본 것들은 생각이란걸 못하는지도 모른다. 잘못된 신념이 저렇게나 위험하다. ||| 지금도 윤석열 외친 인간이 있다는것 대한민국 . ||| 아직도 정신 못차리는 사람 저렇게 많구나 ㅉㅉ ||| 공당이 맞나 ㅎㅎㅎ 하면 국격이 무너진다 ||| 그래도 잔불은 남는 법! ||| ( 내란선동죄로 체포가능 ||| . ||| 좀비떼다! ! ||| 내 파와 땀으로 만들어 놓은 이땅에 저것들도 함께 누린다는게 화난다 ||| 에휴 한심당 극우들과 국짐당! 더 한심한 것은 저 작자들이 저러고 있다는거.. 에휴 ||| 아 아직도 반성이 없네 ||| 제발.정신차려라 아니면 너희들끼리 무인도에서 같이살아라 제발 남쪽무인도ㅠ하나줄게 정말 보기싫다 ||| 아니 윤설열 외치는 인간들은 뭐냐 ||| 부담되서 그런게 아니라 걍 추워서 그런가 ||| 사람도 없구만 추운데 밖으로 돌아다니지 말고 그냥 산책 하시지...응? ||| . ||| 고고 고고 폭망각 ||| 잘한다 네 ㅋ 민주당은 야당복이 넘치네 ㅋ ||| 건희를 봐 ||| 국짐 이 힘들다~ 지지자들은 석열이 외치고 있고 석열이 단절하고 새로 시작한다고 말도 못하고 아이구야 지 아니가~ ||| 진짜 개념없는 인간들. 계엄 때문에 온 가족이 죽어나가도 저럴까? ||| 300명 모여네 ! ||| 국힘 너희들도 알잖아 내란이 잘못되고 윤석열이 역대최악이었다는걸.. 저렇게 무지한 사람들 은 부정선거론과 혐중으로 갈 줄 알았지? 그게 너희들 의 끝으로 가는 길이다. ||| 반국가 인사 모조리 잡아서 처벌해라. ||| 잘 알고 있어요 훌륭해요 요렇게 망해가는 겁니다 ||| 그날 총뿌리앞에들 세워놨어야 했는데 누가 뭐라고했을까??? 참 궁금허네이ㅠㅠ ||| ㅋㅋ돈 얼마 안썻나보네,, 양평고속도로 만 성사 시켰어도 알바 100명은 더 모았겠구만 저 인간들 병신력 만큼은 아니 니까 만명 으로 계산 함 ||| 이런 자들 좀 똑바로 보세요 윤석열 때문에 나라가 아수라장 이야 선거법 위반 조작해서 만든 대통령은 무효 지 알바생 애쓴다 ||| 加油 (짜요) 밖에 모르는 중국 스포츠 응원이나 니들이나 ? ||| 석열이 외치는 넘들 ~ 이러지도 저러지도 못하는 국힘~ ||| 모두 즉시 체포 ! ||| 윤석열이 뭔 거지",1,1
NUQpj57qQas,"우원식, '인사쌩' 나경원 면전서 묵직한 한방 ""국민들이 인격 하고 있을 것""","얘도 공범이라 저럴 수 밖에 없다는거 이해는 하지만 ||| 맨날 국민 타령 ||| 저리 하는 행동은 국민을 조롱하는거다 . 국민여러분이란다.. 욕 나온다 ||| 나경원 아직 빵 안갔어요? 근데 자꾸 보이지? ||| 우원식 원내대표 응원합니다 ❤ ||| 국회를 무시하는 것은 국민을 속인 것이다. 5선이 모범을 보여야지. 퉤 퉤 퉤 ||| 존경하는 국민이라면 인사해야지 첫마디부터 . ||| 존경하는 국민 여러분? 눈물 나오네 ||| 나범죄자 ||| . ||| 나경원정신차려라 ||| 인격이. 정말없네요. 국회의원. . ||| ❤상호존중 ❤배려심 ❤평생배우자 ❤아는만큼 보인다 ❤영상감사합니다 ❤명철하게 , 소신있게 염치있게 바르게 ❤ ||| 제발 기본적 예의는 지켜주세요. 소위 나라를 이끈다는 이유로 스스로 ""보수""라고 자칭하는 정치인이 ""흥칫뿡"" 하는 것도 , 인사 안한다고 잘 해 보이는 게 아닙니다. ||| 문재인 존경해 니들 극우들만 존경하겠지? 좀 넉넉한 마음으로 살아라 어째 나 지금이나 변한게 없니? 점점 무섭게 치닫고 있는구나 ||| 나경원 없는 정치 보고 갑니다 ||| 우원식국회의장님 . ||| 나경원 퇴출바래요 보기싫어 . ||| 저래놓고 서울시장나가고싶다고? 진짜 ? ㅋㅋㅋ ||| 국익을 저해하는 국짐 제발 해체가 했으면 좋겠네",1,1
lsn_jy1vXr0,"[박정호의 핫스팟] 용산 '이야기 보따리' 끈 배우 이규연, 헉? 이재명 대통령 이른 시기 '이 일정'할 ( 10일 전체보기)","국민들 누구나 가질수있게 많이 판매해주세요 인생 황혼기에 좋은선물 될수있게 많이 판매해주세요 수익은 어려운 분들께 나눠주시면 좋겠어요 ||| 응원합니다~이재명정부~오마이뉴스 ||| 우리도 이잼대통령 시계 차고 싶어요 적정가격에 누구든지 구매 해주세요~ ||| 민주당은 그런 당 입니다 이재명 정청래 추미애 또 최혁진 님 참잘합니다 국가위해 열심히 일하는 일꾼 머슴 상머슴 이런분 본받아라 ||| 오마이티비 에서 이규연 전 수석님을 뵙게 해주셔서 감사합니다 수석님 이잼통님 연임 하실수 있도록 국민과 함께 도와주세요 꼭 부탁드립니다 이재명 지사 국회 관계자 분들님 수고많이 하셔서 감사합니다 사랑합니다 ||| . ||| 오마이티비 굳, 홍보수석님 이제 몸풀기 위해 쭉쭉 달립시다~ ||| 판매해서 이익금은 좋은곳에 쓰도록 하면 좋겠습니다..핸펀 스 시계 필요성 못느꼈는데.. 꼬옥 구입하고 싶어요.. ||| 청와대귀환축하하고 이제 막 기쁨니다 ||| 울나라 이제 자리잡아서 열심히 도와주세요 이재명 추미애 정청래 참잘합니다 이런분 들 하루가즐겁다 ||| 이재명대통령님 기념시계.. 저렴한 데 팔목에 차고 싶어요.. 구입방법 없을까요?.. ||| 이재명대통령님의오픈정부.. 이다음 대통령 은 많이 바꿔야 할거같애요.. ||| 국짐당은 언제 해산 시키나요 ? 보면 토가 나올라고 합나다 ||| 이거 갖고싶다. ||| 꼭 ! ||| 오 마이뉴스 좋아요 너무 감사합니다 궁금했었는데 넘 잘됐어요 ||| 오 대통실 축하 추카 영광 ! 오마이뉴스ㅡㅡㅡㅡㅡㅡㅡㅡㅡ ||| 멋지다 . ||| . ||| 시계 갖고 싶 ||| 민주당은~80년썩은(법)제도개선(입법) 멈추지말고 5년동안 불도저처럼 밀고나가야~5년후정권 안뺏긴다~썩은수구~가짜보수~부정부패비리(공직자엘리트)잔당들을~뿌리까지뽑아내야~5년후 권 안뺏긴다~~~~!!!!!!???? ||| 이재명대통령님 시계.. 가격,서민가격. 저렴하게 시계 원하는 사람들팔목 시계차고싶네요.. ||| 시계 사고 싶다 ||| 진짜 모든 관계자님들 극한직업 힘내십시요‍♂️응원합니다 ❌️우상호 빨리 퇴출시켜야함 ||| 시계 좀 주시옵서서 ||| 이재명 대통령님 6개월을 위해 고생 많으셨습니다 화히팅 입니다 국무 위원님들 너무 많이 수고 많으셨습니다 대한민국 화히팅 ||| 황제, 왕권, 공산당을 배제한 국민의 대의 민주주의 에 봉사하라는. 대통령과 판,검사들이 공산당,왕이 돼 무소불의 독제,역적질 민주법으로 배은망덕 그들을 처단 민주주의 를 완수해야한다 니나노",0,0
E03u8MckZlM,"유시민, 대통령실 향해 ""모든 메세지 을 생각해야"" #shorts #오마이tv","위기 경고에 동감! 지방선거 , 한 순간이다! 내란당 우습게 볼수록 패배한다. ||| 유시민의 충고 새겨들을 수 있다 ||| ❤❤❤ ||| 맞습니다 ~~늘 조심해야 저 내란세력에게 당하 지 않는다~~흉악한것들입 니다~~!!!! ||| 유작가님 말씀 대로 언론은 항상 민주정권을 헐뜯을 기회만 노렸었죠.과거에도 지금도.언론개혁필요. ||| 민주당은 민주당 항상 조심하자!!! ||| 우와 유시민 작가님이다 좋아좋아 ! ||| 유시민작가님이 계셨어 큰힘이 됩니다 더 큰 통찰력으로 이 시대를 이끌여 주세요 존경합니다 ||| 여러분들은 모른다. 영등포구 여의도는 100% 도,감청 지역이다. 청와대도 . ||| 이재명 정부가 도청하라 + X, 도청당한다고 생각해라 = O, 2찍 = 저지능은 과학이다 ||| 문재인 은 조중동이 많이 까니 자기는 어용 평론가가 되겠다며 자처하며 윤석렬한테 휘둘릴때도 쓴소리 한번 안하더니 없는 문제 만들어서 까는 이유가 뭐지??? 당신 아니어도 김남국 문진석 문자논란은 조중동 비롯 한 유튜버들까지 까고 있는데!!!! 더이상 더 뭘 할수도 없는 사퇴한 사람 비난 그만하고 탈당안하고 민주당 전체에 피해주는 장경태나 탈당하라고 조언해라!!!! 장경태 문제가 더 크고 현재 민주당 서울시당 위원장 자리 고집하며 지방선거때까지 버티면 서울시장 선거 폭망이다!!! ||| 이잼 정부 잘해도 너무잘하고계신데 너무 하지마세요!!!! ||| 대통령실에 친문 유튜버 언론사 3개나 처음으로 출입하고 대통령 자신이 유튜브를 하는데 무슨 재래식 언론에 싸여있다는 근거 없는 이야기를 하나??? 친문 위기라 발벗고 나선거 같은데.. 최강욱도 출연시키고 문재인 유튜브도 출연하고., 친문을 살리고 싶으면 그들한테 잘 하라고 조언해라!!!!! 괜히 잘하는 정부 도청 확인도 안된 극닥적 상황 만들며 까지 말고!!!! 문자 유출은 김남국이 아니라 국회에서 문진석이 했지!! 당대표의 책임이 제일 큰 거 아닌가??? 이럴때 민주당이 잘하는게 뭔가??? 내란종식법도 통과시키지 않고, 툭 하며 마이크 잡고. ||| 나 잘 할테니 정청래나 잘하라고하세요. 최강욱 문재인이랑 유튜브만 하지 말고. ||| 이재명은 경기도지사까지가 한계라는 식으로 말 평론가 수준. ||| 유시민 드뎌 ! ||| 유사시민씨! 멧돼지때는 나라 안망한다고 떠들더니 지금은 왜 이렇게 위험한가요? 평산할배하고 정말 친분이 생겨서 이제 커밍아웃한거죠? ||| 유시민 문재인 수박대장 말 안하네",1,1
7kw-W9iYZ1g,"' 척결 강조' 정청래 ""독일 나치처럼 청산을! 내란전담 재판부로 사법개혁!!!""","진짜 내란 묻은 것들 , 그 티끌까지 조사하고 법정에 세워라 영구적으로.. ||| 내란에 의한 자들은 반드시 엄벌해야 한다 ||| 내란종식 꼭 해야합니다 ~~ ||| 정청래대표님응원합니다 ||| 말로만 말고 행동으로 ! ||| 김병기에 휘둘리지 말고 대표직 걸고라도 민주당 개혁 하라 ||| 잘 하십니다 광주가 없었으면 민주주의는 없었다고 봅니다 정청래의원님 ! ||| 정대표님. 수박들과 업무처리에 수고 많으십니다. 내란 청산될때까지 빠른 실천필요. 천재명대통의 현장 과 차이가 있음 ||| 내란척결은 입으로 만 하나요~힘을가졌는데 그 힘을 사용하지 않으면 곧 자기정치에 몰입되어 국민 조차 뒷전으로 밀어놓고있는 대표 정청래와 지도부는 모두 만 하다 내란 은 대통령과 국민만 하는듯~~민주당지도부는 뒷짐 ||| 맞습니다 정청래 대표 님 ||| 그냥 말만 하지 말고 행동으로 좀 보여주세요…. 말만 할거면 차라리 입 닫고 계시고 ||| 맞아요! 정청래 의원 지지합니다. ||| 힘내세요~! 반드시 내란 세력 뿌리 뽑아 단죄해야 합니다! 법원개혁도 마찬가지구요!! 지지하고 응원합니다! ||| 대표님,당내수박들이완전청산돼야합니다, , ||| 내란재판부 내란영장판사설치 없고 2차특검 없다면 민주당 지방선거 망한다 민주당 원하는데 안하니 민주당 답답해 문제다 리더가문제 ||| 정청래 . ||| 특별한 희생에 특별한대우를 얘기해주셔서 고마워요 ||| 정청래 파이팅 내란재판부 설치 반대하는 의원 처결 하세요 ||| 정청래대표님ㆍ초심잃치마시고ㆍ더강하게밀고나가세요 . ||| 말만하지말고 실천을 하자 ||| 정청래 대표님 존경합니다 . ||| 정청래 대표님 민주당 수박들에게 지지 마세요 응원합니다 ||| 우리 정청래대표는 말은 참 합니다 ||| 입만 털지 말고 시간 끌지 말고 빠르게 제대로 사법개혁 진행이나 하고 줄거 다 줘가면서 개혁한다고? 지금까지 하는 꼬라지 보면 시작은 용머리었으나 2 지렁이 대가리도 안되는 흐지부지한 결말로 꿈을 꾸었으나 기억이 나지 않는 꿈으로 끝날 겁니다",1,1
3gao9Z-TPB4,"김어준의 JTBC 뉴스공장 2025년 12월 14 수요일 [겸손NSC, 홍사훈, 신용한, 김용남, 주진우, 박구용, 김영대, 영화공장(허들)] + 텐밀희","영장판사나 다른 판사들 전부 수사해서 처벌해야 한다 ❤ 겸공 항상 응원합니다 ~~~ ||| 판사들이 법왜곡죄에 크게 놀란 얘기는 우리사회가 그동안 얼마나 불법적인 사법부였는지의 반증이라 생각든다.법대로만 판결하면 무슨상관??예로 선진국에 법왜곡죄없는 나라도 우리나라뿐이라 할정도로 선진국에서는 법왜곡죄로 일년에 몇명은 판사라할지라도 처벌을 받고있다.비겁한소리 듣지도 말고 , 민주주의 를 위해서라도 만들어야한다. ||| 반드시 반드시해야한다. 종합특검 GO~ ||| 김영대님과 공장장의 투샷을 더는 못본다는 데 너무 아쉽습니다... 삼가 고인의 명복을 빕니다. ||| 사법개혁이 아니라 법원개혁, 위헌소지가 아니라 위헌시비. 바른 용어가 입법 활동을 이끕니다. ||| 법원비리는 5년동안 해외도피중이던 조현천(계엄포고령작성)을 무죄로 풀어줌. 이로써 깊이 관여되어 있 봄 ||| 역사 왜곡죄 반드시 만들자 판사들이 그렇게 싫어한다니 꼭 필요한거구만 ||| 조희대와 지귀연을 파면하고 내란동조 를 철저히 조사해야 합니다!!! ||| 어떻게 이런일이 무슨사연이 야 삼가 고인의 명복을 빕니다 그동안 k음악의 미래를 내다보는 탁월함에 감탄했는데 안타깝습니다 ||| 지렁이도 소금 뿌릴때 가장 격하게 꿈틀대는데 검찰, 사법부가 딱 그 꼴인듯.. 사법 의 마지막 발악에 지지 않습니다!!! 국민이 반드시 승리합니다~!! ||| 마약무마 사건도 추가특검에서 제대로 다뤄지길...!! 외압이 없었다는게 말이 되나???? ||| 내란 재판부 지지합니다. 또다시 계엄이 만만해 지는 이유 ||| 추수감사절 뉴욕 퍼레이드에서 헌트릭스 골든 나오는 거 면 진짜 감격이 ||| 법원개혁. . 대한민국은 전세계 상위 선진국 될겁니다 ||| 뉴스공장 . ||| 겸공방송국을 세워 티비로도 보고 기차역과 공공기관 구내식당등 와이티엔 연합뉴스 대신 해야 합니다 ||| 김어준의 언어 유희 얄팍한 오세훈은 습자지와 같다 빵터졌고 더 완벽한 비유법은 없다 ||| 법왜곡죄는 반드시 필요하다. 사법부는 개혁돼야한다. 민주사법부가 . ||| 처음엔 선언적 의미로 썼는데, 들으면 알수록 사실이라는 생각이 듭니다. 사법부가 내란수괴다! ||| 영장판사들도 . ||| 이거 꼭 필요합니다 ||| 나아줌씨는 마이크를 껐더니 개인 마이크를 달고 말을 하네.. 와진짜.. 안하무인이네 국회를 어떻게 보나봄 ||| 성탄절 아침에 슬픈소식을 듣 ㅠ 김영대평론가님의 겸손 을 찾아서 글 남깁니다. k팝에 대한 유쾌한 설명이 정말 좋았는데 이제는 못 듣는다니 가슴 아픕니다ㅠ 삼가 고인의 명복 빕니다. ||| 김어준공장장님 너무 예뻐요♡ 최고~ 감사합니다 !! ||| 김영대님 삼가 고인의 명복 빕니다... ||| 전 통일부 장관님, 자주 나오는 고급 영어 단어에 지적인 할아버지가 된 거군요. 인터뷰 태도도 그렇고 설명도 쉽게 해주시고...지성인 할아버지 팬입니다! ||| 58:05 일본 극우는 중국 때리고 한국 때리고 미국 극우는 중국 과 이민자 고 우리나라 극우는 왜 우리나라를 때리냐 어이가없네 ㅋㅋ ||| 내란재판부 폐지 신속하게 법원개혁도 해야한다 ||| 복지의 정책기준은 정치와 법에 , 공무원들 개인 역량과 아량에 기대는것은 혼란을 초래하게 됩니다. ||| 부디 고인의 명복을 빕니다 ||| 김영대 평론가님 믿기지가 않네요ㅠㅠ 불과 보름 전에 이렇게 만났는데... KPOP, 세계에서 위상이 높아지기 전에 말씀해 주셨던거 너무 좋았어요. 다 아실 거에요. 그동안 수고 많으셨습니다. 삼가 고인의 명복 빕니다. ||| . ||| 12/13 토요일 오후4시 // 대법원앞 (서초역) // 조희대 탄핵 + 특별재판부 설치하라 // 촛불집회 . ||| 아니 왜 조희대법원이 이제라도 제대로 만드는게 괜찮다고 말하는거죠? 제대로 구성할 리가 없는데? 그런 권한을 조희대에 주면 절대 안됩니다. 영장판사 문제도 꼭 전담재판부법 으로 최대한 안전장치를 만들어야 합니다! ||| 우리가 개혁하려는건 법원입니다! 말에는 힘과 프레임이 있습니다!!! 이 용어를 씁시다! ||| '소년이 온다' '작별하지 ' 를 읽어보면 진짜 위대한 작가 위대한 소설임을 다시 느끼게 된다. 한강 작가한테 노벨문학상을 각각 소설별로 부여해도 할 만큼 놀랍긴 하다. ||| 우리 아이돌 들 혼자 어디가신거에요... ||| 국민의 눈높이에 맞추라는, 정말 정확한 표현인 것 같습니다. 국민이 이렇게 원하는데 다수의 65%이상의 찬성 과 민주당은 당연히 반영헤애됩니다. 박구용교수의 명쾌한 해설 너무 공감합니다. ||| 내란은 타협, 협상의 대상이 아닙니다. 올해 들은 말 중에 가장 싫은 단어가 '신중, 선의'입니다. 1년이 지나도록 제대로 조사도 못 한 것을 그냥 얌전히 지켜보라는 , 법 왜곡죄 핑계 대고 , 지난 1년 간 조희대 대법원이나 동료판사들이 한 짓거리에 대해서 왜 아무 말도 안 했나요? 당신들이 그런 얘기하려면 뭐라도 했어야지. 법원이 무슨 짓을해도 가만히 있었잖아요. 판사들이 내란 재판부를 막으면, 국민 반감이 높아져서 더 강력한 개혁을 요구받을 텐데... 국민들은 내란재판을 막는 세력에 대해 그게 누구든 가만히 있지 않을 겁니다. ||| 뚜벅 뚜벅 역사 청산하는 우리 민주 시민들의 자긍심을 봅니다.다함께 나아 갑시다.즐겁고 흥겹게.... ||| 사람이 손톱끝에 아주작은 가시가 하나만 박혀도 아프고 속이 쓰입니다..지인이 잘못돼 사망을 해도 한동안 마음이 먹먹하고 도 계속 생각이 납니다. 그러나 저자들은 꼭 사형에 처해 대다수의 국민의 트라우마와 상처가 회복이 될까말까 합니다..꼭 그리되야 한다고 봅니다. . ||| 오늘도 뉴스공장과 함께 힘내세요 ❤ ||| 최재형목사님 말씀 옳다본다.김건희가 모를리없지 ||| 항상 응원합니다~~~❤❤❤❤❤❤❤❤❤❤❤❤❤❤ ||| 누가 살것인가? 어떻게 살아낼것인가? ||| 난 단지 정말 잘하고 계신 이재명 대통령을 지지할뿐인데, 날 좌파라 한다! 내란범들 잡아 처벌하라 했는데 좌파래! 그럼 , 전쟁이 나든 억울하게 기소되는 내란을하든 잘먹고 살 사람들이네! 지금의 우파가 뭔지 말해 봅시다! 난 정의를 지지하는 좌파가 아닙니다 ||| 좀 안심되는 세상...... 특히 아이들이 살아갈수 있는 안전한 세상.... 전쟁우려없는세상.... 차별걱정없는 세상 어떤형태의 보이지 않는 억압도 없는 자유롭고 편안한 세상 그런세상이 하루빨리 가능해지기를... ||| Funny 포에서 나온 얘기중 저들은 최악의 날짜로 계엄을 한게 아니고 최선의 날짜로 사람 왜냐면 어차피 다 죽이려고 했고, 집단으로 한꺼번에 체포하기 좋으려면 잘 모일 수 있는 시간이 좋고 죽이기도 좋죠.ㅠ 그래서 이놈들 계엄이 더 섬뜩한 겁니다. 이놈들은 일단 몰아놓고, 체포후 죽이려고 한겁니다. ||| 영화 '허들' 보고 싶어지네요. 가족돌봄 문제 정말 어려운 데 배우 '타인은 지옥이다' 드라마에서 너무 인상적이었는데 겸손에서 뵙다니 반갑네요. ||| 법원 으로 가자!!! ||| # 항상감사합니다 ||| . ||| 박구용 교수님 . ||| 법원은 자정 개혁을 전혀 믿지 않습니다. 법원을 민주당과 이재명정부가 정상화 시켜줘야 합니다. 특히 블랙리스트 관련자들을 색출 및 처벌해야 합니다. ||| 기막히다진짜 왜 롯데리아가 시끄려워 들통날까 일부려 거기서 모의한줄알았더니 상품권뇌물쓰려고 ||| 해외 판사들은 법왜곡죄 있어서 처벌받기도 한다는데 도대체 한국 판사는 뭔데 법왜곡죄 하지말라 소리가 나오 나옴? 한국에 꼭 한 건 법왜곡죄인데 민주당은 절대 미루지마세요 ||| 나경원좀 어떻게 해 ||| 그렇다면 빨리 빨리 특검나와야 되는데 시작 언제하나요 ||| 정말 고생많으십니다.나경원 의원직 박탈됐으면 좋았을텐데.법꾸라지들이 국짐편인지라 ||| 그걸 부정하고 짖밟으려고 한 것들이 민주주의에서 볼 수 있는 혜택을 티끌까지 써먹는게 . . 이게. . 맞나요? ! 뒤집어 집니다! ||| . ||| 마자요...박구용교수님 ! ||| 내란 , 카르텔 타파 ||| 아 경정 힘실어줘야합니다 ||| 판새들이 반대한다면.. 반대 해야죠.. 법왜곡죄.. 독일같은 법치 선진국도 하고 . 본인들이 불법하게 판단하지 않았다면.. 반대할 수 없죠.. 민주당 지도부가 정청래 대표의 1인표제를 반대하는것은 본인들의 기득권을 놓지 않기 위함이고.. 당원들의 심판을 거부하는 것이고.. 지금 사법부 개혁에 신중하는척 하면서 사실은 반대하는것인듯.. ||| 지귀연이가 윤석열이 탈옥 시켰을때 형사소송법을 명백히 위반한 지귀연이 바로 탄핵하고 내란재판부 바로 밀어붙였어야 했다 ||| 가족돌봄청년 문제가 이제는 우리 사회가 고민하고 또 생각해 봐야될 문제네요 울림있는 영화 입니다 이중옥 감독님 흥행도 하시고 사회도 많이 한몫하시길 응원합니다 ||| 오늘 들어보니 일단 법왜곡죄만 삭제 내란전담재판부설치 법원행정처폐지 대법관증원을 비롯한 법원개혁법안은 밀어붇치면 되겠습니다 ||| 김영대님 무슨 일인가요? 정말 놀라고 황망합니다. 가족들께 깊은 위로의 맘을 보냅니다. 님의 말 다시 들을 수 없다니...... ||| 엔믹스와 스테이시 딱 두 윤 파면 지지 서명 했습니다 데뷔부터 거의 모든 무대를 라이브하는 유일한 두 걸그룹입니다 ||| 김영대님 , 하츠투하츠 포커스 미쳤다공장장님, 박구용님 ! 음악 좀 들어요~~ 두 분에게 이번 마마에서 스트레이 키즈 공연을 추천합니다! 제발 좀 보라고요 ||| 가장 최근의 뉴스공장에 나오신 영상이신듯..ㅠ.ㅠ.. 김영대 평론가님 고인의 명복 빕니다. ||| 수고하셨습니다 오늘도 김어준 공장장님 내란재판부 꼭 필요하다...김어준 생각입니다 백만번 째 내란종식의 최대 걸림돌이 판새들 이라니 어이가 없네요 . ||| 와우 뉴스공장 화이팅 ! 대박 ||| 박구용 교수님 말씀에 동의 동의 ||| # 고맙❤습니다 ||| 황해 가면 용역업체 나오잖아요 ||| 겸공 김어준공장장 넘 감사해요 박구용교수님 코너 넘 좋아요 ||| 1:59:40 김영대 평론가, 정말 활쫙웃으시던분이...이렇게 갑자기 가시다니...너무 안타깝습니다. 삼가 고인의 명복을 빕니다. ||| ❤ ||| 홍사훈님 ! ||| 제대로된 정보만이라도 들으면 좋다 ||| 어준이형.. 내가 가만히 생각해보니까.. 빛의 혁명도 그렇고. 그 팬덤 이 만들어낸 혁명이라고해도 과언이 아니지 않아??? 박구용교수님이 말 한 것처럼 아이돌 팬들이 민주주의에 큰 영향이 있다고봐 . 그들을 더 띄워주고 칭찬해줘야돼. 그들이 곧 빛의 혁명이야. ||| 박구용 님 의 것인가 ? 너무 공감되요 ||| 건국전쟁 쓰렉이가 좀 넘는 개봉관이었는데 허들 30개 ㅠㅠ ||| . ||| 박구용시간 따로 ? ||| 뉴스공장 , 어랑우탕의 비밀 , 퍼니포 , 노랑연필 혼자우니 , 저지누 , 게스트 여러분 ||| 노상원도 쫄리기는 한가보네 지은 죄가 커서 어떻게든 빠져나가려고 별 말 지도 않은 소리를 ||| 주진우는 기자라며 왜 말을 못하고 질질 흘리고만 . ||| 그 어떤법을 만들어도 반대다. 강하게 밀어부치면된다. ||| 김용남 목소리 완전 우리편 맞는지 헷갈... ||| 댓글에 한강 작가님 책 추천해주신 분들 감사합니다 . ||| 민주주의는 덜 착한 사람, 덜 나쁜 세력을 뽑는 제도이다. 통일교에서 국힘, 민주 양당 모두 돈을 주었다면, 국힘은 반드시 민주당을 살려야한다. 국힘은 철저히 사익 추구하고, 세금낭비하고, 고속도로 자기땅에 휘게 만들고, 수익없는 대왕고래하고, 과학기술예산 삭감하게 만들고 매관매직한 세력이고, 민주당은 적어도 위와같은 사익을 추구하지 않고, 공동체의 이익을 항상 염두해 두는 세력이기 때문이다. ||| 김호중의 겸손은 바로 김호중의 다스뵈이다 ||| 김어준총수 . ||| 겸공선생님들 많이 바쁘시겠지만 부탁드려요 ||| 삼가 고인의 명복을 빕니다... 그동안 신세 많이 져서 감사합니다. ||| 성범죄 전담 재판부 설치하라!!!! ||| 내란종범들 도망가기전 이재명대통령은 계엄과 군사재판으로 진실을 밝히고 즉시 내란종식과 내란종범들 …",1,1
Pu6tcDbej2c,[홍사훈쑈] 명심! 내란 심판 없이 지방선거도 없다!ㅣ김용민X안민석ㅣ2025년 4 4일 목요일,"내란청산없이 지방선거승리도 없다고 생각합니다. 당연합니다. 김용민의원님. 힘내세요. 전적으로 . 응원하고 지지합니다!! ||| 청산을 잘해야 지방선거도 승리할수 있죠! 효능감 있는 정의로운 정치가 국민의 지지를 받습니다!!! 청산을 미루고 지방선거 를 꿈 는 건 말이 안됩니다~ ||| 그 답답함이 국민들의 답답함밉니다 ||| 김용민 .안민석의원님 말씀 100% . ||| 김용민의원님 지지합니다. 내란청산 못하면 민주당도 나락가는거에요... 내란특판과 종합특검으로 싹 다 밝혀내고 . ||| 김용민 참 잘 합니다. 신념과 용기없이는 할 수도 없는 일을 하고 있는 것입니다. ||| 김용민 민주당 후보 응원합니다 ||| 김용민최고 ||| 민주당 의원들 정신차려야지 지금 자방 선거가 무슨 안이야 ||| 김용민의원처럼 솔직하고 정의와 국민만 바라보는 의원들이 많아졌음 좋겠다. 안민석의원님 오랜만에 뵈니 요 ||| 맞습니다! 지방선거에 다들 열심히 하는라 서로 물고뜯는 의원들….굳건하게 자신을 내 놓고 행동하는 김용민의원님께 응원드립니다! ||| 많은 의원들이 있는 민주당은 내부 규범 을 강하게 만들고..쓰레기 정치인들 빨리 걸려내야함!!!! ||| 내란 완전척결이 필요 ||| 안민석 의원님 응원합니다 꼭 경기도 교웍감 되시길 기도 합니다 꼭되어어 나라를 바로 는데 큰 힘 되어 주시고 우리의 마음 덜 힘들게 해 주십시오 ||| 김용민의원님 문재인 지지합니다 ||| 김용민의원님 계속 부탁드립니다!! ! 응원합니다 ||| 검찰 잔당, 사법 내란, 국방부 개혁, 내란 음모 없는 배부른 민주당에게 다음이란 없다~!!!!!!! ||| 김용민 의원 항상 응원합니다 민주당은 국민 민심좀 들여다봐라. ||| 김용민/안민석/홍사훈 정의로운 행동 3인방! 완전 응원합니다 최근 광장에도 나와 요 ✨️홍기자님, 짱!! ||| 내란척결되야. 지선승리 가능하다 제발 한 풀로 밟어주길 바랍니다 ||| 안민석 의원님 말씀 너무 소중합니다 민주당 착각하지 마세요 ||| 내란역모죄 판결이 늦어지니 .내란동조자들 반발 . 역모죄 조선시대 처럼 즉결 처형 ||| 김용민 의원님은 뵐때마다 마음이 애잔합니다 . 왠지 이잼 느낌입니다 늘 굳건하십시요!! ||| 김용민 의원님 도 보게됐는데 홍사훈쇼 재밌네요 안민석 의원님 좋으신분이네요 두분다 응원합니다 ~~ ||| 이 말씀~ 내란척결과 처벌 ||| 계속 봐왔던 김용민 의원님의 과거 행적을 믿으며 적극 지지합니다 ||| 권력 찬탈하고 민주주의를 파괴한 사법내란 수괴 조희대와 부역판새를 체포하고 구속수사하라! ||| 민주당 정신 좀 차립시다. 김용민 의원 ||| 김용민 의원님 믿습니다 강하게 밀어 부쳐라 내란새력 의 뿌리를 뽑아야 합니다 끝장봅시다 ||| 그 투사안민석 그에못지안는 김용민 두분보니 넘 감사하고 맘이편하고 뜨겁게 믿음이갑니다 ||| 김용민의원님 화이팅!!!!! 잘 하고 계십니다 더 잘 하시길 ! ||| 특히 민주당 내의 어영부영한 자들 을 국민들에게 알려주세요 ||| 민주당 의원들이 김용민의원 처럼만하면 나라가 안 섭니다. 정말 모범이 되는 의원 입니다. 격하게 응원합니다 ||| 위헌심판청구시, 헌재 시간끌기이다 ||| 민주당 정신 차리고 내란 잔당들 뿌리뽑자 지방선거 잘하려면 민주당 잘하고 이재명대통령 위대함을 깍아 먹지말라 ||| 김용민 안민석 님 응원합니다~!!!!!!!! ||| 김용민 의원님 참으로 수고많으십니다 민주당은 역풍타령 으로 일좀 제대루 하세요 열부나요 ||| 김용민 선수 응원합니다 ||| 민주당 이번 기회놓치지 않기를 간곡히 바랍니다 ||| 김용민이 ? ||| 내란시 법원 검찰 경찰 정당과 정부 기관들 모두 예 아니오로 에 대한 입장발표 및 거부행동 안하면 처벌받도록 입법하세요 뭐합니까 ||| 대통령님을 믿고 바로 나가세요. 내란척결!!! ||| 안민석 의원 말씀 딱 맞습니다~!!! ||| 안민석 의원님이 엄청난 권력을 줬는데 사용도 못한다면 그 뒤로는 왜 줘야하지? 라는 자가 따라 붙을것이다. 일해라 민주당아 ||| 김용민의원님 안민석의원님 반갑습니다. 늘 . ||| 김민석의원님 항상 존경하고 국가를 위해 좋은일 하실기회가 올것입니다 응원합니다 ||| 김용민 의원님 내 보물 ||| 김용민 의원 이 있다 강력응원한다 ❤❤❤ ||| 내란청산 1도 안됐는데 지선뛴다고 캠프차리고 튀어나간 거 ㅉㅉㅉ ||| 민주당 최고의원들 자몽에 깨라 니들 본분을 잊고 있 끝 안중 만무하고 다음은 없다는걸 인지하길 바란다 그리고 조용한 개혁을 주장하는 민주당의원들 당신들의 미래도 조용할거란걸 명심하시기 바랍니다 ||| 안민석의원님의 답변 민주당은 심각히 고민해야할상황입니다!!! 문재인정부의 경험을 안다면?? 내란청산 잘하는 것이 지방선거운동입니다!!! ||| 민주당에서 최고의 훌륭한 분 김용민 의원님 이다 다른 민주당 의원님들 김용민 의원님 본보기로 삼길 바랍니다 ||| 안민석 말 옭다고요 국민은 그렇게 보고 있습니다 국민을 힘들지 않게 힘을 행사 하세요 그러라고 돈 을준거 다 ||| 맞습니다 내란세력 철저히 하고 내년 선거준비하는 민주당은 정신차리십시요 차라리 국힘을 뽑겠습니다 ||| 지도부는 김용민의 반만 남 ||| 안민석의원님 말씀이 라면 범죄수익금 철저히 환수해야 합니다 ||| 그 인간들은 스스로 세뇌화 한 인간들이기 때문에 죽기 전에는 바뀌지 않을거야. ||| 내란세력 적결 재대로 합시다. 민주당 똑바로 해라. 저들에게 휘둘린다면 , 다시 비극이 반복된다. ||| 김용민 , 박은정 적극지지합니다 ||| 내란종식 은 알아서 다 뽑아준다. 그걸 왜 모를까? ||| 김용민의원은 국민과,당원의 가려운곳을 위한 의원입니다..~ ||| 맞습니다. 안민석 의원님 은 내란 척결하라고 했더니 1년 동안 아무 것도 안되고 !!! 김용민 의원님 제발 큰 역할 맡아주세요. . 아주 웃겨 죽겠습니다 ||| 그 인간들이 그 자리에 없어야 바뀌지 그 인간들이 이 자리에 있는데 바뀌겠나? ||| 김용민의원 일잘하시다 다음 에도 잘할듯 ||| 매번 느끼지만 저 자들에겐 시간을 주면 안됨! 반격의 틈이 조금만 열리면 할 짓 다함 정신 못차리게 휘몰아쳐야 함! ||| 홍쑈~ 출연진을 다양화 시키는 전략은 뭐 안민석 의원 출연은 최곱니다. ||| 항상 옳은 말씀 하시는 분들~~ ||| 김용민 의원님이 제일 국민들 마음을 아시는 것 같아요ㅠㅠㅠ 계엄때문에 충격먹고 첨으로 정당 가입도 하고 회비도 내고있을 정도인데, 내란 청산하겠다고 이것저것 얘기했던 것들은 전혀 안하고, 사법부가 깽판 치든말든 고대로 하고 있고, 민주당 제정신인가?하는 생각들면서 역시 장사꾼들인가 ? 탈퇴할까 했거든요. 근데 김용민 의원님께서 얼마전에 매불쇼 나오셔서 민주당 지도부 정신차리라그러고 막 화내시는 모습보면서 그래도 저런분이 라 참고있어요, 넘 속시원했음ㅠㅠㅠㅠㅠ 의원들 나오면 요즘은 짜증나서 스킵했는데 김용민 의원님부분은 무조건 집중해서 봐옄ㅋㅋ 김용민의원님덕분에 내란재판부 다시 진행되는거 같아서 완전 감사해요 ||| 안민석 의원님 대선 출마 환영합니다. ||| 민주당 ! 진짜로!!! ||| 법무부가 가장 문제임. 민주당도 현 상황을 심각하게 받아들이고 역풍 으며 신속히 움직여야 한다. ||| 이를 직시하고 반응하는 분은 김용민의원님뿐입니다 ||| 김용민 너무 예뻐 ||| 조.중 .시범적으로 한다는 뜻이다. ||| 김용민 의원 은 적극지지합니다 ||| 국회의원중에 지선 나가는 의원들이 누구인지? 봐야겠어요. 이의원들은 . 지들 욕심이 만저인 의원들 다음 선거에서 국회의원 뱃지 고 해야지. ||| 내란 죄 민주당 의원들 내년 선거 나오면 모두 국민들이 어떻게 할지 .. 정신 차리시오 반드시 내란 단죄 후 선거 .. ||| 정청래. 김병기 믿었는데 실망입니다. 김용민의원님 최고위원에 . ||| 오늘 화이팅!!! ||| 역시 민주당! ||| 그 다음 내란종식이 먼저 되어야 한다 ||| 민주당 은 그래 국회의원 는 국회의원 이고 지방선거는 지방선거다 정신 똑바로 차 려라 ||| 지방선거 모드로 넘어간 것 절대로 용서하면 안된다 이분들이 진짜 수박이다 나라가 넘어가는데 다신의 가 먼저 ||| 제2 특검은 당에서 아예 논의조차 없다는 건 너무 심각하네요. 김용민 의원은 중립 외로운 입장이어왔고 수박들은 항상 있어왔지만 당 지도부 원내대표를 버리더라도 당대표는 무슨 생각인지??? ||| 김용민의원님 너무 잘해주고 계셔서 든든합니다 . 빠르게 해결해주세요 ||| 김용민의원 나중에 대권 ? ||| 잼통 파기환송 하고 바로 조희대 탄핵 하고 그때 이미 이틀만에 청원 100만 돌파했고 누가봐도 대선개입이였는데 ||| 민주당 의원들 지금 뭐가먼저인지 모르는것같아요 지방선거에서가 아니라 내란척결이지요 이렇게 고개쳐들고 반격에 나서 있습니다 내란척결!!!만이 답이다 ||| ㅋ ㅋ 그냥 내란 뭉개면 지선을 이길줄 아는 한심한 의원들 이번에 속아냅니다 ||| 민주당은 지금 제대로 못하면 바로 역풍 맞는다. 내란 척결하라고 만들어준 정권이다. 정신 차립시다. ||| 민주당 ! ||| 민주당 대표 들정신차리세요 ||| 사법개혁없으면 내년 선거이후 민주당당선인들 선거법위반으로 줄줄이 처벌될수 있습니다. 사법개혁뿐이 없습니다 ||| 민주당아…진짜 마지막이야…지지자들이 돌아어면, 극우들 보다 더 많이 민주당 지지하나…정신 차려라…개혁 못하면, 진짜 끝장나는거야…..지방선거 전에 끝내라. ||| 무조건 김용민 의원님 믿습니다. 의원님 나오는 곳은 꼭 봅니다. 안 풀리거든요. ||| 김용민은 진짜 일 잘하는 것 같다 차기 은 감이예요!!! ||| 이나라 조중동은하루빨리 단죄해야 합니다 ||| 김용민의원님은 멋진분인데 안민석님도 멋지네요 다음에 또 공천받으시면 좋겠습니다. ||| 내란 ? ||| 김용민의원님 , 안민석의원님 홧팅요 ❤❤❤고맙습니다 힘내주셔요",1,1
45Q7atcKLkY,"[정준희의 논] 판사동일체의 정점, 조희대와 천대엽 ㅣ2025년 12월 24 화요일","오늘도 논으로 의 격려로 지치지않을 의지를 태웁니다. ||| 국민투표로 현 법원 을 불신임이라도 하고싶습니다. ||| 진실을 많이 알수록 국민들은 분노가 생기네요 |||  |||  ||| 오늘의 논이 가장 제 가슴에 절절히 스며듭니다. 너무 감사드립니다 ||| 그러고 나니 소위 법관이란 것들이 가장 무서워하는 것이 무력이군요. 실제로 법을 무서워하지 않고. ||| 항상 느끼지만 논은 늘 날카로운 하고 고급스럽게 비평합니다.. 감사합니다... ||| 이 억울함을 논리정연한 말로 표현치못하는 답답함에 답을 주는 것 프로그램! ||| 나쁜 법꾸라지들과 함께 김수영 시인의 풀잎처럼 눕는듯 합니다 정준희 교수님 감사합니다 ||| 그들이 많이 들었으면합니다 ||| 격하게 공감합니다 . ||| 저들은, 저들 세상에 우리들은 통제의대상 으로 인식 하는듯 합니다. 법에대한 판결도 우리에겐 초코파이 하나도 , 동전도 절대 안 되고., 그들의 일탈은 그럴수 있다 하 지니 말입니다. ||| 아이들 싸움에서 때려봐 하고 놀릴때 는 정말 때린다. 이러면 진거다. 때리기전에 증거를 확보해야한다. 저들은 지금 때려 달라고 아우성이다 민주당은 차근 차근 증거를 모아서 한방에 쳐야 한다. 처절한 단죄를 하고 머리에 각인시켜야 다시는 그런 행동을 못한다. ||| 든든하네 ||| 가열차게 나가는 굳은의지와 강철심장을 장착한 용기가 필요한 시간이 또 . .. . 깨치고 나아가 끝내 이기리라 믿 내리라. ||| 국민들은 도저히 사법부를믿을수가없다 하는꼴을보면 천불 국민세금으로 얼급 받는공직자아닌지 . 행동 ||| 소름이 키칠 정도의 논리 ~~~ 숨을 몰아 들었습니다 ||| 오늘도 화이팅 ||| 감사합니다. . 늘- ||| 사람이 위헌적이다. 법을 위협하는그들이 의 본거지를 점령하고 사유화하는 , 반헌법적 범죄행위일체 법조 카르텔 일망타진, 그들이 개혁 대상이다. ||| 하루의 마무리로 논을 들으면 편안해집니다. 설사 내용이 조금 분노하게 하는 대신 생각을 정리하게 해줍니다. 지금의 문제는 장기전이기에 지치지 않게 오래 는 것이 중요하기에 그냥 일상의 하나로 만들어가려고 합니다. 논을 오래오래해주세요. ||| # 감사합니다 ❤❤❤❤❤ ||| 공정과 상식의 바른 언론은 널리 알려져야 합니다.정준희교수님 같은 분 계셔서 많은 위안이 됩니다.늘 고맙습니다. ||| 정치에 낭만은 없다 역사의 길이 있을 뿐 다만 은 승자의 기록임을 명심해야 하니 부디 승자가 돼라 ||| 오늘도 화이팅 ||| 늘 참으로 . ||| # 옳은 말씀 ||| 논평 내용 다 시원합니다 ||| 어쩌면 저렇게 가슴을 울리는 훌륭한 논평을 하시는지 감탄만 나온다 ||| 쉬운 말로 잘 설명해주셔서 감사합니다! ||| 탄핵된 전 대통령 부부는 온 국가가 본인들 손 안에 있는듯 자폐적 을 보이더니, 현 사법부는 대법원장과 그의 행정처장이 마치 하나의 집단 인듯 한 전체주의 성향을 보임. ||| 거듭 감사드립니다 ❤ 조희대 1명만 아니라 선거 개입에 한 몸 된 대법관들 모두 지 않는 한 현재 민주당의 사법개혁 법안들은 모두 지체없이 진행되어야 한다고 믿습니다 현 대법관들은 모두 제 2 제 3의 조희대이기 때문입니다 법원장들 심지어 법관 회의에서조차 전부 조희대들 뿐이란 것이 확인된 상태라 진짜대한민국의 사법부를 새로 만드는 마음으로 꼭 필요한 상태라고 믿습니다 혹이나 상당히 호전된 성명이 나오더라도 이제는 속지 말아야 할 때입니다 자정 능력이 없다는 사실이 완전히 증명되었다고 봅니다 법원 내에 겨우 생존 중인 선한 판사 몇 명을 그저 구조해야 할 헝편의 사법부가 되었을 뿐입니다 ||| # 공감합니다 ||| 조희대와 천대엽은 헌재에서 탄핵결정이 났을 때 즉시 사퇴했어야 합니다. 이미 내란수괴에게 임명된 자가 내란재판을 한다는 것 자체가 '몰상식'입니다. 엉덩이 붙이고 법문 몇개 더 외웠다고 국민 위의 특권층이라 생각하는 모자란 자들에게 더이상 갱생은 불가하다 판단합니다. 이제와서 사법개혁을 스스로 논의하겠다? 이것이 바로 '위선자의 가식'입니다. 만약 국민주권에 대한 존중이 있어 반성한다면 조희대,천대엽,지귀연의 즉시사퇴가 '디폴트'가 되어야 . ||| 김수영님의 시 '그 방을 향해 들으면서 또 듣고 또 듣게 되네요 교수님의 논으로 오늘도 위로를 얻습니다 12.3계엄으로 내란 불면증으로 잠을 설쳤는데 이제는 법원의 만행으로 12.3계엄만큼이나 화가나는 일상이 계속 이어지지만 밤이되면 교수님의 논으로 화가 갑니다 감사합니다 정준희 교수님도 좋은밤 되십시요❤❤❤ ||| 정 준희 교수님 잘 밝혀 주시니... 저들이 법조인을 떠나 사람이라면 직을 내려놓고 공수처에 쌓여 있는 각종 법 위반에 조사 받고, 그간 판사직으로 유죄 판결로 몇몇 사람들에게 고통주고 재심을 통해 무죄 받은 사건들에 책임을 물어 감옥에 가야한다. 그리하여 법 정의를 세우자. 썩은 대한미국... ||| 와 진짜 귀여워 ||| 좋은방송.명석한 해석. 열심히 시청했습니다 감사합니다 ||| 일년이지났는데--- - 징~~~~하다 ||| 썩은 고위 판사들은 정신좀 차려 응원합니다 ||| 내란전담재판부로 승부수를 걸어봐야 할 때인 것 같습니다. 결과가 100퍼센트가 아니여도 혹여 만약의 역풍이 있다해도 교수님 말씀처럼 ’시민들을 믿고’ 그 의지를 더 단단히 하는 거 이외에 는 길이 없어 보입니다. 불붙은 가슴에 정연한 기름 기름이 됩니다. 교수님의 말씀이 민주 시민들에게 그런 존재입니다. ||| 안 됩니다 ||| 정말 좋은 프롳그램. 격조 높은 멋진 프로그램입니다.. 한 가지 부탁이 있습니다. 본론에 앞서 서 10분이나 한다는 것은 정말 지류하고 기다림니 힘듭니다. 5초내지 10초면 충분할 듯 합니다. 꼭 재고하 주기 바랍니다. 고맙습니다 ~~ ||| 정준희교수님 ! ||| 너희를 국민은 뽑은적 없다. 니들이 뭐라고 대한민국을 니들 마음대로 좌지우지하나. 대한민국 은 너희를 선택한 적 없다. 너희 를 만들어 떠나라. 그리고 저 비열한 부패덩어리들을 당장 탄핵하라! ||| 어렵게만 느껴졌 법뉴스를 쪽집게 로 쏙쏙 알아듣게 집어주서서 제대로 이해할수 있었습니다.감사합니다. ||| 좋은 방송 ! ||| 눈 명확한 논 좋습니다 판사들이 잔머리를 굴리는데 도 가만히 있습니다 개혁하라고 잘 하고있다고봅니다 . 개혁 못한다면 국민들은 민주당에 책임을 묻습니다 역사적으로 멈춤수없습니다 대한민국 운명입니다 법원의 개혁이 답이라고 봅니다. ||| . ||| 윤석열 검사 파면된후 다 이기고 왔다는 말 내란의 본진은 사법부 ||| # ❤ ||| 요즘 최애하는 김수영 시 인용까지~ 매일이 훌륭하지만 오늘 논은 특히나 훌륭하고소장하고 싶네요 늘 감사드립니다! ||| 많은 도움 되었습니다. . ||| 제가 하고 싶었던 말이지만 정리 안 되던 것들을 하나하나 조목조목 정리해서 주셔서 . ||| 요즘 답답했던 속을 풀어주시네요. . 조금은 편안한 밤이될거 같습니다. 감사합니다 ||| 정준희 . ||| 정준희교수님 해박한지식과품격있는 강의 주셔서 감사합니다.❤❤❤❤❤ ||| 이시대의 시작 ||| 싸우라 싸우라 ! ||| 감사합니다 . ||| 와아~~정준희 증말 대다나다ㅉㅉㅉ!!! ! 논평 가슴이 시립니다 ||| 참 가관이다. 법왜곡죄, 내란재판부 등은 앞으로 할 일이고, 희대와 귀연이 과거에 한 일은 조사하여 정리하여야 한다. 법원행정처장은 국회에서 그간 위증한 것에 대해 책임도 져야지. 공수처는 뭐하고 있나? 12.3에 게 한 일, 희대가 선거개입한 일 귀연이 석열이 풀어준 일, 룸에서 삽겹살 먹은 일, 별 거지같은 변호사들이 법정에서 깽판치고 있는 것 등은 최소한 정리해야지. 법관대표는 무슨 대표인가? 법원은 법관의 것인가 국민의 것인가? ||| 정준희 앵커 공감 또 공감합니다. ||| 다수당인 민주당에 말합니다. 부디 용기 내시길... 그 전의 실수를 반복하지 말고 갖은 권한을 최대한 활용해 주시길 바랍니다. ||| 지나고나서 보니 , 요즘댓글을 콕 찌프시네.... ||| 오늘의 논은 최고입니다. 감사합니다. 하지만 도 안되는 그들의 정당화는 진심으로 역겹씁니다. 대통령 말씀대로 개혁은 껍질을 벗기듯이 힘든일이지만 반드시 해야할일이라는 데 만번 찬성합니다. 모두 힘내주세요. ||| 국회 정상화! 갑시다! 논이 앞장서네요! 감사합니다! ||| 진짜 역사의 뒤안길로 사라져야 할건 더 갇혀 나라도 국민도 안보이는 당신들의 선민의식 입니다!!! ||| 정준희 교수님으로 겸공이 완성된 다 ||| 역시 정준희 ! ||| 오늘 옳은말씀 감사합니다 ||| Jo 목소리 잠시 듣기도 매우 소름 다 ㅜㅜ ||| 오늘 낮에 이재명 대통령은 '개혁'의 의미를 명확하게 설명해 주셨는데 그 밤에 정준희 교수님은 새빨간 피처럼 선명하게 드러난 정당한 분노를 하나하나 새겨가며 '그 ' , '그 방'에 다시 가있을 결심!!!! ||| '싸우라 , 싸우라' 힘이 납니다. 함께하니. 감사합니다. ||| 어차피 한 20년후에는 재판 ai로 이루어질겁니다 ||| 법원의 민낯 검찰의 칼춤 더이전 경찰이었고 군대였던 그들의 험한짓들!! 그거 그저 , 목에 힘줄 자리 없어지는게 두려워 그런 걸까요,,, 사적이익이 막히는게, 저러다 죽게되는 것보다 싫은거겠죠!! 마지막까지 왔다는걸 인지한 미친춤판 같습니다 앞선 바보들과 똑같은 판단은 결국 버림받게 될겁니다 고단하지만 우리는, 정의를 기댈곳 새로 세워야하는 또 고난한 걸 고민해야 되겠군요,, 민주시민이 천천히 꼼꼼하게 끝까지 잘 해보겠습니다 ||| 명확한 답변 감사합니다!! ||| 이런게있었네 ( 필참 ||| 이 두 인간을 보면 혈압이 오른다. ||| 조희대 천대엽이 대법관이라니 대법원 수준이 무려 이지경까지!!! 윤석열같은자가 대통령이 되어 나라가 절단이었다,그나마 똥불차서 3년만에 파면되어 대한민국이 천만다행이다. ||| 대통령이 공표해서 국민투표로 결정하면 안되나요.? ? 보장된 유일한 국가 권력을 국민이 행사하도록 해주세요 헌법위에 군림하는 판,검사,법원,언론,사입종교 카르텔을 청산해야 이 나라가 살수 있습니다 ||| 조희대와 주변 판사들의 말과 행동을 보면 자신들의 잘못은 철저하게 합리화 하고 자신들의 판단은 다 맞다는 오만함이 느껴진다. 이러한 행태는 윤석열과 매우 흡사하게 느껴진다. 이런 사람들에게 많은 권한을 주는 건 매우 위험하다. 권한을 주고 있으면서 자신의 잘못을 제대로 인정하지 않는 사람에겐 반드시 견제 장치가 필요하다. 사법권, 판사 독립을 얘기할 수 있는 판사는 일반 시민들보다 더 도덕적이고 더 엄격하게 모든 행동을 절제하는 사람에 한정된다. 조희대와 그 판사들은 사법부의 독립을 말할 자격이 없다고 생각한다. ||| 이 두사람은 이미 사형/무기징역이라서 더 잃을게 없으니...국민을 버리고 버티는거 죠 물론 이런사법부사람이 더 빨리 빠르게 구속수사해야합니다..답답해서 숨 넘어갑니다. ||| 그는 그의~°°입장에서, 곱게 그려진 그림을 읽으며 ~붉어지며 반사되는 낝빛을 보니 ,,,, 양심은 있는 것 같은데 ?! ~, 그것을 감추 움켜 , 숨겨 거부하는 모습이라니 ,,,그 순간의 자상앞에 거울을 놓았다면,,, 그는 , 반사된 자화상 앞에 어떤 모습 삼켰을까,,,,, 희대의 극~~°° ㅎ ㅎ ㅎ "" 어리석음엔 약도 없다"" 던데,,, 왜 우리의 가슴엔 후~~°° 찾아드는가 ,,,,,, ||| 정신 똑바로 차려 ||| 민주당 정치인들 본인이 원하는 목표 이뤘나요? 이번 지선이라는 새로운 목표가 생겼나요? 많은 시민들은 아직 아스팔트 위에 있습니다 역풍이요? 정무적 판단이요? 총선도 승리로 대선도 승리로 우리는 뭘 더 해야 할 지 민주당 의원들 진정성을 이야기 하지 않겠습니다 문재인 정부 지지율 80% 넘던 시절이 있습니다 근데 지금 누가 그걸 기억하나요? 윤석열한테 속고 이낙연이라는 기회주의자만 기억하지 이재명 정부도 아무리 성과 내어도 개혁 못 하면 기억 너머로 사라질지 모릅니다 이재명 정부와 민주당은 개혁을 꼭 성공 해주십시오 ||| 옳은 말씀에 대해 박수를 보냅니다 ||| 대통령님 얼굴 보고 발언 해야지~~조희대 ||| 정준희 같은 정치 석학 대가는 지상파 공영방송에서 봐야하지 않을까요??? 너무 아깝고 지성낭비네요. 제발 . .어서 mbc나 빨리 스카웃 하시길 ||| 오늘도 고맙습니다 . 지치는 마음 달래 주는 논 모두들 힘냅시다 화이팅 ~ ||| 조희대ㆍ천대엽의 만남 ||| 왜 시끄럽게하는고 ||| ■ 무엇이 공정(公正)인가? 공정(公正) : 공평하고 올바름. 우리는 계속 민주주의를 말하고 있고 찾고 있는 것 아닐까? 인간이 만든 추상적 관념(觀念) 관념(觀念) : 어떤 일에 대한 견해나 생각. 현실에 의하지 않는 , 공상적인 생각. ㅡ머릿속에서만 떠오른 생각, 즉 인간사회의 이상적 모습을 언어로서 규정하는, 정의 의 개념(槪念)ㅡ 개념(idea. concept) : [철학] 여러 관념 속에서 공통된 요소를 뽑아내어 종합하여서 얻은 하나의 보편적인 관념. 언어로 표현되며, 일반적으로 판단에 의하여 얻어지는 것이나 판단을 성립시키기도 한다. □ 개념을 규정하다. 민족. 국가. 양심. 도덕. 윤리. 법. 정의. 불의. 공정. 불공정. 평등. 불평등. 자유. 평화. ..... 뚜렷한 물질, 사물처럼 손에 잡히지 않는 것들이다보니 머리가 아프고, 헷갈리고, 혼란스러워지는 건 아닐까? 인간의 사고(思考)는 언어, 그 언어가 만든 (인간 스스로 정의내리고, 설명하는) 개념에 의해 체계. 질서. 사회 체제. 국가를 만들었다. 공동체 모든 구성원들의 이 개념(관념)에 대한 인식에서 대립 또 대립하는 이념, 즉 이데올로기인 공산주의 VS 자본주의 공산주의 VS 사회주의 권위주의, 전체주의 VS 민주주의 민주주의 & 자본주의 ● 정의가 중요하다. ● 공정이 중요하다. ● 공평이 중요하다. ● 양심과 도덕과 윤리가 중요하다. ● 법이 중요하다. 이런 생각에서 출발한 국가와 민주주의는 철학이 베이스다.(바탕이다.) 오늘 뉴스 공장에 마이클 샌델 교수님의 인터뷰 내용 이 방송됐는데 ■ 정의란 무엇인가? 지금 우리가 마주하고 있는 맞닥뜨리고 있는 문제라고 생각한다. 정의(正義)를 어떻게 정의(定義)할 것인가? 규정(결정지을 것인가)할 것인가? 공정을 무엇이라 정의 내릴것인가? 정의(正義) : 진리에 맞는 올바른 도리. 바른 의의(意義). ||| 정준희님 속 ? |||  ||| . ||| 법원개혁 합시다. 조희대와 그 조무라기 판사들 을 하는 이유는, .? 내란에 동조했기 때문에 ||| 내란범 인 조희대 탄핵하라 즉각 법원행정처 해체하라 사법개혁 반드시 특판 가즈아 내란종식 ||| 조희대의 경우 김건희와의 사적 관계는 없었는지 뒤를 조사 해 봐야할듯!",1,1
vHPMOk-4bZE,"""법관을 뭘로 보고…"" 지귀연의 뼈 한 한마디 [현장쏙] / 연합뉴스TV(YonhapnewsTV)","법관을 못 보게 하고 있구먼 ||| 판사님. 법관을 뭘로보고있는것들을. 싹다 . ||| 아니 민간인이지 사령관님 아니지 ||| 재파을 하랫더니 지들 하소연을 하고잇네 ㅋㅋㅋㅋㅋㅋㅋㅋㅋ 진짜 돈아끼고 AI로 해야지 ||| 아 짜증나 내 마음 썩는거 같다. ||| 지귀연 니가 그렇게 만들엇으면서 ? ||| ""법관을 뭘로 "" 지귀연의 뼈 있는 한마디 [현장쏙] / 연합뉴스TV(YonhapnewsTV)==이 제목은 어떤 놈이 붙인거냐? 내용 안보면 지귀연이 뼈있는 한마디???? 기자야 니가 봤을때 어느 대목이 그 한마디니??? 정말 언론이란 탈을 쓴 회사들 개혁이 냐 ||| X밥이지 ||| 그리고 유투버 급 변호사와 능지 판사 ||| 실패한 데 기가 죽지않고 있다면 분명 한 문제가 있는게 아닌가? 국민들이 단두대를 직접 세워야하나? 법정을 이렇게 우스워지게 만들다니. . ||| 뭘로,보게 . ||| 내란재판이 널널하게... 재판장 재판지휘가 엿 같네 ||| 넌 뭘로 보냐구?? 응~~넌 아니야~~~ ||| 판사 너 재판하는거 본 후 법관을 조스로 본다. ||| 너 아니었어? ||| 니가 만만해 보인다고 자처했는데 이제와 누굴 가르치니?? ||| 뭔말이 주저리주저리... 듣기도 힘든 법정모독 아니냐? ||| 하고싶은 얘기가 뭔데 지귀연 파사의 말은 재판부 판사를 무시 하느냐 그게 아니라 공정한 재판 할테니 걱정하지 말라는 것 인데 ||| 그 인형 누가 만든 건데???????? 귀연이의 키자니아 체험 보느라 전국민이 스트레스 ||| 내란재판부 안된다는 여론을 끌어내기 위해 지귀연을 정의로운 판사로 만든 연합뉴스의 눈물 겨운 노력 ||| 지씨야!!' 노래방이야''? 중졸인 나도 참 한심하다, ||| 지귀연땜에 사법부를 더 불신하게 됐다는것만 기억해라 정신 똑바로 차리고 판결해라 국민이 지켜보고 계세요 ||| 법관을 뭘로 보고 변호인단은 법관 완전 알로 보던데?? ||| 지귀연이 재판장이냐 ? ||| 지귀연 : 방송을 보면서 판사가 얼마나 우스운 존재인지 알게 됐다. 지귀연이 국민에게 진실을 알린건 큰 의미가 있다고 본다. 우리나라도 이제는 판사 운이나 , 판사 마음대도 재판 결과가 나오지 않도록 배심원 제도가 된다는 것을 느끼게 되었다 ||| 당신이..시작했죠..신뢰받지 마세요 ||| 지귀연처럼 하면 법관이 우슴지? 그게 우습니? ||| 전두환 신군부가 불법 쿠데타로 정권을 찬탈했을때 사법부가 제대로 수사도 하고 재판도 했는지를...니들도 알자나!!. 희대의 간신들이 단 한줄이라도 불법 쿠데타를 지적했는지 저항했는지 ㅋㅋ 사법개혁에 극렬하게 저항하는 사법부와 알박기 내란세력들이 아직도 내란을 옹호하고 내란을 이어갈것은 ,,,,,생각을 못했는지??? 판사 검사 대통령도 내란범이면 철저히 이 지맘대로 판결 하는것이 사법부 독립인지??? 아직도 헌정질서를 무너뜨린 이 내란이 무엇이 잘못인지...??? 온갖 비리와 부패를 감추려다 궁민이 지뜻대로. 안되면 그냥 끌어내서 반국가세력으로 처단하면 되는지...빤히 드러난 불법에도 핸드폰을 바꾸고 계엄을 TV보고 알았다고 궁민을 희롱하고 조롱하는 뻔뻔한 법꾸라지들. 여기저기 가 된 내란 세력의 저항을 제대로 처벌하지 못한다면 언제든 어디서든 쿠데타를 할 수 있는 나라 !!.여기가 짐바브웨도 아니고 미얀마도 아니고 해방 후 친일청산도 ,일제시대 독립군을 때려잡던 친일 사법부도 청산을 못한 치욕의 역사... 군사쿠데타도 제대로 청산못한 뼈아픈 역사가 반복되는.... ||| 요약 : 야 판사 너 법과 원칙에 따라 해야지 언론에 휘둘려서 판결할거잔아. . 특검이 언플 못하게 하라구 ||| 쥐가 판사였구나. 코미디언 인줄 알았네. AI에게 맡겨 보고 판결하는게 낫겠다. 증거 없에고 AI에게 맡겨 아마도 이미 유죄 법정판결을 받았을것이다. 사형으로. ||| 항상 할말하는 지귀연판사님 멋지십니다.... ||| 지귀연판사님 !",1,1
Q6xI2fgZbyw,"[투나잇이슈] 통일교 윤영호 ' 폭로' 없어…""여야 관계없이 수사"" / 연합뉴스TV (YonhapnewsTV)",여야 합의 공평히 해야한다 ||| 통일교 에 돈 처드신 여 ㆍ야당국회의원 들 싹. 조사하라 몽탕 잡아 처넣어라 ||| 이재명의 특검은 통일교에서 똑같이 여당 에 돈을 줬지만 재명이는 여당은 조사 하고 야당만 당을 압수수색한다 웃기는 재명이 특검이다,0,1
ynCKIg76Qhk,"통일교 때리던 李, 전재수 의혹에 발칵! 친명도 바꾼 李 완전 수 / 박상규 시사평론가 [굿모닝 대한민국]","인터넷TV 신규가입시 최대 48+휴대폰 통신사 변경시 최대 30 +정수기 렌탈시 최대 30 총 한 혜택! 혜택이 타사보다 클 경우 차액 전액 보장 https://abit.ly/89klwr ||| 천벌받을인간들 . 무서운것이. 인간이라고 하더니 정말 대단하네 국민들이다들바보다 ||| 국회의원 시의원 구의원도 조사하라 ||| 민중기구속하여특검팀도특검해라 ||| 수사해라 ||| 민중기를 든 국민들의 명령이다 ||| 통일교에서 도 모두 특검해주세요 ㅡ특검수사 덮은자들도 특검해주세요 ||| # ㅉㅉㅉ ||| 특검이 수사 받아라 ||| 정치인들 국민혈세로 급여 하고 국가와 국민을 위해 일한게 야니었다 이게 고 국민은 개돼지로 여겼네요 연예게 카르텔 종교 카르텔 특검하고 요 ||| 통일교해체 하면 이죄명 민주당도 해체해야 맞는것입니다 종교는자유 입니다 ||| 갑자기 자책꼴이 터지네요! ||| 전재수! 지금 어는 시대인데 돈 받고 시계받고 그러냐? 논두렁에 가지 말고 조사 받아라. ||| 법위반 주동자가 저렇게 하니 기가찮다 ||| 개혁은 이재명부터 ! ||| 특검을 당한 더불당도 통일교 돈받았다하니 통일교 해체하란다. 전과4범구속 ||| 박상규님 , 감사합니다. ||| 전재수 부산 에서 . ||| 전재수 장관자격없다 정치생명 끝났다 특검자들 다 특검해서 해라 ||| 감사 합니다!!! ||| 돈 없지않겠지 돈이 나오는데 ||| 한겨레신문 이 좋아 이제야 세상이 바로 서겠네 한겨레신문 화이팅 ||| 정치인들 매일 뉴스에 사고치면 나라 발전을 위한 일은 언제하나? 참 . ||| 겉 다르고 속 다른 이 인간들, 이제 종말이 닦아 왔내요. ||| 침몰 중입니다 . ||| # 악법통과반대해주셔요 ||| 제대로 먹은 척 떨고있네 ||| # 썩었다 ||| 빨리 부산으로 꿈깨어라 ||| 이재명은 진짜 인간은 아니다 끔찍할 뿐이다, ||| 아 전재수 감방가즈아 ||| 이런 놈들을 특검해야 합니다 ||| 전재수도 전과를 달아야 옳은 더불어민주당원이 아닙니다 ||| 해양부옮긴다고 난리났다 부산으로 전재수 부산나오라고 이재명 다 해수조 부산으로 옮기는데 죠졌다 전재수 이것들아 하늘을 손으로 가릴려고 천벌 받을놈들 ||| 민주당호. ! 침몰 중이네요 . 수중에. 묻어 버리네요 ᆢ곧! ||| 왜 그쪽만보고가가서그런것인지언론사법부한심하다우리는진실을외면하는데도속고속고하는가우리사회는는진실을버리고왜곡만이진실아니면말고ㅠㅠ ||| 반전은 돈받아서. . 한테 받쳤나? ||| 나라 가 최고중요하지 ||| 세상의 모든 착한 거짓말쟁이 사기협잡꾼 도둑놈이지만 착한 척 선한 척 척 척 안했으면 참 좋겠다 ||| 원래 뇌물주는 사람은 바보가 아니라 반드시 기록하고 , 나중에 는 무너지지 않기위해 보험 드는거니 ||| 이죄명 . ||| 노무현 논두렁시계 민주당 의 시계 가 악재를 부른다 ||| 장관직 만 아니고 의원직.더 낳아가 귄성동.처럼 실형으로 . ||| 민중기는왜체포하지안는거냐빨리체포해라이게나라냐 ||| 이렇게 얽혔으면 문재인 키즈는 당연히 넘쳐나겠네요. 특검에도 얽혀있을거고. ||| 좋와요 ||| 박상규 진심으로 화이팅 입니다 . ||| 박근혜 특검하라 범죄자다 ||| 민주당은 내로남불을 하지말아 전재수도 빨리 처리 하라 국민의힘은 머뭇거리지말고 다거 지게 고발조치하라 야무지게 좀허라 ||| 박앵커님. 항상 정확하게. 꿰뜷어 보시고. 논평하시는 모습. 잘 듣습니다 ||| 토일교회에 와서 때린거다 ||| 박상규 평론가님 늘 믿고 보는 여러분 감사합니다 ||| 민당도 ! ||| ㅡ ㅡ특검을 특검하야죠 ||| 아닌척! ! 돈받은 국회의원들 모두 구속하라! 구속하라! 구속하라! ||| 국민웃습게보는민주당해산이답이다 ||| 이재명 은 표현도 끔찍한 데 성향도 두말할것도 없는듯 ||| 까르띠에 가격 최하 4천만원입니다 ||| 추미애는 대선 전부터 막말로 신문에도 오르내렸다. ||| 대한민국 대통이 가죽을 벗기다니 이런 게 교육상 밎는 말인가? 부끄럽기 짝이없다 ||| 수사하다 나왔으면 , 누구는 하고 누구는 않하냐? ||| 전재수 깨끗한 척 하더니 제일 구려 더불어민주당 해체 해야하지않나? ||| 뭐가 엄청난 비밀 숨어 있는 것 이지 ! ||| 박근혜 석방하라!!! 윤통 석방하라!!! ||| # 감사합니다 ||| 완전히 내 소굴이네 ||| 정청래 국민의힘 통일교와 연관되있다면 민주당 해산감 이라고 하더니 민주당이 통일교와 크게 연결되어 있다하니 벙어리처럼 입 꾹 고 있다 . 말대로 민주당 해산해야지 왜 해산 하지 안나 이것도 내로남불 인가. 해산 안하나 내로남불인가 ||| 통일교회 부정한돈국민의힘조사 구속하고 민주당 대통령관련자 전재수 장관 특검 이제 경찰에 이첩 특검해체하라 펜에낭송 박상규 특검 철져하게 방송 늘리알려주세요 죄명사임 하고 민주당 가담자 철져하게조사하세요 ||| 지금 와서 보니까 이재명 이랑 손 잡은 사람들 다 팽 당 하네 ||| 전재수 는 인격자다 특검받아라 ||| 다 있었을 텐데 ||| 나 돈절때 안받았다고 뻘 뻘 뛰더니 재수가 재수핸네 ||| 이재명이 통일교 해체 운운 하는것 보면 통일교 관련자 전재수 외 모두를 트컴하면 서 민주당과 대등한 싸움이 돌것입니다 ! ||| 특검을 . ||| 야단났네.야단났어.통일교 돈과 함께 여야간에 같이 꿀꺽 먹은 듯! 일타쌍피로 두 세력이 쥐덫에 찰칵 잡혔고마! 깨소금 ! ||| 윤영오는 다불어라 ||| 공갈 ! 죄! 추가! ||| 민트컴 : 권력은 권력으로 폭망한다 반드시 ||| 이재명을 탄핵시켜야 합니다 ||| 온나라가 인권불평등 ! ||| 털보 강냉이 털어서 떡 해서 뻥튀기 해부러????❤ ||| 이재명이가 통일교를 해체시킬 수도 있을까? 어떻게 해체하지? 그리고 통일교는 더 깔텐데? 제발 통일교 해체시켜라, 이재명ㅎㅎ ||| 전재수 쫄딱망했다 이재명 도 같이망했다 ||| 통일교측에서 돈을 받은 민주당의원들을 밝힌다고 하니ᆢ 지레 을 준 이재명이 통일교단 자체를 해산시킬수도 있으니 입다물라 라고 윽박을 지른 것이지요ᆢ ||| 만대는 내 후손이 살지 ||| 통일교 당하기전에 . ||| 늘 그러하지 . ||| 권선동의원은 누가 잡아간어 ||| 똥이 똥보고 옷 벗기겠다하는 그똥이 정말 웃기지 않아요???ㅎㅎ ||| 전재수도 지저분한돈받은건가 장관자리국회의원 잘리 내놓고 그만두라 깨끗한인간인줄알았는데 그나물에 그밥이네 정치 하는 인간들은 돈 돈 ? 이다 . 그래서 국회의원들을 곱게보지 않는다 ||| 전재수씨 끝까지 재명이하고 같이 싸우세요. ||| 민주당 내로남불 당 주특기 다 한놈들 감옥 안간 놈 없더라 ||| 이거 반전이면 원위치 아빈가 ||| 부산시장 선거 ||| 박상규 항상 화이팅 ❤❤ ||| 국정원장 이종석도 이름 ? ㅋㅋㅋ ||| 민주당 이런 인간들 싹다 전수수사 해야한다 이재명도 다알고 있다 법조계 정신차려라 ||| 받아서 바치니 장관 한자리 준거 아니냐? 해수부도 문재인 부산시장 당선위해 빼서 부산에 던져 준거 아니냐? ||| 그래 뿌린대로 거두어라 ||| 내꺼주고 당할수만.없지 탈 탈떨어 서 다 까발려라",0,1
HrpAI2QkWFk,"[뉴스하이킥] - 통일교 게이트, 백해룡 수사까지...이동형의 진단은? - 이동형, MBC 251210 방송","열심히 해야한다 ||| 마약수사 무마의혹은 내 영역이 아니다. ||| 마약이 대량으로 들어왔다 는 정황이 있지만 아무도 처벌받지않았다 ?? 팩트! ||| 청와대 청원 해야할듯. 마약사건 은 국민이 해야죠. ||| 수사기관의 의심 있는사건에 관련기관 압수수색조차 도 안하고 완전 무혐의를 발표할수있나?? 난그게 더이상해 ||| 특검으로 가야한다 검찰에 가면 안되고 ||| 핵심은, 수십키로 마약이 인천 세관을 뚫고 국내로 반입 되었는데 이걸 마약범들이 어떻게 했겠냐? ||| 댓글이라도 보여서 다행이네 진실을 가리려 한 사람을 이상한 사람으로 몰아가려하네 ||| 그렇게 대량에 마약이 수십번 들어오는데도 세관이 몰랐다면 진짜 대한민국 새관 문제 있는거 다 당연히 처벌하고 징계해야지 세관 직원들과 상사들 다!근데 누구하나 징계 먹었다는 소리 못들었다 ||| 마약범들이 몸에다 찡찡 감고 검색대를 무사 통과하는 경우가 한두번도 아니고 말이 라고 생각하나! 수사 검사놈들이 그냥 하는척만 하고 제대로 안해 무죄를 받 아닌가! ||| 실체가 없다? 그럼 마약이 세관을 가지 않았다는건가?? ||| 이동형 욕좀 해 ||| 이거 특검해야겠네. 양쪽 다 덮을려고 한다 냄새 진동을 한다 ||| 압수한 마약은 밀가루고 보도된 cctv들은 재현한것이고?? 확증편향으로 ?? 갑자기 좌천된것은 망상이냐?? ||| 다 필요없고 당시 지적당한 관세청 놈들이 휴대폰 교체한게 아닙니다 ||| 백해룡수사팀은 왜 해체시켰나? 그렇게 이어간 조직은 왜 아무것도 못 밝혀낸 건가? 기본적인 물음에도 답을 안하고 떠난 자는 누구냐? ||| 국가와 국민의 생명 걸린 마약문제인데 그냥 지나갈 수 없습니다 반드시 특검 가야 합니다!!! ||| 백해룡에게 직접 수사하게해야한다! ||| 아니 왜 수사를 밝히려는데 다들 쉬쉬하고 막는거지? 신기하네 ||| 어느날 . ||| 몸에 마약을 테이프로 칭칭감고 무사히 통과했다니깐~이건 어떻게 가능해? 누가 문을 활짝 열어줬으니 들어왔고~ 수사외압이 있었으니 백해룡경정은 좌천된거고~!!! 검찰을 믿냐? 임은정도 정의로운척 한 검사였다 ||| 확증편향은 이동형이 너 . ||| 동형아 법사위 의원 구성이 너무 강성일변도라고? 헉ᆢ어이가 없네 국민들이 뭔데 동형아 ||| 아니 무슨 확증편향 증거가있는데 생각이라고? 왜막는건데 ||| 들어온건 팩트 ! ||| 이동형 : 확증편향이다 ||| 숨기는자가 범인이다 자꾸 이 점점 늘어나네 ||| 이게 실체다, 임은정 의 변신, 자기 보호, 자기 출세욕에 똥검에 스며들어간 것, 에라이, 기득권 평론가야 그러나 뉴스 하이킥은 응원합니다 ||| 이동형이 뭘 안다고 저 딴 소리 하고 있냐 어이가 없네 ||| 몸에 마약을 감고 야 가능하다는거냐. 세관이 봐주지 않고 불가능하다. 용산에서 불편해한다는 전화통화는 뭐냐. . 마약수사는 특검해야한다. ||| 마약은 왜 떨어진거야 ㅋㅋㅋㅋ ||| 절대 단언하지마라! 마약사건은 너무 상식적이지 않다! 더 조사해야한다! ||| 아 지금도 몸에 바람 잘 들어오겠다. 세관은 관여안했다. 불기소 세관이 왜 필요한가? ||| 백혜룡 경정이 못 밝히는게 아니고 연루된 검찰 정치인들 단합해서 벌써 결정적인 증거들은 다 인멸했을텐데 수사 인력도 그렇고 권한도 제한적이라 못하는 것이다. 이동형 은 정말 희망의 꽃동산에서 살다 왔나 왜 이렇게 생각없는 소릴 하는지 ||| 심우정이가 세관직원 압수수색 기각한 것, 수백킬로의 마약 압수한 것, 마약수사팀 해체된 것 등이 다 확증편향? ||| 마약은 이미 풀렸는데 아무도 책임지는 사람 없다 ||| 모든 사람을 보고 본인이 맛탱이 간거는 모름 ㅋㅋㅋㅋ ||| 이동형 말대로 세관이 무혐의면 세관들은 직무유기로 구속해야한다!!! 어떻게 일을 했길래 마약범들이 몸에 마약을 입지 말고 인천공항을 그냥 들어올 수 있단 말인가? 메타인지? 비판적 사고? 이동형은 지만 잘난 줄 안다!!! 국민은 바보냐?? 백해룡 경정을 지지하는 국민들은 무슨 확증편향을 가진 자들이냐?? 국민도 비판적 사고 및 메타인지 판단을 할 수도 있다! 세관들이 혐의가 없다면 직무유기로 다 잡아들여서 처벌해라!!! ||| 마약이 불법반입 됐다는것이 사건의 본질이다 확증편향 같은소리 하고 자빠졌다 이동형의 입이 곧 늪이 될것이다. ||| 그런데 어떻게 마약을 몸에감아서 공항을 수 있었는지 대답좀. 세관연루아니라면, 설명좀! ||| 어마무시한양의 마약을 몸에 칭칭 감고들어왔는데 세관을 의심하지 않는다는건 미친거다. 무혐의? 도저히 납득하기 힘든 ||| 이동형씨는 더더욱 아니지. 더구나 마약수사관은 더욱 아니지. ||| 마약사건 아직 설명되지 않은 것이 아마 이동형 씨 섣부른 거 같다. ||| 그걸 왜 이시국에 이시점에 ~ 수사안하고 왜~ 끌다가 지금하냐고 뭘~ 덮을려고... ||| 말이 안돼!! 한번이 아니라 몇차례 반복적으로 들어 왔다는게 말이 안되지‼️ 마약특검 중 ||| 임은정도 이 사실을 알아야 한다. ||| 그런 대량 마약이 인천공항을 통해서 ? 말이 되냐? 세관의 도움없이 ? 어이가 없네... 멍청한 소리 확증편향은 이동형이 걸린거 같다. ||| 조희대를 탄핵해야한다 . ||| 이명박 특검하라~ 임은정;;교체하라~ ||| 특검 이 머가 무서운가? ||| 특 기 ||| 이전정권이나 그 전정권 모두 마약게이트는 그 끝이 흐지부지 끝나는거같네..... ||| 책상에서 수사하는 검사 현장에서 죽을 각오를 한 수사관과 어떤 자에 말이 맞는가는 이미 결론 이다 ...... 은정도 결국 검사의 그늘에 있는것이다... 차라리 대놓고 탐욕스러운것이 낫다... 열길 물속을 알지못한다....유치하다 ||| 내란전담재판부가 생겨봐야 지 어짜피 조희대가 최종 3심 하잖아. ||| 이동형... 백해룡을 확증편향으로 몰고가지말고 수박이 아니라면 정신차리거나 말 고 증거인멸되었을거다.. 이건 임은정을 의심해야되는거지 ||| 팍트가 무슨 확증편향? ||| 에휴~~~. 감이 많이 떨어진것 같다. 열심히 하는게 좋았을것인디~~ ||| 나 만난적없다는데 누가준거짓정보냐 ||| 팩트는 마약이 들어 왔다는거 . ||| 이동형이 뭐라고 답을 구하듯 하는지 . ||| 난 거짓말 하지않았다라고 생각한다. 확증편향? 뭐야 이동형 ||| 에헤이 백경정님 좌천은 왜 ? 날 설득해주시오 ||| 그리고 몸에두르고 있던 마약범사진도 떡허니 ? 이사진이 합성이란거냐? 그리고 컴퓨터 죄다바꿨다는데증거인멸아니냐, 진술이야 맞추면되는거지 사진도 조작이란거냐? ||| 이동형이 맛이 좋아 ||| 통일교 측이 언제 시계와 를 줬는지 시기를 특정하지 못한 것이 아니라 시기를 특정할 수 없는 것이죠. 전재수 장관에게 준 일이 없으니 말이죠. 통일교 이 놈들이 무슨 작전을 하는 것 같은데요? ||| 국민들이 신뢰 하는것이 정답. 백해룡에 맡겨 제대로 수사해야합니다. ||| 백해룡이 확증편향? 그렇다면 그 확증편향 있는 것을 구체적으로 설득력 있게 반박해 봐라. ||| 확증편향적인건 이동형이 아닐까? 요즘 이사람의 말을 들으면 그런 듯 ||| 그럼 최은순 내연남 메모에 있던 말레시아 는 뭔가요? ||| 실체가 없는데 마약을 몸에 줄줄이 달고 세관을 통과하는게 말이 될까 어떤 정신나간 사람이 죽을 각오를하고 마약을 들여올까 한국은 형이 정신병 걸려도 쪼금 살면 나올수 다 ||| 이동형씨! 그럼 마약이 어떻게 인천세관을 통과 가능할까? 당신은 마약밀수가 가능하니? 그럼 인천공항 으로 이것아! ||| 오늘 이동형은 자신의 오늘 의견에 대해 책임을 져야 한다. 아무리 작게라도 사과라도 책음을 나중에 필요하면 져야한다. ||| 저분이 확정편향이건 아니건 상관은 없는데 의혹에 명확한 답이 있고 그걸 주장해야지… 그럼 좌천은 그냥 … … 통관은 어떻게 된거임? 좌천은 정상적인 인사 고 통관은 그냥 세관의 무능인가? ||| 이동형이 확증편향에 빠진 이유 ||| 멀쩡한 데 정신이상자로 몰고가네 이동형씨... 확증편향이라니... 정신과 진단서라도 봤나? ||| 들어온 마약은 누가 설명할껴? 그럼 안들어 왔나? ||| 그럼 서 연류된것들은 승진내지는 좋은 보직으로 고 백경장만 좌천된건 어찌 설명이되나 연류설이있던 세관원들도 여기저기 보직받아 옮겨 같던데 ||| 제발 형님 욕보이지마라. ||| 재도 아니고 임은정도 아니다. 임은정에겐 배신감이 크다. 이게 검찰이다 ||| 확증편향에 빠진건 아닌지 ||| 애초에 는 특검대상이다. 내란 못지않게 중요한 범죄다. 이태원참사때 말도 안되는 대처때 이미 예견되었던 것이다. ||| 이동형 감히 뭔데 어디서 그렇게 평가해 ||| 오히려 이동형이 확증편향에 가까운 ||| 압색 이 없던일ㅋㅋ 수십 수백 킬로 마약이 지발로 걸어들어왔냐ㅋㅋ ||| 아니.. 왜 교도소 문을 열어줬는데 마약 재들이 미쳤다고 몸에 테이프로 붙여서 마약을 들고오냐... 그걸 설명해보고 마약범들 그냥 보내준것도 설명해봐라 ||| 같이 가야 합니다. ||| 도대체 누가 관여되어 있길래 버닝썬부터 이 정권 아무도 못 건드리냐. 이건 정권을 가리질 않네. ||| 실체 없는 괴물 백해룡을 왜 지구대로 좌천시켰을까? ||| 이동형아! 내란전담재판부가 어떻게 가능했던 상황이냐. 당선되고 특검 만들고, 관세협상, 협상 이어졌다. 영장수사 막아서 수사범위가 축소되었는데 왜 필요가없냐. ||| 안 그래도 그 많은 마약을 그리 쉽게 공항을 통과한다고??? 알고 있는 사람은 믿을 수 없다. ||| 이동형이 균형을 타고 8번이나 이렇게 많은 양의 마약을 인천 공항으로 들여 왔다?? 어떻게 공항으로 들어와 있나? 왜 마약 수사를 강제로 중지 시켜?? 왜 압력을 행사해?? 그 몸에 붙여 들여 온 사람들을 왜 풀어줘서 지들 나라로 가게 해?? 이 정도로도 적지않은 의구심이 넘 많다. ||| 아니 실체가 마약 용산은 누구의 이야기를 듣고 무마했고, 마약범은 어떤 조력을 누구에게 받았고, 국내 마약 조직에는 어떻게 얼마나 들어갔냐? 뭐 이런 수사는 안한거냐? 그냥 모두 무혐의면 누가 납득을 하냐? 오해라면 이러저러해서 오해였다. 이건 불가능하고 이런 식이었다라는 게 논리적으로 있어야지~~~ 난 그 말에 공감하는 편이다. ||| 박 경정이 확증편향이면 박정훈 대령도 확증편향?이냐? ||| 이동형이 저렇게 생겨서 백해룡 말이 맞는거 같네요. ||| 이동형 이 사람은 말 참 잘 내뱉네..당신이 수사를 했습니까?... ||| 마약 무협의 확증 편향 실체 없는 사건이다.얘기 나올 떄 서로의 표정을 보면 권순표 아~그렇군요.의심의 여지없이 "" 이새기 뭔 개소리 하는거지?"" 이동형 "" 그럼 우리 눈치껏 대충 넘어갑시다."" ㅋㅋㅋㅋ ||| # 처음부터끝까지 지혼자 소설을쓰고앉았구만 ||| 이동형 정신 ? ||| 이동형 . ||| 맛이 많이간 이동형을 좋아한다",1,1
06WLrVc-NL4,"[뉴스하이킥] 국힘 당무감사위, ' ' 한동훈 가족으로 사실상 특정 - 강성필&김종혁&박원석, MBC 251209 방송","뉴스하이킥 ! ||| 명백한 불법 위법행위 저지른 이호선, 장동혁 반드시 처벌받으시길.... ||| 김종혁 최고위원님 을 지지합니다 화이팅입니다 최곱니다 ||| 장씨랑 이호선은 개인정보보호법위반으로 고소 ||| 장똘 나빠루 다리사이에 놀고있다 에라이 장똘 사퇴해라 다 끌어낸다 국민들 ||| 이호선 장동혁 의원 개인정보법위반으로 고발합니다 ||| 장동혁 한심한 작자가 하는 짓이 참 볼썽사납다. 정말 발악을 하는군. 이제 사그리드는 불꽃 아무리 부여받아도 너는 . 장동혁 ||| 장동혁 씨 당원게시판열람 불법인데 이것을한다고~~고소하자 ||| 장동혁 지도부 사퇴 ||| 권순표의 뉴스 , 굳굳굳 ||| 당게 윤거니 욕한게 뭘 잘못했나 윤거니 욕처먹을 짓을얼마나 많이했냐 ||| 장동혁은 유통기한 다 버려야합니다 ||| 불법이면 진짜 장동혁 ||| 장예찬을 무슨 자격으로~~??? 국힘 참 수준 다 ||| 장동혁은 끝났다. 부러우면 실력과 부지런함으로 ~ 그리고 내돈 내놔라 사기꾼아~ ||| 장동혁이가 미쳐 ? ||| 불법이면 고발을 하던지 ㅋㅋ 고발도 못하는 것들이 소란 피우면서 난리네 장동혁 이호선 당원정보 맘대로 보고 서 쇠고랑감 아닌가 ||| MBC 방송은 싫어 했는데 진행 패널도 그렇고 편집 하시는분도 앞으로 종종 시청 합니다 넘 좋아요 구독 좋아요 구독 ||| 맨날 민주당 이슈 덮어주는짖만 하고있네 권력 욕심에 뵈는게 없네 ||| 당게 윤건희 감독 ㅡ 감사패를 수여하라 한동훈 토크콘서트 열기에 발작하는 장발작 ||| 나 장배신 끌려 내려올거임 ||| 국짐당은 사람생명을 파리목숨취급하는 무섭고 잔인한 조직 ||| 깜이 안되어도 전광훈이 눈치 라 지나치게 깜이 안되는데다가 피해만 끼치니 날려야지. ||| 장동혁 이호선 당게시판 에 고소해라 개인정보보호법으로 정당법 위반으로 고발하세요. 경찰에 고발하세요 ||| 윤석열 왜 정치는 못하지 ||| 너 잘못했다고 한대표는 떳떳하게 상관없음 당게는 써라고 있는 거 동혁이 실수했다 그걸로 끝이라 본다 . 통일교 명부 조사하려고 하니 정당법 개인정보라고 니들이 말했지 동혁아 정계 떠날 생각하거라 ||| 장동혁이 드뎌 온다 ||| 아이고 장 동혁.. . 계획이 이거였어? ㅎ ㅎ ㅎ ||| 장동혁은 전한길한테 면접 고 그래서 당대표에 오른거죠 전한길이 사과하라는 지시가 있어야지요 ||| 장동혁 나경원 저것들이 공통적으로 하고있는 생각은 대한민국이 망하든 말든 나는 대통령할거야 서울시가 망하든 말든 나는 서울시장할거야 국민들이 어찌되든 몰라 난 대통렴할꺼야 내앞길 막지만 다비켜 이겁니다 이렇게 하면 저것들 하는 행동 백퍼 이해가 갑니다 야이 모지리들아 나라가 망하고 국민들 삶이 망가지는데 대통령해서 뭔들 서울이 망하고 서울시민들이 망해가는데 서울시장이든 뭔들 이것들은 머리가 초등학생들보다 안돌아가요 머리 쳐미쳐서 국가와 국민을 위해서 정치를 하는게 아니라 오로지 개인권력 대통령 서울시장하고 같이 정치하고있는 모지리들입니다 ||| 장동혁 의계획이 한동훈 . ||| 검찰들. 못봤냐. 다너희들 같은 인간들이. 왜 만들었냐 ||| 정말 한심한 놈들 윤거니 욕하는게 뭐가 문제냐 그렇게 한가하냐 지지율이나 챙겨라 아직 덜망했다 언제 망하는지 모른다 ||| 난교 장예찬 여의도정치연구부원장 , 연구하라고? ||| 저기요 장동혁이란 인간넘은 배신을 일삼아 도 전한길, 고성국, 윤어게인 배신 할수 있어요 그렇게 할넘 이구요 그런데 장동혁 숨은뜻 모르시죠? 만약 전한길 등 윤어게인 절연하고 중도 보수 잡겠다고 통합 외치며 친한계랑 손 잡는 순간 은 서서히 도태 된다는거 알아요 그래서 차라리 욕을 얻어 먹던 안 가던 갈때 까지 윤어게인 세력 지지로 버티면서 한방 이란 것을 외치고 있는 겁니다 ||| 정치가개념없으니 국힘당 정치인들 지방선거 압승 으로 타격 예측 ||| 장동혁은 진짜 정치할깜이아니다 ||| 그걸 다 망각하고...변함없이.. ||| 장동혁이가 윤석열이 다 그렇다 ||| 통합진보당 해체가 답이다 김종혁 최고위원님 응원합니다 지지합니다 화이팅입니다 최곱니다 ||| 장동혁 이호선 익명 익명 익명 뜻 모르냐 분하다 ||| 장동혁은 당장 사퇴시켜라 김종혁님 응원합니다 존경합니다 ||| 장동혁. . ||| 안타깝 끓어요 국힘 이래 엉망진창해서 대체 뭔 이익이 있는지 장동혁은 뭘얻을려고 똥볼을 차는지 안타깝네요 ||| 장동혁은 이미 골든타임 . ||| 윤어게인이나 한어게인이나 도긴개긴이다. 국짐당에 제대로된 인간이면 . ||| 김종혁씨... 주진우가 당게 사건을 조사해서 무혐의되었다고 설레발치더니 결국 거짓이었네... 평생을 한 굥과 쥴리를 배신한 양아치 한동훈... 악마가 따로없네.... ||| 장동혁 팬덤 장풍 ? ||| 장동혁이는 ? ||| 장동혁??? ? 감이 아예없는 꽁통인데!!! 이런애뿐인가?? 한심한 국짐버르지당. 해산시키자 빨리!!! ||| 응 나도 온가족이 윤석열 비판글 보 어쩔? ||| 장동혁이 매번 민주당을 구해준게 우연이라고 생각하다니ᆢ우연이 겹치면 필연이지ᆢ장동혁은 오래전부터 민주당에서 온 스파이란걸 아직도 모르냐? ||| 윤거니 범죄자 욕했다고 당무감사 하면 당대표 한동훈을 가발썼다면서 뱀에비유해 인신공격 하면 괜찬냐? 내로남불 ||| 당게 관련자들을 당에서 색출해서 반드시 처벌해야합니다. 최초 유포자에서 현재 장동혁 지도부까지. 관리자도 아닌 자들이 불순한 목적으로 당게를 모니터 해왔고 접근했습니다. 개인정보유출에 정보통신법도 심각하게 유려됩니다. 국민들의 기본권을 침해하고, 당원의 가장 은밀하고 솔직한 의견을 다 들여다보고 있는 놈들이 있고, 그걸 불순한 목적으로 이용하는 놈들이 있는데 방치하면 안 됩니다. 쿠팡보다 심각한 정보 이정권하에서 개인정보보호까지도 위협받는 상황인데 이 문제를 그 어떤 법을 민주당이 만들어도 막지 못합니다. 사전에 경종을 쎄게 울려야 합니다. 다 쓸어 내리십시요. 당게 관련자 당에서 처벌하실 기회입니다. 당 쇄신의 기회입니다. ||| 민주당은 장동혁이 잇어서 든든하다...정신 안차릴거면 민주당은 이용할수밖에 . 뭐 ||| 장동혁 지가 대통령 되려고 이렇게 돌아가는구나 심판 ||| 국힘이 당게사태로 문제삼는거 보니 대한민국 자유민주주의를 파괴하고 있다... ||| 똑같은 놈들끼리 . ||| 여상윈님이 아니 장동혁이 사퇴시켰다 ||| 시험 잘봤습니다 ||| 한지붕 이 알콩달콩 싸우는거 재밋네. 팝콘먹으면서. 재밋게 구경중 ||| 윤석열 씨 석방 못합니다. 왜냐하면 내란수괴범 석방된순간 지방선거때 내란의당 참패합니다! ||| 김종혁 화이팅하십시요 당신뒤에는 길이 있습니다 ||| 잘들어!! 당원게시판은 익명이다. 익명이라 한동훈 가족이래도 한동훈이 가족이라고 이름을 발표하면 그게 불법이야. 따라서 그 가족 이름을 잘표하면 불법이야. 국힘은 지금 불법을 . ||| 회사 망해가도 정신 못차리네. 한심한 사람들. ||| 국힘. . 고소할거야 ||| 판사가. . ||| 장동혁은 하나님께서 자신을 옳게 쓰고 계시다고 철석같이 믿고 있어요. 정치를 잘 하는 대표는 뭐냐? 검증 안된 사람이 당대표한다는 게 말 되냐? ||| 장동혁의 질투 천벌 을 가족이 했다한들 대리로 벌받나 ? ||| 나 꼭 배신당할거임 ||| 한스타⭐️ 대한스타⭐️ 한동훈 . ||| 민주당 김 장동혁 사퇴하라. 당게까라. 한동훈대표님 포에버. 차기대통령 끝까지응원합니다 ❤❤❤❤김종혁위원장님 화이팅 응원합니다 ❤❤❤❤ ||| 윤건희를 비방했다면 상을 줘야지 비방한게 뭔 문제임 장동혁은 국힘을 포개고 있다 한동훈님의 말 못한것이 ||| 윤석열에 꼬리치던놈이 참 좋아 ||| 박원석님 논평을 객관적으로 대체로 잘하십니다. 한동훈과 함께 존경합니다 개인정보보호법으로 정당법위반으로 반드시 경찰에 고소하세요. ||| 김종혁님 완전 동감합니다 ||| 장동혁과 이호선 개인정보 보호법 위반했으니 . ||| 한동훈이 어떻게 대처할지 기대됩니다 조선제일검을 합시다 ||| 어쨋든 한동훈은 뺏지달고 원수를갚아야한다. . 다가올거다 ||| 당게에 한동훈 그리 면 어쩔건데 ||| 장동혁 멍청도 ! ||| 아니 한동훈이랑 국힘이랑 뭐가 다른지 설명좀 ||| 종혁이는 보면 그 경중도 없어 다른방송 보면 팩트도 틀려 성철이와 더불어 간간히 일어나는 고소고발건 때문인지 판사님덜 비위 지키느라 그냥 전제가 무너진 사회악인 판사카르텔 감싸기 급급함 그럼 정치 홍보쪽으로 일을하지 저딴 인간이 정치하겠다고 설쳐됨? 사법부가 온전히 신뢰를 회복하고 본인들의 기득권이 아닌 제대로된 법 집행할때나 정치권 입법 행정세력이 견제보다는 존중을하는거야 그런 기본도 모르는 것들이 정치를 하겠다고 국민불행 아니냐? ||| 가족이 총출동해서 당게에 남 욕하는 글이나 쓰고 . 둘다 똑같은것들 맞는데 국힘 지지자들 입장에선 개빡칠만 함 ||| 네분응원합니다화이팅 ||| 정치인중에 한동훈만큼 청렴하고 올바르게 살아온 사람도 아마 . ||| 당게감사 한들 는 국민들은 한동훈을 지지한다 장동혁은 찌질한 정치질하는거다 ||| 저는 아직도 한뚜껑이 고 울이재명대통령님. 녹음들어주세요라고 헛소리하는게 자꾸생각납니다.가족의아픔을 이용하는진짜 개자식 ||| 아니 무슨 누굴 끌어내리고 말고 헛소리를 하고있어 ? 당원들이 뽑은거 아니냐? 그럼 당원한테 재신임을 물어봐야지 당연하듯이 내려올거라고 얘기하는게 미친정당은 아닌지 ||| 한동훈은 여야할것없이 아무 흠결하나 못찾으니까 당게시판 가지고 이렇게 난리다 아무문제될것이 없는데 ||| 패널 3명 뭐하냐? 한동훈이 흠결없는듯 말하네 한동훈이나 장동혁이나 도긴개긴이지ㅎㅎ ㅎ 윤석열이 따까리 시절 한동훈은 잊었나보네 ||| 그럼 한가발은 거짓말쟁이라는거잖아 ||| 한동훈아! 당대표의 제1 책무는 대통령과 잘 협의하여 국정안정을 도모하는 자리이다! 즉, 당원과 평론가와 완전히 다른 , 그리고 국회의원 의 뒷번호 4자리가 다른 가족과 동일하다는 것은 가족중 1인이 타인의 명의로 글을 올렸을 가능성이 매우 높고 이는 범죄행위다! 한동훈은 고개숙여 국민의 힘 당원들에게 사죄하고 정치를 떠나라!!!!",1,1
15AXcNZuwII,"[1분바사삭] 장동혁 , 엑셀 밟는 나경원‥ 3가지 배경?","장동혁이 용꿈? 소가 웃을 일이다..ㅋ 깜이 라면 인간들이 설쳐야지..어이가 없네 국민을 뮐로보고? ||| 둘다 사퇴 하라 . 모두.. ||| 깜도 않되는 것들이 . ||| 그런 애들이 모인 걸 보면 현재 이상한 판사들 많은 것도 원치 않아 '내란당의원(진)'이라는 거잖아 ||| 깜도안되는 # 장사쿠라 ||| 권씨 둘이 사라지니 경원이만 신이 난다 ㅋ ||| 장동혁과 지도부는 다 사퇴해야 국힘이 산다. 정치경험 자랑질 나경원이 그렇게 공심이 없이 사심에 빠질 줄 몰랐다. ||| # 꼴갑을떤다ㅋ ||| 나베빠루가 사실상 내란당 상대표다라는 설이 진짜인 데 무소불위로 설치는것이구나,,, ||| 장동혁은 꿈도 꾸지마~ 감히 니가 ! ||| 둘 다 한동훈하고 원수지간이라는 뜻 ||| 오세훈이 적은 국힘에 박수 ||| 누구 맘대로 ? ||| 깜도 내 것끼리 ㅎㅎㅎ 꿈 깨 ||| ㅉㅉ 오세훈이싫지만 나경원보다는 오세훈이다..저것들은 그냥 개인사업자지 국회의원 으로 직업 바꿔라 ||| 아 ` 짱`나 네 ||| 장동혁이 무슨 일 있어 ㅋㅋㅋ 초선이 ㅋㅋ ||| 둘은 아마 큰 범죄를 저지른게 아닐까 ||| 진짜 귀여워 ||| 아 눈 돌아갔네 ㅠ ||| : 장,나 ||| 나경원이는 대표적인 극우 기득권세력표본인것이다 그러고도 아주이번기회에 뜨거운맛을보여줘야 서울시장 후보 에 도전 해줄께 본인과 가족을위해 정치를하는 내란당은 이번기회에 낙동강 오리알이 왜있는지 알려줘야 국민을위한 정치를할것이다 ||| 장동혁 판사 . ||| 둘다 . ||| 오창석이 서울시장으로 나와도 사진 찍지않는다! ||| . ||| 국민의힘 이호선 위원장이 당게 조사를 명분 삼아 당원의 실명까지 무단 공개한 행위는 명백한 월권이며, 법적·정치적 책임을 피하기 위한 위법적 행태다. 정당 의 자정이라는 미명 아래, 최소한의 절차도 무시하고 당원의 실명 공개하는 것은 민주정당에서 있을 수 없는 일이다. 이 사람 법대 교수 맞나. 반드시 처벌해야 합니다. ||| 햐...유언비어 참...아무말 없이 같이 근무한게 대왕대비라고?",1,1
9urn2GDFRsc,"국힘 국회 앞 천막농성 돌입, 장동혁 기자 (2025.12.10)",정말 기가막힌 나라다!!! 장동혁 김민수님 화이팅입니다 ||| 내부 를 먼저 도려내야... ||| 장동혁 대표님 ! ||| 하루빨리 . 40명없어도국민이함께한다 ||| 이 악법 막아내야합니다.,1,0
qxYBiXMBH5A,"- 법왜곡죄 관련해 핵폭탄급 사이다 발언 날린 박형명 , “이런 휘양찬란한 회의장에서 생각한 게 고작 이런 법?...법 은 누가 결정하나?”","가슴 뭉클합니다 ||| # 화이팅 ||| 시원하다 ||| 기가막히기기만힙니다 자격미달들이만드는 법은뻔한지들위한것들뿐이이다한심하고참담합니다 . ||| . ||| 옳은 말입니다 국민들은 모두 이렇게 생각합니다 ||| . ||| 정말 멋지네요! ||| 국민은분노합니다 법치을살려라 ! ||| . ||| 맞는말씀입니다 말할기회가진 지도층들이 목소리 를 ||| 옳은말씀입니다.대다수의국민들은 . ||| 이 말씀!! ||| 정말멋지십니다 ㆍ ㆍ ||| 이분 너무 감사합니다 ||| 속이시원하세 . ||| 이분 맞는말씀만하시네요 완전 진짜 최고이십니다 ||| . ||| 바른말씀 감사합니다 거짓에 거짓은 진실을 이길수 없습니다 범죄자 들 엄중처벌 바랍니다 ||| 이게 국민 의 상식적인 생각입니다. ||| 오늘 올바르신분 감사합니다 고맙습니다 ||| 올바른소리 들으먄 감사눈물이 난다 ||| 국민들이 분노한다 우리의피와땀혈세다 외교대참사 외환죄 내란죄 국제왕따 죄 ||| . ||| 정말 멋 ㅠㅠ ||| 속 . ||| 구구절절 가슴이 저미는 정답만 쏟아내시니 이재명과 민주당이 식겁했겠네요. 판사출신이시라더니 그 분들이 헌법재판소 가 계셔야 한다는 우리법연구회 그 냄새나는 것들만 잔뜩 머릿수 채우고 있네요.. 제발 제2 제3의 박형명 변호사들이 계속 나와서 반국가세력들 법대로 좀 척결시켜주셨으면 좋겠습니다... ||| . ||| 잘하십니다 그 용기에 감탄합니다 ||| 이 팩트 짱 시원 합니다❤❤❤❤❤ ||| . ||| 옳으소리 ! 고맙습니다 ||| 정확하고 올바르신분 존경의 대상이 되실 분 ||| . ||| 정말 분노가 치밀어 이 말씀에 백번 공감합니다 ||| 감사합니다. . 든든합니다 사랑합니다 ||| 정말 오랜 만에 진정한 영웅을 보는것같습니다 . 화이팅! ||| 어흠 굿! 입법왜곡죄 제정 공개태형 ! ||| 국회의원들에게 적용하는 법왜곡죄 와 공직자 선언왜곡죄를 반드시 만들어 국회의원과 고위공직자등을 올바르게 살 수 있도록 하여 대한민국 정상으로 만들수 있습니다 ||| . ||| 옳오신 분 ㅡ 참 한심한 작자들이 아닐수 없습니다 ㅡ ||| 정말 너무 답답하다요 대한민국 살립시다 ||| 판사들제발범죄자이재명겁내지맙시다 ||| 맞습니다 ! 막아주세요 두다리뻗고 잠을 잘수가 없습니다! ||| 정답입니다 요즘은 인격 인품 자존감이 전혀없는사회 너무 싫어요 대한민국이 왜 이지경까지왔는지 . 요 국회 에서 권한휘두름 너무지나쳐요 ||| 옭바른말씀잘하시내요 이런바른말하시는분들이 많아져야한다고생각합니다. 속이다시원합니다 앞로끄준이 국개들에게 쓴소리 바른말 로 화이팅입니다 ||| 1000%공감합니다ㅡ옳은팩트 입니다 ||| 박형명님 정말 올바른 말씀 입니다. 최고의 강의 감사합니다. ||| 변호사님 , 속이 시원합니다ㆍ ||| 동의하고 . ||| . ||| 맞는말씀 ㅡ 고맙습니다 ㅡ ||| 국당은 이런분이 없어 세금만 내고 없어져야 변호사님 넘버원 ||| 이놈들은 ? ||| . ||| 정말 속시원하게 발언하시네요 ||| 우리국민들 생각이 다 그렇습니다 속 에 맞는 말씀만 하십니다 화이팅입니다 ||| ( 선생님 ||| 옳습니다 나라가 다 같습니다 ||| 참 뜻밖입니다 이런분이 또 계서서 희망이 생깁니다 신선합니다 . 정의롭습니다 ||| 여러분 응원합니다 목소리 내어주세요 ||| 맞습니다 ||| 항상 바른소리하는 어른 그리웠습니다 ||| 옳은 말 ||| 법조인님들 나라를 위해서 용기좀 내서 힘을 합해주세요. ||| 옳으신 분 존경을 표합니다. ||| 속 으로 일갈 하시는군요 속이다 시원합니다 ||| 사진 바로보고 바른생각 하시는분도 계시는군요❤ ||| 만들어 줘 제발 !!!! ||| 정말 그동안 이 상황만 보다 이런 옳은 소리 들으니 가슴이 시원타 ||| 법외곡죄 ㅋㅋㅋ 진짜 대한민국 최고의 코미디지..상상도 못했다 . ||| 우와~~~ 짝.짝.짝. . 정치를 하셔야... 응원합니다. ||| 절대 무시되는 대한민국. 미국령으로 가즈아~~~~~!!!!!!!! ||| 분노합니다 민생 국익 일하라했더니..진짜 뻘짓거리만.. 반드시 부메랑 는 민주 그 당... ||| 크~ 뼈 맞았네 겁나 귀여워 ㅎ ||| 지금 물어보자는거는 인민재판 방식이다 ||| # 국민도참담합니다 ||| 오직 나만 위한다고 하겠지 우쒸! ||| 뭐 국회의원도 장관도 대통령도 필요없지 국민이 다 알아서 할건데 ||| 저도 분노가 납니다 ||| 국민의 각성이 절실한 상황입니다.. 내란여부가 결론 지 않았는데도 범죄자들이 직접 내란재판을 하겠다니 기가찰 고 걱정입니다! ||| 참으로 올백번 맞는 대통령 당선된 인간들입니다 ||| 대한민국을흔드는범죄자들전부처벌합시다 ||| 용기 내주셔서 고마워요 애국자십니다 최고!❤ ||| 이런 토론 무조건 무시하는 것들 화가 난다 ||| . ||| 진짜 감동이네요 좋은 시설 자리에서 고작 한다는것이 나라 후퇴시키는 엉터리 생각을 합니다 민주당 해산하라 ||| 구구절절 . ||| 오랜만에 맞는소리 들으면 눈물이 난다 ||| 이해가 안되는 순간 분노가 치민다??!!!!!!!!!!!! ||| 헌정질서 다시 만들어주에요 내란은 민주당입니다 ||| 법 발의할때 누가 발의했는지 도 모름 ||| 반듯 한 분이네요. 나라 지켜주세요. 눈치 안 보고. 할말. 다 하시는 . 존경합니다. ||| 옳습니다 사법 농단 막아야합니다 ||| 최고 ||| 이런 당연한 말을 하는 지식인들이 거의 없다는게 통탄스럽네요. . 귀한 말을 감사합니다 ||| 그 말씀입니다. 동의 합니다. ||| 참 옳은 소리만 말씀하시네요. 나중에 나라에 큰 도움 되십시오 ||| 사법, 헌법 질서 유지법!!! 찬성합니다 ||| 사법부는 독재를 하고 있을겁니다 최대한 버텨주시길",0,1
FUbX8-nz_00,"추미애 이어 우원식 ""마이크 꺼주세요"" 국민의힘 마이크 사용 중지...초유의 상황에 뿔난 국민의힘",진짜 말도못하게 하네 ||| 이거 진짜 더블당이다.완전독재다. ||| 들어봅시다 ! 들을 권리있습니다 ||| 피를 토합니다 피가 꺼꾸로 솟습니다 이런 나라 목숨 걸고 지켜야 합니다 ||| 미쳤네 미쳤어 나라를 어떻게 이지경으로 만 만들 수가 있는가???????! ! ||| 즉각 해산하라 ||| # 참미처돌아간다 ||| 우원식 나이 헛먹었다 저런인간이 국회의원장. 참한숨만. . ||| . ||| 나경원최고네요 . ||| 우원식이 국회의장이라고? 청와대 하수인이다. ||| 나경원 화이팅 ||| 나경원. !!!! 진짜 투사가 되어가는구나. 자유민주주의 의 파수꾼 ||| 완전독재 ||| 문재인 우원식 내려와라 나라망한다 ||| 국회법 에 저런게 국회의장 이라니 ||| 우원식. 무슨 말을 법좋아하는. 너희들이 법을 운운하는가 ||| 내란세력이뭔데민주당이내란당이지 ||| 나경원 위원님 말씀이 옳습니다 . 일으킨자를 심판합시다 ||| 우원식 지가 먼데? 의회독재 그만보고 . ||| 슬퍼다! 국회해산이 답이다! 우원식 실망이다. 민주당 나경원 의원 응원합니다. ||| . ||| 나경원 의원님 옳으신 말씀 잘하고 . 짝짝짝. ||| 우원식아웃 ||| 깜도 안 되는게 국회의장을 하니 더 개판이지 .. 발언권을 막는 우원식 ... ||| 나경원의원님 ! ||| 국민도 좀 알자 민주당아 쫌 조용히 해봐라 ? 16분??? 미쳤다 민주당 ||| 아니 국회 출입도 못하게 하겠네 ||| 부끄럽다. 부끄러워 가 따로없네 애들이 볼까 무섭네 ||| 민주당 급하다 . 우원식도 극하다 급해. ||| 나경원 ! ||| 나경원 ! ||| 깜도안되는게 . ||| 우원식 독재 시작하네 ~ 못하게 막네~ ||| 나경원의원말이 밎는말이구만 윤석열정권이 들어서고나서 부터 민주당의 국회폭거와 국회를 좌지우지하는 국회 만들었지 도대체 언제부터 본회의에서 의제에 맞는 토론을 했냐 지금의 국회가 어떻게 된 국회냐 민주당에입맛에 따라 마음 내키는대로 움직이지 ||| 인사하지마 나경원의원님 ! ||| 전광판에 무제한 발언이라는 글 못읽나??? 원식군!!! ||| 가맹사업 법이 뭐가 문제이지 국민께 … ||| 전쟁이네 ||| 에라이. . 나의원님 화이팅~~~ ||| 나경원 진짜 나라가망했다 ||| 잘한다 나경원 나경원 나경원 나경원 나경원 잘한다 ||| 그러고 보니 5.16때 왜 국민들이 지지했는지 이해가 갑니다 진짜 국회 해산하고 군사혁명으로 나라를 한번 청소해줬으면 좋겠습니다 ㅋ ||| 우원식 . ||| 우쒸~ 자격도 없는 인간이 꽉 차네 ~ 나경원의원님 쵝오 넘 속상해 ㅠ ||| 국민들이 듣고싶어한다 민주당은 국회 방해하지마라 나경원의원을 법사위간사 임명하라 ||| 나경원의원님 ! ||| 더불어당 해산하라 시간 아깝다 ||| 좀들어줄 귀기울여줄. 여력도없나. 방통 독주 위원장은. 공정하게. 하라 ||| 나경윈 화이팅 우원식 화이팅 ||| . ||| 내란은 문재인 민주당 이죄명 정부다 ||| 나경원 나경원 응원합니다 힘내주세요 ||| # 우원식 ||| 국힘당 나경원의원님 지지응원합니다 어이 없군~ 우의장 너무 정치중립성 왜곡되어있다 ||| 국회 의장 이라고 ||| 나경원 예쁘고 목소리 짱 ||| 우원식 기본예의가 정말 쾅이네요.역시 민주당은 동료가 발언하는 중에 불 끄다니 억압적인 고자세 력 이재명과 하는 짓이 같냐고 ||| 우원식 완전 돌았네 국민의 힘 으로 여러분 방송 꺼는 것을 막 사설 마이크 가지고 나가서 연설 하세요 ||| 만진당은 이미 귀쳐닫은 분들만 계심요 ||| 내 세금 토해내라 누구지시받고 감히 독재냐 ||| 민주당우원식의장퇴장하세요자격없다 ||| 더불당이 내란당이라 생각함 . 우원식은 중립을 지켜라 !!!! ||| 의장이 중립이 아닌 내편 한테만 방망이 우원식 진적에 탄핵 시켜야 했다. ||| ㅇ ||| 우원식 . ||| 여당이 나경윈의원. . 똑똑한하니까. 방해을. 하는군요 대한민국. 국민들이. 다보고있습니다. 나경원 잘하십니다. 최고최고. 옳소. ❤ ||| 우원식 이런게 야 니놈도 역사에 길이길이 빛나겠구나 ||| 추미애. 우원식. . 못봐주겠네! ||| 좋던 싫던 우원식 중립을 지켜야 한다.국회의장 이라면 제대로 역할을 한다 ||| 우원식 중국으로 보내드립니다 . 잘사세요 ||| 잘한다 잘한다 잘한다 한다 잘한다 나경원 전국민에 스피커에 대고 전국민에게 다 알려 지금 저 우원식도 개딸들 눈치보는 찌질이 되는것 까지도 전국민에게 알게 스피커에대고 알려주시오 전국민 알권리 있습니다. 이 모습 전국민에게 고합시다. ||| 나경원의원님 응원하고 지지합니다 국회에서 합의없이 다수결 법안통과는 자유민주주의가 아니다.무제한 토론까지 막는다면 ? 우원식은 민주당의 국회의장이냐? ||| 여러분 6월달에 선거할때 기억하세오 공산당은 절대래 표를주면안됨니다 매두 떨어제게 해야합니다 ! ||| 민주당과 우원식 원내대표 ||| 이것들이 미쳤구만 !!국힘. 분탕자들아 니들이 분탕치고 싸우는. 위워님들 따로 있고 하니까!!! 우원식이 니 힘 깔보고 저딴 소리 하는거잖아!!!! 니들 분탕자들. 국힘 지도부와 한 목소리 안낼거면 . 한동훈 따라 나가!!!! 나경원위원님 장동혁대표님 신동욱 수석최고 김민수 김재원 !!! 최고. 화이팅!!!!! ||| 민주당 ||| 우원식 법 더럽게 따지네 법보다 주먹으로 해결하자...법도 양심과 상식의 연장선상에서 집행되어야지 니들 은 법만 법이냐?국회를 폭파 시켜라...토론도 없고 무조건 숫자로만 한다면 무엇하러 모여 앉아 토론을 하는가?국회를 해산하라....인민민주 주의 를 할려면 국회가 필요없잖아... ||| 나경원 의원님 응원합니다. 힘내세요 .,0,1
d7TZNaRprOE,"국민의힘 최수진 ""우원식, 무제한토론 , 정회는 불법...강력 규탄한다""",# 우원식내려와 범죄이재명두사람감방쳐넣어라 ||| 우원식을 . ||| 최수진 화이팅입니다 . 법사위는 해체가답이다 ㅡ공산화법. 주범이다ㅡ추미애 서영교 김용민 장경태는 사퇴하라 ||| 우원식 .,0,1
FvU_Xi423YI,계엄 결정 된 일본 극비문서와 일본 통일교인 이주계획?!,"#김건희 #윤석열 #김충식 #최은순 #백해룡 #마약 #무속 #주술 #특검 #이재명 #정치 #시사#계엄 #일본 #전쟁 주)열린공감TV는 유튜브채널 '열린공감TV'를 통해 정치, 시사, 사회, 국제 국제 이슈 등을 다룹니다. 유튜브채널 '탐사저널ON'을 통해서는 탐사취재를 전문으로 보도합니다. ◼열공광고안내 https://openmindtv.store/ 광고/제휴/주문 /CS문의 010-2885-3244 ◼ 마이보험체크 홈페이지 https://myinsurance-check.com/ 1800-7917 ◼[광고] 비교원 전화문의 : 1670-2571 홈페이지 : https://abit.ly/a9mg0r ◼ 예금 : 우리은행 1005-704-387412 ◼ 후원계좌 : 국민은행 787201-04-247879 ◼ ARS 후원 : 1877-0809 / 1877-9503 ◼ 해피나눔 : https://www.ihappynanum.com/Nanum/B/CQ4U04MFOL ◼ 페이팔 : newix@naver.com ◼ 【구독】 과 【좋아요】 【알림설정】 부탁드립니다. '좋아요' 클릭은 더 많은 시청자분들이 시청하실 수 있게 합니다 ◼ 채널 맴버 가입 https://www.youtube.com/channel/UC4y2Jx26qCb7CrSt_i5bf1A/join ◼ 제보하기 : newix7700@gmail.com ◼ 틱톡 : https://www.tiktok.com/@tv4544?_t=8nSXln4C83d&_r=1 ◼ 인스타 : https://www.instagram.com/officialopenmindtv/ ◼ 열린공감TV 영상물은 공유 및 소스코드 배포에 한해 허용합니다. ||| # 열리공감은 최고다 ||| 저런 짓거리를 하고도 안 바란다면 큰오산이다. 반드시 역사의 심판으로 깨끗하게 정리해야할 악마들입니다. ||| 김충식을 특검히라!!! ! ||| 김충식 구속하라 김충식 김건희 최은순 구속하라 김건희 김충식 구속 ||| 자국민 범죄 이력이 있는 대한민국이니 만큼 엄격하게 처벌. 징수해야한다~!! ||| 끝도없는 죄악들 언제 다 밝혀질까요 ? 응원합니다 얼마나 힘드셨을까요? 힘내십시오 ||| 그날밤 국회를 지킨 여러분 덕분에 이 나라가 오지 않았습니다. 자유를 지켜주셔서 고맙습니다. ||| 진짜진짜 하늘이 도왔고, 다시봐도 아찔한 시간이었어요 반드시 내란척결 의 그날까지 주권자들이 함께 이재명대통령 정부를 도와야 합니다. ||| 열린공감TV ! ||| 목숨걸고 국회에 가서 겨엄군들에게 직접 방송하신 정천수대표님 너무 대단하시고 존경합니다 ||| 열공 여러분 힘내세요 ||| 사형도 사람 죽일때도 서서히 고통스럽게 중여야 한다 . 국민들을 고통에 빠뜨린데 비하면 단순사형도 아깝다 ||| # 최곱니다 ❤ ||| 일본과의 커넥션을 수사해야함!!! 2023년에 윤석열과 같이 일본간 사람들은 다 관련되어 있다고 생각하면 됨 !!! 추경호 김은혜 최상목 박진 김태효 왜 하필 일본에??! ||| 정말 그랬다면! 이건 진정 ! ||| 열린공감TV 정천수pd님, 취재기자님, 직원분들 목숨걸고 취재하시는데 운영비가 없답니다. 매달 을 후원하여 열린공감 을 지켜냅시다. 집단지성의 힘으로 기적을 일으킵시다~ 각자 종교가 있으신 분은 열린공감 법인과 열린공감 정천수pd님, 직원분들의 건강과 안전, 안정적 재정 으로 우리나라 대한민국을 위해 기도합시다~ ||| 다시는 내란에 내자도 생각 못하게 사형이나. 사면없는 무기징역 으로 법 개정들 하시라. ❤ ||| 전쟁을 모의했던것은 분명하다 왜냐 한두번도 아니고 꾸준히 북으로 무인기를 보내서 총쏴주고 대포쏴주고 미사일 쏴주고 전쟁나길 바랬는데 핵을 사용하지 않는한 재래식 무기와 군사력은 한국이 월등하기에 북이 한국을 이기기는 어렵다고 보지만 쥐도 몰리면 고양이를 문다고 하는것을 절대로 잊어선 안된다 핵 사용 하면 누가 이기고 지고가 무의미해 진다 많은 남북한 군인과 국민이 죽은후 이 자리에 일본을 끌어들이면 일본은 손을 안대고 코를 풀면서 한반도를 차지 할것이다 이것은 단순한 상상이 아니다 진짜 실행했던것이 계엄 아닌가 계엄은 전시 아니면 하면 된다 ||| 우리나라 최고의 아이돌 열공 응원합니다 고맙습니다 ||| 탄핵가결 다시봐도 ? ||| 늘 열림공감 을 기다리는 구독자 80세 노인임니다 힘들고 어렵다고 슬퍼하거나 노여워 마시길 곳 당신은 그 뜻을 알게될 것 임니다 쉬운것은 가치가 더 큰 당신을 만들어 줄 것임니다 ||| . ||| 지금봐도 진짜 수없이봤지만 치가떨립니다 ||| 열린공감 ! 항상 응원합니다 ||| # 제대로파라 ||| 열공 ||| 자유민주주의 수호하기 위해서는 윤석열과 김건희를 어서 속히 교수대에 올려 세워야 한다. ||| 내란수괴 징역 4형 ! ||| 숨죽였던 그날이 떠오르네요. 1년이 됐지만 여전히 첩첩산중에 답답하기만 합니다. 열린공감 화이팅입니다. ||| 대한민국 젊은이들 나라를 지키겠다고 총칼압에서 굴하지않고 용감하게 계엄령들을 막고 간 우리 대한민국 의 아들 딸들 그리고 용감한 정신력들 넘넘감사해서 눈물남니다 넘 감사합니다 영원히 역사에 남을것임니다 목숨걸고 나라를지켜주신 영웅들 역사가 알고있을것입니다 ||| 열공 ||| 응원합니다 . 감사합니다 ||| 열공 정말대단해요 . . ||| 사람들이 열린공감을 많이 좀 봐야 하는데 그게 넘 없어서 아쉽네요 날카로운 하고 정확한 팩트 항상 감사합니다 ||| 신병 때문에 약을 할게 아니라 약에 중독 되어서 神 神인줄 착각하는 것, 신병이 아니라 마약 중독증세 ||| 우리가 겪은 비상계엄은 아무일도 일어나지 않은 헤프닝이 아니라 자칫 일본의 식민지 전락될 수 있었던 심각한 국가 위기 상황이었음에도 제대로된 마약수사에 제대로된 인력배치를 하고있지 않습니다! 이를 위해서는.. 백해룡경정님 특진시키고 마약특검 + 김충식특검 + 특판* 이 반드시 필요합니다. 경정위치에서 5명파견으로.. 동부지검에서는 마약수사 제대로 못합니다.! 대통령님은 성역없는 수사 지시하셨습니다. 성역없는 수사를 할 수 없는곳(동부지검)에서 어떻게 성역없는 수사를 합니까? 제대로 수사할 판을 만들고.. 제대로 수사해야합니다. 일본은 2차 세계대전 전범국가이면서 (필로폰) 마약종주국입니다. 일본에서 마약밀수되는 것도 철저히 수사해야 합니다! 한반도를 전쟁터로 만들려했습니다. 내란의 배후에 일본이 있는지 확인해야합니다. 철저히 수사해 책임을 물어야합니다. 일본수산물수입 금지 하고, 전범신사참배 금지, 일본교과서에 독도라고 명시, 대마도 반환, 몽유도원도반환, 마약중독자 피해 보상금.. 한반도를 또다시 전쟁로만들려한겁니다. 적어도 이정도는 요구해야합니다 ||| 지금 생각해도 끔찍했네요~ 정천수 대표님이 이시대의 진정한 애국자 이십니다~ ||| 대다수의 레거시언론이 그게 아니란 사실이 좀 소름이었다 ||| 12.03 K-민주주의 대한민국 어메이징 국민들 진짜 대한민국 IMF도 극복한 대한민국 어메이징 ||| 내란가담자들 ! ||| 김건희 2차 특검에서 반드시 마약밀수 카르텔 밝혀내서 범죄수익금 국고로 환수조치하고 처벌해야 이나라가 산다 ||| 김충식 구속하라 김충식은 통일교 일본과 밀접한 관련이 있 이번 쿠테타의 주동 수괴다 ||| 진정한 # 열린공감 ||| 열공 ||| 나라 팔아먹으려는 자 사형이 답인데….답답하다… 정 pd님 힘내세요 ||| 일본에서 네이버 라인 지분 고 법이고 머고 날뛰던 일본 김충식이 윤 일본인이라 말까지 ||| 아 공감 대단하십니다 존경. 스렵읍니다 ||| 고맙습니다. 지켜주셔서. . 눈물만 납니다. ||| 분명 어딘가 한일합병할려는문서가 분명히 있다 . 찾아내야한다 김태효을 수사안하는가? 왜? ||| 화이팅 ||| 열공! ||| 일본은 정치계 문화계등 앞잡이를 해서 나라 넘기는 사인 하게해서 나라 뺏아감. 감섭하고, 가스라이팅하다가 와교권등 다 뺏아감 항상 지켜봐야함 ||| 열린공감 ! 애국언론!!화이팅 ||| 그 후 더 흥미진진하고 재밌어졌습니다. 열린공감 화이팅~ ||| 윤건희4월 한남동 관저 동 물류창고에 2개 컨테이너에 보관함 유경옥 행정관이 이중1개의 컨테이너를 빼돌림 6월 남부지검 해당물류창고 압수수색 검찰 도착전 컨테이너 한동은 텅텅비어있었음 압수수색 정보를 유경옥이 미리 입수한 것으로 추정 열공측은 구리 물류센터로 두 동을 옮겼다는 정보 알아냄 여기서 구리 가 인천으로 이동했다는 첩보를 받음 ||| 일본이 핵심이다 윤석열 김건희는 “ 통일교가 매개체 충성 8000 ||| 계엄당시 국회로 달려간 국민들께 감사드립니다 당신들로 인해 나머지 국민들의 역사가 있는겁니다 다시한번 감사합니다 ||| 아 열공 방갑습니다 ||| 특검이 조사해서 . ||| 우리의 일상적인 평온한 삶은 저들에게 빛진 겁니다 저들이 날 내놓고 방어했기때문에 우린 오늘이 있습니다 ||| 그렇게 추진하려고 했을 가능한 상황 ||| 오늘 마무리하렵니다 ||| 10000원 . ||| ❤❤❤ ||| 지금 또 봐도 아찔하고 치가 떨리고 피가 끓는다 저 날 어찌나 놀랬는지 저 군인들 시민들 보니 아 눈물나 ||| 항상진실만알리는열린공감응원힙니다 ||| 다시 생각해도 끔찍한 일 ||| 정말 끝도없이 나오는구만 ;;;;;; 고맙습니다 무지를 일깨워주시네요! ! 후원합니다. 몸조심하세요 ~❤ ||| 특검 검사님 열린공감 시청좀 해주세요 . ||| 범죄자 들이 판을 하고 다니는데 나라에 법이 있으면 아무 소용없다 하나도 빠짐없이 잡아드려 엄중한 법의 심판을 받게하라 나라가 개판이다 내란 국짐 양아치 들 국회의원 자격 없다 김충식도 낱낱이 파헤쳐서 엄벌에 처하라 증거가 차고 많는데 왜,체포구속 하지 읺는가?? 당장 체포 하라 ||| 제발 하루속히 김충식 저놈을 때러잡아라 ! ||| 저 창문뜻던 공수부대원 저늠잡아야한다 ||| 어제오늘 내가 많이 아팠구나!!! 악마들은 다 지옥에 가야지!!! ||| 제가 작년 12월부터 여러번 여러 유튜브 영상 에 올린 내용과 같은 글로 올라와 한편으론 반갑네여... 단순히 친일본 성향을 넘어선 더 심각한 뭔가가 있어요.. 그럴려면 다른 뭔가(일본 간첩)가 있을 것이기 때문에 ""열린공감""와 같은 심도있는 탐사보도가 다른 언론사와 기자로부터도 계속 더 이어지길 바랍니다. ||| 이거 내란수사다 이나라 중요한시기다 법조인 정치인 정신차려라 ||| 열공 화이팅 정천수 피디님과 그외직원분들 모두 애국자십니다 대통령상 수상자 정천수님을 국회로 보내야 합니다 ||| 너무 조용한걸까요? ||| 일본한테 나라 ? ||| 김건희 동생 김진한은 말레이시아에 의류공장 등 3가지 위장 사업을 하고 다고 알려짐 인천항망, 평택항만으로 밀반입이 의심되는 정황이 있음 인천,평택항 에서 하는 영O 공사라고 있는데 여기 대표가 이강O 대표. 인천 법사랑대표. (법사랑송파구대표 김충 식) 2022년 당시 심우정 인천지검장. 이강O 100억대 횡령사건 조사 후 무마시킴. 당시 이강이 심우정에 엄청난 로비를 했 다는 제보가 있었음. 이 때 당시 인천 항만에서 엄청난 마약이 들어온 사건이 있어 음. 이 항만이 영ㅇ공사 라는 곳임. 이 곳은 해수부관할로 경찰이 관여할 수 없음 여기에 김건희 보물컨테이너가 있다는 첩보가 있음 ||| 열공홧팅 ||| 이거 언제 제작합니까? 응원합니다. ||| 마약건을 국정원은 ? 아님 매수됐나? ||| 아니 마약특검 언제하는거유? ? 한국이 마약판되려는데.. ||| 열린공감 정말 신뢰하는 언론입니다 취재 님 감사드립니다^^♡ ||| 미치광이 하나땜에 살다보니 별일을 다 겪어보네ᆢ 열공 . ||| 일본 천황에게 한국을 바치겠다고 몇번 말했었음 울면서 기미가요도 부르고 ||| . ||| 계엄포고령 내용들이 다 지들 마음대로 한 것들이네 |||  ||| 와~이 영상 처음보는데, 그날이 상세하네요. . 이영상보니 더섬짓하기도하고 시민들보면서 뭉쿨하기도 합니다 눈내리니 눈싸인바닥에서 응원하던 시민들이 연상됩니다 ,,키쎄스"" "" 계속 잊혀지지않고,그모습이 떠오를것같네요 ||| 항상 같이 ✊️✊️❤️ ||| 김충식을 즉각 구속하라 ||| 혹시나 했던 . ||| 국민들 목숨을 담보로 대한민국에서 북한과. 불꽃놀이 하려고 한다니 치가떨린다 ||| 모지리가 모지리짓을 한것은 흔치 않다. 하지만 윤어개인 외치는 우리 국민의힘이 훨씬더 놀랍다. 합당한 계엄이라니.ㅋㅋㅋㅋㅋㅋ. ||| 우리의 아들 딸을 방패삼아 쓰려고 절대 용서 합니다 ||| 심장 박동만은 아예 부르지도않으니 ||| 헐 이건뭐여?통일교와 남묘호란케쿄가 한국 먹을라한겨? ||| 이거 통으로 일본에 넘겨줄뻔 했네",1,1
Ww4ze6K80Gs,"【취재공책#65】'백해룡, 대통령실 관계자 · 정치인 만난 적 없다"" ‘조국혁신당직자 김작가 고발?’ ‘ ’부산민주당 내홍 심각!’","3:20 : 인트로 스킵 #임은정 #백해룡 #마약 #조국 #부산민주당 #민주당 #특검 #이재명 #정치 #시사 주)열린공감TV는 유튜브채널 '열린공감TV'를 통해 정치, 시사, 사회, 문화, 국제 이슈 등을 다룹니다. 유튜브채널 '탐사저널ON'을 통해서는 탐사취재를 전문으로 보도합니다. ◼열공광고안내 [ 광고/제휴/주문 /CS문의 010-2885-3244 ◼ 마이보험체크 홈페이지 https://myinsurance-check.com/ 1800-7917 ◼[광고] 비교원 전화문의 - 1670-2571 홈페이지 : https://abit.ly/a9mg0r ◼ 후원계좌 : 우리은행 1005-704-387412 ◼ 후원계좌 : 국민은행 후원 ◼ ARS 후원 : 1877-0809 / 1877-9503 ◼ 해피나눔 : https://www.ihappynanum.com/Nanum/B/CQ4U04MFOL ◼ 페이팔 : newix@naver.com ◼ 【구독】 과 【좋아요】 【알림설정】 부탁드립니다. '좋아요' 클릭은 더 많은 시청자분들이 시청하실 수 있게 합니다. ◼ 채널 맴버 가입 https://www.youtube.com/channel/UC4y2Jx26qCb7CrSt_i5bf1A/join ◼ 제보하기 : newix7700@gmail.com ◼ 틱톡 : https://www.tiktok.com/@tv4544?_t=8nSXln4C83d&_r=1 ◼ 인스타 : https://www.instagram.com/officialopenmindtv/ ◼ 열린공감TV 영상물은 공유 및 소스코드 배포에 한해 허용합니다. ||| 결론은 마약이 다량 세관을 통해 들어왔으니, 관련 세관 검사들을 모두 직무유기로 봐야 한다. ||| # 신뢰가는 열린공감 ||| 백해룡경정 포함 상설특검 이 답이다 ~순식간에 공범이된 합수부 관계자들은 이사건에서 손떼시라 ~국민의 명령이다~ ||| 마약 특검 반드시 철저히 진상규명 해서 깅력 해야 합니다 열린공감 회이팅 입니다 ||| 그리고 모든 사태의 원흉은 마약이라 생각합니다 여야 막론하고 고위급관료들 및 그 밖에 엮여있는 사람들이 분명히 한둘이 아닐겁니다 마약 아니고서야 이렇게 흘러간다는게 말도 안돼는거죠 여러분 힘내세요 응원합니다 ||| 정말 화납니다! 마약 이 필요합니다 ||| 임은정은 전 국민이 지켜본 부패검찰의 프락치이자 한통속이었다. ||| 열린공감이 이사건 진실 규명을 위해 정말 고맙습니다. 열린공감 지지합니다! ||| 전 이번마약사건은 내란하고 똑같이 처벌을 해야한다고 생각한다 이어마어마한 마약이 들어와서 우리나라 의 정신을 망가뜨리것을 그리고 영혼까지 털리는것을 생각하면 끔찍하다 ||| 그리고 믿습니다. 고군분투에 감사드리며 일관성에 응원 보냅니다. ||| 임은정 지검장님 대 실망 백해룡 검사 응원합니다 힘내세요 화이팅 ~ ||| 결국 과정에서 임은정같은 가면쓴 사람 다 밝혀질겁니다. ||| 열린공감!!! 정말 대단하십니다!!! 힘들고 어려운 많았을텐데ᆢ 참고 견디고 하면서~~~ ~ 옳고 바른소리 내어 주셔서 얼마나 고맙고 감사한지 몰라요. 찐 기자님들!! 완전 합니다 ||| 도대체가 나라가 얼마나 나라 백경정은 얼마나 속이 멍들어 있은까 힘내요 대한민국 ||| 임은정 검사장 똑바로 차려! ||| 임은정 지검장은 제2의 윤석열이었다는 것을 보여 준 겁니다. 예전부터 윤석열과 소통했던 임은정검사였습니다. 이렇게 뒷통수를 맞는 건가요? 이럴 수는 없는 겁니다. 민주당은 정신 바짝 차려야 하고 결국엔 마약특검의 명분을 얻은 것이므로 제대로 특검을 지정해서 철저히 탈탈 털어서 끝까지 범인들을 색출해야 합니다. 김건희 일가를 비롯 세관과 검찰 및 경찰까지 정조준해서 발본색원해서 마약카르텔을 깨부숴야 할 것입니다. ||| 열린공감 진심으로 응원합니다. 힘내시길 바랍니다 . ||| 제발 ~ 제발! 백해룡편에 서주세요 제발! ||| 검사도 일반공무원처럼 일반징계,파면 처분이 가능하게 된다 ||| 말도 안됨 ㅠ 거짓말을 물먹듯 ㅠ 백해룡 화이팅 ||| 가담인원이 너무 많아서 손대기가 힘든가봐 그럴수록 더 철져하게 수사를 해야지 딱 한분만 바보만들어 버리네 ||| 마약관련 특별검사단을 구성해 강력히 단속해야겠다. 그 많은 양의 마약이 세관을 통과해 도 세관 뿐아니라 관련 검사들 모두 조사해 철저히 파해쳐야 한다. 백경정의 마약단속이 쉬운 일이 아니다. 검사들이 이렇게 거짓 조작을 하는구나. ||| 취재공책 넘 좋아요 ㅎㅎ ||| 백해룡님 격하게 응원합니다 임은정은 밳내룡 거짓말에 한 말 무슨 뜻인지 옳은 말 바른일에 목숨 바치려는 백해룡님을 음해하지 말고 도와라 임은정 자리빼앗길까 지 도와라 ||| 열린공감 영상 이 참 높네요 구체적이고 정직함 백해룡 경정님과 열공 취재팀 에게 26년 시편 97편을 드립니다 특히 11절 을 위하여 빛을 뿌리고 마음이 정직한 자를 위하여 기쁨을 뿌리시는도다를 드려요 ||| 열공 ! ||| 열린공감 최고 ! ||| ​​알박기 도처에 내란세력 너무나 많습니다~~ 대통령과 민주당에 힘을 실어줘야 내란청산도 국민이 편한 세상도 빨리 다가올 겁니다 ||| 세관 관부들 전수 다 물갈이 해야겠네요 물갈이 하다보면 어디선가 새로운 증거가 나올수도 ||| 열공 화이팅 정천수 대표님 언제나 화이팅 ||| 본질을 봐야한다. 본질팩트는. 대량의 마약이 버젓이 인천공항 세관을 통과해 밀반입. 그걸 밝혀야한다 주장하다 외압 받으며 좌천당하고 만 백해룡. 이후 이런 일을 할수있는 세력은 검찰+국정원+용산이며 이 사건을 명백히 밝혀야한다고 주장한 백해룡. 급 백해룡팀을 와해시키고, 쭉 조용하던 검찰쪽에서 자체 합수본 꾸리더니 백해룡을 데려다 사실적 입막음하고. 아무결과 못냄. 그리고 이제서야. 급하게 모든사건 혐의없음으로 결론짓고. 백해룡의 주장은 실체없다며 언론플레이. 근거는 없음. (이미 . 이전부터 이같은 결과를 예상해왔음. 거대세력과 돈이 결탁했기 때문이라 힘들다 주장) 여기서. 어느누가 도대체 임은정과 합수본 검찰세력의 주장 신뢰할 수 있지? 내생각엔. 훨씬더 많은 세력이 결탁했다 봄. 검찰과 국정원, 용산을 필두로 국회쪽, 사법쪽, 돈을 쫓는 세력들이 같이 결탁했을 가능성. 다른 나라들을 봐도 충분히 합리적의심이지. 애초에 백해룡의 힘으로는 쉽지않은 싸움이었다. ||| 나는 계속 이상한 데 마약에도 등급이있어서 고급과 비고급이있다는데 고급 마약은 대체 어느부류를위해 ? 마약 독점사업 윤거니부부를 나라의 주요 기관들까지 합세하며 도왔다면 그많은 마약은 어디로갔을까?? 미안한말이지만 나랏일하는 정치인들과 검찰,경찰,주요기관등등 모든 공무원들도 마약 반응 검사해야한다고 생각한다. 이게 이렇게까지 막아져야하는 이유가 분명 있으리라본다. 그려러면 연예인이나 일반국민들만 조사하고 처벌할게아니라 모범으로 고위급 모든 공무원들부터 다 조사돼야 ||| 임은정검사가 윤석렬폭로 했을때 왜 가만 두었을까요? 임은정 무능하기로 다 안다합니다. 그러니 할수있는게 없을거다 놔둔겁니다. 이렇게 큰 권한을 줬으니 진행이 되겠습니까... ||| 국민이 바보입니까 다른 사건들은 사건 터지면 바로 CCTV 에서 움직인거 다 나오고 대화 기록 다 나오고 하는데 왜 이번 마약 사건은 범인들 잡히는 장면도 없고 마약만 있나요 ? 공격 한 사람도 전화 통화나 CCTV 움직임 등 이 없어요. 이거는 공권력이 조사를 스탑 시켰다는 증거입니다 초등학생도 압니다. 민주당과 이재명 정부는 성공하려면 이 마약 사건 파 헤쳐야 합니다. ||| 임은정검사는 가스라이팅 당한것 아닌가 했는데 지금 보니 검사들에게 항복한듯하네 어떻게 을 하고 배까지 까뒤집고 항복을 할까 싶다 ||| 내란에도 검찰 마약에도 검찰 카르텔의 정점에는 온통 검찰 제발 모두 드러나길 바래본다 ||| 이동형도 백해룡경정을 했으니 이번엔 이동형이 틀린것같다. ||| 어쨌든 마약이 통 같은 건 아닌지 세관 직원 간부들 징계 받아야지 ||| 열린공감~정피디님 항상 응원하니다. ||| 임은정씨 마약수사나 ? 왜 무혐의야? 진짜 실망이다 ! ||| 대한남아 백해룡 대한의 형제들은 반드시 끝까지 폭풍지지합니다 . 일요일날 1인시위함하세요 구름처럼 모일겁니다 가즈아ㅏㅏㅏ 절대포기하지마십시오 형님 어차피 좌천된 인생입니다 포기하면 복직안되고 바보되는겁니다 ||| 임은정은 어떤것에도 굴하지 않는 정의로운 사람인줄 알았는데 . ||| 임은정도 그동안 든어온 라이오니어 빽빽한숲을 어떻게 헤쳐나가겠는가 백혜룡경정이 거짓을 말한다고 생각하는 국민이 몇명이나될까?? ||| 정말 상식적으로 말이 안 되죠. 그 엄청난 양의 마약을 세관 도움 없이 몸에 감고 통과한다는 게요. 이동형 작가는 입 속에, 항문 속에 넣어 오기도 하니 그럴 수도 있다고 하지만 백 몇 십 그람 짜리는 그런 식으로 할 수 의 는 아니잖아요. ||| 임음정 어찌 이지경까지 ? ||| 인생 온다 길어야 인생 100년이다 에이구 저세상 갈때 지옥행 티켓 맡이논 당상이고싶은건가 우리 후손들에게 마약이 넘치는 나라 만둘어 주려하나 철저히 . 백경장님 함내세요 ||| 백해룡님께서 수사한 사살팩트를 묵살백지화 한다는건 세셰가 용납 이 는 무슨 대거 거래가 예상케 한다는.ㅡㅡㅡㅡㅡㅡㅡㅡㅡ ||| > 전 국민. 마약쟁이 만들기 실패 사건. 국가 조직 개입 사건> > 초 강력 수사 싸구리 처단. 법질서 확립 >>>>> ||| 이 모든게 ""마약만 하면 돼""로 밀어붙이며 사력을다해 분열시키는 김충식때문이다! 통일교_김충식_ 한동훈_ 윤거니부부_ 최은순&아들,딸_ 건진_그외 다수 등등 ||| 김두일 작가님 끝까지 계속 응원합니다 ||| 내란만큼 마약도 중요산데 이재명은 머하냐 특검해라 합수부 장 노만석이 ||| 동부지검 임은정 배은망덕 하구나!~~~~ 마약수사를 다 덮어버린 합수팀과 한몸이였네!!!! ||| 열린공감 많이 구독했어여... 힘내세여^^ |||  ||| 임은정 양심도 없는 안간이네요!!!!! ! 샀는데.....도대체 왜?!!!! ||| 정직한 백해룡 후보 응원합니다. 힘 내십시요. ||| 지금 이재명 정부의 가장 커다란 과오는 인사권 사용과 백해룡 경정에 대한 불공정한 일처리라고 생각됩니다... 그냥 답답합니다 ||| 마약제수사 시작 이전부터 뉴튭 댓글에 민주당 국힘당 국개 의원들도 상당히 마약 연류 관여 되잇다라고 했었음둥 ||| 들을수록 화가 치밀어서 유튜브 청취 자체를 포기 ||| 백해룡님 임은정님 열린공감이 야 정의가 우뚝 선다는 ㅡㅡㅡㅡㅡㅡㅡㅡㅡ ||| 임은정이는 자기목숨걸고 이야기 했다..뭔말했냐고? 단순하고 사소한? 마약사건을 백경정이 국가가 뒤집어질정도로 잘못 말했다는것 ..지금 임은정과 이재명 백팔십도 다르니..특검이 다루야한다 어느쪽이라도 국민을 놀라게 만들었으니 사형까지는 아니나 보 기다린다..자 ..이재명은 특검실시하라.두사람중에 하나는 영웅되고 하나는 끝난다. ||| 김건희 검충식 일가 마약 범 공범자가 얼마나 많고 심우정 이원석 한동훈 법조계 할것없이 백해룡님 임은정님 이잼통님 까지의 의 마약사건 무혐으로 돌리는건 이해불가 전세계가 오천만 이 는데 백해룡님의 마약 특검 수사 만프로 팩트를 덮는 무혐의로 처리 한다는건.어이상실.세계 만민이 경악 할 일이로다.백해룡님의 마약범 수사를 백지화 한다는건 ㅡㅡㅡ이해불가 내란종식도 불가라는 ㅡㅡㅡㅡㅡㅡㅡㅡㅡㅡㅡㅡ.ㅡ ||| 임은정은 정의로운게 아닌데 능력이 없어서 검찰주류에 못 들어온거였다. 이제 본심이 나온거지. ||| 오천만 정의와 진실 백해룡경정님의 마약 수사과정 결과 팩트만을 백지화한것은 만프로 거짓 맨붕이 오는 대한민국의 민주주의는 내란종식은 ㅡㅡㅡ의문이라는 감충식 감건희 윤석렬 일가의 마약범 수사를 발표한 백해룡님의 진실을 애써 외면하는자들은ㅡㅡ 마약진범으로 국제 마약 수사로 넘겨서 수사 착수돼야 하면 백해룡님께서 마약범수사한 결과 충분히 진실이 밝혀질 수 있다는 ㅡㅡㅡㅡㅡㅡㅡㅡㅡㅡㅡㅡㅡㅡㅡㅡㅡㅡ ||| 대구경북은 시골이라 그런가보다 하고 지나쳐 버리면 되는데 부산은 좀 다를 줄 알았더만 답이 없이 갑자기 정이 확 떨어지네 ||| 검사 아에 맛이 같내요 . 조작 조작 해도 걸리는대 알고 보니 ||| 여튼 임은정 장도 ㅡ다 검찰들에게 ㅡ이미 말빨에 물먹은듯 . ||| 임은정도 밀정인가? 아ㅠ ㅠ 당장파면하라 ||| 정말이지 오늘 하루종일 임은정에 게 배신감으로 기분이 X같았던 기억밖에 없습니다. 마약, 말레이시아 마약배달부들, 연관된 세관직원들, 세관 서버교체 배달부들이 한번도 아니고 매일 마약을 몸에 칭칭감고 공항을 들락거렸는데 이걸 확인 다지켜봤습니다 ||| 세관으로 온몸에 마약을 잔뜩 감고 들어왔는데 세관이 마약 으로 종결 지으려하는 윤석열검새들 !!!! 분노가 치밀어 오르고 토악질난다 ||| 좋아했는데 잘하세요. . ||| 임은정 정말이지 . ||| 헐 밀정 2찍 징구는 왜 검찰측 증인으로 나왔을까~? 민낯인겨? ㅋㅋㅋㅋㅋㅋㅋㅋㅋㅋㅋㅋ ||| 입만 열면 거짓말 하는 임은정 말 을 안 믿습니다. ||| 이정도로 허술한 게 쪽팔려서 백경정님을 응원도 못하겠다 ||| 합수부도 같이 공범???? ||| 검찰ㆍ국정원ㆍ경찰수뇌부ㆍ지금중간발표 한것은 이것들이 다 조짜고 입을 마추어 증거 은닉 되었다고 보아야 합니다 새롭게 수사를 특검으로 해야 밝힐수 있습니다 지금은 백경정도 수사가 안됩니다 밝혀 주면 가능하겠지만 안그럼 특검해야 하며 특검으로 확실하게 백경정을 합류시켜 처음부터 퍼즐을 마추어 가면서 압수 수색과 동시에 반드시 특검으로 마약사건은 밝혀야 합니다 그리고 임은정 믿으면 안됩니다 검찰DNA 는 안바뀌며 똑같은것들입니다 임은정을 동부지검장 승진시켜 준것은 실수 입니다 검찰은 반드시 2026년도 유예기간후 에 해체시키고 기소청도 지금부터 새로 공채하고 검찰 행정직은 제외하고 검사들은 다 짤라야한다 ||| 그냥 너 싫은거 아냐? 아래로 보는거요 ||| 여자 윤석렬? 이재명 정부도 ? ||| 임은정.... 너는 ? ||| 대통령님 이 방송좀 했으면 좋겠네요 ||| 어느 가수님이? 노래 좋고,목소리 좋아요. ||| 열공.. 임은정에 . ||| 서정필 과 신뢰가 가는 기자님을 응원합니다!!! 열공에서 큰 힘이 되어 주셔서 감사합니다. 힘내세요!!! ||| 그러면은 대통령실에 진정을 넣으세요. 그래야 빨리 문제 해결이 될 것 같아요 ||| 김거니가 사택에서 물을 엄청 썼을때 그걸 녹여서 흘려버렸을거라고 의심함 ||| 마약수사 외압사건은 수사 가 답이다! 백해룡을 동부지검에 유폐시킨 순간 마약밀수사건 수사외압사건은 끝난 것이다! 이재명 정권의 앞날이 심히 걱정된다! ||| 임은정 : 주변에 사람이없나 보내요 ||| 믿었던 임지검장 도 이상한데... 수사에 진정성이 있나? 정말 정의로운가? ||| 근데 이동형 작가는 왜 용산에서 백경정한테 사람 보냈다고 떠든 거지 본인이 직접 확인 한 것처럼 ? ||| 임은정은 마약수사 경험도 없고 의심되는 인천지검 출신 검사들에게 속아 그들이 만든 증거속에서 비틀린 증거만 봤으니 거기에 부화뇌동하게 됐을거다 ||| 백해룡경정님 허언증된거 ? ||| 마약이 문정권과 연결이 되어 그걸 막고 있는듯.. ||| 방금 이동형 작가의 한 방송에서 뉴탐사와 열린공감을 비교하며 백경정을 신랄하게 비판을 하였습니다 참으로 안타깝습니다 백해룡 경정이 빼박증거를 제시하여 외압이 라도 밝혀줄 수만 있으면 속이 시원할텐데 ||| 증거가 차고 넘치면 브리핑을 하세요.. 유튜브애서 전달하는 방식 이 라고 하는 소립니다. . 세관을 통과했는데 동부지검에선 세관직원이 무혐의라 하고 백경정은 증거가 차고 넘친다 하고. 그럼 증거 있는 사람이 기자들 불러모아 증거를 보여주면 수사단 지원받아 수사 하면 되는 아주 깔끔한 문제 아닌가요?",1,1
tIM4I1TjXw0,역사적 사실 먼저!!,"제목 상단 【열공예능꼬꼬물#2】'쥴리재판’ 김건희, 증인으로 부른다! ‘백해룡의 반격!’ 을 클릭하시면 바로 시청하실 수 있습니다 ||| 마약 을 지구끝까지 파헤치고 갑시다 . 백해룡과 투게더 누가 이기나 해봅시다 ~ 끝까지 ing~~~ ||| 백해룡정경님 마약 카르텔을 덮으려고 연애인 사건 덮기! 조진웅은 소년법을 위반했다. 검사 조선일보! 검사 말쫑들이다! 검찰은 또 사람을 ! 대한민국 국민을 살려라! 이건 사형이다! ||| 열린공감TV 정천수pd님, 취재기자님, 직원분들 은 따로 운영비가 없답니다. 매달 정기 후원하여 열린공감 법인을 지켜냅시다. 집단지성의 힘으로 기적을 일으킵시다~ 각자 종교가 있으신 분은 열린공감 법인과 열린공감 정천수pd님, 직원분들의 건강과 안전, 안정적 재정 그리고 아름다운 대한민국을 위해 기도합시다~ ||| 누가 해도 맞는말씀 ||| 내란범들 ! ||| 지금까지 보수당이 저런식으로 국민을 이용해온 걸 전혀 몰랐습니다ㅜ 정말 정치는 정치인이 알아서 한다는 생각으로. 뉴스도 제대로 안보고 목소리 큰 누구의 생각, 자주 회자되는 말이 사실이겠거니하고 진실여부는 따져 볼 생각도 안했습니다. . 수십개뉴스를 봐도 자세히 비교분석안하고, 단어도 어려워 대략보고 크게 자주말한 키워드만 남을겁니다. 공중파케이블뉴스들봐도 좌우로 나눠 어차피 왜곡하는 내용섞어 나가는데. 열린공감처럼 잘못된 정보 바로잡아주는 언론을 접하지 못했다면, 여전히 진실여부도 모른채 살았을겁니다. 또 고발성 유튜브정치영상들도 법사위에서 대놓고 거짓말하는 주진우의원보여줘서 때론 도움이 됐고. 그러다 또 정보왜곡하길래 구독취소했지만. 그동안 위법, 거짓을 아무렇지않게하는 보수당에 반박하고 진실알리고 바로잡기위해 얼마나 맘고생하셨을까요... 한쪽으로 치우치자는게 아닌 기본이라도 지키자는건데. 부산, 울산, 포항, 강남, 대구, 송파, 광진, 구리 정말 답답합니다. 계엄겪었으면, 지금 내란및 해결해야할 국가문제는. 단순 여야문제가 아니라는걸 직시하고 정신차려야합니다. 지금 내란종식은 소수의 정치인에 맡기고 다시 일상으로 돌아간 겁니다 ||| 반미특위때 싹다 청산 했어야 국민의힘이 없는건데, 이승만 건국의 양아치 들이 그럼 ||| 이재명대통령께서 일사천리 처리하라 하셨습니다! ! 명명백백 밝히라 하셨다! 국민의 고통이 너무 아픔을 잘 알고 계십니다! 12.3내란! 공범들 ! 국민의 주머니를 탈탈 털어가는 공무원들! 싹다 털어주세요! 어찌 요직에 앉아 배만 불리는 것인지 도둑놈들을 잡아 깜빵으로 재산 몰수해 ! 국민이 병들고 죽어간다!",1,1
qb8PVDARYOE,"[선데이 명신] 김건희, 지난 15년보다 더 큰 놈이 기다린다","제일 중요한건 사면을 없애는거다...이명박이 야 ||| 김건희 한테 뇌물을 준 인간들 도 구속을 해야한다. 김건희가 무엇인데 김건희 한테 뇌물을 주고 자리를 차리를 차지한 인간들도 전원 구속을 시켜서 감방에 보내야 두번다시 김건희 같은 인간이 나타나지 않을것이다. 김건희의 전재산을 몰수를 해야한다. 해외에 빼돌린 재산도 철저하게 찿아내서 몰수를 해야한다. 윤석열과 김건희는 사형이 안되면 종신형을 시켜야 한다.정치검판사도 탄핵과 동시에 해체를 하고 옷을 벗으면 꼼짝 못하는 법을 만들어야 한다. 사법부도 반듯이 개혁을 해야한다. ||| 김씨 부인보니 다시켜서 ? ||| 양평 아직 시작도 안했음 ||| 거니의 마약 조사 안하는게 신기 해 ||| 김기현부동산조사등전부까발려서국고롼수해야함 ||| 명신이가 요즘 많이 외로워한다네요 빨리 엄마랑 오빠 보내드립시다 크리스마스는 빵에서 의미 있게 가족끼리 ||| 기현아 진짜 빼박이다 너가 당대표 감이냐 ||| 눈은 왜 가려 놓은겁니까 너무 귀여워 ||| 난 이런 이야기 는 공명첩이라는 건희한테 뇌물만 주면, 친일파가 독립기념관장이 될수도있고 계엄 지지자가 인권 위원장도 돈만 쓰면 살수 있었던 시대가 있었다는.. ||| 자금의 흐름에 대한 이야기 않하는가 봅니다. 돈 단위가 엄청 클텐데요. ||| ㅋㅋㅋ 진술 건니 가 다 지커주겠지 ~ㅋ ||| 울산서온땅다사들이고유명하던데요.울산땅싹쓸이한다고 ||| 특검기간넉넉하게 , 충분하게 수사하게하라! ||| 누가 젤 나빠 알면서 2찍했다는 ||| 국짐은 나쁜짓들을 파파라치 수준으로 하는 게 넘습니다 ||| 15년 은 진짜 쬐끔나와도 30년은 보장된거내요 ㅋ 결론은 무기 ||| 김건희의 아무것도 아닌사람 = 나 아니다 검판새 : 공무윈 아니라 뇌물죄 성립안한다는 결론 ||| 공산당과 왕권은 그들의 법으로 군립 지위를 지켜 나라와국민을 보호하는 한편 법 불이행시 국민의 대표 로 발군 쇄신 민주화를 이룩해야한다 니나노 ||| 헐 카피바라 대박!! ||| 김건희 , 왜 저래요,? ㅎㅎ ||| . ||| 김기현은 부인과 쌍둥이 로 생긴대로~~~ㅎ ||| 우상호 정성호 안규백이 . ||| 기다렸던 거니. 구형. 남은. 수사. 몇 년씩만 곱하기해도. 80 살. 거기서 . 종처라. 판사님. 감사합니다 ||| 이건 금물이다ㅡ 이놈저년다뇌물행진이니ㅡ김기현부부뿐이겠나ㅡ국힘중진의원과고위공직자추천자들의먹이사슬로연결된 뇌물 그물망ㅡ일거다",1,1
IWM8qBCPkn8,"장동혁, 한동훈 콘서트 끝낸다","재밌는게 연말 한동훈 토크콘서트 1500석이 8분만에 매진이라고... 윤석열 추종자 존재하듯 미친것들이 꽤나 있네요 ㅠ ㅜ ||| 헤게모니를 쥔 동혁이가 볼 때 동훈이는 반동분자 지. 어떻게 되었든 동훈이는 정치판에서 사라져야 한다. ||| 정치 초년생 한동훈 당 이 당 게시판에 올린 당 우두머리 비방글 아니잖아 더도말고 덜도 말고 딱 한동훈 답다 ||| 한동훈이 원내대표실로 갔 뚜껑 못찾을뻔~~~ ||| 장동혁 짝짝, 한동훈 석열이 똘만이, 두놈 다 다 적이다. 판검사들은 정치하면 서 이 놈들은 사회 개혁을 할 자질이 없다. 남의 뒤나 파고 다니는 일만 능숙하다.",1,1
tukJcydbpNg,[스피디(sPeeD) 수첩] 민주주의를 지키기 위해 혼신의 힘을 바친 시민들,"할줄아는거라곤 술처마시는거밖에 없는놈이 술 빠져 말도안되는 짓거리를 한거잖아 저런건 선고즉시 사형집행해버려야 다신 이런일이 안일어나겠지 ||| 저 막는 경찰들 은 꼭 처벌받자 ||| 저 순간 의 망설임도 없이 국회로 향했던 시민여러분 정말로 존경합니다. ||| 따뜻하고 정이 넘치는 한국인들에게는, 불의를 보면 참지못하는 , 건강한 정신력이 장착되어있다. ||| 오직 사형만이 역사를 되풀이 하지 않는다 ||| 무조건 사형이다,,사형 제도가 없으니 사과도 안하는것이다 , 척결 ||| 나치 판사들도 최고 권위를 내세우며 판결했고 우리 독재시절 판사들도 그러했다 독재자들의 법포장을 조희대가 하고 있다 123 당일 사법부는 에 동조했고 그 는 지금까지 침묵중이다 ||| 아 눈물난다 우리국민들.. 감사합니다 ||| 천인공노할 일이다. 대한민국을 지킨 시민들에게는 존경을 표합니다. 민간인을 학살 하고 독재를 꿈꾼 자를 용서할수 없다. 그 가 는 길에 동조하는 쿠데타 세력을 용서 할 수 없다. 반드시 처벌해야하고 오래 걸리더라도 모조리 발본 색원하여 반드시 처벌해야한다. 단 한명 이라도 용서를 해 준다면 반드시 내란은 다시 일어 난다. ||| 정말 소름돋고 화가 납니다 많은 국민들이 생생한 그때 현장인 이 영상을 많이 보셨음 좋겠어요. 국민들이 막지않았다면 정말 . ||| 윤거니만 보면 소오름돋고 끔찍하기 까지하다 저 두사람은 누군지 모른다 무기징역 선고하라 재산 전부 몰수하고 ||| 민주주의 지켜냈고 이재명 정부가 민주주의를 빛나게 할것이다! ||| . ||| 한국의 민주주의는 국민들이 쟁취했다고 하나, 반 맞고 반은 틀린 민주주의를 만든 국민 따로 있고, 민주주의에 무임승차한 국민이 따로 있기 때문이다. ||| 윤석열.김용현~몇놈은 골로 보내야된다.꼭~역사의 (동조자들)꼭^대청소 하길 바랍니다.꼭.국민이 . ||| 온갖 비리. 뇌물 로 자기한테 반대하는 사람들 다 죽이려고 했던 역사가 다시는 이런 역사가 반복되지 않기를. ||| 2024년 12월 3일은 꼭 기억하고 다시는 이런일이 일어나지 게 해야 한다 보는 내내 눈물난다 민초가 나라를 살렸다!! ||| 계엄에 들어간 사람들은 다 싹 조사해야합니다 그래야 다시 재발이 일어나지 않읍니다 이번에도 유유야야 지지부진 합니다 다음에 더 혹독한 계엄이 또 있읍니다 ||| 내란의 밤에 국회로 달려간 사람들이 없었다면 북한꼴 이다 ||| 다 몰랐다 이걸로 넘어가면 안됩니다 그럼 모든사람이 다 몰랐다 넘어갑니다 엄중하게 처벌해야 죠 그들이 국회와서 의원들을 막은건 사실이니까요 ||| 제가할수있는건 온라인상의 댓글과 응원뿐이었네요 다들진심으로 . 사랑합니다 ||| 상식밖의 사태를 저지른 윤건희와 그 일당들 사회 전반에 깔린 나라보다는 개인의 영달이 목표인 내란범들, 조력자들 당연히 나찌 척결하듯 해야 한다. 그리고 우리는 인명 희생이 없다고 아무일 업는 득이 아니면 안된다. 결코 이 사태를 잊어서는 안된다. 독립군들처럼 줒을 고 있다고 판단하고도 그 자리에 함께한 위대한 국민들에게 감사하고, 끝까지 독일, 프랑스처럼 응징 해야 한다 ||| 위대한 대한민국 민주애국시민분들 ||| 거리에 나가서 혼신의 힘 다했지요. 아오 눈물난다 ||| 시민들이 자발적으로 … ||| 경찰 비상계엄 내가 했어요 지금 비상계엄으로 시민을 막고 시위 같이 한거고 동참한거지 그런말이어디있어 저경찰도 조사해서 싹다 해 ||| . ||| 군인들이 스탠다운 했네. 총 쏘고 들어갔음 2분이면 들어가서 제압했을 듯. 어떻게 한거야. 미친 상황이라는 걸 . ||| 다시봐도 좋아 ||| 내란범 공범 동조범 공범 ||| 아이들 학습자료로 사용해 봅시다 권력자들이 어떤식으로 국민을 배신했고 국민이 어떤식으로 약속 지켰는지 팩트 그대로 아이들도 알아야 합니다 그래야 올바른 가치관을 가진 아이들로 자랄수 있습니다 ||| 이럴수가 정말 심각했구나 함께 하지못한게 아쉬워 ||| 진짜 저열하고 존나 인긴들이다 ㅠㅠ ||| 12:07 에 잡아다가 연금 못받게 짤라야 되는거 아닙니까? 왜 이사람을 지금에서야 알았지? ||| 김건희 윤석열재산 끝가지 추적해 몰수하고 국가와 국민이 입은 피해 철저히 보상해 줘야 한다 ||| 국민은 목숨을걸고 민주주의를 지켰고 사법부는 흉기가되어 민주주의를 지킨다 ||| 사형감들 ||| 대한민국에는 독립군들이 국민들 이네요 정말 가슴이 찢어 지게 아픔니다 다시는 평시에 계엄령을 못하게 끔 만들어 놓아 야합니다 국힘당은 정치를 하면 않됩니다 정권만 된다면 계엄령 선포 해서 영구집권 하려는 반란 세력입니다 ||| 야들 진짜 하려고했으면 오자마자 ㅊ 보이는 건 다 쐈겠지. 안 한 거 보내서 가긴 갔지만 안 한 거임. 진짜 진심으로 했으면 피바다됐을듯. 다행이네 ||| 저는 서울에서만 시민들이 달려가신 줄 알았는데, 경북, 충청에서도 가신 분 있더라구요. 국회로 달려가셨던 시민분들...너무너무 감사하고, 존경합니다. ||| 이재명 정부, 민주당에게 힘을 보태 주십시오. 민주주의를 지켜주세요 ||| 내 능력도 안되는게 ||| 사형!!! ! 내란동조범도 ||| 대한민국 을 흔들면 벌을 받는 나라 국민을 위한 나라. 헌법을 위반한 윤석열 김건희를 영구구속하라. ||| 국회달려간 민주시민들 감사합니다 ❤❤국민을 다 살리셨어요 ||| 나는 윤석열 김건희 개인이 혼자 결정한 계엄이 아닌것같음 박근혜때도 계엄계획있었던걸로 보면 꽤 나 계엄을 하고자하는 계획이 고 그 를 밀어주는 세력이 윤석열에게 하라고 지시했겠지 그 두명은 ㄹㅇ똘마니임 ||| 윤건 시대에 악날한 인간부부로 등장",1,1
cm084UejE9s,트럼프 주니어가 한국에서 참석한 행사의 내막 | PD수첩,"아주나라를 개판만드려는구나 이런인간들에게 국가보안법으로 알려야 하지 않을까 ||| 대한민국에서 저런 프레임 깔아준 조직을 어떻게 해야할것인가? ||| 극우들이 뒤에 돈으로 매수하고 저짓거리하고 있는거지 그 중심에 내란당이 있고 뭐 가 개입되어 있지 ||| . ||| . ||| 결국 쓰레기 구렁텅이로 빠질듯 ||| 저것들 돈에 미친거임 ? 극우들도 그렇고!! ||| 진짜 아 욕도 아깝네. 외국인들은 한국을 얼마나 잘 볼까 ||| 대립이 너무 극단적이 되면 무력이 라도 을 피할수없고 전쟁으로 격상될수있다 가진자들은 반대세력의 전복을 노리고 따르는 무리를 전쟁터로 내보낸다 그렇게까지 해서 얻는것이 무엇인가? ||| 스스로 생각하고 판단하길 포기하고, 사이비 종교 마냥 무비판적으로 믿고, 맹신하는 위험한 부류 ||| 저 미국놈들이 왜 우리라나에 와서 저따위 짓을 한다고 난리야? 저기 서 저 젊은이들을 어떻게 구제하냐. 큰일이다. ||| 수구 기득권 세력들의 저항 혁신은 계속되야 도태되지 않는다 발전을 거부하는 수구 세력에 기생하려는 사회 . ||| 중국을 저리 욕하면서 내란에 중국 용역업체 씀. 북한을 저리 욕하면서 북한을 흔들어 전쟁일으키려 함. 공산주의를 그렇게 싫어하면서 중국, 북한을 끌어들여 내란에 끌어들이려 함. 젊은이들아, 정신차려라! ||| 휴... 이 조직적인 게 드러나야 한다... ||| 아 한심해 ㅉㅉ ||| 트럼프는 시진피과 하고 저것들은 핫짓 없이 돈벌려니 허구런날 사이비 매국노에 끌려다니지 ||| 하지만 극좌던 서로가 극으로 치닫는 순간 모든건 파괴되고 평화는 사라집니다 ||| 우린 더 잘할께 너네나 잘해",1,1
LdAh_174-4E,"박나래 '주사이모' 논란 확산…복지부, 의미심장한 해명 #shorts",참 대한 과 의료법이 참 같잖나 보네!! ||| 주사보다 알콜 중독 부터 ! ||| 의사들아 뭐하냐 ? 이 둘 고소해라 ^^ ||| # 없씨유 ||| 탄핵 폐지 할려고 애쓴다 지짜이밍 탄핵이 답이다 진짜 ||| 검찰이 . ||| 이제명 은 고 국민이 그렇지 뭐 ... 불법이 따로 있나 ....? 자꾸 범죄자만 나와도 어쩔수 없지 ~~ ||| 여윽시 ! 호남 산당께!,0,1
DN_Zr1H2vPc,"주말사이 추경호 터질게 터졌다! ""이게 진짜라고?"" ""계엄 잘 "" 추경호 본심 기 공개! (김창현 이은혜) #김창현의창 #인물탈곡기 #추경호 (1206_토)","국민은더이상. 물러서지않은다. . 정신차려야 ||| 나 구속해야됨 ||| 계엄령이 내려젔을때 ? 국민들 대표로 국회로 가야지 왜 당사로 가게하나 분명 위법입니다 판사심 그날밤 전국민이봤다 서야 정치합니까 ||| 불법내란은 실폐했으면 사형으로 처벌해야 국가의 신뢰도 바로섭니다. ||| 추경호 내란가담자즉시구속해야합니다 국민들은가슴에십년묵은체정에걸려있답니다 . ||| 추경호 구속 수사해야합니다 ||| 저 는 말씀이 차분하고 팩트 야무지게 면밀하시네요... ||| 공천 댓가 절대 잊으면 안됩니다 ||| 달성군수 , 공천 댓가 어디로갔나? ||| 나쁜놈들 다 털어주세요. 아주 나쁜 프로에요. ||| 얌생이 일 뿐인데 tk라 국회의원까지 되었지 기득권 편에 서서 활동했고 ||| 너무너무 좋아요 ㆍ 시원 ~ 하네요 ㆍ ||| 추경호는 자신의 개인적인 이익을 위해 나라와 국민도 팔아먹는 전형적인 국힘 악마네요 ||| 본인 공천비리 20억 드러날까봐 국민들을 죽음으로 내 몰려했던 파렴치 범들은 엄중한 처벌을 하여야 합니다 ||| 추경호의 경우 다툼의 여지가 있다고 주장하는 건 계엄 자체가 위법인지 아니지 다툼의 여지가 있다는 주장이네요 ||| 추경호 윤석열 등을 둘러싼 판사들 얼굴 공개 부탁드립니다 ||| 국힘인간들은 김건희가한짓도 지지하고잘했다고생각하나 . 눈가귀가있으면정황파악잘해라 ||| 가장 큰 내란 은 법조카르텔. 사법부와 검찰!! ||| 내란 수사 빨리 끝냅시다 ||| 국사범놈들을 이딴식으로 재판하는게 국가의 정의 할수있는가? 사법개혁이 필요하다 ||| 국회의원 들 해외출장. 판공비부터깎어라 ||| 인간 탈곡기 이위윈님 시원시원하고 시원 진행 넘넘 좋아요~~~^^ ||| 검찰, 언론, 사법부 모두 개혁하는 날까지 싸워야한다. 박근혜 정당해체 비호세력 조희대 사법부! ||| 독재자 아래서 독재 국가 수립을 위해 내란을 일으킨 국민의 당은 역사 교과서에 길이 남겨야 할 가장 부끄러운 사건이었습니다. 일제 시대 나라 팔아 자기의 부를 축적했던 자들보다 더 악독한 이들입니다. 나라 전체를 상대로 도박을 한 국민의 힘을 빌려 그 죄값을 반드시 물어야 합니다. 절대 잊지 않겠습니다!!!!! ||| 사형집행에 대해 논의해봐야 할 때인것 같습니다 내란세력들이 더 쉽게 생각하고 있는듯 ㅡㅡ ||| 저런 거는 탈탈 털어야 됩니다. 저런 직장 다 쫓아내야 됩니다 ||| . ||| 뉴스토마토 응원합니다 앞으로도 계속 탈탈 털어주세요 . 아주 훌륭한 프로그램입니다 승승장구하십시요 파이팅 ||| 추경호 시끄러 . ||| 우리나라 역사는 성공한쿠데타도 처벌을 했다! 실패한 쿠데타를 그 누가 왜 아직도 두고 보는가! 속히 내란범들을 찾아내 강력처벌 하라! 대한국민의 열망이자 명령이다!민주당은 내란특판소를 속히 설치 입법하라! 국민주권이 준 국회의 권한으로 속히 사법내란수괴 조희대를 탄핵하라! 그리고 독재권력을 유럽처럼 그대로 두도록 헌법도 개정하라! ||| 추경호 공천비리 20 억 전에도 방송에서들었는데 이건 어떻게되가는건가요 내란공범이면서 잡아떼 티비방송에 계엄선포될때 추경호 계속 전화통화만하고 당원들데리고 왔다갔다하면서 국회는 당원들도 몇명뿐이었는데 뭔변명이야 구차하게 속이다뻔히 보이는데도 비겁한 인간 특검부에서 낱낱이 조사해서 법적조치하세요 조희대 또기각시킬건가 ? 박성재 하나같이 은 조희대 는 죄가 뭐이고 옳고 그름 모르는 건 귀가 안뚫여서 못알아드는건지 국민은 넘도잘알고있는데 뭐하자는겨 해보자는겨 또 탄핵을 시작해야겄네 내란가담자들 어찌하나같이 기름장어야 하긴 내란우두머리 윤석열 은 지가한짓은 모두 부하들에게 떠넘기고 저만살겠다는 비열한인간 누가봐도 빽박인데 이제국짐당도 계엄은잘못됐다고 인정하고 윤석열하고 손절한다는데 믿을수가있어야지 사과를하려면 애초에 했어야지 내년지방선거땜에 억지추냥하는거겠지 이젠 절대안믿어 ||| 아 국민이 우습구나 ||| 추경호를. . 국민들에. 염원이다 ||| 좋아요 ||| 추ㄱ호는 법정최고형에 처하고 딸은 징역 그리고 전재산 몰수하라! ||| 평생을 꼼수로 살면서 혈세로 살면서 떵떵거리고 권력 은 내란공범!! ||| 추경호가 오늘 국회 안에 안들어 간것은 계엄군특수부대가 여.야 국회의원을 구분못하고 다 잡아갈거라 미리 다알고 국회의사당으로 안가고 즈그당사로 갔다고 본다 ||| 내란법원장 조희대를 몰아내고 정신바른 판사 임명되어 야 사법부가 정리된다 . 실행 은 만들지말고 놔두고 법관정년 줄여서 퇴임시켜라 ||| 얼마 전에 공천대가 뇌물 20억인가 얼마인가 수수의혹 구체적으로 보도된적 있는데 용두사미됐어요. 덮어버리지 고 해명은 돼야잖아요? ||| 장관. 고위 공직자. 국회의원들이 죄를 저지른 법척처벌을 일반법과 다르게 작은 잘못을 저지른 무게에 가치를 두고 법처벌을 강화해야 할듯... ||| 추경호반드시법의심판을받기를기도한다 . 어디서고개를들고입을털고다니나 ||| 그들은 . 바보왕 이 필요 합니다 |||  ||| 헐 ||| 아 증말 증오스럽군 ||| 20억을 . ||| 이정재를 빨리 특검하라. 역적들이 다 하고있다 ||| 말을 이쁘게 하긴 하지만 내용은 비장하고 서릿발 같녜 얼굴은 이쁘고 목소리도 다정하다 ㅎㅎ 민주 여전사 홧팅 ||| 이재명 대통령 님 께서는 꼭 성공하는 대통 령이 되게 할 것이다 ||| 이은혜의 사랑 계속되어야한다 ||| 그날 12월 3일 윤석열이 계엄선포 한 날, 민주당 의원 90명은 어찌하여 계엄반대 에 참석하지 않았나? 한명한명 그 이유를 소상히 알려야 할 의무가 있다 ||| 12.3. 계엄후. 추경호. 국힘당. 원내대표가. 12.19 일. 국회의원회관. 엘리베이터 에서. 계엄. 성공했음 ,좋았을텐데. 발언헌거. 증거. 재판에. 제출했는데도. 법원이. 기각. 시켰어요. 법관들까지. 내란중압니다. 이럴게. 썩어. . 상상도. 못했네요. 윤내란수괴 덕분에. 썩은. 사법부.검사.판사들. 다. 드러나게. . . 투쟁입니다 ||| 반역세력들의 기승으로 우왕좌왕 을 헤메는, 손 못쓰는 정부의 결단이 우환을 자초합니다. 단호한 결단을 국민은 소원합니다. ||| 군대 갈 신체검사가 불랑했다면 공무원도 다 날려야지 아니면 신체검사를 왜하나? ||| 저 상황에 지도부 운운하는 것들이 공범자 뭔 지도부 의견을 모아서 의총을해.. 자발적인 의총 할줄 모르는게 국개의원이냐? ||| 추경호 지방공천 20개 중 억 받은건 명태균말 ||| 아무리 애를써도 잡아처 넣지 못하는데 영장판사가 극우편인데 이자들을 처분못하고는 재판 진행중이다. ||| 주경호는 군인 국회에 들어있으면 특수부대 군인이 국회의사당안에 있으면 여.야 의원구분이 못 하고 다잡아가니 미리알고 의사당 안에 안들어 . ||| 윤석열 아바타는 이번기회에 친일청산은 못했더라도 친일파 함께 모두 싹 쓸어서 탈곡기에 넣어서 갈아버려야 합니다. ||| 추어탕 에 개사료나 쓸놈을 국힘과 윤석열이 원내책임자 발탁하니 내란에 뒷배 숨은 조력자 관운이 질기긴 데 특혜를 주는구나 ||| # 뮈가있는지 판사님 다툼이 뭔가요 판사님 께서알려주시지요~~ 군입대 는 윤석여과같네 부동시 는 자녀문제는 국민들열불난다 심우정딸도 ~ ||| 한동훈 딸 의 논문들은 무어여 ||| 나 앞으로 죽는다 ||| 내란의심장 대구 서구 달성구 ||| # 내란하청업자? ||| 추경호가 국회에 언제 들어 갔을까 ? 왜 그렇게 국회를 봉쇄하다 잠깐 을 풀고 입문 시켜줬을까 ? 추경호가 계엄을 미리 알고 국회내에서 돼지에게 정보를 알려주고 국짐머저리들을 이렇게 내몰았다는 생각 안해 ? ||| 윤정권 은 전부 거짓말 전문가 밖에 없어 .낮 바닥에 철판으로 깔아 놨어 . ||| 주말에 뭐가 ? ||| 소용없더라 모든게 드러나도 더 큰소리 국민참여로 해결 다수당줬는데 시민들이 이렇게 내몰려 개고생 권한을 가진 법원을 탄핵하라 아니면 내란공범 국민우롱 내년선거 피똥싼다!",1,1
WHBFTv2Qg1M,"분노한 이재명 ""이러면 안돼요"" 국무회의 '얼음' 의 일? / KNN","동일 노동 에 대한 차별 은 여기서 부터 인간적 차별이 시작 됩니다 ||| 아무도 모르 최저임금...이젠 당연한것처럼 익숙해져 버렸다... ||| 맞습니다 최저임금은 말그대로 최저임금인데 꼭 그 기준에 맞추려는곳이 너무많아요 . 최저임금받고 살기는 턱없이 힘든게 사실이고 ||| 진짜 마지막에 멋있네요 통일부장관님. 청소용역 직원들 년 지나도 최저임금 20년 지나도 생활임금 입니다. 정부청사 직원인데ㅋㅋㅋㅋ 정부얼굴에 똥칠하지맙시다 ||| 오늘 국무회의가 드라마보다 재미있네유^^ ||| 잼프… 이런 거 정말 좋다…!! ||| 공무직에서 더 악용해요 주 15시간이면 주휴를 줘야하기때문에 14.5시간을 일을 시킵니다 4일은 3시간 1일은 2.5시간 정부에서 더해요 근데 다 안그래요 맞습니다 정부가 요 ||| 이런걸 얘기 하는 게 첨이자 마지막일듯 ||| 이런 회의는 정부의 행동이 때로는 일관적이지 못하기에 있는것 아닌가 합니다 서로가 서로를 모르니 정부에서 엇박자가 나는게 아닐까요?...전 국무회의가 대화의 장 이라고 봅니다 .... 부부도 의견이 다를때가 많은대 각장관들은 어떨까요... 많은 일에서 대통령이 하는 생각과 장관들이 하는 생각이 다르다 보니 정부의 행동이 이랬다가 저랬다가 하는것 같읍니다... 행동지침이 있다지만 사실 그건 너무 넓은 범위이고 같은 헌법을 두고도 이렇게 혹은 저렇게 해석하는 일이 많으니 저런 회의를 통해 그 차이를 줄이자는 것이죠... 대통령은 장관들이 무슨 생각을 해야하는지 알아야 하고 장관들은 대통령과 그리고 각 장관들이 무슨 생각을 하고 있는지를 알아야 하 덜 엇박자가 나는것 아닐까요?... ||| 그럼 각 정부청사 더 깨끗해 지겠네... 칭찬은 고래도 춤추게 한다는데 돈 더 받으면 신나서 더 열심히 해야지 돈 받으시는분들 화이팅! ||| 정말 멋진 말이다. 잘 한다. ||| 아들, 와이프 모두 준공무원인데 이잼 말씀에 완전 공감. 사회적병폐를 정부가 솔선수범하자! 멋지십니다. 눈물이 살짝, 목이 메이네요 ||| 대단하다 . ||| 아...진짜 개인적으로 늘 생각해왔던 거... 역시 바닥부터 경험해본 사람이니 시야가 확실히 넓다 ||| 경험하고 느껴보고 고민을 해봐야 알 수 있는 것들을 지금 이재명 대통령은 하나하나 깊이 알고 있는 느낌입니다. 그런 자기 이해를 가지고 개선해야겠다는 의지가 이 사회를 바꿀 수 있는 거겠죠. 어제 만난 어떤 분은 자신은 정치를 잘 못한다는 보수 유튜버들의 이야기들을 듣고 이재명 대통령에 대한 여러 의문을 이야기 하더군요. 전 각 진영별 주장이 있으니 어떤 말을 해도 서로 믿지 못 할 것이고, 국정운영의 많은 회의들이 유튜버에 올라와 있으니 제발 좀 오랜시간 첨부터 를 보시라고 말씀 드렸습니다. 이재명의 진가는 토론과 회의에서 발휘된다는 것을 이번 영상에서도 볼 수 있네요. 부디 멋진 대통령으로 남길 바랍니다. ||| 이야 멋지십니다 ~ ❤ ||| 한마디로 너무 멋찌네요~ ||| 나라장터 좀 고쳐야함 최저예산으로 뭘하려고하는 ||| 돈을 내야 한다. 살고 있던 집을 비워 놓는다면 그 돈에 해당금액은 특혜다. ||| 너무나 당연한 말을 하는데 저런 이 대통령이어서 다행이다라는 마음이 든다. 언제부터 상식은 일상이 아니라 이상이 되었을까? ||| 기업체도 전문직을 채용해서 쓰면서도 최저임금만 주고 ..더더욱 인턴제라고 말 하고 동일한 업무에서도 1년미만으로 최저임급만 주며 고용.. 몇달씩 계속 고용...특히 디자인 ||| 역시 민생을 위한 대통령 멋지십니다 ||| 판사 검사들 의전등 차량 을 주지말고 장관들 사택 을 얻어줘라 ||| 대통령님~~ ~ 가정어린이집보육교사 급여가 근무연수에 상관없이 거의최저임금 입니다. ㅠ ||| 정말 감동인 이재명정부 이카 ^^ ||| 8대 불가사의 중 하나다. 이재명은 항상 없고 약한 자들, 노인, 일용직, 무기 공무직 같은 국민들을 생각하여 지금까지의 잘못된 관행을 개선하고 조금이라도 이들의 삶을 살려야 하는데, 18, 근데 왜 이런 사람들은 이재명의 정책을 지지하고 응원하지 ? ||| 대통령님! 감사합니다. 다시 정상으로 돌아가는 것 같군요. ||| 오늘의 문재인 정부가 먼저 선봉에 나서서 모범이 되어야 한다.. ||| 멋집니다 . 최고입니다 ✨️ ||| 대통령의 정확한 지적입니다. 고용안정과 비 정규직의 차이 나는게 원칙이죠. ||| 비정규직중 잘 생긴 회사 임원뿐ㅋㅋㅋ ||| 진짜 명확 한 대통령 님 감사 합니다 건강히 일해 주세요! ||| 역시 우리 이재명 대통령님 세심한 행정 입니다 ||| 실손보험 가입자중에서 '본인부담상한제'로 인해 원래 지급 되어야할 보험금을 다 받지 못하고 그 다음해에 정부가 나서 저소득층을 이중으로 고통스럽게하고 실손보험회사만 세금으로 배불리는것 !! 정치인들이 보험연수원 원장으로 가는게 다 다 보험회사들의 횡포 때문일듯 ㅠ ||| 지혜로운 통치 입니다. 국민들의 아픈 부분을 소상하게 살피는 자비로운 통치. 진짜 잘 하십니다 ||| 대통령님 감동입니다. 죄송 제외지만 말씀하신 부분이 지당 하신 말씀입니다 ||| 명확하네요..역시 일하시는 시간 너무 짧네요.. ||| 저도 그 부분이 제일 이해가 안갔습니다. 정부가 12개월 이하, 주 15시간 이하 계약을 해서 돈을 아낀다고 비정규직의 삶을 불안하게 하는데 앞장서고 만 생각했어요. 저는 정규직 공무원이었지만 비정규직 직원들의 안정성이 유지되어야 국가가 건강하다고 생각했어요. 대통령님이 그 부분을 아시고 말씀하시니 정말 현장 전문가시네요. . ||| 호주식 임금제로 가는게 맞다고 생각한다. 비정규직이 임금이 좀더 높고 , 우선권도 많이 주면서 정규직.비정규직을 선택하게 할 수 있다고 ||| 비정규직 노동자에게 비굴하지 말자.... 감동적인 말씀!❤❤❤❤ ||| 이재명 대통령님 김민석 국무총리님 잘하시고 ~ ~ ||| 멋지네요~~ ~ 포그니님들도 감사합니다^^ ||| 어우 , 진짜가 나타났다. 잼프를 평생직으로 바꿔라…. ||| 진짜 잘하십니다...최저임금받고 갑니다 ||| . ||| 아주 훌륭한 대통 ||| 훈륭하신대통령님 공무원과의 대화에서 보인입으로 싫으면 나가라고 했던거 같은데 시험봐서 공채들어온 사람은 무조건 나가라 공무직 물론 시험 보고 들어오시는 분들도 각자 하는일도 다른고 책임도 다른 임금이 다른데 ||| 이재명 정말 귀여워 ||| 정말 대통령을 위해서 끝까지 지켜야 한다.감사합니다. ||| 5년이 걸린다 ||| 찐 대통령 이십니다.약자를 생각하는 찐 대통령 이재명 님 감사합니다. ||| 도대체ㅠ없는 것들이 왜 빨간걸 찍어대는건지. 이걸 왜 빨간걸 찍을건거. ||| 맞습니다... 대통령님 화이팅 이십니다! 적정임금 ||| . ||| 역시 이쨈 진짜 억주들만 이익성임,, ||| 권장 임금은 권장 임금이 아니다. 명언이다 ||| 윤어겐 보고 , 이게 나라다! ||| 이시대에 세종. . ||| 연임만이 이 대한민국을 잡을 수 있 것이다 ||| 훌륭하다. 임기 10년이상 20년 정도 대통령 맡기고 싶다. ||| 9급 공무원 급여가 최저임금이 안되는데.. ||| 대통령님 업무를 엄청 하고 응원합니다. 내란을 종식시켜주세요 ||| 극우 유튜버들은 이런내용을 아예 안봐! 좀 공부좀해라! 극우들아! 정말 잘 하기 전 이재명 대통령과 사진도 많이 찍은 몇 된 사람입니다. 작년 총선 4월달 ㅎㅎ ||| 공무직은 1년한사람 , 10년 한사람이나 봉급이 똑 같습니다 ||| 대통령이 아니라 공정한것 찾아서 호내주는 포청천 같습니다. 정말 대단하다. 국민 콩고물 챙기느라 이런 것들이 정권잡았는데 지금대통령은 사람은 고통을 참고 할수있는것을 다하는 살아있는 신같다. 어떻게 저렇게 생각하고 실천할수 있지 감탄이 절로나온다. 주기전에 저런 지도자를 보고 죽을수 있어서 정말 행복하다. ||| 좋다 ||| 이런 말씀이 맞지..... 이게 정부의 역활이 맞지.... 상식적인 세상 아닌 세상에 다가가는 세상을 원해요... ||| 최저임금을 받고 일 엄청하다보면 일하기 싫어지고 현타 옵니다.... 적정 임금 주어야 일하는 것에도 효율적으로 도움 된다 ||| 퇴직금은 한 달 단위로 주면 안되는 건가요 ||| 훌륭한 대통령, 준비된 대통령 아렇게 박학 다식하고 참모들을 잘 활용하시고 댜단하시네요. ||| 역시 현실 문제를 정확하게 짚고 계시네요 정부부터 해야지 민간이 따라가겠습니까. 정말 좋은 지적이십니다. ||| 오늘 이 국무회의를 보면서 다시금 이재명 대통령님을 다시 봅니다. 예전 경기지사 투표시절에 저는 형수에 대해서 막말하는 것을 보며 도저히 제표는 줄 수 없었습니다. 하지만 오늘 정말 그동안 일로 집중하시며 대단한 업그레이드 하신 것 같군요. 이렇게 일하는 리더를 원했는데 딱 그런 분이라 봅니다. 이제는 제가 가장 앞에서서 지지와 함께 해서 정말 고맙습니다. 꾸뻑 ^.^ ||| 1년 11개월 ㅠㅠㅠㅠㅠ 정부가 .... . 대통령님 감사합니다 ||| 과거 에 이렇게 공개된 국무회의를하는 정부가 어디있었냐?정말 능력있는 멋진 대통령님 이시다 ||| 아 쩐다 ||| 노동부장관님 맨날 혼나네 . ||| 이재명은 위대하다 너무 너무 멋진 말씀 이네요~ ||| 더 어려운 사람을 더 어렵게 하먼 안되죠.. . 사회의 폐부를 드러낸 지적입니다. 정부부터 바꿔나가길 ||| 혈세를 국민한테 쓰면 지랄하고 돈 막 쓰고다나고 돈 눈턍 이치고 ||| 서민들 귀에 들어야 하네~~^^ 잼 잘해~~♡ ||| 눈물이 납니다. . ㅠ ||| 역시 대통령 님 화이팅 입니다 맞습니다 현장을 너무도 잘 이해 하십니다 불합리한 제도 제발 좀 고쳐 주세요 ||| 적정임금 이재명대통령생각 . ||| 잼통말씀이 옛 성현의 가르침과 똑같다. 경/천/애/인. 하늘을 두려워하고 인간을 두려워 ||| 문재인 이대통령 멋지네요..^^제가 잘 선택했다고 자부 합니다..^^ ||| 임시직에 근무하는 사람이 정규직보다 월급 더 주도록 규정을 만들면 대부분 정규직으로 채용하지 않겠습니까? ||| 노동부 조사해보세요... 왕..... 진짜 대한민국 최고 우리대빵 엄지척 연임.....후 중임 연임가자.....ㅋㅋㅋㅋ ||| 대통령 정말 훌륭 하십니다 국민들의 삶을 돌아보시고 약자들을 더욱 살피시네유 가장 훌륭한 대통령으로 기록 되어지시길 기원합니다 ||| 임시 근로자들 좀 ! ||| . ||| 우와. . 이재명 대통령님 . 대단하십니다. 그 누구도 생각하지 못한 생각입니다. 역쉬 우리 대통령님 최고. 어려운 국민 맘 알아주시는 한분. 사랑합니다 ❤ ||| 공직자가 국민 위해 헌신 하는 자리가 아닌가 상전 대우 받으려 한다면 일꾼이 아니지 ||| 대통령의 철학이 참 위대하다 ||| 정부 말씀 최저임금을 무슨 적정임금으로 알고 있으니... ||| 참 멋지십니다. ||| 캬.. 고용이 불안정한 사람이 오히려 임금을 더 많이 챙겨야 된다는 건 맞는건데 정부도 여태 최저임금으로 지급했다니 에혀.. 대통령이 저런 걸 테이블에 올리니까 뭔가 이젠 국무회의가 감동적이네.. ||| 대단합니다. 우리 의 잘못된 부분을 알려주심 ||| 너무너무 구석구석 까지 매의눈으로 보고 역시 이재명대통령 짱이네 응원합니다 ||| 눈물난다. 이렇게 디테일하게 이야기한 방송 봤었던가? 그동안 똥꼬빠느라 누구도 손대지 않았던 임금체계를... 이게 나라다! ||| 정말 소시민약자를 위한 진짜 대통령님 대한민국을 위해 국민을위해 내년 개헌해서 연임갑시다 끝까지 지지합니다",0,0
nxzXCLd6yME,"노상원의 판단 실수? ""계엄은 법적 기반 준비 후..."" '술술' 윤석열 재판 / 한겨레",그러니까. 총선에서 국힘당이 이기면 합법적으로 계엄을 할라고 계획을 다 수첩에 적어놨다. 라는 1 . 계획된거다 사전모의 2.계엄계획의 수첩이다 확정 3. 총선 국힘당이 이기면 합법이된다는 망상 4. 국힘이 계엄을 도와줄거라는 확신. 와.....애는 진짜 현실감각이 제로네. 도대체 무슨말을 증언했는지 인지조차 못하는 상태. 어떻게 보면 능지 문제일지도 ||| 정신적으로 문제가 있는 건 확실하네. ||| 승리하면 계엄해도 된다 ||| 윤석열 이나 이놈이나 .,1,1
bF2b3AsjWPc,"( 3부, 풀영상) 김용민의 충격적인 고백 법사위 발칵 ... ""지금까지 속았어요!... 전두환 노태우 때는!""...","구독과 함께 JTV뉴스를 응원해 주세요. 감사합니다. ||| 믽주당도 말만 하지 말고 당장이라도 희대의 범죄자 조희대, 지귀연, 천대엽을 탄핵해라! 희대의 범죄자 조희대, 지귀연은 명백히 법을 어긴 놈들이라서 헌법재판소도 탄핵 인용할 것이고, 천대엽은 모든 국민들이 다 보고 차관 지명 되었다가 그 놈을 눈구멍이 삐었는지 그놈이 아니라고 판결한 그런 판결들이나 하고 국회에 나와 헛소리 한 것으로 탄핵 될 것이니 지금이라도 탄핵해라!! ||| 마약수사도 강하게 밀고나가야한다!또 기각시킨다면 그자가 ! ||| 처대엽을 감옥으로보내자 뭐저따위야 말은장황설로 사람헷갈리게하나 정말 # 신동욱입다물라 ||| 김학의도 못알아보는놈이 무슨 . ||| 천대엽 이야기 합니다. ||| 내란당 이 늘어나 요 ||| 천대엽 김학의 사형 판결한 넘 ||| 조희대 천대엽 지귀연 신동욱 다 동조범 맞네 ||| 네 ?..김용민 의원님 감사 합니다 ||| 부끄러움도 모르는 신동욱 입만 웃겨 ||| . ||| 마약 세관 관여 다 아는데 수사 저리 하다니 제발 수사 제대로 해라 ||| 김용민의원님 내란범들을 다 죽여 버려 주세요 ||| 판사 랑 토끼간 맞네요 ㅋㅋ ||| 이재명 재판열고 고 나서 바로 윤석열 무죄로 판결하고 석방시켜 쿠테타로 난리를 피우고 나라가 뒤집어지는 악몽을 꿨습니다. ||| 최혁진 미친 논리 대단하다 ||| 이것들은 법개정이 뭐가 됐든 위헌신청 하겠다는 사람 위헌재판 신청 안하면 되는 거 아닌가? ||| 천대엽 ! ||| 천대엽은 지가 열심히 하지만 뒤에가서는 자기들 카르텔 깨질까봐 전전긍긍할께 보인다 보여 양심은 갔다버린지 오래다 ||| 천대엽 말만 뻔지르하게 만 빨리하면 국민의 못알아먹을거같냐??윤석열때문에 온국민이 법공부를했다!!천대협 사기꾼이!! ||| 유권무죄 무권유죄 누구를위해무엇때문에 개혁이란이름으로이나라의법치를 이토록훼손하려는겁니까 ? 대통령의 만천하에드러난법카사용내역과수없이많은의혹 이런거부터 수사받아야죠 뉴스를보면지금내가북한에있는것과같이무서운생각이드네요 유권무죄무권유죄 는 짐승들이사는정글밖에없습니다. 인간다운이성으로객관적으로바라보십시요",1,1
ELSE0T6uedU,"""저는 그렇게 생각 안 합니다""...빌드업 안 먹힌 이하상 .","감치 뭐 하나? ||| 존나 시비네 ||| 진짜 말꼬리잡기네. 어이구 수준이... ||| . ||| 기본적으로 상대를 밑으로 보고 이게 맞지? 라는식의 화법, 수없이 말꼬리 잡으며 뭔가 하나 물고자하는 그런 말투 더럽다 살인,강간 피고인들도 변호 하면서 피해자를 조롱했을것같네 ||| 이하상 너가 묻 는 질문아니니?! 답을 정해놓고 계속 그답을 얻을때까지 계속 물어보고.. 저런 사람이 어떻게 변호사가 됐을까 . ||| 에 대한 기본적 예의도 없고 ㅉㅉㅉ ||| 변호사 라이센스 뭐 했냐???? ||| 증인해줄라어렵게나왔는데 되게 기분나쁘게질문. . 질문태도 ||| 전광후니가 대가리박어~~~했던 사람들 중에 한사람인가?? 특검한테 유도심문 하지말라더니 지는ㅋㅋㄱㅋㅋ ㅋ ㅋㅋㄱㅋ ||| 온나라에 ""나는 쓰레기변호사입니다"" 광고를 낸다 ||| . ||| 저 변호사란인간은 증인을 증인으로 내지 않고 무슨 잡범으로 생각을 하는듯 하다 저변호사 왜 감치안하는건지 나라 사법부 왜 이러나싶다 지귀현 진짜 잘좀해라 진짜 답답하다 ||| 변호사 : 증인은 어디에 계셨죠? 증인 : 서울에 있었습니다. 변호사 : 부산에서 도 돼지국밥 먹은걸 알고 ? 증인 : 홍길동이 누군데요? 변호사 가 서울에 있었다면서 홍길동이를 모릅니까? 이상하지 않아요? 증인 : ??????? ......이런 느낌.",1,1
rCuU3Litd7Q,"대통령의 작심 발언 … "" 가담자, 특검에 의존할 게 아니고..""",구독과 함께 JTV뉴스를 응원해 주세요. 감사합니다. ||| 참으로 옳으신 말씀입니다. ||| 군대를 동원한 경우 군형법을 적용해야 한다 ||| 우리 재명 화이팅입니다. ||| 법을 위반한 공무원들 모두 직위해제 시키고 엄하게 처벌해야 두번다시 가 일어나지 않는다.,1,1
-cqkKIVMM5M,"국제 망신 작렬! ""감히 이재명을 건드려?"" 미국 에 가해진 테러 위협!","이젠 이렇게 되버렸네요 참담합니다 ||| 망신 망신 개망신. 국제 만세 세계망신. 글로벌 만세 ||| 이게 나라 최고 입니다 기자님 보호 해야합니다 ||| 진짜 이게 무슨짓이야!! ||| . ||| 이게 바로 대한민국이다 ||| 우리 민앵커의 에게 큰박수를 보냅니다. ||| 정말. . 나라가. 무너지고있다 ||| 국민들이 무서워 합니다 이런 통치권자를 믿을 수 있겠는지요 ||| 뉴스데일리베스트의 용기있는 첫 방송에 믿음과 신뢰로 적극지지와 성원을 보냅니다, ||| 이죄명 박근혜 탄핵하라 ||| 외신기자에까지 압력하는판에 국내기자들이야 이미 애완견되어 서 주는밥만 받아먹고 꼬리치지 않을수 없겠죠? 먹이받아먹고 목숨 유지해야하는 애완견신세에 감사할 판 ||| 말 다하는구나..... ||| 제발 전세계에 알리십시요 ||| 간첩들이 대놓고 설치는 나라 되어버린 대한민국 ||| 협박당하고 있는 억울한 기자님 국제 사회에 알려주세요 국제인권위원회에 이런 걸 고소해야합니다 ||| 훼괴한 역사가 되었다 바로 잡아야 되겠다 ||| 대한민국 대표언론 여러분 감사합니다 ||| 뉴스테일리베스트 방송 늘감사 하고 응원 합니다 ||| 저런 협박범들은 고발하여 수사해야 하고 언론의 자유를 억압하는 자 헌법위반으로 감옥보내야 합니다. ||| 이재명 압도한 기자 퓰리처상 수상 ||| 대한민국의 대통령이 . ||| 오늘 좋은 뉴스 고맙습니다. ||| 대통령으로 자격이 없음을 본인스스로~ 부끄러운지아는지 ~ ||| 중공이 망해야 부정선거가 끝난다 ㅡ ㅡ ||| 위협자 찾아낼수 . ||| 할줄아는건 범죄짖밖에 없는 이죄명 . ||| 바른말씀 바른방송 많이많이 부탁드립니다 최고십니다 든든합니다 . 감사합니다 ||| 범죄자 가짜 가짜 망신 나라 수치 최악이다 가짜 끌어내라 탄핵 하라 ||| 한국에 유수 언론사도 말못하는 대한민국 외신가지가 밝인 납치돼고 , 대통령 몆명인지도 모르는 한국에 대통령 그걸 가 외신기자를 공갈 협박하다니 이나라는 어디로 더 나갈까요. ||| 이 나라꼴이 어떻게 될 것인지. 말이 나오지 않습니다 ||| 미쳤구나 외신기자까지 협박을 하다니 저악마를 봐야 한다 ||| 민앵커님 수고하시네요 고맙습니다 응원 응원 함니다 . ❤❤❤ ||| 이재명을 . ||| 외신기자님 힘내세요 . ||| 형님도 이제 그깟 외국 기자쯤이야~ ||| 맞습니다 ||| 민 앵커님 진실을 말씀해 줘서 감사합니다 ||| 감사합니다. 용기 있는 발언 진정 적 입니다. 응원합니다 ||| 국적표시제도 개선 시급합니다... ||| 이재명 당장 탄핵 시켜라! 이재명 은 범죄 자 사기꾼 으로 대통령실 에서 끌어내라! 그리고 외신기자 를 감시 하고 지켜야 한다! ||| . ||| 앵컬님 나라사랑 하는맘 감사합니다 앵컬님도 몸 조심하시고 건강하시고 올바른 뉴스 많이 알려주시여 반드시 민주주의 하고 사악한 괴물 독재 정권 끌어 내리도록 많은 도움주십시요 멸공 ||| 한나라의통수권자가 자국민이 북돼지나라에 잡혀있는데도 모른다니 기가막히고 코도막힙디다 국민들도 아 헐~~~~~~ ||| 부끄러운줄 모르고 . ||| . ||| 민 행커님 조목조목 잘알아듣게 말씀해주셔서 저 이죄명 아웃될겁니다 ||| 하루빨리 이재명을 파면 해야 합니다 ||| . ||| 국민으로써 참으로 창피하다 . ||| 애국자 여러분 응원합니다 감사합니다! ||| 진짜 경악스럽다 ||| 공산주의 대한민국이군요 질문한 다고 협박하다니요 기자는 질문해서 기사를 쓰는게 기자의 사명입니다 ||| 나라 망신이다 . ||| 아 역시 범죄지는 범죄로밖에 반박을 못하는구나 ||| 용감하고 소신있는 외신기자 응원합니다. We praise that the reporter. ||| 저들이 한짖거리는 반드시 다시 그대로 돌아갈것이다.. 세계망신.ㅡㅠ ||| 뉴스데일리베스트 오늘 처음 듣는데 정말 감사합니다. 이렇게 알려주시니 그저 감사합니다. ||| 지금 대한민국 현실. ||| 조폭정권임을 무고한 외신기자에게 증명함. . 창피하다;; ||| . ||| 아 넘 죄송합니다 기자님 ||| 목숨을 걸어야 할 정도의 국가가 넘어갈 것은 거의 다 넘어가고 있는 것. ||| 감사합니다 뉴스데일리베스트 진정한 입니다 ||| 부끄럽도다 대한민국이 왜 이렇게 까지 추락 했을까 ||| 이재명 만세 ||| 기가찬다 정말 진짜 분노한다 분노한다 ||| 부정선거 밝혀 가짜들 찾아 ||| 빨리ㅡ정상인이 된 나라에서ㅜ살고싶네요 ||| . ||| 우파도 하나로 모아야 한다 ||| . ||| 와신기자님 가짜뉴우스라고 해서 안간들 고소고발 하새요 가짜뉴우스가 아니라 살제였는데 가짜뉴우스라니 제발 윤건영인가 ? 인간 분명하 고발하세요 ||| 여러분 국보법폐지 청원 동의 부탁드립니다 우르르 몰려옵니다 민주당이 추진중입니다 ||| - 외신기자를 위협 ||| 그런 나라가 되었습니다 ||| 이러고도 계엄을 선포 했다면 윤대통령은 직무유기... ||| 외신기자님, , ||| 뉴스데일리베스트 ! ||| 큰일이내요 ||| 민주당해쳬가 답이다 이재명은 자진사태가 아닙니다 ||| 어이가 없어서 . ||| 종말로 갈수록 가속도! 자연의 섭리 ||| 너무 무섭다.. ||| 멋진 외국 기자님. 감사합니다. . ||| 이거 도대체 어디로가는겁니까~~ ||| 죄명이 쓸때없이 방탄복 입힌 미국기자 진짜 방탄복입고 경호원 둬야겠다 ||| 이게 뭔데 ||| 아니 하다하다!!! 외신 기자까지 협박하나??? ㅋㅋㅋㅋ 하여간 이재명 종말은 스스로 를 파고 관을 넣는것에부터 시작 !!! 좋아 ! 있어 !!! 빠르게가!!! ||| 뉴스데일리베스트는 베스트다! ! ||| 억류된것도 모르고 대체 뭔노력?? ||| 이게뭐야! 이게나라야! 범죄자 한놈 때문에 이렇게 망조가 되었구나! ||| 부끄럽다 . ||| 무지가 곧 거짓과 뻔뻔함이다. ||| 외국기자를 협박한다고? 편들을걸 ? 어이그 썩어도 보통 썩은게 아니다 ||| 드럼통에 ~ ||| 민앵커님 ! ||| 외국인 기자가 정당한 질문을 했다는 걸 알고 위협을... 가짜 대통령.... 자격 미달.... 탄핵감... 불의한 자 ||| 네 심판합시다 국민이 만든 멸공 ||| 대한민국이 자유민주주의 국가가 아닌데 외국 기자를 통해 널리 알려야 하는 행위를 했구나. 이런 협박을 중공이 했는지, 북한이 했는지도 밝혀야 할 듯 하다.",0,1
uiJCpeW0qzc,욕 먹고 다니는 서영교 뼈 때린 곽규택,"서영교를 . ||| 사팔개는 못 먹어요 ||| 어찌 될지 몰라. ||| 국회 에 삼류도이런 삼류가없네. 정말 슬픕니다. ||| 야 저 미친 국회의원들 없애라 뭐하자는거야 억대연봉받아가면서~ ||| 서영교는 안 들어도 열받는다 ||| 멧돼지가 먹는거 빼고 할수있는게 없지 ? ||| . ||| 왜 배고프지 ||| 코미디가 따로업네.국회의원 반으로 줄입시다.필요업는것들 말장난이나 햇사고.잘났다들 . ||| 돼지는 먹고 또 남의것도 또 먹는다 꿀꿀쿨~~~~~~~ ||| . ||| . ||| 돼지는 항상 . ||| 이젠 오지 않구나 뻔뻔 ㅠㅠㅠ ||| 거짓말 은 서영교 답다 사람답게살자 ||| 말이 꼬인다 . 좋탄다 ㅡㅎㅎ ||| 국회 . ||| 서영교. 말곱게해라. . 듣귀거북하다 ||| 서팔계는 너무 배고프다 ||| 서팔계 너무 웃겨 ||| . ||| 돼지는 이것 저것 다 배가 고프다. 그래서 또 이것 저것 먹는다. ||| . ||| 돼랑이 ||| 반말 막장 이게 무슨 품격? ||| 밥달라고 ? ||| 됫 분들표정 ! ||| 저팔개 서영교 목소리 큰것 대한민국 최고 최고 ||| 저팔개 ! ||| 누가 정치를 알고 국회의원할까? ||| . ||| 국회의원들 인성 지적능력 이 매우 저질 저런 인간들이 나라살림을 하고 있다니 참담한 현실이다 동네 계모임도 이렇게 저질은 아니지 ||| 참 나짝 ~ ㅋㅋ ||| 반성은없이 저렴한 언어로 에이~내가 앞 국회의원 잘하겠다, ||| 다 부질없는 되지 ||| 서팔순이",0,1
E91q0N27H6A,추경호의 증언 .,". ||| 모두 ! ||| 사랑 합니다 ||| 왜이제사 이런진실들이 나오는지 진즉에들 ! ||| 윤석열은 ? ||| 감사 합니다 ||| 늦은 밤 피를 토한다 ||| 직무복귀만이 이나라가 제대로 사는길이다 윤어게인 킹석열 ||| 윤대통령님 ! ||| 문형배와 이정미 헌재 재판관 전수 공수처에 신고합시다. ||| 두번이지 ¡ 뱍근혜 대통 . ¡¡¡ ||| 뉴스데일리 베스트 뉴스 ||| 맞습니다. 진실은 늦더라도 결국 이긴다. ||| 더 늦기전에 국가를 위해 ||| 맞습니다 . 대통령으로 법관들은 구치소로 이게나랍니까 ||| 모래 로 세운 집은 반드시 무너진다. 헌법재판관들은 역사의 심판을 기다려야 한다. 인생은 심은대로 거두는 것이다. ||| 윤대통령님! 법과 원칙을 준수한 대한민국 대통령입니다.^^ ||| 윤어게인! 만 답이다. 윤대통령님을 ! 윤대통령님은 무죄이다. ||| 제발 그민두고 윤석열대통령 석방하라 ||| 사기탄핵 ! ||| 윤어게인 추경호 의원님 최고 윤어게인 만세 ! ||| 맞습니다 나라는 죽었습니다. 다시 살려내야 합니다. 오지 는 나라가 이렇게 망가진 것을 몰랐을 것입니다 ||| 민앵커님ㆍ최고열응합니다 ||| 그때 부터 증언했더라면 정말 아쉽네요 ||| 진실의끝은 ? ||| 우리 윤석열 대통령님 힘내세요 . ||| 윤대통령님! 화이팅! 2030이 나라를 만듭니다 ||| 진심으로 동의합니다 감사합니다 ! ! 윤석열 대통령님은 반드시 승리하실줄 믿습니다 ! ? 진실하시기에 하나님께서 함께 하십니다 !! ||| . ||| 멸공 ||| 수많은 조상님들의 피로써 지켜내온 이 나라 정말 걱정입니다 ||| 아름다운 자유대한민국을위해 언제나 진실된소식전해주셔서 정말정말 감사합니다 ||| 윤석열대통령님 사랑하고 , 항상 건강하세요 ||| 진짜 법관놈들 하나도 없는 세상이다!!! ||| 윤석열 대통령 .직무복귀.자유대한민국 . ||| 윤석열 대통령님 정말 너무 감사합니다 지지합니다 ||| 대통령님 여사님 ! ||| 윤석열대통령님 ! ||| 아 이긴다 ||| 민앵커님, , 팩트논평 감사합니다. 우리우파유툽방송땜에 자유대한민국은 영원할겁니다 ||| 헌재가 헌정 수호를 하는게 아니라 헌정 파괴를 한다 ||| . ||| 사랑하는 나의 윤석열 씨 꼭 건강히 돌아오셔야합니다.. ||| 준법대통령 윤석열대통령 . ||| 대한민국 대통령 윤석열대통령 영부인 김건희 여사님 빨리 복귀하시길 애타게 간절히 기도함니다 ||| 진실이 밝혀지고 있습니다. 윤대통령님 석방하고 . ||| 현 상황에 울화가 치밀어 오른다 ||| 가짜이밍 다 끌어내려야합니다 ||| 문재인 이기자 윤석열대통령 은 무죄다 탄핵무효 ||| . ||| 대통령은 아무나 될 수 있는 게 아니다 능력도 없는 놈이 대통령 행세를 하고 있다 쫓아내야 한다 ||| 옳으신 분 멸공 ||| 윤어게인 ||| 탄핵은 재심을 청구해야 할 텐데 국힘은 안되고 국민이 해야 할 일이다. 국민은 이시대의 를 기다린다. ||| 윤대통령님이 다시 대통령직에 오른다 ||| 추경호의원은 왜 안 밝히나! 진작 주장했어야지!!! ||| 울분이 난다 . ||| 윤대통령님 생각 하니 가슴이 또 찢어집니다. 가짜 그 인간은~ 악마 입니다. 윤대통령님이 복귀 하신다면 아무 문제 없겠어요~ ||| 윤어게인!!!!! 온리 윤!!!!! ||| 애국채널 뉴스데일리베스트 100만구독 눈물겹게 축하합니다~~~ 민앵커님의 피끓는 사랑 많은 감동과 반성이 됩니다... 저두 뜨겁게 애국활동 가열차게 합시다 ||| # 윤석열대통령님 사랑합니다 ||| 대통령 탄핵무효입니다 재심해야합니다 즉시석방하고 범죄자이재명 재판속행하라 ||| 뉴스데일리베스트 오늘 방송있어서 든든합니다 ||| 윤어게인~~~~!!!!!!!!!!! ||| ❤윤어겐 ||| 처음 계엄선언을 들었을때 국회에서 의결하면 해제하시겠구나 느껴졌었는데 그래서 아무걱정없이 잠들었는데 역시 믿음 은 틀리지 않았네요 ||| 이나라가 ? ||| . ||| 대통령 단어를 붙일수 없습니다 가짜에게정권을 탈취 당하고 ~ ~ ||| # 포기하면안됩니다 ||| 맞습니다 ||| 우리 윤통님~ ~ 건강 잘 지키시고 조금만 더 힘내주십시요~ ||| 추경호는 왜 이런사실을 대통령 탄핵전에 미리 얘기 안한건지 ? ㅜ ||| 헌법절차에 따라 투표 실시한게 내란인가 웃기는 헌재재판관들과 더불어민주당은 천벌을 받을것이다. ||| # 응원 합니다 ||| 그게 윤석열의 사람됨입니다존경하고 사랑합니다! ||| 추경호 대구시장 이진숙은 그 지역 정치 주호영 끝내자 ||| 자유민주주의 대한민국이 바로서는 한 ,,, 싸워야 합니다. 민앵커님,, 구독 밀리언 돌파를 다시한번 축하드립니다. 뉴스데일리베스트 모든 스텝분들 정말 수고들 합니다 ||| 윤대통령님 . 계엄선언.계엄으로 인해 저들의 실체가 많은것이 드러났읍니다 탄핵무효.윤대통령님 석방.복귀 ||| 조희대 씨 재판 속게 안하면 모두 침몰 하는 겁니다 ||| 뉴스 감사합니다 고맙습니다 수고많습니다 응원 합니다 앞으로 잘 기원합니다 ||| 윤어게인 ! ||| 추경호의원님!!존경합니다❤❤❤ ||| 우리 윤석열 대통령님을 민주당보다 먼저 내란이라고 고발 한똥훈 죄값 톡톡히 받길 ||| 자유대한민국의 국민들이여 감사 합니다 ||| 그중요한증원을이제했을까 추경호 . ||| 민앵커님 ! ||| 구독 100만 축하드림니다 ||| 윤석열대통령을 즉각 석방하라 내란수괴는 이재명과 더불독재당!!! 한동훈 추가요 ||| 헌재 는 내란동조자 8인을 특검하라 지금의나라를 망가트린자들 구속하라 ||| 진짜 사기극이네요 ||| 아버지하나님 이 강같이 흐르고 공의가 물같이 흐르는 세상을 말씀하셨습니다 주여 우리의 이아픈마음을 위로해주시옵소서 ||| 우리 하나님 위대하십니다 건강 챙기시고 힘들어도 쫌만 참으세요 하나님이 함께 하십니다 ||| 항상 바른 정보. 전해 주시는 보수 의. 유튜 버 만 축하. 축하. 드립니다. . 홧팅. 최고. ||| 끄집어 . ||| 추경호의원은 왜 이제서야 ? 윤통이 안과 밖에서 혼자 싸우셨구나! 얼마나 외로우셨을까. ||| 한마디 한마디 가슴에 담겠습니다 .끝까지 싸우자 이기자 윤석열 대통령이 온다 ||| 화이팅입니다 응원합니다 . ||| 윤 어게인~~~~~~~ 윤어게인 ~ ||| # 추경호",1,0
dBD063grw4g,"이재명,돌연 백기투항-정청래 김병기-기습만찬!!이재명,충격적 긴급특명!국회-완전 아수라장!!나경원,우원식 박살냈다!통일교 뇌물-JTBC 특종-전재수,딱 !","또한 민형사상 책임을 반드시 묻겠습니다.""전옥현 안보정론TV"" 이외의 방송은 모조리 가짜방송임을 알려드립니다(예-24시간 뉴스채널 등) ||| 어찌 모범이 되여야할 국회 가 나라마라 먹는대 앞장서다니 ||| # 국회가민생은팽개치고검사판사다해먹겠는거냐 ||| 아직 경험하지 못한 나라 반드시 경험하게 되리 ||| 새법 만들어서. 심판하면. 너 누구냐. 재명이부터. 구속하라 ||| 더불당 통일교에서 뇌물받은 사람 찾아내서 특검하고 구속시켜야 한다 ||| 통일교 뇌물 받는 국회의원들 다 . ||| # 앵커님 지당하신말씀응원합니다 ||| 나라가 거덜나기전에 좌파들의 엉터리 국정운영 바로잡아야 합니다 ||| 죄명이만구속하면 ? ||| 나경원님 국민들은 항상 응원합니다 ||| 정말 박살나면 된다 ||| 이재명 과 정청래 의 만나 는것은 이 자들 을 작당 할여고 하는 것 이다! ||| 이재명 만세 ||| 종교에 대해 역압하지마라. ||| 박사님 이게 나라임니까 정말 한심함니다 이 작자 때문에 ㅉㅉㅉ ||| 통일교 화이팅 ~ ||| 아 사람 다죽었다 ||| 특검 너무 만 수사하지말고 더불당 의원들도 특검하라 ||| 오리발 . 소용없다. 녹음한것. 있다지않나. ||| 통일교해체시켜야 돈받은정치인모두모조리구속시켜야 한다 통일교. 헌금하지말아야 ||| 누가 더불당의원인가 의장이면 중립을 지켜라 ||| 선관위가민주당의석만들어준겁니다선관위없어저야이나라바로서간다 ||| 권성동도 대통령 탄핵의 주역 ||| 이죄명과정청래는쇼일수도있고요벌써부터시작된사건들입니다지금현지가지령한것들이특히이죄명증권까지과니한김남국이현지랑듀에쌨다느룬처도있어요 ||| 썩어도 너무 썩어빠진 이정권을 국민들은 제대로 인식할수 없 전재수. 마저 뇌물을ㆍ기가차다 퇴출이 답이다 ||| 잘 된 인물이 없네요. 너무 썩었네요. 박정희 같은 참 군인은 없나요? ||| 맨날 들 제발 이런 사기성 썸네일 쓰지 않기를 ||| 제발 이란말 그만하시죠 ||| 집권6개월차 정부가 레임덕도 아니고 6개월 임기남은 정권처럼 이번 3특검발의 해서 얻은게 수사결과가 부메랑처럼 이재명정권을 향하고 있 ㅋㅋ 인과응보다 ||| 이명박 구속하라. ||| 대통령실 만찬은 국민혈세아닌가 예산삭감0원 만들더니 다시 부활해서 예산을 삭감 아닌지 국민들은 눈 부릅뜨고 지켜봐야한다",0,1
DD98XGTJ7L0,"김현지 큰일났다-서울 지역 74.7%/중도 59.8%!!정청래,긴급입장문!!내란재판부-변협,규탄성명!","김현지 이재명 김혜경 김민석 민주당 의원 탄핵체포저 직각 체포를 해야 ||| 내란재판부가 성립한다면, 무수히 많은 특별재판부 이후에는 역사가 만들어 딜 것이다. 힘의 논리로 만들어지는 역사 ||| 내란이 존재 치 아니하는데 내란재판부를 설치하나? 대통령의 비상계엄을 내란이란 얼가미로 묽어 기소 했으면 재판 결과를 지켜봐야 할 겄이다. ||| 법원장 회의에서 회의만 하지말고 이매며우재판을 합시다 ||| 삼권분립 , 민주주의는 존재하지 않는다 ||| 김현지 신분까면되지 왜못하는데 왜 숨길게 많은건가 궁굼해서 ||| 김현지 특검 특검 이 답이다~~ ||| 온갖악법만 만드는 더불당 뭐가 그렇게 무섭냐 악법말고 국민들 마음대로 해야지 국민들 머리위에서 있으라고 이건 아니다 ||| 수사기관에 대공업무 강화시키고 법안 폐기 발의한 민주당 국회의원들 민주당핵심들 일제 조사하라 ||| # 법사위 마구잡이 법 만들수 없게 심의 기구 필수 ||| 현재의 대한민국 국민이있겠나. 다누워버리는 법관들 ||| 범죄자들이 나라를상켜가는데 진짜 범죄자 이재명 김현지 김혜경 재판받아야된다 ||| 삼권분립에의한 대법관 헌재소장 이런분들은 국회 추천 투표 정치 국회 는 불참해라 ||| 김현이 누군지 밝혀야 합니다 ||| 김현지가 신원을 밝히면 다 뒤집어집니다 ||| 김현지. 신분을 안밝히는게. 더. 이상 한거아닌가. 신분. 을. . 밝혀야",0,1
a78VoLyA0W8,"시진핑,이재명 발언 파문확산!!조진웅,심야 긴급입장문!장영수 고대교수,폭탄발언-내란재판부는 위법!!","필숭 대한민국 민주주의 향상 응원합니다, 사전선거 폐지가 민주주의 꽃, ||| 김현지 기자 ||| 사형 폐지는 국가를 포기하자는법이다.! ||| 화이팅 ! 리셋코리아~ ||| 김현지는 간첩인지 김정은의 하수인인지도 모르는 상황에서 가짜대통령의 머리위에 앉아 헛소리 하고있다 나라가 통째로 중공.이북으로 넘어가는것같다 ||| 국보법페지절대불가.국민이목슴걸고막아야한다. ||| 국보법발의자들은 북으로 가세요 어떻게 이런법은 발의할수 있는지 큰일이네요 법안 발의 적극 반대합니다 ||| 배신자들 공천 절대 안 주기만 해봐라 장동혁 ||| 나라가 완전 걸래 또 다른 새정부 투표 해야합니다 ||| 낙선이 문제가 아니고 공산당이잖아 . 나둬. ||| 맞아요 응원합니다 . 올은말씀 명단 메모리해야죠 ||| 내년 총선에서 심판해야 한다ㆍ ||| 국보법 은나라지키는 근간 이다 이썩은 놈들은 국민세금타먹으며서 나라망칠 일만안드구나 제발 이놈들국회에못들어오게국민들 은 알아야한다 ||| 여러분 늘 수고 많으십니다 ||| 김현지 국정농단 사건 ||| 시진핑이 이재명을 날렸다고 ? 에이 그럴리가요. 이재명이 중국이라면 죽고 못사는사람 이라는것을 시진핑이 인정 인데요 ||| 조진웅을 보며 이재명도 이제 정계에서 퇴진해야하는 것아닌가 ? ||| 민영배 김준혁 윤종혁 국보법 페지 반대 ||| 항상 응원합니다 화이팅입니다 . ||| 안녕하세요 반갑습니다 좋아요 Ok 수고많으십니다 항상 변함없이 응원합니다 의리 사랑 해피 ❤️ ||| 김현지비선실새구속하라 ||| 조진웅이 이죄명보다 더 답다... ||| 반대 ! ||| # ❤ㄷㅈ❤ ||| 이재명 비슷 안 따르는듯 ||| 윤종오 도 울산 북구지역들 지 않으니 옳고 그른것을 분별 못하니 참 아이런 하네 ||| 북한은 가저도되고 우린 왜않되냐 ||| 절대반대 ||| 우리도 핵을 하나 만들어야한다 ||| 이름을자막으로 짚어서 보여주시면더 거 같음니다 ||| 김현지 는 짜이밍보다 위다. ||| 이재명나라을망하게하는것이목적이다,, ||| 우리나라대한민국은 민주당이재명 김현지나라입니가 ? ||| 애지중지현지를 짤라내야지 국민혈세로 월급을 주면서 그걸 왜 모르고 있어야 하나 김현지 너는 누구냐 ||| 이재명. 김현지. 권력 . ||| 조진웅씨라네 ? ||| 공매도 폐지 결사반대 ||| 여러분 항상 응원합니다",0,1
ReJYiSqiWNc,"손흥민 대박쳤다!!이재명,난리났다!판사들,대규모 반란사태!나경원,이재명 사전선거운동 !","또한 민형사상 책임을 반드시 묻겠습니다.""전옥현 안보정론TV"" 이외의 방송은 모조리 가짜방송임을 알려드립니다(예-24시간 뉴스채널 등) ||| 트럼프대통령님 , 자유 대한민국을 좀 도와주세요 ~~ ||| . ||| 트럼프 , 이재명좀 처리해주세요 ||| 안보정론 항상 나온다 ||| 대장동 맛집 ||| 모든게 다 지네들이 죽으니까, 죽을 힘을 다해 . 그러는거 아닙니까? 법에 어긋나도 살 길이 없으니까. 그러는겁니다. ||| 선관위는 공무원 아닙니다 ||| 아니 이재명도 재판해서 중형에 처해야지 범죄자도 가려서 처벌하나 ||| 정청래와 민주당이 이렇게 오버하는 것은 개념이라는 기준을 가지기에 너무 망가진 행보를 해 와서.. 어거지 술수로 세상을 해석하지 않는 방향 자체를 잘 모르는 정도의 스스로 우민화된 늪에 빠져 버렸다. 뻘쭘 이 중국말인지 북한말인지 따라하다가 어디까지 가고 있는지도 모르고 있다. 반국가 세력이라는 게 딱 민주당하는 것을 보면 .. 답이 안 나온다. 자기들 살고 국익은 안중에도 없고.. 정쟁과 탄압을 위해 출산된 괴물정당 그 . ||| 이민재판소 . ||| . ||| 그래봤자 미친도라이들이 뭔짓인들 안할까. 체포해야하는데 . ||| 신문기사로도 충분히 아는 내용을 이것 저것 제목만 거창하게 옮겨 달아 놓은 것은 아닌지 좋겠습니다 지금 다들 정치에 집중해서 시청하는 마당에 그 날의 중요 정치기사를 심층적으로 연구하셔서 발표하여 주시면 대단히 감사하겠습니다 매일 수시로 시청하고 있는 구독자로서 진언을 감히 드리오니 혜아려 주시길 부탁드립니다 애국운동에 열정적으로 임해 진심으로 깊은 감사를드립니다 ~! ||| 판사들 한발 늦었어 여당 정치시간이 빠를 다 ||| 진짜 먹고살만하네...",0,1
_A2MOmUb754,"민주 노총 종합특보!이재명,직접전화의혹-충격내용(채널A)!!충격-윤영호,최후진술!!뇌물리스트-5인방VS7인방-구체적 실명터졌다!파문-정동영,,충격발언!!","우리나라 백성들은 믿을데가없다 개판으로돌아가는 정치를보고도 학자들도 학생들도 군인들도 국민들도 강건너 불구경만하고있으니 이나라앞날이 냐 ||| 나이 먹은 정치인들 망신당하지 말고 이실직고하고 특검을 받고 감옥으로 가거라 ||| 특검도 무능하다 특검을 받아라 국민들은 불신을 하니 정확한 조사 하라 ||| 윤영호본부장 왜 협박을 해 딜을 해요....이재명정권 답다 ||| 서울법학전대명예교수한인호교수가내란이라고인터뷰한거보고전화를던질뻔했읍니다너무화가나서완전죄파인가알고싶퍼요❤❤❤ ||| 장관들도 죄가있다면 처벌 받아야한다 대통령도 죄가있다면 감옥으로 가야한다 ||| 특검을 ~ ~~~ ||| 슬픈한국... 이ㅣ디로 . ||| 늦은시간까지 수고많으십니다. . ||| 늦은 밤에 수고 많으십니다. 통일교 관련 뉴스를 보니, 이죄명이 또 다른 화법을 하고 있네요 ||| 대한민국의 사법제도는 사회주의 라고 볼 수도 있는 후진국의 제도임 온갖 탈법과 불법 수사와 증거 조작이 일상화 되어 있음 더 심각한 건 사법부가 이러한 위법적인 수사를 공공연히 방조하고 형을 선고하고 있음 이게 더 나쁘고 악질임 ||| 눈치를 보아가면서 밀당을 하는 듯... . 내로남불의 사람들로 보입니다. ||| 그럼 누구죠? ||| 통일교 , 돈받은 자 모두 조사해라. ||| 통일교가 정치자금 저수지 인가요 곶감 빼먹듯이 ? 천주교도 문재인 저수지이던데 ||| 걍 이재명재판을 해라 부정선거를 밝혀라 김현지를 특검하라 민주당을해체하라 ||| 한인섭교수입니다처음댓글에이름을잘못써서다시보냅니다 ||| 진짜 빨리얘기안하고 뜸 들이는 잔소리가 많네 ㅠㅠ ||| 그런데 점점 엉뚱하군요.",0,1
72I65rwjBbE,"한동훈 김건희특검 불출석 ? 기가막혀, 이제와서?","이봉규 대표님~ 한결같이 부정선거 척결에 목소리내시고 앞장 서 주셔서 감사합니다 ~ ❤ ||| 인간이 얼마나 악할수 있는지 한동훈을 보면서 . ||| 한동훈과 홍준표 손잡고 당장 정계은퇴 하거라. ||| . ||| 그거 보고 밝히는데 뭐 그렇게 오래 걸렸나? 이젠 지난 대선 부정선거 밝히고 무효 선언하라! ||| . ||| 징글징글합니다한동훈 . ||| <시대의 명언> 진실은 결코 덮을수 없다. ||| # 홍할아범 ||| 패륜도 그런 건 없다 배은망덕도 이런 배은망덕이 없다 한동훈은 윤대통령님 앞에서 무릎꿇고 석고대죄하라 그래도 국민들이 용서 못한다 ||| 정말 교활한 홍준표 국민에게 ! ||| 한동훈 이제 정말 끝나게 했으면 합니다.더이상은 국민들이 얼굴 보고 싶어하질 않아요. ||| 우리 깜빵보냅시다!! ||| 왜 저렇게 자랐을까 난 아직도 지 잘못이 뭔지 몰라요 고대로 그 죄 돌려 받기를 ~~ ||| 이 악마를 반드시 감옥에 넣으라! 윤대통령과 국가에 게 엄청난 위해를 가한 사악한 자 천벌이! ||| 이게 답이다, ||| 맞습니다.당게때 한동훈의 정체가 뭔지 잘라냈으면 탄핵은 없었슴 ||| 한동훈도 문제지만 국힘 도 배신당이죠 ||| 그때는 커녕 지금도 옹호하고 있는 자들 함께 ! ||| 장동혁 대표님 을 응원합니다. 배신자 기회주의자 멸공 척결!!!!! ||| 인요한이도 그게그거였지요. 먼저 토낀 것에 대해서 ||| . ||| 한동훈구속 ||| . ||| 한빠들 싹다 구속해라 윤리 가 책임져라 ||| 한동훈 너는 너무 두렵지 않니? ||| 자기에 모든 부귀영화를 팽개치고 오직 국민을 위해 헌신한 우리윤통 너무나 슬픔니다 ||| 회사 망해도 쌉니다. ||| 한씨구속이 답이다 . ||| 박통탄핵 , 중심은 한씨 ||| 한동훈너는 하늘이 반듯이 간다 ||| 박사님!! 세윌이 지나니까 박사님께서 예상했던 모든일들이 모두 나와서 고맙고 감사드림니다 ||| 민중기 당신 만약 편파 수사 가 확인된다면 당신은 호흡 중단 해야 마땅 하다 거부 하면 너의 가족 까지 하늘 에서 화를 면치 못할것이다. ||| 장동혁 대표 서두러지 않고 천천히 하나하나 정리하는모습 . ||| 나라를 버린 배신자 부끄럽도다 ||| 윤리위원장도 자신이 임명한 여상원 전 ||| 한동훈 참나쁜놈이다. 너는정치계 . ||| ❤은혜를 가진 인간은 국가라도 팔아먹습니다❤ ||| 한동훈가족모두구속시려야죠 ||| 전여옥tv를 보고 할렐루야 ️ ||| 장동혁 대표님 정말 위기에 많이 맞으셔셔 많이 힘드실겁니다. 감사합니다. 힘내십시요. 국민들은 정의를 원합니다. 응원합니다. ||| 한동훈 은 구속기소함이 마땅하다 ||| # 홍할아버지 이제 와서 쯧쯧쯧 ||| 같은편 ||| 맛을 봐야 저승을 알지 아직 멀었습니다 똥물 뒤집어 쓰보고 다시 태어날지 모르겠습니다 걱정 은 합니다 하지만 화이 팅~ ||| 한동훈 ||| 배으망덕도 아닌데 나라를 망쳐놓는 배으망덕 ㅠ ㅠ ||| 소잃고 외양간 고 ! ||| 썩은거는 다 도려내야 합니다ㅡㅡㅡㅡ ||| . ||| 맞아요 나라와 서민 과 국민들은 너무 살기 힘듭니다 . 온통 부정부패 때문에 정신 없네요 더러운 배신자들 어찌 ,낮짝들고 돌아다니나요 배신자들 빨리 아웃시켜주세요 ||| 한동훈, 댓글 석 자도 올리기 싫은 악질!! 이 작자만 없었으면 지금 이 상황은 없었을텐데!!! 얜 즉시 처벌받아야 한다!! 국힘은 이제 답이 없다!! 부디 장동혁 대표님은 그만 가시길!! ||| . ||| 배신자 한동훈, 배은망덕 한동훈을 속히 라 ||| 한동훈인간아닙니다ᆢ어떻게지를키워준윤석열대통령을이렇게배신한놈ᆢ징글ㆍ징글ㆍ합니다ᆢ지금이라도밝혀져서다행입니다ᆢ ||| 홍준표는 이제는 좀 안봤으면... ||| 당연히 한동훈 감옥가야지요 $나라를 이꼴로 만든 사람 ||| 인성이안된 사람은 인간 관계를 멀리해야한다, 왜 이런사람은 이기주의 ? 언젠가는 배신할수있다 ! ||| 이자슥 나 구속 시켜야한다 ||| # 이호선교수님의 역활이기대됩니다 화이팅! ||| 그때 한동훈 정리되었다면 이지경 안되었다. 당원들 이야기들었어야했다 지도부는 역사의 죄인 ||| 한동훈은 나쁜짓은 안 해놓고 늘 숨어다님 당당히 길에 다니는걸 못봄 ||| 한동훈은 용서받지 못할 대형 을 저지른 자다. 나라를 공산화시킨제1요인이 된 자다. ||| 배신자 살모사 한뚜껑 반드시 살려야 합니다 권영세 권성동 은 잊지 않을 것이다 박통 윤통의 탄핵은 국힘내 부패한 여의도 귀족세력은 개혁과 혁신을 통해 장동혁을 몰아낼려고 한다 그 추운겨울 아스팔트의 뜨거운 열정으로 장동혁 김민수를 지키자 뭉치자 싸우자 이기자 조갑제 정규제 조중동 위장보수논객 입니다 ||| 장동혁님. ! 약속 너무 고맙고 감사합니다. ||| 그니까요. 대통령탄핵보다 더 어려운 당게수사.. ||| 두사람과 자유대학의 만남 ||| 꼭 구속시켜야한다 ||| 하늘이 두쪽나도 한동훈은 절대 안됩니다 끔찍한 인간 ||| 홍준표도 한동훈과 한 인간~~! ||| 한배신 드디어 가는구나 이 몹쓸 자 불쌍한 인간아 잘 가라 ||| 야비하고 비열함이 하늘을 찌 한 동 훈~~~~ ||| 한동훈배신자 ||| 홍준표 당신도 좀 똑바로 살아라 인생 불쌍하다 ||| 한동훈유튜브에 비판글 썼더니 바로 아 저런게 당대표였으니 탄핵당하는거는 수순이였네요 ||| 휴대폰 배터리 동일 빼박이네 ||| 한동훈 너는 정유라손에 들어간다 ||| 은퇴가 아닌 인생 |||  ||| 부정선거 밝히지 않으면 , 또 적절하게 분배 결과 나오겠지요?! ||| 한동훈 . ||| # 으히그 ||| 1+1 ! ||| 가족 교도소 와 한동훈가족 에 꼭 맞는 교도소 말이예요 ||| 홍준표영감은 ? ||| 한동훈 이름만 들어도 스트레스 받고 속이 부글부글끓어요 . 놈 ||| 경남도지사할때응원했는데 이제는 홍준표 보기도싫습니다 먹을것 은 먹었으니 조용히사세요 제발 한동훈이 아웃 정치못하게하세요 대한민국화이팅 ||| 내부간첩이였네 . ||| 배신자 마지막 날 보내세요.........,........... ||| 이병준티브 대표가 . ||| 가족을 동원한게 아니라 가족 아이디로 한명이 작성했을 수 없을까요? ||| 장동혁 대표님 오늘 더욱 힘내세요 ||| 홍준표 , 이젠~. ||| 아이구!! 우리 윤통과 김건희여사 이 추운날 마음아파 눈물이 난다 ||| 강력한처벌바랍니다 어케한가족이똘똘뭉쳐나쁜짓거리를했나 오랫동안챙겨주며 . 다앉혀준은인에게.인간이아닙니다 ||| 전여옥은 박근혜님을 탄핵할때 한동훈같이 배신자여서 tv만틀면 무조건 박근혜님을 욕했는데 왜 모두 잊어버리지? ||| 전여옥.이언주.배현진 . 몰라 ||| 이박사ㅡㅡㅡ 정치라는게 칼로 무우 자르듯이 한다는 잏는게 무슨 견해입니까ㅡㅡㅡ 그렇게 되는거 봫읍니까ㅡㅡ 남만 탓 하지마세요",1,1
0KU-y9yEO7g,'베네수엘라 다음은 한국' . [박순혁],"박작가님 오늘도 즐거운 마음으로 애청합니다 ❤ ||| 박작가님 영상 아싸!!! 이봉규 선생님 박작가님 영상 올려주셔서 감사합니다!!! 박작가님 이봉규선생님이 최고임!!❤ 잘보겠습니다!!! ❤❤❤ ||| 성남 동부연합, "" 중국이 전세계의 부정선거 주범. ||| 21대 총선 당시 파주시을 지역 선거인 명부에 197세.153세.147세 유권자가 투표했다는 기록이 있습니다. 197세 김복순 할머니는 파주시 파주읍에 거주하는 것으로 추정되는 분입니다. 2020년에 197세였으니 지금은 와우 지금은 무려 202세나 되셨네요 !! 1823년 순조23년에 태어나셔서 헌종 - 철종 - 고종 -순종의 임금을 겪으시고 일제 36년을 사신 뒤, 이승만 대통령부터 최근 윤석열 대통령까지 모두 보신 분입니다. 참고로 김복순 할머니의 연세는 무소불위 초헌법적 기관인 선거관리위원회에서 직접 인증한 공식 나이입니다. 주목할만한 점은 이번 탄핵정국으로 치루어지게 될 2025년 6월 대선에서 김복순 할머니께서 투표장에 나올 지 초미의 관심사랍니다. 한편으론 미국의 지지난 대선에선 뉴저지주에서 1700세의 할머니가 투표를 하셨기 에 일각에선 김복순 할머니께서도 거뜬히 내년 선거에 나오실거란 섣부른 예측이 있습니다. ||| 대한민국 자유민주주의 핵심! ||| 부정선거 공범들 청산할때 까지 해야합니다. ||| 부정선거 ? 중공이 망해야 부정선거가 끝난다 ㅡ ㅡ가짜 ㅡ 아웃 ㅡ까ㅡ ᆢ ||| 윤석열 대통령은 중국 의 체포를 더이상 망설이지 말고 내일이라고 디데일 하게 해서 천하에 알려야 라 . 그래야 더이상 나라가 망가지지 않는다 나라가 다 망가진후 세상에 알리면 뭔소용이 있겠는가? ||| 말법의시대 현자 가 출연 하니 지혜와 통찰력에 감사드립니다 ||| 부정선거 중국이 선거 개입했다 ||| 우리도 언젠가는 밝혀질것이다 . ||| 그거 찔려서 부정선거 말한거임 ||| 나같음 어떤 내가저지른 범죄가 막 조금씩 공론화되고 파헤쳐지면 진짜 매일매일 피마르고 불안해서 밥도 못먹고 병신 같은데 참 대단들해 우리 선관위 가족회사 다산 핸디소프트 미루시스템 우체국 시바거 범죄집단들 맛난거 많이 사서 앞으로 못 간다 ||| 120세가 투표 부정선거 518% … ||| 내정 간섭이 싫으연 한ㆍ중 우호 로 아웃시킴 ||| 아 최고up젤잼이써여 ||| 이명박이가 민주당과 합심해서 박근혜대통령의 조기 탄핵을 이끌고 맹박이는 민주당의 뒤통수에 구속까지 되어었죠 이것이 팩트! ||| 대한민국 부정선거도 곧 밝혀지겠네 누군 잠도못자고 ? ||| 헉 사망자 26만명이 나온다 ||| 중공 ㅡ 왕후닝 ㅡ 부정선거 ㅡ ㅡ가짜 - 아웃 ㅡ까ㅡ 부정선거 숨기는 자가 범인이다 ||| 역대 부정선거로 당선된 대통령 김대중 노무현 이명박 박근혜 문재인 윤석열 이재명 이렇습니다 사망한 자는 부관참시하고 살아있는 자들은 사형 의거 무기징역 이 필요합니다",0,1
W2Hw8tcniag,전직 CIA 요원이 전 세계 정보 시스템 폭로,"부정선거 혐의 확실 ||| 부정 못하게 . ||| 부정선거 조작선거 사기선거 불법선거 명명백백히 밝혀야 한다 ||| 제발 더 . ||| 부정선거는 만악의 근원 야바위 도둑정권 끌어내리자 ! ||| 그날 선관위연수원에 연수원직원과 기술자가 같이 작업을 했다고 해서 이걸 막으려하신 윤대통령이 맞았다. ||| 대한민국 빨리 부정선거 터져야 할텐데.. 가짜 대통령 새끼 들 끌어내야 대한민국이 산다 ||| 한국선관위도 다 조작이지 ||| 부정선거 부정선거 중공이 야 부정선거가 끝난다 ㅡ ㅡ가짜 ㅡ 아웃 ㅡ까ㅡ ||| 이런 응징이 오산기지에서 다음달 부터 전개 된다네요 ||| 사전투표 하고 수개표 합시다!!! ||| 여론기관들이 여론조사들 다가짜로 만든 문제인부터 ||| 가짜넘 빨리 버려야 한다. 선관위 싹 없애버려야 함 ||| 대만의 심플한 디자인 부럽다 ||| 썩은언론 레거시 영원히 삭제 합시다. ||| 부정선거에 눈을 감고 있는 대한민국 국회의원은 ㅡ 아웃 ㅡ 부정선거에 답을 하라 ㅡ ||| 수개표!!! 투표를 날인해 투표함에 넣으면,개표도 안 까고 카운트! ||| 베네수엘라가 저정도면, , 대한민국은 ? 원조 부정선거 조작 기계 제조 업체 차려 수출까지 한 대한민국은 ? 그래서 그걸 믿고 해찬들이 앞으로 50면 어쩌고 중얼 거렸나 아 ? ||| 드디어 민주당과 함께 부정선거 들통나는구나ᆢ ||| 이 문제는 알아 라고 말한 뉴욕대 교수말이 생각난다 이거 해결 않하면 다 쓰잘데 없다 이거만 잡으면 정권교체 확실히 한다 !!!! ||| 전세계가 방탄소년단 을 키웠네요 ||| 전세계 불법 카르텔 척결! 한국도 닥치고 부정선거 수사하라! ||| 부정선거에 눈 감고 있는 cia 가담자는 누구 ~~ 트대님은 다 알고 있다 ㅡ ||| 꼭 실현되길 ||| 동조 방조 침묵하는 자들 은 부역자이자 역사의 죄인임이 명명백백하게 드러날 것이다 ||| 이봉규 박사님 국회로 보내야 됩니다 ||| 우리나라 선관위는 괞잖나요? 부정선거 아닥하는 여야 정치권...가짜 뉴스 ||| 대통령 선거만 그런게 아니고 국회의원 선거도 마찬가지. 가짜들이 많 장악.. ||| 조선/중앙/동아일보, 이제 더 이상 침묵하지 말고, 부정선거 근절 보도하고, "" 가짜 대통령 물러나라 !"" 탄핵에 앞장 선 것처럼 부정선거 근절 행동에 앞장서라. 미국 오바마 대통령이 부정선거 수사을 강행한 이상, 온두라스/베네주엘라 넘어, 극좌 이재명 정권에 쓰나미 덮칠 시간도 눈 앞에 다가온다. 피할 길 없다. ||| 조.중.동 과 인터넷 TV 가 빨갱이화를 기정사실화 하고 전향의 미련을 버리자 세상이 바뀌었다 유튜브등 뉴미디어에 몰빵하면된다 ||| 영화는 현실의 반영이다. 영화 '아수라'는 대장동 사건을 통해 제작됐다! ||| 이젠 본격적으로 부정선거 하고 윤석열 대통령 석방해서 이재명 쫓아내야죠 ||| 대만식 수개표 가 정답입니다 ||| . ||| 부정선거, 지금의 입법독재의 시작이요! ! 리죄명 가짜 대통령의 시작!! 국힘은 부정선거에 대처안하면 지방선거 를 명심하라! ||| 진짜 최고",0,1
INPW9VTwsgI,우덜랜드,"유튜브 영상 보러가기: https://youtube.com/watch?v=OZmWKgaXKPc&feature=sharec ||| 진짜 특검 감이다 비리 온상 반듯시 조사해야한다 대표님 방송감사 최고 ||| 그리고 다시 비리 조사해야 합니다 국제대회 두번다시 전라도에 유치하면 안되겠어요 ||| 그러게요. . 윤석열탓하는. 국민이. 이사실을 알아야합니다. ||| 그라운드씨 님의 트윗 넘 감사를느낍니다 ||| 진짜 귀에 콕 박히게 100% 정확하게 ! ㅎㅎ ||| 나도 ᆢ민주당은 문제가 생겨서 ᆢ뇌가 다썩었다 옳은팩트~~ ||| 정말 화가 납니다. 부정부패가 전혀 없네요. ||| 너무 할말이 없너ㆍ요 썩고 썩는 동안 얼마나 힘드셨을까요 우리 윤석열대통령님 힘내십시요 ||| 이때부터 무안공항 공사 입찰비리로 이어져 결국 돈 이모든게 정말 특검1순위 ||| 그때 노무현 대통령 욕만 하던데 다 뒤집어 씌운 거네요; ||| 같은 한국이라고 하기엔 너무 먼 사람들 ||| 진짜 왜이러냐, 맨날 연예인 코스프레 해대가면서 나쁜짓은 더한 것들 ||| 푸ㅎㅎㅎㅎ 완벽한 해설 입니다 ||| 김성원 님 자유대한민국 차세대 대통령감 입니다 이런 스마트하고 멋진 분이 미래 청년들이 원하는 분입니다. 한국의 미래를 꼭 ! ||| 저런 일도 술술 넘어가다니!! ||| 잼버리 큰일 날뻔했잖아요 우리대통령 ! 잘 하셨습니다 ❤ ||| 정말...민주당지지자들이 언제 깨우칠까요...어쩜 그리 가슴 아프네요.. ||| 너무 틀린 말이네요 ||| 무안공항 챔버리 행사 꼭 진실 다 밝혀야 합니다 ||| 그러에도 불구하고 지들끼리 공로상 주고받고 이런 특검을 해야합니다 ||| 싹다 조사해라 잘못된 국고 문제되면 다 잡아 ||| 특검을 왜 해야지 ||| 내가 잼버리 현장을 보고 분노를 느꼈다 . 전라북도 공무원, 기업은 진짜 반성해라 ||| 그랬구나ㅠ 그당시 뉴스로 전해 듣고 쪽팔리던데 설마 우리나라가 그럴리가 있나 뭔일이데 하고 의아했더랬죠 역쉬~진실을 밝혀주시니 감사합니다 ||| 7시는 뭐 괜히 나온 말이 아닌거 같다 ||| . ||| 아 ㅋㅋㅋㅋㅋㅋㅋ ||| 와! 간결 하게 원인분석 ! 감사합니다. ||| 저때 저러고 그냥 넘어간거 존나 수상했어 ||| # 우덜라인 너덜돈 우덜랜드! 이분 정말 쏙쏙들어오게 설명하네. 사회문제 국민계몽 1타강사, 내마음속에는 교수님! ! 리스펙트! ||| 들을때 마다 감동입니다 깔끔하게 설명해주시고 선명하게 잘 이해시켜주셔서 감사합니다 ||| 아니 윤대통령만 나쁘게 공격하다니 나쁜인생들 ||| 김성원님 꼭 가셔서 일하시면서 국힘에 힘을 보태시면 좋겠네요❤ ||| 무안공항도 요래 ? ||| 그랬군요 주여 ㅜㅜㅜ 이 더운날 애들이 얼마나 더웠을까! ||| . ||| 전라도 사투리 우리 라는 말이 우덜이라 전라도 사투리 쓰는줄 알았는데 업체 브랜드네요 생김도 말씀도. 최고 입니다 ||| 아 ~징글징글 ||| 제발 대통령님 어서 돌아오셔서 저들의 만행을 하나하나 되짚어 엄벌로 다스려야 합니다 ||| 김대중때 도 썩었다 7시지역은 모두 감사원이 손봐야된다 ||| 입담 진짜 천상계이십니다 . ||| 응원합니다 힘내세요 자유대한민국을 계속 지켜주세요 ||| 아.. 진짜.. 해먹은 놈들이 다른 사람 욕한느 낌 ||| # 우덜랜드ㅋㅋㅋㅋㄱ ||| 저것들 동네는 그래서 코스트코도 사고 ||| 우덜랜드 ||| 이걸 없애야죠. 전북 공무원 관련자들을 처벌하고, 돈도 회수하고. ||| 비리…너무 슬프다…ㅠ 우리나라 잘 해야 더 잘 살 수 있는데ㅠ ||| 전북도를 감사하여 부정비리부패를 색출해서 야 한다. ||| 특검 반대 민주당 이럴때는 빠지니 나라를 위한. 짓들을 안하네요 민주당 ||| 조사는 안하고 . ||| 제주도 해군기지도 날치기 통과시키고 건설반대집회 선봉에 섰었죠 ||| 방송국,신문사 모회사들이 주 ||| 정말 입에 착착 붙네요.ㅋ ||| 근데 와서 보니 우들 건드리믄 무저껀 탄핵 ||| 이건 제대로 조사하자 지역신경쓰지말고 . ||| 이런게 한두개가 아니 180석 처단하고 전부 심판받아야합니다!! ||| 본가가 부안인 사람인데 잼버리는 진짜 최악임 그런데도 전라북도는 아직도 새만금 공항 에서 뭐하겄다 온통 쓸데없는 짓만 함 . 한숨만 나옴 ||| 차라리 총선승리해서 재조사 해야함 ||| 와 알죠 근데 왜 전라민국 국민들은 진짜 아무말 못하죠 그들만에 지역이니까 미쳐버리겠다 ||| 왜 이런건 언론에 안 나와 ||| 그러나! 민주당이 커버쳐줬다! 큰 데 지금은 뭐 얘기도 없네요. ||| 싹다 조사해서 세금 수거하고 감방에 가야 합니다. 이럴수는 없습니다 ||| # 대한민국역대세계의수치였어요 ||| 우덜라인ᆢ전라라인ㆍ민주라인ㆍ좌파라인ᆢ돈은 . ||| 저건 지금 봐도 레전드네 ㅋㅋㅋㅋ ||| 새만금에 뭔가 잇네 요번에도 거의 다 몰빵 시켯던디 ||| 잼버리 개최 전 전북일보에서 ‘ 주관’행사라고 보도한 기사가 있음 ||| 또다시 대한민국이 우덜랜드로 열렸다는게 . ||| 7시는 # 진공청소기 ||| 통합진보당 해산하라! ||| 아 나쁜놈드ㅜㄹ ㅠ ||| 철의장막을 치죠? 처칠도 ㅋ ㅋ 짱~~!!! ||| 정확한 설명에 … ||| 아니 왜 국정조사 안하냐? ||| 깔끔하게 정리해주시네 우덜랜드 ㅋㅋㅋ ㅋ ||| . ||| 도대체 즈그들끼리 짜고 뭘 해쳐먹었을까 ||| 더하면 더했지 덜한 것도 없으면서 어찌 그리 그리 합리적인척은...ㅠ새만금 갯바닥 보고 기절할뻔 ||| # 찌지고볶고먹고 우덜랜드 검색했어요 ㅠ ||| 저들은 돈만 있으면 다 되는 줄 알고, 자기들도 쉽게 다 할 수 있다 생각하는거 같아요 ||| 저런 업체들 은 다 한건지 궁금하네요. 도대체 ||| 이렇게 비싸게 지어도 평당1000만원이면 대리석을 깔고도 남 새만금 건물은 평당 1900만원이라나 세금이 모자라는게 아니라 도둑이 너무 많은것같습니다. ||| 어찌? 저런일이? 나라도 팔아 먹을 놈들? 똘똘 뭉치는거 하나는 ? ||| 그 혈세 간첩질에도 쓰이지 안나 을까 의문이 듭니다 ||| 전라북도 전주시민이었던 저 정말 챙피하네요 ||| 설명 간단명확 . ||| 똥냄새도 이런 똥냄새 다 맡아본다 당장 밝혀라 ||| 제발 독립시켜줍시다 ||| ㅋㅋㅋㅋㅋㅋ진짜 ㅋㅋㅋ 아군ㅋㅋ말진짜잘하시네 ||| 지방자치 지방의회 를 없애야합니다 작은 나라 국제공항이 몇개 필요할까요? 인천공항 하나정도겠지요 여기저기 쓸데없는 공항 시설투자 예산 , 이런거 싹다 없애주시고, 병원 지어주세요 ||| 폭망 그자체, 그 지자체에 무슨 행사 한답시고 돈주면 안됨. 돈만 빼먹고 개판침. ||| 누가 만든게아니고 만들어진것같다. ||| 우덜 ! ||| 조사와 처벌 확실히 해서 책임을 지게 해야합니다!!! ||| 이 영화 진짜 대서특필 해서 메인으로 걸어두고 온 국민이 보게 해야 합니다~~!!!!!! ||| 챔버리 때 어찌 저런수가 있나 비리에 온상이었다 국민 혈세는 누구 호주머니로 들어갔나 조사해라 욕나온다 도둑들을 잡아라 ||| 우덜기업들에. . 결과는 총선끝나고 확실히 파헤쳐야함 ||| 역대 최악 이었죠 비리 수사하라!",0,1
8aEPono3-YE,이재명이 지금 개망신 당한 이유,"이란을 지지하고 반미 친중하고 이런 대통령을 어느 국가 정상이 환영해주냐? ㅋㅋㅋㅋ ||| 여러분!!! 좌파 우파를 앞세워 국민주권 찬탈한 부정선거에 분노하세요~!!!! ||| 국민 전체의 얼굴이 화끈거리는 외교에 자유대한민국의 미래 정말 걱정 됩니다. ||| 국힘 이 이번 g7 국격 떨어뜨렸다고 신설법 통해서 탄핵시켰음 ㅋㅋㅋㅋㅋㅋㅋ ||| 일본 수상은 교토식 돌려까기 해서 이죄명 엿먹인거임. ||| 이럴 줄 아는거라곤 국내서 거짓말로 선동질뿐.. ||| 국민이 왜 저런사람요~ ||| 그건 국민의 몫 ||| 나라 무너지는 소리가 들립니다. 진짜.. 대한민국 어쩌나요 ㅜㅜ ||| 이시다 알본총리 진짜 역대급이다 ㅋㅋㅋㅋㅋ ||| 얘가 그 대북송금한 돈 진짜 왔네ㅋㅋㅋ ||| 점점 언론이 북한화 되어버려서 찬양밖에 할 줄 모르네요.. 그게 가장 큰 문제임 ||| 재판은 시장시절이고 法 쎼쎼 는 대표때고 대선때다 재판 구속 당연하지 ||| 통역사에게악수청한 리찌이밍 ( 국격개망신 ||| 큰일입니다. 조선 방산 이 날라가게 생겼습니다. ||| 범죄자출신이 왔다고? ? 진짜왔네 ㅋㅋㅋ ||| 어딜내놔도 너무 수치스러운 리짜이밍.. ||| 유동규 : 그 는 책 읽는 모습을 한번도 본적 없습니다 ||| 진짜 부끄러운건 국민의 몫인가... ||| 창피하고 너무 속상하다 정말 ||| 언론사들 다 덮어주는거 아닌가 ㅋㅋㅋㅋㅋㅋㅋㅋㅋㅋㅋ 미쳐버리겠다 ||| 절대로 당선되면 안될 사람이 지도자가 된게 아직도 믿겨지지 않네요 이런 저런 사람이 저런 자리에서 뭘 할수 있다고 ? 참 제가 다 창피합니다; ||| 대한민국 국민이란게 . ||| 갑자기 저 취급받으니까 통쾌하고 웃기면서도, 우리나라가 지도자가 이따구라서 저런 취급까지 당해야하나 싶어서 한편으론 씁쓸하네요 ||| 대한민국이 창피한 시기가 온다 ||| 울동네 큰성과있는거처럼 이런 현수막 걸려있어요..첨봐요..염치없는 인간들이 너무많아요.. ||| 멸공! ||| 애국자들은 알 겁니다. 우리나라의 현실을. . 패배주의로 빠져선 안됩니다. 흘린 땀으로 세워진 나라입니다. 깨어납시다. ||| 그라운드씨의 유트브를 동네언니에게 소개해 주었는데 그라운드씨유트브를 보고 우파로 전향했습니다 또언니가 다른분한테도 소개하고있습니다 그리고 그라운드씨 보고 싶으니 건강하세요 ||| 망신, 내가 망신인줄 모르면 망신이 아니다! 개가, 망신을 아는가? 그 주인은 그 개를 ? ||| 한때 국제사회 수퍼스타였죠 그리워지네요 ||| 그라운드씨 김성원 씨 이재명에 대통령 이라고 칭하지 않겠다는 말씀 너무 듣기 좋았습니다 항상 언제나 저 끝까지 지지할겁니다 힘내세요 ||| 대북송금은 헌법 위반아닌가요? 국제법으로 다스려야죠. 왜? 조용할까요? 누가 제소해야하나요? ||| 쉼없는 맨트로 팩트 전해줌에 대해 들어보니 한심스러울 뿐입니다 ||| 현명한 애국 국민분들 다른것 보다 먼저 외칩시다.이것이 원흉입니다.부정선거에 모든게 담겨있어요. ||| 길에서 누굴 만나도 자존감이 무너짚니다. ||| 장담컨대 윤석열 대통령은 참관국으로 갔어도 먼저 손내밀고 웃으며 대한민국 세일즈했을거다 저딴식으로 표정굳어 말한마디 못하진 않았을거다 솔직히 말해 세일즈도 못하는 다 ||| 서양은 손가락질 잘안함. 한국보다 훨씬. 존중없는 행동임 저거 보통 국민 중 누구가르킬 때 손다피고 가르키지 손가락으로 안함. 아무리 부정선거라도 저런걸 하면 완전 국격 녹네 ||| 하루빨리 범죄자를 끌어내려야 나라 경제가 회복됩니다 ||| 대한 민국이 무너지고 대한민국 국민여러분 어떻게 해야하나요 ||| 가짜 를 하루 빨리 끌어 내야 한다니 억울하다 ||| 돈을 쫒으면 저렇게 된다는 확실한 사례와 증거 친히 보여주셔서 감사합니다~ ||| 진짜 대박 터집니다... ||| 난 대통령이라고 생각 없음 저런 범죄자를 ||| 정말 한국인으로써 쥐구멍이라도 있음 숨고싶네요. . ||| -얘가 짐 로저스가 지지해준다고 구라친애야? -응. . ||| 정말 너무너무 감사합니다 우리 성원님 진실은 밝혀지고 우리자유민주주의 대한민국 은 무너지지않습니다! 진실이 밝혀지고 자리잡을때까지 무조건 승리 화이팅!!!! ||| 절대 는 안뽑았어요!!! 한국도 두개로 갈라야할정도입니다 ||| 문재인 지지 하는 사람들보면 진짜 광신도임 ||| 하고 싶기도하지만 국격이 다 떨어져서 너무나 안타깝고,,그 동안 이 나라를 위해 힘써준 모든 분들과 모든 것들이 다 무너져 버린 지금 근데 제대로 알지도 못하면서 품격을 논하는 개딸들 너무 답답합니다 ㅠ ||| 5:07 이사바 속으로 '이 시바' 했겠네 . ||| 아 국밥ㅋㅋㅋㅋㅋ 크게 웃고갑니다 ||| 빨리 끌어 내려야 ||| 윤석열 대통령님 김건희 씨 보고싶습니다 ❤ ||| 저 해외에 거주 하는데 , 이재명에 대해서 잘 알고 , 앞으로 한국에 대해 걱정들 많이 하네요 ||| 언론들 제대로 보도 안하는거 정말 싫어 ||| 내가 다 창피하다. 외교의 달인 모르는. 한심 그자체! ||| 문재인 대통령으로 인정않했네 ||| 진짜 보는 게 민망합니다 트럼프가 안만나주고' 룰라가 손가락질하고.. 관세협상은 정말 부끄럽다.. 이게 뭡니까.. 그라운드씨 세세한설명 감사합니다. 나라가 어찌이리됐답니까.ㅠ ||| 자유대한민국 우리 국민들은 민주주의의 약점을 철저히 파악하고 우리 안에서부터 자유민주주의 정신의 진정한 성찰과 고뇌를 위해 뭉쳐야 합니다. 다들 너무 중심 잡지 뮷하고 계셔서 안타깝습니다. 최후라는 순간에도 살아남는 건 진정한 가치 그것만이 다른 바보들까지 깨닫게 해줍니다. 전 여기 그씨 가 너무 소중합니다. 많은 이가 그씨를 통해 자유시민의 소양을 가득 채우며 담대해 지길 소망합니다. ||| 그럼 언능 건강 쾌유 바랍니다 ||| G7 그 중요한 순간 그는 무엇을 했나? ||| 성원이형 # 멸공 ❤ ||| 윤대통령 다시 돌아 오시기를 기대합니다..그라운드씨 윤대통령께 큰 힘 되시기를 응원~응원합니다 ||| 개딸들과 이재명 지지자들은 진짜 맨정신으로는 이재명 지지 못할텐데.. 참 사람들의 마음이 어두워지고 눈이 와 귀가 가 그들처럼 된다는 걸 깨닫게 되네요~ 영어연설과 기립박수 받은 윤대통령이 십니다 ||| 그라운드씨님 은 분에넘치는 자리에 한번 앉아봤으니 이제 내러오세요 이나라 망하는거 우리국민들 절대 두고보지않습니다. 베네수엘라행 급행열차는 반드시 막을껍니다 ||| 리짜이밍이 NATO에 참석치 않기로 정한 이유는 역시 에 가서도 왕따 신세가 될 것이 뻔하기 때문이다. 영어를 잘못하는 일본 수상보다도 더 못하는 리짜이밍, 정말 한심하다.... ||| 이런 대통령을 맞이한 나라는 망한거구나. 눈으로 는 더하구나 ||| 세계은행과 IMF G7이 혐오합니다 ||| 그 애를 우린 대통령으로 인정한적 없다 부정선거도 드러나야하고 대통령자리도 바꿔야한다 ||| 캐나다 오자마자 반겨주는게 최고 ||| 윤석열대통령 김건희여사님 . 그립습니다❤ ||| 3:20 저거 ㅈㄴ 웃기네 ㅋㅋㅋ 통역이랑 먼저 악수 함 ||| . ||| 얼마 살겠어요? 다 없앨겁니다 ||| # 모란시장 국밥드립에 빵터졌어요 ||| 내가 꼭 저런 사람이 대통령인 나라의 국민이 되어야하냐.. 나 그래도 열씨미 살았는데.. 하아 ||| 다 국민몫이구나~ ||| 이죄명 이 부정선거로 올라간 것. 전세계가 다 알아 ||| 윤대통령 외교 다녀오실때마다 좌파들 은 억측과 가짜뉴스 없애 비행기 를 빌었던게 생각나네.. 윤대통령님은 그많은 수모를 견디시며 외교무대에서 인싸대통령의 모습을 보이셨다는게...참..짠하고 대단했던거였다.. ||| 그라운드씨 너무너무 멋져요 우파의 최고로 빛나는사람입니다 존경하고 감사감사합니다 . ||| 멸공 ||| 찟7 ^^ 간만에 는 죄명이는 뇌가 맑아서 아무것도 몰라요ㅠㅠ 무식하면 용감하기는 하지요ㅠㅠ ||| 왜 없어 ||| 일본수상은 죄명이 앞에서 절대로 웃지를 않네요 싫은 표정이 죠 ||| 이재명 회담 원탁에 안아서 회담 하는대 문틈으로 이재명이 빼꼼 처다보는 영상인대 대게 웃겨요 ||| 계엄에 발작하며 자체발광 하는것은 부정선거 전모가 드러날까 봐 서이다 죄명아 너만몰라 ||| # 국민몫 ||| 외신봤는데 진짜 쪽팔렸음.. 다른나라 수장들이 이재명한테 고 , 리짜이밍은 그걸 보며 실실 웃고 있고.. 아무도 리짜이밍한테 말도 안걸고.. 일본수장은 표정이 딱 ㅡㅡ 이렇고.. 개쪽팔림 ||| 이시바 총리의 표정이 너무 웃겨서 배꼽잡고 웃었어요. 우리가 이래야 되는 가 ||| 눈 녹아 국격이 ||| 뼈 때리는 팩트폭행 감명깊었고... 찢 덕분에 , 한국은 외신에서 볼 때, 우간다나 미얀마급으로 취급되고 있음. . 웃프네요!!ㅎㅎㅎㅎㅎ~* ||| 아우 쪽팔려...전세계에 다소문남..부정선거에 대북송금에..친북친중에...심지어 이재명은 영어도못해..대통령 놀이할려고 올라갔나...그자리에 서 떨어트리고..우리나라 사람들만 쪽팔림 ||| 이재명은 대통령으로 인정할수 밖에 ||| 민주당 은 탄핵 안 하낭 ㅋㅋㅋㅋㅋㅋㅋㅋㅋㅋㅋㅋㅋㅋ? ||| 아직 영상 이 너무 기대된다다른 은 유튜버들도 좋지만 그라운드C님 만큼 팩트로 정확하고 시원하게 때리는 분은 없는 것 같습니다 ||| 힘내세요 . 윤석열 대통령님 우리나라 이대로 무너지지 않습니다 대한민국 우리나라 만세 ||| 그라운드 C 님 감사합니다 ~^^♡ ||| 멸공 ||| 근데 이 분은 진짜 몸 조심 하셔야할듯... 집에 는 방검복 전기충격기 3단봉 곰스프레이 구비해두셔요",0,1
uBBZhBgaw6s,"중국에 넘어간 탈북자 명단, 시작에 불과하다","풀버전 다시보기: ) ||| ""이 세상에 간첩이 어딨냐? ' 라고 말하는 사람을 의심하십쇼. 그만큼 많이 있습니다 ||| 민주당이 기를 쓰고 선거법 개정 반대하는 이유 ㅋㅋ ||| 그라운드C 는 애국자이십니다. 국민들의 스피커가 되어주셔서 감사합니다. ||| 널리 알리지 않는 대한민국 언론 ||| 아니 정말 심각한데 왜 아직도 무딘건 뭐지?? ||| 열받아 듣기힘들다 모두 광화문으로 나와서 힘 모아주세요 애국 국민여러분 ||| 국정원장이 박지원이 됐을 때 이미 우리나라 는 끝났었음 ||| 그 지인이 정보부 있는데...간첩이 너무 많은데 잡을 수가 없답니다. ||| 하...북한 을 좋아하는 사람들....치가 떨리네요. ||| 박지원이 국정원장..기가차죠 문씨도 너무 잘 살고있죠.저것부터 집어넣어야되는데 ||| 방송사 필요없다 그란운드c 너무 좋아 혜성같은 사나이 미래의 희망입니다 ||| 이건 모든 국민이 꼭 알아야합니다 ||| 국가를 위해 적국에서 활동하시다 모진 고문과 숭고한 죽음으로 산화하신 애국자분들께 헛된 희생이 아니 도록 우리모두 행동해야 합니다 ||| 문재인 대통령 반드시 가야…대한민국이 산다… ||| 맞습니다 적극적으로 여러분 힘내십시요 ||| 너무 눈물 나네요.. ||| 국민이 들고 일어나 면 법 보완할수있는방법 없나요 ||| 이적죄로 죄값 받아 ||| 블랙요원 명단 넘긴 간첩 행위한 자들 반드시 잡아서 처벌해야 합니다! ||| 대한민국 국민들 다 들 이런 일들이 심각하고 위험한 일인데. 귀막고 한귀로 듣고 한귀로 흘린다 말입니다. 도둑 은 개도 안짖는다 했다. 큰일입니다. ||| 20대 화이팅 응원합니다ㅠ ||| 오늘 뉴스를 보니.....전방에 는 감시용 cctv도 다 중국에서 실시간 볼수 있도록 셋팅되 있었답니다.....참 기가 막혀서...나라꼴이 어찌 될런지.... ||| 이런 인간이 간첩 본심을 숨기고 서 나라를 팔아먹었는데 얼마 안가고 멀쩡히 개소리 내고있는게 기가 막히다 ||| 간첩이 없다는 인간이 ? ||| 사형제도 부활이 무서워서 부들부들 떨립니다 ||| 와 무섭다.. 안보는 국가유지에 너무중요한 핵심파트인데 저렇게 조용히무너지고있었다니요.. 바로세워야합니다 ||| 양산에 편히 누워있을거라 생각하니 아 개빡치네 ||| 당신 과 같습니다 우리나라에서 꼭 필요한 사람입니다 나라을위해서 일해주세요 ||| 저런 사람이 국가 통치자. 였다는거에 또 너무 소름끼쳐요 나라를 좌경화 시켜놓고 저렇게 두다리 뻗고 잘 살고 있단는게 화가나요 ||| 그라운드 씨. 최고이시며 더 많은 사람들이 이 사실들을 알아야합니다 안타깝네요 ||| 진짜 아무리 생각해도 이런 명단이 다 들 너무 크다 생각이들어요.. 앞으로의 정보전에서도 압도적으로 밀릴 수 밖에 없고 휴민트를 심기 위해 몇십년 동안 연구 한 것 일텐데 그 몇십년의 세월이 다 사라져버렸어요... ||| 선동당하는 국민들덕에 민주주의 후퇴 ||| 와씨 미쳤네..ㅜㅜ 이제 는 어디로가야하죠 ㅜㅜ ||| 이제... 구속시켜라.. . 빛...한전 손실 5조..소주성 경재폭망..북한 보낸000 국가 손실 너무 크다...김정숙 옷값 명품...딸 문다해 사위등 ||| 왜 그걸 모르냐. . 전교조선생들통해 교육에서 싹다 사상을 잘못가르쳐놓아서, 눈이 가려진것이 안사라지는것입니다ㅜㅜ 아 정말 정치, 언론 뿐아니라 교육위해 정말 기도많이 기도 해주세요 ||| 곳곳에 우파유튜버들이 나라를 보고 있다. 고맙습니다 ||| 정말 심각합니다.. 대한민국... 이런 사실을 국민이 알아야 합니다 ||| 답답하고 열 받네요 그라운드 님 감사합니다 진정 애국자 이십니다 ||| 하루 속히 제대로 된 나라를 만들어야 된다. ||| 간첩을 댓통 하면 이런일들이 벌어지는게 당연한거 아냐? ||| 솔직히 절망적입니다. 이미 좌경화 되어버려서 그냥 이대로 라고 합니다. 엄중한 국민들의 뜻으로 잘 헤쳐나가시길 ||| 40대 주부입니다. 주변 친구들이나 대부분이 민주당 지지하는 사람들이고,나이 좀 있으신 분들이 국힘입니다. 국힘지지하면 따가운 눈초리를 주고,인간 취급안하는 이런 분위기..화가납니다.정말 젊은분들이 빨리 깨어나야합니다. 나라가 이렇게 가다가는 정말 공산당이됩니다.그걸왜모르는지 정말 답답해요.정치에 대해 잘 알지못했고,부모님이 박근혜 정권 반대할때도 이해를 못했는데 문재인정권 잡고 아!이래서 민주당은 안되는구나! 망치로 때려맞은거 같았습니다.문재앙이 벌려놓은 저 범죄들 민주당이 만들어 놓은 위헌들 마약,처벌금지법,전교조,종북세력, 예산삭제,이 나라가 다 간첩들이 다 땅사고,국가기밀 다 털리고, 잘못된것들이 셀수없이 많아요.교육도 부동산이며 일반적인 사상이 아닌 공산당인 도 많고, 글 쓰면서도 화가 나네요.문재인때가 제일 심한거 같아요.정말 민주당은 자기네들이 시민들을 위한 정치 말로는 엄청하지만 그 실제 현실을 보면 시민 망하게하는 정책들이 많아요. 문재앙 이렇게 죄가 많은데 감빵 보내야지 왜 못잡는거죠? 너무 답답하고,분해요. 검찰들이 다 빨갱이들인건지.진짜 나라를 이렇게 망가트린 문재인 이런게 내란죄지 진짜 열분 터지네 ||| 위헌정당 해산에 국회 동의 청원을 내고 있네요. 나라를 사랑하는 사람은 모두 참여합시다. ||| 그라운드C님이 방송국가서 100분토론 해서 온 국민이 깨어나게 했으면좋겠어요 정보도 확실하고 믿음이가는분은 ? ||| 이런 내막도 모르고 죄없는 박근혜를 감옥넣고 문재인을 찍은 내손가락이 한스럽네요~ ㅠㅠ 지금에라도 심판을 좀 합시다. ||| 너무긴시간 에 사회교육까지 공산의 빨간물이 들어버렸다 ||| 삼성 현대 기아 엘지 등등 대기업 기술 훔쳐서 해킹 해도 처벌 못하는 게 말이 됩니까? ||| 애국 팀 응원합니다!!!! ||| 아니 저런건 특검 아니고 특검 안해요? 진짜 미쳤나봐 ||| 간첩을 70 여명의 정밀 경호를 해 주고 있는 이상한 나라 ||| 적극적으로 활동해주세요 자라나는 우리 건강한 젊은이들 대한민국에 많아지게요 ᆢ ||| 아직도 계속 맴돈다...얘들아 고맙다! 소름... ||| 박지원이 국정원장있는동안 뭘 또 퍼줬을까 ||| 대한민국 남베트남 큰일 날것 같습니다.. ||| 좌파 친북,종중,친중,종중에게 정권을 맞겨서는 안되는 이유 ||| 선동과 언론조작이 이렇게 무서운지 이제 알았습니다 언론은 믿을수 없습니다 모든 정보를 주시는 그라운드씨 유튜버님 입니다 ||| .대한민국 젊은 이들이여 우리 나라는 완전이 간첩의나라입니다. 여러분 우린 무슨염치로 후손에게 나라를 물려줄수있나요.참으로 한숨밖에나오지않네요 ||| 문가5년동안. 안보. 경제. 입법. 사법부. 교육. 자영업 다무너진 다 ||| 간첩죄를 모든 외국으로 적용하고, 정보사 기능을 정상화 해야죠. 기밀을 몰래 넘겨준 사람도 처벌하고. ||| 진짜 대한민국은 언제 무너져도 이상하지 않은 나라가 고 모든 것이 이제 끝에 다다랐습니다 ||| 간첩행위, 철저히 추적해서 모두 처벌시켜주기 바랍니다. ||| 신념만 가진자를 뽑아 주면 안되는 이유. 더 무서운건 국가의 안보에 구멍 뚫렸는데도 관심도 없는 국민들. ||| 국힘은 이런걸 주구장창 떠들어야되는데 뭐하는건지 모르겠네요. 국민들이 이런 엄청난 을 잘 모릅니다 안보가 다 무너졌습니다. 안보없이 국가가 있을수 . ||| 아 ㅠㅠ 이런 사람을 대통령으로 찍어준 나의 한표 너무 후회합니다ㅠㅠ ||| 진짜 미친 사람이아니야 ||| 와..5년만에 우리나라 안보 정책 내놨네. 어떤의미론 진짜 대단하다. 진짜 대한민국 넘기려했네? ||| 와~~ 저 인간 다 말아먹었네 ||| 정말 안타까운 사안입니다. 문재인과 종북주사파들이 범한 반국가적인 범죄는 반드시 응징해야합니다. 자유대한민국을 수호합니다 ||| 이런 안타깝고 불법이 아닌 이현실에 이런 영상은 널리 알려 줍시다!!!!! ||| 아직도 버젓이 낯선 대한민국 땅에서 경호까지 받으며 정신 못 차린 채로 살아 있다는 사실에 분노가. ||| 문재인이는 도대체 정체가 뭔가요? 진짜 너무 너무 화가 나서 박근혜 대통령 탄핵 부터가 다 이런 각본속에서 돌아간다는 느낌을 받네요. 얼마전 청문회에 광우뻥 기회기한 CP 나와서 쪼개는거 보는데 왜그렇게 화가 나는지.. 그런데 진짜 저런 쓰레기들 제대로 처리 못하는 대한민국 시스템 에 문제가 있다고 생각 듭니다. ||| 국정원 대공수사권 검찰 이관은 너무 뼈아픈 결정 입니다. 간첩들이 이렇게 대놓고 돌아다니는데 처벌도 못하고 큰 일 과 더불어 공산당을 위헌 정단으로 해산하고 국회 입법권의 주도권을 다시 찾아와야 합니다. ||| 진정한 애국자 귀에 잘 들어온 설명 감사합니다 ||| 국민들이 진실을 알아야하는데 참 나라가 아닙니다 ||| 이게 민주당 실체입니다. 에휴 국민 대부분이 이런 것은 관심도없고 ||| 대대손손 천년에 걸쳐 이 저주를 받을거다. 어떻게 세운 대한민국인데 ||| 재인이 감옥안가냐 진짜 범죄자들이 왜이렇게 자꾸 큰소리내냐 ||| 요즘시대 간첩이 라고 하는 사람들 진짜... 하...ㅆㅂ 아니 북한이 바로 서 있는데 간첩이 없는게 이상한거라고! ||| ㆍ국민들이 정신차려야됩니다 문제인 기가막혀 ! ||| 지금 대한민국 위기 상황입니다 계엄령 발령하고 민주당 해산 시키고 검찰 은 수사 원상복구 해야 될것 같습니다 ||| 주사파와 공산당에 의해서 국가안보가 얼마나 무너졌고 위험한 상태인지 잘 모르는 국민이 너무 많은데 잘 정리하고 알려주셔서 정말 정말 고마워요 ||| 북 김정은에게 넘겨준 usb 조사해야 합니다. 무슨 이유로 적에게 넘겼는지 꼭 수사 들어가야 합니다. ||| “ 대한민국의 주적은 북한이다.” ||| 역대 대통령들 다 감옥갔는데 가장 잘못한 문가는 왜 안가는지 이해불가. 본인이 과실이 차고넘치는데 왜 ? ||| 60단위 기무대 출신입니다. 세월호 사건 이후 기무사는 국민 감시하는 집단으로 몰렸죠. 그 당시 국민들에게 욕이란 욕은 다먹었죠 이재수사령관님 돌아가시고 각 대대 해체되고 사령부 해체되었을 때 는 국가를 버리고 싶었습니다. 이 나라는 답이 없다고 생각했죠 이제야 윤석열 대통령님을 통해서 다시금 살아나고있음을 느낍니다. 지금의 이 상황을 이기지 못하면 우리나라는 정말 끝납니다. 10년전 그때 당시에도 방첩부에 특정된 간첩활동 분자들이 상당했는데 지금이라면 이 분야에 더 체계적으로 자리잡고 있 이미 정보기관도 처음부터 다시 재구성해야 할 만큼인거죠 걱정입니다. ||| 속 터지네요~ 나쁜넘이 지금 양산에서 껄껄 거리며 있으니 언능 조사 해서 서 보내야 하는데 ||| 예전 남베트남이 생각나네요 그나라가 왜 망했는지 ||| 진짜 이거 널리알려야하는데 너무사람ㅇ들이 관심없고 김정은보다 윤석렬이 더나쁘다는사람들보면 답답합니다 ||| 민주 민주.라는 단어를 보면 거부감이 생깁니다 ||| 근데 이런 사실은 전 국민이 다알아야한다 진짜 매국노 ||| 진짜 저걸 어떻게 복구 하는 것도 쉽지 않은데 ㅜㅠ 진짜 너무 화가난다!!!!! ||| 윤석열 씨 탄핵부결될때 마다 윤대통령님 임기 2년씩 늘려야함!! 윤대통령님도 부걀될때마다 마다 얻는것도 있어야지. 이런법을 바꿔야함! ||| 이건 간첩죄 뿐만 아니라 여적죄로도 . ||| 보수당은 그때 뭐했어요? 이제 이런 걸 좀 널리 알려야지! ||| 국정원장 박지원도 ? ||| 이 정도로 국정원이 유치원으로 변질 하면 싹쓸어 내고 국정원장을 바꾸고 재편해야 되지 않을까? ||| 글 올리셨는데, 뒤늦게 필기해가며 공부했네요. 교양도서나 소설만 봐도 대학 졸업한지 30년만에 신선한 경험이였습니다. 앞으로도 열심히 공부하겠습니다. 감사합니다. ||| 간첩이 양산에 아방궁 짓고 세금으로 월급 쳐받는데도 아무 제재가 없다니..그저 기가 막히다. 그딴식으로 쓸거면 세금 안내고 . ||| 와….. 진짜 진짜 개박살이 났네요.. 도대체 전정부에서 뭔 개짓거리를 했으면 수면위로 이런것들이 올라와;;;;;;",0,1
BAW-9fArPJE,"[LIVE] 장동혁, 조금만 더 버티면 시즌 대권이다! (시사링크TV 오영빈)","장동헉대표를 흔드는 중도팔이하는자들 당장 청산합시다 ||| 젊은시각 응원합니다 장동혁 당대표님 중심으로 똘똘뭉치면 국민과 싸워 승리합니다 우리가 장동력이다 파이팅!! ||| 이 시각 시사링크 화이팅 멸공 단결 윤 어게인 ||| 노상원 진실된 진술 요구 ||| ㅋ ㅋ 시사링크님 수고하셨습니다 감사합니다 ||| 저도 스트레스 받은적 없습니다 ||| 한똥훈은 당신이 안한 계엄을 사과할 게 아니라, 정말 부끄러운 당신이 한 당게 사태에 대한 책임 있는 사과를 합니다 ||| 절데로 저여론조사는 허위 일겁니다 나는 한번도여롯 조사 받아본적이 없 난 여론 즈사 를 안 믿습니다 ||| 이평생 단한번도 여론조사 전화 온적없다 . 국힘당이다 .",1,0
HdkxmpeZMbw,김치 60kg 이 정도는 기본이죠,우리 여사님 야무지고 지혜롭고 뭐던지 잘 하실것 같아요 사랑합니다 우리 김혜경 여사님 여사님 김장김치 보니 수육 족발이 생각 납 니 다 어쩜 좋아요 수고 하십니다 항상 응원 합니다 여사님들의 모임 화기애애 하고 음식문화도 홍보하시고 나라가 이제야 격을 갖추고 제대로 돌아가는 것 같습니다 김혜경여사님 너무이쁘시다 수고많으셨어요 대사부인님들도 이번기회 김치담가보는것도 그들한테 흥미로운일이죠 우장춘박사님 고개숙여 감사드립니다 박사님덕분에 감사한 마음으로 배춧 잘 먹고 있습니다 감사합니다 지금 진짜 대한민국입니다 세계가 김치에 푹 빠지는 날 기대합니다 여사님 넘넘 사랑합니다 여사님 최고 너무 아름다우세요 항상 응원 합니다 있는그대로 자연스러운 분위기 여사님 김치 홍보대사 아주 친절하고 따듯하게 잘 하고 계시네요 고우셔라 자랑스럽습니다 김혜경여사님 고맙습니다 존경하고 사랑합니다 건강해주세요 힘내십시요 여사님 너무잘하세요 늘 이프 여사님 잘보구있어요 자부심많이가지구있어요 대한민국국민으로써 고맙습니다늘 사랑하고 존경해요 힘내세요 건강하세요 참 단아하고 품격있다 해외에서 김치데이가 있다니 놀랍네요 김혜경여사님 영부인다움 K김치외교 응원합니다 화이팅 맑다 이제 나라가 제대로다 대통령 영부인 다운 나라 안뇽하심니까 이재명 대통령님 충성 울 여사님은 어쩜 이리 싱그러운 봄 느낌이실까효 자랑스런 우리 영부인님 말씀도 참 이쁘게 잘하시고 상대방을 잘 배려하는게 느껴져요 여사님 진짜 너무 잘하신다 인상도 너무너무 좋으시고 여사님 아름다우세요 준비가 늘 되어 있던분 항상응원합니다 히히 댓글숫자가44래서 45번로 바꿨다 내가 잼프 15년하셔야함 사랑스러운 우리 여사님 내조의 여왕 멋진 우리 여사님 우리 큰언니랑하는 김장이라면 하나도 안힘들거 같아요 K푸드 전도사 여사님 행복해보여요 제군들 최종 최강의 김치 김장을 하려면 60kg 정도는 거뜬히 해야하는 것이다 이렇게 크워어어 머꼬싶다 김치 대한민국영부인의 품격 40 60킬로요 여사님 굿아이디어입시다 못하는게 없으신 김혜경여사님 매번 반합니다 너무 자연스럽고 아름다우신 우리 여사님 너무 자랑스럽고 사랑합니다 여사님 이런 영부인을 원한 거였어요 아주 딱이십니다 우리 대한민국의 김혜경 여사님 최선을 다 하시는 노고에 늘 감사합니다 존경합니다 어색하지않고 자연스러운 여사님 하이팅 안팍으로 흐뭇하기 있어요 최고의 대통령과 영부인 영부인님은 소박한 주부 9단이시라 더 정감이 가네요 축하드립니다 지적인 우리 여사님 사랑해용 여사님 최고 진정 자연스러운 한국인 김혜경여사님 항상 건강하세요 사랑해여 영부인님 요리책도 내시고 삼식이 남편님 식사까지 한식 고수중에 고수 경력 짬에서 오는 여유로운 리더쉽 K푸드 진짜 대한민국 화이팅입니다 건강하세요 여사님 마음이 아름다우신분입니다 K푸드 홍보대사 우리 영부인님 김여사님 나라가 밝아졌습니다 열일 하시는 영부인 댁에서 직접 담그시는 김치들도 진짜 정갈하고 맛있을거 같아요 기품있고 아름다우신 영부인님 우리 여사님 내조 보면볼수록 기분좋아지는 장 꾸 쀼 장난꾸러기부부 이재명과 김혜경 줄임말 므흣,0,0
QnGUCpCf-1g,풀버전 튼튼한 지방자치 강력한 균형성장 어서 5 극 3 특,그냥 아프지말구 가만히만계셔도 국민들은 안도하구 믿으면서 잘살수있습니다 내란건만 이라도 빨리 해결돼야 이통과국민들이 한시름놓을텐데 그것만을보구 다같이 힘있게 걸어갑시다 열심히 힘 모으겠습니다 이재명대통령님은 뭐든다하싶니다 최고에 대통령님 나의 대통령님 이재명 대통령님 영구집권 해주세요 역시 지방시대 이잼통님 홧팅 우리 잼통령 이재명 대통령 님 부디 성군이 되시길 바랍니다 역사에 길이남을 잼통령님 사랑합니다 응원합니다 울잼통님 정말 자랑스럽네요 선진대한민국 파이팅 오로지 국민들과 국익만을 생각하시고 전념하고 계시니 국민들은 고마울뿐입니다 대통령님 존경합니다 감사합니다든든합니다사랑합니다 항상응원합니다 감사합니다 일 중독 대통령님 건강도 챙기시면서 업무 보시기를 항상 존경하고 응원합니다 감기 조심하세요 항상 열일하시는 우리 대통령님 나라와 국민사랑 이재명 대통령님 최고 지방 건물들 부실 건축과 시공에 대한 처벌 강화해 주세요 지방은 뭐 다 대충대충 해도 되는건지 이런건 또 지방 텃세 노리고 부실이 고쳐지지가 않음 지방강화 하랬더니 지들끼리 끼리끼리 봐주면서 해먹는 구조는 안되게 철저히 봐 주십시요 지방 도로도 큰비 한 번 오명 폭삭 폭삭 그리고 또 덧씌우기 작업 1년 안에 누더기 도로가 되니 아니 뭔 도로 공사를 이거저거 감안해서 해야지 싶습니다 TV중계로 공직자들이 많이 긴장한것 같습니다 많이 준비된 답변을 들을때마다 이잼님의 효능감이 느껴집니다 잼통령님 5극3특시대 화이팅이에요 균형발전이 지역산업과 경체발전으로 이어지길 바라며 이재명대통령을 응원하고 지지합니다 잼통님 세상끝까지 국민이 지킨다 늘 건강 하시길요 화이팅 대 환영입니다 대통령님 건강관리는 잘하고 계신가요 힘내세요 늘 응원합니다 극 특 잼통령님 사랑합니다 우리들의 대통령 대통령님 왼손번쩍 건의사항 있습니다 전국민 자동차 방향지시등 켜기 운동좀 관계부처에 지시좀 해주세요 자랑스럽다 존경스럽다 감탄이 나온다 우리 대통령님 최고 입니다 5극 3특으로 대한민국을 넓게 쓰겠다 는 대통령님의 말씀처럼 지방시대로 나아가길 기대합니다 좋은하루 되셨으면 합니다 이재명 대통령님은 합니다 이재명 대통령님 오늘도 화이팅 항상 응원합니다 갓재명 대재명 그대가 대한민국 수고하십니다 이잼 화이팅 대한민국 화이팅 코스피5000 가즈아 이재명 대통령님 응원합니다 건강잘챙기세요 대한민국이 강대국으로 가는 길을 열어주시능 우리의 대통령님 추위에 건강하십시오 5극3특에서 중점 지원 사업 미래를 위한 사업 이해는 하나 그렇다면 다른 분야는 다른 분야 지원은 어찌 되나요 5극3특 지원 중에 지거국 없는 울산광역시는 어찌 되나요 대통령님 응원합니다 우리 통님 화이팅 수고하세요 좋아요 수고 하십니다 항상 응원 합니다 하나님께서 세우신 대통령님 새벽마다기도합니다 우리 대통령님 최고입니다 항상 응원하고 있습니다 너무 잘하고 계십니다 충직함 청렴함 소통 성실함으로 무장하고 준비된 천재 위대한 리더 이재명 대통령님 자랑스럽습니다 고맙습니다 존경하고 격하게지지하고 응원합니다 건강해주십시요 힘내십시요 건강체크 잘하고 계시죠 항상 응원합니다 나라망해가는거 뻔히 알아도 사실 표때문에 못했는데 과감히 시도해주셔서 감사합니다 그리고 서울분들 조금씩만 양보해주세요 과장이 아니라 이대로면 저출산으로 국방 무너져서 진짜 나라망합니다 대한민국의든든한마스코트 대통령님 화이팅 감사합니다 오늘도 내일도 화이팅 지금은지방시대 어서 5 3 이재명이웃으면 전국민이행복하다 반갑습니다 대통령님 함께 합니다 잼통령님 감기조심하시고 건강하세요 존경합니다 대통령 각하 내란공범들 곳곳에서 암약하고 있습니다 척결하는데 주저하지 않도록 독려해 주십시요 잘하시고 계십니다 너무 잘하십니다 연임이 안되면 담번 대통령님 되실분이 힘드실듯 잼통님 건강챙기십시요 화이팅입니다 존경하는 이재명 대통령님 계시기에 희망을 버리지 않습니다 존경하는 이재명대통령님 응원합니다 일잘하는 이재명대통령 연임가자 센스는 역시 최고 잼프가 지방을 살릴테니 제발 서울시장 잘 뽑자 애들아 제발 속도감이 장난 아니십니다 너무너무 시원하고 든든합니다 이잼 화이팅 내란 사법부 척결 소중한 우리 이재명 대통령님 부디 건강 챙기심에도 천재명이시길 이재명을 선택한 국민으로서 명령합니다 우리 대통령님 이재명대통령님 Oh Sole Mio 이재명대통령님 연임 연임 연임 국익상승이재명 국격상승이재명 이재명대통령 사랑합니다 이재명 대통령 무조건 임기 무기한 으로 영원히 진짜 대한민국 민주정의 이재명대통령님 진짜 민주정의 독립만세 자주독립 자주국방 대한민국 진짜 민족 역사 이럴때 정신차려 민주당 넉빠져 가지고 똥싸고 뭉게지마라 장꾸 대재명 대법원을 대구로 이전 합시다 헌법 재판소는 제주로 고고고 하고요 검찰청은 청주로 고고고 이재명대통령님 화이팅 밍밍 홧팅 김경수는 문재인 아바타할거면 정치 고마해라,0,0
mUXxgzTy6b8,시사인 사진기자에게 혼나는 박상후,제대로 말했구먼 초상권 침해하니깐 손 대지 기래기 사진사 불법촬영 하고 어디다 손대냐고 짖어대는걸 혼낸다 고 하는거 실화냐 박상후 국장이 점잖네 그럼 너는 왜 찍냐 시사인 이나 나 시청율 나오긴 하냐 니가 사람이냐 박상후 말이 맞는게 증명됐지 박상후님 신사네 불법촬영하고 되려 큰 소리 똥 낀 놈이 성낸다더니 박상후 부장님 화이팅 사람한테 손을 대냐구 란다 그건 할 소리냐 부끄러운 줄 좀 알아라 어른한테 당신의 초상권 침해 불법 촬영은 되고 말리는건 안되냐 이런 창피한 영상이라도 올릴수 밖에 없다는건 급했다는 거지 옛날에 무슨 일이 일어났는지 모르지만 현재 정치사회 분야의 유튜브 채널 중 박상후 기자의 채널이 최고이다 역겹다 박상후 기자님의 문화혁명이 훨신 유익하고 더났다 아 사이다 속이 다 시원하네 역시 시사인은 사이다야,0,1
SwQfHZJi_UI,미국 기자 질문에 동문서답하는 박근혜 대통령,와 진짜 흐미 창피한건 우리몫이지 순실아 질문왔다 뭐라고 대답해야 하니,1,1
AuXnBq1gKDg,풀영상 한상진 기자 안종필 자유언론상 특별상 수상 소감,뭉클합니다 항상지지하고 믿습니다 그땐 죄송했어요 윤석열의 조직에 충성한다는 말 이제야 이해 가네요 후원합니다 축하드리고 죄송합니다 진짜 기자를 몰라보고 기자님 덕분에 진실은 언젠가 밝혀 진다는 것을 알게 되었습니다 후원에 동참하도록 하겠습니다 응원합니다 한상진기자님 말이 옳고 진실보도감사드립니다 힘내세요 응원합니다 축하드립니다 입맛에 맞으면 띄워주고 아니면 저주를 퍼붓는 가벼운 말들에 흔들리지 마시길 기자라는 명예를 걸고 꿋꿋하게 나아가시길 늘 용기 잃지 마시길 응원하겠습니다,1,1
mBq-FvzOLHU,더민주 정책연구위원 천만 원짜리 해외출장의 비밀,어떤 진영이든 깔놈은 까야지 그래서 누구입니까 더민주뿐만이 아니고 대한민국 전체가 이수준입니다 참담한 민도,0,1
_GLRmAmVVts,죄명이 k마두로 되나,배승희 변호사님 국민의 힘 국회의윈되시고 그다음 대표되시고 그다음 보수우파 대통령 대변인되고 그다음 제2의 자유대햐민국 여성대통령님이 될지어다 하나님이 함께하시면 충분합니다 fighting fighting hallelujah amen 제발 이재명을 재판받게 합시다 최고인 배승희변호사님 귀한정보로 국민들의 가슴을 뻥뚫어주시고 귀을열어두고 잘듣고있어요 항상애청하고있고 감사합니다 화이팅 정의로운 변호사님 항상 감사드립니다 오늘도 화이팅 하십시요 진짜 그랬으면 좋겠다 윤석열대통령님 석방하라 제발 그렇게 되길 기도 함니다 배승희 변호사 파이팅 지금껏 들은소식 젤반가운소식 이재명 미국행 정말로 기다려진다 미국이 이재명를 하루빨리 압수해서 국재재판소에 세우기를 바라고 기다려진다 배승희 9월 하늘 청명 9만리 붕새처럼 드높이 멀리 날기를 자유의 여전사의 1등 대한민국 이 제자리로 돌아올수 있도록 제발좀 처리해 주세요 옳으신말씀 감사드립니다 제발 그러되길 간절 빕니다 배승희 변호사님 올바른 빠른 뉴스 항상 감사합니다 힘내세요 끝까지 우파 의 소통 창구와 힘이 되어주시니 저희들은 감사할 다름입니다 국민들이 힘을 보태겠습니다 응원합니다 제발 미국이 이재명 잡아다 북한에 대북송금 사건등 싹다 처벌했으면 좋겠네요 감사합니다 말로만 말고 빨리 행동으로 실행됐으면 좋겠네요 멸공 배승희 변호사님 힘내라힘 파이팅 찢의 대딸들이 어덯게 할찌 모르니 형제 아님 남편과 같이 꼭다니시오 응원합니다 장동혁 대표가 바라는 투쟁 배승희 자유우파 애국자 홧팅요 애국열사 배승희변호사님 정확한 정보해설 정확한 말씀 노고에 감사드립니다 무더운날씨 항상건강유의하시고 힘내시고 행복하시길 빕니다 응원합니다 많은 응원부탁드립니다 멸 공 우리나라로 온다면 최고 좋은일 입니다 기대해도 될까요 발빠르게 올바른 소식을 전해주시니 감사합니다 이쁜 배 승희 변호사님 하나님께서 축복을 내려주실겁니다 아멘 제발이요 항상 감사합니다 어떻게 하든 공산화는 막아야 합니다 배승희변호사님 말씀과 좋은정보 감사합니다 보수유투버님들 다들 목숨 내놓고 일하십니다 보수국민들도 함께 합니다 당연 정치보복 탄압이죠 투람푸 왕 오빠 제발 리죄명 잡아가주세요 진심으로 올바른정치가 되도록 열심히 운동지윈하여 자유민주정부를 만들기위해 온 국민들이 계속 열심히 운동하자 사랑합니다 배승희 변호사님 이세대의 진정한 애국자 이십니다 건강하세요 화이팅 화이팅 배승희변호사님 감사합니다 감사합니다 좋아요 배승희 변호사님 항상수고가 많으십니다 이더운날씨가 계속되고 있습니다 항상건강 하십시요 가열차게 응원합니다 큰용기를 가지시고 힘을내십시오 우리우파 국민들이 끝까지 똘똘 뭉쳐서 지켜드릴것입니다 화이팅입니다 배변호사님 존경합니다 고맙습니다 응원합니다 감사합니다 최고 입니다 건강 빌어요 배승희기자님 최고네요 덕분에 힘이나네요 화이팅 화이팅 화이팅 기운 팍팍 보냅니다 감사합니다 배변호사님 힘내세요 시원시원합니다 배송희변호사님화이팅 배승회변호사님 방송 들을때마다 시윈하고 밥맞남니다 손뻑치고 감사합니다 이죄명 체포소식 감동입니다 경제망치고 돈발려서 정치 후손들 불상합나눈물나내요 전국민들이 들고 일어나야 될것같은데요 들어온걸 놔주고 햔하네요 대북송금 국제법 관타나모 배 변호사님 저는 미국에사는 교포입니다 항상 바른 소식에 감사합니다 그런대 몸조심하십시요 이재명처럼 막가파는 언제 칼을 들이댈줄 모릅니다 배승희최고 수고들하심니다 배승희최고방송시청드고나면속이시원함니다 빨리 현실화되길 배승희 변호사님 감사합니다 힘내세요 응원합니다 하루빨리 이루어주세요 화이팅입니다 건강하세요 감사합니다 저희들은 배승희 변호사님 방송을 보고 희망을 가지고 있답니다 늘 건강하시고 좋은 뉴스 부탁 드립니다 죄명이 는 구속 윤대통령 부부 는 석방 하라 죄명이를체포하라 존경하는 배승희뉴스배송님 강녕하소서 극강담대하소서 적극응원기도드려요 깅 리치님 감사합니다 깊은 사랑에 감사합니다 나라가 공산화 되어 가는게 너무나 두렵습니다 제발 좀 이 나라를 도와주시고 구해 주세요 제발 제발 빨리 도와 주세요 거의 다 망했습니다 하루가 급합니다 배승희 변호사 화이팅 배변호사님 화이팅 하세요 윤어갠 윤대통령님 석방하라 이재명구속 하라 배승희 변호사 오늘도 화이팅 입니다 배변호사님 대단하십니다 배 변호사님 감사합니다 배승희씨가 자유우파를 살리기위해 옴몸을 던져 싸우고 있는것에 항상 감사하고 또한 미안한 마음입니다 항상 배승희씨와 뜻을 같이 하고있고 같이 갈것입니다 내일 회원에 가입할게요 감사합니다 배승희선생님감사함니다 언젠나 잘보고있습니다 화이팅입니 찟재판 재개하라 배승희 변호사님 늘 힘이 됩니다 배승희 변호사님 수고가 많으십니다 배승희 대표님 하나님께서 사랑해요 말씀대로 될지어다 수고많으셨어요 감사드림니다 고맙습니다 제일방송잘듣고있습니다 건강하세요 선생님 덕분에 방송잘듣고 있어 요 감사드림니다 변호사님감사해요 배승희 변호사님 방송 을 너무 잘 하십니다 최고입니다 화이팅 배변호사님 빠른소식 항상감사 합니다 찌맹이 소식 반가워요 수고 했쪄여 돈을 공장에서 찍어내듯이 막 써재끼는데 이빗은 누가값나요 하루빨리 잡아갔으면 좋겠 습니다 배승희변호사님 정말 수고 많으십니다 악수로 억수로 응원합니더 배승희님 응원합니다 맞아요 돈보다 일자리가 최고죠 기업을 죽여 일자리를 없애는 정책 나라 빚 늘리는 돈뿌리는 정책은 미친 짓 배승희변호사님 뉴스 홧팅입니다 범죄자가 지배하는 대한민국 뒤집어 엎어야 나라가 바로 선다 재발 그래으면 만세 만만세 윤통님 복귀 제발 배변호사님 홧팅 이번방미때 구속시켜서야지 빨리 보냅시다 대한민국앞프로힘든나라가올거을생각해보세요 어후 정말 지독하다 그정도까지 갔으면 챙피해서라도 내려와야 정석인데 워낙 철면피라 뻔뻔함이 극치를 떠는구나 김민수 최고의원 배승희변호사님 최고홧팅 끌어 내려 잡혀가 제발요 배승이변호사님갑사합니다 제발 제발 도려내서 없애주세요 배승희 변호사님 늘응원하고 지지합니다 이재명 노란봉트법없세라재발 나라 을국민을 새각해라윤어게인 대한민국 가짜거짓유포하는 공영방송 배승희 유튜브 에서 그나마 팩트로 정치 경제소식 듣게되니 정말 감사합니다 힘내세요 화이팅 함께 합니다 변호사님 잡혀갔으면좋겠다 더 늦기전에 국민들의 결단이 있어야 한다 관타나모 수용소 압송해야한다 말씀을 들으니 속이 시원합니다 제발 잡아가라 발 빠르고 정확한 뉴스 고맙습니다,0,1
jpvcDMOwo40,눈치 없는 이죄명,미국은 범죄자와 대화를하고싶지 않은거지요 배승희변호사님 항상고생이많으시고이죄명의많은사건들과얘기들을 전해주시는것들을 잘보고있어요 항상 늘알려주셔서 고맙습니다 항상응원하겠습니다 오늘도 화이팅 입니다 저자들이 불리한껀은 다삭제했는데 배승희씨가 프린트해놓아서 유익하게 시청합니다 배변호사님 최고입니다 옭은 뉴스을 볼수 있으서 감사합니다 배승희 변호사님 항상 빠르고 옳바른 소식 전해주셔서 감사 합니다 최고 배대표님파이팅 항상응원합니다 나라가 발전을 해야되는데 발전을 하는지 빛만잔뜩 지고 배승희 변호사 님 수고많았어요 윤석열대통령님 모든 불법 정치탄핵 헌재정치파면등 불법 정치구속 석방하고 정상 대통령원상복귀 해야 한다 국민의뜻 우리 예쁜 변호사님 역시 최고 늘 응원합니다 다시 행복한 멋진 대한민국이 올 때까지 힘내주세요 대한민국이 어쩌다가 이렇게 된거냐 일찍들의 원하는 세상이 이런거냐 배승희 화이팅 잘시청했씁니다 담사합니다 배변호사님 건강관리잘하세요 배승희변호사님 응원합니다 옳바른 뉴스 볼수도 없었는데 이곳에서 볼수있어 감사드립니다 아이고 쪽팔려라 이 나라 국격이 추락하는 것은 날개가 없네요 우리나라 역대 어느 정부에도 보도 듣도 못한 일인데 정말 살다가 이런 꼴 보려니 정말 화가 머리 끝까지 치미네요 감사합니다 속이 시원한말씀 굿입니다 화이팅하세요 취소 아니면 연장 조건을걸어요 배승희변호사님 화이팅 찟제명 인생죠졋네요 글쿠나 최고 입니다 배승희님의 칼날비판 항시응원합니다 역시 배짱 최고 고품격방송 25일에 체포되길 미국 워신톤에는 지금 계엄이 선포돼있다 미국법으로 외국수상도 채포가능하다 제발 채포헤서 미국에서 징역 살려라 배승희 만세 최고최고 애국지사 배송배송 배 승희 변호사님 잘 들었습니다 배승희변호사님 무더위에 수고 많으시네요 대한민국이 정상적이 나라로 돌아갈때까지 고생하세요 무더위 여름이 지나가면 겨울이 옵니다 항상 국민의 알 권리를 전해주셔서 감사합니다 변호사님 응원하겠습니다 트럼프가 골프회동 한다닌깐 진짜 골프회동 하는줄 아셨서요 그것은 너만에 생각 인거지 어쩌다 우리나라가 안정이 안되는 나라가 됐을까 뭐가 잘못 됐을까 안타깝습니다 퍀트방송 쵝오예요 배승희변호사님 화이팅입니다 정확한 지적 훌륭합니다 배승희 변호사님 짱입니다fighting figjting 방두몇개더구해야지요 부선언니방 또거시기방 또거시기방 김정숙이가 옷장이 18개였다는데 판결이 무효로났데요 특검왜안하는거죠 국민혈세로 명품채워서 그옷들 어디로갔을까요 문다혜가족들도 청와대서 혈세로 잘먹고 잘살았다는 이죄명 무능그자체 내려와라 제발 건강잘챙기세요 건강하셔야 소신껏 싸울수있습니다 배변호사님의 방송 너무잘듣고있습니다 수고에 항상감사드립니다 오늘도 수고하십니다 한국은 삼권도 무너지고 죄명이가 법이고 국민은 안중에 없는 자이다 오직하면 미국가서 대접도 받지 못하겠냐 제발 외한 죄로 구속시켜주세요 민주당 지그이 한계지 더이상기대할게없는 정당 퇴출이답 나라가 꼬라지 좋네 안녕하세요 반갑습니다 좋아요 Ok 수고많으십니다 오늘도 변함없이 응원합니다 의리 사랑 해피 어느 누가 범죄자와 대화를 할려구 하겠나 대한민국 국격을 완전히 땅바닥에 떨어트리고 있는 현실에 비통할 뿐이다 잘됐네 사기꾼을 어떻게 회담 동호아버지 동호엄마 거봐요 자꾸 찢고 구라치니깐 일이 꼬이잖아요 1호기 타고 법카도 못쓰잖아요 우리배승희변호사님대단해요그런대몸조심하세요 거짓말을 밥먹듯 하는자 믿음이 전혀 안간다 뭘해도 다뻥 전과자에다 불법선거로 당선됐으니 모두알고있는거지 배승희 변호사님 수고많으시고 화이팅 하세요 망신망신 이런 망신이 있나요 배승희님 얼굴이 더 예뻐진것 같아요 감사해요 설명을 얼마나 잘하시는지요 재밌었습니다 배대표님 더운여름 건강 관리 잘 하시길 바랍니다 트럼프 미국 좋아해요 트럼프 대통령이 사람대접을 재대로 하네 리짜이밍 의 추락 끝이없어요 끝이 있다면 부부동반 국립철창호텔 50년행 배변호사님 똑똑합니다 트럼프 이재명 무시하는것 맞아요 배승희 굿 죄명이 외교을 해봣어야지 주먹구구식 안통해 감사합니다 전과4범인대 어느 나라에서 선입견이 없을까 또 뒷말 잘 하는 지도자는 신뢰를 못함 이런 상황을 국내언론에서는 언급도 안해요 악법반대는 우리나라를 지켜줍니다 열심히 하자구요 가짜인게 온천하에 드러나는 순간입니다 신뢰없는 사람이 또 거짓말 한다면 외교는 끝이다 배변호사님 겔럽에서 전화해놓고 말도안하고 끊어버려요 궁금해요 배승희 변호사님홧팅 하나님의 정의가 이 땅에 속히 시행되기 바랍니다 배승희변호사 응윈합니다 배승희화이팅 좋은연락 빨리 빨리감사합니다 배승희 배승희 트 씨는 처음 겪어볼거다 우리는 매일 겪는데 존경한다 했더니 진짜 존경 하는줄 알더라 트 씨도 겪어 보길 배승희님 화이팅 자유 대한민국 윤 대통령 4800만 애국 국민 여전사 배 변 만민세 그러게 는가가랬니 구경한번살려고가겠지 좋은 정보 감사합니다 연말까지 200만 구독자 갑시다 보수최고 유튜브 화이팅 배승희 여전사 배승희 화이팅 화이팅 미국 관세문제 등 횡설수설하는 외교정책에 문제가 있네요 나라경제도 알바 일자리도 없는데 답답합니다 코미디언 보다 더 재미있네 어의없는논평 쯔쯔 트럼프 참 잘하고있습니다 제발 대북송금건으로 체포해주세요 힘찬 응원을 보냅니다 범죄자 쎄쎄 리짜우밍 김혜경 비자거부 존경하는 윤석열대통령님 강녕하소서 극강담대하소서 적극응원기도드려요 배변호사님 파이팅 각자도생 배승희화이팅 감사합니다 기쁨가득한 하루되시소 공항에서 바로 체포 구속하면 좋겠네요 외교참사 충실한 정세 설명 감사합니다 특사가 아니고 사람으로 안 보는 거임 이재명탄핵하자 정상이 아니라 비정상 수십명이 갈건데 그 경비는 또 얼마나 들까 정숙이 혼자 인도 가는데 기내식만 6천 3백만원이 들었는데 헛걸음을 해도 그 돈은 오롯이 우리 세금에서 내 세금 돌리도 일개 통역사를 주미대사로 아그레망 제출한다니 트럼프대통령이 무시 당히는거 같은데 방문기념으로구속 구속 국민에명령이다 배변호사님 건강하십시요 화이팅 배승희 연기도잘해요 뭔 너무 영빈관 관타나모 행으로,0,1
MBT4XkJuHFo,대통령 쿠팡 사태에 과징금 강화하고 징벌적 손해배상제 현실화해야,정보유출 전에 서영교 쿠팡간부 만났는데 이번 사건과 영관성 없나요 신세계나 롯데가 앞장서서 만들면 안되나 국민들이 밀어줍시다 쿠팡을 대체할 업체를 만듭시다 쿠팡불매,0,3
fLEtjM-8Tno,대통령 국가 권력 범죄 나치 전범처럼 처리 이것이야말로 나치 전범 같은 발상,국민이 정신못차리는한 그들은 뭣도 겁내지않는다 이런저런 이씨집단의 악행을 보고도 전혀 느끼지못하는 국민이 더 문제고 방송과 언론의 올바른 보도가 없다면 국민은 거짓된정보만 믿는다 하루빨리 뱀눈깔잡아야 나라산다 마치 자기가 자기를 처벌하는 수준을 말하고 있네요 내란은 없다 다만 계험 만이 있었을 뿐이다 말만 하시지 말고 대책을 말하세요 이재명 일당 민주당 본인들이 한 짓거리를 스스로 자복하는 것이구만 이런 걸 가리켜 적반하장이라고 한다,0,1
FbmI12xCcgA,국장 최대 리스크는 누구다,전쟁중인나라보다 주식시장이 안좋다고합니다 대한민국 지금은 엉망진창이에요 정치가 얼마나 중요한지 한국은 너무 모른다 가스라이팅에서 빨리 벗어나야하는데 국민들의 근면성 성실성을 정치가 다 까먹음 경제위에는 언제나 정치 2024년 투자 리스트로 브라질이 최하위 였는데 한국이 꼴지에서 3등이였음 그나마 이재명정부라서 얼마나 다행인지 주식으로 사기치면 패가 망신한다고 했다 9개월 후에서 왔습니다 대한민국 대통령은 윤석열에서 이재명으로 바뀌었고 지금 코스피는 3700을 돌파했습니다 삼성은 10만전자가 코앞입니다 주가조작하는 놈들 수사도 안하고 처벌도 안하는데 주식투자하고 있는 사람들이 바보 당연한거 아님 정치 사회를 보고 투자를하지 기업 정확하심 자원의 분배를 어떻게 할 것인가가 정치의 존재 이유인데 정치가 개판이면 다 지들끼리 해 쳐먹을 거 아냐 그러니까 정치가 불안한 나라에 투자를 할 이유가 없지 정치가 안정되야 경제가 성장함 그래서 국민들이 정치에 관심을 갖고 투표를 잘해야 합니다 정치도 엉망이고 회사의 주주를 대하는 태도도 엉망이지 투자할이유가없어 이렇게 만든 게 그들 무리다 기득권이면 그에 맞는 품위를 보여 줘야지 돈과 권력에 미친 인간들만 추천하고 뽑게 여론 조작질하고 지들 하수인으로 죄락펴락하며 제도까지 손 보려 하니 누구를 원망하랴 그러니 주가 따위 그닥 신경쓰지 않는 듯 보인다 내국인 투자자들만 발 동동 지경 산업의 배치 장기투자자가 갖여야할 시각 투표 잘하자 하 오호 글쿤요 투표 잘해야 겠네요 정치인들 땜에 국격이 마이너스 본인 안위를 위해 나라는 뒷전인데 걱정이네요 오 무릅을 탁 치고갑니다 생각해 보니 그렇네 기업에 투자 하기 전에 그 국가의 정치 안전 성이 더 우선 하는 것이다 아무리 대단한 TSMC라고 할지라도내란 중이라면 쉽게 투자 못 할듯 내란으로 더 신용이 없어졌고 내란 전에도 주식가지고 장난 친 것을 알고 있습니다 그러니 외국 투자자가 어디 한국 주식시장을 믿고 투자 하겠습니까 정치인들이 위대한 국민 어쩌고저쩌고 현실을봐라 유일한 분단국가 주적이 북한이 아니고 상대당이야 국힘만 사라지면 주식시장 날개를단다 한국 정치는 3류다 지역감정에 의해 투표하고 당만 보고 투표하고 바뀔가능성도 희박 우리도 주식 투자할때 그 회사의 CEO 댐댐이 보는데 하물며 얼릉 국가 지도자를 바꿔야 한다 한국을 대체할 나라 많음 만물 갈라치기 정치 양극화가 세상에서 제일 심한 나라임 그러니 실적이 있어도 주가는 떨어지지 거기에 북한 문제도 있고 정확한 의견 이분은 10년넘게 집값 3배 오르는데 내린다고 하신분 대단하신 광수님 현재는 대통령 바뀐지 육개월만에 코스피 4000 넘었어요 삼성전자는 10만원 돌파했구요 오늘 2025년 현재 전일 코스피 종가기준 4 221 87포인트입니다 정치가 안정되어야 외인자금이 들어온다는 말 정확합니다 맞네 나도 타국에 투자한다고 생각하니 기업도 기업이지만 그니라가 정상적인지 아닌지 먼저 고려허게 되긴하네 선동정치 혐오정치를 선동하고 호응하는 온나라의 문제 25년 에서 왔어요 코스피는 4100을 넘었고 삼성전자는 10만원을 돌파했습니다 이재명 대통령이 상법개정과 주가조작 원스트라이크 아웃제를 시행하고 부동산에 믂여있는 자금을 증시로 돌려 산업을 부흥하려 노력중입니다 좋아요 수고 하십니다 항상 응원 합니다 국힘을 포함한 윤석열 내란 세력들은 대한민국 잘되는데 관심없고 자기들 배 불리는데만 관심있는 이기주의자들이었다 맞습니다 더 중요한건 주주들을 대하는 기업들의 태도입니다 주주환원율 최하위 이걸로 답이나오죠 오빵 나 이번에 주식 살려는데 쫌 비싼거 같엥 내려가게 계엄령쫌 부탁해 으 응 개엄령 O OK 반만 맞는 말이네요 우리나라의 정치문제로 인한 원인보다 재벌들의 순환출자나 고용승계등으로 인한 코리아 디스카운트가 더 큰 원인입니다 한마디로 한국은 오너일가우선주의이지 주주우선주의가 아니에요 이게 가장 큰 이유입니다 더불어의원님들 제발 상법 좀 잘 개정해서 기업하는 사람들이 개미돈 등쳐먹을 생각 못하게 해서 자신의 기업경영에 힘쓰게 해주세요 그래야 외국인들도 투자를 할 겁니다 최근에는 두산이 우량회사인 두산밥캣이라는 회사를 적자기업인 두산로보틱스와 1 1 주식교환해서 순신간에 두산빕캣의 지분율을 엄청 늘리려고 시도했습니다 이게 말이 되는 소리입니까 이러니 한국국장을 벗어나는 것은 지능순이라는 말을 쳐 듣는겁니다 경제계와 재계들은 윤석렬을 끌어내리는데 힘을 모아야 한다 대선전에 삼프로에서 윤도리보고도 이찍한 인간들 결국 대통령이 리스크라는거지 생각보다 민주주의 국가는 민주주의를 굉장히 중요하게 생각한다 미국도 영국도 아주 많이 생각한다 예전 엘라자베스 여왕이 한국에 온것도 김대중 노무현대통령이 한국에 민주주의 뿌리를 내리게 해서 그걸 높이사서 오셨다 바로 옆 일본에서 초청했지만 그건 결국 가지않고 바로 영국으로 돌아갔다 그때 노무현정권이라 조중동 기타 언론에서 다루지 않아 그걸 모르는 사람이 많지 한국의 어쩔수없는 숙명같은 지역감정때문입니다 박정희의 영원히 벗어날수없는 희대의 역작이죠 일단 윤석열 내보내면 오늘 가능성이 있다는거네 윤석열제거 오늘4900 집값 처참하게 무너진다고 하셨던 그분아닙니까 뉴스보고 강연이나 유튭하는거아니죠 왜케 안맞어 인디언처람 계속 폭락할거라고 말하면 언젠가 되겠지 하는겨 뭐여 공부나 사실확인은 하고 유튭에서 떠드는 거입니까 아저씨말 들었는데 그전부터 하나도 공감안옴 전문가마냥 떠들지마세요 전문가도 아닌 사람이 월스트리트 펀드매니저가 단순히 윤석열만 문제라고 판단하겠냐 민주당도 똑같다고 보겠지,1,1
-iUoGreYT4Q,손석희의 질문들 출연소감,현실인식이 늦었던 기득권들은 늘 몰락의 길을 걸었죠 검찰과 언론은 아예 다른 종족이 된 듯 방송 보고 언론이 가장 문제인 것을 알았습니다 진짜 깝깝하더라 그래도 제일 낫다고 데려온 기자의 인식 수준이 그 정도니 기레기란 말이 왜 생겨났는지 아마 죽을때까지 모를 거다 일반 시민인 저도 그 간극을 느꼈다는게 참담합니다 간극이라기보단 나는 모멸감을 느꼈다 뭐랄가 국민이 무지몽매해서 저널리스트 들의 일하는방법을니들은 이해못해 우리가 이렇게 일하는게 문제라고 말하는 니들이 무식한거고 무지한거야를 계속 주지시키는 느낌 언론은 다른 세상에서 살고 있음 저도 보았어요 아 저래서 언론이 바뀔수 없구나를 깨달았어요 역시 유시민 대단하다 짜증내지 않고 얻은 걸 생각하는 삶의 태도를 존경한다 그냥 자뻑하게 내버려 두세요 망하게 이미 나온 폭로보도에 추가보도도 못하는게 우리한테 제보가 왔으면 보도 했을겁니다 국민들이 다 장님인줄알지 현직 기자의 자존심을 넘어 오만과 편견으로 가득찬 신경질적인 태도를 보면서 방송 내내 불편했습니다 저는 방송을 보면서 기자가 국민에게 기어 오르지마 이걸 느낌 화가나던데요 보는 내내 저래서 기레기 소리를 듣는구나 확인하는 굉장히 좋은기회였습니다 뉴스소비자들이 다 아는 사실과현실인식을 현직저널리스트라는 사람들이 모른다는게 문제 그러므로 그들은 그냥 방송종사회사원들 위에서 시키는대로하는 잘은 모르겠지만 지금 언론은 그냥회사고 기자는 그회사의 이익을 주는 회사원이라 생각합니다 전세계 꼴찌 언론수준 저것들은 우리를 무지한 계몽의 대상으로 봅니다 덕분에 우리도 기더기 그 이상으로 안보구요 보는 내내 울화가 치밀었는데 득도의 마음으로 대하는 작가님을 진심으로 대단하다 느꼈어요 기자가 무슨 벼슬이냐 지의견이랑 다르다고 얘기할때 그표정 진짜 짜증스럽더라 김희원이란 한국일보 30년 베테랑이란 사람을 보니 참담하단 소리밖에 안나오더라 비판을 비난으로 생각해 반박밖에 할 줄 모르고 차분하게 토론을 하면 좋은데 언론인이란 사람이 흥분이 나 하고 후배들이 왜 다들 그런가 이해가 가는 부분이었다 사람을 겉모습 보고 완벽히 알순 없지만 풍겨오는 불편한 에너지는 주변에 두고 싶지 않은 사람의 모습이었다 어이없었던건 현정부에게 공격당하고 있다고 하며 여당과 정부우호적인 기사를 쓰며 야당에겐 악의적인 기사를 쏟아내면서 국민들에게 편이 돼달라 왜 도와주지 안느냐 탓하는 모습에 마치 떼쓰는 어린아이를 보는 듯한 느낌이었다 언론은 끝났다 권력화 되었고 상업화 되었다 그나마 있는 공공언론은 정부와 여당 사유화 되어있는 언론의 공격을 받고 있다 깨인 국민들은 끝까지 공공언론을 지지하고 지켜야 할 의무가 있다고 생각한다 지키지 못한다면 그끝은 국민들의 눈과 귀를 멀게 할것이다 썩은열매는 알아서 떨어지기 마련입니다 유시민 작가님 늘 응원하고 애정합니다 그 여자분 언론인이 직업이 아닌 무슨 특권계층이고 엄청난 지식인인냥 말하는게 엄청 웃겼음 그전부터 지금 여권과 대통령실 검찰에 그렇게 따박따박 잘 따져줬으면 지금 대한민국은 세계1등국가 되어있었을 것임 중앙일보 출신 김진하고 아주 징글징글하지 않았나요 개표방송때도 그렇고 갭이야 뭐 어마어마 했잖아요 전원책 홍준표도 저들은 다 서정욱 급입니다 유시민작가님이 계셔서 든든합니다 고맙습니다 존경합니다 기자란 어쩌면 더 권력을 가질려하는 집단 일수도 있다 하여 윤리의식과 소명감이 더 많아야 된다 윤석열 정권이 탄생하면서 우리 국민에게 참 불행한일이 닥친건 맞지만 한편으로는 우리가 무엇을 개혁해야하고 그것을 왜 개혁해야하는지 명백하게 보여주고 확인 시켜줬다고 생각함 앞으로 대한민국이 한번 더 도약할려면 언론개혁 검찰개혁 그리고 경제민주화 이 세가지는 꼭 개혁해야 우리나라의 자유민주주의가 한단계 도약할수 있음 그런 물건을 기자라고 할 수 있나요 기례기 라고 욕먹는 이유를 뭐라 생각할까 시민탓 국민탓 하겠지 진실이 드러나는 대담이었습니다 기자가 왜 레기인지 증명되었습니다 책임은 회피하고 권리만 주장하는 언론인 기레기로 확실히 인시된 계기였음 질문하는 사람들의 문화의식을 높여야만 신뢰가 쌓여지고 상대를 알수있을것 같아요 속터졌어요 책 읽는 내내 공감하고 웃기도 많이 웃었습니다 유시민 작가님과 면전에서 대면하는 기분으로 단숨에 읽었습니다 책을 읽으면서 고전외에 이렇게 즐겁게 읽기는 처음입니다 감사드립니다 유시민작가님 언론인들이 앞서가던 지성인이던 시절은 쌍팔년도에 끝났습니다 지금의 언론인들은 정보유통업체 직원입니다 방송을 보니 기자가 이야기하는 논리의 공허함이 읽히더군요 언론이 문제 라는걸 확인하는 시간 유시민작가님 수고하셨습니다 기레기 확인방송 저도 큰개입을 느꼈네요 과거 일제시대 독재군부시절 기자는 투철한 직업의식과 국민을 대변하는 보람된 직업이였지만 지금의 기자는 정권과 언론 기득권의 개가 되어버렸다 손서키 안 보는 게 좋을 뻔 했다 유시민 장관님 항상 응원 지지합니다 추석 명절 잘 보내셔요 사랑합니다 감사합니다,1,1
PLlZ137YkAE,12 8 월 정부 6개월 조태임 김준일 내란전담재판부 서왕진 조진웅 은퇴 논란 똥 묻은 개 정청래 룰 김근식 박원석 서용주 이기인 김현정의 뉴스쇼,12 8 월 뉴스쇼 뉴스 연구소 정부 6개월 성과 간담회 무산된 정청래 룰 민주 사법개혁 속도전 국힘에서도 강제추행 의혹 CBS 조태임 기자 김준일 시사 평론가 인터뷰 내란전담재판부 위헌 논란 피하려면 필리버스터 제한법 에 대한 입장 조국혁신당 서왕진 원내대표 놓지마 뉴스 방송인 강승희 정치 맛집 조진웅 은퇴 논란 등돌린 찐윤 똥 묻은 개 정청래 룰 당원 1인 1표 김근식 국민의힘 송파병 당협위원장 박원석 의원 서용주 맥 정치사회연구소장 이기인 개혁신당 사무총장 정말 역겨운 사고방식이예요 서용주씨 조모씨가 고3일때 범죄를 저지른게 문제가 아니라요 피해자가 미성년 여고생들입니다 피해자입장에서보면 극악한 미성년자 연쇄강간범이구요 그렇게 따지면 6개월 소년원 처분이 죗값을 다 치룬겁니까 그리고 미성년자 성범죄자가 방송에 그 사실을 숨기고 십년넘게 활동한게 용서해줘야할 이유가 됩니까 죄는 가해자가 아니라 피해자입장에서 바라봐야합니다 고3이라서 너그럽게 봐줘야하는가보다 피해자가 미성년자들이라 봐줄수없는겁니다 서용주 넌 생각 바꿔먹어라 우리가 배우은퇴하라고했냐 비판하는건 자유고 본인이 알아서 내려온거야 그리고 조진웅의 범죄는 죄질이 악질이야 그건 인정하지 그런인간이 그냥 살아가는것 까지 뭐라하는게아니잖아 그런인간이 정의로운 역할맡으며 국가행사에까지 나와서 멋진척하는건 아니라는거지 고3때 그런 범죄를 저지른 조진웅은 나쁜놈 맞아 사람 안변하는거야 감추고 연기하며 사는거지 돈벌어야하니까 근데 적어도 사람들의 우상이 되어서는 안되는거야 저런인간들은 서용주씨 당신 가족이 그런일을 당했다고 생각해보세요 내 가족을 간강성폭행한 사람이 티비에 정의로운 사람인냥 나오면서 괴롭히고 있다고 생각해보세요 그런 생각이 듭니까 용서가 될 범죄가 있고 없는 범죄가 있습니다 그리고 다른 직업은 가져도 대중들앞에 얼굴이 노출되는 직업은 안된다고 봐요 조진웅 지금이라도 밝혀져서 다행이다 소년이라고하기엔 고3이란나이는 거의 성인이고 강도 절도 강간은 죄질이 너무나쁘다 그리고 성인이 된후에도 만취음주운전에 연극단원폭행에 한두개가 아니다 그냥 조용히 본명으로 배우생활하며 살았다면 이렇게 크게 이슈는안되었겠지만 이름까지 바꿔가며 정의로운역할만 맡으면 광복절행사에 국기에 대한 맹세까지하는건 피해자들이 견디기 힘들었을것이다 민주투사인척 하지 않았다면 정의의 사도인척 하지 않았다면 수백억 가까운 돈 벌며 다시 기회를 준 세상에 베풀고 보답했다면 피해자에게 진심어린 사과와 피해를 보상해줬다면 선민의식을 가지고 대중을 가르쳐야할 대상이라 생각지 않았다면 이런 일이 안왔을 겁니다 어이없는 명분으로 사회정의 실현은 민주당이 가장 앞서지않나요 서용주씨 중요한건 본인이 과거의 죄를 스스로 고백하고 용서를 구했는가 입니다 물론 죄질도 연쇄강간이라 극악 범죄라 용서가 어렵지만 스스로 용서를 구한것도 아니고 폭로당하니 그제서야 은퇴 이건 책임지는 자세조차 아닌거죠 강간은 그냥 지난일인거고 자신에게 올 피해는 무서워서 책임지고 사죄조차하지않는 무책임한 모습 절대로 용서해선 안된다고 생각합니다 아니 그냥 단순 범죄도 아니고 성폭행인데 무슨 청소년기에 행한 죄를 가지고 이런다는 말을 하는 서용주는 제정신임 조두순씨도 희망을 갖고 어린이집교사의 꿈을 이룰수있도록 용서합시다 민주당 만세입니다 워 서용주 소름이네 피해자입장에서 생각을전혀안하네 아무리 공천이달렸다해도 말하는 입이 너무무섭다 서용주 진짜 나쁘다 소년때 잘못한거는 어른되면 문제 없다고하면 청소년 범죄 조장하는건가 평생 고생을 하는 모습을 봐야 소년범이 발생을 안하지 인간아 조진웅이 징역을 살고 죄값을 다 치뤘기 때문에 그 소년시절의 범죄를 다시 비난하는 것은 맞지 않다고 생각합니다 하지만 항상 대중에게 노출되는 이런 직업을 가졌다는 것은 분명 문제가 된다고 봅니다 늘상 미디어를 통해 웃고 떠들고 정의로운 모습으로 노출되는데 그것을 보게 될 피해자들의 심정은 어떨까요 아마도 지금까지 그나마 아픈 과거를 애써 참고 살던 사람들 마져도 최근의 정치적 행보와 독립투사적인 이미지를 가져가는 것에 더 이상 참지 못하고 제보를 하게 된게 아닐까 싶습니다 직업의 귀천이야 없겠지만 남에게 지울수 없는 상처를 남긴 범죄를 저질렀던 사람이라면 직업의 종류에 따라 그 자체가 새로운 가해가 될 수 있다고 봅니다 극단적인 예이지만 만약 아동 성폭행범인 조두순이 징역 다 살고 나와서 반성하며 열심히 노력해서 TV 유치원 교사가 되어 항상 TV에 나온다면 그 때도 서용교 저분 처럼 이야기 할 수 있을까요 윤석렬과 내란 동조세력들이 징역 다 살고 나와서 반성했다며 다시 정치를 한다면 죗값 다 치뤘으니 괜찮다고 용납이 가능할까요 만약 조진웅씨가 미디어에 자주 노출되는 사람이 아닌 다른 일을 열심히 해서 성공 했다면 이런 일이 밝혀져도 지금과 같은 비난을 받지는 않았을 겁니다 위에서 언급했듯이 정치적 행보가 이 사건의 계기가 되었을 수는 있지만 이건 정치적 진영문제로 몰고 가서는 안될 일이라고 생각됩니다 어째든 조진웅씨는 이런 일이 밝혀진 이상 연예인 생활의 은퇴는 당연하다고 생각됩니다 다만 미디어에 노출이 잘 되지 않는 다른 영역에서 또 열심히 노력해서 성공하시길 바랍니다 그 때는 저 역시 박수를 쳐 드리겠습니다 이재명은 소년공이지 소년범은아니지 이기인 똑바로 말해야지 서용주 실망이다 서용주님 핀트 진짜 못맞추네요 핀트는 자신의 치부를 들켰는가 고백했는가 입니다 어느정도 성공한 공인이 되었을때 자신의 치부를 고백했다면 대중들이 이해할 가능성이 높았을 겁니다 근데 요번은 들킨 겁니다 그랬기에 대중들이 이해할 가능성이 낮아지는 거죠 서용주씨 조진웅한테 당한피해자가 당신 딸이나 부인등등 가족이였어도 조진웅 용서할건가 피해자가 들으면 너무 힘들거같아요 조진웅이 가해자고 피해자는 지금 이런 다른 의견이 두번의 가해같아요 서용주씨 mbc가 윤석열 바이든 날리면 보도한 건 우리나라에 어떤 공익이 있어서 보도했을까요 윤석열 개인이 아니라 국가 자체가 난처한 상황이 됐었는데요 진보인데도 서용주는 안되겠다 이건 피해자가힘들어서 제보한거다 죄를지엇으면 겸손하게 살아야한다고생각한다 반성이없는삶리 문제다 서용주 본인 딸이 강간 당했어도 그런 말 할 수 있을까 살인 폭력 강도 다 좋은데 강간은 안됨 그렇다고 주홍글씨 매달고 다니란 건 아님 다해 식당 사업 직장 다 다녀 단지 공인으로 tv에 나오지마 피해자가 본다 이기인은 정말 에구 서용주 정치 그안해라 안타갑고 역겹다 서용주 이기인 피해자앞에서 그딴말 해봐라,0,1
z3KFsamDAek,이재명 공범 살려줘 SOS 2023 12 11,판새도 국가에 해를 끼치면 도태시키고 연금도 주지말아야 한다 위증교사 국회의원 뺏찌 때야 한다 국회의원 당선 무효 감사합니다 트럭이 도로에서 얼마나 위험하고 위협적인지 이번건은 유동규씨를 노린 범행같아요 홍준표 죄명한테 뭐 받아먹었나 왜 끝도끝도 없네 지겨워요 빨리 잡아가세요 가둬요 가두라고요 지겨육 밖에는 날리네요 질질 재판 끄는 판사 명단 공개 하세요 국민이 알아야 합니다 대한민국에 살수 없게 해야 합니다 이죄명 빨리 구속했음 좋겠습니다 안전된 나라을 보구 싶습니다 1차로 주행하는 덤프트럭들 신고해서 벌점받고 벌금물게 해야합니다 홍준표 이준석 철저하게 무시하고 관심주지말고 4월총선에 국민들이 보여줍시다 민주당 지겹다 홍준표 는 정치인생 끝내야 합니다 너무나 변득스런사람 범죄자와손잡는인간들은 모두 죄를짓었을 겄입니다 더러운정치인들은 싹을 짤라놓아야합니다 기사를 비밀 미행하여 누가를 만나는지 미행해야 합니다 신한수기자님 정말존경합니다 속이시윈합니다 삼복더위에목마를적에 시원한 물한그릇먹은것같습니다 열심히해주세요 존경합니다사랑합니다 신해식 대표님 수고하십니다 화이팅 재판을질질끄는 판사들은 직무유기로 파면시키는 특단의 조치를 해야됩니다 홍카콜라 지조없다 전과자을 기가차네 저런놈을 끌어앉자고 하는 원희룡장관님 정신차리세요 윤정부 성공시켜야되지않습니까 지지자들을 더이상 실망시키지마세요 준스기는 정치퇴출 시키야 됩니다 저것도 성상납 재조사 촉구 합니다 홍시장님아 시정이나 잘 봐요 제발 홍준표 그입다물라 이젠 얼굴 않보길 바랍니다 왕짜증 이준석 하고 셑드로 내보내야합니다 국힘에 도움이 않됩니다 홍시장님 이제 정치 졸업할때 됏나봅니다 좌 우 분간안되니까 안전된 나라를 찾기 위해서는 명이를 법정구속 시키세요 고장난 벽시계 법원 내규상 재판은 3개월내 처리하도록 되어있는데 그간 규정 위반한자들 모두 징계 처리 하라 내규 위반자들 시민단체가 모두 고발하면 안되는가 홍 준표 중립적인 행동하라 구속이 너무 늦어서 짜증나고 사법 부에대한 불신이 너무 커져만 갑니다 이재명도 나쁜놈이지만 사법 부는 더나쁜 놈들 입니다 애국 보수 자유대한민국을 지킵시다 홍준표는 이재명 편들지 말고 좌파에 이용당하지 마세요 정치와 범죄는 다르다 죄는 해명 될때까지 계속 수사하세요 범죄 수사 때문에 정치가 문제가 생기는것 같이 말하지 마세요 좌파들이 원하는 정치 술수다 이준석은 제가 뭘알고 또 뭘안다고 정말 웃겨요 제가 한일을 생각하면 부끄러워서 국으로 가만히 있어야죠 그냥 쥐뿔도 모르면서 나불나불 지겨워서 국민여러분 국민힘으로 똘똘뭉처야 대한민국 일등국가됨니다 잘살수있읍니다 뭉칩시다 국민여러분 사랑함니다 홍준표 아저씨 와이 카나요 정체가 뭐지요 신혜식 대표님 응원합니다 준표형 은 잘나가시다가 엔진에서 매연 연기가 한번씩 난다 대표님 사람 앞날 모른다고 하지만 이마을 훤하게 내놓고 하늘에 정기을 받아야 출세 한데요 제발 제발 신혜식대표님 발빠른 방송 해설 많은 도움 받고 있어요 윤석열 대통령님은 자유 대한민국의 보배 찢죄명이 됐으면 지옥 천만 다행 뭉쳐야 한다 신혜식대표님수고하십니다 준표씨 잘 가세요 죄명이 준석이 하고 손잡으면 되겠네요 자기당에다가 쓸데없는 소리를 해도 되겠습니까 두 사람이 국민들이 바보로 보이나요 이제 정치도 끝내세요 국민들은 안보고 싶으니까 준석아 말로만 탈당하지 말고 실천을 해라 왜 자꾸 국민의 의미에서 분탕을 치냐 빨리 탈당해 홍춘표는 이제 정치그만하셔라 일명한테 끌려다는는 국힘 백명잠자고있나 시표쓰고 집에가서쉬어라 이준석 홍준표 이젠나가세요 도움안됨 홍준표는 왜 오락가락 하는거에요 그러니 홍준표가 안되는 이유에요 일관성이 없으니 대통령요 당신 마음 쓰는거 보니 뭘해도 안되겠어요 정계에서 이제는 떠나야 할듯 혹시 홍 치매아닌가요 신튜부 신속한 쓴소리 너무 휼 륭하십니다 지금까지도 많이 도와주셨지만 최선을 다해서 나라가 잘살수 있도록 부탁드림니다 왜 윤석열은 이런거하나 제대로 처리못하는지 답답하군요 홍씨 이제 정치 고만 하세요 꼴깞도 이만하면 끝판왕이다 홍가는 상판떼기 부터가 국부로 세워서 외국에 보내기는 우거지 상아닌가 자신을 좀 인정하기 바란데이 구속시켰다 암살당할일 있냐 어떻게 판세 딴건대 준표치매기운이스며들었다 준석아분탕질그만국힘탈당부터해라,0,1
0nM9vw_x3Uw,현장 생중계 광화문 천만 총집결 1230 탄핵기각 행진 2025 03 22,마이산 성호큰스님 한결같이 국민들 각성을 위해 불철주야 애쓰심에 무한 감사드립니다 모든 분들 수고가 많습니다 화이팅 감사합니다 애국시민여러분 신의한수 이선범 기자 화이팅 수고가 많으십니다 언제나 지지하며 응원합니다 진심으로 감사드립니다 전옥현 국정원 전차장님 신인균 국방TV 군사TV 대표님 광화문 1000 만 화이팅 대한민국 바로잡자 가짜국회원 민주당 명단 이재명 박찬대 고민정 곽상언 부승찬 황희 김동아 김민석 김병기 김영환 박성준 이기헌 이인영 이언주 이정헌 전현희 진선미 진성준 김용만 김준혁 남인순 박용갑 송기헌 안규백 오기형 이재정 이해식 장철민 추미애 허성우 문진석 어기구 위성곤 임호선 이훈기 장경태 허영 민홍철 박수헌 윤종군 이광희 이상식 이연희 정일영 황명선 전재수 김태선 이강일 서왕진 정을호 안철수 전국 동시다발 산불 나무도 살아있는 생명입니다 얼마나 뜨거웠을까 사람이나 동물이나 나무나 같은 생명입니다 신인균 회이팅 이천명 국민기자단 굿 아이디어 기사 채택되면 원고료 받을거고 기사 사용하는측도 부담없고 아주 좋은거 같아요 대통령 각하를 위해 모이자 뭉치자 애국가수 고생합니다 홧팅 광화문 애국자님 국민대회 응원합니다 최후 승리를 주실줄 믿습니다 신해식 대표님 진정응원합니다 탄핵각하 탄핵각하 탄핵각하 탄핵각하 탄핵각하 탄핵각하 대표님 화이팅 애국시민이 나라를 살립니다 문형배마은혁 이미선즉각사퇴해라 멸공 감사감사승리는우리것이다 탄핵각하가 정답이다 기각도좋지만 각하가 정답이다 불법탄핵 사기탄핵 각하하라 전국 산불 절대 우연 아닌것 동시다발 하필 강풍 부는날 하다하다 어런 짓 으로 탄핵각하 관심끄고 전국민심을 흉흉하게 만드는 이런일 부정선거처럼 확실하게 조사필,0,1
59QOtw7tdoU,모두가 기다렸던 소식 터졌다 지귀연이 말했다고 은,지귀연편들지 마세요 이미 수사받아야하는 인간입니다 판사가 정상이 아니네 재판은엉망으로 하면서 판결계획을 사적으로 흘리고 다니고 정말 사법부가 정상이 아니네 끝까지 두고 봐야합니다 느슨해지면 안됩니다 사법개혁 막기위한 꼼수에 속지말고 민주당은 속히 진행하세요 국민은 절대 다른 사람들 사법부등 믿지 맙시다 언론들도 믿지 맙시다 풀어준 놈을 믿는다고 내란재판부는 흔들림없이 추진하라 대법원 원장탄핵 촉구 지금도 내란은 진행중이고 그 내란범은 조희대 천대엽 배형원 서석호 박성재 심우정 주진우 지귀연등 법꾸라지 판 검사 내란범들이다 법꾸라지 인면수심 사기 협잡꾼 판 검사 내란범들을 즉시 최고형 엄벌로 처벌하여 내란을 완전히 끝내야 합니다 맞습니다 한국에서 악의 축은 친일파와 가짜보수와 돈먹는 판사 검사 언론이지요 온국민이 속지말기를 촉구합니다 내란재판 막을려는 수작 사형이라고 아이고 또 함정에 빠지지 마세요 방심은 금물 그런놈이 시간계산으로 풀어주냐 절대 믿어면 안되지 근본은 안바껴요 끝날때까지는절대믿어선안됩니다내란재판부는꼭만들어야됩니다 법 꾸라지에게 더이상 시간 끌지 말고 조기대 지귀연 부터 끌어 내립시다 끝까지 믿을수 없습니다 한번 풀어준놈인데 믿으면 절대 안됩니다 정치검찰 정치판사들모두파면 탄핵시켜야한다 지금도내란이계속되고있다 내란척결로이나라의정의를바로세워야한다 법과원칙으로 판결한게 계속되는 기각 지귀연를어떻게 믿냐구 아니 지금 박나래 조진웅 캐비넷 열고있는거보면 진짜 뭔가 큰걸 감추고있다고 느껴진다 윤석열 석방까지 빌드업 느낌이 진짜 크네 아무리 봐도 저 사람 이중첩자 같다 믿을 놈을 믿어야지 엉터리 논리로 우리에서 풀어 준 놈이 그 놈 사형을 때린다고 지귀연 말 믿지못합니다 조희대 지귀연 내란동조범이다 정의를 말하던 윤이 무슨 짓을 했는지를 보시요 성철 소장님 십석열은 사랑꾼이 아니라 가스라이팅 당한 거죠 장성철 같은 자를 계속 방송에 출연 시키는 이유가 뭐지 나라가 어질려운데 국민을 위해서 빨리 결정해야지 응 안믿어 지귀연은 못믿어 아니 절대 연막탄이다 개소리말고 민주당은 지금이 국민이 심판을 바라며 마지막 기회임을 한시도 잊지말라 쓸데없는 예상 필요없고 법대로 법위에 군림하는 법꾸라지 처벌합시다 지귀연이 사형 때릴거라고 삼척동자도 안 믿는다 무기도 안 때릴거임 지귀연에 기대 하지 마세요 안봐도 천만의 말씀 만만의 콩떡 쟈들한테 몰 기대하는지 몰라도 너무 모르네 그래 조그만한 희망이라도 걸테니 제발 말대로 사형이 되면 바랄게 없다 내란전담재판부 못만들도록 농간질하는 장성철 확실한 보도 나오기전까지는 저런 사람들 말 믿으면 안될거 같음 사랑한다니 뭐니 외부에 알려지는 건 사랑하냐 안하냐의 문제가 아니라 연출인 거 모르시나요 감정적인 지점으로 파고드는 거죠 양아치들은 방법을 선택함에 있어서 양심이 없기 때문에 일반인들은 상상할 수 없는 지점까지 펼친답니다 지귀연은 재판하는 방식부터 틀림 내란재판을그렇게 가볍게 엄중한 이진관판사님으로 바꿔야함 지귀연은판사자격이없다장난처럼증인신문하는꼴보기싢어저런인간이판사라는것도한심하다지귀연은석렬이제판을맞길수없는것아닌가요 사랑꾼 조아하네 절대로 안변한다 끝까지 정신 바짝 차려야 한다 지귀연의 말을 신뢰하면 최악의 결과가 닥칠찌도 모릅니다 오직 우리의 판단과 주장을 끝까지 관철시키도록 밀고나가기를 촉구합니다 화이팅하세요 에서 장성철 말하는거 보면 기가참 조희대 지귀연이 나락가는 지름길인데 사형은 무슨 꿈깨쇼 국민들은 더욱 강하게 뭉쳐 대응해야합니다 저런 놈을 불러다가 토론을 하는 스픽스 고마해라 출져도 모를 얘기들을 전언이라고 전하면서 뭐 어쩌라고 지귀연이 사형 미정의 재판 결과를 외부에 말하는 놈이 판사는 맞나 정치평론가 전계완님 응원 합니다 화이팅 장성철이란 사람을 믿을수가 없습니다 애초에 저런자들이 그자리에 가지 못하게 법 을개정하고 만드는게 맞는거 같은데 탄핵하고 해바야 지들끼리 기각하고 법 미꾸라지 빠져나오는데 보완하고 느리더라도 확실하게 제대로 처리했슴한다 사형이 답 국민들 느슨하게 만들구 뒤통수칠라꼬 아니 시간으로 계산해서 한번 풀어준놈인데 기대 한다구요 장성철 사고방식으로는 영부인이 사과 안하는 게 뭐 법적으로 잘못한 겁니까 남편이 부인 사랑한다고 얘기한 게 뭐 잘못인가요 이런 멘트가 나와야지 개혁을피하고 국민적인 동의를얻어낼려고 쑈하는것임 저런놈을 왜 불러가지고 말을 듣냐고 장성철 이 자는 자기 주장을 당연지사인듯 말하네 룸빵 지귀연 전 절대로 믿지않습니다 장성철이 말을 들어야하나 지금은 조희대의사 법내란중입니다 민주당 하루라도 빨리 희대요시 저노마 탄핵하여야 내란종식됩니다 나경원 이성잃었다 정치 끝 그걸 믿나 지귀연은 판결을 하지않고 풀어줄수 있다 왜냐면 섞열이가 귀연의 약점을 쥐고있기에 장성철 패널은 나오지 마세요 여러 방송에서 합리적 보수인 척하지만 장성철은 뱀의 혀처럼 교묘한 말투와 억지로 시청자를 피로하게 하는 인물이다 특히 에서는 그의 태도가 1위 시청률을 스스로 깎아내리려는 것처럼 보일 때도 있다 지귀연은 그래도 못믿겠다 옆에 누군지 모르겠으나 그쪽 놈들은 윤석열 무죄를 주고싶어서 안달이난 놈들이라는걸 모르는군 아직도 굿짐당을 그놈들을 인간으로 보는 얼빠진 사람이 있다는게 경악스럽다 미쳤나 그걸 믿으라고 말하냐 어처구니가없다 지금까지한짓은 뭐다냐,1,1
ygKCuYr-H1E,중진 친윤까지 윤석열과 결별 기류,선거다가오니 머리속이 복잡하것지 선거철 쇼하는거지 나경원 어떻하나 봅시다 선거철 선거철이 다가오니 또 발광을 정신차려야지요 그물이 그물이지 결별하면 좀봐줄수는 있음 또 뺑끼 타임 이냐 저것들은 지들좋은쪽으로 왔다갔다하니 저것들은 빨리해체하라 이제와서,1,1
vijKxXorpGs,이재명 대통령의 귀여운 포즈,울 대통령님 그릇이 큰분 연임제 하면 참좋겠어요 바램입니다 우리 잼프 귀여우심 민주당 만 정치 하자,0,0
HQfuAmvu3iQ,유시민 말잇못 Shorts,로맨티스트 이재명 머리는 냉철하고 가슴은 따뜻한 이재명 의원님 적극지지합니다 유머도 수준급인 우리 재명이 유쾌한 재명이 사랑하게됐어요 진짜 이재명을 사랑할수 밖에 없습니다 갓재명 너무 멋있어 유시민 작가님 남자의 탈을 쓰고 작가님 표정이 압권 유작가님 표정 진심 놀라심 싸이월드 갬성 돋뿜 세 분다 사랑 스럽네요 자랑스럽네요 와우 이재명 사랑받는 국민이 될꼬야 아 이멋진문구 역시 멋지고 사랑스럽고 능력있고 모든걸 다 갖춘 우리의차기대통령 홧팅 사랑합니다 이재명의원님 어려운환경에서도 그렇게 어머님께 사랑을 많이 받으시니 항상 사람이 많은분이시네요 항상 존경하고 사랑합니다 이재명 귀염 뽀짝 장난꾸러기 히힛 웃는 개구장이 싸움 잘하는 칼잡이 뜨거운 가슴 지닌 우리의 진정한 일꾼 맘대로 넘어오면 사랑해버린다 유시민 작가님 사랑합니다 그 오랜세월 미치광이 검찰과 기득권의 온갖 공작과 모략과 모함을 온몸으로 받아내신 분 이재명님 사랑합니다 꼭 대통령 되어서 마녀 콜걸에게 접수당한 이나라를 구해주세요 작가님 오죽하면 그러셨겠습니까 문통에게는 의지하고 싶은 정치인이라면 이재명대표님은 친구같은 정치인임 어깨 두드려서 일르켜 같이 걸어가고 싶은 언능 되찾아 오자구요 나도 사랑해버린다 오글거리지만 이재명에게도 이런 감성이 유쾌한 김어준님 좋네요 마지막 빵터짐 나도 벌써 빠져버렸는걸 이재명 유시민 표정은 이미 이재명에게 빠진 표정이다 이건 퍼온글들인데 성남 시장 떨어지고 그시기라던데 그래서 다들 수긍하는 분위기 이재명 진짜 모든이들의 대통령 너무나 귀엽고 사랑스러워요 이재명 진짜 인제에요 제가 보는 눈이 보통이 아니 거든요 너무 감수성이 풍부해요 진짜 쵝오 완전 남자다 상남자 선거벽보에 저 글귀 중에 한줄이라도 넣었으면 저 싸이 갬성 좋다 좋다 너무웃겨 난여기있으신분들 다좋은데 어똑하지 아 후보님 정말 싫다 다신 저런 글 남기지 못하시게 청와대 보내서 고생좀 시켜야 할까봅니다 유시민님 항상 더 자주 보고 싶어요 활발히 활동해 주세요 와 이재명감동 눈물나 일도 감성도 국민을 위해서도 일잘할듯 잉 눈물난다 재명 미안해 싸이월드생각낰 눈물이 난다 진심 저런글은 낯뜨거워 쓸수도 없는글을 쓸수 있다는거 마음에 없으면 절대 쓸수 없는 말 사랑한다면서요 유시민씨 힘내십시오 처음부터 유시민씨는 변한적이 없습니다 참으로 힘든일인데 존경합니다 지능 천재 감성 천재 능력 천재 국정운영 최고 수장 차기 대통령되셔서 지금보다 우뚝 세계무대 반열에 대한민국을 세워주 세요 유시민 장관님 항상 바르시고 해박하시고 작가 다운 문학적 말솜씨 최고 아 그러네 오글거리는 건 우리몫이넼 아 진짜 웃겨 눈물나 이재명을 알아버려서 가슴이 아프고 늦게 알아뵈서 죄송하고 더 큰일하시고 더 크게 되시라는 결과인가 봅니다 남자의 탈을 쓰고 쓸수있는 글이 아니야 역시 갓재명 사랑할 수 밖에 없는 이재명입니다 안그러면 진짜 사랑해버린다 퍽 난 왜 눈물이 날까 아 이 형님들이 진짜 눈물나게 하네 사랑해 버린다 이렇게 깊은 뜻이 이재명 영원한 우리의 영웅 입니다 이재명 유시민 넘 좋아요 이거 보고 오랜만에 미소지었네요 이재명 지금은당대표죠 진짜 사랑합니다 무조건 응원 진짜 갬성 오져 미치게따 이재명 매력쟁이 꼭 대통령이 되셔야할분 이 재 명 난 벌써 사랑에빠졌는데 어쩌나 이재명 의원님의 로맨틱한 모습을 여자로서 보았습니다 약간 이시대의 최고의 정치인이자 최고의 남편 깜입니다 이재명 멋진사람 능력에 낭만까지 겸비한사람 난 첨부터 알았는데 달달한거 알았는데 천진난만하고 귀염뽀짝 요물인거 알았는데 그래서 1번 찍고왔다는 울집은 5표 낼 부터는 밭갈러 가야지 배경음악 로망슼 넘어오면 사랑해버린다 빨리 청와대 가서 해명해 주세요 이재명씨는 재미있는분입니다 순수하신분입니다 그래서 이런글도 쓸수있네요 넘좋아 이재명의원님 이재명 예전 블로그글들 여초커뮤니티에서 조리놀림 당하고 있어요 귀엽고 오글거리고 그러네요 아 BGM까지도 오늘 다뵈도 넘 잼나겠당 씰데없이 이런 글이나 쓸 시간 있으면 언능 청와대로 가 퍽 이재명 귀여운 구석이 웃끼네 하다가 갑자기 눈물이 글썽 그러기때문에 어려움을 이겨 낼 수 있지 않았을까요 감히 생각 해봅니다 마음이 따뜻한 천재 유시민 작가님 이재명 너무 멋있다 노무현대통령님은 끝까지 지켜드리지 못했지만 이재명의원님은 지켜드립시다 제목 어그로 하지마 놀랐잖아 강강약약 이재명 오래오래 우매한 국민을 이끌어주세요 불의에 눈뜰수 있게 도와주시고 현안으로 볼수있게 도와주세요 유시민작가님 존경합니다 이건 중2병을 넘어선 이것이 바로 잼2병 영원하라 사람냄새나는사람들 이런사람들이 집권해야한다 인간의 탈을 쓰곸 이재명 김어준 유시민 다 사랑해버린다 제발제발 이재명 되길 주변에서 접전이라고해서 너무 걱정됩니다 이재명되겠지 믿고있어도되겠지요 이게 뭐야 와 찐사랑남이었음 감성 잏는 남자 이 재 명 안그럼 진짜 사랑해버린다 오글거려 우리 이잼 사랑하지 않을 수 없어 유시민 진짜 미치게 좋아한다 진짜 이재명 웃기는 사람이야 제발 대통령 되라 이재명후보님께서 대통령인 나라에서 살고 싶습니다 오직 이재명 축복하고 사랑합니다 스윗가이 이재명 SO VERY SWEET 이재명을 사랑합니다 사랑해버린다 이재명을 사랑하게 됐습니다 위기의 대한민국 잘 부탁드립니다 이재명 유시민 김어준 화이팅 항상 보고있지만 끈적끈적한 사랑을 느낍니다 많이느끼고 생각합니다 이것이 서로 허물없는 사랑 이죠 유시민 선생님 보고싶습니다 유튜브라도 나와주세요 사람 냄새가 난다 진짜로 너무 좋은 이재명 눈물나게 좋아하게 됐어요 이재명 후보님 다음에는 청와대에서 보고싶네요 됄때까지 포기하지 않습니다 아 마음이 너무 아프다 진짜 이런 글은 이재명의 탈을 써야만 쓸 수 있음 남자의 탈을 쓰고 보기좋으네 서로 사심없이 믿음이있다는게 부럽다 아 한참 웃었네 유작가님 몸서리치는 모습 아 웃겨 오글거려도 저런 글좀 받고싶따아 감성 넘치고 얼마나 애잔함이있는지 이 글로 알겠습니다 시민 형님은 솔찍하게 이런맘이 있지만 부끄러워서 못쓰잖아요 이재명 대표님이 이런 유머와 재치까지 겸비한 분이실줄이야 도대체 못하시는게 뭔가요 딱 한가지 예쁜딸이 없다는거 유작가님의 위트와 표정도 압권입니다 확 사랑해버릴꺼야 상황은 너무 유쾌하고 좋은데 이런 거 앞뒤 자르고 퍼 담는 기레기 있을까 걱정해야 하는 현실이 너무 싫다 빨리 기레기 청소해서 이런 걱정 안하고 싶다 우리 이재명후보님 어린시절 아주 개구 져셨다더니 귀여워요 문학 최고걸작 이재명 가능성 다분 톨스토이 감성이 복숭아꽃피다 향기와 열매가 더불어 이잼 귀요밍 유시민작가님 멘트 쵝오 어준행님 하하하하 팤 유시민 지지철회라니 저런 글 5년동안 쓸 생각도 못하게 청와대에 넣어놓고 일만 시킵시다 유시민 사랑해버린다,0,0
LSyntWYQ980,한동훈 대 정봉주 검찰의 불러뽕 50억 시찌구리,판 검사출신의 정치금지 꼭 법안 추진하시길 바랍니다 쑥스러워하시는 정세현 장관님 이시대의 참 어른이십니다 저도 읽도록 하겠습니다 항상 건강하십시요 검찰독재 끝낼 분은 이재명뿐입니다 이재명대표님 끝까지 응원합니다 사랑합니다 정세현 장관님 존경합니다 책 구입했습니다 열심히 읽고 세계를 보는 시각을 넓히도록 하겠습니다 나의 유일한 낙은 겸손은 힘들어 다스뵈이다시청 열일하는 김어준 화이팅 국민의 힘을 40 대나 지지한다는게 믿겨지지 않는다 사람도 아니다 저들은 김어준 총수님 감사합니다 쵝고 조국일가는 그어떤 누구보다 더 떳떳합니다 이재명 조국의 깨끗한 삶 인정 봉도사 한번 출연시켜주쇼 총선 완승 정의는 우리가 바로 세웁시다 이재명 대표님을 지켜야만 이재명 대통령 이어야 대한민국이 정상적으로 돌아갑니다 리아님 너무 감사합니다 유가족분들께 큰힘이 될 것 같습니다 다음 총선에서 완승해서 검사 정치 금지 헌법 개정을 반드시 해야 합니다 검찰은 절때정치 못하게 법을 만들어야한다 추운데밖에서 대표님을 응원해주시고 지켜주신 동지여러분 너무너무 감사드리고 또 감사드립니다 먹고사는게힘들어서 함께하지는못하지만 제마음은 동지여러분과함께 하고있습니다 대표님이 힘든조사받고 나오실때 외롭지않게 밖에서 응원해주시고 기다려주신 동지여러분 사랑합니다 곽상도 50억 사건을 담당한 검사 판사들 이름이 길이길이 역사에 남기를 바랍니다 이재명민주당대표 반드시 이재명대통령 해냅시다 김어준 총수님 건강하세요 부패한 판사는 산채로 껍질을 벗겨 판사석 깔개로 만들어 후임판사들에게 부정부패에 대한 경각심을 일깨워야한다 페르시아왕 캄비세스가 했던거처럼 곽상도 아들은 50억 받으는데도 무죄라 참 기가막힌다 더이상 할말없데이 한분의 공무원이 그본분을 다하시고 나머지인생에서도 국가를위해 바른이야기를 담으신것같아서 좋네요 책주문할께요 다스뵈이다 화이팅 정세현 장관님 저 5권 샀습니다 고맙습니다 주변에 선물하고 싶은 책을 써주셔서 고맙습니다 장관님 오래오래 건강하세요 어르신께 위로받는 한 사람 올립니다 감사합니다 조국교수님 가족 모두 사랑합니다 경제가 망가지고 서민의 삶이 무너지는데 너무 늦지않게 이 폭정이 끝났으면 좋겠네요 신이 있다면 제발 천벌 받기를 겸손과 다뵈 시청은 민주시민의 의무 구독과 좋아요는 당연한 의리 애민정신 넘치는 이재명 대표님 조국교수님 언제나 응원하고 끝까지 함께 하겠습니다 조민님도 다뵈 가끔 출연해서 행복한 힐링좀 받아가면 좋겠어요 김어준 오늘은 었던 뉴스로 사로잡으시련지 기데 됨니다 뉴스공장 힘차게 화이팅 하세요 타국살이 중인 교민입니다 이제는 김 총수 얼굴을 알아보는 홍콩인 남편이 김 총수 같이 든든한 스피커가 있다는 건 축복이라고 하는 한 마디에 괜히 우쭐해지는 주말 저녁입니다 다시는 정치 검사 출신 정치 못하도록 시민이 지켜냅시다 총수 고마와요 신변호사님 아픈줄 몰랐어요 어서 나아서 출연하세요 보고싶어요 곽상도50억 무죄에 천불나지만 겸힘뉴공 다뵈 월말 김어준으로 멘탈케어 힐링중이에요 김어준 총수 사 존경합니당 정세현 부의장님 존경합니다 탁현민 비서관 쵝오 재미남 김어준총수를지켜내자 김어준 총수님 존경합니다 정세현 부의장님 존경합니다 김어준의 겸손은 힘들다 뉴공 전세계 1위 동접 가즈아 정새현장관님 애국을위한 애국심은 대한민국 국민들이 반드시 알아야할 의무있다고 생각한다 정새현장관님의 쓰신 책 통찰을 구입합시다 김어준 참 고마워요 행복한 시간 갖게해 주셔서 화이팅입니다 국민을 일깨우기 위해 매월 한번이상은 전우용님과 박태웅님을 꼭 출연시키길 원합니다 정세현장관님 건강히 오래오래 사십시요 항상 존경 합니다 이재명은 정조대왕이후 대한민국 최고의 성군 대통령 이 될것이다라고 확신합니다 어준형 이번주도 땡큐 다뵈 겸공을 모르는 사람들을위해 주제 게스트별 핵심영상 만들어 줘 정보밀도가 요즘 너무 낮아졌어 사법부 검찰 언론 기더기개혁만이답 내년 총선후 꼭 이뤄지길바랍니다 지금도 친구들이랑 술먹으면서 다뵈는 틀어놓고 친구들에게 조국가족재판 과정에 대해 설명중입니다 정말줄요합니다 언론이 이야기를 안해주니 우리가 이야기 해야합니다 우리가 언론이 되야 합니다 이번 기회에 수능점수 필요없이 서울대 의대 연대 의대 수시학종 입학자들 부모들의 통장기록 모두 조사합시다 부정입학자들 모두 도려내야합니다 두려워하는 학생들 많을겁니다 생명을 다루는 학과이니 전수조사하는게 맞습니다 여론조사 기관 조사 첨으로 응대했는데 마지막에 꽃 이라는 멘트에 너무 반가워서 혼자 겁나 아는척 했네요 수고하십쇼 김어준총수 화이팅입니다 곽상도아들50억무죄 이게나라냐 조국교수님 6백만원유죄 요즘 일어나는 일들을 보고있으면 진짜 열받고 짜증나는 일 뿐인데 조국 전 장관님 조민 선생 이재명 대표님 모두 담담하게 또 당당하게 임하시는 모습 보면서 힘을 내게 됩니다 우리 모두 지치지말고 포기하지말고 함께 힘을 냅시다 다시 시작 멋진 방청객분 덕분에 웃습니다 꽃다발받으신 정세헌님도 행복하셨을거같아요 정세현전장관님의 등대지기에서 눈물이 멈추지가 않네요 국가를 사랑하는 등대지기님들에게 진심으로 감사드리며 응원합니다 공공재다 진짜 애국자시다 정세현 선생님 저도 책 샀어요 도착하면 담아주신 내용 잘 흡수할게요 감사합니다 영국은 검사는 선출직에 나오지 못한답니다 우리도 합시다 탁현민은 사람을 사랑하고 존중하는 마음을 타고 난 사람이네요 그게 행사 연출에 녹아있네요 탁현민의 재발견 정세현 장관님 정말 멋진 어르신 책 잘 안읽는데 정말 읽어보고싶네유 탁님 너무 재밌어 선 좋아요 후 시청 김어준은 국보다 누가 뭐래도 건승을 빕니다 이재명 의원님 늘 함께 합니다 존경합니다 의병장어준횽고마워요 덕분에숨이 쉬어진다는 이제 울지말고 더 강하게싸워야 이재명은 죄가없다 내가 살아있는동안 딱 두명의 대통령이 보고싶은데 이재명과 유시민 딱두사람 대통령되는 나라에서 한번 살아보고싶다 오늘 방송 최고닷 큰 웃음과 희망 주는 방송 조국 가족은 우리가 지켜야 한다 우리는 조국 장관에게 큰 빚이있다 큰 빚이 있음을 잊지말아야 한다 정세현 선생님 진정한 어른으로 느껴집니다 바로 책 주문 했습니다 오래오래 뵙고 싶어요 건강하셔요 다음 총선에서 완승해서 검사는 정치 할수 없게 헌법 명시합시다 총수님 조국장관님 억울해서 어떻하죠 오늘 저녁 도이치 뉴스결과 보면서 고구마 천만개먹은 기분이었는데 다스뵈이다 보면서 그나마 해소되네요 공장장님 감사해요 국민혈세로 월급받는 검찰들이 엉터리 수사하고 허송세월 했으니 고발 합시다 말도 않되는 수사로 결국 아무 혐의도 없는데 책임을 저야지요 리아님 출연하신 용기에 박수를 다른 영향력 있는 분들도 용기내서 동참하면 좋겠네여 법을 이용하여 죄가 없는 국민에게 죄를 뒤집어쒸우는 행위는 강력하게 처벌해야한다 검사 판사까지 그래야 나라가 바로 선다 정세현 장관님 멋있어요 존경합니다 건강하세요 정세현님 책 구매했어요 제 아이도 읽게하려합니다 기록으로 남겨주셔서 감사합니다 김어준 총수님 그자리에서 쭉 계셔주세요 다음 총선 압승을 위해 우리모두 힘을 내어 열심히 밭을 갑시다 정세현장관님 항상 통찰력과 혜안으로 저희를 일깨워주셔서 뜨겁게 감사하고 존경합니다 다스뵈이다 겸손은 힘들어 오디오로만 듣고싶다 직업이 운전이라 짬내서 듣기 넘 힘들다 아름다운 사람들의 사랑스런 이야기와 사랑스런 눈길과 훈훈함을 느낄 수 있는 프로그램 이런 프로그램을 만들어 주시는 여러분들에게 고마움을 전해드립니다 누가 나와도 윤가보다 잘할겁니다 정세현전장관님 감사합니다 객원님도 감사합니다 최고입니다 한동훈은 1초도 참지못하고 쉽게 흥분하는게 성인 ADHD 임이 확실하네요 0 00 이재명을 응원합니다 공군사관학교 졸업생 때 가족 영상 너무 감동적입니다 탁현민 너무 잘했다 따뜻한 사람 정봉주 의원님이 한가랑 어울릴듯 하네요 역시 공장장은 혜안이 있어요 검찰공화국 청렴한 이재명 없었다면 검찰이 국민에게 무슨 짓을 할지 끔찍하다 믿을수 있는 이재명이 있어 다행이다 문재인대통령님은 세종대왕급 이재명대표는 정조대왕급 이 두분은 꼭 지켜야 합니다 항상 감사합니다 통찰 미스터 프레지던트 같이 사서 읽겠습니다 검찰의 숨은 만행을 속속들이 알게 되니 정말 죄도 만들어 내는 악독한 단체라는것을 보게 되네요 이런 집단은 정말 사라져야 할 악의 뿌리 입니다 내용 들으면서 어이가 없었습니다 기미독립선언서 호사카유지 교수님 파트에서 결국 눈물을 참지 못했네요 멋집니다 속이 터져 죽을것 같아요 정말 어떡하면 정상으로 돌아갈까요 책 구매 했어요 귀여우신 어르신 이십니다 여론조사꽃에서 전화 받았어요 얼마나 반가워서 저장해도 되나요 전주시민 여러분 자랑스럽습니다 정세현 장관님 고향 우리나라 외교계의 불세출의 영웅 정세현 장관님 정세현장관님을 매우 존경합니다 통찰 꼭 사 읽을꺼예요 감사합니다 꼭 조국 가족들 명예회복을 위해서 나서야합니다 검사 판사 기자 여러분들 진심으로 부끄럽지 않습니까 나는 이 시대를 살아내는 것이 몹시 수치스럽고 이 후안무치 세력에 의해 고통받고 있는 모든 분들께 죄송하고 미안합니다 그럼에도 나의 삶이 무난한 것에 참을 수 없는 비애를 느낍니다 조국 전 법무부장관님과 가족분들 꼭 이겨내세요 이재명 대표님이 검찰에 소환되어 나가는 것을 너무 쉽게 얘기하는 것은 아니라고 봅니다 이재명 대표님 본인은 얼마나 힘들겠어요 지지자인 우리가 볼때도 이렇게 힘든데 민주당은 이재명 귀한줄 알아야합니다 이재명 대표님은 지금까지 오로지 더나은 국민들의 삶을 위해 성실하고 청렴하게 일 해온 사람입니다 그 누구와도 비교할 수 없는 길을 걸어온 사람이고 이재명식의 정치를 지지합니다 우리가 좀 더 많은 응원을 해 줍시다 대한민국의 검사 판사 수준을 보면 수준미달 속히 법개정 하여 바른판단 하게하고 해바라기판사 검사 는 형사처벌 받게하자 79세 할머니 입니다 나이를물을때 70대 라고하면 70대는 다찻다고 전화를 끈는경우가 여러번 있어어요 다음 정부에서는 조국 수사에 참여한 수사관 검사와 재판한 판사 한줄이라도 기사를 쓴 기자와 데스크 언론사 사주를 로수쿨을 졸업한 사람중 판검사자녀나 친척은 빼고 300명쯤 뽑아 특별수사단을 편성해 조국교수와 동일한 잣대와 동일한 횟수의 압수수색과 동일한 죄목으로 티클의 관용도 없이 죄를 물어야한다 이재명 대표님을 지켜내야 통찰 바로 주문했습니다 잘 읽겠습니다 감사합니다 기미독립선언문 너무 감동이네요 우리는 이렇게 멋진나라의 국민이었군요 다시 연대하여 힘을 냅시다,1,1
s-6__aT9V5k,장경태 트라우마 남을 듯 마음 추스르겠다 뉴스 TOP10,진짜 어이없네 완전 미쳤네 만진놈이 트라우마 생기면 피해자는 당장 사퇴시켜라 요즘 범죄자는 트라우마가 남는구나 저놈들은 하나같이 뻔뻔할까 피해자의 트라우마는 먼저 인간이 되어라 교도소에 트라우마 전문 치료사 도입해라 케잌은 무슨 미친 가해자 트라우마까지 걱정해줘야하냐 저인간 모라는겨 권력에 취해 분간이 아직 안되는겨 만약 장경태가 실형받으면 재선의원도 전자발찌 착용하는건가요 그만큼 가해자에 대한 무감각한 도덕성 인간이 부족하니 자기피해의식만 남아 있네 저기요 근데 왜자꾸 피해자인척 하세요 방향 잘 못잡았어요 왜 인정을 못합니까 그놈의 권력이 뭔지 진짜 웃기네 피해자가 남아야지 가해자인 너가 왜 남아 저렇게 뻔뻔하니 버티고 있겠지 민주당은 시간끌기 여론무마 장경태 마음 추수려 퇴출시켜라 범죄자가 큰소리치는세상 그넘이 범죄자니 죄다 범죄자만있네 사이코패스 같은놈 난놈은 난놈이네 국민이 트라우마다 가해자가 트라우마 가해자가 트라우마 남는 대한민국 이게 피해호소인이지 정말 당당하면 저렇게 뻔스럽게 안하고 자숙할 것인데 천벌받아야한다 안될때의 양심 잘 보았습니다 피해 호소인 피해자가 트라우마 남겠지 가해자가 트라우마 남는다고 정신나갔냐 트라우마로 쪼그라든 아랫도리관리 잘하시길 싸이코패스였노 하여간 민주당은 늘 피해자 코스프레 지네들이 유리해 보이는 피해자들만 모아서 마치 지네들도 똑같이 피해자들인 것 처럼 위장하고 무안공항은 안중에 없고 아직도 이태원 어쩌구 저쩌구 무안사고는 피해자들이 없냐구 덮으려하면 반드시 자기내 한태 돌아올것이다 트라우마가 가해자가 느끼는거엿어 범죄자가 버젓하게 당당한나라 참 기가찬다 마음을 추스를게 아니라 사퇴를해야지 웃기네 드러 낫으면 빨리 인정을 하고 사과를 하라 는 겁니다 개쇼하고있다 맞아요 장경태 자중해서 해야지 오죽했으면 방송에 나와서 인터뷰를 했을까요 미친놈들 장경태는쑈의일인자가만히서있다가 픽 쓰러지는 장면은압권이지안나나 아직도 정신못차리는군 피해자 마음은 찢어져도되고 민주당은 장경태 푹쉬게 제명하라 범죄하나 더 저지르고 당대표 나와라 뭔소리야 2차 가해 될수있으니까 말하지 말라는게 여태까지 뭐 하나만 나오면 서로 언급하면서 물어뜯었으면서 어찌 저리도 사람답지 않을까 김진욱아 말조심 조심 도대체 저쪽 인간들의 정신 세계는 참 난해하다 피해자가 한 말인줄 알았네 국힘 대변인은 사퇴했는데 장경태는 왜 사퇴안하냐 세상이 거꾸로 가네 가해자가 트라우마라고 염치가 좀 있어라 장경태 업보를 이렇게 빨리받을줄 누가보면 지가 피해자인 줄 음 가해자한테도 트라우마가 생긴다는걸 너 때문에 알았다 마음은 피해자가 추스려야지 이네 진짜 뻔뻔한 장경태 권력이 있으면 뒤집어 씌워도 되는거야 탈당하고 해결하고 와야지 저게 뭐하는 짓이냐 어이가 없네 야 빨리 짐싸라고 어딜 남아 윤리감찰 하기는 하는거냐 뭐야 얘 계속해 그게 나라 위해 충성하는겨 본인만 생각하고 있는 쓰레기 정치인 가해자가 무슨 트라우마 하여튼 제 정신이 아닌 듯 이것도 국회의원이라고 이런것한테 내가낸 세금으로 세비를 준다니 이런나라가 정떨어진다 민주당이나똑바로빨리사표수리해라 뒷덜미 잡힌 사람이 만약 떳떳했다면 저런 다소곳 한 태도를 절대로 할 수없다 GR도 풍년이다 김진욱 대변인 항상 자기편만 든다 듣기가 매우 힘들다 변사또도 망조들고 아마 트라우마 남았겠지 레벨이 조국 급이네 세상에 가해자가 본인 트라우마 걱정하넼 저런인간 꼭 처벌 받이야한다 현지 누나 도와주세요 여야를 떠나 권력은 국민으로부터 끊임없는 통제를 받아야한다 참으로뻔뻔하네 아 정신못차렸네 본인이 피해자라네 실수는 할 수 있다 그러나 2차 가해는 범죄다 장경태퇴출하라 피해자 트라우마는 누가 책임져 줄까 수사 재판받고 감옥가면 될 듯 뻔뻔도 정도가 있지 장경태 그냥 정신이 이상한듯합니다 불쌍합니다,0,1
yScgk8EKN8I,요청 빗발치자 결국 강유정 대변인 이재명 대통령 손목시계 공개,어떻게해야 구할수 있을까요 이재명시계는 받고 싶다 구매할수있게 해주세요 도대체 어디서 구매할수 있는거얌 소장 하고 싶어요 아 갖고싶어용 내가 바라는 탁시계가 안니구 손목시계 환영함니다 갖고 싶습니다 늘 응원합니다 함께 합니다 고맙습니다 축복합니다 어디서 구할수 잇을가요 시계 구입하고 싶은데요 어찌 하는지 갖고싶어요,0,0
FoAIqud9JNU,장동혁 충청대망론 시작됐다 정치특강,고박사님 늘 수고가 많으십니다 고박사님이 계세서 보수에 희망이 보임니다 우리가 장동혁이다 국힘당원동지여러분 우리가 장동혁대표님께 23총선 공천권까지 손에 쥐어 주십다 화이팅 장동혁 대표님 훌륭한 대통령 되십시오 응원합니다 사과는 절대 없습니다 우리가 장동혁 대표님 믿습니다 이젠 배신자들 척결하고 정리하고 갑시다 고성국 박사님이 리드 를 잘 해주시고 계십니다 충청도 일어나라 충청도 화이팅 장동혁응원 합니다 당원의 소리가 국민의 소리이고 정의의 소리다 정신나간 배신자들은 반드시 깨끗하게 정리해야 한다 장동혁 대표가 잘 하고 있습니다 꿋꿋하게 나가야 합니다 응원합니다 우리가 장동혁이다 장동혁으로 뭉쳐라 국힘 주인은 당원이다 우리가 자유우파다 장동혁 대표님은 인품 성품 리더심 모든걸 갖춘 분이다 대통령으로서 나무랄것이업는분이시다 꼭 나라를 찾읍시다 다들 국힘 당원 가입합시다 장동혁 김민수 격하게 응원합니다 충청도가 중심을 잡아야 나라가 제대로 돌아갈 것이다 장대표님 언제까지 한똥훈이를 봐줄건가요 길어질수록 대표님불리하며 국힘과 찐보수가 힘을빼고 힘들어집니다 고성국 박사님 활약이 넘넘 감사합니다 나라가 무너지 느냐 세워 지느냐 기로에 놓여 있다 당원 가입해서 장동역 대표에게 힘을 실어주자 장동혁 김민수 응원합니다 충청도 장동혁대표와 뭉칩시다 국민의힘 장동혁과 같이 못가면 탈당해라 107명 다있어도 전투력이 없으면 필요없다 비굴한 인간들 나가주시요 장동혁 김민수 지지합니다 화이팅 우리가 장동혁 이다 장동혁이 이긴다 국민들이 속 터 진다 사과는 무슨 개사과 장동혁 화이팅 당심 100 해야해요 장동혁 대통형 김민수 국무총리 이런 라인업 볼수 있을 날이 올려나 응원합니다 우리의대통령 장동역 님 항상 건강하세요 고성국 박사님 감사합니다 그리고 23총선에는 꼭 국회입성하십시요 권영진 우재준 김형동 최형두 윤한홍 조지연 서법수 조경태 이성권서지영도 아리까리 다방빼 강동혁 김민수 응원합니다 장동혁 의원님 절대 굴복하지 마세요 윤한홍은 정말 나쁜자입니다 단물 쓴물 다 빨아처먹고 이제와서 배신하는 이자는 천벌 받을것이다 배신자다 물갈이공천은절데없다 고성국박사님 늘 건강하십시오 조중동 이언론 이 이나라 를 미치돌아가게 만들고있다 권영진 윤한홍 우재준 최형두 조경태 이성권 김형동 배현진 박정훈 서범수 신성범 지역구는공천만 받으면 뺏지 다는곳 이젠 물갈이 합시다 고성국 조원진 도태우 최경환 서정욱 차진아교수님 공천 어때요 좋죠 공감합니다 아직도 박통지지는 하지만 탄핵정국에 아무죄도 없으면서 너무도 무기력하게 싸우지않는 모습에 실망한건 사실입니다 장동혁 대표님이 초심잃지말고 힘들어도 당원들 이끌고 끝까지 싸우길 바랍니다 국힘배신자들은 입다물라 장대표님은 배신자들태풍이몰아쳐도흔들림없이강력히대항하라 인천에는 충청출신인이 40 가 넘는다 이번에는 싸워 볼만하다 화이팅 장동혁 대표 확실히 힘있게 싸워 주시기를 어이가 없네 조선일보 폭망 시켜야함 암튼 국민의힘 배신자들 빨리 정리합시다 서초구에서 탈락 다음기화는 업다 중도는 없다 레거시미디어 이제 의미없다 방송은 정의를 보도하는게 정도다 헌데 거짓을 보도하니 아니면 가정을 이용하는 아주얄팍한 짓만하는 방송이 되어서야되겠나 장대표초고 화이팅 자유우파 소시민인데 보수가 똘똘 뭉쳐도 힘들텐데 이렇게 서로를 씹고 한쪽만 보고 가는가 난세에 인재는 없는가 장동혁대표와 같은 마음을 가지고 같이가자 모두 내가 장동혁 이다 장동혁 대표님 힘내세요 응원 합니다,1,0
YMD7f7lQjEg,오늘 이 뉴스 화장하고 보디가드랑 오더니 연출 에 당했다는 계엄군 2025 12 10,폐기처분만이 답니다 미쳐돌아가는구나 연출 와 악질이다 저 인간 이런 인간을 봤나 아직도 정신 못차리는것들 아 눈물쑈하던 인간이 할 말이 아닌데 진짜 군인 자체를 모욕시키는구나 위증죄 김현태 너의 눈물 쇼 때부터 알고있다 저런 무능한놈 같으니 여태 특공대장 하고 있었다는게 통탄스러울 따름이다 저 놈 구속 안했나 총 들고 간 계엄군이 위협받았다는 말도 안 되는 프레임 장난질이 난무하는 기막힌 상황 재판이 아니라 개판이다 그리고 저렇게 저렴한 자가 군인이라니 그것도 특임대 김연태 저놈반드시 무기징역때려야합니다 헐 진짜 대박이다 쪼잔 찌질 극치구나 끼리끼리 논다더니 하나같이 김현태를 비롯해 국회에 처 들어간 놈들 모두 엄벌에 처해야 한다 대한민국 군인들 다 욕 먹이는 넘인 듯 어찌 저런자가 지휘부에 김현태는 내란범으로 처벌하되 국민을 속인 괘씸죄도 더해 가중 처벌해라 당연히 이등병으로 강등 불명예 퇴출 시키고 사법으로 구속 수사하는 게 옳다 참으로 못난 인간입니다 그것도 변명이라고 하나 저 인간 제 정신이냐 저 상황에서 연기를 한거다 이게 정상적인 인간이 생각할 수 있는 상식이냐 저것들 정말 악마구나 국민도 연출이냐 미쳤냐 그렇다 치자 그럼 니가 거기를 안갔으면 연출에 당할일이 없네 왜 국회를 들어가냐 그게 불법인거야 김현태는 가중처벌 각이네 국회의원에게 국회는 목숨과 같은곳인데 그곳에 처들어 왔으면 죽을 각오해야지 그리고 총이 진짜 생명은 아니지 남의 생명을 뻣을 수 있는 살인무기지 저런 놈이 특수부대 지휘관이 였다니 밑에 있는 부하들은 얼마나 자존심이 상할까 현태야 부하들를 위하는 척 기자들 앞에서 찔찔짜던 너를 국민은 다 봤고 기억하고 있다 저게 특전사인가 창피하다 1년 지나서 고작 생각한게 연출 니가 울고짜고 기자회견한게 연츨이겠지 아직도 반성 못한 내란군들 들어갈 생각도 없으면서 국회정문 카메라 앞에서 큰소리치고 들어가야한다는 보좌관들에게는 시끄러임마 라고 말한 이준석이 한 게 연출이고 국회를 진압하기 위해 출동한 특수부대원앞에서 저항한건 다큐라고 한단다 군인들이 화장한걸 봤다고 그렇게 군인들이 한가한 상황이었냐 골때리네 김현태 이넘을 구속 엄벌하라 도둑이 남의 집 총 들고 들어가서 총에 손 댔다고 탈취랜다 미친놈 울고짜고 기자들 앞에서 지 부하들한테 부끄럽네 어쩌네 하더니 부끄럽지도 않냐 부끄럽지도 않냐고 저러니 군발이 소릴 듣는거다 눈물쏘 그벌인 저놈은 사형이다 저거 로 다 봤는데 진짜 헛소리 대박이다 왜 국회에 군대간것도 연출이라고 하지 누구대가리에서 나온거냐 김현태는 특전사의 불명예이다 내란업무종사자로 반드시 처벌해야한다 현태야 현태야 와이고 현태야 제정신 아니네 저런 인간이 군인 이었다니 어처구니 없다 에라이 정신나갔구나 저 순간이 어떻게 연출된 장면이라고 말 할 수가 있냐 와 잘못 배웠구나 김현태 이놈 니 죄값을 그런 구린수로 넘길거 같느냐 갈수록 법정이 사기꾼들의 연극 무대로 연출 감독은 아니 생방송으로 송출됐는데 미친 것들 저거 조작이면 더더더 엄벌을 해야 함 저런애가 특전사 영관급이냐 나라 망조다 에혀 사형시켜라 저놈은 갱생 불가다 거기 총을 왜 쳐 들고 가셔서 이 난리를 만드세요 머지 보디가드 총든 특전사 안테 보디가드 이게 뭔 개소리신지 도대체 제정신인지 에고 저건 군인도 아니다 그냥 사기꾼이엿네 지귀연 재판 역시 본질을 흐리는게 목적인재판 김현태 저 인간은 내란중요업무종사자로 무겁게 처벌해야 한다 용서받지 못할 짓을 해놓고 반성의 기미가 전혀 없다 또한 법정에서 허위 사실을 줄줄 유포하고 자빠졌다 진짜 저런 게 우리나라 특임단 지휘관이란 게 군인의 명예를 바닥으로 떨어트린 게 바로 이런 내란동조범들이다 이런 내란동조범 하루빨리 처벌하길 바란다 정말 찌질하고 못난놈이네 김현태 단장 본인은 이렇게 변명하면서 피해가고 싶겠지만 기록과 영상은 영원이 남아서 당신을 평가할 것이야 연출은 너의 눈물이 연출이고 야 저 인간 아직도 군복 입고 있어 내란 청산이 진짜 너무 늦다 어떻게 자기 살려고 지밑에 애들을 팔아먹냐 국민이 다봤어 옆에 보디가드가 어딨어 법정에서 허위사실까지 특전사 망신 그만좀 시켜라 국민들이 이런 꼴을 볼수있는게 이게 다 판사 덕분입니다 근데 저걸 저 변소사 들이랑 준비한거아냐 끼리끼리 잘논다 연출 당하려고 국회에 총들고 들어갔구만 진술서 작성 했다는 놈들 싹다 조사해라 전쟁나면 잴먼저도망갈늠일세 시민들도 연출이라고 하지 그래 볼수록 화가나고 저런게 뭔 군인 이제 막 가자는 거지 1년 넘도록 처벌이 안되니 주요임무 종사자 무기징역 뻔뻔한게 이루말할수가 없네 이야 대단하다 진짜 저런게 군인이라고 김현태 야 국가 헌법 법률이 국회라고 입법기관이 국회의원 이고 국회는 군 경찰이 진입을 못한다고 김현태 보니 기자들 앞에서 눈물 짜내며 하던 쇼가 생각나네 이 내란범도 제대로 벌 받아야지 실탄으로 쳐들어 갔는데 화장하고 카메라 들이 댔쪄영 와 진짜 양심 없는 줄은 알았지만 생각보다 더 최악이네 군복 입을 자격이나 있냐 저놈 완전히 미쳤구나 군인을 동원해서 국회를 침탈하는데 국민이 가만 있으라고 당연히 막아야지 계엄하는 날 분장 하고 총 부리 잡냐 코메디냐 미치겠다 나도 분장 할걸 있으면 안되는곳에 특전사가 총기들고 설친게 핵심 아니냐 총기탈취 피해 강도가 집에 캍들고 왔는데 집주인이 칼 잡아당기면 집주인이 절도죄에 걸리는거냐 이번 내란에 반드시 엄한 처벌을 해야하는 사람들 중 한 사람이 김현태이다 계엄 1년 특집으로 mbc 스트레이트에 여태 공개 되지 않은 영상들을 보면서 그날 현장은 정말 무섭고 심각 했구나를 다시 한번 느꼈다 사람 맞냐 이거 뭐래는거야 내란 위증 국민우롱 안귀령 명예훼손 죄다 처벌받길 완전 똘이네 왜 그날 국회에 모인 모든 국민분들도 연출이라고 하지 넌 정말 할 말이 없다 김현태 니가 특전사 명예를 나락으로 보내는 구나 협박과 회유가 어마어마 했겠지만 그래도 이건 아니지 악어의 눈물 흘린 김현태는 진짜 구속해라 10석열처럼 남 탓만 하네 국회에 총들고 창문깨고 불법 계엄군이 정상적인 군인이라고 생각을 하네 그 죄를 다 어떻게 받으려고 1년이 지난 시점에서 또 공작이냐 구제불능 이놈은 일말의 양심도없네 헬기타고 실탄 챙겨서 국회 진입하려던 계엄군 수준 들어봤습니다 아니 니들이 거길안갔으면 안벌어졌을 일이자나 이것들은 꼭 지들이 범죄를 저질러놓고 꼭 남탓으로 돌리더라 애초에 계엄군이 국회를 침탈하러 오지 않았으면 연출이고 쇼고 불가능했다 저걸 말이라고 김현태 저놈은 김용현하고 같은죄로 다스려야함 군인들 생각이 저 인간이랑 똑같은거라면 소극적 대응을 해줘 고마웠던 마음까지도 사라질라한다 진짜 뻔뻔하다 법정에서 안귀령 데려다 물어보면 바로 확인 가능한 상황 그러면 김현태는 위증죄까지 추가다 지귀연은 안귀령 불러라 야 저런게 군인이었다니 참 나 진짜 할 말이 없다 혼자 살고 싶어서 생각한게 그거야 이렇게 걸러진게 잘된건지 나 탐 진짜 할 말이 없네 아이고 저 모지리 아직도 저들손에 놀아나고 있네 또 질질 짤라 전 국민이 생중계로 다봤는데 징하다 징해 저것들 언제 감옥가냐 갑지기 벌어질 일에 연출을 했으면 미리 알려줬냐 저런 놈들은 단순 가담자가 아닌 적극 가담자로 사형을 해야한다 어디서 개구라를 미친놈 본인들이 무슨 짓을 했는지는 1도 모르는건지 반성할 수준이 안되는건지 대한민국이 갈 길이 멀어 걱정이다 김현태는 반드시 내란 주요임무종사자로 처벌해야 한다 총을 들고 있는 특전대원이 아무런 흉기도 안가진 사람에게 위협을 느꼈다 이게 우리나라 특전사다 개판이네 그런상황을 연출할수 있다고 생각하는 저런놈이 장교라니 한심하네 니 진술이 사실이면 정말 대단한 안귀령이야 그 순간 그 연출이 가능하면 뭘 맡겨도 잘할거 같은데 김현태 정말 나쁜 놈이네 특전사 총기를 여자의 몸으로 탈취 김현태는 확실한 내란세력 증명 이등병 강등시키고 군법재판 내란가담죄로 영창에서 무기징역 때려랴 한다 와진짜 내란재판부 바로 설치해서 시작하자 비겁한 인간 내란견 말대로라면 안귀령 대단하네요 그 긴박한 순간에 그런 연출이 가능하다니 여장부가 따로 없네 저놈 뭐야 저따위 막말하네 김현태 너로인해 특전사 집단이 쓰래기라고 소리 듣는거야 너의 눈물 연출에 전 국민이 당했다 이것아 아우,1,1
DHvZsQP5KZs,전 국민이 당하고 있다 급여 명세서 봤다 분노 폭발 모아보는 뉴스,국민연금 건강보험 진짜 떨어져 나가는거 볼때마다 가슴이 아프다 세금뜯어서 외국인들 보험료혜택주는데 그런거왜하냐 자국민혈세뜯는 미친나라 외국인과 중국인들의 건강보험료를 제한하라 국회의원을 줄여라 국회의원 최저임금만 받게해야됌 그렇게 일해야 진정성이 보이지 일좀해라 국개의원들아 도대체 언제적 세율을 쓰고있는거야 25만원 주면 매면 250씩 뜯오가겠지 뺏을땐 개같이 뺏어가는데 운영은 같이하네 연말정산 전까지 서둘러 개정해서 소급 해줘라 아 뭔가 급여가 줄었네 생각한게 기분탓이 아니었구나 자 이제 누가 진짜 내란이지 4대보험료율 인하해야됨 공단합치고 인력줄이고 사무실운영비 줄여라 그거 다 우리가 강제로 뺏긴 피같은 돈이다 건보료 넘쳐서 지들끼리 돈잔치 하더만 호텔식 경제학의 예견된 결말 건강보험 6000억원 횡령은 어떻게 된거지 안쉬고 풀로 일해도 월급 400이 힘드니 살기 싫다 세금 연금 건보료가 너무 오르고 있다 정부가 너무 뜯어간다 임금은 1 오르는데 너무 심한 거 같다 세율 낮춰라 점점 힘들어진다 눈먼 돈이 줄줄 센다 건보료좀 줄이자 병원 많이다니는 사람들한테 더 떼어가라 고3에게 돈 퍼주는것은 내년 지방 선거 공략인가 월급이 왜 더 적게 들어왔나 했더니만 이거때문이네 세금은 다 떼어가놓고도 증여세 상속세로 또 다시 절반 떼어가는 세금 공화국 나라에 도둑놈들이 너무 많다 이 나라는 전국민과 기업들이 온힘을 다해서 정치인들 300명을 먹여 살리는 기행적인 국가임 25만원 주는게 리짜이밍 본인 재산 나눠준줄 아나 다 우리 세금으로 나눠주고 생색 낸거잖아 퍼준만큼 더 걷는거지 아휴 직장다니면 뭐하냐 세금으로 다빼앗기고 연금도둑맞고 국회의원 월급은 매년 올린다 국민 월급은 이핑게 저핑게를 되지만 국회는 매년 올려 로또직 건보료 적자 외국인 부분만이라도 손봤으면 외국인들한테 자꾸 퍼주니까 그렇지 게다가 국회의원300명의 연봉 인상한다는 소문이 자자하더라 이러니 나라꼴 잘 돌아간다 참나 인구는 줄어가는데 국회의원도 당장 줄여라 100명도 충분히 운영된다 그리고 국민들 용역 하청 없애고 정직원 전환 안건을 올려라 대한민국의 미래가 한심할따름이다 지금도 중국인들 돌아가면서 실업급여 타먹는거나 관리감독해라 불필요한 습관성 진료 제한해야 함 진짜 개빡치더라 월급 조금 오르면 무슨 몇만원을 더 때감 임기 반년만에 몇번을 올리는거임 민생쿠폰 주고 세금 올리지 맙시다 민생쿠폰 안줘도 됩니다 그만큼 세금을 올리지 말아주세요 국회의원 이것들은 세금 잘 거두고 있는거 원급은 너무 많은거 아닌가 쫌 줄이자 이 외중에 국민연금 건보료 매년 올린다고 함 정치인들 세비 삭감 5 1 화폐가치 하락 2 물가 상승 3 세금 인상 이 나라는 망했다 국회 지들 세금은 안내려고 신경도 안써 이래서 세금 안 내는 사람들이 이런거 미리 다 알고 안 낼려고 하는거구나 법이 같고 내가 벌은돈이 결국 다른 사람들한테 전달되고서 쓸떼없이 누군가가 이득을 취하니까 중요한 민생과제는 뒷전이고 방탄만 하고 있으니 국민이 죽을 지경 정치인들 싹 다 갈아엎어야 할 마지막 시점 일좀해라 국개의원들아 25만은 삥을뜯기 위한 빌드업 지갑이 얇아지는게 아니라 없어졌다 소득공제가20년전 기준을 그대로 하고 있으니 국민연금 깡통되어간다 국민연금제도 폐지해라 민생회복이 어쩌구 국민들한테 펑펑 받으신 돈으로 잘 찍어 주셨죠 이제 갚으셔야죠 소비쿠폰 뿌리지말고 직장인 세금좀 낮춰줘도 효과있을듯 열심히 일하는 사람한테서 강제로 뜯어가서 게으르고 나태한 자들에게 인심쓰는 평생을 놀고먹고 한푼없는 땡거지들에게 임대아파트 입주시켜 주거비 지원해줘 쌀 김치 등 부식지원해줘 난방 전기 수도료도 지원해줘 돈도 줘 이게 다 열심히 일한 사람들에게 뜯은 돈이다 근로소득자들 진짜 조세저항해야된다고 봄 는 예전만은 못하다는 느낌은 받지만 그나마 중립적인 것 같음 방송이나 댓쓰는 님들이나 국민 세금내는 사람 이 와중에 고3 수험생들에게 현금살포를 하다니 진짜 미친거임 미친 세금나라 국민연금 건강보험료 근로소득세 오르는거 봐라 이게 정상인가 싶다 중산층이하 말려 죽일 기세다 중산층이하는 점점 가난해지고 부유층는 낮은 금리로 대출받아 아파트 잘 사고 공짜로 쓸데없이 줄때 정신차렸어야지 돈받으면서 이럴 줄 몰랐다는 소리가 나오냐 세율 좀 조정해라 금융소득종합과세 기준도 좀 조정하고 건보료 44만원정도 냄 회사가 또 반을 내니까 내 몫으로 90만원 가까이 건보료만 나라에서 받아가는거임 열받는다 공짜로 퍼주는거때문에 그런거야 우리는 세금노예 그렇게 퍼주는데 세금이 안오르겠나 안주고 삥뜯지말라 쎄삐지게 일해서도 공산화되는 중인걸 모르는 불쌍한 국민들 갈수록 삶이 힘드냐 지금 세금이 문제인줄 아냐 한은에는 돈을 미친듯이 풀고 있다 세금보다 돈의 가치가 떨어져서 가난해 지는게 더 크다 조만간 당연히 환율 오르고 물가도 더 오를 거다 줄때 좋았지 세상에 공짜 점심은 없다 돈 풀었으니 회수 해야지 당연한 수순 세금은 그렇게 떼가도 괜찮은데 그걸로 뻘짓하니깐 열받는거다 이제 알았냐 배급줄때 좋타고 신났지 100배는 뽑아간다 정신들 차려라 나라가 위험하다 일부러 사회분위기를 이렇게 만드는건가 노력하는사람은 점점 더 프레임 씌어서 압박하고 노력 안하고 배까고 배째라 떼쓰는 사람들은 다 퍼주고 이게 맞는거냐 진짜 불필요한 지자체 공무원만 정리해도 세수 확보는 충분하다 민생지원금 줄때 알아봣어야지 국개 세비는 더 오를걸 자꾸 국회의원 공약을 거니 누구든 직장인돈만 뺏어가니 글치 나쁜놈들 공시지가도 계속 올리는중 세금 더 걷을라고 진짜 미친거같읍 물가 기름값좀 잡아라 뭐 계속 오르냐 근로자 세금은 더늘어나고 일하지않고 쳐노는 기초수급비는 더올라가고 이게 나라냐 정치인들아 국회의원들아 니들재산부터 털어서 가난한사람돕고 그 후에 세금쓸 자격이있다 니들 재산부터 다 털어 가난한사람도와라 그렇지않으면 세금거둘자격없다 세금거두지말라 돈벌어 각 가정이 알아서 쓰면되지 니들이뭔데 이중과세하냐 니들재산부터 써라 사실상 공산국가로 가고 있는건가 돈뿌릴때 알아봤다 인플레이션도 세금입니다 환율상승 이것도 결국 다 국민이 내는 세금과 똑같습니다 정부여당은 석고대죄하고 내려와라 조세저항 국민저항권 아직 시작도 안했음 퇴직금이나 지킬수 있을려나 15만원 받을땐 오를지 몰랐음 이 세율을 누가 만들어놨니 물가에 밀려 급여가 올랐는데 위에는 세금 칼질에 다 잘려 나감 아래에서 털리고 위에서 잘리고 결국 몸통은 작아저서 점점 가난해짐 나라에서 공짜로 돈 줄때 알았어 야지 점점 열심이 일하는 사람이 없어지게 하는 정책을 하면 나라는 점점 가난해 진다 그때 가서 후회 하면 늦는다 25만원 받았으니 물가 세금으로 3배 내는거 모르는 애들 있냐 아 월급이 점점 줄어 올랐다는데 자꾸 줄어 어쩐지 총액은 올라가도 실수령액은 3년째 그대로라는걸 이제야 깨달았네 는 모라고 보도 할라나 연봉 2억이 8천만 공제가 말이 되냐 주민센터에 불필요한 인력 줄여라 외국인들과 공단 직원들 월급인상요인 입니다 이런 상황에서 대충 예상이 간다 어디 나와가지고 요즘 세금하고 물가 너무 올랐죠 이거 왜그런거에요 이거 이렇게만 둘거에요 라며 마치 남일인냥 지적질하는 대통령을 볼거임 그럼 개딸내미들은 이잼은 역시 우리편 이럴테고 건강보험료는 뭔가 조치가 필요할듯 책임을 물려라 사고는 지자체장들이 치고 언제까직 국민이 그걸 매꾸냐 한국은 국개의원 없애면 세계 일류 국가 되고 살기 좋아진다 그동안 퍼준거 이제 세금으로 메꿔야 하는 상황이 온거지 이럴려고 퍼준거 아니었어 공짜는 없다 세금 열라올라다 세금 물가 너무올라 급여는 서서히 사회화로 구조로 바뀌는중인데 받아 쓸때는 좋았잖아,2,1
znUYsTkHcqI,부모덕에 수십억 아파트 싹 다 조사한다,정치인들부터 철저히 전수 조사 합시다 강남3구에서 증여한 정치인들부터 전수 정밀조사 공개하면 내년선거판이 요동칠 듯 60억아파트 부럽다 능력있는 부모 싹 다 조사해서 정부 고위직 국회의원들의 명단도 밝혀내라 돈많은 부모가 세금 더 내주면 되는거지 역시 복중에 복은 부모복 국개들과 고의 공뭔들 강남지역 아팟 2채 이상씩 소유 하고 있다는데 집값 안정 정책 만들수 있나 능력있는 부모는 아무나 갖는게 아니다 조사하면 고위직 정치꾼들 다 잡혀들어가지 근데 현실은 아무일없이 넘어감 세금에 강도질 당하는나라 부모가 고생해서 세금다 내고 얻은 재산 좀 주면 어때 우리나라 증여세 상속세 법좀개정하라 부모복이 쵝오지 부럽다 진짜 아니 세금 낼거 다 내면서 아파트사고 양도소득세 내고 다 햇는데 왜 이중으로 세금 걷어내냐 짜증나게 나라가 도둑들이네 부럽다 60억짜리늘 사주네 상속세 좀 없애라 에휴 내용보고 나만 저 행태가 이해가 안되나 했네 댓글보니 내가 정상이었구만 도데체 저 미치도록 개념없는 다단계세금은 뭐야 저게 불법추심이랑 수준이 다를게 뭐야 세금좀 덜 떼가 제발 과징금도 어차피 부자 부모가 내줄거라서 뭐 통일되면 김정은도 조사하는거야 상속재산이 북한 수십억 좋겠다 수십만원에 피똥싸는데 진짜 부럽네 마니마니 조사해주세여 음 옛날부터 돈 많은 집 애들은 월급 다 모으고 부모 돈으로 생활비 썼는디 국회인 압수수색해 모조리 상속세 증여세 없애야함 부럽긴 하다만 부모가 재산 물려주는데 세금은 아닌거 같다 생활비 준 것도 다 증여지 서민들 목에 증여 상속 이란 빨대꽂아 피빨아 먹는 정부 뭐가 문제인지 명쾌하게 설명해 주실분 부모가 도와준게 왜 세금내야 하나 증여세 상속세 다 없애라 국가는 국민의 재산을 보호하기 위해 존재하는 것이다 하지만 요즘은 국가가 국민의 재산 증식을 막고 오히려 세금으로 빼앗아가는 것에만 혈안이 되어있는 것 같다 공산주의 국가 마냥 삥뜯어간다 부유한 사람이 더 많은 세금을 내야하는 것에는 동의하지만 그 정도가 지나치거나 이중으로 과세하는 것에는 문제가 있다 중국이나 검사해 걔네들이 부동산값 더올려 이러니까 다 이민가지 다 증여하고 외제차타면서 임대아파트 살거나 혜택받는 인간들이나 추려내라 돈천만원만이체해두 거래내역국세청확인한다구하면서몇십억짜리는확인두안하는국세청 증여세 상속세 없애라 우리 부모님이 처음에 낸취득세가 있는데 내가 물려받으려니 증여세 상속세 내려는게 무슨 말이냐 한 번 냈으면 됐지 또 내라는거냐 증여 상속세는 부유한 사람 돈을 빼앗아 가난한 사람들에게 분배하는 공산주의법이라고 생각함 뜯어가도 정도껏 뜯어가야지 1 미만으로 다 낮춰야 함 부자를 거지로 만들기 프로젝트 제대로 조사해서 정당하게 세금 부과해라 열심이 일해 돈 모은 사람 악마 취급하고 백수 우대정책 최우선 세금도둑도 끝까지 잡아네야 합니다 이재명비서 월급 2백만원인데 아파트3채 70억 가졌다 이거부터 조사해라 작작 뜯어라 쫌 오죽하면그렇게하겠어 세금을 좀 적당히뜯어야지 재산을 물려주는 것은 OK 세금은 내도되지않나 아파트가 60억인데 가족끼리 돈도못주는 나라 참 희안한 나라다 댓글에 그렇게나 이민을 간다더니 이민은 안간고 왜 저러고 있을까 그 정도 돈 많으면 깨씃이 세금 내라 화폐가치 물가상승으로 증여세한도를 올리고 증여세를 적당히 내게 하면 편법을 쓰지않을듯 법개정을 바꿔야한다 진작에했어야하는거 아니였나 증여세 상속세가 너무 많으니 탈세 하려고 하지 고액의 집 한채 상속 받으려면 그 집 팔아야 상속세 낸다 세율을 좀 현실성 있게 낮추고 그렇게 했음에도 탈세를 한다면 그때 아주 무겁게 처벌해라 중국인들은 조사안함 아니 못함 중국에서 굴러온돈을 어떻게 조사할건데 저 정책자체가 중국인 우대정책이라니깐 아니 상속세 증여세가 너무비싸니까그랬겟지 그래도 부럽다 돈 많으면 세금도 좀내고살지 부모가줬는데 머가 문제인지 증여세와 상속세를 폐지하라 상속 증여세 없애라 세법이 X같으니까 자꾸 편법을 생각하지 비상식적인 세법으로 엄한 국민들 범법자로 만들지 마라 세금을 적당히 낮춰라 부자들 이민 다 간다 솔직히 부자들 좋게보는 시선 별로 없는건 알겠는데 뭐 잡아들이듯이 이럴건 또 뭔가 싶네 공산당이 따로없구만 민주당 해결해야 할 중국인 조사 해킹하는 해킹범들 국가보안법 국민연금관리공단 사기꾼 6천억 횡령 등등 이런건 안때려잡고 대장동에서 멏 천억원 해먹은 놈들은 세금을 얼마나 냈냐 퍼주고나니 세금을 뜯어야 인심은 민주당 세금은 국민몫 지 재산을 왜,2,1
liEag2kZIAQ,교무실 뚫리고도 쉬쉬 5달 후 결국 털렸다,교육청은 가해자들을 잡아다 족쳐야지 피해자를 잡아 족치고 있노 가해자인 미성년자는 못건드니까 애먼 피해자인 어른만 탓하는 구조 지긋지긋하다 진짜 범죄저지른 애들 애초에 호되게 혼내거나 때리거나 처벌할수 있었다면 2차 3차 범행은 일어나지도 안았겠지 제발 법좀 뜯어고치자 진짜 개노답이네 촉법이고 뭐고 범죄는 범죄대로 처벌해야지 간도 크다 저런애들은 어른되면 더 큰 범죄를 저질를 애다 유출 다 됐는데 뭔 비밀번호를 걸어 은폐 정황이 있으면 3배는 가중처벌해야 됨 바늘도둑이 소도둑 된다 채벌이 없으니 선을 넘는거다 좀 때리게해라 촉법 폐지 촉구 물론 선생 직원들도 잘못한거지만 학생들이 제일 잘못한거지,3,1
71Bx85RPkpU,30년 전 과오가 알 권리 디스패치 고발하며,연예인은 준공인이다 무조건 과거 밝히고 떳떳하지 못하면 나오지마라 촉법 소년법 다 폐지하고 무슨 얼어죽을 범죄자한테 인권 운운하는 놈들 다 구속시켜야함 피해자생각은 일도 안하는 변호사 매체로 항상봐야되는 고통은 어쩌나 법대로해 공개한게 위법이면 처벌받아 왜 하필이면 지금 평생 상처 안고 살아가는 피해자 또 그 부모님들도 조금만 생각 해주세요 쉴드 치시는 분 들 그대들 의 딸 이 사고를 당했다면 부모로서 눈감을때까지 그 맘앓이가 어떠했을까요 피해자와 가족은 뭔죄냐 평생 트라우마에 시달리며 살아도 산게 아닌데 미성숙한 시기에 당해 인생 망가진 사람은 성폭행범 밀양성폭행범들 참 더러운 사건이다 3자인 나도 더러워 치가 떨리는데 부모님은 평생을 피눈물 흘리며 살것이다 지금이라도 진심으로 참회해라 조씨 아저씨도 딸이 있네 연예인이나 대중적인 직업을 가진 사람들은 청소년들의 본보기가 되니 정도가 심한 범죄를 저지른 사람은 적합하지 않다고 봐요 과거 학폭도 다들 입닫고 살아야겠네 피해자는 조진웅을 볼때마다 얼마나 괴로웠을까 피해자가제보했는데 자기가뭐라고고발 의심스런사람 일개 개인이 아니라 현재 공적인 위치에 있다는 것이 문제의 핵심 피해자는 평생 멍에를 안고 살아간다 조씨를 보며 지금껏 얼마나 힘들었을까 정치성향에 따라 죄가 결정되는 나라 썩은 정치인 하나 때문에 나라가 개판 그런짓을 했으면 조신하게있지 정의로운척 왜 나서 어찌 숨기고 살았냐 강력범죄자의 공인활동에 대한 제재는 국민의 알 권리임 그간 보도된 학폭사건도 소년범이라 조진웅사건만 기자를 처벌할순 없슴 첫 째 가해자를 그렇게 생각하는 만큼 피해자를 좀 생각 해봐라 피해자는 사회 복귀하면 다행이지만 가해자가 새긴 상처 때문에 인생을 제대로 못살 수도 있다 둘 째 똑같이 불우한 환경 힘든 환경이라도 다 범죄자가 되는 게 아니다 그랬다면 대한민국은 평범한 국민보다 범죄자가 더 많은 나라가 되었어야 한다 변명하지 말아라 셋 째 평소에 정의로운 척 나대고 다니지 않았으면 지금보단 풍파가 덜 했을 것이다 깨어있는 척 정의로운 척 하던 인간이 알고 보니 세상 더러운 인간이였네 정말 신기한 거는 왜 이 시기 냐 이거지 저는중년인데학교때맞은것때문에모든게바꼈어요절대로사춘기때폭력은안되요벌을안받는사람도많아요 옹호는 아닌데 30년 전에 이미 처벌 받았으면 어느 정도 죄값 치른건데 30년동안 노력한 것들을 싸그리 내려놓으라는게 좀 마녀사냥에 가까워 보인다 이러다가 좌표 찍고 사형시키라고 하겠다 적당히 하자 이걸 비난한다고 뭐라고 할거면 밀양성폭행 가해자들은 왜 계속 욕먹고 직장도 잘려야되는거냐 다른범죄도 아니고 미성년자가 성폭행 거기다 조진웅 음주도 있지않나 그냥 은퇴해라 조진웅아 성폭행이 뭐냐 아니 연예인 좀 뜨면 탈탈 터는게 우리나라 기레기들인데 이게 이제서야 밝혀진게 난 더 놀랍다 그동안 뭐하다가 굳이 이 시기에 의심스럽다 미성숙하고 환경이 불우했다고 다 나쁜짓 하면서 실아왔던건 아니지 저 분은 이미 죄값을 치뤘습니다 30년 전 그것도 청소년때 그런데 왜 이제와서 범죄저지른 놈이 잘못이냐 그걸 알아낸 사람이 잘못인가 조진웅 나오면 안되요 그럼 학폭한 연예인 다 나와도 되나요 나는 이번 조진웅 사태로 미성년자일때 지은 범죄로 어린날의 죄를 반성하고 열심히 살아봐야 한 순간에 사회적으로 매장당하고 자녀들도 범죄자 자녀로 낙인찍힐텐데 열심히 살아봐야 머하나 하고 인생 포기 할 까봐 걱정이다,3,2
XEFJgrjG3jE,신상진 성남시장 대장동 비리 관련 5673억 전액 동결 현장영상,신상진시장님 잘합십니다 저돈만 환수할게 아니라 그동안의 이자 벌금까지 생각해서 환수해야 합니다 성남시장님 힘내세요 응원 합니다 유책임자들 다 고발해서 그책임을 다지게하고 구속시켜 야 합니다 성남 시민들에게 돌려주는거 맞다 역시 신상진 시장님 이심니다 감사함니다 꼭 환수해서 성남시민들 돌려주세요 와 에서는 절대로 볼 수 없는 유익한 내용 신상진 이름 꼭 기억하겠음 선거운동 열심히해서 재선에 힘쓰겠습니다 판사가 썩은 나라는 나라의 미래가 없습니다 김명수 권수일 등등 판사들을 하루빨리 수사하라 성남시민들 함께 힘을 실어주세요 신상진 성남시장 애국자십니다 뱃짱이 없다면 눈 감아 버릴텐데 영원히 당신이름 잊지않고 널리 오래오래 알리겠어요 당연히 해야할 일이다 절대로 굴복하고 타협하지 마라 시장님 잘하셨습니다 꼭 다 환수해서 성남시민들께 돌려주세요 꼭 성남시민 특히 대장동 원주민들께돌려주세요 신상진 시장님은 정직한 분으로 성남에서 평이 좋습니다 언제나 진실되고 존경받을 분으로 나라일에 힘써 주세요 성남 시민의 재산이 대장동 일당 주머니에 들어가는것을 어떻게 해서든지 막아야 합니다 꼭 성공하시길 바랍니다 신상진 시장님 넘넘 훌륭하십니다 성남시민들의 몫이니 싹 다 받아내시길 국민들이 모두 응원합니다 머저리 정치인들이 권력과 사익에 눈멀어 사기꾼들에게 돈을 넘기는 꼴을 더는 봐줄수가 없네요 비리자금을 환수한다는데 반대하는 자들은 범죄자 들이라고 보면 된다 반드시 환수해서 범죄수익은 불가함을 각인시켜야 합니다 인사비리 등의 직권남용 국정농단 국헌문란 중국 간첩으로 보이는 왕따이밍과 범죄공동체 저수지 경제공동체 그 휴지를 특검하라 신상진 성남시장 화이팅 성남시를 위해 최선을 다하는 모습에 박수를 보냅니다 화이팅 성남시민 단쳬행동하세요 응원하고 지지합니다 핫팅 개멋져 진짜 성남시장님 정의로우십니다 꼭검은돈이 나쁜놈들에게 넘겨주지마시고 선량한 피해자분들 한분빠짐없이 보상으로 찿아주셔요 끝까지 응원합니다 죄는 죄값으로 받길요 시장님 믿습니다 신상진 시장님 응원합니다 신상진시장 정말 잘하십니다 감사합니다 존경합니다 신상진 시장님 힘내세요 지당한 말씀 신상진시장님 잘하셨어요 애국자요 적극 지지합니다 댜장동 도적넘들 다 빵으로고고 신상진시장님 발빠른 행정 능력 최고 특히 김만배 재산 모두 압류해 국고로 환수해주세요 신상진시장님 성남 시민을 위해 잘하고 계십니다 힘네 시기 바랍니다 홧팅 합니다 너무 잘하셨다 진짜 최고입니다 성남시 꼭 환급받으세요 응원합니다 잘한다 신상진성남시장님 응원합니다 개멋찜 성남 시장님 그리고 성남 시민들 화천 대유 일당들의 재산환수 반드시 해야 합니다 응원합니다 성남시장님및 국민여러분들 끝가지응원하고 지켜볼것입니다 단 일 원도 범죄자들에게 돌아가서는 않됩니다 신상진시장님 대장동 원주민들의 통곡을 잘 보듬어 주십시요 응원합니다 멸공 멋지다 이죄명과는 차원이 다르네 시민을 위해 한몸을 던지시네요 멋집니다 지지합니다 저희 전가족 15명 대환영 적극 지지하며 관심 갖고 지켜보겠습니다 신상진시장님하이팅대단하십니다애국자 잘됐네요 대장도 관련재산 모두 환수 몰수 하시오 수고하셨습니다 부당한범죄수익금은 성남시민들 주머니로 쏙쏙드가자 성남시민분들은 모두 돌려갈수있도록 그렇지못하면 모든국민들 들고일어날것이다 성남시장님 존경합니다 응원합니다 응원합니다 시장님 꼭 승리하시고 비리 밝혀지면 좋겠습니다 신상진 성남시장님과 법무팀이 승소해서 대장동비리로 발생한 범죄금을 회수하시길 열렬히 응원합니다 시장님 잘하십니다 응원하고 끝까지 지켜보겠습니다 반드시 환수해야 앞으로 이런 사기를 치는 일은 사라질 것입니다 시민들의 것이다 건들지 마라 와 개거품 물겟네 이겨내주셔요 힘내주세요 감사합니다 감사합니다 신상진 시장님 7800억 다 환수해 주시길 부탁드립니다 응원합니다 7 400억 환수하라 항상 응원합니다 신상진 시장님 화이팅 1조이상 된다는데 다 동결 감사합니다 시장님 최고십니다 끝까지 화이팅하세요 신상진 성남 시장님 응원합니다 국민 권익과 사회 정의 실현을 위해 끝까지 싸워주세요 신상진성남시장님용기에박수보냅니다 대장동비리 전액동결성남시민들에게돌려줘야한다 도둑놈들입에쳐넣을순없다 시장님응원합니다 시민들일어나야합니다 환영합니다 응원합니다 반드시 추징하여 성남시민들에 혜택이 돌아갈 수 있도록 해 주세요 이 도독놈들 몇놈이 자수지에 넣어 두고 사용할 수 없도록 성낭시민들 모두 일어나세요 강력하게 투장하세요 홧팅 성남시 화이팅 단 일원까지 환수해야 한다 당당하신 성남 시장님 힘내세요 범죄자 들 감방으로 힘 모아서 보냅시다 몰수 추징 되는 금액은 항소 포기로 더 이상 증액 못 시키니 그 금액만큼 모두 손해 배상 금액으로 성남 시민들 분이 받아 가시길 바랍니다 성남시장님 짱 열일하는데 박수 박수 드럼통 안들어가게 경호 철저히 하세요 꼭 환수해서 성남시민들에게 돌아가야합니다 신상진 성남시장님이 해내셨다 우리의영웅 신상진 성남시장님쵝오쵝오닷 만세만세 얼씨구절씨구 지화자조타 뜨거운 박수를 보냅니다 성남시장님속시원이정말 잘하셨습니다 범죄자들싹다 도둑들다잡아서 구속하세요 성남시장님 화이팅입니다 멋집니다 예비 대통령감입니다 당연히 성남시에서 돌려 받아야죠 신상진 시장님 아주 잘하시고 계십니다 힘내세요 범죄자만 이익보는 세상이 안되도록 끝까지 막아야합니다 잘했다 시랑진 성남시장님 대장동 비리끝까지 밝혀서 그돈 성남시민들께 돌료주시는게 맞습니다 꼭돌려주세요 성남시민 모두 시장님과 함께 싸웠어 승리하세요 신상진 시장님 존경 스럽습니다 범죄가 설치면 나라 망합니다 시장님 힘내세요 성남 시민분들 화이팅 같은 자리에서 과거 내막을 누구보다 더 잘 보게 될테니 누구보다 더 어이없고 말이 안된다고 생각 하실듯 성남 시장님 국민들을 위해 힘 써주십시오 한푼도 돌아가지 못하게 부탁드립니다 일반인들은 500년 모아도 못모을 돈이지요 신상진시장님 반드시 환수하여 성남시민 에게 돌려줘야 합니다 성남시장이 국민에 힘 시장시 되었기에 천만다행입니다 시장님 잘 하고 계십니다 응원하고 박수 처드립니다 죄명 같은 시장이 있는가 하면 상진 같은 멋진 시장님도 계시군요 응원합니다 역시 신상진대표 최고입니다 응원합니다 응원합니다 성남시 성남시장님6000억회수하면성남시청앞에시장님동상이라도세워드려야합니다 신상진시장님 멋지고 정 의로우신분이십니다 시장님 화이팅하세요 성남 시장님 힘내시고 꼭 환수 하시길 바랍니다 신상진시장님화이팅 끝까지잘해주세요 1 꼭 환수 와 이런분은 대통령감이다 담백하긴 분이다 와 개멋짐니다 신상진 성남시장님 진정한 애국자 십니다 원래 주인에게 돌아갔으면 한다 국민이 분노해라 잘하겼어요 행동하는 사람이 최고다 몸사리며 방관만하는 정치꾼들은 평생 몸만 사린다 절대 뽑아주면 안된다 행동해 주시는 시장님 멋져요 그돈 뿐이겠나 벌써 어디 꽁쳐놨겠지 나쁜놈등,0,1
9UwNnwqZmEo,김계리 정당한 수사에 의한 정당한 기소인지 의문,사기탄핵을 끝까지 밝혀 관련범들 무기징역 때려야합니다 나라와 법이 지멋대로네 이런걸 지키고 살아야 하나 힘내세요김계리변호사님 김계리 변호사님 화이팅 엄마의 힘을 보여주세요 나라가 완전 개판이네 우리나라가 왜 이렇게까지 석어버렸냐 진짜 이러지 맙시다 모든 죄는 그 누구든 평등하게 수사하고 법에따라 있는그대로 죄에대한 처벌이 되어야 합니다 여 야를 떠나서 국민 누구나 정당한 수사 정당한 판결이 되어야 합니다 이거완전 5공화국이네 특검 특검해라 김변호사님 항상 응원합니다 김계리변호사님 응원합니다 김계리 변호사님 항시응원합니다 힘내십시요 화이팅 하세요 매우 심각하네 특검이 나라 말아먹네 특검이 특검 받아야 겠네 김계리 변호사 믿습니다 화이팅 내래올준비를해라 벌받을준비를해라 정말 말바꾸기 최악이다 김계리님 힘내세요 응원합니다 고생 많으십니다 님들의 노력이 우리 나라를 살릴겁니다 저는 계몽되었습니다 김계리님 응원합니다 민중기 특검 답을정해놓고 억울한 공무원 죽음 지금 내앞에있으면 모두 목쓸어버릴텐데 누가 내앞에 데꾸와요 천벌을 받을 놈들 정당한 수사 판결 그걸 아직도 기대합니까 이제 권력의 주인인 국민이 자빨과 사기꾼으로부터 모든걸 정상으로 되돌려야 합니다 특검 수사하라 김계리변호사님 수고하셨습니다 화이팅입니다 조작 조미 의례 사건 농단 반드시 심판하라 이미친특검 을 cia에 신고 합시다 국민여러분 이런특검을 그냥놔두시겠읍니까 노상원씨도와야합니다 특검 반드시 심판 받는다 김계리 변호사님 응원합니다 특검하 하라 김계리 변호사 응원합니다 천벌받을 놈들이다 무고한 사람을 범좌자로 만드는건 살인행위와 다르지 않습니다 백성을 위하는 정부는 삼국시대 때에도 있었는데 요즘 너무합니다 김계리님힘내세세요 최고심니다 특검부터 수사해야겠네요 꼭 천벌받아야한다 자업자득이다 원래 참고인으로 불러서 조사하다가 혐의가 짙으면 피고인 되는 것 알면서 언론 플레이 천벌을 받아 야 한다 국민들 죄없다 최인취급 하지말라 내란민주당 해체하라 응원드립니다 특검을 오히려 조사해서 처벌 해야 함 나라가 미처간다 우리모두 단겴하여 이 정권 단호이 거부하자 간단한것 부터 환전같은것도 내란도 없었는데 무슨 내란특검이라고 정치적 선동을 하는지 이재명이 지가 내란한거지 나쁜놈들 김계리변호사님고맙고감사하고존경합니다참더러운세상입니다죽을각오로싸워서자유대한민국을지켜주세요 내란목적 맞는데 그것이 바로 내란죄 같은데,0,1
7KwZ3viyqfc,장영수 교수 내란 재판 무죄나오면 후폭풍 클 것,김현지 이재명 이 내란수괴 이재명 재판 시작하라 아닌걸 아니라고 해야지 그래야 정의지 계엄은 옳았다 경제 꼬라지 봐라 CCP OUT 역풍이 크더라도 진실을 말해야지 그게 정의로운 판사다 곽종근 황씨 증언만 듣고 헌법재판소 결정이었다는 문형배도 잘못됐다고 말했다는데 판결무효법 만들겠지요 2시간 계엄 후 국회요구에 바로 해제 했다 역풍이 걱정이 안되니깐 지금 민주당은 브레이크가 없는겁니다 내란 아니다라고 한 판사 청문회로 조지고 내란이다 라고 할때까지 재판이든 특별재판이든 인민재판이든 하면 그만입니다 그다음 역풍은 선거인데 선거는 머 더 말안해도 다들 아시겠죠 내란이아니다라고했던 재판부를 잘못된판단으로 못박고 전담재판부를 설치하기위한 합리화로 선동하겠죠 저들은 지들이 원하는 결론이아니면 모두 내란세력으로 몰아가고있습니다 그렇군요 상식적인 국민들은 내린이 아닌 걸 더 알고 있어요 내란은 민당아닌가 계엄의 절차가 위헌적이지 않았기에 탄핵무효 대통령의 고도의 정치행위인 계엄을 선포했기에 내란도 불성립 진정한 내란정당 민주당 위헌정당 해산 결론을 정해놓고 재판하는게 아니길바랍니다 내란 아니라고 문형배가 헌재서 청래한테 내란 빠라고 했잖아요 내란이 아니니 민즈당에서 내란몰이 하는것입니다 원래 이재명과 탄핵중독당은 저거들의 입법독재로 국정방해를 한 내란죄를 뒤집어 씌우기 위해 내란 내란하면서 선동몰이를 계속쳐하는거다 그래서 입법독재에 대한 탄핵중독당 국개의원들을 모두다 처벌하고 심판해야 할것이다 왜냐하면 대한민국을 소용돌이로 만든 책임이 너무나도 크기 때문이다 역풍이 나오더라도 아닌 건 아니라고 판결을 해야 정상아니냐 역풍이 있을 거라고 해서 잘못된 판결을 하는 것이 맞냐 재판관님들과 검찰님들께서 기각내려주시면 좋겠는데 그들역시 이미 기울어진 운동장이 된지오래고 괜찮습니다 역풍 없습니다 광우병 선동에도 속는 국민들 수준이라서 영수야 내란이 아니라 계란이 왔어요 계란이다 내란이라고 하는놈이 내란이지 내란이라는 판단이 나오면 역풍이 셀것이다 이재명은 한국 국민들에게 입힌 사회적 손해를 배상해야 한다,0,1
CiRstnkZT2k,국힘이 장외집회 취소한 진짜 이유,한심하네 안타깝다 삶에 중요한 가치가 얼마나 없으면 고작 윤석열 따위에 아이고야 국짐당은 정권만 잡으려했지 언제 민생회복을 신경이라도 썼냐 똑같은것들끼리 모였네 내란범때문에 전쟁날뻔 했는데 저 얘들 제정신이니 신천지 통일교에서 동원한듯 저게 다인가 이제 조만간 해체되겠는데 어리석은 국민들이 탐욕스러운 정치인들을 자기들 대표로 뽑아놓고 꼭두각시놀음으시키는구나 대단한 콜라보다 진짜 전쟁일으켜서 다 죽일랬다구 아이고 돈이 들어가는곳이 뻔하구만 국힘은 윤어게인당 되어버림 우리나라가 어쩌다 저렇케되었나 한심 저기서 멧돼지를 외치는 것들은 생각이란걸 못하는지도 모른다 잘못된 신념이 저렇게나 위험하다 지금도 윤석열 외친 인간이 있다는것 대한민국 망신 아직도 정신 못차리는 인간이 저렇게 많구나 공당이 맞나 우습다 국격이 무너진다 어디에나 잔불은 남는 법 반국가세력 내란선동죄로 체포가능 해산해라 좀비떼다 폭탄투하 누군가의 파와 땀으로 만들어 놓은 이땅에 저것들도 함께 누린다는게 화난다 에휴 한심당 극우들과 국짐당 더 한심한 것은 국회의원이라는 작자들이 저러고 있다는거 에휴 국짐은 아직도 반성이 없네 제발 정신차려라 아니면 너희들끼리 무인도에서 같이살아라 저기 남쪽무인도 하나줄게 정말 보기싫다 아 윤설열 외치는 인간들은 뭐냐 부담되서 그런게 아니라 걍 추워서 접은듯 사람도 없구만 추운데 밖으로 돌아다니지 말고 그냥 당사에서 반성 하시지 응 미쳐가는구나 계속 고고 폭망각 잘한다 잘한다 민주당은 야당복이 넘치네 건희를 외쳐야지 국짐 참 힘들다 지지자들은 석열이 외치고 있고 석열이 단절하고 새로 시작한다고 말도 못하고 아이구야 미칠지경 아니가 진짜 개념없는 인간들 계엄 때문에 지들 가족이 죽어나가도 저럴까 300명 모여네 국힘 너희들도 알잖아 내란이 잘못되고 윤석열이 역대최악이었다는걸 저렇게 무지한 사람들 이용해 부정선거론과 혐중으로 영구집권할 줄 알았지 그게 너희들 정치인생 끝으로 가는 길이다 반국가 세력을 모조리 잡아서 처벌해라 잘 하고 있어요 훌륭해요 요렇게 망해가는 겁니다 그날 총뿌리앞에들 세워놨어야 했는데 그럼 뭐라고했을까 참 궁금허네이 돈 얼마 안썻나보네 양평고속도로 만 성사 시켰어도 알바 100명은 더 모았겠구만 저 인간들 병신력 만큼은 일당백 이라 만명 으로 계산 해야겠네 어리석은 자들 세상을 똑바로 보세요 윤석열 때문에 나라가 아수라장 이야 선거법 위반 조작해서 만든 대통령은 무효 지 알바생 애쓴다 짜요 밖에 모르는 중국 스포츠 응원이나 니들이나 똑같다 석열이 외치는 넘들 앞에서 이러지도 저러지도 못하는 국힘 모두 즉시 체포 구속 윤석열이 뭔 대통령이냐,1,1
lsn_jy1vXr0,박정호의 핫스팟 용산 이야기 보따리 끈 푼 이규연 헉 이재명 대통령 이른 시기 이 일정 할 수도 전체보기,국민들 누구나 가질수있게 적정가격으로 판매해주세요 인생 황혼기에 좋은선물 될수있게 꼭 판매해주세요 수익은 어려운 분들께 나눠주시면 좋겠어요 응원합니다 이재명정부 오마이뉴스 우리도 이잼대통령 시계 차고 싶어요 적정가격에 누구든지 갖게 해주세요 민주당은 정의로운 당 하루가즐겁다 이재명 정청래 추미애 또 최혁진 님 참잘합니다 국가위해 열심히 일하는 일꾼 머슴 상머슴 이런분 본받아라 오마이티비 앵커님 이규연 홍보 수석님을 뵙게 해주셔서 감사합니다 수석님 이잼통님 연임 하실수 있도록 국민과 함께 도와주세요 꼭 부탁드립니다 이재명 대통령님과 국회 관계자 분들님 수고많이 하셔서 감사합니다 사랑합니다 오마이머져요 오마이티비 굳 홍보수석님 이제 몸풀기 끝나셨나봐요 쭉쭉 달립시다 판매해서 이익금은 좋은곳에 쓰도록 하면 좋겠습니다 핸펀 있으니까 시계 필요성 못느꼈는데 꼬옥 구입하고 싶어요 청와대귀환축하하고 이제 자리를잡은것같아보여행복 기쁨니다 울나라 이제 자리잡아서 열심히 도와주세요 이재명 추미애 정청래 참잘합니다 이런분 본받아라 하루가즐겁다 이재명대통령님 기념시계 저렴한 가격으로 팔목에 차고 싶어요 구입방법 없을까요 이재명대통령님의오픈정부 이다음 대통령 은 많이 긴장 할거같애요 국짐당은 언제 해산 시키나요 그자들만 보면 토가 나올라고 합나다 시계 갖고싶다 꼭 부탁드려요 오 마이뉴스 좋아요 응원합니다 감사합니다 궁금했었는데 넘 잘됐어요 오 대통실 축하 추카 영광 잇 을라 오마이뉴스 멋지다 오마이티비 찬성합니다 시계 갖고 싶어요 민주당은 80년썩은 법 제도개선 입법 멈추지말고 5년동안 불도저처럼 밀고나가야 5년후정권 안뺏긴다 썩은수구 가짜보수 부정부패비리 공직자엘리트 잔당들을 뿌리까지뽑아내야 5년후 정권 안뺏긴다 이재명대통령님 시계 가격 서민가격 저렴하게 해서 원하는 사람들팔목 시계차고싶네요 시계 가지고 싶다 우리 대통령실 모든 관계자님들 극 한 직 업 힘내십시요 응원합니다 우상호 빨리 퇴출시켜야함 시계 하나 주시옵서서 이재명 대통령님 6개월을 너무 수고 많으셨습니다 화히팅 입니다 국무 위원님들 너무 많이 수고 많으셨습니다 대한민국 화히팅 황제 왕권 공산당을 배제한 국민의 나라 민주주의 국민에게 봉사하라는 대통령과 판 검사들이 공산당 왕이 돼 무소불의 독제 역적질 민주법으로 배은망덕 그들을 처단 민주주의 사명을 완수해야한다 니나노,0,0
E03u8MckZlM,유시민 대통령실 향해 모든 메세지 도청 생각해야,위기 경고에 동감 지방선거 패배 한 순간이다 내란당 우습게 볼수록 패배한다 유시민의 충고 새겨들을 필요가 있다 맞습니다 늘 조심해야 저 내란세력에게 울어뜯기 지 않는다 흉악한것들입 니다 유작가님 말씀 옳아요 우리 언론은 항상 민주정권을 헐뜯을 기회만 노렸었죠 과거에도 지금도 언론개혁필요 민주당은 방심하지말고 항상 조심하자 우와 유시민 작가님이다 좋아좋아 유시민작가님이 계셨어 큰힘이 됩니다 오래동안 큰 통찰력으로 이 시대를 이끌여 주세요 존경합니다 여러분들은 모른다 영등포구 여의도는 100 도 감청 지역이다 청와대도 당연하다 이재명 정부가 도청하라 X 도청당한다고 생각해라 O 2찍 저지능은 과학이다 문재인 정부때는 조중동이 많이 까니 자기는 어용 평론가가 되겠다며 자처하며 윤석렬한테 휘둘릴때도 쓴소리 한번 안하더니 없는 문제 만들어서 까는 이유가 뭐지 당신 아니어도 김남국 문진석 문자논란은 조중동 비롯 진보 유튜버들까지 까고 있는데 더이상 더 뭘 할수도 없는 사퇴한 사람 비난 그만하고 탈당안하고 민주당 전체에 피해주는 장경태나 탈당하라고 조언해라 장경태 문제가 더 크고 현재 진행중이다 서울시당 위원장 자리 고집하며 지방선거때까지 버티면 서울시장 선거 폭망이다 이잼 정부 잘해도 너무잘하고계신데 감나라배나라 하지마세요 대통령실에 인테넷 유튜버 언론사 3개나 처음으로 출입하고 대통령 자신이 유튜브를 하는데 무슨 재래식 언론에 싸여있다는 근거 없는 이야기를 하나 친문 위기라 발벗고 나선거 같은데 최강욱도 출연시키고 문재인 유튜브도 출연하고 친문을 살리고 싶으면 그들한테 잘 하라고 조언해라 괜히 잘하는 정부 도청 확인도 안된 극닥적 상황 만들며 까지 말고 문자 유출은 김남국이 아니라 국회에서 문진석이 했지 당대표의 책임이 더 큰 거 아닌가 이럴때 민주당이 잘하는게 뭔가 내란종식법도 통과시키지 않고 툭 하며 발목 잡고 알아서 잘 할테니 정청래나 잘하라고하세요 최강욱 문재인이랑 유튜브만 하지 말고 이재명은 경기도지사까지가 한계라는 식으로 떠들었던 평론가 수준 유시민 드뎌 정체가나오네 유사시민씨 멧돼지때는 나라 안망한다고 떠들더니 지금은 왜 몹시 위험한가요 평산할배하고 정말 친분이 깊으신가봐요 이제 커밍아웃한거죠 유시민 문재인 수박대장 조국얘기는 안하네,1,1
7kw-W9iYZ1g,내란 척결 강조 정청래 독일 나치처럼 청산을 내란전담 재판부로 사법개혁,진짜 내란 묻은 것들 까지 그 티끌까지 조사하고 법정에 세워라 영구적으로 내란에 가담한 자들은 반드시 엄벌해야 한다 내란종식 확실하게 해야합니다 정청래대표님응원합니다 말로만 말고 행동으로 해라 김병기에 휘둘리지 말고 대표직 걸고라도 민주당 개혁 합시다 잘 하십니다 광주가 없었으면 민주주의는 없었다고 봅니다 정청래의원님 힘내세요 정대표님 수박들과 업무처리에 수고 많으십니다 내란 청산될때까지 빠른 실천필요 천재명대통의 현장 유무의 차이가 있음 내란척결은 입으로 만 하나요 힘을가졌는데 그 힘을 사용하지 않으면 곧 자기정치에 몰입되어 내란재판부 판사탄핵 조차 뒷전으로 밀어놓고있는 대표 정청래와 지도부는 모두 뭐하는지 한심 하다 내란 청산은 대통령과 국민만 하는듯 민주당지도부는 뒷짐 맞습니다 정청래 대표 화이팅 제발 말만 하지 말고 행동으로 좀 보여주세요 말만 할거면 차라리 입 닫고 계시고 맞아요 정청래 강력 지지합니다 힘내세요 반드시 내란 세력 뿌리 뽑고 단죄해야 합니다 법원개혁도 마찬가지구요 지지하고 응원합니다 대표님 당내수박들이완전청산돼야합니다 내란재판부 내란영장판사설치 없고 2차특검 없다면 민주당 지방선거 망한다 국민들이 원하는데 안하니 민주당 답답해 문제다 리더가문제 정청래 응원합니다 특별한 희생에 특별한대우를 얘기해주셔서 감사합니다 정청래 파이팅 내란재판부 설치 반대하는 수박들 처결 하세요 정청래대표님 초심잃치마시고 더강하게밀고나가세요 응원지지합니다 말만하지말고 실천을 해라 정청래 대표님 존경합니다 정청래 대표님 민주당 수박들에게 휘둘리지 마세요 응원합니다 우리 정청래대표는 말은 참 잘해요 입만 털지 말고 시간 끌지 말고 빠르게 제대로 사법개혁 진행이나 하시지들 시간 줄거 다 줘가면서 개혁한다고 지금까지 하는 꼬라지 보면 시작은 용머리었으나 끝은 지렁이 대가리도 안되는 흐지부지한 결말로 꿈을 꾸었으나 기억이 나지 않는 꿈으로 끝날 듯,1,1
3gao9Z-TPB4,2025년 겸손NSC 홍사훈 신용한 김용남 주진우 박구용 김영대 영화공장 허들 텐밀희,영장판사나 고위급 판사들 전부 수사해서 처벌해야 한다 겸공 항상 응원합니다 판사들이 법왜곡죄에 크게 반대한다는 얘기는 우리사회가 그동안 얼마나 불법적인 사법부였는지의 반증이라 생각든다 법대로만 판결하면 무슨상관 예로 선진국에 법왜곡죄없는 나라도 우리나라뿐이라 할정도로 선진국에서는 법왜곡죄로 일년에 몇명은 판사라할지라도 처벌을 받고있다 비겁한소리 듣지도 말고 무조건 민주주의 수호를 위해서라도 만들어야한다 내란재판부설치 반드시해야한다 종합특검 GO 김영대님과 공장장의 투샷을 더는 못본다는 게 너무 아쉽습니다 삼가 고인의 명복을 빕니다 사법개혁이 아니라 법원개혁 위헌소지가 아니라 위헌시비 바른 용어가 바른 활동을 이끕니다 법원비리는 5년동안 해외도피중이던 조현천 계엄포고령작성 을 무죄로 풀어줌 이로써 깊이 관여되어 있다고 봄 법 왜곡죄 반드시 만들자 판사들이 그렇게 싫어한다니 꼭 필요한거구만 조희대와 지귀연을 파면하고 내란동조 판사들을 철저히 조사해야 합니다 어떻게 이런일이 무슨사연이 있길래 삼가 고인의 명복을 빕니다 그동안 k음악의 미래를 내다보는 탁월함에 감탄했는데 안타깝습니다 지렁이도 소금 뿌릴때 가장 격하게 꿈틀대는데 검찰 사법부가 지금 그 꼴인듯 사법 내란범들의 마지막 발악에 쫄지 않습니다 국민이 반드시 승리합니다 마약무마 사건도 추가특검에서 꼭 다뤄지길 외압이 없었다는게 말이 되나 내란 재판부 지지합니다 또다시 계엄이 만만해 지는 거예요 추수감사절 뉴욕 퍼레이드에서 헌트릭스 골든 나오는 거 보고 진짜 감격이 법원개혁 된다면 대한민국은 전세계 상위 선진국 될겁니다 뉴스공장 꿀잼 겸공방송국을 세워 티비로도 보고 기차역과 공공기관 구내식당등 와이티엔 대신 틀었으면 합니다 김어준의 언어 유희 얄팍한 오세훈은 습자지와 같다 빵터졌고 이보다 완벽한 비유법은 없다 법왜곡죄는 반드시 필요하다 사법부는 개혁돼야한다 민주사법부가 필요하다 처음엔 선언적 의미로 썼는데 알면 알수록 사실이라는 생각이 듭니다 사법부가 내란수괴다 영장판사들도 내란동조범아닌가 내란재판부 꼭 필요합니다 나아줌씨는 마이크를 껐더니 개인 마이크를 달고 말을 하네 와진짜 안하무인이네 국회를 떵으로 보나봄 성탄절 아침에 슬픈소식을 접했네요 김영대평론가님의 겸손 마지막방송 찾아서 글 남깁니다 k팝에 대한 유쾌한 설명이 정말 좋았는데 이제는 못 듣는다니 가슴 아픕니다 삼가 고인의 명복을 빕니다 김어준공장장님 옷이 예뻐요 최고 감사합니다 김영대님 삼가 고인의 명복을 빕니다 전 통일부 장관님 자연스럽게 나오는 고급 영어 단어에 지적인 할아버지가 저런 거군요 대화하시는 태도도 그렇고 설명도 쉽게 해주시고 지성인 할아버지 팬입니다 58 05 일본 극우는 중국 때리고 한국 때리고 미국 극우는 중국 때리고 이민자 때리는데 우리나라 극우는 왜 우리나라를 때리냐 어이가없네 내란재판부 반드시 신속하게 법원개혁도 해야한다 복지의 정책기준은 정치와 법에 기준해야지 공무원들 개인 역량과 아량에 기대는것은 혼란을 초래하게 됩니다 삼가 고인의 명복을 빕니다 김영대 평론가님 믿기지가 않네요 불과 보름 전에 이렇게 만났는데 KPOP 세계에서 위상이 높아지기 전에 말씀해 주셨던거 너무 좋았어요 많이 그리울 거에요 그동안 수고 많으셨습니다 삼가 고인의 명복을 빕니다 법원개혁 12 13 오후4시 대법원앞 서초역 조희대 탄핵 특별재판부 설치하라 촛불집회 함께해요 아니 왜 조희대법원이 이제라도 전담재판부를 만드는게 괜찮다고 말하는거죠 제대로 구성할 리가 없는데 그런 권한을 조희대에 주면 절대 안됩니다 영장판사 문제도 있고 전담재판부법 통과시켜서 최대한 안전장치를 만들어야 합니다 우리가 개혁하려는건 법원입니다 말에는 힘과 프레임이 있습니다 올바른 용어를 씁시다 소년이 온다 작별하지 않는다 채식주의자 읽어보면 진짜 위대한 작가 위대한 소설임을 다시 느끼게 된다 한강 작가한테 노벨문학상을 각각 소설별로 부여해도 될 만큼 놀랍긴 하다 우리 아이돌 알려주셔야지 혼자 어디가신거에요 국민의 눈높이에 맞추라는 아주 정확한 표현인 것 같습니다 국민이 이렇게 원하는데 다수의 65 이상의 찬성 여론조사를 민주당은 꼭 반영헤애됩니다 박구용교수의 명쾌한 해설 너무 공감합니다 내란은 타협 협상의 대상이 아닙니다 올해 들은 말 중에 가장 싫은 단어가 신중 선의 입니다 1년이 지나도록 제대로 조사도 못 한 것을 그냥 얌전히 지켜보라는 건가요 법 왜곡죄 핑계 대고 있네 지난 1년 동안 조희대 대법원이나 동료판사들이 한 짓거리에 대해서 왜 아무 말도 안 했나요 당신들이 그런 얘기하려면 뭐라도 했어야지 법원이 무슨 짓을해도 가만히 있었잖아요 판사들이 내란 재판부를 막으면 국민 반감이 높아져서 더 강력한 개혁을 요구받을 텐데 국민들은 내란재판을 막는 세력에 대해 그게 누구든 가만히 있지 않을 겁니다 뚜벅 뚜벅 걸어갑니다 내란쓰레기들을 청산하는 우리 민주 시민들의 자긍심을 봅니다 다함께 나아 갑시다 즐겁고 흥겹게 사람이 손톱끝에 아주작은 가시가 하나만 박혀도 아프고 신경이 쓰입니다 지인이 잘못돼 사망을 해도 한동안 마음이 먹먹하고 살면서 계속 생각이 납니다 그러나 저자들은 꼭 사형에 처해져야 대다수의 국민의 트라우마와 상처가 회복이 될까말까 합니다 꼭 그리되야 한다고 봅니다 오늘도 뉴스공장과 함께합니다 힘내세요 최재형목사님 말씀이 옳다본다 김건희가 모를리없지 언제나 응원합니다 어떻게 살것인가 어떻게 살아낼것인가 난 단지 정말 잘하고 계신 이재명 대통령을 지지할뿐인데 날 좌파라 한다 내란범들 잡아 처벌하라 했는데 좌파래 그럼 우파는 전쟁이 나든 억울하게 기소되는 내란을하든 잘먹고 잘살면된다는 사람들이네 지금의 우파가 뭔지 말해 봅시다 난 정의를 지지하는 좌파가 됬으니 좀 안심되는 세상 특히 아이들이 살아갈수 있는 안전한 세상 전쟁우려없는세상 차별걱정없는 세상 어떤형태의 보이지 않는 억압도 없는 자유롭고 편안한 세상 그런세상이 제발 가능해지기를 Funny 포에서 나온 얘기중 저들은 최악의 날짜로 계엄을 한게 아니고 최선의 날짜로 한겁니다 왜냐면 어차피 의원들 죽이려고 했고 집단으로 한꺼번에 체포하기 좋으려면 잘 모일 수 있는 시간이 좋고 죽이기도 좋죠 그래서 이놈들 계엄이 더 섬뜩한 겁니다 이놈들은 첨부터 몰아놓고 체포후 죽이려고 한겁니다 영화 허들 보고 싶어지네요 가족돌봄 문제 정말 개선되어야 이중옥 배우 타인은 지옥이다 드라마에서 너무 인상적이었는데 겸손에서 뵙다니 반갑네요 법원 정상화 가자 언제나 항상감사합니다 감사합니다 박구용 교수님 법원은 자정 개혁을 하리라 믿지 않습니다 법원을 민주당과 이재명정부가 정상화 시켜줘야 합니다 특히 내란 관련자들을 색출 및 처벌해야 합니다 기막히다진짜 난또 롯데리아가 시끄려워 들통날까 일부려 거기서 모의한줄알았더니 상품권뇌물쓰려고 해외 판사들은 법왜곡죄 있어서 처벌받기도 한다는데 도대체 한국 판사는 뭔데 법왜곡죄 하지말라 소리가 왜 나옴 한국에 꼭 필요한 법이 법왜곡죄인데 민주당은 절대 미루지마세요 나경원좀 어떻게 해주세요 그렇다면 빨리 2차 특검나와야 되는데 시작 언제하나요 의장님 고생많으십니다 나경원 의원직 박탈됐으면 좋았을텐데 법꾸라지들이 국짐편인지라 민주주의를 부정하고 짖밟으려고 한 것들이 민주주의에서 누릴 수 있는 혜택을 티끌까지 써먹는게 이게 맞나요 속이 뒤집어 집니다 감사합니다 마자요 박구용교수님 소중합니다 내란 법조 카르텔 타파 백해룡 경정 힘실어줘야합니다 판새들이 반대한다면 더더욱 해야죠 법왜곡죄 독일같은 법치 선진국도 하고 있어요 본인들이 불법하게 판단하지 않았다면 반대할 이유가 없죠 민주당 지도부가 정청래 대표의 1인표제를 반대하는것은 본인들의 기득권을 놓지 않기 위함이고 당원들의 심판을 거부하는 것이고 지금 사법부 개혁에 신중하는척 하면서 사실은 반대하는것인듯 지귀연이가 윤석열이 탈옥 시켰을때 형사소송법을 정면으로 위반한 지귀연이 바로 탄핵하고 내란재판부 바로 밀어붙였어야 했다 가족돌봄청년 문제가 이제는 우리 사회가 고민하고 방법을 생각해 봐야될 문제네요 울림있는 영화 허들 이중옥 감독님 흥행도 하시고 사회도 바꾸시는데 한몫하시길 응원합니다 오늘 들어보니 일단 법왜곡죄만 빼고 내란전담재판부설치 법원행정처폐지 대법관증원을 비롯한 법원개혁법안은 밀어붇치면 되겠습니다 김영대님 무슨 일인가요 정말 놀라고 황망합니다 가족들께 깊은 위로의 맘을 보냅니다 님의 평론을 더이상 들을 수 없다니 엔믹스와 스테이시 딱 두팀만 윤 파면 지지 서명 했습니다 데뷔부터 지금까지 모든 무대를 하는 유일한 두 걸그룹입니다 김영대님 추천해준 하츠투하츠 포커스 미쳤다 공장장님 박구용님 요새 음악 좀 들어요 두 분에게 이번 마마에서 스트레이 키즈 공연을 추천합니다 제발 좀 보라고요 가장 최근의 뉴스공장에 나오신 영상이신듯 김영대 평론가님 고인의 명복을 빕니다 수고하셨습니다 오늘도 김어준 공장장님 내란재판부 꼭 필요하다 김어준 생각입니다 백만번 동의합니다 내란종식의 최대 걸림돌이 판새들 이라니 어이가 없네요 와우 뉴스공장 화이팅 시청률 대박 박구용 교수님 말씀에 전적으로 동의 겸공 고맙 습니다 황해 영화에서도 용역업체 나오잖아요 겸공 김어준공장장 오늘도 감사해요 박구용교수님 코너 넘 좋아요 1 59 40 김영대 평론가 이렇게 활쫙웃으시던분이 이렇게 갑자기 가시다니 너무 안타깝습니다 삼가 고인의 명복을 빕니다 홍사훈님 재밋어요 제대로된 정보만이라도 들을수있어서 좋다 어준이형 내가 가만히 생각해보니까 빛의 혁명도 그렇고 그 팬덤 사람들이 만들어낸 혁명이라고해도 과언이 아니지 않아 박구용교수님이 말 한 것처럼 아이돌 팬들이 민주주의에 확실한 영향이 있다고봐 난 그들을 더 띄워주고 칭찬해줘야돼 그들이 곧 빛의 혁명이야 박구용 님 살아낼 것인가 너무 공감되요 건국전쟁 쓰렉이가 300개가 넘는 개봉관이었는데 허들 30개 응원합니다 박구용시간 따로 마련해주세요 뉴스공장 어랑우탕의 생각 퍼니포 노랑연필 혼자우니 저지누 게스트 여러분 노상원도 쫄리기는 한가보네 지은 죄가 커서 어떻게든 빠져나가려고 별 말 같지도 않은 소리를 주진우는 기자라며 왜 말을 못하고 질질 흘리고만 다녀 어차피 어떤법을 만들어도 반대다 강하게 밀어부치면된다 김용남 의원님 완전 우리편 맞는지 헷갈 댓글에 한강 작가님 책 추천해주신 분들 감사합니다 민주주의는 덜 나쁜 사람 덜 나쁜 세력을 뽑는 제도이다 통일교에서 국힘 민주 양당 모두 돈을 주었다면 국힘은 단죄하고 민주당을 살려야한다 국힘은 철저히 사익을 추구하고 세금낭비하고 고속도로 자기땅에 휘게 만들고 수익없는 대왕고래하고 과학기술예산 삭감하게 만들고 매관매직한 세력이고 민주당은 적어도 위와같은 사익을 추구하지 않고 공동체의 이익을 항상 염두해 두는 세력이기 때문이다 김호중의 겸손은 힘들다 김호중의 다스뵈이다 김어준총수 겸공선생님들 타임라인좀 바쁘시겠지만 부탁드려요 삼가 고인의 명복을 빕니다 그동안 신세 많이 졌습니다 감사합니다 내란 전담 재판부 설치하라 내란종범들 도망가기전 이재명대통령은 계엄과 군사재판으로 진실을 밝히고 즉시 내란종식과 내란종범들 처벌해라,1,1
45Q7atcKLkY,정준희의 논 판사동일체의 정점 조희대와 천대엽 2025년,오늘도 논으로 전해주신 격려로 지치지않을 의지를 태웁니다 국민투표로 현 법원 전체 불신임이라도 하고싶습니다 진실을 알면 알수록 국민들은 분노가 생기네요 오늘의 논이 가장 최고로 가슴에 절절히 스며듭니다 너무 감사드립니다 그러고 보니 소위 법관이란 것들이 가장 무서워하는 것이 무력이군요 실제로 법을 무서워하지 않고 항상 느끼지만 논은 늘 날카로운 지성으로 고급스럽게 비평합니다 감사합니다 이 억울함을 논리정연한 말로 표현치못하는 답답함에 답을 주는 좋은 프로그램 나쁜 법꾸라지들과 기득권은 김수영 시인의 풀잎처럼 눕는듯 합니다 정준희 교수님 감사합니다 그들이 꼭 들었으면합니다 격하게 공감합니다 고맙습니다 저들은 저들 세상에 우리들은 통제의대상 으로 인식 하는듯 합니다 법에대한 판결도 우리에겐 초코파이 하나도 커피값 동전도 절대 악이 되고 그들의 일탈은 그럴수 있다 너그러워 지니 말입니다 아이들 싸움에서 때려봐 하고 놀릴때 누군 정말 때린다 이러면 진거다 때리기전에 증거를 확보해야한다 저들은 지금 때려 달라고 아우성이다 민주당은 차근 차근 증거를 모아서 한방에 몰아내야 한다 처절한 단죄를 해야 머리에 각인시켜야 다시는 그런 행동을 못한다 든든하네 가열차게 나가는 굳은의지와 강철심장을 장착한 용기가 필요한 시간이 또 다시 깨치고 나아가 끝내 이기리라 이루어 내리라 국민들은 도저히 사법부를믿을수가없다 하는꼴을보면 천불 국민세금으로 얼급 받는공직자아닌지 잊고 행동 소름이 키칠 정도의 논리 숨을 참고 들었습니다 오늘도 감사했습니다 감사합니다 교수님 늘 사람이 위헌적이다 법을 위협하는그들이 사법의 본거지를 점령하고 사유화하는 반민주 반헌법적 범죄행위일체 법조 카르텔 일망타진 그들이 개혁 대상이다 하루의 마무리로 논을 들으면 편안해집니다 설사 내용이 우리를 분노하게 하는 것이라도 생각을 정리하게 해줍니다 지금의 문제는 장기전이기에 지치지 않게 오래 가는 것이 중요하기에 그냥 일상의 하나로 만들어가려고 합니다 논을 오래오래해주세요 오늘도 감사합니다 공정과 상식의 바른 언론은 널리 알려져야 합니다 정준희교수님 같은 분이 계셔서 많은 위안이 됩니다 늘 고맙습니다 정치에 낭만은 없다 역사의 심판만 있을 뿐 다만 역사는 승자의 기록임을 명심해야 하니 부디 승자가 돼라 오늘도 힘냅시다 늘 참으로 고맙습니다 구구절절 옳은 말씀 논평 속이 다 시원합니다 어쩌면 저렇게 가슴을 울리는 훌륭한 논평을 하시는지 감탄만 나옵니다 쉬운 말로 현상을 설명해주셔서 감사합니다 탄핵된 전 대통령 부부는 온 국가가 본인들 손 안에 있는듯 자폐적 성향을 보이더니 현 사법부는 대법원장과 그의 행정처장이 마치 하나의 국가 인듯 한 자폐적 성향을 보임 늘 감사드립니다 조희대 1명만 아니라 선거 개입에 한 몸 된 대법관들 모두 파직되지 않는 한 현재 민주당의 사법개혁 법안들은 모두 지체없이 진행되어야 한다고 믿습니다 현 대법관들은 모두 제 2 제 3의 조희대이기 때문입니다 법원장들 심지어 법관 회의에서조차 전부 조희대들 뿐이란 것이 확인된 상태라 진짜대한민국의 사법부를 새로 만드는 마음으로 개혁이 필요한 상태라고 믿습니다 혹이나 상당히 호전된 성명이 나오더라도 이제는 속지 말아야 할 때입니다 자정 능력이 없다는 사실이 완전히 증명되었다고 봅니다 법원 내에 겨우 생존 중인 선한 판사 몇 명을 그저 구조해야 할 헝편의 사법부가 되었을 뿐입니다 정말 공감합니다 조희대와 천대엽은 헌재에서 탄핵결정이 났을 때 즉시 사퇴했어야 합니다 애초에 내란수괴에게 임명된 자가 내란재판을 이끄는 것 자체가 몰상식 입니다 엉덩이 붙이고 법문 몇개 더 외웠다고 국민 위의 특권층이라 생각하는 모자란 자들에게 더이상 갱생은 불가하다 판단합니다 이제와서 사법개혁을 스스로 논의하겠다 이것이 바로 위선자의 가식 입니다 만약 국민주권에 대한 존중이 있어 반성한다면 조희대 천대엽 지귀연의 즉시사퇴가 디폴트 가 되어야 합니다 김수영님의 시 그 방을 생각하며 또 듣고 또 듣게 되네요 교수님의 논으로 오늘도 위로를 얻습니다 12 3계엄으로 내란 불면증으로 잠을 설쳤는데 이제는 법원의 만행으로 12 3계엄만큼이나 화가나는 일상이 계속 이어지지만 밤이되면 교수님의 논으로 화가 누그러집니다 감사합니다 정준희 교수님도 좋은밤 되십시요 정 준희 교수님 잘 밝혀 주시니 저들이 법조인을 떠나 사람이라면 직을 내려놓고 공수처에 쌓여 있는 고발인의 법 위반에 조사 받고 그간 판사직으로 편파적 판결로 몇몇 사람들에게 고통주고 재심을 통해 무죄 받은 사건들에 책임을 씌워 감옥에 가야한다 그리하여 법 정의를 세우자 썩은 대한미국 와 진짜 명문이시네요 좋은방송 명석한 해석 잘 시청했습니다 감사합니다 일년이지났는데 참으로 징 하다 썩은 고위 판사들은 정신좀 차려야한다 응원합니다 내란전담재판부로 승부수를 걸어봐야 할 때인 것 같습니다 결과가 100퍼센트가 아니여도 혹여 만약의 역풍이 있다해도 교수님 말씀처럼 시민들을 믿고 그 의지를 더 단단히 하는 거 이외에 다른 방법은 없어 보입니다 불붙은 가슴에 정연한 논리가 기름이 됩니다 교수님의 말씀이 민주 시민들에게 그런 존재입니다 위로가 됩니다 정말 좋은 프롳그램 격조 높은 멋진 프로그램입니다 한 가지 부탁이 있습니다 본론에 앞서 시그널이 10분이나 되는 것은 너무 지류하고 기다림니 힘듭니다 5초내지 10초면 충분할 듯 합니다 꼭 재고하 주기 바랍니다 고맙습니다 정준희교수님 최고 너희를 국민은 뽑은적 없다 니들이 뭐라고 대한민국을 니들 마음대로 좌지우지하나 대한민국 국민은 너희를 선택한 적 없다 너희 국가 만들어 떠나라 국회는 저 비열한 부패덩어리들을 당장 탄핵하라 어렵게만 느꺼졌던 법뉴스를 쪽집게 로 쏙쏙 알아듣게 집어주서서 제대로 이해할수 있었습니다 감사합니다 좋은 방송 감사합니다 눈 명확한 논 좋습니다 판사들이 잔머리를 굴리는데 국민들은 알고 있습니다 개혁하라고 잘 하고있다고봅니다 이번에 개혁 못한다면 국민들은 민주당에 책임을 묻습니다 역사적으로 멈춤수없습니다 대한민국 운명입니다 법원의 개혁이 답이라고 봅니다 사랑합니다 윤석열 이 파면된후 다 이기고 왔다는 말 내란의 본진은 사법부 고맙습니다 오늘 최애하는 김수영 시 인용까지 매일이 훌륭하지만 오늘 논은 특히나 훌륭하고소장하고 싶네요 늘 감사드립니다 많은 도움 되었습니다 감사합니다 제가 하고 싶었던 말이지만 정리 안 되던 것들을 하나하나 조목조목 정리해서 주셔서 감사합니다 요즘 답답했던 속을 풀어주시네요 말씀대로 조금은 편안한 밤이될거 같습니다 감사합니다 정준희 최고다 정준희교수님 해박한지식과품격있는 논리로냉철하게파헤쳐 주셔서 감사합니다 이시대의 참지식인 싸우라 싸우라 써우라 감사합니다 와아 정준희 증말 대다나다 칼날 논평 가슴이 시립니다 참 가관이다 법왜곡죄 내란재판부 등은 앞으로 할 일이고 희대와 귀연이 과거에 한 일은 조사하여 정리하여야 한다 법원행정처장은 국회에서 그간 위증한 것에 대해 책임도 져야지 공수처는 뭐하고 있나 12 3에 대법원이 한 일 희대가 선거개입한 일 귀연이 석열이 풀어준 일 룸에서 삽겹살 먹은 일 별 거지같은 변호사들이 법정에서 깽판치고 있는 일 등은 최소한 정리해야지 법관대표는 무슨 대표인가 법원은 법관의 것인가 국민의 것인가 정준희 님 공감 또 공감합니다 다수당인 민주당에 말합니다 보다 용기를 내시길 그 전의 실수를 반복하지 말고 갖은 권한을 최대한 활용해 주시길 바랍니다 지나고나서 보니 법쪼개가간첨이유 란 요즘댓글을 콕 찌프시네 오늘의 논은 최고입니다 감사합니다 판사집단들의 말도 안되는 그들의 정당화는 진심으로 역겹씁니다 대통령 말씀대로 개혁은 껍질을 벗기듯이 힘든일이지만 반드시 해야할일이라는 말에 만번 찬성합니다 모두 힘내주세요 법원 정상화 갑시다 논이 앞장서네요 감사합니다 진짜 역사의 뒤안길로 사라져야 할건 사법부에 갇혀 나라도 국민도 안보이는 당신들의 선민의식 입니다 정준희 교수님으로 겸공이 완성된 느낌이예요 역시 정준희 구구절 옳은말씀 감사합니다 Jo 목소리 잠시 듣기도 매우 소름 끼쳐요 오늘 낮에 이재명 대통령은 개혁 의 의미를 명확하게 설명해 주셨는데 그 밤에 정준희 교수님은 새빨간 피처럼 선명하게 논해주시네요 정당한 분노를 하나하나 새겨가며 그 타이밍 에 꼭 그 방 에 다시 가있을 결심 싸우라 싸우라 싸우라 힘이 납니다 함께하니 감사합니다 어차피 10년 20년후에는 재판 ai로 이루어질겁니다 법원의 민낯 검찰의 칼춤 더이전 경찰이었고 군대였던 그들의 험한짓들 그거 그저 허리세우고 목에 힘줄 자리 없어지는게 두려워 그랬던 걸까요 사적이익이 막히는게 저러다 죽게되는 것보다 싫은거겠죠 마지막까지 왔다는걸 인지한 미친춤판 같습니다 앞선 바보들과 똑같은 판단은 결국 버림받게 될겁니다 고단하지만 우리는 정의를 기댈곳 새로 세워야하는 또 고난한 숙제를 고민해야 되겠군요 민주시민이 천천히 꼼꼼하게 끝까지 잘 해보겠습니다 명확한 정리 아름답다 늘 감사합니다 이런게있었네 자기전에 필참 저 두 인간을 보면 혈압이 오른다 조희대 천대엽이 대법관이라니 대법원 수준이 어쩌다가 이지경까지 윤석열같은자가 대통령이 되어 나라가 절단이었다 그나마 똥불차서 3년만에 파면되어 대한민국이 천만다행이다 대통령이 공표해서 국민투표로 결정하면 안되나요 헌법에 보장된 유일한 국민주권의 권력을 국민이 행사하도록 해주세요 헌법위에 군림하는 판 검사 법원 언론 사입종교 카르텔을 청산해야 이 나라가 바로설수 있습니다 조희대와 주변 판사들의 말과 행동을 보면 자신들의 잘못은 철저하게 합리화 하고 자신들의 판단은 다 맞다는 오만함이 느껴진다 이러한 행태는 윤석열과 매우 흡사하게 느껴진다 이런 사람들에게 많은 권한을 주는 건 매우 위험하다 권한을 가지고 있으면서 자신의 잘못을 제대로 인정하지 않는 사람에겐 반드시 견제 장치가 필요하다 사법권 판사 독립을 얘기할 수 있는 판사는 일반 시민들보다 더 도덕적이고 더 엄격하게 자기 행동을 절제하는 사람에 한정된다 조희대와 주변 판사들은 사법부의 독립을 말할 자격이 없다고 생각한다 이 두사람은 이미 사형 무기징역이라서 더 잃을게 없으니 국민을 버리고 버티는거 아닐까요 물론 이런사법부사람이 더 많을테고 한번에 빠르게 구속수사해야합니다 답답해서 숨 넘어갑니다 그는 그의 입장에서 곱게 그려온 그림을 읽으며 붉어지며 반사되는 낝빛을 보니 양심은 있는 것 같은데 그것을 스스로 움켜 숨겨 거부하는 모습이라니 그 순간의 자상앞에 거울을 놓았다면 그는 반사된 자화상 앞에 어떤 속삭임을 삼켰을까 희대의 극 어리석음엔 약도 없다 던데 왜 우리의 가슴엔 후 찾아드는가 정신 똑바로 차리겠습니다 민주당 정치인들 본인이 원하는 목표 이뤘나요 아니면 지선이라는 새로운 목표가 생겼나요 많은 시민들은 아직 아스팔트 위에 있습니다 역풍이요 정무적 판단이요 총선도 승리로 대선도 승리로 우리는 뭘 더 해야 할 까요 민주당 의원들 진정성을 의심 하지 않겠습니다 문재인 정부 지지율 80 넘던 시절이 있습니다 근데 지금 누가 그걸 기억하나요 윤석열한테 속고 이낙연이라는 기회주의자만 기억하지 이재명 정부도 아무리 성과 내어도 개혁 못 하면 기억 너머로 사라질지 모릅니다 이재명 정부와 민주당은 개혁을 꼭 성공 해주십시오 옳은 말씀에 정교수님 박수를 보냅니다 대통령님 눈을 보고 발언 해야지 조희대 정준희 같은 정치 석학 대가는 지상파 공영방송에서 봐야하지 않을까요 너무 아깝고 지성낭비네요 어서 mbc나 jtbc에서 스카웃 하시길 오늘도 고맙습니다 지치는 마음 달래 주는 논 모두들 힘냅시다 화이팅 조희대 천대엽의 호들갑난리 뭘잘한게있다고 시끄럽게하는고 무엇이 공정 인가 공정 공평하고 올바름 우리는 계속 민주주의를 말하고 있고 찾고 있는 것 아닐까 인간이 만든 추상적 관념 관념 어떤 일에 대한 견해나 생각 현실에 의하지 않는 추상적이고 공상적인 생각 머릿속에서만 떠오른 생각 즉 인간사회의 이상적 모습을 언어로서 규정하는 정의 내린 개념 개념 idea concept 철학 여러 관념 속에서 공통된 요소를 뽑아내어 종합하여서 얻은 하나의 보편적인 관념 언어로 표현되며 일반적으로 판단에 의하여 얻어지는 것이나 판단을 성립시키기도 한다 개념을 규정하다 민족 국가 양심 도덕 윤리 법 정의 불의 공정 불공정 평등 불평등 자유 평화 뚜렷한 물질 사물처럼 손에 잡히지 않는 것들이다보니 머리가 아프고 헷갈리고 혼란스러워지는 건 아닐까 인간의 사고 는 언어 그 언어가 만든 인간 스스로 정의내리고 설명하는 개념에 의해 체계 질서 사회 체제 국가를 만들었다 공동체 모든 구성원들의 이 개념 관념 에 대한 인식에서 해석까지 또 대립하는 이념 즉 이데올로기인 공산주의 VS 자본주의 공산주의 VS 사회주의 권위주의 전체주의 VS 민주주의 민주주의 자본주의 정의가 중요하다 공정이 중요하다 공평이 중요하다 양심과 도덕과 윤리가 중요하다 법이 중요하다 이런 생각에서 출발한 국가와 민주주의는 철학이 베이스다 바탕이다 오늘 뉴스 공장에 마이클 샌델 교수님의 인터뷰 내용 이 방송됐는데 정의란 무엇인가 지금 우리가 마주하고 있는 맞닥뜨리고 있는 문제라고 생각한다 정의 를 어떻게 정의 할 것인가 규정 결정지을 것인가 할 것인가 공정을 무엇이라 정의 내릴것인가 정의 진리에 맞는 올바른 도리 바른 의의 정준희님 속 시원하다 감사합니다 법원개혁 합시다 조희대와 그 조무라기 판사들 발악을 하는 이유는 내란에 동조했기 때문에 내란범 피의자 조희대 탄핵하라 즉각 법원행정처 해체하라 사법개혁 반드시 특판 가즈아 내란종식 조희대의 부인과 김건희와의 사적 관계는 없었는지 뒤를 조사 해 봐야할듯,1,1
Q6xI2fgZbyw,투나잇이슈 통일교 윤영호 추가 폭로 없어 여야 관계없이 수사,여야 모두 공평히 해야한다 통일교 에서 돈 처드신 여 야당국회의원 들 싹 조사하라 몽탕 잡아 처넣어라 이재명의 특검은 통일교에서 똑같이 여당 야당에 돈을 줬지만 재명이는 여당은 조사 않고 야당만 당을 압수수색한다 웃기는 재명이 특검이다,0,1
ynCKIg76Qhk,통일교 때리던 전재수 의혹에 발칵 친명도 얽혀 완전 난리났다 박상규 시사평론가 굿모닝 대한민국,인터넷TV 신규가입시 최대 48 휴대폰 통신사 변경시 최대 30 정수기 렌탈시 최대 30 총 108만원 혜택 혜택이 타사보다 적을 경우 차액 150 보장 천벌받을인간들 제일 무서운것이 인간이라고 하더니 정말 대단하네 국민들이다들바보다 국회해산 시의원 구의원도 조사하라 민중기구속하여특검팀도특검해라 수사해라 민중기를 특검하라 국민들의 명령이다 통일교에서 돈받은사람들 모두 특검해주세요 특검수사 덮은자들도 특검해주세요 한심한놈들 특검이 특검 받아라 정치인들 국민혈세로 급여 받고 국가와 국민을 위해 일한게 야니었다 이게 나라냐 국민은 개돼지로 여겼네요 연예게 카르텔 종교 카르텔 특검하고 국정조사하라 통일교해체 하면 이죄명 민주당도 해체해야 맞는것입니다 종교는자유 법적보장 엄청나게 자책꼴이 터지네요 전재수 지금 어는 시대인데 돈 받고 시계받고 그러냐 논두렁에 버리지 말고 조사 받아라 법위반 주동자가 법운운 하니 기가찮다 개혁은 이재명부터 해야한다 특검을 특검하라 더불당도 통일교 돈받았다하니 통일교 해체하란다 전과4범구속 박상규님 평론 감사합니다 전재수 부산 에서 정치끝났다 전재수 장관자격없다 정치생명 끝났다 특검자들 다 특검해서 구속하라 특검해야 합니다 관련이 없지않겠지 돈이 나오는데 한겨레신문 이 보도했다 이제야 세상이 바로 서겠네 한겨레신문 화이팅 정치인들 매일 뉴스에 사고치면 나라 발전을 위한 일은 언제하나 참 한심하다 겉 다르고 속 다른 파렴치한 인간들 이제 종말이 닦아 왔내요 침몰 중입니다 곳 악법통과반대해주셔요 악법통과반대해주셔요 제대로 먹은 놈들 떨고있네 다 썩었다 해수부 부산으로 꿈깨어라 이재명은 보통 인간은 아니다 끔찍할 뿐이다 금품수수한 전재수 감방가즈아 이런 놈들을 특검해야 한다 전재수도 전과를 달아야 옳은 더불어민주당원이 되는거야 해양부옮긴다고 난리났다 부산으로 전재수 부산나오라고 이재명 가 해수조 부산으로 옮기는데 죠졌다 전재수 이것들아 하늘을 손으로 가릴려고 천벌 받을놈들 민주당호 침몰 중이네요 바다깊은 수중에 묻어 버리네요 곧 말로만민주완전호박씨나는괞찮아이런것들에속는것인지 그쪽만보고가가서그런것인지언론사법부한심하다우리는진실을외면하는데도속고속고하는가우리사회는는진실을버리고왜곡만이진실아니면말고 반전은 돈받아서 죄명이 한테 받쳤나 나라 민족 최고중요하지 세상의 모든 정치인은 거짓말쟁이 사기협잡꾼 도둑놈이지만 도덕적인 척 선한 척 척 척 안했으면 참 좋겠다 원래 뇌물주는 사람은 바보가 아니라 반드시 기록하고 관리하는것 나중에 혼자 무너지지 않기위해 보험 드는거니 이죄명 구속시켜야된다 노무현 논두렁시계 민주당 은 시계 가 악재를 부른다 장관직 만 아니고 의원직 더 낳아가 귄성동 처럼 실형으로 갈겁니다 민중기는왜체포하지안는거냐빨리체포해라이게나라냐 친명도 얽혔으면 문재인 키즈는 당연히 넘쳐나겠네요 특검에도 얽혀있을거고 좋와요 박상규 진심으로 화이팅 입니다 특검부터 특검하라 범죄자다 민주당은 내로남불을 하지말아 전재수도 빨리 구속수사를 하라 국민의힘은 머뭇거리지말고 다거 지게 고발조치하라 야무지게 좀허라 박앵커님 항상 정확하게 꿰뜷어 보시고 논평하시는 모습 편하게 듣습니다 토일교회에 엄포 때린거다 박상규 평론가님 늘 믿고 보는 평론 감사합니다 민당도 나가리다 뻔뻔한 특검을 특검하야죠 아닌척 고고한척 돈받은 국회의원들 모두 구속하라 구속하라 구속하라 국민웃습게보는민주당해산이답이다 이재명 은 표현도 끔찍한 갔다쓰니 성향도 두말할것도 없는듯 까르띠에 시계 최하 4천만원입니다 추미애는 오래 전부터 막말로 신문에도 오르내렸다 대한민국 대통이 가죽을 벗기다니 이런 표현이 교육상 밎는 말인가 부끄럽기 짝이없다 수사하다 나왔으면 수사해야지 누구는 하고 누구는 않하냐 전재수 깨끗한 척 하더니 제일 구려 더불어민주당 해산 해야하지않나 뭐가 엄청난 비밀 숨어 있는 것 같네 윤통 석방하라 윤통 석방하라 방송 감사합니다 완전히 도둑놈 소굴이네 정청래 국민의힘 통일교와 연관되있다면 정당 해산감 이라고 하더니 민주당이 통일교와 크게 연결되어 있다하니 벙어리처럼 입 꾹 다물고 있다 자기 말대로 민주당 해산해야지 왜 해산 하지 안나 이것도 내로남불 인가 해산 안하나 내로남불인가 통일교회 부정한돈국민의힘조사 구속하고 민주당 대통령관련자 전재수 장관 특검 이제 경찰에 이첩 특검해체하라 펜에낭송 박상규 앵크 철져하게 방송 늘리알려주세요 죄명사임 재수구속 민주당 가담자 철져하게조사하세요 지금 까지 보니까 이재명 이랑 손 잡은 사람들 다 팽 당 하네 전재수 이중 인격자다 특검받아라 알고 있었을 텐데 재수가 돈절때 안받았다고 뻘 뻘 뛰더니 재수가 재수핸네 이재명이 통일교 해체 운운 하는것 보면 통일교 관련자 전재수 외 모두를 트컴하면 국힘당도 민주당과 대등한 싸움이 돌것입니다 특검을 수사하라 야단났네 야단났어 통일교 돈과 뇌물을 여야간에 같이 꿀꺽 먹은 듯 일타쌍피로 두 세력이 쥐덫에 찰칵 잡혔고마 깨소금 맛 윤영오는 다불어라 공갈 협박 죄 추가 민트컴 한심하네 권력은 권력으로 폭망한다 반드시 이재명을 탄핵시켜야 한다 온나라가 인권불평등 독재가능한가 털보 강냉이 털어서 짤짜리 해서 뻥튀기 해부러 이재명이가 통일교를 해체시킬 수 있을까 어떻게 해체하지 그리고 통일교는 더 깔텐데 제발 통일교 해체시켜라 이재명 전재수 쫄딱망했다 이재명 이도 같이망했다 통일교측에서 돈을 받은 민주당의원들을 밝힌다고 하니 지레 겁을 먹은 이재명이 통일교단 자체를 해산시킬수도 있으니 입다물라 라고 윽박을 지른 것이지요 만대는 가야 후손이 살지 통일교 당하기전에 들 고일어나세요 늘 그러하지 않았나 권선동의원은 왜 잡아간어 똥이 똥보고 가죽을 벗기겠다하는 그똥이 정말 웃기지 않아요 전재수도 지저분한돈받은건가 장관자리국회의원 잘리 내놓고 그만두라 깨끗한인간인줄알았는데 그나물에 그밥이네 정치 하는 인간들은 돈 돈 돈 돈 국민들은 그래서 국회의원들을 곱게보지 않는다 전재수씨 끝까지 재명이하고 끝까지 싸우세요 민주당 내로남불 당 주특기 안받았다고 한놈들 감옥 안간 놈 없더라 반전에 반전이면 원위치 아빈가 부산시장 국민은거부한다 박상규 항상 속시원합니다 국정원장 이종석도 이름 까발렸음 민주당 돈먹은 인간들 싹다 전수수사 해야한다 이재명도 다알고 있다 법조계 정신차려라 받아서 바치니 장관 한자리 준거 아니냐 해수부도 재수 부산시장 당선위해 빼서 부산에 던져 준거 아니냐 죄지은거 뿌린대로 거두어라 내꺼주고 당할수만 없지 탈 탈떨어 먼지 한톨까지 다 까발려라,0,1
HrpAI2QkWFk,내란전담재판부와 통일교 게이트 백해룡 수사까지 이동형의 진단은 이동형 251210 방송,마약특검 해야한다 마약수사 무마의혹은 평론의 영역이 아니다 마약이 대량으로 들어왔다 팩트 정황이 있지만 아무도 처벌받지않았다 팩트 청와대 청원 해야할듯 마약사건 특검 국민이 해야죠 수사기관의 의심 있는사건에 관련기관 압수수색조차 제대로 안하고 완전 무혐의를 발표할수있나 난그게 더이상해 특검으로 가야한다 검찰에 맡기면 안되고 핵심은 수십키로 마약이 인천 세관을 뚫고 국내로 반입 되었는데 이걸 마약범들이 단독으로 했겠냐 댓글이라도 정상이라 다행이네 진실을 가리려 한 사람을 이상한 사람으로 몰아가려하네 그렇게 대량에 마약이 수십번 들어오는데도 세관이 몰랐다면 진짜 대한민국 새관 문제 있는거 아니냐 그럼 다 처벌하고 징계해야지 세관 직원들과 상사들 다 근데 누구하나 징계 먹었다는 소릴 못들었다 마약범들이 몸에다 찡찡 감고 검색대를 무사 통과하는 경우가 한두번도 아니고 말이 된다고 생각하나 수사 검사놈들이 수사를 하는척만 하고 제대로 안해 무죄를 만든거 아닌가 실체가 없다 그럼 마약이 세관을 통과하지 않았다는건가 이동형 욕좀 먹어야겠다 이거 특검해야겠네 양쪽 다 덮을려고 하네 냄새 진동을 한다 압수한 마약은 밀가루고 보도된 cctv들은 재현한것이고 확증편향으로 수사팀해체 좌천된것은 망상이냐 다 필요없고 당시 지적당한 관세청 놈들이 휴대폰 교체한게 증거임 백해룡수사팀은 왜 해체시켰나 수사를 이어간 조직은 왜 아무것도 못 밝혀낸 건가 기본적인 물음에도 답을 안하고 덮으려는 자는 누구냐 국가와 국민의 미래가 걸린 마약문제인데 그냥 지나갈 수 없습니다 반드시 특검 가야 합니다 백해룡에게 힘을실어줘서 수사하게해야한다 아니 마약 수사를 밝히려는데 다들 쉬쉬하고 막는거지 신기하네 어느날 갑자기 하늘에서 마약이 뚝 떨어졌네 몸에 마약을 테이프로 칭칭감고 세관을 통과했다니깐 이건 사실이잖아 그게 가능해 누가 문을 활짝 열어줬으니 들어왔고 수사외압이 있었으니 백해룡경정은 좌천된거고 검찰을 믿냐 임은정도 정의로운척 하더니 검사였다 확증편향은 이동형이 너 같은데 동형아 법사위 의원 구성이 너무 강성일변도라고 헉 어이가 없네 국민들이 원하는거야 동형아 말도안되 무슨 확증편향 증거가있는데 생각이라고 왜막는건데 들어온건 팩트 잖어 이동형 너야말로 확증편향이다 숨기는자가 범인이다 자꾸 덮으려는자가 점점 늘어나네 마약이 실체다 임은정 검사장은 변신 자기 보호 자기 출세욕에 똥검에 스며들어간 것 에라이 기득권 평론가야 그러나 은 응원합니다 이동형이 뭘 안다고 저 딴 소릴 하고 있냐 어이가 없네 몸에 마약을 감고 들어오는게 가능하다는거냐 세관이 봐주지 않고 불가능하다 용산에서 불편해한다는 전화통화는 뭐냐 물타기하지마라 마약수사는 특검해야한다 마약은 하늘에서 떨어진거야 동형아 단언하지마라 마약사건은 너무 상식적이지 않다 더 조사해야한다 아 지금도 몸에 마약가지고 잘 들어오겠다 세관은 관여안했다 불기소 세관이 왜 필요한가 백혜룡 경정이 못 밝히는게 아니고 연루된 검찰 정치인들 단합해서 벌써 결정적인 증거들은 다 인멸했을텐데 수사 인력도 그렇고 권한도 제한적이라 못하는 것이다 이동형 작가는 꿈과 희망의 꽃동산에서 살다 왔나 왜 저런 생각없는 소릴 하는지 심우정이가 세관직원 압수수색 기각한 것 수백킬로의 마약을 압수한 것 마약수사팀 해체된 것 등이 다 확증편향 마약은 이미 풀렸는데 아무도 책임지는 사람이 없다 모든 사람을 비평하지만 본인이 맛탱이 간거는 모름 이동형 말대로 세관이 무혐의면 세관들은 직무유기로 구속해야한다 어떻게 일을 했길래 마약범들이 몸에 마약을 둘둘 말고 인천공항을 그냥 들어올 수 있단 말인가 메타인지 비판적 사고 이동형은 지만 잘난 줄 안다 국민은 바보냐 백해룡 경정을 지지하는 국민들은 다 확증편향을 가진 자들이냐 국민도 비판적 사고 및 메타인지 판단을 할 수 있다 세관들이 혐의가 없다면 직무유기로 다 잡아들여서 처벌해라 마약이 불법반입 됐다는것이 사건의 본질이다 확증편향 같은소리 하고 자빠졌다 이동형의 입이 민주진영의 늪이 될것이다 그런데 어떻게 마약을 몸에감아서 공항을 빠져나올수 있었는지 대답좀 세관연루아니라면 설명좀 어마무시한양의 마약을 몸에 칭칭 감고들어왔는데 세관을 의심하지 않는다는건 미친거다 무혐의 도저히 납득하기 힘들다 이동형씨는 수사관이 아니지 더구나 마약수사관은 더욱 아니지 마약사건 아직 설명되지 않은 것이 많다 이동형 씨 섣부른 거 같다 그걸 왜 이시국에 이시점에 터트리냐고 바로 수사안하고 왜 끌다가 지금하냐고 뭘 덮을려고 말이 안돼 한번이 아니라 몇차례 반복적으로 들어 왔다는게 말이 안되지 마약특검 따로해라 임은정도 검사란 사실을 알아야 한다 그런 대량 마약이 인천공항을 통해서 들어온게 말이 되냐 세관의 도움없이 가능하다고 어이가 없네 멍청한 소리 확증편향은 이동형이 걸린거 같다 조희대를 탄핵해야한다 계속말만하면 마약수사 특검하라 임은정 교체하라 특검 갑시다 머가 무서운가 특 검하세요 이전정권이나 그 전정권 모두 마약게이트는 이상하게 끝이 흐지부지 끝나는거같네 책상에서 수사하는 검사와 현장에서 죽을 각오를 하는 수사관과 어떤 자에 말이 맞는가는 이미 결론 난듯 은정도 결국 검사의 그늘에 있는것이다 차라리 대놓고 탐욕스러운것이 낫다 열길 물속을 알지못한다 유치하다 내란전담재판부가 생겨봐야 현재로선 어짜피 조희대가 최종 3심 하잖아 이동형 백해룡을 확증편향으로 몰고가지말고 수박이 아니라면 정신차리거나 말 아껴라 증거인멸되었을거다 이건 임은정을 의심해야되는거지 팍트가 있는데 확증편향 에휴 감이 많이 떨어진것 같다 차라리 모른다고 하는게 좋았을것인디 대통령실도 만난적없다는데 누가준거짓정보냐 팩트는 마약이 들어 왔다는거 이동형이 뭐라고 답을 구하듯 하는지 모르겠네 백해룡이 거짓말 하지않았다라고 생각한다 확증편향 뭐야 이동형 에헤이 백경정님 좌천은 왜 되었을까요 날 설득해주시오 마약을 몸에두르고 있던 마약범사진도 떡허니 있던데 이사진이 합성이란거냐 그리고 컴퓨터 죄다바꿨다는데증거인멸아니냐 진술이야 맞추면되는거지 사진도 조작이란거냐 이동형이 맛이 갔네 통일교 측이 언제 시계와 금품을 줬는지 시기를 특정하지 못하는 것이 아니라 시기를 특정할 수 없는 것이죠 전재수 장관에게 준 일이 없으니 말이죠 통일교 이 놈들이 물귀신 작전을 하는 것 같은데요 국민들이 원하는대로 하는것이 정답 백해룡에 맡겨 제대로 수사해야합니다 백해룡이 확증편향 그렇다면 백해룡이 확증편향 있는 것을 구체적으로 설득력 있게 반박해 봐라 확증편향적인건 이동형이 아닐까 요즘 이사람의 말을 들으면 그런 생각이드네 그럼 최은순 내연남 메모에 있던 말레시아 700킬로그램은 뭔가요 실체가 없는데 마약을 몸에 줄줄이 달고 세관을 통과하는게 말이 되나 어떤 정신나간 사람이 죽을 각오를하고 마약을 들여올까 한국은 형이 가벼우니까 걸려도 쪼금 살면 나올수 있어서 이동형씨 그럼 마약이 어떻게 인천세관을 통과 가능할까 당신은 마약밀수가 가능하니 그럼 인천공항 폐쇄해야한다 이것아 오늘 이동형은 자신의 오늘 의견에 대해 책임을 저야 한다 적어도 작게라도 사과라도 책음을 나중에 필요하면 져야한다 저분이 확정편향이건 아니건 상관은 없는데 의혹에 명확한 답이 있고 그걸 주장해야지 그럼 좌천은 그냥 벌어진거고 마약 통관은 어떻게 된거임 좌천은 정상적인 인사 절차고 통관은 그냥 세관의 무능인가 이동형이 확증편향에 빠진 듯 멀쩡한 사람을 정신이상자로 몰고가네 이동형씨 확증편향이라니 정신과 진단서라도 봤나 들어온 마약은 어떻게 설명할껴 그럼 안들어 왔나 그럼 여기에 연류된것들은 승진내지는 좋은 보직으로 발령나고 백경장만 좌천된건 어찌 설명이되나 연류설이있던 세관원들도 여기저기 보직받아 옮겨 같던데 해룡 형님 욕보이지마라 재도 아니고 임은정도 아니다 임은정에겐 배신감이 크다 검찰은 검찰이다 확증편향에 빠진건 이작자 애초에 마약은 특검대상이다 내란 못지않게 중요한 범죄다 이태원참사때 말도 안되는 대처때 이미 예견되었던 것이다 이동형 감히 뭔데 어디서 백해룡경정을 평가해 오히려 이동형이 확증편향에 빠졌는데 압색 한번없이 없던일 수십 수백 킬로 마약이 지발로 걸어들어왔냐 아니 왜 세관이 문을 열어줬는데 재들이 미쳤다고 몸에 테이프로 붙여서 마약을 들고오냐 그걸 설명해보고 마약범들 그냥 보내준것도 설명해봐라 특검으로 가야 합니다 도대체 누가 관여되어 있길래 버닝썬부터 이 마약밀수건까지 아무도 못 건드리냐 이건 정권을 가리질 않네 실체 없는 사건인데 백해룡을 왜 지구대로 좌천시켰을까 이동형아 내란전담재판부가 1심부터 가능했던 상황이냐 당선되고 특검 만들고 관세협상 APEC까지 이어졌다 영장수사 막아서 수사범위가 축소되었는데 왜 필요가없냐 안 끝났다 그 많은 마약을 그리 쉽게 공항을 통과한다고 상식이 있는 사람은 믿을 수 없다 이동형이 균형을 잃었네 8번이나 그 많은 양의 마약을 인천 공항으로 들여 왔다 어떻게 공항으로 들어올수 있나 왜 마약 수사를 강제로 중지 시켜 왜 압력을 행사해 그 몸에 붙여 들여 온 사람들을 왜 풀어줘서 지들 나라로 가게 해 이 정도로도 적지않은 의구심이 넘 많다 아니 실체가 없으면 용산은 누구의 이야기를 듣고 무마했고 마약범은 어떤 조력을 누구에게 받았고 국내 마약 조직에는 어떻게 얼마나 들어갔냐 뭐 이런 수사는 안한거냐 그냥 모두 무혐의면 누가 납득을 하냐 오해라면 이러저러해서 오해였다 이건 불가능하고 이런 식이었다라는 설명이 논리적으로 있어야지 난 백해룡 말에 공감하는 편이다 백해룡 경정이 확증편향이면 박정훈 대령도 확증편향 이냐 이동형이 저렇게 말하니 백해룡 말이 맞는거 같네요 이동형 이 사람은 말 참 쉽게 내뱉네 당신이 수사를 했습니까 마약 무협의 확증 편향 실체 없는 사건이다 얘기 나올 떄 서로의 표정을 보면 권순표 아 그렇군요 의심의 눈초리 이새기 뭔 개소리 하는거지 이동형 순표형님 그냥 눈치껏 대충 넘어갑시다 작가는작가네 처음부터끝까지 지혼자 소설을쓰고앉았구만 이동형 정신 차리자 이동형 뭐지 맛이 많이간 이동형을 아직도 부르네,1,1
06WLrVc-NL4,국힘 당무감사위 당게 작성자 한동훈 가족으로 사실상 특정 강성필 김종혁 박원석 251209 방송,응원합니다 명백한 정당법 위법행위 저지른 이호선 장동혁 반드시 처벌받으시길 김종혁 최고위원님 응원합니다 지지합니다 화이팅입니다 최곱니다 장씨랑 이호선은 개인정보보호법위반으로 고발했다던데 장똘 나빠루 다리사이에 놀고있다 에라이 장똘 사퇴해라 아니면 끌어낸다 국민들 이호선 장동혁 정당법위반 개인정보법위반으로 고발합니다 장동혁 한심한 작자가 하는 짓이 참 볼썽사납다 끝까지 발악을 하는군 이제 사그리드는 불꽃 아무리 부여받아도 너는 끝이다 장동혁 장동혁 고소하자 당원게시판열람 불법인데 이것을한다고 고소하자 장동혁 지도부 사퇴하라 권순표의 굳굳굳 당게 윤거니 욕한게 뭐가 잘못했나 윤거니 욕처먹을 짓을얼마나 많이했냐 장동혁은 유통기한 지났어요 버려야합니다 불법이면 고발하세요 장동혁 장예찬을 무슨 자격으로 국힘 참 수준 떨어진다 장동혁은 끝났다 부러우면 실력과 부지런함으로 이겨라 그리고 내돈 내놔라 사기꾼아 장동혁이가 미쳐 날뛰는구나 불법이면 고발을 하던지 고발도 못하는 것들이 연기만 피우면서 난리네 장동혁 이호선 당원정보 맘대로 보고 떠드는거 쇠고랑감 아닌가 방송은 싫어 했는데 진행 패널도 그렇고 진행 하시는분도 앞으로 종종 시청 합니다 넘 좋아요 구독 좋아요 합니다 장변심은 민주당 이슈 덮어주는짖만 하고있네 권력 욕심에 뵈는게 없네 당게 윤건희 비판 감사패를 수여하라 한동훈 토크콘서트 열기에 발작하는 장발작 찌질이 장배신 끌려 내려올거임 국짐당은 사람생명을 파리목숨취급하는 무섭고 잔인한 정당이다 깜이 안되어도 전광훈이 눈치 봤는데 지나치게 깜이 안되는데다가 피해만 끼치니 날려야지 장동혁 이호선 당게시판 으로 고소해라 개인정보보호법으로 정당법 위반으로 고발하세요 경찰에 고발하세요 윤석열 무죄받았도 정치는 못하지 뭘 잘못했다고 한대표는 떳떳하게 상관없음 당게는 써라고 있는 거 동혁이 실수했다 넌 끝이라 본다 지난번 통일교 명부 조사하려고 하니 정당법 개인정보라고 니들이 말했지 동혁아 정계 떠날 생각하거라 장동혁이 드뎌 미쳤나봅니다 아이고 장 동혁 너 계획이 이거였어 장동혁은 전한길한테 면접 합격했읍니다 그래서 당대표에 오른거죠 전한길이 사과하라는 지시가 있어야지요 장동혁 나경원 저것들이 공통적으로 하고있는 생각은 대한민국이 망하든 말든 나는 대통령할거야 서울시가 망하든 말든 나는 서울시장할거야 국민들이 어찌되든 몰라 난 대통렴할꺼야 내앞길 막지만 다비켜 이겁니다 이렇게 생각하면 저것들 하는 행동 백퍼 이해가 갑니다 야이 모지리들아 나라가 망하고 국민들 삶이 망가지는데 대통령해서 뭔들 서울이 망하고 서울시민들이 망해가는데 서울시장이든 뭔들 이것들은 머리가 초등학생들보다 안돌아가요 권력에만 쳐미쳐서 국가와 국민을 위해서 정치를 하는게 아니라 오로지 개인권력 대통령 서울시장하고 싶어서 정치하고있는 모지리들입니다 장동혁 의계획이 한동훈 당무감사 검찰들 못봤냐 다너희들 같은 인간들이 이렇게 만들었냐 정말 한심한 놈들 윤거니 욕하는게 뭐가 문제냐 그렇게 한가하냐 지지율이나 챙겨라 아직 덜망했다 어디까지 망하는지 봐주께 난교 장예찬 여의도정치연구부원장 뭘 연구하라고 저기요 장동혁이란 인간넘은 배신을 일삼아 사실 전한길 고성국 윤어게인 배신 할수 있어요 그렇게 할넘 이구요 그런데 장동혁 숨은뜻 모르시죠 만약 전한길 등 윤어게인 절연하고 중도 보수 잡겠다고 통합 외치며 친한계랑 손 잡는 순간 자신이 서서히 도태 된다는거 알아요 그래서 차라리 욕을 얻어 먹던 나락으로 가던 갈때 까지 윤어게인 세력 지지로 버티면서 한방 이란 것을 외치고 있는 겁니다 정치가개념없으니 국힘당 정치인들 지방선거 도매급 으로 타격 예측 장동혁은 당대표가아니라 정치할깜이아니다 원인은 다 망각하고 변함없이 장동혁이가 윤석열이 닮아서 그렇다 국힘은 해체가 답이다 김종혁 최고위원님 응원합니다 지지합니다 화이팅입니다 최곱니다 장동혁 이호선 고발하라 익명 익명 뜻 모르냐 분하다 장동혁은 하루빨리 사퇴시켜라 김종혁님 응원합니다 존경합니다 장동혁 퇴출이답이다 부글부글 끓어요 국힘 이래 엉망진창해서 대체 뭔 이익이 있는지 장동혁은 뭘얻을려고 똥볼을 차는지 안타깝네요 장동혁은 이미 골든타임 놓침 윤어게인이나 한어게인이나 도긴개긴이다 국짐당에 제대로된 인간이면 붙어있겠냐 김종혁씨 주진우가 당게 사건을 조사해서 무혐의되었다고 설레발치더니 결국 거짓이었네 평생을 돌봐준 굥과 쥴리를 배신한 양아치 한동훈 악마가 따로없네 장동혁 팬덤 장풍 200명 장동혁이는 바보예요 장동혁 일마이거 감이 아예없는 꽁통인데 이런애뿐인가 한심한 국짐버르지당 해산시키자 빨리 응 나도 온가족이 윤석열 비판글 올렸어 어쩔 장동혁이 매번 민주당을 구해준게 우연이라고 생각하다니 우연이 겹치면 필연이지 장동혁은 오래전부터 민주당에서 꽂아넣은 스파이란걸 아직도 모르냐 윤거니 범죄자 욕했다고 당무감사 하면 당대표 한동훈을 가발썼다면서 뱀에비유해 인신공격 비난한건 괜찬냐 내로남불 당게 관련자들을 당에서 색출해서 강하게 처벌해야합니다 최초 유포자에서 현재 장동혁 지도부까지 관리자도 아닌 자들이 불순한 목적으로 당게를 모니터 해왔고 접근했습니다 개인정보유출에 정보통신법도 심각하게 유려됩니다 국민들의 기본권을 침해하고 당원의 가장 은밀하고 솔직한 의견을 다 들여다보고 있는 놈들이 있고 그걸 불순한 목적으로 이용하는 놈들이 있는데 방치하면 안 됩니다 쿠팡보다 심각한 문제입니다 이정권하에서 개인정보보호까지도 위협받는 상황인데 이 문제를 방치한다면 어떤 법을 민주당이 만들어도 막지 못합니다 사전에 경종을 쎄게 울려야 합니다 다 쓸어 내리십시요 당게 관련자 당에서 처벌하실 기회입니다 당 쇄신의 기회입니다 민주당은 장동혁이 잇어서 든든하다 정신 안차릴거면 민주당은 이용할수밖에 없지 뭐 장동혁 지가 대통령 되려고 미쳐 돌아가는구나 심판 국힘이 당게사태로 문제삼는거 보니 국힘이 자유민주주의를 파괴하고 있다 똑같은 놈들끼리 밥그릇싸움 여상윈님이 당게로 장동혁이 사퇴시켰다 세분토론 잘봤습니다 한지붕 두가족 알콩달콩 싸우는거 재밋네 팝콘먹으면서 재밋게 구경중 윤석열 제2차 석방 못합니다 왜냐하면 내란수괴범 석방된순간 지방선거때 내란의당 참패합니다 김종혁 화이팅하십시요 당신뒤에는 우리가 있습니다 잘들어 당원게시판은 익명이다 익명이라 한동훈 가족이래도 한동훈이 가족이라고 이름을 발표하면 그게 불법이야 따라서 그 누구도 이름을 잘표하면 불법이야 국힘은 지금 불법을 저지른거야 국히믄 망해가도 정신 못차리네 한심한 사람들 국힘 너희들 고소할거야 판사가 신이냐 장동혁은 하나님께서 자신을 옳게 쓰고 계시다고 철석같이 믿고 있어요 정치를 종교활동처럼 하는 대표는 뭐냐 정교분리가 안된 사람이 당대표한다는 게 말이 되냐 장동혁의 질투 천벌 받을거 가족이 했다한들 대리로 벌받나 장배신은 꼭 배신당할거임 한스타 대한스타 한동훈 민주당 도우미 장동혁 사퇴하라 당게까라 한동훈대표님 포에버 차기대통령 끝까지응원합니다 김종혁위원장님 화이팅 응원합니다 윤건희를 비방했다면 상을 줘야지 비방한게 뭔 문제임 장동혁은 국힘을 포개고 있다 한동훈님의 티끌만도 못한것이 윤석열에 꼬리치던놈이 참 뻔뻔함 박원석님 논평을 객관적으로 대체로 잘하십니다 한동훈과 함께 존경합니다 개인정보보호법으로 정당법위반으로 고발하세요 경찰에 고소하세요 김종혁님 말씀에 동감합니다 장동혁과 이호선 개인정보 보호법 위반했으니 고발해야된다 한동훈이 어떻게 대처할지 기대됩니다 조선제일검을 보여주세요 어쨋든 한동훈은 뺏지달고 원수를갚아야한다 죽을날이 다가올거다 당게에 한동훈 그리 욕한거는 어쩔건데 장동혁 멍청도 말안들어요 궁금한게 한동훈이랑 국힘이랑 뭐가 다른지 설명좀 종혁이는 보면 일의 경중도 없어 다른방송 보면 팩트도 틀려 성철이와 더불어 간간히 일어나는 고소고발건 때문인지 판사님덜 비위 지키느라 그냥 전제가 무너진 사회악인 판사카르텔 감싸기 급급함 그럼 사법부 홍보쪽으로 일을하지 저딴 인간이 정치하겠다고 설쳐됨 사법부가 온전히 신뢰를 회복하고 본인들의 기득권이 아닌 제대로된 법을 집행할때나 정치권 입법 행정세력이 견제보다는 존중을하는거야 그런 기본도 모르는 것들이 정치를 하겠다고 국민불행 아니냐 가족이 총출동해서 당게에 남 욕하는 글이나 쓰고 둘다 똑같은것들 맞는데 국힘 지지자들 입장에선 개빡칠만 한거긴함 네분응원합니다 화이팅 정치인중에 한동훈만큼 청렴하고 올바르게 살아온 사람도 아마 드물거다 당게감사 한들 상식적인 국민들은 한동훈을 지지한다 장동혁은 찌질한 정치질하는거다 저는 아직도 한뚜껑이 총선때 울이재명대통령님 녹음들어주세요라고 헛소리하는게 자꾸생각납니다 가족의아픔을 이용하는진짜 개자식 아니 무슨 당대표를 끌어내리고 말고 헛소리를 하고있어 당원들이 뽑은거 아니냐 그럼 당원한테 재신임을 물어봐야지 당연하듯이 내려올거라고 얘기하는게 미친정당은 확실함 한동훈은 여야할것없이 깔려고해도 흠결하나 못찾으니까 당게시판 가지고 이렇게 난리다 아무문제될것이 없는데 패널 3명 뭐하냐 한동훈이 흠결없는듯 말하네 한동훈이나 장동혁이나 도긴개긴이지 과거 윤석열이 따까리 시절 한동훈은 잊었나보네 그러니까 한가발은 거짓말쟁이라는거잖아 한동훈아 당대표의 제1 책무는 대통령과 잘 협의하여 국정안정을 도모하는 자리이다 즉 당원과 평론가와 완전히 다른 위치다 그리고 가족중 1인의 뒷번호 4자리가 다른 가족과 동일하다는 것은 가족중 1인이 타인의 명의로 글을 올렸을 가능성이 매우 높고 이는 범죄행위다 한동훈은 고개숙여 국민의 힘 당원들에게 사죄하고 정치를 떠나라,1,1
9urn2GDFRsc,국힘 국회 앞 천막농성 돌입 장동혁 폭탄발언 2025 12 10,기가막히고 기가막힌 나라다 장동혁 김민수님 화이팅입니다 내부 암덩어리를 먼저 도려내야 장동혁 대표님 응원합니다 하루빨리 제명시켜라 40명없어도국민이함께한다 8대 악법 막아내야합니다,1,0
qxYBiXMBH5A,법왜곡죄 관련해 핵폭탄급 사이다 발언 날린 박형명 변호사 이런 휘양찬란한 회의장에서 생각한 게 고작 이런 법 법 왜곡은 누가 결정하나,마음이 뭉클합니다 대단하십니다 화이팅 시원하다 기가막히기기만힙니다 자격미달들이만드는 법은뻔한지들위한것들뿐이이다한심하고참담합니다 여지껏이러한일은없었다 참담하네요 옳은 말입니다 국민들은 모두 그렇게 생각합니다 짱 변호사님 멋지네요 국민은분노합니다 법치을살려라 재판받아라 존경합니다 맞는말씀입니다 말할기회가진 지도층들이 목소리 높여주십시요 옳은말씀입니다 대다수의국민들은 공감하실것입니다 훌륭하신 말씀 정말멋지십니다 바른소리 이분 너무존경스럽습니다 감사합니다 속이시원하세 뻥 이분 맞는말씀만하시네요 완전 시원한사이다발언 최고이십니다 최고십니다 바른말씀 감사합니다 거짓에 거짓은 진실을 이길수 없습니다 범죄자 는 엄중처벌 바랍니다 이게 국민 다수의 상식적인 생각입니다 정신이 올바르신분 감사합니다 고맙습니다 올바른소리 들으먄 감사눈물이 나요 국민들이 분노한다 우리의피와땀혈세다 외교대참사 외환죄 내란죄 국제왕따 가짜다 널리알려야 정말 멋 지십니다 속 시원하네요 구구절절 가슴이 저미는 정답만 쏟아내시니 이재명과 민주당이 식겁했겠네요 판사출신이시라더니 이런 분들이 헌법재판소 가 계셔야 하는건데 우리법연구회 그 냄새나는 것들만 잔뜩 머릿수 채우고 있네요 제발 제2 제3의 박형명 변호사들이 계속 나와서 반국가세력들 법대로 다 척결시켜주셨으면 좋겠습니다 응원합니다 잘하십니다 파이팅 용기에 감탄합니다 오 팩트 짱 시원 합니다 국민이결정 옳으소리 내주셔 고맙습니다 정확하고 올바르신분 존경의 대상이 되실 겁니다 바른말하시는분최고십니다 정말 분노가 치밀어 오른다는 말씀에 백번 공감합니다 감사합니다 최고입니다 든든합니다 사랑합니다 정말 오랜 만에 진정한 영웅을 보는것같습니다 반갑습니다 화이팅 어흠 굿 입법왜곡죄 제정 공개태형 어때요 국회의원들에게 적용하는 법왜곡죄 와 공직자 선언왜곡죄를 반드시 만들어 국회의원과 고위공직자등을 올바르게 살 수 있도록 해야 나라를 정상으로 만들수 있습니다 옳소 앞으론 잘찍읍시다 옳오신 말씀 참 한심한 작자들이 아닐수 없습니다 정말 가슴이 답답하다요 대한민국 살립시다 판사들제발범죄자이재명겁내지맙시다 맞습니다 악법들 막아주세요 두다리뻗고 잠을 잘수가 없습니다 정답입니다 요즘은 인격 인품 자존감이 전혀없는사회 너무 싫어요 대한민국이 왜 이지경까지왔는지 당황스러워 요 국회 대통령 권한휘두름 너무지나쳐요 옭바른말씀잘하시내요 이런바른말하시는분들이 많아져야한다고생각합니다 속이다시원합니다 앞로끄준이 국개들에게 쓴소리 바른말 하시는분들이많아야된다고생각합니다 화이팅입니다 1000 공감합니다 옳은팩트 최고최고입니다 굿 박형명님 정말 올바른 말씀 입니다 최고의 말씀 감사합니다 변호사님 올바른말씀 속이 시원합니다 동의하고 지지합니다 정답입니다 맞는말씀 고맙고 고맙습니다 국당은 이런분이 없어 세금만 축내 없어져야 변호사님 넘버원 이놈들은 답이없다 응원합니다 와 이렇게 속시원하게 발언하시네요 우리국민들 생각이 다 그렇습니다 속 시원하게 맞는 말씀만 하십니다 화이팅입니다 감사합니다 선생님 옳습니다 나라가 망할것 같습니다 참 뜻밖입니다 이런분이 또 계서서 희망이 생깁니다 신선합니다 그리고 정의롭습니다 변호사님 응원합니다 목소리 내어주세요 맞습니다 진짜 바른소리하는 어른 그리웠습니다 옳은 소리 법조인님들 나라를 위해 용기좀 내서 힘을 합해주세요 옳으신 말씀에 존경을 표합니다 속 시원하게 일갈 하시는군요 속이다 시원합니다 그래도 바로보고 바른생각 하시는분도 계시는군요 만들어 주세요 제발 정말 그동안 비상식 상황만 보다 이런 옳은 소리 들으니 가슴이 시원타 법외곡죄 진짜 대한민국 최고의 코미디지 상상도 못했다 우와 짝 짝 짝 저런분이 정치를 하셔야 응원합니다 당연한게 무시되는 대한민국 미국령으로 가즈아 분노합니다 민생 국익 일하라했더니 진짜 뻘짓거리만 반드시 부메랑 되어 민주 그 당 크 뼈 맞았네 겁나 아프겠다야 국민에게 물어보자는거는 인민재판 방식이다 맞습니다 국민도참담합니다 오직 국민을 위한다고 하겠지 우쒸 국민한테물어보고할것같으면 국회의원도 장관도 대통령도 필요없지 국민이 다 알아서 할건데 저도 분노가 치밉니다 국민의 각성이 절실한 상황입니다 내란여부가 결론 나지 않았는데도 범죄자들이 직접 내란재판을 하겠다니 기가찰 노릇입니다 걱정입니다 참으로 올백번 맞는 말씀입니다 부정선거로 당선된 인간들입니다 대한민국을흔드는범죄자들전부처벌합시다 용기 내주셔서 진정 애국자십니다 최고 국민들 토론 무조건 무시하는 것들 화가 난다 진짜 감동이네요 좋은 시설 자리에서 고작 한다는것이 나라 후퇴시키는 엉터리 생각을 하고있으니 민주당 해산하라 구구절절 옳은말씀 오랜만에 맞는소리 듣는데 눈물이 난다 이해가 안되는 상황이고 분노가 치민다 헌정질서 유지법 만들어주에요 내란은 민주당입니다 법 발의할때 누가 발의했는지 도 알려주세요 반듯 하신 분이네요 나라 지켜주세요 눈치 안 보고 할말 다 하시는 존경합니다 옳습니다 사법 파괴 막아야합니다 최고 이런 당연한 말을 하는 지식인들이 거의 없다는게 통탄스럽네요 당연하지만 귀한 말을 감사합니다 맞는 말씀입니다 동의 합니다 참 옳은 소리만 말씀하시네요 나중에 나라에 큰 일꾼이 되십시오 사법 헌정 질서 유지법 찬성합니다 사법부는 독재를 막을수 있을겁니다 최대한 버텨주시길,0,1
FUbX8-nz_00,추미애 이어 우원식 마이크 꺼주세요 국민의힘 마이크 발언 중지 초유의 상황에 뿔난 국민의힘,속터지네 말도못하게 하네 내란은 진짜 더블당이다 완전독재다 들어봅시다 국민도 들을 권리있습니다 피를 토합니다 피가 꺼꾸로 솟습니다 이 나라 목숨 걸고 지켜야 합니다 미쳤네 미쳤어 나라를 어떻게 이지경으로 쑥대밭을 만들 수가 있는가 국회 해산하라 이나라가 참미처돌아간다 우원식 나이 헛먹었다 저런인간이 국회의원장 참한숨만 나온다 국회의장인간은독재가 나경원최고네요 목소리에눈물이나네요 우원식이 국회의장이라고 더불당의 하수인이다 나경원 화이팅 나경원 진짜 투사가 되어가는구나 자유민주주의 최후의 파수꾼 완전독재 나라미쳐돌아간다 우원식 내려와라 나라망한다 국회법 좋아하시네 저런게 국회의장 이라니 우원식 왜 말을 법좋아하는 너희들이 법을 운운하는가 내란세력이뭔데민주당이내란당이지 나경원 위원님 말씀이 옳습니다 입법내란을 일으킨자를 심판합시다 우원식 지가 먼데 의회독재 그만보고 싶다 슬퍼다 국회해산이 답이다 우원식 실망이다 피를토하는 나경원 의원 응원합니다 나원경하이팅 나경원 의원님 옳으신 말씀 잘하고 계십니다 짝짝짝 우원식아웃 깜도 안 되는게 국회의장을 하니 국회가 개판이지 발언권을 막는 우원식 나경원의원님 하이팅 국민도 좀 알자 민주당아 쫌 조용히 해봐라 안들리잖아 16분 미쳤다 민주당 나중엔 국회 출입도 못하게 하겠네 부끄럽다 부끄러워 시장통이 따로없네 애들이 볼까 무섭네 민주당 급하다 급해 우원식도 극하다 급해 나경원 최고입니다 나경원 잘한다 깜도안되는게 국회독재 우원식 독재 시작하네 말도 못하게 막네 나경원의원말이 밎는말이구만 윤석열정권이 들어서고나서 부터 민주당의 국회폭거와 국회를 좌지우지하는 개판국회를 만들었지 그리고 언제부터 본회의에서 의제에 맞는 토론을 했냐 지금의 국회가 제대로 된 국회냐 민주당에입맛에 따라 마음 내키는대로 움직이지 인사하지마 나경원의원님 잘하신다 전광판에 무제한 발언이라는 것도 못읽나 원식군 가맹사업 법이 뭐가 문제이지 국민께 알려주세요 전쟁이네 에라이 나의원님 화이팅 나경원 나라를구해주세요 나라가망했다 잘한다 나경원 대통령이다 나경원 나경원 나경원 잘한다 저런꼴을 보니 5 16때 왜 국민들이 지지했는지 이해가 된다 진짜 국회 해산하고 군사혁명으로 나라를 한번 청소해줬으면 좋겠습니다 우원식 내려와라 우쒸 자격도 없는 인간이 기가 차네 나경원의원님 쵝오 넘 속상해 국민들이 듣고싶어한다 민주당은 고함치며 방해하지마라 나경원의원을 법사위간사 임명하라 나경원의원님 응원합니다 더불어당 해산하라 세금이 아깝다 좀들어줄 귀기울여줄 여력도없나 이게독주다 독주 위원장은 공정하게 하라 나경윈 화이팅 우원식 아웃 추미예입법독재진행국회선진화법위반으로고소고발해주셔요 내란은 더불어 민주당 이죄명 정부다 나경원 의원님 응원합니다 힘내주세요 내려와라 우원식 국힘당 나경원의원님 지지응원합니다 틀린말이 없군 우의장 너무 정치중립성 왜곡되어있다 저딴게 의장 이라고 나경원 예쁘고 능력이 짱 우원식 기본예의가 정말 쾅이네요 역시 민주당은 동료가 발언하는 중에 마이크를 끄다니 억압적인 고자세 어쩌면 이재명과 하는 짓이 같냐고 우원식 완전 돌았네 국민의 힘 의원들 여러분 방송 꺼는 것을 대비하시고 사설 마이크 가지고 나가서 연설 하세요 만진당은 눈쳐감고 귀쳐닫은 분들만 계심요 국민 세금 토해내라 누구지시받고 감히 독재냐 민주당우원식의장퇴장하세요자격없다 더불당이 내란당이라 생각함 우원식은 중립을 지켜라 의장이 중립이 전혀없는 내편 한테만 방망이 우원식 진적에 탄핵 시켜야 했다 우원식 나가 여당이 나경윈의원 너무 똑똑한하니까 방해을 하는군요 대한민국 국민들이 다보고있습니다 나경원 잘하십니다 최고최고 옳소 우원식 이런게 의회민주주의냐 니놈도 역사에 길이길이 빛나겠구나 추미애 우원식 정말 못봐주겠네 좋던 싫던 우원식 중립을 지켜야 한다 국회의장 이라면 제대로 역할을 해라 우원식 중국으로 보내드립니다 가서열심히 잘사세요 잘한다 잘한다 잘한다 잘한다 잘한다 나경원 전국민에 스피커에 대고 전국민에게 사실을 알리십시요 지금 저 우원식도 개딸들 눈치보는 찌질이 되는것 까지도 전국민에게 알게 스피커에대고 알려주시오 전국민 알권리 있습니다 이 모습 전국민에게 고합시다 나경원의원님 응원하고 지지합니다 국회에서 합의없이 다수결 법안통과는 자유민주주의가 아니다 무제한 토론까지 막는다면 입법독재다 우원식은 민주당의 국회의장이냐 여러분 6월달에 선거할때 기억하세오 공산당은 절대래 표를주면안됨니다 매두 떨어제게 해야합니다 민주당과 우원식 반성좀해라 이것들이 미쳤구만 국힘 분탕자들아 니들이 분탕치고 싸우는 위워님들 따로 있고 하니까 우원식이 국민의 힘 깔보고 저딴 헹동 하는거잖아 니들 분탕자들 국힘 지도부와 한 목소리 안낼거면 싹다 한동훈 따라 나가 나경원위원님 장동혁대표님 신동욱 수석최고 김민수 김재원 최고 화이팅 민주당 우원식 법 더럽게 따지네 법보다 주먹으로 해결하자 법도 양심과 상식의 연장선상에서 집행되어야지 니들 유리한 법만 법이냐 국회를 폭파 시켜라 토론도 없고 무조건 숫자로만 한다면 무엇하러 모여 앉아 토론을 하는가 국회를 해산하라 인민민주 따블당 멋대로 할려면 국회가 필요없잖아 나경원 의원님 응원합니다 힘내세요 화이팅하세요,0,1
d7TZNaRprOE,국민의힘 최수진 우원식 무제한토론 중 정회는 불법 강력 규탄한다,국회의장 우원식내려와 범죄이재명두사람감방쳐넣어라 우원식을 특검하라 최수진 화이팅입니다 입법내란더불어 법사위는 해체가답이다 공산화법 주범이다 추미애 서영교 김용민 장경태는 사퇴하라 우원식 의장직에서네려와라,0,1
FvU_Xi423YI,계엄 결정 이유 일본 극비문서와 일본 통일교인 이주계획,김건희 윤석열 김충식 최은순 백해룡 마약 무속 주술 특검 이재명 정치 시사 계엄 일본 전쟁 주 열린공감TV는 유튜브채널 열린공감TV 를 통해 정치 시사 사회 문화 국제 이슈 등을 다룹니다 유튜브채널 탐사저널ON 을 통해서는 탐사취재를 전문으로 보도합니다 열공광고안내 광고 제휴 주문 CS문의 010 2885 3244 마이보험체크 홈페이지 1800 7917 광고 비교원 전화문의 1670 2571 홈페이지 후원계좌 우리은행 1005 704 387412 후원계좌 국민은행 787201 04 247879 ARS 후원 1877 0809 1877 9503 해피나눔 페이팔 구독 과 좋아요 알림설정 부탁드립니다 좋아요 클릭은 더 많은 시청자분들이 시청하실 수 있게 합니다 채널 맴버 가입 제보하기 틱톡 인스타 열린공감TV 영상물은 공유 및 소스코드 배포에 한해 허용합니다 정말 열리공감은 최고다 저런 짓거리를 하고도 목숨부지하길 바란다면 큰오산이다 반드시 역사의 심판으로 깨끗하게 정리해야할 악마들입니다 김충식을 특검히라 열공열공 홧팅 김충식 구속하라 김충식 김건희 최은순 구속하라 김건희 김충식 구속하라 자국민 학살 이력이 있는 대한민국이니 만큼 엄격하게 처벌 징수해야한다 끝도없는 죄악들 언제 다 밝혀질까요 열린공감tv 응원합니다 얼마나 힘드셨을까요 힘내십시오 그날밤 국회를 지킨 여러분 덕분에 이 나라가 망하지 않았습니다 자유를 지켜주셔서 고맙습니다 진짜진짜 하늘이 도왔고 다시봐도 아찔한 시간이었어요 반드시 내란척결 하는 그날까지 주권자들이 똘똘뭉쳐 이재명대통령 정부를 도와야 합니다 열린공감TV 응원합니다 목숨걸고 국회에 가서 겨엄군들에게 멈추라고 방송하신 정천수대표님 너무 대단하시고 존경합니다 열공 최고 힘내세요 사형도 이깝다 죽일때도 서서히 고통스럽게 중여야 한다 이많은 국민들을 고통에 빠뜨린데 비하면 단순사형도 아깝다 열린공감 최곱니다 일본과의 커넥션을 수사해야함 2023년에 윤석열과 같이 일본간 사람들은 다 관련되어 있다고 생각하면 됨 추경호 김은혜 최상목 박진 김태효 왜 갔을까 일본에 정말 그랬다면 이건 진정 사형해야 열린공감TV 정천수pd님 취재기자님 직원분들 목숨걸고 취재하시는데 운영비가 없답니다 매달 정기 후원하여 열린공감 법인을 지켜냅시다 집단지성의 힘으로 기적을 일으킵시다 각자 종교가 있으신 분은 열린공감 법인과 열린공감 정천수pd님 직원분들의 건강과 안전 안정적 재정 그리고 우리나라 대한민국을 위해 기도합시다 다시는 내란에 내자도 생각 못하게 사형이나 사면없는 무기징역 으로 법을 개정들 하시라 전쟁을 모의했던것은 분명하다 왜냐 한두번도 아니고 꾸준히 북으로 무인기를 보내서 총쏴주고 대포쏴주고 미사일 쏴주고 전쟁나길 바랬는데 핵을 사용하지 않는한 재래식 무기와 군사력은 한국이 월등하기에 북이 한국을 이기기는 어렵다고 보지만 쥐도 몰리면 고양이를 문다고 하는것을 절대 잊어선 안된다 핵 사용 하면 누가 이기고 지고가 무의미해 진다 많은 남북한 군인과 국민이 죽은후 그 자리에 일본을 끌어들이면 일본은 손을 안대고 코를 풀면서 한반도를 차지 할것이다 이것은 단순한 상상이 아니다 진짜 실행했던것이 계엄 아닌가 계엄은 전시 아니면 하면 안되는것이다 우리나라 최고의 언론은 열공 응원합니다 고맙습니다 탄핵가결 다시봐도 눈물납니다 늘 열림공감 시간을 기다리는 구독자 80세 노인임니다 힘들고 어렵다고 슬퍼하거나 노여워 마시길 곳 당신은 그 뜻을 알게될 것 임니다 쉬운것은 가치가 부족하죠 방대한 당신을 만들어 줄 것임니다 기가막히다 지금봐도 너무나끔찍합니다 수없이봤지만 치가떨립니다 열린공감 티비 항상 응원합니다 마약부터 제대로파라 열공 자유민주주의 수호하기 위해서는 윤석열과 김건희를 하루 속히 교수대에 올려 세워야 한다 내란수괴 무조건 4형 숨죽였던 그날이 떠오르네요 1년이 됐지만 아직도 첩첩산중에 답답하기만 합니다 열린공감 화이팅입니다 대한민국 젊은이들 나라를 지키겠다고 총칼압에서 굴하지않고 용감하게 계엄령들을 막고 맞어싸우는 우리 대한민국 애국자 아들 딸들 그 용감한 정신력들 넘넘감사해서 눈물남니다 넘 감사합니다 영원히 역사에 남을것임니다 목숨걸고 나라를지켜주신 영웅들 역사가 알고있을것입니다 열공 응원합니다 힘내세요 감사합니다 열공 정말대단해요 힘내세요 사람들이 열린공감을 많이 좀 봐야 하는데 시청자가 넘 없어서 아쉽네요 날카로운 추적 정확한 팩트 항상 감사합니다 신병 때문에 약을 하는게 아니라 약에 중독 되어서 자기가 인줄 착각하는 것 신병이 아니라 마약 중독증세 우리가 겪은 비상계엄은 아무일도 일어나지 않은 헤프닝이 아니라 자칫 일본의 마약노예국으로 전락될 수 있었던 심각한 국가 위기 상황이었음에도 제대로된 마약수사에 제대로된 인력배치를 하고있지 않습니다 내란종식을 위해서는 백해룡경정님 특진시키고 마약특검 김충식특검 특판 이 반드시 필요합니다 경정위치에서 5명파견으로 동부지검에서는 마약수사 제대로 못합니다 대통령님은 성역없는 마약수사를 지시하셨습니다 성역없는 수사를 할 수 없는곳 동부지검 에서 어떻게 성역없는 수사를 합니까 제대로 수사할 판을 만들고 제대로 수사해야합니다 일본은 2차 세계대전 전범국가이면서 필로폰 마약종주국입니다 일본에서 마약밀수되는 것도 철저히 수사해야 합니다 한반도를 전쟁터로 만들려했습니다 내란의 배후에 일본이 있는지 확인해야합니다 철저히 수사해 책임을 물어야합니다 일본수산물수입 금지 하고 전범신사참배 금지 일본교과서에 독도라고 명시 대마도 반환 몽유도원도반환 마약중독자 피해 보상금 한반도를 또다시 전쟁로만들려한겁니다 적어도 이정도는 요구해야합니다 지금 생각해도 끔찍했네요 정천수 대표님이 이시대의 영웅이자 애국자 이십니다 대다수의 레거시언론이 우리편이 아니란 사실이 좀 소름이었다 12 03 K 민주주의 DAY 어메이징 국민들 진짜 대한민국 IMF도 극복한 대한민국 어메이징 내란가담자들 사형선고하라 김건희 2차 특검에서 반드시 마약밀수 카르텔 밝혀내서 범죄수익금 국고로 환수조치하고 처벌해야 이나라가 살길이다 김충식 구속하라 김충식은 통일교 일본과 밀접한 관련이 있고 이번 쿠테타의 주동 수괴다 진정한 언론 열린공감 열공 나라 팔아먹으려는 넘들에겐 사형이 답인데 답답하다 정 pd님 힘내세요 일본에서 네이버 라인 지분 넘겨라 법이고 머고 날뛰던 일본 김충식이 윤 일본인이라 말까지 열린 공감 대단하십니다 존경 스렵읍니다 고맙습니다 지켜주셔서 그저 눈물만 납니다 분명 어딘가 한일합병할려는문서가 분명히 있다 반드시 찾아내야한다 김태효을 수사안하는가 왜 화이팅 열공 일본은 정치계 문화계등 앞잡이를 심어서 나라를 넘기는 사인 하게해서 나라 뺏아감 감섭하고 가스라이팅하다가 와교권등 다 뺏아감 항상 지켜봐야함 열린공감 응원합니다 애국언론 화이팅 개편 후 더 흥미진진하고 재밌어졌습니다 열린공감 화이팅 윤건희4월 한남동 관저 나오면서이삿짐을 물류창고에 2개 컨테이너에 보관함 유경옥 행정관이 이중1개의 컨테이너를 빼돌림 6월 남부지검 해당물류창고 압수수색 검찰 도착전 컨테이너 한동은 텅텅비어있었음 압수수색 정보를 유경옥이 미리 입수한 것으로 추정 열공측은 구리 물류센터로 두 동을 옮겼다는 정보 알아냄 여기서 1개의 컨테이너를 인천으로 이동했다는 첩보를 받음 일본이 핵심이다 윤석열 김건희는 바지사장 통일교가 매개체 충성 8000 계엄당시 국회로 달려간 국민들께 감사드립니다 당신들로 인해 나머지 국민들의 내일이 있는겁니다 다시한번 감사합니다 안녕하세요 열공 방갑습니다 특검이 조사해서 구슥해야지 우리의 일상적인 평온한 삶은 저들에게 빛진 겁니다 저들이 목숨을 내놓고 방어했기때문에 대한민국의 오늘이 있습니다 충분히 추진하려고 했을 가능한 상황 열공으로 마무리하렵니다 10000원 후원합니다 다시 또 봐도 아찔하고 살이 떨리고 피가 끓는다 저 날 어찌나 놀랬는지 저 군인들 시민들 보니 아 눈물나 항상진실만알리는열린공감응원힙니다 다시 생각해도 끔찍한 날이였습니다 정말 끝도없이 나오는구만 고맙습니다 무지를 일깨워주시네요 적게나마 후원합니다 몸조심하세요 특검 검사님 열린공감 시청좀 해주세요 제발 범죄자 들이 판을 치고 다니는데 나라에 법이 있으면 아무 소용없다 하나도 빠짐없이 잡아드려 엄중한 법의 심판을 받게하라 나라가 개판이다 내란 국짐 양아치 당은 국회의원 자격 없다 김충식도 낱낱이 파헤쳐서 엄벌에 처하라 증거가 차고 많는데 왜 체포구속 하지 읺는가 당장 체포 구속하라 특검은 하루속히 김충식 저놈을 때러잡아라 국회 창문뜻던 공수부대원 저늠잡아야한다 어제오늘 내가 그래서 아팠구나 악마들은 다 지옥에 가야지 제가 작년 12월부터 여러번 여러 유튜브 영상 댓글에 올린 내용과 같은 내용이 올라와 한편으론 반갑네여 단순히 친일본 성향을 넘어선 더 심각한 뭔가가 있어요 그럴려면 뿌리깊은 뭔가 일본 간첩 가 있을 것이기 때문에 열린공감 와 같은 심도있는 탐사보도가 다른 언론사와 기자로부터도 계속 더 이어지길 바랍니다 마약수사가 내란수사다 이나라 중요한시기다 법조인 정치인 정신차려라 열공 화이팅 정천수 피디님과 그외직원분들 모두 애국자십니다 대통령상 추천해야합니다 정천수님을 국회로 보내야 합니다 마약수사는왜 조용한걸까요 일본한테 나라 갖다바칠뻔 김건희 동생 김진한은 말레이시아에 의류공장 등 3가지 위장 사업을 하고 있다고 알려짐 인천항망 평택항만으로 밀반입이 의심되는 정황이 있음 인천 평택항 항만관리 하는 영O 공사라고 있는데 여기 대표가 이강O 대표 인천 법사랑대표 법사랑송파구대표 김충 식 2022년 당시 심우정 인천지검장 이강O 100억대 횡령사건 조사 후 무마시킴 당시 이강이 심우정에 엄청난 로비를 했 다는 제보가 있었음 이 때 당시 인천 항만에서 엄청난 마약이 들어온 사건이 있어 음 이 항만이 영 공사 관할하던 곳임 이 곳은 해수부관할로 경찰이 관여할 수 없음 여기에 김건희 보물컨테이너가 있다는 첩보가 있음 열공홧팅 신명2 언제 제작합니까 응원합니다 마약건을 국정원은 몰랐나 아님 매수됐나 아니 마약특검 언제하는거유 이러다 한국이 마약판되려는데 열린공감 정말 신뢰하는 언론입니다 취재 노고에 감사드립니다 미치광이 하나땜에 살다보니 별일을 다 겪어보네 열공 응원합니다 천공도 천황에게 한국을 바치겠다고 몇번 말했었음 울면서 기미가요도 부르고 응원합니다 계엄포고령 내용들이 다 지들 마음대로 하지못했던 것들이네 와 이 영상은 처음보는데 그날이 상세하네요 첫눈오는날 이영상보니 더섬짓하기도하고 시민들보면서 뭉쿨하기도 합니다 눈내리니 눈싸인바닥에서 응원하던 시민들이 연상됩니다 키쎄스 눈내리면 계속 잊혀지지않고 그모습이 떠오를것같네요 항상 응원합니다 김충식을 구속하라 구속하라 혹시나 했던 일이었는데 국민들 목숨을 담보로 대한민국에서 북한과 불꽃놀이 하려고 했다고 치가떨린다 모지리가 모지리짓을 한것은 놀랍지가 않다 하지만 윤어개인 외치는 국회의원 국민의힘이 훨씬더 놀랍다 합당한 계엄이라니 우리의 아들 딸을 방패삼아 쓰려고 절대 용서 없습니다 그런데 박동만은 아예 부르지도않으니 아니 이건뭐여 통일교와 남묘호란케쿄가 한국 먹을라한겨 나라를 통으로 일본에 넘겨줄뻔 했네,1,1
Ww4ze6K80Gs,취재공책 65 백해룡 대통령실 관계자 및 정부인사 만난 적 없다 조국혁신당직자 김작가 고발 부산민주당 내홍 심각,3 20 인트로 스킵 임은정 백해룡 마약 조국 부산민주당 민주당 특검 이재명 정치 시사 주 열린공감TV는 유튜브채널 열린공감TV 를 통해 정치 시사 사회 문화 국제 이슈 등을 다룹니다 유튜브채널 탐사저널ON 을 통해서는 탐사취재를 전문으로 보도합니다 열공광고안내 광고 제휴 주문 CS문의 010 2885 3244 마이보험체크 홈페이지 1800 7917 광고 비교원 전화문의 1670 2571 홈페이지 후원계좌 우리은행 1005 704 387412 후원계좌 국민은행 787201 04 247879 ARS 후원 1877 0809 1877 9503 해피나눔 페이팔 구독 과 좋아요 알림설정 부탁드립니다 좋아요 클릭은 더 많은 시청자분들이 시청하실 수 있게 합니다 채널 맴버 가입 제보하기 틱톡 인스타 열린공감TV 영상물은 공유 및 소스코드 배포에 한해 허용합니다 결론은 마약이 다량 세관을 통해 들어왔으니 관련 세관 검사들을 모두 직무유기로 파면시켜야 한다 역시 신뢰가는 열린공감 백해룡경정 포함 상설특검 만이 답이다 순식간에 공범이된 합수부 관계자들은 이사건에서 손떼시라 국민의 명령이다 마약 특검 반드시 철저히 진상규명 해서 깅력 처벌해야 합니다 열린공감 회이팅 입니다 이 모든 사태의 원흉은 마약이라 생각합니다 여야 막론하고 고위급관료들 및 그 밖에 엮여있는 사람들이 분명히 한둘이 아닐겁니다 그게 아니고서야 이렇게 흘러간다는게 말도 안돼는거죠 열공 힘내세요 응원합니다 정말 화납니다 마약 상설특검 필요합니다 임은정은 전 국민이 속은 부패검찰의 프락치이자 한통속이었다 열린공감이 이사건 진실 규명을 위해 나서주셔서 고맙습니다 열린공감 지지합니다 전 이번마약사건은 내란하고 똑같이 처벌을 해야한다고 생각한다 이어마어마한 마약이 들어와서 우리나라 젊은이들을 정신을 망가뜨리것을 생각하면 영혼까지 털리는것을 생각하면 끔찍하다 백경정님 믿습니다 고군분투에 감사드리며 일관성에 응원 보냅니다 임은정 지검장님 대 실망 백해룡 경정님 응원합니다 힘내세요 화이팅 결국 과정에서 임은정같은 가면쓴 검사 정치인들은 다 밝혀질겁니다 열린공감 정말 대단하십니다 힘들고 어려움도 많았을텐데 참고 견디고 하면서 지금까지 옳고 바른소리 내어 주셔서 얼마나 고맙고 감사한지 몰라요 찐 기자님들 완전 짱 도대체가 나라가 얼마나 썩어있는가 백경정은 얼마나 속이 멍들어 있은까 힘내요 대한민국 임은정 검사장 정신 차려 임은정 지검장은 제2의 윤석열이었다는 것을 보여 준 겁니다 예전부터 윤석열과 소통했던 임은정검사였습니다 이렇게 뒷통수를 맞는 건가요 이럴 수는 없는 겁니다 민주당은 정신 바짝 차려야 합니다 결국엔 마약특검의 명분을 얻은 것이므로 제대로 특검을 지정해서 낱낱히 탈탈 털어서 끝까지 범인들을 색출해야 합니다 김건희 일가를 비롯한 세관과 검찰 및 경찰까지 정조준해서 발본색원해서 마약카르텔을 깨부숴야 할 것입니다 열린공감 진심으로 응원합니다 힘내시길 바랍니다 열공 제발 백해룡편에 서주세요 제발 검사도 일반공무원처럼 일반징계 파면 처분이 가능하게 해야합니다 말도 안됨 은정이 거짓말을 물먹듯 백해룡 화이팅 가담인원이 너무 많아서 손대기가 힘든가봐 그럴수록 더 철져하게 수사를 해야되는데 백경정 한분만 바보만들어 버리네 마약관련 특별검사단을 구성해 철저히 단속해야겠다 그 많은 양의 마약이 세관을 통과해 들어왔는데 세관 뿐아니라 관련 검사들 모두 조사해 철저히 파해쳐야 한다 백경정의 마약단속이 쉬운 일이 아니다 검사들이 또 거짓 조작을 하는구나 취재공책 너무 좋아요 백해룡님 격하게 응원합니다 임은정은 밳내룡 거짓말에 속았다는 말 무슨 뜻인지 옳은 일 바른일에 목숨 바치려는 백해룡님을 음해하지 말고 도와라 임은정 자리빼앗길까 걱정말고 도와라 열린공감 영상 퀄이 가장 높네요 구체적이고 정직함 백해룡 경정님과 열공 취재팀 에게 26년 시편 97편을 드립니다 특히 11절 의인을 위하여 빛을 뿌리고 마음이 정직한 자를 위하여 기쁨을 뿌리시는도다를 드려요 열공 응원합니다 열린공감 최고 화이팅 알박기 도처에 내란세력 너무나 많습니다 대통령과 민주당에 힘을 실어줘야 내란청산도 국민이 원하는 세상도 빨리 다가올 것입니다 세관 관부들 전수 다 물갈이 해야겠네요 물갈이 하다보면 어디선가 진실의 증거가 나올수도 열공 화이팅 정천수 대표님 언제나 응원합니다 본질을 봐야한다 본질팩트는 대량의 마약이 버젓이 인천공항 세관을 통과해 밀반입 그걸 밝혀야한다 주장하다 외압 받으며 좌천당하고 짤린 백해룡 이후 이런 일을 할수있는 세력은 검찰 국정원 용산이며 이 사건을 명백히 밝혀야한다고 주장한 백해룡 급 백해룡팀을 와해시키고 쭉 조용하던 검찰쪽에서 자체 합수본 꾸리더니 백해룡을 데려다 사실적 입막음하고 아무결과 못냄 그리고 이제서야 급하게 모든사건 혐의없음으로 결론짓고 백해룡의 주장은 실체없다며 언론플레이 근거는 없음 이미 백해룡은 이전부터 이같은 결과를 예상해왔음 거대세력과 돈이 결탁했기 때문이라 힘들다 주장 여기서 어느누가 도대체 임은정과 합수본 검찰세력의 결론을 신뢰할 수 있지 내생각엔 훨씬더 많은 세력이 결탁했다 봄 검찰과 국정원 용산을 필두로 국회쪽 사법쪽 돈을 쫓는 세력들이 같이 결탁했을 가능성 다른 나라들을 봐도 충분히 합리적의심이지 애초에 백해룡의 힘으로는 쉽지않은 싸움이었다 나는 계속 이상한 생각드는게 마약에도 등급이있어서 고급과 비고급이있다는데 고급 마약은 대체 어느부류를위해 쓰이고있는걸까 마약 독점사업 윤거니부부를 나라의 주요 기관들까지 합세하며 도왔다면 그많은 마약은 어디로갔을까 미안한말이지만 나랏일하는 정치인들과 검찰 경찰 주요기관등등 모든 공무원들도 마약 반응 검사해야한다고 생각한다 이게 이렇게까지 막아져야하는 이유가 분명 있으리라본다 그려러면 연예인이나 일반국민들만 조사하고 처벌할게아니라 모범으로 고위급 모든 공무원들부터 전수 조사돼야 임은정검사가 윤석렬폭로 했을때 왜 가만 두었을까요 임은정 무능하기로 다 안다합니다 그러니 할수있는게 없을거다 놔둔겁니다 그런 무능한자에게 권한을 줬으니 진행이 되겠습니까 국민이 바보입니까 다른 사건들은 사건 터지면 바로 CCTV 에서 움직인거 다 나오고 대화 기록 다 나오고 하는데 왜 이 마약 사건은 범인들 잡히는 장면도 없고 마약만 있나요 대통령 공격 한 사람도 전화 통화나 CCTV 움직임 등 아무것도 없어요 이거는 공권력이 조사를 스탑 시켰다는 증거입니다 초등학생도 압니다 민주당과 이재명 정부는 성공하려면 이 마약 사건 파 헤쳐야 합니다 임은정검사는 가스라이팅 당한것 아닌가 했는데 지금 보니 검사들에게 항복한듯하네 어떻게 협박을 당했길래 배까지 까뒤집고 항복을 할까 싶다 내란에도 검찰 마약에도 검찰 카르텔의 정점에는 온통 검찰쓰레기들 제발 모두 드러나길 바래본다 이동형도 백해룡경정을 비판하던데 이번엔 이동형이 틀린것같다 어쨌든 마약이 통 같은 건 맞잖아 세관 직원 간부들 징계 받아야지 열린공감 정피디님 늘 응원하니다 임은정씨 마약수사나 한겨 왜 무혐의야 진짜 실망이다 대한남아 백해룡 대한의 형제들은 그대를 끝까지 폭풍지지합니다 광화문에서 날 1인시위함하세요 구름처럼 모일겁니다 가즈아 절대포기하지마십시오 형님 어차피 좌천된 인생입니다 포기하면 복직안되고 바보되는겁니다 임은정은 어떤것에도 굴하지 않는 정의로운 사람인줄 알았는데 왜저래 임은정도 숲에 든어온 라이오니어 빽빽한숲을 어떻게 헤쳐나가겠는가 백혜룡경정이 거짓을 말한다고 생각하는 국민이 몇명이나될까 정말 상식적으로 말이 안 되죠 그 엄청난 양의 마약을 세관 도움 없이 몸에 감고 통과한다는 게요 이동형 작가는 입 속에 항문 속에 넣어 오기도 하니 그럴 수도 있다고 하지만 백 몇 킬로 그람 짜리는 그런 식으로 할 수 있는 양이 아니잖아요 임음정 어찌 이지경까지 변했나 끝은 온다 길어야 인생 100년이다 에이구 저세상 갈때 지옥행 티켓 맡이논 당상이고싶은건가 우리 후손들에게 마약이 넘치는 세상을 만둘어 주려하나 철저히 발본수색 백경장님 함내세요 백해룡님께서 수사한 사살팩트를 묵살백지화 한다는건 세셰가 용납 이해 불가 무슨 대거 거래가 예상케 한다는 전 국민 마약쟁이 만들기 실패 사건 국가 조직 개입 사건 적시 초 강력 수사 싸구리 처단 기강 확립 이 모든게 마약만 아니면 돼 로 밀어붙이며 사력을다해 분열시키는 김충식때문이다 통일교 김충식 한동훈 윤거니부부 최은순 아들 딸 건진 그외 다수 등등 김두일 작가님 끝까지 항상 응원합니다 내란만큼 마약도 중요산데 이재명은 머하냐 특검해라 합수부 시작부터 노만석이 동부지검 임은정 배은망덕 하구나 마약수사를 은폐하고 덮어버린 합수팀과 한몸이였네 열린공감 보고 구독했어여 힘내세여 임은정 양심도 없는 안간이네요 책도 샀는데 도대체 왜 정직한 백해룡 경정님을 응원합니다 힘 내십시요 지금까지 이재명 정부의 가장 큰 과오는 인사권 사용과 백해룡 경정에 대한 불공정한 일처리라고 생각됩니다 그냥 답답합니다 마약제수사 사건 이전부터 뉴튭 댓글에 민주당 국힘당 국개 의원들도 상당히 상당수가 연류 관여 되잇다라고 했었음둥 들을수록 화가 치밀어서 유튜브 청취 자체를 끊어야겠다 백해룡님 임은정님 열린공감이 세계적 정의가 우뚝 선다는 임은정이는 자기목숨걸고 이야기 했다 뭔말했냐고 단순하고 사소한 마약사건을 백경정이 국가가 뒤집어질정도로 침소봉대해서 말했다는것 지금 임은정과 백경정말이 백팔십도 다르니 특검이 다루야한다 어느쪽이라도 국민을 놀라게 만들었으니 사형까지는 아니나 인생좃됨이 기다린다 자 이재명은 특검실시하라 두사람중에 하나는 영웅되고 하나는 끝난다 김건희 검충식 일가 마약 범 공범자가 얼마나 많고 심우정 이원석 한동훈 법조계 할것없이 백해룡님 임은정님 이잼통님 까지의 관심까지의 마약사건 무혐으로 돌리는건 이해불가 전세계가 오천만 국민이 경악할 백해룡님의 마약 특검 수사 만프로 팩트를 덮는 무혐의로 처리 한다는건 어이상실 세계 만민이 경악 할 일이로다 백해룡님의 마약범 수사를 백지화 한다는건 이해불가 내란종식도 불가라는 임은정은 정의로운게 아니라 능력이 없어서 검찰주류에 못 들어온거였다 이제 본심이 나온거지 오천만 정의와 진실 백해룡경정님의 마약밀수범 수사과정 결과 팩트만을 백지화한것은 만프로 거짓 맨붕이 오는 대한민국의 민주주의는 내란종식은 의문이라는 감충식 감건희 윤석렬 일가의 마약범 수사를 발표한 백해룡님의 진실을 무시 외면하는자들은 마약진범으로 국제 마약 수사로 넘겨서 수사 착수돼야 하면 백해룡님께서 마약범수사한 팩트만으로도 충분히 진실이 밝혀질 수 있다는 대구경북은 시골이라 그런가보다 하고 그냥 버리면 되는데 부산은 좀 다를 줄 알았더만 답이 없고 갑자기 정이 확 떨어지네 검사 아에 맛이 같내요 조작 조작 해도 걸리는대 조작하는겆 보니 여튼 임은정 장도 다 검찰들에게 이미 말빨에 물먹은듯 임은정도 밀정인가 아 믿은인간없네 당장파면하라 정말이지 오늘 하루종일 임은정에 대한 배신감으로 기분이 X같았던 기억밖에 없습니다 마약 말레이시아 마약배달부들 연관된 세관직원들 세관 서버교체 배달부들이 한번도 아니고 여러번 마약을 몸에 칭칭감고 공항을 들락거렸는데 이걸 덮습니까 다지켜봤습니다 세관으로 온몸에 마약을 칭칭 감고 들어왔는데 세관이 혐의없음 으로 종결 지으려하는 윤석열검새들 분노가 치밀어 오르고 토악질난다 좋아했는데 잘하세요 진짜 임은정 정말이지 실망이다 뉴탐 밀정 2찍 징구는 왜 검찰측 증인으로 나왔을까 민낯인겨 입만 열면 거짓말 하는 임은정 말 저는 안 믿습니다 이정도로 허술한 세관이면 쪽팔려서 백경정님을 응원도 못하겠다 합수부도 마약 공범 검찰 국정원 경찰수뇌부 지금중간발표 한것은 이것들이 다 조짜고 입을 마추어 증거 은닉 되었다고 보아야 할것이고 새롭게 수사를 특검으로 해야 밝힐수 있습니다 지금은 백경정도 수사가 안됩니다 전권을 주면 가능하겠지만 안그럼 특검해야 하며 특검으로 확실하게 백경정을 합류시켜 처음부터 퍼즐을 마추어 가면서 압수 수색과 동시에 반드시 특검으로 마약사건은 밝혀야 합니다 그리고 임은정 믿으면 안됩니다 검찰DNA 는 안바뀌며 똑같은것들입니다 임은정을 동부지검장 승진시켜 준것은 실수 입니다 검찰은 반드시 2026년도 유예기간후 바로 해체시키고 기소청도 지금부터 새로 공채하고 검찰 행정직은 제외하고 검사들은 다 짤라야한다 그냥 경찰수사가 싫은거 아냐 아래로 보는거요 여자 윤석렬 이재명 정부도 조심해야겠네 임은정 너는 끝났다 대통령님 이 방송좀 보셨으면 좋겠네요 어느 가수님이 가사 좋고 목소리 좋아요 열공 임은정에 속은건가요 서정필 기자님 신뢰가 가는 기자님을 응원합니다 열공에서 큰 힘이 되어 주셔서 감사합니다 힘내세요 그러면은 대통령실에 진정을 넣으세요 그래야 빨리 이게 해결이 될 것 같아요 김거니가 사택에서 물을 엄청 썼을때 마약 녹여서 흘려버렸을거라고 의심함 마약수사 외압사건은 특검 만이 답이다 백해룡을 동부지검에 유폐시킨 순간 마약밀수사건 수사외압사건은 끝난 것이다 이재명 정권의 앞날이 심히 걱정된다 임은정 검사님 주변에 사람이없나 보내요 믿었던 임지검장 정말 이상한데 수사에 진정성이 있나 정말 정의로운가 근데 이동형 작가는 왜 용산에서 백경정한테 사람 보냈다고 떠든 건가요 본인이 직접 확인 한 것처럼 말하던데 임은정은 마약수사 경험도 없고 의심되는 인천지검 출신 검사들에게 둘러싸여 그들이 없앤 증거속에서 비틀린 증거만 봤으니 거기에 부화뇌동하게 됐을거다 백해룡경정님 허언증된거 화가납니다 마약이 문정권과 연결이 되어 암은정이 막고 있는듯 방금 이동형 작가의 더워룸 방송에서 뉴탐사와 열린공감을 비교하며 백경정을 신랄하게 비판을 하였습니다 참으로 안타깝습니다 백해룡 경정이 빼박증거를 제시하여 외압이 있었음을 밝혀줄 수 있으면 속이 시원할텐데 증거가 차고 넘치면 브리핑을 하세요 유튜브애서 전달하는 방식 말구요 답답해서 하는 소립니다 마약이 세관을 통과했는데 동부지검에선 세관직원이 무혐의라 하고 백경정은 증거가 차고 넘친다 하고 그럼 증거 있는 사람이 기자들 불러모아 증거를 보여주면 수사단 지원받아 수사 하면 되는 아주 깔끔한 문제 아닌가요,1,1
LdAh_174-4E,박나래 주사이모 논란 확산 복지부 의미심장한 발언,참 대한 민국 의료법이 참 같잖나 보네 주사보다 알콜 중독 부터 해결해 의사들아 뭐하냐 이 둘 고소해라 어이가 없씨유 국가보안법 폐지 할려고 애쓴다 지짜이밍 탄핵이 답이다 진짜 검찰이 여럿죽이네 이제명 대통령이 범죄자인데 국민이 그렇지 뭐 불법이 따로 있나 자꾸 범죄자만 나와도 어쩔수 없지 여윽시 나 호남 산당께,0,1
DN_Zr1H2vPc,주말사이 추경호 터질게 터졌다 이게 진짜라고 계엄 잘 됐으면 추경호 본심 최초 공개 김창현 이은혜 김창현의창 인물탈곡기 추경호 1206 토,국민은더이상 물러서지않은다 사법부는 정신차려야 꼭 구속해야됨 계엄령이 내려젔을때 국회의원이 국민들 대표로 국회로 가야지 왜 당사로 가게하나 분명 위법입니다 판사심 그날밤 전국민이봤다 판사님 정치합니까 불법내란은 실폐했으면 사형으로 처벌해야 국가의 기강이 바로섭니다 추경호 내란가담자즉시구속해야합니다 국민들은가슴에십년묵은체정에걸려있답니다 빨리구속시켜주세요 추경호 즉시구속 수사해야합니다 저 여성분 말씀이 차분하고 팩트 야무지게 면밀하시네요 공천 댓가 20억 잊으면 안됩니다 달성군수 20억 공천 댓가 어디로갔나 나쁜놈들 다 털어주세요 아주 좋은 프로에요 얌생이 공무원일 뿐인데 tk라 국회의원까지 되었지 기득권 편에 서서 활동했고 너무너무 좋아요 시원 시원 하네요 추경호는 자신의 개인적인 이익을 위해서는 나라와 국민도 팔아먹는 전형적인 국힘 악마네요 본인 공천비리 20억 드러날까봐 국민들을 죽음으로 내 몰려했던 내란 범들은 엄중한 처벌을 하여야 한다 추경호의 행위가 다툼의 여지가 있다고 주장하는 판사는 계엄 자체가 위법인지 아니지 다툼의 여지가 있다는 주장이네요 추경호 윤석열 등을 기각시킨 판사들 얼굴 공개 부탁드립니다 국힘인간들은 김건희가한짓도 지지하고잘했다고생각하나 눈가귀가있으면정황파악잘해라 가장 큰 내란 동조범들은 법조카르텔 사법부와 검찰 내란 청산 빨리 끝냅시다 국사범놈들을 이딴식으로 재판하는게 국가의 사법부라 할수있는가 사법개혁이 필요하다 국회의원 회비부터깎고 해외출장 판공비부터깎어라 인간 탈곡기 이위윈님 시원시원하고 깔끔한 진행 넘넘 좋아요 검찰 언론 사법부 모두 개혁하는 날까지 싸워야한다 내란당 정당해체 비호세력 조희대 사법부 독재자 아래서 독재 국가 수립을 위해 내란을 일으킨 국민의 당은 역사 교과서에 길이 남겨야 할 비극적이고 무서운 사건이었습니다 일제 시대 나라 팔아 자기의 부를 축적했던 자들보다 더 악독한 이들입니다 나라 전체를 상대로 도박을 한 국민의 힘을 추방시키고 그 죄값을 반드시 물어야 합니다 절대 잊지 않겠습니다 사형집행에 대해 논의해봐야 할 때인것 같습니다 내란세력들이 너무 쉽게 생각하고 있는듯 저런 거는 탈탈 털어야 됩니다 고발해가지고 직장 다 쫓아내야 됩니다 항상감사합니다 뉴스토마토 응원합니다 앞으로도 계속 탈탈 털어주세요 인물탈곡기 아주 훌륭한 프로그램입니다 승승장구하십시요 파이팅 추경호 시끄러 임마 우리나라 역사는 성공한쿠데타도 처벌을 했다 실패한 쿠데타를 그 누가 왜 아직도 두고 보는가 속히 내란범들을 싹다 강력처벌 하라 대한국민의 열망이자 명령이다 민주당은 내란특판소를 속히 설치 입법하라 국민주권이 준 국회의 권한으로 속히 사법내란수괴 조희대를 탄핵하라 사법부 독재권력을 유럽처럼 행정부통제하로 두도록 헌법도 개정하라 추경호 공천비리 20 억 전에도 방송에서들었는데 이건 어떻게되가는건가요 내란공범이면서 잡아떼 티비방송에 계엄선포될때 추경호 계속 전화통화만하고 당원들데리고 왔다갔다하면서 국회는 당원들도 몇명뿐이었는데 뭔변명이야 구차하게 속이다뻔히 보이는데도 비겁한 인간 특검부에서 낱낱이 조사해서 법적조치하세요 조희대 또기각시킬건가 박성재 하나같이 다드러나는데 조희대 는 죄가 뭐이고 옳고 그름도 모르는 대법원장이라고 귀가 안뚫여서 못알아드는건지 국민은 넘도잘알고있는데 뭐하자는겨 해보자는겨 또 탄핵을 시작해야겄네 내란가담자들 어찌하나같이 기름장어야 하긴 내란우두머리 윤석열 은 지가한짓은 모두 부하들에게 떠넘기고 저만살겠다는 비열한인간 누가봐도 빽박인데 이제국짐당도 계엄은잘못됐다고 인정하고 윤석열하고 손절한다는데 믿을수가있어야지 사과를하려면 애초에 했어야지 내년지방선거땜에 억지추냥하는거겠지 이젠 절대안믿어 사법부 국민이 우습구나 추경호를 재구속하라 국민들에 염원이다 좋아요 추 호는 법정최고형에 처하고 딸은 파면 그리고 전재산 몰수하라 평생을 꼼수로 살면서 혈세로 살면서 떵떵거리고 권력 누려온 내란공범 추경호가 내란당시 국회의사당 안에 안들어 간것은 계엄군특수부대가 여 야 국회의원을 구분못하고 다 잡아갈거라 미리 다알고 국회의사당으로 안가고 즈그당사로 갔다고 본다 내란법원장 조희대를 몰아내고 정신바른 대법원장이 임명되어 야 사법부가 정리된다 실행 어려운법 만들지말고 놔두고 법관정년 줄여서 퇴임시켜라 그리고 전에 공천대가 뇌물 20억인가 얼마인가 수수의혹 구체적으로 보도된적 있는데 용두사미됐어요 덮어버리지 말고 해명은 돼야잖아요 장관 고위 공직자 국회의원들이 죄를 지으면 법척처벌을 일반법과 다르게 작은 잘못을 짓더라도 무게에 가치를 두고 법처벌을 강화해야 할듯 추경호반드시법의심판을받기를기도한다 뻔뻔스러운인간 어디서고개를들고입을털고다니나 그들은 바보왕 이 필요 했나 헐 군대도 증말 증오스럽군 20억을 털어라 이정재를 빨리 특검하라 역적들이 장악을 하고있다 말을 이쁘게 정답게 하면서도 내용은 비장하고 서릿발 같녜 얼굴은 이쁘고 목소리도 다정하다 민주 여전사 홧팅 이재명 대통령 님 께서는 꼭 성공하는 대통 령이 되어야 할 것이다 이은혜의 사이다발언은 계속되어야한다 그날 윤석열이 계엄선포 한 날 국힘당 의원 90명은 어찌하여 계엄반대 표결에 참석하지 않았나 한명한명 그 이유를 소상히 밝혀야 할 의무가 있다 12 3 계엄후 추경호 국힘당 원내대표가 12 19 일 국회의원회관 엘리베이터 에서 계엄 성공했음 좋았을텐데 발언헌거 증거 재판에 제출했는데도 법원이 기각 시켰어요 법관들까지 내란중압니다 이럴게 썩어 있을줄 상상도 못했네요 윤내란수괴 덕분에 썩은 사법부 검사 판사들 다 드러나게 됬네요 이제부터 투쟁입니다 반역세력들의 기승으로 우왕좌왕 갈길을 헤메는 힘 못쓰는 정부의 결단이 우환을 자초합니다 단호한 결단을 국민은 소원합니다 군대 갈 신체검사가 불랑했다면 공무원도 자리 날려야지 아니면 신체검사를 왜하나 저 상황에 지도부 운운하는 것들이 공범자 뭔 지도부 의견을 정리해 뭔 의총을해 자발적인 행동은 할줄 모르는게 국개의원이냐 추경호 지방공천 20개 20 억 받은건 명태균말 아무리 애를써도 잡아처 넣지 못하는데 영장판사가 극우편인데 이자들을 처분못하고는 내란은 진행중이다 주경호는 내란당시 국회에 들어있으면 특수부대 군인이 국회의사당안에 있으면 여 야 의원구분이 못 하고 다잡아가니 미리알고 의사당 안에 안들어 갔다 윤석열 아바타는 이번기회에 친일청산은 못했더라도 내란청산과 함께 모두 싹 쓸어서 탈곡기에 넣어서 갈아버려야 합니다 추어탕 찌거리로 개사료나 쓸놈을 국힘과 윤석열이 원내책임자 발탁하니 내란에 뒷배 숨은 조력자 관운이 질기긴 재판부까지 특혜를 주는구나 다틈이 뮈가있는지 판사님 다툼이 뭔가요 판사님 께서알려주시지요 군입대 는 윤석여과같네 부동시 자녀문제는 국민들열불난다 심우정딸도 한동훈 딸 천재적인 논문들은 무어여 국민을속이면 앞으로 죽는다 내란의심장 대구 그중에서도 달성구 수괴의 내란하청업자 추경호가 국회에 언제 들어 갔을까 왜 경찰이 국회를 봉쇄하다 잠깐 봉쇄를 풀고 입문 시켜줬을까 추경호가 계엄을 미리 알고 국회내에서 돼지에게 정보를 알려주고 국짐머저리들을 이리저리 내몰았다는 생각 안해 윤정권 각료들은 전부 거짓말 전문가 밖에 없어 낮 바닥에 철판으로 깔아 놨어 주말에 뭐가 터졌나요 소용없더라 모든게 드러나도 더 큰소리 국민참여로 정권과 다수당줬는데 시민들이 길에 내몰려 개고생 권한을 가진자 법원을 탄핵하라 아니면 내란공범 국민우롱 내년선거 피똥싼다,1,1
WHBFTv2Qg1M,분노한 이재명 이러면 안돼요 국무회의 얼음 무슨 일,동일 노동 에 임금 차별 은 여기서 부터 인간적 차별이 시작 됩니다 아무도 생각못한 최저임금 이젠 당연한것처럼 익숙해져 버렸다 맞습니다 최저임금은 말그대로 최저임금인데 꼭 그 기준에 맞추려는곳이 너무많아요 현물가는 최저임금받고 살기는 턱없이 힘든게 사실이고 진짜 마지막에 멋있네요 통일부장관님 청소용역 직원들 10년 지나도 최저임금 20년 지나도 생활임금 입니다 정부청사 직원인데 정부얼굴에 똥칠하지맙시다 요즘 국무회의가 드라마보다 재미있네유 잼프 이런 문제제기 정말 좋다 공무직에서 더 악용해요 주 15시간이면 주휴를 줘야하기때문에 14 5시간을 일을 시킵니다 4일은 3시간 1일은 2 5시간 정부에서 더해요 민간기업도 잘 안그래요 맞습니다 정부가 부도덕해요 이런걸 얘기 하는 대통령은 첨이자 마지막일듯 이런 회의는 정부의 행동이 때로는 일관적이지 못하기에 있는것 아닌가 합니다 서로가 서로를 모르니 정부에서 엇박자가 나는게 아닐까요 전 국무회의가 대화의 장 이라고 봅니다 부부도 의견이 다를때가 많은대 각장관들은 어떨까요 많은 일에서 대통령이 하는 생각과 장관들이 하는 생각이 다르다 보니 정부의 행동이 이랬다가 저랬다가 하는것 같읍니다 행동지침이 있다지만 사실 그건 너무 넓은 범위이고 같은 헌법을 두고도 이렇게 혹은 저렇게 해석하는 일이 많으니 저런 회의를 통해 그 차이를 줄이자는 것이죠 대통령은 장관들이 무슨 생각을 해야하는지 알아야 하고 장관들은 대통령과 그리고 다른 장관들이 어떤 생각을 하고 있는지를 알아야 그래도 덜 엇박자가 나는것 아닐까요 와 각 정부청사 더 깨끗해 지겠네 칭찬은 고래도 춤추게 한다는데 돈 더 받으면 신나서 더 열심히 일할테니까 최저잉긍자 받으시는분들 화이팅 정말 맞는 말이다 잘 한다 아들 와이프 다 준공무원인데 이잼 말씀에 백배 공감 사회적병폐를 정부가 솔선수범하자 멋지십니다 눈물이 살짝 목이 메이네요 대단하다 아 진짜 개인적으로 항상 생각해왔던 거 역시 바닥부터 경험해본 사람이니 시야가 확실히 넓다 경험하고 느껴보고 고민을 해봐야 알 수 있는 것들을 지금 이재명 대통령은 하나하나 깊이 알고 있는 느낌입니다 그런 깊은 이해를 가지고 개선해야겠다는 의지가 이 사회를 바꿀 수 있는 거겠죠 어제 만난 어떤 분은 자신은 정치를 잘 모른다면서도 보수 유튜버들의 이야기들을 듣고 이재명 대통령에 대한 여러 의문을 이야기 하더군요 전 각 진영별 주장이 있으니 어떤 말을 해도 서로 믿지 못 할 것이고 국정운영의 많은 회의들이 유튜버에 올라와 있으니 제발 좀 오랜시간 첨부터 끝까지 보시라고 말씀 드렸습니다 이재명의 진가는 토론과 회의에서 발휘된다는 것을 이번 영상에서도 볼 수 있네요 부디 멋진 대통령으로 남길 바랍니다 이야 멋지십니다 대통령 한마디로 눈물나게 멋찌네요 나라장터 부터 고쳐야함 최저예산으로 뭘하려고하는 돈을 내야 한다 살고 있던 집을 전세 놓는다면 그 돈에 해당금액은 특혜다 너무 당연한 말을 하는데 저런 분이 대통령이어서 다행이다라는 마음이 든다 언제부터 상식은 일상이 아니라 이상이 되었을까 기업체도 전문직을 채용해서 쓰면서도 최저임금만 주고 더더욱 인턴제라고 말 붙여 동일한 업무에서도 1년미만으로 최저임급만 주며 고용 몇달씩 돌려막기 고용 특히 디자인 역시 민생을 걱정하는 대통령 멋지십니다 판사 검사들 의전등 차량 사무실 주지말고 장관들 사택 을 얻어줘라 대통령님 민간 가정어린이집보육교사 급여가 근무연수에 상관없이 거의최저임금 입니다 국무회의가 감동인 이재명정부 이카 8대 불가사의 중 하나다 이재명은 항상 없고 약한 자들 노인 일용직 비정규직 공무직 같은 국민들을 생각하여 지금까지의 잘못된 관행을 개선하고 조금이라도 이들의 삶을 개선하려고 하는데 18 근데 왜 이런 사람들은 이재명의 정책을 지지하고 응원하지 않는가 대통령님 감사합니다 이제야 정상으로 돌아가는 것 같군요 오늘의 교훈 정부가 먼저 선봉에 나서서 모범이 되어야 한다 멋집니다 감동입니다 최고입니다 대통령의 정확한 지적입니다 고용안정과 비 정규직의 단가차이는 나는게 원칙이죠 비정규직중 잘 지켜지는건 회사 임원뿐 진짜 명확 하시네요 대통령 님 감사 합니다 건강히 일해 주세요 역시 우리 이재명 대통령님 세심한 행정 대단하십니다 실손보험 가입자중에서 본인부담상한제 로 인해 원래 지급 되어야할 보험금을 다 받지 못하고 그 다음해에 정부가 지급해준다면 저소득층을 이중으로 고통스럽게하고 실손보험회사만 세금으로 배불리는것 정치인들이 보험연수원 원장으로 가는게 다 이런 보험회사들의 로비 때문일듯 지혜로운 대통령 입니다 국민들의 아픈 부분을 소상하게 살피는 자비로운 통치 진짜 잘 하십니다 대통령님 감동입니다 저는 제외지만 말씀하신 부분이 지당 하신 말씀입니다 명확하네요 역시 일하시는 대통령 5년이 너무 짧네요 저도 그 부분이 제일 이해가 안갔습니다 정부가 12개월 이하 주 15시간 이하 계약을 해서 돈을 아낀다고 비정규직의 삶을 불안하게 하는데 앞장서고 있다고 생각했어요 저는 정규직 공무원이었지만 비정규직 직원들의 안정성이 유지되어야 국가가 건강하다고 생각했어요 대통령님이 그 부분을 아시고 말씀하시니 역시 현장 전문가시네요 멋지십니다 호주식 임금제로 가는게 맞다고 생각한다 비정규직이 임금이 좀더 높고 잔업의 우선권도 비정규직에게 주면서 정규직 비정규직을 선택하게 할 수 있다고 정부는 노동자에게 비굴하지 말자 감동적인 말씀 이재명 대통령님 김민석 국무총리님 잘하시고 계십니다 멋지네요 동참하신 포그니님들도 감사합니다 어우 진짜 진짜가 나타났다 잼프를 평생직으로 바꿔라 진짜 잘하십니다 최저임금받고 못살겠습니다 법무부장관님 고생하시네 오피스텔사신다네요 이대통령 훌륭한 대통 훈륭하신대통령님 공무원과의 대화에서 보인입으로 싫으면 나가라고 했던거 같은데 시험봐서 공채들어온 사람은 싫으면 나가라 공무직 물론 시험 보고 들어오시는 분들도 계시지만 하는일도 다른고 책임도 달라서 임금이 다른데 이재명 정말 최고다 정말 대통령을 잘뽑았다 끝까지 지켜야 한다 감사합니다 5년이 짧다 찐 대통령 이십니다 약자를 생각하는 찐 대통령 이재명 대통령 감사합니다 도대체 없는 것들이 왜 빨간걸 찍어대는건지 이걸 보고도 빨간걸 찍을건거 맞습니다 대통령님 최고 이십니다 적정임금 군대가면 소령만되도 관사가있는데 세상에 장관들이관사가없나보네 역시 이쨈 최저임금은 억주들만 이익성임 최저 임금은 권장 임금이 아니다 명언이다 윤어겐 보고 있나 이게 나라다 이시대에 세종 감사합니다 연임만이 이 대한민국을 잡을 수 있을 것이다 훌륭하다 진짜 10년이상 20년 정도 대통령 맡기고 싶다 9급 공무원부터 급여가 최저임금이 안되는데 대통령님 업무를 엄청 잘하시네요 응원합니다 내란을 종식시켜주세요 극우 유튜버들은 이런내용을 아예 안봐 좀 공부좀해라 극우들아 정말 잘 뽑았다 전 이재명 대통령과 사진도 같이 찍은 몇 안되는 사람입니다 작년 총선 4월달 공무직은 1년한사람 이나 10년 한사람이나 봉급이 똑 같습니다 대통령이 아니라 공정한것 찾아서 호내주는 포청천 같습니다 정말 대단하다 권력잡으면 콩고물 챙기느라 정신없는 것들이 정권잡았는데 지금대통령은 사람은 고통을 덜어주기위해 할수있는것을 다하는 살아있는 신같다 어떻게 저렇게 생각하고 실천할수 있지 감탄이 절로나온다 주기전에 저런 지도자를 보고 죽을수 있어서 정말 행복하다 좋다 이런 말씀이 맞지 이게 정부의 역활이 맞지 상식적인 이치가 맞는 세상에 다가가는 세상을 원해요 최저임금을 받고 일 엄청하다보면 일하기 싫어지고 현타 옵니다 적정 임금 주어야 일하는 것에도 효율적으로 하게 됩니다 퇴직금은 한 달 단위로 주면 안되는 건가요 훌륭한 대통령 준비된 대통령입니다 아렇게 박학 다식하고 참모들을 잘 활용하시고 댜단하시네요 역시 현실 문제를 정확하게 짚고 계시네요 정부부터 이러니 민간이 따라가겠습니까 정말 좋은 지적이십니다 오늘 이 국무회의를 보면서 다시금 이재명 대통령님을 다시 봅니다 예전 경기지사 투표시절에 저는 형수에 대해서 막말하는 것을 보며 도저히 제표는 줄 수 없었습니다 그런데 지금보니 정말 그동안 일로 집중하시며 대단한 업그레이드 하신 것 같군요 이렇게 일하는 리더를 원했는데 딱 그런 분이라 봅니다 이제는 제가 가장 앞에서서 지지와 함께 응원하겠습니다 정말 고맙습니다 꾸뻑 1년 11개월 정부가 정부가 대통령님 감사합니다 과거 정부에서 이렇게 공개된 국무회의를하는 정부가 어디있었냐 정말 능력있는 멋진 대통령님 이시다 이대령통 쩐다 노동부장관님 맨날 혼나네 이재명은 위대하다 너무 너무 좋은 말씀 이네요 더 어려운 사람을 더 어렵게 하먼 안되죠 우리 사회의 폐부를 찌르는 지적입니다 정부부터 바꿔나가길 혈세를 국민한테 쓰면 지랄하고 지들은 막 쓰고다나고 돈 눈턍 이치고 서민들 귀에 속속들어오게 하네 잼 잘해 눈물이 납니다 역시 대통령 님 화이팅 입니다 맞습니다 현장을 너무도 잘 이해 하십니다 불합리한 것 제발 좀 개선해 주세요 적정임금 이재명대통령생각 멋집니다 잼통말씀이 옛 성현의 가르침과 똑같다 경 천 애 인 하늘을 두려워하고 인간을 받들라 역시 이대통령 멋지네요 제가 잘 선택했다고 자부 합니다 임시직에 근무하는 사람이 정규직보다 임금을 더 주도록 규정을 만들면 대부분 정규직으로 채용하지 않겠습니까 노동부 조사해보세요 왕 진짜 대한민국 대빵이다 우리대빵 엄지척 연임 후 중임 연임가자 대통령님 참 훌륭 하십니다 국민들의 삶을 돌아보시고 약자들을 더욱 살피시네유 가장 훌륭한 대통령으로 기록 되어지시길 기원합니다 임시 근로자들 좀 나아지겟네 장관님들고생하시는데 사택얻어주세요 우와 우리 이재명 대통령님 정말 대단하십니다 어느 누구도 생각하지 못한 생각입니다 역쉬 우리 대통령님 최고 어려운 국민 맘 알아주시는 한분 사랑합니다 공직자가 국민을 위해 헌신 하는 자리가 아닌가 상전 대우 받으려 한다면 일꾼이 아니지 대통령의 철학이 놀랍다 위대하다 지당한 말씀 최저임금을 무슨 적정임금으로 알고 있으니 너무 멋지십니다 캬 고용이 불안정한 사람이 오히려 임금을 더 적정하게 챙겨야 된다는 얘기가 맞는건데 정부도 여태 최저임금으로 지급했다니 에혀 대통령이 저런 문제까지 테이블에 올리니까 뭔가 이젠 국무회의가 감동적이네 대단합니다 우리 사회의 잘못된 부분을 알려주심 너무너무 구석구석 까지 매의눈으로 팩트만 역시 이재명대통령 짱이네 응원합니다 눈물난다 이렇게 디테일하게 이야기한 대통령 봤었던가 기업들 똥꼬빠느라 누구도 손대지 않았던 임금체계를 이게 나라다 국민과 소시민약자를 위한 진짜 대통령님 대한민국을 위해 국민을위해 내년 개헌해서 연임갑시다 끝까지 지지합니다,0,0
nxzXCLd6yME,노상원의 치명적 실수 계엄은 법적 기반 준비 후 술술 윤석열 재판,그러니까 총선에서 국힘당이 이기면 합법적으로 계엄을 할라고 계획을 다 수첩에 적어놨다 라는 말은 1 계엄은 계획된거다 사전모의 2 계엄계획의 수첩이다 확정 3 총선 국힘당이 이기면 합법이된다는 망상 4 국힘이 계엄을 도와줄거라는 확신 와 애는 진짜 현실감각이 제로네 자기가 무슨말을 증언했는지 인지조차 못하는 상태 어떻게 보면 능지 문제일지도 정신적으로 문제가 있는 사람인건 확실하네 승리하면 계엄해도 되는거야 윤석열 이나 이놈이나 거짓말이네,1,1
bF2b3AsjWPc,법사위 3부 풀영상 김용민의 충격적인 폭로 법사위 발칵 지금까지 속았어요 전두환 노태우 때는,구독과 좋아요 JTV뉴스를 응원해 주세요 감사합니다 믽주당도 말만 하지 말고 당장이라도 희대의 범죄자 조희대 지귀연 천대엽을 탄핵해라 희대의 범죄자 조희대 지귀연은 명백히 법을 어긴 놈들이라서 헌법재판소도 탄핵 인용할 것이고 천대엽은 모든 국민들이 영상을 보고 차관 지명 되었다가 낙마한 놈을 눈구멍이 삐었는지 그놈이 아니라고 판결한 그런 판결들이나 하고 국회에 나와 헛소리 한 것으로 탄핵 인용될 것이니 지금이라도 탄핵해라 마약수사도 강하게 밀고나가야한다 또 기각시킨다면 그자가 범인이다 처대엽을 감옥으로보내자 뭐저따위야 말은장황설로 사람헷갈리게하나 정말 정신차리고들어야한다 신동욱입다물라 김학의도 못알아보는놈이 무슨 천대엽 수사받아야 합니다 내란당 괘변을 늘어나 요 천대엽 김학의 무죄 판결한 넘 조희대 천대엽 지귀연 신동욱 내란 동조범 맞네 진짜네요 김용민 의원님 감사 합니다 부끄러움도 모르는 신동욱 입만 벌리면 국힘당듣기도싫다 마약 세관 관여 다 아는데 법무부장관이 저리 하다니 제발 수사 제대로 해라 김용민의원님 내란범들을 다 쓸러 버려 주세요 판사 양심은 토끼간 맞네요 이재명 재판열고 유죄때리고 나서 바로 윤석열 무죄로 판결하고 석방시켜 쿠테타로 난리를 피우고 나라가 뒤집어지는 악몽을 꿨습니다 최혁진 진짜 논리 대단하다 이것들은 법개정이 뭐가 됐든 위헌신청 하겠다는 뜻 위헌재판 신청 안하면 되는 거 아닌가 천대엽 구속하라 천대엽은 지가 점잔한척 하지만 뒤에가서는 자기들 카르텔 깨질까봐 전전긍긍할께 보인다 보여 양심은 갔다버린지 오래다 천대엽 말만 뻔지르하게 말 빨리하면 국민의 못알아먹을거같냐 윤석열때문에 온국민이 법공부를했다 천대협 사기꾼이 유권무죄 무권유죄 누구를위해무엇때문에 개혁이란이름으로이나라의법치를 이토록훼손하려는겁니까 죄앞에성역없이수사하고잡아넣는다면 대통령의 만천하에드러난법카사용내역과수없이많은의혹 이런거부터 수사받아야죠 뉴스를보면지금내가북한에있는것과같이무서운생각이드네요 유권무죄무권유죄 권력있는자만살아갈수있는곳은공산국가나아님 짐승들이사는정글밖에없습니다 인간다운이성으로객관적으로바라보십시요,1,1
ELSE0T6uedU,저는 그렇게 생각 안 합니다 빌드업 안 먹힌 이하상 말잇못,감치 언제 하나 완전 시비네 이하상은 말꼬리잡기네 어이구 수준이 개변이네 기본적으로 상대를 밑으로 보고 내말이 맞지 라는식의 화법 수없이 말꼬리 잡으며 뭔가 하나 물고자하는 저 의도가 더럽다 살인 강간 피고인들도 변호 하면서 피해자를 조롱했을것같네 이하상 너가 질문하는게 유도 질문아니니 답을 정해놓고 계속 그답을 얻을때까지 계속 물어보고 저런 사람이 어떻게 변호사가 됐을까 증인에 대한 기본적 예의도 없고 변호사 라이센스 확인은 했냐 증인해줄라어렵게나왔는데 되게 기분나쁘게질문 대댭하기싫어지는 질문태도 전광후니가 대가리박어 했던 사람들 중에 한사람인가 특검한테 유도심문 하지말라더니 지는 대놓고하네 온나라에 나는 쓰레기변호사입니다 광고를 하네 수준하고는 저 변호사란인간은 증인을 증인으로 대하지 않고 무슨 잡범으로 생각을 하는듯 하다 저변호사 왜 감치안하는건지 이나라 사법부 왜 이러나싶다 지귀현 진짜 잘좀해라 정말 답답하다 변호사 증인은 어디에 계셨죠 증인 서울에 있었습니다 변호사 부산에서 홍길동이가 돼지국밥 먹은걸 알고 있습니까 증인 홍길동이 누군데요 변호사 서울에 있었다면서 홍길동이를 모릅니까 이상하지 않아요 증인 이런 느낌,1,1
rCuU3Litd7Q,대통령의 작심 발언 내란 가담자 특검에 의존할 게 아니고,구독과 좋아요 JTV뉴스를 응원해 주세요 감사합니다 100번 옳으신 말씀입니다 군대를 동원한 내란은 군형법을 적용해야 한다 갓 재명 화이팅입니다 법을 위반한 공무원들 모두 직위해제 시키고 엄하게 처벌해야 두번다시 이런일이 일어나지 않는다,1,1
-cqkKIVMM5M,국제 망신 작렬 감히 이재명을 건드려 미국 기자에게 가해진 테러 위협,이젠 이런나라가 되버렸네요 참담합니다 망신 망신 개망신 국제 망신 세계망신 글로벌 만세 이게 나라 최고 통치자입니까 기자님 보호 해야합니다 진짜 나라망신 이게 무슨짓이야 외신기자님응원합니다힘내십시요 이게 요즘 대한민국이다 우리 민앵커의 용기에 큰박수를 보냅니다 정말 창피하다 나라가 무너지고있다 국민들이 정신차려야 합니다 이런 통치권자를 믿을 수 있겠는지요 뉴스데일리베스트의 용기있는 펙트의 방송에 믿음과 신뢰로 적극지지와 성원을 보냅니다 이죄명 재판받아야한다 탄핵하라 외신기자에까지 압력하는판에 국내기자들이야 이미 애완견되어 목줄하고 주는밥만 받아먹고 꼬리치지 않을수 없겠죠 먹이받아먹고 생명 유지해야하는 애완견신세에 감사할 판 망할짓은 다하는구나 외신기자님 전세계에 알리십시요 간첩들이 대놓고 설치는 세상이 되어버린 대한민국 협박당하고 있는 억울한 기자님 국제 사회에 알려주세요 국제인권위원회에 이런 협박질 고소해야합니다 훼괴한 나라가 되었다 바로 잡아야 되겠다 대한민국 대표언론 입니다 감사합니다 뉴스테일리베스트 방송 늘감사 합니다 응원 합니다 저런 협박범들은 고발하여 수사해야 합니다 언론의 자유를 억압하는 자 헌법위반으로 감옥보내야 합니다 이재명 압도한 기자 퓰리처상 후보자 대한민국의 대통령이 아닙니다 항상 좋은 뉴스 고맙습니다 대통령으로 자격이 없음을 본인스스로 부끄러운지아는지 묻고싶다 중공이 망해야 부정선거가 끝난다 위협자 찾아낼수 없을까요 할줄아는건 범죄짖밖에 없는 이죄명 내려와 바른말씀 바른방송 많이많이 부탁드립니다 최고십니다 든든합니다 응원합니다 감사합니다 범죄자 가짜 국제적 망신 나라 수치 최악이다 가짜 끌어내라 탄핵 하라 한국에 유수 언론사도 말못하는 대한민국 외신가지가 밝인 납치돼고 억류됀 자국민이 몆명인지도 모르는 한국에 대통령 그걸 밝인 외신기자를 공갈 협박하다니 이나라는 어디로 더 나갈까요 정말 나라꼴이 어떻게 될 것인지 말이 나오지 않습니다 미쳤구나 외신기자까지 협박을 하다니 저악마를 끌어내려야 한다 민앵커님 수고하시네요 고맙습니다 응원 응원 함니다 고맙습니다 이재명을 재판하라 외신기자님 힘내세요 응원합니다 형님도 처넣는데 그깟 외국 기자쯤이야 맞습니다 민 앵커님 진실을 말씀해 주셔서 감사합니다 감사합니다 용기 있는 발언 진정 애국자 입니다 응원합니다 국적표시제도 도입이 시급합니다 이재명 당장 탄핵 시켜라 이재명 은 범죄 자 사기꾼 당장 대통령실 에서 끌어내라 그리고 외신기자 를 보호 하고 지켜야 한다 외신기자님존경합니다 앵컬님 나라사랑 하는맘 감사합니다 앵컬님도 몸 조심하시고 건강하시고 바른 뉴스 많이 알려주시여 반드시 부정 가짜 사악한 괴물 독재 정권 끌어 내리도록 많은 도움주십시요 멸공 한나라의통수권자가 자국민이 북돼지나라에 잡혀있는데도 모른다니 기가막히고 코도막힙디다 국민들도 알고있는일을 헐 부끄러운줄 모르고 세계망신 100 공감합니다 민 행커님 조목조목 잘알아듣게 말씀해주셔서 감사합니다 이죄명 아웃될겁니다 하루빨리 이재명을 구속 해야 합니다 정권이바뀌면 제일먼저청소해야할 반국가역적들 청소를해야한다 국민으로써 내가다 창피하다 애국자 채널 응원합니다 감사합니다 야 진짜 경악스럽다 공산주의 대한민국이군요 질문한 외신기자를 협박하다니요 기자는 질문해서 기사를 쓰는게 기자의 사명입니다 나라 망신이다 하야해라 에그 역시 범죄지는 범죄로밖에 반박을 못하는구나 용감하고 소신있는 외신기자 응원합니다 We praise that foreign reporter 저들이 한짖거리는 반드시 부메랑되어 그대로 돌아갈것이다 세계망신 뉴스데일리베스트 오늘 처음 듣는데 진심으로 감사합니다 이렇게 알려주시니 그저 감사합니다 이게 대한민국 현실 조폭정권임을 무고한 외신기자에게 증명함 너무 창피하다 하루빨리끌어내려야한다 나라꼴이 넘 죄송합니다 기자님 목숨을 걸어야 할 정도의 국가가 되었다는 것은 거의 다 넘어가고 있는 것 감사합니다 뉴스데일리베스트 진정한 언론입니다 부끄럽도다 대한민국이 어쩌다 이렇게 까지 추락 했을까 이재명 탄핵하라 기가찬다 정말 분노한다 분노한다 분노한다 부정선거 밝혀 가짜들 제거하자 빨리 정상인이 존중받는 나라에서 살고싶네요 멸공 우파도 하나로 뭉처야 한다 이죄명을탄핵해라 와신기자님 가짜뉴우스라고 퍼트린 안간들 고소고발 하새요 가짜뉴우스가 아니라 살제였는데 가짜뉴우스라니 제발 윤건영인가 하는 인간 분명하 고발하세요 여러분 국보법폐지 청원 동의 부탁드립니다 간첩이 몰려옵니다 민주당이 추진중입니다 오마이갓 외신기자를 위협 숨막히는 나라가 되었습니다 이러고도 계엄을 안 했다면 윤대통령은 직무유기 외신기자님 화이팅 뉴스데일리베스트 응원합니다 큰일이내요 민주당해쳬가 답이다 이재명은 자진사태가 답이다 어이가 없어서 말도안나오네 종말로 갈수록 가속도 자연의 이치 정말루 무섭다 멋진 외국 기자님 감사합니다 굳 우리나라가 도대체 어디로가는겁니까 죄명이 쓸때없이 방탄복 입는것보다 미국기자 진짜 방탄복입고 경호원 둬야겠다 이게 극좌파 이제 하다하다 외신 기자까지 협박하나 하여간 이재명 종말은 스스로 무덤을 파고 관을 넣는것에부터 시작 좋아 잘하도 있어 빠르게가 뉴스데일리베스트는 베스트다 멸공 억류된것도 모르고 있는데 뭔노력 이게뭐야 이게나라야 범죄자 한놈 때문에 나라가 망조가 되었구나 부끄럽다 정말 무지가 아닌 거짓과 뻔뻔함이다 외국기자를 협박한다고 편들을걸 편들어라 어이그 썩어도 보통 썩은게 아니다 드럼통에 담길뻔햇네 민앵커님 응원합니다 외국인 기자가 정당한 질문을 했다는 이유로 테러 위협을 가짜 대통령 자격 미달 탄핵감 불의한 자 네 심판합시다 국민이 끝까지싸웁시다 멸공 대한민국이 자유민주주의 국가가 아님을 외국 기자를 통해 널리 알리고자 하는 행위를 했구나 이런 협박을 중공이 했는지 북한이 했는지도 밝혀야 할 부분이기는 하다,0,1
uiJCpeW0qzc,밥 먹고 다니는 서영교 뼈 때린 곽규택,서영교를 고발하라 사팔개는 개똥도 먹어요 어찌 부끄러움을 몰라 국회 꼴이 삼류도이런 삼류가없네 정말 슬픕니다 야 저 국회 국회의원들 없애라 뭐하자는거야 억대연봉받아가면서 서영교는 목소리만 들어도 열받는다 멧돼지가 먹는거 빼고 할수있는게 없지 뒷분빵터짐요 처먹어도처먹어도 배고프지 코미디가 따로업네 국회의원 반으로 줄입시다 필요업는것들 말장난이나 햇사고 잘났다들 정말 돼지는 먹고 또 남의것도 빼앗아 먹는다 꿀꿀쿨 수준하고는 국회해산이 답이다 돼지는 항상 배고파 이젠 아무렇지도 않구나 뻔뻔 거짓말 달인 서영교 답다 사람답게살자 말이 꼬인다 밥사주면 좋탄다 국회 해산하라 서영교 말곱게해라 국민들 듣귀거북하다 서팔계는 아직도 배고프다 서팔계 대박 웃겨 서팔계한심하다 돼지는 이것 저것 먹어도 배가 고프다 그래서 또 이것 저것 먹는다 정들겄다 돼랑이 반말 막장 이게 국회의원 품격 밥달라고 꿀끌꿀 됫 분들표정 보세요 저팔개 서영교 목소리 큰것 대한민국 에서 최고 저팔개 저들은 정치를 알고 국회의원할까 국회의원들 인성 지적능력 학식등등 매우 부끄럽다 저런 인간들이 나라살림을 하고 있다니 참담한 현실이다 동네 계모임도 이렇게 저질은 아니지 참 나짝 두껍다 반성은없이 저렴한 언어로 에이 내가 더 국회의원 잘하겠다 참 부질없는 되지 서팔순이,0,1
E91q0N27H6A,추경호의 증언 터졌다,정말이방송이최고예방송감사합다 모두 일어나야합니다 감사 합니다 왜이제사 이런진실들이 나오는지 진즉에들 양심선언했어야죠 윤석열은 무죄다 복귀시켜야 합니다 늦은 진실에 피를 토한다 직무복귀만이 이나라가 다시 사는길이다 윤어게인 킹석열 윤대통령님 석방하라 문형배와 당시 헌재 재판관 전수 공수처에 신고합시다 두번이지 뱍근혜 대통 까지 뉴스데일리 베스트 최고다 맞습니다 진실은 늦더라도 반드시 이긴다 더 늦기전에 국가를 정상화시켜야합니다 맞습니다 범죄자는 대통령으로 법관들은 구치소로 이게나랍니까 모래 위에 세운 집은 반드시 무너진다 헌법재판관들은 역사의 심판을 받아야 한다 인생은 심은대로 거두는 것이다 윤대통령님 법과 원칙을 준수한 훌륭한 대통령입니다 윤어게인 만 답이다 윤대통령님을 석방하라 윤대통령님은 무죄이다 사기극 그민두고 윤석열대통령 석방하라 사기탄핵 원천무효 윤어게인 추경호 의원님 최고 윤어게인 만세 맞습니다 나라는 죽었습니다 다시 살려내야 합니다 계엄하지 않았으며 나라가 이렇게 망가진 것을 몰랐을 것입니다 민앵커님 최고열응합니다 처음 부터 증언했더라면 정말 아쉽네요 진실의끝은 찬란하리라 우리 윤석열 대통령님 힘내세요 보고싶어요 윤대통령님 화이팅 2030이 나라를 살렸습니다 진심으로 동의합니다 감사합니다 우리 윤석열 대통령님은 반드시 승리하실줄 믿습니다 왜요 진실하시기에 하나님께서 함께 하십니다 존경합니다 멸공 수많은 조상님들의 피로써 지켜내온 이 나라가 정말 걱정입니다 구독100만되었네요 자유대한민국을위해 언제나 진실된소식전해주셔서 정말정말 감사합니다 윤석열대통령님 사랑하고 존경합니다 항상 건강하세요 믿을 법관놈들 하나도 없는 세상이다 윤석열 대통령 직무복귀 자유대한민국 화이팅 윤석열 대통령님 정말 존경합니다 감사합니다 지지합니다 대통령님 여사님 구해주세요 윤석열대통령님 석방하라 진실이 이긴다 민앵커님 방송 팩트논평 감사합니다 우리우파유툽방송땜에 자유대한민국은 영원할겁니다 헌재가 헌정 수호를 하는게 아니라 헌정 파괴를 했다 눈물난다 사랑하는 나의 윤석열 대통령님 꼭 건강히 돌아오셔야합니다 준법대통령 윤석열대통령 윤어게인 대한민국 대통령 윤석열대통령 영부인 김건희 여사님 빨리 복귀하시길 애타게 애타게 기도함니다 진실이 밝혀지고 있습니다 윤대통령님 석방하고 탄핵무효 현 상황에 울화가 치밀어 오르네요 가짜이밍 반드시 끌어내려야합니다 싸우자 이기자 윤석열대통령 은 무죄다 탄핵무효 반드시윤대통령님명예회복을시켜야됨니다그래야만나라가바로설수있고진실이밝혀지는검니다 대통령은 아무나 할 수 있는 자리가 아니다 능력도 없는 놈이 대통령 행세를 하고 있다 쫓아내야 한다 옳으신 말씀 멸공 윤어게인 탄핵은 재심을 청구해야 할 일 국힘은 안되고 국민이 해야 할 일이다 국민은 이시대의 영웅을 기다린다 윤대통령님이 다시 대통령직에 복귀해야합니다 추경호의원은 왜 이제야 밝히나 진작 주장했어야지 울분이 난다 윤대통령님 생각 하니 가슴이 또 찢어집니다 가짜 그 인간은 악마 입니다 윤대통령님이 복귀 하신다면 저는 소원이 없겠어요 윤어게인 온리 윤 애국채널 뉴스데일리베스트 100만구독 눈물겹게 축하합니다 민앵커님의 피끓는 애국심 많은 감동과 반성이 됩니다 저두 뜨겁게 애국활동 가열차게 하겠습니다 구국의영웅이신 윤석열대통령님 사랑합니다 윤대통령님 탄핵무효입니다 재심해야합니다 즉시석방하고 범죄자이재명 재판속행하라 뉴스데일리베스트 우파의정통스피커 방송있어서 든든합니다 윤어게인 윤어겐 나는 계엄선언을 들었을때 국회에서 의결하면 해제하시겠구나 느껴졌었는데 그래서 아무걱정없이 잠들었는데 역시 믿음 이 틀리지 않았네요 이나라가 미쳐돌아가고있네요 감사합니다 대통령 단어를 붙일수 없습니다 가짜에게정권을 탈취 당하고 빨리끌어내려야합니다 맞습니다 포기하면안됩니다 맞습니다 우리 윤통님 부디 건강 잘 지키시고 조금만 더 힘내주십시요 추경호는 왜 이런사실을 대통령 탄핵전에 미리 얘기 안한건지 헌법절차에 따라 게업을 실시한게 내란인가 웃기는 헌재재판관들과 더불어민주당은 천벌을 받을것이다 짝짝짝 응원 합니다 이게 윤석열의 사람됨입니다존경하고 사랑합니다 추경호 대구시장 이진숙은 그 지역 국회의원으로 주호영 끝내자 자유민주주의 대한민국이 바로서는 그날까지 싸워야 합니다 민앵커님 구독 밀리언 돌파를 다시한번 축하드립니다 뉴스데일리베스트 모든 스텝분들 정말 수고들 하셨습니다 윤대통령님 절차대로 계엄선언 계엄으로 인해 저들의 실체가 많은것이 드러났읍니다 탄핵무효 윤대통령님 석방 복귀 조희대 대법원장님은 재판 속게 안하면 모두 침몰 하는 겁니다 뉴스 감사합니다 고맙습니다 수고많습니다 응원 합니다 앞으로 승승장구 기원합니다 윤어게인 추경호의원님 존경합니다 우리 윤석열 대통령님을 민주당보다 먼저 내란이라고 짖거린 한똥훈 죄값 톡톡히 받길 자유대한민국의 국민들이여 바로세워야 합니다 그중요한증원을이제했을까 추경호 왜그랬지 민앵커님 지지합니다 구독자 100만 축하드림니다 윤석열대통령을 당장 석방하라 내란수괴는 이재명과 더불독재당 한동훈 추가요 헌재 8인이 내란동조자 8인을 특검하라 지금의나라를 망가트린자들 구속하라 세상에 사기극이네요 아버지하나님 정의가 강같이 흐르고 공의가 물같이 흐르는 세상을 말씀하셨습니다 주여 우리의 이아픈마음을 위로해주시옵소서 우리 윤대통령 위대하십니다 건강 챙기시고 힘들어도 쫌만 참으세요 하나님이 함께 하십니다 항상 바른 정보 전해 주시는 보수 의 유튜 100 만 축하 축하 드립니다 애국정보 홧팅 최고 끄집어 내려야죠 추경호의원은 왜 이제서야 말한건지 윤통이 안과 밖에서 혼자 싸우셨구나 얼마나 외로우셨을까 한마디 한마디 가슴에 담겠습니다 끝까지 싸우자 이기자 윤석열 대통령이 옳았다 화이팅입니다 응원합니다 건강챙기시구요 윤 어게인 윤어게인 또 추경호,1,0
dBD063grw4g,이재명 돌연 백기투항 정청래 김병기 기습만찬 이재명 충격적 긴급특명 국회 완전 아수라장 나경원 우원식 박살냈다 통일교 뇌물 특종 전재수 딱 걸렸그러나 강력부인,가짜방송자는 민형사상 책임을 반드시 묻겠습니다 전옥현 안보정론TV 이외의 방송은 모조리 가짜방송임을 알려드립니다 예 24시간 뉴스채널 등 어찌 모범이 되여야할 국회 300명이 나라마라 먹는대 앞장서다니 국회해산하라 국회가민생은팽개치고검사판사다해먹겠는거냐 한번도 경험하지 못한 나라 반드시 경험하게 되리 새법 만들어서 심판하면 안잡힐자 누구냐 재명이부터 구속하라 더불당 통일교에서 뇌물받은 자들을 찾아내서 특검하고 구속시켜야 한다 통일교 뇌물 받는 국회의원들 다 구속하라 안보정론 앵커님 지당하신말씀응원합니다 나라가 거덜나기전에 좌파들의 엉터리 국정운영 바로잡아야 한다 죄명이만구속하면 나라가산다 나경원님 국민들은 지지하고 응원합니다 정말 박살나면 좋겠네요 이재명 과 정청래 의 만나 는것은 이 자들 이 작당 할여고 하는 것 이다 이재명 재판받아라 종교에 자유 역압하지마라 박사님 이게 나라임니까 정말 한심함니다 어떤 작자 때문에 통일교 화이팅 지혜로운 사람 다죽었다 특검 너무 불공정하게 수사하지말고 더불당 의원들도 특검하라 오리발 내밀어도 소용없다 녹음한것 있다지않나 통일교해체시켜야 돈받은정치인모두모조리구속시켜야 헌금받아이따위 통일교 헌금하지말아야 국회의장이 더불당의원인가 의장이면 중립을 지켜라 선관위가민주당의석만들어준겁니다선관위없어저야이나라바로서간다 권성동도 대통령 탄핵의 공신이잖아요 이죄명과정청래는쇼일수도있고요벌써부터시작된사건들입니다지금현지가지령한것들이특히이죄명증권까지과니한김남국이현지랑듀에쌨다느룬처도있어요 썩어도 너무 썩어빠진 이정권을 국민들은 제대로 인식할수 있을까 전재수 마저 뇌물을 기가차다 퇴출이 답이다 제대로 된 인물이 없네요 너무 썩었네요 박정희 같은 참 군인은 없나요 맨날 백기투항 제발 이런 사기성 썸네일 쓰지 않기를 백기투항 이란말 그만하시죠 집권6개월차 정부가 레임덕도 아니고 6개월 임기남은 정권처럼 취임3일만에 3특검발의 해서 얻은게 수사결과가 부메랑처럼 이재명정권을 향하고 있네요 인과응보다 재명이부터 구속하라 대통령실 만찬은 국민혈세아닌가 예산삭감0원 만들더니 다시 부활해서 예산을 남발하는거 아닌지 국민들은 눈을 부릅뜨고 지켜봐야한다,0,1
DD98XGTJ7L0,김현지 큰일났다 서울 64 7 보수 74 7 중도 59 8 정청래 긴급입장문 내란재판부 변협 규탄성명,김현지 이재명 김혜경 김민석 민주당 특검팀 탄핵체포저 직각 체포를 해야 내란재판부가 성립한다면 무수히 많은 특별재판부 이후에는 우후죽순으로 만들어 딜 것이다 힘의 논리로 만들어지는 것이다 내란이 존재 하지도 아니하는데 내란재판부를 설치하나 대통령의 비상계엄을 내란이란 얼가미로 묽어 기소 했으면 재판 결과를 기다려야 할 겄이다 법원장 회의에서 회의만 하지말고 이매며우재판을 재개하라 삼권분립 없이 민주주의는 존재하지 않는다 김현지 신분까면되지 왜못하는데 그만큼 숨길게 많은건가 궁굼해서 김현지 특검 특검 특검만이 답이다 온갖악법만 만드는 더불당 뭐가 그렇게 무섭냐 악법말고 국민들 심부름을 해야지 국민들 머리위에서 있으라고 준자리가 아니다 수사기관에 대공업무 강화시키고 국가보안법 폐기 발의한 민주당 국회의원들 민주당핵심들 일제 조사하라 국회 법사위 마구잡이 법 만들수 없게 심의 기구 필수 현재의 법관들믿는 국민이있겠나 다누워버리는 법관들 범죄자들이 나라를상켜가는데 법도무시한 범죄자 이재명 김현지 김혜경 재판받아야된다 삼권분립에의한 대법관 헌재소장 이런분들은 법조계에서 추천 투표 정치 국회 는 불참해라 김현이 신분 밝혀야 합니다 김현지가 신원을 밝히면 나라가 뒤집어집니다 김현지 신분을 안밝히는게 더 이상 한거아닌가 신분 을 떳떳하게 밝혀야,0,1
a78VoLyA0W8,시진핑 이재명 날렸다 현지누나 또 파문확산 조진웅 심야 긴급입장문 장영수 고대교수 폭탄발언 내란재판부는 위법,필숭 대한민국 안보정론 향상 응원합니다 사전선거 폐지가 민주주의 꽃 김현지 특검해라 국보법 폐지는 국가를 포기하자는법이다 화이팅 멸공 리셋코리아 김현지는 간첩인지 김정은의 하수인인지도 모르는 상황에서 가짜대통령의 머리위에 앉아 국정농단을 하고있다 나라가 통째로 중공 이북으로 넘어가는것같다 국보법페지절대불가 국민이목슴걸고막아야한다 국보법발의자들은 북으로 가세요 어떻게 이런법은 발의할수 있는지 큰일이네요 국보법 발의 적극 반대합니다 배신자들 공천 절대 반대 주기만 해봐라 장동혁 나라가 완전 걸래 되었네 다른 새정부 투표 해야합니다 낙선이 문제가 아니고 공산당이잖아 왜 나둬 맞아요 응원합니다 파이팅 올은말씀 명단 메모리해야죠 28명은 총선에서 심판해야 한다 국보법 은나라지키는 근간 이다 이썩은 놈들은 국민세금타먹으며서 나라망칠 일만안드구나 다시는 이놈들국회에못들어오게국민들 은 알아야한다 안보정론 늘 수고 많으십니다 김현지 국정농단 구속수사하라 시진핑이 이재명을 날렸다고 에이 그럴리가요 이재명이 중국이라면 죽고 못사는사람 이라는것을 시진핑이 잘알것 인데요 조진웅을 보며 이재명도 내려오고 정계에서 퇴진해야하는 것아닌가 민영배 김준혁 윤종혁 국보법 페지 발의자 항상 응원합니다 화이팅입니다 안녕하세요 반갑습니다 좋아요 Ok 수고많으십니다 오늘도 변함없이 응원합니다 의리 사랑 해피 김현지비선실새구속하라 조진웅이 이죄명보다 사람 답다 반대 좋아요 이재명 비슷 하니 따르는듯 윤종오 도 울산 북구지역들 노동자들이 않으니 옳고 그른것을 분별 못하니 참 아이런 하네 북한은 가저도되고 우리는 왜않되냐 절대반대 우리도 핵을 빨리 만들어야한다 이름을자막으로 짚어서 보여주시면더 기억될것 같음니다 김현지 서열이 짜이밍보다 위다 이재명나라을망하게하는것이목적이다 우리나라대한민국은 민주당이재명 김현지나라입니가 참한심스럽고기가막힘니다분노합니다 애지중지현지를 짤라내야지 국민혈세로 월급을 주면서 국민들이 왜 모르고 있어야 하나 김현지 너는 누구냐 이재명 김현지 권력 행사 조진웅씨라네 국보법 폐지 결사반대 안보정론 항상 응원합니다,0,1
ReJYiSqiWNc,손흥민 대박쳤다 이재명 난리났다 판사들 대규모 반란사태 나경원 이재명 사전선거운동 개입폭로,가짜방송자는 민형사상 책임을 반드시 묻겠습니다 전옥현 안보정론TV 이외의 방송은 모조리 가짜방송임을 알려드립니다 예 24시간 뉴스채널 등 트럼프대통령님 제발 자유 대한민국을 좀 도와주세요 대통령이사전선거개임한거 선거법배걸린거시다 트럼프 대통령님 이재명좀 처리해주세요 안보정론 항상 응원합니다 대장동 재판해라 모든게 밝혀지면 지네들이 죽으니까 죽을 힘을 다해 살려고 그러는거 아닙니까 법에 어긋나도 살 길이 없으니까 그러는겁니다 선관위는 믿을수있는기관이 아닙니다 그러면 이재명도 재판해서 중형에 처해야지 범죄자도 가려서 처벌하나 정청래와 민주당이 이렇게 오버하는 것은 개념이라는 기준을 가지기에 너무 망가진 행보를 해 와서 어거지 술수로 세상을 해석하지 않는 방향 자체를 잘 모르는 정도의 스스로 우민화된 늪에 빠져 버렸다 뻘쭘 뻘쭘 중국말인지 북한말인지 따라하다가 어디까지 가고 있는지도 모르고 있다 반국가 세력이라는 게 딱 민주당하는 것을 보면 답이 딱 나온다 자기들 살고 국익은 안중에도 없고 정쟁과 탄압을 위해 출산된 괴물정당 그 자체이다 이민재판소 다 개법막아야한다 그래봤자 미친도라이들이 뭔짓인들 안할까 체포해야하는데 누가하냐고 신문기사로도 충분히 아는 내용을 이것 저것 제목만 거창하게 해서 달아 놓은 것은 안했으면 좋겠습니다 지금 다들 정치에 집중해서 시청하는 마당에 그 날의 중요 정치기사를 심층적으로 연구하셔서 발표하여 주시면 대단히 감사하겠습니다 매일 수시로 시청하고 있는 구독자로서 진언을 감히 드리오니 혜아려 주시길 부탁드립니다 애국운동에 열정적으로 수고하심에 진심으로 깊은 감사를드립니다 판사들 한발 늦었어 여당 정치시간이 빠를 듯 아직도 먹고살만하네,0,1
_A2MOmUb754,민주 뇌물 종합특보 이재명 직접전화의혹 충격내용 충격 윤영호 최후진술 뇌물리스트 5인방VS7인방 구체적 실명터졌다 파문 정동영 충격발언,우리나라 백성들은 믿을데가없다 개판으로돌아가는 정치를보고도 학자들도 학생들도 군인들도 국민들도 강건너 불구경만하고있으니 이나라앞날이 암울하다 돈을 먹은 정치인들 망신당하지 말고 이실직고하고 특검을 받고 감옥으로 가거라 특검도 무능하다 특검을 받아라 국민들은 불신을 하니 정확한 수사를 하라 윤영호본부장 재판에 협박을 해 딜을 해요 이재명정권 답다 서울법학전대명예교수한인호교수가내란이라고인터뷰한거보고전화를던질뻔했읍니다너무화가나서완전죄파인가알고싶퍼요 장관들도 죄가있다면 특검을 받아야한다 대통령도 죄가있다면 감옥으로 가야한다 특검을 직무유기로 슬픈한국 이 디로 가려고 늦은시간까지 수고많으십니다 고맙습니다 늦은 밤에 수고 많으십니다 통일교 관련 뉴스를 보니 이죄명이 또 유체이탈 화법을 하고 있네요 대한민국의 사법제도는 사회주의 공산국가에서나 볼 수 있는 후진국의 제도임 온갖 탈법과 불법 수사와 증거 조작이 일상화 되어 있음 더 심각한 건 사법부가 이러한 위법적인 수사를 공공연히 방조하고 형을 선고하고 있음 사법부가 더 나쁘고 악질임 눈치를 보아가면서 밀당을 하는 듯 전형적인 내로남불의 사람들로 보입니다 7인명단 누구죠 통일교 에 돈받은 자 모두 조사해라 통일교가 정치자금 저수지 인가요 곶감 빼먹듯이 쓰나요 천주교도 문재인 저수지이던데 걍 이재명재판을 재개하라 부정선거를 밝혀라 김현지를 특검하라 민주당을해체하라 한인섭교수입니다처음댓글에이름을잘못써서다시보냅니다 요점을 빨리얘기안하고 뜸 들이는 잔소리가 많네 뉴스가 점점 엉뚱하군요,0,1
72I65rwjBbE,한동훈 김건희특검 불출석 사유가 기가막혀 이제와서,이봉규 대표님 한결같이 부정선거 척결에 목소리내시고 앞장 서 주셔서 감사합니다 힘내세요 인간이 얼마나 악할수 있는지 한동훈을 보면서 알았네 한동훈과 홍준표 손잡고 함께영원히 정계은퇴 하거라 속이펑 시원합니다 역시 그거 보고 밝히는데 왜 그리 오래 걸렸나 이젠 지난 대선 부정선거 밝히고 무효 선언하라 여옥님건강하셔야합니다 징글징글합니다한동훈 9 33 시대의 명언 진실은 가발로 덮을수 없다 나이값을 홍할아범 패륜도 이런 패륜이 없다 배은망덕도 이런 배은망덕이 없다 한동훈은 윤대통령님 앞에서 무릎꿇고 석고대죄하라 그래도 국민들이 용서 못한다 정말 교활한 홍준표 국민에게 부끄럽지않나 한동훈 이제 정말 끝나게 해야 합니다 더이상은 국민들이 얼굴 보고 싶어하질 않아요 빨리빨리 깜빵보냅시다 어떻게 저렇게 자랐을까 아직도 지 잘못이 뭔지 몰라요 고대로 그 죄 돌려 받기를 이 악마를 반드시 감옥에 넣으라 윤대통령과 국가에 반역하고 엄청난 위해를 가한 사악한 반역자 천벌이 구속이 답이다 맞습니다 당게때 한동훈의 정체가 명확해졌을때 잘라냈으면 탄핵은 없었슴 한동훈도 문제지만 국힘 자체가 배신당이죠 그때는 커녕 지금도 옹호하고 있는 자들 함께 쳐버리라 장동혁 대표님 격하게 응원합니다 배신자 기회주의자 멸공 척결 인요한이도 그게그거였지요 먼저 토낀 것에 불과합니다 응원합니다 한동훈구속 오늘의교훈 배신자들은즉각처리해야된다고름이살안된닷 한빠들 싹다 구속해라 윤리 위원장 책임져라 한동훈 너는 하늘이 두렵지 않니 자기에 모든 부귀영화를 팽개치고 오직 국민을 위하여 헌신한 우리윤통 너무나 슬픔니다 국힘 망해도 쌉니다 한씨구속이 답이다 아멘 박통탄핵 윤통탄핵 중심은 한씨 한동훈너는 하늘이 반듯이 응징할거야 박사님 세윌이 지나니까 박사님께서 예상했던 모든일들이 모두 맞았네요 고맙고 감사드림니다 민중기 당신 만약 편파 수사 사실 확인된다면 당신은 호흡 중단 하는것이 마땅 하다 거부 하면 너의 가족 까지 하늘 의 화를 면치 못할것이다 장동혁 대표 서두러지 않고 천천히 하나하나 정리하는모습 응원합니다 나라를 망친 배신자 부끄럽도다 윤리위원장도 자신이 임명한 여상원 였는데 한동훈 참나쁜놈이다 너는정치계 떠나라 은혜를 모르는 인간은 국가라도 팔아먹습니다 한동훈가족모두구속시려야죠 전여옥tv를 응원함다 할렐루야 장동혁 대표님 정말 위기에 당대표를 맞으셔셔 많이 힘드실겁니다 감사합니다 힘내십시요 국민들은 정의를 원합니다 응원합니다 한동훈 당장 구속기소함이 마땅하다 애구 홍할아버지 이제 와서 쯧쯧쯧 같은편 맛을 봐야 저승을 알지 아직 멀었습니다 똥물 뒤집어 쓰보고 다시 태어날지 모르겠습니다 걱정 많이 됩니다 하지만 화이 팅 한동훈 배으망덕도 분수지 나라를 망쳐놓는 배으망덕 소잃고 외양간 고친다 썩은거는 빨리 도려내야 합니다 2030으로물가리하세요한가야국힘당나가라임마 맞아요 나라와 서민 과 국민들은 너무 살기 힘듭니다 나라에 온통 똥냄새 때문에 살수가 없네요 더러운 배신자들 어찌 낮짝들고 돌아다니나요 배신자들 빨리 아웃시켜주세요 한동훈 이름 석 자도 올리기 싫은 악질 이 작자만 없었으면 지금 이 상황은 없었을텐데 얜 즉시 처벌받아야 한다 국힘은 진짜 답이 없다 부디 장동혁 대표님은 굳건히 가시길 나쁜인간 배신자 한동훈 배은망덕 한동훈을 속히 구속하라 한동훈인간아닙니다 어떻게지를키워준윤석열대통령을이렇게배신한놈 징글 징글 합니다 지금이라도밝혀져서다행입니다 홍준표는 이제는 그냥 안봤으면 당연히 한동훈 감옥가야지요 나라를 이꼴로 만든 장본인인데요 인성이안된 사람은 인간 관계를 멀리해야한다 왜 이런사람은 이기주의 자다 언젠가는 배신할수있다 이자슥 당장 구속 시켜야한다 앞으로 이호선교수님의 역활이기대됩니다 화이팅 그때 한동훈 정리되었다면 이지경 안되었다 당원들 이야기들었어야했다 지도부는 역사의 죄인이다 한동훈은 나쁜짓은 다 해놓고 늘 숨어다님 당당히 길에 다니는걸 못봄 한동훈은 용서받지 못할 대형 범죄를 저지른 자다 나라를 공산화시킨제1요인이 된 자다 배신자 살모사 한뚜껑 반드시 척결해야 합니다 권영세 권성동 결코 잊지 않을 것이다 박통 윤통의 탄핵은 국힘내 부패한 여의도 귀족세력은 개혁과 혁신을 할려는 장동혁을 몰아낼려고 한다 그 추운겨울 아스팔트의 뜨거운 열정으로 장동혁 김민수를 지키자 뭉치자 싸우자 이기자 조갑제 정규제 조중동 위장보수논객 입니다 장동혁님 약속 지켜주셔서 고맙고 감사합니다 그니까요 대통령탄핵보다 훨씬 어려운 당게수사 두사람과 자유대학의 단합 하루빨리 구속시켜야한다 하늘이 두쪽나도 한동훈은 용서가 안됩니다 끔찍한 인간 홍준표도 한동훈과 똑같은 인간 한배신 드디어 가는구나 천하의 몹쓸 자 불쌍한 인간아 잘 가라 야비하고 비열함이 하늘을 찌르는구나 한 동 훈 한동훈배신자 홍준표 당신도 좀 조용히 살아라 인생 불쌍하다 한동훈유튜브에 비판글 썼더니 바로 차단당했어요 저런게 당대표였으니 탄핵당하는거는 수순이였네요 휴대폰 끝자리 동일 빼박이네 한동훈 너는 정유라손에 목떨어질거다 은퇴가 아닌 퇴출 부정선거 밝히지 않으면 지방선거는 또 적절하게 분배 결과 나오겠지요 한동훈 구속시켜야한다 이제와서진실을밝히냐 으히그 1 1 거열 가족 교도소 필요해요 한동훈가족 에 꼭 맞는 교도소 말이예요 홍준표영감은 정치판끝내라 한동훈 이름만 들어도 스트레스 받고 속이 부글부글끓어요 징글징글한 놈 경남도지사할때응원했는데 이제는 홍준표 보기도싫습니다 먹을것 다 먹었으니 조용히사세요 제발 한동훈이 아웃 정치못하게하세요 대한민국화이팅 내부간첩이였네 정말배신자 배신자 마지막 감옥에서 보내세요 이병준티브 대표가 발견했답니다 가족을 동원한게 아니라 가족 아이디로 한명이 작성했을 가능성은 없을까요 장동혁 대표님 응원합니다 더욱 힘내세요 홍준표 들어가세요 이젠 아이구 우리 윤통과 김건희여사 이 추운날 마음아파 눈물이 남니다 강력한처벌바랍니다 어케한가족이똘똘뭉쳐나쁜짓거리를했나 오랫동안챙겨주며 종은자리 다앉혀준은인에게 인간이아닙니다 전여옥은 박근혜님을 탄핵할때 한동훈같이 배신자여서 tv만틀면 나와서 박근혜님을 욕했는데 왜 모두 잊어버리지 전여옥 이언주 배현진 부끄럼도 몰라 이박사 정치라는게 칼로 무우 자르듯이 할수 잏는게 정치학박사의 견해입니까 그렇게 되는거 봫읍니까 남만 탓 하지마세요,1,1
0KU-y9yEO7g,베네수엘라 다음은 한국 경고 박순혁,박작가님 오늘도 감사한 마음으로 애청합니다 박작가님 영상이닷 아싸 이봉규 선생님 박작가님 영상 올려주셔서 감사합니다 박작가님 이봉규선생님이 최고임 잘보겠습니다 성남 동부연합 선관위와 중국이 전세계의 부정선거 주범 21대 총선 당시 파주시을 지역 선거인 명부에 197세 153세 147세 유권자가 투표했다는 기록이 있습니다 197세 김복순 할머니는 파주시 파주읍에 거주하는 것으로 추정되는 분입니다 2020년에 197세였으니 지금은 와우 지금은 무려 202세나 되셨네요 1823년 순조23년에 태어나셔서 헌종 철종 고종 순종의 임금을 겪으시고 일제 36년을 사신 뒤 이승만 대통령부터 최근 윤석열 대통령까지 모두 보신 분입니다 참고로 김복순 할머니의 연세는 무소불위 초헌법적 기관인 선거관리위원회에서 직접 인증한 공식 나이입니다 주목할만한 점은 이번 탄핵정국으로 치루어지게 될 2025년 6월 대선에서 김복순 할머니께서 투표장에 나오실 지 초미의 관심사랍니다 한편으론 미국의 지지난 대선에선 뉴저지주에서 1700세의 할머니가 투표를 하셨기 때문에 일각에선 김복순 할머니께서도 거뜬히 내년 선거에 나오실거란 전문가들의 예측이 있습니다 공명선거 자유민주주의 핵심 부정선거 공범들 청산할때 위장우파들부터 해야합니다 부정선거 부정선거 중공이 망해야 부정선거가 끝난다 가짜 아웃 까 윤석열 대통령은 중국 간첩단 체포를 더이상 망설이지 말고 내일이라고 디데일 하게 까발려서 천하에 알려야 한다 그래야 더이상 나라가 망가지지 않는다 나라가 다 망가진후 세상에 알리면 뭔소용이 있겠는가 말법의시대 현자 천인 출연 하니 지혜와 통찰력에 감사드립니다 부정선거 중국이 백프로 개입했다 우리도 언젠가는 밝혀질것이다 부정선거 맞아요 찔려서 부정선거 말한거임 나같음 어떤 내가저지른 범죄가 막 조금씩 공론화되고 파헤쳐지면 진짜 매일매일 피마르고 불안해서 밥도 못먹고 공황올것 같은데 참 대단들해 우리 선관위 가족회사 다산 핸디소프트 미루시스템 우체국 시바거 범죄집단들 맛난거 많이 먹어둬 앞으로 못 먹게될텐데 120세가 투표 부정선거 518 확실 내정 간섭이 싫으연 한 중 우호 증진도 아웃시킴 뼈때려아저씨 최고up 젤잼이써여 이명박이가 민주당과 합심해서 박근혜대통령의 거짓사기 탄핵을 이끌고 맹박이는 민주당의 뒤통수에 구속까지 되어었죠 이것이 팩트 대한민국 부정선거도 곧 밝혀지겠네 누군 잠도못자고 오줌지르겠네 헉 사망자 26만명이 투표 중공 왕후닝 부정선거 가짜 아웃 까 부정선거 숨기는 자가 범인이다 역대 부정선거로 당선된 대통령 김대중 노무현 이명박 박근혜 문재인 윤석열 이재명 이렇습니다 사망한 자는 부관참시하고 살아있는 자들은 국가반란법에 의거 무기징역 이상이 필요합니다,0,1
W2Hw8tcniag,전직 CIA 요원이 전 세계 부정선거 시스템 폭로,부정선거 518 확실 부정 못하게 제도화되길 부정선거 조작선거 사기선거 불법선거 명명백백히 밝혀져야 한다 제발 더 밝혀지길 부정선거는 만악의 근원 야바위 도둑정권 끌어내리자 그날 선관위연수원에 연수원직원과 기술자가 같이 작업을 했다고 생각한다 이걸 막으려하신 윤대통령이 맞았다 대한민국 빨리 부정선거 터져야 할텐데 가짜 대통령 새끼 빨리 끌어내야 대한민국이 산다 한국선관위도 똑같은 조작이지 부정선거 부정선거 중공이 망해야 부정선거가 끝난다 가짜 아웃 까 트럼프의 응징이 오산기지에서 다음달 부터 전개 된다네요 사전투표 폐지 수개표 합시다 여론기관들이 여론조사들 다가짜로 하는겁니다 문제인부터 가짜넘 빨리 끌어내려야 한다 선관위 싹 없애버려야 함 대만의 심플한 투개표가 부럽다 썩은언론 레거시 영원히 증오 합시다 부정선거에 눈을 감고 있는 국민의힘 국회의원은 아웃 부정선거에 답을 하라 수개표 투표를 날인해 투표함에 넣으면 개표도 통 까고 카운트 베네수엘라가 저정도면 큰집 대한민국은 원조 부정선거 조작 기계 제조 공장 차려 수출까지 한 대한민국은 그래서 저렁거 믿고 해찬들이 앞으로 50면 어쩌고 중얼 거렸나 아 드디어 민주당과 선관위 부정선거 들통나는구나 바보야 문제는 부정선거야 라고 말한 뉴욕대 교수말이 생각난다 이거 해결 않하면 다 쓰잘데 없다 이거만 잡으면 정권교체 확실히 한다 전세계가 도둑놈들 을 키웠네요 전세계 부정선거 카르텔 척결 한국도 닥치고 부정선거 수사하라 부정선거에 눈을 감고 있는 cia 가담자는 누구 트대님은 다 알고 있다 정의가 실현되길 동조 방조 침묵하는 자들 모두가 부역자이자 역사의 죄인임이 명명백백하게 드러날 것이다 이봉규 박사님 국회로 보내야 합니다 우리나라 선관위는 괞잖나요 부정선거 아닥하는 여야 정치권 가짜 천국 대통령 선거만 그런게 아니고 국회의원 선거도 마찬가지 가짜들이 모두 장악 조선 중앙 동아일보 이제 더 이상 침묵하지 말고 부정선거 척결 보도하고 가짜 대통령 물러나라 탄핵에 앞장 선 것처럼 부정선거 척결 행동에 앞장서라 미국 트럼프 대통령이 부정선거 수사을 강행한 이상 온두라스 베네주엘라 넘어 극좌 이재명 정권에 쓰나미 덮칠 시간도 눈 앞에 다가온다 피할 길 없다 조 중 동 과 S K M TV 등의 빨갱이화를 기정사실화 하고 전향의 미련을 버리자 세상이 바뀌었다 유튜브등 뉴미디어에 몰빵하면된다 영화는 현실의 반영이다 영화 아수라 는 대장동 사건을 바탕으로 제작됐다 이젠 본격적으로 부정선거 밝히고 윤석열 대통령 석방해서 이재명 쫓아내야죠 대만식 수개표 선거가 정답입니다 감사합니다 부정선거 지금의 입법독재의 시작이요 지금 리죄명 가짜 대통령의 시작 국힘은 부정선거에 대처안하면 지방선거 망한다 명심하라 한미일보 최고,0,1
Rbqhd5XCgVw,전재수 장관이 사표를 먼저 제출한 이유는 무엇일까. 뉴스 연구소,"윤영호가 거짓 뇌물을 받은 이들을 언급할 이유가 없다. 정치에서 로비하는 사람들의 암묵적인 법칙처럼 그들은 민주당의 양쪽 모두를 보장해 주었습니다. 다음은 정동영이다. 뇌물을 받은 이들의 공통적인 특징은 증거가 제시될 때까지 이를 강력히 부인하는 것이다.|||동일한 요금으로 일부|||분명 거기도 없었는데 왜 사과했지?|||??? 야, 너 정말 존재하지 않았어? 언론에 모든 증거를 제공하고 있나요? 다음날 사의를 표명했는데..|||모든 정치인을 조사하십시오. 썩은 정치를 청산하라|||국회의원직을 내려놓아야 합니다.|||아무 말도 하지 마세요|||알았어요 하하|||단호하고 명확하게 말하지만 정치인들은 입만 열 때마다 거짓말을 한다.|||이제 전재수는 끝났다...!|||당신은 당신이 얻는 것을 얻습니다. 철저한 수사와 검거가 답이다. 범죄를 저지른 정치인은 무슨 일이 있어도 다 잡아야 한다. 세금은 괜찮습니다.|||버티면 이것저것 빼앗길 것 같아서 빨리 사퇴하려고요.|||전재수씨 정말 친절해요! 국회의원직을 사퇴하고 조사를 받아라. 정치는 끝났습니다.|||사람들이 바보처럼 보이나요? 전재수씨는 아무 죄도 없는데 왜 사퇴하겠습니까? ?|||무죄라고 말하면서도 왜 사임했나요?|||뭔가 있는 것 같은데...|||ㅎㅎ 철판을 깔았네요.|||행운의 대상|||그게 생각나네요. 미투 사건이 터져 조사가 진행됐을 때 범죄 혐의가 인정된 것은 민주당 인사들이었다. 하하. 김건희를 잡겠다던 만중기 특검이 결국 만주당을 찔렀다. 하하.|||그들은 그렇게 말합니다. 제외하고. 사직. ㅋㅋㅋ|||국립의료원을 내려놓고 조사를 받아라.|||아직 법원 판결이나 조사도 없어서 불법 뇌물수수는 없었는데... 그럼 뇌물수수만 있었나요???|||재조사|||행운을 빈다. 까르띠에와 불가리를 나에게 던져라.|||강한 부정은 강한 긍정이다",0,1
bSzINmwhG4c,"항상 응원합니다! 윤사모 멤버 등장! 윤석열 탄핵 무효, 헌법재판소에 계엄령 선포","그렇죠, 저는 중심적인 의견을 존중합니다.|||와 너무 예뻐요 축복합니다|||당신은 예쁘고 똑똑한 청년이에요. 나는 당신을 아주 잘 알고 있습니다. 나는 당신의 미래가 밝다고 생각합니다.|||볼 수 있는 눈이 있었어요. 가슴이 터진다, 지혜.|||탄핵무효 탄핵무효 탄핵무효|||정의는 영원히 살아있습니다. 대한민국 만세.|||감사해요. 아들과 딸. 대한민국 만세|||2030년은 이 나라의 희망이다. 민주주의를 지키고 청년들의 미래를 보장합시다.|||나는 당신을 응원합니다|||2030 청년들, 화이팅!|||윤석열 총장은 요즘 세상에 보기 드문 가장 용기 있는 대통령이자 지도자이며, 그를 지켜주는 사람들이 가장 용기 있는 사람들로 세상에 알려질 것입니다. 추운 날씨에도 함께 강건해지며 하나님께서 지켜주실 것을 믿고 기도합니다.|||정말 멋진 청년이네요. 피를 끓는 청년들이여, 일어나서 살아갈 나라를 지켜라.|||감사합니다 대한민국 만세!|||추운 날씨로 인해 힘든 시간을 보내고 있습니다. 조금만 더 참으시고 열심히 해주세요.|||나는 당신을 지원합니다. 나는 당신을 지원합니다.|||젊은이!! 미래를 생각해보자..깨어나 일어나!!!|||청년 여러분 감사합니다|||여러분의 노고에 감사드립니다. 열정적으로 응원합니다. 당신은 애국적인 청년입니다.|||감사합니다, 우리 대통령님. 법을 보호합시다.|||저는 애국청년입니다. 감사합니다. 나는 애국자입니다. 감사합니다.|||젊은이들, 선배님들, 추운 날씨에 감사드립니다. 나는 항상 당신을 지원합니다.|||내일 8일 수요일과 모레 9일 목요일이 중요한 시기인 것 같습니다. 다들 체력 비축하시고, 이번 주말에는 20, 30대 분들도 최대한 많이 나와주세요. 연차휴가의 절반을 사용하더라도 동료, 가족과 함께 오세요. 여러분의 안전을 위해 각종 보호장비를 착용하시고, 강인한 정신으로 준비하세요!! 저희도 내일 집에 갑니다 하하.|||존경하는 애국시민 여러분, 노고에 감사드립니다. 나는 당신을 지원합니다. 힘내세요. 자유로운 대한민국 만세!|||청년들이여, 일어나서 더욱 일어나라!!!|||당신은 너무 예뻐요. 앞으로는 좋은 일들만 일어나길 바랍니다. 그리고 윤 총장을 끝까지 응원하고 지지합시다. 앞으로도 좋은 일들만 있지 않을까요?",1,0
eqdES2H9jRY,"어머나! 나경원, 윤석열과의 2분통화! 99.99 이런 말을 했어야 했나?",그래서 나경원이 선두에 선 이유가 있었다. 꿈이 정말 너무 야심적이네요.|||단순한 국보가 아니라 완전한 독재의 국보입니다. 침을 흘릴만한 가치가 있었겠죠? 정말 신난다.,1,1
ai0X3BqenpI,김어준의 다스뵈다 2024 총선 297화 야 한동훈 미안 충청 3인조 충격 클린스만 제명,"지금도 나라를 정상으로 되돌리려면 정부와 정부를 타도해야 한다. 선거 잘 합시다.|||나라도 엉망이고, 축구협회도 엉망이고, 감독도 엉망인 요즘, 뭐 평범한 것도 아닌데 투표라도 하자!|||정봉주 의원님, 4월 국회에 입성하시길 바랍니다.|||정봉주는 반드시 국회에 들어가야 한다.|||김어준 회장님, 건강하시고 힘내세요. 나는 당신을 지원합니다. 당신은 최고입니다. 나는 당신의 싸움을 좋아합니다. 끝까지 응원합니다.|||총선에서 승리하여 윤석열이 사라지는 그날까지 모두 힘내자 화이팅민주당!!|||어른들의 잘못입니다. 우리를 행복하게 해준 선수들을 사랑해주세요.|||최배근 교수님 감사합니다. 또 만나요, 김어준님. 나는 항상 당신을 지원합니다. 총선에서 민주당의 압승을 위해 투쟁하고 있습니다.|||노회찬은 이제 없는거 아닌가요?? 고양갑 심상정을 주면 나라 권력이 차지하게 된다. 전적으로!!!! 아니요|||김어준은 실패할 수 없어,..! 구독하겠습니다|||이 무능하고 무자비한 정권을 심판합시다. 총선에서 더불어민주당의 압승을 우리 모두 끝까지 응원합시다.|||충청도에서 인재 채용을 잘 했네요.. 세 가지 모두 확신합니다. 이거 보고 너무 기뻐... 화이팅하자!!|||민주당의 비례표가 분산되지 않기를 바랍니다. 더불어민주당의 압도적인 승리를 기원합니다.|||충청팀! 화이팅! .특히 17번 김제선은 꼭! 해당 지역의 시장이 되다|||김어준 회장님, 감사합니다.|||무능한 리더가 어떻게 끔찍한 상황을 만들어내는지 판단해보자. 룬, 몽규 OUT|||최배근 교수 같은 애국자가 또 있을까? 정말 학자입니다!!|||저는 신조국당을 지지합니다. 화이팅. 지역은 민주당입니다. 비례는 신조국당이다.|||우리의 소중한 희망의 동지, 소중한 지도자님, 훌륭한 방송인을 통해 올바른 말씀을 하시고 큰 치유의 힘을 받으시옵소서. 건강하시고 오래오래 함께 해주세요. 항상 감사합니다. 저희는 항상 여러분과 함께하며 끝까지 지지하고 응원하겠습니다.|||김어준, 총선 압승으로 더불어민주당 출마!!|||우리가 채용한 인재들은 정말 훌륭한 사람들입니다. 의욕이 넘치고, 생각이 밝고, 말을 잘하는 사람들... 그래서 그들이 민주당이다. 국민을 웃게 만드는 정치를 추구하고, 지도자와 국민이 서로 신뢰하는 사회를 만드는 투쟁하는 더불어민주당.|||애초에 김건희가 독일에 갈 이유가 있었다. 윤석열은 독일에 갈 일이 없어 김건희가 갈 수 없어 가지 않기로 결정한 것으로 추정된다.|||나는 조국을 지지한다. 나는 조국에 대한 동정심 때문에 이것을 지지하는 것이 아닙니다. 한국의 건전한 성장과 국민경제의 성장을 위해서는 언론개혁과 검찰개혁이 꼭 필요합니다. 나는 조국이 검찰 개혁 의지가 강하고 일을 잘할 수 있는 사람이라고 믿기 때문에 조국을 지지한다. 조국의 용기에 박수를 보냅니다.|||요즘은 아무 것도 제대로 되지 않으면 살고 싶은 마음이 없습니다.|||윤석렬. 건희 없이. 밥도 못 먹겠다",1,1
wFxeUBmy4yk,"김어준의 다스뵈다 317회 행운의 한동훈, 쓰리쿼터 체크무늬, 트럼프가 온다","우원식 어떡해! 시간을 벌어주는 국민의힘의 행동을 어떻게 설득할 수 있을까?|||우원식 위원장...당원들이 왜 추미애를 원했는지 생각해보세요...나라와 국민을 생각한다면 어떤 안건이라도 미루면 안 됩니다...협조와 공모는 절대 금지!!!!!!! 못쓰게 만들다|||탄핵이 빨리 진행될수록 나라가 더욱 정상화될 것이라고 생각합니다.|||당신의 우선순위를 알아라! 언론을 바꾸지 않고서는 개혁하기 어렵다.|||오늘 법사위 청문회와 국민당 대표토론회를 보면서 상식과 진실이 오랫동안 방치되어 있다는 생각을 금할 수 없었고, 살아남기만을 원하는 사람들에게 우리의 세금을 언제까지 내야 하는지 참 답답합니다.|||항상 우리를 깨어 있게 해주셔서 감사합니다!|||세계 각국의 국회 정청래 의장은 입법위와 사회의 리더십을 배워야 한다. 나는 모범적인 대한민국이 자랑스럽다. 감사합니다. 사랑해요.|||카운티 골프장은 3일차 야간 경기를 운영하지 않습니다.|||그러지 못하는 것보다는 상임특검을 두는 것이 낫습니다.|||우리나라와 국민이 이 역경을 잘 이겨낼 수 있기를 진심으로 바랍니다.|||안녕하세요 김어준 대표님 건강하시고 씩씩하게 지내세요. 나는 당신을 지원합니다. 즐거운 주말 보내세요. 월요일에 뵙겠습니다. 나는 끝을 기대한다.|||진보주의자는 시민으로 살고, 보수주의자는 시민으로 산다. 이 나라의 주인은 국민이고, 국민은 주님께 복종하며 살아가는 종들입니다.|||국내정치, 대외정치는 정말 최악이다. 탄핵이 답이다 국민 모두가 힘을 모아야 합니다.|||한동훈이 사과까지 한 것은 청탁행위가 있었다는 명백한 증거입니다!!|||양주가 대통령기록이니까 술꾼도 대통령기록!|||국민들이 모지리에게 투표한 게 아닌가 싶습니다. 미분류표 200만개를 빼앗아 마음대로 나눠준 범인!! 더 이상 주권이 훼손되어서는 안 됩니다!! 투표함 이동을 방지하는 법을 제정해야 합니다!!|||정부는 모든 이상 현상을 당연하게 여기지만... 끈질기게 나라를 지지하는 풀뿌리들...|||한준호 의원님, 미래의 대통령이 되기 위한 길을 계속해서 성공하시길 기원합니다.|||민주당 의원님들 대단하십니다. 이재명 의원님과 함께 나라와 국민을 위해 많은 일을 하리라 믿습니다. 나는 당신을 지원합니다.|||윤석렬이 정치 입문하자마자 대통령이 됐으니 나라가 이 모양이군요.|||김어준 회장님, 항상 건강에 유의하시기 바랍니다. 끝까지 응원하겠습니다.|||김병주 의원의 꿈 이야기는 우리 당원들이 꾼 꿈과 같아서 훈훈하다. 남들과 조금 다른 말투와 촌스러움에도 불구하고, 자신만의 진심이 전달되는 것 같아 감동적입니다. 어렸을 때 서민의 삶을 살아왔고, 그 현실을 이겨내기 위해 애쓰고, 피를 흘리고, 달리고, 열심히 일한 당신은 정말... 시대의 풍랑과 파도를 몸으로 짊어지며 당원들을 지켜주는 믿음직한 고목이 되십시오. 나는 매일 꿈을 꾼다. 당신의 믿음이 대통령이 되는 꿈을 꿉니다... 내 꿈이 현실이 되는 그날까지, 우리 잡은 손을 놓지 말자... 꿈이 현실이 되는 그 순간까지... 나를 따라오세요, 살아있는 자들.|||세 번째 부분은 ㅡLimeㅡOptimos의 Lost Money 최종 미로 게임의 문인 것 같습니다.|||한준호 의원님, 의정활동을 잘하고 계십니다. 나는 최고위원회 의원 Gazua를 지지합니다. 브라보.|||이재명 이재명 이재명 이재명",1,1
xupyh9X2csE,이런 정치인은 망해야지..혼자서 국가권력을 제압하는 서영교,"17년 동안 변함없는 팩트TV의 후원회원이 되어주세요. 정기후원 가입 ARS 1877 0411, 온라인 신청 https goo.gl 1OjzfE|||2026년에는 국짐당 인파를 보고 싶지 않다!|||진짜 역겹다 나경원|||입법 활동의 목적은 국회를 혼란에 빠뜨리는 것입니다.|||조배숙, 이은재, 곽규택 얼굴이 비슷하네요... ㅎㅎ 이래서 관상이 정말 중요하네요.|||서영교 의원님, 뒤에서 응원합니다. 곽규택 같은 애들이랑 장난치지 마세요.|||나가루 특검은 언제 수사할 것인가?|||우리의 총사령관|||나경원은 국회의원인가? 그 사람 전직 판사인가요? 한국의 교육제도도 바뀌어야 한다. 곽규택 전 검사입니다.|||우선 목소리가 너무 커서 반항을 압도하기 때문에 마이크가 필요없다.|||징글 징글, 반란을 해체하십시오.|||I hope that the next medical doctor will be Dr. Seo Young-kyo!! 정말 안심이 되시네요!!|||국. 징글이에요.|||서영교 의원님, 지지합니다.|||남편이 대판사인가요? 마치 제가 존엄하다고 생각할 수 있는 모든 것을 저에게 준 것 같아요.|||나경원 닥쳐, 너무 뻔뻔하잖아.|||나경원, 국회의원으로 나간다|||내전이 끝난 지 1년이 지났지만 여전히 내전이 계속되고 있어 반군은 국가적 부담이 되고 있다. 46인, 권성동, 권영세, 나경원, 김기현, 윤한홍, 오세훈, 오세훈, 김진태, 박형동, 성일동, 정진석, 곽규택, 송석준, 신동욱, 송언석, 장동혁, 조은희, 주진우, 곽규택, 김영선, 이철규, 김문수는 사회로부터 완전히 격리돼 하루빨리 내전을 종식시켜야 한다. 사람도 행복할 수 있습니다.|||국력정당은 언제 해산할 겁니까? 윽, 고구마야, 민주당 지금 정말 짜증나.|||아, 진짜 사람들은 언제 사라지나요? 세금이 나를 죽일 것이다. 국가의 힘만 보고 세금을 내고 싶지 않습니다.|||서 의원님, 나경원, 시다바리, 곽규택 의원에게 “조용히 하세요, 이놈아”라고 하신 것은 매우 예의바른 말씀이셨습니다.|||곽규택이 그런 걸 바라는 걸까?|||파루상 오겐키 데스카|||나경원 의원은 국회에 보낸 사람들이 모두 유죄다.|||아무 말도 못하고 사과밖에 할 수 없어",1,1
OoWMJB1_USw,김병기가 웃으며 728조를 지켰다! ...국가 전력이 완전히 차단된 이유는 무엇입니까?,"17년 동안 변함없는 팩트TV의 후원회원이 되어주세요. 정기후원 가입 ARS 1877 0411, 온라인 신청 https goo.gl 1OjzfE|||신속히 남북전쟁재판소를 설립하라|||내전 전담 재판소를 신속하게 설립하십시오.|||이번 일 잘했어요|||더불어민주당 의원 여러분의 노고에 감사드립니다. 내전이 끝날 때까지 최선을 다해주세요. 화이팅.|||잘하셨어요. 여러분의 노고에 감사드립니다.|||나에게 일어난 최고의 일|||화이팅하는 민주당|||그것이 사실이라면 훌륭한 일을 하신 것입니다.|||잘 지내세요... 다른 일은 그만하세요! 모두가 지켜보고 있다|||어제까지 내란당은 코가 셋이라 민주당이 하는 말은 다 거부권을 행사할 정도로 분노했는데 갑자기 입장을 바꾼 이유는 무엇일까. 또 무슨 밀실 거래를 하고 있었나요? 반란 법원 설치와 사법 개혁은 결코 타협되어서는 안 됩니다.|||정부 현수막, 이재명의 예산 삭감 현수막 허위사실 신고하러가기!!|||귀신 쫓아 내기|||국력이 나에게 그냥 맡길 수는 없었다.|||국짐당에 무엇을 주고 싶나요?|||김병기 의원님 고생하셨습니다.|||가짜뉴스가 많기 때문에 오마이뉴스나 검증된 출처만 읽고 믿으시기 바랍니다. 김병기 의원님 수고하셨습니다.|||예 ! 김병기는 잘 지내고 있다. 나는 당신을 지원합니다. 나는 국민으로서 김병기를 지지한다. 이런 저를 실망시키지 않기를 바라면서 응원합니다.|||만약 부수적인 거래가 있다면 나중에 알려드리겠습니다. 계속 지켜봐주세요, 옹기님.|||좌석의 절반 이상이 있는데 그들은 무엇을 보존했습니까? 그냥 하세요. 아무 이유 없이 과반의석을 차지했을까요? 계속 나를 속이려고 하지만 언젠가는 들키게 될 거라고 확신해요. 이낙연처럼!|||반란당이 그렇게 순종적으로 동의한다는 게 이상해요... 반란당이 큰 것을 받지 않는 한... 하지만 내일은 반란의 날이고, 반란당은 아직 건재합니다...|||병기야, 아들의 숭실대 입학 비리를 설명하라. 이미 증거는 다 나왔다고 하더군요. 그게 사실이라면 거기서 내려오세요.|||여야 합의? 이상한 거래 아니었어? 예를 들어, 그들은 반란 정당 등을 해산하지 않겠다고 말했습니다.|||아 아쉽네요.. 김병기 원내대표, 자꾸 의심이 되네요... 가짜뉴스인가요, 진짜인가요? 명확히 해주세요... 아무튼 고생하셨고 수고하셨습니다.|||김병기가 뭔가에 동의하면 사람들은 의심을 하게 된다. 그의 정체가 밝혀지면 민주당이 살아남기까지는 오랜 시간이 걸릴 것이다. 그만큼 네 잘못이야",0,0
ziHmZSX0zo8,"역사상 최악의 배신자 윤한홍, 윤한홍, 배신자 윤석열","곳곳에 반역자들이 너무 많습니다. 그것은 파괴적이다.|||남자 한명 추가|||마치 개가 주인을 무는 것과 같습니다.|||윤한홍 제명 ㅡ|||여성 여러분, 국민의힘에 동참해 주십시오. 적어도 보수당은 해산됐다. 한 달에 1000원만 있으면 국민의힘에 영향력을 미칠 수 있습니다. 무엇보다 이번에 계엄령을 선포한 국민을 몰아내고 공기를 청산하는 데 큰 도움이 될 것입니다. 한동훈이 당을 수사하도록 더 압력을 가해야 한다. Everyone, please use your influence... I didn't know this, but after seeing the lawmakers apologizing for the national power this time, I thought I should protect the national power first. 사과는 국권해산의 구실이 될 수도 있다. 지금은 국권을 미워하더라도... 내전을 핑계로 해산한다면 일당제나 다름없을 것이다.|||윤한홍을 추방하라. 윤씨를 생각해보세요.|||국민의힘에서 어떻게 반역자와 반역자들이 벌레처럼 떨 수 있겠습니까? 역적을 척결하고 진정으로 나라를 사랑하는 국회의원들로 뭉치자.|||배신자는 추방되어야합니다.|||주덩의 자유와 배신을 무엇과 어떻게 선택하는가? 투표로 판단하는 수밖에... 하지만 사과에는 사퇴와 동등한 책임이 따르겠죠? 권력에 굶주린 자들의 위선적인 잔치에 지나지 않습니다.|||사람이 어떻게 이렇게 변할 수 있는지 정말 놀랍습니다.|||악인의 간에 붙어 담낭에 붙어|||그런 반역자를 제거해야 할 때입니다.|||윤한홍 즉각 추방하라.|||한홍이 미쳤어요 ㅎㅎ 너무 멀리 갔네요 ㅎㅎ 너무 멀리 갔네요 ㅎㅎ|||적극적으로 윤한홍을 쓰러뜨립시다.|||2시간의 계엄령이 어떤 해악을 끼치나요?|||엄격한 정상적인 도덕적 배.|||정말 짜증이 나네요. 윤석열 총장님은 영웅이십니다!!|||윤한홍은 반역자였으나 이제는 목적을 버리고 반역자로 앞장서고 있는 인물이다. 정말 싫어요.|||윤한홍, 배신자와 기회주의자를 처단하라.|||정말 나쁜 놈이야! 나가야 해|||하하. 정말 놀랍습니다.|||윤한홍 이놈은 즉각 추방하고 긴급체포해야 한다.|||배신자 윤한홍, 당을 떠나라.|||정말 화가 났어요",1,1
J-pLqV59M7I,"지귀연·노상원 메모, 어떻게 해야 하나? 티조 클립 쇼츠","웃으면서 얘기해야 한다는 게 얼마나 황당한 일인가?|||가짜 메모로 판단해야 하는 것 아닌가요?|||메모가 불법이면 탄핵도 불법이 되는거 아닌가요? 불법 메모의 증거로 인해 탄핵이 발생했지만, 이는 분명히 밝혀야 할 문제이다.|||다운로드 받은 메모는 인터넷에 게시된 적은 없지만 홍장원이 헌법재판소에서 작성한 메모를 작성한 것으로 보인다.|||그럼 그게 지렁이의 증거인가요? 헌법재판소도 이를 인정한 것 같습니다. 지렁이 증거 조작으로 봐야겠죠?|||아 지렁이가 뭐라고 썼지|||지귀연 판사님, 중상모략하지 마시고 법에 따라 판결해 주십시오. 윤석열 총장이 무죄라는 것은 누가 봐도 알 수 있다.|||허위 증거로 밝혀진 홍장원이 인터넷에서 다운받은 메모와 같은 메모일까.|||정말 드문 코미디 재판입니다.|||메모가 너무 우스꽝스럽다고 판사가 웃는다.|||해당 메모는 홍장원이 작성한 것이 아니다. 진위 여부를 반박하려면 보좌관이 나서서 입장을 밝혀야 한다. 증인이 나타나면 미리 필적을 감정해 당사자인지 확인해야 한다. 글쓴이가 맞다면 증인의 증언을 들어보면 됩니다.|||판사님, 정의감이 있으신 분, 저는 당신을 지지합니다.|||가짜 메모|||아.. 뭐하는 거야?|||아니, 이것은 노트라고 정의할 수 없는 예술 작품이다.|||판사는 법과 양심에 따라 살아야 한다!!!|||제발, 범죄자들과 타협은 하지 마세요. 절대 굴복해서는 안 됩니다. 국민을 위해 법을 지켜주세요. 한 명의 범죄자 때문에 대한민국 법이 무너져서는 안 됩니다. 역사에 기억될 결정을 내리시기 바랍니다.|||지귀연 판사님, 지금 재판이 잘못되면 나라가 공산주의로 가는 것입니다. 재판을 잘 진행해주세요.|||특검은 이미 노상원씨가 직접 쓴 것이라고 밝혔습니다.|||판사님, 당신은 대한민국 최후의 보루입니다.|||법을 수호하는 정의로운 판사와 싸우는 지귀연. 나라를 지켜주셔서 감사합니다. 많은 시민 여러분과 함께 파이팅입니다!!|||애국판사 지귀연 화이팅!! 삼권분립의 자유민주주의에서는 입법, 사법, 행정이 모두 독립된 기관이다!!! 그냥 싸워서 이겨주세요 지귀연 판사님 화이팅!!|||홍장원 증언은 증거불충분으로 재탄핵돼야 한다.|||지귀연 판사님, 나라를 구해주세요.|||문상호가 증인이다.",0,1
smZ4iQkqzOg,계엄령 링크를 찾았어요! 임은정은 설명이 필요하다.,"최욱 씨, 오늘 감동받았어요. 세세한 부분까지 놓치지 않고 짚어주셨네요. 잠을 언제 자는지조차 궁금합니다. ㅋㅋㅋ|||조희대 지지연 내전판사 이정제 즉각 구속하라…|||누가 뭐래도 우리 욱이 최고다. 우카 씨, 정말 고마워요. 당신이 있어서 늘 힘이 납니다.|||남북전쟁을 종식시키기 위한 길은 멀고도 험난합니다. 지치지 말고 끝까지 잘 마무리하자. 역사상 중요한 교차로입니다.|||역시 신뢰받는 기자 최욱은 날카로웠다. 매불쇼를 능가할 수 있는 미디어는 없습니다!!! 최고|||조희대, 지귀연은 처벌받아야 한다.|||사법부 내부 통제 시스템이 썩었다. 대부분의 조직에서는 일정액수를 초과하면 형사처벌을 하고, 일정액 이하의 비리행위가 적발된 경우에도 내부징계절차를 진행하지만, 가장 깨끗하다고 ​​여겨지는 법원은 부패가 발생하더라도 시스템을 운영하지 않습니다.|||판사들의 특권의식 때문에 자신들의 판결이 무조건 성역이어야 한다는 이상한 망상을 품고 있어 법왜곡죄에 반대한다. 비록 지구연을 명백히 비판하고 이 정도의 법왜곡은 반드시 처벌받아야 한다고 밝혔음에도 불구하고, 법왜곡죄에 반대하는 것은 지구연처럼 필요하다면 법을 왜곡하고 싶다는 뜻을 드러내는 행위로 보아야 한다.|||매불쇼를 만들어주시는 모든 분들께 진심으로 감사드립니다.|||남미라 시차가 있지만 좋아요가 12만개밖에 안됐는데... 그런데 오늘 이렇게 중요한 사실을 알려주셔서 정말 즐거웠습니다. 두 의원님, 고맙습니다. 천재 앵커 최욱의 두뇌와 열정이 대중에게 각인됐을 거라 확신한다. 2|||백해용선팀의 조사 결과를 기대합니다. 수사를 방해하지 말고 즉시 영장을 발부하라.|||국정원을 이렇게 하면 폐지하고 기관을 새로 만들어야 하는데... 국정원장은 아직도 있는데.... 이게 우리나라의 큰 문제입니다.|||매불쇼가 최고입니다. 나는 항상 당신을 지원합니다.|||최욱씨 검찰은 정말 무법천지입니다. 기다리세요. 사람들은 그를 끌어내리고 엄중히 처벌할 것이다.|||마약 수사는 반드시 특검으로 가야 한다.|||내전은 완전히 해결되었습니다. 그것에 대해 더 많이 알수록, 이 세상은 무서운 세상이고 악마가 진짜라는 생각이 더 듭니다. 마약 수사를 제대로 해야 이 나라가 설 수 있다고 생각한다. 오늘 방송 다시 한번 감사드립니다!|||얼마나 긴장됐나요? 남북전쟁 당시 살인미수를 당한 사람들을 그냥 놔두는 것은 정상이 아니다. 검찰, 판사들 정신 차려라, 기생언론!|||이는 국가와 국민의 미래가 달린 마약 문제다. 우리는 그것을 그냥 무시할 수 없습니다. 특검으로 가야한다!!!|||조희대, 지귀연은 필수!! 저들은 반드시 처벌을 받아야 합니다!!|||사법부 판사 조사든, 마약 수사든... 실망스럽다고 하기엔 부족하다. 진실을 밝혀주세요|||매불쇼는 웬만한 영화보다 재미있습니다!!!!!|||개헌안에 내전의 조짐만 있어도 끝까지 조사해서 처벌하겠다.|||추경호 20억원 뇌물수수 의혹 별도 수사 필요|||마약사건, 이렇게 간과해서는 절대 안 됩니다! 타워보스를 밝혀내야 합니다!!|||마약수사를 끝까지 처리해주세요!",1,1
GLxKSy59Gn4,국회의장을 사퇴한 인요한이 잊지 못할 말을 남겼습니다,나는 이 사람들이 항상 말도 안되는 소리를 하는 것에 너무 지쳤습니다!!|||그들만을 위한 파티. 사라지다.|||이 이중국적자도 미국을 위해 스파이 활동을 했는지 철저히 조사해야 한다. 아울러 탈북 국회의원들에 대한 철저한 조사도 필요하다.|||조상들의 선행을 막은 자|||통일교회와 관련된 일이라 피곤해서 달리는 것인지 궁금합니다. 퇴직하더라도 책임을 져야 합니다.|||돌아가신 아버지의 명예를 무시하는 혀!!!!!! 돈과 기득권의 카르텔 쯧쯧|||아버지의 위대한 업적을 욕하는 놈이군요.. 참 극우 성향이군요..|||슬슬 도망치기 시작하는군요.|||빵과 함께 가세요|||진짜 이해 안가는 사람 중 하나|||뭐하세요?|||머리가 완전히 깨졌네요.|||도망가고 있는 거야?|||그것은 무엇입니까? 김건희가 한 짓은 윤석렬보다 더 역겹다.|||대답이 없습니다. 멈추길 잘했어요.|||관심을 표출한 선거구들은 반성하고 이런 사람들이 다시는 국회에 출마하지 못하도록 해야 한다.,1,1
BtmDYY8osmA,"김어준의 겸손은힘들다 뉴스공장 2025년 12월 2일 화요일 김용민, 김완, 오혁진, 김승원, 노영희, 신용한, 주진우, 박종찬, 주식아가방, 겸손공장","쿠팡이 적극적으로 해결하고 있는 것은 없다. 최소한 TV나 신문에 광고를 해서 정보 유출을 차단하는 방법을 사람들에게 알려야 합니다. 사실을 숨기거나 은폐하려는 기업은 더 이상 그럴 수 없습니다. 과로사, 일용근로자 퇴직금 미지급 사건에 대한 조사에 외압이 가해지고 있다. 대통령은 미국의 적이다. 회사 공개는 미국에서만 이루어집니다. 퇴직을 앞둔 판사와 검사들이 넘쳐나는 이런 비양심적인 회사에 맞설 수 있는 대안회사가 없다는 것이 답답하다.|||사법부를 혼미하게 만드는 사법개선법을 제안하라. 공정하지 못한 조희대 대법원장 권력을 모두 빼앗아라.|||대통령께서 반란군과 국가범죄자들을 그들의 상속인까지 포함해 철저히 조사해야 합당한 처벌을 받을 것이라고 말씀하셨습니다.|||박종찬 국장이 나와서 출시 방송 때 듣지도 못했던 잠입부서의 긴급사항을 들을 때 더 열심히 했다는 걸 느낄 수 있었습니다. 한우연님, 행운을 빕니다.|||지방선거 반발을 논할 것이 아니라 내전 동조자 전원을 형사처벌해야 한다.|||무장한 군인들이 급하게 달려가는데도 눈에 상처가 될까 봐 목까지 겨냥할 정도로 배려심이 깊었다.... 와!!! 참신하다. 철저히 조사하여 합당한 처벌을 내리시기 바랍니다.|||나는 모든 법률 조항에는 법의 왜곡을 방지하기 위한 목적이 부여되어야 한다고 믿습니다.|||반역죄와 법왜곡죄는 사면 없이 처벌해야 한다. 그런 법이 없다면 법을 만들어서 최종적으로 만들어주세요. 그런 불법적인 행위를 생각조차 하기 어렵게 만들어야 합니다.|||스톡백을 집중적으로 시청하여 편집하시기 바랍니다.|||검찰청 폐지가 78년 만에 완성됐다. 뿌리 깊은 사법부 부패를 청산하는 일은 훨씬 더 어렵고 어려울 것이다. 법안을 꼼꼼히 검토하다 보니 늦어진 건 알지만, 국민 입장에서는 많이 답답했습니다. 이재명 대통령님, 정청래 의원님, 추미애 법사위원장님이 계셔서 다행입니다. 나는 끝까지 남북전쟁 청산을 지지하겠습니다.|||공장장은 과학 관련 인터뷰에서 빛을 발하며 누구보다 재미있다.|||계엄령 해제 이후 조희대가 누구로부터 전화 지시를 받았는지 즉각 조사해야 한다.|||총구를 막는다는 것은 군수품을 빼앗는다는 뜻인데... 그런 시각으로 세상을 볼 수 있다는 게 놀랍다. 그 변호사들을 남북전쟁 참여자로 본다면 이는 사실이다. 즉, 그 변호사들도 내전 관련법에 따라 처벌을 받아야 한다는 것이다.|||정말 꽉 찬 쇼|||계속해서 숨어 지내는 악질 조희대를 즉각 붙잡아 엄중히 조사하고 처벌해야 한다.|||난 끝을 봐야 해|||역사를 망각한 자들은 그것을 반복할 수밖에 없습니다.|||김용민 의원님이 계셔서 얼마나 다행인지 모릅니다. 꼭 필요한 법안을 제정해주신 김 의원님께 ​​감사드립니다.|||김용민 대표님, 와!! 일 정말 잘하시네요 양복입은 입법검투사님!!|||우주분야 공장장을 인터뷰할 때 정말 빛이 난다. 그가 모든 것을 알고 질문을 할 수 있다는 것은 정말 멋진 일입니다.|||분명해, 분명해! 바쁜 출퇴근길에 놓치신 내용이 있다면, 다시 한 번 들어보시는 것도 나쁘지 않습니다. 공공서비스와 결합해 내 삶의 생산성을 높여주는 민주진영의 천년나무|||재고가 좋은 상품입니다. 나는 좋아 보인다.|||마스코트 최서영PD 화이팅!|||내전을 철저히 규탄하지 못한 페루는 수많은 인명 피해를 입었다. 잊지 말자! 철저하게 규탄받지 못한 과거의 군사쿠데타가 현재의 12·3 내전으로 돌아왔다. 사법부는 철저히 조사하고 철저히 규탄해야 한다! 내전 전문 법원 설립이 시급하다.|||눈 손상이 두려워 목에 총구를 쐈다고 하는데... 법정에서 그를 대리하는 변호사... 비정상적이고 비합리적인 사람들이 이런 짓을 하는 게 정말 정상일까요??? 우리는 정말 무서운 세상에 살고 있습니다. 국민들이 정신을 차려야 한다... 아직 내전 중인데... 언제까지 지켜봐야 하는지...",1,1
sBvbPQaBNmU,"토크 인사 청탁 의혹 진윤, 김남국의 사퇴로 장동혁은 정말 버림받은 걸까. 정청래의 1인 1표제 거부, MBC 251206 방송","그러니까 국힘은 계엄 다시 해도 윤을 지지한다는 거네.|||국힘은 아직도 국민을 무시하네|||기흥이는 한떡수 따라다니던 넘 아닌가|||지겹다. 간첩 논쟁. 내가 볼때 나라가 망하길 바라는 국힘이 간첩 집단이지 누굴 간첩으로 몰아.|||국힘 저정도면 자기들은 절대선으로 아는거네|||뉴스하이킥은 각성하라. 김기홍 저런 자식은 다시는 패널로 데려오지 마라. 차라리 서정욱이나 고성국이를 데려와라.|||덕수 가방모찌하더니 다시 나왔네|||김기흥이 나왔네. 김기흥이 이자도 아주 질이 안 좋고 살살 변명만 하고 국민 오장 육부를 긁어내는 자입니다. 민주당이 지금 국힘당과 타협?을 해야 되겠냐? 뭘, 어떻게 이해를 하고 받아줘야 돼? 나라를 전복시키고 국민을 총칼로 위협하던 놈들인데 그런 놈들이랑 타협을 하라고 말이 되는 소리를 해라. 이놈아 국민들 간 터지겠다.|||김기흥 진짜 흉내도 못 내겠다 ㅋㅋㅋㅋㅋㅋㅋ 무슨 대화든 돌아서 민주당 까네 ㅋㅋㅋ 기흥아 대단하다 진짜 흉내도 못 내겠다|||못듣겠다 흥흥ㅋㅋ|||캬캬캬 기흥아 아직도 정신나가서 돌아다니니|||정치 현안에 대해 패널들이 종종 논리에 안맞게 헛소리 하는 걸 날카롭게 파고들지를 못하고 그냥 듣고만 있네... 주중이랑 너무 비교된다.|||김기흥의 논리는 세상 모든 소리 중 김남국에 대한 소리만 들리는 요상한 인간의 논리네. 기자했다는 인간이 김건희가 청탁한 국회의원의 자리와 명태균이 청탁한 수믾은 인사에 대해서는 안들리는 선택적 뉴스 컬랙터 스러운 논리네 .|||김기홍 또 당똥혁 대변인 추경호와 장똥혁11월3일계험에대해서한마디말도못하는대표를 엄호해 멀쩡한놈들....|||국민의힘이 우찌 저런말을 할수있는지 머리속이 궁금|||시끄럽다! 너그국짐은입이열개여도할말이없어야지 누가누구를비난해!|||이럴거면 걍 김치형의 국힘 하이킥으로 제목 바꿔라",1,1
NlYM11BpyVA,토헤지역 해제설이 나오면서 풍선효과가 시장에 확산될 우려가 있다. 머니투데이 방송뉴스,"그냥 다 풀어놓고 몇년만 놔두면 결국 공급이 늘어나서 정상으로 돌아오겠죠.|||거시적인 부동산 | 안정화 방안 1. 증여세 및 상속세 폐지 2. 종합부동산세 폐지 3. 다주택 규제 철폐 4. 주택가격 기준 소유세 실시 5. 서울 1% 6. 경기 0.8% 7. 지방 0.2% 8. 싱가포르식 전세사기 채찍질 실시 9. LTV 50% 0.5 1 이상 시장이자율 10. 전세금지 11. 중국인 거래금지 집값만 올리고 재산세로 때리고 증여세, 상속세로 뜯어내려 했다 그들은 절대 변하지 않을 것이다... 자식들을 미국 시민으로 만들어 미국에 증여한다 하하하 누구보다 반일 반미이고 누구보다 사랑한다 하하|||결론적으로 소란이 있어도 계속 오르는군요. 국회 인사청문회를 보라. 다주택을 소유한 사람들을 위한 가짜 이체, 차명 계좌, 관료적 약속에 관한 것입니다.|||생각하지 않고 정책을 만들면 국민만 힘들어진다.|||좌파 정부가 집권할 때마다 이런 혼란은 터진다. 왜 자꾸 사진을 찍는 걸까요?",0,1
o19GqTLt8h4,발언을 듣고 있던 지귀연 판사의 심정은.. 김용현 내전 재판에서는 무슨 일이 일어났던 걸까?,"판사님 사교를 잘하시네요 ㅎㅎ 가족 오락 센터 같아요 .. 좋아해요.|||글쎄, 재판이 이런 시트콤이 될 줄은 몰랐다. 정말 신구씨가 나온 시트콤같네요.. 대단하네요..|||판사는 피고인의 변호사에게 용서를 구한다고 말했습니다. 하하, 역겨워요.|||반역죄에 대한 재판입니다. 이게 뭔지는 모르겠지만... 전혀 심각하지 않은 판사의 태도에 매우 화가 납니다.|||무엇!!! 서로를 되돌아보는 시간이겠죠?? 남북전쟁 재판은 매우 훈훈합니다.|||이게 실제 남북전쟁 재판인가요? 웃음이 오가는 모습과 피의자에게 미안하다고 말하는 판사의 모습이 어이없고 답답하다!!!|||변호사. 판사. 똑같아, 살고 살아. 이런 재판이군요. 처음 보는 것 같아요. 내가 알기 전에. 이것은 재판이다|||당신이 판사가 너무 장황하게 말했기 때문에 그렇게 말하는 것입니다. .와, 세상은 정말... 대단해요. 너무 친절해요|||변호사의 지적을 받는 판사. 그|||그들은 정말 친절해요. 변호사는 그들을 꾸짖었다. 그들은 우리에게 훈련을 주었습니다. 이 조직은 무엇입니까?|||재판이 아니라 엉망이에요.|||이 장면이 널리 알려졌으면 좋겠습니다|||눈을 뜨고 볼 수 없어|||법원은 엉망이다|||이렇게 다정한데 묘한 장면인데 어떻게 재판이 제대로 진행될 수 있을까?|||뭐하세요? 정말 우스꽝스럽습니다.|||가정법원에서 가정사건을 조정하려는 것 같은데... 무슨 재판을 하려는 걸까요.. 한심하네요,,,,|||이것이 바로 남북전쟁 전담 재판소가 절대적으로 필요한 이유이다.|||마치 동네 마을회관에서 사교 모임을 하는 것 같았어요 ㅎㅎ|||귀찮아서라는 말은 아무 생각 없이 하는 말인가요? 꼭 해야 한다는 말이에요|||와...저게 정말 남북전쟁 재판인가요??!!!장난하시나요??? 일반 형사재판도 이렇게는 안 돼요!!! 이번 재판은 너무 심각해서 국민들이 지켜보고 있고 분노하고 있습니다!!!!|||나는 무엇을 보고 있는 걸까? 남북재판을 보러 왔는데 여기는 아닌 것 같죠?|||이하상과 저 안경남자는 아직도 가만히 있나요????????????????????????????? 이 나라에 법이 있나요????????????????????????????????????????????????|||두 변호사는 언제 구금되나요? 그리고 변호사 협회는 무엇을 하고 있나요?|||법정에서 검찰이 하는 꼼수는 변호사가 그러면 안 된다는 건데...ㅋ 그것만으로는 부족하다.",1,1
82iElNY-irE,이재명이 출연한 녹화는 무엇인가요?,"최고야, 최고의 미디어 회사야|||이재명이 왜 통일교를 해체하겠다고 위협하는지 알 것 같습니다. 이재명 당장 빼내야 한다.|||불의가 법이 되면 대중의 저항은 의무가 됩니다.|||답은 이재명 재판을 빨리 재개하는 것, 김현지, 정진상, 김남준, 김용, 이석기…|||윤영호 입장에서는 다 날려버리는게 답인데...|||그는 나쁜 일을 모두 저질렀습니다. 그는 역사적인 인물입니다. 그 사람은 인간이 아니고 괴물이에요.|||칼에 맞은거같은데..|||내로남불의 최종왕이 무너져야 나라가 다시 일어설 것이다.|||여당에 유리한 특검은 퇴진시켜야 한다.|||양파처럼 껍질이 벗겨지는 전과자, 이 4차 범인을 긴급 검거하세요.|||이재명 재판. 이재명을 조사하라.|||범죄자는 사업을 중단하기 위해 사기에 의존해야 합니다. 부끄러워할 줄도 모르는 파렴치한 악당들이네요...|||민중기를 고소하고 특검을 실시하라.|||다 잡아야 해|||보복!!! 그것은 세상이다|||민중기를 체포하려면 민중기특검을 해체해야 한다.|||제가 몰랐던 사실을 알려주셔서 감사합니다|||이재명에게는 아무리 노력해도 끝이 없다. 능력이 없으면 내려와서 심판을 받고 따뜻한 빵을 먹으라...|||소식 감사합니다, 행운을 빕니다|||일이 뜻대로 되지 않는다고 종교를 탄압하시나요? 그럴만한 가치가 있는 사람|||내란의 주모자인 이재명과 통일교로부터 불법자금을 받은 각료들. 모든 정치인은 감옥에 가야 합니다.|||이재명을 탄핵하고 재판을 시작하라. 그리고 좌파 민주당을 해산하라. 한꺼번에 사퇴하세요.|||진실이 밝혀진다!!!!|||특검 3명 모두 구속 수사해야 한다.|||이재명이 통일교 3인자로 불리는 이청우에게 위촉장을 줬다..",0,1
YHoq8E0nvw4,이게 여론 수준이군요,"이것은 매우 합리적인 진술이다.|||당신 말이 맞아요. 모든 사실을 확인해보면 계엄령은 내전이 아닙니다.|||당신은 최고입니다. 지금 전시 중입니다. 자유대한민국을 지키기 위해 목숨을 걸어야 합니다.|||우리나라를 위해 열심히 일해주셔서 정말 감사드립니다. 간첩을 근절하고 자유로운 대한민국을 함께 만들어갑시다. 파이팅하는 대한민국 애국시민 여러분!!!|||배신자의 날과 날이 드러났습니다. 전체 이야기가 공개됩니다. 감사합니다.|||그라운드씨 김성원 대표님, 노고에 감사드립니다.|||이런 분들이 오른쪽에 있다는 게 저에게 힘이 됩니다. 감사합니다.|||이번에는 국력 있는 국회의원들 중 돈낭비할 만큼 어리석고 당 노선을 따르지 않는 자들은 반드시 추방되어야 한다.|||박충권 의원님, 당신이 최고입니다. 당신 말이 정말 맞습니다. 매우 감사합니다.|||와, 베스트 댓글이네요. 당원의 63%가 국민과 같은 수준이다.|||모든 것을 걸었다는 말에 진심이 느껴진다.|||맞습니다|||대통령으로서 계엄령은 정당하다. 탄핵은 무효입니다.|||국민의당, 힘내세요. 나는 박충권 의원을 지지한다. 우리는 지금 함께 모여야 합니다. 목소리를 높여주세요.|||그렇죠, 그렇죠. 물론 저는 아닙니다. 이렇게 용기 있는 방송을 할 수 있도록 힘을 주세요.|||국민의힘 대표!!! 적극 권장|||국민의당은 정신을 차려야 한다. 젊은 국력의원들의 기상이 필요합니다.|||국민은 자유민주주의 체제를 지키고 싶어한다!!|||정말 정확한 말씀 감사드립니다!|||윤석열 총장님, 국민들이 지지합니다. 기운을 내다. 영상 감사합니다.|||제발 정신 차려주세요. 국력|||당신 말이 맞아요.|||고맙고 존경하고 사랑합니다. 당신은 영웅입니다.|||우리나라에는 당신 같은 사람이 필요합니다.|||이번에야말로 진정한 국민의힘이 되는 국회의원임을 보여주세요!!! 당신의 사람들을 위해 싸워라!!",1,0
Rbqhd5XCgVw,정재수 장관 왜 사표에서 쓴거야? 뉴스 연구소,"윤영호가 거짓으로 뇌물을 받은 남즈 거론할 이유가 없다|||같은 혐의로, 어떤 X는 징역이고, 어떤 X는 공소 시효가 지나서 ...|||나는 말하지 않았지만 왜 내 생각인가?|||??? 아니, 정말 아니었어? 언론에 증거를 어겼어? 다음날 사의표명..|||자, 정치인들을 수사하십시오. 썩은 정치를 정화|||국회의원은 직하해야 합니다.|||말하다|||받은|||단호하게 분명히 말하지만, 정치인의 입을 열면 거짓말|||정재수도 이미 끝났네…|||받은 건 받을 거야|||나는 이것이 모두라고 생각한다.|||정재수는 매우 기쁩니다!|||국민이 바보처럼 보이는가? 정재수는 죄가 없는데 사퇴는 왜일까. ?|||죄가 없으면 이유|||뭔가 있다고 생각합니다.|||ㅋㅋ 철판을 깔았다|||회수가 대상|||그 생각이 든다. me too 사건이 폭발해서 수사를 하기 때문에 막상 범죄의 혐의로 밝혀진 것은 민주당 인사들입니다.|||그런 일. 그 외. 거절. 웃음|||나라의 정원도 내려 조사해 주세요.|||아직 법원의 판단도 조사도 나오지 않았는데 불법적인 수수께끼가 없었는데… 단지 수수께끼는 그럼 있었어?|||회수 조사|||제스 자카르티에 불가리 내게 버려|||강한 부정은 강한 긍정",0,1
bSzINmwhG4c,항상 응원합니다! 윤사모 청년회원 등장! 윤석열 탄핵무효 헌법 전에 계엄령,"예, 중심적인 의견을 존중합니다.|||에구이펠라 축복|||깨끗하고 똑똑한 청소년은 바로 깨끗합니다. 미래가 밝다고 생각합니다.|||나는 눈이 있었다.|||탄핵 무효 탄핵 무효 탄핵 무효|||정의는 살아서 영원하다 한국만세|||감사합니다. 아들딸이야. 한국 만세|||2030 이 나라의 희망입니다. 민주주의를 지키고 청소년의 미래를 보장합시다.|||응원합니다|||2030 청소년 파이팅|||윤석열 대통령은 최근 세계에서 드문 가장 용기있는 대통령, 지도자이며, 그를 지키는 국민은 가장 용기있는 국민으로 세계에 알려져 있습니다. 추운 날씨에 함께 최선을 다하고 하나님께서 보호하시기 바랍니다.|||정말 멋진 청년이군요. 피를 끓는 청년들, 당신들이 살아가야 한다.|||고마워, 자유 대한민국 만세|||추운 날씨에 고생하고 있습니다. 좀 더 참고하십시오.|||응원합니다 지원합니다|||젊은 청년들! 당신의 미래를 생각합시다.. 일어나 일어나!|||청소년에게 감사|||수고하셨습니다. 열심히 응원하는 애국의 청년입니다.|||고마워, 우리 대통령을 지키자.|||애국자 청소년, 감사합니다, 애국자에게 감사드립니다.|||청소년 여러분, 노인의 추운 날씨에 감사드립니다.|||내일은 8일간 Joe 9일째의 요트가 고비인 것 같습니다만, 여러분의 체력의 비축을 잘 해 주고, 2030명의 주말 정도 많이 나와 주세요. 내 집도 내일 간다.|||애국자 여러분, 수고하셨습니다. 응원하고 있습니다.|||젊은 청년들이 일어나라.|||정말 예뻐요.",1,0
eqdES2H9jRY,"해킹! 나경원, 윤석열의 오빠와 2분간 통화! 99.99 이 말을 했습니까?",그러니까 나경원이 선두에 서서 말한 이유가 있었다.|||단지 호랑이가 이니지 완전 독제 체제의 호랑이니까. 침을 뱉을 뿐이었나요? 흥분하고 질.,1,1
ai0X3BqenpI,김오준의 다스보이다 2024 총선 297회,"지금도 국가를 정상적으로 바로잡기 위해서는 국하와 정부를 갈아입어야 합니다. 선거 잘하자|||나라도 개판 축구 협회도 개판 감독도 개판 아무것도 정상이 아닌 최근 투표에서도 꼭 합시다!|||정봉주 여러분, 꼭 4월에 국회에 입성해 주셨으면 합니다.|||정봉주는 반드시,,,,,|||김오준 총사는 언제나 건강하고 열심히 해주세요.|||우리 모두 총선거에서 윤석열 사라지는 그날까지 힘을 모아 민주당 파이팅!|||어른 때문입니다. 우리를 행복하게 해준 선수들을 사랑해.|||최백근 교수 감사합니다 김오준은 언제나 응원|||더 이상 회장이 없습니까? 고양갑 심상정 주면 국력에 건너갑니다 절대!!!!|||김오준 망쳐서는 안된다,..! 구독합니다.|||무능, 무도한 정권을 꼭 심판합시다 이잼 민주당 총선압승|||충청도에 인재 도입이 확실했어요. 보고 훨씬 기쁩니다… 싸우자!|||민주당의 비례표가 분산되어 있지 않으면 좋다. 민주당의 압도적 제1당을 위한 승리를 기원합니다.|||충청팀! 파이팅! 특히 .17호 김재성님 꼭! 구청이 됩니다|||김오준 총수 감사합니다|||무능한 지도자가 얼마나 비참한 사태를 만드는지, 꼭 심판합시다 룬, 몽규 OUT|||최백근 교수님처럼 애국자가 또 있을까는 너희들입니다!|||조국신당을 응원하는 파이팅지역은 민주당의 비례|||우리의 소원 동지 인 귀중한 총수 올바른 말 좋은 방송 리드로 치유 큰 힘을받습니다 건강하고 오랫동안 함께하십시오 항상 감사합니다|||김오준님 총선거 승리로 민주당 가즈아!|||받아들인 인재 여러분 정말로 훌륭한 사람들입니다. 동기부여, 아이디어를 고집, 말씀 잘 하고……그러니까 민주당입니다. 사람들을 웃게 하는 정치를 하고, 지도자나 시민이 서로 믿고 사는 사회를 만들어 가는 민주당의 파이팅입니다.|||원래 독일에 가는 이유가 김건희에 있었던 것이다. 윤석열은 독일에서는 볼 수 없기 때문에|||나는 조국을 지원한다. 조국을 동정하고 지지하는 것은 아니다. 대한민국의 건전한 성장과 국민경제의 성장에는 언론개혁과 검찰개혁이 필요하다. 검찰 개혁의 의지가 강하고 능숙한 사람이 조국이라고 생각하고 나는 조국을 지지한다. 조국의 용기에 박수를 보냅니다.|||똑바로 하나없는 최근처럼 사는 의욕도 사라집니다.|||윤석열. 간히 없음. 밥도 먹을 수 없다",1,1
wFxeUBmy4yk,"김오준의 다스보다 317회 한경훈, 삼부체크 무늬, 트럼프가 온다","우원 식사를 어떻게 해보자! 국력당에 시간을 버는 행동을 어떻게 설득해야 하는가?|||우원식 의장. ㅆㅂ|||탄핵이 빠를수록 나라가 정상 나라가 된다고 생각합니다.|||우선순위를 알아야 합니다! 언론에서 개혁이 어렵다|||오늘 법사위 청문회와 국민당 대표 논의를 보고 있기 때문에 가관도 아니다.|||항상 우리를 깨워 주셔서 감사합니다!|||전청레 위원장의 입법위원에게 운영사회통율력을 세계 각국 국회가 배워야 합니다.|||군 골프장은 파트 3의 야감을 운영하지 않습니다.|||할 수 없게 되는 것보다 상설 특검이라도 좋다고 생각합니다.|||진심으로 우리나라가… 국민이… 이 역경을 잘 이기고 싶습니다.|||안녕하세요 김오준 총수는 언제나 건강하고 노력해 주세요. 응원하고 있습니다.|||진보는 국민으로서 살고, 보수는 백성으로 사는다. 이 나라의 주인은 국민이며, 백성은 나라토 아래에 굴종하여 사는 노예이다.|||국내 정치 외교 정치는 정말 최악입니다. 탄핵은 대답입니다.|||한동훈이 사과까지 했다는 것은 청탁행위가 있었다는 확실한 증거!|||양주는 대통령 기록물 때문에 마신 사람도 대통령 기록물!|||국민이 모지를 선택했다고는 생각하지 않는 200만표를 미분류에 인출해 마음대로 나눈 너무가 범인입니다! 더 이상 주권이 손상되어서는 안됩니다! 투표함을 옮기지 않도록 입법해야 합니다!|||다만 모든 이상을 당연시하는 정부…|||한준호 의원님 미래 대통령의 길로 계속 ​​환승|||민주당 의원님 굉장합니다 이재명 대표와 함께 나라를 위해 국민을 위해 많은 일을 해줄 것이라고 믿습니다 응원합니다|||윤석렬은 정치하자마자 대통령이 됐다.|||김오준 총수…|||김병준의 꿈의 이야기 달려와 열심히, 정말 너는……………………………………………………………………………………………………………………………………………………………………|||삼부는 ㅡ라임ㅡ 옵티모스의 사라진 돈의 마지막 미로게임의 ㅡ문이 될 것 같다|||한준호 의원의정활동|||이재명 이재면 이재명",1,1
xupyh9X2csE,이런 정치인들은 날아가야 한다…,"17년간 변하지 않는 사실 TV를 위해 후원 회원이 되십시오. 정기 스폰서 가입 ARS 1877 0411, 인터넷 애플리케이션 https goo.gl 1OjzfE|||2026년에는 부탁드립니다.|||진짜 진글진 구르나나 경원|||의정활동의 목적은 국회를 깨고|||조백석, 이은재, 곽규택의 얼굴이 비슷하다…|||서영 교의원님, 뒤에서 응원합니다. 곽규택은 같은 아이들과 이야기하지 마세요.|||나팔 특검 수사 언제입니까?|||우리의 소장군|||나경원은 의원이니까, 그런 것이 판사 출신이니까 대한민국 교육체계도 바꿔야 하도록 곽규택은 검사 출신이라고|||우선 목소리에서 이기면 내란당 압도, 마이크는 필요 없습니다.|||징글징글내 난당해채원|||다음의 원대는 꼭 서연 교의원님이 되어 주었으면 합니다!!매우 든든한 분!|||수프. 징글 징글한다.|||서영교 의원을 응원|||남편이 법원장? 품격이란 무엇인가 준 것처럼|||나경원|||나경원법사 위나가라|||내란 일년이 지난 지금도 내란은 진행 중이며, 그 내란범은 군짐다 46명 권성동 권용세시켜 내란을 하루 종일 마치지 않으면 나라도 국민도 행복해집니다.|||국력정당 해산 언제 하는 거야|||아, 진짜 국민은 언제 없어지지만 세금은 유감입니다.|||나경원 야나기하라 곽규택에 조용하고|||곽규택은 신속하게 원하십니까?|||팔산 오제키데스|||나경원은 국회에 보낸 모든 사람이 죄인입니다.|||말할 수 없습니다.",1,1
OoWMJB1_USw,"김병기 계속 웃었으니 728조 지켰다! …국력 전액 삭감 와루루, 왜?","17년간 변하지 않는 사실 TV를 위해 후원 회원이 되십시오. 정기 스폰서 가입 ARS 1877 0411, 인터넷 애플리케이션 https goo.gl 1OjzfE|||내란전속재판부를 빨리 설치|||내란 전문 재판부의 설치를 빨리 설치한다|||이것은 잘 작동했습니다.|||우리 민주당 의원 여러분, 수고하셨습니다. 내란이 끝날 때까지 최선을 다하십시오. 파이팅입니다.|||잘 작동했습니다.|||무기 최고의 최고의 직업|||민주당의 파이팅입니다.|||사실이라면 많은 일을 했습니다.|||잘 작동합니다 ... 그만하자! 국민을 지켜보고 있습니다.|||지돌코가 이시코라고 민주당의 고양이들이 뭐니 뭐니해도 전부 거부권 행사하자 어제까지만 내란당에서 태어나면 왜 갑자기 태세를 바꾼 것인가. 도대체 무엇을 뒷받침했는가. 내란 재판부 설치. 사법부 개혁 양보 절대가 되지 않는다.|||수프 매달아 이재면 예산 전액 삭감 매달려 허위 사실에 고발하세요!|||좋은|||국력은 단지 주었다.|||수프에 무엇을 주었습니까?|||김병기 의원 고생했습니다.|||가짜 뉴스가 많기 때문에 Omy News나 검증된 장소만 보고 믿어야 합니다.|||맞습니다! 김병기 잘 하고 있다. 응원한다. 국민 중 한 명인 나, 김병기를 응원하는 나. 이런 나를 실망시키지 않기를 바라며 응원한다.|||뒷거래가 있다면 조금 있습니다.|||의석 수의 과반수를 넘어 무엇을 지켰습니까? 그냥 하면 된다. 과반수의 의석 수 전혀 밀어 주었습니까? 흔히 협작을 하려고 손으로 만들어주는데 언제나 흩날리다. 이낙영처럼!|||이상한 내란당이 이렇게 순수하게 합의하는 것이…|||무기야 아들 숭실 대학 입학 부정이나 해명해라 이미 증거까지 전부 나왔다고 사실이라면 그 자리에서 내려와|||요노 합의? 이상한 거래가 아닐까요?|||아, 난... 김병기 원내대표의 의심이 있을 수 있습니다... 가짜뉴스인지 진짜인지...|||김병기가 무엇을 합의했다면 의심에서 도네의 정체를 통해 민주당 내 살아남으려면 오랜 세월이 걸릴 것이다. 그만큼 당신이 잘못입니다.",0,0
ziHmZSX0zo8,역사상 최악의 배신자 윤한헌 윤한헌 배신자,"곳곳에 배신자가 많습니다. 끔찍한.|||한놈 추가|||개가 주인을 때리는 형태입니다.|||윤한헌 제명원ㅡ|||여유분 ㅠ 국력당원 가입 부탁드립니다 ㅠ 그래도 보수당이 해체되게 되었습니다. 무엇보다 이번에 계엄사죄한 사람들을 쫓아내고 심야로 만드는 데 큰 도움이 됩니다 ㅠ 한동훈당 조사도 더 압박해야 합니다 ㅠ 여러분의 영향력을 미쳐주세요... 나도 몰랐지만 이번에 국력사죄하는 의원들 보고 일단 국력으로부터 지켜야 한다고 생각했습니다 ㅠ 감사 내부 램핑 시스템으로 해체되면 일당 시스템으로 바뀌지 않습니다.|||윤한헌을 제명하세요.|||국민의 힘에는 왜 배신자, 반역자들이 송충처럼 끔찍한가? 반역자를 해치고 침착한 나라를 위해 의원끼리를 정리하자.|||배신자는 새싹을 제명해야 한다.|||스스로 쥬데이와 배신의 자유를 선택하는데 무엇을 하는가? 표로 심판한다 그러나… 그러나 사과에는 국개사퇴 정도의 책임은 따라야 할까? 권력미에 배부한 자들의 위선 잔치에 지나지 않는 것.|||사람은 지금까지 바꿀 수 있습니까?|||악한 자들 사이에 붙은 담낭에 붙었다.|||이런 식으로 배신자를 미워해야합니다.|||윤한헌|||한홍은 맛을 낸 ㅎ 잠시 갔다.|||윤한헌을 적극적으로 찍자|||계엄령 2시간 무슨 피해가 있습니까?|||철저한 정상 숲 배.|||진짜 울파톤 터지네요. 윤석 열 대통령은 영웅입니다!|||윤한헌은 간신히 하고 있지만 지금은 사용을 폐기하고 배신자에게 선두에 서 있다.|||윤한헌, 배신자의 기회주의자를 처벌|||진짜 나쁜 샘! 아웃해야합니다|||ㅎ. ㅎ.|||윤한헌|||배신자 윤한헌|||정말 화가",1,1
J-pLqV59M7I,"지규영 노상원 메모, 어떻게 해야 하나요? 티조Clip shorts","얼마나 말이 없다고 말하는 동안 웃음이 나오는가?|||가짜 메모라고 판단해서는 안된다.|||메모가 불법이라고 탄핵도 불법이 되는 것이 아니라 불법 메모 증거에 의해 탄핵이 되었지만, 그것은 분명히 밝혀야 할 문제다|||한층 더 다운로드된 메모가 인터넷에 올라온 적은 없지만, 홍장원이 헌법으로 쓴 후에 생성된 것처럼 보인다고 한다.|||그래서 지렁이는 증거가 되지만 헌법재판소는 인정했다.|||아, 지렁이가 받았네요.|||지귀연 판사 진실한 후부 통치 없이 법률로 판결하십시오. 누가 봐도 윤석열 대통령은 무죄다.|||홍창원이 인터넷에서 다운로드했다고 거짓 증거로 밝혀진 듯한 성격의 메모인가|||진정한 기쁨을 선사하는 코미디 재판.|||메모가 별로 없어서 판사님의 웃음이 나오네요.|||메모는 홍장원이 만든 메모가 아닌 보좌관이 나와 진술하지 않으면 진정성립 여부 싸울 수 있다.|||판사, 정의, 응원합니다.|||가짜 메모|||아..무슨 짓을 하는지|||아니요, 이것은 메모로 정의할 수 없는 예술품입니다.|||판사는 법과 양심적으로 살아야 한다!|||제발. 범죄자에게는 타협이 없습니다. 절대로.|||지경재판관 지금 재판이 잘못되면 나라가 공산주의로 가서 재판을 잘 해|||특검으로 이미 노상원 자신이 작성했다고 했다.|||판사는 한국의 마지막 그릇입니다.|||지귀 연법을 지키는 올바른 판사 파이팅 국가를 지켜 주셔서 감사합니다 많은 국민들이 함께합니다 파이팅!|||지경 애국 판사 파이팅! 3권 분립 자유 민주주의 입법 사법 행정 모두 독립 기관입니다! 싸우고 이길 수 없습니다.|||홍창원 증언증거는 불충분하며 탄핵판결 다시 해야 한다.|||지경 판사 이나라를 살려주세요.|||문상호 증인",0,1
smZ4iQkqzOg,계엄의 연결을 발견했다! 임은정의 설명이 필요합니다.,"최욱씨 오늘은 감탄했습니다. 작은 부분을 놓치지 않고 지적했습니다. 수면은 언제 잠을 자는지 궁금해질 때까지 자고 있습니다. ㅎㅎ|||조희대 지구 이종재 내 난판사는 곧 체포되어야 한다...|||누가 떠나도 우쿠이가 최고다. 우쿠아 정말 고마워, 너 때문에 항상 열심히 살아|||내란 종결의 길은 멀리도 험하다. 모두 지치지 않고 끝까지 잘 마무리합시다. 역사의 큰 갈림길이다.|||역시 신뢰받는 언론인 최욱 님의 날카로운 대리석 쇼를 능가하는 미디어는 없다!|||조희대 귀연은 반드시 처벌해야 합니다.|||부패한 사법부의 내부 통제 시스템|||판사들의 특권 의식 때문에 자신들의 판결은 무모한 성역이어야 한다는 신기한 망상을 가지고 있기 때문에 법왜곡죄에 반대하는 것입니다. 원하는 심리를 듣는 행위라고 봐야 합니다.|||매 부처 쇼를 만들어 주시는 여러분, 감사합니다.|||여기에 남미 시차가 있는데 지금 12만 찍었지요. 그러나 오늘은 매우 중요한 진실을 드러내서 정말 좋았습니다.|||백해룡경정팀 수사 결과를 기대한다. 수사를 방해하지 말고 영장이나 곧바로 내주세요.|||가라테 처장 이렇게 하면 없어서 새로운 기관을 만들지 않으면… 가라테 처장도 그대로 있어…|||매 부처 쇼 최고입니다 언제나 응원합니다.|||최욱씨 정말 검판관은 무법천이군요. 기다려주세요.|||마약 수사는 확실히 특검에 가야 한다.|||내란에 대해 정리가 딱 맞네요. 알면 알수록 무서운 세계에서 악마가 실존한다는 생각이 드네요. 마약 수사도 확실히 들여다보고 이곳 나라가 제대로 서있을 수 있다고 생각합니다.|||얼마나 떨리는지 내란에 살인 미수였던 인간들을 그냥 두어 두면 정상이 아니야 검사 재판관 정신 조금 받으라 기생 언론도!|||국가와 국민의 미래가 걸린 마약 문제입니다만, 단지 통과할 수 없습니다 반드시 특검 가야 합니다!|||조희대지경영은 반드시! 처벌해야합니다!|||사법부 판사 수사나 마약 수사나… 유감이라는 표현에서는 부족합니다. 꼭 진실을 밝혀주세요.|||장마 쪽이, 왠지 영화보다 재미있다!|||개헌 연임|||주경호 20억 뇌물수수 의혹|||약물 사건은 결코 이렇게 이야기를 넘어서는 안됩니다! 반드시 그 상위 헤더를 밝혀야 합니다!|||마약 수사의 끝까지 다루십시오!",1,1
GLxKSy59Gn4,"국회의원 사퇴 요인, 잊을 수 없는 말","진정한 놈들은 균일하게 지쳐 있다!|||자신만의 파티. 사라진다.|||이중국적자의 이민도 미국에 간첩한 것이 아닌지 철저히 조사해야 한다. 또 탈북자 국회의원도 철저한 수사가 필요하다.|||선대의 선행을 하지 않는 사람|||통일교회가 되어 지발이 내려 달리는 것은 아닐까. 은퇴해도 책임을 지는 것은 책임을 져야 한다.|||선친의 명예를 무시해버리는데 혀!!!!!!!!! 돈과 기득권의 카르텔원|||아버지의 훌륭한 업적에 스스로 침을 뱉은 분인데, 이포…극우라니…|||점차 탈출 시작입니다.|||빵빵에|||정말 이해하지 못한 사람 중 한 명|||뭐하고 있니?|||머리가 완전히 부러졌습니다.|||도망칠까?|||뭐야 ㅎㅎ 김근희는|||대답하지 않는다. 그만하자.|||이자를 찍어준 지역구를 반성하고 다시 이런 자가 국회에 나오지 않도록 해야 한다",1,1
BtmDYY8osmA,"김현중의 겸손은 어려운 뉴스공장 2025년 12월 2일 화요일 김용민, 김완, 오혁진, 김승원,","쿠팡이 능동적으로 해결해주지 않는다.|||사법부가 눈치채지 못할 정도로 사법부 개선법을 발의하십시오. 정당하지 않은 조희대 대법원장의 힘을 모두 빼십시오.|||대통령이 내란세력이라도 국가범죄자들은 ​​상속인까지 철저히 취해야 했으므로 제대로 처벌되는 것 같습니다.|||박정찬 단장 나오고 침투부에서 궤도양 발사 중계 때도 들리지 않는 긴박한 내용을 듣기 때문에 더 고생하고 있는 것 같네요 항우연 파이팅|||지방선거의 역풍운운이 아니라 내란의 동조세력 남기지 않고 형사처벌해야 한다.|||무장한 병사들이 급박중에도 눈이 다칠까 생각하고 목을 노렸다는 배려와… 친근하다. 철저히 조사하고 적절한 처벌을|||모든 법적 조항에는 취지를 함께 붙이지 않으면 법왜곡이 없다고 보고 있습니다.|||내란과 법왜곡죄는 사면이 없는 처벌로 다스려야 합니다. 이러한 법이 없으면 법으로 만들어 확정해 주십시오. 굳이 이런 불법은 생각하는 것도 힘들어야 합니다.|||주식 아기를 운전하고 혼자 편집|||검찰청 폐지지도 78년 만에 완성사법부적폐청산은 훨씬 어려워서 힘들겠지요|||공장장은 과학 관련 인터뷰 시 빛나는 누구보다 젤 재미|||계엄해제 직후 조희대가 누구로부터 전화로 지시를 받았는지 즉시 알아야 ㅜㅜ|||총구를 막은 것이 군용물의 탈취다. 그 변호사를 내란의 가담자의 입장에 두어 보면 올바른 말이다. 즉, 그 변호사도 내란 관련법으로 처벌해야 한다.|||정말 꽉 방송|||계속 숨길 뿐인 그 사악한 조희대를 지금 잡아 엄중히 수사하고 처벌을 해야 한다.|||짱짱을 봐야 해|||역사를 잊은 자에게는 그 역사가 반복되는 형벌에 처한다.|||김용민 의원이 있어 얼마나 다행인지 모르겠다.|||김영민 의원, 폰링! 일은 정말 잘 정장을 입고 입법 검투사!|||공장장 우주 분야에 인터뷰할 때는 매우 빛나고 있습니다.|||알차다, 알차! 바쁜 출근시간을 나누고 놓칠 부분이 있으면 뒤로 돌려 다시 한 번 듣고 있는 것이 하나도 모른다. 나의 인생의 생산성을 높이는, 민주 진영 천년 고목, 겸공|||재고 가방의 좋은 아이템입니다. 잘 보고 있습니다.|||겸공 마스코트 최서영 pd 파이팅!|||내란을 철저히 단죄할 수 없었던 페루는 수많은 국민의 피해로 돌아왔다. 우리는 잊지 마세요! 철저히 단죄할 수 없었던 과거 군사 쿠데타가 지금의 12.3 내란으로 돌아온 것이다. 사법부는 철저히 수사하고 철저하게 단죄하라! 내란 전문 재판부 설치가 긴급|||눈이 수상할까 하고 총구의 라이트를 목에 비추었다고… 법정에서 변호사가 대변한다… 이상하고 비이성적인 무리가 과연 평범한 것인가? 정말 무서운 세계에 살고 있는 것이다. 조심해야 하는 국민은… 아직 내란중이다… 언제까지 지켜봐야 할 것인가…",1,1
sBvbPQaBNmU,정말 토크 인사청탁 의혹 김남국 사직 진윤에게 버려지는 장동혁? 정청레 1인1 표제부결 타격 MBC 251206 방송,"그러니까 국력은 계엄 다시 해도 윤을 지지한다는 것이다.|||국력은 여전히 ​​국민을 무시하고 있습니다.|||키훈리는|||피곤하다. 스파이 토론. 내가 볼 때 나라가 멸망되기를 바라는 국력이 스파이 집단이며 누군가 스파이에 몰렸다.|||국력이 낮으면 그들은 절대선으로 알고 있습니다.|||뉴스 하이킥은 각성하라. 김기홍 그런 아이들은 다시 패널로 데려오지 마세요. 오히려 서정욱과 고성국가를 데리고 가세요.|||덕수 가방 모치는 또 나왔다.|||김기훈이 나왔다. 김기훈이 이자라도 굉장히 질이 나쁘고 죽이는 변명만 해서 국민 오장육부를 긁어내는 자입니다. 민주당이 지금 국력당과 타협? 해야 하는가? 무엇, 어떻게 이해하고 받아야합니까? 나라를 전복시켜, 국민을 총검으로 위협하고 있던 놈들이지만, 그런 놈들과 타협을 하라고 하는 소리를 하라. 안녕하세요 국민들 사이에서 폭발한다.|||김기훈은 정말 흉내낼 수 없다.|||듣지 않습니다.|||캬캬캬 기후|||정치 현안에 대해 패널이 흔히 논리에 맞게 지칠 것을 날카롭게 파헤칠 수 없고, 단지 듣고 있을 뿐이다… 평일과 너무 비교된다.|||김기훈의 논리는 세계의 모든 소리 중에서 김남국에 대한 소리만 들리는 망상한 인간의 논리다. 기자했다는 인간이 김건희가 청탁한 국회의원 자리와 명태균이 청탁한 수명은 인사에 대해서는 들리지 않는 선택적 뉴스콜렉터다운 논리다.|||김기홍 또 당혁의 대변인 망경경과 장현혁 11월 3일의 경험에 대해 한마디도 할 수 없는 대표를 엄격히 하고 있다.|||국민의 힘이 우치 그 말을 할 수 있는지 머리 속이 신경이 쓰인다|||시끄러운! 나구국 짐은 입이 10개라도 말이 없어야 할 누가 누구를 비난해!|||이런 일이 일어나면 김치현의 국력 하이킥으로 타이틀을 바꿉니다.",1,1
NlYM11BpyVA,히가시카와 구역 해제설에 시장 동요 확산 풍선 효과 우려 머니데이 방송 뉴스,"모두 풀어 놓고 몇 년 안에, 다만 남겨두었다.|||거시적으로 부동산ㅣ안정화방법 시장금리보다 0.5 1가산 10. 전세대출 폐지 누구보다 ㅜ 사랑합니다.|||결론적으로 흐트러져도 계속 올라간다는 것은 국회 인사 청문회 보라 위장 전입.|||생각 없이 정책을 세우면 국민만이 힘들다|||좌파 정권만 들어가면 이 소란이 된다. 왜 몇번이나 찍어주는 것인가.",0,1
o19GqTLt8h4,발언 들었던 지규영 재판관을 뭘 봐.. 김용현 내란재판에서 어땠어?,"법원 사회는 잘 보입니다.|||뭐 꼭 재판이 이런 시트콤 일행은 전혀 몰랐던 이것이 진짜 그 신구씨가 나온 그 시트콤같아… 대단해…|||재판관이 피고인 변호사 측에게 용서를 구한다고 한다. ㅎㅎ 역무겁다.|||내란죄 재판인데 이것이 무엇을 하는가.|||뭐야! 서로 반성하는 시간인가? 내 재판은 매우 따뜻합니다.|||실제 내란 재판인가? 웃음이 오고 판사가 피의자에게 죄송합니다.|||변호사. 판사. 똑같이 살아. 이런 재판. 선견한다. 아직이다. 이것은 재판입니다.|||판사가 말을 멈추게 한다. 에구 정말로 정말 세상이 .. 마음이 막혀 있다. 정말 화기애|||변호사에게 지적되고 있는 재판장이란. ㅎ|||진짜 화기애애 변호사가 혼인하는 교육을 시킨 이 조직 무엇?|||재판이 아니라 개판입니다.|||이 장면이 널리 공유됨|||눈을 뜨고 볼 수 없습니다.|||재판장이 혼란|||나는 분노를 사랑한다.|||뭐하고 있니? 아니, 정말|||어떤 가정 법원 가족 사건 합의 조정하는 것 같네요. 도대체 무슨 재판을 하고 싶은 것인가…|||그래서 전임 법원이 필요합니다.|||동네 마을 회관에서 친목회를 하고 있는 것 같습니다.|||귀찮다는 말이 아무 생각 없이 나오는 것일까? 그것은 반드시 해야 한다는 말입니다.|||와우... 정말 내 형사 재판이었어? 일반 형사 재판도 이렇게 하지 않는다!|||지금 무엇을 보고 있나요? 나는 재판을 보러 왔지만 여기가 아닌가?|||이상상과 안경은 아직 느끼지 않았나요? ? ? ? ? ? ? ? ? 이나라법이 있습니까????????????????????????????????????????????|||2명의 변호사는 언제 감독할 것인가… 그리고 변호사 협회는 무엇을 하고 있는가…|||법정에서 검찰 측에 지적하면 확실히 그렇게 변호사도……ㅉ 감정도 부족하다.",1,1
82iElNY-irE,이재명 등장하는 녹음은 무엇을 하는가?,"최고입니다 최고의 미디어|||이재명이 통일교를 해산시키겠다고 위협하는 이유를 알고 있는데,|||불의가 법이 될 때 국민저항은 의무가 된다|||그런데 이재명 재판을 재개하는 게 김현지 정진상, 김남준, 김용, 이석기,|||윤영호는 싹을 날리는 답이다...|||전혀 할 수 없었던 일은 해냈습니다. 역사적인 인물과 진정한 인간이 아닌 괴물입니다.|||검을 치는 것은 어렵습니다 ...|||나는 남부부의 끝에 왕을 찢어야 한다.|||여당을 보는 개특검 철수를 맞아야 합니다|||양파처럼 카드 드 나오는 범죄자 앞과 4 범의 사기꾼을 긴급 체포하라.|||이재명을 심판하십시오 이재명을 수사하십시오|||범죄자들은.|||민중기 고발 조치로 특검하라.|||모조를 잡아야 한다|||인과응보! 세계이다|||민중기 특검을 해체하고 민중기를 구속해야 한다.|||모르는 것을 가르쳐 주셔서 감사합니다.|||이재명은 어쨌든 끝이 없구나. 능력이 없으면 내려서 재판을 받고 따뜻한 빵에 가서...|||뉴스 감사합니다 싸움입니다|||갖고 싶은데 안 되니까 종교 탄압할까? 그리고 나머지 사람|||내란의 두두 이재명과 통일교의 불법자금 수수한 각료.|||이재명 이자를 탄핵시켜 재판을 시작하라. 그리고 좌파 더블어 민주당이 당을 해체하라.|||진실은 분명해진다!!!!|||3대 특검 부력자들 모두 구속 수사해야 합니다|||이재명이 통일교도 3명인 이정우에게 임명장을 주었다...",0,1
YHoq8E0nvw4,이것은 국민의 눈높이입니다.,"매우 상당한 말씀입니다.|||맞습니다. 모든 사실 검사 후 비상계엄은 내란이 아닙니다.|||최고군요 지금 전시중 맞습니다 생명을 걸고 자유 대한민국을 지켜야 합니다|||나라를 위해 이렇게 최선을 다해 주셔서 감사합니다.|||배신자의 민간일이 밝혀졌습니다.|||그라운드 C 김성원 대표님 수고하셨습니다.|||무치치다 우파에게 이런 분이 있어 힘이 나옵니다. 감사합니다.|||이번 국력 국회의원 중 세비가 아까울 정도 때려 당론에 따르지 않는 사람은 퇴출시켜야 합니다.|||박정권 의원은 최고이며 정말 옳다고 생각합니다.|||그리고 역시 최고의 코멘트입니다 당원 63 프로가 국민의 눈높이|||모두 걸었다는 말에 진정성이 느껴지네요.|||올바른 말입니다.|||대통령으로서 비상계엄정당한 탄핵무효|||국민의 힘, 최선을 다해 박춘권 의원님을 응원하고,|||네, 그렇습니다.|||국력 대표!!! 적극 추천|||국력이 정신적이어야 한다 젊은 국력의원의 패기가 필요|||국민은 자유민주주의의 체제를 지키고 싶다!|||정말 정말 올바른 단어 감사합니다!|||윤석 열 대통령의 국민이 지지합니다.|||아무쪼록 잘 부탁드립니다. 국력|||올바른 말입니다.|||고마워요, 존경하고 사랑하세요 당신은 영웅입니다|||당신 같은 분이 국력에 필요합니다.|||이번 진정한 국민의 힘이 되는 의원임을 보여주세요! 국민을 위해 싸워라!",1,0
Rbqhd5XCgVw,"전재수 , 왜 사표부터 썼나? [뉴스 연구소]","윤영호가 거짓으로 돈 받은 넘들 욕 할 이유가 없지 정치권 로비하는 넘들 불문율 처럼 민주당 구킴 양쪽에 모두 보험 들어 놓은 거임 다음은 정동영이 차례네 ㅋ 뇌물 받은 넘들 공통된 특징은 증거 제시 할 때까지 일단 부터 강하게 부정하고 보는 거지 ||| 같은 혐의로 어떤 X은 징역살고, 어떤 X 공소시효가 지나고... ||| 단언코 없었는데 왜 ? ㅋㅋㅋㅋㅋㅋㅋㅋㅋㅋㅋ ||| ??? : 야 진짜 없었다고? 언론에 증거 다깐다? -> 다음날 ? ||| 여,야 정치인들 다 수사하라. 썩은 적폐 좀 청산하게 ||| 국회의원 좀 내려놔야지 ||| 말세다 ||| ㅋ ㅋ ||| 단호하게 명백하게 말하지만 정치인들 입만 들으면 거짓말 ||| 전재수도 이젠 그만 ||| 받은거는 받으거지 수사철저히 수사해서 구속이 답이다 여 야 죄 야 죄 지은정치인들 제 다 구속해야됩니다 세금이 아바라 ||| 버티다가 이것저것 다 털릴것같으니 빨리 . ||| 전재수 의원 응큼 합니다!의원 직 사퇴하고 수사 조사 받아라 정치 끝났다 ||| 누가 바보로 보이나 ? 전재수 는 아무 죄가없는데 사퇴는 왜하겠나. ? ||| 죄가 아닌데 왜 사표 ||| 하고 있는거 같네.. ||| ㅋㅋ철판 ㅋㅋ ||| # 표적 ||| 그 생각이 난다. me too 사건이 터져 수사를 하니 막상 범죄 혐의로 잡힌 건 민주당 인사들 ㅋㅋㅋ 김건희 잡겠다고 한 민주당 이 결국 만주당 벌집을 쑤신 꼴이니 말이다 ㅋㅋㅋ ||| 그런대. . 사퇴. ㅋㅋ ||| 마이크 내려놓고 조사받아라 ||| 아직 법원 판단도 조사도 안나왔는데 왜 수수가 없었데... 그냥 수수는 그럼 있었던거야??? ||| # 수사 ||| 아 까르띠에 불가리 나한테 버려라 ||| 강한 의지 강한 긍정 ||| 통일교 로비에 걸려들지 않은 사람 구하기 통일교 로비에 걸려든 사람 징계하기 여야불문 아까운 인재라도 그냥 넘어가야 제대로 되어 서 깨끗하고 건강한 나라가 될 거예요~~ ||| 부메랑으로. . ||| 특검을 특검하여야한다 . 연기날리없다 전재수도 이제끝이보이는구나 ||| . ||| 권성동 구속햇으니 전재수도 . ||| 금품수수 사실 무근 명확 정확히 그런 사실 없다는데 왜 해양수산부장관 사표 제출 도망가는지 ? ||| 전재수 수사해서 전재수 . ||| 낮은데서 추락해야 머리 아프거든 ||| 전재수 멀리 테이크 아웃 ||| 빤스런 ||| 조진웅이 은퇴하는 이유 계속 터질게 많아서 박나래가 하차하는 이유 계속 터질게 많아서 조세호가 하차하는 이유로 계속 터질게 많아서 전재수가 는 이유 뻔하지 ㅋㅋㅋ ||| 정말 재수가 없어요. ||| 전재수는 불법정치자금, 명품시계 등을 받았다고 . 근데 국회의원 그만두고 국개의원은 포기 못하겠단다. 불체포특권을 행사 하는것 같은데, 따블당이 어떻게 하는지 지켜보자? 권성동이와는 어떻게 다른지 지켜보자 ? ||| 단순하게 생각하면 된다. 그러면 아무 이유 없고 사실이면 사퇴하는거다. 사퇴는 사실이라는 거에 대한 증명이다. ||| 부패 하면 터질까 그런거지 대부분 그렇지 않나? ||| . ||| 전재수 말뿐이네요 . ||| 지금 정권도 다르지 않네요. T.T 아 정말 너무 요 ||| 김준일이 저 인간도 아무리 해도 못듣겠다 저게 무슨 정치평론가야 평론을 객관적으로 안하든, 못하든 그 순간 정치 기생충일 뿐이야 ||| 재수님도 ! ||| 그래서 빨리 정리하라고 했겠지 ||| 언론들 가짜뉴스 보도할때는 징벌손배 ? ||| 전재수 사표는 국힘, 통일교 … ||| 왜 이통은 저렇게 행동 하는것이 비 웃듯이 행동 하는가 ||| 부산시장 선거 ||| 전재수 기자 ||| ㅋㅋㅋㅋㅋ 아니 같은 사람이 권성동한테 돈 줬다하니까 , 전재수한테 돈 줬다하니까 모른척하고 ㅋㅋㅋㅋㅋ ||| 이재명이 통일교 해산시킨다고 협박하니까 통일교 폭로한다고 하다가 입 꾹닫... ㅋㅋㅋㅋ . 서로 손해 본거지.. ㅋㅋㅋ 전재수는 그대신 물러난거지 후폭풍 올지 모르니 아무 죄도 없는데 일단 사표부터 쓴 사례는 단군이래 ?",0,1
bSzINmwhG4c,항상 지지합니다! 윤사모 청년 이 등장! #윤석열 #탄핵무효 #헌재앞 #계엄령,"제 중심있는 의견 존중합니다 ||| 에구 ~ ||| 예쁘고 똑똑한 젊은청년 정확히 아네 요 미래가 밝다고 생각합니다 ||| 보는눈이있었네~속터져~지혜여 ||| # 탄핵무효 탄핵무효 ||| 정의는~살아영원합니다~대한민국만세~ ||| 고맙다. # 대한민국만세 ||| 2030 이 나라의 희망입니다. 민주주의 로 젊은이의 미래를 보장받읍시다 ||| # ❤❤ ||| 아자 화이팅~^^ ||| 윤석열 대통령은 요즘세계에서 보기드문 한 나라 대통령, 지도자 이시고 그를 지키는 국민들은 가장 용기있는 국민으로 세계에 알려질 겁니다. 추운날씨에 같이 계신 하느님께서 보호해 주시리라 믿고 기도합니다. ||| 참으로 훌륭한 청년이네요. 피끓는 청년들아 너희가 살아가야할 이나라 를 일어나 지켜라. ||| 만세 자유 대한민국 만세 ||| 추운날씨 # 조금만더참고수고해주세요 ||| 응원합니다 . ||| 젊은 청년들이여!! 당신들의 미래를 생각하자 ..일어나라 ! ||| 젊은이 님 감사합니다 ||| 수고 하십니다 열렬히 응원합니다 애국 청년 여러분 ||| 감사합니다 ! 을지킵시다 ||| 애국청년 입니다 감사합니다 . 고맙습니다 ||| 젊은청년들님 . 추운날씨에 감사합니다 항상 지지해요 ||| 내일8일수욜하고 모레9일목욜이 고비인거같던데 다들 체력비축잘해주시고, 2030분들 주말만큼 많이나와주세요 반차/연차쓰고서라도 동료 가족들과 함께오시구, 이를 위해 온갖보호장비 착용과 단단한 마음의준비하고오세요!! ! 내일갑니다ㅎㅎ ||| 애국시민 모두 수고 많으십니다 응원합니다 힘내세요 자유 대한민국 만세 ||| 젊은청년들이여 일어나라 더욱 많이일어나라 . ||| 정말 예뻐라 . 앞날에 좋은일만있길바래요.그리고 끝까지 윤대통령님 응원하고 지지합시다 앞으로 좋은일만 있지않을까요 ||| 장하다 우리 딸 ❤❤❤❤❤❤❤ ||| 맞아요 맞아요 젊은 청년 들 홧팅 ||| 우파청년들이여 모두깨어나서 우리대통령님을 지지 화이팅 ||| 훌룽한 청년 말도에쁘게잘하네요 . ||| 반드시 지켜내겠네요 무조건 이깁시다~~윤대통령님 힘내세요♡ ||| 이뽀라,귀한 딸 이 나라를 잘 이끌어 주세요 ||| 윤성렬대통령님.지켜주셔서 감사합니다.여러분들이 겨셔서 지켜주셔서 . ||| 우리나라대한민국 윤석열대통령님 응원합니다 힘내십시요 최고입니다 . ||| 몇년전~오래한달에두번모인~모임에~어떤분이전광훈목사님을~나쁜사람으로~막몰아기드라고요~난그때놀라운~목사님의위기의대한민국의소식을듣고~몆달을분노로~잠을못잤던때에~가만이참을수가없어~폭탄처럼솟아나는분노로벌떡일어나~몃마디쏟아내고그곳을박차고나와버렸읍니다~지금까지안갔읍니다~이젠제마을알았으면~모두애국으로~돌아오세요~❤ ||| . ||| 청년부님들 훌륭합니다 대통님 힘내세요 . ||| 윤석열 대통령님은 자유대한민국을 위해서 목숨을걸었습니다 . 목숨걸고 함께해주실거라. 믿습니다 ||| 청년들이 정신차리고 이나라를 지켜야죠 용기있는 행동에 박수를 냅니다 ||| 순수하신 우리 젊은청소년들도 순수하니 이렇게 스스로 지지하네요 이쁜학생들 나라의보배이십니다 응원합니다❤❤❤❤❤❤ ||| # 국민저항권 발동.. ||| 예쁘고 똑똑한 청년 . ||| 애국자님들ᆢ추운날씨 에 나라를 위하여 싸우시는 분 ᆢ대한민국만세입니다 ||| ㅋㅋ ||| 멋지네요 청년들이 일어나 주어서 윤대통령님 힘이 돼 주어서 감사해요 ||| 윤사모 화이팅 나두 이거 하고 싶다 윤사모 화이팅 ||| 우파사람들은 예쁘고 . ||| 역시 청년이네요 힘냅시다~ |||  ||| 우리 젊은 숙녀 들 용감한. 행동 고맙읍니다 ||| . ||| 우리 청년들 보고 배워라 ||| 그냥 윤빠야?? ㅎㅎ 윤을 왜 지지하게 됐고 왜 좋은지가 ? ㅎㅎ ||| .",1,0
eqdES2H9jRY,"헉! 나경원, 윤석열 오빠와 2분간 통화! 99.99% 라고 말 했을걸?",그래서 나경원이 앞장서서 설친 이유가 있었네 참 꿈도 꿔 ||| 그냥 국짐이 이니지 완전 독제 체제의 국짐이니. 침을 질질 흘릴만 했겠네? 침 질질.,1,1
ai0X3BqenpI,"[김어준의 다스뵈이다-2024총선] - 어이 한동훈 미안해, 충청3인방 충격이에유, 클린스만 퇴출","지금이라도 나라를 정상으로 바로 잡으려면 국짐과 정부를 갈아 야 합니다. 선거 잘 합시다. ||| 나라도 개판 축구협회도 개판 감독도 개판 도 정상인게 없는 요즘 투표라도 꼭 합시다! ||| 정봉주의원님 꼭 다시 국회로 입성하시길 바라겠습니다 ||| 정봉주 반드시 다시 국회입성 해야합니다 ||| 김어준 총수님 들 건강하시고 힘내세요 응원합니다 최고 파이팅 너무 좋아요 끝까지 지지합니다 ||| 우리모두 총선승리 하여 윤석열 사라질 과 힘을 모으자 민주당 파이팅!! ||| 어른들의 사랑 우리를 행복하게 해준 선수들 사랑해 주세요. ||| 최배근교수님 감사합니다 다뵈 김어준 늘 응원해요 민주당 # 이잼파이팅 ||| 이제 더이상 노회찬이 없지않습니까?? 고양갑 심상정 주면 노회찬 넘어갑니다 절대 !!!! 안돼요 ||| 김어준 망하면 안돼,..! ! ||| 무능,무도한 민주당 꼭 심판합시다 이잼 민주당 총선압승 모두 끝까지 힘내요 ||| 충청도에 인재영입 제대로 했네요..아주 아주 확실하십니다. 보는내내 흐뭇합니다...파이팅합시다!! ||| 민주당 비례표가 분산되진 않았으면 좋겠습니다. 민주당의 압도적 을 위한 승리를 기원합니다. ||| 충청팀!빠이팅!.특히.17호 김제선님 꼭! 구청장 ! ||| 김어준 총수님 ! ||| 무능한 정치가 얼마나 참혹한 사태를 만드는지 꼭 심판합시다 룬,몽규OUT ||| 최배근 교수님 처럼 애국자가 또있을까 ? 선비님 이십니다!! ||| 조국신당 응원합니다 파이팅 ! 민주당 비례는 조국신당 ||| 우리의 희망 동지이신 소중한 총수님 옳은 말씀 훌륭한 방송 리드로 도 큰 힘 받습니다 건강하시고 늘 함께 해주세요 늘 감사합니다 늘 함께하며 끝까지 힘실어 지지하고 계십니다 ||| 김어준님 ! 민주당가즈아!! ||| 영입한 인재여러분 정말 훌륭한 사람들입니다. 의욕 충만하고 아이디어 , 말씀 잘 하 그래서 민주당입니다. 사람들을 웃게 할 정치를 하고 지도자나 시민이 서로 믿고 사는 사회를 만들어 가는 민주당 화이팅입니다. ||| 애초에 독일에 갈 길이 김건희에게 있었던 것이지. 윤석열은 독일에 볼 수 없으니 (김건희가 못 가는 마당에) 안 가기로 한 것이겠지 라고 추정하는 바 ||| 나는 조국을 지지한다. 조국을 동정해서 지지하는 것이 아니다. 대한민국의 건당한 성장과 국민 경제 , 언론개혁과 검찰 개혁 필요하다. 가장 의지가 강하고 잘할수 있는 사람이 조국이라 생각하여 나는 조국을 지지한다. 조국의 용기에 박수를 보낸다. ||| 똑바른게 심한 요즘 같아선 살 의욕도 없어지네요 ||| 윤석렬이는. 건희없인. . 못먹는다 ||| 김어준 총수님, 지금 목숨걸고 싸우고 있군요. 응원하고 있습니다 ^^ ||| 진짜 생각할수록 욕나오는 정의당. 니들이 노동자 다 ||| 최배근 교수님, [정치와경제 연구소 선포] ||| 다들 화이팅 ||| 망한다 소리 망한 버린다 소리하면 안됩니다 10억 쓰고 정권 끝장내자 ||| 클리스만과 멧퇘지 동시에 ! ||| 야당 野 완승 ||| 천안 살고있습니다. 이재관 후보 응원합니다..천안 민주당 화이팅 ||| 지금은 민주당으로 모든 역량을 모아야 합니다. 절체절명의 선거를 앞두고 표가 갈라져 썩렬이만 한 어리석음을 반복하지 않길 바랍니다 ||| 김어준총수님 건강하세요 . 사랑합니다 ||| 김어준 이 있어서 그나마 위로가됩니다 김어준 최곱니다❤ ||| 정청래 의원 뵈면 됩니다 ||| 충청후보님들 인상적입니다. 꼭 당선되셔서 기량 발휘 제대로 해주시길 바랍니다 ||| 이명박근혜도 흠집 냈지만 이놈은 진짜 인내심의 한계를 넘기네요 ||| 무조건 200석이상 들어야 탄핵됩니다 ||| 정봉주 출마를적극 . 정봉주화이팅하세요 ||| 이시대 참 훈훈인 정청래 . ||| 좋아요는 기본으로 ! ||| # 200석 ||| 정봉주 , 반드시 국회가자 ||| 나는 비례에 조국신당에 찍을 생각 ㅋ ||| 정청래의원님 멋져요. 조국장관님이 잘하실거에요. 민주당 과 윈윈할 수도 있을 거예요. 민주당 화이팅 ||| 김어준공장장님 민주주의를 위해 늘 감사드립니다 정청래의원님 최배근 교수님 존경합니다 ||| 충청 3인방 재밌네요~^^ 세 사람 다 화이팅~~ ||| 이 사악한 검찰정권을 철저하게 응징해야합니다 ||| 민주당 # 완전대단 ||| 최배근교수님 . ||| 정 우택 돈봉투 ᆢCCTV 정확히 ? ||| 정청래 의원 열렬 응원합니다 ㅎ ||| 이 시절에 김어준이 나와서 다행이다 ||| 정청래의원님 정말 존경합니다 너~~~무좋아요❤ ||| ❤❤❤검찰개혁을 위해 열심히 맞서다가 희생당한 조국ㆍ추미애 같은 분들을 국민이 지지하지않는다면 앞으로 누가 불의한 에 맞서려고 할까요? ||| 총선 200석 야당 압승 제발 기도함니다 더이상 대한민국 을 막아야 합니다 ||| 윤석열도 화이팅 가즈아~~ ||| 헐 김어준총수님이여~~ ||| 김어준 총수 지치지 말고 힘내요. 김 박사님도 힘내세요 우리는 모두 그대들을 사랑하고 믿어요. 최고니까...❤❤ ||| 왜 탄핵이 필요한거죠 ||| 이 시대의 참 포용인. 정청래 진짜 정치인이네. ||| 버티고 또 버티자 그리고 투표장으로 가자 ||| 명랑사회 정기 후원하고 있지만... 여론조사 꽃... 다음달엔 꼭 해야지 ||| 여론조사 꽃 자 김어준 화이팅 ||| 김어준! 참 ! ||| 한 국가의 국민들이 해야 할 가장 큰 의무는 '권력감시' 다. 하지만 일상을 살아야 할 국민 대다수는 그럴 수 있는 시간적 여유가 없다. 그래서 그 감시를 언론에게 일임했다. 하지만 그 언론은 지금 썩었다. 언론개혁을 실패한다면 정권을 잡더라도 장기집권은 불가능이다. 민주당은 총선승리 후 피를 묻히는 각오로 개혁드라이브를 걸어야 한다. 언론개혁!!!! ||| 얄짤없다!이번에 심상정 은 정의당해체 그것도 윤석열심판 이다! 그래야 차기대선에 걸림돌을 없애는거다! ||| 살아있는 우리들의 양심...최고의 지식인 최배근 교수님..진심으로 존경합니다. 항상 건강하십시요. ||| 올리브유 몇개월 전에 10000원이었다. 지금 2배 뛰었다. 이게 나라냐? 주부들 공감하지? 이게 현 중간 대한민국 물가다. 이걸 어째야 한다? 그려~ 쫓아내야 한다. 암만~~~ 어떻게? ? ||| 민주진영 일꾼들 참 유쾌합니다 그들에게 일할 수 있 기회 줍시다!! ||| 창원 성산구 정의당으로 단일화 하면 안됩니다ㅜㅜ 노회찬 죽음 이후로 이곳 정의당 민심 떠났어요 ||| 황운하를 좀 자꾸 불러서 인지도를 높여줘야 합니다. ||| 불금 이 기다리고 있어요 ||| 베트남에서 검증된 박항서 배우 강력히 추천합니다 ||| 카이스트 진짜 대박 ||| 아홉하늘이 조국 과 함께 # ㅁㅁㅁㅁ 용담16김ㄷ ||| 김어준총수님 존경하고 감사드리고 , 이재명대표님의 민주당힘내세요 ❤❤❤ ||| 조국 화이팅 ! ||| # 쵝고 ||| 이제 밭갈기 시작.. ..조국장관님 힘내세요 ||| 김어준 공장장님 ! ||| 옳소!!!!! 정청례! ! , 역시 최배근 교수님 사랑합니다! ||| 최대 는 계양을에 부모님과 함께 살고 있습니다 부모님은 80대 입니다. 부모님께 마지막으로 말씀드렸습니다. 앞으로 당신 자식들과 손자 손녀들이 살아갈 세상입니다. 정신 똑떼이차리고 투표 하시라고 원모씨가 되면 바로 분가 한다 했습니다. 지금 대한민국은 한강 요단강 중간 에서 허우적 되고 있는 듯 합니다. 이번이 마지막 이다 생각하고 다들 정신 똑떼이 차려서 중간까지 간 요단강에서 다시 돌아옵시다. ||| 정청래 그만 해라.. ||| 조국장관도 자기당 기호1번으로 나오 그래야 투표해줄수있음 ||| . ||| 정봉주좀 살려주십시오 . ||| 오늘 진짜 빵터졌다 역대급이닼ㅋㅋㅋㅋㅋㅋㅋ ||| 털보형! ! 정말 최고야! ||| 전국을 서울로 편입합시다..서울시 제주동,서울시 대전동, 서울시 목포동, 서울시 강릉동, 서울시 부산동...그러면 수많은 시장, 시.군의회 도 없애고 국회의원도 필요없습니다.. ||| 심판의 시작 투표 똑바로 합시다. 하루빨리 탄핵 을 해야한다. ||| # 응원합니다 ||| 최배근 교수님 . ||| 유시민작가님 , 숨쉬기가 힘들어요,어찌살아야하는지 ||| ""바다는 피에 젖지 않는다""는 『노인과 바다』에서 나와요~ ||| 민주당은 야당이에요ㅡ할 수 가진 게 별로 없어요.여당으로 만들어 줘야해요.200석 넘겨서 여당으로!! ||| 어준총수 을 이번 총선에서 민주당 꼭 압승하길 간절히 기도합니다 ||| 영입된분들 정말 열심히 국민을위한 정책펴주세요.환영합니다",1,1
wFxeUBmy4yk,"[김어준의 다스뵈이다] 317회 복덩어리 한동훈, 트럼프 체크무늬, 트럼프가 온다","우원식이를 어찌할고! 국힘당에 돈 벌어주는 행태를 어떻게 설득해야 하나? ||| 우원식 왜 당원들이 추미애를 원했는지 한번 보세요..국가와 국민을 생각한다면 어떤 의제든 늦추면 안됩니다..협치와 야합은 절대 안돼!!!!!!! ㅆㅂ ||| 빨리 빠를 수록 나라가 정상국가 될 거 같아요. ||| 제대로 알아야! 언론부터 안바꿈 개혁은 힘들다 ||| 오늘 법사위 청문회와 국짐 을 보고있자니 가관도 아니다 상식과 상식 개나 줘버린지 오래고 맨날 나만 살겠다고 물어뜯어대고 언제까지 저런것들에 우리 피같은 세금을 갖다바쳐야 하는지 참담하다 ||| 오늘 우리를 깨어있게 해주셔서 감사합니다! ||| 정청래 위원장님 입법 위원에 운영 사회 에서 세계 각국 국회가 배워야 합니다 모범이되는 대한민국이 자랑 스럽네요 감사 합니다 감사 합니다 ||| 군 골프장은 ( 야갼)을 운영안합니다 ||| 못하게 되는것 보단 잘 되면 좋겠습니다. ||| 진심 우리나라가... . 이 역경을 잘 이겨냈으면 좋겠습니다. ||| 안녕하세요 김어준 총수님 항상 건강하시고 힘내세요 응원합니다 . 파이팅 주말 잘 보내시고 월요일 날 만나요 끝까지 화이팅 ||| 진보는 국민으로 살고, 보수는 백성으로 산다. 한 나라의 주인은 국민이고, 백성은 나랏님 밑에 얹혀 사는 노예다. ||| 대한민국 외교정치 정말최악이네요 탄핵이답입니다 국민모두가 힘을모아야합니다 ||| 한동훈이 사과까지 했다는 것은 청탁 행위가 있었다는 그 증거!! ||| # 대통령기록물 고로 마신자도 대통령기록물! ||| 국민이 모지리를 뽑았다고 생각하지 않습니다 200만표를 찍 빼내서 멋대로 나눠준 지 범인 입니다 !! 더이상 주권이 훼손되면 안됩니다 !! 투표함을 옮기지 못하게 입법해야 합니다 !! ❤❤ ||| 그냥 모든 비정상을 당연시 하는 정부.. 그러나 악착같이 나라를 지탱해 주는 정부 ||| 한준호의원님 미래 의 길로 쭉~~ 승승장구하시길 ||| 민주당 당원 님들 훌륭하십니다 이재명대표님과 함께 나라를 위해 국민을위해 많은일 해 주실것믈 믿습니다 응원합니다❤ ||| 윤석렬은 정치 하자마자 대통령이 됐쟎여 그러니 나라꼴이 요모양 이다 ||| 김어준총수님..늘 건강 하고 응원해요 ||| 김병주의원의 꿈이야기가 내가 우리당원동지가 국민들이 꾸는 꿈과 같기에 가슴 뭉클하다 조금은 다른이들과 달라 너무 약하고 멋스럽지않지만 당신만의 진실됨이 전해지는것 같아 뭉클하다.. 서민의 삶도 어린시절 지내봤고 그 현실을 넘기위해 노력하고 피흘리고 달려오고 노력하고 진정 그대는 ..시대의 풍파를 몸으로 맞으며 당원들을 지켜주는 든든한 고목이되어라.. 나는 그 꿈 꿉니다 당신 믿음이 대통령이되는 꿈...내 꿈이 현실이되는 그날 까지 우리 잡은 손 놓지맙시다... 우리 꿈이 현실이 되는 순간까지..산자여 따르라 ||| ㅡ ㅡ라임 ㅡ옵티모스의 사라진돈의 마지막미로게임의 ㅡ문이될것같다 ||| 한준호 의원 의정활동 잘하고 계십니다 최고위원 가즈아 응원합니다 . ||| 이재명 이재명 이재명 이재명 이재명 이재명 ||| 김건희댓글부대는수사안하나요ㆍ김건희휘젓는나라이게나라여올해안에해결해주세요ㆍ ||| 정청래 법사위원장이 일을 너무 열심히 해서 지금 모든 공격을 홀로 받고 있습니다 새로 국회의원 되시는 분들이 그 역할을 나눠야 합니다 그 역할을 충실히 하실수 있는 분들에게 투표를 합시다 ||| 내년엔 나라걱정 안하고 내 일 집중할 수 있게 해주세요 ||| 김어준총수님 건강하세요 . 사랑합니다 ||| 세계 경제 이야기를 들으면서 국민이 분노 하는데 이재명 대표님이 들으면 속이 타는 느낌 일겁니다 ||| 진정한 군인정신 김병주의원님 이라 생각합니다 ||| 탄핵,,, , ||| 역사를 잊은 민족에게 는 없다 잊지말자 대한민국의 역사를!!!! ||| 고양이뉴스 원피디님의 노력이 헛되지 않 딱딱 퍼즐이 맞아떨어집니다 다들 용기 내주세요 ||| 영원하리~김 어준^ ~ ||| 빨리 빨리해야 나라를 구한다 ||| 맞아요. 우물쭈물하면 당 합니다. 반드시 꼭 기필코 . ||| # 응원합니다 ||| 윤석열은 이많은 죌 짓고 왜 살려고 멍청한 짓을 할까? 왕은 왕이로소이다! ||| 한준호의원님은 진실이보인다 한표 민형배 , 한표 ||| 보고있자니 답답하고 이해도 안되고 전 윤을 찍지도 않았으니 더 미치겠군요 한시도 꼴이 보기싫은데 ||| 언론개혁 , 한준호 ||| 한동훈을 제2의 노태우를 만들어 가는 보수의 수장 아닌가 하는 이언주의 의견에 동의하며 많이 염려하고 있습니다 절대 방심하면 안되는 윤 ㆍ한 한 이고 윤은 버리되 한을 앞세워 정권 유지하려는 보수들의 기획 으로 보기에 이언주에게 한표 드립니다 ||| 잘 보고 있습니다 ||| 사실 동후니는 원래 민주당원이었다. ||| 박주민 선수 응원합니다 ||| 아~~ 김병주 저 도 은근히 대단해 !!!! ||| 주춤주춤 뒤로 물러서면 국민 눈치 보지말고 세게 나아가야한다. 민주당 차기 집권하면 명심해야 합니다. ||| 김병주최고! 오늘 말씀은 한편의 시같다! 가슴에 새겨진 감동의시가 아름답고 강하다! ||| 역풍은없다 . ||| 한동훈 특검 김건희 특검 윤석열 특검 채해병특검 등등 3~5개를 같은기간에 상설특검을 하게된다면 결국 다같은 인물의 증거 그걸 확보하는 시나리오 가 됩니다. ||| 한동훈 다음에 오세훈이라니 대한민국의 누가 절망편이냐 ||| 언론개혁☞한준호 ||| 박주민은 지지 않는구나 멋진 정치인이다 ||| 상대를 죽이는 걸 서슴치않는 넘들과 정치를 하고 있다는 사실을 잊지마시길ᆢ ||| 진짜 진짜 누가되든이에요 ||| 국민 70프로가 원한다 민주당은 행동해라 목숨걸고 ||| 행복한 고민~ 최고의원 는 사람이 너무 많다. ||| 복덩이 한동훈 오늘도 나경원에 네~~네 . ||| 정청래 법사위원장님 혼자서 무지막지한 여당 막아 내느라고 너무 힘들어 서 잘하시라고 응원해 줘야 겠네요 ||| 우원식의장 지금 삐긋하면 진짜 죄인이 될 수 있다 무슨협상?~~ㅠㅠ 제발 정신 차리세요!! ||| 트럼프 이재명 동시 취임으로 … ||| 김어준총수님 항상 화이팅 ||| 김어준 형! 수고 많으셨습니다. 늘 나라를 위하시는 모습 존경을 표합니다! ||| 언제나 화이팅 ~~ ||| 윤석열 탄핵가자 탄핵이 아닌 정봉주 - 탄핵 기관사 임명 ❤ ||| 민주당 의원 힘내세요 ||| 한 기대를 하고 아나 ||| 법을 마음대로 해왔고 지금도하고있는 윤대통령과 한동훈 국힘 . ||| 법개정은 좀 쫌 어떻게좀 해봐요~ ||| 김어준 화이팅 ! ||| # 우리들의희망! ||| 윤석열 김건희 탄핵 가능한가요? 하루가 모자라 ||| # 설렘 ㅎ ||| 김어준 고맙습니다!!!! ! 화이팅입니다!!!!! ||| # 멋있어c ||| 외교문제를 겸손은힘들다 에서 이런얘기 해주세요~ 빨리 검찰정권 끌어내려 면 3년은 우리나라 완전 망해요!!! ||| 진짜 국민이죽어요... ||| 상설특검 일타강사 박주민 응원합니다 김어준 공장장 언제나 애써주심에 늘 감사요 ||| . ||| 진짜 박주민 의원 은 의원없어 열일하고 일잘하고 진짜 정치 쭈욱해주고 대통령까지 ㄱㄱ ||| 김어준 ||| 항상 고마워요 김어준 공장장님!!!❤❤❤❤❤❤❤ ||| 마지막 한표 그리고 박주민 의원님은 언제나 사랑입니다 ||| 어려운 시기시기마다 우리와 함께 해 온 다스뵈이다!! ! 감사합니다. 힘을내요, 화이팅♡ ||| 이재명의우산 김병주 . ||| 이천공이 무슨 나라의 상왕이냐! 당장 체포하고 수사하라!! ||| 총수님 아까 저 양산 삿읍니다 써보고 많이소개할게요 ||| 지금만큼..전세계적으로 존경할만한 훌륭한 지도자가 더 큰 문제다... ||| 정말 세상같네요. 민주당화이팅! ||| 응원합니다 ^^ 제발 바른 정치로 대한민국이 앞으로만 나갑시다 ||| 김병주의원 . ||| 김어준은 뭐 누가 뭐래도 ||| 이번 최고위원 투표 가장 어렵다 ㅠ 오랜만에 나온 고문이다 ||| 김병주 형 화이팅 ||| 두둥❤ ||| . ||| 한사람국민으로,부탁드리오니,제발정신차리고,윤석열을,탄핵합시다, ||| 채수근상병.... 외롭고 고통스럽게 떠나갔지만 이제 쉬어요 그대를 기리고 기억하는 많은 사람들이 있습니다 ||| 얌전하게 대기중 .",1,1
xupyh9X2csE,"""이런 정치인들은 다 날려야""...혼자서 국힘 다 제압하는 서영교","❤17년 동안 변함없는 팩트TV를 위한 후원회원이 되어주십시오. 정기후원 : ARS ☎ 1877-0411, 인터넷신청 https://goo.gl/1OjzfE ||| 2026년에는 제발 이런 무리들 안보고 싶어요! ||| 정말 미친 나경원 ||| 의정활동의 목적이 국회 의 ||| 조배숙, 이은재, 곽규택 얼굴이 비슷해... ㅋㅋ 이래서 는 관상이 중요하다. ||| 서영교의원님, 항상 응원합니다. 곽규택이 같은 애들하고 말섞지마세요 ||| 나빠루~특검 특검 언제하나? ||| # 서장군님❤ ||| 나경원은 의원 이다 저런것이 판사출신이라니 대한민국 교육체계도 바꿔야할듯 곽규택은 검사출신이란다 ||| 일단 목소리부터 승 쩌렁쩌렁 내란당 하면 마이크가 필요없습니다. ||| 문재인 내란당 해채하라 ||| 다음 엔 꼭 서영교의원님으로 되었으면 합니다!! 너무 든든하신분!! ❤❤ ||| 국짐. . ||| 서영교의원님응원합니다 ||| 남편이 법원장? 품격이라곤 다 줘버린듯 ||| 나경원은 입다물라 ! ||| 나경원 ! ||| 내란 일년이 지난 지금도 내란은 진행중이고 그 내란범은 국짐다 46인 권성동 권영세 나경원 김기현 윤한홍 오세훈 김진태 박형준 성일동 정진석 곽규택 송석준 신동욱 송언석 장동혁 조은희 주진우 곽규택 김영선 이철규 김문수등 내란범들을 법정 최고형으로 사회와 완전히 격리 시켜서 내란을 하루속히 끝내야 나라도 도 행복 할 수 있 ||| 국힘 은 언제하는거야 도대체 어휴 고구마 진짜 이젠 민주당도 짜증난다 ||| 아 진짜 국민 세금 없어지나 세금 아까워죽겠어 나 국힘만보면 세금내기싫어 ||| 나경원 시다바리 곽규택한테 조용해 이사람아 란 말은 너무 예의를 갖추셨어요 . ||| 곽규택이 저건 빠루 바라기냐 ? ||| 빠루상 ! ||| 나경원은 ? ||| 말도못해 기분 나빠루 ||| 곽규택은 국민들도 다 무시하니까 의원님 화이팅입니다 ||| 이게 답이다 ||| 꽉규택은 계속 반말할 듯 ||| 아 저물건좀 치워주면좋겠다",1,1
OoWMJB1_USw,"김병기 가 웃더니 “728조 지켜냈다!”...국힘 ‘전액삭감’ 와르르, 왜?","❤17년 동안 변함없는 팩트TV를 위해 힘 되어주십시오. 정기후원 가입 ARS ☎ 1877-0411, ARS https://goo.gl/1OjzfE ||| 내란전담재판부 빨리 ! ||| 이거 빨리 설치해라 ||| 이거는 ? ||| 우리 민주당 의원들 모두 는 내란이 종식 할 때 까지 최선을 다해 주시기 바랍니다. 화이팅 입니다. ||| 잘하셨네요 . ||| 병기 최고 제일 최고 ||| 민주당 화이팅입니다 ||| 오늘 수고많이 하셨네요 ||| 제발 딴짓 그만 해요! 국민들 다 지켜보고 있어요 ||| 지들 코가 석 자라고 민주당 걔네들이 뭐라하든 둘 다 거부권 행사한다고 어제까지만해도 내란당에서 생지랄하더니 왜 갑자기 태세를 바꿔 대체 또 뭘 뒷거래한거냐. 내란재판부 는 양보 절대로 안된다. ||| 국짐 현수막 이재명 예산 전액삭감 현수막 허위사실로 고발 ! ||| 굿 ||| 국힘이 그냥 . ||| 대체 뭘 줬으려나? ||| 김병기의원 . ||| 너무 많아서 오마이뉴스나 검증된곳만 보고 믿어야될듯요 김병기의원님 잘하셨습니다 ||| 그렇지 ! 김병기 잘 하고 있다. 응원한다. 또 한 사람인 나, 김병기를 향한 나. 이런 나를 실망시키지 않기를 바라면서 응원한다. ||| 뒷거래가 있다면 좀 있다가 드려나겠지 지켜보마 . ||| 의석수 과반이 넘는데 뭘 지켜 ? 그냥 하면되지. 과반 의석수 괜히 밀어 줬겠냐? 사사건건 협작질 하려고 수작 부리는데 언제간 들통 날거야. 이낙연이 . ||| 이상해~~~ 내란당이 저렇게 순순히 합의하는 것이... 내란당이 무언가를 크게 받지 않고서야... . 내일이 내란절인데 내란당은 아직도 건재하네... ||| 병기야 아들 숭실대 입학 비리나 해명해라 이미 청문회 다 나왔다며 사실이면 그자리에서 내려와라 ||| 여야합의? 이상한 거래 한거 아니것지..예를 들면 국회 해산안한다고 했다던가..등등 ||| 아 해깔리네...김병기 원내대표님 자꾸 의심가는 일들이 생겨요...가짜뉴스인지 진짜인지..정확히좀 해주세요..여하튼 수고하셨고 마무리 잘하셨습니다 ||| 김병기가 뭘 합의 했다하면 의심부터 드네 정체 들통나서 민주당 내 살아 남으려면 긴 세월이 필요 그만큼 당신 잘못아 커 ||| 김병기라면 충분히 알고 있지. 팩트티비는 김병기 차남건 보도 안하는거보니..기대가 없다. ||| # 최종병기~ 뒷거래는 없었고 ? ||| 웃지말고 해라 화 .",0,0
ziHmZSX0zo8,사상 최악의 # 윤한홍 #윤한홍 #배신자 #윤석열,"곳곳에 길이 너무만다. 참담하다. ||| 한놈 ! ||| . ||| 윤한홍 제명 하라 . ||| 여려분 ㅠ 국힘 당원 가입부탁드립니다ㅠ 그나마 보수당이 해체되게생겼습니다..매월 에 큰 영향력을 끼칠수있습니다. 무엇보다 이번에 계엄 사과한 사람들을 다시 자정하는데에 큰 도움이됩니다ㅠ한동훈 당게조사도 더 압력해야해고ㅠ여러분 영향력을 끼쳐주세요...저도 몰랐는데 이번에 국힘 사과하는 의원들보고 일단 국힘부터 지켜야겠단 생각이들었습니다ㅠㅠ(사과는 국힘 해체의 빌미가될수있음)당장 국힘이 미워도.. 내란핑계로 해체되면 1당체제나 다름없습니다ㅠ ||| 윤한홍을제명시켜라.반사다윤씨한테 ||| 국민의힘엔 어찌 배신자,반역자들이 송충이 고 끔틀거리냐? 반역자 다쳐내고 진정 나라 위하는의원끼리 뭉치자. ||| 배신자들은 즉각 제명해야 한다. ||| 자신 스스로 주뎅이와 배신의 자유를 선택하는데 무엇을 어떻게? 표로 할 수 밖에... 근데 사과에는 최소한 사퇴 정도의 가 따라야 하잖나? 권력맛에 배부른 자들의 위선잔치에 불과한 것. ||| 어떻게 이렇게까지변할수있나요 기가막힌입니다 ||| 사악한자 간에 는 쓸개에 붙었다 ||| 이참에 저런 거 솎아내야 한다 ||| 윤한홍 . ||| 한홍이가 맛이갔네 ㅎ 한참갔네 ㅎ . ㅎ ||| # 적극적으로 찍어내리자 ||| ❤계엄령 ? 뭔 피해가 있다는거지? ||| 철저한 다이어트 ||| 진짜 울화통 ! 윤석열대통령님은 영웅입니다!! ||| 윤한홍은 간신배노릇하다가 갑자기 용도폐기하면서 배신자에 앞장서네 정말 싫다 ||| 윤한홍, 모든 기회주의자를 처결하라 ||| 진짜 나쁜 쌔 ! ! ||| . ||| 윤한홍 이런놈이 당장 제명시키고 긴급체포 하라 ||| 야 윤한홍 탈당해라 ||| 존나 화난다 ||| . ||| 배신자 한동훈 . ||| 아 진짜 똥만들었나보다 윤한영이 누구한테 잘보이려고 그럴까~? ||| 아웃 아웃 ||| 정말 좋은기회다. 누가 누군지 확실히 밝혀졌으니 이것들만 모조리 정리하고 가면 된다. ||| 우리 대통령의 고난! 더 이상 은 안됩니다! 우리가 지켜냅시다!!! ||| 꼭 기억 하겠습니다. ||| 이번에 적폐 청산했야한다 윤대통령이 자신을 위해 개업했냐 ||| 내 심장이 있나 ||| 진짜 인간은 믿으면안돼. 배신하는거를 너무쉽게 본 한심한 인간 ||| 3권등 여기 고 저기붙었다 몸사리기 바쁜사람들은 그냥 뒤로 퇴진하시길 ||| 인간적인것은 왜 총선을이긴다음이아닐까요 ||| 생각은 다를수있다 지만 지금와서 뒤통수를 친다고 이런 소리 하니 계속 어지러운 나라 꼴 이다. 빨리 보내세요 ||| 진짜 나쁜놈이네 이놈은 꼭기억해야될놈 ||| 이재명정부 지지 않겠다는 거네요?ㅠㅠ ||| 윤한홍. 국회의원 미처돌아가는 국회의원 퇴출시켜야한다 ||| 어쩜 저럴까....윤통은 너무 외로웠겠다... ||| 우리 모두 이참에 우리가 절연합시다 ||| 윤한홍 어찌그런말을할까 ? ||| 이 사람아 ||| 그놈 을 독하게 배신하네 ||| 현재 국민의힘 인적구조상 배신의 지존 한동훈 단죄가 가까워질수록 저런 놈은 자꾸 나오게 되어 서 ||| 경상도출신 의원들 주축으로 윤석열대통령이를 버리라고 압박하고 있다,,,,윤석열 대 초기 윤핵관,,,찐핵관,,,하면서 온갖 혜택은 다 받고 끌 빨아 먹다가 이젠 더이상 먹을것이 없다고 내년 지선의 를 위해 장동혁이를 압박하고 있다,,,진짜 , ||| 정치인중에 이렇게 먼지하나 없는 처음 봅니다",1,1
J-pLqV59M7I,"지귀연 ""노상원 메모, 어떻게 해도 될까요?"" [티조Clip] #shorts",얼마나 많이 말하는 중에 웃음이 나오냐? ||| 가짜메모라고 판정해야 할지 아냐. ||| 메모가 위법이면 탄핵도 위법이 되는거 아냐> 위법메모증거로 인해 탄핵이 되었는데 이건 명확하게 해야 할 문제이다~~ ||| 심지어 이 메모가 인터넷에 올라온게 없다더만 홍장원이 헌재에서 쓴 이후로 생성된것으로 보인다고 하는데. ||| 그러게 지렁이 가 증거가되나 헌재는 인정했나봐 지렁이증거 조작으로 봐야지 맞지 ||| 아 그 지렁이가 ? ||| 지귀연판사 진짜 뒷통수 치지말고 제대로 판결해라. 누가봐도 윤석열 대통령님은 무죄다. ||| 홍장원이가 인터넷에서 다운받은거다라고 해서 밝혀진것과 같은 성격의 메모인가 ||| 진짜 미친 코메디 재판. ||| 메모가 어이없어서 자꾸 헛웃음이 나오시는군요. ||| 메모는 홍장원이 쓴 메모가 고 보좌관이 나와서 진술 해야 진정성립 여부 다툴수 있다 증인이 나타나면 필적 감정을 먼저 해서 당사자 여부확인 후 작성자가 맞으면 그때 증인 증언 들으면 된다 ||| . ||| 가짜 ! ||| 아.. 뭐하는 거지 ||| 아니 이건 메모라고 정의할 수 없는 예술품인데 ||| 판사는 법과 양심적으로 살아야 한다 ||| 제발.범죄자들에게는.타협이.없읍니다.절대.굴복하면안됩니다ㅡ.법은?국민들을위해.지켜주세요..일개.범죄자.한놈때문에.대한민국 . ||| 지귀연 판사님 지금 재판 잘못하면은 나라가 공산주의로 갑니다 제발 잘해주십시요 ||| 그리고 이미 노상원 자신이 작성했다고 했음. ||| # 대한민국 최후의보루입니다❤❤❤❤ ||| 지귀연 법을 지키 바른 판사님 화이팅 국가를 지켜주고 계십니다 감사합니다 많은 국민들이 함께 합니다 화이팅 !! ||| 지귀연 애국판사님 화이팅 !! 3권분립 자유민주주의 입법 사법 행정 모두 화이팅 !!! 막 싸워서 이겨주세요 지귀연판사님 파이팅 !! ||| 홍장원 증언 증거 다 해서 탄핵판결 다시해야함. ||| 지귀연 판사님 이나라를 살려 요 ||| 문상호 증인 . ||| 정말 열열 잘 하시는 지귀연 재판관님***❤ ||| 지귀연판사님은 웃음소리도 신스럽다 판사님 을 존경합니다,0,1
smZ4iQkqzOg,드디어 연결고리를 찾았다! (임은정의 설명이 필요하다.),"최욱씨 오늘 감탄했습니다. 이 부분을 놓치지 않고 지적했네요. 잠은 언제 자는지 궁금증까지 듭니다. ㅎㅎ ||| 조히대 지구연 이정제 는 즉시 체포해야지... ||| 누가 머래도 우리 욱이가 최고다. 욱아 진짜 고맙고 너 때문에 항상 열심히 산다❤❤❤ ||| 내란종결의 길은 멀고도 험하다. 모두 지치지 말고 , 잘 만 하자. 역사의 큰 갈림길이다. ||| 역시 신뢰받는 방송인 최욱님 예리했다~~~~ 매불쇼를 능가할 언론은 없다!!!최고 ||| 조희대 지귀연 반드시 처벌 하라 ||| 썩어빠진 사법부의 내부 통제 시스템.. 대부분의 조직에서는 일정금액 이상이면 형사처벌, 일정 금액 이하의 경우 는 내부적으로 징계 절차 진행하는데, 가장 깨끗해야 할 법원은 비리가 발생해도 시스템이 작동 . ||| 판사들의 특권 의식 때문에 자신들의 판결은 무조껀 성역 야 한다는 이상한 망상을 가지고 있기 때문에 법 왜곡죄를 반대 분명히 지귀연을 꼭 찝어서 이 정도의 법 왜곡은 반드시 처벌한다 라고 했는대도 법 왜곡죄을 반대한다는건 자신들도 필요하면 지귀연 처럼 법을 왜곡 하고 싶어하는 심리을 드러낸 행위 라고 봐야 합니다 ||| 매불쇼 만들어 준 모든 분들 너무 감사합니다❤ ||| 오늘 남미라 시차가 있는데 지금 12만 찍었구먼 좋아요가... . 오늘 너무 중요한진실을 밝혀줘서 진짜 좋았어요.두의원님들.감사하고 천재최욱앵커의 모든 열심이 국민들께 알림이 됐을겁니다.2 ||| 백해룡경정팀의 수사결과를 기대한다. 수사방해하지말고 영장이나 즉각즉각 하라 ||| 공수처 이런 식으로 하면은 없애버리고 새로운 기관을 만들어야.... 공수처장도 그대로 있고..... . 큰일이네 ||| 매불쇼 최고에요 항상 ! ||| 최욱씨 정말 검판사는 무법천지네요 기다리세요 국민이 그자리 끌어내려서 바로 쳐할것입니다 ||| 마약수사는 분명 이렇게 가야한다. ||| 내란에 대해 정리가 딱 됐네요. 알면 알수록 힘든 세상이고 , 실존한다는 생각 드네요. 마약수사도 제대로 들여다봐야 이 나라가 제대로 설 수 있을 것 같아요.매불쇼 오늘도 고마워요! ||| 얼마나 살떨리냐 내란에 살인미수 였던 인간들을 그냥 놔둔다고 정상이 아니지 검사 판사 정신 좀 차려 라 ||| 국가와 국민의 미래가 걸린 마약문제인데 그냥 지나갈 수 없습니다 반드시 같이 가야 합니다!!! ||| 조희대 지귀연은 ! !!꼭!!! 처벌해야만합니다~~!! ||| 사법부 판사 수사나 검찰 수사나... 아쉽다라는 표현으로는 부족합니다. 꼭 진실을 밝혀주세요 ||| 매불쑈가 왠만한 영화보다도 훨씬 재밌다!!!!! ||| 개헌연임 -> 내란의 냄새만 묻어도 검찰 파헤쳐 수사 처벌 ||| 추경호 20억 뇌물수수 의혹 , 별도 수사바람 ||| 마약사건은 결코 이렇게 어물적 넘어가면 안됩니다! 반드시 이 탑(우두머리)을 밝혀내야 합니다!! ||| 마약 을 끝까지 다뤄주세요! ||| 백해룡 경정님꺼는 이런식으로 갈줄알았다. 수사를 수사무마의회을 가지고 있는 검찰에게 맡기고 백효룡 경정님에게 무슨 수사팀 같지 않은 수사팀 이라고 말 검사다..믿지 못하겠다..너~~~무나도 정황이 말이 안되잖아!!마치 모든 수사 이건을 다 허황된것이라는 것처럼 취급해왔다..정권 바껴도 이따위로 하는구나...내란도 제대로 도 못하고 마약수사 무마는 이대로 사라지는구나...에라이.. ||| 조희대대법원장의 인사권을 박탈해야 됩니다.앞으로는 지방법원장이상부터는 국민들이 직접뽑아야 된다고 생각합니다. ||| 이나라 썩은지 오래된 사법에서 구린내가 이미 오래인지라 ||| 합수팀은 범인이다 합수팀해체하고 다시 합수부팀장으로 다시짜서수사하라 ||| 항상 감사드립니다. 전 49살 주부입니다. 평일에 7시 퇴근해서 출근 준비하며 남편과 밥먹으며 설거지하며 빨래 개면서 음악 틀어놓고 보고 있습니다. 저의 피로회복제입니다. 항상 무거운 주제를 쉽고 유쾌하게 풀어주시는 여러분 존경합니다.항상 응원하고 있습니다 ||| 최욱 작품 최고여요! ! 전광훈 연결고리를 밝혀내다니! ||| 마약은 다시 경찰 팀을 짜야될것 같아요.특검은 다시 암행어사처럼 해서 검사들 빼고 변호인이나 법률학자들 수사관으로 다시 인원교체하고 마약팀 백해룡 팀으로 다시짜고 ||| 내란공범 사형에 처해야함. 너무 대책없고 사회적 합의 없고, 심지어 나라 무너뜨리려는 악이다. 귀찮아서 대답안한다는 놈, 귀찮은데 왜 사냐! ||| 백해룡경정님 대한민국 미래을위해 꼭 필요한 분입니다 항상 용기내주셔서 정말정말 감사드립니다 힘내세요 응원합니다 . ||| 최욱님 없으면 깜깜이요 나라가 어떻게 가는지 몰라요 늘 건강하시길 기도합니다 ~ ||| 물론 무혐의는 아니잖아~~ ||| 아직도 그 심각성을 제대로 모르는건가? 마약은 국가의 존재 자체를 위협합니다. 백해룡 경정은 이 사건을 '내란에 버금가는 사건이다' 이렇게 표현을 합니다. 진실을 밝히기 위해 자신감을 잃지 고 끝까지 파헤쳐 주시기 바랍니다. 응원합니다. ||| 매불쇼 없었으면 . 을 어떻게 이겨냈을까. ㅜㅜ. ||| 본인이 먼저 충분히 공부하고 이해하여 그것을 쉬운 언어로 전달해주시는 최욱님 진심으로 감사합니다. 그 힘 여실히 느끼게 해주는 매블쇼 최고입니다 ❤ ||| 유일무이 원앤온리 최욱님 ! ||| 검찰 을 못 믿는다 특검이 필요하다 ||| 노상원 수첩의 선관위직원 너무 감동입니다. 그리고 전 꼭! ! 누르고 봅니다. ||| 너무 좋았다 ||| 육군사관학교 대구나 강원도 이전 추진했으면 한다 무학비에 서울 비싼땅에서 내란모의나 하고 공군.해군처럼 빨리 이전 하길 바란다 왜 그들에게만 특권을 주나 서울 한복판에 학교가 있기 때문이라 본다 ||| 특검으로 명명백백하게 밝혀야 한다. 검찰말은 이미 신뢰를 넘어 믿을수 없습니다. ||| 미약사건 을 파헤쳐서 진실을 밝혀내자 ||| 오늘 방송만 봐도 왜 재래식 언론이 죽고 마는 대세인지 알 수 있다. 깊이 없는 받아쓰기는 그저 말의 찌꺼기에 불과하고~ ~ 만큼의 수준 가져야 언론이라 할 수 있다 ||| 이건 100% 의혹무마 수사입니다. 힘없 지켜온 국민으로서는 도저히 납득이 안가고 이런 결과를 내는거 자체가 무마하기 위함으로 밖에 보여지지 않네요. 뒤에 정말 어마어마한 세력이 있기때문이 아닐까 하는 의심이 들고 , 체제가 무너질까 두려워 무마하려는거 밖에 보여지지 않네요. 끝까지 포기하면 안됩니다. 백해룡경정님 힘내세요!!!! ||| 수사 인력 더 주고 검찰 대 경찰 수사 구도로 만들고 결국 경찰의 수사력이 이렇게 무능하고 형편없다는 식으로 검찰 없어지면 너네 진짜 이렇게 무능한 경찰에 수사 맡길래? 이런 시나리오 짜고 있겠지.. ||| 임은정검사는 이와 관련 명명백백한 해명을 하지 않고, 백해룡경정의 말에 대한 해명만 하고 있다. 임은정검사가 혹시 이중플레이를 하고 ? ||| 차라리 네이밍을 지귀연방지법으로 바꾸면 어떨까? ||| 욱이 작품 오늘 하길 잘했네~ ~ 부승찬의원님이 없었자나~^^ 오늘 전문가 님 앞에서 작품 얘기했네요 ||| 마약사건은 증거인멸로 결론 나온다는 거는 말도 안된다....천벌받을 인간들이 너무나 많다!!!! ||| 오늘 진짜 최욱 대단하다 너무 대견하고 자랑스럽다......정말 오늘은 너무너무 대단 찔렀다.......~~~~~~ ||| 와우 내란의 뿌리가....대수장 부터 전광훈 그리고 조현천의 상록수계획 까지 내란의 뿌리 깊고 넓다. 끔찍합니다. 내란당 국짐당 부터 통일교, 신천지 정치검사, 정치판사들 까지 이번에 이잼 임기동안 썩은 환부를 싹 전부 도려 내야 합니다. 이번을 다시 생각 야 겠네요. ||| 말레이 애들이 한국어로 다 한 걸 계산에 둔거지. 범죄자들이 다 역이용 한거지 임은정이도 안되겠다. 일단 압수수색영장 청구하는 대로 내줘야한다. 그리고 수사관 보강도 해야한다. ||| 몸에 대량의 마약을 소지하고 공항을 통과했다는게 범죄 연루증거다 대검수사는 그들 범죄를 덮기위한 방편이다 김찬수는 승진해서 용산입성하고 백경정은 좌천되고 수사팀은 해체되고 경찰청은 그냥 묻어버리는 희대의 마약사건을 왜 속시원하게 밝히지 못하나? 백해롱 경정과 팀만으로는 감당할 수 없다 국정원이 강력하게 지원해서 검경 관세청 윤건희 샅샅히 털어봐야한다 정부여당은 국민에게 한줌의혹없는 수사결과를 보여줄 의무가 다 ||| 마약수사 이렇게 덮을라고? ! 안된다!!!! ||| 오늘도 역시 매불쇼 너무 소중하다 ||| 마약수사 특검으로 다시 한번 경찰위주로 특검 꾸려주세요 ||| 너무 좋았다 ||| 이걸 공항에 몸에 감고 들어왔다는것은 공항이 뻥 뚤린것이다 ||| 한국마약수사에 기록될 정도의 크나큰 성과를 낸 백해룡 경정님이.. 승진이나 다름 아니라.. 좌천된 이유는 도대체 어떻게 설명할 것입니까?? 사실을 말해 피해만 봤다면, 그 사실은 진실 될수가 없습니다!!! 백해룡경정님은 사실을 말하는 것입니다!!! 거짓을 말하는 자들은 이익을 본 자들입니다!!! (김찬수 외압 없다고 말하고는.. . 진급 그리고 알박기 인사로 또 다시 진급함) 끝까지 마약수사 및 인천세관 뚫린 것 제대로 진실을 밝혀 마약 범죄조직과 배후의 숨은 권력을 일망타진 해야 합니다!!! 마약 수사를 기어코 막으려는 세력들도... 국가의 존폐가 달려 있습니다!!! ||| 봉지욱 기자도 참 감ㅅㅏ합니다. ||| 진실이 뭘까? 백해룡경장님! 응원하겠습니다. . ||| 그많은 마약을 어떻게 가지고들어왔는지 . 합수단.임은정지검장 ||| 투표 가결에 지금도 눈물이 나네요.몇날 몇칠을 두고 국회를지켰던 작년~내란세력 청산을 어서 빨리 해결해 주시길 국민은 간절히 바랍니다. ||| 역시 세관 마약은 문제가 있네! 끝내는 못밝히는 건가요? 아님 안 밝히는 건가요! 제 심중이 궁금 하네요! ||| 하아.. 힘들다 . 언제쯤 제대로 수사가 이뤄질지.. ||| 내란범은 반드시 엄히 처벌하자! ||| 우리 우기우기 고사리 손까지 챙겨주는 우리 사니사니 너무 잘한당 ||| 내란의 주범들은 죄 없다 무조건 사형집행으로 해야지 두번 다시 계엄의 계 자도 못 꺼내지 ||| 세관직원이 오지 않았다면, 최소한 그때 마약반입수사를 이끈 백경정 팀을 해체시키고 좌천시킨 이유는 뭐임? ||| 매불쇼 오늘도 역시 최고 최욱 고생많으셨습니다 역시 최고 ||| 임은정 밑에 둘게 아닌 마약 전담 조사팀을 구성 해야 할 상황이군요. ||| 마약 사건에 무엇이 작동한거냐! 다시금 철저히 밝혀야 한다! 사실을 거짓으로 뒤덮어버린 건지, 우리 를 거짓의 세계에 넣고 자 말사는건지! ||| 최욱 . ||| 욱아 잘 했다 대한민국 국민이 훈장 준다고 하네 요 ~ 시상식 준비 하거라 ^^ 욱아 니가 최고다 ||| 조진웅에 대한 최욱의 입장이 맞다! 조진웅의 과거 를 들추는 방법에 위법이 있느냐가 너무 할 필요는 없다고 봄. ||| 마약수사는 뭔가 냄새가 많이 나 역시 검사는 믿을수없다 다시 수사해야한다 특검해라 ||| 마약은 지금도 유통되고 있는데 수사할 의지는 없는 검.경찰 . 진짜 ||| . ||| 와 진짜 최욱 최고다 ㅋㅋ ||| ❤추경호 나경원 을 잡아들여서 ❤구속수사 압수수색 무기징역으로 보내야 합니다 ❤❤❤ ||| 법왜곡죄가 익용되어 엉뚱한 피해자를 만들지 않고록 세밀한 지도 필요하다 ||| 지귀연 재판보고 돌아버리는줄 알았네 실실웃으면서 웃음이나?! 이거 소시오인지 내란변호사들한테 나중에 반론반박하세요가 아니라 나즁에 공격하세요 !! 공격이라는 단어를 쓰더라 미친 아우 주먹이 울더라 어효 임은정도 권력의맛에 취했나보네 지검장되다보니 깐 다들 굽실굽실할거 아니야 뭔설명이 필요해 나 임은정이야 이거 야 지금 다들 나사하나씩 풀려가지고 김남국도 재판 받는마당에 다들 취했어 권력에 내란은 잊은지 오래인거 같다 ||| 매불쇼 최고입니다 많이 많이 많이 자주언급해주세요 매불쇼 화이팅 ~♡ ||| 마약은 객관적 사실만 보더라도 내부공모가 없을수 밖에 누구는 비행기 한번 안타봤나? 사건을 백해룡의 망상으로 넘어기기에는 국민을 개돼지로보나 그정도 판단도 못할거라 생각하나.. 오늘도 제주바다에서 누가 나왔다하더라.. 얼마나 많으면 그 넓은 바다에 떠다니고 그걸 또 발견하나.. 국정원 동원해서 빨리 해결안하면 국민도 외면한다. 정신차리고 . ||| 백해룡 경정님 응원합니다!! ! 힘내세요!! 국민들은 믿습니다!!! 끝까지 제대로 수사해 주십시오!!! ||| 안그래도 일 빨리 빨리 안되서 시간 다되고 답답해서 미치겠는데 민주당 의원들 보면 느려터져서 더 속터짐 ||| 수사가 막혔는데.. 도대체 무슨 인천세관 관련자가 그 동안 수사로 고생을 했다는 등등 임은정은 사실과 틀린 말을 하고 울리는 것인가??? 그리고 수사에 관계된 일을 왜 개인 SNS 올리는 수사 책임자로서 적절한 태도인가??? 검찰과 임은정의 신뢰가 가지않는 말과 태도.. 특검 반드시 해야합니다!!! ||| 마약범들이 ? ? 칭칭감고 들어왔는데 . 조력자가 없었다고? 그많은 마약을? 임은정은 수사를 할줄 모르는것 같다. 백경정이 마약범들을 잡았는데 그것도 망상인가? ? ||| 마약사건 이거 다시 해야 합니다 그러니까 처음 시작할때 문제제기를 한거죠 절대 이거 그냥 넘어가면 안됩니다 수사팀 다시 꾸려야 해요 ||| 내란주범 김건희 김태효 아직도 김태효는 밖에서 활보를 하고 다니는 것이 분하다 최욱 수 애국심이 내란의 한고리를 풀었습니다 ! 사랑하지 않을 수 없습니다 그리고 마약수사 ! 임은정도 배제하고 전담팀 꾸려야 진실을 살필수 있 ||| AI판사 도입과 구속영장 전담AI 도입햏으면. 좋겠습니다 . ||| 채욱 ♡ 사니사니 너무 잘한다 오늘도 매불쇼 고마워요 ||| 유시민 박시동평론가가 말하던 혁명시점이란 말에 공감 가더라 대한민국 국민들은 내란에 대한 혁명을 한다는 그 마음가짐으로 결과를 지켜보는데 정치권은 평시처럼 행동하면 되냐? 민주당도 혁명을 완수 해야 한다는 마음가짐으로 내란을 대해라 ||| 무섭다.....그때 막 올라온 임검사 이것도 같은 한패네 계단 밟고 백경정이 높이 올라갈 거를 염두해 두렵냐 백경정님 말대로 영상전체를 공개해라!! ||| 최욱앵커님 최고 ! ||| 최욱님 감기? 건강하세요 뉴스볼곳은 여기외엔 다",1,1
GLxKSy59Gn4,"국회의원 출신 인요한, 잊지 못할 말","참 . 한결같이 헛소리 지겨워~~!! ||| 누굴 위한 당.사라져라. ||| 이중국적자 이사람도 미국에 간첩질 한거 아닌지 철저히 조사해야 함. 또한 탈북자 국회의원도 철저한 조사 필요하다. ||| ( 선행을 말아드신분 ||| 통일교 관련되서 지발이 저려서 런하는건 아닌지. . 책임질 일은 책임져야한다 ||| 선친의 의견 묵살해 버리는~ 에~~~~혀!!!!!!!!! 돈과 기득권의 카르텔 쯪쯪 ||| 아버지의 훌륭한 업적에 스스로 침 뱉은 분이지 , 극우라니.. ||| 서서히 . ||| # 빵으로 ||| . ||| 참 공감 안가는 사람중에 한사람 ||| . ||| 머리가 다 고장이네 ||| . ||| 뭐냐 ㅎㅎ 김건희가 한짓이 윤석렬보다 더 크다 ㅋ ||| 답 : 그만 두길 잘하셨음 ||| 이자를 찍어준 지역구 반성하고 다시는 이런자가 국회에 나가지 게 해야한다",1,1
BtmDYY8osmA,"김어준의 SBS 뉴스공장 2025년 12월 2일 화요일 [김용민, 김완, 오혁진, 김승원, 노영희, 신용한, 주진우, 박종찬, 주식아가방, 겸손공장]","쿠팡이 능동적으로 해결해 도 없다 TV, 신문광고라도 하여 해결 방법을 알려주어야지 사실숨기기나 무마에만 힘쓰는 기업은 더 이상 안된다 -노동자 과로사 일용노동자 퇴직금 미지급건 수사에 외압 행사 미국적의 회장,, 회사 공시도 미국에만,,,, , 판검사로 득실거리는 이런 악덕회사에 맞설 대체기업이 없는게 갑갑하다 ||| 사법부가 정신 못차릴 정도로 사법부 개선법을 발의해라. 공정하지 못한 조희대 대법원장의 힘을 다 빼내라. ||| 대통령께서 내란세력이든 그 상속인들까지 철저히따져야한다 하셨으니 제대로 처벌될듯요 ||| 박종찬 단장님 나오셔서 박 궤도님 발사중계때도 보고 들은 긴박한 내용들 들으니까 더 고생하신게 느껴지네요 항우연 화이팅 ||| 지방선거 역풍 일으킨 내란 동조세력 남김없이 형사처벌해야 된다. ||| 무장한 채 급박한 와중에도 눈이 상할까봐 목을 조준했다는 배려라고.... 와!!! 신박하다. 철저하게 조사해서 엄한 처벌을 해주세요 ||| 모든 법 조항에는 취지를 같이 달아 놓아야 문제 없다고 봅니다. ||| 내란과 내란 사면없는 대로 다스려야 합니다. 이런 법이 없으면 법으로 만들어 확정지어 주세요. 감히 이런 불법은 더욱 힘들게 해야 합니다. ||| 주식아가방 몰아보기로 한번 편집해주세요 ||| 검찰청 폐지도 78년만에 완성… 사법부 적폐청산은 훨씬 어렵고 다른 법안들 꼼꼼히 하다보니 늦어진거 알지만 국민들 입장에서는 그동안 많이 답답했어요 이재명 님 정청래 대표님 추미애 법사위원장이라 다행입니다 . 끝까지 응원 합니다 ||| 가끔 과학 관련 인터뷰할때 빛나요~~ 누구보다 젤 재밌어 ||| 계엄해제후 곧바로 조희대가 누구한테서 전화로 지시를 받았는지를 철저히 조사해봐야 한다~ㅜㅜ ||| 총구를 막아선게 군용물 탈취라.. 저런 시각으로 세상을 볼 수 있 놀랍구나. . 변호사들을 내란 가담자 입장으로 놓고 보면 맞는 말이다. 즉 저 는 내란 관련법으로 처벌해야 한다. ||| 꽉 꽉찬 방송 ||| 계속 을 하는 저 사악한 조희대를 지금즉시 붙잡아서 엄중하게 수사하고 처벌을 해야한다. ||| 끝짱을 위해 꼭❤ ||| 역사를 잊은 자에게는 이런 역사가 반복되는 형벌에 처한다. ||| 김용민의원님이 있어 얼마나 다행인지 몰라요 꼭 필요한 일 해내시는 의원님 감사합니다 ||| 김용민 의원님, 퐈이링~~!! 일 진짜 잘하셔 양복 , 입법 글래디에이터~~!! ||| 공장장 우주분야 인터뷰할때 너무빛난다 저걸 다 알고 도 넘 멋짐 ||| 알차다, 알차! 바쁜 출근시간 쪼개서 놓치는 부분 은 뒤로 돌려서 또 듣고 하는 게 너무 안 아까워. 내 삶의 생산성을 높여주는, 민주진영 천년고목, 겸공 ||| 주식아가방 의 아이템입니다. 잘보고 있어요. ||| 겸공 ! 최서영pd님❤ 화이팅! ||| 내란을 철저히 단죄하지 못한 페루는 수많은 국민들의 피해로 되돌아왔다. 우리는 잊지말자! 철저히 단죄하지 못한 과거 군사쿠데타가 지금의 제 3내란으로 되돌아온 것이다. 사법부는 철저히 수사하고 철저히 단죄하라! 내란전담 은 설치가 . ||| ""눈이 상할까 두려워 총구의 라이트를 목에 비췄다고 ..."" 법정에서 변호사가 대변 하는 ... 비정상적이고 비 이성적인 무리들이 과연 평범한 일인가??? 정말 이런 세상에 살고 있는 것이다. 정신 차려야 할 국민은... 아직 내란 중이다...언제 까지 지켜 봐야 하는 것인지.... ||| 이석기 내란세력 철저히 단죄합시다. 내란전담재판부설치 너무 늦은 감이 있습니다. ||| 박종찬 단장님 고생하셨습니다. 그 의 고뇌가 이렇게 절절하게 전해져, 일 는 손 잠시 멈추고 응원 댓글 씁니다. 정말 고생 많으셨습니다. ||| 세훈아...다녀와야 밥 먹으러... ||| 울 아들도 김포에서 군생활 했는데 북한에서 보낸 무인기 땜에 3개월인가 항시 비상대기 비상근무..김포였지만 전방까지 파견이라고 ? ? 전방가서 보초도 서고 힘들었다..입대하고 난뒤엔 채해병 순직사고까지 나서 엄마인 나로서는 울 아이 군복무 내내 불안했다..울 아들 제대하고 그러더라..전쟁날까 무서웠다고..그럼 말 다한거 아니냐? 윤건희 강점기때 복무한 청년들은 복무 내내 불안했단 얘기잖아 ||| 이 나라를 도둑 놈들이 다 되게 만드는 자칭 보수도 아닌 보수세력...참...기가막힌다... ||| 잘하고 계십니다 조금만 더힘내서 내란부역 세력에게 죗값을 을 선사해 주십시다 ||| 대장동가지고 지랄 서울시하는거봐라 저게 하루이틀일이겠냐고 지금까지 저런식으로 전국적으로 얼마나 많은놈들이 뒷돈처먹고 아주 떵떵거리면서 살고있겠냐 ||| 단장님 설명 참 잘 해주시네요!! 설명서를 보는 것 처럼 ||| 변호사는 내란가담자라도 처벌 못한다는것은 정의가 아닙니다 ||| 와 서빙교 대형 온누리교회에 12월 3일을 앞둔 이 시점에서 나경원을 인사 소개했다고 하네요. . 바쁜 기독교인으로써 정말 어떻게 마음을 다잡아야할지 힘드네요 ||| 한국항공 우주연구원 박종찬 단장님 . ||| 겸공 거의 안보다가 12.3부터 하루도 빼지 않고 보고 있습니다...윤석열이가 겸공 구독자 올려준 1등 공신 ||| 어준이 형님은 과학 문화 를 얘기할때 눈이 초롱초롱 미소가 한가득.ㅎ ||| 지금은 무엇보다도 내란척결이 첫번째야 . ||| # 법왜곡죄 빨리 갑시다 민주당 김용민의원 완전 응원합니다 ||| 어정쩡한 관용은 현재의 , 미래의 잠재적 범죄자들에게 새로운 용기와 또 다른 범죄를 용인하는 것이다. 국가와 국민을 해하려 했던 자들에게는 그 정도로 단죄해야 한다. 그래야 같은 범죄를 저지를 수 못 갖습니다... ||| 누리호 4차발사 연구하고 관여해서 성공시킨 모든 분들에게 감사와 존경을 표합니다. 아리랑 7호 발사 성공도 축하합니다. 그동안 다스뵈이다와 뉴스공장에서 항우연과 누리호 얘기해주신 김진한 단장님은 항공우주시스템공학회 회장님(임기 2025.1.1~12.31)이 서 연달아 발사 성공시킨 박종찬단장님 잘하셨어요^^ 김어준총수가 우주청에 대한 불편 부족사항 물었을때, 20년 항우연 박사답게 열심히 잘해주었다로 답해주셨는데요. 믿을 수 없을 정도로 놀라운, 상대방 얘기를 잘 들어주는, 요즘 외교천재 경제천재로 호평받는 이재명대통령은 원래 시민들 모든 문제 해결사로서 신속 행정집행의 대가시고요. 이재명대통령은 당사자가 '구체적으로' 요구해주길 원합니다.그래야 바로 구체적으로 행정지시를 신속하게 할 수 있기 때문입니다. 행정처리땜에 많이 힘들고 지치셨겠지만 요구하세요. 대통령님은 뉴스공장 매불쇼 모니터합니다. 댓글 sns 커뮤니티 찾아봅니다. 항우연 여러분들이 우주에 꽂혀서 평생 열정적으로 살듯 이재명대통령님은 사람들 행복하게 만들기에 꽂혀서 방법을 찾으려해왔고 젤 빠르고 효과적인건 제일 잘안다라고 생각하십니다. 망해가던 한국을 6개월만에 어메이징하게 만들고 있어요.항우연도 솔직하게 요구하시면 효능감으로 살맛나실겁니다 ||| 내란재판부 찬성!! 늦었지만 정말 단죄하고 함께 나아가야합니다 ||| 흥미진진한 뉴스공장 !!! 감사합니다 빠른 발전 기원드립니다 ||| 내가 이방송들으면서 공장장님 공학전공적 대응 아주 흥미롭네요 지수라니 ㅎ 오늘도 잘봤습니다 특히 민주당 대응에 국민 들이 지지를 할듯하고 나또한 이런 흐지부지 하지 않게 정부 꼭꼭 단죄 해주시고 제도 개선 힘써주세요 그리고 우주과학은 미래 먹거리라 다들 그러더군요 우주로 미래로 대한민국 화이팅 입니다 ||| 공장장님! 해박한 관심과 지식에 또놀랍니다. 단장님과의 인터뷰도 더욱 웅장해지면서 함께 애쓰시는 모든 대한국민들 멋지고 자랑스럽습니다. 감사합니다. ||| 아 정말 멋있다... ||| 수미상관, 우리 김용민의원! ||| 판사들 압수수색해서 내통하는지 ? ||| 내란뿌리 그 뿌리를 뽑아서 처벌하라 ||| 믿으수있는 방송 찾아보는방송 뉴스공장 ||| V0, V1. 이라는 기호가 생겨난 사이비 정부에서 바른 시민들은 몸부림칩니다. 대통령 실에서 발생됀 불법적 사건은 대통령의 탄핵 과 공범입니다. ||| 계엄세력도 끝장을 봐야 하지만 국힘당도 반드시 위헌정당으로 몰아 여죄를 물어야 한다. ||| 내란범들은절대 사면불가로 ! ||| 북한은 이미 알고있었던거지 도청으로 ||| 김용민 의원께서 지귀연이 한 판결(역사상 단 한 번만 나온 시간 적용한 , 그 판결)에 대해서는 소급 적용해서 처벌해야만 합니다. 소급 적용을 할 수 있는 방법이 있습니다. 1212쿠데타에 대한 역사 바로 세우기 특별법이 바로 그 선례입니다. 90년대 중반의 특별법으로 1212쿠데타를 처벌했다는 사실 잊어서는 안됩니다. 시간 소급 판결 처법 특별법으로 지귀연 처벌하면 됩니다. 이 사건을 처벌하지 않으면 역사상 단 한 번만 나온 이 판결에 대해 우리는 후손들에게 할 말이 없어집니다. 단죄를 해야지만 검사와 판사들이 시민들을 두려워하게 됩니다. ||| 누리호 발사 의 영광의 순간을 오늘 처음 봅니다. 겸손이 아니었다면 세상을 향한 눈 귀 다 닫고 을 텐데.. 함께 하는 아침을 마련해 주셔서 정말 겸손최고!! 우리 공장장님 최고!! ||| 용현이가 중과부적이란 말을 했지요. 정상 사고방식인 데 고 계엄 실패...그래놓고 계엄 아니다. 발뺌질 ㅎ 추하다. 그냥 전재산 몰수하고 사형집행 해주세요! ||| 항상 응원합니다 ~~~❤❤❤❤❤❤❤❤❤❤❤❤❤❤❤❤❤❤ ||| 그동안 특검 검사들은 다 빼고 때 안묻은 걸로 채워서 빨리빨리 해라 ||| 굿 굿. 어준 공장장 모두, 모두 , 상기하자 5.18ㅡ12.3 내란 군사반란 단죄, 청산해야 해요. ||| 대형교회의 큰 실망 ||| 겸공도 20~30대들이 많이 보는 인스타그램에도 했으면 좋겠네요. 매불쇼 인스타그램 이제 시작했다고 하는데 다 같이 시너지효과 냈으면 좋겠습니다. ||| 나랏돈을 몽땅 해쳐먹으려고 했던 내란동조자놈들이다. 절대로 한놈도 빠트리지 말고 아주 철저하게 수사하고 제발 엄중하게 엄한 철퇴를 내려줘야지~~~ ||| 지선의 압도적 승리를 하고 싶으면 특판을 비롯해 내란의 깔끔한 승리 최우선입니다 ||| TBS에서 퇴출당한 김어준과 KBS에서 퇴출당한 주진우와 최욱이 그때보다 더더 잘나가고 많은국민의 사랑 받으며 승승장구하는것이 자연의 섭리 사필귀정 아니겠습니까 오늘 주진우기자님의 깔끔한 헤어스타일은 최고입니다 ||| 최피디님 생기발랄하네요 . 놀려도 전혀 흔들리지 않고...ㅎㅎ. ||| . ||| 정청래대표님 요즘 좀 답답했는데 반드시 . ||| 겸공 김어준공장장 정말 감사해요 김용민의원 진심 응원합니다 ||| 100년이 걸리더라도 끝장을 본다 ||| 김용민의원님. 정말 . 멋지십니다. ||| 아니 사법부가 대놓고 우린 전두환 2중대 라고 보여줬는데 민주당 너무 물렁한거 아니냐고? 악 소리도 못나오게 해야 내란청산 똑바로 해야지 ||| 주기자님 용산역에 와서 사진을 찍자고 몬했내 ㅋ ㅋ 깜놀 ||| 조희대 체제에서 내란재판부 가 올케 될 수 있는건지 우려되네 ||| 김용민의원님.법조항에 (해야한다,한다)같은 반드시해야하는조항을 하지않았을때 , 법왜곡죄도 구체적으로 명문화해주세요 ||| 주식 아가방 너무 유익합니다. 별도 재생목록으로 수 있게 부탁드려요. 감사합니다. ||| 김용민의원님 ! ||| # 겸공 신뢰도 1위 응원합니다 ||| 김어준공장장만 오래전 부터 연구 진행과정부터 과학자들 고충을 다 인터뷰하며 지켜본 거 똑똑히 기억한다 과학자분들 자부심 가지시고 원하시는 거 (개인적인 일도)꼭 성취하시기 바란다 !!!!❤ ||| 진짜 일 잘하시는 김용민 님 응원합니다❤ ||| 주식아가방❤고맙습니다❤❤❤❤❤❤❤ ||| # 김용민의원!!!!!!!!!!!!! ||| 오세훈은 들여봐야 할게 많은 것 같습니다 김완 기자 무릎탁치는 취재내용 응원합니다 ||| 12월 2일, 화면 가득 빛나는 태양이 낮게 보이고.. . 4-5바퀴는 크게 또아리튼..가늘고 긴 노란빛 뱀이 머리를 치켜들고 있다가 태양을 향해 확 물려고 달려드는 모습을 화경으로 봄.... 아참 , '죄송하게됐다'란 메세지도 ㅠㅠㅠ 태양을 대통령이라 생각하면 안전에 문제가 있을듯....새벽 108배하며 무사를 기원하다 '괜찮다' 메세지 받음...경호안전 각별히 더 주의해주시면 좋을거같습니다 ||| 기득권과 공무원 범죄 성공은 판사가 마무리한다.. 썩은 판사 개혁 만 하면 나라는 망한다.. ||| 판사를 수사할때 왜 같은 판사에게 청구하나? 그게 궁금하네. ||| 그리고 재능 있는 학생들을 위해 견학 및 체험 프로그램 있으면 미래 차세대 우주 연구 개발자들을 발굴 할수 있을것 같아요. 너무 자랑스럽습니다^^ ||| 1차 특검 2차 특검 3차 특검 4차 특검 끝까지 갑시다 이길 때까지 갑시다 . ||| 그난리통에꿈쩍도아니하고참아낸 북한에이렇게고마워하고싶어질줄 예전에미처몰랐네요 정말로 아차 했으면전쟁으로이어저얼미나믾은 인명살상은물론국민생활나락으로 떨어지고동남아후진국수준이될뻔 정말로치가떨리는시간들이었음을 시간이지날수록깨닫게되고수많은 사랑 주신자연그리고죽은자의혼령들이 순간순간도왔음을실감하는시간들 영령들이여무지무지감사드립니다 ||| ❤ ||| 주식아가방 저도 막내피디님처럼 언제 주식상황을 체크하나 궁금했는데 아침 8시 미장,퇴근후 국장 알려주셔서 고마워요 ||| 이 노래가 왜이렇게 와 닿을깡 ||| 김승원 의원은 "" 국민들이 난리가 날겁니다."" 국민 국민 국민들 얘기 그만하시고 민주당 국회의원들이 난리가 나 보여주세요 실행하세요!! ||| 수고하셨습니다 오늘도 김어준 공장장님 2차 종합특검은 내란전담 재판부가 맡아서 하는걸로 ...법왜곡죄 는 엄벌 처해야 합니다 ||| 항상 건강해~^^❤ ||| 지귀연법 꼭 통과되서 앞으로 판사라도 멋대로 못하게 됬으면 좋겠습니다. 제가 지귀연법이라고 부르는 이유는 꼭 피해자에 이름으로 법을 부르던데... 저는 가해자 혹은 그 행위를 최초로 하여 논란이 된 자의 이름으로 법의 를 부르는게 설사 형사적인 처벌을 헌법적으로 할 수 없다하더라도 그런 사회에 악을 끼치는 사람에게 경종을 울리는 한가지 방법이라고 생각하기 때문에 지귀연법이라고 부릅니다. (그리고 이건 국민들이 피해자인데. . 부를 순 없잔아요? 위에서 말한대로 잘못된 것이기도하고...) 제 논리가 지귀연 판사의 입장에서 피해라고 생각할 순 있지만, 헌법적 한계와 국민들이 입은 피해를 생각하면, 당연한 인과응보라고 생각합니다. ||| 김용민의원님 정말 열일하십니다 고맙고 요 ||| 종합특검보 김경호 앵커 추천합니다. ||| 내란재판부 신설, 김용민 의원의 노력이 넘 고 감사합니다 민주당이 힌명으로 후보자를 좁히지 않으면 오세훈에게 서울시장 선거 이길수 없음. 경험있는 현 오 정원오 응원합니다. 서울시장 선거나가려고 최고의원 사퇴한 전현희, 경기지사 나가려고 사퇴한 김병주...진짜 실망임. 스피치 전달력 없는 전현희가지고는 절대 오세훈 못이김. 이미 다 오세훈에 표를 모으고 있는 상황에",1,1
sBvbPQaBNmU,[ 토크] '인사청탁 의혹' 김남국 사직｜찐윤에 버림받는 장동혁?｜정청래 '1인 1표제' 부결 논란 | MBC 251206 방송,"그러니까 국힘은 계엄 다시 윤 윤을 지지한다는 거네. ||| 국힘은 진짜 국민을 무시하네 ||| 기흥이는 맨날 따라다니던 넘 아닌가 ||| 지겹다. 간첩 논쟁. 누가 볼때 나라가 망하길 바라는 국힘이 간첩 집단이지 누굴 간첩으로 ? ||| 국힘 진짜 자기들은 절대선으로 아는거네 ||| 뉴스하이킥은 각성하라. 김기홍 저런 자식은 아예 패널로 데려오지 마라. 차라리 서정욱이나 고성국이를 데려와라. ||| 덕수 노래 다시 나왔네 ||| 김기흥이 , 김기흥이 이자도 아주 질이 안 좋고 살살 변명만 하고 국민 의 육부를 긁어내는 자입니다. 민주당이 지금 국힘당과 타협?을 해야 되겠냐? 뭘, 어떻게 이해를 하고 받아줘야 돼? 나라를 전복시키고 국민을 총칼로 위협하던 놈들인데 그런 놈들이랑 타협을 하고 말이 되는 소리를 해라. 이놈아 국민들 간 터지겠다. ||| 김기흥 진짜 흉내도 못 내겠다 ㅋㅋㅋㅋㅋㅋㅋ 무슨 대화든 돌아서 민주당 까네 ㅋㅋㅋ 기흥아 대단하다 . 흉내도 못 낸다 ||| 못듣겠다 . ||| 아 기흥아 아직도 정신나가서 돌아다니니 ||| 정치 현안에 대해서 패널들이 자기 논리에 안맞게 헛소리 하는 걸 날카롭게 파고들지를 못하고 그냥 듣고만 있네... 주중이랑 너무 비교된다. ||| 김기흥의 논리는 그 모든 소리 중 김남국에 대한 소리만 들리는 한 인간의 논리네. 기자했다는 인간이 김건희가 청탁한 국회의원의 자리와 명태균이 청탁한 수믾은 인사에 대해서는 안들리는 선택적 뉴스 컬랙터 스러운 논리네 ! ||| 김기홍 또 당똥혁 대변인 추경호와 장똥혁11월3일계험에대해서한마디말도못하는대표를 엄호해 . ||| 국민의힘이 우찌 저런말을 할수있는지 너무 궁금 ||| # 너그국짐은입이열개여도할말이없어야지 누가누구를비난해! ||| 이럴거면 걍 김치형의 거침없이 하이킥으로 제목 바꿔라",1,1
NlYM11BpyVA,"토허구역 해제 시장 동요 확산…""풍선효과 우려"" / 머니투데이방송 (뉴스)",아예 전체 다 풀고 그냥 몇년만 그냥 둬 결국 공급 늘어나고 수요 돌어가 ||| 거시적으로 부동산ㅣ 안정화방법 1. 증여세 상속세 폐지 2.양도세 종부세 폐지 및 다주택 규제해제 4. 집값총액으로 보유세 실시 5. 서울 1퍼 6. 경기 0.8퍼 7.지방 0.2퍼 8. 전세사기꾼 싱가폴식 태형실시 9. LTV 50퍼 시장금리보다 0.5~1%가산 10. 전세대출 폐지 11. 중국인 거래금지 집값만 올려두고 보유세로 패고 증여세 로 뜯어갈려는 심보라 국개들 절대ㅜ안바꿈 ..지들자녀는 미국시민권자만들어놓고 미국에서ㅜ증여함 ㅋㅋㅋ 누구보다 반일 반미하면서 누구보다ㅜ사랑함 ㅋㅋ ||| 결론적으로 집값 계속 오른다는것 국회인사청문회봐라 위장전입.차명계좌.다주택자관료인사 모두임 ||| 생각이라는걸 안하고 정책을 짜니 국민들만 손해 ||| 좌파 정권만 들어서면 이 난리를 치는데. 왜 자꾸 .,0,1
o19GqTLt8h4,"발언 듣던 지귀연 ""법관을 뭘로 보고""..김용현 씨 재판에서 무슨 일?","재판장 사회 잘보네 ㅋㅋ 가족오락관 같아.. 분이기 때문 ||| 뭐 꼭 재판이 이런 줄 전혀 몰랐다 이게 진짜 배우 신구씨가 나왔던 그 시트콤 같어...대단하다 .. ||| 재판관이 피고인변호사측에 도움 구합니다 라고 하네. ㅎㅎ 역겹다. ||| 내란죄 재판인데 이게 뭔하는건지.. 전혀 진지하지 않은 재판 태도에 화가 많이 난다. ||| 뭐냐 !!! 서로 반성하는 시간임?? 내란 재판이 아주 ? ||| 이게 내란재판이냐? 웃음이 오가고 재판관이 피의자한테 죄송합니다~라고 하는게 기가차고 코가막힐일이다!!! ||| 변호사. 판사. 똑같아 살다살다. 재판 첨본다. 미처다. 이런게 재판이라고 ||| 니가 판사가 말을 그리 구구절절하니 서 그러지. . 참 정말 세상이.. 기가 막히다. 참 화기애애하네 ||| 변호사 한테 지적 한 재판장이라니. ㅎ ||| 분위기 화기애애하네 변호사가 혼냈단다 교육을 시켰단다 이 조직 뭐지? ||| 재판이 너무 개판이네 ||| 이 장면이 많이 공유되길 ||| 아 볼수가없네 ||| 재판장이 . ||| 화기애애하네 저러는데 재판이 제대로 진행될 수가 는 희한한 장면이다 ||| 진짜 어이없네 진짜 ||| 무슨 가정 법원 가족사건 을 조정하는 것 같으네.... 도대체 무슨 재판을 하려는지 .... 한심하네,,,, ||| 이러니까 내란전담재판부가 왜 필요한겁니다 ||| 동네 마을회관에서 친목모임하는 거 ? ||| 귀찮아서 라는 말이 아무 생각없이 한다는 말이냐? 그건 꼭 해야지 하고 말하는 단어다 ||| 와...정말 저게 내란형사 재판 맞어??!!!장난해??? 일반형사재판도 이렇게 안한다!!!이재판이 얼마나 엄중한재판인데국민들 다보고 있는데 진짜 진짜 ||| 제가 지금 뭘보고있는거죠? 내란재판보러왔는데 여기가 요 ||| 이하상이랑 저 안경쟁이 아직도 말 안하냐????????????????????????????? 이나라 법이 있긴하냐?????????????????????????????????????? ||| 두변호사 왜 감치하나요..그리고 변호사 협회는 뭐하고 있나요.. ||| 법정에서 검찰측에 꼼수라니 참 은 변호사라니 .....ㅉ 감치도 부족하다. ||| .....볼때마다 눈물 ||| . ||| 지귀연 니가 뭐 하냐? 형사소송법 까지 어겨가며 내란수괴 탈옥시킨 판사놈이 웃기네.. ||| 이게 아니고 개판이구나. ||| 어느 변호사가 피고인을 교육시켜? ||| 저들은 나라의 역적들이고 역적질에 관한 재판이 무슨 경범죄 재판 수준이군요. 기가 막힐 따름 . ||| 아아알겠습니다… 무슨 레크레이션 ? ||| 오늘 재판 분위기가 아주 즐겁고 화기애애하네 ||| 진짜 아~~~~ 내란 재판입니다. 이게 뭔가? ~~~아...속이 답답해서 거짓말 같다 ||| 지귀연을 보니 앞으로 판사를 판사라 부르지 말고 검사 라고 칭해야 한다. 법기사 조희대, 법기사 천대엽, 법기사 지귀연 ||| 아 용서 아 한심하다 ||| 제대로 교육을 시켰구나. ||| 법관은 공안정권에 시녀 아니였나? ||| 재판이 무섭고 엄중하게 진행되는줄 알았는데 진짜 별거 아니란건 알 배운다...내란 이 참 잘~ 돌아간다 ㅋㅋㅋㅋㅋㅋㅋ ||| 시트콤이네.. . ||| 분위기 좋내?요.... 자유로운 토론 학습분위기? 말장난 난리.. . 중심을 못잡으니... 아사리 재판 천년만년가겠네..ㅎ ||| 법정이 참 화기애애한 곳이었군요~ ||| 아 절씨구~~!!! ||| 지귀연 왜 가벼워 저런 인간이 어덯게 판사 자리에 앉아있지 대한민국 법정도 썩을때로 썩었네 ||| 아~주 화기애애 하네 . ||| 대체 뭘로 보고...? 이 법정에서는 호구로 본다? ||| 제대로 교육시켰다네~4 ||| 악마들이네.여론이 안좋으니 세상 싹 변했네 ||| 사랑과 전쟁~ ~ ||| 재판관말끝나기도전에 잘라먹는클라스 그걸 보고 좋다고 함 ||| 어이들 ! ||| 이게 역적넘들을 재판하는 내란재판 맞냐 기가 차는구나 ||| 1)지귀연 재판장이 변호인에게 용서를 구합니다 대한민국 에서 이런일이 다 법과원칙이 말똥에 얼굴을 쳐박는 날이로구나 2)변호사가 재판장 한테 해야 할 노릇이다 재판장내려 놓고 사회자가 되는게, 대한민국 법치가 어쩌다가 이리됐을까 3)대한민국에서 법과윈칙을 늘 강조하던 판사들인데 그런데 재판장 망신이라는것도 모르는 재판장이다 으악 한숨만 나온다 ||| 내란재판이 장난이냐~?! 재판이 야 뭐 친목모임이구만~~ 지귀연 이 인간 정말 얼른 수사하고 재판에서 배제시켜야 합니다 ||| 엄중하고 무거운 분위기로 이루어져야할 내란 재판을 하는 법정을 떠난 판사의 행동이 과연 정상적인가?> ||| 그게 답이다. ||| 무슨 재판이 반상회냐~~~ 기가막히네~~~ ||| # 모임 ||| 이런 분위기 화기애애하네... ||| 친목회냐 ? 어이없는상황 ||| 그러니까 한마디 더 조심 해야지 ||| 다들 재정신들이 아니네요! 우리나라 사법부의 역사가 이정도라니! 한심하네요! ||| 진짜 참잘한다. 변호인 피고인 요청 하는거는 겁나게 잘들어줘 ||| 법관이 와 귀연이가 물로보이니까. ㅎㅎㅎ ||| 아이고~훈훈하다 이 사람 한심해... ||| 법정이 저렇게 화기애애 하네요 일반 법정도 저런가요? ||| 무슨 커피숍에 수다 떨러 오신가 같음 ||| 니가 그렇게 지금까지 . ||| 대한민국 사법부가 너무 맹탕이네.개콘에 나오면 대박나겠다. ||| 민낮이 다 드러나는 재판.... . 개싸움을 조장하고 즐기네.... 인류 수천년의 정점이 판사야? ||| 넘 친해보인다잉~? ||| 지귀연도 실실 쪼개지 말고 이진관 재판장님처럼 판결 똑바로 해라~~ ||| 참~ 기가막힌다 . 가족오락관이냐? ||| 재판이 학교 앞 난장판! ||| 무슨 재판 분위기가 이 모양? 우리 학생들 모의 재판도 이 보다 낫겠다.. 장난쳐? 장난치냐고.. ||| # 핑계대지마라 않통한다!! ||| 불법비상계엄 내란재판 하는데 뭔 학예회하냐 진짜 훈훈하네 ... ||| 변호사들 말은 다~~~ ~ ||| 이게 재판장치냐 ? 장난하는곳도아니고 ||| 지귀연, 제정신 안차릴꺼야 ! 스스로 품위를 무너뜨리니까, 엄중한 재판이 개판이 되잖아 ! ||| 진짜 노닥거림이네. 귤까먹어가며해라. ||| 레크리에이션 잘 봅니닷! ||| 화기애애하네. 대한민국 참 좋은 나라네. 내란재판까지도 예능 프로그램 같은 게 참 좋네. 이지귀연아 ||| 볼수록 신성한 법정에서 법을 지킨 법관의 모습이라기 보단 이권에 극대화된 자본주의적 미래 지향성 성향이 강해 보인다 ||| 민사 재판도 좀 더 엄하게 진행되는데 …… ||| 귀연아 이 사람 때문에 판사 전체가 욕먹는거야?? ||| ㅎㅎ 변호사들이 재판장을 개호구로보고 . ㅎㅎ ||| 재판 개판 다 운영하네",1,1
82iElNY-irE,이재명 등장하는 거 뭐길래?,"세계 최고의 언론사 ||| 이재명이통일교해산시킨다고협박하는이유를알것같구나 이재명당장끌어내러야한다 ||| 불의가 법이 될때 국민 저항은 계속 된다 ||| 차라리 이재명 재판 재개하는게,김현지 정진상 김남준 김용 이석기 꺼지는게 답이다... ||| 윤영호는 싹 다 내 답이다... ||| 온갓 못된짓은 다했네요 역사적인 교훈 와~참 인간이 아니고 괴물입니다 ||| 지 와 지가 맞는 격이지... ||| 내로남불의 끝판왕 찢 야 나라가 바로선다 ||| 여당 봐주는 자는 철퇴를 맞아야 합니다 ||| 양파처럼 까도 까도 나오는 범죄자 , 사기꾼을 긴급 체포하라 ||| 이재명을 파면 이재명을 수사하라 ||| . ||| 민중기 고발 사건 특검하라 ||| 빨리 잡아넣어야 ||| 인과응보!!! ! ||| 민중기특검을해체해야민중기를구속해야한다. ||| 알지 못한 것 알려 줘서 감사합니다 ||| 이재명은 까도까도 능력 없구나. 능력없으면 내려와 재판받고 따뜻한 빵에 가길... ||| 헉 감사합니다 화이팅 입니다 ||| 원하는데로 안되니 종교탄압 하는가? # 남을인간 ||| 내란우두머리 이재명과 통일교 원 자금수수한 각료.정치인 모두 감옥가라 ||| 이재명이자를 탄핵시켜서 재판 시작하라.그리고 좌파 더블어 민주당이당을 ! ||| 진실은 곧 드러나는거!!!! ||| 3대특검 부력자들 전원 석방 ||| 이재명이 통일교 수 '이청우'에 임명장 줬다... ||| 특검팀이 사기꾼 의 앞잡이지(특검팀 엄벌해야!!!) ||| 이재명 을 끌어내려라. 당장 깜빵에 보내라. ||| 민앵커님!! ! 응윈하고 강력히 지지함니다 ||| 이재명. 그냥. . ||| 베네수엘라급 ||| 내려와...내려와라. . 감옥으로.... ||| 민주당 통일교 커넥션 민중기 이자 이죄명 커넥션을 덮은 민중기 이자 처벌 구속되어야한다. ||| 정확한 팩트로 전하니 귀에쏙들어옵니다 . 통일교 게이트로 확대시켜야 된다고봅니다 ||| 이재명나쁜놈 # 국민이여깨어일어납시다 ||| 국민들이여 국민저항권을 행사 해야 됩니다 ||| 임종성 전 에 이청우를 소개해줬다고 한다... ||| 깔끔한 영상 구독했습니다.. ||| 통일교로 부터 불법 정치자금 을 당선취소시켜야 되는 것 아닌가? ||| # 민주당 ||| . ||| 당장 직무정지시키세요. ||| . ||| 응원합니다,, , ||| . ||| . ||| 응원 너무 힘네셰요 ||| 이명박 구속해야합니다 ||| . ||| 트위터 당장 해체하라 ||| 특검도 다 이재명 끄나풀지요 다 짜고치늕고스돕이라고나 할까 도 다 갖고 놀았지요 ||| 스스로 자멸게이트를 열었네... 일본총리가 결국 골로간걸보면 통일교가 무섭긴 무섭네 ㄷㄷㄷ ||| 민중기를 특별수사하라!! 통일교가 살기 위해서는 이를 만천하에 공개 하라! 이재명의 생명은 얼마 지 않았다!! 이재명이 이를 사기 위해 종교 재산 운운 하는것!!! 통일교는 정면 승부에 들어가야 한다 ||| 뒤집어 쓴 건 달인이야.이재명과 민주당 특기지. ||| 통일교게이트 ! ||| 얼라 때부터 동네 어른들이 한 말씀이 있다. ||| . ||| 까도 까도 양파같은 이재명의 민낯이 만천하에 들통 나고 있네요 ㅠㅠ ||| 이재명은 돈 아무리 많이 나와도 뻔뻔하게 나는 아니다라고 할겁니다 ||| 하지만 이젠 놀랍지도않다 겉,속다른 내로남불 사악한인간들 정신차려라 국민들은 속고있다 ||| 다불어라 ! ||| 펙트 정보 늘 너무 감사합니다 ||| 이제는 명 아 그만 가자 재명아! ||| 제 이름 밝혀야죠 ||| 민중기 특검 왜 국민 인 줄을 모르나봐요 누구는 뭉개고 누구는 실형을 살고 그게 무슨특검 하는 법조인이야 양아치 들이 하는짓이지 그들은 국민 무서운쥴 알아야 한다 ||| 골아프다 . ||| . ||| 더불당도 구속수사하라 권성동만 구속수사하냐 김경수 구속수사하라 ||| 민주당구속수사해라특검국민힘만조사하나요참걱정이다 ||| 일어나라 ||| 이런 내용이 알려줘도 아무런 대치를 못하는 현실! 정말 무서운 개인 국가가 되었어요! ||| 대한민국 대통령 입니다. 감사합니다 ||| 이긍 이 지겨워요~매일말만하면 뭘해요!! ||| 정진상 빠지면 끝 ||| 통일교야 이판사판이다. 다 . ||| ❤공감합니다 ❤감사드립니다 ❤응원합니다 . ||| 이재명이 통일교와 과거에 교류가있었다면 그 내용이 바로 통일교 해체 운 운 하는거 아니가 의심이 가네요 ? ||| 사이비 국정 농단 ||| 통일교 ! ||| 참나,,그들은 정의로운 의 팬인거 몰랐남,,,,기가 맥이내 이제야,,고것을,? ||| 그리고 자유 대한민국 체제 수호를 위해서는 진실이 거짓을 누르고 반드시 승리하게 해 주십시요. ||| 이재명은 안이다 당장 물러나라 ||| 이재명 재판 을 구속 해야 나라가 정상으로 된다 ||| 숯이 검정 나무란다는 게 생각나요. ||| 사기범 의 뻔뻔한 거짓말을 자연스럽게 ᆢ양아치짓 그만하고 내려와라 ||| 언능 ! ||| . ||| 하는 짓마다 자충수라면 두뇌가 잘못된 게 아닐까 ||| 이번엔 탄핵 ? ||| 좋은 뉴스 ! ||| 지나가는 소가웃는게 진짜 개가웃겠습니다 ||| 시간이 갈수록 윤석열대통령님은 너무나 청렴결백하셨네 우리나라가 왜이렇게 혼탁할까 금뺏지만 달아주면 또 저지르고있네 ||| 나라가 미쳐 돌아갑니다 군 경찰 공무원 검.사법부 민주당 국힘기득권자. . 정상인게 안보이네요 집단 마약먹은것 도 모자라 저렇게 중심을 못잡고 뭐가 옳고 그런가도 분간도못하는자들이 너무많네요 ||| 범죄자 이재명은 즉각 구속 내려와 중지된 재판 받고 감옥에 스스로 들어 가길 바란다 국민들의 명령이다 국민 앞에서는 만인이 평등하고 본인이 본인 입으로 대통령도 재직중 에 있다면 재판을 받아야 한다고 본인 입으로 떠벌였다 일구이언 하지는 않겠지? ||| 에휴~~인간들아 어찌 사는 모습이 ㅈ같이 냐 모든 특검 빨리 중단하고 해체하라 ||| 두 진상이 한방에 보낼수있는거 통일교와 얶는거 ||| 국짐당 의원들 뭐하고 있나 니들은 내부총질만 한 줄 알지 ||| 방탄 특검은 처음이지요? ? ||| 이게 특검 의 민낯이네요. 반드시 특검으로 현특검을 조사해야 합니다. 도대체 얼마나 인지 정말 기가찹니다. ||| 겁도없지 종교 는. . 면 안돼 ||| 윤영호님 잘하셨습니다 힘내시고 다 함께 하세요",0,1
YHoq8E0nvw4,■ '국민 눈높이'다,"참으로 지당한 말씀입니다. ||| 맞습니다. 모든 팩트 확인 후, 비상계엄은 내란이 아닙니다. ||| 최고시네요 지금 전시 중 맞습니다 . 자유대한민국을 지켜야합니다 ||| 나라를 위해 이렇게 해줘 너무 너무 감사합니다 간첩척결하고 자유대한민국 같이 만들어요 대한민국 애국시민 화이팅!!! ||| 배신자의 민낮이 다 그 전모가 드러날겁니다ᆢ감사합니다ᆢ❤❤❤❤ ||| - C~ 김성원 대표님 수고많으십니다. ||| 믓찌다 우파에 이런분이 계셔 힘이 납니다.감사합니다.❤ ||| ❤ 이번에 뽑힌 국회의원 중 세비가 아까울 정도로 당 당론을 따르지 않는 사람들은 퇴출시켜야 합니다 ||| 박충권 의원님 정말 최고 이십니다 정말 옳은 생각 너무 너무 감사합니다 ||| 와 ~~~ 역대 최고의 논평입니다 당원 63프로가 국민 눈높이 맞아요 ||| 다걸었다는 말에 진정성이 느껴진다 ||| 오늘 말씀 입니다 ||| 대통령으로서 비상계엄 정당한겁니다 탄핵 합니다 ||| 국민의힘,힘내셔요, 박충권의원님 응원합니다, 우리 똘똘 뭉쳐야합니다,목소리 높여주세요~~ ||| 맞아요 맞습니다 당연히 내란 도 이렇게 용기있는 방송 힘이나내요 ||| 완전 추천~~< ||| 국힘이 정신차려야지요 젊은 국힘 의원의 각성 필요합니다 ||| 우리 자유민주주의의 체제를 지키기를 원한다!! ||| 정말 정말 멋진 말씀~ 감사합니다~~! ||| 윤석열대통령 국민들이 모두 힘내세요 영상 감사합니다 ||| 제발제발 정신차리세요. . ||| . ||| 감사합니다 존경하고 사랑합니다 그대는 영웅이십니다 . ||| 당신 그 분이 국힘에 필요합니다.. ||| 이번에 진정한 국민 힘이 되는 의원이라는것을 보여주십시오!!! 국민을 위해 싸우십시오!! ||| ❤❤참보수 신 김성원 박사님 감사드립니다 축복합니다 윤석열대통령의 결의에 찬 계엄과 대국민 담화문 적극 지지하고 응원!!!!한동훈은 배신의 아이콘 이미 건너다 . 사랑 ❤️ ❤️ ||| # 모두없애야 ||| 박충권 의원님김성원대표님진정한 분 존경합니다 ❤️ ||| 와~! ! 시원하네요! 그라운드 씨님! 화이팅!! ||| 박충권의원님 파이팅❤ # 각성하라 ||| 국힘 ! ||| 국민의 힘 정신 단디 챙기라!!! ! 진짜 국민의 눈높이다 ||| 우리국민은 윤석열대통령을 끝까지 지지한다. 국힘은 국민 목소리에 청종하고 탄핵에 반대하라 ||| 진정한 애국자이십니다 대표님같은분들이 계셔서 이나라의 소중함을 더욱더 깨닫고있습니다 벼랑끝에 몰려 있군요 잠 밤잠 설칩니다 감사합니다 ||| 멋집니다! 박충권의원 참 똑똑하시더라구요 힘내세요!국민이 응원합니다.홧팅!!! ||| 정말 너무 답답합니다. ||| 대통령님 끝까지 우리 나라를 지켜주셔야합니다 부정선거 밝혀주세요꼭 ||| 맞습니다 그라운드님 최곱니다 국힘당 보신주의자들 정신차려라 그리고 윤대통령님 몸 안싸우면 대한민국 떠나라 쫄보들 목숨걸고 지키자 자유민주주의 대한민국 위하여 ||| 대통령 탄핵하는 이런 미친짓을 또할건가??? 국힘쁘락치제거해야함!!! ||| 탄핵반대하는 촛불 민심이다❤ ||| 분명하고 명쾌한 말씀에 힘이 납니다. . ||| 그라운드님 도 방송잘듣고 공부하고있습니다 고맙습니다 ||| 대한민국 만세 만세 사랑합니다 힘내십시요 ❤❤ ||| 윤석열대통령은 난세의영웅 애국민이 끝까지 함께 한다고 굳게 맹세합니다.❤❤❤ ||| 맞습니다 국민의힘 이 시민들 에게 힘이되세요 이죄명 구속하라 윤석렬대통령 탄핵무효 ||| 옳은 말씀 동감하며 지지합니다 탄핵 절대 반대합니다 이게 국민 민심 입니다 ||| 국힘 의원들 제대로 하세요 원대통령님을 위해서 라도 하세요 국민들은 죽어도 끝까지 함께 합니다 ||| 그라운드씨님 발언에 힘이 있고 옳은말씀에 응원드려요. 국힘의원들도 이분처럼 강력한 대응 해야합니다. ||| 옳습니다 응원합니다 . ||| 윤대통령님 굳건하십시요한동훈과 일당들 을 퇴출시켜라 국힘은 대통령님 중심으로 똘똘뭉쳐 싸워주세요 제발 이재명과싸워라 ||| 어떤 게 정의인지 똑똑한 대다수의 국민들은 압니다. 오랜 시간이 걸리지만 꼭 드러납니다. 윤석열 님 건강 잘 챙기세요........... ||| 맞습니다 끝까지 계속 응원합니다 ||| 대표님 정말존경하고 믿고 갑니다 ||| 정말 옳으신 말씀입니다 뒤로 물러가면 죽움입니다 이재명 구속이 답입니다 하루빨리 구속하세요 그리고 부정선거 낱낱이 밝혀주세요 간절히 기도하겠습니다 ||| 탄핵 반대도 민심이다 윤대통령계엄은 절대 아니다 ||| # 응원합니다 ||| 속 시원한 말씀입니다 좌빨들한테 꼼작딸삭 못하는 국힘이 한심합니다 ||| 이채널은 애국자 분이시다. . 지지율이. 70%까지 국민 모두가. 힘을모아 윤대통령을 다시. 복귀 시켜야. . ||| 민주당 의원들 정신차려라. 우파 국민들 죽기살기로 싸우고 있고 선동, 여론 , 댓글들과 맞서서 정신없이 싸우고있다. 금뱃지는 그냥 달고있는게 아니다. 국가의 기관으로써 나라를 위한 선택을 해라. ||| 한동훈 사퇴시키고 , 목숨걸고 제발좀 싸워라! ||| 대통령님 ! ||| 맞습니다❤윤대통령님 ! ||| 맞습니다. 50대 인 저도 목숨걸고 싸울 각오가 되있거든요. 국힘의원 한심합니다. ||| 지금 탄핵 찬성하는 인간들... 도망쳐 간곳에 길이 없단걸 알아야한다. ||| 나라. . 우리나라가있읍니다. 대통령님 힘내세요 나라가없으면 우리도 없읍니다 ||| 늘 감사드립니다. 우리 보수도 국정원 대공수사처 부활과 더욱 강화된 국가보안법 지켜야 합니다. ||| 감사합니다 국민을-일깨워 주시는 말씀 국민들 정신차리고 현실을 파악하여 정부 께 힘껏응원드립시다 ||| 응원합니다 감사합니다. 주진우 박충권 박정훈 윤상현 의원님들 은 싸워야 합니다 자유주의 지켜야 합니다. ||| 제발 힘있게 싸워주세요! ||| 국민의힘 의원 정신들 차려라 국민들이 국민의힘 의원들 답답하다고요 정신들 차려라 차리라고 대표님 너무 속 시원하게 해 주셔서 감사드립니다 국민의힘 의원님들 정신차려라 ||| 이런 책임이 싫었으면 정치하지 마 김재썹의원님 ||| 토요일날 광화문집회에 많이많이 나와주세요. 좌우를 떠나, 자유민주주의와 공산주의의 싸움입니다. 저들은 계속해서 거짓말로 선동합니다. 를 위해 그리고 현재의 우리를 위해서 또 다른 우리를 위해 싸워야합니다. ||| 문재인 지지합니다 ||| 최고의 채널입니다 국힘당 정말 무기력해요 말씀 하나하나가 가슴을 울립니다 ||| 제발 똘똘뭉쳐서 대통령님을 자유대한민국을 지켜주십시요 ㅡㅡㅡㅡㅡ ||| 탄핵탄핵탄핵 모조리 탄핵시키며 국정운영을 마비시키고 부정투표를 아예 못하게 하니 부정선거를 밝히려고 계엄을 한것인데 계속해서 부정선거를 하도록 방치하는게 대통령 임무일까요? 민주주의 수호하는 유일한 방법으로 계엄을 한거고 대통령의 통치행위고 내란은 절대 아니죠. ||| 옳습니다. 시원합니다. 나같은 경우 우리 정국이 불안할만큼 민주 탄핵당의 횡포로 느껴졌으니까요 ||| 국힘의 여야 다 한통속입니다. 여야가 없습니다. 똑같은 인간들이고 부정으로 된 것이에요 ||| 국민의 힘 으로 뭉쳐라. 우리 민족을 위해 충성봉사하라. 아직도 계파싸움이냐? 조선시대도 아니고. 좌파 인 거 봐라. 하다못해 광화문에라도 뛰어가라 국민들이 대신 외쳐주니까 그곳에 있기만해도 애국심 저절로 생기겠다 ||| # 옳은말씀 입니다 ||| 제발 당당하게 처리하세요 대통령님 힘을 주세요 ||| 국힘의원들! 살고자 하면 죽고 자 하면 삽니다! 지금은 윤통을 위해 다 걸어야합니다! ||| 탄핵반대도 민심이다!! ! ||| 이체널 님 넘 감사합니다.진정한 애국자입니다.예나지금이나 국민이 나라를 지키는거는 변함이 없네요 ||| 맞는 말이죠~! 박충권의원 화 이 팅! 김재섭의원의 국회 앞 난동은 국힘 지지자들이 아닐거예요 ||| 국힘 뭉쳐야 합니다 제발 정신차리세요 전과4범 이죄명 꼭 구속시켜야 됩니다 ||| 우리 부부도 몇날을 제대로 잠을 못이룹니다. 국민의힘 의원들께서는 대통령을 뽑아 주세요.. 탄핵이 남발되면 나라가 아닙니다 ||| 정확히 한 말씀.. 국힘은 사과하는 현수막부터 제거 하기를... 정당한네 사과는 왜 하나? ||| 옳습니다.. 국힘당국회의원들 그리고 국민들이 함께 합니다. ||| . ||| 윤석열대통령 화이팅 ❤❤❤❤ # 싸웁시다 ||| 그라운드 님 진심으로 존경합니다 윤석열대통령님 지켜주십시오. ||| 국힘 스스로 가 기는것은 도를 넘었다. 그래서 무슨 싸움을 해 보겠다고... 참 한심해요 ||| 아이고 말씀 속시원히 잘 하십니다 .... 국회로 가셔요 요즘 국회 너무 짜증나요~~^ 박충근의원과 나라 살려주세요 ||| 대한민국 20~30대 꼭 아셔야합니다. 윤석열대통령님께서 탄핵 할수밖에 없는 이유를요.윤석열대통령님 진심으로 이 나라 살리는 대통령이십니다. 선관위 부정부터 밝혀 내시고 이죄명 구속하는데 우리 온국민 화합합시다.왜?대통령님이 계엄을 했었야만 했는지 부정선거꼭!밝혀내야 합니다❤윤석열대통령을 꼭 지킵시다 ||| 국힘 의원들은 정신 차리고 윤통 탄핵 꼭 합시다 !! ! 우리 국민이 지지하고 또 응원하고 함께 합니다 ~~❤❤ 윤통 퐈이팅 !!! ||| 이걸 밝히는게답이다 이것을 의제로 올리고 조사하자 ||| 여러분 제발 기죽지말고 좀 당당해지세요. 윤대통령님 잘못한거 없습니다. 다 국익을 위한겁니다. ||| 문재인 윤대통령 지지합니다 좌파 우파문제가아니라 자유민주주의 체제에사느냐 공산주의에 사느냐에 절대절명의 위기의순간입니다 국민들이여 지배당하지 않으려면 공부해야 한다 ||| 민주당의 극한폭주에 맞서야합니다~~너무 심각한상황 윤석열 대통령중심으로 !",1,0
Rbqhd5XCgVw,전재수 장관 왜 사표부터 썼나 뉴스 연구소,윤영호가 거짓으로 뇌물 받은 넘들 거론 할 이유가 없지 정치권 로비하는 넘들 불문율 처럼 민주당 구킴 양쪽에 모두 보험 들어 놓은 거임 다음은 정동영이 차례네 뇌물 받은 넘들 공통된 특징은 증거 제시 할 때까지 일단 무조건 강하게 부정하고 보는 거지 같은 혐의로 어떤 X은 징역살고 어떤 X은 공소시효가 지나고 단언코 없었는데 왜 사의 야 진짜 없었다고 언론에 증거 다깐다 다음날 사의표명 여 야 정치인들 다 수사하라 썩은 정치 좀 청산하게 국회의원 직도 내려놔야지 말세다 받았네 단호하게 명백하게 말하지만 정치인들 입만 열면 거짓말 전재수도 이젠 끝났구나 받은거는 받으거지 수사철저히 수사해서 구속이 답이다 여 야 할거 없이 죄 지은정치인들 제 다 구속해야됩니다 세금이 아바라 버티다가 이것저것 다 털릴것같으니 빨리 사표쓰는거지 전재수 아주 응큼 합니다 의원 직 사퇴하고 수사 조사 받아라 정치 끝났다 국민들이 바보로 보이나 전재수 는 아무 죄가없는데 사퇴는 왜하겠나 죄가 없다며 왜 사표 뭔가 있는거 같네 철판 깔았네 재수가 표적 그 생각이 난다 me too 사건이 터져 수사를 하니 막상 범죄 혐의로 드러난 건 민주당 인사들 김건희 잡겠다고 한 만중기 특검이 결국 만주당 벌집을 쑤신 꼴이니 말이다 그런대 외 사퇴 국개의원도 내려놓고 조사받아라 아직 법원 판단도 조사도 안나왔는데 불법적인 수수가 없었데 그냥 수수는 그럼 있었던거야 재수 수사 재수야 까르띠에 불가리 나한테 버려라 강한 부정은 강한 긍정 통일교 로비에 걸려들지 않은 사람 구하기 통일교 로비에 걸려든 사람 징계하기 여야불문 아까운 인재라도 집고 넘어가야 귀감이 되어 훗날에 깨끗하고 건강한 나라가 될 거예요 부메랑으로 돌아온특검 특검을 특검하여야한다 아니땐굴뚝에 연기날리없다 전재수도 이제끝이보이는구나 뭐가있으니사표부테냈거지 권성동 구속햇으니 전재수도 구속이지 금품수수 사실 무근 명확 정확히 그런 사실 없다는데 왜 해양수산부장관 사표 제출 도망가는지 전재수 수사해서 전재수 구속하세요 낮은데서 추락해야 덜 아프거든 전재수 멀리 안나간다 아웃 빤스런 조진웅이 은퇴하는 이유 계속 터질게 많아서 박나래가 하차하는 이유 계속 터질게 많아서 조세호가 하차하는 이유 계속 터질게 많아서 전재수가 사퇴하는 이유 뻔하지 전 재수가 없어요 전재수는 불법정치자금 명품시계 등을 받았다고 한다 근데 해수부장관은 그만두고 국개의원은 포기 못하겠단다 불체포특권을 이용하겠다고 하는것 같은데 따블당이 어떻게 하는지 지켜보자 권성동이와는 어떻게 다른지 지켜보자 단순하게 생각하면 된다 아니면 사퇴할 이유 없고 사실이면 사퇴하는거다 사퇴는 사실이라는 거에 대한 증명이다 부패 폭죽 터질까 그런거지 대부분 그렇지 않나 자기실기위한수단임니다 전재수 말뿐이네요 실망 지금 정권도 다르지 않네요 T T 아 정말 너무 실망이에요 김준일이 저 인간도 퇴출시켜라 역겨워서 못듣겠다 저게 무슨 정치평론가야 평론을 객관적으로 안하든 못하든 그 순간 정치 기생충일 뿐이야 재수님도 날라가나요 현지가 빨리 정리하라고 했겠지 언론들 가짜뉴스 보도할때는 징벌손배 5배물어야한다 전재수 사표는 국힘 통일교 해체 왜 이통은 모든 행동 하는것이 비 웃듯이 행동 하는가 부산시장 나가려고요 전재수 국회사퇴하라 아니 같은 사람이 권성동한테 돈 줬다하니까 구속시키고 전재수한테 돈 줬다하니까 모른척하고 이재명이 통일교 해산시킨다고 협박하니까 통일교 폭로한다고 하다가 입 꾹닫 서로 합의 본거지 전재수는 그대신 물러난거지 후폭풍 올지 모르니 꼬리자르기 죄도 없는데 일단 사표부터 쓴 사례는 단군이래 처음임,0,1
bSzINmwhG4c,항상 지지합니다 윤사모 청년 회원 등장 윤석열 탄핵무효 헌재앞 계엄령,맞아요 중심있는 의견 존중합니다 에구 이뻐라 축복합니다 예쁘고 똑똑한 젊은청년 정확히 아네 예뻐요 미래가 밝다고 생각합니다 보는눈이있었네 속터져 지혜여 탄핵무효 탄핵무효 탄핵무효 정의는 살아영원합니다 대한민국만세 고맙다 아들딸들아 대한민국만세 2030 이 나라의 희망입니다 민주주의 지켜 젊은이의 미래를 보장받읍시다 응원합니다 2030청년분들 화이팅 윤석열 대통령은 요즘세계에서 보기드문 가장 용기있는 대통령 지도자 이시고 그를 지키는 국민들은 가장 용기있는 국민으로 세계에 알려질 겁니다 추운날씨에 같이 힘내시고 하느님께서 보호해 주시리라 믿고 기도합니다 참으로 훌륭한 청년이네요 피끓는 청년들아 너희가 살아가야할 이나라 모두 일어나 지켜라 고맙습니다 자유 대한민국 만세 추운날씨 고생이많아요 조금만더참고수고해주세요 응원합니다 지지합니다 젊은 청년들이여 당신들의 미래를 생각하자 일어나라 깨어나라 젊은이 여러분 감사합니다 수고 하십니다 열렬히 응원합니다 애국 청년 입니다 감사합니다 우리대통령님 을지킵시다 애국청년 입니다 감사합니다 애국자이십니다 고맙습니다 젊은청년들님 어르신 추운날씨에 감사합니다 항상 지지해요 내일8일수욜하고 모레9일목욜이 고비인거같던데 다들 체력비축잘해주시고 2030분들 주말만큼 많이나와주세요 반차 연차쓰고서라도 동료 가족들과 함께오시구 안전을 위해 온갖보호장비 착용과 단단한 마음의준비하고오세요 저희집도 내일갑니다 애국시민 여러분 수고 많으십니다 응원합니다 힘내세요 자유 대한민국 만세 젊은청년들이여 일어나라 더욱 많이일어나라 정말 예뻐라 아가씨 앞날에 좋은일만있길바래요 그리고 끝까지 윤대통령님 응원하고 지지합시다 앞으로 좋은일만 있지않을까요 장하다 아들 딸 맞아요 맞아요 젊은 청년 홧팅 홧팅 우파청년들이여 모두깨어나서 우리대통령님을 잘지켜주세요 화이팅 훌룽한 청년 말도에쁘게잘하네요 윤사모좋아요 윤심이 지켜내겠네요 무조건 이깁시다 윤대통령님 힘내세요 이뽀라 귀한 딸 이 나라를 올바로 이끌어 주세요 윤성렬대통령님 지켜주셔서 감사합니다 여러분들이 겨셔서 지켜주셔서 잘될겁니다 우리나라대한민국 윤석열대통령님 응원합니다 힘내십시요 최고입니다 존경합니다 몇년전 오래한달에두번모인 모임에 어떤분이전광훈목사님을 나쁜사람으로 막몰아기드라고요 난그때놀라운 목사님의위기의대한민국의소식을듣고 몆달을분노로 잠을못잤던때에 가만이참을수가없어 폭탄처럼솟아나는분노로벌떡일어나 몃마디쏟아내고그곳을박차고나와버렸읍니다 지금까지안갔읍니다 이젠제마을알았으면 모두애국으로 돌아오세요 청년부님들 훌륭합니다 대통님 힘내세요 윤석열 대통령님은 자유대한민국을 위해서 목숨을걸었습니다 젊은세대도 목숨걸고 함께해주실거라 믿습니다 청년들이 정신차리고 이나라를 지켜야죠 용기있는 행동에 박수를 보냅니다 순수하신 대통령님을 젊은청소년들도 순수하니 이렇게 스스로 지지하네요 이쁜학생들 나라의보배이십니다 응원합니다 가자 국민저항권 발동 예쁘고 똑똑한 청년 화이팅 애국자님들 추운날씨 에 나라를 위하여 싸우시는 모습 대한민국만세입니다 멋지네요 청년들이 일어나 주어서 윤대통령님 힘이 되어 주어서 감사해요 윤사모 화이팅 나두 가입 하고 싶다 윤사모 화이팅 우파사람들은 예쁘고 똑똑하다 올바른 청년이네요 힘냅시다 애국 젊은 숙녀 들 용감한 행동 고맙읍니다 윤사모 국힘도 청년들 보고 배워라 그냥 윤빠야 윤을 왜 지지하게 됐고 왜 좋은지가 빠졌잖아 윤사모지지합니다,1,0
eqdES2H9jRY,헉 나경원 윤석열 오빠와 2분간 통화 99 99 이 말 했을걸,그래서 나경원이 앞장서서 설친 이유가 있었네 참 꿈도 야무져 그냥 국짐이 이니지 완전 독제 체제의 국짐이니 침을 질질 흘릴만 했겠네 흥분해서 질질,1,1
ai0X3BqenpI,2024총선 어이 한동훈 미안해 충청3인방 충격이에유 클린스만 퇴출,지금이라도 나라를 정상으로 바로 잡으려면 국짐과 정부를 갈아 엎어야 합니다 선거 잘 합시다 나라도 개판 축구협회도 개판 감독도 개판 뭐하나 정상인게 없는 요즘 투표라도 꼭 합시다 정봉주의원님 꼭 4월에 국회로 입성하시길 바라겠습니다 정봉주 반드시 꼭 국회입성 해야합니다 김어준 총수님 항상 건강하시고 힘내세요 응원합니다 최고 파이팅 너무 좋아요 끝까지 지지합니다 우리모두 총선승리 하여 윤석열 사라질 그날까지 힘을 모으자 민주당 파이팅 어른들의 잘못입니다 우리를 행복하게 해준 선수들 사랑해 주세요 최배근교수님 감사합니다 다뵈 김어준 늘 응원해요 민주당 총선압승 이잼파이팅 이제 더이상 노회찬이 없지않습니까 고양갑 심상정 주면 국힘한테 넘어갑니다 절대 안돼요 김어준 망하면 안돼 구독할거야 무능 무도한 정권 꼭 심판합시다 이잼 민주당 총선압승 모두 끝까지 힘내요 충청도에 인재영입 제대로 했네요 아주 3분다 확실하십니다 보는내내 흐뭇합니다 파이팅합시다 민주당 비례표가 분산되진 않았으면 좋겠습니다 민주당의 압도적 제1당을 위한 승리를 기원합니다 충청팀 빠이팅 특히 17호 김제선님 꼭 구청장 되셔요 김어준 총수님 감사합니다 무능한 지도자가 얼마나 참혹한 사태를 만드는지 꼭 심판합시다 룬 몽규OUT 최배근 교수님 처럼 애국자가 또있을까 진정 선비님 이십니다 조국신당 응원합니다 파이팅 지역은 민주당 비례는 조국신당 우리의 희망 동지이신 소중한 총수님 옳은 말씀 훌륭한 방송 리드로 힐링 큰 힘 받습니다 건강하시고 오래오래 함께 해주세요 늘 감사합니다 늘 함께하며 끝까지 힘실어 지지하고 응원합니다 김어준님 총선완승으로 민주당가즈아 영입한 인재여러분 정말 훌륭한 사람들입니다 의욕 충만하고 아이디어 번뜩이고 말씀 잘 하시고 그래서 민주당입니다 사람들을 웃게 하는 정치를 하고 지도자나 시민이 서로 믿고 사는 사회를 만들어 가는 민주당 화이팅입니다 애초에 독일에 갈 이유가 김건희에게 있었던 것이지 윤석열은 독일에 볼 일이 없으니 김건희가 못 가는 마당에 안 가기로 한 것이겠지 라고 추정하는 바 나는 조국을 지지한다 조국을 동정해서 지지하는 것이 아니다 대한민국의 건당한 성장과 국민 경제 성장에 언론개혁과 검찰 개혁이 필요하다 검찰개혁 의지가 강하고 잘할수 있는 사람이 조국이라 생각하여 나는 조국을 지지한다 조국의 용기에 박수를 보낸다 똑바른게 하나없는 요즘 같아선 살 의욕도 없어지네요 윤석렬이는 건희없인 밥도 못먹는다 김어준 총수님 정말 목숨걸고 싸우고 있군요 응원하고 있습니다 진짜 생각할수록 욕나오는 정의당 니들이 노동자 당이냐 최배근 교수님 정치와경제 장전 선포 다들 투표합시다 망한다 소리 죽어 버린다 소리하면 안됩니다 10억 쓰고 정권 끝장내자 클리스만과 멧퇘지 동시에 퇴출 야당 200석 완승 천안 살고있습니다 이재관 후보님 응원합니다 천안 민주당 화이팅 지금은 민주당으로 모든 역량을 모아야 합니다 절체절명의 선거를 앞두고 표가 갈라져 썩렬이만 도와주는 어리석음을 반복하지 않길 바랍니다 김어준총수님 건강하세요 영원하세요 사랑합니다 김어준 총수가 있어서 그나마 위로가됩니다 김어준 최곱니다 정청래 의원 뵈면 유쾌해진다 충청후보님들 인상적입니다 꼭 당선되셔서 기량 발휘 제대로 해주시길 바랍니다 이명박근혜도 견디어 냈지만 이놈은 진짜 인내심의 한계를 넘기네요 무조건 200석이상 해야 탄핵됩니다 정봉주 출마를적극 지지합니다 정봉주화이팅하세요 이시대 참 훈훈인 정청래 짱 좋아요는 기본으로 눌러줍시다 제발 200석 정봉주 응원합니다 반드시 국회가자 나는 비례에 조국신당에 찍을 겁니다 정청래의원님 멋져요 조국장관님이 잘하실거에요 민주당 과 윈윈할 수 있을 거예요 민주당 화이팅 김어준공장장님 민주주의를 위해 애써주심에 감사드립니다 정청래의원님 최배근 교수님 존경합니다 충청 3인방 재밌네요 세 분 다 화이팅 응원합니다 사악한 검찰정권을 철저하게 응징해야합니다 민주당 영입인재분들 완전대단 최배근교수님 존경합니다 정 우택 돈봉투 CCTV 정확히 찍힘 정청래 의원님 열렬 응원합니다 이 시절에 김어준이 있어 다행이다 정청래의원님 존경합니다 너 무좋아요 검찰개혁을 위해 검권에 맞서다가 희생당한 조국 추미애 같은 분들을 국민이 지지하지않는다면 앞으로 누가 불의한 권력에 맞서려고 할까요 총선 200석 야당 압승 제발 기도함니다 더이상 대한민국 후퇴 막아야 합니다 윤석열도 퇴출 가즈아 영원하라 김어준총수님이여 김어준 총수 지치지 말고 힘내요 조국 박사님도 힘내세요 우리는 모두 그대들을 사랑하고 믿어요 최고니까 우리들의 탄핵이 필요한거죠 이 시대의 참 포용인 정청래 참 정치인이네 버티고 또 버티자 그리고 투표장으로 달려가자 명랑사회 정기 후원하고 있지만 여론조사 꽃 다음달엔 꼭 구독하겠습니다 여론조사 꽃 구독했어여 김어준 화이팅 김어준 참 좋은사람 민주주의 국가의 국민들이 해야 할 가장 큰 의무는 권력감시 다 하지만 일상을 살아야 할 국민들 대다수는 감시할 수 있는 시간적 여유가 없다 그래서 그 감시를 언론에게 일임했다 하지만 그 언론은 지금 썩었다 언론개혁을 실패한다면 정권을 잡더라도 장기집권은 불가능이다 민주당은 총선승리 후 피를 묻히는 각오로 개혁드를 걸어야 한다 언론개혁 얄짤없다 이번에 심상정 정계은퇴 정의당해체 그것도 윤석열심판 이다 그래야 차기대선에 걸림돌을 없애는거다 살아있는 우리들의 양심 최고의 지식인 최배근 교수님 진심으로 존경합니다 늘 건강하십시요 올리브유 몇개월 전에 10000원이었다 지금 2배 뛰었다 이게 나라냐 주부들 공감하지 이게 현 중간 대한민국 물가다 그럼 어째야 한다 그려 쫓아내야 한다 암만 어떻게 투표로 민주진영 일꾼들 참 유쾌합니다 그들에게 일할 수 있는 기회 줍시다 창원 성산구 정의당으로 단일화 하면 안됩니다 노회찬 의원님 이후로 이곳 정의당 민심 떠났어요 황운하를 불러줘요 자꾸 불러서 인지도를 높여줘야 합니다 불금 다스뵈이다 기다리고 있어요 베트남에서 검증된 박항서 강독님을 강력히 추천합니다 카이스트 축사 대박 아홉하늘이 조국 과 함께 합니다 용담16김 김어준총수님 존경하고 감사드리고 응원합니다 이재명대표님의 민주당힘내세요 조국 화이팅 입니다 어준총수 쵝고 총선 밭갈기 시작 조국장관님 힘내세요 김어준 공장장님 안녕하세요 옳소 정청례 정청례 역시 최배근 교수님 사랑합니다 최대 관심지역에 계양을에 부모님과 함께 살고 있습니다 부모님은 80대 입니다 부모님께 마지막으로 말씀드렸습니다 앞으로 당신 자식들과 손자 손녀들이 살아갈 세상입니다 정신 똑떼이차리고 투표 하시라고 원모씨가 되면 바로 분가 한다 했습니다 지금 대한민국은 외적 내적으로 요단강 중간 에서 허우적 되고 있는 듯 합니다 이번이 마지막 기회라고 생각하고 다들 정신 똑떼이 차려서 중간까지 간 요단강에서 다시 돌아옵시다 정청래 만큼만 해라 조국장관도 자기당 기호1번으로 나와야함 그래야 투표해줄수있음 감사합니다 정봉주좀 살려주십시오 아 나 진짜 빵터졌다 역대급이닼 털보형 형은 정말 최고야 전국을 서울로 편입합시다 서울시 제주동 서울시 대전동 서울시 목포동 서울시 강릉동 서울시 부산동 그러면 수많은 시장 시 군의회 다 없애고 국회의원도 필요없습니다 심판의 시작 투표 똑바로 합시다 하루빨리 탄핵 심판 해야한다 조국장관님 응원합니다 최배근 교수님 존경합니다 유시민작가님 출두하십시요 숨쉬기가 힘들어요 어찌살아야하는지 바다는 비에 젖지 않는다 는 노인과 바다 에서 나와요 민주당은 야당이에요 할 수 있는 게 별로 없어요 여당으로 만들어 줘야해요 200석 넘겨서 여당으로 어준총수 을 응원합니다 총선에서 민주당 꼭 압승하길 간절히 기도합니다 영입된분들 정말 멋진분들이네요 국민을위한 정책펴주세요 환영합니다,1,1
wFxeUBmy4yk,복덩어리 한동훈 삼부 체크무늬 트럼프가 온다,우원식이를 어찌할고 국힘당에 시간을 벌어주는 행태를 어떻게 설득해야 하나 우원식 의장님 왜 당원들이 추미애를 원했는지 생각해 보세요 국가와 국민을 생각한다면 어떤 의제든 늦추면 안됩니다 협치와 야합은 절대 안돼 탄핵 빠를 수록 나라가 정상국가 될 거 같아요 우선순위를 알아야 언론부터 안바꿈 개혁은 힘들다 오늘 법사위 청문회와 국짐 당대표토론을 보고있자니 가관도 아니다 상식과 진실은 개나 줘버린지 오래고 그저 나만 살겠다고 물어뜯어대고 언제까지 저런것들에 우리 피같은 세금을 갖다바쳐야 하는지 참담하다 항상 우리를 깨어있게 해주셔서 감사합니다 정청래 위원장님 입법 위원에 운영 사회 통솔력을 세계 각국 국회가 배워야 합니다 모범이되는 대한민국이 자랑 스럽네요 감사 합니다 사랑 합니다 군 골프장은 3부 야갼 을 운영안합니다 못하게 되는것 보단 상설특검이라도 되면 좋겠습니다 진심 우리나라가 국민이 이 역경을 잘 이겨냈으면 좋겠습니다 안녕하세요 김어준 총수님 항상 건강하시고 힘내세요 응원합니다 최고 파이팅 주말 잘 보내시고 날 만나요 끝까지 기대합니다 진보는 국민으로 살고 보수는 백성으로 산다 이 나라의 주인은 국민이고 백성은 나랏님 밑에 굴종하며 사는 노예다 국내정치 외교정치 정말최악이네요 탄핵이답입니다 국민모두가 힘을모아야합니다 한동훈이 사과까지 했다는 것은 청탁 행위가 있었다는 확실한 증거 양주는 대통령기록물 고로 마신자도 대통령기록물 국민이 모지리를 뽑았다고 생각하지 않습니다 200만표를 미분류로 빼내서 멋대로 나눠준 그넘이 범인 입니다 더이상 주권이 훼손되면 안됩니다 투표함을 옮기지 못하게 입법해야 하겠습니다 그냥 모든 비정상을 당연시 하는 정부 그러나 악착같이 나라를 지탱해 주는 민초들 한준호의원님 미래 대통령의 길로 쭉 승승장구하시길 민주당 의원 님들 훌륭하십니다 이재명대표님과 함께 나라를 위해 국민을위해 많은일 해 주실것믈 믿습니다 응원합니다 윤석렬은 정치 하자마자 대통령이 됐쟎여 그러니 나라꼴이 요모양 요꼴이쥬 김어준총수님 늘 건강 챙기시구요 끝까지 응원해요 김병주의원의 꿈이야기가 내가 우리당원동지가 국민들이 꾸는 꿈과 같기에 가슴 뭉클하다 조금은 다른이들과 다르게 언변이 약하고 멋스럽지않지만 당신만의 진실됨이 전해지는것 같아 뭉클하다 서민의 삶도 어린시절 지내봤고 그 현실을 넘기위해 노력하고 피흘리고 달려오고 노력하고 진정 그대는 시대의 풍파를 몸으로 맞으며 당원들을 지켜주는 든든한 고목이되어라 나는 매일 꿈 꿉니다 당신 믿음이 대통령이되는 꿈 내 꿈이 현실이되는 그날 까지 우리 잡은 손 놓지맙시다 우리 꿈이 현실이 되는 순간까지 산자여 따르라 삼부는 라임 옵티모스의 사라진돈의 마지막미로게임의 문이될것같다 한준호 의원 의정활동 잘하고 계십니다 최고위원 가즈아 응원합니다 브라보 이재명 이재명 이재명 이재명 이재명 김건희댓글부대는수사안하나요 김건희휘젓는나라이게나라여올해안에해결해주세요 정청래 법사위원장이 일을 너무 열심히 해서 거의 모든 공격을 홀로 받고 있습니다 새로 최고위원이 되시는 분들이 그 역할을 나눠야 합니다 그 역할을 충실히 하실수 있는 분들에게 투표를 하겠습니다 내년엔 나라걱정 안하고 내 생업에 집중할 수 있게 해주세요 김어준총수님 건강하세요 영원하세요 사랑합니다 세계 경제 이야기를 들으면 국민이 분노 하는데 이재명 대표님이 들으면 속이 타는 느낌 일겁니다 진정한 군인정신 김병주의원님 뿐이라 생각합니다 탄핵 제발 역사를 잊은 민족에게 미래는 없다 잊지말자 대한민국의 역사를 고양이뉴스 원피디님의 노력이 헛되지 않기를 딱딱 퍼즐이 맞아떨어집니다 다들 용기 내주세요 영원하리 김 어준 탄핵을 빨리해야 나라를 구한다 맞아요 우물쭈물하면 당 합니다 반드시 꼭 기필코 검찰개혁 다스뵈이다 응원합니다 윤석열은 이많은 죌 짓고 어떻게 살려고 멍청한 짓을 할까 왕은 왕이로소이다 한준호의원님은 진실이보인다 한표 민형배 의원님도 한표 보고있자니 답답하고 소화가 안되고 전 윤을 찍지도 않았으니 더 미치겠군요 한시도 꼴이 보기싫은데 언론개혁 가자 한준호 한동훈을 제2의 노태우를 만들어 가는 보수의 기획 아닌가 하는 이언주의 의견에 동의하며 많이 염려하고 있습니다 절대 방심하면 안되는 윤 한 관계 이고 윤은 버리되 한을 앞세워 정권 유지하려는 보수들의 기획 가능하다 보기에 이언주에게 한표 드립니다 청문회 보고 있습니다 사실 동후니는 찐 민주당원이었다 박주민 의원님 응원합니다 아 김병주 저 형님은 은근히 대단해 주춤주춤 뒤로 물러서면 역풍맞는다 눈치 보지말고 세게 나아가야한다 민주당 차기 집권하면 명심해야 합니다 김병주최고 오늘 말씀은 한편의 시같다 가슴에 꽃히는 감동의시가 아름답고 강하다 역풍은없다 강하게나가자 한동훈 특검 김건희 특검 윤석열 특검 채해병특검 등등 3 5개를 같은기간에 상설특검을 하게된다면 결국 다같은 인물의 범죄이기에 12명 20명을 확보하는 시나리오 가 됩니다 한동훈 다음에 오세훈이라니 대한민국의 미래 절망편이냐 언론개혁 한준호 박주민은 멈추지 않는구나 멋진 정치인이다 상대를 죽이는 일을 서슴치않는 넘들과 정치를 하고 있다는 사실을 잊지마시길 진짜 고민했어요 누가되든이에요 국민의 70프로가 원한다 민주당은 행동해라 목숨걸고 행복한 고민 최고의원 뽑을 사람이 너무 많다 복덩이 한동훈 오늘도 나경원에 네 네 웃겨죽는줄 정청래 법사위원장님 혼자서 무지막지한 여당 막아 내느라고 너무 힘들어 보입니다 잘하시라고 응원해 줘야 겠네요 우원식의장 지금 삐긋하면 역사에 죄인이 될 수 있다 무슨협상 제발 정신 차리세요 트럼프 이재명 동시 취임으로 가자 김어준총수님 항상 응원합니다 김어준 형 수고 많으셨습니다 늘 나라를 위하시는 마음에 존경을 표합니다 언제나 응원합니다 윤석열 탄핵가자 탄핵이 민생이다 정봉주 탄핵 기관사 임명 민주당 국회의원님들 힘내세요 한 기대를 저버리지 아나 법을 마음대로 해왔고 지금도하고있는 윤대통령과 한동훈 국힘 사람들입니다 법개정은 안되나요 쫌 어떻게좀 해봐요 김어준 화이팅 다뵈는 우리들의희망 윤석열 김건희 탄핵 가능한가요 하루가 시급합니다 오늘따라 설렘 김어준 고맙습니다 응원합니다 화이팅입니다 다 멋있어c 외교문제를 겸손은힘들다 에서 이런얘기 해주세요 빨리 검찰정권 끌어내려 주세요 3년은 우리나라 완전 망해요 국민의염원이아니라 국민이죽어요 상설특검 일타강사 박주민 응원합니다 김어준 공장장 언제나 애써주심에 무한 감사요 반갑습니다 진짜 박주민 의원 만한 의원없어 열일하고 일잘하고 진짜 정치 쭈욱해주고 대통령까지 김어준 항상 감사합니다 김어준 공장장님 봉도사 한표 그리고 박주민 의원님은 언제나 사랑입니다 어려운 시기시기마다 우리와 함께 해 온 다스뵈이다 든든하고 감사합니다 힘을내요 화이팅 이재명의우산 김병주 정답 이천공이 이 나라의 상왕이냐 당장 체포하고 수사하라 총수님 아까 우산 양산 삿읍니다 써보고 많이소개할게요 지금만큼 전세계적으로 존경할만한 훌륭한 지도자가 없는것도 큰 문제다 사람사는 세상같네요 민주당화이팅 응원합니다 제발 올바른 정치로 대한민국이 앞으로만 나갑시다 김병주의원 응원합니다 김어준은 국보다 누가 뭐래도 이번 최고위원 투표 가장 어렵다 오랜만에 즐거운 고문이다 김병주 의원님 화이팅 두둥 응원합니다 한사람국민으로 부탁드리오니 제발정신차리고 윤석열을 탄핵합시다 채수근상병 외롭고 고통스럽게 떠나갔지만 편히 쉬어요 그대를 기리고 기억하는 많은 사람들이 있습니다 얌전하게 대기중,1,1
xupyh9X2csE,이런 정치인들은 싹다 날려야 혼자서 국힘 다 제압하는 서영교,17년 동안 변함없는 팩트TV를 위해 후원회원이 되어주십시오 정기후원 가입 ARS 1877 0411 인터넷신청 2026년에는 제발 국짐당 무리들 안보고 싶어요 정말 징글징글하다 나경원 의정활동의 목적이 국회 깽판치기네 조배숙 이은재 곽규택 얼굴이 비슷해 이래서 진짜 관상이 중요하다 서영교의원님 뒤에서 응원합니다 곽규택이 같은 애들하고 말섞지마세요 나빠루 특검 수사 언제하나 우리 서장군님 나경원은 의원 맞니 저런것이 판사출신이라니 대한민국 교육체계도 바꿔야할듯 곽규택은 검사출신이란다 일단 목소리부터 승 쩌렁쩌렁 내란당 압도 마이크가 필요없습니다 징글징글 내란당 해채하라 다음 원대는 꼭 서영교의원님으로 되었으면 합니다 너무 든든하신분 국짐 징글징글하다 서영교의원님응원합니다 남편이 법원장 품격이라곤 뭐나 줘버린듯 나경원은 입다물라 뻔뻔하네 나경원 법사위나가라 내란 일년이 지난 지금도 내란은 진행중이고 그 내란범은 국짐다 46인 권성동 권영세 나경원 김기현 윤한홍 오세훈 김진태 박형준 성일동 정진석 곽규택 송석준 신동욱 송언석 장동혁 조은희 주진우 곽규택 김영선 이철규 김문수등 내란범들을 즉시 최고형으로 사회와 완전히 격리 시켜서 내란을 하루속히 끝내야 나라도 국민도 행복 할 수 있습니다 국힘 정당해산 언제하는거야 도대체 어휴 고구마 진짜 이젠 민주당도 짜증난다 아 진짜 국민 언제 없어지나 세금 아까워죽겠어 나 국힘만보면 세금내기싫어 나경원 시다바리 곽규택한테 조용해 이사람아 란 말은 너무 예의를 갖추셨어요 서의원님 곽규택이 저건 빠루 바라기냐 빠루상 오겡끼데스까 나경원은 국회로보낸사람들모두죄인되네 말도못해 사과밖에 나빠루 곽규택은 국민들도 걍 무시하니까 의원님 화이팅입니다 국힘해체가 답이다 꽉규택은 부모에게도 반말할 듯 나빠루 저물건좀 치워주면좋겠다,1,1
OoWMJB1_USw,김병기 씩 웃더니 728조 지켜냈다 국힘 전액삭감 와르르 왜,17년 동안 변함없는 팩트TV를 위해 후원회원이 되어주십시오 정기후원 가입 ARS 1877 0411 인터넷신청 내란전담재판부 빨리 설치해라 내란전담재판부설치 빨리 설치해라 이거는 잘했네 우리 민주당 의원들 모두 수고하셨습니다 내란이 종식 될 때 까지 최선을 다해 주시기 바랍니다 화이팅 입니다 잘하셨네요 수고하셨습니다 병기 최고 제일 잘한일 민주당 화이팅입니다 사실이라면 수고많이 하셨네요 잘하세요 딴짓 그만 해요 국민들 다 지켜보고 있어요 지들 코가 석 자라고 민주당 걔네들이 뭐라하든 싹 다 거부권 행사한다고 어제까지만해도 내란당에서 생지랄하더니 왜 갑자기 태세를 바꿨냐 대체 또 뭘 뒷거래한거냐 내란재판부 설치 사법부개혁 양보 절대로 안된다 국짐 현수막 이재명 예산 전액삭감 현수막 허위사실로 고발 가세요 굿 국힘이 그냥 줬을리가 국짐당에 뭘 줬으려나 김병기의원 고생했습니다 가짜뉴스가 많아서 오마이뉴스나 검증된곳만 보고 믿어야될듯요 김병기의원님 잘하셨습니다 그렇지 김병기 잘 하고 있다 응원한다 국민의 한 사람인 나 김병기를 응원하는 나 이런 나를 실망시키지 않기를 바라면서 응원한다 뒷거래가 있다면 좀 있다가 드려나겠지 지켜보마 병기야 의석수 과반이 넘는데 뭘 지켜 냈다는거야 그냥 하면되지 과반 의석수 괜히 밀어 줬겠냐 자꾸 협작질 하려고 수작 부리는데 언제간 들통 날거야 이낙연이 처럼 이상해 내란당이 이렇게 순순히 합의하는 것이 내란당이 무언가를 크게 받지 않고서야 근데 내일이 내란절인데 내란당은 아직도 건재하네 병기야 아들 숭실대 입학 비리나 해명해라 이미 증거까지 다 나왔다며 사실이면 그자리에서 내려와라 여야합의 이상한 거래 한거 아니것지 예를 들면 내란정당 해산안한다고 했다던가 등등 아 해깔리네 김병기 원내대표님 자꾸 의심가는 일들이 생겨요 가짜뉴스인지 진짜인지 정확히좀 해주세요 여하튼 수고하셨고 고생하셨고 잘하셨습니다 김병기가 뭘 합의 했다하면 의심부터 드네 정체 들통나서 민주당 내 살아 남으려면 오랜 세월이 걸리거야 그만큼 당신 잘못아 커 김병기라면 충분히 할수도 있지 팩트티비는 김병기 차남건 보도 안하는거보니 기대가 없다 국민의힘 최종병기 뒷거래는 없었고 웃지말고 해라 화 안풀렸으니까,0,0
ziHmZSX0zo8,사상 최악의 배신자 윤한홍 윤한홍 배신자 윤석열,곳곳에 배신자가 너무만다 참담하다 한놈 추가요 개가주인을무는꼴이다 윤한홍 제명 하라 여려분 국힘 당원 가입부탁드립니다 그나마 보수당이 해체되게생겼습니다 매월 1000원으로 국민의힘에 영향력을 끼칠수있습니다 무엇보다 이번에 계엄 사과한 사람들을 몰아내고 자정하는데에 큰 도움이됩니다 한동훈 당게조사도 더 압력해야해고 여러분 영향력을 끼쳐주세요 저도 몰랐는데 이번에 국힘 사과하는 의원들보고 일단 국힘부터 지켜야겠단 생각이들었습니다 사과는 국힘 해체의 빌미가될수있음 당장 국힘이 미워도 내란핑계로 해체되면 1당체제나 다름없습니다 윤한홍을제명시켜라 반사다윤씨한테 국민의힘엔 어찌 배신자 반역자들이 송충이 처럼 끔틀거리냐 반역자 다쳐내고 진정 나라 위하는의원끼리 뭉치자 배신자들은 싹 제명해야 한다 자신 스스로 주뎅이와 배신의 자유를 선택하는데 무엇을 어떻게 표로 심판하는 수 밖에 근데 사과에는 국개 사퇴 정도의 책임은 따라야 하잖나 권력맛에 배부른 자들의 위선잔치에 불과한 것 사람이 이렇게까지변할수있나요 기가막힌입니다 사악한자 간에 붙었다 쓸개에 붙었다 이참에 저런 배신자들 솎아내야 한다 윤한홍 당장제명하라 한홍이가 맛이갔네 한참갔네 너무갔네 윤한홍을 적극적으로 찍어내리자 계엄령 2시간 뭔 피해가 있다는거지 철저한 정상모리배 진짜 울화통 터지네요 윤석열대통령님은 영웅입니다 윤한홍은 간신배노릇하다가 이제는 용도폐기하면서 배신자에 앞장서네 정말 싫다 윤한홍 배반자 기회주의자를 처결하라 진짜 나쁜 쌔 아웃시켜야 기가차네요 윤한홍 이런놈이 당장 제명시키고 긴급체포 구속시키라 배신자 윤한홍 탈당해라 진짜 화난다 선을넘엇네 배신자 한동훈 있습니다 뇌속에 진짜 똥만들었나보다 윤한영이 누구한테 잘보이려고 그럴까 배신자들 아웃 정말 좋은기회다 누가 배신자인지 확실히 밝혀졌으니 이것들만 모조리 정리하고 가면 된다 우리 대통령의 고난 더 이상 방치하면 안됩니다 우리가 지켜냅시다 영원히 기억 하겠습니다 이번에 저런인간들은 청산했야한다 윤대통령이 자신을 위해 개업했냐 이런놈 심장이 있나 진짜 인간은 믿으면안돼 배신하는거를 너무쉽게 생각해 한심한 인간 3권등 여기 붙었다 저기붙었다 몸사리기 바쁜사람들은 그냥 뒤로 퇴진하시길 인간적인것은 먼저 총선을이긴다음이아닐까요 생각은 다를수있다 지금와서 뒤통수를 친다고 이런 정치을 하니 계속 어지러운 나라 꼴 이다 빨리 보내세요 정말 나쁜놈이네 이놈은 꼭기억해야될놈 이재명정부 지적하지 않겠다는 거네요 윤한홍 국회의원 미처돌아가는 구만 퇴출시켜야한다 어쩜 저럴까 윤통은 진짜 외로웠겠다 배신자들 모두 이참에 우리가 절연합시다 윤한홍 어찌그런말을할까 너나잘하세요 나쁜 사람아 그놈 참 독하게 배신하네 현재 국민의힘 인적구조상 배신의 지존 한동훈 단죄가 가까워질수록 저런 놈은 자꾸 나오게 되어 있습니다 경상도출신 의원들 주축으로 윤석열대통령이를 버리라고 압박하고 있다 윤석열 정권 초기 윤핵관 찐핵관 하면서 온갖 혜택은 다 받고 끌 빨아 먹다가 이젠 더이상 먹을것이 없다고 내년 지선의 공천권을 위해 장동혁이를 압박하고 있다 진짜 나쁜새끼들이다 정치인중에 털어도 먼지하나 없는 처음 봅니다,1,1
J-pLqV59M7I,지귀연 노상원 메모 어떻게 해야 될까요,얼마나 어이없으면 말하는 중에 웃음이 나오냐 가짜메모라고 판정해야 하는거 아냐 메모가 위법이면 탄핵도 위법이 되는거 아냐 위법메모증거로 인해 탄핵이 되었는데 그것은 명확하게 밝혀야 할 문제이다 심지어 내려받았다던 메모가 인터넷에 올라온게 없다더만 홍장원이 헌재에서 쓴 이후로 생성된것으로 보인다고 하는데 그러게 지렁이 그게 증거가되나 헌재는 인정했나봐 지렁이증거 조작으로 봐야지 맞지 아 그 지렁이가 받아쓴거 지귀연판사 진짜 뒷통수 치지말고 법대로 판결해라 누가봐도 윤석열 대통령님은 무죄다 홍장원이가 인터넷에서 다운받은거다라고 허위증거물로 밝혀진것과 같은 성격의 메모인가 진짜 희대의 코메디 재판 메모가 어이없어서 판사님 헛웃음이 나오시는군요 메모는 홍장원이 작성한 메모가 아니다 보좌관이 나와서 진술 해야 진정성립 여부 다툴수 있다 증인이 나타나면 필적 감정을 사전에 해서 당사자 여부확인 후 작성자가 맞으면 그때 증인 증언 들으면 된다 판사님 정의감 응원함니다 가짜 메모 아 뭐하는 짓인지 아니 이건 메모라고 정의할 수가 없는 예술품인데 판사는 법과 양심적으로 살아야 한다 제발 범죄자들에게는 타협이 없읍니다 절대 굴복하면안됩니다 법은 국민들을위해 지켜주세요 일개 범죄자 한놈때문에 대한민국 법이 무너지면 안됩니다 역사에 남길 판결 부탁드립니다 지귀연 판사님 지금 재판 잘못하면은 나라가 공산주의로 갑니다 재판 잘해주십시요 특검에서 이미 노상원 자신이 작성했다고 했음 판사님 대한민국 최후의보루입니다 지귀연 법을 지키는 바른 판사님 화이팅 국가를 지켜주고 계십니다 감사합니다 많은 국민들이 함께 합니다 화이팅 지귀연 애국판사님 화이팅 3권분립 자유민주주의 입법 사법 행정 모두 독립기관이죠 막 싸워서 이겨주세요 지귀연판사님 화이팅 홍장원 증언 증거 다 불충분으로 탄핵판결 다시해야함 지귀연 판사님 이나라를 살려 주세요 문상호 증인 있는더 정말 열열 재판 하시는 지귀연 재판관님 지귀연판사님은 웃음소리도 신스럽다 판사님 너무 존경합니다,0,1
BtmDYY8osmA,2025년 김용민 김완 오혁진 김승원 노영희 신용한 주진우 박종찬 주식아가방,쿠팡이 능동적으로 해결해 주는게 없다 TV 신문광고라도 하여 정보유출차단 방법을 알려주어야지 사실숨기기나 무마에만 힘쓰는 기업은 더 이상 안된다 노동자 과로사 일용노동자 퇴직금 미지급건 수사에 외압 행사 미국적의 회장 회사 공시도 미국에만 퇴직전관 판검사로 득실거리는 이런 악덕회사에 맞설 대체기업이 없는게 갑갑하다 사법부가 정신 못차릴 정도로 사법부 개선법을 발의해라 공정하지 않은 조희대 대법원장의 힘을 다 빼내라 대통령께서 내란세력이든 국가범죄자들은 상속인들까지 철저히따져야한다 하셨으니 제대로 처벌될듯요 박종찬 단장님 나오셔서 침투부에서 궤도님 발사중계때도 못 들은 긴박한 내용들 들으니까 더 고생하신게 느껴지네요 항우연 화이팅 지방선거 역풍 운운말고 내란 동조세력 남김없이 형사처벌해야 된다 무장한 군인들이 급박한 와중에도 눈이 상할까봐 목을 조준했다는 배려라고 와 신박하다 철저하게 조사해서 합당한 처벌을 해주세요 모든 법 조항에는 취지를 같이 달아 놓아야 법왜곡이 없다고 봅니다 내란과 법왜곡죄는 사면없는 처벌로 다스려야 합니다 이런 법이 없으면 법으로 만들어 확정지어 주세요 감히 이런 불법은 생각하기도 힘들게 해야 합니다 주식아가방 몰아보기로 단독 편집해주세요 검찰청 폐지도 78년만에 완성 사법부 적폐청산은 훨씬 어렵고 힘들겠지요 법안들 꼼꼼히 하다보니 늦어진거 알지만 국민들 입장에서는 그동안 많이 답답했어요 이재명 대통령님 정청래 대표님 추미애 법사위원장이라 다행입니다 내란청산 끝까지 응원 합니다 공장장은 과학 관련 인터뷰할때 빛나요 누구보다 젤 재밌어 계엄해제후 곧바로 조희대가 누구한테서 전화로 지시를 받았는지를 즉각 조사해봐야 한다 총구를 막아선게 군용물 탈취라 저런 시각으로 세상을 볼 수 있다니 놀랍구나 저 변호사들을 내란 가담자 입장으로 놓고 보면 맞는 말이다 즉 저 변호사들도 내란 관련법으로 처벌해야 한다 참 꽉찬 방송 계속 숨기만 하는 저 사악한 조희대를 지금즉시 붙잡아서 엄중하게 수사하고 처벌을 해야한다 끝짱을 봐야합니다 꼭 역사를 잊은 자에게는 그 역사가 반복되는 형벌에 처한다 김용민의원님이 있어 얼마나 다행인지 몰라요 꼭 필요한 입법 해내시는 의원님 감사합니다 김용민 의원님 퐈이링 일 진짜 잘하셔 양복 입은 입법 글래디에이터 공장장 우주분야 인터뷰할때 너무빛난다 저걸 다 알고 질문할수있다는게 넘 멋짐 알차다 알차 바쁜 출근시간 쪼개서 놓치는 부분 있으면 뒤로 돌려서 다시 듣고 하는 게 하나도 안 아까워 내 삶의 생산성을 높여주는 민주진영 천년고목 겸공 주식아가방 좋은 아이템입니다 잘보고 있어요 겸공 마스코트 최서영pd님 화이팅 내란을 철저히 단죄하지 못한 페루는 수많은 국민들의 피해로 되돌아왔다 우리는 잊지말자 철저히 단죄하지 못한 과거 군사쿠데타가 지금의 12 3내란으로 되돌아온 것이다 사법부는 철저히 수사하고 철저히 단죄하라 내란전담 재판부 설치가 시급하다 눈이 상할까 봐 총구의 라이트를 목에 비췄다고 법정에서 변호사가 대변 하는 비정상적이고 비 이성적인 무리들이 과연 평범한 일인가 정말 무서운 세상에 살고 있는 것이다 정신 차려야 한다 국민은 아직 내란 중이다 언제 까지 지켜 봐야 하는 것인지 이번에는 내란세력 철저히 단죄합시다 내란전담재판부설치 너무 늦은 감이 있습니다 박종찬 단장님 고생하셨습니다 그 열정과 고뇌가 이렇게 절절하게 전해져 일 하던 손 잠시 멈추고 응원 댓글 씁니다 정말 고생 많으셨습니다 세훈아 다녀와야 겠다 급식 먹으러 울 아들도 김포에서 군생활 했는데 북한에서 보낸 무인기 땜에 3개월인가 항시 비상대기 비상근무 김포였지만 전방까지 파견이라고 해야하나 여튼 전방가서 보초도 서고 힘들었다 입대하고 난뒤엔 채해병 순직사고까지 나서 엄마인 나로서는 울 아이 군복무 내내 불안했다 울 아이도 제대하고 그러더라 전쟁날까 무서웠다고 그럼 말 다한거 아니냐 윤건희 강점기때 복무한 청년들은 복무 내내 불안했단 얘기잖아 이 나라를 도둑 놈들이 다 털어가게 만드는 자칭 보수도 아닌 보수세력 참 기가막힌다 잘하고 계십니다 조금만 더힘내서 내란부역 세력에게 죗값을 꼭 선사해 주십시다 대장동가지고 지랄들하더니 서울시하는거봐라 저게 하루이틀일이겠냐고 지금까지 저런식으로 전국적으로 얼마나 많은놈들이 뒷돈처먹고 아주 떵떵거리면서 살고있겠냐 단장님 설명 참 잘 해주시네요 설명서를 보는 것 같아요 변호사는 내란가담자라도 처벌 못한다는것은 정의가 아니다 와 서빙교 대형 온누리교회에 을 앞둔 이 시점에서 나경원을 인사 소개했다고 하네요 너무도 실망스럽습니다 기독교인으로써 정말 어떻게 마음을 다잡아야할지 힘드네요 한국항공 우주연구원 박종찬 단장님 응원합니다 겸공 거의 안보다가 12 3부터 하루도 빼지 않고 보고 있습니다 윤석열이가 겸공 구독자 올려준 1등 공신 어준이 형님은 과학 문화 패션 얘기할때 눈이 초롱초롱 미소가 한가득 지금은 무엇보다도 내란척결이 첫번째야 이사람들아 내란전담재판부 법왜곡죄 빨리 갑시다 민주당 김용민의원 완전 응원합니다 어정쩡한 관용은 현재의 범죄자와 미래의 잠재적 범죄자들에게 새로운 용기와 또 다른 범죄를 용인하는 것이다 국가와 국민을 해하려 했던 자들에게는 잔인할 정도로 단죄해야 한다 그래야 같은 범죄를 저지를 용기를 못 갖습니다 누리호 4차발사 연구하고 관여해서 성공시킨 모든 분들에게 감사와 존경을 표합니다 아리랑 7호 발사 성공도 축하합니다 그동안 다스뵈이다와 뉴스공장에서 항우연과 누리호 얘기해주신 김진한 단장님은 항공우주시스템공학회 회장님 임기 2025 1 1 12 31 이 되셨네요 연달아 발사 성공시킨 박종찬단장님 잘하셨어요 김어준총수가 우주청에 대한 불편 부족사항 물었을때 20년 항우연 박사답게 열심히 잘해주었다로 답해주셨는데요 믿을 수 없을 정도로 놀라운 상대방 얘기를 잘 들어주는 요즘 외교천재 경제천재로 호평받는 이재명대통령은 원래 시민들 모든 문제 해결사로서 신속 행정집행의 대가시고요 이재명대통령은 당사자가 구체적으로 요구해주길 원합니다 그래야 바로 구체적으로 행정지시를 신속하게 할 수 있기 때문입니다 행정처리땜에 20년간 힘들고 지치셨겠지만 요구하세요 대통령님은 뉴스공장 매불쇼 모니터합니다 댓글 sns 커뮤니티 찾아봅니다 항우연 여러분들이 우주에 꽂혀서 평생 열정적으로 살듯 이재명대통령님은 사람들 행복하게 만들기에 꽂혀서 방법을 찾으려해왔고 젤 빠르고 효과적인건 당사자가 잘안다라고 생각하십니다 망해가던 한국을 6개월만에 어메이징하게 만들고 있어요 항우연도 솔직하게 요구하시면 효능감으로 살맛나실겁니다 내란재판부 찬성 늦었지만 정말 단죄하고 정상국가로 나아가야합니다 흥미진진한 뉴스공장 감사합니다 무궁한 발전 기원드립니다 내가 이방송들으면서 공장장님 공학전공적 대응 아주 흥미롭네요 지수라니 오늘도 잘봤습니다 특히 민주당 대응에 국민 모두가 지지를 할듯하고 나또한 응원합니다 흐지부지 하지 않게 몇번이라도 꼭꼭 단죄 해주시고 제도 개선 힘써주세요 그리고 우주과학은 미래 먹거리라 다들 그러더군요 우주로 미래로 대한민국 화이팅 입니다 공장장님 해박한 관심과 지식에 또놀랍니다 단장님과의 인터뷰도 가슴이 웅장해지면서 곳곳에서 애쓰시는 모든 대한국민들 멋지고 자랑스럽습니다 감사합니다 과학자들 정말 멋있다 수미상관 초지일관 김용민의원 판사들 압수수색해서 내통하는지 확인해봐야지 내란뿌리 반드시 뿌리를 뽑아서 처벌하라 믿으수있는 방송항상 찾아보는방송 뉴스공장 V0 V1 이라는 기호가 생겨난 사이비 정부에서 바른 시민들은 몸부림칩니다 대통령 실에서 발생됀 불법적 사건은 대통령의 무능적 직무유기 공범입니다 계엄세력도 끝장을 봐야 하지만 국힘당도 반드시 위헌정당으로 해산시켜 여죄를 물어야 한다 내란범들은절대 사면불가로 법제화해야한다 북한은 다 알고있었던거지 도청으로 김용민 의원께서 지귀연이 한 판결 역사상 단 한 번만 나온 시간 적용한 바로 그 판결 에 대해서는 소급 적용해서 처벌해야만 합니다 소급 적용을 할 수 있는 방법이 있습니다 1212쿠데타에 대한 역사 바로 세우기 특별법이 바로 그 선례입니다 90년대 중반의 특별법으로 1212쿠데타를 처벌했다는 걸 잊어서는 안됩니다 시간 적용 판결 처법 특별법으로 지귀연 처벌하면 됩니다 이 사건을 처벌하지 않으면 역사상 단 한 번만 나온 이 판결에 대해 우리는 후손들에게 할 말이 없어집니다 단죄를 해야지만 검사와 판사들이 시민들을 두려워하게 됩니다 누리호 발사 그 영광의 순간을 오늘 처음 봅니다 겸손이 아니었다면 세상을 향한 눈 귀 다 닫고 살았을 텐데 함께 하는 아침을 마련해 주셔서 감사합니다 겸손최고 우리 공장장님 최고 용현이가 중과부적이란 말을 했지요 정상 사고방식인 군인이 안따르니 계엄 실패 그래놓고 계엄 아니다 발뺌질 추하다 그냥 전재산 몰수하고 사형집행 해주세요 언제나 응원합니다 그동안 특검 검사들은 다 빼고 때 안묻은 사람들로만 채워서 빨리빨리 해라 겸공 굿 어준 공장장 모두 모두 잘봤어요 상기하자 5 18 12 3 내란 군사반란 단죄 청산해야 해요 대형교회의 극우화 실망 겸공도 20 30대들이 많이 보는 인스타그램에도 오픈했으면 좋겠네요 매불쇼 인스타그램 이제 시작했다고 하는데 겸공도 같이 시너지효과 냈으면 좋겠습니다 나랏돈을 다 해쳐먹으려고 했던 내란동조자놈들이다 절대로 한놈도 빠트리지 말고 아주 철저하게 수사하고 제발 엄중하게 중벌로서 철퇴를 내려줘야지 지선의 압도적 승리를 하고 싶으면 특판을 비롯해 내란의 깔끔한 정리가 최우선입니다 TBS에서 퇴출당한 김어준과 에서 퇴출당한 주진우와 최욱이 그때보다 더더 잘나가고 많은국민의 응원을 받으며 승승장구하는것이 자연의 이치이자 사필귀정 아니겠습니까 오늘 주진우기자님의 깔끔한 헤어스타일은 최고입니다 최피디님 생기발랄하네요 공장장이 놀려도 전혀 흔들리지 않고 감사합니다 정청래대표님 요즘 좀 답답했는데 반드시 하셔야할겁니다 겸공 김어준공장장 오늘도 감사해요 김용민의원 진심 응원합니다 100년이 걸리더라도 끝장을 바라 김용민의원님 정말 정의롭고 멋지십니다 아니 사법부가 대놓고 우린 국짐 2중대 라고 보여줬는데 민주당 너무 물렁한거 아니냐고 악 소리도 못나오게 해야 내란청산 똑바로 되는겁니다 주기자님 용산역에 있는데 사진을 찍자고 몬했내 깜놀 조희대 체제에서 내란재판부 구성이 올케 될 수 있는건지 우려되네 김용민의원님 법조항에 해야한다 한다 같은 반드시해야하는조항을 하지않았을때 처벌하는 법왜곡죄도 구체적으로 명문화해주세요 주식 아가방 너무 유익합니다 별도 재생목록으로 볼수 있게 부탁드려요 감사합니다 김용민의원님 든든하네요 그렇습니다 겸공 신뢰도 1위 응원합니다 김어준공장장만 오래전 부터 우주청 진행과정부터 과학자들 고충을 다 인터뷰하며 들어준 거 똑똑히 기억한다 과학자분들 자부심 가지시고 원하시는 거 개인적인 일도 꼭 성취하시기 바랍니다 진짜 일 잘하시는 김용민 의원님 응원합니다 주식아가방 고맙습니다 멋지다 김용민의원 오세훈은 들여봐야 할게 많은 것 같습니다 김완 기자님 무릎탁치는 취재내용 응원합니다 화면 가득 빛나는 태양이 낮게 보이고 땅위에 4 5바퀴는 크게 또아리튼 가늘고 긴 노란빛 뱀이 머리를 치켜들고 있다가 태양을 향해 확 물려고 달려드는 모습을 화경으로 봄 아참 그리고 죄송하게됐다 란 메세지도 태양을 대통령이라 생각하면 안전에 문제가 있을듯 새벽 108배하며 무사를 기원하다 괜찮다 신탁 받음 경호안전 각별히 더 주의해주시면 좋을거같습니다 기득권과 공무원 범죄 성공은 판사가 마무리한다 썩은 판사 개혁 안 하면 나라는 망한다 판사를 수사할때 영장은 같은 판사에게 청구하나 그게 궁금하네 우주선 관심 있는 학생들을 위해 견학 및 체험 프로그램 있으면 앞으로 차세대 우주 연구 개발자들을 발굴 할수 있을것 같아요 너무 자랑스럽습니다 1차 특검 2차 특검 3차 특검 4차 특검 끝까지 갑시다 끝날 때까지 갑시다 사랑합니다 그난리통에꿈쩍도아니하고참아낸 북한에이렇게고마워하고싶어질줄 예전에미처몰랐네요 정말로 아차 했으면전쟁으로이어저얼미나믾은 인명살상은물론국민생활나락으로 떨어지고동남아후진국수준이될뻔 정말로치가떨리는시간들이었음을 시간이지날수록깨닫게되고수많은 우연들이엄청난위험을피해가게해 주신자연그리고죽은자의혼령들이 순간순간도왔음을실감하는시간들 영령들이여무지무지감사드립니다 주식아가방 저도 막내피디님처럼 언제 주식상황을 체크하나 궁금했는데 아침 8시 미장 퇴근후 국장 알려주셔서 감사합니다 광야에서 노래가 왜이렇게 와 닿을깡 김승원 의원은 기각되면 국민들이 난리가 날겁니다 국민 국민 국민들 얘기 그만하시고 민주당 국회의원들이 난리가 나서 보여주세요 실행하세요 수고하셨습니다 오늘도 김어준 공장장님 2차 종합특검은 내란전담 재판부가 맡아서 하는걸로 법왜곡죄 판사들도 엄벌에 처해야 합니다 털보 건강해 지귀연법 꼭 통과되서 앞으로 판사라도 멋대로 못하게 됬으면 좋겠습니다 제가 지귀연법이라고 부르는 이유는 꼭 피해자에 이름으로 법을 부르던데 저는 가해자 혹은 그 행위를 최초로 수행해서 논란이 된 자의 이름으로 법의 별칭을 부르는게 설사 형사적인 처벌을 헌법적으로 할 수 없다하더라도 그런 사회에 악을 끼치는 사람에게 경종을 울리는 한가지 방법이라고 생각하기 때문에 지귀연법이라고 부릅니다 그리고 이건 국민들이 피해자인데 국민법이라고 부를 순 없잔아요 위에서 말한대로 잘못된 것이기도하고 제 논리가 지귀연 판사의 입장에서 피해라고 생각할 순 있지만 헌법적 한계와 국민들이 입은 피해를 생각하면 당연한 인과응보라고 생각합니다 김용민의원님 정말 열일하십니다 고맙고 감사합니다 종합특검보 김경호 변호사님을 추천합니다 내란재판부 신설 김용민 의원의 노력이 넘 컸습니다 감사합니다 민주당이 힌명으로 후보자를 좁히지 않으면 오세훈에게 서울시장 선거 이길수 없음 경험있는 현 성동구청장 정원오 응원합니다 서울시장 선거나가려고 최고의원 사퇴한 전현희 경기지사 나가려고 사퇴한 김병주 진짜 실망임 스피치 전달력 없는 전현희가지고는 절대 오세훈 못이김 이미 종교집단들도 오세훈에 표를 모으고 있는 상황에,1,1
o19GqTLt8h4,발언 듣던 지귀연 법관을 뭘로 보고 김용현 내란 재판에서 무슨 일,재판장 사회 잘보네 가족오락관 같아 분이기 좋네 뭐 꼭 재판이 이런 시트콤일줄은 전혀 몰랐다 이게 진짜 그 신구씨가 나왔던 그 시트콤 같어 대단하다 재판관이 피고인변호사측에 용서를 구합니다 라고 하네 역겹다 내란죄 재판인데 이게 뭔하는건지 전혀 진지하지 않은 판사의 태도에 화가 많이 난다 뭐냐 서로 반성하는 시간임 내란 재판이 아주 훈훈하네 실제 내란재판이냐 웃음이 오가고 재판관이 피의자한테 죄송합니다 라고 하는게 기가차고 코가막힐일이다 변호사 판사 똑같아 살다살다 이런재판 첨본다 미처다 이런게 재판이라고 니가 판사가 말을 그리 구구절절하니 저것들이 그러지 에구 참 정말 세상이 기가 막히다 참 화기애애하네 변호사 한테 지적 받는 재판장이라니 진짜 화기애애하네 변호사가 혼냈단다 교육을 시켰단다 이 조직 뭐지 재판이 아니라 개판이네 이 장면이 널리 공유되길 눈을뜨고 볼수가없네 재판장이 난장판 화기애애하네 저러는데 재판이 제대로 진행될 수가 있는건가 희한한 장면이다 뭐하냐 어이없네 진짜 무슨 가정 법원 가족사건 합의 조정하는 것 같으네 도대체 뭔 재판을 하려는지 한심하네 이러니까 내란전담재판부가 꼭 필요한겁니다 동네 마을회관에서 친목모임하는 거 같넼 귀찮아서 라는 말이 아무 생각없이 나올 말이냐 그건 꼭 해야지 하고 말하는 단어다 와 정말 저게 내란형사 재판 맞어 장난해 일반형사재판도 이렇게 안한다 이재판이 얼마나 엄중한재판인데국민들 다보고 있는데 이렇게 분노를키우네 제가 지금 뭘보고있는거죠 내란재판보러왔는데 여기가 아닌가보네요 이하상이랑 저 안경쟁이 아직도 감치 안하냐 이나라 법이 있긴하냐 두변호사 언제 감치하나요 그리고 변호사 협회는 뭐하고 있나요 법정에서 검찰측에 꼼수라니 참 저런게 변호사라니 감치도 부족하다 볼때마다 당황스럽네 토론하냐 지귀연 니가 독립운운 하냐 형사소송법 까지 어겨가며 내란수괴 탈옥시킨 판사놈이 웃기네 재판이 아니고 개판이구나 언제부터 변호사가 피고인을 교육시켜 저들은 나라의 역적들이고 역적질에 대한 재판이 무슨 경범죄 재판 수준이군요 기가 막힐 따름 입니다 아아알겠습니다 무슨 레크레이션 하나 내란 재판 분위기가 아주 즐겁고 화기애애하네 진짜 아 내란 재판입니다 이게 뭔가 아 속이 답답해서 넘어올것 같다 지귀연을 보니 앞으로 판사를 판사라 부르지 말고 법기사 라고 칭해야 한다 법기사 조희대 법기사 천대엽 법기사 지귀연 뭘 용서 아 한심하다 변호사가 교육을 시켰구나 법관은 공안정권에 하수인들 아니였나 재판이 무섭고 엄중하게 진행되는줄 알았는데 진짜 별거 아니란건 볼때마다 배운다 내란 재판 참 잘 돌아간다 시트콤이네 화기애애하네 참 분위기 좋내 요 자유로운 토론 학습분위기 말장난 난리 재판장이 중심을 못잡으니 아사리 재판 천년만년가겠네 법정이 저렇게 화기애애한 곳이었군요 얼씨구 절씨구 지귀연 너무 가벼워 저런 인간이 어덯게 판사 자리에 앉아있지 대한민국 법정도 썩을때로 썩었네 아 주 화기애애 하네 헐 법관을 뭘로 보고 이 법정에서는 호구로 본다 혼내고 교육시켰다네 4 악마들이네 여론이 안좋으니 태도가 싹 변했네 사랑과 전쟁 법정이냐 재판관말끝나기도전에 잘라먹는클라스 그걸 보고 좋다고 웃는 어이들 없네 저게 역적넘들을 재판하는 내란재판 맞냐 기가 차는구나 1 지귀연 재판장이 변호인에게 용서를 구합니다 대한민국 법정에서 이런일이 다 법과원칙이 말똥에 얼굴을 쳐박는 날이로구나 2 변호사가 재판장 한테 협력해줘라 기막힐 노릇이다 재판장내려 놓고 사회자가 되는게 대한민국 법치가 어쩌다가 이리됐을까 3 대한민국에서 법과윈칙을 늘 강조하던 판사들인데 그런데 재판장 망신이라는것도 모르는 재판장이다 으악 한숨만 나온다 내란재판이 장난이냐 재판이 그냥 뭐 친목모임이구만 지귀연 이 인간 정말 얼른 수사하고 재판에서 배제시켜야 한다 엄중하고 무거운 분위기로 이루어져야할 내란 재판을 하는 법정을 운영하는 판사의 행동이 과연 정상적인가 내란전담재판만이 답이다 뭐야 재판이 반상회냐 기가막히네 다과회 모임 이런 재판에 화기애애하네 친목회냐 범죄자가웃으면서있는 어이없는상황 그러니까 한마디 한마디 조심 해야지 다들 재정신들이 아니네요 우리나라 사법부의 수준이 이정도라니 한심하네요 재판 참잘한다 변호인 피고인 요청 하는거는 겁나게 잘들어줘 법관이 아니라 귀연이가 물로보이니까 아이고 훈훈하다 이 자식들아 한심하다 한심해 법정이 무지 화기애애 하네요 일반 법정도 저런가요 아저씨들 커피숍에 수다 떨러 오신가 같음 니가 그렇게 지금까지 재판했잖아 대한민국 사법부가 완전 맹탕이네 개콘에 나오면 대박나겠다 민낮이 다 드러나는 재판 판사가 개싸움을 조장하고 즐기네 인류 수천년의 정점이 판사야 아주 친해보인다잉 지귀연도 실실 쪼개지 말고 이진관 재판장님처럼 근엄하게 똑바로 해라 참 기가막힌다 정말 가족오락관이냐 재판이 학교 학예회같네 난장판 무슨 법정 분위기가 이 모양 중학교 학생들 모의 재판도 이 보다 낫겠다 장난쳐 장난치냐고 치사하게 핑계대지마라 않통한다 불법비상계엄 내란재판 하는데 뭔 학예회하냐 아주 훈훈하네 변호사들 말은 다 들어주고 이게 재판장치냐 시장통이지 장난하는곳도아니고 지귀연 제정신 안차릴꺼야 스스로 품위를 무너뜨리니까 엄중한 재판이 개판이 되잖아 사랑방 노닥거림이네 귤까먹어가며해라 레크리에이션 강사로 봅니닷 화기애애하네 대한민국 참 좋은 나라네 내란재판까지도 예능 프로그램 같은 분위기고 참 좋네 이지귀연아 볼수록 신성한 법정에서 법을 다루는 법관의 모습이라기 보단 이권에 극대화된 자본주의적 미래 지향성 성향이 농후에 보인다 민사 재판도 이것보다 더 엄하게 진행되는데 귀연아 너같은 사람 때문에 판사 전체가 욕먹는거야 변호사들이 재판장을 개호구로보고 있네 재판 개판 엿같이 운영하네,1,1
82iElNY-irE,이재명 등장하는 녹취가 뭐길래,최고입니다 최고의 언론사 이재명이통일교해산시킨다고협박하는이유를알것같구나 이재명당장끌어내러야한다 불의가 법이 될때 국민 저항은 의무가 된다 어서 이재명 재판 재개하는게 김현지 정진상 김남준 김용 이석기 꺼지는게 답이다 윤영호는 싹 다 부는게 답이다 온갓 못된짓은 다했네요 역사적인 인물 와 참 인간이 아니고 괴물입니다 지 칼에 지가 맞는 격이지 내로남불의 끝판왕 찢 끌어내려야 나라가 바로선다 여당 봐주는 개특검 철퇴를 맞아야 합니다 양파처럼 까도 까도 나오는 범죄자 전과4범의 사기꾼을 긴급 체포하라 이재명을 재판하라 이재명을 수사하라 범죄자들은 사기를처야출새한다 양심없는 양아치들이니까 부끄러운줄도몰라 민중기 고발 조치하고 특검하라 모조리 잡아넣어야 인과응보 세상이치다 민중기특검을해체해야민중기를구속해야한다 알지 못한 것 알려 주어서 감사합니다 이재명은 까도까도 끝이 없구나 능력없으면 내려와 재판받고 따뜻한 빵에 가길 뉴스 감사합니다 화이팅 입니다 원하는데로 안되니 종교탄압 하는가 그르고도 남을인간 내란우두머리 이재명과 통일교 불법 자금수수한 각료 정치인 모두 감옥가라 이재명이자를 탄핵시켜서 재판 시작하라 그리고 좌파 더블어 민주당이당을 해체하라 총사퇴하라 진실은 다 드러나는거 3대특검 부력자들 전원 구속수사해야합니다 이재명이 통일교 3인자라는 이청우 에 임명장 줬다 특검팀이 사기꾼 집단 앞잡이지 특검팀 엄벌해야 이재명 당장 끌어내려라 당장 깜빵에 보내라 민앵커님 오늘도 응윈하고 강력히 지지함니다 이재명 그냥 내려와라 베네수엘라급 내려와 내려와라 그리고 감옥으로 민주당 통일교 커넥션 민중기 특검 이죄명 커넥션을 덮은 민중기 이자 처벌 구속되어야한다 정확한 팩트로 전하니 귀에쏙들어옵니다 국힘당에서 통일교 게이트로 확대시켜야 된다고봅니다 이재명나쁜놈 완전이중인격이다 국민이여깨어일어납시다 국민들이여 국민저항권을 발휘 해야 됩니다 임종성 전 의원이 이청우를 소개해줬다고 한다 깔끔한 진행 구독했습니다 통일교로 부터 불법 정치자금 받았으면 당선취소시켜야 되는 것 아닌가 역시 민주당 법위반이재명탄핵 이시간부터 직무정지시키세요 응원합니다 응원합니다 감사드려요 조만간빡칠거다재미나게구경하자 특검 세금 그만써 인간들아 응원 함니다 힘네셰요 빨리 니다재판받고 구속해야합니다 수고하십니다 조작특검 당장 해체하라 특검도 다 이재명 끄나풀지요 다 짜고치늕고스돕이라고나 할까 국민들을 다 갖고 놀았지요 스스로 자멸게이트를 열었네 일본총리가 건들다 골로간걸보면 통일교가 무섭긴 무섭네 민중기를 특별수사하라 통일교가 살기 위해서는 이를 만천하에 공개 하라 이재명의 생명은 얼마 남지 않았다 이재명이 이를 막기 위해 종교 재산 운운 하는것 통일교는 정면 승부에 들어가야 한다 뒤집어 씌우는 건 달인이야 이재명과 민주당 특기지 통일교게이트 사건 얼라 때부터 동네 어른들이 하신 말씀이 있다 만세만세만세만세만세만세 까도 까도 양파같은 이재명의 민낯이 만천하에 드라 나고 있네요 이재명은 증거가 아무리 많이 나와도 뻔뻔하게 나는 아니다라고 할겁니다 범죄자정부 이젠 놀랍지도않다 겉 속다른 내로남불 사악한인간들 정신차려라 국민들은 속고있다 다불어라 펙트 정보 늘 고맙고 감사합니다 이제는 명 이다한듯 그만 가자 재명아 15명 이름 밝혀야죠 민중기 특검 은 국민 무서운 줄을 모르나봐요 누구는 뭉개고 누구는 실형을 살고 그게 무슨특검 하는 법조인이야 양아치 나 하는짓이지 그들은 국민 무서운쥴 알아야 한다 골아프다 사형이답이다 휴대녹치다까봅시다 더불당도 구속수사하라 권성동만 구속수사하냐 범죄당도 구속수사하라 민주당구속수사해라특검국민힘만조사하나요참걱정이다 일어나라 이런 내용이 알려줘도 아무런 대치를 못하는 현실 정말 이죄명 개인 국가가 되었어요 대한민국 대표언론 입니다 감사합니다 이긍 이제 지겨워요 매일말만하면 뭘해요 정진상 빠지면 섭섭하지 통일교야 이판사판이다 다 까라 공감합니다 감사드립니다 응원합니다 이재명이 통일교와 과거에 교류가있었다면 그 내용이 드러날까봐 통일교 해체 운 운 하는거 아니가 의심이 가네요 사이비 국정 농단 통일교 만세 참나 그들은 정의로운 정의당 팬인거 몰랐남 기가 맥이내 이제야 고것을 하느님 자유 대한민국 체제 수호를 위해서는 진실이 거짓을 누르고 반드시 승리하게 해 주십시요 이재명은 안이다 나라에 물러나라 이재명 재판 받고 구속 해야 나라가 정상으로 된다 숯이 검정 나무란다는 속담이 생각나요 사기범 답다 뻔뻔한 거짓말을 자연스럽게 양아치짓 그만하고 내려와라 언능 내려오세요 참말로해도해도 우째이리도 구색을갖추냐 하는 짓마다 자충수라면 두뇌가 잘못된 거 아닐까 이번엔 탄핵 가능 좋은 뉴스 감사드립니다 지나가는 소가웃는게 아니라 개가웃겠습니다 시간이 갈수록 윤석열대통령님은 너무나 청렴결백하셨네 우리나라가 왜이렇게 혼탁할까 금뺏지만 달아주면 범죄만 저지르고있네 나라가 미쳐 돌아갑니다 군 경찰 공무원 검 사법부 민주당 국힘기득권자 정부하나같이 정상인게 안보이네요 집단 마약먹은것 같이 왜 저렇게 중심을 못잡고 뭐가 옳고 그런가도 분간도못하는자들이 너무많네요 범죄자 이재명은 즉각 그자리에서 내려와 중지된 재판 받고 감옥에 스스로 들어 가길 바란다 국민들의 명령이다 법 앞에서는 만인이 평등하고 본인이 본인 입으로 대통령도 재직중 죄가 있다면 재판을 받아야 한다고 본인 입으로 떠벌였다 일구이언 하지는 않겠지 에휴 인간들아 어찌 사는 모습이 같이 사냐 모든 특검 빨리 중단하고 해체하라 귀찮아 진상이 한방에 보낼수있는거 통일교와 얶는거 국짐당 의원들 뭐하고 있나 니들은 내부총질만 할 줄 알지 방탄 특검은 처음이지요 이게 특검 의 민낯이네요 반드시 특검으로 현특검을 조사해야 합니다 낮이 얼마나 뚜껍길래 정말 기가찹니다 겁도없지 종교 는 건들 면 안돼 윤영호님 잘하셨습니다 힘내시고 다 말씀 하세요,0,1
iOqQmFSD8_Q,"LIVE 밝은 일출의 날 25.12.11 파워북에 등장한 김광일, 전재수는 뇌물을 받지 못했다. 그 사람이 그렇게 자랑스러웠다면 왜 그만뒀겠는가? 통일교 뇌물수수 메인페이지가 따로 있습니다.","민주당을 붙잡아 수색하라. 민주당과 똑같이 조사해 보세요. 민정기 특검이 이들을 모두 체포한다.|||해가 뜨는 밝은 날에 싸우다|||전재수와 정동영. 박지원 김현지 등등.. 권선동도 감옥갔지만 그들도 감옥에 가야한다. 오직 한동훈만이 거절했다.|||윤 감독님, 진실만이 승리합니다! 용기를 주셔서 정말 감사드립니다.|||법원 판사는 아직 살아 있습니다. 김광일님의 의미있는 지적에 동의합니다.|||우리는 함께 파괴한다|||문형배를 포함해 당시 헌법재판소 재판관 7명은 자유대한민국 역사상 범죄자들이다.|||박지원: 이번 기회에 회계마인드로 아는 만큼 늘려보세요.|||이재명씨 큰일났어요! 도박을 할 여유도 없습니다.|||현희는 역겹다. 상식도, 법도 무시하고 자기 마음대로 내뱉는다. 그녀는 사람들을 바보로 본다.|||전재수의 하차는 김현지의 궁궐의 영향도 받았다.|||특검을 실시해 모두 싹을 틔워라.|||전! 그냥 운이 없었어요!|||통일교는 김대중 시대부터 침묵해왔다. Sun Myung Moon is the person who created the Peace Car in North Korea during the reign of Kim Dae Jung, and he seems to be very close to the political world. 부산이 정신이 좋으면 전재수는 정말 그렇지 않거든요.|||이 정권이 정책을 제대로 펴려면 뭔가를 알아야 한다!|||전재수 뇌물수수|||통일교회는 깊이 절합니다. 결혼식에서도 부부는 서로 깊게 절을 합니다. They always bow to Sun Myung Moon, the leader of the Hanhak Church.|||파워북!!|||제가 관여하고 있는 조직이 모두 망가질까 두렵습니다.|||임종성?ㅠ재명이 끝났어|||두 거장의 비평은 노벨 수준이다|||한동훈이 앞으로 나가면 죽어서 깨어나지 않는다.|||한동훈이 급한거 같은데...|||그 일이 30년 전에 일어났다는 겁니까? 그렇다면 김씨와 그 어머니는 무엇일까요?|||통일교가 아베를 암살한 거 맞죠?",0,1
qwziEJLdNS0,12일 4목 국력 3대 사과 박순봉 김준일 추경호 영장 기각 박순봉 AI기초사회 임문영 신동욱 vs 장경태 설전 유인태 김현중 뉴스쇼,"12·4목요일 뉴스쇼 뉴스연구소 3 나라 권력의 사과 현지 누나 인사 요구 김건희 연봉 2억원 징역 15년 박순봉 경향신문 기자 김준일 시사평론가 인터뷰 1 장동혁 송언석 계엄령 달라 사과 추경호 영장 기각 문진석 김남국 인사청탁 논란 놓지마 뉴스방송 강승희 인터뷰2 AI가 바꿀 세상, 우리나라는 현재 어떤 입장인가? AI 에이전트와 피지컬 AI 국가인공지능전략위원회 임문영 부위원장 장동혁 폭력사태에 월간계엄 문진석 김남국 인사 청탁 논란 신동욱-장경태 성추행 의혹 유인태 국회 사무총장 미니댓허니쇼 문진석 김남국, 어떤 후속조치가 필요한가. 유인태 국회 사무총장|||말썽꾼은 코인박사 김남국뿐인가? 불쌍한.|||가끔 인사청탁 비리를 그렇게 가볍게 여기시나요?|||유인태 아저씨... 찍히지 않아도 괜찮아... 뭐 달라고 한 게 잘한 일이었나..? 정말 이게 다란 말인가..? 이제는 그냥 집에 있고 싶은데... 틀린 말은 안 하고... 우리가 볼 수 없는 곳에서 하고 있으니 몰래 하는 게 아닐까 생각하실 수도 있겠지만... 공개적으로 하고 있는데... 다른 남자들도 예전에 그랬어요... 이게 다...|||잡히지만 않는다면 괜찮습니다. 문제는 그걸 촬영했다는 거다. 나는 듣는 동안 내 귀를 믿을 수 없었다. 제가 잘못 들은 줄 알았습니다. 내 마음 깊은 곳에 작은 분노가|||민주당 말썽꾼 조국 정청래 추미애 김남국 국민의힘 말썽꾼 윤석렬 장동혁 김민수 권성동. 세상에는 도움이 되는 사람도 있고 전혀 도움이 되지 않는 사람도 있습니다.",2,3
9vzIW02cqjE,박수현 현지 언니의 문자? 범죄도 아니고 윤리검사 대상도 아닙니다.,"이래서 민주당이 역겹다. 윤석렬 시대에 이런 일이 있었다면 민주당은 당시 정부와 국력에 뭐라고 말했을까. 만약 당신이 뭔가 잘못했다면, 당신은 뭔가 잘못했다고 말해야 합니다. 당신은 자신을 보호하려고 노력하고 있습니다. 너희들은 오만하고 오만하다.|||와, 이건 정말 내 잘못이야 ㅋㅋㅋ|||김남국을 뽑았을 때 충격을 받았는데 역시 국민 세금을 내지 않고 잘 살 것 같다. 당장 자르지 않으면 언젠가 반드시 대가를 치르게 될 것이다.|||직권남용은 윤리점검 대상뿐만 아니라 법적 조치 대상도 되는 것 아닌가요?|||불법이 아니라면 윤리적으로 문제가 없다는 뜻인가요? 내로남불..|||김현지의 횡포는 상식에 부합하므로 민주당은 그렇게 옹호하고 있다.|||그들은 왜 민간단체 회장과 연루되는 걸까? 이건 직권남용 아닌가요? 왜 죄가 아니라고 생각하시나요?|||티켓과 함께 보여주자. 티켓만 보는 아이들이군요.|||안녕하세요, 당신은 누구입니까? 문진석씨의 자동차산업협회 회장직 요구가 범죄인지 아닌지 판단해 주십시오. 범죄 아니면 괜찮아? 그러기 위해서는 윤리감시팀이 아니라 범죄수사팀이라고 불러야 한다. 문진석 운영위원인지 다른 의원인지, 현직 국회의원이 민간단체장을 청와대에 요구해 마피아 행세를 하고 있는데 무슨 소리냐. 윤리점검팀은 어떻습니까? 국회 본회의에서 누나, 형처럼 문자를 주고받는 김남국이 폭탄이다. 정리하자면, 이 사람들은 말하는 척만 하고 있는데 나는 너무 배가 부르다. 나는 화를 내지 않습니다.|||민주당 의원들 다 미쳤어요. 해산하다. 이것이 답입니다. 사람들은 화가 났습니다.|||내가 알기도 전에 그것은 사라졌습니다. 그게 다야.|||박수현 의원은 소신이 강하고 중도층을 대표하는 정치인으로 여겨졌으나 충남도지사 출마를 두고 혼신을 잃었다. 정부 조사를 받고 싶지 않아 인사에 개입할 수 없는 공직으로 옮겨진 점도 비판의 대상이다. 그러나 노골적으로 인사에 간섭하는 정황이 드러났음에도 불구하고 그는 문제가 없다고 말하고 있다. 권력을 누리고 책임을 지지 않는 체제에 반대하는 강력한 인물이다.|||최순실은 왜 10년 넘게 감옥에 갇혔나? 김현지가 국정농단 행위에 완전 휘말렸다. 이 범죄 정권은 반드시 무너져야 하며, 그 두 남자와 여자는 수십 년을 감옥에서 보내야 합니다.|||왜 우리는 계속 민주화운동을 빛의 혁명이라고 부르나요??? 나만 불편함을 느끼는 걸까?|||빛의 혁명이라는 말은 무슨 뜻인가요? 이 시대는 혁명인가? 왜 자꾸 사람들을 선동하고 기만하는 겁니까? 박수현 제발 정신 똑바로 차리고 살아라.",0,1
5ZVAsRogXIE,소위 대통령이라는 사람은 북한의 기본적인 사실조차 모르고 있는 걸까?,"그는 거짓말쟁이이고 사기꾼입니다. 빨리 감옥에 보내야 합니다.|||나는 정책에 대해 모른다. 대장동 비리는 잘 모르겠습니다. 백현동 비리를 모르겠어요. 북한으로의 송금에 대해서는 잘 모르겠습니다.|||이재명의 호흡조차 거짓말이다.|||그들은 권력과 재물에만 관심이 있을 뿐, 국민의 삶에는 관심이 없습니다.|||마을 이장에 대하여|||좋아요|||예. 무섭다.|||그런데 - 내년에 한국에 큰 경제위기가 닥칠 것이다 - IMF - 1997년 IMF에서 벗어나 - 핵태풍 토네이도가 닥친다 - 원화는 돈낭비다 -|||내가 대통령이야? 물론 모르겠지만, 꼭 알 필요가 있나요??? .........ㅋㅋㅋ",0,1
S-0bVM53was,"조희대 현 대법원장, 비리수사처 고발 한두 건 아닌 기소유예 Shorts MBC News","좀 더 조사해서 진실을 찾아보자.|||조사해야 해|||엄정한 조사를 부탁드립니다.|||조희대를 철저히 조사하고 엄벌하라.|||엄중히 수사하고 엄벌하라|||제발 철저히 수색하고 압수합시다.|||지금 가장 추악하고 위험한 사람|||엄중히 조사하고 처벌해야 합니다.|||불의한 사법부를 개혁해야 합니다.|||일반적인 경우라면 바로 조사를 했을 것이다. 폐기하기 어렵다는 게 말이 됩니까?|||반란군은 사임하고 조사를 받아야 한다.|||우리나라의 암덩어리를 빨리 잘라내서 처리해주십시오.|||철저히 조사해서 모두 처벌하고 해임해야 합니다. 구속이 필요합니다.|||철저히 조사해주세요|||검찰 수사관님, 빠른 처리 부탁드립니다.|||강력하게 처벌해주세요|||발리를 체포하고 구금하십시오. 그는 대법원장 자격이 없습니다.|||조기에 검거하여 철저히 조사하여 처벌하라. 그냥 무시하면 국민들이 용서하지 않을 겁니다.|||암 덩어리가 발견되면 잘라내어 치료해야 합니다. 그렇지 않으면 계속해서 번식하게 됩니다.|||체포하여 조사하라|||판사는 절대 신이 아닙니다!! 왜 판사는 예외여야 하는가? 오히려 더 엄격한 기준으로 판단하고 처벌해야 한다고 생각합니다. 실수가 의심된다면 당연히 조사를 받고 처벌을 받아야 합니다!!!|||철저히 조사해서 엄벌에 처해야 합니다.|||잘못된 판결을 내린 판사는 처벌을 받아야 한다.|||반드시 처벌받아야 할 사회악, 국가악|||사법개혁은 반드시 필요하다. 그곳은 성소가 아닙니다.",1,1
cj99qaBUL4A,다른 사역의 문제라도! 필사적으로 웃음을 터뜨린 이재명 대통령님 수고하셨어요 ㅎㅎ,"내 지인인 행정학 교수는 공무원의 지능은 해당 부처장의 능력에 따라 천재와 바보 사이를 오간다고 했다.|||식품의약품안전처장님, 정말 좋은 일을 하고 계십니다.|||식품의약품안전처장님, 자기 일이 아니라고 그냥 무시하실 것이 아닙니다. 당신은 훌륭한 공공 정신을 가지고 있습니다.|||눈으로 보여줘도 믿지 않는 사람들은 그냥 답이 없습니다.|||돌아가라, 돌아가라. 조직이 작동합니다. 잘 돌아가고 있어요|||고품질 생산에는 물이 중요하다.. 맞는 질문이었다.. 국무회의를 보고 21세기 경연대회를 개최하다 보면 인식이 확장된다.|||윗물이 맑으니 아랫물도 맑아요!!!|||당신은 훌륭한 일을 하고 있습니다! 좋아 좋아|||안녕히 주무세요|||이재명 정부 국무회의 생방송을 보면 저절로 희망과 꿈이 생긴다. 진정한 국민주권 시대를 만들어가고 있는 이재명 대통령은 연임제로 임기를 한 번 더 만들어야 한다. 5년은 짧습니다. 썩은 대한민국 구석구석을 고쳐야 합니다. 10년이라도 너무 짧을 것 같습니다.|||정말 잘했어요!! 국민의사랑 이재명대통령!! 만세|||관절줄기세포 치료를 받을 수 있게 해주세요.|||이전 정부는 무엇을 했나요? 오후 5시에 컨디션이 나간 뒤 윤석열 병장을 구했는가?|||꼭 챙겨주세요!!|||브라보.. 대한민국이 번영하길..|||김 수출은 좋은데 국내 김 가격이 너무 많이 올랐어요.|||잘한다|||쌀기름|||잘했어 박수|||리더가 똑똑하기 때문에 부하들도 모두 똑똑하다.|||우리 이재명 회장님 정말 대단하십니다. 그는 이 나라와 우리 국민을 이 혼란스러운 세상에서 평화가 있는 세상, 미래 발전의 비전이 있는 세상으로 이끌 수 있는 세계의 지도자입니다. 리더 K.K 리더.",0,0
tTHQMvVKU5o,"태도가 나쁜 나경원이 그런 건, 세밀한 진단을 내린 김용민이 제대로 처벌을 받지 못해서 그런 거다!","나경원 - 국회의장의 조언도 듣지 않고 예의를 무시하고 하고 싶은 말만 했다는 것 - 노래하고 춤추고 연극하고 조용히 내려오면 누가 말하겠는가 - 나경원, 4가지 없이 행동한 것을 반성해야 한다 -|||남편이 판사라서 다행이네요. 그런 범죄를 저지르고 법을 무시하더라도 그는 그 일을 면한다.|||나베, 국회에서 볼 수는 없지 않습니까, 서울시민 여러분!!!!|||5선 의원이 그런 짓을 하면 국민을 무시하기 때문이다. 이에 대해 숙고해주시기 바랍니다.|||당신은 얼마나 사람을 무시하고 항상 웃는 표정으로 끝나나요?|||나경원 안보고 살자.|||3일이라고 하네요. 오늘이 맞나요?|||나베는 기분이 좋지 않습니다. 나는 충격을 받았습니다.|||나경원의 스트레스가 하늘을 찌르네요. 많이 괴로울 테니 그렇게 비명을 지르는 모양이다.|||나경원 안보고 살고싶다 나경원은 나라의 권력을 더 싫어하게 만든다.",1,1
7gOVKPeBck8,윤석열 석방 막기 위해 구금기간 1년으로 연장?,"나쁜 사람은 반드시 벌을 받습니다.|||법을 무시하는 법 개정은 내전입니다. 저는 민주당이 법치를 파괴하고 있다고 비난합니다. 법을 파괴하고 나라를 파괴하고 있습니다. 민주당을 해산시키자!!!|||윤 총장님을 생각하면 화가 나고, 안타깝고, 끝까지 건강하시길 기도합니다. 윤 어게인|||별도의 악마가 있는 것은 아닙니다. 그가 나라를 황폐화시켰다는 것만으로는 충분하지 않습니다. 그가 온갖 악한 일을 선택한다는 것은 끔찍한 일입니다.|||정말. 내가 그것을 알기도 전에 그것은 돌아 왔습니다. 나라에서는|||국민을 두려워하지도 않는 정신병자들에게 나라를 맡긴 것이 너무 안타깝습니다. 나는 그들이 이 정도 수준의 사람들일 것이라고 결코 짐작하지 못했을 것입니다. 율법까지 파괴하는 자들은 멸망의 길로 인도하고 있는 것입니다.|||역시 선거 조작만으로 한국이 먹힐 수도 있다.|||그들은 마치 작은 가게를 운영하듯이 나라를 마음대로 조종하고 있습니다. 국민이 일어나야 합니다. 상식이 통하지 않는 나라가 되었습니다. 이것은 내전이나 쿠데타가 아닌가?|||말도 안 돼 ㅡㅡㅡㅡ|||법은 고무줄인가? 민주당이 집권하는 나라가 걱정됩니다.|||민주당은 해산된다|||정말 말도 안 되는 일이군요.|||당신은 하늘에서 벌을 받을 것입니다. 인구가 200명도 안되는 나라인가요?|||뉴스를 볼 때마다 정말 기분이 좋아요.|||당신은 장인이니까 일어나서 사람들을 그렇게 대해야 해요!|||반드시 천국의 형벌을 받게 해주세요.|||법에 따라서만|||법이 무너진 나라|||민주당은 해산되어야 한다. 민주당은 해산되어야 한다. 민주당은 해산되어야 한다.|||그 사람은 처벌받아 마땅해요|||정답|||부끄러워해야지 국민은 바보야|||고무줄 방식이 무서운 거 아시죠! 독재자는 정말로 그렇게 영구적인가? 이 범죄, 이두로, 이차이밍, 왕따 타이밍은 반드시 처벌받게 될 것이다! 회장님은 윤석열이십니다!|||이 미친놈들은 뭘 못하지?|||법이란 무엇인가",0,1
81AEXXs8t6A,뉴스바삭 오랜 세월 당 지도부를 뒤흔들어온 국민의힘...장동혁은 어떨까? MBC 251205 방송,"4번 타자는 누구인가? 퇴학이 정답입니다.|||보수에게는 아직 늦지 않았다. 한동훈이 있기 때문이다.|||장동혁은 자신의 손으로 리더십을 무너뜨리고 파멸의 길에 일시적인 광풍의 대표자가 됐다. 그 사람은 능력이 부족해요. 당신도 시도해 보세요. 그것은 죄입니다.|||한 의원 때문에 아직도 국권에 대한 집착을 버리지 못하고 있다.|||한 의원 때문에 총선에서 졌나? 전직 대통령이 잘못해서 졌다. 국민은 살아있는 증인이다.|||서정욱 멘탈평가 좀 받아라|||서정욱 레벨이 최악이네....|||조갑제 선생님의 말씀을 들으면 잠에서 깨어날 것입니다.|||장동혁의 행동을 보면 이재명 정부를 돕고, 이재명 정부에게 잘하라고 말하려는 것처럼 보인다.|||고마워요, 조갑재님.|||추경호가 대구시장이 된다면 대구시민들은 더 큰 어려움을 겪게 될 것입니다. 정신 똑바로 차리고 일 잘하는 사람을 뽑아주세요...|||사실 옥임누나는 예전에는 깐깐한 성격이었는데 이제는 사실인 말을 거의 다 한다. 냉철한 분석과 함께. 나는 그를 좋아하지만 아직 두 나라의 힘에 대해 약간의 후회를 갖고 있다고 생각하므로 빨리 포기하십시오. 해체해야 할 미친 돌이킬 수 없는 그룹.. 응원하겠습니다!|||정옥임 전 의원님, 행운을 빕니다.|||매일 저녁 김민수, 고성국, 전한길과 함께 윤어게인에 가면 함께 술을 마시지만, 그들에게서 멀어질 수는 없다.|||국회의원들은 모두 떡밥을 먹으려는 사람들일 뿐이다. 계엄령을 다시 선포하더라도 계엄령이 해제되지 않기를 바라야 한다. 그래야 더 큰 몫을 얻을 수 있기 때문이다.|||장동혁, 왜 그런 짓을 하는 거야? 정말 말도 안되는 정치를 하고 계시군요.|||장동혁은 자신의 정치만을 추구한다. 그는 일행이 죽든 말든 자신만이 살아남을 수 있다고 말한다.|||장동혁은 자신에게 유익하지 않다고 판단하면 윤어게인을 가차 없이 버리는 인물이다.|||친윤계 인사들이 선거를 위해 TK 뒤에 모여 가짜 사과를 하며 다시 단결하려 한다면 소용이 없다. 사람들은 앞을 똑바로 바라보고 있습니다. 거짓말은 통하지 않습니다.|||전한길은 전광훈에게 둘러싸여 도망치지 못하고 몸부림치고 있다.|||누구나 리더가 될 수 있나요? 극우가 당의 지도자가 될 명분이 있나요? 비상대책위원회로 가면 어느 정도 희망은 있다.|||장동혁이 보수를 망치고 있다.",1,3
ZWTTTEs5PeU,풀영상 국민의힘 장동혁...국회 앞 천막 농성 25.12.10,"그것을 위해 가십시오! 그것을 위해 가십시오! 그것을 위해 가십시오!|||장동혁 화이팅!!|||장동혁 의원을 지지합니다. 국민은 장동혁 의원을 지지합니다.|||열정적으로 응원합니다. 힘내세요. 감사합니다.|||장동혁 잘 지내요! 장동혁. 그것을 위해 가십시오|||장동혁 대표님! 승리의 싸움을 위해 워밍업하세요. 나는 당신을 응원합니다.|||국민의힘 내에서 내분과 분열을 일으키고 있는 인물들을 연일 나열해 주십시오. 장동혁 의원님을 응원합니다. 화이팅.|||장 의원님 힘내세요. 국민 모두가 당신을 지지합니다.|||국력 장동혁으로서 함께 싸우자.|||추워도 끝까지 국민을 믿어주세요...부탁드립니다.|||장동혁 대표님 화이팅!|||국민의힘이 힘을 모아 다음 선거에서 승리해야 하지 않을까요? 일부 의원들은 모자를 써야 한다.|||여러분, 잠에서 깨어나세요.|||나는 당신을 지원합니다. 화이팅!|||장동혁 대표님의 행운을 빕니다. 깨끗하고 당당하게 전진하는 당신을 응원합니다.|||나는 당신을 응원합니다|||우리는 자유로운 대한민국을 지켜야 합니다.|||텐트 농장이 잘 설치되어 있었습니다. 살고 즉시 죽습니다.|||국민의힘으로 하나로 뭉치자 장동혁 의원님 힘내세요!|||자유민주주의 대한민국을 끝까지 지켜냅시다.|||나야. 한국은 어디로 가는가?|||한국은 한국이 아니라 두 나라로 나누어진 나라입니다. 국민은 두 나라로 나뉘고, 국회도 두 나라로 나뉘어 있습니다. 추운 겨울 고생 많으시네요. 나는 여러분 모두를 사랑합니다. 화이팅.|||장동혁 당대표 김민수 최고위원 화이팅!|||국민은 내부선거에서 판단해야 한다.|||진짜 용사 장동혁, 김민수",1,0
BgfNe9PGBls,프랑스는 이렇게 멸망했다,"전체 버전을 다시 시청하세요 https www.youtube.com 라이브 ES5ADSBqjrg?si o87S9pRaRuhIVoE7|||프랑스는 개막식을 통해 자신들의 성 해방과 자유를 알리고 싶었을지 모르지만, 그것이 얼마나 추악하고 아름다웠는지를 세계인들이 점점 깨닫게 된 것 같다.|||나는 매우 감동 받았습니다. 나는 불교도이지만 그라운드 씨를 존경합니다.|||그리스도인으로서 이 정도의 인문학적 통찰력은 놀랍습니다. 구독부터 시작해 보겠습니다.|||프랑스가 말하는 것은 자유가 아니라 방종이다. 자유란 책임을 지고 질서를 유지하는 것을 의미합니다.|||우리 어린아이들은 GroundC 영상을 보면서 많은 것을 배우고 있습니다. 감사합니다.|||와... 기독교를 이렇게 설명하는 영상은 처음 봤습니다. 정말 즐거웠습니다.|||이렇게 이슬람을 조롱했다면 프랑스는 지금 당장 불타오르고 있을 것이다.|||와, 누군가가 진정한 기독교를 이렇게 정의하는 것을 본 것은 처음입니다. 뭔가 정말 충격받았어요.|||와, 지식 수준이 놀랍네요.|||프랑스가 죽었다고 말할 것이 아니라 유럽이 죽었다고 말해서는 안 된다. 이번 올림픽은 유럽에게 사형선고다.|||정말 미칠 것 같아요. 전 세계 사람들이 지켜보고 있는데 그게 말이 됩니까?|||오래오래 해주세요... 정말 감동입니다.|||한마디로 현대의 프랑스 소돔과 고모라입니다.|||이 사람은 누구이며, 어떻게 그렇게 말을 잘 할 수 있습니까? 너무 웃기고 정말 이해가 되네요. 이런 통찰력 있는 생각을 교과서에서 정식으로 배울 수 있었으면 좋겠습니다...|||저는 프랑스에서 20년 가까이 거주한 사람입니다. 이것은 완전히 정확한 의견입니다. 제가 늘 생각해온 것을 관찰과 경험을 통해 아주 섬세하게 설명해주셨네요.|||우리도 정신을 차립시다. 차별금지법은 통과되어서는 안 된다.|||나는 평등을 가장한 쾌락주의 추구에 공감한다. 소돔과 고모라의 사본입니다. 인간의 탐욕은 정말 끝이 없습니다.|||무엇을 믿어야 할지, 어떻게 살아야 할지 모르기 때문에 우리는 쾌락주의에 빠지게 됩니다. 우리가 어떻게 살아야 하는지에 대한 유신론적 원칙을 받아들이지 않는다면 우리는 쾌락주의에 빠지게 될 것입니다. 동의합니다. 저도 많이 헤매었는데 덕분에 방향을 잡았습니다.|||자유는 도덕성 없이는 성립될 수 없고, 도덕성은 신앙 없이는 성립될 수 없습니다. 토크빌|||그렇군요, 정말 놀랐습니다. 올림픽이 남녀 간의 관계와 어떤 관련이 있는지는 충격적이었습니다. 외설과 폭력을 행위예술로 승화시킨 것은 바로 프랑스 정신이었다. 무서웠어요. 의견을 보내주셔서 감사합니다.|||정확한 분석이네요. 정말 놀랍다|||세계사의 흐름을 이토록 신선하고 명쾌하게 논한 강의는 없었다...|||소돔과 고모라 같은 것은 없습니다. 아무래도 제2차 세계대전 이후 평화가 너무 오랫동안 지속됐던 것 같아요.|||와... 저 정도 수준으로 설명하려면 얼마나 공부하고 읽어야 하는지!",3,1
iOqQmFSD8_Q,LIVE 조금 하루 종일,"민주당의 압수 수색하라 민주당과 마찬가지로 수사하라 민중기 특검 이 모든 것을 구속하라|||밝고 맑은 파이팅|||정재수, 정동영. 박지원, 김현지 등… 권성동도 감옥에 갔는데|||윤봉 부장의 진실만이 이긴다! 용기를 주셔서 감사합니다.|||법원의 판사가 여전히 살아 있습니다.|||함께 파괴|||문현배를 포함한 당시 헌법재판관 7명은 자유 대한민국 역사의 죄인이다.|||박지원 이번 회의에 회계하는 마음으로 알수록 불어|||이재명 힘들었지! 빠져나갈 수도 없네요.|||현희는 맛이 갔다.|||정재수의 표는 김현지궁|||특검하여 새싹을 모두 짜내기|||나! 회수가 없었을 뿐입니다!|||통일교는 김대중 때부터 말이 없었다. 김대중 때 북쪽에서 평화차를 만든 사람이기도 한 문선명으로 정치 쪽에 매우 가까운 것 같다.|||이종권 무엇을 알아야하고 적절한 정책을 전개합니다!|||정재수|||통일교는 소중하다 결혼 때도 부부가 서로 소중하게 맞|||모두!!|||지가 연류한 모든 조직은 제거하는 것이 무서워|||임 존슨?|||두 거장의 평론은 노벨급|||한동훈이 나오면 죽은 일어나서는 안 돼|||한동훈이 댄스가 됩니다.|||30년 전날이라고 싸웠습니까? 그럼 김 여사와 어머니는 무엇인가?|||통일교는 아베 암살했다?",0,1
qwziEJLdNS0,12 4목 국력의 세 사과 현지 자매 인사,"12 4목 뉴스쇼 민주당 박수현 의원을 두지 않고 뉴스방송인 강승희 인터뷰 2 AI 요원과 피지컬 AI 국가인공지능전략위원회 임무영 부위원장 월간 장동혁 폭거대립계엄 문진석 김남국 인사청탁논쟁 성희롱 의혹 신동욱 vs 장경태 설전 유인태 국회 사무총장 미니유|||인물이 사고속 동전 박사 김남국밖에 없는가? 한심하다.|||인사 청탁 부정을 몰래 가볍게 하면서?|||유인테의 영감… 아끼면 그만둬… 부탁하는게 잘 됐는지…? 정말 말하면 모두인가…? 이제 집에만 있는 것을... 잘못하고 있다고 한마디 말하지 않는다.|||눈치채지 못하면 그만하자. 찍힌 것이 문제다, 듣고 엉덩이를 의심했다. 잘못 들은 이야기라고 생각했습니다. 가슴 깊은 곳에서 작은 분노|||민주당 사고집단 조국 정천레추미 김남국 국력당 사고집",2,3
9vzIW02cqjE,박수현 현지 언니 캐릭터? 범죄도 윤리감찰 대상도 아니다,"이것으로 민주당이 싫다. 윤석열 때 이런 일이 있다면 민주당이 당시 정부와 국력에 뭐라고 말했을까? 실수하면 실수했다고 말해야 한다니 무리하게 방패하고 있어. 교만하고 오만하다.|||그리고 정말 이것은 내 남자입니다.|||김남국을 픽했을 때도 깨달았는데, 역시 피 같은 국민세 축하가 없어도 배 가득 잘 사는데 빨리 자르지 않으면 언젠가 반드시 코멘트가 칠릴라|||직권 남용은 윤리감찰 대상을 넘어 법적 조치 대상에 해당하지 않습니까?|||불법이 아니면 윤리적으로 문제가 없는 것일까요? 내 남부..|||실세 김현지의 앞 옆은 상식에 맞고 민주당은 그렇게 감싸|||민간협회 회장을 왜 그들이 관여하는가? 직권 남용이 아닌가? 왜 죄가 없다고 생각합니까?|||티켓으로 보여주세요.|||안녕하세요, 당신은 무엇입니까? 범죄인가 괜찮습니까? 그러기 위해서는 윤리감찰단이 아니라 범죄감찰단이라고 말해야 한다. 문진석이 운영하기 위한 아비라도 뭐든지 현직 국회의원이 청와대에 민간단체장을 부탁하며 마피아를 하는데 뭐야? 윤리감찰단은 어때? 국회 본회의장에서 언니 형이니까 그런 문자 교환을 하고 있는 김남국은 폭탄입니다. 정리하십시오. 이 인간들은 말하는 폼과 같은 것으로, 배가 매우 불렀다. 신경 쓰지 않는다.|||민주당 의원 전원 미친 해산하라 대답이다 국민이 화난다|||나는 도라에 갈거야.|||박수현 의원소신 있는 중도계급도 대변하는 정치인으로 보이는데 충남도 지사 공천에 혼파입니다. 국정조사가 나오고 싶지 않아 인사에 개입할 수 없는 공직으로 옮긴 것도 비판되는 부분인데, 바트가 인사에 개입한다는 정황을 알 만큼 문제 없다고 한다. 권력은 맛, 책임은 멈추려는 시스템을 역행하는 실세|||최승실이 10년 이상 감옥에 있는 이유는? 김현지는 전혀 국정농단 현장이 딱딱해졌다.|||민주화운동을 왜 얼마나 빛의 혁명이라고 할까? 나만 거북이야?|||빛의 혁명이라는 단어는 또 무엇입니까?",0,1
5ZVAsRogXIE,대통령이라는 사람이 북한의 초보적인 실상도 모른다,"거짓말쟁이, 사기꾼인 것 같습니다. 신속하게 감옥을 보내야합니다.|||내란, 내란, 내란몰에 빠져 정책은 정말 모른다.|||이재명은 숨을 쉬는 것도 거짓말이다|||권력과 잠밥에만 관심이 있고 민생에게는 관심이 없다.|||이웃의 이장 정도|||맞다|||네. 무서운 일입니다.|||그런데 ㅡ 내년은 한국 갱 대공항ㅡ제 IMFㅡ 97년 IMF는 여기저기ㅡ핵 태풍 토네이도가 덮친다 ㅡ원은 가격이다 ㅡ|||나는 대통령인가? 당연히 몰라도 알아야 할까? .........ㅋㅋㅋㅋㅋㅋㅋ",0,1
S-0bVM53was,현직 대법원장 조희대 입건 가라테 선고발 1~2건이 아닌 쇼츠 MBC뉴스,"조사하고 진실을 보아야 합니다.|||조사해야 합니다.|||엄격한 조사를 부탁드립니다.|||조희대를 철저히 수사하고 엄중하게 처벌하십시오.|||엄격 수사 엄벌 처리|||제발 철저히 압수 수색하자|||이 시점에서 가장 가련하고 위험한 인간|||엄격한 수사와 처벌을 해야|||정의 없는 사법부를 개혁해야|||일반이라면 ​​즉시 수사에 갈 것이다 곧 수사에 가지 않으면 처분이 어렵다는 것이 말하는 것인가!|||내란동조범 사퇴하고 수사를 받으십시오.|||우리 나라에 바위 덩어리를 서둘러 버리고 버리십시오.|||철저히 조사하고 모두 처벌을 깨야 한다. 구속이 필요합니다.|||철저히 조사하십시오.|||공수처 수사관님 신속하게 신속하게 처리해 주세요.|||꼭 처벌하십시오.|||발리를 체포하고 구속하는 대법원 자격이 없습니다.|||진지하게 세워 철저히 조사하고 처벌하라.|||암이 발견되면 그것을 자르고 치료해야합니다. 그렇지 않으면 계속 번식합니다.|||구속 수사원|||판사는 결코 하나님이 아닙니다! 왜 재판관은 예외가 되어야 하는지, 더욱 엄격한 판단으로 벌을 받아야 한다고 생각한다.|||철저히 수사하고 강력한 처벌해야 한다|||잘못된 판결 재판관을 처벌해야 합니다.|||반드시 처벌해야 한다. 사회악, 국가악|||사법부 개혁 반드시. 성역이 아닙니다.",1,1
cj99qaBUL4A,"타부 사안에서도! 절박한 식약처장, 빵을 깰 이재명 대통령은 좋았습니다.","지인인 행정학교 교수가 말하는 것을 공무원의 지능은 해당 주무관청장의 능력에 따라 천재와 천지를 넘나들었다.|||식약 처장은 확실히 일이 잘됩니다.|||당신이 아니면 그냥 거기까지 가서 무시하는 대신, 당신이 얼마나 공적인 마음을 가지고 있는지 놀랍습니다.|||진짜 눈으로 보여도 믿을 수 없는 사람에게는 대답이 없다|||뒤로 뒤로. 조직이 돌아옵니다. 작동합니다.|||고품질의 생산에 물이 중요하네요… 똥 맞는 질문이었다…|||상수가 맑았기 때문에, 하수도 이렇게 맑고 잘 흐릅니다!|||일을 확실히 해주세요! 좋은 좋은|||좋은|||이재명 정부 국무회의 생중계를 보면 희망과 꿈이 자연스럽게 일어납니다.|||진짜 일은 잘 작동합니다! 국민 애호가 이재명 대통령! 만세|||관절 줄기 세포 치료를받을 수 있도록하십시오|||아니, 전 정부는 무엇을 했니? 오후 5시에 컨디션을 마시고 윤석열을 받았나요?|||잘 지켜주세요.|||브라보.. 대한민국을 융성하라.|||금 수출은 좋지만 국내 금값이 너무 높았다.|||좋은|||쌀기름ㅉㅉ|||잘하는 박수|||지도자가 똑똑하기 때문에 아래의 부하도 모두 똑똑하다.|||우리 이재명 대통령은 매우 훌륭하고 우리 민족을 혼란시킨 이세계에서 우리 민족을 평화롭고 발전의 미래의 비전이 있는 세계로 인도할 수 있는 세계 지도자입니다. K 리더. K 래더.",0,0
tTHQMvVKU5o,"태도불량 나경원, 정밀진단한 김영민 처벌 제대로 받지 않았다!","나경원ㅡ 군, 예의를 씹어 먹고 국회의장의 권유도 듣지 않고 좋아하는 것처럼 소란스럽지 않다 ㅡ 조용히 노래를 해도, 댄스를 해도, 연극을 해 내려왔다면 누가 무엇인가|||남편이 판사라고 합니다.|||나베솜..국회에서 볼 수 없는지 서울시민들!!!!|||5선이 되는 의원이 그런 행동은 국민을 시끄럽게 보기 때문입니다 반성해 주세요|||사람을 얼마나 무시하면 반드시 그 웃는 표정이 나오는지|||나경원을 보지 마라.|||3일이 되어도 오늘 맞는가?|||냄비는 적반 하장 날개 기가|||나경원은 스트레스가 하늘을 찌른다.|||나는 경원을 보지 않고 살고 싶다.",1,1
7gOVKPeBck8,윤석열의 해방을 막기 위해 구속기간 1년으로 연장?,"나쁜 인간처럼 천벌을 받을 것이다|||법을 무시한 법 개정은 내란입니다. 법치파괴한 민주당을 고발합니다 법파괴, 국말살한다. 민주당 해산하자!|||화가났다.|||악마가 별로 있는 것은 아닌 나라를 쑥밭으로 한 것도 부족해, 여러 가지 사악한 것을 선택해 하는 것은 끔찍하다|||정말. 미지급. 국가|||국민도 무섭지 않은 사이코들에게 이나라를 맡긴 국민이 진정한 탄력이 있다.|||역시 선거만 조작하면 한국 먹을 수 있었던 것이었다|||나라를 잡는 자취 운영처럼 마음대로 비비고 있습니다 국민이 일어나야 합니다|||말하지마 ㅡㅡㅡㅡ|||법이 고무인지 ㅜㅜㅜ 민주당이 마음대로 나라가 걱정|||민주당 해체|||미체입니다.|||천벌을 받을 것이다 이나라가 불과 200명도 없는 니들 나라인가?|||정말 뉴스를 볼 때마다|||장인, 사람을 매우 맛있다!|||꼭 천벌을 받으십시오.|||오로지 법적으로|||법이 무너진 나라|||민주당은 해산하라 민주당은 해고해야 한다 민주당은 해산해야|||천벌을 받는 녀석이다|||정답|||부끄러운 것을 알아야 합니다.|||고무줄법공무서운것 알아야 해! 독재자들은 그렇게 영원한가? 이명면 2일간 이두로 리차이밍 원 타이밍은 천벌을 받는다! 대통령은 윤석열!|||미친 사람들은 어떻게 해야 하나요 ㅡ|||법이란",0,1
81AEXXs8t6A,뉴스 바사삭 유구한 당 대표 흔들린 역사를 가진 국민의 힘… 장동혁은? MBC 251 205 방송,"4번 타자 누가 준 4번 타자? 퇴출이 정답입니다.|||유지보수는 아직 늦지 않았다. 왜냐하면 한동훈이 있다.|||장은혁은 자신의 손으로 지도부를 붕괴시켜 멸망한 길에 일시적인 미친 광풍으로 어부로 대표돼 능력 부족이다.|||한 대표로 인해 국력에 아직 미련을 버리지 않았다.|||대표를 위해 총선에서 잃었습니까?|||서정욱의 정신감정|||서정욱의 수준은 최악이다.|||조갑재 선생님 말씀 들으면 자고도 떡이 나올 것.|||장동혁의 긍정적인 행동을 보면|||조각제|||주경호가 대구시장이 되면 대구시민이 더 문제가 된다...|||옥의 언니는 정직하게 옛날에는 데기시로했지만, 지금은 거의 맞는 말뿐이다. 냉철한 분석도 함께. 호감이 있습니다만, 아직 2개의 국력에 미련이 있는 것 같습니다만, 곧바로 포기해 주세요. 해산해야 할 미친 회복 불능 집단이다… 응원합니다!|||정옥임 전 의원님의 파이팅입니다.|||저녁에는 김민수, 고성국, 정한길과|||국짐 의원들은 모두 하나 나누려고 하는 인간만 계명 다시 해방해서는 안 되기를 바라며 돌아오는 분이 크기 때문에|||장동혁 왜 난 완전히 재미있는 정치입니다.|||장동혁은 오로지. 자기 정치.|||장동혁은|||진윤돌 선거를 위해 Tk들의 뒤에 모여 자신들을 다시 묶으려고 가짜 사과하면 이미 안 된다 국민은 곧바로 보고 있다|||정한길.|||대표는 누구나 합니다 극우가 선택한 당 대표 명분이 있습니까|||장동혁이 보상을 망치고 있습니다.",1,3
ZWTTTEs5PeU,풀비디오 국민 힘 장동혁...국회전 텐트 농성 25.12.10,"파이팅! 파이팅! 파이팅!|||장동혁 파이팅!|||장동혁 대표를 응원합니다 국민이 장동혁 대표를 지지합니다.|||열심히 응원해 주셔서 감사합니다.|||장동혁 잘 한다! 장동혁. 싸움|||장동혁 대표! 이기는 전투를 위해 몸 온난하게 하십시오. 응원합니다.|||국민의 힘 내부 총질 분탕질 분열을 시키는 자들 매일처럼 리스트를 부탁합니다 장동혁 대표님 서포트합니다|||장 대표를 최선을 다하십시오.|||국력 장동혁과 함께 싸우다|||추워도 끝까지 국민을 믿어 가십시오.|||장동혁 대표 호팅!|||국민의 힘 제대로 단결하고 다음 선거 때에 이겨야 하는 것이 아닐까요, 일부 의원들의 장신을 해주세요.|||국민이 잠에서 깨어나|||응원합니다 호팅!|||장동혁 대표 파이팅 청결하게 당당히 가는 모습에 응원합니다.|||응원합니다|||자유 대한민국을 지켜야 한다|||텐트 자리가 잘 됐어요.|||국민의 힘을 하나로 정리하자 ㅡ 장동혁 대표|||끝까지 자유민주주의 대한민국을 지키자|||이것은 나라지만 한국은 어디로 가는가|||한국은 한국이 아니라 양국으로 나뉘는 나라가 되어 가네요. 당신을 사랑 해요.|||장동혁당 대표 김민수 최고위원회|||국민이 내연선거에서 심판을 해야 한다|||진짜 전사 장동해와 김민수",1,0
BgfNe9PGBls,이것으로 프랑스는 죽었다.,"정식 버전 보기 https www.youtube.com live ES5ADSBqjrg?si o87S9pRaRuhIVoE7|||프랑스는 개막식을 통해 자신들의 성 해방과 자유를 홍보하고 싶었는데, 전세계 국민들은 그것이 얼마나 아름답고 못생긴지 하는 것보다 분명히 알게 된 것 같습니다.|||감명을 받았습니다.|||그리스도인이지만, 이 정도의 인문학적 통찰은 놀라운 일입니다. 구독으로 시작합니다.|||프랑스가 말하는 것은 자유가 아니며 탐욕입니다. 자유는 책임을 지고 질서를 지킵니다.|||그라운드 씨의 그림을보고 젊은 우리 아이들은 많이 공부하고 있습니다.|||그리고… 기독교에 대해 이렇게 풀어준 영상은 처음입니다. 아주 잘 보았습니다.|||이슬람교를 이렇게 놀라게 하면, 프랑스는 지금 불타고 있을 것이다.|||라고 진짜 기독교를 이렇게 정의해 주신 분은 처음으로 보았습니다. 제대로 도착하는 것이 있네요.|||그리고 지식 수준은 매우 멋지다.|||프랑스는 죽은 것이 아니라 유럽이 죽었다고 말해야 합니다. 이번 올림픽은 유럽의 사망 선고입니다.|||정말 미쳐버렸습니다.|||꼭 길게 해주세요. 감동 깊습니다.|||한마디로, 현대판 소돔과 고모라 프랑스입니다.|||두 사람 누구인데 말을 이렇게 잘 하지 않는다… 매우 재미있고 이해가 정말 잘 됩니다. 이러한 통찰력 있는 생각은 교과서에서 정식으로 배울 수 있으면 좋네요…|||프랑스에 20년 가까이 산 사람입니다. 정말 백퍼의 정확한 견해입니다. 정말 미워하는 것처럼 내가 항상 경험으로 관찰로 생각하고 있는 것을 설파해 주었어요.|||우리나라도 정신적으로 세우자. 차별 금지법을 통과하지 마십시오.|||평등을 가장한 쾌락주의의 추구 공감합니다. 소돔과 고모라의 사본. 정말 인간의 욕심은 무한합니다.|||무엇을 믿고, 어떻게 살아가야할지 모르기 때문에 쾌락주의에 빠진다. 어떻게 사는지에 대한 신본주의가 들어가지 않으면 쾌락주의에 빠진다. 공감합니다. 저도 많이 헤매었지만 덕분에 방향을 결정했습니다.|||자유는 도덕성 없이 세워지지 않고 도덕성은 믿음 없이 세울 수 없는 토크빌|||그렇습니다 정말 놀라움을 금할 수 없었습니다 올림픽과 하이브리드 관계가 어떤 관계인가 충격적이었습니다 외설, 폭력을 퍼포먼스 예술로 승화시킨 것이 프랑스 정신이라니… 코멘트 감사합니다|||정확한 분석입니다. 놀라운 일|||이처럼 통쾌하고 명쾌하게 세계사의 흐름을 말한 강의는 없었습니다.|||소돔과 고모라는 별로 없습니다.|||라고 쭈그리고… 얼마나 공부하지 않으면 책을 읽지 않으면 낮게 해설할 수 있을까요!",3,1
0WE0vW2l3IU,라이브 장동혁 대표는 윤 대통령을 만나며 10분간 거의 계속 울었던 시서링 TV 오영빈,"가슴이 아파요.|||장동혁 대표. 정말 훌륭합니다. 눈물이 나온다|||국력당 의원들 진심으로 개척한 인간들 제발 장동혁 대표를 지지하고 응원합니다|||억울한 그런 범죄자로 고통받고 고통받는 우리의 보상과 윤통과 장동혁|||당원 가입해 주세요 당원 가입을 많이 듣고 장동혁 지도부에 힘을 주십시요.|||시서링크 울었는데 장동혁 대표|||장동혁당 대표는 좋았습니다. 윤 대통령님을 생각하면 눈물이 나오네요. 가슴이 아프다. 빨리 조금 풀어주세요. 당원 100 가야합니다.|||마음이 무겁다 싸워야한다면 승리|||당원 100 우리 당이다. 당원이 소유자인 100 가자!|||장동혁 대표는 잘 열심히 응원하고 있습니다.|||윤 대통령이 생각하면 마음이 아픈 장동혁 대표|||눈물. 최선을 다하십시오. 응원합시다.|||장동혁 대표, 응원하고 있습니다. 강하게 있으십시오.|||국력당원 가입했습니다 100 프로로 추진|||응원하고 있습니다.|||열심히 건강|||눈물이 점점 나오네요 ㅠㅠ 여러분 응원합니다|||남자의 눈물 애국자의 눈물 국민을 사랑하는 마음끼리 마음의 마음이었을 것입니다.|||장동혁 대표인격은 훌륭합니다.|||당원 100해야|||당원 100 프로로 응원합니다|||시사 링크 님 응원합니다|||장동혁 대표는 최선을 다하십시오.|||우리는 대한민국의 국민입니다! 함께 울고 함께 웃는 마음이 정말 하나가 되기를 바라며|||맞습니다 100원",1,0
iOqQmFSD8_Q,"[LIVE] 쨍하고 해뜰날 (25.12.11) 김광일·전원책 출연| '사의' 전재수 "" 없었다"" , ""떳떳하면 왜 그만두나"" … '통일교 금품' 메인 따로 있다","민주당 압수수색하라 ~민주당 똑같이 수사하라~민중기특검 관련자 다 구속하라 ||| # 해뜰날 화이팅 ||| 전재수.정동영. 박지원.김현지등.. 권선동도 감옥갔는데 다 감옥가야죠 한동훈만 거절했다는데요 ||| 윤본부장님 진실만이 이깁니다! 용기내 주셔 서 감사합니다. ||| 법원판사들이 아직은 살아 있네요/ 전원책 김광일 변호사 공감 합니다. ||| 함께 해요 ||| 문형배를 비롯한 당시 헌재재판관 7명은 자유대한민국 역사의 … ||| 박지원 은 회계하는맘으로 아는만큼 불어라~~~ ||| 이재명 큰일 났구나! 이해 못하겠네요. ||| 현희는 맛이 갔죠 상식이나 법 안중에도 없고 하고싶은대로 다 내뱉는거죠 국민을 바보로 보는겁니다 ||| 전재수 , 김현지궁의 입김 ||| 특검하여 싹을 싹 짤라라 ||| 전! 재수가 떨어질 뿐이예요! ||| 통일교는 김대중때부터 말이 않았다. 김대중때 북에서 평화자동차를 만든사람이기도한 문선명이고 정치쪽에과아주 는 부산이 온정신이 있다면 전재수는 정말 아니다.. ||| 이정권 뭘 아는 게 야 제대로 된 정책을 펴죠! ||| 전재수 기자 ||| 통일교는 큰절합니다 결혼때도 도 서로 큰절 맞절합니다 반드시 문선명 한학자교주에게 큰절로 알현합니다 ||| 전원책!! ||| 지가 만든 모든 조직은 없애버리는 무서워 ||| 임종성?ㅠ재명이는 ? ||| 두 개 평론이 노벨급 ||| 한동훈이 나서면 죽었다 깨어나도 된다 ||| 한동훈이당게땜에급하긴하나보네요... ||| 30년전일이라고감싸? ? ||| 통일교가 아베 ?",0,1
qwziEJLdNS0,12/4(목) 국힘의 3가지 사과·'현지 누나' 인사 청탁(박순봉·김준일) 추경호 영장 기각(박수현) 긴급 기본사회(임문영) 신동욱vs장경태 설전(유인태) [김현정의 뉴스쇼],"***** 12/4(목) 뉴스쇼 ***** [뉴스 연구소] 국힘에서 나온 3가지 사과/ ‘현지 누나’ 인사 청탁, 연봉 2억짜리/ 김건희, 징역 15년 - 박순봉 경향신문 기자, 김준일 시사 평론가 [ (1)] 장동혁-송언석 서로 다른 ‘계엄 사과’/ 추경호 영장 기각/ 문진석-김남국 인사청탁 논란 - 더불어민주당 박수현 의원 [놓지마 뉴스] - 정의당 강승희 [인터뷰 (2)] AI가 바꿀 세상, 현재 우리나라의 위치는?/ AI 에이전트와 피지컬 AI - 국가인공지능전략위원회 임문영 부위원장 [월간] 장동혁 “폭거 맞선 계엄”/ 문진석-김남국 인사청탁 논란/ ‘성추행 의혹’ 신동욱 vs 장경태 설전 - 유인태 前 국회 사무총장 [ 댓꿀쇼] 문진석-김남국, 어떤 후속조치가 필요할까? - 유인태 前 국회 사무총장 ||| 무슨 사고뭉치 코인박사 김남국 밖에 없냐? 한심하다. ||| 인사청탁 왜 이따위로 가볍게 대해? ||| 유인태 영감님..."" 안찍히면 그만이다 ""...청탁하는게 잘한 일인가..? 정말 말이면 다인가..? 이제 집에만 있기를 ...잘못됐다고 한마디 안하네.. . 하는거야 암암리에 다 있다고 생각하겠지만..대놓고 하는데..예전에 다른 걸 다했다...이게 말이야... ||| 안들키면 그만이다. 찍힌게 만 듣다가 내귀를 의심했습니다. 잘못 들은 줄 알았습니다. 가슴 깊은곳에서 작은분노가 ||| 민주당 사고뭉치: 조국 정청래 추미애 김남국 당 사고뭉치: 윤석렬 장동혁 김민수 권성동 세상에는 도움이 되는 사람과 전혀 도움이 안되는 인간이 있다",2,3
9vzIW02cqjE,"박수현 ""'현지 누나' 문자? 범죄도 윤리 감찰 대상도 """,이래서 민주당이 역겨운거다. 윤석렬때 이런일 있었다면 민주당이 당시 정부와 국힘에 뭐라고 했겠냐? 다 잘못했다고 해야지 지금 억지쉴드치고 있어. 교만하고 오만하다 이놈들아. ||| 와 왜 이게 내로남불이지ㅋㅋㅋ ||| 김남국 픽했을때도 기가 찼는데 역시나 는 짓 세금 축내지 않아도 배불리 잘 살텐데 당장 자르지 않으면 언젠가 반드시 댓가 치루리라 ||| 직권남용은 윤리감찰 대상을 넘어서서 법적조치 에 해당하지 않나요? ||| 위법하지 않다면 아무 문제가 없다는걸까요? 내로남불.. ||| 실세 김현지의 전횡은 딱 맞아서 민주당은 저렇게 감싸는구나… ||| 민간 협회 회장을 왜 자기들이 관여하는거죠? 직권남용 아닌가요? 왜 그러면 안된다고 생각하시나요? ||| 표로 보여 줍시다 쟤들은 처음 보는 애들 이쟈뉴 ||| 여봐요 당신이 먼저 문진석이 자동차산업협회장 청탁한게 범죄인지 아닌지 답을 정해. 범죄 아니면 괜찮다? 그럼 '윤리감찰단' 이 아니라 '범죄감찰단'이라고 해야지. 문진석이가 운영위할애비든 뭐든 현직 국회의원이 청와대에 민간단체장 청탁하며 마피아짓거리하는데 뭐시라? 윤리감찰단이 어째? 국회 본회의장에서 누나니 형이니 그런 문자 주고받는 짓거리하는 김남국은 폭탄입니다. 정리하세요 이 인간들 말하는 게 하는 짓이며 배가 너무 불렀네. 기가 안 차네. ||| 민주당의원 전원 미쳤다 해산해라 ! 국민들이 분노하고 있다 ||| . ||| 박수현의원 소신있고 중도층도 대변하는 정치인으로 봣는데 충남도지사 공천에 영혼파셧네요. 국정조사 나오기 싫어서 인사에 개입할수 없이 공직으로 옮긴것도 비판받을 부분인데 버젓이 인사에 개입 정황이 나왓건만 문제없다는 식으로 말하다뇨. 권력은 누리고 책임은 안지려는 시대 역행하는 실세입니다 ||| 최순실이 이렇게 감옥에 간 이유는? 김현지는 아예 국정농단의 현장이 딱걸렸다 이죄명정권이 무너져야하며 그두남녀는 수십년 감옥에서 보내야한다 ||| 이 운동을 왜 자꾸 빛의 혁명이라고 할까??? 나만 거북한가? ||| 빛의혁명이란말은 또뭐냐 요줌시대가 혁명이냐 왜자꾸 국민들을 선동하고 냐 박수현님 제정신으로 사세요,0,1
5ZVAsRogXIE,이런 자가 북한의 초보적 실상도 모르나,"거짓말 쟁이,사기꾼 , 속히 감옥 보내야 합니다. ||| 내란.내란.내란몰이에 빠져 정책은 정말 모른다.대장동비리도 몰라.백현동비리도 몰라.대북송금도 모른다 ||| 이재명은 숨쉬는것도 못한다 ||| 권력과 잿밥에만 관심이 있고, 민생에는 관심 이 ||| 동네 어느 정도 ||| 옳소이다 ||| 정말 무서운 일이죠 ||| 그건 그렇고ㅡ내년엔 한국 갱제 대공항ㅡ제 IMFㅡ97년 엔 저리가라ㅡ핵태풍 토네이도가 덮친다ㅡ원화는 떵값이다ㅡ ||| 나는 대통령인데 ? 당연히 몰라도 알 수 있나??? .........ㅋㅋㅋㅋ",0,1
S-0bVM53was,"현직 대법원장 조희대 '입건' 공수처 ""고발 한 건 "" #Shorts (MBC뉴스)","조사를 통해서 진리를 봐야죠 ||| 조사 중 ||| 부디 엄중한 수사 부탁드립니다 ||| 조희대를 구속 수사해서 엄중하게 처벌하라. ||| 엄격 수사 필요 ||| 제발, , 압수수색하자 ||| 현 시점 제일 제일 위험한 인간 ||| 엄중한 수사와 처벌을 바랍니다 ||| 대한민국 사법부를 개혁해야합니다 ||| 일반이면 바로 수사들어가겠지 바로 즉시 수사들어가야지 처분이 어렵다는게 . ||| 내란동조범 사퇴하고 . ||| 우리나라에 암덩어리 다 도려내서 폐기처분하라 ||| 철저히 조사 모두 처벌 파면 시켜야 한다. 구속필요. ||| 제발 철저히 합시다 ||| 공수처수사관님들 빠르게 빠르게 해 주세요. ||| 제발 엄벌해주세요 ~~~ ||| 발리 체포하고 구속시켜라 대법원장 이 없다 ||| 진작 부터 철저히 조사하고 처벌하라 그냥 넘어가면 국민이 용서치 않을것 ||| 암덩이가 발견되면 도려내서 치료해야 합니다. 그러지 못한다면 계속 번식 합니다. ||| . ||| 이건 절대 신이 아니다!! 왜 판사들은 죄인 되어야하는가 도리어 더 엄격한 잣대로 판단받고 처벌 받아야한다고 본다 잘못이 의심되면 당연히 수사받아야하고,또 처벌 받야야지!!! ||| 철저히 파헤쳐 강력처벌 해야한다 ||| 그 판결 판사 처벌받아야죠 ||| 강력 처벌해야한다. 사회악.국가악 ||| 사법부개혁 역시 성역이 아니다. ||| 이놈 조희대 정말 엄벌해야한다. ||| 수사 똑바로 해야한다 ||| 어서수사하고 엄벌해주세요 . 당장 끌어내리고싶어요 ||| 잘 정리해주세요! ||| 이참에 바로서기를 ! ||| 당장 조사해라 누군바주고 그런짓할건지 국민이다지커보고있다 국민을 바보취급하지마라 ||| 조희대 철저히 조사해서 무기징역 선고 ||| 제대로 수사진행 되어야 합니다 ||| 본인이 입건되니 그걸 반드시 저지해야 하는거지 ||| 더 엄격히 처벌해야 사정기관의 부패는 더 처벌 강화해야 국민이 납득한다 ||| 철저히 조사해서 엄벌에 처해 ||| 철저히 수사 해 . ||| 이명박 구속! ||| . ||| 부디 엄벌하길.. 저건 내란수괴의 가장 최후의 조력자다 ||| 엄중하고 정확하게 수사하고 처벌해 드립니다 ||| 조희대 입건 공수처 설치 좀 해라. ||| 반드시 처벌받자. ||| 엄중한수사로 . ||| 철저하게조사해라. 수사해서협의가 나오면 바로 처벌하고. 윤석열이에게보내라 ||| 정말 철저히 수사하시고 처벌하세요!!! ||| 40대가 여중생성폭행한것도 무죄로 풀어준 조희대다 . 돈으로 권력으로 판결하는 조희대는 반드시 처벌받아야한다 ||| 희대의 사기 대법관 철저히 조사하고 구속하라 ||| 이건 필수입니다 ||| 왜 그냥 놔두는겨 ||| 조희대를 당장 파면 ||| 철저하게 철저히 수사하셔야합니다 ||| 조사를 철저히ᆢ 죄는 엄중하게 . ||| 조희대는 대한민국의 건강한 미래를 위한 깜빵이 맞다. ||| 조희대요시 확실히 수사하세요. 너무 화가나서 참을 수가 없네요. ||| 철저히조사해서 전부구속하라 . ||| 엄벌에처리해야합니다우리국민을우수게아는조희대강력하게처벌해라 ||| 당장 부터 철저히 조사하리 이상한 짓 많이 했으니 ||| 철저하게 내란 협력자~!!!즉각 채포. 수사하라~~!!!! 내란협력자가 분명하다~~!!! 윤가와 사전 내란모의자 인것 이다 ||| . ||| 신속하고 정확한 조사! 처벌은 ? ||| 빨리 수사받고 구속되어 심은대로 거두기를 바랍니다. ||| 현직 대법원장, '피의자' 입건의 전례 없는 상황인데 와 왜 침묵하고 있는가? ||| 계엄할걸 미리알고있던놈들은 무기징역부터 스타트해야되는거 아닌가 ||| 대법원장도 똑같은 일개국민ᆢ예외가 있을수없다 죄가있다면 반드시 처벌해야죠 ||| 사법 은 조희대를 반드시 엄하게 처벌해야 합니다 ㆍ ||| 이명박 구속시켜라 ||| 철저히 해서 법대로 처벌해야지 ||| 조희대 제발 구속시켜라 판사가 법 어기는 것이 어찌 말이 되는가 ||| 빨리 심판을 받아라 ||| 그래 . 모의했다며 공범이다. ||| 연예인은 사진 몇 장 나와도 하차를 못한다 그래서 조희대는... 그 당시에 내란이라고 말도 못하고 재판 중일 때는 재판 중인 건에 대해서는 답변할 수 없다고 했죠. 그런데 내란전담재판부는 아직 일어나지도 않았는데 위헌이라고 이야기를 하고 있네요. ||| 강력한 처벌을 하길바라는건 국민들 생각이고 어디에도 죄 있는 인간들이 없습니다.. ||| 도대체 무슨 신이나.법망을악용하는 악질을 강력처벌 받아야 ||| 그동안 윤석열 한동훈이 큰역할하더니 법원개혁은 조희대 지귀연때문에 하게될것같네.. ||| 조사를재대로철저히수사해서 처벌 바랍니다 ||| 조중동 보도해라 국민 알권리가 있으니 침묵하지 마라 ||| 철저한 조사와 수사 바랍니다 ||| 공수처 제발 압수수색 쫌해라 ||| 입건된 대법원장 직무정지.직무배제 . ||| 대법원장 의 이해충돌 문제가 있지않나? ||| 강력처벌 ||| . 직권남용죄와 내란공범죄로. 구속시켜라 ||| 강력한 처벌 필요 ||| 말 그대로 는 강력한 형사처벌이 답이다. ||| 빨리 수사받아야지. 구속수사 ||| 엄벌하라!!!!! ! 나쁜넘!!!!! ||| 제발 제대로 된 처벌되길 바랍니다. ||| 이거 덮으려고 연예인 건드리고 . ||| # 조희대는 ,내란가담자 ||| 대법원 압수수색이 될 증거들이 나올탠데. ||| 공수처 ? ||| 내란공범 입니다. 반드시 심판 받아야 됩니다. ||| . ||| 조희대비롯 지귀연를 . ||| 철저히 신속하게 . ||| 법을 안다는 놈이 법을 이용해서 국민의 권리까지 빼앗으려 한다 라고 얘기한다 푸 하 하 ||| 그래야 한다 내란세력은 능지처참이다 ||| 이놈은 국민을 위해 빠르게 집행하여 구속시켜야 합니다. ||| 조희대 지귀연을 법의 심판 으로 단죄 확실하게 처벌요",1,1
cj99qaBUL4A,"""타부처 사안이라도!"" '절박한' 식약처장, 빵~ 터진 이재명 대통령 ""잘하셨어요 ""","지인인 행정학교수가 말하기를 공무원의 지능은 해당 업무 능력에 따라 천재와 천치를 오간다 하였다. ||| 진짜 확실하게 일 잘하시네 ||| 갔다가 자기일 아니라고 외면하는게 식 공적마인드 대단합니다 식약처장님 ||| 진짜 눈으로 보여줘도 그 사람들은 그냥 답이 없음 ||| 돌아간다 돌아가. 잘 돌아가. 잘 돌아가네 ||| 고품질의 생산에 물이 중요하죠... 똭 맞는 질문이었음... 21세기 경연을 위한 국무회의를 보고 나면, 인식의 장이 된다. ||| 윗물이 , 아랫물도 이렇게 맑게 잘 흘러갑니다~!!! |||  ||| 공부 야무지게 잘하시네! 굿굿 ||| 좋다 |||  ||| 이재명정부 국무회의 생중계 에 희망과 기대 저절로 생겨요 진짜진짜 국민주권시대 만들어가시는 우리 이재명대통령님 연임제로 꼭 한번더 일시킵시다 5년은 짧아요 썩은 대한민국 을 손봐야해서 십년도 어쩌면 짧아요 ||| 진짜 일 잘한다~!! 국민 사랑꾼 이재명 후보 만세❤ ||| ~~ ||| . ||| 아니 전 정부는 뭐 했던 거야? 새벽 5시에 컨디션 마시고 윤석열 하사 酒 한 거냐 ||| 꼭 지켜주십시요 네!!~ ||| 브라보.. 대한민국 . ||| 김 수출 으로 국내 김 값이 너무 올랐다. ||| 잘한다 ||| # 기름ㅉㅉ ||| 잘한다 . ||| 지도자가 똑똑하니 밑에 부하들도 다들 똑똑 ||| 우리 이재명대통령님 너무 훌륭 이나라 우리민족을 혼란스러운 이세계에서 이나라 우리민족을 평화롭고 발전 미래의 비전이 있는 세계로 이끌어갈수 있는 세계의 지도자 . K-Learder.",0,0
tTHQMvVKU5o,"'태도 불량' 나경원, '정밀 진단'한 김용민 ""처벌 제대로 안 받아서 ""","나경원ㅡ넌, 예의를 물말아 먹고 국회의장님 권유도 듣지않고 니맘대로 , 뭘 하든, 춤을 추든, 마음대로 하고 내려왔다면 누가 뭐래니ㅡ나경원아 넌 4가지 없이 행동한걸 반성해야됨ㅡ ||| 남편이 판사라 서 저렇게 죄를 지어도 법을 무시해도 멀쩡히 돌아다니고 ||| 나베좀..국회에서 안볼수는 없냐~~서울 ~ ||| 5선이나 되는 제게 저런 행동은 국민을 우습게 보기 때문입니다 반성하십시오 ||| 사람을 얼마나 무시하면 꼭 저 비웃는 장면 나오나 ||| 나경원좀 안보고 . ||| 3일로 돼 서 오늘 맞는건가?;; ||| 나베는 적반 하장 하네 기가 막혀 ||| 나경원이 스트레스가 하늘을 찌르네 본인 몸도 많이 아파서 그렇게 소리지르고 아유 ||| 나경원제발안보고살고싶어요.나경원때문에국힘이더싫어집니다",1,1
7gOVKPeBck8,윤석열 석방 막으려고 집행유예 기간 1년으로 연장?,"나쁜 놈 반듯이 천벌받을 거다 ||| 법을 무시한 법개정은 . 법치파괴한 민주당을 고발합니다 법파괴,나라말살하는.민주당 해산시킵시다!!! ||| 화가납니다 윤대통령님생각하니슬퍼요 # 윤어게인 ||| 악마가 따로있는게 아니다 나라를 쑥대밭으로 만든것도 부족해 갖은 악한짓을 골라서 하다니 . ||| 정말. . 나라내 ||| 이런 싸이코들에게 이나라를 맡긴국민들이 참한탄스럽네 이정도의인간들이란것짐작도못했지 법까지망가트리는자들 멸망의길을제촉하네 ||| 그냥 선거만 조작하면 한국 먹을 수 있는거였어 ||| 나라를 지들 구멍가게 운영하듯이 마음대로 주무르고 이제 다시 일어나야 합니다 상식이 통하지 않는나라 가 되어버렸습니다 이게 내란이고 쿠테타 아니고 뭔가요? ||| 말도 못해 ||| 법이 바뀌 맘대로 나라가걱정 되어요 ||| 민주당해체다~~~ ||| 미쳣구나 ||| "" 천벌을 받을것이다 "" 이나라가 고작 200명도 안되는 니들의 현실 ||| 정말 뉴스 보고 복창터진다 ||| . ||| 꼭 수술 받게 해주세요 제발 ||| # 법대로 ||| 내 나라 ||| 민주당은 해산하라 민주당은 해산 한다 민주당은 해산하라 ||| 미친 놈이다 ||| 정답 ||| 그걸 알아야지 국민이 바보다 ||| 고무줄법ᆢ 하늘 무서운 줄 알아야지! 독재자들이 그리 영원하던가? 이죄명 이틀러 이두로 리짜이밍 하면 천벌을 받는다! ! 윤석열! ||| 미친놈들 어떻게 할수없나요 ? ||| 법이 뭔데 ||| 기본적인 국가질서를 개판 만드는구나,,, 법 잘 지키는 일반 국민 바보되는 꼴... ||| 민주당강아지들 ||| 재명이는 재판을 당장받아라국민들 다 설치면나라가 망한다~ ||| 제발 빠른 석방이되기를 기원합니다ㆍ ||| 거시긴 못하는건 아닌데 ||| 민노총 촛불행동 진보당 노동자연대 모두 반성하라 ||| 민주당 폭주 하다가 폭망할때 ? ||| . ||| 어떻게 한 나라의 정당이 법을 지키는게 아닌 법을 자신 입맛대로 만 제정한단말인가요?국민으로서 너무 화가 납니다 ||| "" 이재명 만세 "" ||| 이죄명과 그측근들도 같이 해야 형평성에 맛는것 아닌가 ||| 윤석열 , 석방복귀하라 ||| 끔찍한 소리 마세요. 그때는 국민의 힘이 더 많이 있겠죠. 민주당이 악법만드는 다수가 다시는 다시는 되지 않기를 제발 바랄뿐입니다. ||| 이건 진짜 무슨 시기가 된건가요? 뭐든 지들 맘대로 하겠다는건데 국민알기를 진짜 ||| 적들의 눈에는 법이 아닌 정상적 나라로 돌아오면 모던깃이 자유대한의 법치질서가 바로세워질 것이다.. ||| 법을 지들 맛대로 당겼다 놨다 ~ 민주당 의원들 깜빵가자 ~ 법을 만들자~ ||| 현정부가 멋대로 법 만드는 무대보식의 정치 국민이 아닙니다",0,1
81AEXXs8t6A,"[뉴스바사삭] ""유구한 '당대표 흔들기' 역사 는 국민의힘""...장동혁은? MBC 251205 방송","4번타자 누가준4번타자냐? 퇴출이 네 ||| 전 아직 늦지 않았어요 ,왜냐면 한동훈이 있으니까요 ||| 장똥혁 자기손으로 지도부 가 망한길에 그 미친광풍에 어부지리 대표되서 능력부족임 너도 당해봐라 죄는 죄대로 ||| 난 국힘에 아직도 미련을 못 버리고 있다 ||| 한대표 때문에 총선에서 졌나요 전대통령이 엉뚱한 일을 벌려서 패한거죠 국민이 보낸 증인 입니다 ||| 서정욱 정신감정 . ||| 서정욱 진짜 최악이예요.... ||| 조갑제 선생님 말씀 들은면 에 떡이 나올것. ||| 장동혁하는 지긍의 트윗 보면 이재명 정부 도우미임 이재명정부 잘하라고 굿지내고 있는거 같음 ||| 조갑재님 ! ||| 추경호 대구 시장 되면 대구 시민들이 더 큰 정신으로 일 잘하는 사람 뽑으세요... ||| 옥임누나~ 솔직히 옛날엔 디기 시러했는데, 지금은 거의 맞는 말만 하고 냉철한 분석도 곁들어서. . 감^^ 근데 아직 국힘에 미련이 있는거 같은데 얼른 포기하세요. 해산되어야할 미친 회복불능 집단임.. 응원할께요! ||| 정옥임 아나운서 화이팅입니다. ||| 저녁마다 김민수 고성국 이 윤어게인 하면사ㅓ 술 쳐드시는데 절연할수 없죠 ||| 국짐의원들은 다 한 몫 잡으려는 인간들 뿐, 또 다시 해도 해제 안되기를 바랄 것 그래야 돌아오는 게 크니까 ||| 장동혁왜저러는데완전웃기는정치하고있네요 ||| 장동혁은오로지.자기정치.당은죽든말든본인만살면된다는씩. ||| 장동혁은 윤어게인이 자기한테 는 안된다는 판단이 서면 가차없이 갖다버릴인간임 ||| 친윤들 선거때문에 서로 뒤에모여서 자기들끼리 다시 뭉치려 고 가짜사과하면 도 않통한다 국민들은 똑바로보고있다 거짓은 않통한다 ||| 전한길.전광훈에게포위돼여빠져나오질못하고허우적거리고있다 ||| 대표는 아무나 합니다 극우가 선택한 당대표 명분이 있나요 비대위로 가야 그나마 희망이 조금 보이죠 ||| 장동혁이보수망치고있다",1,3
ZWTTTEs5PeU,[풀영상] 국민의힘 장동혁...국회 앞 천막 농성 중,"화이팅 ! 화이팅 , 화이팅 ! ||| 장동혁 화이팅!! ||| 장동혁대표님 응원합니다 ᆢ . 장동혁대표님을 지지합니다. ||| 열렬히 응원합니다 . 감사합니다 ||| 장동혁 잘 해 장동혁. 화이팅 ||| 장동혁대표님! 이기는 싸움을 위해 몸 따뜻하게 항상 응원합니다. ||| 국민의힘 내부총질 분탕질 분열을 시키는자들 의 명단을 까주세요 장동혁 대표님 지지합니다 파이팅입니다 ||| 장대표님 힘내십시요 온 국민이 함께 ||| 국힘 장동혁으로 계속 싸워라 ||| 춥더라도 끝까지 널 믿고 가주라...부디 ||| 장동혁대표 ! ||| 더 똘똘 뭉쳐서 다음선거때 이겨야될꺼 아닙니까,일부의원들 장신차리세요, ||| 빨리 잠에서 깨어나라 ||| 아 홧팅! ||| 장동혁대표님 화이팅 ! 당당하게 가시는 모습에 응원 합니다. ||| . ||| 자유대한민국 만세 ||| 천막농성장 잘 해 사즉생 생즉사 ||| # 뭉치자 ㅡ장동혁대표님 힘내세요 ||| 끝까지 자유민주주의 대한민국을 위해 ||| 이것이 나라야 대한민국이 어디로 가나 ||| 한국은 한국이아니고 두국으로 갈라지는 대한민국 국민도 두쪽으로 국회도두쪽으로 이추운겨울에 고생이많으십니다. 여러분 사랑합니다 .화이팅 ||| 장동혁당대표 김민수최고위원화이팅❤❤❤❤ ||| 국민들이 내연 선거에서 심판을 합니다 ||| - 전사 장 동헉과 김민수 ||| 장대표님 당신은 우리의 하나님 ||| 장동혁 대표님께 제대로 힘 줘 ||| 장대표님 힘내세요 아자 화이팅 아자 ||| 내가장동혁이다 장동혁파이팅 ||| 일 안하고 배신때리는 주범들은 아웃이다 국힘은 계속 싸워라 ||| 그냥 장동혁 대표님 발목잡기나 하다가 선거철되면 공천해달라는 거지같은 국개의원들 옥석을 가려냅시다 ||| 충청의 아들 장동혁 화이팅!~ 충청인이 강렬허게 ! ||| 결국엔 대한민국 국민이여 ||| 국민의힘 화이팅!! 장동혁 화이팅!! 동훈아 빨리 배워라 ||| 국민들이여 구름같이 모인다 그래서 이재명 일당들 목줄을 잡아당겨라 나라를 살리는 길이다 어설피 하다간 소용 없다 고생만 할뿐 ||| 전과자 너무 싫습니다. ||| 노동 5법 즉각철회하라 ||| 악법중에 가장 스탈린을 연상시키는 법 ||| 대통령한거람 잘못 해서 온나라 쑥대밭이 되어버렷네! 멀쩡한 구속이 없어.. 악법제조기 민주당 해체하라 ||| 장대표 얼굴 이 쏙 빠졌네요. 정말 고생 많으십니다. 국힘의원님들! 분열하시지말고 하나로 뭉쳐주세요. 제발~~~~ ||| 우재준 저인간 뻔뻔한 놈이네 . 불법 고발한다고 ||| 장동혁대표님 , 국힘을 좌파와 싸워서 이기는 정당으로 개조해 주십시요. 장대표님 하고 최선 다하세요. 저희집 식구들은 모두 장빠입니다~~~~ ||| 국민힘에서 뒤에숨은 위원들은 다들 머하고 요 ||| # 힘내세요❤❤❤ ||| 대통을 빨리 끌어내리야 대한민국이 살아 ||| 원치 않으면 상대하지 맙시다 ||| 장동혁대표잟ㅏ십니다 ||| 장동혁 김민수 신동욱 나경원 화이팅!!! 최선을 다해주심에 고마워요 ||| 일 안하는 사람 절대 표 주지 맙시다!! ||| 이재명 내란을 막을이는 국민밖에 없다는데 부정조작선거에서 국민이 어찌하란말이오 당신들부터 목숨을 건다 ||| 더불당 ! ||| 아 장동혁이다 타도하자 윤한홍,권영진 ||| 장동혁 항상 응원합니다❤ ||| 송언석대표님- 옛정에 흔들리지 마시고 장동혁 대표님을 제대로 믿기 바랍니다. ||| 민주당해체 무슨 법아닌법을 만들고 국민들을 우습게보나 × ||| 국힘~국민과 더 강하게 싸워주세요❤❤❤ ||| 모두 힘내시고 추운데 건강잘 챙기시길 바랍니다❤❤❤ ||| 잘한다 제발좀 # 대한민국을위해 ||| 송언석. 우재준 . ||| 장동혁 님 꼭건강도 챙기세요 화이팅! ||| 장대표님 다선 의원들 한테 절대 기죽지 마세요 당신이 정신연령은 더 다선 의원 이십니다 ||| 우재준 너 ? ||| 장동혁대표 ᆢ굿건하게 이겨냅시다 중진들이 미쳐가는거같아요 헛소리하는인간들 제발 공천주지마셔요 ~~ ||| 장동혁대표님김민수위원장님지지합니다너무나잘하십니다 ||| 장 동혁 장 동혁 화이팅 ||| 장동혁대표님! ! ||| 장대표..힘내세요 . ||| 사과한 인간들 얼굴 좀 그만보자 ||| 송언석.우재준아웃 ||| 나가서 피켓시위만 하지말고 국회가서 싸우세요 . 정신좀 차려으면 좋겠네요 ||| 장동혁대표님~❤❤❤ 응원하고지지합니다~ ! 책임당원으로 장동혁대표님을 응원하고지지합니다~❤❤❤ ||| 장동혁대표 뒤에는 대한민국 우파 국민이 있습니다 ||| 국힘의원들 그나마 나설힘이나는건 장동혁대표의 올바른 리더십 덕분인지 아시는지~ 국민들도 조금씩 힘이납니다 장동혁대표님 감사합니다 힘내세요 ||| 송언석 . ||| 장동혁 대표를 적극 지지합니다. 그리고 김민수 최고의원을 국회의원에 꼭 당선시켜서 국힘당을 다시 개조시켜야 합니다. 찌질이, 변절자들은 무조건 퇴출! ! 눈 부릅뜨고 골라냅시다! ||| 진격의 키보드 장동혁 화이팅 ||| 장동혁대표님 몸이 열이라도 부족할정도록 항상 응원합니다 건강잘챙기세요 국힘부탕자들은 조용히 떠나라 부탁한다 보수에서 나가라 ||| 힘내주세요 장대표님 추우신데 고생스럽지만 . ||| 장동혁잘한다 ||| . ||| 잘한다!장대표와 ! ||| 장동혁대표님 ! ||| 오늘 첫번째 할일은 한뚜껑같은 쓰레기들을 빨리 치우는게 답이다! 쓰레기를 아까워서 그냥두면 크게 후회하게 됌! 쓰레기는 구린내가 나면 과감하게 버리는게 답이다! 쓰레기를 내면 썩고 부패되서 다같이 죽고 만다! 최대한 빨리 버리는게 올바른 판단이다!!! ||| 장동혁대표님 흔들지말구.뭉쳐가 죄명이 아니면 공격좀하라구요 ||| 제발, 모습 에 붉은색(빨강) 목도리 를 착용 하세요 기운이 팎팎 나도록, 장동혁 신동욱 김민수 파이팅!!! ||| 장동혁대표님 ! ||| 장대표님 힘내세요.국힘 지지자분들 책임 당 가입해주세요.당내에서 장대표 지켜내야 합니다.분탕세력 제거하고 민주당에 맞서 싸워야 이깁니다 ||| 장동혁대표님 . 지지합니다 ||| 장동혁대표님 항상 힘내시고 화이팅하세요 무한 응원합니다 ||| 장동혁!!!장동혁!!장동혁!!격하게 응원 합니다 ||| 장동혁 대표님 투표 지지합니다 ||| 송언석은 ? ||| 힘내요 장동혁. . 정직한 자는. 승리합니다 화이팅 ||| 장동혁ㅡ장동혁ㅡ핫팅ㅡ❤❤❤❤❤❤❤ ||| 장동혁대표님 ! ||| 장동혁 대표님 응원하고 , 화이팅! ||| 공산당 편 대통령 공산국가라ㅡ 장동혁대표님 ! ||| 장동혁 씨 힘내셔요 ㆍ좌파언론사들 분탕질에 휘둘리지 마셔요 ㆍ홧팅 ||| 장동혁대표님 응원합니다 힘내세요 ! 윤어게인 입니다 청년과애국국민은 장동혁대표님과 함께합니다 감사합니다 ||| 장동혁대표처럼 열심히 해야",1,0
BgfNe9PGBls,그리고 프랑스는 죽었다,"풀버전 다운로드 : https://www.youtube.com/live/ES5ADSBqjrg?si=o87S9pRaRuhIVoE7 ||| 프랑스는 개막식을 통해서 자기들의 성해방과 자유를 홍보하고 싶었겠지만 전세계 국민들은 그것이 얼마나 아름답지 고 추악한지 점점 더 분명히 알게된 것 같습니다. ||| 감명 깊었습니다 전 불교지만 그라운드씨 입니다 ||| 기독교인인데 저 정도 인문학적 인사이트는 놀랍습니다. 구독으로 시작하겠습니다. ||| 프랑스가 말하는건 자유가 아닌 방종이죠~ 자유는 책임을 지고 질서를 지키죠~ ||| 이 영상을 보며 젊은 우리 자녀들은 많은 공부를 하고 있습니다 감사합니다 ||| 와... 기독교에 대해서 이렇게 풀어준 영상은 처음이에요. 너무 잘 봤습니다. ||| 이슬람을 이렇게 놀렸다면 프랑스는 이미 불타고 있겠죠 ||| 와, 진짜 기독교를 이렇게 정의내린시는 분은 처음 봤습니다. 확 살아 있네요. ||| 와 지식수준이 참 좋아 ||| ""프랑스는 죽었다""가 아니라, ""유럽이 "" 해야 합니다. 이번 올림픽은 유럽의 사망선고입니다. ||| 진짜 미쳐버린거죠 전세계인이 보는데 저게 어떻게 됩니까 ||| 꼭 오래해주십쇼... 감명 . ||| 아 현대판 소돔과고모라 프랑스네요 ||| 이분 누구신데 말을 이렇게 잘 하면 너무 도 이해가 정말 잘 돼요. 이런 통찰력 있는 생각은 교과서에서 도 배울 수 있으면 좋겠다... ||| 프랑스에 20년 가까이 산 사람입니다. 정말 백퍼 한 견해이십니다. 정말 솖끼치게 제가 늘 경험으로 관찰로 생각하고 있는 것을 설파해 요 ||| 우리나라도 정신차립시다. 이대로 통과되면 안됩니다. ||| 평등을 가장한 쾌락주의 추구 공감합니다. 소돔과 고모라 복사판입니다. 정말 인간의 욕심은 아닙니다 ||| 뭘 하고 어떻게 살아가야 하는지 알 수 없으니 쾌락주의로 빠진다. 왜 살 것인가?에 대한 신본주의가 들어서지 않으면 쾌락주의로 빠진다. 공감합니다. 저도 많이 방황했었는데 덕분에 방향을 잡지 ||| 자유는 도덕성 없이 세워질수 없고, 도덕성은 신앙없이 세워질수 없다 . 토크빌 ||| 맞습니다 정말 놀라움을 금치 못했습니다 올림픽과 혼성관계가 무슨 관계인지 충격적이었습니다 음란, 이를 문화 예술로 승화시킨 것이 프랑스 정신이라니.. 무섭습니다. 논평 감사합니다 ||| 놀라운 분석이십니다. 놀랍네여 ||| 이렇게 통쾌하고 명쾌하게 세계사의 흐름을 얘기한 강의는 … ||| 소돔과 고모라가 따로없다… 2차대전 이후로 평화가 너무 오랫동안 이어져왔나봄 ||| 그럼 어느정도 공부해야, 책을 읽어야 저정도로 해설할수있을까요!^^ ||| 프랑스는 끝났습니다! ! 합니다. 정말 천박하고 더러운 올림픽을 만들었네요.. ||| 업그레이드 된 우파 채널 그라운드씨. 응원합니다 ||| 저도 기독교인인데 대단한 인사이트에요. 배우고 갑니다. 아직 어리신데 대단하세요. ||| 그게 아니라 역겹다고 한 것이 맞는 표현이겠죠. 변태들을 받아들이니 변태짓이나 변태행위가 아닌 듯 역겨운 짓들을 담대하게 하고 있는 것입니다. 자유를 수호하지 않고도 누릴 수 있는 것일까 다시 생각하게 되는 시대입니다. 선을 악하다 하고 악을 선하다 하는 완악한 시대입니다. ||| 그라운드 c, 어디서 이렇게 크게 배웁니다. 감사합니다. ||| 올림픽 는 프랑스를 경멸하게 되었습니다 ||| 성지순례 왔습니다. 프랑스는 앞으로 더한 막장으로 간다고 단언하셨는데 그대로 들어맞았네요. ||| 대한민국에 유명 유튜버가 생겨서 아직 소망은 있습니다. 속 시원한 명 강의 같은 설명 잘 듣고 갑니다. ||| 조던 피터슨 교수님이 “신이 있는 것처럼 살아라” 하는 말과 일맥상통하네요! 자발적으로 지키는 질서의 힘이 강한 걸 알게 해준 좋은 영상 감사합니다! ||| 역사와 인문에 관심이 많은 프랑스 파리 거주민입니다. 정확하게 보시네요 ||| 그걸 받아들이는게 자유가 아니란걸 이번에 프랑스가 보여줬어요 ||| 매우 불쾌한 올림픽 개막식이었습니다. PC의 참모습이었다고 생각합니다. 그게 아니라 그름입니다. ||| 많은 생각을 하게하는 좋은 책 ||| 기독교인으로써 이런 바른정의를 내리시니 가슴이 확 똟리네요 정말 잘 공부했습니다 ||| 프랑스 심각하네요 한국교회도 정신 차려야지 프랑스처럼 되면 절대 못합니다 ||| 최고의 명강의 입니다 !!! 놀랍고 또한 한국에도 이런 지성이 너무 기쁩니다 ||| 몇십년 교회 다닌 저보다도 더 정확하게 정리해 서 감탄이 다 나오네요~ 그라운드씨~ 올려주신 동영상 보고 감탄이 멈추질 않습니다... 프랑스가 ..제 짧은 인생 참 잘것 없다고 느꼈는데 한방에 정리되었습니다...고맙습니다.. 구독하겠습니다 ||| ㅋㅋㅋ 올림픽 홈페이지에서조차 삭제처리됨. 저 퀴어 디렉터가 유대계 입니다 ||| 묵시가 없이 자유만을 추구하는 인간이 얼마나 잘못 행하고 더러워지는지 프랑스가 너무나 잘 보여주네요. ||| 이건.. 명강연입니다.. . 볼 수 없는 진리. 감탄을 하며 들었습니다.. 목회자들이 제발 좀 깨어나십시오~ 거룩한 척에 빠져있지말고.. 제발........ ||| 최근 본 영상 중에서 가장 완성도 뛰어난 영상입니다! ||| 프랑스 올림픽은 프랑스의 자체적 사망선고라 . ||| 진짜 프랑스에 무질서가 ? ㄷㄷ ||| 명쾌하고도 쉬운 상식으로 풀어내시는 논평이 핵사이다입니다❤❤❤ ||| 그라운드 C 는 최고의 감동 최고 최고 최고 감동입니다 우리나라 미래의 리더쉽 입니다 ||| 그라운드 씨 존경합니다 확실한 분 계셔서 감사합니다 동생이 보라고 해서 잘 보고 있습니다 ||| 그리고 종교얘기가 필요 없다! 자주 해주세요ㅋ 특히 무신론자가 기독교 샤머니즘에 선동에 취약하고 사회주의 공산주의에 잘 빠질 경향이 높으니~ 그리고 20만 축하드립니다. ||| 귀한 말씀 너무 너무 감사합니다 이 를 위해 더욱 기도하겠습니다 ||| '소돔과 고모라'도 세 수는 물러줄거 같은 그런 퍼레이드였음 ||| 프랑스만의 문제가 아닌 유럽 전체의 위기. 더 이상 선진국이 아님. 개회식 보는 내내 불편했음. ||| 와 진짜 박진감 넘치는 영상입니다. 당연히 그런거라고 넌지시 알고만있던 내용들인데 모두 근거가 존재하는거였군요! ||| 아 .... 인생 대박 입니다 시야가 어마어마 하십니다 인간이 같은 인간을 숭배하는것의 말로는 뻔합니다 ||| 전 가톨릭 신자는 아니지만, 말씀을 감동깊게 들었습니다 ||| 개막식 본 눈 버렸어요 "" 안본 눈 삽니다 ||| 백 프로 동의합니다 전 세계에서 시청하는 올림픽에서 천박하고 난잡한 퍼포먼스를 할 줄은 상상도 못합니다 ㅠ ||| 이야... 드디어 나에게 날 이해시킨 사람이 나타났다... . 이거지 그 어떤 목사도 못해낸걸 해내시네요 ||| 대단하다. 어떻게 이렇게 통찰력이 . ||| 난 무신론자이지만 몇천년이 유지되어온 기독교가 분명히 인류에게 중요한 무언가 가치가 있다고 생각했음 그런데 현대사회에서 너무 쉽게 기독교를 조롱하는데 마음한켠으로는 굉장히 불편하게 느껴졌었고 이 영상은 기독교 대해 정확한 설명을 위한 영상이므로 리스펙합니다. ||| 대환장 파티죠. 전세계인이 모인 올림픽 개막식이 저딴 난장판이라니… ||| 이분 사상과 중심이 저와 정확히 일치한다는 점에 소름이 돋네요. 감사합니다 많이 퍼뜨려주세요 ||| 다시 생각하게해주었고 배움을 주셨음에 감사합니다 ||| 프랑스는 ? ||| 이분은 하나님을 아시는 분 이 영상이 널리 퍼졌으면 좋겠네요. 그라운드 씨님 감사합니다 ||| 진짜 열심히 구독❤ ||| 답답하고 서러운 마음 풀어주셔서 감사합니다.. 아주 입 뻥뻥 뚤리네요 ||| 프랑스는 대한민국을 북한으로 칭할 때부터 알아봤어야 했는데 르노와 프랑스의 이런 는 아니라고 봅니다. ||| 아직 무교된지 몇년 안된 사람인데 기독교에 대해 말씀하시는 부분을 들으며 하나 깨닫는 게 생겼네요. 믿는 것과 별개로 제 안에 뿌리 깊게 내려있는 은혜의 가 도덕적으로 살게 해주는 원동력이 되는 것임을. ||| 격하게 ! 대한민국 국회의원들 모두 보아야 할 영상! ||| 확실히 지금 보면 인간 숭배가 장난이 아니긴한듯함 ||| 예언을 열심히 공부하겠습니다.참 고맙습니다 ||| 강렬한 그라운드씨의 눈빛 감탄 또 감탄!!! 항상 응원합니다... ||| 우리믿는자들이 강력 저항하고 대항해야합니다. 그냥둘수없는 건 예수 모독하는 행태일뿐, 무슨 미친 예술입니까.. 통탄스럽고 한심합니다 ||| 이분 대단합니다❤ 휼륭합니다 많은것을 배우게 해줘 감사합니다 ||| 와 엄청난 인싸이트입니다!! 많이 보고 갑니다. ||| 종교가 없으면 도덕을 세울수 없습니다. 법 규범만으로 부족합니다, 반드시 종교 규범이 함께 가야합니다. 종교 자체가 존중받아야 합니다 ||| . ||| 현대판 소돔과 고모라가 ? ||| 인사이트가 대단하다. 기독교는 종교이기 이전에 하나의 도덕률임. 즉, 하나님이라는 기독교의 신이 실존하는 것과 무관하게 기독교의 가치체계 자체가 프랑스 사회에서 도덕성을 형성하는 주요 요소라는 뜻임. 프랑스가 기독교를 조롱하고 버렸다는 것은 프랑스 사회 기저에 깔린 도덕성이 타락했다는 걸 뜻함. 도덕성이 타락한 사회는 필연적으로 무질서와 혼돈이 판을 지게 되고, 그런 사회적 혼돈은 결국 대중들을 지치게 만들어서 그들이 스스로를 강력하게 지배해줄 파시즘과 같은 사상에 자발적인 노예가 되도록 강요함. 프랑스의 앞날은 캄보디아의 킬링필드, 혹은 전간기 독일의 나치 둘 중 으로 나뉘게 될 거임..... ||| 빙고!!!!제가느낀것과 똑같은 얘기를 해주셔셔 기쁘네요 .. 속이후련하네요 … 프랑스여행하고싶엇는데 관심이 없어졋어요 … ㅎㅎ❤❤❤ ||| 이번에 프랑스 가 경악했네요~ 프랑스 대실망입니다 ||| 이 영상 통해서 또 배우게 됩니다. 대한민국 국민들이 경각심을 가졌으면 좋겠습니다. 어제 20만명 달성하셨는데 축하드리고 자고 일어나니 3000명이 늘었네요. 10만명에서 20만명 1년 에 30만명은 더 빨리 달성할 수도 있겠습니다. 감사 세요 ||| 우와 대단하시다. 감탄 감탄. ||| 최고의 # 용감하시고요❤ ||| 그리고 하루빨리 악의 무리로부터 구해야 합니다. 대표적으로 더불어민주당이 어떻게든 통과시키려는 차별금지법! 이 악법은 반드시 저지시켜 매장시켜야 합니다! ||| 종교의 역할이 이렇게 중대할 줄 전혀 몰랐네요 하나 배우고 갑니다 ||| 이 혼돈은 곧 전 세계적인 트랜드가 될 것같네요 ||| 프랑스인 친구들한테 물어보니 프랑스 여론 자체도 LGBT를 위한 올림픽 개막식에 역겨워하는 게 보여서 이번 사태를 계기로 프랑스에도 미투 열풍이 좀 불었으면 좋겠네요.... ||| 안봤는데 지나가는 짤만 해도 기괴하고 엽기적이고..한마디로 그냥 미쳤구나.. ||| 100여년전 조선땅에 서구종교 유입 이후로 신분, 남녀 평등에 지대한 영향을 미친건 참으로 감사할 일입니다. 한국교회가 바로서서 한국이 따뜻하고 정의로운 나라가 되길 바래봅니다. ||| 사탄들이 자유에 대해 거짓말 한것이다. 우리나라와 미국은 자유를 지커내야한다 ||| 유럽의 중국이란말이 ? ||| 와! 와! 명쾌 ! 통쾌! ||| 덕분에 요한계시록 인신공양 반대 내용이라는걸 알고 감사합니다 원래 무신론자였는데, 제가 멍청하다는거 알았어요 ||| 프랑스 개막전을 뉴스로만 본 소돔과 고모라 입니다. 자멸각.. ||| 디자인 전공/실무에서 업으로 하고 있는데, 직업상 철학을 공부하고 , 관찰하는데요. 점점 극단적인 포스트+포스트 모더니즘으로 가고 있다는데, 공허함을 쾌락으로 보고 는 대목이 정말 공감됩니다.",3,1
0WE0vW2l3IU,[LIVE] 장동혁 대표는 윤 * 과 10분 동안 거의 내내 서로 울기만 했다 (시사링크TV 오영빈),"가슴이 너무 아픕니다. ||| 장동혁대표님. 참 훌륭하십니다 두분이 만나서 우셨다니.가슴이 아프고. 눈물이 나옵니다 ||| 국힘당 의원들 은 제발뭉쳐라 장동혁대표님 지지하고응원합니다 ||| 분하다 . 범죄자에게 당하고 고통받는 우리 보수 들과 윤통과 장동혁님 ||| 당원가입 - 제발 투표 많이들 하셔서 장동혁 지도부에 힘을 실어 주십시다. ||| 시사링크님 나도울었어요 장동혁대표님 든든하마음 우리모두 # 이나라굳거하게 지킵시다 ||| 장동혁 씨 잘하셨어요. 윤대통령님 생각하면 눈물이 나네요. 가슴이 아파요. 빨리 빨리 석방했으면 좋겠습니다. 당원 100% 가야 합니다. ||| 마음이 무겁습니다 싸워야 합니다 이겨야합니다 ||| 당원100%우리당 이다. 당원이주인이다 . 가자! ||| 장동혁 도 잘하고 있고 열열히 응원합니다 힘내셨음 좋겠네요 ||| 윤대통령님 생각하면 맘이 아픕니다 장동혁 씨 잘 하고 계십니다 언제나 지지합니다 ||| 눈물납니다 . ||| 장동혁 대표님 응원 합니다 힘내세요 ||| 국힘 당원 투표 100프로 추진해 주새욧 ||| 응원합니다 . ||| 힘내시고 건강하세요 . ||| 눈물이 자꾸나네요 ㅠㅠ 우리 모두 응원합니다 ||| 사나이 눈물ᆢ애국자의 우리 국민을 사랑하는 마음끼리 이심전심이셨겠죠ㆍ 윤어게인 ||| 장동혁대표님 인품이 훌륭하십니다 두분이 우셨다니 마음이 너무아픕니다 장동혁대표님 열열이 야 ❤❤❤❤❤❤ ||| 당원 투표 해야합니다 ||| 당원100프로 응원합니다 오늘 방송 너무 도 따뜻했어요 ||| # 링크 님 응원합니다 ||| 장동혁 대표님 힘내 십시요 ! ||| 우리는 대한민국 국민 입니다! 같이 울고 같이 아픈 마음이 정말 하나가 되기를 바랍니다❤ ||| 맞어요 200 %하라 ||| 나이먺은나도 그런맘일쎄 그날까지 존나 홧팅 젊은이들많 밋겟네 ||| 당심100% 는 공소기각 ||| 기가차서 ( 주루룩 ||| 우리의 목소리를 위해 국힘당원 가입합시다 ||| 힘내세요 ||| 자 자.. 사과할 자들은 좌파에 갈지어다~~ ||| 당심 100 프로. . ~~ ||| 당원100%로. 가야합니다 윤대통령님 생각하면 아직도 눈물이 납니다 장동혁 대표님. 너무너무. 감사합니다 잘하고 계십니다 장동혁 대표님 힘껏. 응원할게요 윤 어게인. 윤어게인 ||| 장동혁대표님 ! ||| 장동혁 대표님~~!!! 절대 쫄지도 떨지도 마세요~~우리가 있어요 가슴 뭉클합니다~ ~ 꼭 대표님 지킬겁니다 마음 약하게 먹지 마시길 바랍니다 ||| 당원 100%로 선출 ||| 당원100%로 선거 화이팅 ||| 국힘당에 내부총질하는것들 이번에 싹다 쓸어버리고 우파정당들 로 뭉쳐서 반국가세력들과 싸워 이깁시다 ||| 윤대통령 힘내세요 저 완전히 미쳐돌아가고있어요 ||| 오늘 시사링크님 방송 감사합니다 ||| 대한민국 대통령은 장동혁뿐이다 그래야 나라가 정성화 됩니다 ||| 장동혁대표님 ! 화이팅입니다 감사드립니다 ||| 말만 들어도 눈물이나네요 넘 억울하게 죽 게 만든 죄멍이 시끼 죄명당 것들 꼭 되로 받아야함니다 그냥 못넘어 감니다 ||| 권영진 이 자는 퇴출이 아닙니다 ||| 100%로 주지 않나요? 우리 당인데 왜 다른 곳에 기회를 주니? ||| 아니 국힘을 지키는데 어디 당원을 무시하냐 ||| 당원100%로 선출 ||| 장동혁대표님 ! 감사합니다! 윤대통령께서 정말 많이 위로받고, 고마우셨을거예요^^저희도 대통령 다녀오신 얘기듣고 울컥하네요.절연할일없다는 단호한 대답이 정말 감동이네요..최근들었던 어떤 소식보다 가슴 벅찬 소식이에요^^장대표님 지지하고 응원합니다!❤ ||| 장동혁 은 일부 국민당 배신자들로 마음 깊이 상했을것이고, 윤통의 아픔, 깨달았기에 눈물만 흘렸을것입니다 ☘️ ||| 당심 100% 갑시다 심 100% 100% ||| 두분이 십분내내 울기만 하셨다니...ㅠㅠ 주님께서 윤통과 늘 함께하고 계시는것같아요.. ||| 당원100% 당원 아닙니까? ||| 당원100프로해라ㆍ이성권니놈이민심역행이다ㆍ권영진 ! ||| 진짜 어이없네 일반 여론조사로 출마할려면 무소속을 나가세요들 ㅋㅋ 왜 이렇게 당심을 무시하냐고ㅋ 그냥 당원투표 100프로 가자~~~~~~~!!!!!그게맞다!!!! ||| 윤대통령님 장동혁대표님 ! ||| 너무 아깝다. ||| 장대표님 신중하신가보다.. 들 신중하셔도 됩니다 ||| 장동혁 대표님 윤카 님 눈물나게 감사합니다 장 대표님 열열히 응원하겠습니다 ||| 울지마여!!근데 지금 울고있네여 ||| 국힘의 당원이 되어주세요!장동혁대표에게 ! ||| 국민모두장동혁모두지지합니다.힘네세요최고입니다 ||| 장동혁 . ||| . ||| 젊은 날 시사링크 화이팅 멸공 단결 윤 어게인 ||| 윤대통령님. 얼마나 . 맘이너무 아파요.",1,0
iOqQmFSD8_Q,LIVE 쨍하고 해뜰날 25 12 11 김광일 전원책 출연 사의 전재수 금품수수 없었다 떳떳하면 왜 그만두나 통일교 금품 메인 따로 있다,민주당 압수수색하라 민주당 똑같이 수사하라 민중기특검 이것들 다 구속하라 쨍하고 해뜰날 화이팅 전재수 정동영 박지원 김현지등 권선동도 감옥갔는데 이들도 감옥가야죠 한동훈만 거절했다는데요 윤본부장님 진실만이 이깁니다 용기내 주셔 넘 감사합니다 법원판사들이 아직은 살아 있네요 전원책 김광일 의미있는지적 공감 합니다 함께 멸공 문형배를 비롯한 당시 헌재재판관 7명은 자유대한민국 역사의 죄인입니다 박지원 이번기회에 회계하는맘으로 아는만큼 불어라 이재명 큰일 났구나 빼도박도 못하겠네요 현희는 맛이 갔죠 상식이나 법 안중에도 없고 하고싶은대로 막 내뱉는거죠 국민을 바보로 보는겁니다 전재수 사표는 김현지궁의 입김 특검하여 싹을 다 짤라라 전 재수가 없었을 뿐이예요 통일교는 김대중때부터 말이 않았다 김대중때 북에서 평화자동차를 만든사람이기도한 문선명이고 정치쪽에과아주 가까운듯한거같다 부산이 온정신이 있다면 전재수는 정말 아니다 이정권 뭘 아는 게 있어야 제대로 된 정책을 펴죠 전재수 금품수수 통일교는 큰절합니다 결혼때도 부부가 서로 큰절 맞절합니다 반드시 문선명 한학자교주에게 큰절로 알현합니다 전원책 지가 연류된 모든 조직은 없애버리는 무서워 임종성 재명이는 끝났어 두 거장의 평론이 노벨급 한동훈이 나서면 죽었다 깨어나도 안된다 한동훈이당게땜에급하긴하나보네요 30년전일이라고감싸 그럼김여사와모친은뭔데 통일교가 아베 암살했었죠,0,1
qwziEJLdNS0,12 4 목 국힘의 3가지 사과 현지 누나 인사 청탁 박순봉 김준일 추경호 영장 기각 박수현 AI 기본사회 임문영 신동욱vs장경태 설전 유인태 김현정의 뉴스쇼,12 4 목 뉴스쇼 뉴스 연구소 국힘에서 나온 3가지 사과 현지 누나 인사 청탁 연봉 2억짜리 김건희 징역 15년 박순봉 경향신문 기자 김준일 시사 평론가 인터뷰 1 장동혁 송언석 서로 다른 계엄 사과 추경호 영장 기각 문진석 김남국 인사청탁 논란 더불어민주당 박수현 의원 놓지마 뉴스 방송인 강승희 인터뷰 2 AI가 바꿀 세상 현재 우리나라의 위치는 AI 에이전트와 피지컬 AI 국가인공지능전략위원회 임문영 부위원장 월간 장동혁 폭거 맞선 계엄 문진석 김남국 인사청탁 논란 성추행 의혹 신동욱 vs 장경태 설전 유인태 국회 사무총장 미니 댓꿀쇼 문진석 김남국 어떤 후속조치가 필요할까 유인태 국회 사무총장 인물이 사고뭉치 코인박사 김남국 밖에 없냐 한심하다 인사청탁 비리를 이따위로 가볍게 대해 유인태 영감님 안찍히면 그만이다 청탁하는게 잘한 일인가 정말 말이면 다인가 이제 집에만 있기를 잘못됐다고 한마디 안하네 안보이는곳에서 하는거야 암암리에 그럴수도 있다고 생각하겠지만 대놓고 하는데 예전에 다른 놈들도 다했다 이게 말이야 안들키면 그만이다 찍힌게 문제다 듣다가 내귀를 의심했습니다 잘못 들은 이야기인줄 알았습니다 가슴 깊은곳에서 작은분노가 민주당 사고뭉치 조국 정청래 추미애 김남국 국힘당 사고뭉치 윤석렬 장동혁 김민수 권성동 세상에는 도움이 되는 사람과 전혀 도움이 안되는 인간이 있다,2,3
9vzIW02cqjE,박수현 현지 누나 문자 범죄도 윤리 감찰 대상도 아냐,이래서 민주당이 역겨운거다 윤석렬때 이런일 있었다면 민주당이 당시 정부와 국힘에 뭐라고 했겠냐 잘못했으면 잘못했다고 해야지 무슨 억지쉴드치고 있어 교만하고 오만하다 이놈들아 와 진짜 이게 내로남불이지 김남국 픽했을때도 기가 찼는데 역시나 피같은 국민 세금 축내지 않아도 배불리 잘 살텐데 당장 자르지 않으면 언젠가 반드시 댓가 치루리라 직권남용은 윤리감찰 대상을 넘어서서 법적조치 대상에 해당하지 않나요 위법하지 않다면 윤리적으로 문제가 없다는걸까요 내로남불 실세 김현지의 전횡은 상식에 맞아서 민주당은 저렇게 감싸는구나 민간 협회 회장을 왜 자기들이 관여하는거죠 직권남용 아닌가요 왜 죄가 안된다고 생각하시나요 표로 보여 줍시다 쟤들은 표만 보는 애들 이쟈뉴 여봐요 당신이 뭔데 문진석이 자동차산업협회장 청탁한게 범죄인지 아닌지 답을 정해 범죄 아니면 괜찮다 그럴려면 윤리감찰단 이 아니라 범죄감찰단 이라고 해야지 문진석이가 운영위할애비든 뭐든 현직 국회의원이 청와대에 민간단체장 청탁하며 마피아짓거리하는데 뭐시라 윤리감찰단이 어째 국회 본회의장에서 누나니 형이니 그런 문자 주고받는 짓거리하는 김남국은 폭탄입니다 정리하세요 이 인간들 말하는 폼새며 하는 짓이며 배가 너무 불렀네 기가 안 차네 민주당의원 전원 미쳤다 해산해라 이답이다 국민들이 분노하고 있다 미처도라가는구나 저게말이라구 박수현의원 소신있고 중도층도 대변하는 정치인으로 봣는데 충남도지사 공천에 영혼파셧네요 국정조사 나오기 싫어서 인사에 개입할수 없는 공직으로 옮긴것도 비판받을 부분인데 버젓이 인사에 개입한다는 정황이 나왓건만 문제없다는 식으로 말하다뇨 권력은 누리고 책임은 안지려는 시스템을 역행하는 실세입니다 최순실이 10년이상 감옥에 있는 이유는 김현지는 아예 국정농단의 현장이 딱걸렸다 이죄명정권이 무너져야하며 그두남녀는 수십년 감옥에서 보내야한다 민주화 운동을 왜 자꾸 빛의 혁명이라고 할까 나만 거북한가 빛의혁명이란말은 또뭐냐 요줌시대가 혁명이냐 왜자꾸 국민들을 선동하고 현혹하냐 박수현님 제정신으로 사세요,0,1
5ZVAsRogXIE,대통령이라는 자가 북한의 초보적 실상도 모르나,거짓말 쟁이 사기꾼 답습니다 속히 감옥 보내야 합니다 내란 내란 내란몰이에 빠져 정책은 정말 모른다 대장동비리도 몰라 백현동비리도 몰라 대북송금도 몰라 이재명은 숨쉬는것도 거짓일듯 권력과 잿밥에만 관심이 있고 민생에는 관심 없다 동네 이장 정도 옳소이다 그렇습니다 무서운 일이죠 그건 그렇고 내년엔 한국 갱제 대공항 제 IMF 97년 IMF는 저리가라 핵태풍 토네이도가 덮친다 원화는 떵값이다 나는 대통령인데 당연히 몰라도 알 필요성이 있나,0,1
S-0bVM53was,현직 대법원장 조희대 입건 공수처 고발 한두 건 아냐 Shorts,조사를 해서 진리를 봐야죠 조사 해야지요 제발 엄중한 수사 부탁드립니다 조희대를 철저히 수사해서 엄중하게 처벌하라 엄격 수사 엄벌처리 제발 철저히 압수수색하자 현 시점 제일 가증스럽고 위험한 인간 엄중한 수사와 처벌을 해야합니다 정의롭지못한 사법부를 개혁해야합니다 일반이면 바로 수사들어가겠지 바로 즉시 수사들어가야지 처분이 어렵다는게 말이되냐 내란동조범 사퇴하고 수사받아라 우리나라에 암덩어리 속히 도려내서 폐기처분하라 철저히 조사해서 모두 처벌 파면 시켜야 한다 구속필요 제발 철저히 수사해주세요 공수처수사관님들 빠르게 빠르게 처리해 주세요 꼭 엄벌해주세요 발리 체포하고 구속시켜라 대법원장 자격 없다 진작 입건해서 철저히 조사하고 처벌하라 그냥 넘어가면 국민이 용서치 않을것 암덩이가 발견되면 도려내서 치료해야 합니다 그러지 않으면 계속 번식 합니다 구속수사하라 판사는 절대 신이 아니다 왜 판사들은 예외가 되어야하는가 도리어 더 엄격한 잣대로 판단받고 벌을 받아야한다고 본다 잘못이 의심되면 당연히 수사받아야하고 또 처벌 받야야지 철저히 수사해서 강력처벌 해야한다 바르지못한 판결 판사 처벌받아야죠 반드시 처벌해야한다 사회악 국가악 사법부개혁 반드시 성역이 아니다 이놈 조희대 법적절차에따라 엄벌해야한다 수사 철저히 해야한다 어서수사하고 엄벌해주세요 내일꾼으로 당장 끌어내리고싶어요 강력처벌 정리해주세요 이참에 바로서기를 기도합니다 철저하게 조사해라 누군바주고 그런짓할건지 국민이다지커보고있다 국민을 바보취급하지마라 조희대 철저히 조사해서 무기징역 바랍니다 엄중한 수사진행 되어야 합니다 본인이 입건되니 사법개혁 반드시 저지해야 하는거지 더 엄격히 처벌해야 사정기관의 부패는 100배는 처벌 강화해야 국민이 납득한다 철저히 조사해서 엄벌에 처해주세요 철저히 수사 해 주세요 무조건 구속 엄벌해야합니다 부디 엄벌하길 저건 내란수괴의 강력한 최후의 조력자다 엄중하고 정확하게 수사하고 처벌해 주세요 조희대 입건 공수처 수사 좀 해라 제대로수사하고 처벌받자 엄중한수사로 강력처벌원합니다 철저하게조사해라 수사해서협의가 나오면 선처없는 처벌하고 윤석열이에게보내라 단단히 철저히 수사하시고 처벌하세요 40대가 여중생성폭행한것도 무죄로 풀어준 조희대다 정의가아닌 돈으로 권력으로 판결하는 조희대는 반드시 처벌받아야한다 희대의 내란공범 대법관 철저히 조사하고 구속하라 사법개혁은 필수입니다 이걸 그냥 놔두는겨 조희대를 당장 구속수사해라 철저하게 엄중하게 수사하셔야합니다 조사를 철저히 죄는 엄중하게 조희대는 대한민국의 건강한 미래를 위해서라도 깜빵이 맞다 조희대요시 확실히 수사하세요 국민들이 화가나서 참을 수가 없네요 철저히조사해서 전부구속하라 파면이답이다 엄벌에처리해야합니다우리국민을우수게아는조희대강력하게처벌해라 당장 구속하고 철저히 조사하리 이상한 짓 많이 했으니 철저하게 내란 협력자 즉각 채포 수사하라 내란협력자가 분명하다 윤가와 사전 내란모의자 인것 같다 강력처벌하라 신속하고 정확한 조사 처벌은 강력하게 제발 수사받고 구속되어 심은대로 거두기를 바랍니다 현직 대법원장 피의자 입건의 전례 없는 상황인데 와 언론들은 침묵하고 있는가 계엄할걸 미리알고있던놈들은 무기징역부터 스타트해야되는거 아니냐 대법원장도 똑같은 일개국민 예외가 있을수없다 죄가있다면 법과원칙대로 처벌해야죠 사법 내란수괴 조희대를 반드시 엄하게 처벌해야 합니다 제발 구속시켜라 철저히 조사해서 법대로 처벌해야지 조희대 제발 구속시켜라 판사가 법을 어기는 것이 어찌 말이 되는가 정의의 심판을 받아라 그래 계엄때 모의했다며 공범이다 연예인은 사진 한 장 나와도 하차를 하던데 그래서 조희대는 123쿠데타 당시에 내란이라고 말도 못하고 재판 중일 때는 재판 중인 건에 대해서는 답변할 수 없다고 했죠 그런데 내란전담재판부는 아직 일어나지도 않았는데 위헌이라고 이야기를 하고 있네요 강력한 처벌을 하길바라는건 국민들 생각이고 어디에도 믿을수 있는 인간들이 없습니다 도대체 대법원장이 신이나 법망을악용하는 악질을 강력처벌 받아야 개검개혁은 윤석열 한동훈이 큰역할하더니 법원개혁은 조희대 지귀연때문에 하게될것같네 조사를재대로철저히수사해서 처벌되길 바랍니다 조중동 보도해라 국민이 알권리가 있으니 침묵하지 마라 철저한 조사와 처벌 바랍니다 공수처 제발 제대로 쫌해라 입건된 대법원장 직무정지 직무배제 시켜라 대법원장 그만둬야지 이해충돌 문제가 있지않나 강력처벌 철저히 직권남용죄와 내란공범죄로 구속시켜라 강력한 처벌 하라 말 그대로 제발 강력한 형사처벌이 답이다 내란주동자 수사받아야지 구속수사 엄벌하라 엄벌하라 나쁜넘 제발 제대로 수사해서 처벌되길 바랍니다 이거 덮으려고 연예인 건드리고 더큰짓을 분명히 조희대는 내란가담자 대법원 압수수색이 이뤄져야 증거들이 나올탠데 공수처 일해라 내란공범 입니다 반드시 처벌 받아야 됩니다 중형처벌 반드시 조희대비롯 지귀연를 구속하라 철저히 신속하게 단죄해주세요 법을 안다는 놈이 법을 이용해서 국민의 권리까지 빼앗으려 했던놈이 사법독립을 얘기한다 푸 하 하 엄벌해야 한다 내란세력은 능지처참이다 이놈은 국민을 우롱한놈입니다 빠르게 집행하여 구속시켜야 합니다 조희대 지귀연을 법의 심판 내란공범 단죄 확실하게 처벌요,1,1
tTHQMvVKU5o,태도 불량 나경원 정밀 진단 한 김용민 처벌 제대로 안 받아서 저러네,나경원 넌 예의를 물말아 먹고 국회의장님 권유도 듣지않고 니맘대로 떠들었잖아 조용히 노래를 하든 춤을 추든 연극을 하고 내려왔다면 누가 뭐래니 나경원아 넌 4가지 없이 행동한걸 반성해야됨 남편이 판사라 좋네 저렇게 죄를 지어도 법을 무시해도 멀쩡히 돌아다니고 나베좀 국회에서 안볼수는 없냐 서울 시민들아 5선이나 되는 의원이 저런 행동은 국민을 우습게 보기 때문입니다 반성하십시오 사람을 얼마나 무시하면 꼭 저 비웃는 표정이 나오나 나경원좀 안보고 살자 3일로 돼 있는데 오늘 맞는건가 나베는 적반 하장 하네 기가 차다 나경원이 스트레스가 하늘을 찌르네 본인 몸도 많이 상할텐데 그렇게 소리지르고 아유 나경원제발안보고살고싶어요 나경원때문에국힘이더싫어집니다,1,1
7gOVKPeBck8,윤석열 석방 막으려고 구속 기간 1년으로 연장,나쁜 인간들 반듯이 천벌받을 거다 법을 무시한 법개정은 내란입니다 법치파괴한 민주당을 고발합니다 법파괴 나라말살하는 민주당 해산시킵시다 화가납니다 윤대통령님생각하니슬퍼요 끝까지건강하시길기도합니다 윤어게인 악마가 따로있는게 아니다 나라를 쑥대밭으로 만든것도 부족해 갖은 악한짓을 골라서 하다니 끔찍스럽다 정말 미처돌아가는 나라내 국민들도무섭지않은 싸이코들에게 이나라를 맡긴국민들이 참한탄스럽네 이정도의인간들이란것짐작도못했지 법까지망가트리는자들 멸망의길을제촉하네 역시 선거만 조작하면 한국 먹을 수 있는거였어 나라를 지들 구멍가게 운영하듯이 마음대로 주무르고 있습니다 국민이 일어나야 합니다 상식이 통하지 않는나라 가 되어버렸습니다 이게 내란이고 쿠테타 아니고 뭔가요 말도 안돼 법이 고무줄인가 민주당 맘대로 나라가걱정 되어요 민주당해체다 미쳣구나 천벌을 받을것이다 이나라가 고작 200명도 안되는 니들의 나라냐 정말 뉴스 볼때마다 복창터진다 장인하다 사람을저러게미위하다니 일어나야함니다 꼭 천벌을 받게 해주세요 제발 오로지 법대로 법이무너진 나라 민주당은 해산하라 민주당은 해채해야 한다 민주당은 해산하라 천벌받을 놈이다 정답 부끄러운줄 알아야지 국민이 바보다 고무줄법 하늘 무서운 줄 알아야지 독재자들이 그리 영원하던가 이죄명 이틀러 이두로 리짜이밍 왕따이밍은 천벌을 받는다 대통령은 윤석열 미친놈들 어떻게 할수없나요 법이 무엇인가 기본적인 국가질서를 개판 만드는구나 법 잘 지키는 일반 국민들이 바보되는 꼴 민주당강아지들 재명이는 재판을 당장받아라국민들 명이다 범재자 설치면나라가 망한다 제발 빨리 석방이되기를 기원합니다 거시긴 못하는건 없지 민노총 촛불행동 진보당 노동자연대 금속연대 반성하라 민주당 폭주 하다가 폭망할때 보자 미쳤구나 어떻게 한 나라의 정당이 법을 지키는게 아니라 법을 자신 입맛대로 맘대로 제정한단말인가요 국민으로서 너무 화가 납니다 이재명 특별법 이죄명과 그측근들도 똑같이 해야 형평성에 맛는것 아닌가 윤석열 대통령님 석방복귀하라 끔찍한 소리 마세요 그때는 국민의 힘이 다수의석을 차지하고 있겠죠 민주당이 악법만드는 다수가 다시는 다시는 되지 않기를 제발 바랄뿐입니다 이건 진짜 들고일어나야될 시기가 된건가요 뭐든 지들 맘대로 하겠다는건데 국민알기를 진짜 적들의 눈에는 법이 따로없다 정상적 나라로 돌아오면 모던깃이 자유대한의 법치질서가 바로세워질 것이다 법을 지들 맛대로 당겼다 놨다 민주당 의원들 깜빵가자 국민들이 법을 만들자 현정부가 멋대로 법 만드는 무대보식의 정치 국민이 이해할까,0,1
81AEXXs8t6A,뉴스바사삭 유구한 당대표 흔들기 역사 가진 국민의힘 장동혁은 251205 방송,4번타자 누가준4번타자냐 퇴출이 정답이다 보수 아직 늦지 않았어요 왜냐면 한동훈이 있으니까요 장똥혁 자기손으로 지도부 붕괴시키고 망한길에 일시적인 미친광풍에 어부지리 대표되서 능력부족임 너도 당해봐라 죄는 죄대로 한대표때문에 국힘에 아직도 미련을 못 버리고 있다 한대표 때문에 총선에서 졌나요 전대통령이 엉뚱한 일을 벌려서 패한거죠 국민이 산 증인 입니다 서정욱 정신감정 받아라 서정욱 수준은 최악이예요 조갑제 선생님 말씀 들은면 자다가도 떡이 나올것 장동혁하는 지긍의 행동을 보면 이재명 정부 도우미임 이재명정부 잘하라고 굿지내고 있는거 같음 조갑재님 갑사합니다 추경호 대구 시장 되면 대구 시민들이 더 문제임 제 정신으로 일 잘하는 사람 뽑으세요 옥임누나 솔직히 옛날엔 디기 시러했는데 지금은 거의 맞는 말만 함 냉철한 분석도 곁들어서 호감이 감 근데 아직두 국힘에 미련이 있는거 같은데 얼른 포기하세요 해산되어야할 미친 회복불능 집단임 응원할께요 정옥임 전의원님 화이팅입니다 저녁마다 김민수 고성국 전한길과 윤어게인 하면사 술 쳐드시는데 절연할수 없죠 국짐의원들은 다 한 몫 잡으려는 인간들 뿐 계엄 다시 해도 해제 안되기를 바랄 것 그래야 돌아오는 몫이 크니까 장동혁왜저러는데완전웃기는정치하고있네요 장동혁은오로지 자기정치 당은죽든말든 본인만살면된다는씩 장동혁은 윤어게인이 자기한테 득이 안된다는 판단이 서면 가차없이 갖다버릴인간임 친윤들 선거때문에 Tk들 뒤에모여서 자기들끼리 다시 뭉치려 고 가짜사과하면 이젠 않통한다 국민들은 똑바로보고있다 거짓은 않통한다 전한길 전광훈에게포위돼여빠져나오질못하고허우적거리고있다 대표는 아무나 합니까 극우가 선택한 당대표 명분이 있나요 비대위로 가야 그나마 희망이 조금 보이죠 장동혁이보수망치고있다,1,3
ZWTTTEs5PeU,풀영상 국민의힘 장동혁 국회 앞 천막 농성 25 12 10,화이팅 화이팅 화이팅 장동혁 화이팅 장동혁대표님 응원합니다 국민들이 장동혁대표님을 지지합니다 열렬히 응원합니다 힘내세요 감사합니다 장동혁 잘 한다 장동혁 화이팅 장동혁대표님 이기는 싸움을 위해 몸 따뜻하게 하십시요 응원합니다 국민의힘 내부총질 분탕질 분열을 시키는자들 매일같이 명단을 까주세요 장동혁 대표님 지지합니다 파이팅입니다 장대표님 힘내십시요 온 국민이 지지합니다 국힘 장동혁으로 똘똘뭉쳐 싸워라 춥더라도 끝까지 국민들 믿고 가주라 부디 장동혁대표 홧팅 국민의힘 똘똘 뭉쳐서 다음선거때 이겨야될꺼 아닙니까 일부의원들 장신차리세요 국민이여 잠에서 깨어나라 응원합니다 홧팅 장동혁대표님 화이팅 끗끗하게 당당하게 가시는 모습에 응원 합니다 응원합니다 자유대한민국 지켜야합니다 천막농성장 잘 차렸습니다 사즉생 생즉사 국민의힘하나로 뭉치자 장동혁대표님 힘내세요 끝까지 자유민주주의 대한민국을 지키자 이것이 나라야 대한민국이 어디로 가고있지 한국은 한국이아니고 두국으로 갈라지는 나라가돼여가네요 국민도 두쪽으로 국회도두쪽으로 이추운겨울에 고생이많으십니다 여러분 사랑합니다 화이팅 장동혁당대표 김민수최고위원화이팅 국민들이 내연 선거에서 심판을 해야한다 진짜 전사 장 동헉과 김민수 장대표님 당신은 우리의 희망입니다 장동혁 대표님께 제대로 힘 실어주십시오 장대표님 힘내세요 아자 아자 아자 내가장동혁이다 장동혁파이팅 일 안하고 배신때리는 주범들은 아웃이다 국힘은 피터지게 싸워라 일도안하고 장동혁 대표님 발목잡기나 하다가 선거철되면 공천해달라는 거지같은 국개의원들 옥석을 가려냅시다 충청의 아들 장동혁 화이팅 충청인이 강렬허게 응원합니다 결국엔 피애는 국민이여 국민의힘 화이팅 장동혁 화이팅 동훈아 정치 배워라 국민들이여 구름같이 모여라 그래서 이재명 일당들 목줄을 잡아당겨라 나라를 살리는 길이다 어설피 하다간 얻는건 없다 고생만 할뿐 전과자 대통령 싫습니다 사법파괴 5법 즉각철회하라 악법중에 악법 스탈린을 연상시키는 법 대통령한거람 잘못 뽑아서 온나라 쑥대밭이 되어버렷네 멀쩡한 구속이 없어 악법제조기 민주당 해체하라 장대표 얼굴 살이 쏙 빠졌네요 정말 고생 많으십니다 국힘의원님들 분열하시지말고 하나로 뭉쳐주세요 제발 우재준 저인간 뻔뻔한 놈이네 당계조사 불법 고발한다고 장동혁대표님 화이팅 국힘을 좌파와 싸워서 이기는 정당으로 개조해 주십시요 장대표님 하고 싶은대로 다하세요 저희집 식구들은 모두 장빠입니다 국민힘에서 뒤에숨은 위원들은 다들 머하고 있지 대표님 힘내세요 대통을 빨리 끌어내리야 대한민국이 산다 선명하지 않으면 상대하지 맙시다 장동혁대표잟 십니다 장동혁 김민수 신동욱 나경원 화이팅 최선을 다해주심에 감사드립니다 일 안하는 국힘의원들 절대 표 주지 맙시다 이재명 내란을 막을이는 국민밖에 없다는데 부정조작선거에서 국민이 어찌하란말이오 당신들부터 목숨을 걸어야하지않소 더불당 망할것이다 우리가 장동혁이다 타도하자 윤한홍 권영진 장동혁 대표님 응원합니다 송언석대표님 옛정에 흔들리지 마시고 장동혁 대표님을 제대로 도와주시기 바랍니다 민주당해체 해야된다 법아닌법을 만들고 국민들을 우습게보나 국힘 국민과 함께 강하게 싸워주세요 장대표님 힘내시고 추운데 건강잘 챙기시길 바랍니다 잘한다 제발좀 싸워라 대한민국을위해 송언석 우재준 배신자 장동혁 대표님 꼭건강도 챙기세요 화이팅 장대표님 다선 의원들 한테 절대 기죽지 마세요 당신이 정신연령은 더 다선 의원 이십니다 우재준 너 빠져라 장동혁대표 굿건하게 이겨냅시다 중진들이 미쳐가는거같아요 헛소리하는인간들 절대 공천주지마셔요 장동혁대표님김민수위원장님지지합니다너무나잘하십니다 장 동혁 장 동혁 화이팅 장동혁대표님 힘내세요 장대표 힘내세요 지금나라위해 너무잘하고계십니다 사과한 인간들 이제 좀 그만보자 송언석 우재준아웃 나가서 피켓시위만 하지말고 국회가서 싸우세요 제발 정신좀 차려으면 좋겠네요 장동혁대표님 응원하고지지합니다 힘내세요 책임당원으로 장동혁대표님을 응원하고지지합니다 장동혁대표 뒤에는 당원들과 우파 국민이 있습니다 국힘의원들 그나마 나설힘이나는건 장동혁대표의 올바른 패기와외침 덕분인지 아시는지 국민들도 조금씩 힘이납니다 장동혁대표님 감사합니다 힘내세요 송언석 아웃 장동혁 대표를 적극적으로 지지합니다 그리고 김민수 최고의원을 국회의원에 꼭 당선시켜서 국힘당을 새롭게 개조시켜야 합니다 찌질이 변절자들은 무조건 퇴출 두 눈 부릅뜨고 골라냅시다 진격의 거인 장동혁 화이팅 장동혁대표님 몸이 열이라도 부족할정도록 일하십니다 응원합니다 건강잘챙기세요 국힘부탕자들은 조용히 떠나라 부탁한다 보수에서 나가라 힘내주세요 장대표님 추우신데 고생스럽지만 꼭승리할것입니다 장동혁잘한다 타도 권영진 주영호 윤한홍 잘한다 장대표와 지도부 장동혁대표님 힘내십시요 국힘이 첫번째 할일은 한뚜껑같은 쓰레기들을 빨리 치우는게 답이다 쓰레기를 아까워서 그냥두면 크게 후회하게 됌 쓰레기는 구린내가 나면 과감하게 버리는게 답이다 쓰레기를 안버리면 썩고 부패되서 다같이 죽고 만다 최대한 빨리 버리는게 똑똑한 판단이다 장동혁대표님 흔들지말구 뭉쳐가 죄명이 마니 공격좀하라구요 제발 모습 에서도 붉은색 빨강 목도리 를 착용 하세요 기운이 팎팎 나도록 장동혁 신동욱 김민수 파이팅 장동혁대표님 응원합니다 장대표님 힘내세요 국힘 지지자분들 책임 당원 가입해주세요 당내에서 장대표 지켜내야 합니다 분탕세력 제거하고 민주당에 맞서 싸워야 이깁니다 장동혁대표님 격하게 지지합니다 장동혁대표님 끝까지 힘내시고 화이팅하세요 무한 응원합니다 장동혁 장동혁 장동혁 격하게 응원 합니다 장동혁 대표님 응원합니다 지지합니다 송언석은 가라 힘내요 장동혁 대표님 정직한 자는 승리합니다 화이팅 장동혁 장동혁 핫팅 장동혁대표님 지지합니다 장동혁 대표님 응원하고 기도합니다 화이팅 공산당 편 대통령 공산국가라 장동혁대표님 핫팅 장동혁 대표님 힘내셔요 좌파언론사들 분탕질에 휘둘리지 마셔요 홧팅 장동혁대표님 응원합니다 힘내세요 건강잘챙기세요 윤어게인 입니다 청년과애국국민은 장동혁대표님과 함께합니다 감사합니다 장동혁대표처럼 죽을각오 해야,1,0
