url,title,comment,target,attitude
HdkxmpeZMbw,김치 60kg? 이것은 기본입니다.,"우리 여사님 야무지고 지혜롭고 뭐던지 잘 하실것 같아요 사랑합니다 우리 김혜경 여사님|||여사님 김장김치 보니,수육.족발이 생각 납 니 다.|||어쩜|||좋아요 수고 하십니다 항상 응원 합니다|||여사님들의 모임 화기애애 하고 음식문화도 홍보하시고 나라가 이제야 격을 갖추고 제대로 돌아가는 것 같습니다|||김혜경여사님 너무이쁘시다 수고많으셨어요,대사부인님들도 이번기회 김치담가보는것도 그들한테 흥미로운일이죠|||우장춘박사님 고개숙여 감사드립니다 박사님덕분에 감사한 마음으로 배춧 잘 먹고 있습니다|||감사합니다! 지금 진짜 대한민국입니다!|||세계가 김치에 푹 빠지는 날 기대합니다 ㅎㅎ 여사님 넘넘 사랑합니다|||여사님 최고 너무 아름다우세요 항상 응원 합니다|||있는그대로 자연스러운 분위기|||여사님 김치 홍보대사 아주 친절하고 따듯하게 잘 하고 계시네요.|||고우셔라 자랑스럽습니다 김혜경여사님 고맙습니다 존경하고 사랑합니다 건강해주세요 힘내십시요|||여사님 너무잘하세요!! 늘 이프 여사님 잘보구있어요 자부심많이가지구있어요 대한민국국민으로써 고맙습니다늘 사랑하고 존경해요|||힘내세요 건강하세요|||참 단아하고 품격있다!!!|||해외에서 김치데이가 있다니 놀랍네요|||김혜경여사님 영부인다움. K김치외교|||응원합니다 화이팅|||맑다|||이제 나라가 제대로다 대통령 영부인 다운 나라|||안뇽하심니까 이재명 대통령님 충성! 울 여사님은 어쩜 이리 싱그러운 봄 느낌이실까효|||자랑스런 우리 영부인님|||말씀도 참 이쁘게 잘하시고 상대방을 잘 배려하는게 느껴져요.|||여사님",0,0
QnGUCpCf-1g,"풀버전 강력한 지방자치, 강력한 균형성장, 5극과 3가지 특장점","그냥 아프지 마시고 가만히 계시면 국민들이 안심하고 신뢰하게 될 것이고, 잘 살 수 있을 것입니다. 내부문제가 하루빨리 해결되어야 이 나라 국민들이 걱정하지 않으실 테니 그것만 바라보고 함께 씩씩하게 걸어갑시다! 모아보자!|||이재명 회장은 뭐든 하고 싶다. 그는 최고의 대통령입니다.|||나의 대통령|||이재명 대통령님, 영원히 집권해주세요.|||또한! 지역시대! 이잠통! 화이팅!|||우리 잼 회장|||이재명 대통령님, 성공적인 집권하셔서 역사에 길이 남을 수 있기를 바랍니다.|||사랑해요 잼 회장님|||나는 당신을 응원합니다.|||저는 울잠통이 정말 자랑스럽습니다. 파이팅, 선진대한민국!!! 오직 국민과 국익에만 집중하시는 모습에 국민들은 감사드립니다.|||대통령님, 존경합니다. 감사합니다. 나는 확신한다. 사랑해요.|||나는 항상 당신을 지원합니다. 감사합니다.|||워커홀릭. 대통령님, 건강에 유의하시고 일하실 수 있도록 늘 존경하고 지지합니다.|||감기 조심하세요|||우리 사장님은 항상 열심히 일하십니다.|||나라와 민족을 사랑하시는 이재명대통령님은 최고이십니다|||부실공사와 지역 건축물 건설에 대한 처벌을 강화해 주세요. 뭐든 대충 지방으로 해도 괜찮나요? 이는 다시 지역 영토를 겨냥한 것이며 부실이 시정되지 않았습니다. 지방 강화에 관해 질문을 받았을 때, 서로를 바라보며 하는 사람들의 구조를 철저히 관찰하시기 바랍니다. 지방도로도 폭우와 추가 덧씌우기 공사로 1년 안에 너덜너덜해진 도로... 아니, 도로 건설은 이것저것 고려해서 해야 한다고 생각합니다.|||TV 방송 때문에 공무원들이 많이 긴장한 모양이다. 준비된 많은 답변을 들을 때마다 이잼의 효능을 느낍니다.|||잼 대통령과 5극, 3특수부대가 싸우고 있습니다!|||균형발전이 지역산업과 경제발전으로 이어지기를 바라며, 이재명 회장님을 응원하고 지지합니다.|||잠통아, 세상 끝날까지 국민을 지키겠다. 항상 건강하시길 바랍니다. 화이팅.|||정말 천만에요|||대통령님, 건강 잘 관리하고 계시나요? 기운을 내다. 나는 항상 당신을 지원합니다.|||사랑해요 극잠회장님.|||대통령님, 대통령님, 왼손을 켜라는 제안이 있습니다. 모든 차량의 방향지시등을 점등할 수 있도록 관련 부처에 지시해 주시기 바랍니다.",0,0
mUXxgzTy6b8,MBC 박상후가 시사사진기자에게 혼났다.,"제대로 말했구먼|||초상권 침해하니깐 손 대지|||기래기 사진사...|||불법촬영 하고 어디다 손대냐고 짖어대는걸 혼낸다 고 하는거 실화냐 ㅋㅋㅋㅋ 박상후 국장이 점잖네|||그럼 너는 왜 찍냐?|||시사인 이나 뉴스타파나 시청율 나오긴 하냐?|||니가 사람이냐? 박상후 말이 맞는게 증명됐지?|||박상후님 신사네. 불법촬영하고 되려 큰 소리. 똥 낀 놈이 성낸다더니|||박상후 부장님 화이팅|||사람한테 손을 대냐구?란다 그건 할 소리냐 부끄러운 줄 좀 알아라 어른한테, 당신의 초상권 침해, 불법 촬영은 되고 말리는건 안되냐? 이런 창피한 영상이라도 올릴수 밖에 없다는건 급했다는 거지ㅋ|||옛날에 무슨 일이 일어났는지 모르지만 현재 정치사회 분야의 유튜브 채널 중 박상후 기자의 채널이 최고이다.|||역겹다 박상후 기자님의 문화혁명이 훨신 유익하고 더났다|||아 사이다.. 속이 다 시원하네 역시 시사인은 사이다야",0,1
SwQfHZJi_UI,박근혜 대통령이 미국 기자들의 질문에 답하고 있다.,"와... 정말...|||흠, 당황한 건 우리 탓이겠죠..?|||선실 씨, 질문이 있어요. 어떻게 대답해야 합니까?",1,1
AuXnBq1gKDg,풀영상 뉴스타파 한상진 기자 안종필 자유언론상 특별상 수상 소감,감동적이에요. 나는 항상 당신을 지지하고 믿습니다.|||그때는 미안했어요. 이제 윤석열님이 조직에 충성하라는 말씀을 이해하게 되었습니다. 나는 당신을 지원합니다.|||축하하고 죄송합니다. 진짜 기자인지 몰랐는데... 기자님 덕분에 진실은 언젠가 밝혀진다는 걸 배웠습니다. 뉴스타파 후원에 참여하겠습니다.|||저는 뉴스타파를 지지합니다. 한상진 기자님 말씀이 맞습니다. 사실대로 보도해주셔서 감사드립니다. 힘내시고 응원합니다.|||축하해요!|||취향에 맞으시면 욕하는 가벼운 말에 흔들리지 마세요... 기자로서의 명예를 걸고 씩씩하게 전진하시길 바랍니다... 용기 잃지 않도록 늘 응원하겠습니다!!!!,1,1
mBq-FvzOLHU,민주정책연구위원의 천만 원 해외출장 비결,"어느 세력에 속해 있든 그 놈들을 비판해야 합니다.|||그럼 당신은 누구입니까?|||더불어민주당은 물론, 대한민국 전체가 이런 수준입니다ㅜㅜㅜㅜ 참 불쌍한 국민입니다.",0,1
_GLRmAmVVts,범죄의 이름은 K-Madu입니까? 배승희 뉴스배달,"배승희 변호사는 국민의힘 국회의원, 대표, 보수우파 대통령 대변인, 대한민국의 두 번째 여성 대통령이 됩니다. 하나님이 당신과 함께 계시니 그것으로 충분합니다. 파이팅 파이팅 할렐루야 아멘|||제발 이재명씨를 재판받게 해주세요.|||최고의 배승희 변호사는 귀중한 정보로 국민의 마음을 꿰뚫는다. 귀를 활짝 열고 주의깊게 듣습니다. 나는 항상 당신의 말을 듣고 있습니다. 감사합니다. 화이팅.|||정의로운변호사님께 항상 감사드립니다. 오늘도 행운을 빕니다.|||정말 그랬으면 좋겠습니다.|||윤석열 총장을 석방하라.|||그렇게 되기를 기도합니다.. 파이팅 배승희 변호사....|||지금까지 들은 소식 중 가장 좋은 소식은 이재명이 미국으로 간다는 소식이다.|||정말 기대됩니다. 나는 미국이 하루빨리 이재명을 압수해 국제법정에 회부하기를 바라고 기다리고 있다.|||배승희!! 9월에는 하늘에서 9만 마일 떨어진 곳에서 파랑새처럼 높이 멀리 날아가시기 바랍니다. 자유의 여전사 중 1위!!|||한국이 정상 궤도에 오를 수 있도록 뭔가 조치를 취해주세요.|||옳은 말씀을 해주셔서 감사합니다.|||진심으로 그러기를 바랍니다.|||배승희 변호사님 항상 정확하고 빠른 소식 감사드립니다. 힘내세요. 끝까지 우익의 소통채널이자 힘이 되어주셔서 감사드립니다. 국민들이 힘을 더해줄 것입니다. 나는 당신을 지원합니다. 미국이 이재명을 잡아서 대북 송금 사건까지 다 처벌했으면 좋겠다.|||감사합니다|||말로만 하지 말고 빨리 실행에 옮겨졌으면 좋겠습니다.|||파괴!!|||배승희 변호사님 힘내시고 파이팅하세요. 립의 딸들은 어찌할 바를 모르니, 형이 아니라면 남편과 함께 가십시오. 나는 당신을 지원합니다.|||장동혁 의원이 바라는 투쟁... 진보 우파 애국자 배승희! 안녕|||애국열사 배승희 변호사님, 정확한 정보와 정확한 말씀 전달을 위해 애써주신 노고에 감사드립니다. 더운 날씨에 늘 건강하시고, 힘내시고, 행복하시길 바랍니다. 나는 당신을 지원합니다. 많은 지원 부탁드립니다.|||우리나라에 오면 제일 좋을 것 같아요. 기대해도 될까요?|||정확한 소식을 빠르게 전해 주셔서 감사합니다. 하나님께서 아름다운 변호사 배승희 변호사님을 축복해 주실 것입니다. 아멘 !!|||제발|||항상 감사합니다.|||우리가 무슨 일을 하든 공산주의는 막아야 합니다.",0,1
jpvcDMOwo40,"눈치없는 이신명, 배승희, 소식 전달","미국은 범죄자들과 대화하고 싶어하지 않습니다.|||배승희 변호사님, 노고에 감사드립니다. 당신이 우리에게 이 범죄에 대한 많은 사건과 이야기를 이야기하는 것을 주의 깊게 지켜보고 있습니다. 항상 알려주셔서 감사합니다. 나는 항상 당신을 지원합니다. 오늘도 파이팅입니다.|||작가님들은 불리한 내용은 모두 삭제하셨으나, 유익하게 보실 수 있도록 배승희님이 인쇄해 주셨습니다.|||배변호사가 최고입니다. 소식을 볼 수 있어서 감사합니다.|||항상 올바른 소식을 빠르고 정확하게 전달해 주시는 배승희 변호사님께 감사드립니다!|||최상의|||배 의원님, 항상 응원하겠습니다.|||국가는 발전해야 하는데 발전하고 있나요?|||배승희 변호사님, 노고에 감사드립니다.|||윤석열 총장, 모든 불법적인 정치적 탄핵, 헌법재판소의 정치적 면직, 기타 불법적인 정치적 체포를 모두 석방하고 정상적인 대통령을 복직시켜야 합니다. 국민의 의지|||우리 예쁜 변호사도 최고예요. 나는 항상 당신을 지원합니다. 대한민국이 다시 행복하고 멋진 나라가 될 때까지 응원해주세요.|||한국은 어쩌다 이렇게 됐나? 이것이 사람들이 원하는 세상인가?|||배승희 화이팅|||재미있게 잘 ​​봤습니다..너무 친절해요.|||변호사님, 건강 잘 챙기세요.|||배승희 변호사. 건배! 정확한 소식도 볼 수 없었는데 여기서 볼 수 있어서 감사합니다.|||아, 안타깝네요. 이 나라의 국위가 추락하고 있습니다. 우리나라의 이전 정부에서는 들어본 적도 없는 일이다. 내 인생에서 이런 일을 보면 정말 화가 난다.|||상쾌한 말씀 감사드립니다. 행운을 빌어요.|||취소하거나 연장하세요. 조건을 걸었어요|||배승희 변호사님, 화이팅!|||그것은 인생이라고 불립니다. 그게 다야.|||최고야|||나는 배승희씨의 날카로운 비판을 늘 지지합니다.|||역시 배짱은 최고야|||고품질 방송",0,1
l4a99pWTAjI,재판에 쏟아진 새로운 증거..!! 배승희 뉴스배달,"변호사님, 신선한 소식을 전해 주셔서 감사합니다. 나는 항상 당신을 지원하고 있습니다.|||지귀연 판사님, 대한민국을 지켜주세요. 법을 준수하시기 바랍니다. 감사합니다.|||주님, 대한민국을 지켜주소서 배승희 변호사. 아멘.|||배승희 변호사님, 정말 사랑합니다.|||항상 좋은 말씀 감사드립니다. 구독자 174만 명을 보유한 배승희 변호사는 유튜브 스타다. 마지막으로 한국이 다시 정상 궤도에 오를 수 있기를 바랍니다.|||지 판사님! 국민들이 지켜보고 응원하고 있습니다. 당신은 역사에 남을 것입니다. 인생은 한 번 뿐이고, 적합한 사람이 드러날 것입니다|||수고했어 배승희. 힘내라 배승희!!!!|||배승희 변호사님, 감사합니다. 적극적으로 지지합니다.|||배승희 변호사님, 감사합니다. 건강 잘 챙기세요. 화이팅.|||배 변호사님, 항상 맑은 사이다 방송을 제공해 주셔서 감사드립니다. 건강 잘 챙기시고 행운을 빕니다.|||거부하는 자들이 범인이다!!!|||배승희 변호사는 얼굴도 예쁘고 우익계의 큰 인물이다. 오늘도 다시 한번 감사드립니다.|||북한에 돈을 준 사람들을 체포하고 조사하십시오|||사법부는 이 혐의에 대한 재판을 재개해야 한다. 서울고등법원 이재권 판사님, 환송 및 선거법 위반 재판을 신속하게 진행해 주시기 바랍니다.|||국회가 정화되지 않으면 대한민국의 미래는 없습니다.|||그 놈들이 특검을 임명하면 그냥 특검인데, 국력이 특검을 추천하지 못한다면 이재명이 살려주는 셈이다.|||배승희 변호사님, 정말 차분하고 좋은 말씀을 해주시네요. 조금 걱정됩니다. 항상 여러분의 건강에 대해 듣고 응원하고 있습니다. 최선을 다해주세요.|||똑똑한 변호사님, 정말 대단하세요. 아멘. 맛있어요. 여러분의 노고에 감사드립니다.|||대한민국이 미쳐가지 않도록 구해야 합니다.|||윤석열 회장님!|||우리는 함께 산다|||티컴. 다만 특검은 야당 출신이어야 한다. 임명되어야 한다|||윤석열 총장은 무죄!! 다시 일하러 가야해요!! 이 갱단원들은 반역죄인들이야!!|||윤 총장이 무죄 판결을 받길 기도합니다. 억울하게 구금된 윤 총장이 석방되길 바랍니다.|||배승희 변호사님, 노고에 감사드립니다. 힘내세요. 나는 당신을 지원합니다. 우리 윤석열 총장을 빨리 석방해 주십시오.",1,0
MBT4XkJuHFo,"대통령, 쿠팡 사태 과태료 강화하고 징벌적 손해배상 제도 현실화해야","정보 유출 전, 서영교 쿠팡 임원을 만났다. 이번 사건과 관련이 있나요?|||신세계나 롯데가 주도적으로 만들 수는 없을까? 국민들이 힘내세요!!!|||쿠팡을 대체할 회사를 만들자!!!! 쿠팡 불매운동!!!!",0,3
fLEtjM-8Tno,"김광일, 박은주, 장원준의 화창한 날, 대통령의 국가 권력에 반하는 범죄는 나치 전범 취급을 받는다. 이것은 나치의 전쟁범죄와도 같은 발상이다.",사람들이 제정신이 아닌 한 아무것도 두려워하지 않습니다. 더 큰 문제는 이런저런 집단의 악행을 보고도 아무 느낌이 없는 사람들이다. 방송과 언론의 올바른 보도가 없으면 국민은 거짓된 정보만 믿게 됩니다.|||하루라도 빨리 뱀의 눈을 잡아야 살아남을 것이다.|||마치 그가 자신에게 가하고 있는 형벌의 수준에 대해 이야기하는 것 같습니다. 내전은 없습니다. 실험만 있었습니다.|||말만 하지 말고 대책을 얘기하라|||이재명그룹과 더불어민주당은 자신들의 행위를 자백하고 있습니다! 이를 빨간불 상황이라고 합니다.,0,1
ROyXpQ93B5o,"2022년 대선 때 김광일, 박은주, 장원준이 양측에 자금을 기부했다.. 통일교 녹취록에는 여당 주요 인사 여러 명이 언급됐다!?","가짜특검에 엄중히 대처하라! 이런 놈들이 나라를 망치고 있다. 반드시 엄벌하여 나라의 정의를 실현하길 바랍니다!|||더불어민주당의 목표는 거짓말이다. 여당은 거짓말과 선전으로 살아간다!|||돈에 눈이 먼 정치인들이 아직도 나라를 쓰레기통으로 만들고 있다. 국민을 위한 정치는 엉망이다! 서로 죽이는 범죄집단,|||통일교를 국권화하려는 민주당의 사주이기도 하다.|||가장 어리석은 특검과 민주세력|||사이비종교든, 돈이 있는 회사든, 어떻게든 사기당하고 자기 생각대로 살아온 사람들이다. 그들에게는 하나님이라는 든든한 버팀목이 있는데, 왜 이렇게 비참한 사람 때문에 당황하는 걸까요? 강금실과 한명숙은 정의로운 척, 위선적인 척을 하고 있다.|||그렇죠, 그렇죠!! 하도급조사법은 멍청하고 정당하다!!!! 무슨 일이야!!!|||통일교회는 종교가 아닙니다. It is Sun Myung Moon's group. 돈으로 귀신을 사는 집단 아닌가요? 돈 주는 사람은 누가 처벌하나요? 특검법에 특검을 신설해야 한다.",0,1
FbmI12xCcgA,감독: 가장 큰 위험은 누구입니까?,"주식시장은 전쟁 중인 나라보다 더 나쁘다고들 합니다. 지금 대한민국은 엉망이다.|||한국은 정치가 얼마나 중요한지 모릅니다. 하루빨리 가스라이팅에서 벗어나야 하는데 정치는 국민의 부지런함과 성실함을 잊어버렸다.|||정치는 언제나 경제위원회에 있어요!|||2024년 투자 목록에서 브라질은 꼴찌였으며, 한국은 꼴찌에서 3위를 차지했다.|||다행히 이재명 정부다. 주식으로 바람피우면 그룹이 망신을 당할 것이라고 했습니다.|||9개월 뒤에 왔습니다. 대한민국 대통령이 윤석열에서 이재명으로 바뀌었고, 코스피는 이제 3700을 넘어섰다. 삼성은 전자제품 10만 코앞에 와 있다.|||주가를 조작하는 사람은 수사도 처벌도 받지 않지만, 주식에 투자하는 사람은 바보다.|||분명하지 않나요? 정치와 사회를 바탕으로 투자하는 기업? 하하, 그렇군요.|||자원을 어떻게 배분하느냐가 정치의 존재 이유인데, 정치가 엉망이면 그냥 서로 죽이는 것 아닌가? 그러니 정치가 불안정한 나라에 투자할 이유가 없습니다.|||정치가 안정되어야 경제가 안정되어야 국민이 정치에 관심을 갖고 투표를 잘해야 합니다.|||정치도 엉망이고, 주주를 대하는 회사의 태도도 엉망이고... 투자할 이유가 없습니다.|||이거 만든 사람들이에요!! 당신이 기득권을 갖고 있다면, 그들이 마땅히 받아야 할 존엄성을 보여주어야 합니다. 돈과 권력에 미친 사람들만 추천하고, 여론을 조작해 사람을 뽑고, 자기들의 앞잡이 행세를 하고, 심지어 시스템을 고치려고까지 하는 사람들이다. 누구를 비난할 수 있나요?!! 그래서 그들은 주가에 별로 관심이 없는 것 같습니다. 국내 투자자들만 신난다!!|||업계의 레이아웃, 장기 투자자가 가져야 할 관점.|||투표 잘하자 아래에..|||아, 투표를 잘 해야겠네요. 정치인들 때문에 우리나라의 국가적 위상이 부정적이다. 국가가 내 안전을 위해 뒷전으로 밀리고 있는 것이 걱정됩니다.|||아, 무릎을 쳤어요.|||지금 생각해보면 그게 맞다. 기업에 투자하기 전에는 국가의 정치적 안전이 우선입니다. 아무리 TSMC가 훌륭해도 내전이 벌어지면 투자가 쉽지 않을 것이다.|||내전으로 인해 신뢰는 더욱 상실되었고, 내전 이전에도 주식을 가지고 장난을 쳤던 것으로 알고 있습니다. 그렇다면 외국인 투자자가 한국 주식시장을 어디에서 믿고 투자할 것인가?|||정치인들은 대단한 사람들이라고 ㅋㅋㅋ 현실을 보면 분단국가의 유일한 주적은 북한이 아니라 상대방이죠 ㅋㅋ|||국력이 사라지면 주식시장은 날개를 달게 된다.|||한국 정치는 삼류다. 사람들은 지역 정서에 따라 투표하고 당만 본다… 변화의 가능성은 거의 없습니다.|||우리는 주식에 투자할 때 그 회사의 CEO인 담담도 봅니다. 국가 지도자를 바꿔야 합니다.|||한국을 대체할 수 있는 나라는 많다.|||모든 것을 분열시키는 세계 최대의 정치적 양극화를 겪고 있는 나라다. 따라서 실적이 좋아도 주가는 하락한다. 북한 문제도 있다.|||정확한 의견!",1,1
-iUoGreYT4Q,손석희의 질문 출연 코멘트,"현실 인식이 느린 기득권자들은 언제나 몰락의 길을 걸어갔다.|||검찰과 언론이 완전히 다른 종이 된 것 같습니다.|||방송을 보고 나니 언론이 가장 큰 문제라는 걸 깨달았습니다.|||정말 어색한데, 그를 최고로 데려온 기자의 인지도가 그만큼 높으니, '길레기'라는 용어가 왜 만들어졌는지는 죽는 날까지 모를 것이다.|||평범한 시민인 나조차도 그런 격차를 느꼈다는 사실이 안타깝다.|||격차를 느끼기보다는 굴욕감을 느꼈다. 뭐랄까, 사람들이 너무 무지해서 언론인들이 일하는 방식을 이해하지 못한다. 이렇게 일하는 게 문제라고 말하는 분들은 무식하고 무식한 분들이라는 걸 계속해서 상기시켜 드리는 것 같아요.|||미디어는 다른 세상에 살고 있다|||나도 봤어요. 아... 그래서 미디어는 바뀔 수 없다는 걸 깨달았어요.|||역시 류시민은 대단하다. 짜증내지 않고, 얻은 것만 생각하는 삶의 태도를 존경합니다.|||그냥 내버려 두세요. 망가진|||제보를 받았다면 이미 공개된 폭로보고서에 추가로 보고조차 할 수 없어 제보했을 것입니다. 하하하. 사람들은 자신들이 모두 장님이라고 생각합니다.|||현직 기자의 자존심을 뛰어넘는 오만과 편견으로 가득 찬 긴장된 태도를 보는 내내 방송 내내 불편함을 느꼈어요!|||방송을 보다가 기자가 사람들에게 “나한테 함부로 하지 마세요”라고 했을 때 그런 생각이 들었다.|||그는 화가 났다고 말했습니다. 보는 내내. 내가 지저귀는 소리를 듣고 있는지 확인할 수 있는 좋은 기회였다.|||문제는 현직 언론인들이 뉴스 소비자들이 알고 있는 사실과 현실을 모르고 있다는 점이다. 그래서 방송사 직원들이 시키는 대로 할 뿐입니다.|||잘 모르겠지만 오늘날의 언론은 그저 회사일 뿐이고 기자들은 회사에 이익을 주는 직원들이라고 생각합니다. 언론은 세계 꼴찌다.|||그들은 우리를 깨달음의 무지한 대상으로 봅니다. 덕분에 그들은 우리를 거위로밖에 보지 않습니다.|||보는 내내 너무 화가 났지만 작가님이 이렇게 배려해주시는 마음으로 대해주셔서 정말 대단하다는 생각이 들었습니다.|||기자가 자신이 어떤 공식적인 입장을 가지고 있는지, 자신의 의견이 지씨의 의견과 다르다고 말하자 그의 표정은 정말 짜증났다.|||한국일보 30년 베테랑 김희원씨를 봤을 때 정말 불쌍하다는 말밖에 할 수 없었다. 그들은 비판을 비판으로 생각하고 그것을 반박할 줄만 알고 있습니다. 차분하게 이야기 나누는 것이 좋을 것 같습니다. 기자들은 흥분한다. 왜 후배들이 다 저러는지 알 수 있는 대목이다. 겉모습만 보면 그 사람을 다 알 수는 없지만, 그 사람이 뿜어내는 불편한 에너지는 곁에 두고 싶지 않은 사람 같았어요. 황당한 건... 현 정부에 공격을 받고 있다고 하는데... 여당과 정부에 우호적인 글을 썼는데 야당에는 악성 글을 쏟아 붓고... 국민들에게 자기 편을 들어달라고 하는데... 왜 도와주지 않는 걸까요? 비난하는 모습이 마치 아이가 투덜대고 있는 모습을 보는 듯한 느낌이 들었습니다. 언론은 끝났습니다. 강력해지고 상용화되었습니다. 현존하는 공영언론은 정부와 여당, 민영화된 언론의 공격을 받고 있다. 저는 깨달은 시민이라면 공공미디어를 끝까지 지지하고 보호할 의무가 있다고 믿습니다. 지키지 못하면 결국 국민의 눈과 귀가 멀게 될 것입니다.|||썩은 과일은 저절로 떨어지는 경향이 있습니다. 유시민 작가님을 늘 응원하고 사랑합니다!|||그녀가 마치 특권층이자 위대한 지식인인 것처럼 언론인이라는 이야기를 하는 것이 매우 재미있었습니다. 여권과 청와대, 검찰이 그토록 철저했다면 지금의 한국은 세계 1위가 됐을 것이다.|||중앙일보 김진님과 함께 즐거운 시간 보내지 않으셨나요? 개표 방송 중에도 격차가 컸다. 전원책, 홍준표, 모두 서정욱 수준이다.|||유시민 작가님이 계시니 든든하네요. 감사하고 존경합니다.|||기자는 더 많은 권력을 갖고 싶어하는 집단일 수 있기 때문에 더 큰 윤리의식과 소명감을 가질 필요가 있다.",1,1
PLlZ137YkAE,8월 12일 6개월 정부 조태임 김준일 내란 재판소 서왕진 조진웅 퇴임 논란 똥덮힌 개 정청래 통치 김근식 박원석 서용주 이기인 김현중의 뉴스쇼,"8월 12일 뉴스쇼 뉴스연구소 정부 6개월간 성과회의 취소 민주주의, 사법개혁 속도전 국권에도 강제추행 의혹 CBS 조태임 기자, 시사평론가 김준일 인터뷰 내전법원, 위헌 논란 피하기 위해 필리버스터 제한법 입장 놓지 마라 조국 혁신당 원내대표 서왕진 뉴스방송 강승희 정치 레스토랑 조 진웅 퇴임 논란 조진웅 퇴임 논란 조진윤 똥투성이 개가 등을 돌렸다 정청래 법칙 1인 1표 김근식 국민의힘 송파병 당의회 의장 박원석 서용주 맥정사회연구원장 이기인 신개혁당 사무총장|||정말 역겨운 사고방식이네요. 서용주 씨, 문제는 조 씨가 고등학교 3학년 때 범죄를 저질렀다는 게 아닙니다. 피해자는 미성년 여고생이다. 피해자 입장에서 보면 그는 악랄한 미성년자 연쇄강간범이다. 그렇게 보면 소년원 6개월은 범죄에 대한 대가를 전액 지불하는 걸까요? 그리고 미성년 성범죄자가 10년 넘게 방송에서 사실을 숨겼다는 사실이 그를 용서할 이유가 되는 걸까? 범죄는 가해자가 아닌 피해자의 관점에서 봐야 한다. 고3이라는 이유로 관대하기보다는 피해자가 미성년자라는 점에서 용납할 수 없다.|||서용주야, 생각을 바꿔라. 우리가 배우 은퇴하라고 했나요? 비판하는 것은 자유이고, 스스로 한 것입니다. 그리고 조진웅의 범죄는 악랄한 범죄다. 당신은 그것을 인정합니까? 그런 사람이 어떻게 사는지 말하는 것이 아닙니다. 그런 사람은 정의로운 역할도 하고, 국가 행사에 나가도 멋있는 척 하지 않는다는 거죠. 고등학교 3학년 때 이런 범죄를 저지른 조진웅은 나쁜 놈이다. 사람은 변하지 않습니다. 숨기고 행동하며 살아갑니다. 왜냐하면 그들은 돈을 벌어야 하기 때문이다. 하지만 적어도 사람들의 우상이 되어서는 안 됩니다. 그런 사람들!|||서용주 씨, 당신 가족에게 그런 일이 일어났다고 상상해보세요. 가족을 성폭행한 사람이 TV에 의인으로 등장해 괴로움을 겪고 있다고 상상해 보세요. 당신도 그렇게 느끼나요? 용서받을 수 있는 범죄가 있고, 용서받을 수 없는 범죄가 있습니다. 그리고 다른 직업을 가지더라도 대중에게 얼굴을 노출하는 직업을 가져서는 안 된다고 생각해요.|||이제라도 조진웅이 밝혀져서 기쁘다. 고등학생임에도 불구하고 거의 성인이 되었고, 강도, 절도, 강간 등의 범죄가 매우 심각합니다. 그리고 성인이 된 뒤에도 음주운전, 극단 폭행 등의 혐의를 인정했다. 그냥 본명으로 조용히 배우 생활을 했다면 그렇게 큰 문제가 되지 않았을 텐데, 이름을 바꾸고 정의로운 역할을 맡았다면 광복절에 국기 게양까지 맹세했다는 사실을 피해자들이 견디기 힘들었을 것입니다.|||만약 그가 민주주의 투사인 척하지 않았다면, 정의의 사도인 척하지 않았다면, 수천억 달러를 벌어 자신에게 또 다른 기회를 준 대가로 세상에 보답했다면, 피해자들에게 진심 어린 사과와 배상을 했다면, 자신을 선택받은 시민이자 대중을 가르치는 대상으로 생각하지 않았다면 이런 일은 일어나지 않았을 것입니다.|||하하하, 말도 안되는 명분으로 사회정의 실현의 선두주자는 민주당이 아닌가, 서용주?|||중요한 것은 과거의 죄를 고백하고 용서를 구했는지 여부입니다. 물론, 범죄의 성격은... 연쇄강간이라 극악무도한 범죄라 용서하기 어려운데 본인이 직접 용서를 구하지도 않고 폭로가 되어서 그때서야 ​​은퇴했다고? 이것은 책임을 지는 태도도 아니다. 강간은 과거의 일인가? 자신에게 닥칠 피해가 두려워 책임조차 지지 않고, 사과조차 하지 않는 무책임한 행동은 절대로 용서해서는 안 된다고 생각합니다.|||아니요, 단순한 범죄가 아니라 성폭행입니다. 서용주가 어린 시절 저지른 범죄 때문에 이런 말을 하는 것이 제정신인가????????????|||조두선이 희망을 갖고 어린이집 교사의 꿈을 이룰 수 있도록 용서하자! 민주당 만세!|||와 서용주 소름끼친다 피해자의 입장에서는 전혀 생각하지 않습니다. 아무리 후보에 올라도 말투가 너무 무섭다.|||서용주 정말 나쁜 놈인데... 어렸을 때 저지른 잘못이 어른이 되어도 문제가 안 된다고 하면 청소년 범죄를 조장하는 겁니까? 청소년범죄가 발생하지 않도록 그들이 평생 고통받는 모습을 지켜봐야지, 인간들아...|||조진웅이 감옥에서 복역하고 죄의 대가를 전액 치렀기 때문에 소년 시절의 범죄에 대해 다시 조진웅을 비난하는 것은 옳지 않다고 생각합니다. 하지만 이렇게 늘 대중에게 노출되는 직업을 갖는 것은 분명 문제가 있다고 생각합니다. 우리는 늘 웃고 떠들고 언론을 통해 정의로운 모습을 드러내고 있는데, 피해자들은 이를 보고 어떤 마음을 가질까요? 어쩌면 지금까지 아픈 과거를 견뎌온 사람들도 최근의 정치적 행보와 독립운동가들의 모습을 더 이상 참지 못하고 신고하러 왔을지도 모르겠습니다. 고귀한 직업은 없지만, 타인에게 지울 수 없는 상처를 남긴 범죄를 저지른 사람이라면 직업의 종류에 따라 새로운 가해자가 될 수도 있다고 생각합니다. 극단적인 예이지만, 아동 성폭행범 조두선이 형기를 다 보내고 커밍아웃하고 반성하고 열심히 일하고, TV유치원 교사가 되어 TV에 쭉 출연한다면, 우리가 아직도 서용교처럼 말할 수 있을까? 윤석렬과 내전 동조자들이 형기를 다 마치고 나와서 반성하고 정치에 복귀했다고 하면, 죗값을 치렀으니 괜찮다고 하면 되는 걸까. 만약 조진웅이 언론에 자주 노출되는 것 외에 다른 일을 열심히 해서 성공했다면, 이번 사건이 공개되더라도 지금처럼 비난을 받지는 않았을 것이다. 위에서 언급한 것처럼 정치적인 행위가 이번 사건의 촉발이 되었을지는 모르지만, 이것이 정치적인 문제로 비화되어서는 안 된다고 생각합니다. 어쨌든, 이번 사건이 알려지게 된 지금, 조진웅 씨가 연예계에서 은퇴하는 것은 당연하다고 생각합니다. 하지만 언론에 자주 노출되지 않는 다른 분야에서도 열심히 노력하셔서 성공하시길 바라겠습니다. 그때는 나도 박수를 쳐줄 것이다.|||이재명은 소년범이 아닌 소년범이다. 이기인이 똑바로 말해야 한다.|||서용주는 실망했다.|||서용주 씨, 초점이 정말 안 맞아요. 자신의 비밀이 발각됐는지, 고백됐는지가 핵심이다. 어느 정도 성공한 공인이 되었을 때 자신의 부끄러움을 고백했다면 대중은 좀 더 이해해 주었을 것이다. 그런데 이번에 잡혔어요. 결과적으로 대중이 이를 이해할 가능성은 줄어든다.|||서용주씨, 조진웅의 피해자가 귀하의 딸, 아내, 다른 가족이라 할지라도 조진웅을 용서하시겠습니까?|||피해자가 이 말을 들으면 너무 힘들 것 같아요. 가해자는 조진웅이다.... 피해자는 이런 서로 다른 의견으로 인해 두 번이나 피해를 입은 듯한 느낌을 받는다.|||서용주씨, 윤석열이 바이든에게 패할 경우 MBC는 어떤 공익을 보도했습니까? 개인적으로 윤석열이 아니라 나라 자체가 난감한 상황이었다.|||진보주의자라고 해도 서용주는 받아들여지지 않을 것이다.|||피해자가 힘들어하고 있어서 신고했어요. 범죄를 저지르면 겸손하게 살아야 한다고 생각합니다. 반성하지 않고 살아가는 문제이다.|||서용주 씨, 자기 딸이 성폭행을 당해도 그런 말을 할 수 있나요? 살인, 폭력, 강도는 모두 좋지만 강간은 그렇지 않습니다. 하지만 그렇다고 주홍 글씨를 써야 한다는 뜻은 아닙니다. 최선을 다하세요! 나는 식당, 회사, 직장에 갔다. 그냥 공인으로서 방송에만 나오지 마세요!!!!! 피해자가 보입니다.|||이기인은 정말...|||맙소사 서용주 그런 정치 하지 마세요. 슬프고 역겹습니다.|||서용주와 이기인, 피해자들 앞에서 그 말을 해보세요.",0,1
z3KFsamDAek,"생방송 이재명 공범, 그를 구해주세요 SOS! 2023.12.11","판세가 국가에 해롭다면 폐지하고 연금도 지급하지 말아야 한다.|||위증교사로부터 국회의원을 빼앗아야 할 때다. 국회의원의 당선을 무효로 한다.|||감사합니다|||도로에는 트럭들이 얼마나 위험하고 위협적인지 미루어 보아 이번 범행은 유동규를 겨냥한 것으로 보인다.|||홍준표 범행으로 무엇을 받았나요? 왜?|||끝이 없습니다. 지겨워요. 빨리 잡아라. 잠그세요. 잠그세요. 너무 지루해요. 여기저기 날아다니고 있어요.|||재판을 끌고 있는 판사들의 명단을 공개해주세요. 대중은 알아야합니다. 이들을 대한민국에 거주하게 해서는 안 된다.|||이 사람 빨리 체포되길 바랍니다. 안전한 나라를 보고 싶습니다.|||1차선으로 주행하는 덤프트럭은 신고하고 벌점과 벌금을 부과해야 한다. 홍준표, 이준석을 완전히 무시하지 말고 4월 총선에서 국민들에게 보여주자. 나는 민주당에 질렸다.|||홍준표는 정치생명을 그만둬야 한다. 그는 정말 변태적인 사람입니다. 범죄자와 손을 잡은 사람은 누구나 범죄를 저지른 것입니다. 더러운 정치인은 싹부터 뽑아야 합니다.|||기사. 당신은 누구를 만나는지 비밀리에 팔로우하여 추적해야 합니다.|||신한수 기자. 정말 존경합니다. 배가 아프다. 더위에 목이 말랐을 때 시원한 물 한 그릇을 마신 것 같은 느낌이다. 열심히 일해주세요. 나는 당신을 존경합니다. 사랑해요.|||대표이사 신해식. 여러분의 노고에 감사드립니다. 그것을 위해 가십시오|||직무유기 재판을 미루는 법관을 해임하는 특단의 대책이 필요하다.|||홍카콜라는 불성실하다. 전과자들은 터무니없다.|||그런 놈을 데려오려는 원희룡 장관... 정신 차리세요, 윤 정권은 성공해야 하지 않겠습니까? 더 이상 서포터들을 실망시키지 마세요.|||준수가 정치계를 떠난다. 시키. 네, 그것도요. 성적인 보상. 재조사를 촉구합니다|||홍시장님, 시정을 잘 살펴보세요.|||홍준표 제발 닥쳐!! 더 이상 내 얼굴을 보지 않기를 바랍니다. 너무 짜증나는 이준석을 석더로 보내야한다. 국가의 힘에 도움이 되지 않습니다.|||홍시장님, 좌파, 우파 구분을 못하니까 이제 정치를 졸업하실 때가 된 것 같습니다.|||안전한 나라를 찾아보세요. 을 위한. ㄷㄷ명을. 법원 구금. 주문하세요|||깨진 벽시계|||법원 내부 규정에 따르면 재판은 3개월 이내에 처리하도록 되어 있으니 내부 규정을 위반한 사람은 모두 징계하라... 시민단체는 내부 규정을 위반한 사람을 모두 신고할 수는 없는 걸까?|||홍준표 중립적으로 행동해라.|||체포가 너무 늦었기 때문이다. 짜증난다. 사법부에 대한 불신이 너무 커지고 있다. 이재명도 나쁜 놈인데 사법부가 더 나쁜 놈이다.",0,1
2Qbkp0bJOco,"생방송 원희룡, 한동훈에게 선전포고! 2024.07.01","원희룡님을 응원합니다 아멘|||나는 원희룡 당대표를 적극 지지한다.|||당신 말이 맞아요|||원희룡 힘내세요. 나는 당신을 지원합니다. 화이팅!|||원희룡 장관님, 행운을 빕니다.|||국력의 대통령을 중심으로 뭉쳐 승리합시다. 원희룡 국토교통부 장관이 당대표로 함께 합시다.|||한동훈 문제를 가장 먼저 언급해주신 신혜식 의원님께 ​​감사드립니다.|||철저하게 조사해야 한다|||나는 원희룡 장관을 지지한다. 상식도 없는 한동훈은 끝났다.|||원희룡 후보, 보수우파 통합당 대표 선출하자.|||원희룡 장관님, 국민의힘이 반드시 승리하도록 해주세요.|||원희룡 당대표님, 힘내세요, 파이팅입니다. 정부 윤석열 힘내세요. 화이팅. 좌동훈이 나왔다.|||저는 중앙선거관리위원회가 해체되어야 한다고 생각합니다.|||나는 우파 시민으로서 이번 대회의 슬로건을 거부한다. 보수주의 내에서는 진보적이다. 국권을 노골적으로 좌클릭하겠다는 뜻이다. 좌동훈의 아이덴티티를 슬로건에 담아야 하는 이유는 무엇인가요?|||홍시장님 말씀에 동의합니다. 계속해서 좋은 말씀 부탁드립니다.|||탄핵세력은 한동훈을 지지하고 있다.|||저는 윤석열 총장을 지지합니다. 나는 원희룡을 지지한다. 저는 신해식 의원을 지지합니다.|||한동훈은 자격없다 사퇴하라!!! 국력스파이로 왔습니다!!|||윤상현은 통찰력이 뛰어난 사람이다. 국민의힘의 큰 자산입니다.|||한동훈! 두 번은 아닙니다.|||그런데도 동훈이를 지지하는 우파들은 정말 이상하다.|||원희룡후보 힘내세요!|||원희룡님이 대표가 되어 국민과 대한민국을 구해주세요.|||고인의 명복을 빕니다|||샬롬. 홍 시장님.. 역시 정치 전문가이시군요.. 홍 시장님.. 한동훈 일파를 더욱 엄하게 처벌하셔야 합니다. 신 대표님..",1,3
0nM9vw_x3Uw,"현장 생방송, 광화문에 1천만 명 집결! 1230년 3월 탄핵 기각! 2025.03.22","국민을 깨우기 위해 밤낮없이 노력하는 마이산 성호켄에게 무한한 감사의 말씀을 전하고 싶습니다.|||여러분 모두의 노고에 감사드립니다. 화이팅!!!!!|||감사합니다 - 애국시민 여러분|||여러분의 노고에 진심으로 감사드립니다. 항상 응원하고 응원합니다. 매우 감사합니다.|||전옥현 국정원 1차장, 신인균 국방TV·군TV 대표이사,|||광화문 천만 ㅡㅡ 화이팅 대한민국을 바로잡자|||가짜 국회의원 명단 민주당 이재명 박찬대 고민정 곽상언 부승찬 황희 김민석 김병기 김영환 박성준 이인영 이인주 이정헌 전현희 진선미 진성준 김용만 김준혁 남인순 박용갑, 송기헌, 안규백, 오기형, 이재정, 장철민, 추미애, 허성우, 문진석, 낚시단체 위상곤, 임호선, 장경태, 허, 민홍철, 박수헌. 윤종건, 이광희, 이상식, 이연희, 정일영, 황명선, 전재수, 김태선, 이강일, 서왕진, 정을호, 안철수|||전국 동시다발 산불 나무도 생명체다. 얼마나 더웠나요? 사람, 동물, 나무는 모두 같은 생명입니다.|||신인균. 휘텡!!|||이천명 국민기자 굿아이디어 기사가 채택되면 원고료도 받을 수 있고, 기사를 이용하는 분들도 부담이 없을 것 같아서 너무 좋은 것 같아요.|||대통령님을 위해 함께 갑시다. 단결하자. 우리 애국 가수들에게 행운을 빕니다.|||광화문 패트리어츠, 전국대회를 응원합니다. 우리에게 최후의 승리를 안겨주실 줄 믿습니다. 신해식 대표님, 진심으로 응원합니다.|||탄핵 기각 탄핵 기각 탄핵 기각 탄핵 기각 탄핵 기각 탄핵 기각|||CEO님 행운을 빌어요|||애국시민이 나라를 구한다|||문형배 마은혁 이미선 즉각 사퇴하라. 파괴.|||고마워 고마워 승리는 우리꺼야|||탄핵 기각이 정답이다. 해고도 좋지만 해고가 정답이다.|||불법 탄핵과 사기 탄핵을 기각하라.|||전국의 산불은 절대 우연이 아닙니다. 바람이 많이 부는 날에는 모두 동시에 일어납니다. 탄핵에 대한 관심을 끌고 국민 정서를 교란시키는 이런 행위는 부정선거만큼이나 철저하게 수사되어야 한다.",0,1
59QOtw7tdoU,모두가 기다리던 소식이 전해졌습니다. 지귀연은 '은...,"편을 들지 마십시오. 그는 이미 조사를 받아야 할 인물이다.|||판사가 정상이 아니네요. 재판이 엉망이 되고 양형 계획이 비공개로 유출되는 등 사법부는 정말 정상적이지 않다.|||끝까지 지켜봐야겠습니다. 느슨해지면 안 됩니다.|||사법개혁을 막는 꼼수에 속지 말고 민주당은 발빠르게 나서야 한다.|||국민은 절대로 다른 사람, 사법부 등을 믿어서는 안 됩니다. 언론도 믿지 말자.|||당신을 풀어준 사람을 믿나요? 주저 없이 남북전쟁재판소를 진행하세요.|||대법원장 탄핵! 충고하다!|||아직도 내전이 계속되고 있고, 반군은 조희대, 전대엽, 배형원, 서석호, 박성재, 심우정, 주진우, 지귀연으로 모두 준법범죄자이자 검사들이다. 사기꾼, 사기꾼, 검사, 반역자인 범죄자들을 즉시 최고형으로 처벌하여 내전을 완전히 종식시켜야 합니다.|||당신 말이 맞아요. 대한민국 악의 축은 친일파, 가짜 보수, 돈 버는 판사, 검사, 언론이다... 온 국민이 속지 말 것을 촉구합니다.|||내전재판 방지 계획|||사형? 맙소사, 다시는 그 함정에 빠지지 마세요.|||경비를 실망시키지 마세요|||저 사람이 시간 계산해서 풀어줄 건가요!!!|||당신은 그것을 결코 믿을 수 없습니다. 기본은 변하지 않을 것입니다.|||끝날 때까지 절대로 믿어서는 안 됩니다. 남북전쟁재판소를 만들어야 합니다.|||더 이상 법 이야기로 시간을 낭비하지 말고 먼저 조기대학교 출신의 지귀연을 끌어내리자.|||나는 당신을 끝까지 믿을 수 없습니다. 이 사람은 일단 석방되면 절대 믿을 수 없습니다.|||정치검사와 정치판사를 모두 파면하고 탄핵해야 한다. 내전은 아직도 계속되고 있다. 우리는 내전을 근절하여 우리나라에 정의를 확립해야 합니다.|||법과 원칙에 따른 판결을 계속 거부하는 지귀연을 어떻게 믿겠는가.|||아니 지금 박나래와 조진웅이 캐비닛을 열고 있는 모습을 보면 뭔가 큰 걸 숨기고 있는 것 같은 느낌이 든다... 윤석열의 석방을 위한 빌드업이 정말 막강하다.|||아무리 봐도 그 사람은 이중간첩 같아요. 믿는 사람을 믿어야지.. 황당한 논리로 너를 감옥에서 내보낸 놈은 사형?|||지귀연의 말을 믿을 수 없다...|||조희대와 지귀연은 반란의 협력자이다.|||정의를 말하던 윤씨가 한 짓을 보라...성철 감독|||심석열은 연인이 아닌데 가스라이팅을 당했다.",1,1
ygKCuYr-H1E,중급 프로 윤진도 윤석열과 결별한다.,선거가 다가오니 마음이 복잡해지겠네요.|||선거 시즌 쇼입니다.|||나경원이 무엇을 하는지 살펴보자.|||선거 시즌|||선거철이 다가오자 또다시 미쳐가네요.|||정신을 차려야합니다.|||그물은 그물이다. 우리 헤어지면 내가 처리할 수 있어요.|||또 히트앤런타임인가..|||좋은 쪽으로 왔다 갔다 하고 있으니 빨리 해체하세요.|||지금?,1,1
vijKxXorpGs,이재명 회장의 귀여운 포즈?,우리 대통령은 훌륭한 인격을 지닌 사람이다. 2학기제로 운영하면 정말 좋을 것 같아요.|||우리 잼이 귀여워|||민주당... 그냥 정치하자.,0,0
HQfuAmvu3iQ,유시민 반바지,"머리는 시원하고 마음은 따뜻한 로맨티스트 이재명 의원을 적극 지지합니다.|||유머감각이 넘치는 유쾌한 재명에게 반했어요.|||나는 이재명을 정말 사랑하지 않을 수 없다.|||맙소사 재명님 너무 멋있어요|||유시민 작가님은 남자 탈을 쓰고 계시네요 ㅋㅋㅋㅋㅋㅋㅋㅋㅋㅋㅋ 작가님 표현력이 최고네요 ㅎㅎㅎ|||유작가님 표정ㅋㅋㅋㅋㅋㅋㅋㅋㅋ 진짜 놀랐어요ㅋㅋㅋㅋㅋㅋ|||싸이월드는 중독성이 강해요 하하하|||나는 너희 세 사람 모두를 사랑하고 너희가 자랑스럽다.|||와 이재명이 사랑받는 국민이 되겠습니다.|||아!!!! 이 놀라운 문구는 또한 훌륭하고, 사랑스럽고, 능력 있고, 모든 것을 갖추고 있습니다. 다음 대통령을 위해 파이팅!! 사랑해요.|||이재명 원장님, 어려운 상황 속에서도 항상 어머님의 사랑을 많이 받고 계십니다. 당신은 항상 많은 사람들과 함께하는 사람입니다. 항상 존경하고 사랑합니다.|||귀엽고, 장난꾸러기이고, 웃는게 재미있고, 싸움도 잘하고, 검객이고, 열정적인 마음을 가진 우리의 진정한 일꾼 이재명!|||당신이 원하는 길을 찾을 때 나는 당신을 사랑합니다. 나는 유시민 작가를 좋아한다.|||나는 미친 검사들과 기득권자들의 온갖 계략과 음모, 음모를 수년 동안 참아온 이재명을 사랑한다. 마녀 콜걸들에게 점령당한 이 나라를 대통령이 되어 구해주세요.|||작가님이 그러셨나봐요ㅜㅜㅡㅜㅜㅎㅎ|||의지하고 싶은 정치인이라면 이재명 의원은 친구 같은 정치인이다. 그의 어깨를 두드리며 그와 함께 걷고 다시 데려오도록 상기시켜 줍시다.|||나도 사랑해요 ㅎㅎ 뭉클하지만|||하하, 이재명씨도 이런 감정을 갖고 계시네요.|||유쾌한 김어준이 좋다. 마지막 웃음 터짐.|||나도 이미 그 일에 빠져 있어요. 이재명|||유시민의 표정은 이미 이재명에게 푹 빠진 표정이다. ㅋㅋㅋ|||제가 알아낸 기사들인데... 성남시장이 폭락할 때쯤이라고 해서 다들 공감하시는 것 같았어요.|||이재명은 그야말로 모두의 대통령입니다!!!|||너무 귀엽고 사랑스러운 이재명|||바로 인제입니다. 제 눈이 정상이 아니네요. 나는 매우 민감합니다. 정말, 그는 완전한 사람입니다. 진짜 남자.",0,0
LSyntWYQ980,김어준의 다스보이다 249회 한동훈vs검찰 깡패 정봉주 50억원,"전직 검사의 정치활동 금지! 법안을 추진해주시길 바랍니다.|||부끄러워하는 정세현 장관... 이 시대의 진정한 어른이다. 나도 읽어볼게. 항상 건강하세요.|||검찰 독재를 끝낼 사람은 이재명 뿐이다. 이재명 대표님, 끝까지 응원합니다. 사랑해요.|||정세현 장관. 나는 당신을 존경합니다. 나는 책을 샀다. 열심히 읽고 세상을 보는 시각을 넓혀보겠습니다.|||내 유일한 즐거움은 겸손, 힘들어요|||40대가 국민의힘을 지지한다는 게 믿겨지지 않습니다. 그들은 사람도 아닙니다.|||김어준 회장님, 감사합니다.|||누구보다 자랑스러운 조국가족!!!|||이재명이 조국의 깨끗한 삶을 알아본다! 봉도사 한 번만 나타나게 해주세요..|||총선 승리! 정의를 세우자!!!|||이재명대통령이 지켜져야 대한민국은 정상으로 돌아옵니다!!!|||정말 고마워요, 리아. 유족들에게 큰 도움이 될 것 같습니다.|||다음 총선에서 꼭 승리하고 헌법을 개정해 검찰정치를 금지해야 한다!!|||검찰이 정치에 개입하지 못하도록 법을 만들어야 한다.|||추운데 밖에서 응원해주시고 지켜주신 모든 동지들에게 너무 고맙고 고맙습니다. 생활이 힘들어서 함께 할 수는 없지만 마음은 동지들과 함께 있습니다!!! 대표님이 힘든 수사를 마치고 나오실 때 외롭지 않도록 밖에서 응원하고 기다려주신 모든 동료들을 사랑합니다.|||곽상도 50억 사건을 담당한 검사와 판사들의 이름이 역사에 영원히 남길 바랍니다.|||더불어민주당 이재명 의원 이재명 대통령이 꼭 하도록 합시다!!!! 김어준 회장님, 건강하세요!!!!|||부패한 재판관들은 산 채로 가죽을 벗겨 재판관 자리에 양탄자로 만들어 미래의 재판관들에게 부패에 대한 인식을 높여야 합니다. 페르시아 왕 캄비세스처럼요!!|||곽상도 아들 50억 받아도 무죄!! 너무 대단해서 더 할말이 없네요!!|||한 공무원이 평생 동안 자신의 의무를 다하고 나라를 위해 올바른 이야기를 하는 모습이 보기 좋습니다. 책을 주문하겠습니다.|||다스보이다 파이팅!|||정세현 장관님, 5권 샀습니다. 감사합니다. 주변 사람들에게 선물하고 싶은 책을 써주셔서 감사합니다. 장관님, 오래오래 건강하세요. 어르신께 위로를 받는 분을 올려드립니다. 감사합니다|||저는 조국교수님과 그 가족 모두를 사랑합니다.|||경제가 망하고 서민들의 삶이 무너지고 있지만 더 늦기 전에 이 폭정이 끝나기를 바랍니다. 신이 있다면 꼭 벌을 받았으면 좋겠습니다....|||겸손과 시청은 민주시민의 의무입니다! 구독과 좋아요는 자연스러운 충성심입니다!",1,1
s-6__aT9V5k,장경태 트라우마 생길 것 같지만 정신 차리겠습니다 채널A 뉴스 TOP 10,정말 터무니없어요|||정말 미쳤어|||만진 사람이 트라우마를 입게 된다면... 피해자는 누구일까요?|||그 사람 당장 사퇴시켜라|||요즘 범죄자들은 ​​트라우마에 시달린다.|||다들 그렇게 뻔뻔한 걸까요?|||피해자의 트라우마는 무엇인가요? 먼저 인간이 되십시오.|||교도소에 전문 외상 치료사를 소개합니다.|||정말 미친 케이크야|||가해자의 트라우마까지 걱정해야 할까요?|||그 사람 모르시나요?? 권력에 취해서 아직 말을 못하시나??|||장경태 의원이 실형을 선고받으면 재선 의원도 전자발찌를 차고 다닐까.|||그만큼 도덕성은 가해자를 향해 무감각하다. 인간이 부족해서 자해감만 남는다.|||야 근데 왜 자꾸 피해자인 척 하는 거야? 당신은 올바른 방향을 취하지 않았습니다. 왜 인정하지 못하시나요?? 그 빌어먹을 힘은 뭐지?|||정말 재밌어요. 피해자는 남아야 하는데 가해자인 당신은 왜 남아야 하는가?|||그렇게 뻔뻔하다면 버텨야 합니다.|||민주당은 시간을 낭비하고 여론을 탄압하고 있다.|||장경태를 추방해주세요.|||범죄자들이 큰 소리를 지르는 세상에는 자기들도 범죄자이므로 범죄자들만 있을 뿐이다.|||이런 정신병자!! 난 난쟁이야!!|||국민들은 트라우마에 빠졌다|||가해자는 정신적 충격을 받았나요?|||가해자에게 트라우마가 남는 대한민국 ㄷㄷㄷㄷㄷ|||피해자 고소장입니다.|||정말 자신감이 있었다면 그렇게 뻔뻔하지 않고 반성도 했을 텐데.,0,1
MzNa8K_D0YQ,추미애 내란재판은 위헌도 아닌데 민주당은 너무 겁이 난다. 채널A 뉴스 TOP 10,"이 사람이 판사였다는 게 웃긴다.|||나 완전 미쳐버릴 것 같아|||위원장 자격 없음|||추 선생님만 보면 짜증이 나요. 앞으로는 그런 정치인이 나오지 않았으면 좋겠습니다.|||ㅇ위원장 본인도 중립도 불법도 아닙니다. 편향된 회장은 사임해야 한다.|||아들 병역비난 재판부를 만든다면 위헌아닙니까??|||질병이나 그런 것이 있는지 확인하는 것만으로도 충분하지 않습니까?|||김현지는 누구인가?|||하하 법사위원장이라는 사람이 털털한 방송에 나오네요 하하하.|||끔찍해요 ㅡㅡ|||상식이 무너지면 나라가 망한다. 미쳐가는 나라|||정치인은 정치만 한다 ㅠㅠㅠ 법률전문가가 다 알려준다. 그들은 사람들에게 그것이 위헌이라고 말합니다.|||보수의 여왕!|||정말 많은 법학자와 사법부가 나서서 위헌이라고 말하는데, 우리가 법이라고 하더라고요 하하.|||국회의장 자격 박탈|||그 얼굴을 보면. 꼭 보시길 바랍니다.|||위헌이에요 하하하하|||잘못된 믿음은 참으로 무서운 것입니다. 치매, 자신이 무엇을 하고 있는지 모르는 현상.|||추미애씨, 저 사람은 위헌이 뭔지 아시나요? 하하하.|||우원식이란? 단지 인사를 안 해준다고 해서 성격 문제를 이야기하는 것은 더욱 더 나쁘다. 환영받고 존경받을 수 있는 일을 하십시오. 먼저 아무 말도 하지 않고 두 번 인사를 받는 날이 올 것이다.|||위원회 위원들은 자신들이 원하는 판결이 나와야 정상적인 판결이 나온다고 말한다. 부모가 옳게 행동하고 처신해야만 부모로 존경받는 세상입니다. 조선시대의 예의를 요구하지 마세요.|||한번 해보세요,,,결과가 어떻게 될지는 뻔합니다,,,그럼 어떤 나비효과가 나올까요?|||저런 사람이 어떻게 판사가 될 수 있는지,,,법사위원장을 할 수 있는지,,,,?? 여기가 정말 정상적인 나라인가요?|||필리버스터를 막지 말라는 법은 없나요?|||반란 재판소가 위헌이 아닌 이유는 무엇입니까?",0,1
yScgk8EKN8I,쇄도하는 요청 끝에 결국… 강유정 대변인이 이재명 회장의 손목시계를 공개했다.,"어떻게 얻을 수 있나요?|||이재명의 시계를 받고 싶습니다.|||구매할 수 있게 해주세요|||도대체 어디서 구입할 수 있나요?|||간직하고 싶어요 하하|||아, 갖고 싶어요.|||내가 원하는 탁상시계가 거기에 없어요. 손목시계를 환영합니다.|||나는 그것을 원한다. 나는 항상 당신을 지원합니다. 우리는 함께 있습니다. 감사합니다. 축복합니다.|||어디서 구할 수 있나요?????????|||나는 시계를 사고 싶다. 어떻게 해야 하나요?|||나는 그것을 원한다",0,0
2sajma1DBpA,"이 대통령 앞에서 뻔뻔하게…정청래, 사법개혁 시위자 조희대 직격탄","17년 동안 변함없는 팩트TV의 후원회원이 되어주세요. 정기후원 가입 ARS 1877 0411, 온라인 신청 https goo.gl 1OjzfE|||늦어서 남북전쟁재판소에 사과하세요.|||날씨가 매우 춥습니다. 나는 당신에게 나의 에너지를 보내고 있습니다. 남북전쟁의 잔재를 모두 쓸어버리시기 바랍니다.|||민주당은 이재명 대통령에 반하는 행동을 해서는 안 된다! 이재명 회장은 지금 쉼 없이 달리고 있다.|||빨리 빨리 주세요|||입으로는 정의만 외치는 진짜 나쁜 놈. 정말 실망했어요. 정청래!!!|||정청래는 말만 하지 말고 실천으로 옮겨 국민이 믿을 수 있도록 해야 한다. 정청래를 당대표로 내세워라.|||용산을 공격하려고 문진석이 용산을 보내 폭로한 것은 도대체 무엇인가? 정 대표님, 먼저 처리해 주세요.|||정청래님 화이팅입니다. 기운을 내다!|||정청래 의원을 지지합니다. 잼 회장처럼 사람들만 보십시오.|||정청래 대표님, 행운을 빕니다!|||정청래 의원님도 당원들을 무시하고 계십니다. 남을 비판하기 전에 빛의 혁명으로 이룩한 민주주의를 훼손하려 하지 마십시오. 말로 정치하지 마세요.|||나는 1인 1투표제를 찬성한다. 유령파티원은 70만명. 알아내다. 몰둔국회에서 짐을 찾으러 가시나요?|||민주당은 대통령 지지율을 잊고 있다. 정청래는 말투가 부드러워 대통령에게 부담이 됐다. 당원들에게 사퇴하고 비상대책위원회로 전환하라는 명령이다.",1,1
FoAIqud9JNU,"장동혁의 대망의 충청론이 시작됐다, 정치특강","고 박사님, 항상 고생 많으십니다. 고 박사와 함께라면 보수에게도 희망이 있다.|||우리는 장동혁이다. 국민의당 동지들, 장동혁 의원에게 23대 총선 공천권을 주십시오. 화이팅.|||장동혁 대표님! 훌륭한 대통령이 되십시오. 건배!|||결코 사과는 없을 것입니다. 장동혁 대표님을 믿습니다. 이제 반역자들을 뿌리 뽑고 정리해보자.|||고성국 원장님이 잘 이끌고 계십니다. 일어나라, 충청도여. 화이팅, 충청도.|||장동혁을 응원합니다.|||The voice of party members is the voice of the people and the voice of justice. 이 미친 반역자들은 반드시 청산되어야 합니다.|||장동혁 대표는 잘 지내고 있다. 용기있게 앞으로 나아가야 합니다.|||나는 당신을 응원합니다|||우리는 장동혁이다. 장동혁으로 뭉쳐라. 국력의 주인은 당원이다. 우리는 자유주의 우파입니다.|||장동혁 대표는 인성, 인품, 리더십까지 모든 것을 갖춘 남자다. 대통령으로서 나무랄데 없는 인물이다. 우리나라를 돌보자.|||모두 국민의당에 동참합시다. 장동혁, 김민수를 강력히 지지합니다.|||충청도가 중심이 되어야 나라가 제대로 돌아가는 것입니다!|||장회장은 한동훈을 언제까지 돌보실 겁니까? 장기화할수록 정부와 보수에게 불리해진다. 고성국 박사님, 노고에 진심으로 감사드립니다.|||나라는 붕괴와 재건의 갈림길에 서 있다. 함께 동참하여 장동역 대표님께 힘을 실어드리겠습니다.|||저는 장동혁, 김민수를 응원합니다.|||장동혁 충청도의원과 뭉치자!!|||If you can't go with Jang Dong-hyuk of the People's Power Party, leave the party. Even if there are 107 people, if you don't have fighting power, there is no need. 비굴한 사람들아, 떠나라.|||장동혁 김민수 응원합니다 화이팅!|||우리는 장동혁이다|||장동혁이 승리했다. 국민들은 당황하고 있다|||이건 무슨 개사과인가요? 장동혁, 화이팅, 100% 드려야죠.|||장동혁 대통령과 김민수 국무총리가 이런 라인업을 볼 수 있을까?|||나는 당신을 응원합니다|||우리 장동역 사장님 항상 건강하세요.",1,0
YMD7f7lQjEg,오늘 뉴스에는 계엄군이 화장을 하고 경호원과 함께 와서... 무대에 섰습니다. 2025.12.10 MBC 뉴스,"폐기만이 답이다!!!|||미칠 것 같아|||생산? 와, 그 사람은 나쁜 사람이야.|||이런 사람 보셨나요!! 아직도 정신을 차릴 수 없는 일들|||아.. 눈물 흘리는 사람이 할 말이 아닌데.. 군인 자체를 모욕하는 말이네요.|||위증 김현태 저는 이 사실을 '당신의 눈물' 이후부터 알고 있었습니다.|||정말 무능한 놈인 것 같은데, 아직도 특수부대 대장이라는 게 안타까울 뿐입니다.|||그 사람은 체포하지 않았나요?|||총을 들고 있는 계엄군이 위협을 받는다는 말도 안되는 프레임 농담이 난무하는 놀라운 상황이다. 재판이 아니라 엉망이에요. 그리고 그런 싸구려 사람이 군인이다. 그것도 특별대여인가요?|||김연태 저 사람은 반드시 무기징역을 받아야 한다.|||와, 정말 대단해요. 그들은 최고의 악당이며 서로 놀아준다고 합니다....|||김현태 의원을 포함해 국회에 들어간 모든 사람들은 엄벌에 처해야 한다.|||한국군이 다 비난받는거 같은데....ㅠㅠㅠ어떻게 그런 사람이 지휘를 할 수가 있지... ㅠㅠ|||김현태를 반역죄로 처벌하되, 국민을 기만한 추악한 죄로 더욱 엄하게 처벌하라!!! 물론 불명예스럽게 강등시켜 추방하는 것이 맞고, 체포하여 사법처리하여 조사하는 것이 맞다!!!|||정말 못생긴 인간이군요... 그것도 핑계인가봐요... 쯧쯧쯧쯧|||그 사람 제정신인가요?|||그 상황에서 행동했나요? 이것이 정상적인 인간이 생각할 수 있는 상식인가? 그들은 정말 사악합니다.|||국민민이 연출도 하는거야...미쳤어!!|||그렇게 말해보자. 그럼 거기 안 갔으면 어떡하지? 연출에는 문제가 없겠죠? 왜 국회에 들어가나요? 그게 불법인가요?|||김현태는 가중 처벌을 받게 된다.|||국회의원들에게 국회는 인생과도 같지만, 거기 들어오면 죽을 각오를 해야 하고, 총은 진짜 인생이 아니다. 다른 사람의 생명을 앗아갈 수 있는 살인무기입니다.|||그런 사람이 특수부대 사령관이라면 부하들이 얼마나 자랑스러워하겠는가.|||현태야, 기자들 앞에서 부하들을 배려하는 척, 비방하는 모습을 온 국민이 보고 기억하고 있다.|||특수부대인가요?... ​​쑥스럽네요.|||1년이 지나니 감독밖에 생각이 나지 않더군요???? 울면서 기자회견을 한 건 우연인가!!!!!! 반란군은 아직 반성하지 않았다",1,1
DHvZsQP5KZs,온 국민이 고통받고 있습니다. 나는 급여 명세서를 보고 분노가 폭발했습니다. SBS 뉴스 소장품,"국민연금, 건강보험 진짜 떨어져 나가는거 볼때마다 가슴이 아프다|||세금뜯어서 외국인들 보험료혜택주는데 그런거왜하냐? 자국민혈세뜯는 미친나라|||외국인과 중국인들의 건강보험료를 제한하라|||국회의원을 줄여라|||국회의원 최저임금만 받게해야됌 그렇게 일해야 진정성이 보이지|||일좀해라 국개의원들아 도대체 언제적 세율을 쓰고있는거야..|||25만원 주면 매면 250씩 뜯오가겠지|||뺏을땐 개같이 뺏어가는데 운영은 ㅈ같이하네ㅋㅋ 연말정산 전까지 서둘러 개정해서 소급 해줘라|||아 뭔가 급여가 줄었네 생각한게 기분탓이 아니었구나|||자 이제 누가 진짜 내란이지?|||4대보험료율 인하해야됨. 공단합치고 인력줄이고, 사무실운영비 줄여라. 그거 다 우리가 강제로 뺏긴 피같은 돈이다!|||건보료 넘쳐서 지들끼리 돈잔치 하더만|||호텔식 경제학의 예견된 결말....|||건강보험 6000억원 횡령은 어떻게 된거지???!!!!!|||안쉬고 풀로 일해도 월급 400이 힘드니 ㅠ 살기 싫다|||세금, 연금, 건보료가 너무 오르고 있다. 정부가 너무 뜯어간다. 임금은 1 오르는데 너무 심한 거 같다. 세율 낮춰라. 점점 힘들어진다.|||눈먼 돈이 줄줄 센다|||건보료좀 줄이자. 병원 많이다니는 사람들한테 더 떼어가라.|||고3에게 돈 퍼주는것은 내년 지방 선거 공략인가?|||월급이 왜 더 적게 들어왔나 했더니만 이거때문이네|||세금은 다 떼어가놓고도 증여세, 상속세로 또 다시 절반 떼어가는 세금 공화국|||나라에 도둑놈들이 너무 많다|||이 나라는 전국민과 기업들이 온힘을 다해서 정치인들 300명을 먹여 살리는 기행적인 국가임|||25만원 주는게 리짜이밍 본인 재산 나눠준줄 아나 다 우리 세금으로 나눠주고 생색 낸거잖아 퍼준만큼 더 걷는거지|||아휴 직장다니면 뭐하냐 세금으로 다빼앗기고 연금도둑맞고",2,1
znUYsTkHcqI,부모님 덕분에 수십억 아파트 모두 조사받는다 단편KBS,"정치인부터 철저히 조사하자.|||강남 3구에 돈을 기부한 정치인부터 철저한 수사가 공개된다면 내년 선거는 판도를 바꿀 것으로 보인다.|||60억짜리 아파트를 소유한 능력있는 부모님이 부럽습니다.|||모든 것을 조사해 정부 고위 관료와 국회의원의 이름을 밝혀라.|||부유한 부모는 세금을 더 내야 할 뿐입니다.|||결국 뱃속의 행운은 부모의 옷이다.|||강남권에는 정부와 국민이 2채 이상의 아파트를 보유하고 있는 것으로 전해진다. 주택가격 안정을 위한 정책을 만들 수 있을까?|||모든 사람에게 유능한 부모가 있는 것은 아닙니다.|||조사하면 고위 정치인 다 구속되죠 ㅎㅎ 그런데 실제로는 아무 일도 일어나지 않습니다 하하.|||세금을 빼앗긴 나라.|||부모가 열심히 일하고 세금을 납부하여 취득한 재산입니다. 나한테 좀 주는 게 어때? 한국의 증여세. 상속세. 법을 개정하라!!!|||저는 부모님 옷이 정말 부러워요.|||아니요, 세금을 다 내고 아파트 구입시 양도소득세도 냈는데 왜 이중 세금을 징수하는 걸까요? 짜증난다. 이 나라는 도둑놈들과 같습니다.|||부럽다 맨날 60억씩 사준다|||상속세를 없애세요.|||내용을 읽어보니 저만 그런 행동을 이해하지 못하는 건 아닐까... 댓글을 보니 저만 정상인 줄 알았어요... 도대체 저 미친, 무식한 다단계 세금이 뭐지... 그게 불법 징수와 뭐가 다른 걸까요?|||세금 좀 덜 내주세요|||어차피 벌금은 돈많은 부모님이 낼테니까...|||통일이 되면 김정은도 조사를 받게 된다. 상속재산은 북한이다.|||수십억!!! 몇십만원이라도 냈으면 좋았을텐데 정말 부럽습니다.|||마니마니, 조사 좀 해주세요.|||흠..? 예로부터 부잣집 아이들은 월급 전액을 모아 부모의 돈으로 생활비를 썼다..? 하하.|||국회에 대한 수색과 압수. 모두|||상속세·증여세 폐지해야|||부럽습니다만, 부모로부터 재산을 물려받는 것은 과세 대상이 아닌 것 같습니다.",2,1
liEag2kZIAQ,교무실 침입 후에도 쉽게 5개월 만에 도둑맞았다 단편KBS,"교육청이 가해자를 잡아서 처벌해야 하는데 피해자를 잡아서 처벌을 하고 있다니... 가해자인 미성년자에게 손을 대지 못한다고 피해자인 어른들을 비난하는 시스템이 정말 지겹습니다. 범죄를 저지른 아동을 애초에 가혹하게 꾸짖거나 구타하거나 처벌했다면 2차, 3차 범죄는 발생하지 않았을 것입니다. 제발 법 좀 바꾸자.|||정말 멍청한 대답이군요... 법이니 뭐니, 범죄는 그에 따라 처벌을 받아야 합니다.|||간도 크고.. 저런 애들은 커서 더 큰 범죄를 저지를거다..|||유출됐는데 비밀번호는 어떤거 사용하셨나요?|||은폐 정황이 있을 경우 형벌은 3배로 가중되어야 한다.|||바늘도둑이 소도둑이 됩니다.|||처벌이 없기 때문에 선을 넘은 것입니다. 나 좀 때려줘.|||법 폐지를 촉구합니다|||물론 선생님과 교직원도 잘못이 있지만, 가장 잘못은 학생이 컸습니다.",3,1
71Bx85RPkpU,30년 전의 실수를 알 권리가 있는가? 디스패치에 보고...단편KBS,"연예인은 준공적 인물이다. 과거를 밝히고 솔직하게 말할 수 없다면 커밍아웃하지 마세요.|||청소년법은 다 폐지되어야 하고... 얼어죽어가는 범죄자들에게 인권 얘기하는 놈들도 다 구속되어야 한다.|||피해자를 돌보지 않는 변호사들에게 늘 언론 매체로 비춰져야 하는 고통은 어떻습니까?|||법을 준수하고 이를 법에 어긋나게 공개하면 처벌을 받게 됩니다.|||왜 지금?|||평생 상처를 안고 살아갈 피해자와 그 부모에 대해 조금 생각해 보시기 바랍니다. 보호해주시는 분들... 만약 딸이 사고를 당했다면 눈을 감기 전까지 부모로서 어떤 마음의 아픔을 느꼈을까요?|||피해자와 그 가족들은 무슨 죄인가요? 그들은 평생 트라우마를 안고 살아갈 필요가 없습니다.|||철없는 시기에 인생을 망친 사람이 누구입니까?|||강간범... 밀양강간범... 아주 더러운 사건이군요... 제3자인 저도 부끄러워서 떨고 있지만 저희 부모님은 평생 피눈물 흘리며 사시겠지만... 지금도 진심으로 반성하시기 바랍니다... 조 씨도 딸이 있잖아요?|||연예인이나 대중적인 직업을 가진 사람들은 젊은이들에게 모범이 되기 때문에 심각한 범죄를 저지른 사람들은 적합하지 않다고 간주됩니다.|||과거의 학교 폭력에 대해서는 모두가 조용히 해야 합니다.|||피해자는 조진웅을 볼 때마다 얼마나 마음이 아팠을까.|||피해자가 신고했는데 그 사람이 무슨죄로 고소한건가요?? 수상한 사람...|||문제의 핵심은 그가 개인이 아닌 현재 공직에 있다는 점이다.|||피해자들은 평생을 멍에를 메고 살아갑니다. 조 선생님을 뵙는 것이 얼마나 힘들었겠습니까!|||정치적 성향에 따라 범죄가 결정되는 나라.. 한 썩은 정치인 때문에 나라가 망한다..|||그런 짓을 했다면 왜 정의로운 척 하는 게 어때요?|||어떻게 숨겼나요?|||강력범죄자의 공개활동에 대한 제재는 국민의 알권리이다. 지금까지 보도된 학교폭력 사건도 청소년범죄이므로 조진웅 사건만으로 신고자를 처벌할 수는 없다.|||첫째, 가해자를 생각하는 만큼 피해자도 생각해 보세요. 피해자는 다행히 사회에 복귀할 수 있지만, 가해자가 입은 상처는 그가 제대로 된 삶을 살지 못하게 막는 경우도 있다. 둘째, 똑같이 불리하거나 어려운 환경에 있는 모든 사람이 범죄자가 되는 것은 아닙니다. 그랬다면 대한민국은 일반 국민보다 범죄자가 더 많은 나라가 되었을 것이다. 변명하지 마십시오. 셋째, 내가 늘 옳은 척만 하지 않았더라면 지금보다 어려움이 덜했을 것입니다. 깨어있는 척! 정의로운 척! 그러고 보니 그 일을 하던 사람이 세상 더러운 사람으로 밝혀졌다고요?|||정말 흥미로운 점은 이번에는 왜...|||저는 중년이고 학교에서 구타를 당해 모든 것이 바뀌었습니다. 사춘기의 폭력은 결코 용납될 수 없으며, 처벌받지 않는 사람도 많습니다.|||옹호하려는 것은 아니지만, 30년 전에 이미 처벌을 받았다면 이미 어느 정도 죗값을 치렀지만, 누군가에게 30년 동안 쏟은 노력을 모두 내려놓으라고 하는 것은 좀 마녀사냥에 더 가까워 보인다. 그런 다음 좌표를 가져와 실행하라고 지시합니다. 적당히 해보자.|||이걸 비판할거면 밀양 성폭행 가해자들은 왜 계속해서 비난을 받고 직장에서 해고되는 걸까요???|||단순한 범죄가 아니라 미성년자 성폭행??? 조진웅도 술 마시는거 아냐..?? 그냥 은퇴해라 조진웅... 성폭행이란?",3,2
XEFJgrjG3jE,"신상진 성남시장, 대장동 비리 관련 5673억 원 동결 현장 영상 채널A","신상진 시장님, 잘 지내시죠.|||그 돈을 회수해야 할 뿐만 아니라 지금까지 발생한 이자와 벌금도 고려해야 합니다!!!!|||성남시장님 힘내세요. 나는 당신을 응원합니다.|||책임자는 모두 신고하고, 책임을 져야 하며, 체포되어야 합니다.|||성남시민에게 돌려드리는 것이 맞습니다.|||예상대로 신상진 시장. 감사합니다.|||성남시민 여러분께 돌려주세요.|||MBC, JTBC에서는 절대 볼 수 없는 유익한 콘텐츠|||나는 신상진의 이름을 꼭 기억할 것이다. 열심히 선거운동해서 재선될 수 있도록 최선을 다하겠습니다.|||부패한 판사가 있는 나라에는 미래가 없다. 김명수, 권수일 등 판사들을 하루빨리 조사하라.|||성남시민 여러분, 함께 힘을 모아주세요.|||신상진 성남시장은 애국자입니다! 배짱이 없었다면 눈을 감았을텐데 이름 절대 잊지 않고 오래도록 널리 알리겠습니다!!|||물론 꼭 해야만 하는 일이다. 결코 포기하고 타협하지 마십시오.|||수고하셨습니다 시장님, 꼭 모든 것을 되찾아 성남시민들에게 돌려주시기 바랍니다.|||제발. 성남시민, 특히 대장동 원주민들에게 돌려주세요.|||신상진 시장은 성실하고 성남에서 평판이 좋은 사람이다. 항상 진실하고 존경받는 사람으로서 나라를 위해 열심히 일해주시기 바랍니다.|||성남시민의 재산이 대전동 갱단의 주머니로 들어가는 것을 반드시 막아야 합니다. 나는 당신이 성공하기를 바랍니다.|||신상진시장님 정말 대단하세요!!!!!!|||성남시민의 책임인 만큼, 모두가 온전히 받아들여주시길 바랍니다. 권력과 이익에 눈이 멀어 사기꾼들에게 돈을 넘겨주는 멍청한 정치인들을 더 이상 볼 수 없다.|||부패한 자금의 회수에 반대하는 사람들은 범죄자로 간주될 수 있습니다.|||범죄수익이 될 수 없다는 점을 분명히 하기 위해 회수되어야 합니다.|||인사 비리, 국정 조작, 국가 헌법 비리, 중국 간첩으로 추정되는 왕따와 범죄 공동체, 저수지 경제 공동체 등 직권 남용을 일삼는다. 화장지 특별수사!!|||신상진 성남시장님, 성남시를 위해 최선을 다해주셔서 박수를 보냅니다. 그것을 위해 가십시오.|||성남시민 여러분, 함께 동참해주세요. 나는 당신을 지지하고 지지합니다. 핫채팅.|||개 진짜 멋있다!!!",0,1
S5rltrQbObc,"김용현 재판 참고인님, 지귀연씨에게 공정하고 올바른 판결을 내려주세요. 현장영상 채널A","군인이 그런 말을 하게 한 판사들이 지금까지 얼마나 불공평했습니까? 나라가 엉망이네|||가슴 아프네요. 우리나라를 지킨 군인들이 법정에 세워져 조사를 받고 있다는 사실이 답답하다. 기운을 내다.|||우리가 혹독한 겨울과 싸우고 있다는 소식을 들으니 마음이 아프네요. 감사합니다. 국민과 나라를 위해 최선을 다해주시기 바랍니다.|||무고한 군인은 모두 애국자이고 위대합니다. 충분한 보상을 받아 정상적인 생활로 돌아갈 수 있기를 바랍니다.|||군인들을 괴롭히고 허위 진술로 위협하는 행위를 중단하십시오.|||나라를 위해 공정한 판단을 해주시기 바랍니다. 그 나라는 공산주의 국가가 되었습니다.|||후손에게 독재를 물려주지 맙시다.|||부디 우리 국민들도 올바르고 공정하며 진실된 판결이 나오길 기대하고 기대해 주시기 바랍니다.|||대한민국의 행정, 사법, 입법, 언론, 국방, 기타 기업을 해체시키려는 눈에 보이는 반국가세력은 간첩이며 반드시 처벌받아야 합니다.|||내전도 없이 적법한 계엄령을 선포해 정권을 전복한 자들은 반역죄인이다.|||군인들을 내전으로 몰아넣어 위협하고 반한 일부 군인들을 제외하고는 우리의 평범한 군인들이 진정한 군인이다.|||지귀연 판사님, 나라를 구하고 정의를 실현합시다.|||계엄령이 아니었다면 대한민국은 점점 더...|||와 너무 마음이 아프네요ㅜㅜ 공정하게 판단해주세요.|||지귀현 판사는 중학생에게도 친절하다. 정말 정의로운 판결을 내리는 정상적인 나라가 되도록 허락해 주십시오.|||지금 특검의 증언이 조작되고 있어서 걱정스럽습니다.|||당신은 정말 진정한 군인이십니다. 존경하고 감사드립니다. 나는 감동 받았다.|||대통령만이 판단할 수 있는 계엄령을 내란이라고 말하는 자들은 내란을 저지르는 것이다. 반역죄는 대통령에게만 적용될 수 없는 범죄다.|||정치적 중립은 자유민주주의를 지키는 것입니다, 군인 여러분.|||진정한 군인|||군인은 본질적으로 국군 총사령관에게 복종하고 국가에 충성하는 사람이다. 권력이 있다는 이유만으로 정치세력에 굴복해서도 안 되고, 개인의 번영을 위해 판단해서도 안 된다.|||차분한 군인|||진정한 군인이라면 나라가 위기에 처했을 때 최전선에서 싸워야 할 의무가 있습니다. 국가 정의를 실현하기 위해 국가를 돕는 것도 군인의 의무입니다. 자신의 안전을 최우선으로 생각하는 것은 진정한 군인이 아닙니다. 그런 나약한 모습이 보는 이들을 슬프게 만든다.|||가장 위대한 군인의 말에 눈물이 핑 돌았습니다. 지귀연 판사님, 그 청년의 말을 꼭 기억해 주십시오. 감사합니다.|||공정하고 올바른 판단은 당연하지만 정치판사들이 너무 많아서 불평이 많을 것 같아요 ㅠㅠ 눈물이 납니다 ㅠㅠㅠㅠㅠ 판사님들 국민들이 울고 통곡합니다!!!!!",0,1
9UwNnwqZmEo,"김계리, 적법한 수사 통해 공정한 기소 여부 의문 티조클립","사기탄핵은 끝까지 밝혀지고, 관련 범죄자들은 ​​무기징역을 선고받아야 한다.|||국가와 법률. 미쳤어! 이런 것. 지키고 살아야 하나!|||힘내세요 김계리 변호사님.|||화이팅하세요 김계리 변호사님! 엄마의 힘을 보여주세요|||나라가 완전 엉망이네... ㅠㅠㅠ 우리나라는 왜 이렇게 망가졌나? 이러지 맙시다. 모든 범죄는 평등하게 조사되어 법에 따라 처벌되어야 한다. 여야를 막론하고 모든 국민이 공정한 조사와 공정한 판결을 받아야 한다. 완전 5공화국이네요 ㅠㅠㅠ|||특검, 특검.|||저는 김변호사님을 늘 응원합니다.|||저는 김계리 변호사를 지지합니다.|||김계리 변호사님, 늘 응원합니다. 힘내세요.|||행운을 빌어요!|||매우 심각합니다. 특검이 나라를 망치고 있다.|||특검을 수사해야 한다!|||저는 김계리 변호사를 믿습니다. 그것을 위해 가십시오|||올 준비를 하세요. 벌받을 준비를 하세요.|||말을 바꾸는 것은 정말 최악이다. 힘내라 김계리. 나는 당신을 응원합니다.|||여러분의 노고에 감사드립니다. 당신의 노력이 우리나라를 구할 것입니다.|||깨달음을 얻었습니다 하하|||김계리님을 응원합니다.|||민중기 특검. 답변 결정 후 공무원의 억울한 죽음|||지금 내 앞에 있다면 다 죽여버릴 텐데. 누군가 내 앞에 다가옵니다.|||벌을 받을 자들은|||정당한 수사? 심판? 아직도 그런 걸 기대하시나요? 이제 권력의 주인인 국민은 깡패와 사기꾼들로부터 모든 것을 정상으로 돌려보내야 합니다.|||특검님, 수사해 주십시오. 김계리 변호사님, 노고에 감사드립니다. 행운을 빌어요.|||,,조작,양념,제사사건,농단,,반드시 판단하세요,,|||이미친 특검을 .cia에 신고하세요. 해보자! 시민 여러분! 이번 특검은 그냥 놔두실 건가요!!",0,1
7KwZ3viyqfc,장영수 교수가 내전재판에서 무죄 판결을 받으면 후폭풍이 크다. 티조 클립 쇼츠,"김현지와 이재명 반란의 주모자 이재명에 대한 재판이 시작된다.|||그렇지 않을 때는 아니라고 말해야 합니다... 그것이 정의입니다.|||계엄령이 맞았어, 경제를 봐, CCP OUT!|||반발이 많아도 진실을 말해야지... 그게 정의로운 판사다!|||곽종근·문형배 의원은 황 대표의 진술만 듣고 헌법재판소의 결정이라고 한 것은 잘못됐다고 말했다.|||판결을 무효화하는 법을 만들겠습니다 ㅎㅎ.|||계엄령은 2시간여 만에 국회의 요청으로 즉각 해제됐다.|||반발을 걱정하지 않기 때문에 민주당은 지금 브레이크가 없다. 판사가 내전이 아니라고 하고 내전이라고 하기 전까지는 재판, 특별재판, 인민재판을 거치면 충분하다. 다음 역풍은 선거... 선거에 대해 더 말할 필요는 없지만 모두가 알고 있다.|||법원이 잘못된 판단을 했다고 내전이 아니라고 비판하고 전담법원을 설치하라는 합리화를 부추길 것이다. 그들은 자신이 원하는 결론에 도달하지 못하는 사람을 반란자로 비난하고 있습니다.|||좋아요|||상식이 있는 사람들은 비가 내리지 않는다는 것을 알고 있습니다.|||내전은 민주당 아닌가요??|||계엄령 절차는 위헌이 아니었으므로 탄핵은 무효이다. 대통령의 정치적 행위인 계엄령이 선포되었기 때문에 내전은 성립되지 않았다. 진정한 내전정당인 민주당이 위헌정당으로 해산됩니다!!|||결론이 정해져 있는 재판이 아니길 바랍니다.|||문형배씨는 헌법재판소에서 청래에게 내란이 아니라고 말했다.|||내전이 아니니까 민주당이 내전을 부추기고 있다!|||당초 이재명 의원과 탄핵중독당은 입법독재를 통해 국정을 방해한 혐의로 그를 반역죄로 고발하기 위해 내전을 계속 선동하고 있었다. 그러니 입법독재 탄핵중독 정당의 국회의원 전원을 처벌하고 심판해야 한다. 대한민국을 소용돌이로 만든 책임이 너무 크기 때문이다.|||반발이 있어도 문제없다고 판단하는 게 정상 아닌가요?? 단지 반발이 있을 것이라고 잘못된 판결을 내리는 것이 옳은 것인가??|||판사와 검사가 기각해줬으면 좋겠지만 이미 판은 그들 쪽으로 기울어져 있다.|||괜찮아요. 역풍이 없습니다. 광우병 선전에 국민이 속고 있기 때문이다.|||영수. 그것은 내전이 아니라 계란입니다. 계란이에요.|||그것을 내전이라고 부르는 사람은 내전입니다.|||내전으로 판단되면 반발이 거세질 전망이다.|||이재명은 국민에게 끼친 사회적 피해를 배상해야 한다.",0,1
mOJ9tReqHyA,박나래 주주이모 논란 이후 MBC가 급히 삭제한 영상의 정체는?? 음튜브,"그 그룹들 모두 조사해야 합니다.|||MBC 영상 삭제가 의심스럽네요....|||MBC는 즉시 영상을 복원해야 합니다!!! MBC도 조사에 참여했다. 방송사 관계자도 주입됐나? 철저한 조사가 필요합니다...!!!!!!|||나 혼자 산다 제작진도 공범이니 폐지해야 한다.|||PD도 확인해야|||캥거루 같은게 있을까.. 역시 MBC에서....|||김현지를 체포하고 처벌하라.|||모발검사를 해야 하는데 경찰은 왜 안 합니까?|||왜 MBC인가? 영상은 그대로 두세요. 우리는 왜 범죄를 숨기는가? 증거인멸?|||다 쓸고 다 집어넣어. 나 혼자 사는 거 아니지?|||박나래, 나오지 마, MBC 보지 마.|||여성단체들이 아예 반응을 안 하는 게 너무 놀랍다.|||주주이모 휴대폰 압수할 생각은 없나요? 증거를 전부 인멸할 시간을 주는 겁니까??|||강도를 다치게 한 사람이 국회 부의장이라는 사실에 좀 화를 내자.|||PD도 조사해야 한다|||국민의 알권리를 말하며 역병인 언론이 국민의 알권리를 말살하는 걸까? MBC 문화방송|||사기주사기 이은|||나혼산과 관련된 모든 사람을 조사해야 합니다.|||PD들을 직접 조사해보세요. 뭔가 나올 거라고 확신해요. 한동안 그 글을 덮어두고 괴물을 만들어 왔습니다.|||마약중독인데 경찰이 수사하지 않으면 어떻게 하겠습니까?|||10대 때 재활을 받았다고 하는데, 성인이 되어 상사나 동료를 폭행했다면 어떻게 될까요?|||MBC는 사라져야 한다|||저우 아줌마는 체포되지 않았나요?|||신경을 많이 쓰는 것 같더라구요|||MBC도 같은 팀이다.",0,1
-H4lmY-Q-4M,김건희는 무엇을 포함하기 위해 규칙을 바꾸었나요? 첫 번째 공개된 각 코너의 재생,"국립미술관, 박물관 등의 유물을 철저히 조사한다.|||문화재를 도난당했습니다. 문화재를 기증한 공무원도 처벌받아야 한다.|||정말... 수치스럽습니다. 아무리 파봐도 또 나오더라구요. 상식적으로 생각조차 할 수 없는 이상한 일들이 계속해서 일어나고 있다.|||윤석열과 김건희의 범죄는 역대 최고 수준이고, 그 범위는 실로 거대하고 무궁무진하다. 모든 것을 밝혀야 하고 모든 처벌을 가해야 합니다. 잠도 안 자고 범죄를 저지른 것 같습니다.|||플리바게닝, 밀수 내역 적발에 대한 보상|||미친 정부였습니다.|||정말 놀랍습니다. 나라가 거의 무너졌습니다.|||조희대 지귀연 의원을 특검으로 수사하게 하라.|||외교행낭에 들어있는 각종 돈, 보석, 약품|||저는 이것이 가장 궁금합니다. 그 직위를 받은 사람들을 찾는 것부터 시작해 보겠습니다. 그런 기록이 남을까요? 존재하지도 않는 것을 만들어서 그 자리를 줬으니 알게 되겠죠.|||뿐만 아니라 정부가 집권하자마자 해외송금 규제도 풀렸다. 이것은 거의 침략이었다. 도난당한 금액이 얼마나 되는지 조사해 볼 수 있나요?|||명품보다는 마약 관련 가능성이 더 의심스럽네요.. 마약 반입 대가로 받은 현물이나 대가였죠..|||의약품? 명품? 꼭 밝혀져야 합니다|||최욱의 압도적 외교 독보적 쇼는 최고!!|||이거 국보 도난당한거 아냐? 역대 가장 미친 정부!|||그들은 정말로 무엇을 하지 않았는가? 아 진짜, 그 사람들이 무슨 짓을 한 거지!!!! 죽을 때까지 진짜 마약이나 사치품, 나쁜 것들은 손도 못 대요.|||아직도 그런 규칙이 존재하는지 몰랐네요... 하하, 정말 다양하네요.|||우리나라의 보물, 국보가 도난당한 곳을 살펴보시기 바랍니다.|||외교부장관은 정신 차리고 하루빨리 무조건 철저한 조사를 해야 한다.|||그래서 매일 해외로 나갔잖아요.|||우리가 정치에 관심을 두는 순간 가장 낮은 사람들이 정치를 장악하게 됩니다. 플라톤|||문제는 뇌물이 아니라 아마도 현금을 훔치는 것일 겁니다.|||문화재 100점을 모두 해외에 매각하셨나요? 정말 말도 안 돼요.|||남북전쟁보다 더 중요한 마약 밀수 사건은 왜 조용할까. 증거인멸을 놔두고 계시나요? 모든 언론이 조용하고 정치인들도 조용하다. 나는 화가 났다.|||문화예술 작품을 어떻게 가지고 갈 수 있나요? 상식적으로는 이해가 안 되네요. 왕의 자리도 모르면서 다 자기 것인 줄 알았어요!! 김건희 용서할 수 없어!!",1,1
CiRstnkZT2k,한나라당이 야외집회를 취소한 진짜 이유,"한심하다|||안타깝네요. 인생에 중요한 가치관이 없으면 윤석열같은 사람한테만 의지하면 되는데... 어머.|||국짐당은 권력 장악만을 원했다. 언제부터 민생회복에 관심을 가졌던가?|||같은 것들이 모여서|||반란군 때문에 전쟁이 일어날 뻔했는데 이 사람들은 제정신인가?|||신천지 통일교회에서 동원된 것으로 보입니다.|||그게 다야? 곧 해체될 예정입니다.|||어리석은 사람들은 탐욕스러운 정치인을 대표로 뽑아 꼭두각시 놀이를 하게 만든다. 훌륭한 콜라보다 더 현실적입니다.|||아, 전쟁을 일으켜 모두를 죽이려고 했어요.|||돈이 어디로 가는지는 분명합니다.|||국력은 또 윤이 된다..|||우리나라는 어쩌다가 이렇게 되었나?|||저기서 멧돼지 소리 지르는 저 사람들은 생각도 못 할 수도 있겠네요. 잘못된 믿음은 그만큼 위험합니다.|||지금도 윤석열을 위해 눈물을 흘리는 사람이 있다. 한국에 대한 치욕이다.|||아직도 정신을 차리지 못하는 사람들이 너무 많습니다.|||여기가 공산당인가요? 하하하하하하하하하하하하하하하하하하하하하하하하하하하하하하하하하하하하하하하하하하하하하하하하하하하하하하하하하하하하하하하하하하하하하하하하하하하하하하하하하하하하하하하하하하하하하하하하하하하하하하하하하하하하하하하하하하하하 하하하하하하하하하하하하하하하하하하하하하하하하하하하하하하하하하하하하하하하하하하하하하하하하하하하하하하하하하하하하하하하하하하하하하하하하하하하하하하하하하하하하하하하하하하하하하하하하하하하하하하하하하하하하하 국위가 무너지고 있다.|||남은 돈은 어디에나 남아있습니다!|||반국가세력, 반란 선동 혐의로 체포될 수도|||해체하다...|||좀비 떼야! 폭탄을 버려라!|||남의 땅을 파고 땀으로 만든 이 땅에서 이런 것들을 함께 즐길 수 있다는 게 화가 난다.|||아 한심당 맨오른쪽과 국짐당! 더 한심한 건 국회의원인 사람들이 그런 짓을 하고 있다는 거... 윽.|||국짐은 아직 반성이 없다.|||제발. 정신을 차리거나 너희들은 무인도에서 함께 산다. 남쪽에는 무인도가 있어요. 내가 하나 줄게. 나는 정말로 그것을 보고 싶지 않습니다.|||아, 윤설열 외치는 이 사람들은 뭐지?",1,1
NUQpj57qQas,"우원식, 인사생 나경원 앞에서 한의학을 중시하는 이들의 인품이 눈길을 끈다.","그 사람도 공범이기 때문에 그렇게 할 수밖에 없다는 걸 이해해요.|||그들은 항상 사람들에게 팔아넘긴다|||그렇게 행동하는 것은 국민을 조롱하는 것입니다. 존경받는 시민이군요..모욕스럽습니다.|||나경원 씨, 아직 빵 안 먹었나요? 난 왜 자꾸 보게 되는 걸까?|||저는 우원식 국회의장을 지지합니다.|||국회를 무시하는 것은 국민을 무시하는 것이다. 5번째 줄이 모범이 되어야 합니다. 쯧쯧 쯧쯧쯧|||존경받는 시민이라면 인사부터 해야 하고, 첫마디부터 NG를 내야 한다.|||존경하는 시민 여러분, 어떻습니까? 구토해요|||나는 범죄자입니다|||또한...|||나경원 정신 차려라.|||성격. 실제로는 없습니다. 국회의원. 자격 박탈.|||상호 존중, 배려, 평생 배우자, 아는 만큼 보인다. 영상 감사합니다. 명확하고, 현명하고, 자신감 있고, 뻔뻔합니다.|||기본적인 예의를 지켜주세요. 나라를 이끄는 어른, 자칭 보수 정치인은 재미도 없고 인사도 안 하는 모습이 멋있는 것 같다.|||당신은 무엇을 존중합니까, 극우 만 존중합니까? 넉넉한 마음으로 생활하세요. 고등학교 시절이나 지금이나 변한 게 없는데 어떻게 된 걸까요? 점점 더 무서워지고 있습니다.|||나경원 없는 정치를 보고 싶다.|||저는 우원식 국회의장을 지지합니다.|||나경원 쫓겨났으면 좋겠다 나는 국민의힘을 보고 싶지 않다.|||그렇게 서울시장한테 가고 싶나? 정말 나경원같네요 ㅎㅎ|||국익을 훼손하는 정부는 해체되길 바랍니다.",1,1
lsn_jy1vXr0,박정호의 핫스팟 용산 이야기 이규연이 묶음 풀고 헐떡거린다? 이재명 대통령이 이렇게 일찍 일정을 잡을 수 있을까? 12월 10일 모두 보기,"누구나 가질 수 있도록 합리적인 가격에 판매해주세요. 인생의 황혼기에 좋은 선물이 될 수 있도록 판매해주세요. 도움이 필요한 사람들과 수익을 공유할 수 있기를 바랍니다.|||이재명정부를 지지합니다 오마이뉴스|||우리도 이잠 회장님의 시계를 차고 싶어요. 누구라도 합리적인 가격으로 드실 수 있도록 해주세요.|||민주당은 정의로운 정당이다. 매일이 즐겁습니다. 이재명, 정청래, 추미애, 최혁진이 너무 좋다. 나라를 위해 애쓰는 노동자, 상인들은 이 사람들의 모범을 따르십시오.|||오마이TV 앵커님, 이규연 홍보실장님을 만나게 해주셔서 감사드립니다. 원장님, 국민 여러분과 함께 이재통 의원의 재선을 도와주십시오. 이재명 대통령님과 국회 관계자 여러분의 노고에 감사드립니다. 사랑해요.|||아, 이제|||오 마이 TV, 홍보 담당 선임 관리자님, 이제 준비 작업은 끝난 것 같습니다. 계속 달리자.|||판매해서 수익금을 좋은 일에 쓰시면 좋을 것 같습니다. 휴대폰이 있어서 시계의 필요성을 못 느꼈는데, 꼭 사고 싶네요.|||청와대 복귀를 축하드립니다. 이제 안정되신 것 같아 기쁘네요.|||조국이여, 이제 안정을 취하고 나를 돕기 위해 열심히 노력해주세요. 이재명, 추미애, 정청래가 너무 좋다. 이런 분들을 따라하며 즐거운 하루 보내세요.|||이재명회장 기념시계.. 저렴한 가격에 손목에 차고 싶은데.. 구입할 수 있는 방법이 없을까요?..|||이재명 대통령의 열린정부... 차기 대통령은 많이 긴장할 것 같은데..|||국짐당은 언제 해산되나요? 보기만 해도 토하고 싶어집니다.|||나는 시계를 원해요.|||제발, 제발.|||아, 소식이 맘에 드네요. 나는 당신을 지원합니다. 감사합니다. 궁금했는데 정말 좋았어요.|||아 청와대 축하드려요 영광입니다 오마이뉴스ㅡㅡㅡㅡㅡㅡㅡㅡ|||쿨 오 마이 TV|||나는 동의한다|||나는 시계를 원한다|||민주당은 80년 동안 썩어빠진 사법제도 개선을 위한 입법을 멈추지 말고, 5년 안에 정권을 잃지 않으려면 5년 동안 불도저처럼 밀어붙여야 한다. 5년 안에 권력을 잃지 않으려면 썩은 도구, 가짜 보수, 비리, 비리, 공직 엘리트 잔당을 척결해야 한다!|||이재명대통령시계..가격, 서민가격. 원하는 사람들이 손목시계를 착용할 수 있도록 저렴한 가격으로 만들고 싶습니다.|||나는 시계를 원한다|||우리 청와대 관계자 여러분, 맡은 바 최선을 다해주시기 바랍니다. 나는 당신을 지원합니다. 우상호는 빨리 퇴출시켜야 한다.|||시계 좀 주세요",0,0
E03u8MckZlM,"유시민, 청와대 단편 '오마이TV'에 보내는 모든 메시지 도청 검토해야","위기경보에 동의합니다! 지방선거 패배는 한순간이다! 반란을 더 많이 내려다볼수록 더 많은 것을 잃게 될 것입니다.|||우리는 유시민의 조언을 들어야 한다.|||그렇습니다. 반란군에게 사기를 당하지 않도록 항상 조심해야 합니다. 그들은 못생겼다!!!!|||유 작가님 말씀이 맞습니다. 우리 언론은 늘 민주정부를 폄하할 기회를 모색해 왔습니다. 과거에도 지금도 언론개혁이 필요하다.|||민주당 방심하지 말고 항상 조심합시다!!!|||와 유시민 작가님이시군요. 좋아요.|||유시민 작가님의 존재가 큰 힘이 됩니다. 오래도록 큰 통찰력으로 이 시대를 이끌어가시기 바랍니다. 나는 당신을 존경합니다.|||여러분은 모릅니다. 영등포구 여의도는 100도 감청 지역이다. 청와대도 물론이다.|||이재명 정부가 도청해야 한다|||문재인 정부 시절 조중동이 비난을 많이 해서 평론가가 되겠다고 했고, 윤석렬에게 휘둘리면서도 거친 말 한마디도 하지 않았는데 왜 없던 문제를 만들고 비판한 걸까??? 당신이 아니더라도 김남국 문진석 문자메시지 논란은 조정동은 물론 진보 유튜버들까지 비난을 받고 있습니다!!!! 더 이상 아무것도 할 수 없다고 탈당한 사람에 대한 비난을 멈추고 장경태에게 탈당은커녕 민주당 전체에 해를 끼치고 있으니 탈당을 권유하라!!!! 장경태의 문제는 더 크고 현재진행형이다! 서울시장직을 고집하고 지방선거까지 버틴다면 서울시장선거는 대참사!!!|||젠장 정부가 일을 잘하고 있으니 감나라, 배나라라고 부르지 마세요!!!!|||인터넷 유튜버 미디어 3사가 청와대에 들어간 건 이번이 처음인데, 대통령이 직접 유튜브를 하고 있는데 왜 기성 언론에 둘러싸여 있다는 근거 없는 이야기를 하는 걸까요??? 친문 사태 때문에 물러나는 듯… 문재인 유튜브 채널에도 최강욱이 출연했다. 친문단체를 살리고 싶다면 잘하라고 조언해주세요!!!!! 아무 이유 없이 정부 도청이 확인도 안 되는 극단적 상황을 만들지 마세요!!!! 문자 유출은 국회의원 김남국이 아닌 문진석이 했다!! 당대표 책임이 더 큰거 아닌가요??? 이럴때 민주당이 뭘 잘하는걸까요??? 남북전쟁종식법 통과는커녕 발목만 붙잡고 있을 뿐입니다.|||내가 처리할 테니까 그냥 정청래한테 처리하라고 해라. 최강욱, 문재인이랑 유튜브만 하지 마세요.|||이재명 의원은 경기도지사조차 한계라는 평론가 수준이다.|||유시민의 정체가 드디어 밝혀졌다.|||준시민! 멧돼지 시대에는 나라가 망하지 않는다고 말했는데, 지금은 왜 이렇게 위험한가? 평산할아버지와 정말 인연이 깊은 것 같아요. 이제 나왔나요?|||유시민, 문재인, 수박 대위는 조국 얘기를 하지 않는다.",1,1
7kw-W9iYZ1g,정청래는 내란 근절을 강조한다. 독일 나치처럼 청산하세요! 내전전용법원으로 사법개혁!!!,"진정으로 내 것이 무엇인지에 대한 모든 세부 사항을 조사하고 영구적으로 법정에 제출하십시오.|||남북전쟁에 가담한 사람들은 엄벌에 처해야 한다.|||우리는 내전의 종식을 보장해야 합니다.|||정청래 의원님을 지지합니다.|||말만이 아닌 행동으로 실천해보세요!|||김병기 의원에게 휘둘리지 말고, 대표 자리를 걸고서라도 민주당을 개혁하자.|||잘하셨어요. 광주가 없었다면 민주주의도 없었을 것이라고 생각합니다. 힘내세요 정청래 의원님.|||정 대표. 수박님과 다른 분들의 노고에 감사드립니다. 내전이 해결될 때까지 빠른 조치가 필요합니다. 현장에서 천재 천재의 유무에 따라 차이가 있다.|||내전을 종식시키려면 말로만 하는 것인가? 권력이 있지만 그 권력을 쓰지 않으면 곧 자신들의 정치에 몰두해 내전재판과 판사 탄핵마저 미루게 될 것이다. 이들은 정청래 리더와 무슨 관계를 맺고 있는 걸까. 한심하다. 내전은 대통령과 국민만이 해결할 수 있는 것 같습니다.|||그렇죠 정청래 대표님 화이팅!!|||말만 하지 말고 행동으로 보여주세요. 말을 할 거면 입을 다물고 있으면 됩니다.|||좋아요! 나는 정청래를 강력히 지지한다.|||기운을 내다 ! 반군세력은 뿌리 뽑고 규탄해야 한다! 법원개혁도 마찬가지다!! 우리는 당신을 지지하고 지지합니다!|||대표님, 당내 수박은 완전히 청산되어야 합니다,,,|||내란영장 재판관인 내란심판부가 설치되지 않고, 제2특검도 없다면 민주당은 지방선거에서 패배하게 된다. 민주당은 국민이 원하지만 실천하지 않아 답답하다. 문제는 리더다.|||정청래를 지지한다|||특별한 희생에 대한 특별한 대우에 대해 이야기해 주셔서 감사합니다.|||정청래와 싸워 내란재판소 설립을 반대하는 자들을 처단하라.|||정청래 의원님, 초심을 잃지 말고 더욱 강하게 추진해 주십시오. 나는 당신을 지원합니다.|||말만 하지 말고 행동으로 옮겨라!|||저는 정청래 대표님을 존경합니다.|||정청래 의원님, 민주당의 수박에 흔들리지 마세요. 나는 당신을 지원합니다.|||저희 정청래 대표님이 말을 참 잘하시네요 ㅎㅎ|||큰 소리만 내지 말고, 시간낭비하지 말고, 사법개혁을 신속하고 바르게 진행하라... 모두에게 시간을 주면서 개혁하겠다는 겁니까? 지금까지 해온 이야기를 보면 용머리처럼 시작해서 지렁이 머리만한 크기도 안 되는 흐릿한 결말로 끝나는 꿈을 꿨는데 기억이 나지 않는 꿈으로 끝나는 것 같다...",1,1
3gao9Z-TPB4,"김어준의 겸손은 어렵다 뉴스팩토리 2025년 12월 10일 수요일 겸손 NSC, 홍사훈, 신용한, 김용남, 주진우, 박구용, 김영대, 필름팩토리 허들 텐밀희","영장판사와 고위판사 모두 수사하고 처벌해야 한다. 나는 항상 당신을 지원합니다.|||판사들이 법왜곡범죄에 강력히 반대하는 것은 우리 사회에서 사법부가 얼마나 불법적인 존재였는지를 반영하는 것이라고 생각합니다. 법대로만 판단하면 무슨 상관이겠습니까? 예를 들어 우리나라는 선진국 중에서 법왜곡범죄가 없는 유일한 나라라고 합니다. 선진국에서는 매년 여러 명의 판사가 법 왜곡 혐의로 처벌을 받고 있다. 겁쟁이의 말을 듣지 말고 민주주의를 지키기 위해 만들어져야 합니다.|||반란법원 설립은 필수다. 종합특별수사 GO|||김영대 공장장님과 사진을 더 이상 볼 수 없게 되어 너무 아쉽습니다... 고인의 명복을 빕니다.|||사법개혁이 아닌 법원개혁. 위헌이 아니라 위헌논쟁이다. 올바른 용어는 올바른 활동으로 이어집니다.|||5년째 해외 도피 중이던 계엄령 작성자 조현천 씨에게 법원 비리가 무죄를 선고했다. 이것은 내가 깊이 관여하고 있다는 느낌을 갖게 합니다.|||법을 왜곡하는 것을 범죄로 만들자. 심사위원들이 너무 싫어하기 때문에 꼭 필요합니다.|||조희대, 지귀연은 파면하고, 반란에 동조한 판사들은 철저히 조사하라!!!|||무슨 사연이 있는지, 고인의 명복을 빕니다. K-뮤직의 미래를 예측하는 탁월함에 감동받았으나 안타깝다.|||지렁이도 소금뿌리면 제일 심하게 꿈틀대는데 검찰도 사법도 지금 그런거같아.. 사법불란자들의 최후의 투쟁도 두렵지 않다!!! 국민은 반드시 승리할 것이다!!|||마약밀매 사건도 추가 특검에서 처리되길 바랍니다...!! 외압이 없었다는 게 말이 됩니까????|||나는 반란 재판소를 지지합니다. 계엄령이 다시 한 번 본격화되었습니다.|||뉴욕 추수감사절 퍼레이드에서 헌트리스 골든(Huntress Golden)을 보고 정말 기뻤습니다.|||법원 개혁. 그렇게 되면 한국은 세계 최고의 선진국 중 하나가 될 것입니다.|||뉴스 공장 재미|||공영방송국을 만들어 기차역이나 공공기관 구내식당에서 YTN 연합뉴스 대신 TV로 방송하고 싶습니다.|||김어준의 말장난, 천박한 오세훈은 펜처럼 폭소를 터트리는데, 이보다 더 완벽한 비유는 없다.|||법을 왜곡하는 범죄는 반드시 필요합니다. 사법부를 개혁해야 합니다. 민주적인 사법부가 필요하다.|||처음에는 선언적인 의미로 썼는데, 알면 알수록 맞는 말이라는 생각이 듭니다. 사법부는 반란의 리더이다!|||영장판사도 내전 동조자 아닌가?|||우리에게는 반란 재판소가 정말로 필요합니다.|||나줌씨는 마이크를 끄고 개인 마이크를 사용해서 말을 하더군요.. 와.. 안하무인이 국회를 비난하는군요.|||크리스마스 아침에 슬픈 소식을 들었습니다. 김영대 평론가의 겸허한 마지막 방송을 찾아서 글을 남겼습니다. K-POP에 대한 유쾌한 설명이 너무 좋았는데, 더 이상 들을 수 없다는 게 마음이 아프네요. 고인의 명복을 빕니다.|||김어준 공장장님, 옷이 너무 예뻐요. 매우 감사합니다!!|||김영대님, 고인의 명복을 빕니다...",1,1
Pu6tcDbej2c,홍사훈쇼를 기억하세요! 내전판결 없이는 지방선거도 없다!ㅣ김용민,"나는 내전을 청산하지 않고는 지방선거의 승리는 없다고 믿는다. 물론. 김용민 대표님. 기운을 내다. 의원님을 전적으로 지지하고 지지합니다!!|||청산만 잘하면 지방선거에서 승리할 수 있어요! 효능이 있고 그냥 달리는 것이 국민의 지지를 받습니다!!! 청산을 미룬 채 지방선거 승리를 꿈꾸는 것은 말도 안 된다.|||대통령의 좌절은 국민의 좌절이다.|||김용민 의원과 안민석 의원의 말이 100맞다.|||김용민 의원을 지지합니다. 내전 청산에 실패하면 민주당도 망한다… 내전특검, 종합특검으로 모든 걸 밝혀내고 처벌하자.|||김용민은 정말 좋은 사람이다. 당신은 믿음과 용기 없이는 할 수 없는 일을 하고 있습니다.|||나는 민주당 개혁파 김용민 의원을 지지한다.|||김용민이 최고야|||민주당 의원들은 정신을 차려야 한다. 지금 자유선거는 문제가 되지 않습니다.|||김용민 의원처럼 정직하고 정의와 국민만을 생각하는 의원들이 많아졌으면 좋겠습니다. 안민석 의원님, 오랜만에 뵙게 되어 반갑습니다.|||당신 말이 맞아요! 지방선거에서는 의원들이 다 자기 정치를 한다고 서로 물고 있다. 앞장서서 행동하는 김용민 의원을 응원합니다!|||의원이 많은 민주당은 내부 규범을 강화하고 쓰레기 정치인을 빨리 잡아야 한다!!!!|||내전의 완전한 근절이 최우선이다.|||안민석 의원님, 지지합니다. 경기도의 식구가 되기를 기도합니다. 나라를 발전시키는 데 큰 도움이 되어주시고, 우리 아이들이 덜 힘들게 할 수 있도록 해주세요.|||김용민 대표님, 감사하고 응원합니다.|||김용민 대표님 계속 부탁드립니다!! 나는 항상 당신을 지원합니다|||검찰·사법내란·국방부개혁·내란근절 잔재만 가득한 민주당에 다음은 없다!!!!!!!|||김용민 의원님, 늘 응원합니다. 민주당은 민심을 살펴야 한다.|||김용민, 안민석, 홍사훈 정의로운 행보 3인방! 나는 당신을 전적으로 지지합니다. 최근 광장에 나온 홍기자님 대단하십니다!!|||내전은 근절되어야 합니다. 지역 경주에서 승리하는 것이 가능합니다. 제발 액셀을 완전히 밟아주세요.|||안민석 대표의 말이 참 중요하다. 민주당 오해하지 마세요.|||역모에 대한 판결이 늦어지자 내란 동조자들이 항의해 조선처럼 역모로 즉결 처형됐다.|||김용민 의원님, 볼 때마다 마음이 안타깝습니다. 모르겠어요 뭔가 특별한 것 같아요. 항상 힘내세요!!|||김용민 의원을 가끔씩 보게 됐는데, 홍사훈 쇼가 재미있다. 안민석 의원은 좋은 사람이다. 나는 두 분 모두를 지지합니다.|||당신이 말한 것이 맞습니다. 반란을 진압하고 처벌하는 것입니다.",1,1
45Q7atcKLkY,"정준희 논밭, 심사위원 단합의 정점 조희대·천대엽 ㅣ2025년 12월 9일 화요일","오늘도 논을 통해 보내주신 격려가 제가 지치지 않으려는 의지를 키워줍니다.|||국민투표를 통해 현 법원 전체에 대한 불신임에 투표하고 싶습니다.|||진실을 알면 알수록 분노하는 사람들이 많아진다.|||오늘의 논은 최고로 내 마음속 깊이 스며듭니다. 매우 감사합니다|||지금 생각해보면 소위 판사라는 사람들이 가장 두려워하는 것은 폭력이다. 실제로 법을 두려워하지 않고.|||늘 그런 생각이 들지만 논은 늘 예리한 지성으로 품위 있게 비판한다. 감사합니다...|||이런 불의를 논리적인 말로 표현하지 못하는 답답함에 대한 답을 주는 좋은 프로그램!|||나쁜 법조인들과 기득권층은 김수영 시인의 풀잎처럼 누워 있는 것 같다. 정준희 교수님 감사합니다.|||그들이 그걸 들었으면 좋겠어|||나는 당신에게 크게 공감합니다. 감사합니다.|||그들은 우리를 그들의 세계에서 통제의 대상으로 인식하는 것 같습니다. 법에 대한 판단, 심지어 초콜릿 파이 한 개나 커피 동전 한 개라도 우리에게는 절대악입니다. 그들의 편차는 매우 관대할 수 있습니다.|||아이들이 누군가를 때리라고 말하며 싸우고 놀릴 때 실제로는 누군가를 때렸습니다. 이런 일이 발생하면 패배합니다. 때리기 전에 증거를 확보해야 합니다. 그들은 지금 구타당하려고 아우성치고 있습니다. 민주당은 차근차근 증거를 모아 한꺼번에 몰아내야 한다. 다시는 그런 짓을 하지 않도록 엄하게 질책하고 머리에 새겨야 합니다.|||안심이 됩니다.|||다시한번 강한 의지와 강철같은 마음을 지닌 용기가 필요할 때가 있습니다.. . 나는 깨어나 앞으로 나아가고 결국 극복할 것이다. 나는 그것을 실현할 것이다.|||사람들은 사법부를 믿을 수 없다고 말하는 사람들을 보면 자신들이 수천 달러의 세금을 받는 공직자라는 사실을 망각하고 그에 따라 행동한다.|||나는 숨을 죽이고 소름이 돋는 논리를 들었다.|||오늘도 감사했습니다.|||교수님 항상 감사합니다|||사람들은 위헌입니다. 법을 위협하는 자들은 법조 카르텔의 반민주적, 반헌법적, 범죄행위를 모두 쓸어버리고 사법부를 장악하고 민영화하는 만큼 개혁의 대상이다.|||하루를 마무리하며 논 소리를 들으니 마음이 편안해집니다. 내용이 우리를 화나게 하더라도 생각을 정리하는 데 도움이 됩니다. 현재의 문제는 장기적인 싸움이기 때문에 지치지 않고 오래 버티는 것이 중요하므로 그냥 일상생활의 일부로 삼도록 하겠습니다. 논을 오래오래 보관해주세요.|||오늘도 감사합니다|||공정성과 상식에 기반한 올바른 미디어가 널리 알려져야 합니다. 정준희 교수님 같은 분들이 계시다니 정말 큰 위로가 됩니다. 항상 감사합니다.|||정치에는 로맨스가 없습니다. 오직 역사의 심판만이 있을 뿐입니다. 그러나 역사는 승자의 기록이라는 점을 명심해야 하므로 반드시 승자가 되시기 바랍니다.|||오늘도 힘내자|||항상 고마워요",1,1
vHPMOk-4bZE,심사위원에 대한 지귀연의 가슴 뭉클한 말 연합뉴스TV,"판사들이 당신을 어떻게 쳐다보게 만들고 있나요?|||판사. 그들은 판사에 대해 어떻게 생각합니까? 모두 던져보세요.|||노상원은 사령관이 아닌 민간인이다.|||다시 분석하라고 하는데 불평이 나오네요 ㅋㅋㅋ 돈을 절약하고 AI를 사용해 판결을 내리자.|||아, 짜증난다. 귀가 썩어가는 것 같아요.|||지귀연님이 그렇게 만드셨네요 ㅡㅡ|||판사님들은 어떻게 생각하시나요? 현장에서 전하는 지귀연의 가슴 뭉클한 말 연합뉴스TV 연합뉴스TV 이 제목은 누가 지었나요? 내용을 안읽으면 지귀연이 심각한 말을 한거겠죠??? 기자님, 보시면 어느 부분이 가장 심각한가요??? 언론을 가장한 기업의 개혁이 정말 시급합니다.|||×음식|||극우 유튜버급 변호사이자 능지판사|||실패한 반란자들이 낙담하지 않는다면 법원에 분명히 문제가 있는 것이 아닌가? 사람들이 자신만의 단두대를 만들어야 할까요? 어떻게 법정을 그렇게 우스꽝스럽게 만들 수 있습니까? .|||왜, 너한테 보여주지 말았어야 했는데!|||남북전쟁 재판은 화려했다… 재판장은 예능 진행자 같다.|||판사님들은 어떻게 생각하시나요?? 응 넌 아니야|||당신의 재판을 지켜본 후 나는 판사를 조스라고 생각합니다.|||농담 아니었어?|||너 자신을 쉬워보이게 만들었더니 지금은 누구를 가르치고 있는 거지??|||무슨 얘기를 하는 건가요? 나는 그것을 듣고 싶지도 않습니다. 이건 법원 모독 아닌가요?|||무슨 말을 하고 싶은데요? 지귀연씨가 한 말은 판사를 무시해야 하는가가 아니라 공정한 판결을 내릴 것이기 때문에 걱정하지 말라는 것입니다.|||이미지이거 누가 만든거야????? 귀연이의 키자니아 체험을 보며 전국민이 스트레스를 받고 있습니다.|||내란재판소를 설립해선 안 된다는 여론을 끌어내기 위해 지귀연을 정의로운 판사로 내세우려는 연합뉴스의 눈물겨운 노력.|||지입니다!! 노래방인가요? 중학교 졸업생인 나도 너희들을 보면 한심하다.|||다만 지귀연 때문에 사법부에 대한 불신이 더욱 커졌다는 점을 기억해주세요. 정신을 차리고 결정을 내리십시오. 사람들이 지켜보고 있습니다.|||판사님들은 어떻게 생각하시나요?? 수비팀은 심판을 전혀 모르는 것 같죠??|||판사는 지귀연인가?|||지귀연 재판 방송을 보면서 판사님이 얼마나 웃기신지 깨달았습니다. 지귀연 씨가 국민들에게 진실을 알린 것은 매우 의미 있는 일이라고 생각합니다. 우리나라도 재판 결과가 판사의 운이나 의지에 좌우되지 않도록 배심원 제도가 필요하다는 사실을 깨닫게 됐다.",1,1
Q6xI2fgZbyw,"오늘자 통일교 윤영호 추가 폭로 없어, 여야 가리지 않고 조사 연합뉴스TV","여야 모두 공정해야 한다|||통일교에서 돈을 빼돌린 야당 여성 의원들. 조사해서 잡고 집어넣으세요.|||이재명 특검은 통일교와 마찬가지로 여야에 돈을 줬지만, 재명 특검은 여당은 수사하지 않고 야당만 수색했다. 웃긴 건 재명이 특검이라는 사실이다.",0,1
ynCKIg76Qhk,"통일교를 때리던 전재수, 의혹에 충격! 실명까지 포함되어 있나요?! 정말 미쳤어요! 박상규 시사평론가 굿모닝코리아","인터넷TV 신규 가입시 최대 48명, 이동통신사 변경시 최대 30명, 정수기 렌탈시 최대 30명 총 108만원 혜택! 타사보다 혜택이 적을 경우 차액 150% 보장 https abit.ly 89klwr|||가장 무서운 것은 처벌받을 사람들이다. 인간이라고 하는데 정말 대단해요. 사람들은 모두 바보입니다.|||국회를 해산하고 시의원과 구의원도 조사하라.|||국민단체의 일원이 되어 특별수사팀과 함께 특별수사를 진행하세요.|||조사하다|||인민기 특별조사는 국민의 명령이다.|||통일교에서 금품을 받은 사람들을 모두 특검 조사해 주십시오. 특검 수사를 은폐한 사람들을 특별 조사해 주십시오.|||한심한 놈들아.|||특검은 특검을 받아야 한다.|||정치인들은 국민의 세금으로 월급을 받으며 국가와 국민을 위해 일했습니다. 이게 나라인가요? 사람들은 그들을 개와 돼지처럼 대했습니다. 특검을 만들어 연예·종교·카르텔 수사하라.|||통일교회가 해산되면 이신명 더불어민주당도 해산되는 게 맞다. 종교의 자유는 법적으로 보장됩니다.|||나 자신을 너무 자책하고 있는 것 같아요!|||전재수! 이제 시계로 돈을 받는 시대는 언제인가요? 논에 버리지 말고 꼭 점검을 받아보세요.|||법을 어긴 사람이 법을 얘기하고 있다는 게 충격적이다.|||개혁은 이재명부터 시작해야 한다.|||특검, 특검. 통일교회가 돈을 받았다고 하니 통일교회를 해체해야 합니다. 4개 범죄 혐의로 체포|||박상규님, 소중한 리뷰 감사드립니다.|||전재수의 정치는 부산에서 끝났다.|||전재수는 장관 자격이 없다. 그의 정치생명은 끝났다. 특검을 전부 수사해서 체포하라.|||특별조사가 필요하다!!!|||아마도 관련이 없을 수도 있습니다. 돈이 필요합니다.|||한겨레신문이 보도했다. 이제 세상은 제 발로 설 것입니다. 화이팅, 한겨레신문.|||정치인들이 매일 뉴스에 나오는 일들만 생각한다면 나라 발전을 위해 무슨 일을 하겠느냐? 너무 한심해요|||겉과 속이 다른 뻔뻔한 사람들, 이제 종말이 다가왔습니다.|||어디로 가라앉고 있는지",0,1
HrpAI2QkWFk,"뉴스 하이킥 반란 재판, 통일교 게이트, 백해룡 수사… 이동형의 진단은? 이동형, MBC 251210 방송","특수 마약 수사가 필요하다.|||마약수사가 무산됐다는 의혹은 비판할 영역이 아니다.|||마약이 대량으로 도착했다는 사실! 사정은 있는데 처벌받은 사람은 없나요?? 사실!|||청와대에 청원해야 할 것 같습니다. 마약사건 특별수사. 국민이 해야 합니다.|||의심스러운 사건에 대해 수사기관이 수사기관에서 제대로 된 압수수색조차 하지 않고 완전 무죄를 선고하는 것이 가능한 일인가? 난 더 이상 그런 짓 안 해|||특검으로 가야지 검찰에 맡길 수는 없다.|||요점은 인천세관을 통해 수십 킬로미터의 마약이 국내로 들어왔는데, 마약범죄자들이 이 일을 혼자서 했을까?|||댓글이 정상이라 다행이네요. 진실을 숨기려고 한 사람에게 이상한 사람이라는 꼬리표를 붙이려고 합니다.|||이렇게 대량으로 수십 차례 마약이 들어오는 사실을 세관이 몰랐다면 정말 한국 세관에 문제가 있는 것 아닌가?! 그렇다면 관세청 직원과 상사 모두를 처벌하고 징계해야 합니다! 하지만 징계를 받았다는 말은 들어본 적이 없습니다.|||마약사범이 손가락을 몸에 감고 보안검색대를 통과한 사례가 한두 건이 넘는다는 게 말이 된다고 생각하시나요? 수사검사들이 수사하는 척만 하고 제대로 하지 않아서 무죄를 선고받는 것 아닌가?|||실체가 없나요? 그럼 그 약이 세관을 통과하지 못했다는 뜻인가요??|||이동형은 비판받아야 한다.|||이에 대해 특별 조사를 해야 합니다. 양쪽을 모두 덮으려고 합니다. 냄새가 진동한다|||압수한 마약은 밀가루였고, 보도된 CCTV 영상은 복제물이었다?? 확증편향 때문?? 수사팀이 해체되어 강등됐다는 것은 착각인가??|||그럴 필요도 없고, 당시 지목됐던 세관원들이 휴대폰을 교체했다는 게 그 증거다.|||백해룡 조사단은 왜 해체됐나? 조사를 계속한 조직은 왜 아무 것도 발견하지 못했나요? 누가 기본적인 질문에도 대답하지 않고 은폐하려고 합니까?|||이는 국가와 국민의 미래가 달린 마약 문제다. 우리는 그것을 그냥 무시할 수 없습니다. 특검으로 가야한다!!!|||백해룡에게 조사 권한을 부여해야 합니다!|||아니, 마약 수사 내용을 공개하려고 하는데 다들 쉿 소리를 내며 막고 있는 거겠죠? 정말 놀랍다|||어느 날 갑자기 하늘에서 마약이 떨어졌습니다.|||몸에 약을 붙인 채 세관을 통과했다고 들었습니다. 이것은 사실이다. 그게 가능합니까? 누군가 문을 활짝 열어서 들어왔고, 수사 외부의 압력으로 백해용선은 강등됐다!!! 검찰을 믿으시나요? 임은정은 정의로운 척, 검사였다.|||확증편향은 모바일형인거 같은데..|||동형아, 법사위 구성이 너무 강경하다? 와, 말도 안 돼요. 국민이 원하는 게 바로 동형아.|||이건 말도 안 돼요. 확증편향의 증거가 있다고 생각하시나요? 왜 차단하고 있나요?|||들어온 것은 사실이다",1,1
06WLrVc-NL4,"뉴스 하이킥 국민의당 감사위원회 글 한동훈, 사실상 가족으로 확인된 강성필, 김종혁, 박원석, MBC 251209 방송","뉴스하이킥을 응원합니다|||명백히 법을 위반한 이호선, 장동혁이 처벌받았으면 좋겠습니다...|||김종혁 최고위원님, 지지합니다. 나는 당신을 지원합니다. 화이팅. 저는 최곱입니다.|||장 씨와 이호선 씨가 개인정보 보호법 위반 혐의로 피소됐다고 들었습니다.|||장돌이 다리 사이에 매달려 있습니다. 장돌이는 사퇴해야 합니다. 그렇지 않으면 끌려가게 될 것입니다, 국민 여러분.|||이호선, 장동혁을 정당법 위반 및 개인정보법 위반 혐의로 고소합니다.|||장동혁, 이 한심한 작가가 하는 짓은 정말 역겹다. 끝까지 고생하셨습니다. 이제 사그리드에게 불꽃을 아무리 주어도 당신은 끝입니다. 장동혁|||장동혁 고소하자, 불법임에도 불구하고 당원게시판을 읽었다는 이유로 고소하자.|||장동혁 대표는 사퇴해야 한다.|||권순표의 뉴스하이킥이 대단하다.|||윤건리 욕한게 무슨 죄냐? 당신은 모욕을 받을 만한 일을 몇 번이나 했습니까?|||장동혁은 유통기한이 지났으니 버려야 한다.|||불법이면 신고하세요. 장동혁|||장예찬은 어떤 자격을 가지고 있나요??? 국력이 정말 낮습니다.|||장동혁이 끝났다. 질투가 난다면 기술과 부지런함으로 극복하세요. 그리고 내 돈 내놔라, 이 사기꾼아.|||장동혁이 미쳐가고 있다.|||불법이면 신고해야죠 ㅎㅎ 신고도 못 하는 사람들은 그냥 소란을 피우는 거죠. 장동혁과 이호선. 파티원 정보를 읽고 마음대로 시끄럽게 떠드는 게 부끄럽지 않나요?|||MBC 방송을 싫어했는데 앞으로는 패널과 진행자를 자주 봐야겠습니다. 정말 마음에 듭니다. 구독 좋아요.|||장병심은 민주당 현안을 덮고 있을 뿐이다. 권력에 대한 탐욕은 보여줄 것이 없습니다.|||윤건희 비판?? ㅡ 감사패 수여 한동훈이 토크콘서트의 흥에 발작을 일으켰다.|||악당은 장배신에게 끌려가게 된다.|||국짐당은 인간의 생명을 파리 취급하는 무섭고 잔인한 정당이다.|||깜박거리지 않아도 전광훈이 눈치채는데, 너무 깜박거리지 않고 피해만 입힐 뿐이라 날려버려야 한다.|||장동혁, 이호선씨가 게시판에 민원을 접수하셨습니다. 정당법 위반으로 개인정보 보호법에 따라 민원을 제기하세요. 경찰에 신고하세요|||윤석열은 무죄를 선고받아도 정치를 할 수는 없었다.",1,1
15AXcNZuwII,1분 바삭바삭 장동혁 정권 하에서 액셀을 밟은 나경원의 3가지 배경은?,"장동혁은 용을 꿈꿨나요? 소가 웃을 일이군요.. ㅎㅎ 바보되려는 사람들은 분노해야지.. 말도 안 돼요. 그들은 노새처럼 사람들을 바라보고 있습니까?|||두 극우 지도자 모두 사퇴해야 한다.|||보이지 않는 것들은 용의 꿈을 꾼다|||그 새끼들이 판사였던 걸 생각하면 지금은 이상한 판사들이 많아도 이상하지 않다. 진은 반란당의 일원이다.|||놀라운 간장 소스, 장사쿠라|||두 권이 사라지자 경원만 신이 났다 ㅎㅎ|||나라를 강하게 하려면 장동혁과 지도부 전원이 사퇴해야 한다. 정치적 경험을 자랑하는 나경원이 자기 이익을 위해 사는 여자이고 공익은 전혀 없는 여자인 줄은 몰랐다.|||정말 짜증나네요 하하.|||나베파루가 실제로는 반란당의 상대라는 설이 사실인 것 같고,,,그래서 아무런 힘도 없이 설치되고 있는 것 같습니다.,,,|||장동혁, 꿈도 꾸지 마세요. 어떻게 감히?|||두 사람의 공통점도 한동훈과 적이라는 점이다.|||오세훈이 국민의힘이네.. ㅎㅎ|||시장을 장악하고 싶은 사람|||눈도 깜빡이질 않네요 ㅎㅎ 꿈에서 깨네요|||찹찹 오세훈은 싫지만 나경원보다는 오세훈이 낫다.. 그냥 자영업자이지 국회의원은 아니다. 직업을 바꾸세요.|||아 진짜 너무 멋있어|||장동혁은 뭔가 보좌관이 있네 ㅋㅋㅋ 초선ㅋㅋㅋ|||그들은 아마도 큰 범죄를 저지르지 않았을 것입니다.|||정말 다양해요.|||둘이서 눈이 휘둥그레졌어 ㅠ|||미쳤어, 나|||나경원 의원은 극우 기득권의 대표적인 인물이다. 그래도 서울시장이 아닌 나파루로 남을 수 있도록 이번 기회에 열정을 보여줘야 한다. 자신과 가족을 위한 정치를 하는 내란당이 국민을 위한 정치를 하려면 낙동강에 오리알이 있는 이유를 이 기회에 밝혀야 한다.|||판사 장동혁ㅋㅋㅋㅋㅋㅋ|||둘 다 꿈이야|||오창석 서울시장이 되더라도 국력에 투표하지 않겠다!",1,1
9urn2GDFRsc,"국력당 국회앞 천막시위 시작, 장동혁 폭언 2025.12.10","정말 대단하고 놀라운 나라입니다!!! 장동혁, 김민수 화이팅!|||먼저 내부 암덩어리를 잘라내야 합니다..|||나는 장동혁 대표를 지지한다.|||가능한 한 빨리 그들을 추방하십시오. 40명이 아니더라도 국민은 함께합니다.|||우리는 팔악법을 막아야 합니다.",1,0
qxYBiXMBH5A,"법왜곡죄에 대해 핵폭탄 발언을 한 박형명 변호사, 이토록 반짝이는 회의실에 떠오른 건 오로지?... 법왜곡은 누가 결정하는가?","마음이 감동되요|||당신은 정말 대단해요. 화이팅.|||시원한|||정말 놀랍습니다. 자격도 없는 사람들이 하는 방법은 뻔한 것만을 위한 것입니다. 한심하고 비참합니다. 이런 일은 이전에 일어난 적이 없습니다.|||비참하다|||그렇죠 다들 그렇게 생각하는데요.|||엄청난!!!!!!!|||변호사! 멋지네요!|||사람들은 화가 났습니다. 법치를 구하십시오. 평가판을 받으십시오.|||나는 당신을 존경합니다|||맞습니다. 발언 기회가 있는 지도자들은 목소리를 높여 주시기 바랍니다.|||맞습니다. 대부분의 사람들은 동의할 것입니다.|||훌륭한 말입니다!!|||정말 멋지다. 바른소리.|||저는 이 분을 정말 존경합니다. 감사합니다.|||마음이 편해, 거짓말|||이 사람은 옳은 말을 하고 있습니다. 시원한 사이다 발언이 최고네요.|||당신은 최고입니다|||솔직한 말씀 감사드립니다. 거짓은 진실을 이길 수 없습니다. 범죄자들이 엄중한 처벌을 받았으면 좋겠습니다.|||이것이 대다수 국민의 상식이다.|||정신이 맞다면 감사합니다.|||올바른 소리를 들으면 감사해서 눈물이 납니다.|||국민이 분노하는 것은 우리의 피, 땀, 희생이다. 외교적 재난, 외환범죄, 반역, 국제 왕따, 그것은 가짜다.|||널리 알려야지,,,|||당신은 정말 멋지다",0,1
FUbX8-nz_00,"추미애, 우원식에 이어 마이크를 꺼주세요. 국민의힘, 마이크 앞에서 발언 중단…전대미문의 사태에 국민의힘이 분노하고 있다.","속상해서 말문이 막히네요.|||남북 전쟁은 진정한 이중 정당입니다. 완전한 독재국가입니다.|||들어보자. 사람에게도 들을 권리가 있습니다.|||피를 토하고 있어요. 피가 분출되고 있습니다. 나는 이 나라를 지키기 위해 목숨을 걸어야 합니다.|||미쳤어 미쳤어 어떻게 이 나라를 엉망진창으로 만들 수 있습니까?????! !|||국회를 해산하다|||이나라가 미쳐가고 있다.|||우원식은 시간 낭비다. 그런 사람이 국회의장이다. 한숨만 쉬세요. 나온다|||국회의장 인간은 독재자다|||나경원이 최고다. 그녀의 목소리는 내 눈에 눈물을 흘리게 한다.|||우원식 국회의장이요? 그는 이중당의 하인입니다.|||나경원 화이팅|||나경원. !!!! 당신은 진정한 전투기가되고 있습니다. 자유민주주의 마지막 수호자|||완전한 독재|||나라가 미쳐가고 있다 우원식, 어서 나라가 망한다.|||국회법을 좋아하시네요. 국회의장이 바로 그런 사람이다.|||우원식. 왜 말하는 걸 좋아해요? 너희들 법에 대해 이야기하니?|||반란군이란 무엇입니까? 민주당은 반란을 일으키는 정당이다.|||나경원 위원님 말씀이 맞습니다. 입법내전을 일으킨 자들을 심판해보자.|||우원식은 얼마나 떨어져 있나요? 나는 의회 독재가 종식되는 것을 보고 싶다.|||슬픈! 국회해산이 답이다! 우원식은 실망했다. 피를 토하는 나경원 의원을 지지합니다.|||나원경 하이팅|||나경원 의원님 말씀이 맞습니다. 박수 박수.|||우원식 아웃|||안 되는 건 국회의장으로서 국회가 난장판이 되는 거.. 우원식이 발언권을 막는데..",0,1
d7TZNaRprOE,"국민의힘 최수진·우원식, 무한토론회 휴회는 불법…강력히 규탄한다","우원식 국회의장은 내려와서 두 명의 범죄자 이재명을 감옥에 가두어라.|||우원식 특별수사!|||최수진 화이팅 ㅡ입법내전으로 법사위 해체가 답이다 ㅡ공산법. 주범 추미애 서영교 김용민 장경태는 사퇴해야 한다.|||우원식 회장님, 회장직에서 복귀해 주십시오.",0,1
FvU_Xi423YI,계엄령 결정 이유! 일본의 일급비밀문서와 일본통일교인의 이주계획?!,"김건희, 윤석열, 김충식, 최은순, 백해룡, 마약, 무속, 주술, 이재명 특검, 정치, 시사, 계엄령, 일제, 국가 등 열린공감TV는 유튜브 채널 '열린공감TV'를 통해 정치, 시사, 사회, 문화, 국제 이슈를 다룬다. 우리는 YouTube 채널인 Investigative Journal ON을 통해 조사 보도를 전문으로 하고 있습니다. 열공광고정보 https openmindtv.store 광고제휴주문 CS문의 010 2885 3244 마이보험체크 홈페이지 https myinsurance check.com 1800 7917 광고비교직원 전화문의 1670 2571 홈페이지 https abit.ly a9mg0r 후원계좌 우리은행 1005 704 387412 후원계좌 국민은행 787201 04 247879 ARS 후원 1877 0809 1877 9503 해피나눔 https www.ihappynanum.com 나눔B CQ4U04MFOL 페이팔 newix naver.com 구독과 좋아요, 알림설정 부탁드립니다. 좋아요를 누르면 더 많은 시청자들이 시청할 수 있습니다. 채널 회원 가입 https www.youtube.com 채널 UC4y2Jx26qCb7CrSt i5bf1A 가입 newix7700 신고 gmail.com TikTok https www.tiktok.com tv4544? t 8nSXln4C83d r 1 인스타그램 https www.instagram.comofficialopenmindtv 오픈공감TV 영상은 공유 및 소스코드 배포만 허용됩니다.|||정말 열린 공감이 최고예요|||그런 일을 하고도 살아남고자 한다면, 당신은 큰 실수를 하고 있는 것입니다. 역사의 심판으로 정결케 되어야 할 마귀들이다.|||김충식을 조사하라!!! 수고했어, 수고했어!! 화이팅!!|||김충식을 체포하라. 김충식을 체포하라. 김건희. 최은순 구속. 김건희·김충식 구속하라.|||대한민국은 자국민을 학살한 역사가 있기 때문에 처벌이 엄격해야 한다. 꼭 모아야해요!!|||끝없는 죄는 언제 다 드러날까요? 열린공감TV를 지지합니다. 얼마나 힘들었겠습니까? 기운을 내다|||그날 밤 국회를 지켜주신 여러분 덕분에 이 나라는 무너지지 않았습니다. 우리의 자유를 지켜주셔서 감사합니다.|||정말정말 하늘이 도와주셨고, 다시 생각해도 아찔한 시간이었습니다. 국군들은 내전이 종식되는 그날까지 함께 모여 이재명 정부를 도와야 한다.|||나는 열린공감TV를 지지한다!!?|||목숨을 걸고 국회에 가서 북한군에게 저지하라고 방송한 정천수 의원님 정말 대단하고 존경합니다.|||힘내시고 최선을 다하세요!|||심지어 사형도 좋지 않습니다. 사람을 죽일 때도 천천히, 고통스럽게 해야 한다. 많은 사람을 고통스럽게 하는 것에 비하면 단순 사형도 아깝습니다.|||열린 공감이 최고다|||일본과의 연관성을 조사해야 한다!!! 윤석열씨처럼 2023년에 일본에 간 사람들을 생각해보세요!!! 추경호, 김은혜, 최상목, 박진, 김태효, 그들은 왜 일본에 갔는가??|||그것이 사실이라면! 이건 정말 사형에 처해져야 해!|||열린공감TV 정천수 PD와 기자, 스태프들이 목숨을 걸고 취재했지만 운영비는 한푼도 들지 않는다. 매달 정기적인 기부로 열린공감공사를 지켜냅시다. 집단지성의 힘으로 기적을 만들어보자. 종교를 갖고 계신 분들을 위해 열린공감공사와 열린공감 정천수 PD를 위해 임직원들의 건강과 안전, 재정의 안정, 그리고 조국 대한민국을 위해 기도합시다.|||설령 다시 내전에 말려들게 된다면 죽음을 맞이하게 될 것이기 때문에 전혀 생각조차 할 수 없을 것입니다. 사면 없이 무기징역을 선고할 수 있도록 법을 개정해주세요.|||한두 번이 아니라 지속적으로 북한에 드론을 보내 총과 대포, 미사일을 발사하며 전쟁이 일어나기를 바라며 전쟁을 모의한 것이 분명하다. 핵무기를 사용하지 않는 한 한국은 재래식 무기와 군사력에서 월등히 뛰어나기 때문에 북한이 한국을 이기기는 어려울 것 같다. 그러나 쥐가 모여들면 고양이를 물게 된다는 사실을 결코 잊어서는 안 된다. 핵무기를 사용하면 누가 이기고 지는가 무의미해진다. 남북한의 많은 군인과 국민이 죽은 뒤에 일본이 그 곳으로 끌려온다면 일본은 손도 대지 않고 코를 풀지 않고 한반도를 장악할 것입니다. 이것은 단순한 상상이 아닙니다. 계엄령이 실제로 실행되지 않았습니까? 계엄령은 전시되지 않은 이상 실행되어서는 안 됩니다.|||우리나라 최고의 언론이 당신을 지지합니다. 감사합니다.|||탄핵 결정을 다시 봐도 눈물이 난다.|||공감이 열릴 때를 늘 기다리고 있는 80세 구독자입니다. 힘들고 힘들다고 슬퍼하거나 화내지 않을 곳. 당신은 그것이 무엇을 의미하는지 알게 될 것입니다. 쉬운 일은 그만한 가치가 없습니다. 내가 너를 광대한 너로 만들어 주겠다.|||놀라운|||지금도 너무 무섭습니다. 수없이 봤지만 아직도 소름이 돋네요.|||저는 열린공감TV를 늘 응원합니다.",1,1
Ww4ze6K80Gs,"기자수첩 65 청와대 인사도, 정부 관계자도 만나본 적 없는 백해룡이 김 작가를 조국혁신당 비난? 부산민주당 내부의 심각한 내부고발!","3 20 인트로 스킵 임은정, 백해룡, 마약, 조국, 부산민주당, 더불어민주당, 특별검사, 이재명, 정치, 시사, 주간 열린공감TV는 유튜브 채널 열린공감TV를 통해 정치, 시사, 사회, 문화, 국제 이슈를 다룬다. 우리는 YouTube 채널인 Investigative Journal ON을 통해 조사 보도를 전문으로 하고 있습니다. 열공광고정보 https openmindtv.store 광고제휴주문 CS문의 010 2885 3244 마이보험체크 홈페이지 https myinsurance check.com 1800 7917 광고비교직원 전화문의 1670 2571 홈페이지 https abit.ly a9mg0r 후원계좌 우리은행 1005 704 387412 후원계좌 국민은행 787201 04 247879 ARS 후원 1877 0809 1877 9503 해피나눔 https www.ihappynanum.com 나눔B CQ4U04MFOL 페이팔 newix naver.com 구독과 좋아요, 알림설정 부탁드립니다. 좋아요를 누르면 더 많은 시청자들이 시청할 수 있습니다. 채널 회원 가입 https www.youtube.com 채널 UC4y2Jx26qCb7CrSt i5bf1A 가입 newix7700 신고 gmail.com TikTok https www.tiktok.com tv4544? t 8nSXln4C83d r 1 인스타그램 https www.instagram.comofficialopenmindtv 오픈공감TV 영상은 공유 및 소스코드 배포만 허용됩니다.|||세관을 통해 다량의 마약이 유입됐으니 관련 세관검사를 모두 직무유기 혐의로 파면해야 한다는 결론이다.|||신뢰할 수 있고 열린 공감|||백해룡정정을 비롯한 상시 특별수사만이 답이다. 순식간에 공범이 된 합동수사부 관계자들은 이번 사건에서 빠져나가는 것이 국민의 명령이다.|||마약특검은 진실을 철저히 규명하고 정부를 엄벌해야 한다. 열린 공감 모임입니다.|||나는 이 모든 상황의 원인이 마약이라고 믿습니다. 여야를 막론하고 고위 공직자들과 관계자들이 분명 존재한다. 그렇지 않으면 이런 일이 계속되는 것은 의미가 없습니다. 힘내세요, 응원합니다.|||너무 화가 났어요! 마약에 대한 상시 특별수사!!! 나는 그것이 필요하다|||임은정은 전국을 기만하는 사기꾼이자 부패한 검찰의 측근이었다.|||열린공감(Open Empathy)에 대한 진실을 밝히기 위해 나서주셔서 감사합니다. 나는 열린 공감을 지지한다!|||저는 이번 마약 사건도 남북전쟁과 동일하게 처벌되어야 한다고 생각합니다. 이토록 많은 마약이 들어와 우리나라 젊은이들의 정신을 파괴하고, 그들의 영혼까지 빼앗길 것이라고 생각하니 끔찍하다.|||나는 백경정을 믿는다. 귀하의 노고에 감사드리며, 귀하의 일관성을 지지해 주십시오.|||임은정 부장검사님께는 매우 실망스럽습니다. 백해룡, 경정씨를 응원합니다. 힘내세요, 파이팅입니다.|||결국 그 과정에서 임은정 같은 복면을 쓴 검사와 정치인이 드러나게 된다.|||공감을 열어라!!! 당신은 정말 대단해요!!! 힘들고 어려운 일도 많았을 텐데, 인내하고 바르고 바르게 이야기해주셔서 얼마나 감사한지 모릅니다. 뚱뚱한 기자들!! 정말 대단해요|||이 나라는 얼마나 썩었는가? 백경정은 얼마나 멍 들었나? 힘내세요, 대한민국.|||임은정 검사 정신 차려라!|||이로써 임은정 검찰총장이 차기 윤석열임을 알렸다. 윤석열과 오랫동안 소통해온 임은정 검사였다. 나 이렇게 뒤통수 찔리는 걸까? 이렇게는 있을 수 없습니다. 민주당은 깨어나야 한다. 결국 마약특수수사의 명분을 얻었으니 특검을 제대로 임명해 모든 사항을 청산하고 끝까지 범인을 잡아야 한다. 김건희 가족과 세관, 검찰, 경찰을 총공격해 핵심으로 끌어들여 마약 카르텔을 무너뜨려야 한다.|||열린공감을 진심으로 지지합니다. 힘내시길 바랍니다|||열 주세요! 백해룡의 편에 서주세요!|||검사도 일반 공직자와 마찬가지로 일반 징계와 해고를 받아야 한다.|||말도 안 돼요 은정이가 거짓말을 삼키는 것 같아요 ㅠ 화이팅 백해룡|||연루된 사람이 너무 많아 손댈 수 없을 만큼 수사가 철저해지는 것 같은데, 이를 바보로 만드는 사람은 백경정뿐이다.|||마약 관련 특별검사팀을 꾸려 철저히 단속해야 한다. 대량의 마약이 세관을 통과한 만큼 세관뿐만 아니라 관계 검찰 전체가 조사해 철저하게 파기해야 한다. 백경정의 마약 단속은 쉽지 않은 일이다. 검찰이 또 거짓말을 하고 있다.|||레포트노트 정말 맘에 드네요 ㅎㅎ|||저는 백해룡님을 강력히 지지합니다. 임은정이 거짓말에 속았다는 것은 무슨 뜻인가? 옳은 일을 위해 목숨을 바친 백해룡을 비방하지 말고 도와주세요. 임은정씨, 자리에서 쫓겨날까봐 걱정하지 말고 도와주세요.",1,1
tIM4I1TjXw0,역사적 규탄이 먼저다!!,"Title Top 핫크래프트아츠 꼬꼬물2 줄리재판 김건희가 증인으로 소환된다! 백해룡의 반격! 를 클릭하시면 본편을 시청하실 수 있습니다.|||지구 끝까지 마약수사를 파헤쳐보자. 백해룡과 함께 누가 마지막까지 승리할지 지켜보자|||백해룡 정경의 마약 카르텔을 은폐하기 위한 연애 사건 은폐! 조진웅이 소년법을 위반했다. 조선일보 검찰! 인간 새끼들이야! 검찰이 또 사람을 죽인다! 대한민국 국민을 구해주세요! 마약은 사형이다!|||열린공감TV 정천수 PD와 기자, 스태프들이 목숨을 걸고 취재했지만 운영비는 한푼도 들지 않는다. 매달 정기적인 기부로 열린공감공사를 지켜냅시다. 집단지성의 힘으로 기적을 만들어보자. 종교를 갖고 계신 분들을 위해 열린공감공사와 열린공감 정천수 PD를 위해 임직원들의 건강과 안전, 재정의 안정, 그리고 조국 대한민국을 위해 기도합시다.|||천 번 말해도 맞는 말이에요|||반란군을 처벌하기 위한 투표|||지금까지는 보수당이 이런 식으로 국민을 이용하고 있다는 사실을 전혀 몰랐습니다. 저는 정말 정치인들이 정치를 알아서 할 줄 알았습니다. 뉴스에 귀를 기울이지도 않았고, 목소리가 큰 사람의 생각이나 자주 회자되는 말이 사실인지 확인할 생각도 하지 않았습니다. 수십 개의 뉴스 기사를 보아도 자세히 비교하고 분석하지는 않을 것이고, 단어도 어렵기 때문에 자주, 입 밖으로 나오는 키워드로만 끝나게 될 것입니다. 공영 케이블 뉴스를 봐도 어차피 좌파와 우파로 나누어 왜곡된 내용을 뒤섞어 놓는 편이다. 열린공감처럼 잘못된 정보를 바로잡는 언론을 접하지 못했다면 나는 아직도 그것이 사실인지 아닌지 모르고 살았을 것입니다. 또 세간의 이목을 끄는 유튜브 정치 영상에는 주진우 의원이 법사위에 노골적으로 거짓말을 하는 모습이 담겨 있어 도움이 되기도 했다. 그러다가 또 정보를 왜곡해서 구독을 취소했어요. 법과 거짓을 무시하고 있는 보수당을 반박하고, 진실을 널리 알리고 바로잡기 위해 얼마나 많은 노력을 했는지 궁금합니다... 어느 한쪽으로 치우치라는 것이 아니라 최소한 기본은 지키라는 말씀입니다. 부산, 울산, 포항, 강남, 대구, 송파, 광진, 구리 정말 답답하네요. 계엄령을 통과했다면 지금 해결해야 할 내전과 국가적 문제는 무엇일까? 이것이 여야의 단순한 문제가 아니라는 사실을 자각하고 직시할 필요가 있다. 이제 일부 사람들은 내전 종식을 몇몇 정치인들에게 맡기고 일상으로 돌아갔다.|||반미특별위원회에서 완전히 청산했어야 국민의힘이 없었을텐데 건국한 이승만의 악당들 때문에|||이재명 대표님이 모든 걸 하나로 해결하라고 하셨어요! 마약수사에 대한 진실을 밝히라고 하더군요! 국민들의 고통을 잘 아시는군요! 12.3 남북전쟁! 공범자는 사형에 처해진다! 국민 주머니를 비워주는 공직자들! 다 털어주세요! 도둑놈들을 잡아서 재산을 몰수해주세요! 사람들이 아프고 죽어가고 있어요!",1,1
qb8PVDARYOE,징역 15년보다 더 큰 인물 김건희가 기다리고 있다.,"가장 중요한 것은 사면을 없애는 것인데... 이명박을 보라.|||김건희에게 뇌물을 준 사람들은 모두 구속되어야 한다. 김건희란? 김건희에게 뇌물을 주고 그 자리를 차지한 사람들은 모두 잡아서 감옥에 보내 김건희 같은 사람이 다시는 나오지 않게 해야 한다. 김건희 전 재산을 몰수해야 한다. 해외에서 도난당한 자산도 철저하게 수색해 몰수해야 한다. 윤석열과 김건희에게 사형이 선고되지 않는다면 무기징역을 선고해야 한다. 정치검사도 탄핵과 동시에 해산하고, 변호사라도 옷을 벗으면 변호사가 될 ​​수 없도록 법을 만들어야 한다. 사법부도 개혁되어야 한다.|||김씨 부인을 보며 다시 하라고 하더군요.|||양평 수사는 아직 시작도 되지 않았다.|||그들이 거니의 마약을 조사하지 않았다는 게 놀랍습니다.|||김기현 부동산 수사 등은 모두 국고에서 폭로하고 조사해야 한다.|||명신은 요즘 많이 외로워요. 엄마와 동생을 빨리 보내서 가족이 함께 크리스마스를 보낼 수 있도록 하자.|||기현아, 너 이제 나왔어. 당신이 당의 지도자라고 생각하시나요?|||왜 눈을 가리고 있나요? 너무 재밌어요.|||미래 세대는 이 이야기를 할 것이다. 친일팬이 독립기념관 관장이 되고, 계엄운동가가 공명첩 건희에게 뇌물만 주면 인권위원장이 될 수 있던 시절도 있었다. 그들이 해야 할 일은 돈을 쓰는 것뿐이었습니다.|||나는 그들이 자금 흐름을 조사하고 있다고 생각하지 않습니다. 돈의 단위는 매우 커야 합니다.|||부정직한 발언을 하시면 은폐해 드리겠습니다.|||울산 땅을 전부 매입한 것으로 유명합니다. 울산 땅을 다 쓸어버릴 정도라고 하네요.|||특검 기간을 넉넉히 연장해, 충분한 수사를 허락하라!|||2장 찍는게 제일 안좋은줄 알면서 2장찍었습니다.|||파파라치 행태를 넘어 국가적 부담이 크다.|||15년에 시작하니까 조금이라도 나오더라도 30년은 보장되는 거죠. 결론은 무기입니다.|||김건희씨는 공무원이 아니며, 공무원은 아니지만 뇌물범죄에 해당하지 않는다는 결론입니다.|||공산당과 왕권이 군 신분에 관계없이 국가와 국민을 보호하는 민주법을 시행하지 못할 때, 국민대표국회는 탁월한 개혁과 민주화를 이룩해야 한다. 니나노|||털이 없는 카피바라는 정말 대단해요!!|||김건희 눈은 왜 저럴까? ㅋㅋㅋ|||또한 어떤 현금이 주어졌는지 조사해 보세요.|||김기현과 그의 아내는 보기만 해도 쌍둥이처럼 보인다.|||우상호 정성호 안규백은 해고해야지..|||기다리고 계셨나요? 구형. 나머지. 조사. 1년만 곱해도 말이죠. 80세. 거기 생활. 종처. 판사. 감사합니다",1,1
IWM8qBCPkn8,"장동혁·한동훈, 정치 인생 마무리","웃긴건 연말 한동훈 토크콘서트 1,500석이 8분만에 매진되었다는거... 윤석열 팔로워 존재 등등 말도 안되는 일들이 꽤 많네요 ㅠ ㅠ|||패권을 쥐고 있는 동혁의 입장에서 보면 동훈은 반동적이다. 무슨 일이 있어도 동훈은 정치계에서 사라져야 한다.|||정치 초보 한동훈 대표가 당 게시판에 가족을 동원해 당 대표를 비방하는 글을 올렸다. 더도 말고 덜도 말고 딱 한동훈이다.|||한동훈이 원내대표실로 갔더라면 뚜껑을 찾지 못했을 것이다.|||장동혁, 박수, 한동훈, 석열은 바보이고 둘 다 국민의 적이다. 판사와 검사는 정치에 참여해서는 안 된다. 이 사람들에게는 미래를 개혁하는 데 필요한 자질이 없습니다. 나는 남의 등뒤를 파헤치는 것만 잘한다.",1,1
tukJcydbpNg,Speedy Speed ​​Notebook 민주주의를 지키기 위해 최선을 다한 시민,"할 줄 아는 게 술밖에 없는데 권력에 욕심이 너무 많아서 말도 안 되는 짓을 저질렀다. 즉각 사형을 선고하고 처형해 이런 일이 다시는 발생하지 않도록 해야 한다.|||나를 막는 경찰이 너무 화가 났다. 반드시 처벌받도록 합시다.|||그 순간, 한 순간의 망설임도 없이 국회로 향하신 시민 여러분, 진심으로 존경합니다.|||따뜻하고 다정한 한국인은 불의를 용납하지 않는 훌륭하고 건강한 사고방식을 갖추고 있습니다.|||사형은 역사가 반복되는 것을 막을 수 있는 유일한 방법이다.|||무조건 사형입니다. 사형제도가 없기 때문에 사과도 없습니다. 반란군을 근절하세요.|||나치 판사들도 사법부의 권위로 통치했고, 우리 독재 시절에도 판사들이 그랬다. 조희대가 독재법을 포장하고 있다. 123 이날 사법부는 이들을 동정하며 침묵을 지켰다.|||17 24 울어요. 감사합니다, 우리 국민 여러분.|||정말 힘든 일이에요. 대한민국을 지켜주신 국민 여러분께 경의를 표합니다. 민간인을 학살하고 독재를 꿈꾸는 이들을 용서할 수 없습니다. 독재로 가는 길에 동조하는 세력을 모두 용서할 수는 없습니다. 반드시 처벌을 받아야 하고, 시간이 오래 걸리더라도 반드시 처벌을 받아야 합니다. 단 한 사람이라도 용서하면 또 내전이 발발할 수밖에 없다.|||정말 놀랍고 화가 납니다. 그때의 생생한 현장을 담은 이 영상을 많은 분들이 보셨으면 좋겠습니다. 국민이 막지 않았다면 정말 충격적일 것입니다.|||윤건리만 보면 소름이 돋고, 무섭기까지 하다. 두 사람에게 무기징역을 선고해 영원히 외출만 할 수 있게 해주세요. 모든 자산을 압수합니다.|||국민이 지켜냈고, 이재명 정부가 민주주의를 빛나게 해줄 것입니다!|||어찌 그리 겁이 나서 목숨을 걸고 국회에 가서 경찰과 군인들을 막으실 수 있겠습니까? 눈물이 나고 화가 났습니다. 계엄령은 결코 용서되어서는 안 됩니다.|||한국의 민주주의는 국민이 이겼다고 하는데, 이는 반은 맞고 반은 틀리다. 민주주의를 만든 사람이 있고, 민주주의를 무임승차하는 사람이 있기 때문이다.|||윤석열, 김용현 중 일부를 골문까지 보내야 한다. 역사의 동조자들이 완전히 숙청되길 바랍니다. 분명히. 사람들은 그것을 원합니다.|||모든 종류의 부패. 뇌물을 받고 자신에게 반대하는 모든 사람을 죽이려 했던 독재자. 다시는 이런 역사가 반복되지 않기를 바랍니다.|||온 국민이 2024년 12월 3일을 기억하고, 다시는 이런 일이 발생하지 않도록 해야 합니다. 보는 내내 눈물이 나네요. 풀뿌리가 나라를 구했다!!|||계엄령에 가담한 모든 사람들을 철저히 조사하여 이런 일이 다시는 발생하지 않도록 해야 합니다. 이번에도 계속한다면 다음번에는 더욱 엄중한 계엄령이 기다리고 있을 것입니다.|||남북전쟁의 밤에 국회로 달려드는 사람들이 없었다면 우리도 북한처럼 되었을 것이다.|||707특수부대도 몰랐다. 우리는 이것을 그냥 지나쳐서는 안 됩니다. 그러면 모두가 그것을 무시할 것이다. 그들은 엄중히 처벌받아야 합니다. 국회에 와서 의원들을 막아선 것도 사실이다.|||내가 할 수 있는 일은 온라인에서 댓글을 달고 지지하는 것뿐이었다. 모든 분들을 진심으로 존경하고 사랑합니다.|||상식을 뛰어넘는 상황을 저지른 윤건희와 그 동료들, 사회 전반에 퍼지는 국가보다는 개인의 출세를 목표로 하는 반란군과 조력자들. 물론 우리는 나치처럼 이를 근절해야 합니다. 그리고 인명 손실이 없다는 이유만으로 아무것도 하지 않는 것의 이점을 간과해서는 안 됩니다. 이 상황을 절대로 잊어서는 안됩니다. 우리도 독립군처럼 패할 수 있다고 판단하고도 그 자리에 있어준 위대한 인민들에게 감사하고, 독일이나 프랑스처럼 끝까지 응징해야 합니다.|||위대한 조선민족, 민주주의 애국시민|||나는 거리로 나가서 내 모든 것을 바쳤다. 아 나 울고 있어|||시민들이 자발적으로 지켰다.",1,1
cm084UejE9s,"PD수첩, 트럼프 주니어가 한국에서 참석한 행사","당신들은 우리나라를 망치려고 하고 있습니다. 이런 사람들은 국가보안법으로 처벌해야 하는거 아닌가요?|||한국에서 이런 패턴을 만든 조직을 어떻게 해야 할까요?|||극우가 사람들에게 돈을 주고 이런 짓을 하고 있다. 그 중심에는 반란당과 사이비 종교인들이 연루되어 있다.|||큰일이다...|||먼저 입국 심사를 거쳐야 합니다.|||결국 전쟁의 나락으로 떨어질 것 같습니다.|||돈에 미쳐있는데, 우리나라 극우파들도 미쳐있습니다!!|||사실 욕하기도 아까워요. 외국인들은 한국을 얼마나 우호적으로 보나요?|||갈등이 지속되고 극심해지면 무력이 동원된다. 갈등은 피할 수 없으며 전쟁으로까지 확대될 수 있습니다. 권력을 가진 사람들은 반대 세력을 전복시키려는 목적으로 추종자들을 전장으로 보냅니다. 그렇게까지 가면 얻을 게 뭐가 있겠어?|||스스로 생각하고 판단하는 것을 포기하고 무슨 종교인 것처럼 무비판적이고 맹목적으로 믿는 위험한 유형.|||저 미국인들은 왜 우리나라에 와서 그런 짓을 하는 걸까요? 저기 모인 젊은이들을 어떻게 구출하나요? 큰일이다.|||보수 기득권세력의 저항 혁신은 계속해서 빼놓을 수 없어야 합니다. 당신은 개발을 거부하는 기득권의 기생충으로 살려고 노력하는 사회의 초심자입니다.|||그렇게 중국을 비판하고 내전을 위해 중국 용역업체를 이용한다. 북한을 그렇게 비난함으로써 북한을 전쟁으로 몰아가려는 것입니다. 그들은 공산주의를 너무나 싫어해서 중국과 북한을 모두 내전에 끌어들이려고 합니다. 젊은이들이여, 일어나라!|||휴... 이런 조직적인 움직임은 공개해야지...|||한심하다, 한심하다.|||트럼프는 친중 피부과 의사인데 화끈한 짓도 하지 않고 돈만 벌려고 하니 사이비 반역자들에게 끌려다니고 있다.|||극우든 극좌든 극단으로 가는 순간 모든 것이 파괴되고 평화는 사라진다.|||우리가 처리할 테니 여러분 모두 알아서 처리하세요.",1,1
LdAh_174-4E,"박나래 시어머니 논란 확산, 보건복지부 의미심장 발언","우리나라 의료법도 참 비슷한 것 같아요!!|||주사보다 알코올중독 먼저 해결|||의사 선생님, 뭐하세요? 이 둘을 고소하세요.|||이건 말도 안 돼요.|||국가보안법을 폐지하려고 합니다. 지자이밍 탄핵이 답이다 진짜.|||검찰은 많은 사람을 죽이고 있다.|||이제명대통령도 범죄자인데 국민도 그렇고.. 뭔가 불법적인게 있는걸까요...? 계속해서 범죄자들이 나타나면 우리가 할 수 있는 일은 아무것도 없습니다.|||맙소사, 호남산당으로 갑니다!",0,1
DN_Zr1H2vPc,추경호가 주말에 폭발했다! 이게 진짜인가요? 계엄령이 잘됐으면 좋겠다... 추경호의 진심이 최초로 공개된다! 김창현 이은혜 김창현 의창 피겨 탈곡기 추경호 1206 토,"더 이상 시민이 없습니다. 나는 물러서지 않습니다. 사법부. 정신을 차려야 해|||체포돼야 해|||계엄령이 발령되면 국회의원은 국민의 대표로서 국회에 출석해야 한다. 그들은 왜 당 본부에 갑니까? 이는 명백히 법에 위배됩니다. 그날 밤 온 국민이 재판관을 만났습니다. 정치를 하시나요?|||불법 내전이 실패했다면 사형으로 처벌해 국가 기강을 회복해야 한다.|||내란에 가담한 추경호를 즉각 체포해야 한다. 국민의 마음속에는 10년의 정권이 걸려있습니다. 빨리 체포해주세요.|||추경호는 즉각 체포돼 조사를 받아야 한다.|||그 여자는 침착하게 말하고 사실을 철저하게 밝히는데...|||공천비 20억원도 잊어서는 안 된다.|||달성군 공천비 20억원은 어디로 갔나?|||나쁜 놈들 다 털어주세요. 그는 아주 좋은 전문가입니다.|||얌생은 그냥 공무원이었지만 TK는 국회의원이 되어 기득권의 편에서 일했다.|||정말 마음에 듭니다. 상쾌해요.|||추경호는 사익을 위해 나라와 국민을 팔아먹는 전형적인 국권악마다.|||20억 원의 공천비리가 드러날까 봐 시민을 죽음으로 몰아넣은 반란세력은 엄벌에 처해야 한다.|||추경호의 행위가 다툼의 여지가 있다고 주장하는 판사는 계엄령 자체가 위법인지 아닌지에 대해 다툼의 여지가 있다고 주장하고 있다.|||추경호, 윤석열을 기각한 판사들의 얼굴을 공개해주세요|||국력 있는 사람들은 김건희가 한 일을 지지하고 잘했다고 생각하는가? 눈이 멀었다면 상황을 잘 이해하세요.|||내전의 가장 큰 동조자는 합법 카르텔이다. 사법부와 검찰!!|||남북전쟁을 빨리 끝내자.|||과연 우리나라 사법부가 국가범죄자를 이런 식으로 심판하고 있다고 할 수 있을까? 사법개혁이 필요하다|||국회의원의 회비를 인하합니다. 해외 출장. 먼저 판매수수료를 인하하세요.|||인간탈곡자 이유윈 님, 상큼하고 깔끔한 진행이 정말 마음에 듭니다.|||검찰, 언론, 사법부가 모두 개혁될 때까지 싸워야 합니다. 내란당 해산을 지키는 힘, 조희대 법관님!|||독재 정권을 세우기 위해 내전을 일으킨 국민의당은 역사 교과서에서 기억해야 할 비극적이고 무서운 사건이었다. 일제강점기에 나라를 팔아 부를 축적한 자들보다 더 악독한 자들이다. 나라 전체를 상대로 도박을 한 국민의 권력은 반드시 추방되고 죗값을 치러야 한다. 절대 잊지 않을게요!!!!!|||이제 사형 집행에 대해 논의할 때가 왔다고 생각합니다. 반군이 너무 가볍게 생각하는 것 같네요 ㅡㅡ",1,1
WHBFTv2Qg1M,이재명이 화가 났다. 당신은 이것을 할 수 없습니다. 국무회의에서 얼음은 어떻게 되나요? KNN,"동일노동에 대한 임금차별은 인간차별의 시작이다.|||누구도 생각하지 못했던 최저임금..이제 당연한 것처럼 익숙해졌다..|||그렇죠 최저임금은 말 그대로 최저임금인데 그 기준을 맞추려고 노력하는 곳이 너무 많아요. 현물가격으로는 최저임금으로 생활하기가 극히 어려운 것이 사실입니다.|||마지막까지 정말 멋있습니다 통일부장관님. 10년이 지나도 청소노동자의 최저임금은 여전히 ​​생활임금이고, 20년이 지나도 최저임금은 그대로다. 저는 정부청사 직원입니다 ㅎㅎ 정부 욕하지 맙시다.|||요즘은 드라마보다 국무회의가 더 재미있다.|||Jamf, 저는 이런 문제 제기를 정말 좋아해요!!|||공직에서는 더 많이 남용됩니다. 주 15시간이면 일주일을 쉬게 해주기 때문에 14.5시간을 일하게 한다. 정부에서는 4일에 3시간, 1일에 2.5시간을 추가합니다. 민간 기업은 그렇게 하지 않습니다. 맞습니다, 정부는 부도덕합니다.|||이런 말을 하는 대통령은 처음이자 마지막 대통령일지도 모른다.|||정부의 행동이 가끔 일관되지 않기 때문에 이런 모임이 있는 것은 아닐까? 정부는 서로 모르기 때문에 의견 차이가 있는 것 아닌가?... 국무회의는 대화의 장인 것 같다... 부부라도 의견이 다른 경우가 많은데 장관은 어떨까... 여러 가지 사항에 있어서 대통령의 생각과 장관의 생각이 다르기 때문에 정부의 조치가 이리저리 흘러가는 것 같다... 행동지침은 있지만 사실은 너무 광범위하고, 같은 헌법 아래에서도 이렇지도 저렇지도 않다. 해석이 많기 때문에 그런 모임을 통해 격차를 줄이자는 생각인데... 대통령도 장관들이 무슨 생각을 하는지 알고, 장관들도 대통령과 다른 장관들의 생각을 알아야 불일치가 덜할 수 있지 않을까....|||와 청사마다 더 깨끗해지겠네요... 칭찬은 고래도 춤추게 한다고 해서 돈이 많아지면 신나서 더 열심히 일하겠습니다... 최저 잉여 받는 분들을 위해 화이팅!|||그건 정말 사실이에요. 잘했어요.|||제 아들과 아내는 모두 준공무원인데 이잼님 말씀에 100% 동감합니다. 사회악 해결에 정부가 앞장서자! 당신은 정말 대단해요. 살짝 눈물이 나고 목이 막힙니다.|||대단해요 ㅜㅜ|||아... 개인적으로 항상 생각했던 것.. 처음부터 겪어본 사람이라 시야가 확실히 넓네요.|||경험과 느낌, 생각으로만 알 수 있는 모든 것을 이제 이재명 회장은 깊이 알고 있는 것 같다. 그러한 깊은 이해와 개선의 의지가 있어야 이 사회를 바꿀 수 있습니다. 어제 만난 분은 정치에 대해 잘 모른다고 했는데, 보수 유튜버들의 이야기를 듣고 이재명 대통령에 대해 궁금한 점이 많았다고 합니다. 진영마다 각자의 의견이 있어서 무슨 말을 해도 서로 믿지 않을 것이라는 점과, 유튜브에 국정회의의 내용이 많이 올라와 있으니 시간을 내어 처음부터 끝까지 시청해 주시기를 부탁드린다”고 전했다. 토론과 회의에서도 이재명의 진가가 발휘되는 모습을 이번 영상에서도 보실 수 있습니다. 나는 그가 훌륭한 대통령으로 남아 있기를 바랍니다.|||안녕하세요, 대통령님 정말 멋지십니다.|||한마디로 너무 멋있어서 눈물이 난다.|||먼저 국내 시장을 고쳐야 한다. 가장 적은 예산으로 무엇을 하려고 하시나요?|||당신은 지불해야합니다. 살고 있는 집을 임대한다면 그 정도 금액은 특권이다.|||너무 뻔한 말을 하는데 그런 분이 대통령이라니 다행이라는 생각이 듭니다. 상식은 언제부터 일상이 아닌 이상이 되었는가?|||기업에서도 전문인력을 채용해 최저임금만 지급하고... 게다가 인턴십 제도라고 하여 같은 직장에 1년 미만 채용하고 최저임금만 지급한다. 그들은 특히 디자인 분야에서 몇 달 동안 계속해서 고용합니다.|||국민의 삶을 걱정하시는 훌륭한 대통령이십니다.|||판사, 검사, 예식 차량, 사무실 등을 주지 말고 목사에게 집을 주십시오.|||대통령, 민간 부문. 가정어린이집 보육교사의 급여는 근속연수에 관계없이 거의 최저임금 수준입니다. ㅠ|||이재명 정부의 국무회의가 인상적이다.",0,0
nxzXCLd6yME,노상원의 치명적인 실수? 법적 근거 마련 후 계엄령 제정…윤석열 재판 KNN,그러므로. 국민의힘이 총선에서 이기면 계엄령을 법적으로 선포하겠다는 계획을 수첩에 적었습니다. 이는... 1. 계엄령이 계획되어 있다는 뜻입니다. 2. 계엄령 계획을 기록한 노트입니다. 확인되었습니다. 3. 국민의당이 총선에서 이기면 합법화될 것이라는 망상. 4. 국민의당이 계엄령을 도울 것이라는 확신. 와... 이 아이는 정말 현실감이 0이에요. 그는 자기가 무슨 말을 했는지조차 모릅니다. 어떻게 보면 실력의 문제일 수도 있겠네요|||정신적으로 문제가 있는 게 분명합니다.|||이기면 계엄령을 발동할 수 있을까?|||윤석열인가 이놈은 거짓말을 하고 있다.,1,1
bF2b3AsjWPc,"법사위 3부 풀영상 김용민의 충격 폭로, 법사위도 경악... 지금까지 속았다!... 전두환 노태우 할 때! ...","구독과 좋아요. JTV뉴스를 응원해 주세요. 감사합니다|||말만 하지 말고 최고범죄자 조희대, 지귀연, 천대엽을 지금 당장 탄핵하라! 희범인 조희대 지귀연은 명백히 법을 어겼다는 이유로 헌법재판소에서 탄핵을 받게 되고, 천대엽은 국민 모두가 시청한 뒤 차관 후보로 지명된 뒤 말에서 떨어져 눈구멍이 삐었다는 판결 등을 하고 헛소리를 했다는 이유로 국회에서 탄핵을 받게 될 테니 지금 당장 탄핵하라!!|||마약수사도 추진해야 한다! 또 무시하면 그 사람이 범인이다!|||처대엽을 감옥에 보내자. 무슨 말을 하는 거야? 긴 말로 사람들을 혼란스럽게 하고 있지만, 정신을 차리고 들어야 합니다. 신동욱, 닥쳐.|||김학의도 알아보지 못하는 남자!|||천대엽을 수사해야 한다.|||반란당은 세력을 강화하고 있다.|||천대엽·김학, 무죄 판결|||조희대, 천대엽, 지귀연, 신동욱은 남북전쟁 동조자다.|||사실인가요?..김용민 의원님 감사합니다.|||부끄러움도 모르는 신동욱이 입을 열었다.|||나는 국력당의 말을 듣고 싶지도 않습니다.|||마약통관 연루에 대해서는 다 알고 있는데 법무부장관이 그런 짓을 하고 있다. 제대로 된 조사를 해주시기 바랍니다.|||김용민 의원님, 반란세력을 모두 쓸어버리십시오.|||판사님 양심이 토끼같네요 ㅎㅎ|||이재명이 재판을 받고 유죄 판결을 받은 뒤, 윤석열은 곧바로 무죄 판결을 받아 석방돼 쿠데타를 일으키며 나라가 발칵 뒤집히는 악몽을 꾸었다.|||최혁진의 논리는 정말 놀랍다.|||이는 법 개정 내용에 관계없이 위헌 신청을 한다는 뜻인가요? 위헌재판을 신청하지 않아도 괜찮지 않나요?|||전대엽 체포|||천대엽은 태연한 척 하지만 뒤에서는 자신들의 카르텔이 깨질까 봐 걱정하는 것 같아 양심이 사라진 지 오래다.|||천대엽 빠르고 과감하게 말하면 국민들이 이해하지 못할 것 같나요?? 윤석열 때문에 온 국민이 법을 공부했습니다!! 천대협은 사기꾼이다!!|||자발적 무죄, 불변성 유죄, 당신은 누구를 위해, 왜 개혁이라는 이름으로 이 나라의 법치를 그토록 훼손하려고 합니까? 범죄 앞에서도 성역 없이 수사하고 검거한다면 대통령의 법 카드 사용 이력과 세상에 드러난 수많은 의혹에 대해 먼저 조사해야 한다. 뉴스를 보면 마치 지금 북한에 있는 것 같은 두려움이 듭니다. 승인된 무죄, 무죄, 무죄, 유죄. 강한 자만이 살 수 있는 곳은 공산주의 국가나 짐승들이 사는 정글뿐이다. 인간의 이성으로 객관적으로 보십시오.",1,1
ELSE0T6uedU,아닌 것 같은데... 이하상은 빌드업이 안 돼서 말문이 막힌다.,"언제 해야 하나요?|||정말 싸움이군요|||이하상이 말도 안되는 소리를 하고 있다. 와 수준이네...|||변화입니다...|||기본적으로 상대방을 무시하는 거잖아요? 말의 꼬리를 수없이 뜯고 무엇인가 물어보려는 의도, 말투가 더러워요. 살인·강간 피고인들도 피해자들을 변호하면서 조롱한 것으로 보인다.|||이하상님이 던지는 질문이 선도적인 질문 아닌가요?! 나는 대답을 결정하고 그것을 얻을 때까지 계속 묻습니다. 그런 사람이 어떻게 변호사가 되었나요?|||증인에 대한 기본적인 예의는 없습니다.|||변호사 자격증은 확인하셨나요????|||증인이 되어 달라고 부탁하기가 어려웠는데 그 질문이 마음이 아팠어요. 질문하고 싶지 않게 만드는 질문하는 태도|||머리를 친 사람 중에 전광훈이 있나요?? 특검한테 유도심문 하지 말라고 했는데 ㅋㅋㅋ 지고 공개적으로 하더군요ㅋㅋㅋ|||전국 곳곳에 '나는 쓰레기 변호사입니다'라는 광고가 나온다.|||레벨에 관해서는|||그 변호사는 증인을 증인으로 대하지 않고 경범죄자로 생각하는 것 같습니다. 그 변호사는 왜 투옥되지 않습니까? 이 나라 사법부가 왜 이럴까 하는 생각이 든다. 지귀현 씨, 더 잘해주세요. 정말 답답해요.|||변호인 측 증인은 어디에 있었나요? 목격자는 서울에 있었다. 변호사: 홍길동 씨가 부산에서 돼지국밥을 먹었다는 사실을 알고 계셨나요? 증인 홍길동은 누구인가? 서울에서 변호사로 일하셨다고 하더군요. 홍길동을 모르시나요? 이상하지 않나요? 증인 ??????? ...이런 느낌이에요.",1,1
rCuU3Litd7Q,대통령의 단호한 발언…내란 관련자를 특검에 맡기기보다…,"구독과 좋아요. JTV뉴스를 응원해 주세요. 감사합니다|||당신 말이 100배 맞습니다.|||군과 관련된 내전에는 군형법을 적용해야 한다.|||재명님, 화이팅입니다.|||법을 위반한 공직자들은 모두 직위에서 파면하고 엄중히 처벌해 이런 일이 다시는 발생하지 않도록 해야 한다.",1,1
-cqkKIVMM5M,국제적인 당혹감! 감히 이재명을 건드리다니? 미국 기자들에 대한 테러 위협!,"이제 나라가 이렇게 되었습니다. 비참하다.|||불명예, 수치심, 수치심. 국제적 치욕. 세상에 대한 불명예. 글로벌 만세|||이 사람이 이 나라의 최고 통치자입니까? 기자를 보호해야 합니다.|||나라에 무슨 치욕이냐!!!!! 이게 뭔가요!!|||나는 외신기자들을 지지한다. 힘내세요.|||요즘은 한국이다|||민앵커님의 용기에 큰 박수를 보냅니다.|||정말. 당황스럽다. 국가. 무너지고 있어|||국민들이 정신을 차려야 합니다. 이런 통치자를 믿을 수 있습니까?|||뉴스데일리베스트의 용기 있는 펙트 방송에 믿음과 신뢰를 담아 적극적인 지지와 격려를 보내드립니다.|||이 사람은 재판을 받아야합니다. 탄핵하다.|||외신 기자들에게 압박을 가하다보니 국내 기자들은 이미 애완동물이 되어버렸기 때문에 목줄을 묶고 음식을 먹고 조롱할 수밖에 없겠죠? 먹이를 주고 보살펴 주어야 하는 애완견이 되어야 한다는 사실에 감사합니다.|||별 짓 다 하고 있잖아.....|||외신기자님, 세계에 알려주세요.|||대한민국은 간첩이 노골적으로 설치되는 세상이 되었습니다.|||협박을 받고 있는 억울한 기자에 대해 국제사회에 알려주세요. 우리는 이러한 종류의 협박을 국제인권위원회에 신고해야 합니다.|||망한 나라가 됐으니 바로잡아야 한다.|||대한민국 대표 언론입니다. 감사합니다|||뉴스테일베스트 방송 항상 감사드립니다. 나는 당신을 지원합니다.|||그러한 협박자는 신고되고 조사되어야 합니다. 표현의 자유를 억압하는 사람은 헌법 위반으로 징역형을 받아야 한다.|||이재명 압도적 기자, 퓰리처상 후보|||그는 대한민국의 대통령이 아니다.|||항상 좋은 소식 감사드립니다.|||대통령 자격이 없는 자신이 부끄러운지 묻고 싶습니다.|||중국 공산당이 무너져야 부정선거는 끝날 것이다.",0,1
uiJCpeW0qzc,"밥 먹다가 서영교 뼈 때린 곽규택,",서영교에게 보고합니다.|||책상다리를 하고 있는 개들은 개똥도 먹습니다.|||어떻게 부끄러움을 모를 수 있나요?|||삼류국회란 없다. 정말 슬프다.|||야 저 국회의원 좀 없애라 뭐하세요? 그들은 연봉 수억 달러를 받고 있습니다.|||서영교는 목소리만 들어도 화가 난다.|||멧돼지는 먹는 것 외에는 할 수 있는 일이 없습니다.|||뒷부분이 터져있습니다.|||아무리 먹어도 배가 고프다|||코미디는 좋지 않습니다. 국회의원 수를 절반으로 줄입시다. 필요하지 않은 것은 말장난과 모자입니다. 정말 좋다고 하더라고요.|||돼지도 남의 물건을 먹고 훔칩니다.|||레벨에 관해서!!|||국회해산이 답이다.|||돼지는 항상 배고프다|||이제 괜찮아 뻔뻔한 ㅠㅠㅠ|||거짓말의 달인 서영교처럼 인간답게 살자.|||내 말이 혼란스러워요. 밥 사주시면 좋을 것 같아요 ㅡㅎㅎ|||국회를 해산하라!!!|||서영교. 부드럽게 행동하세요. 사람들은 듣기가 어렵다고 생각합니다|||서팔계는 아직도 배고프다.|||서팔계 너무 웃겨|||나는 한심하다|||돼지는 아무리 먹어도 배가 고프다. 그래서 이것저것 또 먹습니다.|||정말 재미있습니다.|||돼지,0,1
E91q0N27H6A,추경호의 증언이 공개됐다!,"이번 방송은 정말 최고입니다. 감사합니다.|||모두들 일어나야 해|||감사합니다|||왜 이런 진실이 지금 나오는 걸까요? 그들은 오래 전에 양심을 선언했어야 했습니다.|||윤석열은 무죄다.|||복원되어야 합니다|||뒤늦은 진실에 피를 토한다.|||복무만이 이 나라가 다시 살 수 있는 유일한 길이다. 윤어게인 킹석열|||윤 총장을 석방하라.|||문형배와 당시 헌법재판소 판사들을 수사조사처에 신고하자.|||두번이나 병근혜 대통령도|||뉴스데일리 최고가 최고입니다!!|||당신 말이 맞아요. 비록 늦더라도 진실은 언제나 승리할 것입니다.|||더 늦기 전에 나라를 정상화해야 한다.|||그렇죠, 범인은 대통령이고 판사는 구치소입니다. 이게 나라야?|||모래 위에 지은 집은 반드시 무너지기 마련이다. 헌법재판소 판사는 역사에 따라 심판받아야 한다. 인생은 뿌린 대로 거두는 것입니다.|||윤회장님! 그는 법과 원칙을 준수하는 훌륭한 대통령이다.|||또 윤! 그게 바로 답입니다. 윤 총장을 석방하라. 윤 총장은 무죄다.|||이 사기를 접어두고 윤석열 총장을 석방하라.|||허위 탄핵은 원천무효|||윤어게인 추경호 의원님이 최고입니다. 윤어게인 만세.|||그렇구나, 나라가 죽었구나. 우리는 그것을 다시 살아나게 해야 합니다. 계엄령이 없었다면 나라가 이렇게 망한 줄도 몰랐을 겁니다.|||민 앵커님, 열정적으로 답변드리겠습니다.|||처음부터 증언했다면 정말 안타깝습니다.|||진실의 끝은 찬란할 것이다!",1,0
dBD063grw4g,"이재명의 돌연 항복, 정청래, 김병기의 깜짝 저녁식사!! 이재명, 충격적인 긴급 특훈! 국회가 대혼란에 빠졌습니다!! 나경원과 우원식이 박살났다! JTBC 통일교 뇌물 특종 전재수, 적발됐지만 강력 부인!!","가짜 방송자는 민형사상 책임을 지게 될 것입니다. 전옥현 안보정책TV를 제외한 모든 방송은 가짜 방송임을 알려드립니다. 예로는 24시간 뉴스 채널 등이 있습니다.|||모범이 되어야 할 국회의원 300명이 어떻게 나라마라를 먹으면서 앞장설 수 있겠는가.|||국회를 해산하라. 국회의원의 목숨을 버리고 검사, 판사가 되겠다는 겁니까?|||한번도 경험하지 못한 나라를 꼭 경험하게 될 것입니다.|||새로운 법을 만들어서요. 판단한다면. 안 잡히면 넌 누구야? 재명에게서. 상환하다|||통일교회에서 뇌물을 받은 사람을 찾아내고 특별조사를 해서 체포해야 합니다.|||통일교로부터 뇌물을 받은 국회의원을 모두 체포하라.|||안보정책앵커님, 현명한 말씀을 지지합니다.|||좌파의 엉터리 국정운영을 나라가 망하기 전에 바로잡아야 한다.|||범죄자만 잡아야 나라가 살아난다.|||나경원 의원님, 국민 여러분을 지지하고 응원합니다.|||진짜 망했으면 좋겠다|||이재명과 정청래의 만남은 두 사람이 함께 일한다는 뜻!|||이재명이 재판을 받다|||종교의 자유. 억압하지 마십시오.|||박사님, 이게 나라라니 정말 한심하네요. 어떤 남자에게 안타까움을 느낍니다.|||통일교회 파이팅!|||현명한 사람은 다 죽었어|||특검은 너무 부당하게 수사하지 말고 이중당 의원들에 대해서도 특별 수사해야 한다.|||오리발을 내밀어도 소용이 없습니다. 녹음되었습니다. 하나도 없나요?|||통일교회는 해산되어야 하고, 돈 받은 정치인은 다 구속되어야 합니다. 통일교회는 기부금을 받습니다. 기부하지 마세요|||국회의장이 이중당원이거나 국회의장인 경우에는 중립을 지켜라.|||중앙선거관리위원회는 민주당을 위한 의석을 만들었습니다. 중앙선거관리위원회가 없어서 이나라바로 갑니다.|||권성동씨도 대통령 탄핵에 일조한 인물이겠죠?|||이 형사 절차와 기소는 쇼가 될 수 있습니다. 이미 시작된 사례들입니다. 이제 지방자치단체가 지시한 것들, 특히 이 범죄기소제도의 증권까지 갖고 있는 김남국은 지방자치단체와 결투를 벌이고 있다.",0,1
DD98XGTJ7L0,"김현지 큰일난다 서울 64.7 보수 74.7 보통 59.8!! 정청래 긴급발언!! 반란 재판소 변호사 협회, 규탄 성명!","김현지 이재명 김혜경 김민석 민주당 특검팀은 탄핵 대상자들을 직각으로 체포해야 한다.|||반란 재판소가 설립되면 수많은 특별 재판소를 거쳐 무수히 많아질 것입니다. 그것은 권력의 논리를 통해 만들어집니다.|||내전이 없는데 내전재판소를 세우는 건가요? 검찰이 내전을 빙자해 대통령 계엄령을 희석했다면 재판 결과를 기다려야 할 것이다.|||법원장 회의에서 회의만 열지 말고 이매무 재판을 재개하세요.|||권력분립 없이는 민주주의도 없습니다.|||김현지의 정체를 공개하는 것은 괜찮은데, 왜 이렇게 숨길 게 많은지 궁금하다.|||김현지 특검, 특검만이 답이다.|||온갖 악법만 만드는 이 사악한 당이 뭐가 그렇게 무서운 겁니까? 악한 법을 만드는 것이 아니라 국민을 위한 심부름을 해야 한다. 국민의 머리 위에 있다는 것은 그들에게 주어진 지위가 아닙니다.|||수사기관의 공보업무를 강화하고, 국가보안법 폐지를 제안한 더불어민주당 의원과 민주당 주요 인사 전원을 조사하라.|||국회 법제사법위원회가 무분별하게 법률을 제정하는 것을 막기 위해서는 심의기구가 필요하다.|||현직 판사를 신뢰하는 시민이 있습니까? 누워있는 판사들|||범죄자들은 ​​나라를 낫게 하는데 법을 무시하는 범죄자 이재명, 김현지, 김혜경은 처벌받아야 한다.|||권력분립으로 인해 대법원장, 헌법재판소장 등 이들은 법조계에서 투표와 정치, 국회에 참여할 수 없다.|||김현은 정체를 밝혀야 한다.|||김현지가 정체를 공개하면 나라가 뒤집어질 것이다.|||김현지. 신분을 밝히지 않습니다. 더. 이상하지 않나요? 인생의 역. 두번째. 자랑스럽게. 밝혀져야 해",0,1
a78VoLyA0W8,"시진핑과 이재명이 깜짝 놀랐다!! 동네언니, 또 스캔들 퍼졌다!! 조진웅, 심야 긴급발언! 폭언한 고려대 장영수교수, 내란재판은 불법이다!!","나는 대한민국의 안보정책 개선을 지지합니다. 사전선거 폐지는 민주주의의 꽃이다.|||김현지를 특검으로 수사한다.|||국가보안법을 폐지한다는 것은 나라를 포기한다는 뜻이다!|||격투, 파괴 리셋코리아|||김현지는 자신이 간첩인지 김정은의 하수인인지조차 분간할 수 없는 상황에서 가짜 대통령의 수장 위에 앉아 국정을 장악하고 있다. 나라 전체가 중국과 북한으로 넘어가는 것 같습니다.|||국가보안법을 폐지하는 것은 절대 불가능하다. 이를 막기 위해서는 국민들이 목숨을 걸어야 합니다.|||국가보안법을 발의한 사람들은 북으로 가십시오. 어떻게 그런 법이 제안될 수 있는지가 큰 문제이다. 나는 국가보안법 제정에 강력히 반대한다.|||그냥 역적 장동혁 지명에 반대해 보세요|||나라가 완전 엉망이 되어버렸네요. 우리는 또 다른 새로운 정부에 투표해야 합니다.|||선거에서 패하는 것이 문제가 아니라 공산당입니다. 왜 나를 내버려두나요?|||그렇죠, 응원합니다. 화이팅. 당신이 말해야 할 것은 목록을 기억하는 것뿐입니다.|||총선에서 28명이 심판해야 한다|||국가보안법은 국가를 보호하는 기초이다. 이 썩은 놈들은 국민의 세금을 먹어치우면서 나라를 망치는 일만 할 뿐입니다. 이런 새끼들이 다시는 국회에 들어갈 수 없다는 걸 국민들이 알아야 한다.|||보안정책, 노고에 감사드립니다.|||김현지를 국정 개입 혐의로 구속 수사한다.|||시진핑이 이재명을 공격했다? 아, 그러면 안 돼요. 시진핑은 이재명이 중국에서 살아남지 못할 인물이라는 사실을 잘 알고 있을 것이다.|||조진웅을 보면 이재명도 내려와 정계를 사퇴해야 하지 않을까?|||국가보안법 폐지론자 민영배 김준혁 윤종혁|||나는 항상 당신을 지원합니다. 화이팅.|||안녕하세요, 만나서 반가워요. 알겠습니다. 수고해 주셔서 감사합니다. 오늘도 변함없이 응원하겠습니다. 충성심, 사랑, 행복.|||김현지의 비밀 부친을 체포하라.|||조진웅은 범인이라기보다 사람에 가깝다..|||그 반대!|||알았어 ㄷㄷ|||이재명 선배님도 비슷해서 따라가는 것 같아요.",0,1
ReJYiSqiWNc,"손흥민이 대박을 터뜨렸습니다!! 이재명이 문제다! 판사들, 대규모 반란! 나경원, 이재명의 사전 선거 캠페인 참여 사실이 공개됩니다!!","가짜 방송자는 민형사상 책임을 지게 될 것입니다. 전옥현 안보정책TV를 제외한 모든 방송은 가짜 방송임을 알려드립니다. 예로는 24시간 뉴스 채널 등이 있습니다.|||트럼프 대통령님, 자유로운 대한민국을 도와주세요.|||대통령은 사전선거에서 재선임됐다. 이는 선거법 위반이다.|||트럼프 대통령. 이재명을 처리해주세요.|||나는 항상 보안정책을 지지한다.|||대장동 재판|||모든 것이 밝혀지면 지네는 죽을 테니, 온 힘을 다해 살아남으려고 노력하고 있지 않나요? 법을 위반해도 살아남을 길이 없기 때문이다. 좋아요.|||중앙선거관리위원회는 믿을만한 기관이 아닙니다.|||그렇다면 이재명은 재판을 받고 엄중한 처벌을 받아야 하는가? 범죄자도 별도로 처벌해야 하는가?|||정청래와 더불어민주당이 이런 일을 과하게 하고 있는 이유는 개념의 기준이 너무 깨져서 그런 행동을 했기 때문이다. 그들은 세상을 기믹으로 해석하지 않는 것처럼, 세상을 어떻게 해석해야 할지 모를 정도로 자기비하의 늪에 빠졌다. 중국산인지 북한산인지 궁금하고 어디로 가는지도 모르겠습니다. 민주당을 반국가세력으로 본다면 정답이 나올 것이다. 그들은 자신의 생명이나 국익을 전혀 고려하지 않습니다. 그들은 정쟁과 탄압을 위해 만들어진 괴물 정당이다.|||이민법원|||법개정을 막아야 합니다.|||그래도 이 미친놈들은 어떻게든 할 수 있지 않을까? 체포해야 하는데 누가 그 일을 할 것인가?|||이미 신문 기사를 통해 알고 있는 내용에 거창한 제목을 붙이지 않기를 바랍니다. 지금은 모두가 정치에 집중하고 있는 만큼, 오늘의 중요한 정치뉴스를 심도 있게 조사해서 발표해 주시면 정말 감사하겠습니다. 매일매일 자주 시청하는 구독자로서 감히 조언을 드리고 있으니 너그러운 양해 부탁드립니다. 애국운동에 열정적으로 참여해주셔서 진심으로 감사드립니다!|||심사위원들이 한 발 늦었습니다. 여당의 정치시간은 빠른 것 같다.|||나는 아직도 돈을 벌고 있다...",0,1
_A2MOmUb754,"민주당 뇌물수수 종합특보! 이재명, 채널A 직통전화 의혹 충격적인 내용!! 충격적인 윤영호, 최후진술!! 뇌물수수 명단 5명 VS 7명의 구체적인 이름이 공개됐다! 당황한 정동영의 충격 발언!!","우리나라 국민은 믿을 수가 없습니다. 정치가 빗나가는 것을 보고도 학자, 학생, 군인, 시민들은 강 건너 불길만 바라보고 있으니 우리나라의 미래가 암울하다.|||돈먹은 정치인들 부끄러워하지 말고 이 사실을 신고하고 특검을 구하고 감옥에 가세요.|||특검도 무능하다. 특검을 구하세요. 국민이 불신하고 있으니 정확한 조사가 이뤄져야 한다.|||윤영호 본부장 재판을 위협하며 거래를 했다는.. 이재명 정부의 전형적인 모습이다.|||한인호 서울법학전문대학원 명예교수님이 남북전쟁에 관해 이야기하는 것을 보고 전화기를 던질 뻔했습니다. 너무 화가 나서 그 사람이 완전 죄악 팬인지 알고 싶었어요.|||장관이 유죄라면 특별 조사를 받아야 한다. 대통령도 죄가 있으면 감옥에 가야 한다.|||직무유기 혐의로 특별 기소|||슬픈 한국..그곳에 가볼까..|||늦은 밤까지 수고해 주셔서 감사합니다. 감사합니다|||늦은 밤에도 수고해 주셔서 감사합니다. 통일교 관련 뉴스를 보니 이씨가 또다시 유체이탈 방식을 사용하고 있는 모습이 보입니다.|||대한민국의 사법제도는 사회주의공산주의국가에서만 볼 수 있는 후진국의 제도이다. 온갖 법회피와 불법 수사, 증거 조작이 일상화됐다. 더욱 심각한 것은 사법부가 이러한 불법 수사와 형량 선고를 공개적으로 방조하고 방조하고 있다는 점이다. 사법부는 더 나쁘고 더 악하다.|||서로 눈치보며 밀고 밀고 있는거 같은데... 전형적인 내로남불 사람들 같네요.|||7인 명단에 누가 있나요?|||통일교회에서 돈 받은 사람들 다 조사해 보세요.|||통일교회는 정치자금의 보고인가? 곶감처럼 쓰이는 걸까요? 천주교회는 문재인의 저수지이기도 하다.|||그냥 이재명 재판을 재개하세요. 부정선거를 밝혀라. 김현지 특검. 민주당을 해산하라.|||한인섭 교수님입니다. 첫 댓글에 이름을 잘못 적어서 다시 보내드립니다.|||요점을 빨리 전달하지 못하게 하는 잔소리가 많습니다. ㅠㅠ|||뉴스가 점점 이상해지고 있습니다.",0,1
72I65rwjBbE,"한동훈이 김건희 특검을 불출석한 이유가 충격적인데, 왜 이제야?","이봉규 의원님, 꾸준히 목소리를 내고 부정선거 근절에 앞장서주셔서 감사드립니다. 힘내세요.|||인간이 얼마나 악할 수 있는지 한동훈에게서 배웠다.|||한동훈과 홍준표가 손을 잡고 영원히 함께 정계을 은퇴한다.|||예상대로 기분이 너무 상쾌해요|||그것을 보고 공개하는 데 왜 그렇게 오랜 시간이 걸렸습니까? 이제 지난 대선의 부정행위를 폭로하고 무효를 선언하라!|||여옥님 건강하세요.|||징글징글 한동훈 9 33|||시대의 명언: 진실은 가발로 가릴 수 없다.|||홍 할아버지 나이|||부도덕도 없고 배은망덕도 없습니다. 한동훈, 윤총장 앞에 무릎 꿇고 중대한 죄 지었다 그럼에도 불구하고 국민은 그를 용서할 수 없습니다.|||홍준표는 정말 이렇게 교활한 사람들에게 부끄러운 일이 아닌가?|||한동훈 이제는 정말 이 일을 끝내야 합니다. 사람들은 더 이상 그의 얼굴을 보고 싶어하지 않습니다.|||빨리 보내자!!|||그 사람은 어떻게 그렇게 자랐나요? 나는 아직도 내 잘못이 무엇인지 모른다. 나는 나의 고대 죄가 나에게 돌아오기를 바랍니다.|||이 악마를 꼭 감옥에 가두세요! 윤 총장과 국가에 반기를 들고 큰 해를 끼친 사악한 반역자! 천국의 형벌!|||구속이 답이다|||좋아요. 만약 한동훈의 신원이 밝혀졌을 때 잘려나갔더라면 탄핵은 없었을 것이다.|||한동훈이 문제인데 국력 자체가 배신이다.|||그때는 고사하고 지금 그것을 옹호했던 자들을 걷어차버리자.|||장동혁 대표님을 진심으로 응원합니다. 반역자, 기회주의자, 공산주의 파괴자는 근절될 것이다!!!!!|||인요한도 마찬가지였다. 우선, 그것은 단지 농담입니다.|||나는 당신을 응원합니다|||한동훈 체포|||오늘의 교훈! 배신자는 즉시 처리되어야 합니다!|||부패한 사람들을 모두 체포하십시오. 윤리위원회에 대한 책임을 집니다.",1,1
0KU-y9yEO7g,다음은 베네수엘라라고 한국은 경고한다. 박순혁,"박 작가님, 오늘도 감사한 마음으로 다시 한번 부탁드립니다.|||박 작가의 영상! 아아아!!! 영상 올려주신 이봉규 선생님, 박 작가님 감사합니다!!! 박작가님과 이봉규선생님님 최고!! 내가 책임질게!!!|||전 세계 부정선거의 주범은 성남동부연합과 중앙선거관리위원회, 중국이다.|||21대 총선 때 파주 지역 유권자 명부에 197세, 153세, 147세 유권자들이 투표한 기록이 있다. 파주시 파주읍에 거주하는 김복순씨(197세)로 추정된다. 2020년에 197세였으니 와우 이제 202세네요!! 그는 순조 23년(1823)에 태어나 헌종, 철종, 고종을 거치며 36년간 일제강점기를 살았다. 이승만 대통령부터 최근 윤석열 대통령까지 모두를 만났다. 참고로 김복순의 나이는 전능한 초헌법기관인 중앙선거관리위원회가 직접 인증한 공식나이이다. 주목할 점은 이번 탄핵 사태로 치러지는 2025년 6월 대선 투표소에 김복순 할머니가 나타날지 큰 관심이 쏠린다는 점이다. 한편, 미국 대선에서 뉴저지의 1700세 할머니가 투표한 이후 일부 전문가들은 김복순이 내년 선거에 쉽게 출마할 것이라고 예측하고 있다.|||공정한 선거는 자유민주주의의 핵심입니다!|||부정선거 공범 청산은 가짜 우익부터 시작해야 한다.|||부정선거, 부정선거, 부정선거가 종식되려면 중국 공산당을 멸망시켜야 한다 ㅡ ㅡFake ㅡ Out ㅡkaㅡ|||윤석열 총장은 더 이상 중국 간첩단 검거를 서슴지 말고 내일 폭로하고 전 세계에 알려야 한다. 그래야 나라가 더 이상 망하지 않습니다. 나라가 완전히 망한 후에 세상에 알린다면 무슨 소용이 있겠습니까?|||말법시대의 현자로 등장하는 동안 당신의 지혜와 통찰력에 감사드립니다.|||중국은 부정선거에 100% 개입했다.|||우리도 언젠가는 부정선거를 알게 될 것입니다.|||맞아요, 찔렸으니까 부정선거라고 했죠.|||저처럼 제가 저지른 범죄가 점차 공개되어 밝혀지면 하루하루 너무 피말리고 불안해서 밥도 못 먹고 당황할 것 같은데 정말 대단해요. 우리 중앙선거관리위원회 가족회사인 다산핸디소프트, 미루시스템, 우체국, 시가, 범죄단체 등 맛있는 음식을 많이 먹습니다. 앞으로는 못 먹을 것 같아요.|||120세 노인들은 518명의 투표 조작 선거를 하게 될 것이 확실하다|||그들은 내정 간섭을 싫어해 한중 우호 증진도 금지했다.|||뼈 때리는 놈이 최고야 젤잼을 써|||이명박은 민주당과 손잡고 박근혜 대통령의 거짓말과 사기 혐의로 탄핵을 주도했고, 맹박은 민주당에 의해 구속되기도 했다. 이것은 사실입니다!|||한국의 부정선거가 곧 드러날 것이다. 잠을 이루지 못한 채 소변을 보는 사람도 있습니다.|||와, 사망자가 26만 명이나 투표했다고요?|||공산당 - 왕후닝 - 선거조작 - - 가짜 - 아웃 - 까 - 부정선거를 숨긴 사람이 범인이다.|||김대중 노무현 노무현 이명박 박근혜 대통령과 부정선거로 당선된 문재인 윤석열 이재명이 이렇다. 죽은 사람은 부관으로 간주되고, 살아 있는 사람은 내란법에 따라 최소한 무기징역을 받아야 한다.",0,1
W2Hw8tcniag,"전직 CIA 요원, 전 세계 선거 부정 시스템 폭로","부정선거 518 특정|||부정할 수 없도록 제도화되었으면 좋겠습니다.|||부정선거, 부정선거, 부정선거, 불법선거는 반드시 밝혀져야 합니다.|||더 많이 밝혀졌으면 좋겠다|||부정선거는 만악의 근원이다! 천박한 도둑 정권을 무너뜨립시다!|||그날 중앙선거관리위원회 훈련센터에서 훈련요원과 기술진이 함께 일한 것으로 알고 있습니다. 윤 총장이 이를 막으려는 것은 옳았다.|||대한민국의 부정선거가 빨리 밝혀져야 한다... 가짜대통령을 빨리 퇴출시켜야 대한민국이 살아남을 수 있다.|||한국선거관리위원회도 같은 조작의 대상이다.|||부정선거, 부정선거, 부정선거가 종식되려면 중국 공산당을 멸망시켜야 한다 ㅡ ㅡFake ㅡ Out ㅡkaㅡ|||트럼프 대통령의 처벌은 다음 달 오산 기지에서 시작될 것이라고 합니다.|||사전투표 폐지. 투표수를 세어보자!!!|||문제는 여론조사기관이 여론조사를 하고 있다는 점이다.|||이 가짜를 빨리 진압해야 합니다. 중앙선거관리위원회는 반드시 폐지되어야 합니다.|||대만의 간단한 투표 시스템이 부럽습니다.|||썩은 미디어 유산을 영원히 미워합시다.|||부정선거를 외면하는 국민의힘 국회의원들 - 퇴출 - 부정선거 답변 -|||복수투표!!! 스탬프를 찍어 투표함에 넣으면 투표도 집계됩니다!|||베네수엘라가 그렇다면 한국은 어떨까? 선거부작기 제조 공장을 짓고 수출까지 한 대한민국은 어떤가? 그래서 해찬은 그것을 믿고 “앞으로 50년 뒤에는 무슨 일이 일어날까?”라고 중얼거렸다.|||마침내 민주당과 중앙선거관리위원회가 선거부정 혐의로 폭로됐다.|||바보야, 문제는 선거부정이라고 했던 뉴욕대학교 교수가 기억난다. 이것을 해결하지 못하면 모든 것이 소용이 없습니다. 이것만 잡으면 정권교체!!!!|||온 세상이 도둑을 키웠습니다.|||전 세계의 선거 사기 카르텔을 제거하세요! 한국도 닥치고 부정선거 조사해야 한다!|||부정선거를 눈감아주고 있는 CIA 참가자들이 누구인지는 누구나 다 안다.|||정의가 실현되기를|||공감하고 지지하고 침묵하는 자 모두가 역사의 협력자요 죄인이라는 것이 분명하게 드러날 것입니다.",0,1
INPW9VTwsgI,우드랜드,"전체 동영상 보기 https youtube.com watch?v OZmWKgaXKPc 기능 sharec|||이것이 특검의 심정이다. 부패의 온상이다. 가능한 한 빨리 조사해야 합니다. 방송해주신 대표님 감사합니다.|||잼버리의 비리를 다시 조사해야 합니다. 다시는 전라도에서 국제대회가 열리지 말아야 한다.|||확신하는. 윤석열 탓을 해라. 사람들. 사실을 알아야합니다.|||Mr. Ground님의 영상 정말 감사드립니다.|||100% 정확하게 설명해주셔서 귀에 쏙쏙 들어오더라구요!! ㅋㅋㅋ|||나도 민주당에 문제가 있다. 내 뇌가 썩었어. 맞는 사실입니다.|||정말 화가 났어요. 부패에는 끝이 없습니다.|||나는 할 말이 없다. 이 썩어빠진 나라가 얼마나 힘들었겠습니까. 윤석열 총장님, 힘내세요.|||이때부터 무안공항 건설 입찰 비리로 이어졌고, 결국 참사로 이어졌는데, 이 모든 것이 그야말로 특검의 최우선 과제다.|||당시 언론은 대통령을 비난만 하다가 상황을 뒤집어 놓았다.|||같은 한국이라 하기엔 사람이 너무 다르다|||진심으로, 왜 그러세요? 넌 늘 피해자로 코스프레하고, 더 나쁜 짓을 저지르잖아.|||ㅋㅋㅋ 설명이 완벽하네요 ㅋㅋ|||김성원은 자유대한민국의 차기 대통령이다. 이런 똑똑하고 현명한 사람이야말로 미래의 청년들이 원하는 모습이다. 대한민국의 미래를 이끌어주세요..|||그런 일이 간과되고 있다는 게 믿어지지 않아요!!|||잼버리는 거의 문제에 봉착했습니다. 정말 훌륭한 일을 하셨습니다, 우리 대통령님.|||진짜... 민주당 지지자들은 언제 깨어날까... 얼마나 눈이 먼지... 가슴이 아프네요...|||그건 정말 사실이에요.|||무안공항 체임베리 사건은 특검을 통해 밝혀져야 한다.|||그럼에도 불구하고 서로 공로상을 주고 있는데 특검을 해야 할 정도로 한심하다.|||모든 것을 조사하세요. 잘못된 재무에 문제가 있는 경우 모든 것을 수집하세요.|||특검은 이렇게 해야 한다.|||잼버리 장면을 보고 화가 났습니다. 잼버리 전라북도 정부 관계자들, 기업들은 진심으로 반성해야 합니다.|||좋아요. 당시 뉴스에서 듣고 당황스러웠지만 왠지 우리나라에서는 무슨 일이 일어나고 있는지, 어떻게 그런 일이 가능할까 하는 생각이 들었습니다. 역시 진실을 밝혀주셔서 감사합니다.",0,1
8aEPono3-YE,이재명이 G7에서 불명예를 안은 이유,"이란을 지지하고 반미, 친중, 북한에 돈을 보내는 대통령을 어느 나라 지도자가 환영하겠는가. ㅋㅋㅋ|||모든 사람!!! 왼쪽, 오른쪽 상관없이요. 국민주권을 침해한 부정선거에 분노하라!!!!|||모든 국민의 얼굴을 화나게 만드는 외교로 인해 자유대한민국의 미래가 정말 걱정됩니다.|||만약 국력 있는 대통령이었다면 이번에 G7의 국가적 지위를 저하시켰다는 이유로 신설법을 통해 탄핵됐을 겁니다 ㅎㅎ.|||일본 총리는 이 범죄를 저지하기 위해 교토식 반전 수법을 사용했다.|||그들이 할 줄 아는 것이라고는 국내에서 거짓말을 선동하는 것뿐이다.|||국민이 그런 사람을 선택한 것이 아니다.|||부끄러움은 국민의 몫이다|||국가의 존엄이 무너지는 소리가 들립니다. 진짜.. 한국은 어때 ㅜㅜ|||알본 이시다 총리의 표정은 역대 최고입니다 ㅋㅋㅋ|||이 사람이 북한에 돈을 보낸 사람인가요? 정말 오셨네요 하하|||언론이 점점 북한화 되어가는 걸 보니 칭찬하지 않을 수 없네요. 언론이 가장 문제다.|||재판은 시장 시절, 투표 부정 행위는 대표 시절, 대선 때였으니 재판 이후 구속되는 게 당연하다.|||Li Chiyiming은 통역사에게 악수를 요청했습니다. 외교의 치욕이자 국가의 치욕이다.|||이것은 큰 문제입니다. 조선의 방위산업은 거의 사라졌다.|||전직 범죄자가 왔다고? 오겠다고 했는데 진짜 왔네요 ㅎㅎ|||어디에 놓아도 부끄럽고 치욕스러운 재타이밍이다..|||유동규 씨가 책을 읽는 걸 본 적이 없어요.|||뜨거운 열기에 부끄러움을 느끼는 것이 국민의 책임인가?|||그 치욕에 정말 부끄럽고 속상합니다.|||언론사들이 다 보도하는 것 좀 보세요 ㅋㅋㅋㅋㅋㅋㅋㅋㅋㅋㅋㅋ 미치겠습니다.|||선출되어서는 안 될 사람이 지도자가 되었다는 사실이 아직도 믿기지 않습니다. 이렇게 무능한 사람이 그런 입장에서 일을 할 수 있다는 게 정말 부끄럽습니다.|||대한민국 국민이라는 사실이 부끄러워졌습니다.|||그런 대우를 받는 게 참신하고 웃기지만, 한편으로는 지도자가 그저 그렇다는 이유로 우리나라도 이런 대우를 받아야 하는 것인지 씁쓸하기도 하다.|||한국으로서는 부끄러운 시간이다.",0,1
uBBZhBgaw6s,중국으로 건너간 흑인요원 명단은 시작에 불과하다.,"풀버전 다시보기 https www.youtube.com 실시간 snWeEP2fRaI?si It6wbDAkeaUj PpO|||이 세상에 스파이가 어디 있습니까? 그런 말을 하는 사람을 의심하세요. 그만큼 많이 있어요|||민주당이 간첩법 개정에 반대하는 데 이토록 힘쓰는 이유.|||그라운드C는 진정한 애국자입니다. 국민을 위한 연설자가 되어주셔서 감사합니다.|||간첩을 공개하지 않는 한국 언론|||아니 정말 심각한데 왜 아직도 사람들이 이렇게 무감각할까요??|||너무 화가 나서 이 말을 듣기가 어렵습니다. 여러분, 광화문으로 나오셔서 힘을 모아주세요. 애국적인 시민.|||박지원이 국정원장에 취임했을 때 우리나라의 정보전쟁은 이미 끝났다.|||지인이 정보부에서 일하는데... 간첩이 너무 많은데 못 잡는다.|||하... 북한을 지지하고 좋아하는 사람들... 이빨이 흔들리네요.|||박지원 국정원장이 참 대단하다. 문씨도 아주 편안한 삶을 살고 있다. 그것이 먼저 포함되어야 합니다.|||방송인은 필요 없습니다. 그랜드C 너무 좋아요. 혜성 같은 남자. 그는 미래의 희망입니다.|||모두가 이것을 알아야합니다|||적국에서 조국을 위해 활동하시다 혹독한 고문과 숭고한 죽음으로 순국하신 애국지사들의 헛된 희생이 되풀이되지 않도록 우리 모두 행동해야 합니다.|||문재인 특검은 대한민국을 구하기 위해 가야 한다.|||그렇죠, 적극적으로 지지합니다. 힘내세요.|||너무 화가 났어요...|||국민이 나서서 국회해산법을 보완할 수 있는 방법은 없을까.|||당신은 당신의 죄에 대한 대가를 지불해야합니다.|||블랙요원 명단을 넘겨 간첩행위를 한 자들은 모두 잡아서 처벌하라!|||한국 사람들은 안전에 무감각해졌습니다. 이런 일은 심각하고 위험합니다. 귀를 닫고 한쪽 귀로 듣고 다른 귀로 듣습니다. 도둑질을 하고 싶으면 짖지도 않아도 된다고 하더라고요. 이것은 큰 문제입니다.|||저는 20대 남자입니다. 나는 당신을 지원합니다.|||오늘 뉴스를 보니... 앞에 설치된 감시 CCTV가 모두 중국에서 실시간으로 볼 수 있도록 설치되어 있었습니다... 너무 충격이었습니다... 나라가 어떤 상황에 처하게 될지 궁금합니다....|||이런 사람이 간첩이라는 본심을 숨기고 5년 동안 나라를 팔아넘겼는데도 감옥에도 안 가고 헛소리만 하고 도망간다는 게 참 놀랍다.|||간첩이 없다고 말하는 사람이 간첩입니다.",0,1
HdkxmpeZMbw,김치 60kg? 이것은 기본입니다.,"우리 남편, 우리 김혜경,|||부인 김장김치를 보면 수유.|||뭐야|||고맙습니다. 항상 응원합니다.|||부인의 모임, 화기애애, 음식문화도 홍보되어 나라가 이제 격을 정돈해 제대로 돌아가고 있는 것 같습니다|||김혜경 부인은 너무 귀엽다.|||우장춘 박사님께 감사드립니다 박사 덕분에 감사드립니다|||감사합니다! 지금 진짜 한국입니다!|||세상이 김치에 푹 빠지기를 기대합니다 ㅎㅎ|||나는 최고로 매우 아름답습니다. 항상 응원합니다|||현재 그대로 자연스러운 분위기|||부인 김치 홍보 대사 매우 친절하고 따뜻하게 잘하고 있군요.|||고마워, 김혜경, 고마워.|||부인은 매우 잘합니다! 언제나 이프 부인은 잘 보고 있습니다. 자랑스럽습니다.|||최선을 다하십시오.|||정말 달콤하고 품격있다!|||해외에서 김치데이가 있는 것은 놀라움입니다.|||김혜경 부인의 부부다움. K김치 외교|||응원 파이팅|||맑음|||이제 나라가 제대로 대통령인 다운나라|||아니, 이재명 대통령의 충성! 울 부인은 왜 이렇게 예쁜 봄의 느낌입니까?|||자랑스러운 우리 아내|||말씀도 매우 깨끗하게 능숙하게 상대를 잘 배려하는 것이 느껴집니다.|||부인",0,0
QnGUCpCf-1g,"풀 버전의 견고한 지방 자치, 강력한 균형 성장 5 극 3 특","단지 병이 되어도, 가만히 있어도 국민은 안심하고 믿으면서 잘 살 수 있습니다. 수집!|||이재명 대통령은 무엇이든 하고 싶다.|||내 대통령|||이재명 대통령에게 영구 집권|||역시! 지방 시대! 이잼턴! 호팅!|||우리 잼통령|||이재명 대통령,|||잼 대통령을 사랑|||응원합니다.|||울잼턴은 정말 자랑스럽습니다. 선진 대한민국 파이팅!!! 오로지 국민들과 국익만을 생각하고 전념하고 계시기 때문에 국민은 감사합니다|||대통령, 존경합니다. 고마워요.|||항상 응원해 주셔서 감사합니다.|||일 중독. 대통령의 건강도 취급하면서 일을 보는 것을 항상 존경하고 응원합니다|||감기에 조심해|||늘 열심히 우리 대통령|||국가와 국민애 이재명 대통령 최고|||지방 건물 불량 건축과 시공에 대한 처벌 강화해 주세요. 지방은 뭐든지 스케줄로 해도 좋을까? 이런 것은 또한 지방의 테세 노리고 불량이 낫지 않는다. 지방 강화하고 있으면 기름끼리끼리 봐 주면서 해먹하는 구조는 안되게 철저하게 봐 주세요. 지방도로도 폭우 한번 오명폭삭 폭삭 그리고 또 덮어쓰기 작업 1년 이내에 누다기 도로가 되기 때문에.|||TV 중계로 공직자가 많이 긴장한 것 같습니다. 많이 준비된 답변을 들을 때마다 이잠님의 효능감이 느껴집니다.|||잼통령 5극 3 특별시대의 파이팅입니다.|||균형발전이 지역산업과 경기발전으로 이어지기를 바라며 이재명 대통령을 응원하고 지지|||잼톤 님의 세계의 끝까지 국민이 지킨다 언제나 건강해져 주세요|||환영합니다.|||대통령의 건강 관리가 잘 진행되고 있습니까? 최선을 다하고 항상 응원합니다.|||극특 잼 대통령을 사랑합니다.|||우리 대통령 대통령에게 왼손잡이 제안이 있습니다.",0,0
mUXxgzTy6b8,시간 표지 사진 기자에게 화난 MBC 박상후,"제대로 말했다.|||초상권 침해로 인해 손대지|||전단 사진사...|||불법 촬영하고 어디를 만지는지 짖는 것을 혼란스럽게 만드는 것은 사실입니까? 박상후|||그럼 왜 찍어?|||때 사인이나 뉴스타파나 시청률이 나오는 것인가?|||당신은 사람입니까? 박상후의 말이 옳다는 것이 증명됐어?|||박상후님 불법촬영해서 큰소리. 똥 남자가 화난|||박상후 부장 파이팅|||사람에게 손을 대는가? 랜더 그렇게 할까 부끄럽다고 생각하는 조금 알고 어른에게, 당신의 초상권 침해, 불법 촬영이 되어 말리는 것은 안 되는가? 이런 부끄러운 영상이라도 올릴 수밖에 없다는 것은 가파르다고 하는 것이야 w|||옛날에 무슨 일이 일어났는지 모르겠지만 현재 정치사회 분야 YouTube 채널 중 박상후 기자 채널이 최고다.|||박상후 기자의 문화혁명이 훨씬 유익하며,|||오, 내가 안에.",0,1
SwQfHZJi_UI,미국 기자의 질문에 동문으로 대답하는 박근혜 대통령,그리고… 진짜…|||후미 부끄러운 것은 우리의 역할입니다.|||신속하게 질문에 왔습니다. 무엇이라고 대답해야 합니다.,1,1
AuXnBq1gKDg,풀비디오 뉴스타파 한상진 기자 안종필 자유미디어상 특별상 수상,뭉클은 항상 지원하고 믿습니다.|||그럴 때 죄송합니다.|||축하합니다. 진짜 기자를 모른다. 뉴스타파의 후원에 참가하도록 합니다.|||뉴스타파 응원하고 있는 한상진|||축하합니다.|||맛에 맞으면 떠오르거나 저주를 따르는 가벼운 말에 흔들리지 마십시오.,1,1
mBq-FvzOLHU,또한 민주정책연구위원 천만원 해외출장 비밀,"어떤 진영이든,|||그래서 누구|||게다가 민주뿐만 아니라 대한민국 전체가 이수준입니다 ㅜㅜㅜ 끔찍한 민도",0,1
_GLRmAmVVts,죄명은 k마두가 되나요? 배승희 뉴스배송,"배승희 변호사 국민의 힘 국회의의 승리되고 다음으로 대표되고 다음으로 보수우파 대통령의 대변인이 되고 다음에 두 번째 자유대혐민국 여성 대통령이 되기에 있어서 하나님이 함께 되면 충분합니다. fighting fighting hallelujah amen|||이재명을 판단해보자.|||최고의 배승희 변호사님 귀한정보로 국민의 가슴을 부풀려주세요. 귀를 열고 잘 듣고 있습니다. 항상 사랑해 주셔서 감사합니다.|||정의의 변호사는 항상 고맙습니다. 오늘도 하얗게하십시오.|||정말 그렇게 하면 좋겠다.|||윤석 열 대통령 석방|||제발... 배승희 변호사 전투...|||지금까지 들었던 뉴스 젤방가운뉴스 이재명 미국행|||정말 기다리는 미국이 이재명을 하루 빨리 압수해 국재법원에 세우기를 바란다.|||배승희!! 9월 하늘청명 9만리의 구멍처럼 데하이트 멀리 날아가는 자유의 여자전사 중 1등!!|||대한민국이 올바른 장소로 돌아갈 수 있도록 하십시오.|||올바른 말씀을 주셔서 감사합니다.|||잘 부탁드립니다.|||배승희 변호사님 옳은 빠른 뉴스|||감사합니다|||말뿐만 아니라, 곧바로 행동으로 실행되면 좋네요.|||멸공!!|||배승희 변호사는 최선을 다하겠습니다.|||장동혁 대표가 바라는 투쟁..배승희 자유우파 애국자! 호팅|||애국심이 강한 배승희 변호사 당신의 정확한 정보 해설 정확한 말씀에 감사드립니다.|||우리 나라에 오면 최선입니다. 기대해도 될까요?|||신속하고 올바른 뉴스를 보내 주셔서 감사합니다. 깨끗한 배, 순희 변호사, 하나님이 축복을 받으십니다. 아멘!!|||제발|||항상 감사합니다.|||어쨌든 공산화는 막아야합니다.",0,1
jpvcDMOwo40,눈치채지 못한 이죄명 배승희 뉴스배송,"미국은 범죄자와 대화하고 싶지 않습니다.|||배승희 변호사는 언제나 고생하고 이 죄의 많은 사건과 이야기를 전해주고 있는 것을 잘 보고 있습니다.|||저자들이 불리한 가츠는 많이 삭제했지만 배승희씨가 프린트해 두고 유익하게 시청합니다|||최고의 변호사는 최고입니다.|||배승희 변호사, 언제나 빠르고 올바른 소식을 보내주셔서 감사합니다!|||최고|||배 대표 파이팅은 항상 응원하고|||나라가 발전해야 하는데 발전하는지 빛만|||배승희 변호사는 매우 고생했습니다.|||윤석 열 대통령님 모든 불법정치탄핵, 헌법정치 파면 등 불법정치 구속 석방하고 정상대통령원 상복귀해야 한다. 국민의 의미|||우리의 예쁜 변호사도 최고의 언제나 응원하고 있습니다. 또 행복한 멋진 한국이 올 때까지|||대한민국이 어째서 이렇게 되었는지, 일찍부터 원하는 세계가 이런 것일까?|||배승희 파이팅|||잘 보았습니다.|||변호사의 건강 관리|||배승희 변호사. 응원합니다! 올바른 뉴스를 볼 수 없었지만 여기에서 볼 수 있습니다.|||아이 쪽에 팔라.이 나라의 국격이 추락하는 것은 날개가 없다.|||고마워요.|||취소 또는 연장. 조건을 걷다|||배승희 변호사 파이팅!|||재재명은 인생이네요.|||최고|||배승희의 칼 비판은 항상 응원|||역시 바찬 최고|||고품질 방송",0,1
l4a99pWTAjI,재판 넘치는 새로운 증거들..!! 배승희 뉴스배송,"변호사, 시원한 뉴스 전달 감사합니다 항상 응원합니다.|||지경재판관 대한민국을 지켜라.|||주님, 한국을 배승희 변호사를 지켜주세요.|||배승희 변호사는 정말 호팅입니다.|||항상 좋은 말씀에 감사드립니다.|||지판사! 국민이보고 있습니다 응원합니다 역사에 남아 있습니다. 한 번만의 삶, 올바른 사람들이 드러납니다.|||잘 작동하는 배승희|||배승희 변호사 감사합니다. 적극적인 응원을 지원합니다.|||배승희 변호사 감사합니다 건강을 조심하세요|||변호사는 항상 명확한 사이다 방송에 감사드립니다. 건강을 조심하십시오.|||거부하는 자가 범인이다!|||배승희 변호사는 얼굴도 예쁘고 우파에게 큰 인물입니다 오늘도 고마워요|||북한에 동준들을 구속 수사하라|||사법부는 이 죄명 재판에 계속하십시오. 서울고등법원 이재권 판사, 파기반송선거법 위반재판 신속하게 해 주십시오.|||국회가 정화되지 않고 대한민국의 미래는 없다|||그 녀석들이 특검임명하면 특검 하나 매나지 국력이 특검 추천할 수 없다면 이재명이 기만을 살려준다.|||배승희 변호사는 매우 시원하게 말할 수 있습니다. 걱정하세요.|||똑똑한 변호사님 멋지다 아멘 맛있는 싸움 감사합니다|||미쳐 돌아가는 대한민국을 반드시 찾아야 합니다.|||윤석 열 대통령!|||문차야산다|||토콤을. 하지만 특별검사는 반드시 야당으로. 선임해야 할|||윤석 열 대통령 무죄다! 일 복귀해야합니다! 이죄명 1당이 내란범이다!|||윤 대통령님이 무죄라고 판결하기를 기도합니다. 무리하게 구속되어 계신윤 대통령을 해방하|||배승희 변호사, 고마워요. 응원하고 있습니다.",1,0
MBT4XkJuHFo,"안뜰 대통령, 쿠팡 사태에 과징금을 강화하고 징벌적 손해배상제를 현실화해야 한다",정보 유출 전에 서영교 쿠팡 간부를 만났는데 이번 사건과 지속성은 없나|||신세계나 롯데가 선두에 서서는 안 돼? 국민이 밀어 넣자!|||쿠팡을 대체하는 회사를 만드세요!!!! 쿠팡 불매!!!!,0,3
fLEtjM-8Tno,"김광일, 박은주, 장원준의 작은 대통령 국가권력범죄","국민이 조심하는 한 그들은 아무것도 두려워하지 않는다.|||하루 빨리 뱀의 눈을 잡고 나라를 사고,|||마치 자신이 자신을 처벌하는 수준을 말하고 있네요. 내란은 없다. 단지, 시험만이 있었을 뿐이다.|||말하는 것이 아니라 대책을 말해주세요.|||이재명 일당, 민주당 본인들이 한 일을 스스로 자복하는 것이다! 이런 것을 가리켜 적반하장이라고 한다.",0,1
ROyXpQ93B5o,"김광일, 박은주, 장원준의 2022년 대선에서 양측에 자금을 조달했다.","안타리 특검 엄벌 조치하라! 이런 인간이 나라를 망치고 있다. 엄벌하고 나라의 정의를 바르게 했으면 좋겠다!|||게다가 민주당은 거짓말이 당의 목표다. 거짓말과 홍보에 목숨을 건 여당!|||아직 돈에 맹목적인 정치가들이 나라를 쓰레기통으로 하고 있는데. 국민을 위한 정치는 개각! 스스로 해를 먹는 범죄 집단,|||통일교의 국력을 따라잡는 것도 민주당의 선동|||가장 어리석은 특검과 민주세력|||사이비의 종교나 돈이 있는 기업이라도, 여기저기 많이 없어져 눈치채고 살고 있었습니다만, 하나님과는 든든한 기분이 있는데, 왜 이런 부끄러움에 싸움하는 것인가. 사거나 푸하하|||맞습니다! 하청 수사법으로 나발루에서 갓!!!! 무슨 일이 일어난다!|||통일교는 종교가 아니지만 문선명의 집단입니다. 특검법에 특검을 만들어야 합니다.",0,1
FbmI12xCcgA,국장 최대 리스크는 누구인가?,"전쟁 중인 나라보다 주식시장이 나쁘다고 합니다 대한민국 지금은 엉망입니다.|||정치가 얼마나 중요한지 한국은 별로 모른다|||경제위에는 언제나 정치!|||2024년 투자 리스트로 브라질이 최하위였지만 한국이 콕에서 3위였다.|||그래도 이재명 정부에서 얼마나 운이 좋은지, 주식으로 사기하면 패가 부끄럽다고 한다.|||9개월 후부터 왔습니다. 대한민국 대통령은 윤석열에서 이재명으로 바뀌었고 지금 코스피는 3700을 돌파했고 삼성은 10만 전자가 코 앞이다.|||주가를 조작하는 사람의 수사도하지 않고 처벌도하지 않지만 주식 투자하는 사람이 어리석다.|||당연하지 않니? 정치사회를 보고 투자하지 않는 기업?|||자원의 분배를 어떻게 하는지가 정치의 존재 이유인데, 정치가 개판이라면 모두 피곤해 버리는 것은 아닐까? 그러니까 정치가 불안한 나라에 투자를 할 이유가 없을 것이다.|||정치가 안정되어야 경제가 성장하기 때문에 국민이 정치에 관심을 가지고 투표를 잘 해야 합니다.|||정치도 망치고 회사 주주에 대한 태도도 망쳤다… 투자할 이유가 없다|||이렇게 만든 것이 그들 무리다! 기득권이라면 거기에 맞는 품위를 보여주어야 하는 돈과 권력에 미친 인간만이 추천해, 빼고 여론 조작질해, 바치 서수인으로 죄 나쁘게 떨어지고 제도까지 손을 보려고 하기 때문에 누구를 원망한다! 그러므로 주님께서는 신경 쓰지 않는 것 같습니다. 내국인 투자자만이 발동동 지경!|||산업의 배치, 장기 투자자가 가지고 있어야 할 관점.|||투표합시다. 하..|||아, 나는 투표를 해야 한다.|||오물을 데려갑니다.|||생각해 보면 그렇습니다. 기업에 투자하기 전에 그 나라의 정치 안전성이 더 우선합니다. 아무리 대단한 TSMC라고 해도 내란중이라면 쉽게 투자할 수 없게|||내란으로 신용이 없어지고, 내란 전에도 주식을 가지고 장난을 알고 있습니다. 그래서 외국인 투자자들은 어디 한국 주식시장을 믿고 투자할까요?|||정치인들은 위대한 국민이니까 어쨌든 웃음 현실을 보고 유일한 분단 국가 주적이 북한이 아닌 상대당이다 www|||국력만 사라지면 주식시장의 날개를 친다.|||한국 정치는 3류다. 지역 감정에 의해 투표하고 당만 보고 투표하고… 바뀔 가능성도 희박.|||우리도 주식투자할 때 그 회사의 CEO 댐댐이 보는데 바로 ㅠ. 일부 국가 지도자를 바꿔야 한다|||한국을 대체하는 나라가 많다ㅠ|||만물 균열 정치 쌍극화가 세계에서 가장 끔찍한 나라이기 때문에 실적이 있어도 주가는 떨어지지 않고, 거기에 북한 문제도 있어|||정확한 코멘트!",1,1
-iUoGreYT4Q,송석희 질문,"현실인식이 늦은 기득권은 언제나 몰락의 길을 걸었다.|||검찰과 언론은 완전히 다른 종족이 된 것 같습니다.|||방송 보고 미디어가 가장 문제인 것으로 나타났습니다.|||정말로 가깝지만 그래도 제일 좋다고 데려온 기자의 인식 수준이 그 정도이므로 기레기라는 말이 왜 생겼는지 아마 죽을 때까지 모를 것이다|||일반 시민인 저도 그 틈을 느꼈다는 게…|||갭이라기보다는 나는 섬멸감을 느꼈다. 뭔가 국민이 무지몽 보고 저널리스트들의 일하는 방법을 니들은 이해할 수 없다. 우리가 이렇게 일하는 것이 문제라고 말하는 바늘이 무지하고 무지한 것을 계속 주지시키는 느낌|||미디어는 다른 세계에 살고|||나도 봤어, 아...|||역시 유시민 대단한 좌절없이 얻은 것을 생각하는 인생의 태도를 존경한다|||그냥 자랑하고 놓아주세요. 망치다|||이미 나온 노출보도에 추가 보도도 할 수 없는 것이 우리에게 정보제공이 오면 보도했을 것입니다 ㅋㅋㅋㅋㅋㅋ|||현직 기자의 자존심을 넘어 오만과 편견으로 가득한 신경질적인 태도를 보면서 방송 중 불편했습니다!|||방송을 보면서 기자가 국민에게 포복하지 마세요.|||화가났다. 보는 중. 그래서 기레기 소리를 듣는 것을 확인하는 것은 매우 좋은 기회였습니다.|||뉴스 소비자가 전부 알고 있는 사실과 현실인식을 현직 저널리스트라는 사람들이 모르는 것이 문제이기 때문에|||잘 모르겠지만, 지금 미디어는 단지 회사이고 기자는 그 회사의 이익을주는 회사원이라고 생각합니다.|||그들은 우리를 무지한 계몽의 대상으로 본다.|||나는 계속 우울이 치밀했지만, 득도의 마음으로 취급하는 작가를 진심으로 대단하다고 느꼈습니다.|||기자가 무엇을 하는지, 의견과 다르다고 말했을 때, 그 표정은 정말 폐가 되었다.|||김희원이라는 한국일보 30년 베테랑이라는 사람을 보면 .. 비판을 비난이라고 생각하고 반론밖에 할 수 없어… 침착하게 토론을 하면 좋지만… 저널리스트라는 사람이 흥분이 나와… 후배들이 왜 모두 이해가 가는 부분이었다. 사람을 보고 보고 완벽하게 모르겠지만… 바람에 오는 불쾌한 에너지는 주위에 두고 싶지 않은 사람의 모습이었다. 네가 못했던 것은……………………………………………………………………………………………………………………………………………… …………………………………………………………………………………………………………………………………………………………………… …………………………………………………………………………………………………………………………………………………………………… ……………………………………………………………………………………………………………………………………………………………………. 모처럼의 모습에 마치 무리는 아이를 보는 듯한 느낌이었다. 미디어는 끝났다. 권력화되고 상업화되었다. 그래도 공공 언론은 정부와 여당, 사유화된 언론의 공격을 받고 있다. 깨진 국민은 끝까지 공공언론을 지지하고 지킬 의무가 있다고 생각한다. 지키지 못하면 그 앞은 국민의 눈과 귀를 멀리 할 것이다.|||썩은 열매는 알고 떨어지는 것입니다. 유시민 작가님은 언제나 응원해 애정합니다!|||그 여성의 저널리스트가 직업이 아니라 어떤 특권 계층이며 방대한 지식인만 말하는 것이 매우 재미있었습니다. 그 이전부터 지금 여권과 대통령실, 검찰에 그렇게 다가줬다면 지금 대한민국은 세계 1등국이었을 것이다.|||중앙일보 출신 김진과 매우 징글 징글하지 않았나요? 개표 방송 때도 그렇고, 갭이야. 전원책, 홍준표도 이들은 서선욱급입니다.|||유시민 작가가 수고하셨습니다. 고마워요.|||기자란 아마 더 권력을 갖게 하려는 집단의 일수도 있기 때문에 윤리의식과 소망감이 더 많아야 한다.",1,1
PLlZ137YkAE,12 8월 정부 6개월 조태임 김준일 내란전속 법원 서완진 조진은 은퇴 논쟁,"12 8월 뉴스쇼 뉴스연구소 정부 6개월 성과간담회 무산이 된 정천레룰 민주, 사법개혁 스피드 전국력에서도 강제추행 의혹 CBS 조태임 기자, 김준일 시사평론가 인터뷰 내란 전속재판부, 위헌 논란 회피하기 위해 필리바|||정말 싫은 생각입니다. 피해자는 미성년 여고생입니다. 피해자의 입장에서 보면 극악한 미성년자 연쇄 강간범입니다. 그렇게 하면 6개월 소년원의 처분이 치안치를 전부 지불했을까요? 그리고 미성년자의 성범죄자가 방송에 그 사실을 숨기고 10년 이상 활동한 것을 용서해야 할 이유가 됩니까? 죄는 가해자가 아니라 피해자의 입장에서 보아야 한다. 고3이므로 관대하게 봐야 하는 것보다 피해자가 미성년자들과 봐주지 않는 것입니다.|||서영주는 당신을 바꿔주세요. 우리는 배우 퇴직을 요구했습니까? 비판하는 것은 자유롭고, 본인이 알고 내려온 것이다. 그런 인간이 그저 살아갈 때까지 뭐라고 말하는 것은 아닐 것입니다. 그러나 적어도 사람들의 우상이 되어서는 안됩니다.|||서영주 씨 가족이 그런 일에 있었던 것 같아요. 내 가족을 강간성 폭행한 사람이 텔레비전에 정의된 사람만 나와서 고통받고 있다고 생각해 보세요. 그런 느낌이 있나요? 용서하는 범죄가 있고 범죄가 없습니다. 그리고 다른 직업은 가지고 있어도 대중 앞에 얼굴이 노출되는 직업은 안된다고 생각합니다.|||조진은 지금도 밝혀져 다행이다. 맡기면 광복절 행사에 국기에 대한 맹세까지 하는 것은 피해자가 참기 어려웠을 것이다.|||민주투사의 인권을 하지 않았다면 정의의 사도인 주먹을 하지 않았다면, 수백억 가까운 돈을 벌고 다시 기회를 준 세상에 베풀어 대답했다면 피해자에게 진심으로 사과와 피해를 보상해 주면 선민의식을 가지고 대중을 가르쳐야 한다.|||ㅋㅋㅋㅋㅋㅋㅋㅋㅋㅋㅋㅋㅋㅋ|||중요한 것은 본인이 과거의 죄를 스스로 고백하고 용서를 구한 것입니다. 물론 죄질도..연쇄강간이니까 극악범죄이니까 용서가 어렵지만, 스스로 용서를 구한 것도 아니고 폭로되었기 때문에 그렇게 은퇴? 이것은 책임지는 자세조차 없는 것입니다. 강간은 그냥 어제? 자신에게 오는 피해는 무서워서 책임이 있고, 사과조차 하지 않는 무책임한 모습은 절대로 용서해서는 안 된다고 생각합니다.|||아니, 단순한 범죄도 아니고 성폭행인데 어떤 청소년기에 갔던 죄를 갖고 이런 말을 하는 서영주는 정기적이냐?|||조두순 씨도 희망을 가지고 아이 가정교사의 꿈을 이룰 수 있도록 용서합시다! 민주당의 만세입니다!|||나는 서영주의 소름 끼치는 피해자의 입장에서 생각을 전혀 하지 않는다.|||서영주는 정말 나쁘다...|||조진은이 징역을 살고 죄값을 입었기 때문에 그 소년 시절의 범죄를 다시 비난하는 것은 맞지 않는다고 생각합니다. 그러나 언제나 대중에게 노출되는 이러한 직업을 가지고 있었던 것은 분명히 문제가 될 것이라고 보고 있습니다. 언제나 미디어를 통해 웃음, 소란, 정의의 모습에 노출되지만, 그것을 보게 되는 피해자의 심정은 어떨까? 아마 지금까지 그때까지 병의 과거를 시험해보고 살았던 사람들도 최근의 정치적 행보와 독립 투사적인 이미지를 취하는 것에 더 이상 참지 못하고 정보 제공을 하게 된 것이 아닐까 생각합니다. 직업의 귀천이 아니겠지만 타인에게 지울 수 없는 상처를 남긴 범죄를 저지른 사람이라면 직업의 종류에 따라 그 자체가 새로운 가해가 될 가능성이 있습니다. 극단적인 예이지만 만약 아동성 폭행범인 조두순이 징역 전원 살아 나와 반성하고 열심히 노력해 텔레비전 유치원 교사가 되어 늘 TV에 나오면 그때도 서영교처럼 말할 수 있을까요? 윤석렬과 내란의 동조세력이 징역 전부 살아 나와 반성했다고 다시 정치를 하면, 치안을 전부 지불했기 때문에 괜찮다고 용인이 가능합니까? 만약 조진은씨가 언론에 자주 노출되는 사람 이외의 일을 열심히 해서 성공했다면 이런 걸 밝혀도 지금과 같은 비난을 받지 않았을 것입니다. 앞서 언급했듯이 정치적 행보가 이 사건의 계기가 되었을지도 모르지만, 이것은 정치적 진영 문제에 몰두해서는 안 된다고 생각됩니다. 어쨌든 조진은은 이런 것이 밝혀진 이상 연예인 생활의 은퇴는 당연하다고 생각됩니다. 그러나 미디어에 노출이 잘 되지 않는 다른 영역에서도 최선을 다해 성공하십시오. 그 때는 나도 박수를 둡니다.|||이재명은 소년공이고 소년범이 아니다.|||서영주 실망이다.|||서영주의 초점은 정말 맞지 않네요. 초점은 자신의 부끄러움을 들었는지 고백했습니까? 어느 정도 성공적인 공인이 되었을 때, 자신의 치부를 고백하면 대중이 이해할 가능성이 높았을 것입니다. 그건 그렇고 요반은 들었어. 그래서 대중이 이해할 가능성이 낮아지는 것입니다.|||서영주씨 조진은에 쓴 피해자가 당신의 딸이나 부인 등 등 가족이라도 조진은 용서할까?|||피해자가 듣는 것은 매우 어렵다고 생각합니다.|||서연주 씨 mbc가 윤석열 바이덴 날면 보도한 것은 한국에 어떤 공익이 있어 보도했을까요? 윤석열 개인이 아니라 국가 자체가 당황한 상황이 되었습니다.|||진보이지만 서영주는 할 수 없습니다.|||이것은 피해자가 힘들고 정보 제공한 것이다.|||서영주, 본인 딸이 강간당했다고 해도 그럴 수 있을까? 살인, 폭력, 힘 모두 좋지만 강간은 안돼. 그러니까 주홍씨를 매달아 다니는 것은 아니다. 열심히! 레스토랑, 비즈니스, 직장으로 이동합니다. 단지 공인으로 텔레비전에 나가지 말라!!!!!피해자가 본다|||승리자는 정말 ..|||엑소연주정치 하지마|||서영주의 우승자인 피해자 앞에서",0,1
z3KFsamDAek,"라이브 뉴스 이재명 공범, 살려 SOS! 2023.12.11","연필도 국가에 해를 끼치면 도태하게 하고 연금도 주어서는 안 된다.|||위증 교사 국회의원 잡을 때 국회의원 당첨 무효|||감사합니다|||트럭이 도로에서 얼마나 위험하고 위협인지 이번에는 유동규 씨를 노린 범행이라고 생각합니다.|||홍준표의 죄는 무엇을 받았는가?|||끝도 끝도 없습니다.|||질 재판 당기는 재판관 명부 공개 국민 이 알 필요 필요 대한민국 에 사는 것을 피한다|||이 죄명은 빨리 구속하고 싶습니다 안전한 나라를보고 싶습니다.|||1차 주행하는 덤프트럭들을 신고하고 벌점을 받고 벌금을 걸어야 합니다. 홍준표, 이준석 철저히 무시하고 관심을 주지 않고 4월 총선에 국민이 보여준다. 민주당 피곤하다.|||홍준표는 정치 인생을 끝내야 한다.|||기사를. 비밀의 길을 가서 누가 만나는지|||신한 수기자, 정말 존경합니다.|||신혜식 대표. 수고하셨습니다. 싸움|||재판을 지루하게 하는 판사는 직무 유기물에 탐구하는 특별한 조치를 취해야 합니다.|||혼카 콜라지조 없음 전 과자|||그 놈을 안아주려는 원희령 장관님… 조심하고 윤정부 성공시켜야 합니까? 지지자를 더 이상 실망시키지 마십시오.|||준수기는 정치 퇴출. 하자. 됩니다 그것도. 성상납. 재조사를 촉구합니다.|||홍 시장, 꼭 봐주세요.|||홍준표를 부탁드립니다! 더 이상 얼굴을 보지 마십시오.|||홍시장 지금 정치를 졸업했을 때 보입니다.|||안전한 국가를 찾으십시오. 위해. ㅉ 이름이. 법정 구속. 하자.|||고장난 벽시계|||법원 내규상 재판은 3개월 이내에 처리하게 되어 있지만, 지금까지의 규정 위반한 자 모두 징계 처분해 주십시오.|||홍준표 중립적인 행동.|||구속이 너무 느립니다. 성가신. 사법부에 대한 불신이 너무 커져갑니다.",0,1
2Qbkp0bJOco,"라이브뉴스원 희현, 한동훈에게 전쟁선언! 2024.07.01","원희령을 응원합니다.|||원희령당 대표로 적극 응원|||맞아|||원희령씨 열심히 응원합니다 파이팅!|||원희령 대신을 맞이해주세요.|||국력 대통령을.|||한동훈 문제를 재일 최초로 만난 신혜식 대표 감사합니다|||철저히 조사해야 한다|||원희령 대신 응원합니다. 상식이 없는 한동훈 끝났다|||원희령 후보는 반드시 당 대표 당선을 위해 보수 우파 단결합시다|||원희령 장관의 국민의 힘|||원희령당 대표는 최선을 다해|||선관위는 헤체해야 한다고 생각|||우파 국민의 한 사람으로서 이번 전당 대회 슬로건을 거부합니다. 유지 보수의 진보. 이것이 이것을 두고 국력을 왼쪽 클릭한다는 의미입니다. 영동훈의 정체성이 왜 슬로건에 녹는가?|||홍 시장의 말에 찬성합니다 앞으로도 좋은 말을 부탁드립니다|||탄핵세력이 한동훈을 받고 있는 것입니다.|||윤석열 대통령이 응원하고|||한동훈은 자격이 없는 사퇴하라! 국력 스파이에 왔다!|||윤상현씨는 통찰력이 대단한 분입니다. 국력당의 주요 자산입니다.|||한동훈! 두번은 없다.|||그래도 우파로 동후니를 지지하는 사람은 정말 이상합니다.|||원희령 후보|||원희령이 반드시 대표가 되어 국민을 살리고 대한민국을 살려주세요.|||고인의 생명을 기원|||샬롬, 홍 시장. .",1,3
0nM9vw_x3Uw,현장 생중계 광화문 천만 총집결! 1230화 탄핵 기각 행진! 2025.03.22,"마이 샌슨 호쿤스 님이 고르게 국민의 각성을 위해 불철주라고 노력해 주셔서 감사합니다.|||여러분 수고하셨습니다 파이팅!!!!!|||감사합니다ㅡ 애국시민 여러분|||신한한이성범 기자 파이팅 덕분에 언제나 응원|||정옥현 국정원 전차장, 신인균국방TV, 군사TV 대표,|||광화문 1000만ㅡㅡ 파이팅 한국 수정|||가짜 회원 민주당 목록 이재명 생선기구 위성 공임성 이흥기|||전국 동시 다발의 산불의 나무도 살아있는 생명입니다.|||신인균.|||2000명의 국민기자단의 굿 아이디어 기사가 채용되면 원고료를 받고 기사를 사용하는 쪽도 부담없이 매우 좋다고 생각합니다.|||대통령의 각하를 위해 모여 모이면|||광화문 애국자의 국민대회를 응원합니다 마지막 승리를 줄 것이라고 믿습니다|||탄핵각하 탄핵각각하 탄핵각하 탄핵각각하 탄핵각각하 탄핵각각하|||대표자 파이팅|||애국 시민이 나라를 살린다|||문현바 마운혁은 곧바로 거절|||감사합니다 승리는 우리입니다.|||탄핵은 정답이며, 기각도 좋지만, 각하는 정답이다.|||불법 탄핵 사기 탄핵|||전국의 산불은 절대 우연이 아님",0,1
59QOtw7tdoU,"모두가 기다리고 있던 뉴스가 폭발한 지기영이 말했고,","엉덩이를 데려 가지 마라. 이미 조사를 받아야 하는 인간입니다.|||판사는 정상이 아닙니다. 재판은 엉망이되어 판결 계획을 사적으로 흘려 다니고 정말 사법부가 정상이 아니다.|||끝까지 두고 봐야 합니다. 풀어서는 안됩니다.|||사법개혁을 막기 위한 수고에 속지 않고 민주당은 신속하게 진행한다.|||국민은 절대로 다른 사람들 사법부 등 믿지 마십시오.|||풀어준 놈을 믿는다고? 내란재판부는 흔들리지 않고 추진하라.|||대법원 원장 탄핵! 촉구!|||지금도 내란은 진행중이며, 그 내란범은 조희대 천대엽 배현원 서석호박 성재심 우정추 진우 지울연등법 경지인 면수심 사기죄인판, 검사내란범을 즉시 최고형의 엄벌로 처벌하고,|||맞습니다. 한국에서 악의 축은 친일파와 거짓 보수와 돈을 먹는 판사 검사 미디어군요...|||내란 재판을 멈추려는 수작업|||나는 사형인가?|||방심은 금물|||그런 녀석이 시간 계산으로 풀어 줄까!|||절대로 믿지 말아야 할 근본은 없습니다.|||끝날 때까지는 결코 믿지 마십시오.|||법 콜라지에 더 이상 시간을 들이지 않고,|||끝까지 믿을 수 없습니다.|||정치검찰, 정치재판관이 모두 깨면 탄핵시켜야 한다. 지금도 내란이 계속되고 있다. 내란의 척도로 국가의 의의를 세워야 한다|||법과 원칙으로 판결이 계속되는 기각지귀련을 어떻게 믿는가|||아니 지금 박나레, 조진은 캐비닛을 열고 있는 것을 보면 정말 무언가 큰 것을 숨기고 있다고 느껴진다.|||아무리 봐도 그 사람 이중 중첩인 것 같다. 믿는 놈을 믿어야 한다.|||지경의 말은 믿을 수 없어..|||조희대경용|||정의를 말한 윤이 뭘 했는지 보세요... 성철 소장|||10석은 애호가가 아닌 가스 조명이 되었다.",1,1
ygKCuYr-H1E,준진진윤까지 윤석열과 결별 기류,선거에 가면 머리가 복잡해질 것입니다.|||선거철 보기|||나경원을 보자|||선거철|||선거철이 다가오면서|||조심해야합니다.|||그물이 그물이야 ㅡ. 결별하면 보실 수 있다|||또 인출 타임인가?..|||그들은 땅의 좋은 쪽으로 가거나 오기 때문에 즉시 해체하십시오.|||지금 올거야?,1,1
vijKxXorpGs,이재명 대통령의 귀여운 포즈?,모직 대통령의 그릇을 사랑 해요.|||우리 점프 귀여운|||민주당....만 정치하자.,0,0
HQfuAmvu3iQ,유시민,"낭만적 인 이재명 머리는 냉철하고 가슴은 따뜻한 이재명 의원에게 적극적으로 지원|||유머도 레벨급의 우리의 재명이 유쾌한 재명을 사랑하게 되었습니다.|||진짜 이재명을 사랑할 수밖에 없다|||신선함은 매우 멋지|||유시민 작가 남자의 필기를 쓰고 있다.|||유작가의 표정ㅋㅋㅋㅋㅋㅋㅋㅋㅋㅋㅋㅋㅋ|||싸이월드 갱슨의 성장|||3분도 사랑스럽다. 자랑스럽습니다.|||와우, 이재명 사랑받는 국민이 될 것입니다.|||아!!!! 이 멋진 문구도 멋지고 사랑스럽고 능력이 있고 모든 것을 갖춘 우리의 차기 대통령 호팅입니다!|||이재명 의원님 어려운 환경에서도 그런 엄마에게 사랑을 많이 받으니 언제나 사람이 많은 편이군요|||이재명의 예쁜 팝, 장난기 넘치는 비비의 미소개구가 싸우는 칼, 뜨거운 가슴을 가진 진짜 노동자!|||마음대로 건너면 사랑해 버리는 유시민 작가님 사랑합니다|||그 오랜 광기가 검찰과 기득권의 온갖 공작과 모략과 모함을 전신으로 받은 분, 이재명님을 아주 좋아합니다.|||작가가 죽으면 그랬습니까?|||문통에는 의지하고 싶은 정치가라면 이재명 대표는 친구 같은 정치가인 어깨를 두드려 한 걸음씩 함께 걷고 싶은 말을 되찾아 봅시다.|||나도 사랑해.|||ㅋㅋㅋㅋ|||유쾌한 김오준은 좋네요.|||나도 이미 빠져 버린 것을. 이재명|||유시민의 표정은 이미 이재명에 빠진 표정이다. 웃음|||이것은 한마디... 성남시장이 떨어지고 그 시기였기 때문에|||이재명 진짜 모든 대통령!|||매우 귀엽고 귀엽다.|||진짜 인제입니다. 내가 보는 눈이 보통이 아니에요 매우 감수성이 풍부합니다. 진짜 초오는 완전한 남자입니다.",0,0
LSyntWYQ980,"김오준의 다스보더 249회 한동훈 vs 정봉주, 검찰의 부름, 50억 시칠리","판 검사 출신의 정치 금지! 부디 법안 추진해 주세요.|||쑥이 있는 정세현 장관... 이 시대의 정말 어른입니다. 나도 읽도록 하겠습니다. 항상 건강하십시오.|||검찰독재로 끝나는 분은 이재명뿐입니다 이재명 대표의 끝까지 응원합니다|||정세현 장관. 존경합니다. 책을 구입했습니다. 열심히 읽고 세상을 보는 시야를 넓히세요|||내 유일한 낙서는 겸손하고 어렵습니다.|||국민의 힘을 40대나 지지한다고 믿을 수 없는… 사람도 아닌 그들은…|||김오준 총수 감사합니다.|||조국 일가는 어떤 누구보다 유쾌합니다!|||이재명 조국의 예쁜 인생 인정한다! 본도사 한 번 출연시켜주세요.|||총선거 승리! 정의는 우리가 서자!|||이재명 대표를 지키지 않으면 이재명 대통령이 아니면 대한민국이 정상으로 돌아갑니다!|||리아님 감사합니다.|||다음 총선거에서 완승하여 검사정치금지헌법 개정을 반드시 해야 합니다!|||검찰은 끊임없이 정치할 수 없도록 법을 만들어야 한다.|||추운 곳에서 대표를 응원해 주신 동료 여러분, 감사합니다. 먹고 사는 것이 힘들기 때문에 함께하지는 않지만, 내 마음은 동료 여러분과 함께하고 있습니다! 대표자가 힘든 조사를 받고 나올 때, 외롭지 않고 밖에서 응원해 주셔서 기다려 준 동지 여러분 사랑합니다|||곽산드 50억 사건을 담당한 검사, 판사들의 이름이 길의 역사에 남아 있기를 바랍니다.|||이재명 민주당 대표 반드시 이재명 대통령을 하자!!!!|||부패한 판사는 산악에서 껍질을 벗기고 판사석 양탄자로 하여 후임 판사들에게 부정부패에 대한 경계심을 불러 일으켜야 하는 페르시아왕 캄비세스가 한 것처럼!|||곽산도 아들은 50억을 받는데 무죄다! 정말 어리석은 더 이상 말이 없습니다!|||한 공무원이 그 책을 다하고 나머지 인생에서도 국가를 위해 올바른 이야기를 담은 것 같아요.|||다스보이다 파이팅!|||정세현 장관, 5권을 샀다. 감사합니다. 주위에 선물하고 싶은 책을 써 주셔서 감사합니다. 장관, 오랫동안 괜찮습니다. 어른에게 위로할 수 있는 1명 올립니다. 감사합니다.|||조국 교수의 가족 전원을 사랑|||경제가 망가져 서민의 생활이 무너지는데 너무 늦지 않도록 이 폭정이 끝나면 좋네요. 하나님이 있으면 천벌을 받는 것을…|||겸손과 대회 시청은 민주 시민의 의무! 구독과 장점은 당연한 의리!",1,1
s-6__aT9V5k,장경테트라우마,사실은 없습니다.|||완전히 미친|||만진 놈이 외상이 되면… 피해자는?|||즉시 거절|||최근 범죄자는 외상이 남아 있습니다.|||그 녀석들은 혼자 부끄러울까?|||피해자의 외상은? 먼저 인간이 되십시오.|||감옥에 외상 전문 치료사 도입|||케이크는 무슨 미친|||가해자 외상까지 걱정하십시오.|||그 사람 몰라? ? 힘에 취해 아직 말할 수 없어??|||장경태가 실태를 받고 있다면|||그만큼 가해자에 대한 무감각한 도덕성. 인간이 부족하기 때문에 자기 피해 의식만 남아 있네요.|||하지만 왜 내가 희생자라고 생각합니까? 그놈의 힘은 무엇입니까?|||진짜 웃음입니다.|||그렇게 부끄럽기 때문에 최선을 다할 것입니다.|||민주당은 시간을 끄는 여론|||장경태의 마음을 빼앗아 퇴출시키십시오.|||범죄자가 큰소리로 외치는 세상은 범죄자입니다.|||사이코 패스 같은 녀석! 나는 남자다!|||국민이 트라우마다|||가해자가 외상?|||가해자가 외상에 남는 대한민국 ㄷㄷㄷㄷ|||이것은 피해 소송입니다.|||정말 당당하다면 그렇게 부끄러워서 자숙할 것이다.,0,1
MzNa8K_D0YQ,추미에 내란법원 위헌은 아니지만 민주당은 너무 쫓아 채널 A뉴스 TOP 10,"이 사람은 재판관이었던 것이 흥미 롭습니다.|||완전히 미쳤다.|||위원장 자격 미달|||주씨를 보는 것만으로도 폐입니다.|||ㅇ 의장 자체가 중립이 아니라 불법인 편파적인 의장 거절|||아들 병역 논쟁 재판부 만든다면 무엇 그것도 위헌이 아닌가?|||이것 정도라면 병인지 확인해 보면 안됩니다.|||김현지는 누구인가?|||ㅋㅋㅋㅋ|||끔찍하다ㅡㅡ|||상식이 무너진 것이 나라를 망치게 한다. 미친 나라|||정치인은 정치뿐입니다.|||보상의 여왕!|||그렇게 많은 법학학자, 사법부에서 위헌이라고 말해 일어났지만, 그 말은 걍 우리가 법이다.|||국회의장의 자격 상실|||그 얼굴을 보면. 당신이 보고 있다고 생각합니다.|||위헌은 맞습니다.|||틀린 신념이 이렇게 무서워요. 내가 지금 무엇을 하고 있는지 모르는 치매|||추미에 그 사람은 위헌이 무엇이라고는 알고 있는가?|||우원식 뭐. 인사하지 않으면 인격에 관한 문제 어떻게 소란이 더 격락한다. 인사를 받아 존경받는 행위를 하십시오. 먼저 말하지 않아도 두 번씩 인사를 받는 날이 있을 것이다.|||이 위원의 인사는 인사가 원하는 판결이 나오야 정상적인 판결이라고 합니다. 조선시대의 예의를 구하지 말라.|||한번 해보면 , , , 어떤 결과가 나오는지 밝혀 봅시다 , , , , 그리고 나서 또 어떤 나비 효과가 나오는지|||왜 그렇게 판사를 하고, , , 법사 위원장을 하는 것인가 , , , ? 정말 이것이 정상적인 나라인가,,,,,?|||필리버스터를 저지하지 않는다는 것은 법에 없는 것일까?|||내란재판부가 왜 위헌이 아닌가?",0,1
yScgk8EKN8I,요청 빗타자 결국…… 강유정 홍보 담당 이재명 대통령 손목시계 공개,어떻게 얻을 수 있습니까?|||이재명 시계를 원해|||구입할 수 있도록 해주세요.|||도대체 어디에서 구입할 수 있습니까?|||소장하고 싶습니다.|||아 원해|||내가 원하는 압정 시계는 당신의 시계를 환영합니다.|||원해. 항상 응원합니다. 함께 주셔서 감사합니다. 축복드립니다.|||어디서 구할 수 있나요????????|||시계를 사고 싶습니다. 어떻게해야합니까?|||원하는,0,0
2sajma1DBpA,"이 대통령의 면전에서 부끄러워… 정천레, 사법개혁 시위 조희대 직격","17년간 변하지 않는 사실 TV를 위해 후원 회원이 되십시오. 정기 스폰서 가입 ARS 1877 0411, 인터넷 애플리케이션 https goo.gl 1OjzfE|||내란 재판 전담부의 지연으로 사과하십시오.|||하루가 많이 추운 내 기운을 보내드립니다.|||민주당은 이재명 대통령과 반대하는 행동을 해서는 안 된다!|||빨리 빨리|||입에서만 정의를 외치는 진짜 나쁜 녀석. 정말 실망이다. 정천레!|||정천레는 말뿐 아니라 실천하여 국민이 믿을 수 있도록 하라.|||문진석은 도대체 무엇을 하는지,|||정천레파이팅.|||정천레 대표를 응원합니다. 잼통령처럼 국민만 보세요.|||정천레 대표는 파이팅입니다.|||정정레 당신도 당원을 무시하고 있습니다. 타인을 비판하기 전에 빛의 혁명으로 이루어진 민주주의를 휘두르지 말고 말로 정치하지 마세요.|||1인 1표제 찬성이지만. 70만 유령당원. 밝혀주세요.|||민주당이 대통령 지지율을 잊고 있다.",1,1
FoAIqud9JNU,장동혁 충청대망론이 시작된 정치특강,"타카 박사 씨 항상 고마워요. 타카 박사가 계세해 보상에 희망이 보입니다.|||우리는 장동혁입니다.|||장동혁 대표! 훌륭한 대통령이 되십시오. 응원합니다!|||사과는 결코 없다 우리는 장동혁의 대표를 믿는다.|||고성국 박사가 리드를 잘 해 주시고 있습니다.|||장동혁 응원합니다.|||당원의 목소리가 국민의 소리로 정의의 소리다. 영적인 배신자는 반드시 청결하게 정리해야 한다.|||장동혁 대표가 잘 하고 있습니다. 확실히 나와야 합니다.|||응원합니다|||우리는 장동혁입니다. 장동혁입니다.|||장동혁 대표는 인격성이 높은 리더 심을 모두 갖춘 편이다.|||모두 국력당원에 가입합시다 장동혁 김민수|||충청도가 중심을 잡지 않으면 나라가 제대로 돌아갈 것이다!|||장 대표는 언제까지 한한훈을 보고 있을까요? 길어질수록 대표자 불리하고, 국력과 찜 보상이 힘을 빼고 힘들어집니다.|||나라가 무너질지 세워질지 기로에 놓여 있다. 당원 가입해 장동역 대표에게 힘을 준다.|||장동혁 김민수 응원|||충청도 장동혁 대표와 모인다!|||국민의 힘 장동혁처럼 가면 탈당하라. 107명 모두 있어도 전투력이 없으면 필요하다.|||장동혁 김민수|||우리는 장동혁|||장동혁이 이긴다. 국민이 속는다|||사과는 어떤 개업의와 장동혁 파이팅 당심ㅡㅡ100해야|||장동혁 대통령 김민수 국무총리|||응원합니다|||우리 대통령 장동역은 언제나 잘",1,0
YMD7f7lQjEg,오늘 이 소식은 메이크업하고 보디가드와 왔다… 연출에 있었다는 계엄군,"폐기 처분뿐입니다!|||미쳐서 돌아갑니다.|||연출? 그리고 악성이라 그 인간|||이런 인간을 보았나! 아직 신경 쓰지 않는 것|||아.. 눈물을 흘리고 있던 인간이 말하는 것이 아닌데.. 진짜 병사 자체를 모욕시키네.|||가짜증죄 김현태 너의 눈물 쇼 때부터 알아|||그런 무능한 녀석 같으니 지금까지 특공대장을 하고 있었다는 게 아파일 뿐이다.|||그 녀석은 구속하지 않았다?|||총을 들고 간 계엄군이 위협되었다고는 말할 수 없는 프레임의 장난기가 날아가는 기절한 상황. 재판이 아니라 개판이다. 그리고 그렇게 싼 자가 병사다니. 그것도 특임대?|||김연태|||하루는 진짜 큰 히트입니다. 작은 짱, 치치쿠의 극치이거나끼리 놀면 하나처럼…|||김현태를 비롯해 국회에 들어간 놈들은 모두 엄벌에 처해야 한다.|||대한민국 병사들은 모두 욕망을 넘어서는 것 같다....ㅠㅠ|||김현태는 내란범으로 처벌하지만 국민을 속인 함정도 더해 가중처벌하라! 당연히 이등병으로 강격 불명예 퇴출시켜 사법으로 구속 수사하는 것이 맞다!|||정말 나쁜 인간이야...그것도 변명이야...ㅉㅉㅉ|||그 인간의 정신인가?|||그 상황에서 연기를 한 것이다. 이것이 정상적인 인간이 생각할 수 있는 상식인가? 그들은 정말 악마입니다.|||국민도 연출인가… 미친지!|||그렇게 하자. 그렇다면 거기에 가지 않았다면? 연출에는 맞지 않아? 왜 국회에 들어가는가? 그것은 불법입니다.|||김현태는 가중벌이다.|||국회의원에게 국회는 생명과 같은 장소인데, 거기에 사로잡히면 죽을 각오해야 하며 총이 진짜 생명이 아니다. 타인의 생명을 굳히는 살인무기|||그런 녀석이 특수부대 지휘관이었다니 아래의 부하들은 얼마나 자존심이 상처질까?|||현태야,|||그것이 특전사인가… … 부끄럽다.|||1년 지나서 겨우 생각한 것이 연출? 당신이 울고 기자회견을 한 것은 해입니다!!!!!!!! 아직 반성할 수 없는 내란군들",1,1
DHvZsQP5KZs,전 국민이 하고 있는 급여 명세서 보았다 분노 폭발 SBS 모아 보는 뉴스,"국민연금, 건강보험이 정말 떠나는 것을 볼 때마다 가슴이 아프다|||세금이 외국인에게 보험료를 지불하는 이유는 무엇입니까? 자국민혈이 마른 미친 나라|||외국인과 중국인의 건강보험료 제한|||국회의원 감소|||국회의원은 최저임금만 받아야 합니다.|||일을 해라. 나라의 원들 도대체 언제 세율을 사용하고 있는가..|||25만원을 준다면 팔면 250씩 당기겠다|||뺏을 때는 개처럼 뺏어가는데 운영은ㅈ같이ㅋㅋ|||아, 뭔가 급여가 줄어들었다고 생각한 건 기분 때문이 아니었다.|||이제 누가 진짜 내란인가?|||4대 보험료율을 낮춰야 한다. 공단합치해 인원 줄이고 사무 운영비 줄여라. 그것은 우리가 강제로 빼앗긴 피 같은 돈입니다!|||건강 보험 넘치고,|||호텔식 경제학의 예견된 결말.|||건강보험 6000억원 횡령은 어떻게 된 것인가!|||휴식을 취하고 수영장에서 일하더라도 월급 400은 어렵습니다.|||세금, 연금, 건비가 너무 오르고 있다. 정부가 너무 사라진다. 임금은 1 오르는데 너무 심한 것 같다. 세율을 낮추면 점점 더 힘들어|||맹목적인 돈이 줄지어|||건강 보험을 줄이십시오. 병원을 많이 다니는 사람들로부터 더 멀리하십시오.|||고3에 돈을 퍼지는 것은 내년에 지방선거 공략인가?|||왜 급여가 적게 들어왔습니까?|||세금은 모두 떼어도 증여세, 상속세로 다시 반분리해 나가는 세금공화국|||나라에 도둑이 너무 많음|||이 나라는 전국민과 기업이 힘을 다해 정치인 300명을 먹고 살리는 행운의 국가다|||25만원을 주는 것이 리자이밍 본인의 재산으로 나뉘어져 있다고 생각합니다.|||오휴의 일은 무엇입니까?",2,1
znUYsTkHcqI,부모님을 위해 수십억 아파트의 새싹을 모두 조사하는 shorts KBS,"정치인으로부터 철저히 전수 조사합시다.|||강남 3구에서 증여한 정치인들로부터 전수 정밀조사 공개하면 내년 선거판이 흔들릴 것 같다.|||60억 아파트 부러운 능력을 가진 부모|||전부 조사해 정부 고위직, 국회의원들의 명부도 밝혀라.|||돈이 많은 부모가 세금을 지불하면 좋다.|||역시 옷 중에는 복의 친복|||국견들과 고의 공무가 강남지역 애포트 2채 이상씩 소유하고 있다는데 주택가격안정정책 만들 수 있을까.|||능력있는 부모는 아무도 없습니다.|||조사하면, 상급직의 정치가들은 모두 잡혀 갑니다.|||세금에 도난당하는 국가.|||부모가 고생하고 세금을 지불해 얻은 재산. 조금 주면 어떨까. 한국의 증여세. 상속세. 법을 개정하십시오!|||부모님은 그냥 부럽습니다.|||아니요, 세금을 지불합니다.|||부러워하는 60억명이 있습니다.|||상속세를 제거합니다.|||내용을 보고 나만 내 행동을 이해할 수 없었는지…|||세금을 줄이십시오.|||과징금 어쨌든 부자의 부모가 내게 해주기 때문에 무엇 ..|||통일되면 김정은도 조사한다.|||수십억! 정말 수십만원으로 피가 싸지만 정말 부러워요.|||마니 마니를 조사하십시오.|||흠..?옛날부터 돈이 많은 집 아이들은 급여를 모아 부모의 돈으로 생활비를 보냈습니다.|||국회의 압수 수색해. 모조|||상속세의 증여세 제거|||부러워하지만 부모가 재산을 양도하는 데 세금이 아닌 것 같습니다.",2,1
liEag2kZIAQ,"교실에서 뚫려도 시시, 5개월 후에 결국 털어놓은 쇼트 KBS","교육청은 가해자들을 잡고 다리를 멈추지 않으면 피해자를 잡고 다리를 밟고 있다… 범죄범을 당한 아이들 애초에 선호되고 혼란스럽거나 때리거나 처벌할 수 있다면 2차 3차범행은 일어날지도 모른다. 아무쪼록 잘 부탁드립니다.|||그것은 진짜 개 대답입니다...|||간도 크다.|||유출이 끝났는데 뭔가 비밀번호를 걸어ㅋㅋ|||은폐 상황이 있으면 3배는 무게 처벌해야 한다|||바늘 도둑이 작은 도둑이 된다.|||채굴이 없기 때문에 선을 넘는 것입니다.|||촉법 폐지를 촉구|||물론 선생님, 직원도 잘못되었지만 학생들이 가장 잘못한 것이다.",3,1
71Bx85RPkpU,30년 전의 실수를 알 권리? 디스패치 고발.. shorts KBS,"연예인은 준공인이다.|||촉법소년법은 모두 폐지돼... 무엇이 얼어죽어 죽음을 범죄자에게 인권을 운운하는 놈들 모두를 구속시켜야 한다.|||피해자의 생각은 일을 하지 않는 변호사 매체에서 항상 봐야 할 통증은 어떻습니까?|||법적으로 공개한 것이 불법이면 처벌받을 수 있습니다.|||왜 하필이라면 지금?|||평생 상처받고 살아가는 피해자 또 그 부모님들도 조금만 생각해 주세요 실드된 분들…|||피해자와 가족은 무엇입니까? 평생 외상으로 고생하고 살아도 살아 있지 않습니다.|||미숙한 시기에 있어 인생 망가진 사람은?|||성폭행범… … 밀양성 폭행범… … 정말 더러운 사건이다…|||연예인이나 대중적인 직업을 가진 사람들은 청소년들의 본견이 되기 때문에, 정도의 엄격한 범죄를 저지른 사람은 적합하지 않다고 생각합니다.|||과거의 학폭도 모두 입을 감고 살아야 한다.|||피해자는 조진은을 볼 때마다 얼마나 힘들었는지|||피해자가 제공했는데 자신이 무엇이라고 고발? 의심스러운 사람..|||개인이 아닌 현재 공공 입장에있는 것이 문제의 핵심|||피해자는 평생 요크를 안고 살아간다. 조씨를 보고 지금까지 얼마나 힘들었는지!|||정치성향에 의해 죄가 정해지는 나라.. 썩은 정치의 하나 때문에 나라가 개판|||그런 일을 하면 빨리 있는지 정의적인 척 하고 왜!|||왜 숨기고 살았어?|||강력한 범죄자의 공인 활동에 대한 제재는 국민이 아는 권리이다.|||우선, 가해자를 그렇게 생각할 만큼 피해자를 조금 생각해 보세요. 피해자는 사회복귀하면 다행이지만 가해자가 새긴 상처 때문에 인생을 제대로 살 수 없다. 둘째, 마찬가지로 불쾌한 환경, 어려운 환경에서도 모두 범죄자가 되는 것은 아니다. 그러면 대한민국은 평범한 국민보다 범죄자가 더 많은 나라가 되어 있어야 한다. 변명하지 마십시오. 셋째, 평소에는 정의적인 척하고 다니지 않았다면 지금보다 풍파가 적었을 것이다. 일어나는 척! 정의의 척! 하고 있던 인간이 알고 있으면, 세계는 더러운 인간이었습니까?|||정말 이상한 것은 왜 이 시기인가…|||나는 중년이다.|||옹호가 아닌데 30년 전에 이미 처벌을 받고 있다면 어느 정도 죄치를 지불했는데 30년 동안 노력한 것을 싸게 내린다는 게 조금 마녀 사냥에 가까운 것 같다. 그 후 좌표를 찍어 사형이라고 한다. 적당히하자.|||이것을 비난하면 뭐라고 하면 밀양성 폭행 가해자들은 왜 계속 어리석고, 직장도 끊어야 하는 것인가?|||다른 범죄도 아니라 미성년자가 성폭행? 게다가 조진은 음주도 없나..?",3,2
XEFJgrjG3jE,신상진 성남시장,"신상진 시장|||저금만 환수하는 것이 아니라, 그 사이의 이자벌금까지 생각해 환수해야 합니다!!!!|||성남 시장을 최선을 다하십시오. 응원합니다.|||모든 책임자는 고발하고 책임을 굳게 하고 구속해야 합니다.|||성남 시민에게 돌려주는 것은 맞습니다.|||역시 신상진 시장입니다.|||꼭 환영하고 성남 시민을 돌려주세요.|||MBC와 JTBC에서는 절대 볼 수 없는 유익한 내용|||신상진의 이름을 잊지 마세요|||판사가 썩은 나라는 나라의 미래가 없습니다. 김명수, 권수일 등 판사를 빨리 수사|||성남시민과 함께 힘을 주어|||신상진 성남시장 애국자입니다! 배가 없으면 눈을 감아 버리지만 영원히 당신의 이름을 잊지 않고 널리 오랫동안 알려드립니다!|||당연히 해야 할 일이다. 절대로 굴복하고 타협하지 마십시오.|||시장은 좋았습니다.|||꼭. 성남 시민, 특히 대장동 원주민에게 돌려주세요.|||신상진 시장은 정직한 분으로 성남에서 평판이 좋습니다.|||성남시민의 재산이 대장동 일당 포켓에 들어가는 것을 아무래도 막아야 합니다. 꼭 성공하십시오.|||신상진시장은 훌륭합니다!!!!!!!|||성남 시민의 몫이므로, 모두 받아들여지는 국민이 모두 응원합니다. 바로 정치인들이 권력과 사익에 맹목적으로 사기꾼들에게 돈을 건네주는 형태를 더 이상 볼 수 없네요.|||부정자금을 환불하는 반대자는 범죄자라고 생각|||반드시 환수하여 범죄수익은 불가를 각인시켜야 합니다.|||인사 부정 등 직권 남용 국정 농단 국헌문란, 중국 스파이로 보이는 왕후명과 범죄 공동체, 저수지 경제 공동체 그 휴지를 특검하라!|||신상진 성남시장 파이팅 성남시를 위해 최선을 다하는 모습에 박수를 보냅니다. 싸움.|||성남 시민 던첸 행동하십시오.|||개 멋진 진짜!",0,1
S5rltrQbObc,"김용현 재판증인, 지기영을 향해 꼭 공정하고 올바른 판단을 현장 영상 채널 A","재판관 우리가 지금까지 얼마나 공평하지 않았다면, 군인은 그 말이어야 하는가? 나라는 개입니다.|||가슴이 아픈 나라를 지킨 병사들을 법정에 불러 수사를 한다는 게 마음이 힘들어요.|||가혹한 겨울과 싸우고 있다는 말이 정말 가슴이 아파요 감사합니다 국민과 나라를 위해 노력해 주세요.|||죄없는 군인 모두가 애국자이며 훌륭합니다.|||군인들을 괴롭히고 가짜 진술을 하고 협박하는 행위를 그만|||부디, 나라를 위해 공정한 판결을 해 주세요.|||후손에게 독재 국가를 양보하지 마십시오.|||부디, 정당한 공정한 판결을 우리의 국민도 희망해, 양손을 모아 기대하고 있습니다,,|||대한민국행정사법입법언론 국방기업 등을 해체하려는 눈에 보이도록 강렬한 반국가 세력이 바로 스파이이며 이들이 반드시 처벌되어야 한다|||정당한 계엄을 내란하지 않는 내란탄핵으로 정권을 잡은 사람들이 내란범.|||내란에 몰려들어 병사들을 두려워하고 거기에 건너온 일부 병사를 제외하고 우리의 일반 병사는 진정한 병사다.|||지옥 연 판사의 나라를 만들어 봅시다.|||계엄이 아니면 대한민국은 점점 더...|||너무 마음이 아파요 ㅜㅜ 제발 공정한 판단을 해주세요.|||지기현 판사는 안에 있는 사람에게도 자상합니다. 정말로 정의의 판결로 성이 정상 국가에 나오도록 하십시오.|||지금 특검의 위증 교사 증언 조작을 하고 있으므로, 그런 걱정을 하는 것입니다.|||진짜 참군인입니다. 존경해 주셔서 감사합니다.|||대통령만의 판단권 있는 한 계엄이 내란이라는 놈들이 내란행위를 하는 것이다. 내란죄는 대통령에게만 적용할 수 있는 범죄|||정치적 중립이라는 말이 자유민주주의를 지킨다는 말이다.|||진정한 군인이다.|||군인은 자고로 국군 통수권자에게 복종하고 국가에 충성을 다하는 것이다.|||진정 안병사|||참군인이라면 국가가 위기 때 제일 먼저 싸워야 할 임무가 있는 것이다. 국가의 정의를 나라가 제대로 가도록 보조하는 것도 군인의 임무일 것이다.|||내 최고의 군인의 말에 눈물이 있습니다.|||공정하고 올바른 판단 당연한데 정치 판사들이 많기 때문에 꾸짖거나 구워 싶었는지 눈물이 나온다 ㅠㅠㅠㅠ",0,1
9UwNnwqZmEo,김게리 정당한 수사에 의한 정당한 기소나 의문 티조 Clip shorts,"사기탄핵을 끝까지 밝히고 관련 범병기 징역을 때려야 한다|||국가와 법률. 마음대로! 이런 일. 지키고 살아야 한다!|||열심히 김게리 변호사|||김게리 변호사 파이팅! 엄마의 힘을 보여주세요.|||나라가 완전 개판이구나… 야, 밤을 떠나 국민 모두가 정당한 수사, 정당한 판결이 되어야 합니다. 이건 완전 5공화국입니다 ㅠㅠㅠ|||특검 특검 시로|||김 변호사는 항상 응원하고|||김게리 변호사를 응원합니다|||김게리 변호사는 항상 응원하고 있습니다.|||화이트닝|||매우 심각합니다.|||특검이 특검을 받아야 한다!|||김게리 변호사라고 생각합니다. 싸움|||오는 준비를 하십시오 처벌되는 준비를 하십시오|||정말 말을 바꾸는 것이 최악입니다.|||고생하고 있습니다. 당신의 노력은 우리 나라를 살릴 것입니다.|||나는 계몽되었다.|||김재리는 응원|||민중기 특검. 대답을 정하고 억울한 공무원 죽음|||지금 내 앞에 있으면 모두 수원이 되어 버리는데.|||천벌을 받는 자|||정당한 수색? 판결? 아직 기대하고 있습니까? 이제 권력의 주인인 국민이 자녀와 사기꾼으로부터 모든 것을 정상으로 되돌려야 합니다.|||특검 수사원 김·게리 변호사님 수고하셨습니다 파이팅입니다|||,,조작 조미 의례 사건 농단,,반드시 심판하라,,|||이미틴 특검을 .cia에 전달. 하자! 국민 여러분! 이런 특검을.",0,1
7KwZ3viyqfc,장영수 교수 내 난재판 무죄 나오면 후라시 큰 것,"김현지, 이재명,|||그렇지 않다고 말해야 한다… … 그래, 정의지.|||계엄은 옳았던 경제 고질라 보고 CCP OUT!|||역풍이 커도 진실을 말해야 한다… 그것이 정의의 판사다!|||곽정근, 황씨 증언만 듣고 헌법재판소 결정이었다는 문형배도 잘못됐다고 했지만,|||판결무효법을 만들겠습니다ㅎㅎ|||2시간 계엄 후 국회 요청에 즉시 해제|||역풍이 걱정할 수 없기 때문에 지금 민주당은 브레이크가 없습니다. 내란이 아니라고 말한 판사청문회에서 체결되어 내란이라고 할 때까지 재판이든 특별재판이든 인민재판이라면 그만하자. 그럼 역풍은 선거인데...|||내란이 아니라고 하고 있던 재판부를 잘못된 판단으로 못 박아, 전담 재판부를 설치하기 위한 합리화에 선동합니다.|||맞습니다.|||상식적인 국민은 내려가지 않는다는 것을 더 잘 알고 있습니다.|||내란은 민당이 아닌가?|||계엄의 절차가 위헌적이지 않았기 때문에 탄핵무효…|||결론을 정하고 재판하는 것은 아닙니다.|||나는 그렇지 않다.|||내란이 아니기 때문에 민즈당에서 내란 몰이 하는 것입니다!|||원래 이재명과 탄핵중독당은 거기 입법독재로 국정방해를 한 내란죄를 뒤집기 위해 내란 내란하면서 선동을 계속하고 있다. 그러므로 입법독재에 대한 탄핵중독당 나라의 전부를 모두 처벌하고 심판해야 할 것이다. 왜냐하면 대한민국을 소용돌이친 책임이 너무 커서다.|||역풍이 나와도, 다르지 않다고 판결을 하지 않으면 정상이 아닌가? 역풍이 있다고 해서 잘못된 판결을 하는 것이 맞습니까?|||재판관과 검찰이 거부해 주었으면 합니다만, 그들도 이미 기울고 있는 운동장이 되고 나서입니다.|||괜찮습니다. 역풍은 없습니다. 광우병의 선동에도 속는 국민의 수준이므로|||용수. 내란이 아니라 계란이 온 계란입니다.|||내 달걀이라는 사람은 내 달걀입니다.|||내란이라는 판단이 나오면 역풍이 세어질 것이다|||이재명은 한국 국민에게 준 사회적 손해를 배상해야 한다.",0,1
mOJ9tReqHyA,박나레 주사이모 논쟁이 일어났을 때 암튜브,"이들 그룹은 모두 조사해야 합니다.|||MBC동영상을 끄는 건 수상하다....|||MBC는 즉시 비디오를 복구합니다! 수사 MBC도 들어가는 방송국 관련자도 주사했나? 수사단체하지 않으면…!!!!!!|||저는 재산입니다 피디도 공범으로 폐지|||피디도 확인해야 합니다.|||캡핑이 있습니까?|||김현지 구속을 처벌하다|||머리카락을 검사해야하지만 경찰은 왜 그렇지 않습니다.|||MBC는 왜? 영상 그대로 둔다. 중단해야 왜 범죄를 숨겨줄까? 증거를 멸망?|||상쾌한 패턴을 넣어주세요. 나혼 씨 모두에게 가는 건가요?|||박나레는 정말 나오지 마세요 mbc를 보지 마세요|||나는 여성 단체가 아무것도 반응하지 않는 것이 매우 이상합니다.|||주사이모 휴대폰을 압수하지 않겠습니까? 증거를 모두 없애는 시간을 줄까?|||강도 상해범이 국회부 의장인 것도 조금 화내자.|||피디도 조사해야 합니다|||국민의 알 권리 운운하고 염병의 언론이 국민이 아는 권리를 삭제할까? MBC 문화방송|||이번에 발생한 불법 의료 시술에 관련된 사기 주사자 이은X, 박나레, mbc 등은 공범이다.|||나홍산의 관계자 전원이 수사해야 한다|||혼자 피디를 봐.|||약의 욕망이므로 경찰은 조사하지 않습니다.|||청소년 때만 갱생했지만 어른이 되어 감독이나 동료들에게 폭행한 것은 어떨까|||MBC가 없어져야|||주 사이모는 구속하지 않습니까?|||매우 보는 것 같습니다.|||mbc도 한파네",0,1
-H4lmY-Q-4M,김건희는 무엇을 넣기 위해 예규를 바꾼 것일까? 첫 공개 코너마다 다시 보기,"국립자들이 있는 미술관, 박물관 등, 품목 전수 조사원|||문화재 도둑이었다. 문화재를 내놓은 공무원도 처벌해야 한다.|||진짜… 음란하다|||윤석열의 김건희의 범죄는 역대급으로 정말 범위도 무시하고 끝도 없다. 반드시 모든 것을 밝혀 벌을 받도록 해야 한다. 잠들지 않고 범죄를 저지른 것 같다.|||프리바게닝, 상금을 들여 밀수내역을 밝혀야 한다|||미친 정부였습니다.|||마음이 가득한 나라가 망쳤습니다.|||조희대, 지경영을 탁핵하고 특검 수사를 받으라.|||외교 행낭에 다양한 돈, 보석, 약|||나는 이것이 젤 신경이 쓰여 그 지위를 받은 놈들로부터 찾아내려고, 그 기록은 있는 것이 아니었던 것을 만들고 지위를 주었기 때문에, 그 사람들은 알 수 있다.|||이뿐만 아니라 정권을 잡자마자 외국에 돈을 내는 것도 규제 완화했다. 이것은 거의 침략이었다고. 얼마나 치는지 알아볼 수 있습니까?|||나는 그 럭셔리 제품보다 약물 관련 가능성이 매우 의심 스럽습니다.|||약? 고급? 반드시 밝혀야 할|||압도적 외교매불 쇼체욱 최고!|||국보를 빼앗긴 것이 아닌가? 정말 미친 정부 역대급!|||정말로 하지 않는 먹은 것은 무엇입니까? 진짜 약물 명품 돈이 아무것도 만지지 않으면 죽을 때까지|||저 예규가 아직 있을지 몰랐어요...|||한국의 보물과 국보도 어디로 뽑아 왔는지 보십시오.|||외교부 장관을 조심하고 무조건 철저히 빨리 조사를 해야 한다.|||그래서 매일 외국에 갔다.|||정치는 우리가 관심이 없는 순간 가장 저급인 인간에게 장악된다. 플라톤|||뇌물 수수는 문제가 아니며 현금을 제거했을 것입니다.|||문화재 100점을 해외에서 팔아 먹었어?|||내란보다 중요한 마약 밀수 사건은 왜 조용한가? 증거를 멸망시키도록 방치할 것인가? 모든 언론에서 입을 닫고 정치권도 조용하다. 나라를 포기했다.|||어떻게 문화재 미술품을 취할 수 있습니까? 상식적으로 이해가 안가왕의 자리도 안다니다 나라고 생각했나!",1,1
CiRstnkZT2k,국력이 장외 집회를 취소한 진짜 이유,"한심한|||죄송합니다. 인생에 중요한 가치가 아무리 없으면, 다소 윤석열이란… 아이고야.|||국심당은 정권만 잡으려고 했는데 언제 민생회복에 신경을 쓴 것일까?|||같은 것이 모였다.|||범죄로 인해 전쟁을 겪었고,|||신천지통일교에서 동원한 것처럼.|||그게 다야 ㅠ 곧 철거됩니다.|||어리석은 국민이 탐욕스러운 정치인들을 자신들의 대표로 골라 놓고 인형놀이를 시켜주는데, 대단한 콜라보다 진짜|||전쟁이 일어나서 전부 죽었다고 생각합니다.|||돈이 들어가는 곳은 분명합니다.|||국력은 윤게인당이 되어버린다..|||우리 나라는 어떻게 되었습니까?|||그래서 야생 멧돼지를 외치는 것은 생각할 수 없을지도 모릅니다. 잘못된 신념이 그렇게 위험하다.|||지금도 윤석열을 외쳤던 인간이 있는 것|||아직 깨닫지 못하는 인간이 그렇게 많다ㅉㅉ|||공당이 맞다, ㅎㅎ|||어디서나 잔화는 남는 방법!|||반국세력 내란 선동죄로 체포 가능|||해산해주세요...|||좀비 무리! 폭탄 투하!|||누군가의 파도와 땀으로 만든 이 땅에, 그들도 함께 맛보는 것이 화난다|||에휴한심단 극우와 국짐단! 더 한심한 것은 국회의원이라는 작가가 하고 있다는 것입니다.|||수프는 아직 반성하지 않았다.|||제발, 걱정하지 마십시오.|||아, 윤솔열을 외치는 사람은 무엇인가?",1,1
NUQpj57qQas,"우원식, 인사 나경원의 면전에서 무거운 한방국민이 ​​인격 보고 있는 것","이야기도 공범이기 때문에 감당할 수밖에 없다는 것을 이해한다.|||항상 국민을 판매합니다.|||하는 행동은 국민을 비웃는 것이다.|||나경원은 아직 빵이 아닌가? 왜 여러 번 보이는가?|||우원식 국회의장 응원|||국회를 무시하는 것은 국민을 무시하는 것이다. 5선이 모범을 보여야 한다. 투투|||존경하는 국민이라면 인사해야 할 첫말부터 NG|||존경하는 국민 여러분? 악마가 나온다.|||사범죄자|||역시...|||나경원|||개성이. 정말 아니네요. 국회의원. 자격 박탈.|||상호 존중의 배려심 평생 배우자를 아는 것처럼 보이는 비디오 감사합니다.|||기본적인 예의를 지켜라. 이른바 나라를 이끄는 어른이 스스로 보수라고 자칭하는 정치인이 흥분하는 것도 아니고, 인사하지 않으면 cool해서 보이는 것이 아닙니다.|||무엇을 존경하고 바늘 극우만을 존경할 것인가? 조금 관대한 마음으로 살아라 왜 고등학교 시절이나 지금도 바뀐 적은 없습니까? 점점 무서워지고 있습니다.|||나경원이 없는 정치를 보고 싶다.|||원화식 국회의장 응원합니다|||나경원의 퇴출을 원하지 않는 국민의 힘|||서울시장에 나가고 싶어? 진짜 나경원인 것 같습니다.|||국익을 저해하는 수프를 철저히 해체하고 싶다.",1,1
lsn_jy1vXr0,박정호의 핫스팟 영상 이야기 이재명 대통령의 이른 시기가 일정할지도? 12월 10일 더보기,"국민이 누구나 가질 수 있도록 적정 가격으로 판매하십시오.|||응원하고 있는 이재명 정부 오마이뉴스|||우리도 이 잼 대통령의 시계를 입고 싶습니다.|||민주당은 정의당의 하루가 즐겁습니다.|||오마이티비앙카님 이규영 홍보시니어님을 만나주셔서 감사합니다|||오,|||오마이 TV 굿, 홍보 수석 지금, 몸이 끝났다고 생각합니다.|||판매하고 이익금은 좋은 곳에 쓰도록 하면 됩니다만.|||청와대 귀환 축하합니다.|||우는 지금 앉아서 열심히 도와주세요.|||이재명 대통령 기념시계 .. 싼 가격으로 팔목에 차갑다. 구입 방법이 없습니까?|||이재명 대통령의 오픈 정부.|||국지당은 언제 해산되나요?|||시계를 원합니다.|||꼭 부탁드립니다.|||오, 내 소식이 좋다, 응원해 주셔서 감사합니다.|||오 대통령 축하 추카영광 이지라오마이뉴스|||멋진 오마이 TV|||찬성|||시계를 원해|||민주당은 80년 썩은 법제도 개선 입법을 멈추지 않고 5년 동안 불도저처럼 밀려나가야 한다.|||이재명 대통령 시계..가격, 서민가격. 싸게 하고 싶은 사람의 소맷부리를 보고 싶습니다.|||시계를 원해|||우리 대통령실의 모든 관계자 여러분, 한 명의 일을 최선을 다하십시오.|||시계를 봐.",0,0
E03u8MckZlM,"유시민, 대통령실을 향해 모든 메시지를 도청 생각해야 쇼트 오마이 TV","위기 경고에 동감! 지방 선거 패배, 일순간이다! 내란당이 시끄럽게 볼수록 패배한다.|||유시민의 조언을 새길 필요가|||맞습니다.|||우리 언론은 언제나 민주정권을 깨는 기회만을 노리고 있었다. 과거에도 지금도.|||민주당은 조심하지 말고 항상 조심하자!|||와우, 유시민의 작가입니다.|||유시민 작가가 계신 큰 힘이 됩니다 오랫동안 큰 통찰력으로 이 시대를 이끌어 주세요 존경합니다|||모르겠어요. 영등포구 여의도는 100도 감청지역이다. 청와대도 당연하다.|||이재명 정부가 도청하라 X, 도청됐다고 생각하면 O, 2촬영 저지능은 과학이다|||문재인 정부 때 조종동이 많이 있기 때문에 자신은 어용평론가가 되면 자위하고 윤소크릴에게 휘둘릴 때도 괴로워하지 않기 때문에 문제를 만들어 버리는 이유는 무엇입니까? 당신이 아니어도 김남국 문진석의 문자 논쟁은 조준동을 비롯해 진보의 유튜브에까지 들르는데!!!! 이제 아무것도 할 수 없는 사퇴한 사람 비난 그만두고 탈당안해 민주당 전체에 피해주는 장경태나 탈당하라고 조언하라!!!! 장경태 문제! 서울시당 위원장의 자리를 고집하고 지방선거까지 견디면 서울시장선거 폭망이다!|||이 잼 정부는 잘 작동하더라도 아주 좋습니다.|||대통령실에 인텔넷 유튜브의 매스컴 3사도 처음으로 출입하고, 대통령 자신이 유튜브를 하는데 어떤 종래의 미디어에 싸여 있다는 근거가 없는 이야기를 하나? 친구의 위기니까 빠져나온 것 같지만.. 제대로 좋은 정부 도청 확인도 할 수 없었던 극단적인 상황 만들고까지 하지 말고!!!!문자 유출은 김남국이 아니라 국회에서 문진석이 했어! 당 대표의 책임이 더 큰 것은 아닐까? 이런 시민주당이 능숙한 것은 무엇인가? 내란 종식법도 통하지 않고, 제대로 발목을 잡고.|||좋아요. 최강욱 문재인과 유튜브뿐 아니라.|||이재명은 경기도지사까지 한계라는 형태로 떠들썩한 평론가 수준.|||유시민은 역시 정체가 나옵니다.|||유시 시민! 야생 멧돼지의 시대는 국가가 유감이라고 생각했습니다. 히라야마의 할아버지와 정말 친절이 깊은 것 같습니다만, 이미 커밍 아웃하고 있습니까?|||유시민 문재인 수박 대장조국의 이야기는 하지 않습니다.",1,1
7kw-W9iYZ1g,내란의 척도 강조 정천레 독일 나치처럼 청산을! 내란전속재판부에서 사법개혁!!!,"진정한 내란의 매장까지, 그 싸움까지 조사하고, 법정에 서서 영구적으로..|||내란에 참가한 자들은 반드시 엄벌해야 한다.|||내란 종료를 확실히 해야 합니다|||정천레 대표를 응원합니다|||말뿐 아니라 행동으로 해주세요!|||김병기에 휘두르지 않고 대표직을 걸어도 민주당 개혁합시다.|||잘 하고 있는 광주가 없었다면 민주주의가 없었다고 생각해|||정 대표. 수박과 일을 처리하는 데 어려움이 있습니다. 내란 청산될 때까지 빠른 실천 필요. 천재명 대통령의 현장 유무에 차이가 있다|||내란의 척도는 입뿐이지만 힘을 가지고 있지만 그 힘을 사용하지 않으면 곧바로 자기정치에 몰입해 내란재판부, 판사탄핵마저 후전에 밀고 있는 대표 정천레와 지도부는 모두 뭘 할지 걱정이다.|||그렇습니다 정천레 대표 파이팅!|||말뿐만 아니라 행동으로 조금 보여주세요. 말하면 오히려 입을 닫습니다.|||맞습니다! 정천레 강력한 지원합니다.|||최선을 다하십시오! 반드시 내란세력 뿌리를 내리고 단죄해야 합니다! 법원 개혁도 마찬가지입니다! 응원하고 응원합니다!|||대표자, 당내 수박은 완전히 청산되어야 합니다.|||내란재판부 내란령장판사를 설치하지 않고 2차 특검이 없으면 민주당 지방선거를 망치게 된다.|||정천레를 응원합니다|||특별한 희생에 특별한 대우를 말해 주셔서 감사합니다.|||정정레파이팅 내란법원 설치|||정정레 대표|||말할 필요도없이 실천하십시오!|||정정레 대표|||정천레 대표 민주당 수박으로 휘두르지 마세요.|||우리 정천레 대표는 말하는 것이 아주 좋습니다.|||입만 들이지 않고 시간을 빼지 않고 신속하게 제대로 사법개혁의 진행을 하고 있습니다…",1,1
3gao9Z-TPB4,"김오준의 겸손은 어려운 뉴스공장 2025년 12월 10일 수요일 겸손한 NSC, 홍사훈, 크레딧","영장판사나 상급재판관 전원 수사하고 처벌해야 하는 겸공 항상 응원합니다|||재판관이 법왜곡죄에 크게 반대한다는 이야기는 우리 사회가 그동안 얼마나 불법인 사법부였는지의 반증이라고 생각한다. 탐욕스러운 소리를 듣는 것이 아니라 무조건 민주주의의 수호를 위해서도 만들어야 한다.|||내란재판부의 설치 반드시 해야 한다. 종합 특검 GO|||김용대님과 공장장의 투샷을 더 이상 볼 수 없다는 것이 유감입니다.|||사법 개혁이 아니라 법원 개혁, 위헌 소지가 아니라 위헌 시비. 올바른 용어가 올바른 활동을 안내합니다.|||법원의 비결은 5년간 해외 도피 중이던 조현천 계엄포 고령 작성을 무죄로 풀었다. 이것은 깊이 관여하고 봄|||법 왜곡죄 반드시 만들어 보자|||조희대와 지경영을 파고 내란동 재판사를 철저히 조사해야 합니다!|||어떻게 이런 일이 있을까 생각합니다.|||지렁이도 소금을 뿌릴 때 가장 격렬하게 열중하는 데 검찰, 사법부가 지금 그런 것이다. 국민이 반드시 승리합니다!!|||마약 무마 사건도 추가 특검으로 꼭 임해 주었으면 한다 ...! 외압이 없었다는 걸까? ? ?|||내란 재판부 지원합니다. 또 다시 계엄이 채워지는 것입니다.|||추수 감사절 뉴욕 퍼레이드에서 헌트릭스 골든이 나오는 것을보고 진정한 감정|||법원 개혁. 대한민국은 전세계 선진국이 될 것입니다.|||뉴스 공장 허니 잼|||겸 공방 방송국을 세우고 TV에서도 보고 철도역이나 공공 기관 구내 식당 등 와이티엔 연합 뉴스 대신 하고 싶습니다|||김현중의 언어|||법왜곡죄는 반드시 필요하다. 사법성은 개혁되어야 한다. 민주사법부가 필요하다.|||처음에는 선언적 의미로 썼습니다만, 알면 알수록 진실이라고 생각합니다. 사법부가 내란 수괴다!|||영장재판관도|||내란재판부 필수입니다|||내 마이크를 끄기 때문에 마이크를 켜고 말합니다.|||크리스마스 아침, 슬픈 뉴스를 만졌습니다. k팝에 대한 유쾌한 설명이 정말 좋았지만 지금은 듣지 못하면 가슴이 아파요.|||김오준 공장장의 옷이 예뻐요 최고 감사합니다!|||김영대씨는 삼가해 주십시오.",1,1
Pu6tcDbej2c,홍사훈은 마음에 둬! 내란 심판 없이 지방 선거도 없다! ㅣ 김영민 X 안민석 ㅣ 2025년 12월 4일 목요일,"내란 청산 없이 지방 선거 승리도 없다고 생각합니다. 당연합니다. 김영민 의원님. 최선을 다하십시오. 완전히 의원님을 응원하고 지원합니다!|||청산을 잘 하지 않으면 지방선거도 승리할 수 있어요! 효능감 있는 정의의 질주가 국민의 지지를 받습니다! 청산을 늦추고 지방 선거의 승리를 꿈꾸는 것은 말하지 않는다.|||대통령의 고통은 국민의 고통|||김영민, 안민석 의원 100 맞은말|||김영민 의원님 지원합니다. 내란 청산을 못하면 민주당도 지옥에 가는데요…|||김영민은 아주 좋다. 신념과 용기가 없으면 할 수 없는 일을 하고 있는 것입니다.|||김영민 민주당 개혁 인물 응원|||김영민 최고|||민주당 의원들은 조심해야 합니다.|||김용민 의원처럼 솔직하고 정의와 국민만 바라보는 의원이 많아지길 바란다. 안민석 의원은 오랜만에 만났다.|||맞습니다! 지방선거에 모두 자기정치하면 서로 맞물리는 의원들.|||많은 의원이 있는 민주당은 내부 규범보다 강하게 하고,..쓰레기 정치가들은 곧바로 당겨야 한다!!!!|||내란의 완전한 척도가 최우선|||안민석 의원님 응원합니다 부디 경기도 협상감이 되기를 기원합니다|||김영민 의원 감사합니다|||김영민 의원님 부탁드립니다! 항상 응원합니다|||검찰 잔당, 사법 내란, 국방부 개혁, 내란의 척하지 않는 배부된 민주당에 다음은 없다!!!!!!!|||김영민 의원님 언제나 응원합니다 민주당은 국민의 민심을 들여다 보세요.|||김영민 안민석홍 사훈 정의의 행동 3인조! 완전 응원합니다 최근 광장에도 나와 주신 홍기자님, 짱!|||내란이 정해진다. 지선 승리는 가능합니다.|||안민석 의원의 말은 매우 중요하다 민주당의 실수를|||내란의 역모죄의 판결은 늦었다.|||김영민 의원님은 만날 때마다 마음이 아쉬워요.|||김영민 의원은 때때로 만났지만 홍사훈 쇼는 흥미롭다.|||올바른 말의 내란의 처벌과 벌",1,1
45Q7atcKLkY,정준이의 논판,"오늘도 논에서 전해 주신 격려로 지치지 않는 의지를 불태웁니다.|||국민투표로 현 법원 전체 불신임으로도 하고 싶습니다.|||진실을 알면 알수록 국민은 분노가 태어납니다.|||오늘의 논이 제일 최고로 가슴에 끊어집니다. 고마워요|||그러고 보니 이른바 재판관이라는 것이 가장 무서운 것이 무력군요. 실제로 법을 두려워하지 않고.|||언제나 느끼지만 논은 항상 날카로운 지성으로 화려하게 비평합니다.|||이 회개를 논리 정직한 말로 표현할 수 없는 고통에 대답하는 좋은 프로그램!|||나쁜 법정과 기득권은 김수영 시인의 풀잎처럼 누워 있는 것 같다 정준희 교수에게 감사|||그들이 꼭 듣고 싶어|||격렬하게 공감해 주셔서 감사합니다.|||그들은 우리 세계에 우리가 통제의 대상으로 인식하는 것 같습니다. 법에 대한 판결도 우리에게는 초코파이 하나도 커피대 동전도 절대 악이 되어 그들의 일탈은 그렇게 할 수 있어 외로워지기 때문입니다.|||아이들의 싸움에서 때려보고 놀릴 때 누군가 정말 때린다. 이것은 진지하다. 치기 전에 증거를 확보해야 한다. 그들은 지금 때리고 싶다고 아우슨이다. 비추한 단죄를 하지 않으면 머리에 각인시키지 않으면 다시 그런 행동을 할 수 없다.|||든든하다.|||따뜻하게 나오는 단단한 의지와 강철심장을 장착한 용기가 필요한 시간이 또 ..깨어나 마지막으로 이긴다.|||국민은 매우 사법부를 믿을 수 없다는 견해를 하면 천불 국민세로 급상승하는 공직자가 아닌가 잊어버리는 행동|||기분이 좋지 않은 논리 호흡을 참고로 들었습니다.|||오늘도 감사합니다.|||감사합니다. 교수, 언제나|||사람이 위헌적이다. 법을 위협하는 이들이 사법의 본거지를 점령하고 사유화하는 반민주 반헌법적 범죄행위 일체법조 카르텔 일망 타진, 이들이 개혁 대상이다.|||하루가 끝나면 논을 들으면 편안합니다. 설사의 내용이 우리를 화나게 하는 것이라도 생각을 정리시켜 줍니다. 지금의 문제는 장기전이므로 지치지 않고 오랫동안 가는 것이 중요하기 때문에, 단지 일상의 하나로 해 나가려고 생각합니다. 논을 길게하십시오.|||오늘도 고마워|||공정과 상식의 올바른 언론은 널리 알려져야 한다.|||정치에 로망은 없는 역사의 심판만 있을 뿐이지만, 역사는 승자의 기록임에 유의해야 하므로 꼭 승자가 된다|||오늘도 최선을 다합시다.|||항상 정말 고마워요",1,1
vHPMOk-4bZE,판사를 뭘 보고 지기영의 뼈 있는 한마디,"판사는 무엇을 보고 있는가?|||판사. 재판관을 무엇으로 보고 있는 것을. 새싹을 내주세요.|||노상원은 민간인이며 사령관이 아닙니다.|||재파를 했습니다.|||아, 내 귀가 썩은 것 같다.|||지경연|||재판관을 무엇으로 보고 지경영의 뼈 있는 한마디 현장섭 연합뉴스TV YonhapnewsTV 이 타이틀은 어떤 놈이 붙었는지? 내용을 보면 지경이 뼈 있는 한마디? 기자여, 당신이 보았을 때 어떤 나무가 뼈가있는 한 마디입니까? 정말 언론과는 탈을 사용한 회사 개혁이 긴급하다.|||X 밥|||극우유투버급 변호사와 아야지 판사|||실패한 내란범이 기가가 죽지 않았다면 분명히 법원에 문제가 있는 것은 아닐까? 국민이 단두대를 직접 세워야 하는가? 법정을 이렇게 재미있게 한다니. .|||어째서, 보지 말라!|||내란재판이 넓고… 재판장 재판지휘는 오락진행자인 것 같다|||판사는 무엇을 보는가? 네, 그렇지 않습니다.|||나는 당신이 재판을 한 후에 판사를 조스로 본다.|||개그 아니었어?|||너가 채워 보이도록 자위했지만 지금과 누구를 가르치는지?|||무슨 부끄러운 ... 듣는 것도 싫다 법정 모험이 아닌가?|||하고 싶은 이야기가 무엇인지, 지경파사의 말은 재판부 재판관을 무시하는 것이 아니라, 공정한 판결을 하기 때문에 걱정하지 말아 주세요.|||그 이미지 누가 만든거야? 귀연의 키자니아 체험을 보고 전국민이 스트레스|||내란재판부가 아니라는 여론을 끌어내기 위해 지귀련을 정의의 재판관에 포장하려고 하는 연합뉴스의 눈물 힘든 노력|||지씨! 노래방? 중졸인 나도 너희들 보면 한심한,|||지귀의 제휴에 사법부를 더 불신이 되었다는 것만 기억하십시오.|||판사를 무엇으로 보았습니까? 변호인단은 법원 완전히 알로 본거야?|||지경이 재판장인가?|||지기영 재판방송을 보면서 판사가 얼마나 재미있는 존재인지 알았다. 지규영이 국민에게 진실을 알린 것은 큰 의미가 있다고 생각한다. 우리나라에서도 지금은 재판관운이나 재판관의 마음도 재판 결과가 나오지 않도록 배심원 제도가 필요하다는 것을 느끼게 되었다.",1,1
Q6xI2fgZbyw,투나이트 문제 통일교사 윤영호 추가 노출 없음,여야당 모두 공평해야 한다|||통일교에서 돈을 잡은 야당 국회의원들의 싹. 조사하십시오.|||이재명의 특검은 통일교에서 똑같이 여당 야당에게 돈을 주었지만 재명은 여당은 조사하지 않고 야당만 당을 압수수색한다.,0,1
ynCKIg76Qhk,"통일교 때린, 전재수 의혹에 발 굽! 실명도 얽혀? 완전히 혼란! 박상규 시사평론가 굿모닝 한국","인터넷TV 신규 가입 시 최대 48 휴대통신사 변경 시 최대 30 정수기 대여 시 최대 30 합계 108만원 특전! 혜택이 제3자보다 적으면 차액 150 보증 https abit.ly 89klwr|||천벌을 받는 사람들 가장 무서운 것이. 인간이라면 정말 대단한 국민입니다.|||국회 해산시 의원구 의원도 조사하라|||민중기관 중 특별검사팀도 특별검사|||수사하십시오|||민중기를 특검하라 국민의 명령이다|||통일교회에서 돈을 받은 모든 사람을 특검하십시오.|||끔찍한 놈들ㅉㅉㅉ|||특검이 특검을 받|||정치인들은 국민혈세로 급여를 받아 국가와 국민을 위해 일한 것이 나라였다.|||통일교해는 이 죄명민주당도 해체해야 하는 종교입니다.|||엉망에 옥이 있습니다!|||정재수! 지금 얼어붙은 시대인데 돈을 받아 시계를 받고 있는 것인가? 액세서리에 버리지 마십시오.|||법 위반의 주인이 법운운하는 것은 귀찮은|||개혁은 이재명에서 해야 한다|||특검을 특검하라. 전과 4 카테고리|||박상규의 평론에 감사드립니다.|||정재수 부산에서 정치가 끝났다|||정재수 장관 자격 없는 정치생명이 끝났다|||특검해야 합니다!|||상관 없습니다. 돈이 나옵니다.|||한겨레신문이 보도한 지금 세상은 곧바로 서있을 것이다 한겨레신문 파이팅|||정치가들 매일 뉴스에 사고하면 나라의 발전을 위한 일은 언제 할까? 정말 한심하다|||겉보기에 다른 비열한 인간들, 이제 종말이 닦아 왔습니다.|||침몰 중",0,1
HrpAI2QkWFk,"뉴스 하이킥 내란 전속 재판부와 통일 교회 게이트, 백해룡 수사까지… 이동형 진단은? 모바일, MBC 251210 방송","마약 특검이 필요합니다|||마약 수사 무마 의혹은 평론의 영역이 아니다.|||약이 대량으로 들어온 팩트! 상황은 있지만 아무도 처벌받지 못했습니까? 사실!|||청와대 청원해야 한다. 마약 사건 특검. 국민이 해야 합니다.|||수사기관의 의심스러운 사건에 관련기관의 압수수색조차 제대로 하지 않아 완전무의를 발표할 수 있을까? 더 이상 없어요.|||특검에 가야 한다 검찰에 맡기지 말라|||핵심은 수십 키로 마약이 인천세관을 관철해 국내로 반입되었는데 이를 마약범들이 단독으로 한 것인가?|||코멘트도 정상이므로 다행입니다.|||그렇게 대량으로 마약이 수십번 들어오는데 세관이 몰랐다면 진짜 대한민국 신관 문제 있는 것은 아닐까?|||마약범들이 몸에도 가만히 감아 검색대를 무사히 통과하는 경우가 한 번도 두 번도 없이 말이 된다고 생각할까! 수사검사 놈들이 수사를 하는 척을 하고, 제대로 하지 않는 무죄를 만든 것은 아닐까!|||실체가 없다? 그렇다면 약이 세관을 통과하지 못했습니까?|||이동형 목욕을 먹어야 한다|||이것을 특검해야 합니다. 둘 다 덮으려고합니다. 냄새 진동을 하다|||압수한 약은 밀가루로 보도된 cctv는 재현했는가? 확증 편향으로? 수사팀의 해체 좌천이 된 것은 망상인가?|||필요없이 당시 지적된 관세청 사람들이 휴대전화를 교환한 것이 증거|||백해룡 수사팀은 왜 해체했는가? 수사를 계속한 조직은 왜 아무것도 모르는 것일까? 기본적인 질문에 대답하지 않고 덮고 싶은 사람은 누구입니까?|||국가와 국민의 미래가 걸린 마약 문제입니다만, 단지 통과할 수 없습니다 반드시 특검 가야 합니다!|||백해룡에게 힘을 주어 수사시켜야 한다!|||아니요, 마약 수사를 밝히고 싶습니다. 모두 쉽고 멈출 수 있습니까? 이상합니다.|||어느 날 갑자기. 하늘에서. 약이.|||몸에 마약을 테이프로 칭칭 감아 세관을 통과했다니 이것은 사실이 아닐 것이다. 누가 문을 열어 주었기 때문에, 들어와 수사 외압이 있었으므로, 백해룡 경정은 좌천이 되었다! 검찰을 믿습니까? 임은정은 정의임을 확인했다.|||확증 편향은 이동형이 당신인 것 같습니다만…|||동현아 법사위의원 구성이 너무 강하다고 하는가? 해킹이 없습니다. 국민을 원합니다.|||말할 수 없습니다. 어떤 확증 편향의 증거가 있다고 생각합니까? 왜곡됩니다.|||들어온 것은 사실이 아닙니다.",1,1
06WLrVc-NL4,뉴스하이킥 국력당무 감사위원회,"뉴스하이킥 응원|||분명한 정당법 위법행위범한 이호성, 장동혁 반드시 처벌되듯이….|||김종혁 최고위원이 응원합니다.|||장씨와 이호성은 개인정보보호법 위반으로 고발했다.|||장 레 나팔 다리 사이에서 놀고|||이호성 장동혁 정당법 위반 개인정보법 위반으로 고발|||장동혁 한심한 작가가 하는 것이 진정한 고민이다. 끝까지 발악을 하네요. 지금 사그리드는 불꽃 아무리 주어도 끝이야. 장동혁|||장동혁 고소하자|||장동혁 지도부 사퇴|||권승표 뉴스하이킥|||뾰족한데 뭐가 잘못되었는데|||장동혁은 유통기한을 지나버립니다.|||불법이라면 고발하십시오.|||장예창을 어떤 자격으로??? 국력 진정한 수준 저하|||장동혁은 끝났다. 부럽다면 실력과 근면함을 이긴다. 그리고 내 돈을 내주세요.|||장동혁이 미친|||불법이라면 고발을 하고 있었는지,|||MBC 방송은 싫었지만 진행 패널도 그렇게 진행되는 분도 앞으로 자주 시청합니다.|||장병심은 민주당의 문제를 덮는 짖는 것뿐입니다.|||윤강희 비판? ㅡ 추수감사절 수여|||티질이 오랫동안 끌릴 것입니다.|||국심당은 인생을 파리명을 다루는 무섭고 잔인한 정당이다|||점멸하지 않아도 정광훈이 눈치챘지만 과도하게 점멸하지 않는 데다 피해만 걸어 날아야 한다.|||장동혁 이호성당 게시판에서 고소하십시오 개인정보보호법으로 정당법 위반으로 고발해 주십시오. 경찰에 고발하십시오.|||윤석열은 무죄였지만 정치는 못",1,1
15AXcNZuwII,1분 바삭삭창동혁 체제에 엑셀 밟는 나경원의 세 가지 배경?,"장동혁은 꿈인가? 소가 웃는 것입니다.|||둘 다 사퇴하라. 극우지도부 전원..|||깜박이지 않는 것이 꿈|||그런 아이들이 재판관이었던 것을 보면, 현재 기묘한 재판관들의 대부분도 이상하지 않고 내란당 의원 진이라는 것이다.|||깜박이지 않는 간장 종지 강 사쿠라|||권씨 둘이 사라졌기 때문에|||장동혁과 지도부는 모두 사퇴하지 않으면 국력이 살고 있다. 정치경험 자랑하는 나경원이 그렇게 공심 없이 사심에 사는 여성이라고는 몰랐다.|||진짜 얼굴을 한다.|||냄비 펄이 사실상 내란당 상대표라고 하는 설이 진짜인 것 같아, , , 그래서 무소불에 설치하는 것이다, ,,,|||장동혁은 꿈꾸지 마라.|||둘 다 한동훈과 적 사이의 공통점|||오세훈이 적은 국세에 있다.|||누가 마음대로 시장을|||깜박이지 않는 것끼리 ㅎㅎㅎ꿈|||ㅉㅉ 오세훈은 싫지만 나경원보다는 오세훈이다.|||오, 정말로|||장동혁은 어떤 측근을 가지고 있는가?|||두 사람은 아마 큰 범죄를 저지른 것은 아니다.|||진짜|||둘 다 눈으로 돌아왔다.|||미친 진, 나|||나경원은 대표적인 극우 기득권세력 표본이지만, 매우 이 기회에 뜨거운 맛을 보이지 않으면 서울시장이 아니라 나팔에 남을 수 있도록 본인과 가족을 위해 정치를 하는 내란당은 이번에 낙동강 오리얼이 왜 있는지 가르치지 않으면 국민을 위한 정치를|||장동혁 판사ㅎㅎㅎㅎ|||둘 다 꿈입니다.|||오창석이 서울시장에 나와도 국력은 찍지 않는다!",1,1
9urn2GDFRsc,"국력 국회 전 텐트 농성 돌입, 장동혁 폭탄 발언 2025.12.10",기가막히고 기가막힌 나라다!!! 장동혁 김민수님 화이팅입니다|||내부 암덩어리를 먼저 도려내야...|||장동혁 대표님 응원합니다|||하루빨리 제명시켜라 40명없어도국민이함께한다|||8대 악법 막아내야합니다.,1,0
qxYBiXMBH5A,법왜곡죄 관련 핵폭탄급 사이다 발언 날려진 박현명 변호사,"마음이 문클|||대단한 싸움|||시원한|||눈치채는 것만입니다 자격 미달들의 만드는 방법은 분명한 것을 위한 것뿐이라고 하는 걱정으로 심합니다.|||끔찍합니다.|||올바른 말입니다. 국민은 모두 그렇게 생각합니다.|||찬!!!!!!|||변호사! 멋지다!|||국민은 화내는 법을 살리고 재판을 받|||존경|||올바른 말입니다.|||올바른 말입니다. 대다수의 국민들은 공감할 것이다.|||멋진 단어!|||정말 멋져요 올바른 소리|||이것은 매우 존경 해 주셔서 감사합니다.|||속이는 시원한 나가세|||이것은 바로 말입니다.|||최고|||올바른 말씀에 감사드립니다.|||이것이 국민 다수의 상식적인 생각입니다.|||정신이 맞아 주셔서 감사합니다.|||올바른 소리를 들어 주셔서 감사합니다 눈물이 있습니다.|||국민이 화내는 우리의 피와 땀혈세 외교대참사 외위죄|||널리 알아야 합니다,,,|||정말 멋지다",0,1
FUbX8-nz_00,추미에이어 원형 마이크를 끄십시오.,속지 않는다.|||내란은 진정한 더블당이다. 완전독재다.|||듣자 국민도 들을 권리가 있습니다.|||피를 내뱉는다 피가 부드럽게 솟아나온다.|||미친다 미친 나라를 어떻게 이지경으로 쑥밭을 만들 수 있을까? !|||국회 해산|||이나리가 진정한 아름다움으로 돌아온다|||원원연령을 낭비한 그 인간이 국회의원장. 진정한 숨만. 나가다|||국회의장의 인간은 독재자|||나는 경원이 최고입니다. 목소리에 눈물이 있습니다.|||원화식이 국회의장이라고? 더블단의 서투른 것이다.|||나경원 파이팅|||나경원. !!!!진짜 투사가 되어가지 마. 자유민주주의의 마지막 감시자|||완전독재|||나라 미치고 돌아가는 원원식 내려와|||국회법을 좋아합니다. 국회의장입니다.|||원식. 왜 말하는 것을 좋아합니까? 너희들이 법을 운운할까|||내 세력은 무엇이며 민주당은 내 당입니다.|||나경원 위원의 말이 맞다.|||원식은 멀지? 의회 독재를 그만두고 싶다|||슬프다! 국회 해산이 대답이다! 원식 실망이다. 피를 토하는 나경원 의원 응원합니다.|||나원경 하이팅|||나경원 의원님 올바른 말 잘하고 계십니다.|||원식아웃|||점멸해서는 안 되는 것이 국회의장을 하므로 국회가 개판이야.. 발언권을 막는 원화식...,0,1
d7TZNaRprOE,"국민의 힘 최수진우 원식, 무제한 토론 중 정회는 불법… 강력 규탄한다",국회의장 원화식을 내려 범죄가 재명두인을 막는다|||원화식을 특검하라!|||최수진은 파이팅입니다. 주범입니다ㅡ추미에 서영교 김영민|||우원식 의장직에서 부탁드립니다.,0,1
FvU_Xi423YI,계엄 결정 이유! 일본 극비 문서와 일본 통일 교회의 이주 계획?,"김근희 윤석열 김정식 최은승 백해 용마약 무속주술 특검 유튜브 채널 탐사 저널 ON을 통해서는 탐사 취재를 전문으로 보도합니다. 열공 광고 안내 https openmindtv.store 광고 제휴 주문 CS 문의 010 2885 3244 마이 보험 체크 홈페이지 https myinsurance check.com 9503 해피 공유 https www.ihappynanum.com Nanum B CQ4U04MFOL 페이팔 Newix naver.com 좋아요 클릭하면 더 많은 잠재고객이 시청할 수 있습니다. 채널 회원 등록 https www.youtube.com channel UC4y2Jx26qCb7CrSt i5bf1A join 정보 제공 t 8nSXln4C83d r 1 인스타 https www.instagram.com officialopenmindtv 오픈 공감 TV 비디오는 공유 및 소스 코드 배포|||정말 열린 공감은 최고입니다.|||그런 푹신푹신해도 생명의 지하를 원한다면 큰 오산이다. 반드시 역사의 심판으로 깨끗이 정리해야 하는 악마들입니다.|||김정식을 특검하라! 열공열공!!호팅!!|||김정식을 구속하는 김정식 김근희 최은승|||자국민 학살 이력이 있는 대한민국이므로 엄격하게 처벌. 징수해야!!|||끝이 없는 죄악이 언제 모두 드러날까? 최선을 다하십시오.|||그날 밤 국회를 지킨 여러분 덕분에 이 나라는 멸망하지 않았습니다. 자유를 지켜 주셔서 감사합니다.|||진짜 진짜 하늘이 돕고 또 봐도 아픈 시간이었습니다.|||열린 공감 TV 응원합니다!|||목숨을 걸고 국회에 가서 늑대군에 멈추도록 방송된 정천수 대표는 매우 존경합니다.|||열공 최고의 최선을 다하십시오|||사형도 가까운 죽일 때도 서서히 고통에 무거워야 한다.|||열린 공감이 최선|||일본과의 연결을 수사해야 한다! 2023년 윤석열처럼 일본간 사람들은 모두 관련되어 있다고 생각하면 된다! 주경호, 김은혜, 최상목, 박진, 김태효|||정말 그렇다면! 이것은 정말로 사형이어야합니다!|||열린 공감 TV 정천수 pd씨, 취재기자님, 직원 분들의 목숨을 걸고 취재되는데 운영비가 없습니다. 매월 정기 후원하여 열린 공감법인을 지킵시다. 집단지성의 힘으로 기적을 일으킵시다 각각 종교가 있는 분은 열린 공감법인과 열린 공감의 정청수 pd씨, 종업원의 건강과 안전, 안정적인 재정, 그리고 한국을 위해 기도합시다.|||다시 내란에 나가도 생각하지 않는 사형이나. 용면의 무기 징역으로 법을 개정하십시오.|||전쟁을 모방한 것은 분명하기 때문에, 한 번도 두 번도 없고, 꾸준히 북쪽으로 무인기를 보내 총격하고 대포격하고, 미사일 쏘고, 전쟁을 하고 싶었지만, 핵을 사용하지 않는 한 재래식 무기와 군사력은 한국이 넘기 위해서 북이 한국을 이기기 어렵다는 것을 절대 잊고는 핵을 사용하면 누가 이기고 패배가 무의미해진다.|||한국 최고의 미디어는 열기 응원해 주셔서 감사합니다.|||탄핵이 다시 봐도 눈물|||언제나 열려 공감시간을 기다리고 있는 가입자 80세의 노인입니다.|||걱정|||지금 봐도 너무 무서워요.|||열린 공감 TV는 언제나 응원",1,1
Ww4ze6K80Gs,"취재공책 65 백해룡, 대통령실 관계자 및 정부 인사를 만난 적이 없다 조국혁신당직자 김작가 고발? 부산민주당 내홍 심각!","3 20 인트로스킵 임은종 백혜령 마약조국 부산민주당 민주당 특검 유튜브 채널 탐사 저널 ON을 통해서는 탐사 취재를 전문으로 보도합니다. 열공 광고 안내 https openmindtv.store 광고 제휴 주문 CS 문의 010 2885 3244 마이 보험 체크 홈페이지 https myinsurance check.com 9503 해피 공유 https www.ihappynanum.com Nanum B CQ4U04MFOL 페이팔 Newix naver.com 좋아요 클릭하면 더 많은 잠재고객이 시청할 수 있습니다. 채널 회원 등록 https www.youtube.com channel UC4y2Jx26qCb7CrSt i5bf1A join 정보 제공 t 8nSXln4C83d r 1 인스타 https www.instagram.com officialopenmindtv 오픈 공감 TV 비디오는 공유 및 소스 코드 배포|||결론은 마약이 대량의 세관을 통해 들어왔기 때문에 관련 세관검사를 모두 직무유기로 파내야 한다.|||역시 신뢰할 수 있는 열린 공감|||백해룡 경정을 포함한 상설 특검만이 대답이다 순식간에 공범이 된 합수부 관계자들은 이사건으로 손을 떼어 국민의 명령이다|||마약 특검 반드시 철저하게 진상규명하고 긴력 처벌해야 합니다 열린 공감회합입니다|||이 모든 사태의 원흉은 마약이라고 생각합니다.|||정말 화가 났어! 마약 상설 특검 !!! 필요합니다|||임은정은 전 국민이 속인 부패검찰의 프록치였고 한통속이었다.|||열린 공감이 이사건 진실 규명을 위해 나와 주셔서 감사합니다. 열린 공감을 지원합니다!|||저는 이번 마약사건은 내란하고 똑같이 처벌을 해야 한다고 생각합니다.|||백경정은 믿는다. 고군분투에 감사하고 일관성에 응원합니다.|||임은정 지휘관 대 실망 백해룡|||결국 과정에서 임은정과 같은 마스크된 검사, 정치가들은 모두 밝혀집니다.|||열린 공감! 정말 대단해요! 힘들고 어려움도 많았습니다만, 참고를 견디면서, 지금까지 옳다고 올바른 소리를 내 주셔서 감사합니다. 찜 기자님! 완전 짱|||도대체 나라가 얼마나 썩은지|||임은정 체커장의 정신!|||임은정 지검장은 두 번째 윤석열이었음을 보여준 것입니다. 이전부터 윤석열과 커뮤니케이션을 한 임은정 검사였습니다. 이런 식으로 뒷통수를 받습니까? 이것은 할 수 없습니다. 민주당은 정신적으로 청소해야 합니다. 결국은 마약 특검의 명분을 얻은 것이므로, 제대로 특검을 지정해 확실히 탈탈 치고, 끝까지 범인을 색내야 합니다. 김건희 일가를 비롯한 세관과 검찰 및 경찰까지 정조준하여 발본 색원으로 마약 카르텔을 깨달아야 할 것입니다.|||열린 공감심에서 응원합니다. 최선을 다하십시오.|||열공해주세요! 시라카미 류 편에 서십시오.|||검사도 일반 공무원처럼 일반 징계, 파면 처분이 가능해야 합니다.|||말할 수 없어|||가담 인원이 너무 많아서 손 기다리기가 힘들다고 생각한다 그렇게 철저하게 수사를 해야 하는데 백경정 혼자만 바보 만들어 버린다|||마약 관련 특별검사단을 구성하고 철저히 단속해야 한다. 그 대량의 마약이 세관을 통과해 들어왔지만 세관뿐만 아니라 관련 검사의 모든 것을 조사하고 철저히 깨뜨려야 한다. 백경정의 마약 단속이 쉽지 않다. 검사가 또 가짜 조작을 하는구나.|||취재 대책은 매우 좋다ㅎㅎ|||시라카미 류 님 격렬하게 응원합니다.",1,1
tIM4I1TjXw0,역사적 단죄가 먼저!!,"타이틀 톱 열공 예능 코콤 2 줄리 재판 김강희, 증인이라고 부른다! 백해룡의 반격! 을 클릭하면 본편을 볼 수 있습니다.|||약물 수사는 지구의 끝까지 파고 갑시다. 백해룡과 투게더 누가 승리하자 끝까지 ing|||백혜령 정경의 마약 카르텔을 가리려는 연애사건을 가린다! 조진은은 소년법을 위반했다. 검사 조선일보! 인간의 말이다! 검찰은 또한 사람을 죽인다! 대한민국 국민을 살려라! 약은 사형입니다!|||열린 공감 TV 정천수 pd씨, 취재기자님, 직원 분들의 목숨을 걸고 취재되는데 운영비가 없습니다. 매월 정기 후원하여 열린 공감법인을 지킵시다. 집단지성의 힘으로 기적을 일으킵시다 각각 종교가 있는 분은 열린 공감법인과 열린 공감의 정청수 pd씨, 종업원의 건강과 안전, 안정적인 재정, 그리고 한국을 위해 기도합시다.|||천회해도 올바른 말|||내란의 범죄자|||지금까지 보수당이 그런 식으로 국민을 이용해 온 것을 전혀 몰랐습니다 ㅜ정치 정치는 정치인이 알고 있을 것이라는 생각으로. 소식도 제대로 보지 못한 목소리 큰 누구의 생각, 자주 회자가 되는 말이 사실일 것이고, 진실인지는 묻는 생각도 하지 않았습니다. 아마 수십 뉴스를 봐도 자세히 비교 분석하지 않고, 단어도 어렵고, 대략 보고 크게 자주 말한 키워드만 남을 것입니다. 공중 파케일 뉴스들 봐도 좌우로 나누어 어차피 왜곡하는 내용 혼합해 가는데. 열린 공감처럼 잘못된 정보를 바로잡는 언론을 건드리지 않았다면 아직 진실인지 모르고 살아 있었을 것입니다. 또 고발성 유튜브의 정치영상도 법사위에서 놓고 거짓말을 하는 주진우 의원을 보여주고 때때로 도움이 되었고. 그래서 다시 정보 왜곡하기 때문에 구독 취소했지만. 지금까지 불법, 거짓을 신경쓰지 않는 보수당에 반론해, 진실을 알리고 바로잡기 위해 얼마나 신경써 태어난 것일까… 부산, 울산, 포항, 강남, 대구, 송파, 광진, 구리는 정말 힘들다. 계몽하면, 지금 내란 및 해결해야 하는 국가 문제는. 단순한 여야 문제가 아니라는 것을 직시하고 조심해야 합니다. 이마우치란 종식은 소수의 정치가에게 맡기고, 또 일상으로 돌아온 분들도.|||반미 특위 때 싹트고 청산하지 않으면 국민의 힘이 없지만 이승만 건국의 양치 때문에|||이재명 대통령이 일사천리를 처리하라! 마약 조사의 명명 백백을 밝혔습니다! 국민의 고통이 통증을 잘 알고 있습니다! 12.3내란? 공범 사형이다! 국민의 포켓을 탈탈해 가는 공무원들! 싹 버려주세요! 왜 요직에 앉아 배만이라고 불리는지 도둑 놈들을 잡고 싸움으로 재산 몰수해 주세요! 국민이 병으로 죽어 간다!",1,1
qb8PVDARYOE,"김건희, 징역 15년보다 큰 녀석이 기다린다","가장 중요한 것은 사면을 없애는 것이다.|||김건희에게 뇌물을 준 모든 인간들을 구속해야 한다. 김건희가 무엇인데 김건희에게 뇌물을 주고 자리를 차지한 인간도 전원 구속을 하고 감방에 보내지 않으면 다시 김건희 같은 인간이 나타나지 않을 것이다. 김강희의 모든 재산을 몰수해야 한다. 해외로 빼앗긴 재산도 철저히 돌출해 몰수를 해야 한다. 윤석열과 김건희는 사형이 되지 않으면 종신형을 시켜야 한다. 사법부도 마찬가지로 개혁을 해야 한다.|||김씨 부인이니까 열심히|||양평수사는 시작되지 않았다|||가니의 약을 조사하지 마십시오.|||김기현 부동산 조사 등|||묘진이 요즘은 외롭네요.|||기현아, 그건 너의 당 대표이야.|||눈이 왜 숨겨져 있는가?|||후세에는 이런 말을 하지 않으면 공명예라는 공희에게 뇌물만 주면 친일파가 독립기념관장이 될 수도 있고 계엄 지지자가 인권위원장도 돈만 쓸 수 있었던 시대가 있었다고 한다.|||자금 흐름을 조사하지 않는 것 같습니다. 돈 단위가 너무 큽니다.|||작동하지 않는 계산서가 있습니다.|||울산에 온 땅은 유명했습니다.|||특검 기간을 충분히 연장해, 충분히 수사시켜 주세요!|||2장의 젤이 나쁘다는 것을 알면서 2장 찍었다|||수프는 나쁜 것을 파파라치 수준으로 만드는 정도를 초과합니다.|||15년의 시작이기 때문에 진짜 피리도 30년은 보증되고 있습니다. 결론은 무기|||김강희의 아무것도 아니고 사람의 공무원이 아닌 검판조의 공무윈이 아니라 뇌물죄 성립하지 않는다는 결론|||공산당과 왕권은 그들의 법으로 군의 지위를 불문하고 국가와 국민을 보호하는 민주주의법의 불이행 시에 국민의 대표국회가 발군쇄신민주화를 이뤄야 한다.|||털이 많은 카피바라 대히트!!|||김건희의 눈은 왜? ㅎㅎ|||현금을 갇힌 것도 조사하십시오.|||김기현은 부인과 쌍둥이를 닮았다.|||우상호, 정성호, 앙규백.|||기다렸어. 구형. 나머지. 조사. 1년씩만 걸어도. 80세. 그래서 삶. 끝입니다. 판사. 감사합니다",1,1
IWM8qBCPkn8,"장동혁, 한동훈 정치생명 마무리","재미있는 건 연말 한동훈의 토크콘서트 1500석이 8분 만에 매진됐다고...|||패권을 잡은 동혁이 볼 때 동훈은 반동분자입니다. 아무래도 동훈은 정치판에서 사라져야 한다.|||정치 첫 학년 한동훈 당 대표가 당 게시판에 가족동원당 헤더 비방글이 아니다.|||한동훈이 원내대표실에 가면 뚜껑을 찾을 수 없습니다.|||장동혁의 쌍, 한동훈의 석가가 잘되면 두 사람 모두 국민의 적이다. 판사는 정치해야 한다. 이 녀석들은 미래를 개혁할 자질이 없다. 남의 뒤로 파고 다니는 것만 잘한다.",1,1
tukJcydbpNg,스피디 sPeeD 수첩 민주주의를 지키기 위해 혼신의 힘을 다한 시민,"의욕이 있다고 술 마실 수밖에 없는 녀석이 권력욕에 눈을 뒤집어 가지고 말해도 안 되는 일을 했지 않아서 그런 것은 선고 즉시 사형 집행해 버리지 않으면 이제 이런 일이 일어나지 않을 것이다|||그 저지 경찰을 여십시오.|||그 순간, 한치의 망설임 없이 국회를 향한 시민 여러분, 정말로 존경합니다.|||따뜻하고 정교한 한국인에게는 갑작스럽게 견딜 수 없는 멋지고 건강한 정신력이 갖춰져 있다.|||무조건 사형만이 역사를 반복하지 않는다|||무조건 사형이다, 사형 제도가 없기 때문에 사과도 하지 않는 것이다|||나치 판사들도 사법의 권위를 내세워 판결했고, 한국 독재시 판사들도 그런 독재자들의 법 포장을 조희대가 하고 있다.|||17 24 눈물을 흘리는 우리 국민.. 감사합니다|||천인 공로하는 것이다. 대한민국을 지킨 시민들에게는 존경을 나타냅니다. 민간인을 학살하고 독재를 꿈꾼 자를 용서할 수 없다. 그 독재에의 길에 동조하는 모든 세력을 용서할 수는 없다. 반드시 처벌해야 하며 오랫동안 걸려도 모방의 발본색원으로 반드시 벌해야 한다. 다만 혼자서도 용서해 주면 반드시 내란은 다시 일어난다.|||정말 기분이 나쁘고 화가 났습니다. 많은 국민이 선명한 그때 현장인 이 영상을 많이 보고 싶습니다. 국민이 막히지 않으면 정말 아프네요.|||지쳐 보면 조금 일어나서 끔찍할 수 있습니다.|||국민이 지키고 이재명 정부가 민주주의를 빛낼 것이다!|||어떻게 무서워서 알몸으로 목숨을 걸고 국회에 가서 경찰 병사를 멈췄습니까?|||한국의 민주주의는 국민이 이겼다고 하지만 반은 맞고 반은 잘못됐다. 민주주의를 만든 국민별로 있어 민주주의에 무임승차한 국민이 따로 있기 때문이다.|||윤석열.|||온갖 부정. 뇌물을 받고 자신을 반대하는 사람들을 죽이려고 한 독재자. 다시는 이런 역사가 반복되지 않는 것을.|||2024년 12월 3일은 온 국민이 기억하고 다시 이런 일이 일어나지 않도록 해야 한다.|||계엄에 참가한 사람들은 전부 조사해야 하기 때문에 다시 재발은 일어나지 않습니다.|||내란의 밤에 국회에 달린 사람이 없었다면 북한이었다.|||707 특공대원도 몰랐던 이것으로 옮겨서는 안 됩니다 그러면 모든 사람이 전혀 몰랐다 넘습니다|||제가 할 수 있는 것은 온라인 댓글과 응원뿐이었습니다.|||상식외 사태를 저지른 윤건희와 그 일당사회 전반에 깔린 나라보다는 개인의 영들이 목표인 내란범, 조력자들이 당연히 징계할 수 있도록 해야 한다. 그리고 우리는 인생의 희생이 없다고 아무런 일도 얻어서는 안됩니다. 결코 이 사태를 잊지 말라. 독립군처럼 주어질 수 있다고 판단해도 그 자리에 함께 한 위대한 국민에게 감사하며 끝까지 독일, 프랑스처럼 응징해야 한다.|||대한민국 민주애국 시민|||거리에 나와 혼신의 힘을 다했습니다. 아 눈물|||시민이 자발적으로 지켰다.",1,1
cm084UejE9s,트럼프 주니어가 한국에 참석한 이벤트 정체 PD 수첩,"매우 나라를 개판할 생각이지만 이런 인간에게 국가보안법으로 처벌해야 하는가|||대한민국에서 그런 판을 깔아준 조직을 어떻게 해야 할까?|||극우가 뒤에 돈으로 인수해 거짓말을 하고 있는지 그 중심에 내란당이 있어, 사이비 종교가 개입되고 있다|||큰 일입니다.|||입국심사에서…|||결국 전쟁의 소란에 빠지듯|||그들은 돈에 미친 것입니다.|||진짜 아 욕심도 아깝다. 외국인은 한국을 얼마나 호구로 보는가|||충돌이 지속적으로 극단적으로 되면 무력이 동원된다|||스스로 생각하고 판단하는 것을 포기하고 어떤 종교만으로 무비판적으로 믿고 맹신하는 위험한 부류|||그 미국인이 왜 우리 라나에 와서 그렇게 해서 흐트러지는 거야? 거기에 모이는 그 젊은이들을 어떻게 구제하는가. 힘들다.|||수구 기득권 세력의 저항 혁신은 계속하지 않으면 도태되지 않는다 발전을 거부하는 기득권 세력에 기생하려는 사회 초년생|||중국을 싸우면서 내란에 중국 용역업체를 말한다. 북한을 그렇게 탐하며 북한을 흔들며 전쟁을 일으키려고 한다. 공산주의를 그렇게 싫어하면서 중국, 북한을 모두 내란에 끌어들이려고 한다. 젊은 사람들, 조심하세요!|||휴… 이 조직적인 움직임이 나타나야 한다…|||한심한 한심하지ㅉ|||트럼프는 시작과 가장 친한 친구입니다.|||극우의 극좌였던 서로가 폴에 달려든 순간, 모두는 파괴되어 평화는 사라집니다.|||우리는 알고 잘 작동합니다.",1,1
LdAh_174-4E,"박나레 사이사이모 토론 확산복지성, 의미심장한 발언 짧은","정말 대한민국 의료법이 정말 같지 않은지 봐!|||주사보다 알코올 중독에서 해결|||의사여, 무슨 일을 하는지 이 두 가지 호소하라|||아이가 없다|||국가보안법을 폐지하려고 노력하고 있습니다.|||검찰은 몇몇 살인이다.|||이제 명 대통령이 범죄자인데 국민이 그런거야… 불법이 따로 있는 것인가… 여러 번 범죄자만 나가도 어쩔 수 없다.|||어쨌든 호남산당에!",0,1
DN_Zr1H2vPc,주말동안 주경호가 폭발했다! 이것이 사실입니까? 계엄하게 되면 .. 주경호 본심 첫 공개! 김창현 이은혜 김창현,"국민은 더 이상. 물러나지 않는다. 사법부는. 조심하세요|||반드시 구속해야 한다|||계엄령이 내려졌을 때, 국회의원이 국민의 대표로서 국회에 가야 하는 이유는 왜 당사에 가는지 분명히 불법입니다.|||불법 내란은 실폐되면 사형으로 처벌하지 않으면 국가의 기강이 빨리 됩니다.|||주경호|||주경호|||그 여자의 말이 진정하고 사실을 고집합니다.|||하늘천의 코멘트는 20억 잊지 말아야|||달성 군수 20억 공천 코멘트는 어디로 갔는가?|||나쁜 놈들 모두 털어주세요. 아주 좋은 프로입니다.|||엄마는 공무원에 불과했습니다.|||아주 좋습니다.|||주경호는 자신의 개인적인 이익을 위해 국가와 국민도 팔아 먹는 전형적인 국력 악마입니다.|||본인 공천 부정 20억 밝혀질까 국민을 죽음으로 몰아온 내란은 엄중한 처벌을 해야 한다.|||주경호의 행위가 싸움의 여지가 있다고 주장하는 판사는 계엄 자체가 불법인지 아닌지 싸움의 여지가 있다는 주장이군요.|||주경호, 윤석열 등을 기각한 판사의 얼굴을 공개하세요.|||국력 인간들은 김강희가 한 일도 지지하고 좋았다고 생각할까? 눈 귀가 있다면 상황을 파악합시다.|||가장 큰 내란 동조범은 법정 카르텔. 사법부와 검찰!|||내란 청산 빨리 끝내자.|||국사범녀들을 이렇게 재판하는 것이 국가의 사법부라고 할 수 있을까? 사법개혁 필요|||국회의원 회비에서 깎아. 해외 출장. 판공비에서 깎기|||인간의 탈곡기 이위윈의 시원하고 시원하고 깔끔하게 진행|||검찰, 언론, 사법성 모두 개혁하는 날까지 싸워야 한다. 내란당 정당해체 비호세력 조희대 사법부!|||독재자 하에서 독재국가를 확립하기 위해 내란을 일으킨 국민당은 역사교과서에 길을 남겨야 할 비극적이고 무서운 사건이었다. 일제 시대의 나라를 팔아 자신의 부를 축적한 자들보다 악독한 사람들입니다. 나라 전체를 상대로 도박을 한 국민의 힘을 추방시켜 그 죄치를 반드시 물어야 합니다. 절대 잊지 마세요!!!!!|||사형 집행에 대해 논의해야 할 때라고 생각합니다.",1,1
WHBFTv2Qg1M,분노의 이재명 이건 안 돼요 국무회의 얼음 무슨 일이야? KNN,"같은 노동에 대한 임금차별은 여기에서 인간차별이 시작|||아무도 생각하지 않았던 최저임금… 이제 당연히 익숙해져버렸다…|||맞습니다.|||진짜 마지막에 멋지네요 통일부 장관님. 청소용 임원 10년이 지나도 최저임금, 20년이 지나도 생활임금입니다. 정부 청사 직원이지만,|||최근 국무회의는 드라마보다 더 재미있다.|||점프 이런 문제 제기 정말 좋다!|||공무직에서 더욱 악용합니다 주 15시간이라면 주휴를 주어야 하기 때문에 14.5시간을 일하게 합니다 4일은 3시간|||이런 말을하는 대통령은 뾰족하고 마지막이다.|||이러한 회의는 정부의 행동이 때로는 일관성이 없다는 것에 있다고 생각합니다. 그랬지만, 내가 한 것 같습니다 ... 행동 지침이 있지만 실제로는 너무 넓은 범위이며 같은 헌법을 넣어도 이렇게 해석하는 경우가 많기 때문에 그러한 회의를 통해 차이를 줄이려고합니다. 별로 틈이 없는 건가?|||각 정부청사보다 깨끗해질 것이다…|||정말 맞는 말이다. 잘한다.|||아들 와이프는 준공 임원인데 이 잼의 말에 백배 공감. 사회적 병폐를 정부가 솔선범하자! 멋지다. 눈물이 조금, 목이 메이입니다.|||대단해 ㅜㅜ|||아... 정말 개인적으로 항상 생각해 왔어...|||경험하고 느끼고 고민하지 않으면 아는 것을 지금 이재명 대통령은 하나하나 깊이 알고 있는 느낌입니다. 그런 깊은 이해를 가지고 개선해야 한다는 의지가 이 사회를 바꿀 수 있을 것입니다. 어제 만난 일부 분은 자신은 정치를 잘 모르겠다고 해도 보수 YouTube 이야기를 듣고 이재명 대통령에 대한 여러가지 의문을 말했어요. 전에 각 진영별 주장이 있기 때문에 어떤 말을 해도 서로 믿을 수 없을 것이며, 국정 운영의 많은 회의가 YouTube에 올라오고 있기 때문에, 조금 장시간의 첨부서의 끝까지 보고 싶다고 말했습니다. 이재명의 진가는 토론과 회의에서 발휘되는 것을 이번 영상에서도 볼 수 있네요. 꼭 멋진 대통령으로 남겨주세요.|||이것은 멋지다 대통령|||한마디로 눈물을 흘리는 것은 멋지다.|||국가의 장소에서 고쳐야 할 최소 예산으로 무엇을하려고합니다.|||돈을 지불해야합니다. 살던 집을 전세한다면 그 돈에 해당 금액은 특혜다.|||너무 당연한 이야기를 하는데 그런 쪽이 대통령이라 다행이라고 생각한다. 언제부터 상식은 일상이 아니라 비정상이 되었을까?|||기업체도 전문직을 채용해 사용하면서도 최저임금만 주고.. 한층 더 인턴제라고 말해, 같은 업무에서도 1년 미만으로 최저임금만을 주고 고용.. 몇개월씩 돌려주는 고용...특히 디자인|||역시 민생을 걱정하는 대통령은 멋지다.|||판사의 검사 의식 등차 사무소를 주지 않고 장관의 주택을 얻으십시오.|||대통령의 민간. 가정 어린이의 가정 보육 교사의 급여가 근무 연수에 관계없이 거의 최저 임금입니다. ㅠ|||국무회의가 감동한 이재명 정부 오징어",0,0
nxzXCLd6yME,노상원의 치명적인 실수? 계엄은 법적 기반 준비 후… 수술 윤석열 재판 KNN,"그래서. 총선거에서 국력당이 이기면 합법적으로 계엄을 하도록 계획을 모두 수첩에 썼다. 라고 하는 말은… 1.계엄은 계획되고 있는 사전의 2.계엄 계획의 수첩인 확정과… 자신이 말을 증언했는지조차 할 수 없는 상태. 어떻게 보면 깨끗한 문제일지도|||정신적으로 문제가 있는 사람인 것은 확실하네요.|||승리하면 계엄이라도 좋을까?|||윤석열, 혹은 놈은 거짓말이다.",1,1
bF2b3AsjWPc,"법사위 3부, 풀영상 김영민의 충격적인 노출, 법사위 발각… 지금까지 속았다! ...","구독이라고 합니다. JTV 뉴스를 응원하십시오. 감사합니다.|||문주당도 말할 뿐만 아니라 곧바로도 희대의 범죄자 조희대, 지기영, 정대엽을 탄핵하라! 희대의 범죄자 조희대, 지경영은 분명히 법을 어긴 놈들로 헌법재판소도 탄핵 인용할 것이고, 정대엽은 모든 국민이 비추 동상을 보고 차관 지명되었지만, 낙마한 놈을 눈동자가 걸렸는지 그놈이 아니라고 판결한 그러한 판결이 탄핵 인용되기 때문에, 지금도 탄핵하라!|||마약 수사도 강하게 눌러가야 한다! 또 기각시킨다면 그 자가 범인이다!|||처대엽을 감옥에 보내면, 왠지 말하는 것은 장황설로 사람을 혼란시키지만, 정말 조심해서 물어야 한다.|||김 하쿠위도 모르는 사람이 무엇!|||지요바의 수사를 받아야 합니다.|||내란당의 테두리를 늘리다|||정대엽 김학의 무죄 판결|||조희대 정대엽지영 신동욱|||사실입니까? .. 김영민 의원에게 감사드립니다.|||부끄러움도 모르는 신동욱 입만 열면|||국력당을 듣고 싫어|||마약세관의 참여를 알고 있는데 법무부장관이 말하는 것은 부디 수사를 확실히 해 주세요|||김용민 의원 내 범죄자를 모두 버리세요.|||판사의 양심은 토끼 사이입니다.|||이재명 재판을 열고 유죄를 때렸고 곧바로 윤석열 무죄로 판결하고 석방시켜 쿠테타에서 큰소란을 하며 나라가 뒤집히는 악몽을 보았습니다.|||최혁진은 정말 논리적입니다.|||이것들은 법 개정이 무엇이 되어도 위헌 신청한다는 의미? 위헌재판 신청해야 하는 것이 아닌가?|||천대엽을 구속하다|||정대엽은 지가 차지한 척을 하지만 뒤로 가는 이들은 카르텔이 망가질까 생각한다.|||정대엽의 말만 말을 빨리 하면 국민이 모르는 것일까?|||유권 무죄 무권 유죄 누구를 위해서 무엇이 개혁이라는 이름으로 나라의 법률을 이렇게 훼손하려고 하는지 죄 앞에 성역 없이 수사해 잡으면 유권 무죄 무권 유죄 권력 있는 자만 살아갈 수 있는 곳은 공산 국가도 아닌 짐승들이 사는 정글밖에 없습니다. 인간다운 이유로 객관적으로 보세요.",1,1
ELSE0T6uedU,나는 그렇게 생각하지 않는다…,"감정 언제?|||완전 시비네|||이상상은 말미를 잡는다. 안녕하세요 레벨은...|||수정이야..|||기본적으로 상대방을 아래로 보면 내 말이 맞습니까? 라는 식의 화법, 셀 수 없도록 잡아 뭔가 하나 물어보고 싶다는 의도가 더러운 살인, 강간 피고인도 변호하면서 피해자를 조롱한 것 같다|||아래, 당신이 질문하는 것은 유도 질문이 아닌가? 답을 정하고 쭉 그 답을 얻을 때까지 계속 들어봐… 그런 사람이 어떻게 변호사가 된 것인가.|||증인에 대한 기본적인 예의 없이 ㅉㅉㅉ|||변호사의 라이센스를 확인하셨습니까? ? ?|||증인해주고 힘들게 나온데 기분 나쁘게 질문. 싫어하는 질문 태도|||정광푸니가 굳건한 사람 중 한 명입니까? 특별 검사에 유도 심문하지 마십시오.|||온나에게는 쓰레기 변호사입니다 광고를 하는군요.|||레벨에서|||그 변호사란 인간은 증인을 증인으로 취급하지 않고 어떤 잡범으로 생각을 하는 것 같다.|||변호사의 증인은 어디에 있습니까? 증인 서울에 있었다. 변호사 부산에서 홍길동이 돼지 쿠퍼를 먹었다는 것을 알고 계십니까? 증인 홍길동은 누구인가? 변호사는 서울에 있었지만 홍길동은 몰라? 이상하지 않아? 증인??????? ……이런 느낌.",1,1
rCuU3Litd7Q,"대통령의 작심 발언…내란 가담자, 특검에 의지하는 것이 아니라…",구독이라고 합니다. JTV 뉴스를 응원하십시오. 감사합니다.|||100회 올바른 말입니다.|||군대를 동원한 내란은 군형법을 적용해야 한다|||신선한 재명 싸움.|||법을 위반한 공무원 모두가 직위를 해제하고 엄격히 처벌하지 않으면 다시 이런 일이 일어나지 않는다.,1,1
-cqkKIVMM5M,국제 수치 작렬! 굳이 이재명을 만져? 미국 기자에 추가된 테러 위협!,"지금 이런 나라가 되어 버렸습니다.|||질투 망상 개척신. 국제 수치. 세계 수치. 글로벌 만세|||이것은 국가 최고의 지배자입니다 기자를 보호해야합니다|||진짜 나라 부끄러워! !!!!이게 뭐야!|||외신 기자를 응원합니다.|||이것은 최근 한국입니다.|||우리의 민 앵커 용기에 큰 박수를 보냅니다.|||정말. 부끄럽다. 나라가. 무너지는|||국민이 조심해야 합니다.|||뉴스 데일리 베스트의 용기 있는 펙트의 방송에 신뢰와 신뢰로 적극적인 지지와 성원을 보내,|||이 죄명 재판을 받아야 하는 탄핵|||외신 기자에게까지 압박하는 판에 국내 기자들이야말로 애완견이 되어 목덜미를 주는 밥만 받아 먹고 꼬리지 않으면 안 되겠지요? 먹이를 먹고 생명을 유지해야 하는 애완견의 돌보는 것에 감사하는 판|||엄청이구나…|||외신 기자에게 전세계에 알려주세요.|||스파이가 놓아 설치는 세계가 되어 버린 대한민국|||협박당한 억울한 기자 국제사회에 가르쳐 주세요 국제인권위원회에 이런 협박질소|||부끄러운 나라가 되자마자 잡아야 한다|||대한민국 대표 언론입니다. 감사합니다|||뉴스테리 베스트 방송은 언제나 감사합니다 응원합니다|||그러한 협박범은 고발하고 수사해야 합니다. 언론의 자유를 억압하는 자 헌법 위반에 감옥을 보내야 합니다.|||이재명 압도적인 기자 퓰리처상 후보자|||대한민국의 대통령이 아닙니다.|||항상 좋은 소식 감사합니다.|||대통령에서 자격이 없다는 것을 본인 스스로 부끄러운지 물어보고 싶다.|||중공이 멸망하지 않으면 부정선거가 끝난다ㅡ",0,1
uiJCpeW0qzc,밥을 먹는 서영교의 뼈,"서영교를 고발하십시오.|||네 개는 똥을 먹는다.|||왜 부끄러움을 모른다.|||국회와 같은 삼류도 이런 삼류가 없다. 정말 슬프다.|||아, 국회의 국회의원을 제거하고 무엇을 하려고 하는 거야?|||서영교는 목소리만 들어도 뜨거워|||멧돼지가 먹는 것을 제외하고는 할 수 없습니다.|||후분 구이|||먹어도 먹어도 배고프다|||코미디가 따로 업.|||돼지는 먹고 또 다른 것을 빼앗고 먹는 꿀 꿀|||레벨이란!|||국회 해산은 ㅜ답|||돼지는 항상 배고프다|||지금은 아무것도 없습니다.|||거짓말꾼 서영교같은 사람답게 살자|||말이 뒤틀린다.|||국회 해산하라!|||서연 다리. 떠다니는. 국민을 듣는 거북이|||서팔계는 여전히 배고프다.|||서팔계 대히트|||사팔 떫다|||돼지는 이것 그것 먹어도 배고프다. 그래서 또한 이것 그것 먹는다.|||정들곤다.|||돼지",0,1
E91q0N27H6A,주경호의 증언을 깨뜨렸다!,"정말이 방송은 최고의 예보에 감사드립니다.|||모두 일어나야 한다|||감사합니다|||왜 이런 진실이 나오는지,|||윤석열은 무고한|||돌아가야 해|||느린 진실로 피를 토한다|||직무복귀만이 이나라가 다시 사는 길인 윤게인 킹석열|||윤 대통령 해방|||문현배와 당시 헌법재판관 전수공수처에 신고합시다.|||두번입니다.|||뉴스 데일리 베스트 최고다!|||맞습니다. 진실은 늦어도 반드시 이긴다.|||늦어지기 전에 국가를 정상화해야 합니다.|||예, 범죄자는 대통령입니다.|||모래 위에 지어진 집은 반드시 무너진다. 헌법재판관은 역사심판을 받아야 한다. 인생은 심은 채 담는 것이다.|||윤 대통령! 법과 원칙을 따르는 훌륭한 대통령입니다.|||윤게인! 그냥 대답이다. 윤 대통령을 석방하라. 윤 대통령은 무죄입니다.|||사기극은|||사기 탄핵 원천 무효|||윤계경인 경호 의원 최고|||네, 나라는 죽었습니다. 다시 살아야 합니다. 계몽하지 않고, 나라가 이렇게 망가진 것을 몰랐을 것입니다.|||Min Anker는 최고입니다.|||처음부터 증언하면 정말 유감입니다.|||진실의 끝은 찬양하라!",1,0
dBD063grw4g,"이재명, 갑자기 백기투항 정천레 김병기 기습 만찬!! 이재명, 충격적 긴급 특명!","가짜 방송자는 민현 사상의 책임을 묻는다. 정옥형 안보정롱TV 이외 방송은 위조방송임을 알려드립니다 24시간 뉴스채널 등|||어떻게 모범이 될 국회 300 명이 나라를 먹지 않는의 선두에 서있다.|||국회를 해산하라.|||한번도 경험하지 못한 나라는 반드시 경험하게 된다|||새로운 법을 만들어라. 판단하면. 잡을 수 없는 사람. 재명 이후. 구속하다|||더블당 통일교에서 뇌물을 받은 자를 찾아 특검하고 구속시켜야 한다|||통일교의 뇌물을 받는 국회의원을 모두 구속한다|||안보 앵커가 당신에게 말한 것을 응원합니다.|||나라가 혼란하기 전에 좌파의 흐트러진 국정운영을 바로잡아야 한다.|||죄명만이 구속되면 나라가 사|||나경원 사람들은 지지하고 응원|||정말 분쇄하면 좋네요.|||이재명과 정천레의 만남은 이들이 할당할 수 있도록 하는 것입니다!|||이재명 재판을 받다|||종교에 대한 자유. 역압하지 마십시오.|||박사, 이건 나라니까 정말 걱정입니다.|||통일교회 파이팅!|||지혜가 있는 사람이 죽은|||특검 너무 불공정하게 수사하지 말고, 부당의원도 특검하라|||오리발을 내도 낭비다. 녹음한 것. 없나요?|||통일교 해체시키지 않으면 돈을 받은 정치인 모두도 조리 구속시켜야 헌금을 받아 이런 통일교. 기부하지 마십시오.|||국회의장이 더블당 의원이나 의장이라면 중립을 지키라.|||선관위는 민주당의 자리를 만들었습니다.|||권성동 대통령 탄핵의 공신이 아닌가?|||이 죄명 과정의 청각은 쇼일지도 모르지만 이미 시작된 행사입니다.",0,1
DD98XGTJ7L0,"김현지 힘든 서울 64.7 보상 74.7 중도 59.8!! 정천레, 긴급입장문!! 내란재판부 변협, 규탄 성명",김현지 이재명 김혜경 김민석 민주당 특검팀|||내란재판부가 성립하면 무수한 많은 특별재판부 이후에는 소후죽순으로 만든다. 힘의 논리로 만들어지는 것이다.|||내란은 존재하지 않지만 내란 재판부를 설치합니까? 대통령의 비상계엄을 내란이라는 말로 희소하게 기소하면 재판 결과를 기다려야 하는 것이다.|||법원 회의에서 회의를 하지 마십시오.|||삼권 분리 없이 민주주의는 존재하지 않는다|||김현지의 신분이기 때문에 왜 못하는데 그렇게 숨기는 일이 많을까|||김현지 특검 특검 특검만 대답|||여러 종류의 악법만을 만드는 더블단 무엇이 그렇게 무서운지 악법이 아니라 국민들의 사용법을 해야 하는지|||수사기관에 목공업무를 강화시켜 국가보안법 폐기를 발의한 민주당 국회의원 등 민주당핵심들 일제히 조사하라|||국회법사위 마구포획법 만들 수 없도록 심의기구 필수|||현재의 재판관들을 믿는 국민이 있는가. 누워 버리는 판사|||범죄자가 나라를 웃도는 법을 무시한 범죄자 이재명 김현지 김혜경 재판을 받아야 한다|||삼권분립에 의한 대법관헌재소장 이런 분들은 법조계에서 추천투표정치국회는 참여하지 않는다|||김현은 신분을 밝혀야 한다|||김현지가 신원을 밝히면 나라가 뒤집힌다|||김현지. 신분을 밝히는 것이. 더. 이상이 아닐까. 신분. 을. 부드럽게. 밝혀야 할,0,1
a78VoLyA0W8,"시진핑, 이재명 날았다!! 현지 언니, 또 파문 확산!! 조진은, 심야 긴급 입장문! 장영수 고대 교수, 폭탄 발언 내란 재판부는 불법!","알약 대한민국 안보정론 향상 응원합니다, 사전선거 폐지가 민주주의의 꽃,|||김현지 특검|||국보법 폐지는 국가를 포기하자는 방법이다.|||파이팅 멸공 리셋 코리아|||김현지는 간첩인지 김정은의 서투른지도 모르는 상황에서 가짜 대통령의 머리 위에 앉아 국정농단을 하고 있는 나라가 통째로 중공.|||국보법 페지 절대 불가.|||국보법의 발의자는 북쪽으로 가고 어떻게 이러한 법은 발의할 수 있는지 큰 일입니다.|||배신자 공천 절대 반대 주기만 해보고 장동혁|||나라는 완전히 걸렸다. 또 다른 신정부 투표가 필요합니다.|||낙선이 문제가 아니라 공산당이 아니기 때문에 왜 나누었다.|||그렇습니다, 응원하고 있습니다.|||28명은 총선에서 심판해야 한다|||국보법은 나라를 지키는 근간입니다.|||안보론은 항상 많이 있습니다.|||김현지 국정농단 구속 수사원|||시진핑이 이재명을 날렸다고? 그래요. 이재명이 중국이라면 죽고 살지 않은 사람임을 시진핑이 잘 알고 있습니다.|||조진은을 보고 이재명도 내려 정계에서 퇴진해야 하는 것 아닌가?|||민영배 김준혁 윤정혁 국보법|||항상 응원하는 파이팅입니다.|||안녕하세요, 잘 부탁드립니다.|||김현지|||조진은이 죄명보다 사람답다...|||반대!|||좋아요ㄷㅈ|||이재명은 닮았으니 따라가듯",0,1
ReJYiSqiWNc,송흥민은 대히트 했습니다!,"가짜 방송자는 민현 사상의 책임을 묻는다. 정옥형 안보정롱TV 이외 방송은 위조방송임을 알려드립니다 24시간 뉴스채널 등|||트럼프 대통령으로 해주세요 자유 한국을 도와주세요|||대통령 이사 선거가 열렸다.|||트럼프 대통령. 이재명을 처리해주세요|||안보론은 언제나 응원|||대장동 재판|||모든 것이 밝혀지면 지네가 죽기 때문에 죽는 힘을 다해 살려고 하는 것이 아닐까요? 법에 어긋나도 사는 길이 없으니까. 맞습니다.|||선관위는 신뢰할 수 있는 기관이 아니다|||그런 다음 이재명도 재판하고 중형에 처해야 할지 범죄자도 숨기고 처벌할지|||정청레와 민주당이 이렇게 오버하는 것은 개념이라는 기준을 가지는데 너무 엉망이 된 행보를 해왔다. 아무리 중국어인지 북한의 말인지에 따라 어디까지 가고 있는지 모른다. 반국가 세력이라는 것이 정확히 민주화되는 것을 보면 .. 대답이 딱 나온다. 스스로 살고 국익은 안중에도 없고 정쟁과 탄압을 위해 출산된 몬스터 정당 그 자체다.|||이민법원|||개법을 중단해야|||그렇다면 미친 건식들이 무엇을 하는지 하지 않을까. 체포해야 하지만 누가 할까?|||신문 기사에서도 충분히 알고 있는 내용을 이것 그것 타이틀만 엄청나게 붙인 것은 하지 말아 주었으면 합니다. 열정적으로 고마워요, 정말 고마워요!|||판사는 한 걸음 늦었다.|||아직 먹고 살아요...",0,1
_A2MOmUb754,"민주 뇌물 종합 특보! 이재명, 다이렉트 전화 의혹 충격 내용 채널 A!","한국의 백성은 믿을 수 없다|||돈을 먹은 정치인들이 부끄러운 일을하지 마십시오.|||특검도 무능하다 특검을 받으세요|||윤영호 본부장 재판에 협박하고 딜을 한다.|||서울 법학 전임 명예 교수 한인호 교수가 내란이라고 인터뷰한 것을 보고 전화를 던져 버렸습니다.|||장관도 죄가 있으면 특검을 받아야 한다 대통령도 죄가 있다면 감옥에 가야 한다|||특검을 직무 유기로|||슬픈 한국... 난 디에 가려고 하는데...|||늦은 시간까지 고마워요. 감사합니다|||밤늦게까지 수고하셨습니다. 통일 교회 관련 뉴스를 보면, 이 죄명이 또 유체 이탈화법을 하고 있네요|||대한민국의 사법제도는 사회주의공산국가에서도 볼 수 있는 후진국의 제도이며, 모든 탈법과 불법수사와 증거조작이 일상화되고 있다.|||눈치채면서 밀당을 하도록(듯이)… 전형적인 내남불의 사람들로 보여집니다.|||일곱 명은 누구입니까?|||통일교회에 돈을 받은 모든 사람을 알아보라.|||통일 교회는 정치 자금 저수지입니까?|||이재명 재판을 재개하고 부정선거를 밝히고 김현지를 검찰하며 민주당을 해체|||한국인 교수입니다. 첫 댓글에 잘못된 이름을 지정하고 다시 제출|||요점을 빨리 말하지 않고 뜸들이 소리가 많네요ㅠㅠ|||뉴스가 점점 터무니 없습니다.",0,1
72I65rwjBbE,한동훈 김건희 특검불출석 이유가 귀찮다.,"이봉규 대표처럼 부정선거 척도에 목소리를 내서 먼저 서 주셔서 감사합니다.|||인간이 얼마나 나쁜지 한동훈을 보면서 알고 있었습니다.|||한동훈과 홍준표를 잡고 함께 영원히 정계은퇴한다.|||속아서 시원합니다.|||그것을 보고 밝히는데 왜 그렇게 오래 걸렸는가? 지금 마지막 대통령 선거 부정선거를 밝히고 무효선언하라!|||당신은 건강해야 합니다|||징글진글핸훈9 33화|||시대의 명언 진실은 가발로 덮을 수 없다.|||나이 값을 붉게 한다|||패륜도 이런 패륜이 없다|||정말 교활한 홍준표 국민에게 부끄러운|||한동훈 이걸로 정말로 끝낼 필요가 있습니다.|||빨리 빨리 깜박이자!|||어떻게 이렇게 자랐습니까? 그래도 무엇이 잘못되었는지 모르겠습니다.|||이 악마를 반드시 감옥에 넣어주세요! 윤 대통령과 국가에 반역하고 막대한 해를 끼친 사악한 반역자! 천벌!|||구속이 대답이다,|||맞습니다.|||한동훈도 문제지만 국력 자체가 배신당이다.|||그때는 안녕하세요 지금도 옹호하고 있는 사람들과 함께 버리고|||장동혁 대표님 격렬하게 응원합니다. 배신자 기회주의자 멸공 척결!!!!!|||인 요한도 그랬어요. 우선, 토트한 것에 지나지 않습니다.|||응원합니다|||핸드훈 구속|||오늘의 교훈! 배신자는 즉시 처리해야 하는 고름이 죽인 점!|||한 형제들을 구속하는 윤리위원장",1,1
0KU-y9yEO7g,베네수엘라 다음은 한국의 경고 박승혁,"박수가 오늘도 고마워요.|||박수가의 비디오입니다. 오! 이봉규 선생님의 박수가 동영상을 올려주셔서 감사합니다! 박작가 이봉규 선생님이 최고입니다! 잘 부탁드립니다!|||성남동부연합, 선관위와 중국이 전세계 부정선거 주범.|||21대 총선 당시 파주시를 지역선거 명단에 197세.153세.147세 유권자가 투표했다는 기록이 있습니다. 197세의 김복선 할머니는 파주시 파주읍에 사는 것으로 추정되는 분입니다. 2020년에 197세였으므로 지금은 대단한 지금은 무려 202세가 되었어요! 1823년 순조 23년에 태어나 헌종철종고종종순의 임금을 거쳐 일본제국 36년을 샀고 이승만 대통령부터 최근 윤석열 대통령까지 모두 본 분입니다. 덧붙여서 김복선 할머니의 연세는 무소불위의 헌법법적 기관인 선거관리위원회에서 직접 인증한 공식 연령입니다. 주목할 점은 이번 탄핵 정국에서 열리는 2025년 6월 대선에서 김복선 할머니가 투표장에 나오는 지초미의 관심사입니다. 한편 미국의 지지된 대선에서는 뉴저지주에서 1700세 할머니가 투표되었기 때문에 일부에서는 김복선 할머니도 계속 내년 선거에 나올 것이라는 전문가들의 예측이 있습니다.|||공명선거 자유민주주의의 핵심!|||부정선거 공범자 청산 시에는 위장 우파에서 해야 합니다.|||부정선거 부정선거 중공이 망가지지 않으면 부정선거가 끝나는 ㅡㅡ거짓ㅡ아웃ㅡ카ㅡ|||윤석열 대통령은 중국 스파이단 체포를 더 이상 망설이지 않고 내일과 데데일하도록 거칠고 천하에 알려야 한다. 그럼 더 이상 나라가 망가지지 않는다.|||마법의 시대 현자 천인 출연하므로 지혜와 통찰력에 감사드립니다|||부정선거 중국이 백프에 개입한|||우리도 언젠가는 분명해질 것이다 부정선거|||맞습니다.|||나 같은 내가 저지른 범죄가 조금씩 공론화되어 파고들면 진짜 매일 매일 피곤해서 불안하기 때문에 밥도 먹을 수 있어 패닉에 오지 않는 것 같지만 정말 대단합니다.|||120세가 투표 부정선거 518 확실|||내정 간섭이 싫지만 우호 증진도 아웃시킨다|||뼈를 치는 아저씨 톱 업 젤 잼|||이명박이 민주당과 합심해 박근혜 대통령의 거짓말 탄핵을 이끌고 맹목적인 민주당의 후두부에 구속까지 되어 있었습니다 이것이 팩트!|||대한민국의 부정선거도 곧 밝혀질 것이다.|||해킹 사망자 26만명이 투표?|||중공ㅡ왕후닝ㅡ 부정선거 ㅡㅡ 가짜ㅡ 아웃ㅡ카ㅡ 부정선거 숨기는 자는 범인|||역대 부정선거에서 당선한 대통령 김대중 노무현 이명박 박근혜 문재인 윤석열 이재명입니다.",0,1
W2Hw8tcniag,전 CIA 요원이 전세계 부정선거 시스템을 노출,"부정선거 518 확실|||부정하게 제도화된다|||부정선거조작 선거 사기선거 불법선거 명백하게 밝혀야 한다|||더 명확하게|||부정선거는 만락의 근원! 야바위 도둑 정권 인하하자!|||그날 선관위 연수원에 연수원 직원과 기술자가 함께 작업을 했다고 생각한다. 이를 저지하려는 윤 대통령이 맞았다.|||대한민국은 일찍 부정선거를 일으킬 것입니다.|||한국의 선관위도 같은 조작입니다.|||부정선거 부정선거 중공이 망가지지 않으면 부정선거가 끝나는 ㅡㅡ거짓ㅡ아웃ㅡ카ㅡ|||트럼프의 응집이 고산 기지에서 다음 달부터 전개 될 것입니다.|||사전 투표 폐지. 수표합시다!|||여론기관이 여론조사를 다양하게 하고 있는 것입니다.|||가짜를 빨리 꺼내야 한다. 선관위의 싹을 제거해야|||대만의 간단한 투표가 부러워|||썩은 매스밀레거시 영원히 미워하자|||부정선거에 눈을 감고 있는 국민의 힘 국회의원은 ㅡ아웃ㅡ 부정선거에 대답한다|||수표!!! 투표를 날인하여 투표 상자에 넣으면, 개표도 통과 카운트!|||베네수엘라가 낮아지면 대가 대한민국은? 원조 부정선거 조작기계 제조공장 수출까지 한 대한민국은? 그래서 믿고 하창이 앞으로 50이라면 왜 중얼거렸는가?|||드디어 민주당과 선관위의 부정선거를 만나|||어리석은 문제는 부정 선거라고 말한 뉴욕 대학 교수가 생각나게 한다.|||세상은 도둑을 키웠다.|||전세계 부정 선거 카르텔 척! 한국도 덮쳐 부정선거 수사하라!|||부정선거에 눈을 감고 있다 cia 가담자는 누구다 장관은 모두 알고 있다 ㅡ|||정의 실현|||동조방조 침묵하는 자 전원이 부역자이며, 역사의 죄인인 것이 명백하게 밝혀질 것이다.",0,1
INPW9VTwsgI,우더랜드,"풀 비디오보기 https youtube.com watch?v OZmWKgaXKPc feature sharec|||이런 것이 특검감이다 빌리온 선 바로 조사해야 할 대표님 방송 감사 최고|||쟌베리 다시 부정조사해야 합니다 국제대회 다시 전라도로 유치하지 말아|||맞습니다. 이를 윤석의 탓이다. 국민이. 이사실을 알아야합니다.|||그라운드 씨의 비디오에 감사드립니다.|||진짜 귀에 수탉 포장 100 정확하게 설명했다! ㅎㅎ|||나도 민주당은 문제가 없고 뇌가 썩은 올바른 사실|||정말 화가났다. 부정부패가 끝도 없네요.|||너무 말이 없다.|||이때부터 무안공항 공사 입찰 부정으로 이어져 결국 참사 발생이 모두 진짜 특검 1랭크|||그때 언론에서는 대통령의 탐욕이었는데 전부 뒤집어 버렸습니다.|||같은 한국이라고 말하기에는 너무 다른 사람|||진짜 왜인지, 언제나 피해자 코스프레 바다 큰 가면서 나쁜 것은 더한 것|||푸ㅎㅎㅎㅎ완벽한 해설|||김성원님 자유 대한민국 차세대 대통령감입니다 이런 스마트하고 지혜가 있는 분이 미래 청년들이 원하는 분입니다. 한국의 미래를 꼭 이끌고 싶다..|||그런 일도 그냥 진행된다니!|||잼베리는 힘들었습니다.|||정말… 민주당 지지자들이 언제 각성할까요… 왜 그렇게 맹목적인가… 마음이 아파요.|||매우 정확합니다.|||무앙공항챔버리 이벤트는 특별한 특별함을 밝혀야|||그럼에도 불구하고 그들은 자신의 공로상을 나누고 마음을 담아 특검을 해야 한다.|||새싹을 내고 조사하십시오. 잘못된 국고에 문제가 있다면 모두 회수하십시오.|||특검을 이렇게 해야 한다|||제가 잼베리 현장을 보고 분노를 느꼈던 잠베리 전라북도 공무원, 기업은 정말 반성하라|||그랬는지 ㅠ",0,1
8aEPono3-YE,이재명이 G7에서 개망한 이유,"이란을 지지하고, 반미 친중으로 대북 송금한 대통령을 어느 국가 정상이 환영해 줄까? 웃음|||너! 좌파 우파 떨어져. 국민주권의 찬양한 부정선거에 화내라!!!!|||국민 전체의 얼굴이 뜨거워지는 외교에 자유 대한민국의 미래가 정말 걱정입니다.|||국력 대통령이라면 이번에 g7국 격락했다고 신설법을 통해 탄핵시킨 wwwwwwwww|||일본의 수상은 교토식의 주위 화법으로 이죄명을 들여다봤다.|||하는 것을 알고 있다고는 국내에서 거짓말로 선동할 뿐..|||국민이 선택하지 않은 그 사람|||부끄러움은 국민의 몫|||국격이 무너지는 소리가 들립니다. 진짜..한국은 어때?|||이시다 알본 총리의 표정은 역대급이다 wwwwww|||그는 그 북한 송금했는가? 정말 왔어요.|||점점 미디어가 북한이 되어 버려, 찬양 밖에 할 수 없습니다.|||재판은 시장 시대이며, 부정 투표는 대통령이며,|||통역자에게 악수한 리치이밍 외교개망신 국격개망신|||힘들다. 조선의 방산이 날아가게 되었습니다.|||범죄자 출신이 왔다고? 네덜란드라고 정말 왔습니다.|||어딘가에 부끄럽고 부끄러운 리자이밍 ..|||유동규 그 사람이 책을 읽는 모습을 한 번도 본 적은 없|||매운 부끄러운 것은 국민의 몫인가…|||부끄럽고 부끄러워하는 진짜|||미디어의 모든 것을 커버해보십시오.|||절대로 당첨해서는 안되는 사람이 리더가 된 것은 아직 믿어지지 않네요.|||대한민국 국민과는 부끄러워졌다|||찢어져 취급되기 때문에 통쾌하고 웃으면서도, 우리나라가 지도자가 차례차례로 이렇게 취급될 때까지 해야 할까라고 생각해 한편으로는 괴롭네요|||대한민국이 부끄러운 시기가 왔습니다.",0,1
uBBZhBgaw6s,"중국에 걸친 블랙 에이전트 목록, 시작일 뿐","정식 버전 보기 https www.youtube.com live snWeEP2fRaI?si It6wbDAkeaUj PpO|||이 세상에 스파이는 어때? 라고 말하는 사람을 의심하십시오. 그렇게 많이|||민주당이 일어나 스파이법 개정에 반대하는 이유|||그라운드 C는 정말 애국자입니다. 국민의 스피커가 되어 주셔서 감사합니다.|||간첩을 모르는 대한민국 미디어|||아니, 정말 심각하지만 국민은 아직 둔한가?|||뜨겁게 듣기가 어려운 모든 광화문에 나와 힘을 모으십시오.|||국정원장이 박지원이 되었을 때 이미 한국 정보전은 끝났|||내 지인이 정보를 가지고 있지만 스파이가 너무 많지만 잡히지 않습니다.|||하… 북한을 옹호하고 좋아하는 사람들… … 치아가 떨리는군요.|||박지원이 국정원장..기가입니다.|||방송국은 필요하지 않습니다.|||이것은 모든 국민이 모두 알아야|||우리는 모두 조국을 위해 적국에서 일하면서 가혹한 고문과 숭고한 죽음을 이룬 애국자들의 쓸데없는 희생이 반복되지 않도록 행동해야 합니다.|||문재인 특검|||적합합니다 활발히 지원합니다 노력하십시오|||매우 화가났다.|||국민이 들어 올려 국회 해산법을 보완하는 방법은 없습니까?|||이적죄로 죄값을 받아야 합니다.|||블랙 에이전트 목록에 전달된 스파이 행위에 대한 모든 사람을 잡고 처벌해야합니다!|||대한민국 국민의 안전불감증이 걸렸습니다. 이런 것이 심각하고 위험한 것인데. 귀축에서 단번에 듣고 한 귀로 흘리는 말입니다. 도둑에 닿기 위해서는 개도 짖는다고 한다. 힘들다.|||20대 남성입니다.|||오늘의 뉴스를 보면… 전방에 설치된 감시용 cctv도 전부 중국에서 실시간으로 보이도록 설정되어 있었습니다… … 참가가 막혀…|||이런 인간이 간첩 본심을 숨기고, 5년간 나라를 팔아 먹었지만, 감옥도 가지 않고, 계속 목소리를 내고 있는 것이 막혔다.|||간첩이 없다는 인간은 간첩입니다.",0,1
BAW-9fArPJE,"LIVE 장동혁, 좀 더 노력하면 차기 대권이다! 시서링크 TV 오영빈","창동해크 대표를 흔드는 중도팔이 하는 사람 모두 청산합시다|||영비전 응원합니다 장동혁당 대표를 중심으로 물어보면 국민과 함께 승리합니다.|||영 비주얼 미리보기 링크 파이팅|||도로원 성실한 성명 감사합니다.|||1위입니다.|||나도 여론조사를 받은 적이 없|||헌튼훈은 당신이 하지 않은 계명을 사과하는 것이 아니라, 정말 부끄러운 당신이 하나의 사태에 대한 진정한 사과를 한다.|||절대 저 여론 조사는 허위일 것입니다.|||이 일생 한번도 여론조사 전화 온화하지 않다 죽을 때까지 국력당이다.",1,0
Rbqhd5XCgVw,전재수 장관이 사표를 먼저 제출한 이유는 무엇일까. 뉴스 연구소,"윤영호가 거짓 뇌물을 받은 이들을 언급할 이유가 없다. 정치에서 로비하는 사람들의 암묵적인 법칙처럼 그들은 민주당의 양쪽 모두를 보장해 주었습니다. 다음은 정동영이다. 뇌물을 받은 이들의 공통적인 특징은 증거가 제시될 때까지 이를 강력히 부인하는 것이다.|||동일한 요금으로 일부|||분명 거기도 없었는데 왜 사과했지?|||??? 야, 너 정말 존재하지 않았어? 언론에 모든 증거를 제공하고 있나요? 다음날 사의를 표명했는데..|||모든 정치인을 조사하십시오. 썩은 정치를 청산하라|||국회의원직을 내려놓아야 합니다.|||아무 말도 하지 마세요|||알았어요 하하|||단호하고 명확하게 말하지만 정치인들은 입만 열 때마다 거짓말을 한다.|||이제 전재수는 끝났다...!|||당신은 당신이 얻는 것을 얻습니다. 철저한 수사와 검거가 답이다. 범죄를 저지른 정치인은 무슨 일이 있어도 다 잡아야 한다. 세금은 괜찮습니다.|||버티면 이것저것 빼앗길 것 같아서 빨리 사퇴하려고요.|||전재수씨 정말 친절해요! 국회의원직을 사퇴하고 조사를 받아라. 정치는 끝났습니다.|||사람들이 바보처럼 보이나요? 전재수씨는 아무 죄도 없는데 왜 사퇴하겠습니까? ?|||무죄라고 말하면서도 왜 사임했나요?|||뭔가 있는 것 같은데...|||ㅎㅎ 철판을 깔았네요.|||행운의 대상|||그게 생각나네요. 미투 사건이 터져 조사가 진행됐을 때 범죄 혐의가 인정된 것은 민주당 인사들이었다. 하하. 김건희를 잡겠다던 만중기 특검이 결국 만주당을 찔렀다. 하하.|||그들은 그렇게 말합니다. 제외하고. 사직. ㅋㅋㅋ|||국립의료원을 내려놓고 조사를 받아라.|||아직 법원 판결이나 조사도 없어서 불법 뇌물수수는 없었는데... 그럼 뇌물수수만 있었나요???|||재조사|||행운을 빈다. 까르띠에와 불가리를 나에게 던져라.|||강한 부정은 강한 긍정이다",0,1
bSzINmwhG4c,"항상 응원합니다! 윤사모 멤버 등장! 윤석열 탄핵 무효, 헌법재판소에 계엄령 선포","그렇죠, 저는 중심적인 의견을 존중합니다.|||와 너무 예뻐요 축복합니다|||당신은 예쁘고 똑똑한 청년이에요. 나는 당신을 아주 잘 알고 있습니다. 나는 당신의 미래가 밝다고 생각합니다.|||볼 수 있는 눈이 있었어요. 가슴이 터진다, 지혜.|||탄핵무효 탄핵무효 탄핵무효|||정의는 영원히 살아있습니다. 대한민국 만세.|||감사해요. 아들과 딸. 대한민국 만세|||2030년은 이 나라의 희망이다. 민주주의를 지키고 청년들의 미래를 보장합시다.|||나는 당신을 응원합니다|||2030 청년들, 화이팅!|||윤석열 총장은 요즘 세상에 보기 드문 가장 용기 있는 대통령이자 지도자이며, 그를 지켜주는 사람들이 가장 용기 있는 사람들로 세상에 알려질 것입니다. 추운 날씨에도 함께 강건해지며 하나님께서 지켜주실 것을 믿고 기도합니다.|||정말 멋진 청년이네요. 피를 끓는 청년들이여, 일어나서 살아갈 나라를 지켜라.|||감사합니다 대한민국 만세!|||추운 날씨로 인해 힘든 시간을 보내고 있습니다. 조금만 더 참으시고 열심히 해주세요.|||나는 당신을 지원합니다. 나는 당신을 지원합니다.|||젊은이!! 미래를 생각해보자..깨어나 일어나!!!|||청년 여러분 감사합니다|||여러분의 노고에 감사드립니다. 열정적으로 응원합니다. 당신은 애국적인 청년입니다.|||감사합니다, 우리 대통령님. 법을 보호합시다.|||저는 애국청년입니다. 감사합니다. 나는 애국자입니다. 감사합니다.|||젊은이들, 선배님들, 추운 날씨에 감사드립니다. 나는 항상 당신을 지원합니다.|||내일 8일 수요일과 모레 9일 목요일이 중요한 시기인 것 같습니다. 다들 체력 비축하시고, 이번 주말에는 20, 30대 분들도 최대한 많이 나와주세요. 연차휴가의 절반을 사용하더라도 동료, 가족과 함께 오세요. 여러분의 안전을 위해 각종 보호장비를 착용하시고, 강인한 정신으로 준비하세요!! 저희도 내일 집에 갑니다 하하.|||존경하는 애국시민 여러분, 노고에 감사드립니다. 나는 당신을 지원합니다. 힘내세요. 자유로운 대한민국 만세!|||청년들이여, 일어나서 더욱 일어나라!!!|||당신은 너무 예뻐요. 앞으로는 좋은 일들만 일어나길 바랍니다. 그리고 윤 총장을 끝까지 응원하고 지지합시다. 앞으로도 좋은 일들만 있지 않을까요?",1,0
eqdES2H9jRY,"어머나! 나경원, 윤석열과의 2분통화! 99.99 이런 말을 했어야 했나?",그래서 나경원이 선두에 선 이유가 있었다. 꿈이 정말 너무 야심적이네요.|||단순한 국보가 아니라 완전한 독재의 국보입니다. 침을 흘릴만한 가치가 있었겠죠? 정말 신난다.,1,1
ai0X3BqenpI,김어준의 다스뵈다 2024 총선 297화 야 한동훈 미안 충청 3인조 충격 클린스만 제명,"지금도 나라를 정상으로 되돌리려면 정부와 정부를 타도해야 한다. 선거 잘 합시다.|||나라도 엉망이고, 축구협회도 엉망이고, 감독도 엉망인 요즘, 뭐 평범한 것도 아닌데 투표라도 하자!|||정봉주 의원님, 4월 국회에 입성하시길 바랍니다.|||정봉주는 반드시 국회에 들어가야 한다.|||김어준 회장님, 건강하시고 힘내세요. 나는 당신을 지원합니다. 당신은 최고입니다. 나는 당신의 싸움을 좋아합니다. 끝까지 응원합니다.|||총선에서 승리하여 윤석열이 사라지는 그날까지 모두 힘내자 화이팅민주당!!|||어른들의 잘못입니다. 우리를 행복하게 해준 선수들을 사랑해주세요.|||최배근 교수님 감사합니다. 또 만나요, 김어준님. 나는 항상 당신을 지원합니다. 총선에서 민주당의 압승을 위해 투쟁하고 있습니다.|||노회찬은 이제 없는거 아닌가요?? 고양갑 심상정을 주면 나라 권력이 차지하게 된다. 전적으로!!!! 아니요|||김어준은 실패할 수 없어,..! 구독하겠습니다|||이 무능하고 무자비한 정권을 심판합시다. 총선에서 더불어민주당의 압승을 우리 모두 끝까지 응원합시다.|||충청도에서 인재 채용을 잘 했네요.. 세 가지 모두 확신합니다. 이거 보고 너무 기뻐... 화이팅하자!!|||민주당의 비례표가 분산되지 않기를 바랍니다. 더불어민주당의 압도적인 승리를 기원합니다.|||충청팀! 화이팅! .특히 17번 김제선은 꼭! 해당 지역의 시장이 되다|||김어준 회장님, 감사합니다.|||무능한 리더가 어떻게 끔찍한 상황을 만들어내는지 판단해보자. 룬, 몽규 OUT|||최배근 교수 같은 애국자가 또 있을까? 정말 학자입니다!!|||저는 신조국당을 지지합니다. 화이팅. 지역은 민주당입니다. 비례는 신조국당이다.|||우리의 소중한 희망의 동지, 소중한 지도자님, 훌륭한 방송인을 통해 올바른 말씀을 하시고 큰 치유의 힘을 받으시옵소서. 건강하시고 오래오래 함께 해주세요. 항상 감사합니다. 저희는 항상 여러분과 함께하며 끝까지 지지하고 응원하겠습니다.|||김어준, 총선 압승으로 더불어민주당 출마!!|||우리가 채용한 인재들은 정말 훌륭한 사람들입니다. 의욕이 넘치고, 생각이 밝고, 말을 잘하는 사람들... 그래서 그들이 민주당이다. 국민을 웃게 만드는 정치를 추구하고, 지도자와 국민이 서로 신뢰하는 사회를 만드는 투쟁하는 더불어민주당.|||애초에 김건희가 독일에 갈 이유가 있었다. 윤석열은 독일에 갈 일이 없어 김건희가 갈 수 없어 가지 않기로 결정한 것으로 추정된다.|||나는 조국을 지지한다. 나는 조국에 대한 동정심 때문에 이것을 지지하는 것이 아닙니다. 한국의 건전한 성장과 국민경제의 성장을 위해서는 언론개혁과 검찰개혁이 꼭 필요합니다. 나는 조국이 검찰 개혁 의지가 강하고 일을 잘할 수 있는 사람이라고 믿기 때문에 조국을 지지한다. 조국의 용기에 박수를 보냅니다.|||요즘은 아무 것도 제대로 되지 않으면 살고 싶은 마음이 없습니다.|||윤석렬. 건희 없이. 밥도 못 먹겠다",1,1
wFxeUBmy4yk,"김어준의 다스뵈다 317회 행운의 한동훈, 쓰리쿼터 체크무늬, 트럼프가 온다","우원식 어떡해! 시간을 벌어주는 국민의힘의 행동을 어떻게 설득할 수 있을까?|||우원식 위원장...당원들이 왜 추미애를 원했는지 생각해보세요...나라와 국민을 생각한다면 어떤 안건이라도 미루면 안 됩니다...협조와 공모는 절대 금지!!!!!!! 못쓰게 만들다|||탄핵이 빨리 진행될수록 나라가 더욱 정상화될 것이라고 생각합니다.|||당신의 우선순위를 알아라! 언론을 바꾸지 않고서는 개혁하기 어렵다.|||오늘 법사위 청문회와 국민당 대표토론회를 보면서 상식과 진실이 오랫동안 방치되어 있다는 생각을 금할 수 없었고, 살아남기만을 원하는 사람들에게 우리의 세금을 언제까지 내야 하는지 참 답답합니다.|||항상 우리를 깨어 있게 해주셔서 감사합니다!|||세계 각국의 국회 정청래 의장은 입법위와 사회의 리더십을 배워야 한다. 나는 모범적인 대한민국이 자랑스럽다. 감사합니다. 사랑해요.|||카운티 골프장은 3일차 야간 경기를 운영하지 않습니다.|||그러지 못하는 것보다는 상임특검을 두는 것이 낫습니다.|||우리나라와 국민이 이 역경을 잘 이겨낼 수 있기를 진심으로 바랍니다.|||안녕하세요 김어준 대표님 건강하시고 씩씩하게 지내세요. 나는 당신을 지원합니다. 즐거운 주말 보내세요. 월요일에 뵙겠습니다. 나는 끝을 기대한다.|||진보주의자는 시민으로 살고, 보수주의자는 시민으로 산다. 이 나라의 주인은 국민이고, 국민은 주님께 복종하며 살아가는 종들입니다.|||국내정치, 대외정치는 정말 최악이다. 탄핵이 답이다 국민 모두가 힘을 모아야 합니다.|||한동훈이 사과까지 한 것은 청탁행위가 있었다는 명백한 증거입니다!!|||양주가 대통령기록이니까 술꾼도 대통령기록!|||국민들이 모지리에게 투표한 게 아닌가 싶습니다. 미분류표 200만개를 빼앗아 마음대로 나눠준 범인!! 더 이상 주권이 훼손되어서는 안 됩니다!! 투표함 이동을 방지하는 법을 제정해야 합니다!!|||정부는 모든 이상 현상을 당연하게 여기지만... 끈질기게 나라를 지지하는 풀뿌리들...|||한준호 의원님, 미래의 대통령이 되기 위한 길을 계속해서 성공하시길 기원합니다.|||민주당 의원님들 대단하십니다. 이재명 의원님과 함께 나라와 국민을 위해 많은 일을 하리라 믿습니다. 나는 당신을 지원합니다.|||윤석렬이 정치 입문하자마자 대통령이 됐으니 나라가 이 모양이군요.|||김어준 회장님, 항상 건강에 유의하시기 바랍니다. 끝까지 응원하겠습니다.|||김병주 의원의 꿈 이야기는 우리 당원들이 꾼 꿈과 같아서 훈훈하다. 남들과 조금 다른 말투와 촌스러움에도 불구하고, 자신만의 진심이 전달되는 것 같아 감동적입니다. 어렸을 때 서민의 삶을 살아왔고, 그 현실을 이겨내기 위해 애쓰고, 피를 흘리고, 달리고, 열심히 일한 당신은 정말... 시대의 풍랑과 파도를 몸으로 짊어지며 당원들을 지켜주는 믿음직한 고목이 되십시오. 나는 매일 꿈을 꾼다. 당신의 믿음이 대통령이 되는 꿈을 꿉니다... 내 꿈이 현실이 되는 그날까지, 우리 잡은 손을 놓지 말자... 꿈이 현실이 되는 그 순간까지... 나를 따라오세요, 살아있는 자들.|||세 번째 부분은 ㅡLimeㅡOptimos의 Lost Money 최종 미로 게임의 문인 것 같습니다.|||한준호 의원님, 의정활동을 잘하고 계십니다. 나는 최고위원회 의원 Gazua를 지지합니다. 브라보.|||이재명 이재명 이재명 이재명",1,1
xupyh9X2csE,이런 정치인은 망해야지..혼자서 국가권력을 제압하는 서영교,"17년 동안 변함없는 팩트TV의 후원회원이 되어주세요. 정기후원 가입 ARS 1877 0411, 온라인 신청 https goo.gl 1OjzfE|||2026년에는 국짐당 인파를 보고 싶지 않다!|||진짜 역겹다 나경원|||입법 활동의 목적은 국회를 혼란에 빠뜨리는 것입니다.|||조배숙, 이은재, 곽규택 얼굴이 비슷하네요... ㅎㅎ 이래서 관상이 정말 중요하네요.|||서영교 의원님, 뒤에서 응원합니다. 곽규택 같은 애들이랑 장난치지 마세요.|||나가루 특검은 언제 수사할 것인가?|||우리의 총사령관|||나경원은 국회의원인가? 그 사람 전직 판사인가요? 한국의 교육제도도 바뀌어야 한다. 곽규택 전 검사입니다.|||우선 목소리가 너무 커서 반항을 압도하기 때문에 마이크가 필요없다.|||징글 징글, 반란을 해체하십시오.|||I hope that the next medical doctor will be Dr. Seo Young-kyo!! 정말 안심이 되시네요!!|||국. 징글이에요.|||서영교 의원님, 지지합니다.|||남편이 대판사인가요? 마치 제가 존엄하다고 생각할 수 있는 모든 것을 저에게 준 것 같아요.|||나경원 닥쳐, 너무 뻔뻔하잖아.|||나경원, 국회의원으로 나간다|||내전이 끝난 지 1년이 지났지만 여전히 내전이 계속되고 있어 반군은 국가적 부담이 되고 있다. 46인, 권성동, 권영세, 나경원, 김기현, 윤한홍, 오세훈, 오세훈, 김진태, 박형동, 성일동, 정진석, 곽규택, 송석준, 신동욱, 송언석, 장동혁, 조은희, 주진우, 곽규택, 김영선, 이철규, 김문수는 사회로부터 완전히 격리돼 하루빨리 내전을 종식시켜야 한다. 사람도 행복할 수 있습니다.|||국력정당은 언제 해산할 겁니까? 윽, 고구마야, 민주당 지금 정말 짜증나.|||아, 진짜 사람들은 언제 사라지나요? 세금이 나를 죽일 것이다. 국가의 힘만 보고 세금을 내고 싶지 않습니다.|||서 의원님, 나경원, 시다바리, 곽규택 의원에게 “조용히 하세요, 이놈아”라고 하신 것은 매우 예의바른 말씀이셨습니다.|||곽규택이 그런 걸 바라는 걸까?|||파루상 오겐키 데스카|||나경원 의원은 국회에 보낸 사람들이 모두 유죄다.|||아무 말도 못하고 사과밖에 할 수 없어",1,1
OoWMJB1_USw,김병기가 웃으며 728조를 지켰다! ...국가 전력이 완전히 차단된 이유는 무엇입니까?,"17년 동안 변함없는 팩트TV의 후원회원이 되어주세요. 정기후원 가입 ARS 1877 0411, 온라인 신청 https goo.gl 1OjzfE|||신속히 남북전쟁재판소를 설립하라|||내전 전담 재판소를 신속하게 설립하십시오.|||이번 일 잘했어요|||더불어민주당 의원 여러분의 노고에 감사드립니다. 내전이 끝날 때까지 최선을 다해주세요. 화이팅.|||잘하셨어요. 여러분의 노고에 감사드립니다.|||나에게 일어난 최고의 일|||화이팅하는 민주당|||그것이 사실이라면 훌륭한 일을 하신 것입니다.|||잘 지내세요... 다른 일은 그만하세요! 모두가 지켜보고 있다|||어제까지 내란당은 코가 셋이라 민주당이 하는 말은 다 거부권을 행사할 정도로 분노했는데 갑자기 입장을 바꾼 이유는 무엇일까. 또 무슨 밀실 거래를 하고 있었나요? 반란 법원 설치와 사법 개혁은 결코 타협되어서는 안 됩니다.|||정부 현수막, 이재명의 예산 삭감 현수막 허위사실 신고하러가기!!|||귀신 쫓아 내기|||국력이 나에게 그냥 맡길 수는 없었다.|||국짐당에 무엇을 주고 싶나요?|||김병기 의원님 고생하셨습니다.|||가짜뉴스가 많기 때문에 오마이뉴스나 검증된 출처만 읽고 믿으시기 바랍니다. 김병기 의원님 수고하셨습니다.|||예 ! 김병기는 잘 지내고 있다. 나는 당신을 지원합니다. 나는 국민으로서 김병기를 지지한다. 이런 저를 실망시키지 않기를 바라면서 응원합니다.|||만약 부수적인 거래가 있다면 나중에 알려드리겠습니다. 계속 지켜봐주세요, 옹기님.|||좌석의 절반 이상이 있는데 그들은 무엇을 보존했습니까? 그냥 하세요. 아무 이유 없이 과반의석을 차지했을까요? 계속 나를 속이려고 하지만 언젠가는 들키게 될 거라고 확신해요. 이낙연처럼!|||반란당이 그렇게 순종적으로 동의한다는 게 이상해요... 반란당이 큰 것을 받지 않는 한... 하지만 내일은 반란의 날이고, 반란당은 아직 건재합니다...|||병기야, 아들의 숭실대 입학 비리를 설명하라. 이미 증거는 다 나왔다고 하더군요. 그게 사실이라면 거기서 내려오세요.|||여야 합의? 이상한 거래 아니었어? 예를 들어, 그들은 반란 정당 등을 해산하지 않겠다고 말했습니다.|||아 아쉽네요.. 김병기 원내대표, 자꾸 의심이 되네요... 가짜뉴스인가요, 진짜인가요? 명확히 해주세요... 아무튼 고생하셨고 수고하셨습니다.|||김병기가 뭔가에 동의하면 사람들은 의심을 하게 된다. 그의 정체가 밝혀지면 민주당이 살아남기까지는 오랜 시간이 걸릴 것이다. 그만큼 네 잘못이야",0,0
ziHmZSX0zo8,"역사상 최악의 배신자 윤한홍, 윤한홍, 배신자 윤석열","곳곳에 반역자들이 너무 많습니다. 그것은 파괴적이다.|||남자 한명 추가|||마치 개가 주인을 무는 것과 같습니다.|||윤한홍 제명 ㅡ|||여성 여러분, 국민의힘에 동참해 주십시오. 적어도 보수당은 해산됐다. 한 달에 1000원만 있으면 국민의힘에 영향력을 미칠 수 있습니다. 무엇보다 이번에 계엄령을 선포한 국민을 몰아내고 공기를 청산하는 데 큰 도움이 될 것입니다. 한동훈이 당을 수사하도록 더 압력을 가해야 한다. Everyone, please use your influence... I didn't know this, but after seeing the lawmakers apologizing for the national power this time, I thought I should protect the national power first. 사과는 국권해산의 구실이 될 수도 있다. 지금은 국권을 미워하더라도... 내전을 핑계로 해산한다면 일당제나 다름없을 것이다.|||윤한홍을 추방하라. 윤씨를 생각해보세요.|||국민의힘에서 어떻게 반역자와 반역자들이 벌레처럼 떨 수 있겠습니까? 역적을 척결하고 진정으로 나라를 사랑하는 국회의원들로 뭉치자.|||배신자는 추방되어야합니다.|||주덩의 자유와 배신을 무엇과 어떻게 선택하는가? 투표로 판단하는 수밖에... 하지만 사과에는 사퇴와 동등한 책임이 따르겠죠? 권력에 굶주린 자들의 위선적인 잔치에 지나지 않습니다.|||사람이 어떻게 이렇게 변할 수 있는지 정말 놀랍습니다.|||악인의 간에 붙어 담낭에 붙어|||그런 반역자를 제거해야 할 때입니다.|||윤한홍 즉각 추방하라.|||한홍이 미쳤어요 ㅎㅎ 너무 멀리 갔네요 ㅎㅎ 너무 멀리 갔네요 ㅎㅎ|||적극적으로 윤한홍을 쓰러뜨립시다.|||2시간의 계엄령이 어떤 해악을 끼치나요?|||엄격한 정상적인 도덕적 배.|||정말 짜증이 나네요. 윤석열 총장님은 영웅이십니다!!|||윤한홍은 반역자였으나 이제는 목적을 버리고 반역자로 앞장서고 있는 인물이다. 정말 싫어요.|||윤한홍, 배신자와 기회주의자를 처단하라.|||정말 나쁜 놈이야! 나가야 해|||하하. 정말 놀랍습니다.|||윤한홍 이놈은 즉각 추방하고 긴급체포해야 한다.|||배신자 윤한홍, 당을 떠나라.|||정말 화가 났어요",1,1
J-pLqV59M7I,"지귀연·노상원 메모, 어떻게 해야 하나? 티조 클립 쇼츠","웃으면서 얘기해야 한다는 게 얼마나 황당한 일인가?|||가짜 메모로 판단해야 하는 것 아닌가요?|||메모가 불법이면 탄핵도 불법이 되는거 아닌가요? 불법 메모의 증거로 인해 탄핵이 발생했지만, 이는 분명히 밝혀야 할 문제이다.|||다운로드 받은 메모는 인터넷에 게시된 적은 없지만 홍장원이 헌법재판소에서 작성한 메모를 작성한 것으로 보인다.|||그럼 그게 지렁이의 증거인가요? 헌법재판소도 이를 인정한 것 같습니다. 지렁이 증거 조작으로 봐야겠죠?|||아 지렁이가 뭐라고 썼지|||지귀연 판사님, 중상모략하지 마시고 법에 따라 판결해 주십시오. 윤석열 총장이 무죄라는 것은 누가 봐도 알 수 있다.|||허위 증거로 밝혀진 홍장원이 인터넷에서 다운받은 메모와 같은 메모일까.|||정말 드문 코미디 재판입니다.|||메모가 너무 우스꽝스럽다고 판사가 웃는다.|||해당 메모는 홍장원이 작성한 것이 아니다. 진위 여부를 반박하려면 보좌관이 나서서 입장을 밝혀야 한다. 증인이 나타나면 미리 필적을 감정해 당사자인지 확인해야 한다. 글쓴이가 맞다면 증인의 증언을 들어보면 됩니다.|||판사님, 정의감이 있으신 분, 저는 당신을 지지합니다.|||가짜 메모|||아.. 뭐하는 거야?|||아니, 이것은 노트라고 정의할 수 없는 예술 작품이다.|||판사는 법과 양심에 따라 살아야 한다!!!|||제발, 범죄자들과 타협은 하지 마세요. 절대 굴복해서는 안 됩니다. 국민을 위해 법을 지켜주세요. 한 명의 범죄자 때문에 대한민국 법이 무너져서는 안 됩니다. 역사에 기억될 결정을 내리시기 바랍니다.|||지귀연 판사님, 지금 재판이 잘못되면 나라가 공산주의로 가는 것입니다. 재판을 잘 진행해주세요.|||특검은 이미 노상원씨가 직접 쓴 것이라고 밝혔습니다.|||판사님, 당신은 대한민국 최후의 보루입니다.|||법을 수호하는 정의로운 판사와 싸우는 지귀연. 나라를 지켜주셔서 감사합니다. 많은 시민 여러분과 함께 파이팅입니다!!|||애국판사 지귀연 화이팅!! 삼권분립의 자유민주주의에서는 입법, 사법, 행정이 모두 독립된 기관이다!!! 그냥 싸워서 이겨주세요 지귀연 판사님 화이팅!!|||홍장원 증언은 증거불충분으로 재탄핵돼야 한다.|||지귀연 판사님, 나라를 구해주세요.|||문상호가 증인이다.",0,1
smZ4iQkqzOg,계엄령 링크를 찾았어요! 임은정은 설명이 필요하다.,"최욱 씨, 오늘 감동받았어요. 세세한 부분까지 놓치지 않고 짚어주셨네요. 잠을 언제 자는지조차 궁금합니다. ㅋㅋㅋ|||조희대 지지연 내전판사 이정제 즉각 구속하라…|||누가 뭐래도 우리 욱이 최고다. 우카 씨, 정말 고마워요. 당신이 있어서 늘 힘이 납니다.|||남북전쟁을 종식시키기 위한 길은 멀고도 험난합니다. 지치지 말고 끝까지 잘 마무리하자. 역사상 중요한 교차로입니다.|||역시 신뢰받는 기자 최욱은 날카로웠다. 매불쇼를 능가할 수 있는 미디어는 없습니다!!! 최고|||조희대, 지귀연은 처벌받아야 한다.|||사법부 내부 통제 시스템이 썩었다. 대부분의 조직에서는 일정액수를 초과하면 형사처벌을 하고, 일정액 이하의 비리행위가 적발된 경우에도 내부징계절차를 진행하지만, 가장 깨끗하다고 ​​여겨지는 법원은 부패가 발생하더라도 시스템을 운영하지 않습니다.|||판사들의 특권의식 때문에 자신들의 판결이 무조건 성역이어야 한다는 이상한 망상을 품고 있어 법왜곡죄에 반대한다. 비록 지구연을 명백히 비판하고 이 정도의 법왜곡은 반드시 처벌받아야 한다고 밝혔음에도 불구하고, 법왜곡죄에 반대하는 것은 지구연처럼 필요하다면 법을 왜곡하고 싶다는 뜻을 드러내는 행위로 보아야 한다.|||매불쇼를 만들어주시는 모든 분들께 진심으로 감사드립니다.|||남미라 시차가 있지만 좋아요가 12만개밖에 안됐는데... 그런데 오늘 이렇게 중요한 사실을 알려주셔서 정말 즐거웠습니다. 두 의원님, 고맙습니다. 천재 앵커 최욱의 두뇌와 열정이 대중에게 각인됐을 거라 확신한다. 2|||백해용선팀의 조사 결과를 기대합니다. 수사를 방해하지 말고 즉시 영장을 발부하라.|||국정원을 이렇게 하면 폐지하고 기관을 새로 만들어야 하는데... 국정원장은 아직도 있는데.... 이게 우리나라의 큰 문제입니다.|||매불쇼가 최고입니다. 나는 항상 당신을 지원합니다.|||최욱씨 검찰은 정말 무법천지입니다. 기다리세요. 사람들은 그를 끌어내리고 엄중히 처벌할 것이다.|||마약 수사는 반드시 특검으로 가야 한다.|||내전은 완전히 해결되었습니다. 그것에 대해 더 많이 알수록, 이 세상은 무서운 세상이고 악마가 진짜라는 생각이 더 듭니다. 마약 수사를 제대로 해야 이 나라가 설 수 있다고 생각한다. 오늘 방송 다시 한번 감사드립니다!|||얼마나 긴장됐나요? 남북전쟁 당시 살인미수를 당한 사람들을 그냥 놔두는 것은 정상이 아니다. 검찰, 판사들 정신 차려라, 기생언론!|||이는 국가와 국민의 미래가 달린 마약 문제다. 우리는 그것을 그냥 무시할 수 없습니다. 특검으로 가야한다!!!|||조희대, 지귀연은 필수!! 저들은 반드시 처벌을 받아야 합니다!!|||사법부 판사 조사든, 마약 수사든... 실망스럽다고 하기엔 부족하다. 진실을 밝혀주세요|||매불쇼는 웬만한 영화보다 재미있습니다!!!!!|||개헌안에 내전의 조짐만 있어도 끝까지 조사해서 처벌하겠다.|||추경호 20억원 뇌물수수 의혹 별도 수사 필요|||마약사건, 이렇게 간과해서는 절대 안 됩니다! 타워보스를 밝혀내야 합니다!!|||마약수사를 끝까지 처리해주세요!",1,1
GLxKSy59Gn4,국회의장을 사퇴한 인요한이 잊지 못할 말을 남겼습니다,나는 이 사람들이 항상 말도 안되는 소리를 하는 것에 너무 지쳤습니다!!|||그들만을 위한 파티. 사라지다.|||이 이중국적자도 미국을 위해 스파이 활동을 했는지 철저히 조사해야 한다. 아울러 탈북 국회의원들에 대한 철저한 조사도 필요하다.|||조상들의 선행을 막은 자|||통일교회와 관련된 일이라 피곤해서 달리는 것인지 궁금합니다. 퇴직하더라도 책임을 져야 합니다.|||돌아가신 아버지의 명예를 무시하는 혀!!!!!! 돈과 기득권의 카르텔 쯧쯧|||아버지의 위대한 업적을 욕하는 놈이군요.. 참 극우 성향이군요..|||슬슬 도망치기 시작하는군요.|||빵과 함께 가세요|||진짜 이해 안가는 사람 중 하나|||뭐하세요?|||머리가 완전히 깨졌네요.|||도망가고 있는 거야?|||그것은 무엇입니까? 김건희가 한 짓은 윤석렬보다 더 역겹다.|||대답이 없습니다. 멈추길 잘했어요.|||관심을 표출한 선거구들은 반성하고 이런 사람들이 다시는 국회에 출마하지 못하도록 해야 한다.,1,1
BtmDYY8osmA,"김어준의 겸손은힘들다 뉴스공장 2025년 12월 2일 화요일 김용민, 김완, 오혁진, 김승원, 노영희, 신용한, 주진우, 박종찬, 주식아가방, 겸손공장","쿠팡이 적극적으로 해결하고 있는 것은 없다. 최소한 TV나 신문에 광고를 해서 정보 유출을 차단하는 방법을 사람들에게 알려야 합니다. 사실을 숨기거나 은폐하려는 기업은 더 이상 그럴 수 없습니다. 과로사, 일용근로자 퇴직금 미지급 사건에 대한 조사에 외압이 가해지고 있다. 대통령은 미국의 적이다. 회사 공개는 미국에서만 이루어집니다. 퇴직을 앞둔 판사와 검사들이 넘쳐나는 이런 비양심적인 회사에 맞설 수 있는 대안회사가 없다는 것이 답답하다.|||사법부를 혼미하게 만드는 사법개선법을 제안하라. 공정하지 못한 조희대 대법원장 권력을 모두 빼앗아라.|||대통령께서 반란군과 국가범죄자들을 그들의 상속인까지 포함해 철저히 조사해야 합당한 처벌을 받을 것이라고 말씀하셨습니다.|||박종찬 국장이 나와서 출시 방송 때 듣지도 못했던 잠입부서의 긴급사항을 들을 때 더 열심히 했다는 걸 느낄 수 있었습니다. 한우연님, 행운을 빕니다.|||지방선거 반발을 논할 것이 아니라 내전 동조자 전원을 형사처벌해야 한다.|||무장한 군인들이 급하게 달려가는데도 눈에 상처가 될까 봐 목까지 겨냥할 정도로 배려심이 깊었다.... 와!!! 참신하다. 철저히 조사하여 합당한 처벌을 내리시기 바랍니다.|||나는 모든 법률 조항에는 법의 왜곡을 방지하기 위한 목적이 부여되어야 한다고 믿습니다.|||반역죄와 법왜곡죄는 사면 없이 처벌해야 한다. 그런 법이 없다면 법을 만들어서 최종적으로 만들어주세요. 그런 불법적인 행위를 생각조차 하기 어렵게 만들어야 합니다.|||스톡백을 집중적으로 시청하여 편집하시기 바랍니다.|||검찰청 폐지가 78년 만에 완성됐다. 뿌리 깊은 사법부 부패를 청산하는 일은 훨씬 더 어렵고 어려울 것이다. 법안을 꼼꼼히 검토하다 보니 늦어진 건 알지만, 국민 입장에서는 많이 답답했습니다. 이재명 대통령님, 정청래 의원님, 추미애 법사위원장님이 계셔서 다행입니다. 나는 끝까지 남북전쟁 청산을 지지하겠습니다.|||공장장은 과학 관련 인터뷰에서 빛을 발하며 누구보다 재미있다.|||계엄령 해제 이후 조희대가 누구로부터 전화 지시를 받았는지 즉각 조사해야 한다.|||총구를 막는다는 것은 군수품을 빼앗는다는 뜻인데... 그런 시각으로 세상을 볼 수 있다는 게 놀랍다. 그 변호사들을 남북전쟁 참여자로 본다면 이는 사실이다. 즉, 그 변호사들도 내전 관련법에 따라 처벌을 받아야 한다는 것이다.|||정말 꽉 찬 쇼|||계속해서 숨어 지내는 악질 조희대를 즉각 붙잡아 엄중히 조사하고 처벌해야 한다.|||난 끝을 봐야 해|||역사를 망각한 자들은 그것을 반복할 수밖에 없습니다.|||김용민 의원님이 계셔서 얼마나 다행인지 모릅니다. 꼭 필요한 법안을 제정해주신 김 의원님께 ​​감사드립니다.|||김용민 대표님, 와!! 일 정말 잘하시네요 양복입은 입법검투사님!!|||우주분야 공장장을 인터뷰할 때 정말 빛이 난다. 그가 모든 것을 알고 질문을 할 수 있다는 것은 정말 멋진 일입니다.|||분명해, 분명해! 바쁜 출퇴근길에 놓치신 내용이 있다면, 다시 한 번 들어보시는 것도 나쁘지 않습니다. 공공서비스와 결합해 내 삶의 생산성을 높여주는 민주진영의 천년나무|||재고가 좋은 상품입니다. 나는 좋아 보인다.|||마스코트 최서영PD 화이팅!|||내전을 철저히 규탄하지 못한 페루는 수많은 인명 피해를 입었다. 잊지 말자! 철저하게 규탄받지 못한 과거의 군사쿠데타가 현재의 12·3 내전으로 돌아왔다. 사법부는 철저히 조사하고 철저히 규탄해야 한다! 내전 전문 법원 설립이 시급하다.|||눈 손상이 두려워 목에 총구를 쐈다고 하는데... 법정에서 그를 대리하는 변호사... 비정상적이고 비합리적인 사람들이 이런 짓을 하는 게 정말 정상일까요??? 우리는 정말 무서운 세상에 살고 있습니다. 국민들이 정신을 차려야 한다... 아직 내전 중인데... 언제까지 지켜봐야 하는지...",1,1
sBvbPQaBNmU,"토크 인사 청탁 의혹 진윤, 김남국의 사퇴로 장동혁은 정말 버림받은 걸까. 정청래의 1인 1표제 거부, MBC 251206 방송","그러니까 국힘은 계엄 다시 해도 윤을 지지한다는 거네.|||국힘은 아직도 국민을 무시하네|||기흥이는 한떡수 따라다니던 넘 아닌가|||지겹다. 간첩 논쟁. 내가 볼때 나라가 망하길 바라는 국힘이 간첩 집단이지 누굴 간첩으로 몰아.|||국힘 저정도면 자기들은 절대선으로 아는거네|||뉴스하이킥은 각성하라. 김기홍 저런 자식은 다시는 패널로 데려오지 마라. 차라리 서정욱이나 고성국이를 데려와라.|||덕수 가방모찌하더니 다시 나왔네|||김기흥이 나왔네. 김기흥이 이자도 아주 질이 안 좋고 살살 변명만 하고 국민 오장 육부를 긁어내는 자입니다. 민주당이 지금 국힘당과 타협?을 해야 되겠냐? 뭘, 어떻게 이해를 하고 받아줘야 돼? 나라를 전복시키고 국민을 총칼로 위협하던 놈들인데 그런 놈들이랑 타협을 하라고 말이 되는 소리를 해라. 이놈아 국민들 간 터지겠다.|||김기흥 진짜 흉내도 못 내겠다 ㅋㅋㅋㅋㅋㅋㅋ 무슨 대화든 돌아서 민주당 까네 ㅋㅋㅋ 기흥아 대단하다 진짜 흉내도 못 내겠다|||못듣겠다 흥흥ㅋㅋ|||캬캬캬 기흥아 아직도 정신나가서 돌아다니니|||정치 현안에 대해 패널들이 종종 논리에 안맞게 헛소리 하는 걸 날카롭게 파고들지를 못하고 그냥 듣고만 있네... 주중이랑 너무 비교된다.|||김기흥의 논리는 세상 모든 소리 중 김남국에 대한 소리만 들리는 요상한 인간의 논리네. 기자했다는 인간이 김건희가 청탁한 국회의원의 자리와 명태균이 청탁한 수믾은 인사에 대해서는 안들리는 선택적 뉴스 컬랙터 스러운 논리네 .|||김기홍 또 당똥혁 대변인 추경호와 장똥혁11월3일계험에대해서한마디말도못하는대표를 엄호해 멀쩡한놈들....|||국민의힘이 우찌 저런말을 할수있는지 머리속이 궁금|||시끄럽다! 너그국짐은입이열개여도할말이없어야지 누가누구를비난해!|||이럴거면 걍 김치형의 국힘 하이킥으로 제목 바꿔라",1,1
NlYM11BpyVA,토헤지역 해제설이 나오면서 풍선효과가 시장에 확산될 우려가 있다. 머니투데이 방송뉴스,"그냥 다 풀어놓고 몇년만 놔두면 결국 공급이 늘어나서 정상으로 돌아오겠죠.|||거시적인 부동산 | 안정화 방안 1. 증여세 및 상속세 폐지 2. 종합부동산세 폐지 3. 다주택 규제 철폐 4. 주택가격 기준 소유세 실시 5. 서울 1% 6. 경기 0.8% 7. 지방 0.2% 8. 싱가포르식 전세사기 채찍질 실시 9. LTV 50% 0.5 1 이상 시장이자율 10. 전세금지 11. 중국인 거래금지 집값만 올리고 재산세로 때리고 증여세, 상속세로 뜯어내려 했다 그들은 절대 변하지 않을 것이다... 자식들을 미국 시민으로 만들어 미국에 증여한다 하하하 누구보다 반일 반미이고 누구보다 사랑한다 하하|||결론적으로 소란이 있어도 계속 오르는군요. 국회 인사청문회를 보라. 다주택을 소유한 사람들을 위한 가짜 이체, 차명 계좌, 관료적 약속에 관한 것입니다.|||생각하지 않고 정책을 만들면 국민만 힘들어진다.|||좌파 정부가 집권할 때마다 이런 혼란은 터진다. 왜 자꾸 사진을 찍는 걸까요?",0,1
o19GqTLt8h4,발언을 듣고 있던 지귀연 판사의 심정은.. 김용현 내전 재판에서는 무슨 일이 일어났던 걸까?,"판사님 사교를 잘하시네요 ㅎㅎ 가족 오락 센터 같아요 .. 좋아해요.|||글쎄, 재판이 이런 시트콤이 될 줄은 몰랐다. 정말 신구씨가 나온 시트콤같네요.. 대단하네요..|||판사는 피고인의 변호사에게 용서를 구한다고 말했습니다. 하하, 역겨워요.|||반역죄에 대한 재판입니다. 이게 뭔지는 모르겠지만... 전혀 심각하지 않은 판사의 태도에 매우 화가 납니다.|||무엇!!! 서로를 되돌아보는 시간이겠죠?? 남북전쟁 재판은 매우 훈훈합니다.|||이게 실제 남북전쟁 재판인가요? 웃음이 오가는 모습과 피의자에게 미안하다고 말하는 판사의 모습이 어이없고 답답하다!!!|||변호사. 판사. 똑같아, 살고 살아. 이런 재판이군요. 처음 보는 것 같아요. 내가 알기 전에. 이것은 재판이다|||당신이 판사가 너무 장황하게 말했기 때문에 그렇게 말하는 것입니다. .와, 세상은 정말... 대단해요. 너무 친절해요|||변호사의 지적을 받는 판사. 그|||그들은 정말 친절해요. 변호사는 그들을 꾸짖었다. 그들은 우리에게 훈련을 주었습니다. 이 조직은 무엇입니까?|||재판이 아니라 엉망이에요.|||이 장면이 널리 알려졌으면 좋겠습니다|||눈을 뜨고 볼 수 없어|||법원은 엉망이다|||이렇게 다정한데 묘한 장면인데 어떻게 재판이 제대로 진행될 수 있을까?|||뭐하세요? 정말 우스꽝스럽습니다.|||가정법원에서 가정사건을 조정하려는 것 같은데... 무슨 재판을 하려는 걸까요.. 한심하네요,,,,|||이것이 바로 남북전쟁 전담 재판소가 절대적으로 필요한 이유이다.|||마치 동네 마을회관에서 사교 모임을 하는 것 같았어요 ㅎㅎ|||귀찮아서라는 말은 아무 생각 없이 하는 말인가요? 꼭 해야 한다는 말이에요|||와...저게 정말 남북전쟁 재판인가요??!!!장난하시나요??? 일반 형사재판도 이렇게는 안 돼요!!! 이번 재판은 너무 심각해서 국민들이 지켜보고 있고 분노하고 있습니다!!!!|||나는 무엇을 보고 있는 걸까? 남북재판을 보러 왔는데 여기는 아닌 것 같죠?|||이하상과 저 안경남자는 아직도 가만히 있나요????????????????????????????? 이 나라에 법이 있나요????????????????????????????????????????????????|||두 변호사는 언제 구금되나요? 그리고 변호사 협회는 무엇을 하고 있나요?|||법정에서 검찰이 하는 꼼수는 변호사가 그러면 안 된다는 건데...ㅋ 그것만으로는 부족하다.",1,1
82iElNY-irE,이재명이 출연한 녹화는 무엇인가요?,"최고야, 최고의 미디어 회사야|||이재명이 왜 통일교를 해체하겠다고 위협하는지 알 것 같습니다. 이재명 당장 빼내야 한다.|||불의가 법이 되면 대중의 저항은 의무가 됩니다.|||답은 이재명 재판을 빨리 재개하는 것, 김현지, 정진상, 김남준, 김용, 이석기…|||윤영호 입장에서는 다 날려버리는게 답인데...|||그는 나쁜 일을 모두 저질렀습니다. 그는 역사적인 인물입니다. 그 사람은 인간이 아니고 괴물이에요.|||칼에 맞은거같은데..|||내로남불의 최종왕이 무너져야 나라가 다시 일어설 것이다.|||여당에 유리한 특검은 퇴진시켜야 한다.|||양파처럼 껍질이 벗겨지는 전과자, 이 4차 범인을 긴급 검거하세요.|||이재명 재판. 이재명을 조사하라.|||범죄자는 사업을 중단하기 위해 사기에 의존해야 합니다. 부끄러워할 줄도 모르는 파렴치한 악당들이네요...|||민중기를 고소하고 특검을 실시하라.|||다 잡아야 해|||보복!!! 그것은 세상이다|||민중기를 체포하려면 민중기특검을 해체해야 한다.|||제가 몰랐던 사실을 알려주셔서 감사합니다|||이재명에게는 아무리 노력해도 끝이 없다. 능력이 없으면 내려와서 심판을 받고 따뜻한 빵을 먹으라...|||소식 감사합니다, 행운을 빕니다|||일이 뜻대로 되지 않는다고 종교를 탄압하시나요? 그럴만한 가치가 있는 사람|||내란의 주모자인 이재명과 통일교로부터 불법자금을 받은 각료들. 모든 정치인은 감옥에 가야 합니다.|||이재명을 탄핵하고 재판을 시작하라. 그리고 좌파 민주당을 해산하라. 한꺼번에 사퇴하세요.|||진실이 밝혀진다!!!!|||특검 3명 모두 구속 수사해야 한다.|||이재명이 통일교 3인자로 불리는 이청우에게 위촉장을 줬다..",0,1
YHoq8E0nvw4,이게 여론 수준이군요,"이것은 매우 합리적인 진술이다.|||당신 말이 맞아요. 모든 사실을 확인해보면 계엄령은 내전이 아닙니다.|||당신은 최고입니다. 지금 전시 중입니다. 자유대한민국을 지키기 위해 목숨을 걸어야 합니다.|||우리나라를 위해 열심히 일해주셔서 정말 감사드립니다. 간첩을 근절하고 자유로운 대한민국을 함께 만들어갑시다. 파이팅하는 대한민국 애국시민 여러분!!!|||배신자의 날과 날이 드러났습니다. 전체 이야기가 공개됩니다. 감사합니다.|||그라운드씨 김성원 대표님, 노고에 감사드립니다.|||이런 분들이 오른쪽에 있다는 게 저에게 힘이 됩니다. 감사합니다.|||이번에는 국력 있는 국회의원들 중 돈낭비할 만큼 어리석고 당 노선을 따르지 않는 자들은 반드시 추방되어야 한다.|||박충권 의원님, 당신이 최고입니다. 당신 말이 정말 맞습니다. 매우 감사합니다.|||와, 베스트 댓글이네요. 당원의 63%가 국민과 같은 수준이다.|||모든 것을 걸었다는 말에 진심이 느껴진다.|||맞습니다|||대통령으로서 계엄령은 정당하다. 탄핵은 무효입니다.|||국민의당, 힘내세요. 나는 박충권 의원을 지지한다. 우리는 지금 함께 모여야 합니다. 목소리를 높여주세요.|||그렇죠, 그렇죠. 물론 저는 아닙니다. 이렇게 용기 있는 방송을 할 수 있도록 힘을 주세요.|||국민의힘 대표!!! 적극 권장|||국민의당은 정신을 차려야 한다. 젊은 국력의원들의 기상이 필요합니다.|||국민은 자유민주주의 체제를 지키고 싶어한다!!|||정말 정확한 말씀 감사드립니다!|||윤석열 총장님, 국민들이 지지합니다. 기운을 내다. 영상 감사합니다.|||제발 정신 차려주세요. 국력|||당신 말이 맞아요.|||고맙고 존경하고 사랑합니다. 당신은 영웅입니다.|||우리나라에는 당신 같은 사람이 필요합니다.|||이번에야말로 진정한 국민의힘이 되는 국회의원임을 보여주세요!!! 당신의 사람들을 위해 싸워라!!",1,0
Rbqhd5XCgVw,정재수 장관 왜 사표에서 쓴거야? 뉴스 연구소,"윤영호가 거짓으로 뇌물을 받은 남즈 거론할 이유가 없다|||같은 혐의로, 어떤 X는 징역이고, 어떤 X는 공소 시효가 지나서 ...|||나는 말하지 않았지만 왜 내 생각인가?|||??? 아니, 정말 아니었어? 언론에 증거를 어겼어? 다음날 사의표명..|||자, 정치인들을 수사하십시오. 썩은 정치를 정화|||국회의원은 직하해야 합니다.|||말하다|||받은|||단호하게 분명히 말하지만, 정치인의 입을 열면 거짓말|||정재수도 이미 끝났네…|||받은 건 받을 거야|||나는 이것이 모두라고 생각한다.|||정재수는 매우 기쁩니다!|||국민이 바보처럼 보이는가? 정재수는 죄가 없는데 사퇴는 왜일까. ?|||죄가 없으면 이유|||뭔가 있다고 생각합니다.|||ㅋㅋ 철판을 깔았다|||회수가 대상|||그 생각이 든다. me too 사건이 폭발해서 수사를 하기 때문에 막상 범죄의 혐의로 밝혀진 것은 민주당 인사들입니다.|||그런 일. 그 외. 거절. 웃음|||나라의 정원도 내려 조사해 주세요.|||아직 법원의 판단도 조사도 나오지 않았는데 불법적인 수수께끼가 없었는데… 단지 수수께끼는 그럼 있었어?|||회수 조사|||제스 자카르티에 불가리 내게 버려|||강한 부정은 강한 긍정",0,1
bSzINmwhG4c,항상 응원합니다! 윤사모 청년회원 등장! 윤석열 탄핵무효 헌법 전에 계엄령,"예, 중심적인 의견을 존중합니다.|||에구이펠라 축복|||깨끗하고 똑똑한 청소년은 바로 깨끗합니다. 미래가 밝다고 생각합니다.|||나는 눈이 있었다.|||탄핵 무효 탄핵 무효 탄핵 무효|||정의는 살아서 영원하다 한국만세|||감사합니다. 아들딸이야. 한국 만세|||2030 이 나라의 희망입니다. 민주주의를 지키고 청소년의 미래를 보장합시다.|||응원합니다|||2030 청소년 파이팅|||윤석열 대통령은 최근 세계에서 드문 가장 용기있는 대통령, 지도자이며, 그를 지키는 국민은 가장 용기있는 국민으로 세계에 알려져 있습니다. 추운 날씨에 함께 최선을 다하고 하나님께서 보호하시기 바랍니다.|||정말 멋진 청년이군요. 피를 끓는 청년들, 당신들이 살아가야 한다.|||고마워, 자유 대한민국 만세|||추운 날씨에 고생하고 있습니다. 좀 더 참고하십시오.|||응원합니다 지원합니다|||젊은 청년들! 당신의 미래를 생각합시다.. 일어나 일어나!|||청소년에게 감사|||수고하셨습니다. 열심히 응원하는 애국의 청년입니다.|||고마워, 우리 대통령을 지키자.|||애국자 청소년, 감사합니다, 애국자에게 감사드립니다.|||청소년 여러분, 노인의 추운 날씨에 감사드립니다.|||내일은 8일간 Joe 9일째의 요트가 고비인 것 같습니다만, 여러분의 체력의 비축을 잘 해 주고, 2030명의 주말 정도 많이 나와 주세요. 내 집도 내일 간다.|||애국자 여러분, 수고하셨습니다. 응원하고 있습니다.|||젊은 청년들이 일어나라.|||정말 예뻐요.",1,0
eqdES2H9jRY,"해킹! 나경원, 윤석열의 오빠와 2분간 통화! 99.99 이 말을 했습니까?",그러니까 나경원이 선두에 서서 말한 이유가 있었다.|||단지 호랑이가 이니지 완전 독제 체제의 호랑이니까. 침을 뱉을 뿐이었나요? 흥분하고 질.,1,1
ai0X3BqenpI,김오준의 다스보이다 2024 총선 297회,"지금도 국가를 정상적으로 바로잡기 위해서는 국하와 정부를 갈아입어야 합니다. 선거 잘하자|||나라도 개판 축구 협회도 개판 감독도 개판 아무것도 정상이 아닌 최근 투표에서도 꼭 합시다!|||정봉주 여러분, 꼭 4월에 국회에 입성해 주셨으면 합니다.|||정봉주는 반드시,,,,,|||김오준 총사는 언제나 건강하고 열심히 해주세요.|||우리 모두 총선거에서 윤석열 사라지는 그날까지 힘을 모아 민주당 파이팅!|||어른 때문입니다. 우리를 행복하게 해준 선수들을 사랑해.|||최백근 교수 감사합니다 김오준은 언제나 응원|||더 이상 회장이 없습니까? 고양갑 심상정 주면 국력에 건너갑니다 절대!!!!|||김오준 망쳐서는 안된다,..! 구독합니다.|||무능, 무도한 정권을 꼭 심판합시다 이잼 민주당 총선압승|||충청도에 인재 도입이 확실했어요. 보고 훨씬 기쁩니다… 싸우자!|||민주당의 비례표가 분산되어 있지 않으면 좋다. 민주당의 압도적 제1당을 위한 승리를 기원합니다.|||충청팀! 파이팅! 특히 .17호 김재성님 꼭! 구청이 됩니다|||김오준 총수 감사합니다|||무능한 지도자가 얼마나 비참한 사태를 만드는지, 꼭 심판합시다 룬, 몽규 OUT|||최백근 교수님처럼 애국자가 또 있을까는 너희들입니다!|||조국신당을 응원하는 파이팅지역은 민주당의 비례|||우리의 소원 동지 인 귀중한 총수 올바른 말 좋은 방송 리드로 치유 큰 힘을받습니다 건강하고 오랫동안 함께하십시오 항상 감사합니다|||김오준님 총선거 승리로 민주당 가즈아!|||받아들인 인재 여러분 정말로 훌륭한 사람들입니다. 동기부여, 아이디어를 고집, 말씀 잘 하고……그러니까 민주당입니다. 사람들을 웃게 하는 정치를 하고, 지도자나 시민이 서로 믿고 사는 사회를 만들어 가는 민주당의 파이팅입니다.|||원래 독일에 가는 이유가 김건희에 있었던 것이다. 윤석열은 독일에서는 볼 수 없기 때문에|||나는 조국을 지원한다. 조국을 동정하고 지지하는 것은 아니다. 대한민국의 건전한 성장과 국민경제의 성장에는 언론개혁과 검찰개혁이 필요하다. 검찰 개혁의 의지가 강하고 능숙한 사람이 조국이라고 생각하고 나는 조국을 지지한다. 조국의 용기에 박수를 보냅니다.|||똑바로 하나없는 최근처럼 사는 의욕도 사라집니다.|||윤석열. 간히 없음. 밥도 먹을 수 없다",1,1
wFxeUBmy4yk,"김오준의 다스보다 317회 한경훈, 삼부체크 무늬, 트럼프가 온다","우원 식사를 어떻게 해보자! 국력당에 시간을 버는 행동을 어떻게 설득해야 하는가?|||우원식 의장. ㅆㅂ|||탄핵이 빠를수록 나라가 정상 나라가 된다고 생각합니다.|||우선순위를 알아야 합니다! 언론에서 개혁이 어렵다|||오늘 법사위 청문회와 국민당 대표 논의를 보고 있기 때문에 가관도 아니다.|||항상 우리를 깨워 주셔서 감사합니다!|||전청레 위원장의 입법위원에게 운영사회통율력을 세계 각국 국회가 배워야 합니다.|||군 골프장은 파트 3의 야감을 운영하지 않습니다.|||할 수 없게 되는 것보다 상설 특검이라도 좋다고 생각합니다.|||진심으로 우리나라가… 국민이… 이 역경을 잘 이기고 싶습니다.|||안녕하세요 김오준 총수는 언제나 건강하고 노력해 주세요. 응원하고 있습니다.|||진보는 국민으로서 살고, 보수는 백성으로 사는다. 이 나라의 주인은 국민이며, 백성은 나라토 아래에 굴종하여 사는 노예이다.|||국내 정치 외교 정치는 정말 최악입니다. 탄핵은 대답입니다.|||한동훈이 사과까지 했다는 것은 청탁행위가 있었다는 확실한 증거!|||양주는 대통령 기록물 때문에 마신 사람도 대통령 기록물!|||국민이 모지를 선택했다고는 생각하지 않는 200만표를 미분류에 인출해 마음대로 나눈 너무가 범인입니다! 더 이상 주권이 손상되어서는 안됩니다! 투표함을 옮기지 않도록 입법해야 합니다!|||다만 모든 이상을 당연시하는 정부…|||한준호 의원님 미래 대통령의 길로 계속 ​​환승|||민주당 의원님 굉장합니다 이재명 대표와 함께 나라를 위해 국민을 위해 많은 일을 해줄 것이라고 믿습니다 응원합니다|||윤석렬은 정치하자마자 대통령이 됐다.|||김오준 총수…|||김병준의 꿈의 이야기 달려와 열심히, 정말 너는……………………………………………………………………………………………………………………………………………………………………|||삼부는 ㅡ라임ㅡ 옵티모스의 사라진 돈의 마지막 미로게임의 ㅡ문이 될 것 같다|||한준호 의원의정활동|||이재명 이재면 이재명",1,1
xupyh9X2csE,이런 정치인들은 날아가야 한다…,"17년간 변하지 않는 사실 TV를 위해 후원 회원이 되십시오. 정기 스폰서 가입 ARS 1877 0411, 인터넷 애플리케이션 https goo.gl 1OjzfE|||2026년에는 부탁드립니다.|||진짜 진글진 구르나나 경원|||의정활동의 목적은 국회를 깨고|||조백석, 이은재, 곽규택의 얼굴이 비슷하다…|||서영 교의원님, 뒤에서 응원합니다. 곽규택은 같은 아이들과 이야기하지 마세요.|||나팔 특검 수사 언제입니까?|||우리의 소장군|||나경원은 의원이니까, 그런 것이 판사 출신이니까 대한민국 교육체계도 바꿔야 하도록 곽규택은 검사 출신이라고|||우선 목소리에서 이기면 내란당 압도, 마이크는 필요 없습니다.|||징글징글내 난당해채원|||다음의 원대는 꼭 서연 교의원님이 되어 주었으면 합니다!!매우 든든한 분!|||수프. 징글 징글한다.|||서영교 의원을 응원|||남편이 법원장? 품격이란 무엇인가 준 것처럼|||나경원|||나경원법사 위나가라|||내란 일년이 지난 지금도 내란은 진행 중이며, 그 내란범은 군짐다 46명 권성동 권용세시켜 내란을 하루 종일 마치지 않으면 나라도 국민도 행복해집니다.|||국력정당 해산 언제 하는 거야|||아, 진짜 국민은 언제 없어지지만 세금은 유감입니다.|||나경원 야나기하라 곽규택에 조용하고|||곽규택은 신속하게 원하십니까?|||팔산 오제키데스|||나경원은 국회에 보낸 모든 사람이 죄인입니다.|||말할 수 없습니다.",1,1
OoWMJB1_USw,"김병기 계속 웃었으니 728조 지켰다! …국력 전액 삭감 와루루, 왜?","17년간 변하지 않는 사실 TV를 위해 후원 회원이 되십시오. 정기 스폰서 가입 ARS 1877 0411, 인터넷 애플리케이션 https goo.gl 1OjzfE|||내란전속재판부를 빨리 설치|||내란 전문 재판부의 설치를 빨리 설치한다|||이것은 잘 작동했습니다.|||우리 민주당 의원 여러분, 수고하셨습니다. 내란이 끝날 때까지 최선을 다하십시오. 파이팅입니다.|||잘 작동했습니다.|||무기 최고의 최고의 직업|||민주당의 파이팅입니다.|||사실이라면 많은 일을 했습니다.|||잘 작동합니다 ... 그만하자! 국민을 지켜보고 있습니다.|||지돌코가 이시코라고 민주당의 고양이들이 뭐니 뭐니해도 전부 거부권 행사하자 어제까지만 내란당에서 태어나면 왜 갑자기 태세를 바꾼 것인가. 도대체 무엇을 뒷받침했는가. 내란 재판부 설치. 사법부 개혁 양보 절대가 되지 않는다.|||수프 매달아 이재면 예산 전액 삭감 매달려 허위 사실에 고발하세요!|||좋은|||국력은 단지 주었다.|||수프에 무엇을 주었습니까?|||김병기 의원 고생했습니다.|||가짜 뉴스가 많기 때문에 Omy News나 검증된 장소만 보고 믿어야 합니다.|||맞습니다! 김병기 잘 하고 있다. 응원한다. 국민 중 한 명인 나, 김병기를 응원하는 나. 이런 나를 실망시키지 않기를 바라며 응원한다.|||뒷거래가 있다면 조금 있습니다.|||의석 수의 과반수를 넘어 무엇을 지켰습니까? 그냥 하면 된다. 과반수의 의석 수 전혀 밀어 주었습니까? 흔히 협작을 하려고 손으로 만들어주는데 언제나 흩날리다. 이낙영처럼!|||이상한 내란당이 이렇게 순수하게 합의하는 것이…|||무기야 아들 숭실 대학 입학 부정이나 해명해라 이미 증거까지 전부 나왔다고 사실이라면 그 자리에서 내려와|||요노 합의? 이상한 거래가 아닐까요?|||아, 난... 김병기 원내대표의 의심이 있을 수 있습니다... 가짜뉴스인지 진짜인지...|||김병기가 무엇을 합의했다면 의심에서 도네의 정체를 통해 민주당 내 살아남으려면 오랜 세월이 걸릴 것이다. 그만큼 당신이 잘못입니다.",0,0
ziHmZSX0zo8,역사상 최악의 배신자 윤한헌 윤한헌 배신자,"곳곳에 배신자가 많습니다. 끔찍한.|||한놈 추가|||개가 주인을 때리는 형태입니다.|||윤한헌 제명원ㅡ|||여유분 ㅠ 국력당원 가입 부탁드립니다 ㅠ 그래도 보수당이 해체되게 되었습니다. 무엇보다 이번에 계엄사죄한 사람들을 쫓아내고 심야로 만드는 데 큰 도움이 됩니다 ㅠ 한동훈당 조사도 더 압박해야 합니다 ㅠ 여러분의 영향력을 미쳐주세요... 나도 몰랐지만 이번에 국력사죄하는 의원들 보고 일단 국력으로부터 지켜야 한다고 생각했습니다 ㅠ 감사 내부 램핑 시스템으로 해체되면 일당 시스템으로 바뀌지 않습니다.|||윤한헌을 제명하세요.|||국민의 힘에는 왜 배신자, 반역자들이 송충처럼 끔찍한가? 반역자를 해치고 침착한 나라를 위해 의원끼리를 정리하자.|||배신자는 새싹을 제명해야 한다.|||스스로 쥬데이와 배신의 자유를 선택하는데 무엇을 하는가? 표로 심판한다 그러나… 그러나 사과에는 국개사퇴 정도의 책임은 따라야 할까? 권력미에 배부한 자들의 위선 잔치에 지나지 않는 것.|||사람은 지금까지 바꿀 수 있습니까?|||악한 자들 사이에 붙은 담낭에 붙었다.|||이런 식으로 배신자를 미워해야합니다.|||윤한헌|||한홍은 맛을 낸 ㅎ 잠시 갔다.|||윤한헌을 적극적으로 찍자|||계엄령 2시간 무슨 피해가 있습니까?|||철저한 정상 숲 배.|||진짜 울파톤 터지네요. 윤석 열 대통령은 영웅입니다!|||윤한헌은 간신히 하고 있지만 지금은 사용을 폐기하고 배신자에게 선두에 서 있다.|||윤한헌, 배신자의 기회주의자를 처벌|||진짜 나쁜 샘! 아웃해야합니다|||ㅎ. ㅎ.|||윤한헌|||배신자 윤한헌|||정말 화가",1,1
J-pLqV59M7I,"지규영 노상원 메모, 어떻게 해야 하나요? 티조Clip shorts","얼마나 말이 없다고 말하는 동안 웃음이 나오는가?|||가짜 메모라고 판단해서는 안된다.|||메모가 불법이라고 탄핵도 불법이 되는 것이 아니라 불법 메모 증거에 의해 탄핵이 되었지만, 그것은 분명히 밝혀야 할 문제다|||한층 더 다운로드된 메모가 인터넷에 올라온 적은 없지만, 홍장원이 헌법으로 쓴 후에 생성된 것처럼 보인다고 한다.|||그래서 지렁이는 증거가 되지만 헌법재판소는 인정했다.|||아, 지렁이가 받았네요.|||지귀연 판사 진실한 후부 통치 없이 법률로 판결하십시오. 누가 봐도 윤석열 대통령은 무죄다.|||홍창원이 인터넷에서 다운로드했다고 거짓 증거로 밝혀진 듯한 성격의 메모인가|||진정한 기쁨을 선사하는 코미디 재판.|||메모가 별로 없어서 판사님의 웃음이 나오네요.|||메모는 홍장원이 만든 메모가 아닌 보좌관이 나와 진술하지 않으면 진정성립 여부 싸울 수 있다.|||판사, 정의, 응원합니다.|||가짜 메모|||아..무슨 짓을 하는지|||아니요, 이것은 메모로 정의할 수 없는 예술품입니다.|||판사는 법과 양심적으로 살아야 한다!|||제발. 범죄자에게는 타협이 없습니다. 절대로.|||지경재판관 지금 재판이 잘못되면 나라가 공산주의로 가서 재판을 잘 해|||특검으로 이미 노상원 자신이 작성했다고 했다.|||판사는 한국의 마지막 그릇입니다.|||지귀 연법을 지키는 올바른 판사 파이팅 국가를 지켜 주셔서 감사합니다 많은 국민들이 함께합니다 파이팅!|||지경 애국 판사 파이팅! 3권 분립 자유 민주주의 입법 사법 행정 모두 독립 기관입니다! 싸우고 이길 수 없습니다.|||홍창원 증언증거는 불충분하며 탄핵판결 다시 해야 한다.|||지경 판사 이나라를 살려주세요.|||문상호 증인",0,1
smZ4iQkqzOg,계엄의 연결을 발견했다! 임은정의 설명이 필요합니다.,"최욱씨 오늘은 감탄했습니다. 작은 부분을 놓치지 않고 지적했습니다. 수면은 언제 잠을 자는지 궁금해질 때까지 자고 있습니다. ㅎㅎ|||조희대 지구 이종재 내 난판사는 곧 체포되어야 한다...|||누가 떠나도 우쿠이가 최고다. 우쿠아 정말 고마워, 너 때문에 항상 열심히 살아|||내란 종결의 길은 멀리도 험하다. 모두 지치지 않고 끝까지 잘 마무리합시다. 역사의 큰 갈림길이다.|||역시 신뢰받는 언론인 최욱 님의 날카로운 대리석 쇼를 능가하는 미디어는 없다!|||조희대 귀연은 반드시 처벌해야 합니다.|||부패한 사법부의 내부 통제 시스템|||판사들의 특권 의식 때문에 자신들의 판결은 무모한 성역이어야 한다는 신기한 망상을 가지고 있기 때문에 법왜곡죄에 반대하는 것입니다. 원하는 심리를 듣는 행위라고 봐야 합니다.|||매 부처 쇼를 만들어 주시는 여러분, 감사합니다.|||여기에 남미 시차가 있는데 지금 12만 찍었지요. 그러나 오늘은 매우 중요한 진실을 드러내서 정말 좋았습니다.|||백해룡경정팀 수사 결과를 기대한다. 수사를 방해하지 말고 영장이나 곧바로 내주세요.|||가라테 처장 이렇게 하면 없어서 새로운 기관을 만들지 않으면… 가라테 처장도 그대로 있어…|||매 부처 쇼 최고입니다 언제나 응원합니다.|||최욱씨 정말 검판관은 무법천이군요. 기다려주세요.|||마약 수사는 확실히 특검에 가야 한다.|||내란에 대해 정리가 딱 맞네요. 알면 알수록 무서운 세계에서 악마가 실존한다는 생각이 드네요. 마약 수사도 확실히 들여다보고 이곳 나라가 제대로 서있을 수 있다고 생각합니다.|||얼마나 떨리는지 내란에 살인 미수였던 인간들을 그냥 두어 두면 정상이 아니야 검사 재판관 정신 조금 받으라 기생 언론도!|||국가와 국민의 미래가 걸린 마약 문제입니다만, 단지 통과할 수 없습니다 반드시 특검 가야 합니다!|||조희대지경영은 반드시! 처벌해야합니다!|||사법부 판사 수사나 마약 수사나… 유감이라는 표현에서는 부족합니다. 꼭 진실을 밝혀주세요.|||장마 쪽이, 왠지 영화보다 재미있다!|||개헌 연임|||주경호 20억 뇌물수수 의혹|||약물 사건은 결코 이렇게 이야기를 넘어서는 안됩니다! 반드시 그 상위 헤더를 밝혀야 합니다!|||마약 수사의 끝까지 다루십시오!",1,1
GLxKSy59Gn4,"국회의원 사퇴 요인, 잊을 수 없는 말","진정한 놈들은 균일하게 지쳐 있다!|||자신만의 파티. 사라진다.|||이중국적자의 이민도 미국에 간첩한 것이 아닌지 철저히 조사해야 한다. 또 탈북자 국회의원도 철저한 수사가 필요하다.|||선대의 선행을 하지 않는 사람|||통일교회가 되어 지발이 내려 달리는 것은 아닐까. 은퇴해도 책임을 지는 것은 책임을 져야 한다.|||선친의 명예를 무시해버리는데 혀!!!!!!!!! 돈과 기득권의 카르텔원|||아버지의 훌륭한 업적에 스스로 침을 뱉은 분인데, 이포…극우라니…|||점차 탈출 시작입니다.|||빵빵에|||정말 이해하지 못한 사람 중 한 명|||뭐하고 있니?|||머리가 완전히 부러졌습니다.|||도망칠까?|||뭐야 ㅎㅎ 김근희는|||대답하지 않는다. 그만하자.|||이자를 찍어준 지역구를 반성하고 다시 이런 자가 국회에 나오지 않도록 해야 한다",1,1
BtmDYY8osmA,"김현중의 겸손은 어려운 뉴스공장 2025년 12월 2일 화요일 김용민, 김완, 오혁진, 김승원,","쿠팡이 능동적으로 해결해주지 않는다.|||사법부가 눈치채지 못할 정도로 사법부 개선법을 발의하십시오. 정당하지 않은 조희대 대법원장의 힘을 모두 빼십시오.|||대통령이 내란세력이라도 국가범죄자들은 ​​상속인까지 철저히 취해야 했으므로 제대로 처벌되는 것 같습니다.|||박정찬 단장 나오고 침투부에서 궤도양 발사 중계 때도 들리지 않는 긴박한 내용을 듣기 때문에 더 고생하고 있는 것 같네요 항우연 파이팅|||지방선거의 역풍운운이 아니라 내란의 동조세력 남기지 않고 형사처벌해야 한다.|||무장한 병사들이 급박중에도 눈이 다칠까 생각하고 목을 노렸다는 배려와… 친근하다. 철저히 조사하고 적절한 처벌을|||모든 법적 조항에는 취지를 함께 붙이지 않으면 법왜곡이 없다고 보고 있습니다.|||내란과 법왜곡죄는 사면이 없는 처벌로 다스려야 합니다. 이러한 법이 없으면 법으로 만들어 확정해 주십시오. 굳이 이런 불법은 생각하는 것도 힘들어야 합니다.|||주식 아기를 운전하고 혼자 편집|||검찰청 폐지지도 78년 만에 완성사법부적폐청산은 훨씬 어려워서 힘들겠지요|||공장장은 과학 관련 인터뷰 시 빛나는 누구보다 젤 재미|||계엄해제 직후 조희대가 누구로부터 전화로 지시를 받았는지 즉시 알아야 ㅜㅜ|||총구를 막은 것이 군용물의 탈취다. 그 변호사를 내란의 가담자의 입장에 두어 보면 올바른 말이다. 즉, 그 변호사도 내란 관련법으로 처벌해야 한다.|||정말 꽉 방송|||계속 숨길 뿐인 그 사악한 조희대를 지금 잡아 엄중히 수사하고 처벌을 해야 한다.|||짱짱을 봐야 해|||역사를 잊은 자에게는 그 역사가 반복되는 형벌에 처한다.|||김용민 의원이 있어 얼마나 다행인지 모르겠다.|||김영민 의원, 폰링! 일은 정말 잘 정장을 입고 입법 검투사!|||공장장 우주 분야에 인터뷰할 때는 매우 빛나고 있습니다.|||알차다, 알차! 바쁜 출근시간을 나누고 놓칠 부분이 있으면 뒤로 돌려 다시 한 번 듣고 있는 것이 하나도 모른다. 나의 인생의 생산성을 높이는, 민주 진영 천년 고목, 겸공|||재고 가방의 좋은 아이템입니다. 잘 보고 있습니다.|||겸공 마스코트 최서영 pd 파이팅!|||내란을 철저히 단죄할 수 없었던 페루는 수많은 국민의 피해로 돌아왔다. 우리는 잊지 마세요! 철저히 단죄할 수 없었던 과거 군사 쿠데타가 지금의 12.3 내란으로 돌아온 것이다. 사법부는 철저히 수사하고 철저하게 단죄하라! 내란 전문 재판부 설치가 긴급|||눈이 수상할까 하고 총구의 라이트를 목에 비추었다고… 법정에서 변호사가 대변한다… 이상하고 비이성적인 무리가 과연 평범한 것인가? 정말 무서운 세계에 살고 있는 것이다. 조심해야 하는 국민은… 아직 내란중이다… 언제까지 지켜봐야 할 것인가…",1,1
sBvbPQaBNmU,정말 토크 인사청탁 의혹 김남국 사직 진윤에게 버려지는 장동혁? 정청레 1인1 표제부결 타격 MBC 251206 방송,"그러니까 국력은 계엄 다시 해도 윤을 지지한다는 것이다.|||국력은 여전히 ​​국민을 무시하고 있습니다.|||키훈리는|||피곤하다. 스파이 토론. 내가 볼 때 나라가 멸망되기를 바라는 국력이 스파이 집단이며 누군가 스파이에 몰렸다.|||국력이 낮으면 그들은 절대선으로 알고 있습니다.|||뉴스 하이킥은 각성하라. 김기홍 그런 아이들은 다시 패널로 데려오지 마세요. 오히려 서정욱과 고성국가를 데리고 가세요.|||덕수 가방 모치는 또 나왔다.|||김기훈이 나왔다. 김기훈이 이자라도 굉장히 질이 나쁘고 죽이는 변명만 해서 국민 오장육부를 긁어내는 자입니다. 민주당이 지금 국력당과 타협? 해야 하는가? 무엇, 어떻게 이해하고 받아야합니까? 나라를 전복시켜, 국민을 총검으로 위협하고 있던 놈들이지만, 그런 놈들과 타협을 하라고 하는 소리를 하라. 안녕하세요 국민들 사이에서 폭발한다.|||김기훈은 정말 흉내낼 수 없다.|||듣지 않습니다.|||캬캬캬 기후|||정치 현안에 대해 패널이 흔히 논리에 맞게 지칠 것을 날카롭게 파헤칠 수 없고, 단지 듣고 있을 뿐이다… 평일과 너무 비교된다.|||김기훈의 논리는 세계의 모든 소리 중에서 김남국에 대한 소리만 들리는 망상한 인간의 논리다. 기자했다는 인간이 김건희가 청탁한 국회의원 자리와 명태균이 청탁한 수명은 인사에 대해서는 들리지 않는 선택적 뉴스콜렉터다운 논리다.|||김기홍 또 당혁의 대변인 망경경과 장현혁 11월 3일의 경험에 대해 한마디도 할 수 없는 대표를 엄격히 하고 있다.|||국민의 힘이 우치 그 말을 할 수 있는지 머리 속이 신경이 쓰인다|||시끄러운! 나구국 짐은 입이 10개라도 말이 없어야 할 누가 누구를 비난해!|||이런 일이 일어나면 김치현의 국력 하이킥으로 타이틀을 바꿉니다.",1,1
NlYM11BpyVA,히가시카와 구역 해제설에 시장 동요 확산 풍선 효과 우려 머니데이 방송 뉴스,"모두 풀어 놓고 몇 년 안에, 다만 남겨두었다.|||거시적으로 부동산ㅣ안정화방법 시장금리보다 0.5 1가산 10. 전세대출 폐지 누구보다 ㅜ 사랑합니다.|||결론적으로 흐트러져도 계속 올라간다는 것은 국회 인사 청문회 보라 위장 전입.|||생각 없이 정책을 세우면 국민만이 힘들다|||좌파 정권만 들어가면 이 소란이 된다. 왜 몇번이나 찍어주는 것인가.",0,1
o19GqTLt8h4,발언 들었던 지규영 재판관을 뭘 봐.. 김용현 내란재판에서 어땠어?,"법원 사회는 잘 보입니다.|||뭐 꼭 재판이 이런 시트콤 일행은 전혀 몰랐던 이것이 진짜 그 신구씨가 나온 그 시트콤같아… 대단해…|||재판관이 피고인 변호사 측에게 용서를 구한다고 한다. ㅎㅎ 역무겁다.|||내란죄 재판인데 이것이 무엇을 하는가.|||뭐야! 서로 반성하는 시간인가? 내 재판은 매우 따뜻합니다.|||실제 내란 재판인가? 웃음이 오고 판사가 피의자에게 죄송합니다.|||변호사. 판사. 똑같이 살아. 이런 재판. 선견한다. 아직이다. 이것은 재판입니다.|||판사가 말을 멈추게 한다. 에구 정말로 정말 세상이 .. 마음이 막혀 있다. 정말 화기애|||변호사에게 지적되고 있는 재판장이란. ㅎ|||진짜 화기애애 변호사가 혼인하는 교육을 시킨 이 조직 무엇?|||재판이 아니라 개판입니다.|||이 장면이 널리 공유됨|||눈을 뜨고 볼 수 없습니다.|||재판장이 혼란|||나는 분노를 사랑한다.|||뭐하고 있니? 아니, 정말|||어떤 가정 법원 가족 사건 합의 조정하는 것 같네요. 도대체 무슨 재판을 하고 싶은 것인가…|||그래서 전임 법원이 필요합니다.|||동네 마을 회관에서 친목회를 하고 있는 것 같습니다.|||귀찮다는 말이 아무 생각 없이 나오는 것일까? 그것은 반드시 해야 한다는 말입니다.|||와우... 정말 내 형사 재판이었어? 일반 형사 재판도 이렇게 하지 않는다!|||지금 무엇을 보고 있나요? 나는 재판을 보러 왔지만 여기가 아닌가?|||이상상과 안경은 아직 느끼지 않았나요? ? ? ? ? ? ? ? ? 이나라법이 있습니까????????????????????????????????????????????|||2명의 변호사는 언제 감독할 것인가… 그리고 변호사 협회는 무엇을 하고 있는가…|||법정에서 검찰 측에 지적하면 확실히 그렇게 변호사도……ㅉ 감정도 부족하다.",1,1
82iElNY-irE,이재명 등장하는 녹음은 무엇을 하는가?,"최고입니다 최고의 미디어|||이재명이 통일교를 해산시키겠다고 위협하는 이유를 알고 있는데,|||불의가 법이 될 때 국민저항은 의무가 된다|||그런데 이재명 재판을 재개하는 게 김현지 정진상, 김남준, 김용, 이석기,|||윤영호는 싹을 날리는 답이다...|||전혀 할 수 없었던 일은 해냈습니다. 역사적인 인물과 진정한 인간이 아닌 괴물입니다.|||검을 치는 것은 어렵습니다 ...|||나는 남부부의 끝에 왕을 찢어야 한다.|||여당을 보는 개특검 철수를 맞아야 합니다|||양파처럼 카드 드 나오는 범죄자 앞과 4 범의 사기꾼을 긴급 체포하라.|||이재명을 심판하십시오 이재명을 수사하십시오|||범죄자들은.|||민중기 고발 조치로 특검하라.|||모조를 잡아야 한다|||인과응보! 세계이다|||민중기 특검을 해체하고 민중기를 구속해야 한다.|||모르는 것을 가르쳐 주셔서 감사합니다.|||이재명은 어쨌든 끝이 없구나. 능력이 없으면 내려서 재판을 받고 따뜻한 빵에 가서...|||뉴스 감사합니다 싸움입니다|||갖고 싶은데 안 되니까 종교 탄압할까? 그리고 나머지 사람|||내란의 두두 이재명과 통일교의 불법자금 수수한 각료.|||이재명 이자를 탄핵시켜 재판을 시작하라. 그리고 좌파 더블어 민주당이 당을 해체하라.|||진실은 분명해진다!!!!|||3대 특검 부력자들 모두 구속 수사해야 합니다|||이재명이 통일교도 3명인 이정우에게 임명장을 주었다...",0,1
YHoq8E0nvw4,이것은 국민의 눈높이입니다.,"매우 상당한 말씀입니다.|||맞습니다. 모든 사실 검사 후 비상계엄은 내란이 아닙니다.|||최고군요 지금 전시중 맞습니다 생명을 걸고 자유 대한민국을 지켜야 합니다|||나라를 위해 이렇게 최선을 다해 주셔서 감사합니다.|||배신자의 민간일이 밝혀졌습니다.|||그라운드 C 김성원 대표님 수고하셨습니다.|||무치치다 우파에게 이런 분이 있어 힘이 나옵니다. 감사합니다.|||이번 국력 국회의원 중 세비가 아까울 정도 때려 당론에 따르지 않는 사람은 퇴출시켜야 합니다.|||박정권 의원은 최고이며 정말 옳다고 생각합니다.|||그리고 역시 최고의 코멘트입니다 당원 63 프로가 국민의 눈높이|||모두 걸었다는 말에 진정성이 느껴지네요.|||올바른 말입니다.|||대통령으로서 비상계엄정당한 탄핵무효|||국민의 힘, 최선을 다해 박춘권 의원님을 응원하고,|||네, 그렇습니다.|||국력 대표!!! 적극 추천|||국력이 정신적이어야 한다 젊은 국력의원의 패기가 필요|||국민은 자유민주주의의 체제를 지키고 싶다!|||정말 정말 올바른 단어 감사합니다!|||윤석 열 대통령의 국민이 지지합니다.|||아무쪼록 잘 부탁드립니다. 국력|||올바른 말입니다.|||고마워요, 존경하고 사랑하세요 당신은 영웅입니다|||당신 같은 분이 국력에 필요합니다.|||이번 진정한 국민의 힘이 되는 의원임을 보여주세요! 국민을 위해 싸워라!",1,0
iOqQmFSD8_Q,"LIVE 밝은 일출의 날 25.12.11 파워북에 등장한 김광일, 전재수는 뇌물을 받지 못했다. 그 사람이 그렇게 자랑스러웠다면 왜 그만뒀겠는가? 통일교 뇌물수수 메인페이지가 따로 있습니다.","민주당을 붙잡아 수색하라. 민주당과 똑같이 조사해 보세요. 민정기 특검이 이들을 모두 체포한다.|||해가 뜨는 밝은 날에 싸우다|||전재수와 정동영. 박지원 김현지 등등.. 권선동도 감옥갔지만 그들도 감옥에 가야한다. 오직 한동훈만이 거절했다.|||윤 감독님, 진실만이 승리합니다! 용기를 주셔서 정말 감사드립니다.|||법원 판사는 아직 살아 있습니다. 김광일님의 의미있는 지적에 동의합니다.|||우리는 함께 파괴한다|||문형배를 포함해 당시 헌법재판소 재판관 7명은 자유대한민국 역사상 범죄자들이다.|||박지원: 이번 기회에 회계마인드로 아는 만큼 늘려보세요.|||이재명씨 큰일났어요! 도박을 할 여유도 없습니다.|||현희는 역겹다. 상식도, 법도 무시하고 자기 마음대로 내뱉는다. 그녀는 사람들을 바보로 본다.|||전재수의 하차는 김현지의 궁궐의 영향도 받았다.|||특검을 실시해 모두 싹을 틔워라.|||전! 그냥 운이 없었어요!|||통일교는 김대중 시대부터 침묵해왔다. Sun Myung Moon is the person who created the Peace Car in North Korea during the reign of Kim Dae Jung, and he seems to be very close to the political world. 부산이 정신이 좋으면 전재수는 정말 그렇지 않거든요.|||이 정권이 정책을 제대로 펴려면 뭔가를 알아야 한다!|||전재수 뇌물수수|||통일교회는 깊이 절합니다. 결혼식에서도 부부는 서로 깊게 절을 합니다. They always bow to Sun Myung Moon, the leader of the Hanhak Church.|||파워북!!|||제가 관여하고 있는 조직이 모두 망가질까 두렵습니다.|||임종성?ㅠ재명이 끝났어|||두 거장의 비평은 노벨 수준이다|||한동훈이 앞으로 나가면 죽어서 깨어나지 않는다.|||한동훈이 급한거 같은데...|||그 일이 30년 전에 일어났다는 겁니까? 그렇다면 김씨와 그 어머니는 무엇일까요?|||통일교가 아베를 암살한 거 맞죠?",0,1
qwziEJLdNS0,12일 4목 국력 3대 사과 박순봉 김준일 추경호 영장 기각 박순봉 AI기초사회 임문영 신동욱 vs 장경태 설전 유인태 김현중 뉴스쇼,"12·4목요일 뉴스쇼 뉴스연구소 3 나라 권력의 사과 현지 누나 인사 요구 김건희 연봉 2억원 징역 15년 박순봉 경향신문 기자 김준일 시사평론가 인터뷰 1 장동혁 송언석 계엄령 달라 사과 추경호 영장 기각 문진석 김남국 인사청탁 논란 놓지마 뉴스방송 강승희 인터뷰2 AI가 바꿀 세상, 우리나라는 현재 어떤 입장인가? AI 에이전트와 피지컬 AI 국가인공지능전략위원회 임문영 부위원장 장동혁 폭력사태에 월간계엄 문진석 김남국 인사 청탁 논란 신동욱-장경태 성추행 의혹 유인태 국회 사무총장 미니댓허니쇼 문진석 김남국, 어떤 후속조치가 필요한가. 유인태 국회 사무총장|||말썽꾼은 코인박사 김남국뿐인가? 불쌍한.|||가끔 인사청탁 비리를 그렇게 가볍게 여기시나요?|||유인태 아저씨... 찍히지 않아도 괜찮아... 뭐 달라고 한 게 잘한 일이었나..? 정말 이게 다란 말인가..? 이제는 그냥 집에 있고 싶은데... 틀린 말은 안 하고... 우리가 볼 수 없는 곳에서 하고 있으니 몰래 하는 게 아닐까 생각하실 수도 있겠지만... 공개적으로 하고 있는데... 다른 남자들도 예전에 그랬어요... 이게 다...|||잡히지만 않는다면 괜찮습니다. 문제는 그걸 촬영했다는 거다. 나는 듣는 동안 내 귀를 믿을 수 없었다. 제가 잘못 들은 줄 알았습니다. 내 마음 깊은 곳에 작은 분노가|||민주당 말썽꾼 조국 정청래 추미애 김남국 국민의힘 말썽꾼 윤석렬 장동혁 김민수 권성동. 세상에는 도움이 되는 사람도 있고 전혀 도움이 되지 않는 사람도 있습니다.",2,3
9vzIW02cqjE,박수현 현지 언니의 문자? 범죄도 아니고 윤리검사 대상도 아닙니다.,"이래서 민주당이 역겹다. 윤석렬 시대에 이런 일이 있었다면 민주당은 당시 정부와 국력에 뭐라고 말했을까. 만약 당신이 뭔가 잘못했다면, 당신은 뭔가 잘못했다고 말해야 합니다. 당신은 자신을 보호하려고 노력하고 있습니다. 너희들은 오만하고 오만하다.|||와, 이건 정말 내 잘못이야 ㅋㅋㅋ|||김남국을 뽑았을 때 충격을 받았는데 역시 국민 세금을 내지 않고 잘 살 것 같다. 당장 자르지 않으면 언젠가 반드시 대가를 치르게 될 것이다.|||직권남용은 윤리점검 대상뿐만 아니라 법적 조치 대상도 되는 것 아닌가요?|||불법이 아니라면 윤리적으로 문제가 없다는 뜻인가요? 내로남불..|||김현지의 횡포는 상식에 부합하므로 민주당은 그렇게 옹호하고 있다.|||그들은 왜 민간단체 회장과 연루되는 걸까? 이건 직권남용 아닌가요? 왜 죄가 아니라고 생각하시나요?|||티켓과 함께 보여주자. 티켓만 보는 아이들이군요.|||안녕하세요, 당신은 누구입니까? 문진석씨의 자동차산업협회 회장직 요구가 범죄인지 아닌지 판단해 주십시오. 범죄 아니면 괜찮아? 그러기 위해서는 윤리감시팀이 아니라 범죄수사팀이라고 불러야 한다. 문진석 운영위원인지 다른 의원인지, 현직 국회의원이 민간단체장을 청와대에 요구해 마피아 행세를 하고 있는데 무슨 소리냐. 윤리점검팀은 어떻습니까? 국회 본회의에서 누나, 형처럼 문자를 주고받는 김남국이 폭탄이다. 정리하자면, 이 사람들은 말하는 척만 하고 있는데 나는 너무 배가 부르다. 나는 화를 내지 않습니다.|||민주당 의원들 다 미쳤어요. 해산하다. 이것이 답입니다. 사람들은 화가 났습니다.|||내가 알기도 전에 그것은 사라졌습니다. 그게 다야.|||박수현 의원은 소신이 강하고 중도층을 대표하는 정치인으로 여겨졌으나 충남도지사 출마를 두고 혼신을 잃었다. 정부 조사를 받고 싶지 않아 인사에 개입할 수 없는 공직으로 옮겨진 점도 비판의 대상이다. 그러나 노골적으로 인사에 간섭하는 정황이 드러났음에도 불구하고 그는 문제가 없다고 말하고 있다. 권력을 누리고 책임을 지지 않는 체제에 반대하는 강력한 인물이다.|||최순실은 왜 10년 넘게 감옥에 갇혔나? 김현지가 국정농단 행위에 완전 휘말렸다. 이 범죄 정권은 반드시 무너져야 하며, 그 두 남자와 여자는 수십 년을 감옥에서 보내야 합니다.|||왜 우리는 계속 민주화운동을 빛의 혁명이라고 부르나요??? 나만 불편함을 느끼는 걸까?|||빛의 혁명이라는 말은 무슨 뜻인가요? 이 시대는 혁명인가? 왜 자꾸 사람들을 선동하고 기만하는 겁니까? 박수현 제발 정신 똑바로 차리고 살아라.",0,1
5ZVAsRogXIE,소위 대통령이라는 사람은 북한의 기본적인 사실조차 모르고 있는 걸까?,"그는 거짓말쟁이이고 사기꾼입니다. 빨리 감옥에 보내야 합니다.|||나는 정책에 대해 모른다. 대장동 비리는 잘 모르겠습니다. 백현동 비리를 모르겠어요. 북한으로의 송금에 대해서는 잘 모르겠습니다.|||이재명의 호흡조차 거짓말이다.|||그들은 권력과 재물에만 관심이 있을 뿐, 국민의 삶에는 관심이 없습니다.|||마을 이장에 대하여|||좋아요|||예. 무섭다.|||그런데 - 내년에 한국에 큰 경제위기가 닥칠 것이다 - IMF - 1997년 IMF에서 벗어나 - 핵태풍 토네이도가 닥친다 - 원화는 돈낭비다 -|||내가 대통령이야? 물론 모르겠지만, 꼭 알 필요가 있나요??? .........ㅋㅋㅋ",0,1
S-0bVM53was,"조희대 현 대법원장, 비리수사처 고발 한두 건 아닌 기소유예 Shorts MBC News","좀 더 조사해서 진실을 찾아보자.|||조사해야 해|||엄정한 조사를 부탁드립니다.|||조희대를 철저히 조사하고 엄벌하라.|||엄중히 수사하고 엄벌하라|||제발 철저히 수색하고 압수합시다.|||지금 가장 추악하고 위험한 사람|||엄중히 조사하고 처벌해야 합니다.|||불의한 사법부를 개혁해야 합니다.|||일반적인 경우라면 바로 조사를 했을 것이다. 폐기하기 어렵다는 게 말이 됩니까?|||반란군은 사임하고 조사를 받아야 한다.|||우리나라의 암덩어리를 빨리 잘라내서 처리해주십시오.|||철저히 조사해서 모두 처벌하고 해임해야 합니다. 구속이 필요합니다.|||철저히 조사해주세요|||검찰 수사관님, 빠른 처리 부탁드립니다.|||강력하게 처벌해주세요|||발리를 체포하고 구금하십시오. 그는 대법원장 자격이 없습니다.|||조기에 검거하여 철저히 조사하여 처벌하라. 그냥 무시하면 국민들이 용서하지 않을 겁니다.|||암 덩어리가 발견되면 잘라내어 치료해야 합니다. 그렇지 않으면 계속해서 번식하게 됩니다.|||체포하여 조사하라|||판사는 절대 신이 아닙니다!! 왜 판사는 예외여야 하는가? 오히려 더 엄격한 기준으로 판단하고 처벌해야 한다고 생각합니다. 실수가 의심된다면 당연히 조사를 받고 처벌을 받아야 합니다!!!|||철저히 조사해서 엄벌에 처해야 합니다.|||잘못된 판결을 내린 판사는 처벌을 받아야 한다.|||반드시 처벌받아야 할 사회악, 국가악|||사법개혁은 반드시 필요하다. 그곳은 성소가 아닙니다.",1,1
cj99qaBUL4A,다른 사역의 문제라도! 필사적으로 웃음을 터뜨린 이재명 대통령님 수고하셨어요 ㅎㅎ,"내 지인인 행정학 교수는 공무원의 지능은 해당 부처장의 능력에 따라 천재와 바보 사이를 오간다고 했다.|||식품의약품안전처장님, 정말 좋은 일을 하고 계십니다.|||식품의약품안전처장님, 자기 일이 아니라고 그냥 무시하실 것이 아닙니다. 당신은 훌륭한 공공 정신을 가지고 있습니다.|||눈으로 보여줘도 믿지 않는 사람들은 그냥 답이 없습니다.|||돌아가라, 돌아가라. 조직이 작동합니다. 잘 돌아가고 있어요|||고품질 생산에는 물이 중요하다.. 맞는 질문이었다.. 국무회의를 보고 21세기 경연대회를 개최하다 보면 인식이 확장된다.|||윗물이 맑으니 아랫물도 맑아요!!!|||당신은 훌륭한 일을 하고 있습니다! 좋아 좋아|||안녕히 주무세요|||이재명 정부 국무회의 생방송을 보면 저절로 희망과 꿈이 생긴다. 진정한 국민주권 시대를 만들어가고 있는 이재명 대통령은 연임제로 임기를 한 번 더 만들어야 한다. 5년은 짧습니다. 썩은 대한민국 구석구석을 고쳐야 합니다. 10년이라도 너무 짧을 것 같습니다.|||정말 잘했어요!! 국민의사랑 이재명대통령!! 만세|||관절줄기세포 치료를 받을 수 있게 해주세요.|||이전 정부는 무엇을 했나요? 오후 5시에 컨디션이 나간 뒤 윤석열 병장을 구했는가?|||꼭 챙겨주세요!!|||브라보.. 대한민국이 번영하길..|||김 수출은 좋은데 국내 김 가격이 너무 많이 올랐어요.|||잘한다|||쌀기름|||잘했어 박수|||리더가 똑똑하기 때문에 부하들도 모두 똑똑하다.|||우리 이재명 회장님 정말 대단하십니다. 그는 이 나라와 우리 국민을 이 혼란스러운 세상에서 평화가 있는 세상, 미래 발전의 비전이 있는 세상으로 이끌 수 있는 세계의 지도자입니다. 리더 K.K 리더.",0,0
tTHQMvVKU5o,"태도가 나쁜 나경원이 그런 건, 세밀한 진단을 내린 김용민이 제대로 처벌을 받지 못해서 그런 거다!","나경원 - 국회의장의 조언도 듣지 않고 예의를 무시하고 하고 싶은 말만 했다는 것 - 노래하고 춤추고 연극하고 조용히 내려오면 누가 말하겠는가 - 나경원, 4가지 없이 행동한 것을 반성해야 한다 -|||남편이 판사라서 다행이네요. 그런 범죄를 저지르고 법을 무시하더라도 그는 그 일을 면한다.|||나베, 국회에서 볼 수는 없지 않습니까, 서울시민 여러분!!!!|||5선 의원이 그런 짓을 하면 국민을 무시하기 때문이다. 이에 대해 숙고해주시기 바랍니다.|||당신은 얼마나 사람을 무시하고 항상 웃는 표정으로 끝나나요?|||나경원 안보고 살자.|||3일이라고 하네요. 오늘이 맞나요?|||나베는 기분이 좋지 않습니다. 나는 충격을 받았습니다.|||나경원의 스트레스가 하늘을 찌르네요. 많이 괴로울 테니 그렇게 비명을 지르는 모양이다.|||나경원 안보고 살고싶다 나경원은 나라의 권력을 더 싫어하게 만든다.",1,1
7gOVKPeBck8,윤석열 석방 막기 위해 구금기간 1년으로 연장?,"나쁜 사람은 반드시 벌을 받습니다.|||법을 무시하는 법 개정은 내전입니다. 저는 민주당이 법치를 파괴하고 있다고 비난합니다. 법을 파괴하고 나라를 파괴하고 있습니다. 민주당을 해산시키자!!!|||윤 총장님을 생각하면 화가 나고, 안타깝고, 끝까지 건강하시길 기도합니다. 윤 어게인|||별도의 악마가 있는 것은 아닙니다. 그가 나라를 황폐화시켰다는 것만으로는 충분하지 않습니다. 그가 온갖 악한 일을 선택한다는 것은 끔찍한 일입니다.|||정말. 내가 그것을 알기도 전에 그것은 돌아 왔습니다. 나라에서는|||국민을 두려워하지도 않는 정신병자들에게 나라를 맡긴 것이 너무 안타깝습니다. 나는 그들이 이 정도 수준의 사람들일 것이라고 결코 짐작하지 못했을 것입니다. 율법까지 파괴하는 자들은 멸망의 길로 인도하고 있는 것입니다.|||역시 선거 조작만으로 한국이 먹힐 수도 있다.|||그들은 마치 작은 가게를 운영하듯이 나라를 마음대로 조종하고 있습니다. 국민이 일어나야 합니다. 상식이 통하지 않는 나라가 되었습니다. 이것은 내전이나 쿠데타가 아닌가?|||말도 안 돼 ㅡㅡㅡㅡ|||법은 고무줄인가? 민주당이 집권하는 나라가 걱정됩니다.|||민주당은 해산된다|||정말 말도 안 되는 일이군요.|||당신은 하늘에서 벌을 받을 것입니다. 인구가 200명도 안되는 나라인가요?|||뉴스를 볼 때마다 정말 기분이 좋아요.|||당신은 장인이니까 일어나서 사람들을 그렇게 대해야 해요!|||반드시 천국의 형벌을 받게 해주세요.|||법에 따라서만|||법이 무너진 나라|||민주당은 해산되어야 한다. 민주당은 해산되어야 한다. 민주당은 해산되어야 한다.|||그 사람은 처벌받아 마땅해요|||정답|||부끄러워해야지 국민은 바보야|||고무줄 방식이 무서운 거 아시죠! 독재자는 정말로 그렇게 영구적인가? 이 범죄, 이두로, 이차이밍, 왕따 타이밍은 반드시 처벌받게 될 것이다! 회장님은 윤석열이십니다!|||이 미친놈들은 뭘 못하지?|||법이란 무엇인가",0,1
81AEXXs8t6A,뉴스바삭 오랜 세월 당 지도부를 뒤흔들어온 국민의힘...장동혁은 어떨까? MBC 251205 방송,"4번 타자는 누구인가? 퇴학이 정답입니다.|||보수에게는 아직 늦지 않았다. 한동훈이 있기 때문이다.|||장동혁은 자신의 손으로 리더십을 무너뜨리고 파멸의 길에 일시적인 광풍의 대표자가 됐다. 그 사람은 능력이 부족해요. 당신도 시도해 보세요. 그것은 죄입니다.|||한 의원 때문에 아직도 국권에 대한 집착을 버리지 못하고 있다.|||한 의원 때문에 총선에서 졌나? 전직 대통령이 잘못해서 졌다. 국민은 살아있는 증인이다.|||서정욱 멘탈평가 좀 받아라|||서정욱 레벨이 최악이네....|||조갑제 선생님의 말씀을 들으면 잠에서 깨어날 것입니다.|||장동혁의 행동을 보면 이재명 정부를 돕고, 이재명 정부에게 잘하라고 말하려는 것처럼 보인다.|||고마워요, 조갑재님.|||추경호가 대구시장이 된다면 대구시민들은 더 큰 어려움을 겪게 될 것입니다. 정신 똑바로 차리고 일 잘하는 사람을 뽑아주세요...|||사실 옥임누나는 예전에는 깐깐한 성격이었는데 이제는 사실인 말을 거의 다 한다. 냉철한 분석과 함께. 나는 그를 좋아하지만 아직 두 나라의 힘에 대해 약간의 후회를 갖고 있다고 생각하므로 빨리 포기하십시오. 해체해야 할 미친 돌이킬 수 없는 그룹.. 응원하겠습니다!|||정옥임 전 의원님, 행운을 빕니다.|||매일 저녁 김민수, 고성국, 전한길과 함께 윤어게인에 가면 함께 술을 마시지만, 그들에게서 멀어질 수는 없다.|||국회의원들은 모두 떡밥을 먹으려는 사람들일 뿐이다. 계엄령을 다시 선포하더라도 계엄령이 해제되지 않기를 바라야 한다. 그래야 더 큰 몫을 얻을 수 있기 때문이다.|||장동혁, 왜 그런 짓을 하는 거야? 정말 말도 안되는 정치를 하고 계시군요.|||장동혁은 자신의 정치만을 추구한다. 그는 일행이 죽든 말든 자신만이 살아남을 수 있다고 말한다.|||장동혁은 자신에게 유익하지 않다고 판단하면 윤어게인을 가차 없이 버리는 인물이다.|||친윤계 인사들이 선거를 위해 TK 뒤에 모여 가짜 사과를 하며 다시 단결하려 한다면 소용이 없다. 사람들은 앞을 똑바로 바라보고 있습니다. 거짓말은 통하지 않습니다.|||전한길은 전광훈에게 둘러싸여 도망치지 못하고 몸부림치고 있다.|||누구나 리더가 될 수 있나요? 극우가 당의 지도자가 될 명분이 있나요? 비상대책위원회로 가면 어느 정도 희망은 있다.|||장동혁이 보수를 망치고 있다.",1,3
ZWTTTEs5PeU,풀영상 국민의힘 장동혁...국회 앞 천막 농성 25.12.10,"그것을 위해 가십시오! 그것을 위해 가십시오! 그것을 위해 가십시오!|||장동혁 화이팅!!|||장동혁 의원을 지지합니다. 국민은 장동혁 의원을 지지합니다.|||열정적으로 응원합니다. 힘내세요. 감사합니다.|||장동혁 잘 지내요! 장동혁. 그것을 위해 가십시오|||장동혁 대표님! 승리의 싸움을 위해 워밍업하세요. 나는 당신을 응원합니다.|||국민의힘 내에서 내분과 분열을 일으키고 있는 인물들을 연일 나열해 주십시오. 장동혁 의원님을 응원합니다. 화이팅.|||장 의원님 힘내세요. 국민 모두가 당신을 지지합니다.|||국력 장동혁으로서 함께 싸우자.|||추워도 끝까지 국민을 믿어주세요...부탁드립니다.|||장동혁 대표님 화이팅!|||국민의힘이 힘을 모아 다음 선거에서 승리해야 하지 않을까요? 일부 의원들은 모자를 써야 한다.|||여러분, 잠에서 깨어나세요.|||나는 당신을 지원합니다. 화이팅!|||장동혁 대표님의 행운을 빕니다. 깨끗하고 당당하게 전진하는 당신을 응원합니다.|||나는 당신을 응원합니다|||우리는 자유로운 대한민국을 지켜야 합니다.|||텐트 농장이 잘 설치되어 있었습니다. 살고 즉시 죽습니다.|||국민의힘으로 하나로 뭉치자 장동혁 의원님 힘내세요!|||자유민주주의 대한민국을 끝까지 지켜냅시다.|||나야. 한국은 어디로 가는가?|||한국은 한국이 아니라 두 나라로 나누어진 나라입니다. 국민은 두 나라로 나뉘고, 국회도 두 나라로 나뉘어 있습니다. 추운 겨울 고생 많으시네요. 나는 여러분 모두를 사랑합니다. 화이팅.|||장동혁 당대표 김민수 최고위원 화이팅!|||국민은 내부선거에서 판단해야 한다.|||진짜 용사 장동혁, 김민수",1,0
BgfNe9PGBls,프랑스는 이렇게 멸망했다,"전체 버전을 다시 시청하세요 https www.youtube.com 라이브 ES5ADSBqjrg?si o87S9pRaRuhIVoE7|||프랑스는 개막식을 통해 자신들의 성 해방과 자유를 알리고 싶었을지 모르지만, 그것이 얼마나 추악하고 아름다웠는지를 세계인들이 점점 깨닫게 된 것 같다.|||나는 매우 감동 받았습니다. 나는 불교도이지만 그라운드 씨를 존경합니다.|||그리스도인으로서 이 정도의 인문학적 통찰력은 놀랍습니다. 구독부터 시작해 보겠습니다.|||프랑스가 말하는 것은 자유가 아니라 방종이다. 자유란 책임을 지고 질서를 유지하는 것을 의미합니다.|||우리 어린아이들은 GroundC 영상을 보면서 많은 것을 배우고 있습니다. 감사합니다.|||와... 기독교를 이렇게 설명하는 영상은 처음 봤습니다. 정말 즐거웠습니다.|||이렇게 이슬람을 조롱했다면 프랑스는 지금 당장 불타오르고 있을 것이다.|||와, 누군가가 진정한 기독교를 이렇게 정의하는 것을 본 것은 처음입니다. 뭔가 정말 충격받았어요.|||와, 지식 수준이 놀랍네요.|||프랑스가 죽었다고 말할 것이 아니라 유럽이 죽었다고 말해서는 안 된다. 이번 올림픽은 유럽에게 사형선고다.|||정말 미칠 것 같아요. 전 세계 사람들이 지켜보고 있는데 그게 말이 됩니까?|||오래오래 해주세요... 정말 감동입니다.|||한마디로 현대의 프랑스 소돔과 고모라입니다.|||이 사람은 누구이며, 어떻게 그렇게 말을 잘 할 수 있습니까? 너무 웃기고 정말 이해가 되네요. 이런 통찰력 있는 생각을 교과서에서 정식으로 배울 수 있었으면 좋겠습니다...|||저는 프랑스에서 20년 가까이 거주한 사람입니다. 이것은 완전히 정확한 의견입니다. 제가 늘 생각해온 것을 관찰과 경험을 통해 아주 섬세하게 설명해주셨네요.|||우리도 정신을 차립시다. 차별금지법은 통과되어서는 안 된다.|||나는 평등을 가장한 쾌락주의 추구에 공감한다. 소돔과 고모라의 사본입니다. 인간의 탐욕은 정말 끝이 없습니다.|||무엇을 믿어야 할지, 어떻게 살아야 할지 모르기 때문에 우리는 쾌락주의에 빠지게 됩니다. 우리가 어떻게 살아야 하는지에 대한 유신론적 원칙을 받아들이지 않는다면 우리는 쾌락주의에 빠지게 될 것입니다. 동의합니다. 저도 많이 헤매었는데 덕분에 방향을 잡았습니다.|||자유는 도덕성 없이는 성립될 수 없고, 도덕성은 신앙 없이는 성립될 수 없습니다. 토크빌|||그렇군요, 정말 놀랐습니다. 올림픽이 남녀 간의 관계와 어떤 관련이 있는지는 충격적이었습니다. 외설과 폭력을 행위예술로 승화시킨 것은 바로 프랑스 정신이었다. 무서웠어요. 의견을 보내주셔서 감사합니다.|||정확한 분석이네요. 정말 놀랍다|||세계사의 흐름을 이토록 신선하고 명쾌하게 논한 강의는 없었다...|||소돔과 고모라 같은 것은 없습니다. 아무래도 제2차 세계대전 이후 평화가 너무 오랫동안 지속됐던 것 같아요.|||와... 저 정도 수준으로 설명하려면 얼마나 공부하고 읽어야 하는지!",3,1
iOqQmFSD8_Q,LIVE 조금 하루 종일,"민주당의 압수 수색하라 민주당과 마찬가지로 수사하라 민중기 특검 이 모든 것을 구속하라|||밝고 맑은 파이팅|||정재수, 정동영. 박지원, 김현지 등… 권성동도 감옥에 갔는데|||윤봉 부장의 진실만이 이긴다! 용기를 주셔서 감사합니다.|||법원의 판사가 여전히 살아 있습니다.|||함께 파괴|||문현배를 포함한 당시 헌법재판관 7명은 자유 대한민국 역사의 죄인이다.|||박지원 이번 회의에 회계하는 마음으로 알수록 불어|||이재명 힘들었지! 빠져나갈 수도 없네요.|||현희는 맛이 갔다.|||정재수의 표는 김현지궁|||특검하여 새싹을 모두 짜내기|||나! 회수가 없었을 뿐입니다!|||통일교는 김대중 때부터 말이 없었다. 김대중 때 북쪽에서 평화차를 만든 사람이기도 한 문선명으로 정치 쪽에 매우 가까운 것 같다.|||이종권 무엇을 알아야하고 적절한 정책을 전개합니다!|||정재수|||통일교는 소중하다 결혼 때도 부부가 서로 소중하게 맞|||모두!!|||지가 연류한 모든 조직은 제거하는 것이 무서워|||임 존슨?|||두 거장의 평론은 노벨급|||한동훈이 나오면 죽은 일어나서는 안 돼|||한동훈이 댄스가 됩니다.|||30년 전날이라고 싸웠습니까? 그럼 김 여사와 어머니는 무엇인가?|||통일교는 아베 암살했다?",0,1
qwziEJLdNS0,12 4목 국력의 세 사과 현지 자매 인사,"12 4목 뉴스쇼 민주당 박수현 의원을 두지 않고 뉴스방송인 강승희 인터뷰 2 AI 요원과 피지컬 AI 국가인공지능전략위원회 임무영 부위원장 월간 장동혁 폭거대립계엄 문진석 김남국 인사청탁논쟁 성희롱 의혹 신동욱 vs 장경태 설전 유인태 국회 사무총장 미니유|||인물이 사고속 동전 박사 김남국밖에 없는가? 한심하다.|||인사 청탁 부정을 몰래 가볍게 하면서?|||유인테의 영감… 아끼면 그만둬… 부탁하는게 잘 됐는지…? 정말 말하면 모두인가…? 이제 집에만 있는 것을... 잘못하고 있다고 한마디 말하지 않는다.|||눈치채지 못하면 그만하자. 찍힌 것이 문제다, 듣고 엉덩이를 의심했다. 잘못 들은 이야기라고 생각했습니다. 가슴 깊은 곳에서 작은 분노|||민주당 사고집단 조국 정천레추미 김남국 국력당 사고집",2,3
9vzIW02cqjE,박수현 현지 언니 캐릭터? 범죄도 윤리감찰 대상도 아니다,"이것으로 민주당이 싫다. 윤석열 때 이런 일이 있다면 민주당이 당시 정부와 국력에 뭐라고 말했을까? 실수하면 실수했다고 말해야 한다니 무리하게 방패하고 있어. 교만하고 오만하다.|||그리고 정말 이것은 내 남자입니다.|||김남국을 픽했을 때도 깨달았는데, 역시 피 같은 국민세 축하가 없어도 배 가득 잘 사는데 빨리 자르지 않으면 언젠가 반드시 코멘트가 칠릴라|||직권 남용은 윤리감찰 대상을 넘어 법적 조치 대상에 해당하지 않습니까?|||불법이 아니면 윤리적으로 문제가 없는 것일까요? 내 남부..|||실세 김현지의 앞 옆은 상식에 맞고 민주당은 그렇게 감싸|||민간협회 회장을 왜 그들이 관여하는가? 직권 남용이 아닌가? 왜 죄가 없다고 생각합니까?|||티켓으로 보여주세요.|||안녕하세요, 당신은 무엇입니까? 범죄인가 괜찮습니까? 그러기 위해서는 윤리감찰단이 아니라 범죄감찰단이라고 말해야 한다. 문진석이 운영하기 위한 아비라도 뭐든지 현직 국회의원이 청와대에 민간단체장을 부탁하며 마피아를 하는데 뭐야? 윤리감찰단은 어때? 국회 본회의장에서 언니 형이니까 그런 문자 교환을 하고 있는 김남국은 폭탄입니다. 정리하십시오. 이 인간들은 말하는 폼과 같은 것으로, 배가 매우 불렀다. 신경 쓰지 않는다.|||민주당 의원 전원 미친 해산하라 대답이다 국민이 화난다|||나는 도라에 갈거야.|||박수현 의원소신 있는 중도계급도 대변하는 정치인으로 보이는데 충남도 지사 공천에 혼파입니다. 국정조사가 나오고 싶지 않아 인사에 개입할 수 없는 공직으로 옮긴 것도 비판되는 부분인데, 바트가 인사에 개입한다는 정황을 알 만큼 문제 없다고 한다. 권력은 맛, 책임은 멈추려는 시스템을 역행하는 실세|||최승실이 10년 이상 감옥에 있는 이유는? 김현지는 전혀 국정농단 현장이 딱딱해졌다.|||민주화운동을 왜 얼마나 빛의 혁명이라고 할까? 나만 거북이야?|||빛의 혁명이라는 단어는 또 무엇입니까?",0,1
5ZVAsRogXIE,대통령이라는 사람이 북한의 초보적인 실상도 모른다,"거짓말쟁이, 사기꾼인 것 같습니다. 신속하게 감옥을 보내야합니다.|||내란, 내란, 내란몰에 빠져 정책은 정말 모른다.|||이재명은 숨을 쉬는 것도 거짓말이다|||권력과 잠밥에만 관심이 있고 민생에게는 관심이 없다.|||이웃의 이장 정도|||맞다|||네. 무서운 일입니다.|||그런데 ㅡ 내년은 한국 갱 대공항ㅡ제 IMFㅡ 97년 IMF는 여기저기ㅡ핵 태풍 토네이도가 덮친다 ㅡ원은 가격이다 ㅡ|||나는 대통령인가? 당연히 몰라도 알아야 할까? .........ㅋㅋㅋㅋㅋㅋㅋ",0,1
S-0bVM53was,현직 대법원장 조희대 입건 가라테 선고발 1~2건이 아닌 쇼츠 MBC뉴스,"조사하고 진실을 보아야 합니다.|||조사해야 합니다.|||엄격한 조사를 부탁드립니다.|||조희대를 철저히 수사하고 엄중하게 처벌하십시오.|||엄격 수사 엄벌 처리|||제발 철저히 압수 수색하자|||이 시점에서 가장 가련하고 위험한 인간|||엄격한 수사와 처벌을 해야|||정의 없는 사법부를 개혁해야|||일반이라면 ​​즉시 수사에 갈 것이다 곧 수사에 가지 않으면 처분이 어렵다는 것이 말하는 것인가!|||내란동조범 사퇴하고 수사를 받으십시오.|||우리 나라에 바위 덩어리를 서둘러 버리고 버리십시오.|||철저히 조사하고 모두 처벌을 깨야 한다. 구속이 필요합니다.|||철저히 조사하십시오.|||공수처 수사관님 신속하게 신속하게 처리해 주세요.|||꼭 처벌하십시오.|||발리를 체포하고 구속하는 대법원 자격이 없습니다.|||진지하게 세워 철저히 조사하고 처벌하라.|||암이 발견되면 그것을 자르고 치료해야합니다. 그렇지 않으면 계속 번식합니다.|||구속 수사원|||판사는 결코 하나님이 아닙니다! 왜 재판관은 예외가 되어야 하는지, 더욱 엄격한 판단으로 벌을 받아야 한다고 생각한다.|||철저히 수사하고 강력한 처벌해야 한다|||잘못된 판결 재판관을 처벌해야 합니다.|||반드시 처벌해야 한다. 사회악, 국가악|||사법부 개혁 반드시. 성역이 아닙니다.",1,1
cj99qaBUL4A,"타부 사안에서도! 절박한 식약처장, 빵을 깰 이재명 대통령은 좋았습니다.","지인인 행정학교 교수가 말하는 것을 공무원의 지능은 해당 주무관청장의 능력에 따라 천재와 천지를 넘나들었다.|||식약 처장은 확실히 일이 잘됩니다.|||당신이 아니면 그냥 거기까지 가서 무시하는 대신, 당신이 얼마나 공적인 마음을 가지고 있는지 놀랍습니다.|||진짜 눈으로 보여도 믿을 수 없는 사람에게는 대답이 없다|||뒤로 뒤로. 조직이 돌아옵니다. 작동합니다.|||고품질의 생산에 물이 중요하네요… 똥 맞는 질문이었다…|||상수가 맑았기 때문에, 하수도 이렇게 맑고 잘 흐릅니다!|||일을 확실히 해주세요! 좋은 좋은|||좋은|||이재명 정부 국무회의 생중계를 보면 희망과 꿈이 자연스럽게 일어납니다.|||진짜 일은 잘 작동합니다! 국민 애호가 이재명 대통령! 만세|||관절 줄기 세포 치료를받을 수 있도록하십시오|||아니, 전 정부는 무엇을 했니? 오후 5시에 컨디션을 마시고 윤석열을 받았나요?|||잘 지켜주세요.|||브라보.. 대한민국을 융성하라.|||금 수출은 좋지만 국내 금값이 너무 높았다.|||좋은|||쌀기름ㅉㅉ|||잘하는 박수|||지도자가 똑똑하기 때문에 아래의 부하도 모두 똑똑하다.|||우리 이재명 대통령은 매우 훌륭하고 우리 민족을 혼란시킨 이세계에서 우리 민족을 평화롭고 발전의 미래의 비전이 있는 세계로 인도할 수 있는 세계 지도자입니다. K 리더. K 래더.",0,0
tTHQMvVKU5o,"태도불량 나경원, 정밀진단한 김영민 처벌 제대로 받지 않았다!","나경원ㅡ 군, 예의를 씹어 먹고 국회의장의 권유도 듣지 않고 좋아하는 것처럼 소란스럽지 않다 ㅡ 조용히 노래를 해도, 댄스를 해도, 연극을 해 내려왔다면 누가 무엇인가|||남편이 판사라고 합니다.|||나베솜..국회에서 볼 수 없는지 서울시민들!!!!|||5선이 되는 의원이 그런 행동은 국민을 시끄럽게 보기 때문입니다 반성해 주세요|||사람을 얼마나 무시하면 반드시 그 웃는 표정이 나오는지|||나경원을 보지 마라.|||3일이 되어도 오늘 맞는가?|||냄비는 적반 하장 날개 기가|||나경원은 스트레스가 하늘을 찌른다.|||나는 경원을 보지 않고 살고 싶다.",1,1
7gOVKPeBck8,윤석열의 해방을 막기 위해 구속기간 1년으로 연장?,"나쁜 인간처럼 천벌을 받을 것이다|||법을 무시한 법 개정은 내란입니다. 법치파괴한 민주당을 고발합니다 법파괴, 국말살한다. 민주당 해산하자!|||화가났다.|||악마가 별로 있는 것은 아닌 나라를 쑥밭으로 한 것도 부족해, 여러 가지 사악한 것을 선택해 하는 것은 끔찍하다|||정말. 미지급. 국가|||국민도 무섭지 않은 사이코들에게 이나라를 맡긴 국민이 진정한 탄력이 있다.|||역시 선거만 조작하면 한국 먹을 수 있었던 것이었다|||나라를 잡는 자취 운영처럼 마음대로 비비고 있습니다 국민이 일어나야 합니다|||말하지마 ㅡㅡㅡㅡ|||법이 고무인지 ㅜㅜㅜ 민주당이 마음대로 나라가 걱정|||민주당 해체|||미체입니다.|||천벌을 받을 것이다 이나라가 불과 200명도 없는 니들 나라인가?|||정말 뉴스를 볼 때마다|||장인, 사람을 매우 맛있다!|||꼭 천벌을 받으십시오.|||오로지 법적으로|||법이 무너진 나라|||민주당은 해산하라 민주당은 해고해야 한다 민주당은 해산해야|||천벌을 받는 녀석이다|||정답|||부끄러운 것을 알아야 합니다.|||고무줄법공무서운것 알아야 해! 독재자들은 그렇게 영원한가? 이명면 2일간 이두로 리차이밍 원 타이밍은 천벌을 받는다! 대통령은 윤석열!|||미친 사람들은 어떻게 해야 하나요 ㅡ|||법이란",0,1
81AEXXs8t6A,뉴스 바사삭 유구한 당 대표 흔들린 역사를 가진 국민의 힘… 장동혁은? MBC 251 205 방송,"4번 타자 누가 준 4번 타자? 퇴출이 정답입니다.|||유지보수는 아직 늦지 않았다. 왜냐하면 한동훈이 있다.|||장은혁은 자신의 손으로 지도부를 붕괴시켜 멸망한 길에 일시적인 미친 광풍으로 어부로 대표돼 능력 부족이다.|||한 대표로 인해 국력에 아직 미련을 버리지 않았다.|||대표를 위해 총선에서 잃었습니까?|||서정욱의 정신감정|||서정욱의 수준은 최악이다.|||조갑재 선생님 말씀 들으면 자고도 떡이 나올 것.|||장동혁의 긍정적인 행동을 보면|||조각제|||주경호가 대구시장이 되면 대구시민이 더 문제가 된다...|||옥의 언니는 정직하게 옛날에는 데기시로했지만, 지금은 거의 맞는 말뿐이다. 냉철한 분석도 함께. 호감이 있습니다만, 아직 2개의 국력에 미련이 있는 것 같습니다만, 곧바로 포기해 주세요. 해산해야 할 미친 회복 불능 집단이다… 응원합니다!|||정옥임 전 의원님의 파이팅입니다.|||저녁에는 김민수, 고성국, 정한길과|||국짐 의원들은 모두 하나 나누려고 하는 인간만 계명 다시 해방해서는 안 되기를 바라며 돌아오는 분이 크기 때문에|||장동혁 왜 난 완전히 재미있는 정치입니다.|||장동혁은 오로지. 자기 정치.|||장동혁은|||진윤돌 선거를 위해 Tk들의 뒤에 모여 자신들을 다시 묶으려고 가짜 사과하면 이미 안 된다 국민은 곧바로 보고 있다|||정한길.|||대표는 누구나 합니다 극우가 선택한 당 대표 명분이 있습니까|||장동혁이 보상을 망치고 있습니다.",1,3
ZWTTTEs5PeU,풀비디오 국민 힘 장동혁...국회전 텐트 농성 25.12.10,"파이팅! 파이팅! 파이팅!|||장동혁 파이팅!|||장동혁 대표를 응원합니다 국민이 장동혁 대표를 지지합니다.|||열심히 응원해 주셔서 감사합니다.|||장동혁 잘 한다! 장동혁. 싸움|||장동혁 대표! 이기는 전투를 위해 몸 온난하게 하십시오. 응원합니다.|||국민의 힘 내부 총질 분탕질 분열을 시키는 자들 매일처럼 리스트를 부탁합니다 장동혁 대표님 서포트합니다|||장 대표를 최선을 다하십시오.|||국력 장동혁과 함께 싸우다|||추워도 끝까지 국민을 믿어 가십시오.|||장동혁 대표 호팅!|||국민의 힘 제대로 단결하고 다음 선거 때에 이겨야 하는 것이 아닐까요, 일부 의원들의 장신을 해주세요.|||국민이 잠에서 깨어나|||응원합니다 호팅!|||장동혁 대표 파이팅 청결하게 당당히 가는 모습에 응원합니다.|||응원합니다|||자유 대한민국을 지켜야 한다|||텐트 자리가 잘 됐어요.|||국민의 힘을 하나로 정리하자 ㅡ 장동혁 대표|||끝까지 자유민주주의 대한민국을 지키자|||이것은 나라지만 한국은 어디로 가는가|||한국은 한국이 아니라 양국으로 나뉘는 나라가 되어 가네요. 당신을 사랑 해요.|||장동혁당 대표 김민수 최고위원회|||국민이 내연선거에서 심판을 해야 한다|||진짜 전사 장동해와 김민수",1,0
BgfNe9PGBls,이것으로 프랑스는 죽었다.,"정식 버전 보기 https www.youtube.com live ES5ADSBqjrg?si o87S9pRaRuhIVoE7|||프랑스는 개막식을 통해 자신들의 성 해방과 자유를 홍보하고 싶었는데, 전세계 국민들은 그것이 얼마나 아름답고 못생긴지 하는 것보다 분명히 알게 된 것 같습니다.|||감명을 받았습니다.|||그리스도인이지만, 이 정도의 인문학적 통찰은 놀라운 일입니다. 구독으로 시작합니다.|||프랑스가 말하는 것은 자유가 아니며 탐욕입니다. 자유는 책임을 지고 질서를 지킵니다.|||그라운드 씨의 그림을보고 젊은 우리 아이들은 많이 공부하고 있습니다.|||그리고… 기독교에 대해 이렇게 풀어준 영상은 처음입니다. 아주 잘 보았습니다.|||이슬람교를 이렇게 놀라게 하면, 프랑스는 지금 불타고 있을 것이다.|||라고 진짜 기독교를 이렇게 정의해 주신 분은 처음으로 보았습니다. 제대로 도착하는 것이 있네요.|||그리고 지식 수준은 매우 멋지다.|||프랑스는 죽은 것이 아니라 유럽이 죽었다고 말해야 합니다. 이번 올림픽은 유럽의 사망 선고입니다.|||정말 미쳐버렸습니다.|||꼭 길게 해주세요. 감동 깊습니다.|||한마디로, 현대판 소돔과 고모라 프랑스입니다.|||두 사람 누구인데 말을 이렇게 잘 하지 않는다… 매우 재미있고 이해가 정말 잘 됩니다. 이러한 통찰력 있는 생각은 교과서에서 정식으로 배울 수 있으면 좋네요…|||프랑스에 20년 가까이 산 사람입니다. 정말 백퍼의 정확한 견해입니다. 정말 미워하는 것처럼 내가 항상 경험으로 관찰로 생각하고 있는 것을 설파해 주었어요.|||우리나라도 정신적으로 세우자. 차별 금지법을 통과하지 마십시오.|||평등을 가장한 쾌락주의의 추구 공감합니다. 소돔과 고모라의 사본. 정말 인간의 욕심은 무한합니다.|||무엇을 믿고, 어떻게 살아가야할지 모르기 때문에 쾌락주의에 빠진다. 어떻게 사는지에 대한 신본주의가 들어가지 않으면 쾌락주의에 빠진다. 공감합니다. 저도 많이 헤매었지만 덕분에 방향을 결정했습니다.|||자유는 도덕성 없이 세워지지 않고 도덕성은 믿음 없이 세울 수 없는 토크빌|||그렇습니다 정말 놀라움을 금할 수 없었습니다 올림픽과 하이브리드 관계가 어떤 관계인가 충격적이었습니다 외설, 폭력을 퍼포먼스 예술로 승화시킨 것이 프랑스 정신이라니… 코멘트 감사합니다|||정확한 분석입니다. 놀라운 일|||이처럼 통쾌하고 명쾌하게 세계사의 흐름을 말한 강의는 없었습니다.|||소돔과 고모라는 별로 없습니다.|||라고 쭈그리고… 얼마나 공부하지 않으면 책을 읽지 않으면 낮게 해설할 수 있을까요!",3,1
0WE0vW2l3IU,라이브 장동혁 대표는 윤 대통령을 만나며 10분간 거의 계속 울었던 시서링 TV 오영빈,"가슴이 아파요.|||장동혁 대표. 정말 훌륭합니다. 눈물이 나온다|||국력당 의원들 진심으로 개척한 인간들 제발 장동혁 대표를 지지하고 응원합니다|||억울한 그런 범죄자로 고통받고 고통받는 우리의 보상과 윤통과 장동혁|||당원 가입해 주세요 당원 가입을 많이 듣고 장동혁 지도부에 힘을 주십시요.|||시서링크 울었는데 장동혁 대표|||장동혁당 대표는 좋았습니다. 윤 대통령님을 생각하면 눈물이 나오네요. 가슴이 아프다. 빨리 조금 풀어주세요. 당원 100 가야합니다.|||마음이 무겁다 싸워야한다면 승리|||당원 100 우리 당이다. 당원이 소유자인 100 가자!|||장동혁 대표는 잘 열심히 응원하고 있습니다.|||윤 대통령이 생각하면 마음이 아픈 장동혁 대표|||눈물. 최선을 다하십시오. 응원합시다.|||장동혁 대표, 응원하고 있습니다. 강하게 있으십시오.|||국력당원 가입했습니다 100 프로로 추진|||응원하고 있습니다.|||열심히 건강|||눈물이 점점 나오네요 ㅠㅠ 여러분 응원합니다|||남자의 눈물 애국자의 눈물 국민을 사랑하는 마음끼리 마음의 마음이었을 것입니다.|||장동혁 대표인격은 훌륭합니다.|||당원 100해야|||당원 100 프로로 응원합니다|||시사 링크 님 응원합니다|||장동혁 대표는 최선을 다하십시오.|||우리는 대한민국의 국민입니다! 함께 울고 함께 웃는 마음이 정말 하나가 되기를 바라며|||맞습니다 100원",1,0
