url,title,channel_name,comment,category
-Lhml3ZZ4Go,안 해봤다면 꼭 해봐야 하는 인기 유료 게임 Top 10 (모바일 게임 추천) - 오프라인 플레이 가능,쏘원TV 게임리뷰,"스타듀밸리 한국사람이 하면 노동게임이 되는 꿀잼게임 ||| 말도 이해하기 쉽고 정리도 되게 잘하셔서 재밌네요 좋은영상 감사해요 ||| 스타듀밸리 안드로이드에 사놨다가 아이폰으로 바꾸면서 다시 깔려고했는데 다시 사야된다네요 ,, 화이팅하세요 ||| 요즘 과금 캐쉬게임에 지쳐서 인지, 맘편하게 돈을 지불하고 컨텐츠를 즐기고 싶은 마음이 드네요. 재미있고, 알찬정보 감사해요~ ||| 공중파 뺨치게 잘 정리해주는 영상이네요 구독박고갑니다 꾸준히 하시면 대기업 되실거같아요",게임
jqCxQ6SIjtk,모바일 무료 갓겜 TOP 18개 추천한다 골라라 (추석지난 추석 특집),지존조세,엥 이거 왜 조회수 72만이나 됨?? 뭐지..; ||| 1:46 아무생각 없이 보다가 물 뿜었어 ㅋㅋㅋ ||| *3:34** ㄹㅇ 핑잘알이네 ㅋㅋㅋㅋㅋㅋ* ||| 9:39조낸 패면 됩니ㄷ ||| 0:42 내가 추천 해준거 해줘서 고마워 형~~,게임
BucX9lcRNhA,기억에 남는 2020년 신규게임 BEST 30 (모바일 게임 추천),쏘원TV 게임리뷰,"항상 새로운 게임을 찾고 싶을때마다 쏘원님 채널 들어와서 보구갑니다. 몇달에 한번씩 올라오는게 아닌 기간별로 정리를해서  다양한 장르와, 그래픽 등 여러 게임을 소개해주시고, 어떠한 요소가 있고, 어떤 유저분들에게 추천하는지까지 영상에 담아주셔서 정말 좋았습니다. 항상 좋은 게임 리뷰 및 추천 감사합니다 쏘원님!! ||| 올 한해 정말 고생많으셨습니다 구독자 몇백몇일떄 부터봤는데 벌써 2만명이시라니 제가 다 기분이 너무 좋네요. 더욱더 흥해서10만 100만 찍었으면 좋겠습니다 축하드립니다!!!! 덕분에 좋은 게임들 많이 알아갑니다! ||| 30개중에 쏘원님추천으로해본게임이 20개정도 그중에 아직까지 제폰에남아있는건 5개  항상 좋은게임설명과 추천덕에 즐거운 게임하고있습니다 감사합니다 ||| Best30에 재밌어보이는게 절반정도 되네요. 나는 왜 저런게임을 못찾는지 모르겠습니다. 임모탈리본이랑 일루전커넥트 재밌어보여요. 다른것들도 많은데 전부플레이할수있는지 모르겠네요. 시간도 되면 야생소년도 해보렵니다. 감사해요 ||| 영상 너무 잘보고 있어요! 쏘원님 영상을 다 정독하거나 예전에 추천했던 게임을 잊어버리곤 하기 때문에 추천했던 게임을 다시 추천하는 것도 좋았구요 ㅎ 영상 초반에 해당 영상의 초점 등을 짤막하게 설명해주셔서 시청하기 편했습니다. 멘트도 너무 좋으시고 꼭 장수하시길 바랍니다. 새해 복많이 받으세요!!^___^ (원래 영상 보고나서 좋아요 버튼을 잘 안누르는데 쏘원님 영상은 잊지 않고 꾹꾹 눌러드릴게요 화이팅!!) (할말이 자꾸 생각나서 댓글이 길어졌네요 ㅜ 암튼 쏘원님 영상이 제가 보고싶었던 내용들입니다 ㄱㅅ요 ㅎㅎ)",게임
rn3WW8GgqzQ,데이터가 필요 없는 오프라인 RPG 게임 Top 8!! (모바일 게임 추천),쏘원TV 게임리뷰,"프롤로그 0:01 제노니아4   AnimA ARPG  Eterminm    Non stop knight                          Hero siege      Heretic Gods                            이전에 소개한 오프라인 게임들 8,7위는 한글 미지원 게임  8위 0:36 Beast Quest  7위 1:42 Battleheart  6위 2:46 뱀파이어의 가을  5위 3:52 Post knight  4위 4:55 stone of Lite  3위 6:04 shadow of Death  2위 7:18 오럼 블레이드  1위 8:27 미스틱 가디언  에필로그 Shadow of Death 미스틱 가디언  으ㅡㅏ아아ㅏ 다했다 저 에에에에에취이이이 였는데 학생 재미있는게임 많이 올려주세요~ ||| 항상 잘보고 있어요!! 도트 그래픽에 노가다 게임 좋아하시면 조오~심스럽게 아이모라는 게임 추천해 드릴게요 이번에 10주년인데 피쳐폰으로도 4년 나왔어서 14년째 된 게임인데 일주일 마다 점검하고 유저도 줄지 않고 이번에 신서버도 나오고 신맵도 나오는 등 이벤트랑은 계속해요 근데 문제는 템이 모바일인것에 비해 조금 비싼편이지만 무과금으로도 충분히 가능하고 레벨업이 조금 어려운정도? 전 4년동안 하고 있고 여러 서버 다 플레이 해봤고여 지금은 이번에 나온 신섭 루나인에서 왕국 유저로 플레이 하고 있어요 그리고 또 좋은점은 왕국 제국 으로 진영이 나뉘어서 반대진영에 막피(묻지마 pk)유저를 잡으러 다니는 재미도 쏠쏠해요(물론 렙이 좀 높아야하지만요.. ㅎㅎ)레벨은 50이 만렙이고 고인물이 두 세달이면 30은 찍는다고 해요 30부터 렙업이 힘들어 지고 튜토리얼도 엉망이긴 하지만 카페에 보면 고인물 유저들이 따로 꿀팁을 적어 놓기도 하고 튜토리얼을 만드는 경우도 있으니 하시기 전에 한번 카페를 보는것도 괜찮은것 같아요!  한줄평으로 말하면 축소형 모바일 메이플이 랄까나...요? ||| 미스틱 가디언... 계속 찾다 기억속에서 사리진.게임인데 드디어 찾았네요.. 감사합니다ㅜㅠㅠ ||| 배틀하트 진짜 대존잼인데 !! 역시 믿고보는 쏘원랭킹! ||| 항 상 잘 보고 있습니다^^ 오늘도 쉐도우 오브 데스라는 겜임을 알고 가네요! 항상 화이팅!",게임
0Wwp2ceV9Vc,2020년 최고의 평가를 받은 인기게임 추천 TOP.20 [PC/PS4/XBOX ONE/SWITCH/VR],삐로,한글인가 아닌가 가 중요한데 그게 안나왔네요 ||| 다한글인가요? ||| 저는 FPS게임의 무료 보고 싶십니다!!!!!저는 삐로 옛날때부터 다 보았습니다 3년 전부터요 ㅠㅠ 스팀 FPS 무료 게임류가 좀더 있었으면 좋겠습니다.그래픽도 좋고 멀티 게임말이예요 ㅠㅠ 저는 FPS게임 좋아하기에 추천해주시면 좋을것 같습니다.,게임
P1tgEUpQVdI,전략 배틀 멀티 게임! 아직 안 해봤다면 강력 추천!! (모바일 게임 추천),쏘원TV 게임리뷰,"크..유튜브 알고리즘이 이런 갓채널을 알려줬네요 ㅋㅋㅋ 알려준 게임중에 캐슬번 재미있게 하고있습니다 ||| 게임리뷰 잘 안보는데 재밌네요! 꾸준히 볼게요. ||| 뭔가 유명세타는게임을 비슷하게해서 자기들만에 유닛만쓰면 그게게임이 되는듯 ||| 영상에서 심혈이 느껴지네요,구독 박았습니다 ||| 진짜 리뷰 짱 재밌어요",게임
EZ8V49ctRCk,"📂 너 이거 해봤니? 집마가 추천한 오픈월드 게임 TOP 7 (가성비, 호불호 편) VOL.1",집마 홀릭,"제목과 썸네일 그리고 인사말에도 언급했지만  명작이 왜 빠졌냐고 하는 분들이 꽤 있어서 적습니다ㅎㅎ  이번편은 호불호나 가성비 작품 위주로 취향만 맞으면 꽤 재밌는 작품만 모아서 만든 영상이며, 보이지 않는 명작들은 앞으로 업로드 예정인 최고의 명작편에 있으니 참고해주세요😉 ||| 데스 스트랜딩은 정말 한번 해보시라고 추천 드립니다.  집마님이 언급 하셨듯 정적이긴 한데 그 정적인 플레이에서 오는 독특함이 있어요. 게임의 메인 테마인 연결이란걸 상기 시키듯 전투시 다른 플레이어들에게 도움 받는것도 인상적이고 무엇보다 스토리와 음악이 정말 발군 입니다. 코지마는 아마 영화를 만들고 싶었던게 아닐까 싶을 정도로 ||| 크... 오픈월드 라는 이 단어 정말 좋아 ㅋㅋㅋㅋ 집마님 감사합니다! ||| 슬리핑독스2 제작이 중간에 엎어져서 진짜안타까울뿐...ㅠ전투가 진짜잼나는대.. ||| 와치독스2를 엄청 재미나게 하는 입장에서 검색하다가 유용하게 리뷰 잘 봤습니다. 잠입 베이스에 총격도 되고 운전도 되서 재밌어요. 갑툭튀 멀티로 숨바꼭질도 웃기고요 ㅋㅋ  운전이 불편한건 맞는데, 뚱뚱한 오토바이는 그래도 뭔가 안정감 있어서 고려합니다.   데스 스트랜딩은 할인해서 구매는 했는데, 1위면 오오 기대됩니다.",게임
F1Apap3Zti4,구글 추천 RPG 갓겜 Top10 (모바일 게임 추천),쏘원TV 게임리뷰,"제가 엄격한 것인지는 모르겠는데, RPG 추천해주시는 것 아닌가요? 추천리스트의 게임들 RPG라 불리기엔 애매한게 대부분인데요. 클리커는 클리커고, 슈팅은 슈팅이죠. 퍼즐은 퍼즐이고요. 성장요소나 수집요소 들어간다고 RPG로 묶습니까? 이런식이면 전세계 대부분의 게임이 RPG겠네요... ||| 폰게임이라 조작성문제 때문인건 알지만 요즘 나오는 RPG나 수집형들 대다수가 전투가 쌍방 각각 진영짜고 마주보고 한대씩 치는 (혹은 자동으로 엉키는) 그런 게임들만 있는데 턴마다 캐릭터 하나씩 위치이동시키고 행동결정 할 수 있는 고전적인 턴제전투 RPG는 요즘은 아예 전멸인건지 궁금해요;; 요즘 이런 게임은 본적이 없어서 그립내요;; 좀 시간 걸려도 지긋이 조종할수 있는 게임은 없는지 궁금해용 ||| 다시 올리셨군요! 영상에서 이상한점이 있길래 댓글 작성하려했더니 비공개로 돌리셨더라구요 ㅎㅎ 오늘 QA직무 최종면접 보고 왔습니다,, 잘됐으면 좋겠어요 ㅎㅎ ||| 이걸 빨리봤어야 했는데...할 게임 없을때 올라오는 쏘원님 영상 너무좋고~",게임
7ro-pCV0P8M,게임추천! 2020년 최고의 게임은? GOTY 수상작을 살펴보자! [올해의게임 2020 Game of the Year],삐로,삐로님 2020년 코로나 때문에 힘드셨을거 같은데 항상 좋은영상 올려주셔셔 감사드리고 2021년에는 더 좋은영상 기대하겠습니다! 삐로님 새해복 많이 받으세요! ||| 용과같이 7이 없다니ㅠㅠ ||| 삐로님도 새해복 많이 받으시요 그리고 2021년에도 화이팅! ||| 와ㅏㅏ!! ||| 곰돌이 귀엽다,게임
5ooxieJ4XI0,SNG [소셜 네트워크 게임] Top 9 - (모바일 게임 추천),쏘원TV 게임리뷰,모바일 게임 리뷰어 중에서 영상 퀄리티가 최고인것 같아요 매번 잘 보고 있습니다! :) ||| 영상 만드신다고 고생이 많습니다~ 오늘도 좋은 게임 추천해주셔서 감사합니다 ||| 판타지 타운 저도 굉장히 재밌게 한 게임이였는데 영상에 나와서 반갑네요 ~! 아기자기하고 좋더라구요 ||| 9위 0:34 Fantasy Forge  8위 1:37 롤러코스터 타이쿤4 M 7위 2:44 꿈의 마을 6위 3:46 심시티빌드잇 5위 4:47 마이카페 4위 5:50 타운스테일(작자가 하다가 힘들어서 때려침ㅠ) 3위 6:55 놀러와 마이홈♥ 2위 8:00 문명의 기원(수정된 이름) ★1위☆ [9:08] 판타지타운  저번에 추천해주셨던 명탐정 S 재미있게 플레이하고 있습니다 ㅎ 항상 재밌는 게임 추천 감사합니다^^ ||| 흐어ㅓㅓ 요즘 딱 이런거 하고싶었는데 역시 믿고 보는 겜추천 유뜌바 쏘원 감사합니다,게임
9a1_BKkm4Os,2021년 서비스 예정 MMORPG게임 추천 5개 가뭄의 단비같은 RPG 게임이 있을까?,팀 이디엇,"팔라딘스토리 추천해요~ 아기자기하게 잘 만들었어요 ㅎ ||| 매직더개더링 카드 뽑기에 돈을 젤 많이 썻었는데 20년전에 안좋은 추억이 떠오르네요 ||| 뉴월드 기다리고있습니다... ||| 2024년 현재, 나온게임 뉴월드밖에 없습니다. ||| 나는 자연인이다 성우님 같으심",게임
PvozycjJr_4,친구랑 함께 즐기는 게임 [경쟁 편] (모바일 게임 추천),쏘원TV 게임리뷰,아케이드 0:26 무한의 계단 1:07 도망가 친구들 1:48 할머니(그래니)의 저택  어드벤처 2:20 제5인격  전략 2:32 전략적 팀 전투-롤토체스 3:04 오토체스 3:06 Badland Brawl 3:09 스매싱 포 7:45 마피아42  자동차 경주 3:20 카트라이더 러쉬플러스 3:57 Battle Racing Stars 4:28 마리오카트 투어  스포츠 5:02 FIFA 모바일  퍼즐 5:40 퍼즐 오디션  보드 6:22 프렌즈마블  액션 7:07 Among Us 8:03 Bullet League 8:47 오버독스 9:23 아웃로 ||| 오늘은 시간이 없어서 정리는 못하고 영상만 재밌게 보고 갑니다ㅠㅠ 오늘도 재밌는 영상 감사합니다. 근디 다 한번 해본 게임이네요 ㅋㅋㅋㅋㅋ ||| 쏘원님 리뷰 영상은 게임 안하고 영상만 봐도 재밌더라고요 선정이유 게임설명 등이 귀에 쏙쏙 들어오고 재생시간 내내 알차네요 이번 영상도 재밌게 봤습니다. 몇개는 해보고 싶네요 ||| 와~~~ 게임 설명을 잘해서 좋아요와 구독 누릅니다 ㅎㅎ ||| 아무래도 친한 친구와 하는 게임이가장 재미있죠!!      근데내가 친구가 있던가? 어레? 어째서.... 눈물이..?,게임
glTJa956l5A,모바일 오픈월드게임 추천 10가지! (혹은 오픈월드에 가까운 게임),삐로,지금은 없어져서 그렇지 듀랑고가 제일 재밌었지... 내가 처음으로 한 rpg이자 마지막 rpg... 정말로 탐험하는 느낌도 나고 자급자족으로 무언갈 얻고 퀘스트하는거만해도 재밋엇는데... 근데 확실히 게임성에 비해 과금요소가 너무 없었긴함 ||| 7:00 내가 닉값 할수있는 겜 ||| 듀랑고.. 제일 재밌었지 rpg게임 개싫어하는데 유일하게 했던 rpg게임.. 참 재밌었다 ||| 라이프 애프터가 진짜 제밌었는데 핸드폰 바꾸기 전에 저장공간이 너무 없어서 이것저것 지우다가 저장도 안 해놓은 라이프 애프터 지우는 바람에 내 노력과 돈까지 다 날아가서 다시 시작할 엄두가 안 남 ||| 할게임이 없어 고민을 하던 중 이 영상을 보게 되었네요 도움 됐어요 감사합니다~,게임
wIyhtDF4gqM,좀비 게임 Top 8!! (모바일 게임 추천),쏘원TV 게임리뷰,"0:40 플랜츠vs좀비 2 1:43 zero city 2:48 헤드샷 ZD 4:00 Dead island 5:12 더 워킹데드:무인 지대 6:27 인투더데드2 7:40 라이프애프터 8:50 지구의 마지막 날 9:38 다크 데이즈 ||| 1위게임 지구의마지막날 이거는 정말 잘만든 게임이 분명한데 문제는 과금요소가 필수라는겁니다ㅠㅠ 과금없이 할수는 있어도 맵 이동시마다 에너지를 소모하는데 그게 너무 후달려요 충전하려면 걍 엄청오래 기다리거나 결제해야함ㅋㅋ 정말 좋은겜인데 아쉽지만 삭제했음 데드아일랜드는 그래픽이 깔끔하고 좋지만 영웅 컨트롤이 매우불편함 이것도 삭제 ㅠㅠ ||| 라이프애프터 14장원인가? 찍었던 7만원 과금했던 유저였는데. 게임을 즐기는데 필요한거. 1. 시간(백수에게 추천함.경험임.) 2. 최소과금(장비에 내구도 존재, 상위 무기가 있어야 일정구역부터 사냥이 가능함. 무기 내구도 떨어지는 속도가 무섭습니다.) 3. 길드가입이 필수라고 생각함. 서버 초창기 길드 유저였는데 접기 한달전 길드 공헌도가 5위였지만 차츰 개인 일이 너무 바빠서 3일 미접을 했더니 강퇴당함(후회는 없고 초보자분들은 체계가 잘 잡힌 길드에 들어가는게 좋음.) 길드 컨텐츠도 몇개 있어요~   * 게임을 하다가 한번 현타가 오면 다시는 하고 싶지 않은 게임. 가장 큰 이유가 1번의 시간. 모바일 게임인데 스팀처럼 시간투자를 너무 많이 해야해서 저는 길드에서 강퇴시킨걸 광장에서 확인하고 바로 게임삭제함. 아직 판매할 소장용 총들이 많았지만 그냥 접음.   한 때 하루 7시간 넘게 했던 게임이고 한 구역에서 랭킹도 몇번 경험해 봤던 만큼 많이 재미있었으니 후회는 없는 게임. ||| Death road to canada와 Organ Trail이요!! 데로캐는 14000원이라는 비싼 가격이긴 헌데 할인할 때 1400원으로 떨어져서 그 때 사면 가성비 대비 아주 훌륭한... 두 게임 모두 생존을 위해 목적지가 있고 그 목적지로 자동차를 타고 가며 살아남아야하는 로그라이크? 로그라이트? 게임이에요!!! 이것도 한번 햐주시면 ㅠㅠ ||| 어렸을 땐 데드 트리거 2도 많이 했었는데 ㅎㅎ",게임
2NVifcl7jG0,캐릭터가 이쁜 모바일 게임 TOP 18 / 주관적인 랭킹,지존조세,브더가 처음나왔을때 진짜 시발갓겜찾았다면서 부랄찢었었는데...  시발... ||| 저도 국산게임 좋아하는뎈ㅋㅋㅋ 이번영상 너무 인상깊게 봤어요 지존님 영상 보면 진짜 정성들여서 만들었다는 게 느껴져요 그 특유의 유머스러운 소개도 너무 재밌고욬ㅋㅋㅋ 캐릭터 이쁜 겜 찾아보고 있었는데 진짜 도움되는 영상이라 잘 보고 갑니다 아 그리고 다른 유튜버 리뷰 영상 진짜 수십개는 본 거 같은데 다들 같은 게임만 소개해 주던데 잘 모르고 있었던 게임들 이렇게 다양하게 찾아서 소개해 주셔서 진짜 놀랬네요 ||| 10:14 스킬연출 미쳤네;; ||| 8:19 핵심 ||| 7:18  killing point  1 10:15 killing point 2,게임
KDYTM_tsyrs,로그라이크 게임 Top 9 (모바일 게임 추천),쏘원TV 게임리뷰,진짜 이런채널이 흥해야지ㅋㅋ고퀄영상 감사합니다 ||| 형 구독 딱 대 진짜 영상들 다 정성이 느껴지고 주제에도 맞고 맘에 넘 들자나ㅎㄹㅎ 승승장구해 형 ㅠ ||| 정보가 진짜 꽉꽉 차있네요.. 감탄 그 자체;; ||| 소개해주신 레드소드 재밌게 하고 있습니다! ||| 추천 유튜버분들중에 제대로 된 추천 유튜버네요 최고입니다,게임
fZ8J_4q3bAk,"[스팀 무료 게임 추천?] 초능력 쓰는 서든 어택? 개성 있는 FPS, 라인 오브 사이트 플레이 리뷰!",황금고블린 GoldenGoblin,죽으셨을때 스페이스바 누르시면 빠르게 리스폰가능합니다 ||| 라인 오브 사이트는 너무 안타까운 게임이죠. 홍보를 너무너무 안해서 아는사람들만 아는 게임이라...,게임
OyHq8PiA3ts,오프라인 게임 추천 Top 9! 과금 없이 + 데이터 없이 플레이하자! (모바일 게임 추천),쏘원TV 게임리뷰,"프롤로그 0:01 레이맨 어드벤쳐  9위 0:34 Skull Towers 5252 다시 돌아왔군 정말 대단해!   8위 1:32 Adventure Town  7위 2:25 레이맨 어드밴쳐  6위 3:24 헥소니아  5위 4:22 Hungry Dragon  4위 5:19 제노니아4  3위 6:19 성키우기  2위 7:18 Nonstop Knight  1위 8:29 냥코 대전쟁  잘보고 갑니다!! 구독꾹!! ||| 제노니아 같은 게임.. 에픽하츠, 아니마 진짜 재밌게 했었는데 어느순간 서버 닫고..ㅠㅠ ||| 카이러소프트 시리즈 추천드려요! 네이버에 카이로소프트한글모음 치면 몇개나오지만.... 몇몇개는 링크가 소실되었어요... 그래도 정말 재밌습니다. 일단 한번하면 최소2시간은 나도모르게 날아가요 ||| 다 관심없고 어떤 개념유튜버가 제노니아 썸낼로 올려놔서 들어와봄… 진짜 4도 좋지만 제노니아는 역시 3편이지… 요즘세대가 봐도 인정할만한 그래픽과 심금을 울리는 스토리 완벽한 게임시스템까지 3박자를 고루갖춘 완벽한 갓갓이였다… 아래 댓글이 크로이센도 말했는데 크로이센은 아마 지금도 될거임. 크로이센은 특유의 현질없음이 좋은 rpg지… 핸드폰 고전 rpg임에도 불구하고 각각의 특색있는 12가지 종류의 무기와 직업, 다양한 성장방식과 세분화된 6가지 스탯, 그리고 아직까지 인상깊었던건 인벤토리의 아이템을 합성할 수 있다는것… 장비 두개 합쳐서 희귀 옵션 붙을때 기분이 조진다… 이게 장비만 해당되는게 아니라 다른 잡템들 합성해서 물약만드는것도 가능함… 진짜 이거 보는 사람들 가서 제노니아 3이랑 크로이센 한번만 해보고 와라. 크로이센은 호불호 갈리지만 제노니아 3은 진짜 명작이다… ||| 오늘부터 팬 좋네요 영상 깔끔하시구",게임
QRKoj52-aWw,돈이 아깝지 않은 핫한 유료 게임 Top 10 (모바일 게임 추천) - 오프라인 플레이 가능,쏘원TV 게임리뷰,"0:01 프롤로그 - Battle Chasers  0:27 10위 - 메이즈 큐브 (₩1,100)  1:27  9위 - 레이드 매니저 (₩2,500)  2:24 8위 - 레이튼 교수와 악마의 상자 (₩12,000)  3:17 7위 - 도어 키커스: 액션 스쿼드 (₩4,200)  4:10 6위 - 올모스트 곤 (₩8,500)  5:06 5위 - Bad North (₩6,000)  6:08 4위 - GRIS (₩5,900)  7:01 3위 - The Room Three (₩2,600)  8:05 2위 - 던전 워페어2 (₩6,000)  9:07 1위 - Battle Chasers (₩12,000) ||| 진짜 이런 채널이 있다는게.. 지금은 온라인게임을 하지만, 후에 할 재미있는 게임들을 찾아 헤매지 않아도 된다니 벌써 기쁩니다ㅠㅠ ||| 이리 열심히 하시는데 왜 안뜨실까.....      그래서 친구들에게 알리고 있습니다!! ||| 퍼즐 방탈출 말고 판타지 rpg 장르도 해주세요! ||| 항상 잘보고있습니다 목소리 너무좋아요",게임
qrCoCHeGQmY,손에 다한증 있으면 못하는 병맛게임 - 협동게임 추천 히브 호 Heave Ho 스팀병맛게임,뚜비두밥TV,ㅋㅋㅋㅋㅋㅋㅋㅋㅋ 오프닝 화음부터 텐션 미쳤네 이번꺼 ||| 퀄리티 좋은데?!?! 떡상하실듯 ||| 구독하고 가용,게임
Szi8my8d7cw,재미있는 유료 게임 추천 Top 8!! (모바일 게임 추천),쏘원TV 게임리뷰,재미있게 보셨다면 구독과 좋아요 부탁드려요! :) 더 좋은 영상 만들겠습니다! ||| 공중파에서 1시쯤에 하는 게임저널프로같은 진행방식이 자연스럽고 익숙하기도 하고 좋네요 ㅎㅎ ||| 6:55 잠깐.. 스파이가 있다! ||| 거지같은 뽑기10번에 3만원넘게 공중분해 하느니몇천원짜리겜 잔뜩사는게 훨이득 ||| 진짜재밌겠다ㅠㅠ 주말에 꼭해볼게요.,게임
s5cwDT0Oq2k,오큘러스 퀘스트 2 개봉기 & VR 게임 추천 / 집에서놀기 oculus quest 2 open review !,아티수트 Artisoot,"보통  VR하시는분들 VR챗을 많이들 하시져... 거기서 외국말이 되면 친구들도 사귀고 ...아바타도 꾸미는방법 찾아서 만들고 오픈월드에 공개된 마음에 드는 아바타도 사용할수있고 가라오케에 가서 노래도 부르고... ||| 아티수트 Artisoot 님 안녕하세요 저는 오늘 주문했어요 오큘러스 퀘스트 2 개봉기 잘 보았어요 게임하시는 모습 보니까 너무 재미있어 보여요 추천하시는 게임 무엇이 있을까요 ||| 재밌어 보이네요! 브알겜 한번도 안해봤는데 언젠가 해보고 싶어요^^ ||| 와 저랑 살아주세요 저기에 있는 커튼이라도 할게요 ,, ||| 저는 한달이 넘었는데 저번주에 스트랩만 왔어요 11월2일에 온데요 ㅠㅠ",게임
WINwqfCnvMU,2020 스팀 여름 할인 게임 추천!  | 아무튼리뷰어즈,아무튼 리뷰어즈,"이번에 소개한 추천 게임 목록 입니다!   1.워킹 데드 시리즈 (The Walking dead) 장르 어드벤처 정가15,000~20,000  할인가 3,800~10,250 할인율50~75% 추천도(상) 링크(https://store.steampowered.com/app/207610/The_Walking_Dead/)   2.DOOM Eternal(둠 이터널) 장르 FPS, 액션 정가 67,000 할인가33,500 할인율 50% 추천도(중) 링크(https://store.steampowered.com/app/782330/DOOM_Eternal/)   3.Sekiro™: Shadows Die Twice(세키로 섀오두 다이 트와이스) 장르 3인칭 액션 어드벤처 정가 59,800 할인가 38,870 할인율 35% 추천도(중) 링크(https://store.steampowered.com/app/814380/Sekiro_Shadows_Die_Twice/)   4.바이오 쇼크시리즈(BioShock)(한글검색가능) 장르 FPS 정가 20,000~32,000 할인가 5,250~8,000 할인율 75% 추천도(상) 링크(https://store.steampowered.com/app/409710/_/)   5.The Witcher 3: Wild Hunt(더 위처 3 와일드 헌트) 장르 3인칭 오픈 월드 액션 RPG 정가 34,800 할인가 10,440 할인율 70% 추천도(상) 링크(https://store.steampowered.com/app/292030/The_Witcher_3_Wild_Hunt/)   6.The Long Dark(더 롱 다크) 장르 생존 정가 31,000 할인가 7,750 할인율 75% 추천도(상) 링크(https://store.steampowered.com/app/305620/The_Long_Dark/)   7. Raft(레프트) 장르 생존 건축 정가 21,000 할인가 14,700 할인율 30% 추천도(하) 링크(https://store.steampowered.com/app/648800/Raft/)   8.Darkest Dungeon(다키스트 던전) 장르 롤플레잉, 전략 정가 27,000 할인가 6,750 할인율 75% 추천도(상) 링크(https://store.steampowered.com/app/262060/Darkest_Dungeon/)   9.Skul: The Hero Slayer(스컬) 장르 로그라이트, 플랫포머 정가 19,000 할인가 13,300 할인율 30% 추천도(하) 링크(https://store.steampowered.com/app/1147560/Skul_The_Hero_Slayer/)   10.Don't Starve Together(돈 스타브 투게더) 장르 생존 어드벤처 정가 15,500 할인가 5,270 할인율 66% 추천도(상) 링크(https://store.steampowered.com/app/322330/Dont_Starve_Together/)   11.Human: Fall Flat(휴먼 폴 플랫) 장르 어드벤처, 인디 정가 16,000 할인가 6,400 할인율 60% 추천도(하) 같이 할 친구 있을시 추천도(상)  링크(https://store.steampowered.com/app/477160/Human_Fall_Flat/)   12.Slay the Spire(슬레이 더 스파이어) 장르 덱 빌딩, 전략, 로그라이크 정가 26,000 할인가 13,000 할인율 50% 추천도(상) 링크(https://store.steampowered.com/app/646570/Slay_the_Spire/)   13.To the Moon(투더문) 장르 어드벤처, 인디게임 정가 10,500 할인가 2,620 할인율 75% 추천도(상) 링크(https://store.steampowered.com/app/206440/To_the_Moon/)   14.The Crew 2(더 크루 2) 장르 오픈 월드 레이싱 정가 55,000 할인가 13,750 할인율 75% 추천도(중) 링크(https://store.steampowered.com/app/646910/The_Crew_2/)   15.Assetto Corsa Competizione(아세토 코르사 콤페티치오네) 장르 시뮬레이션 게임, 레이싱 게임 정가 43,000 할인가 25,800 할인율 40% 추천도(하), 장비 있을시(중) 링크(https://store.steampowered.com/app/805550/Assetto_Corsa_Competizione/)   16.Steep(스팁) 장르 익스트림 스포츠 정가 33,000 할인가 8,250 할인율 75% 추천도(중) 링크(https://store.steampowered.com/app/460920/Steep/)   17.플래닛 코스터(Planet Coaster) (한글검색 가능) 장르 건설 경영 시뮬레이션 정가 48,750 할인가 12,190 할인율 75% 추천도(상) 링크(https://store.steampowered.com/app/493340/_/)   18.Stardew Valley(스타듀 벨리) 장르 롤플레잉, 시뮬레이션 정가 16,000 할인가 9,600 할인율 40% 추천도(상) 링크(https://store.steampowered.com/app/413150/Stardew_Valley/)   19.The Witness(더 위트니스) 장르 어드벤처 퍼즐 정가 43,000 할인가 9,890 할인율 77% 추천도(중) 링크(https://store.steampowered.com/app/210970/The_Witness/)   20.포탈 시리즈 (portal, poral2) 장르 1인칭 퍼즐 플랫포머 정가 1,0500 할인가 2,100 할인율 80% 추천도(상) 링크(https://store.steampowered.com/app/400/Portal/) ||| 영상 감사합니다~ㅋㅋ ||| ㅠㅠ죄송합니다 꼬박꼬박챙겨보려했는데 로불록스 하느라 못했어요 ㅠㅠㅠ 진실&거짓 댓글달고 자세히 보기눌러주세요                  이답글은 99.999999999999999999999999999999999999999999999999999999999999999991%로 거짓을 말했을것이다",게임
26-Ps5kFB7k,스팀 시뮬레이션 의학게임 추천!,슈퍼플레이어,,게임
2dgSAqN-hxI,무료 스팀게임 추천-4편 끝도 없이 계속 나오는구나!,삐로,"덕분에 게임 하나 건졌네요 감사합니다 ||| 건전한 자유무료게임은 없는건가요? 배틀이 아닌 친구와 건전하게 집짓고,미션달성하는 게임말이예요. 마치 마인크래프트나 레프트같은 건설게임과 GTA나 슬리핑독스처럼 미션달성하며 자유롭게 플레이할수있는 게임이요. ||| 영상 마지막에 쓰인 게임영상은 무슨게임인가요? ||| 0:08에 나오는 게임은 뭐예요? 알려주세요 ||| 감사합니다~",게임
Dr7gHiwnkGM,액션 어드벤처 게임 Top 9!! (모바일 게임 추천),쏘원TV 게임리뷰,진짜 뜨셔야하는데..ㅜㅜ 다른것들 보다 재밌는게임을 알려주시는.. 로그라이크 모바일게임도 올려주세요 ㅜㅜ ||| 스페이스 마샬... 제목을 몰라서 검색하는데 굉장히 힘들었는데 이 영상에서 딱 찾았네요. 감사합니다. ||| 항상 정성가득 리뷰 감사합니다!! ㅎㅎㅎ저도 항상 응원 드립니다!! ||| 궁전보다 매직 서바이벌 이라는 게잉 현질유도도 적고 성취감 있어요,게임
6YzAUAlbUoc,"데이터, 와이파이 걱정 노노! 오프라인 모바일게임 TOP7 [모바일게임 추천]",골아파 덕 - 모바일게임 리뷰 채널,"이번 영상은 새로운 친구! 파순이가 녹음을 했어요! 앞으로도 함께 영상 만들어볼까 하는데, 영상 어떠셨나요? 영상이 유익하고 재밌으셨다면 구독, 좋아요 부탁드리겠습니다! 영상 봐주셔서 너무 감사드립니다♥ ||| 나이트오브 풀문 유저인데 리뷰해주셔서 좋아요! 영상보고 헥소니아 설치하러 갑니다! 맞다 이전 영상에서 리뷰해주셔서 설치한 가오캐(디펜스게임) 재밌게 하고있습니다! ||| 저희 게임 실어주셔서 감사합니다! 정식 버젼이 다 만들어지면 다시 한 번 플레이 부탁드려요 :) ||| 인트로 파순이가 정말 귀엽네요! ㅋㅋㅋ 데이터 없을때 집에서 뭘 깔고 나갈때 뭘 깔지 생각하다가 결국 데이터쓰는 게임을 했는뎅... 정말 유익한 영상이군요! 10분 넘는 영상 만들어 주시느라 수고하셨습니당💝 ||| 이 채널 대박난다       좋아요가 왜 이정도 밖에 안되지?",게임
SKe2R2Mmv-Q,할로윈 스팀할인 만원미만 오픈월드게임 추천 8개,겜순남,영상 깔끔하니 좋다 ||| 그래도 아캄나이트하고 바이오쇼크 인피니트는 염가 세일 라인업치고는 나름 명작 타이틀이네요 ㅎㅎ 출시된 지 오래돼서 웬만한 분들은 플레이 해보셨겠지만 ㅎㅎ ||| 잘 봤습니다~!! ||| 저도 잘 봤습니다~! ||| 데드아일랜드도 껴주세요~ㅎ,게임
ap70y96NhAA,"할만한 게임 없는 요즘, 스팀게임 추천!!",가메게임 GAME,편집을 되게 잘 하시는 것 같아요👍,게임
PI4WxSl5MtU,2013년에 즐겼던 탑골 게임 근황!! (모바일 게임 추천),쏘원TV 게임리뷰,0:25 너무한거 아니냐고... 쏘원님 먹고싶어서 폴짝 폴짝 뛰시는거봨ㅋㅋ ||| 이런거 좋네요 추억이 새록새록 납니다 다음번에는 매출 10위권에 들었지만 서비스 종료한 게임들 소개도 있으면 좋지 않을까 싶어요 재밌게 한 게임들 많은데 서비스 종료한 것들이 많더라구요 또는 매출 10위권 안에 들었지만 매출 300위권 안에도 못 들어가게 된 게임들이거나요! ||| 신기하게도 대부분 했던 게임들이네요ㅋㅋ 영상을 보니 그때 게임을 하며 생겼던 여러 추억들이 떠올라서 기분이좋았습니다. 오늘도좋은영상 고맙습니다~ ||| 쏘원행님 항상 잘 보고 있습니다 이렇게 모바일게임 알차게 소개 해주는분들 중 에는 최고 이신듯 ..2013년에 한 3개월 못미치지만 아직도 세븐나이츠가 생존해서 지속적인 업데이트 하고있다는게 신기할따름 ... 과거의 영광 만큼은 못하지만 ... 또 같은 자사게임 모마와 몬길은 는 아직도 현역이죠 .. 괜히 대기업 개돼지 개돼지하는데 .. 대기업 역시 무시못해 .  쏘원 구독자 마니마니 늘어라 얍 ||| 윈드러너도 그렇고 몬길도 그렇고... 아직까지 살아있다는게 신기하네요 ㅋㅋㅋ 둘 다 제가 고등학교 다녔을 때 까지만 해도 열심히 키우다가 도중에 그만두고 성인되고나서는 몬길 잠깐 하다가 너무 이상하게 변해버려서... 더 이상 안 하고 있죠 ㅠㅠ... 우파루 마운틴 섭종했나보군요... 슬프네요 왠지...,게임
OJrcjEnS31o,[스팀게임추천] VR풀트래커와 공포게임을 해보았다_파스모포비아,게리녀 빵댕daeng,ㅋㅋㅋㅋㅋㅋ,게임
AxIJUywCvCQ,올해 스팀의 마지막 선물! 스팀 겨울 할인 게임 추천 | 아무튼리뷰어즈,아무튼 리뷰어즈,엄청 고생하셨겠네요 잘 보았습니다 좋은 설명 감사합니다 ||| 고생 많으십니다.. ||| 감사합니다👍 ||| 겜 고르는거 고민했는데 도움많이받았어요 감상당 ||| 제 취향 게임들을 골라 볼 시간이 돌아왔네요! 추천 해주신 게임 잘 즐기겠습니다 ! 감사합니다 !,게임
qpUnynNfMn8,게임추천 정말 기대 안 하고 중국 모바일 게임했는데 갓겜 이었다. 진짜 재밌음 진삼국대전2 모바일 게임,꼬무신,안녕하세요 저는 이라크에서 왔습니다. 몇 년 전 동양의 제왕이라는 게임이 있었고 아랍어 버전이 있었고 어떤 이유로 더 이상 존재하지 않습니다. 지금은 일부 아랍인이 특정 서버에서 컴파일하는 데 동의했기 때문에 한국어 버전을 다운로드하려고 시도하지만 불행히도 다운로드하고 게임에 들어가면 다운로드가 시작되고 잠시 일시 중지를 중지한 다음 다시 다운로드합니다. 예를 들어 다운로드가 7%인 경우 다운로드는 0%로 돌아간 후 중지됩니다. 도와주세요? ||| 수행원 인연 맞춰주고 위 촉 오 군웅 중에 한 클라스로 가는게 좋더라구요 버프효과 때문에 ㅎㅎ 물리덱 선호1순위 마법덱 2순위 인데 딜은 진짜 작살이에요..ㅎㅎ  마법덱 잡는 암살자 덱도 좋은데 물리덱 만나면 줫되고..ㅋㅋ 진짜 가위 바위 보 개임이에용..ㅋ 어제2일 시작해서 8천 찍고 쉬는중에 영상 봅니당~~♥ ||| 전설의 총잡이     <<  요새 하는데  할만하네요 ||| 진짜 재밌음 ||| 음...,게임
m8AMTjzV-cw,스릴 넘치는 현장감이 느껴지는 FPS 게임 5개 | 모바일게임 추천,모래곰,첫댓~,게임
T8BAUpo-8_8,스팀 가을 할인 살만한게임 추천 top5,느제,"내용하고 목소리, 딕션이 듣기 편하고 너무 좋으시네요. 다만 영상 보다보면 맞춤법 틀린부분이 꽤 많이 거슬리네요. 영상 올리시기 전에 스크립트 한번 검사기에 쭉 돌려보시는게 어떠실지? https://speller.cs.pusan.ac.kr/",게임
q-5_gxdfwZo,2020년에 출시될 FPS 게임 추천 4선,FPS_lIlIlIlI,"영상이 굉장히 몰입돼요!! 잘봤습니다~ ||| 와 이런 보석같은 분이!!!!!! 당신 성공하셨으면 좋겠습니다!!!!! 그리고 좋은정보 감사합니다!!!!!! ||| 영상 좋네요 ||| ...옵치는 저건 거의 안살듯  그냥 2 하지말고 그냥 내놓지..;; 무슨 이벤트밖에 추가된것밖에 안보임,.. ||| 흥하지못해 아쉬운 체널 이제는 체널 접으신듯",게임
Ej89rSeVAfc,5월 PC PS4 닌텐도 스위치 신작게임 총정리 !PS4 게임추천 !PC 스팀 게임추천! 닌텐도 스위치 게임추천!,트윈라이크겜,제노블레이드2를 외국어지만 재밌게 해서 1은 어떨지 기대됩니다. ||| 베요에타가 한글로 나왔는데 안질러!? ||| 5월 ㅋㅋ 라오어 안나오네 ㅠㅠ ||| 음 5월은 거른다 ㅋ,게임
5vH6qkFRz0k,12월 3주차 스팀 할인 게임 추천,아무티비 Amutv,Steep 한글인지 몰랐네요 감사합니다 ||| 폴가이즈는20프로할인하나요,게임
qoNbtA7UDwY,여름의 끝자락을 장식할 9월 신작 게임추천 | 아무튼리뷰어즈,아무튼 리뷰어즈,,게임
avj6qjxxdS4,썩쏘의 선택을 받은 모바일게임 TOP 6 [모바일게임 추천],골아파 덕 - 모바일게임 리뷰 채널,영상 잘봤어요 실력이 좋으시네요!! ||| 3:56 저게 왜 나와ㅏㅏㅏ ||| 영상 너무 재밌게 봤어요! 앞으로도 좋은 영상 부탁드립니다 ㅎㅎ ||| 7:14초 고라파덕님 답게 ㅋ ||| 와..요번컨텐츠 좋네요 항상 재밌게보고있습니다  썩쏘님도팬이고 덕님도팬이고ㅎㅎ 좋아요 꾸욱,게임
mMjJle4B_MM,PS4 게임추천 !PC 스팀 게임추천! 닌텐도 스위치 게임추천!4월 PC PS4 닌텐도 스위치 신작게임 총정리 !,트윈라이크겜,플스게임 콘솔정리를 보고 싶었는데 보고 오래된 글부터 최신까지 정독햇는데 너무 너무 잘 되어잇구 알기두 좋네요^^♡ ||| 플스 독점작들 정리 및 레이싱정보도 올라왓으면 좋겟습니다ㅜㅜ 코로나 조금씩 나아지구 있어도 건강조심하시구 꾸준히 구독 하도록 할게요^^ ||| 4월은 파판 나오네여 드디어 ㅋㅋ ||| 동숲때메 아무것도 못 살 듯하네요 ||| 말하는 억양이 영상마다 똑같네요. 좀 그러네요,게임
Yh9ifdBEj5s,모바일게임 추천 [국내+해외 주간접속자 순위] 나도 하나쯤 해볼까?,삐로,0:48 클래시로얄 1:33 마인크래프트 2:23 클래시 오브 클랜 3:31 포켓몬 GO 4:30 브롤스타즈 5:37 배틀그라운드 모바일 6:35 로블록스 7:52 캔디크러쉬사가 8:55 프리파이어 9:52 어몽어스 할거 없어서 댓 달았습니다🔥🔥 ||| 심심해서 모바일게임 추천했는데 이게나왔당 구독 ||| 저 곰곰이 너무 귀여워요ㅠㅠ(곰곰이는 제가 평소에 곰돌이 부를때 쓰는 이름임다) ||| 편집 깔끔하고 좋아요! 구독하고 갑니다 ||| 추천 감사합니다 ^^,게임
Mc4ZO751qlU,신작 게임 추천! 갓 출시하고 요즘 핫한 신작 모바일게임 TOP7 [모바일게임 추천],골아파 덕 - 모바일게임 리뷰 채널,"모바일겜 요즘 양산형 넘쳐나서 자주 했다가 접었다 하는데 미리 체험해볼수 있게 매주 신규게임 올려주시니 고맙네요 언젠간 만명은 그냥 넘는 유튭 되실거 같습니다 ㅎㅎ ||| 파더기형 신작영상이다 조으다🤓 ||| 구독자 6천명 축하드립니다!! 요즘 쭉쭉 느시는거 보니 제가 다 뿌듯해용~♥ 용비불패 재미있어보이네요! 오늘도 좋은 영상 감사드립니다 꽥! ||| 영상 기다리고 있었어요~ ||| 와! 영상 항상 잘보고있습니다. 다만 좀 아쉬운점은, 덕님 영상을보고 재밌어보여서 다운로드 하러 가보면 이미 운영을 안하고 방치하는 게임들이 은근 많이보이더라구요ㅠㅠ 게임이 아무리 혜자고 재밌다고해도 이미 운영이 멈춰버린 게임을 하는게 의미가 있을까 싶어서 안하게되는데..  이렇게 운영을 멈춘 게임들은.. 리뷰를 하는게 오히려 독이 되지 않을까 조심스럽게 피드백드려봅니다!",게임
x7MMTOx35S0,"신규 게임 추천! 출시 100일 미만 게임 Top9! (9/22기준, 모바일 게임 추천)",쏘원TV 게임리뷰,컴퍼니 오브 히어로즈는 원래 PC겜입죠. 렐릭식 RTS의 기본. RTS명가중 하나가 뽑은 작품이라 재미는 보장되어있습니다. 다만 폰이라는 기종의 한계인지 멀티플레이 안되고 .. 확장팩이 없는게 또 단점이겠네요. 확장팩에  추가되는 진영도 각각 특색이 있어서 재밌습니다. ||| 컴오히가 모바일로 나왔다는 사실은 처음 알았습니다. 혹시 다시하고싶은 옛날 모바일 게임 있으신가요? 저는 드래곤하트 시리즈 중에서 드래곤 하트3가 다시 할수있다면 무조건 할것 같네요. ||| 2위로 소개된 일루전커넥트 잘하고 있습니당 일러스트가 맘에 들어서 할만해용 ||| battle legion 추천합니다. 올해 중순에 유럽에서 출시한 게임인데요. 상대와 겨루는 게임인데 유닛 배치하면 컴터가 알아서 싸워서 부담없이 간편하게 즐길 수 있는 게임입니다. 취향만 맞으면 오래 하실 수 있을겁니다. 그래픽도 아기자기하고 완성도 높은 게임입니다. 전략적 배치와 유닛 조합이 가장 중요합니다. 쏘원님 한번 다뤄주시길 부탁드립니다! ||| 오늘도 재미난 게임영상 좋은 게임공략 잘보고 가요 항상 좋은겜 정보 알려주셔서 감사해요 ^^,게임
i1NNKimW9-Q,신작 게임 추천! 게임성 좋고 재미있는 신작 모바일게임 TOP7 [모바일게임 추천],골아파 덕 - 모바일게임 리뷰 채널,"<지원 운영체제>  - 샤먼 디펜스 (AOS) - 아기 병아리 키우기 (AOS, IOS) - Endurance (AOS, IOS) - 전사는 전투 2 (AOS, IOS) - 스카이 전투 (AOS) - 아이들판타지 (AOS, IOS) - 슈퍼알피지: 아카이아 (AOS) ||| 0:20~1:40 샤먼 디펜스 1:45~2:57 아기 병아리 키우기 3:03(발음 달달하다~~)~4:40 ENDURANCE 4:43~6:07 전사는 전투2 6:09~7:27 스카이 전투 7:31~8:50 아이들  판타지 8:53~10:14 슈퍼알피지 아카이아 ||| 골아파덕님 가둬놓고 하루에 한편씩 올리게끔 하고 싶다ㅎㅎ 오늘도 재미있게 잘보고 갑니다 ||| 병아리 키우기 게임을 하고 이 영상 링크를 추천영상으로 달아놔도 돼죵??  혹시 저 병아리 키우기 부분을 제가 사용해도 될까요? ||| 유일하게 믿고보는 모바일겜 유튜버 골아파덕",게임
VOj_SWDHcU8,"신규 게임 추천! 출시 100일 미만 게임 Top9! (8/30기준, 모바일 게임 추천)",쏘원TV 게임리뷰,"바로시작합니다너무좋다 다른유튜버들은 기본 2분이상인데.. ||| 쏘원님 정말 잘 보고 있습니다. 워낙 잘 보고 있기에 질문 하나 드립니다... 게임 추천을 좀 부탁드립니다. 저는 게임을 런닝머신을 하며 하는데요. 런닝머신 오르막을 최대로 해서 속도 5.0으로 해서 걸으며 게임을 합니다. 운동이 힘들기때문에 조작이 복잡하거나 계속 조작해줘야하는 게임은 맞지 않구요. 또,  한 게임당 플레이타임이 길었으면 좋겠습니다. 30분 이상이었으면 좋겠네요. 그래서, 제가 지금 하는 게임은 '오토체스'  뿐입니다.  매일 접속할 필요도 없고, 조작도 간단하며, 게임당 플레이타임이 길고, 노가다게임도 아니기 때문입니다. 그런데 좀 질리네요 ㅠㅠ...  혹시 이런 조건에 맞는 게임이 있다면 추천 좀 부탁드려도 될까요? 유료게임도 괜찮습니다. 감사합니다. ||| 영상 너무 좋아요!!!!! 너무도 유익합니다!!!! ||| 최근 안 채널인데 게임소개도 좋고 무엇보다 굉장히 다양한 종류나 신규게임등을 소개해주시는게 너무 좋네요! 번창하세요! ||| 바로시작하는거랑 설명란에 다 적혀있는거 너무좋아요!",게임
vGGFDVM1qQk,[EP.20] 챔피언 방어전! 모든 거다이맥스 출동 [포켓몬스터 소드 실드],기리TV,"토너먼트 매칭이 랜덤이라 조금 오래걸렸어요 모두 연휴 잘 보내세요 ||| 역시 잼있네요ㅎ 기리님 새해복많이받으세요~~ ||| 게임하느라 늦었네요 근데 모든 메가포켓몬이랑, 모든 거다이맥스라니.. 역시 기리님이에요 대단해요! ||| 저도 지금 도감 채우고 있어요. 공략 정말 재밌게 보고 있어요. 매일매일 재밌는 영상 올려주세요^^ ||| 너무 재미있어요! 더 해주세요!!",게임
OX2mzQK1Jdg,[EP.23] 돌아온 포켓몬 총 출동! 배틀타워 정복하기 [포켓몬스터 소드 실드],기리TV,"8세대는 이제 DLC 나오면 이어서 해요 ||| *오오오 장난아니닷!!!!*   *기리님 오늘도 좋은하루 보내세용* ||| 100만 축하드려요 ||| 늧었다...         잘보고가요! ||| 10:45 헉! 기리님이 드디어 젤다를 하신다닛! (젤다할때 DLC거의 필수에요 DLC사면  마스터바이크, 마스터소드 업그래이드,뮤주라의 가면 등이 있어요!)",게임
6Emh-EfkWmQ,팬텀 만들기,나님,고오스트 만들기 --> 팬텀 만들기 ---> 메가팬텀 만들기 ---------> 박사님한테 보내기 ?? : ??????? ||| 야 요즘 포켓몬 왜케 퀄리티가 지리냐 멘날 골드만 쳐하는데 이거보니깐 웅장이 가슴해진다.... ||| 고오스 사탕개수에 한번놀라고 별의모래 개수에 또 한번놀라고 나님님의 위대함에 또 한번놀란다 ||| 1마리로 3개 영상을 만드는 도덕책 '나님' ||| 재일좋겠어요 제가 아직 관동지방도 없고 ㅠㅠ,게임
_yJnnkEstZI,[EP.37] 신규 이벤트 환상 포켓몬 배포! 실드전용 전설 포켓몬 전용기! [포켓몬스터 소드 실드],기리TV,중복 전설이 자꾸 나와서 오래걸렸네요 젤다랑 다른 것들 이번 주에 올려요 ||| 1:00 안경 끼자마자 고도 ost나오는거 ㅋㅋㅋㅋ ||| 오오 ㄴㅇㅅ 오늘언하시는줄 ㅜㅠㅜㅠ 기리님 아프신줄 ㅠㅠ! 기리님 영상도좋지만 킹치만!! 건강도챵겨요 건강이짱! 코로나도갑자기많운디 ||| 10:51 넘 야행 ||| 오늘도 재밌네요,게임
iUViGn9yAaw,100초면 알 수 있다?  포켓몬 카드 게임 놀이방법!!,팀ECG,"최근 포켓몬 카드 게임 배틀영상이 많이 올라오고 있는데요. 아직 포켓몬 카드 게임 놀이방법을 몰라서 영상을 즐기지 못하시는분들을 위해 준비해봤습니다. 좀더 자세한 놀이 방법이 알고싶으시다면 아래 포켓몬 공홈페이지를 참고 하거나, 영상 댓글로 질문 해주시면 답변 해드리겠습니다^^  포켓몬 카드 게임 공식 홈페이지 : https://pokemoncard.co.kr/card/play ||| 정성들여 만든영상 잘 보았습니다. 수집만하고 게임은 관심 없었는데 기본적인 게임방법을 알게되니 카드게임에도 관심이 가네요. ^^ ||| 와... 옛날에 진짜 EX 시절때 포켓몬 카드 엄청 샀었는데 다시 해볼까 생각도 드네요 ㅎㅎ 혹시 강좌같은것 올리실 생각 없으신가요..? 되게 궁금한 분들이 계실것 같은데 ㅎㅎ ||| 와 진짜 대박 설명 짱 완전 잘한다 ||| 오... 진짜 편집자랑 말하시는 분이 누군지 궁금하네요.. 너무 대단하다...",게임
-Gxsl-gppZQ,"포켓몬스터 원작,짝퉁 모바일게임 TOP5",티엘TV,대부분들이 다 원작임 ||| 포고 진짜 고배리만 렉 고치면 좋겠다 ||| 포켓몬고 저도 즐겨하는 게임이죠 운동도 되지만 주위에 사람들이 있는지 차가 있는지 확인 하고 플레이를 해야되죠 ||| 포켓몬 퀘스트는 공식 닌텐도 게임이에요 (포켓몬 대격돌 포켓몬고도 공식인데요?) ||| ,게임
e3bLZA3_f50,공간의 펄기아 🌌 & 🌑 블랙 가이오가 - 마크 포켓몬 럭키블럭 레이스,달재승,내 기프티콘 어디갔냐 ||| 달이님은 언제나 꿀잼이지 ||| 재밌네요  오늘도  재밌게  보고  갑니다 ||| 아 오랜만에 암트님 보고 싶다. 언제 돌아와요? ||| 5분34초에 그 부분은(럭키블럭4개)는 다 100%일거 입니다~,게임
zoFb8EEWiUI,버바 게임 TV 구독자 770명 기념 Q&A,버바 게임 tv,1. 나이공개는 평생 안하실 건가요? 2. 좋아하는 다른겜? 3. 프로필 사진 바꾸실 생각? 4. 유튜브 언제부터 시작했나요? 5. 유튜브 몇년쯤 했나요? 6. 몇년생이신가요? 7. 생일이 언제죠? 8. 내 마음에 1순위 게임 9. 내 마음에 1순위 매니져 10. 영어 잘하시나요? 11. 국어 잘하시나요? 12. 수학 잘하시나요? 13. 사회 잘하시나요? 14. 과학 잘하시나요? 15. 운동신경 좋아요? 16. 외국 진출 원하시나요? 17. 댓글 다 읽나요? 18. 차가운거 or 뜨거운거 19. 매니져 or 시청자 20. 국어 or 영어 21. 수학 or 욕하는 시청자 22. 최근 한 가장 재미있는 콘텐츠 23. 좋아하는 유튜버 24. 좋아하는 색 25. 이름 밝힐 생각.. 26. 좋아하는 음식 27. 하고 싶은 것 28. 어디사는지.. 여쭈어 봐도? 29. 성씨만 알려주시면.. 30. 좋아하는 영화 31. 좋아하는 만화 32. 제일 많이하는 습관 33. 버바님의 특이한거?(특징 34. 컴퓨터 쓰시나요? 스마트폰 쓰시나요? 35. 특이한 취향 36. 민트초코 좋아하시나요? 37. 긴글 좋아하세요? 38. 파스타 or 돈가스 39. 좋아하는 숫자 40. 유기농 or 즉석식품 41. 제일 좋아하는 편의점 음식? 42. 생방 준비 뭐하시나요? 43. 산책 or 운동장 1바퀴 돌고 놀기 44. 몸무게 45. 편집자 다시 뽑으실 생각 46. 일러스트레이터 (그림 그리는 사람) 뽑을? 47. 학교 교과서 뭐배우는지.. ( 단원 ) 48. 중학교 다녀요? 초등학교 다녀요? 49. 좋아하는 음악 50. 버바님이 좋아하는 시청자 유형 ||| 1:포켓몬GO메가진화포켓몬수는? 2:포켓몬GO이로치포켓몬수는? 3:구독자수목표는? ||| 1.다른 게임을 할 계획이 있으신가요? 2.게임에 과금을 하시나요? 3.다른 게임을 하신다면 어떤 게임을 가장 하고 싶으신가요? ||| 1.브롤스타즈는 언제 했나요? 2.실시간은 어떻게 키나요? 3.실시간을 킬때 컴퓨터랑 어떻게 연결하나요? ||| 포켓몬은 엔제 시작 했냐요 나이는 키는 몸무게는,게임
1FwEFRDuzTw,20.11.19 라이브 마스터볼 등반(세로영상),Youtube조그니 ,축하드립니당!! ||| 마스터볼 얻으신거 축하드려요! ||| 오! 축하드려요 저도 빨리 실전팟 만들어서 돌리고싶네요 ||| 형 ㅊㅊ ||| 헐! 대박,게임
An5O9EvDw6s,만두콘은 이왕걸을 슬프지 않게 하려고 버텼다,침착맨,"나폴리맛피아 특선 - 만두콘은 이왕걸을 슬프지 않게 하려고 버텼다 보러 왔습니다 ||| 만두콘아 나도 버텨볼게 ||| 한번은 몰라도 두번을 버틴건 정말 이왕걸의 마음이 통한건 아닐까? ||| ""중요한 건, 꺾이지 않는 유대감."" ||| 이런 두콘이를 보고... 포켓몬이 현실에 없다는 사실을 깨달았을 때 얼마나 힘들었을까...ㅠ",게임
A1vJPKsYnk8,포켓몬 카드 게임 전설의 고동 언박싱 [201016-3],긴용녀,용녀님..날 가져요!! ||| 용녀님 항상 영상 잘보고있어요!! 힘내세요! ||| 카드가 몇게야...,게임
3-igd1FS5e4,이게 포켓몬이야 짐승이야,침착맨,▶ 포켓몬스터 소드 1화 풀영상 : https://youtu.be/Nnfn8fwk7NU ||| 1:14 오른쪽에 꼬맹이가 이야기하는 건데 양이 얘기하는 걸로 알고 그냥 넘어가는 거 개킹받네ㅋㅋㅋㅋㅋ ||| 불혹 나이에 가까운 털난 아조씨가 이상한 소리를 내며 포켓몬게임을 즐기는 영상을 내가 직접 찾아 보게 될 거라곤 단 한 번도 상상해본 적이 없다..;; ||| 포켓몬 교환해요 이왕걸님 ||| 더빙 진짜 킹받네 ㅋㅋㅋㅋㅋㅋㅋㅋㅋㅋㅋㅋㅋㅋ,게임
x5PFcnerkiw,"이게 원피스, 포켓몬 신작이 아니라고? 짝퉁 게임의 '함정'",디스이즈게임,제일 쉬운 짝퉁게임 구분 방법은 게임 이름에 애니 이름이 그대로 쓰였는지만 봐도 대체로 다 걸러지긴 합니다. ||| 가장 큰 문제는 저기에 돈을 써주는 유저들이 있어서 그 돈으로 회사가 성장한다는 것 ㅋㅋ ||| 다음 영상은 구글플레이 문제점 영상 만들어주세요 ㅠㅠ 이엿같은 시스템 부터 불친절한 고객센터.최고매출 순위 기타 등등 문제가 많음 .. ||| 차분한 목소리의 설명 좋네요 굳굿  그래서 요즘엔 검증 된 게임만 하고 있네용 그래도 게임은 워낙 많아서 ||| 중국 세계 모든걸 배끼고 판매하는 ..,게임
wCt3q1d9IXk,[Pokémon GO] 쟝고 포획 [이로치] [GO Fest],Proxima,,게임
pVnl1An_8L0,포켓몬 카드 게임 확장팩 5탄「일격 마스터」「연격 마스터」PV (한글번역),팀ECG,와 연격 진짜 멋있다 난 개인적으로 일격 보다 연격이 더 간지 나는 듯 ||| 0:55에서 ㄹㅇ 액션 스릴 영화 보는줄 ||| 대포무노 이리 저리 움직이는거 넘 귀여움ㅋㅋㅋㅋ ||| 액션 영화 한 편 보는줄 알았네ㅋㅋ ||| 와 또 새로운 팩이라니,게임
24KU4DX4ls8,포켓몬 짝퉁게임이 있대서 해봤는데 생각보다 퀄리티가 좋음 ㄷㄷ,빅민 GAME,눈의 떡이 아니라  그림의 떡 아니야  오빠?? 0ㅁ0?  2번정도  그래서  어색하다는걸 알았다  ㅎㅎㅎ^ㅁ^!! ||| 짝퉁 포켓몬이 다 비슷비슷한 이유가 짝퉁의 짝퉁도 있고 짝퉁끼리도 배낀다고함 ㅋㅋㅋㅋ ||| 저거 1.현질 유도랑 튜툐리얼 좀 줄이고 2. 게임 퀘스트로 얻을 수 있는 다이아 늘리고 3. 공식 인증만 받으면 나름 재밌을 것 같은 게임인디.. 포켓몬 공식 게임 좀 많이 나왔음 좋겄당 ||| 인기많은 게임은 거의다 짭이 있다는게 학게의 정석 ||| 아닠 스토어에서 치니까 사라짐  ㅋㅋ,게임
VvTVRzWpxwI,꼬북이랑 피카츄가 임포스터라고?! 포켓몬들의 우주 마피아 게임 ㅋㅋ,쌈밥TV SSAMBOB,포켓몬스터 어몽어스 판 ㅋㅋ   꼬북 ~~ ㅋㅋ  피카~~  삐까삐까 ~ 피 캬츄 ~ ||| 쌈밥님 재미나게 하시나요 ~~~ㅎㅎㅎ ||| 알고보니 이런 영상하면 조회수 10000될듯 ||| 2019년 서울코엑스에서 쌈밥님 만난게 마지막이었는데 이번에 광고나오신거보고 어? 이거쌈밥님이네?하고 찾아와봤습니다. 영상도 재밌게만들고계시네요 앞으로도 화이팅입니다~ ||| 쌈밥님 구독자 1000명때부터 봤는데 라이즈오브 킹덤즈 광고까지 찍으셨네요ㅋㅋㅋㅋㅋ축하드립니다,게임
_z0G7MZ6tGs,포켓몬 게임에 진짜 나오는 티셔츠라고? ㄷㄷ [포켓몬 티셔츠 언박싱],김용녀,4:35 이 아저씨 왜이렇게 규ㅣ여워 ||| 이거 썸네일 보고 단단지가 자신 배 뜯어먹는줄 알았어ㅋㅋㅋ ||| 나만 볼때마다 나혼자산다에 충재씨같냐 ||| 이걸 올컬렉을 했어..! 마리때는 네마리로 개꿀잼이었는뎅 ㅋㅋㅋㅋㅋㅋㅋ ||| 5:58 와 샌즈!,게임
etm9-T0vAwE,[Go Fest 2020 - 8] 색이 다른 쟝고 잡기,나님,진짜 이채널 않뜨고 나만 보고싶당 하지만 난 형이 더떳으면 좋겠어 ||| 아 ......부러워 ㅠㅠㅠㅠ ||| 색이 다른건 이로치 라고합니다 그리고 원래 쟝고 색은 빨간색 입니당 ||| 저도 있어요 포고 초반에 이게 뭐지? 라고 생각했는데 알고보니 이로치 였어요 ||| 와 이로치 쟝고!!!,게임
c5eu5J3MokQ,"색이 다른 ""섀도본"" 텅구리 잡기",덩겜TV,고정 좀여.... ||| 이로치 93  팬텀 메가진화 했어염ㅎ ||| 섀도본ㄴㄴㄴ 섀도볼입니당 ||| 섀도볼... ||| 새도본이 뭔넵까 포도알아님네까?,게임
VLSs8gtWflg,[포켓몬고] 루기아 포획,모덱,잘 봤습니다^ ||| 이 사람 마기 가 없네     초보가 분명하다 ||| ''똥볼''이 데세임ㄲㅋㄱㄱ ||| 게최 실화냐 ||| 전 3계정이라 다합치면 이로치 5마리 있습니다,게임
qQLOHx1C5EU,(포켓몬고) 메가 헬가 레이드,친칠라고순,축하 ||| 부러운걸?,게임
aOeDvesfmvg,[포켓몬고] 이로치 로젤리아 잡기!,CHWEGS,( https://youtu.be/IpTUFtvDXAs ) 링크 들어가시면 진화 영상 있습니다! +영상에 주제에 오타가 있네요  0:01 로제리아× 로젤리아○ ||| 오오 흑장미/보라장미가 매력적이네욧,게임
E0y5P6dVLYI,포켓몬고 진화 화살꼬빈 불화살빈 파이어로 Fletchling Fletchinder Talonflame,SIMON티비,스킬 뭔가요? ||| 와 1성인지2성인지3성인지 안보여주네 ||| 이거 3월커뮤때 나올것 같네요 ||| 저화살꼬빈에서불화살꼬빈 ||| 98%풀강 하는게 맞나요?,게임
8Uft6jkr_Rk,(포켓몬 마스터즈) 메가 거북왕 뽑기 성공!,친칠라고순,이게 그 준비한 대작이라지만 만우절 취급당한 미친 개똥망겜인가요? ||| ㅊㅋㅊㅋ ||| 뽑으셨네요 ||| 역시 우리아빠 가 우리를 뽑았다.레전드;;;;,게임
ixX5BIyofys,[포켓몬고] 이어롤 이로치 겟 2020/9/13,HiaStAR,축하드려요 ||| 와 난 플리곤 1140이로치 나왔는데 뒤로가기 놀러서 못잡음 씨발...,게임
37V2ajpMEic,카탄 보드게임 하는 법 | Catan Game Rules | 3분게임요리,보드라이브 BoardLiveGame,가능하시면 카탄 향해사  규칙 소개해주세요  카탄 설명 감사합니다 ||| 너무 재미있네요....ㅋㅋㅋ 꼭 한번 해보아요 ||| 카탄...모여서 시작하면 정말 시간가는 줄 모르죠. 보드게임 많이 해보진 않았지만 제 보드게임 인생중에는 가장 재미있었던 기억이 있네요. 이해하기 편하게 부루마블보다 몇배는 재미있었던듯... ||| 설명서 잃어버렸을때 오기 좋은곳이네요! ||| 정말 도움이 됐어요!,게임
iB2wI8JgqOM,오픈월드 게임에서 고인물을 건드리면 생기는 일... / 뉴비 참교육 / 4인 뉴비 갱단 VS 고인물 1명 / 레데온 PS4 PVP 슈비보이,슈퍼비디오보이_게임채널,6:44 묶어놓고 불태우면서 춤추는거 지린다.... 제발 교훈을 얻었기를... ||| 벼는 익을수록 고개를 숙이고 고인물을 고일수록 옷을 벗지 ||| 댓글 진짜 안다는데.. 겜 좋아하는 사람으로서  진짜 존경함ㅋㅋㅋ.. 고인물을 떠나서 이분은 진짜 근성인듯 ||| 2:02  살기가 느껴진다 ㄷㄷ ||| 남캐가 벗고있다면 고인물이란 걸 알아야지....,게임
BucX9lcRNhA,기억에 남는 2020년 신규게임 BEST 30 (모바일 게임 추천),쏘원TV 게임리뷰,"항상 새로운 게임을 찾고 싶을때마다 쏘원님 채널 들어와서 보구갑니다. 몇달에 한번씩 올라오는게 아닌 기간별로 정리를해서  다양한 장르와, 그래픽 등 여러 게임을 소개해주시고, 어떠한 요소가 있고, 어떤 유저분들에게 추천하는지까지 영상에 담아주셔서 정말 좋았습니다. 항상 좋은 게임 리뷰 및 추천 감사합니다 쏘원님!! ||| 올 한해 정말 고생많으셨습니다 구독자 몇백몇일떄 부터봤는데 벌써 2만명이시라니 제가 다 기분이 너무 좋네요. 더욱더 흥해서10만 100만 찍었으면 좋겠습니다 축하드립니다!!!! 덕분에 좋은 게임들 많이 알아갑니다! ||| 30개중에 쏘원님추천으로해본게임이 20개정도 그중에 아직까지 제폰에남아있는건 5개  항상 좋은게임설명과 추천덕에 즐거운 게임하고있습니다 감사합니다 ||| Best30에 재밌어보이는게 절반정도 되네요. 나는 왜 저런게임을 못찾는지 모르겠습니다. 임모탈리본이랑 일루전커넥트 재밌어보여요. 다른것들도 많은데 전부플레이할수있는지 모르겠네요. 시간도 되면 야생소년도 해보렵니다. 감사해요 ||| 영상 너무 잘보고 있어요! 쏘원님 영상을 다 정독하거나 예전에 추천했던 게임을 잊어버리곤 하기 때문에 추천했던 게임을 다시 추천하는 것도 좋았구요 ㅎ 영상 초반에 해당 영상의 초점 등을 짤막하게 설명해주셔서 시청하기 편했습니다. 멘트도 너무 좋으시고 꼭 장수하시길 바랍니다. 새해 복많이 받으세요!!^___^ (원래 영상 보고나서 좋아요 버튼을 잘 안누르는데 쏘원님 영상은 잊지 않고 꾹꾹 눌러드릴게요 화이팅!!) (할말이 자꾸 생각나서 댓글이 길어졌네요 ㅜ 암튼 쏘원님 영상이 제가 보고싶었던 내용들입니다 ㄱㅅ요 ㅎㅎ)",게임
SzumZk89a60,무슨 게임이 이렇게 쉬,수탉,"미리 말씀드리지만 게임 컨셉 자체가 고통스러운 게임이라 매우 답답할 수 있습니다. 이미 초반부터 멘탈이 나간 상태라 뇌가 움직이지 않았.. ||| 보다가 잠든 게임.... 탉님의 비명 소리 들을 때마다 놀래서 깼어요 ㅋㅋㅋㅋㅋㅋㅋㅋㅋㅋ 탉님이 고통받는 모습이 너무 좋습니다 ㅎㅎ ||| 와 그와중에 딱 100번 죽고 성공하신 수탉님,,, 포기안하고 하신거 너무 대단해요,,, ||| 무슨 게임이 이렇게 쉬...발 이거뭐야!!!! ||| 48:33 진짜 닭이 비명지르는줄;;;",게임
2eh5s2se2os,"'무과금'으로 즐기는 '신규 무료' 인디 게임 Top 10 (7/30기준, 모바일 게임 추천)",쏘원TV 게임리뷰,"진짜 쏘원만큼 정직한 리뷰어가 없다. 다 직접 해보고 중립적으로 장단점을 판단해서 올려주니까 너무 좋아요 ||| 영상올라올때마다 폰에 게임이 늘어나네 ㅋㅋ 잘 보고 갑니다 ||| 양산형 게임도 리뷰해주시면 안될까요? 믿고 보는 쏘원랭킹으로 비슷비슷한 양상형 게임중  쏘원랭킹 인증을 받은 게임을 해보고 싶어요 ㅠㅠ 리니지, 달빛조각사, A3 등등 비슷한 게임이 있지만 다 다를거라고 생각하는데 쏘원랭킹에서 보여주셨으면 좋겠습니다! ||| 와...고양이와 비밀의 숲 짱이네요! 귀여워서 엄청 죠아요❤🙊 좋은 정보 감사하구 코로나 조심하세요!  +참고로 이거는 저의 의견입니다!😊 ||| 오늘도 잘 봤습니다. 제가 인디게임을 더 즐겨서 하다보니 90프로가 했던 게임들이네요. 요즘은 궁전류 게임이 많이 끌리더라구요, 스타히어로와 Bow land 추천드립니다. 보우랜드같은 경우는 플레이스토어 사전예약 알림으로 알고 계실거라구 생각하고 스타히어로는 벽돌깨기와 궁전류 로그라이크가 합쳐진 특이하면서도 재미있는 게임이네요. 항상 좋은 게임 추천 감사합니다.",게임
glTJa956l5A,모바일 오픈월드게임 추천 10가지! (혹은 오픈월드에 가까운 게임),삐로,지금은 없어져서 그렇지 듀랑고가 제일 재밌었지... 내가 처음으로 한 rpg이자 마지막 rpg... 정말로 탐험하는 느낌도 나고 자급자족으로 무언갈 얻고 퀘스트하는거만해도 재밋엇는데... 근데 확실히 게임성에 비해 과금요소가 너무 없었긴함 ||| 7:00 내가 닉값 할수있는 겜 ||| 듀랑고.. 제일 재밌었지 rpg게임 개싫어하는데 유일하게 했던 rpg게임.. 참 재밌었다 ||| 라이프 애프터가 진짜 제밌었는데 핸드폰 바꾸기 전에 저장공간이 너무 없어서 이것저것 지우다가 저장도 안 해놓은 라이프 애프터 지우는 바람에 내 노력과 돈까지 다 날아가서 다시 시작할 엄두가 안 남 ||| 할게임이 없어 고민을 하던 중 이 영상을 보게 되었네요 도움 됐어요 감사합니다~,게임
5ooxieJ4XI0,SNG [소셜 네트워크 게임] Top 9 - (모바일 게임 추천),쏘원TV 게임리뷰,모바일 게임 리뷰어 중에서 영상 퀄리티가 최고인것 같아요 매번 잘 보고 있습니다! :) ||| 영상 만드신다고 고생이 많습니다~ 오늘도 좋은 게임 추천해주셔서 감사합니다 ||| 판타지 타운 저도 굉장히 재밌게 한 게임이였는데 영상에 나와서 반갑네요 ~! 아기자기하고 좋더라구요 ||| 9위 0:34 Fantasy Forge  8위 1:37 롤러코스터 타이쿤4 M 7위 2:44 꿈의 마을 6위 3:46 심시티빌드잇 5위 4:47 마이카페 4위 5:50 타운스테일(작자가 하다가 힘들어서 때려침ㅠ) 3위 6:55 놀러와 마이홈♥ 2위 8:00 문명의 기원(수정된 이름) ★1위☆ [9:08] 판타지타운  저번에 추천해주셨던 명탐정 S 재미있게 플레이하고 있습니다 ㅎ 항상 재밌는 게임 추천 감사합니다^^ ||| 흐어ㅓㅓ 요즘 딱 이런거 하고싶었는데 역시 믿고 보는 겜추천 유뜌바 쏘원 감사합니다,게임
QjUJhDWnj_g,커마 갓겜 모바일 MMORPG 다 모아봄 l 원하는대로 게임랭킹🏆,원스토어 TV,"피카츄 같은거 못만들면 커마라고 할수 없지 ||| 트라마 해봤는데 처음부터 미치겠음. 로딩이 개 많이걸리고 용량이 완전 많음 하지만 커스텀 마이징은 최고 👍 ||| 퀄리티 지린다.. ||| 나랑 똑같이 생긴 케릭터 만들었는데 나처럼 못생긴 케릭이,,, 흑흑ㅜㅜ ||| 트라하,검은달,탈리온,검은 사막 모바일",게임
BEoW0ueJZzY,트릭 테이킹 게임의 이해 그리고 그 게임,데굴데굴 STUDIO,"가이오트: 0:40 부근에서 플레잉 카드의 수트를 스페이드, 하트, 다이아, 클로버라고 언급하는데 우리는 관습적으로 클로버라고 하는 경우가 많지만 영미권에서는 클럽(Club)이라고 합니다. 해당 수트는 나무로 만든 막대형 둔기에서 유래했습니다. 저 수트가 저런 클로버 잎 모양이 된 것은 나무 막대에 클로버 잎이 붙어 있는 일러스트 때문이며 프랑스 등 일부 국가에서는 클로버라고 하기도 합니다만 다른 수트의 명칭이 영미권 명칭이기에 일관되게 말하려면 해당 수트는  '클럽'이라고 해야 합니다. 저렇게 영상이 나간 것은 순전히 저의 실수입니다. 깊은 사과의 말씀을 드리며 저도 종종 용어 혼동을 하고 있는 것을 영상으로 보여주고 말았지만 보드게임 지식인 여러분은 꼭 '클럽'이라고 머리와 가슴에 새기시길 바랍니다. ||| 모든 보드게임 메커니즘, 장르 설명이 다 되는 그날까지만 데굴데굴 스튜디오를 보겠읍니다 ||| 트릭테이킹 이라는 장르도 모르고 보드게임도 모를때 예전 윈도우에 기본으로 포함되어있던 하트라는 게임을 종종 즐겼던 기억이 납니다. 주변에는 아는 사람들이 잘없었는데, 지금와서 보니까 트릭테이킹 게임이더라구요. 아무튼, 몇달전 스페이스크루 소식을 듣고 계속 기다렸는데 정말 반가운 소식 감사합니다. 앞으로도 좋은 영상 부탁드립니다. ||| 트릭테이킹에 대한 설명 너~무 좋네요. 역시! ||| 가이오트님 교양수업파트 더 길게해주셔두 좋습니다ㅋㅋ 기대되는 게임 영상 잘 보고갑니다",게임
Bt2escpWj8Q,라스베가스 보드게임 하는 법 | Lasvegas Game Rules | 3분게임요리,보드라이브 BoardLiveGame,꿀잼 보드게임이긴 한데.. 도박느낌이 많이 나죠~ ^^ 도박예방교육차원에서 어린아이들과 할때는 용돈타기 컨셉으로 1~6 카지노판 대신에 친척이미지 카드를 사용한답니다!ㅎ ||| 누구에게 내밀어도 150프로 성공하는 갓게임!! 하다보면 정말 라스베가스에 온 느낌이 들정도로 테마도 대단하다. 지인들이 만나면 이거만 하자해서 난 조금 질려버림ㅠ 확장팩(블러바드)은 필수이나 정말 구하기 힘드니 꼭 필요한 보라색 주사위랑 큰 주사위라도 따로 구해 즐기는걸 꼭꼭 추천드림. ||| 더뎌 다시 정발!!!! ||| 오늘 방송 재미나겠네요! 꿀잼 기대하겠습니다^-^ ||| 안녕하세요 잼있게 잘보고 있습니다  혹시 라스베가스로얄 설명 해주시면 안될까요?? 제발...제발 부탁드립니다 ㅜㅠ,게임
KDkXaymVQU0,포션 폭발 보드게임 하는 법 | Potion Explosion Game Rules | 3분게임요리,보드라이브 BoardLiveGame,보복!이 아니라 포폭! 제가 좋아했던게임이예요! 스플렌더가 이 겜한테 1위 뺏겼고 이 게임은 테포마 한테 자리를 뺐겼습니다. 그래도 아직 재밌는게임 ㅎㅎ ||| 저런거 겁나 좋아하는데...... 인원이..... 저거 사야하나..... ||| 설명만보면 개꿀잼 파티게임인데 인원이 ㅜㅜ... 친구들아...보드껨 하자...ㅜㅜㅜㅜ ||| 재밌겠네 ||| 내차례에 물약을 여러개 마실수있나요? 그리고 물약마시기를 통해서 구슬을 가져온다음 원래 분배기에서  가져와야하는 구슬을 가져와야하는건가요?,게임
8fGGH3n-IlY,카탄 도시와 기사 보드게임 하는 법 | Catan - Cities and Knights Game Rules | 3분게임요리,보드라이브 BoardLiveGame,처음에 볼 땐 이해가 안 됐는데 두 번째 정도 보니 이해가 너무 잘 돼요 감사합니다! ||| 우앗 감사합니다!! 이해가 쉬워요 ||| 설명 감사합니다 ||| 이거를 샀는데 어떻게하는지 몰라서 찾고있었는데 영상올려주셨내요 덕분에 잘이해하고 갑니다 ||| 와우👍,게임
DnAfchV-dYo,캔트 스탑 보드게임 하는 법 | Can't Stop Game Rules | 3분게임요리,보드라이브 BoardLiveGame,적절히 멈출 줄 알아야 하는 게임ㅋㅋㅋㅋㅋㅋㅋㅋ 잘못하면 나락 가는 게임ㅋㅋㅋㅋ 도파민 철철 넘치는 꿀잼 게임입니다! 3명에서 할 때가 가장 재미있어요 진짜 ㅋㅋㅋ ||| 정말 필요했는데 감사합니다! ||| 이야 간단하내여 ||| 오호 이것도 간단하면서 재밌어보이네요! ||| 와! 지옥의 등산게임!,게임
YAzkLvjlV1Q,보드게임 렉시오 룰 설명 _ [Board Games Lexio Rule],보드게이머김찰스,"좋은 참고가 됐습니다 감사합니다 ||| 찰스님 영상 보고 렉시오 재밌게 하고 있습니다ㅎㅎ 근데 규칙 중에서 몇 개가 헷갈려 질문 좀 드립니다ㅜㅜ 1. 만약 두 스트레이트가 숫자 조합이 같을 때 예) 1 2 3 4 5 / 1 2 3 4 5 가장 높은 숫자(여기선 2)의 색을 기준으로 높고 낮음을 따지는건가요? 2. 플러쉬에서 높음의 우선순위는 숫자인가요 색인가요? 예) 구름 3 5 8 9 2 vs 태양 4 7 8 10 13 중 뭐가 더 큰가요?? ||| 이거 오늘 왔는데 설명서로는 잘 이해가 안 됐는데 이거 보니까 이해가 완전 잘 되었어요! 감사합니다! ||| 룰이 한번에 이해가 됐어요 감사합니다. 근데 물어볼게 있어요  게임이 끝나고 꼴찌가 1,2,3등에게 줄 칩이 부족하다면 어떻게 되는건가요? 가상으로 칩을 준다고 치고 점수계산을 해야하나요? ||| 재미 있내요",게임
ugliBtyf6e8,편의점 야간 알바가 이렇게 위험합니다! [편의점: 야근사건] 공포게임,풍월량,미친 이번에도 기대를 저버리지 않는 와베스식 영어 ㅋㅋㅋㅋㅋㅋㅋㅋㅋㅋㅋㅋㅋㅋㅋㅋㅋㅋㅋㅋㅋㅋㅋ ||| 51:36  문하나 잠겼을때는 그냥 겁주려고 일부러 장치해놓은줄 알고 여유부리다가 두개 다잠겼다니까 살려주세요!! ㅠㅠ ㅋㅋㅋ ||| 시작하자마자 slept well에섴ㅋㅋㅋ당황하신 풍형 귀여웤ㅋㅋㅋㅋ채팅창컨닝하시구 잘자따!!!ㅋㅋㅋㅋㅋㅋㅋ앜ㅋㅋㄱㅋ ||| 이 집 썸네일은 항상 맛있다니까요.   1:02:15  이 게임의 제일 무서운 부분... ||| 손님이 편의점 폐기 달라고 해도 주면 안되는 이유는... 먹고 배탈나면 현행법상 해당 점포에서 책임을 져야 하기 때문임다... 고로 손님이 달라해도 절대로 주면 안되욤ㅋ 왜 점장이 손님들한테 폐기 주지 말라고 하는지 아시겠죠? 영상 보다가 댓글 달았는데 19:34에서 말씀하시네요 ㅋㅋ,게임
2NVifcl7jG0,캐릭터가 이쁜 모바일 게임 TOP 18 / 주관적인 랭킹,지존조세,브더가 처음나왔을때 진짜 시발갓겜찾았다면서 부랄찢었었는데...  시발... ||| 저도 국산게임 좋아하는뎈ㅋㅋㅋ 이번영상 너무 인상깊게 봤어요 지존님 영상 보면 진짜 정성들여서 만들었다는 게 느껴져요 그 특유의 유머스러운 소개도 너무 재밌고욬ㅋㅋㅋ 캐릭터 이쁜 겜 찾아보고 있었는데 진짜 도움되는 영상이라 잘 보고 갑니다 아 그리고 다른 유튜버 리뷰 영상 진짜 수십개는 본 거 같은데 다들 같은 게임만 소개해 주던데 잘 모르고 있었던 게임들 이렇게 다양하게 찾아서 소개해 주셔서 진짜 놀랬네요 ||| 10:14 스킬연출 미쳤네;; ||| 8:19 핵심 ||| 7:18  killing point  1 10:15 killing point 2,게임
cYB1h4xOonI,스컬킹 보드게임 하는 법 | Skull King Game Rules | 3분게임요리,보드라이브 BoardLiveGame,보드라이브에 이 게임이 이제 올라온게 더 신기하네요호호 ||| 기대됩니다~ ||| 어라 3분요리에 없었나요? 있었던거같은데...ㄷㄷ  아싸 이제 이거보고 해봐야지ㅋㅋㅋ  3분요리 유튜브로 틀어놓고 보드게임방가서  하면  도우미직원님이따로 필요가없을정도입니다ㅎㅎ 꿀~ ||| 일러스트가 광장히 아쉬운 게임 ||| 오늘은 이거군요!!!! 0승의 매력이 멋진 게임.. 오늘도 본방사수 합니당 ㅎ,게임
6p77qWIW7hY,⛏️ 마인크래프트 야생 건축 강좌 :: 🎮 닌텐도 스위치 집 만들기 🕹️ [Minecraft Nintendo Switch House],만두민 ManDooMiN,"▼▼ WATCH 2023 REMASTERED VERSION ▼▼ https://www.youtube.com/watch?v=ss7v3Wz_TKQ  2023/2/28 만두민이 2월 28일 드디어 복귀했습니다! 최근 영상도 많이많이 봐주세요!! *I came back on February 28. Please also watch the video I uploaded recently!*  2022/2/19) 2000만 조회수 달성!!! 감사합니다!! 이 집 처음 만들때는 이렇게 인기있을 줄 몰랐는데 이렇게나 많은 관심을 받다니 기쁩니다!! 구독 누르시고 다른 집 감상 ㄱㄱ! *Many thanks for 20M Views! Subscribe me and watching my cool houses! :D*  2020/12/4) 1000만 조회수 달성 감사드립니다! 구독 누르시면 이런 재밌는 집들 많이 볼 수 있으니까 구독 꼭 누르시고 다른영상 시청해주세요! *Thanks for 10M views! If you click Subscribe, you can see many interesting Houses like this!*   ▼ 마크 버전 / Versions ▼ 자바에디션(JE) 1.15.2  ▼ 쉐이더 팩 / Shaderpack▼ BSL Shader (https://bitslablab.com/)  ▼ 리소스 팩 / Resource Pack▼ Faithful (https://faithful.team/faithful-1-15/)  ▬▬ 저작권 관련 / Copyright Info ▬▬  만두민 팩토리의 모든 영상은 출처를 남기시면 공유를 환영합니다. 다만, 영리 목적의 영상 편집, 수정, 배포는 절대로 허락하지 않습니다. 이 채널의 모든 영상 저작권은 ""만두민 ManDooMiN"" 에게 있습니다.  All videos on the ManDooMiN channel Sharing is welcome if you leave a source. only Editing, modifying, and distributing images for profit is never allowed. All images on this channel are copyrighted by ManDooMiN.  ⓒ 2017-2020 만두민 ManDooMiN. All rights reserved. ||| 스위치 조이콘 싱크로율 ㄷㄷ... 색감까지 완전 똑같네요 😍 ||| Good Tutorial. I subscribed you ||| 만두민 예전에 봤는데 자금 다시보니 추억이 떠오르네요. ||| 우와!!!!!!!!!!!!!!!!!!!!!!!!",게임
8jAtQu5EiKU,받았을 때 빡치는 케이크는? - 밸런스 게임 #1,양띵 유튜브,밸런스 게임 2편 : https://youtu.be/G6EIzhVv8fU ||| 잼민이 흉내내는 멤버들 채팅 진짜 개웃겨ㅜㅜㅜㅜㅜㅜㅜㅜㅜㅜㅜㅜㅜㅜㅜㅜㅜㅜ ||| 17:54 세넹님 의자 밑.. 왜 그래요...? 싸는 것처럼 보여요ㅋㅋㅋㅋㅋ🤣 ||| 드디어 올라왔닼ㅋㅋㅋㅋㅋㅋㅋ 진짜 개레전드ㅋㅋㅋㅋㅋㅋㅋ ||| 19:03 양띵님은 시청자의 뼈도 동시에 때렸다...(효과는 굉장했다),게임
-mc-5KfGAxo,밸런스 게임대로 하루 살기 [쌍둥이오빠 | 패밀리 시트콤] - EP. 131,쌍둥이오빠,"ㅎㅎ 제밌다 오늘도 기대하기 잘햇다 다음도 기대기대!! ||| 오늘영상도 재미있게 잘 봤어요~   전 쌍둥이오빠만 봐욤  뚜아뚜지 너무 너무 귀엽다😍  뚜뚜,린  건강하고착하게 살아♡♡  린아 중학생  공부 어렵지  그래도 공부열심히 해서  훌륭한 사람이 돼~    많이많이 사랑해💕💕    쌍둥이오빠  채널   엄청 재미있네욤^^ ||| 와우~~~ ||| 라푼젤 머리로 평생 살면 머리는 어떻게 감지 ㅋㅋㅋ머리 빗을땐 어캐 ㅋㅋ ||| 좋아요",게임
G6EIzhVv8fU,진짜 어렵다... 여러분의 선택은?? - 밸런스 게임 #2 *완결*,양띵 유튜브,"망한다는 게 그렇게 망할 줄 몰랐지... ||| 성지순례왔습니다 메이플이 먼저 망했습니다 24:47  확인 완료 26:08 ||| 24:47 그의 통찰력.. ||| 24:47 이걸 예측하네ㅋㅋㅋㅋㅋㅋㅋㅋㅋㅋㅋㅋ ||| 3:03 후추님 ""서넹님 혹시 경험담인가요?"" ㅋㅋㅋ",게임
DbiR1g9TvWs,팀샐식 밸런스게임,카운터,"댓글로 여러분들도 골라 보시죠~ ||| 6:13 마플 : 그냥 미적지근해!! ||| 0:52 어디에 숨어도 마플님이라면 피할 수 없을텐데여..?? ||| 팀샐식이면 분명 절대 절대로 평범하지  않다고 생각했는데 맞네요ㅋㅋㅋㅋ ||| 1) 바위 - 바위를 부수려면 나무부터 캐야하니까 마플님은 나무부터 가지 않을까요? 2) 용암 - 화염 저항 있는데 왜 물에 들어가요.. 아끼다 똥된대요 3) 금 - 삐까뻔쩍 멋있으니까...?? 4) 광산 - 음 전 부자가 될거에요 5) 4칸 점프 - 운터님 5칸은 잘 성공하실 것 같애 6) 운터님께 2시간동안 점프맵 코치하기 - 2시간이 더 짧아요 7) 운터님(트롤 이미지를 매일 받지만, 작은거라도 성공하면 크게 칭찬받는 사람) - 사람이 원래 기대치를 확 낮춰버리면 쉬워요. 전 그런 사람 될래요 똥 싸도 박수쳐주는(?)",게임
wGSOZVXVIZI,마인크래프트 보드게임 하는 법 | Minecraft Game Rules | 3분게임요리,보드라이브 BoardLiveGame,어려워보이는데 지금 주문해뒀어요. 잘 봐뒀다가 배송오면 해보면서 알아가야겠네요. ||| 마크도 좋아하고 보드게임도 좋아하고 ||| 아..요즘 새로운 마크 보드겜이 또 나왔는데.. ||| 기대되는 게임입니다 클랭크도 한번 플레이 해주세요~ ||| 마크테마 게임이라니ㅜ.ㅜ 너무 좋자너,게임
OF4yntVApsA,야 이걸 고민하냐 ㅋㅋㅋ 돌아버린 밸런스 게임,잠뜰 TV,"여러분 혹시나 오해하실까봐 말씀드리는데 썸네일에 쓰여진 문구는 ""외모만 해당"" 입니다 즐거운 관람 하십셔 ^^77 ||| 8:28 엌ㅋㅋㅋㅋㅋㅋㅋㅋ 덕개님 1초 정도 고민하신거 너무 웃겨욬ㅋㅋㅋㅋ 내적갈등ㅋㅋㅋㅋㅋ 1억이면.. 킹정이죠!!!ㅋㅋㅋㅋㅋ ||| 0:43 ㅋㅋㅋㅋㅋ 믿을수없는게 말잘듣는 공룡 컨트롤좋은 덕개 ||| 6:33 잠뜰님의 가치가 적은게 아니고 50억의 가치가 너무 많은거임 ||| 7:35 저는 전교생 앞에서 우당탕 넘어지고 다리깁스 했습니다  운 지리죠?",게임
LRJ1EJgSsv0,🎀마인크래프트 건축강좌🎀 :: 메이플스토리 주황 버섯집! 🍄｜[MapleStory.Minecraft]🛠,팸이,팸상 스킨은 언제봐도 귀엽당ㅎㅎ 오늘도 건축에대한 좋은 정보 감사함당!!~!~!~! ||| 진짜 잘만드시네요ㄷㄷ ||| 버섯집 엄청 귀엽네요 ㅋㅋㅋ ||| 맛있겠다...ㅋㅋ,게임
FEJlXZxDZf8,어서와! 이런 밸런스게임은 처음이지?? 초극단적밸런스게임!!!,인싸가족,봉자언니는 엄마없이살기 VS 아빠없이살기 ||| 매일 돈 안내고 뷔페 가기vs매일 돈 안내고 트로트 공연 보기 ||| 핸드폰 없이살기VS남친 없이 살기  욕하면서 살기VS친구 없이살기  펭수 만나기VS무대의 나오기 ||| 봉두 24시간 숙제 없는 대신 엄마한테 맞기 VS 숙제 24시간 하기 ||| 밸런스게임! 친구 누명 쓰고 내가 감옥 가기 VS 내가 누명 쓴거 친구가 감옥 가기  좋은 일 하고 비난 받기 VS 나쁜 일 하고 칭찬 받기요!,게임
P8HC1ZBAo4Y,물싸대기를 건 최악의 밸런스게임ㅋㅋㅋㅋㅋ,돌잼,가장 어려운 밸런스 게임 질문☠️ 돌잼 구독하고 부자되기💵 vs 돌잼 구독 안 하고 거지되기💦 ||| 6:34김도혁이 처음으로 논리적임 ||| 6:48결과가 바뀜 ||| 7:48 걱정할게 없는게....ㅠㅠ ||| ? : 홍대 가려면 어디로 가야해요 ? 김도혁 : 조혜련의 아나까나요,게임
JYghD8ZagdM,운터 미니게임 실전편(마인크래프트),마플 마인크래프트 채널,0:38 불길...... ||| 0:15 조금 큰 에어컨 숙제는요 ||| 3:39 시작부터 불길한 운터.. ||| 뭐지 이렇게 일찍올린다니 마플이 맞는것인가ㄷㄷ ||| 0:10 아직 여름 아닌데요,게임
qQgnExtEP-Q,아니 도대체 이걸 왜 골라야하는거죠?ㅋㅋㅋㅋ극한의 밸런스게임,웃소 Wootso,6:42 사소하지만 아내/남편과 같이 성별을 딱 나눠놓고 하는게 아니라 '반려자'라는 단어를 써서 포괄적으로 지칭했다는 점이 진짜 감동적이었어요ㅠㅠ 믿고 보는 웃소 항상 감사하고 사랑합니다♥ ||| 디투님 바퀴벌레 1000마리와 행복하게 사세여〰️ ||| ㅋㅋㅋㅋㅋㅋㅋㅋㅌㅌㅋㅋㅋㅋㅋㅋㅋㅋㅋㅋㅋㅋㅋㅌㅌㅌㅋㅋㅋㅋㅋㅋㅋㅋㅋㅋㅋㅋㅋㅋㅋㅋㅋㅋㅋㅋㅋㅋㅋㅋㅋㅋㅌㅌㅋㅋㅋㅋㅋㅋㅋㅋㅋㅋㅌㅋㅋㅋㅋㅋㅋㅋㅋㅌㅌㅌㅌㅌㅋㅋㅋㅋㅋㅋㅋㅋㅋㅋㅋ 이번건 2020년에 본건중에 제일 존잼이넼ㅋㅋㅋㅋㅋ 방귘 ㅋㅋㅋㅋㅋㅋ ||| 4:39 성희님의 팩폭 ㅋㅋㅋㅋㅋㅋㅋㅋㅋㅋㅋㅋ ||| 10:54 소정님ㅋㅋㅋㅋㅋㅋㅋㅋ넘 웃겨ㅋㅋㅋㅋㅋㅋㅋㅋ,게임
KdpPSbBjQlM,*개웃김* 과몰입 밸런스 게임,양띵 유튜브,⏭[블라인드 토크쇼] 보러가기 : https://www.youtube.com/watch?v=uhcomeKUfbw 🟤[삼식 크루데이] 전체보기 :  https://www.youtube.com/playlist?list=PLd1_qS4noIb1mK4OszqFZz_itnw-bq6a5 💌 회원전용 풀버전이 제공 되었습니다. https://youtu.be/6GI66-2PBsA ||| 48:28 다주님은 방송만 하잖아요~ 김눈꽃 말투 너무 티나잖앜ㅋㅋㅋㅌㅋ 터졌다ㅋㅋㅋㅋㅋㅋㅋ ||| 서넹님 음성변조 진짜 치트키 웃음 치트키 ㅋㅋㅋㅋㅋㅋㅋㅋㅋㅋㅋㅋㅋㅋㅋㅋㅋㅋㅋㅋㅋㅋㅋㅋㅋㅋ ㅜㅜ ||| 서넹 눈꽃 다주 ㅋㅋㅋㅋㅋㅋㅋㅋ개티낰ㅋㅋㅋㅋㅋㅋ ||| 아니 왜 염선혜씨는 왜ㅋㅋㅋㅋㅋㅋㅋㅋㅋㅋㅋ안통하냐고 ㅋㅌㅋㅋㅋㅋㅋㅋㅌㅎㅋㅎㅋㅎㅋㅎㅋㅎㅋㅎㅎ예전부터 봐왔지만 넹님은 안통함ㅋㅋㅋㅋㅋㅎㅋㅋㅎㅋㅎㅋ,게임
cA3CVDqed0s,마인크래프트 보드게임? 직접 플레이해봤습니다 | 보드라이브,보드라이브 BoardLiveGame,코로나19로 지쳐가는 이 상황 속에 이렇게 즐길 수있는 취미가 있다는게 다행인거 같네요 재밌게 잘 봤습니다 ~뜨리 감즈아 쏭님 역쉬 방송을 알아 ㅋㅋㅋㅋㅋㅋ ||| 감사합니다 ||| 8:06 룰북 시작 ||| ㅇㅈ ||| 3~감자 믿었는데~~^^;,게임
EiZWbQJ9nKE,마인크래프트 던전스!  오랜만에 새로운 게임에 도전한 제빠! 마크와 차이점은?!  신작 게임 소개 꿀팁 공개ㅣ제이제이 게임-JJgame,JJ game,"오늘도 정말 재미있었어요 ||| 제파님 황혼의 숲은 언제해요? ||| 마크던전스동영상이것도신나은모험의시작이네요 ||| 와 댓글 6등이다, 로블럭스 공포 엘레배이터 해주세요....................ㅋㅋㅋㅋㅋㅋㅋㅋㅋㅋㅋㅋㅋㅋㅋㅋㅋㅋㅋㅋㅋㅋㅋㅋㅋㅋㅋㅋㅋㅋㅋㅋㅋㅋㅋㅋㅋㅋㅋㅋㅋㅋㅋㅋㅋㅋㅋㅋㅋㅋㅋㅋㅋㅋㅋㅋㅋㅋㅋㅋㅋㅋㅋㅋㅋㅋㅋㅋㅋㅋㅋㅋㅋㅋㅋㅋㅋㅋㅋㅋㅋㅋㅋ 재프 3탄 도해주시고  영역확장 서바이벌 끝인가요,,,,,,,,, 그리고 영역확장 서바이벌에서는 지우 서준이가 안나오나요. 구독함 ㅋㅋㅋㅋㅋㅋㅋㅋㅋㅋㅋㅋㅋㅋㅋㅋㅋㅋㅋㅋㅋㅋㅋㅋㅋㅋ ||| 💕💕💕💕💕💕",게임
TUSqrgz0_40,생존 확률 게임(마인크래프트),마플 마인크래프트 채널,"3:43 딱! 딱! 따아앍악라ㅏ악랑ㄱ갉 !!!!!!ㅋㅋㅋㅋㅋ ||| 3:48 소리가 울리는걸 보니 방안에서 뛰어댕기면서 말씀하셨나.. ||| 1:45 ??? : 야 여기서 죽으면 차라리 로또를 사야 돼 1:50 ??? : ...... ||| 2:16 -초심잃은마플- ||| ""마플님은 지능 스탯이 높은대신 운 능력치가 낮다."" 가 학계의 정설",게임
maeVJ9HWpBE,지금의 마크를 탄생시킨 전설의 게임들 마인크래프트 (Minecraft) [블루위키],블루위키,1:30 “뭐 확실한건 아무도 모르죠” ||| 내일 공개됩니다! 짜잔 ||| 위키님 괴담에서 봤던 것들이네요! ㅎㅎ  만약 이 게임들이 지금 재출시되면 마크 짝퉁 소리 들으려나...? ||| 썸네일에 도트그래픽 캐릭터들 너무 귀여워요ㅠㅠ ||| 11시간 이라니!!,게임
-LBvmtTgePE,"[메이플스토리 맑음T] 2편! 밸런스패치로 눈에 띄는 큰 변화가 생긴 떡상or떡락 20가지 직업 본섭/테섭 비교 인게임 리뷰(나워,배메,메카닉,카이저,제로,아델,일리움,호영,제논)",메이플스토리맑음,밸런스패치 1편 링크입니다   https://youtu.be/ZZFR8NUwCb0     밸런스패치 2편 제로 부분 영상 제작에 도움주신 4분 정말 감사드립니다!! ||| 이쯤되면 캐릭터 이해도가 없어서 이런패치 하는게 아니라 캐릭터 이해도가 높아 엿먹으라고 이런패치 하는거 아니냐 ||| 4:35 22오르는거 보고뭔가했네 ㅋㄱㅋ ||| 14:36 1넣은거 개웃기넼ㅋㅋㅋㅋㅋㅋㅋ ||| 다른 건 몰라도 밸런스패치팀이나 ㄱㅇㄱ가 레지스탕스 직업군들을 대체적으로 싫어하는게 보일정도로..,게임
HniZsbIB_Vc,"순수한 게임에 안어울리는 불순한, 마인크래프트 던전스 리뷰",텀텀보,"기본 보스를 깨고 나서야 리뷰를 보게 됐네요. 정말 공감 많이 됩니다. 특히 이속 ㅠㅠ 이 게임에서 재밌는 건 그나마 장비레벨 안맞는 고난이도 스테이지를 멀티로 4명이서 맨땅에 헤딩해서 깨고 뿌듯함 느끼고 끝일 것 같아요. 근데 또 멀티 하자고 안 산 사람한테 이걸 사라고는 도저히 못하겠네요... ||| 아 ㅋㅋ 이분 말 겁내 재밋게 하시네. 오바떠는것도 아니고 정직하게 웃기는게 좋네요 ||| 영웅 DLC에서는 나중에 맵 2개가 추가되고 무기도 추가되며 영웅DLC가 아니더라도 추후에 새 무기들과 맵이 나올예정입니다만? ||| 전 그래도 아직 재밌게 하고있네요. 물론, 파밍이라는거 하나만 보구요...더 빠른 파밍을 위해 파밍을 해야한다는부분이 매우 공감되는군요... 하루 1~2시간정도만 하고 끄면 무난합니다. 하드유저들은 이겜에서 할걸 못찾을건 뻔하구요. ||| 처음 들었을때 마크의 육성부분을 더 강화시켜주는 줄 알고 기대하다 그냥 별개의 게임이여서 실망한게 기억나는데  이렇게 할거면 차라리 본편 보강하는게 나았던거같다",게임
BL-fSmRofDQ,손병호 게임 (마인크래프트),푸른여우 할짜쿵,6:36 거울 깨져요 님아.... ||| 오 영상퀄리티가 올라갔네요 ㅎㅎ 그리고 자살하는거 미친놈이네 ㅋㅋㅋㅋ ||| 중간중간 노양심쿵... ||| 할짜 첫판 퍼블 실화 ||| 이집 편집 잘하네......... 할짜님이 하신건가요? ㅎ,게임
CRhLUuxA2Oo,마인크래프트로 메이플스토리 마왕의성 1층 만들기,aaronamalfi,,게임
34EHKwackUc,협동이 필요한..4인 모둠 게임!  마인크래프트던전(네번째) #게임화연구실,스티브코딩,,게임
_qW-FBEjdlY,[메이플 도적놀이]메이플스토리 나이트로드 밸런스패치!! (2020/09/10) 나로 떡상각??,메이플 도적놀이 유튜브,패치이후 무릉빌드 혹시 짜셨나요. 핸즈 보니까 저랑 스펙이 거의 비슷하긴데 빌드 몰라서 막 치다보니 50층을 깰 각이 안보여서... ||| 그래도 쿨맞춰줄려는 의도라도 보여줘서 너무 고맙네요 단지 스블이랑 애매해져서 살짝 불편하지만 ||| 나이트로드 딜레이 감소 축하해 ~  앞으로도 잘 키워겠구먼 🤩👍👍🥰 ||| 질문받습니다 ||| 주제는 나로인데  대부분 다른직업 물어보는,게임
eaUk5UGWkm4,10년 동안 방송하며 써온 스팀 게임 리뷰 공개합니다!,대도서관TV (buzzbean11),"00:09 ""왜썼는지 안궁금해도 알아보자""ㅋㅋㅋㅋㅋㅋㅋㅋㅋㅋ여기서도 거리두기 실패 ||| 아닠ㅋㅋㅋㅋㅋ 첫 영상부텈ㅋㅋㅋㅋㅋㅋㅋㅋㅋㅋㅋㅋㅋㅋㅋㅋㅋㅋㅋ 매번 숨겨진 의미를 찾으며 그래도 게임을 이어가는 대도님의 모습... 그리고 금액도 한번씩 언급을 해주시는ㅋㅋㅋㅋㅋㅋㅋㅋㅋㅋㅋㅋㅋ ||| 오읭? 내다버린 게임들 리뷰만 있는 줄 알았는데 중간에 살천 나와서 읭?! + 한 서너개는 띠잉작 나머지는 내다버린...게임산업계의 기부천사 대도서관:) ||| 내가 보려고 쓰는 타임라인 1:59 Plug&Play 4:35 Wild Animal Racing (a.k.a. 내다버린 삼천원) 6:05 Amazing Frog 12:42 살육의 천사 14:50 Cat Goes Fishing 16:36 The Cat Games 20:00 htoL#NiQ:The Firefly Diary (지금부터 삭제식을 거행하도록 하겠습니다) 21:30 Crowd Simulator 23:29 Destiny:Guardians  연휴에도 열일하시는 엉클대도 감사합니다👏🏻👏🏻 ||| 시작부터 플러그 앤 플레이라니 이 영상 컨셉이 뭔지 바로 알아버렸다",게임
5hBHmW3MAes,인디게임리뷰 - 데몬크래셔,겜터TV,용사는 상자가 되었다 게임도 플레이해주세요 ^^ 목소리너무 좋아여!,게임
jDelUklJ_iA,[120초인디게임리뷰] 던전슬레이어,판다겜- 인디게임리뷰채널,취향저격이네요 감사합니다 ||| 재밌을거같네요 ㅎ 감사합니다 ||| 잘 만들었네요~ ||| 잘보고갑니다~ ||| 그래픽이 괜찮네요 ㅎ,게임
mI8lbYi-g40,[only의 게임리뷰] 미르4 PC버전으로..?!,only game,,게임
mxVuQDTcpMo,인디게임리뷰 - 세번째기적,겜터TV,영상 잘 보고 갑니다~,게임
Hf39kZckHLA,"[120초인디게임리뷰] "" 마이 리틀 위치 """,판다겜- 인디게임리뷰채널,잘보고갑니다 ||| 쪼꼬미들 귀엽네요~ ||| 재밌을거같네요ㅋ 다운받으러갈게요,게임
YCsrSti3wz8,커피토크 게임 리뷰 / 아늑한 힐링게임 (4k),미즈의 게임 스튜디오,2021년 5월 PS plus 무료게임으로 풀려서 한번 해봐야겠군요 ||| 독특한 설정이네요 그래도 평은 좋더라구요 ||| 발할라는 안해봐서 모르겠지만 영상을 봐보니 모바일의 위대한 피자라는 타이쿤 게임이 생각나네요,게임
wIUquvKiRqE,[게임/리뷰] 누나 나 죽어!! 더 코마2:증오의자매(The Coma 2: Vicious Sisters),지갑수비대,이렇게 잘 만들어진 영상에 댓글이 없다시피 하다니..  앞으로도 대박 나네요🎉  영감 감사합니다.❤ ||| 지갑수비대지만 영상이 재밋어서 지르게 되는 그 모순이란,게임
3922AXW-QIA,"[PS4게임리뷰] 18년만에 돌아온, 성공적인 리메이크게임!",게임예보,피아노 소리가 리뷰 목소리랑 너무 겹쳐요,게임
YPCZkrVJuRc,게임 리뷰 남기다가 고소를 당하기도 합니다,머독,고소 관련 리뷰는 중간에 나옵니다 (힌트 : 매우 짧게 넘어간 리뷰+자막 참고) ||| 고소당한 게임 = 언급 안하고 넘기는 리뷰 ||| 1:55  엥 저게 왜 차단이야? 했는데 ㅋㅋㅋㅋㅋㅋㅋㅋ 차단 당할만 했네 ㅋㅋㅋㅋㅋㅋㅋㅋㅋㅋㅋㅋㅋㅋ ||| 라오어2회사가 고소한줄 알았잖어 ㄹㅇ;; 그것보다 밀런이가 진짜 천사임 머도기 고소안하고 선물보내주자너;; ||| 7:31 미래에서 작성한건가....,게임
HIQaDhHaWDc,[게임리뷰 ] Hades ( 하데스 ),게임리뷰너구리,처음에 바이오쇼크 인피니트랑 보더랜드 리뷰를 보고 구독하게 되었는데 굉장히 깔끔하고 알찬 영상을 잘 만들어 주시는 것 같습니다. 목소리도 듣기 좋네요 :) ||| 선댓글 후감상! 저는 아예 일을 하게 생겨서 정말 바빠서 리뷰영상 거의 못 올릴 지경이네요;;; 오랜만에 영상 일 끝나면 감상하게요~ㅋㅋ ||| 이 게임 평가가 참 좋더라구욤 ||| 난이도 조절이 가능한가요~?,게임
1YTOntxOEJk,[게임 리뷰] 마피아 데피니티브 에디션-리메이크계의 구제,-굿바이조커,"몸은어떤신가요? 댓글들보니 퇴원하신거 같은데 정말 다행입니다. 명절은 잘 쉬셨는지요? 다시 봐서 너무 반갑고 다행입니다.^^ ||| 오 회복하셨다니 축하드립니다! ||| 조커님 퇴원 축하 드립니다!^^ 병원에 계셨으니 당연히 플5/엑시엑 예구는 못하셨지요? 저도 못했습니다ㅜㅠ. 플5는 그렇다 쳐도, 엑시엑도 예구 기간내내 1분컷(체감상1초컷)이더군요.ㅎㅎ 마피아1re는 좀 많이 아쉽네요. 저는 2오리지널은 꽤나 잼나게 했었는데..이 시리즈는 그냥 한물 가버린듯.. ||| 플러스로 풀렸네요 ||| 나는 엄청 제밌게했는데....",게임
yjVqcxVygs0,에일리언과 쫄깃한 술래잡기! 에일리언 아이솔레이션｜마니존 게임리뷰,마니존,재밌다 ㅎㅎ ||| 뭐야 영상 잘만드셨는데 구독자 왤케 적어 ||| 게임리뷰 잼나네요ㅋㅋ ||| 덕분에 게임 구매 했습니다. 감사합니다.😂 ||| 반복되는 미션방식에 피로를 느껴서 매각을 했다 다시 해보고싶은 마음에 중고로 다시 구입을 했습니다. 동네 게임샵에서는 중고로 찾기에는 너무 힘들더라구요. 오늘 클리어 하고 다른분들은  이 게임을 어떻게 생각할까 떠돌다보니 여기까지 왔습니다. 여러가지로 공감되는 리뷰였습니다 잘보고가요,게임
XLq8NOriPsQ,[보리남] 정령섬(스피릿 아일랜드) 보드게임 리뷰(Sprit Island Boardgame Review),노멀마리오TV,,게임
jz8naTDxFuQ,"[게임/리뷰] 농사,액션,롤플레잉 천수의 사쿠나히메(天穂のサクナヒメ)",지갑수비대,사쿠나 진짜 너무 귀여웤ㅋㅋㅋㅋㅋㅋㅋ ||| 영상을 보고 즉시 구매 지갑수비대 최고에요 >0< ||| 게임 후기 찾다가 영상 보고 갑니다. 영상 퀄리티도 좋아 구독하고 갑니다. 물론 게임도 사러갑니다! 좋은 영상 감사합니다 ||| 전 먹방요소가 있는 게임이 좋더라고요 리뷰 잘 보고갑니다. ||| 영상 되게 좋은데 꼭 흥하시길 바라며 구독합니드앗,게임
f9qDfZ7Kq4I,인디게임리뷰 - 앤투라인,겜터TV,안녕하세요 겜터TV님! 플레이 감사합니다!  영상이 재밌어서 시간이 순삭됬습니다!  유튜브 번창하세요! ||| 늦었다 ㅜㅜ,게임
HVpOpj7eXZY,[only의 게임리뷰] 아이들프린세스 게임리뷰,only game,,게임
PGS-iX85y3o,[게임리뷰] STAR WARS : JEDI – Fallen Order ( 스타워즈 제다이 : 오더의 몰락 ),게임리뷰너구리,처음에는 일직선에 행성 탐험 시스템만 보고 라쳇앤클랭크 시리즈를 떠올렸는데 텔레포트가 없고 무기 수가 다양하지 않다라는 명확한 단점이 있군요.... 그래도 나름 스타워즈뽕맛은 느낄 수 있어 보입니다 ㅋㅋ! ||| 팬들이 다들 dlc좀 내달라고 애원하는 작품.. ||| 플스 프로로 하다가 프레임이 개박살 난 수준이라 패드 던지도 아직도 게임 켜지도 않은 게임... 프레임 진짜 극악임 ||| 재미는 있는대 결말이 허무한 게임이죠..... ||| 얼마전 여름 세일때 사서 시간가는줄 모르고 플레이했던 겜입니다 ㅎㅎ 소프트 소울라이크,게임
_GaFj469nh0,[120초게임리뷰] 방치형RPG 로그키우기,판다겜- 인디게임리뷰채널,이 속도감 뭐얔ㅋㅋㅋㅋㅋㅋㅋㅋ 2분리뷰가 아니고 5분짜리를 2분속에 때려박았구먼 ㅋㅋㅋㅋㅋㅋ       잘보고갑니다. ||| 리뷰 진짜 재밌게하시네요 구독박고갑니다 ㅎ ||| 잘만드셨네요 속도감있는 리뷰네요 ||| 영상 잘밨어요~ 👏👏👏👏 ||| 재밌네욤,게임
Tppxr1tnAy8,[카트라이더 러쉬+] 내가 아는 넥슨이 맞나? / 모바일 게임 리뷰 / 신규게임 / 리메이크,아무개임!,안녕하세요 아무개임입니다. 이번에 소개해드릴 게임은 카트라이더의 모바일 버전인 카트라이더 러쉬 플러스입니다! 어릴적 생각이 나서 해봤는데 생각 재미있어서 놀랐습니다. 카트는 정말 명불허전인거 같네요ㅎ,게임
Xr2uYMReRJk,능지갓겜 아르카나 택틱스(ARCANA TACTICS) - 신선비[게임리뷰],신선비,초기 유저 적대적 운영으로인해 유저가 많이 빠져나간 문제가 있었죠. 그 노무 스내쳐와 알케미스트의 효율차이가...,게임
MYItfExLSTc,"[불량한 리뷰] 마블 어벤져스, 이 게임을 하면 화가난다!!!!",겜리뷰맛집빈비,게임은 안해봐서 모르겠지만 리뷰는 맛집이네용 ||| 잘보고 갑니다^^ ||| 재미있는 리뷰 항상 재미있게 잘 보고있습니다 ㅋㅋ ||| 역시 리뷰는 까야 제맛 ||| 겉은 번지르르 한데 속은 깊이가 없나보네요,게임
e0qAJMUqK7o,NBA 2K PLAYGROUNDS 2 엑스박스 게임 리뷰 !!,두목리얼리뷰,게임을 좋아하진 않지만 재미있어 보여요 :-),게임
w9lXzbx7UAw,[게임/리뷰] 마인크래프트 던전 과연 지금 사도 될까? (Minecraft dungeons),지갑수비대,친절한 설명 감사합니다 미스터 후님!!!,게임
BxM-CM7sO1w,[게임리뷰]나우 리마스터 MMORPG 게임리뷰!,이한TV,,게임
l1rLaIgKO6w,[모바일 FPS 게임리뷰] ㄹㅇ 찐 망겜 - 오버터치,까스맨의방구석 관짝,"분명 영상 설명란에 주제 추천 안받는다고 명시 했는데, 최근에 오히려 더 늘어나네요.  어차피 몇몇 알려주시는 게임들도 왠만한건 저도 알고 있습니다. 정 없다 싶을때 따로 요청을 할거구요.  정도에 따라서는 그냥 차단될 수 있으니 앞으로 유의바랍니다. ||| 4:25  으아하하하 으하 으하하하 으하하 하하하핳 ||| 그렇게 그는 또 한 번 스솔을 하게되는데.. ||| 3:32 ㅗㅜㅑ ㅇㄴ 겜 하다가 처웃는 놈 대체 뭔 캐릭인가요.. ||| 아직도 저겜이 살아있었다니",게임
zEcQycGHPDU,사이온 질리언 콤보 폭탄 당일배송,롤 관전고양이,ㄹㅇ 폭탄배송이네 ||| 질사콤보 ㅗㅜㅑ ||| 전영상 판테vs아칼리 승자알려주세요,게임
YM4BK7yiWUE,PS4 마블 어벤져스 게임 리뷰 ㅣ 아직 사지마세요 아직은,다미남스토리,2인용 가능한가요?  예를들면 컨트롤러를 2개 연결하면 둘이서 같이 플레이할수있습니까? ||| 제비형 발매1년되는날 쯤 다시 한번 리뷰 부탁드려요 ||| 엊그제 스팀에서 샀는데 혹시 한글자막 나오게 하는 법 아시나요? ||| 50퍼 할인가로 구매했는데 딱 적당하다고 생각중  full price로 구매한 사람들 욕하는건 인정하겠더라고요. 그냥 마블뽕으로 하는중 ㅋㅋ ||| 시디로 2만원짜리샀는데 흑우인가요?,게임
xcyjumlAJQw,[게임공화국] 히어로즈워 : 카운터어택  게임 리뷰,게임공화국,게임리뷰잘봤어요~ 추천뀩 ||| 게임리뷰 영상 너무 잘보고갑니다 ^^ ||| 게임 리뷰 영상 잘보고갑니다 ^^ ||| 잘봤습니다 ~~ ||| 관심있던 게임인데 설명을 너무 잘해주셨어요 ^^,게임
ktmgm0KCIp0,게임성은 단순한데 왜 이렇게 재밌지? | 게임 리뷰 | 디트로이트 비컴 휴먼 | Game Reviews | Detroit Become Human,게으른 객기,Pc로하신건가요??? ||| 뭐여  똥겜이네?!,게임
Tg7rwm71DsM,의사인데 흡혈귀라고? 뱀파이어 (뱀피르) 게임 리뷰 & 공략,초록괴물,✅ 추천 게임이 있다면 알려주세요. #구독 #좋아요 큰 힘이 됩니다 💚 ||| 조금 지루하긴 하지만 스토리 몰입도도 좋고 재미있게 플레이 중입니다. 공감가는 부분이 많네요. ^^ ||| 신나는 게임 영상 잘 보고 갑니다. ||| 꽃에 물은 어떻게주는지 아시는분계신가요? ||| 후반부에 걍 렙업이 거의 안되는군요;;; 레벨 디자인이 좀...,게임
DxQfGPEETmA,[게임 리뷰] 마운트&블레이드2 : 배너로드 마블2 입문자가 말하는 리뷰!/Mount & Blade II: Bannerlord,호두킹의 게임창고,"시청해주셔서 감사합니다!!!!! (__) ||| 진짜 너무재밌다으 ㅠㅜㅠㅠ ||| 목소리 좋고 설명도 잘하시구 짧게 짧게 지루한 틈이 없는 편집 너무 좋아 구독 구르고 갑니당. 앞으로 힘내셔서 10만, 100만, 1000만 구독자까지 힘내시기 바랍니다~~ ||| 이거보고 구매하기로 맘 먹었슴다 ||| 한글화되어서 정식발매되는건 언제쯤 이에요?",게임
95tvhcTfq28,인디게임리뷰 - 커맨드 나이츠,겜터TV,,게임
zI1X83KCLjY,[게임 리뷰] 와치독스 리전-발할라는 속 시원히 추천할 수 있겠지...?,-굿바이조커,굿입니다ㅎ 조커님은 따로 직장이있고  저녁에 리뷰하시는거죠? ||| 1부터 2까지 재밌게 했었는데 리전에서 부활이 아니면 힘들다고 말들 많던데. 해야할지.. 고려해 봐야 겠네요. ||| 유비는 좀만 재미있다고 그러면 뇌절해버리는게 정말 가장큰 문제 같아요. ㅎ 저는 호평받은 2편도 중후반가선 지루해 미치는 줄알았네요 ㅋ  발할라는 제발 잘나오길..,게임
6c99KHmJTN0,[다재의 게임 리뷰 & 플레이] LITTLE NIGHTMARES(리틀 나이트메어) - 귀여운 외모에 그렇지 못한 식성,개도다재 GAEDO DAZAE,,게임
0Db87oBdIzs,[게임리뷰] 거대한 서사의 시작을 고한다. 영웅전설 시작의 궤적 (英雄伝説 創の軌跡) 리뷰,아르파,"저도 섬궤 1,2 엔딩보고 대체 뭔 얘기인가 해서 영궤 벽궤 엔딩보고 다시 1,2,3까지 진행했습니다. 근데 4가 너무 호불호라고 해서 시작 못하고 있었는데 시궤가 나오고 여궤가 나왔다니 또 해야죠... ||| 좋은영상 잘봤습니다~깔끔하네요~ ||| 아쉬운점 많지만 중간을 넘어가는 브릿지란점도 감안 ||| 0:10  2020년에 하늘의 궤적이 새로 나왔나여? 저도 재밌게 플레이 했습니다. 지금도 하고 있을정도로 재미가 있다보니 999시간을 넘겼네여 ㅎㅎㅎㅎㅎㅎ ||| 저는 개인적으로 하영벽때 쿼츠시스템이 좋았는데 아쉬웠어요. 지금 쿼츠시스템이 편하긴하지만 퍼즐맞추듯이 스킬짜는게 좋았는데 아쉽더라구요. (처음부터 모든 스킬을 보여주는것도 좋았구요)",게임
F0yffp15kFs,[게임리뷰] Wizard of Legend ( 위자드 오브 레전드 ),게임리뷰너구리,흠..로그라이크 장르 본연의 맛을 좀 못살린게 아쉬운 게임이군요.. ||| 한글패치 어케해요?,게임
CLZUGRh_rNE,드래곤볼z 카카로트 게임리뷰 : 우린 모두 손오공이었다,[ᄀᄂᄃ] 리뷰,"ㄴ님과 ㄷ님의 가격 평가에 대한 코멘트가 정말 공감이 되네요. 개인적으로 ㄴ님 말씀처럼 저같은 드래고볼 팬에게는 가격을 매길 수 없는 갓겜이라고 생각합니다. 정말 친한 오랜 친구만나서 밤새 술마시면서 추억 나누는 느낌이었던... 다만 ㄷ님 말씀처럼 드래곤볼을 잘 모르는 사람 입장이라면 그 평가가 다소 내려갈 여지는 있다고 생각하긴 합니다. ||| 6:09 깨알같은 스파킹! 스파킹! ㅋㅋㅋㅋ ||| 너무재미있게했어요 선생님들말에 저두어린시절 특유의 손오공순수함너무좋았어요 차라리 어린시절이 더 오픈월드식으로 만들었으면 더좋았을텐데 카카로트2해서 손오공 어린시절 치치랑 결혼한것까지 다시출시되면 대박날텐데 아쉽네요 ||| 영상 잘봤습니다 ^^ 뽕이차오르는 광고...ㅋㅋ 그런데 스텐다드 에디션,  Deluxe Edition, Ultimate Edition 중에 뭘살지 고민입니다 ㅠㅠ 그냥 싱글게임만 하려고하는데 시즌패스는 뭔지 ㅠㅠ 모르겠어요추천좀 부탁드립니다! ||| 리뷰 정말 잘 봤습니다 :)",게임
hwSamv_jyb8,"[모바일게임 리뷰] 카트라이더 모바일? 드디어 과금 유도에서 벗어난 넥슨! ""카트라이더 러쉬플러스""",골아파 덕 - 모바일게임 리뷰 채널,골아파덕님 영상 잘보고 있어여 ||| https://forum.nexon.com/kartrush/board_view?thread=78066  다운로드 링크입니다. 플레이해볼만 한 게임인 것 같습니다! ||| 카트유저입니다! 혹시 카트 랭킹전 하시나요? (어느정도의 랭킹인지 궁금합니다!) ||| 카트라이더 유저는 아니지만 기대되네요! (근데 저 이름 바꿀려고 했는데 왜 앞 뒤가 반대로 됐죠? 나한테만 그렇게 보이는 건가....) ||| 이제 모바일카트 앉아서하다가 커브돌면 옆으로 넘어지는건가,게임
13cYM6WlJys,[신작 게임 리뷰] 고스트 오브 쓰시마! 구매하기전 꼭 살펴보고 구매하세요!,니모선장,"일본은 인구도 많고 게임,애니,만화 등 문화산업도 강해서 벚꽃이나 사무라이 같은게 일본의 상징으로 나오는게 부러움 포아너만 봐도 중세기사나 바이킹은 유럽대륙의 문화중 하나인데 사무라이는 일본에만 국한된 문화인데도 따로 클래스처럼 존재하고 고스트 오브 쓰시마는 미국 게임사가 실제 역사를 배경으로 게임도 만들고  한국역사를 배경으로한 게임은 나오지 못하는 환경 (국내 콘솔 유저수 부족,외국에서 잘 안먹힐수있음)이랑 반대되니까 ||| 오! 고스트 오브 쓰시마! 그래픽이 아름다운 게임! ||| 형 언제돌아와? ||| 엄청 오랜만에왔다 나를 기억할지는 모르겠지만😁 ||| 형 아무래도 안되겠어.  스팀에 ""Gripper Prologue"" 라는 무료게임이 있는데  형 이 게임 다음영상에 리뷰해줬으면 해.  참고로 이 게임 월드 오브 워플레인보다 조작감 더 구림 ㅅㄱ",게임
5VI8DhxjwQE,중계진 게임 리뷰 워크래프트3 리포지드! (feat. 박상현 김동준 정인호),주식회사 중계진,"스포일러 방지댓글입니다! 즐거운 시청되시길 바랍니다 10만구독자 감사드립니다! ||| 이걸 해보고 누가 그랬더라... ""인체의신비전에 전시된 첫사랑을 만났다"" ||| 헐 진짜 정인호 김동준 해설 박상현 캐스터네.. 바로 구독합니다 ||| 이렇게 낼거였으면 리포지드를 하지 말았어야 했다..... 왜 해서........ ||| 블리자드가 살아남는 유일한 방법은 무료로 그냥 배포하는것뿐임 이건 리얼 조진 게임",게임
bDyHi42Lspg,[모바일 1인칭 게임 리뷰] 1인칭으로 만든 이유가 뭡니까? - 엘더스크롤 블레이드,까스맨의방구석 관짝,"화질 옵션이 지금 안되고 있는데, 이건 유튜브 문제라서 별 조치할 수가 없네요.(2020.09.02 9:37 기준) ||| 12:08 노바3가 생각나네요 ||| 아니 이제 게임도 보면서 공부도하는 채널!크으~! ||| 공략법:   1.대장간 계속 업그레이드 해서 좋은 장비 얻는다   2.여러 원소 무기들을 들고 다니기  3.비밀들 다 찾고 맵 안에 있는 물품들을 다 확보한다  4.좋은 장비 만들었을때 인첸트 하는거 잊지말고 하기  5.회복 포션 여러개 만들기      그리고 퀘스트 할때 해골 머리 수는 상관하지 않아도 됨. 잘 만 하면 대부분 깰 수 있음 ||| 알람의 배신이다",게임
D1RaG4NrxL0,[게임 리뷰] 마블 어벤져스-제발 운영의 묘를 보여줘..!! 제에에에바알!!!,-굿바이조커,분석 잘 하셨습니다. ||| 이거 살려고 생각은 했었는데... 스퀘닉스.. 실망이 좀 크네요..ㅠㅠ  파판7 리메이크는 완전 갓 띵작을 만들더니..  어벤져스에서 똥을싸다니요..   나중에 패치되거나.. 2~3만원대 할인할때 사야겠군요 개인적으로 마블영화 좋아하는편인데...  정말 아쉽습니다..  마블 얼티밋 얼라이언스도 이정도는 아닌데... ||| 저역시 너무도기대하며 학수고대하던 게임이었는데  기대가 너무큰건지 실망이 너무크더군요 ㅠ   두번째 라오어2를 본듯한..ㅠ 스파이더맨이나 배트맨시리즈에 어느정도만 따라왔어도..ㅠ ||| 까놓고 그 앤썸마저도 멀티는 잘 잡혔것만ㅡㅡ,게임
6SPQfUNchdk,"[게임/리뷰] 실시간 전략 로그라이크, 배드노스(Bad North)",지갑수비대,"※영상의 촬영 시기와 업로드시기가 달라 오해가 있을 것 같아 작성합니다.  이 게임 리뷰영상이 제작된 시점에 스팀에서 할인이 진행되었습니다.  현재 스팀 정식 가격은 15,500원이며 데모판을 무료로 다운로드 제공하고 있습니다. ||| 이 게임 그래픽으로 토탈워나 삼국지에 쓰워지는 모드 제작됬으면 좋겠다.",게임
qbviwKfpa4o,인디게임리뷰 - 영원의던전 이야기,겜터TV,이게 재밋나요?,게임
1ZT2lKL73VI,"[게임리뷰] 끝모를 밤에 맞서 싸우는 어느 야경단원의 마을 수호기, 비질: 가장 긴 밤(Vigil: The Longest Night) 리뷰",아르파,리뷰 좋네요 잘보고 갑니다 ㅎ ||| 저두 이게임 분위기는 정말 딱 제스타일이었는데 그외의것들이 아쉬운게 너무 많았어요ㅠ.ㅠ ||| 생각보다 재미있음 ||| 엔피시 이름 ?  블본에선 대화시에도 안 뜬다 ㅋㅋ 이정도면 친절한 것 ||| 진짜 npc이름이라도 맵에 표시해줬어야지.. 지나치게 불친절한데다 페이즈 넘어가면서 퀘스트 수행 불가능해지는 부분까지 큰 단점 중 하나같더라고요. 클리어하느라 고생했네요..,게임
2U9NT4BtarI,인디게임리뷰 - 데빌아레나,겜터TV,,게임
hra8IZ3g-C8,KAIST 국가미래전략 특강 - 사회혁신으로 가는 기술혁신 1/2 :  이승규 KISTEP 센터장,카이스트미래전략대학원정기토론회,"15:00 사회문제란? [해결]이 특강에서 가장 중요 핵심인데 그냥 넘어가내요 자신이 없나요? ""영향력 있는 집단을 통한 문제규정 집단행동을 통해 해결 가능"" 정확하게 봤습니다. 그럼 영향력 있는 집단은 누굴까요? 전 알고 있는데 모르시나요?",과학과 기술
7yPTst3eRy0,코로나19 이후 뜰것 같은 과학기술 [과학신세계],과학기술정보통신부,인간증강기술로 코로나에 어떤도움을 줄수 있을것같나요?? ||| 헵반님 팬이에요!!! ||| 1:42 무서워여... ||| 야아아ㅏ아ㅏ 오아아아ㅏㅏㅏ 우아아아ㅏㅇ 이이야앙야ㅏ아ㅏㅏㅏㅏㅏㅏ아앙으ㅏ아아앙 혭반님 넘 지적이고 예쁘고 재밌고 목소리 좋아여 ㅎㅎㅎ ||| 제가 지금 일본에서 논문을 쓰고있는데 너무어려워요ㅜㅜ,과학과 기술
g3FqKXfOKmQ,"[Oh-KEIT!] 2020년 기술혁신전문펀드 투자연계를 위한 IR 참여기업 공개모집! | ""민간펀드로 R&D 혁신을!""",[Oh-KEIT!]  한국산업기술기획평가원,기술혁신전문펀드 투자추천 희망기업 수요조사 공고 바로가기 ▶▶▶ https://itech.keit.re.kr/index.do#detail|02010200|/bsnsancm/retrieveSbjtPlnnAncmDetail.do|.sub_con|sbjtPlnnYy=&rcveSe=&plnnAncmTpSe=&sbjtPlnnAncmTlNm=&pageIndex=1&sbjtPlnnAncmId=000192&|snsShare,과학과 기술
E0Ef3RB-Nlw,[2020 X-STEM]홍성주 - 과학기술정책에 대해 알아보자,HelloDD,너무 좋아요,과학과 기술
wqNgbnA4QVE,지역과학기술혁신추진방향 KISTEP 변순천 본부장,한국과학기술단체총연합회,,과학과 기술
egS0KtxekqI,"한국, 과학기술혁신역량 OECD 국가 중 7위 / YTN 사이언스",YTN 사이언스 투데이,,과학과 기술
tUuLyhukblg,[발제2] 433회 과학기술정책포럼 -  포스트 코로나 시대 글로벌 과학기술협력은 어떻게 변화해야 하는가?,STEPI TV,좋은 발표 감사합니다. 많이 배우고 갑니다.,과학과 기술
LEm5-9sedpU,코로나 후 뉴노멀 시대와 대전 과학기술혁신_148회 대덕과학포럼,대전과총,,과학과 기술
L4G5PJ_RZYY,2020 우리를 놀라게 할 미래 과학 기술 [#다큐S프라임] / YTN 사이언스,YTN 사이언스,수연쌤 진짜 수업 날로먹으시는데 어디 말할 데가 없네요..?ㅋㅋ 교과서는 알아서 공부하는 거고 첫날부터 의미없이 수행만 하니.. 내가 왜 사문탐을 골랐을까.. 차라리 세계사가 이것보다 훨씬 재미있었겠다 ㄹㅇ ||| 기술 수업으로 왔는데 47분...이거 보고 감상문을 쓰라네 ||| 아무도 이영상을 검색해서 들어오지 않았다네 ||| 광고 진짜 뭔데 ㅋㅋㅋㅋㅋㅋ ||| 왜 내가 수업으로 고성능 키덜트들 욕망을 듣고 있어야 하지,과학과 기술
e85fwkflpGQ,[중소기업 기술혁신대전] ITS2020 개막식,중소벤처기업부,,과학과 기술
pSKFEmXvQP0,소셜벤처와 기술혁신사례,사이언스프렌즈,,과학과 기술
CyUjgk3aQsg,[전체영상]  제436회 STEPI 과학기술정책포럼 - 데이터기반 국가 연구개발 관리 혁신 방안,STEPI TV,,과학과 기술
LsCScBlRLXM,"[Oh-KEIT!] 기업 연구개발 투자, '기술혁신전문펀드'가 함께합니다",[Oh-KEIT!]  한국산업기술기획평가원,아.... 뭔가 어려워 보이지만.... 부디 이 펀드로 중소기업들 숨통 트이길 기대.....,과학과 기술
_77ysQuVA9U,[발제1] 2020 STEPI 국제심포지엄 “위기상황 속의 과학기술혁신정책과 기회 (Dr. Alessandra Colecchia (OECD))”,STEPI TV,,과학과 기술
603dlyYW_6Y,"한국과학기술한림원, 차세대 회원 34명 선출 / YTN 사이언스",YTN 사이언스 투데이,,과학과 기술
fQceV45u3aw,"[제1회 내 삶을 바꾸는 과학기술 정례 토론회] 연구성과의 국민 체감, 어떻게 혁신할 것인가?",과학기술정보통신부,유투브가 컨텐츠 영상을 다룬다면 모든 참가자분들과 함께 고민해야 할 전 분야의 그룹분들이 비대면으로 서로의 의견을 토론하는 영상방식의 찬성ㆍ반대ㆍ덧붙임등등 만다라구조같은 큰 타이틀에서 세분화 되게 영상토론이 갈라지게 새로운 과학튜브를 어플로 만드셔서 참여자들이 토론을 하는 영상으로 각자의 시야도 넓히고 혁신도 함께 바꾸어갈수있는  참여자의 영상 컨텐츠가 자신의 소득이 될수있도록 유투브 소득분배처럼 토론영상을 비대면으로 얼굴 안붉히고 편하게 자신의 소견을 이야기 할수있는 컨텐츠어플을 만들면 어떨까용? ㅡㅡㅡㅡㅡㅡㅡㅡㅡㅡㅡㅡㅡㅡㅡ 함께 고민하며 국민과 융합해서 나아가는 기술개발이  되야하지 않을까용? ||| 제발 아무것도 하지마라~,과학과 기술
JI0EduUgxEM,최신 IT기술이 적용된 물류현장으로 GO GO~,LG CNS,이야~ 택배 차량에도 바로 저렇게 실렸으면 좋겠네요.,과학과 기술
4DVBLSXPjY4,갤럭시노트20 새로운 기술정보 유출 | 오늘의 IT 뉴스 (2020년 5월 15일) | 시너지플라워 | CynergyFlower,이쿠조 ITkuzo,하루하루 매일 빠른 IT소식을 전해드립니다. 구독과 좋아요는 영상제작에 큰 힘이 됩니다. ||| 영상이 더깔끔해진거같아요 ||| 충전단자 없앤 아이폰... 기대됩니다. 이번에도 애플이 먼저 출시해서 시장을 이끌어가는 건가요. 안드로이드 진영에서 엄청 따라가겠군요 :) ||| 무슨 학교숙제 과제발표하는거같네,과학과 기술
78n8bbvI7ks,"배민 수수료 논란 정리 | 테크트리 - IT 뉴스 [온라인 개학, 배달의 민족, 타다, h캡챠 등]",코딩하는거니,"지자체 배달 앱을 만들겠다...취지는 알겠으나 세금 공중분해 되는 소리가 들리네요...ㅎㅎ 분명 외주줘서 만들텐데 서비스 퀄리티가 사용자들이 편하게 사용할 수 있을 만큼 나올 수 있을까요?? 그 돈으로 국민들이 자주사용하는 공공기관 사이트들 부터 개선했으면 좋겠네요.... ||| 이런 콘텐츠 너무 좋아요!! 요즘 돌아가는 일을 쉽게 알려주시니까 도움 많이 되는 것 같습니다!! ||| 아주 좋은 컨텐츠라고 생각합니다 앞으로도 계속 했으면 좋겠습니다 화이팅! ||| 이런 영상 너무 좋아요! ||| 이번에 너무 의도적인 배민 죽이기 보이더라구요. 아니나 다를까 갑자기 지역형 배달앱 같은 웃기지도 않은 소리가 나오고  한국에서 O2O 서비스 스타트업은 거품이다 가망없다는 편견을 깨고 성공한 배달의 민족마저 죽으면 이제 이쪽으로 누가 할까요? 배달의민족에서 이번에 올린 수수료가 요기요나 쿠팡이츠 기본수수료 보다도 수수료가 낮은데도 오직 배달의민족만 욕먹은점 배달의민족으로 누리고 있는 많은 서비스(식부자재 저렴하게 구매, 배민라이더스, 등록만으로 사용자 수백만명에게 홍보됨, 빠른결제, 전화안받아서 주문접수가능한점, 리뷰서비스 등등등)는 하나도 언급안하는점 코로나로 모두 힘들때에 수수료를 올렸다? 는 핑계로 그냥 나는 양호한품질의 o2o서비스를 누리고싶지만 돈 더내기 싫다는 '을질'로 보입니다. 애초에 배달앱이 강제로 등록해서 등록하는것도 아니고 식당에서 자신의 의지로 자신의 계산하에 수익면을 계산해서 등록하는건데 그것도 제대로 생각못하고 등록한거면 그건 그 사람이 장사할 머리가 안되는 멍청이가 돈 쉽게벌려고 하는 발악질이라 생각합니다. 지역별 공공앱 웃기지도 않습니다. 지역마다 초기 개발비용 3억정도 나가겠죠,  그리고 매년 유지관리비용으로 1~2억씩 고정으로 나가겠죠 그럼 해결되나? 주문만 받으면 뭐해요 배달이랑 연계는요? 다양한 결제 서비스 제공은요? 지역지자체에서 각종카드, 페이 서비스 결제를 지원할까요?  지역형 배달앱 나온뒤의 미래가 보입니다. 지금부터 1~2년 사이 많이 나오면 처음에는 뭐 홍보니 뭐니 해서 사람들 관심삼아 들어가보니만 등록된 업체는 없어서 사람들 삭제하고 등록된 업체 있어서 주문했는데 오류발생하고 주문제대로 안되고 결제하려고 하니 v3 설치해야하고 설치한 뒤에 결제는 됬는데 사용자측에 제대로 주문안들어가서 전화를 거니까 전화는 또 안받고 유지보수 업체에서 서비스 인원 아끼려고 2명만 고용해서 전화도 안되겠죠  세금은 몇억씩 꾸준히 나오면서 양질의 품질의 서비스는 제공못하고 사용자들은 편의성없는 앱을 이용할 이유도 없고 할인이상의 혜택도 없는데 이용할 이유도 없죠 지금 현재 나와있는 공공앱 수준을 보면 지역 배달앱 ㅎㅎ..? 웃기지도 않습니다.",과학과 기술
bpEhzOzu3Y0,[스마트라이프] 신종 코로나 바이러스에 대응하는 IT 기술 / YTN 사이언스,YTN 사이언스 투데이,,과학과 기술
wXtnj5CpOxg,갤럭시폴드2 새로운 디자인 유출 | 오늘의 IT 뉴스 (2020년 6월 25일),이쿠조 ITkuzo,하루하루 매일 빠른 IT소식을 전해드립니다. 구독과 좋아요는 영상제작에 큰 힘이 됩니다.,과학과 기술
kRgQJXWdwlA,역대급 카메라? 애플 아이폰12 새로운 정보 | 오늘의 IT 뉴스 (2020년 3월 13일) | 시너지플라워 | CynergyFlower,이쿠조 ITkuzo,오늘도 시청해주셔서 감사합니다. 구독과 좋아요는 영상 제작에 큰 힘이 됩니다. ||| 애플 아이폰 3D 카메라 내장 이야기는 벌써 몇년간 줄기차게 소문만 나오고 출시는 안되네요. 떡밥의 천재 애플이라고 해야 하나... ㅎㅎ 그리고 LG V60 씽큐는 미국서만 출시하고 국내 출시는 안하니 그게 좀 아쉽네요. 삼성이랑 붙는게 부담이 됐나요... ^^;;; 좋은 정보 고맙습니다~,과학과 기술
9fAQZBAQZDA,갤럭시S20 FE - 사은품은 갤럭시핏2 | 오늘의 IT 뉴스 (2020년 9월 22일),이쿠조 ITkuzo,저렇게 저렴한데 사은품까지.. ||| 사전예약은 언제부터 해서 언제 끝나나요?? ||| 사전예약 않해도 사은품 잇어용? ||| 갤탭 a7은 정품 북커버 같은건 없겟죵???,과학과 기술
ar7XHn1l4Iw,갤럭시노트20 새로운 스펙 및 출시정보 | 오늘의 IT 뉴스 (2020년 4월 29일) | 시너지플라워 | CynergyFlower,이쿠조 ITkuzo,"[스마트폰] ▶ 삼성전자 00:21 하반기 전략폰 '갤럭시노트20' 성능 개선된 엑시노스 992 SoC 탑재 루머 01:40 삼성전자, '갤럭시 폴드2·노트20' 예정대로 출시 02:51 화이트 색상 '갤럭시S20 울트라' 중국 출시 임박.. 렌더링 유출 03:29 '갤럭시S20 울트라' 이번엔 디자인 결함? 후면 카메라 글래스 깨짐 현상 04:29 삼성전자, 갤럭시S·A 시리즈에 中 BOE OLED 패널 탑재 가능성  ▶ 애플 05:29 애플 '아이폰12' 일부 모델 초음파 지문 스캐너 탑재 가능성 06:41 2세대 아이폰SE, 알림에서 '햅틱 터치' 미지원 논란  ▶ 샤오미 07:40 샤오미, '미 노트10 라이트' 4월 30일 공식 발표?     오늘도 시청해주셔서 감사합니다. 구독과 좋아요는 영상 제작에 큰 힘이 됩니다. ||| 좋은 정보 감사합니다. 많이 배워가요! ||| 아... 삼성 갤럭시s21에 BOE 패널 쓸수도 있나요... 삼성은 목적달성을 위해 수단 방법 안가리니 가능하기도 하겠지만... 참 애매하네요. 스냅드래곤이야 워낙 유명하고 성능 좋으니 그렇다 쳐도... BOE는 전세계 최대 디스플레이 제조업체인건 알지만... ||| 노트 20 출시되면 폰 바꿀 예정인데 기대되네요 ~ 특히 카메라 성능은 어느정도일지... ||| 어떻게 카메라만 깨지지? 본인들이 돌로 친거 아닌가?",과학과 기술
YucUeWvJr6k,LG 윙(Wing) - 118만원 | 오늘의 IT 뉴스 (2020년 8월 31일),이쿠조 ITkuzo,LG의 또다른 새 도전.. 시장에서 어떤 반응을 보일지 기대됩니다. ||| 잘 만드셨는데 댓글이 없네ㅠㅠ 진짜 잘만드셨어요! 구독이랑 좋아요 누르고 갈게요!!! ||| 좋은정보 잘보고 갑니다 그런데 lg윙 120만원 맞는 정보인가요?? 저 정도면 승산이 있을듯 싶은데요 워낙 노트20 카툭튀로 까이는 상황이라...,과학과 기술
sguUcCQYf1k,[CES 2020] 올해 IT 트렌드 5분 정리!,삼평동연구소,볼때마다 느끼는데 내용도 좋지만 편집이 진짜 깔끔한 것 같아요!! ||| 음식을 출력해먹으면 무슨 맛일까요..? ||| 대신 일하러가는 휴머노이드 나왓으면...ㅠ,과학과 기술
3Minj8I7Xoo,갤럭시노트20 플러스는 베젤없는 디자인 | 오늘의 IT 뉴스 (2020년 6월 2일) | 시너지플라워 | CynergyFlower,이쿠조 ITkuzo,하루하루 매일 빠른 IT소식을 전해드립니다. 구독과 좋아요는 영상제작에 큰 힘이 됩니다. ||| 좋은영상 감사합니다 ||| 아이폰11프로맥스 쓰는데 노트20플러스 기다리고있어요 언넝 나왔으면 좋겟어요 좋은 정보감사합니다 ||| 좋은 영상 감사합니다 제가 지금 s7 엣지 쓰고있는데 s20+를 살까요 아니면 존버했다가 노트20을 살까요? 노트20플은 너무커서 부담스러울것같아서요.. ||| 색상은뭐뭐있나요,과학과 기술
yglHoVRqevQ,드디어 안드로이드 에어드롭 출시! 갤럭시노트20 울트라에서 만난 구글 Nearby Share! 사용 밥법은? [4K],이퓨 IFFU,아이폰 없을 때 다른 지인들이 에어드랍 켜! 하면서 파일 주고 받는 게 그렇게 부러울 수가 없었는데 ㅋㅋㅋㅋㅋ 훨씬 편해진것 같아요 ㅎ ||| 이 기능이 뭔지 첨 알았네요ㅎ 잘만 사용하면 꽤 편리한 기능이군요 감사합니다^^ ||| 오 Nearby share 기능 아주 유용하네요 안드로이드 기기들의 공유 넘 좋네요 ||| 좋은 영상 감사합니다👏좋은 저녁 되세요~^^ ||| 오늘도! 수고하셨습니다! ^^,과학과 기술
ml7ier8Cq4w,갤럭시S21 - 엄청난 성능 | 오늘의 IT 뉴스 (2020년 9월 1일),이쿠조 ITkuzo,과연 갤럭시S21이 아니라면 어떤 제품이 최초 탑재될까요? ||| 그런데 언더 디스플레이는 언제쯤 적용 될까요? 재일 궁금합니다  예상으로 말씀해 주새요  S21에 들어 갈까요? 언더 디스플레이가 들어가면 100% 화면이 들어갈까요?  갤럭시 s23 에서도 갤럭시 s23 갤럭시 s23+ 갤럭시 s23 울트라 이렇게 나올까요? 예상 으로 말씀해 주새요  갤럭시 s23 울트라가 최상급 모텔 인가요? 샛중에 말이에요 예상 대로 말씀해 주새요   갤럭시 s23 s23+ s23 울트라 화면 크기 어떻게 나올까요? 예상 대로 말씀해 주새요  7인치 나올까요?  카메라는 몇개 들어갈까요? 예상 대로 말씀해 주새요   카메라 샌서 크기 는 어느정도 커질까요? 예상대로 말씀해 주새요   화소수는 어느정도 일까요? 한 2억화소 정도 들어갈까요? 예상 대로 말씀해 주새요   다른 기타 스팩은 어떻게 나올까요? 예상 대로 말씀해 주새요  그리고 5G 가 s23 울트라 정도 되면 안정화 될까요?  6G 가 나온다던데 s23 울트라 정도 되면 상용화 가 될까요? S팬두 S23 울트라에 들어갈까요?  저는 S20 울트라 쓰고 있는데 나중에 S23 울트라로 바꾸려고요  너무 빠른편 이기는 하지만요   답장 부탁드립니다 ||| 탭 A7 2020에 s펜은 안들어가겟죠.??,과학과 기술
Grgfwu9KMlc,2020년 7월 26일 IT뉴스 클립 | 1000년 가는 코드 만들기. 깃허브 북극에 코드 보관 | 이주의 발전을 소개합니다,자가발전,,과학과 기술
hmuFfWvDj6c,갤럭시Z 플립 골드색상 출시 | 오늘의 IT 뉴스 (2020년 3월 20일) | 시너지플라워 | CynergyFlower,이쿠조 ITkuzo,오늘도 시청해주셔서 감사합니다. 구독과 좋아요는 영상 제작에 큰 힘이 됩니다.,과학과 기술
7NKeT_1ELzc,갤럭시S21 중국산 OLED 탑재 루머 | 오늘의 IT 뉴스 (2020년 5월 21일) | 시너지플라워 | CynergyFlower,이쿠조 ITkuzo,하루하루 매일 빠른 IT소식을 전해드립니다. 구독과 좋아요는 영상제작에 큰 힘이 됩니다. ||| 예전부터 삼성은 이기기 위해서는 수단 방법을 안가렸습니다. 하나 예를들면 모니터도 LG는 자존심 때문에 중국 패널을 안썼지만 삼성은 예전부터 자사 모니터에 중국에 패널을 써서 가격을 낮췄습니다. 결국 엘지는 요즘들어 자사 모니터에 중국 패널을 넣어서 가격을 낮춘 제품들을 출시하고 있습니다. 삼성이 스마트폰 시장에서 1등 하는 이유가 아닐까 싶습니다.,과학과 기술
3Wv6D0e8Vmg,갤럭시S21 새로운 정보 | 오늘의 IT 뉴스 (2020년 4월 10일) | 시너지플라워 | CynergyFlower,이쿠조 ITkuzo,오늘도 시청해주셔서 감사합니다. 구독과 좋아요는 영상 제작에 큰 힘이 됩니다. ||| 정말 멋진제품이네요. 저도 꼭 사고 싶어지네요. ~~ 종종와서 좋아요 댓글 남기겠습니다. ||| 좋은정보감사합니다~ ||| 전 내년에 폴드나 사야겠어요~ ||| 핸드폰 바꿔야하는데.. 좋은정보 감사합니다,과학과 기술
PHPVli549Os,충격 그 자체.. 아이폰12 유출 루머 총정리 | 오늘의 IT 뉴스 (2020년 6월 29일),이쿠조 ITkuzo,하루하루 매일 빠른 IT소식을 전해드립니다. 구독과 좋아요는 영상제작에 큰 힘이 됩니다. ||| 좋은 소식 잘 보았습니다. 애플 비용절감의 끝은 어디인지 궁금하네요. 나중에는 아이폰까지 빼는것은 아닐지... ㅎㅎ ||| 프로 모델도 빠지나요 ||| 아이폰12맥스 기다리고있는데 제발 749달러 그대로면 좋겠네요ㅎㅎ ||| 아닠ㅋㅋㅋ이어폰 까진 어찌어찌 수용하겠는데 충전기는 아니짘ㅋㅋ,과학과 기술
U6T9GaiFZNU,갤럭시탭 S7 - 물량 매진 | 오늘의 IT 뉴스 (2020년 8월 19일),이쿠조 ITkuzo,높은 가격임에도 불구하고 전 시리즈 통틀어 최고의 인기네요! ||| 어렵다 죽겠다 하지만 살돈은 있나보네요.... 그게 접니다... 알바 열심히 하겠습니다. ||| 와 태블릿가격도 이제 ㄷㄷㄷ,과학과 기술
gRbajD-9u2k,LG 윙(Wing) - 실사 영상 유출 | 스피드 IT 뉴스 (2020년 8월 26일),이쿠조 ITkuzo,... 나와봐야 느낌이 올 것 같습니다.,과학과 기술
ZhpZ4Dmjzeo,아이폰13 역대급 카메라 탑재 | 오늘의 IT 뉴스 (2020년 5월 28일) | 시너지플라워 | CynergyFlower,이쿠조 ITkuzo,하루하루 매일 빠른 IT소식을 전해드립니다. 구독과 좋아요는 영상제작에 큰 힘이 됩니다.,과학과 기술
sbLELRnEJWc,"'저렴해진 갤럭시노트20 출고가 '119만9천원', 위클리 IT 7",앱스토리,귀에 쏙쏙 들어오는 목소리네요^^~ 좋은 소식 감사해요 ||| 좋은  소식 감사합니다. ||| 5G 안사요,과학과 기술
vJWV6jiXYl4,갤럭시노트20 새로운 디자인 정보 유출 | 오늘의 IT 뉴스 (2020년 5월 22일) | 시너지플라워 | CynergyFlower,이쿠조 ITkuzo,하루하루 매일 빠른 IT소식을 전해드립니다. 구독과 좋아요는 영상제작에 큰 힘이 됩니다.,과학과 기술
O2u0lQZoS3k,"[KES 2020] 한국전자전, 최신 전자IT 기술과 트렌드가 한자리에! 12.9~12 코엑스 C홀 개최!",한국전자전 KES,한국전자전  . 유익하고 알찬행사 감사드리며 열렬히 응원합니다.       구독  좋아요 ||| 좋은정보 감사드려요 ||| khs2746@naver.com  시청할수록 도움이 됩니다.. 다시 보고 듣고 할렵니다. ||| humanshr@gmail.com 구독 좋아요~ 늘 성원보냅니다 ~~ 함께 해요,과학과 기술
BPJ-lGzNVhU,"011,017 추억속으로.. 2G 서비스 종료, 위클리IT뉴스 7",앱스토리,알기쉽게 알려주셔서 넘나감사해요~~^^,과학과 기술
dI4v99wWNGQ,허블우주망원경이 보여준 놀라운 우주! [북툰 과학다큐],북툰,시청해주셔서 감사합니다. 영상에 오타가 있어서 정정합니다.ㅠ  00:38 Huston ---> Houston (휴스턴) 01:47 볼티모어 주 ---> 볼티모어 시  05:07 1마이크로미터=1/10000mm ---> 1/1000mm  죄송합니다. 엉엉ㅠㅠ ||| 뭔가 북툰쌤 영상들 보면 나래이션이나 영상미나 전체적으로 90년대 감성이 좀 묻어남ㅋㅋㅋ 내가 90년대 생인데 내가 살아오면서 어릴적 느꼈던? 그런 느낌들이 살짝살짝 영상에서 묻어나옴......너무좋음 ㅠㅠㅠㅠㅠㅠㅠㅠㅠㅠㅠ ||| 진짜 이 채널은 기다리는 시간이 하나도 안아까움 ||| 과기원 석사시절 광학을 전공한 사람입니다 허블망원경의 정밀도도 대단하지만 3nm 반도체 공정에 사용되는 ASML의 EUV lithography용 미러는 진짜 신이 만든 광학장비 입니다 ||| 정말 댓글을 안남길수가없는 퀄리티네요..매번 식상하지않고 참신한 과학주제로 이정도 퀄리티라니..존경스럽습니다😊,과학과 기술
O_SVmy1f2BA,[그림 과학] 핵융합이란 무엇인가?,인터스텔라,"와 핵융합 학교에서 배운 내용이 진짜 이해 안 갔는데 중수소부터 다뤄주셔서 너무 감사해요ㅜㅜ ||| 이해가 한번에 됐어요 감사합니다❤❤ ||| 깔끔한 설명, 이해하기 쉬운 그림~ 감사합니다~~ ||| 궁금했던건데.. 바로구독 ||| 고1인데 너무 좋은 지식 얻고 갑니다 감사해요 ㅠㅠ",과학과 기술
x4mZBuEOaa8,끝없이 큰 것부터 가장 작은 것까지 비교하는 '우주의 규모',침착맨,야릇한쿼크 떠올라서 오랫만에 옴 ||| 32:43 진짜 내 웃음지뢰 최근들어 이렇게 웃어본적 처음이에요 이거보고 구독함 진심 ㅜㅜㅜㅜㅜ ||| 6:16 깨래깨깽 이부분 다시보고싶어서 어떤영상이었는지 찾느라고 반년걸림 ||| 다른 스트리머들은 슥슥지나가면서 오오 크기봐하면서 쭉쭉가는데 여기 아조씨는 하나하나 설명하고 계시네 ㅋㅋㅋㅋ ||| 45:28 최애장면,과학과 기술
MRF4-BQS2gc,엘리베이터타고 우주여행 갈 수 있을까?,EBS 컬렉션 - 사이언스,"하루빨리 우주엘리베이터가 완성되어 상용화가 되는 날이 왔으면 좋겠네요!! 관련 연구진 여러분들 힘내세요!!! ||| 결론부터 말하면 불가능합니다  강직도, 지구의 자전속도를 견딜수 있는지도 미지수이고 우주공간에서 건축하는것도 현재로서는 말도 안되는일이라 아직까진 우주선이 맞습니다 ||| 자연인 성우 아녀? ||| 우주엘리베이터는 불가능 합니다. ||| 우주엘레베이터를 짓기 필요한 탄소나노튜브의 강도는 얼마인지 현재 강도는 얼마인지 - 턱없이 모자라는 걸로 아는데...",과학과 기술
8ZbRmOZeHTw,코딩과학실험 역학적에너지,미래과학교육원TV,,과학과 기술
a2ZeKA0ACEg,코딩과학실험 전기박사,미래과학교육원TV,,과학과 기술
HNqtpvrn-ko,코딩과학실험 도난 경보기,미래과학교육원TV,,과학과 기술
hmWeWZt7W9M,코딩과학실험 손전등 만들기,미래과학교육원TV,,과학과 기술
dax6eTBti2c,코딩과학실험 돼지 저금통,미래과학교육원TV,,과학과 기술
yMWtODjoA9E,코딩과학실험 춤추는발레리나,미래과학교육원TV,,과학과 기술
fxn8XfpDUS0,[과학실험] 나무 DIY 유선 왕눈이 로봇,세원과학사,,과학과 기술
0RxgAWLkGbI,코딩과학실험 신호등만들기,미래과학교육원TV,,과학과 기술
tc_BHon9uEI,[과학 실험] 새콤함이 폭발하는 레몬 화산 만들기!,을지로 지식소년,레몬으로 만들어보는 미니화산 만들기 실험 집에서 아이들과 함께 직접 실험해보고 싶어지는 최애영상이에요^^ 정보와 즐거움 두마리 토끼를 잡는 을지로 지식소년 유튜브 구독자들의 칭찬과 사랑 속에 쑥쑥 발전하길 응원할게요! ||| 제 최애영상은 레몬화산 만들기 입니다. 쉽게 접할수있는 레몬과 베이킹소다를 통해 만들어진 화산이 너무 재미있게 보였기 때문입니다 ||| 이 영상이 제 최애 영상입니다^^ 어떻 게 이런 신기한 실험을 준비했을까요?? 좋아요도 누르고 구독도 눌렀습니다. 네일도 오늘도 화이팅하세요! ||| 너무 유익하고 재미있네요~~ 꼭실험해 보겠습니다^^ ||| 레몬화산 영상 너무 멋쪄요  신비로운 과학의 세계를 세삼 느끼네요,과학과 기술
3Ge8dhkbOSA,이 세상은 시뮬레이션인가,1분과학,저를 플레이하신다면 현질좀 해주실래요? 비나이다.  앞으로 트렌드가 될 25가지 기술!! 도서 “다가온 미래” 구입하기 링크! 예스24: http://www.yes24.com/Product/Goods/95341937?OzSrank=1  교보문고: http://www.kyobobook.co.kr/product/detailViewKor.laf?ejkGb=KOR&mallGb=KOR&barcode=9791130632759&orderClick=LAG&Kc=  알라딘: https://www.aladin.co.kr/shop/wproduct.aspx?ItemId=256044262  인터파크: https://bit.ly/39kCw40 ||| 내 주인아 제발 현질좀해줘 ||| 분명 나는 서브 캐릭이야 그새기는 나에게 관심이없어 ||| 이 세상이 정말 시뮬레이션이라면..  제발 힐링게임으로 좀 업데이트 해주셨으면... 점점 아포칼립스 장르 되어가는듯. ||| 뷰너 보고 왔으면 개추 ㅋㅋ,과학과 기술
xgspESh2CB0,[과학실험] 자율 안전주행 로봇자동차,세원과학사,따른거,과학과 기술
vMl7sspCBfw,[과학실험] 나무DIY 지진경보기 만들기,세원과학사,,과학과 기술
oEzrAF4voSQ,[과학실험] 보드타는 전동 펭귄로봇 만들기,세원과학사,전혀 안되는데요,과학과 기술
aX0o_b88sHg,[과학실험] 빛반사 해바라기 만들기,세원과학사,,과학과 기술
YyTJtPyT2FA,[과학실험] 자동윈드 풍력발전 실험세트,세원과학사,,과학과 기술
3Nd8LxGg5sk,테크 유튜브 뷔티크 중대발표! 100만뷰 원조 테크요정이 돌아왔다 | 근황 토크 및 리뷰 신청 응모해 주세요,테크요정 뷔티크,아 직장인 티 팍팍내는 저 거북목 어쩔거에여 ㅠㅠㅠ눙물나네 ||| 뷔요미님  가시고 나서   솔직히 다른 리뷰 잘 안보고 있다가   나오신거 보고 다시 찾아왔습니다. ||| 요미님 머리 이쁘게 자르셨네요 ㅎ 웰컴백! 갤노트20. 리뷰도 잘봤구요  저는 그냥 갤텐5쥐폰. 쓰려고요 이폰이 명폰인거같아요  ㅎ 마지막에 보너스영상 춤 오랜만에보니 반갑네요ㅎ ||| 보너스영상 힐링입니다.  슬태식님 돌아오셨군요.  추천영상에 븨요미님 보여서 깜 놀랐습니다. 재구독 해야겠군요. 너무 반갑습니다. ||| 영미님ㅠㅠ 영미님 영상으로 갤럭시10 5g도 쓰게되었고 구독도하게 되었는데 어느순간 못봐서 너무 아쉬웠어요ㅠㅜㅠㅜㅜㅠㅜㅜㅠ이제곧 나와주신다니 나와주시는것만으로도 너무 좋아요ㅜㅜ그러니 부담느끼지 마시구 얼른보고싶네요!!,과학과 기술
XHJxP96go_o,[마이크로비트]마이크로비트 계의 오또봇!? 이족보행로봇 떴다! BIPED:BIT 미리보기! | Micro:bit,나도메이커,멋지네요! ||| 신기하네요?!!! ||| 헉 어플로도 작동 가능하다니..!!!! 대박 ||| 스키타는듯^^,과학과 기술
C_wsCfKvjUg,나도 맥가이버.Gipfel 로봇 청소기 분해,넥스플,,과학과 기술
Xh499Bw4PV4,[펜트하우스] 심수련 눈화장 스타일링,연예박사,Very beautiful woman 💕💕❤️🔥 ||| 너무 이뻐요♡♡ ||| 진짜 예뽀오오오 ||| 화장에서 심수련이랑 닮아지는게 아니에요 .. 쌩얼자체부터 예쁘고 심수련느낌 있어야 화장해도 닮죠 ... ||| 우리 아줌마 이쁘죠..,노하우/스타일
5KPbNQV-ro0,패션 스타일링!! 실패 없는 믹스앤 매치 6가지 규칙-이렇게 입으면 항상 스타일리쉬해요!😊,Likesweetmango - Beautiful & Powerful Life,"망고님 영상은 진리. 보고 또 보고. 복습은 진리. ||| 믹스 앤 매치♡ 넘넘 재미있게 봤어요!!! 망고 님 항상 감사합니다!  1. 상반되는 스타일   여성스러운 스커트 / 오버사이즈 재킷   큐트 원피스 / 라이더 재킷   블라우스 / 청바지 2. 색상   가방과 신발 색 통일   패턴 있는 옷에 숨어있는 뉴트럴 색 또 입기 3. 실루엣   핏 상의 / 와이드 하의   루즈 상의 / 타이트 하의   위 아래 루즈하게 입을 땐 상의 넣어 입기   위 아래 타이트는 부담.. 4. 헤어   풍성한 헤어 : 파인 옷, 타이트 옷   올린 머리 : 루즈한 옷, 터틀넥, 크루넥 5. 악세사리   골드/로즈골드/실버 중 같은 색으로 통일   골드는 웜톤 옷과 (크림 베이지 브라운)   실버는 쿨톤 옷과 6. 신발   하이힐은 와이드 팬츠, 와이드 스커트   단화는 스키니/배기/크롭 팬츠, 핏 스커트   신발을 먼저 정하고 의상 스타일링 :-) ||| 꿀팁 많이 얻어가요 감사합니다^^ ||| 목소리도 넘 예쁘세요~ 스타일도 멋지시구요~ ||| 영상삭제하지말아주세요 ,,,, 외출할때마다 볼거같아요 찐꿀팁 bb",노하우/스타일
HNGmqkRoCGs,2020트렌드컬러 블루컬러매칭 여름룩 스타일링 💙 _  데일리룩 개념알면 여러분도 쉽게 성공할 수 있어요!,바이도하 DOHA,블루티셔츠에 호피무늬 스커트가 눈에 밟히네요. 따라할래요 ㅎㅎ ||| 굿굿~~♡♡ ||| 얘기하는 모습이 넘~ 참해서 늘 보기 좋아요 50대후반이라 그대로 따라할순 없지만 컬러매치에 도움이 많이 된답니다  감사요!!! ||| 영상이 매일 매일 올라오면 좋겠네요~ 출근하면서 퇴근하면서 매일 볼 수 있게! 도하지 티비는 정말로 실질적인 도움이 많이 되어서 좋아요 ||| 막 화려하진않은데 엄청센스있고 각잡히진않은데 세련되고 너무좋은 코디들이에요♡♡♡♡,노하우/스타일
cZnYhuzxZis,[청담살롱그루프] 청담 살롱 스타일링을 집에서 간편하게!,HEADSPA7 헤드스파7,,노하우/스타일
0tVEsbJaG-w,#식물스타일링 #과천화훼단지 | 얘들아 돌멩이 사러가자 [유미영의 리빙라이프],미하치 리빙라이프,,노하우/스타일
TjZSUpDN4Jg,할로윈부터 연말까지 가능❄ 가성비 갑 스타일링,TVREPORT,안녕하세요 흥제작소 운영자님  <라이브챌린지> 론칭기념 당첨 메일 보낸지 10일이나 지낫는데..상품 언제쯤 오는지 알수 없을까요^^ ||| 👍🏻👍🏻👍🏻👍🏻👍🏻,노하우/스타일
Ye9gwbB8srY,드라이기 하나로 ?가지 셀프 헤어 스타일링법ㅣ똥손도 가능ㅣself hair styling,AHUNE아훈,아훈님 몰 바지 맛집이라서 여러벌 잘 입고 있습니다 ㅎㅎ 헤어스타일마저 멋짐..ㅠㅠ ||| 항상 인스타 볼 때마다 부스스한 머리 너무 맘에 들어서 첫 영상에서 소개해주실 때 부터 스타일 하는 영상 기다렸는데 드디어🥺 알려주신대로 연습해서 이쁘게 하고 다닐게요 진짜 어디에도 없는 꿀팁리뷰ㅠㅠ 감사합니다❤️ ||| 겟레디윗미도 올려주세요!! ||| 증맬루 헤어부터 남다르시네요 팬이에요 증맬루 ||| 드디어 올라왔순요!! 감사합니다 ㅠㅜ,노하우/스타일
I2bcB_DTd5E,기본이 기본이다 !! 👕베이직 코디 스타일링 !!👖 (freat.4XR) 봄 쇼핑｜ 룩북｜ 스타일링,4XR TV,,노하우/스타일
3XztqtFo2tY,맨투맨으로 코디가 다섯개🤚🏻🤚🏻| 돌려입기 | 맨투맨스타일링 | 1item 5styling | look book | 맨투맨 한가지로 돌려입기 / 데일리룩북 | 여자맨투맨코디,임쥬스,이번 영상도 완전 제 취향이염~~ 마지막 인사 영상 넘 예뽀요 내추럴한 모습~~넘나리 임쥬스님이랑 어울림~~ 갠전으로 임쥬스님은 첫번째가 젤 잘어율려욤~~~~~~~💛 담영상부터는 고화질로 보게 해쥬세용 ㅠㅠ 임쥬스님 얼굴 UHD화질로 보고파요~~~~👏🏻 ||| 저는 세번째가 맘에들어여😳🧡 모델이시라 그런지 언니(?)는 다 잘 어울리시네여ㅠㅠㅠ 예쁘면 다 언니맞져??? 헿 다음엔 깨방정 모드로 업댓해쥬스ㅔ여❤️❤️❤️❤️ ||| 꾸러기룩 넘 잘어울려요!!!ㅎㅎ 뭔들 다 잘 어울리는 임쥬스님🎀😊 오늘도 영상 잘 보고가용👍 ||| 옷이 정말 이쁘네요^^ 여친생기면 꼭 살게요 ||| 난  내여친이 블랙스커트에 맨투맨 입었으면....스타일룩 좋네요~여친 코디해주게 이런거 계속 올려주세요...제발...ㅠㅠ,노하우/스타일
xYEjh3YK-y8,여름 기본원피스 착샷/타겟에서 건진 원피스 여러가지 예쁜 스타일링 팁,지나처럼 [지나가는 이야기],"가다렸습니다 볼드한 목걸이도 멋지네요 블랙이 참 멋스러운 색인것 같아요 잘 배우고 갑니다 감사합니다 ||| 다방면으로 팁을 주셔서 흥미롭고 고마와요 ||| 좋은 목소리로 차근 차근 설명도해주시고 ‥ 젤멋쟁이 색이 검정이라죠? 검정원피스 멋집니다 처음입니다 좋아요 꾸욱 , 풀청 하고가요 샬롬 ||| 어머~가까이 게시면 당장 커피 한 잔 어떠세요?라고 물어보고 싶어요.ㅎㅎ ||| 날씬하셔서 뭘 입어도 예쁘세요~~~ 스카프를 그냥 대에충 둘러도 이쁘시공 :)  스카프로 목걸이 만드신 아이디어도 짱! 만드는 방법도 궁금해요. 찬조출연 멍멍이도 귀욤욤입니당!!",노하우/스타일
s71O3NObgGk,"샌들을 스타일링하는 방법 (버켄스탁, 닥터마틴, 발렌시아가, 비즈빔, 프라다, 나이키 acg, 스니커즈 스타일링)",GQ KOREA SNEAKERS,"초록색 버켄 그냥 봤을땐 엥 했는데 스타일링 한거 보고 오 함,, 여기가 스타일링 맛집인가여 ||| 주시원 스타일리스트님 감각적이시고 목소리도 넘 듣기 좋으세요🙈 ||| 스타일링 넘 좋아용! 꾸안꾸와 꾸꾸💕 ||| 주시원 스타일 리스트님 목소리도 말투도 너무 듣기 좋네용 ||| 다양한 샌들 멋지네요",노하우/스타일
aegXunq6OfM,#스타일링 #DIY | 동대문 종합시장 [유미영의 리빙라이프],미하치 리빙라이프,"동대문 종합상가 가보고 싶네요. 이렇게 이리 둘러봐서 헤매지 않고 다녀올 수 있을거 같아요. ||| 6,7년 전에 동대문 엄청 다녔는데 그때랑 변함이 없네요 ,, 그때 기억이라곤 쓸데없는 짓 하지 말라며 혼났던 기억이 ,, 멋있어요 실장님 🙋🏻‍♀️💜",노하우/스타일
s3DOo92zDeg,"(ENG) 미니멀룩 스타일링, 코트와 함께 스타일링해볼까요?",Cheol,"역시 미숙님 이번 룩북도 너무 좋네요... 4번룩 퀄팅베스트 매듭이 이너의 색과 구별되면서 포인트가 되는 것 같고 후드 코트와 귀엽게 잘 맞아 떨어지는 것 같아요 잘봤습니다 두 분 모두 추운 날씨 건강 조심하세용 ||| 코 ’트’, 코 ’튼’ 니 ’트’, 스커 ‘트’ , 화이’트’ 백 그녀에게 쥐어지는 합격 목걸이 ||| 미숙님 ㅜㅜ 철님 너무 팬이예요 오늘도 눈 호강하고 갑니다 엉엉 ||| 재생목록을 나눠두는 것도 좋을 것 같아요 ||| 핏도 그렇고 넘 옷 잘입으세요",노하우/스타일
oT0n4XhI4bA,[헤어꿀팁] 숏컷 스타일링 (볼륨살리는법!) 차홍룸김세미,차홍룸김세미,Beautiful ||| 넘이쁘네요 저는 남자인데 똑같이 할수있나요?,노하우/스타일
VlkaH-EwKGc,"레트로와 키치의 아이템, 집게핀으로 퀵 스타일링 하는 팁 🦋",알루프렌즈,셀프스타일링 팁까지 ^^좋아요. 최간단 잘풀리지 않는 셀프똥머리 시연도 부탁요~🙏실삔 같은거 없이 검정고무줄과 C자용 헤어비녀같은 걸로 하는데..잘하고 있는건지 전문가님의 쪽집게 가이드가 절실🙏 알림신청완료요~,노하우/스타일
1sQkEt6sIiI,에이바이봄 남자스타일링 교육현장,화이불치 수달사순,,노하우/스타일
JUuXfEq0R5Q,패션필수템 기본템인 화이트셔츠 코디 추천 스타일링 꿀팁,"TV바이각,전통과정통을바느질하다",통합링크 : https://instabio.cc/kimjuhyeon_by_kak 예약하기 : https://goo.gl/gRPPDb 온라인스토어 : https://smartstore.naver.com/bykak 공식인스타 : https://www.instagram.com/by_kak/ 문의하기 : http://pf.kakao.com/_UxoHxbT ||| 셔츠 코디법 도움되었어요 :) 다양하게 입을 수 있군요!,노하우/스타일
KM0wWr_m8AQ,여름 주얼리 트렌드 & 스타일링 대공개! (feat. 미모의 주얼리 디자이너)  // [주.읽.남] EP.1,씨알팀 CR.,"킨트쥬얼리홧팅! ||| 영상으로 직접 보니 사진으로 보는거와  완존 다르네요...이영상 굿아이디어네요!!! 스퀘어링이랑 베이직링 귀걸이, 볼드 하트팔찌좋아요~~이번에 적립금 받으면 구입해야겠어요~^^ ||| 하트스톤 귀걸이 너무 이뻐여 ||| 클로버체인팔찌랑 목걸이로 색다르게 연출하는센스에 감탄했어요ㅋㅋㅋ😆 하트장식체인팔찌도 귀엽고, 스퀘어귀걸이도 먼가멋있고 킨트너무좋아요 😍😍😍 ||| 안녕하세요👐🏻 저는 이번에 🦷치과🦷에 처음 취직한 1년차 치과위생사 입니당!! 처음 일을 하느라 너무 힘든데 항상 잘 챙겨주시는 선생님이 계세요!ㅡ! 그 선생님께서 오는 8월에 결혼을 하십니당🎉 저희 치과위생사는 직업 특성상 팔찌나 반지를 하고다니지 못해요ㅠㅠ 그래서 항상 악세서리에 대한 갈망(?)이 있는데 결혼에 여름이기까지 하니까 발찌📿를 선물해 드리려고 합니다!! 더쿼이즈 펜타 스톤발찌 저번부터 계속 선물할까 눈여겨보고 있었어요😗 킨트는 예쁘기도 예쁜데 A/S도 쉬워서 받는 사람 입장에서도 제 입장에서도 좋은 것 같아용❤️ 지난번에 구매했을때 편지지💌도 넣어주셔서 같이 적어서 드리려고 합니다 긴글 읽어주셔서 감사해요🥰",노하우/스타일
9YEJ4Ir3cuk,스타일리쉬한 티셔츠 스타일링/ 티셔츠 하나로 돌려입기 (T-shirts styling),제인버켓 Jane Bucket,다 이쁘지만 베이지바지 멋스럽게 넘 이쁘네요~😊😊 ||| 역시 디자이너는 다르네요^^옷 하나하나 디테일이며 프린트 다 이뻐요~재인님을 엄마로 둔 딸이 넘 부럽네요 재인님 딸이 되고싶어요ㅋㅋ ||| 욜~~다양한스탈일이 ~👏👏👍 그리고 포인트를주는 센스까지~다양해서 한번도전해볼만하네용~~오늘 역쉬 이쁘시구~유용한아이템 실행해봐야될듯~ㅋ 그리고 코로나조심용~~😍😍🙋‍♀️ ||| 올 돌려보고 돌려보고 넘유용한 영상에용👍👍 티셔츠 정보좀 주세용~~코디 다이뽕^^ 앗~마지막 글구 스커튼 랩핑스커트맞졍?ㅎㅎ 😂 ||| 다시 첫회부터 제인님 영상 보다가 갑자기 청자켓이 눈에 들어오는데 청자켓 총장이랑 어깨 길이 알수있을까요?,노하우/스타일
i1ubSvKsCAs,"특이한 헤어 스타일링! 쉬운 땋기머리 하는법 / 헤어스타일, 머리묶는법 / waterfall braid tutorial",Link승우쌤,간단하면서도 스타일이 고급스럽네요~ 따라해 봐야겠어요^^,노하우/스타일
JNdbOMbZatQ,#봄스타일링 #꽃시장 | 얘들아 꽃 사러 갈까? [유미영의 리빙라이프],미하치 리빙라이프,영상이 이뻐요^~^ ||| 코로나로 외출도 쉽지 않은데 덕분에 봄꽃구경 실컷 했습니다. 꽃꽂이는 어려울줄 알았는데 선생님이 알려주니 너무 쉽네요. 유용합니다.,노하우/스타일
VUrNx0EBFLI,체형에 맞는 스타일링/비지니스맨 넥타이 고르기/ 유니크패밀리,MSG,굿굿 스폰서님 뭐든 잘어울리세욤,노하우/스타일
2_7UlmOqSkA,"남자 스타일링 Wax 하나만으로 ""평범함에 특별함을""",차홍아르더 이재욱,ㅇ..어케했노,노하우/스타일
e-iitsWSc7Q,"세로영상| 스타일링 대결| 텍사스언니 김뚜혀니 X 런던언니 유진 마스덴 코디대결 |H&M, 1가지 아이템 2가지 스타일",Yujin Marsden 유진,앗 역대급 콜라보!!! 두분다 넘 좋아하는 저의 핵인싸님들....헤헤헤헤 수현님은 선다방에서부터 응원하고있다리 😘두분다 감각이 정말 👍자주 뭉쳐주세요 🥰 ||| 힙하고 유니크한 스타일 멋있네요! 스타일링이 다양해서 시간가는줄 몰랐어요! ||| 이런거 넘 재밌어요!! 짧지만 임팩트있는!! 다른분들하고도 콜라보 기대해봅니다 🥳🥳 ||| 유진언니 넘 멋있구요♥ ||| My good friend 유진님~~ 업로드됐을때 살짝 봤는데~ 다시봐도 너무 좋은영상이에요♡ 언제나 응원합니다❤,노하우/스타일
vT50FnI8QGI,카보드 #패션팁 #스타일링 #가로수길 #세로수길 #스타일리쉬 #오피스룩 #신사동  #스타일링팁 #이쁜옷가게 #의류매장 #카보드언니 #강남스타일 #정장룩 #포멀룩,ELIEZER,,노하우/스타일
0B8u3OfhuGw,[드라이 스타일링] 탑헤어_금손처럼 머리 말리는 법 ㅣ 셀프 스타일링,동인쌤 STYLE,동인샘 쉽게 가르쳐 주시네요 멋있어요~ ||| 와~~~웅 동인쌤 짱짱 ~~^^🤩🤩🤩 ||| 멋있어요 ||| 고맙습니다 공부 잘 하고갑니다 쫌만 천천히 보여주시면 감사하겠어요 ||| 귀에 쏙쏙 들어오는 영상이네요~,노하우/스타일
B1DFV1EYGjI,"기어 3 ""꼬마 루피""ㅣ초원피스 스타일링 WANTED 루피 피규어 [원피소 ONEPIECE Figure Monkey D. Luffy Gear Third]",원피소 ONEPIECE Figure Mania,0:44 뛰어가는거 귀엽닼ㅋㅋㅋ ||| 맨 마지막에 나오는 피규어는 무슨 피규어죠? ||| 모자는 ㅋㅋㅋ 거의 이불 ㅋㅋ  옷은 정산전쟁아닌가요?,노하우/스타일
ls70Jmc7NKs,여름 남녀 데님 스타일링 완/전/정/복,8초 TV,"❤20ss 스카이블루 빈티지 워싱 와이드 테님 팬츠❤ 제가 키도 작고 비율도 별로 안 좋은데 저런 긴바지 하나 있으면 길게 길게 이쁘게 볼 수 있을 것 같아서 갖고싶네요ㅠㅠ 방금 전에도 다른 에잇세컨즈 이벤트 영상 보고 왔는데 이쁜 옷들 너무 많아서 눈호강 하고 갑니다ㅎㅎ 이벤트 열어주셔서 감사합니닷💕💕 ||| 20SS 스카이 블루 하이웨이스트 스트레이트 데님 팬츠가 진아's pick중에 가장 마음에 들어요♡  하이웨이스트라 다리가 길어보이는 점과 통이 넓어서 편하게 잘 입을것 같아용~ 좋은 이벤트 감사합니다. ||| 좋아좋아  너무좋아 굿입니다 ||| 20ss 스카이블루 하이웨스트 데님 펜츠 이번에 제가 긴 방학을 이용해 살을 뺐었는데 예전에 입던 바지들이 다 커서 안예뻐보이더라구요ㅠㅠ 이번에 새로운 바지를 사야됬는데 여러 쇼핑물 찾아보다가 이 바지가 이쁘고 잘 입을 수 있을 것 같아서 한번 이벤트 신청을 해봅니당!! 이벤트 열어주셔서 넘넘 감사해요💞 에잇세컨즈 최고!!💓💓 ||| 20ss스카이블루 하이웨스트 스트레이트 데님팬츠❤️ 어떤 옷이랑 코디해도 잘어울리고, 베이직하게 입을수 있을 것같아요!!",노하우/스타일
iQH-ozxwbGM,"묶는 위치에 따라 다른 감성, 쉽고빠른 똥머리 헤어스타일링!",제이헤어티비J-hair tv,4개월전 영상인데 댓글이 다 하루전 몇시간전인거 보니 알고리즘 당첨되셨나봐요 ㅋㅋ저도 그렇게왔지만... 제가 본 모든 똥머리 팁중에 최고에요ㅠㅠ 좋아요 박고가요 ||| 내가 이때까지 한 똥머리는 그냥 진짜 똥이였구나... ||| 두상 넘나 예쁜것..한손에 폭 들어오는 두상 넘 부럽다 ||| 로우번이나 미드번할때 불편한 점은 차탈때 고개를 뒤로 못기대서 모가지 부서질것같음.....아후..생각만해도 뒷목아픔 ||| 그냥 뒷모습만 봐도 예쁘다는게 뭔지 알겠어요. 전신이 없이 뒤에서 머리만 보고도 그냥 너무 예뻐요,노하우/스타일
uhMTFym_mq0,"가성비 좋은 스니커즈를 스타일링하는 방법 (나이키, 킬빌, 아디다스, 반스, 심즈, 컨버스)",GQ KOREA SNEAKERS,셔츠와 니트베스트와 트레이닝팬츠가 다 독특한 조합처럼 느껴지는데 진한 하늘색 슈즈와 잘어울리는게 정말 신기하네요 ! 이번 영상도 잘봤습니다 ~ ||| 평소에 무난하고 심플한옷들만 좋아하는데 스타일리스트님 고급진 목소리와 전달력으로 모델분도 너무 멋있으셔서 설득되어가요!고마워요😃😃 ||| 좋은 정보 너무 감사합니다 👍🏼👍🏼 ||| 세련된 진행 멋진 제품들  기다려집니다  가성비도 좋아요^^ ||| 너무 유익하고 재밌어요!!,노하우/스타일
kx7e60nlPaY,"🍁가을 필수 아이템 풀 스커트로 스타일링하는 방법, 다 가르쳐줄게! l [20X] EP.02",푸쳐핸썸 Put Your HANDSOME,"오 각자 개성있는 스타일👍 옷 살때 유행 안따라가고 싶은데 자꾸만 손이가게되는..ㅠ 키작녀를 위한 가을,겨울 스타일링도 올려주세요..! ||| 세 번째 분 스타일이 진심 제가 입어보고 싶은 스타일이네용 ||| 숏패딩/레더재킷 예쁘네요 ||| 썸네일 코디 진심 예쁘네..",노하우/스타일
lFD2ym0PQiA,올겨울 얼죽코들을 위한 롱코트 스타일링 2편!,LFMANVMD,,노하우/스타일
3HNG8_4df4U,셀럽이 알려주는 코트 스타일링✨,TVREPORT,Firsttt ||| ㅂㄹ,노하우/스타일
muwnLl7bEeE,패딩러들을 위한 숏패딩 스타일링 1편!,LFMANVMD,,노하우/스타일
F9ys43ic9VA,✨ 블링블링✨ 귀걸이소개&어울리는 스타일링까지🌟 일석이조 영상! 다들 드루와요! CHAENA_채나,CHAENA_채나,채나님 제가 오늘 밖에 있어서 바로 못 봤네요 ㅠ 그래도 집 오자마자 바로 봤어요!! 오늘은 너무 귀여운 포인트가 많아서 다 말은 못해도 진짜 말투나 손짓 너무 심콩!!포인트가 많아요 ㅜㅜ 사랑스러운 우리 채나님💓 저는 오늘 귀걸이들 중에서 블링블링한거랑 꽃모양 귀걸이들 너무 이뻤어요! 꽃 모양 그런 거 하나도 없는데 이번 여름에 도전할게용! 그리고 뒤에!!!호텔델루나 장만월님 귀걸이!!!그거 보고 을~~매나!! 놀랬게요?! 진짜 너무 이뻐서 그 순간엔 채남님 표정이랑 똑같았어요 ㅋㅋㅋㅋㅋㅋ 그때 장만월님 옷이나 헤어 가방 악세사리 다 최고였잖아요~!! ㅎㅎㅎㅎ오늘도 좋은 영상 감사하고! 늘 건강 하시고!! 또 기다립니다 저는😉 채나님 바라기 민쭌🌻,노하우/스타일
bdw6QvqTnjY,파티는 당분간 안녕~ 그래도 멋진 스타일링은 포기할 수 없지! 댄서 선영과 펼치는 큐리티 티셔츠 스타일링 대결 [이 옷 활용법],MUSINSA MAGAZINE,"00:20 댄서 선영(@ssun_0__heart___)의 등장  00:40 역시 블랙 컬러가 최구얌!  00:58 우아함이 뚝뚝 떨어지네~   02:13 원피스와 레.이.어.드!  02:39 반짝반짝 빛나는 파티 룩 ||| 에디터님 스타일링이 너무 상큼하고 기여워,,, ||| 에디터님 셔츠의 과일만큼이나 넘나 상큼한것🍊 ||| 에디터님 쏘 러블리 ㅠㅠ.. 혹시 입고 계신 오렌지 셔츠 정보 알 수 있을까요~ ||| 다영 에디터님! 부츠가 너무 예뻐요🥰 실례가 안된다면 부츠정보 얻을 수 있을까요?",노하우/스타일
ZtnxB8ui4gI,50대 주부의 봄 스타일링!! [이번 봄에는 어떤 옷을 입을까?],미경씨 MIGYEONGSSI,재주많으시당 집도 넘이쁘게 꾸미시그 옷코디도잘하시구 ||| 브이오브이 ㅋㅋ 명랑쾌활~,노하우/스타일
fhX1M8QDM8E,"화이트 스니커즈는 이렇게 스타일링 하면 된다? (루이비통, 나이키, 에어 포스 1, 골든구스, 컨버스, 크리스찬 루부탱, 르메르, 매치스패션, 스타일링) - 신의한슈 EP.03",GQ KOREA SNEAKERS,09:23   이게 젤이뻐용!! ||| 8:48 만족스러운 표정🙂 ||| 에어 조던 1 로우 화이트도 개이뻐요ㅠㅠㅠㅠㅠㅠㅠㅠㅠㅠㅠㅠㅠ ||| 2:20 꽁트 미치겠다 ㅋㅋㅋㅋㅋㅋ ||| 역시 화이트는 스니커즈중 최고네요!!,노하우/스타일
INnhFutPjQc,이사가지 않고도 우리집 열평 넓히는 집 꾸미기 #홈스타일링 #집꾸미기 #정리정돈,우리집 정리 - 더프레젠트,오~호! 정리가 그냥정리가아니라  가족의  생애주기를  배려하는 정리 ~😊   가족동선을  생각하고 다시  정리해야겠어요 ||| 잘봤습니다 ||| 인테리어한 만족도는 한달가지만 정리정돈  문제는 사는내내 나를 행복하게도 또는 스트레스로 따라다니는것 같아요~~  좋은정보  감사합니다^^ ||| 조곤조곤 너무 설명을  잘해주시네요^^,노하우/스타일
h4S4bdG56FE,틱톡 영상 #퍼자켓 #퍼코트 #스타일링 #패션,Limoare 리모아르,,노하우/스타일
ZHtmApnLILo,[BRAND]스완 겨울신상 털자켓 퍼 코디 룩북 스타일링💗핑크두목 디자이너💗패션 브랜드💗내가 만든 옷 내가 소개,핑크두목 래이미의 쇼룸,Hi future!,노하우/스타일
YsDBwuqZbaI,"eng) 나의 5가지 앞머리 스타일링 ➰ 풀뱅, 시스루, 5:5, 펌, 여신머리 / 5 Ways to Style Your Bangs in Korean Style",안다 ANDA,"Tip🙋‍♀️ 모든 스타일링은 머리 감은 후 말릴 때부터 시작하는 게 제일 잘 됩니다!  00:57 준비물 01:04 𝐒𝐓𝐘𝐋𝐄 𝟏 [풀뱅] 02:35 𝐒𝐓𝐘𝐋𝐄 𝟐 [시스루뱅] 04:26 𝐒𝐓𝐘𝐋𝐄 𝟑 [5:5] 06:54 𝐒𝐓𝐘𝐋𝐄 𝟒 [앞머리펌] 08:30 𝐒𝐓𝐘𝐋𝐄 𝟓 [여신머리] ||| 와 진짜 예쁘세요 국보급 용안.. 무슨 머리든 잘 어울리시니 머리 세팅 하실 때마다 기분 좋으시겠어요 ㅠㅠ ||| 무슨 얼굴이 이미 보정한거 같이 생겼냐 진짜 미친 얼굴이다 너무 예뻐서 홀린듯이 들어왔네............ ||| 제가 이걸 따라하면서 모든것의 완성은 얼굴이라는걸 깨닫게 됬습니다.... ||| 난 고데기 보단 우선 저 앞머리 옆머리 자르는 법부터 시급.  앞?옆머리 막 잔머리,애교머리 자르는 법 올려주세요ㅠㅠ 저걸 따라할 머리카락부터가 없어..",노하우/스타일
imCXhhLKBfI,[루키팀] (숏컷스타일링) 난리난 숏컷 어떻게 손질해요?🤔,withbeautysalon위드뷰티살롱,,노하우/스타일
aAdFItco3jM,설마 아직도 내복으로만 입어? 흰 티셔츠 스타일링 완/전/정/복,8초 TV,넘 조곤조곤 말씀 잘하시네요~💗 ||| 우오오 w컨셉에서 봤어요!!!! 패셔니스타 연예인 스타일링 해주셨던! ||| 흰티 내복으로 입던 사람 나야나...!셋업 예뿌당,노하우/스타일
eX9iyinNu3w,[헤어디자이너]가 알려주는 남자머리왁스 스타일링 쉽게하는방법!,고울 선,갑자기 알고리즘으로떳는데 잘 봤습니당 ||| 핸드드라이로벌써완성된느낌이에요,노하우/스타일
fp6nQLdlQkg,홈스타일링 vs 인테리어! 이 영상으로 궁금증 완전 해소! 1편 [오소장의 인테리어 Q&A],무아공간,집 인테리어는 너무 신경이 많이 쓰여요 잘 보고 있습니다 ||| 책 제목 알려주세요~꼭! 읽어보고 싶습니다 ||| 오  홈스타일링 이 그런거네요  . ||| 책 소개도 좀 하시죠 ||| 홈스타일링 만도 하나요?,노하우/스타일
M0-zGPyDdaU,"트레이닝화를 스타일링하는 방법 (뉴발란스 990, 아식스, 키코 코스타디노브, 호카오네오네, 트레이닝화, 러닝화, 스니커즈, 스타일링)",GQ KOREA SNEAKERS,과감하게 스타일링 하시는게 멋지네요 역시 전문가는 다르군요 ||| 스탈리스트분 목소리에 치이고 호카오네오네~사러갑니다  귀에 쏙쏙 박히네요 ||| 와 센스 대박 ||| 두분이 많이 친해지신거 같아서 보기 좋네요 ||| 운동화 색감이나 쉐입이 튈때 옷컬러를 과감하게 매칭하기가 쉽지않은데 잘 설명해주셔서 되게 좋아요!,노하우/스타일
-T2MAfpDQb0,[가성비제품]일반제품과는 다른모양을 가지고있는 다목적가위..왜?(ft.SHINWHA),철물점TV,"신화 제품에 실망감이 많았던 사람인데 이 영상을보니 한번 저 가위사용해보고싶네요, 근데 저같은경우는 연장관리가 안되서 고장나기전에 잃어버리는경우가 더 많습니다ㅜㅜ ||| 이러다 가위점TV 되겠어요~~^^태클은 아니에요~ 매번 잼나게 잘보고 있습니다.~가 아니라~구독 누른뒤로 제가 가위를 몇개나 샀는지 몰라요~ 아놔~가성비 가위, 절삭력 좋은 가위, 나무가위,철판가위,전선가위,대만가위,일본가위,국내가위,미국가위,아프리카 가위, 그래요 다올려보세요. 쓸일도 없으니까 다 사볼꼐요.ㅎㅎㅎ농담이고요.ㅎㅎ 인상도 좋으셔서 보는 재미도 있네요~ㅎ화이팅~^^ ||| 노란색 체스코?? 가위 잘 쓰고 있습니다 ||| 안녕하세요 철물점TV님유튜브는잘보고있읍니다좋은상품많이소개를해주시는데요 장단점을잘소개해주시고 감사함니다  그런데가격대를 본인이구입하는도매가로이야기해주시는것같네요  일반소비자가 구매할려고하면터무니없는가격대로이야기하는것같네요앞으로는 소비자 일반사람들의가격대로 하여주시면감사하겠읍니다 수고하세요 좋고편리한공구소부탁드림니다 ||| 화신 곡이 아레로 향하는방향이 정답",노하우/스타일
e793iyvMgZM,현실적인 홈짐 만드는 비용 | 가성비 제품 추천 | 홈짐 정보 가격 소개,태우스토리 tae's day,"제품 리뷰 관련해서 궁금한거 있으면 물어봐주세요! 홈짐 만드는 영상은 아래 링크 확인해주세요~! https://youtu.be/7KsFElp8UmQ ||| 오오 좋은정보 감사합니다! 새해 복 많이 받으세요!! ||| 대단하시네용 저도 홈짐 차리는게(?) 꿈인데 잘보고갑니다 근데 딥스는 안하시나요? ||| 좋은 정보 감사합니다 ||| 디테일에 감사합니다~ 궁금한 점이 렉 빼고 나머지는 거의 가성비가 ""갑""인걸로 다 하신거죠? ( 왜냐면 저도 렉빼고 비슷하게 구성하려고 합니다)",노하우/스타일
ROQNQ43kOCg,샤오미 USB 가습기 제품 1만1천원대  가성비 제품인가,감놀자의 취미생활,이쁜 따님 때문에 좋아요~  ...  누름...ㅋㅋㅋ ||| ㅎㅎ 따님 볼때마다 형님 얼굴이.. 수고 많으 십니다. ||| 알뜰 정보 감사합니다 ||| 잘 봤습니다 ||| 시청과 추천 눌르고 갑니다~~~~,노하우/스타일
cTqqtpD_mV0,전기 용광로 용해로 전기로 소형 미니사이즈 [가성비제품],진상윤,제가 좋아하는 사람의 마음도 녹나요?… ||| 금속가루도  용광로 에서  녹나요...?,노하우/스타일
zF21N0Q0K4I,대용량 인산철 파워뱅크 200만원 480A 가성비 제품,감놀자의 취미생활,욕심나는 어마어마 합니다.아주 잘봤읍니다. 감사합니다 ||| 잘 봤습니다~ 눈으로만 감상 하고 있습니다. ||| 시원시원한 평가. 늘..믿고봅니다. 최고십니다. ||| 수고 많으십니다. ||| 감놀자님의 좋은 자료정보 감사드립니다.,노하우/스타일
5lelgTK02Dk,(가성비제품) 액상 자동 정량 소분기 충진기 대용량 17L/min,진상윤,,노하우/스타일
mbVeU6AZInM,[가성비제품] 충전식 4인치 무선 체인톱 초경량 미니 전기톱,진상윤,가격이 저렴해도 쓰다보면 톱날값이 더 들어요 ||| 멋지네요  ...  가격은  ? ||| 주문은 어디서 하나요~~?? ||| 윤활유는 어떻게 넣는건지요? ||| 가위가 진짜 괜찮다,노하우/스타일
Q5SVCvs7Rak,[가성비제품소개]유리도자르고 타일도자르고 연필로도 쓸수있는 만능샤프?(ft.DEVA) Multifunctional cutting ball pen,철물점TV,"유리나 타일은 여러번 긋는게 아니고 한번만 그어야 깔끔하게 짤림 ||| diy할 때 간단한 유리커팅, 연필마크용으로 좋네요.  가격도 좋고..주말 잘 보내세요 ||| 개인 DIY하시는 분들에겐 좋은 아이템이네요    저의 입장에서는 음..철필로써는 활용도가 있어 보이긴 하네요 ||| 쓰고 있었는데 타일이나 유리까지 자를 수 있다는 사실은 오늘 알았네요👍 ||| 알찬정보 잘봤습니다!!! ㅎㅎ",노하우/스타일
81i4p1DWBEY,[스크래치 세계지도] 내방 인테리어용으로 최고 가성비 제품!! 알리익스프레스 직구 추천! [4K],오늘은 제가,고정해줘요ㅜ ||| ㅋㅋㅋㅋ 지도가작아서 아쉬워하는 부분이 아주 재미졌습니다 ㅋㅋ 특이하긴한데 확실히 좀 더 크면좋긴하겠네요ㅎㅎ ||| 와 멋져요! ||| 사이즈가 좀더 컸으면 좋겠다는 ㅋ그래도 재밌는 아이템 ㅋ ||| 기억을 되돌릴수 있는 아이템이네요 ㅋ,노하우/스타일
1DeYm9zSz-U,(가성비제품) 테이블타입 진공포장기 압축 포장기,진상윤,,노하우/스타일
1U0an3N-h5I,가성비 제품포장에 제조일자 유통기한 인쇄 날인 마킹기,진상윤,,노하우/스타일
PGaZev-1RDE,#206001# 가성비 제품 인산철500a  용량 테스트  그리고  이제 한동안  이별인가요,감놀자의 취미생활,장시간 방전에 꼼꼼한 테스트... 이해하기 편한 편집작업까지... 많은 수고에 감사드립니다~!!^^ ||| 밤밤부님 마음 어느정도 이해 합니다 몇 몇 사람들로인해 피해는 우리 모두가 받겠죠 ㅠㅠ ||| 안녕하세요. 출석이 늦었네요 . 재방이라도 끝까지 볼랍니다 ||| 좋은제품 잘 봤어요 감사합니다 ~~~ ||| 놀자님 설명 항상 궁굼하고 배울 것이 많이 있습니다 하상 감사합니다 이번에 부산 내려갈일이 있는데 연락한번 드리겠습니다 항상 건강하세요,노하우/스타일
pw6nS7pN0dU,한국에서 인기 최고 가성비 스마트워치 알리익스프레스 추천 제품 베스트 5,세이알리 해외직구,"3:36  화웨이랑 화미는 다른회사입니다  그리고, GTR2인데 영상은 GTS2영상을 섞어두셨네요  헬로우 솔라 LS05도 통화 안되는데 시계로 통화하는 영상을 넣어서 오해하기 딱 좋네요 ||| 와~~ 정말좋은 꿀팁 감사감사 ||| 5분 전은 못참지 ||| 프리티리틀L13 음악 단독 재생 가능한가요? ||| 심전도, 산소포화도, 혈압까지 되면서 알리에서 사면 34000원대라는 미친 가성비의 스마트워치 2020 M8 AI도 리뷰해주시면 안될까요?",노하우/스타일
Zi3h7J3llm4,"DC 인두기 가성비 제품15,500원~~ 정말 좋은 제품",감놀자의 취미생활,안녕하세요 출석합니다 ~~~ ||| 좋은 정보 알려주시는데...납 연기에 건강도 유의하세요. 감사합니다. ||| 오우~!! 아주좋아요 ||| 좋은제품 잘보고 갑니다.. ||| 가성비 좋네요 자주안쓰면  좋은 제품인듯해요ㅋ,노하우/스타일
wSSGOs7WlSE,"#12  알리익스프레스 아마존에서 살수있는 샤오미 가성비 제품 베스트 8 / Aliexpress Xiaomi Best products,xiaomi 10th anniversary",WangWangTV알리익스프레스,,노하우/스타일
RM17ORGbzJY,[가성비제품] 산업용 굴절 내시경카메라 조이스틱 핸디형,진상윤,가격은얼마인지 ||| 케이블이 1미터정도 밖에 안되서 활용도가 별로일 듯~,노하우/스타일
CvSkiOZ07Dk,간편한 병 음료 뚜껑 알루미늄 호일 실링기 [가성비제품],진상윤,0:00,노하우/스타일
gf-cCpQeM3I,지금까지 잘쓰고 있는 자작품/ 가성비 좋은 제품들...,꼬기공장,"1. 자동 물 뿌리기(실외기)  https://www.youtube.com/watch?v=YjvEXchUZMU  2. 곡도 만들기 https://www.youtube.com/watch?v=0nrFxSADChA  3. 물엿통 착화기 만들기 https://www.youtube.com/watch?v=5219p-UCtiw  4. 구형폰 활용, 냉장고 온도감시 cctv만들기 https://www.youtube.com/watch?v=dDV-l1Ps_3U  5. 진공기 필터교환 https://www.youtube.com/watch?v=1mEoHGeQCT0  6. 벽면 메뉴판 만들기 https://www.youtube.com/watch?v=26_uED8xtUw  7. 2만원짜리 cctv설치  https://www.youtube.com/watch?v=26_uED8xtUw ||| 와..... 오늘 장말 꿀팁들 잘보고갑니다 바뻐서 한동한 영상 못보다 오늘 꿀팁 많이보고 갑니다!!! 하하하하하 ||| 손재주가 대단하십니다^^ ||| 음식 안하셔도 하실 수 있는일이 천지네요...능력자...👍 ||| 금손이시다",노하우/스타일
FMfg4oQv7Yk,샤오미 미지아의 재미있는 가성비 제품 베스트 10,다이렉트 웨이 Direct Way,👇영상속의 제품들은 아래 링크에 잘 정리되어 있습니다.  http://directway.co.kr/category/xiaomi-mijia-best10 ||| 어머 너무 신박한 제품이 많네요. 구독하고 갑니다! ||| 목소리 너무좋아요!!!!!!!! ||| 오 좋아요!!! ||| 썸네일 모델  이름이 아시는분 댓글좀 부탁드립니다!!~,노하우/스타일
qXBLA3JL5mQ,"#11  알리익스프레스 아마존에서 살수있는 샤오미 가성비 제품 베스트 5 / Aliexpress Xiaomi Best products,xiaomi 10th anniversary",WangWangTV알리익스프레스,,노하우/스타일
cd7iMKY5lQw,"#7  알리익스프레스 아마존에서 살수있는 샤오미 가성비 제품 베스트 5/ Aliexpress Xiaomi Best products,xiaomi 10th anniversary",WangWangTV알리익스프레스,,노하우/스타일
TPKd2_Za5ow,"가성비란? 가성비 제품, 가성비 물건, 가성비 노트북 구매전 필수 시청 영상 재테크 기초 아이디어",생계형TV_돈벌레돈벌래,"반성하고 있습니다...ㅋㅋㅋ 앞으로는 자주 쓸지 안쓸지 먼저 고민하고 지를게요!!! ||| 와~~ 팩폭!!  활용빈도가 떨어지는 비싼돈주고 산 카메라가 지금도 눈앞에 보이네요 ㅎㅎ  이것저것 다 따져보고 샀는데 결국에는 스마트폰 카메라에 밀리는 현실 ^^;; ||| 안녕하세요. 평소 생각하고 있던 토픽을 꺼내어 남들이 집중해서 잘 들을수 있도록 말씀하시는 능력이 출중하신것 같습니다.  좋은 채널 알게 되어서 좋네요~ ㅎㅎ  늦은나이에 절약하는 생활을 시작했습니다. 하다보니 잼있고, 제자신이 초라해질줄 알았는데 오히려 더 마음이 편해지더라구요.  가성비에 대해 한번 더 생각하게 되었네요. 감사합니다~ ||| 설명 잘들었습니다",노하우/스타일
hVz5Kw0eVas,"#8  알리익스프레스 아마존에서 살수있는 샤오미 가성비 제품 베스트 5/ Aliexpress Xiaomi Best products,xiaomi 10th anniversary",WangWangTV알리익스프레스,,노하우/스타일
2j9SPBdmboI,유용한 아이디어 가성비 전자제품 알리익스프레스 베스트10 상품 추천 (Best10 Idea Electronic products of AliExpress) - [44],알뜰직구,3:32 안녕하세요 비노트 입니다 ||| 감사합니다 ||| 알리에서 얼마전에 구매를했는데  전화번호 변경을 어떻게해야되나요? 전화 받는게 안되서 남편번로 변경을해야되는데 어떻게해야되는지 모르겠어요ㅠㅠ ||| 짝짝짝,노하우/스타일
9qIJ37WCk40,삶의 질을 높여줄 샤오미 가성비 제품들BEST5,동네만능슈퍼,영상속에 나온 제품들을 잘 정리해 놨습니다 https://bit.ly/2Rtc4eh,노하우/스타일
uVkNIDJzeac,"#3  알리익스프레스 아마존에서 살수있는 샤오미 가성비 제품 베스트 5/ Aliexpress Xiaomi Best products,xiaomi 10th anniversary",WangWangTV알리익스프레스,,노하우/스타일
VbCOvlDORoU,[Qoo10] 샤오미 가성비 제품 추천 5가지!!,큐텐추천,,노하우/스타일
KcMWF0-cAHs,가성비 제품 충전 임팩트 렌치 드릴 드라이버,진상윤,제품이름을 말씀을 안해주시네요,노하우/스타일
PboSG3vd3f4,알리익스프레스 인기 가성비 제품 추천 베스트 6,세이알리 해외직구,,노하우/스타일
t6lq8Amd_eU,#200603# 가성비 제품 다이펑샵 무선선풍기 볼트메타 및 스위치 diy 하자,감놀자의 취미생활,오늘도 탄복하며 영상 구경합니다! 건강관리 잘하십시오! ||| 따라하기 맘은 굴뚝같지만.... 보는것만으로도 만족함니다.^^ ||| 굿~ 좋습니다 ||| 관심 있게 잘보고 있습니다.. ||| 자세한 설명 감사합니다,노하우/스타일
HDKi5ivsmRs,밤밤부 인산철 200A 가성비 제품,감놀자의 취미생활,"인산철에 대해 전혀 모르면서 60a 사용중인데감놀자님 때문에 인산철에 대해 조금식 지식이 쌓이는 것 같습니다 항상 건강하세요,,,,,,, ||| 바빠서 올만에 들렸더니  좋은 영상 많이 올리셨네요 잘보고 가고요  좋아요도 죄다 누르고 갑니다 ||| 수고하셨습니다.기다리라고하던 제품기대됩니다. ||| 매번  잘보고있습니다 ||| 바뻐서 정말 오랜만에 감놀자님 영상봤네요ㅎㅎ",노하우/스타일
4u9rZWe3tGo,여름 가성비 제품 추천 EMS미니마사지기편!,힐링팩토리,,노하우/스타일
Rb3MQuDOY40,초정밀 전자저울 0.1mg 0.0001g 가성비제품 분석저울,진상윤,,노하우/스타일
FleaXAivhng,강력한 기능을 가진 신기한 전자제품 5가지 - 가성비는 기본 #10,장박사의 구매중독,🔎영상 속 나온 제품은 아래 링크에 열심히 정리했습니다. 궁금하신 분들은 참고해 주세요!  - https://bit.ly/2YRRkAq ||| 장박사님 진짜 가성비 끝내주네요 일상생활에  필요한게 많네요  감사해요 ||| 헐 케이블.  와따.....굿굿 ||| 항상 좋은영상과 좋은제품들 감사합니다 ||| 스피디 무선 충전기 영상보고 바로 구매해서 썼는데요 배송도 하루도 안걸리고 너무 유용해요! 무조건 구매하시길 ! 감사합니당,노하우/스타일
iZeKNUjPZyA,#동계캠핑#가성비제품#차박캠핑               초보분들께 권하는 동계용품/비싼것 필요없어요 가성비좋은제품소개!!/2년동안 잘써온 장비들../극동계도 두려워하지마세요!!,car camping클린마캠,안녕하세요 마캠입니다^^ 이번영상은 차박에 입문하시는 캠퍼분들에게 동계캠핑에 가성비좋은 용품4가지를 소개드리는 영상입니다  비싼제품도 좋은게 많지만 큰돈들이지않고 충분히 따뜻하게 쓸수있는 차박캠핑의 필수용품입니다. ||| 영상 잘 보구가요~ ||| 커텐소개도부탁드려여 ||| 난로 그 난로  열을 이용한 온수매트돌리면 난방에 전기는 거의 필요 없죠 어차피 가습효과를 위해 난로위에 물주전자 올리잖아요 이 조합이나 무시동히터 흡기열 혹은 배기열을 이용한 온수매트 조합이 가성비 극강인것 같습니다 ||| 잘보고 갑니다,노하우/스타일
UBL61eXNsWE,[다시보기] 👑가성비 킹만 소개한다👑 중소기업 제품 언박싱 특집! 펄-럭 공룡알부터 아로마파쓰까지!! | [의리뷰 EP.6],tvN D VAVA,조나 머쪄여 행님 ||| 시즌2 해주세요 ||| 영지 잘 받아주네 ㅋㅋㅋㅋㅋ ||| 그리웠슴돠 ||| 허영보성 으리!,노하우/스타일
-jU6SOQFWe0,C-Type BOYA-BY-M3 핀마이크 제품 리뷰(가성비 개꿀),오구리,화려한 랩스킬 때문에 음질 차이를 가늠할수가 없네요 ||| 잘 봤습니다ㅡ ㅎ췍췍 재밌었습니다! ||| 영상 잘 봤습니다. 궁금한게 있어 여쭤봅니다. 녹음후에 컴터에서 노이즈제거 하신건가요? ||| 이 제품은 DSLR이나 비디오카메라에는 사용 못하지요??,노하우/스타일
R3me73o8pzA,#200910# KARKHAY  고압세척기   가성비 제품인가  저는 절대 비추천합니다,감놀자의 취미생활,저도 구매 후 얼마 되지 않아 고장이 났습니다. 그것도 두 번이나 결과 적으로 a/s 받았지만 여러 가지로 짜증 나고 마음에 들지 않아 비추천 드리네요 유튜브 하시는 분이 추천해서 구매했는데 속상하네요 나름 구독자였고 시청도 많이 했는데 .. 이 영상을 미리 봤으면 구매를 안 했을 텐데 말이죠. 벌써 2년 다 돼가네요^^ ||| 자세한 설명 감사합니다 ~~~ ||| 감사합니다 제이디가든꺼랑 이거랑 둘중 뭘살까 고민했는데 결정하는데 큰도움이됫습니다 ||| 일요일에도 수고 많으십니다~!!^^ 이제 몸은 완전히 회복 되신 듯...ㅎ ||| 참고하겠습니다. 좋은 정보 감사합니다.,노하우/스타일
d7G9Y8NPJHY,유압식 케이블절단기 커터 캇타 가성비제품,진상윤,,노하우/스타일
ElhIINeKIi4,"옷, 코디를 이렇게 소개가 가능하다고?...🧥",코디_균,,노하우/스타일
l_VwiTw2g6M,"남자가 좋아하는 '여자 옷 코디' 스타일링, 메이크업 이걸 신경써야 해요",김유신,"ㄷㄷ 네 언니.. ||| 누나 10명과 살았거나 소개팅 100명을 했나보다..... ||| 이사람 여자임 그냥 일단 여자임 ||| 진짜 이런거 궁금해 하는 여자분들이 있어서 만드셨을거라고 생각하지만,  남자분들^^..여자들이 가꾸는거 반에 반만큼만이라도 관리했으면;;제발요;; ||| 스틸레토는 근데.. 진짜 빡시게 꾸민 느낌이에요ㅋㅋㅋㅋㅋㅋㅋㅋ1도 안무난함....",노하우/스타일
UFNCD6otALU,"그레이 컬러 코디 | 회색 옷 많으면 꼭 보기! | 그레이에도 웜톤, 쿨톤이 있다?! | 컬러리스트 자격증 보유한 디자이너가 설명 | 옷 잘입는 법 | 겨울코디",패션디자이너 힙토리,우와 진짜 이해쏙쏙가요!! 감사합니다 블랙이랑 베이지/카멜 코디도 부탁드려요!! -겨울에는 아무래도 블랙옷이 많은데 저승사자 같지 않게 입는방법 -베이지나 카멜 톤온톤으로 매치할때 세련되게 연출하는 방법 궁금합니다!!! ||| 깔끔한 고퀄리티 영상이 전문가다운 명작입니다! 막연히 이상하게 느끼던 문제의 원인을 확실히 알게 되었습니다.  베이지톤과 부드럽게 어울리는 웜그레이가  나의 그레이~~~^^ ||| 희한하게 그레이컬러 옷 구매하기가 너무 어려웠어요.. 저는 웜그레이 컬러를 선택해야하는거였네요^^ 정말 많은 도움이 되었어요. 감사합니다~ 매번 차분하고 고급스러운 코디 보여주셔서 그것도 너무 감사해요^^* ||| 내가 넘 좋아하는 그레이color. 공부 열심히 했어요. 힙토리님 패션은 모두 스크린샷! 저장해서 두고두고 보고. 나의 외출복장에 많이 활용하고 있답니다. 정말 좋아요👍🙋‍♀️❤🙆‍♀️ 다정한음성이 오늘밤도 푸근하게 해주네요. 감사합니다.🙇‍♀️🤩 ||| 오 너무 신선한 주제에요!!,노하우/스타일
WbLQT9YwQBU,"남자가 좋아할 수 밖에 없는 '여자 코디 스타일링', '메이크업', '헤어' 딱 이걸 신경써야해요._part2",김유신,"안녕하세요 유댕님들 , 힘든 시기지만 잘 이겨내셨으면 좋겠습니다.  오늘 전자책을 신간 발행하게 됐습니다 :) 영상에서  모든 것을 전달하는  한계가 있다는게 아쉬웠거든요.   총 5개의 챕터로 구분을 나눠, 각 연애별로 생겨날 수 있는 고민들을 현실적으로 해결하기 위해 구성했어요.  구독자분들에게 조금 더 현실적인 도움이 되길 바랍니다 .  김유신 신간 전자책 -->>     https://dbtlstv.tistory.com/150 ||| 한예슬봐 .. 머리 초록색했다가 파란색했다가  뭔짓거릴해도 이쁘잖아.. 그냥 이쁘면 돼 ||| ㄹㅇㅋ ㅋㅋㅋㅋㅋ 자기관리 안하고 꾸미지도 않는 남자가 여자는 이게 좋아 저게 좋아 하면 우엑 하고 무시하는데 자기가 겨울쿨톤인것까지 아는 섬세한 자기관리 잘하는 훈남이 이런 말 하니까 격하게 끄덕이고 있는 나 자신..., ||| 언니 솔직히 말해 ...... 여자잖아 왜 남자 인 척 해.......... ||| 자기 관리도 안 하고 꾸밀 줄도 모르는 남자가 여자는 이런게 좋네 저런게 좋네 하면 서러웠는데 이렇게 자기관리도 잘 하시고 본인도 잘 꾸밀 줄 아시는 분이 이런 얘기 해주시니까 너무 좋은 것 같아요 ㅎㅎ",노하우/스타일
6db8jCZN6D4,오늘은 08년생이 하는 옷코디를 보여드릴게용 #08년생#겨울#옷코디#🙈,Lizzy Delmanico,08년생이 이렇게 이쁜게 실화냐.. ||| 목소리 왜케 좋으셍여 ㅠ♡ ||| 와인색 스웨터에 스커트도 예쁘지만 흰색청도 존예ㅜㅜ ||| 비율 너무너무 부럽습니당 ㅠㅠ ||| 혹시 학교갈때 코디같은것도 영상으로 만들어주실수 있나요? 궁금해요!!,노하우/스타일
of3kGMDIONY,#08년생#가을#옷#코디  08년생유자의 가을 옷코디,유자yuza,옷 너모 잘입으세요 증말..🥰💖💖 ||| 엄뭐뭐.. 이건 뭐 모델이 한분 나오시는데요?.....  왜케 날씬하시구 이뿌시대요?  비율이 모델이세요😍 이뻐요👍👍👍 ||| 완전 예쁘시네요 ㅎㅎ 전 09년생 옷 코디로 안에 보라색 가오리 핏 인 티를 입고 베이지색 멜빵 간바지를 입었어요! ||| 헐ㄹ.. 다 쟤가 좋아하는 스타일이에요!😘 저는 후두집업을 사랑한답니당(?)🤭🥰  목소리도 너무 이쁘세요!!💕 엄청 날씬하세요 부러워요오.. 혹시 제 살 가져가실래ㅇ..킁  와 마지막 그림 진짜 잘그리셨어요! 유자님 손그림 공략? 같은 그런 영상 보면서 손그림 그렸는데 진짜 잘됬어요🤭 오늘영상도 잘보고갈게요 ||| 와웅💜🔮🌌,노하우/스타일
De-wCuEq7TY,*연애혁명 왕자림* 옷 어디꺼예요!?!? 웹툰 패션 코디 따라입기! (SUB) Try On Webtoon Looks! I Wang Jarim of Love Revolution,류스펜나 (RYU'S PENNA),"바로 전 영상에서 머리 붙이기 하루 전에 요청 많던 컨텐츠 찍어봤어요🖤  재밌게 봐주세요 오늘도 고마워요🥰 + 질문 많은 부분 추가  1. 사이즈는 다 프리 제품 아니면 제일 작은 사이즈 구매합니다 2. 아디다스는 영상에서 언급했듯 공홈에 들어가시면 딱 보여요!! 크롭 후드 딱 한 제품 올라와있고 바지도 최근 업로드 일자핏 하나니까 참고해주세요. 3. 3번째 룩 상의 쇼핑몰 이름 씨앤힙  4. 4번째 ma-1 오버핏으로 나온 제품 제일 작은 사이즈 4. 4번째 룩 하의 언급한 브랜드 딤에크레스 실제 브랜드 맞고 딤에크레스 안에 딤에크레스 / 크레에딤 라인이 있습니다 (홈페이지 들어가보면 바로 보여요) 또한 바지 컬러와 비슷해서 바지에 레터링이 있다고 착각을 했는데 찢어진 부분 내부로 니삭스가 보이는 거라고 하네요!  6.마지막 룩은 에이블리 입점 샵  상의 슬로우베리/ 하의 바비블리 ||| 스피릿핑거스 그린 언니.. 제발.. 그린 언니 해주세요ㅠㅠ❤ ||| 하루만 네가 되고 싶어라는 네이버웹툰인데 메데이아나 프시케로 일주일동안 살기해주세요.!사실 웹툰에서 드레스를 계속입어서 비슷한 느낌으로 코디해주세요🖤💜ㅠ메데이아라는 캐릭터가 더 어울릴것같아요!! ||| 왕자림은 크리스마스때가 ㄹㅇ이었는데..... 찢바지에 니삭스 보이는거 거의 반했음 옷을 잘입는 편이었는데 클스마스 이후로 센스 터진 것 갘음 아니 근데 패션에 눈 뜨게 해준 게 양민진데 왕자림 그런 친구잃은 심정 말도 못함 ||| ...ㄷㄷ왕자림 보면서 류스펜나님이 꼭 입어주셨음 했던게 많았는데..이게ㅜㅜㅡㄴ이루어지다니...시험전에 본거 후회안합니다.,",노하우/스타일
vP5cQACpddw,GOST모델 박태민! 에잇세컨즈 옷 코디법! (Feat.친절한 진아씨)(유료광고),Gost TV,박태민 넘 멋지다ㅠㅠㅠㅠ 역시 탑모델..ㅠㅠㅠ ||| 역시 클라스 있는 모델! ||| 태민햄 목소리 설레노.. ||| Taemin Park ❤️😍 ||| 🌈 에잇세컨즈 영상 잘봤어요 ㅎㅎㅎ20ss 스카이 블루 슬릿 통 부츠컷 데님 팬츠 👖이뻐요!! !  아래에 단도 심심하지 않고 유니크하고 이쁜것 같아요 입어보지 않은 스타일이라 한번 입어보고 싶어서 이렇게 댓글을 남겼습니당ㅎㅎㅎㅎ데님 짱 🌈,노하우/스타일
6bTNi85qTsw,옷 잘입는 남자 패션 코디 모음집,핏더사이즈,"*핏더사이즈 영상은  지루하지않다  금방 시간 지나가는거같아서 좋다* ||| 썸네일 유튜버 바뀐줄 알고 깜놀했자넠ㅋㅋㅋㅋㅋ ||| 형 진짜 말투가 사람 놀리면 개빡칠 말투야 ㅋㅋㅋㅋㅋㅋㅋㅋㅋㅋㅋㅋㅋㅋㅋㅋㅋㅋㅋ ||| 센 척하지만 안 쌜거같아서 좋음 ||| 고시 공부 하느라 바쁘고 스트레스 받는데, 영상 올라오면 꼬박꼬박 보러 와요. 우울하다가도 보면서 웃고 있으면 기분 좋아짐. 같이 있으면 주변 사람들 참 즐겁게 해주실 듯. 앞으로도 자주 영상 올려주세요 뀻",노하우/스타일
iQ9OVVuaFa0,마른체형 코디/ 33 44사이즈도 고민이 많다고요 😭,옆집언니 최실장 stylist unnie,"살찐사람한테 살 얘기는 예민하게 굴면서 마른사람들한테 무례한 말들은 아무렇지 않게함 남 손목 끌고가서 얘 손목좀봐 이게 사람손목이냐고하는데 아무도 잘못된 행동이라고 생각하지 않음 ||| 제목 보고 최실장님 첫 멘트 듣고 바로 눈물 차올랐어요 마음을 알아주시다니.. 말라서 살좀쪄라 이런 말 너무많이 듣는것도 스트레스였거든요..ㅠㅠ ||| 골격이 좋으면 말라도 상관없는데 골격이 빈약한데 마르면......그냥 멸치로 보임.스트레스 장난아님...하 ||| 웰케 말랐냐고 물어볼때마다 스트레스.. 뚱뚱한 사람한테던, 마른 사람한테던 제발 살 이야기를 안했으면 좋겠습니다. ㅠㅠ ||| 말라서 고민이다 너무 없어보여 고민이다 하면 주번에서 다 복에 겨웠다고 나도 너처럼 말라보면 소원없겠다하지만. 마른 사람도 스트레스 엄청 받아요. 어느 순간부터는 진짜 대중탕도 안갑니다ㅡ밥은 먹고 다니냐. 나중에 아이는 어떻게 낳냐. 부러지겠다. 아우 막대기같다 등등.. 뚱뚱한 사람한테 살쪘다고 하면 실례인걸 알면서도 마른사람한테 왜 이렇게 말랐냐 하는건 실례라고 생각을 안해요.",노하우/스타일
aK8hQwwdGRQ,"10대 옷 코디! 여학생이 입기 좋은 가을 옷 후기(ft.서울스토어) 가디건, 후드 집업_하이 유리",하이 유리,"유리님 오늘도 얼굴이 빛나시네용!! 옷도 다 넘 예뻐요오ㅜㅜ❤❤ ||| 옷도 예쁘지만!!  일단! 옷걸이가 최공!! 🤩 ||| 유리님 옷들은 유리님 미모처럼 귀엽구 이뿌네엿❤️❤️🥰🥰 ||| 옷도 이쁘지만,, 유리가 더 이뻐용 ~ ❤❤❤ 저는 처음에 나온 가디건을 사고 싶어용 ~~ 고민해서 , 구매해야겠어용 !!! 이쁜 가을 옷 입고 , 행복한 가을 보내용 😊😊😊 ||| 꺅😍😍 유리 오늘도 이뻐요💚💙💜 전부 다 잘어울리네요 ㅎㅎ",노하우/스타일
qwLCFxbgOmk,"가성비 멋을 내는 남자들의 특징, 175-179cm 봄 코디",핏더사이즈,아 형은 진짜 말을 뭔가 참 하게 말해서 너무 좋아 ||| 형 다음엔 옷 읏되게 못입기 컨텐츠 어때 ||| 형 영상은 똥 싸면서 보기좋아 ||| 끝까지 봤지만 잘 입은 버전에서 내가 없는 걸 보니 읏되게 입은 버전에서 내가 나오는건가?! 긴장되는군 ||| 형 오늘 성북동에서 초밥드시는거 잘봤습니당 ㅋㅋㅋㅋ 실물이 훨 멋져요!,노하우/스타일
iWWREfN4Z08,사주로 본 나에게 맞는 옷 코디 (자막을 켜고 보세요),네이버역학로,맞아요. 수왕절 재다신약은 고가의 옷 한두벌 사서 잘 입고 다녀요. 옷도 맵시가 있는거 선호해요 ||| 축월생인데  다크색 계열들 잘맞더라구 블랙 좋아해요ㅋ ||| ㅋㅋㅋㅋ 진짜 딱 맞는 강의네요 근데 은근히 정장형 청바지도 괜찮아요 상의 자켓 하의 정장형 청바지 아니면 정장 ㅋ 정장이 최고죠 ㅋ 분홍색도 톤다운 된 칙칙한 분홍색이 어울려요 ㅋ ||| 정말딱맞는말씀이네요👍❤️,노하우/스타일
6Xn_O1XPX4E,코디 걱정 NO! 남자 옷 오늘 뭐입지 고민일때 코디북으로 쉽게 스타일링하기,히즈핏HISFIT,,노하우/스타일
3Bjyky3vuT0,여름 초등학생 패션코디! 음이유니가 여름동안 자주 입은 옷 소개하기! 밖에 못나가니 집에서 방구석 패션쇼하면서 놀아요!^^ (가족일상브이로그) │헬로음이유니,헬로음이유니Helloeum2Uni,진짜 음이랑 유니 몸매 너무이쁜듯 ㅠ 나도 저렇게 말르고 이뻤음 좋켓ㄷ.. ||| 항상 영상만 챙겨보다가 댓글 써봐요!  진짜 매일 영상 정주행 해도 안지루 할 정도로 음이유니가 정말 귀엽고 이뻐요 ❤🥺 크리에이터로 활동 하면서 즐거운 모습 보여주셔서 정말 감사합니당 !! ||| 늦게왔당 ㅠㅠ 죄송해요 그리고 고니님 목소리 너무 좋으세요 ㅎㅎ 음이 유니 옷 다 잘어울려요 ㅎㅎ 오늘도 좋은하루 돼세용❤️ ||| 오늘은 학원때메 늦었써요오 .....ㅠ 미안해요오  ....😭 음이유니는 넘 이뿌구 기여워서 다 잘어울려용!!! 음이유니 사랑하구 늘 응원할께요오!! 화이팅!! 힘든일 있으면 말해용~!! ||| 이미 얼굴이 다함!!💓💓💓,노하우/스타일
nWmzBK-jm9c,옷 싸게 팔아요❤️(설명),채히,반팔남방 사이즈 어떻해 되나용?,노하우/스타일
zvw7wc6g8DU,늘 입을옷이 없다면? 눈감고도 코디 가능한 만능 기본템,옆집언니 최실장 stylist unnie,"눈감고 고르는데 전혀 이상하지않다니,,,역대급으로 유용한 영상,,, 이게진짜 패션유튜버지,,,진짜 약간 감동,,, ||| 스파브랜드 가면 가격은 좋은데 살게없었는데 최실장님 유투브 보면서 이제는 사야할것이 보이기 시작했어요...진짜 백화점가격의 십분의 일도 안되고 너무 좋아요^^ ||| 늘 입을 옷이 없다고 생각하는데 그러고 보면 항상 기본템은 안사고 포인트되는 유니크한거만 사는거같아요ㅋㅋㅋ ||| 여름에 여자가 입을만한 오피스룩이나 깔끔한 룩 해주세요!! 꼭 바지로요😭😭 +통통한 사람 기준으로 부탁드릴게요 ||| 이거 보고... 전혀 제 스탈아닌 체크 퍼프 한번 사봅니다. 30대 후반 이런 깜찍한 옷을! 어랏 저언니도 입었네 이러면서... 다른 유투버들은 다 비싼데 여기는 살만한 가격대를 보여줘서 좋아요. 명품 안나와서 좋아요 :)",노하우/스타일
Jr35T-hT-9M,중년패션코디 옷잘입는법 여자 기본템 옷코디의 패션코디 여자 스타일링,패션 팬아시아 Fashion Pan Asia,보고또보고 또봐도 최고입니다!!!^^👏👍🙏 ||| 칼라 매치 맞아요 기본탬 중요😊 ||| 본 건데 또보고 나갑니다 ||| 선생님ㆍ감사합니다~멋지게ㆍ세련되게ㆍ색갈마춤ㆍ부티나게ㆍ영상과설명ㆍ넘넘ㆍ도움됩니다 ||| 두번째😊,노하우/스타일
LxGViMAhoPE,"(ENG) 컬러 코디 | FW 시즌 필수! 분위기 있는 컬러 “버건디, 와인”🍷| 컬러리스트 자격증 소지한 디자이너가 설명 | 겨울 코디 | 옷 잘입는 법",패션디자이너 힙토리,"아이템별, 소재패턴별. 색상별로 구분해서 가르쳐주시니 너무 이해잘되고 바로 적용해서 매칭할수 있겠어요 이런 디테일이 다른 패션유투버들과 차이점인것 같아요 올한해 덕분에 많은 도움 받았습니다 내년에도 기대할게요 건강하시고 소원성취하시길 빕니다 ||| 좋은 내용 감사합니다^^ 해피뉴이어~~ ||| 도움 많이 되었어요 그레이 카멜색이 제일 찰떡인 것 같아요 ||| 아~정말 예쁘당 완벽한 컬러조합 세련된 착장샷. 우리 힙토리님이 입어도 완전 예뻤을듯요.  2021새해에도 더욱더 번창하시고 소망하는거 다~~이루시길 바래요🙇‍♀️🥰🤗❤💕 ||| 감사합니다 ~~ 내년에도 유익한 영상  많이 올려주세요 --^^  힙토리님도 새해복많이 받으세요 -^^",노하우/스타일
pnK5V2NOYHs,초딩VS중딩 옷 쇼핑하는 유형~!! 초딩과 중딩이 고른 옷 어떻게 다를까?? (유형카메라),간니닌니 패밀리,"둘의 스타일이 확실히. 확연히 틀리네요~^^ 저렇게 쇼핑하고 몇일 후 옷장을 열며 하는 말이... 또 옷 입을거 없다!!!....그쵸?ㅎㅎㅎ ||| 제발 키키코에서 사지마세요..진짜 비싸기만 하고 재질 왜 그따구임...에이블리나 무신사 같은곳이 훨씬 괜찮아요 ㄹㅇㅜ ||| 그런 옷 흑역사..하.. ||| 간니는 이제 중학생인데 키키코같은데 말고 나이키같은 브랜드 옷이 괜찮은것 같아요ㅠㅠ무신사나 서울스토어에 이쁜옷 많아요  +댓에서 싸우셔서 놀랐네요 이글은 절대 악의로 쓴글이 아니고요 저도 키키코에서 산 옷을 너무 후회해서 쓴거예요 ||| ㅊ..창피하다고,,? 애기애기한거 좋아하는구나ㅠㅠ 졸귀........ㅠ",노하우/스타일
GFInEnuZESw,"[흰돌,빈티지하다] 짱예뿐 빈티지 옷 코디 ❣️",굴러온유지가 박흰돌빼내기,어디에 치면 나와용..?,노하우/스타일
Kx-ZyKM2Zcs,단발머리 반묶음 예쁘게하기,"차홍아르더, 정솔",여자들은 다 알텐데 집에서 대충 막 묶었을때 제일 자연스럽고 이쁘게 묶임ㅋ ||| 저걸 집에서 혼자 못한다는 게 중요하지... ||| 여러분 머리숱이 많은거는 축복입니다 전 적은 편이라 반묶음 하면 그냥 머리 짧아서 튀어나온 포니테일같아짐 ||| 중단발인데 저 방법으로 해봤더니 더 포인트가 생기고 예뻐졌어요 감사합니다~ ||| 혼자 못하는게 함정,노하우/스타일
ZLhNAaJYjGY,요청이 많았던 여름 옷코디 영상!! [쇼핑몰 '핫핑' 원브랜드 하울!] 0zoo 영주,0zoo 영주,"으헤헤 이번에도 세로코디❣️로 쇼핑몰 ""핫핑""에서 산 옷들로 코디 영상을 찍어봤습니다😜  세로 영상이다보니 자막을 줄이면 잘 보이지 않아 일부러 자막은 최소화 했어요! 착장 정보는 더보기란 확인 부탁드려요🤪❤️  옷코디는 다음 계절이 바뀔 때 또 다시 돌아올게요😜😜❤️  항상 감사해요 주주들😆❤️ ||| 엉니 옷영상이 제일 재밌어.....❤️ ||| 영주쒸,,첫번째 착장 정말너무너무 잘어울려요 ||| 0:29 병아리 영주 🍳🥚🐥🐣 2:46 검흰백블 영주 🖤🤍🖤🤍 4:39 긔여운 청영주 💙🌃🏙 5:48 아기 호랑이 영주 🐯🐯 7:24 안녕 쟈기 영주 🎾🥎🎾 8:31 포도 영주 (같은 티셔츠) 🍇🍇 8:52 티라노 영주 ☄️💥 9:06 어쒐~영주 📘💙   🎶 영주의 옷장 탐라 🎶 ||| 0:52 원래는 검정색을 사고 싶었는데 흰색을 사고 싶어서??? 귀여워용 언니 ㅋㅋㅋㅋㅋㅋㅌ",노하우/스타일
AUIn5S7dADo,"가을옷코디의 정석, 프렌치야상이 다시 돌아왔다!! 체크머플러로 감성up",스타일티바,,노하우/스타일
10IceA_nVRo,엄마가 직접 고른 쌍둥이 여름코디~ 어떤 옷이 제일 예쁜가요? ^^ 가족일상 브이로그,뚜아뚜지TV,"뚜뚜들 볼 때 마다 옷도 너무 예뻐서 뚜맘님이  패션센스가 좋다고 생각했었는데 역시 오늘도 너무 예뻐요ㅠ 저는 개인적으로 2,3번이요💕 ||| 옷도 예쁜데 뚜아뚜지가 더 예뻐요오❤️❤️ ||| 다 예뻐서 못고르겠어요ㅠㅠ 뚜아뚜지는 뭘 입어도 다 귀여울것 같네요 😍 ||| 3번 너무 이쁘다닫  전 개인적으러 3번이욧 그래도 뚜아뚜지는 뭘 입어도이쁘고 귀엽워~ 뚜아뚜지 사랑해♥♥♥♥♥♥ ||| 뚜맘님 너무 잘코디하고시는거같아요 저는2,3번이 젤이쁜것 같아요뚜아뚜진 너무귀여고 이쁘고짤떡  짱~~~~💕뚜아뚜지졸귀 넘귀여",노하우/스타일
alx-wyoWi5U,[초등학생 옷코디] 새학기 맞이 오마이걸 뉴페이스와 함께 더데이걸 매장 털고 왔어요!,오마이걸 (더데이걸),영상 잘 보고있어요 🥰 그런데 제가 더데이걸의 쥬스 틴트 빨간사과 한모금을 사려고 하는데요 😭😭 온라인에서는 안팔아서... 혹시 단종 되었나요? ㅠㅠ ||| 새로운 잇걸 다은양 너~~무 귀엽네요~🐥 ||| 잇걸 귀엽네요^^ 다음 영상도 기대할께요 ||| 옷 이쁘공 ㅎㅎ  기엽공 아기자기해용  🥰🥰😊😊 ||| 👧귀엽다 다은아~~최고다🛍,노하우/스타일
y_4qOZOUek4,"데님자켓 코디,데님코디,예쁜옷,현대백화점,백화점쇼핑,블루칼라,청바지,하객룩,데이트룩,오피스룩,캐주얼룩,코디추천,룩북,트렌드,샤틴,쥬시쥬디",♥️유매니저❤,유메니져님 더 예뻐지셨네요~~ 블라우스도 올려주세요~ ||| 크롭은 왜 판매상품이 아니라고 뜨네요?,노하우/스타일
-eaVspNv_hI,옷색깔조합 2탄 : 오렌지색 코디,현실스타일러,"구독과 좋아요는 항상 감사합니다😀 코디한 제품 정보는 아래 링크를 참고해주세요! https://cafe.naver.com/realstyler/4325 - 책 '오빠의옷빨' 네이버디매 소개 http://bit.ly/2VYXs7p 책 '오빠의옷빨' 구매 http://bit.ly/2SVJuBu ||| 다른 인플루언서들이 색 조합 조언해줄 땐 그냥 코디를 많이 봐라, (왠지는 모르겠지만) 이 아이템이 붕 뜬다 정도에서 그치는데  이렇게 스펙트럼으로 보여주시니까 눈에 잘 들어오고 쉽네요! ||| 아무것도 모르고 그냥 색깔이뻐서 산 오렌지색옷 못입고 묵혀둘뻔했는데 정말 감사합니다 ||| 와 톤온톤을 완전 쉽게 이해시켜주시네요!! 집에 오렌지 컬러 아우터가 있어서 매칭할 옷을 사볼까 했는데 도움이 많이 됐네요. ||| 와 오렌지컬러 좋아하는데 이렇게 코디하니까 예쁘네요",노하우/스타일
QKMQjGZiMEg,OOTD)가을 옷 코디 🍁🍂/ 가을룩북 16style / 많음주의🤦🏻‍♀️ / 데일리룩 /,난종티비,"영상에서 소개한 상품 정보 :  https://ably.onelink.me/vJEo/91fab1c9 헤링본니트조끼 1만1천원대 https://a-bly.com/app/goods/1237676 ||| 에이블리 영상 중에 제일 쇼핑욕구 뿜뿜하게 만든 영상이었어요👍보자마자 바로 구독 좋아요 눌렀잖아요 ㅎㅎ 하나로 다양하게 활용할 수 있는 코디 보여주셔서 더 좋았는데요~ 텅장이라 다 살 수는 없어서ㅠ 상의,하의,아우터,신발 하나씩만 사서 활용하기 좋은 아이템으로 추천 부탁드려도 될까용 😆 ||| 정말 감각있으세요. ㅎ 지금 영상들 정주행 중인데. 감각이 뛰어나세요. 많이 참고합니다. 감사해요. ||| 전부 다 찰떡같이 소화하셨네요 ㅎㅎ 코디 영상 너무 잘봤습니다 :) ||| 영상보기전 선댓글^^난종님 축하해요🎉",노하우/스타일
3CXRKE2IKmg,봄여름 간절기 블라우스 여자옷 코디 1 ~! 미센스 봄여름 간절기 룩북2탄,MESENSE,예뻐요 예뻐요 예뻐요 ~    특히 스커트들이 이쁘네요! ||| 팔뚝살 가릴수 있는 블라우스 최고예요~~^^ 바지들도 다 편해보여용. 매장가서 꼭 입어볼께요^^ ||| 와우~~~~~ 디테일한 설명과 코디착장을 보니 미센스 블라우스 다 구매하고 싶네요 다음편도 벌써 기대가 되네요 ~ 좋은 정보 잘 보고 갑니다 ^^ ||| 옷도 모델도 목소리도 예쁘시네요... 가끔 재미도 있어요! 즐거운 시간 되었어요 ~ ||| 설명이 귀에 쏙쏙 들어오네요! 블라우스들이 너무 이뻐요. 옷도 잘 보이고 옷에 대한 설명도 잘 해주셔서 도움이 많이 됩니다. 몰랐는데 미센스 옷이 이쁜게 많네요^^~~ 매장가서 한번 입어봐야겠어요~~~ 코디하기에 너무 유익한 영상입니다^^,노하우/스타일
S3lNcksZCxI,옷색깔조합 3탄 : 하늘색 코디,현실스타일러,구독과 좋아요는 항상 감사합니다😀 코디한 제품 정보는 아래 링크를 참고해주세요! https://cafe.naver.com/realstyler/4414 - 0:19 옷색조합 #3 | 하늘색 0:51 옷색조합 #3 | 하늘색 조합 방법 1:50 옷색조합 #3 | 하늘색 코디 예시 ||| 잘보고가요 ㅎㅎ! ||| 감사합니다 ㅠㅠ 코디팁올려주심 안대냐고했는데 바로 들어주시네욤! 감사합니당 ㅎㅅㅎ ||| 현실스타일님 영상은 항상 많은 도움이 되네요 ||| 와 진짜 평소 생각했던 조합 다나오네요,노하우/스타일
28VqRUOghVA,간절기 원피스 여자옷 코디~!  미센스 봄여름 간절기 룩북3탄 원피스,MESENSE,시원한 원피스 좋네요.입고 외출하면 하늘하늘 날아 다닐 것 같아요 ||| 네이비 원피스 베이지 원피스가 너무예뻐요. 제가 꼭 입고싶네요. 특히 허리가 날씬해보이고  5부 7부 소매가 너무 맘에 들어요.  오늘도 영상을 보면서 행복했습니다.^^♡ ||| 원피스 진짜 예뻐요!ㅎㅎ  그리고 시윈해보여요  미센스 사랑해요! ||| 원피스들이 모두 고급스러워요~~~^^ 종아리비만인들을 위해서 롱 원피스도 만들어 주세용.~~^^ ||| 미센스 자주 입는데 이렇게 영상으로 볼 수 있어 좋으네요 매장가서 직접 입어봐야겠어요~ 요번 씨즌 옷 다 예뻐요~,노하우/스타일
dSe-RrV20Lg,머리 작아보이는 코디방법!! [패션꿀팁],깡스타일리스트,"안녕하세요 이번 영상에서 스타일링 받은 황정연 이라고합니다. (현이 아니라 연입니다 ㅠㅠ)  카페에서 신청글 작성후 뽑히게 돼서 이번에 찾아뵙게 됐는데, 촬영 내내 편하게 해주시려고 엄청 신경써주시고 영상엔 담기지 않은 실질적인 조언도 받게 돼서 정말 좋았습니다! 영상으로 보니 너무 긴장한 티가 많이 보여서 아쉽네요 ㅠㅠ.. 깡님은 영상보다 실물이 더 잘생기셨고 편집자님도 엄청 스타일리쉬하시고 멋있으셨습니다 .... 학창시절에 친구들이 하도 대두대두 거려서 항상 콤플렉스였는데, 다른 구독자님들이 달아주신 댓글 보니 그렇게 머리 큰 것 같지 않다고 하셔서 다행이면서 영상 보실 다른 구독자님들에게 도움이 별로 안됐을까봐 걱정이네요 ㅠㅠ 깡스타일리스트님에게 민폐 끼친 것 같아 마음이 편치 않습니다..... 그래도 조금이나마 도움이 돼셨길 바라며 다시 한 번 깡님과 편집자님께 감사드리며 글을 줄이겠습니다. 감사합니다! ||| 4:12 웃으니까 훨씬 잘생기심 ||| 머리는 깡스형이 더큰데? ||| 하 저게 머리가 큰거면 나는 ㅜㅜㅜ 되게 작아보는데 ||| 이게 진짜 ""스타일리스트"" 인가..",노하우/스타일
YhHtHwc2SeA,봄여름 간절기 블라우스 여자옷 코디 2~! 미센스 봄여름 간절기 룩북2탄,MESENSE,잘봤어요 ~~~ 옷이 예쁜거 많아요 ^^ 다양한 영상 기대해 봅니다 ||| 예뻐요!~~~~ ||| 블라우스 코디 좋아요 미쎈스 매장에 들러봐야겠어요~ ||| 초여름에 입기 딱 좋은 옷이네요.입고 나가면 시원한 여름이 펼쳐질 것 같아요 ||| 첫영상보다 옷이 잘 보여서 좋아요! 예쁜 옷 잘 봤습니다!!!!~,노하우/스타일
PhKll6g6dfk,#린넨셔츠코디#여름코디#미시룩코디법#여름옷코디#40대여성코디    네추럴하게 옷입기 워킹맘코디,Joylook조이룩,,노하우/스타일
hunKMlBOO4Q,여름 린넨 아이템 여자옷 코디~! 미센스 여름 룩북 1탄 린넨1부 린넨 썸머 데일리 룩북  린넨아우터 / 린넨점퍼 / 린넨자켓,MESENSE,"설명을 나래이션으로 들으니 넘 도움이되요 ~ 미센스 썸머 데일리 코디 잘보고 가요. 린넨자켓 통바지 제 스탈이네요. ||| 여름에 입을 린넨 자켓을 찾고 있다가 유튜브를 보게 되었는데, 린넨 자켓이 예쁘네요. 설명대로 코디하기도 좋은 거 같구요. 매일 출근에 뭘 입어야 하나 고민을 하는데 영상을 보니 데일리룩을 어떻게 입어야 하는지 너무 잘 나와있어서 코디 참고하기가 좋네요. 미센스 옷 좋아하는데 이번 영상 옷들도 이쁜 거 같아요 화사하구^^ 가까운 매장으로 빨리 가봐야겠어요. ^^ ||| 옷을 입기만 해도 시원한 강과 바다에 온 듯한 느낌이 드는 여름 옷이네요. 코로나로 답답한 마음까지 쿨하게 업 시킬 수 있는 올 여름 필수 템 고마워요. ||| 탁월한 코디네요 잘보구 그대로 입어야징~ ||| 너무 잘 설명해주셔서  귀에 쏙쏙~~ 당장 구매해서 저도 이쁘게 코디해서 입고 싶네요 언제나 좋은 정보 감사~~  잘 보고 갑니다 다음 코디컷도 너무 기대됩니다 ^^",노하우/스타일
djiB649373I,"여름 데일리룩🌿👚/여름옷코디 /여름 하울 (린넨자켓,수트셋업,원피스,블라우스,티셔츠,데님,반바지 등)  여름룩북",난종티비,난종님! 여덟번째 코디에서 목걸이 정보가 너무 궁금합니다!!!!!! 이번 영상도 파스텔파스텔하고 너무 예쁘네요.... 뽐뿌작렬 😅😅 ||| 웬만하면 댓글을 잘 안다는 편인데...너무 제 지갑을 텅장으로 만드시는 탁월한 안목이 있으시네요! 선댓글 후 감상 합니당 오늘도 좋은 영상 감사합니다❣️ ||| 진짜 다 이뻐요!! 다른영상 썸네일만 봐도 취저네요ㅠㅠ 다음에 또 뵈어요!! 😍 ||| 이 언니 내 지인하구 싶다 진쨔..❤,노하우/스타일
wU-h7Ps75Lg,"1st , LookBook : 1주일 봄 옷 코디 🦋🌼 (ft.트랜디어패럴 쇼핑몰 + 옷/가방 정보)🛍 Spring DailyLook ㅣ 엣비etbi",엣비etbi,영상을 잘 만드셨네요~~~ 화이팅하세요~~~^^ ||| asmr 아닌가요? 보다가 자버렸네요,노하우/스타일
wHK38-5hIYM,"일주일 데일리룩 패션 브이로그!! 사십대 패션 스타일링, 일주일 옷코디 쉐어. 일상룩, 운동복룩, 홈패션, 외출룩에 모임룩까지 40대 오오티디 룩북!",윤여사의 Life on Moon,"깔끔한 데일리 룩 연출이 멋져요😍💕 ||| 예쁘게 사시네요. 부럽부러워요. 편안하고 행복해보이세요. 영상잘보고 갑니다. 좋은날되세요 ||| 오트밀 컬러에 같은톤의 딱붙은 바지 거기에 블루신발로 포인트 제스타일이에요 ㅎㅎ ||| 분홍색이 참 귀엽게 잘 받으시는데요, 저도 핑끄를 좋아해서 눈길이 가요❤❤ ||| 모닝티 너무 좋죵~몸이 가벼워지는 기분~^^ 하트뿅뿅 파자마도 러블리하게 잘 어울리세욤~🙋‍♀️",노하우/스타일
20XrTqUFc9o,✨디즈니 주인공✨모티브로 여름옷 코디하기!! + 메이크업까지!😎[밀크캣 룩스컬러],milkcat 밀캣 (밀크캣),🏰타임라인🏰  💛벨 코디 1:11💛 💛벨 메이크업 2:36💛  💙엘사 코디 3:05💙 💙엘사 메이크업 4:01💙  🤎포카혼타스 코디 4:40🤎 🤎포카혼타스 메이크업 5:39🤎  🖤뮬란 코디 6:30🖤 🖤뮬란 메이크업 7:29🖤  💚메리다 코디 8:13💚 💚메리다 메이크업 9:06💚 ||| 와..! 디즈니 주인공이라서 완전 드레시할줄 알았는데 오히려 캐주얼이라서 훨씬 예쁘고 찰떡인 느낌?? 오늘 포카혼타스 메이크업 너무 예뻐요...!💕💕 ||| 우왕 재밌는 방법인거같아요!!! 매일 언니처럼  컨셉 정해서 옷 입으면 기분이 새롭고 신날 것 같아요!!💕 저도 따라해봐야겠어요!!! ||| 대박...너무보는저도 즐거웠어요! 감사해요💕 그리구 로브도 영상으로 정보공유해주시면 좋겠어요! 로브스타일이 한정되있다는 저의 편견에서 벗어나게 도와주세요!🤩🤩 ||| 포카혼타스 느낌 찰떡아니냐구'-',노하우/스타일
8f391phF26c,"아픈 중년의 기분을 업시키는 편하고 밝은 옷 코디법! 가을 밝은 톤의 스커트, 티셔츠, 바지 코디~ #105",이야기옷장,참  말씀도 예쁘게 잘하시네요  영상잘보고있슴니다  몸이   아프신분  예쁜옷입으시고  건강해지시길  바랍니다 ||| 천사같은마음.과살아온경험을잘전달되어.  금방 나으실거에요.  너무나예쁜마음을가진. 옷장님. 보기좋읍니다♡♡♡♡♡♡♡ ||| 옷장님의 노고와 사랑에 감사합니다♥~ ||| 몸과 마음이 아프면 만사 귀찮아지고  무기력 해지기 마련이지요.ㅠㅠ 그럴수록 편안하면서도 밝은 옷 입으면 확실히 기분전환이 되더라구요. 멀리 계시는 편찮으신 구독자님을 배려하시는  이야기 옷장님의 따스한 마음이 느껴져서 오늘도 감동의 물결~~~^^ 요즘 우리나라 가을 하늘 참 예뻐요! 가을 바람에 코스모스는 한들한들 춤추고 빠알간 고추잠자리는 휘힝~~ 가을볕은 또 얼마나 맑고 투명한지...... 어느 것 하나 예쁘지 않은 것이 없는 가을~ 이렇게 좋은 날에...이렇게 좋은 날에 이야기 옷장님이 소개해 주신  밝고 환한 옷 입으시고 고국에 오셔서 청명한 가을 하늘 보시면 몸도 마음도 한결  가벼워질거에요. 힘내세요~~!!! 오늘도 따스한 이야기 옷장닝의 영상 보면서  저의 하루를 돌아봅니다.  이 세상은 혼자가 아닌 함께여서 더 힘이 나고 그럼에도 불구하고... 살아볼만한 참 아름다운 세상인 거 같습니다... 울 모두에게 몸도 마음도 아프지않고 아름다운 가을이기를~~~!!! ♡ ||| 옷짱남의 따뜻한 마음 말씀 너무 좋네요~ 항상 감사드립니다 () 아프신 분들 모두 완쾌하시고 건강하시고 행복하세요 ()♡,노하우/스타일
dIy82lGYf6M,"가을 여자옷 코디_미센스 가을 룩북 1탄 셋업 수트 스타일링 1부~! 구독자 이벤트_가을 셋업 수트 & 가을 오피스룩, 출근룩, 데일리룩",MESENSE,Look8☝요즘 핫한 아이템인 인조가죽 자켓을 플리츠 스커트에 매치하니 세련되고 가을에 고급스러운 착장으로 최고일 거 같아요 저는 이 스타일링이 좋았습니다!! 😊👍 ||| Look2가 예뻐요!! 보자마자 이거다 했어요!  치마도 심심하지 않고 주름 포인트에 자켓도 벨트를 이용해서 허리 라인도 잡아주고 깔끔하면서도 인상적입니다 ㅎㅎ ||| Look3번의 베이지색 수트가 제일깔끔하고 색감도 이뻐보여요 그리고 함께 차는 벨트는 라인을 살려줘서 더 예쁜거같습니다 저희 엄마 괜찮은 셋업 수트가 없어서 이벤트 한번 신청해봐요 엄마가 결혼식장 가실때마다 입는 정장 옷이 있는게 그게 산지 20년은 되가는 옷이라서 많이 헤지고 낡았거든요 제가 나중에 꼭 돈벌면 옷부터 사드려야지 생각했지만 아직은 학생이라 변변찮은 옷 사드릴 능력이 없어요.. 옷을 보는 내내 엄마가 입으시면 이스타일이 어울리겠다 저런 종류의 옷이 어울리겠다 생각하면서 보니까 너무 재밌었습니다 미센스 옷들이 정말 예쁜 커리어우먼 스타일의 옷이라 너무 맘에들고예뻤던거같아요 옷한벌한벌에 여성에 대한 이해도가 담겨져있었고 정성이 담긴 코디덕분에 보는내내 기분이 좋았던 영상인거같습니다 ||| 다양하게 코디 연출해서 보여주시니 많은 참고가 되네요~ 전특히 LOOK2 스타일 코지가 여성스럽고 트랜디해 보여서 좋아요~ 미센스 짱!!! ||| Look 14 에 베이지 인조가죽 아우터가 너무 멋스러운것 같아요 컬러도 화사하고 레더가 무거워 보이지 않아서 좋아보이는 ㅎㅎ👍🏻룩이 다양해서 너무 좋았어요 ㅎㅎ,노하우/스타일
YOrB5ALods4,4060 체형 분석으로 알아본 체형별 가을 옷 코디 비법 공개! [올리줌톡],올리비아로렌 Olivia Lauren,와 대박 너무 예뻐요. ㅋㅋㅋ 저도 저에 대해서 알게 되고 ㅎ 너무 좋은시간 됐어요. ||| 체형에 맞는 코디  예쁜옷들 너무좋아요💕💕💕감사합니다 ||| 보면서 감탄했어요.. 체형별로 코디하니까 정말 예쁘네요!! ||| 아...  스트레이트는 다리가 긴게 장점이군용...  다리가 길지않구 종아리 알이  아주 동그란 스트레이트는 뭘 강조해야하죠...? ||| 쁠리님🥰🥰🥰마델은 마델~~~ 뭘입혀두이뽀요🥰🥰🥰,노하우/스타일
t9cEkMIb3DQ,여러분의 일상을 살릴 멋진 메이크업 팁! || 모든 상황을 위한 일분일초 수선 및 DIY들,123 GO LIKE! Korean,댓글이 좀 없네.....?? 올린지 8간만 돼서 그런가...? 아무튼 일찍와서 좋당! ||| 들어오셩~ ||| 6등 ||| 13등 ||| 1빠!!!!!,노하우/스타일
welmJE_SgH0,여러분의 뷰티 루틴을 위한 영리한 메이크업 팁 || 뷰티 비법과 여자들만의 꿀팁,123 GO LIKE! Korean,히히재미있다 ||| 어재당 ||| 가방에 ||| 댓글11갸 ||| ㅋ,노하우/스타일
uObwdehlM2A,[DIY팁] 클립보드 만들기,큐브프레임,반대로  분리는 어떻게 해야되나요? ||| 누름쇠는 얼마정도하나여??,노하우/스타일
ReGrgMOHnwY,28가지 트렌디한 한국식 메이크업 팁과 DIY 아이디어,5분 Tricks DIY,장난해요!?? 무슨 한국 사람들이 저런 튀고 이상한 메이크업을 해요!?!?  저건 미국 스타일 메이크업이죠! ||| هلو ||| 장난 똥때리누.. ㅋㅋㅋㅋㅋㅋㅋㅋㅋ 개웃기네 ||| These are not Korean style. Are you kidding?,노하우/스타일
apL8QH9fl4c,24가지 뛰어난 메이크업 팁과 트릭,5분 Tricks DIY,2 ||| 1,노하우/스타일
xuSSiBtlpAg,"메이크업 아티스트 못지 않은 효과, 4가지 간단 메이크업 팁.",더팁,으이구  호박에 줄긋기 ㅎㅎㅋㅋ ||| 저게 뭐냐,노하우/스타일
dsGTIs9jzXQ,How to make touch pens for all mobiles? (in just 3 minutes),vara__branthan,Those who don't know:  When you make a touch pen. It's called a stylus pen. Those stylus are free to touch the screen. When you don't need to buy your expensive stylus  Believe me if you make the stylus pen (no need to buy a expensive stylus pen anymore) ||| Bro powlich ||| Thank you bro it's working perfectly bro ❤❤❤❤ ||| Which app are you using for drawing Plzzzz replay ||| Yaah guys! It's really working... must try.. I'm very happy🤩🤩,노하우/스타일
7QARQCdTdb8,31가지 최고의 메이크업 팁,5분 Tricks DIY,,노하우/스타일
sYd2R67MsEs,모든 여성이 알아야 할 26가지 예상못한 메이크업 팁,5분 Tricks DIY,This is wonderful video,노하우/스타일
1l_xjoHI-zc,cara membuat kipas sederhana dari kertas lipat,Syahara nur Azizah,bagus bgt aku buat berhasil😊 ||| Kak bagus banget hasilnya aku soalnya coba ngikutin walaupun masih agak jelek   TERIMA KASIH BANYAK YA KAK ❤❤❤❤ ||| 😊😊 ||| Wah bagus kak aku nyoba berhasil makasih ya tipsnya ||| Kayaknya bagus 😊 kapan-kapan coba lah ❤❤❤🎉,노하우/스타일
MJpuubWKqJI,멋진 15가지 핸드메이드 DIY 팁,Troom Troom Kr,"트룸트룸  라이프핵이나 꿀팁,DIY는 진짜 아이디어가 좋고 유용할거 같아요!심심할 때 만들어보겠습니다 ||| 우왕! 좋은 꿀팀 감사합니다. ||| 7:55 으....동그라미가 너무 많다! ||| 👍👍👍👍👍👍👍👍 ||| 1:58 흐응",노하우/스타일
RYtPTpdA_Ho,35가지 쉬운 DIY 뷰티 팁과 트릭,5분 Tricks 플레이,Hi ||| L ||| ) ||| 2:33 머야..속옷 안 입으시나..왜 살이 보이시쥐... (내 안구!),노하우/스타일
eN7lzJcIOZI,[How to] SUMMER LONG LASTING MAKEUP - 정샘물 롱라스팅 메이크업 팁 K-Drama K-Beauty,JUNGSAEMMOOL,"I came too early that I forgot that there's still no eng subs ||| We need eng subtitle 😭 ||| translation:  Ah, the weather got so hot these days, isn't it? I get really stressed by my makeup getting ruined by the hot weather. So I will show you  the right makeup to do - that lasts long and is light.   First, I will use double clean touch pad to clear the skin. This is a good skin product to make the skin in a condition that sets the makeup well as it clears and hydrates the skin, formed in two different types of materials.   Clean the dust and debris on the skin with clean hole pad by the side with the holes.  Step 2. Use the green coloured soothing pad to hydrate and soothe the skin by applying it gently. 2. Next, I will apply the essential mool cream light. People with oily skin will be fine with only using double clean pad, but for people with dry skin, using mool cream light will hydrate and maintain its condition better. 3. I will apply the tone corrector base that minimizes the redness of the skin due to high temperature and sensitive skin on the whole face. As this product highly contains cica ingredient, it allows skin calming and comfortable using. And with the green tone mixed with appropriate amounts of yellow and blue, I will correct the skin colour in a  clear way and not cloudy, also with the effect that naturally tones up the skin tone. Using soft easy-tap blender, will give an effect of calming the skin without impacting the skin.  Apply it on the whole face evenly and thinly.   4.Then, use the skin nuder concealer to cover only on crucial areas. This concealer is especially good to use during hot days as it covers the skin thinly.   5. Now to make the makeup more fixed into the skin, I will apply skin nuder pact thinly. The double layer brush contained in the pact is a brush specialised for controlling the amount, so it layers the right amount and applies it thinly and more naturally without any lumps.  Apply the pact evenly on the brush and apply it gently on the t-zone, where it is oily and finsih it off by brushing the rest on the rest of the face.   There, the summer long-lasting makeup is finished.   Now I will tell you an easy way to edit the makeup even when you're outside.   By using the white, holed side of the double clean pad, wipe off the ruined makeup.  Then use the green pad to hydrate and calm the skin.   2. Apply appropriate amount of mool cream light onto the skin to make the makeup set well into the skin.  3. Correct the redness, stimulated skin by using tone correcting base.  4. Use the essential skin nuder long wear cushion to cover the whole face starting from the V-zone of the face by adjusting the amounts applied on the puff. This cushion controlls the unnecessary oil on the face and is applied lightly, so it is good to use on hot summer days.  I hope you guys try this makeup that long lasts even in hot weather. ||| 너무 좋네요ㅜㅜ전 더블 클린 터치 패드 사놓고 쓰는법 보려고 영상 봤는데 기초부터 수정까지 필수네요!!!🤭🤭 전 수정인줄만 알고 !!언제쯤 써야할까 메모하러 왔다가 배우고 갑니다!!! ||| Off topic, but ... This model is so pretty 💚",노하우/스타일
ovBoXUL2fc0,꼭 시도해 봐야하는 30가지 놀라운 메이크업 팁,5분 Tricks DIY,,노하우/스타일
8vhtB0yP9n4,강남웨딩홀 소노펠리체컨벤션 여름웨딩 메이크업 팁,소노펠리체컨벤션,,노하우/스타일
Qlwnz7x9YMM,21가지 완벽한 메이크업 팁,5분 Tricks DIY,"댓글이 없넹. 음 5일 뒤에 와야겠당.;; ||| 좋아요 구독하고갑니당   저도 뷰티 채널이예요 ;)  서양 메이크업, 외국메이크업 트렌트 채널 구경하러오세요",노하우/스타일
L9zqMt7rsRU,[DIY 팁] 가구발+피스,큐브프레임,,노하우/스타일
HPuncIjy-Bk,여러분이 알아야 할 28가지 메이크업 팁,5 분 Tricks,먹는걸로 화장하는걸 좋아하시는듯... ||| 음 아직 숙성이 안됐군 숙성돼면 와야지 ||| 이거 개그맨들이 하는 채널이래요!! 원래가 코미디고 웃길 목적이었다고 들음 ㄹㅇ 뇌피셜임;;; ||| 생리대 눈 밑에 잘라 붙이는 건 ㄹㅇ 미친 것 같다; 생리대 가격이 얼만데.. ||| 너무 재밌어요 악플 따윈  신경 끄세요 다 이상한 말이에요,노하우/스타일
m4jpLDTvSfM,천만원 쓰고 배운 메이크업 꿀Tip![파우더/아이브로우/아이라이너/컨실러/파운데이션]｜지완Gwan's pick,지완Gwan's pick,"실제 화장은 잘 안  보여주고 제품이름은  확실히 잘 보여주시네요... ||| 그냥 목소리 듣는것만으로도 마음이 평온해지는것같은...지완님 너무좋아요 다양한 패션,메이크업 팁들도 참 감사합니다 ||| 좋은 팁 알려 주셔서 감사합니다  자연스럽고  화장이 고급집니다 ||| 너무   잘  봤어요 ~~👍 아이라이너 ~~ 아이브로우 ~컨실러 마스카라  등등~~~   비싼걸 사두 만족을 못했었는데... 제품들   넘   꼼꼼히 잘  집어 주셔서 땡큐 ~~^^♡♡♡",노하우/스타일
s3lNAVc-mUI,다양한 얼굴 유형을 위한 28 가지 빠른 메이크업 팁,5분 Tricks DIY,2등?,노하우/스타일
3oCON4fi5Cs,람찌네 소품샵 스티커 바인더 사용팁!,람찌네,꺄아아앙 쿨팁 감사해요❤❤ 바로 하러갑니다! ||| 잘보고갑니다 🤗🤗🤗자주올게용ㅎㅎ   응원할게요 ❤❤행복하시고 !!! 🥰🥰🥰🥰🥰대박나세요!!🤑🤑🤑🤑 ||| ㅎㅎ 인스타에서도 봤는데 진짜 아이디어네요 최고최고 ~! ||| 스티커 바인더 너무 예쁘다~ㅎㅎ♥♥ ||| 댑악 날 밝으면 바로 실천할게요!!! 으아아아아,노하우/스타일
o154G7vc9K4,뷰티팁:)초초초초간단❗️1분만에 전체볼륨 살리는 방법,차홍룸 분당•판교 ,✔️이영상에 포함된제품은 자사로 부터 제공 받았습니다 . 차홍코스메틱 제품보기: http://chahongcosmetic.com/?ref=CO6gDexu ||| 정말 초.간.단 인걸요? 머리가 진짜 얇아서 볼륨 항상 고민이었는데!! 좋은 영상 감사합니다~ wow.. ||| 여자분 함소원 연예인이세요~? ||| 짱입니다요 👍🏻👍🏻 ||| 여자분 유튜버 조화영 씨 아닌가염?,노하우/스타일
ZGJJcjgV5ic,자연스러운 아름다움을 위해 알아야 할 메이크업 팁 22가지,5분 Tricks DIY,아싸 1빠,노하우/스타일
7oVlIOM4gTg,지금 가장 핫한 31가지 기분 좋은 메이크업 팁,5분 Tricks DIY,저러케바르고  암꺼도안묵남?  쉽게 잘 바르는듯 ||| 왜 댓글이 없냐.?.?.?.?.?? ||| 오ㅐ 댓글이 없냐.?.?.?.??....?.???? ||| ㅌㅌㅊㅊㅍㅍㅍ,노하우/스타일
H3Wch-k6wA0,[How to]JUNGSAEMMOOL Concealer Makeup - 정샘물 컨실러 메이크업 팁 K-Drama K-Beauty,JUNGSAEMMOOL,"저 컨실러 팔레트 진짜 좋음!! ||| Dammit I'm here too early..  still watched the whole vid tho 😂😂😂 ||| I like your product and your professional makeup artist team!!! I like your channel! ||| 정 샘물 선생님, 여기 미국에서 콘실러 주문했는데 다른 제품과 비교해서 세심하게 정성들여 제품을 잘 만드셨네요. 열심히 화장법을 잘 배우겠습니다 감사합니다 ❤ ||| Her model is like close to perfect though haha",노하우/스타일
cKZqE2odF9s,"욕실 100% 셀프 인테리어 총 비용 공개, 화장실 셀프리모델링 얼마 들까?",아야빠 TV ,화장실 리모델링 셀프로 할 수 있음 하려고 1편부터 쭉 영상 봤어요~ 그래서 내린 결론은 그냥 업체에 맡기는 걸로ㅋㅋ.. 그나저나 정말 금손이시네요~ ||| 약 140만원이 문제가 아니라 금손이 없다는게 문제...ㅠ 내일 세면대 교체해 보려구요. 감사합니다. ^^ ||| 대박!! 이런 남편을 만났어야 했엉 ㅠㅠ 예~~~~ ||| 정주행했습니다. 대단합니다. ||| 무심한 말투에 있는 정확한 정보들  화장실시리즈들 너무 즐겁게 봤습니다!!  최고,노하우/스타일
vSXnOcHLBGs,페인팅+웨인스코팅으로 완성한 거실 셀프인테리어,베베씨의살림,"우와...  정말 대단해요... 이거  엄청 오래걸리셨을거 같아요... .젯소 작업은 한번 설명해주시면 좋을것 같아요..  마스킹 테이프  실리콘...작업에 수평대까지.... 전  이렇게 큰 분야는 남편없이 못할거 같아요 ||| 공부하려고 딱 앉았는데~ 영상이 떴어용~~~ 짱 좋아요 ㅎㅎㅎ 와~ 진짜 대단하세요!!! 저도 늘 웨인스코팅 눈독만 들이고 있어요 지난 주방 영상도 몇번을 봤는지 몰라요 ㅎㅎㅎ 셀프로 가능한게 신기하고 너무 깔끔하게 마감하시고 완성도가 높아서 또 놀래요~~  고생 많으셨어요~ 쇼파!! 저도 사고싶었던 디쟌이예요~ 완전 취저~~~ 히힛~ 남편한테 밀려서 구매 못했는데 ㅋㅋㅋ 넘나 깔끔하고 산듯하게 변한 거실 완전 짱!!! 페인트칠 진짜 쉽지는 않은데 병 안나셨나요~~ 크크크:)  즐거운 수요일 보내세요 베베님~ ||| 우왕~ 주방에 이어 거실까지 하셨군요.. 예뻐요~ 화사하니~~ ^^ 저는 몇일전부터 애들방 뒤집어놔서... 요즘 정말 더 정신없이 바쁘네요.. ㅡ.,ㅡ 지금도 가구 조립하고 있어요.. ^^; 아이들이 크니.. 하나하나 바꾸게 되네요...  아이들 연령대가 비슷하니... 베베님과 패턴도 비슷하구먼요~~! ^^ ||| 베베님! 명절은 잘보내셨어요?  소파 색상이며 완전 이쁜데요? 우리집 쇼핑도 순간 바꾸고 싶다는 생각을 했다는 ㅜㅜ 저도 집에서 웨인트코딩 집에서 하고 싶었어요 근데 막상 하려니 망칠까봐 겁이 났다는 ㅜㅜㅜ 하나하나 집 고치고 꿈이고 진짜 주부들의 재미도😍이렇게 만드시는가 보니까 저도 우리집 리폼 한번 해보고 싶네요 ㅋㅋ 주문은 내가 하고 신랑 시키고 싶다는 ㅎㅎ 생각보다 이쁘고 꼼꼼하게 만들어 진거 같은데요!? 다른지 느낌 굿!!! 부러워요💕💕💕💕 ||| 신랑이 인테리어쪽 오너여서 조금은 아는데 맡기면 비용 많이 드는데 정말 살림꾼이셔요.명절에 이뿐 두동서들한테 냉동 냉매제 햇볕에 말려서 버리면 부피 작게 버릴수있다는 팁을 알려주고왔지요.다들 꿀팁이라고~~",노하우/스타일
oTVxHi7dUgU,비싼 설계 없이 해내는 가성비갑 조명 셀프인테리어 꿀팁,사람사는집,사진으로 보여주시니 주광색  주백색  차이를 확실히 알겠어요    초보자에게 쉽게 이해할 수 있게 설명 해 주셔서 도움이 많이 되었습니다    감사합니다 ||| 저희동네 교보문고가 나와서 깜놀했어요ㅋ잘 보고 갑니다^^거실조명 바꾸는데 큰도움이 될것 같아요~! ||| 설명 감사합니다. ||| 잘봤어요^^ ||| 와 너무좋은 영상이었어요 감사합니다!,노하우/스타일
qxipcocS07Q,"고3의 분위기 뿌시는 내 방 셀프 인테리어 하기 : (벽지,가구,조명 바꾸기) 진짜 진짜 진짜 최종이다",난쏘콩 NanssoKong,헐헐 너무 이뻐용 ||| 헉..방이 넘 이뻐요.. ||| 책꽂이 정보 좀요! 방 너무 예뻐요 ||| 와 알차게 사시네요 ||| 언니 선댓후 감상이여 ㅎ,노하우/스타일
nM3oQgFVcZs,[반셀프 인테리어] 35년된 15평 낡은주택 올수리 리모델링 600만원으로 끝내기!,쿠캠 COOCAM,"반셀프 인테리어 한곳 보면 묘하게 별로인 곳이 많은데 너무 이쁨 👍 기본적으로 센스가 있으신듯 ||| 제집아닌거 고치면 2년계약기간후 올리거나 나가달라구 할수도 있어요 남의집이고 나이도 어린데 반셀프를 너무 예쁘게 잘하셨네요 ~ ||| 초록초록 식물한두개만 놓으면 완전 까페같겠어요 솜씨가 대단~~!! ||| 미친거아니야...... 집주인 무슨 복이야..... ||| 우연히 보게 되었는데 주택 건물만 봐도 노후주택이며 다 뜯어내면서 단열, 온돌 시공안된걸로 확인됩니다. 이렇게 시공할 경우 벽지부터 온 집안이 습해져서 곰팡이 천지로 금방 변할거에요. 원가 절감은 좋습니다. 하지만 이번 겨울지나면 집안 전체가 곰팡이 냄새로 장악될 것 같습니다. 합지 또한 누렇게 변할거에요. 이런식으로 인테리어하면 겉만 번지르르하고 실속은 채우지못합니다. 이 영상보고 인테리어 도움받으시면 큰일납니다.",노하우/스타일
QgwA048plFI,10평 사무실 꾸미기 셀프 인테리어 100만원으로 끝!,김땍이의 놀이터,가구업자인 저에게도 많은 도움이 되는 영상이네요. 잘 시청하고 갑니다.^^ ||| 전체적인 톤이 차분하고 안정적이라 참 좋네요💗 영상 정말 잘 봤어요 ㅎㅎ ||| 사무실 잘 보고 가요 ! 합리적인 비용으로 잘 꾸미신 것 같아요 👍🏻 수납장 정보도 도움이 됐어요 ! ||| 인테리어의 완성은 아이맥이라고 하시면서 아이맥 가격은 예산에서 빼셨네요ㅎㅎㅎ 잘보고 갑니다. ||| 장소 너무 마음에 드네요 ㅜㅠ,노하우/스타일
nizwBMj_us0,페인트 하나로 40년된 구옥 셀프 인테리어!!(Feat.삼화페인트),오하셀,하나하나 보면서 팁을 잘 정리해두고 있습니다 감사합니다! ||| 우와~ 갬성 그득한 느낌이 됐네요 💛 타일 벽면이 안 예쁜 욕실을 바꿀 수 있는 방법은 없을까요? ||| 정말 대 다 나 다~~~^^ ||| 넘  예뻐요! 정말 감각 있으시네요 ||| 40년가까이 되어가는  아파트로 전세 이사갈 예정이라 도움이 되네요...그러나 내가 하기엔 힘들듯..ㅠㅠ,노하우/스타일
b4ywXhtgkA0,"데크타일로 베란다 셀프 인테리어 | 전세집, 월세집 꾸미기",집꾸미는 혜주머니Casa de HJ,전세집 꾸미기 시리즈가 제일 재밌어서 이 시리즈는 꼭챙겨봐요. 유튜브 정리정돈채널에서 이 컨텐츠는 유일무이한듯. ||| 단점을 보완해서 더 좋은 인테리어제품 소개해주시는 것이 너무 좋네요! 인테리어할 때 참고할게요 좋은 컨텐츠 감사합니다 ||| 마루바닥이 나무인집들은 저색깔로 하는것도 이쁠거같아요 깔맞춤하기 좋네요 귀염귀염 ||| 빈 공간 채우기 아이디어 좋네요! 잘 보고 갑니다 ||| 원상복구 가능한 몰딩방법은 없나요??ㅠㅠㅠㅠㅠ,노하우/스타일
Lx7yy0jaHsI,[옷가게 창업준비#3] 10평 옷가게 반셀프 인테리어 🧹 페인트 초보 잘 할수 있을까? 창업준비 같이 해봐요 😍,오탐,"앞에 영상 보고 어쩜 이리 순식간에 멋진 곳으로 변신했을까 궁금했었는데 이렇게 감사하고 든든한 분들이 계셨네요~ 👍👍 ||| 주희답게님 오늘 마지막 2020년 하루네요^^ 곧 다가올 2021년 새복 많이 받으시고 내년에도 파이팅하는 한해가 되길 바래요💙 ||| 와 언니 짱 멋있어여ㅠㅠㅠㅠ 번창하셔야합니다!!!!! ||| 오탐!!승승장구를 기원합니다🙏🙏주변사람들과 영감오빠님이 있으니 잘되리라 믿어 의심치 않아요💙💜💚🧡💛❤️엄마,사장님,주희답게님,딸,아내,며느리,지인들의언니동생 역을 다해내려면 얼마나 힘들고 고될지 걱정이 되네요~완벽하지 않아도 되요 우리같이 힘내서 열심히 살아요 ☺️ ||| 저도 옷가게창업하고싶어서 유투브찾다가 구독했어용!!!!얼굴도예쁘시고 말도잘하시구 번창하셨으면❤️ 근데옷가게처음시작할땐 도대체뭐부터해야하나요?ㅠㅠ생각만해서구런가 너무어렵네용ㅠㅠㅋㅋ",노하우/스타일
VFEmfSsk-cg,셀프인테리어 이보드시공 1탄/냉난방비 절감법 | 동손,동손,이 보드 공사하는 모습 잘 봤습니다  저도 자가 공사 했는데  사방 구석 할때는 g-2본드 붙여 주는것이 좋고 곰팡이 있던 자리는 곰팡이 제게 후 토치로 한번 그을려 주고 햅시바 코팅제 바르고 노팡페인트 칠하고 이보드 공사 하시면 더더욱 확실 합니다  도배는 저가 해보니  잘 붙던데요   이 보드는 반드시 압축된 보드 쓰시고 내벽 쪽은 1.3T보다 2.3T로 공사 하는것이 좋습니다  도배지는 반드시 풀먹이고 한시간 후에  시공하는것이 좋구요 ||| 오공폼도 국산 중국산 나눠져요..  중국산은 냄새도 심하고 접착력도 절반도 안되는 느낌입니다. 폼은 국산이나 유럽꺼 쓰시는게 여러모로 좋습니다. ||| 이선균씨같은 목소리로 정중한 톤으로 “발로차서”에서 터졌어요😅 단열영상이 참 재밌을 줄이야👍 ||| 공사하시는 모습 보면서 나도 셀인에 도전해 보자고 용기 얻어 갑니다. 고맙습니다. ||| 님같이 기밀시공만 해도 단열은 걱정없겠네요 ㅎㅎㅎㅎ,노하우/스타일
7rdnFDuXe34,"#미용실셀프인테리어 (열처리,상부장,배선작업 등등) 힘든데 보람있어요",진아쌤,오픈이기대됩니다 동네원장님 복받으실겁니다 그리고 저도 미용실운영중인데 필요하심 정보공유하고싶네요 기다려지네요 ||| 볼때마다감동이네요 무에서유를창조하네요 두분의호흡이멋집니다 축복합니다글구부럽습니다 기대됩니다두분다건강챙기시고요 잘드시면서하세요담영상이기대가됩니다 진아쌤^^❤❤❤❤❤👍👍👍👍 ||| 도움주시는분들 모두 복 받으실꺼에요~^^ 부럽습니다~~저도 오픈한지 얼마안됐는데 인테리어가 맘에안들어 지금도 볼때마다 짜증나네요~ㅠ ||| 진아쌤은 정말은인을 만나셨어요...두분 응원하고  진아쌤 오픈을 진심으로축하드려요~^^ ||| 동네원장님 에너지 짱입니다,노하우/스타일
H4H4ffwWIXc,셀프인테리어 경력 10년! 하마미네 주방인테리어,하마미Hamami's Lovely House,와... 내공이 느껴집니다 많이 배워갑니다 ||| 예쁘고 실용적으로 정말 잘꾸미셨어요 완전 맘에 들어요  금손 부럽ㅠ ||| 와우~~,노하우/스타일
bV4r4M85WLc,페인트 인테리어의 장단점 | 페인트 벽지 비교 | 반셀프 인테리어 경험자의 후기,집꾸미는 혜주머니Casa de HJ,1:09 장점1. 예쁘다 3:27 장점2. 보수가 가능하다 4:34 단점1. 비싸다 6:43 단점2. 얼룩이 잘 생긴다 ||| 감동입니다. 현역업자입니다. 제가 하고싶은 말들을 너무 잘정리해놓으셨네요. 손님들 자꾸 귀찮게 물어보면 링크 공유해 버릴께요ㅋㅋㅋ 조회수 많이 올려드림 좋겠네요.  본것중에 최고 설명입니다 ||| 일반 소비자가 최소한으로 알아야 할 차이를 알기 쉽게 비교해주셨네요 ||| 이사가는곳 방3개를 셀프페인트했는데요 진짜 죽을거같아요 ㅜㅜ  예쁜데....너무 힘듭니다. 동생방은 셀프단열벽지 3면두르고 1면만 포인트주려고 페인트했고 저랑 언니방은 다 페인트했는데 젯소1회 페인트 2회하는데 거의 3일 걸렸어요 젯소칠 꼼꼼히 잘해두고 페인트는 좋은페인트와 롤러 붓 쓰세요 다이소붓 이랑 롤러는 비추천합니다. 전 노루페인트 뽀로로페인트 라이트그레이 했는데 색감이 은은하고 잘안뭉치고 냄새도 거의 안나요 팬턴페인트보다 더 안나요 포인트주는 벽면은 제비표페인트 드림코트 스카이블루 썼는데 이건 비추천 뽀로로페인트보다 좀 뭉치고 냄새 심해서 하루정도 창문열어놨어요 그래도 벽지의 이음새나 이런게 안보여서 깔끔해요 대신 제 오른팔이 ㅠㅠ ||| 저도 페인트 시공했는데요.. 만족감이 어마어마 합니다. 비용과 시간이 많이 드는 단점을 충분히 상쇄시킬만해요.,노하우/스타일
s6fsljexNdk,셀프인테리어 창업,미주가리운동빠,,노하우/스타일
JcA2kjqK7Kc,게스트하우스 셀프인테리어,AIRPORT HOUSE (#라희의일상),대박~~ 손재주가 장난이 아니세요! 연신 감탄하면서 봤습니다. 대단하십니다!!!,노하우/스타일
zWc5JX0PY04,"셀프 인테리어의 끝판왕 템바보드 ㅣ 템바 셀프 시공, 벽 인테리어, 템바보드 규격, Tembour Board Interior  ㅣ  031 - 574 - 7574",바로컴퍼니,카카오톡 플러스친구 바로상사 https://pf.kakao.com/_uaxbVC,노하우/스타일
qAEoDEjKqf0,사무실 셀프 인테리어 중 ㅋㅋㅋ,주헌,,노하우/스타일
caclLiN1LV4,[창업브이로그]인테리어 업자없이 혼자서 셀프인테리어..괜찮을까?😭,베이킹하는조안나,와우!! 오랜만에 방문했더니 좋은 소식이 있었네요 ㅎㅎ 영상이 더 기대되는데요?ㅎㅎㅎ 대박나시길 바래용 !^^ ||| 우와!!!! 대단하시네요 ㅎㅎ 요즘 영상이 뜸하다했더니... 대단한걸 준비하고 계셨네요!!!! 조안나 베이킹 스튜디오 번창하세요~ 그리고 영상도 자주 올려주세요^^ ||| 저도 돈모아서 소소하게 창업하려는데 정말... 막막해요ㅠㅜㅠ동갑이신데 대단해요ㅠㅠㅠ ||| 와....완전 대단하시네요...전 이렇게 못 할것 같은데....영업을 시작 하신다면 꼭 찾아갈게요!😍😍❤❤ ||| 직접 준비까지 하시다니.. 멋있으세요~!! 개업축하드려요^^!! 업로드 계속 해주세요~~~,노하우/스타일
G_y-5ixNHoA,"욕실 셀프인테리어. 변기, 세면대, 해바라기 샤워기 설치. 화장실 셀프 리모델링.",아야빠 TV ,보고있으면 묘하게 스트레스가 풀려요! 예~~~~~~~ ||| 현직 설비기사인데요 미세먼지팁입니다. 양변기 설치하시고 물 내렸다가 누수로 다시 뜯는경우가 많습니다(하부가 고무라서 원큐에 맞물리면 좋은데 씹히면 들었다 놓았다 해야합니다) 꼭 물 내려보시고 백시멘트 바르시기 바랍니다! 양변기 뚜껑 설치 다 마치시고 마지막에 백시멘트 바르시는게 좋습니다😀 ||| 보고듣고있다보면 자장가같으면서도 다음편 계속 보게되는 매력이 있어서 잠을 못자고 눈비비게 되네요.. ㅠㅜ ||| 진짜 금손... ||| 인테리어 유튜브 중에 제일 재밌고 유익해요!! 편집도 잘하고 목소리도 편안하고 은근 재밌으시네요^^ 셀프인테리어에 큰 도움 받고 있어요. 감사합니다..,노하우/스타일
DJ2TCr_JoPw,#화장실셀인 #화장실셀프인테리어#셀인 #테라조타일 #화장실타일 #셀프인테리어,윰's ,뭐가 셀프인테리어인거죠...? ㅎ...,노하우/스타일
yCnY51K7nCM,잘싸웠다!! 4시간만에 끝낸 셀프 인테리어(Feat.에어비엔비),오하셀,오오 인테리어 이쁘게 해주셔서 감사합니다!! 이전 인테리어보다 따뜻한 톤으로 게스트분들에게 확실히 여행 온 느낌을 더 줄 수 있어서 너무 좋아요!! ||| 침대..위 액자.....  ㅠㅠ전 조금  너무 무섭네요 ㅋㅋㅋ 떨어질까봐 그래도 너무 너무 갬성갬성해요~~!! ||| 우와 저런 센스 너무 좋아요.... 너무... 짱이에요... 진짜.. 대박.. 저도 미술 하는 사람인데 진짜 센스 너무 좋아요.. 감각 짱... 짱.. 제 방도 꾸며주세요.. ||| 테이블 높이 다르게 주문해서 겹친거 너무 좋은 아이디어예요~감각이 남다르시네요👍 ||| LeoJ 영상보구 냉큼 왔어여 셀프인테리어 관심왕인데 보고 많이 배울게요!,노하우/스타일
GP4usdG88_A,"(sub) 저희 카페를 소개합니다 :-) 나의 첫 카페 셀프인테리어, 광고 없고 협찬 없는 실제사용 제품들, 카페용품 추천, 카페투어, welcome to my cafe",소노로그 Sonolog,"이렇게 자세하게 알려주시는거 꺼려하실수도 있는데 세세하게 다 알려주셔서 넘 조와요... 🧡 ||| 하나 하나 작은 소품들 모두 사랑 듬뿍 먹은 생명이 담겨있는듯해요.~^^ 이 소중한 공간이 누군가에게 쉼과 충전이 되면 좋겠네요~^^ 계속 화이팅입니다!!!!~^^ ||| 언니 ㅠㅠ 이렇게 올려주셔서 너무 감사해요 ^^ 첫 영상부터 카페에 대해 궁금했는데 살짝만 봤어요. 이제 저는 모든 작은 공간들이 어떤지 알아요! 또 브라질산 원두를 쓰시네요, 여기서 만드는 커피처럼 커피도 정말 맛있겠네요 ^^  P.s.: 로즈마리는 죽지 않은 것 같아요, 아마 한국은 가을이라서 그냥 말랐나 봐요. 어쨌든, 물을 계속 주고 봄에 다시 녹색이 되는지 보세요! ||| 로즈마리 방토 맴찢이네요 ㅜㅜ 흙을 보니 물이 충분한지 않았던거 같아요 ㅜㅜ 화원가면 분갈이용 흙 판매하니 로즈마리 분갈이 한번 해주시고, 마른 아이들은 가지치기 하면 더 좋을꺼 같아요! :) 로즈마리 가지치기 하면 더 풍성하게 자라요! 카페가 채광이 잘되는서 따듯하게 느껴져요 :) ||| 정리도 잘 하시고, 매장이 깔끔하고 예쁘네요. 가구들도 센스있게 잘 고르고 의자도 다양하게 구매해서 조화롭게 꾸몃네요. 감각이 좋으시네요. 쿠키와 커피도 맛있을것 같네요! 주인의 감성과 정성이 전해지는듯합니다.",노하우/스타일
Arzl7EkGQS4,[Ep.10] 딱 105만원 든 화장실 타일 셀프인테리어 시공 과정 디테일 (내역 공개) 97년식 25평 아파트 리모델링,사람사는집,캬 디테일한 현장상황설명 좋네요~~따봉을 드립니다~~~ㅎㅎ ||| 멋지네요. 고생하셨구요.. 저희집 인테리어 구상에도 큰 도움 되었습니다. 감사합니다. ^^ ||| 몰랐던 정보들 많이 알아갑니다 ~ ||| 잘봤습니다. ||| 😍👍,노하우/스타일
QWtZhHnExzA,철거 비용 및 주의사항(반셀프) - 반셀프 인테리어 TIP-1,도우너김실장,좋은정보 도움되었습니다. 감사합니다. ||| 감사합니다! ||| 좋은지식 감사합니다 ^^ ||| 제가 바라던 영상이네요. 추천 꾸욱 누르고 갑니다. ||| 잘 배웠습니다.  감사합니다.,노하우/스타일
7KZQ4bIPUu0,"화장실 인테리어 견적 전문업체견적, 셀프, 반셀프 인테리어 견적까지 Cool~~하게 공개합니다",김원룸 (Self Repair Channal),"잘봤습니다 ||| 말씀도 너무 잘하시고 멋있으시네요~~  피카소 ^^ ||| 저렇게 제일 싼 재료들로만 하면 150만원...철거 들어가면 180만원...그래도 저렇게 큰 화장실에 저렇게 작은 타일은 반대...벽 300*600에 바닥 300*300은 써야하고 천장도 저런거 하면 나중에 누렇게 색이 변함...그냥 돔으로 해야지...5만원 더 주고...세면기도 반다리 해야 하고....저렇게 다리 있는거 하면 정말 나중에 때가 때가....이렇게 저렇게 하면 200은 줘야 함...철거부터 세팅까지...대림꺼 들어가면 230....장을 조금 더 좋은거 쓰면 240...중간에 업자끼면 300이 되는거지...원룸이나 세 주는 곳은 상관 없지만...내가 사는 집은 그래도 기본은 해야 함...저건 그냥 세 주는 곳... ||| 언제 한번 셀프로 하고싶어요. 영상 감사요 ||| "" 재도 하는데 나라고  못하겠어 "" 제가보기엔 ... 슈퍼 전문가로 보이는데요 ㅠㅠ 혹시 현장 시공하러 가실일 있으면 몇일 데리고 가주세요 ㅠㅠ 일당 없이 열심이 배우면서 일해보고 싶네요 우리집 셀프시공을 하기 위해서 .. 기술이 필요할것 같아서요",노하우/스타일
5wzSyqAFa6Q,왕 초보 욕실 셀프인테리어 화장실 벽타일 직접 붙이기,아야빠 TV ,DIY용으로는 가장 유용하고 현실적으로 가장 부딪히는 부분을  편집 잘하셔서  설명 잘해주셨네요. 의미없이 반복되는 장면 보여주는 고수들보다 훨나은 콘텐츠 입니다. 고맙습니다. ||| 지나가던 인테리어 업자입니다ㅎ 다들 중간에 포기하고 연락오시던데 끝까지 하셨다니 리스펙!합니다. 기술력은 딸릴지라도 지식은 전문가 못지 않으시네요^^ ||| 목공작업을 해서  지그소도 있고  홀쏘로  수도배관 구멍  하수관 구멍 뚫는것 보고 손재주가  있는분이네요 타일을 현장에서 하는 기술자로서  대단한  자기학습력 및  실행력입니다.  드라이픽스는  접착력이  약해서  아래서 위로 붙여햐 하는것도   재료상에  물어서 하며  단계단계 밟아서 가는것이 의지의  인테리어꾼이라고 느끼네요 ||| 와 셀프로 욕실 인테리어를 하시다니 !! 진짜 대단하십니다 영상보면서 저는 꼭 업자를 불러야겠다고 생각했습니다 감사합니다 ||| 대단한분이네요  이분와이프  걱정없으시겠다,노하우/스타일
OOAkX7WTLtQ,네일샵 셀프 인테리어.첫번째,ᄇ ᅵ움,,노하우/스타일
oW7x_pzZv2Y,"20년 된 내방 셀프 인테리어 브이로그 두번은 절대안해.(셀프도배,셀프장판)",서눅seonuk,"나무방문 디자인이 제방하고 똑같아요. 나무방문 제방은 화이트 페인트로 칠했어요, ||| 아이패드 이후로 계속 보고이써요,,, 큰일😋 사소한 꿀잼,, 재밌어요❗️ 응원해합니당❗️❗️ ||| 방보다 얼굴이 더 열일 하네여ㅋㅋㅋㅋㅋ 구독해따리~ ||| ㅋㅋ저두 아이패드 이후로 어쩌다 보게됐는데 셔누 같아요ㅋㅋ ||| 아이패드영상이 저를 이리로...구독갑니드아아아",노하우/스타일
vbu9SGYiFPo,카페인테리어_반셀프 인테리어로 비용절감 하는 법_카페창업 팁팁,"덕분이네, 카페 창업 전문 유튜버",감사합니다 ! ||| 와우 이제야 여길알다니 정말 👍 입니다 ||| 처음 댓글 써봅니다 카페창업 유튜브 중에 가장 신뢰가 가고 핵심만 딱딱 짚어주시는 유튜브에요 👍 영상 감사합니다 👍 ||| 대단하세요 ||| 덕분에 시야가 넓어 집니다. 고맙습니다~^^,노하우/스타일
xGuT1V013XE,욕실 셀프인테리어 바닥 타일 붙이기 화장실 셀프 리모델링,아야빠 TV ,가공 이나 줄눈 맞춰서 놓는거 매우 잘 하시네요 그라인더질 할때 안경 안쓰신 분들은 보안경 챙겨 주세요 그리고 스페이서는 일반 철물점 말고 타일 전문 공구 파는데 가면 3mm 넘는 것도 있답니다. 부천에 한곳 있습니다. 그리고 바닥 붙이 면서 나올때 수평계로 튀어 나온거 없는지 역구배 안났는지 확인 하고  고무 망치로 살짝 쳐서 맞추는게 좋습니다. 아마 하셨겠지만 영상 보시는분 참고 하라고 씁니다. ||| 셀프하시는분 중 최고 입니다. ||| 말씀 어조가 조용조용해서 좋아요 ||| 전문가 아니세요? 대단하시다.. 울 남편은 대박 화낼듯..ㅠㅠ ||| 와 진짜 대단하세요 영상 쭉 보는데 전문가같네요 ㅋㅋ최고!,노하우/스타일
Wmmniq8NFXU,"[컨테이너 인테리어] 휴학생,미대생의 공방꾸미기/셀프인테리어/비포에프터/인테리어과정",세아한하루,영상 보면서 반성했습니다.. 난 대학생때 뭐했나 싶어서~ 미술하셔서 그런지 센스가 있으시네요~ 스케일도 큽니다... ! 앞날을 응원합니다 ^^ ||| 헐 너무 가보고싶어요~~~!!!!!🤍🤍🤍👍🏻👍🏻 ||| 멋져요 ||| Price in korea please ||| 위치가 서울에 설치하신건가요? 컨테이너 가설건축물 세금이 어느정도 나오는지 알 수 있을까요??,노하우/스타일
uiocSaGDv2I,vlog) 자취방 꾸미기 / 셀프 인테리어 집꾸미기 (셀프페인팅&침구바꾸기) 원룸 인테리어 룸투어 / self Interior&room tour / 자취생 브이로그 🐱🏠,오끼okkii,셀프 페인팅 대단하시네요...! 방 분위기도 너무 따뜻해요👍🏻 ||| 우와!!셀프페인팅 진짜 대단해요!! 저같은 똥손은 감히 도전해보지도 못하는🤣🤣방도 노랑노랑하니 넘 취향저격이에요!!감각 진짜 좋으신거같아요!! 영상 재밌게 보고가요💜 ||| 이케아 돌돌이 쓰는데 진짜 강추!!! 떼기도 편리해서 좋습니다👍👍 ||| 직접 셀프페인팅 하신거 대단하세요! 👏🏼 자취방 되게 예뿌게 꾸미셨어용!! ||| 노랑노랑은 사랑이죠💛 커플 베개네요ㅎㅎㅎㅎ 셀프인테리어 너무 귀여워요 페인팅은 엄두도 못냈는데 대단하세요😭👏🏻,노하우/스타일
vdyTxzK1RcE,자동문 셀프인테리어 가격정보,게이트연구소,여기 사장님 진짜 정직하게 일 잘합니다. 추천드립니다.,노하우/스타일
t1-ZsSprxmM,[셀프인테리어] 접착식 실크단열벽지로 혼자 셀프도배 하기!,박사장네 인테리어tv,,노하우/스타일
QtOeL64gEfc,[셀프인테리어:창문 필름시공] Window Film/How To Install Window Film by Rabbitgoo/집꾸미기/rabbitgoo window film,유쏘굿[YouSoGood],화질을 1080p 로 설정하고 보시면 보다 퀄러티있는 영상으로 보실수 있어요 😄  Turn on video settings to 1080p for better quality 😀 ||| 블링블링 넘 예쁘네요~~ 아침오후 밤에 보는 느낌이 다 너무 달라서 더 좋은것 같아요^^ 한국에도 저런걸 파는지 모르겠네요~ 이뻐요~!!^^* ||| 우왕 진짜 너무이뻐요 저도 저렇게 해두고싶네여ㅎㅎ ||| 와 아침 점심 저녁 다른 느낌 너무 예뻐여~~ 꼼꼼하고 솜씨가 정말 좋으셔요!! 저도 다음에 해볼까 유심히 보고 갑니다.. 행복한날 되셔요~~ ||| 좋아요 14 와....넘 예쁜 필림을 붙이셨네요  햇살 받을때 정말 예뻐요 ^^,노하우/스타일
-DmMrwUzbMU,"셀프 리모델링 하는 이유 (ft. 시골 집 소개, #셀프인테리어)",원더제이 Wonder J,"Совет:не избавляйтесь от пленки двери,пока не закончите ремонт🤗 ||| Вау Джоан такая молодец😻😻😻делать ремонт так и еще самой🙀  я просто восхищена её трудолюбием и целеустремлённостью🥺❤👍 ||| 리모델링하기 정말 쉽지 않은데 너무 대단하시네요😊 ||| Вот это ни чего себе. Джоан такая молодец. И сама дверь установила. И ремонт сама. Это реально круто. Увидела это видео случайно. Но по ходу подсяду на этот канал. Очень интересно. Я в обще люблю все эти дела с ремонтом. И девушка приятная. Удачи в дельнейшем ремонте. С меня лайк и подписка. 👍💓 ||| Очкеь интересно наблюдать за ремонтом, ты можешь сделать это постоянной рубрикой, Джоан)",노하우/스타일
6SGzwX2nG50,"[Ep.09] 가성비 필수 셀프인테리어(직영공사) 목공 이렇게 했어요. (+방수,단열,전기) 25평 아파트 리모델링",사람사는집,"▼인테리어 무료 견적문의는 아래 링크에 남겨주세요. https://forms.gle/ffChc8S8ppU5T5G78 ▼고객님 시공 후기 모음 https://blog.naver.com/grandpapeter/222478932736 ||| 영상도길고 디테일설명 너무잘보고있어요 현장용어는 모르지만 아~하면서  재미나네요 ||| 좋은영상 감사합니다. ||| 화장실 문틀은 먼저 설치하고 1,2차 방수를 진행하셔야 맞구요..방문틀은 설치했을때 벽틈을 폼으로 메우는것은 도배마감 했을때 안좋습니다..부득이 새롭게 문틀을 설치해야 한다면 미장마감 하시고 보통은 기존 문틀을  이용해서 리폼하는게 좋습니다..감사히 잘 보았습니다 ||| 영상 잘보고 갑니다~!!!",노하우/스타일
fpWxrJDOfok,초보 혼자 욕실 철거 욕실 셀프인테리어 시작,아야빠 TV ,아조씨 목소리가 나긋나긋해서 좋아요 벌레 무서워 하는거 귀욥 고글 쓰니까 전문가 같아요 ||| 전문가가 아니라고 하셨는데 제가 보기엔 전문가 처럼 보여요~ 진짜 대단. ||| 아니 이정도면 생업으로 인테리어 바로 뛰어드셔야되는거 아닌가요 취미라기엔 너무 금손에다가 지식도 놀라우시네욤 대리만족하고 갑니다 ㅜㅜ ||| 와 다른건 다 따라해보겠는데 욕실은 ㅎㄷㄷ 아야빠님 엄청 바지런하신듯 ㅋ ||| 이분은 선생님이세요~ 교수법이 탁월하신!!!! 진짜 배우고 싶고 알고 싶고 공부하듯 너무 너무 잘 가치르쳐주시네요^^ 👏🏻👏🏻👏🏻👏🏻,노하우/스타일
hOJRnLG9EV8,[셀프인테리어]장마 천정누수 벽지구멍,셀프 인테리어 부부self interior bubu,,노하우/스타일
2wjnpk_jGRo,HOME STYLING VLOG #2 침실 꾸미기 | 인테리어 소품 | DIY 셀프 인테리어 soonidori,집돌이집순이의 슬기로운집콕생활,,노하우/스타일
-4dhqhjD24I,"카페 브이로그ㅣ카페 셀프 인테리어 망했어요,20대 소자본 창업, 500만원 카페 창업,20대창업,20대카페사장",원즈커피,"카페 인테리어 알아보고있는데 도움이많이되네요  그리고 요즘은 바닥 크랙을 일부러 내거나 자연스러운 멋으로 활용하기도 하시더라구요 ||| 아버님이 능력자세요,,,! ||| 근데 저 나름대로의 느낌도 예쁜걸요 ||| 아버지의 사랑이 전해지네요~^^ ||| 저는 카페 두곳 오픈데 직접했는데 이상 없었어요",노하우/스타일
iFZCJ4yXQis,[셀프인테리어]천정누수 도배,셀프 인테리어 부부self interior bubu,,노하우/스타일
jJ_gyXVixaY,DIY-셀프인테리어. (단열+방습보드+벽지)일체형 조립식. 인테리어 직접하기. 사무실 업소 상업공간 신속한 인테리어. 주택 건물 곰팡이방지 리모델링 최적의 단열방습보드.,려응-일체형인테리어내장재 셀프인테리어자재 (일체형인테리어내장재),자막 맞춤법을 신경 쓰시면 조금 더 신뢰가,노하우/스타일
nCOBAKdhwds,"(Eng) 오래된 시골 집, 36만원으로 셀프 인테리어ㅣ랜선 집들이ㅣ시골일상(Self InteriorㅣHousewarming)",다복 dabok,요거 다시 한번더 보러 왔따요! ㅎㅎ 귀여웡🥰 ||| 흐엉 언니 너무 귀여웡.. 처음부터 끝까지 옆에 거울에 얼굴 보여주는 거 너무 스윗해♥️ ||| 갑자기 저두 셀프로 제방 인테리어 하고싶은 욕구가 뿜뿜!!! ||| 거울로 빼꼼빼꼼 보이던거 졸귀인데 마지막인사까지ㅋㅋㅋㅋ졸귀💗 완전 꿀정보 얻어갑니당!! ||| 0:48 거울에 언니 너무 귀여엌ㅋㅋㅋㅋㅋ아나ㅠ,노하우/스타일
vdvtvfgocvI,셀프 인테리어 비용 줄이는 법 5가지,악어타일,"사장님 멘트가 너무 마음에 와닿는 것들이 많네요 좋은 영상 감사합니다😌 ||| 영상을 너무 잘찍었습니다.👍 ||| 음성이 참 믿음이 갑니다, 큰 도움 받았습니다. 감사합니다. ||| 감사합니다~영상 잘봤습니다. 5월에 저희집 인테리어가 있습니다~ 셀프인테리어로 어제 결정하고 공정별로 섭외중에 있고요~ “악어타일”님도 섭외대상 입니다..ㅎㅎ 타일작업좀 부탁드려볼까하고 망설이고 있습니다. 실력좋으신분이라는걸 알고있습니다.^^ 조만간에 연락드릴께요~~ 휴일 잘보내시고요~ ||| 좋은영상입니다. 👍",노하우/스타일
5G_KG9CJ2kA,"(moon’s) 노르딕네스트 언박싱, 셀프 인테리어, 셀프 조명설치, 허스탈 모타운 팬던트 🖤",moon's vlog,추천영상뜨셔서 구경왔다가 집이 너무 예뻐요. 카페처럼~ 부럽습니다아~~ ||| 원뿔꼴?? 어떻게 딱 붙이셨어요? 저희집도 지금 떠 있 어서요 ㅠㅠ ||| 선을 안으로 매립하면 될텐데요ㅠ,노하우/스타일
A9AajW4Y-Ag,"셀프인테리어, 빈 공간을 채워봅니다 Self-interior, filling in the blanks",Nayerang Kim,시계 정보가 넘 궁금해요..!,노하우/스타일
jLGaifKB75Y,새로운 뉴스룸 미리보기 2탄! 정치·외교 뉴스는 어떤 관점으로 봐야 할까? 이슈체커가 알려드립니다. | 소셜라이브 이브닝 (20201203),JTBC News,22:30 이게 나야나 ㅋㅋㅋㅋㅋㅋㅋㅋㅋㅋㅋㅋㅋㅋㅋ  The way Park Sang-wook hesitated to read it and Jung Jae-yoon and Park Sung-tae's reactions (his was the best 🤣🤣🤣) 💀💀  This was so chaotic I can consider this one of the best episodes this season ||| 마카롱tv는  jtbc 직원이제?,정치
ZhfB90RMTsw,"국회, 정치·외교·통일·안보 분야 대정부질문 / 연합뉴스TV (YonhapnewsTV)",연합뉴스TV,,정치
6tqBPAN_FH0,"문 대통령, 외교·안보 원로 초청해 미 대선 이후 정책 점검 / YTN", YTN,꼴보기 싫다 ||| 어릴때 가만히 있는게 도와주는거라고 엄마가 그랬다.  그 이유가 뭔지 알겠다. 이 정권은 걍 가만히 있는게 일 잘 하는건데 그걸 모른다. ||| 제발 나서지좀말자.. ||| 조언을해주면뭘해  소귀에경읽기지 ||| 나라 망치는거 외에는 쥐뿔도 하는거 없는 인간들,정치
FKZ_SJKzi5E,"통합당 안보특위, 외교·통일·국방 장관 모두 불참 | 뉴스A 라이브",채널A News,미통의원들 다사퇴허시지요?  할수있는개 없는데 그잘난 의원직이 뭘 필요합니까? 그냥 더 잡당이 다하게 놔두세요! ||| 상위의보이콧이 당연한거지요 ||| 지들끼리 다해먹을때 언제고~지들이 싸질러놨음 지들이 치워야지.. ||| 이승만 이기붕 시대도아니고정신 차려요 촛불 ||| 김여정 아 이번에 더불어 더듬어당 당사 한방날려라,정치
mDtR2oabtWM,"[더뉴스-더정치] 막 내린 7월 국회...거대 여당, 벌써 '공수처' 포문? / YTN", YTN,벌써?? 뭔 벌써? 작년 한 해 내내 떠들었는데. ||| 언론도 자극적인 기사는 자제해야 한다.  그래서 언론개혁도 필요한 것이다. 속도전 이라니 너무 지연된것을 모르고 하는 소린가... 7월이면 처리가  끝나있어야할것을 .. ||| 벌써라니... 이미 법은 시행날짜가 지났건만... ||| 다수결로하는것이 민주주의지 ||| 얼마나 기다려야하는지 미통당의 의원들은 자기밥그릇이 없어지는데 결사반대할뿐이지,정치
IgnzWEJC9rQ,미국 대선 이후 ‘외교 지형’ 변화…우리 대응은? / KBS뉴스(News),KBS News,"조선시대랑 다른게 무엇인지 한반도 주변 열강들은 현재 더욱더 강해지고 있는데 우리는 똑같네요. 결국은 열강들의 간섭에서 벗어나지 못하는 경제 식민지. ||| 난제다.진정 난제야.. ||| 안보는 ""미국""~경제는 ""중국""~??? 이런 논리는 어디서 나왔나요~~?? 말도 않되는 소리~""말장난"" 이지요~ㅠ ""안보""와 ""경제""는 같이 볼수밖에 없습니다. 초등학생도 그정도는 알것다~!! ||| 부정선거 아니면 트럼프 당선",정치
C-_ajKjzpA0,"[이슈& 직설] 혼돈의 美대선, 한국 경제 외교 정책 불똥 튈라?",SBS Biz 뉴스,,정치
sD_XqAfhpmE,"[더뉴스-말말말] 심상정 ""거대 양당, 꼼수 정치...국민 화병 날 지경"" / YTN", YTN,정의당 정신차려 ||| 너 때매 화병 나는 나는 뭐니 그럼? ||| 이런 상황 만든 누구의 욕심때문에 더 화병나는데 ||| 정의당  역할이 커졌다. 1번.2번 싸울적에 심판 잘 좀 봐 주세요...정의당 화이팅~♥ ||| 국회에서 회의도중 누드사진 몰래 본게 누구였지?,정치
YeOLRl7p8tY,"'추-윤' 갈등 격화…""윤석열 사퇴하고 정치해라"" (2020.11.11/뉴스데스크/MBC)",MBCNEWS,"아니 그대 추씨가 사퇴하라마라 ~ 꼴깝을 왜 떠새요~ 느덜편으로 뽑아놓고~ 암튼 저것들은 ㅠㅠ ||| 추장관 말이 맞는거죠 ||| 상관과 부하간에 갈등이라니? 검찰총장이 장관의 지시를 따르지 않는 잘못된 반발, 즉 항명이다. MBC는 정확한 용어를 사용해라. ||| 갈등이라뉘 항명이고 쿠데타 아닌가? 윤지지자들 얼른 사퇴하라 응원해야지? 뭐하냐? ||| 갈등이 아니라,   항명 이지요 !!!",정치
f3YxM7hL18w,[정치 맞수다] 청와대 미 대선 상황 문 대통령에 보고 (2020.11.05/뉴스외전/MBC),MBCNEWS,누가되든 한국의 이익에 부합하도록  노력해주길 바랍니다 ||| 오마바때 일본에 너무 치우쳐서 위안부 합의를 했다. 일본의 이간질에 잘 대응해야 한다 ||| 모르겠다는 소리를 참 길게도 하네. 아니 전문가면 하다못해 뭔가 예상과 그에 대한 근거나 가능성의 종류와 수치를 말해줄 수도 있는거 아닌가? 다 봤는데 뭐 뜬구름 잡는 소리만 귀에 남고... 더 답답해졌네. 홍남기는 내 알바 아니고. ||| 오바마도 친한했던 언론들. 지나고 나니 친일이더만.. 언론 쓰레기는 믿고 거른다능.. ||| 볼때마다 김학래느낌이야....,정치
gt2DIifQdnA,"아이 잃은 '모정' 정치 도전 vs ""한국당 때 벗긴다"" (2020.01.24/뉴스투데이/MBC)",MBCNEWS,"태호어머니 힘내세요 꼭 국회의원이 되셔서 쓰레기 정치인들 몰아내주세요 ||| 이소현님 팟팅입니다🥰아이엄마로서 응원합니다🥰 ||| 인간의 욕심은 끝이없다 ||| 때벗기고 광내서 보여지는 이미지만으로 정치된다면 연예인이 최고다.  뼛속까지 낀 때는 어떡할래~? 국민이 우습나 수십년 동안 영혼까지 묻은 때가  2.3 개월 선거용으로 뺀다고~?? 국민이 바보냐~ 빼겠다고 달려든 자(이미지컨설턴트) 국민을 기만하려 들지 말라~! 그녀도 정치질하고 있다 ||| 저 이미지 전문가라는 사람 입에서 막말을 듣게 되는 날이 언제일까, 뉴스에서 막말 한번 더 듣게 될 생각에 벌써 스트레스 받는 건 나뿐인가.",정치
CxnPmAwv0jA,[뉴스투데이](이슈인-정치) 당 내 경쟁 본격화..여야 움직임 분석,광주MBC뉴스,,정치
JVV1YShRPvM,"문 대통령 ""국감 정치공세 아쉬워…합리적 지적은 수용"" / JTBC 뉴스ON",JTBC News,중간에 나오는 음악 뭐임 ?,정치
k3oHPbA9cGs,"""퇴임후 봉사"" 사실상 정치 참여 선언?…정치권 '후폭풍' (2020.10.23/뉴스데스크/MBC)",MBCNEWS,"임기중에 가능성을 저렇게 대놓고 한다고 ㅋㅋㅋㅋㅋㅋㅋㅋㅋㅋㅋㅋㅋㅋㅋㅋㅋㅋㅋㅋㅋ 진짜 역대급이네 여러모로 ||| 진짜 코미디다ㅋㅋㅋㅋㅋㅋ 야권보고 ""제식구"" 감싸기래 자기 입으로ㅋㅋㅋ 야권이 당신 식구라는 해석 말고 어떻게 받아들여줄까? ||| 꼭 서울로 나와라 비겁하게 대구경북 내려가지 말고 ||| 봉사같은 소리 하네~ 재판받고 이명닭그네 친구하러 방에 가야지~~ ||| 황교안이가 못 끊은 그 당 숨통을 니 손으로 끊어봐라 ㅋㅋㅋㅋ",정치
HlqEfERV8qc,[더뉴스-더정치] 총선 후보 등록...의원 꿔주기 '촌극'에 공천 여진 / YTN, YTN,그 어느 때보다 양 거대정당 둘다 꼴보기 싫은 때..,정치
_P8PoZ-slKU,美대선 2주 앞…차기 '외교안보라인' 겨냥 외교전도 / 연합뉴스TV (YonhapnewsTV),연합뉴스TV,,정치
n-wGP9-L4xk,“최악 정치재개”…“천금같은 말씀” / KBS뉴스(News),KBS News,준엄하게 안찍을께 민주당만 ||| 아직도 정신못차리는 정치권 ||| 무슨 대단한일이나 독립운동이나 모함으로 감옥갔나..참 어이없게 옥중 편지래....기가 막히네... ||| 최악은 겁먹은 개한테 짖어야지. ||| 천금좋아하네,정치
iVU1J026QcA,[정치 와호장룡] 본격 선거운동…수도권 판세 분석 (2020.04.02/뉴스외전/MBC),MBCNEWS,흰머리는 존문가냐 뭐냐? 수준이 그저 자기 희망사항을 찌껄이는군..... ||| 얼마전 인천 촌동네 발언한 미통당 인간은 언급 안하고  지난 선거에 새누리당의 이부망천도 언급 안하고 김용민을 들먹이는 노인네~ ||| 국회가 대통령보다 더 힘이 쎈 권력이다. 지난 4년 국민이 준 힘을 제대로 사용했는가? 잘 사용 했는가?를 판단해서 투표하면 된다. ||| 무소속은찍으면  안되는 이유가있다 ||| 객원 섭외 실패,정치
bhge6GiYiUk,"200715 강아랑의 정치톡 ('미니 대선' 된 재보선, ""제2의 安 ㆍ 朴 막겠다"", "" '찐문' 빼고 다 손잡자"" )",NATV 국회방송,"4초에 나오는 정치톡 글자 너무 좋네요 ❤❤❤❤ ||| 친문을 비하하는 단어인 찐문 을 쓴 이유가 무엇인가! 뉴스에서 이런 비하 단어를 써도 되나? 당장 바꿔라 ||| ""찐문""이 무슨뜻인가? 국회방송에서 이런 저속한 단어를 써도 되는가!!! 당장 단어 바꿔라.",정치
qGdxuue1ckU,"문 대통령, 외교안보관계장관회의 주재...美 대선 상황 논의 / YTN", YTN,역시 소통의 달인은 외교에 대해서 누구보다 신중합니다. 그래서 대한민국 전국민들과 해외동포들이 절대적으로 지지하는 것입니다. ||| 한미 동맹,정치
myjEc_5tYno,"트럼프, 대선 패배 후 첫 외교무대 등장…""백신 성공적"" / 연합뉴스TV (YonhapnewsTV)",연합뉴스TV,가짜뉴스를 진짜인척 보도하는 찌라시들 ||| 노노 대선 승리후!! ||| FAKE ||| 무슨소리 무슨패배ㅡ소송중인데ㅡ반드시승리함 결과를 봐야지 ㅜ ||| 아직도.미국대통령은 정해지지 않았다 오보.하지마세요,정치
3fx2CSrwN-w,"문대통령 ""적대 정치 청산하고 협치 시대 열어야"" / 연합뉴스TV (YonhapnewsTV)",연합뉴스TV,또 쑈를하는구나 이게협치정국인가. 더이상 편가르지 마시요.. ||| 낮은 차원의 공산주의가 이런 것이다...이것은 시작에 불과하다....남한 인민들은 더 당해야 한다.. 모든 것을 다 빼앗길 걸...왜 사회주의가 그런거야 ||| 웃기고 있네!! 그냥 독재해라!! 목소리만들어도 토나올거 같네!! 입만열면 거짓말만하고 있으니....그 댓가를 치를날이 반드시 올거다.. ||| 니가 할땐 적대 정치 하고 내가 할때 협치 정지 해야 하고 ||| 결코 사회주의 버리지 않을 걸...충성맹세 했는데.....정은 ....ㅊ ㅅ,정치
Qwnq5qvZ6h8,"[더뉴스-더정치] 총선 D-1, 공수표 공약·불량 후보 감별법 / YTN", YTN,💥국민이 국회의원 감별보다  한국언론이 정직하게 제구실 했다면 권력자 환상에 빠저 나라경제 망가뜨리는 한심한 짓거리는 하지 못했을께다 ||| 애초에 국민들이나 정치인들이나 그저 싸우는 거라고 생각하지 일꾼을 뽑는 거라는 생각이 없다 ||| 남자 분들 제발 투표하세요  투표율로 여자 한번만 이겨 봅시다 ||| 기래기 감별법도 올려주면 안되나.... ||| 투표 D-1 황교안 구속 D-2,정치
SliXxmRzxT4,"“조국 수사, 윤석열 정치의 시작”…與, 릴레이 ‘사퇴’ 압박 | 뉴스A",채널A News,정치검사는 안되고 정치법무장관은 괜찮은가? ||| 윤총장이 무슨 정치활동을 했는지 팩트를 말해봐라 한번들어나 보자 ||| 왜거짓말하고자기맘대로 일저지르는법무장관은하늘높이 받들고 일잘하고있는총장을 사퇴시길려는 여당은 대체 무슨속셈인고 ||| 법무부장관이 검찰청장 업무 방해하는거 같은데 ||| 메롱~ 출근 투쟁 윤석열 검찰총장 필승  !,정치
c0tuVo2gBbU,"201112 강아랑의 정치톡 (""추나땡""?, '제3후보' 대선 잔혹사)",NATV 국회방송,강아랑의 정치톡! ||| 아랑공쥬의 독설 그런 코너 없나 ...,정치
RcC2eqgCZFI,8월3주차 [주중 정치iNFO] | 뉴스공장 - 리얼미터TV,리얼미터TV,대통령 지지율과 정당 지지율이 화-수요일 사이에 큰 변동을 보이네요. 최근 이런 움직임이 자주 나오는 거 같습니다. * 코로나가 다시 대유행할 조짐입니다. 마스크와 개인위생 늘 잊지말고 대비합시다. ||| 요즘 지지율에 많이 허기지네요! 담주엔 좀더 오르길 바라보내요!^^ ||| 미통닭지지라니 너희는 전광훈이 대권주자냐??? ||| 통합은 선방했고 민주당 지지율이 이렇게 결집해도ㅠ이상은 못올라가네 실정을 많이한탓이지 화팅 ||| 저는 리얼미터가 튀었다 이런 얘기 하고 박시영 처럼 갑자기 밤낮 얘기하는 거 별로 안좋아하는데 화요일 저거는 튄게 맞지 않나요? 주말부터 월화수는 전광훈 뉴스로 도배였는데 화요일에 저렇게 빠질 수가 있나...일일이여도 부정평가 저렇게 높은 건 처음보는데,정치
eWBYz_rHRTM,"[경제현장 오늘 다시보기] 美 대선 결과에 따른 韓 정치·경제·외교 영향 11월 5일(목)_(미국대선, 트럼프, 바이든)",SBS Biz 뉴스,,정치
KWoymaBQK9w,국회 대정부질문 : 정치·외교·통일·안보 분야 - [끝까지 LIVE] MBC 뉴스특보 2020년 3월 02일,MBCNEWS,"이것들 다 없애버려야해..우리의 조상님들이 살이찢어지고 뼈가 무서지면서  목숨을 걸고 지킨나라를... 이들은 입으로만 일하고 그냥 지네 욕심으로 그 작은나라을 서로 땅따먹기 바쁘다. 인간들아....정말 국민만을 위해서 정치할 사람이 필요하다 ||| 난 강원랜드 비리나 밝혀졌음 싶다. ||| 저런 것들이 국회에서 큰소리 치고 있으니.....정의당 너희들이 미래가 없지 ||| 추미애는 지말만 말이네....아아....지겹다 지겨워.... ||| 순 기능은 강화 또는 유지하고,   모순되거나 부정적 요소들을 철폐하는 쪽으로 개선하면서 계속 존치하는 것이 맞다는 생각.   여성들은 우리의 딸, 동생, 어머니, 처제 등 우리의 가족이기 때문임. 여성은 보호받아 마땅한 존재임에 틀림없고,    영원 불변한  우리들의  우리 남성들의 의무이기도 함.",정치
J4Hp1s9054g,"[더뉴스-말말말] ""그분께서 다시 정치한다니 잘해주길"" / YTN", YTN,도대체 국밋들을 얼마나 생각하고 정치들 하는지 참 궁금합니다 그건 높은분들 자신이 알겠지요 ??!,정치
sco6Hyz55rE,"""검찰이 정치 수사"" vs ""장관이 수사 방해"" (2020.11.06/뉴스데스크/MBC)",MBCNEWS,"공수처 앞두고 마지막까지 아주 발악을 하는 구나 ||| 첩년치니 원전수사로 맛대응 ||| 이런 떡검 수장이 정권을 잡아봐라.. 민주주의? 생각만해도 끔찍하다 ||| 선진국들은 점점 핵발전소 멈추는 추세로 가던데, 선진국 따라하는 것도 핵마피아 같은 기득권 건드리는 건 안 되는구나? ||| 수사하게 두어라, 민주당 잘못한 것 없잖아. 뭐가 두렵지?",정치
NRZ-X92EDTk,당선 무효냐 아니냐…이재명 정치운명 내일 결정 / 연합뉴스TV (YonhapnewsTV),연합뉴스TV,정진석 말씀이 백배 옳은 말씀입니다 ??? ||| 토론회 꼬투리 잡고 재판으로 한정치인을ㅈ압박하는 이게 정상 이냐고요!!??  이재명은 죄가 없다!! ||| 이재명 시장님이 되셨으면 좋겠네요ㅎ 차기 ||| 이재명지사님 제발 파기환송되었으면.... ||| 법대로 처리하라~^~^,정치
rgPclf9OTBA,“공소장은 정치 선언문 아니다”…백원우 등 첫 공식 반론 / KBS뉴스(News),KBS News,ㅋ누가 정치선언문이래.,정치
jN4zGQD6_7Y,"문대통령 ""방역조차 정치화…정치 제 역할 못해"" / 연합뉴스TV (YonhapnewsTV)",연합뉴스TV,"문통령 천세 천세 천천세 적폐청산에 더욱, 힘써주세요 ||| 자기친구 당선시켜줄려고 지밑에 부하들을 총동원해서 울산시장 부정선거 공작이나 하는넘이 스님들 모아놓고 적폐를 들먹여? 저게 인간이냐?",정치
WOfLLNcfK54,[뉴스투데이](이슈인-정치) 공약 발표 등 여야 총선 준비,광주MBC뉴스,,정치
YioUxj25Q8E,오늘 외교·통일·안보 대정부질문…추미애 공방 예상 (2020.09.15/뉴스투데이/MBC),MBCNEWS,오늘 외교  통일 안보 대정부질문서 또 추장관아들 물고늘어진다면 국회의원아들 다까보자고 청원 올려야겠네요 국힘당 일좀하세요 어제  완전 정리됐던데~~ ||| 국민에게힘을주면서 국민의힘하던가 ||| 일은 여전히 안하는  국민의짐,정치
6Xknqw4HUGE,미 대선에 달린 비핵화 협상...정상외교 재개될까? / YTN, YTN,😁😁😁😁😆😆😆😂😂😂😂트럼프의 뻔뻔스런 거짓거리😁😁😁😁😆😆😆😆😂😂😂😂,정치
fCFiTuV-Als,[정치 와호장룡] 재외국민 투표 (2020.03.31/뉴스외전/MBC),MBCNEWS,재외국민은 드라이브스루 투표 한국은 5부제 투표 ||| 캐나다 교민입니다. 토론토 영사관 클로즈했어요 . 전 민주당 지지하고 있는데 어쩌나요. 투표못해서 ㅜㅜ 교민들 보면 거의 다 민주당 지지하던데... ||| 국내 투표도   밀집된 공간에서    하면  위험합니다 ||| 저도 해외에서 통합당 지지하는데 날짜만 연기 되었네요... ||| 독일에서 이번 선거 하려고 일부러 기차값도 비싸도 멀리가서까지 투표하려고 기달렸어요. 일본당 이번에 없애고 싶어 벼루고 있는 교민들이 많은데.... 너무 안타깝습니다,정치
_RpP1MTKg8A,실적 좋은 여권 대선주자 관련 정치테마주로 꼽히는 종목은?   / 고고쑈 성공사례 / 매일경제TV,매일경제TV,무료방송은 어디에서 하나요? ||| 엑셈 ㅡ이재명주,정치
BvZu1GJZeLk,국회 대정부질문 : 정치·외교·통일·안보 분야 - [끝까지 LIVE] MBC 뉴스특보 2020년 07월 22일,MBCNEWS,정의당은 니네 당 정의부터 바로 세우고 나와라. 당의정으로 언제까지 하기 좋은 소리나 할래? ||| 어휴시끄러주겠다정의당은말뿐이다 ||| 대 정부 질문다운 질문을 합시다 제발!! 질문에 관심 갖고 지켜보다가 답답해서 끝까지 경청하기 괴로울 뿐 ||| 추추 답이업다 앞이 캄캄 ||| 핑크당 너네는 해체가 답이다  하나도 변한게없네 정말 징그럽다,정치
Kmg3ETNap-w,[정치 와호장룡] 패스트트랙 기소 파장 (2020.01.03/뉴스외전/MBC),MBCNEWS,검찰이 미친거지.... ||| 패널 바꿔라.. 영혼이 없노 ||| 철문으로 바꿔라 문따려는 엄두도 못내게 ||| 패널 봐꿔라 저런게걸 패널이라고 섭외하나~이상,정치
fi2qjLt1KY8,"[뉴스투데이](이슈인-정치) 총선 앞둔 여야 공천,통합 상황은",광주MBC뉴스,,정치
-pN6KunG5ss,"文, 외교 안보라인 교체…국정원장 박지원 내정 (2020.07.04/뉴스투데이/MBC)",MBCNEWS,제대로 된 인사인지 아닌지는 시간이 판단해줄거니까 그때가서 보면되지 ||| 제대로 된 탕평책.고른 인재등용 문프는 넘멋진 지도자시다💙 ||| 2016년 배신하고 탈당한게 누군데 내정한다고? 믿을수가 있겠나? ||| 대북주  사야하나??? ||| 에라이,정치
ExdML-22GKE,"[정치 맞수다] 이낙연 ""공수처법 개정, 악용 방지"" (2020.11.19/뉴스외전/MBC)",MBCNEWS,"비판과 심판은 국민의 몫이다 ||| 윤석열ㆍ ㅡ공수처로 벌 받는것 보고 싶다 ||| 공수처설치해라 ||| 그냥 밀어붙처----- ||| 공수처를 국민의힘과 협의해서 결정한다는 자체가 아이러니, 블랙코미디다  당연히 불가능한 일이다",정치
C4gtMNYdiFE,[정치 와호장룡] 선택2020 내일부터 사전 투표 (2020.04.09/뉴스외전/MBC),MBCNEWS,"이번 투표는 향후 100년의 미래가 달린 중요한 투표이면서 한일전입니다. 부패와 막말 친일과의 전쟁입니다. 다들 투표로 국민의 힘을 보여줍시다. 👍 and 🖐 ||| 이번 투표는 한일전 입니다. ||| 보수들아,   제정신이고 상식이라도 있다면 미통당을 버리고 참된 보수를 다시 세워라. 특히 유승민아!!!!!!! 안챙피하냐????? ||| 생각이 있구 판단 할수있으면  1번입니다 ||| 더불어 더불어 더더더",정치
mH1MTvo-qWA,12월 5주차 [주중 정치iNFO] | 뉴스공장 - 리얼미터TV,리얼미터TV,수고하셨습니다 ~ ||| 응원합니다 리얼미터~♡ ||| 리얼미터 항상 응원합니다! ||| 와 월요일ㄷㄷㄷ 그래도 수요일 회복 많이 했네요 ||| 보궐도 해주세요,정치
CXyU-NlIX9o,"민주, 오늘 전당대회…이해찬 '32년 정치' 마감 (2020.08.29/뉴스투데이/MBC)",MBCNEWS,"고생하셨습니다. 남은 은퇴후 생활 편안하게 하시길 바랍니다. ||| 이해찬대표님 그동안 수고 많으셨습니다 몸건강하세요^^ ||| 이해찬 대표님 민주화운동부터 정치인생 긴세월동안 고초도 크셨고 고생 많으셨습니다. 대표님 덕분에 잡음 많던 민주당이 안정되고 살아 날 수 있었다고 생각합니다 늘 건강하시고 민주정부가 계속 될 수 있도록 응원 해 주실거라 믿습니다. 새로운 당 대표 후보님들 어느분이 되건 세분 다 자격이 충분하신 분들입니다 다만, 더 정직하고 , 더 현명하고, 더 빠르고, 더 강하게 176 이란 의석수에 걸맞은 결단과, 결행을 할 수 있는분이 되시길 바랄 뿐 입니다 ||| 이해찬대표님 정말 고생많으셨습니다 앞으로 꽃길만이 가득하실겁니다💙 감사드립니다 건강하십시오 그리고 늘 함께 해주시고 목소리 내어 주십시오👍 ||| 이해찬대표님 그동안 수고하셨습니다 정말 감사드립니다💙 앞으로도 대한민국을 위해 큰 역할 해주실 것을 부탁드립니다",정치
Qrl18ugMUhg,"[뉴스투데이]  (이슈인-정치) 선거구 획정안 혼란 우려, 왜?",광주MBC뉴스,광주지역에  코호트 격리된 병원 지원은 어떻게  되었나요?,정치
9ca6zFgWCg4,"문대통령 ""적대 정치 청산하고 협치 시대 열어야"" / 연합뉴스TV (YonhapnewsTV)",연합뉴스TV,너 땜에 나라가 신삼국시대로. 북ㆍ좌ㆍ우로 나누어서 각자 잘 살자!,정치
JGVvHmcJRRM,“기재부는 정치 말라”…지원금 ‘당정 갈등’ | 뉴스A LIVE,채널A News,세금은  빨리 가져가면서 ||| 선거끝나면 괴소리나옴ㆍ 돈안줄린고발악을하네ㆍ ||| 일부러 저런다. ||| 내부 주도권 다툼있나? ||| 괴벨스 : 거짓말도 계속하면 그것도 진실로 느낀다...,정치
OEAk_9Zm6BI,"[정치전망대] 우상호 ""윤석열 대선주자 거론, 어이 없다"" (2020.07.10/뉴스외전/MBC)",MBCNEWS,충격입니다 암담하고  어찌 이런일이 ㅠㅠ ||| 이래서 난 우상호가 좋다. 상식을 상식적으로 다루기 때문이다. ||| 박원순 서울시장님. 삼가고인의. 명복을빕니다.  좋은곳으로. 행복한세상에서. 사세요 ||| 너무너무 가슴  아프고 슬퍼요 김학의도 살고 있는데... 박원순 시장님~   영면하시기  빕니다 ㅠ ||| 너무나 않타깝습니다.   슬픈일이네요,정치
9FrlRgRbB8g,[#해시태그 #정치사전_정당편],NATV 국회방송,,정치
sfG1iU8yypw,멀어지는 '4연임'의 꿈…'의회 해산' 승부수? (2020.06.24/뉴스투데이/MBC),MBCNEWS,펀쿨섹 응원합니다. ||| 아베상~~욕심이 너무 많습네다 ||| 힘내 아베 ||| 우리나라는 상상도 안되는걸 하는 섬. ㅋㅋ. 아베 계속해야하는데 . 힘내 아베 ㅋ ||| 고이즈미 힘내라!!!!,정치
BH0Z6Bh2CY4,[총선 맞춤] 4.15 선거 전 주요 정당들 헷갈리면 클릭! | 씨리얼 정치수업,씨리얼,"소수정당들에 대해서도 더 자세한 내용을 다루거나 인터뷰 영상 만들어주시면 좋을 것 같아요☺️ ||| 여당,야당이 뭔지 기초부터 시작해서 친구한테 말해주듯이 설명해주는게 너무나 재미있게 정보를 획득할 수 있었어요! 이런 관련 영상들 더 만들어주세요!!  정치관련해서 알고싶은게 많은 사람중 하나였는데 뉴스기사에는 모르는 말들이 가득인 뉴스제목들을 보고 아...정치는 점점 나랑 멀어져가는건가 싶었는데 이 영상을 보고 더 관심가지게 되었네요! 체고! ||| 후손들 한국사 배울때 힘들겠다. 당이름 어케 다 외우지...  남인 서인  북인 소론 노론 도 헷갈리고 독립운동단체 이름도 헷갈리고 공화국 법개정된거 외우기도 힘든데.... ||| 마트료시카로 정당의 이름을 바꾼 걸 표현하시다니....! 항상 재밌게보고 있어요ㅠ 요즘에 가장 필요했던 영상! ||| 이번에 투표권 생긴 저와 같은 분들... 열심히 공부해서 투표 꼭 합시다 귀찮다고 안 하지 말고 모른다고 막 찍지 말고ㅠㅠ 뉴스 잘 챙겨 보면서 고민 많이 해요 우리",정치
2mSu7Hr5Qmw,포용성장 정책 이야기 | 기획재정부,기획재정부,잘살아보세 ||| 모두가 다함께 잘산다...이거 어디서 많이 듣던건데...레닌? 소비에트?,정치
AVGGJOG7sz4,[세계는 그리고 우리는] 文정부 의료정책 심장병에 아토피 처방하는 격 - 김진현 (대한전공의협의회 부회장),MBC 라디오 시사,"그냥 솔직해져라. 밥그릇 뺏기기 싫다고...!!! ||| 하다하다 사람 목숨가지고 이젠 장난 질이냐..으이구.. ||| 옆집에 치킨집 더 생길 수 있으니 그게 싫다는게 아니고 ||| 시대의 흐름이다 .... 따르거라...그럴까싸 하게 포장해봐야... 이기적인집단으로만 더 보인다...나들만 대우받고 특별하게 살고싶겠지만..그러려고 의사했겠지만...시대가 거기까지만  이래쟎니...그만해라 얄밉고 가짜나 ||| 전공의 파업은 국민 건강권을 볼모로한 직역 이기주의의 심각한 작태이다 의대정원 확대는 시대적 국가보건 정책이다 oscd국가의 평균의사수는 천명당 3,4명인데 비해 한국은 2,4명으로 절대적으로 부족한다 의협이나 전공의의 주장은 명분도 설득력도 없는 오직 기득권지키기에 불과하다",정치
AyLmU5DmlLc,치매환자와 가족을 위한 치매안심정책 마련｜제4차 치매관리종합계획 수립,보건복지부TV,요양병원 관리나 잘하시요 치매환자  인간대접 받도록요 ||| 치매 국가책임제 감사합니다,정치
ePpI2DsQALU,여야 ‘부모보험’ 논의…보육정책 경쟁 치열 / KBS뉴스(News),KBS News,미친 현재 육아휴직을 확대할게 아니라 집값을 먼저 잡아야 결혼을 하지 결혼만 하면 애들 평균 출생률은 높다는 걸 모르는건가?????? ||| 지역 균형 발전 및 탈도시화와 마을공동체 강화로 해결해나가야 합니다. 친환경 농업으로 식량 자족 사회를 만들고  자연과 함께 아이들이 자라는 건강한 미래를 위해서 문명의 대전환이 이루어져야 합니다. ||| 기업도 없고  직장도없고.장사도 안되고 .기업죽이고 누가 자식을? 기업을 살려 직장.직업 멀쩡하면 저절로 핵결되지. ||| 출생률이 안느는건 결혼율이 낮기때문이지 결혼한 사람들의 평균 출생률은 2명이 넘음 ㅋㅋㅋㅋ ||| 🤮《■또 공무원들을 위해 법안■》이 만들어 지고 있네! 일반인들이은 하늘의 별따기로 보이는데요,정치
3weGjSFknoo,"2020년, 방위사업청을 빛낸 정책 어워즈 [방사청사람들]",방위사업청,,정치
mAxjQ7BmZKQ,의장단이 뭐길래.. 지방의회 파행,울산MBC뉴스,지방의회  없어져야 합니다 무임금으로 시작해서  자기들 맘대로 임금제도 만들고 ||| 시장님 의회 없어도 되니 젊은 친구들이 일할수 있도록 해주세요. ||| 의회 없어도 된다. 쓸대 없는 곳에 돈을 쓴다 ||| 그게 뭐라고 정치 싸움 하냐 누가 주도하는거냐 김기현이냐 누구냐? ||| 그게 뭐라고 정치 싸움 하냐 누가 주도하는거냐 김기현이냐 누구냐?,정치
XS7wfvG1uGk,내 삶을 바꾸는 양성평등정책 대국민 공모전 결과 l 답뱃갑 경고그림 l 지자체 마스코트 등,성평등가족부,"영상 감사합니다. 배구선수 유니폼 규정을 개선할 필요성이 분명하네요. 우리나라 국가대표 선수들 경기를 볼 때마다 운동하기 불편하고 경기력이 떨어지겠다 싶었는데, 불편사항에 대한 실질적인 정책 제안이 이어져서 기쁩니다. 정책개선이 이어질 수 있도록 앞으로도 많은 활동 부탁드립니다. ||| 우리 일단 공사판 일용직 노동자 비율을 50 :50으로 맞추는 거부터 하면 어떨까요? 원래 이런 건 아래서부터 차근차근 하는 거잖아요 ||| 아니 왜 여성가족부 유튜브에 다들 다른 말들만 하시는지.. 그쪽 기관 유튜브 가서 하세요ㅜㅜ 이건 뭐 대통령한테 법 좀 바꾸라고 하는셈;; ||| 좋은 정보 감사합니다! 항상 응원합니다 ||| 정보감사합니다",정치
xQjIJTBU4Pg,"[청년의날] 강원도 청년정책, 강원 청년정책 담당관이 소개합니다✨",국무조정실 청년정책조정실,다양한 지역의 정책을 담당하는 분이 궁금했는데 강원도 분까지 좋은 말씀과 축하 감사드립니다^~^,정치
FyxIQgmAZm4,서울시의회 '서울 정책진단TF' 출범 [전국네트워크],MBN News,일자리 늘리는가,정치
n9hiYFiCSbk,"[하이라이트] 민주당? 한국당? 위성정당 책임 논란! 유시민 X 박형준 오디오 꽉찬 토크 | 민심포차 ep.3 '보수의 심장, TK를 가다' | 정치합시다",KBS 선거방송,점잖게 헛소리하면 헛소리가 아니랍디까? ||| 내가 법제정에 참가하지 않은 법은 안 지켜도 된다.이말 책임질수 있으십니까? ||| 저래도 뽑아주니까 문제지 동네사람들 반성좀 하세요  지긋지긋한 저놈의 집단 ||| 박형준씨가 해석을 잘못하네. 한국당이 공수처법 개정에 참여했다면 연동형 선거제도 개편 안됐을 거다.  민주당이 공수처법 통과시키기 위한 반대급부로 소수정당에게 연동형 선거제도 개편 던져준 거 아닌가. 본인들이 국회활동에 참여하지 않고 권리를 주장하지 않으므로 해서 벌어진 일을 이제 와서 비례한국당 만들어서 어떻게 해보겠다고 하면 그건 도덕적으로도 비난받을 일이고 똑똑한 국민들이 용납을 안한다. ||| 유시민 작가님의 시원시원한 비판. 우리 사회는 이런 건강한 비판을 원하는 겁니다. 자한당은 이번 총선에서 역사속으로 사라지길 간절히 바랍니다.,정치
oHOKBlwdSN0,"[심층인터뷰] 정책형 뉴딜펀드, 구체적 투자 계획은? / KBS뉴스(News)",KBS News,기본도 없는것들이 무슨 펀드조성을 한다고... ㅉㅉ ||| 사고나면 국민은 어떤 피해를 입나요? 제정에서 부담한다는게 세금이 들어간다는건데 국민들이 손해보는 구조 같은데요.,정치
Vf1cH23zrSs,"[김종배의 시선집중] ""위성정당 없어도 미래한국당 의석 줄일 수 있어"" - 이정미 (국회의원/정의당)",MBC 라디오 시사,그려 정의당은 그냥 독자노선 가라 제발. 지금 이미 비례후보들 개 욕먹고 있던데 민주당에 껴봐야 민폐다. ||| 정의당은 캡30석에 대한 책임은 1마디도 안하네. ||| 흠...민주당 비례후보 내지말고 정의당에 몰표주란거지?싫은대?니들 하는짓이 미통당보다 더하는대 미첬니?노회찬없는 정의당은 없다 ㅅㄱㅇ^^ ||| 정말 꽉막혔구나...듣고 있으려니 답답하다. ||| 헐 결국 민주당 지지자가 지들 비례로 밀어줄거라는 밥그릇 욕심이네,정치
62T5ZoGGkX8,"""우리가 살아야 국회가 건강""…군소정당 '최후의 호소' / JTBC 뉴스룸",JTBC News,고마해라,정치
GZsQ0bYZG8E,"고용, 복지, 금융 등 정책서비스 모두 제공! 고용복지플러스센터",청년정책사용설명서,,정치
gwAz6MifB1c,[풀영상] 제21대 총선 정강정책연설 - 미래통합당 / KBS뉴스(News),KBS News,난 이분이 참 좋아요 ||| 역시 최고! ||| 힘내세요. ||| 남을 헐뜯지말고 정책을 내놔라. 한심한 놈들아~ ||| 공식적인 정책발표 영상인 듯한데내일 투표일인데 오늘까지 1591회 조회수네요당원들도 정책에 관심이 없나봐요,정치
FUtoI9n93-M,[경남up] 농민 농업정책을 말하다 | KBS 201116 방송,KBS뉴스 경남,,정치
6cshVlzyELY,제95회 창원시의회 정례회 2차 본회의,창원특례시의회,,정치
GY0mChqsgQc,"""의장 권한""VS""독단""…동작구의회 또 '공회전' / 서울 현대HCN",HCN 핫콘뉴스,,정치
3qT5-BEYnfI,"""야당 위성정당 20석 넘으면…"" 민주당 '비례연합' 고심 / JTBC 뉴스룸",JTBC News,"심상정, 정의당 믿지마라! 뒷통수 깨진다 ||| 바보들!!!! 다 뺏기고 후회하지 말고 현실적으로 생각해야!!!! 이에는 이!!!! 똑같이 비례정당 만들어야 이긴다!!!! ||| 마치 민주당 지지한다면서 이거 하면 지지 안한다는 사람들은 진짜 민주당 지지자 아닌듯. ||| 이기고 뵈야된다ㆍ 이겨야 민주주의가 온다ㆍ 선비같이 저들을 대접해주지말거라 ~ ||| 정의당 토사구팽이라고 하죠 민주당에서 끝장났네요",정치
wg_Q3SSBKh0,국내외 대규모 경기부양 정책에 증시 급반등,서울경제TV S,,정치
mMAB_skMOzo,[섹션뉴스] 지역위원장에 현직 단체장 지방의회 위축 우려 2020.08.11(화),KBS뉴스 전북,,정치
siXTEfjHGfU,혁신·연대…21대 국회 소수정당의 생존법 / KBS뉴스(News),KBS News,정의당 국민의당 미통곡당 니들의 도움이 필요없어...ㅎㅎㅎ 심상정 알았니..ㅎㅎㅎ ||| 민생당은 해산했으면 좋겠고 정의당 열린민주당은 생존을 위해서라도 더불어민주당이랑 힘 좀 합치자 뭉치면 산다,정치
MiHaTxFLczE,타이완 의회에 '돼지내장'이 던져진 이유는?! 역대급 비린내에 몸싸움까지…/ 비디오머그,비디오머그 - VIDEOMUG,"우리나라만 싸움판이 아니었구나 ||| 우리나라국회 진화단계네 우리국회 좀 만 심해지면 이렇게 되겠다 ||| 민주주의, 그것은 스포츠입니다. ||| 저 맛있는걸 던지다니... ||| 락토파민 함량에 대한 안전성이 명확하게 밝혀져야 겠군요",정치
b8b5P7fMakY,선거법 안 바꿨다면? 위성정당 안 만들었다면? / SBS / 사실은,SBS 뉴스,저 문도 의자도 가구도 다 국민세금이야. 니들이 함부로 부실수 있는게 아니라구. 왜 시간이 흘러도 때리고부시는건 고치지않는거야? ||| 더민주당은 위성정당 안 만들고 미통당만 위성정당 만들어서 진행했다면 어떻게 됐을 지는 안 알려주시나요 ||| 정의당이 캡 20 받았으면 통합당도 민주당도. 비례정당 안만들었걸.   민주당이  캡30하면 한국당이 비례 만든다고. 캡 20 으로 하자고 했는데  정의당이 30아니면 선거법 절대 통과  안된다고  해서  민주당이  어쩔 수 없이 공수처때문에 받은거죠. 캡 20하면 정 의당이 가장 큰 수혜 자. 였습니다 ||| 그러니까 선거제도가 문제가 아니고.. 국민들의 선택임... 제도 탓하지말고  국민들의 지지를 왜 못받았나 자기  반성을 하기 바람.. 그렇지 않다면 다음선거에서는 아마 없어질걸...  오렌지인가 먼가하는것들... 우리나라 노동자가 천만이 넘는데도 지지가 안나옴..이유를 생각하기바람... 제도 탓하지말고... ||| 이런건 슬그머니 넘어가는거 누가 됐건 규칙에 정정당당하게 임했으면 좋겠다,정치
IV1FzN3KGf4,코로나19 피해 최소화를 위한 기업지원 정책 4가지 | 오늘의 정모,산업통상부,,정치
sMlxlyKRf-A,[현장의정]#자원순환정책 대전환을 위한 시민공동행동 발표회(2020.10.15),인천광역시의회,,정치
uk6YYgyssZA,나주시의회-나주시 갈등 깊어진다! (뉴스투데이 2020.9.23),광주MBC뉴스,,정치
tpIUJBFnzNM,제21대 국회의원선거 제1차 공직선거정책토론회,KTV NEWS,"가짜뉴스 없는 ★KTV 라이브★ 채널로 놀러오세요! 문재인 대통령 소식과 정부 행보, 객관적인 '팩트'만을 라이브로 전달합니다. KTV 라이브 채널 생방송 채팅창에서 같이 놀아요 :)  📡 문재인 대통령, 정부 행사, 정책 브리핑 수시 방송 📡 생방송 대한민국 1부(10:00~11:30)  📡 생방송 대한민국 2부(16:30~17:30) 📡 KTV 대한뉴스 (19:30~20:20)",정치
JTlKwBAORhk,[7시뉴스제주/201013 짤막대담] 제주도의회 행정사무감사 돌입,캔디 KANDY_KBS제주,,정치
eeH5ap1dgAE,"기초단체장, 기초의원 정당 공천제 폐지 촉구",포항MBC NEWS,,정치
5w1ym58QQQA,"NATV 이슈토론 (20회) 20대 국회 마무리와 21대 국회 준비, 과제는?",NATV 국회방송,잘 봤습니다 ||| 새누리당 보수쪽은 왜 죄다 경상도사투리냐.. 진짜 지역정당 된건가.. ||| 윤춘장은 공수처 수사 1호다.,정치
0Z7HkxhcViw,"NATV 이슈토론 (24회) 국회 원구성 갈등, 해법은?",NATV 국회방송,"https://www.youtube.com/watch?v=KF4QTXDpbZA 우리가 손잡고., 국회의원들이 이런 마음이라면...공감되는 영상이라 올려봅니다.",정치
OBXRPyaTipY,"NATV 이슈토론 (28회) 여대야소 국회, 협치 방안은?",NATV 국회방송,영상 잘보았습니다! 참 협치란말이 맘에들지 않기는 처음입니다,정치
bC3Y7LJcwRg,"NATV 이슈토론 (37회) 21대 정기국회, 여야 협치 가능성은?",NATV 국회방송,홍교수님♥♥♥♥ 지지합니다 !!!!,정치
Y0iDfrRAo0E,"NATV 이슈토론 (38회) “21대 첫 정기국회, 쟁점과 협치 방안은?”",NATV 국회방송,앵커야... 아무리 가재편이라도 국후방송이라면 공평하게 진행해야아지 않을까? ||| 나 도지산데... 나 예결위원 해 봤는데..,정치
ctauqqRY2j8,"NATV 이슈토론 (12회) 4.15 총선, 핵심 변수는?",NATV 국회방송,현재 여러가지 문제를 야기하고있는 비례대표제에 대한 전문가들의 의견을 국민들이 이해하고 투표할수 있도록 선거전에 공개토론기회를  각언론사들은 마련해야한다. ||| 김형준 교수님 평론 귀에 쏙 들어 오면서 현 상황을 생각하면 평론에 전적으로 공감합니다 ||| 요즘 흐름으로 볼때 이번선거에서 이슈는 국가혁명배당금당이될것같다. ||| 국회의원들 빼고 토론하니 훨씬 낫네요. 전체적으로 균형잡힌 토론인 것 같습니다. 김형준 교수님 의견에 동의가 많이 되네요. ||| 정당 이해관계의 합리적 조정을 위한 법률개정을 주요 당사자를 배제하거나 토론도 거치지않고 집권당만의 유리함만을 위한 편법 법률개정 자체가 많은 문제를 야기한 것으로  집권당은 책임을 면하지 못함으로 심판받는것이 당연하다. 두번다시 이러한 편법절차의 법률개정은 의회민주주의를 포기 말살하는 행위로 제동장치가 먼저 마련되어야한다.,정치
wspnv11Ygas,"NATV 이슈토론 (23회) 21대 국회 임기 시작, 협치 이뤄낼까?",NATV 국회방송,법대로하자. ||| 해진아 머 좀 알고나와라. 증인 둘이 더 있다 최씨는 검찰 고발했어 검찰강요에 의증했다고 ㅠㅠ ||| 야당이 할일이 없을리가요.. 더 좋은 법안내고 개혁하고 시민들을 위한 생각을 더 하세요 단 한번이라도 당신들의 존재감에 실망하지 않게 해주세요 제발 부탁합니다. 국민들을  분열시켜 다음 당신네들 국회의원 자리보존 하시려만 할겁니까? ||| 개헌부터 당연한 일을 ㅠㅠ 미통당도 바꿔야지 산다. ||| 1당 독재 가즈아 야당패스,정치
Ciu8TC0h6Wo,NATV 이슈토론 (21회) 21대 국회에 바란다,NATV 국회방송,저놈들믿지말고 민주당ㅇㄴ 국민말만들어라,정치
XhS0ND7Xpc4,NATV 이슈토론 (17회) 21대 총선이 남긴 과제는?,NATV 국회방송,미통당 100석도 아깝다. 딱 50석이면 족할듯 ||| 보수패널의 단점이 여실히 드러났네요. 유권자들이 힘 조절에 실팼했다면서 아전인수식으로 해석하고 기고만장한 자세를 보이네요.  전혀 반성의 기미가 없네요. 유권자들이 정확한 심판을 했다고 봅니다.   이제 국민들은 보수는 눈에 가시이고 진보는 설익은 민주주의가 아니고 성숙한 민주주의 꽃을 피워야겠습니다. ||| 난 미통당이 100석 이상 가져 갔다는게 이해가 안된다 민주당이 200석 정도로 생각했는데 아쉬울뿐이다 ||| 미래통합당의 믿을수 있는 인간이 있나...더불어민주당에 180석 준것은 미래통합당 과 협치 하지 말라는 국민의 명령이다. ||| 최민희의원님 오늘도 고생하셨습니다.,정치
8FhyD-6NF9g,NATV 이슈토론 (8회) '21대 총선을 전망하다',NATV 국회방송,"심판하기전에   나는  무엇을  잘 못했는가를  먼저  뒤돌아보길  바라오,,, ||| 이종훈 말씀 은조금이해가 안됩니다 최창열 교수님 말씀이 동감이갑니다 우리국민들은 탄핵을덥고 가자하면 국민이 용납 안된다고 생각합니다 ||| 검찰총장 임기 6년? 러시아 대통령임기가 6년이다. 검짜르청장이냐 ||| 문재인의정부는한마디로이념을떠나서사기에가까운거짓으로국민을우롱하고있다문재인과조국은인간으로서의양심이아예업다는것이다들어났잔아잘못했다는말은할줄도모르고억지로법도체면도뭉게버리고마구밀어부처버리니이보다더한심한게있겟나그기다종북과친중에올인하는처사는천벌받을꺼다 ||| 이인현같은사람이라니?한심하내요",정치
ET5yzs_E3wo,NATV 이슈토론 (18회) 18회 총선 이후 정치권 현안과 과제는?,NATV 국회방송,,정치
Ybq2mIxEnyo,[LIVE] 100분토론 신년특집 - 정치개혁을 말한다,MBC 100분 토론,"00:20:19 본방송 시작 00:30:22 토론1. 분열의 정치 해법은? 00:46:14 정치신인, 이의 있습니다! 00:58:25 토론2. 4/ 15 총선과 정치개혁의 길 01:13:14 시민토론단, 의견 있습니다! 01:27:12 유튜브 라이브 시작 ||| 나 예전에 대통령 선거만 투표 참여 했었는데 이제는 모든 선거에 참여해야 겠더라 왜? 투표율이 높아야 모두를 위한 정치가 이루어 지겠지! ||| 타방송 신년토론보다 훨씬 신선하고 전문적입니다 진영을 떠난 이런게 진짜 토론 아닐까요? ||| 좋은 토론의 장인 것 같습니다. 투표 전에 후보가 어떤 사람인지 충분히 알 수 있도록 알려주는 장치가 필요하다고 봅니다. ||| 나쁜걸 알아야 좋은게 왜 좋은지를 안다 이런 시기도 있어야 좋은 시기를 빨리 당길수 있는거 아닌가 싶다",정치
iT8e8RWMifw,NATV 이슈토론 (10회) ‘4.15 총선’ 관전 포인트는?,NATV 국회방송,"총선 연기관계는 표 계산을 열심히 하고있을것이다.연기해서 득이되는 계산이 나오면 무조건 연기 할것이다. 이기기 위해서는 무슨 일이던지 해왔고 할 수있는 자들이기 때문이다. ||| 다 문제없고 선거 뒤에 보자 어차피 연동형비례제는 꼼수인건 맞고 꼼수가 온갖 꼼수를 낳는 법 선거 후 선거법은 없애야 한다.. 무슨 놈의 비례 노리는 정당들이 40개가 넘어가냐?. ||| 얼어붙은 코로나 정국, 즉 경제위기를 누굴 뽑는것이 대처나 극복에 도움이 될 것이냐가 총선의 핵심이슈 아닐까요? ||| 서로 헐뜯고 비난밖에 없는 백해무익한 기성 정치권 답 없습니다.말종이고 종말 단계에 이르렀다.모두요즘 남녀노소 민심 완전 달라진게 실감납니다.새로운 국가혁명패당금당에 관심과 환호 거의 뭐 절대적입니다.기성 정치권과 정치꾼들 이제 다 사라져야 할것 같습니다. ||| 자유민주주의 와 사회주의 대결~ 거짓과 진실의 선택 꼭 투표합시다",정치
HU369M97UH8,[KBS열린토론] [정치의 재구성]  집나간 정치를 찾습니다 & 달라지는 국정원 200803,KBS 1라디오,"이거 처음 보는데 정준희 MC 분 왜이렇게 정리 랑 진행 잘하심 ㅎ ||| 이준석씨 계속 열심히 하시길 빕니다. 장외 투쟁같은보다 계속 토론과 대안을 제시하는 야당이 되길 기대하고 계속 열심히 해주세요. ||| 김준우 변호사님, 진짜 서민이 전세보다 월세를 선호하는 게 아니에요. 보증금이 여의치 않아 어쩔 수 없이  월세를 택하는 경우가 더 많답니다. ||| 이준석 말 진짜 잘하네.... ||| 나 대깨문이지만 젊은 정치인이 상쾌하다 이준석이있어 본다.",정치
A7fUG72v0Yg,"[토론 순삭] ""야당 비판할 때는 언제고...내로남불!"" VS "" 정당방위"" / [아찔한#토론_순삭 #18] / 비디오머그",비디오머그 - VIDEOMUG,그냥 우리나라 국회는 초딩들 학급회의보다 수준낮음 ||| 언론이 대놓고 정치질이네? 나원참  기레기는 죽지 않고 또 살아왔네!!!! ||| 한국당을 불법이고 그에대한 정당방위라고말하는거 자체가 내로남불아님? ||| 이번 사건은 국민이 선거로 판단한다.. ||| 비례위성정당 논란 : 한국 정치의 미래와 발전을 거대양당에게 맡길 수 없다는 게 증명된 사건,정치
HSitkLHzwuo,"특집생방송 이슈토론 ""2020 총선을 말하다""",NATV 국회방송,180석 압승은 더불어민주당 단독으로 국민을위한 법안 통과 국민명령이다. ||| 성한용기자님   짱~~^^ ||| 지역구도는 호남 대 영남으로 갈라진게 아니라 전국 대 영남으로 갈라진거죠. 영남이 스스로 왕따를 자처한 형국이지만 실은 미통당과 미통당을 중심으로 세력화된 영남의 기득권들이 똘똘 뭉쳐서 혹세무민하며 영남을 정치볼모로 붙잡고 있어요. 영남 시민들도 얼른 정신 차립시다. 정보가 넘치는 시대입니다. 편견을 버리고 정의감을 갖고 시민으로서 적극적으로 깨어나세요. 미통당이라는 껍데기를 깨고 나오셔야 합니다. 미통당은 극우로 밀려나서 지금보다 더 세력이 확 쫄아들어야 합니다. ||| 코로나 대응을 잘하도록 민주당을 밀어준것이라기 보다는 우리나라가 아베정권으로 개판이된 일본처럼 될까봐 극우 수구당을 안찍은 것 뿐이다. ||| 송국건님 진짜 답답합니다...미통당 안뽑은 이유를 아직도 전혀모르고 있어...,정치
lg0MEz6Aaes,"[TV토론] ""위성정당이 정치를 어지럽히는 것도 국난입니다""ㅣ정의당 강상구 비례대표 후보",정의당 TV,강상구 후보님의 사이다 발언으로 가슴이 뻥 뚫립니다~~ 기호 6번 정의당 화이팅!!! ||| 강상구 후보님 토론 시원시원하게 잘 하시네요 국회에서 꼭 뵈었으면 좋겠네요 ||| 개혁을 꼼수로 막고 있는데 꼼수를 없애야지 개혁을 없애냐? 구구절절 맞는 말이네 이번에 정의당 원내교섭단체 꼭 만들어야지!!! ||| 역시 정의당 !!! 강상후 후보 사이다네요 ||| 상구님  잘해써요^^,정치
pVUXFYxJ-hA,[100분토론] 정치에도 '꼰대'..하이라이트+미방송분,MBC 100분 토론,내 때는...이거 부터 이미 꼰대의 시작임 사람이 안 물어보면 나이 성별 할것없이 내가 낸데~ 식의 그딴 드립 안치면 됨 ||| 그치 지금 어른세대는 전쟁 폐허 후에 한강의 기적 일어날때 미친듯한 고도 성장기를 살아온 사람들이고... 지금은 전세계가 저성장 국면으로 접어든 상황이고 뭘해도 이미 경쟁이 워낙 치열해졌고 게다가 평균수명까지 늘어남 정년은 짧아지는데 빈부격차가 심화되면서 상의1%가 거의 모든 부를 차지하고 개나소나 자영업 했다가 망하고 인구는 점점줄고 소비는 위축되고 한국은 특히 고용창출이 낮은 반도체나 일반 제조업 위주의 산업 비중이 커졌고... 거따대고 라떼는말야 시전하면 진짜 틀니 빠개고 싶긴 하지 ||| 권위주의도 꼰대  개인주의도 꼰대  어른이나 청년 서로 고쳐야함  본인들이 듣고 싶은일만 듣기   하고싶은일만  하는것 그것도 꼰대다 ||| 근데 이거 편집이 잘못된건가요? 박용진의원은 질문이랑 전혀상관없는 소리를 하고있는데 ||| 저여자분 눈 보면 하아 이쁘다,정치
xnEfPfQzSr4,"[KBS열린토론] _ [정치 티키타카] “4.15 총선 표심 가를 3대 키워드” / 정준희, 이진순, 김민전, 조성실, 송문희 (20.01.24)",KBS 1라디오,정준희 교수님 존경합니다  많은 정준희가 언론을 이끌어야 한다  지금부터다 ||| 아~정준희 교수님 제가 이런말 할 입장은 아니겠지만 패널들 수준이 너무 구시대적이고 시대적 흐름을 따라가지 못하는거 같아요! 열린토론에 정준희만 있고 패널은 없다.. ||| 자유와 공정의 가치는 비교대상이 아니다 ||| 정준희 교수가 아깝군. 패널 선정을 좀 신중하게 선정합시다. ||| 김민정 교수님은 확증편향을 가진 안철수 지지자인 정치인 아닌가요?,정치
AVwKe6Xrslg,"[JTBC 뉴스룸 신년토론 풀영상] 한국 정치, 무엇을 바꿔야 하나 (2020.1.2)",JTBC News,오늘 토론 재밌고 들을만했다! ||| 꼭 투표하러 가야겠다고 재다짐한다 ||| 댓글 처음 남깁니다. 명품토론이었습니다. ||| 수준높은 토론 ||| 법안지키고 범법자많은 국회의원부터 다바꿔야합니다,정치
7cyJ9YkVTXQ,[KBS 열린토론] '정치 티키타카'여야공천 & 세대교체새 얼굴이 없다?,KBS 1라디오,"꼭 새얼굴만이 답은 아니죠? 새얼굴에 따라 무게가 다르고, 오히려 중진의원들이 경험도 많고 난국을 헤쳐 나가는것이 바람직 할 수 도 있다,  미래한국당명을 허가 해주었다는 것 자체가 투명한 선거법을 관리하는 기관이 맞는지 의심스럽다. ||| 맞습니다. 당을 만들지 마세요 현실에서는 그것이 우상화와 이단이 됩니다. ||| 글쓰는 사람들 개념 좀 탑재하고 쓰라고 ||| 지금이라도 회개하세요 ㅎㅎ 회개하라 천국이 가까왔느니라! ||| 송문희 뭔 소린지 대구 사투리 듣기도 싫은데ㅋㅋ",정치
8KUGWdgwrns,[밤샘토론 H/L] '정치 총장' vs '총장 흔들기'…현 상황의 문제는? / JTBC News,JTBC News,"국민이란 말은 쓰지 마세요 우리 국민이란 말 ||| 곰철 해체 시켜라 추정관 최고잘한다 최고최고 ||| 왜 여기서 가황 나훈아님을 팝니까 ||| 거짓말도 습관처럼 하다보면 사실로 믿는 정신병자다!검찰이 그동안 수사을 한답시고 온갖 범죄행각을 벌이고 지들 맘대로 하다가 맘대로 못하니까 깽판을 치네! ||| 윤총장은 해야할일에 공정성이 없어서 제 식구 감싸기. 선별적 수사로 정치를 하고 그 뻔뻔함은 당신 같은 사람이 비호 하고 있기 때문이다. 몰라서 그러냐 모른척 하는것이냐 이제, 국민 우롱도 방송에 나와 대놓고 하는가? 패널 수준 하고는....",정치
6GLIce9WDNU,"진짜100분토론 - 정치개혁 ""국회어떻게 바꿔야 하나""",김민석TV,"김민석 영등포구(을) 예비후보 후원 계좌를 안내해드립니다 ^^ 국민  028001-04-278156 예금주 : 영등포구을국회의원예비후보김민석후원회  주의할 점! ◆ 개인이면 누구나 후원할 수 있습니다   ◆ 법인이나 단체 명의로는 후원하실 수 없습니다   ◆ 10만 원을 후원하시면 전액 환급 받으실 수 있습니다   ◆  한 사람이 한 후원회에 기부할 수 있는 한도는 연간 500만 원입니다   ◆  연말 정산 환급용 영수증이 필요하신 분께서는 후원을 하신 후에  후원인 인적사항을 등록해주셔야합니다 후원인 인적사항은 (http://naver.me/GV8dmrce)으로 접속하여 인적사항을 등록해주시거나, 이름/전화번호/주소/생년월일을 작성하여 010-5661-2030 또는 2030mskim@gmail.com으로 연락 주시기 바랍니다.  법인, 단체, 외국인, 공무원, 교원은 후원할 수 없습니다.  자세한 사항은 http://kms2030.kr에서 확인하실 수 있습니다 ^^ ||| 정청레의원님화이팅 1등정치인이다 관리만하지말고 의원으로출마하세요 꼭국회로가야하는대",정치
5mlDRr1awoI,NATV 이슈토론 (3회)  막 내린 패스트트랙 정국 막 오른 총선 정국,NATV 국회방송,,정치
9W9IoLBoChs,"[KBS열린토론] 4.15 총선기획-내 삶을 바꾸는 정치 ‘투표는 투자다’ 2부 여성편 / 정준희, 남인순, 김현아, 장하나, 오지은 (200228)",KBS 1라디오,정준희 교수님에 대한 본격 덕질과 미디어 비평을 겸하는?ㅋ 작은 카페를 '다음'에 열었습니다. ^^ 시간 되시는 분 한번 들러주시고...회원 가입도 해주시면 더욱 감사합니다.^^ '다음'에서 <정준희 교수>를 검색하면 됩니다. ||| 이제 얼마있으면 김현아 얼굴 안보겠구나.....조타!!! ||| 막말하는 김현아는 안된다. ||| 30% 공천할 인물은 있고?  우리 지역 비례대표 시의원 정말 힘들게 됐는데 정말 별로다.  우선 여성이던 청년이던 인물을 좀 키우면서 얘기 하세요.  그럴려면 당신들같은 기득권이 좀 내려 놓는 거 부터 해보시길 바랍니다. ||| 정하나 아니고 장하나. 오타 있네요.,정치
9Ju5qbFXRW4,"[KBS열린토론] 내 삶을 바꾸는 정치-투표는 투자다 (자영업자편) / 정준희, 전순옥, 차남수, 박상인, 이정희 (200330)",KBS 1라디오,22:29 ||| 오늘 토론은 정준희 교수님 정도 되니 이 정도까지 나왔단 걸 제작진도 아시겠지만. ||| 전순옥님 중구에  소상공인만 있는게 아닙니다 봉제노동자도 무지많은동네입니다  봉제 소공인이 힘들면 종사자는 더 말할나위없이 힘들겠지요 사업주위주의 협회나 조합관련   사업주 이야기만 듣지마시고 종사자들  지금도 14시간 이상 최저임금도 못받고 객공이란이유로 머리허연 나이에도 열심히 미싱돌리고 있습니다  종사자들 이야기에도 귀기울여주세요 어찌된게 한번을 만나서 이야기를 들어보질 않는지~~ 머리아픈구조라 외면하고싶겠지만 단 하나에 정책이라도  고민하고 있는지 의심스럽습니다 ||| 700만 자영업 25%~~ 3000만원시 ~~~~52조~~~~대부분 자금이 건물주로 들어간다?~~~ 차라리 자영업을 폐업 신고하고 일정기간 실업 수당 받게 하고 코로나 끝나면 그때 3000만원 대출해줘라. 재기 비용으로~~~~~~52조 대출해주면 대부분 건물주 임대료로 들어간다. ~~~ 임대료에 들어갈 세금을 절약해서 실업수당으로 돌리고 위기가 지나가면 재기비용 대출로 돌려라. 이게 맞다. ||| 미국 뉴욕을 비롯한 거의 모든 자영업 이미 문받았음.,정치
-gD8WZ6m8EU,"NATV 이슈토론 (7회) '4.15 총선', 두 달 앞으로  주요 쟁점과 변수는?",NATV 국회방송,초소한      더불어  介小里는   하지  말아야 ᆢ  한다  .,정치
jbG4MoozqFo,"[KBS열린토론] 1.위성정당과 정치 희화화 논란 2.황교안 종로 출마...중진들에게 험지란? / MC 정준희, 이진순, 김민전, 송문희, 조성실 (20.02.07)",KBS 1라디오,정준희 교수님의 날카로운 비판을 엿볼 수 있는 저널리즘 토크쇼와 같은 프로그램이 생겼으면 하는 바램입니다. 정말 많은 것을 배우면서 배움의 즐거움을 맛보았답니다. ||| 검찰이 기소하면 기정사실인가...김민전??? 그럼 사법부는 왜 필요한가!!! ||| 검찰의 생각을 일방적으로 전하는 김교수는 정말 이해할수 없지만   그동안 우리사회의 주류들 생각이 그래요   그냥  민주당  싫은겁니다 ||| 이진순씨 딱뿌러진다.굿임니다 ||| 김민전교수는 강적들에서 하는 행태로 하는구나. 역병이 뭐야! 여러나라에서 벌어지는 신종코로나를 이런식으로 이용하는 발상 아주 나쁜 의도 이다.,정치
pyhI6GrUvwY,"[KBS 열린토론] *정치의재구성* 추미애, 윤석열 쳐내기 본격화 & 靑, 공수처장 후보 추천 요구 200629(월)",KBS 1라디오,"정연정 교수 크라잉 토론 듣기 거북해요, 교체 바랍니다. 강효상 인줄 ||| 이 여자 듣기 괴롭네요 ||| 저 여자는 억지 주장을 너무 늘어지게하네. 억지를 쓰려면 간단명료하기라도 하던가. 지루해서 더이상 못듣겠다. ||| 국민의당 망한 이유를 알겟다 ㅋㅋㅋㅋ ||| 이준석 이 분도 본인의 의견을 국민 전체의 생각인듯 매사에 정당화 시키는것 자제해 주길...",정치
WuSXgTrkc1U,"[KBS열린토론] 4.15총선기획-내 삶을 바꾸는 정치, 투표는 투자다 (1부 청년편) / 정준희, 이철희, 김영우, 장예찬, 오창석 (20.01.27)",KBS 1라디오,정준희 교수님  응원해요 . 읏샤 ||| 정 준희교수님  점점 얼굴이 빛나고 있습니다 ||| 정준희 교수님 새해 복많이 받으세요오창석 님도 21대 국회 등원하기를 기원합니다 ||| 적폐가 아직 득시글 거리는 KBS내에서 빛나는 갓준희! 화이팅. ||| 오창석씨 반갑습니다,정치
R42IB-LMScg,"NATV 이슈토론 (39회) 여야 공수처 대치, 돌파구는?",NATV 국회방송,"국회방송 파이팅! ||| 협박 고소후 경찰 조사를 받는중 형사앞에서도 ""이거 죽이고 다시와서 조사를 받겠다""고 살해협박까지 하는데도 불기소 처리하는 부산의 검,경은 살해 협박범과 공범인가요? @",정치
edhMePqCFhk,"[토론&연설] 바른미래당 임재훈 의원 曰 ""한국정치는 '협치는 간 곳 없고'..."" [정강정책연설 1월] | 정치합시다",KBS 선거방송,"4+1은 머리 속에서 지우졌냨ㅋㅋㅋㅋㅋㅋㅋㅋㅋㅋㅋㅋ ||| 협치보다 중요한게 법치인데.. 협치 따지다가 지연.학연.인맥 비리가 생기는거.. ||| 사과는 받지 않겠습니다. ||| 존경하고 사랑하는 ? 제발 듣기 역겹거든요 진심도 아닌거 국민 이 다알고 있고 입에서 나오는 국민 은 도대체 누구냐고 대답좀 해봐요 그 국민 누구냐고 매번 물어보면 대답 못하잖아  협치? 니들이 협치 반대 했지 협치 하자고 하면 난동 부린 것들이 협치를 바래 그리고 갈등과 분열? 니들이 짜가뉴스 배포하고 선동질 하면서 분열 시켰잖아 죄송하면 죄송 할짓은 왜해? 대답해봐요 아저씨 ||| 한물간 유승민이 탈출하고, 극혐 안찰수마저 개무시. 역사의 뒤안길로 곧 사라질 정당에겐 이런 유세방송조차 사치스러울 뿐.",정치
Ds0HNgB2TYA,"NATV 이슈토론 (44회) 법무부-검찰 갈등 최고조, 공수처 향방은?",NATV 국회방송,어른들이 싸우지 말고 이성적으로 지적인 미를 뿜뿜하면서 교양있게 토론했음 좋겠다. ||| 불법사찰 압수수색해라 ||| 조국장관도사퇴시킨검찰이.지들은감찰도서면으로.하라하네.수치도몰라 ||| 노무현대통령이었다면 분명히 대응했을 겁니다. ||| 오신환 ???  저거 떨어지기 잘했다.  완전 지 맘대로 토론이네.,정치
Ux6wLaHsbTM,"NATV이슈토론 40회 “라임·옵티머스 사태, 정국 향방은?”",NATV 국회방송,특검이답이다 ||| 상식적으로 민주당이 성역없는 수사를 원한다면 특검에 반대할 이유가 없다. 윤총장은 절대 물러나면 안된다. 물러나면 수사 방향이 바뀔것이고 결국 라임 사건 주범과 그 비호 세력이 박수 치지 않겠나.,정치
6eAlcR0ZUY0,"[밤샘토론 H/L] 추 장관, 정치자금 카드 '부적절 사용' 근거는? / JTBC News",JTBC News,,정치
OgDUmd1Tqk8,"NATV 이슈토론 (15회) 4.15 총선, 민심의 향배는?",NATV 국회방송,90세 어머니도 이번에 꼬옥~ 하시겠다 하셔서 오늘 사전투표 하셨음 ||| 비상식 몰상식 탈상식이 난무하는 우리나라에 무엇이 답일까요? 그래도 상식이 통하는 사회가 되어야 하지 않을까요? 세계적인 경제 전문가들은 한국 경제의 급작스런 붕괴를 연이어 경고하고 있고 대통령은 경제가 잘돌아가고 있다고 한다. ||| 2번 2판4판 두번째칸 2번 2판4판 2번 두번째칸 꼭꼭 2번 두번째칸 입니다 ||| 김현님.담에는.꼭성공하세요.이번엔.아쉽지만요. ||| 촛불그만  팔아라  지겹다  경제개판있데,정치
NuSqrtMklx8,[맞장토론] '협치 실종' 국회…평가와 총선 전망은?,JTBC News,한국당이 야당이냐 여당이냐? 아직도 본인들이 강자라 생각하니 약자인 민주당 입장에선 4+1을 해서 자한당 vs 야당 구도를 만드는거지,정치
WsuuWxLaXWg,"NATV 이슈토론 (31회)   2020세법개정안, 집값 안정되나?",NATV 국회방송,"집 갯수가 중요한게 아니구 한채당 금액이 중요 하다 생각하구요.. 전국민의 4%로가 아니구 곱하기 가족수를 생각 해야되지 않을까요.? ||| 문제는 공급이 아니라 과밀입니다. 과밀의 결정적인 이유는 대학과 기업입니다. 아무리 지방에 대학교가 지난 20.30년간 많이 생겻서도 사람들 인식이 서울아닌 곳 은 다 지방대. 2류대.  그런데 졸업해도 인정못받어.. 기업들도 아직도 서울내 대.냐 지방대 출신이냐 본교냐 분교 졸업이냐로  채용차별.승진차별.  그리고 중형.대형기업은 모두 서울에만 잇으려고 하고.....시민들.기업들.학생들 인식 안바뀌면 서울과밀 해결 안됩니다. 공급도 한게가ㅜ잇습니다. 도대체 전 인구의 60% 가 수도권에 몰려사는 나라가 또있는지 찾아보십쇼... 이 쪼그만 나라에 그것도 면적 10%도 안되는 특정지역에 지방대늠 공부못해서 졸업해도 영원히 무실력 취급받고 지방회사나 지방지사 일하면 실력없서 밀려나고 좌천된거로 취급받는 나라가 어딧습니까. 모든걸 어느게 위고 어느게 아래냐 영전이냐 좌천이냐, 서울이냐 지방이냐, 본사냐 지사냐. 본교냐 분교냐 로 위.아래구분하는 국민의식.기업의식 이 바뀌어야 과밀해소.지방분산 가능해집니다.  명나라 섬기고 사대주의 따지던 조선시대 신분사회때부터 내려오는 우리나라의 정말 없어져야할 엿같은 의식, 관습입니다. 정부도, 야당도 언론도, 사회도 이런 의식변화를 홍보하고 계몽하고 나서야 모든게 서서히 바뀔수 있습니다. 그렇치 않으면 더 심해질뿐 해결 안될겁니다.",정치
94842MbzF0E,"국회방송 뉴스N | [맞짱토론] - 정치권 ‘뇌관’ 공수처 전망 & MB, 17년 확정 ‘다스 공방’ 마침표 - 2020년 10월 30일",NATV 국회방송,9시 뉴스에서 봐요❤❤ 긴머리 아랑님! ||| 긴머리 아랑님🙎‍♀️👧❤❤💖💖,정치
eI4eZFmrN4Q,"[KBS열린토론]종교인의 정치 참여, 어떻게 볼 것인가? / 정준희, 김용민, 유만석, 오시영, 박명수(20.01.08)",KBS 1라디오,"김용민 전도사님, 평소에 좋아했지만, 토론하시는 것을 보니 정말 든든합니다. 기독교와 사회에 늘 빛과 소금의 역할을 해주십시오. ||| 이 세상의  진정한 빛과 소금 정준희 교수님 김용민 이사장님 상식이 통하는 사회를 위하여 오늘도 열일 하시는 두분 존경합니다^*^ 화이팅!!!👍👍👍 ||| 김용민씨의 말씀에 공감합니다! ||| 김용민 레전드. 응원지지합니다. ||| 정준희, 김용민, 오시영님...정말 대단하십니다. 초등학생이 들어도 이해할 수 없는 비논리적인 발언을 듣고 있으려니 한숨만 나옵니다. 토론이 필요하긴 합니다. 무엇이 문제인지 훤히 보이니까요. 한편으로는 다행입니다.",정치
y2U8FSNjbUc,"[알고살자! 정치⑨] (4부)50분 토론–연동형비례제, 위기? 기회?",알고살자,,정치
9uvDuarPL68,"NATV 이슈토론 (33회) 임대차3법 시행, 주거 안정 될까?",NATV 국회방송,민주당 국개 투기꾼들부터 재산 몰수하고 개정안내라..솔직히 국개들 고급정보로 투기안한 놈들있냐? 지네 곳간 다채우고 무주택자 들먹이면서 국민 목조르고 있네.. ||| 완전 공산주의 이구나,정치
vCgCIHKLKIw,"NATV 이슈토론 (36회) 코로나19 경제위기, 극복 방안은?",NATV 국회방송,✍국민의 힘 당명만 바꾸면 그 죄 사라지나요 👉이름만 바꾼다고 지난 과거가 없던 걸로 되나요 👉국가의 짐 되어 돌아온 민폐(누구 위해 당명 바꾸나?) ||| 썸네일 소개가 잘못나왔어요,정치
MaUY0_Jx_wo,"여성정치, 이제는 실행해나갈 때 / 종합토론 [2020총선기획-여성정책 전문가 간담회]",여성신문TV,,정치
rt_r8Zi0cmQ,국회방송 뉴스N | [맞짱토론] - 文대통령 4개 부처 개각 평가 &‘尹 징계위’전망과 파장 - 2020년 12월 4일,NATV 국회방송,맞장토론? 국짐당에 들러리 양비론들고 그것도 토론?  풉''~  개소리 국짐당 하나론 부족 하노?ㅋㅋ,정치
1H58rBIWlNE,"문 대통령 ""극단주의 배격하고 보수·진보 손잡아야"" / YTN", YTN,와 무슨 배경이 북한같냐... 태극기도 하나도 안보이고 치운건가.... ||| 지가 갈라놓고 뭔손잡아라야ㅋㅋ ||| 쌍판때기좀 비추지마셔 나 수명단축돼... ||| 제발손좀잡자 제발ㅋㅋ,정치
eZBdFkAjyFw,"[인터뷰] 진중권에 묻다…당신은 진보인가, 보수인가? / SBS / 주영진의 뉴스브리핑",SBS 뉴스,"당당하고 유능한 진중권교수님 감사합니다 나라가 공산화 되어가는것같아요 진실이 거짓을 이기지 못하는 세상이 되어버렸어요 ||| 진중권교수님  훌륭한 사람입니다 쓴소리 잘하십니다  진중권  파이팅 💕 💜 💏 ||| 진중권교수님 이나라에 빛이십니다 넘훌륭하시고 최고이십니다 ||| 국민이 더~~~  똑똑해져야 한다! ||| 진보, 보수가 중요한게 아니고 양심이 있냐 없냐가 중요하다.  생각은 다를수 있다.  하지만 양심 없는 사람은 진보든 보수든 뽑아주면 안된다.",정치
8rW_VsmDnp4,#총선 #선거 #보수 #진보 #정치적성향 #중앙일보 #정치성향테스트 #107,챙겨보는 Silver TV,"nice up loud thanks for sharing ||| Good video 😍😍😍😍 ||| 네,잘 봤습니다. 서로 존중해야 하죠~좋아요.SeeU. ||| 👍🏻👍🏻👍🏻👍🏻👍🏻👍🏻👍🏻 ||| 안녕하세요 재밌는 테스트네요 화이팅 입니다",정치
QeuREGw7di8,"진보와 보수로 쪼개진 대한민국, 부처와 예수의 '중도'에 답 있다 │ #백성호의현문우답",중앙일보,"백기자님의 말을 듣고보면 중도의 역할을 언론이 해야할 것 같은데 지금의 중요 언론은 이를 망각하고 있다는 생각이 듭니다. 한쪽 권력에  치우쳐 자기들 이익에 맡게 프레임을 만들고 여론을 조성 한다는 것 입니다. 중앙일보에서 백기자님과 같은 분이 많이 있으면 좋겠다는 생각이 듭니다. ||| 진보 보수로 구분하는 것은 시대에 맞지않다고 봅니다. 진보인 사람 중에서도 보수적인 사람이 있고, 보수인 사람 중에서도 진보적인 사람이 있습니다. 그리고 진보 보수를 논하기전에 대한민국 국민들의 '진보면 무조건 진취적인 것'이고, '보수는 무조건 기득권적이고 낙후된 것'이라 생각하는 ""잘못된 사고""부터 바로잡아야 진정한 중도도 논할 수 있다고 봅니다. 진보 보수의 구분 보다는 좌파 우파가 정확하다고 봅니다.",정치
h5L5VHcESFc,"청소년 유권자 좌담회 (하) ""진보, 보수는 어른들 개념""  | VOTE '18'",더팩트,👍👏🏼👏🏼👏🏼❤⚘,정치
NuYv-b56hQo,"부처님의 정치수업(18강):보수, 진보, 중도란 무엇인가? - [불교정치학]",윤성식 고려대 교수,,정치
Oga1cr9Y2Nw,박주민의원 주민센터 강연: 진보와 보수,한홍구 TV,한홍구교수님 귀한 강의 잘들었습니다.감사합니다. ||| 강의 고맙습니다. ||| 교수님 강의 너무너무 잘 들었습니다^^ 더 많은 사람들이 이 내용을 알았으면 좋겠네요!🙏 ||| 어제 강의 너무 좋았습니다.^^,정치
8740skaYQxk,보수와 진보의 차이는 무엇일까? '노무현 대통령이 오해했던 보수와 진보의 차이'.,백광부TV,아 진짜.머리속이.뚫리는 느낌입니다! ||| 둘의 차이는 이제야 확실히 이해가 됐습니다. 여기 정말 유익한 채널이네요. 감사합니다. 자주 찾아오겠습니다. ||| 감사합니다 👍 ||| 너무 유익합니다. 건승하시길. ||| 최고네요,정치
2tOKTDl2Lg0,오디오 맥도날드 - 18정치 '다시 쓰는 보수와 진보' 예고,경남도민일보,,정치
yBCg6izcl78,"정치정야 06 - 이보시게… 진보의 반대는 보수가 아니고, 퇴보일세",이원복의 진보TV,좋은 정보  항상 감사합니다. 의원님 ! 항상 건강하시고 좋은 방송 감사합니다~~^^ ||| 허경영이 마지막 희망이다,정치
ZjQnublWlFM,진보?보수?그들이 생각 하는 정치 토크(신입유튜브 채널),진보수tv,,정치
qr0PxHMzCwY,'진보 비례정당' 정치개혁연합 창당…민주당·정의당 참여 '관건'[MBN 종합뉴스],MBN News,,정치
j5fXdnFQj5Q,출사표 KBS2 TV 새 수목드라마 진보 보수 정치 편향 논란 경북신문 경북신문TV,국민의소리TV,,정치
eot-GfuzEPY,보수 위성정당 꼼수에 '진보연대' 카드 꺼내든 유시민! | 정치합시다,KBS 선거방송,"아니, 아니... 거기서 끊어버리면 어쩌란 말이오... ||| 선거는 일단 이기고 봐야 합니다. ||| 기대됩니다~~~~~~~~ ||| 와.. 하이킥 까페베네를 광고 튀어나오는 타이밍을 뛰어 넘는 엔딩보소 ㅋㅋㅋ ||| 거꾸로 서서라도 선거에 이겨야지 상대가 꼼수쓰는걸 뻔히 보면서 그대로지면 그건 바보요빙신소리 듣지~~",정치
1bQcucWHzFA,"[이슈폴폴] 검경수사권 조정 여론, 진보·보수 양극화 현상 / 연합뉴스TV (YonhapnewsTV)",연합뉴스TV,썸네일을 보고 안들어 올 수가 없었다 ||| 앞으로 한빈도의 통일을 놓고 봤을땐 과연 어떠한 이념과 진영을 유지해야만 나라의 보탬이 될것인가 주변의 국가와의 관계유지를 위해 우리는 이점을 깊이있게 논할 필요가 있다 중국과 러시아 주변 동유럽 국가와의 관계 개척등 한편으로 미국과 일본등 주변국가들의 관계개선을 위해 보수나 진보적인 이념등이 존재 필요성이 있는가를 생각할때 스위스 같은 중도주의적인 국가형태로 유지하므로서 나라의 보다나은 경제발전및 국민의 생활향상에 도움이 된다고  볼때 안철수의 중도정치는  국민들에게 충분히 다가 갈수 있다고 본다 ||| 검경수사권도 반드시 통과시켜서 망나니 검찰의 목을 잘라야 한다 ㅎㅎㅎ 추미애장관님 아주 잘하고 계십니다!! ||| 공공의적 검찰해체만이답이다 무소불위윤춘장 힘으로제압해라 추장군을믿는다 ||| 믿을슨없다,정치
vXzIjVZY4FU,"민주당 ""방역 방해, 무관용 원칙...진보·보수 불문"" / YTN", YTN,"바이러스 테러를 당해서 감염된 사람들을 진료거부하는 의사들과 병원들에 대해서 강력한 처벌과 함께 면허박탈을 해야 합니다. ||| 낯짝은 두껍게  거짓말은 진실같이 남의돈은 내돈처럼 내허물은 남의허물 얼마나 공정한가 신뢰가 싹트는 세상 행복하다고,,,다들 좋으시겠어요, ||| 우선 러브젤교회부터 철거해라 ||| 코로나로 죽는사람보단 정치인들에 대한 환멸감으로 성질나서 울화통으로 죽는사람이 휠씬 많을듯",정치
QBBa6D0Smi8,유권자 이념 지형 변화에 주류 교체?…진보진영 강화 뚜렷[MBN 종합뉴스],MBN News,이념? 그냥 4년동안 일안하니까 국민이 평가한거야,정치
_buQ8nkkBa4,"[뉴스A 클로징]민주노총 주말 집회…“방역은 보수, 진보 없다” | 뉴스A",채널A News,진보가 아니라 좌빨이라 불러야함 ||| 민노총 집회에는 확진자 안나올건데요. 코로나는 최신식 피아식별장치내장 ai탑재 바이러스 입니다. 전술 생물학 무기죠. ||| 민.한 노총쓰뤠기들 누가좀 없애주세요 ||| 장담하는데 평화집회 이럴거임 코로나 확진자0명이네 뭐네 할거임 뻔하지뭐,정치
4HriQjvCntg,[와!이러니] 보수와 진보의 차이!,이재오의 와이러니,보수와 진보의 차이점을 깔끔하게 정리 해 주셔서 이해가 쉽게 되었습니다^^ ||| 감사합니다 👍,정치
u0l17hHoB98,[비하인드 뉴스] '입진보' '입보수' / 나홀로 회의,JTBC News,첫 번째 키워드 ☞ '입진보' '입보수' 0:10 두 번째 키워드 ☞ 나홀로 회의 3:18 ||| 중권이 일마이거 제정신이 아니더라.웃긴건 지만 몰라 ㅋㅋ ||| 결국 입진보든 입보수든 실천하지 않는다는건 변하지 않는거군요............................... ||| jtbc보도행태도 요즘별루다.지들만 몰라ㅋㅋ ||| jtbc도 입보수로 가는 군..ㅋㅋ,정치
i8CoHy8PFz0,[CBS 뉴스] 보수와 진보 함께 참여한 평화통일연대 10주년,CBS크리스천노컷뉴스,,정치
Qr74-hTDrqQ,"진보·보수 개념의 역사 (1) 80년대, 90년대, 2000년대 ...",최인호TV,"불온세력, 좌경용공세력... ㅎㅎ 정말 오랜만에 듣네요...^^ 어릴적에 라디오와 티비에서 자주 듣던 단어였습니다..ㅋ 네~! ||| 쌤의 기존 언어에 대한 새로운 정의는 곧 사전적 의미가 되어 전국민의 기준이 됩니다~~~^^♡ ||| 최인호쌤은 철학자~😍 ||| 최인호님 안녕하세요  오늘도 방송 잘 들을게요  후원 못해드려 광고라도  열심히 듣고 있습니다  덕분입니다 고맙습니다 사랑합니다 ❤️ ||| 감사합니다",정치
uKiCiPX-QqY,"이언주 ""나만큼 진보·보수 잘 아는 사람 없을껄?"" [정치채널 X: 이제는 말할 수 있다 '이언주' 편]",한국일보(hankookilbo.com),01:11 어색한 첫만남..! 01:33 여성에게 혹독한 사회 : 여성의원이 의정활동을 잘 하면 듣는 말은?  07:20 이언주의 화려한 당적 : 민주당을 탈당한 이유 13:33 안철수 환상이 무너지던 순간 : 지금 미래통합당에 대한 생각은?  16:25 IMF+민주당 = 권력의지 : 이언주가 생각하는 자유주의 19:23 보수의 차기 주자 : 부산시장 출마 의사는? ||| 이언주님 민주당에서 국회의원하면서 내부총질 할때 정말미웠는데.. 오랜시간 시켜보니 그래도 양심이 있고 보수와 진보의 균형잡힌 정치인이라는 생각을 많이 합니다. 이언주 같은 정치인들이 많아진다면 여야의 극한의 정치보다는 상생하는 정치 대한민국이 살아숨쉬는 그런 세상이 올거라 믿습니다. ||| 이재명대표가 대단한게.. 보통사람은 이언주 재활용 안한다. 대단한 포용력이고 자신감이야. 보통 한번 배신한 사람은 또 배신한다고 생각하거든.. ||| 잘 하고 있습니다 기대해 봅니다~~홧팅 ||| 이언주 의원이 보수의 미래다! 💝💝💕 부산에 이사를 가서라도 한표 드리고 싶어요 이언주 의원님 늘 힘내시고 꼭 부산시장님으로 다시 뵙길 희망합니다 🌺🌺💕,정치
IMIyOTBFphU,진보 성향 판사들 “靑이 적법한 수사에 불응” 비판 | 정치데스크,채널A News,"점점 공산화 되어가네.. 더 발을뻗고 뿌리를 내리기전에 탄핵하고 지금 권력에 빌붙어 있는것들 싸그리 쳐넣어야된다. ||| 이비판은 사람 이라면 당연한 겁니다. 자기들 수사 못하도록    검찰 수사관들을 인사 발령하는 정권이 어디있읍니까 ||| 진보와 독재 이익패거리는 분리해야죠 진정한 진보라면  문재인 NO가 당연하겠죠 ? ||| 진보거나 보수거나 자유민주주의 체제에서의 성향이었는데, 지금은 체제를 무시한 그들 소수세력 기득권을 유지하려는데 이용하고 있고, 일부 극단적 세력들과 함께  지금의 권력을 유지하려고 몸부림치고 있는것 같다. ||| 정말대통령은국민을개돼지로생각하네죄없으면왜영장수사을거부해 죄가있어도너무많으니안할려고수단방법안가리네국민도다보고있다",정치
39fYhqqBWBw,이정희 전 통합진보당 전 대표 민중당 지지연설 (살아있는 진보정치의 전설 노동정책이 튼튼하고 노동자가 대우받는 대한민국 만들어 갑시다),글쟁이,"국익에 하나도 도움이 안됐던 인간 ||| 노동정치,진보정치를 위해 싸워오신분.. 통합진보당은 비록 강제 해체되었지만 진보정치는 아직 살아 숨쉬고 있으니 걱정하지 마세요!",정치
gkOxEBCYq2g,'신 정치 1번지' 분당갑…진보 수성? 보수 탈환?,OBS뉴스,"김은혜는 국회의사당에 반드시 입성한다 김은혜 화ㅡㅡㅡ이ㅡㅡㅡ팅 ||| 김병관  화이팅!  승리는 확정적~~~~ ||| 김은혜 니가 이겨라, ||| 민주당 하이팅 ||| 분당은 더민주!!   미래통합당 어림없다. 분당에 뭔가를 하겠다는 말보다 나라 전체 위해 뭘 할지가 더 중요하죠.",정치
CWeUZHwNW74,[한녀의 소리 특별편2]#2021년엔 여성정치_#진보/보수는 권력형 성폭력을 해결할 수 없다 #2004년 여성할당제 그 후 2021년 재보궐_다시쓰는 여성정치,한국여성정치네트워크,화이팅입니다. 한국을 꼭 지배해 주십시오. ||| ㅋㅋ  안태근 무죄는  가만히  있는 것들  뭐라고?,정치
18u2tI8vMII,[이춘근의 국제정치 162회] ② 급속히 외톨이가 되고있는 중공🇨🇳,이춘근TV,"초등학생 딸 2명과 박사님강의를 들어온지 만 2년이 넘어갑니다~ 초등학생이매주 기다리면서 재미있게 들을정도면 박사님의 강의력~!! 더이상 말할 필요가 없을 정도인것 같습니다!! 대한민국 국민 50프로가 박사님 강의를 들을때까지 열심히 홍보할께요~ ||| 박사님의 말씀을 듣고 있으면 마음이 편안합니다. 강의 잘들었습니다. 우리는 미국을 가까이 해야 합니다. ||| 이박사님의 다음 강의가 항시 기다려집니다 건강하셔서 몽매한 국민들을 계몽하여주십시요 ||| 박사님, 나라 지킴이, 항상 감사드리고 존경합니다 ~  오늘 강의도 정말 잘 들었습니다 ~  건강하세요 ~ ^^* ||| 박사님 최고예요",정치
Ao1lgF8x9_M,[이춘근의 국제정치 139회] ① 전운(戰雲)이 감도는 대만해협,이춘근TV,"아춘근 선생님의 강연은 그야말로 최고의수준이며  너무나 이해하기 쉽고 세상일을 훠니꿰뚷어볼수있는재마나고 구구한강연입니다고맙습니다 던선생님의 강연 열정팬입니다 감사합니다 ||| 박사님  말씀 은  흥 이진 진 합니다  감사  합시다 ||| 세상이 어지럽다보니 늦은나이에 학생의마음으로 방송봅니다. 한방송 한방송을 여러번계속듣고있습니다. 무지한저에게 큰가르침을주셔서 감사드립니다  . ||| 자유와 엉컴한 공산독재와의 전쟁에서, 빛나는 자유가 기필코 완전하게 勝利하리라!!!이박사님, 강의 감사합니다! ||| 신뢰하는 이춘근박사 신뢰하는 최상의 방송 신뢰하는 세계의 동향 신뢰하는 우리 자유대한민국",정치
roMTob0qK74,[이춘근의 국제정치 152회] ② 미국의 북한 및 중국 공산당 붕괴 작전,이춘근TV,목이 메이는 순간입니다.  감동은 아무때나  아무렇게나 오는것이 아닌데...  비를 맞으며 광화문 분향소를 향해 걷는 동안 전쟁이 무엇인지 모르고 두려움에 떨었던 어렴풋한 기억을 떠 올리며  눈물인지 빗물인지 모르게 얼굴을 적셨던 엊그제의 기억과 함께... ||| 박사님    어두운  국민을  깨워 주셔서   항상  감사  합니다 ||| 감사 합니다 박사님 ||| 이시대를 살고있는 한국사람들  대한민국의 오늘의 번영을 거져얻어진것으로 착각하고 흥청망청 살고있는 이때 이춘근 박사님의 훌륭하신 강의는 모든 한국국민들에게 필히 듣도록하여  대한민국의 장래를위해 미국이나 주변정세에 올바른 생각을하도록 해야 합니다 ||| 늘 유익한  말씀 주셔서 감사합니다   말씀을 듣고 히을 얻싑니다  앞으로도  해박한  지식으로 좋은 말씀 늘 들려주세요,정치
vI5-SsvzEEw,[이춘근의 국제정치 152회] ① 중국은 왜 미국을 이길 수 없나?,이춘근TV,박사님 ! 이렇게 귀한 강의를 듣고 세상 정치를 쉽게 이해할수 있으니 감사드립니다 ||| 이춘근박사님의 해박하고 식견있는 강의및 국제정세동향 진단 전망 매번 관심두고 경청합니다 늘 고맙고 감사합니다 항상 건강을 기원합니다♡♡♡♡ ||| 현실을 직시 할수있는 능력을 주셔서 감사드립니다. ||| 박사님 항상 감사하며 강의 시청합니다 박사님의 강의로 많은 정보와 지식을 얻게 되어 너무나고맙습니다 건강하시고 계속 강의하시길 간절히 기원합니다 ||| 박사님 덕분에 재미있게 책 한 권 읽은 기분이에요~^^ 자유민주주의의 중요성을 다시금 생각해 봅니다.  그리고 대한민국도 이 소중한 가치를 끝까지 지켜나갈 수 있길 기도하고 소망합니다~~,정치
a-n6nlK8-f0,[이춘근의 국제정치 143회] ① 김정은 출현 이후 오히려 급변사태에 본격적으로 대비하자는 미국,이춘근TV,"국민이 공산당을 알아야 하는데 사회주위로 가는 길은 멸망의 길 ..... 미국의 힘으로 자유민주 지킵시다 박사님 감사합니다 그리고 응원합니다 ||| 이춘근 박사님 오늘도 고맙고 감사합니다, 전염병이 많이 시끄러 들었다고해도 아직 아닌듯합ㄴ다, 건강 챙기셔서 조심하시고 평안한 마음으로 영육간에건강하셔서좋은소식 전해주세요, 게속 기도하고있습니다,세상의 모든 한국의하나님의 사람들이 새벽이면 하나님께 하는 눈물의 기도 외면하지 않으시고 들어응답해주셔서 한마디도 헛됌없이 들어 응답해 주시리라 믿습니다, 호주 브리즈 번에서 박사님의 건강을위해기도합니다,◇♤♧ ||| 저는 재미교포로서 정말 한국의 젊은이들이  정신차려서 교수님의 동영상을 늘 보고 세계정세를 알았으면 합니다!!!! ||| 이춘균 박사님 힘내세요 화이팅 입니다 공부 많이 됩니다 열심히 응원합니다 화이팅 ||| 박사님은  콕콕 깊어 강의해주시니 참고하고 배울점이  너무많씁니다 최고입니다ㅡ",정치
K3QgkOyXWEU,[이춘근의 국제정치 162회] ① 한국정부의 나홀로 종전선언 : 평화는 선언만으로 오지 않는다,이춘근TV,"이 채널은......논거가 확실히 제시되어.....맘에 듦 일반적은 시사평론가들은......거의 상황논리로 발언되는데....이 분은 자료가 다양하고....맥락을 잘 해설함 ||| 대한민국의 현실이 너무나도 암울합니다!!!어떻게 이룩한 나라인데 ||| 이춘근박사님, 추석에도 이렇게 강의 올려주셔서 감사합니다. 하나님의 은총이 언제나 이박사님과 함께 하시기를~~♡ ||| 박사님 반갑습니다^^ 쉬임없이 ~ 국제정세를 알려주시니 감사합니다 우리정부는 국민의 알 권리를  자꾸 숨기고 거짓말로만 전해주니 답답하지만  그래도~  박사님께서 전해주신  나라안팍 소식을 듣고 위로받고 있습니다~ 박사님 항상 건강하세요~ ||| 명절에 국민에게 반추하고 곱씹어보고 생각과 맘가짐을 고칠 강의를 해주셔서 감사합니다.",정치
Q41rllt5Vw0,이춘근TV✏️📚[전쟁과 국제정치 1강],이춘근TV,박사님 저는 우연한 계기로 인하여 2016년 검정고시로 고등과정 마치고 이듬해 한양대학교 전기전자공학과 현재 졸업반입니다. 이때 마침 (클라우스 슈밥의 제4차산업혁명)책을 읽으면서 외교라는것이 무엇인지 박사님의 강의를 들으면서 나라운영이라는것이 어떤것인지를 알게 되었습니다. 김정민 국제정치학박사 이분 강의도 듣다보니 서민의 한사람으로 전문성은 아니지만 세상의 흐름을 알려면  유트브를 접해서라도 폭 넗은 지식을 알아야 겠다는 필요성을 느꼈습니다. 올해 62세 나이지만 공부하기를 잘했다는 생각이 듭니다 ||| 국제정치 유익한 강의  청강하는 기분입니다 고맙고 감사하게 잘 듣겠습니다  교수님 항상 감사합니다 ~!!! ||| 박사님 강의에 퐁당 빠졌습니다. 넘넘 재밋어요. ||| 매주마다 기다리는 박사님 강의 잘듣고 감사합니다. 앞으로도 박사님 강의들으며  눈과 귀가 열리는 행복을 갖겠습니다.~^^ ||| 국제정치 공부하는 시간 일욜 올려주셔서 감사합니다,정치
4Vn6cxzS2-g,"이춘근TV✏️📚[전쟁과 국제정치 3강] 전쟁연구의 상식과 진리, 국가란 전쟁을 위해 만든 조직",이춘근TV,"우아~~ 제가 전쟁사에 엄청 관심 많은뎅 박사님께서 이런 강의 올려주셔서 너무 감사해요💓💓🙇🏻‍♀️🙇🏻‍♀️🙇🏻‍♀️🇰🇷💓🇺🇸 ||| 교수님. 무료 강좌를 아낌없이 베풀어주셔서 귀와 마음이 격하게 요동치며 기쁨을 만끽하고 있습니다.  시작부터 마음이 찡하네요. 국가는 전쟁을 위해 존재한다. 그것이 곧 평화가 아닐지요?  때문에 국가원수를 군통수권자라 칭하는 것이 아닐지요? ||| 제가 공부하는 그 어떤 과목에도 적용이 되는 강의입니다. 경영학을 공부하면서 결국엔 자신의 힘을 끊임없이 키우고, 전략을 세우면서, 경쟁사의 몰락을 발판 삼아 도약을 하고, 협상에 능하기 위해 상대를 파악하는 ... 그래서 제가 박사님의 강의를 놓칠 수가 없습니다. 감사합니다. ||| 국가는 전쟁을 대비하고 전쟁이 나면 승리해야 하는데 우리나라는 어떤 대비가 돼있는지 걱정스럽습니다. 전쟁을 대비하지않으면 전쟁을 부릅니다. ||| 개인의 삶 또한 살아가기위한 전쟁 개인이속한 국가도 영위하기위해 전쟁은 필요악 이라고 생각됩니다 굴욕적인 평화 보다는 전쟁을 준비하면 평화는 반드시 지켜 진다고 봅니다  박사님 강의 감사합니다",정치
6RiFy-_LmUc,[이춘근의 국제정치 166회] ② 제19회 함상토론회: 미·중 갈등 시대에 한반도 주변 해양안보 상황과한국 해군의 대응,이춘근TV,"이박사님 강의 감사드립니다.  박사님의 강의 을 들으면 늘 힘이납니다. 국방부 장관이 되셨으면 얼마나 좋을까 하는 생각이 간절합니다. 애국자 이신 박사님 존경하고 사랑합니다. ||| 지상파 3사에서,  박사님의 강의를 전파해 준다면, 대한민국이 조용한  평화를 누릴것입니다. ||| 항상 기다려 지는 시간 ||| 오늘도 박사님 수고가 많으십니다  함상 토론회 경청 합니다~감사 합니다 ||| 이교수님 항상 도움이 되는 명강의에  깊이 감사드립니다.",정치
K6fYwPjVRQ8,"[이춘근의 국제정치 148회] ① 남북공동연락사무소처럼 무너진 남북관계의 허상, 이와중에 종전선언?",이춘근TV,"이춘군 박사님 강의를 들을때마다 느껴지는 성실하게 준비하신 강의내용과 박사님의 열의에 무한한  고마움과 감사를 드리게 됩니다 너무도 충만한 강의 내용에 가슴뿌듯합니다 ||| 박사님 강의 감사합니다! 국민들이 남북평화에 대한 허황된 꿈에서 이제는 깨어나길 간절히 빌면서  경청하겠습니다! ||| 충성!! 교수님, 3사관학교 16기 전병진 입니다. 40여년전 교수님이 중,대위 시절  저희 생도들에게 열강 하시던 모습 여전 하시네요.항시 교수님 유투브 경청하며 응원 합니다~~~ ||| 맞습니다 북한은 국가가 아닙니다 질질 끌려다니지 않아야 합니다 박사님의 현명하고 탁월한 분석에 속이 시원합니다 ||| 더불당 국회의원 173명은 정말 한심스럽다 173명은 대한민국을 떠나라",정치
r-zcUhX7pIs,"이춘근TV✏️📚[전쟁과 국제정치 4강] 전쟁, 국가, 영토 / 전쟁의 정의(What is War?)",이춘근TV,"이춘근 박사님의 강의는 몇번 들어도 값진 강의입니다.  정말 감사드리며 제 두딸들도 듣게 하겠습니다.  국제정세를 모르고 어찌 이세상을 담대히 당당하게 살아가겠습니까?  감사드립니다. ||| 이렇게 자랑스럽고 당당한 나라를  스스로 무너뜨리는 이정권을 보면서 가슴이 너무 아픔니다. 당당하고 자랑스런 ""자유인의 공화국 대한민국""으로 새롭게 우뚝 서기를 기원합니다. 전쟁과 국제정치 4강도 고맙습니다.♥ ||| 박사님 안녕하세요, 영어통번역학 전공 중인 학생입니다. 학교 강의 중 외교·안보 및 경제·통상 내용을 접할 때 이를 깊이 있게 배우지 못해 자료를 직접 찾아 공부해야 했는데, 박사님 채널과 서적 덕에 국제적 안목을 점차 키워가고 있습니다. 앞으로도 유용하고 재밌는 강의 부탁드립니다 (_ _) 진심으로 감사합니다! ||| 박사님 강의듣고 공부하는 재미에 푹 빠졌습니다. 최상의 수준높은 강의를 해주셔서 정말 감사드립니다. ||| 박사님 저의 생각인데요 지금 한국의 목회자들의 개혁은 본질은 성경으로 돌아가는 것이지만  현상은 반드시 이춘근박사님의 전쟁과 국제정치를 듣는것이라 믿어집니다.  한국의 목회자들이 개혁을 원하면서 이 강의를 듣지 않는다면  우물안에 개구리처럼 자기신앙에 빠질 수 밖에 없다고 생각됩니다. 너무 과하다 여길지 모르나  저는  적극적으로 응원합니다. 감사합니다.",정치
A-lytzS53jQ,"[이춘근의 국제정치 140회] ① 김정은 유고(有故), 격동의 한반도",이춘근TV,"이박사님 덕분에 공부 많이합니다  감사해요 ||| 할렐루야,이춘근박사님의국내외소식넘감사합니다. 또한시야가넓어지고있습니다.살롬 ||| 이춘군tv 사랑함니다👍👍👍 ||| 이춘근박사님 감사드립니다. 저는 일본에서 박사님프로 늘 듣고 있습니다. 항상축복합니다.감사드립니다. 삶은소대가리 말로가 보입니다. ||| 오늘강의도 감사합니다 박사님!",정치
ocDHt6maIlc,[이춘근의 국제정치 155회] ② 중무장(重武裝)하는 일본,이춘근TV,이교수님 적시에 적절한 대응을 하여 강대국으로의 지위를 굳히는 일본이 너무 부럽고 두렵습니다. 주일에  주시는 명강의 선울에 감사드립니다. ||| 안녕하세요 감사드립니다 늘 건강 하시기 바람니다 ||| 안녕하세요.  늘 감사드립니다.  건강 조심하고 평안하시기를 기원합니다. 👍🙏 ||| 강의 감사합니다 박사님! ||| 유익한 정보 감사드립니다,정치
OxDeXXfUFKY,[이춘근의 국제정치 138회] ② 장교들 식량 배급도 제한하는 북한 🇰🇵+ 🇨🇳중국을 향한 세계의 소송,이춘근TV,박사님을통하여세계를바라보는눈이열렸습니다.정확한정보늘감사합니다.건강하십시요^^. ||| 박사님 강의를 늘 듣습니다  박사님은 세계 석학입니다 무너져가는 대한민국을 받치고 있는 기둥입니다 ||| 한미동맹을 강화하는 것만이 자유통일 앞당기는 길이다 박사님 감사합니다 ^^ ||| 저는 오래전부터 이춘근  박사님과 김정민박사님 강의 빠지지 않고 듣고 있는데 두분이야 말로 한국을 살려낼 귀한분입니다 유익한 강의 너무 감사합니다 ||| 훌륭하십니다,정치
g_rBZauPrKc,이춘근TV✏️📚[전쟁과 국제정치 5강] 전쟁의 정의(definition) / 이상주의와 현실주의,이춘근TV,"교수님 국제정치 관계 와정치  강의   듣고 나면 점점 눈이 떠지고 밝아지는 느낌 입니다 감사 합니다 ||| 박사님 강의 감사합니다! 박사님 덕분에 일요일 오후 유익한 국제정치 공부합니다. 우라나라와 우리나라의 혈맹인 미국이 위기에서 벗어나 자유민주주의를 지키길 간절히 기원하며 경청하겠습니다. ||| 잘보고 있습니다.박사님.존경합니다..악을 물리치고,정의로운 세상을 위해 힘써주세요. ||| 감사합니다  대한민국 도 어서 복음통일이 이루어 지는 날이 오길 기도합니다 아멘ㆍ  천멸중공 ㆍ멸공 ||| 혼란스런 이 시기에 그나마 박사님 말씀 경청하면서 마음을 추스립니다",정치
F7e3MWxbQ7E,"이춘근TV✏️📚[전쟁과 국제정치 2강] 전쟁학의 고전(古典)들, 인간의 역사는 전쟁의 역사",이춘근TV,"영광입니다. 이런강의들을수 있어서 건강하세요. ||| 이춘근박사님! 감사합니다. ||| 박사님 강의 감사합니다! 박사님 덕분에 국제정세를 제대로 공부하고 있습니다^^ 오늘도 열심히 공부하겠습니다! ||| 박사님 ~♡  60 이 넘는 나이에 국제정치 를 공부할수 있는 기회 를 주셔서 너무 감사 합니다 건강 유의 하세요~^^ ||| 이박사님은 전문적이실 뿐만 아니라 겸손하시고, 따뜻하신 분 같습니다.  어려운 국제 정치를 쉬운 표현을 통해서  눈을 열어주셔서 감사합니다.  귀한 강의 정말 감사합니다. 늘 건강하세요.",정치
d1VR4KAl_xI,"[이춘근의 국제정치 130회] ② 미·중 무역전쟁 2년, 중간평가",이춘근TV,"감사합니다. 😄 역시 아직도 우리는 많은 사람들이 세상을 보고, 느끼고, 받아 들이는데,, 부족한듯 느껴 짐니다. 안타깝네요. ||| 잘 듣고 있습니다 감사드립니다 박사님 ~! ||| 늘 넓은 세계관을 가질수있게 해주셔서 박사님!  감사 합니다!!! 강건 하세요!!! ||| 압!!!이 시간은~ㅋㅋㅋ자장가로 듣고 내일 또 듣고~ 감사합니다. 박사님.^^ ||| 이춘근박사님의 귀하고 훌륭한 자료분석강의 정말로 감사합니다. 최고! 👏👍",정치
rnV5HKIxoaw,이춘근TV✏️📚[전쟁과 국제정치 6강] 국제정치에 취약한 마르크스주의/ 과학적 전쟁연구의 효시,이춘근TV,"이디서 들어보겠습니까 이렇게귀한 강의를 감사합니다 늘 기대하며 기다리는방송 국제정세를 알게해주시니 감사합니다 젊은 청년들이 이방송좀 많이보게되기를 ||| 국제정치를 전혀 몰랐었는데  교수님 강의에 넘 재미있어 듣다보니 애독자가 되었어요 감사합니다. ||| 박사님강의 시간은 기대 우선순위1위의  시간입니다.사랑과 땀으로 늘 강의준비해  주심을 감사드립니다! ||| 거희  매일 기다려지는  강의 입니다. 감사합니다. ||| 오늘도 6강의 유익하게 들었습니다. 개인,국가, 국제란세가지 틀에서 생각합니다 하나님도 인간으로 국가를 만들고 열방(세계)을 바라 보게 하셨죠.  교수님, 수고하셨습니다. 날씨가 이곳도 무척 추운데 항상 건강하세요. 감사합니다.",정치
aPbS0wKo0hs,[이춘근의 국제정치 151회] ② 2021년 미국 국방수권법(NDAA) + 전운(戰雲)이 짙어지는 남중국해,이춘근TV,"백선엽장군 빈소 찾은 해리 해리스 주한미대사, 품에서 백선엽장군과 찍은 사진을 꺼내며 ""늘 간직하고 있다"" 정말 감동적이다. 대사님 감사합니다. ||| 전교조 교사들 수업으로 좌편향 됐었는데 박사님 덕분에 많이 알고갑니다! ||| 대단히 감사합니다. 영원하시길,,, ||| 이춘근 박사님 목소리 편안하고 듣기좋고 지식은 한층 넓어지고 끝까지 듣게 하는 매력 은? 갖고 계신 능력 보다 겸손 하신 힘의저력 ||| 정말존경스럽습니다  국제정치 에 대해 해박한 지식 과 멋진 영어실력  늘 감사 드립니다",정치
6nnleo8c68g,[이춘근의 국제정치 125회] ① 드론 전쟁(Drone Warfare) 시대의 본격적 개막,이춘근TV,"박사님 새해 복 많이 받으세요. 오늘도 스위스 🇨🇭 에서 주먹을 쥐었다폈다하면서 강의를 들었습니다. International relationship 공부하는 학생으로서 국제 사회의 움직임을 이해하는 것은 필수입니다. 특히 우리나라와 연관이 되어 있다보니 박사님의 강의는 제게 최고의 시간일 수 밖에 없습니다 ||| 항상 현이슈와 국제장치의 팩트를 말씀해주셔서 많이 배웁니다 새해 최고복 많이 받으세요 박사님 감사감사합니다 ||| 이란의 어제와 오늘,  아프간의 어제와 오늘 사진을 보며 들었던 생각.  트럼프야 말로  이시대 상식적이고 용기있는 지도자다. 명쾌한 강의 감사합니다 ||| 너무 감정적인 방송들이 많은데 객관적이고 지적인 방송 감사합니다~ 항상 잘 듣고 있습니다. ||| 이춘근 박사님  시원하게 설명해주신  Iran  사건  대단히 감사합니다",정치
6lbaRQLIkAM,[이춘근의 국제정치 159회] ① 한미동맹은 평화를 지키는 군사동맹,이춘근TV,정권이 교체되면 교수님이 방송에 출연하셔야 대다수 국민들이 한 단계 더 깨어나게 되겠습니다. ||| 이박사님  말씀에  공감하고  적극지지합니다. 감사합니다. ||| 좋은 강의 너무 감사합니다. 세계 정세를 정확하고 깊이 있게 가르쳐 주시기에 위로가 됩니다. 많은 분들이 이 강의를 듣고 균형 잡힌 여론을 조성 하면 좋겠네요. ||| 이박사님강의내용이항상좋아감사합니다 ||| 박사님의 강의는 항상 유쾌한 마음으로 열심히 합니다 정말 감사합니다,정치
FOWwu2k8TXM,[이춘근의 국제정치 150회] ① 김정은과 북한의 행방,이춘근TV,"오늘도,잘경청했습니다!거짓이난무한때, 신뢰가되는방송입니다!감사드리며, 늘, 주님안에서강건하세요~^^ ||| 너무재밌어요  ~~~~~~~~~~~~^^^~~존경 합니다 ||| 유튜브에서 젤 신뢰가 가는 이춘근박사님 이북 근황도 가끔 올려 주세요  다른 분들은 신뢰가 안가서 들어도 바보되는 느낌이 드네요 코로나19 가까히 하지 마시고 건강한 모습으로 강의를 부탁 드림니다 ||| 이렇게 객관적이고 정확하고 대외정세 분석을 얼마나 많은 통일부, 외교부, 국방부 공직자들이 듣고 있을지요... ||| 박사님의 강의는 항상 감사합니다 꾸벅 꾸벅 감사합니다 건강하시고 행복하세요 오늘도 즐거운 주말 보내세요 감사합니다",정치
MnlbSKHwg2w,"30대 젊은 리더십, 국제정치 무대에서 대안으로 부상 / 연합뉴스TV (YonhapnewsTV)",연합뉴스TV,,정치
m-c84jSk8SI,[이춘근의 국제정치 151회] ① 3차 미·북 정상회담? + 썩어 빠진 북한군 군기,이춘근TV,"최고의 강의 감사합니다 ||| 이춘근박사님은 이때를 위해 세우신 하나님의축복입니다! ||| 마지막 멘트가 정말 좋네요. ""여러분 이런 정권을 우리가 더 살도록 도와주고, 저것들하고 잘 지내는 것이 평화라고 생각하십니까?"" 정말 이 말에 귀를 기울여야 할 자들은 귀를 막고 자기 좋은대로 하고 있습니다. 안타깝네요. ||| 꼭챙겨보고있습니다~ 국제정치에눈뜨게해주셔서감사합니다~",정치
jO44VpdDtfg,[이춘근의 국제정치 156회] ② 미국과 대만의 준 동맹관계?,이춘근TV,"박사님 존경합니다 기울어진 대한민국 위해 꼭! 쓰임 받아 나라 구해주세요 ||| 늘 좋은 강의 잘 듣고 있습니다.  어리석은 정책과 사상으로 똘똘 뭉친 듯한 한국의 친구들을 보며 언제나 깨어날까 마음이 아픕니다. ||| 박사님 주말 밤 강의 감사합니다! 대한민국의 정치가들이 박사님 강의를 듣고 국제사회에서 실리를 취하는 정치를 하기를 간절히 기원합니다. ||| 이 박사님, 국제관겨ㅣ에 대한 진지한 강의에 진심으로 감사드립니다. 차이밍 총통이 지도하는 타이완이 부럽습니다. ||| 이춘근박사님 늘 고맙네요 애국인이오 너무너무 존경스럽습니다 요",정치
j3RtQqzXlso,[이춘근의 국제정치 167회] ① 미국의 주적 중국 (America’s #1 Adversary),이춘근TV,이춘근 박사님  방송을 기다렸습니다. ||| 국제적 이해와 균형을 전략적으로 상세히 설명해 주셔서 귀가 뻥 뚫리는것 같습니다. 박사님 감사합니다. ||| 박사님이 한국에 대통령이었으면 대한민국 국민들이 얼마나 행복할까요              잔잔한 물결 같으면서 하나님의 말씀을 따르 시는분 정말 존경합니다 ||| 학자적 견지에서 냉철하게 보시는  박사님 분석이 옳습니다 트통이 재임되도록 기도하며 기다립니다,정치
LqAfoSAAX8w,[이춘근의 국제정치 147회] ③ 다시 원점으로 돌아온 남북관계,이춘근TV,3개월전쯤  오스트리아대사관에서  박사님을  초대해서  자문을  구하고  그박사님의  주신정보을  오스트리아정부는  박사님의   정보에  따라  움직이고있는데  우리나라  정치인들은  박사님의  강의를  박사님의  존재을  몰르는것같은  느낌이   듭니다   너무  가슴아프고   통탄할  일입니다   박사님  감사드립니다 저같은  58세의  평범한  주부까지  너무  이해하기  쉽게 강의을  해  주셨어   제즈변의   일본에  거주하는  지인들에게  박사님의  강의을   공유하며  함께  무지한   한국  정부가   바룬정치를     할수있고   통일이라는  이름으로  국민을  현혹하는  얄팍한  정책이  무너지기를 예수님께  기도드립니다    건강유의하시고 다음강의  기다립니다 감사드립니다 ||| 박사님  잘보고있어요  다보고  오네요  감사합니다. ||| 🍃오늘도 이춘근교수님의 健勝하심을 봅니다. 암울함 속에 희망의 메시지를 변함없이 듣습니다.  貴下의 신앙적 태도와 흔들림 없는  또 양심적 목소리는 이땅에 祝福이 될 것입니다~📣🎵🎶 ||| 박사님 이 강의하면서 속 터지겠어요 ||| 박사님  너무 감사 합니다. 늘 건강 하세요.,정치
fHgNZ_FAfOg,[이춘근의 국제정치 136회] ② 21세기 아시아의 제1 강대국 일본?! (Peter Zeihan’s Analysis),이춘근TV,박사님 안녕하세요? 감사히 경청 하겠습니다 ||| 정치..국제정치..참 어렵다...라고 생각한 그 선입견을 싹 날려버리신 이춘근박사님이십니다~참 재미있게 보고 갑니다..감사합니다~♥ ||| 전혀 지루하지 않고 재밌어요! 졸리지 않은 강의로 유명한 이춘근 박사님! 책도 마찬가지로 흥미진진해 하며 읽고 있습니다. ||| 강의 감사합니다. 언제나 열심히 공부하고 있습니다. ||| 재밌는 국제정세.. 꼭 알아야 할 상식임을 들을때마다 느끼게 됩니다. 박사님 감사합니다. 건강하세요♡,정치
J6l0KJVCciQ,[이춘근의 국제정치 145회] ② 전방위로 치닫는 미·중 갈등,이춘근TV,"박사님의 수십년의 지식을 이렇게 단시간 들을수있음에 죄송스럽고, 고맙습니다. 대한민국 더많은 사람들이 제발 깨어났음 합니다. 현실을 직시하고, 미래로 가야하는데~ 정치권이며 국민들이 아직 정신못차리고, 뜬구름 잡는소리에 기차막힐뿐입니다. 민심을 1%도 모르는 정치인들이 나라를 이지경으로 끌고간다는 자체가 어쳐구니없습니다. 정말 깜도안되는 것들이 개나소나 국회의원, 대통한다고 ...3년전 대선토론 보지도 않고 , 탄핵으로 홧김에 대통뽑은 그지같은 국민성. 국민만 골로간다는걸...후회해봐야~ ||| 박사님 올해도 건강하시고 항상 좋은 일 있으시길 바랍니다. ^^ 좋은 강의 감사드려요. ||| 와.. 존경하는 이춘근 박사님. 좋은 강의 감사합니다. ||| 대한민국 국민들이 존경하는 박사님과 함께할 것입니다 ||| 박사님의 튼튼한 국제정치질서 강론에 경의를 표합니다  항상 건강하시고 오래동안 강의가 지속되길바랍니다",정치
3xBjHiV1tBQ,[이춘근의 국제정치 155회] ① 한국인 90% 한미동맹 지지 (여론과 대중매체),이춘근TV,공산 적화 통일을 저지하는 최대의 역할은 이승만이 미국과 맺은 한미동맹 덕분입니다. 이승만은 죽어서도 당신의 조국의 영원한 평화의 기초를 만들어 놓으신 위대한 국부이십니다. ||| 한미동맹   더욱강화  해야합니다 ||| 이춘근 박사님 명강의 항상 기다립니다 박사님 존경합니다 감사합니다 항상 국제정세 일깨워 주셔서 더욱 감사합니다 ||| 반중친미 천멸중공 ||| 한미동맹은  영원하라  미군의 철군를 지지한 적 한번도 없어요 ~♡♡♡ 박사님 귀한 강의 감사 합니다 더운 여름철 건강 조심하세요,정치
KWe7pBH80b0,[이춘근의 국제정치 153회] ② 주한미군 감축설 정리,이춘근TV,"이춘근 박사님~!! 잘 경청하고 있읍니다 감사합니다. 한미 동맹이 생명입니다. ||| 박사님 잘들었습니다.  중.고등학교때 선생님들이 수업중에 반미에 대한 영상들, 촛불시위동참 요구, 우파정권에대한 비판 등에 노출되어 멋도모르고 선생님말씀이면 진짜인줄 알던때가 있었습니다. 박사님의 정확한 자료의 근거있는 강의를 통해 한반도의 정치 외교가 기울어진 시각으로 단편적으로 볼것이 아니라 세계적 흐름과  지정학적 위치면에서 크게 생각하고 바라볼 수있는 지식을 공유해주셔서 김사합니다. 언론이 장악되어 알아야할것들을 제대로알지 못하는 이 시점에서 박사님의 영상을통해 많은 이들이 진정으로 옳고 그름을 판단할수있는 올바른 잣대가 세워지기를 기대하고 앞으로도 좋은영상에 힘써주시길 응원합니다. ||| 박사님 감사합니다 저의잘못알고있던 우리나라 핵보유 등 안보관념 일깨워 주시고 좁은 생각 세계관 강의를 듣고나니  속이다 시원합니다 ||| 어린 백성 깨우쳐 주시니 감사합니다. 이춘근 교수님 건강하시고 계속 알려주세요 최고의 강의입니다 존경합니다. 응원합니다 ||| 교수님 강의듣고 있으면 속이다 후련해집니다 교수님강의 듣게된거 복입니다",정치
14S3h9Pa-GM,[이춘근의 국제정치 170회] 계속 진행 중인 미·중 패권 전쟁,이춘근TV,"이춘근 박사님!!  너무 많은 공부을 합니다... 존경합니다..  알기 쉽게 강의를 하셔서  많은 것들을 배웁니다...감사 감사 합니다...응원합니다... ||| 박사님 감사합니다 존경합니다 시간날때마다 미처듣지못했던 강의를 차근차근 공부하듯이 열공중입니다 어느하나도 빼먹으면안될 너무나 가치있는 내용들이라 강의듣는 재미로사는것 같습니다 진심으로 감사드립니다 ||| 늘 감사합니다 ~ 항상 시야가 뿌옇게 잘안보이는 눈에... 시력에 꼭~ 맞는 안경을 끼어주시니, 세상이 정확히 보입니다 ! 🍁🍂🍁 ||| 박사님 은 저에게 희망입니다 감사합니다 ||| 감사드립니다~",정치
GD_XNpVHMog,[이춘근의 국제정치 144회] ① 김정은과 북한의 행방,이춘근TV,"이교수님 어려운 시기에 힘이 되는 명강의에 항상 감사드립니다. ||| 명강의 감사합니다 ☺️ ||| 국가안보전략 좋은강의 진심으로 감사드립니다. ||| 존경하는 박사님 오늘도 강의 잘듣고 갑니다~ ||| 박사님 , 혼란한 시기에 한 줄기 빛과 같은 귀한 강의 감사합니다",정치
nlhDztWhjcc,코로나를 이기는 노인자원봉사_중원노인종합복지관 선배시민자원봉사단 JWBC 1편,중원노인종합복지관,환경보호 필요성을 느낄수있는 영상입니다. 저도 더욱 노력하겠습니다! ||| 분리수거 철저히 해야겠네요~!!,비영리/사회운동
7DbWehaVrrA,(울자봉뉴스)울산광역시자원봉사기자단 모집!!,울자봉 TV,2020 자원봉사기자단 화이팅~~^^ ||| 16기 정제민입니다!,비영리/사회운동
36M8wmn-TEg,미국 비영리법인 (Non Profit Corporaiton),법인사부JOHN,필요했는데 내용 정리 귀에 쏙쏙 들어오네요 ||| 법무사님 안녕하세요.  영상 잘 보았습니다.  우리회사에서 미국 법인 준비를 하고 있는데요.  이메일 소통을 하고 싶습니다.  바쁘시겠지만 댓글로 이메일 알려주시면 감사하겠습니다.  설 명절 행복한 시간 보내세요~,비영리/사회운동
sQ2Lo_sR__A,경주시종합자원봉사센터 자원봉사(1365) 홍보CF,경주시종합자원봉사센터,오늘 휴가중 터미널을 지나고 있는데 경주소식을 알리는 전광판스크린에 울용이님 자원봉사 홍보영상이 대박~! 경주의 자랑입니다~♡ ||| 자원봉사 홍보.역시 짱짱입니다 ||| 용이님 우리경주로 대표하는가수님 넘멋져요최고👍 ||| 💜💜💜 ||| 낮설다~~ㅋ괜잖아 할쑤잇엉CF 민재님 화이팅💟💟💟💟💟,비영리/사회운동
dz5T_XdciGM,비영리단체가 저작권 내용증명 받았을 때 대응하는 방법,김종원,좋은강의와 자료 감사합니다. 많이 도움이 됩니다. ||| 영상이 많은 도움이 되었습니다. 감사합니다. ||| 좋은 정보 감사드립니다...!!! ||| 중요한 문제에 대해 깔끔한 내용정리된 영상 만들어 주셔서 감사드립니다.  ^^ ||| 강사님 좋은 강의와 좋은 자료들 감사합니다!,비영리/사회운동
oR6flr7-378,[홍보] VMS가 머지🤷‍♀️🤷‍♂️ 자원봉사사업단을 알아보자!😎😎,한국사회복지협의회 나눔채널 공감,,비영리/사회운동
nfDYwEZaiWo,비영리법인 공익법인 비교 - 한국공익법인협회,KPCA 한국공익법인협회,공익법인전수조사해서엄벌해라,비영리/사회운동
V3WvhTqUKss,비영리법인 기본재산과 보통재산의 구분 - 한국공익법인협회,KPCA 한국공익법인협회,안녕하세요? 사단법인 (비영리법인)에 후원이 들어온 컴퓨터가 30대 있어요. 여러 사정상 이 컴퓨터를 매각하여 법인 수입으로 잡는 것을 검토 중인데 가능하다면 적법한 회계처리방법과 세금발생은 어떻게 되는지 궁금합니다.,비영리/사회운동
imXwj8CbYG0,"자원봉사 동화 ""도움을 주면 돌아오는 행복""",경기도자원봉사센터,도움을 주면 자신에게 돌아온 다는 점을 잊고 살았는데 이 영상을 보고 다시 한번 생활속에 사소한 봉사가 다른 사람에게 큰 의미가 된다는걸 깨닳았습니다. 저도 다른 사람들에게 도움을 주며 살아야겠다고 느꼈습니다. ||| 도움을 주면 그 도움은 저에게로 반드시 돌아오게 되있죠 요즘 사람들이 모두 자신에게 도움을 주었으면 좋겠네요 저도 이영상을 보고 사람들에게 도움을 주어야 한다고 생각했어요 ||| 아주 어릴 때 부터 봉사는 의미있는 일 이라는 걸 가르쳐야겠어요 ||| 귀요미! 자봉이.. 누군가를 도와주면 내게도 돌아와요~^^ ||| 도우면서 사는 살기좋은 세상이 되길 바랍니다. 그림예쁘네요~,비영리/사회운동
5PcNXCMeAd8,당신이 자원봉사를 하면서 살아야 하는 이유,BYUNGRO KIM (김병로),"감사합니다. ||| 성공만 쫓아 내중심적인 삶을 살다가 비교에 휩쓸려 스트레스를 받던 와중에 어떤 한 봉사하는 삶을 보고 부질없고 의미없음을 느끼게되었습니다. 또한 누군가를 소소하게 도와주었을 때의 의미와 기쁨을 떠올리며 봉사에 갑자기 관심을 가지게 되던차에 좋은 영상을 보게되었는데 감사합니다! ||| 가족들을 위해 봉사하면 그들은 불편해 했다. 하지만.. 모르는 사람들에게 봉사하면 모르는 그들은 오히려 고마워했는데, 그것이 내가 사는 이유가 되었다 ||| 봉사 실천 잘 하겠습니다 ^^ ||| 공감합니다👍",비영리/사회운동
EuSIggJuRRM,"[NIB 뉴스] 연수구, ‘2020년 대한민국 자원봉사대상 대통령상’ 수상",NIB남인천방송,,비영리/사회운동
klfBDiiShsw,비영리법인 주무관청 선정 - 한국공익법인협회,KPCA 한국공익법인협회,,비영리/사회운동
Si30RPto7uQ,쉽고 간편한 울산 자원봉사 모바일증 발급 방법!,울자봉 TV,유용한정보 공유합니다^^ ||| 대전에서 놀러왔습니다! 모바일증 너무 좋은 것 같아요! 지난번에 환대해주셔서 너무 감사합니다! >< 저희 채널에도 놀러오세요~^^ ||| 80시간..ㅠㅠ쫌만 더 하면 받을 수 있겠어요 ㅎㅎ,비영리/사회운동
nAvBBrv9ZuM,제16회전국자원봉사센터대회 특별공연-충청대세밴드(티얼스+붉은노을),호연kim,,비영리/사회운동
YzUQwC2Adu8,코로나19 시국 자원봉사는 어떤 모습일까?👀,전주MBC Original,모두가 힘든 코로나19사회 속에서 타인을 위해서 나눔을 실천하시는 모습이 너무 멋있으십니다. 자원봉사자분들을 본받아야겠습니다. 누군가에게 따뜻한 겨울을 선물해 주셔서 감사합니다. ||| 코로나 시대에서도 먼저 나서서 남들을 위해 봉사해 주셔서 존경하고 감사합니다.  이번겨울을 많이 춥지 않았으면 좋겠네요 이렇게 봉사해주시는 분들이 있어 대한민국이 더욱 따뜻해집니다 정말 감사합니다. ||| 코로나 19 상황속에서 그 어떤 때보다 두려우실 수도 있는데도 불구하고 자원하여서 봉사하시는 모습이 너무 아름답습니다. 나는 무엇을 하고있는가에 대해 반성하는 계기가 되었습니다. 자원봉사자분들 덕분에 소외된 사람들이 더 따뜻한 겨울을 보낼수 있겠네요. 정말 감사하고 또 존경합니다. ||| 코로나19로 자신도 힘들고 위험한 시기임에도 불구하고 봉사를 선행하시는 모습을 보니 감사함이 크네요. 이번겨울을 많이 춥지 않았으면 좋겠네요 이렇게 봉사해주시는 분들이 있어 대한민국이 더욱 따뜻해집니다 정말 감사합니다. ||| 코로나 상황속에서 자원봉사 너무 대단하다고 생각합니다 얼른 코로나가 끝나서 활기찬 봉사가 이루어졌으면 좋겠습니다 봉사자님 늘 응원하고 감사합니다!!,비영리/사회운동
CkACKZFZAa0,2020 부산광역시 동구 수해복구 자원봉사,부산광역시자원봉사센터,,비영리/사회운동
CfqFmUwACOM,"[ 허종식 2020 국감 : 비영리 법인 복지재단, `대우재단` 부동산 투기 ]",동네사람 허종식TV,,비영리/사회운동
oSvURaoltFc,용이의 첫 경험! 경주시자원봉사센터 홍보영상 촬영 스케치 HOONiYONGi's vlog,채널 후니용이 ch.HOONiYONGi,호중님 팬입니다 후니용이님 팬미에서 봤는데 두분다 잘 생기셔서 구분이 안되네요 좋아요 구독 누르고 갑니다 늘 호중님 잘챙겨주셔서 감사드려요 ||| 안녕하세요 얼마전 팬이 되었습니다...후니용이가수님 너무  잘 생기셨어요..  힘내시고 응원합니다... 두분 너무 잘생기셨어요 용이가수 횟팅..ㅎㅎ.. ||| 후니님 용이님 반가워요 우리경주 자원봉사 홍보영상 잘봤습니다 용이님잘했습니다 수고하셨어요 앞으로경주홍보 많이많이해주세요 후니용이님 최고최고 홧팅~👍👍👍 ||| 너무 멋지게 잘하셨어요 멋져요  좋은일 하셨네요.  우리 잘생긴분 도 보게되서 기뻐요.  좋은영상 늘감사해요💜💜💜 ||| 재주많고 잘생긴 님들! 울 김호중  님! 포토북! 보고 도 봅니다!💜,비영리/사회운동
CSflpl38LyQ,[2020 찾아가는 아카데미] 맞춤형 자원봉사 배달 교육,경기도자원봉사센터,,비영리/사회운동
j5fGndDfIcI,고아원(보육원)에 자원봉사! 어떻게 생각하세요?,나행고TV,"위 영상 조회뷰 10,000회가 되어 추가 영상을 찍었습니다. https://youtu.be/hyivysGl2hQ ||| 보육원 말고 위탁가정에서 지내는게 좋다는 말씀이신거죠? 제가 두군데 다 겪어본 바로는 전혀 동의할수 없네요... 저는 현재 20대 초반이고 15살때부터 19살까지 아동그룹홈, 19살 초반부터 20살 말까지 보육원에서 살다가 만기퇴소 후 자립했습니다. 위탁가정과 그룹홈은 다른 개념이지만 소규모이니 비슷하다고 생각합니다. 제가 살았던 그룹홈은 사회복지법인이 아닌, 개인 사업자로 등록되어있어 크게 다를게 없다고 생각이 드네요.   저는 원가정에서 학대를 받아 그룹홈에 들어갔습니다. 그룹홈은 보육원과 다르게 아주 작은 시설이고, 그 안에서 어떤 일이 일어나도 어른들은 잘 모릅니다. 학대에 취약하죠.   제가 살았던 그룹홈은 '엄마'라고 부르는 원장이 가끔 2~3일씩 친구들과 여행을 가면 제가 3살,5살 아이들을 돌봤습니다. '엄마'는 3살 아이가 울면 울음소리가 듣기 싫다고 울음을 그칠때까지 방안에 가둬놓았고, 밤에 엄마랑 같이 자고싶다고 칭얼대는 아이를 보고 그럼 자지말라며 엉덩이를 손바닥으로 피멍이 들도록 때리고 새벽2시까지 조는 아이를 윽박지르면서 강제로 재우지 않았습니다. 5살 아이가 울었을땐, 우는 소리가 듣기 싫으니 충격요법을 줘야한다며 깜깜한 밤에 아이를 강제로 끌고나가 근처 산에다 내버려두고, 혼자 차를 타고 5분정도 이동했습니다. 그동안 아이는 공포에 떨며 버리지 말라고 울면서 달리는 차 손잡이를 붙잡고 같이 뛰었구요. 게다가 아동 한명당 나오는 돈을 보고서에는 아동을 위해 썼다고 적어놓고 본인의 친아들에게 배달음식이나 문제집, 생활용품 등을 사줬습니다. 들어오는 각종 후원물품, 음식들도 우리애들은 많이 안먹는다는 궤변을 늘어놓으며 3분의 2를 본인 집으로 가져갔습니다. 밥먹는 양도, 시간도 강제하면서말이죠. 똑같이 방임과 학대를 당해 그룹홈에 들어온 중학생 아이에게도 아이가 작은 잘못을 저지르니 미친년, 이집에서 나가라고 크게 소리를 지르며 옷가지들을 집어던지기도 했습니다. 그리고 그 이후로 나머지 아이들에게 그 아이를 따돌리고 말도 걸지 말라고 지시했죠. 말을 걸면 소리를 지르며 혼냈습니다.  원장은 항상 우리들에게 ""너네 어디가서 이런말 하면 안돼. 엄마덕분에 너희들이 잘사는거야."" 하며 신신당부했습니다. 소규모 개인 시설에서 인증사진만 찍고 보고서를 조작하는건 쉬웠죠. 이건 정말 아니라고 느낀 고3의 제가 아동보호전문기관 선생님들을 통해 경찰에 신고해서 이 일이 드러났고, 전 보육원으로 옮겨갔습니다. 보육원은 큰 시설이라 그런지 정말 다르더라구요. 그곳처럼 꼼수를 부려 후원물품, 돈 등을 빼갈수도 없었고, 아이들을 함부로 대하지도 않았습니다. 보는 눈이 많아서겠지요.  전국에는 많은 위탁가정과 그룹홈들이 있는데, 과연 그들 모두가 올바르게 아이들을 양육하고있을까요? 위탁가정과 그룹홈들은 대형 시설인 보육원과는 다르게 폐쇄적입니다. 그리고 사람들은 이곳에서 좋은일을 하는 사람이 설마 아이들을 학대할거라고는 상상도하지않죠.  전 이런 일들을 경험한 사람으로서, 아이들이 보육원같은 대형 시설에서 커야 이러한 위험에 노출되지 않는다고 생각합니다. 보육원 없애기 운동이 있는지는 몰랐네요. 보육원이 없어지면 저같은 피해를 입는 아동들이 많아질겁니다. 이런 사실들도 많이 알려졌으면 좋겠습니다. ||| 저는 보육원을 돕는 단체와 보육원에 가서 직접 자원 봉사를 오랬동안 했던 사람 입니다. 무었을 말 하려 하시는지 알겠습니다. 저는 미국에서 오래 살면서 미국의 보호대상 아동에 대한 복지 상태도 보았습니다. 보육원이나 그룹홈 또는 위탁 가정 중 어떤 것이 더 좋은가는 나라마다 국민의 사상과 문화, 경제에 따라 달라집니다. 우리나라가 옛날 전쟁 중에 생긴 보호대상 아동이 많았던 반면 요즘은 발생 형태가 다르고 나라의 경제와 사람들의 교육 정도와 사상이 달라졌기 때문에 그에 따라 시설이나 보육의 방법이 달라지고 있습니다. 우리나라의 여건이 아직 성숙되지 않았는데 본인의 단편적 경험만 가지고 보육원에 후원이나 자원 봉사를 하지 말라고 하는 것은 위험한 발상입니다. 우리나라가 복지 여건을 많이 향상 시켰지만 아직은 보육원을 없앨 정도가 아니죠. 입양에 대한 인식도 달라져야하고 위탁 가정을 하려고 하는 분들의 경제 사정도 좋아서 위탁 아동에게 지급되는 돈을 노리는 사람도 없어져야고..  우리나라가 이제 복지도 좋아지고 경제도 좋아지고 교육도 좋아졌지만 불과 얼마 안 지난 시간에 이루어 져서 여건이 좋아지려면 아직 멀었습니다. 제 생각은 아직은 오히려 보육원 후원도 더 많아져야 하고 자원봉사도 더 많아져야 한다고 생각 합니다. ||| 생각도 못한 관점 공유 감사합니다 많은 생각을 하게 됩니다 ||| “보유원 자원 봉사를 가지말라 “.무슨 말인가 했네요.  동점심 으로 봉사를 한다면 도움보다  잘못된 편견으로 그 친구들을 판단해 버릴수 있다는거죠. 이 영상을 보면서 다른 시선으로 보게 되네요",비영리/사회운동
EenbYpqz8JE,가평군 자원봉사센터 마스크 제작 재능기부 봉사활동,가평군,👍👍👍👍👍,비영리/사회운동
xhs7N2lkQGg,1 자원봉사제도의 이해   이은자,나영수,,비영리/사회운동
-LRAtnBOPsQ,[자원봉사 교육 컨텐츠] 똑똑한 자원봉사 3강 효과적인 자원봉사 운영,경기도자원봉사센터,잘 보았습니다 ||| 여러 봉사 종류에 대해 알 수 있는 유용하고 좋은 영상이었습니다. 이영상을 통해 저의 목적에 맞는 봉사 활동을 찾아보도록 하겠습니다. 좋은 영상 감사합니다. ||| 좋아요 ||| .자발적으로 무 보수로 하는 모든 활동이  자원봉사 인건 알고 있었지만 생각 했던것 보다 봉사의 종류가 여러가지가 있네요. 목표와 목적에 맞는 제가 할수 있는 활동을 찾아 해야겠네요.,비영리/사회운동
esK0ylpfMHU,자원봉사센터,서대문구사회복지박람회,,비영리/사회운동
n6jwUXM7T_0,남북주민의 남다른 자원봉사활동,남북통합문화센터,,비영리/사회운동
rHtDZ2BWjac,'안녕한 사회' 모두가 함께하는 자원봉사,한국중앙자원봉사센터,"코로나 종식을 위해 힘써주시고 희생하시는 모든 의료진분들,봉사자분들 관련자분들 정말 모두 한명도 빠짐없이 감사드리는 말씀 전하고싶습니다. 피땀흘려가며 노력해주시는만큼 좋은 결과가 얼른 찾아와 모두 웃음꽃이 피는 날이 하루 빨리 왔음 좋겠습니다 항상 진심으로 감사드립니다 ||| 사회적 거리두기는 철저히 하였지만 마음의 거리는 멀어지지 않았다는 문구가 가슴에 남네요. 위기 때마다 나타나주시는 영웅같은 자원봉사자분들께 감사의 인사를 올립니다. ||| 이 위험을 무릅쓰고 현장에서 봉사하고 계시는 의료진 뿐만 아니라 여러 봉사자들께 감사인사와 응원의 메세지를 보냅니다. 힘드신 의료진분들 항상 감사합니다. ||| 모두가 바이러스 때문에 힘든 시기에 힘써주시는 자원봉사자님들 정말 감사드립니다. 이 상황에서 함께 빨리 벗어나기 위해 열심히 노력하곘습니다! 응원합니다 ||| 이런 의료진 분들, 자원봉사자분들 덕분에 코로나 바이러스에 잘 대응할 수 있었다고 생각합니다. 언제나 감사하고 저도 생활 속 거리두기를 잘 지키도록 하겠습니다.",비영리/사회운동
qet6M2p6i0s,자원봉사 청년 인터뷰 영상,장세호,,비영리/사회운동
03EJIdGXSy8,"자원봉사 66만명, 자원봉사진흥위원회",Dr Jung TV 정창성과장 유튜브,,비영리/사회운동
Vr1VduOBooI,코로나19극복 자원봉사 영상,강릉시자원봉사센터,,비영리/사회운동
kFAYATcqERY,2020 의왕시 자원봉사 활동 영상,의왕시종합자원봉사센터,,비영리/사회운동
UtnMVR18w0I,하모니카연주. 자원봉사 이그나이트대회 참가연습,함께하기TV {Action Together},#하모니카연주 #자원봉사 #이그나이트대회 #우수상 #더불어락노인복지관 ||| 하모니카연주 멋지네요. 응원합니다 ||| 귀한 연주영상 고맙습니다 🙏 ||| 잘들었습니다.고맙습니다 ||| Great share,비영리/사회운동
pnIQU5ycVUc,2020 광주광역시자원봉사센터 활동영상,광주자원봉사센터,,비영리/사회운동
SQovAAHfNsU,동작구자원봉사센터 비대면 재난구호소 체험캠프 진행 영상,동작하는 자원봉사 [동작구자원봉사센터],도움주는 기쁨/받는 기쁨이 큰 이웃~비대면으로 영상으로 진행하는 모습이 새롭고 집중도 잘되네요~아이들이 잼있어 하네요 ||| 잘 만드셔군요. 화이팅 ||| 코로나19로 힘든 지금 비대면 재난구호소 체험캠프로 이겨나가요!,비영리/사회운동
FVMtT1rUV50,코로나를 이기는 노인자원봉사 - 고양시대화노인종합복지관,대화노인종합복지관,마실봉사단 응원해요 화이팅 ||| 마실봉사단~  화이팅입니다♡ ||| 봉사단 이름이 예뻐요 항상 자유롭고 정의로운 모습으로 건재하시길 바랍니다 ||| 마실봉사 단원들의 봉사정신은 대단하신것같아요~  나눔을 하며  기쁨을 느끼는 단원들 앞으로도 많은 봉사 부탁합니다 ~♡ ||| 날마다 봉사하는 삶 자체가 행복임니다^^ 수고하셨습니다😀,비영리/사회운동
X2CFbbk9TvE,"코로나19 대응 자원봉사캠페인 영상 - ""안녕! 함께할게""",울자봉 TV,"사회적 거리두기 참여하는것 만으로도 우리도 자원 봉사자가 될수 있다고 하네요.안전 수칙을 잘 지키고 동참해서 코로나 19를 잘 극복 하자구요. 마스크 착용 ,손 씻기, 거리 두기  생활속 기본 수칙 지키자구요",비영리/사회운동
flrN60w1pqM,2020자원봉사 홍보공모전 영상부분 장려상 수상작,안양시자원봉사센터,봉사하는 모습 정말 멋집니다^^  응원합니다!,비영리/사회운동
gPTQQtKa0aQ,사회운동,김형민,,비영리/사회운동
nyGM8YZ4QGQ,"장학봉 목사의 통&톡 62회 : 기후변화, 교회의 대처는? 1부",C채널방송 : TV,,비영리/사회운동
8yjl9vY84Wg,03.  나무만큼만 - 명쾌한씨와 함께하는 기후변화 이야기,국가환경교육 통합플랫폼,역시 적당한게 제일 좋은거 같네요,비영리/사회운동
NJFNGQQ9yjE,[생태전환교실 첨부영상] 기후변화로 달라지는 일상,에코버디(사단법인 자연의벗),"이영상을 보고 휴대전화가 태양이 되었습니다 ||| 2050 거주불능 지구 이 책도 좋아용 ||| 코로나나 자연재해, 사고, 질병등등 사람이 죽으면 ""어떻게~, 구조해주세요 기타등등"" 말하지만 사실 지구에 인간이 너무 많아; 76억명정도 지구에 인간이 살거야 근데 이걸 딱 반!!! 정도 인구가 줄면 이런 이야기도 많이 안나올것이다 선진국은 인구 문제가 발생하는데 아마... 느끼는거 아닐까? 사람이... 인간이 줄어야 한다는걸.. 이 인구 문제는 출산이 문제가 아니야... 안 죽어 ㅋ 조선시대 평균 수명이 30~40이라고 알고 있는데 지금 100살 시대야 ㅋㅋㅋㅋ 이 노인들이 안죽는게 경제도 힘들어지지 이들에게 쓰는 복지비가 장난이 아니거덩 의학,의술이 발전하면서 인간의 젊은 친구들이 고생을 하게 되고 지구는 열병에 걸리는구나 뭐가 정답일까? 다 같이 고생하면서 죽는거? 아니면 일정 나이가 들면 죽는거? 대충 살다 죽자... 근데 분리수거나 고기 조금만 먹고 전기도 조금만 쓰자 더우면 여름이니깐~ 하고 추우면 옷입고 집에 있으면 조금이라도 줄겠지 ||| LOL승급전 ㅋㅋㅋ",비영리/사회운동
YHxfqn1ie7k,중3 사회-10.1. 전 지구적 차원의 기후 변화,작은참새,,비영리/사회운동
poerh0p9U7Y,"국가 기후변화 적응대책 10년, 평가와 과제 심포지엄",국회기후변화포럼,기후변화는 신기술로 얼마든지 대응가능합니다 지금까지 인류는 지구의위대한 위력을  제대로 이용하지못하는 과오로 현재의위험을 자초한 현상입니다 수십년간 연구한 결과아주 수월한방법 알게 돼엿죠 그런데 문제는 기술공개 할수있는 방법이 문제란걸알게 됏죠 수년간 기술공개 원하여도 아무도 믿지않으네요 아마추어도 접근할수있는쉬운 방법 필요합니다,비영리/사회운동
1NzFG_dHnyg,[기후변화와 농업] 온난화와 농업환경: 기온과 생산량_조재일_전남대학교,전남대학교 농업생명과학대학,,비영리/사회운동
EayR0NOCZXo,수원시기후변화체험교육관 홍보 영상,두드림,,비영리/사회운동
b_LlectmJCM,블링크들 주목! 기후변화에 대해 함께 배워 볼 시간! #COP26,#india always great,,비영리/사회운동
41mZehRErWE,02.  지구를 살리는 맛 - 명쾌한씨와 함께하는 기후변화 이야기,국가환경교육 통합플랫폼,소중한 영상 감사합니다 ^^ ||| 과연 소고기 줄일 수 있을까요?? 소고기가 안들어가는 곳이 없는데...,비영리/사회운동
Ym12o6foMcY,[제 12회 기후변화주간] SOS 기후행동!  나의 지구를 구해줘!,빛튜브☆광주광역시 공식 유튜브,"대중교통, 분리수거, 안쓰는 전원 뽑기 등 우리 모두 실천해요~~ ||| 지구를 지켜야지요 화이팅 입니다",비영리/사회운동
_SasdKSW2z4,[SDG13] 생활 속 쉬운 환경 애끼기🔥/ 함께 해요! 기후변화대응,렛츠코 Let's KO,영상 재밌게 잘 봤어요~ㅎㅎ 무심코 휴지를 두장씩 뽑는 습관이 있었는데 앞으로는 한 장씩 뽑을게요! ㅎㅎ ||| 엔딩크레딧의 마술쇼  100원의 마술 ㅎㅎㅎ,비영리/사회운동
VVNpA0l8pm4,기후변화로 인해 녹고 있는 빙하,기후에너지환경부 LIVE,,비영리/사회운동
Zj-Nm1HvNIA,01.  꼬미의 부탁 - 명쾌한씨와 함께하는 기후변화 이야기,국가환경교육 통합플랫폼,좋은 영상 감사합니다! 잊지말고 실천하는게 중요하다! ||| 아이들과 함께보니 흥미로워하네요~ 좋은 교육자료가 될 수 있어 좋은거 같아요~ 감사합니다 🙂,비영리/사회운동
MRIl53gB3uA,농업이 미래다 5부_기후변화의 역습,젬비씨 JEMBC,,비영리/사회운동
l9Eij2_hVWc,"15. 기후변화 - 어린이 초록세상(초등 5,6학년)",국가환경교육 통합플랫폼,2100년도에는 거의다 잠기네요 ㅋㅋㅋㅋ,비영리/사회운동
CiinvlrhoPE,'기후변화' 대신 '기후위기'라는 말을 써야 하는 이유 | 지구 온도 1℃ 상승의 위기  ㅣ 불독 MBC경남,혜민정음,"어떻게 해결할 수 있을까요?  태양광 발전, 풍력 발전으로 해결 될까요? 태양광, 풍력의 한계 : https://www.youtube.com/watch?v=HNkgGHmcx4s&t=147s 궁극의 해결 방법 : https://www.youtube.com/watch?v=JWajiR4BtpE&t=23s",비영리/사회운동
z9SsHXnnZjw,『페미니즘의 투쟁』 출간 기념 서평회 - 서평 발표 (1/2),다중지성의 정원,,비영리/사회운동
OEQ55jSnKrA,페미니즘 관련 책을 읽는 남자들의 모임 | 그런사람 | 살림소모임,살림의료복지사회적협동조합,멋진 모임이네요! ||| 그런사람으로 스따뚜~~~  꾸준히 잘 모이고 계시니 든든하네요. ^^ ||| 시러는 왜 누를까? ㅎ 페미혐오? 자몽이 못해서? ㅋ,비영리/사회운동
uqwmJBuH5EI,"기독교 페미니즘 책 추천 (입문편) | 구신북스 EP 4 | 여성이 만난 하나님, 비혼주의자 마리아 | 세계 여성의 날",구 신학생,"비혼주의자마리아 정말 재밌게 봤지요 여성이만난하나님은 한번 사서 봐야겠네요 ㅎㅎ ||| 창조론 연대기, 이책과 다른 여러가지 책으로 단기 독토모임을 진행했었어요. 강호숙교수님책도 참 많이 도움되었었고, 바울과 여성은 절판되서 처음으로 원서로 신학책도 읽어보고 아주 힘들게 모임을 준비하던 경험이있네요 ㅋㅋㅋ , 논외로 베일리선생님의 <지중해의 눈으로 본 바울> 이 양식비평과 문화비평적인 생각에 엄청 도움되었었어요. ||| 좋은 영상 감사합니다 꼭 읽어보겠습니다 ||| 진짜.. 응원해요..!! 페미니즘이라고 하면 이단이고 사이비라고 해서 힘들었어요.. 책 빌려서 읽어봤는데 조금이나마 더 알게됐습니다😂 감사합니다~ ||| 어쩜 이렇게 맞는 말만하세요 진짜 감동이에요ㅠㅠ  비혼주의자 마리아 읽고 너무 좋아서 지인들에게 선물해줬는데ㅋㅋ 여성이 만난 하나님도 꼭 읽어볼게요! 추가로 ""성경적 여성으로 살아 본 1년"" 이 책도 추천드려요:)",비영리/사회운동
4vQHsWVODmM,"[현대미술] 페미니즘미술- 제니 홀저, 바바라 쿠르거 문자 미술 : Jenny Holzer,  Barbara Kruger Rhetoric Art",정수모의 서양미술기행,,비영리/사회운동
SYnQ5afGh1w,"여성학을 전공하는 청년 레지오 단장의 ""종교와 페미니즘의 관계 맺기""(샬롬살롱 3편)",가톨릭동북아평화연구소,잘 배웠어요 감사합니다 ❤ ||| 천도교는 동덕여대 애들 그리하라고 그만들거 아닐텐데,비영리/사회운동
UrBdlMQ9pyk,[현대미술]  페미니즘 미술 - 화장도 미술인가요 ? Is secret makeup also art?,정수모의 서양미술기행,,비영리/사회운동
-4KLmj8frKI,리빙랩을 활용한 지역 사회문제해결 세미나 - 사례발표 3,전남SOS랩,,비영리/사회운동
-i3s8-h7AGE,[찾아가는성평등 교육] 성경적 페미니즘과 여성리더십,서울YWCA,너무 좋은 강의 감사합니다. 교회에서  가부장적 모습에 많이 안타까웠습니다.  평등하게 우리를 창조하신 하나님의 의도를 왜곡시키지 않고 건강한 인간관 건강한 여성관을  알게되었네요. ||| 분열과 혐오를 조장하는 것 자체는 교회를 무너뜨리는게 맞는 것 아닌가요? 여성 남성을 나누는 것 자체가 참.... 여성의 하나님 남성의 하나님이 어딨을까요 그냥 사람 그 자체의 하나님이지 ||| 좌로나 우로나 치우치지 말랬습니다. 부디.. 교회 안에서 마저 분열 하지 맙시다. 보이루가 보x 하이루로 쓴다고 하는 사람들의 생각 자체가 일상 생활이 가능할까 싶습니다. 그런 사상이 교회 안까지 들아와서 분열을 일으키는 것 자체가 적그리스도라 생각합니다  하나님은 이웃을 사랑하라 하셨습니다,비영리/사회운동
uCzpRNf8G8w,How to Open an NGO With Full Information? – [Hindi] – Quick Support,Quick Support,"Mai environment ko green and clean  krne ke leye NGO. Kholna chahta..hun... Thank you universe ❤ ||| Misses Mahi Soren. Very nice NGO ke bare  me mujhe  kuch v idea  nahin tha ta  aap  ki video  dekh  kar mujhe pata chala ki  NGO kya   hai.so  thank you very much. 💖💖💖 ||| Mam we also want to start NGO I'm 25 years old  i have other like minded friends that they want to support us in this work  I want you to pray to Allah that we become successful in this work thank you ma'am🙏 ||| Frm last 6mnths ,I only think about how to funding for my NGO,,now before a days I got an idea for funding but its not enough to create fund ,,so I started utube vdos ,so this vdo also helpful to me for one more step ..thanks a lot heartily ||| Bas jo bhi mann m aata hai sidha aapke channel par aakar mil hi jaata hai 🙏🙏🙏",비영리/사회운동
orvFwjHLdpM,보수언론이 시민단체를 소비하는 방식💢  참여연대X민언련,참여연대,"민간인 사찰 어떻게 생각하나요..진해형.지금도 사찰하는 빅브라드 세상.ㅡ경찰공화국. ||| 👍👍👍👍 ||| 보수언론의 편파/왜곡보도는 전세계적인 현상. ||| 01:04 보수언론은 시민단체 출신을 어떻게 보도하나  04:50 언론인 출신의 정치권 진출에는 이중잣대 보도 06:20 기업인 관료 출신은 전문가, 시민단체 출신은 권력지향? 10:30 시민단체 요구는 청구서, 경제계는 정책 건의? 12:10 언론은 왜 시민단체 활동가 월급에 관심이 많을까 16:00 참여연대와 민언련이 보수언론에 띄우는 영상편지",비영리/사회운동
7olpE6l3BXI,Nabeel Ne Kiya NGO Kholne Ka Faisla - Khoobsurat #bulbulay,Bulbulay,my papa is best ||| my-funny-bulbulay-and-favrite-drama ||| Amazing 😍😍😍😍😗😇😍😎 ||| i  am fan of bulbalay drama ||| Momo is very funny 😂,비영리/사회운동
R9bP_bXj9Ko,'페미니즘 시각에서 본 코로나 19' 손희정 문화평론가ㅣ 제2회 00쏘싸이어티 ㅣ 북커뮤니티사과,강동훈,좋은말씀 감사해요 ||| 좋은 영상 감사합니다 ||| 넘 잘 봤습니다! ||| 말씀 너무 잘하시네요. 여러 생각을 하게 됐습니다. 고맙습니다! ||| 영상 잘 봤습니다~ 여성으로서 살아가는 방식 존재하는 방식에 대한 질문들을 찾아가는 과정에서 페미니즘에 관심이 가게 되었다는 말씀이 공감이 많이 되네요~🤗✨,비영리/사회운동
m3PwFYbll6s,Gemo Diyum | Ngo Rokom (Galo Song) Live,NKworks,"Heart touching song 😢😢😢 ||| Mesmerizing voice  1 of da best singer,composer of  Arunachal Pradesh ||| Truely inspiration for all d youth icon forever.. ||| I grow up listening his songs... For me he is living legend and Rockstar.. ||| Asi gemo my fav..from arunachal pradesh west siang... Living legend",비영리/사회운동
pL72ZIgKhoM,지구시민 단체소개,지구시민 청년TV,참 아름답습니다~♡,비영리/사회운동
FggvJionlFU,[슬기로운 인권생활] 모두가 '청소년'입니다 - 학교 밖 청소년 인권에 대해 말하다 (전문가편),국가인권위원회,학교밖청소년이라는 용어자체가 지극히 인권침해적인 용어입니다. 이 용어의 어감이 청소년은 학교를 다녀야 정상적인 교육과 성장이 이루어진다라는 논리하에서 나올수밖에 없습니다. 학교를 다니던 말던 학교안다녀도 얼마던지 교육이 가능하고 보다 근본적으로 청소년을 사회적으로 미성년자취급을 안하는 구조라면 청소년을 학생신분이라는 기준에서 평가할 이유가 없습니다.,비영리/사회운동
H4tEGQYwcTA,"영권, 인권, 물권이 부어지는 #3시간방언기도 ◇그레이스 실천사역 전문연구원(실사원) 3시간 방언기도",유튜브실사원김록이목사,"주님께서  택한 귀한목사님 강건케하시고  이시대사명 잘 감당하게하소서 주님 감사합니다 ||| 김록이 목사님을 시대적 사명자로 세우신 하나님 아버지 감사합니다~~대한민국을 깨우실 줄 믿습니다ᆢ김록이 목사님 주님안에서 사랑합니다~~^^ ||| 영권.인권.물권이부어지는3시간통성기도.100일작정기도오늘까지마칠수있게함께해주신하나님께감사드림니다.이기도를통해서많은걸깨닫게해주시고.고난중에하나님만의지하며기도로승리하게해주신주님께감사드림니다.오직기도.말씀.예배중심으로살라는김록이목사님의말씀을날마다듣고은혜받게해주시니감사드림니다.내일부터는또다니엘기도로작정하고기도의승리자가되길원합니다~ ||| 사랑의 하나님 아버지, 사랑하는 딸 추다해에게 하늘 문을 여시고 주님의 지혜와 명철 총명으로 더하시되 물이 바다를 덮음같이 충만하시고, 심령이 강하고 담대하게 하시며, 입술에도 주님의 권능을 입혀주셔서 발표하는 연구들이 잘 전달되고 권위 있게 하시며, 딸을 능력이 가장 잘 성장하고 좋은 열매를 풍성히 맺을 수 있도록 옥토 밭에 심어주셔서 나라와 민족을 위해 충성하게 하소서! 예수님 이름으로 간절히 기도합니다. 아멘! ||| 하나님 아버지 방언기도가 시원하게 열리게 하옵소서 능력의 방언기도를 부으소서 아멘",비영리/사회운동
x6FnRN-WkCs,[결정례] 2019 '학생다움을 강요 받는 청소년' - 청소년 인권,국가인권위원회,"저 고등학교다닐때 친구들이랑 추운겨울에 치마교복 안입고 바지교복 입었다고 교무실로 불려간거 생각이 나네요 ㅠㅠ 눈오는날 영하 10도 이하에 스타킹 신고 교복치마 입으라고 강요하는 것도 지금보니 인권침해였어요 ㅠㅠ 인권위에서 학생들 많이 도와주세요 +.+ ||| 19세기의 교실에서 20세기의 선생님들이 21세기의 학생들을 가르친다는 말이 다시금 와닿네요..ㅠ 세상은 변했으나 저의 인식은 아직도 20세기에 머물러 있는 것 같아 반성하고 갑니다.. 국가인권위원회 화이팅!! ||| 차라리 ""이것 좀 하지마""라고 하던지. ""학생 다움"" 이라는 말을 들을 때마다 피가 거꾸로 솟음.... ||| 학교 온라인 클래스에서 이 영상 보여줘 놓고선 왜 우리학교 규정은 이따구야? ||| 학생들의 기본적인 인권이 보장되는 사회가 됐으면 좋겠습니다!",비영리/사회운동
lw7OnlV-Jn4,[인권교육] 노인인권의 이해,국가인권위원회,노인인권 교육잘들었 습니다 감사합니다 ||| 노령의  인권 정말 필요한  사회의 예의라고 생각 합니다.  잘 보았습니다. ||| 노인인권교육잘받고갑니다 ||| 노인인권 교육 잘 듣고 갑니다 감사합니다 ||| 감사합니다.잘 들었습니다,비영리/사회운동
xiECTU7_nto,Ngo duma yom||Galo album|| Tai Ete||,Tai Ete Official,My dear viewers plz plz subscribe my channel🙏🏻🙏🏻🙏🏻 ||| Taken pir e.... Dido tapa ja u...... 😭 ||| Super  se bhi uper ||| Suppper ||| Meaningful song very heart touching 💗,비영리/사회운동
XCFDFTYGfMg,세계인권선언 기념 조문 낭독영상(2019),국가인권위원회,온클때문에 보는 사람 무조건 있다 ||| 모든 인간은 자유롭고 평등하며 위대하면서 존엄하다 이유를 묻는다면 인간으로서 태어났다는 답 하나로 충분하다 ||| 단순히 학교에서 시청하라고해서 보는것도 있지만 다시한번 인권에 대해서 깊이 새겨봐야하는것! ||| 감동받았어요 ||| 우리 학교 이영상보고 1조부터30조까지 예쁘게 적으렌다 오똑하누,비영리/사회운동
btpdRqpfnDI,Inkotanyi songs: Umva urugamba ngo rurahinda,Igicaniro Mémorial Rwanda 1994,Mwijuru ry’inkotanyi ntuzabureyo maji maji 🥺❤️ ati umugi w’urwanda rurambikana ayiweeeee 😭 izuba mwabaga muriho inzara inyota ❤️🤲 ||| My grandfather's best song . God bless rwanda  Love from Uganda ||| Maji maji nabo mwafatanyije kubohora urwanda mwarakoze ||| Iyi ndirimbo ni iy'ibihe byose. Kuyumva ntibindambira.  Mwarakoze Inkotanyi ||| Umuntu ucyumva ino ndirimbo naze abwire,비영리/사회운동
tOuSdtlY6r8,기후위기는 인권의 문제! (기후행동학교 강연영상),기후위기 비상행동,"오늘도 산에 개발을 위한 나무 베어내는 현장이 많습니다. 기후위기는 심각한데 현실은 그렇지 못한게 가슴이 아픕니다ㆍ ||| 감사합니다 ||| 좋은 강의 이렇게 영상으로 볼수 있게 해주셔 김사합니다. ||| 현장에서 듣고 싶었는데 못갔어요,, 이렇게 좋은 강의 유튜브에 공유해 주셔서 고맙습니다😁😁 ||| 동영상 강의가 여로모로 유용하네요. 움직일 때 발생하는 탄소배출도 줄일 수 있고요. ^^",비영리/사회운동
qm_1Z0VIv1c,아주 친밀한 폭력 | 한국여성인권진흥원X채널수북,채널수북,"좋은영상 리뷰 그리고 책소개 감사합니다. ||| 오프닝부터 마음이 먹먹해지네요... 그리고 엔딩에서 눈물났어요 ㅠㅠ 결국 폭력행동은 폭력의 주체인 남편만이 고칠 수 있다는 말이 너무 와닿았어요. 시대가 많이 바뀌어가고있다고는 해도, 세번밖에 맞지 않았다고 하셨던 피해여성의 말에서도 알 수 있듯이 아직까지도 피해여성들에게도 남편의 폭력에 대한 책임을 어느정도 짊어지게 하려는 모습들이 종종 보이는 것 같아요. 이번 영상에서 정말 많이 배우고갑니다! 이번주에 채널수북 영상들이 많이 올라와서 너무 좋아요 ㅎㅎㅎㅎㅎ 항상 좋은 영상들 감사해요 ^__^ ||| 가장 친밀한 폭력.. 폭력에서 아픈건 때린 걔도 잘못이지만 맞을만한 짓을 한 너도 문제다. 이렇게 가해자 시선으로 바라보는 중립이 문제인것 같아요. 여자들이 아프지 않게 살아가기를 바라지만 진실을 바라보는건 힘들고 괴롭네요. 그렇지만 난 아니라고 보지 않는다면 진실을 무시하는거겠죠! 책 추천 감사합니다. 오늘도 좋은 영상 감사합니다. ||| 호러예요. 귀신보다 더 무서운 가부장제 구조. 마지막 낭독에서 먹먹하면서도 너무 무서웠어요. 오늘도 좋은 영상 감사합니다! ||| 그저 고통스럽네요....",비영리/사회운동
zMVW-v1jGkg,스포츠인권을위한한걸음 스포츠폭력예방교육동영상,대한체육회스포츠인권센터,1학년 최은겸 시청완료 ||| 3학년 김재현 시청완료 ||| 1학년 유동균 시청 완료 ||| 니들이 그러고도 사람이냐?,비영리/사회운동
m0jz3md0awM,[마음대로 불만합창단] - 창북중학교 인권송 (원곡 나는나비) │창동종합사회복지관,창동종합사회복지관,재밌다ㅎㅎ ||| 키야 프라이데이 나잇! 모듀 쏴리 질러! ||| 이렇게 만들어주셔서 감사합니다^^ ||| 잘 보고 있습니다bb ||| 그림도 아이들이 그린건가요? 보기 좋네요 ^^,비영리/사회운동
dN4RBbGsd_s,[군인권 홍보콘텐츠 공모전 최우수작]군 인권송 '꽃' 뮤직비디오 (제1보병사단 5967-101부대),김학준,오전일과끝나고 나오는 노래  진짜 좋습니다! ||| 마정대대 모습 영상으로라도 이렇게 영원히 보고싶다 ||| 우와... 진짜 멋집니다.. 보다가 눈물이 날 정도로 너무 감동이었습니다.. 다들 진짜 너무 멋지네요 ||| 아침마다 들리는 소래 ||| 멋져요^^♡ 군복무 즐겁게하세용 항상 응원합니다 영상 넘 조아요~,비영리/사회운동
b4cdaBeu6iU,Ngo Rokkom | Gemo Dium | Galo Songs Lyrics | Emotional Hits Of All Time | A.P. |,NK Passion ,"No one can replace Asi Gemo❤ Apin rumyik ge indobe gaan em gogrudu👌👌👌 ||| Thank you🙏.. Legend gemo for this song.. 😭😢 ||| Achi gemo is always in different level 🥰🥰, Gems of Arunachal ||| My all time fav singer, Asi Gemo, the legend... ||| No one can beat ase gemo.. legend",비영리/사회운동
5-NxKecqD50,인권보호실천 project (인종편),Hyojin Lee,,비영리/사회운동
9QypGk-sYZs,[M/V] 군 인권송 “🌺” - 2020 군 인권 홍보 컨텐츠 공모전 출품작 (영상부문),hakins,👏👏👏🔥 ||| 올 ~~~~~~ ||| 잘 만들었네 ㅋㅋㅋㅋ 진학스 ||| 열,비영리/사회운동
coLaDza2XmQ,NGO LO TY SE LO= VOCALIST - NGW AH NYI (ꓥꓳ ꓡꓳꓸ ꓔꓬˍ ꓢꓰ ꓡꓳ=),"YI, YI","One of My favorite songs ❤️❤️ ||| Very nice songs ❤️ ||| အရမ်းကောင်းတယ် ||| ကောင်းလိုက်တာ ||| ""ဆု"" သီချင်ဆိုထားတာကောင်းတယ် ဘာလူမျိုးလဲ။ မြန်မာနံမည်မရှိဘူးလား နံမည်မခေါ်တတ်မှတ်လို့လည်းမလွယ်လို့။",비영리/사회운동
fh7PgC7_liM,"[5月의 무도] 💵기부 is my life~🎶 탈락 없음!🙅‍♂ 양심을 활짝! 지갑은 더 화알짝!🤗 💰기부가 좋다!💸 ""200회 특집"" 1편 infinite challenge",올끌 (All of MBClassic),"기부가 좋다 볼때마다 생각나는 명수옹 명언 ""이제 더 이상 기부할 수 없다"" ㅋㅋㅋㅋㅋㅋㅋㅋㅋㅋㅋㅋㅋㅋㅋㅋㅋㅋㅋㅋㅋㅋㅋㅋㅋㅋㅋㅋㅋㅋㅋㅋㅋㅋㅋㅋㅋㅋㅋㅋㅋㅋㅋㅋㅋㅋㅋㅋㅋㅋㅋㅋㅋㅋㅋㅋㅋㅋㅋㅋㅋㅋㅋㅋㅋㅋㅋ ||| 옛날 예능: 시청자들한테 받은 사랑을 베푼다 요새 예능: 시청자들한테 받은 사랑으로 내가 이만큼 잘 산다 ||| 진짜 평소 퀴즈대결 할 때는 정답 좀만 틀려도 봐주는거 없는데 기부대결은 겁나 인자하게 조금만 근접해도 다 봐주네 ㅋㅋㅋㅋㅋㅋㅋㅋㅋㅋㅋㅋㅋㅋㅋㅋㅋㅋ ||| 이날따라 유재석 진행이 기가막히게 깔끔하다 ㅋㅋㅋㅋㅋ 멤버들이 우물쭈물거리면 생방송이라서 빨리 가야된다고 딱끊고 바로 정리해버리네 ||| 21:00 킬링포인트 사계 겨울 알고있는 방청객 두명의 웃음 😂😂😊😊😊",비영리/사회운동
UJB2KpHnrzc,"빅데이터 세상을 말하다 - 공존의 방법, 기부",아이 러브 아이,,비영리/사회운동
_6a8ELyO-v0,페이커 기부 “저처럼 돈 많은 사람들이 많이 하면 됩니다”,최현준,"진짜 저 말을 웃음없이 진지하게 한게 츤츤 그런 느낌이 아닌 진심이 느껴진다 페이커 매력에 오늘도 빠져든다🤯 ||| 사실 5만원 도네가 일반인에게 부담이 될것이다 라고 느끼고 저 말을 하는거 보면  페이커에겐 5만원도 아직 큰돈이라고 느낀다는걸 알수잇음 페이커 존나 겸손한거같음 ㅠ 도네5만원에도 저렇게 말하고 남을 위하는게 느껴짐. 진짜 요즘 다른방송 보면 돈미새에 별풍 도네 유도하고 돈더쓰도록 시청자들을 돈으로 보는 방송들 많은데 물론 그게 업이니 이해함.  진짜 멋진인생이다. 패이커, 부디 좋은 사람 만나 행복한가정 꾸리길! ||| 너무 밝아서 실명해버렸다 ||| 페이커는 그냥 빛이다 ||| 스킨살 돈은 없어도 기부할 돈은 있다. 멋있는 사람",비영리/사회운동
gvuPfBITBnI,"초음파소리싫어! #리클레어희망챌린지 참여하고 연탄은행 기부에 동참해주세요 ♡, 아쿠아필링기, 갈바닉워터필링기",리클레어 RECLAR ,,비영리/사회운동
JBCMurQGzC4,안철수 🌸 #안철수 #기부,April flower,가장깨끗하고 정직하고 능력을갖춘 국민의당 안철수대표님 늘함께 지지합니다 화이팅 👍 ||| 항상잊지않고 응원하고 지지합니다  정직하시고 미래위해서 몸살이를하시는 유일한 대한에 아들이십니다 사랑합니다♥♥♥♥♥♥♥♥ ||| 안철수 야권 단일후보로 삼아야한다.응원합니다 ||| 안철수화이팅짱💗🤎💞💗💗💗💞💞💞🧡🧡🧡😘😘😻😻😻🖤🖤🖤🖤🖤🖤😍😍😍❤️❤️❤️❤️❣️❣️❣️❣️💝❤️💗❤️💝💝💝💝💗💗🧡🧡🧡🧡💗💗💞💞💞💞🤎💞💞💜💜💜💜💕💕💕💕😍😍😍😍🖤😻😻🖤🤙🤙🤙😻😻😻❣️❣️❣️❤️❤️❤️❣️❣️😘😘 ||| 응원하고 지지합니다.,비영리/사회운동
8DBAEGLyMYs,"[#FLEX] 이수영 회장님이 766억 기부한 사연은? 전 재산 기부하는 것이 ㄹㅇ 플렉스다,, 회장님 진짜 멋있습니다ㅠㅠ | #유퀴즈온더블럭 #Diggle",tvN D ENT,"이게 진짜 플렉스지.. [#FLEX] 시리즈 영상 더 보러가기 ☞ https://www.youtube.com/playlist?list=PLTnyq-p4P5n3drup6U4dkjWxAvu--NYkz ||| 평생의 재산을 모교도 아니고 아무 연고도 없었던곳에 쏟아넣고. '대한민국의 발전에 기여하겠다'는 대단한 포부와, 오직 '국력은 과학에 있다'는 믿음으로.. 정말 존경스러운 판단과 실행력입니다. ||| ""왜 남의재산 세려고만 해? 벌생각을 해"" 여기서 무릎을 탁 치고 갑니다 ||| 유재석의 절제된 질문과  조세호의 시청자가 원하는질문ㅋㅋ찰떡궁합이네 ||| 6:17 진짜 다 떠나서 가장 친근하고 쉽게 회장님 간지를 파악할 수 있는 모습 ㅋㅋㅋㅋㅋㅋㅋㅋㅋㅋㅋㅋㅋㅋㅋㅋㅋㅋㅋㅋㅋㅋㅋㅋㅋㅋㅋㅋㅋㅋㅋㅋㅋㅋㅋㅋㅋ",비영리/사회운동
JtQsWhly8UA,성경 기부 경제학 1편,Media Special,멋쟁이 강사님 존경합니다 ||| 10억  요식업도  말아먹어. 무엇이   답인가? ||| 관료도  4류 여의도의원도  4류  피하자 ||| 1%는  연  34억  수입한다. 1%에  빌붙어서   빌어먹네 ||| 우리나라 참 좋다 벌써 작살 낼 놈인데 지가 사기꾼이다~~ 전에는 못먹어 굶어 죽는 사람있었지만 지금은 없는데도 전부 사기면 지는  뭐인고~~~,비영리/사회운동
5e3dum5bDoQ,우리나라는 기부를 얼마나 할까? 세계기부지수순위 【가슴뭉클TV】 ✅우리나라 기부문화 ✅한국기부순위 ✅미국기부순위 ✅중국기부순위 ✅기부문화 ✅한국기부금액 ✅한국평균기부액 ✅기부하기,가슴뭉클TV,그래도 희망은 보이네요.,비영리/사회운동
2rSy9y0spBg,기부자 조여정의 인생 책 기부! 통 큰 기부자 여정! [비움과 채움 - 북유럽] | KBS 201212 방송,KBS Entertain,"조여정...내면도 깊은 사람이구나.. ||| Best'""♥👍!. ||| 이 프로 괜찮네요^^",비영리/사회운동
SORzUsyVhMM,마케팅 예산 60억 전부 기부한 버드와이저,WLDO,마케팅 비용으로 쓰려했던 비용을 기부하는 것이야말로 최고의 마케팅이 아닐까 싶네요 😊 ||| 기업이 사회적 책임을 지는 건 참 멋져 보이네요 항상 ||| 유럽에 코로나 대대적으로 퍼졌다고 발표했을때도 유럽에 있는 아마존 웨어하우스 안닫는다고 발표한  아마존이랑은 정말 다른 전략이네요. 인상깊네요 ||| 광고 끝나고 실수로 아멘이라고 해버렸다 ||| 이분 편집도 깔끔하고 영상 퀄리티도 좋아서 조만간 10만 넘을듯...,비영리/사회운동
uGb7N9XGp1U,투명한 블록체인 기부 플랫폼 체리: 기부의 모든 과정을 실시간 공개해요!,"세상의 모든 기부, 체리",عربيه وافتخر والي مو عاجبه ينتحر والي  يقول هندي ياكل تبن,비영리/사회운동
BjNrCxMxris,늘봄식당 기부 챌린지 첫 도전! 5가지 메뉴 성공시 공짜+10만 원은 기부금으로 전달 Korean competitve eater mukbang eating show 히밥,히밥heebab,2:18 쓰레기돈까스집 경험 이후 저게 얼마나 큰 배려인지 뼈저리게 느끼는 히밥님ㅋㅋ ||| 한그릇만 먹어도 배부를텐데 5인분을 1인분처럼 여유롭게.. 갈수록 대식가의 포스가 느껴지는 히밥님..👍 ||| 죄송해여 히밥선생님 도전먹방 정주행중인데 진짜 목넘김 꿀떡소리 너무 못참겠어요 다이어트 실패할것같아서 한달만 구독 끊을게요 ㅠㅠㅠㅠㅠㅠㅠㅠㅠㅠㅠㅠㅠㅠㅠㅠ ||| 다른대식먹당보다 이거보면  아..이사람은 넘사벽 킹오브킹이구나..단번에 알수있음 ||| 먹는 양도 경이롭지만 진짜 맛있게 드시는 것 같아서 영상보면 이시간에도 입맛도는 먹방이에요ㅎㅎ 챙겨보는 광마니님께 다음 챌린지라니 기대됩니당! 늘 건강 챙겨가면서 맛있게 드세요! 늘 응원할께요^^,비영리/사회운동
zGGrv0RZOG8,[Sk C&C 2020 기부 캠페인 공모전] 지원부터 시상 내역까지 총 정리! (설참❤️),Chainz Rookies,"안녕하세요!  제출기간에 대한 안내가 영상에서는 9/4로, 설명란에는 9/11로 안내되어있습니다.  맞는 정보가 무엇인지 확인부탁드려요 :) ||| 정말 아무나 참가 가능한가요?!",비영리/사회운동
wdlDDS660iM,＂재산세가 너무 많이 나왔더라고요＂ 기부 자처하는 기특한 장승조(Jang Seung-jo) 모범형사(The Good Detective) 13회,JTBC Drama,"돈이 웃음을 주는구나 ||| 후배에서 몇분만에 투자자가 되는 신기한 상황 ㅋㅋㅋ ||| 손현주 배우님 넉살연기 완전 최고입니다.  잘 보고 있습니다. ||| 웃고 떠들다가 바로 진지함 들어가는 이 텐션 고마 확 쪼인다 쪼여 ||| 돈자랑도 너무 귀엽게 하자나~~ㅎㅎㅎㅎ , 기부 나한테해~~",비영리/사회운동
3r6MHcWJJCo,[라디오스타] 모든 너튜브 수익을 기부한 김나영! 이게 바로 착한 FLEX 20200624,MBCentertainment,"늘 기부 하실때마다 구독자분들이 하신거라며 전달만 하셨다고 겸손하신데 너무 대단하세요 저도 노필터티비로 항상 큰힘 얻어요 오래오래 해주세요 노필터 티비 💛 ||| 쉽지않은 일인데, 대단하시네요. ||| 너무 멋지다! 진짜 기부하는게 쉽지가 않은데 ||| 얼굴도 마음도 예쁜 나영 씨, 아이들이랑 복 많이 받으실 거예요♥️ ||| 진짜 그냥 대단하다. 아이가 얼마나 올바르게 자랄지 벌써 보인다. 미래에 꽃길만 가득한 가정의 표본",비영리/사회운동
SxRsvlhb7_s,"아름다운가게 옷기부 : 연말정산 소득공제 받기!! (헌옷, 도서, 주방, 생활잡화 등) 미니멀라이프 되고 기부도하고 소득공제까지 1석3조!! old clothes donation",라곰TV철PD,"벌써 연말정산철이 돌아 왔군요, 직장인들이 받을 수 있는 특별한 보너스 같아요. 여러가지 물품을 기부도 하시고 소득공제도 받을 수 있어서 참 좋은 것 같네요. 멋진 영상 잘 봤습니다....^^ ||| 멋진영상 잘보고 갑니다. 편안한  저녁시간  되세요. 👍👍👏👏👏 ||| 바빠서 못 왔더니 ~ 못 본 영상이 3편이나~~ 다 챙겨보고 갑니다.  연말정산 꿀팁 정보 감사합니다. ||| 영상 올리는 정성을 알기에 응원 땡기네요 화이팅 입니다 항상 행복한 날들이 되시기를 바랍니다 ||| 좋은일이군요. 박원순시장 생각납니다",비영리/사회운동
j7IWvX3p9_Q,【 K-뷔페 클라스 】 가격도 놀라운데 반찬 기부까지...! MBN 201221 방송,MBN Entertainment,,비영리/사회운동
o777Luqhgdg,티앤씨재단 공감교육 커리큘럼 소개 | 레드벨벳 아이린 목소리 기부,티앤씨재단,목소리도 달달ㅜ🐰🥬💗 ||| 목소리 너무 좋으시다 ||| 마음씨 예쁜 아이린❤️ 티앤씨재단 공감교육 응원합니다‼️ ||| Irene ❤️ ||| 마음도 목소리도 따뜻한 아이린💝 너무 좋다ㅠㅠㅠㅠㅠ,비영리/사회운동
PkCaW7PbI1A,티앤씨재단 장학사업 소개 | EXO 백현 목소리 기부,티앤씨재단,백현아 ... ㅠㅠㅠㅠㅠㅠㅠㅠㅠㅠㅠㅠㅠㅠㅠㅠㅠㅠㅠ 이런거 해주니 너무 따뜻해 맘이 ㅜㅜㅠ ||| 아름다운 동행을 들려주는 목소리 덕분에 티엔씨 재단과 멋진 꿈을 이뤄나가는 분들을 알게 되었어요 저도 백현씨와 함께 이분들이 그려나갈 따뜻한 세상에 응원을 보내요 ! ||| 진짜 선한 영향력..백현 덕분에 T&C가 뭔지 알고 가서 너무 좋습니다! ||| 국보급목소리로 재능을 기부한 선한영향력 백현이 덕분에 훈훈한 정보 알게 되어 반갑고 저도 관심갖고 지켜보겠습니다~무궁한 발전을 기원합니다!! 항상 행복하세요❤ ||| ㅠㅠㅠㅜㅜㅜㅜ나 지금 백현이 올만에 목소리들어서 숨참고 들었는데.....진짜 목소리기부....... 너무 참된 활동으로 감동받았어.... 백현이 보고싶다ㅠㅠㅠㅠㅠㅠ 더 더 세상이 흉흉하지 않아졌으면....,비영리/사회운동
Oxxg9l3u3zU,댓글만 달아도 기부?!_어려운 이웃에게 응원을 해주세요.,우리동네 복지기동대,댓글이 아무 도 없구... 좋아요도 없다니.... 아직 까지 홍보 라던지 광고가 어쩔수없이 많이 부족한것 같네요... 화이팅 입니다.,비영리/사회운동
EmpA37telT4,세이프팜 유통기부 마케팅 부업,진삼코리아,한달에 1프로씩 올라갑니다. 그리고 단톡방도 다 폐쇄시켰습니다.,비영리/사회운동
OCp9AFGTkIc,[월세드림 기부특공대 ep.1] 첫 월세 벌이 국가유공자 묘이장 대작전,기부특공대,"나상도 화이팅~~!!ㅋ 역시 매력터지넼ㅋㅋㅋ ||| 기부특공대 대박!! 나세요^^ ||| 오늘 울산에서 봤습니다...ㅎ  나상도가수님...벌떡 일어나 듣고 빠졌습니다...와...진짜 다들 노래잘부르셨지만 나상도 가수님 진짜로....충격이였습니다 ||| 나상도 가수 응원합니다 올해 꼭 대박나세요 노래너무 잘하세요 ||| ♡기부 특공대♡ 따뜻한 프로젝트의 선한 영향력이 그 누군가에게 위로와 응원이 되어 아직은~ 살만한 세상이고, 좋은 이들이 더 많음을 느낄 수 있도록 힘차게~ 가즈아~~~~~~!!!!",비영리/사회운동
WdcGV_LLUHU,셀럽과 함께하는 소통과 기부 여행~~~,요정지윤,,비영리/사회운동
fE1gCFkGfnQ,오리지널 한국식 코로나죽이기 2탄,Gongdeok People,"졸귀~ 대단한 한국사람들, 힘냅시다!",비영리/사회운동
XUI9NetO4Gk,일상도네 기부어플 사용방법  (+광고보고 추가후원법),서성운,,비영리/사회운동
9Bf7hSreiCY,먹기만 해도 기부가 된다고?! 매년 찾아오는 맥도날드 행운버거 내돈내산 솔직 후기!,Fall_in_Review[폴인리뷰],먹기만 해도 기부가 되니 더욱 맛나게 느껴지겠네용~ ||| 인트로라 달라졌네요 굳굳! ||| 콜라소리가 너무 좋다 ㅎㅎ ||| 헐 먹기만 해도 기부가 된다구요?! 안되겠네 이거~~~,비영리/사회운동
vpyV01RATuE,3년간 기른 머리 싹둑! | 셀프 단발 자르기 | 40cm 기부하기 | self hair cut,상아예요,근데 머리 기신데 진짜 관리 이쁘게 잘하셨다 ||| 저도 중학교때부터 내내 백혈병으로 고생하는 아동들을 위해 머리카락 기부를 해서 현재 3회차 까지 완료했어요! 저도 직접하는 사람으로써 여기저기 들려오는 파마와 염색의 유혹을 참기 힘들었던 적이 많았는데 잘 견뎌주시고 아름다운 머리카락을 기부해주셨네요ㅠㅠ 마음만큼이나 단발머리도 예쁘게 잘 어울리십니다 영상으로 머리카락 기부라는것을 많은 분들께 알려주셔서도 감사합니다! 항상 행복하세요♥️ ||| 자르면서도 안아까워하고 다짐대로 자르시는 모습이 멋있어요ㅠㅠ 🙂🙂 ||| 예쁜 얼굴과 단무님의 예쁜 마음씨 덕분인지 단발도 엄청 예뻐요!! ||| 어리고 젊은 것만으로도 너무 예쁜데 마음까지 예쁜 학생이네.,비영리/사회운동
n38xcWtD81o,"💚🤣 tiktok lq888lq - 기부, 마스크, 소독제, 대구, 코로나바이러스 (Click Subscribe)",Click Subscribe,,비영리/사회운동
XQyMM9vP-vE,그 유명한 라파엘 나달의 물병 루틴과 11가지 루틴들,애슬레틱 라이프 Athletic Life,저는 자기전에 항상.  유투브보는 루틴이있어요 ||| 나달 경기 이전부터 많이 봤는데...내가 본 나달의 경기에선 저 루틴들을 깬적이 없었던거 같음. 경기의 매 순간순간의 집중력도 집중력이지만 그전에 그의 승부욕과 집념도 다른 선수들 보다 더 강한거 같음. 이미 레전드인 지금의 나달을 만든 기본 원천이자 밑바탕 인듯. ||| 운동선수들 루틴보면 얼마나 일관되게 자신을 단련하는지 존경스러움.. ||| 저도 책펴놓고 유튜브하는 루틴이 있습니다. ||| 영상 다 보고 첫장면 다시보니깐 볼보이가 단순 병을 건드려서 웃은게 아니라 루틴대로 다시 세워줘서 웃은거였구나 ㅋㅋㅋㅋㅋㅋㅋㅋㅋㅋㅋ,스포츠
nk0UycvDIlw,따라 할 엄두도 못내는 최고 연봉 스포츠 스타들의 미친 훈련량ㄷㄷㄷ,스터디언,"매일 작은 성장을 이끌어 주는 🗓하루공부 365 만년형 달력 👉https://bit.ly/49GaY4Z ||| 일단 저 훈련량을 견디는 몸,  그리고 힘든 훈련을 이어 나가는 정신 ||| 세계 정상에 선다는 것은 인간의 한계를 뛰어넘었다는 증거 누구도 감히 그들의 노력을 폄하할 수 없다 ||| 슈퍼스타들은 스태미너도 엄청나지만 그걸 뛰어넘는 종목에대한 애정과 열정이 있는거같다 ||| 코비의 훈련량은 여기서도 뭔가 레전드 같네...",스포츠
gsEshuOpa58,야구선수가 매일 해야 하는 Rotation 운동 루틴 -기본편-,바디사이언스베이스볼 퍼포먼스,이 영상 덕에 제 건강을 유지할수 있었네요 감사합니다 ||| 바디사이언스 화이팅!!!!!!!!!!!! 쉬는 날에도 항상 감사합니다 ||| 영상이 많은 도움이 되었습니다 앞으로 계속 좋은 콘텐츠 부탁드릴께요 ||| 혹시 배드민턴의 스매시도 같은 원리로  이 운동을 적용할 수 있을까요? ||| 이거 하면 뭐가 좋나요?,스포츠
7pQCvMjdEgw,야구선수가 매일 해야하는 코어운동 루틴 (기본편),바디사이언스베이스볼 퍼포먼스,잘보고배워요 항상좋은영상감사합니다 ||| 늘 감사합니다 많이 배웁니다 ||| 혼자서 하면 금방 포기하게 됐는데 같이하니 포기하지않고 같이 하게됐스비니다. ||| 골프 알고리즘이 여기로 인도해주네 잘보고 갑니다! ||| 좋아요~~ 오늘부터 따라해보겠습니다,스포츠
4M5DZGlRrsQ,르브론의 추수감사절 운동 루틴!!😤 (ft. 폭군 커즌스 오프시즌 훈련!!😤),여친보다 농구 Balls Hoops,근데 릅신 코어하나는 진짜 끝내준다.. ||| 릅신 진짜 몸관리 끕이다르다 ||| 커즌스 몸 상태 좋아보이네요 ||| ㅇㅅㄹㅅ ||| 밸런스잡는 운동을 엄청하는듯요,스포츠
mUiT2Z47JqQ,선수트레이닝 워밍업 루틴 #08 | 기능성 운동을 통해 부상을 예방하자!  [온트],김성용의 평생운동,엄청 좋은 영상이네요 감사합니다. ||| 워밍업시리즈 운동에 많은  도움을 받고 있습니다. 쿨다운 시리즈도 부탁드립니다.,스포츠
h3CKMnWn7yA,우리누나 골프연습 개웃김 꼭 보시길(p.s.프로님께서 몸치가르치느라 고생이 너무 많으십니다 많이 늘었어요~!),송아지스윙,"무슨 사연인줄은 모르겠지만 상체와 하체의 원만한 합의가 있길 바랍니다 ||| 놀리는게 아니라요... 아침에 퇴근하고 집에 오는데... 정말 시원하게 소리내서 웃었습니다... 감사합니다 진심으로...~!~!! ||| 갓 태어난 송아지 같다, 는 댓글을 보고 난 후 그 어떤 댓글도 눈에 들어오지 않고 있어요. ㅠㅠ ㅋㅋㅋㅋㅋ ||| 코치님 진짜 타고나셨다. 나같으면 봐주다말고 도망가서 ㅈㄴ웃다가 다시올꺼같음 ㅋㅋ ||| 와 저걸 웃음을 참는다고? 레슨비가 낳은 괴물 당신이 진정한 프로",스포츠
piGoW6v7Acw,[온트] 상급자 워밍업! #06 | 동적 스트레칭 루틴 | 스포츠에 어울리는 준비운동! | ENG,김성용의 평생운동,기능성 운동 트레이닝 너무 잘 배워 갑니다! 다양한 움직임에 하나하나 이름이 있네요^^ 프리뷰에서도 좋은 말씀 많이 해주시네요  서로 이웃 꾸독 해요 응원합니다. 꾸준한 영상 기다릴께요~~ ||| 좋은영상 잘 감상했습니다.^^  서로 이웃 구독 해요~ 응원합니다. 새로운 영상 또 올려주세요.,스포츠
NnIIVeiKhkU,[하루운동] 가슴 빵빵 기본 훈련 루틴 4가지,이상준BIG TORG,저도 왼쪽 어깨가 안좋아서 가슴운동은 머신으로만 하고 있는데 확실히 머신은 안정감이 있어서 그런지 저한테는 잘 맞더라구요 어깨 좋아지면 프리로도 할려구하는데 쉬지를 않으니 어깨가 좋아지질 않아요ㅋㅋ ||| 화이팅 입니다 ㅎㅎ 저도 운동하고싶네요 ㅠ ||| 주제넘지만 어깨가 안좋으시면 스미스머신으로 하시는게 어떻실런지 괜히 안되는거하시다 더 다치실 수 있어요 ||| 보통 세트간 휴식시간은 어찌되나여,스포츠
9ZBGYv_795k,스포츠생리학자가 만든 30-10-30 벌크업 루틴 [기겁을 합니다 그냥],세계적으로 유명한 운동 정보,네거티브와 원심성수축은 쉽게 이완을 말하는 것입니다!  *-요약-*  *주 1회 무분할*  *운동종목* 1)레그 컬 2)스쿼트 3)카프 레이즈 4)렛풀다운 5)벤치프레스 6)바벨 컬 7)오버헤드프레스 8)바벨 리버스 컬  *중량설정* 10RM의 80%  *세트수* 30-10-30기법을 통해 각각 1세트  *일일 섭취 칼로리* -체중X44  *수면 시간* -9~10시간 ||| 2:56 미안 형 나도 안할래 ||| 일단 이 루틴은 일주일에 한번 운동해야대서 난 전혀 할 마음이 없으니깐 형이 해서 영상으로 만들어줘 ||| 오늘도 배 긁으면서 즐감합니다 ㅎㅎ ||| 마지막 “여러분들의 후기를 기다리겠습니다”의 뜻은 “난 그냥 하던거 할래 님들이 대신해서 알려주셈”이라는 뜻ㅋㅋㅋㅋㅋㅋㅋㅋ,스포츠
cEvvms38sD0,[하루운동] 등이 좁은 당신에게 이 루틴을 선물해드립니다,이상준BIG TORG,운동 설명도 쉽게 잘해주셔서 많이 도움이 됩니다. 영상 편집이 더 깔끔해진 것 같아서 보기 좋네요. 점점 발전하셔서 10만 구독자 달성하시길! ||| 지금 등 운동하러 갈려구 하는데 영상에서 나오는 운동 위주로 해야겠어요 항상 좋은 영상 감사해요^^ ||| 화이팅입니다 ㅎㅎ ||| 랫풀하실때 수축시 무게를 걸어주시는걸 좋아하시는거 같네여 리버스그립 풀다운 하실때는 네거티브집중하시고 하부깊게 찔러주시는걸 좋아하시는거 같고 현진영고진영고 ||| 이상준 화이팅,스포츠
3nuY1pPrl74,체급 최강자의 고중량 하체 루틴과 훈련 설정 팁,59kg앤트맨,이정도의 볼륨을 하시다니ㄷㄷ 역시 체급 최강자 ||| 최근 운동 유투버중 가장 유익한 것 같아요!  저는 하체운동을 주 3회로 1RM은 185입니다. 아래같이 운동하는데 이번 2주 강제 디로딩 끝나고 루틴 바꿀까 고민중이 거든요 ㅎㅎ 5 REPS 세션: 80 (5회) 100 (5회) 120 (5회) 140 (5회) 160 (5회) 백오프 100 (AMRAP)  저중량 세션: 80 (5회) 100 (5회) 120 (5회) 백오프 100 (AMRAP)  3 REPS세션: 80 (5회) 100 (5회) 120 (5회) 140 (5회) 165 (3회) 백오프 120 (AMRAP)   고중량 세션때 160 근처의 무게에서 어센딩으로 5x5를 수행하는 것이 좋을까요? 고민이 됩니다. ||| 저도 내일 하체날이네요 💣💣💣💣 끼요오옷 ||| 앤트맨님 그럼 보통 스쿼트 고정중량으로 하게되는 세트는 보통 3세트정도인가용? ||| 그럼 무리한중량인지 아닌지는 어떻게 아는거에요 깔리기전까진 모르나?,스포츠
M2UuZC8ekek,40대 나이에 도전을 해보려 합니다 - 운동루틴,극진가라데kyokushinkarate,"와~ 정말 대단하십니다. 날씨가 추워졌네요. 감기조심하십시오. 오늘도 잘배우고갑니다. 😀👍 ||| 지금도 하고 계시는 운동에 맞게 잘만들어진 몸인데 더 멋지게 만드신다니 기대됩니다~ 부상은  항상 조심하시고 기력잃지않게 잘쉬고 드시면서 열운하시길 응원합니다! ||| 대단하십니다,좋은기운 받고갑니다 ||| 와우..40대신데 저 정도면 정말 대단하십니다 👍👍👍👍👍 ||| 몸짱 응원합니다",스포츠
LsaJrHah9ds,세계적으로 유명한 트레이너가 만든 [Y3T 운동루틴 정리],세계적으로 유명한 운동 정보,"***수정*** 2주차에 원심성 수축3~5초가 아니고 2~3초 입니다 ㅠㅠ - 영상 속 루틴은 Y3T E-BOOK에 나오는 ""샘플"" 루틴입니다.  막상 유튭에서 Neil Hill의 코칭 영상을 보면 저렇게 하지도 않아요! 진행 방식과 운동 볼륨만 참고하시고 본인의 프로그램을 만들어 보시길  바랍니다! - 저 또한 무분할 유저이지만 재미삼아 3주차 월요일 하체루틴을 한번 해보시길 권장합니다. 머신의 감회가 새롭게 느껴지는 경험을 하실 수 있습니다! - Y3T 프로그램 핵심 설명 영상 https://youtu.be/ccZlqjTkxWg ||| 빨간 스티커가 뭔가 많네요... 지나가겠습니다. ||| 정리된 표만 봐도 근성장하는 것 같습니다 감사합니다 ||| ㅋㅋㄱㅋㄱㅋㅋ  마지막 멘트  아냐 형도 몸 좋을꺼야 ||| 약없이는 힘든 루틴일듯 ㅋㅋ 정상 멘탈이면 갈려나갈 운동법",스포츠
-bqXE6ZLKS8,와이벨 서킷트레이닝 & EMOM 운동 루틴 💪,MOVE IT!,,스포츠
vkA6ih2uDZg,"5  근력,근지구력 루틴프로그램 맨몸운동",부천시장애인종합복지관,"오 운동하기 좋은데요? 너무 좋네요~ㅎ ||| 팔굽혀 펴기,몸통들어 올리기,바로서서 상체 숙이기,손 뻗어 윗몸 일으키기,V자 사이클,누워 무릎 기울기,앉았다 일어서기,앞굽이 앉았다 일어서기,연속 사이드 스쿼트 ||| 올라온지 2달정도 돼서..? ||| 쿠쿠루삥뽕",스포츠
AY86UqIm9Z4,성장기에 헬스하면 키가 안 클까?,세계적으로 유명한 운동 정보,*요약* - 성장기에 헬스장 저항운동이 성장과 관련하여 문제 될 것은 없지만 부상 시에는 큰 위험이 따름. 하지만 성장기 때 부상은 헬스뿐만이 아니라 어떤 스포츠의 부상이라도 위험함.  그러므로 성장기 헬스장 방문은 체계적이고 확실한 코치로부터 외적 미인 근비대를 우선으로 두기보단 기능적 신체능력 발달에 트레이닝 목적을 두어야 함. 그렇다면 잘 먹어야 함 그렇다면 닭가슴살을 먹어야 할테고... [추천인: 100379732(세유정)] https://metree.co.kr/index/index.php?sponsor=100379732 미트리 싸고 맛나요...^.~  - *참고자료* 1)성장기 쇠질 효과 -Resistance training for children and adolescents 2)소아 스포츠 의학회 -Strength Training by Children and Adolescents ||| 2:16 극강의 쿨한 마무리 ㅋㅋㅋㅋㅋ ||| 10대 아이들을 많이 보는 직업의 입장으로.. 요즘 애들이 헬스를 해서 키가 안크는게 아니라 다이어트를 한답시고 애들이 한창 커야할 나이에 충분하고 고른 영양섭취를 하지 않고 그저 굶기만 하거나 이상한 다이어트를 해서... 인것 같습니다. ||| 성장기때는 주로 유산소 잘자구 잘먹구 항시 깔깔깔 잘 웃고 즐겁게 편안하게 지내면 키마니큼 유전 환경 식생활이 복합적으로 작용함 성장기 과도한 중량운동은 키크는거 방해할듯😊 ||| 1:20부터나오는 비교는 잘못되었습니다 중학교 입학후 3년헬스한사람이랑 이제 막 헬스장 등록한 성인이랑 쇳덩이를 다루는 자세를 비교할것이아니고 중학교입학후 처음헬스장다닌사람과 성인되서 처음 헬스장다닌사람 모두 쇳덩이다루는 자세가 불안정하니 성인은 쇳덩이를 다루다 다쳐도 그냥 부상에 그치지만 학생은 쇳덩이를 다루다 다치면 성장판이 닫힐수도있기때문에 조심해야합니다. 이렇게 이야기를 하는게 맞죠.,스포츠
dTGL49jR25E,"[#추가시간] 선수가 직접 알려주는 경기 전, 시합 당일 몸 관리 방법! | 축구상식 | 추가시간 | KFA Football 101 | 염기훈 선수",KFATV ACADEMY,"수면이 진짜 중요한 것 같아요. 푹 자고 뛰는 거랑 덜 자고 뛰는 거는 큰 차이가 체감됩니다. ||| 염: 염기훈 선수 기: 기존의 기록들 축하하고 앞으로도 응원할게요 훈: 훈훈한 팬서비스 감사합니다 ||| 충분한 수면, 이미지 트레이닝, 탄수화물 식사 그리고 짧고 굵은 스프린트 5회 이하 감사합니다 ^^ ||| 축구도 과학입니다 ㅎㅎ 저런걸 맨날 해야하니 월클들은 대단행^^ ||| 감사합니다~~^^",스포츠
sBNUjw7gzzY,추성훈이 매일 아침 한다는 20분 운동 루틴 (홈트레이닝 추천),정도한 격투기TV,이미 첫번째꺼 하는도중에 아랫집에서 초인종 누를각이 보이는데 ㅎㅎ ||| 잘 보고 따라하겠습니다^^ ||| 일반인용이 아닌거죠? 제가하면 도가니 나갈거같은느낌이 ㅎ ||| 이정도면 그냥 크로스핏 와드 아닌가요? ㄷㄷㄷ ||| 무릎 아작 나겠다 ..,스포츠
GcaubOlNvgc,악력기 할 때 간과하기 쉬운 4가지 꿀팁!,"빠른 스피드, 강력한 파워 | 눈높이코치","짧은 시간으로도 확실한 변화를 만들어드리겠습니다. https://smartstore.naver.com/body_on ||| 악력기 뒤집기는 생각도 못했다 ㅅㅂㅋ 그립감 좋음 ! ||| 2:32 어허 손동작 위험해 ||| 악력 최대 증진을 위해선  30회 거뜬히 할 수 있는 악력기(워밍업,지구력)  1~2회 가능한 악력기 한번도 닫지 못하는 악력기 이렇게 섞어서 하는게 제일 증진이 빠릅니다 ||| 서랍안에 있는 악력기 꺼내야겠다ㅣ",스포츠
jgDdJDUO5P0,[ChaChaCha] 댄스스포츠 홈트  - 차차차 기본동작ㅣ정희정&조유진ㅣChaChaCha Exercise - Dancesport Home Training ㅣ 집에서함께운동해요,정희정 조유진BLISS DANCESPORT,넘 좋아요  매일 춤 추는 날  ~~~ 구독과 좋아요 꾹 감사합니다👍🙏 ||| 너무너무 즐겨홉니다~ 고맙읍니다& ||| 정말 멎져요👍👍👍👍👍👍👍❤❤❤❤❤👏👏👏👏👏👏👏 ||| 😊근래엔 자주자주  들어옵니다~멋져 요   나이드시지 않으셨으면  하는마음😊❤ ||| 와 홈트는 생각도 못했는데 넘 좋앙ᆢ,스포츠
jWn6tBtN16I,야구선수가 매일 해야 하는 어깨보강 운동 루틴-기본편-,바디사이언스베이스볼 퍼포먼스,최근 어깨가 안 좋아져서 무조건 운동전에 이 영상보고 따라하고 시작합니다 . 좋은영상 다시 한번 감사합니다. 지우지말아주세요 😂😢 ||| 영상 아주 도움될거 같습니다! 혹시 슬랩에도 이 운동이 좋은지 알고 싶습니다~~^^ ||| 좋은영상 질 봤습니다. ||| 1. 0:45 2. 2:02 3. 3:09 4. 어깨 외회전 4:15 5. 어깨 내회전 5:25 ||| 고정시키는 곳이어디냐에 따라서 운동하는 효과가 다를까요? 저는 복부위치쪽으로 고정하여 아랫부분에서 당기고있긴한데 영상에서는 약간 가슴 위치에 고정하시고 하시는군요? 어느것이 맞는지 궁금하네영ㅎㅎ,스포츠
4nGFVrIaVBI,(복싱팁) 체육관에서 알차게 1시간 운동루틴 - 계획성있게 운동하면 발전된 나를 느끼게 됩니다,복싱 알려주는 남자. - Boxing know-how,무지성으로 첵관가서 아무 운동이나 하고 1시간 채우고나갔는데 운동계획을 짜는게 어렵고 제일 고민되는 부분이였는데 너무 깔끔하게 정리해두셔가지고 도움이 많이 되었어요!! ||| 시범영상이 아트입니다. 샌드백 예술!  많이 배우고 갑니다. ||| 영상에서 말씀하신대로 부위별 운동방법 영상 찾아봐도 없네요 ㅜㅜ 알려주신 부위별 운동들을 어떤운동으로 몇세트 하는지 궁금합니다 ㅜㅜ ||| 와 간단하면서 멋진 설명 좋습니다. 50대인데 도전 해 보겠습니다. ||| 구글 일해라~! 여기다 알고리즘으로 간택할곳~!,스포츠
Y7ssU5HSH60,순발력운동 루틴프로그램바운딩 운동,부천시장애인종합복지관,뭔가 댓글이 없네 ||| 온라인 학습때문에 온사람 손 ||| 이런 따라하기 쉬운 운동법좀 많이 올려주세요 우리 아이들 알려줄때 진짜 좋은것같아요ㅠㅠ,스포츠
tuYjJclpQ-g,특별한 TRX 운동루틴을 소개합니다💥,MOVE IT!,,스포츠
Ntcvpqts4Dg,추성훈루틴/20분만하면된다는.../숨넘어가는루틴,운동하는지훈이,1:45  영상만 보는데도 자극오는 느낌입니다! ||| 변화 과정 ㅎㄷㄷㄷ 진짜 지훈님도 ...꾸준함과 노력의 성과가 ...확실히 정말 ..대단대단 !! ||| 매일 출첵하는중! 오늘 2일차입니당 같이 운동하는것 같아서 열심히 하게 되네요 넘나 감사해요! ||| 따라 해봐야겠어요 0:44 ||| 와...완전 ...따라해봐야겠어요,스포츠
eRBLAaXZ2Vk,"덤벨, 케틀벨, 메디슨볼을 합친 와이벨을 사용한 운동루틴을 소개합니다!",MOVE IT!,,스포츠
Cf6JKO-bj00,초보자/중년을 위한 홈트레이닝 운동루틴! 체력강화 전신운동,핏블리 FITVELY,"여러분! 우리 근육도 만드는것도 중요하지만 부모님 근육도 함께 챙겨요 😆💜   ✅코어운동 루틴편 https://youtu.be/k9OQKo_4-sI ||| 대부분의 영상이 젊은 사람들 위주 기구 위주인데 중년들을 위한 영상은 처음봐요! 운동 시작하고 싶어도 잘 몰라서 시작 못하시는 분들 많은데 도움 많이 될 것 같네요! 영상 언제나 잘 보고 있습니다🙌🏻🙌🏻 ||| 정말  정말  좋습니다👍👍 시리즈 몇개 더 부탁드려요. 운동은 해야되지만 무엇을 어떻게 해야할지 몰라, 부모님께서 걷기 운동만 하시는데, 도움이 많이 될것같아요🙂 ||| 50대인데 병원 건강검진에서 수치들이 너무 안좋아서 운동 시작했어요. 집근처 운동 시설에 등록하려고 했는데 코로나 때문에 유튜브로 홈트 하고 있습니다. 좋은 영상들이 많아서 많은 도움 받고 있네요. 올초에 꽉끼는 88에서 지금은 꽉끼는 55 되었습니다. 88에서 66까지는 맨몸운동만으로도 쭉 빠지더니 66에서 계속 정체기가 와서 지금은 아령운동을 하니 다시 55로 근접하고 있네요. 중년 운동이라서 더욱 반갑네요. ||| 핏블리님 항상 잘 보고 있습니다. 유익한 영상 꾸준히 올려주셔서 늘 감사합니다. ^^",스포츠
zZocwcuvwbI,체지방 날리는 전신유산소루틴!! 전신운동루틴!!,근육바보,,스포츠
tGtzQ9Ck7Kw,민첩성운동 루틴프로그램사다리,부천시장애인종합복지관,와,스포츠
vZTSKh9NGbE,[하루운동] 다이어트 어깨 운동 루틴 무조건 좋아요 박어!!,이상준BIG TORG,어깨 대박. ||| 힘내. 화이팅~~^^ ||| 항상 잘보고있습니다. 파이팅하세요 ||| 얼마 안남았습니다 계속 야무지게 빠이팅입니다 ㅎㅎ ||| 얼굴이 매주 달라짐 ㄷㄷ 화이팅하세요!!,스포츠
LtucMnBTXyo,4  유연성운동 루틴프로그램동적 스트레칭,부천시장애인종합복지관,"목 돌리기,팔꿈치 원 그리기,다리 들어 옆으로 올리기,무릎 들어 올리기,빠르게 무릎 올려 찍기,허리 숙여 양팔 돌리기,팔 돌리며 점프하기,전신 비틀며 전진하기,다리 들어 올리기",스포츠
SKifhfQ3b8M,징크스와 루틴,지대웅,,스포츠
Zd1QKBeP-Tc,한주를 마무리하는 TRX 립트레이너 운동루틴!,MOVE IT!,,스포츠
zs_IcK7kWn8,맨몸러의 맨몸운동 + 헬스 상체루틴,뽕창인생 임창도,"요즘 뽕쟁이 여러분들에게 좋은 모습 보여드리려 열심히 몸 만들고 있습니다ㅎㅎ 앞으로도 재밌게 시청 부탁드려요😉    이썹닷컴 보충제 프로틴 링크 : http://esupp.co.kr/ 쿠폰 코드 : OQ2VK13P3Z  랭킹닭컴  닭가슴살 스테이크 링크 : https://bit.ly/2xWdPKQ 닭가슴살 햄 링크 : https://bit.ly/2zAux3h ||| 형님 얼굴은 순둥순둥한데 몸은 굇수시네요 ...멋있으십니다 ||| 넘모 멋져,, 나중에 근육이 너무 커서 걸리적 거리겠어ㅜㅜ ||| 5:20 간지 ㄷㄷ ||| 몸도 좋고 얼굴도 잘생기고 미소도 멋지고   뽕창 그는 도대체......😆",스포츠
ikGSpzgD9UM,[Rumba] 댄스스포츠 홈트  - 룸바 기본동작ㅣ정희정&조유진ㅣRumba Exercise - Dancesport Home Training ㅣ집에서함께댄스해요,정희정 조유진BLISS DANCESPORT,"동작들이 너무 예쁘내요. 멋진 교재같은 영상이내요 굿입니다. 좋아요 ||| 이건    얼치기로  배운    선생들이  따라  배울듯   정말   최고급   영상  입니다 ||| 얼마나 이영상 찿았는지~~ 손액션 열열히 시청하고있읍니다 감사합니다^^♥ 고급스럽고 신선해보이고 귀티나 보이십니다~ 원탑이십니다! ||| 오 최고예요. 스트레칭 짱!!! ||| 기본동작이지만  단시간, 보면서  어찌나 매력적이여서 감동주십니다~~ 한국사람으로서  자랑스러워져요 😍🎈🎈🎈🎈🎈",스포츠
EYyjsO1BoRY,월요일을 여는 TRX 운동루틴!,도일몰,,스포츠
6Q80jd4nhPc,"6 근력,근지구력 루틴그포그램 밴드운동",부천시장애인종합복지관,,스포츠
dvELg6Wimy8,"무릎통증 10분 루틴 운동, 2탄",물리치료사.PT재석,"농아인이신 엄마가 무릎이 많이 안좋으신데, 다른 영상들은 자막이 없어서 보여드리기가 어려웠는데, 선생님은 자막을 꼼꼼히 넣어주셔서 엄마가 보고 따라하실수가 있어요. 정말 감사합니다.ㅠㅠ ||| 가장 또박또박 쏙쏙들어오게 해서 제가 최애하는 PT재석님 무릎이 안좋아서 그런데 누워서 할수 있는 하체근력운동이 있으시면 향후에 영상 한번 부탁드립니다^^!! 늘 고맙고 감사합니다!! ||| 무릎이갑자기 안좋아져서 우울했는데 떨쳐내고열심히  샘동영상보면서  따라하다보니 통증도줄고 많이부드러워지고 좋아지는듯요 알아듣기쉽게알려주셔서 감사합니다 꾸준히해보겠습니다 ||| 감사합니다 선생님 ||| 번창하세요!",스포츠
p6vdnnQGgHU,달리기 빨라지는 상체근력 운동루틴 브이로그? 운동로그! #12편,스프린터쏭,"ㅋㅋ ""그냥 뽑다가 척추도 같이 뽑힐 수 있어요"" 한참 웃었네요. ㅎㅎ ||| 얍 얍 얍 ㅋㅋㅋㅋㅋㅋㅋㅋㅋㅋㅋㅋㅋ 영상 감사합니다 ||| 케틀벨 스윙도 단거리에 도움이 되나요? ||| 💪🏻💪🏻 ||| 쏭형 혹시 100m 400m 마라톤에 따라 드라이브 등과 같은 주법차이와 방법 좀 알려주실 수 있나요? 잘못된 자세로 연습보단 올바른 자세로 집고 넘어가면 더 효율이 좋을 것 같아요!!",스포츠
3X1trD9Y9R0,[하루운동] 다리 운동하기 싫을때 부담 줄이는 루틴,이상준BIG TORG,"차분한 설명 너무 듣기좋았습니다 영상도 유익하게 잘봤습니다!! ||| 늘 잘보고 갑니다! ||| 친절하시네여 멋있습니다 성님 ||| 제가 광희초를나오고 해서그런지 충무아트홀 정말정감갑니다 이상준선수님 영상보면 뭔가 기분좋아지고 힐링이돼요 항상구독하고 잘보고있습니다😄😄 ||| 상준님...요즘 보디빌딩 이운동 원래도 몰랐지만 더더욱 모르겠습니다... 상준님처럼 거대한 몸이 가지고싶어 여러가지 보디빌딩 책도 찾아읽고 해보고... 끝으로 아놀드백과도 읽어도 했지만, 제가 기대하는 근비대의 핵심이 되는건 그저 뜬구름인걸까요 하... 어렵네요 그냥 갑갑한맘에 끄적여봅니다..",스포츠
rliMW5J9Qnc,"목 통증 해결, 10분 루틴 운동",물리치료사.PT재석,"저는 경기도 시흥시 장현한방병원에서 입원 * 외래 도수치료를 모두 진행 중 입니다. 도수치료 예약 문의는 병원으로 전화 문의 부탁드립니다!! ㅎㅎ  *  http://mobile.kyobobook.co.kr/showcase/book/KOR/9791166570520?orderClick=Ow2 통증 때려잡는 스트레칭(교보문고, 책)  * PT재석 인스타 : https://www.instagram.com/pt_jaeseok/  * 협업 및 콜라보 등 문의 이메일 : rufjdkei@naver.com (전문가분들과의 협업 및 콜라보 영상제작을 환영합니다!) (전문가 - 스포츠, 의학. 기업, 단체)  * 모든 영상 저작권은 ""물리치료사.PT재석""에 있습니다.  수익창출 및 악의적 목적이 아닌 개인은 모든 영상 사용이 가능하며, 기업 및 단체분들은 연락주세요(상담 후 무료사용 가능). ||| 진심 일자목 심해서 목 옆쪽이랑 승모근 통증 달고 살았는데 이 스트레칭이 제일 효과 좋네요 즉각적으로 통증이 완화되고 목이랑 어깨가 가벼워져요 ㅠㅠ 너무 감사해요 ||| 오늘 퇴행성 목디스크 판정받은 30대에요. Mri 찍으라고 권유받았고, 통증주사 맞자고 하셨는데 척추에 맞는거라 무서워서 말았거든요.  저 일단 이 스트레칭부터 할래요. 너무 든든해요 고맙습니다 1달하고 후기 남길게요. ||| 수능 1달여 앞두기 전까지 매일 아침 6시30분에 일어나서 이 영상 으로 아침을 시작하겠습니다.  1일차 2월 21일 2일차 2월 22일 ||| 진짜 이거는 제가 고3때부터 했는데 너무 시원하고 좋아요. 특히 의자에 계속 앉아있다가 첫번째동작 1번만 해도 극락갑니다. 감사합니다.",스포츠
rTiEVEI9eG8,춘자오빠 운동 루틴[헬스 브이로그] 운동스트레칭 하체운동,에너스킨짐,💪💪💪,스포츠
WCcOFkvredI,일반 생활체육프로그램 복근운동 루틴,강동구체육회,,스포츠
tT1gk58wwmg,일반인 120km /투구,야구하니,사회인에서 일반인이 120이면 ㅎㄷㄷ ||| 와 뭐야 왜 따른 120보다 빨라보이지 ㄷㄷ ㅋㅋㅋ ||| 저상태로 그곳 맞는다??? 네 다음 생에서 보시죵 ㅋㅋㅋㅋㅋㅋ ||| 와우~~~잘던지신다진짜 제구도좋고 용병갔다가120넘는공 골반맞았는데 다리랑허리랑분리된줄알았음.... ||| 내가 본 일반인중 투구폼 젤 간지남 ㅋㅋ,스포츠
eCrvEUp-N2A,기아 박찬호선수 사인받기#Shorts,야구tv,팬들이 있기에 프로선수인 나 자신이 있다는걸 알고 팬서비스를 당연하듯 해줬으면 좋겠다 모든 선수들이 ||| 박찬호선수 팬서비스 원래 좋아요 ㅋㅋㅋㅋ 싸인해주는것도 보기 좋은데 아버님이 못 찍고계시니까 주변에서 찍으라고 말해주고 자기가 드리겠다고 하는것까지 보기 좋음 ||| 박찬호: 싸인좀요ㅠㅠㅠㅠ 박찬호: 싸인만요ㅠㅠㅠ ||| 박찬호 싸인을받는데 안치홍유니폼을 입고있는 그는 도덕책 ||| 기아 박찬호라 사인 받고 풀려났지... 찬호박 형님이셨으면 저 꼬마 아직도 집 못 왔음 ㅋㅋㅋ,스포츠
nbkwh3SjPuY,강속구의 비밀! 버티맥스 야구 투수 트레이닝⚾,MOVE IT!,"와 진짜 미쳤다 저걸 어케 저렇게 ㄷㄷ 확실히 선수는 다르구나 ||| 와...진짜 보기만해도 좋아 보이네 ||| 부럽다. 어깨 다친 이후론... 저런 훈련모습 보면, 이상하게 내 어깨가 아픈 거  같음 ㅜㅜ ||| 저 훈련 잘못하면 고무줄이 어깨를 뽑아가요. ||| 와...잘못된 자세로하면 팔에 부상입겠다",스포츠
g8OKyBpDYzc,강경원 선수님의 턱걸이 강의 (김정현프로님),Philip 필립,와 무슨 수박 하나가 움직이네 ||| 조립로봇같아요ㅋㅋ진짜 멋있네 ||| ㅋㅋㅋ트랜스포머 찍아놓고 등이라하네 ||| 견갑빠지는게 진짜… 예술이다 ||| 등 운동 할때마다 운동하는거 닮고 싶어서 보는거 같아요 좋은 영상 감사합니다.,스포츠
XcRmDH5LyyE,프로야구선수의 스크린야구장,유키1인칭시점,타석에 자리 잡는 것 부터 아마임ㅋㅋㅋ ||| 스윙자세가 사회인야구 1할타자임 ||| 프로는 맞네 퓨처스 리그 후보 등록됬다가 방출된 ㅎ ||| 저게 뭔 프로임ㅋㅋㅋㅋㅋ ||| 이거 어디에 있어요 스크린야구장,스포츠
Ar9jNb82ruc,블리츠볼 - 투심 (포수 시점),야광팬,다 주소찾기중이야 ㅋㅋㅋㅋㅋㅋㅋㅋ ||| 각도가 ㄷㄷ... ||| 여기 우주 맞죠? ||| 대전 유성구 도안동 7단지 예미지? ||| 와우 투구폼이 박철순생각나네요,스포츠
4cmoZPFVzi4,"SK와이번스 2차3번 세광고등학교 조병현 강력한 하프피칭 세광고 시절SK Wyverns pitcher Cho Byung-hyun SKワイバーンズプロ野球チームの 手,チョ·ビョンヒョン",병주고약주고,놀라서 기절 ||| 와 조병현 선수 폼 미쳤네요…🫶 ||| SK 든든한 불펜이 되어주세요~~ ||| 우완 고효준보는거 같다 자세만 잡고 툭던지는데 저 정도면 ㅎㄷㄷ ||| 이때는 생각보다 릴리즈 포인트 안 높고 구위도 평범하네요. 폼 바꾼 게 신의 한 수인듯,스포츠
p3HHFGE9G7k,홈런영상 ㅋㅋㅋㅋㅋ,hong TV,와 개쫄았네 ㅋㅋㅋㅋㅋㅋㅋㅋ ||| 깜짝이야 폰 던질뻔 ||| 이 영상 Y Picutres인가 어디서 많이 본 영상인데....2~3명 한국 여성분이 이 영상 보면서 깜짝 놀라는거 있었는데 어디였지... ||| 우와 깜놀ㅋㅋ ||| 아니 ㅋㅋ 방망이 안맞고 날라오는걸 상상했는데 맞고 날라오네 ㅋㅋㅋ,스포츠
9WaTpNKCZcg,기본카메라에 너무 큰 타격을 입은 사람,이영지,기본카메라가 왜 ㄹㅇ훨씬 더 예쁘냐 걍 하는 말이 아니라 ㄹㅇ....... 화장 디테일 같은게 잘보여서 그럼가 ||| 뭐야 타격은 내 심장에 입혔네 ||| 영지시... 안예뻐도 됩니다.. 당신의 편한 모습 그대로.. 츄리닝만 입어도 사람들은 당신을 사랑합니다 . . 이미 영며들었기 때문이죠 -영지에게 1000프로 진심인 사람 씀 ||| 있는 그대로가 제일 예뻐 사랑해 이영지 ||| 언니는 생얼천재잖아 지금 이대로 너무 사랑해,스포츠
VBabgzctOig,김지찬 앞으로,흔한 잡곡밥 mixed lo-fi,순간적으로 초등학생들 리틀야구단 인줄 알았다.... ||| 허경민 9번 실화!? ||| 스타가 보고갑니다 앵무새 ||| 김지찬 앞으로가 무슨 뜻이에요? ||| 나도 잡는다,스포츠
rq5f40URFaY,고등학생 헬스-벤치프레스 1rm 85kg(헬린이),김해청년,거...어린데다가 이렇게 잘 들면...좀 섭하네..수고하세욥! ||| 이...이 헬린이가~ 벤치하는걸 찍으며는~ 음...어?! 댓글다는 사람들은 저사람을 응원해줘야 되는거 아니냐고오~?!! 뭘! 그~~냥!! 왜 다들 다른말을 하냔 말이야아! 네...그렇게 막 잘하긴 하네요잉~.. ||| 몸은 엄청 마르셨는데 체격대비 힘이 장난아니시네요... ||| Keep going💪🏻 ||| 와 경이롭다...ㄷㄷ 체중대비힘이 미쳤네,스포츠
KQlqqjqmPQ4,스크린야구중 벤치클리어링,김태원,안녕하세요 영상 본인입니다 ^_^;; 친구가 재미로 올린 영상이 이렇게 화제가 될줄 몰랐어요..제가 요즘 바빠서 댓글 하나하나 답글은 못달아드리지만 빠짐없이 읽고는 있어요~여러분들의 뜨거운 관심에 힘입어 더 노력해서 항상 발전하는 사람이 되겠습니다 감사합니다!! ||| 와… 친구분들 벤치 클리어링은 예의상 팀원 모두가 나와서 대응 해 줘야 합니다… 친구가 아무리 챙피하더라고…. ||| 스크린야구는 친구들이랑 술먹고 반쯤 취해서 하는게 개재밌음 ㅋㅋㅋㅋㅋㅋㅋㅋㅋㅋ ||| 입구에서 공 나올까봐 심장 졸임 ||| 중요한 건 스크린에 투수가 아니라 타자한테 주먹질하고 있음. ㅋㅋ,스포츠
HP5ObVlN15g,"구종별 그립 (포심,투심,커브,슬라이더,싱커  )",하수아빠,손 큰 게 너무 부럽네요 ||| 나중에써먹어봐야되겠네요^^ ||| 와 공 잘던지시겠다 손큰거봐...어린이용 야구공 되버리네 ㅋㅋㅋㅋ ||| 목소리가 좋으십니다 후훗 ||| 슬라이더 신기하게 던지시네요,스포츠
WuY9iPaWYCQ,NC다이노스 역대 최고의 라인업,구리눙,그때가 그립네요 언젠가 또다시 오겠지요 ||| 이 라인업이면...연속우승 가능 ||| 이때 진짜 절대 ㅠㅜ 못잊는 최고의 역대 라인업 ㅠㅜㅜ하 그립네요 ❤ ||| 나테이박이 더 강력해져서 돌아왔다 나테이양박 미쳤네 5타자중 홈런 1명은 무조건칠듯,스포츠
cG0waekibzs,142km 캐칭하는 사야인 대박입니다👏,프로베이스볼아카데미,"❤❤❤😊 ||| 이게 왜 지금 추천 영상으로 떴는지는 의문이지만 같은 120이라도 일반인이 던진 공만 받다가 선출이 던진 공을 받으려 하면 볼깥이 달라서 예상보다 빨리 그리고, 예상 포구지점보다 공 한두개는 더 높게 들어와서 화들짝 놀라며 잡거나 마스크 직격 당하는 일이 허다합니다 영상으로 구경하는것 타석에서 지켜보는것 앉아서 포구하는것 느낌이 다 같을거라 생각하지 않는게 건강에 이롭습니다 ||| 나이스캐치 ||| 캐칭 미트질도 훌륭하지만 미트에서 공빼는 속도며 순식간에 실밥 확인하는 손놀림, 자신있게 앉아서 송구하는 부드러운 스냅을 보아하니 선출이자나요 사장님ㅜㅜ ||| 잘 잡으시네요 👏👏",스포츠
rt0rr7NKa24,[IBK기업은행알토스 배구단] 승리를 위해 (김상헌 응원단장),보틀 0Bottle,IBK 경기영상을 보는데 갑자기 삼성라이온즈 응원가가 들려서 깜짝 놀라서 찾아봤더니 겸임을 하시는거였군요!! 삼성 라이온즈 응원가 좋아하는거 많았어서 기분이 좋네요 핫핫 ||| 헌토벤 허니단장님은 사랑입니다 💙💙 ||| 삼성라이온즈가 짱임 진짜 야구처럼 응원가의 자부심까지 느껴지는 스포츠는 이세상에 없는듯요 ||| 삼성라이온즈 화이팅 ||| 삼성라이온즈 화이팅❤,스포츠
5x40Uy3Pjc4,투수의 기본 와인드업&세트 투구폼 모습(feat.세광고등학교 조범준)韓国高校野球の投手フォームCho Beom-jun pitching form of Segwang High School,병주고약주고,성장 가능성이 무궁무진햐 선수네요. ||| 한국야구 미래 밝다 ||| 와...포심 테일링 좋네요. 구속+회전수 모두 좋은 선수네요 ||| 와 👍 ||| 최고속이 144면 아직 피지컬 포텐 더 있는거죠? 성장 여지 남았네요..몇학년 인가유? 멋집니다 프로에서 보면 좋겠네요,스포츠
VJSjH38hEog,NC다이노스 역대 최고의 선발투수,구리눙,외인이 2명까지라 다승왕과 우승에 큰기여를 했던 해커랑 루친스키와 미래가 기대되는 구창모와 송명기 nc 국내 선발진의 한줄기 빛이였던 이재학 뭐..... 완벽한데? ||| 이재학 제발 친정팀으로 돌아와ㅠㅠㅠ ||| 중간에 사이버투수 한명이 보이네 ||| 장현식이 지금 구창모처럼 성장했으면 루친스키 구창모 장현식 볼뻔했네 ㄷㄷㄷ ||| 솔직히 이태양 진짜 잘 던졌는데,스포츠
TTrMcRttMc4,[사회인 야구]피칭#1,희호,살짝 김광현 김기훈 느낌으로 던지지만 더 부드러운 폼이 훨신 좋다 공이 빠르지는 않아도 묵직해 보이고 ||| 나만 카메라로 공날아올것같았나;;; 긴장하면서 봤노 ||| ㅎㅎㅎ ||| 왼쪽 무릎이 좀 죽는 거  같고 오른쪽팔(상체)가 조금 빨리 열리네요. 그래도 던지시는데는 실력 있으신거같은데 던지실 때 이 점들만 보완하시면 구속 15키로는 느실듯 ||| 낮은 코스로 기막히게 들어갔네요ㄷㄷ 멋집니다👍👍👍,스포츠
kIpndSDXfY0,[사회인 야구]피칭#5 2016년 슬라이더 연습,희호,좌완 부럽네요 ||| 슬라이더 멋져요!! ||| 오 꺽이는거 보인다. 므찌네요. 알흠다운 슬라이더. ||| 무브먼트 탑급인데 궤적이 체인지업 라인인게 조금 아쉽다... 우타자 발보고 던진다고 생각하면 더 위력적일듯.. ||| 우와 자완 부럽다......,스포츠
UiLLTW6WC4c,실내야구 다이빙캐치 연습 /수비,야구하니,한국인이 가장 좋아하는 결말 ||| 마지막 철푸덕 하고 넘어지시넹 ㅋㅋㅋㅋ ||| 와 순발력 ||| 마지막에 몸이 먼저가서 가운데서 잡으려다 못잡는걸 몸으로 막으신 부분에서 와 아직도 저렇게 하시는 분이 있구나 하면서 재미로라도 야구하시는분들 보시면서 배워가셨으면 좋겠어요 저렇게 몸이 먼저가서 중간에서 잡으시려는분들 요즘영상에는 없더라고요  그리고 잘하십니다 좋은영상 감사합니다 ||| 송구도 엄청 부드럽게 잘하시네요. 굿!,스포츠
m6TZM9R_-nc,덕수고 장재영 투구,응답하라2000,제발 관리 잘 받아서 오래오래 야구할수있길~ ||| 와 아이가 이렇게 던지는거 놀랍네요ㅎㅎ 첫 공이 한가운데 패스트볼로 던지고 컨트롤이 아주 좋아요! ||| 우완 최고구속150km 20구중 16개볼  제구난조 ||| 괜히 1차지명이 아니군요 내년에 입단하자마자 우승반지 껴봅시다 화이팅!!! ||| 와 정말 공이 좋네요 꼭 프로와서 좋은모습 보여주세요!! 화이팅!!..,스포츠
C65nqLJan7Y,날라볼수있을때까지.. /수비,야구하니,계속 연습하는줄 알고 계속봄^^ ||| 아 뭐야 영상이 짧았구나 계속 무한반복 했는데 ||| 몇번 하다 잡을 줄 알았는데... 이거 한국인이 좋아 하는 속도에 한국인이 싫어하는 결말 그거냐? ||| 여기 광주 쌍암공원 아닌가요? ||| 으억ㄱ 까비,스포츠
rjBSZJP08bI,NC 다이노스 2020 한국시리즈 우승 마지막 순간,별의별것,"NC 다이노스 2020 V1🙌❤️ ||| 별의별것 전설의 시작을 찾아 이곳까지 왔습니다,,, 별의별것님 덕분에 요즘 하루하루가 즐겁고 행복합니다 ㅎㅎㅎ 쭉쭉 롱런해주세요!!! 응원합니다!! ||| 진짜 관중이 빈 한국시리즈 우승이라는게 너무 슬푸다... ||| 창단 첫우승인데 중립경기장인 고척에서 치루고  관중도 코로나로 제한두고... 정말 두고두고 아쉽네요 이번 트윈스 우승때랑 비교가 되는군요 ||| 와~ 저도 직관다녀왔습니다. NC 다이노스 팬인게 자랑스럽습니다. 한국시리즈 우승하는거 직관못했으면 평생 두고두고 아쉬웠을껍니다. 진짜 다시봐도 감동입니다. 영상 잘봤습니다.",스포츠
V0ZTo8Cfrgo,HOMERUN - SEVENTEEN カバーダンス　short ver. Cover Dance 커버댄스 / SHIUchum,ポエム,i really 10000x appreciate people that could slay svt’s choreographies 😭💖 ||| You are the first cover that i watched that got the first footwork right 👍👍👍 ||| 와... 잘추세요!😊 ||| Wow ||| Really Good,스포츠
YroxJgv3Vl8,빠던,신효철,카메라 구도가 딱 그 공날라오는 영상이랑 같아서 쫄면서 봄 ||| 나한태 날라오는건줄알고 긴장타고있었네.. ||| 한손 끝까지 안놓다가 끝에서 노면 더 멀리 날아갈듯요~ 한손으로만 치는데도 저렇게 멀리 날아가다니 ㄷㄷ 힘 ㅎㄷㄷ ||| 이분 말대로 좌타자는 좌투수 공 공략하기 어렵습니다. 우투수 보다 체감속도 5km/h 빠릅니다. 직접 타석에 들어가 보면 아실텐데 영상에서 보는거랑 타석에서 체감 속도가 훨씬 빠릅니다. 야구 한번도 안해보신분들 이래라저래라 꼰대짓 하시는 분들 타석에 들어가면 안타는 무슨 베트에 공 한번 못맞추고 삼진 됩니다. 그리고 영상 올리신 분 타격폼중에 왼쪽어깨가 너무 벌어져 있는데 닫아놓고 치시면 훨씬 더 멀리 날아갈겁니다. 빠던도 + ||| 욕하는 애들은 mlb선수에요? kbo프로선수들도 빠던하면 겁나 좋아하면서 홍성흔이나 최준석마냥 던진것도 아닌데 선비들 납셨네,스포츠
ByiON9AjbDg,쇠질 11개월차 헬린이 데드리프트 230kg + 주변반응,김동현 PowerLifting,https://youtu.be/W9H0XApxKcs  경력 속였다고 생각하는 분들이 많은 것 같은데 제 프로필 메인에 중량상승과정 영상 올렸으니 확인부탁드립니다~~ ||| 헬린이컷 존나 높네 시발... ||| 중량사기가 틀림없어.. 어떻게 저 체격으로 전화한통 안받고 깔끔하게 들지 정말 조오온경 ||| 원래 다른 운동하던애가 '헬스만'11개월 한거겠지 자괴감 오진다..ㅂㄷㅂㄷ ||| 대퇴근만 봐도 알겠지만 완전 일반인이 헬스 11개월 차가 아닙니다  어떤 종목으로든 원래 운동을 하던 분이겠지요 헬린이들 좌절하지 마세요,스포츠
zjB9zDJZc7U,한화이글스 이하윤 치어리더 2019,S깡통,한화가 맨날 져도 팬들이 안 떠나는 이유가 다 있구나... 똥머리 개 귀엽다ㅠㅠ ||| 난 한화팬이 아닌데 이게 뭐라고 게속 알고리즘 뛰우냐  다시보기만 10번 넘었다 ||| 내가 야구좋아하는 친구에게 나:친구야 한화는 왜 18연패했냐 친구:경기를18번해서.. ||| 한화 선수들 경기중에 치어리더 쳐 보면서 경기해가지고  18연패한듯 ||| 얘 원래 한화 관중석 팬이었다가  치어리더 된 가아니가,스포츠
Y6JKoM0pDMA,비선출 포수의 2루송구...ㅎㄷㄷ 선출아니야???  [#shorts],안방마님tony,다들 공 빼는 속도는 언급 안해주시네.. 공 빼는 속도 개빠르신데 ㄷㄷ... ||| 정말 비선출이시면 ㅎㄷㄷ.. 멋있음 ||| 심수창 선수가 포수가 2루송구할땐 항상 손이 머리 위로 올라오는 자세가 정석이라고 하던데 폼이 정확히 나오네요ㄷㄷ진짜 멋있습니다 ||| 와.....ㅋㅋㅋㅋㅋㅋㅋ 대단하십니다 ||| 솔직히 선출이면 공빼는 속도가 개빠름... 근데 비선출 중에서도 어깨가 수준급이시네요ㄷㄷ,스포츠
2L0yytbT_iA,헬스안하는고딩의 벤치프레스110kg,끽규,고등학생이 본인들보다 벤치 많이드니 질투나나봐요 이해해주셈 ||| 그냥 좀 보면안되나 지들은 100키로 들지도못하면서 겁나뭐라하네 ||| 전 최근에 110들었다고 좋아했는데 대단하시네요 ㄷㄷ ||| 저 얘랑 고2 고3같은반인데 겁나착함 애들이 놀리면서 때려도 그냥 허헣하고 넘어감 ㅇㅇ 인성논란일어날일은없음 규현아 합방좀 도와주라 ||| ㄱㅊ 습니다 전 고등학교때 피시방에서 서든하면서 라면먹기 바빳거든요 학생인데 저정도면 개씹부럽네요 득근하세여,스포츠
G49pX_TdnMI,서상우 자신의스파이크동작분석해보세요,허규 호랑 배구,정작 서상우는 안보고 배구 ㅈ도 모르는 내가 보고있음 ||| 정작 서상우는 안 본대ㅋㅋㅋㅋㅋㅋㅋㅋㅋㅋㅋㅋㅋㅋㅋㅋㅋ ||| 하이큐에서 많이본장면인데 ㅋㅋ 등짝에 날개가없는게 아쉽네 ||| 서상우 분석하셨어요? ||| 배드민턴 치는 동호인들이 100번이상은 봐야하는 영상  테이크백 엘보우리드 손바닥에서 손등으로의 전환까지,스포츠
OtnlvmSJQ80,프로야구 음주운전 라인업,신비로운야구채널,구독 한번씩 눌러주세요 조회수 70만 가즈아~~ ||| 여기다가 치고 달려라 라는 노래라니... 오싹하네.....ㄷㄷㄷㄷㄷ ||| 강정호가 포수 출신이니 포수 시키고 유격에  박기혁 쓰면 될듯 ||| ㄹㅇㅋㅋ추신수-테임즈-강정호ㅋㅋㅋㅋ코시 우승하겠노 ||| 강정호의 포스를 따라잡을자가 없다,스포츠
dlvKbcZPmKs,10살 아들이랑 야구하다 벤치클리어링 했습니다,차니주니야구하니,처음 멍든 사진 ㅋㅋㅋㅋㅋㅋㅋ 아들 팔꿈치가 저렇게 된줄 알았더니 ㅋㅋㅋㅋㅋㅋㅋㅋㅋ 아버지 허벅지였네 ||| 동생 더이상 필요없다는걸 상남자식으로 표현하네 ㄷㄷ ||| 이 영상 이후로 아버지가 안맞으려고 카메라 밖에서 던지심 ㅋㅋㅋㅋ ||| 아버님 죄송해요 ㅋㅋㅋㅋㅋ고라니샤우팅에서 뿜어버렸어요 ㅋㅋㅋㅋㅋㅋㅋ ||| 저글링이 해처리 박살ㅋㅋㅋㅋㅋㅋ,스포츠
qsePpnvdy_w,[야구] 1985년생 야구선수 베스트 라인업,킹대,85도 👍이용규 김재호 나지완 강민호 정우람 ||| 해태 타이거즈 라인업해주세요 ||| 투수도요 ||| 전준우85년생 아니에요?? ||| 전준우가 없네요 ㅠ,스포츠
aMY77fX35Jw,턱걸이 상타취,용희s,보자마자 휴가나왔다는걸 알 수 있었읍디다. ||| ㅋㅋㅋㅋㅋㅋ용흐ㅣ쓰 굿굿 ||| 중간까진 괜찮으나 위에서 어깨가 말리면서 올라가네요.. 저러면 어깨 관절에 무리가고 하부도 자극 못 먹고 안 좋은게 많습니다 ||| 스토리 어떻게 올리는지 알려주세요,스포츠
zhnxXdvWvZA,삼성라이온즈 역대 은퇴식 선수들,영싱방,이승엽 선수는 레전드로 남는데...댓글에 이승엽 선수가 인 달렸어... ||| 박한이......윤성환....영결도 아깝지않은 레전드인데.....아쉽네요 ||| 박한이가 젤 안타깝지 ㅠㅠㅠㅠ지금코치하긴하는데 은퇴식해줫으면좋겟네 ||| 권오준 선수 고맙습니다... ||| 이승엽은 전설이지,스포츠
FMXIjkClWxE,야구공 깜놀ㅣ 준포먼스 ㅣ 임서준 ㅣ 짤영 ㅣ 세로영상,임서준,야구공 피하신 분??? 👋👋👋👋👋👋👋 ||| 심장 아프네요.. ||| 0:02 ||| 어우  깜놀했네 ||| 진짜피하게되네 ㅎㅎㅎ,스포츠
4U77IX6aRt4,승패는 끝까지 가봐야 안다 박권익선수,씨름사랑,요즘 씨름 정말재밋죠.. 기술이 얼마나 화려하고 빠른지 눈한번 깜빡이면 놓쳐요...우리 고유의  민속씨름 화이팅!!! ||| 빨강승. 파랑이 공격은 했는데 빨강이 머리와 몸을 쭉 뻗으며 바닥접촉을 늦추는 찰나 파랑의 머리가 바닥에 먼저 닿았네요.(몇 차례 정지화면 시도를 해서 접촉순간 장면 확인😅) ||| 마 끝까지 봐도 모르겠다 마 ||| 박권익은 인간적으로 참 잘생겼음. 당나귀 보면서 우연히 보고 잘생겼다고 생각했음.ㅋㅋ ||| 우~와 멋지게 이겼다~^^,스포츠
F36pbo2dnUM,체인지업3개 명품투구,와니엘TV,마지막 공 진짜좋네요ㅋ ||| 와 카메라도 포수시점이라 각도 좋네 공 좋다 ||| 그들의 체인지업은 우리의 직구보다 빠르다.  - 사회인4부리그 - ||| 포수의 칭찬은 투수도 기분좋게 만든다.. ||| 와 이렇게보니깐 ㄹㅇ 직구처럼 오다가 바로 뚝 떨어지네 타자 타이밍뺏기 딱이네,스포츠
XURYV9z6g9I,골프스윙 골프연습 드라이버 비거리 늘리는 연습순서,권형주 프로  Golf Swing Tips ⛳️,"굿샷 ||| 연습하는 동작인데 거리향상에 좋더군요.굿 ||| 자세 너무 좋네요 ㅎㅎ 저는 언제 가능할지, 오늘도 열심히 독학해 봅니다. 미국에 있으니 레슨 받으러 가지도 못하네요 ||| 깡총샷 귀엽 ㅋ",스포츠
OTU6TLbvB0I,텍사스 레인저스 추신수선수 배팅연습영상,더베이스볼팩토리,오우 뱃 속도 개지리네...역시 전 메이저리거... 지금은 한국리그에 왔지만... ||| 한국인들만 모르는 메이저리그 올스타 커리어 ||| 뒤에 꼬맹이가 좋아해주니까 내가 뿌듯하넹 ㅋㅋㅋㅋㅋ ||| 21.2.23 추신수 SSG입단 ||| 고~~~~~추!,스포츠
EsKAdAwHehY,코로나19극복 KBO 희망릴레이 캠페인 | 이강철 감독님 (04.26),kt wiz - 위즈TV,다들 코로나 19  극복합시다 이겨냅시다 ||| 이강철 감독님 말씀처럼 힘들고 지친 국민들을 위해 멋진 야구 경기 보여주시면 감사하겠습니다! 그동안 많은 야구팬들이 기다렸답니다 ^^ kt wiz 파이팅! 감독님 파이팅! 힘내라 대한민국! ||| 힘내라 대한민국!!코로나19를 이기자ㅏㅏㅏ!!!!! ||| 🤗 ||| 🤗👍🏻,스포츠
cVfVvjqgaCs,한화이글스 이하윤 치어리더 엑기스,S깡통,한화가 지는이유가 이거였네 왠지 타석에서 이쪽을보더라 ||| 한화팬들이 맨날 지고 꼴지여도 행복한 이유가 있었군요 ||| 진짜 이쁘시다. 손바닥 짝! 흔들! 하면서 인사하는거 너무 귀염뽀짝하시네 ||| 치어리더는 이런데 팀은 왜이러냐 ||| 뭐야 선수를 응원하는게아니고 치어리더를 응원해서 꼴지였던거였어 팀웍문제있어,스포츠
6nGjYIIyGUY,NC다이노스 통산 홈런 라인업,구리눙,nc는 외인타자 진짜 잘 뽑는거 인정한다. 테임즈도 그렇고 스크럭스도 잘했고 알테어도 잘하고 얼마나 좋아 ||| 소고기도 구래도 홈런 꽤 쳤어~!!! ||| 소고기도 홈런 꽤 쳤네 ||| SSG도 해주세요!! (SK와이번스시절도 포함해서해주세요) ||| 순서가 왜 안맞지? 그리고 나 두팬인데 의지 그립다ㅠㅠ,스포츠
2waP_-O33-0,송교창 | 버저비터 | 리드를 가져가는 결정적 한방!! (feat.감독님 기록은 다깨고싶어요),스포츠암행어사,굿!!! ||| 교창 잘하는구먼~ ||| 기록은 깨라고 있는거쥐~ ||| 솔직히 유튜브 제재 빡신데 쿠쿠섹란 채널는 안짤리고 잘가는듯.. ||| 윗댓보고 유튜브 쿠쿠섹란 검색했는데 .. ㄹㅇ잇네,스포츠
Yo9R_jyRyDo,롯데자이언츠 최준용 선수 노래,뚜뚜,"최준용 선수가 직접 인스타에 올리신 영상입니다 😊 ||| 헐...야구 잘해 잘생겼어...피아노도 잘쳐...노래도 잘불러... 착해.... 부족한 것이 눠냐 준뇽이ㅠㅠㅠㅠ ||| 롯팬의 소박하지 않은 바람 ; 리그 대표 셋업맨으로 도약 후 국대 승선, 손아섭만큼 유명해져서 준용이 복면가왕 나가는거 보고싶다\/\/ ||| 준용이 요즘 야구도 잘하더니 노래도 잘했었구나  멋있다!! ||| 와 이노래 엄청 어려운데 ㄷㄷ 오빛너 명곡",스포츠
XCieAvCJ2y8,스크린 야구 잘치는법,cwy,간만에 빵 터졌습니다 ||| 이건 잘치는법이 아니라 헬멧을 써야하는 이유잖앜ㅋㅋㅋㅋㅋㅋㅋㅋㅋㅋ ||| 너무 아프겠어용 ㅎㅎ 🤣 ||| 천국에서 잘 지내 ||| 스크린야구(머리로) 잘 치는법,스포츠
6QZj6YkM_p4,캐치볼 (엄준식),김요한,여윽시 에이스 ||| 준식이가 돌려보기한 횟수 ||| 유튜브의 어떤 알고리즘으로 인해   2022년쯤에 이 영상의 조회수와 좋아요가 많이 생길것같군.. 그와중에 마지막에 소리 레전드ㅋㅋ ||| 무릎 각도 실화냐 ㅋㅋㅋ ||| 아~ 캐치볼을 요즘에는 엄준식이라고도 부르나요?? 설마 투수이름이 엄준식일리는 없을테고...,스포츠
3oBWOJaGH98,인터뷰 중 러츠 트리플크라운 축하해주는 정아,쩡아행복배구햄,모욕성 댓글 및 선수 본인이 불쾌감을 느낄 수 있는 글은 삭제될 수 있습니다. ||| 진짜 착한게 묻어나는 인터뷰네 ㅋㅋ ||| ㅋㅋㅋㅋㅋㅋㅋㅋㅋㅋㅋㅋㅋㅋ팡팡 플레이어 인터뷰인데 상대팀 축하해줘ㅋㅋㅋㅋㅋㅋㅋㅋ ||| ㅋㅋㅋㅋ 갑분 러츠 축하ㅋㅋ 박정아 선수도 올해 트크하시면 좋겠어요.!.!!! ||| 볼때마다 웃기고 귀엽다ㅋㅋㅋㅋㅋㅋㅋㅋㅋㅋㅋㅋ,스포츠
romktlbeIW8,[먹튀폴리스] 2020 KBO 프로야구 호수비 하이라이트 모음,스포츠 프로 SPORTS PRO,100% 검증된 대한민국 NO.1 토토사이트 <1세대 먹튀 검증 커뮤니티 먹튀폴러스> ☞ https://bit.ly/mtpolice365 ||| 박해민 호수비 올해거 아닙니다.  증거는 올해 박해민 선수 등번호는 13번입니딘. 하지만 이거는 58번이였습니다.,스포츠
Mop_vux6dtw,MBC스포츠 하이라이트야? REAL사회인야구 경기 6개를 하이라이트로 편집한 미친 야달코치. VIP리그 6게임,정릉선수촌,"8월 마지막주 VIP리그 토요4부A,B  일요4부C,B,A 모두 6경기 하이라이트 요약 영상입니다 자막 넣고 더빙 더 다듬으려고 했지만 6게임을 편집하려다 보니 너무 힘들어 이것까지 하면 다시 한주를 넘길꺼 같아 그냥 올립니다 고생한 영상입니다ㅠㅠ  좋아요~ 구독~ 선플 부탁드려요 영상올리자 마자 싫어요 1개는 과연.....누굴까요?ㅎㅎㅎ ||| 영상도재밌고  구장도좋고 ~~ 👍👍👍👍👍👍👍👍👍👍 ||| 열심히 뛰는 모습은 프로야구 저리가라 네요!!! ||| 역시 사회인야구는 4부가 아름답습니다 ㅎㅎㅎㅎㅎ 인간미 넘치고 좋네요 :) ||| 고생많으셨습니다.항상 잘 보고 있습니다!!!!!",스포츠
MW6bHIk6E6U,포뮬러E 챔피언십 하이라이트 [KBS 스포츠중계석] 1월18일 (토) 밤11시40분 KBS1TV ㅣ KBS방송,KBS 한국방송,,스포츠
IM42UHKkqZY,KBO 리그 하이라이트 KIA 타이거즈 대 NC 다이노스  KBO League High light Kia Tigers VS NC Dinos #KiaTigers #NCDinos,Ayato World TV,,스포츠
-dwxF4Engts,삼성라이온즈 오승환 스페셜 | 오승환 매드무비 하이라이트 | Oh Seung Hwan Special Fan made movie [스포비],스포비 SPOVIE,"“그는 아직 삼성의 마무리 투수입니다” ||| 은퇴 소식 듣고 보러왔어요 삼성라이온즈의 영원한 끝판왕 마무리는 오승환일거예요… ||| ""대구에 마지막 종소리가 울려퍼지는 그 날까지"" ||| 오늘, 마지막 종소리가 울렸습니다.... 굿바이 오승환 너무 수고하셨습니다 ||| 나이가 들고 몸도 예전을 못따라가고 그러니 성적이 전성기보다 못한 건 사실이지만 그럼에도 오승환이 세운 커리어는 절대 안 바뀌고 안없어지고 안잊혀짐 오승환은 한국프로야구 창단 이래 역사상 최고의 마무리 투수다",스포츠
thBMnWZ6Ixg,KBO리그 하이라이트 롯데 자이언츠 대 한화 이글스 Korea Baseball League High light Lotte Giants Vs Hanwha Eagles,Ayato World TV,,스포츠
JU1woyWmAfM,6월 11일 ( SK 와이번스 vs LG 트윈스 ) 하이라이트 | KBO 프로 야구 2020,渋野日向子,화질 ||| 킹모스👍 ||| 역시 애스키들은 엘쥐 밥이네 ㅋ 엘쥐만 만나면 고양이만난 쥐처럼 타선에서 벌벌 떨고잇네 ㅋ  감독쓰러졋는데도 아직도 정신못차리고 잇어 ㅋ   ㅋ  ㅋ ㅋ     ㅋㅋ 애들아 좋은거 좀 먹고 힘네자 감독생각도 좀 하고  ㅋ,스포츠
8WfyZZQ7QxU,승리를 가져오는 NBA 클러치 수비 모음 [NBA 하이라이트],농구 좋아하세요?,여기는 영상이 바로 시작해서 좋음 ||| 7:03 ㄹㅈㄷ 밀어서 수비 성공 거의 릅탄 수비 ||| 르브론 마지막 블락은 ㄹㅇ ㄷㄷ 저거아마 내기억에 4쿼터 언제였던가 공격때 넘어져서 절뚝였던걸로 기억하는데 바로 나아서 뛰어댕김 ||| 3:34 이건 너무했다.. ||| 농구영상 많이 봐서 웬만한 농구채널들은 다 뜨는데 영상들 정말 좋네요. 명장면 하이라이트 + 간결한 편집 + 도입부문 시간낭비 없음 + 적절하고 심플한 자막까지 최곱니다. 바로 구독했어요. 앞으로도 기대할게요~,스포츠
iBJ9F8yyBrs,[예고]  ABB FIA 포뮬러E 챔피언십 하이라이트  @KBS스포츠중계석,KBS Entertain,모터스포츠 인식보다 연예인이 포뮬러E를 알게했다는게 참 뭔가 씁쓸......,스포츠
eLbPzp8WtXk,#키움히어로즈 KBO리그 하이라이트 키움 히어로즈 대 한화 이글스 KBO League High light Kiwoom Heroes Vs Hanwha Eagles,Ayato World TV,,스포츠
r8rMk27IDH0,KBO리그 하이라이트 한화 이글스 대 KIA 타이거즈 KBO League High light Hanwha vs Kia #KIA타이거즈 #한화이글스,Ayato World TV,,스포츠
y15Gv9zWmoc,1인칭 배구 / 스파이커 시점/ 하이큐/ 고등학생/ 하이라이트/ ep.18,KuKu Sports,그냥 촬영하는 사람인줄 알았는데 공날라오길래 개놀랐네 ㅋㅋㅋㅋㅋ ||| 7:06 세터 센스 무엇... ㄷㄷ... ||| 배구가 룰이 이해하기 쉬운편이라 그런가 운동경기 입문자로서 볼때 제일 재밌음 ||| 0:19 멍때리면서 보다가 움찔했다... ||| 2:13 서브 개잘치네 ㄷㄷ,스포츠
TfQuPMWxmyA,일반인의 6대2 볼 돌리기 1탄,찐축TV,모두 실력이 대단하시군요!!! ||| 하늘색 유니폼 입으신분이 제일 잘하는거 같아요 구독 좋아요 누르고 갈게요,스포츠
V5fIJNufMPM,KBO 리그 하이라이트 KIA 타이거즈 대 NC 다이노스  키움 히어로즈 대 LG 트윈스 Korea Baseball Kia vs Nc Kiwoom vs Lg #한국프로야구,Ayato World TV,,스포츠
2waP_-O33-0,송교창 | 버저비터 | 리드를 가져가는 결정적 한방!! (feat.감독님 기록은 다깨고싶어요),스포츠암행어사,굿!!! ||| 교창 잘하는구먼~ ||| 기록은 깨라고 있는거쥐~ ||| 솔직히 유튜브 제재 빡신데 쿠쿠섹란 채널는 안짤리고 잘가는듯.. ||| 윗댓보고 유튜브 쿠쿠섹란 검색했는데 .. ㄹㅇ잇네,스포츠
mRAApRh8QOM,KBO리그 하이라이트 키움 히어로즈 대 두산 베어스 Korea Baseball League High light Kiwoom Heroes Vs Doosan Bears #키움히어로즈,Ayato World TV,,스포츠
CurwtvoJ9a8,14일 KBO리그 하이라이트 두산 베어스 대 한화 이글스 KBO League High light Doosan Bears vs Hanwha Eagles #두산베어스,Ayato World TV,,스포츠
ZfGRs9CXoMg,KBO리그 하이라이트 키움 히어로즈 대 삼성 라이온즈 LG 트윈스 대 두산 베어스 熱闘韓国プロ野球ハイライト　#키움히어로즈  Korea Baseball High light,Ayato World TV,,스포츠
GxNFfs_S3AI,양주 어린이 농구교실 키움 스포츠 1/16일 중등부 농구 하이라이트.,양주 키움 농구교실,오 백핸드 슛!  나이스~,스포츠
mxk-xiBI150,KBO League High Light Lotte Giants V LG Twins KBO리그 하이라이트 롯데 자이언츠 대 LG 트윈스 #롯데자이언츠 #LG트윈스,Ayato World TV,,스포츠
Ssa5DURwcnY,[ 양재고 ] 양재고 스포츠리그 하이라이트,양재고총동문회,,스포츠
mtX8j16eQ6c,KBO 리그 하이라이트 두산 베어스 대 삼성 라이온즈 키움 히어로즈 대 Kt 위즈  Korea Baseball High light #두산베어스  #삼성라이온즈 #키움히어로즈,Ayato World TV,,스포츠
CVm3l6QsbV4,칸 스포츠 MAXFC 21 계체량 하이라이트,MAX FC MAX FIGHTING CHAMPIONSHIP,이지훈 선수 기대됩니다 화이팅👊🏻👊🏻👊🏻 ||| 선수분들 모두 재미있는 경기 부탁드리겠습니다 다치지말고! ||| 고고싱 고고싱 ||| 정성직 선수 승리해서 챔피언벨트 지키시길!화이팅🥊🥊 ||| 정성직 선수 화이팅!!!!!!  통합 타이틀전 승리 갑시닷🤜💥,스포츠
vz5vG4WVFXw,제 2회 스피릿 자체리그 신민섭 하이라이트,MS S,알고리즘에 이끌려 들어왔다가 무지 놀랐습니다. 더 많은 영상과 연습 팁 부탁드려요ㅎㅎ 항상 즐농하세요. ||| 진짜 드리블 잘한다 난 형들앞에서 이렇게 드리블 못하는데 ||| 거 너무 심하게 잘하는거 아니오.. ||| 선출이신가요??,스포츠
uOCILJXLUxs,KBO 리그 하이라이트 LG 트윈스 대 한화 이글스 #LG트윈스 Korea Baseball High light LG Twins vs Hanwha Eagles 熱闘韓国プロ野球,Ayato World TV,,스포츠
QBoXohiVJtU,한국 프로복싱 감동의 순간들 100경기 하이라이트 / Korea boxing world championship highlights,BoxingM - KBM,"링에서 모든 열정을 쏱았던 한국의 복서들 모두에게 존경과 경의를 표합니다 감동적이네요 ||| 배고프던 시절 오로지 투지 하나로 세계챔피언에 오른 그시절 다시 보아도 정말 눈물 납니다, 이미 고인이 되신분도 있고, 그중에서 파란만장한 삶을 살다 떠난 김성준 선수, 먼 이국땅에서 세계챔피언을 꿈을 이루지 못하고 우리곁을 떠난 김득수 선수, 정말 그립습니다 모든분들께 경의를 표하며 건강하십시요~ ||| 참.모든분들대한민국의용사애국자이십니다.항상행복하시고건강하시길빌겠습니다. ||| 이걸보고있으니  과거 단명한 세계챔프들.. 이름없는 챔프들. 그 고난한 가운데서도 짧지만 강렬한 불꽃처럼 자신을 불태웠던 그간의 노력들과 투혼 그리고 그들의 힘들었던 인생사를 생각하면 그들의 노력들이 헛되지않게 한번씩은 다시 경기들을 찾아보고 싶은 마음이 생기네요 여기주인장님께서도 그들의 권투인생이 헛되지않게 경기를 소개하고 경기하나하나에 다시 생명력을 불어넣을수있게 라이브처럼 감상하게끔 해설하시고 재조명하는 이런 작업 너무 좋고 또 감사하네요. ||| 투혼을 발휘하던 옛 참피온들에 경의를 표합니다^^",스포츠
k1Qj1o3Jdig,#롯데자이언츠 KBO리그 하이라이트 롯데 자이언츠 대 KIA 타이거즈 Korea Baseball League High light Lotte Giants v Kia Tigers,Ayato World TV,,스포츠
S103RievsiM,#한화이글스 KBO 리그 하이라이트 한화 이글스 대 삼성 라이온즈 KBO League High light Hanwha Eagles vs  Samsung Lions,Ayato World TV,,스포츠
UOMK1opdNzY,KBO리그 하이라이트 키움 히어로즈 대 롯데 자이언츠 Korea Baseball League High light Kiwoom Heroes vs Lotte Giants #키움히어로즈,Ayato World TV,,스포츠
4xRlrVjrAUk,KBO 리그 하이라이트 두산 대 롯데 키움 히어로즈 대 LG 트윈스 #두산베어스 #롯데자이언츠 #키움히어로즈 #LG트윈스 #KoreaBaseball,Ayato World TV,,스포츠
VTG82KtGZPE,루이스 수아레즈 하이라이트 (feat. 바르셀로나 계약 종료),지스코어,,스포츠
mMkf2kvhbIM,제1회 한국 스포츠 메세나 시상식 양궁 하이라이트 영상,대한양궁협회 Korea Archery,"선수도 협회도 열심히했지만, 회장사의 재정적 도움이 컸습니다 ^  ^  축하드립니다",스포츠
IBdjCZCXu9k,[연예인 풋살] 스타스포츠 FC원 vs FC행주 경기 하이라이트,한스타미디어,,스포츠
5Ficow80i0Q,수원 VS 전북 송범근 미친선방쇼 #short,Səonghəon kim,,스포츠
JVUVwS-sGDk,Korea Baseball league LG Twins Vs Samsung Lions KBO리그 하이라이트 LG 트윈스 대 삼성 라이온즈 #LG트윈스 #삼성라이온즈,Ayato World TV,,스포츠
P9WZIyH6_Ak,KBO리그 하이라이트 SK 와이번스 대 롯데 자이언츠 熱闘韓国プロ野球 ハイライト Sk 対 ロッテ #SK와이번스 Korea Baseball SK vs LOTTE,Ayato World TV,,스포츠
KD3Co8H_tHQ,"2020 트레져헌터 푸드, 테크, 스포츠, 전문가 크리에이터 하이라이트✨",트레져헌터,,스포츠
HFCslyyixfA,키움 히어로즈 이정후 선수 하이라이트 [야구기록부],야구기록부,댓글로 보고 싶은 선수 남겨주세요!!~~ ||| 3:08 이정후 어깨 미친 사랑해요 ||| 1:32 존멋.....사랑해정후 ||| 2022년 이 선수는 타격 5관왕을 달성하여 2022시즌 KBO MVP가 됩니다 ||| 와 지금은 진짜 피지컬적으로 많이 성장했네 옛날에진짜 말랐다,스포츠
foT03X3ozy8,#LG트윈스 KBO 리그 하이라이트 7월 31일 LG 트윈스 대 한화 이글스 NC 다이노스 대 두산 베어스 #한화이글스 #Nc다이노스 #두산베어스 #korea baseball,Ayato World TV,,스포츠
iOFYzUPk0yE,:::제1회 한국스포츠메세나 시상식 하이라이트 영상:::,YONEX KOREA,많이 아쉽습니다 다음을 기약하며~~~모두에게 화이팅 보냅니다 ||| 코로나가 빨리끝났으면 좋겠네요,스포츠
6QXA9b5Yrl4,KBO리그 하이라이트 SK 와이번스 대 롯데 자이언츠 Korea Baseball League High light SK Wyverns Vs Lotte Giants #SK와이번스,Ayato World TV,,스포츠
MRdewe34-M4,KBO League High light Kiwoom vs Lg KBO리그 하이라이트 키움 히어로즈 대 Lg 트윈스 熱闘韓国プロ野球ハイライト#키움히어로즈 #Lg트윈스,Ayato World TV,,스포츠
h7qm1RKHdh0,KBO리그 하이라이트 12일 LG 트윈스 대 KIA 타이거즈 KT 위즈 대 SK 와이번스 #LG트윈스 #KIA타이거즈 #KT위즈 #SK와이번스,Ayato World TV,,스포츠
SqSwdI83ErQ,FC서울 오스마르 원더골(아빠가 찍었어),허생,,스포츠
lAhmA13zvx8,"[서울SK] 양우섭 vs 안양KGC 1분 하이라이트 25pts with (3pt x7), 연봉 3,500만원 노장의 끝나지 않은 바스켓 스토리!",뷰리뽈바스켓 BeautiBBall basket,양우섭선수 화이팅 ||| 3점말고 골밑 조지는영상은없나요? 노잼이네,스포츠
XE9WwgCZVic,V리그에 '사기캐릭' 등장?! 형들 씹어먹는 19살 배구 괴물 케이타!! 레전드 가빈 · 레오 · 시몬을 뛰어넘는 최고의 외인선수 될까?,스탐,타점 진짜 미쳤다;;;; 우리나라에서 오래오래 선수생활 했으면 ㅠㅠ ||| 다들 열심히 경기하는데 케이타는 뭔가 그냥 즐기는 느낌인데? ㅋㅎㅋㅎ ||| 그냥 존재가 전술 그 자체구나ㅋㅋㅋ ||| 진짜 저건 여기서 썩힐수 없는 재능과 피지컬이다 ||| 저런 선수가 있으면 좋은게 성적도 그렇고 분위기 자체가 엄청 끌어올리니까 같은 팀선수들도 분위기 타서 연습과 경기해서 도움이 많이 될듯,스포츠
BCda6i5UaGk,[예체능][배구 하이라이트＃17] 세계 랭킹 1위 김연경의 특훈!! 근데 오자마자　오만석을 폭행한 김연경 선수?!ㅋㅋㅋ,KBS Entertain: 깔깔티비,배구가 있는 곳에 어김없이 그녀가 있음..진짜 남자배구 여자배구 떠나서 배구가 재밌는 스포츠라는 걸 알리려고 오래전부터 노력해온 그 마인드와 진정성이 놀랍다 못해 존경스러움.. ||| 김연경은 진짜 국보급... ||| 김연경 왜이렇게 웃긴거임ㅋㅋㅋㅋ몸개그도 ㅋㅋㅋ ||| 김연경선수 진짜 멋있네. ||| ㅋㅋㅋㅋㅋㅋㅋㅋㅋㅋㅋㅋㅋㅋ재밌다 항상 배구의 재미를 널리 알리려고하는 김연경 멋있다 언제나 응원합니다,스포츠
4tQOJ_gmG0c,"차은우, ‘전설’ 서장훈으로부터 배우는 가뿐한 레이업 슛 | 진짜 농구, 핸섬 타이거즈 | SBS Enter.",SBS Entertainment,핸썸타이거즈 2가자 진짜로.. 이것만큼 마음 졸이면서 본 스포츠 예능 없음 진짜ㅠㅠ 선수 한명한명 진짜 농구 진심으로 하는거 느껴졌고 서장훈도 진짜 너무 멋있었음 감독 그대로 시즌 2가자❤ ||| 차은우가 배우려는 자세가 좋으니까 서장훈이 차은우 예뻐하는게 보임. ||| 서장훈 멋있다 ||| 와 서장훈 진짜 역대 최고의 선수답다 그냥 말하는게 전부 올팩트 분석 완전 정확 ||| 장훈이형 공 한손으로 잡는거 개간지나네 ㅋㅋㅋㅋㅋ,스포츠
amKAb2A0WnQ,[예체능][농구 #12-1] 연예인 농구 1등 '김혁' 하이라이트 모음,KBS Entertain: 깔깔티비,고2때 엄청 늦게 선수생활시작해서.. 대학에서 서로 데려갈려고했음.. 예체능출연당시 30대 중후반 나이에도 덩크 가능..20대였으면 얼마나 더 잘했을까ㅋㅋ ||| 5:35 초 멋있었다 ||| 초반에 보고 덩크하것는디 했는데...후반에 진짜 하네 ㄷㄷㄷ~~~185센티에 점프력 대박이네요.. 와~~~역대급이다. 그냥 농구선수네~~ ||| 진짜 집중력만큼은 프로못지 않네ㄷㄷ골 들어가는 순간까지 손끝감각 유지하는게 느껴진다 ||| 5:41 이건 진짜 놀랍다,스포츠
flv_c3UxyCE,"'농구의 신'이 온다면 이길 수 있을까? 스포츠가 생긴 이래 최고의 팀, '드림팀 1기' 1992 올림픽 미국 농구대표팀!",스탐,"저게 바로 말로만 듣던 전설의 레전드, 꿈의 드림팀이군요 ||| 전부 레전드네 ㄷㄷㄷ 다시나올수없는 전설의 팀 ||| 감독님 오늘의 작전은 화이팅이다, 다치지말자 ||| 당시 NBA에서 제일 잘하는 거에 더해서 선수 하나하나가 모두 NBA역사에 기록될 선수들이 한꺼번에 다 나왔던 팀 ||| 맴버 하나 하나 레전드에 공수 완벽에.. 우스게 소리로 서로 포지션 바꿔 뛰어도 레전드를 만들고도 남았던 지구 방위대;; 두번 다시 못볼 라인업 이였죠",스포츠
l6Z7BbaxEeM,이승준 농구 점프력 vs 김요한 배구 점프력 l #비디오스타 l EP.180,MBC every1,2009년에 30대 초반의 나이에 한국에 와서 KBL초토화 시키고 순식간에 국가대표 승선까지 했던 선수입니다. 국내선수 가운데 한번도 보지 못한 탄력과 화려한 덩크로 시선을 사로잡았고 그의 애국심 또한 대단했죠 ||| 김요한 첫 점프하고 다리접히고 다음에 다리펴면서 점프 치는거 멋있네... ||| 한국말 실화냐.  ㅈㄴ 멋지다. 노력한 모습들이 ||| 1:54 와 기럭지 존나멋있네ㅋㅋㅋ ||| 아 승준이행님 여전히 간지 나는데  점프력 마이 낮아지셨네 ㅠㅠㅜㅜㅜ 3:3 올림픽 파이팅입니다 와 근데 김요한이 돈에 스파이크 때릴자세네 ㅋㅋㅋㅋ,스포츠
Zi69GjH27Rc,2002 부산 아시안게임 남자배구 결승 대한민국 vs 이란 [습츠_명승부 리턴즈],스브스스포츠 SUBUSU SPORTS,실력도 실력이지만 저 자기 상대적 피지컬단점을 보완하기 위한 혼을 실은 저 풀모션 폼은 지금 다시봐도 속이 시원하다.. 그 폼보려고 지금 본것인데 역시 ||| 농구 배구 양쪽다 단군이래 역대급 스쿼드와 경기력 이었던 시절 진짜 요즘 모습은 한숨만 나옴 ㅜㅜ ||| 진짜 신진식은 저 신장에 타점이 말도 안된다 거의 내려꽂네ㅋㅋㅋㅋ ||| 신진식은 레전드 중에서도 원탑이지! ||| 저렇게 잘했던 선수들이 감독할라니까 얼마나 힘들겠어 마음대로 다들 안움직여주니깤ㅋㅋㅋㅋ,스포츠
y15Gv9zWmoc,1인칭 배구 / 스파이커 시점/ 하이큐/ 고등학생/ 하이라이트/ ep.18,KuKu Sports,그냥 촬영하는 사람인줄 알았는데 공날라오길래 개놀랐네 ㅋㅋㅋㅋㅋ ||| 7:06 세터 센스 무엇... ㄷㄷ... ||| 배구가 룰이 이해하기 쉬운편이라 그런가 운동경기 입문자로서 볼때 제일 재밌음 ||| 0:19 멍때리면서 보다가 움찔했다... ||| 2:13 서브 개잘치네 ㄷㄷ,스포츠
zKKwBLEjp44,1분 넘는 랠리 실화?! 여자배구 한일전에서 나온 '힘들지만 통쾌한' 역대급 랠리!,스탐,"원더독이 나를 여길로 이끌다니 ㅋㅋㅋㅋㅋ 여자배구 1도 안보던 내가 이렇게 재밋게 볼일이야 ㅋ ||| 역시 한일전에서는 그 어느때보다 두배이상의 힘과 집중력을 발휘함이란...대한민국 여자국대 배구팀원님들 고생하셨고 감사합니다 ||| 가위바위보도 지면안되는 나라들 답다 ||| 0:47 와,,, 서브 오져 ||| 여기서도 박정아 선수가 끝냈었군요 멋진 랠리 너무 잘봤어요",스포츠
a60bDfKDR38,♨핫클립♨ 배구 황제 김연경(Kim Yeon-Koung)vs아는형님 7인의 손에 땀을 쥐게 만드는 배구 대결♨ #아는형님 #JTBC봐야지,JTBC Voyage,"멋있음. 안봐준다면서 점프 한번을 안함 ㅋㅋㅋㅋㅋㅋ 사뿐사뿐 누구보다 쉽게 잘 놀아줌 ㅋㅋㅋㅋㅋ ||| 배구쌤이 학생들 놀아주는거 같음 ㅋㅋㅋㅋㅋㅋㅋㅋㅋㅋ ||| 김연경 ㄹㅇ 기분좋게 살살 봐주면서 하는거 호감이네 선수들 자존심쌔서 이런거 1점먹히면  빡세게하는사람 많던데 방송 살리려고 살살하네 ㅋㅋ ||| 갓연경 쌈자가 리시브 안정적으로 잘하는거 캐치하고, 일부러 게임 랠리 잘 되게 하기 위해 쌈자위주로 서브 주는거 실화냐.. 방송도 잘 아는 그저 갓.. ||| 규칙 안 지켜도 다 봐주면서 슬슬 게임에 같이 스며들 수 있게 리드해주는 거 진짜 치인다....일부로 여유롭게 봐주면서 랠리이어가고 경기유지해주면서 몸 움직이기싫어하는 희철이가 즐길정도로 해주는 거면 얼마나 자연스럽게 받아주는거야...여러분 배구 진짜 재밌어요...점심시간에 애들이랑 매일 배구 배드민턴했음 되게 접하기도 쉽고 미니게임으로 승점내기도 재밌습니다...많이들 배구에 관심 가져주세요...",스포츠
HROXGEoSfGQ,MVP 허훈이 쿠로코의 농구를 본다면?,뽈인러브,골대부수기가 제일 현실적 ㅋㅋㅋㅋㅋ ||| 봐도 봐도 웃곀ㅋㅋㅋㅋㅋㅋㅋㅋ 허훈 선수  말같지도 않은 소맄ㅋㅋㅋㅋㅋㅋㅋㅋㅋㅋㅋㅋㅋㅋㅋㅋ ||| 농구씬만 나와서 다행이다...다행이다... ||| 농구 기술 나와서 이정도지 명대사 나왔어봐 이미 수치사했어; ||| 현실감 넘치는 식빵언니의 하이큐리뷰 보다가 알고리즘에게 머리채 잡혀서 일로와봤는데 씨벌 끝까지 못보겠엌ㅋㅋㅋㅋㅋㅋㅋㅋㅋㅋㅋㅋㅋㅋㅋㅋㅋㅋㅋㅋㅋㅋㅋㅋㅋㅋㅋㅋㅋㅋㅋㅋㅋㅋㅋㅋㅋㅋㅋㅋㅋㅋㅋㅋㅋㅋㅋㅋㅋㅋㅋㅋㅋㅋㅋㅋㅋㅋㅋㅋㅋㅋㅋㅋㅋㅋㅋㅋ 뿌엨ㅋㅋㅋㅋㅋㅋㅋㅋㅋㅋㅋㅋㅋㅋㅋㅋㅋㅋㅋㅋㅋㅋㅋㅋㅋㅋㅋㅋㅋㅋㅋㅋㅋㅋㅋㅋㅋㅋㅋㅋㅋㅋㅋㅋㅋㅋㅋㅋㅋㅋㅋㅋㅋㅋㅋㅋㅋㅋㅋㅋㅋㅋㅋㅋㅋㅋ,스포츠
nUhkJdcb_6I,월클 배구 선수가 배구 만화 하이큐를 본다면?,식빵언니 김연경 Bread Unnie,"안녕하세요. <하이큐!! 터치 더 드림>이 2월 1일 정식 출시되었습니다. ||| 하이큐보다 더 비현실적인 설정은 김연경 선수죠 중학교때까지 키가 작아서 리베로, 세터하다가 갑자기 20cm 크고 고등학생 신분으로 성인 국가대표 씹어먹고 프로 데뷔하자마자 전 시즌 꼴찌팀 우승시키고 6관왕(신인상, 득점상, 공격상, 서브상, 정규리그 mvp, 챔피언결정전 mvp)! 3번의 무릎 수술, 흥국생명과의 소송, 배협의 열악한 지원 등 많은 고난이 있었지만 그걸 이겨내고 매시즌 트로피와 상을 받고 메달 따지 못했는데도 런던올림픽 mvp  & 득점 세계신기록 보유!  클럽 경기에서 최고의 대회라고 뽑히는 유럽 챔피언스리그에서도 MVP & 동양인 최초로 유럽팀 주장까지! ||| 애초에 연경선수 인생이 만화임.  고1까지 170이여서  리베로까지 준비했는데  진짜 신이  '아이쿠  키를 준다는걸 까먹었었네'  하고  키를 냅다 들이 부은거 마냥  20센치 이상 커서  월드클래스  공격수가 되었는데 ㅋㅋㅋㅋㅋㅋㅋㅋ ||| 분위기가 왜 이렇냐는 말이 왜 이렇게 웃기죠ㅋㅋㅋㅋㅋㅋㅌㅋㅋㅋㅋㅋㅋㅋㅋㅋㅋㅋㅋㅋㅋㅋㅋㅋㅋㅋㅋㅋㅋㅋㅋㅋㅋㅋㅋㅋㅋㅋㅋㅌㅋㅋㅋㅋㅋㅋㅌㅋㅋㅋㅋㅌㅋㅋㅋㅋㅋㅋㅋㅋㅋㅋㅌㅋㅋㅋㅋㅋㅋㅋㅋㅋ ||| 재능은 피워내는것 센스는 갈고 닦는것... 이거 너무 김연경 선수를 위한 대사 같음... 실제로 키가 작았어서 그 당시 할 수 있었던 수비 센스를 갈고 닦았고... 키가 크자마자 곧 바로 재능을 피워냇잔아... 나 울어... 언니가 인간 하이큐다...",스포츠
eHkhlQ2JOeI,2002 부산 아시안게임 남자 농구 준결승ㅣ대한민국 vs 필리핀 [습츠_명승부 리턴즈],스브스스포츠 SUBUSU SPORTS,진짜 이거 아니었음 금메달은 없었지...대박 맥도웰 이상민 조성원 추승균 이때가 그립당... ||| 다시봐도 최고의 슛 농구선수 이상민은 진짜 최고였음 영원한 우리의 상민오빠💙 ||| 와....진짜 다시봐도 미친 훼이크다....어떻게 저런 훼이크를.... ||| 역시 스타는 괜히 스타가 아님 ||| 필리핀 마지막에 자유투 2개 다 놓친것에 이상민 그 긴박한 순간 두명 달려드는 것 침착하게 피하고 3점슛 버저비터~! 진짜 저때 너무 짜릿했음^^,스포츠
dQAqT8FfxyU,미국 농구 캠프에서 일어난 일🏀🔥 (치열한 자존심 싸움),동농커리 DongNong Curry,"난 전 흰얘가 저런 도발에 안말리고 감정 다스리는게 ㄹㅇ 존경스럽다 난 축구할따 신경전 붙으면 절대 저렇게 못하겠는데  ㄷㄷ ||| 2:15  여기서부터 소름... ||| 흰색 옷 선수가 넣었을 때 상대 팀 관중까지 난리인 거 보면 팀 상관없이 사랑받는 선수인 듯 ㅎㅎ 어릴 때도 저정도 멘탈이면 크게 되겠네 ||| 얼굴에 공 날라왔는데도, 똑같이 도발하기 보다 실력으로 보여주려는 태도가 진짜 멋있다. ||| 흰 옷 친구가 수비 벗겨내는것도 좋고 파울을 잘 얻어내는것 같네요. 팀으로 봤을때 잘 어울린다는 느낌이에요.",스포츠
gMt_R4V_7Ww,2014 인천 아시안게임 여자배구 결승 대한민국 vs 중국 [습츠_명승부 리턴즈],스브스스포츠 SUBUSU SPORTS,"놀랍게도 이 경기에서 김희진은 주공격수인 라이트가 아니라 미들 블로커인 센터로 뛰었읍니다만… 3세트만에 16득점을 해버리는,,, 김연경: 희진이가 오늘 미쳤다 ||| 5:49 와...뒤에서 달려와서 스파이크 때리는 거 진짜 너무 멋있어요..... ||| 이땐 정말 높이도 실력도 다들 최고였네...매년 티비에서 틀어줄만큼 인천아시안게임은 명경기였다ㅠㅠ ||| 김희진 김연경은 둘다 속공 백어택도 좋고 블로킹도 좋다는거.. ||| 김연경도 김연경인데 김희진이 진짜 잘했다",스포츠
C5-b7u7JFug,농구 클린샷 소리 듣고싶은 분~,끼루루루룩,뜨기전에 고정좀 해주세요 ||| asmr이네요~ ||| 주접 떨지 마세요,스포츠
GZQ2mIls7XM,12살 유소년 선수의 버티맥스 농구 트레이닝🏀,MOVE IT!,나도 해보고싶다 이런거 ||| ㄹㅇ ㅋㅋ ||| 트레블링 ㅋㅋㅋㅋㅋㅋㅋㅋㅋㅋㅋㅋㅋㅋㅋㅋㅋㅋㅋㅋㅋㅋㅋㅋ폼만 뒤지게잡네,스포츠
D9sOtpTRbi0,순천향대학교 농구공 멀리 던지기 체대입시 실기,개구리,"지나가는 체대생인데요 이게 뒤에서 찍은거라 체감이 안 날텐데 옆에서 보면 진짜 우와 소리 나요 농구공 던지기 힘들고 자세도 정말 중요한 만큼 집중하고 자세 잡느라 던지는 시간도 걸리는 건데 댓글 답답하다.. 저거 허리 진짜 아파요ㅜ 제목도 농구공 던지기지 농구공 넣기도 아닌데 체대생이 뭔 선수도 아니고 선수도 못 할텐데.. 그나저나 저 배구화 추억이네요ㅋㅋㅋㅋㅋㅋㅋ ||| ' 한국인이 제일 싫어하는 속도 ' ||| 처음: 어 왜 가만히있지 멈췄나 중간: 뭐야 찌부당함 왜 끝: 워우 개멀리가네 ||| *""그의 허리가 활처럼 휘었다""* ||| 뒷태가 잘생기셔서 건너 뛰기없이 끝가지 봤습니다",스포츠
IMpbN-r7fSQ,라이벌전 가장 인기많은 농구선수는?! (feat: 이상민앞에 평등하다) [옥탑방의 문제아들/Problem Child in House] 20200818,KBS Entertain,이상민 인기는 농구 역사상 다시는 나올수 없는 ... . ||| 연대빨로 인기있었던 선수들도 프로팀가면서 인기떨어졌는데 이상민은 오히려 인기 더많아지고 은퇴하고 감독되서까지 팬들 끌고다니는 유일한 대한민국 초특급 농구스타 ||| 백번공감~그 당시 이상민 정말 멋있었다~게다가 실력도 레전드야😍 지금도 감독포함 KBL인기투표하면 1위 한다 ||| 이상민선수는 지금봐도 멋있어요~~ ||| 진짜 이상민은 실력도 실력인데 특유의 간지와 아우라때문에 인기 쩔었던 듯...,스포츠
QzFqs1eCsHs,2018 아시안게임 남자배구 대한민국 VS 대만 FULL 버전,다시보는스포츠 영상,서재덕 멋지다 ||| 윤성호 캐스터.이상열 해설위원 ||| อ่อ,스포츠
cyTfiqhzsSU,버티맥스와 함께 배구 트레이닝!,도일몰,,스포츠
BJqINh53e5A,레벨이 다른 심사위원끼리의 농구 대결! 농구선수 출신들과 그에 버금가는 실력자들의 레전드 경기 | #깜찍한혼종_리바운드 | #Diggle,tvN D ENT,3:30 현주엽 막으러가는 이동준 표정 싱글벙글ㅋㅋㅋ 수비하는 척이라도 해볼까?  하는 표정 ||| 주엽이 형 숨을 크게 쉬었어 나만 귀엽냐 ㅠㅠㅠㅠ ||| 숨을크게 쉬었엌ㅋㅋㅋㅋㅋㅋㅋㅋ ||| 5:44 박꼰대ㅋㅋ 젊다ㅋ ||| 14:20 홍대 레전드 홍대 상꼬맹이 고고 ㅋㅋㅋㅋ,스포츠
FUevhsgeGPg,[체대입시] 농구공던지기 26m,김체대,조상님께서 어떻게 행주산성응 지키셨는지 이해가 갑니다. ||| 체대기준 20미터던지면 잘던지는학생에 축합니다 26미터는 정말잘던지시네용ㅎㅎ ||| 에...에에....에.....에에.....에취!!!!!!!!!! ||| 뒷모습만 봐도 훈훈하구먼 ||| 부우우우우웅~날라가는데 거리가 멀어서그런가 시간도 꽤나 걸리네요 싱기해요!!! ㅎㅎ,스포츠
AWE-VrWliuQ,명지대학교 농구실기 1등급영상,개구리,잘하시네요 ||| 11년도에 이거 전체2위 소리들을 정도로 하고 배구 첫공놓치고 광탈함 ㅠㅠ 그후 재수하고 일반문과로.. ||| 파이팅~ ||| 와 이걸 빠르게 하는 게 평가라고? 이러니까 농구가 망하지 ||| 하는건 쉽지 근데 그걸 누구보다 빠르게 하냐 이 차이지 100m 달리기 완주를 누가 못하냐 빨리 달리는게 힘든거지,스포츠
pCtOc049FBA,거의 농구선수 (화남주의) basketball player,Xavi로드- 나만 따라오면 된다고 봐,ㅋㅋㅋㅋㅋ ||| 아...안들어가는건 이해한다...왜 삐뚤게 던지는겨..ㅡㅡ,스포츠
DpBxcNv49Rc,초2 농구 3점슛,빅조,와 넣는건 둘째쳐도 초2가 3점까지 거리가 된다는게 더 신기하네. ||| 알고리즘타고 초2한테 열등감느끼는 사람들 유입됐네ㅋㅋ ||| 초딩 2학년이 저 거리 던지는게 ㄹㅇ 대단한건 ||| 이야 멋있다잉~~ ||| 슛 자세 갖고 훈수두는 사람들 특) 본인들은 초2때 농구는 커녕 구석에서 쳐맞고 살음,스포츠
EG761VUT3Ig,농구 슛폼 슬로우 모션 Basketball shooting form slow motion,MS S,2탄 https://youtu.be/9AvSOhnBjl4 ||| 제가 찾고있던 바로 그 영상입니다. 감사합니다. 아들한테 보여 줘야지 ||| 멋있다 멋있어 ||| 와 진짜 이쁘다 ㅋㅋㅋㅋㅋㅋㅋ ||| 이렇게 던지면 쏠 맛 지대로 날듯ㅋㅋ아 개부럽네ㅋㅋㅋㅋ,스포츠
Edye4DNOwnM,농구 드리블&순간가속 트레이닝 with 버티맥스,MOVE IT!,뒤에 있는거 움직면 ㄹㅈㄷ ||| good,스포츠
iTGn-6zPYMs,2m가 두명??? 전국우승 고딩 vs 한국농구레전드... 그 결과는???,터치플레이TOUCH PLAY,"★전주고 승부예층 당첨자 공지★  star 농구공 당첨자 : 마시마로  맘스터치 상품권 : Sunhwa Kwon / 이름없어 / 고은혁 / 권혁진 / Heejae Hong 당첨되신 분들 축하드립니다~!(이메일로 안내 메일 발송해드리도록 하겠습니다)  ＊터치플레이 이벤트는 계속됩니다!!! ||| 발목 절 면서까지 친정이라고 뛰는 승진이형!! 멋지다 진짜!!! ||| 미국 고교농구 상위 탑 랭커 엘리트 선수들 모아  방송매체와 대중들에게 알리는 '맥도날드 올어메리칸 올스타전' 이 있듯이 맘스터치도 한국 고교 유망주들을 위한 유사한 대회를 매년 주관하면 어떨까 하는 생각이 듭니다, 미래 스타 등용문이 될 수 도 있고 농구의 부흥과  맘스터치라는 브랜드 이미지도 스포츠 마켓팅을 통해 다양한 변화들을  노릴 수 있는 좋은 소재라는 생각이 순간 들었습니다, 고교농구 선수들의 플레이가  kbl , 대학농구보다 훨씬 인상적이고 재밌네요, 성장하는 아이들의 미래가 밝아야 우리 kbl 이 건강해진다는 생각이 이런 컨텐츠를 보면서 매번 드네요. 맘스터치 훌륭합니다 ||| 우지원 미쳤다 47살에 저렇게 슛감이 좋냐....진짜 90년대 농구대잔치 멤버들..레전드 오브 레전드 ||| 진짜 우지원 해설위원님 대단하네요. 참고로 얼마나 나이가 많은가 하면 당나귀귀에 나온 현주엽이랑 서장훈보다 형입니다.",스포츠
36HdAPDyFZI,[농구]박스타 직캠하이라이트 2라운드 4강전vs아프리카프릭스,천상프로,,스포츠
L0EhbUOS-pg,농구 레전드 허재(Huh Jae)-현주엽(Hyun Joo-yup)의 유치뽕짝(?)한 자존심 싸움🤣 뭉쳐야 찬다(jtbcsoccer) 74회 | JTBC 201206 방송,JTBC Entertainment,"우리나라 역대 남자농구 선수중 올림픽 두번이나 나가본 선수 허재밖에 없음... 지금 20년 넘게 우리나라 남자농구 올림픽도 못 나가는거보면 올림픽 두번이나 출전한건 진짜 대단한거임 ||| 허재없었으면 메달이 아예 없었을수도 허재는 정말 독보적이었지 ||| 허재는 마냥 내내 우러러보였고, 주엽이는 귀여워서 인기 많았지.. ㅋ ||| 와 현주엽 무도로 예능 처음 나왔을 때 완전 얼어있던게 엊그제 같은데, 방송 왜이렇게 늘었냐 ㅎㅎㅎㅎ 개인적으로 국농에서 제일 좋아했던 두선수였음 ||| 두 분 너무 웃겨요..친한거 눈에 다 보여용",스포츠
OSepoj_MRGw,'빅맨' - 평범하게 살고 싶었는데 농구를 너무 잘해버렸다?!,네이버웹툰,웹툰 보러가기 👉 https://webtoons.naver.com/bigman2 ||| 광고를 이렇게나 때린 빅맨은 흐지부지한데 정작 광고고 뭐고 홍보 암것도 안한 가비지타임이 미친듯이 뜨고있는게 학계의 정설이라니ㄷㄷ ||| 가비지 타임이나 홍보해줘 제발 ||| 가비지타임도 만들어줘요 ||| 이 작가는 그림 작가 따로 구하는게 맞음,스포츠
WDdGeKJZWOk,Kbl 레전드 버저비터,Kangminsoku,직관한 사람 입장에서는 그날 경기에 나온 버저비터 만큼 레전드 인게 없습니다. 다들 억까 하시는거 같아서..감히 말씀드립니다 ||| 저것도 대단하지만 LG시절 시래선수에 23m 버저비터를 잊지못하네요...크 짜릿했어요 ||| 영상보자마자 직관한 사람 부러워지네 ||| 이분 사실 포경남입니다... ||| 댓글에 찐따들이 왜이렇게 많냐  친구가 신기한거 보고 “와 대박.” 하면 “대박까진 아닌데..” 중얼중얼 거릴 놈들인가,스포츠
u4UuT12ugwE,10시간동안 농구 슛만 연습하면 실력이 얼마나 늘까? feat.하승진,대생이,나한테 자유투를 배우러오는 사람이 있다니..  정말 놀랍군... ||| 3:17 승진이 형님 등에 문신... 무섭구만.. ||| 너무 높아서 카메라 각도가 높아짐ㅋㅋㅋㅋㅌ ||| ㅋㅋㅋㅋ 진짜 처음보다 실력이 다 ~ 느셨어요  대박~!♥ ||| 승진이형은 그냥 톡. 하는데 승주형은 (점프) 슛을 하네 ㅋㅋㅋㅋㅋㅋㅋ,스포츠
0y_sGt-y_y0,[농구]박스타 직캠하이라이트 2라운드 결승전vsDSB,천상프로,약간 이렇게 보니까 발작버튼 누른거 같네..헤지가 ㅋㅋㅋㅋ ||| 천녀님 영상 감사해욥 ㅎㅎ ||| 스타형 드리블 ㄷㄷㄷㄷ ||| 그냥 진짜 잘하네요.. ||| 잘한다.... 페이크가 미국스럽게 부드럽지 않고 좀 잔망스럽지만... 개잘한다 진짜,스포츠
XOeXtfRJJUE,버티맥스 x 농구 풋워크 트레이닝,MOVE IT!,,스포츠
JKp0Grya-J4,[위클립] '배구팬이라면 봐야할' 2019~2020시즌 🔥남자부 명장면 조회수 TOP10🔥,KOVO,하이큐 보고 오니까 무슨 상황인지 대충 알아먹을 것 같아서 재밋음 ㅋㅋㅋㅋㅋ ||| 아니 하이큐 보니까 리시브 수준이 ㄹㅇ 탈인간이길래 '아 그냥 애니라서 조금 과장된거겠지..?' 했는데 ㅅㅂ 진짜 그런 리시브를 현실에서 하시는 선수분들이 계시네...존경합니다 ||| 2위 ㅠㅠㅠㅠ 제 최애경기.. 저날 우리카드 케이비전은 명경기였죠 국가대표리베로vs국가대표리베로 디그대결..! 케비팬으로서 눈물의 시즌 첫연승이라 더 의미있었구요ㅠㅠ 다음시즌엔 저런 경기가 더 많이 나오길💪🏻 ||| 성민 선수의 수술때문에 갑작스럽게 주전으로  들어간 첫 시즌인데도 겁나 잘해 ㅠ ㅠㅠㅠㅠ   다들 오은렬 리시브할때  소름 안끼쳤다고?ㅠㅜㅜ  신인상 우리 은렬선수 당연한고아닌감 .. . ... 역대 두번째 리베로 신인상 타자 은렬아ㅠㅠㅠㅜ ||| 갑자기 느끼는건데 1:53 이분 헤어도 그렇고 때리는거 겁나 시원해서 현실판 아사히같음,스포츠
fx09IeQfLb8,과연 현역 프로 농구 선수는 야구도 잘할까? | 인생이체육,야신야덕,"그냥 하루 잼게 놀다보니 촬영끝!!!ㅋㅋㅋㅋ 자밀워니, 김선형, 최준용 선수 응원 더 많이 해주세요!!!!!!! 다음편은 농구를 배워볼까아요....? . 아 그리고 Sk선수들의 다양한 영상을 볼 수 있는 SKILKE 구독도 많이 해주세요~~~!!♡ ||| 김선형은 농구선수들 중에서도 운동 신경 자체가 특출난 선수라 그런지 원리만 가르쳐줘도 공이 제대로 긁혀서 나가는게 보이네요. 농구도 공을 긁는(?) 감각이 얼마나 섬세하느냐에 따라서 슛, 패스의 질이 달라지기 때문에 원리는 비슷하다고 봅니다. ||| 역시 운동하는 분들이라 다르구나.. 다들 손끝감각이랑 스냅이 좋네요. 요즘은 농구 잘 안보는데 김선형 선수 가드인데도 덩크까지 가능한 운동능력을 보고 있으면 즐겁습니다. 최준용선수도 실력도 좋고 통통튀는 재미도 좋고.. 김선형 선수는 어깨 유연성이 놀라울 정도네요. ||| 진짜 텐션 최고입니다~저도 직접 받아보고 싶네요⚾️정말 팀워크도 좋아보이고 멋진팀같아요🏀 ||| 야구 오래한 야구인에게 글러브: 공을 잡기 위한 도구 야구 처음 하는 농구인에게 글러브: 세레머니 도구",스포츠
g2YEZCZDJn4,[구기]농구 잘하는 방법 3탄 3가지 꿀팁 🏀(슈팅 동작&  손그립& 방법),새우쌤,딥할때 공을 최대한 몸에 붙이라는 말씀이 저에게 많은 도움이 될 것 같아요! ||| 가르쳐주셔서 감사합니다 ||| 묘하게 새우가 땡기네요ㅎㅎ ||| 3번째 팔로우 할때 한쪽 팔만 뻗으면 되는건가요? ||| 백보드샷 어디에 맞추나요,스포츠
Xu05GcLHGNw,[Ep.04] '살벌하다 살벌해' 여자프로농구 신경전 모음,B & B,이주연 눈망울봐ㅋㅋㅋ 저기에 대고 어찌 화를낼 수 있겠어ㅋㅋㅋㅋ ||| 오늘부터 이주연 팬이다 매너도 얼굴도 일등이네 ||| 0:37 와 저게 매너지! 큰싸움 안나게 바로 사과하는게 멋지네 이쁘기도 하네ㅠ ||| 0:37 귀엽 ㅋㅋㅋ ||| 이주연선수 너무귀엽다 ㅠㅠ바로 쏘리 ㅠㅠㅠㅠ너무착하다 세상에 ㅠㅠ,스포츠
sZkBv-vmt8Q,농구 순발력과 점프력을 향상시키기 위한 스쿼트 응용 운동,헬스컬레이터,감사합니다 ||| 좋은 영상 너무 감사드립니다~ ||| 항상 좋은 정보 감사합니다 ||| 정말 유익한 채널이네요 ! ||| 오랜만이네요! 기다리고 있었어요,스포츠
mvVJ9zHpLi4,프로농구선수 출신 '소년공방' 김일두 대표 [W성공스토리],우리방송국,아이들에게 늘 사랑으로 대해주시는 김일두 원장님 최고 :) ||| 김일두(전직 농구선수) - 국보급의 농구황제!,스포츠
l4BFs9bnHxU,3학년 e스포츠 중계방송,리섭인,,스포츠
T1tG8zar4GY,[2020 아이돌 e스포츠 선수권 대회] [레이싱게임 스피드 팀전] NCT를 재치고 SF9&N.Flying 결승 진출👏🏻 MBC 201001 방송,MBCentertainment,"아구 우리 정우 아쉬워서 눈물 그렁그렁한것 봐.. 잘했어 얘들아~!! ||| Waaa NCT almost win!, you did well Jungwoo don't worry 💚 ||| Owww... Jungwoo is sooo soft. No one dare hurt him. ☺️. Its ok jungwoo, you guys are still our pride ||| Whoahhjh Jaeyoon and Youngbin are so cool!!!!!!!! ||| SF9 THE BEST❤👏",스포츠
zikOJhAQaNY,[2020 아이돌 e스포츠 선수권 대회] [레이싱게임 아이템 팀전] 최예나의 하드캐리로 아이즈원&나띠 결승 진출! MBC 201001 방송,MBCentertainment,예나 개잘하네 ㅋㅋㅋㅋㅋㅋㅋㅋ ||| 역시 우리 예나에게는 예능신이 있어 ㅎㅎ 정말 극적으로 결승점에서 물풍선 맞고 결승 올라감 ㅋㅋ ||| 오리옌 못하는게 뭐야 ㅠㅠ 겜 춤 노래 오리가 만능오리였네 ||| izone's tom and jerry were the aces during e-games! ||| 못하는게 뭐야 우리 예나ㅋㅋㅋㅋㅋ 만능오리 흥해라!,스포츠
EjRefyEPvWU,[2020 아이돌 e스포츠 선수권 대회] [레이싱게임 아이템 팀전] 우승은 NCT! 승리의 세리머니~🥇 MBC 201001 방송,MBCentertainment,열심히 스피드전 연습해놓고 아이템전 우승해버리는 네오한 아이돌 ||| 이건 진짜 제노가 뒤에서 계속 대기 타고 아이템으로 공격만 했던 게 레전드... 안 잡혀서 아쉽다 ||| 제노 카트 졸라 잘 하면서 멤버들 앞으로 밀어주려고 뒤에서 아이템 공격한 거 진짜.. 하.. 왜 발리지? ㅠㅠ ||| 원래 이제노 카트 겁나 잘하는데 뒤에서 게속 아이템으로 공격하는 거 너무 발려 ㅠㅠㅠ ||| 야 근데 애들 대단하다 나 같으면 하다가 욕 몇번 뱉고 핸드폰 집어던져서 인성논란 자필사과문 썼음,스포츠
xEBix_keCKM,[NCT] 2020 아이돌 e스포츠 대회(아육대) 천러 도와주고 천러한테 칭찬 들은 지성이,천회장님,,스포츠
X9P2FaoQ208,[2020 설특집 아이돌스타 선수권대회] [ e스포츠 슈팅게임 스쿼드 ] 어느새 역전이 되어버린 상황! 치킨은 누구의 몫인가!,MBCentertainment,물론 다른 팀 아이돌들이 배그에 그다지 안익숙해보이는것도 있긴한데 박지훈이라는 분 시야도 상당히 넓은편인데 에임도 깔끔한편인듯 ||| 박지훈은 진짜 실력 인정해야함.. 겁나 잘해ㅠㅠ ||| 박지훈 게임할때 겁나 섹시해ㅜㅜㅜ ||| 2:17  와 저사이로 쏜다고?  ㄷㄷ ||| 박지훈 m24헤드샷 연속킬 실화냐,스포츠
ciuZh8ozUSI,"[2020 아이돌 e스포츠 선수권 대회] [레이싱게임 스피드 팀전] NCT VS 에이프릴&우주소녀, 4강 진출팀은? MBC 201001 방송",MBCentertainment,"제노 스타트할때 치는거 개웃김 마지막엔 길막ㅋㅋㅋㅌㅌㅌㅌㅌㅋ ㄹㅇ 즐겜러다 ||| SM's biggest spoiler about NCT 2020 was letting dream & 127 play together and tye name in the name tag was only 'NCT' since this was filmed a month ago ||| jungwooooooooooooooooooooo ||| NCT JUNGWOO, HAECHAN, TAEIL AND JENO YOU GUYS DID WELL ||| Jungwoo best boyy",스포츠
7b0ISykAiRI,그것이 알고 싶다! E 축구 관계자들에게 향한 항의! ＂능력치 선정 기준이 뭡니까!?＂ [위캔게임] | KBS 201204 방송,KBS Entertain,,스포츠
h1i92WUIWQM,"[2020 아이돌 e스포츠 선수권 대회] [레이싱게임 스피드 개인전] NCT 정우, ONF 효진, NCT 제노, WEi 김요한 결승진출! MBC 201001 방송",MBCentertainment,이제노 이케 잘달리면서 팀전에서는 팀원들 서포트해준다고 아이템쪽에 서서 아이템공격만 담당한고야ㅠㅜ?  아이템 팀전도 잘하고 스피드 개인전도 잘하고 이제노 대체 못하는게 모냐ㅠ 너가 카트로 미친듯이 코너 돌 때 내 심장도 미친듯이 같이 돌았다 이제노 너어는 진짜••• ||| 제노 진짜 개잘한다 ㅋㅋㅋㅋㅋㅋ ||| 이제노 진짜 잘하고 새삼 잘생겼다는 것도 느낀다.. ||| 김정우 잘했어 ㅠㅠㅠㅠㅠㅠㅠㅠㅠㅠㅠ 귀엽다 ㅠㅠ ||| 내가 게임하는 모습마저 좋아할 줄은 몰랐는데 … 김정우… 이제노 … 내 강아지들 … 이 강아지들아 …. 게임도 잘하는 강쥐들 … 귀엽다… 귀여워 ….,스포츠
uqkd0yr1aII,[2020 아이돌 e스포츠 선수권 대회] [슈팅게임 스쿼드] 우승팀과 MVP 발표! 우승팀은 N.Flying! MBC 201001 방송,MBCentertainment,동성이 진짜 야무지게... 잘생겼따...🥺 ||| YOO HWESEUNG 잘생겼다 ㅠㅠ ㅠㅠ ||| 우리 회승이 멋있었어!!! 엔플이들 최고👍👍👍 ||| 엔플라잉 최고💕💕 ||| Hweseung said no mercy. We have to win because of our extra outfit to save our face🤣🤣,스포츠
XxpjtuPNiAI,[2020 설특집 아이돌스타 선수권대회]  [ e스포츠 축구게임 준결승 ]  ＂ 매서운 공격을 퍼붓는 골든차일드 ＂ 펜타곤 vs 골든차일드,MBCentertainment,Others: focus on the game Me: Wahhh Y&Jibeom visuals are no joke ||| Golden Child - Jiboem & Y ||| Golden Child!!👏👍👍 ||| Golden child 😍 ||| Jibeom! 😍😍😍,스포츠
93SALEMzgIM,[2020 아이돌 e스포츠 선수권 대회] [슈팅게임 스쿼드] 2라운드 2경기! 내리자마자 불쌍한 아이즈원😂 MBC 201001 방송,MBCentertainment,"Shuhua's ""Chenle-nim"" and when Chenle said ""Sorry"" killed me😂  edit: omg thank you for the likes ya'll stan talent stan nct & idle ||| Why chenle's little ""sorry"" is so CUTE ?! ||| Lol Shuhua and chenle ... cute ||| The way izone got massacred as ONE 😂😭 they did great tho, especially kkura during solo round.! ||| izone: eyes on me, when we become one, all pay attention to us.  izone pubg team: we are one thats why we died as one",스포츠
2HmE_g7VPGs,[2020 설특집 아이돌스타 선수권대회] [ e스포츠 슈팅게임 스쿼드 ] 긴장감을 가득 안은 스쿼드 경기 시작! 초반 대 난투!!,MBCentertainment,저 난처한 표정 하는 김선우 닮은 병아리 썸네일 보고 안 들어올 수가 없다 ||| 김선우 왜 다굴 당하는뎈ㅋㅋㅋㅋㅋㅋㅋㅋㅋㅋㅋㅋㅋ ||| 김선우 저 표정 최찬희도 보고 터졌음ㅋㅋㅋㅋㅋㅋㅋㅋㅋㅋㅋㅋㅋㅋㅋㅋㅋㅋㅋㅋㅋㅋ우리는얼마나웃겼겟냐고ㅋㅋㅋㅋㅋㅋㅋㅋㅋㅋㅋㅋㅋㅋㅋㅋㅋㅋㅋㅋㅋㅋㅋㅋㅋㅋ ||| 로투킹 다 모였네ㅋㅋㅋㅋㅋㅋㅋㅋㅋㅋㅋㅋㅋㅋㅋㅋㅋㅋㅋㅋㅋㅋㅋㅋㅋㅋㅋㅋㅋㅋㅋㅋㅋㅋㅋㅋㅋㅋㅋㅋㅋㅋㅋㅋㅋㅋㅋㅋㅋㅋㅋㅋㅋㅋㅋㅋㅋㅋㅋㅋㅋㅋㅋㅋㅋㅋㅋㅋㅋㅋㅋㅋㅋㅋㅋㅋㅋㅋㅋㅋㅋㅋㅋㅋㅋㅋㅋㅋㅋㅋㅋㅋㅋㅋㅋㅋㅋㅋㅋㅋㅋㅋㅋㅋㅋㅋㅋㅋㅋ아나 뭔데 개웃겨 진짜 진심ㅋㅋㅋㅋㅋㅋㅋㅋㅋㅋㅋㅋㅋㅋㅋㅋㅋㅋㅋㅋㅋㅋㅋㅋㅋㅋㅋㅋㅋㅋㅋㅋㅋㅋㅋㅋㅋㅋㅋㅋㅋㅋㅋㅋㅋㅋㅋㅋㅋㅋㅋㅋㅋㅋㅋㅋㅋㅋㅋㅋㅋㅋㅋㅋㅋㅋㅋㅋㅋㅋㅋㅋㅋㅋㅋㅋㅋㅋㅋㅋㅋㅋㅋㅋㅋㅋㅋㅋㅋㅋㅋㅋㅋㅋㅋㅋㅋㅋㅋㅋㅋㅋㅋㅋㅋㅋㅋㅋㅋㅋㅋ ||| 김서누 존나 귀엽다 진짜 ㅋㅋ,스포츠
f1K-PvEBZns,[2020 아이돌 e스포츠 선수권 대회] [레이싱게임 스피드 개인전] 8명 다 예쁜 B조! 누가 누가 결승진출?! MBC 201001 방송,MBCentertainment,우리 대휘 사랑둥휘 💜💜 ||| 울 대콩이 졸귀ㅋㄱㅋㄱㅋ괜찮아 사람이 다 잘할 순 없잖아ㅋㅋ ||| 1:32 yehey eunbi and yena won at 1st and 2nd!!! I'm so proud huhu ||| Uwu eunbi and yena won I’m so proud💙 ||| 대겸이형이 여기서 왜 나와? ㅋㅋㅋㅋㅋ,스포츠
jQNmjTSpsj8,[2020 아이돌 e스포츠 선수권 대회] e스포츠 서바이벌 슈팅게임 라인업! 최후의 승자는 누가 될 것인가? MBC 201001 방송,MBCentertainment,Sakura you are amazing 😍😍😍😍😍 Sakura you did well 😍😍😍😍😍😍😍 ||| NCT DREAM 💚💚💚💚 FIGHTINGG 💪🏻💪🏻💪🏻💪🏻 ||| 💚Nct Dreammmmmm💚 ||| IZONE giỏi lắm ❤❤ ||| OH MY GOSH I CANT BELIEVE MY BABIES IZONE DID WELL,스포츠
tHo_S57mJAc,[2020 설특집 아이돌스타 선수권대회] [ e스포츠 축구게임 준결승 ]  ＂ 그냥 즐겼을 뿐인데~ ＂ 준결승전을 임하는 선수들의 각오!,MBCentertainment,Wannaone reunion ♥️ ||| Kim jaehwan and sungwoon 😍😍😍😍 ||| my wannable heart 💓💓💓 ||| JAEHWAN SUNGWOON! 💓 ||| SF9 Hyung line❤,스포츠
6xcPwvYq-Ig,[2020 아이돌 e스포츠 선수권 대회][광고포함]아이즈원의 승리는 자동차빨?! MBC 201001 방송,MBCentertainment,"1:48 look at that proud smile! and they look so happy winning at 1:57 🥺 you did well eunbi, yuri, yena and natty! ||| Yena and eunbi so skillful ||| Yena pouting her lip is so cute 😍 ||| IZ*ONE PERMANENT ||| Yena our ace",스포츠
ZnaehhCvDlA,[2020 아이돌 e스포츠 선수권 대회] [레이싱게임 스피드 팀전] 펜타곤&몬스타엑스 연합팀 4강 진출! MBC 201001 방송,MBCentertainment,우석이 골드마차? 탄거라는데 팬들이 처음에 저 캡쳐사진만 보구 왜 우리 우석이는 바퀴밖에 않달린거 타냐구 😭😭😭 pentagon did monsta X's follow cover in RTK. Them interacting with each other 🙌 ||| 0:49 if i was there I'll purposely lose just to make yena win and change that pout into a smile HAHAHAHAH cute tho ||| YENA ACE ||| Kihyun❤ ||| Love you MINHYUK & KIHYUN 💗 Monbebe Love MONSTA X 🥰,스포츠
dME3IfgHXK0,[2020 아이돌 e스포츠 선수권 대회] [슈팅게임 스쿼드] 2라운드 우승자는 솔로연합 박지훈! MBC 201001 방송,MBCentertainment,지훈이한테 헤드샷 맞기 누나 새해 소원이야... ||| 오 박지훈 멋있다 배그알못이 봐도 재밌어 ||| 박지훈 개머싯서 ||| 와ㅠㅠ 박지훈 배그 암만봐도 너무 잘해...ㅠㅠ 나도 박지훈 때문에 배그 시작했는데 와ㅠㅠㅠ 박지훈 진짜ㅠㅠㅠㅠㅠㅠㅜㅠㅠㅠ ||| 박지훈 플레이 존멋,스포츠
bA5S5vh7ybE,[2020 설특집 아이돌스타 선수권대회]  [ e스포츠 슈팅게임 솔로 ] ＂ 전략과 대담함이 넘쳐나는 마지막 승부! ＂ 박지훈 vs  하성운!,MBCentertainment,박지훈 저 사람 존나 잘해 . . ||| 박지훈 청순한 얼굴로 원샷원킬할때 소름돋았다구요 게임도 잘하는데 얼굴도 잘하고 미쳤다 진짜 ||| 하성운 셍스 오져ㅠㅠ ||| 박지훈 예쁘게 잘생긴 얼굴로 거침없는 원샷원킬 여포플레이 너무 멋있다... 박저존이라는 별명 붙을 만 하네요 ||| 박지훈 완전 아육대 배그 MVP 그 자체임 진짜 잘하더라 대박임 박지훈 캐리 장난아니었음 #박지훈 #아육대 #parkjihoon,스포츠
BN7V1_6xhKw,[2020 아이돌 e스포츠 선수권 대회] [레이싱게임 스피드 팀전] SF9&N.Flying 4강 진출! MBC 201001 방송,MBCentertainment,Sf9 ❤️ ||| Youngbini😔💜 ||| My supercool babies!!!! 😍 ||| ㅋㅋㅋㅋ SF9 최고!! ||| 우와 진짜 멋있다 우리 영빈 재윤 😍👍,스포츠
zdMK04qtDNk,[2020 아이돌 e스포츠 선수권 대회] [슈팅게임 솔로] 47명을 재치고 개인전 우승한 NCT DREAM 천러! MBC 201001 방송,MBCentertainment,난.. 뭣보다 마지막 천러 한국말.. 너무 잘해서 그게 더 놀랍다... 한국인아니냐 ||| 우리 천러 언제 이렇게 컸냐 평소 같았으면 워후~~~~이거지~!!!!!!! 이러면서 한바탕 뛰어다녔을 텐데 젠틀하게 인터뷰하는 거 보고 자식 다 키운 어머니의 마음 살짝 느꼈잖아.. ||| 천러 게임할 때 나름 진지한것같은데 표정은 왤케 귀엽냐 ㅋㅋㅋㅋㅋㅋㅋㅋㅋㅋㅋ 인상쓴 하리보... ||| 최후 3인이 한중일이야 ㅋㅋㅋㅋㅋㅋㅋㅋㅋㅋ ||| 지붕 좀 달아줘라ㅠㅠ 폰게임하는데 빛 때문에 손으로 가려주고...무슨일,스포츠
PVH83y2_W3M,[2020 아이돌 e스포츠 선수권 대회] [슈팅게임 스쿼드] 2라운드 2경기 N.Flying 유회승 VS 이달의 소녀&공원소녀! MBC 201001 방송,MBCentertainment,엔플라잉 ❤❤❤❤ ||| N.Flying has a good team work 😲👍🏻 ||| 엔플라잉 최고야 사랑해 ㅜㅜ ||| Renjun's curly hair though is super cute! ||| N.Flying 💘💝,스포츠
SizSEcG6Umo,[2020 설특집 아이돌스타 선수권대회] [e스포츠 슈팅게임 스쿼드 ] ＂ 어 뭐야 너무 잘 쏴 ㅠㅠ ＂ 먹고 먹히는 혼돈의 후반부!,MBCentertainment,연합팀이 뭐야ㅜㅜ 워너원이라고 해줘 ㅜㅜ ||| LOL Jihoon killed one team with one bomb he's one scary man 😂 ||| 박지훈 미쳤다 ㅋㅋㅋㅋㅋㅋㅋ ||| 워너블💙💙💙 ||| I can't take it seriously when jaehwan playing battleground 😂 I remember his vlive :'),스포츠
EtBeU_ie_kc,[2020 아이돌 e스포츠 선수권 대회] [레이싱게임 아이템 팀전] 4강 첫경기 펜타곤&몬스타엑스 결승 진출!👏🏻 MBC 201001 방송,MBCentertainment,"i knew Minhyuk and Kihyun would win 🥰  And thanks to Pentagon for being amazing teammates for our Monsta X! ||| Proud of Donghyun nevertheless, golcha you did well! ||| monsta x pentagon interactions are soo precious!! ||| As expected,  Donghyun!!!! Y the fastest in running  Donghyun the fastest in Kart game ||| As a Monbebe and a Universe, my heart was very happy for this event!",스포츠
EufjK_7hVis,[2020 아이돌 e스포츠 선수권 대회] [슈팅게임 솔로] 총 바꿔가며 KILL하는 아시아 랭킹 100위 N.Flying 동성의 실력! MBC 201001 방송,MBCentertainment,아시아 랭커라니 멋지다. ||| 2:11 역시 아시아 랭커라 나보다 더 잘하네 ㄷ ||| 동성이 진짜 너무 귀여워ㅠㅠ베시시 웃는거봐..☺️ ||| Sakura you are amazing 😍😍😍😍 Sakura you did well 😍😍😍😍😍😍 ||| 와...서동성 진짜 너무 멋있다,스포츠
JX30oc3U40U,e스포츠,jeong kim,,스포츠
wyDjQ2RzR38,"[👨‍🏫강의영상] 'e스포츠, 세상을 바꾸는 성덕들의 이야기' (5분 요약)",스마쪼맨SMAZZOMAN,스포츠마케팅에 대한 열정으로 한우물을 아주 깊게 파신 대단한 분입니다. 제가 누군지 잘 모르시겠지만 저는 잘 알고 있지요 허허허. 화이팅!,스포츠
USuxP2DM2zY,[선공개] 월드 e스포츠 대회 스페셜 매치! 〈이길 수 있을까〉 팀의 선제골?! [위캔게임] | KBS 방송,KBS Entertain,응원합니다. ||| 메리크리스마스 ||| 지나가시다 저의댓글을 보신다면 좋아요 구독♡누르시면 내년에 대운이들어와 인생역전되시고 행복해지십니다 ||| 롤도 해주세요. ||| 1빠메리크리스마스,스포츠
wfmjoJY4C0Q,(전국대회)2020대전광역시청소년스포츠한마당 e스포츠대회,대전광역시체육회 청소년스포츠한마당,,스포츠
ud467Qd4KM0,박지훈 아육대 e스포츠 배그,BORN TO BE CUTIE,본격 박지훈 입덕영상 ||| 이때 미모 존잘이었는데....맨날보고싶은 얼굴... ||| ㄹㅇ 박지훈 아무 생각없었는데 배그하는거 보고 존나 멋잇어서 빠짐;; ||| 배그하는 박지훈 개좋아🤭 ||| 와 진짜 게임 집중하는 모습 너무 멋지고 진짜 박저존.. 와 너무 잘하고  잘생겼고... 아 너무 잘생겼어요.. 진짜 게임 집중할 때 그 표정 때문에 또 치이네요ㅠㅠ 아 너무 좋아요ㅠㅠ 앞으로도 열심히 응원할게욥!!,스포츠
QUvLmRyvi60,[2020 아이돌 e스포츠 선수권 대회] [슈팅게임 스쿼드] 2라운드 1경기! 골든차일드 전멸시킨 서동성 MBC 201001 방송,MBCentertainment,"Chenle is pro, remember last year nct dream killing nct dream, that moment is legend ||| 너무 멋있다 동성잉🥰🥰 ||| 동성까아ㅏㅏㅏㅏㅏㅏㅏ 우와...최고다 최고!!! ||| NCT DREAM  legend its play again..specialist all kill and team kill..chenle, jisung, jaemin, renjun..hwaiting..💚💚💚💚💚😂😂😂😂 ||| NCT DREAM 💚💚💚 Renjun Jaemin Chenle Jisung 💚💚",스포츠
YqTAYWGeX4I,"2020 설특집 아육대 E-스포츠 메이킹 연합팀 cut (하성운, 박지훈, 김재환, 이대휘)",마멜,01:05 째니 놀랐어ㅠㅠ 귀여워ㅠㅜㅠ 옛날에 약속해요 뮤비 촬영 때 도..❤,스포츠
LFPg-Syg-X4,[선공개] 월드 e스포츠 대회 스페셜 매치! 〈이길 수 있을까〉 팀의 선제골?! [위캔게임] ㅣ KBS방송,KBS 한국방송,와 이거 본방송하는거 였구나... 유튜브만 봐서 몰랐는데 시즌2도 해주세요 ||| 빨리 보고 싶어요 ㅠㅠ ||| 너무 재밌었는데 끝나서 아쉽네요 ||| 이거 본방송 KBS 1인가요? 맨날 유튜브로만 보니깐 못참겠어서 본방사수해야겠음.. 생방 인터넷으로도 볼수있나요? ||| 박종윤 지금 목소리톤이 훨씬낫다,스포츠
9P7XjZlDR3g,[2020 설특집 아이돌스타 선수권대회] [ e스포츠 슈팅게임 솔로 ] ＂ 나 심장 떨려서 못하겠어.. ㅠㅠ ＂ 지훈 선수 좀 봐주세요! 전용준 해설위원의 한마디,MBCentertainment,개귀엽다 진짜 ㅋㅋㅋㅋㅋㅋㅋㅋㅋㅋ 너무 살려주고싶어 ㅋㅋㅋㅋㅋㅋㅋ ||| 박쥰도 귀여운데 츄님 너무 귀여우셔 ㅜㅜㅜ ㅋㅋㅋㅋㅋㅋㅋ ||| 츄는 다 완벽해 예쁘고 귀엽고 착하고 ㅋㅋㅋ ||| She's so CUTEEE ||| 아 지훈이ㅌㅋㅋㅋㅋㅋㅋㅋㅋ 진짜 칼같다 팬인 내가 봐도 냉정해ㅋㅋㅋㅋ 게임에서 봐주는 게 어딨겠어 그치 지훈아..?ㅋㅋㅋㅋ,스포츠
Mr19STkqEAk,오늘 저녁은 치킨이닭! E-스포츠 슈팅게임 비하인드 ISAC Behind  @2020 ISAC #2020설특집아이돌스타선수권대회,TV-People,우리애들진짜 잘한댜 최고💙💙 ||| wanna one in the thumbnail😭💖 ||| Wanna one 😭😭😭😭😭😭😭😭💞💞💞💞💞 andai mimpi kalian bisa comeback lagi 😭😭😭 ||| Wanna one in the thumbnail is what i live for ||| 하성운 뭐 다받았어 개웃겨ㅠㅠㅋㅋㅋㅋ최고다❤,스포츠
X60zNo9R1nY,"[ENG CC] ⓛ대학 동물병원의 긴급한 72시간, 동물과 함께 산다 [다큐 3일]",KBS동물티비 : 애니멀포유 animal4u,English subtitles are available now :-) Captioning for many other videos are also in progress so that you can enjoy it more easily. Hope you guys continue to support us and Like & Subscribe! ♡ ||| 0:42 심각한게 아니어도 강아지가 흰털인 종들은 쫌만 피봐도 저렇게 새빨개지니까 보호자들이 더 충격받음 ㅠㅠㅠ 나도 우리 말티즈 다른개한테 귀 물렸을때 엄마 울고불고 대성통곡해서 강아지 안고 병원갔는데 정신차려보니까 개 귀 상처는 별거 아니었는데 개들 싸우는거 뜯어말린다고 엄마 손에 상처가 더 심했는데 그제서야 그게 보였음 ㅠㅠㅠ ||| 낚시바늘 걸린 댕댕아 ㅜㅜ 엄마 속도 모르고 진료실 가면서 왜 꼬리흔들어 ㅠㅠ 와중에 귀엽구멈ㅜㅜ 해맑다 해맑아 ㅠㅠ ||| 사모찡 치료받을때도 순한거봐 ㅠㅠㅠㅠㅠ ||| 틀자마자 나오는 보호자 울음섞인 소리에 눈물부터 나네요...... 감사합니다 수의사분들 너무 감사드려요,애완동물/동물
LfJoH7gZ1zQ,"긴급했던 동물병원의 24시간, KBS 020826 방송",KBS동물티비 : 애니멀포유 animal4u,어휴..진짜 저어린걸..진짜.. 썸네일 귀여워서 들어왔다가 진짜 너무 맘아파서 울고갑니다.. 어린게 뭘안다고 저런 고통을 겪어야했는지 진짜.. 너무 화가나네요 ||| 한 번 강아지가 식탁에서 떨어졌으면 위험하단 걸 느끼고 보통 진짜 강아지를 사랑하는 주인이면 다시는 안 올려 보내고 더 주의 깊게 볼 거 같은데 다시 강아지가 식탁에서 떨어졌다는게 말도 안 되는 소리네요 ㅋㅋ  캔디야...부디 좋은 곳으로 가서 친구들이랑 마음껏 뛰어 놀고 맛있는 것도 많이 먹어 .. ||| 장면마다 줒같네 진짜 ||| 아니 생각할수록 열받네요? 식탁에 올려서 1번 떨어지게 했으면 2번은 하지 말아야지 이거 강아지 죽일려고 환장을 하셨구만? 아직 몇개월도 안돼보이는데 저걸 저렇게 보내니까 행복해요? 기분 좋나요? 의사선생님 생각은 안해보셨어요? 말이 잘 안통하는 동물들 치료하는게 힘들다고는 생각 안해보셨나요? 저분들은 진짜 지옥갈분들입니다..   그리고 선생님들께서 참 고생 많으셨고 감사하다는 말씀 전하고싶네요 ㅎㅎ 항상 감사하고 대단하십니다 !! ||| 비용때문에 병원에 기증..........? 뭔개소리지,애완동물/동물
oSJyZWaQok4,단편 다큐 19 06 14당신의 반려동물은 안녕하신가요,이승훈,,애완동물/동물
km6_f2JG9cw,[동물다큐] 내일도 오늘처럼 산책하며 살고 싶어요｜아가씨와 건달들 (4/4)  Gangster Labrador Retriever Leo,KBS동물티비 : 애니멀포유 animal4u,레오맘님~ 엄PD님~ 예나 지금이나 알콩달콩 이셨군요~ 지금은 훨씬 많은 아이들을 척척 돌봐주시는 능력~ 레오와 덩이 땅콩이 훈련덕이네요~^^ ||| 레오맘님~지금은 동물 구조 활동하시는 걸로 아는데.. 과거 모습 보니 반갑네요..ㅎㅎ.. 근데 옆집에 산다는 양군이 은근 슬쩍 가족처럼 껴있는게 너무 웃기고 귀엽습니다..^^ ||| 복종훈련이잘되면반드시목줄을바꿔주세요지금의쇠사슬목줄은숨통을조이는고통이따른다고해요그러니말을안들을수가없지요훈련잘해서멋진레오가됐으면좋겠네요  ^^레오  홧팅!!^^ ||| 자꾸 보고싶어요~~ 아이들이 엄마에 사랑에  행복해 보여~ 좋아요 ||| 레오는 분명 똑똑해서 좋아질거라 생각해요  칭찬많이해주시고 덩이 땅콩이 레오 셋이 오래오래 행복하길 바래요 응원합니다~~~,애완동물/동물
Ss8mWbyReqc,"간식만 외치면 벌떡! 이수지와 꼭 닮은 식탐 대마왕 페키니즈 '백설기' [펫비타민], KBS  201029 방송",KBS동물티비 : 애니멀포유 animal4u,이 영상은 2020년 10월29일 펫 비타민 3회에서 방송 되었습니다. 재밌게 보셨다면 구독&좋아요 눌러주세요 ^^ ||| 애기 혼자사시는 할머님이 병환으로 돌아가실것 같아서 애지중지 키우던 아이 어쩔수 없이 화장실에 편지 쓰시고 유기 하신거 동물동장에 나왔었었는데.. 너무 잘 크고 있네요 ||| 핫수지 보다가 영상 찾아온 사람 손🙋🏻‍♀️ ||| 수지 집안이 개그에 타고난듯 ㅋㅋㅋㅋ 어머니도 재치넘치심 ㅋㅋㅋㅋ ||| 너무 좋은 주인한테 갔다.. 설기가 행복해 보여서 좋아요ㅠㅠ,애완동물/동물
xZ6hVY7RvdQ,"[동물다큐] 라쿤: 기도하는 거 아닙니다 샤워 중입니다｜커피보다 라쿤 (1/4), KBS 150518 방송",KBS동물티비 : 애니멀포유 animal4u,"근황 찾아보니 쥬인더시티로 상호 바꿔서 영업중이신거 같네요~ ^^ ||| 유튜브 담당자는 오늘 동물농장 영상 확인해보세요,,kbs는 이 동물카페 허가 받았는지 이런 거 확인한거 맞나요? ||| 헐 돌망치로 뚠이 때려죽인 쥬인더시티 사장 ||| 동물농장 야생동물카페 홍대 쥬인더시티 불법운영과 동물학대 등 쇠망치로 뚠이를 여러번 때려 죽인 사장입니다. 학대가 아니라 훈계라고 뻔뻔하게 자기는 죄없다 아직까지 운영 중입니다. ||| 외국에서  운전할때 동물이 운전석에 오면 바로 벌금이다. 위험하게 저게 무슨 짓인지..",애완동물/동물
0V7uC6144dw,비만견 관리법? 노견에게 좋은 음식? 반려동물을 위한 새로운 시대 [다큐세상｜반려동물과 사는 법2],KBS동물티비 : 애니멀포유 animal4u,우리나라도 이래야된다 진심 반려동물을 장난감처럼 이쁘다고 함부로 입양하다 학대하거나 질리거나 감당못해서 유기하는 인간들른 싹다 처벌해야한다 진심 ||| Wonderful!  Food is so important in dog's health.  Raw diet is good but make sure to grind all ingredients & freeze the bulk. Thaw out every day's portion in the refrigerator over night good. ||| Better to steam veggies rather than in raw form especially for dogs with sensitive stomach ||| 우리나라도 곧 이런 나라가 될거라는 희망을 가져봅니다. 먼저 개고기 식용 금지법부터 제정해야겟죠~~ ||| Every country should have this system/model from England.  It will solve many problems at the end,애완동물/동물
eBBlv1-BrNE,"""저 안락사 되는건가요.."" 휴가철 버려지는 반려동물들",KBS동물티비 : 애니멀포유 animal4u,제발 버리지마세요 ㅜ 동물 친구들은 오직 주인 밖에 없어요... 철저한 교육과 등록을 해야  키울 수 있게 해주세영..😢😢😢😢 ||| 개를ㆍ포대기에ㅡ업고 다니는ㆍ사람도ㅡ있는데.. 개를버리는거는절대안되요! 너무불쌍해요... 제발ㆍ구조대에ㅡ잡혀라~~ 구조ㅡ너무ㅡ잘하세요~👍 ||| 독일에서는  반려견을 키우는데   3일동안  교육을  받고 가족중에  한명이 라도 반대하면 키울수  없도록 법으로   정해졌다 하는데요   우리나라도 법으로  해야 한다고 생각합니다 ||| 법안을 만들어야한다고..... 하.. 버리는 사람 따로있고 보호하는 사람 따로있고.. ...... 1단계: 강아지 무차별적 생산 공장 없애기 2단계: 펫숍 창업자들의 동물 지식 의무화 법안만들기 3단계: 동물 유기할 경우 강력한 벌금 ||| 한때는 귀엽고 사랑스러운 가족이었던 아이를 어떻게 죽으라고 저런 곳에 던져놓고 갈수있나요... 인간이 어떻게 저렇게 무책임한지. 들개가 처음부터 들개였을까? 아이들이 경계하고 똘똘 뭉치는것도 살아남기 위함일듯..,애완동물/동물
wwEjw4f2LxQ,"[동물다큐] 관절종양으로 수술한 길냥이 곰돌이가 사라졌다!!!｜할아버지의 이중생활 (4/4), KBS 150618 방송",KBS동물티비 : 애니멀포유 animal4u,"길고양이가 사람을 따라서 산책을 하고 좋은 분들은 서로 돕고 서울에 이런곳이 있다니ㅠㅠㅠㅠㅠ 밤이, 뺀질이, 곰돌이, 꾀돌이.. 이름들 좀 봐.. 따수운 정이 담뿍 들어있엉 ㅋㅋㅋ ||| ㅋㅋㅋ산에 혼자 가는 것도 못하고 다시 돌아오는 것고 못하고ㅋㅋㅋㅋ 귀여워ㅠ ||| 할아버지 올때까지 산에서 안내려오고 기다리는 애기들이 짠하네요 ||| 산에서놀고잇으라니까 그대로있엌ㄱㅋㅋㅋㅋ데리러가야돼ㅠ너무귀엽다 ||| 사람사는 정이 느껴진다. 길고양이들을 개냥이로 만드셨엉 ㅎㅎㅎ 천사의도시넹",애완동물/동물
eW4U1QKyD44,"[동물다큐] 뒷다리를 다친 유기견 진이가 덜컥 임신이라도 할까 겁나 구조를 시도하는데..｜강산에 진달래 (4/4), KBS 150604 방송",KBS동물티비 : 애니멀포유 animal4u,뎃글 정정근우씨  말씀  속에는 사랑이 없네요. 짐승도 이지구땅에서  살아갈  권력이 있어요 버림받고 병들은 동물을 이렇게 좋은부부 께서 구조 해주시는분께 감사하고 이세상에 는 좋은분도게시니 마음이 흐믓합니다.  축복 받으실 꺼에요. ||| 아저씨. 너무 선하세요~~♡♡♡ ||| 고단함이 느껴지네요... 허리도 아프신데 보통일이 아닌듯 보여요... 그럼에도 책임감 있게 아이들을 돌보시니 정말 대단하시네요 👍🏼 ||| 진달래 늦복 터졌네 서로 입양한다고...근데 나는 왜 눈물이 나냐..진짜복받으시길..ㅠㅠ ||| 참~천사같으신부부  두분 정 ~말건강을기도합니다,애완동물/동물
wuBu0oCquO4,"[동물다큐] 모델 오디션을 보러가기 위해 외출한 제니는 즐거워♬｜스타의 귀환 (3/4), KBS 150624 방송",KBS동물티비 : 애니멀포유 animal4u,"와 이분 예전에  본인 집에 버려진 댕댕이 새끼들 돌봐주시고 좋은 일 많이 하신 분으로 알고 있어요!!! 댕댕이들 이뻐하시고 사랑하시는 마음은 여전하시네요 ^^ ||| 제니 아버님 목소리 나긋나긋 너무 좋으시다 제니두 넘 예뻐ㅠㅠ ||| 앗동물농장에도 나온아저씨인거같은데 엄청착하시고,   케인코르소인가 개 집앞에와서 버티다 그냥들어와서 ,    안나가고버티는데 엄청 잘해주시고 돌봐주신 아저씨 ||| 중간에 나오는 애기도 너무 귀엽고 오남매도 너무 착하고 귀엽고 ㅠㅠ 킬포인트 한 두개가 아니네요 잘됐으면 좋겠어요 ||| 어쩜 아이들이 이리도 착할까 😍 아빠잘만났네 ㅎ",애완동물/동물
2rg-eYrXGK8,"[동물다큐] 미각도 후각도 시력도 상실.. 뒷다리까지 퇴화된 짱짱이가 사료에 집착했던 이유는..?｜내겐 너무 무거운 너 (3/4), KBS 150610 방송",KBS동물티비 : 애니멀포유 animal4u,"짱짱아, 힘내 ㅜㅜ 한쪽 시력도 잃고 냄새도 맛도 못 느끼는 아픈 고양이 ㅠㅠ 돌봐주시는 집사님 천사세요 ||| 양원씨는 얼굴도 예쁘고  맘씨도 넘 아름다우세요 세월이흐른 지금도 냥이들 잘지내고 있는지 궁금하네요~~ ||| 17:50 젖주녜ㅋㅋㅋㅋㅋㅋ아 마음아프게 보다가 집사님 드립에 빵터졌어요!! ||| ㅋㅋㅋㅋㅋㅋ환장하것네 ㅋ뿌직 ㅋ침대부서짐 ㅋㅋ ||| 저렇게 안움직이면 안먹는수밖에 없는데ㅡㅠ산책안하는 냥이는 댕댕이랑 달리 살찌기전에 조심해야겠어요",애완동물/동물
1hnuqVYS8Hw,[동물다큐] '빙빙 돌기만 해요' 16살이 된 치매 노견 슈나우저 체리│내 사랑 내 곁에 (1/4),KBS동물티비 : 애니멀포유 animal4u,"보내본 사람만 알꺼야..내눈엔 아직도 애기인데 어느새 늙어버린 나의개가 힘이 없어지고 티미해지는 과정과 병에걸려 힘들어하는 모습을 지켜보며 보내주는게 얼마나 가슴아프고 슬픈지..정말 심장한구석에 구멍이 숭숭 나서 가끔씩 시리게 에리는 느낌 ||| 채리야.힘내라. 화이팅. 너무안됏어요. 너무불상해요. 채리야사랑해 ||| 키우다 귀찮다 돈든다 여러이유로 버려지는 강아지 고양이가 80프로인데 끝까지 가족으로써 지켜주고 보살피는 모습이 너무 따뜻하네요..훈계식 조언도 좋지만 자신에게 닥치면 쉽게 하지 못할거에요. 체리랑 가족분들 건강하세요 ||| 반려동물 극장 단짝 자체가 오래된 프로그램입니다.  저 사연 보며 함께 많이 울었어요.  저 프로그램 할 때만 해도 반려견 미끄럼 방지 매트니, 개모차니 하는게 없던 때였어요.  체리도 필시 하늘나라 간 지 오래일 것이고, 저떄 초딩이었던 딸도 지금 성인일 겁니다.  강아지들을 위한 정보와 서비스의 양이 지금과 많이 다른 때였어요.  저 가족들을 너무 욕하지 않으셨으면 좋겠습니다. ㅠ.ㅠ ||| 16년을 가족 같이 함께 하신 가족들에게 감사드립니다 4년 전 저런 시간을 보내고  떠난 우리 슈나우저 아가들 생각이 나서  가슴아픕니다",애완동물/동물
iMPeRFN0jCw,"[동물다큐] 짱짱이를 자극하는 다이어트 선배 후추의 식스팩 자랑｜내겐 너무 무거운 너 (4/4), KBS 150611 방송",KBS동물티비 : 애니멀포유 animal4u,짱짱이 자는 모습 귀엽다 살포시 눈을 감네.. ||| 완벽한 확대범이네.... ||| 이건 몇년전 영상이기에 계속 안정적으로 건강하게 다이어트에 성공했으면 목표 몸무게  달성했을듯.  요즘 어떻게 지내는지 찍어주셨으면 좋겠음. ||| 다 집사님의 사랑과 그걸아는 짱짱이의 마음이 합쳐져서 이루어낸 결과같아요ㅠㅠ 집사님도 짱짱이도 아프지말고 건강하길ㅠㅠㅠ ||| 고양이 사랑하는 마음이 그대로 전달되네요. 성공적인 다이어트를 위하여 홧팅!,애완동물/동물
hx034LtweHg,아기 호랑이 남매 태어나 첫 주사 맞고 보인 반응 와우 ㅋㅣBaby Tiger Get A Vaccine  Shot For The First Time In Their Life,SBS TV동물농장x애니멀봐,"이전 이야기 A previous story↓↓↓ https://youtu.be/wMnCMU7F5lU ||| 누구보다 애기 한국 호랑이에 진심인 코리안들 ,, 조회수 압도적 ㅋㅌㅋㅋㅋㅋㅋ ||| 저 눈빛을 어떻게참아... 나였으면 주사놓을때 못참고 뽀뽀했다가 끌려나갈듯 ||| 사자도 강하지만 정말 외적으로 호랑이만큼 포스있는동물이 또있나 싶음; 진짜 뭔놈의 동물이 저렇게잘생겼냐 ||| 이거 2024년도에 또 보는사람 ✋",애완동물/동물
NedrrZPgmg4,[동물다큐] '9개월을 기다렸어요' 삽살개 장군이의 약혼견 일월이를 만나다 │장군! 약혼원정기(2/4) sapsali dog with fake eyes,KBS동물티비 : 애니멀포유 animal4u,토종이라 그런지 삽살이는 리트리버나 보더콜리와는 다른것 같애요..넘 예뻐요~💘💘💘 ||| 삽삽개가 진짜  똑똑함!   전에 동물농장에 나온 남원 삽삽개는 아주 어릴적 입양갔다 버러진후 유기견으로 살다 구조되어  인식표에 나온 남원집으로 1년만에 돌아 갔는데 잠시 어리 둥절 한후 간난 애기적 주인을 냄새 맡고 금방 옛주인을 알아보고 좋아 난리 치는것을 보고 감동함...... ||| 두분의 장군이 애지중지 사랑! 너무 보기 좋습니다 ||| 장군이 너무 멋있개   ^^ ||| 너무 행복해보여요,애완동물/동물
WhxdUT6aTD4,"[동물다큐] 말라뮤트인가요? 곰인가요? 통통이 제니의 다이어트 일기｜스타의 귀환 (2/4), KBS 150623 방송",KBS동물티비 : 애니멀포유 animal4u,"제니야 다이어트 성공해서 옛날의 모습으로 돌아가자~~ 화이팅하자👍👍👍👍👍👍👍👍 ||| 동물진짜조아하는분 ㅜ 대다나다 ||| 오랫만이네요~~반갑습니다~~역시 애들 잘 키우고 계시네요~~제니를 넘 잘 먹엿나봐요. 엄청 쪗네요~~ㅎㅎ  다이어트 성공하길 바랍니다~~~ ||| 55키로 넘는 말라뮤트 키우고 있어요 ㅎㅎ 산골냥이라 대부분 근육이고요 좋다고 뛰어오면 공포입니다 ㅎㅎ 제니야, 운동 잘해서 살빼고 꼭 다시 모델로 만나자~~ ||| 제니다🙌 다이어트 성공해서 꽂길만 걷쟝",애완동물/동물
4z3sm6203pQ,'내 이름은 철수 애견 모델이죠' 반려동물과 행복하고 건강하게 사는 법 [다큐세상｜반려동물과 사는 법1],KBS동물티비 : 애니멀포유 animal4u,유기견이었던 철수 입양된 후 사랑받으며 여러 경험하고 즐겁게 살다 갔어요.. 입양당시 추정나이보다 많았던지 갑자기 갔지만 행복한 견생이었다고 생각됩니다. ||| 철수는 무지개다리 건넜잖아요 ㅜㅜ 사랑스런철쑤 ㅠㅠ ||| 그리운 철뚜.....💚 페파언니 여기서 보니 내적친밀감 쌓여서 그런짘ㅋㅋㅋㅋㅋ 반갑네요!!! ||| 철수 무지개다리건너 너무 슬펐는데 마치 아닌것 처럼 영상 올라오니 당황스럽네 ||| 유기견들 입양해주시고 사랑으로 키워주시는 분들 훌륭하신 분들입니다 존경합니다 감사합니다 아이와 평생 행복하세요~~,애완동물/동물
wNRvILkf3fo,[동물다큐] 아빠는 나만 좋아해•ܫ• ｜달려라! 내 사랑 말리(2/4) The Story of adorable marathoner dog Marley,KBS동물티비 : 애니멀포유 animal4u,"강아지가 오히려 안스러워지는데..무리하게 달리네요...견주님 욕심에 강아지가..ㅠㅠ ||| 말리 넘 불쌍해요..😭 ||| 주인이  뛰니까 ᆢ죽을맛으로, 주인즐겁게 해주려는모습. 눈물납니다. 제발그냥 놔두세쇼. ||| 미친 주인이다 애는 얼마나 힘들가 학대하지마세요 혼자 달리세요 ||| 18:34 드디어 나오네;;  저렇게 달리니깐 당연히 관절이고 뭐고 다 망가지지; 자기 취미생활에 강아지를 끌고와서 같이 하려고 하면 안됌..",애완동물/동물
DrAu0DNZVzk,"[동물다큐] 집사에게 삐져버린 순대의 마음을 돌려라!｜시각장애 고양이, 보이지 않는 사랑 (3/4) The story of a blind cat",KBS동물티비 : 애니멀포유 animal4u,ㅋㅋㅋㅋㅋㅋ 옷장 들어갔다가 엄마 목소리 커지니까 조용히 도망가는거 완전 귀여운데 ㅋㅋㅋ ||| 순대야ㅠㅠ 넘 귀여워 진짜 ㅋㅋㅋㅋㅋ ||| 초...??,애완동물/동물
-lIzxAY_oEY,"[동물다큐] 얼굴도 짱구, 하는 짓도 짱구! 리트리버를 누가 얌전하다 했는가｜아가씨와 건달들 (1/4) Gangster Labrador Retriever Leo",KBS동물티비 : 애니멀포유 animal4u,레오 4살~ 지영씨 40살~ 옛날 옛날 한옛날 이야기~~ 이땐 레오도 덩이도 요즘에 비하면 왕 날씬이네요~ 안경 안쓴 레오맘 낯설어유~ 엄PD님 얼굴 볼수 있으니 좋네요~♡ ||| 땅콩이 너무 사람같어 귀여워ㅋㅋ ||| 레오맘님 엄피디님 반가워요 ||| 앜 레오맘님이시넼 ㅋㅋ ||| 너무 많이 좋아해요 고마워요 😁,애완동물/동물
uwRJVfMZTyE,"[동물다큐] 갑자기 드러난 레오의 공격성, 레오가 뿔났다!｜아가씨와 건달들 (3/4) Gangster Labrador  Retriever Leo",KBS동물티비 : 애니멀포유 animal4u,레오맘이 이때는 개를  잘 몰랐네요~~^^ 세월이  흘러 유기견 구조맘이 됐으니  장하십니다!!! ||| 강 아지들  넘기 여 워요 모두모두 건강했으면 좋겠어요 ||| 강아지를 자식처럼 키우시네요. 정말 사랑하시는듯 ㅎㅎ 그리고 주인분 목줄 풀려서 불안하시면 몸줄로 바꿔보세요. ||| 강아지는 모두 동등하게 사랑을 나눠줘야 합니다. 덩이를 10분동안 이뻐해줬다면 당연히 레오도 비슷한 시간만큼 이뻐해줘야죠 보호자는 안쓰럽다고 덩이는 어루어만져 주면서 정작 터줏대감인 레오는 혼내기만 하시네요 그럼 당연히 레오는 덩이때문에 본인이 사랑을 받지 못한다 생각하고 그 대상을 공격하게 되죠. 부득이하게 다견 보호자가 됫다고는 하지만 그정도는 기본중에 기본이라 생각되네요 레오의 공격성을 바로 잡으시려면 모두 동등하게 사랑을 표현해주시거나 그런여건이 안되실꺼 같으면 모두에게 관심을 주지마세요. 안그럼 레오의 공격성이 갈수록 심해질겁니다. ||| happy family 🙏🎉❤️🐕 for ever health long life ❤️♥️.,애완동물/동물
pxL4GCOJLoc,[리얼다큐] 그 강아지의 행복_최종회,Yuu :,,애완동물/동물
sNq-cywMz8k,"[동물다큐] 냥집사에게는 비장의 무기 OO이 있다!｜시각장애 고양이, 보이지 않는 사랑 (4/4) The story of a blind cat",KBS동물티비 : 애니멀포유 animal4u,집에밀당.두고쓰세요.옷에수시로.털재거에.좋아요 ||| 대형 캣타워 하나 장만하셔야,애완동물/동물
97nhxE-sUxU,"[동물다큐] 태어나서 9년 동안 목욕해본적 없다는 길순이의 첫 목욕시도~!｜내 이름은 김길순 (4/4), KBS 150528 방송",KBS동물티비 : 애니멀포유 animal4u,"요새 예능프로들 다 재미없어서 TV 안본지 오래됐는데 이런 자연과 사람과 동물이 함께 공존하는 훈훈한 다큐 좋아요.♡♡♡ ||| 할머니가 자주 말씀하시는 '세식구'란 단어가 길순이를 얼마나 이뻐하시는지 표현에 묻어나네요. 오래 오래 건강하세요 세식구분들^^ ||| 약먹인다니깐 거위알 주시는거 귀여우심 할아버지 ||| 오지랖은 ;; 귀여운 애기때 분양받아와서 좁은 원룸에서 키우면서 다 크고나니까 갓다버리고 지들귀찬타고 그 큰개 원룸에서 산책한번 안시키는 인간들보다 사랑으로 키우시는 할머니할아버지가 백배낫다 저분들은 저분들의 방식으로 최선을 다해 키우고 계시는 겁니다. 오히려 저 나이분들은 개를 보신용으로 생각하시는 분들 많은데, 가족이라고 여기는 할머니할아버지의 마음 참 따뜻하네요 ||| 충고하는 댓글 1% 충고하지 말라는 댓글 99% 길순아 오래오래 건강하게 살아🧡",애완동물/동물
anXH_uAHdLw,오징어 자판기 때문에 완전 신난 가오리 Exciting stingray [해수인TV],해수인tv yellow aquarium,"""구독은 오징어를 여러 마리 살 수 있는 용기를줍니다""에서 뿜어서 구독눌러버렸어요 ||| ㅋㅋㅋㅋㅋㅋㅋㅋㅋㅋㅋㅋㅋㅋㅋㅋ인싸가오리 없냐고 물어보는것도 귀여운데 거기서 인싸가오리를 모셔오셨다는 해수인부인 분도 너무 웃겨요 ㅠㅠ ||| 아니 대체 어떻게 모든 어종들을 애교쟁이로 만들 수가 있죠?? 불가사리도 껌딱지로 만드실 분;; ||| 가오리는 아랫면을 얼굴로 인식하면 정말 귀여워보이.. ||| 캘리포니아 라운드 스팅레이, 블루스팟 리본테일 레이 이런건 우리식으로 해석하면 분당 회오리 불주먹, 부산 피바다 애꾸눈 뭐 이런거 아닐까요",애완동물/동물
Dwa2PkF67dE,[꿀잼병맛다큐] 강아지의 여름편 / 5분 순삭 동물다큐 패러디,포메라니안 가온 [pomeranian gaon],해당 영상은 동물다큐멘터리를 패러디한 영상이므로 영상 내 자체자막이 없습니다 반드시 소리를 켜고 감상 할 수 있을때 시청해주세요 :) ||| 가온이~~다큐멘터리   ㅎㅎ~~  모기랑 진드기 많은데  고생해네~~  가온이 곰돌이 미용  넘나  이쁘당~~  기온아~  산책잘하구 잘가~~♡ ||| 앗ㅋㅋㅋ형 그거 뻐꾸기야~~ㅋㅋㅋ ㅋㅋㅋㅋㅋㅋ ||| Beautiful Dog.  Thank You.❤️👏❤️ ||| 뻐꾸기 대본 ㅋㅋ 더빙 맛깔나게 하셔서 다큐멘터리 한편 재밌게 보고갑니다^^,애완동물/동물
26myA-hDAMw,"[동물다큐] 복돌이의 마음을 사로잡은 허스키 아가씨, 완전 바람났네｜바보 복돌이 (2/4)",KBS동물티비 : 애니멀포유 animal4u,빨리올려주세요! 복돌이3탄보고싶어서 현기증나요 ||| 와 예전영상ㅋㅋ 한국시민의식이 저정도였구나 개싸움하는데 서로웃는게레전드네 시민의식많이높아졌다 8년전영상인가 이게? ||| 부들부들 떠는 푸들 엄마에게 꼭 붙어 안떨어지려는 것이 넘 사랑스럽네요. 우리 임보도 천둥칠때 저랬는데 ㅎ ||| 서로 저정도로 으르렁거리면 견주두분다 줄을 짧게잡으셔야지.. ||| 너무~복돌이가~♡ 잘생겼어요~~~^^ 너무~♡♡♡ 사랑스럽습니다  💕 💜 💏 💙 💚 😍,애완동물/동물
gyT1X1GH8G8,[동물다큐] 마라톤견 말리의 다리가 심상치 않다!｜달려라! 내 사랑 말리(3/4) The Story of a dorable marathoner dog Marley,KBS동물티비 : 애니멀포유 animal4u,그동안   얼마나   힘들었을까  너무   마음 이   아프다 ||| 세상에 말이 안나오네요 말티즈를 마라톤을 시키다니요 건강하게 오래 함께 하고싶으시면 그만두셔야합니다 ||| 병원서 만난 아주머니도 너무 좋은 분이시네요. 아주머니 맘이 너무 아프신게 느껴져요. 말리 뛰는게 힘들었구나. 말리 건강해라~ ||| 사랑과 학대를 똑똑히 구분하세요~^~ ||| 너무 귀엽고 너무 착한 강아지네요.. ㅠㅠ 아프지 말고 가족이랑 건강해야해,애완동물/동물
DpuPlMxW7jc,고양이 앞에서 자진해 벌서는 강아지..'고양이도 당황해',반려동물뉴스,겁나귀엽다더긴영상없나여,애완동물/동물
M6wk6dMHVvw,[동물다큐] 16년 동안 함께한 반려견 체리를 잊어버릴까 두려워요│내 사랑 내 곁에 (4/4),KBS동물티비 : 애니멀포유 animal4u,"반려견들이 행복하게 살다, 무지개 다리를 건너면,, 거기서 꽃향기 맡으며 놀다가, 자기를 사랑해주던 반려인이 무지개 다리를 건널 때가 오면, 다리 건너 맞은 편에 앉아 기다리다, 꼬리를 흔들며 반겨주고 천국으로 가는 길을 앞장서 안내한다... 하는 서양 옛말이 생각납니다. ||| 다~알고요,마지막으로 위급할땐 병원.델꾸가지 마시고. 집에서 체리를 위해 같이 있어주는게 좋구요 임종 임박할땐 귀에대고  좋은말  많이 해주시고  걱정말고  편이잘가라  해주심 아이가 좀  편안맘으로 받아드리며 편이 가는것 같더라고요.아프다고 병원 케이지안에서 죽음을 맞이한거보다  가는시간까지 같이하심 좋겠네요.전 강쥐와 5번을 이별한 견주였습니다.가족분들 힘내세요.체리한테,헌신적으로 잘해주시네요~ 전 마지막으로 보낸아이가 병원케이지안에서 혼자 죽음을 맞지한걸 생각하면 지금도 가슴을치고 후회 하고 있네요.가족과 작별인사도 못하고 혼자 쓸쓸이 갔다는게 얼마나 가슴 아픈지  우리아이가 얼마나 견주들을 기다리다 혼자 쓸쓸이 갔겠어요 암튼 힘내시고 뽜이팅 합시다 ||| 강아지를 위한 그게아닌 보호자를 위한 행동 잘보고갑니다 전부 보호자의 욕심이 체리를 힘들게 떠나보낸것같아 마음이 아프네요 두고두고 회상하세요 ||| ""이별연습""... 정말 아름답네요. 근데... 절대! 잊을 순 없다고 생각해요. 저도 저의 막내를 보내고 1년이 넘었는데... 아직도 제 휴대폰의 바탕화면은 막내입니다. 저의 집사람도 같구요... 아름다은 연습... 계속되길 바라구요, 그 좋은 인연 잊지만 않는다면, 체리도 행복해 할 것입니다. 좋은 영상 감사합니다. ||| 체리야 항상 힘내고 가족분들도 화이팅 하세요. 가족분들의 체리 사랑이 느껴지네요. 체리도 그마음을 꼭 기억하고 알꺼에요..",애완동물/동물
K_ao-RnF3as,사바나모니터 햄스터 피딩,프로먹방러,아니 햄스터 입양해서 겁나 뽀짝하게 룰루난나 발랄한 영상인줄 알았더니 찌이익 하면서 죽는 영상일진 몰랐지 ||| 햄스터를 키우고 있지만 이게 자연의 섭리여서 먹이로 주는건 문제가 될게 없는데 햄스터든 쥐든 뭐 밀웜이든 저렇게 적나라하게 보여지는거는 경고 문구나 모자이크가 필요하다 생각함 이거랑 비슷하게 나오는 인터넷 영상 매체들도 이런경우에는 최소 모자이크라도 하는데 이건 저걸 찍어 올린 사람이 주의가 부족했던거 같음 ||| 햄집사로서 울고 갑니다... ||| 저게 생쥐였어도 이런 댓글이 달렸을까 ||| 당신은 다음생에 햄스터로 태어날 겁니다.,애완동물/동물
cAaytyNdJ_4,"[동물다큐] 개그맨 양선일! 애견훈련사 시험을 위해 육포로 훈련을 시작하는데...｜핵존심 대 개존심 (2/2), KBS 150701 방송",KBS동물티비 : 애니멀포유 animal4u,와~이냥반 오도씨 보다가 매력에 빠져서 검색하다 여기까지 왔는데 역시 인생이 단단한 분이셨네..❤ ||| 꼭 나빠서가 아니라.. 대부분 문제견이라고 하는 경우의 90%이상은 반려견에 대한 잘못된 행동이 견주에게 있더라구요. ||| 귀여워라잉🥰 ||| ㄱㅐ콘 좋아했눈뎅   ㅠㅠㅠㅠㅠ 보그 진짜 잘생겼어요 헤헿🙌 ||| 오도씨 양선일이 그냥 생긴 것이 아니구나! 응원합니다.,애완동물/동물
OT9mL1H-XNc,[동물다큐] 급기야 강아지 '상추'의 물그릇까지 뺏어 마시는 빅터!｜상추야 놀자 (2/4),KBS동물티비 : 애니멀포유 animal4u,아 귀여워 강아지~~ ||| 안녕하세요 빅터&상추 엄마 예요  !  아무래도 방송이다 보니 거의 설정이었구요 저렇게 하지 않으면 방송 분량이 나오지 않으니까요. 실제로는 둘이 관심도 없었어요 지금 저건 5년이 넘은 방송이고 지금은 빅터 초등학교 2학년 이고 상추도 저희 가족이랑 미국 와서 건강하게 잘 살고 있어요! 지금 병원 추정나이 13살도 넘은 노견인데 너무 건강하답니다. 아이가 유투브를 보기도 하니 악플자제 부탁 드립니다. ||| 빅터 넘 귀엽고 배추 슬프네요 상추 귀여워요 ||| 상추귀엽당 ||| 상추 지금은 미국가서 행복하게 살고 있어요^^ 토리가족이라고 검색하시면 미국라이프 상추 보실수 있으세요^^,애완동물/동물
m7BiCLt1YzY,웹툰 작가 정우열 씨와 ‘노견 풋코’가 살아가는 이야기 I TV동물농장 (Animal Farm) | SBS Story,SBS STORY,"풋코야 멍멍나라에서 행복하렴 ||| 풋코. 사랑해 .기억할게 ||| 저희 아이도 16살인데 금년2월에 치매가왔어요 산을달리고 뛰며 활동향이 많고 명랑한 말티즈 얼마나저희와함께할지, 작가님을통해 위로를 얻습니다. ||| 풋코 사랑해 ❤️ 건강해야해 오래 오래 우리 옆에 있어줘 !! ||| 풋코야.. 별에서 잘 있어..!",애완동물/동물
JSY3YLGX8-c,"새끼고양이 입양 첫날 브이로그 (vlog), 집사와 새끼고양이 두마리의 첫 만남",그루밍데이 고양이cat vlog,"콩고물 묻힌 인절미 랑 흑임자 라떼 처럼 생긴 고양이들 진짜 귀엽다 ||| 이렇게 쪼꼬미였구나... 너무 귀여워서 눈물나 ㅠㅠ ||| 물 엎지를때 나도 모르게 ""아고고..."" 해버렸다.. ||| 베리코비야 입양첫날부터 귀여움폭발하는 귀염둥이들 떡잎부터다르네 적응도빨리하고 너무 예쁘게생겨서 귀여워죽겠네 ||| 3:44 턱괴고 자네ㅋㅋㅋㅋㅋㅋㅋㅋㅋㅋㅋ",애완동물/동물
ASJddPqIpcY,고양이 박람회에서 사냥에 성공한 집사 브이로그 #궁디팡팡,랙돌열한스푼,"When mommy Amber and baby Google are the same size 😂😂😂 ||| 어린이날 선물 뜯는  아이들 같아. 행복해 보여요~^-^ ||| I was smiling during this whole video. They all seem to have fun with the toys you got them and they know it's all for them. You are generous and loving to your fur babies. Thank you for sharing. I loved seeing everyone play. ||| The amount of love both of you receive when you come home and all 11 of them are meowing at the door, waiting and excited just to see you again, must be the most wonderful feeling in the  whole world. ||| Google is so handsome 😍😍😍😍💓💓",애완동물/동물
Audat7ROHj4,생후 2개월 러시안블루 새끼 고양이 입양 첫날 브이로그 🤍,희야미 Heeyami,귀요미네 시키!! ||| 코로나로 인해 힘든시기입니다   건강조심하시고 하시는일 힘내시기 바랍니다  구독 좋아요 풀시청하고 갑니다  #으뜸부동산 ||| 케이지 그루밍 귀욥당..🎀 ||| 귀여웡ㅜㅜ ||| 이제 집사의 삶을 시작하셨네요♡ 주위 집사분들이 고양이 모래에서 감자캔다는 말이 무슨 뜻인지 몰랐었는데 나중에 알고 넘 귀엽다고 생각했어요❤♡  희야님이랑 고양이의 찰떡 궁합 예상되네요!  Ps 아기 자는 모습보고 심장 아팠어요 ㅎ,애완동물/동물
JjiCUkfnb6Q,아기 랙돌 고양이의 첫 예방접종 브이로그 Vlog,랙돌열한스푼,분명 저 수의사쌤은 발육상태 확인한다는 핑계로 랙돌 조랭이들 쪼물딱거리는 게 분명해 ||| 분명 저 수의사쌤 직업만족도 높다 .. ||| 의사분 거의 유희열급 냥변태같은데요 거의 표정이 안예은 케이팝스타 나왔을때 유희열 표정일듯 ||| 이 집 고양이 얼굴맛집이네..... ||| 살다보니 수의사님의 고양이얼평을 듣는날이 오다니 크 의사쌤 다정하지만 확고한 취향 잘 봤습니다,애완동물/동물
v80A6zK5PZA,[고양이 브이로그] 고양이 입양 그리고 냥생의 시작(포인핸드),이푸딩,새끼냥 아프지 말고 건강하게 크롐 구독과좋아요 누르고 갑니다  제 채널도 놀러오세요 ||| 냥이를 거두어 주셔서 감사합니다. 혹시 아직 안했으면 중성화 수술도 시키시기 바랍니다.,애완동물/동물
VibTiOQx7Z4,"[Vlog] 고양이랑 날씨가 다 한 브이로그🍂, 일리커피머신 y3.2 언박싱☕️ (+y3.3이 아닌 3.2를 산 이유), 내방앗간 프로퍼커피바",yehjinc예진씨,영상이 진짜 중독성있어요 ㅠㅜㅠ 맛있는것도 정말 많이 드셨네요 완전 힐링하고가요오 예진님💕,애완동물/동물
xfgkrus1XbY,냥줍한 고양이가 살아가는 법 / 고양이브이로그 / 아기고양이,찡구는못말려 zzingu can't dry,고양이 유튭많이 보는데 지금까지본 고양이 중에 젤 귀여워요 ㅎㅎ ||| 아 퐁실궁딩이 왜케 귀여워ㅠㅠㅠㅠ역시 장난감은 사촌동생이 두고간 장난감이 최고🤭🤭🤭 ||| 으 찡구야 너무 귀여웡 ㅠㅠ ||| 아 내심장ㅠㅠ 찡구 넘 귀여워요~~~♡♡♡ ||| 너무 귀여워서 광대 탈출 했어요🤣🤣🤣❤,애완동물/동물
XgTHrzmZQHk,고양이 브이로그 - 아롱람지 7년째 합사중,아롱람지,영상으로 보니 더 보고싶은 아롱람지득구(아람구) 금방 갈께 기다려♥ ||| 집사과 겨울을 보내는 아이들이 넘 행복해보이네요. ^^ ||| 너무 귀여워!!!! 길냥이들한테고도 완전 인기녀 !! ㅎㅎ 어떻게 무릎에 앉는건지.  언니 그 인기비결좀요.ㅎ ||| nice cats ||| 투닥거리는 아롱람지도 너무너무너무 귀엽지만 어서 싸우지않고 잘 지내면 좋겠어요ㅠㅠㅎ,애완동물/동물
WdUg7bXT85c,"봉지에게 새 장난감이 생겼어요! 원룸 아기 고양이 브이로그, Cat Vlog",Daily봉지,제일 좋은 장난감이네요 ㅎㅎㅎ 노는것도 어쩜 저리 귀여운지 :) ||| 아고 넘이쁜 냥이네요 🤩💝👈 ||| 봉지타워 ||| 에고쪼꼬매~~♥♥♥ 아~ 귀여워~😂😂 눈 큰거봐~👁👁🙊 뭐라 의사표현도 잘하네요~~^^ 뱃살이 어딨다구~~😰😢 ||| 배경음 너무 좋아요!! 영상 볼때마다 항상 힐링하고 갑니다!! 구독 하고 갈게요!!!,애완동물/동물
JiazaA-Bc9k,코리안숏헤어/고양이 브이로그. 집사의 사생활이라곤 존중해주지 않는 고양이,난냐냥,aww so cuteee ❤️💞😔 ||| 완전 공감하죠 ㅎㅎ,애완동물/동물
oH4w7IKIEec,[코리안숏헤어/고양이브이로그] 우리 고양이 처음 임보하게 되었을때네요 이때가 4개월이라니..,난냐냥,,애완동물/동물
nJqCQ3TsIs8,노르웨이숲 아기고양이 입양 첫날 브이로그,고양이같은 하루 Haru Morning,우리 귀요미💙💙💙 사랑 퀴요미💙💙💙💙 하루 최고예요! ||| 낮가림 없이 바로 적응 해버리네ㅋ 귀엽고 애교도 많고 치명 적이다 ||| 놀숲아이 하루 너무 귀엽네요 ~ 저희 구름이랑 한달차이네요 ❤️ 하루 오자마자 얼마안되서 깨발랄하게 잘노는 모습이 너무 귀여워요❤️ 저희구름이도 오자마자 방안 구석구석 돌아다니며 깨발랄했었는데 그 때생각이 나요 ~ ~ 예쁜 생명과 가족이 되신만큼 행복한 나날 보내시길 바래요❤️❤️ ||| 보는내내 너무이뻐서 웃음이 멈추질않는다 하루야🌹❣️ ||| 하루 넘 귀여워ㅠㅠ 건강히 자라렴♥♥,애완동물/동물
WOmkECQU6k4,"애교 많은 잠꾸러기 봉지! 원룸 고양이 브이로그, Cat Vlog",Daily봉지,"봉지 너무 귀엽네요 😍 집사님도 고부해를 보시는군요 ㅎㅎㅎ 오늘의 데일리 봉지는 눕방 봉지였네요 ㅎㅎㅎ 이웃 맺었고 앞으로 꼭 챙겨 보러 올께요~ 시간 나시면 한 번씩 우리 루이도 보러 와주세요😄 데일리 봉지, 롱테이크 봉지, 순간의 봉지 << 컨셉을 너무 잘 잡아 놓으신듯해요 👍👍👍 ||| 쩰리헌터 봉집사!!! ㅋㅋㅋ ||| 봉지조아 ||| 핑크 젤리빈 하나만 주세요!!! 🙌",애완동물/동물
zgo_P2VLDtM,"tokyo vlog / 집사의 고양이 시중들기, 스크래쳐 교환 브이로그",chime 차임,"http://www.youtube.com/timedtext_video?ref=share&v=zgo_P2VLDtM 자막 제공해 주실 분 환영합니다😍🙏 ||| 미우 볼 때마다 너무 귀여워요 🙂 어떤 때는 날씬해보이고 어떤 때는 뚱뚱해보이는 신비한 냥이,, 스프레이 뿌렸을 때 화들짝 놀라는 모습 넘나 귀엽,, 🐈 뭐 사올때마다 집사님 허탈해하시는것두 귀여워요 🙆🏽‍♂️♥️ ||| 다리에 부비부비하는거 왤케 귀엽지 ㅜㅜ미우 볼 때마다 느끼는 거지만 울음소리(?) 진짜 또랑또랑하고 예뻐요 ㅜㅜ 귀여움 폭발 ||| 미우,노을,마이클 잭슨...ㅎ 오늘도 소중한 영상 잘보았습니다 감사합니다  부디 건강 잘챙기시고 행복하세요 ♡ ||| You are such a good cat owner!",애완동물/동물
gHwNdXrcjrI,애교부리는 고양이 | 고양이 브이로그 Cats vlog,고두남 Godunam,so fluffy cat ||| 우와...뭔가 자기전에 봐야할 것 같은 그런 힐링 냥이 브이로그네요...  어떻게 이렇게 잔잔하게 계속 보고싶은 마음이 들까요ㅠㅠ ||| 둥둥이 앉았을때 털찐거 너무귀여워요♡ ||| 입을 액하는 정말 표정 너무애교 스럽네요 👍💞 ||| 힐링영상입니다 💕 저도 이렇게 찍고 싶어요 ㅠㅠ 비누랑 정말 똑같이 생겼어요... 곱슬거리는 배털까지! 음악도 너무 좋아요 👍,애완동물/동물
VKeXe6MBB4Y,"메미니 브이로그 / 고양이브이로그, 아기고양이의 체력이란🙆‍♀️,아기 고양이",심혜민,"기다리다 쓰러지는쥴 알아써여!!!!! 마찌귀야워서 봐준다 ㅎ😘 ||| 기다렷다구욧!!!! ||| 마찌와 메민 케미에 좋아요 누르고 갑니다,, ||| 역시 치과, 구몬학습 그리고 유튭편집은 미루기 끝판왕 👍 ||| 와! 마찌 유년시절! 완전 뽀시레기😀",애완동물/동물
QwyRQx2xKDo,[고양이 브이로그] 새로운 도너츠형 세븐펫 숨숨터널 장난감(Donut shaped cat tunnel toy for cat),이푸딩,남산2호터널급이네요 ㅋㅋ ||| 별걸 다 파네요 증말 ||| 님덕에 지퍼 연결함 ㅠ ㄱㅅ ||| 푸딩이 신나겟네요! ||| 너무 귀엽네요 ~~😍   잘 보고 갑니다 ^^  사고 싶네요,애완동물/동물
thDaKqVyHGo,오피스냥 일기 / 다람이 치카치카 브이로그  (사무실 고양이 브이로그),뽀시래기 - BBosiraegi,,애완동물/동물
TFYlWjFbROM,[Cat Vlog] 집사의 휴일 💕 | 고양이 브이로그 | 집사 브이로그 | 랜선집사,낌집,냥이들 너무 귀엽네요ㅠㅠ ||| 낭이 너무 귀여워요! 소통하면서 지내요! 구독하고 갑니당😻,애완동물/동물
DMGtt9vDzUw,[코숏/길고양이] 고양이 브이로그 vlog /레오는 급수대가 무섭대,난냐냥,,애완동물/동물
Y_QCMyqBw58,고양이 브이로그🐈 새 간식.. 과연 먹을까요? Cat vlog ❤️,통통패밀리,Cute and cozy 💕🐾 ||| 트릿먹이기 진짜 힘드네 ㅋㅋㅋㅋㅋㅋㅋㅋㅋㅋㅋ ||| 아직 경험이 부족해서 그런걸수도 ㅎㅎ 최대한 잘라서 줘보고 너가 먹는 시늉하다가 줘보기도해봐 ㅎ,애완동물/동물
1prOs7R-3vE,[VLOG] 고양이카페 | 카페투어| 부천역 고양이카페 | 브이로그,꿀유진의꿀튜브,아요 냥이들 너무 기엽네요 ㅠㅜㅜㅜ 꾹꾹이 체곱니다ㅠㅠㅜㅜㅜㅜ ||| 우아 너무 귀연 고양이 많이볼수 있어 좋네용 저도 가보고싶네요^^ ||| 고양이가 넘 기여워여:) ||| 오 부천역에 고양이 카페도 있군요!ㅎㅎㅎ ||| ㅎㅎ 오늘 부천역 쪽 갔다가 왔는데 카페이름이 뭐예요?  한번쯤 가보고 싶네욤~,애완동물/동물
uUNWZ7Udvxw,#고양이브이로그 #새끼고양이 #브이로그,레미도라시_고양이 일상VLOG,❤️❤️❤️❤️ ||| 끄으ㅠ 혼자서도 공놀이 잘하네요 아우 귀여워라 ㅠㅠ ||| 아니...이런 어린 심장 폭행범... 너무 귀여운거 아닌가요~~~ 되게 잘놀아요~~아구 귀여워라 ㅎㅎ 이름이랑 별명들 왤케 귀여운거죠?ㅋㅋㅋㅋ 저는 도라지가 젤 귀여운것 같아요 ㅋㅋㅋㅋ 이웃ㅇ하고가요~자주 놀러올게요~ ||| 레미..호시이 ||| ㅎㅎ귀여워용!!!저도 얼마전에 우튜브 시작했어용 놀러오세요!!구독하고갈게용💕,애완동물/동물
SYM6MmVkCow,고양이 브이로그 - cat vlog,개리아빠,영상기다렸어요 조찌 보그싶었어요 근데 누가조찌에요?,애완동물/동물
an6oQQCmBQ0,아기고양이 브이로그 (작고 소중함 주의),소금이달콤해,이름부터 넘 귀여운데요 소금이💙💙 자주 보러 올게요 ㅎㅎ ||| 진짜쪼꼬미다~으앙~♡♡♡ ||| 소금이 넘귀엽짜나 후잉~♡♡♡ ||| 아니 너무귀여운거아닙니까?ㅎ ||| 귀여워 ㅠㅠ 엄마 없을때 엄마 베개를 다 차지하고 있었구나..?,애완동물/동물
PeKDOzyOzAY,고양이 브이로그 [미묘한스푼] #고양이브이로그 #브이로그 #고양이 #고양이일상 #cat #cat v-log,미묘한스푼,너무 귀여워요 ||| 이대로 10만 구독가자 ! ||| 미묘한스푼이아니라 몇스푼을 담은건지!! 아이들 노는 모습 잘보구 갑니다. ^^ ||| 귀여워~~넘~~~ ||| 너무 귀여워요 ㅠㅠㅠ,애완동물/동물
yCER8WdAUSg,귀여운 아비시니안 첫만남부터 합사까지 고양이 브이로그 #vlog #Abyssinian #고양이 #새끼고양이 #브이로그 #집사,오리두리모야 oridurimoya cat vlog,천사같네요 정말ㅠㅠㅠㅠㅠㅠ 너무 예뻐요❤❤ ||| 앗 쥐인형 진짜인 줄 ㅋㅋㅋㅋ 아가 너무 이쁘네요 ㅎㅎㅎ 아비니시안 애긔때 진짜 이뿌다 ||| 너무 귀여워요ㅠㅠ♡♡ ||| 흐엉... 진짜 무슨 이렇게 귀여운 생물체가 다 있나요 ㅠ_ㅠ ||| 아이구 고양이를 너무너무 이쁘네요 영상 잘 보고 가요 구독 좋아요 꼭 누르고 서로 구독하고 지내요,애완동물/동물
GyRfIsTpfrY,털찐 고양이 | 고양이 브이로그 Cats vlog,고두남 Godunam,털 빗질도 장모들은 장난 아니네요 ||| so fluffy cat ||| 맞아요 단모도 빗질하기 힘든데 장모는 몇배 더 힘들겠지요  그래도 귀욤 귀욤~~건강하자~~ ||| 시원해 이런 표정이네요😀 ||| ㅎㅎㅎ   냥이가 너무 귀여워요  빗질하는데도 얌전히 있네요😋,애완동물/동물
qn9b_hrbPQs,검은고양이의 브이로그,구구하우스,"ㅠㅠ빵떡같은 검냥이 너무 귀여워요ㅠㅠㅠ ||| 으아아아아ㅏ아아,,, 너무 귀엽고 소중하고 시커멓고.... 제가 정말 너무 좋아하는 전체 검정색에 노랑눈...!!!! 저희집 멈머이도 검정이라 검정색을 진짜 좋아하는데,, 너무 귀여워요 ㅠㅠ ||| 헉헉 역시 검은 고양이가 최고야 ||| 두녀석이 함께 캣휠을 타다니 환상의 호흡이네요ㅎㅎ 냥이들 운동기구로는 딱인거 같네요 ||| 제발 1만될때까지 영상 꾸준히올려주세요 제발요 ㅠㅠㅠㅠㅠ",애완동물/동물
Hq0CgC93UQ4,자취생 고양이 브이로그로 알아보는 고양이 집사의 하루,초밥집 : 퇴근후,ㅜㅜ 너무 귀여워요 자주 놀러올게요 냥이당❤️ ||| 하얀아가 품종이 뭐에용?? 넘 기엽당 ㅠㅠ ||| 안녕하세요! 고양이 스프레이를 함께 진행하고 싶어서 제품 협찬 제안 드립니다. 답글로 연락처 알려주시면 연락드리도록 하겠습니다. :),애완동물/동물
KKXnEcNjIHE,[VLOG] CAT GRASS 첫 캣그라스 후기! | 고양이 브이로그,Jenny Park,저희 아이들도 캣닢에 아직 별 반응이 없는데 캣그라스 도전해봐야겠어요! 영상 잔잔하구 힐링 돼요 또 놀러올게요! ||| 흥해라!!! 머리 귀여워요 ||| 고양이 너무 사랑하는 1인으로서 힐링되는 영상이었어요ㅎㅎ 잘보고갑니당! 자주소통해요🙏 ||| 😻 ||| 넘기엽네요 호,애완동물/동물
G4KI64nh9TM,[고양이 브이로그] 새끼고양이 간식주기,설이TV,힐링 하고 갑니다~^^ ||| 와ㅏㅏ 고양이 너무 귀여워요 !! ㅠㅠ,애완동물/동물
_DpQv_zsdJU,[고양이 Vlog] #2 | 일상 브이로그 | 광합성 | 소소하고 평범한 고양이 브이로그 | cat | 나비 | nabi's vlog,나비 nabi's vlog,나비 귀여워요 🖤 영상 잘 봤음다 ! ||| 안뇽 나비야🐱🐱 ||| 납이 귀여웡 ||| 나비 브이로그 또 올려주세여🤲🏻 ||| 납이 븨로그 또 언제 올려요?,애완동물/동물
pRZ-CtKK1gI,아기고양이 입양했어요!! 먼치킨 새끼고양이 입양 첫날 브이로그(vlog),청코둥코_Cat&Dog vlog,"먼치킨 참 예쁘죠 알면 알수록 매력도 넘치고 사랑 받기 충분하죠!! 엄청 애기네요 ㅠㅠ 귀여워라 ,, 저희 애기도 먼치킨이에요:-) 저희 애기들두 보러오세요ㅎㅎ! ||| 아 사랑스러워 먼치킨 냥이는 구냥 녹이네요 ||| 코코 자는 모습도 너무 귀여움♥♥♥ ||| 아큐 귀여워라..😘💋 코코 담요가 저희 멍멍이들 담요랑 똑같네용 ㅋㅋㅋ 흐흣 깜짝 놀랐어여 😚🤗 ||| 브이로그 재미있게 잘하셨어요",애완동물/동물
GqYmd5LSQ34,"길냥이 방울이의 첫 장난감 후기_고양이vlog,고양이브이로그",이모저모톡,영상이랑 음악이랑 찰떡이예요! 방울이가 사랑받고 있다는게 표정으로 드러나는 거 같네요..ㅎㅎ잘 봤습니당~! ||| 뭐냐구~ ||| 방울이 넘 귀여워요 !! ㅠㅠ😍😍 정말 잘 보살피신것같아요 털도 뽀얀게 집고양이 같아용 ~~ ||| 오모오모오모 어쩜 ||| 아니 도대체 싫어요 누른 사람은 누굽니까!!!!!!!!!!!!!!!!!!!!!!!!!!!!!!!!!!!!!!!!!!!!!!!!!!! 전 좋아요 눌렀어요 ^_^,애완동물/동물
MWHlaKLSFFQ,고양이를 입양했습ㄴ.. 예?? 주인님 잠시만요!!! [고양이 브이로그],HURI TV,아프지 않고 건강히 자랐으면 좋겠네용 ||| 맙소사.. 이렇게 귀여운 고양이는 첨봐용 ||| 돌아오세요 ||| 후리야 자주올려줘 고양이 귀엽다 ||| 너무 귀엽네요ㅎ,애완동물/동물
9QfvLeoY_yo,[고양이 Vlog] 자기 전에 보는 고양이 브이로그,phiiice,행복한 코코♡♡ 코코와 함께하는 일상이 아주 대~~단한 행복이 되어버린 날들~~ 코코가 위로가 되고 지친삶에 활력을 주네요~~^^ 이쁘니 치즈♡♡ 오늘도 사랑하세요♡♡ ||| 하 고양이는 사랑입니다.. 힐링이네요...오래오래 건강하길... ||| 볶음밥은 김치볶음밥인가요 .. 너무 배고파요 ... 냥이들도 😻😻🥺❤️ ||| 잠을 잘 오게 해준다고 해서 보려구요 💤💤 ||| 화질 좋은데요? 구독하고 갑니다^_^,애완동물/동물
6GK2iwMiHbU,#브리티쉬숏헤어#골드브리티쉬#고양이 브이로그,뭉치네,알리 도도하고 너무 예뻐요 ㅎㅎ구독하고 갑니다🫶 ||| 고양이들이 다~귀여워요~~~구독하고 가요~😻😻😻😻😻 ||| 몇살인가요？ ||| 혹시 감일지구???,애완동물/동물
-dYEMO_XWNI,고양이브이로그 ㅣ Cat vlogㅣ고양이 남매와 나른한 일상🐱💕,통통패밀리,오구 귀여웡 ㅠㅠ 다복이 복순이 ㅠㅠ 으어아아아아 뀌이어ㅓ아아아 ㅋㅋ ||| 😻😻😻💕🧡💖💋😻😍,애완동물/동물
zBLcsN7iA5M,고양이 가족 브이로그 [Clem Family Vlog] 고양이 브이로그,Clem Tube,우리 냥이들🐈  맛난것도먹고 너무 이쁘네요 영상 선명도가 보기 좋아서 끝까지 시청안할수가 없겠어요😃  바이올린음악도 잘들었습니다 🎼🎻 ||| 애들이 하나같이 이뻐요^^ 오늘은 클렘이 베스트네요 늘씬늘씬한게 아주ㅎㅎㅎ 특식 메뉴고르는 비법좀 전수받아야겠어요 :) ||| 피치.클렘.체리와의 평온한 일상이 좋아요.🌸🌸🌸 ||| 클렘이 전용자리에서 다리 쭉 펴고 앉아있는거 너무 귀여워요 ㅎㅎㅎㅎ 사람 구경하는 피치 ㅎㅎㅎ 재밌나봐요~~ 체리는 아침저녁으로 그루밍에 열심이군요 ㅎㅎ ||| 피치 창가에서 사람구경하는거 너무 귀여워요 👍👍,애완동물/동물
1_AXduB_usE,흔한 고양이의 일상 | 고양이 브이로그 Cats vlog,고두남 Godunam,so fluffy cat ||| 하품 하면서 환하게 웃는데요 ㅎㅎ 턱을 내주고.. 높은 해머안에서  휴식하는 행복한 냥이👍😻 ||| 고두남님 댁은 햇살맛집이네요ㅎㅎㅎ ||| 흔하고 별거없는 일상인데 이렇게 이쁘고 귀엽고 우아하고 다 하기 있냐옹ㅠㅠ♥ ||| 밑에서 본 귀여운 발바닥이랑... 털이 막 뭉개뭉개한거.... 진짜 너무 귀여워요ㅠㅠㅠㅠ,애완동물/동물
OZeqdKrnbvc,[Vlog] 아기고양이를 소개합니다 #고양이브이로그 #집사브이로그,뽀송고고[PpoSongGoGo],뽀송이 너무 귀여워요 진짜!!🐈🐈 ||| 고양이 너무너무 이쁘네요 영상 너무 잘 보구 구독 좋아요 누르고가요 서로 소통하고 지내요,애완동물/동물
BS4MzRnSHto,[VLOG] 집사의 일기 (feat.고양이🐈) / 고양이 일상 브이로그,인네녀Innenyu,마음이 너무 따뜻해지는 영상 ㅜㅜ 스트레스 받을 때마다 힐링하러 들어와요👍🏻👍🏻 ||| 애기고양이 너무 귀여워요ㅠㅠㅠ 진짜 저도 고양이 너무 키우고싶지만 이렇게 랜선으로 보는것도 만족합니다 ㅎㅎ 영상이 너무 이뻐요 잘보고 갑니다 구독하고가요😆👍🏻,애완동물/동물
atVDyTXXDys,집에서 고양이들과 보내는 일상 브이로그 | Dope Vlog,돕요가DOPEYOGA,산이 모야 안돼 하니까 애앵하는 거 너무 너무 너 무 귀엽습니다 마무리도 아주 행복하게 만드는 마무리...! 요가를 빨리김기로 보니까 새롭네요 ㅋㅋㅋㅋ 중급 이하의 영상만 봤던 저는 선생님의 멋진 동작에 감탄하고 갑니다! 브이로그 잔잔한데 재밌어요 ㅋㅋㅋㅋ ||| 브이로그 잘봤어요 돕쌤 이제 실내체육시설 운영이 안된다고 하네요. 저도 답답한데 돕쌤은 얼마나 답답하실까요.. 다시 모여서 운동하는 날까지 화이팅이에요:) 퇴근시간마다 올려주시는 영상으로 항상 요가 잘 하고 있어요. 감사합니다 ||| 돕로그 분위기 힐링되네요... 고앵 너무 귀여워요ㅋㅋㅋ 잘 보고 갑니다 ||| 다시 보러 왔어요. 산이가 빵에 관심갖다가 안돼~ 하고 혼나고 비닐봉지 뺏기고 억울해하면서 우니까 저희집 고양이가 눈이 왕방울만해져서 두리번거리네요. 산이 너무 귀여워서 안는 거랑 멀리 있는 고양이 이름 괜히 한번씩 부르는 것도 공감됨. 저희집 고양이도 안는거 싫어해서 딱 3초 참아주고 바닥으로 도망쳐요. 자기 이름 부르는 거 알면서 귀만 쫑긋 꼬리만 팡하고 맘. 고양이들 너무 귀여워요... ||| 산이....구름이....🥰🥰🥰🥰🥰 브이로그 자막마저 너무나 돕님 말투여서 마음이 참말 편안하고 잔잔해졌어요 ㅋㅋㅋㅋㅋ 돕님 이번 겨울 건강하게 보내세요!,애완동물/동물
uNG4WAu29iU,"VLOG 라떼는 캣유딩이 되었어요, 고양이 브이로그, 냥줍",민화 minhwa,너무 귀엽고 사랑스러워요~~♡ ||| 이쁜 냐옹이 영상 올려주셔서 너무 감사해용 ㅠㅠ 왜이리 사랑스러운지 모르겠어용 😍😍😍😍😍 자주 구독하고 소통하며지내용~!,애완동물/동물
Fdq5kYeFMFw,"봉지의 여름 나기! 둥근 얼음 공놀이. 원룸 고양이 브이로그, Cat Vlog",Daily봉지,자면서 뭘 그리 먹냐 봉지야 ㅋㅋㅋ 공놀이 하다가 갑자기 서서 이족보행 하는 줄 😂 그냥 드시고 싶으셨던 걸로 🤣🤣 ||| 흐앙 귀여워! 봉지를 축구단으로 ㅋㅋ ||| 진짜 완전애기다 ㅜㅜ ||| 봉지저아,애완동물/동물
uO2PDwuxgJg,봄이브이로그]봄vlog]고양이vlog]고양이브이로그],봄봄,ㅋㅋㅋㅋㅋㅋ 사냥 성공한척 하네 ㅋㅋㅋㅋㅋㅋㅋㅋㅋ 너무 귀여워서 눈물 납니다 ( o̴̶̷᷄ ·̫ o̴̶̷̥᷅ ),애완동물/동물
u39pcl1eRvg,고양이 브이로그 1.영상을 올리게 된 이유,노은정,,애완동물/동물
k3Z_Gs1ViNA,보호소를 탈출한 백화 사촌 엄지 구조,동물구조119,대장님 음성도 정이넘치네요 다행이 구조되어 좋습니다 좋은집에 입양되어 고생끝~~사랑받고 살았으면 좋겠어요 대장님 고생이 많으십니다 ||| 커지지않는 C19에도 구조에 힘쓰고 계시는 구조대원님들 모두 건강하시고 다치지말아 주세요. 늘 존경하고 응원합니다. 고맙습니다. ||| 대장님 오늘도 고생하셨습니다~^^ ||| 임대장 목소리 중독성 있네 ㅎㅎㅎㅎㅎ 유실되지 않도록 철저한 관리합시다. ||| 고생하셨습니다~~^^그리고엄지야 조금만참자 지금까지못받은 사랑 다받을수있을꺼니깐 힘내자~~♡♡♡,애완동물/동물
FJaWK02FMb8,보호소에서 유기동물을 입양하는 실제 모습을 공개합니다! ㅣ  가평 유기동물 보호소😺,포인핸드,"감사합니다 입양자님 ||| 감사합니다 행복하세요 ||| 입양자님이 너무 선해 보이세요~^^  토르야 새로운 세상에서 건강하고 행복해~♡♡♡ ||| 인상만큼 착하지만 외유내강 이시네요 의지 확고하다면 입양할수 있다! 입양 너무 무서워하지 마세요! 같이가자! ||| 안녕하세요, 학교에서 선플 달기 활동을 하고 있는 학생입니다. 평소에 TV에서 유기된 동물들이 나올 때마다 불쌍하다고 생각해서 유기동물을 입양하는 모습을 찾고 있었는데 딱 이 채널이 눈에 들어와서 댓글을 남깁니다. 솔직히 유기되었던 동물을 입양하는게 쉽지는 않았을 것 같은데, 그런 걸 신경쓰지 않고 입양을 하시는 모습이 너무 보기 좋았습니다. 토르가 입양자 분을 만난 것 같아서 다행이라고 생각합니다. 토르와 입양자 분이 행복하고 건강하게 지내시길 바라겠습니다.",애완동물/동물
yKnx0clgkco,다른 강아지 보는 앞에서 짐짝 던지듯…보호소 안락사 '논란' [해피펫],뉴스1해피펫,아  마음아파  한순간에가는구나  우리댕댕이들이  여러분 안락사 막으려면 우리댕댕이들 입양가야합니다 도와주세요 입양갈수있게요 네 ||| 세상에 ||| 안락사 법규가 분명 필요합니다.  인간과 가장 근접해있는 동물이 강아지인데 정말 선진국의 문화 아직 우리나라는 멀은듯 하네요. ||| 유기견제공공장  강아지번식장만 없애도 유기견들 거의사라진다는데 왜 울나라 법은 항상제자리인지~ ||| 진짜 화가나네요 😭,애완동물/동물
qcF9wirhh3w,동물 보호소에서  한달 된 양이  입양 첫날,하늘샘,천사를 곁에 두셔서 복많이 받을실것입니다 ||| 가족으로 입양해주심을 감사드려요^^ 언제나 고양이와 끝까지 함께해주세요!! 복많이 받으세요^^ ||| 아니 집사 이 양반아~~~~~~~ 평생 복받으실껍니다~!!! ||| 너무 감사합니다 이쁜아가 엄빠랑 꽃길만걸으렴구독누르고갑니다 ||| 무지개 다리 건널때  까지   사랑 해 주세요!,애완동물/동물
XTH9ksE618U,유기견들을 개농장에 판매한 정읍시 유기동물보호소에 다녀왔어요,똥개로움,"우리가 할 수있는 가장 효과적이고 큰 힘은 관심을 갖는 것 이라고 생각합니다. 저 역시도 할 수 있는건 관심을 갖는 일밖에 없어요ㅜ_ㅜ 실제로 고생하시는 현장의 분들께 존경과 감사의 마음을 표합니다.. 정읍시에서도 이 일이 관심을 받기 시작하면서 적극적으로 움직이고 있다고 해요. 현재 가장 큰 문제는 어린 강아지들이 파보를 이겨내야 한다는 점인 것 같아요, 지금 현장에서는 많은 분들이 정말 애쓰고 계셔요. 이곳은 시에서 위탁으로 운영하는 곳이었기 때문에 이 모든 책임은 정읍시에 있다고 생각을 하고, 시도 어느정도 인지를 하고있는 듯 보입니다. 그래서 임시보호시설이라던지 치료비의 문제는 시에서 감당할거라고 합니다. 이것 역시 사람들이 많은 관심을 보이기 때문에 가능한 일이었을 거라고 생각해요. 이제는 이번 일을 통해서 다른 지자체에서도 관심을 가졌으면 좋겠어요. 마음속으로는 전국민 이슈가 되어서, 다른 지역에서도 운영하고있는 유기동물보호소를 점검하고 더 나은방향으로 나아갔으면 하는 마음입니다.  지금 문제가 있는 파보가 좀 진정되면 종종 소식 전할게요! 후원금관련해서는 현재 모금계획이 없는 것으로 알고 있습니다!  저는 보통 후원할 때, 명확한 사용계획과 추후 공개여부를 확인합니다. 안좋은 사례들이 많아서 후원은 조심스러운 부분이고 현재는 대부분의 비용을 시에서 감당하기 때문에 아직은 어려움이 없습니다. 앞으로도 소식이 들려오는대로 정리해서 커뮤니티에 게시할게요! 여러분들 감사합니다! ||| 여러분들이 있어서 소망이 보이네요 제발 이런 개념없는 도둑놈들은 제발 없어지길~~~^♡^ ||| 고맙습니다. 우리아가들 꼭  염치없는 부탁입니다 도와주세요 ||| 응원합니다~♡♡ ||| 항상  수고 해주셔  감사 합니다",애완동물/동물
8c1IYYwuZhM,"군산유기동물보호소, 유기견 폭증…안락사 검토",금강방송,천벌받을겁니다 정말 가슴이 아프네요 ||| 직원 및 봉사자들 고생이 많습니다. ||| 제발 버리지마세요 ㅠㅠ ||| 여기 개가 너무 갑자기 늘어서 개들끼리 서로 물어죽인대요 ㅠㅠ 버리지 맙시다... 입양합시다. ||| 안락사 걱정되면 버리지마라,애완동물/동물
Um3pG8CqPhE,고성군 유기동물보호소 댕댕이 찾은 날,시골아찌,찾게되어 천만 다행입니다  눈에 아이가 안 보이면 심장이 벌렁거리고 간 떨어지는것 같거든요. 저희 집 주변엔 카요티 (코요태) 가 많이 와서 강아지를 물고가거든요,애완동물/동물
CrnYKsT2U6w,(유기견보호소 방문기)도살장가던길 구조 된 사람의 손이 너무 그리운 100마리 강아지들.사지말고 제발 입양하세요ㅠ,동물농장쥐도리,소장님 고생하시네요. 감사합니다. 존경합니다. 늘 화이팅 합니다. ||| 이쁜애들도 많고요  후윈금이  많이들어오면 좋게어요저는 지금두마리를 키우고있어요 많은사람들이 입양을 해주시면 좋겠어요 ||| 저 많은  아이들 잘 돌봐주시는군요 깨끗하고  건강하고  하나같이  밝아요 고맙습니다~♥ ||| 고맙고 고맙습니다 ❤❤❤❤❤❤ 모두 다  이쁘네요 ||| 유기범 처벌 강화해야!! 동물복지부 세워지길!! 부디 평생반려견으로 입양해주세요💕💕💕💕💕💕,애완동물/동물
a30zZ4ify8k,한국 VS 미국 동물보호소의 놀라운 차이 ; 유기견에게 책읽어주는 아이들,휴애니프렌즈,"아쿠 오타가 있었네요 8:50 '무의'--》무위~^^;;; ||| 유기견들에게 책읽어 주는 보호소~ 이런 보호소 문화가 우리나라에도 빨리 정착되었으면 좋겠네요 ||| 동물들과의 교감이 아닌 폭력을 배우는 사회!!!!""  양 체험, 고양이 카페 등 이건 명백한 ""폭력""입니다. !! ||| 페팅주, 소동물카페처럼 인간만의 만족을 위해서 찾는 이 문화가 사라졌음 좋겠습니다ㅠㅠ부디 ||| 안녕하세요  김성호교수님 제 친구중에  김대찬이라고  책을  보면 그냥 자는데  왜그러는걸까요 방송에  불러서  수면제와 책  중에서 먼저 잠드는 실험을  하면 조회수  떡상  예상합니다",애완동물/동물
mZsZDe_Ght0,보호소에 사람이 없을때 강아지들이 하는 일은,유기동물을 부탁해,[입양완료] ||| 얌전히 기다리고있는 댕댕이들ㅠㅠ 다 이뻐요. 사지말고 입양합시다. 그에앞서  제발 버리지좀말아라. 사람들아. ||| 기운없는 모습보니 제마음이 뭉클합니다 다 순둥하고 착한아이들 인데 어서 빨리  오래함께 할수있는 가족 만나서 행복하 게 살았음 좋겠어요 ||| 첫째로 사랑해줄 좋은가족을 꼭 만나자 세찌야 ||| 천사들아 너무너무 미안구나..,애완동물/동물
NOTZCqKgiG4,유기동물보호소란?,행강 유기견보호소,정말 수고 하십니다 사설 보호소 관계자분들 진심으로 감사드립니다 ||| 끝까지 책임감 있는 반려인이 됩시다 ||| 정먈 중요한 정보네요  강의  감사해요 좋아요와 댓글에 좋아요도 채널홍보에 많은  도움이 된다고 합니다 눌러주셔요 ||| 불쌍한 동물들 사람들때문에 이리저리 이용만 당하고 ㅜ,애완동물/동물
xP7oT0ZgpiY,광복이 형 박성광이 유실유기동물보호소를 찾았어요 | dog,뉴스1해피펫,,애완동물/동물
nauMF_qxTSs,국내 최초 선진형 유기동물 보호소 ‘카라 더봄센터’는 봉사활동도 뭔가 특별하다✨ │ 유기견의 입양률을 높일 수 있는 방법,포인핸드,더봄 항상 응원합니다🙏 ||| 우리 리타💖💝💘 ||| 와 이렇게 영상으로 더봄센터 현장을 볼 수 있어서 넘 좋네요 다들 좋은 가족 만나길 🧡🧡 ||| 독일의 티어하임처럼 되어 주시길 바래요! ^^ 응원합니다 ||| 우와💜,애완동물/동물
Ihkcpiwtukk,"""개식용만 종식돼도 유기견 줄어"" 동물보호소의 현실 | dog",뉴스1해피펫,,애완동물/동물
o7zHAlO_Oa8,첩첩산중 비상상황인 김제시유기동물보호소,레오맘과 동행Leomam tv,당신은 애견인들에게는 작은영웅입니다 아니 큰영웅입니다 진심으로 감사합니다 🐺🐶🐕🐅😊😊😊 건강하시고 행복했으면좋게습니다 사랑이 넘치는 레오맘님 🍀🍀🍀🍀🍀🍀🍀🍀 ||| 김제시  무엇하는 인간들아    국민혈세   동물들   하구  인간  하구   함게쓰자    지자체   들     무언들  하냐 ||| 하루속히 동물보호법이 만들어 졌으면 좋겠네요 이제는 애완견이 아닌  반련견 시대인데... ||| 말못하는 짐승들한테 인간들이 참...몹쓸짓들을...어찌해야할꼬? ||| 아휴  정말 어쩜좋아요  인간들아 제발 버리지좀 말아주세요  이 못된 인간들 니들은 숨쉬고 사냐,애완동물/동물
UfUq4cXJ7f4,쇠몽둥이 맞아 눈 잃은 강아지...인천 동물보호소 대형견들의 가슴 아픈 이야기,임기자의 생생지락TV,*영상을 올린 지 6개월 이상이 지나 북순이네쉼터 후원계좌를 삭제했습니다. ||| 참 복받을분이네요 동물을이렇게사랑하시니 감사합니다 ||| 강쥐.쇠몽둥이로 때린 인간 천벌받습니다. ||| 감사합니다여러분 ||| 봉사자님.  불쌍한 강쥐들 위해. 수고.많으셨읍니다.복 많이 받으시고 늘.건강하세요,애완동물/동물
vcr1lRH2d8o,"유기견 보호소 사료 200kg, 강아지 수제간식 기부했어요!  유기견센터 봉사, 기부 하는 방법",먼지언니&펫푸드스쿨,정말 훌륭한 일 하셨네요! 유기견 기부를 어떻게하나 찾고있었는데 감사합니다!^^ ||| 너무 멋있으세요 저도 수능 끝나고 얼른 봉사 다니고 싶어요 ㅠ ||| 대단하고 고맙습니다 ||| 정말 좋은일 하시네요! 🥰🥰 ||| 박수치고 갑니다.,애완동물/동물
moSXq-82vBQ,🚨 나주 동물보호소  실태🚨,냥멍멍 세상,"미친,,,,공무원들 처벌 빡세게 해야할듯 보호소란 이름뒤에서 저런 추억한 짓거리들을 하고 있다니 미쳤네요ㅠㅠ ||| 영상보고 많이 울었습니다. 화가 치밀어 올라요~불쌍한 애들... 진짜 어떡해요. ||| 나라에서 좀 더빨리 시급합니다 이게 말이 됩니까 아진짜 미치겠다 아 인간말종들 ||| 잔인한 인간들이네요 어쩜 밥을 먹고 사는 인간이 저토록 잔인하고 몰인정한건지 꼭 처벌해야합니다 동물법도 엄하게 처벌해야합니다",애완동물/동물
8gFZLm9grUc,안다동물보호소와 함께 하는 친구들 여름나기 - 보양식만들어주기,안다TV,절대 탓하지 마세요 구조하신 시츄들중 무지개다리 건넌 아이들은 생이 거기까지였던 거에요 화이팅 해주시고 지금 수많은 아이들 입양 잘 갈수 있도록 많이 홍보 해주세요 ||| 츄츄.ㅠㅜ그래도안다를만난것두그아기에행운이라생각하고슬프지만힘내고잘재고있는것같아안심예요.모든분들감사.감사합니다 ||| 시츄를키우고있는입장에서 츄츄가 안쓰럽기도  한편으로대견하네요!!두눈이없는데도 느리지만  밥도잘먹고!!ㅎㅎ 다른시츄들도 잘지내고있겠죠?이젠모두행복하길🥺🙏🏻 ||| 이렇게 애써주시는분들이 계셔서 얼마나 고마운지 모르겠어요  감사합니다^^ ||| 시츄 소식들 기대하고 있었는데 다들 좋은 곳으로 갔나보네요 행복하길😘,애완동물/동물
wEw9vg-4rvw,울진군 보호소!!!개농장에서 운영중,냥멍멍 세상,ㅠㅠ🙏🙏🙏🙏🙏 ||| 이거완전 시에서 불법개농장을 후원하는격이네~~ 미치겟다.진짜 ||| 방송국 피디님들   방송한번 해주세요  국민세금가지고    동물들도  인간과 함게살아야죠  ?  아직도  저런장소가  있다는게  소름끼치는 행동이네요  울진군청관계자놈들     너희들  인간이냐    너희들  천벌받을놈 에이라 ||| 아가들 구조하면 저런곳으로 가는거라 싶으니까 참 서글프네요 공무원들이란 인간들은 도데체ㅠㅠ ||| 청원동의했고 지인에게도 공유했습니다. 하루빨리 잘못된것들 바로잡히길 ... 기도하겠습니다.,애완동물/동물
sto4ouZ8gA8,"애완동물과정, 유기견 보호소 봉사활동에 다녀왔어요!",서울예술실용전문학교 펫튜브,,애완동물/동물
xJQGNA7gSO8,아기 포메라니안 분양기,사랑&행복,펫샵 대부분 애기들 분양보낼때까지 안커야 되니까 최소한의 먹이만 제공함 그래서 데려오면 얼마나 배고팠는지 허겁지겁 먹음 ㅠㅠ 근데 예쁜 애들은 다 저런 펫샵이지 모.. ||| 헐..너무 귀엽긴한데 저 안에 갇혀있는 애기들 불쌍하네ㅠㅠ ||| 아공.. 나두 울 애들이 하도 졸라서 강아지에 대해 암꺼도 모를때 샵에서 울 감자 데꼬 왔지만 지금은 샵앞으로 못 지나가요 거기 있는 아가들 넘흐 가여워서 ㅜ ||| 박스가 너무 택배상자 같아서 마음이 아프네요.... 좋은 주민 만난것 같으니깐 다행이에요. ||| 강아지 공장에서 온애들 가두고 키우는거고 저기서 2개월이라고 속이는애들 다 생후 몇주밖에 안된애들임 그것도 최대한 못크게 하려고 밥 쥐꼬리만큼 주고 분양 안된애들 다시 강아지공장 보내고 반복인데 펫샵에서 받은게 뭐가 자랑이라고 올림 본인들 때매 펫샵이랑 강아지 공장이 안없어 지는건데,애완동물/동물
PF5i-W4vSfQ,"현 천안 보호소의 현실, 충남 동물보호소 안내",냥품생활,만행을 알리는데 동참하겠습니다. 영상 올려주셔서 감사합니다. ||| 지금이곳같은곳을마니생겼으면좋겠습니다~~넘좋은일같아요~~시보호소에서안락사되는아가들을케어해서다시입양하는홍보넘좋아요~~널리소문나게도와주세요 ||| 미경원장님정말고맙습니다 한아가라도더구해주시려는진심이맘에와닿네요 앞으로도늘건행하시길♡♡♡ 영상에후원계좌올려주시면뜻있는분들이동참할수있지않을까요 ||| 전국 공통적인 특징을 알게됬어요 유기견.보호소 공개를 시.군에서 꺼린다는거요 이유가 뭘까요? 떳떳하지 못한거죠 보호소 직영으로 운영하라 ||| 악한놈들 천벌을받습니다!반듯이,애완동물/동물
OzT657mPZeo,사설 유기동물보호소,행강 유기견보호소,얼굴이 부으신것 같은데 너무 스트레스받지마세요~!! 라이브방송은 못봐도 잘 챙겨보고 있습니다~!:) ||| 공감합니다 ||| 대부님 혈압오르실까바 자중하시라고 화나게 한사람들 상대하지마시라고 건강헤치신다고 말한건데 칠리맛볼님이랑가자 아이슬랜드님 오해하고 말하시는듯요 채창 안밧는데 나중에 밧네요늦게 들어가서 잠간밧는뎅 화만이 나셨던뎅 심근경색으로 쓰러지신적도 있고 혈압 자꾸 오르면 머가좋나요,애완동물/동물
JyNJwvqoDdk,유기동물보호소에서 토끼 데려 옴 ｜ 뉴 페이스를 소개합니다.🐰❤,HopHopBunny,"유가토끼 압양비는 어느정도 들고 병원비는 어느정도 드나요 ||| 복뜌니 간만에 정주행하고있습니다. 저는 복가네 영상가운데 많은 영상들이 마음이 따뜻해지지만, 이 영상도 가장 휴먼다큐뺨칠정도의 따뜻함이 있어요. 우리 볶뜌니 길거리생활하고 따뜻한 집에 들어온 그 기분 기억할까요 ㅎ.ㅎ ||| 포인핸드에서 동작구청쪽녀석이라 닮았네여. 고녀석 한승질부리다가, 케이지로 쏘~옥. 울집케이지는 베란다에  처박혀있다보니 녹슬어가다 자연스럽게 분해될듯한;; 마트에서 쉽고 싸게 접할수있다보니,유기토끼들이 점점늘어가는게 참안타까운현실이네여. 구조되고 입양까지되면 다행인데 그전에 타동물에게 당하는녀석들도 많기에, 호기심이 아닌,진정 반려동물로 생각하고 책임질수있을때 가족으로 받아주고 돌봐줬음하는. ||| 왕 토실궁디와 짧은귀 애기얼굴 넘 귀여운 친구이군여🐰 복점있는 복순이를 평생 보듬어줄 좋은주인을 만났으면 좋겠습니다🙏 ||| 토끼를 너무 사랑하는 저에게 깡총 님은 너무 좋으신 분 같아요 ;ㅅ; 섬세한 부분 하나하나에서 토끼를 정말 사랑하고 존중하시는 게 느껴져요 ㅠ.ㅠ 복순이도 무사히 얼른 소중한 가족을 찾아갔으면 좋겠네요 오늘도 잘 봤어요!",애완동물/동물
_QArE4AhJuk,전라남도 유기동물보호소 민원요청,행강 유기견보호소,구독합니다~~~  고맙고 감사합니다 함께해요~~~ ||| 우리나라  진짜  확 부숴베리고싶어요  방법좀 찿아주셔요 불쌍한 아이들 모두를 위해 제발 방법좀 찿아주셔요 저영상들보고는  일을못하고있어요 ||| 적은 금액이여서 죄송합니다 예기치 않은 일로 너무 늦었읍니다 아이들을 위해 항상 수고가 많으신 행강님  아이들이 지금보다는 조금이라도 편할수 있는 환경을 만들어주세요 또 뵙겠습니다 참! 회원가입을 하려고 했다가 아직 컴퓨터에 미숙한 탓인지 진행이 잘 안됬읍니다 다음에 한번 더 진행해 보겠읍니다 ||| 동물농장에 제보도 넣었습니다.얼마나 도움이 될지는 모르겠지만 계속해서 뉴스에서도 보도가되고 있어서 동물농장에서도 움직여줬으면 하는바램입니다. ||| 여러 의미에서 솔직히 돌아 버리겠습니다 어느곳을 봐도 진실이 보이지 않는 이런 상황을 정말 슬픈 현실입니다 회원가입하고 작은 금액이나마 해보겠읍니다,애완동물/동물
e6knn8vOP1A,사람이 마냥 좋은 유기견보호소 강아지들과 인사해봐요♥,미미네(구 계정),애들이 전부 행복한 모습이라 넘 보기 좋아요~^^ ||| 흉흉한 소식도 많은데 미미네는 늘 진심이어서 좋아요^^ 후원해주시고 봉사해 주시는 천사님들 늘 감사드립니다 행복한 미미네 사랑해요♥ ||| 마치 이효리의 텐미닛처럼.. 10분만에...구독자님들 매혹시킨듯 합니데이~~^^^^ 우리 미미네아이들 구독자님들을 싹쓰리 꼬셔뿟네용~♡♡♡ ||| 여기 미미팬 추가요!!!!!!😘😘😘😘😘 ||| 다예쁜모습만잘담았네용 선물이네🥰,애완동물/동물
MBfBE-C1JUc,"♡유기견보호소♡ 후원간식으로 행복한 강아지,고양이들😍😍",미미네(구 계정),미미네도 태풍피해 없길 바래요 늘 함께 하는  봉사자분들과 후원해주시는 모든분들께 감사드립니다. ||| 이쁜이들💕💕💕 ||| 예쁘고 사랑스러운 미미 보호소 아가들 ❤️ ||| 귀여워라~ ||| 점점 아이들 이름을 알아가는 기쁨 ㅎㅎ 간식 먹는 모습 보기만 해도 행복합니다 😊,애완동물/동물
YvT1IdUoyJI,평생을 보호소에서만 살았던 귀여운 강아지의 외출,유기동물을 부탁해,[입양완료] ||| 방울이 를 미견이라고표현하신 삼촌 과해설하는 삼촌 다 멋쟁인것같아요 동물을사랑하는 맘도 남과다르고 맘이 천사 감사해요 ||| 방울아 좋은가족만나  사랑많이받고 건강하고 행복하게 맘껏뛰놀며행복하게살아라 방울이를가족으로맞아주신견주님정말고맙습니다 늘 좋은일만가득하길바랍니다 ||| 방울아 미안하구나 10년을 그곳에서 살았다니... 미안해... 너무 예쁜 눈을 가진 아이구나 순해 보이고 사랑받고 사는게 어떤건지 알았으면 너만 이뻐해줄 가족이 널 기다리고 있을거야 기도할께 방울아 미안해~^^ 해줄수 있는게 기도 밖이라서 ||| 좋은 보호자를 만나 남은 시간은 행복한 날만 보냈응  좋겠어요~~,애완동물/동물
OIWGaKEoWGw,(Engsub)처음으로 바깥세상에 나온 유기견보호소 강아지들 반응은? ㅣ유기동물보호소 울산미미보호소 입양 잠방 먹방 댕댕이,미미네(구 계정),여기 계시는 봉사자 모든분들 정말 존경합니다...아무나할수없는 사랑을 실천하고 계시는분들이니깐요 감사합니다 ||| 울산미미보호소~홧팅^^♡ ||| 선댓글후 감상해요 광고 다보기는 사랑입니다! ||| 아이고 예뻐라ㅠㅠ 얼른 좋은 가족 만나서 매일매일 산책하면 좋겠어요 ㅎㅎㅎ ||| 에공 !! 예쁜이들~~~밖에나왔구나 너무좋으다~~♡♡,애완동물/동물
458PfMLA0R0,♡유기견보호소♡ 견사 두번째 통로 강아지들 소개&간식먹고 느림보 된 고양이들ㅎㅎ,미미네(구 계정),😘💕💕 ||| 열씨미 시청해서 보호소  시설이 조금씩 나아지는데 조금이나마 도움이 되고 싶어요. 그리구 아가들 모습도 볼 수 있어 좋아여!!! ||| 아가들아 맛난거 많이 먹그라이~~😀❤ ||| 애기들 맛있는거 사줄때 보태주세요~ 후원합니다. 항상 응원합니다! ||| 라방은늦었지만 두배재생 들어가용!!!❤👍💜,애완동물/동물
hkl5z-ZAYYA,애딸이 입양가다🌼💛ㅣ 울산 미미네 보호소 입양소식 ㅣ 유기견 입양소식,미미네(구 계정),"안녕하세요^^ 애딸이의 새로운 가족이 된 언니에요☺️ 애딸이는 하루하루 적응하느라 정신없는 와중에도 밥도 잘 먹고, 엄마 아빠랑 잘 지내고, 잠도 너무너무 잘 자서 온 가족의 사랑을 듬뿍 받고 있답니다^^ 애딸이를 데리고 온 것이 제 인생에서 가장 큰 터닝포인트가 된 것 같네요^^ 소장님께도 너무너무 감사드리고 입양 과정에 도움을 주신 감자맘님인 저희 작은이모에게도 정말 감사하게 생각하고 있습니다^^ 처음으로 강아지를 키우다보니 부족한 점도 너무나 많겠지만 더욱 사랑해주고 아껴주면서 채워나가도록 하겠습니다😊 예쁘고 소중한 영상 제작해주시고, 좋은 댓글 많이 달아주셔서 너무너무 감사합니다:) 오늘 하루도 행복한 주말되시고 건강하세요:) 감사합니다ఌ ||| 감사합니다~♡ 애딸이 사랑받고 오래오래 가족들과 행복하게 살자~❤🧡💛💚💙💜🤎🤍 ||| 최고최고!3년이나 보호소 생활을 한 우리 애딸이의 찐가족이 되어주신 부모님과 누나 오빠 이모 모두모두 감사하고 사랑합니다~♡ ||| 애딸아 행복하쟈~~♡♡♡ ||| 애딸아 잘 적응해줘서 고맙고 항상 건강하고 예쁨받으면서 행복하게 오래오래 엄빠 언니랑 잘 살아~ 애딸이 사랑한다~",애완동물/동물
wxO6Q354Lz8,유기동물보호소 리트리버 순풍이네 9남매는 생후 21일째,애지중지TV,아구이뽀라 ||| 그곳에서 아기들을출산하면다죽었을턴데  너무감사해요 ||| 순풍이 진짜 착하고 대견하네요 어쩜 저리 육아를 잘하는지 아이들을 끔찍하게 잘챙기고요 진정한 모성입니다~~ 순풍아 아가들이랑 건강하고 행복하게 잘살아~💟💟💟 ||| 순풍이 산책도 잘하네요 꼬리콥터 ㅋㅋㅋ  아고 잘먹네요 아가들~~신기해요 봐도봐도 ㅋㅋ순풍이에게서 어찌조래 까만아기들이 태어낫울까요 애기물고 그늘로가네요~이제걷다 뛰댕기면 정신없우시겟어요  날이 마니더워졋네요~~착한순풍이 더운데 육아화팅!!!대표님두 건강챙기시며😁😁💪💪 ||| 감사합니다 ^^,애완동물/동물
5XQhPxiO8-4,♡유기견보호소♡ 간식 다 받아먹고 쌩~~ 하는 강아지..멍아치 함 보시죠~~😅😅😅😅,미미네(구 계정),아이들이 다 예뻐요ㅠ 항상 감사합니다!!^^ ||| 천사같은 아이들 돌봐주셔서 감사합니다. 맛나간식 후원해주셔서 감사합니다. 이쁜아이들 영상으로 만나게 해주셔서 감사합니다. 미미네 보호소 만세~~♡♡ ||| ㅋㅋㅋㅋㅋㅋㅋㅋㅋ아 귀여워 ㅠㅠㅠ 잘먹넹 아구 예뻥 ||| 간식후원 감사드립니다 💚💚💛💜 애기들 행복해보여요!! ^^ 오늘 뉴스에서 강아지학대범 2심에서 징역8개월 나와서  완죤 기뻤어요!   8년이면 좋겠지만ㅠ 그래도 점점 낳아지겠죠? ||| 순수한 눈빛으로 간식 받아먹더니 다 먹으니 바로 손절하네요 ㅎㅎ 후원해주신 천사님 감사드려요♥♥,애완동물/동물
de5dHc39Rt4,(ENGsub) 자유시간 만끽중인 유기견보호소 강아지들♥ Puppies at the dog shelter who enjoy free time♥,미미네(구 계정),따뜻한 봄날 폴폴거리며 기분좋게 돌아다니는 아가들 보니 맘이 푸근해 집니다.  빨리 좋은날이 오길바랍니다!! ||| 점점 밝아 보여 참 좋네요 여러분 축복합니다 ||| 소장님께서 얼마나 잘해주시면 아이들이 전부다 졸졸 따라다니는지.. ㅎㅎ 개루루~~~~ 딱이네요 ㅋㅋㅋㅋ 🌸💮💐🌷🌸💐 ||| 행복한 미미네보호소 풍경 💕💕 ||| 행복이 가득하다 못해 넘치는 곳이 어디일까요?? 바로 여기에 입니다 💕 💕 💕 이제 이 행복을 집에서도 누리실분 두손드셔요 ㅎㅎㅎ 지금 바로 행복해 질수 있어요 ~~~,애완동물/동물
uuC1fb6-dy4,[유.행.가] 유기동물 보호소를 소개합니다 - 경기도 도우미견 나눔센터,유기견없는도시,,애완동물/동물
BPs26LV1e04,유기견보호소에서 엄마빠 기다리는 강아지..바다와 소라~ 유기견입양..용기내 주세요☞☜,미미네(구 계정),"미미 미모담당??ㅎㅎ 어여쁜 두딸~!! 소심하지만 사람손길 너무나 좋아하고 애교많은 바다,소라~ ★ 바다 : 3세, 딸, 중성화X, 4KG ★ 소라 : 3세, 딸, 중성화O, 5KG 참가족~ 어여 나타나주세요~~~^^ ||| 아이들이 평생가족 만나서 행복하게 살아가기를 기원합니다~^^ ||| 더 늦기 전에 더 추워지기 전에..🙏🙏🙏 ||| 이쁜 얼굴만큼 이름도 이~~쁘네!!😚🤗 바다~소라~, 💖받아 충분한 아가들!💖 ||| 꼭 가족 만나길 빌면서 공유합니다",애완동물/동물
srAJr5qzlvo,[TV 동물농장 레전드] 심부름에서 야바위까지~ ‘천재견 로또’ 풀버전 다시보기 I TV동물농장 (Animal Farm) | SBS Story,SBS STORY,4:11 산책 안간다고 꼴까닥 하는거 미친건가 ㅠㅠㅋㅋㅋㅋㅋㅋㅋㅋㅋㅋ줜나 귀엽다 진짜 ㅠㅜㅜㅜㅡㅋㅋㅋㅋㅋ ||| 4:36 깨까닥 하다 고개 살짝들어 상황살피는 ㅋㅋㅋ 다시 깨까닥 귀엽다ㅎㅎㅎ ||| 이런강아지 보면 정말 환생을 생각하게 됨..정말 주인님 로또 맞으셨어..ㅠㅠㅠ ||| 와 진짜 로또 우리 아들들보다 훨씬 낫네요 효자따로없네요 진짜 똑똑하고 영리하고 애교만점까지 진짜 최고의 천재견이네요 ||| 눈빛이 달라요 반에서 공부 잘하는 아이들처럼 초론초롱하네요 !! 가족들 관찰하는 모습도 넘 똘망똘망. 짖는 소리도 억양이 있어요 금방이라도 한국말 할듯합니다,애완동물/동물
GZ0MP9QjOxI,동물의숲시대,무색큐브조각,도대체 스토리가 몇개나 들어있는거야 ㅋㅋㅋㅋㅋㅋㅋㅋㅋㅋㅋㅋㅋ ||| 군대가 이렇게 무섭습니다 여러분... 않이 휴가 나왔으면 좀 쉬라구요! ||| 아놔 돌겠넼ㅋㅋㅋㅋㅋ 야밤에 웃겨죽겠닼ㅋㅋㅋㅋㅋㅋㅋㅋㅋㅋㅋㅋ ||| 너무나 알찬 1분 49초였다....,애완동물/동물
msz7iIKdmbc,가장 귀여운 새끼 동물 월드컵,침착맨,침형 취향: 이쁘고 반짝반짝하게 귀여운것보다는  불쌍하고 남루하고 하찮게 귀여운걸 더 선호 ㅋㅋㅋㅋㅋㅋㅋㅋㅋㅋㅋㅋㅋㅋㅋㅋㅋㅋㅋㅋㅋㅋㅋㅋ ||| 새삼 회자되는 쏘영맘의 말 : '눈물을 뚝뚝흘리면서 부탁하면 들어줘요..' ||| 23:43 학창시절에 뭐 어쨋길래 말 한마디에 눈물을 그렁그렁 맺히게해 ||| 27:07 인형같다고 했는데 모니터 얼굴 들이대면서 ㄹㅇ 인형이잖아? 하는 거 보고 개터짐 ㅋㅋㅋㅋㅋㅋㅋㅋㅋㅋㅋㅋㅋ ||| 24:04 방장 어?하는거 짤이랑 매치되어서 넘모 귀엽다 ㅋㅋㅋㅋㅋㅋㅋㅋ,애완동물/동물
xc_SE1sfk7U,동물병원에서 주사 맞으며 비명지르는 아기고양이,다락방집사,넘귀여뷰ㅠ😢 ||| 오구오구 아야야했어 건강하게 자라자~ ||| 기여웡  아팟쪙 ||| 많이 아팠 겠어요!! ||| 오구 기특해라,애완동물/동물
kgEcFL8haMI,세계에서 가장 위험한 독을 가진 동물 | 동물의 세계 - Animal World Korean,동물의 세계 - Animal World Korean,검은맘바 ㅋㅋㅋㅋㅋㅋㅋㅋㅋㅋㅋㅋㅋㅋ ||| 제가 해외에서 상자해파리한테 쏘이고 운 좋게 산 사람을 봤는데 치료후에 쏘인 다리도 괴사되서 썩고 말도 똑바로 못하게 되는게 진짜 무섭더라구요ㄷㄷ ||| 세상에서제일위험한동물은 베어그릴스죠 ||| 블랙맘바 독이 킹코브라의 독보다 50배 이상으로 강하다..  제대로 알고나 떠들어리ㅣ ||| 데스스토커 독은 강한데 주입량 약하지 않나 성인이 쏘일시 진짜는 안죽는다는데,애완동물/동물
Nu87o5AgcoY,기상천외 맹수과 동물들 건강검진하는 날ㅋㅋㅣLion Wakes Up From An Anesthetic During A Medical Check Up,SBS TV동물농장x애니멀봐,이전이야기 A Previous Story ↓↓↓ http://bit.ly/wildani1 ||| 호랑이 발주는거ㅋㅋ 자기가 고양인줄 아나봐 ..진짜 졸라기엽다대박사건ㅋㅋ ||| 호랑이 뭐냐고 ㅋㅋㅋㅋㅋㅋㅋㅋㅋㅋㅋ다물어뜯을거처럼 등장했는데 말개잘들음ㅋㅋㅋㅋㅋ ||| 와..호랑이 몸에 부담을 덜어주려는 의도도 너무 좋고 저렇게 훈련 시킨것도 대단하네요. ||| 와 호랑이를 저렇게 훈련시킨것도 대단하다 ㅠㅠ ㅋㅋㅋㅋㅋㅋ,애완동물/동물
42fvJ5skggc,[TV 동물농장 레전드] ‘사고뭉치 백설기 15남매’ 풀버전 다시보기 I TV동물농장 (Animal Farm) | SBS Story,SBS STORY,처음엔 귀여워서 들어왔는데 볼수록 화나네 새롬이는 착해서 자기 새끼도 아닌데 젖주고 지금 젖 땔 시기인데 저걸 놔두라니...너무 불쌍하잖아 ㅠㅠ 새끼들도 너무 많아서 도와줘야할 판에 희망이만 챙기시려고 하고 ㅠ 그리고 사모예드 엄청 활동적인 아이라 산책도 자주 해줘야하는데 육아 스트레스에 스트레스 해소도 못하고 참.. ||| 새롬이 얼굴 순둥순둥 ㅠㅠ 으르렁도 안하네요 아저씨가 새롬이가 시달리는데다 하두 살이빠져서 챙기려는마음이 이해가 갑니다 ||| 와이게 뭐야 내가 뭘본거야 ㅠㅜ. 우리에겐 희극이고 주인님에겐 비극 ㅋㅋ ||| 원래 사모예드가 순해요 예전에 아무것도 모르고 강아지 분양 받으러 개농장 갔을때 자기 몸만한 철장안에서 살면서 사람만 보면 좋아서 어쩔줄모르고 손대면 막 핥던 사모예드 ㅠㅠ ||| 어르신 하루가 너무 바쁘실듯ㅋㅋㅋ 꼬물이들이랑 있어서 행복 하시긴 하겠네요 너무들 이쁘고 사랑스러워요,애완동물/동물
spiHw2VYbK4,토끼의 뽀뽀를 받고 당황한 강아지,[THE SOY]루퐁이네,"0:21 진짜 미친 거 아니야? 너무 귀엽다 뽀뽀받고 깜짝 놀라는 거 보자마자 심쿵당해서 혼자 난리침ㅠㅠ 오늘부터 구독이다 ||| 토끼 뽀뽀 장면 완전 킬링타이뮤ㅠㅠㅠㅠㅠㅠ ||| 0:21 뽀뽀받고 놀라서 움찔하는거 넘 귀엽당... ||| 퐁!  키!   퐁!   키! 귀여워 항상 행복하길~~❤ ||| 토끼가 퐁키한테 뽀뽀할때 퐁키가 놀라는데 왜 이렇게 나만 웃기는 건가??? 그 장면 보고 한참 웃었네 ㅋ ㅋ 너무 궤엽고,둘다 인형인것 같네 ㅎ ㅋ ㅋ",애완동물/동물
mnPlK6NR92U,강아지 배변훈련 따라해보세요. 무조건 성공합니다!!!,푸우형,"이거 레전드 진짜 패드위에 잘 싸요 이제 감사합니다 동서남북 어디에 계신지 몰라서 네곳 전부 절했습니다 ||| 2살되가는 파피용 남아인데요 2년동안 배변으로 가족들이 너무 힘들어했어요..나무바닥도 다 불어서 일어나고..벽지 노래지고..무엇보다 오줌냄새가 가구에 다 배어서 진짜 힘들었거든요..검색해서 훈련시켜보고 상담받아보고 해도 안돼서 포기 상태였는데 푸우형 배변훈련 영상이 보이더라구요 마지막이라고 생각하고 해봤는데 하루만에 성공했어요😭😭 아침에 일어나서, 퇴근하고 집오면 오줌치우는 일이 먼저 였는데..정말 감사합니다..👍👍 ||| 6살때 부터 40년을 넘게 강아지를 키워왔습니다. 배변 훈련 생각처럼 힘들고 어렵지 않습니다. 칭찬...즉각적이고 과하다 싶을 만큼의 칭찬이 최고의 교육이지요. 영상에서의 교육이 완벽해지면 이젠 조금 더 고급지고 진보된 교육에 도전해 보세요. 그것은 바로 패드를 더 이상 사용하지 않고, 욕실에서 모든 볼일을 보게 만드는 것입니다. 이것 또한 완벽해지면 펜션 같은 곳에 여행을 가서도 욕실을 알려주면 욕실 문을 긁고 이때 열어주면 욕실에 들어가서 볼일을 보고 나오게 된답니다. 그 방법은 패드를 매우 조금씩 조금씩 욕실쪽으로 옮겨 놓은 것입니다. 그렇게 화장실 안까지 패드가 들어 갔을 때, 몇 일이 지난 이후 패드를 제거해 보세요. 그리고 욕실에 들어가서 볼일을 보고 나오면 역시나 확실한 칭찬과 함께 보상을 해주시면 됩니다. 어떤때는 볼일을 보지 않으면서도 욕실을 들어갔다 나올 때도 있어요.사람도 화장실에 가서 볼 일을 보잖아요. 그때 강아지가 봐 놓은 볼일을 간단하게 청소해 주시면 됩니다. 이 방법은 목욕을 싫어하는 아이가 욕실과 친숙해지는 하나의 방법 이이기도 하지요. 배변 패드 비용+쓰레기 봉투 비용 절감 효과... 더 맛있는 아이가 좋아하는 수제 간식 만들어 줄 수 있습니다.  보상은 곧 좋은 기억으로 남게 되어있습니다. 타이밍을 놓치지 않는 칭찬과 보상은 우리집 강아지는 천재견이 맞아!! 라고 오해를 하게 되는 부작용이 발생하게 될 수도 있어요. 욕실 입구에 깔아 놓은 발매트는 욕실 배변훈련에 완벽히 적응 했을 때 다시 깔고 사용 하시면  됩니다. 깔끔 떠는 아이는 소변이 발에 묻었을 경우 나오면서 일부러 매트에 발도 닦고 나와요. 저의 경우 취학전인 6살때부터 치와와를 시작으로 지금까지 4종의 견종을 키웠구요. 지금도 12살된 치와와 남매를 키우고 있습니다.  똑똑합니다. 주인의 니즈와 의도를 잘 파악해요. 다시 말씀드리지만 칭찬과 보상...교감 그리고 사랑만 있다면 누구나 완벽한 배변 훈련 그 이상의 것도 하실 수 있어요!!! ||| 어떤 훈련사는 패드 위에서 간식 주지 말라던데요",애완동물/동물
hPC_hmPzj6k,3개월 푸들 강아지 처음으로 손교육 하던날,봄이왔나봄,"와 정말 쪼꼬미 진짜 자기몸도 재데로 못 움직이는게 너무 사랑스러워요,,,❤️❤️ ||| 3개월인데 너무 쪼꼬매여.. ||| 앜 귀여어 ||| 넘 이뽀요 ||| 진짜 너무 귀여워요..❤",애완동물/동물
tSpHicfPhcs,배꼽빠질 웃긴 강아지 영상 모음 💛세계에서 가장웃긴 강아지 영상ㅋㅋㅋㅋㅋㅋㅋ#01 🐶🐕,Aewan Dongmul Seutyudio,강아지들은 사랑입니다 ^00^ ||| Adorables por siempre nuestros fieles amigos.La grandeza moral de un gran pais depende como traten a sus animales.No al abandono ni al maltrato.Si a la proteccion cuidado Amor por siempre. ||| 귀여워   꼬리 믈고😊😊😊😊😊 ||| 楽しい映像  ばかりで笑いがあふれます。 ||| 제발 식ㅇㅇ아닙니다. 저렇게 예쁘고 귀여운 강아지들을 어떻게.ㅠㅠ 저도 강아지 키웁니다~~.오래된 옛추억과 함께 계속 키웁니다.,애완동물/동물
xJQGNA7gSO8,아기 포메라니안 분양기,사랑&행복,펫샵 대부분 애기들 분양보낼때까지 안커야 되니까 최소한의 먹이만 제공함 그래서 데려오면 얼마나 배고팠는지 허겁지겁 먹음 ㅠㅠ 근데 예쁜 애들은 다 저런 펫샵이지 모.. ||| 헐..너무 귀엽긴한데 저 안에 갇혀있는 애기들 불쌍하네ㅠㅠ ||| 아공.. 나두 울 애들이 하도 졸라서 강아지에 대해 암꺼도 모를때 샵에서 울 감자 데꼬 왔지만 지금은 샵앞으로 못 지나가요 거기 있는 아가들 넘흐 가여워서 ㅜ ||| 박스가 너무 택배상자 같아서 마음이 아프네요.... 좋은 주민 만난것 같으니깐 다행이에요. ||| 강아지 공장에서 온애들 가두고 키우는거고 저기서 2개월이라고 속이는애들 다 생후 몇주밖에 안된애들임 그것도 최대한 못크게 하려고 밥 쥐꼬리만큼 주고 분양 안된애들 다시 강아지공장 보내고 반복인데 펫샵에서 받은게 뭐가 자랑이라고 올림 본인들 때매 펫샵이랑 강아지 공장이 안없어 지는건데,애완동물/동물
yQVyMb8qblo,겁먹은 시골 똥개 새끼 강아지에게 손을 내밀면 벌어지는 일........,시고르자브종,ㅎr....뭐야 저 찹쌀떡들은....ㅎr... ||| 시골 똥개... 맞넹. 근데... 귀엽당. ||| 치인다... ||| 특유의 저 불쌍한표정은 진짜 귀여워죽겠네 ||| 니는 개들중에 시골똥개가 제일 이뿌고 구엽더라 ❤❤❤❤❤❤❤❤❤❤❤❤❤❤❤❤😊😊😊😊😊😊😊😊,애완동물/동물
sAPjORr2YKU,강아지 클리커 훈련 누구나 쉽게 할 수 있습니다.,돌봄개린이집,"산책 때 항상 들고나가요~! 다른 분 쓰는 걸 한번도 못봤는데 다른 분들도 많이 쓰시면 좋겠어요. 저는 바닥에서 음식물 발견했는데 안 먹었을 때, 다른 강아지를 발견하고 짖지 않았을 때 클리커 누르고 보상해주는데 꾸준히 하니 다른 강아지를 멀리서 봤을때부터 흥분하던 아이가 이젠 저를 쳐다봐요 간식 기대하느라ㅋㅋ 콜링으로 잘못쓰기도 했는데 이제 방법을 확실히 알았어요~ 좋은 영상 감사합니다 ||| 와 요즘 애기가 6개월 넘어가면서 부쩍 외부 소음에 예민하게 반응하고 짖어서 어떻게 해야 하나 고민이었는데 사놓고 먼지만 쌓이던 클리커 이렇게 사용하면 되겠네요...!! 좋은 꿀팁 감사합니다ㅎㅎ ||| 다른 견주님들도 영상 많이 보고 잘못된 훈련 하지말았으면 좋겠네요~^^ ||| 와 기다리던 영상이에요! 감사합니다!! ||| 와우! 클리커를 사용하는 이유가 너무 궁금했는데 아주 명확하게 알고가네요! 감사합니다! ^♡^",애완동물/동물
qD-ZCFTqnTo,강아지 충성훈련 쉽게 배우기!(ENG CC),짜장밥풀,"개인기가 달랑 두개뿐인 밥풀이,  충성 훈련을 배워봤어요🤗💓 테이프 하나면 쉽게 배워볼수 있어요! 🌟  ◾️짜장◾️ 2017.05.05 ♂폼피츠 ◽️밥풀◽️ 2018.11.17 ♂폼피츠   ___________________________________________  ◾️Jjajang◾️ Cause of looks like black been sause “jjajang”.  jjajang noodle is korean’s favorite food.  2017.05.05 ♂  Pompitz (Pomeranian+Spitz)  ◽️Babpool◽️  Cause of looks like a grain of steamed rice.   in Korea, it called “babpool” 2018.11.17 ♂ Pompitz (Pomeranian+Spitz) _____________________________________ Email- alswl0134@gmail.com Instagram- http://instagram.com/jja_bab ||| 해봤는데 테이프신경도 쓰지않고 사료만 바라보는 사료사랑 우리강아지 ㅠㅠ 앉아,기다려,엎드려,손,하우스는 잘하니깐 그레도 다행 😌 😂 😄 😊 😁 ㅠㅠ ||| 어제 요거보고했는데 몇분만에 성공이요!! 충성하는거 너무 귀여워서 어제부터 계속 충성하는중 ㅋㅋ ||| 저히집 강쥐 10분만에 클리어 ㅋㅋㅋㅋ 너무 귀여워요..!!!! ||| 테이프  붙어있는지 몰라요ㅠㅠ",애완동물/동물
IqVInTGVz_4,아기 강아지의 참을성을 길러주는 기다려 훈련  l 스테이영 애견훈련학교 퍼피클래스,스테이영 StayYoung - Dog Training,옳치~~ ||| 1빠💕💕😙시바짱구😙 ||| 똑같이 교육을 하고 있는데요! 먹이를 연속으로 주다가 안돼하고 막으면 뒤로 물러나서 앉아버리고 먹으라고 하면 먹지를 않는데 이럴땡 어떻게 하면 좋을까요?! ||| 간식 앞에 두고 기다려 하면 조금 30초? 기다리다 다른 데로 가버리는 건 어떻게 해야 할까요?,애완동물/동물
sVyJshgTh3k,6개월 미만의 강아지 무엇을 가르쳐야 할까? (Feat. 말티즈),손선생SONSAM,6개월 푸들 키우는데 아기때부터 사랑하는 맘은 넘 가득한데  가급적 손길을 안주며 키웠는데 다행이 아직은 짖음도 없고  집에 온 손밈도 반기고 산책때도 강아지들과 잘 어울려서 넘 사랑스럽습니다 ㅎ 그런데 유일하게 짖을땐 현관밖에서 나는 사람소리애 유독 짖어요 ㅜㅜ ||| 이 분 뭐죠?.거의 강형욱씨 버금가는듯한 본질을 알려주는 느낌?. 여느 훈련만 가르켜주는 다른영상들하고는 다르게 정말 중요한포인트들을 알려주시는것같네여.. 구독누릅니다^^;; ||| 난 강아지도 없는데 왜 이것을 끝까지 다 보는건가.. ||| 4:40 손줄려고 하는거 넘 웃겨요ㅠㅠㅠㅠㅠㅠㅠ,애완동물/동물
GG9fs5ZxOJg,"강아지 입양 하고 첫 훈련. 언제, 어떻게 하는게 좋을까?",돌봄개린이집,처음엔 집안구경시키고 배변훈련시키기울타리적응교육!ㅎㅎ ||| 상전이 아니라 가족이 되고싶어요 ❤ ||| 키우기 전에 나왔으면 좋았을걸 ㅠㅠ 양치나 초인종소리도 미리 익숙하게 해주면 좋아요! 키우다 보니 정말 영상에서 언급된거 다 필요한것들이라서 강아지 입양하시려는 분들이 보시며 큰 도움될거같네요 ㅎㅎ ||| 강아지 한번도 키워본적없는데 내년에 이사하고키워보려고 지금부터 공부중입니다. 유익한정보 많이 알려주셔서 구독누르고갑니다~영상속 꼬물이도 넘 귀엽네요ㅜㅜ ||| 헐 너뮤 귀여워요!!!! 코봐 ㅠㅠㅠㅠ,애완동물/동물
NurfHbPndg4,새끼강아지 하우스훈련 4분만에 마스터하기,찌나빵지,"다른건 해봐도 다 실패했는데 이것 보고 했더니 너무 잘하는거 있죠!!! 대박이었어요 다른분들 아기가 모른는것 같을때 다시 한번 알려주시고 기다려보세요 보호자 인내심이 거의 반을 완성하는것 같아요 진짜 아기가 한참 고민하다가 하우스 들어가는 것 보고 와....하더라고용 다음날 아침 까까 없이도 해봤는데 역시나 잘했어요 감사합니다!!!!!!!!!!!!!! ||| 전문 훈련사들보다 더 쉽게 설명하는것 같아요 뇌에 쏙쏙 박히네요 ㅎㅎ ||| 찌나아빠분이 잘알려주시니 찌나가 요롷게 똑쟁이로 이쁘게 잘컷나봐요😍 문열고 들어가는거 넘기특하고 이쁘네 찌나😍 ||| 아직 애기라그런가.. 사료를 못찾아요 .. ㅋㅋㅋㅋㅋㅋㅋㅋㅋㅋㅋㅋㅋㅋㅋㅋㅋㅋㅋㅋㅋㅋㅋㅋㅋㅋㅋㅋㅋㅋㅋㅋㅋ ㅋㅋㅋㅋㅋㅋㅋㅋ 아….. 2개월인데 ,, 사료를.. 못찾아… 바부귀야워ㅜㅜ ||| 찌나는 진짜루 정말 정말 똑똑한 것 같아요👏",애완동물/동물
ibVzu2iGYCA,"[강아지 조기교육] 손, 발 깨무는 강아지 교육 (1편)",손선생SONSAM,저 강아지가 저희 강아지랑 되게 행동이 비슷하기도 해서 이 훈련법을 따라해봤는데 효과가 아주 좋네요! 덕분에 무는 버릇도 고치고 하우스 훈련에 기다려 훈련까지 ㅠㅠㅠ 1석 3조예요.. 먹을것만 보면 달려들던 울 강아지가 이제 사료를 앞에 놓으면 가만히 있고나 집에 들어가여 ㅋㅋㅋㅋ 감사합니다 훈련사님!! ||| 엄마랑 일찍 떨어진 개도 불쌍하고. 이 새벽에 깨물리는 나도 불쌍하고. ㅠㅠ ||| 저아인 천잰가 ㅡㅡ;;;;;;; 같은 푸들인 우리 구름인 어릴때 음......저는 혼을 거의 내질 않고 배변도 자연스럽게 배변패드에 쌀 수 있게 임금님 화장실 만들어주고 밖에 넘어가지 말라고 벽에 울타리까지 쳐주고 그랬는데 타고난 성격이란게 있는거 같음음........... 그렇지만 똥잘싸고 친구들과 이웃을 좋아하는 매우 해맑고 착한 강아지랍니다..^^ ||| 우리 미미 2개월 엄청 물고 혼내도 주인 뭥미???이런  눈빛 ㅡㅡ 혼도 말귀를 알아들을때 시킨다는 말 절감함 ㅜㅜ 강아지 기다려 ‘ 장소 만들어  주는거 저도 해봐야겠어요 훈련사님 감사해여 ||| 2:14 하우스에서 5번정도주기.안 나올때까지. 밖에두고. 나오면 빼앗기. 강아지 안쳐다보고 하우스 쪽보기. 다시 하우스로가면 주기(원하는게 있으면  장소로 가야되),애완동물/동물
si8X8lEh5Xc,소변은 잘 가리는데 대변을 못 가려요｜2019 댕댕이페스티벌,강형욱의 보듬TV,"ㅋㅋㅋㅋㅋㅋㅋ 시작하자마자 코기 고향 모르셔서 ""죄송해요"" 하신분 너무 귀여우시다 ||| 대변은 맘대로 소변은 패드에 이게 제일 마음 편한듯 ㅠㅠ 울 딘이는 똥 싸는곳이 맨날 달라서 냄새 맡아 찾는거에만 5분 걸리뮤ㅠㅠ ㅋㅋㅋㅋㅋㅋㅋㅋㅋㅋㅋㅋㅋㅋㅋㅋㅋㅋㅋㅋ 패드 해놓으면 다 물어뜯어놔서 그냥... 해탈.. 아무데나 싸렴😂 ||| 선생님 너무 잘 들었습니다 우리 강아지가 5개월 되어가는데 대소변을 못 가려서 걱정을 해서 유튜브를 찾아보니 교육 시키는 장면이 너무 멋있고 재밌게 하시더라고요 그래서 재밌게 잘 감상했습니다 사랑합니다 항상 건강하시고 훌륭한 교육 부탁합니다 ||| 우리 혜자는 가릴줄 아는데 맘에안들면 반항한다고  이상한곳에 싸요 ㅠ.ㅠ  요망한것... 귀여워서 봐줌 맨날.. ||| 우리 아이는 응가를 잘 못가리기도하지만 응가를 하면서 달려가요 ㅜㅜ",애완동물/동물
6dfJUIaUkdk,강아지 사회화 시기 행동과 교육 방법,비마이펫,"참고 글) 강아지 사회화 훈련 방법, 관계 형성하기 https://mypetlife.co.kr/10333/  함께 보면 좋은 글) 낯선 사람 소개시키는 방법 https://mypetlife.co.kr/9295/ ||| 우리집 요키는 사회화가 안 된 노견인데 다른 개를 보면 근처에서 빙글빙글 돌며 꼬리 흔들기만 하고 절대 근처에 안감.. 상대 강아지가 눈치채고 다가오면 언제 좋아했냐는듯 쌩 도망가거나,  상대도 사회화가 안 되서 소심하거나 시큰둥하게 관심없으면 그렇게 근처만 멤돌면서 망부석이 되어 그 개만 쳐다보고 자기 혼자 내적친분을 쌓아가는데(빤히 쳐다보다 상대 개가 자리를 옮기면 졸졸 쫓아다니는 게 지 혼자 친구먹었다고 생각하는 거 같음;) 너무 안쓰럽고 마음 아픔.  차라리 독립심이 강하거나 내성적인 거라 관심이 없는 거면 좋을텐데 그게 아니라 다른 개들에게 다가가고 싶지만 방법을 몰라서 눈치만 보는 게 느껴짐...사회화 시기를 놓친 내 죄가 크다...............ㅠㅠ ||| 목소리 귀여우세요 ㅋㅋㅋ ||| 말투가 너무 귀여워요♡ 귀엽다 멍~~♥ ||| 진짜 밑에 주인에게 달려가는거 너무 귀여워요 ><",애완동물/동물
bMfCNGz0WDM,"보호자에게 실망하게 되는 금지 사항, 강아지 손 교육(보더 콜리 베리)│강형욱의 멍스쿨 초보 보호자",강형욱의 보듬TV,개를 안 키워도 이 영상을 보는 이유는 뭐지....... ||| 2:36 개인적으로 킬포ㅠㅜ 오도도 달려가서 안기는거 너무 귀여워ㅜㅠㅜㅜ ||| 어떻게 저렇게 강아지의 마음을 잘 아는걸까... 정말 강아지가 아니고서야 저렇게 강아지의 마음을 아는건 쉽지 않을텐데 정말로 강아지인걸까? 정말 강아지라서 강아지 강씨인걸까? 정말로 강호야가 본체인걸까? ||| 2:59 엄마앞에서 재롱부리네 졸귀탱이ㅜㅜㅜㅜㅜㅜ ||| 보더콜리 진짜 똑똑하네 계속 생각하네 ㅋㅋㅋ,애완동물/동물
JUed75Yho1U,강아지가 깨물 때는 정색-_-해라!!! (웰시 코기 토리)│강형욱의 멍스쿨 초보 보호자,강형욱의 보듬TV,아니 영상에 킬포가 몇 갠데 다들 꼬리 얘기만 하셔 ㅠㅠㅋㅋㅋㅋ 갑자기 강형욱님께서 혼자 와아아아악 하고 노는 시범 보이니까 바로 강아지 정색하고 뒤로 물러나서 짖는 거 심장 진짴ㅋㅋㅋ큐ㅠㅠ ||| 아아.. 2:38 재밋는 장난감이라고 주인하고 놀자고 갖고가서 하는것봐라.. 너무기엽다.... ||| 댕댕이가 바로바로 정확한 반응해주는게 너무 귀엽네 ㅋㅋㅋㅋ ||| ㅋㅋㅋㅋㅋㅋㅋ우리또또가 터그놀이를 안하는 이유가... 너무 나혼자 놀았구나.... ||| 2:09 너무 웃겨 ㅋㅋㅋㅋㅋㅋㅋ 멍멍이가 정말 너무 정확하게 반응해주는데요 ㅋㅋㅋㅋ,애완동물/동물
Bl9E0ydun1c,배변패드 물어뜯는 강아지? 이렇게 하세요!,푸우형,푸우형 유튭엔 없는게없네용 저도 6개월지난  우리강아지가  어제 계속 배변패드를 물어뜯어서 산책바로나갔더니 좋아하더라구요 ㅎㅎ 우리강아지 안심심하게 해줘야겟어용!!! ||| 월래 안 물었는데ㅜㅜ 오늘부터 갑자기 물어뜯어서ㅜㅜ 급하게 영상 봅니다!!! 감사해요!! ||| 3개월 푸들ㅠㅠ 진챠 대박 힘들어요. 물어뜯고 물더니 오늘 퇴근후보니 난도질해놨어요ㅠ ||| 이제 3개월인데 아직 이제2차접종 끝내서 산책도 못가고..저 안볼때 몰래 물어 뜯거나 새벽에 물어뜯어서 일부분을 삼켜버려서 흔적도 없어요..ㅠ ||| 울타리생활중에 뜯으면 어떡하나요?,애완동물/동물
dihlUwT1msk,식탐 많은 강아지 훈련 이렇게 해보세요,왈스,"강아지한테 좀 더 맛있게 주려고ㅠ 그러다보니 얘가 맛있는 맛에 눈떳어요ㅠㅋㅋㅋㅋㅋ ||| 2개월 강아지의 경우, 밥그릇을 내려놓기가 무섭게 달려드는데, 어려서 그런지 기다려. 앉아. 등 훈련이 안되는 수준의 경우, 훈련을 이해하도록 더 클 때까지 기다려줘야 할까요? ||| 안녕하세요.3개월된 푸들을 키우고있는데요 아기가 이제 1.3키로 정도 됐는데 하루에 적절한 사료랑이 어떻게 될까요??몇회를 몇시간 간격으로 줘야될지 모르겠어요ㅜ아기가 자꾸 응가를 먹어서 너무 고민이 많습니다ㅜㅜ ||| 아주 깔끔한 설명~ 감사합니다!! ||| 안녕하세요 훈련사님. 영상 유익하게 보고 있습니다. 3개월된 말티푸인데 애견샵에서 하루 두끼씩만 줘서 그런지, 사료에 대한 집착이 너무 강해요. 사료 준비할때 사료 봉투만 만져도 짖고 점프하고 난리나구요. 하루 4끼씩 주다가, 이 영상보고 5끼로 더 자주 주려고해요. 식탐이 좀 조절될때까지 횟수를 계속 올리면 해결이 될까요? 하루 10끼까지도요?",애완동물/동물
tBKBgzY-_qc,스토어베리 '강아지 톡톡 말하는 버튼',"내 생활 안에, 스토어베리",흐흫ㅎ헿헤 너무 귀여워요.. ||| 먹고 살기위에  노력 어찌 똑쟁이 근디 엄청 귀여워 보고싶다  나두 우리 애기들 ㅠㅠ 💋💟 ||| 귀여워❤ ||| 과부화가 낫어요 실컷줘도 줄때까지 눌러데요,애완동물/동물
ZZr7TFwIciQ,강형욱 훈련사도 못 앉히는 강아지? '댕댕이 빌런의 등장'│강형욱의 멍스쿨 초보 보호자,강형욱의 보듬TV,이거 쉬워보여도 매우 어려운겁니다. 보호자분이 잠시 화장실 가셨을때 강형욱쌤이 개한테 앉아를 짖어서 설명해주셨거든요. ||| 강아지 키우지도 않는데... 왜 앉아 훈련법을 배우고있는지 모르겠지만 일단 영상이 귀여운듯하다. ||| 저 작은머리로 열심히 생각을 하다니...ㅠ 넘귀여워... ||| 이번 교육은 내 심장에는 무리가 가는 교육이다 ....하.... ||| 이거 보니까 세나개는 어쩌면 강형욱님 버전 골목식당이었을 수도 있겠다는 생각이 든다...,애완동물/동물
yopUu7e2srk,어린 강아지 첫 산책. 훈련사는 이렇게 시킵니다.,돌봄개린이집,목소리가 잇섭 같으심 ㅋㅋㅋㅋ ||| 확실히 옛날보다 지금이 너무 좋네요 알려주시는분도 있고 그걸 영상으로 공부할수있다니 나중에는 우리나라도 선진국처럼 산책 잘하는 보호자로 가득할 거 같아요👍🏻 저희 아이는 노견이지만 매번 챙겨보고 있어요 영상 감사합니다! ||| 아 진짜 졸라 사랑스럽다 와 ||| 대박 애기가 너무 잘하네요 ㅋㅋ 귀여워 ||| 4개월 시츄믹스 키우는중이에요~ 우아한 산책 꿈만 같은 이야기에요ㅠㅜ 바람 많이 부는 아일랜드에 살아서 굴러가는 낙옆이 한두개가 아닌데 다 따라가서 잡을려고해요ㅠㅜ 영상보고 열심히 연습해보겠습니다! 소중한 영상 감사합니다!,애완동물/동물
V7c5SUIuswE,강아지 산책 훈련. 줄 당기는 강아지 교육 방법.,돌봄개린이집,"ㅠ ㅠ 저 산책하다가 딥빡해서 그냥 집에 들어왔는데.. 후아 감사해요 ㅠ ㅠ ||| 이 영상 그대로 따라한지 3일차만에 드디어 효과봤습니다ㅜㅜ 첫날은 집에서만 방석 여러개 깔아두고 왔다갔다하면서 제가 멈추면 같이 앉고 간식먹기 반복했고 둘째날은 집>현관 앞에서 훈련했습니다. 솔직히 그동안 너무 지멋대로 산책다니는데만 익숙해져있어서 그냥 최소 2주잡고 해야겠다 싶었는데... 3일차인 오늘, 똑같이 집>현관 그리고 이번엔 아파트 1층현관으로 확장해서 훈련했는데 왠걸요..엘레베이터 문만 열리면 날뛰면서 뛰쳐나가려하던 애가 집에서 했던 거랑 똑같이 저를 의식하면서 앉아있던거 있죠ㅜㅜㅜ 너무 감동받아서 이번엔 아예 아파트 현관 밖으로 점차 확장시키면서 훈련해봤는데 세상에.. 여전히 제 눈을 바라보면서 제가 멈추면 앉아줍니다ㅜㅠㅠ 울뻔했어요ㅠㅠ 울 애기 견생 9개월만에 첫 차분한 산책 성공했습니다ㅋㅋㅋㅜㅜ 낯선 사람 보면 때때로 짖곤 했는데 앉고 그대로 기다리는 훈련이 요 며칠사이에 돼서 그런지 확실히 짖거나 흥분하는 빈도가 줄었어요! 짖더라도 앉아시키면 금방 차분해지구요...😂 중간중간 걸으면서 멈추고 앉아시키고 간식주고.. 이렇게 아파트 한 단지를 천천히 걸으면서 훈련시켰습니다. 이제야 제대로 된 산책을 하는 것 같네요ㅜ 이제 겨우 3일차라 아직 한참 부족하지만 훈련사님 영상 정독하면서 열심히 훈련시키겠습니다! 이런 은혜로운 영상 올려주셔서 정말 감사드립니다😂😍😍 ||| 산책 나가면 지멋대로 다닐려고 하고 자기가 가려는데  못가게하면 완전 주저앉아서 고집부려요  진짜 스트레스 받아서 산책 데려나가기싫더라구요  산책훈련이 정말필요해요 가르쳐주신대로 해볼게요 ||| 겅아지가 산책 매너가 전혀 없어서 너무 당황스러운데 고마운 영상 감사드려요. 이런 영상 덕분에 우리 한국도 반려견 선진국으로 발돋움 할거라 생각해요. 훌륭한 선생님들 감사합니다 ||| 산책 나갈때마다 끌려다니는 주인인데 꿀정보 감사합니다 ❤️",애완동물/동물
hlWPenq_0ek,역대급 귀여운 울보 강아지 (서럽게 우는데 너무 귀여워요)a puppy cute when it cries.,명랑한 봄달래 Bomi&Dallae,애기애기 ||| ㅠㅠ 이 아기밥풀 보러 매일 한 번씩 옵니다... 너무 귀여워으어 ||| 입양하기에 너무 어리다 싶었는데 엄마개가 있었네. 참 예쁘게도 생겼다. 하루종일 봐도 질리지가 않겠다. 이쁘다 소리가 절로 나옴. ||| 하 미쳤다 저 작은입 오물오물하면서 소리나는것바ㅜㅠㅠ츄튜유츄투누더어우유유ㅠ우ㅠㅠ 아진짜 심장아프다… ||| 어유  귀여운 애기 울리면안되요 안아주고 싶어요,애완동물/동물
FvQDHt9bS8Q,강아지 데리고 오면 집 나간다고했던 아버지 근황,권복현,"아빠와의 대화가 원형임..돌고 돌고 계속 끝이 없음 ||| 아빠 통화끝나면 첨부터 다시시작... ㅋㅋㅋㅋㅋㅋㅋㅋ ||| 개 표정이 이미 한두번 들은게 아닌듯 거의 자장가 asmr로 듣는중 ||| 전화오는 타이밍이랑 ""뭔 이시간에 전화릏 하고 그러노""라는 추임새까지 너무 자연스러움. 진짜 너무 아버지 그 자체이시다 ㅋㅋㅋㅋㅋㅋㅋㅋㅋㅋ ||| 아부지 인생에 대해 진지하게 말씀하시는데 유일하게 드러누울 수 있는 원형인생 ㅋㅋㅋㅋㅋㅋ",애완동물/동물
Xjbn9iguj70,SUB) 말티즈 강아지 태어나서 30일 동안의 성장일기,명랑한 봄달래 Bomi&Dallae,건강하게 오래오래 살아라 아가 ||| 아따 숨넘어가겄소 내심장에 안조은  영상이라 추천한방 쎄리고 갑니다 ||| 4:31 아 뭔가 위풍당당하게 서있는것 같은데 털쪄서 푸둥푸둥한게 너무귀엽다ㅠㅠㅠㅠㅠ ||| 이유식 보고 당황해서 후진하는거 ㅋㅋㅋㅋ걸을 줄 아는데 뒤로밖에 못 가는거 ㅋㅋㅋㅋㅋㅋ왜이렇게 귀엽죠ㅋㅋㅋㅋㅋ ||| 0:23 아니왜 저렇게 생겼어?? 왜 입은 또 핑크색인데다가 배는 터질거 같고 자면서 움찔 거리고 사람 귀여움에 폭행 당하게 하네 ㅜㅜㅜ 너무 귀엽자나 ㅜㅜㅜㅜㅜㅜㅜ 너 생명체맞니?? 너의 귀여움으로 감탄을 넘어서 속이 울렁거리게 하다니 ㅜㅜㅜ 아가야 건강하게 자라렴 ㅜㅜ,애완동물/동물
V-r4ASYTiGQ,강아지돌아훈련  진짜 쉽게 할수 있음,찌나빵지,찌나야 이뻐다 이뻐 충남에서 찌나귀여운 재룡보면서 힝링하네. 똑똑한 찌나 빵지 건강하고 할기차게 잘놀아 볼수록 귀엽구 넘예뻐  ㅎㅎ ||| 제가본 비숑중에 젤이쁘게생겻어요ㅜㅜ ||| 덕분에 저희 강아지 개인기 하나 추가했어요 감사합니다~~ ||| 너무너무 똑똑하네요 ㅠㅠ 볼수록 빠져듭니다..🥰 ||| ㅋㅋㅋㅋ우리집댕댕이도 돌아 어떨결에 저런식으로한번했을때 칭찬과 호응해주고 간식주니까 지금 잘해요ㅋㅋ 비숑은천재견인가봐요,애완동물/동물
nm7PMCND1TE,"[함께쉽개] 강아지 기초훈련법 9탄, 옆에 훈련이란?",서울예술실용전문학교 펫튜브,"1빠입니다. ||| 옆에 절대 안 앉는데요..ㅠㅠ ||| 이미 훈련이된 개 말고 전혀 훈련이 안된개로 훈련하는 영상은 없나요? 이미 다 훈련이 완료된 개를 데리고 연습한후 당연히 잘되니 이렇게하면 됩니다 하면 누가 못하나요 ||| 영상잘봤습니다... 옆에훈련을 하는데 먹이를 가지고 훈련을 하면 먹이에만 관심을보이지 완전옆에 서지도못하고 영상처럼 앉지도못하고 삐딱하게 서서 먹이먹을려고만하는데 어떻게해야할까요??? 이제4개월된 믹스견4kg입니다 ||| 훈련은 몇 살부터 시작하는 것이 효과적인가요? 그리고, 잘못 들은 버릇을 고치려면 어떤 방법이 좋을까요?",애완동물/동물
GrdChD_fM_Y,강아지 불렀을때 오게하기. 강아지 콜훈련 안되는 이유,돌봄개린이집,너무너무 좋은 영상이네요. 전 새끼때 잠들때쯤 강쥐이름부르면서 사랑해~~하면서 쓰다듬어 줬는데 그게 아이한테 좋은일이었나보네요.어떤상황서도 부르면 오더라구요.좋은 영상 감사합니다 ||| 울 강아지는 왜이렇게 말을 안들을까 했는데... 반성하고 갑니다ㅜㅜ ||| 헐… 돌아보는게 귀여워서 시도때도 없이 부르고 혼낼 때도 불렀는데… 앞으론 간식 줄 때만… ||| 아 진짜 너무 유익해요!!!! 요즘 왜이렇게 무시하나 했더니ㅠㅠ 습관적으로 쓰읍 몽쉘!!!! 해서 였군ㅠㅠㅠㅠ ||| 아주 좋은 내용이네요. 감사합니다.,애완동물/동물
wZoylldCHhE,"드라이브를 즐기는 귀여운 강아지 토토 (비숑,4세)",토토네 가족,ㅋㅋ어쩜 우리만두의 갸우뚱이 여기에도♡토토 역쉬 비숑은 사랑이죠? 그쵸? ||| 토토 최근 동영상 정주행中 넘 귀여워요 ㅎ ||| 내가 본 비숑중에 제일 예쁜비숑 ||| 근데 드라이브가 뭐에요?,애완동물/동물
VHnc96IKpfI,[강아지방문훈련] 자신의 강아지가 흥분을 많이 한다면 꼭 보세요.,왈스,"왈스TV를 한번에 보고 싶다면?  '금쪽 같은 내 강아지' 어떻게 키울까 왈쌤 출간 도서 입니다   가족으로 오랫동안 행복하게 함께 하기위한 가장 현실적이고 실용적인 내 강아지 교육법  구매하러 가기 https://product.kyobobook.co.kr/detail/S000061776286 (교보문고.YES24.알라딘 등 서점 및 모든 판매 사이트에서 구매 가능 합니다) ||| 이거 하고 그 순간은 되게 얌전해졌는데 간식 안 주면 하다가 눈치보고 다시 날뛰어요,,,,,,,,,,,, 진짜 미치겠어요ㅠㅠ 물고 뜯고 아주 제 팔다리가 너덜너덜해질 지경 ||| 저희 7개월 말티푸랑 넘 비슷해요. 영상보면서 똑같이 따라했는데 정말 얌전히 엎드리네요. 정말 도움 많이 됐습니다. 감사합니다^^ ||| 훈련사님 말이 백번천번 맞는게, 저희집 개가 집안에서 공놀이하고 엄청뛰놀거든요? 근데 엄청나게 흥분하고  집에서도 매일 헥헥 거리고 놀려고만 해서, 공놀이 터그놀이 다 안하고 장난감 다치웠더니 , 조금나아지더라구요!!  적어도 집안에서는 얌전해요 ||| 지 쉴 때만 엎드려서 평생 못 가르칠 줄 알았는데 왐마 따라서 했더니 30분만에 성공했서요 ㄷㄷ저희 애도 영상 속 강아지 만큼 흥분이 심해서 저번에 자기 혼자 날뛰다가 근육 놀라서 낑낑댔거든요 ㅋㅋ",애완동물/동물
hEk3TRXsUQI,간식 다 녹았는데 왜 안줘? 애타는 강아지🐶,토토네 가족,"토토, 간식 맛있게도 먹네용~ ^^ 다 녹은 줄 어떻게 알고 엄마한테 가서 달라고 신호도 보내고 넘 예쁘네용~ ^^ 예쁜 영상 잘 보고 갑니당~ ^^ 토토네도 놀러오세용~ ^^ ||| 미치겠다 사랑스러워 ||| 엄마 목소리가 항상 유쾌하고 재밌으세요~ㅋ",애완동물/동물
T4wqmDRKiOc,"세계 최고 불쌍한척ㅋㅋㅋㅋㅋ먹다 체하겠어 토토야...(비숑,4세)",토토네 가족,사람이 먹을 때 같이 먹을 수 있는 사료나 간식을 주면 좋을 것 같아요~ 안 줄거면 눈을 마주치지 마세용~ ^^ 예쁜 영상 잘 보고 갑니당~ ^^ 우리 토토네도 놀러오세용~ ^^ ||| 세상 불쌍해요. 밥먹을동안 먹을 간식이 있으면 좋겠어요 ㅎ ||| 토토도 먹고 싶나바여 ㅠㅠㅠ 토토야 먹고 싶겠지만 넌 강아지라서 안대~ ||| I really love the dog house in light blue and red colours!  May I know where I can buy one? Would you please show or give me the link or websites? Thanks a lot!,애완동물/동물
aiv1x6rCRVY,강아지훈련 손에 가져와를 가르치는 방법~,이선우 훈련사의 진짜 반려견교육,"저한테 매우필요한영상입니다. 반복시청후 시도해볼게요 공 계속 제가가지러가고던져주고 몇십번하니 무릎아파여.. ||| 가져, 놔 훈련동영상부터 세가지 동영상 잘 보았습니다! 훈련사님 덕분에 이제는 던지면 즉각 잘 가져오고요  아직 좀 미숙하지만 그래도 그 전에 비하면 손바닥위에도 잘 놓네요 감사합니다ㅎㅎ ||| 너무너무 감사드립니다. 저는 4.5단계를 뛰어넘어서 강아지한테 미얀합니다. ㅎ ❤❤❤ ||| 정말 체계적으로 잘 알려주시네요 잘 보고 성공해보겠습니다 ||| 이 영상을 뒤늦게 안 10년차 개주인이 보고갑니다ㅠㅠ",애완동물/동물
F8Acw6EYofs,"엄마 도와주세요~~~ㅠㅠ 당황한 강아지(비숑,4세)",토토네 가족,"엄마, 못 꺼내겠어요~ 도와주세요~ 라고 도움을 요청하네요. ^^ 토토, 넘 귀엽고 예쁘네용~ ^^ 우리 토토네도 놀러오세용~ ^^ ||| 귀여워요 ||| 눈빛으로 얘기해요. 빨리해줘요 ㅎ",애완동물/동물
07IRG67NtZQ,19년 경력의 강아지 척척박사가 고양이를 훈련했을때 생기는 일,아기사자 숨무 lil Lion SoomMu,사랑해 김숨무.. ||| 고녀석  참 이쁘네요. ||| 오구오구... 이쁜짓만하는 숨무~~ ㅋㅋ ||| 강아지한테 인형옷 씌워놓으면 모를줄 아셨습니까?🤨 ||| 우리집 개도 아직 못하는 개인기를 냥이가 하고있다니... 견생 헛살았어...,애완동물/동물
qU3YWxggFMs,포메라니안 강아지 1년 성장과정,뚜비TV,여러분 안녕하세요 ~ 아시는 분들은 아시겠지만  지난 크리스마스 이브(24일)가 뚜비가 저희 집에 와서  가족이 된 지 딱 1년이 되는 날이었어요 !! 그래서 뚜비가 지금까지 자라면서 있었던 일들을 영상으로 만들어 봤습니다 ㅎㅎ 요즘 영상을 길게 올려달라고 하시는 분들이 계셔서 영상을 좀 길게 만들어 봤어요  즐겁게 시청해주세용~   아 그리고 올 한해동안 뚜비에게 많은 관심 주셔서 너무 감사합니다! 구독자 여러분들 덕분에 뚜비가 너무 잘 자란 거 같아서 너무 행복합니다 !ㅠㅠ 앞으로도 뚜비랑 재밌는 영상 많이 보여 드릴테니 잘 부탁드립니당 (꾸벅)  한해 마무리 잘 하시고 복 많이 받으세용~~ ||| 뚜비!사랑해! 💕 💜 💏 💙 💚 😍 💕 💜 💏 💙 ||| 에구 이쁜 뚜비야 사랑해 ||| 2:37 심장박살 포인트… ||| 저는 한번씩  뚜비 애기시절 보고싶어서 보러옵니다~~❤❤,애완동물/동물
cmBYBfM0R54,2개월 말티푸 배변훈련 3일만에 완료!🤎,민쥬리,푸들도 겁나 잘함. ||| 하악..너무 사랑스럽다..💕 ||| ㅎㅎ 넘귀여워 ||| 아장아장  긥땅~♡♡♡ ||| 고창석 뽀리~^^,애완동물/동물
W3a4lbQeXMk,[말티즈] 손 안보이도록 조르는 강아지❤️ #8초짜리 영상 #심장녹아 #난리#강아지,강산이월드tv,유튜브 보면 진짜 나만 강아지 없어...귀요운 산이 맨들맨들 부둥부둥 해보고싶다❤ ||| 이 귀여운 아이를 가까이서 찍어 주시는 주인님 센스쟁이😆 ||| 가까이 올때 진짜 심장이 멈췄어요ㅜ너무  이뻐요ㅜㅜ 💙💙💙💙💙 ||| 헉 댕댕쓰 넘 귀여워 갑자기 확 하고 들어오면 어케 ㅜ ||| 손세개는 반칙인데~~~,애완동물/동물
gfsH1_NO6Ng,"엄마 뭐해??? 요리하는 모습 지켜보는 토토 ㅎㅎㅎ(비숑,4세)",토토네 가족,비숑은 사랑 입니다~~🎈🎈🎈 ||| 와우! 쳐다보는 저 눈빛 봐봐~ 넘 귀엽고 예쁘네용~ ^^ ||| 애기 볼터치한것같아요 너무귀여워요 ㅠㅠ ||| 그와중에 강아지 저금통 뒷모습 시선강탈ㅋㅋㅋ ||| 강아지너무너무귀염워요,애완동물/동물
qE3San7FWUg,[1月의 무도] 드디어 오셨다! 예능계의 거장들🤴＂예능총회 1＂ infinite challenge,올끌 (All of MBClassic),"이경규 의자값 다하고간 그날ㅋㅋㅋㅋ ||| 존나웃긴게 저 의자 라스나가서도 앉음 ㅋㅋㅋㅋㅋㅋㅋㅋㅋㅋㅋㅋㅋㅋㅋㅋㅋㅋㅋㅋㅋㅋㅋㅋㅋㅋㅋㅋㅋㅋㅋㅋ 꽤나 맘에 드셨나봄ㅋㅋㅋㅋㅋㅋㅋㅋㅋㅋ ||| 와 이경규가진짜 대단한게 저기 방송다 한가닥하는사람들한테서 그냥 압도함 ㅋㅋㅋ 그와중에 광희 까지챙김 일부러 이름뭐냐 하면서 자꾸언급하게함 ㅋㅋ ||| ""명작은 그 전개와 결말을 알고서도 다시 찾게 만든다."" ||| '지나치게 얘기하라고 나오라고한거 아닙니까"" ㅋㅋㅋㅋㅋㅋㅋㅋㅋㅋㅋㅋㅋㅋㅋㅋㅋㅋㅋㅋ 갓경규 ㅋㅋㅋㅋㅋㅋㅋㅋㅋㅋㅋㅋ",예능
J6BKmA40Ofo,[8月의 무도] ???: 오빠 나 몰라?😊 예능 꿈나무들의 혹독한 캠프 입소식 (부제: 찌루찌루) ＂여름 예능 캠프＂ 1편 infinite challenge,올끌 (All of MBClassic),와 근데 이적 입장에선 존박이 저래 말하는 거 진짜 감동이겠다 ||| 존박 너무 귀여운거 아니냐 진짜ㅋㅋㅋㅋㅋㅋㅋㅋㅋㅋㅋㅋ 사람이 그냥 순한듯 ||| 레전드가 나왔군... 천명훈 혀 낼름거리는거 때매 계속 벌칙받는거 ㅈㄴ 웃겼는데ㅋㅋㅋㅋㅋㅋㅋㅋㅋㅋㅋ ||| 6:20 이번편 레전드ㅋㅋㅋㅋㅋㅋㅋㅋㅋㅋㅋㅋㅋㅋ울거같은 존박표정ㅋㅋㅋㅋㅋㅋㅋㅋㅋㅋㅋㅋㅋㅋㅋㅋㅋㅋㅋ ||| 7:57 여기부터 존박 넘 억울해보이는데 그게 넘 짠한데 웃김 ㅋㅋㅋㅋㅋㅋㅋㅋㅋㅋㅋㅋㅋㅋㅋ 가방 졸귀네,예능
L-OyLjMqW9o,[1月의 무도] 예능에 한 사바리 하신다는 분 여기 다 모임.👸＂예능총회 2＂ infinite challenge,올끌 (All of MBClassic),"예능총회 볼 때 마다 느끼지만 이경규는 코미디 천재야. 타율이 엄청나게 높아. 저런 천재의 눈으로 볼 때 어차피 편집될 거리를 촬영하느라 시간 쏟는걸 보면 얼마나 답답하겠어. ||| 경규옹 ㅋㅋㅋㅋ 진짜 말은저렇게 하고 꼰대같아도 새로운시도는 본인이 제일많이함 꼬꼬면, 눕방, 낚시 이런것들 다 경규옹이 제일먼저 성공시킴 ||| 몸개그보다 이런 토크로 채우는 개그가 좋더라 ||| 진짜 지리네 이경규 예언 ㅋㅋㅋ  '여기서 2~3명 날아간다' 15년에 이어서 16년도 그대로 이어진다  무도도 잘린다  눕방예언 ㅋㅋㅋ의자 잘준비했어 진짜 ||| 이경규 이 방송에서 모든 출연자와 한 번씩 이야기 나누면서 분량 하나씩 다 뽑아냄 ㄷㄷ",예능
K2Yps6vfaSs,[7月의 무도] 어이 부라더~ 오랜만에 예능 근육 좀 써볼까?☄ 서울로 땅따먹는 무도 CLASS ＂흑과백＂ 1편 infinite challenge,올끌 (All of MBClassic),"5:46 ""말이 되는 소리만 하면서 어떻게 살아요"" 띵언.. ||| 진짜 멤버 두명의 부상을 팀장으로 활용하고 서울의 구를 땅따먹기식으로 활용한  기발한 아이디어가 돋보인 특집이었음 ||| 6:55 박명수 급발진 ㅋㅋㅋㅋㅋㅋㅋㅋㅋㅋㅋ ||| 9:54 에 데프콘 지퍼 올리는 게 킬포 ㅋㅋㅋㅋㅋㅋㅋㅋㅋㅋㅋㅋㅋㅋㅋㅋㅋㅋ ||| 두 멤버가 아파서 무리하지않게 배려까지 해주면서 재미까지 뽑는 무도 갓프로",예능
22rssnWH1LY,10년 전 어쩌면 제 7의 멤버? 김현철과 박명수의 오호츠크랩도 쪼쪼댄스도 내 거야 내 거🙌 | 무한도전⏱오분순삭,오분순삭,"🖤무한도전 회차 정보 알리미🖤 무도레전드: 분쟁조정위원회 김현철 ✔490회 <분쟁조정위원회>편 ||| 현마에 김현철 입니다 몆년된영상이지만  많은분들이  즐거워해 주시고 칭찬과 응원의글 감사합니다  당시 지휘자로 쬐~끔 알려져 공연을 다니던차에 섭외가 와서 ""쪼쪼댄스 원조가 누군지 말해달라""고해서  무도지만 웃기려하기보단  진지하게 임하려 했었는데 (지휘도 하고있어..) 완전실패 했죠 ..ㅎ  그덕분에 많은분들이 재미있어하시고 지금도 가끔 말씀주시는데.. ~개그맨 으로는 대성공.. ~지휘퍼포모 로는 대실패.. 어찌됐던  많으웃으시고 즐겁게 봐주셔요 감사합니다 ~^^ ||| 저렇게 사람들 웃기고 즐거움 주는 것도 능력이다.. 능력자 김현철 ||| 그 와중에 김현철 두 번째 랩 할때랑 첫 번째랑 가사 하나도 안 틀리는 거 개웃기네 진짜 ㅋㅋㅋㅋㅋㅋㅋㅋㅋㅋㅋㅋㅋㅋㅋㅋㅋㅋㅋㅋㅋㅋㅋㅋㅋㅋㅋㅋㅋ ||| 김현철님의 유머는 억지없는 자연스러움에서 나오는 최고의 웃음입니다",예능
OHM9fCUc_uA,"버라이어티 예능 프로 순위 Top 10 [놀면뭐하니, 무한도전, 런닝맨] Variety TV Show Brand (Runningman)",다타크 Datak,"무한도전 내려가는거 왤케 마음아프냐.. ||| 영상에서는 2017년도 부터 나와서 그렇지 무도는 십년 넘게 1위 자리를 지켰다는거 ......진짜 앞으로 다시 나올 수 있을지 모를 미친 예능이다. 김태호가 무한도전으로 십몇년 해먹고  놀면 뭐하니 시작하면서 연예인들 카메라 들고 다니게 하면서 방송 시작할 때 이제 무한도전을 끝으로 김태호 약빨도 끝이구나 했는데,,,,또 슬금슬금 분위기 타더니 또 1위 해먹고 있고... 김태호가 레전드인지, 이제 50줄 들어가면서도 아직도 탑을 지키는 유재석이 레전드인건지... ||| 무도 재밌게 봤었는데 ㅠㅁㅠ 내려가는 거 맘 아프잖아.. 이제는 런닝맨 재밌게 보는 중 💖💖 무도 재방 나오면 항상 봄 ㅋㅋ ||| 무도가 대단한게 진짜 재미없던 2017년에 한창 뜨던 나혼자산다가 이기지 못함 ||| 런닝맨 화이팅!!",예능
6494qajtINg,서장훈 예능 매운맛 배운 날;; 이렇게 놀림 당했으니 요즘 예능 잘 할 수밖에 없음 | 무한도전⏱오분순삭,오분순삭,🖤무한도전 회차 정보 알리미🖤 무도레전드: 예능 병아리 서장훈 ✔337회 <웃겨야 산다> ||| 그렇게 그는 예능인이 아니라고 했지만 되었다고 한다. ||| 서장훈은 진짜 무도한테 감사해야한다 ||| 1:57 박명수 주란마리야 ㅋㅋㅋㅋㅋㅋ 왜케 웃겨ㅋㅋㅋㅋㅋㅋ ||| 이때까지만해도 1회성으로 끝날줄 알았는데 무도 통해서 아직도 예능 롱런할 줄이야 ㅋㅋㅋㅋ,예능
LBI-chI5dCY,개그맨이광수,런닝맨 - 스브스 공식 채널,<회차 정보> 남자 조연상 508회 투잡 해도 되는데 회비는 내 424회 광수는 많이 밀려있고 457회 연기 잘하는 동생 398회 런웨이 선 적 있니 445회 배우가 아니라 개그맨 132회 개그맨 활동 잘 하라고 465회 간간이 캐스팅이 들어오나 봐요 463회 아끼는 개그맨 후배 456회 차승원 315회 ||| 근데 다시 생각해봐도 광수가 연기를 잘하니까 놀릴 수 있는거지 발연기였으면 서로 민망해서 놀리지도 못함ㅋㅋㅋㅋㅋ ||| 이광수 없었으면 유재석이랑 캐미를 못 봤을거 생각하니까 진짜 이광수는 신의 한 수다 ||| 이광수는 정말로 연예대상과 연기대상 다 받을 수 있는 사람 아닐까ㅋㅋㅋㅋㅋㅋㅋ ||| 광수 진짜 선배들한테 잘하고 귀여움 많이 받나보다 연기쪽에선 성동일이 아껴 개그계에선 유재석이 아껴 ㅠㅠ 성격 엄청 좋은듯,예능
0SvHoaVUzkk,※주의※ 사람 많은 엘리베이터에서 오해 안 받게 조심하세요 | ㅇㅋ챌린지 ⏱오분순삭,오분순삭,🖤ㅇㅋ챌린지 회차 정보 알리미🖤 ✔구해줘 홈즈 11회 ✔구해줘 홈즈 13회 ✔라디오 스타 614회 ✔진짜 사나이 31회 ||| 탑층의 복합구조 ㅋㅋㅋㅋㅋㅋㅋㅋㄱㅋㅋㅋㅋㄱㅋㅋㅅㅋㅋㄱㅋㅅㅋㅋㅋ하 제일쎄 ㅋㅋㅋㄱㅋㅅㅋㄱㅋㄱㅋㅋㄱㅋㅅㅋㅋㅋㅋ ||| 1:10 이 상황 걍 SNL 같음 ㅜㅜㅜㅜㅠㅠㅠ 진짜 유병재가 아 누나 아 누나 죄송해요 죄송해요 이거 걍 대사같음 ㅠㅠㅠㅠㅠㅠㅠ ||| 아 이건 단계가 무의미하다 ㅋㅋㅋㅋㅋ ||| 1단계부터 터진거 나뿐이냐곸ㅋㅋㅋㅋㅋㅋㅋㅋㅋㅌㅋㅋㅋㅋㅋㅋㅋㅋㅋㅋㅋㅋㅋㅌㅋㅋㅋㅋㅋㅋㅋㅋㅋㅋㅋㅋㅋㅋㅋㅋㅋㅋㅋ,예능
cPWR5XlFD9o,회사 자산 사이버머니ㅋㅋ,K_FootBall,불펌신고할게요,예능
yyPwkiKbFTE,"예능 버라이어티 연예인 순위 Top 10 [유재석, 이광수, 김종국, 강호동] Variety TV Show Brand Reputation",다타크 Datak,진짜 다른 사람들이 계속 치고올라와도 결국 1위는 유재석... ||| 이렇게 한사람을 국민들이 좋아한 사람은 유재석밖에 없다 대단하다 ||| 내가 태어나서 여지 껏 전성기를 이어가는  정말 대단하신분 ||| 이광수는 개그맨인듯 ㅋㅋ ||| 역시 유재석님❤,예능
aPwwxoJJk-g,"[KIN거운 라떼생활] 라떼시절 안 본 사람 없는 예능, 무한도전 레전드!! 6화",피바다 PbaDa Studio,"텔레파시편 아무도 모르나 혹쉬,,,학교가서 다 머리에 손 올리고 텔레파시 외쳤눈데٩(๑❛ᴗ❛๑)۶",예능
e7wAd4CK5rA,"예능, 드라마 선호도 순위 Top 10 [무한도전, 런닝맨, 놀면뭐하니] TV Show Preference",다타크 Datak,다른 예능프로가 5의 성과를 낼때 10의 성과를 내는게 그당시 무도였는데.....그립다ㅏ ||| 무한도전이 광고 수익료 mbc에 5억을 벌어주던 예능 ||| 무도 재밌었는데 놀면뭐하니도 재밌다 ||| 난 무한도전은 몰렀고 런닝맨이랑 놀면뭐하니 아는형인이 푀고라 생각랬었는데 ||| 응8(응답하라1988)  올라가는 속도 뭐임,예능
JMNUKe6-wVQ,[Intro] 요리 버라이어티 예능로그 #Cooking Entertainment Channel,AITONIA_아이토니아,짱! ||| 맛있겠네요! 저도 한번 해 봐야 겠어요.. 역시  대단한 박장금 이네요! 식초가 답 이네요! 내일 꼭 해봐야 겠네요! ||| 짱! 짱! 짱!  역시 박장금 이네요! ||| 집안에 분위기가 너무 고급스러워요~ ||| 인트로  좋아요,예능
eU_FMrizcn8,"TV 드라마/예능 선호도 순위 Top 10 [무한도전, 썰전, 1박2일, 아는형님, 런닝맨]",다타크 Datak,드라마는 그때만 높이 히트치고 내려가는 반짝 스타☆ ||| 무한도전 미쳤다 ||| 무도 그립다 ||| 브금이름 뭔가요 ||| 기황후도 대단하긴하다 mbc가 쎄네,예능
y2ETy18bFFk,[옹성우 / 런닝맨] 뜯어지는 옷 때문에 거의 우는 옹성우,아치,아 진짴ㅋㄱㅋㄱㄱㅋㄱㅋㄱㅋㅋㄱㄱㅋㄱㅋㅋㅋㅋㅋㅋㅋㅋㅋㅋㅋㅋ개웃겨 옹성우 ㅋㅋㅋㄱㅋㄱㅋㄱㅋㄱㅋㅋㅋㅋ오슬뜨더!!!!!!!!!!!!! 너무 귀엽다ㅠㅠㅠㅠㅠㅜㅜㅜㅜㅜㅜ ||| 옹의 런닝맨 체험기...강렬한 기억으로 남겠군 ㅋㅋㅋㅋㅋㅋㅋㅋㅋㅋㅋㅋ ||| 놀라서 소리지르는 목소리도 잘생겼어..드러누우니까 더 잘생겼어..옹성우 잘생겼어..잘생겼어..미치겠어..그냥 당신의 존재 자체가 잘생겼어..잘생겼어..❤ ||| 이거보니까 옹너블생각나넼ㅋㅋㅋㅋㅋㅋㅋㅋㅋ ||| ㅠㅠ 울 떵우 이렇게 귀여워도 돼는거에요 옷이뜨더뎌ㅠㅠ 귀여워 성우 오빠뿐 아니라 다른 워너원 맴버오빠들도 사랑해요,예능
hDzp8VAhqqg,속고 또 속고. 다연발 함정. 일본 예능 레전드 명장면.,유머 2번지,힘들고 외로울때마다 한국을 찿은게 이백번 가까이나 된다는 친한파 잇코상 응원합니다 ||| 감동적입니다!  역시 진정한 프로는 다릅니다! ||| 프로다 진짜~짜증 한 번 안낸다. ||| 저렇게 당하고도 웃음을 잊지않는 자세 감동 입니다 즐거웠습니다 ||| 잇코님 참 사람좋으네요^^,예능
SrQhF8nqml0,포트폴리오 : OAP 모션 | 시즌 음악예능 하이라이트 수정,SSO Chun,,예능
1cBlc2MpL3Q,[#하이라이트#] 데프콘 한 방울이면 예능맛이 달라져요^^ 프콘이형 예능신 강림 모먼트.avi #서울촌놈 | Hometown Flex EP.9,tvN Joy,"프코니형님 정말! 웃기고 말도 잘해서 좋아요~ 저렴그잡채 시월모바일 알뜰폰요금제는 내 생활비를 아껴줘. ||| 4:50 ""예, 아버지. 데프콘입니다"" 아버지한테 예명으로 인사하는 데프콘 ㅋㅋㅋㅋㅋㅋㅋㅋㅋㅋㅋㅋㅋㅋㅋㅋㅋㅋㅋㅋㅋㅋㅋㅋㅋㅋㅋㅋㅋㅋㅋ ||| 이번 서울촌놈 데프콘이 살림ㅋㅋ ||| 데프콘 불편한 구석 없이 웃기는거 너무 좋아여 ||| 너무 꾸미고 오면 전주 상인분들이 도매상인줄알고 비싸게 받아요",예능
KssCCTK5pNE,버라이어티 예능인 순위 TV Show,다타크 Datak,"예능인 브랜드평판 순위입니다!! 구독자분들을 위한 문화상품권 이벤트도 있습니다~!! 좋은 댓글 많이 남겨주시면 감사하겠습니다!! 구독과 좋아요, 댓글은 큰 힘이 됩니다~!! ||| 진짜 자연스럽게 하늘색 그래프만 보고 응원하게 되네ㅋㅋㅋㅋ유재석만큼 이렇게 꾸준하게 많은 사랑을 받는 연예인이 또 나올수있을까  늘 도전하고 노력하면서 선한 영향력을 펼치는분. 어렸을때부터 유재석을 봐오며 자랐고 앞으로도 더 오래 보고싶다 ||| 걍 기준점은 유재석 님이고 한때 유행 타던 인물들이 잠시 상승했다가 나가고 상승했다가 나가고 반복 ||| 그냥 유재석이 밑으로 내려가면 신기함.. 하늘색이 올라가면 다시 안정을 찾는 느낌 ㅋㅋㅋㅋ ||| 와 ... 유재석형님은... 큰폭차가 없고 유지력이 장난이 아니네요 .... 이게 제일 힘든데 대단합니다.",예능
RzxFbS0PdJ4,국민예능 무한도전 '쓸친소'에 출연하며 이름을 날린 이 가수! 꽃바람여인으로 히트를 친 조승구의 신곡 나그네에 빠져봅시다  | 즐거운 오후 두시 | 목면가왕,대전MBC,,예능
9pL2CuVSaas,"예능, 드라마 선호도 순위 Top 10 [무한도전, 나혼자산다, 런닝맨] Korea TV Program Preference",다타크 Datak,"한국 예능, 드라마 TV 프로그램 선호도 순위입니다!! 구독자분들을 위한 문화상품권 이벤트도 있습니다~!! 좋은 댓글 많이 남겨주시면 감사하겠습니다!! 구독과 좋아요, 댓글은 큰 힘이 됩니다~!! ||| 옛날에는 무도, 런닝맨, 1박2일같은 버라이어티 예능들 덕분에 티비보는게 너무 재밌었는데 요즘은 뭐만하면 관찰예능만 하니깐 ㄹㅇ볼게없음ㅋㅋㅋㅋㅋㅋㅋㅋ 무도까지 끝나서 개인적으로 챙겨보는 예능이 런닝맨밖에 안 남았는데 제발 런닝맨이라도 오래오래 해줬으면 좋겠다.. ||| 무도 2018 3월에 한번에 사라질때 맘아프네 ||| 노홍철이 선거투표할때 시청자는 부모다 라고할때 웃기만했는데 막상생각해보면 진짜 그런거같다. 무도 처음 시작한거 볼땐 그냥 멤버들 생각 안하고 그냥 애처럼 막나갔는데 ㅋㅋㅋ 마지막방송보면 마치 다자란 아들들처럼 마지막방송을 우리들한테 알려주는데 마치 다자란 자식들처럼 독립선언하듯 마지막회선언하고 우리들 곁을 떠난거보면 마음한공간이 허전하네요 나의 학창생활을 그리고 나의10대를 같이 보냈던 무도. 그립네요😄.. ||| 정말 반평생을 무도랑 함께해와서 너무 익숙했는데 없어지고 나서야 그 빈자리가 크다는걸 정말 느낌 ..ㅠㅠㅠ 저정도로 정말 거의 1위에 잠깐 잠깐씩 치고 올라오는 특집 프로그램 , 드라마에 잠깐 주춤 한거 빼고는 그냥 정말 레전드였구나.... 진짜 우리나라에서 유재석 모르는 사람이 잇을까를 소재로 방송 찍을정도로 유명하고 ㅋㅋㅋㅋㅋ 진짜 무한도전 너무 그립다ㅠㅠ 내 추억 청춘.. 학창시절..",예능
wtbTrFBcfaI,"무한도전 종영 이후 한물 간 유재석?! 버라이어티 예능인 인기 순위 TOP10 (2018 - 2020) | 유재석, 강호동, 전현무, 이영자, 박나래",Data Shiba,"재밌게 봤으면 구독 좀 해주시게 시바.. ||| 유재석은 끝났지. 유산슬이랑 유두래곤, 유고스타, 지미유....이분들이 올해 대세인것 같더만요 ||| 돌고 돌아 유느님 ||| 의미없다. 유재석교는 아니지만 유재석은 나의 위인중 한분이시다. ||| 놀면뭐하니 시작하면서부터 1위 유지 ㄷㄷㄷㄷㄷㄷ 유-니버스 부캐월드 넘사 ㄷㄷㄷㄷㄷ",예능
Z95wL-DK4L0,[예능퀴즈] 무한도전 형이 왜 거기서 나와,밍밍,,예능
mE3U3ennzzA,"90년대생 모여라! 추억의 예능 토크｜무한도전, 런닝맨, 1박2일, 패밀리가 떴다, 해피투게더3, 쟁반노래방, X맨, 스펀지, 우리결혼했어요 등｜SAYON NETWORK",SAYON NETWORK,편집 넘 재밌네여 !! ||| 다음편도 너무너무 기대됩니당! ||| ㅋㅋㅋㅋㅋㅋㅋㅋㅋㅋㅋㅋㅋㅋㅋㅋㅋ 넘잼써요!!!,예능
FA1X3qEPJEI,세심하게 도겸이 머리정리해주는 민규:민행설,잘생김민규,그냥 무슨 행동이든 좋은 1인 ㅎ ||| 갑자기 수척해졌어요 도겸옵 ㅠㅠ 진짜 무서웠나봐요...,예능
fyK1V76UrVo,방송작가Pick|NETFLEX추천 예능 러브 버라이어티 3편,프리한작,작가님 필요로하는 정보들만 쏙쏙 주셔서 감따♡♡♡ ||| 다음편도 기대할게요:) ||| 추천감사해요!  꼭한번 봐야겠어요!! ||| 순수한 사랑 감동영화 추천해주셔서  감사해요 ~^^ 꼭 봐야겠어요~ ||| 강이는 쌔근쌔근 자고 있네요😀 추천 감사드려요,예능
yGoOxV8Ursg,"난데없는 티라노의 공격, 기상천외 폭소 명장면, 일본 예능 버라이어티.",유머 2번지,0:02 나니나니나니나니나니 ||| 사랑합니다 형님 ||| 나이스샷 ||| 처음거 조금 투명한걸 뿌렸어야지 아쉽네 ||| 일본 예능 좋아한다고 하는 애들은 믿고 거름,예능
gzVJ63fdZ34,[#하이라이트] 강호동이 PICK한 예능 후배! 홍성흔zipㅣ강호동의밥심 EP.9,스플스 편집샵(#),홍성흔은 진짜 물건이다ㅋㅋㅋㅋㅋㅋ ||| 아 홍성흔 진짜 호감상이네ㅋㅋ흥해라 ||| ㅋㅋ호동이형 진짜기분좋을때 나는 표정 나왔다 ㄹㅇ ||| 홍포 개좋아ㅋㅋ ||| 홍성흔 진심 레전드 마인드..,예능
RA0ncZXUoCc,"버라이어티 예능 프로 순위 Top 10 [놀면뭐하니, 나혼자산다, 런닝맨] Variety TV Show Brand Reputation",다타크 Datak,"예능프로 브랜드평판 순위입니다!! 구독자분들을 위한 문화상품권 이벤트도 있습니다~!! 좋은 댓글 많이 남겨주시면 감사하겠습니다!! 구독과 좋아요, 댓글은 큰 힘이 됩니다~!! ||| 런닝맨 다른나라에서는 ㅈㄴ인기 많음 ||| 런닝맨 애청자로써 그래도 너무떨어지지는 않으니까 좋다 ||| 개인적으로 레전드 뽑자면  KBS - 1박 2일.해피투게더 MBC - 무한도전 SBS - 런닝맨 tvN - 신서유기 JTBC - 아는 형님 TV조선 - 미스터트롯 ||| 갑자기 무한도전이 보고싶다",예능
soK_j7VsVX0,[예능리뷰]무한도전 보다가 예수님 만난 이야기,신은호,아멘 ||| 아멘ㅠㅠ,예능
ob1N8amvw0s,#장민호 #아능형님#미스터트롯#예능찐,미스마마Miss Mama,우와아아아!!!~ 장민호님 멋져요👍👍👏👏👏👏 #장민호 #승승장구왕대박 #인생일기신곡대박 ||| 장민호씨 노래처럼  드라마 인생  역시 방송도 멋지게 해내셨네요 이런 경험들이 보배가 되었네요 앞으로는 꽃길만 걸으시길 특공대팬님들 우리 민호씨를 지금까지 지켜주셔서 감사합니다 ||| 와우 울 민호오빠 철봉하시는거 다시봐도 넘 멋져요 저렇게나 잘하실줄 생각도 못했는데 넘 잘해서 놀랐던기억 떠올라요  암튼 민호오빠 최고👍 ||| 역시역시  장민호님~~ 짱아짱아님   어떻게   운동이면운동   예능이면예능   노래면노래   인물이면인물    정말  최고의최고에요   짱짱짱~~🌹👍👍👍❤️❤️❤️ ||| 민호님 철봉하는거 보고 체조 선수인줄 알았어요 묘기를 보여주셨네요 도대체 못하는게 없네요 매력만점 장민호 항상 응원합니다,예능
EOCZYxmi7ho,※주의※ 사무실에서 웃음 터져도 책임 안 집니다. | ㅇㅋ챌린지 ⏱오분 순삭,오분순삭,🖤ㅇㅋ챌린지 회차 정보 알리미🖤 ✔세바퀴 129회 ✔마이 리틀 텔레비전 43회 ✔라디오스타 363회 ||| 아진짜 다시보는데 모르모티피디 ㅈㄴ 치트키임 매순간이 걍 다웃겨 이사람은ㅋㅋㅋㅋㅋㅋㅋㅋㅋㅋㅋㅋㅋㅋㅋ 몸쓰는 거면 신체 어디 하나 안웃긴 곳이 없음 머리부터 발끝까지 개웃겨서 몇번이고 돌려가면서 봐야됨ㅋㅋㅋㅋㅋㅋㅌㅋㅋㅋㅋㅋㅋㅌ ||| 모르모트 피디 진짜 미쳤나ㅋㅋㅋㅋㅋㅋㅋㅋㅋㅋㅋㅋㅋㅋㅋㅋㅋㅋㅋㅋㅋㅋㅋㅋㅋㅋㅋㅋㅋㅋㅋㅋㅋㅋㅋㅋㅋㅋㅋㅋㅋㅋㅋㅋㅋㅋㅋㅋㅋㅋㅋㅋㅋㅋㅋ개웃겨서 오열중ㅠㅠㅠㅠㅠㅠㅠㅠㅠㅠㅠㅠㅠㅠㅠㅠㅠㅠㅠㅠㅠㅠㅠㅠㅠㅠㅠㅠㅠ ||| 아놔 피디때문에 진짜 개터졌네ㅋㅋㅋㅋㅋㅋㅋ 노래 박자는 빠르지 머리에 순서 외워야하지 마음은 급하고 몸은 안움직여주지 댄스선생 눈치보이지 저 동작들은 정말 찐으로 나오는 어리버리임 ||| 모르모트피디가진짜미치넥ㅋㄱㄱㅋㄱ배아파,예능
mFh0wHYRgt8,유재석 과연 그는 사람일까? 버라이어티 남자 예능인 인기 순위 TOP10 (2018 - 2020),Data Shiba,구독해서 내 주인놈이 되어라 시바.. ||| 그냥 유재석은 이제 브랜드 자체임..연예계 탑 ||| 혼자가 아니라  주위사람들도 탑급으로 올림 ||| 유재석 지미유 너무 압도적인거 아니냐ㅋㅋ ||| 유재석이 없었다면 내 주말이 어땠을지 너무 궁금하다... 항상 무도랑 런닝맨이었는데..,예능
OWVLHjMkYck,헨리×수현 하트시그널(?),henbory 1011,ㅎㅎㅋㅋㅋ 이쁜  헨리  이쁜  수현 또 보고십네~ ||| 헨리 너무 귀여워❤❤❤❤ ||| 헨리 ×수현 ㅋㅋ ㅋ 꽁트하는것 같은데 마지막 나 놀래쒀~ 하는거 넘 귀욤  ... 둘 케미 최고! ||| 헨리 갑자기??놀랬쒀에서~~~ ||| 둘다귀여워ㅠㅠ,예능
vV8HKR3DJOQ,특명! 아빠의 도전🧔🏼 예능신이 강림하사😇 밧줄 하나로 너희를 웃게 하리니 ʚ(ȉˬȉ⁎)ɞ˒˒ | 진짜사나이⏱오분순삭,오분순삭,3:04 아니 이미 한번해서 떨어졌잖어.. ||| 0:57 이것도 개웃김 ㅋㅋㅋㅋㅋㅋㅋㅋㅋ ㅈㄴ 박력있게 물 텀 ||| 3:02 나같으면 한번 해보지도 않고! 이케 말하면 속으로 ‘아니 한번 해서 이미 떨어졌는데 무슨.. ‘이렇게 생각할꺼 같음 ||| 4:36 아닠ㅋㅋ이게 어케 머리에맞냐곸ㅋㅋㅋㅋㅋㅋㅋ ||| 4:10 윌리엄 얼굴이 보인다 ㅋㅋㅋ,예능
oYUwZrf43mc,[미운 우리 새끼] 스페셜 '탁재훈도 울게 한 김희선 예능감🤣 ※시끄러움 주의' / 'My Little Old Boy' Special | SBS NOW,SBS ,"김희선 탁재훈 케미가 진짜 미쳤네ㅎㅎㅎ 시간순삭ㅎㅎ ||| 진짜 한 30번 본듯.. 김희선,탁재훈 정말 대단 ㅋ ||| 우리프로??하면서 김희선님이 극딜넣을때  다같이웃는것도 너무웃기다ㅋㅋㅋㅋㅋㅋㅋㅋ스텝분들까지 웃으시네ㅋㅋㅋㅋㅋㅋㅋㅋㅋㅋㅋ ||| 저는 우울하거나 삶이 의욕이 없을때 이영상 꼭 다시 보려옵니다 ㅋㅋ ||| 이때 김희선 ㅋㅋㅋㅋ 이 잘 던져줘가지고 탁재훈이 잘자리잡게됨 ㅋㅋㅋㅋㅋㅋ",예능
qE3San7FWUg,[1月의 무도] 드디어 오셨다! 예능계의 거장들🤴＂예능총회 1＂ infinite challenge,올끌 (All of MBClassic),"이경규 의자값 다하고간 그날ㅋㅋㅋㅋ ||| 존나웃긴게 저 의자 라스나가서도 앉음 ㅋㅋㅋㅋㅋㅋㅋㅋㅋㅋㅋㅋㅋㅋㅋㅋㅋㅋㅋㅋㅋㅋㅋㅋㅋㅋㅋㅋㅋㅋㅋㅋ 꽤나 맘에 드셨나봄ㅋㅋㅋㅋㅋㅋㅋㅋㅋㅋ ||| 와 이경규가진짜 대단한게 저기 방송다 한가닥하는사람들한테서 그냥 압도함 ㅋㅋㅋ 그와중에 광희 까지챙김 일부러 이름뭐냐 하면서 자꾸언급하게함 ㅋㅋ ||| ""명작은 그 전개와 결말을 알고서도 다시 찾게 만든다."" ||| '지나치게 얘기하라고 나오라고한거 아닙니까"" ㅋㅋㅋㅋㅋㅋㅋㅋㅋㅋㅋㅋㅋㅋㅋㅋㅋㅋㅋㅋ 갓경규 ㅋㅋㅋㅋㅋㅋㅋㅋㅋㅋㅋㅋ",예능
L-OyLjMqW9o,[1月의 무도] 예능에 한 사바리 하신다는 분 여기 다 모임.👸＂예능총회 2＂ infinite challenge,올끌 (All of MBClassic),"예능총회 볼 때 마다 느끼지만 이경규는 코미디 천재야. 타율이 엄청나게 높아. 저런 천재의 눈으로 볼 때 어차피 편집될 거리를 촬영하느라 시간 쏟는걸 보면 얼마나 답답하겠어. ||| 경규옹 ㅋㅋㅋㅋ 진짜 말은저렇게 하고 꼰대같아도 새로운시도는 본인이 제일많이함 꼬꼬면, 눕방, 낚시 이런것들 다 경규옹이 제일먼저 성공시킴 ||| 몸개그보다 이런 토크로 채우는 개그가 좋더라 ||| 진짜 지리네 이경규 예언 ㅋㅋㅋ  '여기서 2~3명 날아간다' 15년에 이어서 16년도 그대로 이어진다  무도도 잘린다  눕방예언 ㅋㅋㅋ의자 잘준비했어 진짜 ||| 이경규 이 방송에서 모든 출연자와 한 번씩 이야기 나누면서 분량 하나씩 다 뽑아냄 ㄷㄷ",예능
LBI-chI5dCY,개그맨이광수,런닝맨 - 스브스 공식 채널,<회차 정보> 남자 조연상 508회 투잡 해도 되는데 회비는 내 424회 광수는 많이 밀려있고 457회 연기 잘하는 동생 398회 런웨이 선 적 있니 445회 배우가 아니라 개그맨 132회 개그맨 활동 잘 하라고 465회 간간이 캐스팅이 들어오나 봐요 463회 아끼는 개그맨 후배 456회 차승원 315회 ||| 근데 다시 생각해봐도 광수가 연기를 잘하니까 놀릴 수 있는거지 발연기였으면 서로 민망해서 놀리지도 못함ㅋㅋㅋㅋㅋ ||| 이광수 없었으면 유재석이랑 캐미를 못 봤을거 생각하니까 진짜 이광수는 신의 한 수다 ||| 이광수는 정말로 연예대상과 연기대상 다 받을 수 있는 사람 아닐까ㅋㅋㅋㅋㅋㅋㅋ ||| 광수 진짜 선배들한테 잘하고 귀여움 많이 받나보다 연기쪽에선 성동일이 아껴 개그계에선 유재석이 아껴 ㅠㅠ 성격 엄청 좋은듯,예능
uB_742RLciw,[라디오스타] 야구도 잘하는데 예능까지 잘해버리는 김광현의 모든 것!⚾ (feat.페이커) | #엠뚜루마뚜루 #잼모아 (MBC 20201125 방송),엠뚜루마뚜루 : MBC 공식 종합 채널,결국 돌아와서 우승시킨 에이스 ||| 김광현 뭔가 진짜 댕댕미 넘치는 스타일 ㅋㅋㅋ ||| 김광현은 신인때부터 에이스라 진짜 부둥부둥했다 ||| 2:03 SK선배들이 어린 에이스 부둥부둥 해줬다는데 그때 김광현 생각하면 너무 당연해ㅋㅋㅋㅋ ||| Sk의 자랑이자 자부심 김광현선수 미국에서 맹활약하고 sk와서 던져주세요 무조건 직관갑니다 ㅎㅎㅎㅎㅎ,예능
njiZ_1lOFPU,갓태연 컴백하셔 만들어본 김태연 예능모음ZIP. #탱구 #꼬꼬마리더 #종이인간,스브스 예능맛집,❤태연 그녀는 역시나 음악에서도 예능에서도 말 한마디 한마디가 최고시다 ㅠㅠㅠㅠ ❤ ||| 이효리 싫어하는 컨셉인데 눈빛은 너무 귀여워하는게 느껴져ㅋㅋㅋㅋㅋㅋ ||| 난 내가 20대엔 귀엽게 예쁜거 좋아하고  30대되서는 여성스럽게 이쁜거 좋아하는줄 알았는데 그냥 태연 좋아했던거였음 ||| 인간덕몰이 그자체ㅜㅜㅜㅜㅠㅜㅜㅠ 생긴건 겁나 기여운데 화장에 따라 분위기 바뀌고 암것도 못하는 막냉이같은데 리더에 가창력 아이돌판에서 넘사급이고 춤선도 개이뻐 그런데 비싼척 안하고 예능 잘하고 털털하고 팬들하고 소통도 잘해.... 크.. ||| 태연 어릴 때 진짜 존나 귀엽고 상큼하고 웃기고 다 해먹네 ㅜㅜㅜㅜㅜㅜ 진짜 다시는 없을 아이돌계의 독보적 존재... 덕후몰이 하는 비주얼 메보;;,예능
Xrt6UEmgvm8,[스페셜] 차분히 도른자 정세운(Jeong sewoon)의 ★예능감 폭발♨한 취업 상담실★ 그래서 입학은 언제 시켜줘? 아는 형님[Knowing bros],JTBC Entertainment,정세운 웃긴거 다 소문나버렸네.. 나만 알고 싶었는데 어쩔 수 없다 입학하자 ||| 정세운 진짜 센스있는듯 빠질 때랑 나설 때 구분도 잘하고 특히 나설 때도 억지로 웃기려고 하거나 과장하는 게 아니라 자연스럽게 웃겨서 좋다 뭐든지 안빼고 열심히하는데 또 다 잘해서 귀엽고 매력있어서 계속 보고싶다 ||| 정세운 이런 예능캐인지 진짜 몰랐는데 볼수록 차분하게 너무 웃겨 적당도 잘 지키고 ||| 정세운 감초 역할 개잘함 일단 하나도 안 불편한게 아주 좋음 ||| 약간 신경쓰이는 스타일인거 같음ㅋㅋㅋㅋㅋ어느순간 찾아보게되는 암튼 캐릭터 독특함,예능
97gQOuzfGs4,[#모아봤zip] 이상엽X광희가 나와도 시큰둥한 예능이 있다❓ ㅋㅋ 이상엽 강제개명한 썰부터 광희 동생 공개연애 썰까지! | #식스센스 #Diggle,tvN D ENT,ㅋㅋㅋㅋ 이상엽 한번 더 불러주세요 ㅠㅠ 존잼 ||| 아 이상엽ㅜㅠㅋㅋㅋㅋㅋ  2:06 아 민졍!!ㅋㅋㅋㅋㅋ 2:36 아 왜 자꾸 민정이라는거야 나를ㅠㅠㅋㅋㅋ ||| 상엽이 누구야도 아니고 뭐야? 라서 더 웃김ㅋㅋㅋㅋㅋㅋㅋㅋㅋㅋㅋㅋㅋㅋㅋㅋㅋㅋㅋㅋㅋㅋㅋㅋㅋㅋㅋㅋㅋㅋㅋㅋㅋㅋㅋㅋ ||| 진짜 ㅋㅋㅋㄹㅋㄹㅋㄹㅋㅋㄹㅋㅋㅋㅋㅋㅋㅋ 이상엽 제시 하나부터 열가지 너무 웃겨서 그래요 제발 ㅋㅋㅋㅋㅋㅋㅋㅋㅋㅋㅋㅋㅋㅋㅋㅋㅋ 진짜 잠깐봤다가 여기까지 찾아온 내가 레전드다 ㅋㅋㅋㅋㅋㅋㅋㅋㅋㅋㅋㅋㅋㅋ ||| ㅋㅋㅋㅋㅋㅋㅋ오히려 저래서 너무 재밌고 귀엽고 새로웠음,예능
IvV0DClWi_w,♨️핫클립♨️ [중독주의] ＂어 그래 예능 마이 사랑해도♡＂  쌈디 성대모사 소장각ㅋㅋ아 진짜ㅋㅋ정용화(JUNG YONG HWA) 너무 웃겨ㅠㅠㅠㅋㅋㅋㅋ #아는형님 #JTBC봐야지,JTBC Voyage,쌈디가 정용화가 자기 성대모사 지구 일등이랬음ㅋㅋㅋㅌㅌㅌㅋㅌ 진짜 개잘함 ||| 진짜 정용화는 딱 쌉인싸st ..겁나 호감 ..ㅠㅠ ||| 진짜 정용화 혼자 캐리함 ㅋㅋㅋㅋ ||| 내 동년배들 정용화 마음에 안품었던 사람 아무도 없다..... 방송에 자주 나왔음 좋겠다....절대안늙는 저양반... ||| 다들 정용화 한 번씩 마음에 품어 봤잖아?,예능
J6BKmA40Ofo,[8月의 무도] ???: 오빠 나 몰라?😊 예능 꿈나무들의 혹독한 캠프 입소식 (부제: 찌루찌루) ＂여름 예능 캠프＂ 1편 infinite challenge,올끌 (All of MBClassic),와 근데 이적 입장에선 존박이 저래 말하는 거 진짜 감동이겠다 ||| 존박 너무 귀여운거 아니냐 진짜ㅋㅋㅋㅋㅋㅋㅋㅋㅋㅋㅋㅋ 사람이 그냥 순한듯 ||| 레전드가 나왔군... 천명훈 혀 낼름거리는거 때매 계속 벌칙받는거 ㅈㄴ 웃겼는데ㅋㅋㅋㅋㅋㅋㅋㅋㅋㅋㅋ ||| 6:20 이번편 레전드ㅋㅋㅋㅋㅋㅋㅋㅋㅋㅋㅋㅋㅋㅋ울거같은 존박표정ㅋㅋㅋㅋㅋㅋㅋㅋㅋㅋㅋㅋㅋㅋㅋㅋㅋㅋㅋ ||| 7:57 여기부터 존박 넘 억울해보이는데 그게 넘 짠한데 웃김 ㅋㅋㅋㅋㅋㅋㅋㅋㅋㅋㅋㅋㅋㅋㅋ 가방 졸귀네,예능
ob1N8amvw0s,#장민호 #아능형님#미스터트롯#예능찐,미스마마Miss Mama,우와아아아!!!~ 장민호님 멋져요👍👍👏👏👏👏 #장민호 #승승장구왕대박 #인생일기신곡대박 ||| 장민호씨 노래처럼  드라마 인생  역시 방송도 멋지게 해내셨네요 이런 경험들이 보배가 되었네요 앞으로는 꽃길만 걸으시길 특공대팬님들 우리 민호씨를 지금까지 지켜주셔서 감사합니다 ||| 와우 울 민호오빠 철봉하시는거 다시봐도 넘 멋져요 저렇게나 잘하실줄 생각도 못했는데 넘 잘해서 놀랐던기억 떠올라요  암튼 민호오빠 최고👍 ||| 역시역시  장민호님~~ 짱아짱아님   어떻게   운동이면운동   예능이면예능   노래면노래   인물이면인물    정말  최고의최고에요   짱짱짱~~🌹👍👍👍❤️❤️❤️ ||| 민호님 철봉하는거 보고 체조 선수인줄 알았어요 묘기를 보여주셨네요 도대체 못하는게 없네요 매력만점 장민호 항상 응원합니다,예능
r8mLW1bKXks,【#예능썰】찐으로 싸우는 슈퍼주니어 싸운 썰ㅋㅋㅋ👊(feat. 형들 싸움에 새우등 터지는 동생들) | 라디오스타 #TVPP | MBC 170524 방송,TV-People,나는 슈주 썰풀때마다 동해가 제일 내 웃음포인트임ㅋㅋㅋㅋㅋㅋㅋㅋㅋ막 싸우고 웃긴 얘기 하는데 혼자만의 저 특유의 슬픈 표정이 너무 웃김ㅠㅋㅋㅋㅋㅋ ||| 저 사랑의 매와 독수리는 진짜 레전드 드립이짘ㅋㅋㅋㅋㅋㅋ 처음에 듣고 ㄹㅇ 미쳤다는 말밖에 안나옴ㅋㅋㅋ ||| 동해 오빠 싸우는건 싫어하는데 싸움의 시초에는 항상 동해오빠가 있는게 개웃겨 ㅋㅋㅋㅋㅋㅋㅋㅋㅋㅋㅋ ||| 아 진짜 멤버들 다 모아 놓고 슈주 레전드 썰 리액션하는거 보고 싶다ㅠㅠㅠ ㅋㅋㅋㅋㅋㅋㅋㅋㅋㅋㅋㅋㅋㅋㅋㅋㅋㅋ ||| 근데ㅋㅋㅋㅋ자기들은 되게 진지한데ㅋㅋㅋㅋ되게 뭔가 거창한 것 같은데 정작 내용을 들어보면 겁나 유치햌ㅋㅋㅋㅋㅋ,예능
oAgFrhL_YII,호흡,런닝맨 - 스브스 공식 채널,근데 저 '호흡'이란 단어가 런닝맨한테 너무 찰떡인 것같음 ||| 세찬이가 광수의 페이크를 잘 찾는이유는 자기도 저렇게 하려고 생각했기 때문일지도 ㅋㅋㅋ개그맨들은 다 장난치려고 항상 여러가지를 생각하고 있는것같음 ||| 7:10 칫솔통 ㅋㅋㅋㅋㅋㅋㅋㅋㅋㅋㅋ꼼수대박 ㅋㅋㅋㅋㅋㅋㅋㅋㅋㅋ이광수가 칫솔통에 꼽았는데 유재석이 태연하게 손떠는거 ㅋㅋㅋㅋㅋㅋㅋㅋㅋㅋㅋㅋ진짜 호흡 미쳤다 이게 런닝맨 호흡이다 ||| 2:54 연기 잘한다니까 웃는거 왠지 얼굴도 목소리도 잘생겨보임 ㅋㅋㅋ 희극인으로서의 뿌듯함이 담겨 있어서 그런가 ㅋㅋㅋㅋㅋㅋㅋ ||| 2:53 배우한테 연기 잘한다는 개그맨에 그걸 또 감사하다고 하는 배우ㅋㅋㅋㅋㅋㅋㅋㅋ대환장 티키타카다 정말ㅋㅋㅋㅋㅋㅋㅋ런닝맨 보다보면 이광수 개그맨으로 착각할때가 많죠..ㅋㅋㅋㅋㅋㅋ,예능
PVhVNj5Wk-w,김연경 사부님의 강속구에 정신 못차리는 제자들[예능맛집X곱빼기/ 집사부일체] Master in the House,스브스 예능맛집,진짜 공수다되는게 얼마나 큰 재능인지..노력도 엄청나겠지ㄷㄷ ||| 뭐 배구계의 신격인 존재인건 무조건 인정이고 난 방송이라고 감추고 내숭떨고 아닌척 아는척 있는척 척척대지 않는 솔직함이 더 매력넘치는것 같당. ||| 김연경이 대단한 이유= 공수 다 됨  팀 입장에서는 공격수가 한명 더 있는 느낌 ||| 남녀 통틀어 세계 1위라는게 존멋..😍 ||| 너무좋다... 대한민국은 더 극진한 대접을해라...,예능
IUxUmCXFmHY,성동일의 웃음 버튼 확실한 예능캐 엄태구ㅋㅋㅋㅋ 역할과 다르게 반전미 뿜뿜중^ㅁ^ |  #바퀴달린집,tvN D ENT,"[ 엄태구 Playlist ] 너드남의 정석🤓 연기 VS 실제 갭차이 모음 https://www.youtube.com/playlist?list=PLTnyq-p4P5n00Iio3QmfEYT59I7y-YWlX ||| 성동일 눈빛이ㅋㅋㅋㅋㅋ 너무 내성적으로 자란 아들보면서 '얘는 사회나가서 어째살라고 그를까'하는 표정임ㅋㅋㅋㅋㅋㅋㅋㅋㅋㅋ ||| 6:33  ""난 누룽지 사왔는데"" 번역-> ""난 누룽지 밖에 안사왔는데ㅠ,,"" ||| 연예인들 싸가지없는거랑 낯가림이랑 구별 못하고 제가 낯가림이 심해서 사람들이 오해한다 어쩌구 하지마라 ㅋㅋㅋ 이게 진짜 낯가림이다 ||| 6:31 같은 infp가 봤을때 '난 누룽지 사왔는데..' 이 말은 본인 선물이 잊혀졌다는걸 어필하는게 아니라..  '나 이정은 선배님이랑 비교해서 너무 보잘거 없는거 사왔는데 어쩌지ㅠㅠ' 이런 의미입니다",예능
-Q5O71sOM_0,유재석이광수4,런닝맨 - 스브스 공식 채널,💛유재석X이광수 4탄💛  라면 진짜 예술이에요 502회 한마디만 할게요 225회 손 마사지 501회 벨트 139회 들어와라 우우우우 428회 광수 이름표 495회 타고 꺼져 453회 고기 김밥 스틸 388회 모자 응징 135회 방패막이 광수 503회 홍보 그만해 470회 마이크가 빠졌네 230회 뺨 환촉 398회 한류스타 팬미팅 208회 바지 젖었으니까 집에 들어가 419회 형이 거둬줄게 440회  1탄 https://www.youtube.com/watch?v=mR_QCRIC7K4 2탄 https://www.youtube.com/watch?v=yDB8orfSJb4 3탄 https://www.youtube.com/watch?v=7V4V4485pmA ||| 피디님의 “여러분 이렇게 하는 게임 아니에요...” 모음집 만들어 주세요 ||| 아닠ㅋㅋㅋ ‘유재석이광수케미’도 아니고 ‘이광수놀리는유재석’도 아니고 그냥 ‘유재석이광수’ㅋㅋㅋㅋㅋㅋ 처음엔 귀차니즘인줄 알았는데 시그니처인가... ||| 유재석이 놀린후에 이광수가 긴팔로 퍼덕퍼덕하는게 킬포인트임ㅋㅋㅋㅋㅋㅋㅋㅋㅋㅋㅋㅋㅋㅋㅋㅋㅋㅋㅋㅋㅋㅋ ||| 3:27 슬레이트 한 번 칠까요 광수씌  pd님 발음 보솤ㅋㅋㅋㅋ,예능
-NTMW01mSd4,1️⃣ 가수 겸 예능인 솔비 2️⃣ 👸로마공주👸 3️⃣ 화가 권지안 싹다~가져버린 찐 아티스트| 오인분순삭⏱오분순삭,오분순삭,솔비의 오분❤ ✔2016.08.03 라디오스타 489회 ✔2016.09.17 마이 리틀 텔레비전 68회 ✔2017.04.07 나 혼자 산다 199회 ✔2019.11.13 라디오스타 643회 +) 2012.03.31 라디오스타 303회 ||| 아니 이겈ㅌㅌㅋㅋㅋㅋㅋㅌㅋㅋㅋㅋ 김국진 빵터지는게 더웃곀ㅌㅌㅋㅋㅌㅌㅌㅋㅋㅋㅋㅋㅋㅋㅋㅋㅋㅋ ||| 0:39 김국진 빵터진거 겁나웃곀ㅋㅋㅋㅋㅋㅋㅋㅋㅋㅋㅋㅋㅋㅋㅋㅋㅋㅋㅋㅋㅋㅋㅋㅋㅋㅋㅋㅋㅋㅋㅋㅋㅋㅋㅋㅋㅋㅋㅋㅋㅋ ||| 1:07 김국진: (박수 짝) 공주맞네~  씨밬ㅋㅋㅋㅋㅋㅋㅋㅋㅋㅋㅋㅋㅋㅋㅋㅋㅋㅋ ||| ㅋㅋㅋㅋㅋㅋㅋㅋ개웃긴 점 1. 남이 헛소리하면 대답할 가치가 없다는 듯 받아치는 거 2. 그러고 다음 이야기 이어가기,예능
xI0pkRhd8qc,[#1인칭시점] 아니;; 왜 이제서야 예능에 나타나신거죠ㅜㅜ♥하희라바라기♥ 로맨틱 예능천재 최수종(Choi Soo-jong),MPLAY : 엠플레이,"최수종,하히라부부는 나이를 먹어도 멋있고 이쁘네요 😍👍👍 세상에서 재일부러운 여자가 하희라씨인것같아요 ||| 최수종 하희라 두분 넘 존경하는 배우님들~~청춘스타 ||| I Love you choi soo jang 💖 😘 💓 💗 💕 ❤️ ||| 역시 존경 ||| 와 초반에 왕건 주제가 듣고 ㄹㅇ소름돋음ㅋㅋㅋㅋㅋ 기억 저편에 있던 익숙한 음악이ㅋㅋㅋㅋ",예능
byyVvr6svkg,【#예능썰】2PM 준호가 팔씨름하다 택연 팔 부러뜨린 썰  (ft.근육이 문제...라고?? ) | 라디오스타 #TVPP| MBC 130515 방송,TV-People,콘서트에서 허벅지씨름 이기고 의기양양한 택연에게 멤버들이 이준호가 남았다 말하니 택연 바들바들 준호 안절부절 ㅋㅋㅋ ||| 팔씨름하다가 팔이 부러져ㅋㅋㅋㅋㅋㅋㅋㅋㅋㅋㅋㅋㅋㅋㅋㅋㅋㅋㅋㅋㅋㅋㅋㅋㅋㅋㅋㅋㅋㅋㅋㅋㅋㅋㅋㅋㅋ ||| 의외로 준호 2pm중에 힘쎔 ||| 진심 ㅋㅋㅋㅋ 이 썰은 볼 때 마다 웃으면 안될 것 같은데 웃김 ㅋㅋㅋ큐ㅠㅠㅠㅠ ||| 0:04 혼자 못 웃는 누너 넘 귀여움... ㅜㅜ 💕💕,예능
vYvoFwcuUBI,[1박2일 시즌1 레전드 #87] 예능 쭈구리 이수근은 밤에 모두 걸었다!! 밤에만 웃기는 🌟심야개그🌛의 창시자 이수근~!,KBS Entertain: 깔깔티비,"이수근 진짜로 눈물 글썽이는것 같은데, 정말 힘들었겠다,,,,, 까닥 잘못했으면 이수근의 재미 있는 입담 못볼뻔 했네, 나도 이수근 왕 펜이예요 정말 재미있게 잘보고 있어요,  앞으로도 대성하세요 ||| 피곤하고 멘탈 나가면 뇌도 입도 다 놔버리는 우리 수근이형 ㅠㅠㅋㅋㅋㅋㅋㅋㅋㅋ ||| 이수근씨 우는거 연기아니라 진심 울컥했네...내심 서러웠는데 몰카하다가 강호동씨가 좀 세게 치는 바람에 아프기도 하고 갑자기 서럽기도하고 그동안 쌓였던게 울컥하면서 터진듯한.....이수근씨 보는 맛으로 사는데 요즘...ㅠㅠ10년전이 그립네요...입대하기전날밤에도 마지막으로 본게 1박2일 재방이였는데...ㅠㅠ ||| 아 진짜 이수근ㅋㅋㅋㅋㅋㅋㅋㅋㅋㅋㅋㅋ 살짝 피곤한상태에서 뇌 살짝 내려놓고 치는 드립들 ㅈㄴ 웃기네 ㅋㅋㅋㅋㅋㅋㅋㅋㅋㅋㅋㅋ 진짜 국내 원탑이다 ||| 이수근은 진짜 천재인듯  ..,. 몇번을 봐도 웃기네",예능
hDzp8VAhqqg,속고 또 속고. 다연발 함정. 일본 예능 레전드 명장면.,유머 2번지,힘들고 외로울때마다 한국을 찿은게 이백번 가까이나 된다는 친한파 잇코상 응원합니다 ||| 감동적입니다!  역시 진정한 프로는 다릅니다! ||| 프로다 진짜~짜증 한 번 안낸다. ||| 저렇게 당하고도 웃음을 잊지않는 자세 감동 입니다 즐거웠습니다 ||| 잇코님 참 사람좋으네요^^,예능
7cBUEv2Mw5M,[주간아.zip] ☆믿듣탱☆ 우리 탱구 컴백 맞이 예능 모음.zip l 태연(TAEYEON),ALL THE K-POP,이때 태연이 그립다ㅠㅠ ||| 놀라운 토요일에서 왔어~~ ||| 개이뻐ㅜㅜ ||| 이때 태연이 그립다! ||| 어머 어머 이 귀한걸!! 너무 귀여워 왓두아콜유 발매 7분전이다!!!,예능
t7Xbhn3Q5Lg,[장도연] 백김치 담그기,우리도 연인가봐요,도연쒸 얼굴에 묻은 건 무입니다 김장하려고 무를 갈았어요 haha ||| 양세찬 쪽쪽 빨때 음mmmmm 음mmmm 하는게 너무 웃김 ||| 저거그거잖아 ㅋㅋㅋㅋㅋ 거침없이하이킥에서 해리가 자기좋아하는 오빠가 매운거 못먹는다고 츄르릅빨고 어 고춧가루가 있네?하면서 더 츄르릅했던 ㅋㅋㅋㅋㅋ ||| 별안간 똑똑해진 세찬쒸 ㅋㅋㅋㅋㅋㅋㅋㅋ ||| 진짜 양세찬 특화개그 ㅋㅋㅋㅋ,예능
BpwafMkeUBc,[런닝맨] 스페셜 '첫 출연해서 돌+I 소리 듣고 간 예능 천재 이도현' / 'RunningMan' Special | SBS NOW,SBS ,"예능 천재 도현이 ♥많관부♥  📺회차 정보📺 열정 도현 496회 Flex 도현의 최후 496회 믿었던 도현의 배신 496회 _ 예능 초보의 적응기 499회 예능은 초보 연기는 천재 499회 ||| 요즘 10-20대 여자들이 환장할 스타일이네.. 부담스럽지 않고 느끼하지 않고 담백하게 귀티나게 잘생긴 스타일..거기다가 귀여운 모습도 있고 특히나 웃을때 미소가 넘 이쁨 심지어 키도 크고 얼굴도 작고 하........ ||| 인터뷰보니까 올해는 자기혼자만 일했으면 좋겠다고하는데 내용이 지적장애동생이 있어서 부모님이 신문배달하고 고생많이하셨나봄 그래서 부모님 동생 모두 편히 쉬고 자기만 일했으면 좋겠다고 하는데 그마음이 너무착함ㅜㅜ잘됐으면 좋겠음 ||| 이도현 진짜 완전 효자다,,, 어머니 상품 드린다니까 바로 해맑게 사진 찍는 거봐,, 그 와중에 웃는 거 너무 예쁨,, ||| 이도현 그냥 잘생긴게 아니라 설레게 잘생김 남자배우보고 진짜 이정도로 설렌적없는데 이도현보고 처음 느낌 첫눈에 반한다는 말 뭔지 알것같음 ㅠㅠㅠ",예능
5zl8vtxVqmY,"[해투 레전드 #7] 성대모사, 앞구르기, 댄스 모조리 가능! 완벽한 예능캐ㅋㅋ사랑스러운 김소연 모음.zip♥ | KBS 방송",KBS Entertain: 깔깔티비,"이상우랑 둘이 무슨대화하는지 진짜 미칠듯이 궁금하다 ㅋㅋㅋㅋㅋㅋㅋ ||| 유느는 자기가 좋아하는 게스트 나오면 티 확나는데 ㅋㅋㅋㅋㅋㅋㅋㅋㅋㅋ 김소연 나올때마다  너무 신나보여 ||| 부부생활 관찰예능 하나 하면 좋겠다. 이상우씨 해투나온거 보면서 와 세상에 어떻게 이런 사람이 있지? 생각하면서 봤는데, 똑같은 여자도 존재하는게 신기함ㅋㅋㅋㅋ ||| 부끄러워하면서 할 거 다함ㅋㅋㅋㅋㅋㅋㅋㅋㅋㅋㅋ ||| 어우 같은 여자가 봐도 너무 사랑스러워요",예능
GZTiEkTHm2A,이찬원님♡동원군~ 또동또동♥,누이의순정,예능도  잘하고  아구구~ 노래도 잘하고 말도 잘하고 잘생겼지요~ 앞으로잘될겁니다 이찬원  응원합니다🤗🤗🤗 ||| 잘생겼다,예능
kmQj2mkl1vk,[장도연] 음식 주문,우리도 연인가봐요,0:31 자막 취저 ㅋㅋㅋㅋㅋ청산별곡이 담긴 특이한 음식 ㅋㅋㅋㅋㅋㅋㅋㅋㅋㅋㅋㅋㅋㅋㅋ얄리얄리얄라셩~ ||| 아 진짜 너무 웃기다ㅋㅋㅋㅋㅋㅋ 이렇게 짧게짧게 올리시는거 너무 좋은 아이디어 같아요!! 솔직히 짧은게 더 보기편하거든요ㅎㅎㅎ ||| 마지막에 웃는거 개웃기고 완전 내취향임ㅠㅋㅋㅋㅋㅋㅋㅋㅋㅋㅋㅋ ||| ㅋㅋㅋㅋㅋㅋㅋㅋㅋㅋㅋㅋㅋㅋㅋ 알아듣네 하고 ㅎ하하하하하하 웃는거 너무 ㅋㅋㅋㅋㅋㅋㅋㅋㅋㅋㅋㅋㅋㅋㅋㅋㅋㅋㅋ 로봇이 웃는 것같애 ||| 웃는거 진짜 너무 좋다...학학학학 << 웃음소맄ㅋ,예능
OWVLHjMkYck,헨리×수현 하트시그널(?),henbory 1011,ㅎㅎㅋㅋㅋ 이쁜  헨리  이쁜  수현 또 보고십네~ ||| 헨리 너무 귀여워❤❤❤❤ ||| 헨리 ×수현 ㅋㅋ ㅋ 꽁트하는것 같은데 마지막 나 놀래쒀~ 하는거 넘 귀욤  ... 둘 케미 최고! ||| 헨리 갑자기??놀랬쒀에서~~~ ||| 둘다귀여워ㅠㅠ,예능
ToVvuEKDK7E,[스페셜] ‘예능 초보’ 이도현 활약 모음집♡ㅣ런닝맨(RunnimgMan)ㅣSBS ENTER.,SBS Entertainment,"내생각엔 내여자친구라 했으니까 내여자친구라고 받아야하는데 그게 세찬이형 여자친구니까 말그대로 그렇게 말한듯ㅋㅋㅋㅋ ||| 1:24 존나 뜬금없이 웃김ㅋㅋㅋㅋㅋㅋㅋㅋㅋㅋㅋㅋㅋㅋㅋㅋㅋㅋㅋ 이온음료를 받았꾸나...! 깨달음 얻은 것마냥 말햌ㅋㅋㅋㅋㅋㅋㅋㅋㅋㅋㅋㅋㅋ ||| 10:55 여기서 이도현이 ""조세호는 돌덩이~"" 한 다음에 하하가 이어서 ""돌덩..."" 하는게 개웃김ㅋㅋㅋㅋㅋㅋㅋㅋㅋㅋㅋㅋㅋㅋㅋㅋㅋㅋㅋㅋㅋㅋㅋㅋㅋㅋㅋㅋㅋㅋㅋㅋㅋㅋ ||| 스위트홈 보고왔는데 이 분 이은혁 어떻게 연기하신건가요 자아가 두개이신 수준인데,,, ||| 누가봐도 그 시절 사랑했던 선배 스타일  사랑해 오빠",예능
VPG2TbSh42s,예능에서도 나타나는 직업병(?),서노,"나만 종밍이 귀엽냐고 ,,, 하란다고 다시 배운대로 하는거봐 ㅋㅋㄱㅋㅋㅋㅋㅋㅎㅋ 역시 1박2일 14학년 .. ||| 이런 사람은 국어시간 책읽을때도 흥미진진하게 읽어서 쌤이 다음사람 안넘김 ||| 저도 김선호한테 연기 배우고싶어요....... ||| 똥개야에서 끝나는거 왜이렇게 웃기짘ㅋ ||| 당당하고 엄격하게! ㅋㅋ 귀엽",예능
61DVaMD7WXQ,런닝맨 즐거운 식사시간.zip《런닝맨 / 예능맛ZIP / RunningMan》,런닝맨 - 스브스 공식 채널,🍚회차정보🍚 라면 403회 국자 365회 전주 329회 하하week 337회 ||| 8:50 에버랜드에 기린도 뭐 먹을때 저렇게 입술이 움찔움찔거리는데 이광수는 역시 뼛속까지 기린이네 ||| 4:27 김종국 짬뽕 송지효가 먹구 있어 ㅋㅋㅋㅋㅋㅋㅋㅋㅋㅋ 귀여워 둘 다 ||| 한숟갈에 유느 국자가져오는거 진짴ㅋㅋㅋㅋㅋㅋㅋㅋㅋㅋㅋㅋㅋㅋ내 별명이 국자랰ㅋㅋㅋㅋㅋㅋㅋㅋㅋㅋㅋ ||| 5:43 하하 손절 개웃기네ㅋㅋㅋㅋㅋㅋㅋㅋㅋㅋㅋㅋㅋㅋㅋㅋㅋㅋㅋㅋㅋㅋ,예능
tx_PsoARvm0,[런닝맨] 요약 '라이징 스타 이주빈 & 한지은의 예능은 처음이라서...' / 'RunningMan' Special | SBS NOW,SBS ,이주빈 이름은 첨듣는사람많아도 그유명한 증명사진보면 아 이사람이였어 할걸 ||| 와 이주빈 실환가 너무예쁜데 ||| 와 한지은 긴머리 하니까 멜로가체질때랑은 느낌이 확 다르네... ||| 5:18 뽑아달라고 구랬쪄여  이주빈 너무 귀엽다~♡♡> ||| 8:49 아 방심했다 개터졌네 ㅋㅋㅋㅋㅋㅋㅋㅋㅋ너무웃갸ㅠ,예능
qwzzcVMtJXw,[주간아.zip] 찐 연하남이던 향수뽀이 시절 니엘! 예능에 최적화된 안다니엘군.. l 틴탑(TEEN TOP) 니엘(Niel),ALL THE K-POP,"생수 두병 원샷하는 섹시한 상남자가  오늘부터 이상형이다 ||| 사춘기때 뽀글이머리 얼마나 부끄러웠을까ㅋㅋ 근데 니엘이니깐 그걸 또 소화해냄. ||| 근데 틴탑이 말라서 연약돌 소년 이미지는 강했는데 랜덤플레이나 예능들보면 그 어떤 남아이돌보다 마라맛임 ㅋㅋㅋㅋㅋㅋㅋ 서로 욕하는 건 기본 싸우는것도 개의치않음 ㅋㅋ 그만큼 사이 좋음ㅋㅋㅋ찐남고딩미 그러면서 귀여움 ㅋㅋㅋㅋ 이 영상은 귀여움만 딱 모아놓은듯 ||| 얘 진짜 신경쓰이는 재질ㅜ 찐하게 사랑했다 안다니엘 ||| "" 썸네일 차분하게 이상하다는게 뭐지...?"" 이 생각하면서 들어왔는데... 보면서 점점 이해감 ㅋㅋㅋㅋㅋㅋㅋㅋㅋㅋ",예능
m7ttUOWToKk,요즘은 펭수보다 유명한(?) 트롯형제 장민호X영탁 [예능맛ZIP/미운우리새끼],미우새,"본방시청했지만 언제봐도 영탁님과민호님의 의좋은 케미는 늘 보기 좋아요 ||| #장민호 #영탁 #장민호미운우리새끼  #읽씹안읽씹 #사는게그런거지  민호님과 영탁님  넘 보기 좋아요  다시 한번 미우새 출현 보고파요~ 스브스님 두 분 섭외 부탁드립니다~^^ 장틱 형제님~   지금처럼만 서로 의지하며 외롭지 않게 걸아가시길 응원합니다 ||| 다시  영상봐도  참좋네요 민 영탁  두분  앞날에 꽂길만 되 세요 ~~ ||| 장민호 님은 영탁님 두분이 우정을 오래오래 함께 해주세요 화이팅 하세요 본방사수 하고있습니다, 참으로 다정다감한 사람이 있습니다   두분은 환절기 건강 조심하세요 감사합니다   세계적인 레전드 입니다 눈물이 났어요 ||| 영탁과민호씨 친형제 못지않은 사이 무엇이필요한가을 알고 커탠달며 아웅다웅하는 모습 넘보기좋아요",예능
4Yw0V6v6X44,"【#예능썰】일반인은 인사 못해?😡 문세윤 데뷔전 김숙, 김대희 만난 썰 (ft.반전 감동) | 라디오스타 #TVPP MBC 20160914 방송",TV-People,"문세윤이 진짜 똑똑하구나 썰푸는게 네러티브가 있어서 완전 몰입된다 ||| 에피소드 기승전결이 완벽하넼ㅋㅋㅋㅋㅋㅋㅋㅋ 반복의 미학이 담긴 웃음과 감동의 절정, 회한과 해학이 담긴 마무리까지 ||| 김숙은 진짜 썰만들어보면 강강약약 그자체임 ||| 일반인은 인사못해?ㅋㅋㅋㅋ아개웃기네ㅋㅋㅋㅋㅋㅋ ||| 김숙 진짜 멋있다. 솔직히 친한 친구한테도 500만원 선뜻 내주기 힘든데.. 후배한테 턱 주는 모습 멋있어",예능
iQfP4RUTcyI,[김종국] 여자와의 가벼운 포옹 2004 vs 2020,ENJK 김종국♥출구는없다,포옹조차 수줍어하는 2004년의 꾹이도 귀엽고ㅋㅋㅋㅋㅋㅋ 그런것쯤은 괜찮아진 2020년의 꾹이의 차이가 좋음🥰💖 ||| 지금은 포옹하면서 근육 확인하자너 ㅋㅋㅋㅋ ||| 김종국이 감정있게 안아주면 어떤 기분일까... ||| 2004년때 멈칫하는거 귀여우시다ㅋㅋ ||| 규 김종국,예능
K2Yps6vfaSs,[7月의 무도] 어이 부라더~ 오랜만에 예능 근육 좀 써볼까?☄ 서울로 땅따먹는 무도 CLASS ＂흑과백＂ 1편 infinite challenge,올끌 (All of MBClassic),"5:46 ""말이 되는 소리만 하면서 어떻게 살아요"" 띵언.. ||| 진짜 멤버 두명의 부상을 팀장으로 활용하고 서울의 구를 땅따먹기식으로 활용한  기발한 아이디어가 돋보인 특집이었음 ||| 6:55 박명수 급발진 ㅋㅋㅋㅋㅋㅋㅋㅋㅋㅋㅋ ||| 9:54 에 데프콘 지퍼 올리는 게 킬포 ㅋㅋㅋㅋㅋㅋㅋㅋㅋㅋㅋㅋㅋㅋㅋㅋㅋㅋ ||| 두 멤버가 아파서 무리하지않게 배려까지 해주면서 재미까지 뽑는 무도 갓프로",예능
RcoQnsmASJA,"트롯BTS 장민호, 예능 + 노래 다 잘하는 사슴 눈망울 장민호 (KBS '가요무대' 출근길)",NewsInStar,매일 매일  민호씨  영상보는 즐거움으로 하루하루 살아가고있답니다.감사합니다^항상  행복하세요♡ ||| 어디서도 빛나는 장민호 비쥬얼 너무 멎지네요 ㅎㅎ언제나 멋진무대 응원합니다 장민호 화이팅 !! ||| 언제하는지요🤗민호님👍왕창대박나시길🙏 응원힙니다💘항상🙏건강하세요🙏🙏🙏 ||| 오빠 잘생겼어요~~~ 이런소리저도 해보고싶네요 왜 먼저태어났을까요? 눈부신 민호님 반가워요 뉴스인스타에게도 감사합니다^^ ||| 민호씨는 초심을 절대 잊지 않을거 같아요~😊 한결같은 허리인사.. 쉽지 않을텐데.. 진한 인성이 느껴집니다~😊🦌🌷,예능
d-uSVF5A7Kw,있지(ITZY) 류진 예지 케미부심ㅋㅋㅋㅋ,COM AND,땡덩은 진리지💙❤💙❤💙❤💙❤ ||| 순발력 미춋다.. ||| 귀엽다ㅠㅠㅠ ||| 아니...예지 왤케 이쁜데....왜...이쁘냐고....너무..이쁘자나...너무 완벽하자나....하...또 영상은 너무귀여워..😍 ||| 땡덩은 사랑이징😘 +신유나랑은 앙대😏,예능
c3R8w5qnwPA,이렇게 독특한 캐릭터는 없었다! 모두를 사로잡은 예능돌 광희의 등장 모먼트🌟 | 오인분순삭⏱오분순삭,오분순삭,황광희의 5분🌟 ✔️ 2010.07.24 세바퀴 62회 ✔️ 2011.01.29 세바퀴 88회 ✔️ 2012.07.21 세바퀴 163회 ✔️ 2012.05.21 공감토크쇼 놀러와 389회 ✔️2012.07.18 라디오스타 289회 +) 2017.03.22 라디오스타 519회 ||| 정색하고 있는 남자 연예인들 보다는 광희처럼 빵긋빵긋 열심히 임하는 자세가 훨씬 나음  굿굿 ||| 광희가 제아 이름 알리고 임시완 박형식 다 먹여살렸지ㅋㅋㅋㅋㅋ 아직도 성형했다고 당당히 방송하고 빵긋빵긋 웃던게 생생함... 그때도 열심히하는 모습이 좋아보였는데 살도 오르고 예능도 물 올라서 좋다 건강하고 바르게 롱런하면 좋겠음!! ||| 말은 시완이 질투난다 그렇게하면서 결국은 시완이 칭찬하는거네.. 광희가 시완이 형식이 많이키웠다 진심ㅠㅠ ||| 광희 보면 스폰지밥 생각나 밝고 발랄함 그 자체,예능
umBYvfrSafk,매력이란게 터져버렸다!! 맛남의광장 피자&파스타 모음 [예능맛ZIP/ 맛남의 광장_Delicious Rendezvous],스브스밥집,"I'm still like watching Jisoo program again and again coz make me feeling so much fresh OMG my Jisoo love you so muxh hope you are at this program again next ||| I don't understand a thing but when i see Jisoo my heart is full again! I love her so much!!!! I'd eat whatever Jisoo cooks for me! I love you, Jisoo!!! ||| 지수님이랑 희님이랑 귀여우셔 ㅋㅋ큐ㅜㅜㅠ 지수님 말투? 특유의 그게 되게 귀여우시당.. 희님은 오늘도 열일중이시구 좋다좋다 ||| 지수 귀엽더라 ㅋㅋㅋㅋㅋㅋ ||| Is this a fan channel why so underrated",예능
-PczBtDLQlE,무당판 미우새 신패밀리 오늘 3월19일 많은 관심 사랑 부탁드립니다😍,천생 서화무녀 문수이,"안녕하세요  신패밀리 영상 보고 울고 웃고 하다가 찾아 들어 왔어요 ㅋㅋ 예전 테스트 방송부터 쭉 봤는데 예의 있고 심성이 참  착하신 분이다 생각 했어요 ~ 내림굿 받는 영상에서 특히 너무 이쁘시더라구요 ~~~!!  요즘 영상에서 얼굴이 수척해 보이시는데 건강 잃지 않게 조심하세요 🙏🙏🙏파이팅❤ ||| 문수이님 넘넘 팬인거 아시죠? 얼굴도 넘예쁘고,몸매도 👍 늘 열심히 하시는 모습 보기좋아요 가끔 방송보고 맘이 찡하답니다 늘 응원합니다♡ ||| 무당판 #미우새 #신패밀리  오늘 3월 19일 목요일 리빙티비 본방사수👏👏👏 많은 분들이 댓글로 궁금해 하시며 애타게 기다리고 기다리셨던 #눈꽃마녀신어머니 와 #빨간머리문수이 의 여러분 곁을 찾아갑니다😊 유트브 체널 🌠 베짱이엔터테이먼트  오늘 3월 19일 목요일  11시 45분⏰  #눈꽃마녀신어머니 와 #눈꽃마녀신어머니막내딸 의 모성애가 느껴지는 리얼리티💕 본방과 유트브 실시간 방송에서 많은 관심과 사랑 부탁드립니다😊",예능
pFMgJHxGVto,최초 병아리 게스트🐥 💛아린💛 모음 3탄 [예능맛ZIP/ 맛남의 광장_Delicious Rendezvous],스브스밥집,진짜 현실에 있을거 같지만 절대 없을 수수하지만 눈코입은 꽉꽉 들어차있는 스타일... ||| 05:21 ㅋㅋㅋ귀여웤ㅋ ||| 병아리의 의인화가 딱 최알인인듯...진짜 너무 삐약거리는거 귀여워!! ||| 5:22 넘모 귀엽짜나 ~.~ ||| 2:28 너가더그래 아린아ㅠ,예능
FQh9ti-0JXs,손나은 어렸을 때 별명,손나은미모에미친여자,원래 초딩 때 별명은 거기서 거기.. ㅋㅋㅋㅋㅋ ||| 손나은 별명 너무 귀여워ㅎㅎ ||| 맞아맞아 이나은보다 손나은님이 훨씬 예쁘고 착하지 ||| ㅋㅋㅋ 아 손나방 어울리는데 ㅋㅋㅋ ||| 지금은 손천사ㅎㅎ,예능
oj09n-JXSn4,[2020]배꼽 빠지게 웃긴 영상 모음 #16 | Funny Video Moments Compilation #16,해피마블-솔킷HMS,ㅋㅋㄱㅋㅋㅋㅋㅋㅋㅋ ㅋㅋㅋㅋㅋㅋㅋㅋㅋㅋㅋㅋㅋㅋㅋㅋㅋㅋㅋㅋㅋㅋ😂😂😂😂😂😂😂😂😂😂😂😂😂😂😂😂😂😂😂😫😫    너무  웃겨서  숨을 못 쉬겠습니다 ㅋㅋㅋㅋ ||| 오빠 미쳤어 ㅋㅋㅋㅋㅋㅋㅋㅋㅋㅋㅋㅋㅋㅋㅋㅋㅋㅋㅋㅋㅋㅋ ||| 이지스 👍👍👍😄😄😄 ||| 잘봤습니다!! ||| 잘보고 갑니다,예능
Aqj32beayas,개그맨 8명이 모이면 배꼽이 깨진다⛏ 군대에서 자발적 웃음 참기 챌린지 ༼;´༎ຶ + ༎ຶ༽  | 진짜사나이⏱오분순삭,오분순삭,4:57아닠ㅋㅋㅋㅋ누가 소리를 이렇게 질렄ㅋㅋㅋㅋ ||| 개그맨들은 보통 사람과는 유전자가 다름. 모든 상황을 코믹하게 이끌고 바꾸고 표현할 수있는 능력자들임. 라디오 진행도 개그맨 진행자가 확실히 재밌음. ||| 1:23 딱 그 코빅 공개코미디 발성아니냐구 ㅋㅋㅋㅋ ||| 2:00 두바이 진짜 미쳤나ㅋㅋㅋㅋㅋㅋㅋㅋㅋㅋㅋㅋ ||| 적군들의 빤쓰는 왜찢냐곸ㅋㅋㅋㅋㅋㅋㅋㅋㅋㅋㅋㅋㅋ,예능
0SvHoaVUzkk,※주의※ 사람 많은 엘리베이터에서 오해 안 받게 조심하세요 | ㅇㅋ챌린지 ⏱오분순삭,오분순삭,🖤ㅇㅋ챌린지 회차 정보 알리미🖤 ✔구해줘 홈즈 11회 ✔구해줘 홈즈 13회 ✔라디오 스타 614회 ✔진짜 사나이 31회 ||| 탑층의 복합구조 ㅋㅋㅋㅋㅋㅋㅋㅋㄱㅋㅋㅋㅋㄱㅋㅋㅅㅋㅋㄱㅋㅅㅋㅋㅋ하 제일쎄 ㅋㅋㅋㄱㅋㅅㅋㄱㅋㄱㅋㅋㄱㅋㅅㅋㅋㅋㅋ ||| 1:10 이 상황 걍 SNL 같음 ㅜㅜㅜㅜㅠㅠㅠ 진짜 유병재가 아 누나 아 누나 죄송해요 죄송해요 이거 걍 대사같음 ㅠㅠㅠㅠㅠㅠㅠ ||| 아 이건 단계가 무의미하다 ㅋㅋㅋㅋㅋ ||| 1단계부터 터진거 나뿐이냐곸ㅋㅋㅋㅋㅋㅋㅋㅋㅋㅌㅋㅋㅋㅋㅋㅋㅋㅋㅋㅋㅋㅋㅋㅌㅋㅋㅋㅋㅋㅋㅋㅋㅋㅋㅋㅋㅋㅋㅋㅋㅋㅋㅋ,예능
9avkrmhScQk,전설의 방송사고 피식보장 웃기고 재밌는 영상,훈s TV,박대기 기자님은 넘사벽임. ||| 박대기 기자 너무 대기 시키는거 아냐TT ||| 3:14 진짜 레전드ㅋㅋㅋㅋㅋㅋ뉴스 수준이 참.. ||| 06:28 어떻게 안웃어 ㅋㅋㅋㅋㅋㅋ ||| 박대기형... 형너무불쌍해...,예능
34cYqahQjFs,[2020]배꼽 빠지게 웃긴 영상 모음#29 | Funny Video Moments Compilation#29,해피마블-솔킷HMS,1:51 머리 만 빠진거 너무 웃겨요 ㅋㅋ ||| 4:46 엄마 ||| 1:58 ㅋㅋㅋㅋ잊지말자 귀여운 엉덩이츰 4:46 킬포 ||| 엄마!!!!!!  ㅋㅋ ||| 4:47 엄마~ 영상출처가 어디인가요~?,예능
hDzp8VAhqqg,속고 또 속고. 다연발 함정. 일본 예능 레전드 명장면.,유머 2번지,힘들고 외로울때마다 한국을 찿은게 이백번 가까이나 된다는 친한파 잇코상 응원합니다 ||| 감동적입니다!  역시 진정한 프로는 다릅니다! ||| 프로다 진짜~짜증 한 번 안낸다. ||| 저렇게 당하고도 웃음을 잊지않는 자세 감동 입니다 즐거웠습니다 ||| 잇코님 참 사람좋으네요^^,예능
EOCZYxmi7ho,※주의※ 사무실에서 웃음 터져도 책임 안 집니다. | ㅇㅋ챌린지 ⏱오분 순삭,오분순삭,🖤ㅇㅋ챌린지 회차 정보 알리미🖤 ✔세바퀴 129회 ✔마이 리틀 텔레비전 43회 ✔라디오스타 363회 ||| 아진짜 다시보는데 모르모티피디 ㅈㄴ 치트키임 매순간이 걍 다웃겨 이사람은ㅋㅋㅋㅋㅋㅋㅋㅋㅋㅋㅋㅋㅋㅋㅋ 몸쓰는 거면 신체 어디 하나 안웃긴 곳이 없음 머리부터 발끝까지 개웃겨서 몇번이고 돌려가면서 봐야됨ㅋㅋㅋㅋㅋㅋㅌㅋㅋㅋㅋㅋㅋㅌ ||| 모르모트 피디 진짜 미쳤나ㅋㅋㅋㅋㅋㅋㅋㅋㅋㅋㅋㅋㅋㅋㅋㅋㅋㅋㅋㅋㅋㅋㅋㅋㅋㅋㅋㅋㅋㅋㅋㅋㅋㅋㅋㅋㅋㅋㅋㅋㅋㅋㅋㅋㅋㅋㅋㅋㅋㅋㅋㅋㅋㅋㅋ개웃겨서 오열중ㅠㅠㅠㅠㅠㅠㅠㅠㅠㅠㅠㅠㅠㅠㅠㅠㅠㅠㅠㅠㅠㅠㅠㅠㅠㅠㅠㅠㅠ ||| 아놔 피디때문에 진짜 개터졌네ㅋㅋㅋㅋㅋㅋㅋ 노래 박자는 빠르지 머리에 순서 외워야하지 마음은 급하고 몸은 안움직여주지 댄스선생 눈치보이지 저 동작들은 정말 찐으로 나오는 어리버리임 ||| 모르모트피디가진짜미치넥ㅋㄱㄱㅋㄱ배아파,예능
0heQsx1GHeA,[2020]배꼽 빠지게 웃긴 영상 모음 #13 | Funny Video Moments Compilation #13,해피마블-솔킷HMS,9:15 손 세정제 진짜 ㅋㅋㅋㅋㅋㅋㅋㅋㅋㅋㅋㅋㅋㅋㅋㅋㅋㅋㅋㅋㅋㅋㅋㅋ ||| 4:40 갑자기 얼음들어와서 호흡 가빠지면서 복식호흡 제대로 나오니까 하모니카 연주되는거 개웃기네😂 ||| 2:55 고양이 나올때노래 뭔가요? ||| 0:14 ㅋㅋㅋㅋ 넘 귀엽고 웃낀다. ||| 9:16 진짜 겁나 웃기네ㅋㅋㅋㅋㅋ수틀리니까 바로 뿌사뿌노ㅋㅋㅋㅋㅋ,예능
06k5c9uc1eU,[[2편]]타팬들에게도 유명한 비투비 웃긴영상,투비는차카야,우리 민혁이가 칼에 처음 맞아봐서 그래요ㅋㅋㅋㅋㅋㅋㅋㅋㅋㅋㅋㅋㅋㅋㅋㅋㅋㅋㅋㅋㅋㅋㅋㅋㅋㅋㅋㅋㅋㅋㅋㅋㅋ ||| 24000명끼리 비밀 가지는 건 어떤 기분 일깤ㅋㅋㅋㅋㅋㅋㅋㅋㅋㅋㅋㅋㅋㅋㅋㅋㅋㅋㅋㅋㅋㅋ ||| 근데 타팬이지만 멜로디들 24000명 약속... 저거 한명이라도 다 불어버리거나 한 명이라도 어디에 글 올리면 끝나는 비밀인데 아무도 안 그랬다는거잖아...의리 대단하다 ||| ㅋㅋㅋㅋ 고딩때 같은반 남자애들끼리 그룹만든거 같네 ㅋㅋㅋㅋㅋㅋㅋㅋ,예능
mstmZ49On-c,＂교관을 절대 쳐다보지 마라!!＂ 호랑이 교관도 무너뜨린 위장 끝판왕 김영희&차오루👨🏻‍🎤 | 진짜사나이⏱오분순삭,오분순삭,군필자들은 안다 ㅋㅋㅋㅋㅋㅋㅋㅋㅋㅋㅋㅋㅋㅋㅋㅋㅋ 훈련교관이 저렇게 웃으면 진짜 ㅈㄴ 웃긴거다 ㅋㅋㅋㅋㅋㅋㅋㅋㅋㅋㅋㅋㅋㅋㅋㅋㅋㅋㅋ ||| 이거 웃음참기 챌린지 극상 난이도ㅋㅋㅋㅋㅋㅋㅋㅋㅋㅋㅋㅋㅋㅋㅋㅋㅋㅋㅋㅋㅋ 교관 반응에 차오루 나름 진지한거까지 개웃겨ㅋㅋㅋㅋㅋㅋㅋㅋ ||| 누가 위장을 저래함ㅋㅋㅋㅋㅋㅋㅋㅋㅋㅋ적도 위장한거 보다가 웃을듯 저 정도면ㅋㅋㅋㅋㅋㅋㅋㅋㅋㅋㅋㅋㅋㅋㅋㅋㅋㅋ ||| 이의신 상사님 겁나 좋으신분인데ㅋㅋㅋㅋ 교육훈련하시면 항상 겁나 재밌게 해주시고 겁나 자상하셨음ㅎㅎ 괜히 tv나오신다고 엄하세 하실라니 어색함ㅋㅋㅋ 몸관리 작살나게 하셔서 식스팩 어마어마 하셨는데ㅋㅋ ||| 교관이 얼마나 웃겼으면 군대교육생들 앞에서 실실 웃냐고ㅋㄱㅋㄱㅋㅋㄱㄱㅋㄱㅋㄲㄱㅋㄱㅋㅋㄲㄱㅋㄲㅋ,예능
cuFaDDSKm1Q,“배 집어넣어‼” 다 넣은 건데...😞 김영철 소대장 훈병의 희생에 감동의 눈물 흘리는 전우들 | 진짜사나이⏱오분순삭,오분순삭,김영철과 박명수 둘이 군대가면 진짜 초토화되겠다 ㅋㅋㅋㅋㅋㅋㅋㅋㅋㅋㅋㅋㅋㅋㅋㅋㅋㅋㅋㅋ ||| 2:20 코 긁는 거 왜케 웃김ㅋㄹㅋㄹㅋㄹㅋㄹㄹㅋㄹㅋㄹㅋㄹㅋㄹㅋㅋㅋㅋ 진짜 아무생각 없는 것 같음ㅋㄹㄹㅋㅎㅋㅎㅋㅋㄹㅋㅋㅋ ||| 줄리엔강 웃음 참는거 왜케 웃기냨ㅋㅋㅋㅋㅋㅋㅋㅋㅋㅋㅋㅋㅋㅋㅋㅋ ||| 3:56 이분 웃음 참는 거 ㄹㅇ ㅋㅋㅋㅋㅋ 개웃긴데 언급이 없네 ||| 배 넣어 그게 뭔데 배 집어 넣어 그거 어떻게 하는 건데...,예능
Y4RtgClqo5o,[2020]배꼽 빠지게 웃긴 영상 모음 #15 | Funny Video Moments Compilation #15,해피마블-솔킷HMS,4:49 와 자동으로 고게 돌리게 됨 와씨 ||| 0:30 아~아~아아~~   아아아아아아악!!!!!!ㅋㅋㅋㅋㅋㅋㅋㅋㅋzzzzzz ||| 야구공 날아올때 개깜놀했답 ㅋㅋㅋㅋㅋ ||| 1:12 코로나에서 빵터짐 ㅋㅋ ||| 1:30  고양이 ㅋㅋㄱㄲㄱㄱㅋㅋ♥♥♥♥♥졸귀,예능
rQS0vSDjYlY,👤 : 교관 생활하면서 교육생들 앞에서 웃은 건 처음입니다. 대환장파티 특공무술..☆ | 진짜사나이⏱오분순삭,오분순삭,"진짜 교관 웃으면 왠지 모르게 정복감 들면서 기분 좋아짐 ||| 근데 저 교관 딱봐도 기본적으로 웃음 많은 사람 같은데ㅋㅋㅋㅋㅋㅋㅋㅋㅋㅋㅋㅋㅋㅋㅋㅋㅋㅋㅋㅋㅋㅋㅋㅋㅋㅋㅋㅋㅋㅋ ||| 교관한번웃더니 분위기좀풀어주는거 보기 개좋음ㅋㅋㅋㅋ ||| 4:44 교관 찐 말투 나왔다 뭔가 장난끼 껴 있는 목소리.. 역시 교관도 사람이야,,, ||| 근데 교관도 극한직업이다   저렇게 웃기게 훈련하는 사람 오면  강제로 웃음참기행ㅠㅠㅠ",예능
x2OvGDUbfZc,[세븐틴/웃음참기] 도핑테스트 필요한 아이돌 (feat. 그냥 냅둬. 얘네 세븐틴이래),BBIBBI삐삐,타팬분들이 웃고 가실 때 가장 뿌듯함 ||| 2:18 도겸: 야 이 샠....이 녀석이 ||| 2:18 이도겸 욕하려다 방송인거 인지ㅋㅋㅋㅋㄲㅋㅋㅋㅋㅋㅋㅋㅋㅋ ||| 9:16 ㅋㅋㅋㅋㅋㅋㅋㅋㅋㅋㅋ 아니 목소리 하이 해졌다가 갑자기 아 뭐야 하면서 급 정색 하는거 ㅋㅋㅋㅋㅋㅋㅋㅋㅋㅋㅋㅋㅋㅋㅋ ||| 3:44 호시 표정도 ㅈㄴ 웃긴데 팔 한짝씩 붙들려 있어서 어정쩡하게 환호하고 있는 게 너무 웃김ㅜㅜ,예능
T8easnscy9s,[엑소웃긴영상] 제법 살벌한 엑소,제법웃긴엑소,묘하게 스며드는 거친 엑소 ||| 생각보다 상당한 도경수 지분 ㅋㅋㅋㅋㅋㅋㅋㅋㅋㅋㅋㅋㅋㅋㅋㅋㅋㅋㅋㅋㅋㅋㅋㅋㅋ ||| 욕하지말라고 몇번을말하는거얔ㅌㅋㅋㅋㅋㅋㅋㅋㅋㅋㅋㅋㅋㅋㅋㅋㅋㅋㅋㅋㅋㅋㅋㅋㅋㅋㅋㅋㅋㅋㅋㅋㅋㅋㅋㅋㅋㅋㅋㅋㅋㅋㅋㅋㅋㅋㅋㅋㅋㅋㅋㅋㅋㅋㅋ ||| 이 분야는 특히 김준면의 거친말이 참 좋더라고요 ||| 거친 백현이...거친 백현이...거친 백현이... 거친 백현이... 거친 엑소... 아 좋아....,예능
mLUA0PQa-jI,본인도 찐으로 웃긴 장도연 is뭔들 모음! 양세찬 레전드 재롱 아뜨아차에 결국 결혼까지 성공 (ft.술게임🥟) | #깜혼_코미디빅리그 | #Diggle,tvN D ENT,뭔들시리즈나 여사친은 봐도봐도 재밌음 ㅋㅋㅋㅋ 뭔들에선 양세찬이 구박당하고 여사친에선 장도연이 얻어터지고 ㅋㅋㅋ 둘조합 잘맞음 ㅋㅋㅋ ||| 6:38 이편 장도연님 코디 미쳤다...너무 하늘하늘하고 진짜 장도연니만 커버할수있는코디인듯ㅠㅠㅠㅠㅠㅠ 귀걸이 긴것도 너무예쁘시다진짜.. ||| 4:28 팥빙수 세게 내려놓으니까 닭 깜짝 놀람ㅋㄱㅋㅋㅋㅋㄱㅋㄱ ||| 4:00 장도연 당황하능거 개귀여워ㅠㅠㅠㅠㅠㅠ날라가지말래ㅠㅠㅠㅠㅠㅠㅠ ||| 12:02 헤이헤이 미쳤냐구ㅋㅋㄱㄲ,예능
rT7oAseia3k,박준형X잭슨 환장케미 우리말 겨루기 레전드 댓글모음.zipㅋㅋㅋ -한글날특집 KBS댓글픽 KBS 20160404 방송,KBS 셀럽병사의 비밀,ㅋㅋㅋㅋㅋ이거 아나운서님이 잘 살려주심ㅋㅋㅋㅋㅋ 너무 딱딱하지도 않고 그렇다고 막 너무 웃기게만 하지않고 웃음 참고 눈물 흘려가면서도 진행을 참 잘해주심ㅋㅋㅋㅋㅋㅋㅋ ||| 저기 헨리까지 나왔으면 스튜디오 폭발했을 듯 ||| 5:45 자기들 ㄲ 아니고 ㄱ으로 썼으니까 우리가 제일 가까웠다고 둘이 50점이라도 달라고 하는거 진짜 개웃김 ㅋㅋㅋㅋㅋㅋㅋㅋㅋㅋㅋ ||| 와썹맨에서 우리말겨루기 다시했는데 이때 같은편이 아니었다는걸 본인들도 몰랐다고  ㅋㅋㅋㅋㅋㅋㅋㅋㅋㅋㅋㅋㅋㅋㅋㅋㅋㅋㅋ ||| 잭슨하고 박준형 서로 같은팀인줄 아는게 존나 웃김 ㅋㅋㅋㅋㅋㅋㅋㅋㅋㅋㅋㅋㅋ,예능
tSpHicfPhcs,배꼽빠질 웃긴 강아지 영상 모음 💛세계에서 가장웃긴 강아지 영상ㅋㅋㅋㅋㅋㅋㅋ#01 🐶🐕,Aewan Dongmul Seutyudio,강아지들은 사랑입니다 ^00^ ||| Adorables por siempre nuestros fieles amigos.La grandeza moral de un gran pais depende como traten a sus animales.No al abandono ni al maltrato.Si a la proteccion cuidado Amor por siempre. ||| 귀여워   꼬리 믈고😊😊😊😊😊 ||| 楽しい映像  ばかりで笑いがあふれます。 ||| 제발 식ㅇㅇ아닙니다. 저렇게 예쁘고 귀여운 강아지들을 어떻게.ㅠㅠ 저도 강아지 키웁니다~~.오래된 옛추억과 함께 계속 키웁니다.,예능
l-aJ7ogZaBY,본업 아이돌 맞아? 배꼽 보장할 수 없는 엑소 웃긴 영상! 안 본 사람은 있지만 한 번 본 사람은 없다 (⛔️엄마 미소 주의⛔️),온도,"난 아직도 ""야 재워야지 뭐하는 거야""와 ""애기들은 우리랑 더 놀고싶어 해요"" 사이에서 어느 쪽이 더 설레는지 선택을 못하겠다,,,,,,, 저런 대사 살리는 건 엑소니까 가능하지,,,,,, ||| 살기도 힘든데 굳이가 이런 도발성 행동을 해야 하나,, 나보다 한국어 잘해 ||| 풀잎씨 곧 올 40번째 생일 축하드려요,,,^^🎂 ||| 2:45 수호가 왜 리더인지 알겠다....진심으로 팬들 걱정 하는게 보여 ||| 이거 완전 엑소엘이라면 모르면 안되는 영상같기도 한데요?ㅋㅋㅋㅋㅋㅋㅋㅋㅌㅋㅋㅋ종이낰ㅋㅋㅋ 미방용ㅋㅋㅋㅋㅋㅋ아핰ㅋㅌㅋㅋㅋㅋㅋㅋ",예능
nW9zLo8qjrs,촬영 중 극대노!  웃긴 돌발상황 일본예능,유머 2번지,저사람 심리 다 파악하고 함정 만든거 같다 진짜 ㅋㅋㅋㅋㅋ ||| 엔딩 쫓아가는 장면에서 4번째 함정을 기대하며 보는 나 ㅋㅋㅋㅋ ||| ㅁㅊ 설계 지렸다 진짜ㅋㅋㅋㅋㅋ ||| 진짜 나이도 있는데 개열받겠네 ㅋㅋㅋ ||| 솔직히 마지막에 쫒아갈때 한번 더 빠졌으면 존나 웃겼을듯,예능
oFGZR5gntgc,노래 못 부르는 게 죄는 아니좌나! 수습불가 음치 군가 특집🎵💥 | 진짜사나이⏱오분순삭,오분순삭,격투기보다 어려운 건 웃음참는 일..😳😳 ||| 아 김동현웃는게존나웃김 ㅅㅂㅋㅋㅋㅋㅋㅋㅜㅜㅠ진짜존나 진심으로 참으려는데 절대안참아지는거같음 하진짜존나웃기다 진짜 세상최선을다해참는거같음ㅋㅋㅋㅋ ||| 5:05 하!  보다 나라 만드.. ㄴ!  이게 더웃김ㅋㅋ ||| 내가 이상한건가 저런 분위기만 되면 자꾸 실없이 웃게됨 ㅋㅋ 그리고 저럴 때 누구 한 명은 꼭 웃음벨 난타작업 한단 말이야 ㅋㅋ ||| 김동현이 웃음 참는 표정이 너무 웃김ㅋㅋㅋㅋㅋㅋㅋㅋㅋㅋㅋㅋㅋㅋㅋㅋㅋㅋㅋㅋㅋㅋㅋㅋㅋㅋㅋㅋㅋㅋㅋㅋㅋㅋㅋㅋㅋㅋㅋㅋㅋㅋㅋ 시발 방정이 개오졐ㅋㅋㅋㅋㅋㅋㅋㅋㅋㅋㅋㅋㅋㅋㅋㅋㅋㅋㅋ,예능
LBI-chI5dCY,개그맨이광수,런닝맨 - 스브스 공식 채널,<회차 정보> 남자 조연상 508회 투잡 해도 되는데 회비는 내 424회 광수는 많이 밀려있고 457회 연기 잘하는 동생 398회 런웨이 선 적 있니 445회 배우가 아니라 개그맨 132회 개그맨 활동 잘 하라고 465회 간간이 캐스팅이 들어오나 봐요 463회 아끼는 개그맨 후배 456회 차승원 315회 ||| 근데 다시 생각해봐도 광수가 연기를 잘하니까 놀릴 수 있는거지 발연기였으면 서로 민망해서 놀리지도 못함ㅋㅋㅋㅋㅋ ||| 이광수 없었으면 유재석이랑 캐미를 못 봤을거 생각하니까 진짜 이광수는 신의 한 수다 ||| 이광수는 정말로 연예대상과 연기대상 다 받을 수 있는 사람 아닐까ㅋㅋㅋㅋㅋㅋㅋ ||| 광수 진짜 선배들한테 잘하고 귀여움 많이 받나보다 연기쪽에선 성동일이 아껴 개그계에선 유재석이 아껴 ㅠㅠ 성격 엄청 좋은듯,예능
0LCBjjC0mcw,[2020]배꼽 빠지게 웃긴 고양이와 강아지😸🐶 & 기타 영상모음#06 Dogs and Cat Funny Moments | Funny Animals Compilation#06,해피마블-솔킷HMS,"기존 ""배꼽 빠지게 웃긴 고양이와 강아지 시리즈 #06"" 영상 문제로 인해 재 업로드 했습니다. ^^ ||| 재미있는 동물들 좋아요..125 ||| 너무우....                                             재밌어여!!감샤합니댜!><좋은 하루 되세요오! ||| 아니근대고양이파쿠르무엇ㅋㅋㅋㅋㅋㅋㅋㅋㅋㅋㅋ ||| 귀여워...",예능
vYvoFwcuUBI,[1박2일 시즌1 레전드 #87] 예능 쭈구리 이수근은 밤에 모두 걸었다!! 밤에만 웃기는 🌟심야개그🌛의 창시자 이수근~!,KBS Entertain: 깔깔티비,"이수근 진짜로 눈물 글썽이는것 같은데, 정말 힘들었겠다,,,,, 까닥 잘못했으면 이수근의 재미 있는 입담 못볼뻔 했네, 나도 이수근 왕 펜이예요 정말 재미있게 잘보고 있어요,  앞으로도 대성하세요 ||| 피곤하고 멘탈 나가면 뇌도 입도 다 놔버리는 우리 수근이형 ㅠㅠㅋㅋㅋㅋㅋㅋㅋㅋ ||| 이수근씨 우는거 연기아니라 진심 울컥했네...내심 서러웠는데 몰카하다가 강호동씨가 좀 세게 치는 바람에 아프기도 하고 갑자기 서럽기도하고 그동안 쌓였던게 울컥하면서 터진듯한.....이수근씨 보는 맛으로 사는데 요즘...ㅠㅠ10년전이 그립네요...입대하기전날밤에도 마지막으로 본게 1박2일 재방이였는데...ㅠㅠ ||| 아 진짜 이수근ㅋㅋㅋㅋㅋㅋㅋㅋㅋㅋㅋㅋ 살짝 피곤한상태에서 뇌 살짝 내려놓고 치는 드립들 ㅈㄴ 웃기네 ㅋㅋㅋㅋㅋㅋㅋㅋㅋㅋㅋㅋ 진짜 국내 원탑이다 ||| 이수근은 진짜 천재인듯  ..,. 몇번을 봐도 웃기네",예능
L0W8O0nRfbQ,[아스트로] 타팬이 봐도 웃긴 아스트로 (정신없음 주의),이응이응,"❗❗4/5 아스트로 정규 2집 <ONE> 컴백 많은 관심 부탁드려요💜❗❗  +++0:20은 재채기하고 침냄새가 나서 그런겁니다😂 빈이가 왜 그런 반응을 보였는지 물어보는 분들이 많으셔서 적어둡니다  단기간에 이런 폭발적인 조회수는 처음이라 굉장히 얼떨떨하네요😳  우리 애들 웃긴 거 알아봐줬으면 하는 마음이 있었는데 생각보다 더 많은 분들이 관심 가져주시고 웃기다고 해주셔서 뿌듯합니다😊   대유잼 그룹 아스트로 많이 사랑해주시고, 입덕문은 언제나 활짝 열려있습니다!  실력도 빠지지 않는, 섹시큐티청량 모두 찰떡같이 소화하는 그룹이에요. 개인적으로 좋아하는 무대 영상 링크 몇개 남깁니다(아래에). 한번만 잡숴보세요. 츄라이츄라이~  그리고 혹시 방송국 관계자분들, 이 영상을 보고 계시다면 아스트로 예능 섭외 많이 부탁드립니다,,💜 ↓ ↓ ↓ (섹시) 문빈&산하 Bad Idea 월정교(댓글모음) : https://www.youtube.com/watch?v=lr-dTVtrEGg (큐티) '문빈에게빠진게죄는아니잖아'님의 아스트로 내 이름을 부를 때(When You Call My Name) 댓글모음: https://www.youtube.com/watch?v=V0o3KqU9t8o (청량) '몽몽'님의 아스트로 니가 불어와 (Crazy Sexy Cool) 교차편집: https://www.youtube.com/watch?v=zyp7TZODFZ0 ||| 추모도 좋지만 행복한 추억으로 남기자구요! ||| 아니 이 그룹은 뭐 웃음소리가 다 웃겨 진짜 개뿜었네 ㅋㅋㅋㅋㅋㅋㅋㅋㅋㅋㅋㅋㅋㅋㅋㅋㅋㅋㅋㅋㅋㅋㅋㅋㅋㅋㅋㅋㅋㅋㅋㅋㅋㅋㅋㅋㅋㅋㅋㅋㅋㅋㅋㅋㅋㅋㅋㅋㅋㅋㅋㅋㅋㅋㅋㅋㅋㅋㅋㅋㅋㅋㅋㅋㅋㅋㅋㅋㅋㅋㅋㅋㅋㅋㅋㅋㅋㅋㅋㅋㅋㅋㅋㅋㅋㅋㅋㅋㅋㅋㅋ ||| 7:21 아 ㅆ 타팬인데 여기서 존나 처웃음 ㅜㅜㅋㅋㄹㅋㅋㄹㅋㅋㄱㅋㄲㅋㅋㄱㅋㄲㅋㄲㅋㅋㅋㅋㄱㅋㄱㅋㄱㅋ 뜨겁다고 했는데 잡는것도 웃기고 한 명 뜨거워서 소리질럿는데 그 뒤에 또 잡고 또 소리지르는게 개웃김 ㅜㅜㅋㅋㄹㅋㄹㅋㅋㄱㅋㄲㅋㄲㄲㄲㅋㄱㅋㄱㅋㄱㅋㄱ ||| 6:11 ㅋㅋㅋㅋㅋㅋㅋㅋㅋ ㅋㅋㅋㅋㅋㅋㅋㅋㅋ ㅋㅋㅋㅋㅋㅋㅋㅋㅋ 이정도면 효과음 아닌갘 ㅋㅋㅋㅋㅋㅋㅋㅋㅋ ㅋㅋㅋㅋㅋㅋㅋㅋㅋ ㅋㅋㅋㅋㅋㅋㅋㅋㅋ 아 웃음소리 중독성 미치겠 ㅠㅠㅠㅠㅋㅋㅋㅋㅋㅋㅋㅋㅋ.",예능
b6fjqcXhgzU,[웃찾사] 극과 극~ 뚱뚱이와 홀쭉이~ | EP.29 | 2013.11.08,SBS 옛날 예능 - 빽능,왼쪽 어디서 봐서 읭? 이랬는데 ㅋㅋㅋㅋㅋㅋㅋㅋㅋㅋㅋㅋㅋㅋㅋㅋㅋㅋㅋㅋㅋㅋㅋㅋㅋㅋㅋㅋㅋㅋㅋㅋㅋㅋㅋㅋㅋㅋㅋㅋㅋㅋㅋㅋㅋ댓글 이미 그의 이름이 달려있었다 ||| 0:04 에 뚱뚱이 표정 ㅋㅋ ||| 0:51ㅋㅋㅋ할멈 먹었지ㅋㅋㅋㅋ ||| 1:48 올라가니까 키가 어떻게 저렇게 딱맞지 ||| 3:05 오른쪽 여자 왜 입맛 다시냐곸ㅋㅋㅋ,예능
sryPn7gLK58,[방탄소년단] 웃다가 호흡곤란오는 방탄 레전드 포토존 게임,보라하곰(Purple Bear),18:19 전설의 '안녕' ㅋㅋㅋㅋㅋㅋㅋㅋ 달방에서  찐웃음 제일 크게 터진때 ㅋㅋㅋㅋㅋ 달방은 진짜 PPL 이런거 없이 별거없이 자기들끼리 노는게 웃김 ㅜㅜㅜㅜㅜ ||| 이편은 진짜 봐도봐도 웃긴다 입덕 초기에 봤던거라 더 기억에 남는 편 ||| 12:20 형아 귀엽게 생겼네 ㅋㅋㅋㅋㅋㅋㅋㅋㅋ 난 쟤네 형아라고 하는거 넘 귀엽.._ ||| 걍 처음에는 혼자 끅끅대고 있었는데 마지막에 안녕 뭐냐곸ㅋㅋㅋㅋㅋㅋㅋㅋㅋㅋ ||| 7:39 ㅋㅋㅋㅋㅋㅋㅋㅋㅋㅋㅋㅋ 아닠ㅋㅋㅋㅋ 왕관ㅋㅋㅋㅋㅋㅋ,예능
e5c-rya_4JE,방탄소년단 박지민 웃긴 영상 모음 ( BTS JIMIN FUNNY MOMENTS ),방탄별 BTSSTAR,"진짜 지민이가 갭차이가 제일 쩐다고.... 무대위에선 완전차도남에다 카리스마 오지는데 무대밑에선 그냥 순딩이망개야 ㅠㅠㅠㅠㅠㅋㅋㅋㅋㅋ ||| 그저 바라보는것만으로도 보는 사람을 행복하게 만들어주는 우리 지민이♡ ||| 지민쒸 정말 착한 점이, 다른 멤버들 뭘하든 리액션도 열심히 하고 본인도 열심히 하는데 댕청하니 귀여워요. 예능을 아는 멤버. ||| 갭사이신 지민쒸♡ 무대장인과 강양이의 두 얼굴을 가진 아름다운 남자💜 ||| I simply LOVE everything about Jimin 😍😍😍😍",예능
uZxh53gHHc4,[방탄소년단/달려라방탄] 모두가_아는_레전드_웃긴영상(1),20세기소녀,타팬인데 입덕위기라 보러왔습니다😂😂 달방도 역시 재밌네요 ||| 오늘도 예쁜 영상 감사합니다~💙♥ ||| 제이홉이 방탄중에서 2번째로 젤좋아하는데!!!,예능
hKArCTw9RJc,큰 자기 리얼 웃음 폭발ㅋㅋ 유퀴즈 역대 가장 웃긴 오답! #유퀴즈온더블럭 | YOU QUIZ ON THE BLOCK EP.81 | tvN 201118 방송,유 퀴즈 온 더 튜브,심지어 이용민 느낌도 없어ㅋㅋㅋㅋㅋㅋㅋㅋㅋㅋㅋㅋㅋㅋㅋㅋㅋㅋㅋㅋㅋㅋㅋㅋㅋㅋㅋㅋㅋㅋㅋㅋㅋㅋㅋㅋㅋㅋㅋㅋ ||| 유재석이 웃은 이유 : 이용민에서 박명수의 무근본 드립 향기를 느낌ㅋㅋㅋㅋㅋㅋㅋㅋㅋ ||| 이거 진짜 유느님 10년에 한 번 나올까말까하는 대박 찐웃음이다ㅋㅋㅋㅋㅋㅋㅋㅋㅋㅋㅋ ||| 0:40 조세호 “한 글자도 안 맞으면..ㅎㅋ;;ㅎ;;;;;;” 하는 것도 난 너무 웃김ㅠㅠㅠㅠㅠㅠㅠㅠㅠ말투랑 표정이 진짜 개황당해보옄ㅋㅋㅋㅋㅋㅋㅋㅋㅋㅋ큐ㅠㅠㅠㅠㅠㅠ그냥 이 영상은 시작부터 끝까지 안 웃긴 요소가 없어ㅠㅠㅠㅠㅠ ||| 될놈될 ㅋㅋ저렇게 틀리고 노트북 뽑아서 노트북 받아가심 ㅋㅋㅋㅋㅋ,예능
-Q5O71sOM_0,유재석이광수4,런닝맨 - 스브스 공식 채널,💛유재석X이광수 4탄💛  라면 진짜 예술이에요 502회 한마디만 할게요 225회 손 마사지 501회 벨트 139회 들어와라 우우우우 428회 광수 이름표 495회 타고 꺼져 453회 고기 김밥 스틸 388회 모자 응징 135회 방패막이 광수 503회 홍보 그만해 470회 마이크가 빠졌네 230회 뺨 환촉 398회 한류스타 팬미팅 208회 바지 젖었으니까 집에 들어가 419회 형이 거둬줄게 440회  1탄 https://www.youtube.com/watch?v=mR_QCRIC7K4 2탄 https://www.youtube.com/watch?v=yDB8orfSJb4 3탄 https://www.youtube.com/watch?v=7V4V4485pmA ||| 피디님의 “여러분 이렇게 하는 게임 아니에요...” 모음집 만들어 주세요 ||| 아닠ㅋㅋㅋ ‘유재석이광수케미’도 아니고 ‘이광수놀리는유재석’도 아니고 그냥 ‘유재석이광수’ㅋㅋㅋㅋㅋㅋ 처음엔 귀차니즘인줄 알았는데 시그니처인가... ||| 유재석이 놀린후에 이광수가 긴팔로 퍼덕퍼덕하는게 킬포인트임ㅋㅋㅋㅋㅋㅋㅋㅋㅋㅋㅋㅋㅋㅋㅋㅋㅋㅋㅋㅋㅋㅋ ||| 3:27 슬레이트 한 번 칠까요 광수씌  pd님 발음 보솤ㅋㅋㅋㅋ,예능
MuS1hJFkP-0,웃긴영상 웃긴동영상 웃긴영상레전드1,핵잼비디오,,예능
xjz9CkL3WS0,개웃긴 영상보고 웃음 참아보기 3번 이상 안웃겠습니다. 웃으면 반삭 간다!!!,진호,3번 웃은 사람 손!!! ||| 오늘 드디어 호진이 친구들이 되었닷... 구독과 좋아요랑 알림설정까지 했습니닷! ||| 썸네일보고 바로들어옴 ㅋㅋ 인정하는사람 ⬇️ ⬇️ ||| 3:17 아파트에서 축구보다가 골넣었을때 ㅋㅋㅋㅋ ||| 8:52 2배속으로보면ㅋㅋㅋㅋㅋㅋㅋㅋㅋㅋㅋㅋ,예능
CXOm82ZXsU4,감스트 개레전드 모음,아이언갤러리,3:37 이때 얼굴 ㄹㅇ 만숙이가 아까움.. ||| 0:32 초부터 왼쪽뒤에서 입벌리고 감상하는거 진짜ㅋㅋㅋㅋㅋㅋ  내가 뭘 보고있는거지? 이느낌 ㅋㅋㅋㅋㅋㅋ ||| 0:30  조개 심장 같이 생겼어ㅜㅠㅠㅠㅠㅜㅠㅠㅠㅠㅠ ||| 0:19 와 이 때 인직이형 피지컬이 ㄷㄷ ||| 00:19           3:18  진짜 재능지리네 ㄷㄷ,예능
WryeOVTuxCA,날라간 분필 맞고 욕하는 한석원 선생님 (feat.지랄),배굥민,"욕 다 해놓구 ""아 그런말 쓰면 안되는데""ㅋㅋㅋㅋㅋㅋㅋㅋㅋㅋㅋㅋㅋㅋㅋㅋㅋㅋㅋㅋㅋㅋㅋㅋㅋㅋㅋ ||| 그냥 다 웃김ㅋㅋㅋㄱㅋㅋㅋㅋㄱㅋㅋㄱㅋㅋㅋㅋㅋㄱㅋㄱㅋㅋㄱㄱㅋ분필 떨어져서 맞은것도 웃기고 맞은후 말과 행동도 ㅈㄴ웃곀 ㅋㅋㅋㅋㅋㄱㅋㄱㅋㅋㅋㄱㅋㅋㄱㄱㅋㄱㅋㄱㅋ ||| 04년도에 선생님 강의 보며 자라난 1인입니다. 20년이 흐른 지금 아직도 해박하신 해안으로 많은 이들의 귀감이 되시군요. ||| 아니 진짜 존나 웃기다고ㅋㅌㅋㅋㅋㅋㅋㅋㅋㅋㅋㅋㅌㅋㅋㅋㅋㅋ왜 분필을 던지고 지랄이녜ㅋㅋㅋㅋㅋㅋㅋㅋㅋㅋㅋㅋ아ㅋㅌㅋㅋㅋㅋㅋ",예능
hEzuW0jH6gs,방탄소년단 전정국 웃긴 영상 모음 ( BTS JK FUNNY MOMENTS ),방탄별 BTSSTAR,전정국 초순간으로 말받아치는거보면 엄청영리하고  머리가좋은듯 내면세계도꽉찬듯 신이주신보물형인간 자랄때도행복하게자랐을것같다 저런인성은 타고나니까 ||| 달방 제작진 분들 정구기정구기 하는 거 넘 귀여움 ㅌㅌㅌㅌㅌㅋ̊̈ 정구기 지금 연기한 거예요 안 한 거예요?? 유치원 애기들한테 말 거는 거 같애 ㅋㅋㅋㅋㅋ 딱 봐도 어딜 가던 예쁨 받는 막내 같음 ㅋㅋㅋㅋㅋㅋㅋㅋ̊̈ ||| 정국인 웃기려고 노리고 하는게 아니라 자연스럽게 한마디씩 툭 던지는데 현웃 터트리는 스타일ㅋㅋ 그래서 형들이랑 스텝들도 빵빵 터지는거ㅋㅋ 텐션 업되면 초 깜찍하다 ||| 항상 진짜 보면서 느끼는건데 전정국 개존잘임요 이게 말로 설명이...진짜 잘생김 ||| 정국인 토끼치고 되게 사람처럼 생겼네,예능
RjgIyXv5E6s,해외 웃긴영상,고성능 엘란트라,,예능
pefzCS6dqUQ,[방탄소년단/BTS] 흥(많이)탄소년단 특집 | 웃음참기끝판왕 | 웃으면 앞이 안보이더라 웃으면 안돼~,디어지민 ᴅᴇᴀʀ ᴍʏ ʙᴀʙʏ ɢ,아쉽게도 7주년 페스타가 이제 끝이 났네요 이번 영상이 페스타를 마무리할 마지막 영상이라고 생각하시고 재미있게봐주세요💜   💜마지막으로 우리 7주년 8주년 9주년을 넘어서서 영원히 함께합시다💜 ||| 애들 방학하고 유딩 둘째랑 하루종일 같이있어서 우울해 죽을뻔....내가 무수리할려고 애미가됬나...수발 겁나들다가 진짜 우울해서 기분 팍 다운되있다가 방탄웃긴영상 찾아보고 기분 나아짐 ㅋㅋㅋㅋ 달방은 꼭 옛날 무한도전 보는기분이고 이렇게 웃음으로 본인들이 소모되는것에 겁이없는 방탄이들이 대단하단 생각도들고 예전 가수들은 신비주의가 대부분이라 앨범활동 끝나면 뭐하고사는지 알수가없었는데 항상 곁에있는 웃겨주는 친구같은 느낌이라 너무 좋다.... ||| 진 웃음소리가 제일 웃김 ㅋㅋㅋㅋㅋㅋㅋ 오디오 지분률 90%ㅋㅋㅋㅋㅋㅋㅋ ||| 처음에 광고인줄알고 스킵할려고했는데 스킵버튼이 없어서 엥..?이러고있었는데 즐거움의 시작!BTS라고 나와섴ㅋㅋㅋㅋㅋㅋㅋㅋㅋㅋㅋㅋ ||| 6:42 진오빠 완전 비장하게 즐길 준비 되셨나요 했는데 진짜 해맑게 아니요오..ㅋㅋㅋㅋㅋㅋㅋㅋㅋㅋ,예능
eDYLEMavGdw,비브라토에웃긴 영상 모음 2020! 틱톡에웃긴동영상 레전드 하이라이트 모음. 재미 있고,thai Plaocooking,,예능
VDpq4MPUSqA,비브라토에웃긴 영상 모음 2020! 틱톡에웃긴동영상 레전드 하이라이트 모음. 재미 있고 유머러스 한 비디오,Fanny Life,엄마가 젤 웃기다 처음엔 이해 안돼서 뭐가 재밌지 하고있었는데 엄마가 웃겼다,예능
oAgFrhL_YII,호흡,런닝맨 - 스브스 공식 채널,근데 저 '호흡'이란 단어가 런닝맨한테 너무 찰떡인 것같음 ||| 세찬이가 광수의 페이크를 잘 찾는이유는 자기도 저렇게 하려고 생각했기 때문일지도 ㅋㅋㅋ개그맨들은 다 장난치려고 항상 여러가지를 생각하고 있는것같음 ||| 7:10 칫솔통 ㅋㅋㅋㅋㅋㅋㅋㅋㅋㅋㅋ꼼수대박 ㅋㅋㅋㅋㅋㅋㅋㅋㅋㅋ이광수가 칫솔통에 꼽았는데 유재석이 태연하게 손떠는거 ㅋㅋㅋㅋㅋㅋㅋㅋㅋㅋㅋㅋ진짜 호흡 미쳤다 이게 런닝맨 호흡이다 ||| 2:54 연기 잘한다니까 웃는거 왠지 얼굴도 목소리도 잘생겨보임 ㅋㅋㅋ 희극인으로서의 뿌듯함이 담겨 있어서 그런가 ㅋㅋㅋㅋㅋㅋㅋ ||| 2:53 배우한테 연기 잘한다는 개그맨에 그걸 또 감사하다고 하는 배우ㅋㅋㅋㅋㅋㅋㅋㅋ대환장 티키타카다 정말ㅋㅋㅋㅋㅋㅋㅋ런닝맨 보다보면 이광수 개그맨으로 착각할때가 많죠..ㅋㅋㅋㅋㅋㅋ,예능
H9xuTyzqRrE,강일 - 런닝맨,오래된노래창고,Mp3다운 받으면 도입부 지나서 바로치고들어오는 이노래에 짜증이 확치밀어오르던게 생각나네 근데 지금들으니까 라다같기도하고 좋네ㅋ ||| 소리바다에서 듣고싶은 노랠 다운받아 듣다가 1분이되면 흘러나왔던 노래 ㅋㅋㅋ 근데 꽤나 멜로디 가사가좋았음 ||| 현시대를 반영하네~ 명곡이다~ 역주행 가즈아~ ||| 장우혁-지지않는 태양 다운받았는데 이 노래가 나와서 난 오랜기간동안 이 노래가 지지않는 태양인줄 알았음 ||| 79년생 내인생노래♡ ㅋㅋ 사랑해요,예능
haBHC0cbVrw,런닝맨패션지적2,런닝맨 - 스브스 공식 채널,👔패션지적2탄👖 자카르타 최악의 공항패션 466회 복고 80회 드림이 색칠공부 399회 조기축구 가니 340회 GD 428 서열기준 423회 코딱지아저씨 507회 재석 스타일리스트 419회 ||| 심플한제목+완벽한 썸네일 +알찬 내용 빠짐없이 칭찬할만하다 정말 ||| 하하는 진짜 잘입음 40대가 아니라 20대 패션감각임 ||| 근데 하하님은 20대도 아닌데 저 정도 입으시는거면 진짜 잘 입으시는거임..ㄷㄷ 노란 단무지 셔틀콕 범죄자 등등 ㅋㅋㅋㅋ 놀림은 많이 받아도 ㅋㅋㅋㅋㅋㅋㅋㅎㅋㅋ♡ ||| 유재석/지석진: 최대한 젊은 층 처럼 입음 하하:그냥 옷을 잘 입음 송지효: 얼굴이 패션이라 뭘 입어도 이쁨 이광수: 모델 출신이라 핏이 잘 나옴 김종국: 검정 사랑 개리: 도시 처음 와본 시골 총각 패션,예능
LBI-chI5dCY,개그맨이광수,런닝맨 - 스브스 공식 채널,<회차 정보> 남자 조연상 508회 투잡 해도 되는데 회비는 내 424회 광수는 많이 밀려있고 457회 연기 잘하는 동생 398회 런웨이 선 적 있니 445회 배우가 아니라 개그맨 132회 개그맨 활동 잘 하라고 465회 간간이 캐스팅이 들어오나 봐요 463회 아끼는 개그맨 후배 456회 차승원 315회 ||| 근데 다시 생각해봐도 광수가 연기를 잘하니까 놀릴 수 있는거지 발연기였으면 서로 민망해서 놀리지도 못함ㅋㅋㅋㅋㅋ ||| 이광수 없었으면 유재석이랑 캐미를 못 봤을거 생각하니까 진짜 이광수는 신의 한 수다 ||| 이광수는 정말로 연예대상과 연기대상 다 받을 수 있는 사람 아닐까ㅋㅋㅋㅋㅋㅋㅋ ||| 광수 진짜 선배들한테 잘하고 귀여움 많이 받나보다 연기쪽에선 성동일이 아껴 개그계에선 유재석이 아껴 ㅠㅠ 성격 엄청 좋은듯,예능
faNji74bjbg,나 이광수..배신 앞에 트와이스는 보이지 않지. 《런닝맨 / 예능맛ZIP / RunningMan 》,런닝맨 - 스브스 공식 채널,💥회차정보💥 정연 배신 506회 우주 쓰레기 390회 가방 132회 배신자하면 떠오르는 사람 425회 ||| 진짜 광수는 같은 팀이 연예계 대선배거나 엄청 착하거나 예쁜 배우나 아이돌이여도 주저 없이 배신하는 그 똘끼가 맘에 들음. 예능 사상 역대급 배신자 캐릭터 ㅋㅋ ||| 이광수 예전엔 로맨스+배신이었는데 연애하고나서 순수배신됨 ||| 광수는 힘이쎄건 이쁘건 뭐건 ㅋㅋㅋㅋㅋㅋㅋㅋㅋㅋㅋ차별을 두지않고 누구에게나 배신을 해서 웃김ㅋㅋㅋㅋㅋㅋㅋㅋㅋㅋㅋㅋㅋㅋㅋㅋㅋㅋ ||| 0:48 멤버 둘이 반응이 디게 빠름 ㅋㅋㅋ,예능
rhRvEyhtwNs,네티즌과 함께하는 음식 빙고 게임!《런닝맨 / Legend 예능 / RunningMan 》,런닝맨 - 스브스 공식 채널,유재석이 셀카 찍을때 나도 모르게 흐뭇하게 바라봄 ㅋㄹㅋㄹㅋㄹㅋㄹㅋㄹㅋㄹㅋㄹㅋㅋㅋㅋㅋㅋㅋㅋㅊㅋㅌㅌㅋㅋㅌㅋㅌ ||| 솔직히 게스트만 부르는 것보단 멤버들끼리 티키타카 하는게 더 재밌음 ||| 11:46 능력자 네티즌들에게까지 막말을ㅋㅋㅋㅋㅋㅋㅋㅋㅋㅋㅋㅋㅋㅋㅋㅋㅋ 그 뒤에 송지효돜ㅋㅋㅋㅋㅋㅋㅋㅋㅋㅋㅋㅋㅋㅋㅋㅋㅋㅋㅋ ||| 0:20 이광수 셀카 찍는데 지효가 이씨 너 두꺼비같이 생겼어라고 속삭이는 거 너무 웃김ㅋㅋㅋㅋㅋㅋㅋㅋㅋㅋ ||| 1:49 4개 담아놓고 세는거 넘 웃김ㅋㅋ,예능
nTiGGegZ-oM,타짜 모먼트 모음.ZIP 2탄《런닝맨 / 예능맛ZIP / RunningMan 》,런닝맨 - 스브스 공식 채널,진짜 뛰는 이광수 위에 나는 유재석이다ㅋㅋㅋㅋㅋㅋㅋㅋㅋㅋㅋㅋㅋㅋ 둘이 런닝맨 없었으면 어떡할뻔했냐ㅋㅋㅋㅋㅋㅋㅋㅋㅋㅋㅋㅋ ||| 걷는 멤버들 곁에 뛰는 이광수 위에 나는 유재석... 진짜 그들은 전설이다... ||| 아니 분명 제목은 그냥 타짜 모먼트인데 분량의 거의 반 이상이 유재석이랑 이광수야 ㅋㄱㅌㄱㅌㄱㅌㄱㅋㄱㅋㅋㅋㅋㅋㅋㅋㅋㅋㅋㅋㅋㅋㅋㄱㅋㄱㅋ ||| 이광수가 모든 멤버들이랑 케미가 다 좋고 첨 나온 게스트들도 이광수를 제일 편하게 대하는거 보면 이광수가 진짜 좋은 사람인 듯... ||| 속이는 이광수도 대단한데 그걸 또 찾아내는 유재석도 대단하네,예능
exyo3SHcToU,갑자기이상한유재석,런닝맨 - 스브스 공식 채널,"<회차정보> 코딱지 형 526회 더운 재석 494회 쓰포쓰 웨어 447회 내가 주차할게 336회 지효 자전거 489회 눈썹 405회 담았니? 484회 낚시찌 519회 석진이 형 어부바 470회 석진이 형 찌르기 359회 지호 이 좀 뽑아주세요 470회 광수 목마 393회 그럼 나는 안 내려갈 거야 467회 광수 목마2 384회 톡 쏘는 간장 142회 햄버거놀이 467회 캐러멜 512회 석진이 형 얼굴 가리기 452회 침대 352회 엘리베이터 493회 ||| 김태호 피셜 어차피 인간은 언젠가는 유재석을 귀여워하게 되어 있다  웃기고 귀여운 사람임ㅋㅋㅋㅋㅋㅋㅋㅋ ||| 살면서 개구쟁이라는 단어가 저렇게 잘어울리는 사람 처음봄ㅋㅋㅋㅋㅋㅋㅋㅋ ||| 김태호:""어차피 인간은 유재석을 귀여워 하게 되어있다"" 이거 진짜 맞는듯...... 사고뭉치 유느 넘 귀여움ㅠㅠㅋㅋㅋㅋㅋㅋㅋㅋㅋㅋㅋㅋㅋ ||| 16:32 이 장면 석진형님이 유퀴즈나와서 자기랑 유느님 둘다 은퇴하는 날이 와서 옛날처럼 다시 놀수있는 날이 오면 진짜 행복할 것 같다고 얘기한 적이 있었는데 뭔가 저렇게 노실 것 같아ㅋㅋ 둘 다 아이처럼 웃으시는게 정말 순수하고 행복해 보이신다.",예능
bVxUuqsP1Qg,[런닝맨] 광놀재 5탄 '이광수 놀리려고 런닝맨하는 유재석' / 'RunningMan' Special | SBS NOW,SBS ,<광놀재 1탄> 👉🏻 https://youtu.be/q7Q9DZKVVrI <광놀재 2탄> 👉🏻https://youtu.be/uf8HnbDAowk <광놀재 3탄> 👉🏻https://youtu.be/x27ezO8He7Y <광놀재 4탄> 👉🏻https://youtu.be/uUHZJ2lBqNY ||| 진짜 유재석 뺨을 때려도 욕안먹는 몇 안되는 연예인 광수ㅋㅋㅋㅋ 둘이 케미가 진짜 너무 좋음ㅋㅋㅋㅋㅋㅋㅋ ||| 진짜 이광수는 신의 한수다 이광수랑 유재석없었으면 런닝맨은 어땠을까 저 둘이 있으니까 살렸지 ㅋㅋㅋㅋㅋㅋ 너무 재밌어 둘 케미 ||| 이제 유재석도 이거 의식하고 계속 이광수놀리는 신 한회당 두세컷씩은 무조건 생산해줌ㅋㅋㅋㅋㅋㅋㅋㅋㅋㅋㅋㅋㅋㅋㅋㅋㅋㅋㅋㅋㅋㅋㅋㅋㅋ ||| 개그맨 후배라 그런지 재석님께서 더 챙겨주시는 것같은데 정말 부러워요 광수오빠~,예능
5oj-YoQqf9c,셔플댄스 기초 1편 : 누구나 가능한 런닝맨 스텝 ｜춤선생simba,춤선생SIMBA,62세 몸치 할머니 입니다.   0.5배속으로 해서 반복적으로 해서 30분 만에 터득했습니다.  야호!! ||| 힘들긴한데 넘잘하시네요 예술입니다 ||| 62세할배입니다..문득 7080 젊은시절 디스코장에서 놀던 생각이나기도 하고 요즘 젊은이들 춤이 멋있어서 운동삼아 배우고 싶어졌습니다..리듬은 잘타고 춤도 잘 추는 편인데...보기엔 간단해 보이는 이 춤이 익히는데  이젠 좀 어렵네요...늙어서 그런가 싶기도 하고요..ㅎㅎ..춤은 운동도 돼고 생활을 활기차게 해주네요..암튼 열심히 배워 보겠습니다.. ||| 67세 할머니입니다 처음에는 완전 어리버리... 저녁마다 반복에 반복했더니 몇일전부터 아주 쬐끔되네요 땀나는 운동같아요 ||| 자세한 설명 듣고보고 따라하니까 그럴듯 하게되는것 같아요 춤에 욕심이 많은 72세 입니다 노력하겠습니다  감사합니다,예능
c-KLSqKrIf0,[런닝맨] 아이유의 초능력에 무릎꿇는 캡틴 박지성 | RunningMan EP.96,SBS 옛날 예능 - 빽능,진짜 이거는 10년이 지나도 지석진 우솨~~~가 제일 기억에 남는다 ㅋㅋㅋㅋㅋㅋㅋㅋㅋㅋㅋ ||| 다른 사람들은 뛰어서 숨차는데 혼자 웃겨서 숨차는 지성 팍 ||| 10:13 아니 머리에 공 어떻게 올려둔거야ㅋㅋㅋㅋㅋㅋㅋㅋㅋㅋㅋㅋㅋㅋㅋㅋㅋㅋㅋㅋㅋㅋㅋㅋ ||| 월드컵보고 보러왔는데 진짜 웃기네 ㅋㅋㅋㅋ 지성팍님이 봐줘서 재미가 살았다 ||| 9:09 아이유 공 뽈뽈 몰고가는 거 왤캐 귀엽지ㅋㅋㅋㅋㅋ 골 넣고 뛰는거까지ㅋㅋㅋ,예능
ZZgom4tD6d0,런닝맨보필PD,런닝맨 - 스브스 공식 채널,💛회차정보💛 조연출 보필 396회 네 설명드릴게요 518회 보필이도 쫄지마 503회 지금도 잘하시고 계세요 다 516회 장갑 던지기 506회 PD다! 517회 싸대기 497회 이런 게임 아니에요 502회 진정성있는 리액션 461회 ||| 유재석이 넌 누구야! 하는데 PD가 바로 “PD다! “ 하는거 보면 PD도 보통 센스가 아님ㅋㅋㅋㅋ ||| 보필님 예전부터 조연출로 오래계셔서 그런지 멤잘알이셔서 멤버분들이랑 티키타카가 너무 잘맞으심ㅋㅋㅋㅋㅋㅋㅋㅋㅋㅋㅋ ||| 보필PD 진짜 재미있음...당황하는것도 재미있고 티키타카도 웃김ㅋㅋㅋ PD지만 예능인 같아..ㅋㅋ ||| 0:53 보필피디가 이런 게임 아니에요!! 하고 유재석이 넌 왜 그러니? 하는 거 말투가 너무 웃곀ㅋㅋㅋㅋㅋㅋㅋㅋㅋㅋㅋㅋㅋㅋㅋㅋ 새침ㅋㅋㅋㅋㅋㅋㅋㅋㅋㅋㅋㅋㅋ,예능
eqebxsbxC-4,[런닝맨] '스티커 붙이기 게임하다가 진짜 짜증 터진 멤버들' / 'RunningMan' Special | SBS NOW,SBS ,재석이형 예민해져서 “너 누구야??” 했을때 광수형이 “네 동생이다!!” 하고 석진이형이 “네 형이다!!”하고 피디도 연속으로 “PD다!!”하고 받는거 티키타카 완전 웃기네ㅋㅋ ||| 8:44 하하 이거 진짜 진심같은게 런닝맨 초창기 때부터 지효가 높은 곳이나 무서운 거 아무렇지도 않게 해낼 때마다 항상 저 표정에 저 맥락으로 말함ㅋㅋㅋㅋㅋㅋㅋㅋ ||| 8:20 형 무서워? 묻고 발로 쳐서 떨어뜨리는거 개웃기네 ㄹㅇ ㅋㅋㅋㅋㅋㅋㅋㅋㅋㅋㅋㅋㅋㅋ ||| 10:56 '그 끝에 동준이 있다고 생각해'도 아니고 '동준이 있다고 생각하는 그런 느낌을 좀 가져봐' 나만 웃긴갘ㅋㅋㅋㅋㅋㅋㅋㅋㅋㅋ ||| 갠적으로 이번 겜 너무 잼있었음 ㅋㅋㅋㄹㅇ 런닝맨 멤버끼리 하는것도 너무 웃기고 ㅋㅋㅋㅋㅋㅋㅋㅋㅋㅋㅋㅋㅋㅋㅋㅋㅋㅋㅋㅋㅋㅋㅋㅋ,예능
UCAQDuVRdRM,지석진 말실수 모음.ZIP 《런닝맨 / 예능맛ZIP / RunningMan 》,런닝맨 - 스브스 공식 채널,💥회차정보 (*ﾟ▽ﾟ*)/~~💥   그것도 얄리가 있다 488회 게이바이보 합시다 411회 정말 대단한 가관..아니 장관입니다 350회 오줌보 빵빵 터지네~ 406회 오늘의 하이라이스야 408회 내가 댐보... 아니 성공할 맘보를! 452회 실수담 399회 ||| 본인이 말해놓고 자각 못하는게 킬포ㅋㅋㅋㅋㅋㅋㅋㅋㅋㅋㅋㅋㅋㅋㅋㅋㅋㅋㅋ ||| 아니 돌잔치 끝나고 애를 왜 빼먹고 와ㅋㅋㅋㅋㅋㅋㅋㅋㅋㅋㅋㅋㅋㅋㅋㅋㅋㅋㅋㅋㅋㅋㅋㅋㅋㅋㅋㅋㅌ 진짴ㅋㅋㅋㅋㅋ미치겐넽ㅋㅋㅋㅋㅋㅋㅋㅋㅋㅌㅌㅌㅋㅋㅋㅋ ||| 가끔 석진님이 개그하거나 막 그러면 피식피식 거림ㅋㄲㅋㄱㅋㅋㅋㄱㅋㄱㅋㅋㄱㅋㅋ나만 그런가 싶었는데 아니구나ㅋㄱㅋㄱㅋㄱㅋㄱㅋㄱ ||| 나는 지석진 그게 제일 웃겼는데ㅋㅋ 어떤 외국에 오래된 성? 감옥? 같은 데 갔는데ㅋㅋㅋㅋㅋㅋㅋㅋㅋㅋㅋ 와 나 미치겠다 이래야되는데 와 나 미치다 이런 거ㅋㅋㅋㅋㅋㅋㅋㅋㅋㅋㅋㅋㅋ 평소에도 이거 생각나면 웃음남,예능
61DVaMD7WXQ,런닝맨 즐거운 식사시간.zip《런닝맨 / 예능맛ZIP / RunningMan》,런닝맨 - 스브스 공식 채널,🍚회차정보🍚 라면 403회 국자 365회 전주 329회 하하week 337회 ||| 8:50 에버랜드에 기린도 뭐 먹을때 저렇게 입술이 움찔움찔거리는데 이광수는 역시 뼛속까지 기린이네 ||| 4:27 김종국 짬뽕 송지효가 먹구 있어 ㅋㅋㅋㅋㅋㅋㅋㅋㅋㅋ 귀여워 둘 다 ||| 한숟갈에 유느 국자가져오는거 진짴ㅋㅋㅋㅋㅋㅋㅋㅋㅋㅋㅋㅋㅋㅋ내 별명이 국자랰ㅋㅋㅋㅋㅋㅋㅋㅋㅋㅋㅋ ||| 5:43 하하 손절 개웃기네ㅋㅋㅋㅋㅋㅋㅋㅋㅋㅋㅋㅋㅋㅋㅋㅋㅋㅋㅋㅋㅋㅋ,예능
uUHZJ2lBqNY,[런닝맨] 광놀재 4탄 '이광수 놀리려고 런닝맨하는 유재석' / 'RunningMan' Special | SBS NOW,SBS ,광놀재 존버단 모여랏🙋‍♀️ <광놀재 1탄> 👉🏻 https://youtu.be/q7Q9DZKVVrI <광놀재 2탄> 👉🏻https://youtu.be/uf8HnbDAowk <광놀재 3탄> 👉🏻https://youtu.be/x27ezO8He7Y <광놀재 5탄> 👉🏻https://youtu.be/bVxUuqsP1Qg ||| 솔직히 진짜 이광수가 젤 재밌다 억울해 하는 표정이랑 막 욱 하면서 긴 팔로 퍼덕퍼덕거리면서 화내는게 개웃김 ㅋㅋㅋㅋㅋㅋㅋㅋㅋㅋㅋㅋㅋ ||| 가만보면 유재석이 이광수 놀릴때 ㅈㄴ 창의적임 ㅋㅋㅋㅋㅋㅋㅋㅋ 애드립의 제왕이라면서 맨날 겜할때 순발력없다고 멤버들이 놀리는데 이광수 놀릴땐 순발력과 창의력 다 뽑아냄 ㅋㅋㅋㅋㅋㅋㅋ ||| 이건 런닝맨이 폐지되지 않는 이상 계속나올 수 있음 ㅋㅋㅋㅋㅋㅋㅋㅋㅋㅋㅋㅋㅋㅋㅋㅋㅋㅋㄱ ||| 2:12 와..ㅋㅋㅋㅋㅋㅋㅋㅋ 이 영상 10번은 봤는데 이제야 이런게 보이네 ㅋㅋㅋㅋㅋㅋㅋ 이광수 토크하니까 유재석 벌써 토크 스탑 시키려고 몸이 마중나감 ㅋㅋㅋㅋㅋㅋㅋㅋㅌㅋㅌㅋ,예능
GwtSzxIBnag,감종국,런닝맨 - 스브스 공식 채널,"<회차정보> 좀도둑을 잡아줘 411회 말아? 135회 넌 쓸모없는 아이야 464회 괴도 519회 광수 이상한데? 526회 비밀 커플 445회 ||| 근데 진짜 어쩔때보면 보는 내가 다 소름돋는 때가 있을 정도로 정확하게 맞힘ㅋㅋㅋㅋㅋㅋㅋㅋㅋㅋㅋㅋㅋㅋ보는 나도 소름돋는데 같이 하는 멤버들은 어떨까ㄷㄷㅋㅋㅋㅋㅋㅋㅋㅋㅋㅋㅋㅋ 특히 스파이 맡은 멤버들은ㅋㅋㅋㅋ ||| 김종국은 시청자 모드로 런닝맨 촬영하는게 너무 웃김 멤버들 하나하나 관찰하면서 웃길땐 아이처럼 웃고 ,어쩔땐 예리하게 추리해내고 ㅋㅋㄱㅋㅋㅋ ||| 심지어 김종국이 광수 의심하는 첫 장면도 사실 광수가 도굴협회장이였음..ㄷㄷ ||| 4:05 하하가 여보 아니에요 하니까 뒤에 있던 광수ㅋㅋㅋㅋㅋㅋㅋ 컨셉 겹치니까 바로 아빠라고 하는거 왤케 웃김ㅋㅋㅋㅋㅋㅋㅋㅋ",예능
GrDYOl1v68M,[런닝맨] 요약 '3년 만의 완전체 출격! 레전드 찍은 블랙핑크' / 'RunningMan' BlackPink Special | SBS NOW,SBS ,"로제 떡 폐기한거 안 들키려고 방구꼈다고 하는거ㅋㅋㅋ 너무 웃기고 제가 왜..이러면서 고양이귀 움직이는거 진짜ㅋㅋㅋㅋ 사막여우같고 넘 귀엽다ㅜㅜㅜ ||| 분명 한국 채널인데 영어 댓글만 보여서 한국인들은 시무룩해하며 영상만 보고 조용히 나가게 되는 신기한 현상 ||| 로제 겁나 귀엽네  상황 모면할라고 폭탄발언 하는거 왜캐 귀엽냐ㅋㅋㅋㅋㅋㅋㅋㅋㅋㅋㅋㅋ ||| 블핑도 완전  예능캐릭터인데 자주볼수 있었으면... 다들 잘하지만 이번편은 로제가 재밌었다 이빨부자라는 표현...진짜 기발하다 원래 이런표현이 있었나.. 얼른 컴백해서 다양한모습 보고 싶습니다. ||| 블랙핑크 다들 애교 쩔고, 너무 귀엽고 같은 여자가 봐도 저 귀여운 성격은 찐임ㅋㅋㅋ 지석진 얼음땡 내내 룰이해 못해서 헛소리하는거 개웃기고ㅋㅋㅋㅋ 광수 무시 당하는것도 개웃김ㅋㅋㅋ게스트 나오는편 잼없는데 블핑은 항상 대유잼이라고..",예능
7V4V4485pmA,유재석X이광수 모음.ZIP 3탄《런닝맨 / 예능맛ZIP / RunningMan 》,런닝맨 - 스브스 공식 채널,"💛유재석X이광수 3탄 회차정보(ง •̀_•́)ง💛 바보온달 137회 옷 스틸 490회 땅콩 470회 액션메세지 319   1탄 https://www.youtube.com/watch?v=mR_QCRIC7K4 2탄 https://www.youtube.com/watch?v=yDB8orfSJb4 ||| 솔직히 다른 케미는 몰라도 유재석이랑 이광수 케미 모음집은 계속 나올 수 있어,,, ||| 유이 올때는 유이 보고싶다고 아이유 올때는 이유 보고싶다로 변하고ㅋㅋㅋㅋㅋㅋㅋㅋㅋㅋㅋㅋㅋㅋㅋㅋㅋㅋㅋㅋㅋㅋㅋㅋㅋㅋ이광수 유재석 케미 누가 따라가겠어 ||| 광수가 쓴 저 곶감달린 어사화 모자는 진짜 아무리 봐도 웃겨 ㅋㅋㅋㅋㅋㅋㅋㅋㅋㅋㅋㅋㅋㅋㅋㅋㅋㅋㅋㅋㅋㅋㅋㅋㅋㅋ ||| 대체 왜 한 번도 베스트 커플상을 수상하지 못 했는지 가히 의문인 조합. 꾸준하게 런닝맨을 먹여살린 조합이건만.",예능
byDHbDqhdek,런닝맨감옥토크,런닝맨 - 스브스 공식 채널,"👮🏼‍♀️회차정보👮🏼‍♂️ 야 너 약속시간 안 지킬래? 20회 왜 이렇게 늦으세요 형 21회 크리스마스 캐럴 22회 부끄러워 이제 24회 오페라의 유령 27회 넌 이러고 있을 때야 32회 중세 오르골 40회 런닝맨 헌터 52회 다과라도 좀 넣어줘 145회 소일거리 283회 분노의 생수 따귀 314회 천상의 훈수 92회 ||| 프랑스 마을 뭐야 ㅋㅋㅋㅋㅋㅋㅋㅋㅋㅋㅋㅋㅋㅋㅋㅋㅋㅋㅋㅋㅋㅋㅋㅋㅋ 감옥 시리즈 중 가장 웃긴데 ㅋㅋㅋㅋㅋㅋㅋㅋㅋㅋㅋ ||| 근데 진짜 대단한게 런닝맨 초기에는 광수, 유재석, 지석진이랑 항상 감옥가서 스타트를 끊었음. 근데 유재석은 런닝맨 할동안 자기관리 겁나게 해서 우승까지 거머쥐는 체력이 되었고 광수는 배신 그거로 우승도 했고 그럼. 지석진아저씨...는 아직도 스타트를 끊으심. 일관성 무엇 ||| 유재석 “가만있어” “야 가만히 안있냐” 모음집 오늘부터 존버합니다 ||| 옛날엔 레이스 스타트를 알리는 소리가 무조건 ""지석진 OUT 지석진 OUT""이였음ㅋㅋㅋㅋㅋㅋㅋㅋㅋㅋㅋㅋㅋㅋ",예능
VbQUAA5rkfE,"런닝맨, 즐거운 식사시간2탄. zip《런닝맨 / 예능맛ZIP / RunningMan》",런닝맨 - 스브스 공식 채널,"🍚회차정보🍚 서열정리 160회 센터는 수라상 299회 ||| 그냥 빨간 팀이 쏘아올린 공 아님 ? 처음에  저렇게 막무가내로 가져가지만 않았어도 센터 잘 지키면서 재밌는 분량 많이 만들었을텐데 자막도 보면 저렇게 가져가도 되는 거였어 ? 하면서 몰려들잖아.. ||| 느낀 건데 광수님이 진짜 착하시다.  이미지가 룰브레이커지만,  자기가 깰때도 적당히 기분 안나쁘고 재밌게  남들이 어거지 부려도 오히려 웃음으로 승화.  광수님은 예능신이다 ||| 10:56 -무능한게아니라 착한거지 ㅋㅋ 이광수 진짜 사람좋다 ||| 아무리 예능이라지만..이광수 정말 대단하다 컨셉이고 방송이어도 분명 힘들고 울컥했던점이 많았을 것 같은데 웃음으로 승화시키려는 모습이 진짜 프로예능인인것같다 이광수없는 런닝맨은 상상하기 힘들정도로 이광수는 굉장히 큰캐릭터를 차지하고있었던것같다..진짜 존경스럽고 멋있음",예능
erZLr2cADe0,[런닝맨] 멍광남매 합동 스파이 작전 | RunningMan EP.76,SBS 옛날 예능 - 빽능,"아 근데 송지효 진짜 개이쁘다...하.. 너무 이쁘다 진짜 감탄밖에 안 나온다 언니 날 가져요....엉엉...너무 이쁘잖아.. ||| 송지효 지금도 물론 귀엽긴 하지만 이 땐 진짜 아가같이 귀여웠네 ㅋㅋㅋㅋㅋㅋㅋㅋ ||| 0:23 ㅠㅠ 아우 송지효 오빠 빨리 나가바 하는거 개귀여운데 그 다음에 지석진이 나보고?? 하고 일어나는것도 개귀엽 ||| 이천희 첫 장면에서 수트입은거  너무 멋있길래 오와 개멋있다,,,라고꙼̈ 생각 하자마잨ㅋㅋㅋㅋㅋㅋㅋㅋㅋㅋㅋㅋㅋㅋㅋㅋㅋ삐걱삐걱삐그억 헉헠ㅋㅋㅋㅋㅋㅋㅋㅋ ||| 왜 이런편만 보면 런닝맨팀 응원하게 되지...? 항상 제발... 이러면서 봄",예능
DceGdbWedKk,런닝맨광수몰이,런닝맨 - 스브스 공식 채널,<광수몰이 1탄> 광수 꼬리 397회 지창욱과 야채맨 507회 우기와 기린 513회 송중기 팬클럽 회장 297회 아프간하운드 머리 404회 장갑 여기 있어요 506회 러브기린 434회 상체가 긴 광수 419회 오마이걸 유아 480회 후후~후~후후~ 398회 폭풍전야 510회 인성이랑 같이 건강검진 502회 ||| 이광수 캐릭터는 수비만 잘하는게 아니라 공격도 잘해서 더 웃김ㅋㅋㅋ 평소엔 누구보다 많이 까이지만 눈돌아서 덤빌땐 아무도 못이김ㅋㅋㅋㅋㅋㅋㅋ ||| 7:17 유재석님 한참 놀리다가 지석진님이 기분 나쁠거같은 말하시니까 바로 말이 심하다고 쉴드쳐주는거 개발려 진짜.....이래서 유느님... ||| 이정도면 유재석 뿐만아니라 멤버 전체가 광수 놀릴려고 런닝맨하는거 같음ㅋㅋㅋㅋㅋㅋㅋㅋㅋㅋㅋㅋㅋㅋㅋㅋㅋ ||| 9:41 여기보면 그냥 웃고있는데 피디가 죄송하다고 하니까 바로 캐치하고 황당한 표정 짓는거...역시 유재석이 아끼는 개그맨,예능
Sd61rG4_-Sc,밸런스게임,런닝맨 - 스브스 공식 채널,"아니 진짜 방송사 퀄리티는 다르네 ㅋㅋㅋ 밸런스 게임이 이렇게 밸붕이 없고 완벽할 줄이야 ㅋㅋㅋㅋ 특히 스파이 맡았는데 종국이 형이 의심하기 vs 스파이 안 맡았는데 종국이 형이 의심하기 나올 때  와 ㅁㅊ..육성으로 나옴 ㅋㅋㅋ ||| 김종국이 나를 거칠게 씻겨주기랑 내가 힘없는 지석진을 구석구석 씻겨주기,,,, 두 그림이 자꾸 상상돼................. ㅋㅋㅋㅋㅋㅋㅋㅋㅋㅋㅋㅋㅋㅋㅋㅋㅋㅋㅋㅋㅋㅋㅋㅋㅋㅋㅋㅋㅋㅋㅋㅋㅋㅋㅋㅋㅋㅋㅋㅋㅋㅋㅋㅋㅋㅋㅋ ||| 진짜 이거 작가 상줘야됨ㅋㄱㅋㄱㅋㄱㅋㄲㅋㅋ 토크만 하는데 개재밌었음 ||| 13:29 아ㅏ 진짜 ㅋㅋㅋㅋㅋㅋ 질펀한 엉덩이에 질식한 의자 발견이랰ㅋㅋㅋㅋㅋㅋㅋㅋㅋㅋㅋㅋㅋㅋㅋㅋㅋㅋㅋㅋㅋ 자막 누구야 개웃기내 ㅅ벌ㅋㅋㅋㅋㅋㅋㅋㅋㅋㅋㅋㅋㅋㅋㅋㅋㅋㅋㅋㅋㅋㅋㅋㅋㅋㅋㅋㅋㅋㅋㅋㅋㅋㅋㅋㅋㅋㅋㅋㅋㅋㅋㅋㅋㅋㅋㅋㅋㅋㅋㅋㅋㅋㅋㅋㅋ ||| 하하 밸런스 게임할 때 김종국이 안절부절하면서  사정없이 구겨버리는 걸 보고 저 둘은 찐이라고 생각했다.",예능
3rhP-lDp_uU,타짜 모먼트 모음.ZIP 1탄《런닝맨 / 예능맛ZIP / RunningMan 》,런닝맨 - 스브스 공식 채널,"아니 자막이 더웃곀ㅋㅋㅋㅋㅋㅋ광수에게는 세상 제일 어려운 약속한대로 행동하기ㅋㅋㅋㅋㅋㅋㅋㅋㅋㅋㅋㅋㅋㅋ ||| 6:50 ㅋㅋㅌㅋㅋㅋㅋㅋㅋㅋㅋㅋㅋㅋㅋㅋㅋㅋㅋㅋㅋㅋㅋㅋㅋㅋㅋㅋ 아 진짜 너무 웃김 ㅋㅋㅋㅋㅋㅋㅋㅋㅋㅋㅋㅋㅋㅋㅋㅋㅋ 만화에서만 보던 발버둥을 실제로 보네 ㅋㅋㅋㅋㅋㅋㅋㅋ ||| 난 광수님이랑 재석님이 티격태격 하시는게 그렇게 재밌더라 ㅋㅋㅋㅋㅋㅋㅋ 너무 유치한 싸움 같다고 ㅋㅋㅋㅋ 광수님께서는 오케이!! 오케이!!! 나는 갈 길을 정했어 이러고ㅋㅋㅋㅋㅋ ||| 5:02 이광수 한명으로도 피곤한데 여자 이광수, 불나방 전소민 내일부터 나온다고 짜증, 피곤, 걱정이 동시에 나옴ㅋㅋㅋㅋㅋㅋㅋㅋㅋㅋㅋㅋ ||| 유재석은 말을 존나 웃기게 하고 광수는 행동을 존나 웃기게 해 둘이 합치니깐 개잼나넼ㅋㅋ",예능
84XOEMI3mvs,[런닝맨] 레전드 '런닝맨표 납량 특집! 하데스를 찾아라!' / 'RunningMan' Special | SBS NOW,SBS ,"와 처음부터 다시보니까 이건 제작진이 처음부터 시청자를 속인거잖아 ㅋㅋㅋㅋ와 대박이네;; 종국 지효 아침따로 미션부터 ㅋㅋ 편집컷이 진짜 대박이네 ㅋㅋ누가봐도 하데스 재석이라고 생각하게만들고 ㅋㅋ와... 한편의 드라마인줄 ||| 12:31 진심 개웃기네 진짜 말이 안되는 행위라 신선하다 ㅋㅋㅋㅋㅋㅋㅋㅋㅋㅋㅋㅋㅋㅋㅋㅋㅋㅋㅋㅋㅋㅋㅋㅋㅋㅋㅋㅋㅋㅋㅋㅋㅋㅋㅋㅋㅋㅋㅋㅋㅋㅋㅋㅋㅋㅋㅋㅋㅋㅋㅋㅋㅋㅋㅋㅋㅋㅋㅋㅋㅋㅋㅋㅋㅋㅋㅋㅋㅋㅋㅋㅋㅋㅋㅋㅋㅋㅋㅋㅋㅋㅋㅋㅋㅋㅋㅋㅋㅋㅋㅋㅋㅋㅋㅋㅋㅋㅋㅋㅋㅋㅋㅋㅋㅋㅋㅋㅋㅋㅋㅋㅋㅋㅋㅋㅋㅋㅋㅋㅋㅋㅋㅋㅋㅋㅋㅋㅋㅋㅋㅋㅋㅋㅋㅋㅋㅋㅋㅋㅋㅋㅋㅋㅋㅋㅋㅋㅋㅋㅋㅋㅋㅋㅋㅋㅋㅋㅋㅋㅋㅋㅋㅋㅋㅋㅋㅋㅋㅋㅋㅋㅋㅋㅋㅋㅋㅋㅋㅋㅋㅋㅋㅋㅋㅋㅋㅋㅋㅋㅋㅋㅋㅋㅋㅋㅋㅋㅋㅋㅋㅋㅋㅋㅋㅋㅋㅋㅋㅋㅋㅋㅋㅋㅋㅋㅋㅋㅋㅋㅋㅋㅋㅋㅋㅋㅋㅋㅋㅋㅋㅋㅋㅋㅋㅋㅋㅋㅋㅋㅋㅋㅋㅋㅋㅋㅋㅋㅋㅋㅋㅋㅋㅋㅋㅋㅋㅋㅋㅋㅋㅋㅋㅋㅋㅋㅋㅋㅋㅋㅋㅋㅋㅋㅋㅋㅋㅋㅋㅋㅋㅋㅋㅋㅋㅋㅋㅋㅋㅋㅋㅋㅋㅋㅋㅋㅋㅋㅋ ||| 그와중에 광수 혼자있을때 하데스 추리하는재석이형보고 하데스 아니란걸 바로 알아챔 ㅋㅋ 역시 런닝맨짬바 ||| 21:13 유재석이 이때 일부러 광수 들으라고 추리를 계속 티나게 한거임. 물론 광수가 그때 온건 우연이지만, 저기 보면 유재석이 광수가 오는걸 봤음.(시점이 광수가 오는 쪽이랑 딱 맞음) 자기가 제우스인데 불리하게 흘러가자 하데스를 추리하는걸 일부러 크게 말하면서 광수가 유재석은 확실히 하데스가 아니구나라고 믿게끔 ㄹㅇ 지능플레이지 ||| 20:55 하데스 누구냐 할때의 음산한 분위기 조용한 목소리.. 그리고 배경음이 너무 잘 어울린다..",예능
Sp2sVbatOw8,런닝맨이광수오케이,런닝맨 - 스브스 공식 채널,👌회차정보👌 미운 자식 떡 하나 더 495회 부산 호출 420회 웃음참기 399회 참참참 474회 조명 감독님 406회 배춧잎 428회 ||| 이 제목... 이 소재... 이 광수... 완벽하다... ||| 헐 오늘 제목도 감동스럽군 ||| ㅋㅋㅋㅋㅋㅋㅋㅋ근데 항상 이광수가 오케이 하는 원인의 96%가 유재석임ㅋㅋㅋㅋㄲㄲㄱㅋㅋ ||| 아니 유재석이랑 광수 베스트커플상 줘야돼 진짜...,예능
-Q5O71sOM_0,유재석이광수4,런닝맨 - 스브스 공식 채널,💛유재석X이광수 4탄💛  라면 진짜 예술이에요 502회 한마디만 할게요 225회 손 마사지 501회 벨트 139회 들어와라 우우우우 428회 광수 이름표 495회 타고 꺼져 453회 고기 김밥 스틸 388회 모자 응징 135회 방패막이 광수 503회 홍보 그만해 470회 마이크가 빠졌네 230회 뺨 환촉 398회 한류스타 팬미팅 208회 바지 젖었으니까 집에 들어가 419회 형이 거둬줄게 440회  1탄 https://www.youtube.com/watch?v=mR_QCRIC7K4 2탄 https://www.youtube.com/watch?v=yDB8orfSJb4 3탄 https://www.youtube.com/watch?v=7V4V4485pmA ||| 피디님의 “여러분 이렇게 하는 게임 아니에요...” 모음집 만들어 주세요 ||| 아닠ㅋㅋㅋ ‘유재석이광수케미’도 아니고 ‘이광수놀리는유재석’도 아니고 그냥 ‘유재석이광수’ㅋㅋㅋㅋㅋㅋ 처음엔 귀차니즘인줄 알았는데 시그니처인가... ||| 유재석이 놀린후에 이광수가 긴팔로 퍼덕퍼덕하는게 킬포인트임ㅋㅋㅋㅋㅋㅋㅋㅋㅋㅋㅋㅋㅋㅋㅋㅋㅋㅋㅋㅋㅋㅋ ||| 3:27 슬레이트 한 번 칠까요 광수씌  pd님 발음 보솤ㅋㅋㅋㅋ,예능
Auw-3xY1waI,[런닝맨] '런닝맨 멤버들의 토크 게임 모음!' / 'RunningMan' Special | SBS NOW,SBS ,회차 정보   0:01 465회 (2019.08.25)   0:57 495회 (2020.03.22)   1:22  498회 (2020.04.12)   2:31 503회 (2020.05.17)   4:15 455회 (2019.06.09)   6:25 346회 (2017.04.16)   7:00 453회 (2019.05.26)   10:16 330회 (2016.12.18)   12:24  454회 (2019.06.02)   12:43 456회 (2019.06.16) ||| 아니 지석진 처음부터 골때리네 ㅋㅋㄱㄱㅋㄱㅋ 남자일 확률이 현저히 적습니다 ㅋㄱㅋㄱㅋㄱㅋㄱ ||| 1:15 와 몰랐는데 이광수 물병 토스 봐 ㅋㅋㅋㅋㅋ 그걸 또 바로 받고 덜덜 떠는 리액션까지 ㅋㅋㅋㅋ 티키타카 완벽하네 ||| 물건 모른 채 설명하기 양세찬 전소민  할때 하하 반응 ㅈㄴ 웃겨ㅋㅋㅋㅋㅋㅋㅋ 하하가 확실히 짬이 있어서 그런지  재미있는 상황도 잘 만들고 리액션도 너무 잘해줌 ||| 런닝맨 가끔 나오는 성인개그코드 너무 좋음 ㅋㅋㅋ 초창기 2011년 초딩때부터 봐온 내게 이젠 니들도 컷으니 이런거 봐라(?) 하는 느낌 ㅋㅋㅋ,예능
fvDBOCrOL4E,런닝맨PPL,런닝맨 - 스브스 공식 채널,💸회차정보💸 혹시 온 가족이 쓰기에 좋니? 510회 한 끼 걱정 끝 467회 네 멘트가 매출에 도움이 안 된대 453회 광고주님 착각 썰 461회 저 거리가 PPL 같아요 391회 진짜 예쁘다 이거 465회 자외선 아니고 적외선 468회 PPL이 아닌 마사지건 508회 ||| 난 오히려 저런 작위적인 광고 좋닼ㅋㅋ 보기도 좋고 재밌으니까 저런 광고 좋음ㅋㅋㅋㅋㅋㅋㅋㅋ 오히려 자연스러운느낌 뒤에서 또 재석님이 받아쳐주고 종국님은 현타와도 같이해주고 ㅋㅋㅋㅋㄱㄱㅋ ||| 광고주들이 이러니 자꾸 해주고 싶지ㅋㅋㅋㅋㅋㅋㅋ 광고효과 무엇? 이렇게 다시 모아서 보여주고ㅋㅋㅋ 효율보소ㅋㅋㅋㅋㅋㅋㅋㅋㅋ ||| 광고는 작위적이고 대놓고 할수록 소비자가 제대로 인지할 수 있어서 차라리 이게 나음. 드라마는 어쩔 수 없지만 속는 느낌드기보단 이게 나은듯 ||| 일단 하하형은 온가족이 같이 하고 즐거워야함ㅋ ㅋㅋㅋㅋㅋ,예능
KjPzlC6QE0Y,[런닝맨] 은근 열받는 방탈출 게임~ | RunningMan EP.91,SBS 옛날 예능 - 빽능,12:50 방송나가는 카메라 앞에서 나만의 시간 갖고싶다는게 너무웃김ㅋㅋㅋㅋㅋㅋㅋ ||| 개리 안나간다고하는게 개웃김 ㅋㅋㅋ 저런캐릭터도 있어야지 ㅋㅋㅋ ||| 썸네일 송지효 넘 예뻐서 홀려서 들어옴 ||| 17:17  이 부분 부터 미칠 것 같음.. 멋진 노래 딱 깔리는데 김종국 탈출해서 뛰고 지석진 탈출해서 뛰고 노래 점점 고조되는데 탈출한걸 알아챈 장면 딱 보여주자마자 유재석이 뛰는데 그 다음 바로 경호원들 뛰어오고.. 아슬아슬 엘레베이터 타고 경호원들 막 버튼 눌러보지만 이미 떠나서 허탈하게 멈추고.. 구도 연출 편집 다 너무 재밌고 영화같고 하여간.. 너무 재밌다.. ||| 다른 멤버들은 단서찾고 나갈때 개리는 그냥 아무생각없이 만두먹는게 젤 웃겼음 ㅋㅋㅋㅋㅋ 좀 지나서야 다른멤버들 다 나가서 지도랑 열쇠찾을때 쯤에 나오고 ㅋㅋㅋㅋㅋㅋ,예능
B7VCUMyTPyc,런닝맨양세찬게임,런닝맨 - 스브스 공식 채널,🎮회차정보🎮 봉준호 495회 유재석 465회 ||| 성별 물어봤는데 고민은 왜하는뎈ㅋㅋㅋㅋㅋㅋㅋㅋㅋㅋㅋㅋㅋ질문 한번하면 다 하나같이쓰읍...ㅋㅋㅋㅋㅋㅋㅋㅋㅋㅋㅋㅋㅋㅋㅋㅋㅋㅋㅋㅋㅋㅋㅋㅋㅋㅋㅋㅋㅋㅋ ||| 양세찬 게임 하는 법 1. 대충 예리해 보이는 질문을 한다 2. 대답은 무조건 우스꽝스럽게 3. 주위 사람들 속 터지는 거 보기 ||| 지석진 녹화 도중에 커피 뽑아먹는거 진심 어이없이 웃김ㅋㅋㅋㅋㅋㅋㅋㅋㅋㅋㅋ볼 때 마다 터져ㅋㅋㅋㅋㅋㅋㅋ ||| 찰리채플린을 실제로 봤다고 하면 어떻게 맞히라고 ㅋㅋ,예능
gcez3Gpjl2w,[런닝맨] 아이유(IU) 노래로 시작하는 런닝맨 일상 | RunningMan EP.77,SBS 옛날 예능 - 빽능,"- In USA they have Taylor Swift  - In England they have Ed Sheeran - In Canada they have Celine Dion  - In China they have Jay Chou  - In Thailand they have Bird Thongchai  - In Cambodia they have Preap Sovath  - In South Korea we have IU (Lee Ji Eun) ❤❤❤❤❤ ||| 누군가가 아이유 모닝콜에 ""왜 이유를 고생을 시켜요""라고 해준거 감동... 마냥 좋아하지만 않고 노력을 알아준 느낌 ||| 이때 시청률 22%로 런닝맨 피크 찍었을 때로 기억하는데 저 당시 기준으로는 최고 시청률 이었음 아이유 모닝콜 임팩트가 컸었지 ||| 4:53 얼마나 잘부르면 라이브랑 음원이랑 차이가 없나봐 ||| 와 저게 라이브로 아침에 가능하네 ㅈㄴ깔끔하네 역시 국민 여가수 탑답다.... 아침부터 저렇게 고생시키니 목이 남아나겠냐ㅠㅠㅠㅠㅜㅜㅜ괜히 짠해",예능
db1VfDpipu8,[런닝맨] 능력자 VS 런닝맨....김종국을 탈락시켜라 | RunningMan EP.93,SBS 옛날 예능 - 빽능,진짜 어릴땐 몰랐는데 지금보니 김종국도 예능을 ㅈㄴ 잘함 ㅋㅋㅌㅋㅋ 자신이 어떤 캐릭터인지 확실히 아는느낌 ||| 광수 진짜 귀여운게 꼭 뭔일 생기면 유재석을 가장 마니 찾음ㅋㅋㅋㅋㅋㅋㅋㅋㅋㅋㅋㅋㅋㅋㅋㅋ ||| 이편은 진짜 눈앞에서 동생들 끌려가도 끝까지 보고만 있는 석진이형님이 레전드였지ㅋㅋㅋㅋ ||| 14:01 이건 진짜 찐텐으로 깜짝놀랐을때밖에 나올 수 없는 부들거림이다 ㅋㅋㅋㅋㅋㅋㅋㅋㅋㅋㅋㅋㅋㅋㅋㅋㅋㅋㅋㅋㅋㅋㅋㅋㅋㅋㅋㅋㅋㅋㅋㅋㅋㅋ ||| ㅋㅋㅋㅋㅋㅋㅋㅋㅋㅋㅋㅋ  이광수 김종국이 방송으로 경고발언 하고 나서 형 잘못했어요 하는거 개웃기네 ㅋㅋㅋㅋㅋㅋㅋㅋㅋㅋㅋ,예능
HD2t6eHGEVE,[런닝맨] 웃긴 게임만 모아 모아~ 토크 게임 모음집☆ㅣ런닝맨(runningman)ㅣSBS ENTER.,SBS Entertainment,물건 모른 채 설명하기가 역대급 꿀잼인듯 ㅋㅋㅋㅋㅋ 수갑 미쳣어 ||| 런닝맨은 팀워크 장난 아닌 팀이다... 진짜 런닝맨팀은 서로 장난칠때 장난치지만 뒤에서 챙겨주는게 보인다. 진짜 간단한 게임들인데 저렇게 재밌게 이끌어가다니 정말 좋은 능력이고 재능이다..런닝맨 진짜 포에버 ||| 11:06 이광수님이 멱살 잡는거 처음 봄ㅋㅋㅋㅋㅋ ||| 남자일 가능성이 현저히 적습니다 ㅋㅋㅋㅋㅋㅋ 틀린말은 하나도 없는데 ㅈㄴ웃기네 ||| 연령대 40언더 랑 남자일가능성이 현격히 적습니다 는 볼 때마다 웃기네 십ㅋㅋㅋㅋㅋㅋㅋㅋ,예능
YGNMx-QijZU,이광수말끊는유재석,런닝맨 - 스브스 공식 채널,"🤫회차정보🤫 들어가 있으라고 424회 조용히 해 404회 질문 새치기 470회 아냐 그건 아닌 거 같고 470회 그 소식은 지금이 아니야 500회 자 이제 고만하죠 472회 자 조용하고 488회 녹화 중이니까 빠져있어 504회 트와이스 506회 아니야 467회 꺼져 505 좋은 아침 454회 녹화 중이니까 이따 전화해 165회 ||| 진짜 갠적으로 같이 녹화하고있는데 녹화중이라고 하는거 진짜 웃김ㅋㅋㅋㅋㅋㅋㅋㅋㅋㅋㅋㅋㅋㅋㅋㅋㅋㅋㅋㅋㅋㅋㅋㅋㅋㅋㅋㅋㅋㅋㅋㅋㅋㅋㅋㅋㅋㅋㅋ ||| 볼때마다 다음주에 유재석이 이광수한테 어떻게 괴롭힐지 궁금하다 ㅋㅋㅋㅋㅋㅋㅋㅋㅋㅋㅋㅋㅋㅋㅋㅋㅋㅋ ||| “나는 장난이 30만개 이상이 있다,이걸 광수한테 다 써보는 게 내 소원이다.” —유재석. ||| 8:27 ㅋㅌㅋㅋㅌㅋㅋㅋㅌㅋㅋㅋㅌㅋ 코난 브금은 왜 나왘ㅋㅋㅋㅋㅌㅋㅋㅋ",예능
EalN3T9jmX4,[런닝맨] 스페셜 ' 양세찬♥전소민 사랑에 빠지는 과정 총정리 ' / 'RunningMan' Special | SBS NOW,SBS ,양세찬의 마음 - 불확실 전소민의 마음 - 불확실 하하의 마음 - 확실 ||| 어느쪽이 진심인지는 몰라도 하하가 진심인건 확실함 ||| 양세찬 마음 : 50% 전소민 마음 : 50% 하하 마음 : 500% ||| 전소민... 하차? 절대 인정할 수 없어.. 이유가 양세찬과의 결혼이 아니라면 내가 납득할 수 없다고! ||| 2:50 국민의 입장ㅋㅋㅋㅋㅋ 이 분도 런닝맨 찐몰입해서 보시네ㅋㅋㅋㅋㅋ,예능
5iIBr6gANNc,[런닝맨] 뒤돌아서면 쏜다...돌아온 '유임스본드'| RunningMan EP.91,SBS 옛날 예능 - 빽능,김종국이 재탈옥 안했으면 이정도로 레전드는 아니였을듯 ||| 13:24 스파르타 할때 진짜 두근두근 ㅋㅋ 너무놀란 ||| 18:30 ㅋㅋㅋㅋ 도망칠 때 VJ 분들 웃는거 봨ㅋㅋㅋ ||| 14:44 재탈옥은 생각못했던 제작진 자막 '인간맞냐..'ㅋㅋㅋㅋㅋㅋㅋㅋㅋㅋ ||| 11:37 ㄱㅋㅋㄱㅋ 유재석 숨참는건가 ㄱㅋㄱㅋㅋ 표정 귀엽다ㄱㅋㅋㄱㅋ,예능
wNdBd2i5keo,런닝맨패션지적,런닝맨 - 스브스 공식 채널,🕶회차정보🕶 광수의 하의실종 패션 506회 UFO 464회 하하 조기축구 패션 370회 올블랙 꾹 392회 하하 내복차림 448회 꾹 인싸패션 426회 거슬리는 점 432회 자꾸 누구랑 눈이 마주쳐서 그래 462회 핑크 꾹 504회 ||| 근데 런닝맨이랑 놀면 뭐하니 볼때마다 느끼는거지만 유느님 스타일리스트 너무 열일하심ㅠㅠㅜㅠ 유느님한테 옷 다 찰떡...유느님 예쁜 옷 입으실때마다 너무 신사같고 젊게 사시는 분 같아서 너무 좋아요 앞으로도 열일 부탁드려요>_< ||| 뭐야 제목 달랑 저거뿐이야 ㅋㅋㅋㅋㅋㅋㅋㅋㅋㅋㅋㅋㅋㅋㅋㅋㅋㅋㅋㅋㅋㅋ간결하네 ||| 근데 하하 되게 옷 잘입는 편인데 ㅋㅋㅋ 예능이라서 웃기려고 저런거지 색깔 매치나 이런거 보면 진짜 옷 잘입음 ||| 1:19 센터로 자연스럽게 걸어오는거 멋지다,예능
nIaijsPLazU,[런닝맨] 타이슨 광수 VS 불량지효 | RunningMan EP.78,SBS 옛날 예능 - 빽능,멍광 남매는 서로 싸우다가 마지막에 토닥여주는게 제일 보기 좋음..ㅠ 내가 이래서 멍광 좋아한다 ||| 멍광 남매 케미 대박이다 ㅜㅜ 진짜 싸우고 나서 토닥 거려주는게 옛날부터 너무 좋음.. 처음이 김종국님 귀엽게 팔짱끼고 하시는거 ㅋㅋ 누가 오면 쇼핑하는척 하자더니 기어다니면서 도망쳤어 ㅋㅋㅋㅋㅋㅋㅋㅋㅋㅋㅋㅋㅋㅋㅋ 역시 런닝맨은 재밌다아💕 옛날 런닝맨 그리워!! ||| 14:28 줄 수 있는 게 ... 없다~ 편집 개웃기네ㅋㅋㅋㅋㅋㅋㅌㅋㅋㅋㅋㅋㅋㅋㅋ ||| 전소민이랑 싸우는것도 재밌긴한데 원래 오빠동생끼리 싸우는거보다 누나동생싸우는거 구경하는게 더 꿀잼임. ||| 17:17 이제는 런닝맨에서 볼 수 없는 둘이 한 화면에 잡히니 너무 슬프다 ㅜㅜㅜㅜㅜㅜㅜ 개광크로스,예능
HIMCcveberA,좋아(Like it)_런닝맨(Running Man) fmv.,뚝꾹멍돌,"런닝맨 키즈라면 강개리 있던 시절 절때 못잊어.. ||| 런닝맨 최고응원하고싶다런닝맨분들아저씨들누나사랑해요 ||| 10년넘게 나두잼 잇게 잘 봣음 노  래들도  잘 하고    에이스 천 성 임 씨 ㅋ   활 약 잘 하시네   강력한 파워를지닌 김종국  멋져 👍   노래들으며 전 몜버들에  아름다운 목소리 전소민까지 잘 봣어요 노 래들으니 눈 물나네 ㅋ ||| I cry, I miss 7012😭 ||| 9012 forever in my heart",예능
Oy3vm-DHzeI,런닝맨지석진게임,런닝맨 - 스브스 공식 채널,<회차정보> 석진에게 유리한 동문서답 게임 346회 재석이 아내를 부르는 애칭 348회 돌아온 지석진게임 350회 종국이 냉장고 안에 있는 것 351회 ||| 피디님 진짜 해달라는거 다해주시네 ..?? 다음주도 멍돌자매 전학생특집이고 진짜 ㄹㅇ 고생하십니다 감사합니다ㅠㅠㅠ ||| 요즘에 게스트 없이 멤버들끼리만 하는거 많아졌고 피디님이 팬들 의견 하나씩 다 들어주고 있는거 같아서 너무 좋다ㅠㅠㅠ ||| 예전 런닝맨은 한 화를 풀로 보는게 재밌었는데 요즘은 이렇게 비슷한 카테고리 모아놓은 영상으로 보는게 재미짐 ㅋㅋ ||| 4:22 아 지석진이 유재석 머리 실로폰채로 콩 함ㅋㅋㄱㅋㄱㅋㅋㅋㅋㅋㅋㅋㅋㅋㅋㅋㅋㅜ,예능
GMwW1q6ySwA,[런닝맨] '우주 최강 겁쟁이들의 레전드 공포특집' / 'RunningMan' Special | SBS NOW,SBS ,📺회차 정보📺 261화 무서워서 못 찍겠어ㅠㅠ 463화 천국 2번씩 가는 귀신 382화 호구마 필요없어.. 310화 OK! 안되겠다. 포기! 409화 귀신도 반할 겁제니 354화 토 나오는 공포의 전율미궁 ||| 전율미궁 경험자입니다. 저건 방송이라 약하게한거고 실제로는 ㅈㄴ끝까지쫒아와서 인간의 속도의한계를 경험하게해줍니다... 울고불고난리하면 신나서 더하는거같더라구요... 귀신도 이정도는안합니다... ||| 4:42 ㅋㅋㅋㅋㅋㅋㅋㅋㅋㅋㅋㅋㅋㅋㅋㅋㅋㅋㅋ 호박고구마 필요없어 히이이이이이이이이이이이이이이이잉 하면서 자연스럽게 연주로 넘어가는거 진짜 ㅋㅋㅋ ||| 1:02 그와중에 권렬VJ 넘어지는데 카메라는 살림ㅋㅋㅋㅋㅋㅋㅋㅋㅋㅋㅋㅋㅋㅋㅋㅋㅋㅋ ||| 앜ㅋㅋㅋㅋㅋ성동일 역으로 귀신 놀래키는거 개웃기넼ㅋㅋㅋㄱㄱㄱㅋㅋㅋㅋㄱㅋㅋ,예능
a2iav1ZyJLk,[런닝맨] '서 : 서상에.. 이게 복 : 복지다..공유X박보검 모음집' / 'RunningMan' Special | SBS NOW,SBS ,"저거 몇년전에 출현한 방송인데... 몇일전 나온 유퀴즈에서랑 똑같네.... 공유형... 왜 안늙어요... 나이는 나만 먹지......... ||| 공유는 진짜 잘생겼다 ||| Gong Yoo is no joke... I never thought he would have so much capacity, tactics, and fighting spirit to win the games... I always thought he was a sweet guy!! So much happy to see him in a different avatar. ||| 4:28 미모 미쳤다고ㅠㅠㅠㅠㅠㅠㅜㅜㅜㅜㅜㅜ ||| 공유&박보검이라니.........,......글만봐도 행복해진다.........ㅋㅋㅋㅋㅋㅋㅋ",예능
y1DoiEQCpm0,[런닝맨] 멍지효와 광수 친남매설 ㅋㅋㅋㅋ | RunningMan EP.69,SBS 옛날 예능 - 빽능,"난 지효가 막 때려도 광수가 맞고만 있는게 아니라 같이 머리채 잡아서 더 웃겼음ㅋㅋㅋㅋ 그것도 아주 심각한 표정으로 진심을 다해서 싸우는 것 같음ㅋㅋㅋㅋㅋㅋㅋㅋㅋㅋㅋ ||| 런닝맨 볼때마다 이런얘기해서 그렇지만 송지효 정말 너무너무 이쁨.... 초창기 ㄹㅇ레전드 ||| 멍광남매 케미 이때 오졌지..... ||| 죠언니 머리스타일,,저걸 소화해낸다 전형적인 완벽한 미인이다 진심 ||| 소심광수 & 불량지효는 진짜 레전드..",예능
BdSj9Kkd6Z4,[런닝맨] '놀리면서 시작하는 오프닝 토크 1편' / 'RunningMan' Special | SBS NOW,SBS ,오래된 예능프로는 멤버들끼리 워낙 친해서 자기들끼리 투닥투닥할때가 제일 재밌음ㅋㅋㅋㅋ ||| 유재석 런닝맨 이름으로 커피차 보낸거 찐 감동... 자기가 보냈다고 안 뽐내고 팀이름으로 보낸 거 유재석 진짜 천사다. ||| 유재석님 이광수님함테 런닝맨 이름으로 보낸 거 쩐다 ㅠㅠㅠㅠㅠㅠㅠㅠㅠㅠㅠㅠㅠㅠㅠㅠ ||| 게스트 없이 오프닝 하는게 제일 웃기고 재밌음 ㅋㅋㅋ 멤버들간의 케미도 더 돋보여주는 듯 ||| 5:30 송지효 놀리는거에 한마디도 안보태고 가만히 있다가 조용히 사진만 찍는거 개웃김ㅠㅜㅠ언니 사랑해요 넘기여워,예능
ZIW6vuvTGWk,딸기뚜왈기,런닝맨 - 스브스 공식 채널,근데 이광수가 송지효가 박치라는 걸 너무 알아섴ㅌㅋㅋㅋㅋㅋㅌ 최대한 짜증 안내고 차분히 가르쳐줌ㅋㅋㅋㅋㅋㅋㅋㅋㅋㅋㅋㅋㅋ ||| 근데 송지효 진심으로 모르고 진심으로 박치라 개웃김 ㅋㅋㅋㅋㅋㅋㅋㅋㅋㅋㅋㅋㅋ 분량 뽑으려고 머리 굴리고 그런 바이브가 아님 찐으로 자기는 이해했고 하려고 보니까 안되고 이거임 ㅋㅋㅋㅋㅋㅋㅋㅋㅋㅋㅋㅋㅋㅋㅋㅋㅋ ||| 하광효 조합 너무좋아ㅋㅋㅋㅋㅋㅋㅋㅋ 서로의 멍청함을 혐오하면서도 서로를 너무 아끼고 사랑하는 우애좋은 비글들ㅋㅋㅋㅋㅋㅋㅠㅠㅠㅠㅠㅠ ||| 6:20 딸기가 좋아만 겁나 느리게 하고 다음엔 원 박자로 돌아가면 무슨 의미야 ㅋㅋㅋㅋㅋㅋㅋㅋㅋㅋㅋㅋㅋㅋㅋㅌㅌㅋㅌㅋㅋㅋㅋㅋ ||| 23:53 유치원생 같아 저 해맑음 뭔데ㅋㅋㅋㅋㅋㅋㅠㅠㅠㅠㅠㅠㅠㅠ,예능
-xhz8pQa52g,뽀옹망치 모음.ZIP 2탄《런닝맨 / 예능맛ZIP / RunningMan 》,런닝맨 - 스브스 공식 채널,"🔨회차정보🔨  옆자리 운명 403회 니 혼자 왔는교 414회 분노의 자전거 450회 초대형 수조 퀴즈 414회 ||| 제일 처음에 재석이형이 ""국종아 망치질 좀 해"" 하니까 하하형 알아서 스윽 들어가네 ㅋㅋㅋㅋㅋㅋㅋㅋㅋㅋㅋㅋㅋㅋㅋㅋㅋㅋㅋㅋㅋㅋ ||| 15:26 마리오카트 1등한 캐릭이 세레머니 하는거 같닼ㅋㅋㅋㅋㅋㅋㅋ ||| 17:47 여기 김종국이 이광수 때리고 이광수가 “ 아 뭐야!” 하자마자 나머지 옆에 애들도 다 놀래서 드가는게 개웃겨 ㅋㅅㅋㅅㅋㅋㅋㅋㅋㅋ ||| 종국이형이 때리는건 ㅋㅋㅋㅋㅋㅋㅋㅋㅋㅋㅋㅋㅋ뿅망치가 아니라 ㅋㅋ그냥 망치 수준인데 ㅋㅋㅋㅋㅋㅋㅋㅋㅋㅋㅋㅋㅋㅋㅋㅋㅋㅋㅋㅋ",예능
iXLXLCcGINw,런닝맨삼행시,런닝맨 - 스브스 공식 채널,"💥회차정보💥 지석진 삼행시 335회 박명수 : 런닝맨 168회 아이린 426회 이광수 459회 청하 434회 이서진 229회 재석 : 지석진 474회 구복탕 404회 소고기 288회 현아, 타짜 476회 익산 405회 마그마 466회 ||| 유재석 '내 가만 안둬' 모음집 부탁드립니다 ||| 5:54 아 박명수 굿모닝이랑 젠틀맨이 제일 웃곀ㅋㅋㅋㅋㅋㅋㅋㅋㅋㅋㅋㅋㅋㅋㅋㅋㅋㅋㅋㅋㅋ 역시 삼행시의 대가 ㅋㅋㅋㅋㅋㅋㅋㅋㅋㅋㅋㅋㅋㅋ앞에 한번 못살리고 다시 찾아온 기회라서 더웃김ㅋㅋㅋㅋㅋㅋㅋㅋㅋ아 겁나 웃었네 진짴ㅋㅋㅋㅋㅋㅋㅋㅋㅋㅋㅋㅋㅋㅋㅋ ||| 아쓐ㅋㅋㅋㅋ지석진 소고기 왜캐 웃기냨ㅋㅋㅋㅋㅋㅋ소금쟁이 안뇽~~~고슴고취 빠위빠이~~기성용 파이팅!!이게 뭐냐곸ㅋㅋㅋㅋㅋㅋ느끼한 말투 너무 웃기자나욬ㅋㅋㅋㅋㅋ ||| 05:26 저희집 바로 여기 잖아요  ㅋㅋㅋㅋㅋㅋㅋㅋ 들어가라 그럼 오늘은  수고하셨습니다 ㅋㅋㅋㅋㅋㅋㅋㅋㅋㅋㅋㅋ",예능
vkdnMJPZHp4,감동 와장창ㅋㅋ 딸에게 쓰는 영상편지? 집에 있는데..? | 유 퀴즈 온 더 블럭 YOU QUIZ ON THE BLOCK 191126 EP.45,유 퀴즈 온 더 튜브,,예능
CH-AsGqOqdQ,담배 피다 카메라한테 걸린 고수,지바보,풀영상 가지고 왔어요~ 킬포가 많은 영상이라 다들 건너가서 보고오세요 ㅋㅋㅋ!!  https://m.entertain.naver.com/article/408/0000060713  ✅링크 캡처 후 텍스트 인식 기능을 사용하여 복붙하시거나 네이버 뉴스 검색에 ”고수의 18년전 밀착카메라“를 검색하시고 조금 찾으시면 나와요 ~~ㅋㅋ ||| 뭐 왜이렇게 순정만화야 혼자 ㅋㅋㅋㅋㅋ ||| 담배 냄새만 스쳐도 쌍욕하는데 어느새 미소짓고 있는 나를 발견. ||| 뭐지? 분명 담배를 피고 있는데 존나 청초 ||| 저렇게 잘생신 것만으로도 세상에 참 선한 일을 하는거구나. 그냥 아무것도 안해도 사람들에게 기쁨과 행복을 주는 외모. 어찌보면 진짜 순수한 선. 고수 주변에 사는 사람은 행복하겠다.,예능
jN5FBGOaJLg,[희귀영상] 큰 자기의 초창기 인터뷰 영상? 함께 보시죠! | 유 퀴즈 온 더 블럭 YOU QUIZ ON THE BLOCK 190917 EP.35,유 퀴즈 온 더 튜브,,예능
hKArCTw9RJc,큰 자기 리얼 웃음 폭발ㅋㅋ 유퀴즈 역대 가장 웃긴 오답! #유퀴즈온더블럭 | YOU QUIZ ON THE BLOCK EP.81 | tvN 201118 방송,유 퀴즈 온 더 튜브,심지어 이용민 느낌도 없어ㅋㅋㅋㅋㅋㅋㅋㅋㅋㅋㅋㅋㅋㅋㅋㅋㅋㅋㅋㅋㅋㅋㅋㅋㅋㅋㅋㅋㅋㅋㅋㅋㅋㅋㅋㅋㅋㅋㅋㅋ ||| 유재석이 웃은 이유 : 이용민에서 박명수의 무근본 드립 향기를 느낌ㅋㅋㅋㅋㅋㅋㅋㅋㅋ ||| 이거 진짜 유느님 10년에 한 번 나올까말까하는 대박 찐웃음이다ㅋㅋㅋㅋㅋㅋㅋㅋㅋㅋㅋ ||| 0:40 조세호 “한 글자도 안 맞으면..ㅎㅋ;;ㅎ;;;;;;” 하는 것도 난 너무 웃김ㅠㅠㅠㅠㅠㅠㅠㅠㅠ말투랑 표정이 진짜 개황당해보옄ㅋㅋㅋㅋㅋㅋㅋㅋㅋㅋ큐ㅠㅠㅠㅠㅠㅠ그냥 이 영상은 시작부터 끝까지 안 웃긴 요소가 없어ㅠㅠㅠㅠㅠ ||| 될놈될 ㅋㅋ저렇게 틀리고 노트북 뽑아서 노트북 받아가심 ㅋㅋㅋㅋㅋ,예능
nl5nEOSmbgQ,오늘은 슬픈 리액션  aghhi  StarCraft  Top Clip by ksh2063,Lemaanite Gaming,,예능
LBI-chI5dCY,개그맨이광수,런닝맨 - 스브스 공식 채널,<회차 정보> 남자 조연상 508회 투잡 해도 되는데 회비는 내 424회 광수는 많이 밀려있고 457회 연기 잘하는 동생 398회 런웨이 선 적 있니 445회 배우가 아니라 개그맨 132회 개그맨 활동 잘 하라고 465회 간간이 캐스팅이 들어오나 봐요 463회 아끼는 개그맨 후배 456회 차승원 315회 ||| 근데 다시 생각해봐도 광수가 연기를 잘하니까 놀릴 수 있는거지 발연기였으면 서로 민망해서 놀리지도 못함ㅋㅋㅋㅋㅋ ||| 이광수 없었으면 유재석이랑 캐미를 못 봤을거 생각하니까 진짜 이광수는 신의 한 수다 ||| 이광수는 정말로 연예대상과 연기대상 다 받을 수 있는 사람 아닐까ㅋㅋㅋㅋㅋㅋㅋ ||| 광수 진짜 선배들한테 잘하고 귀여움 많이 받나보다 연기쪽에선 성동일이 아껴 개그계에선 유재석이 아껴 ㅠㅠ 성격 엄청 좋은듯,예능
sLp70efirYQ,[#유퀴즈온더블럭] BTS 덕분에 유재석까지 만난 그 여고생🎤 마 이게 코리안 하이틴이다! (ft.Dynamite cover) | #갓잡은클립 #샾잉,샾잉 #ing,즐긴건 즐기고 공부도 잘하는 k 고딩의 위엄..  그녀는 무려 학생회장.. ||| 아 저거ㅋㅋㅋㅋ 저거는 어디서 전문적으로 배운 춤이 아니라 직캠 오조오억번 돌려보면서 뇌가 익힌 춤이라는거 진짜 웃겼는데ㅋㅋㅋㅋㅋㅋㅋㅋㅋㅋㅋㅋㅋ진짜 대단하시다 ||| 유재석씨는 시민들이랑 케미가 정말 잘맞음 그리고 찐으로 행복해보이심 ||| 아니 문제 맞추니까 갑자기 일어나서 주변 정리하고 춤 추는게 존나 웃김 ㅋㅋㅋㅋㅋㅋㅋㅋㅋㅋㅋㅋㅋ ㅠㅠ 진짜 끼많다 ||| 저런 애들이 있지  공부도 잘 하고 흥도 넘치는 애들,예능
Z9StY47JmHk,[#유퀴즈온더블럭] 탈우주급 근면 성실함🌌 너무 멋있는 변호사 자기님.. 큰 자기조차 명함 못 내미는 기상 시간ㄷㄷ | #갓잡은클립 #샾잉,샾잉 #ing,"💙유퀴즈 최신화 클립 몰아보기💙 👉 https://youtube.com/playlist?list=PLqGVA3Cdr7gxXGWoQC1X1s9O0TFUj4BuD ||| 곧 이분 일어나실 시간이네....... ||| 남 피해주는거 없으면서 부지런하고 깔끔하고 성실하고 독한 사람 제일 멋있더라 워너비 ||| 사람마다 생체리듬이 다르다고생각합니다. 이런저런 아침형인간 시도도 많이해봤지만, 저는 새벽집중이 잘되는스탈이라 2시-8시 6시간 잠을 자는게 젤 능률이 좋더라고요. 남들따라하는것보다 자신을 알아가는게 더 중요하다고 생각해요 ||| 유튜브보다 세시에 잠드는 사람 반성하고갑니다",예능
kAAhazFBwJI,[#유퀴즈온더블럭] BTS 여고생과 BTS의 찐만남 성사🎉 아미 최고 아웃풋이라는 학생회장 찐매력ㅋㅋ Dynamite COVER까지✨ | #갓구운클립 #Diggle,tvN D ENT,난 심지어 저 뮤비도 안봤는데 저 강당직캠은 봤음ㅋㅋㅋㅋㅋㅋㅋㅋㅋㅋㅋㅋㅋㅋㅋㅋㅋㅋㅋㅋㅋ 직캠ㅋㅋㅋㅋㅋㅋㅋㅋㅋ ||| 전교회장에다가.. 학점 만점... 오늘 방탄소년단이랑 유퀴즈까지 같이 출연.. 진짜 너무 부럽고 한편으로는 너무 대단하다.. ||| 보통 전교회장하는 애들이 저렇게 붙임성 좋고 외향적인 성격이던데ㅋㅋㅋㅋㅋㅋㅋㅋㅋㅋㅋㅋ 어디가서든 뭐가되긴 할것같은 친구다 ||| 이거 그 댓글이 젤웃김ㅋㅋㄱㅋㄱㅋㅋ 일부러 학원 같은데서 배운 춤이 아닌 찐팬이 직캠보며 외운 춤이라곸ㅋㄱㅋㄱㅋㅋㅋㄱㅋㄱㅋ ||| 이게 매력이라는 거구나....,예능
dp5lL-QteMo,"1,000,000원 도네 리액션ㅣ트위치 클립 일일 하이라이트ㅣ클립라이트",클립라이트,정보) 왁구텽은 저 친구여노래때문에 풀업로두 채널의 몇몇 영상들이 수익창출을 거부당했다 ||| 마지막은 너무 슬픈데.. ||| 와 천원 도네 가성비 개지림 ㅋㅋㅋㅋㅋㅋ ||| 1:41 벗는 중이래 미친ㅋㅋㅋㅋㅋㅋㅋㅋㅋ,예능
cQmuke7lkKU,[트위치 클립] 전설의 리액션,용범,어... 저는 우리집에 존재합니다 ||| 저는 어디에나 존재합니다.,예능
3k5M8-BSR6g,"성수동 어린이들, '최저임금' 정의의 새 패러다임 | 유 퀴즈 온 더 블럭 YOU QUIZ ON THE BLOCK 180905 EP.2",유 퀴즈 온 더 튜브,,예능
pU84uxxVKfM,[영상클립]그녀가 40대로 불리는 이유,V튜버보관함,"5:01 사실상 센쵸의 시그니처이자 프리즈 ||| 뻣뻣 그 자체ㅋㅋㅋㅋㅋㅋㅋ ||| 4:22 쵸베리구 チョベリグ 超very good 인데 90년대에 유행했던 유행어를 아이돌댄스 하면서 ""아싸 좋다"" 느낌으로 얘기하는게 킬포 ㅋㅋㅋㅋㅋ ||| 4년뒤 그녀는 가우르 구라를 뒤쫓으며 400만 구독자에 가까워 지고 있는 유일한 홀로라이브 JP 멤버가 되었다. ||| 4:41 리액션보다 웃음소리가 더 찰져...",예능
UMcjWvko8Kg,"[#유퀴즈온더블럭] 성공을 의심하던 사람들 보란듯이 대박친 ""싸인"" 비하인드❗️ 하지만 현실은 겁쟁이 김은희 작가? 맨날 뛰어다녀요ㅎㅎ | #갓구운클립 #Diggle",tvN D ENT,이렇게 성공해 낸 김은희 작가에게조차 시그널 하려고 할 때 무전기 설정을 빼라고 한 제작진이 있다고 하니 다른 드라마 작가들한테 간섭 장난아니겠다 ||| 김은희 작가님 덕에 미드만 보다가 한드도 보게 됨 ..사랑이야기 지겨워요 장르물 많이 나왔으면 ㅠㅠ ||| 작가님작품 유령 싸인 시그널 킹덤 다 봤지만 하나같이 다 취저 ㅜㅜ 시그널은 말할것도없다... 시즌2 아직 존버합니다......✨ ||| 작가님이 반응이 되게 좋으시다 얘기하는 사람 신나게 만들어주시네 ||| 그해 여름 작가가 김은희 작가님 이라는걸 알고 소름이 돋앗습니다..  그해 여름은 진짜 인생멜로영화라 생각될 정도로 감명깊게보고 정말 많이 울었거든요. 김은희 작가님표 멜로물 또 보고싶어요.. 항상 좋은 작품 써주셔서 감사합니다,예능
dN4fGQTH83c,[#유퀴즈온더블럭] 신인에게 예능은 힘들어요ʘ̥_ʘ 끼 좔좔 천재 아이돌 백현에게도 존재했던 깜찍뽀짝 신인시절🥰 EP61,디글 :Diggle,tvN 예능 <유 퀴즈 온 더 블럭> 레전드 영상 더 보러가기 ▶ https://www.youtube.com/playlist?list=PLm24nddeR_-IhvJ2BUStlOKRnco3Nhcln ||| 백현은 진짜 어른스러워졌는데 특유의 장난기가 아직 있어서 약간 둘이 공존하는..?.? 느낌이 있다 더 좋아짐 ||| 솔직히 백현이 진짜 아이돌 정석이라고 해야되나?.. 진짜 아이돌 안했으면 어쩔뻔 타팬인데도 진짜 백현은 누구나 마음속에 품어봤을 그런 아이돌... 메보 + 오지는 춤선 + 정석미남은 아니지만 훈남 재질에 현실에 없는 덕몰이상 + 타고난 재치 잔망 ||| 와 진짜 어이 없을 정도로 씹동안이다ㅋㅋㅋㅋ 곧 30? ㅁㅊㅋㅋ 더 놀라운 건 왠지 저 얼굴 그대로 최소한 37줄까지는 그대로 유지할 거 같다는 거 ||| 난 아직도 김민석이 반오십 같고 변백현이 23 같아,예능
rEwcBJeSsdQ,[MC싸비]한가위 추석특선영상 유저클립 모음영상,갓싸비,안녕하세요! 감스트 보고 왔는데 정말 잘 되셨으면 좋겠어요 ||| 2:50 정말 미친 싸비 ||| 모아서 보니까 정말 재미있는 장면들이 많네요ㅋㅋㅋㅋㅋ 언제나 열씸히 하는 모습 보기 좋습니다! ||| 5:02 ㅋㅋㅋㅋㅋㅋㅋㅋㅋ ||| ㅋㅋㅋㅋ 잘추시네요 ㅋㅋ (개웃기네),예능
9qGpZtPhiqw,레전드 브라더(?) 케미! 김동현X조남진 자기님의 티키타카 | 유 퀴즈 온 더 블럭 YOU QUIZ ON THE BLOCK 190528 EP.19,유 퀴즈 온 더 튜브,"저렇게 사람좋게 보이는 사람이 우리나라에서 가장 싸움잘하는 사람중 한명이다. 진짜 강한 사람은 본인이 센척안해도 주의에서 센걸 아니깐, 그걸 또 본인이 아니깐 센척 안하고 허세도 안부리는 것 같다 ||| 아ㅋㅋㅋ 너무 순수하세요 두분다 ㅋㅋㅋ ㅋㅋㅋ귀여워요 애기같으셔 ㅋㅋㅋ ||| 조남진 관장님도 놀토 한번 나오셨으면 ㅋㅋㅋㅋㅋㅋㅋㅋㅋ 재밌을듯 ||| 김동현씨 ㅋㅋㅋ 이제 예능경력 몇년 짬바가 ㅋㅋㅋㅋㅋ ||| 매력있다 저분 ㅋㅋㅋㅋㅋㅋ너무 귀여우시네",예능
eMlLZZ9VgfM,종묘에서 만난 수상한 외국인..? | 유 퀴즈 온 더 블럭 YOU QUIZ ON THE BLOCK 190611 EP.21,유 퀴즈 온 더 튜브,,예능
_bhWObi4C-U,[#유퀴즈온더블럭] 아이비리그를 졸업하고 서울대 의대로 편입해도 성적 걱정을 한다고요?🙄 경이로움 그 자체 건호 자기님과 처음듣는 대학 이름에 고장난 조셉ㅋㅋㅋ EP33,디글 :Diggle,"tvN 예능 <유 퀴즈 온 더 블럭> 레전드 영상 더 보러가기 ▶ https://www.youtube.com/playlist?list=PLm24nddeR_-IhvJ2BUStlOKRnco3Nhcln ||| 고통은 불가피하지만 괴로워하는 것은 선택이다...정말 좋은 말이다...힘들 때 꺼내볼 명언 또 생김 ||| 세호 몸매보고 예전버전인지 최신 버전인지 구분 하고 구분됨...ㅋㅋ ||| 7:15 진짜 이분말 너무 맞는거 같다... 돈이많고,성적이 맨날 좋다고 해서 행복한건 아닌데, 돈이 많고 성적이 어니정도 높으면 행복할수있는 기회가 늘어남... ||| 존잘..다가졌네요... 인성, 머리, 심장, 외모... 보는 내내 흐뭇하게 바라보고 갑니다 ^^",예능
qeanqWAuyDc,예능 PD 꿈나무 자기님과 함께! 꿀잼 육휘주 대학가요제♬ | 유 퀴즈 온 더 블럭 YOU QUIZ ON THE BLOCK 190917 EP.35,유 퀴즈 온 더 튜브,,예능
E0rQPoLxFkM,"[#유퀴즈온더블럭] '그알' 단골 프로파일러 권일용 교수님❗️ 그가 만났던 1,000명의 범죄자 중 가장 잔혹했던 그 남자 | #갓구운클립 #Diggle",tvN D ENT,죄책감 갖지마세요 교수님..ㅠㅠㅠ 교수님이 지킨 사람들이 더 많습니다. ||| 공통점으로 비열한 성범죄자라고 하신거 너무 통쾌... 그냥 인간쓰레기들이지 뭔 희대의 살인마야ㅡㅡ ||| 권일용 프로파일러님은 성격 자체가 섬세하고 감수성도 높으신 것 같아요. 그런 면 때문에 범인 입장에서 사건을 봐야 하는 프로파일러로서 성공하고 사회에 공헌한 부분도 많으시겠지만 개인적으로 느끼는 마음의 고통이 크셨으리란 생각이 드네요. 덕분에 훨씬 안전해진 사회에 살게 된 저로서는 그저 감사한 마음을 간직하고 또 프로파일러님이 이제까지 거친 일들을 다루며 다친 마음을 무사히 회복하시길 바랄 뿐입니다. ||| 미리 막지 못한 죄책감... 교수님 책임이 아니에요. 죄책감은 범죄자들이 가져야하는데.. 항상 잘못없는 착한 분들이 가지는거 같아요ㅠㅠ.. 교수님은 자신의 몫을 다 하신 멋진 분이세요.. 건강하고 행복하세요 ||| 판사 형랑 때릴때 프로파일러랑 합의하는거 진짜 중요해 보입니다,예능
THuae_KaHtI,[#핵심노트] 유퀴즈에 나온 군대 썰 끝판왕 모음! 6.25 참전용사 해병대 1기 & 문재인과 트럼프 한미 대통령 사이에서 밥 먹은 레전드 군인 | #유퀴즈온더블럭 #디글,디글 :Diggle,[ 유 퀴즈 온 더 블럭 ] 핵심 장면만 쏙쏙📝 https://www.youtube.com/playlist?list=PLm24nddeR_-IegxX0YvSx1uZrEC5jWHrl ||| 그런데 해병대 1기도 대단하신데 인터뷰를 하시면서 계속 존댓말을 하시는게 정말 인격적으로도 훌륭하신 분이라고 생각합니다 개인적으로 이런분들이  정말 어른이라고 생각합니다 존경합니다 ||| 군대 썰이 인천상륙작전...맥아더장군...ㄷㄷ ||| 명함 받은게 먼 훗날 기념이 될게다라는 말씀 레알 찐이다 ㅋㅋㅋㅋㅋㅋㅋ ||| 전에 동인천역  지나가는데 해병대 소위가 참전용사 모자쓰고 지나가는 할아버지한테 경례하는 거 진짜 멋 있었음.,예능
yF5Qs1rCZxI,[유퀴즈] 17화 레전드! '허망' 영상편지부터 레드벨벳 슬기 2행시까지♡ | 유 퀴즈 온 더 블럭 YOU QUIZ ON THE BLOCK 190514 EP.17,유 퀴즈 온 더 튜브,존함지지댘ㅋㅋㅋㅋㅋㅋㅋㅋㅋㅋㅋㅋㅋㅋㅋㅋㅋㅋㅋㅋㅋㅋㅋㅋㅋㅋㅋㅋㅋㅋㅋㅋㅋㅋㅋㅋㅋㅋㅋㅋㅋㅋㅋㅋㅋㅋㅋㅋㅋㅋㅋ,예능
Fb2vc5QjrN4,♨핫클립♨ ＂난 노란 신호등 같은 존재.＂ 특이한 음색으로 최고의 1분 기록↗ 63호 가수가 부르는 '누구 없소'♪｜싱어게인,JTBC Voyage,"2:45 나 진짜 할말잃어... 뻥뚫려... 미쳤어.... 이 밤에... ||| 아,mnet이 아니었구나... 어쩐지 노래할때 반복을 안해 jtbc최고다 진짜... 감상을 하는 법을 아네 ||| 이무진 이때는 완전 갓캐낸 감자인데 지금은 깔끔하게 포장된 백화점 식품관 감자임 ||| 2:24 입시장가면 이런 애들 간혹가다 한두명씩 있는데 진짜 존나 무서움 ㄹㅇ 미친듯이 연습하고 완벽히 준비된 사람에게만 나오는 그 아우라가 있음 ㅋㅋㅋ ||| 싱어게인4 보다가 여기까지 왔네요 또 봐도 좋다",예능
dx9gQRCT_kM,[BE ORIGINAL] Stray Kids '神메뉴(God's Menu)' (4K),STUDIO CHOOM [스튜디오 춤],"So I see Gordon Ramsey hasn’t arrive....I mean they just grilled everyone with this song that why ||| Felix’s hairstyle here is such a– **chef’s kiss** ||| First they kill us with their expressions & then bow ever so politely as if ""it's been a pleasure killing you"" I--- ||| 이건 진짜 명작이야  다 너므너무너무좋아 ||| I’ve replayed Felix’s part an unhealthy amount of times",예능
p5V0l1AO6Mo,인형뽑기 실패한~ 일본인 여자친구 리액션~,유키동키YukiDongki,시발 부럽다 ||| 귀엽네요 ㅋㅋ ||| 제 여자친구도 일본인인데 보고싶네요ㅜㅜ 장거리연앤데 코로나 때문에 못 본지 오래ㅠ ||| A c~그게 왜 떨어지나~😆 한번 더 혀윳!!! 😁😁😁 ||| 집게좌 그는 도대체,예능
tv_1-O5sfPY,[#유퀴즈온더블럭] 화재현장 베테랑 김명배 소방위님이 기억하는 대구 지하철 화재사건 | #갓구운클립 #Diggle,tvN D ENT,"본방 다음날 가장 빨리 보는 [#갓구운클립유퀴즈] 모아보기 ▶️ https://www.youtube.com/playlist?list=PLTnyq-p4P5n1HJMWBx96igX4X2WcT9RvL ||| 영웅입니다.....외상후스트레스가 제일 문제일거같다.... 세금으로 그런것좀 보완해주자....국개의원들아 ||| 대구 지하철참사는 방화사건입니다. 이사실을 많이 모르더라구요. 화재사고가 아니라 범죄입니다. ||| 이날 친구와 중앙로에서 약속이 있었다. 지하철 타고 가는데 친구가 갑자기 전화와서 늦잠을 잤으니 동촌역에서 내리라고 하더라. 그덕에 내려서 한참을 앉아 기다렸다. 그런데 희안하게도 오는 기차도 가는 기차도 없더라. 15분? 20분? 앉아있었는데 안내방송이 나왔다. 플랫폼에 아무도 없고, 뭐라고 되게 다급하게 말하는 거 같은데 잘 안 들렸다. 멀리보니까 역무원이 뛰어오더라. 그래서 무슨 일이냐고 물어보니까 중앙로에 불이 나서 지금 지하철 운행이 안되니까 중앙로까지 버스를 타던가 택시를 타라고 하는것이다. 그때까지 그렇게 심각한 일이 벌어진지 몰랐다. 아 중앙로에 있는 건물에 불이 났나보다 했지. 그래서 버스를 탔다. 타고 중앙로 가까워지는데 창밖 풍경이 난리가 난 것이다. 도로가 까맣고 연기는 당최 어디서 피어오르는지 알수가 없었다.  길이 막혀 경적소리가 엄청났고 버스는 원래 서던 곳에 진입이 안 돼서 사람들을 멀찍히 내려줬다. 신호등에서 내리니까 시내로 진입이 안 되니 영문 모를 시민들이 가득 서있었다. 그런데 갑자기 인파를 뚫고 아주머니 한 분이 신호등 앞에서 엉엉 울면서 어떡하냐고 큰 소리로 울었다. 신호등 앞에 배달 오토바이가 하나 서있었는데 그 오토바이 청년에게 뛰어가서 말하는 소리를 들었다. 미안해요 미안한데 우리 아들이 사고가 나서 지금 병원에 있대요, 응급실에 좀 태워줘요 라고. 오토바이 청년은 얼른 타라고 하고 아주머니를 태운채 떠났다. 그날 당연히 친구와의 약속은 무산됐는데 집은 어떻게 돌아왔는지 기억이 안 난다. 일주일에 장례식장을 네 군대 다녀왔다. 당연히 그후로 몇 년 지하철을 못 탔다. 지하만 내려가만 매캐한 냄새가 났고 무엇보다 소리. 지하철만 들어가면 그렇게 소리가났다. 우어어엉 우어어엉 하고 낮게 울리는 소리가.  지하철을 타고  터널을 달리면 어둑한 터널속에 사람 얼굴들이 지나가는 것 같은 착각도 들었고. 그 후로 7년인가 지났나? 한 아주머니가 2호선 반월당 역에서 환승 방향을 물었다.  아줌마는 ""내가 지하철 사고 이후로 지하철을 한 번도 안 탔다""고 덧붙였다.  그날 이후 대구사람중에 지하철 못 타는 사람 꽤 될거다. ||| 이런분들께 캔커피한잔 대접하는것마저 뇌물이라고 신고하던 사람들은 대체 어떤놈들인걸까...",예능
3iM_06QeZi8,"[IU] '내 손을 잡아(Hold My Hand)' Live Clip (2019 IU Tour Concert 'Love, poem')",이지금 [IU Official],저 넓은 무대에 혼자 서서 내 목소리가 공연장에 울려퍼지고 수만명이 나를 좋아해주고 내 노래를 따라불러준다는건 무슨 기분일까 하루하루가 행복하겠다 ||| 근데 뭔가 보는데 뭉클하다.. 혼자서 10년을 넘는 시간동안 저렇게 성장했다니.. 그룹도 아니고 오로지 혼자 저 객석들의 관객들을 열광시키다니.. 진짜 자랑스럽겠다 ||| 2024년.. 지금도 꾸준히 듣고 있는 곡입니다. 특히나 음원보다도 이 버전이 너무 좋네요. ||| 이 영상이 뜨고 이 노래가 역주행을 하고있다 좋은노래는 시대의흐름과 상관없다는것을 보여주는 증거같은 노래 ||| 압도적인 관객 수  그리고 조그만 가수 에서 나오는 폭발적인 성량 이 영상 개미쳤네 ㅋㅋㅋㅋㅋ,예능
oi_6bPmurOo,[#유퀴즈온더블럭] 179cm에 45kg 극심한 다이어트를 할 수 밖에 없었던 이유는? 유재석도 감당불가 모델 최소라의 하이텐션ㅋㅋ | #갓구운클립 #Diggle,tvN D ENT,방송 다음날 바로 보는 [갓구운_#유퀴즈온더블럭] 모아보기! 👉🏻 https://www.youtube.com/playlist?list=PLTnyq-p4P5n1HJMWBx96igX4X2WcT9RvL ||| 이때 온몸에 반점이 생기셨다고.. 그게 아사 직전 증상이라고 하는데 진짜 안타까움.. 라방에서 여러분들은 절대 자기처럼 하지 말라고 그랬는디ㅠ 넘 안타까움 내 몸은 지금 속이 다 걸레짝인데 다들 너무 예쁘대 이 말이 너무 소름돋음 ||| 내 속은 걸레짝인데 사람들은 아름답다했을때 너무 소름이 끼치고 한편으론 공감도 가네요. 행복하고 건강했으면 좋겠어요ㅜㅠ ||| 최소라가 인스타 라방에서도 그렇고 자기 먹는거 좋아한다고 말한적이 많았는데 아무리 직업을 사랑한다고 해도 저정도 정신으로 버틸수있을지 그냥 너무 대단하고 멋진사람임 자기직업에 대한 애정과 그만큼의 정신력으로 저자리까지 간거라고 생각 ㅠㅠㅠ ||| 하루에 10번 기절이면.. 진짜 몸이라는 놀이기구를 타고 아슬아슬하게 살아가는 기분이었을 거 같아요 얼마나 힘들엇을까ㅠㅠ 진짜 멋있는 분,예능
WA0N5nb0wgw,[#유퀴즈온더블럭] 40억 뷰 웹툰 인기 비결은 하하버스?ㅋㅋㅋ 여신강림 '야옹이' 작가의 작품 비하인드부터 연애스토리까지 | #갓구운클립 #Diggle,tvN D ENT,누가 ㅋㅋㅋㅋㅋ 조세호 유재석 그림 그린거 보고 ㅋㅋㅋㅋㅋ 세상을 되게 아름다운 시선으로 보는 분 같다고 ㅋㅋㅋㅋㅋㅋㅋㅋㅋㅋㅋ생각만 하면 빵터짐 ||| 작가님 왕년에 인소 ㅈㄴ읽었을거같음ㅋㅅㅋㄱㅋㄱㅋㅅㅋㅆㅋㅅㅋㅅㅋㅅㅋㅅㅋ잘생겼지만 자기가 잘생긴줄 모르는 듣고 이마를 탁침 ||| 4:07 재석이형 이거 맘에 쏙 들었구나?ㅋㅋㅋㅋㅋㅋㅋㅋㅋㅋㅋㅋㅋㅋ 런닝맨 홈페이지 프사를 이거를 쓸줄은 상상도 못했닼ㅋㅋㅋㅋㅋㅋㅋ ||| 방송 카메라에도 저렇게 예쁘게 잡힐 정도면 실물은 대체 어느 정도야 너무 예쁘다 진심 ||| 와 방송 카메라인데도 진짜 예쁘시다.. 그림도 잘 그리시고 돈 많고 멋진 삶.... 부럽다,예능
BaKH_p1EIVY,[유퀴즈] 다시 보는 일반인 레전드 #4 수학여행 친구들 | 유 퀴즈 온 더 블럭 YOU QUIZ ON THE BLOCK 190416 EP.13,유 퀴즈 온 더 튜브,80마리면 개부자인데ㅋㅋㅋㅋ,예능
uATrWdhf9iY,[플레이 클립스 PLAY CLIPS] '페츄니아 파괴사건 연습일지' 홍보영상,예술의전당,응원합니다 화이팅,예능
qL0Oc7SgTKE,[#유퀴즈온더블럭] ★올타임 레전드★ 말빨로 찢어놓은 개그맨들ㅋㅋㅋ 유퀴즈 용진호&지상렬 모음.zip (안 보면 지상렬),디글 :Diggle,개그맨들보다 더 웃긴 유퀴즈 일반 시민 레전드 보러가기! ☞ https://www.youtube.com/playlist?list=PLm24nddeR_-IegxX0YvSx1uZrEC5jWHrl ||| 이용진은 정말 유니크하게 훈훈하다 ||| 지상렬은 진짜 1회성게스트로는 지상렬보다 잘하는사람이없어 ㅋㅋㅋㅋㅋㅋㅋㅋㅋㅋㅋㅋㅋ ㄹㅇ 언어구사하는게 ㅋㅋㅋㅋ ||| 지상렬 입담ㅋㅋㅋㅋㅋㅋㅋㅋㅋㅋ 진짜 가끔만나야 재밌는 스타일ㅋㅋㅋㅋㅋㅋㅋㅋㅋㅋㅋㅋ 가끔 나와서 매번 웃겨줌ㅋㅋㅋㅋㅋㅋㅋㅋㅋㅋㅋㅋ ||| 이용진 패션 머선 일이고...ㅠ 내 심장 찢었다 아이가 😫,예능
JJpAkZWmJkw,[#유퀴즈] 점점 진화되는 수법에 감독원도 피해자들도 머리가 지끈😵‍💫 금감원 안에서 사기치다가 걸린 간 큰 보이스피싱범도 있다구ㅇ?!?,디글 :Diggle,"6년전즘 와이프가 3천만원을 당했습니다. 그때도 서울지검이라고 했었네요. 거두절미하고 국가기관에서 집으로 잡으러 올때까지 그냥 개인정보나 금융정보 절대 주지마세요. 잡으러 오면 그때 줘도 안늦습니다. ||| 보이스피싱해서 돈사기치는 것들 천벌받아라. 잡히면무기징역해야한다 ||| 나도 보이스피싱 전화 받았었는데 뭐라고 말하는지 정말 못알아 듣겠어서 네 머라구요? 이해가 안돼여.. 이러면서 몇번 반복해서 말하니까 아씨 이러면서 끊으셔서 당황했던 기억이.. ||| 여러분 보통 중요한 사안은 전화로, 특히 휴대전화로는 절대 진행하지 않아요ㅠㅠ ""서면으로 서류를 보내면 자세한 내용을 파악한 뒤 수사에 협조하겠다""고만 말씀하셔도 됩니다!! 전화로 진행하지 않는다고 해서 처벌하는 국가기관은 존재하지 않아요ㅠㅠ ||| 난 이런 교육도 학교에서 해야 한다고 본다. 학교를 졸업하면 더 이상의 교육은 사라진다고 생각한다. 성인이 성교육을 받나 안전교육을 받나 보이스 피싱 교육을 받나. 모르니까 이런 일이 발생하는 건데.",예능
6ByP9K5_vgY,"[#유퀴즈온더블럭] 분노주의♨ 만취상태였던 점을 왜 감안하죠,,? 여전히 답답한 현실에 이수정 교수님이 던지는 의문 | #갓구운클립 #Diggle",tvN D ENT,"성을 사고 팔고 강제로 취득하면 안된다. 라는 교육이 먼저라는 교수님의 말씀을 들으면서 남아를 키우는 엄마로 내 아이에게 성교육의 시작이 어디에서 출발해야 하는지 다시한번 생각하게 되네요. ||| 음주운전은 가중인데 음주범죄는 감형이라니 ||| 니 성욕을 왜 국가가 해결해주냐.. 진짜 정신병자들 많다.. 그리고 좀.. 만취 심신미약 이런거 좀 제발 없애자.. 미성년범죄자도 강력처벌 좀하고.. ||| 정말 아이들이 그리고 어른들도 위험과 범죄에 노출되지 않도록 예방과 처벌 더 강화했으면 좋겠어요. ||| 너무 답답해서 댓글을 남겨요. 저는 새아빠에게 성추행, 강간을 당했었던 피해자이구요. 가해자는 12년형을 받았어요. 모든 성범죄자가 그러진 않겠지만 제가 보고 듣고 겪었던 바로는 100이면 100 다시 성범죄 저질러요. 가해자를 처음 고소하고, 엄마의 부탁으로 합의를 해줬어요.(엄마 자신도 잘못한 거 알고, 저한테 계속 미안해하고 사과하고 지금은 현재 가정에 충실하게 지내셔요. 그때는 엄마도 정신이 온전치가 않았으니 나쁘게만 생각해주지 말아주세요..) 그리고 집으로 돌아온 후 저에게 제대로 된 사과조차 하지 않았고, 새벽이면 제 방에 들어와 자고 있는 저를 만지고 갔습니다. 그렇게 12년을 받았어요. 한 번의 죄가 있음에도 불구하고 다시 그 일을 저질렀기에 12년을 받았습니다. 가중된 게 겨우 12년이에요. 피해자인 저는 자라난 지역에서 떠나 전혀 새로운 도시로 와서 적응하며 살고 있습니다. 새로운 도시로 오게 돼서야 저는 새벽에 깨지 않고 푹 잘 수 있었어요. 제가 그동안 힘들었던 거 어디에서도 책임져주지 않아요. 저 혼자 썩히며 살고 있어요. 그때의 충격이 컸던건지, 그렇게 끔찍했던 일이, 제 창창한 학창시절이 그렇게 짓밟혀졌는데 이제는 기억이 나질 않아요. 어떻게 고소 진행이 됐는지 모르겠어요. 그냥 기억하고 싶지도 않지만 기억도 안 나네요. 피해자는 이렇게 사는데 가해자에게 인권이 있긴 한가요? 어릴 때부터 보고 자라고 겪은 건 이건데",예능
O2Xay1arwws,"여러분은 부모님에, 자식에 대해 얼마나 알고 있나요? | 유 퀴즈 온 더 블럭 YOU QUIZ ON THE BLOCK 190702 EP.24",유 퀴즈 온 더 튜브,,예능
znFEtPD9AvQ,"딜레마에 빠진 타로술사.. 타로냐, 상금이냐! | 유 퀴즈 온 더 블럭 YOU QUIZ ON THE BLOCK 190521 EP.18",유 퀴즈 온 더 튜브,,예능
MM3aDRRuO14,유퀴즈 최초! 상금 2백만 원의 주인공 탄생 임박!? | 유 퀴즈 온 더 블럭 YOU QUIZ ON THE BLOCK 181114 EP.12,유 퀴즈 온 더 튜브,,예능
gYPxrzKRoXM,모자 찾기 대작전! 조세호 손버릇 논란? | 유 퀴즈 온 더 블럭 YOU QUIZ ON THE BLOCK 180926 EP.5,유 퀴즈 온 더 튜브,,예능
tg7bySG3jRE,"🔥감성여행 브이로그 영상편집 이렇게해요! 최초공개 (프로그램, 색보정,자막디자인, 음악고르기,)",여락이들_,"휴대폰으로 시청하시는분, 이어폰을 안 끼시고 시청하시는 분들까지 배려해서 이렇게 영상을 만들어주시니 ㅠㅜ  너무 감사해요 ㅠㅜㅜㅜ 이렇게 영상 편집하는거 과정만 봐도 얼마나 복잡할지 상상이 안 가는데 정말 항상 좋은 퀄리티에 영상 만들어주셔서 감사해요 ||| 4:13 괜히 나 혼자만 눈치보고, 왠지 나만 기분 좋아지는 그런 너낌,,, 아니죠? 다들 그런거죠..? ||| 2:33 얄짤없이 ""지금이요"" ㅋㅋㅋㅋㅋㅋㅋㅋ ||| 아 진짜,,, 이거 보고 또 다시 새삼느낀다ㅜㅜ 언니들, 크루분들이 영상에 많은 노력을 투자한다는 걸,,, 다시는 유튜버한다고 엄마아빠한테 안깝쳐야지. ||| 0:06 나 이게 왜케 좋지??ㅠㅠ 새로 바뀐 폰트 너무 이뻐여!!",여행/이벤트
WQSV7BkZ91w,한국의 스위스에서 물수제비 던지고오는 여행브이로그｜국내여행 충주,해피새아 happysaea,"햎하! 🙋🏻 해파리 친구들 오랜만의 여행영상이에요!  스위스, 뉴질랜드 생각나는 너무 예쁜 곳을 발견했어요.  서울에서 2시간 정도면 갈 수 있는 충주호랍니다 :)  환상적인 호수에서 물수제비 던지고 돌아오는 ㅋㅋ 여행브이로그, 오늘도 함께해주셔서 감사합니다. 행복한 주말 보내세요 💕 ||| 04:38  와...........와 ...미쳐버렸다... ||| 퀭한 모습을 보니 뭔가 누나 친구 같아서 더 친근해 보이네요. 가끔 이런 나들이 영상 언제나 환영입니다 .😀😀😀 ||| 와대리만족합니다 ||| 우아아아 대리만족 장난아니다,,,,💙 근데 나도 충주 걸었는데,,,, 같은충주 다른느낌,,, 역시 차가 최고라며,,,,^^",여행/이벤트
26G6V0J23DQ,여행유튜버 영업비밀 공개 | 영상편집 맛깔나게 하는 꿀팁 7가지,또 떠나는 남자 ddoddunam,"쿠바 인트로는 진짜 왠지 우리가 일상에서 벗어나 휴식을 취하고 싶은 표현이 너무 잘한거 같아요‼️ 몇 번 돌려봤어요(속닥속닥) 무엇보다 또떠남님 영상을 보면 마음이 평화로워서 너무 좋아요👍🏻👍🏻이 팁을 꼭! 숙지해서 여행가게되면 한번 편집해봐야겠어요ㅎㅎ ||| 형, 오늘 영상 보면서 허~~우 라는 소리를  여러번 낼 정도로 소름이었어요, 항상 영상 보면서 참 공을 많이 들이시는구나 라고 느끼면서 감사해 하면서 봤는데, 역시나! 저 클라이맥스 부분 음악이랑 영상 맞아떨어질 때랑 산토리니 영상 장면 진짜! 닭살 돋았어요ㅎㅎ 제가 매우매우 좋아하는 느낌의 음악이라... 나머지 유기적인 씬 연결도... 우와... 정말 세심한 형의 모습에 다시 한 번 감탄사가! 나중에 클라이맥스 음악이 들어간 여행영상 장면만 모아서 또떠남의 코로나 전 하이라이트 여행 편으로 하나의 영상을 만드셔도 아주 구독자들의 심금을 울릴 수 있는 영상이 될 듯 합니다, 오늘 흥분해서 넘 많이 적었네요 ㅎㅎ 감동 받았어요!!! ||| 세계 3대 영업비밀(KFC 치킨 레시피, 코카콜라 콜라 레시피, 또떠남 편집 레시피(?)) 중 하나가 이렇게 탄로나네요ㅋㅋㅋㅋㅋㅋㅋㅋ (또떠남님의 이렇게나 섬세한 음악 선택에 제가 유튜브 프리미엄으로 갈아탔다는 TMI 전해드립니다.) 고생하시는 건 알고 있었지만, 저런 디테일까지... 저도 한 섬세/ 한 집착하는데 또떠남님은 넘사벽ㅎㄷㄷ (발걸음 속도 늦추는 것 소오름...) 고생해서 만드시는 영상 항상 잘 보고 있슴다~~~ 오래 오래 다양한 유튜브 컨텐츠 올려주세여!! 100만 가즈아 ||| 또떠남님이 영상편집 속성초급반이 있다면 제일 먼저 수강신청할텐데... 설명과 이해를 돕기 위한 익숙한 자료영상까지 깨알같은 팁 최고예요~!! 앞으로도 멋진 영상 기대할게요~^^ ||| 와 다 봤네ㅋㅋ 이렇게 디테일한것들도 신경쓰는지 몰랐네요 많이 배우고 갑니다",여행/이벤트
YdElc-1z5NU,"[VLOG] 강릉 1박2일 여행 브이로그 | 여자 둘이 떠난 강릉 | 맛집, 소품샵, 카페 추천",Irene Bak성은,3:10 세린을 위한 타임라인🌊🦩 ||| ㅋㅋㅋㅋ 어디서라는거야 도대체는 왜이렇게 공감되죠? 전 3월에 강릉와 너무 맘에들어 지금까지 살고 있는데 왠지 제가 처음 강릉 왔을때 그 느낌이 나네요. 추억돋네요. 미국 잘 돌아가셨길 바래용 :) ||| 잔잔하게 이쁘네요ㅎㅎ 오늘도 영상 감사합니당🙆🏻‍♀️ ||| 두분다 넘 이뿌신듯💗 돈까스는 꼭 먹어보러가야겟어용!! 포스트카드오피스ㅜ저파우치 저도 사고시펐눙데 넘 비싸서 조용히 내려놓고 나왔던 기억이 ㅎㅎㅎㅎㅎ 영상 잘 보구 갑니당 헿 ||| 인절미 빵 취향저격 ㅠㅠㅠㅠ 크림까지 완벽쓰,여행/이벤트
c-bbvZwqJ6s,"[VLOG] 세부, 보홀 여행브이로그 | 친구들과 함께한 해외여행 ✈️ (캐녀닝,오슬롭,샹그릴라리조트,헤난리조트,오션젯,호핑투어,알로나비치,sm몰)",윤하놀이 yunhanori,넘 재미있어요🥰 ||| 저도 보홀 가족끼리 자주 갔는데 자유 여행으로 바다가 너무 좋더라구요 또가고 깊네요 ||| 1년전 요맘때 보홀 세부에 있었는데 좋은 영상 덕분에 기억이 새록새록 했어요 ^^ 영상 잘 봤습니다~~ ||| 안녕하세요 영상 재밌게 잘 봤습니다!! 이번에 세부여행 계획중이라 뭐 좀 여쭤보려구요 오슬롭+캐녀닝 어디 업체로 이용하셨는지 공유 해주실 수 있으세요?👏 ||| 영상 재밌게 잘 보고 가용♥️,여행/이벤트
dqarth6wkDw,북한제일 이쁜 가이드 김주미,엠케이골프2,"애초에 북한에서 저런 일 한다는 자체가 엘리트일듯, 외대나 이런쪽 졸업했겠죠 ||| ???:동들동글 왕 감사 대 홍단감사 너무 커서 한번에 (감사를) 다 못받겠죠!!! 감사 ~~~~~ ||| 눈빛이 반짝반짝 빛나는 별같네! 진짜로 깔끔하게 생기셨네!  많이 노력해서 꿈을 이루는 타입! ||| 김정은 장바구니 추가 ||| 정은이가 얘보고난 뒤 설주랑 이혼도장 찍으러 갈 듯...",여행/이벤트
ipy1kfZdN6k,발리여행 브이로그🌴ㅣBALI VLOGㅣ ep.01,rosyme로지미,"지금은 21살 대학생인데요! 3년전 고등학생때 가정폭력이랑 학교폭력으로 지치고 힘들때마다 돌려 봤던 브이로그에요! 가족들과 어렸을때 다같이 행복하게 동남아 여행 갔던 기억이 되살아나서 자꾸 자꾸만 돌려봤었는데..ㅜㅜ 오랜만에 생각나서 다시 들어와봤네요! 좋은 하루 되세요 🌺 ||| Salam persahabatan dari saya 🇮🇩🇮🇩🇮🇩✌✌🥳🥳🥳👍👍🙋‍♂️🙋‍♂️🙋‍♂️ ||| Pengen ke Bali:) ||| 와.. 발리.. 꼭 가야겠네요 완전 🍃힐링😳 ||| 비지엠두 그렇구 영상미까지 래전듀,,,. 대리 랜선여행하구가요 ㅠㅠㅠㅜ ❤",여행/이벤트
KOLACl6JbYU,절대 실패하지 않는 제주도 여행 코스 짜는 방법.,제주도 김씨 표류기,"안녕하세요, 제주도 김씨 표류기입니다😊 여행 코스를 물어보시는 분들이 많이 계셔서 저희 부부가 7년 동안 직접 가보고 느꼈던 사진과 생각들을 모아 제주도 구석구석을 소개해드리는 제주여행 전문 앱을 개발/운영하게 되었어요. 행복한 제주 여행을 꿈꾸는 모든 분들에게 도움이 되었으면 좋겠습니다. 많은 이용 부탁드릴게요 :) 감사합니다. [ Android ] https://bit.ly/2YFf12o [ iOS ] https://apple.co/3mYsKLl [ Website ] https://inblu.kr ||| 이건 솔직히 제주도에서 상줘야한다.. ||| 이 10분짜리 영상보고나면 내가 살고있는 지역보다 제주도 지리가 더 빠삭해짐.... ||| 제주도에서 태어난 저보다 제주도 지역을 아주 편하게 쉽게끔 영상으로 표현 해주셔서 감사합니다  앞으로 자주 영상으로 보겠습니다  앞으로 좋은 영상을 기대합니다 😊 ||| 와 제주도 치고 들어왔는데 댓글을 안달수가 없게 만드네요 고맙습니다",여행/이벤트
xJQGNA7gSO8,아기 포메라니안 분양기,사랑&행복,펫샵 대부분 애기들 분양보낼때까지 안커야 되니까 최소한의 먹이만 제공함 그래서 데려오면 얼마나 배고팠는지 허겁지겁 먹음 ㅠㅠ 근데 예쁜 애들은 다 저런 펫샵이지 모.. ||| 헐..너무 귀엽긴한데 저 안에 갇혀있는 애기들 불쌍하네ㅠㅠ ||| 아공.. 나두 울 애들이 하도 졸라서 강아지에 대해 암꺼도 모를때 샵에서 울 감자 데꼬 왔지만 지금은 샵앞으로 못 지나가요 거기 있는 아가들 넘흐 가여워서 ㅜ ||| 박스가 너무 택배상자 같아서 마음이 아프네요.... 좋은 주민 만난것 같으니깐 다행이에요. ||| 강아지 공장에서 온애들 가두고 키우는거고 저기서 2개월이라고 속이는애들 다 생후 몇주밖에 안된애들임 그것도 최대한 못크게 하려고 밥 쥐꼬리만큼 주고 분양 안된애들 다시 강아지공장 보내고 반복인데 펫샵에서 받은게 뭐가 자랑이라고 올림 본인들 때매 펫샵이랑 강아지 공장이 안없어 지는건데,여행/이벤트
n3OBCi0mlNk,나 홀로 여행 X 11월의 제주 / 제주도 여행 브이로그,코그티비COGTV,Woooo!!🥰🥰🥰🥰🥰❤❤❤❤ ||| 원앙폭포지요~보기만해도 시원해보이고  기분 좋아지네요 영상잘보고가요^^ ||| 올만에 여행 브이로그네요  이뻐요  여행브이로그도 잘어울리는 영상중하나라구생각했는데 ㅋㅋ ||| 아름다운 곳 이거 너무 예쁘다 당신의 시간을 즐길 수 행복하세요 행복하세요 😮😮🥰🥰 ||| Jeju is definitely on my bucket list.  Thanks for sharing really great places to go while visiting.  Have fun and stay safe.,여행/이벤트
cwX-aSQsSoE,감성 한 스푼 국내여행 브이로그 I 전라북도 전주 가볼만한곳 (w/ Lumix G100),이퀄리IKKUALLY,감성넘치는 전주 여행 영상이네요. 잘 보고 갑니다~~!! ||| 저전주5년전에갔는데요 오목대 한옥마을 경기전 전동성당 향교 풍남문갔고요비빔밥콩나물국밥초코파이길거리음식먹었어요 너무좋았어요 ||| 영상미 이퀄리티가 오지네요ㅋㅋㅋ ||| 믿고보는 고퀄리ㅣㅣㅣㅣㅣㅣㅣ 콘텐츠가 아닌 일상을 기록해봐야겠다는 생각이 뿜뿜 ||| 영상과 음악 감성이 멋집니다,여행/이벤트
ktXDLe95hQQ,현정이의 유럽여행 _ 스위스 인터라켄 (Swiss Interlaken),현정 Hyeon Jeong,스위스 요정 같아요😻 ||| 색감 너무 예뻐요!!^^ 혹시 어떤 걸로 찍으셨는지 알 수 있을까요?? ||| 와... 말이 안나온다 ||| 스워스 가는게 버킷리스트인데ㅠㅠ ||| 언제 쇼츠까지 올렸대,여행/이벤트
1gVHtTfTS1w,홍콩여행 브이로그中| 딤섬 맛집 딤딤섬. 익청빌딩(with응커피)우유푸딩. 타이청 에그타르트. 미드레벨. 빅토리아피크에서 본 홍콩 야경🌃,쥐복씨Gbok,"❕2019년 3월에 다녀온 여행입니다❕  안녕하세요. 홍콩 여행 2탄을 가지고 와쓰미다.! 오늘도 대리만족하는 영상이 되길 바랍니다🙏🏻  📍호텔 빅 온 더 하버(https://g.page/hyattcentrichongkong?share) 우연히 발견한 신축 호텔인데 너무 깨끗하고 좋아서 이후 7월 홍콩여행에서 또 머물렀던 곳이에요! 저희는 하버뷰로 선택했어요! 중심 관광지와는 아주 쪼금 떨어져있지만 상관없으시다면 여기도 좋을거같아요💚  📍딤딤섬 완차이지점(https://goo.gl/maps/EAtkQZejW5yj8vCV9) 홍콩하면 딤섬이쥬?!! 맛있다는 얘길 듣고 저희는 숙소와 가까운 지점으로 찾아갔는데 지점이 여러개라 지도보고 정하셔도 될거같아요ㅎㅎ메뉴선정은 메뉴판내에 별표시보고 땡기는걸로 시켰어요. 결장이 있으시다면 시그니쳐 메뉴들중에 고르는걸 추천!! 저는 개인적으로 하가우,새우찹쌀롤,데리야끼가지가 생각나서 홍콩갈때마다 방문할거같아요. 근데 지점차랑 바쁜 시간에는 맛 차이가 있는 점이 좀 아쉬워요ㅠㅠ  📍리퉁에비뉴(https://goo.gl/maps/EdAd8u8CpzZkVm19A) 이 거리는 홍콩 특유의 오래된 느낌이 아닌 신상거리(??) 닉낌입니당. 꼭 가볼 필요는 없지만 저희는 산책겸 들렀어요!  📍오모테산도 커피(https://goo.gl/maps/Zadc72Q53Q3gAPLX6) 홍콩에서도 일본 갬성을 찾았던 저...^^ 그닥 추천하지는 않는 곳이에요. 제가 생각한 계란 샌드위치의 느낌이 아니어서그런지 괜히 갔다 생각했습니다ㅎ!  📍코즈웨이베이(https://goo.gl/maps/koAkKP92i2ZMgk6FA) 여기는 약간 번화가 닉낌?? 그래서 저녁시간엔 사람들로 붐벼요. 이 동네에 타임스퀘어,우유푸딩,소고백화점 등이 몰려있어서 구경&쇼핑할 때 가면 좋을것같아요.  📍이슌밀크컴퍼니(https://goo.gl/maps/CNdkuuzFoo1YqgGU8) 백종원 쓰앵님이 다녀가셔서 유명해진 우유푸딩집! 한국인한테만 유명한게 아니라 다른 관광인들도 많았어요! 생강맛을 드신걸 봤는데 저흰 생강을 안좋아해서 기본으로 시켰는데 음 그냥 한개만 시키는게 나을거같아요ㅎ맛이 없는건 아닌데 우유+연유맛이라 그런지 금방 물리더라구요. 그래서 생강맛을 드신건가봐요...🤔 앗 그리고 합석에 당황하지 마세요😉  📍언더 브릿지 스파이시 크랩(https://goo.gl/maps/4nqGetMFesWLYqPg7) 홍콩이 스파이시크랩으로 유명하더라구요(여행책 피셜..)그래서 유명한곳으로 가봤는데 개인적으론 싱가폴 점보가 훠어어어얼배 나았어요..소스가 묻혀 나오는게 아닌 가루같은게 있어서 굉장히 입에서 걸리적거렸습니다만ㅎ것보다 짜서 못먹어요...  📍익청빌딩&응커피(https://goo.gl/maps/dnRuk2HuMAjshqecA) 여긴 한국인한테만 유명한 줄 알았는데 전세계인에게 유명한곳이더라구요ㅎ 사진 찍으려는사람들이 많다길래 아침 일찍부터 갔어요! 그래도 사람들이 좀 있었지만... 기다려야되서 생각보다 여기서 시간이 좀 걸렸어요. 그때 바로 옆에 있는 응커피에서 커피 마시면서 기다려도 좋을거같아요ㅎㅎ 저는 라떼 먹었는데 커알못인데도 우유거품이 부드러워 잘 마셨어요!  📍미드레벨 에스컬레이터(https://goo.gl/maps/PwdJN56J87NNHbqS8) 한번쯤 가볼만한 메카! 길지만 중간에 내려서 빠질수있어요! 이 근처가 란콰이펑, 타이청 베이커리 등 핫플이랑 가까워서 저녁 시간에 가는것도 좋을거같습니당  📍타이청 베이커리(https://goo.gl/maps/T3oCQn4xdhMLh15AA) 한국인한테 유명한 에타 메카ㅋㅋㅋㅋ저는 개인적으로 로드스토우즈가 더 좋지만 타이청도 나름의 매력이 있었어요. 타르트지는 모래같이 부스러지는 쿠키 식감! 사브레같은 과자를 좋아하는 저에게는 나중에 또 생각나는 맛이었어요ㅎㅎ  📍정두(https://goo.gl/maps/7nF8T9De3v5oxCFk7) 홍콩에도 있는 ifc몰!! 그 안에 위치한 음식점입니당. 미슐랭이라 그런지 웨이팅도 길구요. 2인이면 빨리 들어가는 마법. 그리고 공항가는 길에 위치해있어서 그런가 캐리어 들고있는 분들도 많았어욤. 꼭 가야하는 집은 아닙니다ㅎ 왜냐면 칠리새우는 한국에도 있으니깐요!  📍레이디스마켓=짝퉁시장(https://goo.gl/maps/dv4CRojcwehcRMae9) 영상에선 잘 안나왔지만 그 유명한 짝퉁시장!!!!! 앞뒤옆 다 사람이 있는 관광지에요. 길이 좀 길게 나있어서 어느정도 보고 빠져도 될거같아요ㅎ 진짜 흥정만 잘하면 다른데보다 싸긴 싸더라구요. 저는 마그넷을 샀습니다ㅎㅎㅎ  📍빅토리아피크(https://goo.gl/maps/zFiF7w2on4RUnx2Z9) 트램을 타고 올라가서 보는 야경 전망대에요. 하.....여긴 진짜 조사 많이 하시고 가셔야됩니다...! 저는 여기서 대륙인한테 너무 질렸어요.... 다들 좋은자리 차지해야되서 밀치고 끼어들고 장난아니라서 기분이 상하실수도있어요ㅠㅠ 팁을 드리자면 1.트램티켓은 인터넷구매후 미리 인쇄해서(현장발매 절대 놉...) 2.트램을 탈땐 무조건 오른쪽에 앉기(그래야 올라가면서 야경이 보여요) 이 모든것들은 사람이 정말 많을때만 해당되는거기때문에 사람이 별로 없다면 덜 치열하게 즐기고 오시면 되요! 그리고 날씨가 정말 좋은날에 가세요...!! 저흰 조금 흐린날에 갔는데 야경이 선명하지않아서 아쉬웠어요. 위에 올라가면 바람도 많이 부니 가벼운 외투도 챙기시면 좋구요 ㅎㅎㅎ  오늘도 시청해주셔서 감사합니다💚  🎵Song: Sainntset - Visions Music provided by Vlog No Copyright Music. Creative Commons - Attribution-NoDerivs 3.0 Unported Video Link: https://youtu.be/jSF64clRrJM ||| 그리운 2019,,, ||| 혹시 신축호텔 어디 묵으셨어요? 좋아보여서 담번엔 가보려구요~~~ ||| 에타만 사먹고 싶당 ㅎ ||| 홍콩 분위기 대박이에요 ㅎㅎ 여행 못가서 넘 답답했는데 대리여행 대만족이에요 ㅎㅎㅎ 좋아요 누르고 갑니당 제 채널에도 놀러오세요 :)",여행/이벤트
EwHWecQzNH0,"[국내 여행 브이로그/경북 여행 vlog] 군위 당일치기/군위 여행코스 추천👍/군위 가볼만한 곳(feat. 구미) : 화본역(화본마을), 리틀포레스트 촬영지, 팔공산하늘정원",콩이야 KongTube,"설정 누르셔서 1080p로 시청해주세요 :> 감사합니닷❤ ||| Wooooooooooooooow Excellent cooking I enjoyed watching 🌹🌹🥀🥀🥀🥀🥀🥀 ||| 반갑습니다.저는 집이 구미라 일전에 화본역 가본적있네요_____영상으로보기니 새롭네요.어 구미도 오셨네요.어디 중화요리 맛집인가봐요.쓱쓱맛있게 잘 비비시네요...잘보고 보따리 채워두고 갑니다.또 뵙겠습니다. ||| 리틀포레스트 촬영지가 군위에 있었네요?? 저두 한번 가보고 싶네요. 영행 브이로그 넘 좋아요 ㅎㅎ 앞으로두 기대할께요. 저두 이웃누르고, 좋아요!! 하고 갑니다. 즐거운 하루 보내세요.❤ ||| 리틀포레스트 촬영지 너무 ... 포곤포곤해요 !!!✨ 음식이 얼큰해보이는게 넘나 다 맛나보이구용 자주뵈요 ~😇",여행/이벤트
Ad3O2tkJBDU,유튜버 8명이 다낭여행가서 대저택을 통째로 빌림 ㄷㄷ 마당에 수영장 딸림 [VLOG],빅민 TV,"2025년은 진짜 없겠지 뭐 ||| 2:02 블쨘 주머니에 손 넣고 나오는거 봐 ㅠㅠ 미쳤다구 ||| 여러분 오래사세요~ ||| 0:43 ""목살"" 빵터졌닼ㅋㅋㅋㅋㅋㅋㅋㅋ ||| 3:12 뻔(쁘허)님 손길잌ㅋㅋㅋㅋㅋㅋㅋㅋㅋㅋㅋㅋㅋㅋ",여행/이벤트
lfE5dDm0-_Y,여행브이로그 | 해외여행 1도 안 부러운 프라이빗 숙소 | 선물같은하루 | 서림연가,그림에다 camp grimeda,무주에 이런 곳이 있었군요~ 주말엔 차가 막히니 주중에 예약되면 한번 가봐야겠어요 자꾸지도 있고 아담하니 가족이 하루르 보내기에 좋아보여요~^^👍🏻 ||| 👍👍👍👍👍👍👍👍👍👍👍👍 ||| 올해가 가기전에 ~ 픽 ||| 이런 곳이 또 있었군요☺️ ||| 헛. 무척 평화롭고 따뜻해 보이네요.. 시간내서 한번 들러봐야겠어요.. 좋은 곳 추천해주셔서 고맙습니다~,여행/이벤트
d8GwqZyU8Kk,여행중 만난 유럽 친구들 찾아가기 【유라시아110】,빠니보틀 Pani Bottle,"5년 지났으니 이제 다시 갈 때 됐어요 😢 ||| 나이드신 노인분들은 세상과 인연이 점점 없어지시지. 그런데 지구 반바퀴 너머에 있는 미지의 땅에서온 청년이 10년만에 자기들을 보러와줬으니 얼마나 반가웠겠냐. 저분들은 저일 남은생 동안 꼭 기억해주실거다. ||| 영상에 나오는 프랑크푸르트에서 5년차 공부하는 학생입니다. 제가 사실 유럽에서 공부하게 된 계기가 있어요. 2009년 인터넷 한 사이트에서 자전거로 여행하는 20대 초반의 한 멋진 형의 여행기를 보았고, 그 분의 여행기를 보며 유럽에서 공부하겠다는 꿈을  키웠었죠. 아반떼의 유럽 자전거 막장여행이라는 여행기였습니다. 그리고 한 4주전부터 빠니보틀님을 알게 되었고 정주행 하던 도중 이번편에서 빠니보틀님도 10년전에 유럽에서 여행을 하셨다는 사실을 듣는 순간 어 혹시..? 하는 마음이 들더라고요. 당시 그 분도 여행 스타일이 많이 터프하셨거든요 ㅋㅋ.. 그리고 10년만에 인터넷에 돌아다니는 그 여행기를 다시 펼쳐 보았습니다. 네. 빠니보틀님이 그 아반떼님이시더라고요. 저를 유럽으로 이끌어주신 그 분이요. 깜짝 놀람과 좋은 기분으로 댓글 작성해요. 빠니님이 보실줄은 모르겠지만 여기로 이끌어주신 빠니님께 깊은 감사를 드리고 싶습니다. 코로나 끝나고 다시 한번 아시아에서, 미주에서, 호주에서, 유럽에서, 아프리카에서 봐요. 항상 응원합니다. 10년차 팬 올림. ||| 할머니 할아버지 기다릴때 딸이랑 같이 따뜻한 차랑 와플 가져다주는 이웃도 진짜 따숩 그자체다ㅠㅠ  저 여유가 너무 부러워요",여행/이벤트
-bhqPAdQXns,2020년 결산 : 전업 여행 유튜버 1년차 후기,곽튜브,2020년 곽튜브 채널 봐주셔서 감사하고 덕분에 제 삶에서 최고의 한해를 보낸 것 같습니다. 모두 새해 복 많이 받으시고 2021년도 변함없는 모습으로 찾아뵙겠습니다. 모두 건강하세요! ||| 곽튜브 해피뉴이아ㅏㅏㅏㅏㅏㅏㅏㅏ ||| 2:55 형 진짜 아무거나 막 올리는게 오히려 편안하고 재밌어서 조회수가 더 많은거 같아요 ㅋㅋ 부담갖지 말고 걍 편하게 올려주세요 그게 더 재밌어 ||| 여러부분 공감이 많이 되네요 ㅎㅎ 코로나가 끝나고 언젠가 한번쯤 만나뵙고 이런저런 유뷰브 이야기 해봤으면 좋겠네요 ㅎㅎ ||| 꽉 이번 한해 넘 수고했어요~~거제도로 슬럼프가 극복됐다니 너무 기분이 좋다😇 그리고 30대 축하해👏👏👏 ㅋㅋㅋㅋㅋ21년도에도 흥하자!!!,여행/이벤트
U-xYYYoopEA,타코.. 타코.. 타코!! - 세계여행 멕시코 🇲🇽 [37],뜨랑낄로 Trankilo,아버지가 '걸어서 세계속으로' 보는 이유를 알겠다 ||| 음 ㅡ교회에서 심각한 표정으로 기도하시길래 당연히 여행의 안전을 위해 기도하겠지 했다가 배가 빨리 꺼지기를 ㅋ 뿜었네요 ||| 이번편은 고독한 미식가컨셉 인줄 알았는데 위대한 미식가컨셉 이었군요ㅋㅋ ||| 현지인과 대화를 많이 하셔서 긍정 에너지가 느껴져요 ||| 아 뭐야 찐 타코의날인줄 너무 진지하게 생기셔서 농담 나올 줄 몰랐음 개웃기네ㅋㅋㅋㅋㅋㅋㅋ,여행/이벤트
eo4CnluHr3k,부산토박이가 알려주는 부산 풀코스 여행의 진실,곽튜브,빠니 & 곽은 영혼의 단짝.. 둘이 함께하는 시간이 길어지면서  빠니는 갈수록 곽화되어가고 곽은 갈수록 빠니화 되어가고..  결국 둘의 최종버젼은 ....  돼지감자....ㅋㅋㅋ ||| 1:11 아 이부분  둘다 왜 귀엽지 ㅋㅋㅋㅋㅋㅋ 곽튜브님은 수줍게 주물러주고  빠니님은 뭔가 싫지않은 표정 ㅋㅋㅋㅋㅋㅋ ||| 두분 신혼여행에 함박웃음이 피어나네요...^^ 잘 보고 갑니다.... ||| 둘이 서른이 넘었는데 고등학생들처럼 너무 순수한 관계처럼 보여서 보기 좋은 듯🥹 마음이 편안.. ||| 흠뻑 빠져버렸네? 재한쿤도 어서 봐요  🤣🤣🤣🤣🤣🤣,여행/이벤트
jHGQ-onuJO8,여행유튜버가 알려주는 '스마트폰 촬영 꿀팁' 대공개!,또 떠나는 남자 ddoddunam,"저는 모든 영상촬영과 편집을 2년 동안 직접 몸으로 겪으며 생활형으로 터득한바, 취미수준의 영상 촬영이 필요한 분들을 위해 피부에 와닿는 영상을 만들고 싶어 오늘 컨텐츠를 제작하였습니다.  영상작업을 전문적으로 하시는 저보다 훨씬 뛰어난 분들이 너무너무 많이 계시니, 제대로 영상을 배우고 싶으신 분들은 다른 영상을 참고해주시고 오늘 영상은 입문자/초보자분들을 위한 영상이니 참고 부탁드릴게요🤗 ||| 초보자들 영상이 보기 힘든이유는 너무 빨리 빨리 핸드폰을 돌려서 그래요. 그리고 처음에 촬영할때 3초정도 멈춰서 포커스를 잡아주는 시간을 두는 것도 좋더라구요. 사람의 눈만큼 카메라가 빠르지 않아요. ||| 7. 부끄럽지 않고 당당하게 이게 제일 어려운 것 같아요. 다음주 처음으로 혼자 떠나는 여행의 브이로그 촬영을 앞두고 있는데 상상만 해도 부끄럽고 창피하고 ㅋㅋㅋ ㅠㅠㅠ 카메라 들고 다닐생각만 해도 아찔하네요. 뻔뻔함을 연습해와야겠습니다!ㅋㅋ ||| 영상 몇개 올려도 반응 없다가 소셜부스터로 초반 좋아요만 좀 세팅했더니 그 영상만 이상하게 댓글이 붙었어요 ||| 귀에 쏙쏙 들어 오게 설명 잘 해주시네요. 7. 촬영할 때 뻔뻔해지자. 기억할께요.! 고맙습니다.~^^",여행/이벤트
DZfOSDWTCY0,유럽 여행 중 가방 도둑맞은 후기 【유라시아107】,빠니보틀 Pani Bottle,"고프로 8을 조합하시겠습니까? 재료: 여권, 갤럭시 노트10, 고프로 7, 지갑, 카드,  현금 ||| 이 형에게 배울 수 있는 것 >>  1.여행정보  2.악조건적 상황에서도 여유를 가지는 긍정적 마인드 ||| 진짜 인도 재평가네 호구는 당해도 도난은 안당했잖아 호구는 분량을 만들어주지만 도난은 암 발생확률을 높여줌 ||| 요약 : 고프로가 업그레이드 되었다 .ㅋㅋㅋㅋ 하지만 잃은게 많다 ||| 후기까지 깔끔. 여권을 우편으로 받을 수 있다는 것에 놀랐고 4일만에 재발급에 수령까지 해준 대한민국 공관의 스피드에 또한번 더 놀람. 우크라이나 한국 대사관 일 잘하시네요!!굳!!",여행/이벤트
zqu3djCoOCI,[티비냥] 여자친구의 친구와 셋이서 여행 가기로 했는데 여자친구가 여권을 잃어버리면 두고 간다 VS 같이 간다 | #코미디빅리그,디글 클래식 :Diggle Classic,말빨하면 이상준이지!! 이상준 개그만 모아보고 싶다면?  ☞ [이상준 PLAYLIST] 오지라퍼 & 사망토론 다 모아놓음 https://www.youtube.com/playlist?list=PLvDaoEdHc684Deg4A7Dx2zk_iVBFW8a7l ||| 간만에 다시보는데 진짜 겁나웃기네 ㅋㅋㅋㅋㅋㅋㅋㅋㅋㅋㅋㅋㅋㅋㅋㅋ 평생돌아다닐듯 사망토론영상은 ||| 여자친구분 진짜 미인이시네 ||| 이때 개그코드가 그립다. 지금은 이런개그 절대 못치지 ㅋㅋㅋㅋㅋㅋㅋㅋㅋㅋㅋㅋㅋㅋㅋㅋㅋ 지금봐도 이상준 사망토론은 한편 한편이 매드무비네 ㄷㄷㄷ ||| 12:08 표정 다양하네,여행/이벤트
b9kDDoJW0gg,🔥1년뒤의 배낭여행짐 미리 싸두기,여락이들_,"가방 좌표:   http://bitly.kr/lI4mUB6knV ||| 진짜 저번부터 가방 개탐났는데,,자체제작이라니 ||| 그래쓰언니 배낭 대량생산해주세요.... 1빠로 살 자신 있음 ㅠㅜ 너무 이쁘고 공간도 넉넉하고 제스타일 취적입니다 흑흑 더티언닌 오늘도 너무 이쁘시네용 화장 완전 찰떡!! ||| 상의 몇 개에 그거 소화할 수 있는 바지 하나 챙기는게 제일 꿀인 것 같아요ㅋㅋㅋ 옷이 짐의 80퍼 정도 차지하더라구여... 필요한건 그곳에 다 있다는 명언을 기억하면서!ㅋㅋㅋ ||| 뭔가 여행간다는 느낌을 많이 받고 그 짐 쌀때의 설렘이 좋아서 배낭 싸는 영상 너무 좋음ㅠㅠㅠ 그리고 항상 느끼는거지만 언니들 배낭 . . . . . 개탐남",여행/이벤트
_CYQlxIkXn0,여행 못가게 된 여행유튜버 농촌 생활을 시작 【우리나라1】,빠니보틀 Pani Bottle,"한국이라는 나라, 꼭 여행 해 보고 싶었는데 이렇게 유튜브를 통해 볼 수 있어서 축복입니다. ||| 외국인들이 친화력이 좋았던게 아니였네..ㅋㅋㅋ 이형 자체가 친화력이 좋구나 ㅋㅋㅋㅋ ||| 새와 새총을 같이 사는 그는 빠니코패쓰.. ||| 이번나라는 말이 잘 통하는 나라라 다행이네요. 저도 들리는거같아서 좋네요. ||| 5:51 여행다니며 수많은 바가지에 시달린 그의 습관 현지인에게 가격체크...",여행/이벤트
ebCzn2ceLS4,🇮🇹#162 이탈리아 여행 중 미국인 노부부가 나에게 식비와 현금을 건내 준 사연💰 | 베네치아_유럽일주,여행가 제이 [Jay world traveler],"노부부가 알고계신 그 한국인 친구가 이 영상을 꼭 보시고 연락이 닿았으면 좋겠네요. SNS를 안하신다고 하셔서 연락처를 못받았더니 연락 닿을 길이 없어요ㅠ 미국 번호라도 받을걸 그랬나.. . Instagram@jay_yj_w ||| 젊은 모르는 친구의 용감한 여행을 응원하기 위해 어른으로서 밥값 쏘는 여유 보고배우게됩니다. 댓가 없는 선한 영향력 참 멋진 어르신들입니다.  덕분에 조카랑 여행했던 이곳 다시보게되어 감사합니다🙏🏻 ||| 나도 저렇게 나이들고싶다.. 용기있는 기특한 젊은이들 보면서 기꺼이 밥값을 선뜻 내줄수있는 그런 넉넉함과 부드러움 여유... ||| 노부부 존함이라도 아시면 페북에서 금방 찾을 수 있으실텐데. 여행 하면서 선뜻 밥값내주고 격려 해 주기가 쉽지 않은데 , 보면서 마음이 정말 따뜻해 지네요. ||| 나이먹으면서 이런 따뜻한 장면만보면 눙물이.  노부부께서 건강하셨음 좋겠네요.",여행/이벤트
26G6V0J23DQ,여행유튜버 영업비밀 공개 | 영상편집 맛깔나게 하는 꿀팁 7가지,또 떠나는 남자 ddoddunam,"쿠바 인트로는 진짜 왠지 우리가 일상에서 벗어나 휴식을 취하고 싶은 표현이 너무 잘한거 같아요‼️ 몇 번 돌려봤어요(속닥속닥) 무엇보다 또떠남님 영상을 보면 마음이 평화로워서 너무 좋아요👍🏻👍🏻이 팁을 꼭! 숙지해서 여행가게되면 한번 편집해봐야겠어요ㅎㅎ ||| 형, 오늘 영상 보면서 허~~우 라는 소리를  여러번 낼 정도로 소름이었어요, 항상 영상 보면서 참 공을 많이 들이시는구나 라고 느끼면서 감사해 하면서 봤는데, 역시나! 저 클라이맥스 부분 음악이랑 영상 맞아떨어질 때랑 산토리니 영상 장면 진짜! 닭살 돋았어요ㅎㅎ 제가 매우매우 좋아하는 느낌의 음악이라... 나머지 유기적인 씬 연결도... 우와... 정말 세심한 형의 모습에 다시 한 번 감탄사가! 나중에 클라이맥스 음악이 들어간 여행영상 장면만 모아서 또떠남의 코로나 전 하이라이트 여행 편으로 하나의 영상을 만드셔도 아주 구독자들의 심금을 울릴 수 있는 영상이 될 듯 합니다, 오늘 흥분해서 넘 많이 적었네요 ㅎㅎ 감동 받았어요!!! ||| 세계 3대 영업비밀(KFC 치킨 레시피, 코카콜라 콜라 레시피, 또떠남 편집 레시피(?)) 중 하나가 이렇게 탄로나네요ㅋㅋㅋㅋㅋㅋㅋㅋ (또떠남님의 이렇게나 섬세한 음악 선택에 제가 유튜브 프리미엄으로 갈아탔다는 TMI 전해드립니다.) 고생하시는 건 알고 있었지만, 저런 디테일까지... 저도 한 섬세/ 한 집착하는데 또떠남님은 넘사벽ㅎㄷㄷ (발걸음 속도 늦추는 것 소오름...) 고생해서 만드시는 영상 항상 잘 보고 있슴다~~~ 오래 오래 다양한 유튜브 컨텐츠 올려주세여!! 100만 가즈아 ||| 또떠남님이 영상편집 속성초급반이 있다면 제일 먼저 수강신청할텐데... 설명과 이해를 돕기 위한 익숙한 자료영상까지 깨알같은 팁 최고예요~!! 앞으로도 멋진 영상 기대할게요~^^ ||| 와 다 봤네ㅋㅋ 이렇게 디테일한것들도 신경쓰는지 몰랐네요 많이 배우고 갑니다",여행/이벤트
NxPtNfpZLW0,한국에서 여행 온 강아지 달리를 본 외국인 반응,달려라 달리,이쁜 달리 이제 천사가되어서 아픈곳 없이 훨훨 날아 다니겠구나 많이 고마웠어! 💛 ||| 엄격하고 단정했던 사회인들이 강아지만 보면 한 옥타브 올라간 모국어로 귀여워 하는 게 너무 좋다ㅋㅋㅋㅋㅋㅋㅋ 본연의 얼굴 ||| 남의 집 강아지가 이쁨 받는데 왜 내가 만족스럽지 ㅋㅋ ||| 이렇게나 사랑과 행복을 뿌리고 다녔구나... ||| 이런 영상 보면 왜들 그렇게 사랑하면서 살라고 하는지 알거같다 강아지가 사랑 받는 영상이 뭐라고 이렇게 기분이 좋은지 ㅜ ㅜ,여행/이벤트
9P-C4fOFunc,eng] 여행 유튜버는 '카페'로 바캉스를 간다!!🌳'이천 인디어라운드' 카캉스 영상 일기[Going on a healing trip to a theme cafe in Korea],FOXandBEAR 여우곰채널,멋짐!!  카페.공간이 멋짐이란 단어로 들어와 버렸네요!! 최고의 Vlog입니다! 👍👍👍👍👍👍👍👍👍 ||| 이천 ~핫 ~플레이스~너무 ~멋있어요 ~비밀의문 ~대박~~~^^ 👍비가 와서 ~한가해도 ~역시 ~이번 영상도~👍👏👏👏 ^^ ||| 갈수록 영상미도 좋아지고 구독자도 늘어나고ㅎㅎ 좋네요ㅎ 늘 좋은일들만 가득하길ㅎ글램핑이 대세인 요즘 핫플이 되는 곳이네요ㅎ  행복한 한주되세요ㅎ ||| 함께 캠핑 다녀온 느낌~~ 커피를 함께 마신것 같은 기분^^ 🤗😁🤗😁🤗😁🤗😁 ||| 카페 카캉스 너무예쁘고 아름답습니다 힐링입니다 😊🍀,여행/이벤트
B0VM7GJO50w,독일 여행 알짜배기 기본 정보! [해외여행],방구석TV,"독일여행 한번 가봤는데 좋더라구요 ||| 예전에 호주에서 독일인들을 만난 적이 있는데 영어를 정말 잘하더라고요. 11월 독일여행은 다시한번 생각해봐야 되겠네요 ㅎㅎ  독일의 물가가 한국보다 싸거나 비슷하다니,  당연히 독일이 더 비쌀 줄 알았는데 새로운 사실이네요. 독일에서도 팁문화가 있군요. 알고 가면 좀 더 센스있는 여행객이 될 것 같습니다 ^^ ||| 저의 체감일지는 모르겠지만 우리나라와 물가가 비슷한 나라가 독일과 일본이 아닐까 싶네요. 일본도 우리나라와 생활물가가 비슷한 수준이더군요. ||| 방구석티비님 오랜만이네요! ||| 방하 🙋‍♀️🙋‍♀️ 요즘 뉴스에도 계속 코로나 바이러스 얘기만하는데 걱정이네요",여행/이벤트
lzE5ksZEI6U,스페인 여행에 대한 거의 모든 것,트립콤파니,"이제 스페인으로 떠날 준비가 되셨나요? 이 나라에는 워낙 역사적이고 미학적으로 대단한 것들이 많기에 적절한 가이드가 없으면 그 정수를 제대로 느끼기 아쉬운데요 그런 분들께 좋은 상품들을 추천드립니다.  ✨투어라이브 스페인 BEST 4✨ 🔗 가우디셀프투어 https://shorturl.at/kM4mr 🔗 프라도미술관오디오투어 https://shorturl.at/eEVWC 🔗 알함브라궁전투어 https://shorturl.at/Iasnp 🔗 세비야대성당셀프투어 https://shorturl.at/FHIPJ  단체투어는 싫고, 그냥 다니자니 아쉬운 분들은 투어라이브 가이드와 함께 스페인 각 지역의 매력에 흠뻑 빠져보시길 바라요!  !본 댓글은 투어라이브의 지원을 받아 작성 및 고정되었습니다. ||| 우와 진짜 신기한 영상이네요… 이런 채널이 있다는 것이 정말 너무 경이로워요! 스페인어 공부하다가 문득 스페인 여행 궁금해져서 찾아왔는데… 박수 보내드립니다! 🎉 ||| 겨울에 갔는데 추운 한국과 달리 겨울에도 너무나 따뜻하고 하늘도 파래서 아직도 기억납니다 겨울에도 10도 이상 올라가는 스페인 정말 좋았어요 ||| 스페인 두번가봤는데도 또가고싶어요.갈때마다 분위기도 다르고 갈곳도 많고 가슴이 두근거리는곳...그 기대감과  벅참때문에 13시간이라는 비행시간도 지루한줄모르고...빨리 코로나 종식되었으면 좋겟어요. ||| 저 카나리아 제도에서 온 스페인 사람이에요~~ 이렇게 한국인들이 우리나라에 대한 관심이 많으니까 아주 뿌듯해요^^",여행/이벤트
0Pb2JlufSf0,여행 유튜버 뽑는 서바이벌인데 끼가 왜 이리 많아?!  [#유꿈선 1화] 드디어 공개,여행에미치다,개인적인 하이라이트 모음  2:17 프로 유튜버 더티의 자체 편집점 3:18 하마터면 삼시세끼로 오해할 뻔  4:32 그가 생각보다 어려웠던 이유 = 6:31 6:22 전지현 말고도 그 시대 아이돌이 떠오르는 성대모사  7:23 저는 허진이님을 응원하겠습니다. 9:12 쏘 스윗 호연님 10:43 청춘여락 찐팬의 호응 ||| 우리 멋진 유꿈선 선원들 👍드뎌 공개할 수 있다니 넘 조타 ❤️ ||| 우와 너무 재밌어요👍👍1초도 안놓치고 봤네요 다음화 시급합니다!!!!!!!🤩 ||| 우리 이야긴데  다음화가 이렇게 기다려지다니...🥳 유꿈선 짱짱 여미 짱짱 선원들 짱짱! ||| 0:13 대훈감독님은 우는 것도 청초하시네요^^,여행/이벤트
SthYqX0-t0s,"국내여행 다큐 전북 군산 선유도 그리고 고군산군도 여행 / 대봉전망대, 장자도, 대장도 대장봉, 선유해수욕장, 선유스카이SUN라인 짚라인 / 국내여행지추천, 여행유튜버",킴스트래블 Kim's Travel,"구독과 좋아요 댓글은 다음 영상을 만드는데 큰 힘이 된답니다. ^^  [ 킴스트래블이 추천하는 선유도와 고군산군도 여행코스 ] 1. 선유도 – 신선이 노닐던 섬이라는 뜻을 가진 선유도. 아름다운 선유도 해수욕장(명사십리해변)과 망주봉의 그림 같은 풍경을 만나는 곳입니다. 여름 피서지로도 좋은 곳이라 여름여행지로 추천 드립니다.  2. 대봉전망대 – 일명 하트해변으로 불리는 선유해변의 아름다운 풍경을 한눈에 바라볼 수 있는 전망대입니다. 사람들이 잘 찾지 않는 곳이라 등산로에 거미줄이 좀 많아 불편합니다. 등산시간은 약 30분이 소요됩니다. 3. 선유스카이SUN라인 – 선유도 해수욕장을 하늘을 나르듯 가로지르는 짜릿한 체험. 요금 – 일반 20,000원, 어린이 16,000원  4. 장자도와 장자교 – 선유도와 장자도를 이어주는 인도교인 장자교를 이용하면 5~10분 만에 걸어서 장자도로 이동할 수 있습니다. 산책하듯 바다를 건너는 장자교 산책은 고군산군도 여행의 빼놓을 수 없는 묘미라고 할 수 있는 코스입니다. 5. 대장도와 대장봉 전망대 – 선유도와 고군산군도 여행 중 꼭 빼놓지 말고 들러야할 필수 코스로 전망대에서 바라보는 고군산군도의 풍경이 정말 아름답습니다. 특히 해질 무렵의 일몰이 아름다운 곳인데, 가능하다면 일몰 시간에 맞추어 올라 가 보시는 걸 추천 드립니다.(강력추천) 등산시간은 약 30분이 소요됩니다.  - 영상에 포함된 모든 여행지들은 당일 일정으로 여행하며 촬영되었습니다.  [ 킴스트래블이 추천하는 선유도 맛집 ] 남도밥상 / 전북 군산시 옥도면 선유북길 83 / 1인 8,000원 바지락 칼국수가 시원하고 맛있습니다. 사리 추가 2,000원.  [선유도 내의 이동수단] ATV – 1시간 30분 25,000원 (2인승) 전기스쿠터 – 1시간 30분 15,000원 (2인승) 자전거 – 3시간 1,000원 (시에서 직접 운영) 도보 - 무료  [선유도로 가는 대중교통 이용법] 군산역/시외버스터미널 - 7번, 83번 버스이용 비응항 하차 – 99번 버스 이용 선유도 도착  구독과 좋아요 댓글은 다음 영상을 만드는데 큰 힘이 된답니다. ^^  본영상은 ‘전라북도문화관광재단’으로부터 제작비의 일부를 지원받아 제작된 영상입니다. (여행코스 선정과 내용은 일체의 간섭 없이 킴스트래블이 직접 선정하고 기획하였으며, 일체의 상업적인 광고 내용은 없음을 알려드립니다.)  항상 응원 해 주시고 시청해 주셔서 감사합니다.  곧 다음 여행에서 또 뵙겠습니다. ^^  킴스트래블은 드론사용사업등록, 드론보험, 장치승인을 필하였으며, 모든 비행 촬영 시 지방항공청 및 국방부, 공원관리공단,  문화재촬영 허가 신청 및 촬영 허가 승인 후에 촬영을 진행하고 있습니다.  사용된 음악 정보는 아래와 같습니다. 1. 선유도 – Not Right - CLNGR 2. 대봉전망대 ~ 선유스카이SUN라인 – For Some Time - Daniel Gunnarsson 3. 장자교 ~ 대장봉전망대 - Open Sky - Velvet Moon 4. 대장봉전망대 – I Don't Care - Windshield ||| 8-9년 전에 뭣도 모르고 간 새만금방조제의 이른 아침 드라이브.. 와~ 정말 감탄만이.. 여기가 어딘데 이렇게 좋지 하고 차 세우고 보니 새만금방조제. 그때의 그 감동 다시 느끼고 싶어, 내일 오전근무 후 바로 출발하려고 해요. 이번에 가면서 주인장님이 가셨던 선유도도 구경하고 오겠습니다. 영상 감사합니다. ||| 표정에 행복이 드러나서 더욱 힐링되는 영상이네요 잘보고갑니다bb ||| 안녕하세요  11월  마지막주 월요일도 서서히 마무리가 되네요  2년전 군산의 선유도를 다녀오셨군요 저는 지난주에 서울한강 선유도를 난생처을 다녀왔습니다  이영상을 보니 감회가 또 새롭습니다  좋은영상 잘보고 갑니다  좋은 저녁되세요 ||| 우연히 검색하다가 발견했는데,  이번주에 친구와 둘이서 목포로 여행을 가는데, 지금날씨에 딱 좋은 코스네요!! 좋은 곳 추천 넘 감사합니다^^ 구독 누르고 갑니다!  맑은공기와 좋은 여행 하고 오겠습니다!",여행/이벤트
Qt5MLoj5dZI,🇮🇹#163 기대와는 전혀 다른 혼자 유럽여행의 리얼 현실 | 피사의 사탑 방문기 | 피렌체_유럽일주,여행가 제이 [Jay world traveler],여행을 다녀오면 또 그사람으로 살겠지만 떠나기전과 100%같은 사람은 아니란말을 좋아해요.그중에 혼자하는여행에서 자신감을 되찾고 자립적인사람이되죠.타인의기대보다 나의욕구에 집중하게 되서 더 좋아하는거같아요 ||| 여윽시 대십만유튜버 여행가제이 개꿀잼 ||| 피사사진 빵터짐ㄱㅋㅋㄲㅋ 저도 피사혼자가서 사진못찍었어요ㅠ 기울어진 사탑사진밖에..  그래서 언덕야경이 더 기억남아요 너무×100 이뻤고 내려오는길도 예뻤어요ㅠ ||| 5:42 ㅋㅋㅋㅋㅋㅋㅋㅋㅋㅋㅋㅋㅋㅋㅋㅋㅋㅋㅋㅋㅋㅋㅋㅋㅋㅋㅋㅋㅋㅋㅋㅋㅋㅋㅋㅋㅋㅋㅋㅋㅋㅋ웃음지뢰 ||| 여행 영상을 지금 계속 올리시는게 진짜 신의한수이신거 같아요! 영상 예전부터 계속 보고 있는데 진짜 코로나 샠킈 죽ㅇ고 싶네여 여행 가고싶어요ㅠㅠㅠ영상보니까 더더욱이요ㅜㅜ,여행/이벤트
IusudenuK2U,🇲🇬#144 난이도 극상..! 마다가스카르 여행 리얼 현실 - 칭기 [여행가Jay],여행가 제이 [Jay world traveler],오늘도 좋은 하루 보내세요! 저녁 8시 라이브에서 보아요😙 Instagram@jay_yj_w ||| 세 사람의 우정이 건강해 보이고 유쾌해  보여요. ||| 😆😆😆 와 👍 👍 👍 👍 와 👍 👍 👍  힘든 만큼 오래도록 기억에 남을것 같아요 천진난만한 개구쟁이들 같아요 덕분에 멋진 사진 📷 👍 눈호강 했네요 ||| 유튜브 또 Tv를 통해서 제이 영상 다 봤어요 덕분에 안방에서 세계여행을  잘했네요 코로나 시국에 잼나는 영상 정말 고마워요  젊음 용기  다 부럽네요  건강 잘 챙기고 즐거운 나날 보내세요. ||| 셋이 욀케 귀여움 ㅋㅋㅋㅋ 케미 좋아요👍🏻,여행/이벤트
hR2f56_5Nj8,10분만에 듣는 성경 | 유럽여행 준비 1탄,임성일의 이탈리아,"우리 아들 나이일것 같은데  기본이 든든하고 듬직하고 너무 이쁘고 칭찬하고 싶네요   무슨 일을  해도 다 잘 해낼것 같아요 ||| 와우~ 성경의  전체적인  맥락을 너무나 간결하고 임팩트 있게 설명해  주시네요~ 요즘  랜선으로 좋은 여행 하고 있네요~:) ||| 왠만한 신학자보다 훌륭하십니다. 진정성 진실성 넘 귀하세요. 이 채널 통해 하나님, 예수님이 넘 귀하게 드러나네요. 응원합니다~ ||| 임성일 가이드님👍귀에 쏙쏙 많이 배우고 갑니다. ||| 목소리편하시고 인상좋으시고  잘생긴분.  여행을 좋아하는 동네 아줌마인데요  이분동영상 자꾸  보게. 되네요 감사합니다 꾸벅",여행/이벤트
pGG8O6BNGZI,포르투갈 도시 골목길 여행 (KBS_2014.09.06 방송),KBS 트래블-걸어서 세계속으로,"안녕하세요 여러분:) 오늘은 포르투갈 골목길 여행을 떠나봅니다. 포르투에서 출발해 우리에게 잘 알려지지 않은 알가르브 지역과 미지의 섬, 아소르쉬 제도까지 떠나보는 여행입니다💙 다들 오늘 하루도 고생 많으셨습니다🙏 ||| 너무 좋음 코로나시대 최고의 유툽채널 ||| 닭 구경 시켜주시는 아저씨 에피소드 너무 좋다 ㅎㅎ 진짜 소소하게 여행하는 느낌 들고.. 다들 마음에 여유 있어 보이고.. 🙃 ||| 스페인 여행 가기전 포루투갈 들렀다가 더 반해서 돌아온 나라. 와인 맛있고 역사의 깊이가 느껴졌고 사람들이 참 따뜻했던 기억이... ||| 포루투갈. 참 소박하고 아기자기하고 아름답고 따스한 곳. 2019년 11월에 방문했을 때, 한국인들 많았음. 중국인과 일본인들은 거의 보이지 않았음.",여행/이벤트
PWNE6LM5kSk,🇪🇸#155 계획 없이 유럽여행 시작했다가 빈털터리 될 각.. | 레알마드리드 직관 | 마드리드_유럽일주,여행가 제이 [Jay world traveler],"일주일전에 알고리즘 추천영상으로 떠서 우연히 보기 시작했는데, 퇴근후에 몇시간씩 매일 보고있어여ㅋ 진짜 영상 핵꿀잼이에여ㅋㅋ 고생하시는 인도편을 제일 재밌게 봤지만ㅋㅋ, 나머지편들도 제이님 허당미,짠내미에 더해진 유머코드도 넘 웃겨서 진짜 재밌게 보고 있어여. 올여름 코로나로 하계 휴가 못가는데, 방구석 세계 일주 하게 해주셔서 감사해여 :) ||| 이시국에 여행 유튜브라니....모아뒀다 올린게 신의한수네 ㅎㅎㅎ 아껴본다는 말이 실감이 되네요 ||| 자극적이않고 잔잔하니 너무 잘 보고있어요 반듯한 이미지도 좋구 응원합니다 ||| 이영상보니 정말 좀더젊었을때 자유여행을 해야겠구나 하는 생각이 듭니다. 50넘어서는 도전입니다.집에서  이렇게 편하게 세계여행을 즐깁니다. 제이 님 덕분에 . . . ㅎ",여행/이벤트
bH6Wr7aZ_Pw,트레비 분수⛲에서 소원 빌고 왔어요!ㅣ태리의 유럽여행 브이로그 Vol. 2,태리태리 taeritaeri,1:54 와 .. 너무 평화로워서 잠이 와 🤦🏻‍♀️❤ ||| ㄹㅇ 지금까지 살면서 본 사람중 제일 예쁜 거 같다 ||| 어느 각도든 어느 모습이든 봐도봐도 너무 이뻐 ㅠㅠㅠㅠㅠㅠ ||| 얼굴도 예쁘시고 편집도 예쁘게 잘하시고 진짜 누나 완전 대박입니다!!!ㅠㅠㅠ ||| 해외여행은 별로 생각한적이없는데 스위스는 진짜 와,여행/이벤트
CgUuPly_nuc,이탈리아 여행에 대한 거의 모든 것,트립콤파니,"이제 이탈리아로 떠날 준비가 되셨나요? 유럽 문명의 최고 근본 나라인 이탈리아, 정말 하나하나 너무나 역사적인데요 때문에 적절한 가이드가 없으면 그 정수를 제대로 느끼기 힘들어요 마음먹고 떠나는 여행에서 이탈리아의 겉만 느끼고 온다면 너무나 아쉽겠죠? 그런 분들께 좋은 상품들을 추천드립니다.  ✨투어라이브 이탈리아 BEST 4✨ 🔗 바티칸셀프투어 https://rb.gy/jahlqs 🔗 우피치오디오가이드 https://rb.gy/2zv72i 🔗 콜로세움투어 https://rb.gy/an3lt6 🔗 로마올패스(2인권+50개콘텐츠) https://rb.gy/yjsp0e  단체투어는 싫고, 그냥 다니자니 아쉬운 분들은 투어라이브 가이드와 함께 이탈리아 각 지역의 매력에 흠뻑 빠져보시길 바라요!  !본 댓글은 투어라이브의 지원을 받아 작성 및 고정되었습니다. ||| 로마의 웅장함  피렌체의따스함 베네치아의싱그러움..   너무 그리운곳   다시 꼭 가볼꺼에요~  유익한영상 감사합니다^^ ||| 어제 걸어서 세계속으로 시칠리아 편 방송을 보았는데 어떤 알고리즘에서인지 이 동영상이 추천되네요! 이탈리아 역사를 쭉 훑어주시니 혼자 갔었던 시칠리아 또 가고 싶네요! :) 잘 보았습니다!! ||| 정보와 지식이 풍부하여  많은 도움이 됩니다.  코로나가 끝나면 해외 여행이 쏟아질텐데 이딸리아를 빼놓을수 없네요. 감사합니다. ||| 딱 이런식으로 우리나라도 한 번 소개해주면 좋겠다 싶습니다~",여행/이벤트
TnI7F4dlhRY,"국내여행 다큐 사천 남해 여행 / 무지개길, 사천바다케이블카, 실안낙조, 다랭이마을, 금산 보리암, 독일마을, 죽방렴 / 국내여행지추천, 여행유튜버",킴스트래블 Kim's Travel,"● 여행 메모 [ 킴스트래블이 추천하는 사천, 남해 여행코스 ] 1. 사천 무지개길, 부잔교 갯벌탐방로 – 빨주노초파남보 예쁜 무지개색 방호벽이 길게 이어진 해안도로 무지개 길은 갯벌을 끼고 달리는 근사한 드라이브 코스랍니다. 길을 달리다 근사한 풍경을 만나면 차를 세우고 예쁜 사진을 찍어 보세요. 이 도로를 달리다 만나는 부잔교 갯벌탐방로는 갯벌 위를 산책하듯 거닐 수 있답니다. 내비게이션 주소는 ‘경상남도 사천시 용현면 금문리 367-7’로 검색하시면 가실 수 있고, 무료 주차장과 무료 갯벌체험 및 무료 세면장, 화장실이 있어요. 갯벌 체험을 원하시는 분은 호미, 장화 등등 챙겨 가시고 물 빠지는 시간대에 찾아가세요. 주로 게와 조개를 잡을 수 있답니다.  2. 사천바다케이블카 – 한려해산국립공원과 창선삼천포대교가 어우러진 아름다운 풍경을 만나는 곳이랍니다. 대인기준 1인 왕복 요금 일반 15,000원, 바닥이 투명한 크리스탈캐빈 20,000원 인데 조금 비싼 감이 있지만, 각산 전망대에 올라 내려다보는 풍경에 비하면 아깝지 않으실 겁니다. 솔직히 일반 타셔도 될 것 같아요. (관계자분이 보시면 노여워 하실라나? 죄송합니데이~ ^^)  3. 사천 실안낙조 – 아름다운 낙조를 볼 수 있는 곳인데, 제가 찾은 날은 구름에 해가 가려버렸네요. 적당한 구름과 일몰을 만나면 정말 환상적이랍니다. 실안해안도로 어디서도 아름다운 낙조를 볼 수 있지만, 영상에 나온 장소는 ‘씨맨스 카페’라는 곳입니다. 주소는 ‘경남 사천시 해안관광로 375‘입니다.  4. 남해 다랭이마을 – 바다와 어우러진 계단식 논이 있는 국내 유일의 경관 여행지랍니다. 여기 가시면 꼭 해변 아래까지 내려가셔야 해요. 해식 절벽의 풍경과 바람과 파도를 만나는 곳이거든요.     5. 남해 금산과 보리암 – 한려해상국립공원에 속한 지역으로 차로 산 능선까지 쉽게 오를 수 있고, 10~20분 정도만 걸어 오르면 보리암과 금산 정상까지 오를 수 있답니다. 바다와 인접한 금산의 아름다운 절경과 우리나라 4대 관음기도처 보리암을 만나는 곳이죠!! 영상에서 설명드린 것처럼 쌍홍문도 꼭 다녀오시고요. 보리암에서 조금 더 걸어 들어가면 우리나라에서 가장 뷰가 좋은 컵라면 성지 금산산장이 있어요. 근데 사실 금산산장은 뷰 좋은 테이블이 몇 개 없어서 주말에는 줄서서 기다려야하는 점 미리 참고하셔야 할 것 같습니다. 보리암을 차로 가시려면 꼭 첫 코스로 잡으시고, 일찍 가셔야 상부 주차장으로 차를 가지고 올라가실 수가 있어요. 늦게 가시면 하단 주차장인 복곡주차장에서 차로 줄을 서서 기다리다가 한 대가 내려오면 한 대가 올라가는 방식으로 오르시거나, 자차에서 내려서 셔틀버스를 타셔야 합니다. 요즘 거리 두기로 인해 자차로 올라가시는 것이 안전하니, 꼭 일찍 가셔서 줄 없이 자차로 진입하시기 바랍니다.  6. 보물섬 전망대 – 1인 3,000원이라는 저렴한 요금으로 스카이워크를 즐길 수 있는데, 제가 찾은 날은 코로나로 운영 중단이었어요. 기회 되면 꼭 체험해보세요.  7. 독일마을 – 한국 속의 작은 독일이라 불리는 남해 독일마을은 국가가 어려웠던 1960년대 간호사나 광부 등으로 독일로 파견되었던 교포들이 고국으로 돌아와 정착을 하게 된 마을이랍니다. 독일의 문화와 예술을 경험할 수 있는 특별한 곳이기도 하죠.  8. 물건리 방조어부림 – 300년 전에 조성된 물고기를 부르는 아름다운 숲. 독일마을에서 아주 가까워요. 기대보다는 웅장하고 멋진 숲은 아닐지 몰라도. 남해에 있는 해안 숲 가운데 가장 울창하고 아름다운 숲으로 해안선을 따라 이어지는 약 700여 미터의 숲길을 만나고, 작고 아담한 해변과 항구 그리고 등대를 만날 수 있는 곳이기도 합니다. 해질 무렵의 해변과 등대 그리고 숲이 어우러진 풍경이 참 낭만적이었어요. 영상이 촬영된 시간도 해 질 무렵이었어요.  9. 지족해협 죽방렴 – 명품 죽방렴 멸치가 나는 곳으로 수백 년을 이어온 우리 전통 어업방식을 관람할 수 있는 죽방렴 관람대가 설치되어 있는데, 이 관람대 주소는 ‘경상남도 남해군 삼동면 금송리 1412-27’ 이랍니다. 바로 근처에 멸치요리 전문 식당들이 있으니 꼭 드셔보시고 오세요.  [ 킴스트래블이 추천하는 사천, 남해 여행맛집 ] ▶사천 1. 삼다도전복죽, 우도 전복죽 – 사천 전복 요리의 양대산맥으로 불리는 두 집입니다. 전복죽과 전복물회가 유명한데, 전복죽은 삼다도, 전복물회는 우도라는 평이 많이 있습니다. 삼다도전복죽 055-833-1566 / 죽 16,000원 물회 18,000원 우도전복죽 055-832-8036 / 죽 15,000원, 물회 18,000원  2. 하주옥 055-853-9005 – 진주식 육전냉면의 명가로 진주보다 더 맛있기로 소문난 집입니다. 줄 서는 맛집이랍니다. 참고로 제 개인적인 입맛으로는 진주식냉면은 물비빔이 가장 맛있더라고요. / 물비빔 9,500원, 물 9,000원, 비빔 9,500원, 소고기 육전 20,000원  3. 앞들식당 본점 055-852-3967 - 여기는 본점과 2호점이 있는데, 저는 본점 밖에 안 가봤어요. 낙지볶음과 재첩국으로 유명한 현지인 맛집인데요. 저는 낙지볶음 정식만 먹어 봤습니다. 낙지볶음 정식을 시키면 재첩국도 같이 나오거든요. 근데 참고로 낙지볶음정식에 나오는 재첩국은 재첩 없는 국물만 나옵니다. 낙지볶음 맛있고요. 재첩국 정말 시원합니다. 낙지볶음정식 반찬 중에 갓 만들어내는 계란말이와 갓구워 나오는 고등어 구이가 나오는데, 대박인건 낙지볶음을 제외한 계란말이, 고등어구이, 재첩국이 무한리필입니다. 이게 재료비만 해도 몇  천원은 하지 싶은데 말이죠. 암튼 그래서 감동받았던 맛집인데, 또 말이 길어졌네요. / 재첩국정식 8,000원, 낙지볶음정식 15,000원  ▶남해 1. 우리식당 055-867-0074 / 남해 가면 꼭 드셔보셔야 할 음식이 멸치쌈밥이죠. 남해 지족리의 죽방렴 멸치 전문점입니다. 멸치회는 아직 못 먹어 봤고, 멸치쌈밥만 먹어봤습니다. 우거지가 듬뿍 들어 멸치와 같이 쌈 싸먹으면 정말 맛있어요. 그 풍미가 일품이랍니다. / 멸치쌈밥 10,000원, 멸치회무침 소 20,000원  2. 부산횟집 055-862-1709 / 남해 물회 성지 맛집입니다. 면사리를 비벼 먹는 그 맛이 정말 예술입니다. 브레이크 타임 있으니 유의하시고요. / 물회 15,000원 사리 1,000원  여행메모 글 값은 구독과 좋아요 그리고 후기 댓글로 받겠습니다. ^^  본영상은 경상남도로부터 제작비를 지원받아 제작되었답니다. (경상남도에서는 영상 제작에 필요한 제작비만 지원해 주셨고, 영상 제작에 관한 일체의 간섭이 없이 여행코스 기획과 내용 일정은 모두 킴스트래블이 자유롭게 직접 정하고 진행하였으며 일체의 상업적인 광고 내용은 없음을 알려드립니다.) 국가기관 및 지자체 관련 캠페인 영상은 표시광고법에 해당하지 않아 유료광고 표기를 하지 않아도 되지만, 혹시나 하는 마음에 그냥 유료광고포함 표기를 일괄 해둔 것이니 양해 바랍니다.  항상 응원해 주시고 시청해 주셔서 감사합니다.  곧 다음 여행에서 또 뵙겠습니다. ^^  킴스트래블은 드론사용사업등록, 드론보험, 장치승인을 필하였으며, 모든 비행 촬영 시 지방항공청 및 국방부, 공원관리공단, 문화재 촬영 허가 신청 및 촬영 허가 승인 후에 촬영을 진행하고 있습니다.  사용된 음악 정보는 아래와 같습니다. (모든 음악은 저작 사용료를 내고 사용하고 있습니다만, 한국 음악은 저작 사용료가 비싸서 사용하지 못하고 비교적 사용료가 저렴한 외국 곡을 사용하고 있는 점 양해 바랍니다. 국내 음원 합법적 이용 가능한 저작 사용권 주시면 언제든 환영하겠습니다.) 1. 무지개길~사천바다케이블카 Save This Night - Roots and Recognition 2. 실안낙조 Dulcet - Leimoti 3. 다랭이마을 Now I'm All Yours - spring gang 4. 금산 보리암 ~ 보물섬 전망대 I Wish You Were Mine - Loving Caliber 5. 독일마을 ~ 지족해협 죽방렴 The One Who Saves Me - Loving Caliber ||| 이번 휴가때 통영.사천.남해로 다녀왔답니다~ 킴스님 여행 코스에 도움 받아서 ~~ 즐거운 코스였어요^^  세세한 여행 길잡이가 되어 주셔서 감사합니다~~ 응원합니다~~ ||| 태어나고 자란곳인데 항상 있을때는 몰랐는데 이렇게 영상으로 보니깐 아름답네요 ||| 낼 남해여행일정이 있어 도움받아갑니다 감사해요 영상멋짐요^^ ||| 매번 다니는데도 새롭네요 영상 좋습니다",여행/이벤트
kh6VsMyLw_g,인기폭발🔥 사우디아라비아에서 한국인은 연예인!?ㅣ여행유튜버 초마드,초마드 CHOMAD,예상치 못하게 사우디아라비아 여행중 한국인이라는 이유로 엄청난 인기를 얻고 있어요😂 애국심 뿜뿜하는 나날을 보내고 있습니다:-)  ممنوع الخروج من المنازل بعد الساعه 3 عصراً في الرياض - السعوديه  لنتغلب على الكورونا معاً..! احبك يا السعوديه 🇸🇦 ♥ ||| 아니 근데 웃기다ㅋㅋㅋㅋ 미용실에 아무것도 안하고 수다떨러가는게ㅋㅋㅋ 친화력 좋으시네요 ||| 일단 외모가 순하고 잘생겨서 첫인상이 좋음. 목소리도 차분하고 성격도 좋음. 아랍어도 잘하고 문화도 잘 알고 있음. 이러고도 인기가 없으면 그게 이상한거지. ||| 한국인이라서가 아니라 잘생겨서 인기폭발인거예요 ㅋㅋ ||| 빠니형 갔을때 반응과 너무 극과극ㅋㅋㅋ,여행/이벤트
0hKvmpEvo0U,이탈리아 시내운전 | ZTL피하기 | 유럽 자동차 여행,임성일의 이탈리아,잘봤습니다♡저두 코로나 끝나면 바로 뵙겟습니다♡이탈리아로 고고 할겁니다♡ ||| 덕분에 드라이브 잘 했습니다. 유용한 정보 감사합니다~ 즐거운 날 되세요! ||| 감사합니다   짱입니다 ||| 감사해요😊 ||| 영상 퀄이 참 좋아요 !! 군더더기 없는 영상과 깔끔한 설명 ... 곧 이탈리아 채널중에 최고가 되실거 같아요 ㅋㅋ 제스탈!!!!,여행/이벤트
ZuCFmTU6WdA,🏠#3 이시국에 유럽여행 갑니다. 여행유튜버니까요.,소풍족,"제목보고 매장되실까봐 말리러 허겁지겁 들어왔습니다....... ||| 편집, 기획 능력 모두 도라방스 재밌따 진짜 ||| 아니 요런 살짝살짝 쉬어가는 콘텐츠들도 재미있으면 어떡해요ㅠㅜㅜㅜㅠㅜ 2021년에도 사랑할 수밖에 없는 소풍족!! ||| 이렇게 빡센 코스여행 첨봐 ||| 정말 상상도 못할 컨텐츠ㅋㅋㅋㅋ 역시 아이디어가 쵝오👍 소싯적 연기 재능까지 영상에 녹여주셨네요ㅋㅋ 신박한(?)여행 재밌게 봤어용😆",여행/이벤트
zvHZWLAMhUw,세계여행 유튜버 채코제가 알려주는 장기 여행 중 운동 법!,채코제 Channel Korean Jay,"하ㅠ...   아로미언니 고마워 덕분에..  힐링한다 ||| 이제 썸넬의 용도를 아셨군요..😏 기대한 팬들을 끌어모으는.. 영상에는 없네요ㅜㅜ ||| 여행하면서 운동하는게 정말 쉽지 않습니다. 정말로 어마어마한 의지가 있어야만 가능한 일.. 채코제님 리스펙ㄷㄷ ||| 요즘 헬스장도 못가는데 알려주셔서 감사해요 ㅠㅠㅠ 따라해봅니다 다른 운동영상보다 운동 잘 모르는 저도 알아듣기 쉽게 알려주시네요 운동 영상도 많이 올려주세요 !!!!!! ||| 마스크 꼭 써야했나봐요 숨쉬기가 얼마나 힘들었을까…, 늘 응원합니다  채코제님 영상 1회부터 보고싶은데 구글에 들어가서  채코제님 유튜브 동영상 1회 했더니 이동영상이 나오데요 일주일 동안 계속 봤는데 이미 본 동영상만 계속 올라와서도 지난것 1회 부터 보고싶은데 열심히 운동도 알려지시고 정말 감사합니다  열심히 사는 모습 정말 보기좋아요 늘 응원합니다!,",여행/이벤트
y4ObYEBA1iU,파리여행 전 알고와야 할 모든것 총정리 [꿀팁],꽃보다 파리Flower Paris,"소매치기때문에 최대한 앞으로 메는 가방 추천드려요 그리고 웬만하면 핸드폰 스트랩줄 저렴한거 사서 가는것도 추천드립니다 그리고 파리 교통은 트레블월렛으로 안되어요! 나비고 꼭 써야됩니다 유럽은 석회가 심하니 석회수 샴푸 챙기는거 추천드려요  웬만한 호텔이나 에어비앤비에서 샤워기 필터 못쓰게하고 고장이 잘 난다 하더라구요! ||| 수많은 정보 중에서 파리 여행의 핵심을 간결하게 정리해주셨네요. 여행 계획 있으신 분들 꼭 참고하셔서 시간 낭비없이 알찬 시간 보내시면 좋겠습니다. 참고로 저는 댓글 알바는 절대 아니고, 몇년 전 파리에 잠시 거주했던 사람이라 완전히 있는 그대로 현장감 있게 와 닿아서 다시 여행을 준비하는 듯 설레고 좋습니다. 감사합니다.^^ ||| 꿀팁 감사해영~ :D 목소리 넘 좋아요 ||| 뮤지엄 패스 루브르 오르세이 일요일 무료입장 5. 파리는 맛집이 많다 서치해서 맛난 로컬식당 추천! 점심메뉴가 맛있다 파리지앙처럼 바게트 먹어보기 특히 마레지구쪽 많음 6. 쇼핑 라발레 아울렛 구찌.프라다 60% 할잉 받기 라파이에트 루프 파리 한눈에 담기 여름과 겨울에 대대적 세일을 함 쇼핑함 금액 175유로 넘으면 택스프리 12%받을 수 있음 7.ㅇ0트르타 옹졸푀르 멍셰미셀 야경까지 보고오기 해질때 타서 야경보기~  8.파리에서 1시간정도 ||| 와 목소리...❤️ 영상에 자막이 함께 있으니 더 좋네요!",여행/이벤트
-Vq-W5X0_0c,1🇬🇧이시국엔 랜선 여행이 제맛..........미공개 유럽 브이로그 시작,곽토리 kwak tori,"방가방가 #곽토리 에요🐹💖 사뭇 새로운 느낌의 3년 전의 톨렬과 떠나는 랜선 여행!  외장하드에서 발굴한 #유럽여행 #브이로그 를 개장합니다🙌🏻🇬🇧🇫🇷🇪🇸 올해는 꼭 가겠다 했던 유럽여행은 이것으로 대체 해봅니다요🤧 아마도 긴 시리즈가 될 듯👻 뷰티 영상과 요즘 영상 사이사이에 올께용🙌🏻 ⭐️INSTAGRAM 인스타그램 : http://instagram.com/KWAKTORI ||| 우왕 추억이여....시간을 돌릴수잇다면...크.. ||| 커엽... ||| 마스크 안쓰고 돌아다니는거 보기만 해도 시원하다,..ㅠㅠ 코로나 전으로 돌아가고 싶어요ㅠㅠ ||| 0:03 아 토리님이랑 려리님 목소리 온도차 너무 뻘하게 웃겨요 ㅋㅋㅋㅋㅋㅋㅋㅋㅋㅋㅋㅋㅋㅋㅋㅋㅋ 려리님 넘 피곤하신 목소리 ㅋㅋㅋㅋㅋㅋㅋㅋㅋㅋㅋㅋㅋㅋㅋㅋㅋㅋ",여행/이벤트
XDg_ElOZcro,"[장어편] 어디까지 먹어봤니🤷🏻‍♀️ 고창 여행 먹방브이로그(짬뽕 짜장 곱창떡볶이,간장게장, 백합정식, 선운산 등산, 짬짜면, 찐빵, 수박) MUKBANG VLOG",우니의끼니 UNIII,"⏳타임라인 01:20 짜장면 짬뽕 - 성송반점 04:40 청보리밭  07:26 고창 읍성 08:29 곱창떡볶이 - 풍년당  10:41 첫째날 펜션 - 선운하늘채펜션  12:25 장어 - 맹구수산  18:35 간장게장 - 우정회관  22:00 선운산 등산 25:06 백합정식 - 다은회관  29:58 장어탕 장어구이 - 연기식당  34:11 수박 (둘째날 펜션- 쉐르펜션)  37:02 짬짜면 - 나래궁  40:26 찐빵 -효도찐빵 43:12 고인돌 ||| 21:07  ??: 하라버지~! 하라버지 : 어이!  이거 왜케 웃겨요 ㅠㅠ ㅋㅋㅋㅋㅋㅋㅋㅋㅋㅋ ||| 언니! 혹시 다른 구독자분들이 모르고 수박을 골라살까봐 염려되는 마음에 남겨요. 모자이크는 수박씨가 만들어지면서 생성된 ""태좌""라는 정식호칭이 잇는데요, 흔히 알고잇는 모자이크병은 색깔과 냄새로 구분하는 것이 더욱 정확도가 높다고해요! 작년부터 모자이크병에 관한 구설수가 많아서 농가에서 많이 힘들어 한다고 하니 모두 정확한 정보를 아는 것이 좋을 것 같아 언급합니다!:) ||| 우니언니 돌잡이때 내 목요일 잡았다.. ||| 우니님 말투를 신랑한테 쓰기시작햇는데ㅠ사이가 좋아졌어요 너무 감사해요ㅠㅠ♥",여행/이벤트
JDv9P6TEfi4,울산에서 버스로 포르투갈 간다고? 빼빼가족 유라시아 여행기 [다큐공감] KBS 130903 방송,KBS 트래블-걸어서 세계속으로,"빼빼가족 아버지 최동익입니다.  구독자 10만이 넘는 KBS 여행 채널에 저희 이야기가  생각지도 못한 공감을 받고 있습니다. 감사합니다. 저희 가족의 무모한 여정에 많은 분들이 공감해 주시고 좋은 댓글 달아 주시어 감사합니다.  힘든 시기에, 저희 이야기가 시청자분들께 조금이나마 힐링이 되었으면 하는 바람입니다.  이른 아침에 우연히 저희 가족 이야기를 다시 보며, 여행에서 마주한 어려움은 가족과 함께 감내할 수 있었던 크기지만 여행이 끝난 후 가족 모두의 가슴에 남아있는 감동은 예상하지 못한 크기였습니다.  사회적으로 어려운 시절이지만 여행 영상 보시며 소풍 같은 나날… 설레이는 나날 되시길 기원합니다. 감사합니다. ||| 옆집 청년 ㅎㅎㅎㅎㅎ 같이 간다고 할수 있는 용기 같이 데리고 갈수 있는 관대함 ||| 40대인데 90년초 미국파견나간 부모님이랑 북미대륙일주했던 초등학생때의 기억이 아직도 인생최고의 장면으로 남아있습니다. 그때의아버지 어머니 돌아가며 운전하시고 요즘처럼 네비도없어서 지도를 보며 캠핑카타고 다니던 기억.. 지금 노인이된 부모님의 모습을 보며, 부모님의 가장 젊은 시절을 기억하고있음에 감사합니다.. 세월 참 빠릅니다.. 가족과 행복하길 ||| 빼빼가족 영상을 군생활 중에 보고 감명이 깊어 전역 후 유럽 1,000km 횡단 했습니다.  프랑스에서 유로카를 빌려 2달간 유럽을 돌았는데 정말 쉽지 않았습니다.  다시보니 유라시아 횡단은 정말 대단하다고 느껴지네요 ||| 엄마가 긍정적이라 가능함 아빠가 젤루 수고가많음 다들 불평없이 함께하니 가능",여행/이벤트
4TQlf_7oy6Q,"국내여행 다큐 전남 순천 여행 / 순천만 습지, 선암사, 송광사, 낙안읍성, 화포해변, 용산 전망대, 와온 해변 / 국내여행지추천, 여행유튜버, 국내여행지 추천, 순천 여행코스",킴스트래블 Kim's Travel,"구독과 좋아요 댓글은 다음 영상을 만드는데 큰 힘이 된답니다. ^^  ● 여행 메모 [ 킴스트래블이 추천하는 순천 여행코스 ] 1. 화포 해변 / 촬영 포인트 주소 - 전라남도 순천시 별량면 학산리 751-4 – 순천만에서 아름다운 일출을 만날 수 있는 곳. 알려드린 주소 찍고 가시면 영상에 나오는 부잔교가 있습니다. 만조 때에는 물위로, 간조 때에는 갯벌위로 놓이는 부잔교 일출은 만조 때 가시면 더 아름다운 황금빛으로 빛나는 반영을 볼 수 있습니다.     2. 선암사 와 굴목이재 / 주차장 주소 - 전라남도 순천시 승주읍 죽학리 754-1 - 봄에는 꽃이 피고, 여름에는 신록, 가을에는 단풍이, 겨울에는 설경이 아름다운 사찰 선암사는 무지개다리 승선교, 깐뒤, 하마비, 등등 명물이 된 볼거리가 많은 곳이랍니다. 특히 정호승 시인의 ‘선암사’라는 시를 읽어 보시고 찾으면 그 감동이 배가 됩니다. 그리고 조계산 굴목이재는 산중에 만나는 보리밥집이 유명한 곳인데, 이 보리밥집 찾아가는 길이 너무 예쁘고, 중간에 만나는 편백나무 숲이 정말 아름답습니다. 선암사에서 보리밥집까지 편도 산길로 1시간~1시간 30분 소요됩니다. 예전에는 보리밥집이 몇 곳 있었는데, 지금은 한집만 장사를 하는 것 같습니다.   선암사 - 정호승  눈물이 나면 기차를 타고 선암사로 가라 선암사 해우소로 가서 실컷 울어라 해우소에 쭈그리고 앉아 울고 있으면 죽은 소나무 뿌리가 기어다니고 목어가 푸른 하늘을 날아다닌다 풀잎들이 손수건을 꺼내 눈물을 닦아주고 새들이 가슴 속으로 날아와 종소리를 울린다 눈물이 나면 걸어서라도 선암사로 가라 선암사 해우소 앞 등 굽은 소나무에 기대어 통곡하라  3. 송광사 / 주차장 주소 - 전라남도 순천시 송광면 신평리 132-2 – 우리나라 삼보사찰 중 승보사찰로 유명한 사찰입니다. 아주 지극히 제 개인적으로는 우화각이 너무 좋아 근처 가면 꼭 들리는 곳인데요. 다리 위로 놓인 누각 옆쪽으로 앉는 자리가 놓여있는데, 여 앉아 있으며 바람이 불고, 개울 흐르는 소리와 새소리, 정말 힐링 되는 명당입니다. 책 한 권 가져가셔서 앉아 읽어 보시는 거 강추합니다. 시집이면 딱 좋겠네요. 단, 추운 겨울은 비추천입니다. ^^     4. 낙안읍성 / 주차장 주소 – 전라남도 순천시 낙안면 평촌리 1-7 - 우리나라에서 가장 보존이 잘 된 읍성 마을을 만날 수 있습니다. 마치 조선시대로 시간 여행을 하는 기분을 느낄 수 있는 곳이랍니다. 이 마을은 전시용 민속촌이 아닌 실제 주민들이 살고 있는 민속마을이라는 게 특징이랍니다. 성곽길을 따라 걷다 보면, 영상에 나오는 전망이 탁 트인 공간이 나오는데, 여기가 사진 포인트랍니다. ^^        5. 순천만 갈대 산책로(순천만 습지) / 주차장 주소 – 전라남도 순천시 대대동 161-8 가을 겨울 기준 한 낮보다는 오전 10시 전후, 오후 3시 전후로 가면 빛의 각도 때문에 황금빛 갈대숲을 만날 수 있습니다. 바람 부는 날 가시면 정말 아름다운 갈대 소리를 들을 수 있어요. 쏴~ 하는 그 소리 정말 감동이랍니다. 영상에 그 소리 녹음해서 삽입하였습니다. 잘 들어 보시면 들려요 ^^ 근데, 여기 입장료가 너무 비싸요 ㅠ.ㅠ 좀 내려 주세요 ㅎㅎ 그리고 11월부터 겨울철까지 여기 가시면 정말 많은 철새들을 만날 수 있어요. 특히 희귀종인 흑두루미도 만날 수 있답니다. 그리고 여기서 만나는 오리군무는 정말 황홀합니다. 겨울철 오리군무 절대 놓치지 마세요.   6. 용산 전망대 / 5번 코스 순천만 습지를 통해서 올라가는 게 공식적인 탐방로이고요. 일명 지름길이 있기는 한데, 공식적인 루트가 아니라 언급해 드리지는 않겠습니다. 1년 전에 올려드린 순천만 토크 영상 고정 댓글로 안내한 적이 있으니 참고 부탁드립니다.  - 정말 아름다운 순천만의 제1경 순천만 S자 물길을 만날 수 있는 곳입니다. 여기는 꼭 가셔야 해요. 단 물때를 보고 가셔야 합니다. 네이버에 ‘순천만 물때’라고 검색하시면 물때표 쉽게 보실 수 있는데요. 간조 시간 1~2시간 전후로 가셔야지만 S자 물길을 만날 수 있습니다. 시간 잘못 맞추면 뭉그러진 물길을 만나게 됩니다. 여기는 일물도 아주 유명한데, 물때와 일몰이 딱 맞는 날은 한 달에 몇 번 없으니 꼭 참고하시고 물때표 꼭 확인!!  7. 와온해변 –  순천만에서 가장 아름다운 노을을 만날 수 있는 곳입니다. 용상 전망대에서 일몰을 보시고 난 후 바로 이곳으로 이동하시면 두 마리 토끼를 다 잡을 수 있답니다. 갯벌 위로 비치는 노을이 정말 아름답습니다. 단, 여기도 간조 때 가셔야 아름답습니다. ^^   그 외 순천 드라마 세트장, 순천만 국가정원 등이 있으나 킴스트래블이 자연 및 문화재 위주로 찾아다니고 소개해 드리다 보니 이번 영상에는 소개해 드리지는 못했습니다.     [ 킴스트래블이 추천하는 순천 여행맛집 ] 예전에는 순천 여기저기 맛집들을 많이 기웃거렸는데, 최신 정보가 아니라 맛을 그대로 유지하고 있을지 알 수가 없어 최근에 가본 국밥집만 소개해 드릴게요.  순천은 국밥이 아주 유명한 고장이랍니다. 웃장 국밥과 아랫장 국밥으로 나뉘는데, 아랫장은 건봉국밥이 웃장은 제일식당이 각각 원탑 격인데, 저는 갓성비로 웃장 국밥 손들어드리고 싶습니다. 7000원짜리 국밥 두 그릇 이상 시키면 수육이 서비스라니~ 전국 최고의 가성비를 자랑하는 웃장 국밥집들. 그중 제가 자주 가는 집은 제일식당이라는 곳입니다. 여기 김치도 너무 맛있고, 콩나물 들어간 국밥이 너무 맛있고, 서비스 수욕은 살살 녹아요~~!! 여기 알고부터는 순천 가면 다른 음식 안 먹고 국밥만 먹다 보니, 다른 맛집들 최신 정보 업데이트가 안될 정도입니다. 아~ 그리고 건봉국밥도 유명하고 인기 있는 집인데, 막창 국밥 특이하고 맛있었던 기억이 있습니다. ^^  제일식당 / 전남 순천시 북문길 40 / 061-753-4655  건봉국밥 / 전남 순천시 장평로 65 / 061-752-0900   여행메모 글 값은 구독과 좋아요 그리고 후기 댓글로 받겠습니다. ^^  본영상은 순천시로부터 제작비를 지원받아 제작되었답니다. (순천시에서는 영상 제작에 필요한 제작비만 지원해 주셨고, 영상 제작에 관한 일체의 간섭이 없이 여행코스 기획과 내용 일정은 모두 킴스트래블이 자유롭게 직접 정하고 진행하였으며 일체의 상업적인 광고 내용은 없음을 알려드립니다.)  항상 응원해 주시고 시청해 주셔서 감사합니다.  곧 다음 여행에서 또 뵙겠습니다. ^^  킴스트래블은 드론사용사업등록, 드론보험, 장치승인을 필하였으며, 모든 비행 촬영 시 지방항공청 및 국방부, 공원관리공단, 문화재 촬영 허가 신청 및 촬영 허가 승인 후에 촬영을 진행하고 있습니다.  순천만은 철새 보호를 위해 전역이 드론비행 금지구역으로 지정되어 있습니다. 본 영상은 동아시아람사르센터와 순천만 보전과의 협조로 정식 허가를 받고, 촬영 전 주의사항 숙지 및 교육을 받고 비행 촬영 진행하였음을 알려드립니다. 그리고 와온해변 지역은 여수 공항 반경 9km 이내라 비행 금지구역입니다만, 여수 공항으로부터 허가 승인을 받아 비행하였음을 알려드립니다.  사용된 음악 정보는 아래와 같습니다. (모든 음악은 저작 사용료를 내고 사용하고 있습니다만, 한국 음악은 저작 사용료가 비싸서 사용하지 못하고 비교적 사용료가 저렴한 외국 곡을 사용하고 있는 점 양해 바랍니다. 국내 음원 합법적 이용 가능한 저작 사용권 주시면 언제든 환영하겠습니다.) 1. 화포 해변 An Hour Too Late - Nickolas Jones 2. 선암사, 인트로 Do You Ever Wonder - Sleepaway Camp 3. 굴목이재~송광사 Open Sky - Velvet Moon 4. 낙안읍성 I Fall - Dayon 5. 순천만습지(순천만 갈대), 용산 전망대, 와온 해변 Sway Together - Hannah Juanita ||| 안녕하세요?킴스님^^ 지금 막 배도 고픈 시간인데 노란 양푼에 쓱싹 비벼서 드시는 모습에^^ 침이 꿀꺽 넘어가네요🥰 영상이 늘~~~~~예뻐서~~~ 여행을 꼭 해야겠다는 계획을 짜게 만드신답니다 어서 코로나 정국이 평정 되어 모두가 맘 놓고 여행하길 기도합니다 오늘도 위시리스트에 메모 합니다 (지난 11월 1주일 여행 코스에서 순천만을 그냥 스치고 지나갔는데 다시 계획해서 가보겠습니다) 고맙습니다💕💕💕👍 ||| 너무좋아 가족들과 6번을 다녀 왔네요. 보고 나오면서 국가정원 구석구석 들러보면 멋진하루  되지요. 킴스님 영상기술이 날로 멋있어 집니다. ||| 한국가면 꼭 가봐야겠어요 순천 , 멋찐영상 잘보고갑니다 ||| 너무아름다운 곳인거 같아요 순천 또 가보고 싶군요 .",여행/이벤트
cl3sZa-mibc,🇵🇹 포르투 여행 가면 꼭 해야할 12가지 ㅣ포르투 여행정보 총정리,쏘이Soy The World,오랜만에 과거영상 소환😭💖 포르투 다시 가고싶다..🥰 쏘이 근황은 💫Instagram @soy_the_world 참고해주세요♥️ ||| 여행유투버 분들보면 하나같이 전부 포르투는 최고라고 하네...너무궁금하다 ||| 저도 스위스대자연을 제외하고 유럽에서 포르투가 제 최애에요 ㅜㅠ 아무것도 안하고 7박을 똑같은 일상을 보냈는데 매일이 새롭고 익숙하고 별 감정을 다 늒꼈던 곳이에요 쏘이님 덕분에 지금 또 포르투가 너무 보고싶네여 ㅠ0ㅠ 특히 저 아스크림집 저도 너뮤 사랑해여 한 번 갔는데 길을 다 외웠어요.... ㅋㅋㅋㅋ 에그타르트도 맥주도 생선도 다 사랑하게 해주는 포르투 ㅠㅠㅠㅠㅠㅠ ||| 개인적으로 쏘이님 영상중 포르투 영상을 제일 좋아해요 뭔가 표정에서부터 행복함(?)이 보여서 영상으로만 봐도 제가 기분이 좋고 포르투에 빠져들어요 영상 보기전까지 전 유럽중 다른 나라를 가보고 싶었는데 쏘이님 영상들 보고 포르투가 1순위이에요 ㅎㅎ 막연하지만 언젠가 꼭~~ 가보고 싶어요 ||| 저도 포르투가 제 인생 여행지에요ㅠㅠㅠㅠ 길거리 돌아다니는 것 자체가 힐링....😭♥️,여행/이벤트
tg7bySG3jRE,"🔥감성여행 브이로그 영상편집 이렇게해요! 최초공개 (프로그램, 색보정,자막디자인, 음악고르기,)",여락이들_,"휴대폰으로 시청하시는분, 이어폰을 안 끼시고 시청하시는 분들까지 배려해서 이렇게 영상을 만들어주시니 ㅠㅜ  너무 감사해요 ㅠㅜㅜㅜ 이렇게 영상 편집하는거 과정만 봐도 얼마나 복잡할지 상상이 안 가는데 정말 항상 좋은 퀄리티에 영상 만들어주셔서 감사해요 ||| 4:13 괜히 나 혼자만 눈치보고, 왠지 나만 기분 좋아지는 그런 너낌,,, 아니죠? 다들 그런거죠..? ||| 2:33 얄짤없이 ""지금이요"" ㅋㅋㅋㅋㅋㅋㅋㅋ ||| 아 진짜,,, 이거 보고 또 다시 새삼느낀다ㅜㅜ 언니들, 크루분들이 영상에 많은 노력을 투자한다는 걸,,, 다시는 유튜버한다고 엄마아빠한테 안깝쳐야지. ||| 0:06 나 이게 왜케 좋지??ㅠㅠ 새로 바뀐 폰트 너무 이뻐여!!",여행/이벤트
rsluze_dN9A,GV70) 휘발유vs고급유 고민해결,카더락,아 저 진짜 모쏠아니구요 설렌거 아니에요 그니까 불쌍하게 보지마세요 제발..ㅜ 진짜 모쏠아님;진짜 ||| 차를 선택한 차주가 차한테 선택받고 좋아함 ㅋㅋㅋㅋㅋㅋㅋㅋㅋㅋㅋㅋㅋㅋㅋㅋㅋㅋㅋㅋㅋㅋㅋㅋ ||| 에헿 이렇게 정확히 들리는거 첨보네 진짜ㅋㅋㅋㅋㅋㅋㅋㅋㅋㅋㅋㅋ ||| 느슨했던 다른 인공지능들에게 긴장감을 주는 것 같다.. ||| 이아져씨진짜ㅋㅋㅋㅋㅋㅋㅋㅋ에헿이렇게웃는거 왤케웃기냐ㅋㅋㅋㅋ,여행/이벤트
o2s0hL6-klc,그녀가 유턴 하는법ㅋㅋㅋㅋㅋㅋㅋㅋㅋㅋ,한송TV,안녕하세요 우모순 입니다~ 저희가 살면서 오토바이는 저 전동오토바이가 처음이라 운전이 미숙한점 죄송합니다ㅠㅠ ||| 오히려  이렇게 유턴하는게 정석입니다 내려서  앞뒤 좌우 확인하는게 나와  다른운전자의 안전을 지키는 습관입니다 여친분은 찐고수이십니다ㅎㅎ 부럽네요ㅎㅎ ||| 제 생각엔 무리하게 유턴하면 사고낼까봐 내려서 U턴 한거 같아보이네요. 재밌게 보고갑니다. 항상 두분의 사랑이 꽃길만 가득하길 빕니다! ||| 유턴 씨게 하시는줄 알았는데 ㅋㅋㅋㅋㅋㅋㅋㅋㅋㅋㅋㅋㅋㅋㅋㅋ 내려서 유턴 아 웃곀ㅋㅋㅋㅋ 귀여우세요🙈 ||| 운전은 장난이.아니랍니다,여행/이벤트
yHL07wdhZqg,여행가고플때?! 향기로 떠나는 유럽여행 (스위스/네덜란드/이탈리아),테이크어필,,여행/이벤트
pCwta8l4roA,셀프 야외 결혼식 + 시칠리아 신혼여행 VLOG,수사샤suesasha,"이 영상은   작품이라면 수작이고  그림이라면 명화입니다 오래오래 보고또보고싶은  내가아닌데도 나같은 함께하는 우리같습니다 고마워요 사랑과진심을ㅡ수사샤님가족분들께 🍒 ||| 이게 현실판, 한국판 어바웃타임의 정석 ㅜㅜ ||| 결혼식을 허례허식이라 생각했고 부모님들의 잔치라 생각했던 제가 수사샤님의 영상을 보고 감히 눈물훔치네요... 앞으로 태어날 에트나와 두 분의 앞날에 행복이 가득하길 바라겠습니다~ ||| 다음번엔 두분 어떻게 만나신지  연애 얘기들려쥬세요☺️  제 주변에도 시칠리아로 신행 마니 가더라구요! ||| 다시 한 번 모두들 감사드립니다!",여행/이벤트
boZo7DWRjKU,신혼여행지 고민 중? 허니문 혜택 보고 결정 ㄱㄱ [2020년 2월 허니문리조트 신혼여행 박람회 광고 영상],허니문리조트,허니문리조트 신혼여행 박람회 신청 방법?  1. 허니문리조트 유튜브 프로필 박람회 링크 확인!  2. 신혼여행 박람회 신청 사항에 인적 사항 기입  3. 1~2일 내로 안내 톡 전달  감사합니다! ||| 혹시 추가적으로 박람회 언제 또 있을까요?,여행/이벤트
ue8pXE9zEl4,5월 가볼만한곳 best5 추천해드립니다. / 국내여행지 추천 / 국내여행정보 / 국내여행지 / 5월여행지,[빵이네]캠핑&여행TV,"이런 좋은 콘텐츠를 이제야 알다니...ㅠ 너무 인상도 좋고 목소리도 좋은 분이 친절하게 안내해주시니 너무 감사할따름입니다. 이 좋은 채널이 대박나시고, 항상 안전 여행하시길 빕니다. 감사합니다. ||| 고맙습니다,,,,  처음 왔네요,, ||| 한국분들 저 너무 많이 좋아요!! 한국 유학 시절 한국분들이 너무너무 잘해줬어요 ㅠㅠ 한국 너무너무 가고싶어요! 대신 지금 한국어로 열심히 영상 찍고 있습니다 ㅋ 한국 빨리 가고싶어요😊 이 영상보고 더 가고싶어졌어요!! 한국분들도 일본에 많이 오셨으면 해요!! 그냥 너무 많이 친해진 친구들이 너무 그립습니다. 한국 사랑해요! ||| 15:16 열심히 설명하는 모습 너무귀여움ㅎ ||| 빵이네 너무좋아요 캠핑정보 늘 감사합니다",여행/이벤트
KcNDIOh60Iw,트래블리맵 - 국내여행일정플래너,트래블리맵 - Travely Map,,여행/이벤트
NRWHNFcykYQ,"초록성애자를 위한 여름 여행지 끝판왕, 하동 I 국내여행 가볼만한 곳",여행에미치다,이정도면 하동에서 관광영상지정해도 되겠는데;;;;;;; ||| 와..하동 살고 있는 사람인데.. 진짜 대박으로 잘 만드셨네요. 하동에 살고 있으니 익숙해져서 감흥이 없었는데 영상보니 정말 아름다운 곳이구나 느껴지네요. 하동군민으로써 영상제작 해주셔서 감사합니다. ||| 이거 만드신분이 누군지 궁금하네요. 이분이 만드신 다른 영상까지 다 찾아보고 싶어지는 편안한 영상입니다. 배우고 싶어집니다. ||| 와 이건 하동에서 돈 왕창 줘야한다 진짜 예쁘게 잘 찍으신듯...ㄹㅇ.. ||| 여행에미친게아니라 영상이미쳤네욬ㅋㅋㅋㅋㅋㅋㅋ썸넬이랑 영상색감 너무예뽀요,여행/이벤트
I-A1IDnGlyI,[국내여행] 2박3일 통영 거제 여행_백서방TV,백서방 TV,이젠 편하고 유익한 여행 유튜브가 되었네요.   괜히 통영.거제에 가고 싶어집니다. 고맙습니다. 그리고 최고~^^  ! ||| 아나운서의  목소리가 너무 멋져요  부모에게 그런 목소리를 물려 받은것은  축복 ㅋ ||| 통영 여행 가려고 감색하다가 들렀어요 구독누르고 정보 보겠습니다💝 ||| 와! 영상을 너무 예쁘게 잘찍으셨어요 우리나라같지않고 어느 외국에 온거같아요 시간 여유로울때 한번 떠나고 싶은마음이 드는군요 수고 많으셨습니다 ||| 너무 잘 봤습니다  감사합니다   나레이션 하신분에게도  감사를 드립니다 ㅋㅋ,여행/이벤트
wILAC1uPHGY,에이든 국내여행 가이드북,aidentravelmap,"대한민국에 이렇게 전문적인 여행지도책이 출판되었는지 몰랐네요,반드시 꼭 구매해서 공지하겠습니다 ||| 이렇게 여행 가이드북에 다양한 장소를 제시하고 거 기다 다양한 설명과 사진, 정확한 위치까지 덧붙여 주시니  관광객 입장에선 보기에도 편하고 좋을것같네요... ||| 여행갈때는 그 책을 사 봐야 하겠네요 책의 내용도 제법 충실해 보이네요.... 영상 즐감했습니다 아울러 이웃 맺고 갑니다...... ||| 좋은 책 만들어주셔서 감사합니다...소통이 되서 제 댓글은 삭제했습니다..앞으로도 좋은 책 부탁드립니다... ||| 가이드북의 장소마다 주소, 주차, 그리고 샵 (#) 표시가 있는데 이 샵 (#) 표시로 된 단어의 용도는 무엇인가요?",여행/이벤트
7JoiLdWc8ls,"[국내 여행/부산] ✈️뻔한 관광지는 식상함! 현지인 피셜 당일치기 여행코스 TOP④ / 본전돼지국밥, 송정해수욕장, 오시리아 관광단지, 아홉산숲",유자TV,여기도 반가운 분들 가득! 다들 건강 잘 챙기세요. ||| 덕선 가이드님 카메라빨 잘받네요 ㅋㅋㅋㅋㅋ 넘 재밌게 보고 가요~~ ||| 부산은 확실히 국제관광도시네요 너무잘보고갑니다 ||| 너무 재밌게 봤어요^^ ||| ㅋㅋ 얼마나 여기저기 다니면서 고생하며 촬영했을지 😭😭 그런데 성수씨는 촬영겸해서 핑계삼아 맛집 많이 먹고 다니는거 아닌가? 성자와 덕선이 보니 반갑네~~~ 😍 영상 너무 재밌어요,여행/이벤트
wqlvWtcRu7o,"국내여행 다큐 경남 통영 여행 / 대한민국 테마여행 10선 / 동피랑 벽화마을, 통영케이블카, 미륵산, 달아공원 일몰, 세병관, 통영맛집 / 국내여행지추천, 여행유튜버",킴스트래블 Kim's Travel,"구독과 좋아요 댓글은 다음 영상을 만드는데 큰 힘이 된답니다. ^^  [ 킴스트래블이 추천하는 통영 여행코스 ] 1. 삼도수군 통제영과 세병관 – 조선시대 경상, 전라, 충청의 수군을 총지휘하던 삼도수군 통제영과 국보 제305호 세병관을 만나는 곳으로 세병관은 경복궁의 경회루, 여수의 진남관과 더불어 우리나라 목조건물 중 자랑 큰 규모를 자랑합니다.      2. 동피랑벽화마을과 동포루 – 우리나라 벽화마을의 효시가 된 동피랑 벽화마을. 동피랑은 동쪽 벼랑 위에 있는 마을이라는 뜻이라고 합니다. / 주차는 강구안에 위치한 문화마당 공영 주차장을 이용하시고, 도보로 이동하셔서 관람.  3. 서피랑 벽화마을과 서포루 – 동피랑보다는 규모가 작고 볼거리가 많이 없는 편이지만 서포루에서 내려다보는 뷰가 멋진 곳입니다. 박경리 선생의 생가가 있는 곳으로 유명하나 현재는 다른 분의 소유로 개인 거주지라 관람이 불가합니다. 서포루에서의 일몰과 야경도 볼만하니 참고하세요. / 무료 주차장이 여러 곳 있는데, 통영시 중앙동 185 이 주소에 위치한 주차장이 서포루와 가장 가깝지만 협소하고, 통영시 명정동 305-8 이 주소에 위치한 주차장이 가장 큰 주차장입니다. 두 곳 다 무료주차장입니다. 4. 한산대첩광장과 여행자플랫폼 – 각종 문화행사와 축제등이 열리는 광장으로 여행자들의 정보창구 여행자플랫폼이 있는 곳입니다. 특히 여행자 플랫폼 지하에는 배낭여행자들을 위한 무료 짐 보관소를 운영하고 있어서 유용 할 것 같습니다. 5. 통영해저터널 – 동양 최초의 해저터널을 걸어서 건너보는 체험을 할 수 있습니다. 미륵도 쪽은 가까이 주차장이 없는 관계로, 통영시 당동 1-3 에 위치한 용문공영주차장을 이용하시는 것이 좋습니다. 6. 미수해안도로 – 미수동 쪽 충무교에서 통영대교까지 해안 드라이브 및 산책을 할 수 있는 곳으로 충무교 아래에 그려진 벽화는 현대미술의 거장 전혁림 화백의 작품이고, 통영대교 아래쪽에는 짧은 구간의 해안산책로가 위치해 있습니다. 7. 전혁림 미술관 – 한국 현대미술의 거장 전혁림 화백이 30년 가까이 생활하고 작품 활동을 하셨던 곳으로 그와 관련된 작품과 전시품들을 관람하실 수 있습니다. / 건물 뒤편에 주차장이 있습니다.  8. 봄날의 책방 – 여느 서점과는 달리 동네 깊숙한 곳에 작고 아담한 모습으로 운영 중인 서점으로 통영의 문화예술과 감성을 담은 책, 이웃들과 함께 나누고 싶은 책을 책방 지기가 엄선해 서가를 채운 곳. 전혁림 미술관 바로 옆에 위치해 있어 함께 둘러보시면 좋을 것 같습니다. 9. 수륙해안 산책로 – 파도 소리를 들으며 산책을 즐기시고 싶은 분들이라면 추천. 통영한산마리나리조트에서 수륙해수욕장까지 편도 3km 구간이며, 수륙해수욕장 쪽에 자전거, 전동킥보드 대여 업소가 있습니다. 10. 통영케이블카 – 통영여행의 원픽 미륵산 정상에서의 한려수도의 장관을 만날 수 있는 곳. 예전에는 두 시간을 걸어서 올라 보아도 아깝지 않은 풍경이었는데, 지금은 아주 편하게 케이블카로 오를 수 있는 곳이 되었습니다. 숲길 좋아하시는 분은 케이블카 상부 역 쪽에서 미래사 방향으로 20~30분 걸어 내려오시면, 아름다운 편백나무 숲을 만날 수 있습니다. 걷기 싫어하시는 분들은 비추천입니다. 11. 달아공원 – 통영 내에서 가장 아름다운 일몰을 맞이하는 곳입니다. 일몰 시간 30분 전에 도착하시면 좋습니다. 단, 날씨가 좋은 날에 찾으시기 바랍니다.  12. 통영야경 – 통영 야경은 충무교 위에서 내려다보는 통영 운하 야경이 볼만하고(진남초등학교 주차장 이용하시면 편합니다.), 서포루에서 내려다보는 통영항 야경도 볼만합니다.  [ 킴스트래블이 추천하는 통영 맛집 ] 본영상은 한국관광개발원으로부터 제작비 지원을 받아 제작된 영상으로 상호 노출이 부담되어 영상에는 포함시키지 못하고 글로 맛집 정보를 알려드립니다. (제 개인적인 입맛으로 개인적인 추천입니다. 그리고 킴스트래블에서는 진심을 담은 여행정보 전달을 위해 맛집 협찬은 전혀 받지 않고 있음을 알려드립니다.)  1. 원조시락국 (055-646-5973) 장어로 육수를 내는 시락국. 이집 말고도 다른 집들도 많이 있습니다. 6000원 2. 고향식당(055-646-5242) – 현지인들이 더 많이 이용하는 가성비 좋은 백반집. 제가 갔을 때는 된장뚝배기가 5000원이었는데, 지금은 해물뚝배기로 바뀌어 8000원 정도로 올랐다고 합니다. 현지인 맛집이라 인터넷에는 최근 정보가 많이 없네요. 3. 충무칼국수 (055-641-5200) - 칼국수도 맛있지만, 칼국수와 함께 먹은 경아김밥 정말 맛있어요. 칼국수 6000원, 경아김밥 5000원 4. 오미사꿀빵 본점 (055-645-3230) – 통영꿀빵의 원조집입니다. 1963년부터 운영한 본점이 항남동에 위치해 있습니다. 선착순 판매이기 때문에 주말에는 일찍 가셔야하는데, 다 팔리고 없으면, 도남점(055-646-3230)으로 가세요. 10개 들이 1통 8000원  5. 항남우짜 (055-646-6547) - 우동에 짜장을 곁들인 독특한 맛. 대단하게 맛있지는 않은데, 독특한 맛이라 한 번쯤 드셔보는 것도 좋을 것 같아요. 5000원 6. 미주뚝배기 (055-642-0742) – 해물뚝배기 단일 메뉴만 취급하는 맛집입니다. 11000원    7. 중앙시장 활어골목 – 가격은 종류별로 흥정이고 서비스도 흥정하시면 많이 주세요. 상차림비 기본 8000원 3인 이상 인당 3000원 정도 8. 정화순대 (051-644-3668) - 족발, 순대, 잡채 맛있습니다. 족발 25000원부터, 순대 5000원 잡채 4000원 9. 통피랑 쭈글 (055-646-3697) - 살얼음 물회가 맛있었습니다. 물회세트 16000원 10. 한산회식당 (055-641-6520) - 회정식을 드시고 싶은 분들에게 추천합니다. 메뉴 외 서비스도 가끔 주시고 사장님 아주 친절하십니다. 물회도 맛있습니다. 회정식 18000원, 자연산물회 15000원 11. 충무김밥 – 강구안 문화마당 앞에 충무집들이 많이 있습니다. 12. 분소식당 – 봄철 봄도다리쑥국을 잘하는 집인데, 사계절 맛볼 수 있는 복국도 유명합니다. 봄 여행이시라면 강추 드리는 식당입니다.   13. 해원횟집(055-648-2580) - 회 코스요리 찾으시는 분들에게 추천합니다. 12만원부터  본영상은 한국관광개발원으로부터 제작비를 지원받아 제작된 영상입니다. (국내여행 활성화를 위해 한국관광개발원으로부터 의뢰를 받아 ‘대한민국 테마여행 10선’이라는 주제를 홍보하는 역할을 맡게 되어 올해 겨울까지 여러 개의 지역 테마를 진심을 담아 기획하고 제작할 예정입니다. 제작비만 지원을 받고 있으며 여행코스기획과 내용은 킴스트래블이 진행하고 있어 일체의 상업적인 광고 내용은 없음을 알려드립니다.)   구독과 좋아요 댓글은 다음 영상을 만드는데 큰 힘이 된답니다. ^^  항상 응원해 주시고 시청해 주셔서 감사합니다.  곧 다음 여행에서 또 뵙겠습니다. ^^  킴스트래블은 드론사용사업등록, 드론보험, 장치승인을 필하였으며, 모든 비행 촬영 시 지방항공청 및 국방부, 공원관리공단,  문화재 촬영 허가 신청 및 촬영 허가 승인 후에 촬영을 진행하고 있습니다.  사용된 음악 정보는 아래와 같습니다. (모든 음악은 저작 사용료를 내고 사용하고 있습니다만, 한국 음악은 저작 사용료가 비싸서 사용하지 못하고 비교적 사용료가 저렴한 외국 곡을 사용하고 있는 점 양해 바랍니다. 국내 음원 합법적 이용 가능한 저작 사용권 주시면 언제든 환영하겠습니다.) 1. 삼도수군통제영, 동피랑, 서피랑  – Trust in Me - Ramin 2. 한산대첩광장, 해저터널 – Olympus - Dream Cave 3. 미수해안도로 ~ 수륙해안산책로 - Enough to Get By - Daniel Gunnarsson 4. 통영케이블카 ~ 달아공원 – Nothing Makes Sense Anymore - Daniel Gunnarsson 5. 통영 야경 - New York Love - Dream Cave 6. 통영 맛집 - There He Goes - Loving Caliber ||| 그리운 나의 고향 서울살이 외로울 때 유투브로 고향보니 너무 좋으네요. ||| 이 여행영상을 처음부터 마지막까지 시청하고 저역시 제가 다녀온 기억속 통영여행을 꺼내어 보았습니다. 벌써 20여년이 훌쩍 넘어 지나갔네요. 참 세월 빠르고 킴스트레블에서 보는 여행영상과 제 20대 여행기억에 남아있는 영상의 괴리감이 너무커 씁쓸함을 곱씹어봅니다. 이제 제 기억속 통영여행 영상은 마음속 추억으로만 간직해야될것 같습니다.ㅠㅠ   앞만 보며 지내온 제 자신에게 ""과거의 나도 저랬었는데..."" 하고 되돌아보며 힐링마인드를 심어주시니 그 추억속 통영을 끄집어내어 나이는 이제 50이 되어가지만 20대의 마음으로 통영이란곳을 다시한번 가보고자 합니다. 멋진 여행영상 정말 너무나도 감사드립니다. 그리고 늘 응원하겠습니다. ||| 동피랑 서피랑벽화마을은 꼭 가보고 싶네요 서피랑벽화마을 뷰가 넘 기대 기대 되네요 한산대첩광장 동상도멋지네요 해저터널 수륙해안산책로까지  통영 넘 넘 가고 싶네요 서포루 충무로 야경 넘 멋지네요 하루동안 이많은 곳을 다 다녔다니 믿어지지 않네요 정말 최고입니다 ||| 너무 ❤좋아 요.",여행/이벤트
HZpvV99Ltkg,국내여행 차로 가는 서울 근교 당일치기 섬여행 BEST 5 /서울근교 가볼만한곳 /당일여행 추천 / 국내여행 추천,Jay쌤여행TV,"안녕하세요... 정말 열심히 제작한 영상인데 대부도 부분 배경음악에 저작권 침해 신고가 들어왔습니다ㅠ 부득이하게 음악을 교체해야 했고 그 과정에서 나레이션도 지워졌습니다ㅠ 영상이 좀 부자연스러진 점 널리 양해 부탁드립니다. 제부도부터는 제대로 시청이 가능합니다. ||| 한국에 아름다운 섬들이 많다고 들었는데, 이렇게 멋진 풍경과 아름다운 석양은 그 어느곳과 견줄수 없을 만큼 정말 아름답네요🥰😍👍 한국의 아름다운 섬들을 시간가는 줄 모르고 풀청했어요😍🥰 친구맺고자 삼종셋트 🎁👍🥰놓고 갑니다~~~~^^ 좋은 이웃으로 소통해요~~~😊 ||| 섬여행 베스트를 이렇게 일목요연하게 알려주셔서 감사해요~~ 드론영상과 설명 잘 듣고 가요~❤ 다음 영상 기대하고 있어요~~~ ||| 서울근교에  이런멋진곳에  놀라고ᆢ멋진영상이여서  또한번 놀라고  목소리가  넘 멋쩌ㆍ서 세번놀라고 ᆢ풀청과 엄지척하고갑니다ᆢ ||| 오오오~ 당일치기 여행지 검색하다가 들어왔는데~ 여기 좋은 정보가 너무 많네요!👍 특히 탄도항 풍력발전기 사이로 해지는 모습이 너무 환상적이라 여자친구한테 점수따기 딱 좋을듯 합니다!ㅎㅎ 멋진 영상 감사히 잘보고 구독 좋아요 누르고갑니다 Very GooD! 😄👍",여행/이벤트
mbqB_SPorWA,"국내 당일치기 여행지 5곳 feat. 뚜벅이 ""차없이 여행하기 좋은 곳""",똘똘한여행 똘란TV,"강릉,동해,목포,경주,공주~ 참 좋은 뚜벅이여행~ 저는 드라이브를 좋아해서 무박코스로 최근에 광주~목포~해남~완도~장흥~고흥~여수~남해~사천~진주~하동 일주하고 왔는데요. 낮에 보는 경치는 (바다,황금들녘,푸르른채소밭) 너무 좋았는데 밤에는(대교에불빛들만아름답게보일뿐)  도시만 벗어나면 어둠만이 있어서 좀 아쉬웠어요..ㅋㅋ 코로나가 하루빨리 없어져서 자유로운 여행 맘껏 해 보고 싶은데.. 똘란누님~ 건강 잘 챙기셔서 좋은 정보 더 많이 부탁 드려요~ 항상 감사합니다..^^ ♡ ||| 당일치기 국내여행으로 정말 좋은 정보네요~ 저도 한번 가보겠습니다 좋은 영상 감사합니다~ ||| 지금 엄청 여행하고 싶어서 검색하다 보고가요! 보면서 겨울에 혼자 강릉 갔던것도 생각 나네요... 코로나 때문에 버스나 쟈철타기 걱정되서 망설이고 있는중인데...운전미숙..ㅋㅋㅋ 언능 걱정없이 여행 다닐수 있길 바래요ㅠ 영상 잘보고 가용!ㅎ ||| 단풍보다 정주행중이네요~💕 팬될 것 같네요!!!!! 단픙때처럼 마지막에 요약해주면 참 좋을 것 같긴해요 그거 캡쳐해서 모두어야 겠네요~👍 ||| 아나운서같아요~ 발음.  목소리 귀에 쏙쏙 들어와요 감사합니다^^",여행/이벤트
a15_-cQ8LY8,[책보라] 📖 여름휴가지 추천 국내 여행책 TOP5!! 🤫  휴가가기 전에 이 책만 읽고 가도.. 선배님이 책 가져가신건 비밀!!,교보문고 보라,"여행도서를 짧게 알차게 소개해주셔서, 넘 좋은데요^^ 폐차하고 당분간 신착구매가 없을거라, 차없이 주말여행 코스북으로 다음주 여름휴가를 짜볼까, 생각되고, 서울을 걸어서 돌아다니는 걸 좋아하는데, 서울을 달리는 100가지 방법,  마음에 쏙 드네요🤗 ||| 해외여행을 못 가게 된 덕분에, 국내에 정말 좋은 곳이 많다는 걸 알게되었습니다! ||| 서울의 러닝코스 주말에 가도 좋은거같네요 책소개 잘 봤습니다~^^ ||| 오늘도 좋은 영상 잘 봤습니다. 감사합니다. ||| 그렇지 않아도 이번 여름에 국내여행을 가려는데 도움을 받을 수 있겠어요.  보라님, 마스크맨님 고마워요~",여행/이벤트
SthYqX0-t0s,"국내여행 다큐 전북 군산 선유도 그리고 고군산군도 여행 / 대봉전망대, 장자도, 대장도 대장봉, 선유해수욕장, 선유스카이SUN라인 짚라인 / 국내여행지추천, 여행유튜버",킴스트래블 Kim's Travel,"구독과 좋아요 댓글은 다음 영상을 만드는데 큰 힘이 된답니다. ^^  [ 킴스트래블이 추천하는 선유도와 고군산군도 여행코스 ] 1. 선유도 – 신선이 노닐던 섬이라는 뜻을 가진 선유도. 아름다운 선유도 해수욕장(명사십리해변)과 망주봉의 그림 같은 풍경을 만나는 곳입니다. 여름 피서지로도 좋은 곳이라 여름여행지로 추천 드립니다.  2. 대봉전망대 – 일명 하트해변으로 불리는 선유해변의 아름다운 풍경을 한눈에 바라볼 수 있는 전망대입니다. 사람들이 잘 찾지 않는 곳이라 등산로에 거미줄이 좀 많아 불편합니다. 등산시간은 약 30분이 소요됩니다. 3. 선유스카이SUN라인 – 선유도 해수욕장을 하늘을 나르듯 가로지르는 짜릿한 체험. 요금 – 일반 20,000원, 어린이 16,000원  4. 장자도와 장자교 – 선유도와 장자도를 이어주는 인도교인 장자교를 이용하면 5~10분 만에 걸어서 장자도로 이동할 수 있습니다. 산책하듯 바다를 건너는 장자교 산책은 고군산군도 여행의 빼놓을 수 없는 묘미라고 할 수 있는 코스입니다. 5. 대장도와 대장봉 전망대 – 선유도와 고군산군도 여행 중 꼭 빼놓지 말고 들러야할 필수 코스로 전망대에서 바라보는 고군산군도의 풍경이 정말 아름답습니다. 특히 해질 무렵의 일몰이 아름다운 곳인데, 가능하다면 일몰 시간에 맞추어 올라 가 보시는 걸 추천 드립니다.(강력추천) 등산시간은 약 30분이 소요됩니다.  - 영상에 포함된 모든 여행지들은 당일 일정으로 여행하며 촬영되었습니다.  [ 킴스트래블이 추천하는 선유도 맛집 ] 남도밥상 / 전북 군산시 옥도면 선유북길 83 / 1인 8,000원 바지락 칼국수가 시원하고 맛있습니다. 사리 추가 2,000원.  [선유도 내의 이동수단] ATV – 1시간 30분 25,000원 (2인승) 전기스쿠터 – 1시간 30분 15,000원 (2인승) 자전거 – 3시간 1,000원 (시에서 직접 운영) 도보 - 무료  [선유도로 가는 대중교통 이용법] 군산역/시외버스터미널 - 7번, 83번 버스이용 비응항 하차 – 99번 버스 이용 선유도 도착  구독과 좋아요 댓글은 다음 영상을 만드는데 큰 힘이 된답니다. ^^  본영상은 ‘전라북도문화관광재단’으로부터 제작비의 일부를 지원받아 제작된 영상입니다. (여행코스 선정과 내용은 일체의 간섭 없이 킴스트래블이 직접 선정하고 기획하였으며, 일체의 상업적인 광고 내용은 없음을 알려드립니다.)  항상 응원 해 주시고 시청해 주셔서 감사합니다.  곧 다음 여행에서 또 뵙겠습니다. ^^  킴스트래블은 드론사용사업등록, 드론보험, 장치승인을 필하였으며, 모든 비행 촬영 시 지방항공청 및 국방부, 공원관리공단,  문화재촬영 허가 신청 및 촬영 허가 승인 후에 촬영을 진행하고 있습니다.  사용된 음악 정보는 아래와 같습니다. 1. 선유도 – Not Right - CLNGR 2. 대봉전망대 ~ 선유스카이SUN라인 – For Some Time - Daniel Gunnarsson 3. 장자교 ~ 대장봉전망대 - Open Sky - Velvet Moon 4. 대장봉전망대 – I Don't Care - Windshield ||| 8-9년 전에 뭣도 모르고 간 새만금방조제의 이른 아침 드라이브.. 와~ 정말 감탄만이.. 여기가 어딘데 이렇게 좋지 하고 차 세우고 보니 새만금방조제. 그때의 그 감동 다시 느끼고 싶어, 내일 오전근무 후 바로 출발하려고 해요. 이번에 가면서 주인장님이 가셨던 선유도도 구경하고 오겠습니다. 영상 감사합니다. ||| 표정에 행복이 드러나서 더욱 힐링되는 영상이네요 잘보고갑니다bb ||| 안녕하세요  11월  마지막주 월요일도 서서히 마무리가 되네요  2년전 군산의 선유도를 다녀오셨군요 저는 지난주에 서울한강 선유도를 난생처을 다녀왔습니다  이영상을 보니 감회가 또 새롭습니다  좋은영상 잘보고 갑니다  좋은 저녁되세요 ||| 우연히 검색하다가 발견했는데,  이번주에 친구와 둘이서 목포로 여행을 가는데, 지금날씨에 딱 좋은 코스네요!! 좋은 곳 추천 넘 감사합니다^^ 구독 누르고 갑니다!  맑은공기와 좋은 여행 하고 오겠습니다!",여행/이벤트
p2mXsS7v0RM,"국내 여행 1일차, 공주 (피탕김탕, 한옥스테이, 예쁜 카페) | 결혼기념일 2주년 여행",애슐리,2주년 축하드려요~~^^ 대학가서 처음 알게된 김피탕♥ 넘 그립네요^^ ||| 2주년 축하드려요~ 앞으로도 더 많이 행복하세요♡♡ ||| 축하드려요오♡ ||| 잘보고가요~ 게스트하우스는 한번도 안가봤는데 분위기도 색다르고 좋네요. ||| 오 공주 사는 빕스 여깄어요!!ㅋㅋㅋㅋ 공주 진짜 이쁜데 많아여ㅠㅠ 다음에 또 놀러오세용ㅋㅋ,여행/이벤트
qFlSWFsFrxk,"[국내여행 4K] 통영여행, 이곳은 꼭 가세요!! 13곳 완벽코스ㅣ통영 브이로그ㅣ국내여행 추천ㅣ통영 가볼만한 곳ㅣ여름휴가 추천ㅣ가족여행",유성비비 USungBB,"00:00 통영여행 00:16 통영케이블카 01:52 미륵산 전망대(정상) 02:52 스카이라인 루지 05:21 미래사&편백나무 숲 06:12 삼칭이 해안길 06:50 통영수륙해수욕장 06:58 통영해저터널 07:32 동피랑 벽화마을&동포루 08:20 이순신공원 08:33 소매물도 10:20 통영수산과학관 10:30 통영맛집(울부부 최애맛집) * 위 영상들의 모든 저작권 및 사용권은 유성비비에게 있으며, 무단도용 및 불펌을 금합니다. ||| 솔직히 여행 영상 필요없는 정보를 너무 많이 줘서 속터지고 답답했는데 이런 영상은 타임라인도 잘 잘라 주셨고 영상 속도나 두 분 대화나 다 편안~하고 정보도 알차네요 잘 보고 갑니다 ||| 내고향 통영~~~ 알콩달콩 즐거운여행~~ 통영의 여모저모를 상세히 올려놧네~~ 영상즐감 했슴둥~~👍👍👍 항상 해피데이~~ ||| 진짜 신나 보인다!!계다가 이 곳의 풍경이 진짜 예술이다 ㅜㅜ 넘 예쁜데요??끝내진다..ㅎㄷㄷ❤👍 제가 간 처럼 잘 찍으셨네용!!오늘 영상도 잘 보고 갑니다🤗 ||| 영상이 너무 아릅다고 편집 진행 등 제가 봤던 브이로그중에 최고입니다!",여행/이벤트
AIH6rILUpWM,"인천 백패킹 명소, 굴업도를 소개합니다!",옹진군,멋진곳입니다~ 모래언덕과 모래해변 그리고 민둥언덕의 캠프~ 사슴가족도 노닐고~~~,여행/이벤트
pefiJlH8CBM,"국내여행 경남 창녕 우포늪 여행 / 1억 4000만년 전 태고의 신비를 간직한 진짜 자연을 만나는 곳 / 우포늪생명길, 가을여행지, 국내여행지추천, 여행유튜버, 언택트여행",킴스트래블 Kim's Travel,"본 영상은 2020년 5월,6월,9월,10월 총 4회에 걸처 촬영을 진행한 분량이며, 3분 힐링 영상으로 압축 제작 되었습니다. 자세한 여행안내를 위한 장편 다큐 영상은 곧 제작해서 다시 업로드해 드릴 예정입니다. 우포 여행 지도(자체 제작 중입니다)와 코스별 자세한 안내 및 코멘트는 본편에서 자세하게 보여 드리도록 하겠습니다. ^^   ● 여행 메모 [ 킴스트래블이 추천하는 우포늪 여행코스 ] 우포늪 생명길 8.4km 구간을 꼭 걸으셔야 진짜 우포의 아름다운 풍경을 모두 만날 수 있습니다. 보통 자전거로 대대제방과 전망대 길만 보시고 가는데, 거기서는 진짜 우포의 모습을 만날 수가 없습니다.  1. 낮 시간에 도착하시는 분 기준  우포생태관(경남 창녕군 유어면 우포늪길 218) 에 주차하시고, 8.4km 구간 우포 생명길을 걸어 도시면 영상에 나오는 모든 풍경을 만날 수 있습니다. 우포생태관 - 전망대길 – 사초군락지 – 목포제방 – 기러기마을(여기 시설 좋은 화장실 있습니다.) – 소목나루터 – 주매제방 – 잠수교 – 사지포제방 – 대대제방 – 우포생태관  2. 새벽에 도착하시는 분 기준   우포의 가장 아름다운 풍경은 사초 군락지(경상남도 창녕군 유어면 세진리 1014-2)의 새벽 물안개가 피는 풍경입니다. 일출을 만날 수도 있는 곳이고요. 태고의 신비를 만나는 진짜 우포의 신비로운 풍경을 만나시고 싶은 분들은 꼭 새벽에 가셔야 합니다. 안개를 만나는 이른 새벽 사초군락지를 걷는 약 600m 구간은 갈대와 고목들이 어우러진 그 풍경이 마치 원시 숲을 걷는 듯한 착각에 빠져들 만큼 황홀하고 아름답습니다. 천국을 거니는 기분이랄까? 새벽에 사초군락지에 도착 후 물안개와 일출을 감상하시고 그 원시 숲길을 먼저 거닐어 보세요. 안개가 걷히고 난 후 아침 붉은빛이 들면 또 다른 아름다움을 만나는 구간입니다. 그 후 다시 우포생태관 쪽으로 가셔서 1번 코스를 진행하시면 됩니다.(사초군락지는 차량 주차가 불편하여 우포생태관에 주차하시고 생명길 풀코스 산책하시는 걸 추천드립니다.)  지금 우포는 갈대가 한창입니다. 우포의 갈대 군락지는 사초군락지라는 구간에서 가장 가까이 만날 수 있고, 갈대밭과 신비로운 왕버들 군락지를 만나고 징검다리도 만날 수 있는 코스랍니다. 제가 우포에서 가장 좋아하고 가장 자주 찾은 곳이기도 합니다. ‘경상남도 창녕군 유어면 세진리 1014-2’ 여기 찍고 가시면 나무 벤치 테이블이 있는데, 그 바로 안쪽으로 징검다리를 건너 약 600m 구간이 가장 아름다운 원시 숲길입니다. 가장 아름다운 시간대는 일출시간부터 시작해 1시간가량이고요. 나무벤치를 기준으로 징검다리 반대쪽으로 좁은 산길이 나있는데, 그길로 약 2~3분만 걸어 오르면 일출을 볼 수 있는 포인트도 위치해 있습니다. 일출을 보시고 징검다리를 건너 만나는 600미터 숲길 구간은 붉은 아침 빛을 받는 시간대가 가장 신비롭고 아름답습니다. 이 시간대에 물안개까지 만나신다면 로또 당첨되신 거고요. 저는 다섯 번 가면 한 번 정도 만나지더라고요. 물안개는 계절이 바뀌는 환절기에 만날 수 있고요. 밤낮 기온차가 15도 정도 되면 확률이 높답니다.  맛집은 창녕읍에 위치한 대중분식당(T.055-532-8033) 막국수 추천드립니다. 정말 맛있습니다.  [ 대중교통 이용법 ] 서울 남부터미널 출발 – 창녕 도착  부산 서부시외버스터미널 출발 – 창녕 도착   우포늪 생태관 / 영신버스터미널에서 한터행 버스 승차 후 우포늪에서 하차 소목마을, 장재마을, 목포늪 / 영신버스터미널에서 이방행 버스 탑승 후 소목에서 하차     영신버스터미널 배차 문의 055-533-4221, 1764  여행메모 글 값은 구독과 좋아요 그리고 후기 댓글로 받겠습니다. ^^ 항상 응원해 주시고 시청해 주셔서 감사합니다.  곧 다음 여행에서 또 뵙겠습니다. ^^  킴스트래블은 드론사용사업등록, 드론보험, 장치승인을 필하였으며, 모든 비행 촬영 시 지방항공청 및 국방부, 공원관리공단, 문화재 촬영 허가 신청 및 촬영 허가 승인 후에 촬영을 진행하고 있습니다. ||| 오늘 킴스님 추천대로 똑같이 다섯시부터 쭈욱 둘러보고 막국수집까지 답습했습니다 그집 만두도 추천드립니다  ㅋ 항상 좋은 여행의 가이드 킴스님 감사해요 ||| 이 영상보니 우포늪  안 갈수 없게 만드네요~ 이번 영상도 감사감사해요~~ 늘 화이팅!!입니다~~~ ||| 역시 독보적인 킴스트레블 만의 영상입니다  촬영팀이 따로있고. 드론촬영 까지 감히 넘볼수없는 팀입니다 잘봣습니다~~ ||| 킴스님  저번주에 우포늪다녀왔어요 처음가보았을때보다 킴스님 글과영상을보고 다시한번가본우포는   전에보지못한새로운 신비로움으로다가왔어요 감동을준킴스님께감사 영상 넘웅장하고 감동 입니다",여행/이벤트
WQSV7BkZ91w,한국의 스위스에서 물수제비 던지고오는 여행브이로그｜국내여행 충주,해피새아 happysaea,"햎하! 🙋🏻 해파리 친구들 오랜만의 여행영상이에요!  스위스, 뉴질랜드 생각나는 너무 예쁜 곳을 발견했어요.  서울에서 2시간 정도면 갈 수 있는 충주호랍니다 :)  환상적인 호수에서 물수제비 던지고 돌아오는 ㅋㅋ 여행브이로그, 오늘도 함께해주셔서 감사합니다. 행복한 주말 보내세요 💕 ||| 04:38  와...........와 ...미쳐버렸다... ||| 퀭한 모습을 보니 뭔가 누나 친구 같아서 더 친근해 보이네요. 가끔 이런 나들이 영상 언제나 환영입니다 .😀😀😀 ||| 와대리만족합니다 ||| 우아아아 대리만족 장난아니다,,,,💙 근데 나도 충주 걸었는데,,,, 같은충주 다른느낌,,, 역시 차가 최고라며,,,,^^",여행/이벤트
YY9aSSBqma8,국내여행 ❤ 강원도 정선 여행 2편 🚗 정선 맛집부터 전망대까지 | 회동집 | 병방산 스카이워크 전망대 | 백석폭포,수수버킷 soosoobucket,"어머나 맛있겠당! 곤드레 엄청좋아하는데 정보 감사해요ㅎ ||| 목소리에 참함.... 이  ^^ 차분하면서도 젊은이 다운 경쾌함도 들어있고  과하지 않고 소비자가 알고 싶은 내용이 깔끔하게 잘 정리돼, 가고 싶게 하네요  정선시장 잘 갔던곳인데 다시 가고싶은 마음이 드네요. 그케 다녔는데 저런곳이 있었어? 하는맘도 들었구요. 담에 정선에 가면 소개된곳 꼭 가보려구요. 유트버로 대박나시길~~♡ ||| 아니 한국에도 이렇게 아름다운 곳이 있었나요 내일 바로 저도 가봐야겠다~^^ ||| 재미있는 영상  잘보고 갑니다. 서로 응원하면서  지냈으면 좋겠습니다. 🤝💗⏰^^~~ ||| 어머나 넘조아요 제 고향이네요 가고시퍼도 목포라 이렇게라도 보아서 넘 멋쪄부요",여행/이벤트
0wx3skZ3Zb4,[4K] 여수여행 - 코스정리 고퀄 30초 ㅣ국내여행 추천ㅣ여수 가볼만한 곳,유성비비 USungBB,여수여행 브이로그 : 19곳 완전 정복https://youtu.be/qenabGpTad0 ||| 와 대박😆👏🏻👏🏻👏🏻👏🏻 ||| 잘봤습니당! 정말 멋지네용! ||| 영상이 멋지네요 즐감하고 더불어 이웃맺고 갑니다..... ||| 곧 천명 돌파하는군요 이제 1만명은 시간 문제일듯 합니당,여행/이벤트
GNk7KJ-u4Sc,"[고흥 가볼만한곳] 전남 고흥여행, 추천 여행지7",여보짱,고흥에 이런 좋은곳이 있다니 어서 빨리가 봐야겠네요.어서가세 나도가세 친구도같이 가보세. 아니 나는가서 살고싶네. 끝없이 넓은바다 !푸른하늘! 공기좋은 곳 우리집~ 가세 가세 어서가세 저 파아란 고흥으로...❤😂🎉🎉🎉 ||| 고흥 우리고향 멋지고 경치가 아름답습니다 ||| 저오늘고흥갔거든요 커피마을 증산일몰전망대갔고해안도로와여러섬드라이브했어요 너무좋았어요 ||| 우리나라의   예쁜곳이  이렇게 많네요  영상을 보고 있노라니 당장이라도 가보고 싶네요 어느  좋은날  맘껏  행복져야 겠어요 ||| 공기가 좋아 보이고 아름다워요. 새소리 바람소리 힐링이 됩니다.,여행/이벤트
4TQlf_7oy6Q,"국내여행 다큐 전남 순천 여행 / 순천만 습지, 선암사, 송광사, 낙안읍성, 화포해변, 용산 전망대, 와온 해변 / 국내여행지추천, 여행유튜버, 국내여행지 추천, 순천 여행코스",킴스트래블 Kim's Travel,"구독과 좋아요 댓글은 다음 영상을 만드는데 큰 힘이 된답니다. ^^  ● 여행 메모 [ 킴스트래블이 추천하는 순천 여행코스 ] 1. 화포 해변 / 촬영 포인트 주소 - 전라남도 순천시 별량면 학산리 751-4 – 순천만에서 아름다운 일출을 만날 수 있는 곳. 알려드린 주소 찍고 가시면 영상에 나오는 부잔교가 있습니다. 만조 때에는 물위로, 간조 때에는 갯벌위로 놓이는 부잔교 일출은 만조 때 가시면 더 아름다운 황금빛으로 빛나는 반영을 볼 수 있습니다.     2. 선암사 와 굴목이재 / 주차장 주소 - 전라남도 순천시 승주읍 죽학리 754-1 - 봄에는 꽃이 피고, 여름에는 신록, 가을에는 단풍이, 겨울에는 설경이 아름다운 사찰 선암사는 무지개다리 승선교, 깐뒤, 하마비, 등등 명물이 된 볼거리가 많은 곳이랍니다. 특히 정호승 시인의 ‘선암사’라는 시를 읽어 보시고 찾으면 그 감동이 배가 됩니다. 그리고 조계산 굴목이재는 산중에 만나는 보리밥집이 유명한 곳인데, 이 보리밥집 찾아가는 길이 너무 예쁘고, 중간에 만나는 편백나무 숲이 정말 아름답습니다. 선암사에서 보리밥집까지 편도 산길로 1시간~1시간 30분 소요됩니다. 예전에는 보리밥집이 몇 곳 있었는데, 지금은 한집만 장사를 하는 것 같습니다.   선암사 - 정호승  눈물이 나면 기차를 타고 선암사로 가라 선암사 해우소로 가서 실컷 울어라 해우소에 쭈그리고 앉아 울고 있으면 죽은 소나무 뿌리가 기어다니고 목어가 푸른 하늘을 날아다닌다 풀잎들이 손수건을 꺼내 눈물을 닦아주고 새들이 가슴 속으로 날아와 종소리를 울린다 눈물이 나면 걸어서라도 선암사로 가라 선암사 해우소 앞 등 굽은 소나무에 기대어 통곡하라  3. 송광사 / 주차장 주소 - 전라남도 순천시 송광면 신평리 132-2 – 우리나라 삼보사찰 중 승보사찰로 유명한 사찰입니다. 아주 지극히 제 개인적으로는 우화각이 너무 좋아 근처 가면 꼭 들리는 곳인데요. 다리 위로 놓인 누각 옆쪽으로 앉는 자리가 놓여있는데, 여 앉아 있으며 바람이 불고, 개울 흐르는 소리와 새소리, 정말 힐링 되는 명당입니다. 책 한 권 가져가셔서 앉아 읽어 보시는 거 강추합니다. 시집이면 딱 좋겠네요. 단, 추운 겨울은 비추천입니다. ^^     4. 낙안읍성 / 주차장 주소 – 전라남도 순천시 낙안면 평촌리 1-7 - 우리나라에서 가장 보존이 잘 된 읍성 마을을 만날 수 있습니다. 마치 조선시대로 시간 여행을 하는 기분을 느낄 수 있는 곳이랍니다. 이 마을은 전시용 민속촌이 아닌 실제 주민들이 살고 있는 민속마을이라는 게 특징이랍니다. 성곽길을 따라 걷다 보면, 영상에 나오는 전망이 탁 트인 공간이 나오는데, 여기가 사진 포인트랍니다. ^^        5. 순천만 갈대 산책로(순천만 습지) / 주차장 주소 – 전라남도 순천시 대대동 161-8 가을 겨울 기준 한 낮보다는 오전 10시 전후, 오후 3시 전후로 가면 빛의 각도 때문에 황금빛 갈대숲을 만날 수 있습니다. 바람 부는 날 가시면 정말 아름다운 갈대 소리를 들을 수 있어요. 쏴~ 하는 그 소리 정말 감동이랍니다. 영상에 그 소리 녹음해서 삽입하였습니다. 잘 들어 보시면 들려요 ^^ 근데, 여기 입장료가 너무 비싸요 ㅠ.ㅠ 좀 내려 주세요 ㅎㅎ 그리고 11월부터 겨울철까지 여기 가시면 정말 많은 철새들을 만날 수 있어요. 특히 희귀종인 흑두루미도 만날 수 있답니다. 그리고 여기서 만나는 오리군무는 정말 황홀합니다. 겨울철 오리군무 절대 놓치지 마세요.   6. 용산 전망대 / 5번 코스 순천만 습지를 통해서 올라가는 게 공식적인 탐방로이고요. 일명 지름길이 있기는 한데, 공식적인 루트가 아니라 언급해 드리지는 않겠습니다. 1년 전에 올려드린 순천만 토크 영상 고정 댓글로 안내한 적이 있으니 참고 부탁드립니다.  - 정말 아름다운 순천만의 제1경 순천만 S자 물길을 만날 수 있는 곳입니다. 여기는 꼭 가셔야 해요. 단 물때를 보고 가셔야 합니다. 네이버에 ‘순천만 물때’라고 검색하시면 물때표 쉽게 보실 수 있는데요. 간조 시간 1~2시간 전후로 가셔야지만 S자 물길을 만날 수 있습니다. 시간 잘못 맞추면 뭉그러진 물길을 만나게 됩니다. 여기는 일물도 아주 유명한데, 물때와 일몰이 딱 맞는 날은 한 달에 몇 번 없으니 꼭 참고하시고 물때표 꼭 확인!!  7. 와온해변 –  순천만에서 가장 아름다운 노을을 만날 수 있는 곳입니다. 용상 전망대에서 일몰을 보시고 난 후 바로 이곳으로 이동하시면 두 마리 토끼를 다 잡을 수 있답니다. 갯벌 위로 비치는 노을이 정말 아름답습니다. 단, 여기도 간조 때 가셔야 아름답습니다. ^^   그 외 순천 드라마 세트장, 순천만 국가정원 등이 있으나 킴스트래블이 자연 및 문화재 위주로 찾아다니고 소개해 드리다 보니 이번 영상에는 소개해 드리지는 못했습니다.     [ 킴스트래블이 추천하는 순천 여행맛집 ] 예전에는 순천 여기저기 맛집들을 많이 기웃거렸는데, 최신 정보가 아니라 맛을 그대로 유지하고 있을지 알 수가 없어 최근에 가본 국밥집만 소개해 드릴게요.  순천은 국밥이 아주 유명한 고장이랍니다. 웃장 국밥과 아랫장 국밥으로 나뉘는데, 아랫장은 건봉국밥이 웃장은 제일식당이 각각 원탑 격인데, 저는 갓성비로 웃장 국밥 손들어드리고 싶습니다. 7000원짜리 국밥 두 그릇 이상 시키면 수육이 서비스라니~ 전국 최고의 가성비를 자랑하는 웃장 국밥집들. 그중 제가 자주 가는 집은 제일식당이라는 곳입니다. 여기 김치도 너무 맛있고, 콩나물 들어간 국밥이 너무 맛있고, 서비스 수욕은 살살 녹아요~~!! 여기 알고부터는 순천 가면 다른 음식 안 먹고 국밥만 먹다 보니, 다른 맛집들 최신 정보 업데이트가 안될 정도입니다. 아~ 그리고 건봉국밥도 유명하고 인기 있는 집인데, 막창 국밥 특이하고 맛있었던 기억이 있습니다. ^^  제일식당 / 전남 순천시 북문길 40 / 061-753-4655  건봉국밥 / 전남 순천시 장평로 65 / 061-752-0900   여행메모 글 값은 구독과 좋아요 그리고 후기 댓글로 받겠습니다. ^^  본영상은 순천시로부터 제작비를 지원받아 제작되었답니다. (순천시에서는 영상 제작에 필요한 제작비만 지원해 주셨고, 영상 제작에 관한 일체의 간섭이 없이 여행코스 기획과 내용 일정은 모두 킴스트래블이 자유롭게 직접 정하고 진행하였으며 일체의 상업적인 광고 내용은 없음을 알려드립니다.)  항상 응원해 주시고 시청해 주셔서 감사합니다.  곧 다음 여행에서 또 뵙겠습니다. ^^  킴스트래블은 드론사용사업등록, 드론보험, 장치승인을 필하였으며, 모든 비행 촬영 시 지방항공청 및 국방부, 공원관리공단, 문화재 촬영 허가 신청 및 촬영 허가 승인 후에 촬영을 진행하고 있습니다.  순천만은 철새 보호를 위해 전역이 드론비행 금지구역으로 지정되어 있습니다. 본 영상은 동아시아람사르센터와 순천만 보전과의 협조로 정식 허가를 받고, 촬영 전 주의사항 숙지 및 교육을 받고 비행 촬영 진행하였음을 알려드립니다. 그리고 와온해변 지역은 여수 공항 반경 9km 이내라 비행 금지구역입니다만, 여수 공항으로부터 허가 승인을 받아 비행하였음을 알려드립니다.  사용된 음악 정보는 아래와 같습니다. (모든 음악은 저작 사용료를 내고 사용하고 있습니다만, 한국 음악은 저작 사용료가 비싸서 사용하지 못하고 비교적 사용료가 저렴한 외국 곡을 사용하고 있는 점 양해 바랍니다. 국내 음원 합법적 이용 가능한 저작 사용권 주시면 언제든 환영하겠습니다.) 1. 화포 해변 An Hour Too Late - Nickolas Jones 2. 선암사, 인트로 Do You Ever Wonder - Sleepaway Camp 3. 굴목이재~송광사 Open Sky - Velvet Moon 4. 낙안읍성 I Fall - Dayon 5. 순천만습지(순천만 갈대), 용산 전망대, 와온 해변 Sway Together - Hannah Juanita ||| 안녕하세요?킴스님^^ 지금 막 배도 고픈 시간인데 노란 양푼에 쓱싹 비벼서 드시는 모습에^^ 침이 꿀꺽 넘어가네요🥰 영상이 늘~~~~~예뻐서~~~ 여행을 꼭 해야겠다는 계획을 짜게 만드신답니다 어서 코로나 정국이 평정 되어 모두가 맘 놓고 여행하길 기도합니다 오늘도 위시리스트에 메모 합니다 (지난 11월 1주일 여행 코스에서 순천만을 그냥 스치고 지나갔는데 다시 계획해서 가보겠습니다) 고맙습니다💕💕💕👍 ||| 너무좋아 가족들과 6번을 다녀 왔네요. 보고 나오면서 국가정원 구석구석 들러보면 멋진하루  되지요. 킴스님 영상기술이 날로 멋있어 집니다. ||| 한국가면 꼭 가봐야겠어요 순천 , 멋찐영상 잘보고갑니다 ||| 너무아름다운 곳인거 같아요 순천 또 가보고 싶군요 .",여행/이벤트
tXEc0V2d2YE,「국내여행」광주여행 필수코스! 무등산국립공원에 꼭 가보시길 추천드립니다,HoHoCouple호호커플,무등산 어릴때 가봤는데..영상으로라도 볼 수 있어서 좋았어요. 무등산 수박맛이 그립네요^^ ||| 진짜 아름답네요~ ||| 광주여행 가면 꼭 가볼께요^^ ||| 날좀 선선해지면 한번 가봐야겠어요~ 잘 보고 가요~ ||| 시간나면 또가보고싶다 무등산 최고다,여행/이벤트
YZcM-MviAbg,국내여행 가이드 직업으로 가능할까,길잡,열심히 잘 하는구나. 항상 응원하고 있어. 아가랑 잼나고 행복하게 건강하게 잘 지내~ ||| 영상 잘 보고 갑니다~ ||| 말빨 좋으시다...가이드여서 그런가 ||| 공감 합니다.. ㅋㅋ ||| 멋진 영상 잘보고 갑니다. 서로 응원하는 이웃이 되었으면 좋겠습니다. 🤝💗⏰^^~,여행/이벤트
2zigxTSOCZY,청양 가볼만한곳 BEST5는 어디? (국내여행/충청도),맛쫑 tour,콩밭메는 아낙네야~~~ 아름다운 청양. 좋아요. 9dog~~ ||| 청양에  볼거리가 많아요.👍 알프스 마을도 있군요 깡통열차 신기하네요😃 식물원.롤러슬라이드..풀청으로  즐감하고 갑니다😊💕💕 ||| 청양지역의 가 볼만한 곳 소개 해 주셔서 감사합니다. 기회가 되면 꼭 가보고 싶네요. 고맙습니다 .♤♤♤. ||| 청국장 먹어봐야 겠네요 ㅎㅎ 잘보고갑니다 ||| 아~~청양 아기자기하네요 못가본곳 볼수있어서 넘 좋네요^^ 예쁜동네네요^^,여행/이벤트
VpbrCWpfoik,"국내여행 다큐 경남 거제도 여행 / 대한민국 테마여행 10선 4권역 거제도편 / 근포동굴, 여차홍포해안도로, 구조라성, 샛바람소리길, 매미성, 거제관광모노레일, 계룡산전망대 등",킴스트래블 Kim's Travel,"구독과 좋아요 댓글은 다음 영상을 만드는데 큰 힘이 된답니다. ^^  [ 킴스트래블이 추천하는 거제 여행코스 ] 1. 근포동굴 – 일제강점기에 포진지 용도로 굴착된 동굴 (예쁜 인증사진 명소가 되어, 주말에는 오랜 시간 줄을 서서 찍어야 하는 곳이라 이른 시간에 가시는 걸 추천 드립니다.)   2. 저구항 – 6월말에서 7월초에 가시면 아름다운 수국동산을 만날 수 있는데, 그 시기가 아니라면 생략하셔도 좋습니다. 3. 여차홍포해안도로(무지개길) – 비포장을 달리는 아름다운 해안드라이브코스로 홍포전망대, 여차전망대 2개의 공식 전망 포인트가 있고, 홍포전망대 인근에 비공식 전망 포인트가 한 곳 더 있습니다. 4. 신선대 – 신선이 노닐었다는 아름다운 해변을 만나는 곳. 근처에 해금강이 있으니 시간 되시는 분들은 한번 가 보셔도 좋을 것 같습니다. 5. 바람의 언덕 – 바람이 불어와 쉬어간다는 곳으로 아름다운 바다풍경과 함께 서 있는 풍차가 있는 곳입니다. 6. 남부해안드라이브 – 감성적인 해안 드라이브를 즐길 수 있는 곳입니다. 와인딩 또한 일품입니다. 7. 구조라항 – 감성이 물씬 풍기는 샛바람소리길, 구조라성, 바람곶 우체국 등 감성여행지들이 가득한 항구이니 꼭 들러 보시길 추천 드립니다. 8. 샛바람소리길 – 숲길을 따라 걷는 힐링 산책길. 9. 구조라성 – 바다 풍경이 펼쳐지는 성곽길로 예쁜 사진을 찍을 수 있는 곳으로 인기가 많은 곳입니다. 10. 바람곶우체국(거제 여행자 플랫폼) - 여행자들의 쉼터이자 느린 우체통을 이용해 소중한 사람들에게 소중한 안부를 전하는 감성적인 장소입니다. 11. 매미성 – 이국적인 석성을 만나는 곳 12. 거제관광모노레일 – 거게포로수용소 내에 위치해 있으며, 계룡산 능선 전망대까지 오르는 산악형 모노레일입니다. 인터넷 예매 필수. 13. 계룡산전망대 – 거제도내에서 가장아름다운 전망을 자랑하는 곳으로 모노레일로 쉽게 접근이 가능하고, 한려수도의 아름다운 섬들의 풍경을 한눈에 조망할 수 있는 곳입니다. (강력추천)   - 영상에 포함된 모든 여행지들을 돌아보기 위한 여행 일정은 1박 2일 이상이 적당합니다.  (당일여행으로는 불가능합니다.)  [ 킴스트래블이 추천하는 거제 맛집 ] 본영상은 한국관광개발원으로부터 제작비 지원을 받아 제작된 영상으로 상호 노출이 부담되어 영상에는 포함시키지 못하고 글로 맛집 정보를 알려드립니다. (제 개인적인 입맛으로 개인적인 추천입니다. 그리고 킴스트래블에서는 진심을 담은 여행정보 전달을 위해 맛집 협찬은 전혀 받지 않고 있음을 알려드립니다.)  1. 예이제게장백반본점 (055-681-1445) 게장 전문점으로 게장 좋아하시는 분들은 가볼만 하시고, 게장 좋아하지 않으시는 분들은 다른 곳으로.  2. 천화원(055-681-2408) – 70년 전통의 3대를 이어온 중화요리 식당으로 탕수육과 짬뽕이 괜찮습니다. 3. 배말칼국수김밥 (055-682-6067) - 톳김밥과 칼국수가 맛있는 집으로 줄을 서야하는 불편함이 있습니다.   본영상은 한국관광개발원으로부터 제작비를 지원받아 제작된 영상입니다. (국내여행 활성화를 위해 한국관광개발원에서 주관하는 ‘대한민국 테마여행 10선’이라는 주제를 홍보하는 역할을 맡게 되어 올해 겨울까지 여러 개의 지역테마를 진심을 담아 기획하고 제작할 예정입니다. 제작비만 지원을 받고 있으며 여행코스기획과 내용은 킴스트래블이 진행하고 있어 일체의 상업적인 광고 내용은 없음을 알려드립니다.)         항상 응원 해 주시고 시청해 주셔서 감사합니다.  곧 다음 여행에서 또 뵙겠습니다. ^^  킴스트래블은 드론사용사업등록, 드론보험, 장치승인을 필하였으며, 모든 비행 촬영 시 지방항공청 및 국방부, 공원관리공단,  문화재촬영 허가 신청 및 촬영 허가 승인 후에 촬영을 진행하고 있습니다.  사용된 음악 정보는 아래와 같습니다. 1. 근포동굴 ~ 여차홍포해안도로 – I've Fallen Down - Loving Caliber 2. 여차홍포해안도로 ~ 신선대 – Remove The Complexities - Peter Sandberg 3. 바람의언덕 ~ 바람곶우체국 - The One That Got Away - Thyra 4. 바람곶우체국 ~ 매미성 – Next to Me (Acoustic Version) 5. 거제관광모노레일 ~ 계룡산전망대 - For Some Time - Daniel Gunnarsson ||| 초보 가입자입니다 요즘 바빠 못보다 다시 보게 되었습니다 거제도에 가보고 싶어서요 영상을 멋지게 찍으셨습니다 영상을 받쳐 주는 최고의 음악! 음악 선택은 정말 탁월합니다 음악과 경치! 음악에 대한 정보도 알려 주시고 감사합니다  수고하셨습니다 ^^ ||| 킴스 트레블이 꼭  가봐야할곳 국내  여행지를 찾아 영상으로 소개시켜 주시는것 같아요 감사함다 ||| 목소리듣기좋아서 좋아 잘찍은 그림좋아. 여행 가고싶도록 찍힌 사진 넘좋아.잘생긴 📷 ||| 영상미굿!!!!",여행/이벤트
Fc6Bz6h7asQ,단양 당일치기 여행!! 10만원가능??? || 패러글라이딩명소 || 마늘떡갈비 || 야 너두 당일치기 갈 수 있어!! | 최이사의국내여행,오다여행사,오...잼나게봤어요. .   패러하러  단양가고싶네요. . ||| 이사님 목소리도 좋고 잘하시는데 더 자신감 가져도 될 거 가타요 ㅋㅋㅋ 여행 정보 안내를 좀 더 명료히 해주시면 여행 계획할 시간이 많지 않은 직장인들에게 크나큰 도움이 되겟습니다~ ||| 단양이 저렇게 재밌는게 많은곳이였군요!! ||| 저기서 꿀팁하나 드리자면 패러글라이딩 하실때 조금더 아끼고 싶으시면 티몬 같은 소셜커머스에서 티켓사시면 조금더 저렴해집니다 물론 영상비는 불포함인데 현장가서 영상추가하셔도 더 저렴합니다!! ㅎㅎ ||| 유툽으로 흥하자 우리 최이사님 화이팅!!,여행/이벤트
UjwHhvyhBIg,국내여행 제주도에서 꼭 가봐야 하는 여행지 30곳! 영상하나로 정리해봤습니다 Jeju Island,뻐니tv,제주도는 한번 가본곳 이지만 구경할곳이 워낙 많아서  한번 더 가보고 싶네요 👍👍👍 ||| 뻐니님 덕분에 제주도여행 3박4일코스로 잘 갔다왔네요 추천해 주신곳 전부 다 좋더라구요 근데 거문오름은 하루전에 예약해야된다고 하네요 👍 👍 👍 ||| 관광지.소개해주셔서.감사합니다.근대아쉬운점이있내요관광지중에평화박물관과의자마을이빠젓내요수고하셨습니다감사합니다 ||| 좋은 영상이네요 잘보고갑니다 고맙습니다 ||| 1곳 더 추가하라면 송악산 둘레길 추천합니다,여행/이벤트
KOLACl6JbYU,절대 실패하지 않는 제주도 여행 코스 짜는 방법.,제주도 김씨 표류기,"안녕하세요, 제주도 김씨 표류기입니다😊 여행 코스를 물어보시는 분들이 많이 계셔서 저희 부부가 7년 동안 직접 가보고 느꼈던 사진과 생각들을 모아 제주도 구석구석을 소개해드리는 제주여행 전문 앱을 개발/운영하게 되었어요. 행복한 제주 여행을 꿈꾸는 모든 분들에게 도움이 되었으면 좋겠습니다. 많은 이용 부탁드릴게요 :) 감사합니다. [ Android ] https://bit.ly/2YFf12o [ iOS ] https://apple.co/3mYsKLl [ Website ] https://inblu.kr ||| 이건 솔직히 제주도에서 상줘야한다.. ||| 이 10분짜리 영상보고나면 내가 살고있는 지역보다 제주도 지리가 더 빠삭해짐.... ||| 제주도에서 태어난 저보다 제주도 지역을 아주 편하게 쉽게끔 영상으로 표현 해주셔서 감사합니다  앞으로 자주 영상으로 보겠습니다  앞으로 좋은 영상을 기대합니다 😊 ||| 와 제주도 치고 들어왔는데 댓글을 안달수가 없게 만드네요 고맙습니다",여행/이벤트
vFzg1R0QuBs,뚜벅이 국내여행 BEST3 🚃 대중교통으로도 충분한 국내여행지 추천 / 뚜벅이 1박 2일 국내여행 하기 좋은 곳 모음.zip,왓츠인마이트립,영상 속 숙소들의 실시간 가격 확인하고 예약하기  강릉 세인트존스 호텔 https://dayoff.co.kr/hotels/20447014/?utm_source=youtube&utm_medium=referral&utm_campaign=conversion-whatsinmytrip  부산 크라운하버 호텔 https://dayoff.co.kr/hotels/9455209/?utm_source=youtube&utm_medium=referral&utm_campaign=conversion-whatsinmytrip  파주 글램핑 클럽 레스피아 https://www.agoda.com/partners/partnersearch.aspx?pcs=1&cid=1913622&hl=ko-kr&hid=26058309 ||| 요즘 여행 넘 가고 싶어서 영상 찾아보다가 ㅎㅎㅎ 잘 보고 가요 ||| 뚜벅이 여행가고 싶어서 생각없이 보다가 우리동네 나와서 놀람요 ㅋㅋㅋ ||| 잘보고갑니다 ㅎ 좋은곳이많네요 ||| 코로나때문에 랜선여행중,여행/이벤트
kASFvdFjzbM,가족여행 고민 끝! 아이와 가기 좋은 국내 체험형 호텔&리조트 BEST 5,NOL 인터파크투어 ,원하던 정보가 여기있었네요~ 좋은정보감사합니다~ ||| 정보감사해요!!!!! 저장해놔야겠어요! ||| 체험형 숙소라니 너무 좋아요!! 저장🫶 ||| 하이원은 사계절 아이들과 같이 찾기에는 전부 좋은 장소 인거 같아요~ ||| 아이들이랑 가봐야겠어요 좋은  컨텐츠 감사합니다!!,여행/이벤트
RbUU0xllo84,국내여행브이로그 강화도당일치기여행 /여행영상/여행VLOG/ 강화국수 - 카페희소식 - 석모도 칠면초 군락지 - 석모도 보문사 -굴암돈대 -해운정양식장  [서우 seowoo],서우 seowoo,"대리만족하고가요~🙌🏻 ||| 재밌게 보고 갑니당! ||| 영상 잘보고 가요~ 구독, 좋아요 꾹 누르고  가요~ 이웃처럼 자주 놀러올께요. 소통하며 지내요~ ^^ ||| 강화국수 진짜 마싯겠당 ㅠㅠㅠ 배고프네용 영상 잘보고갑니당 구독 꾹 누르고갈게용 맞구독 부탁드려용!",여행/이벤트
PCXFIRB6o9I,경주여행 기본 개념부터 잡아드리는 12분 가이드,트립콤파니,"좀 급하게 정보가 필요했는 데 진짜 정보 전달에만 잘 집중하셨네요! 자기자랑을 가장한 브이로그형 여행 정보보다 훨씬 좋네요... ||| 며칠 뒤 경주에 가려고 하는데 댓글을 안 달 수가 없게 정리가 잘 되어있네요! 덕분에 경주 여행 개념 잡혔습니다 감사합니다🤸🏻 ||| 경주여행의 입문 길잡이로 정말 쵝오네요!!! 👍👍👍👍👍 지도와 거리, 시간, 버스노선까지 한번에 정리되는 군더더기 없는 정보와 서울지역 지도와 비교하여 설명해주시니 머리속에 쏙쏙 들어오네요! 와 진짜 지금까지 본 여행가이드 중 최고입니다!!! ||| 완벽하네요 경주 자주가는데 이걸 이제야 봤네요 이거대로하면 진짜 알차게 보낼수있을거 같네요 꼭 보고 참고하시길 바래요 ||| 진짜 좋은 영상이네요!!  어제 경주 다녀왔는데 황리단길은 정말 너무 힘듬 사람도 너무 많고 주차랑 진짜 힘들었음. 카페도 너무 비싸고 자리도 편한곳이 별로 없음. 다만 숙소를 보문단지 근처로 잡았는데 진짜 제일 좋았음. 조용하고 주변 경관도 엄청 좋고 스벅이나 맥도날드 같은곳도 한옥 스타일로 되어 있어서 훨씬 여유롭게 즐길수 있고 제일 좋았음. 차 가지고 불국사 갔는데 제 2주차장도 있어서 크게 자리가 없거나 그렇지 않았음 !",여행/이벤트
HKO4S8zWHVk,"국내여행 다큐 전북 진안여행 / 여행코스 & 진안 맛집 / 원연장 꽃잔디 동산, 마이산, 용담호 생태습지공원, 부귀 편백나무 숲, 모래재 메타세콰이어 가로수길, 국내여행지추천",킴스트래블 Kim's Travel,"구독과 좋아요 댓글은 다음 영상을 만드는데 큰 힘이 된답니다. ^^ [ 킴스트래블이 추천하는 5월의 진안 여행코스 ] 1. 모래재 메타세콰이어 가로수길 – 멋진 드라이브코스. 2. 부귀 편백나무숲 – 정말 한적하고, 조용한 편백나무 숲길을 거닐며 힐링 할 수 있는 곳. 3. 원연장 꽃잔디공원 - 아름다운 형형색색의 꽃잔디 동산을 만나는 곳.  / 아마도 5월 중순까지는 꽃을 보실 수 있을 것 같습니다. 4. 용담호 자연습지생태공원 – 꽃잔디부터 싸리나무 꽃까지 다양한 봄꽃들을 만날 수 있고, 습지의 독특한 풍경을 만날 수 있는 곳. / 여기는 인터넷에서도 잘 안보이고, 네비에도 나오지 않는 곳이라 주소 찍고 가셔야합니다. / 진안읍 운산리 64-2 5. 마이산 도립공원 – 진안 가면 꼭 들러야하는 신비의 탑사를 만나는 곳.  [ 킴스트래블이 추천하는 진안 맛집 ] 관광지 맛집이 아닌 현지인 맛집 기준. 1. 시골순대 – 국내에서 손꼽히는 순대국밥을 맛볼 수 있는 곳. 063-433-2751 2. 행복한밥상 - 묵은지 갈비찜 정말 맛있습니다. 063-433-5488   킴스트래블은 드론사용사업등록, 드론보험, 장치승인을 필하였으며, 모든 비행 촬영 시 지방항공청 및 국방부, 공원관리공단,  문화재촬영 허가 신청 및 촬영 허가 승인 후에 촬영을 진행하고 있습니다. 마이산 도립공원 관리 사무소를 통해 사전에 국가지정문화재 촬영 허가 신청서와 촬영협조 공문을 보내 정식 승인을 받고 협조하에 합법적으로 촬영 되었습니다. 그외 원연장 관리 사무소와 드론 촬영에 대한 사전 협의 후에 촬영 되었습니다.  원활한 촬영 진행에 많은 도움을 주신 마이산도립공원 관리사무소에 깊이 감사드립니다.  사용된 음악 정보는 아래와 같습니다. 1. 모래재 메타세콰이어 가로수길 – Way Way Back (Acoustic Version)- Lvly 2. 부귀 편백나무숲 – Way Way Back (Acoustic Version)- Lvly 3. 원연장 꽃잔디공원 - A Traveling Spirit - Daniel Kadawatha 4. 용담호 자연습지생태공원 – Remove The Complexities - Peter Sandberg 5. 마이산 도립공원 - Trust in Me - Ramin ||| 진안을 참 잘 소개해 주셨네요 고생한 흔적이 참 많아 보입니다  고생하셨습니다 ||| 모래제 갈색나무들 멋져 보이고 또 심혈 을 기울여 선곡 하신  음악 또한 역시나 넘  넘 좋고 꽃동산도 이쁘고 용담호 꽃길 도예술이네요~영상  감사합니다^~^ ||| 안녕하세요 ~ 킴스트래블님 추천한 진안여행을 지난주에 잘 다녀왔습니다.  너무 예쁘고 멋진곳 알려주셔서 감사합니다 ~~ ||| 우리고향 전북의 아주 멋있는 전경을 영상으로 담아주시니 너무 감사합니다. 모든 풍경들이 정겹고 품격있는 멋스러움의 장소는 우리 나라의 산하인것 같습니다. 킴스티레블님 아름다운 영상 늘 기대합니다.",여행/이벤트
8dAtT4kKFug,[국내여행] 별의도시 영천여행 BEST9 경북여행 (공모전 수상),유성비비 USungBB,"영천의 이모저모 넘  좋네요~ 한번  가보고싶은곳 멋찐영상  즐감했습니다~~ ||| 늦었내요 ㅠㅠ 오늘은 편집을 많이 하신거 같아요!!요즘 날씨가 춥고 바람이 불기도 한데 흔들림 없이 잘 찍으신거 같아용!!늘 응원 합니다😄 ||| 영천에도 너무 멋진곳이 많이 있네요~^^ ||| 별~ 내레이션 조용히 듣는데, 의미심장하네요 :)  잘 감상하고 갑니다^^ ||| 와~ 영상 정말 멋져요! 어디 여행 가고싶을땐 유성비비님 영상 꼭 참고합니다 ㅎㅎ 그 어떤 다른 유튜버보다 깔~끔하고 핵심만 보여주셔서 지루하지도않아요, ㅎㅎ 여수편보고 구독하기 시작했는데! 영상도 점점 다 멋져지네용 ㅎㅎ",여행/이벤트
GuYtccBQuoE,"국내여행 다큐 전남 보성여행 / 여행코스 & 보성 맛집 / 대한다원, 봇재, 득량역 추억의거리, 강골마을, 열화정, 국내여행지추천, 여행유튜버",킴스트래블 Kim's Travel,"[ 킴스트래블이 추천하는 보성 여행코스 ] 1. 대한다원 1다원 – 초록빛 다원의 신록을 만나는 곳 2. 봇재 (초록잎다원) – 차밭 풍경이 그림같이 펼쳐지는 고갯마루 3. 득량 장미꽃길 – 꽃길 드라이브 코스   4. 득량역 추억의 거리 – 70~80년대 추억을 만날 수 있는 곳 5. 강골마을과 열화정 – 조선시대로 떠나는 시간여행  [ 킴스트래블이 추천하는 보성 맛집 ] 1. 녹차떡갈비는 보성녹차떡갈비(061-853-0300), 특미관(061-852-4545) 이 두 곳이 유명하고요.  2. 벌교 꼬막정식 – 벌교 꼬막 정식은 제가 자주 가던 단골집이 문을 닫아버려서, 이름 걸고 추천 해 드릴만한 맛 집은 다시 찾아야 할 것 같습니다. 3. 득량 반점 (061-853-8857) - 사장님 정말 친절하시고, 제가 맛본 짬뽕 외에 요리들도 정말 맛있다고 하던데, 혼밥이라 요리는 못 먹어봤네요.   구독과 좋아요 댓글은 다음 영상을 만드는데 큰 힘이 된답니다. ^^ 항상 응원 해 주시고 시청해 주셔서 감사합니다.  킴스트래블은 드론사용사업등록, 드론보험, 장치승인을 필하였으며, 모든 비행 촬영 시 지방항공청 및 국방부, 공원관리공단,  문화재촬영 허가 신청 및 촬영 허가 승인 후에 촬영을 진행하고 있습니다. 강골마을과 열화정은 보성군 문화재관리처로부터 국가지정문화재 촬영 허가 승인 후 촬영되었으며, 대한다원도 공문을 통해 사전승인을 받고 협조하에 합법적으로 촬영 되었습니다.  사용된 음악 정보는 아래와 같습니다. 1. 대한다원 – You Let Go - Thyra 2. 봇재 – Know Me - Las Lunas 3. 득량 장미꽃길, 득량역 추억의 거리 - Best Kept Secret - Roots and Recognition 4. 강골마을과 열화정 – Pina Coladas - Las Lunas ||| 강골마을의 열화정 꼭 가보고 싶네요 벌교꼬막정식도 먹어 보아야겠습니다. ||| 잔잔한음악  마음이 편안해 집니다,  감사합니다. ||| 보성 여행 영상도 잘 봤습니다 아름다운 음악과 영상미 언제나 너므~~ 좋습니다 ^^ㅎ ||| 덕분에 좋은고 잘봤습니다 감사 합니다",여행/이벤트
CJheXHRoPdA,속초 여행 가볼만한곳 필수코스 BEST 5 명소부터 맛집까지!,사나의 여행 Ella's,https://youtu.be/JU0J2gYV6t4  속초 여행코스 추천 두번째☆ ||| 훌룡한 영상 감사합니다^^최고입니다ㅡ! ||| 감사합니다  속초  너무  멋져요 ||| 속초 영금정 정말 멋진 곳입니다! ||| 속초 정말좋아요!,여행/이벤트
YO4NAW8SnyI,코로나 블루 날려버릴 랜선국내여행 🍀 조용한 곳 찾아? 숨겨진 국내 여행지 추천 고흥 장흥 완주 곡성,여행플러스 TRIP PLUS,혼자 조용히 일주일 정도 쉬고  싶었는데 가본적도 가본곳도 없네요 ㅋㅋ  고마워요 잘 보았습니다 ||| 좋은 영상 잘 보고 갑니다. 서로 응원하는 이웃이 되었으면 좋겠습니다.^^~~~ ||| 전라도의 여행지를 소개해주셔서 감사드립니다. 더 좋고 많은 영상 기대합니다 ||| 근데 이 영상 조회수가 16000여회 인데 꽤 많은사람들이 봤으니... 왠지 가면 의외로 북적일것 같네요......,여행/이벤트
b5sSiw3YrRg,"[VLOG]국내여행 브이로그_강릉 2박3일 여행🏖 2탄|2박3일 국내여행|겨울여행지 추천|강릉중앙시장,안반데기,하슬라아트월드,테라로사,스테이인터뷰,장칼국수,순두부젤라또,순두부찌개",콩이야 KongTube,"저녁노을이  멋지네요. 잘 보았습니다. 화이팅입니다. 꾹 누르고 가요.👍👍 ||| 회가 정말 싱싱해보여요🙈😃 장칼국수, 순두부 아이스크림은 정말 먹어보고 싶은 메뉴예요 꺅 테라로사 사람 진짜 많네요🙄 ||| 강릉여행.  참 부럽네요.  싱싱한 회...  헉~  그리고 매운탕.  여행은 먹방이죠~  ^^ ||| like7 오오 콩이야님 강릉 다녀오셨군요 :) 저도 여름휴가때 다녀왔는데 영상 보면서 반가운곳들이 많아서 추억되새기게되용 ㅎㅎㅎ 하슬라아트월드도 넘 좋죠 ~ 장칼국수도ㅠㅠㅠ ||| 으아~~ 강릉 너무 좋아요! 언제나 여행하기 좋은 강릉🚗🚗 안반데기 가보고싶었는데, 별이 안보여도 너무 예쁜뷰네요. 장칼국수 너무 좋아요ㅠ_ㅠ 맛있는거 많이 드셨네요... 배고파졌어요.....ㅠㅠ 오늘도 재미잇게 잘보고갑니다💕",여행/이벤트
jVSymXe5Bbk,🇨🇳 5분만에 둘러보는 베이징 여행명소 12곳 / yummy얌이,샨티ashanti,헐 영상 너무 좋아요! 특히 중간에 베이징덕 완전 맛있어보여요 ㅠㅠㅠ ||| 영상 퀄리티 보고 놀래고 알찬 내용 보고 또 놀래버림..👍👍 베이징 여행지 찾는 사람들한테 완전 도움 될 듯! ||| 와 진심 유익한 정보들이에요 감사합니다 ㅠㅠ 이거 보고 베이징 여행갔었으면 더 유익했을텐데... ||| 중국 교환학생 가기 전 우연히 알게된 얌이띵스님 유튜브 영상 하나하나 정말 재밌었어요 ! 그리고 현지 생활과 여행에서 도움이 많이 되었습니다 ㅎㅎ 중국에서 귀국한지 반년이 흘러 2월에 베이징 여행을 계획했으나 코로나로 인해서 취소됐어요 ㅠㅠ 아쉬움을 이번 영상을 통해서 나름 위로해봅니다 .. 코로나가 끝나면 베이징 여행갈 예정인데 이번 영상을 또 참고하도록 하겠습니다 !  항상 열심히 사는 모습이 멋있습니다 ! ||| 진짜 퀄리티 실화입니까요 완전 유익해요!!!,여행/이벤트
abb-iPWCKqs,"국내여행 충북 괴산 문광저수지 / 황홀한 물안개와 은행나무 가로수 길이 만나는 곳 /  가을여행지, 국내여행지추천",킴스트래블 Kim's Travel,"영상 공모전 응모용으로 업로드하게 된 영상입니다. 응모 조건이 계정에 영상을 올려야 하고, 영상 길이가 3분 이내라는 시간 규정이 있어 이렇게 짧은 영상을 채널에 업로드하게 되었으니, 불편하시더라도 많은 양해 부탁드립니다.  흔쾌히 이해해 주실 거죠? ^^  영상 속의 장소는 충북 괴산 문광저수지라는 곳이고요. 다들 아시듯 평범한 날에 가시면 볼 거 없는 곳입니다. 하지만 은행나무가 노랗게 물든 시기에 이른 아침 물안개를 만나면 정말 황홀한 풍경을 만나게 되는 장소입니다.  영상 제작 의도는 가장 아름다운 순간에 만나는 대한민국의 풍경이고요. 계절과 시간 속에 숨겨져 있는 진짜 대한민국의 풍경을 만나는 여행입니다.  아직 안 가보신 분들은 이번 가을에 시와 때를 잘 맞춰 여행해 보시기 바랍니다. 물안개는 전날 최고기온이 비교적 따듯하고, 당일 아침 기온이 급격히 떨어질 때(대략 15도 차) 찾아가시면 물안개를 만날 수 있습니다.  은행나무 단풍 시기 10월 말 ~ 11월 초 ||| 물안개와 노랗게 물든 가로수 아름답내요. 신비스런 모습 환상젹입니다 ||| 🌹🌹아름다운 영상이네요~~🌸🌸 가보고 싶은곳~~🌼🌼  멋진영상 잘보고 갑니다~~🍀🍀 감사합니다~~최고~~🌺🌺 ||| 아...경주를 다녀왔는데...충북 괴산을 다녀왔어야 했군요 ;;; 함 꼭 가보겠습니다!!! ||| 괴산 문광저수지 과연 공모전 출품작이네요. 멋진 영상 엄지척 풀청으로 응원드립니다.",여행/이벤트
9a12rLdNvKE,혼자 떠나는 국내여행 나 홀로 여행 장단점,코비가 Korea Visual Guide 도PD와 또Trip,"혼자 여행의 장점은 나만의 시간을 맘 껏 즐길 수 있다는 점과 즉흥적으로 계획 수정이 가능하다는거고 단점은 어쩔수 없이 보이는 주위 커플이나 가족 단위 분들 때메 외롭다는거....ㅠㅠㅠ ||| 혼자여행 몸많이쓰는 여행(많이 움직이는 여행) 좋습니다 아무래도 둘이가면  심심함은 덜하지만  많이 움직이다보면 저같은 생각많은사람은 얽혀있던 생각의 매듭의 고리가 서서히 풀리는 느낌입니다  사색의 시간이 많아지면 많아질수록 결론이 단결해지면서 개운해지더라구요 요즘 여행을 못가는데 영상배경보면서 대리만족 느끼면서 삽니다 감사합니다! ||| 뭔가 혼자 여행하면 나 마음대로 해도 되고 나의 대한걸 더 자세히 알아갈 수 있겠지만  혼자여행다니면 뭔가 외롭고 무서울뜻,... ||| 길에서 길을 묻다. 낙산사. 결국 혼자여행의 묘미는 나를 돌아보는것 같아요. ||| 혼자 여행 가면 외로움도 분명 있지만, 그 순간이 정말 기억에 더 남는 것 같긴 해요! :-) 공감하구 갑니다아~",여행/이벤트
0EKK9AXgl_4,[해피여행]국내 남해안 섬 여행지 추천!,해피여행,"남해안 섬여행 정보 영상 잘보고 갑니다 ㅎㅎ 응원합니다 ㅎㅎ 🥰🙏🥰💞🙏 ||| 공부도 하고 구독도 하고 갑니다 ||| 영상너무좋아요 👍  초보 여행자 첫발을 뗏네요.^^  좋은 이웃이 되고 싶어요. 구완하고 갑니다. 조은정보 고맙습니다. 감사합니다. ||| 영상 잘 보고, 구독 하고 갑니다, 초보 여행유튜버 '야생소년 ' 입니다. 응원해주세요!ㅋ ||| 표드릴테니 전기와 다리건설 부탁하면 곤란하겠죠 부담 주지마시오",여행/이벤트
JUxWUNd25QA,국내여행 당일치기 추천 | 아산 여행 브이로그ㅣ아산여행코스ㅣ충남여행 korea trip,유성비비 USungBB,"오!! 고퀄~~ 영상이 넘 짧아요~~ 더 길게 보고싶어요!!^^ ||| 항상 고퀄리티 영상들 잘 보고 있어요 좋아요 누르고 가요!!! ||| 잘봤습니다. ㅎ 느낌 밝고 좋네요. ||| 멋진 영상 잘 봤습니다^^  완성형 영상으로 공부보다 요즘 스테디캠과 짐벌 촬영 모습과 완성 영상 같이 보여주는 분꺼 보면서 공부중인데 촬영하는 모습이 그려지네요.   액션캠 스틱도 꽤 긴걸 활용하시는듯.   NG가 안 날순 없을텐데 두분 다 촬영을 좋아하니 그렇겠구나 싶고, 하단 촬영은 짐벌 아래로 해서 확인을 못하고 촬영하는거니 초점감 없으면 못할듯 해서 웅크리고 촬영할 모습에 절로 웃음이 나네요. 몸 건강히 행복한 주말 되세요^^~~~ ||| 갈 곳이 더 많았는데, 하루는 짧아요!!~~🤩 ㅎㅎ",여행/이벤트
hI8E3t_Tb90,반드시 가봐야하는 포항 여행코스 best5 소개해드립니다 / 국내여행 / 당일치기 포항여행 코스 / 여행지추천,[빵이네]캠핑&여행TV,"빵이네 TV 응원합니다... ||| 포항에도  근대문화 역사거리가 있군요! 제가 이런쪽 취향이라.. 군산에 갔을때도 정말 좋았거든요!! 포항도 제 버킷리스트에 넣어놓겠습니다.  이번 영상도 유익한 정보 감사합니다. ^^ 좋은하루 보내세요 ^^~! ||| 울산에서 포항가는 고속도로가 개통되서 포항 자주가지만 빵이네 여행을보면 속이시원 합니다 영상으로보니  더멋지고 아름답습니다 감사드려요.. ||| 덕분에 포항투어 당일치기로 감사합니다 ~^^  늘 가정에 행운이 가득하시길 ,,, ||| 포항에는 송도해수욕장,영일대해수욕장,장사해수욕장,칠포해수욕장 등 아름다운 해수욕장들이 있고 또 구룡포에서 포항시내로 들어오는 해안도로를 타면 정말 아름다운 바다풍경을 볼 수 있습니다...공업도시인지 알았던 포항에 이런 아름다운 해안도로가 있을지는 예상 못했다가 너무 경치가 좋아 여러 번 더 가봤네요...그리고 의외로 포항에는 아름다운 산도 있는데..바로 내연산입니다...내연산은 자체로도 경치가 끝내주고 또 내연산에 있는 보경사라는 사찰은 정말 아름다운 사찰로 유명합니다",여행/이벤트
r6hLMHIH1TI,세계여행 대신 빡세게 국내여행 - 전라남도 해남으로 출발 01,곽튜브,"먹으면서 시작 ㅋㅋㅋㅋㅋㅋㅋㅋㅋ 캐릭터확실 ||| 0:14 바이러스 아닙니다ㅋㅋㅋㅋㅋㅋㅋㅋㅋㅋㅋㅋㅋㅋㅋㅋㅋㅋㅋㅋㅋㅋㅋㅋㅋㅋㅋㅋㅋㅋㅋㅋㅋㅋㅋㅋㅋㅋㅋ ||| 와 썸네일 난줄;; ||| 늦게 알게돼서 볼 영상이 많은게 행복하다... ||| 곽튜브님께서 해남여행 중 묵어주신 남도장은 저희 외삼촌이 운영중이신 곳입니다:) 제가 태어나기 전 부터 외할머니가 직접 운영하시던 곳이라 말씀주신 것 처럼 굉장히 오래된 곳이에요~ 저도 일하느라 바빠.. 남도장에 못간지 몇 년 되었는데 곽튜브님 영상을 통해 오랫만에 보게되어 행복하네요. 시설이 최신식은 아니지만 남도장 공간 하나하나에 저희 외할머니의 손길, 외삼촌의 젊음이 담긴 곳이라 영상을 몇번이나 돌려보았습니다. 우연히 유트브 알고리즘으로 곽튜브님 영상을 접하게 되었는데, 다시 한 번 감사의 인사 드립니다:)",여행/이벤트
JIyulnF9W7I,"[국내여행] ""현직 여행사 직원 추천"" 인스타감성 국내숙소 TOP5 (ft.내가 가려고 만든 영상)",찐트래블러,,여행/이벤트
YYD1X1LJBfk,6월 국내여행 가볼만한곳 추천 #전라남도 #섬여행,남도여행길잡이 - 전남관광채널,영상미가 좋아서 여행가고 싶게 만드는 영상이네요!!,여행/이벤트
_TZpG0fVrFk,하동 여행 벚꽃 대리만족 랜선 벚꽃놀이 [국내여행],코비가 Korea Visual Guide 도PD와 또Trip,좋은 힐링장소 많이 소개 해주시기에 정말 흥미로운 컨텐츠 예요.  뚜벅이로 일반교통편으로 최대한 추천 장소 가보려해요. 근데 거리가 먼 남부지방이 많군요. 우선 중부북부 부터 가보렵니다. ||| 저는 이런 꽃들만 보면 괜히 기분좋아지고 그러더라고요.. 시국이 시국인지라 나가지 못하고 있는데 이렇게 영상으로나마 힘을 받네요 감사합니다 !! ||| 내년엔 꼭 가보고싶네여ㅜ,여행/이벤트
1C4JA2Hlh4k,#21 [호치민 여행] 4탄 : 호치민 가성비 추천 맛집 / Famous restaurants with good price of Ho Chi Minh,마마스 트래블 mama's travel,와~ 식당이 하나 같이 가보고 싶은 곳이네요~ 길거리 음식까지...ㅎ 하늘 길만 열리면 바로 날아가고 싶네요^^ 응온이 아마 맛있다 라는 뜻일 거에요~ ㅎㅎ ||| 바닷가 해물 당기네요~^^ ||| 식물원처럼 식물 많네요 초록식물이 있는곳에서 즉석요리로 식사하면 더 맛있겠어요 ||| 호치민 맛집 바다 옆자리 분위기도 넘 좋네요. 베트남 로컬 식당도 품격이 있는 요리들로 가득가득 군침만 흘리다 다음 영상 기대해며 응원할께요 👍😁😉🤝 ||| 두번째 식당 꼭 가보고 싶네요~ 영상만 봐도 즐겁습니다 목소리도 진짜 좋으세요~^^ 잘보고 갑니다♡♡,여행/이벤트
WeJ5lXoMmm0,가성비 충주 여행 마무리 영상 [ 떡볶이 전국일주 충주편 ],뭉거노,초보 여행자 첫발을 뗏네요.^^ 지금부터 조금씩 해보려구요.^^ 좋은 이웃이 되고 싶어요. 구완하고 갑니다. 조은정보 고맙습니다. 감사합니다. ||| 충주 언니 자주 나와주세요. 여행 문의 황금 열쇠같은 존재 ||| 코로나조심하세여!,여행/이벤트
xw1BBwSn-JA,"[통영 맛집] 통영 가성비 끝판왕 횟집, 25,000원 고등어회 정식에 다나오는 곳  - 충청도회초장욕지고등어회",몽몽맛집,이번에 통영 여행 하면 여기 가봐야겠어요~~ ㅎㅎ  와 끝내주네요^^ ||| 이거 보고 어제 방문했어요!! 사장님 친근하시고 친절 하십니다!! 너무 좋으시고 서빙하시는분이 아마 따님이실것 같은데 똑같이 너무 친절하세요 근데 심지어 너무 맛있음!! 덕분에 낚시여행갔다가 맛있게 즐겁게 먹었어요!♡ ||| 통영 가고파지는 동영상이네요! 정식!! ||| 통영 한번도 못가봤어요 영상보니 꼭~ 가보고 싶네요  화질이 너무 좋아요 맛있게 보고 갑니다^^ 저희채널에도 놀러와 주세요~~~ ||| 내일 가야쥐!!,여행/이벤트
fNYL2Q2aclg,#여주여행 #현지인맛집 #가성비맛집 여주 가성비 맛집 마당깊은집,으랏차차방콕부부,여주 오셨네요. 너무 좋으시겠어요 즐거운 시간 되세요 한국도 이제 가을로 접어드네요. ||| `안녕하세요 영상 잘보구 갑니다^^  엄지척~~~ 다른영상도 천천이 보구 갈게요 /..... ||| 방콕부부님 안녕하세요. 여주 맛집 소개 영상 잘 봤습니다. 좋아요 & 풀청 응원합니다. ||| ngon quá bạn ơi. chúc bạn may mắn ||| 여주는 처갓집이 있는곳인데~ 안녕하세요 방가워요 손잡으러 왔어요. 풀청하고 선물 놓고 갈께요,여행/이벤트
CgiuLGjUmAw,세상의 끝에서 즐겨보는 가성비 남도 백반 정식!,Tooth Breaker,좐님도 매력있네 ㅋㅋㅋㅋㅋㅋ 뭔가 아속킹이랑은 다른 매력  귀.. 귀엽다 ||| 친구분들이 다 착하시네~^^ ||| 영상 보면 늘 느끼는데 투쓰님은 진짜 자기사람 아끼고 잘 챙기시는듯 배려심 짱 ||| 땅끝 마을 송호리 해수욕장 바로 앞 기사식당이 진짜 최고인데ㅋ ||| 정말 투스님은 누구보다 부자네요. 의리있는 친구들이 있어서 그 누구보다 행복한 분 같아요. 영상 내용이 갈수록 재미있어서 10분이 순삭되었습니다. 앞으로는 길게 만들어 주세요^^ 좋은 영상 감사 드려요. 아속킹님에 이우 좐님도 모처럼 뵙게 되어 즐거운 에피소드였습니다,여행/이벤트
ueQwUVnG90U,[부산 BUSAN] 가성비 #돼지국밥 맛집 | 나홀로 #부산여행  | 해운대 광안리 | 국밥대장정,TravelBoss_돼지보스,돼지국밥 맛을 알뜰히 보여주셔서 감사 아주좋아요 ||| 잔잔한 음악을 배경으로한 해질 녁의 광안리해변이  인상적이네요.^^.  광안국밥에서 수육백반 먹어보고 싶네요.^^.  잘 보았습니다. ||| 보며 힐링하고 갑니다:) 커피 넘 맛나게 보여요.. ||| 배고파서 안되겠네요.지금 당장 국밥먹으러 나가야겠어요.침 흘리며 봅니다. ||| 와 정말 돼지보스님 갑자기 또 배가 고파지네요 순댓국과 돼지국밥 둘 다 비슷한듯 다 좋아하는데 항상 너무 맛있게 식사하는 모습에 감동받았습니다 화이팅 ~~~~,여행/이벤트
u1T-wGX_x6M,장안동 생선구이 가성비 갑 기사식당,오렌지캡,정말 착하고 고마운 식당같습니다...빨리 가 봐야겠습니다.. ||| 멋지십니다..저도 오렌지님처럼 방문하겠습니다... ||| 뒷광고 일하면  앞광고는 영상 구독 알람 설정 했어요 홧팅  구독100  몸무게 100을 향해  전진하시길 ||| 아휴 홍어사투리,여행/이벤트
dH2DlGgTC9M,체코 프라하 Prague 여행 맛집 조니 피자 미친 가성비 브이로그 통슐랭가이드 랜선여행,기미상궁-팔도유람기,배낭여행객들의 가벼운 주머니를 위하여~ 딱이네요 딱~!!!! 조니피자 gogo!!! ||| 기다렸어요~ㅎㅎ ||| 맛집맛집~ ||| 정말 정말 저렴한데 맛도 있다니까 가보고 싶네요ㅠㅠ👍👍 ||| ㅋㅋㅋㅋㅋ 여기 진짜 로컬들이 사랑하는 개맛집인데. 주인 청년도 진짜 친절하고 자주 가요.,여행/이벤트
CniR6xzbwuQ,#23 | 제주도 | 맛집투어 | 가성비 제주맛집 | 영빈횟집 | 자연산참돔🐟 | 천짓골 | 돔베고기🍗 | 갈치조림 | 제주스타벅스 | 까망크림프라푸치노☕️ | 제육백반,리메인remain,,여행/이벤트
QI1-nZqvJ4A,"태국🇹🇭파타야 여행 찐!! 로컬식당 가성비최고J`Boon Sea Food[지도검색X,파타야현지식당,파타야맛집,PATTAYA,travel,trip,vlog,mukbang]",VERILAND VRvlog,,여행/이벤트
xR2QTHJba5Q,말이 필요없는 만원 삼계탕!겨울에도 몸보신 합시다!가성비 식당/대구맛집/Samgyetang/먹방/mukbang/Korean health food,주슐랭 Juchelin,여기 반찬도 잘나오고 맛있어요..엄마가 자주감ㅋㅋ ||| 요즘 삼계탕 최소14000원은 하던데 여긴 무지싸네요~한번 가봐야겠어요ㅎ,여행/이벤트
ieVr9VKkh4A,"정일호선주집 맛집 ,영덕대게 먹으로 고고!! 가성비 좋고 대게고 싸고 굿굿",전국나드리,거짓말 ||| 요즘 대게 시세가..... ?,여행/이벤트
-1l6NmgK_Dw,제주시 가성비 중국집 황궁 쟁반 짜장 탐라원 리뷰! 제주시 가성비 맛집 추천! (제주시 맛집 리뷰),식도락 가이더 용팔오빠,'제주 친목도모(이주민/도민) 맛집투어 캠핑 낚시 레펓츠 함께해요:)' 밴드로 초대합니다. https://band.us/n/a0ac46z311TfW 우리 제주도민 들과 함께 먹방 투어 하고싶어서 개설 했습니다. 즐거운 모임 희망하시는 분들 들러 주세요 ㅋ ||| 가성비갑인곳👍 ||| 면이많고 간은 슴슴한편 탕수육은 맛있음 맛을 따지려면 더비싼집가서 먹기 ||| 사실 가성비는 인정,여행/이벤트
LNKglW4kKtA,진출작2.가성비 수원 여행,수원도시재단 TV,나를 이끌고 온 알 수 없는 알고리즘. 아름다운 도시와 아름다운 한 쌍. 하지 않을 수 없는 추천. ||| 수원화성에 꼭 들려봐야겠어요 ^^* ||| 저도 꼭 가봐야겠어요~~~ ||| 수원에 이런곳이 있다니..,여행/이벤트
fml0lhXFfL8,울산 가성비맛집 10년 단골 콩나물교실,굿플K,해장으로 콩나물 국밥 만한게 없죠  자도 자주 먹는 편입니다 영상으로 해장 잘하고 갑니다 화이팅 하시고 멋진 하루 보내세요 ||| 겨울에 뜨끈한 국물생각이 자주나는데 콩나물국밥 맛나보이네요~ 추천해주신곳 가봐야겠어요😊 ||| 오호^^ 콩나물국밥 좋습니다~ ||| 안녕하세요 울산 남구 공식 관광 SNS✨ 나하고울산갈래 입니다🐳🐳 콩나물 교실이라니 이름도 귀엽네요ㅎㅎ 목소리가 나긋나긋하셔서 너무 좋아요😊 저는 담백보다는 얼큰이 더 맛있어보이네요~! 근데 담백도 들깨가 들어가있어서 맛있을 것 같아요👍 영상 잘 보고 가요~ 시간 되실 때 저희 채널도 놀러와주세요❤ ||| 삼성자동차 학원쪽 지나가다 본것같은 느낌이 드네요!!! 저는 콩나물키우는 학원인지 알았는데.;;;;  맛집이였군요.ㅋㅋ,여행/이벤트
NfqMWASxOYA,"차 없이도 제주도 가능? 혼자 뚜벅이 가성비 여행기🌴| 제주 동부 조용한 게스트하우스, 카페, 맛집 추천🌴",오또니 ottoni,"이게 첫 영상이라구여~~~~~!? 아주 흠뻑 빠져서 봤네요😭 조만간 제주도 가는데 너무 이쁜곳 투성이,, 빨리 두번째 영상도 올려주세요 현기증난단 말이에요ㅠㅠ ||| 여유 넘치고요~~~ 숙소들 넘 져아ㅠㅠㅠㅠㅠ",여행/이벤트
qXNCaMxN8dw,[강릉여행] 겨울 호캉스 가성비 좋은곳 | 인피니티풀 | 강릉 1박2일 맛집 | 강릉 가볼만 한 곳 | 강릉여행 | 스카이베이경포호텔,유나니조은날 Yunani,"와우 저는 이번에 파라다이스 시티 호캉 다녀왔는데, 스카이베이 인피니티풀은 정말 최고네요, 파라다이스도 좋았었는데 비교가 안돼요 ㅠㅠ 역시 호캉스도 강릉이네요ㅋㅋㅋ 재밌게 잘봤습니당! ||| 차박 먹방 브이로그 먹방 힝상 너무재미있게 보고있어요~~ 유나니님 매력은 무심한듯 계속먹기 ㅎㅎㅎㅎ ||| 모노키니 예뻐요! ||| nice luxury view look amazing gelato look like heaven yummy lol. you eat lot beautiful selection in food over there so delicious nice vid take care ||| 우와,,,! 저희도 강릉 다녀왔는데 유나님이 다녀오신 코스도 진짜 좋아보이네요!!",여행/이벤트
o2A4yUEQSPg,통영 가성비 맛집 이정도면 인정 korea tongyeong bibimbop,다중취미생활 가이드,사모님 드디어 나오시네요~~미인이십니다^^ ||| 안녕하세요 😄 ||| 광고였으면 좋겠당 ㅠㅠ,여행/이벤트
CM7mLVtVJNg,강화도 선두리 어시장. 가성비 자연산 회 한접시에 배터진다! 강화도 여행 출발전 꼭 봐야하는영상! Korean fish market channel.,방랑자채널,이야.~~진짜너무 좋네요.가격도 좋고 분위기도 조용해서 제가 딱 찾는 곳을 소개 시켜 주셔서 감사합니다! ||| 가성비 짱이네요! 👍 코로나로 어려우실텐데 정말 아낌없이 주셨네요! 👏👏 영상 감사합니다! ||| 여러가지 맛보니 그져 좋구나 ㅎㅎ 방랑자님 날이 많이 춥네요 건강유의하시길ᆢ😃😃😃 ||| 혼자 강화도 가려고 급히 횟집보는데 저기 가서 2인 뿌수면 될듯 합니다 ㅋ 좋은 정보 감사해요! 딱 찾던 분위기인곳 ||| 좋은정보 감사합니다 ㅎㅎ,여행/이벤트
ApEtR6OXIzQ,[4K] 최고의 제주 가성비 맛집은 여기 | 옥돔튀김이 있는 곤밥2,식스로드 6road,,여행/이벤트
qugC1WNs_Nk,"코타키나발루 당신이 찾던 맛집. 감성, 맛, 가성비의 삼위일체 해산물 맛집 Anjung Qaseh Adinda",동남왕TV,Hye...Im staff from the Anjung Qasih Adinda  and all of our staff here have seen this video. thank you so much for uploading this video. 😁😁😁 ||| 편집자분 궁금하네요! 되게 영상편집이 귀엽고 재밋어요!ㅎㅎ 흥하세요~ ||| 형님.. 제 직업상 한동안 형님영상 못볼거같아 통탄할 노릇입니다.. 그래도 항상 형님 응원하고 있겠습니다. 일하면서  제가 가는 곳중에 탄정 펠레파스라는 곳도 들리게 되는데 형님생각 많이 날 것 같습니다.. 가을~겨울쯤에는 휴가때 말레이시아를 한번 갈 수 있지 않을까 싶네요 ㅎㅎ 항상 응원하고 있겠습니다 ㅠㅠ ||| 우리형 화이팅!! 코타키나 발루도 가야하는데 ㅎㅎ ||| 먹을 재료를 보고 구매하면 즉석에서 요리를 해주는 건가요?,여행/이벤트
a4udGu6yDqY,부산 가성비 호텔(시타딘 해운대)+맛집,부산쀼의세계,,여행/이벤트
oR-m8s5h-Xk,[미촌보리밥]//가성비최고의 맛집//꼭 한번 가보세요!!,기조남TV,"보리밥비벼먹으면맛있겠어요 생선구이맛있겠어요 ||| 돌아가신 외할머니가 생각나는 정감있는 밥상이네요, 친절하게 반찬설명해 주는 센스.. 기조남 다음 맛집이 기대됩니다. ||| 맛집! 꼭 가봐야겠군요! 맛있어보입네다~ ||| 1빠입니다 ||| 편집 프로그램은 어떤걸로 쓰시나요?",여행/이벤트
QeQGyv765eg,노원구 가성비 맛집과 숨은 명소 찾기,닭형의 뚜벅여지도,곧 노원구로 이사갈 거라서 봤어요 :) 참고해서 찾아가봐야지~~~ 좋은 영상 감사합니다!!!! ||| 상계소금구이 오른쪽으로 꺾기전 소담살롱에 성지문구라는곳에 문구점 사장님이 15년전인가 고깃집인수해서 문구점이랑같이 운영하시다 문구점은 접으시고 고깃집만 운영하시게됨 고깃집에서 걸어서20초걸리는곳에 살지만 단한번도 안가본곳 ||| 노포식당이어서 더 진또배기일것 같아요! 상계동가면 가봐야겠어요!👍 ||| ㅎㅎㅎ 두 분다 말투 너무 귀여우심 ^^ ||| 상계동 마비노스 까페  라떼가 ~~♡,여행/이벤트
XfTJtbM0oMc,[코타키나발루 맛집 추천!!] 내돈내산 숨은 맛집을 찾아라!! 가성비 갑!! 칠리크랩 맛집 - Sembulan Lobster,코타키나발루 휘성이네 휘캐슬,귀여워 미침 ㅋㅋ ||| 나도데려가유~~~~~☆ ||| 당장 달려가고싶어요!!!! ||| 코로나 좀 지나가면 꼭 한번 가보고 싶어요~^♡^ ||| 휘티비 보며 날마다 코타앓이중입니다... 다시갈수 있겠죠?,여행/이벤트
1mpde_2CSGY,"[제주호텔추천]가성비 최고 천지연 호텔  The best hotel in Jeju, Korea, cheap,clean,free breakfast,nice view",GoGoMong 고고몽,이처럼 깨끗한 호텔있음 나와보라고 그래~ 천지연호텔은 별5개도 모자랍니다 다이아별 5개로 할게요^^  지역마다 가성비 좋은 깨끗한 숙소 추천해주세요 방문해서 체험해보고 괜찮으면 영상제작해서 추천드리겠습니다 지금 폭발적인 호응이 일어나고 있다고 합니다 아마도 가시기 전에 미리 예약하셔야될것 같습니다 ||| 와! 너무 좋은 곳 같네요. 이번 휴가에 꼭 가봐야 겠어요 ~ 좋은 정보 감사합니다^^ ||| 뷰가 넘나 이쁜곳~ 아늑하고 뾰숑한 침실이 넘나 맘에 드는곳~ 조식도 엄마손맛🥘 가성비짱👍 제주에 오면 꼭한번 와야하는 천지연호텔🏩 ||| 잠자리가넘~편하고 좋았어요^^조식도 짱맛나요~~^^ ||| 뷰가 진짜 진짜 예쁘네요,여행/이벤트
-NlXcepyzvs,"[맛집황] 제주도 오마카세 맛집, 공항근처에서 가성비 좋은 오마카세를 즐길 수 있는 스시우다",나는황,오 여기 맛나보여요 제주도가면 꼭 가봐야겟어요! 구독 누르고 갑니다 ♡,여행/이벤트
BBdMhxFFhZ0,나의 첫 부울경 여행 브이로그 | 30초 쿠키영상 | 힐링 | 구독 좋아요,무땅벌레,어머  우리딸이랑 가야겠어요~ ||| 짧은 시간에 여러 관광지를 알게 된 것 같아용 👍🏻👍🏻 ||| 와우~ 넘 감사해요♡♡ ||| 👏🏻 ||| 와 영상 기법 대박.부산 사람인데. F1963 영상보고 처음 암 ㅋㅋㅋㅋㅋ,여행/이벤트
0Zw8_yvw86Y,[부산맛집] 모둠회 '소'짜가 2만5천원! 가성비 쩌는 '바로바로 횟집',이삐양,목소리가 좋으시네요 구독 누르고 갑니다^^ ||| 바로바로 단골인데  ㅋ 가야본점 ||| 풍성하고 싱싱해보이는 회가 너무 먹음직 스럽네요^^ ||| 파워c마트 자리의 가야본점이 저희집 바로 옆인데 정말 괜찮은 곳입니다 ㅎㅎㅎ ||| 전국에서 찾아주시는 재송동 태평양횟집도 찾아보셔요 가성비 좋은 최고의 횟집입니다,여행/이벤트
katS7kgVgWQ,부산 가성비맛집 말도 안되는 금액으로 한끼해결? 부산여행 부산맛집먹방 부산베스트맛집7,훈똘뱅이,와 동춘이만두 아는거보고 좋아요 누르고갑니다 이분찐입니다 ||| 다양한 맛집입니다  부산도 유명한식당이 많네요 잘보고갑니다  환절기 감기조심하세요 ||| 훈똘뱅이님 반가워요 ~ 영상 시작 ㅎ 국수 눈으로 잘 먹습니다. 파스타도~ 수미식당~  엄마의 손밥 그대로 이지요~ ||| 이런 로컬맛집~~ 하나하나 보고 찾아갑니다~~ ||| 잘봤어요^^,여행/이벤트
4OKuY_4gaTk,"vlog/노잼대전 방문!가성비맛집투어로그(대전맛집,성심당,마시기통차,봉명상회,월남쌈,쌀국수,갈비탕)요리,일상,음주브이로그",지송한일상VLOG,빨리 빨리 구독자수 늘어나라 뿅~~~~ ||| 풀청완료! 근데 옆에 계신 똘마니님 탤런트 많이 닯으셨어요 ㅋㅋ 약간만 일찍 왔음 조회수 100번째 찍는건데 101회 인가봐요 ㅋ. b18 ||| 언니 넘나 좋은거 어제 우연히 보고 구독 누르고 정주행중! 짱이얀 ||| 항상잘보고있습니다~! ||| 제가 대전출신이라서 영상에 나온곳 대부분 알거든요 ㅎㅎ 그런데 왜 노잼대전일까요? ㅎㅎㅎ 지송님 영상 잘 보고 갑니다~ 오늘도 좋은 하루 돼세요~,여행/이벤트
JkgIOfm8HAQ,월정리~ 가성비 좋은 #리조트,얄라TV,좋은하루보내세요  ♡,여행/이벤트
6ba9WkxJJfM,하와이 먹방 투어 2탄(추천 하와이 가성비 맛집 + 노팁 맛집 10곳),하와이 쉰혼부부 ,이번에는 가면 한풀이 하고 올껍니다 한달 살꺼예요 ㆍ 세젤부 감따하무니당 ~~영상 ||| 오늘도 먹방 보러왔습니다^^ ||| 어땠냐구요~~~내내 침 삼키믄서 봤어용ㅠㅠ제가 다니는길을 따라다니시는듯 했다는~~~점점 화가나는듯한ㅋㅋ추억먹방 잘 보았어용^^근데 마할로님 배탈 안 났어용~~ ||| 내일은 월남 음식을 먹으러 가야겠어요 ~ ||| 당장 가고싶으네요,여행/이벤트
2MOpqSefBEk,VLOG 압구정로데오 가성비 맛집 뽀개고 왔어요!,5PEN 오펜 (오펜),살구펜님 >-< 저도 살구펜님이랑 술 한 잔 하고싶어여! 넘 귀여우세여! ||| 살구펜 짱펜 귀여워요,여행/이벤트
tANKQEubtls,"[여행브이로그] 나트랑 자유여행 총정리! 가성비호텔, 맛집, 여행지, 빈펄랜드",쏭 브이로그,자유여행브이로그 깔끔하게 만드셨네요 촬영 편집 음성 녹음이며 자막까지 정성이 보이네요 자유여행갈 때 참고할게요 이웃맺고 선물두고갑니다 제 채널 건담 보고가주셔서 감사해요 소중한 가족과 함께 날마다 행복한 하루 되시길 바랍니다:-) ||| 호텔이 깨끗하고 좋네요 행복한여행 힐링하고 오셨겠네요 응원합니다 ||| 쏭이님 목소리가 소개 나레이션에 최적화된 목소리신 것 같아요 ! 너무 듣기 편하네요~ㅎㅎ 첫번째 맛집은 기대하고 가셨을텐데 실망을 많이  하셨겠어요.. 저는 아무리 맛있어도 위생이 저질이면 거르는 타입이라 꼭 안가야겠어요ㅠ 그런 쏭이님께서 3번이나 가신 옌스 !는 반대로 꼭 가야할 곳이군요 ~ㅋㅋㅋㅋ 나트랑보다는 아마 다낭을 가게 될 것 같지만.. 나트랑에 가게 된다면 꼭 가겠습니다 🥰 ||| 안녕하세요 ^^ 나트랑 여행 다녀오셨군요~ 마냥~부럽습니다^^ 볼거리 먹거리 곳곳이 아름다운 그림이네요~예쁜영상 잘보고 덕분에 눈호강하고 갑니다 ^~^ ||| 빈펄랜드 초등생들 놀기에 최적화.되어 있는곳이더라구요 나가르 호텔 뷰가 정말 멋지네요 진작 알았으면 좋았을텐데,여행/이벤트
xgdJSEgSm18,강원도 동해 맛집 리스트 best7 내돈내산 동해 현지인 맛집 가성비 최고(동해여행 가기전 꼭 보세요),하나네집 beauty and figure,"1함대에서 근무해봐서 보증합니다 쭈삼이랑 설렁탕은 찐맛집이에요. 제가 막 군대 들어왔을떄 외출 당직없으면 거의 무제한으로 보내줘서 맛집 이곳저곳 가봤는데 진짜 다 맛집들만 소개시켜줬네요 ||| 하나씨는 진짜 그냥 막 찍지 않고, 좋은 정보를 제대로 전달해주셔서 좋아용 ^^ ||| 동해 살고있는데  하나씨가 추천한것 먹어봐야겠네요 ||| 저 이번여름휴가 강원도로 가는데요ㅎㅎㅎ하나언니 역시~!!!👏👏👏지대로 배운뇨자야👍좋은 정보공유 감사합니당😍 ||| 하나네 떡상했으면 좋겠어요~",여행/이벤트
zbHBiHP5oAk,게이밍 노트북! 가성비 노트북 레노버 Gaming 3i 15lMH i5 LEGEND PRO,여행영상 주혁TV,그렇지않아도 노트북 가성비좋은 노트북생각하고있었는데 참고할만한 좋은 영상 잘 감상하겠습니다~ ||| 안녕하세요. 이웃들 인연으로 친구하러 왔습니다.🤝 레노버 게이밍 노트북 가성비 좋은 제품. 잠깐 스치는 인연이 아닌 오랫동안 서로 응원할수 있는 사이가 되었으면 좋겠네요.🍀 가족모두 건강하시고 행복 가득하길 바라며 이웃신청 선물🎁 가득 드립니다. ||| 잘봤어요 좋은 주말되세요 ||| 숫자 키보드 장착되었네요 가성비 좋은 노트북 . . 넘 잘보고 갑니다. 풀청 행복한 날 되세요 ||| 영상이 너무 좋아 광고 영상인줄요~👍👍,여행/이벤트
IAZd_Z7wVW0,[답사용] 소소한 국내여행의 모든것 ! ㅣ 가성비 국내여행 - 서울 강동구 편,답사용,"안녕하세요 답사용채널의 조대장 입니다!   ""아알모몰"" 이라는 말이있습니다. 간단히 말하자면 ' 아는사람은 알고 모르는 사람은 모른다 ' 라는 말입니다.  즉, 누군가는 알고 누군가는 모르는 소소한 여행지를 바로 답사용 채널이 소개해드리겠습니다 !  그러면 서울 강동구 편을 시작으로 국내의 다양한 여행지들을 소개하는 유튜버가 되겠습니다 ^_^  p.s 끝나가는 추세이지만 아직 여파가 있는데도 여행영상을 올려 죄송합니다. ( 2월부터 준비했던 프로젝트라 더이상 미룰 수 없는 상황이었습니다. 죄송합니다.)  --- 제작진 ---  출연 - 탐험대장 조막선 더빙 - 답사용 촬영 - 이섹귀 편집 및 음악 - 공주 bgm - 박지원  ----모두 들 같이 해줘서 너무 고마워---  --- 장소 ---  촬영 장소 - 서울 강동구 일자산   [블로그]  https://blog.naver.com/dydrbs1120/221...  여행지 장소 및 설명을 글로 보실분은 블로그를 참고해주세요.  [인스타]  https://www.instagram.com/jomakseon/",여행/이벤트
r-b5WmvRDsw,울산 대야에 해물칼국수가?! 가성비맛집  남보완해물칼국수 밀면,굿플K,ㅋㅋㅋ 남보완 이미 갔다왔죠.ㅋ 거기 김치 초맵던데 ㅋㅋ 양이엄청~~~~ 영상잘보고 가요~~~~ ||| 만두가 땡겨요~~~ ||| 부산 죄동 31cm랑 비슷 한듯요~^^,여행/이벤트
DE6LMxAY_EE,속초에서 해장거리 찾아? 그럼 이영상 봐야한다구 !!!가성비 갑 맛집 !! [속초맛집][고성맛집],곰슐랭가이드 Gomchelin guide,[속초맛집][고성맛집]   안녕하세요 곰하 ~! 해장하러 짬뽕을 먹으러 왔어요!! 국물이 일반 짬뽕보다 시원하고 깔끔했어요!! 짜장면은 진짜 맛있어요 대박 가격도 완전 저렴합니다!! 여기는 진짜 나만 알고싶다... 진심으로 존맛탱... 가성비 갑...   식당이름 -  고래반점  주소- 강원 속초시 먹거리7길 18-1  먹은메뉴/가격 - 영상 참조  맛 - 🐻🐻🐻🐻 가격 - 🐻🐻🐻🐻  곰슐랭 평점 - 4.5  절대 특정 식당이나 음식을 비판하려고 하는게 아닙니다~! 개인의 음식 취향이나 스타일에 따라 다르지만 제 개인적인 생각과 보완되면 좋을점을 공유 하고 싶습니다:)  항상 맛있고 좋은 음식을 만드시는 자영업자분들 화이팅!  #속초맛집 #고성맛집 ||| 신데렐라 드레스 ㅋㅋ표현 지렸고 ||| 해장하러 가봤는데 개꿀맛 리얼 가성비 개쩜 ||| 노래가 넘 무쪄용 ||| 진짜 이영상보고 갔다왔는데 가성비 진짜 씹상타치임,여행/이벤트
mxm_sEnrxfE,[윈드스크린 & 스토브의 만남 예고편] 자파팜 윈드브레이크 베이지 상세설치 | 캠핑고래 우드스토브 언박싱 | 노르디스크 아스가르드 19.6 장박,아터팸#Art.er.fam#,잘 보고 갑니다🎁🎁👍👍 ||| 풀영상 기대됩니다~~ 얼른 보고 싶어요~~^^ ||| 잘봤습니당 ||| 드뎌 장박캠핑 영상이 올라가는 군요!! 기대하겠습니다~~,여행/이벤트
8zDf_yd0BjY,투스의 터키 가성비 여행법! 비싼 관광지에서 살아남기!,Tooth Breaker,점점 미모포텐이 터지는 투스님...유럽간지가 솔솔 느껴집니다....남은 시간 여행 조심히 하시고....차별배우 있으면 뚝배기를 똭!!!! 캅!!! ||| 또 다음이 기대되는 영상! 덕분에 웃으며 불금 준비합니다 캅! ||| 선좋아요 후시청~ 믿고보는 투스형! 항상 몸 건강하세요 캅 :) ||| 눈요기해서 정말좋아요😀 ||| 투스 오늘도 동영상 지렸다 캅.,여행/이벤트
_sOPpEI7QQM,저렴한 USB 마이크! 가성비 좋은 fifine K678 후기,여행영상 주혁TV,굿이어요....감사합니다.찜해놓아겠네요 ||| 모든 연장은 장단점이 있죠^^ 저는 방송할때 마이크 노이즈에 많이 민감한편이거든요. 기억할께요 피파인. 이동식으로는 딱일듯하네요. 소개 감사합니다요👍👍 ||| 마이크 리뷰 잘 봤습니다 감사합니다^^* ||| 가성비 좋은 마이크 잘 설명해주셔서 믿음이 가네요 ^ ^ ||| 마이크 미니미니 하면서도 디자인이 세련된것같아요~ 저도 마이크 2개정도 구매해서 사용하고 있는데~ 프로그램따로 깔아서 녹음하는게 늘 번거로웠거든요~ 녹음이 쉽고 가성비있다면~ 넘좋을듯요~^^🥰🥰,여행/이벤트
ZcKdo9T4h8U,"eng) 더운 여름날, 일본인 남자친구와 다녀온 일본 축제 vlogㅣ축제 먹거리ㅣ불꽃놀이 (2019) [한일커플]",토모토모TomoTomo,진심 이 둘은 서로 그림체가 닮은 건 둘째치고 진짜 그림처럼 생김... 완전 순정만화에서 튀어나온 거 처럼 생겼어 둘 다... 정말 끼리끼리 만나는 게 맞나보다 조녜존잘 ||| 일본은 저런 축제 있는거 진짜 부럽다.. 한국에도 한복 입고 돌아다니면서 불꽃놀이 보는 축제 있었으면 좋겠다.. ||| this is that one arc in romance animes ||| 일본은 전통 축제나 지역축제 이런게  활성화 되있어서 좋네  감성을 자극함 ||| 한국에도 한복입고하는 이런 축제 있으면 좋겠네요ㅠㅜㅠ,여행/이벤트
aJxeNYKftDo,[4K] city ambience | FUKUOKA | JAPAN | travel | ASMR | 후쿠오카 | 도시 분위기 | 일본여행,HABA 하바,하바님 특유의 색이 좋습니단.. ||| 다 좋은데 너무 짧아서 아쉬운영상ㅠㅠ 긴버젼도 올려주세요 ||| 와우 ||| 3:27 ||| 안녕하세요! 인스타에 JM공간수첩으로 활동하는 사람이에요 :) 하바님 영상 정말 영화의 한 장면들 같고 너무 예쁘네요 !!,여행/이벤트
nm6DDtUrvBI,일본 후쿠오카 산오징어회,Xavi로드- 나만 따라오면 된다고 봐,뭐죠 제가 왜 저기있죠?  미래인가요? ||| 야 그러게 내가 술좀 적당히 처마시랬지 수영해서 일본까지 가냐 ||| 아무리 먹는거라지만 생명의 윤리는 있었으면 좋겠다 잔인하다  내가죽이 벗겨져 있는 모습을 보는 상상만 해도 ||| 누나 왜 여기서 자고 있어.. ||| 내 친구 건들지마라!! 경고했다.,여행/이벤트
BjZIQa2rS9I,도쿄 나카메구로 랜선 걷기🚶🏻‍♀️일본 여행이 그리울때 보세요,정세월드,어찌된 세상인지 어찌될 세상인지  진짜  가두리에 갇힌건지 ..  . 언제까지일지  ...     우산에부딫는 빚소리  주황등불빛거리   메마름에  감성을 가득채워주심  고맙요  늘 건강하세요 ^ ||| 아~~너무 정갈하네요 빗소리도 아름답고요 ||| 너무 좋습니다. 힐링되네요. ||| 늘 그리운 일본의 거리들.. 유명한 곳 유명하지 않은 그냥 동네 거리들이 기억속에 떠오를때 와서 봅니다. 정말 감사합니다. ||| 잔잔히 내리는 빗소리가 마냥좋은데 집에 있을때나 좋치..촬영하시느라 고생 많았겠어요..감사히~~👏 커다란 벗꽃나무가 많은 동네~🌸🌸 나카메구로에서 한달살기 하고 싶네욤..👍🙋‍♀️,여행/이벤트
NybrdgpF3C8,일본 축제 소리,ㅊㄱㅎ,,여행/이벤트
D9x-rao3rXs,일본여행 유격훈련,홍성우,,여행/이벤트
LHaJuBNbphE,일본 축제 추억 ~,골프부부,,여행/이벤트
oaNVD64i3pw,일본여행,휴게소,,여행/이벤트
1XLRlEb_iAo,일본여행중,윤성인,,여행/이벤트
A0W33Xw2O_0,2018 일본여행 도쿄 디즈니랜드 놀이기구!,람람람,재밌나요?저도 나중에 있으면 탈려고 하는데..,여행/이벤트
tRI1P36ZcmE,일본 축제,brian,,여행/이벤트
G1Be7AjspTU,일본 미야자키여행 오비성하마을에서 일어난일 飫肥城下町 japan miyajaki travel,일산사람,재밌겠당 ||| 쓰미마셍 ㅋㅋㅋㅋㅋㅋㅋㅋㅋㅋㅋㅋㅋ ||| ㅋㅋㅋㅋㅋ 7싫어여 ㅋㅋㅋㅋ,여행/이벤트
6veC7hbs6UI,일본여행~~규슈 2020년 7월 14일,이윤철,,여행/이벤트
VGpAqTw_1SI,일본여행 한번쯤은 가봐야 하는곳 이즈반도,아마루 Amaru,힐링 제대로 하는 영상 잘보고 갑니다 ||| 덕분에 이즈반도 구경 잘했네요. 무엇보다 운전하실만큼 건강이 좋아지셔서 다행입니다.  차좀 믹히면 편도 3시간 가까이 걸리는것 같던데.. 이즈반도 볼거리도 많지만 음식도 맛있는곳 많습니다. 담에는 식도락에도 도전을 그럼 좋은 주말 마무리 잘하시기를 ||| 너무예뻐서 가보고싶네요~ 아마루님 덕분에 구경잘했어요 ||| 이즈반도 못가봤는데 담엔 가봐야겄네요 코로나로 난리인데 자연은 평화롭네요^^ 힐링하고 갑니다 ||| 뭐냐구우~~ 형 여자친구??!있었던거냐구우~~ 있었다면 축하한다구우~~,여행/이벤트
dxwo8jCsfCw,2018년 6월 오사카 여행,이치마츠,,여행/이벤트
YJuPeX4y3hw,🇯🇵 [세계일주] 일본 홋카이도 여행 삿포로 눈축제 #2월 눈축제#세계여행 #세계일주 #여행지추천,여군장교ArmyTravel,,여행/이벤트
3nV3MxcuIbo,일본 후쿠오카 물고기 따라옴,Xavi로드- 나만 따라오면 된다고 봐,사람 손이 따라가는거 같은데... ||| 그냥 먹이로 인식해서 따라다니는거지만 귀엽다 ||| 먹을거로 장난치면 혼난다구했어 안했어 ||| 영상에서 손까락 쾈 물려서 절단나야 히트인데.. 물속에 손꾸락 넣고 좀 휘적거려보지 왜... ||| 얼마나 지렁이로 보였으면..,여행/이벤트
4SdYBTz2R54,[일본여행] 가을가을한 12월의 하코네 가족 여행,짱상TV,"보기 좋아용~~^^♡♡♡ ||| 반갑습니다.  저도 아이랑 여행채널 운영중인데.  검색중에 들리게 되었어요. 덕분에 좋은 영상보고 갑니다.  시간 나시면 서로 소통 하면서 자주 보았으면 좋겠습니다. ^^ 좋댓구 남기고 갈께요. ||| 구정연휴에 짱상님영상 보고또보고^^~ 어쩜그리도 편안하게볼수있게 차분하고 고운목소리로 안내해주시는지 잘 감상하고있어요~~ 오늘도 역시 귀요미아드님**세뱃돈이라도 주고싶네요..15년전 딸과둘이다녀온 하코네~ 구불구불  삼나무숲을지나서 먹었던 검은살은달걀이 생각나네요~~ ||| 한국의 10월인데요? 지지난 여름 오사카 지하철역에서 먹던 그 아이스크림,,,정말 맛있었는데,,,,,ㅎㅎ 자판기는 일본 승~ ||| 좋은 부모님을 둬서 아드님이 경치좋은곳 많이 보고 다니는군요  여름에 친구와 일본갔을때 아이스크림 자판기가 가뭄의 단비처럼 시원하고 맛있었는데 역시 자판기 문화는 엄지척 입니다 ㅎㅎㅎㅎ아시 호수 좋네요 스위스 작은 마을의 호수같은 느낌 + 일본식 도리이가 보이는것이 아주 인상적이군요 ㅎㅎ 처음에 검은달걀보고 자갈인줄 알았습니다 ㅎㅎㅎ",여행/이벤트
CUVkzXBUjUM,외할머니 외할아버지 이모와함께 일본여행,김리나,,여행/이벤트
hpxpupAGBGQ,일본 여행,Song Qian,언제 다시 여행가볼수 있을까 싶어지는 여행욕구 차오르는 영상이었어요. 영상미가 정말 예뻤어요 잘보고 갑니다! ||| 저도 일본 좋아하는데 ㅠㅠ 노래도 너무 좋은 것 같아요.. 좋은 영상 잘봤습니다 😊😊 ||| 저도 일본에 여행을 자주 가는 편인데 영상을 보니 또 너무 가고 싶어지네요ㅠㅠ! 브금이랑도 잘 어울려요😌 ||| 와ㅠㅠㅠㅠ 일본 가본지 넘 오래됐는데 언제 또 가볼수 있을런지... 분홍색 기모노에 머리장식 너무 예뻐여 ㅠㅠ!!!!!! ||| 일본도 가본지 오래됐는데 또 가고싶어지네요... 재밌었어요!!,여행/이벤트
cGX_bn4hnds,일본 종주 자전거 여행 (내 인생 최고의 모험),SoominK,이런걸 무료로 보다니...방송국에서 제작하는 다큐에 비교해도 뒤지지 않네요. 대단하십니다 ||| 중학교 2학년 저는 벌써 이 영상만 5번은 돌려 본 것 같습니다. 저렇게 자유롭고 멋진 여행 영상은 제 마음을 사로 잡았습니다. 저도 저 혼자 험난한 여행을 헤쳐나갈 수 있는 나이가 된다면 별이님 처럼 일본 자전거 여행을 해보고 싶습니다. 이런 멋지고 모험적인 영상 제작해주셔서 정말 갑사합니다. ||| 감사합니다. 늘 응원합니다 별이님 여행영상 감사합니다 ||| 별이님 인생에 좋은 겅험 하셨네요 나는 올해 86세되는 올드 맨 입니다 젊었을 적에 일본 여행이 하고 싶어서 37살에 자습으로 일얼를 1넌간 공부하고  일본의 최 남단 가고시마에서 북해도 무로란 까지 일본의 태평양 연안 과 우리나라 동해안쪽( 일본해) 언안을 일주한 경험을 되 살여 주시군요 잚었읗때의 소중한 경험은 나를 이 세상에 있게 해 주신 부모님 은해이고 나에게는 무었에도 바꿀수없는자랑스러운 자산입니다 힘겨웠던 고난과 눈에 들어 오는 새로운 세계의 경의러음이 나의 삶에의 지주가 되었습니다 새삼 그떼의 경의로 움을 되살려 주셔서  감사 힙니다 자신에게 봉착한 역경이 내잎을 가릴때 마다 오늫의 귀중 한 경험읗 떠 올리면 닌관을 헤처 나갛수 있을겁니다 회이팅ㅡㅡㅡㅡ,여행/이벤트
b_xuj8RzlXQ,집에 들어온 살인마가 자기 자신이라면? [영화리뷰|결말포함|해석포함],모나리뷰,그럼.. 엄마 그림자는 걍 원래자리를 되찾으려고 했던거고 한동안 말을 못했던 것도 그림자는 말을 할 수 없으니까... ||| 진짜 엄마가 엄마 도플갱어에게 목이 졸렸어서 진짜 엄마(주인공 가족의 입장에서 도플갱어 엄마)가 목이 쉬었던 거네요…. ㄷ ㄷ ||| 마지막에 개소름 돋았음 진심.. ||| 공포영화 리뷰인데 목소리가 너무 예뻐서 긴장 풀면서 봤어요😊 ||| 난 진짜 너~~무 재미있었는데...아쉽다는 평이 많네😂 어스 최고...,영화/애니메이션
ZE9sD3wuHDg,최근 본 단편영화중에서 진짜 최고로 소름 돋았던 '웃고있는 남자' (진심 개소름주의),홍시네마 𝘏𝘰𝘯𝘨𝘊𝘪𝘯𝘦𝘮𝘢,역시 단편영화 꿀잼🥰 감독님 유튜브 주소 : https://www.youtube.com/user/michaelje0 ||| 정말 무서운건 미국은 저런 주택가에는 가게가 없어서 새벽 2시에는 정말 고요함. 어디 도망을 친다고 쳐도 어디까지 가야지 도움을 청할수 있을지 모른다는게 더 무서움. 갇혀진 공간은 아니지만 저 남자와 갇혀진거임. ||| 새벽 2시에 싸돌아다니지 말고 집에서 잠이나 자라는 교훈을 주네요 ||| 단편영화는 별달리 설정에 크게 구애받지 않는다는 점이 제작에 있어서 자유를 주는 것 같다. 마찬가지로 보는 입장에서도 큰 설정이 없다시피 하니 영화 그 자체에만 몰입할 수 있는 것 같아 좋고 ||| 기괴한 남자 역을 맡은 사람은 얼마나 탭 연습을 했을까..... 영화를 본 건 아니지만 그 노력에 가슴이 웅장해진다,영화/애니메이션
lNqGPp8aV7o,[영화]이 교실에 제 딸을 죽인 범인이 있습니다[결말포함],덕무비,주 스토리 이해를 돕기위해 원본영상이랑 다소 스토리 전개방식이 다를수 있습니다! (_ _) ||| 범죄자의 처절한 절망과 처벌을받는모습을 보니 행복해지네요 ||| 고의성과 죄질이 확실한점등이 보인다면 소년법이 있더라도 높은 처벌이 필요하지않을까 ||| 내가 이래서 사적복수를 좋아해 ||| ㅎ 대충 한 번 본적이 있는데 다시 리뷰를 통해 보니 더 섬찍한 영화인 것 같네요 몰입하고 재미있게 보고 갑니다 덕님~ 수고했어요,영화/애니메이션
hbxL_mxD83g,[박쥐] 눈깜빡임으로 범인 잡아내기 [김해숙 명연기],한끼영화,3:54 챱챱챱챱챱챱챱챱 소리 만들어서 넣은게 신의 한 수 ||| 명장면  의자를 돌려서 각도를 바꿔도 여전히 살인자인 부부를 쳐다보는 저 눈빛과 저 둘이 죽인건 아니잖아 라는 질문에 깜빡이는 소리가 들릴 정도로 깜빡이는 전신마비 상태의 목격자와 그 사이에 적막. ||| 하나하나 연출이 너무 월등하다 심지어 14년전 영화인데도… ||| 탁자 하나놓고 이렇게 대화로 긴장감 불러일으키는 능력은 쿠엔틴 타란티노만 가능한줄 알았다. 한국영화에서 이런걸 보게 해주셔서 감사합니다.박찬욱 감독님. ||| 다들 연기 진짜 좋다. 김옥빈에게도 정말 인생작,영화/애니메이션
Scb335ObJAo,(결말포함) 소시오패스를 각성시킨 남자 (재업) | 리턴투센더 Return to Sender [영화소개/결말포함],영화의정원,문제가 되는 장면을 삭제하고 재업했습니다! 내일 새로운 영화로 올게요~! ||| 성범죄자들에게는 저와같은 처벌이 필요하다고 봐요 그래야 다시는 같은 범죄를 못할것이고 피해자도 회복될것같네요 ||| 밀양 성폭행 가해자들도 피해자에게 고자되는 저런 벌 받아야하는데.. ||| 속이 다 시원하네ㅋㅋㅋ ||| 어메이징 에이미를 건들면 다 ㅈ 되는거야..,영화/애니메이션
lnfpqeu0jhQ,엘리트 금수저가 살인에 중독되면 생기는 일 [영화리뷰] [결말포함] [자막],시네한수,"2:48 명함 하나도 무서워서 주겠나...아이보리 색채, 오동통한 두께에 워터마크까지 질투하네;; ||| 죄를 감쪽같이 덮어버려서 주인공이 오히려 정신착란 온것같음 ||| 미친 사람 하나의 원맨쇼일수도 있는데..배역 캐스팅이 이렇게 중요하구나 싶은 영화임 주조연 하나없이 혼자서 끝까지 다 몰입감있게 이끌어나가네 ||| 배트맨이 살인마고 고블린이 탐정인 이 미스테리 ㅋㅋ ||| 나르시시스트 기질을 소름돋게 잘 표현함..",영화/애니메이션
z8eUohRgrTU,기생충 삭제된 미공개 장면 총정리 (아카데미 편집상도 받았어야 했다),민호타우르스,"근세의 머리 위 손... 남궁현자 선생님이 자신의 걸작을 버리고 갑자기 이사간 것을 생각했을 때,  이 지하실에서 억울하게 죽은 사람이 하나 더 있지 않았을까 하는 뇌피셜을... 그래서 혼자서 외로운 망령 때문에 이 지하실에 살게 되는 사람이 계속 생기는 거고...  근데 이 장면은 잘 들어낸듯... 이거 넣었으면 갑자기 귀신물 됐을 뻔. '남궁현자의 저주' ||| 뭔가 담배를 피고 끝냈으면 느낌이 기우도 헛된 희망인걸 자기도 알고 체념하는구나... 생각들어서 덜 찝찝했을텐데 편지를 쓰고 그렇게 끝낸장면이 기우가 헛된희망을 품고있다는걸로 끝내서 더 좋은듯.. ||| 뺀장면들 왜 뺐는지 잘알거같고 감독의 탁월한 초이스 였던거같다 자칫하면 공포물이랑 짬뽕되어서 전하고자하는 메세지가 두각을 덜 드러낼뻔했는데 과감하게 잘 빼버린듯 ||| 잘 잘라냈네요. 기생충 초반 가족들이 부자집에 침투해가는 과정을 빠르게 전개한 점이 좋았는데, 미용실이나 면접씬 넣었으면 리듬감 잃고 루즈했을듯. ||| 문광 죽기 직전 말 겁나 짠하다...ㅠㅠㅠ 약자와 약자는 뭉친다는 전형적인 클리셰를 봉준호가 시원하게 깨뜨려서 기생충이 더 기억에 많이 남는 것 같음... 그러게 진짜 친해지면 보기 좋았을 텐데",영화/애니메이션
yb0pA7o-msg,기생충 선 넘는 장면 모음 (선 넘는 장면 의미 분석),민호타우르스,"일반인들이 ""설마 이런것까지 의도하겠어?"" 싶은 부분도 거장들은 다 계산한다고 생각합니다. 작중 선을 넘는다는 주요대사까지 있기에, 더 이 해석에 힘을 실어준다고 보여집니다. ||| 창문에 있는 선은 진짜 그 의미를 확실히 보여주네요 ||| 형 분석이 선을 넘었네 ||| 2:12선 넘으니까 고개 듬 ||| 봉준호감독: 와 저런디테일이 ㅎㄷㄷ   결국 이새끼 영화학과가서 저런 디테일 공부하는중",영화/애니메이션
x3hSMeA2LkA,장기이식을 위해 사육되는 인간들..영화 아일랜드(결말포함),골카Golca,캄보디아 뉴스보니 이게 알고리즘에 뜨네 ||| 편집도 재밌구 목소리도 좋고 내용도 신박하구 굿굿 ||| 살인이 당신 사업이냐는 말이 인상깊더라 이건 상품이라는 사장두.. ||| 진짜 중고등학교 통틀어서 10번은 넘게 본듯 선생님들이 맨날 이거만 틀어줌 ||| 이영화 저당시에 진짜 액션 연출 스토리 배우들 진짜 종합 선물같은 영화였음.,영화/애니메이션
vE6MtqxCFOA,(영화리뷰 결말포함) 아카데미 '작품상'을 수상한 공포영화가 있다?? 죽기전에 꼭 봐야 할 최고의 공포 영화!,비타무비,"이런 분이 베네딕토16세 교황 역할을 연기할 땐 진짜 교황님인줄.. ||| 이 영화는 조디 포스터가 주연인데 안소니 홉킨스가 주연으로 보이는 영화. 포스터가 연기를 못 했다는게 아니라 그만큼 홉킨스 연기가 대단했죠. 정확히는 모르겠지만 가장 적은 출연시간으로 남우주연상을 탔을지도 모르겠네요. 한니발을 영화 최고의 캐릭터 중 한명으로 만든 홉킨스형님! ||| 실제로 조디 포스터는 이 영화를 촬영하면서 그가 실제로 너무 무서워서 피해다녔고 마지막 촬영날이 되어서야 첨으로 대화를 했다고 할 정도로 안소니 홉킨스의 연기는 대단했지요.조디포스터를 첨 만나는 장면에 나오는 그녀의 남부 억양 대사를 따라하는 대본에 없는 애드립을 보여주어서 조디 포스터가 놀라는 장면은 실제로 놀라는것이었다고 합니다.그리고 희대의 살인마 찰스 맨슨의 비디오를  관찰해 촬영중에는 눈을 깜빡이지 않았다고 합니다.아마 영화 보면 깜빡이는게 없을겁니다.대배우는 머가 달라도 다르네요. ||| 안소니 홉킨스의 등장시간은 총 15분인가밖에 되지 않는데 그만큼 임팩트가 강해서 상까지 받음ㄷㄷ ||| 일부러 원작을 읽고 이걸 봤는데, 확실히 몇가지가 각색한게 보이면서 좀 더 흥미롭네요. 뭔가 책을 읽으면서 상상했던 장면들이나 클라리스의 독백들이 맵과의 대화로 바뀌는 거나, 목장 탈출 때, 원래는 양이 아닌 눈이 먼 말을 타고 다니는 장면 등등 조금씩 원작과 다른 부분들을 보며 조금 더 재밌어요 ㅋㅋㅋ 역시.. 뭐든 원작을 먼저 봐야함이.. 대신 상상했던 것들이 깨지는 것은 슬픔 ㅠㅠ 물론 두꺼운 원작책을 짧은 영화에 담으려면 어쩔 수 없겠지만 ㅠㅠ",영화/애니메이션
jlMT7rV1krs,우유 마시는 살인청부업자와 담배 피는 12살 소녀 이야기 [영화리뷰/결말포함],"카페, 시네마",이영화에대해 그어느 평론가보다 가장 완벽한 해석이였습니다. good jab!!! ||| 진짜 레옹이 문 열어줄 때 마틸다가 웃는 표정은 구원을 받은 인간의 표정과 너무나도 닮아있어서 마음에 와닿던 장면이에요. 연출 지림.. ||| 레옹 혼자 영화볼때 표정 왤케 짠하냐..ㅠ ||| 십대에 성장이 멈춘 레옹부터 겁나 울었어요.. 이거 슬픈 영화구나ㅠㅠ ||| 3개월만에 만들어진 영화인데 3년을 준비한 영화들 보다도 위대한 명작으로 만들어져 30년이 다되도록 극찬받는중.,영화/애니메이션
q1ySPslo30U,[영화리뷰 결말포함]고장난 엘리베이터에 갇힌 사람들에게 벌어지는 일..[데블],찬스무비 Chan's Movie,"결국 악마는 진심으로 속죄하는 사람은 데려가지 못하네요. 교훈적인 내용 잘 봤습니다. ||| 왜 하필 죄질이 가장 심한 음주운전 뺑소니 범죄자가 살았느냐 하는데 자신의 죄를 뉘우치지않고 계속 악하게 살 사람보다 뉘우친 그 순간부터 바뀔 저 뺑소니범이 낫기때문 아닐까요 ||| 깜놀 방지 감사합니다 ||| 영화음량과 설명해주시는 음량 차이가 너무 나요, 비슷하면 듣기 더 좋을것 같아요 😀 좋은 영화소개 감사해요! ||| 할망구 토니뒤에서 일나는거 개소름이노 오늘 동생새끼 안고 자야겠다",영화/애니메이션
UBG3imHVXYI,아무도 몰랐던 식스센스의 또 다른 반전,빨강도깨비,"07:48 이 장면은 소품을 이용한 서술 트릭이라고 생각되는 게, 콜이 인형을 갖고 놀고 있죠. 혼자 앉은 아이가 중얼중얼 이야기를 하면 이상하지만 인형을 갖고 놀면서 이야기를 하면 '아 놀고 있구나' 정도로 생각하고 넘기기 쉽죠. 콜이 해당 시점에서 말콤의 실체를 알았든 몰랐든 이야기를 나누는 게 자연스럽게 느껴지도록 만든 부분 같습니다. ||| 자동차 안에서 콜이 엄마한테  할머니 이야기 하는 장면은 ... 볼때마다  눈물이 난다 ... ||| 처음부터 알고 있었다고보아요~ 이영화가 진짜 섬뜩한건 아는지모르는지 불분명한 말콤을 바라보는 눈빛 연기를 해낸 오스몬드의 연기력이라 봅니다. 구렁이 999마리를 담은듯한 연기력에 찬사를 보냅니다. 말콤을 바람보는게 유령을 본다라고 봐도 말이되고 그냥 정말 정신과의사다라고 생각하고 봐도 말이될정도로 그 경계를 잘 표현했다고 봅니다. 오스먼드가 아닌 다른 아역이 이 역할을 했다면 식스센스가 과연 회자가 되었을까 할 정도로 엄청난 내공을 보인 1등공신이지 않을까합니다. ||| 이 영화는 반전이 대단했지만 단지 그 반전만 보는 영화는 절대 아닌듯. 영화 마지막에 외할머니의 이야기를 엄마에게 전해주는 부분은 봐도 봐도 뭉클하고  모든 귀신들의 사연들이 다 슬픈 영화... 무서움으로 다가왔지만 슬픔으로 기억되는 영화 ||| 강남 씨티극장에 걸린 이 영화 포스터의 브루스윌리스 사진에 어떤 색히가 매직펜으로 <사실은 이 놈이 귀신>이라고 써놓은 전설의 역대 최고 스포사건이 떠오르네요.",영화/애니메이션
5yZHfRTt_Ys,[NEW명짤] 고독한 이자성의 비밀 ‘씬세개’로 보는 ‘신세계’ ep.2,잇츠뉴 It'sNEW,이정재 저 당황하고 시선회피하는 모습 진짜 연기 잘한다 캬. . ||| 그렇게 잔인해도 자신과 같이 험한길을 목숨내걸고 같이 걸었던 동생은  보호하고 싶었겠지.  그게 자신의 목숨을 조이고 있는다해도  버릴 수 없을만큼 끈끈한 이야기가  신세계 II에 그려지길 바랬음 . ||| 정작 자신이 아군이라고 생각해서 목숨걸고 도와주는 경찰놈들은 더 악날하게 자신에게 희생을 요구하고 본인을 죽일수있다고 생각 해서 경계했던 사람이 오히려 자신을 여태 챙겨주고 지켜주고 있었다는거 자체가 흑화할만함 ||| 자성아 이젠 선택혀라.. ||| 신분을 떠난 의리 우정. 한국판 느와르의 끝판.,영화/애니메이션
aaRsFbw0bqM,눈을 뽑지 않으면 죽임을 당하게 되는 극한의 공포 애니메이션 영화..!,흑매,안녕하세요 흑매입니다! 현재 영상 중간중간 나레이션과 영화 사운드가 나지 않는 부분이 있는 것을 확인 할 수 있는데요ㅠㅠ 그 이유는 노래에 대한 저작권 때문입니다 ㅠ 유튜브 시스템은 저작권 침해가 업로드 한 후 시간이 오래 지나서도 걸리는 경우들이 종종 있습니다ㅠ 넓은 마음으로 이해해주신다면 감사하겠습니다! 영상을 시청해주셔서 진심으로 한 번 더 감사드립니다:) ||| 하......이건 진짜 12세이상관람가해야된다..엄청어릴때 그냥 만화영화인줄알고 봤다가 진짜 동심다 파괴되고 꿈에나오고 정말 너무 무서웠음 ||| 개 씹 명작임..ㅠㅠ  못본사람은 있어도 한번 본 사람은 없다는건 이런걸 보고 하는 소리임 ㄹㅇ ㅠㅠ ||| 학생때 보러갔는데 클레이 애니메이션이 주는 묘한 공포감이 있음.. 시작할때 인형 가죽 뒤집고 솜뺀다음에 다시 인형 만드는 장면이 있는데 유치원애기들 울고 불고 난리났었음 ㅋㅋ ||| 이거 영화 연령대 잘못 잡은듯.. 어릴때 보고 맨날 꿈에나오고 엄마랑 몇일동안 말도 못함 혹시나 엄마가 단추엄마같은건 아닌지 또 문을 못보겠음 진짜 트라우마 심했어서 이거 12세로 바꿨음 좋겠음;,영화/애니메이션
nzMbwsVc6EQ,[결말포함]세계2차대전 전쟁으로 인해 더욱 더 빛난 유대인 피아니스트(영화리뷰)(실화),세븐나이트,"저 독일군 장교와 조우할때 영화내에서 유대인들을 하대할때 쓰는 '너(du)' 대신 '당신(Sie)'를 사용합니다. 이 뉘앙스는 오묘한 괴리감이 주는 공포감 + 저 독일 장교가 나쁘지 않은사람이라는 기대감을 주는 장치인데 번역의 한계가 있는게 언제봐도 아쉽네요 ||| 14:25 여기 연기를 너무 잘해서 힘겨운듯한 목소리가 진짜 고스란히 느껴짐 ||| 피아니스트에서 인상적이었던건 초반에서 중반부로 가면서 가족의 식사의 질이 떨어져갔던거. 처음에는 서로 술(?)잔도 부딪히면서 건배도 하고 그러는데 게토에서 살때는 묽은 수프로 바뀌고 마지막 수용소로 가기 직전에는 각자 돈을 모아서 카라멜 하나를 사서 나눠먹고 있었음. 그러면서 가족의 표정이 밝다가 점점 어두워지는것도 플러스 ||| 이 영화 정말 명작임... 꼭 한번 보시길... ||| 너무 먹먹하고, 음악이 애잔하고 강렬한 몸부림이라고 할/까 인류의 잔인함과 아름다운 예술의 교차함이 울려 퍼지고  슬픔이   독일 장교의 모습이 아련히 잊혀짖 않는다.",영화/애니메이션
VBf6dXuZo_w,"(실화, 소름) 이 남자가 50명의 조선족들을 썰어서 바다에 버린 이유...(넷플릭스 추천)",레츠워치,영화 해무입니다!!  넷플릭스: https://bit.ly/35HmxcI 웨이브: https://bit.ly/2TA3GKV ||| 여기서 역대급 빌런은 홍매이다. 상식적으로 홍매가 냉각기를 잘못 건드려 모든 비극이 생겼던것 ||| 6:24 눈빛 ||| 뭐야 이거 범인은 홍매잖아. 50명을 바다에 수장시키고 선장과 갑판 선원까지 바다에 수장시킨 장본인. ||| 진짜 연기자들의 연기가 미친 영화다..,영화/애니메이션
q_AlHBjnnEM,강호를 떠난 최고의 암살자가 찐따 남편과 결혼했는데 알고보니 이남자 은둔고수?(결말포함),씨겐 See You Again,안녕하세요 씨겐입니다~  꾸벅 오늘은 영화 : 검우강호 입니다 이작품은 15회 부산국제영화제 상영작으로서 오우삼감독과 수 차오핑 감독의 작품인데요  오우삼 감독의 영화들을 아시는 분들은 액션은 보장 된것이라 보시면 되죠^^ 이 영화를보고 페이스오프가 생각나더라고요 그리고 우성이형까지 출연하여 주목받기도 했었죠^^ 우성이형 무협영화도 잘 어울러요 ㅎㅎ 다음기회엔 장동건형님의 무협영화도 소개하겠습니다~  오늘도 영상을 봐주신 모든분들 감사합니다~  꾸벅🙏 ||| 사람 얼굴을 자유롭게 바꿔주는(심지어 정우성 얼굴로..) 저 의원이 가장 대단함. ||| 검우강호 정말 오래간만에 재밌게 본 영화였습니다. 고전무협영화들을 많이 보았던 나로서는 검우강호는 홍콩골든하베스트사에서 만든 1970년~1980년대 걸작 무협영화의 맥을 잇는 영화 중 하나라고 생각합니다 ||| 좋은 영화. 👍👍👍👍👍 ||| 예전엔 볼만하다는 생각은 들었는데 요새 나오는 무협영화보다보니.. 진짜 잘만든 영화였네요 ㅋㅋ,영화/애니메이션
6vsJX9SIuHg,[공범] 그의 미소를 본 순간.. 더이상 딸임을 포기하는 손예진?,한끼영화,손예진님 연기 너무 잘해요..울면서 오열하는 장면 너무 슬프고 혼신을 다한 연기 네요...역시 믿고 보는 배우 손예진 입니다 ||| 진짜 영화관에서 이 장면보면서....소름이란 소름은 다 돋았었는데..... ||| 끝날때 까지 끝난게 아니잖아...너무 소름 이다.. ||| 여기가진짜소름 ||| 김갑수님 연기 너무 좋음..,영화/애니메이션
ZghshcmZmys,아무런 감정도 느끼지 못하는 남자 (영화리뷰)(결말포함),키보리뷰keebo,"무반응상태라고 합니다 그 사건에 대한 트라우마가 너무 커서 뇌가 방어기제를 작동하는거지요 그래서 그 감정을 받아들일 시간을 버는 겁니다 ||| 우울하거나 슬플 때 우는 사람도 있지만 말이 없어지거나 무감정해지는 사람도 있다 ||| 이 영화는 천천히 확실하게 다가오는 큰 슬픔이 주가 되는 영화임. 이 감정선을 느끼는게 어려워서 흥행을 하진 못했지만, 난 이 영화만큼 슬픈 영화를 본 적이 없음.. 강추입니다 ||| 나도 아빠 장례식때 그랬음... 친구들이 조문오면 반갑게 맞이하고... 싸페같은 행동이었던듯...  그리로 그후로 2년간 정신과치료에 매일울고... 15년이 지난지금도 아빠가 보고싶어서 가끔 운다... 지금생각해보면 그 현실을 부정했었나보다... 아빠 보고싶어요. 나중에 하늘에서 만나요. 낳아주고 길러주셔서 감사드려요 ||| 안이상해요. 원래 그래요. 겪어본사람만이 압니다. 사랑하는 사람을 떠나보낸 장례식장에선 눈물이 나오지 않더군요. 2개월이 지나면서부터 무너지기 시작하더군요. 3개월짼 더 , 4개월짼 더, 점점 더..그제서야 가슴을 치며 땅을치며 통곡을 합니다. 슬픔에 정해진 공식은 없습니다.",영화/애니메이션
YXDADD_Jzpw,(2) 이것은 과연 해피엔딩일까? : 위플래쉬 해석 리뷰,요런시점 movie,"위플래쉬 리뷰 영상 3편을 보려면 멤버십에 가입하여야 합니다  🎭 멤버십 가입은 아래 링크로 https://www.youtube.com/channel/UCHuL7faep6dzK1tAZHoNGTA/join 😗 위플래쉬 리뷰 영상 3편 보기 https://www.youtube.com/playlist?list=PLZc89k5FA5GlF75SKnL2XGEix8x9uM14m ||| 진짜 한가지 길말고는 없는 사람들에게 필요한 방식일지도 모르지만.. 저렇게 살면 요절 할 가능성이 높아지죠.. 병이 생기든, 자살을하든.. 그리고 저렇게 혹사하듯 드럼치다가 손목이 망가져서 자신의 꿈이 무너진다면?.. 저 교사는 거기서 학생을 팽 하고 또다른 가능성있는 학생을 택하겠죠 그럼 팽당한 사람은 ""너가 관리를 잘했어야지"" 라는 소리를들으며 더 깊은 수렁에빠질듯.. 고장난 장난감엔 관심이 없는법.. ||| 저는 플래쳐가 캐이시의 자살 소식을 듣고 우는 장면에서 제자의 죽음에 슬퍼서 우는 것이 아니라고 생각했어요. 교수짤리고 펍에서 앤드류 만나서 했던 얘기 보면, 포기하거나 못버티고 자살하는 애들은 원래 그정도 밖에 안되는 애들이라고 말했어요. 그 말을 듣고 보니까 그 전에 눈물 흘렸던게 슬퍼서가 아니라 자신이 선택해서 키운 제자가 그정도의 천재가 아니었다는 자기에 대한 슬픔에서 우는 거라고 느껴지더라구요. ||| 이렇게 보니 마지막 아버지가 문틈새로 들여다보는 장면이 다르게 느껴지네요.  멍한 표정이 아들의 실력을 보고 어안이 벙벙한 모습이라 생각했는데, 자신에게 한번도 보여주지 않았던 아들의 주도적이고 열정적인 모습, 그리고 마지막에 플레쳐에게 인정을 갈구하는 눈빛까지 보면서 아들을 빼앗겼다는 사실을 은연중에 알게된 상실감의 표현처럼 느껴져요. ||| 대체 몇번을돌려 보신거죠 감탄이 나옵니다. 문틈씬으로 아버지랑 대비시킨것은 전혀몰랐네요 식사위치 같은것도 잘봤습니다. 감독이 고마워서 업어주고 싶어할것같네요",영화/애니메이션
7Ofn1Bpr5K8,[NEW명짤] 정청X자성 찐우정 모먼트 ‘씬세개’로 보는 ‘신세계’ ep.1,잇츠뉴 It'sNEW,"정청 X 자성 우정 모먼트🤝  00:00 6년 전 여수, 두 남자의 시작 01:29 재회한 두 남자 (feat. 짝퉁시계) 03:36 정청의 마지막 선물과 자성의 눈물 ||| 건달이냐 짭새냐가 중요한게 아녀... 같이 목숨 걸고 싸워 준 자성이가 소중한 게지... 진짜 레전드 느와르... ||| 처음 나오는 저 씬덕분에 정청 세력이 급작스럽게 성장한걸로 들음 정청 입장에서 이자성은 성공의 상징이자 성공의 길 그 자체 ||| 황정민 공항씬 진짜 ㅋㅋㅋㅋㅋㅋㅋㅋㅋㅋ연기 ㅈㄴ잘함 ㅋㅋㅋㅋㅋ ||| 황정민 진짜 대배우다 연기 졸나잘하네",영화/애니메이션
UfxrjMZtiIA,열등감은 누구에게나 공평하다 ( 가타카 ) 해석편,리우군의 다락방,"다음 리뷰 후 마블시리즈의 캐릭터들을 매주 한편씩 다뤄보려 합니다.  캡틴 아메리카, 아이언맨, 토르. 헐크, 가오갤 등등  각각 따로 리뷰 작업을 한 뒤, 어벤저스 시리즈로 마침표를 똬악!   매트릭스, 스타게이트, 에이리언 리뷰처럼 조급 딥하게 구성을 해볼까 생각중이고,  그 후 사바하나 기생충 같은 작품들도 하나 둘 손대려 합니다.   언제나 응원해주셔서 감사드립니다. ||| 가타카, 아일랜드 학교 과학선생님이 시간날때 틀어주는 영화임 거의 국룰 ||| 이영화는 인생 최고의 영화였습니다 ....명작은 시간이지나도 명작이었어요 ||| 가타카의 메시지 ""세상을 바꿀 수 있는건, 단 한명의 위대한 사람이 아니라 우리 모두의 인식 변화로부터 시작된다고 말입니다. 그것도 서서히."" ||| 리뷰에 항상 울림이있어 너무 좋아요! 고생 많으셨습니다ㅎㅎ",영화/애니메이션
7KK1_98bf4Y,인간의 이기심을 소름 돋게 보여준 영화 킬링디어,MOBEE : 모비무비,"영화에 현실적인 요소가 강하면 영화가 끝나도 알수없는 불쾌감이 남는거같네요. 차분한 설명 잘 들었습니다^^ ||| 존나 불쾌하고 기묘한 영화... 특히 음악적 연출이 너무 기괴해서 더 무서웠음ㅋㅋㅋ 이건 진짜 영화관에서 봐야 제대로 진가를 느끼는 듯 ||| @11:13 아이들이 안타까워서가 아니라, 본인이 선택을 내려야 하는게 무서워서 울고  있습니다. ||| 무슨 저런 잔인한영화가 있나여.복수극 너무 무섭네여ㅠ 구독하고가여~ ||| 저 배우의 눈빛은 참 진짜 특이한듯 뭔가 글로 표현하기가 힘들다",영화/애니메이션
Rcqdp2SB2kA,"셔터 아일랜드 Shutter Island, Last choice [KOR SUB]",파편 FRAGMENT ,"마지막 대사를 마치고 일어서기 전에 래스터 박사를 한 번 쳐다봤다가 고개를 떨구는 연기..정말 압권이다 ||| 해석이 사람마다 다를 수 있지만,  제가 생각하기에   평생을 괴물로 살아간다 = 자신의 폭력성이 아내마저 죽여버린걸 인지 한채 평생의 죄책감과 고통속에서 살아간다 라는 걸 의미 하는 것 같고,  선량한 사람으로 죽는다 = 이것은 본인이 연극을 해 왔던것 처럼 자신의 과거 죄를 잊은채로 살아가는걸 의미 하는것 같습니다. 물론 여기서 죽음은 정신적인 죽음을 의미 하겠죠. 즉 어떻게보면 본인의 죄책감을 회피 하려는 행동이죠. ||| 다시봐도 소름이다 진짜 .. 온몸에 전율이돋는다 시발 ||| 결국엔 박사의 연극이 성공했네요. 너무큰 스트레스가 준 정신착란이 고쳐졌지만... 그 뒤가 더 고통스러웠겠네요..전쟁으로 인해 정신이 파괴되 너무나 폭력적으로 변해버린 본인이 사랑하는  아내와 자식들을 죽였다는 사실을 인지해버렸으니까요.. 그래서 모든것을 알아버린 주인공이 선택!!을  했네요..괴물(아내와 자식을 죽인)로 살것인가 혹은 선량(머리 뚜껑 열고 살인을 망각하는 삶)하게 죽느냐(영이 죽는다고 생각한것 같네요) 중에 후자를 택한 주인공... 의사는 순간 깨달았어요..주인공이 제정신으로 돌아왔다는것을.. 그리고 박사를 바라보는 저 눈빛..모든것을 알았고 모든것을 포기한다는..그리고 그런 연극을 통해 치료를 노력했던것에 대한 고마움..복합적인 눈빛..디카프리오 진짜 연기 잘했네요.. 그게 이 영화의 결말입니다. 수작중에 수작인것 같습니다(뇌피셜입니다^^) ||| 마지막대사 소름이긴하다",영화/애니메이션
v9Fe_CSOYEM,최소 킹덤 세 번봐야 이해하는 설정들 ㄷㄷ[스포],엉삼,"흑흑..시즌1 나왔을때 3화에 물에 빠진 좀비한테서 연가시나온다고 친구들한테 말했는데 설마 연가시겠냐고 무시당했었다고.. 흑흑... ||| 0:46 이 장면 처음에는 물이 싫어서 다리로 건너는 K-좀비라고 대차게 까였었는데 떡밥이었던거임ㅋㅋㅋㅋㅋㅋㅋㅋㅋㅋㅋㅋㅋㅋ ||| 와, 안현대감이 물어뜯는모습이 충격적이여서 뭔가 기어올라가는 모습을 못봤었네요 ㅎㄷㄷㄷ ||| 동물까지 좀비화되면 답없을듯...수많은 새떼들이 나오는 장면이 있는데..그게 다 좀비새라고 생각하면..이건 뭐 ㅋ ||| ㅋㅋㅋㅋㅋㅋㅋㅋ2에서 양반들 배타고 이동하는데 한명이 물린상처가 있어서 배에서 쫓겨나 물에 빠지게되는 장면이 있었는데 그럼 걔는 좀비가 안되고 걍 익사한거임ㅋㅋㅋㅋㅋㅋㅋㅋ개불쌍함",영화/애니메이션
4RJQ67DDi64,천민 광대가 팥죽을 좋아하는 왕이 된 이유 [영화리뷰/결말포함] [ENG Sub],찬호 리뷰TV,"그대에겐 9.1점일지 모르나 나에겐 10점이다... ||| 마지막에...류승룡이 배타고떠나가는 이병헌에게 고개숙여인사하는게...진짜..내인생최고의영화장면이다... ||| 도부장의 마지막 혈전씬.. 그대에겐 가짜일지 모르나, 나에게는 진짜다. 이 대사 듣는순간 가슴깊이 느껴지는 울림같은게 있었다 ||| 분명 동일인물인데  단한번도 동일인물이라는 느낌을 전혀 받지 못하였다. 진정한 국가대표 주장 배우다.. ||| 19:47 사월이 죽기전에 ""전하 부디 강경하시옵소서"" 말하자마자 피토하는거 눈물버튼 ㅠㅠ",영화/애니메이션
aeM_ceDxJ0A,[숨은영화/반전포함] 예상치 못한 살인의 반전! 숨겨진 국내산 명품 스릴러 l 조진웅 l 요것봐라 l 해빙 l,요것봐라,결론 집주인이상하면 그집 살지말아라 ||| 사람하나 바보 만드는거 일도 아니네 ㅜㅜ ||| 후덜덜덜~~~ 너무 무서워~ 생활속에 정상인처럼 보이지만 위험한 사람들 조심할것!! ||| 그니까 신구가 범인 신구아들이 시신처리 및 공작담당하고 있었던것 ||| 조진웅 연기가 모든걸 커버하는 영화,영화/애니메이션
Ao1pRgZKjN8,정말 설국열차에서 악당은 머리칸 사람들이었을까?,리뷰엉이: Owl's Review,"어렸을때 영화봤을땐 주인공이 꼬리칸 사람이라서  머리칸이 쓰렉 라고 생각됐는데 설국열차 만든사람이 빙하기를 만든것도 아니고 이걸 대비해서 열차 만든건데 꼬리칸 사람들 돈도 안내고 탔으면서 바라는거 많은 이기적인 사람들로 밖에 안보임 물에 빠진사람 구해줬더니 보따리 내놓라 하는거같음 ||| 진짜 이런 영화, 이야기가 재미있는 거 같음 절대선, 절대악이 없고 현실적으로 개인들의 일들이 복합적인 문제가 되는 이야기가 너무 재미있는 거 같아요 ||| 저기에서 제일 불쌍한 사람들은 중간칸 사람들이죠. 머리칸은 마약파티나 즐기고, 꼬리칸은 툭하면 반란을 일으키는데, 중간칸은 머리칸 떠 받들면서 꼬리칸에게 먼저 얻어맞는 신세 ㅠㅠ ||| 본인이 어디에 속해있냐에 따라서 선악이 결정되는것같은 생각이 문득 든다.. ||| 예전에 알바할때 아버지가 빵집을하셨는데 저녁 문닫기전 가게앞 벤치에 노숙자가 처량하게 앉아있어서 기한지난 빵들을 주셨음 이때 분명 머리칸사람들이 조금씩 나눠주면 행복도가 최대로 오를거라했죠 비슷한 상황일 겁니다 그땐 몇번이나 감사하다며 엄청 좋아하시길래 저도 가슴벅찬 감정을 느꼈죠  그러나 이게 몇일 몇주 지속되니까 노숙자들이 하나둘 늘어나기 시작했고 빵이 맛없느니 덜됐느니 하면서 불평을 늘어놓고 노숙자들의 점거지가 되기 시작했습니다 이제 빵을 안줄려하니 지금까지 유통기한 지난빵을 준것에 대해 신고하겠다며 으름장을 놓았죠 결국 그거땜에 어쩔수 없이 가게문을 문을 닫아야했고 대출을 갚느라 아버지가 고생많이하셨습니다 전 이걸 교훈삼아 남에게 피해는 끼치지않더라도 어떠란 도움이든간에 절대로, 절대로 주지 않기로 맹세했습니다 한정된자원에서 행복도가 최대로 오르면 인구 급상승과 함께 어떤 결과가 초래할지는 잘 생각해보시기 바랍니다",영화/애니메이션
TctZQ-Ktqmw,[숨은영화/반전포함] 재평가 시급! 숨겨진 국내산 반전 스릴러 영화 l 조진웅 l 요것봐라 l 해빙 l,요것봐라,충격적 진실과 반전이 드러나는 '해빙' 의 마지막 이야기.. https://www.youtube.com/watch?v=aeM_ceDxJ0A ||| 이 좋은 소재를..아깝다 아까워 감독의 역량문제 ||| 외국인들은 잼나게 잘본다고 함. 우리가 옛 외국영화 잼나게 보듯이. ||| 1:20 누나가 여기에...? ||| 1:46 어 백진상 차장님?,영화/애니메이션
yssa4K-iH-o,대한민국 IMAX영화를 7년간 멸종시켰던 전설의 망작..,지무비 : G Movie,"전설 ‘7광구’입니다. 지무비 굿즈 스토어  https://m.smartstore.naver.com/gmovie ▶ 지무비 채널 멤버십 가입 https://goo.gl/LrQJgy ▶ 지무비 공식 인스타그램 https://www.instagram.com/G_movie__/ ▶ 지무비 개인 인스타그램 https://www.instagram.com/awayout1/ ▶ 다른 병맛 영화 소개 둘러보기 https://bit.ly/34QDhO6 ▶ 나만 당할 순 없지 7광구 구매&대여 링크 https://www.youtube.com/watch?v=CX1cDCEQikY ||| 다섯가족이 한번 모여서 진짜 오랜만에 외식하고 영화보자 말하셨던 아버지 덕에 너무 행복했었습니다. 그 영화가 7광구만 아니였다면... ||| 극장에서 보다가 '박스치워'에서 그만 빵터지고 말았습니다. 그때 입은 모멸감과 심리적외상으로 인해 저는, 리얼과 엄복동을 보면서도 낄낄거리게 되는 고통을 겪고 있습니다. ||| 박수칠때 떠나야 했던 영화   (박철민이) 박수칠 때 (영화관을) 떠나야했던 영화 ||| 스토리는 에일리언이랑 크게 다를바가 없습니다..  하지만 에일리언이랑 차이를 두기 위해서 넣은 장면들이 개연성을 개박살내버리고 박스를 치워버리게 만들며 헛웃음을 짓게 만든 게 큰 함정인 영화같음",영화/애니메이션
-DZ3YSr7u_A,[데스노트 명장면] 라이토 기억 돌아옴,야가미라이토,이거 보셈 https://youtu.be/JcntmjGiXDE ||| 기억을 잃은 자신도 이용하는 라이토 ㄷㄷ ||| 진짜 볼때마다 소름돋는 장면... 라이토 노트 만지는 순간에 비행기 지나가는 소리 브금 넣은것도 지리네 ㄹㅇ ||| 2:24 난 데스노트 특유의 카메라 무빙이 너무 좋음.. 부드럽게 움직이는 게 아니라 마구 흔들어버리는게 임팩트 개쩜 ||| 1:19 그동안 라이토한테 추리력이나 아이디어가 조금씩 밀리는듯 하던 L이 역시 천재는 천재구나 싶던 두뇌회전 장면..길게 생각하지 않고도 바로 노트랑 미사의 일기를 연관짓는게 ㄹㅇ 소름돋았지…기억력 자체도 넘사네,영화/애니메이션
hiXD8qql5cI,반전을 미리 알려주는 이 영화의 미친 디테일,빨강도깨비,"끝까지 본명 안 나와서 여운이 더 오래감 ||| 진짜 데이빗핀쳐.... 익살스러우면서도 존경스럽다. 이 세상에 수많은 예술가들이 있고, 예술가가 되고싶어하는 뜨내기들도 많지만 정말 대작을 만드는 감독들은 접근방식과 스케일자체가 다른것같아...  디테일과 광기, 약간의 건강한 변태끼(?) 그리고 작품을 대하는 태도와 철학 이러니 미친 영화가 나오지... 요즘은 릴스든 뭐든 광고하기만 바쁜,  숏폼에 미친 사회에 이런 작품이 나올 수가 없다. 필요로 하지도 않고... ||| 이렇게 복선은 사소하지만 치명적이게 꾸준히 확실하게 나와야하는데 요즘은 복선이라고 깔아둔거 보면 귀에 걸면 귀걸이 코에 걸면 코걸이 ||| 여유증 환자 친구가 파이터클럽 회장에 대한 소문을 말하는 장면도 있어요! '듣기론 회장은 하루에 한 시간만 잔다'고 하는 장면이요 ||| 파이트클럽과 달리 어떨 땐 오로지 반전을 위한 반전도 많은데,  심할 땐 무작정로 설정을 뒤집어버리는 경우도 있음. 그런 경우는 어떤 복선도 낌새도 없었는데, 뜬금 반전이 나와서 그냥 당황스럽기만 하고, 반전 뒤엔 스토리가 처참히 무너져내리는 게 많은 듯.",영화/애니메이션
vmluxnoqOfY,해외에서 더 극찬받는 킹덤의 역대급 명장면들,리뷰엉이: Owl's Review,썸네일 스포일러 의견이 있어 즉시 수정했습니다! 앞으로 썸네일 선정에 더 신경쓰도록 하겠습니다. 불편을 끼쳐드려 대단히 죄송합니다. ||| 안현대감이 진짜 저때 배우분 자체가 포스가 있어서 그런지 괴물 그이상에 포스였음. 오히려 괴물이 되어서도 사자의 위압감에 그냥 지렸을듯 싶은 상황이었음. ||| 허준호는 진짜 ... 전무후무한 대배우 ... 화면으로만봐도 그 포스와 범상치않은 기운이 그어떤 배우에게도 없는 힘이 있음 .... 지렷다 .... ||| 준호형이라서 살린거지.. 진짜 어떻게 저렇게 사극발성을 하지않는대도 자연스럽게 시대에 녹아들면서 그인물의 감정을표현할까싶음... ||| 이 때 안현대감은 좀비가 아니라 한 마리 호랑이 같았음,영화/애니메이션
opZH6oF9O40,《인셉션》 총정리 1부 - 10분만에 정주행,빨강도깨비,"인셉션은 관객에게도 토템(코브의 반지)으로 현실과 꿈을 구분하고 영화가 끝날때... 깨어나라고 킥 음악까지 틀어줍니다... 너무나 대단한 설계의 영화 ||| 내 인생영화.. 진짜 스토리라인미쳤음, 영화가 담고있는 말이나 영상미, BGM 뭐하나 아쉬울게없는 영화 ||| 인셉션 최고 명대사 그 항공사 내가 인수해버렸다. 그 편이 쉬울거 같아서 허허.. ||| 최근에 다시 한번 보고 느낀 건, 이 영화 역시 '인셉션'의 기능을 수행하고 있다는 거예요. 주인공 코브가, 꿈을 현실로 믿는 맬에게 ""이 세계가 진짜가 아닐지도 모른다""는 의심을 심어두는 것처럼, 이 영화도 관객들에게 ""엔딩이 진짜 현실이 아닐지도 모른다""는 의심을 심어버리죠. 영화 자체가 하나의 '인셉션'이라는, 메타적인 구조에 또 한번 놀라움을 금치 못했습니다ㅎㅎ ||| 메멘토랑 인셉션은  인간의 인식에 대해 너무 잘 설명해주는 영화. 사람마다 자기 생각이나 감정에 갇히는 구조가  잘 드러남.",영화/애니메이션
TY3bEqIXXJk,[감동주의] 모든 1400만 관객을 울음바다로 만들었던 역대급 명장면ㅣ요것봐라 [ 신과함께-죄와벌 ],요것봐라,"저장면에서 관객이 우는 이유는 단지 저장면 하나에 몰입해서가아니라 관객 각각의 부모에대한 추억과 애절함을 끄집어내주기 때문임 ||| '신은 모든 곳에 있을 수 없기에 어머니를 만들었다' ||| 현몽을 모래에 표현한게 너무 좋다 한움큼 움켜쥐려해도 시간이 지나면 더이상 잡고싶어도 보고싶어도 풍파에 맞아 사라지는거.... ||| 저희 어머니는 저를 뱃속에  가지셨을때 위암에 걸리셨어요 당시 뱃속에 있던 제가 잘못 될까봐 항암치료도 못 받으시고  저를 낳자마자 그자리에서 바로 돌아가셨거든요  그래서 전 엄마 얼굴도 몰라요 같이찍은 사진도 없구요  이 장면을 영화관에서 보면서  소리내며 오열하며 꺽꺽 거리면서 울었는데 그 누구도 따가운 시선이나 눈총을 주지 않더리구요 영화가 끝나고 영화관에서 나갈때 어떤 아주머니분이 너무 서럽게 우는게 맘에 걸렸다고 하시며 저를 안아주셨던 기억이 갑자기 나네요 다시보아도 너무 감동적이구요 볼때마다 눈물나는 장면입니다 ||| 염라대왕 대사 중""살아서 못한일을 죽어서 하겠다고?"" 진짜 명언 자신이나 타인이나 부모가 살아 계실 때 상처주는 행동은 하지말자",영화/애니메이션
tnm73M_oRAU,[결말 포함/조커/설 특별 영화] 사회적 약자가 화나면 생기는일,77 77,"고난이많고 안좋은꼴 많이 당하고 착하게 선하게 행동했는데 결과가 안좋으니 나도 점점 악하게 변해가는것같더라고요 조커영화를 깊이 공감합니다 ||| 진짜 이 영화가 명작인게 살인을 정당화시키지 않지만 영화를 볼때 뭔가 아서가 조커가 되는 과정을 응원하고 동질감을 느끼게 됨. 그만큼 영화 몰입도가 엄청난데다가 아서가 조커가 된 이유를 자세히 보여줌. ||| 와.. 진짜 소름끼칠 정도록 잘만들었다... 어떻게 영화를 저렇게 잘만들지.. ||| ""난 내 삶이 비극인줄 알았는데 이제보니 코미디였다"" ||| 내 삶이 비극 인줄 알았는데... 알고보니 망할 코미디 였어 즉 비극 이었다면 내가 해쳐나간다면 밝은 미래가 있겠지만 코미디는 나 이외에 모든 이만 즐겁고 나만 죽을때까지 고통스럽고 내가 고통을 당 할수록 주변이 웃으니깐 절데 벗어날수 없은 고통을 뜻함",영화/애니메이션
c8_z-hmgT7U,감독이 꿈꾸던 신세계는 느와르인가 무간도인가? ( 신세계 ) 2부 해석편,리우군의 다락방,"조금전에 길에서 넘어져서 무릎이 하아..... 여러분 빗길 조심하세요. ||| 단순 줄거리 요약이나 내용 설명이 아닌, 본인의 생각을 정확한 컨셉으로 무장하고, 독특한 보이스로 전달할 수 있는, 몇 안되는 진짜 영화 리뷰 유튜버..라고 생각합니다. ||| 인사기록카드 자세히보면 이자성은 순경출신이고 추신수 닮은 오른팔 석무는 경찰대 출신의 경위임 서로의 정체를 몰랐지만 이자성 입장에서는 상관을 딱까리로 부리고 있었고 석무입장에서는 부하직급을 형님으로 모시고 있었던 거임 만약 프로젝트가 성공적으로 마무리 되어 둘 다 경찰로 복귀한 상태에서 서로의 정체를 알게 되었다면 엄청 뻘쭘했을 듯 ||| 이자성의 양복 색이 점점 변해가는 저 연출은 정말 좋은거 같아요 ||| 스토리만 잘만든 영화라 생각했는데 아니였네요 괜히 나오는 장면이 없네요",영화/애니메이션
b6CIjzwvJAg,시카리오 암살자의 도시 마지막 명장면 (신을 만나러 갈 시간이다),번역,이 복수는 잔인한게 아니라 오히려 자비로움 주인공의 처자식은 고통스럽게 살해당했지만 보스의 가족은 총알 한방으로 편안하게 보내주었고 주인공은 가족이 살해당한채 수년간 지옥에서 살았지만 보스는 그고통을 겨우 몇초 느꼈을 뿐임 ||| 저 보스도 연기 겁나 잘하네 ㄷ ㅋㅋㅋㅋ 애들 앞에선 죽이지말아달라고 보스로서 마지막 가오 한번 부려보지만 어린애랑 여성까지 눈 하나 깜빡 안하고 골로보낸 상대에 대해 진짜 겁먹은 그 표정 ㅋㅋ  식사 마저 하라는 말 들었을때 너무 겁에 질려서 아무것도 못하는 그 느낌도 잘 살림 ㄷ ||| 알레한드로 개간지 철철ㄷㄷㄷ ||| 1:17 딸얘기 나오자 우리애들도 죽겠구나 싶어서 고개 떨구는 아내 ||| 가장 완벽한 복수,영화/애니메이션
cFz_HJzDP4A,"넷플릭스 한국영화 추천 - 박신혜,전종서 주연 영화 콜 역대급 미친 살인마가 나타났다(결말포함)",티비요정,"최대 피해자가 엄마임... 다칠대로 다치고 아빠죽인걸로 누명 쓰이고 마지막엔 해피엔딩인줄 알았더니 다시 죽이고.. 솔직히 마지막 엔딩 소름돋긴 했는데 이런 마무리는 갠적으로 별로... ||| 전화로 엄마가 오늘밤 죽인다는 말 안했으면 ㄱㅊ지 않았을까.... ||| 마지막 엔딩에 엄마 사라지고 살인마 눈 뜨는 거 보고 울었음 진짜ㅠㅠㅠ ||| 박신혜 생각이 너무 짧아서 좀 답답했던 영화 ㅜㅜ ||| 주인공 지능 실화인가요..? 죽은 아빠가 다시 살아돌아온걸 본인이 직접 경험했는데;; 미래가 바뀔수도 있다는걸 두눈으로 봐놓고 '왜 죽였어?' , ' 너 무기징역수야' 라고 말하는거 보고 뇌정지가 오더군요. 물론 이런 멍청함 덕분에 영화가 진행 되는거겠지만  영화몰입에 방해가 될정도로 주인공을 너무 멍청하게 만들었네요. 왜 이런 영화는 항상 멍청이 한명이 존재해야 스토리가 진행이 되는걸까요...ㅋㅋ",영화/애니메이션
x2wqL9FUYrk,당신이 몰랐던 데스노트 100가지 TMI,김기린,데스노트가 진짜 럭키맨 그림체 였다면 진짜 고민 되긴 하겠다 ||| 나만 L 죽고 2부 제대로 안 봤나ㅋㅋㅋㅋㅋㅋㅋL죽을때 정말 온몸에 소름이 돋았는데 뒤에 나오는 멜로랑 니아에게는 왠지 모르게 정이 안 갔음 ||| 근데 퇴짜먹고나서 7년간동안 포기하지 않고 작품 준비한게 ㄹㅇ 대단하네.. 어캐 7년간 준비를 하냐 ||| L이야 말로 진짜 안티 히어로네... 심심풀이로 범죄 소탕ㅋㅋㅋㅋㅋㅋㅋㅋㅋㅋ ||| 두뇌는 진짜 L이 세계관 최강이지.. 사기템을 장착한 천재 라이토를 궁지로 몰아넣고 라이토가 사신을 이용해야만 겨우 이길 수 있는 상대였으니..,영화/애니메이션
f-kc8k44950,새들이 장악해버린 공포의 마을,스카라,"다른 영화 리뷰에서 새에서 영감 받아 해당 이미지 차용했다는 건 여러 번 봤었는데 직접 이렇게 줄거리 보는 건 처음이네요 스카라님 목소리는 항상 몰입감을 높게 해주어 좋아요! 리뷰 항상 감사합니다 ||| 배우들 의상 당장 오늘 입고나가도 될만큼 세련됐다 ||| 흐아 ㅠㅠ 미쳤다 조류 공포증 있는 저한텐 진짜 세상 공포영화네요 ㅠㅠ 그리고 오늘도 딕션,줄거리,목소리 최고에요!!!😍😍 +1:46 새 좌로우로 ㅋㅋㅋ ||| 예전에 TV로 이영화를 처음 봤을땐 새가 이렇게 무서운 동물이였나하고 놀랬고. 특히 왜 인간을 공격하게됬는지 이유가 확실히 안나와서 오히려 더 공포스러웠어요. 오늘 스카라님 리뷰로 다시 접했을땐 그당시 CG도없는 촬영기술 여건으로 이런영상을 만들어낸 히치콕감독에게 또한번 놀랬어요. ||| 이 영화 특징 중 하나가 음악이 없죠. 그럼에도 몰입감과 공포ㅎㄷㄷ 새 무서워요. 그리고 이 영화에서 티피 헤드런이 너무 예뻐서 팬 되었네요. 영화 나온지 몇십년 후지만 ㅎㅎ 그리고 티피 헤드런 극중 이름이 멜라니, 티피 헤드런 딸 이름이 멜라니 그리피스, 이것도 재밌네요. 영상 잘 봤습니다. ^^",영화/애니메이션
CcbmToHKW44,(1) 드디어 밝혀지는 금가방의 진짜 의미ㅣ펄프픽션 리뷰,요런시점 movie,"시청해 주셔서 감사합니다 이 영상내용 외에도 거대한 “바늘”의 의미라든가 사무엘 잭슨이 마지막에 말하는 “목자”의 의미 등 추가적 내용을 2,3편 영상으로 업로드하였으니 많은 시청바랍니다^^~  펄프 픽션 해설 추가 영상을 시청하려면 멤버십에 가입하여야 합니다 연령 제한이 붙어 있으니 미성년자인 분들은 가입하셔도 볼 수 없음에 유의해 주세요  🎭 멤버십 가입은 아래 링크로 https://www.youtube.com/channel/UCHuL7faep6dzK1tAZHoNGTA/join  🎞펄프픽션 해설 영상 모두 보기 https://youtube.com/playlist?list=PLZc89k5FA5Gnz8pthUSdddDVIenbIThgE&si=X0v04u1df2ztRr-0 ||| 와 편집 보소.... 이게 갓 시작한 자의 퀄리티란 말인가... ||| 이 영상 보기전까진 제가 영화좀 보는사람인 줄 알았습니다. ||| 이 영화를 20번 넘게 봤지만 이런 관점은 처음 접합니다. 늘 좋은 리뷰 감사합니다. Matrix의 리뷰도 대단했습니다. ||| 발 마사지 씬에서 빈센트가 ""그래서 남자한테도 발 마사지 해줄수 있냐?""라고 물었을때 줄스가 ""ㅈ까""라면서 결국 간접적으로 인정해버리죠 ㅋㅋㅋㅋ",영화/애니메이션
Ix6Mhk1XRWY,(이게 전체관람가?) 기괴하고 소름끼치는 명작 애니메이션!  *결말포함,약대시네마,"아이디어가 진짜 대단한것 같음.. 공포영화 생각하면 보통은 귀신이나 좀비 등등 기괴하게 생기고 징그럽게 생긴것들이 생각나는데 이건 그런 요소보단 심리적으로 무서워서 보는 내내 지루하지 않았던거 같음 ||| 코렐라인은 좀비와 같은 시각적인 공포감이 아니라 심리적인 공포감이여서 성인이 봐도 유치하지 않음.. ||| 나 이거 엄마랑 영화관에서 봤는데, 다 보고 나올 때 엄마 변했는지 계속 긴장해있었다. ||| 책 코렐라인에 대해 재미있는 사실 중 하나가, 바로 출판되기 전에 출판사측에서는 아동이 보기에는 너무 무서울것 같아서 내용을 좀 바꾸자고 했어요! 그러자, 이 책의 작가가 편집자에게 그러면 편집자의 어린 딸에게 이 책을 읽게 해주라고 제안해요. 그리고 편집자의 어린 딸은 전혀 무섭지 않고, 너무너무 재밌다고 해서 그대로 출판되었어요.     그런데 나중에 그 딸이 커서 말하기를, 사실은 너무너무 무서웠지만 결말이 궁금했고, 무섭다는걸 티내면 결말을 영영 알지 못할까봐 안 무서운척 했다고 해요! ㅋㅋㅋㅋ",영화/애니메이션
aaRsFbw0bqM,눈을 뽑지 않으면 죽임을 당하게 되는 극한의 공포 애니메이션 영화..!,흑매,안녕하세요 흑매입니다! 현재 영상 중간중간 나레이션과 영화 사운드가 나지 않는 부분이 있는 것을 확인 할 수 있는데요ㅠㅠ 그 이유는 노래에 대한 저작권 때문입니다 ㅠ 유튜브 시스템은 저작권 침해가 업로드 한 후 시간이 오래 지나서도 걸리는 경우들이 종종 있습니다ㅠ 넓은 마음으로 이해해주신다면 감사하겠습니다! 영상을 시청해주셔서 진심으로 한 번 더 감사드립니다:) ||| 하......이건 진짜 12세이상관람가해야된다..엄청어릴때 그냥 만화영화인줄알고 봤다가 진짜 동심다 파괴되고 꿈에나오고 정말 너무 무서웠음 ||| 개 씹 명작임..ㅠㅠ  못본사람은 있어도 한번 본 사람은 없다는건 이런걸 보고 하는 소리임 ㄹㅇ ㅠㅠ ||| 학생때 보러갔는데 클레이 애니메이션이 주는 묘한 공포감이 있음.. 시작할때 인형 가죽 뒤집고 솜뺀다음에 다시 인형 만드는 장면이 있는데 유치원애기들 울고 불고 난리났었음 ㅋㅋ ||| 이거 영화 연령대 잘못 잡은듯.. 어릴때 보고 맨날 꿈에나오고 엄마랑 몇일동안 말도 못함 혹시나 엄마가 단추엄마같은건 아닌지 또 문을 못보겠음 진짜 트라우마 심했어서 이거 12세로 바꿨음 좋겠음;,영화/애니메이션
hVD73A4hnWI,어린소녀를 태어난 순간부터 '강제로' 10분 단위로 짠 계획에 맞춰 살게하면 벌어지는 일 [명작 애니메이션],흑매,"진짜 ""넌 아직 몰라도돼"" 라는 소릴 듣다가,  ""너 이것도 몰라?"" 라는 소릴 듣게됨. 참 어른 되는게 순식간인것 같아요.. ||| 어린왕자 책은 초딩때 읽었을때 그냥 판타지구나 하는 느낌이었는데 성인이 돼서 읽으니까 작가는 엄청난 천재라는 것을 느끼게 됩니다 ||| 이거 보고 영화관 옆 비상계단에서 눈물 펑펑쏟음.. 나는 어렸을 때 어른들이 싫고 이해가 안갔는데, 내가 어느 순간 이렇게 자라서는 저 영화속의 어른이랑 똑같은 사람이 되어있는거야. 절대로 이렇게 크지 않으리라 생각했건만..ㅋㅋ 회색빛의 나를 바라보자니 울컥하고 마음이 싱숭생숭해서 ..참 여운이 남는 영화. 어린왕자를 소재로 잘 만들었다. ||| 어른들이랑 대화하다 보면 너무 싫은게 어쩔땐 나한테 ""너 이제 다 컸으니까"" 이러고 또 어쩔때는 ""넌 아직 어리잖아"" 이러는거 지겹다 내가 고무줄이냐고 늘어났다 줄었다 하게 ||| 초등학생때 이걸 본것같은데 그땐 마냥 엄마가 나빠보이고 아이가 불쌍해보였어요. 근데 고등학생이 된 지금 영화를 다시보니 이상하게 저렇게 살면 대학 걱정은 없겠구나 나라면 저렇게 살아도 될것같다 싶은 생각이 들더라구요..순간 소름이 쫙 돋고 그냥 너무 슬펐어요 예전의 나는 이러지 않았는데 분명 빛나는 태양과 같은 꿈을 꾸고 있었는데 어느순간 다 꺼진 태양을 목표로 살아가는 것 같더라구요..보면 볼수록 자꾸만 마음이 이상해서 더 못보고 껐어요 언제부터 나는 현실에 타협하며 살아왔을까 싶은 생각이 계속 들더라구요ㅋㅋㅋㅋㅋ저는 아직 고등학생인데ㅜㅜ...",영화/애니메이션
hS7VFWEKasg,바다 한가운데서 뒤집어진 배안에서 살아나가는 방법! [영화리뷰/결말포함],모나리뷰,"상황은 진짜 긴박하고 스릴넘치는데 나레이션은 마치 나물캐는 소녀처럼 세상 차분하네요 ||| 그리고 저 영화의 원작인 포세이돈 어드벤처는 소설이 원작인데 그 소설의 모티브가 실제 퀸 메리호가 2차대전 당시 겪었던 사건이었다고 합니다. 그 사고가 어떤 사고였냐면 1942년 12월, RMS 퀸 메리호는 뉴욕에서 16,082명의 미 육군 병력을 승선시키고 영국으로 향하던 중  스코틀랜드 700마일(1,100km) 해상에서  92피트(28m) 높이의 초대형 파도(Rogue wave)를 측면에 얻어맞은 것인데  이 여파로 8만톤이 넘는 여객선이  측면으로 52도까지 기울어지는 상황이 펼쳐졌었다고 합니다.  훗날 조사결과  3도만 더 기울어졌으면 복원력을 상실하고 전복했을 것이라 하는데  만약 전복했으면  타이타닉호 침몰 사고는 물론,  9400명이 사망한  빌헬름 구스틀로프호 침몰사고를 뛰어넘는 초대형 해난사고로 기록됐을 것이었다고...... ||| 늘 그렇듯 아버지의 희생..ㅜㅜ (근데 물속에선 눈떠도 아무것도 안보여요🤭) ||| 워낙 유명한 영화라 여러번 리메이크 되었다.40년전에도 봤었고 그 이후로  몇번더 만들어졌다. ||| 4:26 문 여는데 왜 괴물 울음소리가 나냐.... 깜짝 놀랐네...",영화/애니메이션
b_xuj8RzlXQ,집에 들어온 살인마가 자기 자신이라면? [영화리뷰|결말포함|해석포함],모나리뷰,그럼.. 엄마 그림자는 걍 원래자리를 되찾으려고 했던거고 한동안 말을 못했던 것도 그림자는 말을 할 수 없으니까... ||| 진짜 엄마가 엄마 도플갱어에게 목이 졸렸어서 진짜 엄마(주인공 가족의 입장에서 도플갱어 엄마)가 목이 쉬었던 거네요…. ㄷ ㄷ ||| 마지막에 개소름 돋았음 진심.. ||| 공포영화 리뷰인데 목소리가 너무 예뻐서 긴장 풀면서 봤어요😊 ||| 난 진짜 너~~무 재미있었는데...아쉽다는 평이 많네😂 어스 최고...,영화/애니메이션
nvMfjXAc5k4,(결말포함) 17세에 납치돼 그방에서 임신과 출산까지 하게된 여자 / 영화리뷰 소개 추천,무비투어,7년동안 갇혀 살면서도 벼텼는데 기자들은 1시간만에 엄마 자살하게 만드는걸 보면 기자들의 위엄을 다시 느끼게 된다. ||| 실화 베이스라는게 충격.. 그 사건에서는 친아버지가 범인이라는게 더 충격.. ||| 여자아빠 마음 이해되네요 딸을 납치한 남자의 아이다라고 생각하니 아이를 쳐다볼수없는 마음 ㅠ ||| 우리6살 딸하고 선녀와나무꾼 동화듣는데 딸이 왜 애기 셋 낳을때까지 날개옷 주면 안되냐고 물어보는데 답할말이 없었음 ||| 이거 실제사건에서는 납치범이 친아버지엿습니다 하.......,영화/애니메이션
yssa4K-iH-o,대한민국 IMAX영화를 7년간 멸종시켰던 전설의 망작..,지무비 : G Movie,"전설 ‘7광구’입니다. 지무비 굿즈 스토어  https://m.smartstore.naver.com/gmovie ▶ 지무비 채널 멤버십 가입 https://goo.gl/LrQJgy ▶ 지무비 공식 인스타그램 https://www.instagram.com/G_movie__/ ▶ 지무비 개인 인스타그램 https://www.instagram.com/awayout1/ ▶ 다른 병맛 영화 소개 둘러보기 https://bit.ly/34QDhO6 ▶ 나만 당할 순 없지 7광구 구매&대여 링크 https://www.youtube.com/watch?v=CX1cDCEQikY ||| 다섯가족이 한번 모여서 진짜 오랜만에 외식하고 영화보자 말하셨던 아버지 덕에 너무 행복했었습니다. 그 영화가 7광구만 아니였다면... ||| 극장에서 보다가 '박스치워'에서 그만 빵터지고 말았습니다. 그때 입은 모멸감과 심리적외상으로 인해 저는, 리얼과 엄복동을 보면서도 낄낄거리게 되는 고통을 겪고 있습니다. ||| 박수칠때 떠나야 했던 영화   (박철민이) 박수칠 때 (영화관을) 떠나야했던 영화 ||| 스토리는 에일리언이랑 크게 다를바가 없습니다..  하지만 에일리언이랑 차이를 두기 위해서 넣은 장면들이 개연성을 개박살내버리고 박스를 치워버리게 만들며 헛웃음을 짓게 만든 게 큰 함정인 영화같음",영화/애니메이션
7DIGhYADYrE,[영화리뷰/결말포함] 거인들이 인간을 애완동물로 키우는 방법,무비덕후,"와 정말… 정신이 확드는 영화네요…  73년작이라고 믿을 수 없는 완성도 👍👍 너무 재밌게 봤네 ㄷㄷ 지식 = 파워 ||| 73년에 만들었다니, 50년이 지난 지금에도 오묘하고 신비한 맛이 있네요. 명작 ㅇㅈ ||| 한참을 앞서간 명작이네요 73년작이라곤 믿기지 않습니다. 그림이 예술이네요 ||| 인간이 얼마나 동물한테 잔인한지 보여주는 작품 ||| 트라그인도 옴도 둘다 현실의 인간의 모습을 빗댄 존재라고 생각해요. 단 1세기 전만 해도 인간이 다른 인종을 노예로 부리던 세상이니 그 관계를 판타지적으로 표현한거죠",영화/애니메이션
kzhKpY-htOg,전교 꼴찌가 대학을 만들면 생기는 일 [영화리뷰/결말포함],무비씨엘로 MOVIE CIELO,"현실에서도 최고경영자 혹은 각 분야의 그만한 위치에 오르는 사람들은 바틀비와 비슷하더라구요 누구나 생각에 그치는 일을 실행에 옮겨버리세요 ||| 이영화진짜 마지막이 최고의 명장면임 '거봐 한다니까' ||| 6:13 오스왈드.. 코블팟! ||| 코미디 영화지만 교육이라는 의미를 되새기게 해주는 좋은 영화네요 ㅎㅎ ||| 뭘 해가 아니라 뭘 하고 싶어? 를 먼저 듣게 해준 영화 물론 실제로 저러면 입학금으로 돈 받은 시점에서 범죄이지만....  개인적으로 영화 장면 중에서  기억에 남았던 장면 꼽으라면 주인공 바틀비가 학생들에게 어떤 수업을 듣고 싶고 뭘 하고 싶냐고 물어보는 장면이 있는 데  거기서 친구인 글렌에게 묻자 ""그걸 왜 나한테 물어보는 건데?""라고 한 장면과  그 이후에 입학한 학생들에게 물어보던 중 한 락 앤 롤 좋아하는 학생이 한 말인 ""그런 건 보통 너희가 우리에게 하라고 정해주는 거 아니었어?"" 였다. 솔직히 한국 개봉 안 한 게 이상하다. 진짜 한국에서 엄청 인기끌었을텐데 나온 거라고는 출발 비디오 여행 같은 프로그램에서 잠깐 영화 줄거리 말해준 것 그게 전부 였다.",영화/애니메이션
ztr2TdzGZB4,[영화리뷰 결말포함] 조조의 80만 대군에 맞서는 제갈량과 연합 세력들 이야기(삼국지 적벽대전 리뷰) 1부,무비빌런 [Movie Villain],"캐스팅 후덜덜하네. 특히 조조, 제갈량 캐스팅은 너무 완벽했다. ||| 방금 영화 전체 보고 왔는데, 제갈량과 주유의 이야기이었군요. ㅋㅋ 그나저나 조자룡 전투씬 전부 멋졌습니다.  제갈량에 대한 묘사는 애니나 게임 할때도 항상 존잘맨이시더니, 영화에서도 존잘맨이시군요. ||| 내 인생에 처음이자 마지막이 될 유일한 배우 그리고 연예인... 금성무 그 누구도 눈에 들지 않는다 ㅜㅜ 얼마전 예전 영화들 다시보기하고 구하기 힘들던 일드도 보고 여기서 보니 또 행복한 나~~~~ ||| 조조분 연기하신분이 패왕별희에서 장국영님하고 같이 주인공으로 나오신 분이시네요 ! ||| 너무나 유명한 배우들이 많이나와서 신기해하며 봤던 기억이 있네요~ 스토리는 아쉽지만 삼국지 팬이라면 안볼수없는 영화였습니다~~~~~~~~~~~~~~",영화/애니메이션
vWLGUN6HzLc,(반전주의) 화성 탐사 중 발견된 미스터리 큐브 [영화리뷰 결말포함],동네비디오방,"우주+SF+멸망 3단 합체를 추천해주신 '노양학'님 감사드립니다.😘😘😘 ||| 7:27 인공지능의 힘이 고작 머리로 친거냐곸ㅋㅋㅋ 개귀엽네 ||| 7:27 ""인공지능의 힘으로 스파이를 제압.""          무슨 레이저라도 쏘는가 했는데 그냥 돌진해서 퍽 ㅋㅋㅋㅋ ||| 목소리도 좋구 영화 내용도 깔끔히 정리되어있어서 보기 너무 좋아용:) ||| 도데체 지구 멸망 스토리 영화가 도대체 몇 개나 찍은거냐 ㆍㆍ보고 또 봐도 끝도없이 나오네ㆍㆍㅎ",영화/애니메이션
E_DgfT1iERY,내가본 영화중 가장 웃긴 영화 (영화리뷰 결말포함),조조할인,00:11 아니 너 말구 너희 엄마 ㅋㅋㅋㅋㅋㅋㅋㅋㅋㅋㅋㅋㅋㅋㅋㅋㅋㅋㅋㅋ ||| 1:57 개웃기넼ㅋㅋㅋㅋ ||| 2:24 장례식이 저렇게 항상 행복하게 끝난다면 얼마나 좋을까 ||| 7:20 어머머 ||| 2:24 탈락 부저음 내는거 보고 되게 웃었네 ㅋㅋㅋㅋㅋㅋㅋㅋ,영화/애니메이션
em9tlNbiLNs,(결말포함) 괴롭힘 당하던 찐따가 학교 청소부에게 싸움을 배우면 벌어지는일 (영화리뷰),무비투어,3:38 진짜 중요한건 정신이야......그 몸으로 그런말 해도 안믿어져요 ||| 9:42부터 마우스 피스 뱉을려고 준비하는거 보소 ㅋㅋㅋ ||| 5:53 이렇게 귀엽 뽀짝한 11자 가드는 처음본다 ||| 진짜 놀라운건 정말 찐따를 캐스팅한게 아닐까 싶을정도로 찐따 그 자체인 캐릭터... ||| 우리 모두는 스스로를 이겨내고 챔피언이 되는 누군가를 늘 상상한다. 그리고 그것이 우리가 되길 진심으로 원한다.,영화/애니메이션
nkDCo0cpZ4Y,(영화리뷰 결말포함) “지금까지 존재하지 않았던 작품” 극찬! 아름다운 풍경 속에서 펼쳐지는 생생한 지옥,비타무비,"2019년에 작은 롯데시네마에서 일할 때, 젊은 여자 관객 혼자서 미드 소마 보러왔었음.. 그 때 검표만 했을 때여서 영화 내용도 모르고 포스터가 ㅈㄴ 홀리하길래 약간 힐링 영화구나, 힐링하러 혼자 오셨구나 했는데, 영화 끝날 때 지쳐서 나오시던 그 관객 분 표정이 아직도 안 잊혀짐.. 그분 표정보고 무슨 영화인지 찾아봤었음 ||| 근데 난 아무리 여주 입장이였어도 저기에서 안살거같음. 왜냐하면 음식 넘 적게주더라. 빵 한조각만 주는거보고 다음날에 트럭잡고 나갔을거같음. ||| 공포영화는 어두워야만 한다는 편견을 깨준 영화입니다. 백야를 배경으로 한 눈이 부실정도로 밝은 영상과 이해하지 못할 정도로 이상한 마을과 그에 동화되는 주인공. 그리고 소름끼칠정도로 더럽고 역겨운 장면을 거리낌없이 보여주는 영화입니다. ||| 아 나 울때 누가 저렇게 따라 울면 개빡칠것같은데.. ||| 여주ㅠ 어떤 마음으로 남기를 선택했는지 이해가 가서 미소가 더 슬펐음ㅠ 겉으로나마 함께 울어줄 사람이 필요했지만 믿었던 남친은 필요할 때마다 없었고 오히려 여주를 인정해주고 여주와 함께 울고 웃어준건 마을 사람들이었으니ㅠㅠㅠ 사이비 종교가 약한 사람의 마음을 어떻게 파고드는지 기묘하게 연출한 영화... 영상 감사해요 비타님!",영화/애니메이션
JKtLZMuD0_o,시급 130만원의 실험에 참가한 10명의 사람들[영화리뷰/결말포함],프릭무비PricMovie,"이 영화가 ""단간론파""와 비슷해서 간혹가다 이 영화가 단간론파를 베낀줄 아시는분이 계셔서 고정댓글 답니다! 단간론파는 2010년 10월 23일에 나왔고 인사이트밀은 2010년 10월 16일에 나왔습니다. 영화 자체도 단간론파보다 일주일 먼저 나왔고 인사이트밀의 원작소설은 2008년 8월 1일에 나왔습니다. ||| 스토리 개연성이 완전 뒤죽 박죽... 어떻게 이런 영화가... ||| 난 진짜 이런 영화 마지막에 보상 버리는게 젤 현실성 없는거같음. 보통이라면 돈주머니 꼭 끌어안고 부들부들 대지 않을까 ||| 던진돈 다시 줏으러 갔다는게 경제학계의 정설 ||| 제일 어이없고 황당한 장면 마지막 돈가방 내던지는 장면!! 그렇게 고생했는데 나같음 알뜰살뜰하게 잘 쓰지싶음",영화/애니메이션
onh2khpYPhs,우리 다시 시작해볼까요? [비긴어게인/영화리뷰],연상녀 [Movie Review],잘봤습니다.,영화/애니메이션
lnfpqeu0jhQ,엘리트 금수저가 살인에 중독되면 생기는 일 [영화리뷰] [결말포함] [자막],시네한수,"2:48 명함 하나도 무서워서 주겠나...아이보리 색채, 오동통한 두께에 워터마크까지 질투하네;; ||| 죄를 감쪽같이 덮어버려서 주인공이 오히려 정신착란 온것같음 ||| 미친 사람 하나의 원맨쇼일수도 있는데..배역 캐스팅이 이렇게 중요하구나 싶은 영화임 주조연 하나없이 혼자서 끝까지 다 몰입감있게 이끌어나가네 ||| 배트맨이 살인마고 고블린이 탐정인 이 미스테리 ㅋㅋ ||| 나르시시스트 기질을 소름돋게 잘 표현함..",영화/애니메이션
BZwo_uEMFOY,[영화리뷰 / 결말포함] 손가락 하나로 교도소를 평정한 남자ㅋㅋ,팝콘형,"이번 영화는 '쿵후 프리즌' 입니다 더욱 노력하는 팝콘형 되겠습니다 시청해주셔서 감사합니다  다들 굿밤~~하세요♡ ||| 2:10 ""바보도 할수있는 감옥에 똥구멍으로 물건 숨기고 들어가는 법"" 이라고 해석하심 됩니다ㅋㅋ ||| 2:10 책제목을 많이 순화해놓으셨네요ㅋㅋㅋㅋ ||| 롭 슈나이더는 코메디 영화를 위해 태어난 사람인듯.. 이 형꺼는 핫칙을 봐야댐 ||| 4:58 교도소가 아니라 연인 만드는 곳 맞죠?",영화/애니메이션
WINyUBlp4JA,[영화리뷰/결말포함] 25년 만에 다시 만난 7공주들,"목소리 좋은 남자, 알렉스",이거 아주 좋네요! ㅎㅎ 화이팅!! 👍👍 ||| 잘 봤습니다 ㅎ 가끔 하시는 말씀에 웃고갑니다 ||| 재밌게 잘 봤습니다^^ 감사합니다^^ ||| 진짜 재밋게 봐던 영화ㅎ ||| 편집 좋고 나레이션도 좋고 목소리도 좋았습니다. 지금은 작은 유투브지만 앞으로 대형 유투브로 발전 할 거라 생각합니다. 화이팅 하세요~,영화/애니메이션
jlMT7rV1krs,우유 마시는 살인청부업자와 담배 피는 12살 소녀 이야기 [영화리뷰/결말포함],"카페, 시네마",이영화에대해 그어느 평론가보다 가장 완벽한 해석이였습니다. good jab!!! ||| 진짜 레옹이 문 열어줄 때 마틸다가 웃는 표정은 구원을 받은 인간의 표정과 너무나도 닮아있어서 마음에 와닿던 장면이에요. 연출 지림.. ||| 레옹 혼자 영화볼때 표정 왤케 짠하냐..ㅠ ||| 십대에 성장이 멈춘 레옹부터 겁나 울었어요.. 이거 슬픈 영화구나ㅠㅠ ||| 3개월만에 만들어진 영화인데 3년을 준비한 영화들 보다도 위대한 명작으로 만들어져 30년이 다되도록 극찬받는중.,영화/애니메이션
6Or2Cj_m-6I,[영화리뷰/결말포함] 전범자들을 찾아 처리하는 정부의 사형집행인 / 서부 액션,어벙이무비,오랜만에 감동적인 정통 서부영화 였습니다. 우직하게 자기 일을 수행하는 모습이 감동으로 다가옴. ||| 취향 저격. 순수한 영화네요. CG에 찌든 눈과 뇌를 맑게 해주는 참된 영화입니다 ||| 다른 채널처럼 사족 안 붙이고 깔끔하게 영상 위주로 돼서 좋네요 ||| 브리처의 생사는 마지막에 본인입으로 알려주네요 “살아” ||| 이야 서부의 낭만! 멋진 퀵 드로우까지 좋은 영화 추천 감사합니다!,영화/애니메이션
Q27Ulalxwbw,사토르보다 위험한 영화 ‘테넷’ 완전 해석,기묘한 케이지,"[영상에서 하지 못한 이야기들] . . . . . [CIA의 다인종 정책] CIA는 인종적 다양성을 추구하는 조직입니다.  오페라 하우스의 4인방이 그것을 보여줍니다.    [오페라 하우스] 오페라 하우스 때 가스 사용 설정은 체첸 반군의 오페라 하우스 테러 사건 당시 러시아의 진압시 쓰인 가스에 영감을 받은 것으로 이전 영상에(프롤로그 분석) 언급이 되어 있습니다. 단 자세하게 언급할 경우 최근에 일어났던 재난 등을 사유로 유튜브 커뮤니티 가이드 라인에 검열이 될 수 있어 이번 영상에는 누락되었습니다.     [코트 보관소에 쓰러진 사람] 주인공이 알고리즘을 찾으러 코트 보관소로 향할 때 코트 보관소에는 누군가 쓰러져 있고 스왓팀은 아닙니다.  관객의 일부거나 오페라 하우스의 관리자 정도로 볼 수 있습니다.  가스 때문이거나 탈출 또는 목격자 제거 목적으로 스왓팀이 사살 했을 수도 있습니다.     [부대 마크 패치] 네 가지 부대 패치 중에 하나를 가상의 특수부대로 언급한 것은 우크라이나의 전 부대 마크를 뒤져봐도 동일한 패턴이 없었기 때문입니다.  밀덕 능력자 분들의 조언을 부탁드립니다.    [우크라이나] 주인공과 프리야의 3번째 만남에서 미래의 과학자는 알고리즘을 과거로(9개국) 보냈다고 합니다.  과거의 어떤 시기로 보냈는지 영화는 알려주지 않습니다.   현재 핵무기 보유국은 미합중국, 영국, 러시아, 프랑스, 중국만 핵 확산 금지 조약에서 인정하는 5개국입니다.  인도와 파키스탄, NPT 가입도 안했고 가졌다고 직접 밝히지는 않고 있으나 갖고 있다고 추정되는 이스라엘을 포함하면 8개국이 되고 1994년 핵을 포기한 남아공을 치면 9개국이 됩니다.   따라서 미래 과학자가 과거로 알고리즘을 보낸 시기를 1994년 이전부터 냉전 시기 언제쯤으로, 9개 중에 하나가 발견된 곳은 우크라이나로 추정해봅니다.    [주인공이 탄 배들] 테넷의 주요 거점인 해양 공급 선박 마그네 바이킹 호는 현재 소유자가 덴마크의 바이킹 서플라이 쉽스라는 선박회사지만 노르웨이 국기를 달고 있습니다.  주인공이 풍력 발전기에서 나와 타는 배는 해당 풍력 발전 단지를 관리하고 운영, 유지보수하는 회사의 선박입니다.    [쓰러진 총알] 총알의 인버전은 굴러 떨어진 총알의 인버전인데, 로라는 세워둔 채로 시연합니다.  그 직후 총알은 누워있는 상태에서 손에 들어옵니다.  아카이브로 들어가서 주인공이 기어 부품을 인버전 할 떄는 놓인 상태에서 그대로 손에 들어옵니다.    [자신에게 쏘는 총] 오슬로의 프리포트 1차 전투에서 주인공은 인버전을 한 자신과 싸우는 데 인버전 주인공은 주인공에게 총을 네 발이나 쐈습니다.  물론 당시의 주인공은 아무것도 모르기에 인버전 해온 자기 팔을 문 따는 도구로 찌르긴 했지만요.    [프리야] 주인공은 오슬로 프리포트를 난장판으로 만든 이후 프리야를 만납니다.   세 번째 만남은   두 번째 만남 이틀 전입니다.   닐이 프리야를 불러주고 주인공이 대신 나갑니다.  그런데 프리야가 닐이 어딨냐고 묻기도 합니다.  이 때 닐과 프리야는 서로를 알고 있습니다.   첫번째 뭄바이에서 닐은 프리야를 만나지 않았습니다.  주인공보다 더 윗층에 있었고 뛰어내릴 때도 닐이 먼저 위에서 뛰어내립니다.  그 외엔 단 한 번도 프리야와 대화를 나누거나 서로를 식별하는 장면도 없습니다.  닐은 뭄바이 때 보다 더 과거로 와서 미리 프리야와 안면을 튼 사이일 수 있습니다.    [사토르는 위험하지 않은 사람] 사토르는 사실 별로 위험하지 않은 사람일 수도 있습니다.  사토르가 사망하고 알고리즘 활성화 트리거는 작동하지 않았습니다.  미래의 목적은 과거의 소멸보다 알고리즘을 손에 넣는 것이 우선시 된다고 추정해 볼 수 있습니다. 미래는 믿음만 있는 상태이기 때문에 이미 황폐화된 미래에 알고리즘을 사용해서 스스로 믿음의 증거를 찾고 싶은 것일 지도 모릅니다.    [사토르의 명대사] 물론 찰진 협박이 가장 명대사 같지만 개인적으로 추려보자면 첫 등장시 ""그 미국 놈 누구야?"" 주인공과 ""처음 만날 때 내 아내랑 잤나?"" 벨트를 손에 감으며 ""내가 못가지면 아무도 못가져!"" 입니다.    [사토르의 금괴] 타임 캡슐에서 꺼낸 인버전된 금괴가 사토르의 손으로 들어갑니다.  그걸로 부하를 퍽퍽퍽하고 주인공한테 피묻은 금괴를 던지죠.  안타깝게도 그 때 주인공은 장갑이 없습니다.  그 피묻은 인버전 금괴를 던지는 사토르도 어떻게 느끼면서 던졌을 지 알길이 없습니다.    [캣의 심판] 사토르를 죽이고 마히르의 보트에 올라타 무전으로 남편을 자기 뜻대로 죽게 하고 싶지 않았다고 말하는 캣의 심리는.. 사토르가 질병으로 인한 자신의 운명만을 제외하고는 모든 것을 통제할 수 있는 인물이었기에 캣은 그 죽을 권리를 빼앗음으로서 심판하고 싶었다는 것을 알 수 있습니다.    [캣이 모르고 있는 것] 사토르가 캣을 왜곡된 방식으로 사랑했지만 캣에게 자신이 원하는 만큼 사랑을 받는 것은 불가능했습니다.  캣은 정작 사토르의 맘대로 되지 않는 존재가 자신임을 모르고 있습니다.    [다중 캣이론] 영상 속 다중 캣이론이 적용 될 수 있는 건 베트남 만이 아닙니다.  탈린의 프리포트에서도 파란 방에 총상을 입고 남겨진 캣이 주인공 팀으로 넘어오고 오슬로 프리포트로 인버전하러 갑니다.  사토르는 파란방에서 캣을 데리고 나갑니다.  과거로 간 사토르에게도 캣은 있습니다.  이 추리는 여러분께 맡깁니다.   힌트를 드리자면 총상을 입고 파란 방에 남아있는 캣입니다.  물론 아우디에서 납치한 캣을 순방향으로 끌고 들어갔다고 보면 상황은 달라집니다.  그래서 캣을 끌고 들어갈 때 (인버전을 한 것처럼) 동작이 어색하다는 언급을 해드린 것입니다.  그 장면에서 사토르는 마스크를 착용하고 있으며 캣은 마스크를 하지 않고 있습니다.    [가장 나중의 닐] 닐이 마지막에 과거로 죽으러 갈 때 동요하지 않고, 태연해 보입니다.  미래의 주인공에게 자신의 최후를 들었을지도 모를 일이죠.  그 상태에서 닐은 주인공과 겪은 과정을 통해서 자신의 최후를 점차 확신하게 되었고 마지막 순간 직전 납득을 한 것으로 볼 수 있습니다.  영화 속의 닐은 가장 나중의 닐입니다.  그렇기에 닐은 두 사람의 관계가 자신에게는 끝이고 주인공에게는 시작이라는 말을 합니다.     [주인공의 운전] 주인공은 두 대의 차를 운전합니다. 덴마크에서 로라의 연구실로 향할 때 탔던 차량과 탈린에서 인버전 후 탑승하는 사브 차량과 차종, 형태, 번호판은 모두 다릅니다.    [명칭] 영상에서 주인공이라는 명칭을 사용합니다.  그게 더 몰입이 편하고 후반에 주도자라고 자신을 칭할 때 느낌이 좋아서..   영화 자막상 폭발지를 폭심지로 사용합니다. 이것도 그냥 이게 좋아서..   (이 내용들은 업데이트 되거나 영상으로 제작 될 수도 있습니다. ) ||| 작전 브리핑 중 대사가 ""또 이해 못한 멍청이있나?"" 할때 감독이 관객한테 하는 말 같았음..ㅋㅋㅋ 뜨끔..;;; ||| 영화표를 끊은 순간 그날저녁 유튜브에 '테넷해석'을 치는것은 확정되었다  일어날일은일어난다ㅋㅋㅋㅋㅋㅋㅋㅋㅋㅋㅋㅋㅋㅋㅋㅋㅋㅋㅋㅋㅋㅋㅋㅋㅋㅋㅋㅋㅋㅋㅋㅋㅋㅋ ||| 영화를 보고난 후: ㅅㅂ 멀본거지? 해석을 보고난 후: ㅅㅂ 멀본거지?  일어난 일은 일어난다 ||| ""이해하지 말고 느껴라""라고 영화 초반부에 여자 연구원이 말했는데 그게 이 어려운 영화를 접근하는 방법의 문을 열어준 것이 아닐까 해요. 과학적인것 잘 몰라도 직감적으로 흐름을 따라가면 영화속의 다양한 메시지가 느껴지는 것도 같아요",영화/애니메이션
G3Xb4dqTdmU,[영화리뷰 결말포함]인간을 통째로 삼켜버리는 식인 아나콘다의 습격이 시작된다..[영화추천][아나콘다],찬스무비 Chan's Movie,"※ 정치관련, 남녀갈등조장, 지역감정조장, 범죄관련, 성범죄관련 등등.. 채널과 상관 없는 부적절한 댓글은 예고 없이 삭제 될 수 있습니다.   영화 제목은 ""아나콘다"" 입니다. 구독과 좋아요, 그리고 댓글은 영상을 만드는데 큰 도움이 됩니다!! 부족한 영상이지만 시청해 주셔서 감사합니다^^  오늘 하루도 수고하셨고, 행복한 하루 되세요^^ ||| 아나콘다 시리즈 원작인데 그래픽 퀄이 최고임...지금 봐도 볼만해요 ||| 이 영화가 주는 교훈 : 여럿이 움직일땐 일행과 떨어져있음 안된다. 가장 마지막에 따라가도 안된다. ||| 어렸을때 본기억이..영상 감사합니다^^ ||| 갈수록 아나콘다 시리즈가 병맛이지만.. 1만큼은 개꿀잼 ㅋㅋㅋ",영화/애니메이션
__8_ThYJ92Q,(결말포함) 조용히 시골에 살던 전직특공경찰을 잘못 건드린 조직의 최후 / 영화리뷰,무비투어,이야 경찰 3명은 순삭하는데 나무 딸내미는 기절시켜주는 센스 ||| 넘 재미잊게봤어요 감사해요 ||| 포인트를 잘 짚어주셔서 줄거리 연결이 좋았습니다. 액션이 좋았습니다 ❤ ||| 3:16분에 맥주 캔 부딪치면  마시고 싶은 영화 ||| 이 영화를 보고 장염이 나았습니다. 역시 스톤콜드!,영화/애니메이션
MFNMIcVvaHc,[영화리뷰/결말포함] 절대 거울을 볼 수 없는 가족의 충격적인 비밀,영화보는하루,더 시크릿 하우스(2017)  오늘 소개해드린 더 시크릿 하우스는 스릴러 영화지만 드라마적인 요소가 강한 영화입니다. 마지막 장면은 다시봐도 슬프네요🥺  영상 재밌게 보셨다면 좋아요와 구독 부탁드릴게요👍🏻🎬 ||| 저런 잭을 선택하고 이해해주는 여자분이 진짜 세상 그무엇보다 값지고 대단하신듯... ||| 무서운줄알았는데 어찌보면 사랑스럽고 마음이 짠한 영화같네요 ||| 음악 분위기가 슬프면서도 너무 아름다워요 오순도순 잘 살고있는 4남매한테 이런 일이 일어나다니 안타깝네요.. 그리고 앨리는 천사다 ||| 이제보니 지금 제가 너무 좋아하는 배우들이 총집합한 엄청난 영화였어요ㅠㅜ,영화/애니메이션
q1ySPslo30U,[영화리뷰 결말포함]고장난 엘리베이터에 갇힌 사람들에게 벌어지는 일..[데블],찬스무비 Chan's Movie,"결국 악마는 진심으로 속죄하는 사람은 데려가지 못하네요. 교훈적인 내용 잘 봤습니다. ||| 왜 하필 죄질이 가장 심한 음주운전 뺑소니 범죄자가 살았느냐 하는데 자신의 죄를 뉘우치지않고 계속 악하게 살 사람보다 뉘우친 그 순간부터 바뀔 저 뺑소니범이 낫기때문 아닐까요 ||| 깜놀 방지 감사합니다 ||| 영화음량과 설명해주시는 음량 차이가 너무 나요, 비슷하면 듣기 더 좋을것 같아요 😀 좋은 영화소개 감사해요! ||| 할망구 토니뒤에서 일나는거 개소름이노 오늘 동생새끼 안고 자야겠다",영화/애니메이션
0BdosAMf1eo,(결말포함) 노숙자로 살아가던 전직특수요원을 잘못 건드린 조직의 최후 (영화리뷰),무비투어,저예산 영화의 향기가 폴폴 풍기네요.. 그리고 내가 아는 수지는 아니고 Venom 에 나왔던 엠블런스요원이 수지라는 인물로 등장하는군요...영상 잘보고 갑니다...🤣🤣🤣🤣🤣🤣🤣🤣😷 ||| 왜자꾸 특수부대원들만 건들까'..... ||| 저예산이라 엉성하지만 배우들은 연기에 최선을 다하네요 ||| 영화가 왠지 쫌 엉성하네요ㅎㅎ 영화 잘봤습니다 좋아요 꾸욱 눌렀습니다 감사합니다 ||| 2:40 목이 처음부터 붙어있지가 않네유ㄷㄷ,영화/애니메이션
vE6MtqxCFOA,(영화리뷰 결말포함) 아카데미 '작품상'을 수상한 공포영화가 있다?? 죽기전에 꼭 봐야 할 최고의 공포 영화!,비타무비,"이런 분이 베네딕토16세 교황 역할을 연기할 땐 진짜 교황님인줄.. ||| 이 영화는 조디 포스터가 주연인데 안소니 홉킨스가 주연으로 보이는 영화. 포스터가 연기를 못 했다는게 아니라 그만큼 홉킨스 연기가 대단했죠. 정확히는 모르겠지만 가장 적은 출연시간으로 남우주연상을 탔을지도 모르겠네요. 한니발을 영화 최고의 캐릭터 중 한명으로 만든 홉킨스형님! ||| 실제로 조디 포스터는 이 영화를 촬영하면서 그가 실제로 너무 무서워서 피해다녔고 마지막 촬영날이 되어서야 첨으로 대화를 했다고 할 정도로 안소니 홉킨스의 연기는 대단했지요.조디포스터를 첨 만나는 장면에 나오는 그녀의 남부 억양 대사를 따라하는 대본에 없는 애드립을 보여주어서 조디 포스터가 놀라는 장면은 실제로 놀라는것이었다고 합니다.그리고 희대의 살인마 찰스 맨슨의 비디오를  관찰해 촬영중에는 눈을 깜빡이지 않았다고 합니다.아마 영화 보면 깜빡이는게 없을겁니다.대배우는 머가 달라도 다르네요. ||| 안소니 홉킨스의 등장시간은 총 15분인가밖에 되지 않는데 그만큼 임팩트가 강해서 상까지 받음ㄷㄷ ||| 일부러 원작을 읽고 이걸 봤는데, 확실히 몇가지가 각색한게 보이면서 좀 더 흥미롭네요. 뭔가 책을 읽으면서 상상했던 장면들이나 클라리스의 독백들이 맵과의 대화로 바뀌는 거나, 목장 탈출 때, 원래는 양이 아닌 눈이 먼 말을 타고 다니는 장면 등등 조금씩 원작과 다른 부분들을 보며 조금 더 재밌어요 ㅋㅋㅋ 역시.. 뭐든 원작을 먼저 봐야함이.. 대신 상상했던 것들이 깨지는 것은 슬픔 ㅠㅠ 물론 두꺼운 원작책을 짧은 영화에 담으려면 어쩔 수 없겠지만 ㅠㅠ",영화/애니메이션
mBxs7D9nNPk,인내심 상위 0.01%만 끝까지 볼 수 있다는 전설의 영화,지무비 : G Movie,지무비 굿즈 스토어  https://m.smartstore.naver.com/gmovie ▶다른 병맛영화 보러가기 and 한동안 병맛 찾지 않기  https://bit.ly/34QDhO6 ▶ 지무비 공식 인스타그램 https://www.instagram.com/G_movie__/ ▶ 지무비 개인 인스타그램 https://www.instagram.com/awayout1/ ||| 지무비님 요청합니다 스파이더맨 영화합쳐서 총 거미줄이 몇번 나갔는지 세어주십시요 ㅎㅎㅎㅎㅎㅎㅎㅎㅎㅎ ||| 1:55 개뿜었닼ㅋㅋㅋ 5:39 니팀버려!!!!!???? 8:36 우리 할머니도 그거보단 빨리뛰겟닼ㅋㅋㅋ ||| 5:15 순간적으로 돈부족해서 꼬리 생략한줄ㅋㅋㅋㅋㅋ ||| 5:10 잠수함 날아가는거 개웃기네 ㅋㅋㅋㅋㅋㅋㅋㅋㅋㅋㅋㅋ 어뢰도 저따구로 안 날아감 ㅋㅋㅋㅋㅋ,영화/애니메이션
6bygIfbvz3o,영화 사도 리뷰,한땐 OnceThere,"영화 초반부 사도세자의 본명인 '이선'을 '이산'으로 잘못 말하였습니다ㅠㅠ 혹여나 오해없으시길 바랍니다. ||| 진짜 사도세자가 미친게 아니라 영조가 미친거임... 자리에 눈이멀어서 또 지가 쌓인 스트레스를 훈육이라는 이름으로 푼거지... ||| "" 너는 존재 자체가 역모야 "" 이 말 들으며 세자가 얼마나 숨이 탁탁 막혔겠습니까 ||| 얼마나 마음이 차갑게 굳었으면 자기 아들의 저 내 마음 알아주는 사소한 말 한마디에 마음이 녹냐….. 진짜 얼마나 힘들었을까 사는게 사는거 같지 않았겠다 ||| 미치지않고서야 견딜 수 없었던 세자의 인생. 참 안타깝다.",영화/애니메이션
tbFzzeVZN48,세상의 모든 무기와 전쟁은 이 남자의 손끝에서 시작된다 [영화리뷰],찬호 리뷰TV,"""자신의 과거와 싸워서 이길수 없는 사람은 없다."" 제 인생영화 ||| 못잡는 것이 아니라... 안잡는 것이다..  자연처럼 누군가 희생되지 않으면 순환되지 않는 법... ||| 14:08 대사 전율 개쩐다 ||| 비행기 해체 씬은 경이롭다  흡사 개미들이 자신보다 몇십배 큰 곤충사체를 분해하는 네셔널지오그래픽 보는듯한 느낌 ||| 윤리와 도덕, 로비와 자본으로 설명하기에는   무기사업의 현실을 너무 잘 보여준 영화",영화/애니메이션
9dyFNqQMYAs,"로봇 vs 좀비, 둘이 붙으면 누가 이길까요 ?? [영화리뷰 결말포함]",동네비디오방,저 옆동네에서 온 사람인데 이 비디오방 재밌네요 제 최애 영화리뷰 2탑 채널이 될거 같습니다 (기무리뷰님도 있음) ||| 중간 PO 거만 WR 무엇 ㅋㅋㅋㅋㅋㅋ  배신자 맛있쪙~ ㅋㅋㅋ  흥미로운 주제 잘보고 갑니다.  동비형 곧 10만 축하축하^^!! 오지망으로 100만 가즈아앗! ||| 그냥 공장에서 쓰이던 인공지능 로봇들이 저렇게 무쌍을 할 정도라면... 그냥 군사용 로봇을 중대규모로 투입해서 수색구출하면 되는거 아닐까... ||| 분명 CG도 그렇고..돌프 아조씨가 주연이라는 점을 보면 B급이 맞긴한데 좀비에 맞서 로봇이 돕는다는 설정도 독특하고 진짜 잘 만든거 같네요!! B++급인듯 ||| 좀비는 로봇한테 왜 달려드는겨 전봇대옆에 있는 버려진 의자 취급하며 걍 지나가야지 저 좀비들은 나무도 막 물어뜯나,영화/애니메이션
INq2FGppaaE,[영화리뷰] 마터스:천국을 보는 눈 (해석 및 결말포함),강한무비,지극히 자의해석이니 몇몇분들의 생각과 많이 다를 수 있습니다.  여러 견해가 있을 수 있는 거니까 너무 공격하지는 말아주세요ㅠ ||| 사람마다 각자 해석하는 바가 다르겠지만 이 리뷰 해석이 가장 공감이 가네요. 루시를 이해한다면서 부인을 구하려고 했던 모습과 결국엔 자신이 똑같이 고문을 당하고 나서야 마지막엔 진심으로 루시를 이해하며 보고싶다라는 장면이 인상 깊었습니다 ||| 진짜 저 상황에서 힘내 라든지 너는 의지가 부족해 라는 말 따위는 나올 수가 없네요... 하아...가슴이 답답하네요 ||| 와 줄거리 보고 뭔 영화지 싶었는데 해석 듣고 소름이 돋았습니다. 우리가 가족이나 친구들에게 위로나 공감이 얼마나 표면적인지 반성하게 되네요. 그리고 개인을 구속 억압하는 모습도 반성하게 됩니다. 훌륭한 영화네요. 좋은 해석이 있어서 더 빛을 발합니다. ||| 이 영화랑 비슷한 사건이 지금 일어나고 있네요. 얼마전에 한인 종교 집단들이 죄없는 여성 한명을 굶기고 죽이는 사건이 있었는데 이 영상을 보고 얼마나 끔찍한 짓이였는지 다시 한번 상기시켜줌,영화/애니메이션
nzMbwsVc6EQ,[결말포함]세계2차대전 전쟁으로 인해 더욱 더 빛난 유대인 피아니스트(영화리뷰)(실화),세븐나이트,"저 독일군 장교와 조우할때 영화내에서 유대인들을 하대할때 쓰는 '너(du)' 대신 '당신(Sie)'를 사용합니다. 이 뉘앙스는 오묘한 괴리감이 주는 공포감 + 저 독일 장교가 나쁘지 않은사람이라는 기대감을 주는 장치인데 번역의 한계가 있는게 언제봐도 아쉽네요 ||| 14:25 여기 연기를 너무 잘해서 힘겨운듯한 목소리가 진짜 고스란히 느껴짐 ||| 피아니스트에서 인상적이었던건 초반에서 중반부로 가면서 가족의 식사의 질이 떨어져갔던거. 처음에는 서로 술(?)잔도 부딪히면서 건배도 하고 그러는데 게토에서 살때는 묽은 수프로 바뀌고 마지막 수용소로 가기 직전에는 각자 돈을 모아서 카라멜 하나를 사서 나눠먹고 있었음. 그러면서 가족의 표정이 밝다가 점점 어두워지는것도 플러스 ||| 이 영화 정말 명작임... 꼭 한번 보시길... ||| 너무 먹먹하고, 음악이 애잔하고 강렬한 몸부림이라고 할/까 인류의 잔인함과 아름다운 예술의 교차함이 울려 퍼지고  슬픔이   독일 장교의 모습이 아련히 잊혀짖 않는다.",영화/애니메이션
4I65RUFZsTk,편의점 강도가 가장 조심해야할 안티 히어로! [영화리뷰/결말포함],리뷰 MASTER,베놈 나올때 처음 무서움 중간 친숙함 마지막 귀여움 ||| 11:48 이때부터 베놈 귀여워짐 ||| 6:26초 명대사를 끓어버리시네..... ||| 7:23 아니 '마스크'하니까 베놈이 착용ㅋㅋㅋ ||| 11:14 굿바이 에디가 사라져써 그래야 뒤에가 이해가는뎅,영화/애니메이션
Wf-Tj0hHQFU,[영화리뷰 / 결말포함] 남의 차에 오줌 쌌다가 인생 조진 남자ㅋㅋㅋ,팝콘형,"이번 영화는 '4x4' 입니다 한 남자가 도둑질을 하던 중  차 안에 갇히게 되면서 벌어지는 극강 밀실 스릴러 영화입니다 항상 노력하는 팝콘형 되겠습니다 시청해주셔서 감사합니다! ||| 저 영화에 나오는 자동차는 동남아 시장이랑 남미 시장에서 팔리는 중형 suv 도요다 포츄너 입니다. 마크만 바꿔놨네요. ||| 요즘에 자주 올라와서 넘 좋습니다...ㅠㅠ ||| 도둑은 남의매물에 방뇨까지하는 미친인성에 꿈이라한들 편의점직원을 사살하는 악랄함,마지막까지 죄를 뉘우치긴커녕 급발진해서 차주인을 죽이려다 실패 범죄자들 인권운운,처우개선 지랄하는데 어떻게 피해자들 이야기는 목소리가 적을까 마지막에 의사가 자살하는거보고 더 그렇네 ||| 팝콘누나 이번 영상도 꿀이네용ㅋ 잘보고갑니당 ㅋ",영화/애니메이션
9wIBCFhz9M0,타임루프에 갇혀버린 사이비 종교 단체의 비밀 [영화리뷰 결말포함],동네비디오방,부모님 사랑 합니다 오래오래 건강하게 아픈데 없이 장수하세요 사랑 합니다♡ ||| 전 왜 결말이 불안하죠 ㅋㅋㅋ 아저씨가  나침반만 믿어야 하며 보이는걸 믿지 말고 가라 했는데 보는 모든걸 믿네요 ||| 와 보통 이런물은 멘탈 존나 깨지는결말인데 마을사람들이 착하네 ㄷㄷ ||| 이분은 결말을 알려줘서 좋네 ||| 뭔가 건전한 사이비종교(?) 네요.... ㄷㄷ  원래는 대부분 베드엔딩인데...이건 해피엔딩(?),영화/애니메이션
IQ_iberLrzg,[영화리뷰 결말포함] 힘든 역경을 이겨내고 세계의 절반을 정복했던 남자 이야기 (명작 영화),무비빌런 [Movie Villain],"역경만 보여주고 그걸 어떻게 딛고 일어나서 초원의 강자가 되는지에 대한 과정이 생략되어서 이야기 구성이 너무 허술해 보였다. ||| 태무진은  세계의 절반을 정복한 것이 아니라, 그 당시 아시아인이 알고 있던 세상의 거의 끝까지 정복한 사람이다. 그 딩시,  이프리카나  아메리카, 대양주를 생각할 필요는  없지. ||| 와 순정 그 자체다. 성인될 때까지 기다려주네. ||| 전투 패배로 10여년간 징기스칸의 기록 공백이 발생하는데 금나라 노예로 끌려갔다라는 설을 차용한 영화. 실제로는 조용히 세력을 모으면서 살고 있었다는게 거의 정설 ||| 1:33초에 정창욱 셰프님이 ㅋㅋㅋㅋㅋ",영화/애니메이션
JDWZ13r18Wk,[영화리뷰/결말포함] 희대의 살인마 삐에로를 농락해버린 두 여자의 최후 ㄷㄷ (개무서움),호러플레이,이런 영화 특징이 확인 사살을 안해 ||| 타라가 주인공인줄 알았더니 광대가 주인공이었네.. ||| 도대체 왜 한 대 씩만 때리고 가냐고ㅠㅠㅠ ||| 잔인해ㅠㅠ진짜 섬뜩하게 연기 잘하네여.. ||| 서양은 해장을 피자로 하구나,영화/애니메이션
Ioehq5gPMAg,[영화리뷰/결말포함] 타임슬립 갓띵작 스릴러 영화추천ㅣ매즈 미켈슨,영화보는하루,더 도어(2009)  시간이동의 판타지 스릴러 영화입니다. 영상 재밌게 보셨다면 좋아요와 구독 부탁드릴게요👍🏻🎬 ||| 3:10 표정 ㅠㅠ 눈물날거같다 ||| 아주 특이하지만 스토리가 참신해서 끝까지 재미있게 잘 감상했어요.  수고하셨습니다 ||| 딸 역할 배우가 너무 귀여워서 몰입이 잘되기도 했지만 부성애가 몸소 느껴지는 연기가 신의 한수라고 봄..... 딸 안고 우는거 왜이리 가슴 절절하냐.... ||| 와 첨보는건데 너무 잘봤습니다. 편집도 너무 깔끔해서 더 재밌었어요,영화/애니메이션
j612I1peaB4,【영화리뷰】 ENG CC절대 놓쳐서는 안될 좀비영화 2탄 '멜라니'【공포 스릴러 드라마】  khmer,Pisey hollywood movies,,영화/애니메이션
iogKREv6s60,[영화리뷰 / 결말포함] 눈 뜨니 500살 먹은 남자에게 벌어진 일ㅋㅋㅋㅋㅋ,팝콘형,"이번 영화는 '이디오크러시' 입니다 많이 기다리셨을 텐데 늦게 올려드려 죄송합니다 :( 더욱 빠르게 올리는 팝콘형 되겠습니다 (실현 가능성 30%) 시청해 주셔서 감사합니다 다음 영화도 기대해 주세요..보러오실꺼죠..? ||| 고딩엄빠만 봐도 이건 현실이란 걸 알게 된다. ||| 요즘 이런세상 되어가고 있다고 생각한다 ||| 사실 현실과 별반 다를거없음  현실고증 완벽한 다큐영화임 ||| 미국와서 살다보면 이 영화가 걍 농담이 아니라 실현가능성 최소 50프로는 되는 미래예측다큐로 보입니다. 진짜 저학력, 저인컴 일수록 애는 대책없이 낳는데 고학력, 고인컴 일수록 아이는 하나 아님둘만 낳아요. 십대임신, 미혼모문제 이런거 가난한 동네로 갈수록 심각하구요 ;;;",영화/애니메이션
LvoLNeA7jAY,[ 영화리뷰 / 결말포함 ] 좀비를 연료로 사용할수 있는 막장세계가 온다면..?,게영리 [게으른 영화 리뷰어],앜ㅋㅋㅋㅋㅋㅋㅋ 좀비에서 연료로 전직합니다 드립이 더 재밌어 지시는 것 같아요 오늘도 재밌게 봤습니다^^ ||| 게영리님 ㅋ 업로드가 꾸준하시네요 ㅋ 채널명과 불일치가 오지심 ㅋㅋ 재밌게 잘보고갑니당 ㅋ ||| 좀비를 연료로 사용하고 또는 컨트롤도 하는 ㅋㅋㅋㅋ 재밌네요 리뷰 잘보고 갑니다! ||| 1:47 ㅋㅋㅋㅋㅋㅋㅋ ||| 와앜ㅋㅋㄱㅋㄱ 소재가 참신하게 미쳤어욬ㅋㅋㅋ,영화/애니메이션
AUXzjT3b9rE,[공포영화리뷰] 1화 - 90년대로 회귀한 복고풍 공포 영화 /속닥속닥 리뷰,감점요인,2:48 갸갸~ 이거 무슨소린가요? ||| 초반에 영화소개에서 속닥속닥 아닌줄 알았어요.... 초반부 중반부 후반부 대판이랑 중간중간 너무 많이 나오는 다른영화장면들 리액션때문에 집중이 잘 안돼요ㅠㅠㅠㅠ그런거만 좀 빼주시면 훨씬 좋을거같으네여,영화/애니메이션
5wHcC_CPofc,[영화리뷰 결말포함] 숫자의 수수께끼를 풀어버린 남자에게 닥친 운명과 충격적 결말 / 스릴러 / 액션 / SF,보통눈,지하철 넘어질 때 사람치는 CG가 리얼하네요. 후덜덜~ ||| 좋은영상 감사합니다 ||| 목소리 매력 있으세요~^^ ||| 아. 이거 봤었는데. 다시보니 감회가 새롭네요.^^ 별기대없이 보면 재밌는 영화~ ||| 잘 보고 갑니다.^^,영화/애니메이션
WYDoTkvJuTI,"15,000년 주기로 지구의 문명을 초기화 시키는 고대 괴물 [영화리뷰 결말포함]",동네비디오방,"저 작은 미사일 한방으로 정리될 정도면 인류를 위협하는게 아니라 오히려 인류가 보호해줘야 하는 멸종 위기종 아니야? ||| ㅋㅋ 걍 땅속에서 계속 지진만 일으키는게 효과적일것같은 신화속 괴물이네 ||| *15000년만에 깨어났지만 인류의 과학력이 너무 높았다ㅋㅋㅋㅋㅋ* ||| ㅋㅋㅋㅋ일요일 아침을 재난영화와 함께하면 하루가 상쾌함 ||| 15,000년마다 한번 나오고 지구를 정화한다는 신화속의 존재가 조용한 산골 마을 하나 정리도 못하고 겨우 허접한 미사일 한방에 가다니",영화/애니메이션
AYEuKU_rZoc,[영화리뷰/결말포함] 웬만한 강심장이 아니면 못보는 서양 공포영화 명작 | 엑소시스트,투나잇 무비,지금 봐도 무서운데 50년 전에는 말 그대로 진짜 기절했겠네 ㄷㄷㄷ ||| 이 영화 이후의 공포 영화는 없다. 내인생 유일한 공포영화. ||| 실제로 일어났던  어느 소년에게 실제로 일어났던 것을 소설로 써서 히트 그소설을 각색해서 만든 영화가 엑소시스트 ||| 이렇게 몇일 걸린 상황을 한국의 검은사제들은 단 하루만에 끝냅니다 역시 한국의 빨리빨리 속도 ㅋ 악마도 재정비 할틈 없이 보내버렸다 ||| 차분한 설명과 짜임새 있는 이야기의 전개가 좋네요. 구독하고 갑니다.,영화/애니메이션
1yihC6T1gWs,한번 보면 7일 이상 여운이 남는다는 환생 영화 [이 영화 안 보면 후회 100%],무비체인,영화 제목은  “아이 오리진스” 본 편은 “청소년 관람불가”입니다😊 ||| “전생부터 연결되어 왔던 것 같다.”  라는 지점에서 서로가 서로를 무한히 끌어당기는 무한루프를 암시하는 것 같네요. 지하철에서 그려진 무한대라던지..  언젠가 다시 태어난 시간과 공간이 마주치는 생에 또다시 불 같은 사랑을 할듯.. ||| '내가 한번 느낀 감정과 기억은 절대 소멸되지 않는다. 그저 한켠에 숨어있을 뿐' ||| 하반신 날아간줄 알고 놀랐는데 진짜 날아가서 두 번 놀람 ㅋㅋㅋ ||| 사랑은 없어지는것이 아니라 깊이 묻어두는것이구나,영화/애니메이션
IHV6Xdf3YqA,사랑이 떠난 뒤에 꼭 봐야 할 영화 [결말포함/영화리뷰],리뷰 MASTER,"90년대 로맨틱코미디는 진짜 그 특유의 느낌이 너무 애틋해요 ㅠㅠ 옛날 생각도 나고 ||| 이 영화가 주는 교훈은 카메론 디아즈의 노래에 있다. 음치이지만, 최선과 진심을 담은 모습이 더더더욱 사랑스럽게 한다. ||| 조지 게이라면서 자꾸 설레게하고 줄리아 로버츠랑 뽀뽀 왜케함ㅋㅋㅋㅋㅋ ||| 진심 조지가 진국인 영화 세상에서 저런친구있으면 엄청 든든할듯 ||| 아무리 힘들어도 인생이란 춤을 멈추지 말란 말 참 와닿는 영화네요. 어릴적엔 공감이 안되서 카메론 디아즈가 사랑스럽게 나왔던 영화였다고 생각했는데 산전수전 다 겪은 지금 보니 재밌네요 ^^",영화/애니메이션
ZkcevQGw8l0,S급 배우 + B급 액션 코미디 = 개꿀잼 영화 (결말포함),늘보Movie,"여기서 톰형 웃는게 존나 잘생겼음 진짜... ||| 28:31 와... 어릴 적 볼 때는 몰랐는데 이 대사가 진짜 명대사였네...... 모든 걸 아름답게 마무리하는 멘트 미쳤다 진짜...... 위트랑 로맨스, 액션 등 전부 죄다 갈아 넣었는데 투머치하지 않은 영화.. 지금 나와도 대박쳤을 텐데 ||| 이거 넘 재밌어요.. 전개도 시원하고 지루할틈 하나 없는데 세세하고 미묘한 로맨스 감정선도 대박.. 남주여주 비쥬얼도 ㅠㅠ 마지막에 역할 바꿔서 윗미?위드아웃미?둘다 넘 귀엽네용 ㅠㅠ 여주 사랑스럽+남주 온화하고 다정한  멋짐 폭발 . . ||| 29:00 카메론디아즈의 미소와 톰 형에  사랑스런 눈빛....둘다 매력터진다 진짜... ||| 소방관 엄지드는거 진짜 존나 귀여움 ㅋㅋㅋㅋㅋㅋㅋㅋㅋㅋㅋㅋㅋ",영화/애니메이션
q23a9V4tpFQ,우리가 왜 매번 사랑에 실패하는지 알려주는 영화,헤더의터닝페이지,"'사랑에 늦었다는 건 없어요. 그저 당신의 마음을 따라갈 용기만 있으면 돼요.'  지금껏 사랑은 타이밍이라고만 생각했는데 또 신선한 깨달음을 주네요. ||| '사랑에 있어 늦었다는 것은 없다 그저 용기가 필요할 뿐이다'  이말을 조금 더 빨리 알았더라면.... ||| 로렌조 할아버지들 다 솔로이신가 ㅋㅋㅋㅋㅋㅋ 할머니 바라보는 눈빛에서 다들 꿀이 뚝뚝 ㅋㅋㅋ ||| 늦었다는게 ㅈㄴ 있어. 사랑은 타이밍이다. ||| 날 사랑하지 않았던 전남친을 잊게해준,정말 사랑이 무엇인지 사랑을 할 때 무엇이 중요한지 등 모든걸 알려주는,또 내 마음을 위로해주는 정말 좋은 영화 기분이 좋아질수밖에 없는 영화",영화/애니메이션
6Or2Cj_m-6I,[영화리뷰/결말포함] 전범자들을 찾아 처리하는 정부의 사형집행인 / 서부 액션,어벙이무비,오랜만에 감동적인 정통 서부영화 였습니다. 우직하게 자기 일을 수행하는 모습이 감동으로 다가옴. ||| 취향 저격. 순수한 영화네요. CG에 찌든 눈과 뇌를 맑게 해주는 참된 영화입니다 ||| 다른 채널처럼 사족 안 붙이고 깔끔하게 영상 위주로 돼서 좋네요 ||| 브리처의 생사는 마지막에 본인입으로 알려주네요 “살아” ||| 이야 서부의 낭만! 멋진 퀵 드로우까지 좋은 영화 추천 감사합니다!,영화/애니메이션
qzDyZwXoMxQ,동네친구에서 연인이 되는 과정(영화리뷰/결말포함/영화추천),무비로드,"남주 너무 잘생겨서 인스타 들어가보니까 이미 팔로우 하고있었네 역시 이런 남신을 내가 모를 리 없지 ||| 4:44 아니 달라지면 얼마나 달라지겠어 했는데 미쳤네 ||| 왜 내가 본 대만 / 중국 하이틴들은 죄다 남주가 존잘에 개똑똑이고 여주는 항상 띨빵에 평범한 사람으로 나오냐,,,, 근데 헐 뭐야 여기 여주 나의 소녀시대 여주네???? ||| 난 저렇게 뜬금없이 너 내 여자친구잖아..하면 잘생기고 나발이고 존나 빡칠듯 내가 왜 니 여자친구야 정신차려 ㅆㅂ ||| 그래도 얘넨 공부라도 하고 좋은대학가네.. 미국은 공부 1도안하고 연애질만 하는데 맨날 하버드 ㅇㅈㄹ.. 우리나라만 스카이캐슬이지..?",영화/애니메이션
o9l2k-uX8FA,이 영화.. 정말 죽기 전에 무조건 봐야합니다.. 안 보면 후회해요,띵잘 ddingzal,암4기진단받고 삶이 길어야 5년이란 얘길 의사에게 아무도 없이 혼자 들었죠…. 애들이 다자라 대학다니고 졸업하는 모습을 겨우 볼수 있다는 말을 듣고 그냥 실감이 안나 네 라고  대답하고 병실로 돌아갔지요. 그순간 부터 내마지막을 어찌 정리해야 될지 생각하며 일년이라는 시간을 보냈답니다. 아이들에게 가르쳐주고 더많은 사랑을 주겠노라 생각하며 하루하루를 알뜰하게 보냈지만 시간이라는게 너무 빨리 지나가더군요.  이영화를 보며 제 삶의 남은 시간을  더 아름답게 정리할수 있겠단 용기가 생겼네요.  좋은 영화 소개 고맙습니다. ||| 내가 실수한 게 아니라 실수가 나를 만드는 것이다. 좋은영화 소개 감사합니다. ||| 실수를통해 앞으로 나아가는 사람이  되야겠다는 좋은 영화같습니다 행운과 성공은 자만을 부르고 실수로 인한 과거는 나자신을 돌아보고 보다 객관적으로  평가할수 있음에도 대부분에 사람들은 실수로 죄절하고 그실수를 들추어 일어서지 못하게 하는 주변인들로 좌절하게 만들죠 하지만 그래서 그게뭐 어때서 라는 생각으로 자신의 실수를 인정하고 보완하고 나아가는 삶이야 말로 멋진 삶이라고 할수 있겠내요  오늘에 명작 감사 합니다 ^^ ||| 네가 실수를 만드는게 아니라 실수가 너를 만드는거야 진짜 멋진 말이다.. 지금 나에게 꼭 필요한 말 헐리웃이 욕은 먹어도 이런 좋은 영화들이 꾸준히 나오는구나 ||| 좋은 하루보다 의미있는 하루를 보내세요라는 해리엇의 말이 왜이렇게 와닿을까요,영화/애니메이션
E_DgfT1iERY,내가본 영화중 가장 웃긴 영화 (영화리뷰 결말포함),조조할인,00:11 아니 너 말구 너희 엄마 ㅋㅋㅋㅋㅋㅋㅋㅋㅋㅋㅋㅋㅋㅋㅋㅋㅋㅋㅋㅋ ||| 1:57 개웃기넼ㅋㅋㅋㅋ ||| 2:24 장례식이 저렇게 항상 행복하게 끝난다면 얼마나 좋을까 ||| 7:20 어머머 ||| 2:24 탈락 부저음 내는거 보고 되게 웃었네 ㅋㅋㅋㅋㅋㅋㅋㅋ,영화/애니메이션
wUEmzkFBPYk,야한 삼류 로맨스코미디 영화인줄 알았는데 개띵작이었다.. (결말포함),늘보Movie,"몸이 아프면 마음도 병들고, 감추기는 점점 더 어려워 지고 상대방은 점점 지치고.. 나 때문에 상대도 함께 망가져 가는 것 같고 ... 결국 그 사람은 떠났어요. 시간이 지나고 회복하고 나니 그때의 그에게 미안한 마음이 들어 계속해서 엉망이었던 나 자신을 미워했지만, 이 영화를 보고나서 마음이 정리되었어요. 나를 미워하고 자책할 필요는 없었던거에요. 많이 아팠으니까요. 우리는 사랑했고, 순간에 최선을 다 했으니까요 ||| 10:42 여기 너무 예뻐ㅠㅠㅠㅠㅠ 조용하게 아이컨택하는데 앤 해서웨이 눈동자에 빨려들어 갈 것 같음....ㅠㅠㅠㅠ ||| 개인적으로 오히려 베드신이 있어서 완벽했음. 서로의 몸에 끌려서 만났지만 진심으로 이어지는 그 과정이 현실적이었고 공감을 이끌어냈음. ||| 어머니 파킨슨 투병 20년 하시다 보내 드렸네요...2달이 채 안되서 같이 갔던곳만 가도 멍하니 넋 놓곤해요...아내를 사랑하지만 2번은 못하겠다던 대사가 가슴에 박히네요...환자나 보호자에게는 정말 최악의 병이라는거...우울증 탈출이 쉽지 않네요... ||| 친구가 20대말부터 파킨스를 앓고 있는데, 지금은 너무 밝은 모습으로 잘 지내고 있어서 대단하다고 생각했었어요. 그런데 그렇게 되기까지 10년동안 삶을 포기도 해보고 엄청난 노력을 해왔더라구요... 현재 그 친구에게 남자친구가 있는데, 남친과 파킨스병으로 누워만 지내는 환우분 봉사갔다가 나도 저렇게 나빠져서 누워만 지내도 괜찮냐고 물었을 때, 남친이 괜찮다고 결혼하자고 했데요.. 내년에 결혼한다던데.. 그 친구가 늘 웃음 잃지 않고 행복했으면 좋겠어요. 모든 환우분들과 가족분들 힘내세요.",영화/애니메이션
xEzeWAexNoU,(결말포함) 넷플릭스 새콤달콤의 원작 영화 |  일본영화 로맨스영화 코미디 영화추천 80년대 왓챠 [영화소개/결말포함],영화의정원,새콤달콤보다 더 맛있습니다 꼭보시길....이니시에이션 럽 ||| 새콤달콤의 원작 영화네요 신선한 소재다 싶었는데 역시나 일본 원작의 영화였네요 ||| 걍 조던 시카고 신고 러닝하는거부터 말이 안됨 ㅅㄱ ||| 소름 ||| 구독 꾹,영화/애니메이션
EOtOuv2lOy4,봉준호가 아오이 유우를 만나면 벌어지는 일 [ 영화 추천 ] [ 도쿄! ],"무비퓨레, moviepuree",3:50 진짜 이쁘네.. ||| 아오이 유우는 진짜 신비로움 그 자체네. ||| 봉준호 감독님은 피자를 좋아하시는걸까 피자 박스를 좋아하시는걸까...? ||| 03:50 봉준호가 이씬 찍었을때 진짜 좋아했을듯 ||| 히키코모리도 집에 여유가 있어야 할 수 있는 것.. 11년동안 매달 현금 용돈을 받다니..,영화/애니메이션
kYXeNUiEv9M,요즘따라 인생이 우울한 당신이 꼭 봐야하는 영화,헤더의터닝페이지,"안녕하세요 여러분 우선 여러분이 이번 영상을 클릭하셨다는 건 요즘 많이 우울하셔서겠죠? 그래서 이 글을 보고 계시고 있는 게 마음이 아프기도 해요   여러분이 지금 많이 우울하다는 건 혹은 극단적인 생각이 든다는 건 어쩌면 지금까지 그 누구보다 열정적으로 살아왔기 때문일지도 몰라요 쳇바퀴처럼 돌아가는 현실에서 살아남기 위해 노력을 했다는 증거니까요!   그러니 이 우울함을 너무 부정적으로만 바라보지  말아 주세요 비가 온 뒤 햇볕은 더 따뜻하게 나오고는 하잖아요 지금은 여러분의 인생이 그저 먹구름 낀 하늘인 것만 같아도 조만간 파란 하늘을 보실 수 있을 거예요 정말로요!  오늘 이 영상을 보는 약 20분간의 짧은 시간 동안이라도 ‘나는 이 영상을 왜 틀게 됐을까? 앞으로 나는 무엇을 하면 좋을까?’라고 스스로에게 질문도 던져보셨으면 좋겠어요 이런 스스로에게 끊임없이 던지는 질문을 통해 주인공 베로니카처럼, 에드워드처럼, 그리고 마리처럼 잃어버렸던 행복을 언젠가 다시 찾으시길 바라며 짧은 글 올립니다  여러분 모두는 정말 소중한 사람들이라는 거 잊지 말아 주세요! 이 말을 믿지 못하겠더라도 저에게만큼은 이 영상을 보아주시고 이 글을 보아주신 여러분이 정말 소중한 사람이에요  내일은 오늘보다 더 많이 웃으시길 바래요, 그래서 내일은 꼭 행복해 주세요!  - 2020년 11월 22일, 헤더가 소중한 구독자 여러분께 올림 - ||| 힘들어도 원하는 인생을 사세요 남이 시킨대로 정해진 루트대로 살지말고요  어차피인생은 힘들기때문에 자기가 하고싶은대로라도 해야 좀낫습니다 시킨대로살았을때 뭔가 만족스럽지못한 인생에대한 그 공허감과 짜증스러움은 상상만해도 무섭네요 ||| 코로나 때문에 평시에 정신적으로 안녕하지 못하셨던 분들이 좀 더 쉽지 않은 시기를 겪고 있다고 들었습니다. 우연히 이 영상으로 오시게 된다면 응원한다는 말씀 드리고 싶습니다. ||| ""내 자식이 나처럼 불행한걸 보며 은밀히 기뻐도 할거고요"" 이 말이 너무나 끔찍하다. ||| 항상 죽음을 기다리면서 살았는데, 베로니카가 앞으로 살 날이 일주일밖에 안남았다는 말을 들었을 때 저도 모르게 무의식적으로 살고싶다고 생각했어요. 어렸을 땐 내가 언제 죽을지 모른다는 사실을 기억하면서 매일매일을 선물처럼 생각하고 후회없이 살겠다고 다짐을 했었는데, 그런 다짐을 하던 제 모습은 온데간데 없고 그저 죽음만을 기다리는 사람이 되었다는 사실을 자각하게 되었네요. 이유는 모르겠지만 영상을 보면서 눈물이 났어요. 어디서 그런 말을 봤는데, 우울증은 나로 살아보지 못해서 생기는거래요. 그 말을 처음 봤을 땐 이해하지 못했는데, 오늘 영상을 보니 무슨 말인지 알겠더라구요. 또 언제 죽을지 모른다고 생각하는 것이랑 살 날이 일주일 남았다고 생각하는건 정말 다른 것 같아요. 항상 오늘이 마지막인 것처럼 후회없이 살겠다고 다짐했었는데, 막상 살 날이 일주일 남았다고 생각하니 지금처럼은 살고싶지 않았어요. 정말 좋은 영상이에요. 위로 많이 받았어요.",영화/애니메이션
0ZRxc2Gd7Gc,"영화 추천 [프린세스 다이어리] - 넷플릭스 하이틴, 공주가 된 아웃사이더",땅콩리뷰-영화 추천 리뷰어,,영화/애니메이션
7LGiPlRAzLo,세상 모든 부모들이 꼭 한 번 봐야하는 추천영화 1위,리드무비,"더 재밌고 풍성한 영화 이야기 <<리드무비의 심야극장>> http://www.podbbang.com/ch/1774126  팟빵 앱에서 '리드무비의 심야극장' 검색 후 구독&좋아요!! ||| ""무슨 일이 있어도 가족은 단 하나뿐이야""란 대사 너무 찡하네요...바쁜 일상 때문에 자주 잊게 됐던 '타임 투게더'의 소중함...되새기고 가요 ^^ ||| 아빠의 삶은 미국이나 한국이나 똑같구나 ||| 리드님 요즘 들어 좋은 내용의 영화를 자주 올려주셔서 너무 감사드려요. 힐링이 되는 영화들이라 너무너무 좋네요^^ 가족의 의미에 대해서 다시 생각하게 되는 영화들이라 넘넘 좋아요~~~~ ||| 어느 순간이 마지막일지 모르니까 사랑하는 사람에게는 언제나 사랑의 말을 남겨 놓아야한다. 머리로는 알고있는말이지만 사랑하는 사람이 익숙해질수록 자꾸 다음이 있다고 확신하게 되는 것 같아요. 오늘도 좋은 영상 감사합니다❤️   그리구 이 말이 힘이 되었으면 좋겠지만 리드무비님께는 부담이 될 수도 있고 공허한 위로로 들릴까봐 조심스러웠지만 리드무비님 저는 리드무비님 영상을 참 좋아해요. 편집도 자막도 나레이션도 나레이션을 하는 그 목소리도 ㅎㅎ 어떤 부분은 제 취향과 맞아서 좋은걸수도 있지만 객관적으로 봐도 리드무비님 영상은 참 알차고 좋은 영상이에요. 그리고 저는 좋은 영상은 언젠가는 꼭 많은 사람들에게 사랑받을거라고 믿어요! 음... 마무리를 어떻게 해야할지 모르겠지만 그냥 유튜브를 하면서 리드무비님이 행복했으면 좋겠다구요 ㅎㅎ🥰🥰",영화/애니메이션
87JJs-E3W7o,[보든말든 Pick] ‘넷플릭스에서 왓챠로 갈아탈까?’라는 생각 들게 하는 드라마 추천4,한스경제,아마존으로 갈아탈께,영화/애니메이션
Ioehq5gPMAg,[영화리뷰/결말포함] 타임슬립 갓띵작 스릴러 영화추천ㅣ매즈 미켈슨,영화보는하루,더 도어(2009)  시간이동의 판타지 스릴러 영화입니다. 영상 재밌게 보셨다면 좋아요와 구독 부탁드릴게요👍🏻🎬 ||| 3:10 표정 ㅠㅠ 눈물날거같다 ||| 아주 특이하지만 스토리가 참신해서 끝까지 재미있게 잘 감상했어요.  수고하셨습니다 ||| 딸 역할 배우가 너무 귀여워서 몰입이 잘되기도 했지만 부성애가 몸소 느껴지는 연기가 신의 한수라고 봄..... 딸 안고 우는거 왜이리 가슴 절절하냐.... ||| 와 첨보는건데 너무 잘봤습니다. 편집도 너무 깔끔해서 더 재밌었어요,영화/애니메이션
7sa_-JzTS_g,20대 시절이 전생처럼 느껴지는 이유 [ 영화 추천 ] [ 툴리 ] [ 넷플릭스 영화 추천 ],"무비퓨레, moviepuree",육아의 극도의 힘듦을 경시하는 사회는 없어지는게 맞아요. 현재 우리나라가 저출산율 1위인 이유. 세네시간 잠자면서 육아하는 엄마들을 집에서 논다고 평가함 ||| 친절과상냥함은 여유에서 나온다는말이 괜히있는게아님.. ||| 육아는 돕는게 아니라 함께 하는거죠…남편들은 ‘돕는 것’ 조차 하지 않으니…제발 애랑 몇번 놀아주고 장 좀 몇번 봐온다고 같이 한다고 말 하지 말기를… ||| 스위스에서는 주부를 투잡으로 인정합니다 육아와 가사일이죠 그렇기에 남편은 일을 끝내고 돌아와 육아나 가사일을 같이합니다  육아가 직업이 아니라는 것은 무식한 소리입니다 육아는 24시간 퇴근이 없는 개빡센 직업입니다 별거 아니라 생각하시면 그런 생각하시는 분이 육아를 전담하시면 됩니다 ||| 진심으로 모든사람들이 육아를 남편과 아내가 온전히 ‘함께’하는 사회가 되었으면 좋겠다. 아이를 키우는게 죽고싶을만큼 벅차지않도록 해주는 사회가 되었으면 좋겠다.,영화/애니메이션
Ig76vgbptF4,내 남자친구가 댄마크 왕자라고 ?? [하이틴영화][영리남][결말포함][영화리뷰결말포함],영리남 : Movie ,"ㅇㄴ제목부터가 나 하이틴영화에요라고 티내고있음ㅋㅋㅋㅋㅋㅋㅋㅋㅋ 저세상 감성이다 진짜 뭔 2000년대 인소인줄 ||| 하이틴영화인 이유다 이런 남자는 없음 덴마크에 하나 있을까 ||| 썸에서 바로 결혼해버리네ㅋㅋㅋ 이런 완전 드라마틱한 하이틴 잼밌다 ||| 크으 이것도 띵작 ㅠㅠㅠㅜ 진짜 잼께 봤던 하이틴,,❤️ ||| 계속 보면서 의대는..? 의대는...? 하면서 아까워했는데 다행이다 휴",영화/애니메이션
e_Z7I4SbcB8,넷플릭스 오리지널 영화 추천 [로맨스편] 💖 설렘가득 💕,네오무비 [NEOMOVIE],오늘은 넷플릭스 오리지널 로맨스 영화 몇편을 가지고 와봤습니다 :) 오늘도 영상 시청해주셔서 감사합니다 :>♡ ||| 영상도 깔끔하고 목소리가 듣기 편하고 넘 조아요 구독하고가용 😉🙆‍♀️ ||| 이  영화들 중에 골라서 몇몇 영화 만이라도 리뷰해주세요! ||| 솔로로서 이 가을에 로맨스 영화들을 다 보는 것은 고통입니다. 하지만 다 봐야죠!!! 아 옆구리 시려라... ||| 먼훗날우리.....ㅠㅠㅠ 어흑흑,영화/애니메이션
ifWg1FiWdNo,가족이함께  꼭 한번은 봐야할 감동 한국영화풀버전,1일1캠,"가슴이 뭉클 해서 눈물.....오늘 처음 본  아부지 영화 감동, 감사 합니다 !!!!! ||| 보고싶은 우리 아부지..ㅠㅠ ||| 아~~~~~ 눈물이 나네요... 더 함도 뺌 도 없습니다... 아... ||| 못살아서 더욱 그리운 추억입니다. 잘 보았습니다. ||| 2009년도에 개봉한 ""아부지"" 라는 영화입니다.",영화/애니메이션
OttxdDlL_fA,[인생영화] 사는게 무의미하게 느껴진다면 꼭 봐야 할 영화 (결말포함),영화보는하루,"스틸라이프(2013) 이번에 소개해 드린 영화는 스틸라이프입니다. 개인적인 취향이지만 긴 여운을 주는 영화를 좋아하는데 굉장히 취향저격 당했던 영화입니다.  넣지 못한 장면들도 있으니 영상을 재밌게 보셨다면 꼭 영화 전체로 감상하시길 추천드립니다! (영화 음악이 정말 좋아요)  존 메이는 고독사한 고인들의 삶과 죽음을 존중하고 위로해 주었지만 그역시 늘 혼자였고 외로운 삶을 살아왔습니다.  스틸라이프=정물(정지하여 움직이지 아니하는, 무정물) 어느날 빌리라는 인물의 유족과 지인들을 찾아 나서면서 그의 삶에 ‘변화’가 일어나기 시작하는데..  매일 좁은 사무실, 같은 옷을 입으며 단조롭고 정지된 일상을 보내던 그는 세상 밖으로 나가 사람들과 부딪히고 소통하며 좌절과 설레임을 느끼게 됩니다.  존 메이의 마지막 이야기  여러분은 어떻게 보셨나요?  저는 이영화가 누군가에겐 ‘위로’를 누군가에겐 ‘변화’에 대한 메세지를 주는 영화라고 생각해요.  의미없이 느껴질 수 있던 존의 행동이 결국 마지막에 큰 의미로 다가왔듯이, 고독사로 생을 마감한 빌리의 삶이 무의미 하지 않았듯이, 우리 모두의 삶은 의미있고 있는 그대로 가치가 있죠. 이 영상 보시는 분들 모두 가치있는 사람임을 잊지 않으셨으면 좋겠어요!  댓글내용도 영상에 넣었어야 했는데 이때 목 상태가 너무나 안좋아서 댓글로 대신하게 되었어요ㅠ 죄송합니다😭  +재밌게 보셨다면 구독! 좋아요! 알람설정! 부탁드릴게요. 여러분의 댓글은 저에게 큰 힘이 됩니다🎬 ||| 현업 장례지도사입니다. 우리나라도 고독사하시는분이 생각보다 엄청 많습니다. 그중 가족이 있지만 아무도 찾아오지않으시는 분들도 생각보다 엄청 많습니다. 그 분들 장례를 치뤄드리면서 생각하는데 나도 아무도없이 장례를 치루게되지않을까 생각을 할 때가 많이 있습니다. 여기 주인공이 제 생각처럼 되어서 너무 놀랬고 그동안 보내드렸던 영혼들이 묘지 옆에와서 장례를 지켜보는 모습에 너무 소름돋았고 눈물이났습니다. 누가 제 장례식에 와줄까요? 존 메이처럼 고인께 예의를 지키고 보내드리는 장례지도사가 되고싶은데 저기 나오는 부장님같은 분들도 꽤 많아서 일하는데 눈치도 많이 보입니다. 제가 하는 일에 대해 다시 생각 할 수있었던 좋은 영화였습니다. ||| 정성 들여서 죽은 사람들 물건 하나하나 모으고,장례도 하나하나 치뤄주고,아는 사람 연락해주고...아직 죽지도 않았는데 살아있는 내가 다 위로 받는 느낌이 들었다.  누군가에겐 그저 공무원의 재미없는 일상 처럼 (나도 영화 초반엔 그렇게 생각했다.) 느껴질지 모르지만 주인공 존의 행동하나하나 배려 하나하나가 뒤로 갈 수록  빛나고 사랑스러웠던 영화. ||| 마지막 장면에서 눈물이 멈추지 않았습니다. 아무리 돈이 많고 가족, 친구가 많아도 죽을 땐 혼자 죽는거죠. ||| 고독사로 돌아가신 분들이 존 아저씨 무덤으로 모이는 장면을 보고 많이 울었습니다ㅠㅠ 마음이 따뜻해지고 이 세상 모두가 소중하다는 느낌이 들고 보듬어 주고 싶은 느낌이 드네요....ㅠㅠ",영화/애니메이션
NjBvE9ghTxo,"[영화리뷰/결말포함] 뜨겁게 타오르던 우리의 사랑이 추억으로만 남아야 하는 건지 - 멜로, 로맨스영화 (러브앳) 프랑스, 벨기에 영화",명동선배,이 영상 보자마자 바로 좋아요 ❤ 구독 누릅니다. 😊 번창하시길~^^ 응원합니다. ||| 목소리 땜에 자쿠 눈을 감습니다.. 잠이 듭니다... ||| 좋은 영화네요~~^^ 잘보고갑니다! ||| 덕분에 잘 보았습니다. 차분한 설명 감사드려요*^^* ||| 아....이거 드라마 아는 와이프랑 설정이 비슷하네요...거기서도 치매걸린 장모님만 사위를 기억했는데...재밌게 잘보고 갑니다,영화/애니메이션
2kTNe9VR27g,이 시대 최고의 뱀파이어 영화 [ 영화 추천 ] [ 렛미인 ] [ 왓챠 영화 추천 ],"무비퓨레, moviepuree","정말 분위기 있는 호러영화라, 공포와 아름다움의 경계가 무너져있어서 계속 의아해 하면서 봤던 기억이 나네요 .. 짤막하게 다시봐도 좋은영화 ||| 목소리 너무 좋으세요~~ 차분한 목소리가 매력적이세요~ 제가 영화추천 채널 너무 좋아해서 자주 보는데, 목소리 때문에  더 재미나게 느껴지네요~😊 ||| 아니 무슨 남자 아이가 저렇게 이뻐 아니...아니....아니......... ||| 뱀파이어와 남자아이의 사랑이 아름답지만 조금 씁쓸하게 느껴졌음 분명 사랑이 맞긴 하지만 뱀파이어는 살아남기위해 남자아이를 이용한 것이고, 남자아이의 미래는 뱀파이어와 함께살던 아빠같던 남자와 같은 결말을 맺을거라는 암시가 여기저기 깔려있어서 ||| 오스칼의 미래를 알 수 있었어 슬픈영화인거 같아요. ㅠㅠ",영화/애니메이션
yKiPkcWp4FQ,[영화추천 / 리뷰] 여신들만 사는 금남의 세계에 들어간 남자는 매일 신부를 바꾸는 데...,마스터피서's MOVIE Tube,와..여성분들이 정우성이나 강동원영화보며 보는내내 재밌다 즐거웠다하는게 이런거구나..... ||| 나오는 여배우들이 하나같이 모두 빼어난 미모를 자랑한다길래 대체 누가..? 했었는데 10:46부터의 주연 여배우들 사진에 깜짝 놀랐다 겁나 이뻐 와.. 영화 속 헤어가 잘못했네 ||| 이 영화에서 제일나쁜사람은 고모한테 저런인식을 심어준 고모전남친 ||| 8:48 당신과함께간다면 평생함께할수있어요라고 선녀가공자보고말하는데 영상 중 광고로 '드라이기로 어딜말리는거야'  나옴ㅋㅋㅋㅋㅋㅋㅋㅋ 보면서 피식했어요 ||| 40초까지 보고 좋아하는 배우들 나와서 보러 갑니다^^,영화/애니메이션
6QbkDwRVsKY,죽기 전에 꼭 봐야할 한국영화 추천합니다,영화장수 루피형아 LuffyHyungA the Movie Vendor,대배우 안성기 배우님이 상업영화가 아닌 독립영화로 돌아오셨습니다. 2020년 10월 22일 개봉하는 영화 <종이꽃>입니다. ||| 오오~~~  이 영화 그렇잖아도 궁금했는데 역시 루피형아님 덕분에 잘 보고 가요^^ ||| 똑같음.. 기대되는 영화입니다 매번 리뷰잘보고 있습니다. ||| 항상 생각할 수 있는 해설을 해주셔서 감사합니다. ||| 리뷰 잘봤습니다 영화  꼭 보고싶네요,영화/애니메이션
HuqlHeuPzps,"영화 추천(결말포함!) - [먼 훗날 우리], 멜로 영화는 이 영화를 보고 말하는 것.",땅콩리뷰-영화 추천 리뷰어,"이언이 캘리를 못찾으면 어케되는지 샤오샤오가 물어볼때 온세상이 무채색이 된다는 말에 눈물이 흘렀음 ||| 넷플릭스가 있다면 꼭 봐야하는 영화. 날이 쌀쌀해지면 다시 생각나는 영화. 내 인생 명작... 진정한, 절절한 멜로 영화가 보고 싶다면 이거 봐야함 ㅠㅠ 보고 나면 되게 마음이 묵직해지고 막 애틋하고 아련해짐 나는 여운 한참 갔음 ||| 이영화는 마지막에  젠칭의 아빠가 보낸 편지를 읽고 샤오샤오가 하는 게임의 엔딩은 이언이 켈리를 찾고 흑백의 무채색이아니라 컬러로바뀌는게 진짜엔딩같은데...   그게빠진게 좀 아쉽습니다 ||| 주동우..연기는 항상..참 좋음... ||| 난 이거 보고 펑펑 울었다 .. 하 진짜 너무 여운 길게 남는 영화야 .. ㅠㅠ",영화/애니메이션
ZazfN-oa_po,[라스트 크리스마스] 올해를 크리스마스 영화로 마무리짓고 싶은 분들 컴온! 🤩,생각훈련 - 영화리뷰Train Your Thought,에밀리아 클라크 정말 사랑스럽네요❤ ||| 엠마톰슨과 에밀리아 클라크를 동시에 보다니~감사합니다🎉 ||| 반짝반짝한 영화❤ 에밀리아 클라크의 영화들이 좋아요~그녀의 사랑스러움으로 포근포근 해지거든요 ||| 목소리 진짜 죽여주시고ㅜㅜ 리뷰 감미롭고 깔끔하게 잘하시는데 구독자는 다들 어디루... ㅜㅜ ||| 정말 잘봤습니다 배우 이야기해주셔서 좋아요ㅎㅎ 나중에 결말포함 리뷰도 한번 올려주실수있나유 ㅎㅎ,영화/애니메이션
WJERxbx8O68,[숨은영화/결말포함] 학교짱 박보영과 쭈구리 이종석의 청춘 스토리 💖 l 아프니까 l 청춘이다 l 피끓는청춘 l 요것봐라 l,요것봐라,이종석 특  작품 분위기나 상황이 아무리어둡고 역경이어도  이종석이 활짝웃으면 그딴거없고 다환기댐... 웃음진짜너무좋아.... ||| 박보영이랑 김영광은 항상 새드엔딩이야ㅜㅜ ||| 박보영이 저런 캐릭으로 나왔다는게 아직도 진짜 신기해 미치겠넼ㅋㅋㅋ ||| 이종석 개청순하네.. ||| 13:43 하얀 기둥 퍼런 기둥 사이에 있는 기여운 뽀블리.......,영화/애니메이션
vWLGUN6HzLc,(반전주의) 화성 탐사 중 발견된 미스터리 큐브 [영화리뷰 결말포함],동네비디오방,"우주+SF+멸망 3단 합체를 추천해주신 '노양학'님 감사드립니다.😘😘😘 ||| 7:27 인공지능의 힘이 고작 머리로 친거냐곸ㅋㅋㅋ 개귀엽네 ||| 7:27 ""인공지능의 힘으로 스파이를 제압.""          무슨 레이저라도 쏘는가 했는데 그냥 돌진해서 퍽 ㅋㅋㅋㅋ ||| 목소리도 좋구 영화 내용도 깔끔히 정리되어있어서 보기 너무 좋아용:) ||| 도데체 지구 멸망 스토리 영화가 도대체 몇 개나 찍은거냐 ㆍㆍ보고 또 봐도 끝도없이 나오네ㆍㆍㅎ",영화/애니메이션
ibidVTsThIE,"액션,감동,눈물까지 잡는 로봇영화 추천 Top3 - [설레이트]",설레이트,기다렸어욧~/ ||| 백명구독자는 나의것...ㅎ,영화/애니메이션
cNHJAhcRYHA,신과 사랑에 빠지면 벌어지는 일【영화리뷰/결말포함】,핑크돌고래 미디어Pink dolphin Media,이거 책으로 봤었는데 엘라이자 목에 원래 흉터 있었고 물에 들어가면서 흉터가 아가미로 벌어진 거 .. 말도 원래 못했고 이런 거 보면 애초에 물에 가게 될 운명이었던 듯 ||| 영화를 보면서 괴물이라고 생각했는데 지금보니 신이네요. 신의 모습도 우리가 정한 것이었네요. ||| 와 탈모를 치료하다니 이건 빼박 신이다 ||| 개봉전부터 보고싶어서 개봉하자마자 혼자 가서 봤는데 진짜 알수없는 감정도 들고 이런 작품을 생각한 사람이 정말 대단하다는 생각까지도 들었음.... 이걸 보고 나서는 진짜 물속에 둥둥 떠다니는 감정에 휩싸이기도 했고 진짜 나에게 엄청나게 긍정적인 충격을 줬음... ||| 난 젤다가 참 좋더라... 주변에 저런 사람 하나만 있어도 성공한 인생이지ㅠㅠ,영화/애니메이션
d18qM6gXu1s,국가부도의날 [유아인시점] / [결말포함/영화리뷰] / 옛플릭스,YETFLIX / 옛플릭스,아니 이거 환율 1400 넘길때마다 알고리즘 뜨는거 개웃김ㅋㅋㅋㅋㅋㅋㅋㅋㅋㅋㅋㅋㅋㅋ ||| 알고리즘 기가맥히네 ||| 유튜브 알고리즘으로 여기까지 오네요... 위기감을 느낍니다. ||| 달러인덱스가 100이하로 떨어진 시점에 환율 1400은 1400이 아니라 1600이상이다 대비들하세요 ||| 이부분은 실화입니다 저는 증권사 직원이구요 IMF 이후 2000년 입사인데 없어진 고려증권을 흡수합병한 LG증권 출신입니다 유아인의 모티브가 되는 직원이  실제로 존재했어요 풋옵션 매수로 대박나서 퇴직했지요,영화/애니메이션
lEce4v-9gt4,[B tv 영화 추천/무비빅 #131] 히트맨 ‘시크릿 가든’ 다시 보기,SK브로드밴드_B tv,,영화/애니메이션
VIJRLRJRwo4,헤어진 연인을 잊기 위해 기억을 지우는 사람들 (영화리뷰)(결말포함),키보리뷰keebo,"솔직히 영화의 내용보다는 감상평인 ""속는셈 치고 다시 한번 사랑해볼까"" 라는 말이 가슴을 울려서 영화를 찾아보게 됨. ||| 긴 연애끝에 헤어짐을 경험하고나면 이 영화는 완벽해진다 ||| 기억이 처음부터 지워지는 게 아니라, 최근 기억부터 처음 기억까지 역순으로 지워지는 게 압권이다. 아무리 지겨운 사랑이라도 가장 처음은 찬란했을텐데 말이다. 초심과 권태 사이의 미싱링크를 찾을 수 있다면 평생을 처음 마음으로 사랑할 수 있을까 ||| 영화에서 말하고자 하는건 지우고 싶은 과거, 실수라도 받아들이고 배워야 앞으로 나아갈 수 있다 라고 생각해요. 잊어버리면 계속 의미없이 반복될 뿐이라고 강조하는거 같습니다. 원래의 결말도 그런게 아니었을까요? 운명이 아니라 단순히 반복되는거죠.  꿈 속에서 기억이 자꾸 없어지자 클레멘타인을 자신의 제일 부끄러웠던 기억 속으로 숨겨버렸죠.   이 장면은 제일 창피했던 기억은 절대 잊으면 안되는 기억이라고 말하는거 같아요. ||| 찐한 사랑을 해본 사람들의 심금을 울리는 영화.",영화/애니메이션
NpHzWtjw7PU,2019년 가장 사랑 받은 인도 영화 10편,이야기방,영상에서 영화 바라트에 대한 설명에서 언급한 영상 링크입니다. '수상한 그녀'를 리메이크 한 인도 영화 '오 베이비' https://youtu.be/ziEBqhU2RSQ 한국 영화를 리메이크 한 인도 영화 8편 https://youtu.be/_LibWUdc1Y8 ||| 캐나다 살떄 인도 뮤직비디오 많이 봤는데 수준이 대단하고 음악이 참 좋았다는기억이 있다 한국어로 번역만 된다면 좋은 영화많을듯 음악도 인기있을듯 ||| 사호는 언제 봐도 재미 있더라구요 ||| 인도영화를좋아하는데 잘 찾아 볼수가 없고 MV로 대충 스토리를짐작했엇는데 이렇게잘설명 해주셔서 감사합니다 ||| 인도영화를 다뤄주셔서 정말 감사합니다 ~ 너무 잘보고 있어요 !! 인도여행 다니며 인도극장가서 보고 즐거웠던 기억이 새록새록이네요,영화/애니메이션
8aj5jRSU8OM,"[B tv 영화 추천/무비빅 #131] 극단적 두 클립 ‘대인물’, ‘작은 소망’ 다시 보기",SK브로드밴드_B tv,,영화/애니메이션
wFwSyVfq-Rs,자존감 뿜뿜 올려주는 영화추천 TOP5,영화자석 moviemagnet,0:59 2:55 4:16 5:48 7:19 ||| 최소 영화박사 당신 영화 넘잘알..💖 ||| 영상에서 정성을 담아서 편집하신게 느껴져요 영상 안의 많은 사진들이나 내용도 그렇구 목소리도 너무 듣기 조아용 !ㅎㅎ ||| 맨처음 나오는 시작전 나오는영화?는 제목이 뭔가용? ||| 영상 잘봤습니다. ^^ 마지막에 나오는 영상 영화 제목이 뭔가요??,영화/애니메이션
AmSs33rce1k,[5분추천영화]//쿨러닝//열정甲 '레게형'들의 유쾌한 질주(결말X),프로즐감러,즐감러님! 오늘 학교에서 5분 리뷰 재밌게 봤는데 영상 제발 올려주시면 안되나요? 부탁드립니다! 이렇게 재밌고 간편한 영화 리뷰는 처음이에서 제발 이 댓글을 보면 영상 올려주십시오!,영화/애니메이션
1RHzB52pIog,2020 한국 넷플릭스 영화 TOP 10,개공리,한국영화 top10인줄.. ㅜ,영화/애니메이션
QWV3XGBSRps,"숨겨진 반전영화 명작, 영화 인셉션의 배경이 된 여운이 깊게 남는 추천영화 - 10분 명화 극장 [영화 007과 여왕 (007 제임스본드 6편)] 영화리뷰 결말포함",바이트VWYT,트래시 역할을 한 다이아나 리그가 며칠 전 사망했네요ㅠㅠ 이런 우연이... 삼가 고인의 명복을 빕니다. ||| 저기서 죽은 트레이시 본드라는 제임스 본드의 아내로 그리고 묘비로 남아.. 로저무어 주연의 유어 아이즈온리의 첫장면에서 트레이시 본드를 추모하는 장면이 나요죰 ||| 저 영화에 나오는 블로펠트의 기지로 나오는 곳은 지금도 실제하는 곳입니다. 그리고 농심 신라면 광고 때도  잠깐이지만 나온 곳이기도 하고 말입니다. 세계에서 가장 높은 곳에 존재하는 레스토랑이자 360도 회전을 하는 식으로 운영되는 그렇게 알프스의 경치를 볼 수 있는 유일한 레스토랑이라고..... 이름이 피츠 글로리아 이기도 하고 말입니다. 그런데 재미있는 부분이라면 저 레스토랑을 지으려고 거기까지 케이블카를 연결하려고 한 회사가 자금난 때문에 건설을 포기하려고 할 때 그 당시 007 여왕폐하 대작전을 찍고 있던 유나이티드 아티스트가 그 레스토랑 건설비용을 우리 쪽이 부담하는 대신 건설이 끝나면 6개월 정도 영화를 찍을 때 대여를 하는 조건을 걸었고 그것을 그 당시 그 곳에 레스토랑을 건설하려는 회사가 딜을 해서 저 레스토랑이 완성되었다고 합니다. 그래서 지금도  저 곳은 007 레스토랑으로  관광객들에게 인식이 되고 지금도 그 지역의 유명 관광자원으로 남았다고나 할까요? ||| 이언플레밍 원작에 007이 처음이자 마지막으로 진심으로 사랑했던 여자라고 얼 핏 들은 것 같습니다. 추후 작품에도 007의 아픔으로 묘사되었던걸 기억하는데.... ㅠㅠㅠㅠㅠㅠ ||| 여자를 공작과 유희의 대상으로만 여기는줄 알았던 007에게 저런 가슴 아픈 순애보가 있었다니 그래서 두번 다시 여자와 사랑에 빠지지 않는 건가 확인사살을 하지 않았구나 트레이시같이 예쁘고 매력이 넘치는 여자가 요절하는 건 영화라지만 언제나 슬프고 허전한 일인듯 007 다른 영화와 달리 마무리가 너무 헛헛하고 슬픈듯 뒤통수 맞고 얼얼한 느낌 ㅎㅎ,영화/애니메이션
cFz_HJzDP4A,"넷플릭스 한국영화 추천 - 박신혜,전종서 주연 영화 콜 역대급 미친 살인마가 나타났다(결말포함)",티비요정,"최대 피해자가 엄마임... 다칠대로 다치고 아빠죽인걸로 누명 쓰이고 마지막엔 해피엔딩인줄 알았더니 다시 죽이고.. 솔직히 마지막 엔딩 소름돋긴 했는데 이런 마무리는 갠적으로 별로... ||| 전화로 엄마가 오늘밤 죽인다는 말 안했으면 ㄱㅊ지 않았을까.... ||| 마지막 엔딩에 엄마 사라지고 살인마 눈 뜨는 거 보고 울었음 진짜ㅠㅠㅠ ||| 박신혜 생각이 너무 짧아서 좀 답답했던 영화 ㅜㅜ ||| 주인공 지능 실화인가요..? 죽은 아빠가 다시 살아돌아온걸 본인이 직접 경험했는데;; 미래가 바뀔수도 있다는걸 두눈으로 봐놓고 '왜 죽였어?' , ' 너 무기징역수야' 라고 말하는거 보고 뇌정지가 오더군요. 물론 이런 멍청함 덕분에 영화가 진행 되는거겠지만  영화몰입에 방해가 될정도로 주인공을 너무 멍청하게 만들었네요. 왜 이런 영화는 항상 멍청이 한명이 존재해야 스토리가 진행이 되는걸까요...ㅋㅋ",영화/애니메이션
KCD7e45S-zM,영화 2000편 넘게 본 영화 유튜버가 추천하는 인생영화! (feat. 넷플릭스 & 왓챠 추천),헤더의터닝페이지,"10만 구독자 기념 영상으로 사실 이 ‘인생영화 소개’를 준비했었는데 쪼끔 많이 늦었쥬 😭 영화관에 갈 수 없는 지금 '넷플릭스, 왓챠, 유튜브, 혹은 IPTV'를 통해 볼 수 있는 영화들로 준비해봤습니다 영화 제목 옆 로고에 따라서 넷플, 왓챠, 유튜브 & IPTV 검색을 하시면 됩니당! 언제나 부족한 제 채널 사랑해주셔서 감사하고 앞으로도 좋은 영화를 소개하는 헤더가 되도록 노력하겠습니다! 우리 영원히 함께해요 헤헤 🖤 여러분들도 여러분만의 인생 영화 리스트가 있으시다면 댓글로 많이 많이 공유해주세요 🖤  +여러분... 추천드린 영화들 중 <제로 다크 서티>는 넷플릭스에서 내려갔고 왓챠플레이에 다시 업로드 되었더라구요 얼마 전에 제가 넷플릭스로 <제로 다크 서티>를 또 봤던터라 당연히 있을 줄 알고 이 영화는 따로 점검을 안했었는데 그새 넷플릭스에서 내려갔나봅니당 ㅠㅠㅠㅠ 왓챠 구독중이시라면 왓챠에서 보시면 될 것 같아요ㅠㅠㅠㅠ다음부터는 팩트 체크 제대로 하겠습니다! 죄송합니다! ||| 1.바닐라스카이 2.제로다크서티 3.로렌스애니웨이 4.비포선라이즈 5.콜미바이유어네임 6.리스본행야간열차 7.어톤먼트 8.디아워스 9.스타이즈본 10.녹터널애니멀스 11.멜랑콜리아 12.세상의모든계절 ||| 무조건 성적이나 잔인한 썸넬로 어그로 끄는 비급 영화 유투버와 달리 명작들을 리뷰해주시는 헤더님은 그저 빛... ||| 바그다드 카페 추천합니다!! 처음엔 잔잔한 영환가보다.. 하고 아무생각없이 보게 되는데 어느 순간 마음에 꽃이 핀 것처럼 너무 행복해져요.  여주 너무 사랑스러워요! 마음이 너무 흐뭇해지는 힐링영화니 꼭 보세요!! ||| 콜미 바이 유어 네임은 노래도 진짜 명작이죠... 한때 한달동안 저것만 들었던 기억이 ㅋㅋㅋㅋㅋㅋㅋㅋㅋㅋㅋ",영화/애니메이션
HblYuIzJgEQ,[어 퍼펙트 데이] D-3WEEKS 영상,마노엔터테인먼트,,영화/애니메이션
Xrn5yD1-c7M,"[더 킹 : 영원의 군주] '신이 되길 택한 남자 이림, 이정진 무빙 포스터' / 'The King Eternal Monarch' Moving Poster | SBSNOW",SBS ,대한제국 황제를 꿈꾸었으나 서자라는 이유으로 그의 이복동생에게 황좌를 내어줄 수밖에 그런 그는 신이 되어서 세상 정복을 꿈꾸는 악마의 화신 이림,영화/애니메이션
xGXoE8s1kg8,200605 56회 백상예술대상 레드카펫 3MC 틱톡 공식영상 #박보검,안젤라,Gorgeous  pbg,영화/애니메이션
ChL3U4My5Zo,[넷플릭스 영화 리뷰] 윤성현 감독 '사냥의 시간(Time to Hunt)',씬스루,영화관 개봉했으면 망했을... 코로나 덕분이네 ||| 15분 지나서 하품이~~ ||| 아주그냥 넷플릭스에 똥을 싸놨어 개연성 x 케릭 결과 없는 삭제. 킬러? 뜸금포 잼있네여? ㅇㅈㄹㅋㅋㅋㅋㅋㅋㅋㅋㅋㅋㅋㅋ 이제훈 똑같은 연기패턴 극혐.. 엄복동보다  못하다 내가봤을땐,영화/애니메이션
xyYlP0XMJkU,넷플릭스가 알려주는🔥14살에 프로가 된 천재 소년이🔥학교를 버려야 했던 이유,씨:브로 / C:Bro,라멜로볼??ㅋㅋㅋ물론 아버지의 계획은 달랐지만 행보가 비슷하네요...ㅋㅋㅋ ||| 여윽씨 씨브로형의 안목이란... 포스터를 다시 보니 주인공 좌측이 바코드같은게 영화 내용과 딱맞네요... 돈이 행복을 대신해 주진 않지만 그만한 것 또한 없다 라는 말이 어울리는 영화 ||| 저렇게 어린 아이가 가족의 생계를 걱정하느라 자신의 꿈을 접어야 하는 상황은 실제로도 많습니다. 가난하다고 해서 꿈조차 가난해야 한다면 아이들은 과연 희망이란걸 갖게 될까요? 어른들이 좀더 바꿔야 합니다. 아이들의 미래를 위해. 가난해도 맘껏 꿈꾸고 꿈을 위해 나아갈수 있게 많은 지원이 이루어지길. ||| 엄마 학자금까지 아들이 걱정해야 한다니 ㅠㅠㅠ,영화/애니메이션
B0XsS-2TjMU,"괜히 입이 심심해지는 ""위플래쉬"" 영화 속 장면!",CGV,,영화/애니메이션
JLGKDety5_0,"영화 [서복 Seobok] 세로 예고편 02 : 공유, 박보검 : 2020.12 : SF 액션",컬처앤스타 Culture N Star,,영화/애니메이션
bzPBILKx1b4,한번 보면 절대 잊을 수 없는 명작 중의 명작 영화,씨네몽땅,언어가 끝나는 곳에서 음악은 시작된다. - 모짜르트 - 말보다 음악이 더욱 그 깊이를 쉽게 전달할때가있죠 ||| 사랑은 영원하지 않다. 순간만이 영원하다. 사랑하는 순간만이 영원할 수 있다. ||| 오모나 너무 놀랐네요 이런 내용이었는지 오늘알았네요 감사합니다 ||| 피아노 🎹🎹🎹🎹🎹🎹🎹🎹🎹🎹🎹🎹해변놨주고갔네요 ||| 정말 끔찍하다.... 아무리그래도 피아노가 세상과 자신을 연결해주는 유일한 것인데 그걸 못치게 손을 자르다니... 피아노가 얼마나 소중한지 진작 알아줬더라면... 자신이 사랑하는 사람이 원하는게 무엇인지 눈여겨 보고 들어주고 알아주지 않았으면서 ..,영화/애니메이션
eLvJwRpFQBc,[미스비헤이비어] 리뷰예고편 영상,판씨네마,,영화/애니메이션
oliDAMj2KVI,2탄! '중국 영화 추천' 8편! 얼른 넷플릭스 켜세요. Chinese Movies on Netflix,수정쌤의 즐거운 중국어 Xiujing Laoshi,주동우가 주연인 '소년적니' 영화추천드려요!!! 학교폭력 배경의 실화영화인데 보는내내 눈물을 흘렸던 로맨스영화에요... 정말 인상깊게봤어요 ||| 수정쌤 콘텐츠는 역시나 유익합니당!!😍 중국영화 즐겨보지 않은데 덕분에 많이 알고 갑니다ㅋㅋㅋ추천해주신 영화들 함 봐야겠어요~🤓🤓 ||| 추천감사합니다. 찾아봐야겠어요~ ||| 안그래도 중드나 영화 보려고 오늘 넷플릭스 가입했는데 이렇게 추천까지 해 주셨네요!!!^^ 8편중 뭐 부터 볼지 이새벽에 고민이...ㅎㅎ ||| 와우...어여 챙겨봐야겠어요~~,영화/애니메이션
GaTj5p8GMeE,이 영화가 과연 세기의 명작인가?,빨강도깨비,"빨강도깨비님을 좋아하는 이유. 누가 뭐래도 자신의 기준으로 영화를 보고, 그에 대한 감상을 공유해주기 때문. ||| 진짜 이런게 영화 유튜버지 요즘은 그냥 썸네일 어그로에 자극적인 영화를 읽어주기만 하고 조회수만 올리려고 하니,,,, 빨강도깨비님은 정말 분석력이 ㄷㄷ ||| 단물 다빠지고 올리는 그대는 진정한 웰빙 유튜버 ||| 빨강도깨비님은 취향존중을 에둘러 말하고 싶으신거에요. 남들이 말하는 명작이라고 그저 와 와 감탄하며 따라갈게 아니라, 나에게 명작은 내가 재밌게 느낀 영화가 명작이라는 겁니다. 잘만든건 알겠지만 재밌다고 느끼는 건 다를 수 있다는거. 다름을 존중합시다 ||| 그렇지요. 빌보드 차트 1위 곡이라고 해서 내가 반드시 들어야만 하고, 좋아해야 한다는 것만은 아닙니다.",영화/애니메이션
7GM7dFUTj0c,기대되는 넷플릭스 공개예정 콘텐츠(feat. 마이너한 취향) | 넷플릭스 영화&다큐멘터리 소개,동갑튜브,,영화/애니메이션
kcnG4xsvLh4,넷플릭스 영화 추천!!🎞 넷플릭스는 미드만 볼만하다??! No No~ 🙅🏻‍♂️[크래커스],THE CRACKERS,퀸스갬빗 재밌어요 ||| 재밌네요 구독했어요 김민석도 출연시켜주세요 지금 앞에서 술먹고있는데 ||| 셜록홈즈 재밌어요,영화/애니메이션
IA1OmlsVrmU,천재 감독이 찾아낸 진짜 괴물은? 넷플릭스 영화 '어스' 리뷰 / 결말 포함,Moment by Em 애몽의 순간들,영화가 애몽님 목소리땜에 더재밌을거같은건 뭐지~~~~^^ 꼭봐야겠어용🤗🤗🤗 즐거운 하루 보내세용 🥰 ||| 와 ~산뜻한 리뷰~^^♡구독합니다~~~♡ ||| Very nice good video 🧡💚💛💚❤💜❤💙💙❤❤❤ ||| 엄청난 스포를 바로 보여주는 참신함!!!  그건 그렇고 이브금. 폰 벨소리 해야겠어요 어차피 잔화도 안오니깤ㅋㅋㅋㅋ UNITED STATES... ||| 애몽님 설명으로 들으니까 넘 귀에 쏙쏙 들어오네요😃 나중에 봐야겠어요,영화/애니메이션
kpuYYojU5g8,[무비킹] 넷플릭스 영화 ‘차인표(What Happened to Mr. Cha?)’ 예고편,무비킹,,영화/애니메이션
-X4FrJagFAM,[남매의 여름밤] 가족영화 예고편,GREENNARAE MEDIA,영화 너무 기대된다.. 색감이 너무너무 이뻐요!! ||| 윤단비 감독의 남매의 여름밤은 우리에게 무엇을 던져 주고 싶었을까? 가족의 의미일까? https://youtu.be/5tED4sny7Gs,영화/애니메이션
Se1GYiYy5-g,영화 예고편 - 매드니스 Madness,VHS 비디오테이프 TV,,영화/애니메이션
MX-umcjUb9g,[언더워터] 메인 예고편,20th Century Studios Korea,진짜 난 또 보고싶다... 너무 잼있던데 ||| 방금 저녁 9시45분 영화 보고 왔는데 후기가 너무 다 재미없다고 돈 아깝다고 하는데 ...저만 재미있었나요..? 저는 너무 재밌게 봤는뎅 ...ㅎ + 크리스틴 존예 ||| 기대안했는데 개쫄깃하게잘봄ㅎㅎ재밌음ㅎ 크리스틴 존멋 ||| 크리스틴 존예♥ ||| 내용은 많이 아쉬운데 심해에 있는 공포감은 장난 아님.. 보면서 숨 막혔음,영화/애니메이션
gKFN8UxplKM,[너와 파도를 탈 수 있다면] 예고편,미디어캐슬,진짜 이거 꼭 보세요 오늘 봤는데 또 보러 갈 듯 진짜 약간 너의이름은 존잘존예판 느낌임 겁나 아련하고 너무 슬프고 감동이고 ||| 이거 얼마 전에 봤는데 후유증 개쩔음 ㅠㅠㅠㅜ 진짜 나 영화 보면서 잘 안우는 편인데 이거 보고 마지막에 울었음ㅠㅠ 여기 나오는 노래만 들어도 울컥하고 ㄹㅇ 진짜 히나코 불쌍해... 잉ㅠㅠㅠㅠㅠㅠㅜ ||| 이거 보고왔는데 기대했던것보다 재밌었음 여운도 남고.. 슬프고 밝은게 왔다리 갔다리 해서 좀 혼란?스럽긴 한데 오히려 그래서 더 여운이 남는 듯.. ||| 영화보면 초반에 노래 부르는거 진짜 연인끼리 부르는것같아서 막 간질간질하고 좋아 ||| 마지막 진짜 크리스마스 메시지는 하 ㅠㅠ,영화/애니메이션
79_nkjuOWVg,[작은 아씨들] 메인 예고편,소니픽쳐스코리아,"나 왜 자꾸 울었는지 모르겠는데 진짜 시도때도 없이 움 꼭 보세요.. ||| 배우들 미쳤네;;; 엠마왓슨,플로렌스 퓨  해외여배우중에 많이좋아하는 두배우가 나오네;;와 거기에.. 뭔가 예고편이 색다르고 이건무조건극장이다2019년에 페이버릿이 좀생각나네페이버릿도 극장에서 보다가 레알너무좋았엇는데이건무조건극장에서!!!!! 2월박터진다 ㅠㅠ ||| 와 예고편인데 벌써부터 벅차오른다 영화 꼭 보러 가야지 ||| 여어분 오늘 보고 온 입장에서 말하자면 정말 감동이에요 돈내고 소장하고 싶은 정도 조와 에이미의 심적상황이 너무 잘 반영되어 있었고 베스는 제가 상상한 그대로 였어요 ||| 작은아씨들 캬 그 유명한 고전 벌써 5번째 리메이크인데 그레타 거윅이 연출이라 왕 기대된다 ㅋ",영화/애니메이션
vkfoYgavkjU,[에심e__ssim] (웃긴자막ver.) 영화 정직한후보 예고편 만들기,e__ssim 에심 (DogDogRain),영화 보는 걸 즐기 진 않는데 . 이 영화는 챙겨 봐야 것따아~~🤗 유쾌ㅡ 상쾌ㅡ통쾌ㅡ 에너지가 느껴진다~~하하하하,영화/애니메이션
j2p52lnC8VY,[전지적 독자시점] 가상 예고편,디콩무비,"진짜 트레일러 보고 왔는데 이게 훨씬 낫다 ㅠㅠㅠ 진짜 개슬프다 ||| 와... 내가 생각한 임시완 이동욱...이 찍었어야 햇는데..진짜.. 아쉽다.. ||| 개인적으로 웹툰화,애니화 까지만 갔으면 하는 소설,등장인물이나 싸울때 묘사를 사람이 할수 있나 싶기도 하고 이 웅장한 세계관을 현실적으로 표현하기에는 무리일듯 ||| 트레일러보고 돌아옴..다 떠나서 총 쏘는거에서 내가 아는 전독시는 아니겠구나 싶었다 ||| 이게 현실인 세상을 보고싶다 ㅋㅋㅋ 캐스팅 찰 떡이네 ㅋㅋㅋㅋ",영화/애니메이션
ctgFzDGjNaA,#팬데믹 #치사율100% #전염병 영화 예고편,광고없는영화예고편,,영화/애니메이션
kZuovSKhcpo,재밌는영화 예고편,supilstar,0:57 ||| 잡수이소드이소,영화/애니메이션
IrVFP1nxUao,"2020년 9월 개봉 예정 영화 예고편, 트레일러 모음 (September 2020, Movie Trailer In Korea)",방구석게임,"ㅇㄷ ||| 검객,,오늘 보고 왔는데  액션 씬 너무 멋있고 장혁도 멋지고  ㅠ ㅠ전 강추합니다!! ||| 썸네일 장면 어디에 있나요? ||| 도망친 여자는 무슨 영화여? ||| 그와중에 홍상수 영화 나오네 ㅋㅋㅋㅋ 불륜 감독 ..",영화/애니메이션
h2Q5ZFAXhKk,[반도 PENINSULA] 1차 예고편,잇츠뉴 It'sNEW,이 감독의 진짜 능력이 부산행인지 염력인지 여기서 결판나겠군 ||| 개인적으로 부산행이 성공한건 일반 건물에서 진행되던 밀실 좀비물을 열차라는 더 제한적인 공간에서 총 한자루 없이 생존하는걸 잘 만들어냈다고 생각되서 차별성 독창성이 장점이라 성공한건데 과연 스케일이 커졌다고 성공할지 궁금하네 만약 성공한다면 진짜 한국 영화의 좀비물은 믿고 보는 작품 장르로 성장할듯 ||| 이 예고편은 놀랍게도 단 두대사만 존재합니다 ||| 전세계 좀비영화 특징 미국 /가족을 지키기위한 스토리 일본 /애인을 구하기위한 스토리 한국 /한명의발암덩어리가 모두를 죽이는 스토리 ||| 불과 몇년전만 해도 형사액션수사극같은 한정된 장르만 나오던 한국이 맞나 싶을정도로 반가운 소식이네요 결과물이 아쉬워도 이런 새로운 시도들은 항상 박수부터 쳐주고싶네요..!! 부산행만큼에서 조금만 더 잘나와줬으면...,영화/애니메이션
u9YJWIXDDUw,"2020년 4월 개봉 예정 영화 예고편, 트레일러 모음 (April 2020, Movie Trailer In Korea)",방구석게임,,영화/애니메이션
SooLVMS-3qM,[영화 예고편] 보이콰이어 메인 예고편,덕스티켓,,영화/애니메이션
gncpGqAegas,영화 예고편 - 몬스터볼 Monster's Ball,VHS 비디오테이프 TV,0:15 어린이 만화 동요 노래방 1편 1.5부 아기공룡 둘리 동영상을 올려주세요,영화/애니메이션
mUChCzv3T9M,[소울] 티저 예고편,Disney Korea,코로나 때문에 나의 일상생활이 점점 멀어지네...나의 유일한 일상생활은 시간날때마다 영화관 가는건데.. ||| 영화관에서 봐야 감동이 전해지는데ㅠㅠㅠㅠ ||| 12월에서1월로 개봉이 밀렸네요 ㅠㅠ 빨리 코로나 끝나길.. ||| 왜 크리스마스에서 1월됐냐고!!!!!!!!!!! ||| 예고만으로 한편 봤음ㅋㅋㅋ,영화/애니메이션
fd_25Qi_JKo,[일본영화][예고편] 가공 OL 일기 (한글자막),중얼중얼,"처음에는 이게 뭔 개뻥지는 드라마야 했는데 계속 보다 보니 아주 섬세한 이야기였다. 제목처럼 있지도 않은 일상을 담담하게 나열하는 구조다. 한 은행에서 일하는 사무직 여성들의 특별할 것 없는, 너무나 아무 일 없어서 오히려 심심하기까지 한 일상을 그려내는 이야긴데 여성들, 즉 사무직 여성들에 대해서 세세하게도 그려냈다.  쉬는 일요일에 아무것도 하지 않고 그저 방 안에서 이리저리 옮겨 가면서 하루를 보내는 고리타분한 시간을 보내는데 시간마다 뭘 했는지 착실하게 적어 놓으면 마치 꽉 찬 하루를 보낸 것처럼 보이는 것이다.  이 드라마의 재미있는 점은 은행의 탈의실 겸 휴게실에서 수다 떨고 이야기하는 장면이 많이 나오는데 거기서 여자들의 속 마음이 다 나오는데 일반 드라마처럼 누군가를 욕하거나 정치나 남자 이야기를 하는 게 아니라 그저 아주 사소한 일들에 대해서 이야기하고 공감하고 동의한다. ||| 사소한 일상을 담백하게 전달해 주었고 여배우들의 자연스럽고 깔끔한 연기는 맘을 편하게 해주지만 아무리 보아도 익숙해 지지 않는 이상한 얼굴의 남자 배우는 없었으면 더 좋았을. 남자가 여자 역할을 해서 크게 이상한 것도 없었지만 그렇다고 크게 도움이 되지도 않은 영화. 독특함 보다는 아쉬움이 더 컸다.  무리 무리 라는 일본 드라마에 자주 나오는 대사가 떠올랐다.",영화/애니메이션
iXg5jkBhZSk,"영화 [서복 Seobok] 세로 예고편 01 : 공유, 박보검 : 2020.12 : SF 액션",컬처앤스타 Culture N Star,서복이 불로초 찾은 세계선?,영화/애니메이션
nm2u-zyVatM,"2020년 8월 개봉 예정 영화 예고편, 트레일러 모음 (August 2020, Movie Trailer In Korea)",방구석게임,볼게 없네 ||| 성형수 ㅋㅋㅋㅋ 진짜 나오네 갑자기 올리나했어,영화/애니메이션
szmVsmEcfNs,"[영화 예고편 패러디] 형아, 응 동생? (Feat. 김희철x이동해)",SUPER JUNIOR꾸릴,"[김희철×이동해] 영화 연애의 온도 패러디 영상  https://youtu.be/vbFIBZuJKEk ||| 헐 대박..진짜 같아요;;꾸릴님인거 안보고 진짜 둘이 영화 찍는줄;; ||| 0:36 ""내가 너 좋아하는 거 알지?"" ""ㅎㅎㅎㅎㅎ헤헤헤ㅎㅎ"" ㅋㅋㅋㅋㅋㅋㅋㅋㅋㅋ 아니 너무 귀엽잔하욬ㅋㅋㅋㅋㅋㅋㅋ 진짜.. 얼른 개봉했으면 좋겠다..ㅋㅋㅋㅋㅋㅋ 이렇게까지 끌린 예고편은 처음이야.. ||| 이동해 순정만화 여주인공인가요...눈망울 초롱초롱..ㅋㅋㅋㅋㅋ ||| 동해 웃는거 넘 귀여워ㅠㅠ",영화/애니메이션
uo5rKbuI7eA,영화 추억의 검정고무신 메인 예고편,피투피올,,영화/애니메이션
C1Q77Knxmgk,Greyhound Trailer 2020 그레이하운드 영화 예고편 Tom Hanks,컨텐츠뱅크- ContentsBank,"올해 3월 개봉예정이였지만 코로나로 결국 개봉하지 못하고 7월 Apple TV+로 7월에 개봉한 최신 추천 영화 입니다. 바다를 좋아하시는 분들에게 추천드리며 더운 날씨 시원하게 즐감하세요 ㅎㅎ(밤에 봐야 몰입감 좋음) 좋은 하루 되세요 ! : D ||| 중간부 독일측 통신 내용입니다. ""그레이하운드, 그레이하운드, 그레이하운드. 여기는 그레이 울프. 우리는 너와 네 친구들 이글, 딕키와 해리를 사냥하겠다. 우리는 네가 깊숙히 가라앉는 것을 지켜볼거다. 우리는 네 동료들이 주ㄱㅓ가면서 내는 비명을 듣고있다. 네가 그들과 만나기 전까지 얼마나 될까? 그레이 울프는 아주 배고프다.""  마지막 독일측 통신 내용. ""그레이하운드! 네 양떼는 우리 늑대로부터 안전하지 않아, 너희를 꼭 찾고 말거다 밤에 반드시 죽x거야. 다음은 딕키가 죽으ㄹ까? 아니면 해리일까?  아~우~~~~~~~ㅇㅇㅇㅇ",영화/애니메이션
-pj8xFU3-k0,침입자 예고편 [추천영화] 2020년6월1주 영화예고편,영화벨 Movie Bell,,영화/애니메이션
9JbUiu1mMVA,(여자)아이들 우기 살아있다 ㅣ영화 예고편ㅣ,예왕사자는뿌에엥2,크... 온몸에 전율이 흐르는 예고편 잘봤습니다 소름이 쫙 돋는게 싫다고말해 보는줄 알았습니다 ||| 오~~~ 멋져요 감사합니다 ||| 새들한테 쫒기는 우기를 저렇게 사용하시다니ㅋㅋㅋㅋㅋ 완전 자연스러워요 ||| 뭐야뭐야 퀄리티 뭐야!! ||| Wooow 😱 the edit was really good,영화/애니메이션
lLK4GrLBZtY,"자백 - 티저 예고편 (2020) Movie  한국, 아시아 영화 예고편",편고예화영 Movie Trailers,,영화/애니메이션
M4OwBlUNZm4,이누야시키 [히트영화] 2020년4월4째주 영화예고편,영화벨 Movie Bell,,영화/애니메이션
FhWU43xt4PU,MORBIUS (모비우스) - Teaser Trailer (2020) Movie  액션 영화 예고편,편고예화영 Movie Trailers,벌쳐?!?,영화/애니메이션
ileIL8Buq4Y,"2020년 10월 개봉 예정 영화 예고편, 트레일러 모음 (October 2020, Movie Trailer In Korea)",방구석게임,감사합니다 ㅎㅎ,영화/애니메이션
aTsWeHxNSJE,"2020년 2월 개봉 예정 영화 예고편, 트레일러 모음 (February 2020, Movie Trailer In Korea)",방구석게임,,영화/애니메이션
uMgRsxcFaZA,영화 예고편 (영화소개) / 구직자들 메인예고편 개봉 고지 / 변대표가 출연!!!,변대표TV [ Golf Trip Eating ],울배우님 꺼는 다보자ㅋㅋㅋ 대박기원 ||| 선댓글 남겨요~^^ ||| 이번엔 배우 변대표!! 백만 가자!! ||| 와 ~ 변대표님 나오면 무조건 봐야죠~~ ||| 꼭꼭 봐야지!!!,영화/애니메이션
iek6yH5vr1I,디바 예고편 2020년9월 영화예고편,영화벨 Movie Bell,,영화/애니메이션
gdZLi9oWNZg,BTS (방탄소년단) 'Dynamite' Official MV,HYBE LABELS,"Proud to be the one in those armys who are fighting for dynamite before 2B♡ ||| ARMYYYYYYY!!!!!  LET'S KEEP WATCHING THIS MASTERPIECE!!!WE NEED TO PROVE THAT ARMIES ARE soo POWERFUL ||| *Huge Respect to people who are fighting for 2B day and night ... The bond between ARMY and BTS is just unexplainable* ... ||| Now we reached 2 billion, now lets aim for 3 billion! ||| I love being part of this fandom because when there's an achievement to make for the boys we always work hard together to communicate our love to BTS! They're the best, we're the best! Road to 2B!!",음악
BflFNMl_UWY,BTS (방탄소년단) 'Dynamite' Official MV (Choreography ver.),HYBE LABELS,"BigHit: How many MV's do you want? BTS: yEs ||| Becoming an army will be one of the best decisions that you’ll ever make, don’t be shy ||| BTS: a Armys: What do you want? Whatever you want we will give you, my babies. ||| 仕事に行く最中に聴いています。 どんなに暗い気持ちになっていても　こころから明るくなれる　そんな曲です。 おかげさまで毎日楽しく出勤しています。 ||| Army:*relajándose para ir a dormir * BigHit: que le demos otra versión de dynamite dice...... Jajajajjajajajajaj ...los amo ........estan hermosos mis chiquitos. BTS: A quienes llamaste chiquitos *mostrando sus ABS *",음악
mPVDGOVjRQ0,BTS (방탄소년단) 'ON' Official MV,HYBE LABELS,""" *NO* to *ON* ""  "" *WE ARE BULLETPROOF* to *WE ARE FOREVER BULLETPROOF* ""  "" *WE WERE SEVEN* to *WE ARE NOT SEVEN WITH YOU* ""  "" *NO MORE DREAM* to *DREAM* ""  THIS COMEBACK IS REALLY SOMETHING! ||| Jungkook: dying in the back Hoseok: ok time to throw some fire bars ||| This wall can represent them breaking all barriers: language barriers, races, success of one korean band in western world, opening up a world for themselves  after all struggles and hard work.   Edit: I never got this amount of likes in my entire internet career. Thank you Army! Big hello from Bosnia! ||| *It's a masterpiece , this mv is like watching a movie !!! BTS is always unique <3* ||| No one : Not even the other members: Yoongi: Fire is my favorite element since 2013.",음악
-5q5mZbe3V8,BTS (방탄소년단) 'Life Goes On' Official MV,HYBE LABELS,"""gerçekleşmeyen bir hayalde açmayan bir çiçek yetiştirdim"" Fake love- BTS *Turkish Army* *Azerbaycan Army* ||| “Spring didn’t know to wait Showed up not even a minute late”  Ironically, being in quarantine for more than half a year made 2020 feel like a lifetime with everything going on in the world. But at the same time, in the blink of an eye the year passed by just like that.  Whoever you are, wherever you’re from, I hope this song is a new source of comfort for you during these tough times. Just keep on carrying on till things get better.   Life goes on. Thank you for the message, BTS. ||| Welcome 58M ^-^ ||| it's been five years today to ""Life Goes On"", and I'm still here repeating this phrase like a mantra every time I hit a rock bottom. Thanks BTS for giving us the immense courage and support through your music. <3 ||| Ladies and gentlemen  Here's the revolution  I smell best song I smell billboard top video I smell success  Here is BTS Life goes on  Let's live on  Edit Yes Grammy!!!!!!!!",음악
0lapF4DQPKQ,BTS (방탄소년단) 'Black Swan' Official MV,HYBE LABELS,"Not only the MV but also the song is so good that I'll never get tired of it ||| This MV is a masterpiece. Black swan deserves own a era alone, because the song and choreo is the best ||| Nobody:  BTS giving us this shock! ||| It has been 5 yrs but still makes me cry and a song to bring back my passion, Everytime I hear Black swan I get goosebumps and proceed to cry  ✨️BLACK SWAN IS A WORK OF ART✨️ which needs more recognition ||| This mv is perfect",음악
BV2FdDmGiW0,BTS (방탄소년단) 'Dynamite' Official MV (B-side),HYBE LABELS,"*_My precious Seokjinie:_* _- your voice is amazing_ _-your face is amazing_ _-your personality is amazing_ *Dear Seokjinie you're really AMAZING!* ||| Jin's vocal, Jin's outfit, Jin's dance, Jin's EVERYTHING!!!  #Jindeservesbetter ||| Can we just take a moment to appreciate YOONGIS SMILE AT 3:06 I CANT BREATHE ||| Whenever I feel low I come back to watch these B-Side MVs. ||| Seokjin looked so beautiful, I'm so happy we got to see more of him!!",음악
9IHwqdz8Xhw,BTS (방탄소년단) 'Stay Gold' Official MV,HYBE LABELS,"Lets all stay gold y’all. Forget about ‘literally no one’ and just stay gold ||| Isn't this pure magic? 💜🥀 ||| why did this feel like spring day, on, heartbeat, and all bangtan universe mvs rolled into one ||| This song is really beautiful In short,  I've seen a precious smile of yoongi That makes me happy Finally, their spring day always stays gold ||| Me: wanna hear those angel voices  Also me: StAy GoLd",음악
dJf4wCdLU18,心予報 - Eve MV,Eve,今更気づいたんだけど歌詞に 「だ」けどどうやったって釣り合わない 「い」たずらに笑う横顔に乾杯 「す」いも甘いもわからないの 「き」っと君の前では迷子 ってあるんだけどまじすこ ||| 大人しそうな黒髪の子と サバザバ系の茶髪の子と クールな白髪の子がぜんぜんタイプ違うのに めちゃくちゃ仲良いのエモすぎる ||| 今年もこの季節が来るぞ ||| この時期になると毎年おすすめに流れてくるの根強い人気すぎる ||| 明らかにまろ眉の女の子が主人公なのに、サムネも人気もかっさらっていく白い髪の女の子が僕も好きです。,음악
G8GaQdW2wHc,IZ*ONE (아이즈원) 'Panorama' MV,Stone Music Entertainment,"""Wız*one don't cry because this story isn't over, it will not end""                                        -Wız*one ||| ‘There’s no sad ending here’ Hitomi - 2020 ||| Whoever the people are that are in charge of IZ*ONE's hair, makeup and wardrobe are underpaid. They *always* look like a million bucks, whew! Absolutely stunning. ||| １日だけでもいいから復活してほしい✨ ||| This is Wonyoung ' s Era. This is Sakura ' s Era. This is Yuri ' s Era. This is Yena ' s Era. This is Yujin ' s Era. This is Nako ' s Era. This is Eunbi ' s Era. This is Hyewon ' s Era. This is Hitomi ' s Era. This is Chaewon ' s Era. This is Minju ' s Era. This is Chaeyeon ' s Era.  *THIS IS IZ*ONE ' S ERA.*",음악
A5H8zBb3iao,NCT U 엔시티 유 '90's Love' MV,SMTOWN,NCT 90's Love unit is perfection. This is a masterpiece.  NCT 90's Love은 완벽함. 이것은 걸작이다. ||| no matter what they say no matter what they do we go resonate resonate 그래 엔시티가 다 씹어먹자 ! ! ||| NCT  NCT NCT  TeRluP LuPpp pokonyAaaaaa     CeMuNguTttt seMuAnyAaaaa ||| i miss this era so much 😢 ||| awali pagi dengan str3aming yuk smbl cuci mata liat cogan biar menjalani kegiatan dgn semangat ayo luruszen!!!,음악
eDEFolvLn0A,IZ*ONE (아이즈원) - 'FIESTA' MV,Stone Music Entertainment,"whoever choreographs for them should get a raise, all their korean title tracks have great formations, different enough moves and are very nicely paced, and have enough similarities to be considered “their brand”, it’s awesome! ||| Mnet: ""April..."" Me: Just a moment please🥺 ||| February is a blessing months because we can see many group making their comeback in this month and also can't wait to see IZ*ONE interaction with EVERGLOW, Cherry Bullet & Rocket Punch at music live show.  Ahh missed Produce 48 so much ||| When yena said that this song represents iz*one, I felt it. Good old times. ||| I have to say this:  - the line distributions  for J-lines are just right and we all can see Sakura’s improvement  - high notes and chorus are divided equally for the lead Vocalists, especially Chaewon and Yujin, their voices are well showcased for this - the physical intensity and complexity of the choreo , especially Chaeyeon part, is really high, proud to see the girls did it so well for their first live perf (i’m a dancer and tried those parts, literally breathtaking ) So yep, this comeback deserves much more recognition 🤩",음악
UB4FzllQCyc,SEVENTEEN (세븐틴) 'HOME;RUN' Official MV,HYBE LABELS,"Did everyone hear the news? SVT WILL BE RECEIVING THE PRIME MINISTER AWARD TONIGHT!! SO PLEASE LETS STR34M AND VOTE FOR THEIR ACCOMPLISHMENTS ||| S.Coups in Left&Right : launched his rocket car  And he landed here. HOME;RUN. ||| Let's hit a home; run everyone!! SEVENTEEN DESERVES MANY WINS, LETS GIVE BACK ||| 세븐틴 10주년 가보자고 ||| ""Just be yourself""  Guys, you don't have to live with other's expectation or other's decision. Live your life to its fullest. Saranghae",음악
ScRAxhCN-C0,조항조 - 거짓말 【라이브카페 손님 리얼 노래실력~! 】 노래 좀 부를 줄 아는 멋진손님~♬,바커스 라이브,감정을 정말 잘 살려서 가슴 시리게 너무 잘 부르십니다 우연히 보게된 영상 하루에 몇번씩 보고 듣고 있어요 트로트 에 관심도 듣지도 않았는데;; 완전 이분 팬이 되었습니다 👍  최고예요 멋지십니다  기회되면 꼭 한번 이분이 부르는 거짓말 을 가까이서 직접 듣고 싶습니다 소망이자 바람이 되었습니다.~()~ ||| 정말 침착하게 여유있게 참잘부르시네요~~ 감정좋고 듣기좋네요 잘들었어요~~짝짝짝 ||| 와우 이분은 진짜잘하시네요 ||| 노래도좋고 반주도훌륭하네요...,음악
cb1C3SzctAM,임지훈 - 꿈이어도 사랑할래요 손님 커버 【라이브카페 손님 리얼 노래실력~! 】가수해도 될 것 같은 손님.!!,바커스 라이브,전에 이분 노래들 수없이 들었었는데~ 요즘 왠일로 또 나를 잊지않고 알고리즘이 찾아주시는지..그때 그감성이 새록새록^^ ||| 젊을적 미사리에서 가수생활 한참동안 했던분이에요ㅎ ||| 소름돋는다 ||| 짱입니다~^^,음악
3fvNM95a_us,최성수 - 해후 【라이브카페 손님 리얼 노래실력~! 】 차고넘치는 가창력..!! ㄷㄷㄷ 색소폰 가상악기 오브리,바커스 라이브,와 !! 이분 변진섭  너에게로 또 다시 부르신분 많은 노래를 들어봤지만 이분 노래 정말 감동입니다~~😂 ||| 감동적입니다. 그어떤 가수도 흉내낼수 없네요. 이제서야 알았을까요 ||| 정말로 ~ 우와~~입니다 프로급입니다 완전 쵝오입니다 ~!!! ||| 짱입니다 푹~빠졌어요 매력적인 목소리에 넘잘하십니다,음악
gHuwd71_0as,이문세 노래 [Live ver.]  18곡 듣기 [가요 cdh #19],ch음악채널4111,"이문세 이영훈 유재하 김현식 김광석 신해철이 함께 살던 그 시대가 우리 음악의 최고봉이었다. 다시는 돌아올 수 없는 그 역사! 우리는 노래로 추억한다. ||| 노래는아름답고가을에듣기아름답고감동의노래예요.❤❤❤🎉🎉🎉😊😊😊😂😂😂❤🎉😂😊❤❤❤ ||| 멋지게 세월을 보내고 계신 ""문세 오빠"" 를 얼마 전 유키즈에서 보았습니다!❤ 같은 시대를 살아왔다는 동지애와 빛나는 인생명언에 문세오빠가 더 좋아졌어요!!! 건강하시고, 계속 거기 있어주세요~~~~~💖 ||| 라이브의 생생함이 참 좋은데 어떻게 이렇게 노래를 완벽하게 부를 수가 있는지 감탄할 수밖에 없어요. 듣는 이가 듣고 있노라면 힘이 하나도 안 들고. 아기들이 새록새록 잠자듯이 배 호흡만 올라가고 내려가듯이 너무나 편안한 가창럭, 목소리에요 그렇지만 몰입도는 최고이면서 너무나 아름다운 가삿말과 표현력이 잘 어우려졌고요 최고!!!!   나의 보물 가수!!! ||| 노래듣다가  이번2025년서울 이문세님콘서트 예약했어요 ㅎ",음악
dPfrNHpUQFc,"[엉클지니] 청소할때 들으면 괜히 기분 좋아지는 노래 - 기분좋은노래연속듣기, 노래연속듣기. 음악연속듣기",엉클지니,"아무리 다른 노래를 들어도 럼블피쉬 노래만큼 신나는 노랜 없는 듯 저절로 어깨가 움직임 ||| 아침에 하루 시작하면서 듣는노래! ||| 사실 오늘 기분안좋은일있어서 우울했는데 청소부터하자 하고 이 노래부터 틀었는데 어느새 힘내서 웃으며 청소하고있는 나자신을발견,,,,띵곡 신나는 노래 모음 ㅠㅠ 진짜 감사합니다 힘나는 노래올려주셔서 진짜 감사합니다💗 ||| 설거지 넘 많아서 울면서 노래 틀었는데 신나서 다 해치웠어요!! 감사합니다!! ||| 와 진짜 한곡도 빼놓을 곡이 없어요~~~ 진짜 청소하면서 듣는데 흥얼흥얼 신나요 !",음악
n802C6P0MJM,조용필 노래 [Live ver.] 25곡 듣기 가요 cdh #20,ch음악채널4111,현장감 넘치는 40주년 공연 속 오빠목소리 들려주셔서 감사드립니다~~^^ 시디보다 더 멋지게 열창하시는 오빠~~♡ 오~~좋아요~~!! 외치시는 오빠목소리 저두~ 좋아요~~!!!! 화려한 조명아래 서계시는 오빠모습 얼른 뵙길바래요 늘 건강하세요~~~!!!! 오빠 사랑합니다~♡♡♡♡♡ ||| 우리시대 에 영원한  용필오빠 요즘 뭐  하고 지내 시는지  아마도  그겨울 찾집 에서 음악 구성  하시고 기타 연습  하시고 곳 만날 팬 들 생각도 하면서 계실것 같아요^^ 나에 생각 입니다.. ||| 항상 잘 듣고 있어요. 오랫만에 조용필 노래도 들을수 있으니 좋군요. ||| 좋아요 너무너무나도 ||| 언제들어도 가슴떨리게하는 오빠의노래~  영원한가왕  건강하시길~~,음악
4eze_Biex-g,정수라 노래모음 Jung SuRa BEST9+ 라이브 여왕 가수 정수라 히트곡 모음 (환희/어느날 문득/도시의 거리/난 너에게/아! 대한민국),여수MBC Music+(Kpop&Trot),"달덩이처럼이쁜가수님노래짱❤❤❤❤ ||| 난 네가  좋아하는 일이라믄 머든지  할수 이따 사랑한다  너를  수라, ||| 젊음이 넘치는 가수 정수라님 열정이 대단하십니다 👍 항상 건강하시고 좋은노래 많이 불러주세요 응원합니다 꽃길만 걸으세요 사랑합니다 💜 💜 💜 💜 💜 ||| 좋아요최고에요너무너무좋아요 ||| 수라씨 깔끔하고 세련되고 예쁘고 노래신나게잘한다 활기찬  귀여운사내같다",음악
m67LE0Z8epo,일반인 소름 안돋는 노래(이예준-미친소리),짤리TV,와.. 진짜 좋은데??ㅋㅋㅋㅋㅋㅋㅋㅋㅋ  목소리 너무 좋으시다 ㅠㅠㅠ ||| 짧은걸 아는데도 자꾸 들어오게 되네요 ||| ㅁㅊ 기대도 안했는데 목소리 뭐여 ㅈㄴ잘하네 ||| 진짜 존나잘한다 일반인노래듣고 댓글 처음달아봄 ||| 스킬 지린다 ㅋㅋㅋㅋ 탁성으로 미친소리를 부르다니,음악
QpVMTaGm6y0,믿듣 음색여신의 눈 올때 듣는 감성 노래  | [홀라이브] 로코베리 - 흰 눈이 내리면 넌 올거야 | HALL LIVE,너들라 / 너가 꼭 들었으면 하는 라이브,fall in love!!!,음악
5qgwwHdWBLQ,"쌀쌀해진 가을, 듣기 좋은 감성 발라드 LIVE 노래모음 | 노을, 박재정, 송하예, 닐로, 폴킴, 선우정아, HYNN, 디에이드",Real Music리얼 뮤직,"박재정 외모 피지컬.. ||| 박재정♡♡♡ ||| 플레이스트 목록에  이제  재정님노래가 포함되는군여,,늘  없어서  아쉬웟는데😘😘😘 ||| 어디서 가을냄시 안나나요 ㅋㅋ 킁킁🤎",음악
Il5cPvXyvkA,전자올겐 지루박 내일은 해가뜬다 생음악 라이브  노래하는전자올겐 오부리 반주 올겐오부리 7080음악 트로트 가요 뽕짝 경음악 전자올겐키보드 전자올겐연주,박감독뮤직,노래방 자막을 셋팅해서 처음으로 작업해서 올립니다.  노래하며 연주 합니다  연주하며 노래 합니다  많은 사랑과 응원 부탁드립니다 ♡♡♡♡♡ ||| 지루박 출때 이 음악 틀어놓고  해야겠어요    참 좋읍니다   알람뜨면 또뵈요   손잡고가요 🔔🔔👍❤⚘ ||| 찾아온김에 전자올갠의 연주를 한번더 들어보려고 왔습니다 역시 구성지게 잘 치십니다 님은 모든 악기에 만능인것 같습니다 잘보고 갑니다 오늘도 즐거운 하루가 되십시요 ||| 멋진연주🎶🎹노래 감사히 풀시청으로 응원합니다  전자올겐 넘 신나요🎶🎹  💚🌻좋아요  #전자올겐 ||| 내일은 해가 뜬다 🌞☀️🌞 노래감상도 하면서 힐링도 합니다~감사합니다~🙏🏻🙏🏻 노래 감사하게 잘들어서요🤗,음악
TvZyA9gfjnI,💕 박정현(Lena Park) 라이브 노래모음 BEST,LOVE K,"저는 미국 캘리포니아 살면서 일 끝나고 우버 운전을 하고 있는데  Lena park님의 노래를 틀어주면 많은 분들이 너무 좋아하세요.  눈물 흘리면서 오늘 너무 행복한 날이라고 말씀 하시고 106세 되신 할머니도 너무 기뻐하시면서 박수를 따라 치시면서 행복에 잠기 셨어요. 귀한 노래 올려 주셔서 감사합니다 ❤❤❤ ||| 박정현 가수 마음으로 노래 하는 느낌이 많이 전달되어 좋아요^^ ||| Very beautiful and sweet song with singer Park! ||| I love lena in begin again 2,with HENRY ||| 지금이나  옛날 이나 목소리  살아있다   부산하영도",음악
YAGeZ9KKysg,전자올겐 부르스 낙엽이 가는길 생음악 라이브 노래하는전자올겐 오부리 반주 올겐오부리 트로트 7080음악 가요 뽕짝 전자올겐연주  전자올겐키보드,박감독뮤직,콜라텍 스타일 부르스 템포로 업로드 했습니다. 노래하며 연주 합니다  연주하며 노래 합니다  많은 사랑과 응원 부탁드립니다 ♡♡♡♡♡ ||| 와우 너무너무너무 멋진영상 이예요^^♡♡연주와 노래까지 너무너무너무 최고예요 대박^^♡♡너무너무 좋은영상 잘보았습니다 감사합니다 ^^♡♡행복한시간 좋은하루 되세요 화이팅 또뵐게요 응원합니다 감사합니다 최고 짱짱짱 멋진영상 짱짱짱 최고예요 짱짱짱 ^^♡♡👍👍😁😁😉😉🙆‍♂️🙆‍♂️💘💘👏👏 ||| 아름다운   전자 올겐 연주및 음악 🎶 🔥 〰 ✔  참 멋지고  좋습니다 ㅎㅎ 😂 👍 😄 😍 😎 ||| 오늘도 좋은 음악 귀가 호강하고 응원 드리며 좋아요도  꾸~욱 누르며 다녀갑니다 ~^^ ||| 일요일 멋진 전자올겐 연주와 노래 잘듣고 시작합니다 멋지십니다 선생님 응원합니다,음악
v8v8ierBfsI,엠씨더맥스 (M.C the MAX) 라이브 TOP50 히트곡 노래모음!,엠씨더상경 [M.C the MAX Fan Channel],"광고없는 엠씨더맥스 라이브 노래모음입니다! 영상 출처와 날짜는 자막에 쓰여져 있으니 참고하세요! 광고는 언제 붙을지 모르지만 수익을 창출하지 않는 채널이기 때문에 모든 수익은 소속사가 가져갑니다 넘쳐흘러 0:00 잠시만 안녕 3:55 백야 8:55 미움 받을 용기 12:30 Closing Time 16:55 어디에도 21:30  사계(하루살이) 27:00 그때 우리 31:10 멀어져 34:40 모래시계 39:10 사랑의 시 43:47 해바라기도 가끔 목이 아프죠 47:29 너의 목소리가 들려 51:45 사랑은 아프려고 하는거죠 56:04 One Love 1:01:53 Pale Blue Note 1:06:23 행복하지 말아요 1:10:23 Circular OP.1(Crevasse) 1:14:14 Circular OP.2(Restored) 1:17:37 눈물 1:24:06 사랑합니다 1:27:44 Returns 1:32:12 그대 그대 그대 1:36:29 1월 1:41:38 말하고 싶어도 1:45:37 그대가 분다 1:49:38 나를 보낸다 1:53:36 민물장어의 꿈(故신해철) 1:58:00 입술의 말 2:02:00 12월 2:06:50 닫혀진 사랑을 향해 2:10:54 난 그래 2:15:17 마지막 내 숨소리 2:19:27 바라보기 2:23:35 그대는 눈물겹다 2:27:12 하루만 빌려줘 2:32:09 쌍꺼풀 2:36:19 별 2:40:19 아스라이 2:44:22 괜찮다가도 2:47:58 사랑이 끝나면 2:52:11 사랑하고 싶었어 2:54:49 사랑이 사랑을 버리다 2:58:14 Recommend 3:01:56 백기 3:06:26 단 한번의 사랑 3:09:55 여기 3:13:50 낮달 3:18:05 Someday 3:22:20 난 그냥 노래할래 3:25:58 ||| 2005년 부천, 2007년 인천 콘서트 다녀오고 애키우고사느라 콘서트는 꿈도 못꿨는데 낮달을 라이브로 듣다니ㅠ 영상 너무감사해요. 겨울나기 갈 준비됐는데.. 너무늦었나봐요ㅠ 언제가 될지모르는 그날을 간절히 기다립니다 ||| 기다리고 있었지..잘때마다 꼭 들어야겠다. ||| 와우 대박! 잘 듣겠읍니다ㅎㅎ 프리미엄 결제 했는데 화면 꺼놓고 계속 들어야징 희희 ||| 뒤를 이을 이런천재가 없어 이제 시발 어떡하냐고 이제 시발",음악
bC86prHtSUc,하동균-그녀를 사랑해줘요,두립두립,사랑해줘요 할때 소리 저렇게 빠지는거 진짜 듣기좋은듯..어떻게 빼는거야.. ||| 너무 멋잇어요 ~~~~ ||| 노래 진짜 잘 부르세요 다음번에는 풀버전으로 올려주세요 ㅎㅎ ||| 풀버전 올려주세요......ㅜㅡㅜ ||| 노래 ~부르면~  얼굴~ 보고싶어요 ㅎㅎ,음악
PyM_eDC_FnE,트로트메들리 (Live) 노래발자국 유미랑 ★레미 행과 함께하는 7080 별다방★갈대의순정+찔레꽃+홍도야우지마라,레미행TV,,음악
_BD-5ct-vrk,전자올겐 거짓말 생음악 라이브 연속듣기(2회) 노래하는전자올겐  전자올겐키보드 올겐반주  전자올겐연주 경음악  트로트 가요 뽕짝 오부리 7080음악,박감독뮤직,"조항조 거짓말 노래를 빠르게 연주, 노래 합니다 신나게 경쾌하게 멋지게 ♡ 노래하며 연주 합니다  연주하며 노래 합니다  ♡♡♡♡♡♡♡♡♡♡♡♡ 템포를 콜라텍 템포 152 로 할려고 했는데.... . 너무 빨라서 혀가 꼬여 버리네요^^♡♡ 템포 142로 했습니다 ||| 좋아요 표시 팍팍 드립니다  잘듣고 잘보고 있어요 최고입니다 ||| 전자올겐 연주로 듣는 노래 이렇게 흥겹고 좋은줄 몰랐네요 잘듣고631번째 🎁놓고 힘차게 응원합니다 ||| 안녕하세요 🖐 😄 🖐 만나서 반갑습니다 🎁 🔔 😁 좋은 인연이 되기를 바랍니다 감사합니다 🙏 😊 😄 영상 잘 보고 갑니다 💛 😊 😄 💕 ||| 거짓말   전자올겐 예술입니다 굿  👍 노래도 어케그리 맛있게 잘하시는지 ~ 진정 짱이십니다 🎶🎶💃🏻💃🏻💃🏻 아주 빠른템포로 쥑김니덩 두번다듣고 감동 먹고 갑니다 선생님 소리가 자연스럽게 나오네요 ㅎㅎ 홧팅입니다~~^^🍀🎶🎶🎶🥰",음악
Ppnpx6ppZ1s,#대학가요제 대상을 수상한 #신문수밴드 노래모음 ; LIVE 풀버전_문화콘서트 난장,Real Music리얼 뮤직,열일하는난장 칭찬합니다ㅋ 노래는 신문수죠!,음악
5oU4TmsQw9M,[강찬라이브] 사람을 살리는 노래,강찬TV,좋아하는 찬양 좋아하는분 목소리로 들을수 있어 너무 행복하네요~ 감사합니다^^ ||| ❤❤❤❤❤ ||| 오늘 직접 뵙고 큰 은혜 찬양 드리고 가요~ 감사합니다 ||| 너무좋아요 감사합니다 목사님 ||| 너무 은혜롭습니다ㅠㅠ,음악
r8rQMYT5m-I,[노래한잔#15] 리치 - 사랑해 이 말 밖엔 (Live),노래한잔,,음악
yH4NM8PMlxA,미생(미사리 생라이브)!! 어릴적 너무 좋아했던 노래를 들려드릴게요~ 조하문_같은하늘 아래,배기성(BAEGISEONG),내가 좋아했었던 노래인데... 잠시 그때감성이 느껴졌다는.... ||| 정말좋은노래많이알게되네요 형님 옛날방송때 조하문ㅡ사랑하는우리  부른적있으시죠 다시불러줘요~~~대박 ||| 타향의봄  완곡 올려주세요 ||| 👍👍👍 ||| 항상 잘듣고 보고 갑니다 형님   이젠 형님 목소리가 이명처럼 들리네요... ㅋㅋ,음악
qmAOkl3r0vM,#엔분의일 #1/N 노래모음 ; LIVE 풀버전_문화콘서트 난장,Real Music리얼 뮤직,엔분의일 또 불러주세요~~ 보고싶어용ㅠㅠ ||| 좋당,음악
aHfZp3qArRE,고막 남친👦🏻#오왠 #O.WHEN 노래모음 ; LIVE 풀버전_문화콘서트 난장,Real Music리얼 뮤직,😍 ||| ^^~♡,음악
R15ZhiuFsIc,추억의 7080 노래모음   7080 통기타 라이브 베스트   7080노래모음,7080노래모음,,음악
nuul90DD4M8,사랑의썰물🎵100%라이브 노래영상입니다🎵/가사첨부/대구 풍금7080.90라이브카페*가수/일반인 MR/AR녹음환영 *영상제작해드립니다* 2020.10. 2일 풍금7080라이브카페대표,풍금장미,이 가을 아침에 커피 한잔 기울이며 들으니 정말 딱이네요 감사  좋은노래 많이 들려주세용ㅡ ||| 최  정원  선생님과  잠시함께한  그시간들이  참으로 좋았습니다  이렇게  선생님의  잔잔한 노래 소리를  들어니 감게 무량합니다  선생님의  아름다운 목 소리는 반드시 빛날것입니다 ||| 정말  좋아하는 노래 입니다 부드려운  목소리 아주 짱👍 ||| 동생 멋져 ㅎㅎ오늘도 화이팅 ||| 잔잔히 흐르는 노래를 들으면서 스튜디오 속의 두 사람 움직임을 쫓아 보았습니다. 음악에 맞춰 영상을 연출 하셨나봐요.  신기하네요. 재미도 있구요. 두 분 배우 다 되셨어요. 잘 듣고 잘 봤습니다.,음악
3472R4p-WGQ,7080 통기타 라이브 베스트 33곡 🌺 7080노래모음 주옥같은노래 🌺 7080 추억의 노래모음 50대 60대가 그리워하,7080노래모음 중년감성 자극하는,,음악
6C8BkHyDfiI,전자올겐 지루박 찐이야  노래하는전자올겐 생음악 라이브 올겐연주 올겐동호회 올겐반주 전자올겐연주 경음악 전자올겐키보드  7080음악 콜라텍음악,박감독뮤직,코로나 시대에 마음고생 하시는 모든 분들에게 위로가 되었으면 합니다  노래하며 연주 합니다  연주하며 노래 합니다  많은 사랑과 응원 부탁드립니다 ♡♡♡♡♡ ||| 오늘도 역시 신나는 올겐 음악에 찐이야를 불러주셨네요~^^ 신나는 음악에 기분전환하며  76번째 좋아요  꾸~~욱~^^ ||| 와우~~신나 신나~~♥😄♥ ||| Fantastic Song DISCO💿🎹🎹🔥 Supreme💗 ||| 노래가 흥이 나고 너무 분위기 업 입니다. 앗싸~감사합니다.^^,음악
8alyxcEEnI8,ABBA - Dancing Queen 🔸라이브카페 손님 리얼 노래실력~! 🔸,바커스 라이브,이분은 분명 어디 뮤지컬 가수일것 같아요. 꼭 라이브로 듣고싶네요. ||| 매력뿜뿜 ... ||| 무대매너 가창력 연주 모두좋아요 ||| 기본적으로 성량이 어마무시 하십니다요. ||| 멋지십니다. 저는   한국말도 서투룬데  팝송을 잘 하시니 존경스럽습니다.,음악
qARv4j3ZCmQ,[노래한잔#4] M.C the MAX - 사랑했지만 (Live),노래한잔,,음악
QCATyr_cDdg,윤토벤 - 슬픈노래 (Feat. 윤진우) (LIVE ver.) [Official Video],Sound Republica,이형 왜안뜨지?? ||| 힘들때 또 왔어요 ㅎ ||| 이 노래 꽂혀서 며칠 내내 한 곡 반복하다가 여기까지 왔어요ㅠㅠ 짱 좋아.. ||| 진짜 최애곡 중 하나인데 이게라이브가 되네 대단하신듯.. ||| 보컬 목소리 무엇 ..,음악
Cyp52O4UJu4,[직캠] 마지막 참가자 지현이 부른 '촌스러운 사랑노래' | 버스킹 라이브_1,GoStarBuStar - 고스타버스타,목소리가 참 좋네요~ ||| 매번 레전드 갱신하는 지현 !! 이번에 아깝게 주인이 되지 못했지만 다음에는 반드시 주인이 되실거에요!! ||| 목소리 진짜 너무너무 좋아요ㅠㅠ ||| 너무 좋다... 100점 만점 드립니다 ^^ ||| 와... 지현님이랑 너무 잘 어울린다..,음악
RinVvisvPoQ,처음처럼 라이브~~ 전광철 노래잘한다,말티즈두루,🐹 햄스터 광철이 머리누가짤렸어 ㅜㅜ,음악
v691wVEceUk,서해에서/노래-풍금대표-정민100%라이브노래영상입니다/가사첨부/대구 풍금7080.90라이브카페가수일반인 MR/AR 녹음환영/영상무료제작해드립니다/원곡정태춘 2020.3.8장미,풍금티비장미1,너무  듣기 조으네요~~,음악
GkCPJQVDsns,[Teaser] 나무같고 공기같은 폴킴의 노래 ㅣ라이브 온 언플러그드(LIVE ON UNPLUGGED) 폴킴(Paul Kim)편,THE K-POP,폴킴❤️ ||| 시도때도없이그냥막항상 폴킴💕 ||| 언플러그드에 폴킴이라니ㅠㅠ 너무 프로그램이랑 찰떡 아닌가요ㅜ 30일 언제 기다려~~ ||| Paul Kim's Fallin' ㅠㅠㅠㅠㅠㅠㅠ ||| Hello,음악
YxVrclH-TCs,엠씨더맥스-사계 창현거리노래방,이재익 Lee Jae Ik,"와 조세호 드립칠려고 했는데, 실력이 어마어마 하네요. 완곡도 듣고싶어요 ||| 이래서 첫곡 부르기전에 창현님이 사계 부를거 아니냐고 했던거군요 ㅎㅎㅎㅎ 꼭 보고싶었던 부분인데 ㅎㅎㅎ 감사합니다 ㅎㅎ 뭔가 성취된느낌 ㅎ ||| 진짜 노래 잘부르는 사람들은 저 맛에 노래하지않을까  한소절 부르면 오~~~ 아 ㅅㅂ 나 왜 음치야 엄마 ||| 청 여자분 표정보니 만프로 확률로 반했음  저때 바로 고백하면 그냥 바로 까임 .. ||| 이 개오지는 실력에 주변에서 지를때마다 와아아아아 하는 이미친감성때문에 이영상을 끊을수가없음ㅋㅋㅋㅋㅋㅋㅋ",음악
Ko6mT_VCvzI,[자취방4K라이브] 그노래(김동률)-cover by 허창선 HEO CHANG SEON,허창선TV,4k 화질로 감상해보세요!👍🏻❤️ ||| 동률이형 노래는뭐....믿듣...ㅜㅜ 오랜만에 업로드하셨네여:) 🤙🤙🤙🤙 노래 잘들었습니당 ||| 좋네여!😍❤😍❤🤞💕👍👏 ||| 너무 잘들었어요ㅠㅠ 😙😙😙😙 ||| 우연히 발견하고 정독하고 있어요 목소리가 너무 제 스타일이시네요 다만 노래 부르실 때 카메라를 덜 의식하시면 좀 더 자연스러운 영상이 나올 것 같습니다 응원할게요!!,음악
zue4DleSab0,박강수 ㅡ일상라이브   8집/나의노래,"박강수TV singer, song writer",감성만땅👍 ||| 당신의 노래로 우리가 행복하듯 그 노래 속에서 당신도 행복하면 참 좋겠습니다. ||| 사랑의 노래 그리운 노래 강수님 노래 너무도 잘들립니다 나의 강수님 날마다 감동입니다 위로입니다^^ ||| 한 편의 시를 노래로 들려주셔서 고맙습니다. ||| 귀 기울이면 ~~강수님 있고  그리운 노래 있어요 ~! 감사,음악
ZONy-eweHZA,편안한 음색의 안경 훈남 홍대광 LIVE 노래모음 _RealMusic난장,Real Music리얼 뮤직,0:30 홍대에 가면 4:12 답이 없었어 8:00 잘됐으면 좋겠다 12:30 I feel you 16:16 고마워 내사랑 20:00 멀어진다 ||| 홍대광노래가😊😊울리고😊😊위로해주고😊😊😊당신 목소리가 너무 좋아요😊😊😊 ||| 기분이 좋아지는 노래와 목소리~ 매력있어요~ ||| 오빠 너무 좋아요❣️ ||| 홍대광님 노래로 귀정화하고 갑니다,음악
gdZLi9oWNZg,BTS (방탄소년단) 'Dynamite' Official MV,HYBE LABELS,"Proud to be the one in those armys who are fighting for dynamite before 2B♡ ||| ARMYYYYYYY!!!!!  LET'S KEEP WATCHING THIS MASTERPIECE!!!WE NEED TO PROVE THAT ARMIES ARE soo POWERFUL ||| *Huge Respect to people who are fighting for 2B day and night ... The bond between ARMY and BTS is just unexplainable* ... ||| Now we reached 2 billion, now lets aim for 3 billion! ||| I love being part of this fandom because when there's an achievement to make for the boys we always work hard together to communicate our love to BTS! They're the best, we're the best! Road to 2B!!",음악
32si5cfrCNc,BLACKPINK - 'How You Like That' DANCE PERFORMANCE VIDEO,BLACKPINK,"A dance practice video is going to hit 2 billion views.Just insaneeeee ||| Lisa's dancing is perfect. Her moves are sharp, doesn't miss every little detail, and her facial expression is on point. It's not lacking, and it's also not overdoing. Just dancing perfectly to the beat ||| 1.9B views??! LETS MAKE IT 2 BILLION!!🎉 ||| I grew up and I still listen to it😂💕💕 ||| Even his MV was 1 billion new and 1 billion on dance practice video these two videos are absolutely revolutionary 💕 ✨BLAKPINK İN YOU AREA FOREVER ✨",음악
X-uJtV8ScYk,"Stray Kids ""Back Door"" M/V",JYP Entertainment,"벌써 3천만이라길래 부랴부랴 뛰어왔어요.. 아니 언제 이렇게 많이들 보신거래요?ㅠㅠㅠㅠㅠ고마워요 너무.. 매번 이렇게 감동 주는 여러분들 덕분에 하루하루가 행복으로 가득찬답니다😭 앞으로도 더 열심히 노력해서 더 멋진 스키즈 되도록 할게요 사랑합니다 고마워요 너무❣️ ||| 오아오아 이거 진짜 역대급 아닌강 ㅜㅜ 벌써 4000만 뷰라니 스테이가 또 이걸 만들어 냅니다!! 이번 백도어 뮤비도 많이 사랑해 주셔서 고마워요 매 무대마다 페스티벌로 만들테니 우리 스테이도 함께 즐겨줘요!! 요즘 날씨가 쌀쌀한데 감기 조심하기!! ||| 1억뷰우우우우우우우우~ 백도어도 1억뷰를 돌파하다니 ㅠㅠ 너무너무 감사해요 스테이! 여러분 덕분에 저희가 또 큰 선물을 받게 됐네요 ㅠㅠ 앞으로도 멋진 모습들로 더 많은 것들을 보여드리겠습니다!! Thank you so much for the 100million views!!! You guys really are the reason we exist!!! ||| Who's here in Do It era?! I came after the teaser, it lowk reminded me of this🩶🩷  LET'S GO FOR 400M!!! ||| happy birthday seungmo !!  HappySeungminDay ShiningStarSeungmin  마이_유니버스_승민아_생일축하해",음악
l664xQplBt0,【DJ MIX】PLAYBACK 2006-2015 K-POP NONSTOP MIX【韓国懐メロ】,K-POP DJ risayaro,SORRY .Some songs have been cut due to copyright issues!!  FULL MOVIE💟 https://www.nicovideo.jp/watch/sm37313334 SOUND ONLY💟https://www.mixcloud.com/risayaro/playback-k-pop-2007-2015-nonstop-mix/ ||| 何歳になっても青春を味わえる最高のプレイリストじゃねえか！？！？！？！？ ||| is no one going to talk about the transition between songs??? AMAZING ||| The 2nd generation of K-pop will always have a special place in my heart. I miss those iconic groups. 😢 ||| i feel like i am a 15 years old again . i think im going to cry hahaha,음악
TQTlCHxyuu8,"Stray Kids ""神메뉴(God's Menu)"" M/V",JYP Entertainment,"STAY! 1억뷰 만들어줘서 진심으로 고마워요 🙏 항상 많은 관심을 주셔서 감사하고, 스테이가 저희를 얼마나 잘 지켜보고 있는지 느꼈어요. 이렇게 큰 선물을 주셔서 감사합니다 ~~ ❤ STAY~ we can’t thank you enough for enjoying not only our music, but what we’ve created until now. So please look forward towards our future^^ ||| 어서 오십시오~!! 한 번 재생하기 시작하면 반복 재생을 멈출 수 없는 ""神메뉴"" M/V에 오신 것을 환영합니다🔥 ""神메뉴""만큼 뜨거운 STAY들의 사랑 덕분에 벌써 3천만뷰를 돌파했어요❣ 앞으로도 저희와 같이 1일 1神메뉴 달려봐요!🥰 ||| Only stray kids would have a chef themed comeback that ends up hitting as hard as this ||| I can’t believe there are thousands of people disliking this song/MV. THIS SONG IS DOPE! Currently streaming the album and it’s so damn goodddd. I can’t get over to Felix’s cooking like a chef... like damn brooo ||| The song has to get 1 billion! It's literally perfect!",음악
0lapF4DQPKQ,BTS (방탄소년단) 'Black Swan' Official MV,HYBE LABELS,"Not only the MV but also the song is so good that I'll never get tired of it ||| This MV is a masterpiece. Black swan deserves own a era alone, because the song and choreo is the best ||| Nobody:  BTS giving us this shock! ||| It has been 5 yrs but still makes me cry and a song to bring back my passion, Everytime I hear Black swan I get goosebumps and proceed to cry  ✨️BLACK SWAN IS A WORK OF ART✨️ which needs more recognition ||| This mv is perfect",음악
d3ukOo36b90,1980년대 K-POP 촟불잔치/그집앞/고독한DJ  이재성 노래 1980's K-POP front of the house song by Lee Jae-seoung,K음악다방,울남편과 연애할때 만이듣던곡 촛불잔치 지금도 가끔남편생각나면 듣고있네요 정작듣고 싶은사람은이세상에 없으니 ~~세월이 30년이 다되가는데  여전이 나는 추억을 회상하면서 이재성씨 노래듣고 잠시나마 아주먼옛날 데이트하던 시절을떠올립니다 오늘도잘듣고갑니다~~ ||| 지금들어도 역시 명곡입니다  역시 오래된 노래가 순수합니다 영상 잘 보고 갑니다 감사합니다 ||| 오늘날씨가 바람불고  겁나춥네요  외출도 못하고  방침대 누워서  이재성님 노래듣고 있네요😊😊😊 ||| 이재성 이재민  박남정 홍수철  김완선  소방차  변진섭  이문새   이시절이  그립다  나의  유년시절  그리워요 ~ 저분도 늙고  나도 늙고  이젠  어느덧  나이를 먹어  병든  환자가되어 ㅠ  슬프내요  저땐  참  꿈이  가득했는대 ||| 옛생각이.절로~~^,음악
Nw4fQlb0KXU,Mix K-pop Para Dançar Na Escola(ou qualquer lugar),ᴄᴏʀᴇᴏᴋᴘop코 요팝,Adorei essa música é maravilhoso ||| Quando uma pessoa curti meu comentário eu volto e escuto a música outra vez❤ ||| Amei vocês são todas lindas maravilhosas ||| Vocês são lindos sempre continuei brilhando ||| LENDAS PERFEITAS,음악
xMc6ZfwHZkk,K-POP DANCE QUEEN Vol.1 Non-Stop รวมเพลงสายแดนซ์เหล่าตัวแม่ของเกาหลีในตำนาน ยุครุ่งเรืองสุดๆ,DANCE PLAY HITZ,รวมเพลงดีมาก ||| 어릴때 좋아했던 노래가 가득하네요 잘들을게요👍 ||| ชอบมาก ย้อนวัยสุด ||| เพลงมันมาก ดนตรีต่อเนื่องมาก ฟังเเล้วไม่ขัดหู ||| 2025ยังเปิดฟังอยู่❤❤🎉🎉,음악
yJAZgXkzvoc,Evolution Of K-POP Music 1950 - 2025,M Pro Channel,5:10 Unfortnately the only song I've heard of. ||| 2:15 the original APT 🥰 ||| I was today years old to know that kpop is that old. I personally thought it started in the mid-late 90s ||| 90s sounds good. ||| OLD IS GOLD❤🇰🇷,음악
kTWsjE4lQrs,K'Pop (케이팝) – Shadow (그림자) Lyrics (Eng Sub/ Kor/ Rom),雄敏 (Xiong Min),"this song is a literal bomb ||| I Flunder in Spotify very nice ||| I’m so grateful that you made a lyric video for this song and this band in particular. Many people have forgotten abt this band and its nice to see that there are people out there like you you make videos like these . Thank you very much for making this ! and also one more thing can i find this song on Spotify or Apple Music ? I really want to listen to this songs and their other albums but I can’t find them :( it would be really nice of you if you can say ( if you know ) g’day ! ||| Omg!! Finally!! Kpopulation lyrics!! ||| This is amazing, thanks for making this",음악
VCwjz3InIZs,【DJ MIX】risayaro  1st K-POP VIDEO MIX  2009-2018(NONSTOP),K-POP DJ risayaro,"the fact that they put brave girls rollin in this mashup is amazing! nobody knew who brave girls is back in 2020, now they swipe all charts ||| thank you for including t-ara in this medley! its so hard to find a playlist that will include t-ara's songs. i really enjoy this medley. ||| 아자아자화이팅!!!!!!!❤❤❤😢 ||| I like how you put multiple songs of groups in this mix instead of just one song. ❤ ||| teen top on top teeen top on topp",음악
Rv_pe39MSuo,K-Pop: Globaler Hype und dunkle Abgründe,Simplicissimus,"Bei 5:31 blenden wir einen falschen Artikel ein. BTS hat zwar auch ein Times Square Banner von ihren Fans gesponsert bekommen, in dem Artikel geht es aber um ein Banner für die K-Pop Band EXO. Bei 8:45 und 9:04 zeigen wir leider die südkoreanische Sängerin IU und nicht die verstorbene Sulli. ||| „Wenige Monate später, nahm sie sich das Leben.“ Das... war so plötzlich. Ich hätte diesen Satz nicht erwartet und es macht mich gerade sehr traurig. ||| Ich hatte vor ein paar Jahren ein Gespräch mit zwei Studenten aus Südkorea. Es ging um alles mögliche, und wir kamen auch auf das Thema Kpop zu sprechen. Beide sagten dass ein großer Grund für die Popularität in Südkorea an dem Leistungsdruck liegt. In einem Land wo beinahe 9 von 10 Schülern studieren, Noten alles sind und bereits Grundschulkinder 14h am Tag lernen sei eine Ablenkung durch das schnelle, leichte, freundliche Kpop sehr sehr attraktiv.  Wieweit das repräsentativ ist...kp.   Das Schulsystem und Leistungdruck in Südkorea wären doch auch ein gutes Thena für euch ;) ||| Ich finde man merkt, wie ihr immer besser im Editing werdet. Es macht einfach Spaß eure Videos zu schauen. Mal ganz abgesehen davon, dass sie auch sehr informativ sind. ||| Warum denken diese Fans das sie beim Privatleben der Idols irgendwas mitzureden haben oder eine Frau haten weil sie einen Freund hat",음악
l_PdhRiEOYw,"BAEKHYUN, Candy (백현, Candy)  [INK Incheon K-POP Concert]",THE K-POP,진짜 라이브는 원탑이다 안그래도 1군 수장님인데 밀리언셀러에 몇개를 해먹을꺼야 백현아 .. ||| 이 라이브가 앞에 3곡을 라이브로 부르고 춤을 이렇게 추면서 부르는거라구요? 믿기질 않아요 ||| 솔직히 라이브 개잘해서 좀 짜릿함ㅋㅋㅋㅋ 고음 쭉쭉 올라가는거 소름 ||| 성량이 뒤지게 좋아서 라이브인 게 보이네 ||| 이 무대영상 존나 마약이다..너무잘해서 계속 보게됨,음악
qpz-hF3Zhzc,【K‐popサビメドレー】懐かしい曲を集めました,ゆう,中学生の頃によく聴いていたK‐popを集めてみました！ ||| KARAと少女時代派で分かれた小学4年を思い出した（20歳） ||| ここに出てる人がもう亡くなってるって本当に悲しいな。 ||| こうして聞くとFANTASTICK BABYって今聞いても「イマドキ」って感じするしすごいなぁ 大ヒットしたのも納得 ||| あと何年か後に、誰もが知ってるようなTWICEブルピンやばんたんセブチが、懐かしいって思われるのかと思うと鳥肌･･･。,음악
etP-dCdqHXY,열애 - 윤시내(1982.08.14) [가요 힛트쏭] | Yoon Si-nae [K-Pop Legend],KBS 같이삽시다,이노래를 1980년에 면전 10미터앞에서 들었습니다.그 감동이란.. ||| 가요사에서 손꼽히는 명곡중의 명곡임 요즘 알앤비 외국 발라드 스탈 기교만 들어가고 질려버림 뭐니뭐니해도 직설적으로 토해내는 가요가 최고! ||| 윤시내씨 열애를 도전하는 가수는 바보입니다.. 영혼을 담아서 온 몸으로 노래 하는 열애... 들어도 들어도 전율과 소름 가슴이저려오는 슬픔.. 이 노래는 천년이 지나도 최고의 명곡으로 남을겁니다... ||| 다른가수열애 듣다가 아쉬워서 원곡 들으러 왔네요 역쉬역쉬역시 !!! 영원한 레전드~  진한감동을주셔서 감사합니다 .  윤시내 가수님 행복하세요~ ||| 2023년에 열애 들으신 분? ㅋㅋ 정말 기가 막히네요. 열애는 그 어떤 가수가 불러도 윤시내님의 10%도 안된다는... 넘사벽 윤시내!,음악
5fhCZ9mktpo,Ost The King: Eternal Monarch (Ochestra ver.) | [KBEE 2020 ASEAN] K- POP & K- DRAMA OST CONCERT,Mango,"almost four years passed but even today whenever I  hear this masterpiece It's melt my heart so deeply. ||| This ost from the king eternal monarch is really masterpiece...  The melody really beautiful but feeling sad at the same time.. It's like a magic everytime when i hear this song i feel so emotional cz this song so beautiful.. ||| 제일 좋아하는 곡 중에 하나. 이 곡과 드라마 속 아련함의 찰떡이란,,,,, ||| Take a bow South Korea. This is a beautiful gift to the world. ||| why am i crying only listen this beautiful orchestra? the king ost is masterpiece. i miss lee-eul couple :(",음악
8isSwX9Lo4s,【K-POP アイドル基礎ダンストレーニング！】３ヶ月間！真面目に1日20回！【K-POP IDOL DANCE TRAINING】再生スピードを上げてやると【ダイエット】効果もあり,SKY GIRLS' ,みんな記録が途中で止まっててワロタ ||| 下手くそなりに 10回やりました いいね押してください毎日やります ||| このグループが広告によく出るヨジャぐるなん？！ ||| 最初の10秒くらいまで『あ、頑張れるかも』と思っていたことが私にもありました ||| これくらいなら出来るなー思ってたら、急に難易度上がるんだもんw,음악
nlh-GOumTo0,Afra Saraçoğlu K-Pop dans,Ünlülerin storyleri,yanındaki chosn7 kader lan yeni farketim ||| Afra hem güzel hemde fizik olarak aşırı iyi dans da ne derseniz güzel yapmış ||| WOW she's so talented 😍 she can do anything ||| Guzel dans ediyor ||| Yanındaki Kader Abla inanamıyorum. Kader Abla Harikasın ❤,음악
FdbqNFCqW3Q,All K-Pop Artists - Romance of 2020 KBS Song Festival I KBS WORLD TV 201218,KBS WORLD TV,"OKAY THIS IS TOUCHING, THIS IS HISTORY. ||| SKZ: lets go crazy  cameraman: Why not ||| Jungkook vocal is something else ||| Jungkooks voice is a literal heaven ||| Nct having a party by themselves😂😂",음악
i8hicLO6gwY,BLACKPINK - 'How You Like That' LISA Concept Teaser Video,BLACKPINK,"I'm totally convinced that this girl slayed every BLACKPINK era like tf ||| Lisa can pull off ANY STYLE & her confidence is just...  *HOLY SH-* ||| She didn't lie when she said she is the hottest cuz damn , she make me feel something that im not supposed to feel . ||| U are so pretty😎😎👑👑👑👑👑👑👑 ||| She's killing everyone. She's also broke the views by freezing. This queen, really.",음악
M3QlaPh4QMo,Black pink vampire vs bts vampire,Eliasz0r,Taehyung can kill people by his look even if he's not vampire😍 ||| ARMYBLINK : WELP HOW MUCH TO TURN A VAMPIRE I ONLY HAVE 5 DOLLARS ||| Not a blink but Jisoo's vampire look is really good ||| Lisaaaaaaaaaaa 🔥🖇️🖇️💗😍😍(blackpink) And🥰 suga 🔥🖇️💗💗😍🔥🔥🔥🔥🔥🔥(BTS) ||| Jin and jisoo are literally born vampires They never age💕,음악
8Uen_RHZguI,K-POP RANDOM DANCE | 2018-2020 VER.,kaisoo feelings,This actually shows how obsessed and intelligent we are we know most of these dances that's a lot of moves ||| The fact that I can’t remember how to solve problems on my tests but I remember all these dance moves.... maybe I should become a dancer....🤣 ||| *Times* 0:11 ~ Black Mamba // AESPA 0:43 ~ Lion // (G)i-dle 1:24 ~ Ddu Du Ddu Du // Blackpink 1:48 ~ Make A Wish // NCT U 2:16 ~ Snapping // Chung Ha 2:56 ~ Love Shot // EXO 3:29 ~ Dynamite // BTS 4:08 ~ Adiós // Everglow 4:45 ~ Lulluby // GOT7 5:22 ~ Monster // Irene & Seulgi 5:57 ~ Boy With Luv // BTS 6:31 ~ Bbom Bbom // Momoland 7:07 ~ How You Like That // Blackpink 7:40 ~ Obsession // EXO 8:05 ~ Boss // NCT U 8:33 ~ More & More // Twice 8:57 ~ Kill This Love // Blackpink 9:18 ~ Shine // Pentagon 9:50 ~ María // Hwasa 10:29 ~ Dalla Dalla // iTZY 11:04 ~ Bad Boy // Red Velvet 11:47 ~ Dun Dun // Everglow 12:18 ~ Hip // Mamamoo 12:49 ~ Yes Or Yes // Twice 13:23 ~ Fiesta // Iz* one 14:02 ~ Psycho // Red Velvet 14:35 ~ Latata // (G)i-dle 15:19 ~ Wannabe // iTZY 15:57 ~ Fancy // Twice     * AND IN THE END*       16:30 ~ Solo // Jennie edit(omg omg omgggggg i cant belive i have 115 likes ||| Me waiting for Stray kids song : 👁️👄👁️,음악
uQUU9AqLgKY,Purple Disco Machine   Hypnotized Lori B  Bootleg/Best of K-POP #3,Günnis Musikbox,"one of the best dancetracks at the moment i like the italo and 80,s electro sound. ||| wird sofort aufgelegt ||| Wauuuu espectacular mix : en cuanto la canción me encanta me deja KO💥😍🥰❣️💔🔥💝 ||| Super Disco😘😘😘😘😘 ||| Als großer Fan von Purple Disco Machine sage ich"" sehr geil und absolut gelungen!"" Schönes Tempo... gefällt mir",음악
C1wiEPj-9Dg,Музыка для флешмоба 2020 ( BlackPink ) ( K-pop ) ( ЗАКАЗ ),- Musical Cat -,,음악
BJ1PjisSaJE,시크릿넘버 (SECRET NUMBER) - K-POP 메들리(K-POP Medley)ㅣ서울X음악여행(SEOUL MUSIC DISCOVERY) 5편,THE K-POP,시크릿 넘버 사랑해 ||| Secret number makin kesini makin ujuk gigi nih keren keren nih... ||| Aku suka SN Salam dari papua ||| Kangen ot5 😢 ||| daebakkkkkkkkkk,음악
s4EqVfzauqE,레드벨벳 - Psycho (Red Velvet 'Psycho') 《영동대로 K-POP CONCERT》 -201018,SBSKPOP X INKIGAYO,"아니 얼굴도 그런데 의상이 ㄹㅇ 대박임 보석인줄 특히 슬기 ㄹㅇ 보석 같아 그리고 예리 머리 위에 뭔데 개귀엽자나 그리고 조이 너는 그냥 인간 보석이나 다름없음 썸네일 보고 홀린듯이 들어왔잖아 미치겠네 그냥 죤내야 ||| 와 진짜 조이는 날이 갈수록 예뻐지는 것 같냐... 미모에 한계가 없는듯 ||| 이래서 연말조이 연말조이 하는구나... 이때 조이 기사 사진보고 헉 함...작년의 연말조이는 올해의 연말조이가 이긴다ㅠㅠㅠ ||| Seulgi and joy . Props for successfully covering wendy's parts yall were great ||| 솔직히 6년만에 에스엠에서 새 걸그룹을 데뷔시키긴 했는데 난 아직 레드벨벳을 잊지 못했다.. 얘네는 그냥 냄새부터 스엠 향 폴폴 ,,,이라 에스파도 좋지만 그냥 요즘엔 얘네가 너무 보고싶음,,슴덕들 다 나랑 똑같이 느낄것 같다",음악
XgbkaZDuZFA,[Simply K-Pop] HONG EUN KI(홍은기) _ illusion(착각) _ Ep.397 _ 011720,ARIRANG K-POP,"멋있당👍🏻✨ ||| Skipper borrows Barbie's jacket without permission and ends up misplacing it. The two sisters race around town trying to retrieve the jacket, which has their father's 20th anniversary gift to their mother in its pocket, but are always one step behind. ||| HONG EUN KI 💕",음악
5Xs-Qs-zmoA,광고없는 가요모음 색소폰 연주 #1 [ K-POP Music Play List - 색소포니스트 박광식],박광식Gwangsig Park,❤❤❤❤❤❤더 이상 할말이 없는 ~~~ 하나님이 주신 소명을 섹소폰으로 인해 이루어 나가시니 축복입니다😂 ||| 선교사님... 가요를 듣는 내내 눈물이 멈추질 않네요. 다니엘기도회 선교사님의 간증을 듣고 검색해서 찾아왔습니다. 하나님께 맞갖은 삶을 사시는 모습에 고개가 절로 숙여집니다. 감사합니다. ||| 항상 여러가지로 수고해주시는 님께 건강과 축복이 함께하시기를ᆢ 어느장르를 들어도 너무 아름답습니다~~♡ 오늘도 화이팅~~^♡ ||| 아~진짜 너무 좋아요.아빠가 섹소폰 부는걸 좋아히셨는데.이젠 들을수기 없어서 여기와서 귀호강 히고갑니다.좋은 음악 감사해요 ||| 그러게요  신기하게도 선교사님이 연주하시면 가사가 하나하나 들리는듯해요♡섬세하게 연주하셔서 그런거겠죠^^감사합니다  축복합니다,음악
X4ShVlTqCow,[K-POP IN PUBLIC] BTS (방탄소년단) - Dynamite Dance Cover by ABK Crew from Australia,ABK Crew,"We’ve been very fortunate in South Australia to be free from COVID-19 and have restrictions eased - at this moment, we are still practicing safe social distancing but are able to gather in fair numbers to practice and perform together in both enclosed and open spaces. Wherever our subscribers may be, we encourage you to continue to follow quarantine restrictions where possible.  Times continue to be tough and uncertain for many people across the globe - in these times, we continue to wish and stand by those who are struggling and fighting every day. To the health, safety and happiness of everyone, ABK Crew wishes for the best. ||| The two girls who played Jungkook and J-Hope were on point ||| Seeing older people watching behind young people dance gives you life. I take a lot of inspiration from this beautiful video. Thank you! Ver a la gente mayor observando detrás a los jóvenes bailar me da vida. Me inspiro mucho en este hermoso video. Gracias! ||| Okay... YALL DID THAT!!!!! 🧨🧨  from the member distributions to the execution and outfits everything is perfection 😍 ||| The old man in the back just swinging his feet 🥺🥺",음악
xFqH_RE8aCA,"호텔에서 흐르는 피아노 카페 음악 (기업, 라운지, 커피 스토어, 레스토랑) Album_봄이 오는 풍경",인율미디어 공식 유튜브 [INYULMEDIA OFFICIAL],제주도놀러와서호텔음악잘드고이서코로나조심해요사랑함니다 ||| 안녕하세요 듣기로는 너무너무 조아요 감사하겠습니다 ||| 호텔온 기분~  차분해져서 정말 좋네요^^ ||| 샤워할때 들어요.여행가서 호텔에서 샤워하는 느낌입니다.차분하고 너무좋아요 감사합니다~^^ ||| 好聽,음악
ZmL9r7uzWgg,🚵 음악으로 떠나는 가을여행 | 서영은 볼빨간사춘기 아이유 유아 김아름 원지 죠지 후디 레인보우노트 그레이 한희정 투어리스트 프롬 가을방학 브라운아이즈 박혜경 하진 쏠 이츠,음악의발견,📀 TRACK LIST  01:12:55 || TRACK END 00:00:00 || 가을이 오면 | 서영은 00:03:59 || 별 보러 갈래? | 볼빨간사춘기 00:07:21 || 에잇 (Prod. & Feat. SUGA) | 아이유 00:10:08 || 숲의 아이 (Bon voyage) | 유아 00:13:48 || 선 (Cross The Line) | 김아름 00:17:43 || 0과 1사이 | 원지 (WONJI) 00:21:11 || camping everywhere | 죠지 00:24:09 || By Your Side (feat. Jinbo) | Hoody 00:28:05 || 1호선 | 레인보우 노트 00:31:23 || 데려가줘 (feat. MOON) | GRAY 00:35:05 || 어느 가을 | 한희정 00:38:32 || 오늘은 맑음 | 투어리스트 (Tourist) 00:43:01 || ALIENS (With 김필) | 프롬 (Fromm) 00:47:22 || 이름이 맘에 든다는 이유만으로 | 가을방학 00:51:36 || With Coffee | 브라운 아이즈 00:55:15 || 너에게 주고 싶은 세 가지 | 박혜경 00:58:31 || Daydream | 하진 (HAJIN) 01:02:09 || RIDE (feat. THAMA) | SOLE 01:06:13 || 오늘밤 뭐해? | 이츠 01:09:10 || 오늘의 여행 (Feat. 주식회사) | 김현철 ||| 가을이왔꾼요~@ ||| 김아름 너무 조아 ㅠㅠㅜ ||| 아 가을에 딱입니다 정말 ||| 우울한기분에 가을기분 느끼고갑니다^^ 감사합니다,음악
wnudr9qjrbA,"[지브리 스튜디오] 공부할때, 일할때 듣기좋은 음악 모음 12시간(검은화면) (12hours)(피아노)(Relaxing Piano Studio Ghibli Collection)",#include 〈music.h〉,🚩본 영상은 수익창출 목적으로 제작되지 않았으며 광고 수익은 음원 제작자에게 돌아갑니다.🚩 11:48:21 광고있을 시 광고스킵 ||| 현 서울대학교 학생입니다. 좋아요 누르면 이번 기말고사 올1등급  누르고 받아가세요 ||| 좋아요 누르면 앞으로 있는 시험 모두 90점 넘김 받을사람 받으셈 ||| 올백 전교1등입니다 기받아가세요!!! ||| 학과 수석입니다. 중간고사 때문에 또 들으러 왔습니다. 다들 함께 힘냅시다 ! 좋아요 누르면 앞으로의 모든 성적 올백,음악
oFQcOIGuKmI,초혼(招魂) - 국악기로 듣는 음악 Cover by 대금이누나 x 가야금예지,대금이누나 _Daegeumi Nuna,스트리밍 사이트에서 대금이누나의 커버곡을 들으시려면 https://coverlala.com/channel/74385?deeplink ||| 이런분들은 더 좋은 영상제작을 위해 나라에서 지원을 좀 해주시길. ||| 대금과 가야금의 합주...  그냥 기가 막히네요. 소리에 그림까지... 우리나라가 얼마나 위대한 나라인지 새삼 느까고 있습니다. 이런 감동을 주신 두 분께 깊은 감사 드립니다. ||| 가야금 소리 대금소리 심금을 울리네요 ||| 정말 훌륭하네요. 어디에서도 들을 수 없는 마치 선계의 음악과 같은...  의식있는 젊은 분들이 이렇게 국악을 하니 국악의 미래가 밝습니다.,음악
cwcDmXiql9c,"행복한 아침을 위한 힐링음악 3시간 🎵 명상음악, 요가음악, 스트레스해소음악 (Happy Day)",힐링트리뮤직 Healing Tree Music & Sounds,감사합니다. ||| 잘보았습니다 ||| 힐링트리뮤직채널 덕분에  매일 새벽 명상과 독서로 하루를시작합니다  올 한해는  새벽명상과 독서하는 '  24년 갑진해에  값지게' 보내겠습니다 !!  늘  아름다운 음악으로 위안과 치유되는 음악소리  선물을  제공해 주심에  진심으로  무한 감사드립니다.  👏🤞 이음악을 사랑하시는  모든 애청자님들 에게도  힐링과 행복이  스며들기 기원합니다. ||| 幸せ💕ありがとうございます😊 ||| Semangat kerja saya meningkat sambil mendengar kan musik ini. Ditunggu musik musik lainnya😊,음악
LTJDQl2mnFE,애니메이션 피아노 모음 [공부할때 듣는 음악] / 집중할때듣는음악 가사없는음악,Flow Music,"🎧YouTube Music: https://bit.ly/3hyJAQv 1. 00:01달빛천사 OST - New Future    2. 02:06 귀멸의 칼날 OST - 홍련화 3. 06:00 겨울왕국 OST Show Yourself  4. 10:22 날씨의 아이 OST - 괜찮아  5. 14:31 바이올렛 에버가든 OST - 이정표 6. 19:18 알라딘 OST - A Whole New World  7. 21:56 카드캡터 체리 OST - Catch You Catch Me  8. 23:14 마루 밑 아리에티 OST - Arrietty's Song 9. 26:51 천공의 성 라퓨타 OST - 너를 태우고   10. 30:01 신비아파트 고스트볼의 비밀 OST - Ma Friend 11. 33:04 아오하라이드 OST - 세계는 사랑에 빠져있어  12. 38:14 코쿠리코 언덕에서 OST - 이별의 여름   13. 41:17 이누야샤 OST - 금강 테마 14. 42:56 도쿄 구울: Re OST - Asphyxia 15. 45:58 원령공주 OST - 원령공주  16. 49:11 달빛천사 OST - Smile  17. 53:02 하울의 움직이는 성 OST - 인생의 회전목마  18. 57:54 이웃집 토토로 OST - 바람이 지나가는 길 19. 01:01:51 명탐정 코난 OST - Main Theme 20. 01:04:19 은혼 OST - Some Like It Hot 21. 01:07:48 이누야샤 OST - Grip! 22. 01:12:37 마녀배달부 키키 OST - 바다가 보이는 마을  23. 01:17:05 벼랑위의 포뇨 OST - 벼랑위의 포뇨 24. 01:20:01 날씨의 아이 OST - 사랑이 할 수 있는 일이 아직 있을까?   25. 01:26:42 원령공주 OST - 아시타카의 전설 26. 01:31:38 이누야샤 OST - 달묘전설 27. 01:34:36 센과 치히로의 행방불명 OST - 언제나 몇 번이라도  28. 01:38:12 달빛천사 OST - 나의 마음을 담아 29. 01:41:48 카드캡터 체리 클리어카드 OST - Clear   30. 01:43:20 게드전기: 어스시의 전설 OST - 테루의 노래 31. 01:47:19 짱구는 못말려 OST - 짱구는 못말려 OP 32. 01:48:22 이웃집 토토로 OST - Main Theme 33. 01:52:35 센과 치히로의 행방불명 OST - 어느 여름날 34. 01:55:46 달빛천사 OST - Love Chronicle  35. 01:59:09 날씨의 아이 OST - 바람의 목소리 36. 02:01:38 하울의 움직이는 성 OST - 세계의 약속  37. 02:05:35 Black Clover OST - BLACK Rover   38. 02:09:08 이누야샤 OST - 사모하는 정 39. 02:11:30 명탐정 코난 OST - ZERO 40. 02:15:45 달빛천사 OST - Eternal Snow   41. 02:21:07 짱구는 못말려 OST - 짱구는 못말려 ED    42. 02:22:15 겨울왕국 2 OST - Into the Unknown 43. 02:25:18 이누야샤 OST - 장난스런 키스  44. 02:28:26 날씨의 아이 OST - 축제 45. 02:30:58 명탐정 코난 OST - 빛이 될 거야 🎧Spotify: https://spoti.fi/3KkqhUr 🎧Melon: https://www.melon.com/artist/timeline.htm?artistId=2964735 🎧Apple Music: https://apple.co/3kaWZzK 🎧Amazon Music: https://amzn.to/3CAphtB 🎧Genie: https://bit.ly/3vRETFB 🎧Apple Music: https://apple.co/3YbThFE 🎧Bugs: https://bit.ly/3M5uoFw 🎧FLO: https://bit.ly/3PyV2YW 🎧Naver VIBE: https://bit.ly/3vQnVYd   🎹 악보, MP3 파일: https://flowmusic.kr 🎹 Sheet Music, MP3 File: https://flowmusic.kr/english ||| 저기 댓글 내리지 말고 공부합시다         이걸 보는 누군가는 지금 어렵게 공부를 열심히 하고 있을테니 우리 다같이 공부 열심히 합시다 한명만 하는것보다 여러명이 하는것이 우리나라의 발전에 큰 도움이 될것입니다 모두 화이팅 합니다! ||| ""낭비한 시간에 대한 후회는 더 큰 시간낭비다."" - 메이슨 쿨리  과거가 어쨌든 나이가 어쨌건 현재와 미래를 보는것에 집중하자 ||| 사람들은 이야기 한다. 댓글을 볼 시간에 공부를 하라고, 그것이 나쁘다고 생각하지는 않는다. 하지만 나는 이들에게 조금 다른이야기를 해주고 싶다. 지금 이 영상을 보고있다는것 자체가 정말 대단한거라고, 늦었다고 생각할지도 모르지만 지금부터라도 열심히 해보라고말이다. 이 글 보시고 100점 기원받으세요⌯' ▾ '⌯ ||| 와 2번 노래 ㅋㅋㅋㅋ 맨날 아래층 초딩이 쳐대길래 뭔노래길래 일년째 치나 했더니 예상치 못한 곳에서 발견했다...",음악
WIqe9vM4U34,10분안에 마취시켜주는 수면유도음악 | 잠잘때 듣는 음악,디노사운드 Dino.S,"영상 아침까지 반복 재생하는 방법🌜 1. 영상 우측 상단의 톱니바퀴 아이콘(⚙️) 선택 2. 동영상 연속 재생을 '사용'으로 변경  따듯한 댓글 많이 남겨주시고, 오늘도 꿀나잇 하세요😴 ||| 우리아빠 다시 건강해지게 해주세요 이제는 제대로 걷지도 말하지도 못하지만 다시 치료 받으면서 괜찮아지게 해주세요 아빠가 아빠 스스로를 포기하지 않도록 도와주세요 아직 중학생인데 아빠를 잃고 싶지 않아요 그리고 우리엄마 아빠 아프고 너무 힘들고 열심히 살아서 엄마까지 아플까봐 매일 무서워요 우리 엄마는 꼭 건강하게해주세요 ||| 내일 수능 보러가는 학생입니다 수능 보기전날 질좋은 잠을 자기 위해 영상틀어놓고 자는데 내일 수능 좋은컨디션으로 봤으면 좋겠습니다 모든 수험생분들 화이팅입니다 ||| 사랑하는 내 동생이 더이상 아프지않고 부디 병을 이겨내고 다시 예전처럼 건강하게 오래오래 살게해주세요 ||| 어머니의 호흡이 다시 정상적으로 돌아오길 기도해 봅니다.여기 계신 모든분들 행복하세요.",음악
rCwX2h55VAQ,"[음악팀] 꽃이 피면, When the flowers (Acoustic/Happy) [BGM/무료음악/브금]",TeamMusicCreative,봄 느낌 비지엠 너무 좋아요😍  음~ 살짝 궁궐느낌도 나고~~~❣️👍🏼 ||| Love this melody so much!! Thank you! ||| 참~ 이런 음악은 마음에  꼭 듭니다. 마치 영화속 한장면이 떠오를것 같아요. ||| Very nice 🏵🎶🎶🎶🎶 🌈⭐⭐⭐🌈 A big like 👍1st my dear friend ||| 오늘음악도 정말 너무 좋아요ㅠㅠ~~  정말 매번 너무 감사합니다요!!!,음악
p9Jx4vso25Y,"가을 속 감미로운 아침음악 3시간 🎵 힐링음악, 요가음악, 명상음악, 스트레스해소음악 (Autumn Life)",힐링트리뮤직 Healing Tree Music & Sounds,"Hi !! Relaxing Morning Music for Winter : https://youtu.be/N7D52j4m4oM ||| ❤Amazing gift from Heaven above Hallelujah..Yeah, 3 hour's of beautiful relaxation of cool harmonies..I'm glad that this beautiful music 🎶 will put me to sleep like baby 🤱tonight...Yessss..⚘️💞💞🙌✝️💘👍 ||| Gudmorning thankyou LordGod forwaking us this lovely  morning thank you for our peaceful sleep last night thank you LordGod for our health thankyou for hearing my prayers LordGod Amen 🙏 🙌 ✨ ❤ ♥ ||| Peace, love and prosperity to all who read this. We are all One with the Universe. ||| ❤⚘️💝hmmmm this beautiful harmony is so humble and so uplifting..it touches my heart ♥ with joyful music 🎶 from Heaven above..hallelujah 🙌 and Thankyou Jesus so much for this beautiful video of graces..yesss Thankyou again guy's Nicely done and so... uplifting..Amen.❤⚘️♥️💕💞💝👍💖",음악
UHQGDuxRIRs,"브람스 피아노 자장가 3시간│힐링음악, 자기전에 듣기좋은 피아노, 수면음악, 숙면음악",Piano Latte,"잘자라 내아기 내 귀여운 아기 아름다운 장미꽃 너를 둘러피었네 잘자라 내아기 밤새 편히쉬고 아침이 창앞에 찾아올때까지 잘자라 내아기 내 귀여운 아기 아름다운 장미꽃 너를 둘러피었네 잘자라 내아기 밤새 편히쉬고 아침이 창앞에 찾아올때까지 ||| 초1 딸이 매일 틀고 자는 수면음악이에요.   3시간짜리나 10시간짜리 무한 반복ㅎㅎ 매일 밤 아이가 편히 잘 수 있게 해주셔서 감사합니다❤ ||| 마음이 편해지고 눈이 감기네요 ❤ 아이폰유저도 꿀잠자고갑니다 !👍🏻 피아노 소리도 너무 좋네요😌 들을대마다  답글로 ❤ 칠게요 매일 들으니까 매일 칠듯😂😂 이렇게 좋은노래 들려주셔서  감사합니다😄 ||| Cảm ơn video này đã cho con gái tôi ngủ ngon rất sâu.những video khác của bạn đều được con gái tôi nghe cảm ơn rất nhiều❤❤❤ ||| 어른들도 자장가가 필요한가봐요,, 잘듣고 숙면하고 아침맞이하고 남깁니다. 😄",음악
_f4VucJFC1A,🎶  듣기좋은 경음악/연주음악 컬렉션,LOVE K,"지금 삶이 너무 견디기 힘들지만 좋은 음악 들으며 위안을 삶아 봅니다 모든 분들께 행운과 축복이 가득하길 바래요 우리 모두 힘내요~ ||| 힘든 이시기~~  아름다운  음악이 위로가 됩니다 70이  훌쩍 넘은 나이에도 추억은 다시 아름다워  눈물이 납니다 사랑도 꿈도 청춘도 무지개  같았던 시절에  나도 존재했었지~~~^♡ ||| 늦가을 깊은 밤, 위대한 사랑이 고요히 어둠의 장막 저편에서 흘러드네요.  세월 함께 감성도 시들어가면 어쩌나 싶었는데.... 이런 멋진, 아름다운, 추억을 돌아보게 하는 음악이 있어 행복합니다.   이런 음악 모아 올려주신 분의 두 손에 축복가득하옵길 빕니다. ||| 아름다운 음악들 잘 들었습니다 좋은 음악을 듣고 있노라면 행복한 마음이 절로 들게되죠~ 좋은 음악들 들려주기 위해 수고 하신점 감사합니다 ||| 이른아침 눈이떠져 유투브보던중... 30여년전 제가 즐겨듣던곡! 어찌나 반갑던지요. 덕분에 잠시 그시절로 추억여행하네요.고맙습니다.",음악
9dElL9hBejA,[김세일] 프란츠 슈베르트 / 음악에게 [안디무지크/An Die Musik],KBS클래식 Classic,"들어도들어도 좋습니다 순수한 음색이 편안함을 줍니다 감사합니다👍 ||| 아름답도 즐거운 예술이여 마음이 서글퍼진 어두운 때 고운 가락 고요히 부르면서 언제나 즐거운 맘 솟아나 내 방황하는 맘 사라진다.  음악을 참 좋아하던 저 였는데, 고등학교 때 우울하고 방황하던 마음을 위로해주던 건  음악이었는데 그 음악을 예찬해주던 최고의 음악이지 않았던가 싶습니다. 보물같은 음악입니다. 지금의 힘듦은 그 때보다 몇갑절일텐데 다시 찾은 보물에 많은 위로가 되네요. ||| 곡의 느낌을 한소절 한소절 절절히 표현하시네요 위로받고 가네요 감사합니다  나의 특별한 곡! 역시 십대때 음악시간에 배운 노래들은 평생을 같이하네요 ||| 김세일님~ 멋진 노래를 해주시어 감사합니다 ~❤ 이 노래 남자 가수 동영상 중에서 최고로 좋습니다 ~👍👍👍  나는 섬유 예술 작가인데,  내 작품에 어울리는 배경 음악으로, 김세일님의 노래를 드디어 찾았어요 ~! 😂😂😂 ||| 가장 좋아하는 슈베르트  가장 좋아하는 음악에~ An die music 너무 아름답게 불려주셔서 감사합니다^^",음악
i_u2VS60TZ4,"🌞[편안한 음악 10곡(2편)]지친, 매일 들어도 힐링과 힘이되는 위로 음악 | 클래식 명곡 피아노 | 공부할 때 태교 자장가 잔잔한 조용한 아름다운 평화로운 수면 스트레스 쇼팽",일미터클래식 1mClassic,🔴[힐링음악 10곡 (1편)] https://youtu.be/IA4iSC9bUAc [힐링음악 10곡 (2편)] https://youtu.be/i_u2VS60TZ4 [바흐 명곡집] https://youtu.be/qBvh5kimB-c [쇼팽 명곡집] https://youtu.be/W62MLl6i9R8 [클래식 입문 1단계] https://youtu.be/3huYjBlp0VE [24시간 클래식라이브] https://youtu.be/_S802cHbRyk [아침에 듣는 클래식모음] https://youtu.be/DwnAcoFRlk4 [클래식 명곡 100곡] https://youtube.com/playlist?list=PLD5M-g6b2MiNJBRy_b6UfPHnyGCGO1dY- ||| 여기계신 모든 분들 모두 기운받으시고 하루하루 편안하시길❤️❤️❤️❤️ ||| 편찮으신 엄마께서 1번 2번 곡을 들으면서 좋아하시네요. 빨리 완쾌하셨음 좋겠습니다. 힐링음악 덕분에 기운이 납니다. 감사합니다.🙏🙏🙏 ||| 여기계신 모든 분들 모두 기운받으시고 하루하루 편안하시길~ ||| 클래식음악이 주는 위로와 편안함은  누릴줄아는 사람만 누립니다^^,음악
iWaPPYDqIsM,"🌿빗소리와 함께 듣는 가야금 연주 음악 10시간⏰10시간 연속듣기🌈⎮ 중간광고없음 ⎮ 만병을 치료 해주는 힐링 명상 스트레스 해소 음악, 긴장이완음악, 편안한 음악 (치유음악)",YEJIgayageum_가야금예지,"여러분 오늘도 가야금 연주와 빗소리 함께 들으며 굿밤 되세요🌿 여러분의 단잠에 1%라도 제가 힘이 된다면 저는 그걸로 만족이고 행복합니다❣️ 요즘 정말 여러분들 댓글 보면서 하루하루 행복하게 살고 있습니다 🙏🏻 여러분 건강하시고 항상 행복하세요   📌내일 수능 보시는 고3여러분!!  이번년은 정말 나라가 정신없었지만 떨지 말고 끝까지 최선을 다해서 좋은 결과 있기를 바라겠습니다🙏🏻 너무 고생 많으셨습니다 끝까지 화이팅 하세요 모두모두 대박나쟈♥️♥️♥️♥️♥   여러분 마지막으로 커뮤니티에 라디오 링크 넣어놨으니 많이많이 들어와주세용💕 12월3일 목요일 오후3시 기다리고 있겠습니다😉 ||| 빗소리에 더해 가야금소리까지 들으니 이 므슨 복인가 ||| 감사합니다.  백년도 못사는 인생 인간은 나약한 존재이라 그냥 앞만보고 달려온길 누구 에게나 희노애락  을 느끼며 인생은 저물어간다. 지나고 나면 모든 것들이 부질없는 허송세월 만 보냈구려. 인간은 어디서 와서 어디로 가는가? 그저 바람처럼 구름처럼 떠돌다가 한줌의 흙으로 돌아 가는 것을. 이렇게도 아름다운 세상 잊지 않으리 내가 사랑한 애기. ||| 국악들과 민요를 듣노라면은 우리의 조상님들의 한과 옛 선조님들의 혼이 담겨진것 같은 애잔함과 먹먹함이 깃든다 좋다 하기 보다는, 평온함 속에서 우리만의 것으로 소중함과 보배로움을 느껴가기도 한다  신의 눈 ||| 세월은 하염없이 ,,,지나가네요 모든게 추억이 되는군요 하루하루를 소중히 나를 사랑하며 건강챙기며 삽시다 지금 이시간의 생각도 추억이네요",음악
f742p7mQ0Ic,[2시간] PRAY - 깊은 기도로 인도하는 음악 / Deep Pray Music / Relaxation Music / Meditation Music / God with us,Christian BGM 크리스찬 BGM,주님...이곳에오면 여러가지 고통으로 신음하는자들이 너무나 많아 가슴이 아픕니다..겉으로 드러나지않는..혼자서 삼켜야하는 삶의 무게를 주님..아시지요? 이들에게 매일매일 살아갈 용기를 주시고 희망을 주세요.. 저도 죽고싶을만큼 힘들고 죽으면 모든게 편안해진다는 생각이 들지만 왜 이들에게는 생명을 연장하여주시고 살 소망을 갖게해달라며 우는지 저도 모르겠습니다.. 제 자신을 이처럼 더 사랑할수있게 해주세요.. 주님..저의 이고난의 의미를 제가 지금은 헤아릴수없지만 분명히 이 일들에 이유가 있다 생각합니다..주님께서 허락하신 모든 일들에 제가 그래도 감사로 기도드리길 원합니다.. 주님..살려주세요.. ||| 이 기도음악에 맞춰 기도드리던 스무살 아들이 아버지의 부름을 받고 11월5일 천국으로 이사갔네요.. 보고싶지만 잡지못했어요..통증에 신음하는 아들을 잡아도 해줄께 없어서..그냥 아버지께 보냈어요..살려달란 기도는 아들도 저도 수없이 했지만 아버지의 결정은 항상 완전하시기에 신뢰합니다. 아버지 그 아들 지금은 천국에서 아프지 않고 휠체어도 타지않고 음식도 삼킬수 있죠..저도 꼭 그 천국에 갈 수있도록 믿음붙잡고 살께요.. 그토록 주님을 외면하던 아빠가 너랑 병실에서 약속한대로 바로 주일에 등록했어..천국가야겠데…아들이 이땅에서 거둔 최고의 추수열매구나. ||| 하나님.. 평생 자식들 먹여살리겠다고 현장 일하시다가 5층 높이에서 떨어져 하반신 마비 판정받은 우리 아버님 좀 살려주소서 두달째 돌아눕지도 못하고 고통받고 있는 우리 아버님 불쌍히 여겨주소서  평생 밤낮으로 기도하신 우리 아버님 교회 제단에 걸어나가게 해주세요 ||| 주님. 여동생이 많이 아픕니다. 제발 저희 곁에 조금만 더 머물수 있도록 보살펴 주십시요. 제발 간절히 기도드립니다. 아멘 ||| 하나님아버지 저 너무 우울해서 사실 살고싶지 않아요.. 아침에 눈뜨지 않고 하나님이 저를 데려가줬으면 좋겠다는 생각을 해요. 그러나 하나님 오늘도 내게 호흡을 허락하신 이유는 아직 제게 기대할 일이 있고 하나님께서 저를 통해 행하실 일들이 남아있는거겠죠.. 그것을 머리로 아닌 가슴으로 느끼게 해주세요. 제가 하나님을 신뢰하는 믿음을 허락해주세요 제발 제게 응답해주세요,음악
Th3et6HUPtc,하루 - 김범수 | 혼자서 듣는 음악 | 첫가사에 눈물나게하는 음악 | 눈으로 보고 가슴으로 듣는 뮤직비디오 | 가사첨부 |,말바라기,시간이 얼마 안남은 듯한 우리엄마 👩 사랑해 💚 넘 슬프다 😭 사랑해요 사랑해요 엄마 ♡♡♡♡♡ ||| 아직 할일이많은대 간암제발 4기 내일 부터 방사선치료 시작 합니다 잘할수있을까  걱정이되내요 눈물만 ||| 돌아가신 아빠가 보고싶어 평소좋아했던 노래라 들어봅니다. 눈물이나네요~~ 아빠 살아계실때 더 잘해주지못해서 미안해~~ 아빠 사랑해요.너무너무 보고싶어~~ ||| 엄니  가신지  40년   사랑하다는 말 못했는데. 가슴이   메여집니다 ||| 사랑하는 내딸 서른여섯번째 생일축하해 하늘에서 잘지내지 엄마의 슬픈하루가 또가네 우리딸 보고싶다,음악
B7BQP7T4iW0,[LG 벨벳 광고 음악] Johnny Stimson - Gimme Gimme [가사/해석/자막],기몽초 ɢɪᴍᴏɴɢᴄʜᴏ,this is so amazing!! thank you for sharing my song :) ||| LG 광고 디렉터 플레이리스트 털자 ||| 아 이거 광고에서 여성 모델분이 울.랄라.하고 속삭이는데 목소리가 넘 좋아서..   .. 듣고싶어서 스킵을 못하겠어요 ||| 진짜 LG가 광고곡 하난 좋음.. ||| 헐 이거 오피셜 뮤비인줄 알았는데 기몽초님이 넣으신거네 개찰떡이다...,음악
oCruqjZ58RA,[브금브금] 넌 할수있어! 음악의 힘을 믿어 동기부여 감동적 낙관적 긍정적 배경음악 BGM,브금브금 BGMBGM,"---------------------------------------------------------------------------------------- 리스트 펼치기 00:00 Change_the_World 02:01 Finding_Magic 04:47 Be_the_Change 07:22 We_re_Getting 09:27 Fresh_Insight 12:27 Warming_to_the_Project 14:47 Clear_Skies 17:16 Finding_Fortune 19:20 Eternal_Beauty 22:17 Let_s_Make_A_Change 25:20 It_s_a_Journey 28:12 Blooming_Upward ||| 건강때문에 지쳐있었는데 운동 열심히 해서 이겨내겠다는 생각으로 바뀌고 있습니다 좋은 음악 선물로 받은 기분입니다. 진심으로 감사합니다🫡😄 ||| 누워서 뒹굴뒹굴 늑장부리다가 음악 듣고 천천히 일어나 집 청소까지 했어요. 이제 밥 먹어야 겠어요. 감사합니다. ||| 첫곡은 정말 좋네요.. 오랜무기력과 우울로 만성적인 공허감에 시달렸어요. 아마 죽을때 까지 따라다닐지도 모르겠지만.. 그래도 몇년동안 못했던 연구를 다시하려고 합니다. 꼭  연구가 세상에 발표될 날을 기다리며 이 음악을 자주들을게요!! ||| 듣다보면 걱정되는게 할수있다라는 긍정적인 생각으로 바뀌어요. 이게 참 여러의미가 있는 것 같습니다. 역시 처음 알았지만 걱정은버리고, 즐거운생각을 하는 것이 맞는것같아요.",음악
_fcdh3UyrCo,"불안한 마음이 사라지는 숲 속 명상음악 🎵 아침음악, 요가음악, 치유음악, 마음이 편안해지는 음악 (Pure Mind)",힐링트리뮤직 Healing Tree Music & Sounds,"당신이 이것을 읽고 있다면, 나는 모든 것이 잘 될 것이라고 말하고 싶습니다. 당신은 놀랍고, 독특하고, 인생에서 어떤 일에도 직면할 수 있으며, 어떤 장애물, 손실 또는 상황도 극복할 수 있는 자신의 힘이 있습니다. 당신은 혼자가 아닙니다. 당신은 사랑받고 있으며 기분이 나쁘고 기분이 좋을 권리가 있습니다. 느낄 권리가 있습니다. 이러한 긍정적인 기운에 축복을 받고 최대한의 삶을 사십시오. 너에게 닿을 수 있도록 우주에 내 사랑을 보낸다❤❤ ||| 혼자가  아니라    여러분들이  있어서  넘 좋아요    오늘어야   내 심신안정이  좀 되나봐요 이렇게 소통할수  있어  감사해요 ||| 행복한  날 입니다~~~나는 행복하게 살고 싶어서 열심히 살았습니다 그런데 아무것도 하지 않고 명상을 하니 행복합니다 열심히 살아서 지금  행복이 보입니다~~내가 살아가는 모든 순간이 귀함을 느낄때 그것이 행복이구나 싶습니다~^^ ||| 새로움에 가득한  하루 어제보다  풍요로운  오늘 오늘보다 행복한  내일 행복한하루되세요 ||| 오늘 하루도 나에게 주어진 새로운아침  감사함으로 살아가려합니다  이음악 듣고계신 모든분들 힘들어도 힘차게 웃으며 살아가시길 기도합니다 즐건 주일 보내세요~~",음악
Txu41v821aQ,[브금브금] 2020 광고음악 6월 기준 최신 브금 BGM,브금브금 BGMBGM,"12:53 이거다 ||| 진짜 앞으로 꽃길걸으세요🥰🥰광고없는 이런 착한 유튜브 오랜만이에요ㅜㅜ ||| 요즘 인스타 광고 노래 중에 밥빠라 밥 삐리리라 밥 빠라 밥빠랏따 이 노래 제목 좀.. ||| 0:48:46 갸좋네 ㄷㄷ ||| 베스트 트랙은 Coffee is Gold, 맥심 모카골드 - JUST 95 TK1 EVERYTHING MUST GO 인것 같습니다만",음악
MAmp8cXxcZU,"동양풍수면음악+빗소리 Relaxing Sleep Music, Meditation Music, Stress Relief Music, Deep Sleeping Music",Flow Music,"♬ 자작곡 '공주의 꿈' (Self-Composed song 'Princess's Dream') 🎹 악보 & MP3 파일: https://flowmusic.kr 🎹 Sheet Music & MP3 File: https://flowmusic.kr/english ||| 진짜 외국에 할로윈 있듯이 우리나라도 모두다 한복 입고 사극에 나오는것 처럼 장터가서 축제 즐기고 그런날이 있으면 좋겠다...... 막 호롱불 들고 다니고.... ||| 긴장 없앤다고 불면증약을 과용 하면 오히려 부작용이 생길거에요. 저는 긴장과 떨림 증상으로 컨디션 관리에 어려움을 겪을 때가 많았어여. 긴장과 떨림 증상에 멜라티움이 도움이 되서 좋았어요 ||| 한국에 이미 한복의 날이 있습니다! 10월 21일인데 잘 모르시는 분들이 많더라구요,, 달빛 한복 패션쇼라는 행사도 하는데 꽤 주목 받았던 걸로 기억해요! 그 또한 기억하지 못하시는 분들도 많지만요😂  많은 분들이 아실 수 있도록 올려주세요ㅠㅠ  + 만약 많은 분들이 말씀하시는 것처럼 다 같이 한복입고 호롱불도 들고 타임슬립한 것처럼 하게 된다면 한복의 날때 추진하면 정말 좋을 것 같네요! 그 날만큼은 한복업체들도 지원해줘서 한복이 없는 사람들도 입을 수 있도록 하고 등에는 리본이, 속치마대신 크리놀린이, 치마에는 금박이가 잔뜩달린 그런 한복 말고 특유의 화려한듯 단아한 우리 한복을 입을 수 있도록 나라에서 추진한다면 엄청날 것 같아요🥰 현재 우리나라 한복이 세계적으로 주목도 받고 사랑도 받고 있으니 이걸 발판삼아 도약하면 좋을듯해요! ||| 동양풍 음악이 난 너무 좋음.. 아련하고 아련한.. 그 특유의 없던 전생 기억 재생 분위기가 너무 좋암..",음악
OIgImWvFtKM,박강현 - 나는 나는 음악 (뮤지컬 모차르트 中)  [열린 음악회/Open Concert] 20200524,KBS 레전드 케이팝,올해 모차르트 캐스팅이랑 프레스콜 오픈되고 나서 깡차르트 영상마다 다들 뭐든 다 우리 잘못이니 돌아오라고 울부짖는 거 ㄹㅇ 웃음벨ㅋㅋㅋㅋㅋ ||| 그만 유명해져....아니 유명해져야하는 사람이긴한데....... 적당히 유명해져.....ㅠㅠㅠㅠ ||| 목소리가 디즈니 왕자님인데... 아이수크림 샤벳투같다.. 귀가 녹네요 ||| F발음 왜 이렇게 좋음ㅠㅠㅠ ||| 아이고 음색이랑 딕션봐라....장난없다...,음악
mTwsyeeC4qQ,[2시간] MY GOD - 깊은 기도로 인도하는 음악 / Deep Pray Music / Relaxation Music / Meditation Music / my god,Christian BGM 크리스찬 BGM,연주된 찬양은 Way maker Living hope 예수 흘린 보혈 입니다. 깊은 은혜의 시간 되시길 소망합니다^^* ||| 하나님 저는 올해 83세가 됩니다. 일주일 전에 갑자기 남편이 제곁을 떠나보내면서 마음이 허전합니다. 아주 오래전 하나님을 믿었었는데 그 믿음이 다시 회복되어 지길 소망합니다. 주님 저를 위로하시고 다시 믿음의 자리로 갈수 있도록 이끌어 주시옵소서. 예수님 이름으로 기도 합니다..아멘 ||| 자폐 아들 키운지 22년. 안 자고 소리지르고 박수치는 오늘 밤.. 말로 못할 기도를 이밤에 올립니다..제 위아래층 이웃들 살펴주소서.저의 노이로제도 치료하소서.  언젠가 끝이 올 이 고난의 밤 뒤에서 제 손을 잡아주시고 제 아들의 손도 잡아주소서. ||| 이찬양을듣는 모두가 주님의 임재안에 있게 하소서 아픈자 외로운자 병든자   주님위로와 치료의 회복있게 하옵소서 ||| 하나님. 제 중3형이 핸드폰의 중독에 빠져나오지 않고 있습니다. 형과 부모님과의 사이가 좋지 않습니다. 형이 빨리 옛날의 착한 모습으로 돌아와주길 주님께 기도합니다. 벌써 거의 2년째입니다. 전 초6입니다. 하나님을 만나기 워해 열심히  성경을 읽고 교회도 빠짐없이 다니고  있습니다. 저에게도 잘못한 것이 많지만 회개하고 고치도록 하겠습니다. 주님. 우리가족을 위해 구원해주시고 기도해주세요. 우리를 사랑하시고 축복해주시는 예수 그리스도의 이름으로 기도드립니다.   아멘!,음악
RtPwBk0pqKE,"[명상음악] 우와 진짜 놀랍다. 하루10분 만병을 치료 해주는 힐링 명상 기치료 음악 및 영상, 스트레스 해소 음악, 긴장이완음악, 편안한 음악 (치유음악)",Relaxing Music Korea,"마음의 평온과 깊은 휴식을 위해 명상 음악을 감상해 주셔서 감사합니다. 이 음악이 여러분의 하루를 더욱 편안하고 조화롭게 만들어 주기를 바랍니다. 깊은 숨을 들이쉬고, 모든 걱정을 내려놓으며, 온전히 현재의 순간을 즐기세요. 평온과 행복이 가득하길 기원합니다. 🌿🎶  Thank you for listening to meditation music for peace and deep relaxation. May this music bring you comfort and harmony throughout your day. Take a deep breath, let go of all worries, and fully embrace the present moment. Wishing you serenity and happiness. 🌿🎶 ||| 사랑하는 엄마아빠께서 항암치료 잘받으셔서 완치되실수있도록 도와주세요 제발 다시 예전처럼 건강하셨던 그 모습으로 돌아가실수있도록 도와주세요 간절하고 간절한 마음으로 기도하고 소원합니다 ||| 사고가 나서 얼굴이 많이 망가진 학생인데 병원에서 이거 들으며 자니 붓기가 많이 빠졌어요!! 그렇게 믿고싶네요  이걸 들으며 자니 아픈게 많이 호전 되었어요 다들 건강하셧으면 좋겟어요!  이 댓글 보시는 분들 모두 아프지마세요 ||| 이 밤에 저도 몸과 맘이 힘들어서 왔는데 댓글들을 보니까 눈물이 나네요.. 비록 얼굴 모르지만 같은 음악을 듣고 있다는 데 위안합니다..여기 오신 모든 분들의 평화를 빕니다.. ||| Right now, there are people all over the world who are just like you. They're either lonely, they're missing somebody, they're depressed, they're hurt, they're scarred from the past, they're having personal issues no one knows about, they have secrets you wouldn't believe. They wish, they dream and they hope. And right now, they are sitting here reading these words, and I'm writing this for you so you don’t feel alone anymore. What really helped me start overcoming the pain and actually move toward my goals was reading Manifest the Unseen by Luna Rivers, it opened my eyes in ways I didn’t expect. Always remember, don’t be depressed about the past, don’t worry about the future, and just focus on today. ❤",음악
3GnqxbaBGNQ,캐논 장르별 음악 모음전,럭키가이,최고로 좋아하는 클래식곡 캐논 하루를 시작할 때 매일 들으니 참 좋으네요 감사합니다 ~~~~^^* ||| 정말 좋습니다. 대단히 감사합니다. 들으면서 힐링하고 있습니다. 복 많이 받으세요~~~~ ||| 대학교 입학햇을때 레코드점 입구에서 버스 놓쳐가며 들엇던 나의 인생 음악!사랑 합니다. ||| 반갑습니다 😊😊😊 캐논장르별 너무너무 너무너무 좋아용  이런걸 찿고있었어요~~ ❤❤❤❤❤❤❤❤❤❤❤❤❤❤❤❤❤❤❤❤자주들을께요.저는한번들으면 5~6~10번도 들어용 ㅎㅎ  Pm (전기현입니다) 세상에  모든 음악(클래식방송예서) 여러가지  캐논버젼.자주나오거든요😊😊 정말정말 고맙습니다 ||| 캐논을들으면 마음이 행복해지고 일할때들으면 힘든마음 이 위로가 되고 또 아픈마음을 젹셔주고 재가 잴 좋아하는 노래를 다른버전으로 들려주셔서 감사합니다,음악
vMf4Kh6DtP0,[음악cafe TV] 가요명곡 김광석노래모음 노래에 담긴 뜨거운 삶과 사랑의 노래와 함께하세요.  사색하거나 혼자있을때 듣기 좋은 노래,음악cafe TV,,음악
N1g7UPuJMB0,"( 태국 음악 한글 가사) 슬픈 발라드 태국 노래  옛 여친을 그리는 "" 크라이 콘난 ใครคนนั้น"" - 파라폰พลพล",타이락 รักไทย,뮤비 보면서 진짜 눈물 많이 흘렸음.  마치 황순원 선생님의 소나기라는 소설을  읽는듯한 느낌. 아름다운 소년 소녀의 애틋하고 풋풋한 감정이 아름다운 시골마을을 배경으로 너무나 아름답게 펼쳐짐.  지금도 노래 들을때마다 눈물남 ||| 제가너무좋아하는  노래인데..노래방서   요즘 유튜브 연동되는  노래방이 대박인듯요 진짜 편하게 부르네요 ||| 태국에 아내와 아기가 있는대 오늘 귀국했습니다 이노래 너무 많이 불러서 이젠 자연스럽게 노래가 되내여 이채널 덕분입니다 실제로 태국에서 이노래를 많이들 부르고 좋아하더라구여 해석 감사합니다 이노래만 들으면 두고온 아내와 아기가 생각이나 눈물이나내요 ||| 노래 너무 좋아요 ❤ ||| 태국서 30년 살았는데.. 늘 듣던 노래였는데... 우연히 이곳에 와서 한국말 가사로 번역한 걸 들으니 사라졌던 감성이 다시 살아나네요.. 내 청춘 태국에서 다 보냈는데.. 그 시절이 그립군요.,음악
uBl6isk9UW4,"3시간 크리스마스 캐롤 수면음악 + 오르골 🎵 잔잔한음악, 힐링음악, 마음이 편안해지는 음악",힐링트리뮤직 Healing Tree Music & Sounds,"Merry Christmas :)  메리크리스마스 !! 한 해 정말 고생 많았어요. 그리고 여러분들과 함께해서  너무 따듯한 해였습니다. 우리 2021년에 만나요 :) ||| 2023년 추석연휴 앞두고.. 작년22년겨울까진 지금35개월된 딸아이와 듣고잤는데 올해는 4개월된아들래미도 같이듣고자네요..^^ 아 32살된 우리 예쁜 와이프도같이요!  새근새근 잘자는 와이프와 내새끼들 보며 오늘도 살아감에 행복하고 감사합니다. ||| 이음악만 들르면 잠이 잘오 내욯ㅎㅎㅎㅎㅎ ||| 메리크리스마스  해피뉴이어  캐롤송 듣게하심 감사드립니다 하나님 은총이 함께하시기를 ~~~ 👍👍👍👍👍👍👍 ||| 은은한 캐롤오르골 중 최고에요 ! 우리 이쁜 아이들이랑 잠들기 전 매일 틀어놓고 올해도 다가올 크리스마스 기분을 느끼며 잠드네요, 듣기만해도 설레이는 크리스마스 음악들이 선물같아요~힐링트리뮤직님 감사해요 언제나 잘 듣고있어요 ^^ 2022.11.12 비내리는 토요일, 크리스마스를 기다리며🎄🎅",음악
IHsNRzIyzNA,"동양풍수면음악 Sleep Music, Beautiful Relaxing Music, Stress Relief, Meditate, Study Music 중간광고없는 공부할때듣는음악",Flow Music,"♬ 자작곡 '그리운 달' (Self-composed song 'Nostalgic Moon') 10:00 검은 화면 (Black screen) 🎧YouTube Music: https://bit.ly/3hyJAQv 🎧Spotify: https://spoti.fi/3KkqhUr 🎧Melon: https://www.melon.com/artist/timeline.htm?artistId=2964735 🎧Apple Music: https://apple.co/3kaWZzK 🎧Amazon Music: https://amzn.to/3CAphtB 🎧Genie: https://bit.ly/3vRETFB 🎧Apple Music: https://apple.co/3YbThFE 🎧Bugs: https://bit.ly/3M5uoFw 🎧FLO: https://bit.ly/3PyV2YW 🎧Naver VIBE: https://bit.ly/3vQnVYd 🎹 악보 & MP3 파일: https://flowmusic.kr 🎹 Sheet Music & MP3 File: https://flowmusic.kr/english ||| ""나는 여기에 고여있는데 너는 한없이 흘러가는구나""  -웹툰 낮에 뜨는달- ||| 도련님 꽃잎들이 떨어지는것이 너무  아름다워요    그렇구나   도련님 저는요 다음 생에는 저 나무의 꽃잎으로 태어나고 싶어요  왜 그러고 싶으냐?  흠..저같은 것보다야 훨씬 이쁘고 또 자유롭지 않습니까...저 꽃잎에는 신분도 없고 이름도 없으니 아무도 하찮게 여기지 않을것이고 또 양반이건 저 같은 천민이건 모두가 다 이뻐하지 않습니까  그래도 꽃잎은 떨어지지 않느냐?   떨어지더라도 한번쯤 하늘을  날아보지 않습니까  -그때 말하지 못하였다 나에게는 그 꽃잎들이 너로 인해 보이지 않았다는것을... 그렇게 너는 정말 꽃잎이 되기 위해 떠난것이냐.... (그는 꽃잎을 향해 손을 내밀었다 그의 손에 꽃잎하나가 날아왔다)  그래...꽃잎이 되어 자유로우니 좋으냐 이쁨 받으니 좋으냐 넌 참으로 똘똘한 아이라 생각했는데 지금 생각해보니 바보가 아니냐 꽃잎이 되지 않아도 내가 너를 이뻐하는것을 어찌 모르고 내 곁을 이리도 빨리  떠났느냐... 다음엔 제발  한번만더 내게 꽃으로 말고 너로 와다오 그땐 내가 네가  얼마나 곱고 얼마나 귀한지 깨닫게 해줄것이니 넌 나를 잊었어도  난 너를 내 마음속의 꽃잎으로 품고  기다리고 있으마 자유로이 마음껏  오래 하늘을 날다 나라는 사람이 문득 떠오를때면  꼭 나를 찾아와주거라   내 영원히 너를 그리며 서 있으마 (손의 꽃잎을 하늘로 날려 보낸다) ||| 떨어지는 꽃잎 하나에 그대와 나의 추억이 일렁이는 봄 내음에 그대와 나의 사랑이 사라져가는 달빛사이에 그대와 나의 모든것이 그렇게 피고 지는것을  이내 나는 그대와의 모든 봄을 떠나보내고 남은 꽃잎하나 쥐어들어 오늘도 눈물만이 남는 이 밤결에 그대와 함께했던 봄을 손꼽아 기다립니다. ||| 문과생들 어서 일어나시게 이 채팅창을 이쁘게 만들어 주시게.. 난 이과라서 잘못하겠네.. 자네들만 믿겠네...",음악
tLwkmQU0InE,"이승철 - '비처럼 음악처럼' [콘서트7080, 2005] |  Lee Seung-chul -  'Like Rain and Music'",Again 가요톱10 : KBS KPOP Classic,이승철  미친음색 You are the best.❤❤❤❤ ||| 이노래 정말 너무 좋네요 ㄷㄷ 이런 가수가 또 나올수 있을까요? ||| 50년 100년이 지나도 여전히 사랑받고 있을 명곡... ||| 이승철오빠 최고 👍 👍👍 ||| 이 음색은 넘사에요. 노래도 잘하고. 원곡이랑 또다른 색깔 나쁘지않네요. 저는 이분이랑 김현식 두분다 팬입니다.,음악
mu0Rk6R8dMg,[TOP50] Best Summer Songs l 더위를 날려줄 시원한 여름 음악,STOMP MUSIC,0:00 쿨 - 애상 3:29 mr.hong - aug 30 7:24 Bossacucanova - Nos E O Mar 11:29 European Jazz Trio - Tonight 15:27 거북이 - 비행기 19:00 윤한 - Let's Stay Together 23:30 듀스 - 여름 안에서 28:04 룰라 - 3!4! 32:15 mr.hong - sunday 35:54 송영주 - Secret Love 41:26 쿨 - 아로하 45:53 유엔 - 파도 50:06 효기 - Voce e Eu (Instrument.) 52:45 Louis Van Dijk Trio - Un Homme Et Une Femme 56:04 Bossacucanova - Agua De Beber 1:01:17 Llew Matthews Trio - Moonlight Serenade (Glenn Miller) 1:06:00 Pudditorium - Cradle Song 1:07:41 송영주 - At The Airport 1:13:50 윤한 - Cafe De Wilsburg (Lounge) 1:16:22 남경윤 - City Funk 1:21:15 Taku & Goro - The Way You Look Tonight 1:24:24 Jon Mclaughlin - Anybody Else 1:29:59 Mono Trip - Morning Cafe 1:32:29 플라이 투 더 스카이 - Sea Of Love 1:36:52 남경윤 - Flat 6 1:44:12 Ahuso Takako - Mercy Mercy Mercy 1:49:13 Pudding - Smile! 1:53:11 Manhattan Trinity - Shiny Stockings 2:00:40 문차일드 - Summer Couple (태양은 가득히) 2:04:27 인디고 - 여름아! 부탁해 2:08:34 구본암 - Scholarly Mind 2:14:59 Jazz Collective - DNA (Deoxyribonucleic Acid) 2:20:32 Project Bongo - Houses 2:23:35 송영주 - Alone Together 2:29:30 Ella Fitzgerald - Looking for a Boy 2:32:40 Awa Ly - Couleur Cafe 2:35:55 Naomi&Goro - Gente 2:39:01 mr.hong - oasis 2:41:59 Manhattan Trinity - Take The a Train 2:47:38 Project Bongo - Keep A Secret 2:50:29 lofi - TERAROSA 2:52:49 Pudding - Maldive 2:56:51 쿨 - 해변의 여인 3:00:31 Pudding - Thank 3:03:00 mr.hong - hibiki high ball 3:05:24 mr.hong - sleeping in 3:07:10 Awa Ly - Tout Le Monde Veut Devenir Un Cat 3:11:16 Music Shower - Dream 3:14:46 남경윤 - I Should Care 3:20:04 송영주 - In Your Own Sweet Way,음악
nfLLJdMnzQs,"10시간 따듯한 수면음악 + 풀벌레소리 🎵 마음이 편안해지는 음악, 불면증치료음악, 잠잘오는음악, 수면유도음악 (Nostalgia)",힐링트리뮤직 Healing Tree Music & Sounds,"I hope this music makes you comfortable. I hope that all your stress and anxiety will go away. Everything will be fine, don't worry! ||| 굿나잇~~♡♡♡ ||| 조용히 듣고 있음 진짜 마음이 편안해지네요 오늘도 마음을 다스리면 음악과 함께  잠을 청해봅니다♡ ||| 좋은 음악 잘듣고 갑니다. 은은하게 펼쳐지는 음악을 듣고 있으니 기분도 좋아지고 잠도 잘 올거 같습니다. 낮에는 삶과의 전쟁속에 힘든 시간을 보내고 밤에는 나만의 시간과 함께 편안한 시간을 보낼 수 있어서 좋네요 나에게 필요한 힐링은 많은 것 중에 가장 접하기 쉬운 음악인거 같아요! 좋은 음악 들려 주셔셔 감사합니다. ||| 월요일 넘어 가는 새벽에 잠이 안와 들어와봤습니다. 달콤하던 주말은 어김없이 아침이 되면 출근이네요... 사랑하는 아내와 아이를 보면서 힙냅니다. 다들 행복하세요!",음악
QeLGqg3OGdc,추억의 영화음악 - 부베의 연인 (La Ragazza Di Bube) ost,할배의 뮤직 카페,나의 젊음은 어느덧 다 가버렸어도 그옛날 학창시절이 그립게 떠오르네요~~ 음악의 힘!! ||| 세월이 흘러 몸은 늙어도 추억 ㆍ그리움은 늙지를 않고 더욱더 짙어만 가네~~ ||| 이런음악을 만든사람은진정천재다 단순하면서도얼마나아름다운가 인생이힘들때가 많지만이런한곡의 음악은우리에게쉼과추억을주며 치유를준다 ||| 이 영화를 안 본 사람은 있어도  이 음악을 안 들어 본 사람은 없다는… ||| 아름답다를 넘어서 가슴을 녹이는 명곡이죠...휘돌아칠듯 하면서도 간사하게 유유히 흘러가서는 더멀리 빠져 나가는 심장에서 오르는 혈음...,음악
vNfbuH_6V18,Disney 디즈니 오르골 모음 (Music Box Collection) / 수면음악 잠잘때듣기좋은음악 공부할때듣는음악,Flow Music,※ 새로운 오르골 채널(New Music Box Channel): https://youtu.be/ecXUBuAR66A ▶Disney Piano: https://youtu.be/H2BeDsNDwPw 1. 00:01 겨울왕국 2 OST - All Is Found  2. 02:17 라푼젤 OST - I See The Light  3. 06:29 알라딘 OST - A Whole New World   4. 09:07 포카혼타스 OST - Colors of the Wind  5. 12:21 라이온킹 OST - Can You Feel the Love Tonight                6. 15:16 뮬란 OST - Reflection  7. 19:57 토이스토리 2 OST -  When She Loved Me          8. 22:52 모아나 OST - How Far I'll Go    9. 25:51 미녀와 야수 OST - Beauty and the Beast      10. 28:21 인어공주 OST - Under the Sea        11. 30:43 겨울왕국 2 OST - Into the Unknown  12. 33:43 코코 OST - Remember Me 5분 후 영상 밝기 감소 (Decrease in video brightness after 5 minutes) 🎧YouTube Music: https://bit.ly/3hyJAQv 🎧Spotify: https://spoti.fi/3KkqhUr 🎧Melon: https://www.melon.com/artist/timeline.htm?artistId=2964735 🎧Apple Music: https://apple.co/3kaWZzK 🎧Amazon Music: https://amzn.to/3CAphtB 🎧Genie: https://bit.ly/3vRETFB 🎧Apple Music: https://apple.co/3YbThFE 🎧Bugs: https://bit.ly/3M5uoFw 🎧FLO: https://bit.ly/3PyV2YW 🎧Naver VIBE: https://bit.ly/3vQnVYd ♪ MP3 : https://flowmusic.kr ||| 아니 진짜 장난하세요? 이런 오르골따위로 제가 잠을잘수있을것이라고 생각하셨어요? 정말 감사합니다 ||| 중1때 이사오고나서 혼자 가구없는 제 방에서 이불깔고 잘 때 이거 듣고 잤었어요. 수면음악 검색해서 찾아보다  디즈니 수면음악이 있길래 이 영상이 생각나서 찾아왔어요. 그 1학년이었던 제가 이젠 3학년이고 내년엔 고등학교 가요!  2023.12.31. 듣고싶은 수면음악하면 이거... 지금 새벽인데 또 들으러 와써여 ||| 어떡해ㅠㅠ눈물나요 왜이러지 제게 라푼젤 노래 엄청 좋아하는데 그 장면 생각만해도 벅차오르고 근데 인투디언노운도 너무 오르골로 들으니까 영화관 가서 봤을때 생각도 나고 벅차오르고 왠지 슬퍼서 눈물이 줄줄 났어요ㅠㅠㅠㅠㅠㅠ ||| 조리원 퇴소하고부터 들었던 우리아가 자장가입니다. 이제 이 음악만 틀면 자는 줄 알아요 :)😊,음악
o192Wn6AGxU,[광고없는 5분 명상음악] 마음이 편안해지는 5분 명상,BYRACH Studio 바이레이츠 스튜디오,"영상 처음 시작하려고 찾아들어왔습니다. 명상을 하니 5분이 생각보다 짧게 느껴져서 놀랐네요. ||| 😊감사합니다 😊❤사랑합니다 ❤ ||| 학교에서 선생님이 틀어주던노래네요.이 명상이 최고라고생각해요 가끔명상이 짧게느껴졌지만 아침에듣기좋은노래였죠. 이런노래 만들어주셔서감사합니다 (수정:260만 조회수축하드려요) 글읽어주셔서감사합니다 ||| 물소리가 청아하군요, 편안해지네요.❤❤❤❤❤ ||| 너무 뚝 하고 끝나버려서 아쉬워요. 그래도 딱 5분에 명상하기 좋은 음악 감사합니다~",음악
0L3vCeepSAw,"100% 광고 없음,아름다운 클래식기타 연주곡모음,수면음악,힐링음악,잔잔하고 감미로운 피아노 연주음악 모음,클래식 연속듣기 (Violin INSTRUMENTA", Medieval Celtic Music,광고 있네요 ㅠ ||| 새소리 들리는 숲속에 있는것 같이 힐링됩니다~^^ ||| 실력으로 승부하자 ||| 광고잇는데.. ||| 오호 너무 아름다워요♡ 음악에 빠져드네요 스르르~~,음악
sYe-RMXn3KI,"[3시간] 뉴에이지 피아노 힐링 음악 모음│공부, 작업, 휴식, 게임│Duggy Music 모음",DUGGY MUSIC,"▼ Streaming 🎵 멜론(Melon)🎵 : https://url.kr/ich2vo 스포티파이(Spotify)🎵 : https://url.kr/vz6ia3  제 곡들중 엄선하여 3시간짜리 모음집을 만들어 보았습니다. 초중반에는 잔잔하거나 감미로운, 아련한 피아노 위주 음악들로 구성했고 후반에는 신나고 비트있는 곡들로 구성했습니다. 제 음악을 사랑해주시는 모든 분들 정말 감사합니다❤   - Track List - 00:00 Trust yourself 04:21 Far from you 07:55 Goodbye 12:20 In the river 15:59 빗 속의 은하수 20:46 Myself 24:55 Promise in the rain 29:03 Same place, Different time 32:59 Shooting Star 36:21 Sick Love 39:36 Time to leave 43:36 Wish you 47:56 너와 하늘 51:19 동화 세계 55:32 반걸음 1:00:25 밤공기 1:03:54 별빛을 걷다 1:07:35 별처럼 1:10:35 봄 비 1:14:58 비의 선율 1:19:10 새벽 향연 1:22:44 시들지 않는 꽃 1:27:34 우리가 머물렀던 곳 1:31:44 우연히 1:35:03 첫 눈 1:38:19 하루의 끝 1:42:37 혼자 걷기 1:45:31 화월 1:49:42 Endless Love 1:52:50 Memories(Piano Ver) 1:56:10 To You 1:59:22 마지막 편지 2:02:46 망각 2:05:30 밤하늘에 남기다 2:09:15 소나기 속에서 2:13:11 여름 밤의 편지 2:17:09 황혼의 비 2:21:00 회전 목마 2:24:34 Escape Freely 2:28:08 Crystal Sunshine 2:32:08 일상(Daily Life) 2:35:46 Dream in Space 2:39:11 Miss U 2:43:00 Only U 2:46:27 Morning Diary 2:49:04 Cosmos 2:51:55 Memories 2:54:49 하늘 계단 2:57:37 돌고 돌아도 결국엔 ||| 너무 많이 들어서 순서 다 외웠으면 개추... ||| 만들어주신 음악이 작업할 때 큰 도움이 됩니다. 감사합니다. ||| 매번 시험기간마다 듣고있어요 고등학생때도 듣고 이제 대학생이 되어서도 잘 듣고있어요 좋은 음악 만들어주셔서 감사합니다! ||| 전역하고 7개월동안 멍하니 놀고있는 백수입니다. 내일의 예비군 훈련을 앞두고 현타가 온 지금, 첫 세 곡을 듣고 지금 살고있는 삶이 행복하다는 것을 다시금 느꼈습니다. 감사합니다. DEEMO라는 게임을 하고부터 뉴에이지 엄청 좋아했는데, 자주 오겠습니다. 감사합니다.",음악
yMZUyflPUYE,삼국지10 배경음악 모음집,그래,"집 앞 감나무에게 들려주었더니 복숭아나무가 되어버렸습니다... ||| "" 지금은 그럴 시기가 아니오 "" ||| ""좋소 단 74를 목표로 하시오"" ||| 유봉님아 출진하시오! ||| 지금은 그럴 시기가 아니오.",음악
tsP2LBJyExA,시간의 탑 | 웅장한 음악,눈솔의 음악공작소 (Noonsol Music Studio),"애칭은 '솔눈이'가 어떨까요? 눈솔을 반대로 하면 솔눈, 솔눈은 소나무의 싹으로 사계절을 버티는 그 원대한 꿈의 시작이죠.^^ ||| 라디오에서 듣고 3년 찾다가, 지식인에서 누가 알려줌.  이노래 진짜 좋음 ||| 와 한국사 동영상에 깔린 이 곡 찾을려고 유튜브를 한참을 표류했습니다 ㅋㅋㅋㅋ 올려주셔서 정말 감사합니다. 이 곡 너무 좋아요 ||| 예전에 외국인이 올린 한국사 컨트리볼 영상으로 들었다가 원본 찾으려고 그렇게 애썼는데도 결국 못찾았는데, 오늘 다시 찾아보니 이미 '서리꽃'으로 구독한 눈솔님이 작곡한 음악이었군요.. 이런게 인연이 아닐까요? 신비롭습니다 ㅎㅎ ||| 하..엄청 예전에 한 한국 컨트리볼 역사 영상에서 들었던 브금인데 그때 제목이 조선 온 아텔란테 인가 그거 였는데 갑자기 들으려고 하는데 안되니까 찾아보니 이거 였네::",음악
cj9Z9tA5WE4,(k-pop)[한양대학교 실용음악학과 보컬 권승인] 폴 킴 - 너를 만나 COVER,블박 TV,예전에 듣고 최근에 다시와서 들었는데 여전히 좋네요.. 역시 한양대..!👍 ||| 정수리가 섹시하시네요❤️ 귀를 녹이고 갑니다⸝⸝ʚ̴̶̷̆ ̯ʚ̴̶̷̆⸝⸝ ||| 와 한양대가 찐이구나.. 목소리 톤 자체가 다들 현역가수 같네... ||| 고백 자작곡 듣다가 한양대분들보다 이거찾았네요. ㅠㅠㅠ ||| 너무 좋아요ㅜㅠ,음악
0zsN-05Yzxw,한양대학교 실용음악학과 보컬 신입생! [정주협] 멜로망스 - 조심스러운 이유,블박 TV,미쳤어요 음색이... ||| 뭐야 한양대 남자보컬들 박효신이 가르쳤나 다들 톤이랑 발성에서 박효신이 보여... 다들 목소리 완성형이네.. ||| 그대의 맑은 맘 안에 던져진  나의 맘 그대를 더럽힐까 봐  그대에게 보내는 몇 초간의 눈길도  내게는 가장 조심스럽죠    언제쯤 꺼질 지 모르는  촛불 보듯 조마조마한 나  작은 소리에 놀라 날아갈  작은 새가 그대가 될까 봐   아니 어쩌면 나 상처가 두려워  섣불리 움직일 힘조차 없나봐요  그러니 그대가 먼저 내게 한 발 와줄 순 없는 걸까요   내가 너무나 겁이 많아서  이렇게 밖에 다가가질 못해요  그래도 조금씩 이렇게 가다보면  결국은 언젠가 그대도 내 맘 알아 웃어 주겠죠 ||| 와 미친건가 진짜로;;; ||| 발상 탐난다...,음악
OU6eteC9VRI,(k-pop)[한양대학교 실용음악학과 보컬 정예준] 김범수 - 와르르 COVER,블박 TV,항상 진심으로 응원 할게요 ~^^♡ ||| 너무 좋다진심….울컥 ||| 와 목소리 너무좋다 ||| 철구 방송에서 알게된 사람인데 예전부터 노래 부른거 많이 올라와있구나  호소역이 짙어서 잘되길 바래봅니다 ||| 너무 쉽게 불러서 립싱크 보는듯한 착각이 ....,음악
zPGpkGO6frg,"Billie Eilish - Bellyache | vocal cover 보컬 커버 | 퓨즈실용음악학원 - 건대, 대학로, 잠실, 왕십리",퓨즈실용음악학원,,음악
JYL5q-aBC2A,신촌 뉴실용음악학원 18년 정기공연 '보컬 하이라이트 Live 클립' 보컬학원 보컬입시생 콘서트,신촌뉴실용음악학원 ,,음악
CU8AKUBM9BQ,🎤 👼천사의 목소리가 들리는 소향(Sohyang)의 ′Misty′♬ 〈비긴어게인 코리아(beginagainkorea)〉 9회,Beginagain 비긴어게인,"진짜 살면서 이런 섬세한 소리는 처음들음 ;;;;;;;;;;;; ||| 와 진짜 목소리가 서사다,,,, 잔잔한 고전 외국영화 속 한장면 보는느낌.. ||| 아..,소름.20240415 그야말로 미친 퍼포먼스 ||| 와... 미쳤나봐... 비올때 들으면 와인 안마셔도 와인향날듯... ||| 이건 잘부르는 수준이 아님. 이 영상으로 난 죽을때까지 이 세상에서, 이런 가수를 다시 볼 수는 없다는걸 직감함. 어떻게 사람한테서 악기의 소리가 나지....",음악
AWIjSWwlq2I,태연 I 라이브,SM에핀꽃밭,탱구 완벽하다 💜💜💜💜 ||| 내 사랑 태연누나 여신 그 자체 ❤️ ||| 우와!1빠당❤❤❤❤🥳  탱구😻😻 ||| 알고리즘 ㄷㄷ ||| 👸♥️♥️♥️♥️,음악
9D4bFzuviZA,[DJ티비씨] 김필 - 너무 아픈 사랑은 사랑이 아니었음을 ♬ #비긴어게인3 #DJ티비씨,DJ티비씨,김필 목소리는 진짜… 휘날려쓴 편지같어.. 가슴이 애린다 ||| 지금 이거 보고계신분들 다들 행복하세요 ||| 잠이 안와 들어왔습니다 작년에 암투병으로 돌아가신 엄마가 많이 보고싶어  눈물이 나는 밤이네요 ||| 나의소중한 딸을 멀리 하늘로 보내고~슬픔에 빠져 해여나오지  못하고 있는 요즘~너무도 가슴속에 파고드는 노래가 목소리가~ ||| 김필 목소리 딱 옛날 흑백티비에서 지지직 거리는 소리 너무 좋다..,음악
AHwAYhd4dlo,김지혜-Q&A(@OUR SMMA CHANNEL) / 작곡토크콘서트 / 노원 보컬학원 / SMMA아카데미,OUR SMMA CHANNEL,,음악
UWFEN9KOkAY,(k-pop)[한양대학교 실용음악학과 보컬 백준현] 적재 - 사랑의 인사 COVER,블박 TV,"아직도 듣고있어요 🫶🐱 ||| 제가 원래 새벽감성이 넘치는 사람이거든요? 근데 왜 낮에 들었는데 혼자 새벽감성이 넘칠까요? 지금 낮 한시가아닌 거의 새벽한시... 그건 당신의 노래가 지린다는뜻이겠지요? 제 마음을 울렸어요,,, 자꾸 이런식으로하신다면 진짜 곤란해서 죽겠어요^^ 새벽에 들으면 어쩌라는건지;; 누가 적재인지 누가 백준현인지 누가 라영석인지 모르겠네 참,,, 다음엔 누가누군지 구별정돈하게 해주세요;; 부탁입니다.pls ||| 이걸 이제야 듣다니..🥹 ||| 새벽에듣는데 감성 미쳤다진짜 ||| 3:14 진짜 내 팬티",음악
ncNpcX_lKDI,[Cover] Melomance(멜로망스) - Kiss(입맞춤) ㅣLee Jung Seok(이정석) [보컬의 정석],보컬의 정석,감사합니다!! ||| 형님 미쳤어요 진짜ㅠㅠㅠ ||| 와 이노래 좋아해서 바로 들어왔네요,음악
joZ6tiHH9Ms,이수 삑사리 7단고음,국민게이석TV,2018.12.22 서울2차 공연 입니다! ||| 시밬ㅋㅋㅋㅋㅋㅋㅋ이수본인은 얼마나 웃기도 당황했을지 생각하니까 개웃기넼ㅋㅋㅋㅋㅋㅋㅋㅋ ||| 에코삑사리 ㅋㅋㅋㅋㅋㅋ 무슨 신음도 아니도 ㅋㅋㅋㅋ ||| 이영상으로 인해 이수 형님은 진짜 ‘사람’ 인걸 인증 확인 ||| 삑사리가 에코로 울려서 웃기네..ㅋㅋㅋ,음악
srSpBdydRPA,[B tv]  감성 보컬 ‘정동하’ 라이브 콘서트 -’그게 너였어’ (My Heart Is You) 무료 듣기♡,SK브로드밴드_B tv,"정동하가수 달콤 살랑 파이팅~좋아~ ||| 내 통화연결음, 벨소리 정동하님이 부르신 노래 중 가장 살랑살랑한 곡이지요~~ 이쁜 노래입니다. 정동하님 파이팅!! ||| 정동하씨 항상 응원합니다. 달콩한 노래 좋네요. ||| 😀❤👍👏👏👏👏👏 Jung Dong Ha fighting ||| 정동하 ~!괜히 '명품보컬' 이 아니군요ㅎㅎ..감기 중인데도 이런  감동을 줄 수있다니 ! 건강하게 오래 노래해주십쇼 ~!!",음악
QbV50OSBizY,👑[보컬커버] 블루스보컬 아리엘 콘서트 'Georgia on my mind' 연주👑,모두의음악 (Modu Music),"좋은 곡, 잘~들었습니다...🍷🍷 나도 자주 연주하는 곡인데...👍👍 톤 칼라, 다이나믹, Feel이 넘치는군요!!!...⚘⚘⚘ ||| 👏👏👏👏👏👏👏👏👏👏👏👏👏👏👏👏👏👏👏👏👏👏👏👏👏👏👏👏👏👏👏👏 라이브로 봤으면 좋았을 것을...☕ 아쉽네요!!!...⚘⚘",음악
KSgDA7dtCmo,2020 명지전문대 실용음악과 보컬 최종합격 송지현&조윤희 - Sleep Like A Baby (Jax),성운보컬 RHT,찢었다 개멋지다아 죽이네 진짜 ||| 윤희언니다ㅠㅠㅠㅠ ||| 여긴 뭐 학생들이 다 잘해... ||| 남자여자 코러스 바꿔가며 무대한건가요?? ||| 다들 그만 좀 잘해요 ㅠㅠ 드립이 생각 안나..,음악
pSnEVBZGJTI,"[방구석 콘서트] 두꺼비, 사랑에 빠지다(Feat. 이정석) [보컬의 정석]",보컬의 정석,Big Beatles fan lol ||| 잘 듣고 있습니다 좋은 노래 감사합니다.. ||| 목소리 노래 단연 최고입니다 음원 다사서 잘듣고 있습니다 휘성님보다 더 잘부르십니다^^ ||| 오른쪽 아래  형님 너무 웃겨요... ㅋㅋㅋㅋㅋㅋㅋㅋㅋㅋㅋㅋㅋㅋㅋㅋㅋㅋㅋㅋㅋㅋㅋㅋㅋㅋㅋㅋ,음악
2jT6S9KkuK4,Fine/태연| 보컬의탄생 3관왕 고승희| 청춘콘서트편,보컬의탄생,❤아이잘한다,음악
uYHYOPntAtM,서지원 - 내 눈물 모아 Vocal Cover,respecTRUMPET 리스펙트럼펫 (respecTRUMPET),추억 돋는 이 곡을...  감미로운 목소리로 들려주시네요 베리베리굳 짱입니다 🤩👍 -------------------------------------------- 가사) 내 눈물 모아  창밖으로 하나둘씩 불빛이 꺼질 때쯤이면 하늘에 편지를 써 날 떠나 다른 사람에게 갔던 너를 잊을 수 없으니 내 눈물 모아서 하늘에 너의 사랑이 아니라도 네가 나를 찾으면 너의 곁에 키를 낮춰 눕겠다고 잊혀지지 않으므로 널 그저 사랑하겠다고 그대여 난 기다릴 거예요 내 눈물의 편지 하늘에 닿으면 언젠가 그대 돌아오겠죠 내게로 난 믿을 거예요 눈물 모아 너의 사랑이 아니라도 네가 나를 찾으면 너의 곁에 키를 낮춰 눕겠다고 잊혀지지 않으므로 널 그저 사랑하겠다고 그대여 난 기다릴 거예요 내 눈물의 편지 하늘에 닿으면 언젠가 그대 돌아오겠죠 내게로 그대여 난 기다릴 거예요 내 눈물의 편지 하늘에 닿으면 언젠가 그대 돌아오겠죠 내게로 난 믿을 거예요 눈물 모아 ||| 구독자 500명 돌파 축하!!! 천명 고고!! ||| Really talented! ||| 잘듣고 갑니다~ 목소리 조아용 ||| 코찡 갬성~ㅠㅠ 눈물찔끔하고 갑니다~ㅠㅠ,음악
bLf2KI3XVc4,Ej보컬 콘서트) 야생화- 성빈&경현 회원님 (일반인실화?!),ej보컬,,음악
bfDVfuMOTjk,경희대학교 실용음악과 20 보컬전공 오선아 사랑해서 그래 cover. 마스크 라이브😷🍀,서나베이비,너무 좋습니다.. ||| 레전드십니다 발라드퀸.. ||| 이거 음원 내주세요.......... 유튜브 프리미엄 아닌 게 너무 속상하다... ||| 구독할테니 노래많이올려주세요ᆢ 실음과 입시생인데 정말 배울 점이 많은 보컬이신 것 같아요ㅠㅜ 저도 저렇게 깔끔하게 노래하고싶ㅂ숩니당ㅠㅠ 노래감사히 잘듣고가요♡,음악
cyQ2nD_PG44,충주중원문화재단 사랑의 라면한봉지 콘서트 - 재즈보컬리스트 이종주 Did you call her today,용문TV,,음악
8M3Y-xhFjDU,"소리새 - '그대 그리고 나'  [콘서트7080, 2005]  | SoRiSae  - 'You and me'",Again 가요톱10 : KBS KPOP Classic,"불후의명곡에서 임영웅이 잘불러줘서 원곡들으러왔어요 너무좋은노래 감사합니다 역주행할듯해요 , 105 ||| 그대 그리고나 이노래는 만고의 명곡이다 늘 듣고싶은 그대그리고나 ||| 이런 가수가 진짜 가수다! 영원히 가슴 한컨에 자리 잡은 수만은 추억이 그리운 노래! 언제 들어도 그때 그느낌,감정이 변하지 않는 노래! 그립고,보고 싶은 그대^*^ ❤🎉❤🎉❤ ||| 좋은노래 언제들어도ㆍ너무 감동 입니다 항상건강하시고행폭하세요~~^❤❤😂🎉🎉😢😢 ||| 황영익 오빠의 매력 노래들 좋아 해서 자주 듣습니다❤",음악
UDRWog3KsPw,충주중원문화재단 사랑의 라면한봉지 콘서트 - 재즈보컬리스트 이종주  The Return,용문TV,,음악
23dZ5Aazy0Y,"XIA(준수)의 킬링보이스를 라이브로! - 변함 없는 진실, 사랑하고 싶지 않아, 꼭 어제,너를 쓴다, Reach, 꽃, Pit A Pat | 딩고뮤직",딩고 뮤직 / dingo music,"이제 남은 건 이제 남은건 딩고뮤직 회전문 뿐,,, XIA(준수)의 소름 돋는 셋리스트  00:32 사랑은 눈꽃처럼 02:02 사랑하고 싶지 않아 02:44 꼭 어제 04:48 다른 누구도 대신 못할 너 05:32 Reach 07:16 꽃 (Acoustic Ver.) 08:31 너를 쓴다 09:22 Pit A Pat 10:32 얼마나 잔인한 인생인가 11:21 변함없는 진실 12:58 Life After Life ||| 2024년에도 찾아와서 듣고있는 사람 ||| 2025년에 듣고있는 사람🥹 ||| 최고  하나 써놓으면 누군가 좋아요 눌러주면 알람 울리고 그러면 들어야지 계속 ||| 김준수보고 누가 노래에 대해 평하겠나... 특별한 목소리에 가창력까지",음악
3QZ4zBMV-tw,무반주짤막노래 분노의 오후 ㅡ 비정 김경호,ITSOHNY잇소니오순이,ㅋㅋㅋ 분노의 샤우팅! 스트레스 대 방출!! 정신건강에 아주 좋은방법이네욧!!! 그러나 아무나 따라하면 안되는게 저같은 사람은 혈압올라 쓰러질듯요ㅋㅋ 오늘도 영상 잘 보았습니다~♡^^♡ ||| 알고리즘 타기전에 와드 박습니다 ||| 잘하네 진짜 ||| Kim Kyung Hoo idol ||| 김경호 커버영상 진짜 많이 봤는데 애기 그네 밀어주면서 하시는 분은 처음봄ㅋㅋㅋㅋ,음악
nbQSWIiQGSo,[실용음악] cufa 꿀보이스 스튜디오_보컬 김솔림_ 아이유 자장가 cover,추계예술대학교글로벌문화예술교육원,자장가를  부르는 음악적 기술은 너무 좋아요!!!!   근데 아주쪼금...  반주를 쫒아 간다는 느낌이랄까? 중간중간에 호흡도 넣고 릴렉스 하면 더 풍성해 질것 같아요..   응원합니다.,음악
Q4Dr-SlGx7A,볼빨간사춘기 - 썸탈거야 (보컬커버 이아람),SM실용음악학원 SM MUSIC ACADEMY,,음악
64VGXopHRds,[티저] 가창력 폭발🔥 이승기(Lee Seung-gi)의 '여전히 아름다운지'♪ (feat. 유희열(You Hee-yeol)),JTBC Entertainment,"금지된 사랑 부르던 사람 맞냐ㅠㅠㅠ진짜 목소리 자유자제인듯ㅜㅠㅠㅠㅠ ||| 요즘 이승기 갑자기 연속으로 노래로 대박터뜨리는 듯?? 담백해서 질리지 않고 계속 찾게 되는 목소리... ||| 어릴땐 패기있는 목소리였는데 지금은 감정의 깊이?가 더해진것같댜.. ||| 승기의 저목소리에 많은개 들어있네. 띠뜻함 배려 진정성 음악적 내공, 시원한성량에 절제하는 힘까지, 주말내내 우울했는데 아침부터 이승기 노래 3곡 들으니 기분이 좀 플린것같다 ||| 이 형은 노래해야된다고 진심으로 ㅡㅡ",음악
W-t7n7fxY-8,"이안보컬,철의음악,필립의감성채널 합방토크콘서트!",이안tv,세분 교수님  합방 토크 콘서트 너무 좋으네요^^ 고맙습니다 김호중님 아껴주셔서... 세분 방송도 모두 잘 보고 있습니다 ||| ♡♡♡ 이안 교수님 세분교수님 오늘 처음뵙네요   ~^^ 감사합니다 김호중씨  좋은말씀해주셔서  넘 고맙습니다 오늘 너무멋지십니다 ||| 너무너무고맙고감사해요ㅡ마음속에흐르는눈물은무엇을의미하는것인가요 호중님의큰버팀목이되어주시는큰형님들이계시니마으이든든합니다 너무너무아름답읍니다 존경합니다 ||| 안녕하세요 불명에호중님노래들을수있을꺼라기대했는데넘 맘이아프네요 호중님음해하는개쓰레기꼭벌받을겁니다 호중님힘내시구 호사담화있잖아요꼭좋은일있을겁니다부디건강잘챙기시구낙담하지마세요 ||| 말이 안돼 왜그렇게미위 하는돼노래너무잘하고 고생 많이한사람을 못살게해호중군 화이팅,음악
O3YD9EAK4c4,[부천 실용음악학원 EST입니다] 입시보컬레코딩 보컬전공 윤새봄 - 변명(Cover),부천EST실용음악학원,이 분 노래 너무 좋은데 인스타나 다른 노래 들을 수 있는 방법 없을까요 ㅜㅜㅜ 진짜 너무 잘하신다💓💓 ||| 새봄님 넘 감동 응원할께요 ||| 새보미짱짱,음악
kNcGYgXdjl4,2020청춘마이크 부산울산경남권 X 방구석 콘서트_보컬팀씽잉,한국문화예술협동조합,청춘마이크제목이좋아요 청춘좋은단어에요 너무좋은나이2030대들에게붙이는 이름같은거지요 지나가면잡을수도없는멋진날들이죠화면에나오는창원보컬팀씽잉 이라는이름아래모인노래를사랑하는젊은청춘들을보시고 많은응원과격려힘을보태주세요 무조건적인사랑을부탁또부탁 드립니다 창원을누구보다아끼고애정를가지고있는팀입니다 그냥지나치지마세요 한번쯤쳐다봐주세요 재능을기부하는사랑이가득찬팀이에요 잘하면박수많이쳐주세요 잘한다잘한다하면더잘하는팀입니다 창원보컬팀씽잉 가자가자전국을무대로 날아라씽잉화이팅 ||| 수고많아요그어느때보다힘든시기를보내고있을건데이렇게라도간간이공연을볼수있어다행이에요 어서정상적인생활로돌아가야할건데힘내세요코로나끝나면바빠질거예요응원합니다기도합니다 창원보컬팀씽잉 창원보컬팀씽잉 창원보컬팀씽잉 화이팅아자아자가자가자 이제는전국구로향해서 많이사랑해주세요 기부도하는멋진팀입니다 열심히하는모습언제봐도멋집니다 화이팅입니다 ||| 또만났네또만났어안녕하세요연말씽잉기부콘서트를못해서너무너무안타까워요2020년도얼마안남았어요다들힘든한해맞이하고있는데빨리지나가면좋겠어요모두들건강하세요서로서로조심하고지켜야할것은확실히해야겠네요살아가면서이것보다더한것도올거에요지혜롭게처신해야지요진또배기진또배기얼씨구절씨구좋다모두2021년에는원하는것다이루시고소원성취하시고장가도가고시집도가고아무튼지간에좋은일만가득한씽잉팀이되길기도하겠습니다응원하겠습니다짝짝짝박수덕분에즐거웠어요한분한분화이팅아자아자화이팅,음악
IDW96BMPR6s,[보컬연구소 VLA] 먼데이키즈 - 하기 싫은 말 ( 최락현 ),보컬연구소 VLA,목소리 깊은곳에서부터 감정이 느껴지네요.. 잘듣고갑니다.. ||| 진정성이 느껴지는 목소리네요. 정승환 이후로 이런 감동은 처음 느껴봅니다 ||| 웸블리의 천장도 뚫을 고음이네요 ㅎㅎ ||| 이분 리뷰하는분 아님?,음악
zeNaZVK-KSY,빌리아일리시(Billie Eilish)-Bad 하이업보컬학원 입시반 커버(Cover)영상,highupvocal,nice cover ❤️ ||| 너무 좋아여 진짜ㅜㅜㅜ ||| 팬이에요🥺 ||| 헉너무좋아 ||| 킹갓예지님..,음악
8regde-rxOI,[MX ❘ 기현] 우울할때 난 로인드 고음을 봐,치키초키,🎶 MONSTA X - Lost In The Dream 🎶 ~들어보세요~ ||| 저 끝에 가성처리 하는 게 너무 좋아서 음원보다 라이브를 더 좋아하는데 진짜 이거 들을 때마다 진짜 와 소리밖에 안 나옴... 중독돼서 헤어나오지를 못함 오늘도 유기현 조심 실패 ||| 몬엑은 메보를 혹사시켜야 제맛이라던데 ||| 첫음 잡아주는 거 없이 바로 퐉 나오는 거 봐 그저 신 ||| 음원보다 라이브가 더 좋다ㅜ 케이팝의 신..,음악
kDuP6jTR_uA,김광석평전콘서트 홍보영상1,박창근 노트 [Gnee note],^-^박창근 가수님 ^-^  을 항상 응원합니다 ^-^ ||| 정말 이렇게 노래 잘하기에요? 놀랐잖아용~~ 내맘을 늘 심쿵케 하는 국민가수  화이팅! !!!♡♡♡♡♡ ||| 최고의 우리가수님~~~멋지십니다 언제나 그니님 단콘에 갈수 있을지~~ 기다려 집니다~~🧡🧡🧡🧡🧡 ||| 너무멋진 창근 가수님노래 너무잘부르네요 ||| 저두 꼭 박창근님 뵙고싶어요~~~ 국민가수콘서트에서 뵙겠지만....박창근님 개인콘서트에서 더 뵙고싶어요~^^🧡🧡🧡🧡,음악
VgD9M9n2rHQ,에일리 단독 콘서트 저녁하늘 20.01.11,허리훈,,음악
IAuRoAUV19o,Céline Dion - My Heart Will Go On (Taking Chances World Tour: The Concert),CelineDionVEVO,"She’s really a legend 🥺🥰 2021, anyone? ||| As I get older this song gets sadder and sadder. Life is about loss.  Losing your youth, losing friends, losing family, losing love, and eventually losing life. I miss being young. I hope you all make the best of your time here. ||| Perfect voice in the world 🌎 ||| 1999년도에 처음 들었었지. 2025년인 지금도 소름이 돋을 정도로 감동적이야. 셀린디온 정말 멋있네. ||| This song will never get old.",음악
gFYAXsa7pe8,BTS: Tiny Desk (Home) Concert,NPR Music,"Click ""Donate"" now to support Tiny Desk and NPR and keep the music playing ⭐🎸 Note: All YouTube ad revenue goes directly to the artists to support their work. ||| there is something abt these bois rlly now i kinda understand why there are millions of people go crazy abt them. they are talented i hope ppl will stop qstioning their impact for todays generation. ik they rlly work hard for what they have today. anyways this band very famous in my country i regret not stanning them early  Edit: they are so fcking good looking???!!! HOW ||| you know they’re dancers bc they literally cannot stand still ||| Wow. I am glad my first intorduction to this group was a live performance. So full of energy and personality. ||| I like it when BTS sings casually while sitting like this",음악
2gfMlBCjvNw,"SEVENTEEN(세븐틴) - 우리, 다시(Us, Again)",SEVENTEEN,"THEY POSTED THIS ON 5:26PM KST ㅠㅠㅠㅠㅠ THEIR ANNIVERSARY DATE IM CRYING ||| be honest, even if you're not a carat, this song calms you.. ||| smile flower : ""who are you?"" us, again : ""im you, but stronger"" ||| seventeen released this song during pandemic coz times are hard and we can't see each other...  carats singing this to seventeen during an online concert, since we still can't see each other...  and then them singing this song live in nana bnb after 5 years in their 10th year...  until the day we can sing together again (with complete members)... let's promise to protect seventeen, let's protect this space, let's protect each other. ||| I'm a carat for less than a year and Seventeen is probably the first group I feel such a huge connection. They are my diamonds, my love, my day, my dawn, my one and only seventeen. As Minghao said ""Seventeen is my youth"" and they really are. They've taught me how to grow up, how to be happy and how to never give up of my dreams. I can't put in words how much they mean to me, is literally impossible. Like my life: I can't describe all my life without missing something. Same goes for my love for Seventeen: I can't describe it all without missing something. My path will always be easy and cheerful if I'm with you.  Thank you for everything, i will be always by your side 사랑해 <3",음악
yTvCb_lqbgA,충주중원문화재단 사랑의 라면한봉지 콘서트 - 재즈보컬리스트 이종주  Free,용문TV,,음악
z6TZtT5LnRE,"김종호(도시의 그림자) x 김혜정(바다새) - '이 어둠의 이 슬픔' [콘서트7080, 2005]",Again 가요톱10 : KBS KPOP Classic,"2025년 듣는분 손! ||| 트롯트  시러하는   국민은  음악방송  볼게 없다  7080 다시  햇씀 조켓써요 ||| 바다새의 김혜정님. 귀엽고 풋풋한 대학 신입생의 이미지가 변함없이 그대로 이군요. 보기만해도기분이 좋아지는 인상. ||| 김화란, 김혜정 두 분이 같은 동아리에 계셨었구나. 그냥 같은 대회 입상했던 인연으로 부른건줄 알았네... 한 동아리에서 같은 해에 저런 수준의 보컬이 두 명이나 있었다니, 와... ||| 아... 김화란씨 목소리로도 너무 듣고 싶네요.",음악
jcIvwukzYHo,2021 경희대학교 실용음악과 보컬전공 최종합격 김기연 - Domino(Jessie J),성운보컬 RHT,기연이 사람도 너무 좋고 거기에 알맞게 음악도 너무 좋아🤗🤗🤗 ||| 우리 매력덩어리❤️ ||| 우아아아!-!-!-!—!-!-!- 기연아수고했다아-!-!-!-!- ||| 썸바디s따이 두비디비리sp 빠이야~ 언니 멋져요 화살코에 찔리고 싶네요💘 ||| 이 영상 보다가 고막 녹을까봐 냉동실에서 재생하는 중입니다,음악
gidm42H5RN0,"룡즈 vlog_ 사무직 직장인 브이로그/ 회사생활/ 택배 언박싱/ 오소이 브로트 백 언박싱, osoi/ 이스트인디고/ 딥디크(diptyque)/ 출근룩/ 데일리룩/ 주말 데이트",룡즈ryoungzz,"안녕하세요'- '룡즈입니다 ♥ 구독자 1,300분이 넘었습니다. 정말 감사합니다아 ! 날이 갑자기 많이 더워졌는데 다들 건강 유의하세요!  다음 영상에서 만나요 ~~ !! 🐻🤎 ||| 룡즈님 !! 우연히 보게 됐는데 진짜 분위기 너무 좋으세요..💗 옷스타일이랑 악세사리까지 다 찰떡이셔요:) 열심히 일하시는 모습도 보기 좋아욯ㅎㅎ 키보드 소리도 넘 듣기좋네용 앞으로도 영상 기대할께요🥰 ||| 엉엉 언니 오래보고싶어영...오래걸려도 좋으니..분량 초콤만 더 늘려주시면 감사해요!그리구 왓츠인마이백 영상도 나중에 한번 기회되면 찍어주시면 안될까용><언니 브이로그 너무 재밌어서 여러번 돌려보구있어욧!일하는 모습 계속 보고있으면 무언가 동기부여가 되서 저도 다시 얼른 취업하고싶어요!!! ||| 우연히 룡즈님 브이로그 영상보게 됐는데 정말 행운이네요 저도 모르게 헤어핀 구매해버렸어요,,ㅎㅎ 그동안 흐린눈하다가 갑자기 이건 사야돼 하고 ㅋㅋㅋ 잘 보고가요♥ ||| 일만 하시는 영상인데도 재밌어서 정즈행하고 있어욯ㅎ 앞으로도 영상 많이많이 올려주시면 감사하게쑴니당ㅎㅎ",인물/블로그
udCouPswdTo,[보람로그]직장인 일상 브이로그/태어난김에 회사다니는 직장인 1/택배뜯고/비트즙만들고,보람로그,"택배 뜯을때마다 엄마 찾으시는거 너무 귀엽잖아욬ㅋㅋㅋㅋㅋㅋㅋ그나저나 오늘이 지나면 추석까지 빨간날 없는거 실화랍니까아,,,🥺 ||| 어제부터 오늘까지 정주행 시작했는데 오늘 영상이라니...🥰 역시 내직장보다는 다른사람의 직장 구경하는게 더 재밌는거같아요.. 노비들 힘냅시다...😞 ||| 더보기란 보고 7천명 넘은거 알았어요!! 너무 축하해요💜 이제 곧 8천명도 가까이 됐는데 얼른 1만 10만 쭉쭉 가셨으면 좋겠어요🥰 이 자막 맛집 많은 사람들이 보고 웃었으면 좋겠거든요 ㅋㅋㅋㅋㅋ 1만되면 조심스레 큐앤에이 요청드려도 될까요,,❤️ ||| 직장인브이로그 중 제일 재밌어요.. 꼿꼿한 자세며 열심히 일하는 모습에 동기부여도 되구요^^ 감사합니다. 오늘도 제 퇴사욕구를 막아주셨어요 ||| 보람로그 보고 김노비 주인집 간다는 말이 너무 웃겨서 ㅋㅋㅋ제 성도 김이라 친구들 가족들한테 매일 출근할때마다 김노비 주인집가는중 ...ㅋㅋㅋㅋ하게되네요 넘 재밌어요 브이로그",인물/블로그
fqz0EhVUSTM,"직장인 브이로그 • 헤어 톤다운, 오랜만에 이또곱, 뽐니파데 언박싱, 칭구랑 점심시간 🍛",이니YIINI,"흰옷입고 김치수제비를먹는이니님존경합니다....👍👍 ||| 투머치토크라도 저는 넘 죠아요! 그리고 출근룩 넘 잘어울려용😀 잘 드시는 모습도 너무 대리만족👍🏻 언니가 드시고 싶은거, 맛있는거 다 드세요ㅎㅎ 저도 따라 다 먹을래요😂😂 내일 저도 수제비 먹겠습니당ㅎㅎ ||| 음식 영정사진이라니욬ㅋㅋㅋㅋㅋㅋㅋㅋ가끔 자막 보다가 빵 터져요 ㅋㅋㅋㅋㅋㅋ ||| 10:25 몬일이고,, 우째 퇴근 후 모습도 출근 모습이랑 같이 예쁠수가 있어요ㅠㅠ저는 얼굴이 녹아있는데....😂 ||| 흰블라우스 너무찰떡이에요ㅜ안그래도 뽐니님 마켓 카톡으로알림떴는데 며칠전에 새로산 파데있어서 안삿더만 이니님 언박싱보니까 완전 반햇어요ㅠㅠ 디자인이며 속퀄리티까지 다갖췃다ㅜ 이니님 뾰루지나도 피부가왤케좋아보이남유.. 향수도 저랑 취향이 비슷한것같아서 향수뿌리는부분 넘나좋아요",인물/블로그
SKujGb0k8FA,(eng sub) VLOG | 직장인 브이로그 | 6월 집순이 일상 브이로그 | 쇼핑하울 닐바이피 무드나잇 | 불렛저널 | 홈베이킹 | 홈카페 | 빈티지그릇 | 데일리룩,바이윤byYoon,"Your teacup set is super cute! 🥰🌸 I love vlogging my food and daily clips and watching your vlogs are super inspirational! 💕 so much calm! Thanks for sharing! 💖💖💖 ||| 한번보기시작하니까 계속 보게되는 마성의매력...😮 위안을 얻게돼요. 잘보고갑니다💚 ||| 모든 게 예뻐요 🤩 글구 맛나보여요 오늘은 측히 김치찌개에! 노하우를 배우고 싶어요! 전 잔잔 BGM 혹은 없어서 더 좋아요 ||| Love how simple your vlogs are. I also think you dress smartly. ||| your videos really bring calm to me and i really like the style. Plus coffee!!! I use capsule machine because that was a gift but i would like to buy a french press, o a Moka. Sincerely enjoy the scene of you dripping coffee calmly. Thank you for your videos!",인물/블로그
Fs2udvTEeDA,룡즈 vlog_ 사무직 직장인 브이로그/ 6년차 직장인의 일주일/ 일하다가 리얼 빡침😡 야근이다💧 직장인 아미/ 디스이즈네버댓x뉴발란스2002R👟 데일리룩/ 출근룩,룡즈ryoungzz,"룡즈님 영상 기다렸어요!!!! 근데 이번 영상은 뭔가 표정이 어두우시네요ㅜ 정말 많이 바빠 보이시는듯...😭😭 근데 글루건 장인이신가요..? 만능건이네요ㅋㅋㅋㅋㅋ ||| 룡즈님 맨투맨이랑 셔츠가 진짜 잘어울이시는 것 같아요 진짜...나오는 옷마다 사고싶다능..😅🧡 ||| 같은 직장인으로써 공감하면서 봤어여!! 야근은 죰말.... 세상만사 싫은것.....ㅎ후ㅜㅜㅜㅜㅜ 회사가면 아침부터 얼마나 피곤한지....ㅎㅎ후ㅜㅜㅜ 직장인들 다덜 힘냅시다~!!ㅜㅜㅜ ||| 룡즈님은 볼때마다 업무가 저랑 너무 비슷하셔서 소름돋아요..ㅎㅎ저는 저만 이렇게 사는줄(?)알았는데ㅠㅠ빠른 타자소리와 함께 ‘일분일초가 소중한 제안서 마감 전 작업시간’이 제일 공감가네용ㅠㅠ저도 개발쪽 중소기업이라 완전 멀티만능(?)이어야해서 이제는 시간쪼개쓰기 만랩찍은듯..암튼 이번 영상에서 유난히 바쁨&빡치신 모습에 감정이입하고 갑니당, 영상 늘 잘보고 있어용💓💓 ||| 안녕하세요 룡즈님 ㅎㅎ 기억안나시겠지만 몇달 전 회사가 너무 지루하고 맘 맞는 동료도 없고 재미붙일거 하나 없어서 댓 남긴 적 있는데 그때 많이 공감해주시고 방법도 같이 찾아주리고 했는데 결국 관뒀어요 ㅎㅎ!  일도 내 일은 하나 없고 남 서폿해주는 일 뿐이고 , 고등학생 앉혀놓고 알바하라해도 당장 할 후 있을 심부름 꾼 이었거든요 !  그래서 이젠 진짜 하고싶었던 일 찾아서 계속 지원 중입니다 ㅎㅎ  그때 룡즈님이 친구처럼 같이 맘 써주셔서 위로가 됐는데 오늘 영상은 평고 룡즈님끼 볼 수 없던 빡침이 보이는거 같아 조금이나마 제 댓글 보고 기분이 조오오오금이라도 좋아지셨음 해서요 ^_^! 룡즈님 덕에 마음 든든했었다고 속이 개운했다고 말씀 꼭 드리고 싶어요 ! 항상 아자아자 ~~! 입니다 ~~!!!",인물/블로그
XocscqW5kxE,"vlog 직장인 브이로그 | 22살 3년차 직장인, 회사에서 뭐해요🤔?  | 고졸취업 회사에서 막내로 살아남는 법 | 빠밤",나는성은,최성은 ㅋㅋㅋㅋㅋㅋㅋㅋㅋㅋㅋㅋㅋㅋㅋㅋㅋ 학생때랑 넘나 똑같아서 놀랐다.  멋지게 하루하루 만들어가는 모습이 멋져 성은이!! 건강하쟈! 학교한번 놀러오고!!! (양손은 무겁게 RG)😉 ||| 저는 특성화고가서 대학진학했는데 이런 직장인 브이로그 보니까 너무 직딩하고싶넹요 ||| 퇴근시간에는 ! 미련없이 떠나주기 👍🏻❣️ 영상도 재미있구 잘보고가요 🥰 ||| 최선을다하는모습보기너무좋아요♥ ||| 뽀짝뽀짝 너무 귀여운 브이로그 발견...☆,인물/블로그
nJV6VWsADf4,[VLOG] 직장인 일상 브이로그 | 건강한 식단 | 세포라 하울 | 캐나다 공무원의 재택근무,티아 Tia,"요즘은 코로나바이러스로 인해 우리의 일상들에 조금씩 변화가 생겼는데요, 요즘 여러분의 하루는 어떠신가요? 다들 항상 건강 유의 하시고 즐거운 주말 보내세요! ❤ ||| 티아님은 집에서 재택을 하셔도 어딘지 모르게 멋지세요 😍 아이 육아와 일까지 멋지게 해내시는 모습이 너무 보기 좋아요 ^^ 이런 영상 많이 만들어주세요~~ 보기만 해도 힐링 되는 기분 ^^ ||| 티아님은 사람도 삶도 아름다워서 저는 초창기부터 정주행이에유 영상들 계속틀어둬서 이영상도두세번본듯해요♡ㅎ 여러가지의 좋은 루틴들덕에 제삶도 변화되고있네요 감사댓글남기고싶었어용♡♡애정합니당♡ ||| 티아님 목소리가 참 좋으세요^^ 훈녀의 삶 잘 구경하고 갑니당❤ ||| 티아님 브이로그 너무 좋아요 >< 일상생활에서 쓰이는 단어나 표현들 항상 잘 배우고 있어요 :)",인물/블로그
n7kWdMoivPM,vlog 직장인 브이로그 | 고졸직장인의 회사출근 브이로그 | 화끈한게 필요해🔥 | 고졸취업,나는성은,"저도 내년 2월 졸업을 앞두고 있는 고졸취업 준비생인데, 이 영상이 제 막막한 미래에 대한 고민을 간접적으로 보여주는 것 같아서 너무 재밌게 보고 있어요!! 앞으로도 자주 볼 것 같아요 🤍🤍 ||| 0:43 ㅋㅋㅋㅋ지문빌런 ||| 한개보려다가 결국 싹다보고끝나는 부이로그♥️ ||| 직장인 브이로그 ☺️ 하나하나 소중한 일상이네요 💛  잘 보구 갑니당 ||| 브이로그 너무 재미있어요 편집도 밝고 톡톡 튀는 느낌이라 너무 좋아요❤ 오늘 영상 처음 보는데 바로 구독했어요😆",인물/블로그
BoMED8HG1SU,"🎄연말 출근룩 vlog | 직장인 일상 브이로그, 코스 50% 세일 득템 언박싱, 오호라 젤네일 대충 도전해봄!",우림이씨,"하 넘 재밌어요.. 출근룩 보는 재미낭낭 ,,, 옷 센스 짱이에요 더 더 더 보여주세요! ||| 오늘 비지엠.. 너무 따뜻하고 맴이 녹아버리기🥰 2020년이 어떻게 흘렀는지 정~~~~~말 모르겠는데 벌써 올해의 마지막날 이네요 우림이님을 만나서 그래두 좀 더 나은 한해여써요~~~(진심진심)🤭 마지막인 오늘 마무리 잘하시구 내년에 만나용 😊😊 새해복두 마니 받아요 💃🏻🤍 ||| 우연히 보다 너무 재미있어서 이틀동안 정주행 끝냈는데 보다보니 동네가 저랑 같은동네에사시는거  같아서 더 방갑더라구요 :) 다음 브이로그도 놓치지않을거예요 🙆‍♂️ ||| 정주행 다 따라잡았어요!! 중독적인 우림님 일상ㅋㅋㅋ코디, 식단 마구마구 따라하고 싶네요ㅋㅋㅋㅋㅋ ||| 우연히 영상보다가 너무 재미있고 이쁘셔서 역주행 중이에요 ㅎㅎ 특히 웃을때 완전 상큼하시고 피부도 엄청 좋으시네요 ^^자주영상 보러올세욭!!!",인물/블로그
kGvOF0EeFWo,[VLOG]외국계기업 직장인브이로그 | 애써 평범한 일상들 | 봄날 기초케어 | 1일1택배 언박싱 | 직장인 출근룩 |,All about Allie 앨리밸리,기다렸어요~~❣️이번주도 유용하고 재미있는 영상잘봤어옹~ ||| 13:00 ㅋㅋㅋ1일1택배 오시는것 같음 ㅋㅋㅋ 이쁜건 인정요 오늘도 어김없는 댓글 도배 죄송해요 아니 잼있고 좋은걸 어떡합니까!!!! 히히 ||| 07:55 우와 화이트 여신 !! 브라운? 베이지? 트렌치코트랑 너무 잘어울려요 ||| 오늘도 고생하셨어요 영화같은 일상 너무 감사해요 잘 보고 간답니다~ ||| 언니 피부 너무 좋으세요😍 기초케어 루틴 더 보여주세요!!,인물/블로그
0lzGel5bQ_A,"외국계기업 직장인브이로그 | 마음정리 속 평범한 일상 | 1일1택배언박싱 | 샐러디, 마켓컬리, 자라 |",All about Allie 앨리밸리,"언제부터인가 휴일에는 엘리님 영상언제 올라오나 기다리게 되었는데... 오늘은 ... 약간 애잔합니다... 우리모두 다 어려운시기를 지나고 있는것 같습니다... 어서어서 이시간들이 다지나가고 환하게 웃으며 오늘을 이야기 할수있는 그런날을 기다립니다... ||| Hi Allie,  Oooh, the mouthwatering meals 😍 You're wearing a TINTIN Tshirt!! One of my favourite childhood reads. What a long 22min treat. Thanks Allie for another awesome end to the week. ||| 소식이라해서 좋은 소식인줄 알고 저번에 댓글 남겼는데 괜히 죄송스러워지네요ㅠㅠ!! 당분간 직장인 브이로그는 아닐테지만 항상 일요일마다 기다리고 있겠습니다❤️ ||| 앨리님 왜 제 마음이 뭉클뭉클하죠 ㅜㅜ 그동안 너무 고생하셨고 한문이 닫히면 한문이 열린다는 말처럼 퇴사하시고도 앨리님에게 잘맞는일 찾으실것같아요!! 응원할께요😊 이번영상도 잘봤습니다 ||| 앨리님, 더 좋은 일 생기려고 이런일이 생긴거래요... 조금만 슬퍼하시구 기운 차리셨으면 좋겠어요. 힘든일 뒤엔 반드시 행복한 일이 찾아오더라구요!! 이렇게나마 댓글로 화이팅 하시라구 남겨봅니다😂",인물/블로그
PDsoz0Rkngg,"[VLOG] 직장인브이로그, 화장품회사, 화장품BM, 직장인일상, 3월 마지막 일상, 봄맞이 틴트추천하려다 대실패",SaeBom참새봄,"저 저번주에 언니영상 보고 빠져서 허우덕 대다가 주말 보내고 왔더니 언니 영상 또 올려주고 넘 좋아요 ❤❤❤ 다만, 몸 건강 챙기기!!! 요즘 아프면 정말 손해인것 같아요 ㅠㅠ 언니 몸 건강 챙기고 미모 열일 더 해듀세욤 ❤ ||| 출근데일리룩 보는 재미가있어요~  피부너무이쁘신듯이요. 진실의미간 😍 ||| 헝 진짜 전보다 마니 올려주셔서 너무너무너무너무 좋아요!!!!!!!💜 저 진짜 서브웨이 맛잇게 먹다가 종이까지 먹은적잌ㅋㅋㅋㅋㅋ남친이 종이도 먹었어..?해서 봣는데 물어서 뜯긴 자국이 넘나 웃겻어옄ㅋㅋㅋㅋㅋ ||| 저도 롬앤틴트랑 립커벨 구입하려고했는데 얼른 달려가야겠어요💸💸 새봄님 건강조심하세요🖤 ||| 유튜브에 갑자기 떠서 보게 되었는데 구독하고 자주 챙겨볼게요!",인물/블로그
0cHPQj1DC2E,[세무사 브이로그(Vlog) #5] 근무세무사/직장인/출근/점심/스타벅스/서머레디백/라이언/먹방/유튜버/세무상담/반지/카페,이즈택스IZETAX,"8월 중순인데 7월 부가세라뇻!! 빨리빨리업로드하세여! ||| 셈~ㅋㅋㅋㅋㅋㅋ 구독햇어여>_< ㅋㅋㅋㅋㅋㅋㅋㅋㅋㅋ ||| 식빵라이언 심하게 입양하고 싶게 생겼네요 ㅋㅋㅋㅋㅋ 코로나가 세무사의 업무량이나 매출에도 영향을 많이 미치나요? ||| 저도 세무사고민중인데 여자세무사로써 힘든점은없나요?  영업이라던지.. 외향적인사람만 맞는직업인지 개업과 영업 대한고민은 없으신지궁금해요!!! ||| 세무사님, 학창시절엔 세무사를 위해 뭘 하셨는지 궁금합니다.",인물/블로그
jyRFfqJ1Xk0,[VLOG]외국계기업 직장인브이로그 |재택근무 아무나하나 | 자라 봄옷쇼핑 | 피부과 치료 | 아이허브추천 | 제네시스 전시장 GV80 | 아이패드 |,All about Allie 앨리밸리,영상미 너무좋아요😊 ||| 7:21 무스탕 엘리님 시니컬한 분위기랑 넘 찰떡이예요 ㅎㅅㅎ ||| 안녕하세요 엘리님! 우연히 찾아왔어요 느릿하지만 힐링되는 일상 이네요 :) 빨리감기 안돌리고 그대로 보는데도 너무 재밌어요ㅎㅎ 응봇 웃겨요 ㅎㅎㅎ ||| 카레 너무좋아하는데 위에 파를 올려서 먹는방법은 몰랐어요 ... ㅎㅎ 저도 너무 재택근무를 하고싶은데 대체 전 언제까지 회사에 출근을 해야할지 모르겠네요 ㅠㅠ  8년차 정말 대단하신것 같아요!! 저같은 신입은 더 열심히 해야할것 같아요 ㅎㅎ 영상 잘 봤어요❣️ ||| 데일리메이크업도 궁금해용😊 앨리님 코로나 조심하세요~~!!,인물/블로그
xIvbVQJCWi4,"직장인 브이로그 🌞ㅣ 돌려입기 장인의 일주일 출근룩 ㅣ낫띵리튼, 렉토 언박싱 👕👛 ㅣ따릉이 타고 퇴근하기ㅣ다시 시작된 점심 도시락 만들기ㅣ잘 챙겨먹는 자취생 브이로그,vlog",이햇볕 thissunsshine,"브이로그 정주행했어여!! 이번주도 힘내세요❤️❤️ ||| 맘고생이라니 ,,  ㅠㅠ 이제는 잘 적응하셨죠? 겨울오니까 맛있는거 챙겨드시구 건강해야해여 💙 ||| 햇볕님! 언제나 쇼핑센스 최고세요!! 파란 스트라잎 폴로티셔츠도 항상 예쁘다고 생각했는데 사이즈는 뭘로 입으셨나요!! 잘 어울리세요 🙋‍♀️ ||| Lovely video 🥰everything looks delicious! ||| 햇볕님 !! 어쩐지 살이 빠지셨나 했는데 역시 !! 전에도 현재도 물론 항상 예쁘시지만, 오늘 영상 유독 살이 빠지신 느낌을 받았는데 맞았네요 ☺️ 그래두 전 ,,, 햇볕님이 단 1g도 사라지는 거 싫다구요 ,,,, 건강 챙기면서 3끼 다 챙겨드시면서 건강관리 꼭 해주셔요 ! 항상 좋은 영상 따뜻한 영상 감사합니다 💛",인물/블로그
a8pWWdhHl1M,Vlog | 직장인 브이로그 | 왓츠인마이백(+유노이아 신상 가방하울) | 가을옷쇼핑 | 브라운치즈 크로플 | 집콕 일상 | what's in my bag /simple.B,심플비 simple.B,"넘무 재밌눈 브이로구... 봤던 영상 보고 보고 또 보는데도 안 질려요 정말루 ㅠㅠ !!! 다음엔 ㅁㅏ켓컬리 추천템 ? 이런 소개 영상도 보여쥬세요 재밌을거 같아요 ㅎㅎ 덕분에 잘 보고 갑니당 좋은 주말 되세요 !!💙 ||| 심플비님 스타일 취저,, 챙겨 드시는것또 취저,,♥ ||| 그냥 보고있으면 마음이 편안해지는 영상 항상 잘보고있어요 옷도 정말 예쁘게 입으시고 잘보고있습니다! ||| 최근에 구독하게 됐는데 옷 스타일도, 나긋나긋한 목소리도 너무 좋아요! :)  앞으로도 영상 꾸준히 올려주세요. 편안한 주말 보내세요 🥰 ||| 영상볼때마다 힐링됩니다. 요즘 넘 우울했는데 맛있는 음식 등등 다 좋아요~~ 다음 영상 기다릴께용~~♡♡",인물/블로그
tfUjLreMLfk,[직장인 브이로그] 제일러의 하루_2020 신입사원,Cheil Korea 제일기획 채널일,9시에 건물 지나가는데 모든 층에 불 켜져 있음 ㅋㅋㅋㅋㅋㅋㅋㅋㅋㅋㅋㅋㅋㅋ ||| 가고싶다 제일기획ㅠㅠ 🙏🏻 ||| 바쁘지만 뭔가 다들 표정들이 밝아보이는게 좋네요ㅎㅎ ||| 재밌네 재밌어 ||| 영상 잘 봤습니다😀 제일기획 복지 부럽네요👍 모두 자유로운 분위기 속에서 자기일을 사랑하고 즐가는 모습 너무 좋으네요💖,인물/블로그
zUEFGbS0e9A,"VLOG | 직장인 브이로그 | 겟레디윗미 GRWM | 홈카페 | 아크네 스튜디오 베이커백 언박싱 | 퇴근 후 일상 | 1917 | 데일리룩 | 쇼핑하울 | 닐바이피, Hei",바이윤byYoon,3:27 요 빨간 거 넘나 귀엽네요 취향 저격..  그나저나 오늘도 윤님과 저의 공통점 엄청 찾으며 속으로 내적 친분 이만큼 쌓고 가요 히히 레몬 디저트 좋아하는 것도 그렇고 길쭉이 쌀과자 저도 좋아해서 속으로 반가웠어요. (어째 다 먹는 것의 공통분모... 😅) ||| 레몬디저트 좋아하는 거까지 저랑 똑같아여ㅠㅠㅠㅠ평생 영상 올려주시기로 약속..! ||| 아크네 너무 이뻐여.....!!! 여억시 아크네👍🏻👍🏻 ||| 바이윤님! 혹시 디올 블러셔 몇 호인지 알 수 있을까요??🙇🏻‍♀️ ||| 집김밥 ~ 😍,인물/블로그
n_d4rTbbVRs,"직장인 브이로그 | 아침 잘 챙겨먹는 직장인, 점심은 역시 혼빵..희와제과 맘모스 찐임, 안스 베이커리 추천빵들, 밖은 눈 펑펑, 집에서 주말 찐돼지파티, 브레이브퀸 요거트 언박싱",리미Limmy,"제목이 점점 빵으로 지배당하는 게 킬포,,, ㅋㅋㅋㄱㄹㅋㄹㅋㄱㅋㄱㅋㅋㅋㅋㅋㅋㅋㅋㅋㅋ큐ㅠㅠㅠㅠㅠㅠㅠㅠㅠ 투명한 울희의 유튜버님 ^^❤️ ||| 특히 회사에서 소리 많이 안내시기 위한 리미님표 전매특허 입 꾹 다물구 오물오물 요물오물 함냐함냐 ,, ⛄️❤️❤️ ||| 뭐야뭐야 언니 진짜 이러면 사랑해요🧸❣️ ||| 아니 검은미스김의 알흠다운모습만 기억하다가 요로코롬 먹방유튭..?!!ㅋ 하시는분인줄은 징짜몰랐음..너모 잼있음ㅋ ||| 우왕 리미님! 저 리미님이 예전에 올려주신 영상들중에 라노아 비누 쓰시는거 보고 거기서 어성초 비누3개랑 세안타올 사서 지금까지 쓰구 있거든요! 2개 다쓰구 이제 마지막 비누도 다 써가서 다시 살까말까했었는데 리미님이 광고까지 해주시니 다시 사야겠네용☺😆😆 항상 좋은영상 너무 감사드려요🥰 요즘 날씨가 너무 춥던데 외출하실 때 꼭 목도리하셔서 따뜻하고 건강한 겨울보내세요☺ 리미님 항상 응원해용🙈🧡🙈",인물/블로그
z5GOUkLoR7I,"VLOG 직장인 브이로그 | 사무직 17년차지만 아직도 회사 적응 중 | 출근룩,데일리룩 | 언박싱,아보네 마틴백,메이비베이비 | 노드그린 35% 할인코드 | 중소기업 경리 과장",지애Jiae,상추야 우리집에 가자 ㅋㅋㅋㅋㅋ 출근은 하기싫지만.. 짱구잠옷 입고 삼겹살 구워먹는 이게 바로 우리 삶이고 행복이라는게 느껴져요~ㅠㅠ ||| 착장 소개해주실때마다 정보 주셔서 너무 감사해요 너무 제 취향이에요♡♡♡ ||| 제품들 고르시는 안목이 넘 좋으신거같아요!  튀지 않으면서도  포인트가 되는 ..?  진짜 옷 입으시는 거 넘 취향 저격이에융 😂 ||| 어제 밤에 보다가 스르륵 잠들었어요ㅋㅋㅋ너무 편안한 영상이었나봐요😚 갈수록 영상미도 너무 이뻐지네용🥰😘 ||| 분홍이랑 마이찬님과 함께 일상을 보내는 모습들 너무 좋아요 소소하고 다정하게 지내는 모습에서 마음이 따땃해져요ㅎㅎ 처음엔 직장생활 모습을 흥미롭게 봤는데 갈수록 폴제이님의 주말일상 모습이 더 기다려진답니당 이번 월요일도 화이팅이에요!!,인물/블로그
szS4jsxf6qY,(eng sub) VLOG | 직장인 브이로그 | 집순이 일상 브이로그 | 쇼핑하울 닐바이피 | 홈베이킹 바나나크림파이 | 불렛저널 | 홈카페 | 빈티지그릇 | 데일리룩,바이윤byYoon,음식 하나하나 너무 맛나보여요 게다가 이쁘기까지~~~ 영상 너무 깨끗해서 좋아요~!! 첨와서 보는데 좋은채널 알고가네용 감사합니다! ||| 음식들이 꼭 인스타에 “연남동 맛집” 치면 나올 거 같은 비쥬얼🤭 ||| 아 재밌다 재밌어 ㅠㅠㅠㅠㅠ 회사에서 몰컴하면서 윤님 영상 보는데 너무 재밌어요 ㅋㅋ 저도 요렇게 아기자기하게 살고 싶네요 오늘 영상도 재미나게 잘 봤어요❤️ ||| 바이윤님 영상에 나오는 음식들이.... 집에서 해먹을 수 있다는 게 너무너무 신기해요😅 배달충 또 반성하고 갑니당 잘 봤어요 ❤️ ||| 항상 볼때마다 느끼는건데 바이윤님이 만드시는 음식 한번만 먹어보고싶어요ㅋㅋㅋ💜 바지락 칼국수랑 드라이치즈카레 레시피도 궁금한데 알려주실 수 있을까요?! 진짜 금손이세요🙌,인물/블로그
MLhUkGJZZRg,#재택근무1.나도 드디어 재택근무🐻,34세하리보일상,ㅋㅋㅋㅋㅋㅋ떡볶이 먹는 영상도 꼭 보고싶어요~~ 다음 컨텐츠는 떡볶이 어때요오재택근무 화이팅!!! ||| 하리하리~~~~😝 ||| 저도 산책 하고 싶네용,인물/블로그
gKIUPMKgfzU,"Vlog | 직장인 브이로그 | 데일리룩 | 쇼핑하울(모데스트무드,문달,H&M) |  지중해식 샐러드 만들기 /simple.B",심플비 simple.B,최근에 더더더 옷에 관심이 많아졌는데 유뷰트는 심플비님것만 보네요 넘넘 좋아요 감성적이고 깔끔하면서 조금포인트가 있고 미니멀스럽고 등등등 ㅋㅋㅋㅋ완전 제 스탈이에용!! ㅜ 혹시 6번째날 착장룩에 가방 나띵리튼 껀가용? 넘 예뻐용 ~~🤍 ||| 악세사리 소개 영상도 한번....... 부탁드려요🙏🏻 요 몇일 비가 엄청와서 너무 놀랬어요ㅠㅠ 다음주도 내내 비래요 주말 잘 보내시고 다음주 비오지만 화이팅 해보아요 믿고보는 심플비님 영상🤩 ||| 말투 차분하고 되게 어른스러운느낌이였는데 남편분한테 뭐하냐라고 하는거보니 급친근 귀여워요 ㅋㅋ ||| 심플비님 착용하신 옷들 다 취저에용. .🙊😍 첫번째에서  베이지 색상 바지  입었을 때 뚱뚱해 보이거나 너무 크지는 않나용?! 입으신 거 보고 구매욕구가 솟구치네요.. ||| 이번 영상은 플랙스 특집인가요~~😎 비닐을 거침없이 뜯으시는 심플비님의 손길이 시원시원하니 대리만족 굿이네요😆 저는 마지막 데님슬랙스 핏이 궁금해져요ㅎㅎ다음 영상에서 보여주시겠죵?,인물/블로그
HZ_0zOK3XiY,[VLOG] 노무사 수험생 브이로그🎬 | 공부 브이로그✍🏻 | 오징어덮밥&삼겹살 | 학원 모의고사 준비 | 공부 타입랩스(공부자극)📚,소원sowon,"저는 입으로만 공부하는데, 고민하면서 열심히 공부하시는 모습 멋있어요👍이번주도 힘내세요ㅎㅎ ||| 안녕하세요! 저도 2차준비중입니다! 같이 공부하는 마음으로 보고잇어요 화이팅!!! ||| 글씨 잘 쓰신다 ㅎㅎㅎㅎ ||| 혹시 아이패드 문서작성 어플 뭐쓰시나요?? 화이팅입니다!! 👍👍 ||| 잘보고 있습니담 ㅎㅎ 어떤것은 노트에 어떤것은 패드에 적는 기준이 잇는건가여?!",인물/블로그
ImWflQYibxQ,[VLOG]고딩의 시험기간 공부 브이로그 [브이로그·고양이·공부·고등학생·아이패드·덕질]study vlog👩🏻‍💻,오지Oji,더비로그 보다가 갑자기 떠서 들어왔는데...  스카에서 익숙한 옷을 보고 앟 했어요  대박 대박 너무 좋아요 ㅠㅠ  팬들이 공부하는 브이로그도 보고 싶었는데 므앙 올려 주셔서 감사합니다 ❤️ ||| 시험 파이팅!! 열심히 공부하시니까 잘 할 수 있으실거예요!!!!!! ||| 오지님...저 오지님 정말 사랑합니다...💖 오지님 영상이 삶의 낙이랄까요..?공부 브이로그 보고 바로 구독 했습니다.영상과 편집 너무 제 스타일.죽기 전까지 유튜브 해주세요....💖💖제 최애 유튜버입니다.. ||| 재밌게 보고 가요. 바쁘게 살면서도 즐거워보이네요. 첫 댓글 기분 좋네요~ ||| 헉 더비 발견!! 시험 공부 화이팅💪,인물/블로그
zFsYtJwHxz0,개학연기 된 고2 이과생 공부 브이로그✏️ | 공부 타임랩스 | 공부 자극 | 독서실 브이로그 | STUDY VLOG,젠유 Jenyu,자기야 쉬엄쉬엄해 ㅎ 현타오니까^^ ||| 분위기는 잔잔한데 자막 개웃겨..ㅠㅠㅠㅠ ||| 정말 자극되었어요 ! ||| 서연님 개그가 너무 웃겨요!!🤣🤣 ||| 댓글 대부분이 친구분이 쓰신건가요 ㅋㅋㅋㅋ뭔가 친구끼리 쓰는 말투같은 느낌ㅋㅋㅋ,인물/블로그
U5kYKo5fkIg,[브이로그] 외고생의 귀사날 13시간 공부 브이로그 | 독서실 브이로그 | 공부자극 | 외고 | 고3 | 타임랩스 | 공부하기 싫을 때 | study with me | 충남외고,다니,헐 젤 처음에 너무 익숙해서 어딘지 한참 고민하다가 제 친구네집 근처인것 같아서 놀랐어요!! 맞는지 너무 궁금하고 확인하고 싶지만... 가만히 영상 감상하겠습니다요 ㅋㅋㅋㅋㅋㅋㅋㅋ 영상 잘보고 가요!!!ㅋㅋㅋㅋㅋㅋㅋ ||| 충남외고에 입학하고 싶은 중3입니다!! 학원도 안다녔던 제가 뭔 자신감으로 공부를 안했는지 몰라도.. 2학년 시험을 완전 망쳤어요..ㅠㅠ 그래서 사실 포기 하던중이였는뎅!! 경쟁률도 별로 없다보니.. 한 번 지원해볼까 합니다!! 이제 2달만 있으면 원서 쓰는게 시작될텐뎅..떨리네여!! 다니님 영상을 1년전부터 봐왔는데 댓글을 다는건 첨인것 같아여!! (아닌가?) 암튼 매번 돌려보고 있는뎅 저도 다니님처럼 충외에 합격해서 다니님처럼 열심히 공부 하고 싶습니다!! 😆  제 댓글을 보실 가능성은 없지만 혹시 보실까봐 남겨봅니다! 외고에 선행상 가산점 안들어가나요??? (다른 학교는 들어가던데..) 충남외고 선배님이 안 들어가신다고 하셔서 말씀드려요.. (2학년 3학년 두번 받았는뎅..ㅠㅠ) 그리고 독서 기록 많이 안해도 되나요?? 2학년때 학생증을 잃어버려서 책을 못 빌렸거든요.. 재발급 하려면 사진 또 찍어야해서 걍 재발급 안했는데.. 중3때 외고 지원하려고 급하게 발급 받아서 12권정도 썼어요.. 그리고 학급 임원 경력도 없고 학습 부장 정도만 해본것 같아요.. 동아리도 못했어요..ㅠㅠ 보니깐 신청 기간이 끝났더라고요.. 온라인 접수 였는데 그걸 몰랐어서..ㅠㅠ 그리고 성적도 썩 좋은 편도 아니고요..  베트남어과 지원 하려는데 힘들까요??ㅠㅠ ( 쌤은 경쟁률 낮으니깐 도박걸고 가보라고 하셨거든요..ㅠㅠ ) ( 가서 적응하는거는 제가 남들이 공부 하면 진짜 하는 성격이라  잘 할것 같아서 나쁘진 않을것 같은데..)  ( 아..그리고 영어를 중3때 처음 시작했는데 진짜 어쩌죠..?ㅠ  학원에서 쌤이 말하시길 독해는 대충이라도 하는데 영작이랑 단어를 너무 못한다고 하셔요..ㅠㅠ 문법도 아는게 별로 없고 대충 기본 정도는 알고 있대여..제 수준이면 일반고 중위권 정도 할거라고 하는데 외고에서는 성적을 바닥 칠까요?? ㅠ 중3 성적은 좋아서 고딩때 괜찮겠다 싶었는데 전교 1등도 외고가면 중위권밖에 안된다는거예요..그래서 너무 불안해요..늦게 시작한 만큼 할 공부는 많고 모의고사 문제를 처음 풀어봤는데 50점이 나오질 않나..ㅠ 진짜 너무 걱정 되네여.. ) ||| 오늘 다니님 영상 올라올것 같다고 유튜브 계속 보고 있었던 보람이 있네...!!!!!!!!! 항상 얘기하자나요 사랑해요ㅠㅠㅠㅠ😊❤️ ||| 고생이 많다 ㅜㅜ 힘내! ||| 공부 열심히 하시네요!! 보기 좋아요 ㅎㅎㅎ 꼭 원하는 목표 이루시길 바라요!!,인물/블로그
iCzp_VdQwxk,[공부브이로그]경시생 11시간 10분 타임랩스ㅣ공부자극ㅣ새벽공부ㅣstudy with meㅣ2020.03.25,원쀼 wonppyu,역시 원쀼  최고네요 동기부여 받고가요🤲👏👏👏👏👏 ||| 안녕하세요  저도 공부하고있어요>^< 같이 공부해여🔥🔥 구독하고갑니당!,인물/블로그
e_uODB6ciYs,고2 이과생 공부 브이로그✏️ | 집에서 9시간 공부 타임랩스 | 공부 자극 | Study Vlog,젠유 Jenyu,와..집에서도 철처하게 저런거 지키시는거 보면 진짜 대단하세요.. ||| 공통점 하나 찾았어요!!         슬의 보는 거.... 공부 자극받고 갑니다.. ||| 저도 이과고2인데..ㅠㅠ 정말 하루에 수학만 풀어도 부족하다고 느껴요..  수학 잘 못해서 이과라고 말하기도..ㅠㅡㅠ 좋은 영상 잘봤어요!!☺️ ||| 와 슬의 팬 분이시다!!!! ||| 공부 자극 받으러 왔슴당^^♥️,인물/블로그
fOqP6MAZaP4,Eng)[재수생 브이로그]11시간 공부 vlog / 아이패드 액세서리 / 교재 언박싱 / 공부 브이로그 / study vlog / 스터디카페 / 공부자극 /study with me,HYUN 현,살다살다 재수생 일상까지 영상으로 볼 줄은 꿈에도 몰랐닼ㅋㅋㅋㅋㅋ신박하네 ||| 저도 작년에 재수생이여서 영상 많이 봤습니다 동기부여도 받았구요. 올해 인하대 가는데 만족스럽진 않지만 후회없을 만큼 공부했다 생각해요 현님도 유튜브를 하시니 똑같은 재수생이나 현역분들 영상보면서 동기부여 받으시고 2021 대입 잘되기를 기원합니다 ||| 응원합니다!!!! 같이 꼭 좋은 결과 얻어요!!!  브이로그 정말 재밌게 보고 있어요 파이팅!!👍 ||| 수험생인데 겨울방학동안 맨날 현님 작년 영상 돌려보면서 공부자극 받았어요ㅠㅠㅠ 올해 꼭 좋은 결과 있었으면 좋겠습니다!! 응원할게요~ ||| 헉 오랜만이에요.. ㅠㅠㅠㅠ 항상 댓글은 달지 않았지만 열심히 보고 있었답니다..!  올해도 파이팅하세요 꼭 성공하시길❤️,인물/블로그
5nBBkiXrI2E,예비고1의 내신 올A 받은 중학교 공부 브이로그 | 공부 잘하는 법 | 스터디윗미 | 공부 브이로그 | 중학교 공부 vlog | 중학교 내신관리 | 도전 올백!̊̈  | 김유나,김유나 YuNa,목소리 너무 예뻐요... 정말 제 취향인 목소리에요 너무 힐링되는듯한 느낌?ㅋㅋ ||| 와 진짜 부지런하세요 ㅠㅠ 부럽네여ㅠㅠ  혹시 공부하면서 의지라든지 집중 잘 되는 방법 팁 있을까영 ㅠㅠ ||| 아 근데 진짜 귀여우시네요 ㅠㅠㅠ ||| 글씨가 너무 예뻐요 !!,인물/블로그
y5joXxNvWfs,[브이로그] 외고생의 6시간 공부 브이로그 | 외고 하루 일상 | 충남외고 | 타임랩스 | 공부자극 | 외고 일상 프리뷰 | 공부 브이로그 | KOREAN STUDENT VLOG,다니,헉 오랜만이에요 ㅠㅠ 정말 존경하는 분이라 영상 꼼꼼히 챙겨보고 있답니다 늘 응원할게요💙 ||| 중3인데 충남외고 목표로하고있어서 마냥 부럽습니당ㅠㅠ ||| 미쳣어미쳣어개이뻐개이뻐 ||| 저도 꼭 가서 뵙고 싶지만 제가 가면 못 뵙겠네요!!  오늘도 열심히시네여 .. ㅎㅁㅎ ||| ??: 💕IZIA TOKTOK TIME💕,인물/블로그
9sGtMYCgXNA,개학식이 있었는데요 없었습니다..ㅎㅎ🤭 공부 브이로그 • VLOG [옌지],옌지 YANJI,"* 이 영상은 파이토뉴트리의 협찬을 받아 제작된 영상입니다.  ✏️ 공스타 : sdpswly <- 공슷하 아이디 바꿨어요! ||| 진짜 얼마전까지 엄청 더워서 에어컨없이는 못 살았는데 갑자기 하루 아침에 추운 밤이 되버린 것 같아요 😅 태풍도 그렇고 진짜 올 해는 너무 다사다난해서 나중에 평생 얘기할 것 같은 한 해로 기억 남을 느낌입니다 💦 그리고 저도 메가톤 진짜 좋아하는데 동지를 만나니 반갑네요, 메가톤 잘 안 알려진 꿀맛인디 😊 ||| 하하 제가 바로 그 책상을 바꿨다고 한 당사자입니다🤍🤍 오늘 영상도 너무 예뻐요!! 하루 아침 코로롱이 없어지면 좋겠네요😷 하고 싶은것도 많고 추워지기 전에 꼭 해보고 싶었던 것들도 해보구,, 잘 보구 갑니다 :) ||| ㅎㅎ 영상 너무너무 잘 봤어요! 얼른 코로나가 사라졌음 좋겠네요! 오늘 좋은 하루셨길 바랄께요! ||| 어머 온니 협찬까지 받구 좋겟땅 영상 오늘도 잘 보고 갑니다 😍😘",인물/블로그
J_a2bUlnn8A,공부 VLOG/ 퇴사자의 공부 브이로그/집중력 확인 영상/공부자극/ Study with me,나아가는서영이,우왕 책이다 너덜너덜하네요 화이팅하세요! ||| 화이띵하세용 ||| 엄청난 집중력 있으시네요 ㅎ ||| 무슨공부하세요,인물/블로그
bA_R-W2_xXc,{VLOG} 예비중의 8시간 공부 브이로그 | study 브이로그 | 공부 타임랩스 | 08년생 | 감성 브이로그 | 초6 | 가련,garyeon,"제 영상을 봐주셔서 감사합니다🙇‍♀️화질은 1080 으로 설정하고 시청해주세요🙏🏻타유튜버 언급은 자제 부탁드립니다⚠️ +) 조회수 1k 감사합니다💗 +) 5k...? 너무 감사드려요🥳 ||| 잠만,,,실험관찰을 저렇게 정갈하게 쓰는 사람이 있다고? 나 실험관찰 밀렸는데...실험관찰 안해갔는데 검사한다 해서 옆에 있던 남사친한테 너 했냐고 물어봤더니 안했다고 해서 같이 죽자고 안심했던 내가 너무 한심하네ㅋㅋㅋ큐큐ㅠ큐ㅠㅋ큐ㅠㅋ큨 ||| 저 이거 보고 자극받아서      시리얼 마니 먹었어요😭😂 ||| 같은 나이지만 멋있으니 언니라고 부르도록 하죠. 언니 멋있어요 사랑해요(?)  근데 정말 대단해요..허허 전 제대로 각을 잡고 공부해봤자 3시간이 땡..ㅠ큐ㅠ큐ㅠ 앞으로 구독하고 자주 놀러 올게요! ||| 저도 10시간 간신히 하는 중 인데 8시간 .. 멋져요 🤭",인물/블로그
WPhL2CBpRxY,[공부 브이로그] #1 회시생의 일주일 브이로그/연말 공부/일주일 공부/cpa/공부브이로그/공부타임랩스/study vlog,내가지니,편집이 알차네요!! 잘 보고 갑니다 ㅎㅎ ||| 사람이 공부를 어떻게 저렇게 하죠... 대단하시네용 동생분ㅋㅋㅋ귀여우신듯😂 ||| 독서실 다니실때 렌즈끼시고 다니세요?? 저도 안경안끼면 안보이는데 렌즈끼면 눈이 불편하더라구요ㅠ ||| 재무관리 진짜 진입장벽이 높나요..? ||| 몇살이세요?,인물/블로그
EtDDHL0pLbQ,예비고3의 금요일 공부 브이로그ㅣstudy V-logㅣstudy with meㅣ타임랩스ㅣ6시간ㅣ필기구ㅣ치과ㅣ교정ㅣ겨울방학ㅣ개학연기ㅣ집공부ㅣ공부자극ㅣ수시ㅣ수능ㅣ,냐쟈,고3언니들 진짜 코로나 때문에  공부힘들어지구😭해서 넘진짜 힘들것같아요 그래도이번에 공부 열심히 하셰서 수능 잘치시구꼭 가고 싶은 대학같세용♥언제나 화이팅! 아프지마세욤😊 ||| 4:06 노랭이 귀엽다 .. ||| 고3이라니 ㅠㅠ 코로나때문에 학교도 못가시구 ㅠㅠ 항상 화이팅하세요 ㅠㅜ 올해 수능 보실때까지 늘 조용히 영상 챙겨보면서 댓글달게요 !!❤❤ ||| 헐 ㅠㅠ 코로나로 연기해서 지금 고3분들 엄청 힘드실텐데 ㅠㅠ 꼭 힘내셔서 좋은결과있었으면 좋겠어요😭😍 ||| 와 열공하신당! 영상보고 구독하고 갑니당구라당당,인물/블로그
G-jULCsLfDA,자사고 고1의 23시간 공부 브이로그/ 스터디윗미/ 공부자극,퐁퐁먼지,오우 ! 존경합니다 ㅠ 전 중3인데 이영상보고 다시 해야겠네요 ㅠ 공부 열심히 하시네요😊 혹시 고등학교 가기전 예습할것들 좀 알려주세요ㅠ! ||| 잠 보존법칙이 없나봐..,인물/블로그
amrmXAR6YsI,[공부 브이로그]  공부 타임랩스 ㅣ 공부기록 ㅣ 달고나 커피 ㅣ 휴학생의 공시공부 ㅣ 공시생 브이로그 ㅣ 일상 브이로그,작은,하루를 알뜰하게 보내시는 것 같아요 잘 보고 갑니다 〰️ ||| 잘 보고 가요!!! 화이팅하세요!! ||| 필기 너무 깔끔하게 잘하시는 거 같아용!! ||| 열심히 공부하시는 모습 너무 보기 좋습니다😃 ||| 열심히 공부하시는 모습이 멋있어요🙂🙂🙂,인물/블로그
rHXj8GqWMII,VLOG | 📖 토익 시험 일주일 전 공부 브이로그 ( 대학생의 알찬 여름방학 일상 영상 🤍 ),소희소,토익시험 무사히 잘 마치실 수 있어서 다행이에요~! 열심히 노력하셨으니 좋은 결과 있을것 같아요! 이제 당분간은 공부에서 벗어나서 푹~~ 쉬시구 충전? 하는 시간을 갖으시는건 어떨까요?❣️ 9월에도 건강 유의하시구 좋은일만 가득하시길..!👍 ||| 소희소님 유달리 더운 여름이였는데 방학동안 토익공부하시느라 고생많으셧겟네요~ 원래 학원비는 시험 점수보다는 열심히 노력한 그 과정을 삿다고 생각합니다! 멋져요~👏🏻👏🏻 ||| 소희소님 더운데 공부한다고 수고하셨어요 ||| 생일날도 공부하는 모습보고 자극받고 지금 과제하러갑니다... ||| 발음이 구수하고 친숙하네요 부산분임에 제 손모가지를 겁니다 ㅋ,인물/블로그
HfA8rIp-Jfo,Study Vlog/10시간 타임랩스/공부 브이로그/중2의 방콕 생활/공부하고 먹고 공부하고 먹는게 다인 브이로그/엠베스트/옌율,옌율Yenyul,"학원, 과외 없이 독학하고 있는 중2입니다. 시청해주신 모든 분들께 감사드리고 코로나 조심하세요~ 나이:15세 성별:여 편집앱:VLLO, 다빈치 리졸브 인강:Mbest 탭: 엠베스트 탭 샤프:Zebra 제품(친구에게 선물받은 거라 잘 몰라요) 노트: 다이소에서 구매 스톱워치: 다이소에서 구매 영자신문:NE Times (NE Times 홈페이지에서 정기구독중)                  (영자신문은 쓰기연습으로 베껴쓰고 있습니다) *인강이나 문제집 추천은 개인마다 다르기 때문에 제가 추천해드리기 어렵습니다 도움이 안되서 죄송합니다ㅠ* *영어공부법: 초등학생 때는 잠수네 공부법으로 공부하였고,  중학교 들어와서는 문법과 단어공부, 고등모의고사로 독해연습을  하고 있습니다. ||| 하루하루 열심히 사시는것같네요 저도 같은 중2로써 동기부여받고 가네요>< ||| 이렇게 공부하고 나면 진짜 너무 개운해서 잠도 솔솔 오고 마음도 안불안하고 든든 할것같아요 ㅠㅠㅠ 저는 맨날 플레너 쓰고 안지키거든요..  옌율님 영상은 몇번 다시봐도 재밌는것같아요🥺 낮에도 이 영상 보고 댓글 달다 지웠는데 지금 또 달아용 💖 ||| 옌율님은 공부뿐만아니라 먹는것도 잘아시네요 요플레에 딸기잼을 넣어서 먹는 맛을알다니 여윽시 당신은 배운사람..★ ||| 2:54초 방탄 오라버니들이 보입니다!!!!!(공부 열시미 하시는거 진짜 머시써여 저두 중2인데 집에서는 집중 안되구 이시기에 독서실은 못가구....집에서 뻘짓중....",인물/블로그
oP_8kr2KWCE,[공부vlog] 드디어 시작한 영어공부 | 야나두 | 공부브이로그 | 영어회화 | 공부브이로그 | 영어기초 | study vlog,끼루루Kkiruru,"사실 미국생활이란게 영어를 잘 하지 않아도 살 수는 있는 시스템이지요. 그리고 바로 주변에 영어 잘 하는 사람이 있어서 의지해버리면 기회를 자꾸 잃는 것 같습니다. 그래서 우리 가족들이 영어와 담 쌓아버린 이유이기도 합니다. 뭔가 자신만의 동기부여의 모티브가 제대로 차고 들어와야지 뭔가 일이 일어나더라구요. 열심히 하는 모습이 귀감이 됩니다. 건승을 진심으로 기원합니다^^ ||| 끼루루띄~~ 목소리 차분하시네요 ㅎㅎ 센치합니다 ㅋㅋㅋ 듣기 좋아요!! 야 나두 너도 영어 잘할수 있어 아마두~ ||| Your pronunciation is amazing! I wish you the best of lucks! You can do it~~ ||| 저도 영어공부 정말 해야하는데,,, 함께 화이팅해요✊🙆‍♀️ ||| 와 드디어 영어공부다 ! 저 요새 영어 공부 안하고있있는데 야나두로 해야겠어요 !",인물/블로그
_BSTX2tn_-I,📚📌 [ 공부 브이로그 ] 자사고 목표 중2의 8시간 공부 브이로그,시하_Shiha,"📎 화질 최고로 하고 봐주세요 💓  📎 0:11 부터 봐주기 ... ||| 귀여운데 대견하네요... ㅋㅋㅋㅋㅋㅋ 이렇게 이쁜 영상에 댓글이 왜 없을까.. 자사고 꼭가세요오 화이팅!!!!! ||| 와...저도 중2 때로 돌아가고 싶네여..ㅠㅠ 열심히 공부해서 꼭 자사고 붙으세요! ||| 헉 전 중1인데,, 시하님 꼭 본받고 싶네욥 공부 열심히 하시는 것같아서 보기 좋아요 :-D  시하님 꼭 자사고 합격하시길 바래요💖💖 잘보구갑니다!! ||| 글씨체도 너무 이쁘시고 한눈에 알아보기 좋게 필기하시는것닽은데, 보면볼수록 마음이 편해지네요~! 열심히 공부해서 꼭 자사고 붙으시고 영상 너무 잘봤습니다^^",인물/블로그
627FHcAL2zg,나만 뿌듯한 예비고1 공부 브이로그💯_공부 타임랩스_밀당영어_공부 자극_겨울방학 스터디 브이로그✍_STUDY VLOG,김땅땅,"- 밀당영어 등급상승 1:1 집중관리 프로그램 설명회 신청 방법 - 설명회 신청도 하고 베스킨라빈스 기프티콘도 받으세요!!(기프티콘 100% 받는 법)  담당자 카톡아이디 : mildang08 (0은 숫자입니다)  1. 위 카톡 아이디로 담당자 친구등록 2. ""땅땅 구독자입니다"" 라고 톡 보내놓기 3. 카톡으로 진행되는 단톡 설명회 날짜와 시간을 안내해드립니다. 4. 약속된 시간에 단톡방에 초대되어 설명회 내용 듣기 (땅땅 구독자 특별 선물! 설명회 참여만해도 100% 베스킨라빈스 기프티콘 증정)  - 신청 가능 기간 - 상시 신청 가능 *상담 및 설명회 신청은 24시간 가능하니 언제라도 편하게 카톡 남겨 주세요!  *겨울 방학 및 2020 선행 학습 계획이 막막하거나 영어 학습컨설팅을 받고 싶은 분들은 꼭 카톡 설명회를 신청해주세요 :) (영포자, 노베이스 환영) ||| 예비고인데요 맨날 ""내일부터 일찍일어나서 공부해야지..""  이생각하면서 매일 새벽 6시에 잡니다 ㅎㅎ 시벌 ||| 2:42 부터 완젼공감이여... ||| 아니 당신.....나 당신영상 이번이 처음인데 자막 왜케 웃긴거야...혼자 실실대고  있었잖어..그러므로 구독하고 ㅌㅌ 할께요 ;;❤️ ||| 나 대신 대한민국의 미래를 밝혀주라 흐윽흐그극...",인물/블로그
D0eazkyuinQ,"공부 브이로그 : 매일 책읽고 전공공부하는 일상 | '나는 아무개지만 그렇다고 아무나는 아니다', '이기적 유전자'",한빈HANBINI STUDYLOG,"""10년 후에 내가 이걸 보게 될 줄 몰랐겠지?"" 우와... 책 보시다가 더 찾아보기 위해서 전공서적 살펴보신 장면과 이 대사가 인상적이에요. 특히 말씀하신 내용이 오래 기억에 남을 거에요. 지금 제가 하고 있는 일이 10년 뒤에 어떤 영향을 미칠 지,  10년 후 미래의 내가 현재의 나를 바라볼 때 뿌듯한 감정을 느낄  수 있을지.. 오늘 하루를 꽉꽉 알차게 보내는 것부터 해야겠죵? 히힣 오늘도 영상 감사합니다, 한빈님! ||| 한비니님 덕분에 저도 플래너 작성하기 시작했어요! 카테고리 별로 색칠하는건 생각도 못했었는데 확실히 하루를 돌아볼때 정말 효과적이더라고요 정말 감사해요💛 여전히 게으르지만 열심히 해보려고요!! ||| 저도 야나두 저런 이쁜통에 든 다이어리를 받았어요. 추가로 강의 영상 내용별로 책자들이 같이 왔어요. 그리고 영어를 1도 모르는 제가 들어도 예나쌤의 강의가 쉽게 잘 되어 있어서 잘 시작했다는 생각이 들어 열심히 하고 있어요^^ ||| 힐링되고 자극도 되고 하네요 플래너모임을 하고부터 삶의 질이 많이 향상된 것 같아요 항상 좋은 자극을 주시고 잘 이끌어주셔서 감사합니다♥ ||| 한주의 마무리를 한빈님 영상으로하게 돼서 기분이 좋아요ㅎㅎ 힐링 영상 감사합니다:)🙏🏻🙏🏻",인물/블로그
-krmR-ifoqQ,초등학생 자매 공부브이로그! 음이의 공부할때 아이패드 활용방법 공개! 아이패드로 스터디플래너 쓰고 연습장으로도 쓰고~ (가족일상브이로그)│헬로음이유니,헬로음이유니Helloeum2Uni,음이유니와 같이 공부해요!  너무너무 많은 분들께서 이벤트에 신청해주셨어요! 그리고 음이유니에게 남겨주신 메시지 너무 감사합니다! 하나하나 소중하게 읽었습니다! 항상 많은 사랑 주시는 헬로여러분들 너무 감사해요♥  ※	이벤트 당첨자 명단입니다! 콤콤친구들 백치미인 yes!솔 여름 이지후 소영 uulbabo@gmail.com 쇼희 이지후 kimjy6566@icloud.com 잇밍 보경이tv Nunu J 이서현 tbkim2622@gmail.com 유니로그 안녕안녕 손하람 예빈 와이러노  당첨 되신 분들께는 음이유니의 응원 메시지와 사인이 담긴 책을 선물로 드립니다! ^^ 이벤트 선물은 1월 초에 배송 될 예정입니다! 배송 전 개별 연락을 따로 드리니 확인 부탁드려요~ 이번에는 당첨 되지 못했지만 신청해주신 모든 분들 너무 감사합니다! 다음에도 좋은 이벤트 가지고 올게요! ||| 우왕!!>< 공부하는 영상 최고!-다음에 공부 필수템 영상 올려주세요! ||| 음이유니 언니들 예뻐여~ㅠ 저도 2학년 이니까 공부를 열심히 해야 겠어요ㅠㅠㅠㅠ 헬로 음이유니 너무 재미있어여~^^ 다음에도 재미있게 해주세용 ||| 음이 덕분에 스터디 플레너를 어떻게 쓰는지 알았습니다❤ 정말 감사합니다🙇 ||| 다짐:4학년 때 공부가 어려웠는데 5학년때 개념+유형 5학년 문제집을 받으면 매일매일 일정을짜 열심히 공부 할거에요 그리고 성적도 올라가 정말 행복할것 같아요><,인물/블로그
QfYoM978En8,[공부 vlog]  📚 고3 공부 브이로그 | 고등학생 | 독서실 | 스터디카페 | 타임랩스 ⏱,승연하다 YeonHada,열공아자아자화이팅화이팅 화이팅 화이팅 화이팅 화이팅 화이팅하세요 🥰🥰🥰🥰🥰🥰🥰🥰🥰🥰🥰🥰🥰🥰🥰🥰🥰🥰🥰🥰🥰🥰🥰🥰🥰🥰🥰🥰🥰🥰🥰🥰🥰😇😇😊😇😇유투팬입니다 구독할께요 💚 🤗 👍 💜 🙆 💕 💚 🤗 ||| 열공👍 ||| 실례가 안된다면 혹시 독서실 어디인지 알 수 있을까요? ||| 혹시 휴대폰 고정 어떻게 하세요?,인물/블로그
RROwZO5z0jA,"공부 브이로그 : 플래너가 멱살잡고 캐리하는 일상, 집에서 심포지움 듣기 | 직장인 공부 브이로그",한빈HANBINI STUDYLOG,"배워도 배워도 끝이 없다는거 정말 공감해요. 학교에서 배웠다고 생각해서 이건 괜찮겠지 하면서도 막상 질문이 들어오거나 대답하려고 하면 머리가 싸해져서 ""아 이런 멀었다"" 라는 생각이 자주 들죠 ㅎㅎ 콩고기궁금해요! po q24h 수의학에서도 같은 언어? 같은 부호?를 쓰네요 ㅎㅎ 괜히 반갑다는 :) ||| 공부중일때 어쩜 이리 잘 맞춰 업로드 되는지 ㅋㅋㅋㅋ ||| 공부가 안될 때 한빈님 영상 틀어 놓고 책보다 보면 어느새 집중하고 있다 너무나도 소중한 영상:) 더운 날씨에도 힘이 되주셔서 감사합니다🙏🏻 ||| 한빈님 영상 보고 힘 얻어서 공부하러 갈게요! 오늘도 좋은 하루 보내세요🥰🥰🥰 ||| 공부의 자세를 다시한번 가다듬겠습니다. ^^",인물/블로그
vnRmpmmumtk,[공부 vlog] 고삼의 독서실 공부 브이로그 ✏️ | 스터디카페 | 타임랩스 ⏱,승연하다 YeonHada,아자아자😊😊😊😊😊😊화이팅😉열공 ||| 열공하세요!!:-!ㅎㅎ ||| 잘보구가용✌️✌️✌️✌️ ||| 선배님! 화이팅하세요~!!^^ ||| 혹시 생윤필기는 누구꺼듣고 필기하시는건가욭?,인물/블로그
kgtTXWZQtek,공부 브이로그 : 공부하고 일하느라 쌓인 스트레스 풀어주는 강변 러닝 | 직장인 공부 브이로그,한빈HANBINI STUDYLOG,한빈님 영상은 늘 차분하면서도... 나도 내 일상을 바꿔보고싶다는 마음이 들게 하는 놀라운 영상입니다! 오늘도 잘 보고 갑니다^^ ||| 한빈님 시간관리모임에 두달 참여하고는 혼자 힘으로 하다가 친구들 꼬셔서 습관을 계속 유지해가고 있어요🥰 꼭 감사하다고 말하고 싶었는데 영상보고 떠올랐네요ㅎㅎ💕 오늘 영상도 잘 봤어요😊😊 ||| 열심히 사시는 모습이 자극이 아주 잘되요ㅠ 자기가 해야할일을 한다는건 자신이 마음만 먹으면 다 할수있을꺼같아요 요즘 제가 그런생각을 하는데 진짜 제생각대로 움직이니까 마음이 편하더라고요 파이팅!!이에요♥ ||| 항상 좋은 영상 감사합니다~ ||| learning도 열심히 하시고 running도 열심히 하시고 ultra learning도 실천하고 계시고... 정말 열심히 사시네요!!!♥,인물/블로그
2F80l4ea2gU,[공부 브이로그]  집에서도 바이러스 취급받는 5수생 브이로그/ 재수생? 5수생이라고!! / 타임랩스 공부        / 운동,5수생이윤수,쉽지 않은 길일텐데 진짜 끈기가 대단하세요!! 응원할게요!! ||| 화이팅 하세요!아자아자! ||| 여자친구 있어서 부럽네요 ||| 다들 정상모 선생님 추천하시더라고요ㅜㅜ ||| 이분 컨셉이죠?,인물/블로그
yh-S-iaP0Iw,중3 공부 브이로그🥽,츠키,영상 잘 보고 가요! 응원할게요💓,인물/블로그
4BAAKzzmFMI,Eng) [재수생 브이로그 ] 공부 브이로그 / study vlog / 스터디카페 study cafe / 10시간 공부 / 공부자극 / 수험생 브이로그 / study with me,HYUN 현,코로나 바이러스가 기승을 부리고 있는데 모두 조심하시고 건강하게 보내시길 바랍니다🙏🏻 오늘도 좋은 하루 되세요 😊 ||| ㅠㅠ 저도 재수하는데 많이 속상하셨겠어요 그래두 용기내서 재도전하시다니 정말 대단하십니다! 영상보니까 대단함이 더욱 와닿네요 무리하지 않고 조금이라도 좋으니 꾸준히 잘해봐요 화이팅!!😊 ||| 저도 재수해요 우리 열심히 해서 내년에 꼭 원하는 대학교가요 화이팅!! 우리 할 수 있어요^0^ ||| 아이폰 타임랩스로 쭉 한번도 안 끊고 찍으신 거 같은데 타입랩스 영상이 저렇게 긴 건 처음 봤어요! 집중력 부럽습니다 ||| It looks super cold where you are but for me (western India) it's like summer came early and yeeted the winter out… :(,인물/블로그
1-VxW7ULbwg,공부 브이로그 : 12월 말의 공부하는 일상 모음,한빈HANBINI STUDYLOG,"전 작년에 2020 수능을 응시했던 수험생이었습니다☺한 번의 대학 진학 후 다시 수능에 도전한 이유는 나에게 주어진 시간들을 그저 타인의 인생을 사는 듯 흘려보내는 것이 아닌 스스로 주체적이고 건설적으로 살아야한다는 것을 깨달았기 때문입니다. 저에게 귀감이 되는 멘토 카테고리에 한빈님이 계세요💕 호기심에 본 다이어리 추천 영상에서부터 1년이 넘는 시간동안 영상을 봐오면서 참 많은걸 배우고 얻었습니다 제작자에게 구독자의 피드백이 가장 큰 감사의 인사가 아닐까 생각해서 매번 댓글 남기려고 노력하고 있는데 오늘은 더 길게 길게 감사하다는 말씀 전하고 싶었네요💕 오늘도 영상 잘 보았습니다 좋은 영상 감사합니다! ||| 헐 공부 브이로그 너무 좋아요🙊💗 아침에 일어나자마자 보면 절로 침대에서 나오게되네요 감사합니다 한비니님 너무 멋져요! ||| Bgm너무 좋아요!💕 영상 잘 보고 갑니다 ||| 12가지 인생의법칙 읽다가 다른 책이 더 재미있어서 갈아탔는데 얼른 읽구 다시 그 책을 펼쳐봐야겠어요! 주말에도 열심히 하시는 한빈님🙆🏻‍♀️ 멋있어요💜 작심삼일도 안된 저는 내일 또 다시 시작해보려합니당 이번주도 화이팅이에요👍 ||| ""3000시간 정도 영어에 노출되어야 영어를 자유자재로 할 수 있다""는 말 메모장에 적어놨습니다. 이 말 들으니 영어공부가 끝없는 터널처럼 느껴지지 않고 한걸음씩 걷다보면 도달할 수 있는 지점이 있는 거 같아서 더 의욕이 생기네요. 혹시 여유되시면 나중에 ""3000시간 영어에 노출되기"" 관련 영상도 만들어 주세요~ ㅎ",인물/블로그
rWjf7TS-zLw,"초등학생 3학년,1학년 공부 브이로그",hej,"앞으로도 구독과 좋아요 많이 불러주세요!!^^감사합니다!!!!😍 ||| 저희 예지원tv를 봐주시는 구독자 분들!감사합니다!!!!!! ||| 예지,예원 공부 잘 하시나요ㅡ? ||| 우리 예지원tv를 봐주시는 분들 감사합니당 ||| 롬3:23 이는 모든 사람이 죄를 지었으므로 하나님의 영광에 이르지 못하다가.  롬6:23 죄의 삯은 사망이요.  죄사함을 받지 못하면  불타는 지옥으로 떨어집니다.   주 예수 그리스도가 십자가에서 죽고 3일후에 부활하신 하나님 인것을   마음을 다해서  믿으실때 모든 죄가 사라집니다.  딤전3:16 경건의 신비는 논쟁의 여지없이 위대하도다. 하나님께서는 육신으로 나타나셨고   롬10:9-10 네가 네 입으로 주 예수를 시인하고 또 하나님께서 그를 죽은 자들로부터 살리신 것을 네 마음에 믿으면 구원을 받으리라. 이는 사람이 마음으로 믿어 의에 이르고 입으로 고백하여 구원에 이르기 때문이라  엡2:8-9 너희가 믿음으로 말미암아 은혜로 구원을 받았으니 이것은 너희에게서 난 것이 아니요, 하나님의 선물이라. 행위에서 난 것이 아니니 아무도 자랑하지 못하게 하려 하심이라. ''''''''''''''''''",인물/블로그
D4guxduWQVQ,📖 공부 브이로그 | 아직 꿈이없는 중2의 공부이로그 | 새벽공부 Vlog,시하_Shiha,"화질 최고로 하고 봐주세요 !! 💓 1:00 공부시작 ||| 영상 정주행하면서 온클 강의 듣고있는데 영상이 분위기가 잔잔하면서 너무 조아요❤❤😍 Kt에서 고소할지도몰라유 영상이 너무 GIGA 막혀서....🤭 스탑워치 너무 귀엽네욤 💝🥰 ||| 제목에 꿈이 없는거 넘 공감합니다 ㅜㅠ 어렸을땐 의사, 선생님 등등 넘쳐났지만 크면서 점점 사라져 가더라구요 ㅜㅠ, ||| 우오아😊❤️ 화질이 대박이네요 ㅠㅠ 오늘도 힐링하구 가요😍❤️❤️ 꺅 그리구 잠옷너무 기여우세요😊💕💕 목걸이도 이뻐요😻❤️ 히 ||| 오늘도 댓다네여 ㅎㅎㅎ 공부영상이 재밌네여~~공부자극 ㅜ 오늘도 힘내세여~ 존경합니다~~🧡❤️🧡",인물/블로그
UB15VvZRrbM,[Vlog] 스터디 카페 공부 브이로그 l (자취일기 Ep.02 자격증 공부 / HSK 5급 / 벚꽃),소영,자용님 넘 이뻐 ㅋ ||| 잘보고있어요 요새는 시험 때문에 바쁘시나보네요~^^ ||| 비밀 댓글입니다. ||| 자용님.. 브이로그 너무 잘보고 구독 좋아요 누르고 가요 서로 구독 하고 지내용..,인물/블로그
R-HAnd2rSI4,Study vlogㅣ공부 브이로그ㅣ공부자극ㅣ study with meㅣ예비중 3 공부 브이로그,Ahyoung아영,,인물/블로그
RLTHU344t5M,📑 [ 공부 브이로그 ] 중2의 현실적인 일상 브이로그 ( 먹기 반 공부하기 반 ),시하_Shiha,헐ㅜ 예전에 이 영상 진짜 하루에도 몇번씩 돌려보곤 했었는데 이렇게 다시 보니까 진짜 추억ㅠㅠ  여전히 영상 너무 몽글몽글하고 조아요ㅜ🖤 시하님 짱짱걸... ||| 우아❤️❤️ 이때 하늘 짱이네여ㅕ😊😊 글구 너무 이뻐요 😍 ||| 진짜 1영상 봐도 질리지가 않아여ㅠ 진짜 꿀잼 앞으로 잘 보겠습니다~ 이 시국 ㅜㅜ 건강하세여~~~~~~~~~~~~ ||| 저 앞으로 시하님의 최고의 팬이 되기로 결심해써요🤭 영퀄이 장난이 아니더라구요...🥰 제가 최고의 팬이 되고 말겁니다!!!!!!🥰,인물/블로그
LKwB1eAOY9w,아연이의 공부Vlog #공부#브이로그,아연09,오~ 인스타 팔로우 함!,인물/블로그
fcjjFjd5LgA,"[ENG] 🇦🇺호주  간호 유학생 STUDY VLOG ll 개강 공부 브이로그, 파스타 만들기 ll Korean Nursing Student in Sydney, Australia",Claire 숑숑,안녕하세요:) 내년 시드니로 간호2학년 입학예정이에요~  영상 잘 보고있습니다!,인물/블로그
jzOtFOFldCM,Eng) [재수생 브이로그] 스터디카페 / 공부 브이로그 / study vlog / study cafe / study with me / 공부 자극 / 수험생 브이로그 / CSAT,HYUN 현,"저도 작년에 재수했던 사람으로써 공감아 많이 되네요. 정말 죽을만큼 열심히 하시길 바랍니다. 그리고 꼭 일찍 자세요! 수면이 정말 중요하더라구요 내년엔 부디 원하시는 결과 이루셨으면 좋겠습니다. ||| 추천영상으로 우연히 본거지만 작년에 재수한 게 또 생각나서 더 응원하게 되네요!! 내년에 가고싶으신 대학, 학과 꼭 가셔서 재밌게 지내셨으면 좋겠어요! 다른 분들을 부러워하지 않았으면 좋겠어요 sns보면 다른 사람들보다 주변 사람들이 놀러다니는 게 더 잘 보이거든요 (그래서 전 유튜브만 보고 다른 건 다 끊었어요,,,유튜브는 그래도 나도 내년에 여기, 저기 가야지! 하는 생각에 생각보다 힐링이더라고요)내년에는 남들만큼 잘 보낼거고 즐거울 테니 올해만 힘내요!😆 ||| 공부하시는 모습 잘봤습니다. 코로나 때문에 마스크 끼시면서 공부하러 다니시는 모습보니 대단해요. 꼭 몸 조심하고 공부 화이팅 해요. ||| 저도 독재하게되었는데 늦게 시작하는만큼 열심히 해볼려구요!! 우리 같이 성공해요!!!화이팅 ||| Goodluck for your study and take care of your health",인물/블로그
lJMOp6exaXc,영재발굴단 출신의 07년생 평일 공부 브이로그! 산책부터 청소까지?! 공중부양의 스터디윗미,공중부양,너무 재치있으세요~^^혼공의 힘 훌륭하시네요~^^08년딸아이도 님처럼 해주면 참 좋겠네요 홧팅입니다🍀 ||| 하루를 알차게  보내려는 노력이 참 귀합니다♡ 등짝스메싱을 면했군요ㅋㅋ 청소하느라 넘넘 수고했겠어요~ 그래서 더 멋진 공중부양님 화이팅^^ ||| 선댓글 후감상^^ 오늘도 기대됩니다. ||| 잘생겼다!!,인물/블로그
nQGg87GnGvA,연대생 공부vlog#48/D-59/이틀치 브이로그/새해 복 많이 받으세여:)/Study vlog/CPA/회린이/회시생/고시생/연대생/휴학생/공부자극/공부브이로그,스터듀studuu,"선배님 항상 응원해요!! 1차합 글구 동차합까지 좀만 더 힘내세요❤️ ||| 자다깨서,,스터듀영상 정독!!ㅎㅎ 저도 옷이 없어요!! 그냥 후드티,,츄리닝바지,,입는거죠 뭐!!공부할땐 옷 필요없쥬~~ㅎㅎ그래도 집공 좀 하셨군요!!ㅎㅎ스터듀님 새해복 마니 받으시고ㅎㅎ원하시는거 이루시고~행복하세용ㅎㅎㅎ글고 초코는 남자애죠?ㅋㅋ몬가 남자애느낌 ||| 새해복많이받으세요!!꾸준히 매주 올려주셔서 같이 공부한 느낌이네요 마지막까지 화이팅입니다!! ||| 회독수나 공부하시는거 보니 1차 고득점합 하실것 같아요 1차 마무리 잘하세요 ||| 진입하려고 하는 학생입니다! 온라인 강의를 수강하려고 하는데요, 기본 종합반을 보통 많이들 수강하나요..!? 그냥 단과강의들로 자율적으로 선택해서 들어도 큰 차이 없는건가요..? 조언 부탁드려요 ㅠㅠ",인물/블로그
mnIb8hD5Wkg,새벽공부 브이로그 STUDY VLOG / 타임랩스,꿀물,새벽 5시에 기상해서 공부하시다니 너무 멋져요😚 유튜브 하시면서 즐겁게 하시다보면 좋을 결과 있으실 꺼에요 :) 너무 멋진 영상이에요 화이팅!! ||| 역시 언니....대다내...조회수도 대단하구><언니는 진짜 잘 될듯...! ||| 00:01 꿈과 현실을 이어주는 것은 끊임없는 노력이다->꿈과 현실을 이어주는 것은 잠이다. ||| 1:35 자막 20분 입니다~ 참고해주세욥! ||| 55555 ! 나도 거기 하는데 ~ㅎㅎ,인물/블로그
eOvAvDA4lHE,DIET 브이로그👙/유지어터 일상! 호캉스 가기전 짐싸면서 꿀템 대방출🤟,안녕 난 아리Ari,"요즘 너무 더워요ㅜㅜ 잘챙겨 먹고 쉴때 쉬고 운동할때하고...유지 하면서 운동열심히 해요!!저는 담달부터 다시 필라테스 하려구요! 모두 화이팅!!! ||| 이쁜 아리님 영상 잘봤어요오👍🏻혹시 운동할때 나시 어디껀지 알려주실 수 있나요 ? 너무 이뻐용😭❤️ ||| Adoro seus videos!! 😍😍 ||| Hey if u want I can put some french subtitles in u're video , just give the link , I told u that because u're video is great and u can have more french subscribers ❤😂 ||| 아리님 넘 이뽀 ㅎㅎㅎ 보면 기분 좋아져요😌✨ 해외에서 사셨다고 했죠? 어디서 살았어용?",인물/블로그
etfVB7saYQQ,"도쿄 일상 브이로그 #8 | 일본 직장인 일상 (다시 출근, 브런치 만들고 요리하는 주말, 도쿄 카페 Daily Coffee Stand)",키령kiryeong,정주행하는데 자꾸 볼게 하나씩 줄어들 때 마다 짜중나여..ෆ⃛ ෆ⃛ ෆ⃛ 😒😞 ||| 잔잔하면서ㅠ 계속 보게되네... 샌드위치ㅠㅠ진짜 카페에서 파는 것보다 더 이쁜것 같아요... ||| 키령님 이번에는 알람뜨자마자 달려왔어요ㅎ감사해요❤목요일밤 힐링되는 도쿄영상 너무좋아요~도쿄에 너무가고싶지만 그렇지 못한 상황이라 영상으로 달래는데 선물같은 영상들 늘 감사해요~건강조심하시고 15분이나되는 긴영상 너무좋아요!! ||| 어제부터 시간날때마다 영상 하나씩 정주행중인데 저 쇼핑몰!! 저도 애용하는곳이에요💕 키령님 브이로그 넘나 마약같아서 끊을수가 없어요😭 유투브 알고리즘에 감사를...🙏🏻🙏🏻👏🏻 ||| 혼자있을때 보니까 너무 힐링되고 좋아요❤💕💗,인물/블로그
LxK0kM6fksE,홋카이도 한달살기 브이로그 / 홋카이도에서의 조용한 일상 vlog,도하루dohharu,"안녕하세요 여러분 - 잘 지내고 계신지 여쭙기도 조심스러운 요즘입니다. 봄을 기다리며 한껏 들떠있어야 할 시기에 참 속상한 마음이에요😢 그래도 앞으로 남은 2020년 얼마나 좋으려고 이렇게 아플까 - 라고 생각하고 우리 같이 힘내서 다가올 봄을 기다려봐요☺️ 아, 어느새 저의 영상일기를 봐주시는 구독자분들이 5000분을 넘었어요. 부족한 영상 늘 예쁘게 봐주시고 따뜻한 말로 응원해 주시는 많은 분들 정말 감사합니다 - 이 유튜브 채널은 제 유학 생활의 큰 힘이었어요.  이곳에서의 남은 시간도, 귀국 후에도 받은 만큼 그 이상으로 좋은 기운 나눌 수 있는, 그런 사람이 되도록 노력할게요. 감사합니다 진심으로 - 그럼 오늘도 좋은 밤 되시구 행복하세요!💓 ||| 전 매일 떠나고 싶다는 생각을 자주해요. 사실상 외출이나 타인과의 접촉을 두려워하는 편이라 제가 사는 동네 밖으로 나간적이 별로 없지만, 그냥 누구나 마음속에 품어두는 여행지들이 있잖아요:) 전 제 스스로를 두려움에 꽁꽁 묶어뒀다는 그런 .. 스스로가 한심하다는 생각이 자주 드는데요 문득 스치듯 들었던 생각이 도하루님 영상들이 나에게 '떠나서 도착한 여행지'가 아닐까 하는 생각이었어요. 하루님의 시선으로 바라 본 풍경들이 제게도 똑같이 전해져 마음이 뭔가 풍족해지는 걸 느끼다보면, 나도 언젠가 용기를 내서 더 먼 곳으로의 여정을 떠날 수 있지 않을까? 새로운 장소와 새로운 인연들을 더 이상 두려워하지 않아도 되지않을까? 하는 희망과 용기가 생긴답니다. 언제나 방구석 여행자에게 새로운 여행지가 되어주셔서 감사합니다 오늘도 영상 잘 보고가요(۶•̀ᴗ•́)۶ ||| 도하루님 영상은 정말 100번봐도 안질려요 ... ||| 안녕하세요 도하루님!!  인스타를 삭제한 이후로 근황도 소식도 못듣고 도하루님의 영상도 못보고 지내는 날들이 이어졌네요 그래서 그런지 알림이 떴을 때는 정말 놀랐습니다!! 기쁨 나머지 아껴가며 영상을 보다 이제야 글을 드립니다!!🥰🥰 이번 영상은 한평넘짓 되는 독서실에 박혀서 밥도 거르고 날이 지는 지도 모르고 그저 될지도 모를 미래의 저의 직업만을 보고 짧은 나날을 보내고 있는 저를 생각하게 하는 영상 이었어요 뭔가 도하루님의 영상을 보니 잠시 쉬어도 되지 않을까 하는 생각이 드네요  도하루님 처럼 하루가 길다는 것도 느끼고 반복적이 삶이 아닌 날 돌아보고 내일은 달라질 수 있는 날을 보내고 싶네요😆  이렇게 이런 저런 생각을 하니 이상하게 힐링을 받아 가네요🤣🤣 감사합니다 도하루님!!😆😆 ||| 밤에 이렇게 선물처럼 영상이 딱 - 덕분에 자기 전에 힐링하고 가요 🥰 힘내서 이번 봄 모두에게 따뜻하고 기분 좋은 봄으로 남았으면 좋겠네요:) 도하루님 오늘도 너무 예쁜 영상 감사합니다 🧡",인물/블로그
SKujGb0k8FA,(eng sub) VLOG | 직장인 브이로그 | 6월 집순이 일상 브이로그 | 쇼핑하울 닐바이피 무드나잇 | 불렛저널 | 홈베이킹 | 홈카페 | 빈티지그릇 | 데일리룩,바이윤byYoon,"Your teacup set is super cute! 🥰🌸 I love vlogging my food and daily clips and watching your vlogs are super inspirational! 💕 so much calm! Thanks for sharing! 💖💖💖 ||| 한번보기시작하니까 계속 보게되는 마성의매력...😮 위안을 얻게돼요. 잘보고갑니다💚 ||| 모든 게 예뻐요 🤩 글구 맛나보여요 오늘은 측히 김치찌개에! 노하우를 배우고 싶어요! 전 잔잔 BGM 혹은 없어서 더 좋아요 ||| Love how simple your vlogs are. I also think you dress smartly. ||| your videos really bring calm to me and i really like the style. Plus coffee!!! I use capsule machine because that was a gift but i would like to buy a french press, o a Moka. Sincerely enjoy the scene of you dripping coffee calmly. Thank you for your videos!",인물/블로그
UWFtoJjxFlA,"vlogㅣ직장인 브이로그ㅣ쇼핑에 미쳐버린 일상, 자주 잠옷 추천, 케이스티파이 아이폰 케이스, 돈값하는 만두카 요가매트 프로 생일선물 언박싱🎉ㅣ바이솜 By som",bysom바이솜,잠옷 너무 예뻐요.. 자주 잠옷 사이즈와 키 알 수 있을까요!? ||| 앗 잠옷 완전 봄느낌나고 예뻐요! >_< ||| Casetify 케이스 너무 이쁜거!!! 저도 사고 싶었는데 역시 영롱하네요🤭 ||| 범퍼 아주 중요하죠 ㅎ 노랑노랑 잠옷 예뻐요 ㅎㅎ ||| 패션 센스가 모델같아여.. 옷걸이가 좋아서 그런가.. 디자인 보는 눈도 좋으신듯👍🏻,인물/블로그
El_mXnjEP5o,(eng sub) VLOG | 직장인 브이로그 | 5월 집순이 일상 브이로그 | 쇼핑하울 | 던스트 | 홈베이킹 스콘 | 홈카페 | 직장인 아침 | 빈티지그릇 | 직장인 데일리룩,바이윤byYoon,"그릇 정보를 적어두는 것을 깜빡해서 댓글에 적어놓을게요! 혹시 빠뜨린 제품이 있으면 댓글 달아주세요~  1:18 회색 볼 (가온 이유경) 1:30 흰색 접시 (호가나스 빈티지) 2:00 노란색 드립포트 (노다호로 법랑 드립포트) 2:15 하늘색 줄무늬 컵 (아라비아 핀란드 빈티지) 3:23 흰색 접시 (호가나스 빈티지) 4:57 연두색 접시 (아라비아 핀란드 빈티지) 5:20 흰색 접시 (패브릭포터리) 7:19 갈색 컵 (호가나스 빈티지) 8:05 프렌치토스트 접시 (빌레로이 앤 보흐 팔레르모 라인 빈티지) 9:17 돈까스 접시 (아라비아 핀란드) 11:01 흰색 컵 (풀포터리 빈티지) 11:05 양배추롤 접시 (K&A 빈티지) 11:10 스콘 접시 (빙앤그뢴달 룬 빈티지) 12:49 카레 접시 (아라비아 핀란드 빈티지) 13:06 주황색 컵 (호가나스 빈티지) 13:14 노란색 수첩 (라이브워크 아젠다 노트)   *불렛저널 작성할 때는 아래 적힌 색을 제일 자주 사용합니다! - 형광펜 : 모나미 에센티 소프트 (파스텔 올리브) - 볼펜 : 모나미 FX제타 0.5 검정, 빨강  *나무도마 : 자주 티크우드 앤드그레인 도마 (현재 품절) ||| 아닛?!!!! 우연히 들어와서 와 진짜 이쁘게 사신다 하고 있었는데 갑자기 백현이 스티커 뙇! 그 순간 동지애와 이런 분이 엑소엘이라는 사실에 엓뽕올라왔습니다❤️ ||| 영상보면서 항상 힐링하고 있습니다. 아침마다 커피내리고 요리하는 모습에 저도 부지런해지려고 노력 합니다ㅎ 그리고 반가운 delight 스티커에 위아원👍을 외쳐봅니다>.< ||| I loved your recipes your food looks so delicious! 🥰 Also loved the bullet journaling part so much, felt pretty inspired to write my own bullet journal ✨ ||| 악 바이윤님..케이스..🤍 ㅋㅋㅋㅋㅋㅋ 플레이팅 보고 감탄하다 넘 반가워서 댓글 남겨요 호",인물/블로그
WF9fMH6ixaA,"VLOG| 일상 브이로그, 아이폰 12 미니, 배스킨라빈스, 토츠오츠, 방어, 닭발, 메론, 배라, 아이스크림 먹방",밥에 김치Kimchi on the rice,이분도 곧 뜬다 알고리즘 진짜 칭찬해... ||| 배라 진짜 좋아하는데... 살만 안찌면 일주일 3끼다 배라 먹고 싶네요....🥲 배라 먹방 찾아보다가 요즘에 밥에 김치님 영상에 빠졌어요...😍 ||| 100명 때부터 본 나..대단해 아이스크림 영상 찾다가 많이 내린 보람이 있어... ||| 4:55 와.세로담기요!  한 번도 못봤어요... 대박 ||| 정주행해써요!!!!!,인물/블로그
1bLhznamjv8,VLOG#03 DJI 포켓2로 찍은 일상 브이로그 | DJI 포켓2 개봉기 | 혜경궁 베이커리 | 에어팟 프로 리콜 | 대학교 새내기 브이로그,평주쓰TV,1:40 초코초코 발음 왜이렇게 귀엽냐구~ 2:34 쭈뼛쭈뼛 눈치 보는거ㅋㅋㅋㅋ ||| 안녕하세요 혹시 영상 찍으실때 마이크 따로 안달고 오즈모만 들고 다니셨나요? 음질이 안좋을 것 같아서 고민했는데 생각보다 음향이 잘 담ㄱ는 것 같아서요! ||| 포켓2 리뷰 검색하다 왔어요  부러운 영상이에용🥺 ||| 안녕하세요. 3년째 폰으로만 촬영 편집중인 사람입니다🤣 포켓2를 구매 고민중인데 혹시 편집프로그램은 어떻게 사용하세요?? 미모앱 사용하시나요?? 미모앱이 안드로이드에서 작동안한다는 소리도 있던데 어떤가요??? ||| DJI포켓2 좋네요!! ㅋㅋㅋ 아직 구입 결정을 못하고 망설이는중인데 ㅠㅠㅠ 부러워요..,인물/블로그
os1g6v3adNE,"VLOG/일상 브이로그. 택배 언박싱. 드파운드. 에코백. 볼펜, 형광펜하울. 잠옷하울. 다이어리하울. 양림동맛집. 어니스트식스티. South Korea. UNBOXING",아이필로그 Suzylog,드파운드 에코백 너무 예쁘네요ㅠㅠ역시 구매해야겠어요 ||| 스터디 다이어리 구성이 알차네요 공부할일이 생기면 저도 이용해봐야겠어요👍 ||| 점점 편집이 예뻐지네용 🥰 ||| 토마토 안에 감자샐러드 들어있는거 너무 신기해요!ㅎㅎ 저 베이글 과자 저도 먹어봤는데 노맛이었어요.... 나르 너무 귀엽네요 >.< 에코백도 너무 예뻐요ㅎㅎ ||| 제발 영상 찍을때 저 좀 조용히 시켜주세요 .. 말이 참 많네욤 ㅎ 뚜디님 브이로그에 자주 등장해서 뿌듯 v^_^v 다음 영상도 빨리 보여주세용 😘,인물/블로그
6hfzzXU3Ovc,"[VLOG] 일상 브이로그 | 뷰티데이💄| 머리, 네일하는 날 | 화장대 청소 | 남대문 시장 쇼핑 | 자라홈 쇼핑 | 필라테스 |  네일재료 쇼핑",강기린KangGirin,"미용실, 네일 브이로그 영상은 07:47부터 시작됩니다.🥰 ||| 토스트맛있게따용🥰🥰🥰♥️♥️♥️ ||| 화장대 청소 잘보았습니다 😁 ||| 캬 ~ ~ 이뿌십니다 :) 셀프 네일 하셨었군요 ㅎㅎㅎㅎ 운전하시는모습도 이뿌네요 ||| 뭘해도 다예쁨❤❤❤❤❤❤❤",인물/블로그
c5Zpqegonjw,vlog | 일상 브이로그 | 투티에 & 컨버스 뮬 언박싱 | 연남동 카페 추천 | 굿노트 위클리 다꾸 | 진로가 불안해 막막함을 느끼는 청춘들에게,NABA나바라기,적으신 글씨를 보고 정말 힐링였습니당~좋은하루되세요 ^^ ||| 너무 멋집니다.. 항상 꾸준히 이런 나바라기님을 보니 동기부여도 되네요^^ 혹시 궁금한건데..확언은 매번 나바라기님이 생각해서 적으시나요? 아니면 참고를 하시는건가요..? 영상 마다마다 보는 확언들이 와닿고 구절이 너무 좋아서 여쭤봅니다^^ ||| 어머 ㅋㅋ 정말 신랑님?! 손길이 섬세하셔요 ㅋㅋ ||| 편집은 어떤걸로 하시나요? 영상도 편집스타일이 너무 좋아요 :) 그나저나 눈나무집 쵝오! ||| 나바라기님 응원합니다♡,인물/블로그
PxEuyy856qE,일본 도쿄 일상 브이로그 #08 🍃월급탕진 = 1일 1택배 | 닌텐도스위치 | 모여라동물의숲 | 한국으로 택배 | 우버이츠 | 아키하바라 | 무인양품 카레 | vlog,woo.D,안녕하세요. 영상 잘 보고 풀시청 하고 갑니다.  일본 일상 너무 부럽네요 ㅎㅎ  저도 일본에서 1년동안 생활 한 적 있는데 그 때 생각 많이 나네요 ㅎㅎ 자주 놀러오겠습니다. 응원합니다!! ||| 닌텐도 저도.. 사고.. 싶은데.. 노동 하고 싶은데.. 아직 가격이 후덜덜.. 조금만 더.. 늦게 사기로.. 돈은 없는데 사고 싶은게 많은디ㅠㅠ 큰일이에요!! 역시 기분이 안좋을 때 고기를 먹어야 되요~😆 배우신분😉 무더위 조심하시구 항상 건강 챙기세요! 무엇보다 건강이 일순위 랍니다!’ ||| 힐링하라거 하는 동물의숲을  한국인들은 빚갚느냐 열일한다잖아요 ㅋㅋㅋㅋㅋㅋㅋㅋㅋㅋㅋㅋㅋㅋㅋㅋㅋㅋㅋㅋㅋㅋㅋ 빚 못견딤ㅋㅋㅋㅋㅋㅋㅋㅋㅋㅋㅋㅋ,인물/블로그
DqWo6GfNTf4,"ASMR 한 주를 준비하는 하루 [VLOG ASMR]일상 브이로그,소리일기, 꿀꿀선아,suna asmr",ASMR Suna 꿀꿀선아,이벤트는 이제 종료되었어요! 당첨자분들에게 댓글로 남겨드렸으니 확인부탁드려요😃 ||| ソナちゃん美人でオシャレなのにたまに雑なときあるのめっちゃすきwwww ||| そ、ソナちゃんの家はどんな造りになっているのだ…この若さでこんなに大きな家に住んでて…スタッフさんたちが…ええ…(？？) ||| 何もかもがおしゃれ✨ 大人になったらこんな生活したいな‪w ||| 優雅な生活…  特別贅沢してるわけじゃないけど、生活自体の充実感が凄い。 Sunaさんだけ時間がゆっくり進んでるような感じ…✨,인물/블로그
atVDyTXXDys,집에서 고양이들과 보내는 일상 브이로그 | Dope Vlog,돕요가DOPEYOGA,산이 모야 안돼 하니까 애앵하는 거 너무 너무 너 무 귀엽습니다 마무리도 아주 행복하게 만드는 마무리...! 요가를 빨리김기로 보니까 새롭네요 ㅋㅋㅋㅋ 중급 이하의 영상만 봤던 저는 선생님의 멋진 동작에 감탄하고 갑니다! 브이로그 잔잔한데 재밌어요 ㅋㅋㅋㅋ ||| 브이로그 잘봤어요 돕쌤 이제 실내체육시설 운영이 안된다고 하네요. 저도 답답한데 돕쌤은 얼마나 답답하실까요.. 다시 모여서 운동하는 날까지 화이팅이에요:) 퇴근시간마다 올려주시는 영상으로 항상 요가 잘 하고 있어요. 감사합니다 ||| 돕로그 분위기 힐링되네요... 고앵 너무 귀여워요ㅋㅋㅋ 잘 보고 갑니다 ||| 다시 보러 왔어요. 산이가 빵에 관심갖다가 안돼~ 하고 혼나고 비닐봉지 뺏기고 억울해하면서 우니까 저희집 고양이가 눈이 왕방울만해져서 두리번거리네요. 산이 너무 귀여워서 안는 거랑 멀리 있는 고양이 이름 괜히 한번씩 부르는 것도 공감됨. 저희집 고양이도 안는거 싫어해서 딱 3초 참아주고 바닥으로 도망쳐요. 자기 이름 부르는 거 알면서 귀만 쫑긋 꼬리만 팡하고 맘. 고양이들 너무 귀여워요... ||| 산이....구름이....🥰🥰🥰🥰🥰 브이로그 자막마저 너무나 돕님 말투여서 마음이 참말 편안하고 잔잔해졌어요 ㅋㅋㅋㅋㅋ 돕님 이번 겨울 건강하게 보내세요!,인물/블로그
CXmMGT27a74,"독일에서 남편 도시락 싸는 일상 브이로그 - 도시락통 소개,돈까스 도시락 - #도시락 #독일 #일상 #VLOG #도시락통 #무료BGM",Bom&I,알콩이 달콩이가 보입니다  행복한  하루 시작이  막 번져갑니다~ ||| 음악소리가 크니 훨씬 좋아요.군침 두고 갑니다.ㅋ♡♡♡ ||| 도시락을 열어본 남편분의 미소가 상상되는 군요! 달봄미소는 살인미소~ ||| 도시락통이 예쁘네요~ 아침마다 도시락 싸는게 쉬운일은 아닌데 ㅠㅠ 🍃🍃 화이팅 입니다 ㅠㅠ ||| 1등이닷!,인물/블로그
djHABToFz-I,주부일상브이로그.택배언박싱.빈티지그릇.유리용기.소고기덮밥.,제인옷장의 달콤살림,"진짜 달콤...하~~다~~~ ||| All the vintage stuff in your room is beautiful! I love to see your food, it's nice and warm! Thanks for sharing and look forward to more videos! ||| 영상이 잔잔하고 예뻐요~ 음식도 다 맛있어 보여요~^^ 소고기 덮밥 저도 해봐야겠네요! 예쁘고 맛있는 영상 잘보고 응원하고 가요!👍😊 ||| 영상볼때마다 평화롭고 힐링되서 기분이 좋아요 앞으로도 좋은영상 많이 올려주세요🥰 ||| 오늘도 깔끔 쟁이~~~. 한식이면 한식 양식이면 양식 모두 깔끔한 밥상입니다~~~  정성 가득한 소독제 또한 배워야 할듯 합니다.ㅋㅋ",인물/블로그
21ML28sOjFM,"sub) vlog 일상 브이로그 (아스티에 드 빌라트 언박싱💸,코스트코 쇼핑😌,오랜만에 꽃시장 방문🌸)",차차뽀CHACHABBO,최근에 알게 됐는데 너무 재밌어요ㅠㅠ 패션센스도 넘치시고 귀족의 삶 보는 것 같아서 영상들이 인생 이쁘게 우아하게💕 이런 느낌이에요ㅋㅋㅋ 대리만족 감사함당>< ||| 옛날에 업로드 하신 건데 지금 보네요~~ 트윌리 엘메 향수 시향하러 가봐야겠어오❤️ 잘 봤습니당 히히 ||| 챠챠뽀님 영상 너무 좋아용😆😆😆 히히 패션 센스 배우고싶어용 짱짱 쇼핑 언박싱 보는 것도 너무 재밌어요!!! 찐팬입니다 응원합니다 ||| 차차뽀님 채널은 너무 힐링이에요💕 ||| 대리만족~^^* 영상도 재미나고 음악도 뽕~~뽕~~신나요,인물/블로그
zqx3nQGR5PE,"vlogㅣ세무사의 24시간 밀착 일상 브이로그 (브이로그 카메라 추천📷, 펜디 언박싱⌚, 상속세 신고📕, 집들이 선물☕, 메리어트호텔, 포항법원 출장&힐튼부산, 여행케어 소개)",으네하이,으네님 영상 자주자주 올려주세용 팬입니다 !!ㅋㅅㅋ ||| 셈사 공부중인데 맨날 으네언니 보면서 동기부여하고있어용ㅎㅎ!! 감사해용 많이 올려주세요💖 ||| 일하러갈때 날씨가 왜케좋은걸까요 ㅠㅠ 고생하셨습니다:)) ||| 남자친구 부자... ||| 세무사님 너무 이쁘세요 ㅎㅎ영상 많이 올려주세요 !!,인물/블로그
QcNkgg1ZHIw,#도쿄일상브이로그 71화 / 월급 분명히 받았는데요.. 없습니다(?)  / 월급 받고 그동안 벼루고 있던 거 다 조지는 일본직장인브이로그,KIMYANGHOO김양후,"예쁘네 ||| 사는 과정, 제품 다 보여주고 집에 와서 하는 신개념 언박싱ㅎㅎ 예전부터 한국갈꺼니까 다리미따윈사지않아요 그랬던게 기억나는데 어찌해서 다리미 사시는거보니까 이러다 어찌저찌 정착하실까싶기도하고.  내꺼 아니어도 남이 돈쓰는거 보는거 역시 넘 재밌네여. 아버님 너무 멋지심! ||| 04:25 오랜만에 쪼..쫄았다.. 🤣🤣 양후님 득템 축하드려요 오래오래 들고다니세요🙂 ||| 2:50 아 양후님 빡쳐하는거 개웃겨욬ㅋㅋㅋㅋㅋㅋㅋㅋㅋㅋ 웃으면 안되는데 ;; 넘웃겨요 진짜 ㅜ 오늘 양후님이 저 대신 지대로 플렉스해주셔서 대리만족하다갑니다,,, 적게 일하고 많이버세여 러브양후❤️ ||| 영상이 연속으로 올라와서 너무 행복하네요..🥳😎😎 항상 잘 보고있어요 감사합니다 !!",인물/블로그
3WYebRGNVts,[vlog] 카페투어 | 소소한 일상 | 다이소 쇼핑 | 요알못의 간장계란밥 | 운전로그 | 일상브이로그 | 휴무로그 | 혼자놀기,승쨈 seung_jjam,한참만에 영상이 올라오기 시작했네요 구독눌러놓길 잘했다 ㅎ 운전항상 조심하세유 앞으로 기대할게요👍 ||| 영상  잘보고  가요 이젠  운전도  많이  느셨군요    ㅎㅎ 늘 아름다우시네요   갑작스런 더위에  건강  조심하시고  유튭  대박  나시길  바랍니다! ||| 오늘도 영상을 하나 봐버렸다.. 몇개 안남아버렸다..😢 ||| 그 말로만 듣던 간장계란밥이다 ||| 인생 첫차 나오던날 영상 후로 엄청 오랜만에 뵙는것같아요 ㅎㅎ 잘 지내셨나요? 너무 반갑네요 😄,인물/블로그
Igh9MyVmG48,일상 브이로그) 태국 방콕 블루엘리펀트 팟타이 키트. 키트만 있으면 요리사👩‍🍳. 요리는 일상. 브이로그는 처음. 개복치. INFP. 유튜브 도전기,또돗 TV DDodot,,인물/블로그
GS1UTb-Op-U,[Vlog🍁] 가비 일상 브이로그🌿| 네스프레소 버츄오 | 샤넬 19백 | 데일리룩 | a week in my life | vlog,매일사는여자 가비 Everyday Gabby,소중한 생명인데 당연히 유난으로 키워야죠!🐶 저는 강아지 안키우는 사람이지만 강아지 정성스레 키우는 분들 보면 저까지 행복해요 아낌 받는구나 사랑 받는구나 싶고요 보기 좋아요🙆🏻‍♀️💗 ||| ㅎ ㅏ 증맬루 넘나 재밌는 것 브이로그도 마니마니 올려주세요!! >< 근데 ㅋㅋㅋㅋ 왜 동물가족들 성이 다 다른 거에욬ㅋㅋㅋㅋㅋ ||| 역시 가비님 영상 짱잼 ㅠㅠ 시간 가는줄 모르고 봤어요🙈 ||| 넘 잼써요 ㅋㅋㅋ 김용용씨 뱃살 저도한번 부스슥 해보면 안되나옄ㅋㅋㅋㅋ 너무귀여움 ㅎㅎ ||| 스벅커피 좋아하시면 버츄오 보라색 에스프레소 캡슐에 물 150-180ml 정도 타서 드세용! 전 알티시오만 마셔요. 무난한듯 제일 맛있어요,인물/블로그
JLV0r6xax-I,"도쿄 일상 브이로그 | 모든 손님들이 함께 “요이쇼~”를 외치며 말아주는 이쿠라동, 아카사카 이자카야, 야근 후 아키하바라 스테이크 맛집, 오오토야에서 우동 일본직장인먹방vlog",아우밍 Auming,"⬆️1080p60으로 화질 설정 부탁드립니다🙏  안녕하세요. 벌써 네 번째 브이로그입니다.😆 이번 브이로그도 재미있게 봐주시고, 행복한 한 주 되세요❤️ 감사합니다. ||| 요이쇼 ||| 저렇게 양많고 영롱한 연어알을 잔뜩주다니...🤤🤤 ||| 와 이렇게 좋은 영상에 댓글이 없다니 ㅜㅜ 두분 오늘 맛난것만 드셔서 침을 몇번이나 삼켯네요 ㅋ 스테이크도 맛나보이고, 요이쇼~요이쇼 왜치는거 너무 재밌네요. 이쿠라알?? 저거 저도 한번 먹어보고싶습니다 !! 영상 재밌게 잘봤어요 두분 항상 행복하세요^^ㅋ ||| 스테이크 맛있어 보이네요 !",인물/블로그
LT6OZU0F9Nw,(eng sub) VLOG | 직장인 브이로그 | 7월 일상 브이로그 | 비 오는 날의 일상들 |  데일리룩 | 쇼핑하울 | 카페놀이 | 빈티지그릇 | 직장인아침 | 홈카페,바이윤byYoon,"There is always a co-worker that stresses one out.  Stay strong and be yourself. ||| I really like the split screen process when you make your meals! ||| 회식할거면 돈으로 줘라 개공감.....왜 벌써 월요일인가........항상잘보고있어요.......💞 ||| Sometimes, co-workers are more stressful than the work itself 😤😅 ||| Sunday evening just before bed, my favourite vlogger uploaded new video 10 minutes ago. Hooray!",인물/블로그
hHrrm9NaXyY,"#도쿄일상브이로그 77화 / 일본 직장인의 4연휴를 알차게 보내는 방법 (시즈오카 여행, 신오쿠보 맛집, 시부야 맛집, 그리고  집밥 요리)",KIMYANGHOO김양후,"0:08 암막커튼만 있으면 그 무엇도 두렵지 않은게 직장인의 잠자리 아니겠습니까!! 0:42 셔츠 분홍색 너무 이뻐요!!! 1:34 ㅋㅋㅋㅋㅋㅋㅋㅋ 자막 빵터졌어욬ㅋㅋㅋㅋㅋㅋㅋㅋㅋㅋㅋㅋㅋㅋ 저걸로 배가 차겠냐고 이것들아 4:55 앜ㅋㅋㅋㅋ 저 아직 종가집 김치밖에 안먹어보다가 이번에 첨으로 비비고 포기김치 주문해봤어요 기대중이에요 도키도키  지난 4연휴 그래도 외롭지 않게 보내신 것 같아서 다행이에요! 항상 에너지 뿜뿜 얻고 갑니닷!! ||| 양후님 브이로그는 정말 시간순삭이에요!!!!! 너무너무 잘 봤어용!!! 요즘 더 즐겁게 씩씩하게 지내시는 거 같아서 너무 보기 좋아요😍😍 ||| 4일 진짜 알차게 보내셨네요!! 영상 재밋게 봤습니다!! ||| 오늘도 영상 잘 보겠음다,,,기다렸슴다,,,늘 제대로 모셔주셔서 감사함미다,..❤️ ||| 너무 힘든 2주가 지나고 이제 연휴 시작이네요!!! 양후님도 즐거운 휴일 보내셨길 바라며 저도 즐거운 연휴 보낼게요~ 일본에 계시지만 즐거운 추석 보내세요~ 🥰",인물/블로그
hBc9Evs1ifc,"[VLOG] 호화로운 집콕 일상 브이로그🍷 빔프로젝터로 배그, 넷플릭스, 양갈비, 와인, 미니 룸투어",정은경,"은경님 브이로그 너무 뽀쨕뽀쨕해요,, 독서실 알바 때부터 구독해서 처음 댓글 남겨요ㅠㅠ😻 간간히 올라오는 은경님 브이로그 보면서 힐링하구 갑니다 오래오래 브이로그 찍어주세요!!❤️ ||| 요즘 은경님 영상 자주 보다가 목소리랑 배경이 너무 힐링되서 구독하게됐어요!❤️ 분위기가 너무 아늑해서 저녁에 영상 하나 보고나면 뭔가 기분이 좋아지더라구요,,,💜 항상 너무 고마워요❤️ ||| 은경님의 모든 영상을 오늘 전부 다 몰아봤지 뭐예요....!!. 공부도 미뤄두고 점심도 마다하고 시간 가는주 모르고 봤어요 스킵 하는 장면 하나 없이 너무 힐링되는 영상 ✨ 오랜만에 너무 산뜻하고 징말 뭐라 형용할 수 없는 끌림이 가득한 느낌을 받았네요 ❤️ ! 건강 조심하시고 오늘도 행복한 하루되세요 :) ||| 너무 귀여워요..... 쏘 큐트.... ||| 찐 집순이의 면모다!♥♥너무 귀여워요...",인물/블로그
T-c_qCxwFXo,[브이로그_VLOG] 예지 일상 브이로그/ 다이어트 브이로그/ 디올 새들백 언박싱/ 먹고 쇼핑하는 일상,이예지,저도 예지님 팬이에용 ㅠ.ㅠ 옷은 원래 자주 구매했는데 유툽까지 하니 더더 좋아여 ㅋㅋㅋㅋㅋ 인스타에 올려주시는 업데이트 미리보기도 넘 죠음 ㅠ ||| 예지님 브이로그 기다렸다구요ㅠㅠ 계속 브이로그 올려주세용^__^ ||| 핳 제가 제일 좋아하는 쇼핑몰에 제일 좋아하는 모델언니🤍 자주자주 업로드 해주세요🤍 ||| 기다려지는 브이로그는 언니꺼가 첨이에요..  인스타 라이브에서 처음 언니보고 성격 좋다생각해서 ~ 그때 부터 팬 된 거 같아요 홓ㅎ  브이로그로 소통 계속해주세요 😆😆 ||| 브이로그 진짜 힐링돼요ㅠㅠ 자주 올려주세요 매일 기다릴거에용 ㅎㅎ ♡,인물/블로그
ZlQoq5N3oJo,(eng.) VLOG. 5월 일상 브이로그 / 왓츠인마이백 / 마켓비 / 차홍룸 펌 / 주얼리 언박싱 / How deep is your love / what’s in my bag,자민 jamin,"갖고계신 모든 가방 다 보여주시면 앙대나요 ㅠㅜㅜㅜ ||| 거의 말 없는 영상인데도 쭉 집중하면서 봤어요너무 감성적이고 예뻐서 눈이 즐거워요🥰 자민님 영상에는 브이로그 안에 다양한 주제들도 더 많이 담긴거같아서 더 좋아요💜 ||| 오늘두 언박싱 타임이 많아서 행복합니더,,,🤍 자민님 머리넘 잘어울리세유 🥰 ||| 패션 감각이 좋으시네요. 남잔데도 따라입고 싶음 ||| 브이로그가 이렇게힐링된영상은 첨이예요~ 차분하게  영상보니까힐링도되고 꿀팁도 너무많아여 !!",인물/블로그
tRj6YIw7VyY,[브이로그_VLOG] 예지 일상 브이로그/ 다이어터의 마켓컬리 언박싱/ 먹고 쇼핑하는 일상,이예지,특유의 단정한 글 느낌이 넘 조아요💛 계속 올려주세요 ㅠㅠ ||| 예지님 그래놀라는 어디꺼 드세요??그리고 딥디크향수 궁금해여!!! ||| 헤이즐모드 옷좋아해요 항상 스타일 옷입는센  너무 좋으세요  :)일상보니 새로워용 ㅋㅋ 그런데혹시  주말에 고기집에서 고기 같은거드실때 디올레이디백 어떻게 두시나요??소중한 디얼백 ㅠㅠ ||| 유튜브 보고 또 바로 헤이즐모드 들어가서 살거 있나 뒤적거리는 저..ㅠㅠ 예지님 조와해요 ||| 다음주도 또 올려주세요~!,인물/블로그
aX9WFXNMi58,"뉴욕 프리랜서 일상 브이로그 / 새 운동화 신고 뉴욕 한바퀴, 같이 랜선 산책해요! MoMA, 독립서점, 덤보, 브룩클린 브릿지, 아디다스 컨티넨탈80 언박싱, 미국 직장인",haruday하루데이,"Music in the video :) - Always be instrumental / Holley Maher - Better now / Shoji - What forever feels like / Robert Shirey Kelly - Full / Joy Ike - Easier as us / Michael Mceachern ||| It's more like exploring new york city in an introvert's perspective. And i totally love it! ||| I wanted to cry...idk why. It's beautiful how u enjoy your life there. Reminds me when i enjoyed my city too every saturday morning when i was younger. I walk alone on city garden, go to the bookstore or public library, enter an art gallery, and writes my short story in a coffee shop. Yess....it's all the same. People said i was depressed, but i think i tried to enjoy life. Simple happiness...still happy. ||| 항상 편안한 영상 감사해요~~👍🏻👍🏻 타지에서 넘 행복느끼면서 사는거 진심 부러워요 ||| The last minute Haruday and her husband walking across the brooklyn bridge make me feel in peace 🥺 I really love those city lights 🖤",인물/블로그
TDkOmqs33KA,"[ 형로그 ] 8월 일상 브이로그:) 〡 블릭L9, 빔프로젝터 언박싱, 크롬캐스트 언박싱, 서브웨이, 운전, 닭꼬치, 편의점 쇼핑, 카페투어, 해물찜 자랑하는 영상 〡",브로그,코로나 조심하시구여ㅜㅜㅠ영상보니 저도 빔프로젝트 더더욱 장만하고 싶네여! ||| 안녕하세요 혹시 빔프로젝터에 따로 스피커를 블루투스를 연결해서 사용할 경우 기가지니나 헤이카카오 이런 걸로도 블루투스 연결 가능할까요?? ||| 블릭 L9 넷플릭스 연결 안되나요??ㅠㅠ ||| 으와 닭꼬치 포장 치킨인줄여??@.@ 이름좀 알려주세용! ||| 블릭 빔 단점이 잇나요?,인물/블로그
nJV6VWsADf4,[VLOG] 직장인 일상 브이로그 | 건강한 식단 | 세포라 하울 | 캐나다 공무원의 재택근무,티아 Tia,"요즘은 코로나바이러스로 인해 우리의 일상들에 조금씩 변화가 생겼는데요, 요즘 여러분의 하루는 어떠신가요? 다들 항상 건강 유의 하시고 즐거운 주말 보내세요! ❤ ||| 티아님은 집에서 재택을 하셔도 어딘지 모르게 멋지세요 😍 아이 육아와 일까지 멋지게 해내시는 모습이 너무 보기 좋아요 ^^ 이런 영상 많이 만들어주세요~~ 보기만 해도 힐링 되는 기분 ^^ ||| 티아님은 사람도 삶도 아름다워서 저는 초창기부터 정주행이에유 영상들 계속틀어둬서 이영상도두세번본듯해요♡ㅎ 여러가지의 좋은 루틴들덕에 제삶도 변화되고있네요 감사댓글남기고싶었어용♡♡애정합니당♡ ||| 티아님 목소리가 참 좋으세요^^ 훈녀의 삶 잘 구경하고 갑니당❤ ||| 티아님 브이로그 너무 좋아요 >< 일상생활에서 쓰이는 단어나 표현들 항상 잘 배우고 있어요 :)",인물/블로그
TdjanUZaLw8,VLOG | 직장인 브이로그 | 2월 마지막 주 일상 브이로그 | 집밥 해먹는 퇴근 후 일상 | 쇼핑하울 | 딥디크 | 닐바이피 | 르세이 | 아라비아 핀란드 | 홈카페,바이윤byYoon,"윤님ㅠㅠㅠ 윤님의 영상미가 너무 그리워요ㅠㅠㅠ 무슨 일 있으신건 아니시죠?ㅠㅠ 잘 참고 기다리고 있겠습니다. 넘 그리워서 옛날 영상 찾아보다 카디건, 폴라, 목걸이 분위기에 또 치이고 갑니다ㅠㅠㅠ 혹시 목걸이랑 폴라티 정보 알 수 있을까용?ㅠㅠ ||| 최근 알게되어 열심히 구독하고 있어요♥️ 영상 느낌 색감ㅠㅠ 소품 다 너무너무 취저....💕 혹시 터틀넥에 하신 목걸이 정보 알 수 있을까용?😆 ||| 가디건 색 넘나 취저🤩🤟🏻 ||| Hola que bonito es  tu  canal 😙💄😙😙👍👍👍😀😀😀😀 ||| 느껴지는 오소리 기운에 구독하고 갑니닷♡ 참고할만한 레시피도 있어 좋네요!",인물/블로그
k3VpY-kOPTo,"도쿄 일상 브이로그 | 일본 무인양품에서 장보기, 카페, 마트, 유키미다이후쿠",Tokyo-no-tomi 도쿄노 토미,영상을 이제봐서 축하를 이제 드리네요! 생일 축하드려요 ❣️🥰 근데 조카분 목소리가 너무너무 귀여워요 ㅠㅡㅠ 진짜 너무 사랑스럽꾸... 자주 나왔으면 좋겠다는 생각이 드네요 주말 마무리 잘하세요오오🤗🤗 ||| 조카 말하는거 완전 귀여워요🥰🥰🥰🥰🥰🥰 늦었지만 생일 축하해용 히히히😊 ||| 늦었지만 생일 축하드려요~🎂🎉 무인양품은 항상가면 카레를 살까말까 고민하게 되는거 같아요 ㅋㅋㅋ 그리고 조카님은 여전히 왕귀요미 ㅠㅠㅠㅠㅠㅠㅠㅠㅠㅠㅠ 랜선이모는 오늘도 심쿵하고 갑니다 ||| 늦었지만 생일 축하해요~🎊🎉  벌써 일본엔 할로윈을 준비(?) 상품들이 많네요 ㅎㅎ 와. 할로윈패키지 상품들이 많은것 같아요! 오우~ 맛있어 보인다.. 일본 무인양품점은 없는게 없네요! 와.. 일본가면 꼭 가고 싶어요. 거기에 소다?멜론음료도 맛있다고 하던데..😢 언제나 건강 꼭 챙기세요~😆😉 ||| I just found your channel and I really like your vlogs! 💙  and Happy birthday! 🎉,인물/블로그
Z-pHhzr9nuA,"ENG SUB) 🇺🇸미국 일상 브이로그ㅣ20대 주부의 미국 쇼핑몰 구경하기! 그로브 몰 / Grove Mall, Petco, Marshalls, World Market_Vlog",케일로그Kayllogg,케일로그님 예쁜영상 오늘도 잘보구 가요❣️ 엘에이 몰 거리는 정말 세트장같이 너무 예쁘고 깨끗하네요☺️☺️ 저도 코로나 끝나면 엘에이 놀러가봐야겠어요~ 남은 주말 잘보내시구 다음영상 기다릴께요! ||| 숲속집 와주셔서 고맙습니다~ ^^* 잔잔한 피아노선율. 따뜻한 느낌의 영상~ 힐링이 이거다 보여주는거 같아요~ 대리여행 잘 하고 가요~ 이웃도 하고 갈께요~ 랜선에서 자주봐요^^* ||| 아름다운 풍경이 너무 예쁘네요. 그릇과 리빙 제품이며  소소한 일상의 모습을 보여주셔서 정말 좋은 시간되었습니다. 소통하며 오랫동안 함께 해요. ||| 하늘도 이쁘고 도시도 너무 깔끔하네요 영상미도 최고~👍 오늘도 즐청하고 갑니다 ||| 새벽인데 구름이 저렇게 예쁠일... 남아있는 달도 보이고 넘넘 예쁜 하늘이에요~~자연광이 예쁜 케이님 작업실 완전 갬성폭발...그로브몰은 사람바글바글 할때보다 지금이 더 멋있는 느낌적 느낌.. 😅😅 저도 주방용품이랑 인테리어 소품 좋아해서 구경하고 그런거 정말 좋아하거든요 대리만족.....😍😍😍  저렇게 잘 챙겨주는 가족이라 케이님과 같이 생활하는 반려견은 정말 행복할것 같아요~,인물/블로그
ja4x2_Llin0,4K [감성일상 브이로그 vlog] 울고 싶었는데 풀벌레 소리로 위로 / 강수인 작가 달그락마을 #파주출판도시 #소소한일상 #브이로그 #Vlog일상 #강수인작가 #달이팡,1020 movie-like video 감성근육,열심히 살아온 댓가로 주어진 시간이라 애써 긍정적으로 받아들이자고요 잠시 멈추어진 휴식기 이또한  지나가겠지요 먼훗날에 웃으며 옛날얘기로 말할 시기가 오리라 믿으며 먹먹함과 사색에 잠기게 해준 영상 잘 봤어요.. 멋집니다 ..  👍☕🍀 모두 힘냅시다~~ ||| 또봐도 또봐도 재미있는 감성근육님 영상 ~^^ ||| 영상 이 넘 예쁨니다~ 감성근육이란 네임이 너무  딱입니다~ 모든 영상 편안함으로 시청합니다~♡♡ ||| 옛손길이 느껴지는 한옥느낌 좋아요 그림책 색감이랑 느낌이 정말 사고 싶어지네요 밝은 감성근육님 잘 될꺼예요 잠시 생각도 멈추고 완전히 다른 곳도 함 바봐요 다들 걱정하고 응원해 주시니 잘 될꺼여요 능력자 시잖아요~~♡♡♡♡ ||| Just fantastic!! Fully watched & enjoyed! ♥,인물/블로그
fFc1R3wnV3M,특수부대출신 일상브이로그,노바트립 nova trip,특전사 출신은 존경받아 마땅합니다 제가 군에 있지 않았을 때 지켜줘서 고마워요 -2018년에 전역한 예비군 2년차 병아리가- ||| 나중에 강도들어오면 세상의 쓴맛보다 공포의 쓴맛을 보겠군... ||| 브금 좀 알수잇나요?? ||| 일상 브이로그 너무 잛보고 구독 좋아요 꼬옥 누르고 가요 서로 구독 하고 지내용,인물/블로그
4u1sP48XWtM,일본 일상 브이로그｜나가타빵집에서 빵먹고 세카이노야마짱 닭날개튀김먹은 일상,mirion,"예전 그쪽 동네 살아서 나가타 자주 갔어요 ㅎ 다음에 연유빵 한번 드셔보세요 ㅎ 양파빵, 감자빵 다 맛있어요ㅎ 아...懐かしい하네요 ㅎ ||| 댓글 첨 남겨봐용!! 리온이 너무 야무지고 예뻐요 >.< 영상잘봤습니다_~ 즐거운 주말 보내세요!!ㅎㅎ ||| 7월 말에 노비자 여행지 여행이 풀린다는 기사가 났었던데 곧 풀려서 올해 휴가 때에 놀러갈 수도 있을지도 모르겠네요 ㅋㅋ갑자기 또 악화가 되지않는다면요 ..ㅋㅋ ||| あれ⁈リオンちゃんは、手羽先嫌いなんですか　最初は熊本に住んでらしたんですか",인물/블로그
TQMNQnSqfoo,VLOG 일상 브이로그 / (요청)패션 하울 메이크업 / LA레이커스 우승💛💜 / 꽃 구독 / 두부면 오일 파스타 / 식물🌿 / 넷플릭스 / 향수/ OOTD / 자라,영이,언니 .. 이번 영상 너무 편안하고 좋자나여... 힐링🧡☺️ ||| 언니 영상 보게된지 얼마 안 됐는데 너무 소소하고 귀엽고 사랑스러운.. 고런 느낌이라서 힐링하면서 잘 보고있어요ㅠㅠ 몇주전에 퍼스널컬러 받고와서 여쿨이라는 소리 듣고 당황스러워서 여쿨화장품이랑 막 다 찾아보다가 언니영상이 보였는데 그 뒤로 하나하나 열심히 안넘기고 보고있어요.. 메이크업도 너무 잘어울리게 이쁘게 하시구 언니덕분에 여쿨 꿀템들도 많이 알아가용..😍💕 앞으로도 유익한 영상 많이 올려주세여 응원할게용..🧚🏻 ||| 아껴뒀다가 오늘 쉬는 날이라 봤는데 영이님 브이로그는 항상 짧게 느껴지는 매직이에요..💫 보다가 끝인사 나오길래 벌써?🥺 이럼서 봤어요 ◡̈ 트위드자켓 너무 잘 어울리는 영이님..❤️ 저도 트위드 입구 싶은데 일할때는 불편해서 놀러갈때나 입을 수 있는데 요즘 날씨가 갑자기 추워져서 이제 곧 코트 입어야 할것 같아요ㅠㅠ 이번엔 급작스럽게 날씨가 변해서 어느 장단에 맞춰야 할지 너무 어렵네요.. 그러니 감기 조심하세요 영이님! 그리구 오늘 영상도 잘 보고 갑니당🥰 ||| 3:56 메이크업 너무 예뻐용ㅠㅠㅠ💜 ||| 앜ㅋㅋㅋㅋ농구볼 때 눈이 티비로 계속 돌아가는거 넘 귀여웡😎,인물/블로그
klCoDtCir1g,외국계기업 직장인브이로그 | 다이어트 시급한 먹방일상 | 패션회사 직장인 출근룩 | 이케아 | 마켓컬리 |,All about Allie 앨리밸리,앨리님 피부 넘 좋으신거같아요! 피부관리 팁 영상 찍어주셔도 좋을거같아요^^ 💕 ||| 앨리밸리언니 손 너무 귀여워요!!! 오늘도 잘 보고 갑니댱 🥰 ||| 피부에서 광채가 나세용~!!! 화장법도 알려주심 좋겠어용!!🤍 ||| 2:37 간만에 크게 웃었습니다 ㅋㅋㅋ  클래식 따라하기 ㅋㅋㅋ ||| 늘 좋은정보 감사해요 !! 앨리님 영상보면 부리또 넘 막어보고싶네요😊출근룩도 넘 예쁘십니다,인물/블로그
v77zs5awE1M,"[JP/ENG]도쿄 일상 브이로그 - 마트갔다가 스시먹고, 토리츠카세 투어하고, 또 나카노.. 무인양품..",JIGONG지공,"영상이 담백하고 소소하네요.ㅋㅋㅋ구독하고 갑니다. ||| 안녕하세요. 제일 최근 영상을 보고 이 영상을 두번째로 보는데요, 바로 저의 최애 채널이 될 것을 확신했습니다. 👍계속 말씀하시면서 찍는 브이로그도 매력있지만, 지공님 채널은 목소리가 없으시니 일본을 소개받는 게 아니가 제가 직접 체험하고 다니는 것 같아요. 매번 보러 오겠습니다^^😄 ||| 진짜 순삭♥️ 오므라이스 몇일 전 부터 먹고싶었는데~~  넘 맘에 드는 카페네요~  코로나 조심하세요🙌🏻💕 ||| 영상이 순삭했어요! 영상을 보면서 소확행을 했어요~ 여행도 못하지만 지공님 영상을 보면서 대리 힐링읗 했답니다~😘 언제나 좋은 영상 올려 주셔서 감사해요🙇🏻‍♀️ 무더위 조심하시구 항상 건강 챙기셔요~😉 ||| 불가리아도 버섯도 다들 큼지막하네요ㅎㅎ 저도 벤토 자주 먹다보니 왠지 반갑습니다😀",인물/블로그
c5Jl6DOSxEM,"[일상 브이로그] 파주 프리미엄 아웃렛 세일💲🤗🛍️(생로랑카드홀더, 클럽모나코👗,아웃렛맛집) shopping vlog |후식으으로 #남도분식 #떡튀순",sun3hinestudio,혹시 생로랑 어라운드 컴팩트 반지갑 색상 다크베이지 있었나요? ||| 우와.. ||| 아울렛은 가면 가끔 예쁜 옷 저렴하게 득템할 수 있더라구요 ~ ||| 생로랑 카드홀더 얼마에 겟하셨나요? 넘예쁘네용..,인물/블로그
wRxlXHaButM,"VLOGㅣ일상 브이로그,아모멘토 쇼룸,4560디자인하우스,자라 짧은 하울/리뷰,블루아워 팝업스토어,양재 꽃시장,밀린 장보기,최애 과자",리브희 LIVEHEE,월욜아침 힐링영상이에요❤️ ||| 아모멘토 가디건 많이 따갑진 않으샸나요?? 두께랑 질이 어떤지 궁금하네요🤔 ||| 항상 너무 잘보고있어요 🤭🤭 혹시 7:41 니트 정보 알 수 있을까요..! ||| 어쩌다 들러들어오게됐는데 영상 잘보고갑니다  구독했어용 호호 근데 숙주무덤닭볶음탕어디져 테러당했어요 ||| thank you so much for using my song lemonade!!!,인물/블로그
7ZvYPhjhY1k,"[日本語]도쿄 일상 브이로그 - 하라주쿠 IKEA, 카페키츠네, 아오야마 ㅊa, 6월 쇼핑목록, 마트가고 홈카페, 노가타 Daily coffee stand",JIGONG지공,아니 이렇게 날 힐링해주셔도 되는건가요???? 엉엉엉 ㅜㅜ ||| 일본의 분위기 갬성 아기자기함을 엄~~~~~청 좋아해서 일본브이로그 매일 보는데... 저 요즘 너무 행복해요😍 제대로 눈호강 하고 있습니다 매일매일~~~~ 감사해요 영상 올려주셔서!!!!!! ||| 오랜만에 정착할 도쿄 브이로그 찾은거 같아 기부니가 좋습니당ㅎㅎㅎㅎㅎㅎ💚포근하게 잘 봤어요!! ||| ㅊa 밀크티 드실때 오렌지쥬스라고 써잇는컵 진짜 귀엽네요🥺🍊 아기자기한 일상 잘보고잇어요! ||| 動画も素敵だし、日本語と韓国語の字幕があるので韓国語の勉強になります😊 次の動画も楽しみにしてます‼︎,인물/블로그
jH0X4719RDY,[브이로그_VLOG] 예지 일상 브이로그/ 필라테스 다이어트/ 다이어트 브이로그/ 먹고 쇼핑하는 일상,이예지,"평소에 헤이즐모드 스타일?모든제품이 너무 취향저격이라서 그냥쇼핑몰구경하는것만으로힐링하는사람인데요오...그래서 언니일상도너무궁금했는데 브이로그라니잉....사랑함미다아.,☺️ ||| 귀여운 예지님❤️ 요번 영상도 너무 알차고 귀여워용! ||| 브이로그 기다렸어요❤️ 브이로그도 예지님스럽게 깔끔하고 너무 조아요🥰 하객룩으로 입으신 옷은 혹시 업뎃되는제품인가용? 넘예뻐요❤️ ||| 부지런함에 자극받고갑니당 총총.. ||| 승모근관리 어떻게 하세용!? 일자어깨 너무 이뻐요! 재밌는 브이로그 기대할게요>.<",인물/블로그
KFF9slJ1bFM,"도쿄 일상 브이로그 | 일본 드러그 스토어 장 보기, 약국, 조카와 공원",Tokyo-no-tomi 도쿄노 토미,"영상 잘보고갑니다☺️ ||| 후르츠산도 맛있어보여용 부럽다용 맛난 빵과 코히 한 잔의 여유~ 영상 잘보고 갑니다^^! ||| 영상 항상 잘보구있어요🧡 ||| 안뇽하세요! 일본 일상 넘 궁금했는데 토미님 영상 보고 스토어 장도 보고 좋았어요😍 앞으로 영상도 기대할게요ㅎㅎ 구독 누르고 가윰 자주 소통해요!!💗 ||| 서플리먼트요,,,물이나음료수에만타먹나요? 아니면밥이나찌게에도넣어서먹어도되나요?",인물/블로그
A_EM840gR6Q,"VLOG#96 나름 알차게 보냈던 자취 일상 |  여유로운 휴학라이프, 홈트루틴",일상기록,내딸램이가 이렇게 자취하면 진ㅋ짜로 흐뭇하고 뿌듯하고 야무지고 똘똘하고 안심뚝딱쓰 ||| 넷플릭스는 뭐 볼지 고민하는시간>>영화보는 시간 이죠.. 힐링하려가가 피곤만 쌓는 ㅠㅠ ||| 저녁시간에 보는 일상ㄴ님 영상은 사랑이죠...❤️ ||| 학기 시작한지 얼마 안지났는데 휴학하고 싶어요...ㅠㅠㅋㅋㅋㅋㅋㅋㅋㅋㅋㅋㅋ ||| 아주 평온하고 내가 하지않는 클린식단 + 운동 +공부+자기관리 아주 대리만족하고 갑니다,인물/블로그
MXbu6ezLoJI,일상_Vlog_하루 루틴,일상을파는TV,,인물/블로그
sdo8UIyO58c,vlog | 집순이 일상 브이로그 | 모닝루틴 | 미래의 불안감을 달래고 현재에 집중하려면,NABA나바라기,저도 다니던 직장을 8월말로 퇴사를 하고 지금까지 매일 아침 새벽예배로 하루를 시작하고 있어요ㅎㅎ 하루는 아무것도 안하고 늘어져있다가 나바라기님 영상들 쭈욱 보며 마음을 다잡게 되어요. 선한 자극을 주셔서 감사해요 :) 아직도 어떻게 잘 쉬어야할지 모르겠고 꼭 무언가를 해야만 할 것 같지만ㅎㅎ ||| 미래도 과거도 아닌 현재에 집중하고 온전히 누리는 모습 너무 멋져요! 제가 추구하는 바를 그대로 행동하고 계시네요👍🏻 ||| 반복되는 일상의 단단함이 좋아요! ||| 단지 일찍일어나는 것에 초점을 두기보다는 자신의 삶의 주인으로서 하루를 시작한다는 느낌이 들어요. 저도 매일 새벽5시에 기상하여 하루를 시작하고 있어요:) 너무 좋은 영상인것 같아요! ||| 너무 멋지고 자극되는 일상의 습관들 영상 찍어주셔서 감사해요!,인물/블로그
XvZUDTaEF3s,eng) vlog | 집순이 일상 브이로그 | 루틴이 주는 심리적 안정감 | 모닝루틴 | 생산적 시간 보낵ㅣ,NABA나바라기,"너무 영상이 공감되어 구독누르고 가요^^ (아! 어제 구독 눌렀어요)항상 느낀점도 있고 배울점도 있고 정말 멋진 삶을 준비중이신것 같아요^^오늘도 소중하고 행복한 하루 보내세요^^ ||| 잠시 쉬고 있다고 답하면 되지요.... 지금까지 열심히 일했으니 쉬어도 된다고 봅니다. 지금 직업이 무엇이냐보다도 나바라기님이 하루를 설계하고 그걸 열심히 실천하려는 모습이 저는 더 훌륭하다고 생각합니다. 나바라기님 영상 보면서 살까말까 엄청 고민했던 니체의 말을 구입했어요.(제가 최근에 종이책은 안 사기로 마음 먹었던터라...) 1,2 한꺼번에 주문해 버렸네요 ㅎㅎ 필사할만한 적당한 책을 찾고 있었거든요.. 덕분에 좋은 책 알게 되어서 감사합니다.  저는 최근에 늦잠을 너무 자서 모닝루틴 지키기가 쉽지 않네요 ㅠㅠ 코로나 덕에 출근도 안 해서 더 나태해지고 있는데 나바라기님 영상보면서 저도 다시 으샤으샤 해 봅니다. ||| 아이패드활용을 너무 잘하셔서 다시 구매욕구가 생깁니다. 어떤모델로 사용하시는지 사용하시면서 불편하신건 없는지 여쭤봐도 될까요?^^;",인물/블로그
9_28gSWV5hU,"ENG) 하루를 잘 마무리하는 나잇루틴🌙/ 아이엄마의 저녁루틴/ 육아후 가지는 나만의 시간/ 주부브이로그/ 살림브이로그/ Evening, Night Routine of Mom",시스레터 sisletter,The type of videos you make is just so relaxing and mood Freshning.  Love. ||| I don’t understand your language but omg your videos are so calming. Thanks so much. ||| I love all your videos! I'm in the USA with 2 beautiful daughters and still work at night.Whenever I watch your videos they're so relaxing. More power and more videos like this.Pray we can have better days.Thank you ||| Lovely vlog... How do you manage work so good How do you keep calm to yourself... ||| 오늘도 편안한 영상 잘 봤습니다. 아이와 함께하는 모습을보니 저도 우리아이들 키울때가 생각나네요. 시간은 정말 번개처럼 빨리갑니다. 그땐 몰랐어요. 지금은 모두 독립해서 스스로 잘 살고있는 아이들이 대견하기도하지만 엄마는 늘 마음속에 어린아이였던 자식을 품고사는것 같습니다. 지금 이 시간을 마음껏 즐기시고 아이에게 사랑 듬뿍 주세요. 행복해 보이십니다.,인물/블로그
SsBm-A4xVLI,[공부가 머니?] 예술가의 영혼을 담은 쉐이딩! 메이크업 장인 여중생?! 20200110,MBCentertainment,"나중엔 귀찮아서 눈썹만 쓱바르고 마스크하고 학교갈 날이 올거야...나도 그랬어,,,저나이때 최대로 예뻐보이고 싶은 나이였는데 고등학교입학하고 수능준비할때되니까 잠이 최고고 잘보이고 싶은놈 하나없다.. ||| 어머니 말은 들어서 나쁠거 없다. 내가 화장을 존나 진하게 하는 편인데 엄마가 화장을 연하게 해보래서 짜증났지만 연하게 했는데 정말 찰떡이였다. 엄마 사랑해요. ||| 어른들이 봤을땐 피부좋고 화장 안해도 이쁜데 왜 하나싶지만 저 나이대는 아이돌들이 가장 영향력이 있다보니 이해가감 못하게하는것보다 하는법을 가르쳐주고 좋은 화장품 사주는게 좋은것 같음ㅋㅋ ||| 만약 내가 나중에 딸 낳아서 딸이 저 나이가 되면 그땐 뭐라하지 말고 차라리 화장법 가르쳐주겠음.. 내 딸 흑역사는 내가 지킨다 ||| 저럴때 진짜 전문가가 해준 메이크업 받으면 아 내가 잘못하고 있었구나 하고 느낌.. 나도 친구가 메이크업 배워서 해줬는데 진짜 내가 한건 리얼 가부키엮음..",인물/블로그
lS8aerVQ7Bw,[vlog] 일상 브이로그 | 모닝루틴 | 설날에 카페투어,oh_hayo,오하요님 영상 잘봤어요💕오하요님 브이로그도 따뜻한 매력이 있네요🥰꿈도 멋지십니다! 화이팅이에요👍🏻 ||| 이번 영상도 잘 봤습니당🙂 상황이 좋아져서 여기저기 다닐 수 있는 날이 왔으면 좋겠어요🙏🏻 ||| 영상 분위기 넘나 제 스타일이에요 >.< 구독하고 자주 놀러와야겠어요!! ||| 떡볶이는 암요 일주일에 한번은꼭이죠 ㅎ 하요님도 일본어 잘하시죵 번역 공부 화이팅입니다 저도 좀 하면 좋으련만;;;,인물/블로그
0mj0lMYPTWQ,브이로그| 공인중개사 준비생의 평범한 하루✍️/ 일어나서 하는 루틴/학원가기/공부브이로그(+ 지갑 잃어버렸...😭),서진박seojin_p,개론 계산 문제는. 수학적으로. 풀면. 쉬워요...  학원의. 산술식 풀이는 핵갈려서. 어려워요.     11문제중. 9문제 계산은. 가능 합니다.     화이팅....   필요하면. 댓글... ||| 저도 공인중개사예요~방가워요~영상너무 재밌어요~좋아요.다이어트 신경많이 쓰시네요. 저도 챙겨먹누 약이 장난아니예요..칼로컷트까지요~ ||| 같은 공부하시는분이라 그런지 영상에 눈길이 가네용!! 열공하시고 맞구독해요!! ||| 처음 구독했어요 ~~~  잠옷 정보 부탁드려도 되나용 ~~ 😆 ||| 크림 뭐바르신거에요? 바르구 얼굴에 광이번쩍번쩍 해서요711 ♡_♡,인물/블로그
OX8XjYG0mlo,"(Eng) 일상 브이로그 |하루 루틴, 나이트루틴, 스킨케어루틴, 다이어리 일기쓰기, 힐링브이로그 | Vlog,Night Routine, Korean Skincare Routine",홀로Hollo,"❤️ you live so healthy and fun 🙂 ||| Hello beautiful Hollo! First, thank you so much for sharing your life with Beanie with the world. I can only speak for myself, your videos always puts a smile on my face. You give happiness and love every time you release one of your videos and I for one thank you for this. Dear Hollo, things happen to all of us but whatever comes our way keep in mind we’ll get through it. From the little bit I can see of you, you truly have been blessed and are blessed. You have nothing to be stressed about and never let anything get you down. Whenever you feel a little something negative, may I suggest, grab hold of Beanie and hold him and tell him how much you love him and tell him you know how much he loves you! I believe this will make you smile and feel better. I have nothing but love and respect for both of you and look forward to seeing more videos of you both! ||| Your dog is so entertaining! I don’t think I’ll ever get bored if I had a dog like yours. So full of energy and happiness. You two are meant for each other  🤍🤍🤍 ||| Along with your evening written words, know that you bring smiles and sincere joy this way as well. The sharing of the interactions of your days, along with precious Beanie, allows the planet a better place with you in it! 💝 ||| 세상  깜찍 ,",인물/블로그
tm6oENNfeUw,"[임고생Vlog] 고시생의 하루, 일상, 루틴",듀티 Duty,응원합니다~! ||| 싫어요 뭐얔ㅋㅋㅋㅋㅋㅋ,인물/블로그
yis1D4f7_7Q,퇴근길부터 잠들기까지🌙나이트 루틴 브이로그 | Night Routine Vlog,수수연수,"안녕하세요 저는 브라질이지만 항상 한국인이되고 싶었습니다. 그들은 그들이 매우 아름답고, 섬세하고, 조직적이며, 예의 바르고, 항상 하나가되고 싶었 기 때문에, 저는 한국에서 온 당신을 정말 존경합니다 ||| 연수님은 얼굴은 귓빵망이 엄청 쎄게 올릴거같은 차도녀이미지인데  목소리랑 말투,행동은 멍뭉미 넘쳐서 찐으로 매력넘치는거같아요🤪 ||| 아 ....ㅠㅠㅠㅠㅠㅠ 이게 진짜 공주님의 일상이라는것인가..... 진짜 너무너무매력있으세요 연수님 정말 세상에서 제일예뻐요 🥺🥺🥺 ||| 원래도 얼굴 작으셨지만 더 갸름해지신 것 같아요!!붓기라곤 1도 없는...!너무 예뻐요💜 ||| 집투어도 해주세요! 얼핏 보이는 집이 너무 아늑하고 예뻐요~",인물/블로그
1DZ6cN7hrhk,[VLOG]🇨🇦캐나다 브이로그| 모닝루틴&나이트루틴,HueK 휴,넌 너무 괜찮아 보여🫶🏻 ||| 갬성 개좋아 ||| 왕 피자 귀엽다 ||| the video was so cute🥰🥰 ||| 기다려써 ㅋ ㅋ ('ω'),인물/블로그
A6uqLJPCZnE,초등학생 농구드리블 실력! 농구천재 나왔네!,내맘대로TV,???주접 떨지 말고 용병한테 패스나 해 ||| 드리블 수준ㅋㅋㅋㅋㅋㅋㅋㅋ  1대1붙으면 백퍼 앵클브레이킹 당할자신있음 ㅋㅋ ||| 제발 무리해서 무릎써서 부상당하지않고 무사히 꿈이루길 빌게 ||| 진학하면 할수록 줄어드는 개인능력 ..눈치보랴 ..잘할수있는데 일부러 못하랴.. ||| 와 기본기 진짜 잘 돼 있네..,인물/블로그
n8nPuEiHiPc,"[이벤트有]모닝루틴 브이로그 | 재택근무를 효율적으로 하는 법, 부자가 되는 사소한 습관(+민병철유폰) 🌙달차",달차 · thé de lune,"*오늘 영상은 민병철유폰 유료광고를 포함하고 있습니다 *구독자 이벤트 있습니다!(고정댓확인) *3만원 수강할인권과 10분 무료수업 받아보기! 🏷http://m.uphone.co.kr/v3/ma24.asp?p=A41D7  ❝ 안녕하세요 게으른 심미주의자 달차입니다🌙🌿 저녁에 올리는 모닝루틴 영상이에요😋 사소한 일상의 습관들이 모여 하루를 만들고 더 나은 오늘의, 내일의 나를 만드는 것 같아요 우리 모두 습관이 행복한 사람이 되자구요! ❞  [구독자 이벤트] 본 영상 좋아요+구독!😘 하루를 더 알차게 만드는 나만의 습관/꿀팁을 메일 주소와 함께 댓글로 남겨주세요! 민병철유폰 1개월 수강권 5매를 추첨을 통해 증정드립니다! 같이 영어공부해요 :)  ✏️참여 예시) 저는 매일 밤 잠들기 전, 내일 할 일 ‘투 두 리스트’를 작성해요! 리스트를 적다보면, 내일을 미리 계획하게 되고 하루를 더 효율적으로! 알차게 보내게 되더라구요! thedelune.tube@gmail.com  🎁이벤트 선물 : 민병철유폰 1개월 수강권 x5명(주 2회 실속 B존 수업권) 📋이벤트 기간 : ~10월 4일 🎉당첨자 발표 : 10월 7일(개별안내) ||| 지킬 수 있는 심플한 모닝 루틴을 계획하고 매일 실천하면서 작은 성취감을 쌓아나가는게 삶에서 정말 중요한 것 같아요! ||| 간단한건데 매일 아침 모든 창문을 열고 환기를 시켜요! (날씨 좋은 날 한정!) 확실히 공기가 순환이 되어야 머리도 맑아지고 잠도 확 깨더라고요! 오래는 아니고 5분-10분 정도 열어둡니다!  + 자기전에 갤러리 / 다이어리 정리 ! 갤러리에 앨범들을 여러개 만들어놓고 분류하면 그때그때 찾고 활용하기 좋아요! 특히 요즘에는 스마트폰으로 캡쳐를 많이 해놓고 일정정리도 많이 하다보니 < 스케쥴, 글귀, 여행, 음식 등등 > 앨범을 세분화해서 정리해놓으면 저장공간 활용해도 좋습니다! 다이어리는 뭐! 말안해도 어떤 이점들이 있는 지 다들 아실 거 같아요!    hannabba@naver.com ||| 한번 보고 나니 연달아 몇개를 보고 있는건지..마성의 매력이 있으시네여🧡💚💙 개인적으로 브이로그는 취향에 안맞는데, 브이로그에 영상미와 편집실력까지 돋보여서 자꾸 보게 되네요ㅎㅎ😍 ||| 저는 매일 자기전에 다음날 할 일을 꼭 적어두는 습관이 있어요! 그리고 달차님처럼 일어나서 이부자리+청소하는 점도 저랑 같은 루틴이구요! 보면서 또 비슷해서 기분좋게봤어요>.< 또한 요즘 루즈해지고있었는데 강제적인 (?) 루틴을 설정하면 또 알차게 쓸 수 있다는점에서 아!하고 깨달았던거같아요! 오늘도 영상  잘보고가요☘ (이메일 보안으로 확인 후 제가 수정했습니다>.<)",인물/블로그
dRszn533du8,하루를 알차게 쓰는 나만의 루틴 [브이로그],둥지언니 Doongsis,"일하고, 혼자 나름 식사하고, 그리고 또 저녁에 남편 혹은  와이프 기다리고... 단조롭지만...평온한 일상이자 행복한 삶이라 생각합니다.. 그리고 또 늘 신혼같이 보내며사랑하는 이와 함께 하루를 마감하는  시간... 정말 행복해 보입니다..! ||| 두분 행복해보여서 부럽습니다  인생목표가 생겼네요 아직 젊지만 비혼으로 살까 생각하고 있었는데 마음맞는 딩크족이 더 행복해보이네요  마치 대리만족을 느껴지네요 ||| 서로를 온전히 이해할 수 있는 짝을 만난다는 건 정말 행운이다 ||| 남편 퇴근하실 때 달려가서 파닥파닥 날개짓하시며 반기시는 모습이 너무 귀엽고 사랑스럽고 애교짱이시네요. ||| 오늘 영상은 결혼 장려 영상일세~ 부러워요 둥지부부!",인물/블로그
kDAW0t9o83g,[고도비만 VLOG] 다이어터의 하루 루틴 / 직접 요리하는 일상 / 홈트레이닝 / 슬림톡,다잇트 Dieatt,,인물/블로그
2GONlQ3cKtc,"vlog routine. 나름대로 루틴이 있는 일상, 기름 튀기지 않고 생선 굽기, 플레인 요거트, 초간단 반찬, 치실 추천",소이미soimi,"우아~~ 낚시로 잡은 갈치를~~  👏👏 정말 꿀맛이겠네요~~ =) 프라이 캡 팁 좋아요!!! 👍👍 영상 잘보구,, 3종세트 선물 놓구 갑니다~~ 🎁 ||| 고구마줄기 완젼맛있을거같아요 ||| 🙃😃😄🤟",인물/블로그
V8hapASkglQ,Vlog 요즘 방콕생활하는 집순이 모닝루틴 (feat.띠아느 토너팩),집에서서식중,"로그마리 다 죽기전에 먹는다고? ㅋㅋㅋ 팩하는 모습 넘 귀욥이요 ||| 감각적인 영상 ㅋㅋ 재미또요 체고 ||| 로즈마리 사러가야겠어요! 노래도 좋규 재밌는 킴의 일상 ||| 그레이킴님 영상 너어어어어무 예뻐요.... ㅠㅠㅠㅠㅠ 저도 띠아느 쓰고 있는데 너무 좋지 않나용 ㅜㅜ  영상 넘 제 스탈이에요,,, ! 구독하고 가요 :) 소통하며 지냈음 좋겠습니당 !  제 것도,,  놀러와 주세요 >< ||| 아침에 맹물 어떻게 마셔요 ㅠㅠㅠ 습관처럼 마실려고 해도 맹물먹는게 너무 힘들어요.. 전에 알코올 강한 토너로 토너팩했다가 피부과에서 얼마를 썼는지... 피부과다니면서 토너의 중요성을 알았다니깐요ㅠㅠㅠ 토너랑 선로션 찾고있었는데 되게 촉촉해 보이는데 한번 들어가서 봐야겠어요 감사해요 ^^ 인스타에 올리셨던 분갈이도 유튜브에 공유해주세요~~ ^^",인물/블로그
it33G35KOcw,"5시 반 모닝 루틴 브이로그🌞오랜만에 출근하기 전 독서하고, 운동하고, 명상하고,,ㅎㅎ",비타1000서영,아침 텐션이 어쩜 저렇지...존경... ||| 이영상 완쥰 조아영💕♥💕 요즘 디퓨저나 포푸리 입욕제 섬유탈취재 향수 향초같은 향제품에 빠졌아용~ 혹쉬 다음영상에 향제품으로 인테리어하는거나 만들기?? 같은 관련영상 만들어 주실수 있나여?? 아! 그리궁 네일하는영상두 혹시 되면 올려주실수 있나여?? 그리궁 브이로그 영상 너무 좋아영~ 자구 올려주세영~~~~~😍😍 ||| 와..엄청 일찍일어난다~~ 부지런부지런ㅎㅎㅎ 다이어리도 넘나 깔끔하게 잘쓰네용😍 ||| 살면서 옷장정리등의 방청소는 어쩜 그렇게 꾸준하신지 밥 먹는 것만큼 하고 사는 것 같아요!ㅋㅋㅋ 글구 비타님 엄청 꼼꼼하세요! 계획대로 찬찬히 하루하루를 살뜰하게 보내시는거 보니까 대단해요. 전 벼락맞아도 못할것같네요^^; 긜고..아주 소박한 지식이지만 100% 확신해요. mbti의 J유형이심이 분명합니다!! 탕탕탕! .....-_-; 상쾌한 아침루틴을 보다 오늘 아침의 제 모습을 생각하니까 마구 비웃고싶어욬ㅋㅋㅋㅋㅋㅋㅋㅋㅋㅋㅋ 비타민 와그작 와그작 아삭아삭 잘 먹고 영상도 잘 보았숩니다! +_+ 직장인 화이팅! 코로나 굿바이! ||| 새벽 5시 30분부터 텐션이 장난이 아니시네요ㅋㅋㅋ  미라클 모닝 되게 좋은거같아여 계획적인 하루가 멋있어보여용👍👍 새벽부터 청소하고 운동도 가시구 바쁘셨겠어! 화장할때 발 포인트ㅋㅋㅋ 자셐ㅋㅋ 안불편하세여?? 회사 출근 옷 너무 예뻐요><>< 제가 직장을 다녀본 적이 없어서 무조건 슬랙스나 세미 정장처럼 입고  다녀야하는줄 알았어요ㅋㅋㅋ 저도 얼른 출근하는 날이 왔으면 좋겠어요😢😢,인물/블로그
nCX-B3wrnJk,"[VLOG] 독일 유학생 브이로그 | 루틴 찾아가기, 연주 준비하는 일상과 매일 같은 듯 다른 하루하루 |  COS 미니 하울",FROM OMING오밍,"혼자서도 알찬 일상 보고 자극 받고 갑니당! 독일어 공부해야 하는데...반성하고 가욤 ㅋㅋ ||| 전체적으로 브금이 너무 슬퍼서 눈물이 다 나네요 보고싶습니다 밍님,,😭 항상 아푸지말고 건강하세요💗 ||| 아기돼지 어쩔거에요 진짜ㅋㅋㅋㅋ 아 진짜 오밤중에 육성으로 터졌어요 너무 웃겨서ㅋㅋㅋㅋㅋㅋ 저 사실 제목부터 cos써있길래 떨리는 심장 부여잡고 들어왔는데.. 세상에 오밍님 역시 패완은 여리여리한 몸매인 것이었다😃 저는 밝은톤 소화를 못해서 잘 안사는데, 구입하신 옷도 나중에 나온 가방도 다 너무너무 잘 어울리시고 예뻐요🌿 이번주도 맛있게 잘 해드시구 부지런부지런 생산적이신 오밍님ㅎㅎ 즐거운 한주 되시구 연주도 잘 하세요! ||| 우왕 출연 영광이에여💗   아침에 일어나서 뛰고싶다는 생각 한가득안고 침대로 갑니당:) ||| 안녕하세요 우연히 유튭보다가 구경왔어요!! 와.. 아침엔 프렌치 토스트 ! 진짜 저도 넘 좋아하는데 물멍!! 넘 좋네요.. 날씨가 쨍쨍.. 따뜻하고 좋아보어요.. 이국적인 건물들도 진짜 유럽유럽하고.. 한국은 이미 찬바람이 ㅠㅠ 우와!! 기타치시는 ㅋㅋ 저는 뭐.. 아예못한다며 ㅋㅋ 아기돼지 엄마돼지 ㅋㅋ 귀여워요 ㅋㅋ 크리스마스 장식된 상점 넘 갬성있고 에쁘네요!! 우와 넘 예쁜 식사!!! 부라타 치즈이즈 뭔들!! 무조건 맛나요!!! 최고최고 흰테이블있으면 갬성충만하죠 ㅋㅋ 인정요 ㅋㅋ 짜장떡볶이 짱맛있겠는데요? 아.. 떡볶이 귀신이라.. 아.. 넘 꿀맛일것가타요  요거트 담은 유리컵 넘 예쁘네요 밤페이스트 아~~ 맛이 궁금하네요.. 귀여운 곰돌이 유리컵.. 자꾸 눈이가요 ㅋㅋ 독어공부도 열공하시고 !!  오아!! 가방 넘 예뻐요 크기도 넉넉하고 디자인도 애쁘고 넘 좋은데요? 역시 배우신분 비빔면에 목살!! ㅋㅋㅋ 요즘 서로 팔로우하며 친구할때 풀청해야지 취소 안된다그래가지고 영상 끝까지 다~~ 보고갑니다. 그럼 앞으로 서로 응원하는 사이가 되어보아요!! 감사합니당",인물/블로그
AB43SAXSZCU,"(ENG) 딱 25일, 오직 홈트로 8kg 감량! 한 달 다이어트 방법 운동, 식단 총 정리 feat.식탐, 게으름 끝판왕 건강하게 살빼기",고은블로그 Michelle,이 영상을 성격 급한 한국인이 '정말' 좋아합니다.  + 와 좋아요 1.2만 실화...? ||| 2:20 아니 나만 이분 웃기나 ㅋㅋㅋㅋㅋㅋㅋ 아니 내가 웃음장벽이 낮은 건가 이분 표정은 되게 차분하고 한정적인데 말투랑 제스처가 시끌벅적해서 겁나 웃기넼ㅋㅋㅋㅋㅋㅋㅋㅋㅋㅋㅋㅋㅋㅋㅋ ||| 이쯤되면 땅끄부부는 홈트의 신 아닐까 ㄹㅇ 모든 영상에 다 나옴 ||| 홈트를 한번 할때 6개영상... 1시간 이상 하라는 말이구나... 그래 영상 하나 깔딱하고 왜 살 안빠져 광광 하던 나 반성해라 ||| 먹는거에ㅜ환장한 쩝쩝박사 ㅋㅋㅋㅋㅋㅋㅋㅋㅋㅋㅋ 말하는거 개웃곀ㅋㅋㅋㅋㅋ,인물/블로그
vMcFSsBuYdU,Vlog | 프리랜서 디자이너의 모닝루틴 . 잔잔한 하루,알라코,쩡런 일기장 읽은 느낌ㅎㅎ 용상이 미끼 잘 투척했네 낚시왕!,인물/블로그
jY9QOt2lYys,[롤러코스터] 미용 탐구생활 편🥳 자기관리하는데 1박2일 소요 예상;; 정가은의 그 시절 훈녀 생(활)정(보) 대방출💗,디글 클래식 :Diggle Classic,tvN과 정리해보는 추억의 롤러코스터를 모아보고 싶다면?  ⬇롤러코스터 모음⬇ https://www.youtube.com/playlist?list=PLvDaoEdHc686sYg2akfNEDL2UlKmbIRj8 ||| 꼭 저렇게  관리하고 싶은 날은 한가 할 때가 아니고 셤 기간임ㅋㅋㅋㄱㅋ ||| 저걸 매일하는게 아니라 가끔 아주가끔 저렇게 오지게 관리하고싶은날이 있음 ||| 근데 가끔 저렇게 관리하고 싶은 날이있음ㅋㅋㅋㅋㅋㅌ ||| 와...저게 초딩땐가 중딩때 보고 어른들은 저러는구나 했는데 이십중반 넘어가니까...진짜 저러고 있구나....진짜 탐구생활이였네,인물/블로그
shoCHfXOYTw,[Vlog] 일상브이로그 | 9월 조용한 집콕 일상 | 모닝루틴 | 일주일의 기록 | HAY 쇼핑하울 언박싱 | 카페로그 | 해봄 브이로그,"아무튼, 해봄 haebom","해봄님 오랜만에 업뎃이시네요:) 알람떠서 반가운마음에 바로 왔어요🤎 여전히 잘 해드시고, 예쁨으로 가득했던 일상이에요🤎 잘보고 갑니다- ||| 영상이 조용조용한게 너무 좋아요..ㅠㅜㅠ ||| 하얀계란 오랜만에 보네요^^ 언박싱도 잘봤어요. 영상이 예뻐요🌼 ||| 해봄님!! 그릇들이 정말 이쁜것 같아요!! 언젠가 한번 그릇들 정보 부탁드려도 되나용?? 영상항상 잘 보고 있습니당>< ||| Looks like a lovely day ☺️ I enjoyed watching! Let's keep in touch 🥰",인물/블로그
X1uka28WIj8,"시골의 아침 편안한 모닝루틴, 나의 아침습관 🌻 cozy morning routine | 냥숲 vlog",냥숲nyangsoop,"She’s literally living the ghibli life ❤️ ||| 냥숲님 브이로그를 알게 된 다음부터 꼭꼭 맛있는 집밥을 만들어 먹으려고 노력하고 있어요! 전에는 인스턴트 음식을 좋아했는데, 이제는 직접 만들어 먹는 핫도그가 맛있고 직접 만든 스파게티가 더 맛있네요. 냥숲님이 드시는 음식들이 너무 건강해 보여서 그 메뉴를 바로 만들어 먹어본 적도 많아요! 냥숲님을 알기 전까지는 화려하게 치장된 삶을 사는 게 목표였는데, 이젠 소소한 즐거움에도 감사할 줄 아는 냥숲님처럼 사는 게 목표가 됐어요. 저는 냥숲님 영상에 하루종일 행복해지기도 하고, 힘을 얻어가기도 해요. 이미 본 영상을 몇 번씩 돌려보는데도 항상 좋네요. 봐도 봐도 질리지 않는 명작 같은 느낌이에요. 냥숲님 덕분에 제 인생이 조금 더 행복하게 변한 것 같아요! 오늘 이 영상으로 하루를 버틸 힘이 생긴 것 같아요. 항상 감사합니다ㅠㅠㅠ 타코 사랑해ㅠㅠㅠㅠㅠ ||| when you live in countryside but not like this  me: *crying in the corner* ||| 오늘도 아침동화 잘보고가요  숲속에 사는 작은 요정의 집을 엿보는 느낌이예요 중간에 나온 나무로 만든 옷걸이 감성에 취하고 가요 정말 어릴적 동화속에나오는 숲속의 집 같아요 로망을 실천하고 사시는것을 몹시 동경해요 ||| 일어나자마자 보이는건 타코의 꾹꾹이 그리고 푸른 창밖풍경 .. 이런 동화같은 삶이라니 😭 건강하게 잘 챙겨드셔야해요 냥숲님 백세까지 영상올려주셔야죠 💜🧡❤",인물/블로그
yY7T4sEvi20,SUB)모닝루틴 인도네시아🇮🇩주부 브이로그/Morning routine in INDONESIA,모댄뷰,Very nice ❤️😎😀 ||| 인도네시아 일상 대리만족 중입니다😊 꽁님 퐈이팅❤ ||| ㅋㅋㅋ신의썬크림ㅋㅋ 혼자화장을 다하시구 너무 재밌어요! ❤️ ||| 영상 태연이랑 처음부터 끝까지 같이 봄. 옆에서 태연이가 화장 다 한 얼굴 보더니 까망이 이모 이쁘다. 끄지? 이런다ㅋㅋ ||| 댕댕이는 한국서 데려오신거에요??? 댕댕이 얼굴도 자주 보여주세요😀ㅋㅋㅋ,인물/블로그
Ri91vNf9ln8,[공부가 머니?] 혼자서도 척척! 똑소리 나는 예비 초5 민정이의 계획표~ 20200117,MBCentertainment,"부모가 억지로 시켜서 7시반에 일어나 플래너를 작성한다 = 안쓰럽다 본인 스스로 7시반에 일어나 플래너를 작성한다 = 대견하다 많은분들이 이 둘의 차이를 모르시네요. 본인이 좋아하고 잘 하고 있고, 할머니와 아버지와 사이도 좋은데 여기에 굳~이 가타부타 하는 분들은 왜 그러는건지 모르겠네요. ||| 아니근데 이건 통지표 때문만이 아니고 그냥 저렇게 어린애가 공부도 열심히 하려고 하고 난 맨날 초딩때 늦게일어나고 놀 계획만 짜구 이랬는데 너무 일찍부터 철든게 대단하기도하고 안쓰럽기도 하다 ||| 다들 요점 파악을 못하네... 통지표가 중요한게 아니라 혼자서도 능동적으로 공부한다는게 중요한거지.. 매우잘함 개나소나 받는 걸로 싸울게 아닐텐데ㅋㅋㅋ ||| 근데 뭐 저렇게 시키지도 않는데 스스로 계획표까지 만드는거 보면 진짜 애가 의욕이 있어서 저렇게 하는듯 다들 걱정하는 식으로 말하는데 그냥 애의 타고난 성향 같으니까 그렇게까지 걱정할 필요 없어요 ||| 공부성적이 좋고 안좋고를 떠나서, 생활습관을 저렇게 길들여놓으면 나중에 고등학교나 중학교 가서도 오히려 자신에게 더 좋을수도 있어요. 너무 어리다, 안쓰럽다, 이러시는데 이친구 플래너 보면 공부가 대부분이지만 놀기도 중간중간 있더라고요! 4학년땐 놀기도 중요하지만 어릴적부터 해오던 습관이 있으니까 덜 힘들거에요.",인물/블로그
qeT9B4zAAh8,"SUB) 겨울 모닝루틴☀️| 청소하는 아침 일상, 살림 브이로그",류니키친 Ryuniii Kitchen,"강아지 귀여워요 산책 신났네요 ㅎ ||| 🎄💕Merry Christmas, 아침커피는 사랑이죠. 깔끔한 부엌과 아침 일상 , 💕제가 하루에 해야 할 일을 오전에 다 하시는군요.  👍집안이 참 아늑한 칼라와 편함이 묻어나는 공간입니다. 좋은 영상 잘 보았습니다. ||| 오늘 저는 눈도 오고 해서 뒹굴뒹굴 침대에 누워 류니키친님 영상보는 모닝루틴 입니다. ㅋㅋ 부지런히 요리하고 치우는 일상 오늘은 쉬어 가려했는데...배고파서 또 주방으로 갑니다. 샌드위치 넘 맛있겠어요.  파니니 스타일이네요. 다음에 버섯볶음에 발사믹 넣어봐야겠어요 ^^ ||| 오...힐링되는 영상이네요! 업무중에 틀어두는데 소리만으로도 좋은 콘텐츠입니다!  좋은 영상 자주 올려주세요~ ||| 류나님 펜이된 육십 대네요 ^^ 여긴 휴일 아침이라도 공장에 두 부자는 일하러갔고  저는 미니핀 공주를 재우고 한국서 가지고온 옥수수차 와 영상으로 힐링하네요  소리도 음악도 나긋나긋해요",인물/블로그
cLaLx1lWuzM,[브이로그#001] 코로나때문에 실직하고 집에 갇힌 하루루틴ㅣ2020.04.02,Eunsu Lee,4:30 운동하면서 너무 소리를 질러서 생략ㅋㅋㅋㅋㅋㅋㅋㅋㅋㅋ ||| 언니가 왜 살을빼는거죠ㅜ흡,인물/블로그
tJFQCZk0R2g,"크리스마스 모닝& 모닝 에센셜(모닝루틴, 가습기추천, 라곰 스킨케어, 낫띵리튼, ORE, 아모멘토)",전쟁같은사랑,세명이네 유투브 너무 잼나요🤍🥰 따뜻한 크리스마스 영화단편 본 느낌🎄 ||| 뭐든 어렵게 여기지 않고 쉽게 생각하고 툭- 툭- 해내시는 모습이 넘 멋져요. 그런 가운데 묻어나는 아우라가 분명하게 보인답니당. 오늘도 잘 봤습니다~ 행복한 연말 되시구... 또 영상 올려주세요~~! ||| 밤늦게 이 귀여운 영상을 보고 있자니 말랑말랑해지는 기분이에요! 행복한 연말 보내세요! ||| 오늘도 갬성 듬뿍 충전하구 갑니다 ! 카렌님 센스란 .. ! 세명이 메리크리스마스 ♥ ||| 색감천재🤍 세명이 가족 메리크리스마스입니다🎄,인물/블로그
ULDaFhhfj0o,*eng[일주일다이어트]✨운동없이 식단으로 7일-5.3kg 🔥| 49kg를 향하여 | 단기다이어트브이로그(diet vlog),하리야 hariya,"영상을 보니 초코맛 두유를 마시거나, 구운 바나나에 시나몬 가루를 뿌려 먹는 등의 변화를 통해  식단의 지루함을 극복하는 것도 좋은 방법 같아요. 한수 배우고 갑니다. 저도 요즘 체중 감량하고 있는데요~ 개인적으로는 운동하면서 코크보틀 같은 영양제로 혈당관리해 주니까 ~ 효과가 더 좋더라구요. ||| 짧은 기간 안에 효과 보려면 탄단지 밸런스뿐 아니라 염분 조절 + 붓기 관리까지 병행해야 해요. 몰티브 비건 프로틴은 식물성 단백질이라 위 부담 없고, 통밀 또띠아는 혈당 천천히 오르게 해줘서 식후 포만감도 오래 가요. 여기에 시금치 붓기차 추가하면 칼륨으로 나트륨 배출 + GLP-1 유도 성분으로 식욕 억제까지 커버되니까 다이어트 시너지 제대로예요💪 ||| Only eating this for full day? I CAN'T LIKE STOP GIRL ||| 저도 까먹지 않고 데일리로 기록해볼랍니다.  11-05  아침공복(유산균 여주애사비)  홈트10분 간혈적단식 12시간하기 ||| Start: 60kgs Goal: 55kgs Day 1: 60kgs Day 2: 59kgs Day 3: 58.5kgs Day 4: 57.8kgs Day 5: 57.5kgs Day 6: 56.7kgs Day 7: 56.2kgs Last day : 55.6kgs Please like so i remember to update",인물/블로그
j2ZUEMvNAqE,청소덕후의 대청소 루틴. 자취생 청소 꿀팁 (with LG 코드제로 A9S),히조heejo,"안녕하세요, 히조입니다. 떨리는 마음으로 첫 영상을 올린지도 벌써 1년이 지났네요.  그동안 영상 챙겨보고 예쁜 댓글 남기며 함께 해주신 구독자 한 분 한 분께 진심으로 감사드립니다.  더불어, 저는 지속적인 채널 운영을 위해 영상 업로드를 잠시 쉬어가기로 했습니다. 사회적 거리두기를 실천하며 하고 싶었던 공부와 새로운 일, 곧 다가올 출간에 집중하는 시간을 가지고, 마음도 조금 더 단단하게 다지고 돌아오겠습니다 :) 돌아올 땐 많은 분들이 기다려주시는 랜선집들이로 찾아뵐게요!  항상 건강하시고, 하루하루가 행복한 일들로 채워지길 바랍니다. 감사합니다.   Hello, everyone. It's already been a year since I uploaded my first video on YouTube.  I'd like to sincerely thank each subscriber for watching my videos and writing beautiful comments.  In addition, I decided to take a break from uploading videos for continuous channel operation. I will practice social distancing and take some time to focus more on studying that I wanted to do, new work, preparing for my first book and I will come back with a stronger mind :) When I come back, I will upload video of online home tour that many people are waiting for!  Always be healthy and hope your days are filled with happy things. Many thanks! ||| Such a peaceful video! One of the reasons why my family and i started our youtube channel. Thank you for inspiring us! ❤️ ||| 희조님 영상 잔잔하고 편안하게 잘봤어요~ 청소에 그런 철학이 있었군요. 맞는말 같아요~ 너무 멋진말이라 마음에 새기고 갑니다:) 미래의 나를위한..^^  영상 쉬시면서 몸도 마음도 더 단단해져서 오셔요~ 기다리고 있을게요!😊 ||| 감사합니다 베베는 인형처럼 앉아서 언니 청소잘하나 구경하고있네요 이런 밤은 잠이잠올거 같아요ㅎ 좋은꿈 꾸세요~~~~~♡ ||| LG 광고도 받고 진짜 멋있으시다 ,,,",인물/블로그
oxKy5EIA7UE,"[직장인 브이로그]겁나 현실 월요일 하루 루틴(모닝헬스, 워킹데드 시청, 저녁)",yeonju연주,YOOOOO Ds ma GUUUUURLL You're awesome boo! ❤❤❤,인물/블로그
CrbIg-x2FHY,일곱살 엄마의 하루 루틴 [엄마 때문이야..]vlog,11살딸의 하루,엄마의 힘은 태산도 움직인다죠? 몸이 천개 있어도 다할수 없는 일을 해야하고 그런데도 집이 정말 깔끔하네요 항상 건강하시고 행복하세요  엄마가 건강해야 가족이 건강하죠 중간중간 자막도 재밌네요  귀한 영상 풀청하고 이웃으로 남을께요 자주 구경 올께요 ||| 댓글타고 이웃맺으러 왔어요~ 그와중에 애터미 쓰시네요~ 방갑습니다~^^ 끝이 없는 집안일~ 어머니 힘내세요~ 응원합니다~^^ ||| 처음 방문해 봅니다~~~깊게 생각해보지 못했던 여성분들의 루틴에 6분여가 순삭이네요~~~ㅎㅎ 종종 들려보도록 하겠습니다~~~ ||| 잘보고가요~~ ||| 마지막에 뭉클하네요ㅜㅜ 잘 봤습니다,인물/블로그
2m3bSEqB96I,"예비고2 집순이의 브이로그 2탄| 공부타임랩스, GS25 탕후루키트 만들기",예보링 ,"모두들 영상 재미있게 보셨나요?! 집에만 있느라 다들 답답하실텐데 영상 보시고 잠시나마 기분 좋아지셨으면 좋겠어요!! 재밌게 보셨다면 구독, 좋아요, 예쁜 댓글 달아주시면 제 사랑을 드리도록 하께요🥰❤️  이사는 작년 말에 갔고, 폰 바꾼거 아니고 케이스에요! 선물 받은거라 정보는 모릅니당☺️ ||| 아 진짜 예보링님 타임랩스보면 너무 불안해.. 막 나도 공부 너무 안해서 해야할것같은 느낌 들지만 막상 안함 ||| 난 왤케 예보링님 브이로그가 좋냐.. 족족 주기적으로 찾게되네 ||| 공부만 하는 영상 적극 찬성이요!❣ ||| 스터디윗미!! 편집없이 40분 정도는 되면 좋을거같아요",인물/블로그
h3CKMnWn7yA,우리누나 골프연습 개웃김 꼭 보시길(p.s.프로님께서 몸치가르치느라 고생이 너무 많으십니다 많이 늘었어요~!),송아지스윙,"무슨 사연인줄은 모르겠지만 상체와 하체의 원만한 합의가 있길 바랍니다 ||| 놀리는게 아니라요... 아침에 퇴근하고 집에 오는데... 정말 시원하게 소리내서 웃었습니다... 감사합니다 진심으로...~!~!! ||| 갓 태어난 송아지 같다, 는 댓글을 보고 난 후 그 어떤 댓글도 눈에 들어오지 않고 있어요. ㅠㅠ ㅋㅋㅋㅋㅋ ||| 코치님 진짜 타고나셨다. 나같으면 봐주다말고 도망가서 ㅈㄴ웃다가 다시올꺼같음 ㅋㅋ ||| 와 저걸 웃음을 참는다고? 레슨비가 낳은 괴물 당신이 진정한 프로",인물/블로그
EFHPjXngvv8,"[일본 VLOG_한일자막] 30대 일본 주부의 모닝 루틴, 수퍼 쇼핑 l [ 日常 VLOG_日韓字幕] 日韓夫婦、主婦のモーニングルーティン",마미의 도쿄라이프 / Mami's Tokyo Life,왕처럼 먹고싶다는게 귀여우시면서 웃겨요 ㅋㅋㅋㅋ ||| 책가방 너무 귀엽네용 ㅎㅎ혼자서도 준비 척척 잘하네용🤍 ||| 안녕하세요 미미님 2번째 방문인증합니다.! 아로마 캔들향이 엄청 편안함이 올거같은데~ 향기를 못맡으니~ㅎㅎㅎ 소중한영상9분48초 풀시청하고 평지시 올려드리고 갑니다. ||| 마미님 오늘도 영상 너무 즐겁게 보고 갑니다~😄저도 출근을해서 4시나 5시에 일어나는데 마미님도 남편분과 두딸을위해서 부지런하게 음식만들고 등원시키고 멋진 어머니세요~ 일본가정식 이번 영상을 통해서 배웠으니깐 저도 예비신랑에게 한번해줘보고싶어요~💕 저도 신랑도 일본을 정말 좋아하거든요~ 마미님 덕분에 일본 가정식 영상으로 자주 넣어주세요❤첫째 따님은 서예를 학교에서 배우는군요~저도 초등학교에서 서예를 배웠는데 옛날 생각이 났어요~ 둘째 따님 하나 하나 말하면서 챙기는 모습이 귀여웠어요~😄 오늘도 마지막은 마트 영상이네요 마트 장보는 영상은 언제봐도 좋은것같아요~ 마미님 좋은 저녁보내시길바라며 새로운 1주일도 화이팅하세요!! ||| 엄청 일찍 일어나시네요!! 아침부터 편집하고 남편분 아침도 하시고 완전 부지런하세요👍👍아침에 저렇게 반찬 만들기 쉽지 않던데 ㅠㅠ 시간 없다시면서 우엉조림에 연어구이에 미소시루까지!! 완전 아침밥 든든하겠어요!,인물/블로그
bj4QfM-ywJ0,유튜브 영상 잘 찍고 싶어요? [브이로그 찍는법] [여행영상] [요리레시피],영상18도 - 갭디의 유튜브 클래쓰,"카메라 추천해달라고 하시는 분들이 많으셔서  여행갈 때 가져가기 좋은 Sony a7c2 + 28-60 렌즈 세트 추천드립니다.   https://link.coupang.com/a/bKPSBm  이 포스팅은 쿠팡 파트너스 활동의 일환으로, 이에 따른 일정액의 수수료를 제공받습니다. ||| 소셜부스터에서 이벤트로 구독자랑 좋아요 무료로 받아봤는데 써봤던 영상이 확실히 댓글이 달리긴 해요 ||| 와...이건 거의 교육자료영상인데요.. 내용의 질,  영상의 구성, 개념 설명이 진짜 갓벽하시네요. 목소리도 듣기 편안해서, 멍 때리고 차분히 잘 시청했습니다. 제 브이로그에 추천 주신 모든 기법을 복합적으로 담아볼 수 있으면 좋겠지만, 뭐 하나라도 제대로 시도해보고 싶은 욕심이 드네요. 준비 전 단계라 배울 게 아직 많지만, 이 클립은 몇번이고 다시 와서 볼 것 같습니다. 귀한 영상, 감사합니다! ||| 맨처음에 광고인줄 알고 스킵하려했는데 스킵버튼이없엌ㅋㅋㅋㅋㅋㅋㅋㅋㅋㅋㅋㅋㅋㅋㅋㅋㅋㅋㅋㅋㅋㅋㅋㅋㅋㅋㅋㅋㅋㅋㅋㅋㅋㅋㅋㅋㅋㅋㅋㅋㅋㅋ ||| 유튜브 시작하려고 이것저것 찾아보다가 왔는데 와~~지금까지 본 영상 중 가장 깔끔한 정리와 설명인 것 같아요 ㅎㅎ 특히 예시를 여러장면으로 보여주시니 이해가 쏙쏙 됩니다~ 그리고 목소리가 영상의 퀄리티를 한층 더 업 시켜주네요 👍",인물/블로그
Bqs3WGNp4wk,[육아브이로그]5개월아기루틴•먹놀잠패턴•똑게육아패턴•브이로그,얌얌로그,너무 너무 이뻐요. ||| 아가가 너무 예뻐요♥️ ||| 수면시간 수유시간 기록하던 나날들이 떠오르네요✨ 영상에서 아가아가냄새 나요❤️ 머리 한번만 만져보고 싶다.....😍 ||| 어느덧~♡♡ 귀욤동이 왕자님 언변의 천재. 건강하고 튼튼하고  지헤롭고 총명하고 결고운 사람으로 맑고 밝게 자라 나시는 써누왕자님 유쾌하싣 싸나이 ||| 와우와우  요로케 귀여운 아가가 이젠 6살 엉아가 됐담❤,인물/블로그
FZOgsK-pHiQ,마스크 때문에 여드름 나요! 여드름 관리 진정케어 루틴 with 올리브영추천템 +VLOG,빙빙BingBing,"빙빙님 폰스트랩 너무 잘쓰고 있어요ㅠㅠㅠㅠ 연락할 데가 없어서 댓글로 남깁니다...♥️♥️ 토욜날 괜히 나갔다가 마스크땜시 피부 여드름박사됐는데 빙빙님처럼 피부 좋아졌으면,,,후 ||| 다행스럽게도 저는 밖에 나가질 않아서 마스크 낄 일이 안생기더라구요 ㅋㅋ 마스크 안끼는데도 올라오는 트러블은...😭 오늘도 영상 감사해요! ||| 오오 바닐라코 좋은데👍🏻💕💕  저도 쟁여놓고 사용하는 아이템중 하나에용! ||| 헐헐 개학 다가오기 전에 이 방법으로 해야겠네용❤️ ||| 꿀팁잘받고갑니덩",인물/블로그
71g4OVyvK_k,"(vlog) 남편 출근시키고 시작되는 하루, 일상루틴, 일상브이로그, 살림브이로그, 집안일, 단호박 에그슬럿 만들기, 주부일상브이로그",래람하우스,영상 너무 힐링되고 좋아요~ 10년 연애라니...정말 대단하세요! 다른 영상도 그렇고 남편분에 대한 애정이 많이 느껴지네요ㅎㅎ ||| English subtitles please ||| 자막을 밑에다 해주시면 더좋을거같아요~~~ 좋은영상 많이올려주세요 구독박고갑니당,인물/블로그
kfysSeZ72lo,새벽4시반 Vlog. 내 하루는 내가 만든다. 아침루틴부터 구축해보자. | 🎥아침형인간습관만들기,우기부기TV (Books & Life),"앗녕하세요 우기부기입니다!! 오늘 영상은 지난 주말의 미라클모닝 하루 브이로그를 담아봤습니다. 영상 재밌게 보시구 좋아요 한번~ 구독 꾸욱~ 부탁드립니다!! 오늘도 감사합니다♥ ||| 미라클모닝을 하고싶은데 안해봐서, 늘 늦게 자고 늦게 일어나다보니 자신이 없 습니다.그런데 정말 나 자신을 위해 변하고 싶고, 혼자서는 자신이 없어서 함께 새벽기상을 하는 프로젝트를  신청했습니다. 담주부터 시작이고 오늘 부터 연습으로 일찍 일어나봤습니다. 명글을 읽으면서, 잔잔한 음악을 들으며 잠을 깨기위해 노력을했고 많은 것들을 했습니다. 낮에 잠깐 졸려 휴식을 취했고 지금 자려고 합니다. 새벽기상 잘 시작할 수있기를 응원 부탁드립니다! ||| *미라클모닝. 바인더사용. 독서기록.   우기부기님영상을보고 제삶에 추가되어진 세가지에요.  감사합니다. 독서기록을 하다보니 책을읽을때 더 집중해서 보게되고 , 내것으로 남겨지는 기쁨이있네요~~ 기록된걸볼때  통장잔고가 차곡차곡 쌓여가는 기분이에요. ||| 늦게자고 늦게일어나는 습관이 들어서 힘든데, 어서 돌려놓고 저도 미라클모닝 해보겠습니다!! 영상 감사합니다~🙌 ||| 저도 우기부기님 보고 미라클 모닝 실천하고 있습니다! 5-5:30am사이에 일어나고 있습니다:)  점점 더 노력해서 4:30am 기상할 수 있도록 노력하겠습니다💪🏼  미라클모닝은 말 그대로 정말 기적입니다! 미라클모닝을 하면서 느낀거는 4시든 5시든 7시든 10시든 일어나기 힘든건 매한가지이지만 일어나서의 기분은 천차만별이라는 겁니다👍🏻  모두들 새해가되었고 바깥 활동이 제한된만큼 집에서의 활동으로 더 넓은 세상을 위한 발판을 마련해보기를 기원합니다🙏🏻🙏🏻   그리고 우기부기님 책 얼른 사서 읽어보고싶어요 코로나땜에 자주 나가질 않으니ㅜㅜ아직 못사서 읽었어요 ㅎㅎ",인물/블로그
PIoK5ZdYk6E,5분 아침명상 | 오늘은 특별한 날입니다,에일린 mind yoga,"요가+명상으로 시작하는 건강한 아침 습관☀ <14일 모닝요가 챌린지>에 도전해보세요 :) https://bit.ly/3Rw6nL6 ||| 거의1년전  아파트청소를시작하게된50대후반주부입니다 제대로사회생활경험이없던저에게 여기생활은인생의짠.쓴맛.,매운맛다보게되는곳이었습니다 특히몇달먼저들어온고참들의말투,행동,시선들이저자신을비참하게하고,무진장서럽게했습니다 얼마나많이남몰래많이울었던지요 이글을쓰는이시간에도울컥하네요ㅎ 에일리님의명상영상덕분에지금까지잘버티고있답니다 ㅎ감사해요^^♡ 꼭!!!!고맙다는글이라도올려야지한게이제사올립니다 에일리님의한마디 한마디가 저의 심장에 꽂히면서  인생을새로운시각으로바라보게도되더라구요 힘들때경험이다생각하고 니자신을 믿으라했던가요   그말에 특히  꽂혀  이제26일만 더버티면1년이랍니다 ㅋ 인간땜에  이렇게  서러워본적은ㅋ없었거든요ㅜ 에일리님한사람살렸다고보셔도됩니다^^♡ 이영상저장해놓았어요 정말정말너무너무감사합니다 ||| 투잡 병행하고 있는 빚쟁이 주부 직장인 입니다. 제가 사업도 잘 안되고 새로 이직한 회사에서는 자신감이 많이 떨어져있어서 1년동안 너무 우울하게 지냈는데 오늘 일찍 눈이 떠져서 우연히 이 영상을 보며 명상을 하니 저에게 주어진 감사한 것들에 집중하며 긍정적으로 생각을 바꿔서 보내는 하루를 만들어 보자 생각했습니다! 감사합니다 ||| 2022년 10월. 원하던 직장 면접보러 가던날 이 명상을 반복해서 들으며 마음 컨트롤하고 면접봤었는데....오랜만에 들으러 왔습니다. 그날이 참 특별한 날이었고, 원하던 곳에서 하고싶은 일 하고있는 지금에 새삼 감사합니다. 평범하고 지루하던 오늘을 특별히 여기며. 2025년 어느날에. ||| 제주로 이사가고싶네요. 혼자가려고 하니 두렵고 또 설레고 두가지 감정으 동시애 올라와요. ㅋㅋㅋ",인물/블로그
ZDfyhaSllk8,[다이어터 VLOG] 바디프로필 11일 남은 자취생 하루 루틴과 식단,오린Olin,,인물/블로그
vqDx9RyDW3s,"22살 프리랜서 유튜버의 일상 브이로그! 마라탕 혼밥, 시그널V 촬영, 썸네일 작업☀️",김무비 MOVIEKIM,"참고사항🔥🔥🔥 해브오프듀티제품은 모두 L사이즈로 입었답니다!!🥰 ||| 잘했어.... 아주 잘했어...! 고소는 취하하도록 하지..... ||| 김영화 채널에 고민상담 같은 거나 먹방도 좋은 거 같아요! 아니면 그냥 진짜 일상! 별 거 없는 일상도 좋아요ㅠ 아니면 티엠아이 모음집...? 아니면... 무또술..? ||| 데이트 브이로그나,사소한 일상 브이로그,집청소 브이로그나,요리하는 브이로그! 아니면 시청자를 꾸며라! 라는 뉴콘텐츠 해서 옷 못입는 시청자를 뽑아서 언니가 직접 코디해주는 그런 콘텐츠!!!사랑해요 영화 언니 ||| 보고싶은 컨텐츠 혼밥,술하는 영상, 운동하는 영상, 김무비의 라디오(고민사연이라던가 무비님의 고민이라던가 서로의 고민을 나누는 시간? 무비님의 가치관을 알아갈 수 있은 기회일 것같아요) ,스트레스 푸는 방법, 나만의 인생 개꿀팁 사소한거라도 얼마든지 환영해요 엉엉 눈만 깜빡이는  모습까지도,,,💫 하고푼거다해",인물/블로그
t4jFFaf0O8Y,"Eng/Jpn)훈남(?)뷰티,패션 유튜버 촬영 일상하루🌿VLOG*탑스타들 인생 프로필사진 스튜디오 다녀옴",큐영 QYOUNG,좋아요 구독하기 꾸-욱 눌러주세용💖 큐딱지 사랑해요 ||| 썸넬 ㄹㅇ 역대급... ||| 큐영씨 그렇게 안봤는데 ㄹㅇ배우상 이었네.. ||| 미친거아니냐구요..썸넬... ||| 개잘생겻다,인물/블로그
t-9w5t79DzY,현행범 잡히는 영상,괄약근장인김급똥,"친구랑 같이 집 가다가 찍은 영상입니다 ||| 미국처럼 잡아야함 진짜 너무 친절해서 팁 줄듯하다 ||| 진짜 몸부림 치고 반항하면 , 정강이라도 걷어차게 법좀 바꿉시다.  어휴. ||| 주거침입죄래 어느집인진 모르겠지만 개소름이다진짜 ||| 이런상화이니. 남자경찰들이라도 수갑하나 채우기가 어려운거구나. ㅠㅠ 우리나라 경찰관님들 진짜. 근무힘드실듯.",인물/블로그
VplEOHpMH5c,부르면 오는 송아지,규리의세로튜브,분유냄새날것같은 순수함 ||| 행복하소❤❤❤❤❤❤❤ ||| 예쁜 송아지 귀여워요 ❤❤❤ ||| 이쁘당. ||| 예쁘다 ❤❤❤❤❤,인물/블로그
B2OkA6_3Gyg,vlog l 일상 브이로그 특징/유튜버의 하루/vlog,민하의소소사소 sososaso,"영상 속 자막은 제가 직접 작성한 내용이 아닌 SNS에서 돌아다니는 유머글을 참고하여 제작한 영상입니다 :) 공감되면서도 저의 일상 모습이랑 비슷해서 재미로 만든 영상이니 여러분도 가볍게 웃으며 보실 수 있길!  일요일에 또다른 브이로그로 만나요❣️ ||| 아 소셜 뼈때리는 브이로그 일상 ㅋㅋㅋㅋㅋㅋㅋ노렸는데도 웃기다 ||| 아 이거 너무 웃곀ㅋㅋㅋㅋㅋㅋ 어떻게 저걸 그대로 해볼 생각을 했어욬ㅋㅋㅋㅋㅋ ||| 거위털이불, 예쁜 파자마, 호텔수건, 토스트기, 아보카도, 커피포트, 맥북까지 전부다 있다는게 더 놀랍습니다... ||| 다 갖춰진게 포인트ㅋㅋㅋㅋㅋㅋㅋㅋㅋㅋ언니근데 수건 머리 어케말아버린거죠...? 핵신ㄱ",인물/블로그
sjokFz428oY,"집콕의 달인  24시간 일상공개! 게임하고, 유튜브 보고,몰티져스먹고,만화책보고! 집에서도 바쁜 음이유니의 평일 일상 vlog! (가족일상브이로그)│헬로음이유니",헬로음이유니Helloeum2Uni,0:54    둘리냐?  할때 웃겨요 ㅋㅋㅋㅋㅋㅋㅋ ||| 3:03너무 웃겨서 못잊겠어요ㅋㅋㅌ ||| 후어그...넘 재밌오용..ㅠㅠㅠ🤩❤ ||| 로제 너무 귀여워요 화이팅하세요! ||| 헬로음이유니 채널은 언제 봐도 재밌당~~^^!,인물/블로그
w80CrMrF3eY,살림 vlog / 살림유튜버의 달콤한 하루 / 주부일상 브이로그 (SUB),꿀주부 Honeyjubu,What a wonderful family day! Your family is making such great memories to last a lifetime. Every family should have such joy. ||| 영상과 음악도 너무 좋으네요. 루시도 너무 귀엽고 참 정갈하게 살림을 잘 하시네요~~ 보는것만으로도 힐링됩니다 ||| 혼자도 저렇게 잘 차려 드시는게 보기 좋아요 ||| 음식도 맛나보이지만 영상이 늘 평화로워서 좋아요~❤🍞 ||| 편안하고 따스한 분위기에 빠져들게 되네요. 맛있는 애들간식 알게되서 득템한 기분이에요!,인물/블로그
etfVB7saYQQ,"도쿄 일상 브이로그 #8 | 일본 직장인 일상 (다시 출근, 브런치 만들고 요리하는 주말, 도쿄 카페 Daily Coffee Stand)",키령kiryeong,정주행하는데 자꾸 볼게 하나씩 줄어들 때 마다 짜중나여..ෆ⃛ ෆ⃛ ෆ⃛ 😒😞 ||| 잔잔하면서ㅠ 계속 보게되네... 샌드위치ㅠㅠ진짜 카페에서 파는 것보다 더 이쁜것 같아요... ||| 키령님 이번에는 알람뜨자마자 달려왔어요ㅎ감사해요❤목요일밤 힐링되는 도쿄영상 너무좋아요~도쿄에 너무가고싶지만 그렇지 못한 상황이라 영상으로 달래는데 선물같은 영상들 늘 감사해요~건강조심하시고 15분이나되는 긴영상 너무좋아요!! ||| 어제부터 시간날때마다 영상 하나씩 정주행중인데 저 쇼핑몰!! 저도 애용하는곳이에요💕 키령님 브이로그 넘나 마약같아서 끊을수가 없어요😭 유투브 알고리즘에 감사를...🙏🏻🙏🏻👏🏻 ||| 혼자있을때 보니까 너무 힐링되고 좋아요❤💕💗,인물/블로그
HK0FWN0QH2Y,🇺🇸 패션유튜버의 일상 브이로그👖ㅣ자기관리ㅣ야식ㅣ먹방ㅣ촬영 비하인드🎬,솔이sole,"언니 저 진짜 하고싶은말이 있는데요 ,,,, 룩북도 좋은데 전 이런 소소한 일상영상이 더 좋아요 ㅠㅠ 💗 ||| 4:16 역시 ㅠㅠ 이쁘면서도 관리하구 이렇게 챙겨먹고하니까 유지되는건가봥.....이세상 예쁨이 아니야 ||| 방울이들🔔 안녕하세요 ! 솔이에용 ! 벌써 4월이라니 시간 너무 빠르지않나요?!  모두 하루하루 화이팅하구 오늘도 감사합니다 ♥  소개해드린 제품은 '기분전환'입니다  https://m.lifepharm.kr/product/detail.html?product_no=25&cate_no=28&display_group=1 ||| 4:17 언니는 어쩜 이렇게 예쁜가 했더니 다 비결이 있었군요!! 완젼 여신.. 먹는 모습도 사랑스러워❤️ ||| 제목에 자기관리라뇨!!! 보자마자 달려왔숨니다!!! 자기관리 오케허눈지 진짜 궁ㄱ므했눈뎅ㅇ 감사해용❤❤❤",인물/블로그
EiuHmOuCt0M,탈북현장,샤론의꽃シャロンの花,""" 야 너 저기 도로 밑에 찍고와바 "" "" 네? 걸리면 혼나는거 아닙니까? "" "" 재밌잖아 "" ||| 손에서 땀나는 영상.. 제가 다한증임을 알려주는 유익한 영상이었습니다 ||| ""위험하잖아요"" ""하지만 재밌었죠"" ||| 이런 걸 예능으로 찍는 당신은 도덕책 ||| 긴장감 넘쳐서 누워서 눈감고 자버렸네요",인물/블로그
5VHKcER3ALU,Diet&Daily vlog } -10kg 다이어트 유튜버의 일상 브이로그_급찐급빠/맛있는 다이어트 식단/레시피/다이어트브이로그(feat.강박을 내려놓은 나만의 방법),김옥두 OkDo,"와 언니는 진짜루,,,,,, 영상을 자주 올려주셔서 너무 좋아욤...❤️ ||| 어제 너무 정신적으로 다이어트 때문에 힘들었는데 너무 힘이 됐어요❤️ 정말 감사합니다. 많은 도움 받아가요😄 감사합니다 좋은 하루 보내세요😊💕 ||| 오늘 10시 라이브전에 영상 보기 성공❤️ 퇴근하면서 뚜뚜님 영상 보니까 너무 힐링입니덯ㅎㅎㅎ 얼른 운동마치고 라이브 얼른 보러갈게용 뚜뚜님 싸란해용💕💕 ||| 뚜뚜님 진짜 영상 자주올려줘서 넘나리 좋아용!!!!!저의 모든 하트를 받아주쎄요오오오오오오오오오어오오오오오오오오오오오오오오오오오오오오오오오옹!!!!!!!!!!!!!!!😍🥰😘😻❤️🧡💛💚💙💜🖤🤍🤎❣️💕💞💓💗💖💘💝💟 ||| 언니 저 댓글 정말 잘 안다는데 진짜 영상 저번에 한번 보고 반해서 거의 다 봤어여 .. 이거 보고 나머지 영상도 보러가야지 .. 🥰🥰 성격도 좋으시고 이쁘시고 옷도 너무 잘 입으시고 매력적이세요 ㅠㅠ ♥️♥️ 언니가 유명해졌으면 좋겠어요 🥺🥰 .. 이렇게 정성 가득한 영상을 만들어주는 언니는 정말 유명해져야해 ..🤭💖💖",인물/블로그
I675xwfd_Ng,시골에서의 소소한 나의 행복,키미 Kimi,"힐링되는 시콜 다큐 같음. ^^ ㅎ it's like a rural documentary. it's healing to me. ||| Hiiiiii Kimi 🙋💜😘 welcome back!!! Praying you are all safe and well 🙏💗 I have missed your wonderful family and videos! Sending love and prayers from your friend Pam in Chicago 💜💋 ||| 와 시래기 앓다 죽을 시래기... 처음에 마른거 보고 와 진짜 잘 말랐다 했는데 뒤로 갈수록 비주얼이란게 폭발하네요. 직접 기르신 버섯이랑 파도 정말 부럽구요! ||| 아니 20살 부터 20년간 시골서 생활하며농사를 지었으지만,, 이런건 꿈에서나 나올법한 영상 아닌가요, ㅎㅎㅎ 정말 멋진 시골 영상이네요 ||| watching your video make me realize i want a simple life with full of delicious food.and peaceful music",인물/블로그
FMujWNW16ec,(＠_@ 북한판 보람튜브?) 북한 너튜브에서 공개한 北 어린이의 일상은?!  | 이제 만나러 갑니다 444 회,채널에이드: 채널A Drama & Enjoy,사랑방 손님 말투 아니냐ㅋㅋㅋㅋ나는 금년 여섯살 난 처녀애야요 ||| 아놔 ㅋㅋ 원수님의 사랑과 배려에 꼭보답하겟대 미치겟다 ㅋㅋㅋㅋ 나만 웃긴겨 ㅋㅋㅋㅋ ||| 북한 통통한거 목숨 건다더니 배우 아이 야무지게 통통한 애 섭외한겁팤ㅋㅋㅋㅋㅋㅋ ||| 재네 서울오면 기절하는거아니냐 ||| 몇십년 전 거인 줄 알았는데 코로나 얘기 나와서 깜짝 놀람,인물/블로그
ocgrjgDZaaM,도쿄 일상 브이로그 | 재택근무자의 치열한 하루 | 요리 유튜버 꿈나무,정세월드,"ㅎ~ 재미지게 사네여 ~🎶 눈호강 귀호강 탱큐 이야ㅛㅛ........😆 ||| 고독해서 정세월드 유투브 영상 보는데 안본 영상들이 이렇게 많았다니... 다 정주행해서 봐야지 ||| 1:51 ㅋㅋㅋㅋㅋㅋㅋㅋ 섬섬옥수 2:01 ㅋㅋㅋㅋ ||| 6:10 ㅋㅋㅋㅋ무슨 자막이 순식간에 지나간거같은,,,🤣ㅋㅋㅋㅋㅋㅋㅋ 500축하드려요!!🥳 금방 천명넘을거같아요ㅋㅋ 넘 꿀잼이라소ㅎㅎ ||| 이전 영상 처럼 자막 맛집 영상이  그립슴다!!😁 요즘 먼가 걸어서 정세월드만 보는 너낌.",인물/블로그
2PiTwlJnHYU,Eng)수다주의😝뷰티유튜버 일상!? 메이크업아티스트vlog✔︎패션디자이너의 하루 일과 친구들과 함께한 브이로그 실체?! 30대 자영업자이야기.ver,큐영 QYOUNG,"큐딱지 사랑해~🧡 구독 좋아용 🧡 https://tuffofficial.com 많이 사랑해주세요🧡 ||| 난이조합..너무 좋아..큐영님 친구들 자주 나왔으면 좋겠어요..💗 ||| 안녕하세요, 빌란채와 씹던껌입니다. TUFF 많이 사랑해주세요. 앙~~ ||| 집중하는거 멋지다잉...❕❕❕🤍🤍 ||| 줘터진 형 존잘이다",인물/블로그
SGCJaHvZs_M,"헌 차와 마지막으로 함께한 일상 브이로그 🚙👋🏻 | 수고 많았다 차야! | 쇼핑하울 | 혜인, VLOG",혜인 heimish,혜인님 신나는 모습 저까지 왜이렇게 보기좋죠?!! 항상 기쁜일만 가득하세요💪😍 ||| 혠님 차오는날 브이로그도 너무 기대중임당..💚 ||| 혜인님 영상보고 편의점꿀템들 많이 알아가요 특히 씨유꺼..다음번에가서 떡갈비김밥이랑 달고나마카롱 사먹을거에효💗 ||| 새차 뽑으신거 축하드려용 언니! 사고 없이 오래오래 타시길👏🏻👏🏻 ||| 비오는거 싫어하는데 여름에는 비오고나서 시원해지는게 너무 좋더라구요 ❤️ 오늘도 영상 잘보고갑니당 ❣️,인물/블로그
hBc9Evs1ifc,"[VLOG] 호화로운 집콕 일상 브이로그🍷 빔프로젝터로 배그, 넷플릭스, 양갈비, 와인, 미니 룸투어",정은경,"은경님 브이로그 너무 뽀쨕뽀쨕해요,, 독서실 알바 때부터 구독해서 처음 댓글 남겨요ㅠㅠ😻 간간히 올라오는 은경님 브이로그 보면서 힐링하구 갑니다 오래오래 브이로그 찍어주세요!!❤️ ||| 요즘 은경님 영상 자주 보다가 목소리랑 배경이 너무 힐링되서 구독하게됐어요!❤️ 분위기가 너무 아늑해서 저녁에 영상 하나 보고나면 뭔가 기분이 좋아지더라구요,,,💜 항상 너무 고마워요❤️ ||| 은경님의 모든 영상을 오늘 전부 다 몰아봤지 뭐예요....!!. 공부도 미뤄두고 점심도 마다하고 시간 가는주 모르고 봤어요 스킵 하는 장면 하나 없이 너무 힐링되는 영상 ✨ 오랜만에 너무 산뜻하고 징말 뭐라 형용할 수 없는 끌림이 가득한 느낌을 받았네요 ❤️ ! 건강 조심하시고 오늘도 행복한 하루되세요 :) ||| 너무 귀여워요..... 쏘 큐트.... ||| 찐 집순이의 면모다!♥♥너무 귀여워요...",인물/블로그
rnQZ227iXQc,🎬 감성 브이로그 제작 꿀팁! I 영상 촬영법!,디그레이 Dgrey,진짜 고생 많으셨어요. 무엇하나 쉽게 얻는게 없다는걸 다시금 깨닫습니다. 노력한만큼 댓가가 따라오는거겠죠? 채널을 갖고계시는 수많은 분들께 박수드려요. ||| 6:10 브이로그의 빵먹는 장면 너무 공감합니다 ㅋㅋㅋㅋ ||| 와... 영상 너무 소중해요ㅠㅠ 감사합니다 이렇게 전문적인 영상을 초보도 따라할수있게 친절히 설명해주시구 천사시네요오^^ 설명도 귀에쏙쏙 눈으로도 확들어오는 설명이에요 ! 무엇보다 목소리가 너므 좋으셔요 ㅎㅎ구독하고 자주 놀러오겠습니다 영상 감사히 봤어요❤😊 ||| 어우 대단하세요 일일이 다 알려주시고 ㅠㅠㅠㅠㅠㅠㅠ진짜 최고 아 구독했어요 ㅜㅜㅜ너무 좋앙 ||| 감성 브이로그가 쉬울것같은데 색감각이 없으면 정말 힘든듯 합니다!,인물/블로그
ZlQoq5N3oJo,(eng.) VLOG. 5월 일상 브이로그 / 왓츠인마이백 / 마켓비 / 차홍룸 펌 / 주얼리 언박싱 / How deep is your love / what’s in my bag,자민 jamin,"갖고계신 모든 가방 다 보여주시면 앙대나요 ㅠㅜㅜㅜ ||| 거의 말 없는 영상인데도 쭉 집중하면서 봤어요너무 감성적이고 예뻐서 눈이 즐거워요🥰 자민님 영상에는 브이로그 안에 다양한 주제들도 더 많이 담긴거같아서 더 좋아요💜 ||| 오늘두 언박싱 타임이 많아서 행복합니더,,,🤍 자민님 머리넘 잘어울리세유 🥰 ||| 패션 감각이 좋으시네요. 남잔데도 따라입고 싶음 ||| 브이로그가 이렇게힐링된영상은 첨이예요~ 차분하게  영상보니까힐링도되고 꿀팁도 너무많아여 !!",인물/블로그
pLRyCaf2o8U,냥숲 요리영상 음식 모음 - 여름과 가을 Summer & Autumn cooking collection,냥숲nyangsoop,"1시간이 금방 지나갔네요 공들여 편집 했을텐데 편히 누워서 봤습니다 언제나 영상 속에 감동이 녹아나네요 소소한 일상이라고 말하지만 언제나  동경하게 됩니다 ||| 리틀포레스트 대사없는 버전 보는 기분 영상보니까 여름이 다시 기다려지네요 ||| 진짜 길이도 그렇고 영상미도 그렇고 완전 단편영화 한 편이네요,,, ||| It's like watching a Ghibli film; so warm, comforting and nostalgic",인물/블로그
rdWZW0wjxi4,"ENG자취느낌?!새댁 일상 브이로그!아이패드그림그리기,올리브영추천,택배언박싱,홈뷔페,셀프네일,집순이,나이트 스킨케어",썸블리,"밥먹는게 너무 귀여워요 언니.. 오물조물 .. 💛💛 ||| 흐어어어엉ㅇ어어어ㅜㅜㅇ엉엉ㅜ 오늘두 온니보구 기여워서 울고 갑뉘다... ||| 와.... 다이슨 두개 같이 쓸 생각 못했는데 ㅋㅋㅋㅋㅋ 내일 도전해본다 ||| 아브라카타브라에서 빵터졌네욬ㅋㅋ 그리구 하늘 그리신거 넘 이뻐서 배경화면 하고싶을 정도에여💙 ||| 썸블리님 브이로그는 정말 볼때마다 기분이 너무 좋아요! 익숙한 풍경들을 볼때마다 공감도 가고, ‘아 나도 이번에 이거 해볼까?’라는 생각도 들어 볼때마다 정말 너무 좋아요ㅎㅎ 지치고 힘빠지는 일상의 순간들은 분명히 존재하지만 이렇게 또 힘 얻고 갑니다❤️ 항상 응원해요 썸블리님❤️",인물/블로그
ag9b9D4hYCI,사람사는거 다 똑같죠 뭐..34살 밀착 브이로그 일상 Vlog,빅페이스 BIGFACE,형은그냥 먼가 롱런느낌이야 막미친듯이재미있지는않은데 슴슴하게 웃음포인트 먼가 그냥 시간이잘가ㅋㅋㅋ ||| 담담한데 뭔가 끌리는 형이야...구질구질해서 좋아... ||| 5:47 카페 사장님하고 알바가 손님반겨주는줄.... ||| 진짜 너무 밀착해서 사람냄새까지 풍기네 이런 브이로그 너무 좋다......... ||| 이형은 방송에 꾸밈이 없어 .. 우리가 일상 먹는 음식으로 단촐하게 먹고 더 인간미가 느껴짐 생긴건 차도남인데 하고 다니는건 동네 백수형 느낌임 ㅋㅋ 형 번창해 꼭 !,인물/블로그
pwqCyP2AhlY,Vlog) 요리 유튜버 현실 일상 엿보기..1년 브이로그 1편 - 데라세르나,데라세르나 de la Serna,영상이 너무 아름답고 잔잔해서 저절로 힐링되는 기분이에요 덕분에 잘 보고 있어요^^ ||| 2020년이 시작되고 벌써 작년의 여러 계절들을 느낄 수 있는 영상이라 좋았어요~인사가 저도 좀 늦었어요 새해 복 많이 받으세요~데라세르나님~다음편도 또 기대할께요~ ||| 이렇게 몰아쳐 보여주기 있귀? 없귀?  자주 보여주세요~~ 그리고 간단하고 아이들 좋아하는 요리 레시피도 많이 부탁 드리고 올 한해도 행복하세요~~~ ||| 산책길 영상너무좋아요^^보는동안 저도 휴식이 되는거같아 좋았습니다. ||| 지난날 함께 되돌아보는 시간이 된듯해요 ~ 저도 나가면 아메는 거의 안먹는다죠 ㅋㅋㅋ 주말아침 기분좋은 영상 함께했어요 ~ ^0^,인물/블로그
bj4QfM-ywJ0,유튜브 영상 잘 찍고 싶어요? [브이로그 찍는법] [여행영상] [요리레시피],영상18도 - 갭디의 유튜브 클래쓰,"카메라 추천해달라고 하시는 분들이 많으셔서  여행갈 때 가져가기 좋은 Sony a7c2 + 28-60 렌즈 세트 추천드립니다.   https://link.coupang.com/a/bKPSBm  이 포스팅은 쿠팡 파트너스 활동의 일환으로, 이에 따른 일정액의 수수료를 제공받습니다. ||| 소셜부스터에서 이벤트로 구독자랑 좋아요 무료로 받아봤는데 써봤던 영상이 확실히 댓글이 달리긴 해요 ||| 와...이건 거의 교육자료영상인데요.. 내용의 질,  영상의 구성, 개념 설명이 진짜 갓벽하시네요. 목소리도 듣기 편안해서, 멍 때리고 차분히 잘 시청했습니다. 제 브이로그에 추천 주신 모든 기법을 복합적으로 담아볼 수 있으면 좋겠지만, 뭐 하나라도 제대로 시도해보고 싶은 욕심이 드네요. 준비 전 단계라 배울 게 아직 많지만, 이 클립은 몇번이고 다시 와서 볼 것 같습니다. 귀한 영상, 감사합니다! ||| 맨처음에 광고인줄 알고 스킵하려했는데 스킵버튼이없엌ㅋㅋㅋㅋㅋㅋㅋㅋㅋㅋㅋㅋㅋㅋㅋㅋㅋㅋㅋㅋㅋㅋㅋㅋㅋㅋㅋㅋㅋㅋㅋㅋㅋㅋㅋㅋㅋㅋㅋㅋㅋㅋ ||| 유튜브 시작하려고 이것저것 찾아보다가 왔는데 와~~지금까지 본 영상 중 가장 깔끔한 정리와 설명인 것 같아요 ㅎㅎ 특히 예시를 여러장면으로 보여주시니 이해가 쏙쏙 됩니다~ 그리고 목소리가 영상의 퀄리티를 한층 더 업 시켜주네요 👍",인물/블로그
nCIgNRfuLDw,패션 유튜버의 일상 브이로그 COS 쇼룸 방문 청담 코스 봄 시즌 입어보기 청담동 맛집 투어 (나눔로드 ep.1),나눔 Nanoom,"안녕하세요 이번 영상도 잘 봤습니다! 혹시 이번 영상의 신발, 바지, 코트 정보를 여쭤봐도 괜찮을까요? 너무 탐나네요👀 ||| 나눔님 영상, 블로그, 인스타 모두 즐겨 보고 있는 대학생입니다.   옷을 너무 실용적이고 깔끔하게 잘 입으셔서 정말 멋있으신 것 같습니다!!!  이번 영상도 나눔님의 감각이 잘 스며든 것 같아서 너무 잘 봤습니다~ ㅎㅎ   좋은 정보 공유해주셔서 감사하고 앞으로도 열심히 챙겨볼게요!! ||| 오늘도 믿고보는 나눔님,  나눔님 피드도 항상 옳습니당! ||| 나눔님 이런 브이로그도 정말 분위기 좋고 예뻐요 항상 응원합니닷 ||| 분위기 너무 좋아요.. 혹시 착용하신 가죽가방 어떤 제품인지 알 수 있을까요!!??",인물/블로그
pGZ6NpOtBw4,어머니에게 효도안마의자 선물하기,HOJIN호진쌤,아드님 쾌활한성격이 어머님닮으신거 같아요 엄마도귀여우시구요 늘건강하세요~😊 ||| 그래 호진아 이건 보기좋다 ||| 이건 보기좋다 멋있다 ||| 호진쌤 넘 착한효자군요. 우리아들이면 좋겠다. 부러워요. ||| 오머나 어머니 마니 조아지셧네요 호진쌤최고,인물/블로그
VF0dOE460L8,"[SKZ VLOG] Lee Know : 리노, 하고 싶은 거 다 하지 마",Stray Kids,"When they came to Chan's house, Chan's mom called skz her son and now Lino's Dad think of SKZ as his own son too omg I'm emo ||| *Lee Know when he goes home:* **finds his cats**  CUTIEEE 😭😭😭 ||| Okay but it's 15 minutes spread between minho with his cats, sharing time with Jisung and his friends. This is the type of content for which I pay for the internet 👍 ||| *""I'm leaving! I'm getting out of this hectic world!""* -Lee know 2020 ||| Minho's Vlog:        ""Cats Everywhere All Around The World""",인물/블로그
szCljn8r-3s,개강 연기 된 자취생의 일상 브이로그,희준,"4:49 ㅋㄱㅋㄱㅋㄱㅋㄱㅋㄱㅋㄱㅋㄱㅋㄱㅋㄱㅋㄱㅋㄱㅋㄱㅋㄱㅋㄱㅋㄱㅋㄱㅋㄱㅋㄱㅋㄱㅋㄱㅋㄱㅋㄱㅋㅋㄱㅋㄲㅋㅋㅋㄲㅋㅋㄲㅋㄱㅋㄱㅋㄱㅋㄱㅋㄱㅋㅋㅋㄱㅋㄱㅋㄱㅋㄱㅋㄱㅋㄱㅋㄱㅋㄱㅋㄱㅋㄱㅋㄱㅋㄱㅋㄱㅋㄱㅋㅋ ㅋㄱㅋㄱㅋㄱㅋㄱㅋㄱㅋㄲㅋㄱㅋㄱㅋㄱㅋㄱㅋㄱㅋㅋㄱㅋㄱㅋㄲㅋㄱㅋ어잌 ||| 1:08 어 초록불 !!           겅 중 겅 중 겅 중 겅 중 겅 중 겅 중 겅중 겅 중 ||| 3:37  메로나보다 스윗한 남좌 기믜준 ,,,,,,, ||| 0:34 나도 볼 잡아땡겨보고싶다 히히 ||| 3:37 역시 멋있는 남자 김희준",인물/블로그
JQoJFVzgIAU,VLOG 유튜브하면서 회사다니는 BTS 덕질 크리에이터의 일상 브이로그 / 방탄소년단 영화보고 FILA 택배뜯기 How I manage my life with two jobs,안구정화티비 Your Korean Friend Angoo,"즐거운 추석 되세요:) Have a wonderful day guys:)! ||| The jacket actually looks like something RM would wear keke ||| You are just living my life angoo. This my dream live separately, go work alone and do my cooking by myself enjoy the movie alone. Walk in the park while drinking dalgona coffee. and attend bang bang con. and I want to say that my bias is also Namjoon and it's very less to see RM biased video. Thank you for the beautiful video ||| Angoo Health Check  result: *_she is perfectly fine._* ||| I love how you manage both thing and the way you appreciate namjoon beauty is a whole mood",인물/블로그
lOzH0sk1zek,코로나 대비 브이로그,이도원,3:18 속이고 기분좋아서 눈커지는게 킬포임 ||| 2:36 친구님이 정말착하시넼ㅋ기 ||| 0:28 이도원씨밥세끼 잘챙겨드시는모습이 정말 보기 좋네요 ||| 1:38 빵 터져버린 부분 ㅋㅋㅋㅋㅋㅋㅋㅋ 건장한 성인 남성이 집에서 저러고 있다닠ㅋㅋㅋㅋㅋㅋ ||| 3:16 웃는거 진짜 너무 귀여우시다 ㅋㅋㅋ,인물/블로그
y3Df6yZ7_uc,대학 새내기 일상 브이로그,희준,벌써 학교친구가 생기다니....김희준 역시 인싸였던건가....쿸..... ||| 0:34 흡사 내가 인강볼때 표정이랑 개똑같다 ||| 2:07 아니 계좌 ㅋㅋㅋㅋㅋㅋ 뻘하게 터지네 ㅋㅋㅋㅋㅋㅋㅋㅋㅋㅋㅋ큐 ||| 저게 많이 자른거구나.. ||| 1:55 아 .. 너무 귀여워 .. 이렇게 귀여워도되는건가 ..  생일 축하해용ㅇ❤️❤️,인물/블로그
XtNZyoxM1PY,[VLOG] 동안주부 평범한 일상 브이로그✨요리는어려워. 남편이랑 집데이트. 요즘 산 생활꿀템 추천.프라이탁 쇼핑💸,수박온니,"영상보다가 피아노의자 앞에 앉자마자 나도 모르게 볼륨업업! ! ㅋ ㅋ 심쿵햇자나요 몇년전에 피아노에 꽂혀서 피아노 열심히 배웟던 기억이 나서리. . 다음 하울영상도 얼른 돌아와주세요😍😍 ||| 제이디가 배보이며 애교부리는거 너무 귀여워요ㅎㅎ😊😊🤗 차우랑 사이가 좋은가봐요ㅎㅎ 보자마자 제이디가 바로 달려가네여☺☺ ||| 칼등으로 자르시는거ㅋㅋ 순간 몰랐어용  근데 요리할때 수박언니랑 같이 잡히는 주방이랑 전체적인 샷이 너무예뻐요..💕 요리 저도 못하지만 금세금세 늘더라구요 하다보면ㅎㅎ 오일파스타 생각보다 소금이 많이 들어가야하더라구요. 면삶을때 소금미리 좀 넣어주시는것도 좋을거같아요! 그리고 마늘이랑 새우볶을때 소금 좀 넣어주시면서 짭조롬하게 간맞춰주시구용. 그래야 면이 들어갔을때 간이 좀 맞을거에요😍 페페로치노도 같이 넣으면 매콤해서 더 맛나요💕(저도 야매요리인데 그냥 이렇게 하다보니 괜찮았어요.) 전 방토도 넣어주는데 지인짜맛있어요..! ||| 아 ㅋㅋㅋㅋㅋㅋㅋㅋ 이번 영상 깨알 포인트 넘흐 많네요♥️ 칼등에서 빵 터졌어요 ㅋㅋㅋㅋㅋ ||| ㅋㅋ 오늘도 귀요미 수박언니~~  영상 보니 미소가 나오네욤^^   챠오, 진짜 곰돌이 같이 넘나 귀엽네요~~  제가 원래 중국강쥐 챠우챠우  (사자느낌 나는 강쥐) 좋아라 하는데 챠오가 약간 비슷한 느낌있네요.. 듬직하니 귀여워요~~  요알못... 치고는 주방과 각종 장비들과 재료들이  넘나 고급지고 훌륭해요...ㅎ  와인잔이랑 포크 나이프 셋트(저번에 소개하셨던) 맘에 들어요  요리,너무 오랜만에 해봐서 그렇지.. 몇번 시도하다보면 점점 발전할거예요..  한식보다는 퓨전요리나,  샌드위치 간단한것부터 시도해보고  성공해서 맛있으면 자신감도 생기고 잘 할수 있을거예요..  워낙 똘똘해보이는 수박언니라서..  요리도 머리좋은 사람이 잘 한다는 말이 있데요...ㅋ  그리고, 요즘 각종 소스, 스파이스들이 너무 훌륭해서 그런 아이들 적당히 가미해서 만들면 아주 편하고 좋더라구요..   글고, 반조리 식품이나 냉동식품도 똑똑하게 요리에 사용하면  손도 덜가고 맛있고 빠르게 잘 해먹을수 있어요 ..  요즘 또 유투브 영상에 워낙  장보기부터 요리까지 설명  잘 해놓은 영상들이 많아서 도움 많이 되고 좋더라구요..  아직 아이가 없이 둘만 지내니까 대충 사먹는게 가능한데,  아이 생기고 그럼 요리가 필수 될수도 있으니 지금부터 슬슬 워밍업~~gogo 프리랜서 여유가 느껴지는 영상이 부럽네요...",인물/블로그
El_mXnjEP5o,(eng sub) VLOG | 직장인 브이로그 | 5월 집순이 일상 브이로그 | 쇼핑하울 | 던스트 | 홈베이킹 스콘 | 홈카페 | 직장인 아침 | 빈티지그릇 | 직장인 데일리룩,바이윤byYoon,"그릇 정보를 적어두는 것을 깜빡해서 댓글에 적어놓을게요! 혹시 빠뜨린 제품이 있으면 댓글 달아주세요~  1:18 회색 볼 (가온 이유경) 1:30 흰색 접시 (호가나스 빈티지) 2:00 노란색 드립포트 (노다호로 법랑 드립포트) 2:15 하늘색 줄무늬 컵 (아라비아 핀란드 빈티지) 3:23 흰색 접시 (호가나스 빈티지) 4:57 연두색 접시 (아라비아 핀란드 빈티지) 5:20 흰색 접시 (패브릭포터리) 7:19 갈색 컵 (호가나스 빈티지) 8:05 프렌치토스트 접시 (빌레로이 앤 보흐 팔레르모 라인 빈티지) 9:17 돈까스 접시 (아라비아 핀란드) 11:01 흰색 컵 (풀포터리 빈티지) 11:05 양배추롤 접시 (K&A 빈티지) 11:10 스콘 접시 (빙앤그뢴달 룬 빈티지) 12:49 카레 접시 (아라비아 핀란드 빈티지) 13:06 주황색 컵 (호가나스 빈티지) 13:14 노란색 수첩 (라이브워크 아젠다 노트)   *불렛저널 작성할 때는 아래 적힌 색을 제일 자주 사용합니다! - 형광펜 : 모나미 에센티 소프트 (파스텔 올리브) - 볼펜 : 모나미 FX제타 0.5 검정, 빨강  *나무도마 : 자주 티크우드 앤드그레인 도마 (현재 품절) ||| 아닛?!!!! 우연히 들어와서 와 진짜 이쁘게 사신다 하고 있었는데 갑자기 백현이 스티커 뙇! 그 순간 동지애와 이런 분이 엑소엘이라는 사실에 엓뽕올라왔습니다❤️ ||| 영상보면서 항상 힐링하고 있습니다. 아침마다 커피내리고 요리하는 모습에 저도 부지런해지려고 노력 합니다ㅎ 그리고 반가운 delight 스티커에 위아원👍을 외쳐봅니다>.< ||| I loved your recipes your food looks so delicious! 🥰 Also loved the bullet journaling part so much, felt pretty inspired to write my own bullet journal ✨ ||| 악 바이윤님..케이스..🤍 ㅋㅋㅋㅋㅋㅋ 플레이팅 보고 감탄하다 넘 반가워서 댓글 남겨요 호",인물/블로그
o80M1_Q_nCQ,멸치에서 몸짱이 될 뻔했던 애아빠의 새로운 도전!,4랑둥2네 아빠의도전,왜 점점 잘 생겨지시죠? ||| 형님 화이팅입니다 ||| 화이팅!!!!!! ||| 파이팅! 아이가 셋인가요 넷인가요..;;;;; 분명히 아까 영상에서는 아이가 ... 딸이 둘이었던 것 같아서요.;; ||| 음악이 뭔가요?,인물/블로그
yI2NbWGpJwA,#캐나다 아줌마 브이로그#육아#요리#다이어트,캐나다 여리 라이프[Yeori Life],안녕하세요 반갑습니다 ||| 일단은 많이 부족해두 상관없으니깐영~ 항상 응원을 하도록 하겠습니당~^-^ ||| 40세 라는게 믿기지않는 외모세요~!!😲💕 ||| 마지막에  귀여워어요   ㅎㅎ ||| 👩‍💻,인물/블로그
0D89WZUOuTM,살이 안빠지죠?! 새댁 일상 브이로그!뷰티유튜버 일하는 과정/생애첫 단백질쉐이크/다이어트 정보공유/믹스커피중독/초보 홈트/식단/택배언박싱 #VLOG,썸블리,자매님들🥺   오늘 영상도 재밋게 봐주세요 🦋 https://www.instagram.com/somevely/ 커플채널  https://www.youtube.com/channel/UCuw8NJQD5wXCJhYR2U9f7VQ ||| 우리딸최고 ||| 우런니 저렇게 열심히 촬영하신거라니 ˃̣̣̣̣̣̣︿˂̣̣̣̣̣̣ 더열심히 영상 봐야지 ˃̣̣̣̣̣̣︿˂̣̣̣̣̣̣ 💜💙💙 ||| 브이로그로 블리님 만나니 또 새롭고 친근한 느낌!🥰저두 요즘 커피중독이라ㅠㅠ 밀크티 가끔 해먹네용ㅎㅎ 요가링? 다릿살 빼는데 효과있나욤?? 하체가 점점 찌는소리가 들리고있답니다😵😂😂 ||| 오늘도 예뻣다🖤,인물/블로그
ekmA1zl-SBc,Diet&Daily vlog } -10kg다이어트 유튜버의 먹고 빼는 일상 브이로그_급찐급빠/홈트추천/맛있는 다이어트 식단(feat.야생의 GRWM&키에리),김옥두 OkDo,"ㅋㅋㅋㅋㅋㅋㅋㅋㅋㅋ아 징짜 언니 열심히 관리하고 맛있는거 먹고 하는 거 보면 너무 귀엽고 존경스럽고 그래요ㅠㅠ 그리고 언니 춤 따로 배우신거에요? 홈트로 다이어트 댄스 하실때도 그렇고 몸을 되게 잘 쓰시는 느낌..!! ||| 유투브 보면서 댓글 처음 달아봐여 ㅋㅋㅋㅋㅋ 진짜 그냥 눈팅만 하는데, 다이어트 정보 얻을려다가 알게된 채널이지만 보면 볼 수록 너무 친근하고ㅋㅋㅋ 보는 데 가분 좋아지는 느낌ㅋㅋㅋㅋ진짜 이런 친구랑 같이 있으면 하루종일 수다 각 ㅋㅋㅋㅋ ||| 이렇게 신나게 홈트하시는 것보면 대단하시다고 밖에...👍 저두 홈트 즐겁게 하고 싶네여 허허 막춤인데도 느껴지는 그녀의 엄청난 춤실력❤️ 오늘 영상도 잘 봤습니당😉 ||| 오늘도 자기자신을 사랑하는 모습 밝은 모습 너무 예뻐용..  위에분 댓글처럼 우리딸도 뚜뚜님처럼 밝고 건강하게 자랐으면 좋겠네요:) 또 보러 올께요! ||| 요즘 제가 항상 챙겨보는 유투버가 바로  뚜뚜님입니당 ㅎㅎ 열심히 운동하고 건강하게 먹고 치팅할때는 또 제대로 즐기고! 어떤 일이든 열심을 다하는 모습이 너무 보기 좋아요 :) ㅎㅎ 맛있느 다이어트 식단도 앞으로 마니마니 공유해쥬시와용 ><!ㅎㅎㅎㅎ",인물/블로그
l1rkMrIlCsI,자동차는 왜 법정속도보다 훨씬 빠르게 만들까?,사물궁이 잡학지식,"사실 생각해보면 음주운전도 술 안팔면 방지할수 있긴함 ㅋㅋㅋㅋㅋ ||| 3:06 ""어어어 차밀린다!"" 너무 귀여워ㅋㅋㅋㅋ ||| 제목 보고 “아 그렇네?”라고 말했다.. ||| 3:07 어어 차밀린다 커엽 ㅋㅋㅋㅋㅋ ||| 캐릭터 진짜 졸귀....",자동차/탈것
ZGNnNp-3-uc,최고출력? 최대토크? 그동안 잘못 알고 계셨습니다! 알아두면 쓸모있는 자동차 상식 '휘키피디아' (1편),모터그래프,"모터계의 유산슬형 강의시간 느낌이 나네요. 오늘도 모터그래프의 놀면뭐하니??? 입니다. ||| 역시 카레이서 전문가가 알려주시니 더욱 신뢰가 가네요..ㅎㅎ 말씀,설명하시는 능력도 너무 좋아서...  자동차 리뷰어 원탑이십니다 ㅠㅠ ||| 나름 유명한 영상 이것저것많이봤을때에도 머리에 안들어오던데 강병휘선수 너무 이해하기쉽게 잘 설명해주셔서감사합니다 ||| 믿고 보는 병휘 선수 이런거 좋습니다 ||| 휘...휘  ,... 휘바휘바!!!",자동차/탈것
JWbYCq9hDCU,에어컨 켰을 때와 껐을 때 공회전 연비 과연 얼마나 차이가 날까?,픽플러스,"진짜 차량 실험계의 진용진이네... 기존 영상들 실험 조건 설정도 보면  다른 이견이 안 생길 정도로 너무 꼼꼼하심... ||| 와 이건 진짜 궁금했는데, 단순 연료 소모량이 아닌 인젝터 분사량 까지 문관이형(?)이 알려줘서 유익하네욬ㅋㅋㅋㅋ ||| 1:31 카운트와 동시에 시동거시는 과장님ㅋㅋㅋㅋㅋ ||| 오! 이거 진짜 궁금했음. 친구가 금방 나온다고 해서 시동 안끄고 있었는데  오래걸려서 기름 많이 소모된 느낌이 있었는데 ||| 차 있는 사람들에게 이 채널 홍보 좀 해주세요. 빨리 10만 갑시다.",자동차/탈것
DHeRth9-bMo,#중고차딜러품격 #그랜져판매 #그랜져2.4와2.7비교? #자동차는인생이다,즐거운자동차,,자동차/탈것
H4bcf9YV_VY,발레파킹 돈 내는 정장 입은 김우빈 기럭지 ㄷㄷㄷㄷㄷㄷㄷ,연예인 일상,외적인것도 외적인거지만 저 예의바른 인사가 진짜 멋있어보임‥ ||| 그냥 착한사람이라는게 딱 느껴지네 좋은일 많이 생기시길 ||| 옛날에 일산라페에 사람들몰려있는거보고 촬영하는갑다 하고 내볼일보러 건물들어갔는데 복도에 김우빈씨 대기하며 있던데 날 보자마자 웃으며 먼저 인사해주시더라.. 그냥 지나가는길이였을뿐인데.. 참 사람 좋아보이더라 흥하는데는 다 이유가있는듯 ||| 실물보고 많이 놀랐던 배우중에 한명..  훈훈한 대학선배 느낌나는데 분위기 최상급임. 키는 189정도로 보였고 비율까지 좋으니까 사람들이 엄청 놀라더라구요 ||| 진짜  기럭지  우월하다  탈 아시안 급 ㄷㄷㄷ 노력으로  어깨까지  장착하니  존경심 까지 나오네 ㄷㄷ,자동차/탈것
2sCafUCvscI,제네시스 GV70 바닐라베이지 실내 이염,Lmjhot lee,"저거보고 베이지 관리 힘들다고 하는데 하루에 수십명이 들락날락 하고, 또 여러가지 색의 바지가 쓸리니까 저렇게 시커먼거고 자기가 산 차면 하루에 많아봤자 10번이 최대일텐데 더러워지는 기간도 몇배는 느리겠죠  가죽 클리너, 컨디셔너로 닦아주면 지워집니다 ||| 전시장이니까 당연하쥬 gv70 베이지시트 오너인데 가죽코팅한번하구 오개월째 지금도 엄청 깨끗합니다~😅 한달에 한번정도 걍 가죽클리너로 닦음됨 ㅋㅋ ||| 현기를 빠는 입장은 아니지만 원래 저런 시트 색상의 차들은 관리 꾸준히 안해주면 브랜드 상관없이 더러워지기 마련인데 댓글보면 현기라서 더러워진 것 마냥 댓글 써대네ㅋㅋㅋㅋ ||| 전시장은 당연하자나~ ||| 어느차든 베이지색 이염은 무조건 발생합니다. 코팅은 필수고 바닥엔 보호커버나 방석 까는게 필수죠.",자동차/탈것
0ybA-tgrzbE,올뉴K7 3.0가스 0 - 100km 3.3가솔린이랑 차이없나?,옆집아재TV,"제 차 입니다. 이 차는, 얌전한 패밀리 세단이에요 ㄷㄷ 참고로 저는 중견기업 부장입니다… 속도를 즐기고 싶으시면 전기차 구매 하셔요 ㅎㅎ ||| 당연히 .3이 더 잘 나가죠ㅠㅜ ||| 국장에서는 국장에 맞는 매매를 해야한다라는걸 몸으로 느끼고 있습니다 ||| 1단에서 80까지 밀어버리네 ㄷㄷ ||| 제로백보다 제로이백까지 하면 차이 조금 남",자동차/탈것
gje7mrd7wzo,M340i 하만카돈 스피커 순정,때식이의 STORY,와씨..  일단 m340i가 너무조타 ㅠ ||| 이퀄라이저 설정해서 들으시나요? 설정하셨다면 정보 좀 부탁드려요ㅎㅎ ||| 기본 스피커랑 차원이 많이 다르겠죠 ?? ||| 와 ㄷ ||| 무슨노래죠?,자동차/탈것
mOWIMFLoqIk,[명장명답] “미션오일 교환방식 보고 골라봐!” 정비소가 싫어할 불편한 진실,박병일의 명장본색,"가능한게 있고, 게이지 없는 차량도 있으니 여러가지 방법을 정확하게 얘기해 주는게 좋을거 같습니다~ 소비자분들이 오해하지 않게요~ ||| 아..최신 콤프레셔는 수분필터가 따로 존재하는군요 일반 공업용 콤프레셔 쓰는 정비소를 걸러라..또 알아갑니다 ||| 어에어드라이어 등등 하여도 수분은 다 잡지 못합니다 그리고 잠시 보니깐 드라이어를 탱크 앞단에 설치하면 수분제거 효울이 많에 떨어집니다 즉 콤프 > 탱크 > 드라이어 순으로 연결 해야 됩니다... ||| 오호~순환식 드레인식은 알고있었는데 레벨게이지 구멍에 에어를 쏴라! 요건 몰랐네 좋은정보 감솨 합니닷! ||| 정말 중요한 이야기 해주셨네요  가끔 카센터에서 고급브랜드 최고읍 미션오일이라며 싸게준다고 혹해서 미션오일 교체하시면 바로 1-2년 이내에 고속운전 자주하는사람은 미션맛갑니다.  모두 그런건 아니지만 마찰계수가 안맞으면 미션이 어리버리 깝니다. 그냥 미션오일만큼은 좋은거 넣어봐야 진짜 차이별루 안나기때문에 자주 비싼거 넣을돈으로  순정 2번 교체가 더 좋습니다. 미션은 순정 교체가 답입니다. ( 현대는 블루 등 ) 이런데서 교체하면 됩니다.  그리고 드레인식 미션교체하고 에어로 빼서 새오일 넣어주세요 이러면 왜 그렇게 하냐고 화들짝 난리칩니다. 20만원 받을껄 10만원 받아야하니..순환식 하라고 난리칩니다. 대부분 카센터가 그렇습니다. 대놓고 말하세요..비싸잖아요!!! 기존꺼 빼주시고 에어로 드레인 플러싱 잘해주시고 새오일 넣어주세요 이러면 그냥 해줍니다. 근데 또웃긴건...순환식으로 30만원 요청해놓구 드레인식이면 10만원쯤해야하는데 15만원정도 달라고한다. 싫음 말고식 이런 개같은 카센터도 있다.",자동차/탈것
K9XcKklH8h8,자동차보험 직접 비교하고 저렴하게 가입하기(feat. 캐롯손해보험 퍼마일 자동차보험),5분컷,비교한 보험사는 총5개. 1.삼성화재 다이렉트 2. 현대해상 다이렉트 3. 악사 다이렉트 4. KB 다이렉트 5. 캐롯 퍼마일 자동차보험 ||| 이 영상을 보니 53만원인데 8천키로니 56만원이면 예상가격대로 지불하셨던거 같은데요? ||| 안녕하세요. 영상 잘 보았습니다. 면허도 따기전에 친척오빠 중고차를 사기로 했습니다. 오빠는 곧 신차가 나오고 저는 무면허 상태이지만 따고 있는중이며 바로 차를 몰 예정입니다.  1. 어머니 밑으로 남동생이랑 아버지가 가족 보험으로 들어가 있는데요. 저는 독립적으로 보험을 들어야할지 어머니 밑으로 들어가야할지 고민입니다.  2. 차 명의를 어머니 명의로 하고 제가 타도 될까요? 친척오빠 차가 이번주에 나오는데 저는 아직 면허가 없어서 매수인이 안될것 같아서요. 오빠가 차 등록이 2대가 되면 뭐 손해보는게 있는지 어머니가 매수인이 되는게 좋다고 하는데. 맞을까요?  조금이라도 알려주시면 큰 도움 될 것 같습니다. 감사합니다. ||| 35살 부부 연7천키로 정도면 월 보험료가 얼마나 될까요..?,자동차/탈것
p5bOeTTfKCw,“옥탄가를 측정해봤더니... 으아닛?!” 고급유vs일반유 차이 공개 (Feat.3대 정유사),박병일의 명장본색,주유소도 식당처럼 품질표지제 의무화를 해야 합니다. ||| 1:15 편집 센스잇네 ||| 뭐...넣으신분들은 다 아시겠지만 국내 유일하게 노란색 주유소는 주유하면 최대 하루안에 카톡으로 메시지 옴니다. 언제 점검했고 옥탄가 수치가 몇이며 주유기의 주유량 이상유무까지... 그래서 옥탄가 수치가 높은지 낮은지 비교할 수는 없지만 수치를 보여준다는것에 대해서 믿음이 생기더라구요..그래서 노란색만 찾아다님니다. ||| 너무 피곤해 보이십니다.  건강 챙기세요~~~ 건강하셔야 합니다. ||| 제차량은 무조건 S오일만 주유하는데 아주 만족중입니다.,자동차/탈것
L3kWyp2eSBg,자동차보험어디까지 알아봤니 #자동차보험비교견적,콜듀tv,,자동차/탈것
-61uthC8F9M,전기차 회생제동 및 원페달 드라이빙 | 내차사용설명서,기아 (Kia Korea),"이 정도면.. 면허에 수동 오토 랑 원페달 드라이빙이라고 만들어야 할 거 같은데  걍 오른발 까딱까딱하는 오토가 젤 편하네  저러니까 노인네들이 급발진이라고 맨날 떠들어대지 30대인 내가 봐도 헷갈릴거같은데 ||| 이건 면허를 다시 따야 하지 않나요? ||| 영상 잘봤습니다!기존 쏘렌토(UM)에 운전습관이 베여서 MQ4-HEV출고한지2주차인데 하이브리드에  회생제동을 적용하기가 쉽지 않네요~주행에 나가면 패들시프드도 헷갈리고 겁도나고 머리도 아파오네요~ ||| 브레이크 페달 대신 손으로 패들쉬프트를 당겨서 제동하는게 원페달드라이빙, 엑셀에서 발을 떼는 것만으로 제동하는게 아이페달 맞나요? ||| 회생제동 걸릴때 뒤 브레이크등 들어오나요? 안들어오면 뒷차가 박을거 같던디",자동차/탈것
sPSTPlevjWw,[손해사정사] 자기신체사고와 자동차상해비교 - 자동차보험 10분 테마샘플10,손사에듀 (http://www.sonsaedu.com),,자동차/탈것
I3dA5cS-D94,★차량에 절대 하지 말아야할 차량용품 (엑세서리)★Accessories harmful to vehicles - 가니가니,가니가니 - 차린이 차량설명서,신차사면서 이것저것 뭐살까 고민하던 저에게 정말 도움되는 영상입니다. 감사합니다. ||| 차량에대해 정보들이 없던시절 모르고 파워봉 했다가 후방사고에 몸이 앞으로 튕겨 왼쪽 갈비뼈가 나가서 고생좀했었네요 요즘엔 이런 정보공유가있으니 정말 잘보고있습니다 지금은 없는게 더편해요 ||| 사실 멋과 편리함보다 제일 중요한건 안전이죠.. 이렇게 안전에 초점 맞춰서 설명해주시는 분이 거의 없는데 멋지세요! ||| 와~~~아나운서 같아요~~~^^ 깔끔 말끔한 설명 감사합니다 구좋하고 갑니다~~^^ ||| 정말 모든차주들이 보면 좋을영상이네요 특히 조수석에어백.... 정말많은사람들이 대쉬보드위쪽에 장식품이나 방향제를 올려놓죠 좋은영상 감사합니다,자동차/탈것
XDArtNv3Zl8,비교견적으로 캐나다 자동차 보험 일년에 600불 절약하기,캐나다 월급쟁이 재테크,요약 2년 동안 비싼 보험료를 지불하고 히스토리를 만들어 비교견적 사이트에서 보험을 찾아라. 2년 무사고 히스토리면 누구든 600불은 저렴하게 들 수 있지 않을까 의구심이...,자동차/탈것
zReX7PRUHsk,자동차 할부 vs 리스 vs 장기렌트 vs 할부형렌트 비교 예시,무두리,건보료안올릴생각이면개인도렌탈이나리스가유리하네요,자동차/탈것
lXD2DgYsFLI,BMW M기어봉 M변속기 M3 기어봉 m4기어봉,CAR엑기스,"스포츠카 이상, 슈퍼카급에는 파킹 기어는 어지간하면 없습니다. 무게를 줄이기위해서죠. 주차시엔 중립에서 사이드브레이크죠.  람보나 페라리 류는 시퀀셜 시프트  양쪽을 동시에 잡아당기면 중립 기어가 들어갑니다.  파킹기어 찾다가 눈빠져요 ㅡㅅㅡ ||| 에쿠스 기어봉 새레모니 기대했넼ㅋㅋㅋㅋ ||| 뭔가 기어봉은 휘황찬란한데, 마지막에 사이드브레이크는 클래식 하나 언발란스군요. ||| M4기어봉 너무 예뻐요 ~~~~^~^~^~~^~^ ||| 형 필살기 사용할려고 하넹",자동차/탈것
N0X7btmN4w4,"E클래스 오너의 벤츠 , 아우디 , BMW , 현대자동차의 오디오 비교리뷰! 의외로 선전한 그랜저 JBL! 무난한 음질의 Burmester! 음장의 최고봉 Bang&Olufsen!","차,또바기 - 디테일한 자동차 리뷰.","콘텐츠가 너무 좋습니다 :) ||| 개인적으로 궁금했었는데, 간접적인 비교는 가능한것 같아 좋았습니다. 제 주관적으로는 바우어 앤 윌킨스 음역대가 확실히 풍부하고 맑은 느낌이 납니다. JBL도 꾀 괜찮네요. 감사합니다. ||| 볼보에 들어가는 b&W가 좋은건 사실이지만 가격대를 감안했을때 이야기고 750 760에 들어가는 B&W가 더 좋더군요 . 또 링컨에 들어가는 레벨 울티마 사운드도 한번 들어봤었는데 기대를 하나도 안해서 그런지 상당히 괜찮았던 기억이 납니다. CT6에 들어가는 파나레이도 상당히 좋았구요. 미국 차들이 의외로 스피커가 괜찮았던거같네요. ||| 다음에 폭스바겐 다인오디오 볼보. 링컨레벨 이렇게도 비교한번 부탁드립니다 ||| 볼보 xc60 시승할때 진짜 그 오디오 음질을 잊지 못합니다 ㄷ ㄷ ㄷ",자동차/탈것
XHzOyou0QPU,자동차 유리 발수코팅 건식 습식 비교,더케어전문학원,,자동차/탈것
S9ebEAyn7EQ,하남 신장동 풍력자동차 대회 결승전,우리마을메이커스페이스,,자동차/탈것
x6ifvkjXLjM,링컨 노틸러스 자동차 광각미러 추천 옵틱글래스 비교영상 (2020 Lincoln Nautilus WIDE MIRROR No.5038),옵틱글래스,,자동차/탈것
0pba2SI-E1s,자동차보험 비교하면 백화점상품권을?!,지인슈(G-insu),,자동차/탈것
T7shb7LUKbI,현대 ‘올 뉴 아반떼’ (CN7) 제로백 (0-100km/h),Inchan Kim,"오늘잠깐타봤는데 타기편하고 부드럽게 잘 나가더라 ||| 그와중 스포츠 모드 굿굿 ||| 무단변속기라 그런지 일정하게 올라가네 ||| 분명 기존 감마 1.6 GDI와 유의미한 차이의 출력인데, 무단변속기로 그 갭을 상쇄한 느낌. ||| 외국인이 댓글보면 한국서민들은 포르쉐타는줄 알겠다ㅋㅋㅋ",자동차/탈것
fnDcvZ3jx-A,자동차 타이어 위치교체 후 편마모 소리,하하하하하,제차 소리네요 ㄷㄷㄷ ||| 와 저도 타이어 교체 후 완전히 똑같은 소리납니다. 허브베어링은 교환한지 얼마 안됨 ||| 이 소음 잡으셨나요? 저랑 똑같은 소리가 나서 여쭤보네요! ||| 와~내가 이거 때문에 지금 스트레스 였는데. 이거였네 ||| 저속에서도 소리가 나나요?,자동차/탈것
X5q8A8M3v4M,"자동차보험 줄이는 방법  6분 정리 l 자동차 보험 다이렉트 비교와 가입은 이렇게! l 자동차보험 가입시 보장한도 추천_쏘렌토MQ4,GV80,G80,싼타페페이스리프트,아반떼CN7",블라인드_Car Story,📌블라인드_Car Story 쇼핑몰 : https://bit.ly/3JQvPs3 ||| 신차 구입하면서 제일 많이 보는 채널같아요^^ 도움이 많이 됩니다!!! 신차 구입시 공동명의로 99%(본인)1%(아버지)인 경우 다이렉트 비교를 어떻게 해야하는지 알려주실 수 있을까요?? 아버지는 이미 15년이상 운전을 하고 계시거든요 이미 가입이 되어 있는 상태거든요..본인을 어떻게 추가할수있는건지..상담사를 낄 수 밖에 없는건가요?.? ||| 항상 좋은 정보 감사감사요~~ ||| 세번  보았어요 너무  유익하고 도움이   많이  되네요 ||| 오호라~좋은정보 감사합니다!! 좋아요~꾸욱^^,자동차/탈것
QRS_VDX-mmc,2020 기아 모하비 V6 자동차 광각미러 추천 옵틱글래스 비교영상 (2020 Kia Mojave V6 WIDE MIRROR No.K111),옵틱글래스,,자동차/탈것
BvzFVzR3Xaw,가시안 밸버 설치영상,가시안,감사합니다  잘봤습니다 ||| 밖에서 원격으로 되게해주세요 ||| 제거할때는 그냥 반대로  빼면 되나요? ||| 양쪽을 눌러도 브라켓이 분리가 안되요ㅠㅠ ||| 건전지 교체 영상 필요해요,자동차/탈것
tZehQhoAafo,자동차상해(자상) 자기신체사고(자손) 비교하여 실익을 따져보자.,김손사 넘버1,"내용상 자기신체사고 자손 등급별 가입금액에 오기가 있어 아래와 같이 수정합니다.  ■ 상해구분 및 급별 보험가입금액표  상해           보험가입금액  등급    1,500만원     3,000만원      1급    1,500만원     3,000만원    2급       800만원     1,600만원    3급       750만원     1,500만원    4급       700만원     1,400만원    5급       500만원     1,000만원    6급       400만원        800만원    7급       250만원        500만원    8급       180만원        360만원    9급       140만원        280만원  10급       120만원        240만원  11급       100만원        200만원  12급         60만원        120만원  13급         40만원          80만원  14급         20만원          40만원    ■ 후유장애구분 및 급별 보험가입금액표  장애          보험가입금액  등급   1,500만원      3,000만원      1급   1,500만원      3,000만원        2급   1,350만원      2,700만원    3급   1,200만원      2,400만원    4급   1,050만원      2,100만원    5급      900만원      1,800만원    6급      750만원      1,500만원    7급      600만원      1,200만원    8급      450만원         900만원    9급      360만원         720만원  10급      270만원         540만원  11급      210만원         420만원  12급      150만원         300만원  13급        90만원         180만원  14급        60만원         120만원    장애           보험가입금액  등급     5,000만원            1억원      1급    5,000만원             1억원        2급    4,500만원     9,000만원    3급    4,000만원     8,000만원    4급    3,500만원     7,000만원    5급    3,000만원     6,000만원    6급    2,500만원     5,000만원    7급    2,000만원     4,000만원    8급    1,500만원     3,000만원    9급    1,200만원     2,400만원  10급       900만원     1,800만원  11급       700만원     1,400만원  12급       500만원     1,000만원  13급       300만원        600만원  14급       200만원        400만원 ||| 고맙습니다' ||| 🟨 카톡상담       https://open.kakao.com/o/s4QDmnAf      평일 9시~19시 (주말 휴무)       (업무시간외 및 주말은 폼메일 상담을 이용해주세요)  🟪 폼메일상담      https://forms.gle/6wzTUngcuviuEqhN7  🟦 전화상담문의       010. 9188. 0463      평일 9시 ~ 19시 (주말 휴무)   🟩 손사고     https://cafe.naver.com/sonsago 상담을 원하시는 분들은 저희 손사고 카페를 이용하여 문의하시면 경력이 출중한 손해사정사가 직접 상담해드립니다.  교통사고 및 각종사고 등으로 발생한 손해액 사정과 보험 보상에 대하여 질문이나 문의가 있으신 분들은 상담창구 이용 부탁드립니다. 더불어 개인보험과 관련된 후유장해보험금 또는 암진단비 등의 질병진단비 등에 대한 보험금 부지급 사안의 문제도 검토해 드립니다. 항상 최선으로 피해자분들의 입장을 생각하며, 정당한 손해사정을 지향합니다. ||| 어렵다 ||| 상대방 100프로 과실이면 자동차상해보상은 안되는거죠 ?",자동차/탈것
QbkhZHv2CY0,헬로카봇 캐릭터와 실제 자동차 비교하기,쉐보레TV,"에이스:싼타페, 호크:그랜저, 스톰:???, 스카이:벨로스터, 프론:아반데 댄디:스타렉스, 마이스터:포니, 본:제네시스쿠패, 아티:쏘나타, 세이버:에이로시티, ||| 스피드는 타호가 아니라 포드 폴리스 인터셉터 유틸리티입니다. 그리고 스피너블은 지프 레니게이드가 아닌 토요타 타코마이고, 파이언트는 로젠바우어 판터입니다. 그리고 앵그리퍼프는 스카니아 PRT 레인저이고, 캅스는 자일대우버스 FX 120과 기아 그랜버드를 섞었고, 이외에도 댄디 구급차는 페이스리프트가 아닌 전기형입니다. ||| 아티랑마이스터 진짜똑같다 ||| 1:16 이거 마이티가드 X레디  X차 아닌가? ||| 호크 에이스 스카이 프론 댄디 나올 때가 좋았다",자동차/탈것
0Bp6N33-xh4,2019 기아 스팅어 자동차 광각미러 추천 옵틱글래스 비교영상 (2019 Kia stinger WIDE MIRROR No.K117),옵틱글래스,,자동차/탈것
1RmnL3ub6IM,[15초 리뷰][배기음 비교] 아반떼 N라인 vs 벨로스터 N,김햇님의 짧은 리뷰,벨엔 배기음진짜 우리나라에서 만든거치고 ㄸㄹㅇ급 ||| K3 GT 모델도 듣기 좋은 배기음 나더군요. N라인도 실제로 들어보고 싶네요. ||| 아반떼 N라인은 아반떼급에 204마력이나 되니까 주행중에 치고 나가는 게 답답할 게 없을 것 같습니다. ||| 굿 양카 운전자들이 문제이지 차는 좋죠 ||| N라인은 스포츠에서 바뀐게 거의 없는것 같아요 그래도 좋음,자동차/탈것
NMoHp3ssvBI,"하이브리드 자동차 취득세 감면혜택,  휘발유 자동차 VS 하이브리드 자동차 연비 비교",쉼 브이로그,설명 잘 해주셨네요  하이브리드  혜택볼려면 올해가기전에 사야 겠어요,자동차/탈것
t-9w5t79DzY,현행범 잡히는 영상,괄약근장인김급똥,"친구랑 같이 집 가다가 찍은 영상입니다 ||| 미국처럼 잡아야함 진짜 너무 친절해서 팁 줄듯하다 ||| 진짜 몸부림 치고 반항하면 , 정강이라도 걷어차게 법좀 바꿉시다.  어휴. ||| 주거침입죄래 어느집인진 모르겠지만 개소름이다진짜 ||| 이런상화이니. 남자경찰들이라도 수갑하나 채우기가 어려운거구나. ㅠㅠ 우리나라 경찰관님들 진짜. 근무힘드실듯.",자동차/탈것
b0XouL0uzcQ,자동차 살 때 꼭 선택해야 할 차량/색상/옵션[중고차2부],TV러셀,유튜버 중고차파괴자님과 함께한 현명한 소비 7부작  다른 편들도 보고싶다면 아래 링크를 이용하시면 편하십니다.   1부 : https://youtu.be/5PmAXfTWrLQ 2부 : 감가방어 가장 잘 되는 차 / 색상(https://youtu.be/b0XouL0uzcQ) 3부 : ‘기아차’ 와 ‘현대차’의 차이(https://youtu.be/UkI-9zT26Bs) 4부 : 호구들 특징 / 믿고 걸러야할 딜러(https://youtu.be/CELiW_neT7c) 5부 : 중고차 사기당했을 때 대처법(https://youtu.be/gDgECE5247U) 6부 : 지방사람들이 ‘제네시스’를 사는 이유 / 외제차의 가장 큰 문제점(https://youtu.be/gDgECE5247U) 7부 : 타던 차 팔 때 잘 파는법(https://youtu.be/z25qbibcm58)   감사합니다:) ||| 소리없이 들으면 두분 미국 유학상담하는듯 ||| 결론 : 진리의 흰색 ||| 딜러분 찰지게 설명 잘해주시네요 ||| 오늘도 좋은정보 감사드립니다 ~!! 가성비는 중고차가 갑!!,자동차/탈것
lIe3i__QM8A,"연봉별 중고차 차량 추천!! /수입차,국산차 모두 따져봤습니다! 월급이 얼마면 BMW 탈수있을까?..  [달인카]",달인카,마지막에 쿠키영상식으로 말씀하신게 정답인거 같아요 차로 사람 가치를 측정하는 헬조선 마인드 ||| 연봉 2천에 차 알아보는 저는 구경만 하고 갑니다... ||| 10억 미만은 집부터사자ㅋㅋ ||| 미혼 원룸 사는 기준이죠?? ㅋㅋ ||| 연봉 1억 넘어도  실수령 적어요. S클라스 커녕은 소나타 탑니다,자동차/탈것
5TB7qgQ45Jo,차량 가격만 총 합쳐서 15억?! 과연 우파는 총 몇 대를 가지고 있을까?,우파푸른하늘Woopa TV,어떤 차가 좋을까요? ㅎㅎ ||| 40중반 두아이들을 홀로 키우는 아빠입니다.제겐 그 흔한 차한대가 없습니다.애들이 챙피해하는 모습이 말은 안하지만 여실이 느껴지죠. 마냥 부럽습니다~ ||| 일하시는것두 궁금해여 ㅠㅠ ||| 1:56 우파님 피규어들 !! 👍👍👍👍 ||| 항상 재미있게 시청하고 있습니다. 눈으로 호강하는 것으로도 좋네요.,자동차/탈것
o0pF4XrJeCk,"내 자동차에 새로운 휴대폰 또는 처음 차량 구매 후 스마트폰 블루투스 연결방법 , 블루투스 우선순위 연결방법 , 블루투스 연결해지방법",아빠곰TV,감사해요 연결됐어요😂 ||| 감사합니다  몰라서 우째할까 걱정했는디 고맙습니다  ㅎㅎ 👏👏👏👏 ||| 제가 지난주 아이폰 12로 교체후 오늘 영상대로 따라 했습니다. 블루투스 연결은 잘 되었습니다. 전화번호도 잘 연동되었습니다. 감사합니다. ||| 감사합니다❤ ||| 감사합니다 ~^^,자동차/탈것
VbfhiRCdS2Q,🔥아반떼 CN7🔥첫 차량 구입을 앞두신 분들 필수시청👀! 차알못도 쉽게 알려드립니다.,현대트랜시스,"헐? 아반떼가 이렇게 이쁘다고요? 대박,,갖구싶당ㅜ ||| 2월 출고인데 설렘 ||| 각 그랜져 리뷰해주세요! ||| 아반떼가 2020년에 나왔는데 저는 2021년 1월에 계약을 하고 왔는데 인기가 워낙 많아서 작년에 나왔어도 아직도 2개월 이상은 기다려야 된다고 하더라구요. 아직 미혼이라 투싼할려다가 아반떼로 갔는데 잘한걸까요ㅎ ||| 오빠 나 뭐가 달라졌어?  ㅋㅋ 틀린 그림 찾기 많이 당해 보셨던듯ᆢㅋ",자동차/탈것
HWLPjGsCPZY,EQ900 완무 럭셔리등급 출고완료,차파딜,👍🥳,자동차/탈것
__TA64_Q3ZY,짜세나오는  사회초년생 추천차량 (중고차) 깔끔하게 정리해드림,카진성,1:12 되팔순 없습니다. 린심이예요 에서 터져버렸네ㅋㅋ ||| 동생 우울할때 정말 고맙네 번창하길바래요 ||| 중고차 현실적인 조언 해주시는거보니 된분이신거같네요 ㅎㅎ  다른거보면 그래도 사라 아니면 뭐 친절한척하면서 인생 조진다고 까기 바쁘던데ㅋㅋㅋ 여긴 그냥 빙빙 돌리듯 팩트 박아주니  짜세 나오네요 ㅋㅋㅋ  프로 불편러들 조심하시고  랏대응 하지마시고  지치지마시고  오래오래 영상 올려주시길 바래요. 응원하겠습니다!   구독과 좋아요는 덤!👍 ||| 불혹이 넘은 나이인데 넘 웃기고 옛 생각도 나구 ㅋㅋ 구독자 일단 1만가고 번창하길여. ||| ㅋㅋ 린성이형 진짜 흥했으면좋겟다 너무재밋당ㅎㅎㅎㅎㅎㅎㅎㅎ,자동차/탈것
0vp15GB-JbE,좋은자동차  제네시스 차량 출고^^,차파딜,,자동차/탈것
0InVr_qfzp8,카푸어가 추천하는 연봉별 차량 팩트만 말씀드립니다.,신차는 리스인렌트인에서,국산차 및 수입차 프로모션과 관련하여 더 궁금하신 정보들은 아래를 통해 참고해주세요*^^*  감사합니다 ^__^    ※ 신차추적 공식 블로그   https://blog.naver.com/newstar6135      ※ 신차추적 24시 대표 전화 번호  1522-6165 ||| 솔미님 볼매신것같아요 최고 ||| 오오 시즌2 인가요?..ㅋㅋ 기존에 카푸어 영상 엄청재밌게 봣었는데 이것도 기대하고 보겠습니다ㅎㅎ ||| 연봉3천이면 경차인데 4천에서 갑자기 그랜져.. ||| 팩트를 따지는데 수입차를 권하는 클라스..,자동차/탈것
wbORDtE2Pe4,"기아자동차 레이 차량의 뒷유리교체, 후면유리교환이후에 바로 주행이 가능하도록 열처리 경화건조를 하는 공정영상입니다. 이 처리를 통해 유리처짐, 빗물누수등의 다양한 문제를 예방",Glass zone windshield korea,,자동차/탈것
A0q2zHLYDnM,자동차경매 실제차량 비용알아보기 (리얼100%),어서와자동차 vip경매,밴드로 신청했어요 재희 ||| 핵심만 해서 말씀 해 주시니깐 내용이 쏙쏙~ 들어 옵니다^^ 밴드 내용도 너무 정리를 잘 해 놓으셔서 잘 보고 있습니다^^ ||| 저도 이부분이 궁금했어요. 잘 봤습니다. ||| 대구살고있습니다 나중에 상담한번 받고싶습니다 사장님~ ||| 정말 열심히 하시고 낙찰도 잘 받아주시는거 같은데 이상하게 조회수도 안나오고 왜그러지요?,자동차/탈것
uDO-6S1CsXU,자동차 배터리 방전,규중,"배터리 없을때 저렇게 시동 계속 돌리면 스타트모터 나갑니다. ||| 배터리 방전인듯요 ||| 나도 저랫는데 다음날 걸려서 뭐지.. 했음 ||| 시동을 걸어서, 불이 꺼지면 배터리 방전일까요~!? ||| 저는 배터리간지 3주됐는데 저러면 뭘까요????",자동차/탈것
QOdQPSYGy5k,수입차 가성비 좋은 차량 추천 해달라고?(feat.회식만담),정직한놈들,보내주신 과메기로 멋지게 회식 했습니다 잘먹었습니다 감사합니다 ||| 일도열심히  먹는것도 많이드시고(술은제외)올한해도 건강들하시고 대박나세요. ||| ㅋㅋㅋㅋㅋㅋㅋㅋㅋㅋㅋㅋㅋㅋㅋㅋㅋㅋㅋㅋㅋ아 웃곀ㅋㅋㅋㅋㅋㅋㅋㅋ사장님 귀엽네욬ㅋㅋㅋ ||| ㅋㅋㅋㅋ 머리 감고 오시다니 ||| 엠원 사장님 귀여우십니다ㅎㅎㅎ 5gt 진심 맘에 듭니다.,자동차/탈것
B_wBv-w81QM,[자동차] 신형 아반떼 하이브리드 테스트(위장막)차량 주행영상,JjajangiCatMom,,자동차/탈것
8fhTgc_cF_w,대구자동차 경매대행 저렴하게 경매로 차량구입하세요~^^,갓대프리카,,자동차/탈것
NdK1qnhZ2yQ,그랜져HG 차량출고^^,차파딜,,자동차/탈것
kp13LlQfx1Y,[판매완료]가성비 1등~ 사회초년생분들 추천차량 제네시스쿠페 중고차~ 어떠신가요?,중고차 블루카TV,포쿱은없나요,자동차/탈것
vnHVUOFmLR8,기아자동차 등골브레이커차량 - K9 매입성공 중고차는유일모터스,유일모터스,잼있어용^^ ||| 처음으로 더뉴k9을인정하신 영상인거같네요^^ 가성비에 대한 호감이올라갑니다 ||| ㅋㅋㅋ매입성공!! 매입하기 좋은날씨 ㅋ ||| 3:23 애청자입니다. 오타가 있어요. 며칠뒤로 수정 부탁드립니다. ||| 엠비언트도 하셨나 보네요.  전 차주분 애정관리 느껴집니다.👍👍,자동차/탈것
HsBZJ2cyCe0,중고차 추천 신차가2억 벤츠 국내 10대 미만 차량 허위 매물없는 중고차,김선규중고차,시운전을 주차장에서 하면서 저속에서 브레이크가 잘드네마네 얘기하지말고 시운전할거면 성의 있게좀 하쇼 ||| 판매되었나요 ||| 번호판이 다른건가요?? 영상 들어오기전..후... 차량 앞 그릴이 갑자기 구형에서 신형으로... ||| 영상 안보셨나 가격 애기햇는데 ||| 얼마인디요?,자동차/탈것
9q6I9LKkqm0,에쿠스 VS380 자동차 방음 리뷰 차량실내소음 잡아드립니다.,카오디오뱅크TV,,자동차/탈것
ssbbDpx3tQ0,"(20~30대 추천차량)오백만원대 강력추천 차량 - 옵션 , 연식, 킬로수 너무 좋습니다~!",검품중고차,"계약 완료~! 새로운 매물을 보시려면 알림설정 꼭 하세요 ~ 감사합니다 ㅎㅎ ||| 잘보아습니다 ||| 완전무사고 차량, 그리고 미세누유도 없는 차량 입니다~!  2012년식 14만km LT 디럭스팩  570만원 ||| 09보 1524 g80 디젤 중고차량 네이버에 2694만원에 올라온건 예전 영상에서 보여주셨던 케피탈 저당 차량인가요?? 누가봐도 의심가는데 아니라고 해서요 ... 다른영상에 댓글 달아드려서 죄송해요 ||| 성능점검표 보니니줄수있나요",자동차/탈것
5UWOO38cMmU,다인자동차 디바인5 vip의전차량 출고기 / 벤츠 / 스프린터 / 벤츠스프린터 / 리무진,다인자동차,가격을 알고싶습니다. ||| 가격이 ㅎㄷㄷ ||| 엑스트라 롱바디도 너무 탐나는데 제가 가지고 싶은차는 319cbi 하드탑 9인승요 나중에 하게되면 우림씨한테 주문할게요 그날을 기대하며.😉 ||| 오케이.,자동차/탈것
3s-lLqQ2X6g,벤츠E클래스는 어떤 자동차인가-[독일3사의 미들급 차량중 벤츠E클래스가 잘하는거 못하는거 한마디로 요약해봅니다]-이별을 위한 세차,비바라이프_VivaLife,"관리 잘되서 탐나네요.ㅎ ||| 저의 작은 아버지께서도 E클 W212 250CDI 4MATIC 타고 계신데 자세히 보니 엠비언트 라이트가 있더라구요, 혹시 비바님이 타시는 E클은 있었나요? ㅎㅎ",자동차/탈것
55cClfJz_T8,6449회. 신호위반 차량과 사고 났습니다. 보험사는 하루 8만 원이 안 되는 돈을 준다네요.,한문철 TV,제발 잘못했으면 사과부터쫌 해라 사과하면 혓바닥 잘라간다냐? ||| 신호위반은 무조건 100000퍼 잘못때려야함 ㅠㅠㅠ ||| 오토바이를 좋아하지 않지만 저딴 ㄷㅅ같은 운전자들 요즘 도로에 너무많다 제발 운전 제대로 못할거 같으면 대중교통 이용해라 부탁이다 적어도 피해는 주지 말아야지 ||| 가해차 교차로 신호위반 12대중과실로 처벌 받아야죠. ||| 1:21 이 영상 한줄평,자동차/탈것
xHdf_60uyR0,[판매완료]감사합니당^^ 인기 소형SUV 쏘울 디젤차량이 300만원??첫차로 제격!!,차프리,매장이어디예요,자동차/탈것
5mFnipABvuA,아주자동차대학의 다양한 실습용 차량 소개입니다.,민선기,"와! 카마로랑 bmw 6시리즈 컨버,랜드로버 레인지로버 스포츠, 아우디 a7 등등 고가의 차량들이 방치되어있네요! ㅠㅠ 아깝다.. 내가 좀 쓰고 싶누 ||| 저 카마로는  실습용  차량이  아닌가요? ||| 김강오 ㅋㅋ",자동차/탈것
Y70xCSy0W_0,"[판매완료]첫차, 초보운전, 출퇴근차량 걱정없이 추천하는 스파크!! - 완전무사고 450만원",99자동차,깔끔하네요 ||| 출퇴근용으로 딱이네요~ ||| 차량도 좋고 가격도 좋은것 같아요~~ 구경가봐야겠어요^^,자동차/탈것
-cQk87wpj6U,THE K9 | MASTER’S WAY 음성 인식 차량 제어 편,기아 (Kia Korea),차가 진짜 좋음... 여유롭고 편안함! 5.0 가솔린으로 한대 사고 싶네... ||| 스노우화이트에 새들 브라운이네요 ㅡ ㅎㅎ 딱 저렇게 사고싶다 ㅎ ||| 역시 갓세리누나 멋있다♡♡♡♡ ||| 갓세리 ||| 저번 캬탈로그 영상에서 봤던게 이거군요.. 또다른 영상으로 보니 정말 편리해 보이네요,자동차/탈것
JZJqFImiiqA,600만원대 추천 차량입니다^^,당근카,"오늘도 좋은차 잘보고 갑니다^^ ||| 로디우스가 매입이 되나요? ||| 잘봤습니다 ~~ 제네시스 dh나k9  좀해주세요~~ ||| 로디우스,액티언 구입가능한가요 ||| 앞삼박 사고는 단순이라고 대충 넘어가긴 좀.. 아우디 a4는 a6라고 파시고..",자동차/탈것
Grx0lD8yDu4,오늘도 매입은 1분컷! 전주로 캠핑용차량 배달하고 대차 받기,카클릭,안경끼시는게 더 봏아보여요 ~,자동차/탈것
en9HkCfeJSk,2010년 모하비4륜QV300 무사고추천차량 10년식이하 컨디션 젤좋습니다,중고차노반장,노반장님 오늘도 좋은소식 올려주셔서 잘보고. 갑니다.  구독. 조아요. 솔직 단백한 모습 믿음이 갑니다.  좋은하루되세요. ||| 좋은 정보 감사합니다~^^ ||| 늘 잘보고 있습니다. 반장님 좋은 차 앞으로도 많이 올려주세요. 진정성이 느껴지는 한마디 한마디 참 신뢰갑니다.^^ ||| 노반징님 열심히 하시는 모습이 아름답습니다.  초심을 잃지마시고. 열심히 하시면 좋은결실이 있을거에요.  응원 합니다. ||| 설명을 잘해주셔서 항상 믿음이 갑니다. 사장님 저도 조만간 의뢰드려야 겠습니다. 더운데 건강유의 하세요,자동차/탈것
nKXTW3E3H_0,🚗[자동차] 현대자동차 다이너스티 (HYUNDAI DYNASTY) 제원 및 차량 소개 (현대자동차의 대형승용세단 다이너스티) 올드카,럭키스 LuckyS,,자동차/탈것
yp6wHnRvrhU,엔카와 케이카에 주행거리 1000KM도 안되는 차량이 나오는 이유!  ''신차보다 신차급 중고차를 사면 이득?!''  [달인카],달인카,인상이 너무 좋으시다~ 목소리도 차분하신게 신뢰가 가는분이시네요. ||| 오픈 많이 해주셔서 많이 배우고 구독하고 갈게요^^ 영상 연달아 2~3개정도 봤는데 좋은 정보 많네요!! ||| 경차고민중인데..배우고갑니다 ||| 뼉다구만 문제없다면!!! ||| 감사합니다.,자동차/탈것
SaJtN4Hp0XE,에쿠스신형 중고차추천 남자라면 한번쯤은 생각해본 차량 이정도면 괜찮은것 같아요^^ 허위매물 없는 중고차 안내 시작 해봅니다!! 항상 노력하겠습니다!! 구독과 좋아요 부탁 드립니다~,중고차는 꽁짜로줄카,차분하게 설명 잘 하시네요. 잘 봤습니다. ||| 중고차는 누유가 있는지 꼭 바야합니다 ||| 청바지핏이 너무 이쁘십니다!  많이 파세요 ||| 👍👍👏👏👏 ||| 에쿠스천만원아래로 구매하고파요,자동차/탈것
VQCNNMrQryk,집중!!  제네시스 프리미엄 -역대급차량 꼭 보세요(feat::주행거리 많은차 상태가 이럴수가!! 차알못은 스펙으로 차를 사고 투정부린다,유일모터스,자신한다는 말고 표정에 믿음이 갑니다~ 가성비 대박 ||| 역시 김대표님 짱 중고차리뷰는 김대표님 영상만 시청합니다 다른채널은 그닥 볼 이유가 없음 ||| 자세 나오네요  진짜 굿 입니다   항상 좋은차 보여주셔서  감사히 잘보고있습니다   ^^ ||| 언제나 믿음이 가는 대표님 ||| 영상볼때마다 멋있으십니다 스물한살인데 차 야기서 사고싶네요 군대갔다외서,자동차/탈것
57IXc_0fJkQ,"차량가격만 9억3,560만원! - 어떤차길래 이렇게 비싼지 직접 확인해봤습니다. (메르세데스 마이바흐 S650 풀만)",카티Carti,마이바흐 세컨카로 하나 가지고 있으면 캠핑갈 때 정말 편하겠네요 - 참고로 제 퍼스트카는 모닝입니다 - ||| 와 작년 이맘때는 덜추웠는데 오늘 웰케 추워 ㅠㅠ 3008번 버스 드럽게 안오네... ||| 회장님들이 왜 차에서 즐겨하는지  이영상을보고 !!! 꼇습니다 ||| 나같은 개서민들은 9억3560만원 중에 9자 빼고 3560짜리만 살래도 후덜거리며 사는디 ㅋㅋ 금 다이아를 잘근잘근 씹어먹으며 태어나야 가능하겠노 ||| 노가다 나가서 쉬는 시간에 쉬기 좋은 차네..,자동차/탈것
Vwjl67O-C78,신차구매자한테 필요한 무조건 사야하는 차량용품 or 무조건 후회하는 차량용품 TOP4!!(feat. 구독자이벤트),차카기[CAR기자],"마지막 세이프 해머는 진심 뚝배기 박살용으로 구매하고 싶네요. 운전하다보면 그런 색휘들 한둘이 아니거든요 아..비상용으로 차량 소화기 하나쯤도 필 수겠네요. ||| 어디에서도 들을 수 없는 현실적이고 자세한  설명 도움이 많이 되었습니다 ||| 핸들봉 : 한 25년 전에 써보고 버림 병방향제 : 에어백과 상관없는 위치에 부착, 하지만 난 차창문을 열고 달려서 사용안함 핸드폰거치대 : 유리에 붙이는 경우 핸드폰이 대쉬보드와 닿게 하니까 흔들거림이 거의 없는 듯 공기청정기 : 차량용은 아무래도 성능이... 전력도 사이즈도... 말 그대로 캐빈필터를 종종 확인해서 더러우면 교체 세이프 해머/소화기 : 나 뿐 아니라 다른 사람이 사고를 당해도 큰 도움 물왁스 : ㅋㅋ 내 차는 먼지로 세차 제대로 한 번 해야 되는데... ㅠ ||| 세이프해머가 없을경우... 헤드레스트 뽑아서 유리 깨세요. 유리창 깨기위한 응급용품 개념의 부품입니다. ||| 세이프해머가 없으신 분들은 헤드레스트를 뽑아서 해머 대용으로 사용해도 좋습니다~^^ 예전에 TV에 나왔던 내용이거든요~ㅎ",자동차/탈것
ijKfNWiChr0,눈 오기전에 봐야 할 차량 관리 TIP,모트라인 MOTline,"제목학 박사학위 소지자 직원을 채용하셨나 요새 제목 ㅎㄷㄷ ㅋㅋㅋㅋㅋㅋㅋㅋ ||| “이거 모르면 너주거” 겨울철 대한민국을 발칵 뒤집어놓은 모*라인의 소름돋는 역대급 충격 영상! ||| ""이 방송 나가면 너 주거"" ""NURJUGER INDUSTRY"" ||| 이치프 나오는건 못참지 개좋아! 예전 블랙형이랑 이치프 같이 주행리뷰할때 엄청예리하던데 앞으로 주행리뷰때 이치프님 같이 타서 하는것도 좋을거같네요 ||| 2:50 타이어공기압",자동차/탈것
ygw0uLtxz7k,#차량관리[맥스페어] 가솔린 차량 관리방법 한방에 끝내드림!!(정비소 가기 전에 꼭 보세요!! 눈탱이 방지!!!),MAXFAIR,"https://youtu.be/iHteW824Evg  변속기 오일에 대한 뇌피셜...             인정하기 어려운 댓글이 많아 공지드립니다.   1. 변속기 오일 무교환, 무점검??  너 바보냐??   산화되지 않고 영원한 물질은당연히 없습니다. 변속기 오일 뿐만 아니라 100억년 지나면 엔진 자체가 소멸되어 원자로 돌아갈겁니다. 변속기 오일이 문제가 아리라 100억년 뒤에는 변속기 자체가 자연분해되어 없어진다는 말입니다. 일정기간 지나면 당연히 변속기오일 교체합니다. 무교환, 무점검은 영상에서도 말씀드렸듯 엔진오일이라도 잘 교환좀 제발좀 하자.  라는 뜻 입니다.     2. 메뉴얼 교환주기대로 하면 차 다 망가진다.   엔진오일 7천km만  지나도 큰일이다. GDI엔진은 자주 교환해야 한다. 내가 정비사인데 냉각수 교환 안하면 녹물나온다. 메뉴얼이 100% 정확한게 아니다.   GDI는 흡기에 카본 누적되어서 클리닝 안하면 흡기밸브 차단 잘 안된다.       논점은 메뉴얼대로 차를 관리하면 차가 망가진다 입니다.   이 부분은 제조사나 대학 연구기관 아니면 증명이 쉽지 않아보입니다. 엔지니어인 저도, 유명한 명장님도, 대학 교수도 불가능합니다. 엔진오일 교환주기가 엔진수명에 미치는 영향을 확인하려면 오랜 기간동안 수십억의 비용이 특정 연구기관에 투입되어야 1개 엔진에 대한 데이터를 뽑을 수 있습니다. 여러 엔진에 대한 데이터 꿈도꾸기 어렵구요. 그래서 각 제조사가 직접 해당 엔진 테스트해서 메뉴얼을 만듭니다. 그러니 메뉴얼 따르시면 됩니다. 한 가지 확실한건 가장 긴 시간동안 ,가장 많은 돈을 들여, 가장 똑똑한 사람들의 집단이 실험 후 만든게 메뉴얼이라는 사실입니다. 해당 차량에 메뉴얼보다 정확한건 지구상에 없다고 보셔도 됩니다. 그러니 제발 테크니션분들은 본인의 경험과 느낌적인 느낌을 조합하여 메뉴얼을 무시하는 발언을 멈추어 주시기를 부탁드립니다. 수 많은 엔지니어 분들에 대한 모독일 수 있습니다. 그래서 저도 영상에서 가능하면 메뉴얼에 입각해서 내용을 전달했습니다. 엔진오일 교환주기가 앞당겨지는 가혹조건의 하나인 170km/h 이상의 고속주행 발언에서 170km/h 도 메뉴얼에 있는 내용입니다.   단, 특정 엔진에 대한 연구논문은 주석 첨부해서 댓글 주시면 저도 같이 공부해보겠습니다. 짬에서 나오는 바이브는 반사!!!     3. 내가 정비사인데!!  메뉴얼만 따르라고 말하는거 보니 너무 무식하다!!   니 발언은 뇌피셜이다.   너무 악플이 많아 말씀드리면 제가 기사필답이 43점이였습니다. 이정도면 제조사가 적은 사용자 메뉴얼 읽어드리는 정도는 할 수 있을것 같습니다. 메뉴얼이 잘못된것 같으면 제조사에 항의하시면 됩니다.           그럼 저는 다음 영상 만들러 이만..... ||| 냉각수는 보충시 본인차에 기본으로 들어가있는게 규산염인지 인산염인지 구분해서 보충해야 됩니다. 섞이면 침전물 생겨서 냉각계통 고장납니다. 우리나라차와 일본차는 연수세팅이라 인산염 계통 부동액 보충해주시고, 유럽생산차들은 경수세팅이라 규산염 계통 부동액 넣어 주셔야 됩니다. 냉각수 관리는 부족하면 채워넣는게 보통의 상식으로 알고 있는데 이건 절반만 알고 있는거에요. 냉각수는 산도(PH값)가 제일 중요합니다. 요즘차들은 2세대 또는 3세대 부동액을 사용하기 때문에 교환주기 길어요. 따라서 5년 넘어가는 차는 정비소 한번씩 가실때 냉각수 산도 측정 해달라고하세요. 기본세팅값이 약 알칼리성인데 중성에 가까울수록 교환 신호로 보시면 됩니다. 주철엔진블럭 사용하는 차들은 특히 부식에 취약하기 때문에 냉각수 산도관리 필수입니다. ||| 저는 선박내연기관 전공인데.. 선박엔진은 천문학적 액수의 선체및 화물과 수십명의 선원들의 생명과 직결되어 있어서 4명의 전문 엔지니어가 추진엔진, 발전엔진을 비롯한 각종 기계설비를 돌봅니다. 그러므로 제조사의 매뉴얼은 가장 신뢰할 자료이며 이보다 더 정확한 것은 없다고 해도 틀리지 않습니다.   그동안 저의 자동차 정비에서 정비사들의 과잉정비 요구와 겁주기 행위에 질려서 자가 정비한지도 30년이 넘었구요.. 특별한 장비가 없어도 되는 정비는 직접 다 해왔습니다.  물론 이때 매뉴얼이 모든 작업의 기준입니다.  그동안 자가정비 하면서 10년 넘게 탄 차들도 있고 4,5년만에 방출한 차도 있지만 한 번도 문제를 일으킨 적은 없습니다.   엔진오일 교환은 선박엔진 정비에도 굉장히 중요한데.. 한 번에 2, 3만리터 정도를 교환하므로(3만마력 2사이클 2단터보 저속 디젤기준) 회사에서도 비용을 아끼려 오일 수명의 최대치까지 사용하는 것을 원칙으로 합니다.  그래서 엔지니어는 엔진오일의 탄화도, 산화도, 점도, 사용시간을 측정해서 보고합니다.   자동차를 자가 정비하면서 엔진오일을 같은 방법으로 측정하면 합성유기준으로 15000키로 이상 탈 수 있다는 것이 결론입니다.  색깔만 검다고 수명이 다한 것이 아니며 이걸로 겁주는 정비사가 너무 많다는 것이 현실인지라...가슴아픕니다. MAXFAIR님은 이런 맥락에서 정확한 정보를 공개하는 주옥같은 크리에이터라고 말 할 수 있습니다. ||| 정비사 출신으로서.. 차를 험하게 써야 하는 특별한 직종이 아닌 이상 매뉴얼대로 타도 아무 문제 없습니다. 한국의 교통상황 자꾸만 말하던데, 도쿄는? 뉴욕은 서울만 못할 것 같나요? 제 생각에 케미컬이나 오일류 보다 훨~~~씬 더 중요한게 1)세차. 특히 하부세차. 2)시동 후 급출발 금물. 3)탄력운전. 시내든 고속이든 교통상황 잘 봐가면서 쓸데 없는 악셀이나 브레이크 안 밟고 탄력 유지하면서 운전하면 오일류나 케미컬 딱히 쓸 필요 없이 차량관리를 잘 하는 겁니다. 악셀이나 브레이크 밟더라도 ""가급적이면"" 나눠서 천천히 밟아주는.. ||| 다음은 정비소에서 좋아하는 영상",자동차/탈것
iO34uQPuTEU,"[명장명답] ‘터보엔진, 출력이냐 내구성이냐’ 관리팁까지 패키지로 제공!",박병일의 명장본색,언제나 좋은 정보 감사합니다.  말씀 하신데로 차량을 성능을 을 향상 시키는데 터보 같은  엔진의 보조 장치가 대세 이지만 고장시엔 돈이 엄청들게 되죠 . ||| 제가 질문 했던거에 대한 답인거 같아 기분이 좋네요ㅎㅎ 좋은 정보 주셔서 감사합니다! 건강하세요. ||| 요즘차 예열안해도된다 이런말 많은데 예열하고 안하고 주행해보면 차이가 확연히 드러나서 예열항상 하고다닙니다ㅎ ||| 명장님 예열 후열에 관한 영상 보고나서 항상 1~2분씩 예 후열 후 출발합니다 감사해요! ||| 후열은 몰랐어요.  고맙습니다.,자동차/탈것
VKy9L1HPa00,인생 첫차! 신차! 자동차 관리는 폐차! 이것만 알면 채소 10년 탄다! 내차 관리 꿀팁!,"도심 주행 해결사, 도주해","예열은 1분만 하고 저속으로 운행하면 완벽 그리고 히터나 에어컨은 차에 타고 바로 틀기보단 도로에서 조금 달린후 트는것이 좋아요 그리고 핸들을 끝까지 돌려 사용하지 않는게 좋습니다 최대한 끝까지 돌리지 않고 사용하는게 좋아요 그리고 방지턱을 넘을땐 항상 저속으로 넘어가세요 안그러시면 쇼바가 다처요 ㅜㅜ  긴 시간동안 방지턱을 쌔게 넘으면 하체에서 소리가 날수 있어요 삐그덕 추월할때 누구나 다들 속도 확 올려서 가죠? 매우 안좋아요 추월 하실땐 최대한 지그시 속돌 내서 추월하시는게 좋습니다 마즈막으로 기름은 앵코까지 안가는게 제일 좋습니다 항상 앵코를 찍기전에 기름을 넣어주세요 그럼 이상입니다 ㅎㅎ ||| 잘보구갑니다ㅎㅎ ||| 좋은 영상 정보 감사합니다. 추가로 번호판교환시   번호판,봉인 녹않나게하는 봉인구어셈블리 추천드립니다. ||| 첫차인분들 두번 보세요~~👍🏻 ||| 가솔린엔진제어 수석연구원입니다 초기에 공정과정에서의 문제때문에 6000km 쯤에 한번 첫 엔진오일 갈아주시는게 좋고 그다음에는 1년마다 15000km 간격으로 갈아주는게좋아여   제조사에서 10000km 권장해도 사실 가혹테스트는 훨씬더 가혹하니 걱정마시고 타도되여   정비사들이나 차유튜버들이 엔진오일 빨리갈으라하는데 사실이아닙니다 지들 돈벌어먹으려고..ㅋㅋㅋ    그리고 엔진브레이크는 반드시 쓰세요 그게 엔진에도 좋고 브레이크에도 좋아여  그리고 평지비스무리한 경사에서 p만놔도 됩니다 그정도가혹조건테스트는 진행하니 너무걱정하지마시길",자동차/탈것
VQR7tuTlHWU,[명장명답] 터보 엔진 자동차 예열+후열 꼭 해야 하는 EU ♡고장 나면 천만 원♡,박병일의 명장본색,"그래서 돈들여 리모컨을 설치해 베란다에서 미리 시동을 걸어 놓는데 분명히 엔진 소리가 부드럽더군요. ||| lpg자동차의 모든것도부탁드립니다ㅎ ||| 아...터보 엔진은 예열과 후열을 꼭 해줘야 하는군요....^^ ||| 언제 들어도 명장님의 명쾌한 해설 예열, 후열 꼭 실시하겠습니다. 감사합니다. 명장님 ||| 좋은 정보 감사합니다",자동차/탈것
QafOnKKKsPY,[팁&톡] 장마철 차량 관리중 제일 중요한건? 이것만 갈아도 빗길 교통사고 위험이 훨씬 줄어듭니다.,모터무비 중고차,"요즘같은 장마철에 꼭 필요한 정보네요,고생하셨어요,모터무비 홧~팅~~~🤗👏👏👏👍🚘 ||| 오~~~굿!^^ ||| 크으 유용한정보에욥👍 ||| 영상도 깔끔하고 내용도 좋은데 이상하게 안뜨는채널이네 진짜 본지 오래됐는데; ||| 수고",자동차/탈것
1avTDLFNLGw,요즘대세! 테슬라 차주들의 차량관리 비법공개✨,노프러블럼 No Problem,,자동차/탈것
YQN-mnJWsuI,차량관리 고민해결 인포카 스캐너,소상공인 V-커머스 디지털&생필품,우와^^ 정말 필요한 장비네요 한눈에 자동차 모든정보를 볼수있네요 ㅎ ||| 한번 써봐야겠네요,자동차/탈것
Mq-WInRF5Jk,[ 6회 ] 자동차 오래타면서 수리비용 줄이는 방법 10가지,봉래 TV.자동차 세상,첫 웜업은 평균적으로 약 2~3분만 해주면 된다고 생각하시면 좋습니다 이부분은 약간수정하여 다시 업로드 영상을  올리도록 하겠습니다 감사합니다 ||| 자동차뿐만아니라  농기계도 항상예열을 저는 늘한5정도 합니다. 수고하세요. ||| 정말 많은 도움이 되네요 요즘 차에 관심이 생겨서 열공중입니다 상세 설명 감사합니다 ||| 실직적이고 유용한정보 감사합니다 ||| 좋은 정보감사합니다! 앞으로 좋은 영상 기대 할께요,자동차/탈것
xzmI14wK4_c,겨울철 차량관리 예열.후열에 대한 정비사의 생각,장용석의내차를부탁해,"진짜 궁금했던 점입니다. 신박한 설명 감사합니다. ^^ 언제나 잘보고있어요 ||| 행님, 유투버로서 성공하셨습니다.십만,금방 갑니다. 행님의, 본업은 텔레마케터입니다. 마케터치고 정비잘하시네요.  건강보단 방송이 우선입니다. 방송챙기시고요♡ ||| 도움되는 영상 잘 봤습니다. 살살 운행할 시간과 거리가 되면 그게 예열이고, 아니라면 예열하라는 말씀으로 요약. 감사합니다. ||| 좋은 정보 명확하게 풀어주셔서 감사합니다. ||| 할필요 없다! 결론부터 말씀해주셔서 ㄳ",자동차/탈것
_x5eLjSPdhM,기능장이 알려주는 장마철 차량관리 꿀팁!!,내 차가 알고 싶다,항상 잘 보고 있습니다 ||| 항상 꿀팁을 주시는 것 같아 믿고 봅니다!! ㅎ ||| 잘 보고 있습니다!!!,자동차/탈것
p0qnd06KBkE,"하얀차 관리는 이렇게만 하세요!  / White Vehicle maintenance wash, super easy!",LickNslick_릭앤슬릭,"우왘ㅋㅋ 티구안 때꾸적물 씻겨나가는거보고 힐링 ♥ ||| 오늘도 영상 잘볼께요❤❤ ||| 오늘도 잘 보고 갑니다~~^^ ||| 저렇게 차고에서 편하게 세차할수있다니 정말 부럽습니다 . 주위사람 신경안쓰고 ...  저런게 힐링이죠!!! ||| 잘 봤습니다. 저도 케미컬가이 화이트라이트 쓰는데, 광도와 슬릭이 너무 좋습니다. 특히 야간 조명에서의 피막감이 예술이죠. 근데 머신작업해도 힘들고 버핑도 고되서, 2회 레이어링 이후에는 그 위에 지속력이 좋은 브샤디(슬릭없음)나 슬릭감 좋은 카나우바 왁스를 올리네요. 아마 캘리포니아는 오염이 적어서 화라만 계속 올려도 좋을 듯...^^ (산불 때문에 그렇지도 않을려나요?)",자동차/탈것
i2YZWN8Kk7c,"[슬기로운 차덕생활] 내 차에 도움되는 자동차 상식, KB차차차 알짜배기 정보만 모아봤.ZIP 📂",KB차차차,자동차 정보 모음집 쏠쏠히 도움 되는 정보가 많이 있네요!  항상.. 기름 만땅... 이제 그만해야겠어요.. ||| 이제서야 알다니..ㅠㅠ 꿀팁 차량비닐 제거안했는데 ㅠㅠ ||| 오! 차말남 ||| 기름을 항상 꽉채웠는데 오늘 꿀팁! ||| 하부코팅은 좋은 거군요!!,자동차/탈것
nVnB98IwN1I,최고의 테슬라는 어떤 차? - 7관점으로 비교해본 테슬라 모델S3XY (Tesla Model S3XY),한테타 - 한국에서 테슬라 타기,"그렇게 확인을 했건만 오타가 있네요. 😭😭. 모델S 가격이 108,000,000원인데 0이 하나 빠졌습니다. 🤣🤣🤣 ||| 요약 S:난 가격을 조금 보태더라도 더 좋은걸 탈거야 X:난 가족 여행을 많이 가거나 큰 차를 탈거야 3:난 스펙을 조금 낮춰서 저렴하게 탈거야 Y:난 최신 차를 다른 모델보다 조금 더 저렴하게 탈거야 ||| 영상의 질이 너무 높고 좋습니다!!!! 감사합니다 큰 도움이 됐습니다ㅎㅎ🙏 ||| 최곱니다! 완전 이해 됐습니다. ||| 좋은  비교영상 감사합니다.👍👍💖💗💝",자동차/탈것
BWwwcwDL--o,대전중고차 - 자동차상식 104부 엔진오일 먹는차 저렴한 해결방법,양심중고차 이진영,"엔진 보링 비용이 많이 부담 되니  가장 저렴한 비용으로 엔진오일 과다소모를 막을 수 있는 사장님의 생각을 말씀 하시고 계신데 엔진은 잘 모르지만 논리적으로 납득은 됩니다 엔진보링 영상 올리실 정도로 엔진에 대해 빠삭 하신데 소비자 입장에서 가장 저렴한 방법까지 생각하시고 사장님 열정에 감탄하고 갑니다👍👍👍 ||| 눈에뛰게 오일이 준다면 단기로 사용할 목적이라면  아무런 오일이든 보충하며 사용하고 장기로 사용하려면 수리가 답입니다 ||| 조금 전에 엔진오일 점검과 추가방법 보고 어떤 오일 넣느냐 질문했는데, 바로 이런 영상이 있었네요. 고맙습니다. ||| 말듣고 10W40 넣었더니  효과 있네요   감사합니다 ||| 간단 명료한 말씀 최고입니다.LS460 인데 저도 엔진오일 교환했는데 갑자기 보충 등 떠서 카센터 가서 2리터 반 넣었습니다.~",자동차/탈것
HKZJZvgqkXM,쿠팡도 선택한 차량관리 서비스 - 세차왕,세차왕,,자동차/탈것
GYq5SABW2Cg,유아인차 테슬라 모델X 이 차가 1억 4천이라고? 할많하않...,비피디 BPD,"아... 현타온다... 내가 이차를 왜 샀지...?? ㅋㅋ ||| 솔님이 마스크 벗는날 이 채널의 숙명을 보게될듯요 ||| 두분 듀오가 정말 잘맞는거같아욬ㅋㅋ PD님은 차에 대해 알찬설명 잘해주시구, 솔님은 진심 내가 말하고싶은 팩트를 시원하게 대신해주셔!🤣 ||| 지미림님이랑 콜라보!!!!!!!!!!!!!!!!! 블로거 때부터 즐겨보던 2분의 콜라보에 솔님의 시너지 효과라 정말 최고네요!!!!! 옛날 추억이~ ||| 오늘도 솔님 vlog 잘 보고 갑니다",자동차/탈것
rWmR8U6ARE4,겨울철 차량관리 하는 요령,아낌없이 주는 나무 ,,자동차/탈것
Ww0Fksa01VE,[생생정보팁] 여름철 차량관리 꿀팁! 에어컨 필터 교체 5분이면 OK,MS투데이,,자동차/탈것
iAs64zdQo8A,"""잠깐만요""LPG자동차 소모품 교환 할까 말까?고민 하신다면![자동차의모든것-Car & Man] Automobile maintenance",자동차의모든것[Car&Man],LPG 연료필터 교체는 가제트님이 꼼꼼하고 안전하게 잘함.. 다음 영상에 기대할게요 ||| 나사선까지 확인하고 청소하는걸 보니 프로 전문가 인정합니다!! 정비 확실하게 하시네요!! ||| 제가 택시정비소에있었는데요 아래쪽 연료필터는 보통 5~6만km주기로 교환하라고 권장합니다.가스통에있는 연료주입구필터는 교환주기따로없이 연료주입되는 속도가늦어지면 작업해도 문제없구요.택시는 보통 1년에 6만km정도뛰고 많이뛰는차는 8만이상도 타니까 자가용가스차량일경우에는 교환주기를 조금더 길게해도 무방합니다. ||| LPG차량은 점검후 반드시 충전소가서 한번쯤 가스누출여부 확인하는게 좋습니다   충전소마다 정상적인곳은 반드시 검지기가 있고 딱히 돈내거나 하는거 없이 무상으로 해주는거니(일한지 얼마안되는 알바나 너무바쁜곳은 못할수도 있습니다) 말잘해서(말한마디에 대충 훑고지나가냐 꼼꼼히 봐주느냐가 결정됩니다) 안전하게 타고다닙시다 ||| 좋습니다 이런걸 소비자가 알아야 겠죠,자동차/탈것
aXJolSoTz-g,쏘렌토 MQ4 하이브리드 차량 관리 방법,코팅나라 - 방청및절연코팅,와..꿀발라놓은거마냥 이쁘네요 ||| 가격 및 시공 방법(코팅나라 블로그)👇 https://m.blog.naver.com/to4924/90115239608 ||| 시공가격 어떻게되나요?,자동차/탈것
eXUjFXT2Tqs,먼지털이. 흠집이 정말 많이 생길까??(feat. 겨울철 차량관리),덴트초이,잘 봤습니다 저는 비케몰 먼지털이개 싼거 쓰는데 충분한거 같아요 ||| 13:10 자주 바르는 차들은 이렇게 해도 흠집이 많이 안생기니까 ||| 마른 표면에 먼지 뭍은거는. 먼지가 빗물과 엉겨붙은 때와는 다릅니다 ||| 안녕하세요 ^^ 고희성님 으로인해 설경님 알게됬는데 요렇게 인사드리게됩니다 ~! 구독&좋아요 한표드립니다.. 좋은하루되십시요..😊.😊😊😊 ||| 왁스 피막코팅은 나뭇가지 잔기스도 엄청막아줘요,자동차/탈것
l9zCCPsNjyY,"[매뉴얼] 코로나 19 예방 수칙으로 확인하는 차량 관리 수칙 ｜ Safe Care, Safe Car",현대자동차 (hyundai korea),"""코로나19한테 물려가도 정신을 차리면 된다는 그런 말이 있듯이 우리의 집중을 자꾸 이렇게 분산시키려는 일들이 항상 있을 거다, 으레. 그게 무슨 새삼스러운 것도 아니고. 그런 가운데서도 '우리의 그 핵심 목표는 Safe care, Safe car해야 될 것은 이것이다' 하는 것으로 정신을 차리고 나아가면 우리의 그 어떤 에너지를 분산시키고 해낼 수 있다는 그런 마음을 가지셔야 될 거라고 생각합니다."" ||| 램프 고장난줄도 모르고 운전하시는 분 많습니다. 이 캠페인을 통해서 모두의 안전을 위해 고장난 램프는 바로 수리하고 안전 운전 하자구요~ 이런 캠페인 응원합니다~ ||| 좋은정보👍🏻남편에게도 공유해야겠어요 🤗우리가족 건강 지키기❣️ ||| 차량관리수칙 꼭 확인하고 모두 안전한 여름휴가 되세요~! ||| 누가만든건진 몰라도 참 잘만들었네요, 무릎을 탁 치고 갑니다",자동차/탈것
2sCafUCvscI,제네시스 GV70 바닐라베이지 실내 이염,Lmjhot lee,"저거보고 베이지 관리 힘들다고 하는데 하루에 수십명이 들락날락 하고, 또 여러가지 색의 바지가 쓸리니까 저렇게 시커먼거고 자기가 산 차면 하루에 많아봤자 10번이 최대일텐데 더러워지는 기간도 몇배는 느리겠죠  가죽 클리너, 컨디셔너로 닦아주면 지워집니다 ||| 전시장이니까 당연하쥬 gv70 베이지시트 오너인데 가죽코팅한번하구 오개월째 지금도 엄청 깨끗합니다~😅 한달에 한번정도 걍 가죽클리너로 닦음됨 ㅋㅋ ||| 현기를 빠는 입장은 아니지만 원래 저런 시트 색상의 차들은 관리 꾸준히 안해주면 브랜드 상관없이 더러워지기 마련인데 댓글보면 현기라서 더러워진 것 마냥 댓글 써대네ㅋㅋㅋㅋ ||| 전시장은 당연하자나~ ||| 어느차든 베이지색 이염은 무조건 발생합니다. 코팅은 필수고 바닥엔 보호커버나 방석 까는게 필수죠.",자동차/탈것
EnmScFzp9Ak,가을철 차량관리,이병영  대금부는정비기사,,자동차/탈것
NTd6gvINr64,셀프 차량점검 방법 알려드립니다(차알못 8분만 투자해서 안전운전하세요!),하나TV [하나손해보험],타이어 마모한계선이 있는지 처음 알았네요 타이어교체시기 쉽게 알겠넹ᆢ ||| 차알못 탈출 ||| 와드박고 갑니다 ||| 너무 좋은 정보네요~👍 ||| 엔진룸 세척 어후 속시원해,자동차/탈것
KImeiKOhMpM,[생생정보팁] 여름철 차량관리 꿀팁! 에어컨 냄새 관리법,MS투데이,evaporator ① 증발기  발음미국/영국   [ivǽpərèitər] 이배퍼레이터,자동차/탈것
TtwjmA3QzTU,차량 관리는 커스텀매드(Customad)에서!!,Ugly Goguma,와.. 영상 너무 멋지네요~^^ ||| 와우! 진짜 멋집니다 ||| 와 진짜 멋진 비롤입니다 ㄷㄷㄷ ||| 오 다니엘 쉬퍼 느낌 굿이네요! ||| 한편의 광고 영상이네요 혹시 저희 가게도 찍어주실 수 있나요?,자동차/탈것
kGTO3B3fWzU,Long-term Parking(About 3 months) 무려 80일간 장기주차!!! 시동 걸릴까???,해마티비,한달간 주차해놨다 시동거니 매연이 마구 나오고 일발시동이 안됩니다. 엔진벽에 오일이 전혀없어 피스톤들이 엔진벽을 다 스크래치냅니다. 엔진고장에 치명적입니다. 안 좋습니다. ||| 굳이............,자동차/탈것
KCRYI_v4cZs,차량관리,아낌없이 주는 나무 ,,자동차/탈것
K8HssouQ6ts,[생생정보팁] 여름철 차량관리 꿀팁! 와이퍼 교체 이렇게 쉬웠나?,MS투데이,,자동차/탈것
x4jbC2iQcwA,겨울철차량관리 셋 냉각수관리,대림대미래자동차학부,,자동차/탈것
0dLZLlppz-I,한여름 자동차 색상별 온도 차이 과연 얼마나 날까?,픽플러스,"난 이런거 해줘서 이 채널이 너무 좋아 ||| 차이 어마어마하게 납니다.. 오토바이를 타고 있습니다.. 여름에 검은색 헬멧 쓰고 다니다간 입에 거품물고 쓰러집니다.. 여름이든 겨울이든  하얀색 헬멧을 써야 합니다.. ||| 오랜만에 피터님과 스피더님과 진행하니깐 반갑게 느껴지네요.ㅎㅎ 역시 예상대로 검은색이 더 뜨거워 지는데, 대시보드에선 은색과는 큰 차이가 없네요. 아마 대시보드는 동일한 검정색이여서 그런것 같습니다. ||| 1:07 번호 가리셔야 할듯 ||| 확실히 그 어느 유투버도 할수없는 이런 실험 너무 좋아요 ㅎㅎ 동일차량 다른색상 온도체크 너무 사이다 지식인 ㅎㅎ",자동차/탈것
i1twW5zIBDM,자동차에어컨필터갈기/와이퍼갈기/셀프차량관리/직장인재테크/휴일활용법,보보TV_귤,,자동차/탈것
8KkDYJT49ws,"링컨MKS 하이브리드차 겨울전차량관리 ""시동배터리교환 서비스""  [부영수퍼카 디테일링차량관리 242번째이야기]",부천수입차정비전문점 부영수퍼카,,자동차/탈것
gCPz6Cey0Kc,깨끗하고좋은 엔진오일교환서비스 [부영수퍼카 디테일링차량관리 68화],부천수입차정비전문점 부영수퍼카,,자동차/탈것
d9pmHWu2Hnk,GV80 시승차량 관리_세차왕,세차왕,,자동차/탈것
3jP-NRp-SKE,전기자동차 시대가 오면 자동차 정비사는 필요없을까?,호주정비사Mechanic Stan,"새로운 공부 하듯이 또 공부 하셔야하는...;; 급변하는 세상을 따라 잡기는 어느분야나 정말 무섭네요~ 정비 공부 시작하는 분들에게 좋은 길라잡이 영상👍🏻 ||| 얼마전까지 정비했었는데.  솔직히 정비소에서 힘든점은  육체노동+더러움+서비스 3중고만해도 퇴근뒤 축늘어지는데. . .  전기차공부까지 ? 현실정비소에선 선배도 전기에대해 모르고 가르쳐줄만한 사람도 없고 .  만져봐야 배우는데 .  전기차도 별로없고.  오더라도 점검시도조차못하고.  큰센터 가보라는말밖에 못하니.  (건드려봤자 프로그램 업데이트) 갈수록 힘듬  보통센터에서 전기차수요에대한 등급을 교육하고 뽑는다고 하지만.  거기까지 가기가 현실에선 거의불가능수준.  결국 코로나핑계로 짤려서 다른거함.   정비업이 뭔가를 선배가 가르쳐주는시스템이 없음.  좀 배우려면 성격이 좋아야됨.   술담배도 잘해야하고. ||| 감사해요~ ||| 문제와  준비성에대해 정확히 지적했으며,저와  생각이 일치됩니다. ||| 스캐너도 못봐서 다른 선배정비사에게 스캔 맡기는 사람도 있고 스캐너로 에러코드나 알아보고 에러코드 안뜨면 돌려보내는 사람도 있고 신호값파형을 꼼꼼히 따져보고 값이 다른 부분을 귀신같이 찾아내서 쉽게 쉽게 고치는 사람도 있습니다. 저도 장비만 있다면 두 번째 사람처럼은 할 수 있을 것 같아요. 답답해서 제 차는 제가 열어보기 시작했네요.",자동차/탈것
Y6rDbWhNjCc,자동차 튜닝 쉽게 하는 방법! 나도 이제 튜닝 전문가! (feat.한민관),TS튜닝알리고,,자동차/탈것
M-cqQB2hqiY,국내유일 전기차 검사소에서 전기자동차 검사받기 (feat. 전기차 구조),데일리카 Dailycar,난 자동차 검사 솔직히 배기가스랑 배기 소음 때문에 하는줄 알았는데...  영상 보니까 다른 여러가지가 있네요 잘봤습니다 ||| 전기차 정기검사및 종합검사비용은 대략얼마인가요?,자동차/탈것
xXUZl36TjkI,한번 충전으로 2000km를 가는 전기자동차가 나온다,자동차검사법인 인스펙풀,제발제발요~ ||| 결론은 헛소리구만  ㅋㅋ 중국에서 거른다 ㅋ ||| 나오기전까진 아무도 모름 ||| 2000km가는건 배터리 물리적 에너지밀도상 불가능할듯,자동차/탈것
RfmmKcqLyzI,전기차의모든것 현대자동차편,PLMcafe,현대자동차 전기차 맵입니다.  https://plmis.tistory.com/1168,자동차/탈것
2goaV_0abcI,전기차로 인해 사라질 자동차 부품들,리바이버,"인휠의 단점중 하나가 바닥의 요철진동에 따라 바퀴부분이 무거워져 주행성능에 영향을 미칩니다. ||| 영상 잘 보았습니다. 파워트레인 관련 부품은 전기차에 맞춰서 빠르게 변화될거 같은데, 스티어 바이 와이어나 브레이크 바이 와이어의 경우에는 약간의 한계가 있다고 알고있습니다. 조향시스템과 브레이크시스템은 엔진이 꺼지거나 전력이 공급되지 않아도 안전을 위해서 무조건 작동이 되어야 하기 때문에 기계적으로 작동될 수 있는 2중 구조를 채택하고 있습니다. 인피니티의 스티어 바이 와이어 시스템을 보면, 조향시스템에 전자적인 문제가 인지되면 물리적으로 스티어시스템이 연결되는 구조를 가지고 있습니다. 다른 제조사들이 스티어 바이 와이어 기술이 없어서 사용하지 않는 것이 아니라, 인피니티처럼 할거면 그냥 현재 사용하고 있는 EPS가 더 효율적인 방식이라고 판단하기 때문입니다. EPS의 경우, 전력이 공급되지 않거나 모터가 고장나도 논파워핸들처럼 조향이 가능한 구조이기 때문입니다. 제조사들이 스티어링시스템과 브레이크시스템 관련하여 이런 문제를 어떤 기술과 방법으로 해결해나갈지 매우 흥미롭게 지켜보고있습니다. ||| 인휠 시스템은 테스트를 많이 해야겠죠 특히 도로상의 여건에 의한 테스트나 바퀴쪽에 부품이 많이 들어가니 유사시엔 비용 또한 문제가 많겠죠 그리고 인휠 시스템이 많은 부품을 요구하니 각 바퀴에 받는 하중도 늘어날 것이며, 이는 도로의 손상 및 주행 성능도 떨어지게 됩니다 그렇다고 휠을 카본으로 만들면 부품비용 절감이 오히려 유지되거나 상승하겠죠.. ||| 좋은정보 감사합니다 ||| 없어질 부품들이 하나둘이야? 꿈같은 일이지~~~",자동차/탈것
Vkh276pBePo,1200만원 튜닝! 중고차 한대 값 투자한 아반떼 튜닝 끝판왕!!,이아나TV,아반떼 튜닝끝판왕♡  번호판을 훔치고 싶긴 처음입니다! ||| 저 색상 싼타페 DM을 봤을 때 우와~ 했었는데 아방이도 똑같이 멋있네요 ㅋㅋ ||| 🍀이아나TV님  차가 너무이쁘네요. 한번멋진튜닝차 타보고 싶네요~~영상잘봤어요ㅎ🤗🍀 ||| 제 차도 이번에 신형 KOR 번호판으로 교체를 했는데 아나님도 부러우시면 차량등록사업소에 가셔서 번호판 교체하고 오셔요. 근데 7자리로는 유지가 안되고요. 무조건 8자리로 바꿔야 번호판 교체가 가능하더라고요. 제가 그랬었습니다. 거기에 비천공 플레이트까지 구입하면 비용이 좀 많이 들거에요. 그나저나 제차는 저 아반떼한테 명함도 못내밀겠네요. 저는 튜닝보단 그 돈으로 차를 사는게 현명하다고 생각이 들더라고요. 이번 아반떼AD 스포츠 튜닝카가 겁나 이뻐요~!! ||| 처음댓글을답니다!항상좋은영상감사드려요!이아나님의열정이보여서좋네요~다음에도좋은영상부탁드립니다^^,자동차/탈것
87K0ln-ZQbk,전기차는 어디서 충전할 수 있을까요?,ABBKorea,,자동차/탈것
JOqZWavayL4,한국 최초의 자동차! 시-발 자동차와 시발팩의 연관 관계는?,BlenDard 블랜다드,,자동차/탈것
aNEgmraSCmU,자동차에 WD-40 넣고 달리면 과연 뭐가 달라질까?,픽플러스,이 채널 보면서 가장 크게 느끼는게..   차는 별걸 다 처먹는 잡식성이란거 ||| 저게 ㄹㅇ 고급유지 ||| WD가 광유계 (등유)라서... 가솔린엔진한테는 쥐약입니다 ||| 3:19와 얼공! 눈매가 예사롭지 않아! ||| WD-40 제품에 회사 이름도 WD-40임..나스닥 상장 ㅋㅋ,자동차/탈것
PQzDZAxv8VQ,이게 다 #모닝 ? #자동차가격표 보는 법(Feat. 모닝 어반)! 캬쌤과 함께 차근차근 알아가보자!ㅣ캬(KIA)쌤의 자동차 인강 3강,기아 (Kia Korea),오늘 강의 모닝!! 캬~슨상님 설명 귀에 쏙쏙 들어오네요. 모닝가격 완전 학습완성 ||| 모닝에 별별 기능이 많네요^^ 많이 좋아졌네~ ||| 가격표 보는 법은 이제 알겠는데 글씨가 더 컸으면 좋겠어요~~~ ||| 1강부터 잼께 보고있는데 캬쌤은 기아차분이신건가요 ?? 연예인가타여,자동차/탈것
u_0qVppsfTk,※충격결과※ 얼마나 더러운지 자동차 실내 세균측정해보았습니다.,픽플러스,37만ㅋㅋㅋ 측정기 회사사람도 듣고 놀란거 아닙니까 ||| 대표님의 전적 1 : 브레이크오일 기준미달 2 : 기어봉 세균수치 37만  차후에는 어떤 주제로 얼마나 나올지 궁금하네요. ||| 대표님 현실부정 ㅋㅋㅋㅋ 디지털숫자모양 차이가 .의 간격이길 ㅋㅋㅋㅋ ||| 와 제 차도 관리 잘 해야 되겠네요. 수고하셨습니다 😊 ||| 4:06 1이 띄워져 있는 이유는 전자식 숫자 라서 ㅋㅋㅋㅋ   항상 느끼지만 변기가 제일 깨끗해..,자동차/탈것
Imc7GduUSCk,"자동차 에어컨 틀면 출력감소, 눈으로 직접 보신적있나요? (feat. 히터도 비교)",픽플러스,"다마스로 에어컨 틀고가다가 출력딸려서 에어컨 끄는순간 ㄹㅇ 부스터 켠 느낌.. 한동안 그 느낌이 너무 재밋어서 계속 에어컨 틀고다니다가 부스터 누르는 느낌으로 출력필요할때 끄고 그랬음 ㅋㅋ ||| 매번 잘보고 있습니다 ㅎㅎ 즐거운 추석 연휴 보내세요 ㅎㅎ ||| 원래대로 피터 나오시니깐 좋다 앞으로 고문관님,피터님 세명 다 나와주세요! ||| 히터는 엔진의 열을 이용하는 거라서 영향이 없지만, 에어콘은 엔진의 동력으로 컴프레서(압축기)를 돌리기 때문에 영향이 있죠. ||| 모닝,스파크 A/C버튼은 과속 방지 버튼입니다.",자동차/탈것
Ta0tJZOJDkM,마일드하이브리드 자동차의 시장점유율이 증가하고 있습니다,스마트카TV,앞으로 마일드하이브리드차의 시장 점유율이  점점 높아지고 있다는 분석이 나오고 있습니다.,자동차/탈것
gofscsSFYWg,"소량 생산 자동차 기준 완화, 한국산 수제 스포츠카 나온다|카247",카24/7,,자동차/탈것
ObmjgsgK2u0,한국자동차가 일본자동차를 잡기 위해 가장 필요한 것은,하쿠,"매우 실질적이고 도움이 되는 내용입니다. 수고하셨습니다.  한국의 자동차 업계 특히 조립라인의 작업자돌과 소비자들 모두에게 필요한 내용입니다. ||| 현대차 조립 직원들은 유튜브 동영상 보고 조립 하던데 뉴스에서 봣어요 ||| 근무 중 동영상 시청이라는 것은 듣도 보도 못했습니다. 라이오 음악이야 공장에서 근무하는 경우 듣는다고 했습니다만, 거액의 연봉을 받으면서 일하는 태도에 문제를 느끼지 못하는 것은 큰 문제라고 생각합니다. 세상에 어느 직장에서 일하는데 동영상을 시청합니까? 더욱이 시청을 못하게한다고 파업을 할 거라는 얘기는 처음 듣는군요. ||| 조립 품질과 마감? 그렇다면 그건 사람이 하는 작업이네 전문 노조꾼  전문 파업꾼 와이파이 자른다고 파업하는데 조립품질과 마감이 되겠음? ||| 참 좋으신 말씀이십니다만 하지만 현실은 자동차 ceo 보다 더 높은 현직 강성 노조들의 파워가 워낙 쎄서 절대 불가능하죠 이게 한국차의 약점입니다.",자동차/탈것
d5Ua5GldF6k,현대트랜시스 자율주행 자동차 인테리어 솔루션,현대트랜시스,"❤️아이디어판다 콜라보 이벤트 당첨자 경품 발송 완료 안내❤️  안녕하세요! 김매니저입니다!👋👋    아이디어판다 콜라보 영상 시청 이벤트에 참여해주신 분들께 감사의 말씀 드립니다!👏👏  기한 내에 회신주신 분들께 개별적으로 상품 발송해드렸으니, 문자메세지함 확인해주세요!    다시 한 번 참여해주신 분들과 시청자, 구독자 분들께 감사의 말씀 드립니다!🙇🏻‍♂️  앞으로도 채널 트랜시스 많이 사랑해주세요~~~~~~❤️💕🥰 ||| 아이디어판다 영상 보고 왔어요.! 자율주행으로 우리 교통이 안전해지고 모두가 편안하고 쉼이 있는 이동이 되길  바랍니다. 업사이클링으로 재탄생한 제품이 이쁘고 실용성도 좋아서 자주 찾을 것 같아요. 친환경을 중시하는 현대 트랜시스 화이팅. 늘 응원하겠습니다. 구독 좋아요  알림설정 먼저 했습니다. 😊❤👍 ||| 환경까지 생각하는 최고의 기업!!! 항상 화이팅입니다!!!!! ||| 사람과 지구 둘다 건강할 수 있는 방법을 찾는다는게 너무 좋네요🥰 시트가 돌아가고 자유롭게 얘기를 하며 편하게 이동할 수 있는 날이 머지 않은것같아 신기하고 기대되네요 시트도 인체공학적으로 편한 디자인과 소재를 연구하는걸 보니 굉장히 세심하고 다방면으로 신경쓰고있다는걸 느꼈어요 나중에 차살때 꼭 현대차로 사고싶어요😆 ||| 최근에 아버지 건강이 안 좋아지셔서 운전하기 힘들어지셨어요 그래서 자율주행차에 관심이 많았는데 현대 자율주행차 응원합니다 하루빨리 자율주행모드로  현대트랜시스의 편안한 시트에 앉아서 가족여행 가고 싶네요",자동차/탈것
l_VkkScZFQ4,"현대차, 안전운전하면 자동차 보험료 할인해주는 서비스 런칭",MCB TVCar,,자동차/탈것
Lrc9eJDfS5g,베트남 부자들이 타는 차가 한국차?!,집 누나- 베트남에 집 사주는 누나,"Good. Car very beautiful. ||| Amazing good job 👍🏻👍🏻 ||| 와 ~ 정말 우리나라 차가 이렇게 멋지게 넘 자랑스럽고 꼭 타고싶네요♡ 항상 좋은 정보 감사드립니다 ^^ ||| Woa!!That’s a great-looking car, I really like it. ||| I experienced this car, amazing car. A Good car for families or bosses like me 😊",자동차/탈것
euKBK-Yrv7E,[끝장토론] 지금 자동차 시장이 끝물인 이유,오토기어 autogear - 자동차에 대한 모든 정보,"이 영상은 자동차 환자분들만 보세요.  월요일 힘차게 시작하십시오! (_ _) ||| 마지막 나오는 차량  제가 소유하고 있는 내연기관 절정이라고 하는 스팅어차량이군욤~ 저한테는 스팅어가 마지막 차량이겠군욤~ 지금은 전기차사면 안된다고 봄 10년후 그때상황봐서 바꿔야겠습니다 ||| 최고의 채널이죠 전문가적 입장으로 이렇게 구체적으로, 10년까지 내다보며 이야기 수 있는 컨텐츠가 어디 있겠어요 소비성 컨텐츠가 판치고 있고 신뢰할 수 있는 정보가 절대적으로 부족한 세상에서 귀한 정보 주셔서 늘 감사하고 있습니다.   충만한 일주일 되시길 바라요!! ||| 지금까지 유투브 가입 없이 보다가 이분 영상으로 가입하고 구독 알람 차음 해봅니다. 37분을 이렇게 전문적이고 논리 정연하게 스피치를 할 수 있다니.. 입이 안다물아지네요. 최고의 자동차 채널을 알게 되어 기쁩니다. ||| 항상 잘 보고 갑니다! 감사합니다 김정민 대표님",자동차/탈것
5dsvm9ObHA8,이건희의 삼성자동차가 실패한 이유 (feat. 김영삼),썰&사,해당 영상은 삼성 2편입니다  (1편) 이건희에 대한 재밌는 사실 https://www.youtube.com/watch?v=Hrl4t9OyeKI (2편) 이건희의 삼성자동차가 실패한 이유 (feat. 김영삼) https://youtu.be/5dsvm9ObHA8  (3편) 이재용에 대한 재밌는 사실 https://youtu.be/g2xGkcqzGx8 (4편) 이부진에 대한 재밌는 사실 https://youtu.be/berVOZzfLf0 (5편) 재벌 3세와 보디가드 그 시작과 끝 (이부진 임우재 결혼 이혼) https://www.youtube.com/watch?v=58x6PKa6a0M (6편) 이병철에 대한 재밌는 사실 https://youtu.be/c22g0SIO0Bk ||| 정치권은 나라에. 도움이 않된다 ||| 역시 정치를 잘해야지 국민이 잘살수 있는거다.. ||| 보면 볼수록 정치권은 국민들한테 도움이 영 안돼네.. ||| 자동차 사업과 조금이라도 연관된 모든 인허가와 관련된 국내 공무원들 중에 삼상의 로비를 받지 않은 사람이 없었다는 사람이 없다는 말은 매우 유명한 말이다,자동차/탈것
x6CH48R0u5k,[D960] 전기차 코나 어울리는 자동차악세서리 딱 추천해드립니다! HYUNDAI Kona BLACK DIAMOND DOOR VISOR Tuning,AUTO CLOVER official,코나 전기차 꼭필요한 악세사리: 소화기 ||| 그리스도는 십자가에서 사탄의 머리를 깨뜨리시고 구원의 길을 여셨습니다 그분은 당신의 생명의 빛이됩니다 주예수를 믿으세요,자동차/탈것
xtTBV6cj-ks,모든 계절에 걸쳐 할부를 갚아 낼게요...★자동차 카드 할부하는 법!,카드고릴라,0:00 Intro 0:36 카드 일시불 1:09 할부 금융  1:51 카드 할부 2:30 카드 할부의 장점  3:36 신한카드 MyAUTO 3:52 삼성카드 다이렉트 오토 ||| 정말 알기 쉽게 설명해줘서 이해가 쏙쏙 잘 되었어요^^ 감사 ||| 그러면 꼭 딜러를 통해서 현대캐피탈 이용을 안하고 카드사에 문의하여 카드할부를 진행 할 수 있다는거죠? ||| 신차 금융으로 구매예정인데 떨어져도 다시 잘이용하고 그러면  신용점수 상향이 되고그런가요 ||| 제가 고민하고 있는데 부하직원이 조언하더군요. 자동차는 할부로 사는게 아니고  용기로 사는겁니다!  순간 빵 웃음터지고 그친구가 외제차 모는 이유를 알겠더군요 ㅎㅎ,자동차/탈것
ELfyr8YlMo4,현존 가장 빠른 전기차 충전기 현대자동차 '하이차저' 리뷰,electry,멋지네요 전기차는 집에서 충전할수있눈게 젤 편하지만 저런 기계로 충전하는것도 새로운 기분일듯 ||| qr코드나 nfc로 연결하고 앱에서 컨트롤 할 수 있으면 좋겠네요. 익숙해지면 충전 설비 큰화면에서 처리하는 거 보다 스마트폰을 이용하는게 더 편해요. 그리고 자주 사용하는 사람을 위한 빠른 진행 화면이 따로 있으면 좋겠습니다. 처음에는 모르니까 계속 뭐 누르라고 시키는대로 하는데 익숙해지면 너무 느리더군요. 한화면에 정보를 다 보여주고 최종 확인 정도만 하는 빨리빨리 처리할 수 있는 화면도 필요합니다. ||| 초고속이라 엄청 빠를줄 알았는데 역시나 느리네요....ㅠ 에휴.... ||| 완충하는데 얼마 걸리죠? ||| .효율 완전 떨어지네요 주유소에 배치하면안되는거임???,자동차/탈것
NvRV3W8M9Qk,전기차와 자율주행자동차가 활성화되면 생기는 변화! 장단점정리,스마트카TV,"안녕하세요. 스마트카TV 입니다. 국내에서 ""자율주행자동차""란 운전자 또는 승객의 조작 없이 자동차 스스로 운행이 가능한 자동차를 말합니다. (자동차관리법 제2조 제1호의3) 그리고 2012년 발표된 IEEE의 보고서에 의하면, 2040년에는 전 세계 차량의 약 75%가 자율주행 자동차로 전환될 것으로 예상됩니다. 그래서 자율주행차가 활성화되면 생기는 변화에 대해서 알아보겠습니다.",자동차/탈것
-61uthC8F9M,전기차 회생제동 및 원페달 드라이빙 | 내차사용설명서,기아 (Kia Korea),"이 정도면.. 면허에 수동 오토 랑 원페달 드라이빙이라고 만들어야 할 거 같은데  걍 오른발 까딱까딱하는 오토가 젤 편하네  저러니까 노인네들이 급발진이라고 맨날 떠들어대지 30대인 내가 봐도 헷갈릴거같은데 ||| 이건 면허를 다시 따야 하지 않나요? ||| 영상 잘봤습니다!기존 쏘렌토(UM)에 운전습관이 베여서 MQ4-HEV출고한지2주차인데 하이브리드에  회생제동을 적용하기가 쉽지 않네요~주행에 나가면 패들시프드도 헷갈리고 겁도나고 머리도 아파오네요~ ||| 브레이크 페달 대신 손으로 패들쉬프트를 당겨서 제동하는게 원페달드라이빙, 엑셀에서 발을 떼는 것만으로 제동하는게 아이페달 맞나요? ||| 회생제동 걸릴때 뒤 브레이크등 들어오나요? 안들어오면 뒷차가 박을거 같던디",자동차/탈것
aTUNOW8bm3w,"[카리뷰] #제네시스 EQ900 3.3T | #자동차 리뷰 | 회장님들만 탄다고?! 1억이 넘는다고?! | 실내,외부 파헤치기!!",TV아이캔,,자동차/탈것
ClL7gGTr6W4,현대 투싼 디젤 인스퍼레이션 - 3567만원 - 차알못 자동차 리뷰,윤키라이드,0:12에 윤키님 분신술이다 ㅋㅋㅋㅋㅋㅋㅋㅋㅋㅋㅋㅋㅋㅋㅋㅋㅋㅋㅋㅋㅋㅋㅋㅋㅋㅋㅋㅋㅋㅋㅋㅋㅋㅋㅋㅋㅋㅋㅋㅋㅋㅋㅋㅋㅋㅋㅋㅋㅋㅋㅋㅋㅋㅋㅋㅋㅋㅋㅋㅋㅋㅋㅋㅋㅋㅋㅋㅋㅋㅋㅋㅋㅋㅋㅋㅋㅋㅋㅋㅋㅋㅋㅋㅋㅋㅋㅋㅋㅋㅋㅋㅋㅋㅋㅋㅋㅋㅋㅋㅋㅋㅋㅋㅋㅋㅋㅋㅋㅋㅋㅋㅋㅋㅋㅋㅋㅋㅋㅋㅋㅋㅋㅋㅋㅋㅋ ||| (현대 NX4)더올뉴투싼 멋있다. ||| 전시장에서 리뷰 할 때는 너무 조용해서 조금 부끄럽던데 윤키님은 너무 잘하십니다!!! ||| 안녕하세요 영상 올려주신 감사합니다 ||| 윤키와 함께 하는 차박..이 아니라 리뷰!,자동차/탈것
J8XkDMVoNgQ,아반떼 살가격이면 폭스바겐 제타 신형!! 시승기 자동차리뷰,카진성,카진성의 중고차!  카진성이 직접 합리적인 가격에 정직한 매물  직접 라가리 털어서 매물 찾아드려버리잖아여~ 전국 최대 규모 4만대 매물 지금 연락주세여!  번호 : 010-5085-1424 중고차 매물 조회 싸이트 : 카진성.com ||| 란녕하세요 롸진성바리입니다. 러제도 공지해드렸습니다만  내일~ 저녁 10시 룩빈관엔 나이트바리  개 신나게 빠운스베이베 달려보도록하겠습니다. 레스고 82피플바레에~ ||| 0:28 롸벽이 커엽 ㅋㅋ ||| 겉은 허세덩어리여도 내실은 알찬게 카진성님이랑 딱 맞는 차네요! ||| 오늘도 열심히 인트로에서 쐅새끼연발,자동차/탈것
-sDZZuvPTHw,[리뷰]'디자인'에 빠지다! - 기아자동차 K5 2.0 시승기#기아차#세단#K5#리뷰#carreview,모토야-오토,목소리가 좋으시군요 ||| 시운전 할때  연비 말씀이 있었나요? 얼마 나오나요? ||| 목소리가 옵티머스 프라임 급이네요 ||| 4월경에 2.0 출고 예정인데 2.0은 엔진 진동 얼마나 심한가요? ||| 차죽이네,자동차/탈것
skarRJQ8eKs,자동차 리뷰 시승기 보는 법! 마력? 토크? 롤링? 이게 뭔가요? 홍시어사전!,홍시car,알고리즘으로  안내해서 우연히 채널 보게되었네요. 쉽게쉽게 설명하시는게  편히 다가오네요.   검색해보니  인터뷰 기사도 있기에  읽어보니  디자인  전공하셨다고 어쩐지 옷도  세미정장으로  굉장히 잘입으시던데    역시나 ||| 홍시언니 항상 잘 보고 있어요💖 홍시님 덕분에 차에 대한 이해도가 높아졌어요ㅎㅎ 남의 차 타보면서 속으로 롤링감이 장난아니네~ 해욬ㅋㅋㅋㅋ 앞으로도 재밌는 리뷰 부탁드려요!! ||| 끊김없이 말씀하시는걸 보면 지식이 장난이 아니시네요. ||| 너무 좋아요! 늘 에너지넘치는 홍시님 덕분에 에너지 충전해서 갑니다 ㅎㅎ 저속~코너링! ㅎㅎ 스포츠~모드로 바꾸고~ 저속에서 고속으로 풀~악셀~~~~ 오.. 오우.. 이..이거 뭐야.. 뭔데 이렇게 잘나가?!?!?! 입에 착착 달라붙어요 ㅎㅎ ||| 지금 타고 잏는차량 리뷰는 언제?하실지? 또 suv구입하려면 추천해주세요. 중고요. 요즘차는 맘에 별로 없네여.항상잘보구있습니당~,자동차/탈것
vY9Mmozz5ps,GMC 허머EV 전기차 - 1억 4천만원 - 차알못 자동차 리뷰,윤키라이드,오아...게걸음 기능은 진짜 유용해 보이네요 ||| 와우~멋지다 ||| I LOVE YOU YOUN KI👍 꾸독!쫗아요!👍따따봉👍👍 ||| 개쩐다..ㄷㄷㄷㄷ ||| 와 멋지네요 대박,자동차/탈것
Fe8KEV6dGxA,제네시스 GV70 위장막 - 차알못 자동차 리뷰,윤키라이드,지금까지 사고싶은 차가 없었는데 gv70이 제 첫 드림카가 될꺼 같네요 ㅋㅋ 빵빵하고 꽉차 보이게 생긴게 위장 랩핑 벗기면 라인들이랑 명암이 드러나면서 더 이쁠거 같아요 ||| 안녕하세요 영상 올려주신 감사합니다 ||| 번창하세요!!!!!!!!!! ||| 윤기씨~~나도 왔어요ㅎㅎ 주말에 즐거웠어요^^ ||| 잘생겼다~~~,자동차/탈것
X_WISgRI5dI,2020 시승기 상반기 결산! 자동차 리뷰~ 아반떼부터 쏘렌토까지!,홍시car,"많은 자동차리뷰 채널을 구독하고 봤지만 지금은 홍시카만 구독중~ 일반인의 시각에서 차량광고 영상이 아닌 현실적인 리뷰 좋네요! ||| 영상잘봤어요~ ^^ 아, 영상보는동안 시선이 자꾸 아래로 아래로.. 😆😆😆😆😆😆😆😆😆😆😆😆😆😆😆😆😆😊😊😊😊😊😊😊😊😊😊😊😊😊😘  정말 1월이 엊그제 같은데 벌써 7월도 반이 가버렸네요.  야간근무하다가 홍시씨xm3 리뷰영상 보고 이쁜데 말씀도 잘하고 귀여워서 이전 영상도 보고, 이제는 일요일이 기다려지네요 ㅎㅎㅎ 😆😆😆😆😆😆😆😆😆😆😆  상반기결산 잘봤어요, 촬영부터 깔끔한 편집까지. 고생많았어요😘  하반기에도 이쁜얼굴 보여주세요 ㅎㅎㅎ 머리 염색했어요? 이쁘네요 다리도 이쁘고. 분명 차량리뷰지만 솔직히 홍시씨 보러 오죠 ㅋㅋㅋㅋ♡  아, 항상 안전운전 잊으면 안돼요. ||| 응원합니다. 적어도 외압없이 주관적으로 리뷰하신다는 느낌은 확실하네요ㅋㅋ ||| 영상 잘보았습니다 정말 많은차를 리뷰하셨네요 살거에요 안살거에요 중독성인네요 ㅋㅋ 마지막에 빵 하고 끝내는게 잼있어요 ㅋ 하반기때도 더욱 잼있게 해주세요 ㅎㅎ ||| 홍시님 주말 잘 보내세요. 한주 고생많으셨습니다.주말 좋은시간 보내세요. 영상 대기중요.",자동차/탈것
TAfxlPIGVWk,섹시모델 김지나의 자동차! 니로 하이브리드를 리뷰..아니 갖고 놀아봤습니다! [차있슈-니로 하이브리드],차있슈,와우~~ 졸라 신선하고 재미집니다.ㅎㅎㅎㅎ ||| 구매자 시선에서 본 차량 소개 영상 좋네요! ||| 항상 좋은 컨텐츠의 영상 올려 주셔서 감사히 잘 보고 있습니다. 영상 편집하시랴 업로드 하시랴 고생 많으셨겠습니다 저의 '좋아요'를 받아주세요!! 행복한 하루 되시고 화이팅 하세용!! 😍😍😍😍😍😍😍😍😍😍😍😍😍😍😍 ||| 4명애서 하니까 재미있어요!! ||| 어. 이런것 좋아요. 👍,자동차/탈것
ELfyr8YlMo4,현존 가장 빠른 전기차 충전기 현대자동차 '하이차저' 리뷰,electry,멋지네요 전기차는 집에서 충전할수있눈게 젤 편하지만 저런 기계로 충전하는것도 새로운 기분일듯 ||| qr코드나 nfc로 연결하고 앱에서 컨트롤 할 수 있으면 좋겠네요. 익숙해지면 충전 설비 큰화면에서 처리하는 거 보다 스마트폰을 이용하는게 더 편해요. 그리고 자주 사용하는 사람을 위한 빠른 진행 화면이 따로 있으면 좋겠습니다. 처음에는 모르니까 계속 뭐 누르라고 시키는대로 하는데 익숙해지면 너무 느리더군요. 한화면에 정보를 다 보여주고 최종 확인 정도만 하는 빨리빨리 처리할 수 있는 화면도 필요합니다. ||| 초고속이라 엄청 빠를줄 알았는데 역시나 느리네요....ㅠ 에휴.... ||| 완충하는데 얼마 걸리죠? ||| .효율 완전 떨어지네요 주유소에 배치하면안되는거임???,자동차/탈것
3x2EnkM31XE,저의 자동차를 소개합니다 - 차알못을 위한 자동차 리뷰,윤키라이드,우와 레이서셨군여 ||| 형 구독자 만명 미리 축하해 ||| 윤키님 👍👍👍 ||| 와 지리네 화물차만 2대 ㄷㄷㄷ 형님 제 고향에 아버지 농사지으시는데 기아 봉고 타고다니십니다 아버지는 봉고타고 산도 뚫고 가시더라구요 봉고는 인정합니다! ||| 다음 영상부터는 영상 마지막 부분에 다음에 업로드되는 쿠키 영상(?)뭐 이런거 같이 찍어서 올리면 좋을꺼 같군요🤔🤔 암튼 구독자 축카축카🥳🥳🥳,자동차/탈것
zus0Td3lblM,구독자 2만기념! 자동차 유튜버 최초 지게차리뷰!! 람보르기니 색깔이랑 똑같다고?? 공장위에 제왕 지게차 배기음 옵션 내외관리뷰,카진성,카진성중고차 롸진성이 직접 합리적인 가격에 정직한 매물 직접 라가리 털어서  매물 찾아드려버리잖아여~ 전국 최대 규모 4만대 매물 보유  번호 : 010-5085-1424 중고차 매물 조회 싸이트 : 카진성.com ||| ㅋㅋㅋㅋㅋㅋㅋㅋㄹㅇ 살다살다 지게차리뷰는 처음보네 ㅋㅋㅋㅋㅋㅋ ||| 진짜 유튜브영상중에 제일 웃긴거같넼ㅋㅋㅋㅋㅋㅋㅋㅋㅋㅋ현웃겁나터짐 ||| 내용 안보고 추천눌러버렸닼ㅋㅋㅋㅋㅋㅋㅋㅋㅋㅋㅋㅋㅋㅋㅋㅋㅋㅋㅋㅋㅋㅋㅋㅋㅋㅋㅋㅋㅋㅋㅋㅋ 지게차 협찬 개쌉렸고요~!  차주도 개쌉지렸습니다 ㅋㅋㅋㅋㅋㅋㅋㅋㅋㅋㅋㅋ ||| 난 왜 지게차 리뷰를 보고잇는거냐 ㅋㅋㅋ,자동차/탈것
VQ5Wu7VSOCk,"코로나 시국에 자동차리뷰를 하러 가면 생기는일! BMW The5, 6 페이스리프트",이아나TV,"멋있게 모래를 건너서 착! 착지해서 오프닝 하기로했자나....? ||| 0:07초 귀요미 여신 아나뉴나 메달려 있는거 은근 섹시 한것 같기두 하고~귀엽기도 한  오프닝 봐도 봐도 잼나당~😝 ||| 아나님 아나로그편 영동도 BMW드라이빙 센터 BMW 5,6시리즈편 잘 봤습니다.^^  👏👏👍👍❤🙇‍♂️🙇‍♂️🚘🚗 수고 많으셨습니다.^^ ||| 저오늘BMW전시장다녀왔었어요누나😁댓글늦어서죄송해요😭😭😭😭😭😭😭😭😭😭😭😭😭😭😭😭😭😭😭😭😭😭😭😭😭😭😭😭😭😭😭(320D,Z4 M40i,X3 M)등등 전시차량들을 싹한번다둘러보고 타보고왔는데 어찌나사고싶던지😋5시리즈실내사진찍어왔는데인스타에올려놓을게용^^(대충누나가구경하러와주셨으면좋겠단말) ||| 아나누나 영상을 보면 항상 긍정적인 에너지가 넘쳐나서 좋습니다! 누나의 표정과 말투 너무 호감이에요!",자동차/탈것
qFuYN9oqaqE,"""저도 타봤습니다. 카마로ss""/고등학생 눈높이에서 보는 자동차 리뷰",종팔이JongPal,콜벳도 리뷰하시고 카마로도 리뷰 하시고 이젠 머스탱만 남았네요^^  잘됬네요  현재 제가 19년식10단미션 페리된거 5.0 GT 소유중입니다. 차량리뷰지원희망 하고자 해서  댓글남깁니다 ^^ ||| 영화 잘 봤습니다.👍 ||| 썸네일이 마음에 드네요^^ ||| 일단세금이나 연비에 구경해야하는차네요 영상으로 보는거랑 실제로 보는거랑은 많이차이나네요 실제로보니 엄청나데요 ||| 차주분이 가속을 엄청 부드럽게 하셨네요 ㅋ,자동차/탈것
0NMrjfWq6zg,GV80 구매를 고민하는 예비차주는 필수 시청! 자동차연구원이 소개하는 GV80!!,현대트랜시스,자세하게 보여주는 이런 리뷰 환영. 짱 좋음. 근데 김책임 아재 옷 사주고싶다. 가짜사나이 때 옷이 나았다 ㅋㅋㅋㅋㅋㅋ ||| 그 다음 영상이 기대 됩니다. 좋은 영상 감사합니다. ||| 이거 주행중 시동꺼짐 해결되었나요? 리콜받고도 꺼진차가 있던데... ||| 2.5 터보 오너인데 옵션이 너무많아 어려운거말고는 만족합니다 ||| 옵션을 넣고 차를 사는 사람들이 이 영상을 싫어합니다. (이유는 마치 이차가 6000만원 인것처럼 제목에 포장을 해놨기 때문에 보통 7000~ 8000은 주고 살텐데 기부니가 상하겠죠?),자동차/탈것
2Lk4wpam9jk,자동차 덕후 몰이 지금부터 시작합니다 외쳐! 헤이라이더!,HeyRider 헤이라이더,,자동차/탈것
IubxawXNXXc,자동차 운전할때 밸런스게임 여자버전 꿀잼 질문 모음 리뷰,홍시car,여전하십니다. ^^ 재미있는 내용으로 오후에 또한번 웃어봅니다. 항상 응원드리겠습니다. 한가위연휴 잘보내십시요. 다음영상 기다리겠습니다 ⭐⭐⭐ ||| 정말 이게 뭐라고 고민되는 것이 많네요. 그런데 겨울에 에어컨켜면 여름과는 비교할수 없는 강력한 찬바람이 나와요.ㅎㅎㅎ 오늘도 텐션이 좋으셔서 재미있게 잘 봤습니다. ||| 즐겁게  보고 가네요 ^^   ㅎㅎㅎ 이런것 너무좋아요~~  👍 ||| 우와 여태 본 차 리뷰어 분 중에 최고에요. 구독하고 너무나 잘보고 있습니다. 최고최고! ||| 차량안이.아닌 스튜디오 촬영 모습은 또 새롭네요 ^^ 나름 차분한(?) 모습도 잘 봤습니다 ㅎㅎ 메리추석요:),자동차/탈것
M3z2_FKoqdI,평범한 자동차 리뷰 - 쉐보레 스파크(Spark),최PD의 평범한 자동차 리뷰,13년식 모닝인데 시내주행 에어컨키면 7.5나오고 100 달리면 20정도 나오네요 ||| 저는 레이 생각중입니다. ||| 스파크 최고. ||| 레이는 급발진 ᆢ조심해야 되요 ||| 경차가 안맞는다고 하셨는데 운전 하실때 많이 불편하신가요?? 스파크 모닝어반 고민중이어서 ㅠ,자동차/탈것
pE5XCf4Y8ps,"""앞으로는 열심히 리뷰만 하겠습니다""..김상영·강병휘·라임의 자동차 딜러 도전기 '전지적 딜러 시점'",모터그래프,"오~~~~폭스바겐 아우토플라츠 백윤석 팀장님 나왔네요~~^^제가 경험하고 만나본 딜러분들 중 최고에요  완전 꼼꼼하고 친절한 정말 최고의 딜러님입니다~~ 모터그래프 딜러체험기 재미있게 잘봤습니다 ||| 와우 대박 콘텐츠!! ||| 13:35 그 당시 토르는 밖에 있었다가 저녁타임으로 일하고 끝난 뒤 일찍 도착했으면 제가 이렇게 외쳤어요. 녹화중에서죠. 번개까지 치면 ""모그 관계자분들!!! 약속대로 토르가 돌아왔다!!!!!"" 입니다. 묠니르를 들고 갔어야 되는데요...... 아직도 잊을 수가 없어요. 좋은 추억으로 남고 싶습니다. ||| 리뷰만해랏! ||| 일단은~ 오호~ 딜러들도 재밋게 방송하네",자동차/탈것
IaBvrGC9oeI,어이상실 주의) 신개념 자동차 리뷰 : 현대 아이오닉 하이브리드 9초만에 리뷰하기 | N9초 리뷰 EP.01,카라밸 Car - Life - Balance,5:06 오 스포츠 모드 바뀔때 뭔가 트랜스포머같다ㅋㅋㅋ ||| 텐션이 우주끝텐션이라 보는 사람도 기분이 좋네요ㅋㅋㅋㅋㅋㅋㅋ 컨셉을 예능쪽 차 리뷰도 괜찮을듯 ||| 앞으로 세편 더 보고 품평할께요!!!! 잼난거 좀 만들어주세욧 일단 유튜브 텐션각인건 인정 ㅋㅋ ||| 시동 걸때 진짜 조용하다! ||| 오! 차기능이 생각보다 좋네요!ㅋㅋ멋지네요!!스포츠모드!,자동차/탈것
_rcjw7MTMsY,직접 만든 우유갑 자동차 리뷰(?),아연's,구독은 당근히  했죠 ㅎㅎ 오늘 영상 재미있네요^^ㅋㅋ ||| 재미있게 보셨으면 구독 좋아요 한번씩 부탁드려요!!  노래 출처 Music provided by 브금대통령 Track: kid's Room - https://youtu.be/e4w3WzWeFbg,자동차/탈것
vlQoulORSfA,신형K5 리뷰 - 모조리싹다~ 보여줄게요 여자자동차리뷰,카베이 CARBAY,원하는 차종 장기렌트 견적받고 ★100퍼센트★ 경품받자! (1등 공기청정기 당첨자 아직 안나왔습니다)   https://m.carbay.co.kr/event/gift.html?media=146 ||| 모델분과 신형K5 멋지네요~ 실제 매장에서 영상 찍는 섭외력 최고인듯~~ 항상 구독하고 있습니다~ ||| 엥 일빠~! 샅샅이 보니까 더 뽐뿌 온다 ㅠ 헉헉 주행기도 얼른 보고 싶어요 ||| 제작 하시는 분의 노고가 느껴지는 영상이네요 잘보고있습니다~ 앞으로도 유익하고 좋은 영상 많이 부탁드려요 ||| 4:06 시간없는분을 위한 여러분이 원하는 그장면,자동차/탈것
tHuNLKwdUkg,자동차리뷰의 뒷광고와 대기업의 제작비 지원 무엇이 문제인가.?,노보스인더스트리 NOBOSSINDUSTRY,"영상 잘 봤습니다. 뒷돈 받고 리뷰하는 채널들 싹다 공개됐음 좋겠습니다. 영상보면 의심스러운게 많던데 ||| 그...그..그거라도 해주세요 ||| 또 이런거 어떨까요? 하체리뷰 하시면서 부족한 부분 튜닝해서 조금이라도 보완 할수 있는 파츠소개~ 라이트가 어두운데 이런 전구로 교체~ 직접diy도 가르쳐 주시면 더 좋을듯 하고요~ ||| 엔진오일이 줄었다고 어느 카페에서 현대측에서 모셔온 이모 교수를 초빙해서 설명을 듣고, 그가 하는 말쌈이 미국에서도 1천마일에 1리터의 엔진오일이 감소하는 것은 정상이다. 이렇게 전하는데 참 어이가 없어요 그 이모교수라는 사람, 아무 이득도 없이 현대를 따라다닐까요? 그런 소식을 전하는 그 사람들도 어용인것 같은데 그래서 박용진 의원님 사무실로 증거서류를 보냈답니다. ||| 그거 아시나요 내일모레 40인 저에게 저녁시간 반주하면서 노사장님 라이브가 이렇게 좋은안주 좋은 친구가 되어줍니다 이번강의가 향하는 방향이 비단 자동차 리뷰에 국한되지 않는다 느껴집니다 내가 임하는 내 일. 내 업무 자식에게 부끄럽지 않아야하는 아빠 듬직한 남편. 자랑스런 아들. 내가 살아가는 위치에 처한 상황에 매일매일 수백번 부딪치는 판단 결론 책임... 무슨일이든 마음가짐 진정성이 이렇게 중요한 기반이 된다는거에 다시한번 복기하게 됩니다 화이팅입니다",자동차/탈것
yX5Fo3F7eGg,평범한 자동차 리뷰 - 기아 K5(3세대),최PD의 평범한 자동차 리뷰,기본평균 중형세단이 쿠페처럼 성능이 나올수 없지요.중형세단에 맞게끔 나온것이고 구분을 짓고자 성능향상을 시켜서 나오는 중형세단은 국산기준 gt와n을 따로 등급을 나누지요. 표준 중형세단에 고성능을 기대하는것은 억지이며 그리고 금전적에 따라 중형을 선택하는것인데 비교자체는 무리수라 봅니다.,자동차/탈것
D3u27JxusT0,"[예고편] 1982년식 아시아자동차 AB185F 버스, 리뷰합니다 !",원정TV_이종원 버스연구소 KORBUS LAB,"캬 군복무 시절 매일 질리도록 듣던 두돈반 엔진 소리를 여기서 다시 듣네요ㅎㅎ 지금까지 유지해오신 차주분의 정성에 경의를 표합니다 ||| 4년 전 마지막으로 근황이 별로 없던 모델인데 아직까지 살아있다니 다행이네요, 차주분께서 부심이 엄청나다는 예기를 들었지만 아직도 잘 남아있다니 그저 엄청 다행이란 말밖에 나오지 않네요. ||| 아는사람만 아는 명품엔진... 저는 군대를 운전병으로 다녀온 덕분에 대우 중공업 로고 박힌 man 0846 엔진을 접해볼 수 있었는데 내구성 하나만큼 최고였던것 같습니다 ㅋ ||| 와.. 기대됩니다. ||| 저 유치원다닐때 타고 다니던 버스 오랜만에보니  좋네요~♥~",자동차/탈것
tiC71uaA88c,[리뷰]가장을 위한 최선의 선택?! 기아자동차 4세대 쏘렌토 2.2 디젤 시승기 #쏘렌토#기아차#SUV#시승기,모토야,모토야 채널 구독: https://www.youtube.com/channel/UCEZCmYe3JnYOsUbpqdTjeyA?sub_confirmation=1 ||| 싼타페 쏘렌토 갈등중이었는데 좋은정보감사합니다 ||| 쏘렌토 차 잘 나온 것 같던데... SUV는 역시 공간 넓고 편한게 최고,자동차/탈것
SYM3gjCrbww,제네시스의 첫 SUV GV80 깡통옵션 리뷰 #1 (Hyundai Genesis 1st SUV GV80 Review #1),태양모터스,빨리 출고됨 좋겠네요 6개월전에 계약할걸 너무이뻐요 ||| 데루등 단차 실화입니까... ||| 트렁크 2열폴딩 2열패키지 안넣으면 좌석펼때는 수동으로 펴야되나요? ||| 깡통이어도 제네시스는 제네시스죠ㅋㅋ ||| 에어서스만 들어가써도...,자동차/탈것
Fvs0DF9ZRTM,[레드박스]🐱‍👤 배틀그라운드 헤이븐 🚗자동차 리뷰,레드박스REDBOX,,자동차/탈것
ZNx0l2rftT0,자동차게임 자동차리뷰,송인향,재밌는지 모르겠네,자동차/탈것
DbtNJ_Ing3g,기아자동차의 플래그십 세단 올뉴 2021 K9 차량리뷰 1편,나니코스,화이팅하세요 ||| 잘봤습니다 ||| k9도 멋지군요 ||| 이번에 21일날  출고합니다^^ ||| 마스터스보구싶엇는데요 흑흑,자동차/탈것
Keu5RgLL_4A,신기한 자동차 리뷰!!,car maniger,,자동차/탈것
u35iWfARLJw,"[정새미의 차로그] 3,000만원대 벤츠! A220 세단 꼼꼼리뷰 (디자인, 1열, 2열, 시승기)",서울경제TV S,"아.. 중간에 주행준비중 병아리 삐약 너무 귀여운거 아닌가요 ||| 3700투싼하브 잘못된 선택일까요.. ||| 시작부터 샌들?이 시선강탈,,, 급해서 뛰어오다 째진건가요",자동차/탈것
HowEQX9ihJo,[노가다윤호] 마크2 자동차 리뷰-1970년대 자동차/오사카/빠징코,동네북주누,이 엄첨 귀한 자동차의 유리를 ㅠㅠ 80년대 정말 타고싶던 차량이네요,자동차/탈것
1an-FIx-u0s,GV80이면 나도 사장님 FLEX! [제네시스 찐오너 曰],현대트랜시스,"2부까지 좋은 리뷰 잘 보았습니다. 차주분이 리뷰해 주시니 진솔하고 좋네요. 특히 시트를 설계하는 회사에서 시트에 대한 이야기를 해주시니 재미있었습니다. 부품회사 관점에서도 차를 다시 생각하게 되었네요. 감사합니다. ||| 트랜시스라는 회사 몰랐는데 현대에 이런 회사가 있었네. 이런 솔직 리뷰 좋음. 차사고싶어짐. ||| 카스커버리 너무 재밌네요 :) 다음편도 기대할게요! ||| GV80하고 XC60, XC90 세대중에 한대를 사고 싶어서 요즘 너무 고민인데.. 좋은영상 감사합니다 ㅎ ||| 역시 따봉날려드립니다!",자동차/탈것
64eij0YXL-Y,2020년 7월 5째주 해외 자동차 리뷰,오토트랜드,,자동차/탈것
VbfhiRCdS2Q,🔥아반떼 CN7🔥첫 차량 구입을 앞두신 분들 필수시청👀! 차알못도 쉽게 알려드립니다.,현대트랜시스,"헐? 아반떼가 이렇게 이쁘다고요? 대박,,갖구싶당ㅜ ||| 2월 출고인데 설렘 ||| 각 그랜져 리뷰해주세요! ||| 아반떼가 2020년에 나왔는데 저는 2021년 1월에 계약을 하고 왔는데 인기가 워낙 많아서 작년에 나왔어도 아직도 2개월 이상은 기다려야 된다고 하더라구요. 아직 미혼이라 투싼할려다가 아반떼로 갔는데 잘한걸까요ㅎ ||| 오빠 나 뭐가 달라졌어?  ㅋㅋ 틀린 그림 찾기 많이 당해 보셨던듯ᆢㅋ",자동차/탈것
TJsmGsw7gqk,[몰카] 미친 타이밍의 BGM으로 여성분들 웃다가 토나오게 하기ㅋㅋㅋㅋㅋ,면상들,짜파게티대가리 또 보고싶당🤣 ||| 진짜ㅋㅋㅋㅋㅋ손가락이랑 고개절레절레하는거 진짜너무웃겨ㅋㅋㅋㅋㄱ까따까딱ㅋㅋㅋ ||| 4:48 김원준의 show를 저렇게 쓰네 ㅋㅋㅋㅋ ||| 집나간 제 배꼽 좀 찾아주세요ㅋㅋㅋㅋㅋㅋㅋㅋㅋㅋㅋㅋㅋ ||| 선민이 복장은 의도적인가 잘차려입은건가 ?? 궁금하다...ㅋㅋ,코미디
MAtoyu4v65g,고화질)[몰카] 약빤 끝말잇기로 미녀 밥못먹게 하기ㅋㅋㅋㅋㅋㅋ 대박 한효주닮음(Word joining prank),코믹마트,조만간 경찰와서  수갑차고 나가시는  일 생길꺼 같아요  도핑테스트 하시고 풀려나시겠지만 ㅋㅋㅋㅋ뒷분들 행복하셨겠다 ||| 회색옷 여자 웃는거 진짜 하.. 너무 매력 있자나.. 설렌다.. ||| 코믹마트 유튜브 선배님들 영상보며 생활하는데있어서  받은스트레스를ㅜ 조금~~이나마  힐링이되는것같아 극복하고있습니다 감사합니다ㅜㅜ 코믹마트 50 만~가고 100만찍자~!!파이팅ㅜ ||| 아낰ㅋㅋㅋㅋㅋㅋㅋㅋㅋㅋㅋㅋㅋㅋㅋㅋㅋㅋㅋㅋㅋㅋㅋㅋㅋㅋㅋㅋㅋㅋㅋㅋㅋㅋㅋㅋㅋㅋㅋㅋㅋㅋㅋㅋㅋㅋㅋㅋㅋㅋㅋㅋㅋㅋㅋㅋㅋㅋㅋㅋㅋㅋㅋ오늘도 꿀잼영상 올려주셔서 감사합니당ㅎㅎ👍🏻👍🏻👍🏻👍🏻👍🏻👍🏻👍🏻👍🏻 ||| 인싸쿵쿵따는 금천님께서 계셔야 즐거움이 몇 배가 되는 것 같아요ㅎㅎ 표정과 안될 것 같은 단어도 가능하게 하는 말씀이 너무 웃겨요ㅋㅋㅋㅋㅋㅋㅋㅋㅋㅋ,코미디
MA2RPhC3nA0,"[몰카] ENG CN) 다음주 입대, 다음주 전역하는 둘이 부랄친구? ㅋㅋㅋ 술집 미남 미녀 아저씨들까지 다 뿜음 ㅋㅋ 서로 저주는 왜 퍼붓는데 ㅋㅋ 조합이 점점 신박해진다!",낄낄상회,인스타 팔로우 해주시는 분들 사랑해요♡ 입대 앞둔 고시생 https://www.instagram.com/kkkkkkomak 전역 앞둔 말년병장 https://www.instagram.com/wnwjq1318 ||| ㅋㅋㅋㅋㅋㅋㅋㅋㅋㅋ뒤쪽 아저씨들께서 흐뭇하게 보시는거 너무 보기좋음ㅋㅋㅋㅋㅋㅋㅋㅋㅋㅋㅋㅋㅋㅋ진짜 아저씨들 세대때 훈련강도를 떠나서 몇배는 더 힘드셨을텐데 ㅋㅋㅋㅋ 귀여워 하시는게 보인다 ||| 속사포 딜교환 하는거 미쳤네 아무리 대본이라해도 저런 아이디어가 어디서 떠오르는거지ㅋㅋㅋ개그도 개그지만 정말 감탄하고 갑니다ㅋㅋㅋㅋㅋ ||| 저 뒤에 아재들이 50% 하드캐리 했닼ㅋㅋㅋㅋㅋ 졸라 흐뭇하게 보시넼 ㅋㅋㅋㅋㅋㅋ ||| 이 편은 진짜 몇번을 봐도 레전드인거 같앜ㅋㅋㅋㅋ 작년에 입대하면서 봤는데 지금도 생각날때 마다 봄 ㅋㅋㅋ,코미디
xj1NBNnlk4o,[Eng/CN]몰카(매운맛) - 돈으로 행복을 산다고?ㅋㅋㅋ 역대급 썁소리에 에브리바디 초토화ㅋㅋㅋㅋㅋㅋ,드립팩토리 [Dlib Factory],"The build-up to the ""Let's go to the Dollar Store to buy happiness"" with the actors breaking character is incredible 😂 ||| 단언하건대, 이 영상을 한번도 안 본 사람은 있어도 한번만 본 사람은 없습니다 ㅋㅋㅋㅋㅋㅋㅋ ||| 하루에 한번씩 보고있는사람  조용히 손들자 ㅋㅋㅋㅋ ||| 개인적으로 이게 모든 몰카 통틀어서 1위 같아요. 봐도봐도 재밌는 듯 ㅎㅎ 벌써 3년이 지났네 ||| 난 이영상 나혼자 이삼십번 본줄알고 나만 미쳤나 했드만...공감하시는 분들이 많네요...참 힘든 시기인데...이렇게 저에게 웃음을 주셔서 감사합니다...화이팅!!!",코미디
B860CCUK9mk,ENG)[몰카]초미녀자지러짐ㅋㅋ건달보다 막나가는 약빤학생을 본다면?!ㅋㅋ,핵잼컴퍼니,마약을 시작한건에서 현웃터짐ㅋㅋㅋㅋㅋ 당연히 담배얘기인줄 ㅋㅋㅋㅋㅋㅋ ||| 팀 이름에 걸맞게 폭발적인 웃음을 주셨습니다. 웃다가 눈물이 났네요. 옆에서 본 분들은 사흘간 웃었을 듯요 ㅋㅋ ||| 이 집 참으로 웃겨 ㅎㅎ 목소리도 회장님 목소리  ㅎㅎ 잼나게 웃고가요 !! ||| 이팀 연기 👍👍👍👍 😆😆😆😆😆😆😆 ||| ㅋㅋ사투리 너무 구수하다ㅋㅋㅋㅋㅋㅋㅋㅋㅋㅋㅋㅋㅋㅋ,코미디
QKKVV8Cw78c,[몰카] Eng CN Sub) 검사랑 건달이 부랄친구라고?? 참치 먹던 미남들 배꼽살 뿜으심 ㅋㅋㅋ 제대로 약빤 몰카 ㅋㅋㅋ,낄낄상회,"These two customers forgot that they need to watch those two stealthily, instead, they starred like a TV show LOL ||| I'm surprised that the two customers managed to laugh so hard throughout the entire scene without choking or having food explode out of their mouths. 👍 ||| I'd watch the show religiously if they ever  make their own variety show. ||| Those two customers didn't care anymore and was looking at them as if they were watching tv😂😂😂😂😂 ||| Plot twist: These two victims are gangsters.",코미디
iHEr4I6xClg,고화질)[몰카] 약빤 아재개그로 모르는 여성분들 숨못쉬게 하기ㅋㅋㅋㅋㅋㅋㅋㅋㅋㅋㅋㅋㅋㅋㅋㅋ(Play with your boss Hidden Cameras),코믹마트,아니 ㅋㅋ이정도면 구독 개떡상해야되는거아니냐 ?ㅋㅋㅋ ||| 진짜 세분 진짜 넘웃깁니다. 웃찾사때도 서금천님  작명할때도 진짜웃겼는데 여기서도 진짜웃기네요 ㅎㅎ.  수컷 .풀코스외ㅋㅋ 준빈.승훈님이  넘잘받쳐주고  진짜3분 잘됐음 좋겠습니다.이리맛깔나게 아재개그하는팀은 대한민국 에는 없을듯요^^ ||| ㅋㅋㅋㅋㅋㅋㅋㅋㅋㅋ호날두 밤을 홀로세우고 ㅋㅋㅋㅋㅋㅋㅋㅋ 목살아 증말ㅋㅋㅋㅋㅋㅋ 오늘도 무릎탁치고 갑니다~ 코믹마트 기다리느라 애엄마의 등줄기처럼 애가 타 네요 ||| 아재개그 중에 이편이 존나 레전듴ㅋㅋㅋㅋㅋㅋㅋㅋㅋㅋㅋㅋㅋㅋㅋㅋㅋㅋㅋ진짜 존나웃기넼ㅋㅋㅋㅋㅋㅋ ||| 여자분들 마음 내 마음ㅋㅋㅋ 더더 대박나세요~~ㅋㅋㅋ 툭툭 던지는 말이 다 재밌어 매력 흘리고 다니지ㅁㅏ~~~~~~,코미디
e6apdTZG9lE,[몰카] ENG CN) 수학선생님 국어선생님이 고등학교 동창이라고?! ㅋㅋ 형들 수능 얼마 안남아서 이 시즌 노린 영상이야?! ㅋㅋ오늘도 복근운동하고 가시는 옆자리 손님들 ㅋㅋ,낄낄상회,"인스타 팔로우 해주시는 분들 사랑해요♡ 수학쌤 https://www.instagram.com/wnwjq1318 국어쌤 https://www.instagram.com/kkkkkkomak ||| 일본어쌤vs역사쌤 시리즈도 재밌을거같아요ㅋㅋ sns짤에 일본어시간마다 역사쌤이 대한독립만세 외치고 나가신다는 썰보니 너무 재밌던데 그런시리즈해도 좋을거같아요! ||| 이런 라임과 대사는 어떻게 생성되는거지?개그맨들 괜히 되는게 아니네 .굿!!! ||| 자극적이지 않은 콘텐츠로 즐겁게 해주셔서  좋아요 ||| ""The angle of your chin when you said that was cosine 30 and your hips were cosine 45, which is the bitchiest posture a human can take."" I fell the hell out when he said this. 😂😂😂",코미디
gqYnfsBQwlI,[몰카] 심각하게 싸우는 커플 뒤에서 계속 정신나간 노래가 나온다면? 여성분들 리액션 대박 ㅋㅋㅋㅋㅋ,면상들,어디서 노래가 나온거야??!!!😡 ||| ㅋㅋㅋㅋㅋㅋㅋㅋㅋ 나라도 웃겨 죽겠다ㅋㄲ  선곡하는 저분..ㅋㅋㅁㅊㅋㅋ선곡하는 그순간 표정..ㅇㅅㅇ? 이랬다가 정확히 3초뒤에 터졌다ㅋㅋㅋㅋㅋㅋㅋㄱㅋㄱㅋㄱㄱㄱㅋㄱ ||| 이건 아예 처음부터 몰카티가 나서 여자분들 아예 개콘보듯 하신듯ㅋㅋㅋㅋ ||| 저여자분 대놓고웃는게 더 윳김ㅋㅋㅋㅋ ||| 와 배꼽 빠질뻔 너무 웃어서 배가 아플정도네요 고맙습니다^^,코미디
chTMAckIE9w,[몰카][ENG SUB] 어디서 반말이야!? 이거 한마리야~ 이 가게가 그 철인7호 사장님 가게였다고!?!?!!? 사장님이랑 친하니깐 구독 쎄게 박아주시오!!!!!!!!!!!!!!,희극인즈,부산에서 희극인와 낄낄상회가 모여 공연을 합니다~!!!!  8월 27일 부산에서 오프라인으로 만나요~!!! 예몌 : https://tickets.interpark.com/goods/22008859# ||| 진짜 진상아저씨 연기 존나잘하네 ㅋㅋㅋㅋㅋㅋㅋㅋ ㄹㅇ 받아치는분도 연기잘하고 아무리 대본이라고해도 티카타카가 지린다 ㅋㅋㅋㅋ ||| I'm a foreigner who learns Korean and understanding the meaning and word play is both hilarious and I'm proud of myself 🤣 Thank you! Please don't ever stop making  몰카 like these ㅋㅋ ||| 인스타 보다 검색해서 보러온 일인 ㅋㅋㅋㅋㅋ ||| 와 이 레전드 영상들이 윤승님이었다니,코미디
emDON3MOhYU,[몰카]Eng CN Sub) 부랄친구 목사님 스님 4탄) 둘이 PC방에?! 심지어 배그하면서 사람을 쏜다고?ㅋㅋㅋ 옆자리 학생들 게임 진행 불가능 ㅋㅋ 약 어디까지 빤거야?,낄낄상회,달려라하나님 ㅋㅋㅋㅋㅋ 파송송목탁탁 ㅋㅋㅋㅋㅋㅋㅋㅋㅋㅋㅋㅋㅋㅋㅋㅋㅋㅋㅋㅋㅋㅋㅋㅋㅋㅋㅋㅋ 출발하기 전에 기도하곸ㅋㅋㅋㅋㅋㅋㅋㅋㅋ 겁나웃기네 ㅋㅋㅋㅋㅋㅋㅋ ||| 이게 장난이지! 피해자 없이 모두가 웃을수 있는 장난이야말로 진정한 장난이다 ||| 웃기다..진짜 옆에서 대놓고 안웃을수가없네 ..ㅋ 고문인데...ㅋㅋ ||| 종교가 달라도 친구가 될수 있다는 생각을 재연하셨군요 좋아요 ||| 애드립인지 대본인지 모르지만 드립력이 미쳐서 스님.목사시리즈 너무재밌어요 ㅋㅋㅋㅋㅋ게속 이시리즈 나왔음 좋겠땅,코미디
mGL7C5kQrjA,[몰카]Eng CN sub) 치킨집 사장님과 앵무새샵 사장님이 부랄친구라고?! ㅋㅋ 미친조합에 초미녀 두분 쓰러지심 ㅋㅋㅋ 여성분들 미모 역대급 ㅎㄷㄷ,낄낄상회,자극적인 설정이 아니라 일상 속에 있을법한 사연을 황당하게 엮어서 짜니까 자연스럽게 재미있음 ㅋㅋㅋㅋㅋㅋㅋㅋ ||| Whoever created the script and the dialogues for this is a hilarious genius! This made my day!! 😂❤ ||| 마지막에 너무 자연스럽게 사랑합니다 해서 이전에도 그랬었나? 했네 ㅋㅋㅋ ||| The fact that the parrot eating chicken from his mouth wasn't even scripted--- I AM DECEASED ☠☠☠☠ ||| 호식이에서 빵터졌네요ㅎㅎ,코미디
QPOirdGFTR0,ENG)[몰카] 빌린 돈 받으러 온 친구한테 용돈받기ㅋㅋㅋㅋㅋㅋㅋ세상에서 가장 슬픈 이야기ㅋㅋㅋㅋㅋㅋㅋ현웃터짐어쩔ㅋㅋㅋㅋㅋㅋㅋㅋㅋ(Saddest hidden camera),코믹마트,7:21뒤에 검은색옷입은 남자분 찐텐이네 ㅋㅋㅋㅋㅋㅋ ||| 아 진짜 ㅋㅋㅋ 욕나오게 웃기네 ㅋㅋㅋㅋ 세분이 웃참실패도 빵터지고 ㅋㅋㅋㅋ 여자분 진짜 리액션 역대급~!! ||| 이거 왜케 재밌냐 이거만 한 100번은 넘게 본듯ㅋㅋㅋㅋ 매일 한개 보는 꼴ㅋㅋㅋㅋㅋㅋㅋㅋ 하루에 두 세번 볼때도 많음ㅋㅋㅋㅋㅋㅋㅋㅋ ||| 와~간만에 짜임새있는 내용으로 배꼽빠지게 봤네요. 여성분도 너무 아름다우시고ㅎㅎ,코미디
cUO3syEx8pA,[몰카](sub)급!!상승중!!이번엔멸치!!매운먹방도전기!!ㅋㅋ미녀세분한테골때리다는소리들음ㅋㅋㅋㅋㅋㅋㅋㅋㅋㅋㅋ(comedy   mucbang),핵잼컴퍼니,개인적으로 코미디빅리그 보다 핵잼컴퍼니영상을 더 기다리는 사람 중 한명입니다. 제 기준에서 현존 가장 재미있는 몰카영상 이라고 생각합니다. 특히 핵잼컴퍼니의 가장 큰 장점은 다양한 컨셉과 스토리로 신선함이 남다르다고 생각합니다. 사실 재미있는 스토리 하나 짜서 우려먹는게 가장 쉬운 방법임에도 너무 한 스토리로 우려먹지 않고 매번 새로운 시도를 하시는 것에 정말 깊은 박수를 보냅니다. 앞으로도 초심을 잃지 마시고 좋은 영상 많이 올려주세요.. 항상 응원합니다. 좋은 하루 되십시오^^ ||| 여기는 진짜 진곤씨도 웃긴데 형님도 대박ㅎㅎ받아주고 쳐주는 능력이 최고!!! ||| 우유 드립 부분이 젤 웃겨요.. 간만에 현웃 터졌네 ㅋㅋ ||| 이상하게 자꾸  보게돼. 이상한데  구독을 눌렀어. 뭔가 두분다 매력있어!   모..모지...사...사랑인가....!!!!!!,코미디
8Sy_sbab3vA,[몰카]EngCN) 택시기사 버스기사가 부랄친구라고?  국밥집 손님들 다 뿜어버림 ㅋㅋㅋㅋㅋ 이 조합은 리미티드가 없다!!,낄낄상회,"대한민국 모든 기사님들 존경하고 감사합니다 항상 건강하세요♡  인스타팔로우는 사랑♡ 장버스 https://www.instagram.com/wnwjq1318 임택시 https://www.instagram.com/kkkkkkomak ||| 누나라고해야지 어머니ㅋㅋ ||| 마지막에 어머니할때 엄청난 살기가 느껴지네요. 뭐라구요? 소리 안나오신것만 해도 다행... ||| ""어머니""했을때 여자분 눈빛은 역대 최고였음 ㅋㅋ ||| 목숨이 몇개되나보네 ㅋㅋㅋ 거기서 어머니라니 ㅋㅋㅋ 아직 숨쉬고 살아있는거에 감사해야됨 ㅋㅋㅋㅋㅋㅋ",코미디
VJcQ2_7qdu8,[몰카](sub)멸치가술먹방도전하다실제로취함ㅋㅋ역대급반응!!ㅋㅋ귀염녀존예녀둘다웃다가허리꺽임ㅋㅋㅋㅋㅋ술집초토화!!(comedy   mucbang),핵잼컴퍼니,구독자가 없어서 구독자분들 많이오시면 몰카최초 라이브먹방몰카한번도전?!ㅋㅋㅋ ||| 2022년4월에도 보고있는분? 봐도봐도 진짜 웃기고연기최고임 여성분들도 조심스럽게 같이 호응 해주는게 대박임 ||| 검은색 옷 입은 여자분 진짜 긔욥다 ~~~ 흰색옷 입은여성분도 완전 이쁘시고   ~ 웃는게 너무 해맑아 ㅋㅋㅋㅋ ||| 억지 없고 무리수 없이 자연스런 몰카라 너무 재밌음 짱짱 ||| 핵잼을 본격적으로 살려주신 최고의 그녀들...,코미디
pPQkFxwVXPk,[몰카] BGM으로 사이좋은 커플을 헤어지게하는 아저씨 DJ를 본다면? ㅋㅋㅋㅋㅋ미친 비지엠 몰카7탄!!,면상들,우리 데이트할때마다 데려오는 저 아저씨 뉴구야???!!!😡 ||| 볼때마다 개웃기넦ㄱㅋㅋㅋㅋㅋㅋ ||| 저 아조띠 기여업 ||| 3:29 발 까딱 거리는 거 웃곀ㅎㅋㄹㅋㅋㅋㅋ ||| 진짜 이 시리즈는 계속 영원히 보고싶다,코미디
GoJEDzqXgDU,(말장난 레전드)시민들을 쓰러뜨린 아재개그몰카 모음zipㅋㅋㅋ,장기풍 JKP TV,혹시 추후공업고등학교 어딘지 아시는분?? 내동생 추후공고에 입학하는데 네비에 쳐도 안나오네ㅠㅠ ||| 마지막 천사  첨보는 사람에게 거리감 하나없이 어깨 손 올리는거봐 스스로가 참 착한듯 웃음도 너무 순수해보이고 상처 받는일 없길 이런분 상처주지 마세요 ||| 왠만해선 이런거 보고 잘 안웃는데 여러번 터졌네 ㅋㅋ 간만에 소리내서 웃어봅니다. 구독합니다. 열심히 하세요 응원합니다. ||| 빵모자 쓴 아가씨 진짜 성격이 좋네 어쩌면 진짜 천사 일지도... ||| 마지막분 첨보는  사람과 저렇게 웃을수 있다는게  천국같네요. 맘이 열려있는  분. 넘 이쁘시네요.,코미디
VqPheMbUOMk,[몰카] Eng CN Sub) 부랄친구 목사님 스님 3탄) 스님 전 여친이 미녀모델? 옆 테이블 커플들의 반응은??? 점 점 더 약빨이 심해진다!!! ㅋㅋㅋ,낄낄상회,미녀 모델 인스타 https://www.instagram.com/jw_lee0517/ 스님 인스타 https://www.instagram.com/wnwjq1318/ 목사님 인스타 https://www.instagram.com/kkkkkkomak/ ||| 모델 : 우리 부모님이 허락하셨어 스님 : 우리 부처님이 허락 안해  ㅋㅋㅋ ||| 0:07 자연스레 눈가는거 이해하는데 여친앞에서는 보고싶어도 참아야지 여친없을때는 얼마나 난리난다는거냐ㅋㅋㅋ 진짜 저런남자들 걸러야한다 얘들아 ||| 진짜 이런상황에서 안웃고 연기하는것도 대단하다 . ||| 나도 저 옆에 있었으면 웃음 못참았다ㅋㅋㅋㅋㅋㅋㅋㅋ,코미디
6Rb1kIkvIKA,ENG][몰카]역대급반응!!멸치15분짜장면푸파도전!ㅋㅋㅋㅋ음식다뿜음ㅋㅋㅋ신개념멸치먹방몰카!!!!!ㅋㅋㅋㅋㅋㅋㅋ안보면후회!!!(comedy   mucbang),핵잼컴퍼니,푸파 알고리즘이 나를 여기로 불렀네ㅋㅋ근데 진짜 웃기네요^^ ||| 카메라맨 형이 포인트 검나 잘 잡넹 ㅋㅋㅋㅋ 종나 웃겨 ||| 장담하는데 멸치 컨셉 밀어 붙이면 흥할듯 ㅋㅋㅋㅋ 아 두분다 진짜 연기 너무 리얼하게 잘하심  찍으면서도 웃긴텐데 아 진짜 최고 ||| 저 남녀분 진짜 재미있는 꽁트보시고 행복하셨겠네 ㅋㅋ ||| 여성분 되게 엄마 눈빛으로 봐라보는 것 같다ㅜㅜ 따뜻한 느낌 글고 진짜 아름다우시다,코미디
LZQlOaZY-JI,[몰카] 🇺🇲🇮🇩SUB] 차 없이 운전연수하는 미친강사를 본다면?!!ㅋㅋㅋㅋㅋ - [동네놈들],동네놈들,I left my soul when Boogie start shaking the chair😂😂😂😂 that's a real experience ||| You guys creativeness is rising in a tremendous pace ||| 암울한 대학원생의 삶에 잠시 나타나주셔서 감사했습니다 ㅋㅋㅋㅋㅋㅋ무슨 상황인지 긴가민가했네요 진짴ㅋㅋㅋㅋ 앞으로도 재밌는 영상 많이 기대할게요! ㅎㅎㅎㅎ (진짜 웃음참느라.. 지..지..릴뻔했습니다^0^) ||| That's the funniest car ride i've ever seen Random people dying to die in front of the car ||| ㅋㅋㅋㅋㅋㅋㅋㅋㅋㅋㅋ 전방 고라닠ㅋㅋㅋㅋㅋㅋㅋㅋ 뒤에 여성분 기절하네욬ㅋㅋㅋㅋㅋㅋㅋㅋㅋㅋㅋ,코미디
2PuQZggGq8k,[몰카] 집안 대대로 내려온 보물이 이상한 물건이라면?ㅋㅋㅋㅋㅋ (ft. 미녀분의 레전드 리액션ㅋㅋㅋㅋ),면상들,ㅎㅎㅎ 웃음을주셔서 감사합니다. 요즘 스트레스받는일이많아요. 웃음주셔서고마워요 ||| 아~~배아파요 아가씨 밝은 웃음이 너무좋네요 아  배아파 ㅎㅎㅎ 최고! ||| 진짜 웃었어요 아가씨 리액션도 좋았구요 ||| 아가씨 웃는게 너무 매력적이네요. 보기 넘 좋아요. ||| 여성분 호탕하게 웃는게 굉장히 매력적이네요 ㅋㅋㅋㅋ,코미디
TtGCzTbTgcE,(무선마이크 몰카) 노래 가사가 듣다보니 내 얘기잖아!?ㅣ폴킴 - 모든 날 모든 순간ㅣ하비 몰래카메라,하비 Havy,"작년에 무선마이크 야외 시리즈로 특기인 즉흥 개사를 이용해서 시민분들께 노래를 불러주는 몰래카메라 컨텐츠를 기획했었는데 코로나로 사태로 인해 영상 업로드를 계속 보류하고 있다 장기화가 될 것 같아서 업로드 하게 되었습니다. 모두 함께 코로나 잘 이겨내요 :)  🌟 인스타그램 : https://instagram.com/havy4 🌟 비지니스 문의 : havy4@hanmail.net 🌟 보컬레슨 문의 : havyvocal.net  대한민국 No.1 보컬학원 ""하비"" 최원장입니다. 재밌는 영상들로 찾아뵙겠습니다. ||| 👇방금 숏츠보고 왔다 손!! ||| 본인 스스로 이야기를 쓴 가사라 가사 디테일이 좋네요^^(디테일 짱!!) ||| 끝에 남자분이 ""잘 부르셨다,그런데 가사는 조금.....""라고 말할때 빵 터졌닼ㄱㄲㅋㅋㅋㅋㅋ앜ㅋㅋㅋ가사도 웃기곸ㅋㅋㄲㅋ ㅋ정주행 갑니다ㅋㅋㄱㅋㅋ ||| 진짜 천재인게 저걸 즉석으로 가사를 만들었다는거임ㅋㅋㅋㅋㅋ",코미디
MfJUDOXUh4E,[몰카] Eng CN Sub) 스님 목사님 부랄친구 2탄) 둘이 홍대 술집에? 옆테이블 미녀분들 술을 못드심 ㅋㅋㅋㅋㅋㅋ 제대로 약빤 몰카,낄낄상회,저희는 건전합니다 ^^ 목사님 인스타 https://www.instagram.com/kkkkkkomak/ 스님 인스타 https://www.instagram.com/wnwjq1318/ ||| 일단 설정이 진짜 좋음 가릴거 없이 친한 친구가 서로 다른 종교의 성직자로 만나는거 저체가 웃김 ㅋㅋㅋㅋㅋㅋ 근엄해야한다고 여겨지는 분들이 서로 디스하면서 ㅋㅋㅋ ||| 이야 근데 리액션 해주시는 손님들까지 매번 잡아주니까 훨씬 웃긴듯ㅋㅋㅋㅋㅋㅋ ||| 스님 목소리는 진짜 타고났다 ㅋㅋㅋㅋㅋㅋㅋ 목소리마저 사람 웃기는데 가장 적절한 목소린데 심지어 발성도 타고나서 졸라 잘들림 ㅋㅋㅋㅋㅋㅋㅋㅋㅋㅋㅋ ||| 지금까지본거 다비슷한내용인데 배꼽이 붙을생각을안함ㅋㅋㅋㅋㅋㅋㅋㅋㅋㅋㅋㅋㅋㅋ개재밌엌ㅋㅋㅋㅋㅋ,코미디
_HGcRoLrB4I,[몰카]Eng CN sub) 이혼남한테 청첩장을?! ㅋㅋ 돌싱남이랑 예비신랑이 부랄친구라니 ㅋㅋ 미쳤냐곧 ㅋㅋ옆테이블 미녀분들 대화불가 ㅋㅋㅋ,낄낄상회,인스타 팔로우 해주시는 분들 사랑해요♡ 돌싱남 https://www.instagram.com/kkkkkkomak 새신랑 https://www.instagram.com/wnwjq1318 ||| 어머니 미모가 그냥 배우급인데;;; 딸도 진짜 예쁜데 어머니가 장난아니시네 ||| The lady in the blue dress is sooooo elegant and the way she holds herself its as if she’s royalty. So beautiful. ||| 아 어머니 인생대선배신데 옆에서 흘끗흘끗 눈치보는거 너무 귀여우셬ㅋㅋㅋㅋㅋ ||| The mom is real beauty here. Ngl,코미디
6GhgpyuPjiM,eng)[몰카]멸치갑작스런사과방송?!자지러진다ㅋㅋㅋㅋㅋ(f.t강아지)(comedy   mucbang),핵잼컴퍼니,안녕하세요 핵잼입니다^^ 위치를 궁굼해하시는분들이 많으셔서 장호항입니다^^ ||| 이건 진짜 대박 레젼드다ㅋㅋㅋㅋ 뛰어다니는거 개웃겨 ||| 이게 제일웃긴듯!~ ㅋㅋㅋ ||| 앜ㅋㅋㅋㅋㅋㅋ기승전'개'까지 완벽했다 이번 편 진짜 최고다ㅋㅋㅋㅋㅋㅋ ||| 이거 먹방만 그대로 편집해서 나가도 대박일 듯 합니다 ㅋㅋㅋㅋ 개콘에 두 분 계셨으면 절대 안망했을 듯 하네요. ㅋㅋ 그냥 말 장난을 하는게 아니라 개그 연기 정말 오래간만에 봅니다. 응원할게요!,코미디
tJ21zxnj5TE,몰카(병   맛) - 카페에서 미친척하고 노래부르깈ㅋㅋㅋ 기냥 막 다같이 뿜었닼ㅋㅋㅋㅋㅋㅋㅋㅋㅋㅋㅋ,드립팩토리 [Dlib Factory],눈이 부시게 와름돠운 비딧기~♡ ||| 25년에도 보시는 분 !!! ㅋㅋ ||| 나는 70 중반 인데ᆢ최근에. 우연히 보다가 완전 찐팬 되었는데. 정말 대박에 대박 입니다ᆢ ||| 아  이크에크는 진짜..존나웃어서 배아파뒤질뻔했어요ㅋㅋㅋㅋㅋㅋ ||| ㅋㅋㅋ 살돠과 살돠과~!,코미디
7Y8Vv_KHp7I,🇺🇲🇫🇷🇪🇸🇮🇩SUB] [몰카] 누가봐도 강도인데 전혀 의심을 안하는 직원을 본다면?!!! 옆 커플들 제대로 터졌음 ㅋㅋㅋㅋㅋ - [동네놈들｜HOODBOYZ],동네놈들,부기 갑자기 뛰는 척 하는 부분..저만 최애 인가요ㅋㅋㅋㅋㅋㅋㅋㅋㅋㅋㅋㅋㅋㅋㅋㅋㅋㅋㅋㅋㅋㅋㅋㅋㅋㅋㅋㅋㅋㅋㅋㅋㅋㅋㅋㅋㅋㅋㅋㅋㅋㅋㅋㅋㅋㅋㅋㅋㅋㅋㅋㅋㅋ ||| I really love how that couple didn't call police and just laugh there.. ||| 너무 깊게 질문하지 말라는 것도 범인 개인정보를 알려주지 않으려는 빅피처였구나 ㅋㅋㅋㅋㅋㅋ ||| 혹시 나만 지금도 보고있니...?,코미디
UsxKTJZsBpE,eng)[몰카]며루치!!먹방의경지!삭힌홍어회도전?!!유치원생과배틀ㅋㅋㅋㅋㅋ개난장판!!ㅋㅋㅋㅋㅋㅋㅋㅋㅋㅋㅋㅋㅋㅋㅋㅋㅋㅋ,핵잼컴퍼니,그냥 느낌자체가 가족이너무화목하다~~♡ ||| 유쾌한 가족이시네 ㅋㅋㅋㅋ 같이 따라하시는거 너무 웃기고 보기 좋아요 ㅋㅋ ||| 가정교육이 얼마나 중요한지 보여주네 ||| That family must've had the time of their life. ||| 애기가 살렸네요. ㅎㅎ,코미디
NEBafGbmAaY,[몰카] 🇺🇲🇮🇩SUB] 골프장에 또 등장한 미친놈들ㅋㅋㅋㅋㅋ(ft.새로운 타법 대공개!!!) - [동네놈들],동네놈들,❤️골프장 몰카 1탄 못 보신분들은 👉 https://youtu.be/f75pXBSIHoI ❤️ ||| 앜 ㅋㅋㅋ이채널이구나 .. 엄청추하게 웃기만하네욬ㅋㅋㅋㅋㅋㅋ 비록 몰카였지만..... 너무 즐거웠어요..^^ㅋㅋㅋㅋㅋ 짱짱 동네놈들 너무 웃겨여진짜 👍🏻 ||| 동내놈들 너무감사해여 ㅠㅠ 저학원같다와서 죽고싶었는데 동내놈들 매일십분씩보면서 목숨이어 가는중 ㅠㅠ 동내놈들 사랑해요 ㅠㅠ 구해주셔서 감사합니다 ㅠㅠ ||| 재형 형광티셔츠 뭔데 ㅋㅋㅋㅋㅋㅋㅋ 골프장필드가 동산이야 배가 뽈록ㅋㅋㅋㅋㅋㅋㅋㅋㅋㅋ ||| I was waiting for the centrifugal force swing so bad😂 but we got a two new swings: the baseball swing and the swordsman swing. These boys are LEGENDS👏,코미디
CihfOtNh1qc,[몰카] ENG/CN) 프로고민충 둘이 술집을 간다면? ㅋㅋ 우유부단 끝판왕 만남에 실내포차 핵 고구마파티 ㅋㅋ 귀로 듣고있는데 속이 답답하다 ㅋㅋㅋ,낄낄상회,"인스타 팔로우 부탁드려요 ♥ 장깔깔 인스타 https://www.instagram.com/wnwjq1318/ 임껄껄 인스타 https://www.instagram.com/kkkkkkomak/ ||| “The feet is okay, I won’t have the body or wings” 😩🤣🤣🤣  So you okay with a paralyzed parrot 😂😂😂 ||| I HAVE A PET PARROT HAAHAHHAAHHAH 😂😂 wonderful prank guys u nice keep going u make my day🥰 ||| The don spike's doppelganger dude really cracked me up 🤣 ||| I don’t think I have laughed like this in a while. This was so hilarious 😂",코미디
GCZskXhir-Y,고화질)[몰카] 구구단으로 김밥천국 초토화시키고 왔습니다ㅋㅋㅋㅋㅋㅋㅋㅋ지렸닼ㅋㅋㅋㅋㅋㅋㅋㅋㅋㅋㅋㅋㅋㅋㅋ(paint the town red trick),코믹마트,우연히 지나가다 저를 보신 분들은 새해에 인생대박 터지실겁니다. 좋아요 누르시고 가족 건강 챙기시고 새해엔 로또 대박 나세요. ||| 와..ㅋㅋㅋ 뱅뱅아저씨가 절 웃겻습니다. ㅎㅎㅎㅎㅎ ||| 처음 영상보는 입장에서 칠이~칠이 뱅뱅 하신분까지 3명에서 한팀인줄 ㅋㅋㅋㅋㅋㅋㅋ ||| 칠이칠이 뱅뱅 뭔데ㅋㅋㅋㅋ 순발력 장난 아니네 다 듣고 있었네ㅋㅋㅋ ||| 치리치리뱅뱅 진심 웃겼다.,코미디
R2cc-hR2XFc,ENG)[몰카] 작정하고 다섯글자로 헌팅하기ㅋㅋㅋㅋㅋ역대급 텐션 미녀분들한테 기 다빨렸닼ㅋㅋㅋㅋㅈㄴ신선햌ㅋㅋㅋㅋㅋㅋㅋㅋㅋ이건 무조건 성공한닼ㅋㅋㅋㅋ(ft.유리멘탈),코믹마트,준빈님 어머니 해장꾹 너무 맛있어요~~ 순두부가 제스타일이었습니다ㅎㅎ 어머님이 준빈님자랑이 엄청나셔요ㅎㅎ 가게도 대박나시고 코빅마트도 대박나세요~ ||| ㅇ ㄴ ㅋㅋㅋㅋㅋㅋㅋㅋ 여성분들 너무 잘하셔 ㅋㅋㅋㅋㅋㅋㅋㅋㅋㅋㅋㅋㅋㅋㅋㅋㅋㅋㅋ ㅁㅊ ㅋㅋㅋㅋㅋㅋ여성분들 다섯글자로말하기 보자마자 ㄹㅇ 빵터짐 ㅋㅋㅋㅋㅋㅋㅋ 왜 이렇게 잘하시지 ||| ㅋㅋㅋㅋㅋㅋ진짜 저 여성 두분들 옆에 언니 하는거보고 바로 따라하는것봨ㅋㅋㅋㅋㅋ진짜 너무 웃겻닼ㅋㅋㅋㅋㅋㅋㅋㅋㅋㅋㅋㅋㅋㅋㅋㅋ ||| These girls are really amazing ! So funny ! I can tell the boys really liked them and didn't want to leave at the end 😂 Too bad she already has a boyfriend ||| 비슷한 유튜브 채널들을 많이 보지만 진짜 순발력과 재치있는 드립은 코믹마트가 최고에요ㅋㅋㅋ  외국에 오래 살다 얼마전에 들어왔는데 외롭고 무료한 생활에 정말 많은 웃음과 활력을 주셨습니다. 너무 감사하고 항상 응원합니다!!,코미디
JHFwf98WFn4,[몰카] 사이좋은 커플을 노래 가사로 한방에 헤어지게하는 미친 BGM이 흘러나온다면? ㅋㅋㅋㅋDJ아저씨의 역대급 공격에 미녀분들 초토화,면상들,나 풀메이컵이랑 쌩얼이랑 똑같다구!!!ㅋㅋㅋㅋㅋㅋㅋ ||| 오 저옆 강아지 하이파이브 개잘함 ㅋㅋ ||| 숨이 안쉬어져 ㅋㅎㅋㅎㅋ ||| 역시 나의 기대를 져버리지 않는 군 면상들!!!!!!!!!!!!!!!!!!!! 더더더더더더더더더더더더더더 기대를 하고 5탄을 기달릴께요 좋아요 누르고 갑니다 ||| 숨겨왔던 나의  수줍었던 마음  한번 더하시죠 그 진지한 표정   대박  윙크이런거말고  진지하니까 더웃김,코미디
FqXJhmQCMws,자캐로 불후의 마블 패러디,_민블,"흑흑 항상 편집할때 소리를 작게 해서,,, 저장까지도 안 고치는 못난 블님,.. 오늘 영상도 봐주셔서 감사합니다! 0:11 민우가 민블이도 같이 던져두고 모르는 눈치입니다 (뒤에서 민블이 찾는 흰동이) ||| 쇼윜ㅋㅋㅋㅋ 말이되지 말한다음에 아무것도 모른다듯이 순수하게 웃는거 너무커여워ㅋㅋ(근데 토묘 민우한테 한방 뚜쉬맞아서 쇼위 화낼줄알았는디 아니넴..ㅇㅅㅇ그래도 귀여워..ㅎ) ||| 0:11 민블님 귀엽다 ,,, 그냥 귀엽다는 말밖엔 안나온다,, ||| 쇼위 넌 적어도 토묘편 들어야 되는거 아니냐? ||| 아 애들 너무 귀여웤ㅋㅋㅋㅋ큐ㅠㅠㅠㅠㅜㅠㅠ 민우야ㅋㅋㅋㅜㅜㅠㅜㅠ아 뒤에 사라진 민블이찾는 흰동이 넘 귀여워 ㅠㅜㅜㅠㅜ",코미디
6uzL9Zr7rh4,[ENG](몰카)절친이 잠꼬대로 여친 있는 내 남동생의 이름을 부른다면? ㅋㅋㅋㅋㅋㅋㅋㅋ,레이디액션,이 언니들은 둘다 그렇게 당하고도 눈치를 못 채네 ㅋㅋㅋ 하긴 방법이 워낙 독특해야지 ㅋㅋㅋㅋ 진짜 완전 웃겨 ㅋㅋㅋ ||| 부부의 세계 애청자인 슬기가 눈치채지 못하는게 왜 웃기짛ㅎㅎㅎㅎ ||| 진짜 몰카 개많이 하는 듯 ㅋㅋㅋㅋ 둘다 카메라만 키면 서로 의심하겠네 ㅋㅋㅋㅋㅋㅋㅋ ||| 근데 섭외력도 대단하고 그거 허락하고 같이 연기 해주는 것 도 진짜 대단한 것 같아욬ㅋㅋ ||| 5:05 아니 이거 자세히 안봐서 티비인줄 알았는데 이거야 말로 반전ㅋㅋㅋㅋㅋㅋㅋㅋㅋ,코미디
qAx9trj5P7s,[Eng]몰카(매운맛) - 정성이 깃든 개소리로 미녀분 숨도못쉬게 웃겨버리깈ㅋㅋㅋㅋㅋㅋㅋㅋ,드립팩토리 [Dlib Factory],난 애~~매 오빤 에~~~게??? ||| 와 벌써 4년이 흘렀구나 ㅠㅠ 세월이 정말 빠르다~ 이렇게 영상 남겨져 있으니 또 보면서 웃습니다. 그대들의 노력이 웃음과 행복을 줍니다. 감사합니다. ||| 댓글처음달아봅니다. 출산한지 얼마안되서 애기랑 하루하루 넘나 정신없이 보내고있는데.. 아기가 잠시 잘때 우연히 보게되었어요. 어머나 제게 기쁨과 재미를 주셔서 너무 감사합니다♡ 영상보는동안은 힘듬을 잊고 아기가 깰까 숨죽여 웃습니다. ||| 옆사람 리액션이 잼있다기보다 바로 옆에서 저걸 참을수있는 인간이 몇이나 될까 ㅎㅎ 저정도면 잘참은거다 ㅎㅎ ||| 이거 레전드중에 한편,코미디
74CcL5xcIzE,ENG)[몰카] 헌팅률 200프로 저세상 텐션으로 미녀 꼬시기ㅋㅋㅋㅋㅋㅋ여자분들 개쓰러짐ㅋㅋㅋㅋㅋㅋㅋㅋㅋㅋ(Lying hunting prank),코믹마트,경~~~~~~~~~~~~축 네이버 쇼핑몰에 코믹마트 몰을 오픈했습니다!! ❤️코믹마트스토어 ❤️ https://m.smartstore.naver.com/comicmart 300여가지의 물품이 있습니다^^ 구경오세요~~~~♡♡♡ ||| 정말 웃기는 재주가 남 다르십니다 또 여자분들 웃음으로 무장 해제의 달인이시네요 ㅋㅋ ||| 아 ㅋㅋ물먹다 뿜었ㅋㅋㅋㅋㅋㅋㅋㅋㅋ 아 개웃기넼ㅋㅋㅋㅋ ||| 이건 진심 재밌다 ㅋㅋㅋ 연기들도 좋으시니 자연스럽고 여자분도 재밌고 ||| 남자분 말빨 오지네 와ㅋㅋㅋㅋㅋㅋ 거짓말이야로 이리웃기네ㅋㅋ,코미디
tOEgzEbfBTg,[몰카] Eng CN sub) 비구니랑 목사님이 썸탄다? 부랄친구 스님 목사님 7탄) 점점 더 약빨이 심해진다 !! 옆 테이블 미남 미녀 손님들은 무슨죄? ㅋ(feat.  바그냥),낄낄상회,"목사오빠 우리절에 성격책 놓고 갔어 . 안녕하세요~윤석스님 J동생 박은영입니다ㅋ 낄낄상회 함께할수있어 영광입니다😍😍 바그냥(비구니) 유툽도 많이 사랑해주세요♥ ||| Wow. This monk and pastor friendship need their own segment show on TV. This is one the best things I have found on YT. The guy who laughed so much will remember this day for his whole life ||| 좀만 지나면 전국민이 알아서 안속을거같은데 ㅋㅋㅋㅋ ||| ""what have you tried? you've got nothing to comb."" that did it for me...i was cracking up so hard i cried!!!!! ||| When she started combing her “hair” 💀💀💀💀💀💀💀💀",코미디
zcyVp1ok2I0,(몰카) 몰카 대상자 인줄 알고 시비걸었는데 진짜 깡패라면? ㅋㅋㅋ,폭소바겐[Foksowagen],민희형 증맬루 귀염땅 우리랑 디져트카페가서 조각케이쿠 먹자 형아 ||| ㅋㅋㅋㅋㅋㅋㅋㅋ 역몰카 당하고 많이 당황하셨네 ㅋㅋㅋ 멘탈 잘 잡으십쇼 형님 ||| 사실 몰카에요~  안통하자 그는 애타게 외쳤다.. 횽민이형 ㅜ 횽민이형 ㅜ  어디갔어 횽민이횽ㅜ 제발 나와줘ㅜ ||| 민희님 표정 찐이네요 ㅋㅋㅋㅋㅋㅋㅋㅋ 당황 공포 안도 분노 짜증 어이 뒤통수 복합적인 감정이 얼굴에 보임 ㅋㅋㅋㅋㅋ 무심코 보다가 뿜었습니다 ㅋㅋㅋㅋㅋㅋㅋ 좋아요 두번 누르고 갑니다 ||| 아니 무슨 친구들이 다 똑같이 생겼냐 ㅋㅋㅋㅋㅋㅋㅋㅋㅋㅋㅋㅋㅋ,코미디
pOV6e8WZOgQ,다시보는 해외 몰카 레전드 - 놀라운 초능력자,Link TV,커피  한번 쏟았다고 죽일놈 취급햐 ㅋㅋㅋㅋㅋㅋ ||| 이건 한 번 보고 못끝냄ㅋㅋ 와 진짜 기술 오졋다리 ||| 저기 있는 사람들 얼마나 무서웠을까. 거의 영화에서 악마의 탄생 같은 거잖아 ||| 와... 진짜 재밌다 개 쩐다ㄷㄷㄷ ||| 완전 ㄹㅈㄷ임ㅋㅋㅋㅋㅋㅋㅋㅋㅋㅋ클라스가 다르네,코미디
3F5-BxcsOxo,[몰카] Eng/CHN Sub) 마이웨이 대화법 4탄) 이번엔 알바생까지 약빤 드립을? 흡연실이 차로 30분거리에? 옆 테이블 미녀 코로 술 뿜으심 ㅋㅋㅋㅋ (feat. 싱호),낄낄상회,"화장실 너무 어렵게 가신다 ㅋㅋㅋㅋㅋㅋㅋㅋㅋㅋㅋㅋㅋㅋ ||| ""Can I have Hot water"" ""Sorry sir, kitchen is busy with hot water"" ""Ok ill have warm water"" ""ok"" ||| 1:24  주문: 맥주 500cc, 마른오징어 주문확인: 보드카, 홍합어묵탕, 순대볶음, 막국수 주문수정요청: 떡볶이 빠졌어요 주문수정확인: 주먹밥 넣어드릴게요 주문 알림: 불고기피자 주문이요~ 나온 식사: 팥빙수 ? ||| 솔직히 이 컨텐츠 너무 재밌다.ㅋㅋ 이분야의 원탑이 낄낄상회다. 몰카랍시고 다른사람 불편하게하는 컨텐츠 너무 많은데  불편할 사람 하나없고 대본좋고 넘 좋다. ||| 이야.. 진짜 잘한다 부드럽게 안 불쾌하게 잘 웃긴다 ㄷㄷ 역시 개그맨 바이브 어디 안가는구나",코미디
Nz8XihPXePk,(몰카) 놀러간 별장에서 기이한 일이 벌어진다면???ㅋㅋㅋㅋㅋㅋㅋㅋ,황현홍,와 신입유튜버 삼삼삼이다!!!!! ||| 4:43 이거 ㅈㄴ 개공감인게 밤에 학교 탐방? 갈 때 꼭 야 뭐가 무섭냐 ㅇㅈㄹ 하던 얘가 한 명이 어그로 끌고 으와아아악 하고 튀면 ㅈㄴ 제일 빨리 뜀 ㅋㅋㅋㅋㅋㅋ ||| 7:04 ㄹㅇ 이 때 개 빵 터짐 ㅋㅋㅋ ||| 4:44초에 개공감하네 막 친구들이 막뛰어서 어디로 들어가면 나혼자남으니까 개무서워서 나도모르게 뛰어서 따라가게 되는뎈ㅋㅋㅋ ||| 은수 빵입에 있고 삐진모습 은근 귀여움 ㅋㅋ,코미디
ZyiWU7VfEuA,ENG)[몰카] 약빨고 간판이름짓기 5탄ㅋㅋㅋㅋㅋㅋㅋㅋ역대급 반응ㅋㅋㅋㅋㅋㅋ모든사람이 다 터졌다ㅋㅋㅋㅋㅋㅋㅋㅋㅋㅋㅋㅋ(Prank naming a signboard),코믹마트,"☆본☆인☆등☆판☆ 저 부농 니트 저애오 여러분 언제 올라가는지 말 안 해주셔서 까먹고 있다 알 수 없는 알고리즘에 이끌려 보게된게 레전드ㅋㅋㅋㅋㅋㅋㅋㅋㅋㅋ  제 웃음소리 좋게 봐주셔서 감사합니다 코믹마트분들 덕분에 즐거운 시간이었어요❤ ||| 진짜 역대급 리액션이다 저여성분땜에 개빵터졌네 ||| 난 남들 웃는거보는게 그렇게 좋더라 많은사람들에게 웃음을 주는 유튜버들 감사합니다. ||| 대놓고 웃으래 ㅋㅋㅋㅋㄱ 번호짓는건 언제봐도 신박하단 말이야 ㅋㅋ 예상을 할쑤가 음써 ~ ||| 결혼식장, 산부인과, 장례식장....풀패키지 ㅋㅋㅋㅋ 나는 하이패스 생각했는데, 모든것을 한번에 막힘없이",코미디
U8ySKBMLS4w,[웃음참기 #11] 웃긴 밈 / 실수 모음,두뇌 폭발,😊 두뇌폭발 생명 연장 링크 😊 쿠팡 오늘의 특가 보기! - https://link.coupang.com/a/b8k5DO  이 포스팅은 쿠팡 파트너스 활동의 일환으로 이에 따른 일정액의 수수료를 제공 받습니다. ||| 7:51 여기서 여자한테 hi 해줘야 레전드인데 ||| 6:27 이것만 계속 돌려보고 있닼ㅋㅋ ||| 3:00 이게 제일 웃기넼ㅋㅋㅋㅋㅋㅋㅋㅋ ||| 5:04 아아아아앙악!!!!!,코미디
EOCZYxmi7ho,※주의※ 사무실에서 웃음 터져도 책임 안 집니다. | ㅇㅋ챌린지 ⏱오분 순삭,오분순삭,🖤ㅇㅋ챌린지 회차 정보 알리미🖤 ✔세바퀴 129회 ✔마이 리틀 텔레비전 43회 ✔라디오스타 363회 ||| 아진짜 다시보는데 모르모티피디 ㅈㄴ 치트키임 매순간이 걍 다웃겨 이사람은ㅋㅋㅋㅋㅋㅋㅋㅋㅋㅋㅋㅋㅋㅋㅋ 몸쓰는 거면 신체 어디 하나 안웃긴 곳이 없음 머리부터 발끝까지 개웃겨서 몇번이고 돌려가면서 봐야됨ㅋㅋㅋㅋㅋㅋㅌㅋㅋㅋㅋㅋㅋㅌ ||| 모르모트 피디 진짜 미쳤나ㅋㅋㅋㅋㅋㅋㅋㅋㅋㅋㅋㅋㅋㅋㅋㅋㅋㅋㅋㅋㅋㅋㅋㅋㅋㅋㅋㅋㅋㅋㅋㅋㅋㅋㅋㅋㅋㅋㅋㅋㅋㅋㅋㅋㅋㅋㅋㅋㅋㅋㅋㅋㅋㅋㅋ개웃겨서 오열중ㅠㅠㅠㅠㅠㅠㅠㅠㅠㅠㅠㅠㅠㅠㅠㅠㅠㅠㅠㅠㅠㅠㅠㅠㅠㅠㅠㅠㅠ ||| 아놔 피디때문에 진짜 개터졌네ㅋㅋㅋㅋㅋㅋㅋ 노래 박자는 빠르지 머리에 순서 외워야하지 마음은 급하고 몸은 안움직여주지 댄스선생 눈치보이지 저 동작들은 정말 찐으로 나오는 어리버리임 ||| 모르모트피디가진짜미치넥ㅋㄱㄱㅋㄱ배아파,코미디
aXtUPUgILeA,거꾸로 읽으면 웃긴 이야기 32 영상툰,문방구TV,"0:32 아 사람 아닌줄 알았네요 ||| 로꾸꺼 추천  저는 스폰지밥 이예요. 저을 절친은 뚱이 입니다. 저을 애완동물은 핑핑이 입니다. 저는 바다속에 삼니다. 다람이는 태권도을 잘해요. 징징이는 시끄러운 소리를 싫어해요. 집게리아 사장님은 오만원을 좋아해요. 핑핑이가 좋아하는  달팽이는 예쁜 달팽이 입니다. 징징이가 좋아하는 건  휴가 입니다. 뚱이가 좋아하는 건  저랑 노는거 입니다. 나는 스폰지밥 ||| 유형 신청요오오 앨리베이터 탈때 유형 1.가만히 있는유형 2.핸드폰 하는 유형 3.자는 유형 4.휘파람 부는 유형 5.버튼 마구 누르는 유형 6.춤추는 유형 7.거울 보는유형 8.음식 먹는 유형 9.노래 부르는 유형 10.쭈그려 앉는 유형 (있는 유형이면 어쩔수 없네용ㅎ) ||| 2025년에도 보는 사람? ||| 저도 로꾸꺼 할게여!  이렇게 됬습니다.. 지금 살 운명이 남지 않았습니다.. 수술을 해도 칼, 거울 등 수술도구는 쓸모가 없습니다.. 당신의 목숨은.. 없어질겁니다.. 당신의 동심과 희망 품으며 열심히 사세요.. 죄송합니다를 말해줄수밖에 없습니다.. 욕을 쓰지마세요 희망을 품으세요 멍하니 보는걸 느끼지 마세요.. 힘드지마세요를 품는걸로 열심히 사세요!",코미디
bOScVoPPgDQ,ㅋㅋㅋㅋ겁나 배꼽 빠지는 웃긴 동물 영상모음 웃음참기 챌린지ㅋㅋㅋㅋ #6,Real Funny,중국꺼는 억지로 웃기려고해서 웃음이 나려다가 들어가네 ||| 안웃김노잼,코미디
0SvHoaVUzkk,※주의※ 사람 많은 엘리베이터에서 오해 안 받게 조심하세요 | ㅇㅋ챌린지 ⏱오분순삭,오분순삭,🖤ㅇㅋ챌린지 회차 정보 알리미🖤 ✔구해줘 홈즈 11회 ✔구해줘 홈즈 13회 ✔라디오 스타 614회 ✔진짜 사나이 31회 ||| 탑층의 복합구조 ㅋㅋㅋㅋㅋㅋㅋㅋㄱㅋㅋㅋㅋㄱㅋㅋㅅㅋㅋㄱㅋㅅㅋㅋㅋ하 제일쎄 ㅋㅋㅋㄱㅋㅅㅋㄱㅋㄱㅋㅋㄱㅋㅅㅋㅋㅋㅋ ||| 1:10 이 상황 걍 SNL 같음 ㅜㅜㅜㅜㅠㅠㅠ 진짜 유병재가 아 누나 아 누나 죄송해요 죄송해요 이거 걍 대사같음 ㅠㅠㅠㅠㅠㅠㅠ ||| 아 이건 단계가 무의미하다 ㅋㅋㅋㅋㅋ ||| 1단계부터 터진거 나뿐이냐곸ㅋㅋㅋㅋㅋㅋㅋㅋㅋㅌㅋㅋㅋㅋㅋㅋㅋㅋㅋㅋㅋㅋㅋㅌㅋㅋㅋㅋㅋㅋㅋㅋㅋㅋㅋㅋㅋㅋㅋㅋㅋㅋㅋ,코미디
Aqj32beayas,개그맨 8명이 모이면 배꼽이 깨진다⛏ 군대에서 자발적 웃음 참기 챌린지 ༼;´༎ຶ + ༎ຶ༽  | 진짜사나이⏱오분순삭,오분순삭,4:57아닠ㅋㅋㅋㅋ누가 소리를 이렇게 질렄ㅋㅋㅋㅋ ||| 개그맨들은 보통 사람과는 유전자가 다름. 모든 상황을 코믹하게 이끌고 바꾸고 표현할 수있는 능력자들임. 라디오 진행도 개그맨 진행자가 확실히 재밌음. ||| 1:23 딱 그 코빅 공개코미디 발성아니냐구 ㅋㅋㅋㅋ ||| 2:00 두바이 진짜 미쳤나ㅋㅋㅋㅋㅋㅋㅋㅋㅋㅋㅋㅋ ||| 적군들의 빤쓰는 왜찢냐곸ㅋㅋㅋㅋㅋㅋㅋㅋㅋㅋㅋㅋㅋ,코미디
XOWQABd-39M,당신은 3초안에 웃습니다 (웃음참기 레벨 999.999.999),턱형 (GOD-TUK),턱사단 가입했읍니다 ^_^  사랑한다 턱아 ||| 2:16 원정상 : ??? ||| 10:47뿜음ㅋㅋㅋㅋ ||| 오랜만에 보니까 개웃기네ㅋㅋㅋㅋ ||| 1:14 여기왠 물만난 문어가있죠?,코미디
xjz9CkL3WS0,개웃긴 영상보고 웃음 참아보기 3번 이상 안웃겠습니다. 웃으면 반삭 간다!!!,진호,3번 웃은 사람 손!!! ||| 오늘 드디어 호진이 친구들이 되었닷... 구독과 좋아요랑 알림설정까지 했습니닷! ||| 썸네일보고 바로들어옴 ㅋㅋ 인정하는사람 ⬇️ ⬇️ ||| 3:17 아파트에서 축구보다가 골넣었을때 ㅋㅋㅋㅋ ||| 8:52 2배속으로보면ㅋㅋㅋㅋㅋㅋㅋㅋㅋㅋㅋㅋ,코미디
zQwum4kKVDY,라임의 절대 불가능한 웃음 참기 챌린지 01 try not to laugh challenge￼! *impossible* | LimeTube,Lime Tube[라임튜브],라임 언니 짱 사랑해요 세상에서 정말 사랑해요 하트 뿅뿅 ||| 이채널 너무 좋네요 재밌어요❤ ||| 라임이화이팅♥ ||| 안녕하세요 ||| 넘 재미있어 나도 웃어었어,코미디
Xon9PHWrLIQ,2021 웃음 참기 챌린지ㅣ재밌는 웃긴 영상 모음,SADL 스릴공포실화,,코미디
xiBZwBPjg1w,[2020]배꼽 빠지게 웃긴 영상 모음 #10 | Funny Video Moments Compilation #10,해피마블-솔킷HMS,0:17  첫 영상 음원 저작권 문제로 삭제되어 불편을 드려 죄송합니다.^^ 좀 더 신중하도록 하겠습니다. ||| 3:40 아 몸개그 열라웃었네 ㅋㅋ ||| 처음에 아찔하고 봣엌ㅋㅋㅋㅋㅋㅋ ||| 1:46 이거 봐바 이겈ㅋㅋ엌ㅋㅋㅋㅋㅋㅋ....ㅋㅋㅋㅋㅋㅋㅋ ||| 1:25 킬포인트 ㅋ ㅋ ㅋ ㅋ ㅋ,코미디
_lcQFACiT5A,ㅋㅋㅋㅋ겁나 배꼽 빠지는 웃긴 동물 영상모음 웃음참기 챌린지ㅋㅋㅋㅋ #6,Real Funny,,코미디
7DrUEqgqaZs,ㅋㅋㅋㅋㅋㅋㅋ오래만에 웃음 참기 영상을 봤습니다. 3번 웃으면 바로 전기 충격 가즈아ㅏㅏㅏㅏㅏ,진호,진호님께서 얼굴 때리실때 마다 더 못참 겠엌ㅋㄱㄲㅋㅜㅜ 실패~!ㅜㅜ 다 웃겨ㅋ ㅋㄱㄱㄱㄱㄱㄱㄱㄱㄱㄲㅋㄱㅋㅋㄱㄱ🤭🤭🤭🤭🤭🤭 ||| 3:53 여기서 엄청 웃음ㅋ ||| 5:59 살았다!!! 6:00 다아아아아!!!! ||| 4:40 귀여워 😍 💕 ||| 4:56개 너무 귀여워ㅠ,코미디
MWU1I3pHAUI,ㅋㅋㅋㅋ겁나 배꼽 빠지는 웃긴 동물 영상모음 웃음참기 챌린지ㅋㅋㅋㅋ #5,Real Funny,,코미디
t7R8rf_335E,※주의※ 문득 생각나면 위험합니다. 나중에 갑자기 실실대지 않기🤙 | ㅇㅋ챌린지 ⏱오분순삭,오분순삭,🖤ㅇㅋ챌린지 회차 정보 알리미🖤 ✔라디오스타 631회 ✔라디오스타 589회 ✔마이리틀텔레비전 83회 ✔무한도전 141회 ||| 크러슄ㅋㅋㅋㅋㅋㅋㅋㅋㅌㅋㅋㅋㅋㅋㅋㅋㅋㅋㅋㅋㅋㅋ 만져보라는거 억지로 손 대보는거 같은ㄷ 나중에 계속 쓰다듬는가 ㅈㄴ 웃기넼ㅋㅋㅋㅋㅋㅋㅋㅋㅋㅋㅋㅋㅋㅋㅋㅋㅋㅋㅋㅋㅋㅋㅋㅋㅋㅋㅋ ||| 크러쉬 습진을 왜 제시한테 물어보는건데 ㅋㅋㅋㅋㅋㅋㅋㅋㅋㅋㅋㅋㅋㅋㅋㅋㅋㅋㅋㅋㅋㅋㅋㅋㅋㅋㅋㅋㅋㅋㅋㅋㅋㅋㅋㅋㅋㅋㅋㅋㅋㅋㅋㅋㅋㅋㅋㅋㅋㅋㅋㅋㅋㅋㅋㅋㅋ ||| 아 여우목도리 레전듴ㅋㅋㅋㅋㅋㅋㅋㅋㅋㅋ진짜 볼때마다 터지넼ㅋㅋㅋㅋㅋㅋㅋㅋㅋㅋㅋㅋㅋㅋㅋㅋㅋㅋㅋㅋㅋㅋㅋㅋㅋㅋㅋㅋㅋㅋㅋㅋ ||| 모르모트 피디님 델구 놀면뭐하니처럼 새로운 이것저것 가르쳐줬으면 좋겠다 몸 쓰는건 하나같이 다 어리숙해서 웃길거같아요ㅠ 가끔 뜬금없는거 잘하고 이러실거같음ㅋㅋㅋㅋㅋ,코미디
PIVAfhoh-KU,"웃음참기 모음집 ㅣ웃긴이야기, 개그툰, 병맛툰 모음영상",멘토의썰극장Mento's story,이번 영상은 기존에 했던 코믹툰 모음영상 컨텐츠와 더불어서 멘토스 여러분들과 채팅으로 소통및 Q&A 하는 자리까지 함께 가져보았습니다. 스트리밍 채팅 기능을 키면서 보는 것도 재밌을 것 같네요. 예전영상인데 그래도 70분이나 방문하여 감상해주셔서 너무 감사드립니다. ||| ㅋㅋㅋㅋㅋㅋㅋ여자성우를 구하시죸ㅋㅋㅋ ||| 실시간스트리밍 끝나서 댓 남깁니다~~   너무너무 재미있고요 정말 팬이고요 그림 좀 무섭지만 재미있구요 이런 끈어지는 듯한 목소리너무너무 좋구요 이렇게 소통 많이많이 해주셔서 너무너무 좋아요~그리고 답글도 빨리 달아주셔서 너무너무 완벽합니다~~맨토님 짱짱짱!!!^^ ||| 오늘도 꿀잼♡ ||| 25:9 진짜 저 아들 싸가지 없다,코미디
CQo9DSJnthA,런닝맨 웃음참기.zip 4탄《런닝맨 / 예능맛ZIP / RunningMan 》,런닝맨 - 스브스 공식 채널,My ~ baby ~ I love you ~ ◝(・ω・)◟ so much forever you and I~~♬  ♬회차정보♬ 유재석 라마 493회 김종국을 웃겨라 462회 ||| 아니 ㅋㅋㅋㅋㅋㅋㅋ진짜 ㄱ ㅐ 뜬끔없이 ㅋㅋ엘베 타고 내려가는거 ㅋㅋㅋ진짜 ㅋㅋㅋㅋㅋㅋ쌉레전드로 ㅋㅋ웃김 ㅋㅋㅋㅋㅋㄹㅇㅋ ㅋㅋㅋㅋㅋㅋㅋㅋㅋㅋㅋㅋㅋㅋㅋㅋㅋㅋㅋㅋㅋㅋㅋㅋ예능신이다 ㅋㅋ징짴ㅋㅋㅎㅋㅎㅋㅎㅋㅎ ||| 10:18 제작진 웃음소리 아닌가욬ㅋㅋㅎ? 이게 더 웃곀ㅋㅋㅋㅋ ||| 2:21 이번에 난 유느가 레전드였다고 생각한다ㅋㅋㅋㅋㅋㅋㅋㅋㅋㅋㅋ진짜 너무 웃겼음ㅋㅋㅋㅋㅋㅋㅋㅋㅋㅋㅋㅋㅋㅋㅋ엘베타고 내려가는것도 웃김ㅋㅋㅋㅋㅋㅋㅋㅋㅋㅋㅋㅋㅋㅋㅋㅋㅋㅋㅋ ||| 7:34 진짜 ㅋㅋㅋㅋㅋㅋㅋ 이광수 웃음소리 이건 대박이였음 ㅋㅋㅋㅋㅋㅋㅋㅋㅋ ㅠ ㅋㅋㅋㅋㅋㅋ ㅈㄴ 볼때마다 웃기고 소름돋네 ㅋㅋㅋㅋㅋㅋㅋㅋㅌㅌㅌㅋㅋ,코미디
tOlmpUkn2gw,22화- 선생님 몰래 친구 웃기는 방법!!(수업시간 웃음참기 챌린지!),방울이tv,8:34 매석두님의 진짜목소리ㅋㅋ ||| 와 ㄷㄷㄷㄷ 이서언니 대박 눈물연기 대박이다 이거 영화에 나올뜻ㄷㄷㄷㄷ ||| 4:03 또라언니 웃는거 진짜 예쁘다.. ||| 4:02 또라언니 웃는거 너무 웃곀ㅋㅋㅋ맞다 4:01다... ||| 와 ㄷㄷㄷㄷ 이서언니 대박 눈물연기 대박이다 이거  영화에 나올듯 ㄷㄷㄷㄷ,코미디
4ct-dPLknp4,태권도 격파중 레전드 실수 영상 모음(웃음참기챌린지),태권한류 TAKE ONE WAVE,오늘 형들 영상을 처음 봤는데 태권도를 4단을 따고 학업때문에 접었는데 옛날생각도나고 다시하고싶은 생각이 너무많이나네요ㅋㅋㅠㅠ 형들 사랑합니다 앞으로도 영상 더 많이 올려주세요오! 사랑해요 형들 ||| 3:02 진짜 웃으면 안되는데 타이밍 하고 아킬레스건으로 맞은거생각하니 너무 웃겨서 5분동안 웃었네요 ㅋㅋㅋㅋㅋㅋㅋㅋㅋㅋㅋㅋㅋㅋㅋㅋㅋㅋ ||| 아진짴ㅋㅋㅋㅋㅋㅋㅋㅋ 짤때문에 터집니닼ㅋㅋㅋㅋㅋㅋㅋㅋ ||| ㅋㅋㅋㅎㅎ  요번영상 보다가 터졌네요ㅎㅎ 재밌는 영상 감사합니다 태권한류 화이팅! 코로나 다 같이 이겨냅시다! ||| 3:28 제 영상보고 터지셨군요ㅋㅋㅋㅋㅋㅋㅋㅋㅋㅋ(보성아 미안해...),코미디
BeHW7qFTGjg,배꼽 빠지는 웃긴 동물 영상모음 웃음참기 챌린지ㅋㅋㅋㅋ #4,Real Funny,ㅋㅋㅋㅋㅋㅋ 넘 웃기닥 ㅋㅋㅋㅋㅋ ||| 잼. 나요 ||| ㅋㅋㅋㅋ,코미디
MIOdpiWRhYg,정준하 레전드 드립 모음 2편 👁🗨 빵빵 터져라~ 불같은 애드리브~ | ⏱#무한도전 #오분순삭 (MBC 20090509 등 방송),오분순삭,"존버는 여기 대댓으로 달아주세요!    🖤무한도전 회차 정보 알리미🖤 무도레전드: 정준하 인생 애드립2 ✔153회 <춘향뎐 특집> ✔199회 <예능의 신 2> ✔237회 <오호츠크해 특집 Part Ⅰ> ✔272회 <무한도전 짝꿍특집!> ✔310회 <박명수의 어떤가요Ⅰ> ✔327회 <8주년 특집 무한상사 첫 번째 이야기> ✔352회 <무한도전 자유로 가요제 세 번째 이야기> ✔407회 <극한 알바 두 번째 이야기> ||| 아 진짜 무도 중독인가봐 주나형 드립치지도 않았는데  무슨 말할지 미리 알고 낄낄대고 있음 ㅋㅋㅋㅋㅋㅋㅋㅋㅋㅋㅋㅋㅋㅋㅋㅋㅋ ||| 기본적으로 연기력이 좋으니까 가발쓰고 꽁트만 했다하면 히트ㅋㅋㅋㅋㅋㅋㅋㅋㅋㅋ ||| 정준하가 드립도 좋은데, 살리는 능력이 진짜 좋은 거 같음ㅋㅋㅋㅋㅋㅋ 애코 늙은이코, 속이 쓰리디, 절도범 이런 건, 분명 걍 아재개그인데 이상하게 진짜 웃김ㅋㅋㅋㅋㅋㅋㅋ ||| 4:54 난 이 절도범 드립이 ㅈㄴ 웃김ㅋㅋㅋㅋㅋㅋㅋㅋㅋㅋ 톤도 웅얼 거리게 스윽- 넣는게 개웃김",코미디
huHfB712JAA,배꼽 빠지는 웃긴 동물 영상모음 웃음참기 챌린지ㅋㅋㅋㅋ #3,Real Funny,그림을잘그리시네요,코미디
e4gkAKcFwKg,배꼽 빠지는 웃긴 동물 영상모음 웃음참기 챌린지ㅋㅋㅋㅋ #2,Real Funny,뭐가 웃긴지 누가 말 좀,코미디
buKwEWKPNJE,ㅋㅋㅋㅋ겁나 배꼽 빠지는 웃긴 동물 영상모음 웃음참기 챌린지ㅋㅋㅋㅋ #7,Real Funny,,코미디
99pk8XCxg7M,[짤툰 오리지널] 모기 사관학교,짤툰,모기가 벽에 붙으면 불을 껏다가 바로 키세요. 그럼 모기들이 불빛이 꺼졌다 켜지는거에 적응을 못해서 움직이지 않고 가만히 있거든요? 그럼 그때 에프킬라를 뿌린뒤에 그걸 휴지에 올려놓고 에프킬라를 모기에 조금씩 뿌리면서 고통스러워 죽어가며 발버둥치는걸  원하는 향기 좋은 차나 커피등을 마시며 여유롭게 감상하시면 인생일대 최고의 경험을 하실수 있으실겁니다. 꼭 추천드려요!! 엄청 희열이 넘치거든요!!! ||| 교육생들 저에게 토스 부탁합니다 ||| 잠자는데 모기소리나면 꿀팁 방에 불을 키면 모기들이 순간적으로 눈이 멀어서 벽에 가만히 달라붙어있는데 그때 잡으면 됨 주의:자신도 눈갱당할수 있으니 눈을 가린채로 불을 키면 그나마 나음 ||| 0:22 말빨 오졌다....리 ||| 모기 이것들 자다가 열받아서 깨면 눈을 씻고 찾아도 절대 안 보임.. 마음을 비우고 자려고 하면 그제서야 보임 개빡침,코미디
8CO2N9Xlqjg,[짤툰 오리지널] 탈룰라,짤툰,??? : 뭐냐 이 버러지 같은 음식은ㅋㅋㅋ ??? : 우리 아빠가 만들어주신건데 ???: 입이 벌어지게 맛있어 보인다 ||| 이거 썸네일 탈루라 처음시작한 외국인이 입었던 옷ㅋㅋㅋㅋ 역시 디테일ㅋㅋㅋㅋ ||| 0:15 아무도 손가락이 6개  라는걸 모른다 ||| 정주행 했는데 이게 제일 재밌어 ㄹㅇㅋㅋ ||| 친구:국밥 먹는 사람 역겨워 나:할머니가 국밥을 제일 좋아하는데.....,코미디
RlbI9o6_MRg,[짤툰 오리지널] 남매,짤툰,오늘 하루만큼은 남매끼리 사랑한다고 말해보세요! 😘 ||| 남 : 남과 달리 서로 친하지 않는데 매 : 매일 서로 얼굴을 본다. ||| ㅋㅋㅋㅋㅋㅋㅋㅋ벨소리 왜이랰ㅋㅋㅋㅋㅋㅋ ||| 근데 남매도 진짜 친해야 저렇게 싸울수 있는거지 진짜 사이 안좋으면 말도 안함ㅋㅋㅋㅋㄱㄱㄲ ||| 여동생이 너무 예쁘게 얘기한닼ㅋㅋ,코미디
wOKj42-BsC8,[짤툰 오리지널] 문과 VS 이과,짤툰,문과 이과 둘다 소듕해❤ ||| 저희는 문과1등 이과1등이 매일매일 싸워요ㅋㅋㅋ ||| 문이과 논쟁 소용 없는게 이번 화에서 보여주는 것처럼 세상 자체가 문이과의 통합된 모습을 보여주는 예시인지라ㅋㅋ...그저 한 사람이 모든 것을 배우는게 어렵기에 각자 특화된 것을 키워나가는 거라고 보면 되는거죠. ||| Tmi : 신학과도 문과쪽으로 분류된다  과에서 원하는 과목은 윤리와 사상이 필수이다 ||| 마지막에 예체능이요라고 할 줄 알았는뎈ㅋㅋㅋㅋㅋㅋㅋㅋㅋㅋㅋㅋㅋㅋㅋㅌ ㅋㅋㅋㅌㅌㅌㅌㅌㅌㅌㅌㅌㅌㅌㅋㅋㅋㅋㅋㅋㅋ,코미디
cNVZsrjTkoo,[짤툰 오리지널] 중2병,짤툰,'그 뱀'의 불법 도용 광고는 저희도 확인해서 법적 조치를 준비 중에 있습니다! 많은 분들께서 알려주시고 신경써주셔서 정말 정말 감사합니다! 쨔랑합니다!💕 ||| 전학생을 이렇게까지 재밌게 놀아주다니 정말 좋은 녀석들이잖아 ||| ㅋㅋㅋㅋㅋㅋ징짜 무슨 애니에서 오글거리는 클리셰들 다 모아놨넼ㅋㅌㅌㅋㅋㅋㅋㅋㅋㅋ 혼란하다 혼란해 ||| 5:17 블리치 대사잖아 ㅋㅋㅋㅋㅋㅋㅋ ||| 이거 애견샵 강아지 에피소드 인간버전이자나 완전 ㅋㅋ,코미디
_lTU_vdxuBU,[짤툰 오리지널] 딸천재,짤툰,"나눈 짤툰 독자 밖에 모르눈 짤독바보❤ ||| 딸바보: 딸밖에 모름 딸천재: 딸만 모름 ||| 4:13 이장면볼려고 자꾸온다 ||| 4:20 이건 그냥 똥씹은 표정이잖아ㅋㅋㅋㅋㅋㅋㅋㅋㅋㅋㅋㅋㅋㅋㅋㅋㅋㅋㅋㅋㅋㅋㅋ 내가 이래서 짤툰이 좋앜ㅎㅋㅎㅋㅎㅎㅋㅎ ||| 4:20 딸 바라보는 표정이 정말,,,,ㅋㅋㅋㅋㅋㅋㅋㅋㅋㅋㅋㅋㅋㅋㅋㅋㅋㅋㅋㅋㅋ",코미디
haKU5rkeqag,이태원 씹어먹은 할로윈 레전드 닥터스트레인지ㅋㅋㅋㅋㅋ싱크로율ㅋㅋㅋㅋㅋㅋㅋ#Shorts,호구와트 Hoguwarts,"네 본인이구요, 2019년이구요, 목디스크 왔구요 이거에 이어지는 영상은 요겁니당 http://youtu.be/K0F6lRxCKlM ||| 닥터 스트레인지가 미래를 못봤네... 2020년엔 둘아올수 없었어.. ||| 그 와중에 바닥 진짜 더럽다... 저기 앉을 생각을 하시다니 대단함... ||| 방바닥에 앉아서 거울보고 저거 혼자 연습하는거 상상하니까 개웃기넼ㅋㅋㅋㅋㅋㅋㅋㅋ ||| 우와 이게 CG없이 가능한거였군요 👀",코미디
b6fjqcXhgzU,[웃찾사] 극과 극~ 뚱뚱이와 홀쭉이~ | EP.29 | 2013.11.08,SBS 옛날 예능 - 빽능,왼쪽 어디서 봐서 읭? 이랬는데 ㅋㅋㅋㅋㅋㅋㅋㅋㅋㅋㅋㅋㅋㅋㅋㅋㅋㅋㅋㅋㅋㅋㅋㅋㅋㅋㅋㅋㅋㅋㅋㅋㅋㅋㅋㅋㅋㅋㅋㅋㅋㅋㅋㅋㅋ댓글 이미 그의 이름이 달려있었다 ||| 0:04 에 뚱뚱이 표정 ㅋㅋ ||| 0:51ㅋㅋㅋ할멈 먹었지ㅋㅋㅋㅋ ||| 1:48 올라가니까 키가 어떻게 저렇게 딱맞지 ||| 3:05 오른쪽 여자 왜 입맛 다시냐곸ㅋㅋㅋ,코미디
4x2vFrgW4Z8,[짤툰 오리지널] 발렌타인 데이,짤툰,지금 국밥충부터 다시 추억 돌리고 있는데 ㄹㅇ 개재미있넼ㅋㅋㅋ ||| 3:38 처음으로 턱살없는 사람이 생겼다 ||| 4:20 이거보고 나도 눈물이 모르게 콱쏟아져서 일시정지하고 계속 눈물흘리면서 울다가 영상 끝까지 보고 운 걸 몹시 후회함 ||| ㅋㅋㅋㅋㅋㅋ 짤툰은 영상에서 디스하는 대사가 너무 귀에 쏙쏙 들어오면서 찰져서 끊을 수가 없닼ㅋㅋㅋㅋㅋㅋㅋㅋㅋ ||| 3:37 뭐야 이 분 잘생긴 사람도 그릴 줄 아시는구나.........,코미디
M_iVJ8Bnxqc,[짤툰 오리지널] 햄최몇 대회,짤툰,짤최몇?(짤툰 최대 몇편까지 볼 수 있어요?) ||| 엄마한테 저건 효도라 봐도 된다 식비가 얼마나 줄어드는거야 ||| ㅋㅋ 김좌진장군 등산씬 보고 뿜엇습니다 ㅋㅋ 여기 두한이 주마등 아닌가요??ㅋㅋㅋ ||| 2:20 어딜 보시는 겁니까? 그것은 제 밥상입니다. ㅋㅋㅋㅋㅋㅋㅋㅋㅋㅋㅋㅋㅋㅋㅋ ||| 혼자 읍읍얽흡끕읍 하면서 먹는 소리 더빙하는 모습 떠올리니까 더 웃기네ㅋㅋㅋ,코미디
44oWE9apjG0,[짤국지] 엠티,짤툰,이래서 엠티와 여행은 멀리하고 방구석에 쳐박혀있는 편이 낫습니다 ||| 0:04 드디어 유비 형님께서 돌아가셨구만 ㅇㅈㄹ ㅋㅋㅋㅋㅋㅋㅋㅋㅋㅋㅋㅋㅋ ||| 짤툰으로 삼국지 스토리 연재해줬으면 좋겠다 개 재미있네 ㅋㅋㅋㅋㅋ ||| 엠티는 무슨.. 방구석에 앉아 뜨끈한 국밥 한그릇이면 좋지..ㅋㅋㅋ 은근 끼고 싶은 조조 ..안습..ㅠㅠ ||| 짤툰 삼국지 잘아는듯 바다멀다는것은 촉위치보면 나오고 유비가 바람쌘곳과 나무많은곳 별로라한것보면 이릉대전참패때문에 넣은듯,코미디
g7fHusbwAkc,배꼽빠지게 웃긴영상 마누라에게 실전 따라하기,Moon.doong2,얼마전이었죠... 손가락이 4개가 되었읍니다. ||| 재밌으면 피식하고가면되고 노잼이면 그냥가면되는걸 이상한애들이 몇명있네ㅋㅋ와이프분 예쁘시고 평소에 사이좋아보이시네용 앞으로도 행복하시길ㅎ.ㅎ ||| 손가락안짤린게 신기 ||| 아내분 당황하시는게 너무 귀여우시네요~ㅎㅎ ||| 쑥스러워 하시는것 같은데?,코미디
mLUA0PQa-jI,본인도 찐으로 웃긴 장도연 is뭔들 모음! 양세찬 레전드 재롱 아뜨아차에 결국 결혼까지 성공 (ft.술게임🥟) | #깜혼_코미디빅리그 | #Diggle,tvN D ENT,뭔들시리즈나 여사친은 봐도봐도 재밌음 ㅋㅋㅋㅋ 뭔들에선 양세찬이 구박당하고 여사친에선 장도연이 얻어터지고 ㅋㅋㅋ 둘조합 잘맞음 ㅋㅋㅋ ||| 6:38 이편 장도연님 코디 미쳤다...너무 하늘하늘하고 진짜 장도연니만 커버할수있는코디인듯ㅠㅠㅠㅠㅠㅠ 귀걸이 긴것도 너무예쁘시다진짜.. ||| 4:28 팥빙수 세게 내려놓으니까 닭 깜짝 놀람ㅋㄱㅋㅋㅋㅋㄱㅋㄱ ||| 4:00 장도연 당황하능거 개귀여워ㅠㅠㅠㅠㅠㅠ날라가지말래ㅠㅠㅠㅠㅠㅠㅠ ||| 12:02 헤이헤이 미쳤냐구ㅋㅋㄱㄲ,코미디
v9Qc0Pduqao,비브라토에웃긴 영상 모음 2020! 틱톡에웃긴동영상 레전드 하이라이트 모음. 재미 있고 유머러스 한 비디오,Funny Chill,어디 모자란 애들같아 진심;;; ||| 한번 보니까 계속뜨네 미치겠다 ||| 우리나라 티비 보급당시 개그같당ㅋㅋ ||| 고생이 많네 ||| 얘네들도 계속보니 점점 중독되는거 같다ㅋ 근데 어느나라 애들이여,코미디
uIf9saYnX8M,유튜브짤 모음 동영상 힘든시기 살짝 웃고갑시다*유튜브 하시거나 필요하신분 짤보내드려요^^*,춘배tube,잘봤습니다!! ||| 잘 쓰겠습니다 ㅎㅎ 감사합니다. ㅎㅎ ||| 감사합니다😍 ||| 우오아아앙~ 적절한 짤들 찾고 있었는데 요기 다있넹!!! 짤 보내주시면 감사히 잘 쓰겠습니당!! ||| 잘쓰겠습니다. 감사합니다!,코미디
xAqFKJXZOeA,예쁘면 다냐!? 오빠 키도 작으면서요..,슬기로운피니,ㅋㅋㅋ 완전귀엽고만ㅋ ||| ㅋㅋㅋ 빵 터졌어요.~~ 요런거 자주 하세요.ㅋ 넘 재밌어요. 덕분에 한 참 웃었습니다.^^ ||| 반말쓰지마!!!에서 터졌다 ㅋㅋㅋㅋ ||| 푸웁 대박웃김 ~~~~울  애들도   한참   요거  했었는데  ㅋㅋㅋ  뭐든  원하는거  늘  함께해주시는   찬필님 여친도  짱  입니다~~~!😗🐻🐼🐦👻😝🐱🎈 ||| ㅍㅎㅎㅎㅎㅎㅎㅎㅎㅎㅎㅎㅎㅎ 아놔~ 이 밤중에 또 빵 터졌따~  왜케 웃기세요...😷ㅋㅋㅋㅋㅋ 입쁜 커플~⭐,코미디
n027lj2Es4I,비브라토에웃긴 영상 모음 2020! 틱톡에웃긴동영상 레전드 하이라이트 모음. 재미 있고 유머러스 한 비디오,Funny Chill,"네이마르가 병상에 누워있는게 더 웃기겠다 ||| 저기에 왜 골드본이랑 영올드스타 , 사스K있냐? ㅋㅋㅋ ||| 아니 그니까 여자는 돌림빵을 당하고 싶었는데 그걸 저지하니까 빡친거야? ||| 국내 제작시 여성단체와 여성 커뮤니티에서 좌표걸고 집중 포화 쳐맞을 영상 ||| 솔직히 이번건 뭔가 기대했다. 아오 끝까지 본 내가 잘못",코미디
BXDruSWf8xw,비브라토에웃긴 영상 모음 2020! 틱톡에웃긴동영상 레전드 하이라이트 모음. 재미 있고 유머러스 한 비디오,Funny Chill,,코미디
CHUQnu7fSQ4,비브라토에웃긴 영상 모음 2020! 틱톡에웃긴동영상 레전드 하이라이트 모음. 재미 있고 유머러스 한 비디오,Funny Chill,웃기다ㅋㅋㅋ ||| 웃기다아아아아 ||| 그래 정말 웃기다,코미디
Z-mR9IlMWc8,중국 코미디언 | 중국어 웃긴 영상 | 중국어 웃긴 비디오 틱톡 | 중국 코미디 비디오 최신,Funny Chill,,코미디
7MPIvV02Tb8,대니초 스탠드업 코미디 스페셜 왓차에서 볼수있어요,Danny Cho 대니초,드디어 스페셜 나오네 하..finally  a special from a Korean comic ||| 너무 재미있어요 .최근에 알게 되었는데 계속 기대됩니다. ||| Woohoo!!! ||| 스탠드 업 코미디 더 보고싶어요ㅠㅠㅠ 오디션이나 프로그램출연 생각은 없으세요?? 더 많은 사람에게 알려야만.. ||| @netflix Please add him!!!!!,코미디
LBI-chI5dCY,개그맨이광수,런닝맨 - 스브스 공식 채널,<회차 정보> 남자 조연상 508회 투잡 해도 되는데 회비는 내 424회 광수는 많이 밀려있고 457회 연기 잘하는 동생 398회 런웨이 선 적 있니 445회 배우가 아니라 개그맨 132회 개그맨 활동 잘 하라고 465회 간간이 캐스팅이 들어오나 봐요 463회 아끼는 개그맨 후배 456회 차승원 315회 ||| 근데 다시 생각해봐도 광수가 연기를 잘하니까 놀릴 수 있는거지 발연기였으면 서로 민망해서 놀리지도 못함ㅋㅋㅋㅋㅋ ||| 이광수 없었으면 유재석이랑 캐미를 못 봤을거 생각하니까 진짜 이광수는 신의 한 수다 ||| 이광수는 정말로 연예대상과 연기대상 다 받을 수 있는 사람 아닐까ㅋㅋㅋㅋㅋㅋㅋ ||| 광수 진짜 선배들한테 잘하고 귀여움 많이 받나보다 연기쪽에선 성동일이 아껴 개그계에선 유재석이 아껴 ㅠㅠ 성격 엄청 좋은듯,코미디
ByzQLbA9pnA,중국 코미디언 | 중국어 웃긴 영상 | 중국어 웃긴 비디오 틱톡 | 중국 코미디 비디오 최신,Funny Chill,😂 고전 코메디 보는거 같아서 재밌어요 ||| 재밌네 ||| 안재밌어서 웃기네,코미디
_cj12Kg9Cz8,릴 찌찌 버트 신곡 예고,김수로,찌찌 ||| 오 ||| 스토리! ||| 갤주님 ㅋㅋㅋㅋㅋㅋㅋㅋㅋ ||| 수로좌..,코미디
xj1NBNnlk4o,[Eng/CN]몰카(매운맛) - 돈으로 행복을 산다고?ㅋㅋㅋ 역대급 썁소리에 에브리바디 초토화ㅋㅋㅋㅋㅋㅋ,드립팩토리 [Dlib Factory],"The build-up to the ""Let's go to the Dollar Store to buy happiness"" with the actors breaking character is incredible 😂 ||| 단언하건대, 이 영상을 한번도 안 본 사람은 있어도 한번만 본 사람은 없습니다 ㅋㅋㅋㅋㅋㅋㅋ ||| 하루에 한번씩 보고있는사람  조용히 손들자 ㅋㅋㅋㅋ ||| 개인적으로 이게 모든 몰카 통틀어서 1위 같아요. 봐도봐도 재밌는 듯 ㅎㅎ 벌써 3년이 지났네 ||| 난 이영상 나혼자 이삼십번 본줄알고 나만 미쳤나 했드만...공감하시는 분들이 많네요...참 힘든 시기인데...이렇게 저에게 웃음을 주셔서 감사합니다...화이팅!!!",코미디
emDON3MOhYU,[몰카]Eng CN Sub) 부랄친구 목사님 스님 4탄) 둘이 PC방에?! 심지어 배그하면서 사람을 쏜다고?ㅋㅋㅋ 옆자리 학생들 게임 진행 불가능 ㅋㅋ 약 어디까지 빤거야?,낄낄상회,달려라하나님 ㅋㅋㅋㅋㅋ 파송송목탁탁 ㅋㅋㅋㅋㅋㅋㅋㅋㅋㅋㅋㅋㅋㅋㅋㅋㅋㅋㅋㅋㅋㅋㅋㅋㅋㅋㅋㅋ 출발하기 전에 기도하곸ㅋㅋㅋㅋㅋㅋㅋㅋㅋ 겁나웃기네 ㅋㅋㅋㅋㅋㅋㅋ ||| 이게 장난이지! 피해자 없이 모두가 웃을수 있는 장난이야말로 진정한 장난이다 ||| 웃기다..진짜 옆에서 대놓고 안웃을수가없네 ..ㅋ 고문인데...ㅋㅋ ||| 종교가 달라도 친구가 될수 있다는 생각을 재연하셨군요 좋아요 ||| 애드립인지 대본인지 모르지만 드립력이 미쳐서 스님.목사시리즈 너무재밌어요 ㅋㅋㅋㅋㅋ게속 이시리즈 나왔음 좋겠땅,코미디
MA2RPhC3nA0,"[몰카] ENG CN) 다음주 입대, 다음주 전역하는 둘이 부랄친구? ㅋㅋㅋ 술집 미남 미녀 아저씨들까지 다 뿜음 ㅋㅋ 서로 저주는 왜 퍼붓는데 ㅋㅋ 조합이 점점 신박해진다!",낄낄상회,인스타 팔로우 해주시는 분들 사랑해요♡ 입대 앞둔 고시생 https://www.instagram.com/kkkkkkomak 전역 앞둔 말년병장 https://www.instagram.com/wnwjq1318 ||| ㅋㅋㅋㅋㅋㅋㅋㅋㅋㅋ뒤쪽 아저씨들께서 흐뭇하게 보시는거 너무 보기좋음ㅋㅋㅋㅋㅋㅋㅋㅋㅋㅋㅋㅋㅋㅋ진짜 아저씨들 세대때 훈련강도를 떠나서 몇배는 더 힘드셨을텐데 ㅋㅋㅋㅋ 귀여워 하시는게 보인다 ||| 속사포 딜교환 하는거 미쳤네 아무리 대본이라해도 저런 아이디어가 어디서 떠오르는거지ㅋㅋㅋ개그도 개그지만 정말 감탄하고 갑니다ㅋㅋㅋㅋㅋ ||| 저 뒤에 아재들이 50% 하드캐리 했닼ㅋㅋㅋㅋㅋ 졸라 흐뭇하게 보시넼 ㅋㅋㅋㅋㅋㅋ ||| 이 편은 진짜 몇번을 봐도 레전드인거 같앜ㅋㅋㅋㅋ 작년에 입대하면서 봤는데 지금도 생각날때 마다 봄 ㅋㅋㅋ,코미디
THF0mKLRiqQ,[무조건나오는장면] 1화 '검사편',빵송국,"아 너무 좋아 이런겈ㅋㅋ ||| 조언해준다면서 썩은 이솝우화 들려주는거 겁나 많음 ㅋㅋㅋㅋ 개가 한마리 있었는데, 쥐를 잡을땐 말이야, 돼지를 키웠었는데 등등 ㅋㅋㅋ ||| '왜 이렇게 힘들게 살아 좀 편하게 살아' 이 대사도 꼭 나오는듯 ||| “ 형이 까라면 까고 덮으라면 덮어 이새끼야”  이거 국룰임 ||| 직급으로 부르다가 형이라고 하는 거 ㅋㅋㅋㅋ 공감",코미디
YJflddm9Ksg,2행시 상황극 책임지러 온 프로 개그맨들♨ 제대로 터트린 양세찬x김용명#코미디빅리그 | Comedy Big League EP.389 | tvN 201220 방송,코미디빅리그,이진호 김용명개그 개젛아함 ㅋㅋㅋㅋㅋㅋㅋㅋㅋㅋㅋㅋㅋㅋㅋㅋ ||| 아니 용명님 상황극해야 되는데 자기맘대로  노래부르는게 개웃기다고 𐌅 𐨛 𐌅 𐨛 𐌅𐨛 𐌅 𐨛 𐌅 𐨛 𐌅 ||| 0:22 그냥소리지르는 양세찬아닌가ㅋㅋㅋㅋㅋㅋㅋㅋㅋ ||| 1:00 아픈동생 토닥여주는 세윤형아.. ㅠ ||| 연마하하하아트 부레이크어 ㅋㅋㅋㅋㅋㅋㅋㅋㅋㅋㅋㅋㅋ,코미디
a_O2WFZ2w1o,[#캐릭터변천사] 김두영 레전드 교장선생님 모음ㅋㅋㅋ 앞에서 세 번째 너 나와! 쓰레기 한 주먹은 ㄹㅇ 국룰이지ㅋㅋ | #김두영 #Diggle,코미디빅리그,땅파고 있는 놈 너 나와 ㅋㅋㅋㅋㅋ 지나가는 헬기에 손흔드는 놈 너 나와 ㅋㅋㅋㅋㅋㅋㅋ 조회시간에 진짜 저랬다. ㅋㅋㅋ 불려 나오면 담쌤 얼굴은 죽상 ㅋㅋㅋㅋ ||| 최성민과 이진호가 본인들이 웃기위해 김두영 개인기 시키는 코넠ㅋㅋㅋㅋㅋㅋㅋㅋ ||| 포인트를 너무 잘 살렸어 ㅋㅋㅋㅋㅋㅋㅋㅋ 표정도 너무 웃겨 ㅋㅋㅋㅋㅋㅋ 장난 친 애들 잡아내려고 그 모습을 시전해 줄때 정말 그런 장난들을 치고있는 애들 모습이 떠올라서 너무 웃겼음 ㅋㅋㅋㅋㅋ ||| 이진호 웃고 싶어서 만든 코너라는 게 정설ㅋㅋㅋㅋㅋ ||| 진짜 코미디언의 참 표본같은 사람이야 ㅋㅋ 얼마나 관찰력과 표현력이 뛰어나야 저런 모습이 나오지 ㅋㅋ,코미디
_LHXQT5b6yY,고화질)[몰카] 한강공원에서 커플과 함께 인싸구구단 하기ㅋㅋㅋㅋㅋ커플 센스 미쳤닼ㅋㅋㅋㅋㅋㅋㅋㅋㅋㅋㅋㅋㅋㅋㅋ(Hangang Park Prank),코믹마트,아 진짜 부채춤 역대급으로 터졌넼ㅋㅋㅋㅋㄱㅋㅋㅋㅋㄱㅋㅋㅋ ||| 서울말했던 니가나를 ㅋㅋㅋㅋㅋㅋㅋㅋㅋㅋ 지렸다 진짜롴ㅋㅋㅋㅋㅋㅋㅋㅋㅋㅋㅋ ||| ㅋㅋㅋㅋ 형들 확실히 기대하는만큼 뭔가를 보여줘서 영상을 기다리는 맛이있어 !! 욕심부리지말고 계속 즐기면서 계속해줘~ ||| 어우 한참기다려서 현기증났네요.....ㅋㅋㅋㅋㅋㅋㅋ 구구단 최고 ㅋㅋㅋㅋㅋㅋㅋ 이오이오이오이옼ㅋㅋㅋㅋㅋㅋㅋㅋㅋㅋㅋㅋㅋㅋㅋㅋㅋㅋㅋㅋㅋ귀여움 터졌네요 ㅋㅋㅋㅋㅋㅋㅋㅋㅋㅋㅋㅋ ||| 서울말했던 니가 나를 떠나버렸어 ㅋㅋㅋㅋㅋㅋㅋㅋㅋㅋㅋ 진짜 육성으로 뿜었다ㅋㅋㅋㅋㅋㅋㅋㅋ,코미디
LBI-chI5dCY,개그맨이광수,런닝맨 - 스브스 공식 채널,<회차 정보> 남자 조연상 508회 투잡 해도 되는데 회비는 내 424회 광수는 많이 밀려있고 457회 연기 잘하는 동생 398회 런웨이 선 적 있니 445회 배우가 아니라 개그맨 132회 개그맨 활동 잘 하라고 465회 간간이 캐스팅이 들어오나 봐요 463회 아끼는 개그맨 후배 456회 차승원 315회 ||| 근데 다시 생각해봐도 광수가 연기를 잘하니까 놀릴 수 있는거지 발연기였으면 서로 민망해서 놀리지도 못함ㅋㅋㅋㅋㅋ ||| 이광수 없었으면 유재석이랑 캐미를 못 봤을거 생각하니까 진짜 이광수는 신의 한 수다 ||| 이광수는 정말로 연예대상과 연기대상 다 받을 수 있는 사람 아닐까ㅋㅋㅋㅋㅋㅋㅋ ||| 광수 진짜 선배들한테 잘하고 귀여움 많이 받나보다 연기쪽에선 성동일이 아껴 개그계에선 유재석이 아껴 ㅠㅠ 성격 엄청 좋은듯,코미디
XokgHOu4ecs,[몰카] Eng CN sub) 건물주와 세입자가 부랄친구??? 신박하고 약빤 관계에 이자카야 미남미녀 손님들  웃음 드링킹 못 멈춤 ㅋㅋㅋㅋㅋㅋㅋㅋㅋㅋㅋㅋㅋ,낄낄상회,"인스타 팔로우 해주시는 분들 사랑해요♡ 세입자 https://www.instagram.com/kkkkkkomak 건물주 https://www.instagram.com/wnwjq1318 ||| this is no longer a prank. this is live gag show! and those ""victims"" are so lucky for having the front seat and witness it! ||| This Landlord and Tenant skit is one of my Favorites that they did because of the Emotive reactions of the targets and the Timing of the jokes is flawless. 100% support for your channel's growth! (i just hope/wish the english subtitles are attached as soon as videos are up.) ||| 늘 다양한 주제로 항상 재밋어. 여러 유툽들 보아오지만,  두분 정말 잘하세요 웃고나면 피로가 확 풀려요. 미국에서 큰 형이 ||| I died when cheese became blueberry cheese 😂",코미디
dT_N4ld6e0A,"[콩트 맛집] ‘갑분 입..덧?’ 전소민, 과몰입이 불러온 콩트의 신기원!(ft. BABY입툭이)",런닝맨 - 스브스 공식 채널,"양세찬 순간 뇌정지 오는게 ㄹㅇ 웃김ㅋㅋㅋㅋㅋㅋㅋㅋㅋㅋㅋㅋ 콩트로 개그맨을 당황시키는 배우ㅋㅋㅋㅋㅋㅋㅋㅋㅋ ||| 결혼 상황극에서 임신드립 치는건 많이 봤는데 저렇게 날짜 세는 디테일은 처음봤다 역시 노빠꾸ㅋㅋㅋㅋㅋㅋㅋㅋㅋㅋㅋㅋㅋㅋㅋㅋㅋㅋㅋㅋㅋㅋㅋㅋㅋ ||| 소민씨 ""욱-!"" 하는것도 웃긴데 일동당황 하고 콩트를 이어갈지 말아야할지 모르는 멤버들의 반응도 너무 웃겨요ㅋㅋㅋ ||| 입덧도 대단한데 손가락은 진짜 미친 드립이다ㅋㅋㅋㅋㅋ 막장드라마 주인공하던 짬 어디 안가네 ||| 쏘민누나도 사랑스러운데 하하님 옆에서 ""우리 밤 11시대로 간거야?"" ㅋㅋㅋㅋㅋㅋㅋㅋㅋㅋㅋㅋㅋㅋㅋㅋㅋㅋㅋㅋㅋㅋㅋㅋㅋㅋㅋㅋㅋㅋㅋㅋㅋㅋ",코미디
Nr0IF9e4gmM,사이코지만 괜찮아 상황극으로 개그맨에게 들이대봄ㅋㅋㅋㅋ반응미쳤다 ㅋㅋㅋㅋㅋ(심쿵주의),땅콩찐콩,"안녕하세용~~🤩  땅콩찐콩입니닷!!🤩 이번영상 저희 땅콩찐콩이 즐겨보는 드라마 여주인공 따라하기를 해보았는데요 ㅋㅋㅋㅋ 반응들이ㅋㅋㅋㅋㅋㅋㅋㅋㅋㅋ 그럼 재밌게 봐주세요~🥰😍🤩😘😗☺ ||| 3:11 어헠ㅋㅋㅋㅋ 땅콩찐콩 항상 넘 재미써횰💗💗💗  항상 재밌는 컨텐츠 올려주셔수 감사합니다❤ ||| 앜ㅋㅋㅋ갑자기 저러면 진짜 당황 스럽겠닼ㅋㅋ 근데 차소리 뭐야 ㅋㅋ 타이밍ㅋㅋㅋ오늘도 꿀잼!땅콩찐콩!♡♡♡♡♡ ||| 최근에 봤던 땅콩찐콩 영상들 중 가장 짧은 분량의 영상인데  땅콩찐콩 두 분이신 지영님, 수빈님의 개그코드와 열정이 여느  땅콩찐콩 영상들 못지않게 뛰어납니다.   매우 임팩트있게 느껴집니다.  그리고 출연해주신 개그맨 후배님들의 리얼리액션과 대사도 정말 배꼽빠지게 재미있습니다  영상 중간에 민머리 후배님 대사 너무 재미있었어요  이런 영상은 지영님이 더 카리스마있게 느껴지네요.   지영님 단발보다 긴머리가 잘 어울리시네요.  김석환님 출연분량 정말 너무 너무 재미있었어요  너무 웃껴서 정말 ~~ ㅋㅋㅋㅋㅋㅋㅋㅋㅋㅋㅋ  수빈님 싸대기 날리시는 장면 인상적입니다.   정말 금요일 아침이 덕분에 유쾌하게 시작됩니다  땅콩찐콩 너무 너무 감사합니다  ❤❤❤❤❤❤❤❤❤ ||| 땅콩지영님ㅡ임성욱님, 찐콩수빈님ㅡ김환석님 내 안전핀해라...ㅋㅋㅋㅋㅋㅋ 이거 맞죸ㅋㅋㅋㅋㅋㅋㅋㅋㅋㅋㅋ",코미디
6YufDiYKlzw,"100% 애드리브+한숨으로만 채워진 오디오🗣어제 출근했는데요,,오늘 퇴근합니다,,, | ⏱#무한도전#오분순삭 (MBC 20160507 방송)",오분순삭,🖤무한도전 회차 정보 알리미🖤 무도레전드: 무한상사 불금 야근 ✔479회 <2016 무한상사>편 ||| 무한도전은 지금 봐도 재밌네ㅋㅋ ||| 4:20 무심결에 아버지 제사라고 하려다 차마 잘 계신 아버지 제사라고 패륜을 저지를 수 없어서 점점 무너져 가는게 진짜 웃김ㅋㅋㅋㅋㅋㅋㅋㅋㅋㅋㅋㅋㅋㅋㅋㅋㅋㅋㅋㅋㅋㅋㅋㅋㅋㅋㅋㅋㅋㅋㅋㅋ ||| 4:55 금요일이라 클럽 갈 생각만 하다가 ㅋㅋㅋㅋㅋㅋㅋㅋㅋㅋㅋㅋㅋㅋㅋㅋㅋㅋㅋㅋㅋㅋㅋㅋㅋㅋㅋㅋㅋㅋㅋㅋㅋㅋㅋ ||| 유재석 연기를 너무 잘하니까 진짜 미친사람같다 ㅋㅋㅋㅋㅋㅋㅋㅋㅋㅋㅋㅋㅋ,코미디
Dup8oaSHjaE,"[골라봐야지][ENG] 제일 위험한 4년차 부부, 아침 고민하는 재준에 ＂니 인생이나 고민해♨＂  #1호가될순없어 #JTBC봐야지",JTBC Voyage,재준아.... ||| 한명은 발까지싸매고자고 한명은 헐벗고자는거부터해서 안맞는거같은데 잘맞앜ㅋㅋㅋㅋ ||| 이분들 보면 사랑을 할 때 취향맞는게 그렇게 중요한게 아니라는걸 깨닫는다. 1부터 10까지 다 달라도 서로를 아끼는 마음만 있으면 그게 바로 사랑인 것 같음. ||| 아 존나 이은형이 써브웨이 먹는다하니까 강재준이 쿠키 시켜달라할줄 알앗음ㅋㅋㅋㅋㅋㅋㅋㅋㅋㅋㅋㅋㅋㅋㅋㅋㅋㅋㅋㅋㅋㅋㅋㅋㅋㅋ ||| 아닠ㅋㅋㅋㅋ이건 부부가 아니라 남맨뎈ㅋㅋㅋㅋㅋ 내 동생이랑 나보는줄ㅋㅋㅋㅋㅋ한입달라하면 서로 눈으로 미쳤냐고 꺼지라고 욕함ㅋㅋㅋㅋㅋ,코미디
AdzDhPeNLDk,제1회 보물섬배 평화로운 햄버거가게에서 돌아이처럼 행동해라!!특집ㅋㅋㅋㅋ,보물섬,"목 다 쉬었다...... ||| ㅋㅋㅋㅋㅋㅋ이런거 볼때마다 느끼는 거지만 김동현이 진짜 찰지게 받아주는듯ㅋㅋㅋㅋㅋㅋ메인이 아니어도 저런거 저렇게 잘 받아주는 탱커 중요함 ||| 극한직업: 햄버거가게 사장;; ||| 솔직히 이현석처럼 뻔뻔한개그가 젤 웃김 과하지않고 안 오글거리고 ||| 5:09 진짜 당황해서 입 ㅅ모양 됐을때가 제일 귀여워,,,저번 면접 영상에서도 그렇고 햄찌같은 동현님 넘 커엽,,,",코미디
mG7xV0vAQ1Q,[골라봐야지] ＂두 분이 부부 되세요?＂ 윤화와 재준이가 망원시장에 돌아다녔을 때 생기는 일.mp4 #1호가될순없어 #JTBC봐야지,JTBC Voyage,"은형이랑 민기랑 둘 다 낯가리니깐 서로 친해지기 힘들 것 같은데 윤화랑 재준이랑 완전 분위기메이커여서 다같이 친할 수 있는 것 같다 ||| 0:56 개그맨들 티키타카 진짴ㅋㅋㅋㅋㅋㅋㅋㅋㅋㅋㅋㅋㅋㅋㅋㅋㅋㅋㅋㅋㅋㅋ ||| 아 진짜 괜히 개그맨 부부가 아닌가보닼ㅋㅋㅋㅋㅋㅋㅋㅋㅋㅋ홍윤화님이랑 강재준님 나가시기전에 홍윤화님이랑 이은형님이 장난으로 문닫는??행동 너무 웃겼음ㅋㅋㅋㅋㅋ ||| 윤화부부도나왔음좋겠다 그냥 보기만해도 기분좋은부부야 ||| 이 영상을 보고 결혼은 성향이 다른 사람들이랑 해야 한다고 말하는 이유를 깨달았습니다. 윤화 재준, 은형 민기 이렇게 모여 있으니까 원래 부부대로 있는 것보다 어색하네요.",코미디
-KFRbeEZbCc,[정진욱TV] 푸른거탑 정이병 얼굴 변천사 현재모습 ㅋㅋㅋ,잘파는형제,와우 의지가 정말 대단한것같아요!! 360도 변하기 쉽지 않을텐데 ||| 이야.. 저 많은 스케줄을 하루만에 소화하기도 힘들었을텐데 대단하다 ||| 반전이 있을줄알았지만 반전이 없는게 반전ㅋㅋㅋㅋㅋ ||| 마지막에  말로 변하는줄 ||| 현재가 언제나오는지 기대되네요 벌써 5분째 보고있어요,코미디
ZPgTwnj7Xu8,[#하이라이트#] 절대로 도망갈 수 없는 상황극 지옥에 갇힌 황제성ㅋㅋㅋ #가짜개그맨 #코미디빅리그 | Comedy Big League EP.380,코미디빅리그,아니 오늘 이진호 진짜 개웃겼음ㅋㅋㅋㅋㅋㅋㅋㅋㅋㅋㅋ 다 이상한것만 말해 ㅋㅋㅋㅋㅋㅋㅋㅋㅋ ||| 진호님 신나하는게 보여서 너무 웃기네요ㅋㅋㅋㅋ ||| 본방 보는데 가짜개그맨 ㅈㄴ웃곀ㅋㅋㅋㅋㅋㅋㅋㅋㅋㅋㅋㅋㅋㅋㅋㅋㅋ ||| ㅋㅋㅋㅋㅋㅋㅋㅋ진짜 바지를 발목까짘ㅋㅋㅋㅋ배변훈련ㅋㅋㅋㅋㅋㅋㅋㅋㅋ ||| 오늘 너무 재밌었어요 ㅋㅋㅋㅋㅋㅋ 진호오빠 분량 많아져서 행복.....ㅠ,코미디
ODwuCP3x2S8,여자라고 무띠해? 복싱선수출신 동생한테 뺨맞기2탄 가즈아ㅎㅎㅎ,먹방 보스 울산마동석  mukbang boss,김숙 인줄 알았어요 ㅋㅋㅋ ||| 동생분 쌈 잘하게 생겼네 ||| 여자 손은 맵지~맵다 매워 ||| 햄 울산 다방 물이 영~~잘보고 갑니다. ||| 찐짜 찰지네 ㅋ,코미디
QF7p1skk4ko,[휴먼다큐 사람이 좋다] 막내딸 이수지의 성대모사가 너무 웃긴 엄마 동백아 술 팔지 말라고 그랬지?,MBClife,저런딸있음 엄마는 정말 행복하겠어요ㅎㅎ ||| 이분이... 아들 딸에게.... 보이스피싱으로 200만원 뜯으신 레전드 어머니신가요? ㅋㅋㅋㅋㅋㅋㅋㅋㅋㅋㅋㅋ ||| 어머님 말투 수지씨 흉내 낼 때 목소리랑말투가  똑같음 ㅋ ㅋㅋ ||| ㅋㅋㅋㅋㅋㅋㅋ 썸네일  보고  수지씨가  또 뭘했나~~ 보자~~  하고 왔는데  진짜  휴먼  다큐  였네 ㅋㅋㅋㅋㅋㅋ ||| 타고난 끼는 숨길 수가 없음. 어머니 웃음 소리 넘 호쾌하심,코미디
QHQzOk43QCc,상황극 놀이에 빠진 개그맨들 한옥마을에서 웃찾사 코미디빅리그에서 미쳐 퍼붙지못한 애드립 대처분~ 전주 졸탄쇼 공연기간에 박물관 구경놀이~대잔치,즐찾사:이재형,바로바로 상황극 하는거 재밌네요 ㅋㅋㅋㅋㅋㅋㅋ ||| 김영씨 영상타고 왔습니다! 예전에 웃찾사 너무 좋았는데 너무 아쉬워요!  ㅜㅜ 구독하고 가요 영상들 잘보겠습니다 ^^ ||| 소주한병만 주소 ㅋㅋㅋㅋㅋㅋㅋㅋ ||| 나도 기억나는 담배가 있어..대박..^^ ||| 진짜 필터없이 뱉는 드립 ㅋㅋㅋㅋㅋㅋㅋㅋㅋㅋㅋㅋ,코미디
PGJHclGTmcA,[몰래카메라] 설레는 향 향수 뿌리고 남사친🧑🏻한테 소개팅 나간다했을 때 반응ㅎㅋㅎㅋㅎㅋ🤣,코미디뿜,,코미디
exzGNm8CrKE,개드립 극장 여러분의 개드립으로 만드는 약빤 라이브 상황극 (Feat.이벤트 발표),테리와애덤TerryAndAdam,유투브 잘보고 있어요.~~!!! ^^ ||| 오오오오오오오오 ||| 안녕하세요 ||| 안.녕.하.세.요 ||| 어.......,코미디
_wqyAzMCxVc,Q. 유느님 직업 만족도 최상의 순간은? A. 정준하 놀리는 유재석 모음 2탄 | 무한도전⏱오분순삭,오분순삭,"🖤무한도전 회차 정보 알리미🖤 무도레전드: 정준하 놀리는 유재석 2탄 ✔228회 <녹색특집-나비효과>편 ✔232회 <타인의 삶-박명수1>편 ✔319회 <나와 나의 대결>편 ✔458회 <불만제로&무한뉴스>편 ✔335회 <우리! 어디 가? 두 번째 이야기>편 ✔479회 <2016 무한상사>편 👇주나형 놀리기 1편 보러가기👇 https://youtu.be/7Ngl6PlZIz0 ||| 유재석 야 하지마 모음도 있었으면 좋겠다 말리는 것 같지만 자세히 보면 제대로  말리지도 않고 본인이 젤 좋아함ㅋㅋㅋㅋㅋ ||| 유재석 치아 엑스레이 씬은 진짜 레전드 ㅋㅋㅋㅋㅋㅋㅋㅋㅋㅋㅋㅋ 셀프 디스 ||| 정준하 딜 맞을때 유재석은 언제나 말리는듯하면서 제일 좋아함 ㅋㅋㅋㅋㅋ ||| 개인적으로 유파발이 젤웃김ㅋㅋㅋㅋㅋㅋㅋㅋㅋㅋ 건강검진 받다가 ""정준하 신체나이 45세!!!!!!"" 호다닥호닥 뛰어가서 여기저기 알리는게 넘 귀여우심ㅋㅋㅋㅋㅋㅋㅋㅋㅋㅋㅋㅋㅋㅋ",코미디
OXL5VaFRois,"얀데레좋아하는 잼민이의 영상, '가챠라이프' 비판드립리뷰",마이페이,"이 앱을 쓰는 유저 입니다. 뮤직비디오, 애니메이션, 밈, 등등을 최대한 재미있게 만들라고 노력하는 사람들이 많습니다... 하지만 제발 여러분 ㅠㅅㅠ 너무 심하게 가지는 말아요 ㅠㅠ 🥺 안그래도 가챠 욕 많이 먹는 데 T^T ||| 0:48 남자화장실인게 제일웃기네ㅋㅋㅋㅋㅋㅋㅋㅋㅋㅋ ||| 2:56 이렇게 안정적으로 높은 음이 나오는데 ㅠㅠㅠㅠ ||| 0:53 형예 촉법소년이야... ||| 초반에 나오는 저거 얀데레가 남자주변 여자 죽이고 세뇌시키고 범죄 남한테 뒤집어 씌우고 하는거 그거 인디게임 얀데레 시뮬레이션 그대로 베낀 것 같네요. 그거 내용 그대로에요 ㅋㅋㅋ",코미디
iE6gQ2CQpgg,[미운 우리 새끼]  ※배꼽주의※ 미혼 vs 돌싱 드립으로 만드는 가상 이혼 시나리오' / 'My Little Old Boy' Special | SBS NOW,SBS ,습스나우의 웃음 버튼🤣  4:44 화장실 좀..ㅋㅋㅋㅋ 5:28 찐버럭ㅋㅋㅋㅋㅋㅋ 7:28 깜빡이 없는 공격 9:20 짠희 살려..!!.. 13:00 어머니 생각하는 효자의 드립 14:10 현명한 재판 선택 15:46 레전드 드립 시작 ||| 탁님 입담을 누가 따라가ㅋㅎㅎㅎㅎㅎ ||| 김종국 부인 행방불명 ㅋㅋㅋㅋ진짜 개웃김 진짜 웃긴 이유는 정말 연상이 돼서임 ㅋㅋㅋㅋㅋㅋㅋㅋ ||| 탁재훈 진짜 자칫하면 서로 감정 상하고 기분 나빠져서 대판 싸울 수 있는 주제인데도 적절하게 밸런스 잡고 드립으로 완급조절 엄청 잘하는 거 같음. 얄밉긴 해도 밉진 않은 타입 ||| 지금 와서 보면 박수홍 카드 거래 불가 뜬 것도 괜히 형이랑 연관 짓게 되네.,코미디
nUCRvKy-YXk,"""너 나 없을 때 우리 집 온적 있어..? 진짜야?"" 추궁하는 은형♨#코미디빅리그 | Comedy Big League EP.382 | tvN 201101 방송",코미디빅리그,이거 그냥 개그 안하고 자기들끼리 노는듯 ㅋㅋㅋㅋㅋㅋ 이런거 너무 좋앜ㅋㅋㅋ ||| 진짴ㅋㅋㅋㅋ 이젠 은지님 나오는거 기다리게된닼ㅋㅋㅋ 능청맞게 되게 잘해ㅋㅋㅋㅋ 다른 코너에서도 많이 봤음 좋겠어요ㅋㅋ ||| 은지 고기는 뭘로 씹나 ㅋㅋㅋㅋㅋㅋㅋㅋ 그 뒤에 주먹 날리는거 완전 웃김 ㅋㅋㅋㅋㅋㅋㅋㅋㅋㅋ ||| 은지언니 너무 잘 살린닼ㅋㅋㅋㅋㅋㅋㅋㅋㅋㅋㅋㅋㅋㅋㅋㅋㅋㅋㅋㅋㅋㅋㅋㅋ항상 이번엔 어떤 멘트일지 궁금함ㅋㅋㅋㅋㅋㅋㅋㅋㅋ저 사발면이!! 하는것도 개웃겨 ㅋㅋㅋㅋ ||| 3:02 개웃기넼ㅋㅋㅋㅋㅋㅋㅋㅋ 김민기는 윤화 떨어질까봐 안절부절 그와중에 은형언니 팔벌리고 있는거 졸귀탱ㅋㅋㅋㅋㅋㅋㅋㅋ,코미디
a7B3-NIViLY,동네놈들 정재형이 알려주는 웃음 주는 비법(감동주의),아조아 - 셀럽이 만들어주는 나만의 비디오,어떻게 사람이 저렇게 선해보이지.... 멋있다 ||| 사람진짜 좋아보인다 ㅎ 잘생기기도하고 ||| 얼굴만봐도 웃기는건 왜그런거에요~~~~ ||| 얼굴만봐도웃기네ㅋㅋㅋ ||| 대박나세요,코미디
xiBZwBPjg1w,[2020]배꼽 빠지게 웃긴 영상 모음 #10 | Funny Video Moments Compilation #10,해피마블-솔킷HMS,0:17  첫 영상 음원 저작권 문제로 삭제되어 불편을 드려 죄송합니다.^^ 좀 더 신중하도록 하겠습니다. ||| 3:40 아 몸개그 열라웃었네 ㅋㅋ ||| 처음에 아찔하고 봣엌ㅋㅋㅋㅋㅋㅋ ||| 1:46 이거 봐바 이겈ㅋㅋ엌ㅋㅋㅋㅋㅋㅋ....ㅋㅋㅋㅋㅋㅋㅋ ||| 1:25 킬포인트 ㅋ ㅋ ㅋ ㅋ ㅋ,코미디
oj09n-JXSn4,[2020]배꼽 빠지게 웃긴 영상 모음 #16 | Funny Video Moments Compilation #16,해피마블-솔킷HMS,ㅋㅋㄱㅋㅋㅋㅋㅋㅋㅋ ㅋㅋㅋㅋㅋㅋㅋㅋㅋㅋㅋㅋㅋㅋㅋㅋㅋㅋㅋㅋㅋㅋ😂😂😂😂😂😂😂😂😂😂😂😂😂😂😂😂😂😂😂😫😫    너무  웃겨서  숨을 못 쉬겠습니다 ㅋㅋㅋㅋ ||| 오빠 미쳤어 ㅋㅋㅋㅋㅋㅋㅋㅋㅋㅋㅋㅋㅋㅋㅋㅋㅋㅋㅋㅋㅋㅋ ||| 이지스 👍👍👍😄😄😄 ||| 잘봤습니다!! ||| 잘보고 갑니다,코미디
34cYqahQjFs,[2020]배꼽 빠지게 웃긴 영상 모음#29 | Funny Video Moments Compilation#29,해피마블-솔킷HMS,1:51 머리 만 빠진거 너무 웃겨요 ㅋㅋ ||| 4:46 엄마 ||| 1:58 ㅋㅋㅋㅋ잊지말자 귀여운 엉덩이츰 4:46 킬포 ||| 엄마!!!!!!  ㅋㅋ ||| 4:47 엄마~ 영상출처가 어디인가요~?,코미디
0heQsx1GHeA,[2020]배꼽 빠지게 웃긴 영상 모음 #13 | Funny Video Moments Compilation #13,해피마블-솔킷HMS,9:15 손 세정제 진짜 ㅋㅋㅋㅋㅋㅋㅋㅋㅋㅋㅋㅋㅋㅋㅋㅋㅋㅋㅋㅋㅋㅋㅋㅋ ||| 4:40 갑자기 얼음들어와서 호흡 가빠지면서 복식호흡 제대로 나오니까 하모니카 연주되는거 개웃기네😂 ||| 2:55 고양이 나올때노래 뭔가요? ||| 0:14 ㅋㅋㅋㅋ 넘 귀엽고 웃낀다. ||| 9:16 진짜 겁나 웃기네ㅋㅋㅋㅋㅋ수틀리니까 바로 뿌사뿌노ㅋㅋㅋㅋㅋ,코미디
OysmxMGosNA,손영주유머 ‘웃긴영상모음’ 더 강력한 유머로 돌아왔다 [뺑덕이 or 손영주 노래교실] 오늘의 유머 : 오후두시,노래강사 손영주TV (노래교실),ㅋㅋ 한참웃다 갑니다 ㅋㅋ 쨈나요 ㅋㅋㅋㅋㅋ ||| 웃으면서~다녀갑니다🤗🤗🤗 👍🎶🎶🎶👆 ||| 후라이도 계란 맞조.ㅎㅎㅎ ||| 웃고갑니다 ~😁😁😁 ||| 다녀 갑니다.,코미디
aXtUPUgILeA,거꾸로 읽으면 웃긴 이야기 32 영상툰,문방구TV,"0:32 아 사람 아닌줄 알았네요 ||| 로꾸꺼 추천  저는 스폰지밥 이예요. 저을 절친은 뚱이 입니다. 저을 애완동물은 핑핑이 입니다. 저는 바다속에 삼니다. 다람이는 태권도을 잘해요. 징징이는 시끄러운 소리를 싫어해요. 집게리아 사장님은 오만원을 좋아해요. 핑핑이가 좋아하는  달팽이는 예쁜 달팽이 입니다. 징징이가 좋아하는 건  휴가 입니다. 뚱이가 좋아하는 건  저랑 노는거 입니다. 나는 스폰지밥 ||| 유형 신청요오오 앨리베이터 탈때 유형 1.가만히 있는유형 2.핸드폰 하는 유형 3.자는 유형 4.휘파람 부는 유형 5.버튼 마구 누르는 유형 6.춤추는 유형 7.거울 보는유형 8.음식 먹는 유형 9.노래 부르는 유형 10.쭈그려 앉는 유형 (있는 유형이면 어쩔수 없네용ㅎ) ||| 2025년에도 보는 사람? ||| 저도 로꾸꺼 할게여!  이렇게 됬습니다.. 지금 살 운명이 남지 않았습니다.. 수술을 해도 칼, 거울 등 수술도구는 쓸모가 없습니다.. 당신의 목숨은.. 없어질겁니다.. 당신의 동심과 희망 품으며 열심히 사세요.. 죄송합니다를 말해줄수밖에 없습니다.. 욕을 쓰지마세요 희망을 품으세요 멍하니 보는걸 느끼지 마세요.. 힘드지마세요를 품는걸로 열심히 사세요!",코미디
5vDJclhzNnI,한글날 [병맛더빙/웃긴영상],뚜식이,한글날을 맞이해서 오늘의 제목은 한글날입니다:) 오늘도 뚜식이와 함께 해주셔서 감사하고요! 구독과 좋아요는 저에게 큰 힘이 됩니다:) ||| 3:43 이 가족 감동이네 ||| 영어를 잘하시지만 예쁜 손주 안 때리려고 노력하시는 할아버지 ㅠㅠ ||| 할아버지 마음이 너무 ㅜㅜ이쁘시고 감사한듯  한글날 최고최고  뚜식이도 최고! ||| 할아버지 ㄹㅇ 부처네 손녀 안때리고,코미디
jbve2mLAjkQ,토마토가 살아있다? living tamato?!? 웃긴영상 말하는 과일 꽁트 모음 두들스 애니메이션 Doodles Animation | 3D Cute Food,LimeTube_Brasil,예전에 이런 영상을 많이 봤는데 기억이 잘 안나서 열심히 검색해서 오랜만에 기분이 좋았어요ㅎㅎ 그리고이렇게 재미있게 만들어 가지고 다음에 또 볼것 같아요 ㅎ ||| 조카 보여주려고 '5살이 재미있어 할 만한거' 검색하고 첨 보이는거 들어왔는데ㅋㅋㅋㅋㅋ 시작하자마자 토마토가 썰려서 놀랐어요ㅋㅋㅋㅋ ||| 정말재밋네요😂 ||| 아동 관련 만화가 정말 재미있고 재치잇는 것 같아요~^^ 보는 내내 즐거웠어요! 예전에 어린 제 자신이 생각났습니다!,코미디
Y4RtgClqo5o,[2020]배꼽 빠지게 웃긴 영상 모음 #15 | Funny Video Moments Compilation #15,해피마블-솔킷HMS,4:49 와 자동으로 고게 돌리게 됨 와씨 ||| 0:30 아~아~아아~~   아아아아아아악!!!!!!ㅋㅋㅋㅋㅋㅋㅋㅋㅋzzzzzz ||| 야구공 날아올때 개깜놀했답 ㅋㅋㅋㅋㅋ ||| 1:12 코로나에서 빵터짐 ㅋㅋ ||| 1:30  고양이 ㅋㅋㄱㄲㄱㄱㅋㅋ♥♥♥♥♥졸귀,코미디
g7fHusbwAkc,배꼽빠지게 웃긴영상 마누라에게 실전 따라하기,Moon.doong2,얼마전이었죠... 손가락이 4개가 되었읍니다. ||| 재밌으면 피식하고가면되고 노잼이면 그냥가면되는걸 이상한애들이 몇명있네ㅋㅋ와이프분 예쁘시고 평소에 사이좋아보이시네용 앞으로도 행복하시길ㅎ.ㅎ ||| 손가락안짤린게 신기 ||| 아내분 당황하시는게 너무 귀여우시네요~ㅎㅎ ||| 쑥스러워 하시는것 같은데?,코미디
CZh1c0cykSQ,뚜식이 몰아보기 best5 [병맛더빙/웃긴영상],뚜식이,"정말 모아보기 만드셨네요 !!☺ 뚜식이(님) 영상은 봐도봐도 재밌는거 같아요 !! 일찍은 못오지만 늦게 보더라도 너무 좋아요 !! 💕 그림체가 특이해서 더 재밌는거 같아요 😻 코로나 조심하시고 50만100만 까지 함께 할께요 !! 힘내세요 !!💕💕 ||| 뚜식이 중독돼서 핸드폰을보면 뚜식이만 봐요..!  정말 재미있어요!👍👍👍👍👍 ||| 0:25 아 뚜순이 ""뭐어얽!!!!"" 하는 거 왜케 웃기지 ㅋㅋㅋㅋㅋㅋㅋㅋㅋㅋㅋ ||| 이번년도 말에 뚜식이 어워즈 ? 그런거 나오면 좋을것 같아욤👍💖 ||| 뚜식님 코로나 조심하시고 영상 항상 다재밌네요 뚜식님 몸 조심 하시고 영상 많이 올려주세요",코미디
8RitEqsscp8,고깃집 [병맛더빙/웃긴영상],뚜식이,곧 구독자가 2만명인데 구독 눌러주셔서 진심으로 감사합니다. 앞으로도 최선을 다하겠습니다:) 아직 구독을 안 하셨다면 구독 버튼을 눌러 뚜식이 초기 구독자가 되어주세요:) ||| 3:33 은근 중독성 ||| 2:53오른쪽 아래에 원룸 소년단.... ||| 난 또 마당벌 친구가 인싸 여서 친구 다 데려온줄 알았는데 아니라니... ||| 와 ㅋㅋㅋㅋ 진짜 이번화 대박인데욬ㅋㅋㅋ 스토리도 이어지고 마지막에 진짜 정성스럽게 하신 것 같아요 화사사 ㅋㅋㅋㅋㅋㅋ 싱크로율 100%,코미디
X1QhJkk8_K8,동생 새끼 [병맛더빙/웃긴영상],뚜식이,일요일에 구독자가 9만 명이 되었습니다:) 실버 버튼까지 이제 얼마 안 남았네요! 구독 눌러주셔서 진심으로 감사합니다. 우리 로뚜님들 정말 많이 아낍니다:) 길 지나가다가 뚜식이 영상 보고 계시면 아는 척하며 맛있는 거 사드리는 게 제 소원이에요:) 그런 날이 오도록 최선을 다해 작업하겠습니다. 우리 로뚜님들 사랑합니다 ♥ ||| 3:28 뚜식이웃는모습 겁나 웃곀ㅋㅋ ||| 우산 펼쳤을때 개웃겼다 진짜 ㅋㅋㅋㅋㅋ ||| 뚜식이 웃는거만 20번 이상을 돌려봤다 ㅋㅋㅋㅋㅋㅋㅋㅋㅋㅋㅋㅋㅋㅋㅋㅋㅋㅋㅋㅋㅋㅋㅋㅋㅋㅋㅋㅋㅋㅋㅋㅌㅋㅌㅋㅋㅋ댓글쓰는와중에도 웃곀ㅋㅋㅋㅋㅋㅋㅋㅋㅋㅋㅋ ||| 아진짴ㅋㅋㅋㅋㅋ뚜식이웃는거밬ㅋㅋㅋㅋㅋㅋㅋㅋㅋㅋㅋㅋㅋㅋㅋㅋㅋㅋㅋㅋㅋㅋㅋㅋㅋㅋㅋㅋㅋㅋㅋㅋㅋㅋㅋㅋㅋㅋ,코미디
KmyLeq7_2qg,자유 시간 [병맛더빙/웃긴영상],뚜식이,구독자 곧 만명을 곧 앞두고 있습니다. 제 영상을 봐주셔서 감사해요ㅠㅠ ||| ㅋㅋㅋㅋㅋㅋㅋㅋ 뚜식이 친구 많음 뚜순이 친구 많음 아빠    친구 많음 엄마   친구 많음 ||| 이 세계관 이쁜기준은 뭘까 ||| 이렇게 재밌는 영상에다가 훈훈하고 좋은 스토리까지 🤭😆 너무너무 재밌네요 코로나19 모두 파이팅! 앗 뚜식이 님 만명 곧 되시는데 축하드려요 🥳❤ 친구들한테 채널 홍보 할게요 -🥰💖 ||| 0:48  ㅋㅋ 빵터짐,코미디
v9Qc0Pduqao,비브라토에웃긴 영상 모음 2020! 틱톡에웃긴동영상 레전드 하이라이트 모음. 재미 있고 유머러스 한 비디오,Funny Chill,어디 모자란 애들같아 진심;;; ||| 한번 보니까 계속뜨네 미치겠다 ||| 우리나라 티비 보급당시 개그같당ㅋㅋ ||| 고생이 많네 ||| 얘네들도 계속보니 점점 중독되는거 같다ㅋ 근데 어느나라 애들이여,코미디
ES6hLVziZEM,비브라토에웃긴 영상 모음 2020! 틱톡에웃긴동영상 레전드 하이라이트 모음. 재미 있고 유머러스 한 비디오,Funny Chill,좋아요 666이라 안누름😏 ||| 베트남 인가? ||| Ni mi ssi pal nyun deul Chak hae jyu ra ||| Sibal jiral handa ||| 중국은 내가 숨셔도 웃는다,코미디
PiipCQAWDnU,반복 [병맛더빙/웃긴영상],뚜식이,곧 구독자 3만명을 앞두고 있습니다. 응원해 주셔서 진심으로 감사드리고요. 아직 구독을 안 하셨다면 구독 버튼을 눌러 뚜식이의 초기 구독자가 되어주세요:) ||| 1:27 박제다 뚜식아~^^ ||| 결국 만화였다. ||| 뚜식이  마카롱 입술ㅋㅋㄱㅋㅋㅋㅋㅋㅋㄱㅋㄱㅋㅋㅋㅋㅋㅋㄱㅋㅋㅋ ㅋㄱㄱㅋㅋㄱ ||| 2:48 뚜식작가님 등장? 🙉🙊,코미디
l-caRt6oDQQ,남매 전쟁 [병맛더빙/웃긴영상],뚜식이,이 영상은 6.25를 맞이해서 순국선열을 생각해보자는 마음으로 만든 영상입니다. ||| 진짜 이채널 흥했으면 좋겠다 ㅠㅠ 너무 재밌다 ㅠㅠ 제발 영상하나라도 빵터지길❤️❤️❤️ 진짜 맨날 알람뜨자마지 보고잇어여 ㅠㅠ!!! 존경해요 팬이예용 ||| 0:18 연속 듣기 하고 싶어서 만듬 ||| 0:29 원룸소년단 ㅋㅋㅋ ||| 아니 진짜 반으로 갈라 버린다고 ....?ㅋㄹㄹㅋㄹㅋㄹㄹㅋㄹㅋㄹㅋㄹㄹㄹㅋㄹㄹㄹㅋㄹㄹㅋㄹㅋㄹㄹㅋㄹㄹㄹㄹㅋㄹㄹㄹㄹㅋㄹㅋㄹㄹㄹㅋㄹㄹㄹㄹㄹㅋㅎㅋㅎㅋㅎㅋㄹㄹㅋㄹㅋㄹㅋㄹㅋㄹㅋㄹㄹㅋㄹㄹㄹㄹㅋㄹㅋㅎㅋㅋㅎㅋㅎㅎㅋ,코미디
8jfzhDEY8Yc,악플 [병맛더빙/웃긴영상],뚜식이,봉대 코인 떡상 가즈아~ ||| 1:43 와 나 잡채 먹고있었는데;; ㅋㅋㅋㅋㄱㅋ ||| 0:07 와 ㅋㅋㅋㅋ 그와중에 뚜식이머리 뚜식이 얼굴그려저있아 ㅋㅋㅋ ||| 진짜 볼때마다 스토리 너무 탄탄해서 놀래벌임....이 퀄 변치말고 떡상가즈아💜 ||| 얼굴은 코미디에 스토리는 디테일ㅋㅋㅋㅋ 너무 재밌네요 ㅋㅋ,코미디
--XtubI5HFU,스토커 [병맛더빙/웃긴영상],뚜식이,아직도 뚜식이 구독 안 하셨나요? :) 구독 버튼을 눌러 뚜식이 초기 두독자가 되어주세용:) 구독 하시는분들 모두 행운이 넘치길 ♥ ||| 그냥 거의 매드클라운 앞에서 마미손 보고싶다고 하는거네 ||| 저렇게 팬심이 넘치는데 마스크 썼다고 못 알아보다니... ||| 뚜순이가 지복을 지발로 차버리네 ||| 이정도면 팬이 아니라 안티팬 아님?,코미디
wGM8E0L9hJg,헌팅 [병맛더빙/웃긴영상],뚜식이,재미있게 보셨다면 좋아요와 구독 부탁드립니다:) ||| 1:06 조이서?ㅋㅋㅋ ㅋㅋ ||| 맨트를 까먹었어..ㅋㅋㅋㅋㅋㅋㅋㅋ ||| 2025년에 본 사람 ||| 0:36 표정 뭐임ㅋㅋ,코미디
IFDSnV0w4zo,반전 [병맛더빙/웃긴영상],뚜식이,여러분들은 뚜식이 캐릭터 중 누구를 가장 좋아하나요? :) ||| 뚜식이 캐릭터 계속보니까 익숙해져서 중독되넼ㅋㅋ ||| 할아버지 우는 거 귀여웤ㅋㅋㅋㅋㅋㅋ ||| 할아버지 우는거 보고 터졌다 ||| 할아버지 우는거 너무 웃겨ㅋㅋㅋㅋㅋㅋㅋㅋㅋㅋㅋㅋㅋㅋㅋㅋㅋㅋ,코미디
z1_y-yBOhB8,진짜 사나이 [병맛더빙/웃긴영상],뚜식이,"넘재미있어서 구독완료💓 ||| 또 반전이넼ㅋㅋㅋㅋㅋㅋㅋㅋㅋㅋㅋ 뚜식이~~ 착해 착해~~~~~~~~ ||| 맨날 사랑함ㅋㅋㅋㅋㅋ ||| ㅋㅋㅋㅋㅋ""사랑하는 내 동생 뚜식아"" ㅋㅋㅋㅋㅋ ||| 0:22 왜그러고살어~~~~~~~ㅋㅋㅋㅋㅋㅋㅋㅋㅋㅋㅋㅋㅋㅋ 찐남매말투",코미디
Naw8227thic,옷가게 [병맛더빙/웃긴영상],뚜식이,"재미있게 보셨다면 구독 버튼을 눌러 뚜식이의 초기 구독자가 되어주세요:) ||| 둘다 서로 언니라고 불렄ㅋㅋㅋㅋㅋㅋㅋㅋㅋㅋㅋㅋㅋㅋㅋㅋㅋㅋㅋㅋㅋㅋ ||| 1:51 진짜 가만않둘듯 ... ||| 2:08 거리에서 많이 본것:해바라기,애벌래 ||| 뭔가 나한테 칭찬 해주면서도 그랬으면 좋겠긴 한데 내가 고를때 뭔가 보면 부담 쑥스 해서 좀 그래요 ㅋㅋㅋㅋㅋㅋ 아 처음부터 빵 터지고 너무너무 웃곀 ㅋㅋㅋㅋ ❤️❤️",코미디
ZPD568AkkqU,전교 회장 [병맛더빙/웃긴영상],뚜식이,여뚜 구독자 100만 공약 1. 얼공 ||| 3:51 20개 ㅋㅋㅋㅋ 5:50 학교를 없애겠습니다~ ㅋㅋㅋㅋ ||| ㅋㅋㅋㅋㅋㅋㅋ아니 뚜식이 공략 뭐냐곸ㅋㅋㅋㅋ더웃긴건 학생들이 말도안돼는 공략을 집중하면서 듣고 심지어 감동까지 하네ㅋㅋㅋㅋㅋㅋㅋㅋㅋㅋㅋ몰폰중 인데 웃음소리 땜에들킬 정도로 웃기네옄ㅋㅋㅋ ||| 공약 안지키는게 국룰이랰ㅋㅋ ||| 제가 전교 회장이 된다면 수업시간에 뚜식이 영상을 볼수있게 하겠습니다,코미디
XGIFlbhxvzY,할로윈 [병맛더빙/웃긴영상],뚜식이,이제 구독자가 8만명을 앞두고 있습니다. 구독 눌러주셔서 진심으로 감사해요:) 초심 잃지 않고 늘 유쾌한 영상 올리겠습니다. 여러분들 댓글 보고 힘내서 작업하고 있습니다. 댓글 정말 정말 고맙습니다! ||| 5:22봉구 목소리 진짜 힐링…❤️ ||| 뚜식이 보다는 할아버지가 너무 매력 갑ㅋㅋㅋㅋㅋㅋㅋ ||| 이번 할로윈은 이런 참사가 일어날지 알았을까... ||| 길패가 설마... 길거리 민폐가?,코미디
kubeABGlF2Y,비브라토에웃긴 영상 모음 2020! 보이지 않으면 미안하다고 느낄 것입니다 . 카메라로 기록 된 멋진 순간들. New Funny Videos 2020,Funny Chill,"던진 핸드폰으로 수평 맞췄으면 진즉 끝났을 듯 ||| 진짜 처음부터 끝까지 무표정 으로 봄  이러기도 쉽지 않은데 ㅎ ||| 처음: 이게 뭐지 끝: 진짜 뭘까 ||| ""Ji ral ha ne si bal"" ||| 음.",코미디
wvDWORJa60E,여름 휴가 [병맛더빙/웃긴영상],뚜식이,곧 구독자 4만명 달성 할 거 같습니다:) 구독 눌러주셔서 진심으로 감사드립니다. 앞으로도 더욱더 신경 써서 영상 올릴게요. 연휴 잘 보내세요:) ||| 근데 진짜 생각해보니까 원룸소년단이 잘생긴거면 뚜식이는 얼마나 잘생긴거지 ㅋㅋㅋㅋㅋㅋㅋㅋㅋㅋㅋㅋㅋㅋ ||| 할아버지는 자기 버리고 간지도 모른다는게 더 웃기넼ㅋㅋ ||| 아니 할아버지를 놓고오면 어떡햌ㅋㅋㅋㅋ 나홀로 집에-할아버지편 ||| 할아버지 놓고온게 너무웃김ㅋㅋㅋㅋㅋㅋㅋ,코미디
qv9xi4lYjgs,인기투표 [병맛더빙/웃긴영상],뚜식이,구독자 3만명 달성하였습니다:) 구독해 주셔서 진심으로 감사합니다! 댓글 하나하나 다 보고 하트 다 누르고 있습니다. 응원해 주시는 댓글을 보고 정말 큰 감동을 받네요. 다시 한번 감사드리고요! 더 높은 곳으로 가기 위해서 늘 최선을 다하겠습니다:) ||| 인기투표에 몰래 자기 뽑는거 국룰이지 ||| 헤어진 연인 생각에 최근 잠 못자고있는데  ' 언젠가는 이별이 오겠지. 그 이별이 두려워 행복한 시간을 놓치지는 말자 ' 문구보고 좀 감동했네 ||| 뚜순이는 뭐만하면 소원이래ㅋㅋㅋㅋㅋ  좋아요 95개 감사합니다^^ ||| 아 할아버지 너무 귀여우셔ㅜㅜㅋㅋㅋㅋㅋㅋ,코미디
WCyqX83jTqc,"모든 장면이 진짜다! 그것만이 내 세상, 웃긴장면 모음집 | 뭅뭅픽",뭅뭅,화사덕분에 빠져버린... 박정민한테 빠져나오는 방법좀 알려주세요......... 하루죙일 박정민 영상홀릭.. ||| 청룡보다가 여기까지왔음 😂😂🎉 ||| 이병헌 연기 대박이다. 진짜 그냥 동네 잘 안풀린 형같음. 수정이 캐릭터도 너무 귀엽고 ||| 3:56 자기가 못 해서 그런게 아니라 진태가 잘해서 그런거라고 하는거도 귀엽고 칭찬받았다고 하이파이브 하자고 하는거도 귀엽고 져서 짜증날만한데 받아주는것도 귀엽다 ||| 살인자였다가 왕이었다가 킬러였다가 북한군인이었다가 조폭이었다가 동네형이었다가 대사관이었다가 중앙정보부장이었다가 이병헌은 그때그때 다른사람이되는 미친연기력 근데 박정민도 만만치않음...,코미디
niBCjdiAsp0,아이돌과 인연 [병맛더빙/웃긴영상],뚜식이,며칠 전 뚜식이 애칭 관련해서 커뮤니티 게시판에 글을 올렸는데요:) 6천개가 넘는 댓글을 남겨주셨더라고요. 1개도 빠짐없이 다 확인했어요!! (하트도 다 눌렀습니다)  추천해 주신 애칭 다 너무 좋은데 그 중 몇개 추려서 지금 고민 중입니다. 금요일까지 확정하여 커뮤니티 게시판에 올릴게요!! 댓글 남겨주셔서 정말 감사합니다. 더욱더 열심히 할게요:) ||| 2:16초 연타해봐요ㅋㅋㅋㅋㅋ ||| 0:36 부탁할때만 사랑하는 내 동생 뚜식아 하는줄 알았더니 어렸을땐 되게 사랑스럽고 귀여웠네ㅠㅠ 지금도 몰론 멋진 누나지만 0_< ||| 2:37 아무것도 모르는 할아버지 ㅋㅋ ||| 3:45 방망이 안 주면 옷 더럽게 한다?! 너 진짜 나쁜 아이구나 오빠는 키도 작으면서 반말 쓰지마! 오빠는 키도 작으면서요.. 너 장난하니? 이쁘면 다냐? 나 이뻐서 다다!,코미디
Qw1DeUNS0uU,민트 초코 끝판왕 [병맛더빙/웃긴영상],뚜식이,"영상을 보시고 재미있으셨다면 그냥 가지 마시고 구독 버튼을 눌러 뚜식이 초기 구독자가 되어주세요:) ||| 4:47 앜ㅋㅋ 마지막 썩소 개꿀귘ㅋㅋㅋㅋ ||| 4:25 여기서부터도 원룸소년단 스포였음 ||| 민초김밥, 민초통닭, 민초비빔밥, 민초헤어스타일 이건 민초단도 못할것 같은데 ||| 뚜식이님 저이거 처음으로봤는데 계속 중독성이 있네요 그래서 잘보고있읍니다",코미디
vyO7otG7F4Y,신기한 마술 트릭 웃긴영상 모음 | 라임파파의 Amazing MagicKing Tricks,LimeTube_Brasil,신기하고재밋어요,코미디
nAZ0LXFV3HE,기생충 [병맛더빙/웃긴영상],뚜식이,구독과 좋아요는 저에게 큰 힘이 됩니다:) ||| 5:18 ㅋㅋㅋㅋㅋㅋ강아지 귀엽다 ||| 아닠ㅋㅋㅋㅋ 맨마지막에 봉구 캬악~ 캬악~ 하는거 표정 진짜 웃곀ㅋㅋㅋㅋㅋ ||| 뚜식이..가족들..의외로..너무따뜻한지도..💖💖💖💖 ||| 아니 치킨을 왜 이렇게 맛깔나게 잘 그리세요ㅜㅜ,코미디
J9v51TGMxnE,[2020] 배꼽 빠지게 웃긴 영상 모음#21 | Funny Video Moments Compilation#21,해피마블-솔킷HMS,효과음이 엄청 중국식이네요ㅋㅋㅋ ||| 7:31 기립근 대박~ ||| 멍때리고 끝까지 다 보고 갑니다 ㅎㅎ ||| 완전 잼있네요 ㅋㅋㅋㅋㅋㅋ물론 구독했습니당 요즘볼게없어서 ㅠㅠㅠㅠ 찾고 있는 와중에 딱 맞는영상을 발견했네요 ㅎㅎ ||| 편집은 약간 그랬지만 그래도 잼나게 봤어요 ㅎㅎ,코미디
bhFg4YKKG5s,탈옥 [병맛더빙/웃긴영상],뚜식이,우리 로뚜님들:) 오늘도 제 영상을 봐주셔서 감사합니다! 댓글 진짜 왜 이렇게 예쁘게 남겨주세요?ㅠㅠ 너무나 큰 힘이 됩니다:) 고마워요! ||| 아 개웃기네ㅋㅋㅋㅋㅋㅋ근데 공기청정기가 불쌍하네ㅋㅋㅋㅋ ||| 뚜식이 엄마는 맨날 왜 또 그래 왜 라는 말을 안 쓴 적이 없다ㅋㅋ ||| 뚜식이네 가족 놀라는 표정 넘나 웃곀ㅋ ||| ㅋㅋㅋㅋㅋ진짜 저가족 악마다ㅋㅋㅋㅋ,코미디
xOa5E1_BEuQ,나만 웃긴 이야기 영상툰,문방구TV,선댓후 감상하겠습니다아 ㅎㅎ 항상 재미있는영상 감사해용 ㅠㅠ♡ ||| 0:39 30km로 움직여야지 맹구야! ||| 1:25 이럴줄 알았다아 ㅋㅋㅋ ||| 실제얘기임  화장실 때문에 변태 될 뻔한 썰 1학년 때 친구가 화장실에 갇혀다는 소식을 듣고 화장실로 갔어 그때 선생님이 오는데 깜짝놀랐어 알고보니여기가 여자화장실 이였어......... ||| 3:11 김치라면 맛있겟다. 어? 맹구도 나랑 같은 생각을 ㅋㅋㅋㅋ,코미디
