url,title,channel_name,comment,category
2SfD89oSbp8,30년전 게임기로 30년전 게임을 해봤습니다 ...요즘 게임보다 30년전 게임이 더 재밌는거 실화?,빅민 TV,이거시.. 게임 불감증.. ||| 빅민님 영상은 언제 봐도 재미있네요! 빅민님을 응원할께요!!! ||| 2:36 ㄱ.기 기안이 보인다! ||| 영상 끝나면 30년 전 게임기 창고에 던져버리고 닌텐도 스위치 하실거면서... ||| 빅민님 볼때마다 너무 재밌으셔욬ㅋㅋ 편집도 잘하시구! 본받고 싶네요!! 오늘영상도 너무 재밌었어요!!💕,게임
EEa_uXLjbh8,[특별기획] 2018년 최고의 게임 TOP10,SSREK GAMES,"잘보고갑니다 ||| 잘 봤어용^ ||| 우와 팩트 리뷰 좋아요! 흥하자!^-^ ||| PS4 처음 나오고 라스트 오브 어스 리마스터 나올때만하더라도  ""와 PS4 역대급 게임이다""라고 말하며 이를 뛰어넘을 작품은 라오어2밖에 없을거라고 했는데  위쳐3, 호라이즌 제로 던을 지나 몬스터 헌터와 갓 오브 워까지 나오고나니 이건 오히려 점점더 발전하고 있는게 확실히 느껴집니다.  거기에 레드 데드 리뎀션2까지 출시하니 지금 바로 PS4의 황혼기 그 정점이 아닐까 생각합니다.  용과 같이, 어썌신크리드, 스파이더맨 이런 게임들도 정말 명작이고 잘만들었는데  워낙 괴물같은 게임이 많이나와서 빛이 바랜 느낌입니다. ||| 동감합니다. 정말 잘 선정하셨습니다~",게임
THUattQuqyc,가성비로 승부한다! 만원도 안되는 PS4  한국어 덤핑 게임들 소개!!! PART.2[Game Contents],록키장의 게임TV,"영상에서 보여지는 록키님의 인성에 한번 놀라고(긍정적인 의미로), 좋은 주제 잘 찾아내시는 능력에 또 한번 놀라고 가네요. 덕분에 몰입해 잘 봤습니다. 영상 만드시느라 수고하셨어요^^ ||| 말을 정말 필요한말만 하시는게 너무 집중도 잘되고 좋았습니다 목소리도 귀에 쏙쏙 들어오네요 ||| 록하! 우와 2천명 실화입니까 ㅋㅋ 집마님도 오시고 이거이거 대형 유튜버시작이네요 ㅋㅋㅋㅋ 추카드려요♡  전 개인적으로 덤핑작들을 굉장히 좋아하는 입장에서 패스트큐어는 정말 어휴 절레절레입니다 ㅋㅋㅋㅋㅋㅋㄱㅋ퀀텀브레이크를 20프로정도만들다가 만듯한 게임이랄까요 ㅋㅋㅋ ||| 캬아 첫 게임부터 노맨즈 스카이라니 뭔가 감동적입니다  주옥같은 작품들이네요.. 중간에 패스트큐어도 있는거보고 더더욱 감동했습니다 ||| 오늘도 영상과 게임 소개 감사합니다",게임
Y3OmBQzscRw,PS4 넘나 재밌는 레이싱게임 TOP4,더마TV,와우... ||| 포르자 왜 없나 했더니 플스구나 ||| 혹시 처음에 나오는 브금 좀 알 수 있을까요. ||| ps4로 레이싱 게임 할려면 휠?같은걸 따로 사야하나요? ||| 근데 제가 플스로 드라이브 클럽 해봤는데 유튭에서 볼수 있는 차들이 왜없는지 알수있을가여?,게임
jCWecms4sb4,추천 모바일 FPS게임 TOP 5,마참,썸네일 배틀필드1인데 왜 모바일인것처럼 넣어놓냐 ||| 스솔이 없는 이유  현질 유도 너무 심함 ㅇㅈ? ||| 섬넬어그로 하... ||| 노바 3 기억하시는분.... ||| ㅋㅋㅋ 썸네일 배틀필드 어그로 보솤ㅋㅋㅋㅋㅋㅋ,게임
hpW77nCHiLs,2019년 모바일게임 기대작 TOP30 | 2019 모바일게임 추천 TOP30 - 핫게임즈TV,핫게임즈TV,큐플레이도 카카오랑 연계해서 나오면 개잘될거같은데 ||| 좋은 게임소개 감사합니다. ||| 2019년모바일게임기대작을많이소개시켜주셨는데 올해출시되는모바일게임소식만으로도 2019년을보람차게보낼수있을꺼같습니다! 정말기대되네요~ ||| 너무 목소리도 좋고 설명도 좋아서 구독했습니닼ㅋ ||| 트레인 시티 해보신분 개 명작이았는데...ㅠ,게임
-mUzB1hmSFA,갑자기 탈출하는 공룡들! 더게임이 달라졌다! [쥬라기월드 31화],기리TV,레츠고 도착완료! 내일부터 포켓몬이 시작됩니다! ||| 1:38너무 귀여운거 아니냐ㅠㅠ ||| 0:04 아...  그는 갔습니다 ||| 오랜만에 더 게임이네요!!기다렸어요 ||| 9:02  꼬리 돌리는거 리퍼 꼬리 돌리기랑 완전 똑같음 ㅋㅋ,게임
eqydes5AQOo,닌텐도 스위치 [포트나이트] 무료로 플레이할수있는 배틀로얄 게임이에요!!! 스위치에 나와서 한번 플레이해봤어요! 간단 리뷰 & 플레이 영상,돼지저금통,닌텐도 스위치 닌텐도 e샵의 북미계정으로 접속하시면 무료로 다운받으실수있어용! ||| 재미있어요 계속 올려주세용 ||| 썸네일이 로딩화면이였을때 시작했는데 이제 저거도 추억이네 ||| 피그님 나무나 벽 부실때 그표적같은게 뜨는디 거기다가 공격하면 더빨리캐져요 (안하면:50)(하면:100) 대미지에요 ||| 와 역시 돼지저금통님 재미있어요. 꿀꿀🐽🐽,게임
EgL522Gc0b0,항아리 게임 50초컷,HyperZero,내가 뭘 보고있는거지... ||| 아무리 노력해도 극복할 수없는 것이 존재한다는 실감을 느끼고 갑니다. ||| 첨엔 뭔 배속인줄ㅋㅋㅋㅋㅋㅋ 이게 말이되냐ㅋㅋㅋㅋㅋㅋㅋㅋ 1분40초도 개지리면서 봤는데 뭔ㅋㅋㅋㅋㅋ ||| 2년 전 영상이지만 다시봐도 진짜 믿을 수가 없다. 사람이 이렇게 플레이를 할 수가 있구나... ||| 이거야말로 진짜 드림팀의 김병만이다..와..,게임
s3_2cu7iHws,모바일게임만 2년했던 유튜버가 뽑는 TOP 10 게임들 - [썩쏘],썩쏘TV,2:50 이야 오랜만이다 ||| 6:49 1. 나는 개가 되었다 6:05 2. 표창키우기1 5:27 3. 뒷산에서 보석캐기 4:45 4. 성키우기 4:05 5. 어쌔신 표창던지기 3:35 6. 벽부수기 2:33 7. 땅파기 지구를 뚫어라 1:58 8. 돌키우기 온라인 1:29 9. 슈퍼알피지 0:54 10. 언제나 여름방학 ||| 영상 시작 0:01 Top10 0:53 Top9 1:25 Top8 1:56 Top7 2:32 Top6 3:33 Top5 4:03 Top4 4:43 Top3 5:25 Top2 6:03 Top1 6:48 영상 끝 8:04 ||| 정말 영상편집 언제나깔끔해서 좋아요 하루중 어느정도 시간투자하시는지 궁금하네요 ㅎㅎ ||| 요증 다양한 방법으로 영상을 올리셔서 보기 좋네요ㅎㅎ  앞으로도 재밌는 영상 부탁드릴께요😁😁,게임
6nO9nDkit9Q,가성비로 승부한다! 만원도 안되는 PS4  한국어 덤핑 게임들 소개!!! PART.1[Game Contents],록키장의 게임TV,"04:00 전투를 버리는(X) -> 전투를 벌이는(ㅇ) 입니다 ㅠㅠ 당연한건데 자꾸 실수하게 되네요! 죄송합니다! 04:35 (음성)시네마현 -> 시마네현 / 진짜 저 노답이네요..ㅠㅠ 영상과 관계없지만 현재 스팀에서 포 아너(for honor) 스타터 팩이 무료로 풀렸습니다! 끝나기 전에 받으세요 언능! https://store.steampowered.com/app/304390/FOR_HONOR/ 저도 커뮤니티 기능이 있으면 할인정보 드리고 싶다!!! ||| 재미있어 보이는 게임들이 많네요!! 친절한 설명 쵝오♥ ||| 와 유튜브하면서 댓글 처음 달아보는데 진짜 한번도 본 적 없는 주제네요. 제가 못 봤던 걸지도 모르지만, 컨텐츠 만들기 위해 얼마나 고민하시는지 잘 알 수 있는 부분 같아요. 꼭 잘 되셨으면 좋겠습니다 ㅠㅠ 앞으로도 꼭 챙겨보겠습니다:) ||| 다른 컨텐츠 기획하시더라도 이 컨텐츠는 시리즈로 계속 이어갔으면 좋겠습니다. 정말 궁금했던 소재였거든요. 덤핑된 게임들이 많다는건 알지만 다 사서 즐길 여건도 충분치 않았거든요. 이 영상보니 해볼게임 안해볼 게임 미리 알게되는것 같아 구매에 도움이 많이 됩니다 ||| 오늘도 영상 감사합니다 나중에 PS4 게임 알아볼때 참고하면서 봐보도록 할게요",게임
Nh5lAkS7ZDM,2만원도 안되는 PSvita 한국어 덤핑 게임들 소개!!! PART.1[Game Contents],록키장의 게임TV,- 죽을 죄를 지었습니다.ㅠㅠ 저작권 수정했는데 또 다른 게 생겨서 수정하였습니다!! 저를 죽여주세요ㅠㅠ - 구입방법은 www.danawa.co.kr 에 들어가셔서 해당 타이틀 제목 검색 후 낮은 가격순으로 정렬 후 검색제외 에서 중고 체크 해주시면 됩니다! <저작권 문제로 사진으로 나온 영상들> - 학전도시 애스터리스크 패스타 봉화현란: https://www.youtube.com/watch?v=l18TU6QwsE4 - 기동전사 건담 익스트림 버서스 포스: https://www.youtube.com/watch?v=i6bpkrpFVcQ - 건담 브레이커 3: https://www.youtube.com/watch?v=CqRm6DCvU5g - 원피스 버닝 블러드: https://www.youtube.com/watch?v=BcaZQB-ySgg <PS4 영상이라 비타만 보시고 싶은 분들> - 진격의 거인1: https://www.youtube.com/watch?v=Zl3NLRFb_1Y&has_verified=1 ||| 오 최고!!!!! 이것도 필요한 영상👍 ||| 너무너무 잘봤습니다 2부도 기대 할께요 ㅎㅎ ||| 건담브레이크3는 지적하신 문제점이 보완되어 꽤 괜찮은 게임이 되었습니다.(특히 뉴건담브레이커가 나오고 나서는요) ps4판도 마찬가지고요. 다만 제대로 하려면 dlc판 포함인 브레이커에디션을 구매하는 편이 더 좋습니다. ||| 오오~~ 점점 영상이 처음에 비해서 깔끔 하시고 발성도 좋아진거 같아요 ~~ ㅋㅋ 항상 재미있게 보고 갑니다 ㅋㅋ 초보 유튜버인 저같은 경우 댓글 하나하나에 힘이 되는데 록키장님의 격려의 댓들로 더욱 화이팅 하고 있습니다 ^^,게임
QlHWRyE2C1g,스팀 공포 게임 [어몽 더 슬립] 1화 (*공포주의*) 두살짜리 아기가 되어버렸어요!! 곰돌이와 함께 엄마를 찾아야해요!! 엄마!! 어딨어!! 간단 리뷰 & 플레이 영상,돼지저금통,"돼지저금통님 오늘은 좀 무서운공포 게임이네요   아푸로도  잘 만들어주세요 그리고 곰돌이 인형 너무너무  귀여워요 ||| 2판있어요?3판?4판?아니예요?재밌네요...!저...동영상을 찍었는데,좋아요가...없어요...!ㅠ.ㅠ ||| 실버버튼축하해요.와~~~~~~~~~~~~~~~~~~~~~~~~~%~~~~~~~~~~~~#~##~~~~~~~~~~~~~~~~~~~~~~~~~~~~~~~~~~~~~~~~~~~~~~~~~~~~~~~~~~~~~~~~            축하해요 ||| 와..아직도 재미있네...🎉🎉 ||| 곰돌곰돌 '돼지 저금통님 목소리 뭔가 귀여우셔😄'",게임
xB1W5SyRvVA,치사한 다리 건너기 게임(마인크래프트 : 마플 릴레이(치사한 게임)),마플 마인크래프트 채널,추억돋네.. 이 컨텐츠 다시 해주셨으면 좋겠네요 ||| 내 어린시절… 너무좋아 ||| 5:09  1년이 지나도 이건 아직도 궁굼해 ||| 이때가 레전드.... ||| 2년이 지나도 이영상은 레전드네 하세요 컨텐츠도 그립고 치사한 게임 시리즈도 그립다,게임
iIPQWOOXCgY,이 게임 하다가 빡쳐서 컴퓨터 부실뻔 했습니다 (Golfing Over),김재원의 즐거운 세상,총쏘는소리 짤에서 나는소린줄알았는데 키보드치는 소리였네ㅋㅋㅋ ||| 4:25 편집 개오지네 ㅋㅋㅋㅋㅋ ||| 겁나 힘들어하길래 오래걸린줄 알았더니 1시간 20분컷이네ㅋㅋㅋㅋㅋㅋㅋㅋㅋ재능충 ㅇㅈ합니다 ||| 2:22날강두 불편 ||| 요정 cg인줄,게임
YOU5hk1X6pg,[야너보]슬리핑퀸즈_보드게임_기억력전략보드게임_Devall,DEV ALL 보드게임,영상중 설명에러가 있어서 댓글남깁니다. 1. 광대카드 설명인데요 오픈한 카드가 파워카드일 경우 파워카드를 갖고 차례를 한번 더 갖습니다 2. 광대카드를 사용하고 카드를 오픈했을때 숫자일 경우 왼쪽사람부터가 아닌 광대카드를 냈던 사람부터 숫자를 셉니다 . 오류설명이 많았네요 죄송합니다 더 신경써서 할 수 있도록 하겠습니다 ||| 알려 줘서 잘 할 수 있겠어요😮🎉❤ ||| 저도 할 수 있겠어요😊 ||| 이해가 쏙쏙 되네요 감사합니다! ||| 쉬운설명 감사합니다,게임
QBiakB2uk6w,[스피릿위시] 팀플레이 불변의 법칙_세로ver.,넥슨 YouTube,신세경이 광고해도 안한다 돈슨.. 비즈니스맨들이 무슨 게임을 만들어 ㄷ ㄷ ||| 신세경 사랑해오 ||| 목소리 달달혀 ||| 돈슨... ||| 트리 오브 세이비어 인가? 그거랑 다른게 뭐냐,게임
ckd5Au7lryE,[야너보]노터치 크라켄_보드게임_ 블러핑전략보드게임_Devall,DEV ALL 보드게임,보드게임 카페에서 오랫동안 일한 알바생입니다. 게임을 설명서로 이해하기에는 한계가 있기에 영상을 찾아보곤 해요. 그중 제일 좋아하는분은 혜림님이에요>< 어려운 부분은 반복 설명 해주시는 등 자세해서 이해가 팍팍 되어요. 좋은 영상 감사합니다 다른것도 잘 보고있어요. 데브올 화이팅 :D ||| 쉬운 설명 감사합니다~ ||| 설명 좋은데 배경음악 볼륨이 너무커요 ||| 어제 5명이서 했는데 마지막라운드에서 한명이 크라켄이랑 보물상자 둘다 한장씩들고 있어서 너무 쫄깃했어요ㅋㅋㅋ  보물상자 4개 찾고 마지막 한개남은거였는데ㅎㅎ 확률이 반반이라서ㅋㅋㅋ 결국 크라켄을 뽑아서 선원이 지고 스켈레톤팀이 이겼답니다ㅎㅎ  간단하지만 재밌는 게임이에요~~ ||| 아마 제가알기론  라운드제한이있는걸로잇는데 맞나요?  각자 1장씩 내려놓는상황은 안나오고 늘 2장내려놓는 라운드가 마지막 라운드로 알고있었는데..  4인기준이면 총 20장으로 4장카운트 다음라운드니까 4라운드이런씩?,게임
teycHmgz5zY,최악의 게임 주변기기 TOP5,청원이,그래도 이런 시행착오가 있었기에 게임기기가 여기까지 발전한게 아닌가 싶네요  아타리쇼크도 알면 더 재밌어요! ||| AVGN 시청자라면 알수있는 인류의 실수라고 불리는 기기들이죠 ||| 오늘도 재밌는 영상 감사합니다! ||| ROB는 오히려 '장난감'으로서도 '게임 주변기기'로서도 대성공한 아이템이죠. 주변기기가 게임기를 먹여 살리는것도 모자라 게임에 대한 인식자체를 바꾼 그야말로 아타리쇼크의 반면교사 같은 기기 입니다. 즉 게임의 ㄱ자도 못꺼내는 사실상 미국시장에서만 한정되었기 때문에 현제 시점에서 전세계 판매량으로 기준하면 실패한걸로 보이는것 뿐이지 실제로는 아니었죠 ||| 언제나 신선한 재미들 잘보고가요!,게임
VTGaCC3M0dY,표창키우기2 소개영상,Mouse Duck,안녕하세요! 표창키우기2  11차 입니다! FPS유튜버라 총게임만 했었는데 이런 방치형 게임이 있었다니! 너무 재미있습니다. 앞으로 과금도 조금씩 하면서 재미있게 플레이 하겠습니다. 감사합니다! ||| 재밋습니다! 아기자기한 스킨들과 좀더멋있어 져간는 표창들 이겜은 갓겜! 입니다! ||| 1등이닷 ||| 좋아요누르로감니다 ||| 재및다,게임
HgFI7-6cStA,살면서 이런게임 처음해봅니다 (야생동물 스포츠의 날),김재원의 즐거운 세상,트램펄린 중에 총 동물 6마리있어야되는데 5마리밖에 안보임. 근데 그중 얼룩말이 없는데 트램펄린 이 얼룩말 가죽이네...? ||| 3:27 걷는거 ㅅㅂㅋㅋㅋㅋㅋㅋㅋㅋㅋㅋㅋㅋㅋㅋㅋㅋㅋㅋㅋㅋㅋㅋㅋㅋㅋㅋㅋㅋㅋㅋㅋㅋㅋㅋㅋㅋㅋㅋㅋㅋㅋㅋㅋㅋㅋㅋㅋㅋㅋㅋㅋㅋㅋㅋㅋ ||| 심사위원들 다 동시에 빵점 드는거 진심 너무웃곀ㅋㅋㅋㅋㅋㅋㅋㅋㅋㅋㅋㅋㅋㅋㅋㅋㅋㅋㅋㅋㅋㅋㅋㅋㅋㅋㅋㅋㅋ ||| 4:25 ㅆㅂㅋㅋㅋㅋㅋㅋㅋㅋㅋㅋㅋㅋㅋㅋㅋㅋㅋㅋㅋㅋㅋㅋㅋㅋㅋㅋㅋㅋㅋㅋㅋㅋㅋㅋ뒤엔 간신 지렁잌ㅋㅋㅋㅋ ||| ㅋㅋㅋㄱㅋㅋㄱ춤추는거ㅋㅋㅋㅋ왤케 다 병맛이야,게임
N4iGib4Gkjk,*마크판* 엄마가 게임을 또.. 숨겼다!🎮 - 마인크래프트 - [잠뜰],잠뜰 TV,"반응이 엄청났던 엄마는 게임을 숨겼다! 이번엔 또 다른 상황들로 찾아왔습니다~♥ 재밌게 보셨다면 좋아요, 구독하기 꾸욱! ||| 이게 벌써 4년 전이라니..진짜 추억이다. 학교 마치고 돌아와서 올라오는 영상 틀고 선풍기 바람 쐬면서 이불속에 누워서 보던 제 모습이 새록새록하네요.. 벌써 이렇게 큰 대형 유튜버라닝.. ||| 0:29 에서 이제 랩시작 ||| 2025년에 보는 사람? ||| 0:29ㅋㅋㅋ드디어 시작된  엄마의 잔소리 랩!ㅋㅋ 그래서 귀에서 피가나지~^^",게임
Nx6w5ueLIo4,패미콤의 성능을 초월한 게임 TOP 10!,꿀딴지곰,"갠적으로 유툽은 추억여행용으로 보는데  겜좋아하는 쟤겐 단지곰님은 진짜 으뜸 ㅋㅋ 20년대 영상들부터 많이 봐왔지만 이땐 목소리가 진짜 애기애기하신듯 ㅋㅋ 요즘 코로나땜시 혼술하면서 자주보는데.. 조인전대 제트맨 나올때..... 진짜 심장이 뛰고 눈물날거같은.. 당시 현대컴보이 팩으로 했던겜들 볼때마다 추억돋아 감사합니다.ㅋㅋ 영상보고싶은 겜 넘 많은데 그냥 기다려 보렵니다^^ ||| 흥미로운 컨텐츠로 동영상 플레이타임도 적절하게 잘 뽑으셨네요. 앞으로 이런 컨텐츠 자주 부탁드립니다. ||| 별의 카비가 있을줄 알았는데 없군요 ㅎㅎ 대신 처음보는 게임들 많이 알아가서 좋네요. 참, 사운드칩 장착한 게임얘기가 나오니까 코나미에서 만든 RPG게임, 라그랑쥬 포인트가 떠오르더군요 게임 처음켜고 첫 전투하는데 소리듣고 깜짝 놀랐던 기억이 나네요. 또 고에몽도 전투에서 적,아군캐릭터가 공격하거나 피격당하는걸보고 놀랐었죠. 파판이랑 드퀘는 안움직이고 공격할때 깜빡이기만했는데 기술이 많이 발전했구나 싶었던 아련한 기억이... 간만에 패미콤 게임 보니까 좋군요 구독하고 갑니다 ^^ ||| 전설의 시작인가요??  ㅎ 잘봤습니다 ||| 배트맨 게임은 진짜 메가드라이브용이 BGM이나 게임이나 최고였던거 같음. 영상 감사합니다",게임
ODnEzoekIC0,게임은 장비빨,JinguStudio,게임은 장비빨이 이렇게 어려운게임이었나 99강 되니까 피가 ㄷ ||| 노트9는서버점검중이라고뜨네요 ||| 쿠폰좀,게임
Yivlchq7Ph8,[야너보]다빈치코드_보드게임_숫자추리보드게임_Devall,DEV ALL 보드게임,규칙을  다시  알았네요  ㅎ ㅎ 감사합니다 🤗 ||| 이 영상 덕분에  이해할수 있었어요  감사해요 ||| 👍 ||| 남은큐브는 언제 가져오는건가요? 서로 맞춘 다음에 가져오는건가요? ||| 제가 아는 다빈치 코드와는 규칙이 조금 많네요...;;그런 규칙이 있다는건 몰랐어요.내이루애들한테ㅜ말해줘야겠뜸...!,게임
k5x7M3b1SDA,듀얼링크스 새로운 자폭 스킬파밍덱(Duel links new Skill farm deck - self destruct),Kyle_TPE,저걸 쓰면 상대 어리둥절해 한닼.ㅋㅋ ||| 크다. 아 당연히 가슴 (씀씀)이 크다는겁니다. 오해하지는 마십시오. ||| 듀얼 링크스 원래 이렇게 오류 잘 뜨나요??? 상대방이 안보이네요 ㅎㅎ ||| 진짜 자폭덱이네 ||| 대역전 퀴즈도 같이 섞어 돌리면 가끔씩 이기면서 패작가능,게임
wWmO4ci1LNU,엔씨소프트 게임 OST 명곡 | 엔씨소프트(NCSOFT),엔씨소프트,엔씨에서 사운드팀이랑 일러스트팀은 ㅇㅈ이지 ㅋㅋ ||| Nice Job NCSOFT !!!! ||| lost / new lineage.........,게임
oLa5CGYjUI0,20년전 게임기.. 게임보이를 소개합니다 ㅋㅋㅋ 닌텐도 스위치랑 비교해봄 ㄷㄷ,빅민 TV,크 다들 추억에 빠져보아요 ||| 1:11 존멋 ㄷㄷ ||| 1:12 1초 마동석 ||| 2:06 다소곤하게 게임을 접은 사람은 처음본다 ||| 0:07 트위치 하고 싶으신가...,게임
q0QqtqYHzDk,"[진삼국지라이브] 전군,돌격앞으로!-성우편 bp7",Efun Company,,게임
GFjeKJDO8wQ,도망자 보드게임 하는 법 | Board Game Fugitive Rules | 3분게임요리,보드라이브 BoardLiveGame,앞으로도 3분게임요리 영상이 많아졌으면 좋겠어요!! 룰영상 중에 가장 편집이 깔끔하고 보기 좋아서 항상 잘 보고 있습니다. ||| 설명 정말 최고네요.. 해보고싶어졌습니다 ||| 룰북보고 아리송했었는데 영상보니까 확실히 감이 오네요 ㅎㅎ 감사합니다 ||| 드디어 올라왓네요 ㅎㅎ ||| 이벤트 카드 사용이 헷갈렸는데 덕분에 알 것 같아요!! 다음에 재밌게 한번 해보겠습니다. :),게임
_KnR2YvJvSM,이 게임때문에 착한동생이 달라졌습니다ㅋㅋㅋㅋㅋㅋ(슈퍼버니맨),김재원의 즐거운 세상,こんにちは～ キム・ジェウォンです。 急にこの動画が多くの国、特に日本で関心を浴びて光栄です。 そして、ありがたくある方から日本語の字幕を付けてもらいましたので、お楽しみに感想してもらったら嬉しいと思います。!  안녕하세요 김재원입니다 갑자기 이 영상이 많은나라 특히 일본에서 관심을 받게되어 영광입니다 그리고 어떤 고마운분이 일본자막을 만들어주셨으니 재밌게 감상해주시면 감사합니다! ||| 이건 지금 봐도 저세상 텐션아님 ||| 왜 아무도 독서실에서 보면 안된다고 말안해줬어요 ||| 아 진심 처음 봤을때의 그 웃김을 다시한번 느끼고 싶음ㅋㅋㅋㅋㅋㅋㅋㅋ ||| 재원님 영상보면 ㄹㅇ 엄청 행복해보이심 ㅋㅋㅋㅋㅋㅋㅋㅋ 나까지 행복해지는 ㅋㅋㅋㅋㅋㅋㅋㅋㅋㅋㅋㅋㅋㅋㅋㅋㅋㅋㅋ?,게임
Fo3E54XVv44,논란이 되고 있는 모바일 게임 kick the buddy,유휘,"유튭보다 광고나왔는데 인형이 패드립하네요ㅋㅋㅋㅋㅋ  "" Your mother is fat "" ㅇㅈㄹ하더라구여 ||| 뭐랄까 이런 류의 게임 만들거면 캐릭터를 때리고 싶은 생김새로 만들었어야 하는데..캐릭터 인형이 때리고 싶지 않게 생겨서 난 도저히 못하겠더라. 나도 스트레스 심하고 잔인한거 잘 보는 편이긴 한데 이건 하다보면 풀리긴 커녕 오히려 우울증만 더 심해질거같음 ||| 방금전에도 이 광고 떴네요 ||| 학원 차에서 갈비뼈나 두개골 같은거 다 보이는 7새 게임 하고 있더라구요.... 진짜 충격 적이었어요 ||| 심지어 광고에서 패드립을....",게임
y-naS-Z3kZU,"'스타트업 컴퍼니' 스팀 게임 트레일러 영상, Startup Company Steam Game Trailer Movie [HD 1080p]",스팀게임 매니아,,게임
x5994-1vI_0,모바일게임 / 스팀게임 / 모듈게임/ 전부다합니다.,DDODOA DDODOA,,게임
iVDL99w6dzg,"'던그리드' 스팀 게임 트레일러 영상, Dungreed Steam Game Trailer Movie [HD 1080p]",스팀게임 매니아,그냥 요즘 대세 구글에 마카롱티비 아님 ?,게임
xi9CfSDA6gk,[스팀게임] Firewatch 파이어워치 산불감시하는게임!,스잘알,,게임
66SI-yrz06s,한국인이 인디게임을 할때 생기는 일 [ 레이븐 필드 베타 12 ],[ & ] 카테,V키누르면 발로차는데 인성질 가능 ||| I DO 는 노갑..째기.ㅎㅎ..배그 같으면서 뭔가 다른듯.잘보고 구독하고 갑니다. ||| 이거 여러명에서하면 가성비좋은 배필느낌 날듯 하지만 이겜은 팀킬하는맛에하죠ㅋㅋ ||| 편집 뭐로 하세요? ㅎㅎ 재밌네요 ||| 저 혹시 지프(?) 차인가 12초에 나오눈 자동차 창작마당 링크좀 올려주시묜 안될까요...?,게임
AUVEGe1hIfo,[GIGDC2018 글로벌 인디 게임제작 경진대회] 중고등부 제작부문 은상 수상작 '마일드티니',글로벌 인디 게임제작 경진대회,,게임
wFwd1-rh_rc,"'SOS' 스팀 게임 트레일러 영상, SOS Steam Game Trailer Movie [HD 1080p]",스팀게임 매니아,,게임
fLMv1kKehIA,"천안 신부동 119 구급차 탈취 사건, GTA 실사판?",줄루의 디지털로그,"저런 애들 제발 정신병원에서 못나오게 해주세요  죄없는 사람이 죽을수도 있음 ㅜㅜㅜ ||| 저런놈은 사회에서 영원이 없어져야돼 ||| 여기서 킬링포인트 ""건들지마!!!!"" 정작 아무도 안건들였음 ||| 구급차 혼자 타고 간다고 싸인 보내고 가고 있는데 가게에 있는사람 다나옴ㅋㅋㅋ “건들지마!”이랬는데 진작에 아문도 안건듬ㅋㅋㅋ ||| 법이 솜방망이라 이렇게 이상한 사람들이 많아진것 같네요 ㅜㅜ  더 강력한 처벌이 필요합니다",게임
mQMkEqossXY,똥 업글시켜서 돈버는 게임 - 약빤 병맛 인디 게임,긴조 흑역사,,게임
jvSoEZHIh9k,국산 인디게임 '벅스 크래프트' 리뷰,프리월드,"그죠 좀 어려워요... 그래도 첨이시라니까... 더 좋아지게 기대해보져!! ㅋ 구독 좋아요 했어요 ||| 아~저희 게임 방송해주시느라 긴 시간 이용해 주신거 진심으로 감사드립니다. 게임하시는데 불편하신 점이 좀 많았네요 ^^. 아무리 인디 게임사라해도 버그나 렉은 고쳐야 할 부분이지 절대 칭찬 받을 부분은 아니죠. 그래도 아주 조금은 응원 차원에서 너그러이 조금만 더 시간을 주시면 꼭 수정 보완토록 하겠습니다. 저희 게임이 다소 어려워 보이실 수도 있을거에요. 전략 게임으로 나름 다양한 전략이 나올 수 있게 하려는거에 포커스를 맞추다보니 솔직히 심플함에는 놓친게 많았습니다. 이런 것도 시간을 좀 두고 하나씩 손을 보도록 하겠습니다.  1,2차의 OBT를 통해 나름 테스터님들과 많은 대화를 나눴지만 지금보니 상당수의 테스터님들이 클래시로얄 유저였지 다양한 장르의 유저는 아니였던게 저희가 잘못 생각한 판단 미스였습니다. 솔직히 클래시로얄 유저 분들에겐 나름 긍정적인 격려와 기대를 많이 받았거든요. 하지만 이런 점에 너무 포커스가 맞춰져서 시야가 좁아졌던게 지금보면 사실입니다.   아직 부족한 부분 많이 보일꺼에요~그래도 이랗게 긴 시간 영상을 만들어 주셔서 다시 한 번 진심으로 감사를드립니다. 음~~어떻게 설명드려야 긴 시간 영상을 만들어 주신 것에 대한 답변으로 성의 있는 답변이 될지 오히려 부담 백배가 되네요^^.  1.저희 게임은 퍼즐+전투라는 나름 새로운 플래이 방식을 도입하였고 동시에 잔인성을 줄이면서 이쁜 캐릭터들을 이용해서 남자도 여자도 좋아 할 수 있는 게임과 부모님들이 보시기에도 어린 유저분들이 지나친 잔인성과 폭력성에 노출됬다는 편견을 없애려고 노력했습니다. 애플,구글 다 뒤져도 곤충 게임은 솔직히 거의 없더라고요 있어도 협오 곤충 잡는게 대부분이고요. 그래서 곤충을 이용해서 캐릭터적인 부분만 잘 응용하면 생쥐가 미키마우스로 사랑 받듯이 곤충도 가능할꺼란 기대에 만들어 봤습니다.   2,멀티는 저희 게임이 클래시로얄에 비해 나오는 유닛수가 2~3배가 나오다 보니 한 전투장에 4명의 유닛들이 쏟아져 나오니 정신이 없었고 저사향의 폰에선 버벅거림이 심해서 어쩔수 없이 각자의 전투장에서 전투를하여 점수를 합산하는 방식으로 일단 플래이가 돌아가는걸 우선 순위로 개발하였습니다. 솔직히 지금도 한 전투장에 4명의 유저들의 모든 유닛이 나와 전투를 못 벌인게 내내 아쉬운것도 사실입니다. 인디 개발사의 한계가 마냥 시간을 두고 개발만 할 수는 없고 어쩔수 없어 차선으로 지금의 전투방식을 결정하였습니다. 자기팀원의 아이디를 클릭하면 한 개의 마나를 지원 가능한데 한번의 전투에서 총 10회 지원 가능합니다. 정말 나중에 여유가된다면 다시 한번 4명의 유저가 한 개의 전투장에서 전투를 벌일 수 있게 재 개발을 하도록 하겠습니다.  3.대부분 승리 조건이 클래시 로얄이나 유사 게임들은 한 가지데 저희가 지켜본 바로는 대부분의 유저들이 게임이 조금만 불리해져도 그 게임을 포기 한다는 것입니다. 예를 들어 클래시로얄을 보면 제가 도전자 1의 유저인데 제 아무리 프로 게임머라 하더라도 만약 제가 상대의 성을 하나 파괴하고 전투를 시작한다면, 즉 장기에서 차,포를 때어주고 프로 게이머랑 플래이 한다면 99% 이길 수밖에 없습니다. 어차피 3분 시간 제약은 똑같은데 상당히 많은 유저가 1분안에도 게임을 포기하고 나가 버리는것을 너무 많이 봤습니다. 그래서 승리조건을 3분안에 30칸과 3분안에 총 누적 점수 2가지로 만들었습니다. 게임을 하시다 보면 생각 보다 클래시로얄에 비해 역전승이 가능하다는걸 느낄수 있을것입니다.  4.거의 대부분의 게임들이 아레나를 승급해서 다른 전투장으로 옮겨가도 그림만 틀리지 같은 전투장에서 전투를 벌이기에 진정힌 전투는 100% 유닛의 레벨이나 유닛의 특징만을 가지고 전투를합니다. 예를 들어 스타크래프트나 워크래프는 지형에 따라 다른 전략을 써야하는데 모바일 게임에선 이 부분이 없더군요. 그래서 모든 캔버스 전투장에 2개의 기능성 장치를 모든 맵마다 다르게 두어 유닛뿐 아니라 전투장에 따른 전략도 세울 수 있도록 고려하였습니다.  5.단조로운 힘싸움을 피하고자 마법 장막이란 장애물을 두어 유저의 행위에 제약을 두는 방식으로 전략에 변수가 되게 하여고 항상 2개의 파워볼을 전투장에 배치하여 큰 점수를 얻어서 터치다운이 가능한 일종의 럭비 같은 힘싸움이되게하였습니다.;  모든 유저들을 만족시키기엔 힘들 것이기에 최대한 전략을 많이 쓸 수 있는 게임을 만들고자 했고 실제로 클래시 로얄에 비해 작전만 잘쓰면 3배 정도의 다양한 전략이 나오는걸 확인하였습니다.  솔직히 걱정하는건 정말 단순한 게임을 좋아하시는 분들에게 이런게 독이 될 수 있다는 것이고  다른쪽으론  모바일에서도 PC못지 않은 다양한 전략과 변수를 기대한다면 3분안에도 얼마든지 가능하단걸 보여 줄수 있다는 것 입니다. 인디 게임사가 주제 넘게 너무 무거운걸 시도하는거 아니냐는 지적도 받은적 있습니다. 오늘 언급하신 부분에도 같은 의미의 지적 정말 가슴 깊게 세겨 듣겠습니다. 다만 변명 아닌 변명을 하나만 하자면 대 부분의 전 세계의 모든 게임사가 인디 개발사로 시작이 되었지요. 저희는 지금 미니 게임도 준비중이지만 인디 개발사도 이런거 만들어 볼 꿈은 있다에 도전해 보고 싶었고 아직은 수정 할게 많지만 나름 만족하면서 짬을 내서 미니 게임도 준비중에 있습니다. 인디 개발사가 잘하는게 때로는 무모할지 모를 도전 정신이 생명이라 생각합니다. 그게 실패냐 성공이냐는 두 번째이고요.    저희 게임이 클래시 로얄의 디자인적인 것과 비슷할지는 몰라도 손가락 한개의 쉬운 컨트롤로 스타크래프트 같은 다양한 전략이 작은 모바일 화면에서도 나오게 하자가 목표였습니다. 솔직히 방송하는 입장에서 보면 이러한 다양한 전략을 가지고 방송하는 것도 잼있을꺼라 생각하고 유투버님들께 이리 홍보 다니는거고요. 물론 생소하고 부족한게 더 많은 것이 사실입니다. 부디 아낌없는 지적과 또한 관심을 주셔서 저희 같은인디 개발자들에게 큰힘이 되어 주시면 정말 감사하겠습니다.  그리고 한 가지 더 ~~~~~프리월드님의 따뜻한 조언과 질책이 저희에겐 그 어떤 격려보다 더욱 더 최고의 격려가 되었고 진심으로 감사를 드린다는 말씀을 다시 한번 드립니다. ^^. 나중에 저희 체널에도 한번 놀러와 주세요. 저는 아무리 질책을 받아도 앞으로 여기서 일등 단골할꺼니까요~~ ||| 영상 잘 봤오요 ||| 오호 냉정한 평가... 그럼에도 기대해볼만하다 뭐 그런이야기?! ㅋㅋ 어떤부분이 재미있고 어떤 부분을 요렇게 해주세요 하면 더 쉬울꺼 같으네요...ㅋㅋ  전 워낙 겜치라.... 배우러 온건데 ^^  또 올게요 기대하겠습니닷!!! ||| 인디들이 참 힘들죠잉 .... 끝까지 살아남느누겜이ㅜ되시길!!!!구독 좋아 눌렀어요!!!",게임
YQ2K3Rqgkxc,"'파이널 판타지 15' 스팀 게임 트레일러 영상, FINAL FANTASY XV Steam Game Trailer Movie [HD 1080p]",스팀게임 매니아,이거 언제 나옴 스팀 예구해놔는되 ㅋ,게임
C9HaE5mbOuA,"'커즈드 트레져' 스팀 게임 트레일러 영상, Cursed Treasure 2 Steam Game Trailer Movie [HD 1080p]",스팀게임 매니아,,게임
Qo-CF7qRwcM,스팀게임]더 라스트 도어 - 도트 그래픽 미스터리 스릴러 1시즌 - 3:완 (7/23),TobBab 톱밥,♡,게임
v1bjtqSkkbA,Steam Game Gauntlet,Leinstay,,게임
wGOE3wqZjbI,[여자들의 즐GAME] 역시 갓겜이였다......귀여움+스토리! 스팀게임 Wuppo(워포) #외전2 (5일차 Play),뀨뀨냐vs허브,"Leal old hachu ||| Congratulation, traveler ! You've found Ancient Hachu ! ||| Anyone knows what happened to this girl? She hasn't upload anything in her channel for like 1 year. I really missed her content. I only get recommended this other weird Korean girl from Youtube. What's her name again? Hakubbi? Hacuhbby? or something? ||| 그립다... ||| Primordial Hachu PogU",게임
dnDgUImaFb8,[스팀게임추천]돈 스타브 투게더,고피디,,게임
Q08REfN8xGk,인디게임 고고피쉬 ( GOGOFISH ),JYW,,게임
XDHsAIoPoGU,스팀게임 흐쟁이 동물올림픽 이런 스X기 게임은 살면서 두번째야,흐쟁이,세상에 두번째로 나오지 못할 명작... 눈물을 팡팡흘리면서 봤습니다... 추천드립니다.. ||| 져가지고 악어 춤추는거 ㅈㄴ웃기네 미친ㅋㅋㅋㅋ ||| 아 진짜 올만이 졸라웃고간다 역시 믿고보는 흐쟁 ||| 32:12 앞의 30분은 이 장면을 보기 위해서라고 해도 과언이 아니다. 이 게임의 진면목!!!! ||| 이 늦은 시간에 흐장이라니 넘 좋더,게임
HQwn2dmdZU0,[Steam Game] 게임하다가 웃겨서 눈물나는 다루의 몸개그 스팀게임ㅋㅋㅋㅋㅋ 휴먼폴플랫 2회차 1편!,이런라이프,안녕하세요 오늘 영상 처음 봤는데 재밌네요ㅋㅋㅋㅋㅋ웃겼어요ㅋㅋㅋ구독 누르고 갑니다 ||| ㅋㅋㅋ재밌게 보고갑니다. 구독 누르고 갈게요ㅋㅋㅋ ||| 아 진짜ㅋㅋㅋㅋ개웃기네,게임
lMCQ7lPWw-c,추천하는 모바일 인디게임 TOP 5,마참,1:08  넋놓고 있다가 배그인줄 ㅋㅋㅋ ||| 캬 영상 재밌네요 랭킹 영상 꿀잼! 구독 좋아요 완료!! 재밌는 영상 많이 올려주세요 ||| 1:09 키드밀리? ||| 오오 재밌겠네요 한번깔아서 해봐야겠습니다..,게임
1W4536XMQ-U,[게임 추천] 더엘이 기대하는 모바일 인디게임 TOP5,더엘,인트로 이세상의 숨겨진 갓겜을 이곳에 두었다 간직할게요 ㅎ ||| 특이한 게임들이 마니 나오네요 ㅎㅎㅎ 저도 나중에 해봐야겠네여!! ||| 언제나 몰해도 목소리가 좋으시네요~!! ||| 오 재밌는 게임이 이렇게 많았네요! ||| 눈에 뛰는게 나는AI다 ㅋㅋㅋ 영상잘보고갑니다~^^,게임
09CXRgKbLf8,스마트폰으로 스팀게임하기(스팀링크),도타치,이거 하실때 유의하실점은 와이파이가 원활해야 한다는겁니다. PC가 거실에 있고 방에서 폰으로 하는대 거실에서도 뚝뚝 끊키기는 하지만 방에 들어오니 더 심하더군요 ||| 게임페드 뭐쓰세요? ||| 와이파이 환경에 따라서 끊기고 잘되고 그런건가요?ㅠ 전 와이파이 공유기를 싼거 써서 그런지 많이 끊깁니다. ||| 게임패드 저랑같네요 ㅎㅎ 개인적으로 저거는 스팀게임용으로추천 ||| 그 조작 컨트롤 꼭 필요해요?,게임
-8YWsz2dKQQ,"'데드 메이즈' 스팀 게임 트레일러 영상, Dead Maze Steam Game Trailer Movie [HD 1080p]",스팀게임 매니아,,게임
ONinHAlCHys,인디 게임 트레일러 - 무한의 좀비,TCatMon,,게임
VOGOIMf0i7U,"'크로싱 소울즈' 스팀 게임 트레일러 영상, Crossing Souls Steam Game Trailer Movie [HD 1080p]",스팀게임 매니아,,게임
5RmiM3JYlkU,인디 게임 개발 - 조선시대 마을 만들기,RockHoon TV,카페에서 보고 왔습니다^^너무 즐겁게 봤습니다^^저도 게임을 너무 좋아합니다^^좋아요 및 구독하고 갈께요^^ ||| 와 새로운세상을 만드시네요ㅎ 하나하나 디테일 만드시는게 대단하셔요 재밌게 잘봤어요^^ ||| 와.. 마을 멋지네요! 전부 라쿤님의 손끝에서 창조된 것 ㄷㄷ 고생 많으셨어요 ||| 드디어 마을완성!!~ 고생하셨습니다 :) ||| 그림체 좋네요 혼자 그리신건가요?,게임
4KMFGPIe5-U,진짜 x같은 게임을 해봤습니다. /  스팀 게임리뷰 - 해피휠즈 3D,나른,내가 뭘본거죠 나른님ㅋㅋㅋㄱㅋㅋ 정말 닉값하는 게임이자냑ㅋㅋㅋㅋㅋㄱㅋㅋㅋㅋㄱㅋㅋ ||| 선댓글 후감상 개꿀딱지 ||| 유료 임 ||| ㅋㅋㅋㅋㅋㅋㅋㅋㅋㅋㅋㅋㅋ 돈줘도 하기싫을게임이내요 ||| 🥕,게임
1I1bfuTTgNU,[여자들의 즐GAME] 에?아직도 더있어?! 귀여움+스토리! 스팀게임 Wuppo(워포) #외전1 (5일차 Play),뀨뀨냐vs허브,,게임
xEaUIIEL6OQ,인디게임 인사이드 후반전 엔딩까지,Shyeon,,게임
NFotVEH-7hA,게임 집중 탐구 생활 : 게임을 말하다 - 스팀 게임 They are Billions,게임점령,,게임
HIzvRxli95s,Google Play 인디 게임 페스티벌 | TVC | Google Play,Google Korea,광고 오른쪽하단에 게임이름은 적어놓았으나 제대로 보이지도 않고 ...대충보면 뭔게임인지도 모르고 이름보려다가 다른 게임 화면으로 넘어가고 광고취지는 너무 좋으나 가독성도 떨어지고 무언가를 알린다는 취지로 한 광고치곤 너무 별로네요 ||| 오 ||| 맨처음에 나오는 게임 이름이 뭔지 아시는분 계시나요 ||| 3번째게임뭐임 ||| 두번쨔 횟불둘고 뛰어가는 게임 이름이 뭐에요?ㅠㅠ,게임
uMLykbgYMOU,2018년 기대할 인디게임들,INfo게임,,게임
0zqt2Mc3EGA,스팀 여름할인 기념! 현재 할인하는 추천 스팀게임 TOP 5 (플레이영상),마참,0:17 Top 5  2:17 Top 4  4:18 Top 3  6:18 Top 2  8:18 Top 1 ||| 참치님 정말 컨탠츠가 너무 좋아요!!! 앞으로도 화이팅!! ||| 구독했어욤좋아요도눌렀어욤 ||| 광고 횟수 미쵸...,게임
Iqoc3C2dALI,인디 게임 [애시 워시] (*더러움주의*) 거대한 더러운 발을 닦아 줘야해요!!! 안닦아주면 날 밟아 버릴거야!!! 드러워!!! 간단 리뷰 & 플레이 영상,돼지저금통,그리고 발에 옥수수 박힌거는 너무 웃기잖아 ㅋㅋㅋㅋㅋㅋㅋㅋㅋㅋㅋ ||| 너무 재미있어요 ||| 너무너무 재밌어 요🔮 ||| 이집의 지봉은 어떻게 생겼어요? ||| Bad Endings: Toes attacked his killed Camera. 0:24 Secret Ending: Camera said nocilp House. 3:51 Good Ending: Yes! Good job! You got Toes! 7:15,게임
VVEtUD2rqs4,스팀게임 PORTAL2 / 포탈2 #1 [은규령],은규령(ウンギュリョン),,게임
lwUcL14iRTA,꾸족관(마인크래프트),마플 마인크래프트 채널,"1:56 여기 넘 웃겨요ㅠㅋ큐ㅠㅜㅋㅋㅋㅋㅋ 혼자 웃다가 아파하는 마플림ㅠㅜㅋ쿸큐ㅜㅜㅋㅋㅋ 빨리 나으셔요ㅋㅋㅋㅋ ||| 웃다가 머리아파하시다가 웃다가 하시는 마플님이 귀엽네요 그치만 에에에ㅔ 하시는 활기찬 마플님이 더 좋으니 쾌유 기원합니다 ||| 마플:""으흐흐 아아 으흐흐하하ㅋㅋ 아아 으흐하하하 아아 잠깐만 ㅋㅋㅋㅋ 아아 저 웃으면 머리 아픈데요!! 으흐흐흐하 아 잠깐만""너무 귀여운거 아닙니까? ||| 난 가끔 이때에 마플님의 텐션이 그리워 ||| 운족관 다음은 꾸족관 인가요 ㅋㅋㅋㅋㅋㅋㅋ 1:58 스스로 고통 받는 마플ㅋㅋㅋㅋㅋㅋㅋㅋ",게임
I4ercsYubtg,마플의 첫 행동(마인크래프트 : 마플 히스토리),마플 마인크래프트 채널,스킨도 스티브였을거 같아ㅋㅋ ||| 진ㄴ짜 20칸씩 돌 부시며 내려가는 마플님 생각해버렸다ㅋㄱㅋㄱㄱㅋㄱㅋ 너무 귀여운데요!! ||| 밤되도 계속 기다렸다니ㅠㅠ너무 귀여우신거 아닙니까?!!! 운터님의 첫행동은 과연 무엇일까..ㅋㅋㅋ ||| *운트롤이 아닌 마트롤...!! (재발견)* ||| 앗.. 너무 귀엽잖아요... ㅠㅠ 정말 기억에 남으실만 하네요! 조합법 같은것도 직접 찾아보시고 하셨을까요? 완전 궁금한~~! ㅋㅋㅋ,게임
NXiB7a8iPUY,뒤집기(마인크래프트),마플 마인크래프트 채널,지금 다시보니까 외국인이 한국어 읽는거같다 ||| 0:17 꾸몽님이 '줘'하는거 귀엽다 ||| 블럭이 뒤바뀌니까 만들기가 훨씬 비싸지네ㅋㅋ ||| 2:24 에 외국인발음 같다 ㅋㅋㅋㅋㅋㅋ ||| 0:29 운트롤을 능가하는 마트롤인데요 !,게임
w8CW2XztfcA,그 미로(마인크래프트 : 하세요!),마플 마인크래프트 채널,'그' 미로... 전 안 합니다 으아아 오른손의 법칙이 안 통한다뇨오오 ||| 결국 끝까지 탈출을 못했다고 합니다 ||| 결국... 만든거군요....ㅋㅋㅋ 이 미로 그 미로.... 하다보면... 멘탈이 조각조각나서 바람에 휘날아갈 것 같은데.... 이런건... 제작자를 빼고는 안하는게... 답.. ( ||| 4:16 다와따~ 하핳ㅎ하하ㅏ 뭔가 중독성있어요 ㅋㅋㅋㅋㅋㅎㅎㅋ.. ||| 마플님껜 간단한 미로 운터님껜 메이즈 러너...,게임
Qzuh45RsfBg,마법의 문(마인크래프트),마플 마인크래프트 채널,"0:59 진짜로 놀란 마플님의 비명소리 ||| 0:02 번역기 돌린줄,, ||| 미플마플 좌표  0:01 문인데요! 0:05 마법의 문입니다! (차원 공간의 문) 0:15 ㅌㅊㅑ란~[운터 경호원 지망생 좀비] 0:43 새로운 마법의 문! 0:47 운터님 친구 0:54 THE 가스트 1:09 문 향기가 좋군 1:26 약간 운트롤? 과 라마 1:30 나갈땐 마음대로지만 들어갈땐 아닌 마법의 문! +경이로운 콧구멍 1:34 하이라이트 *기관분무침* 1:52 FGcounter left the game 1:55 소환사의 평지 ||| 0:45 크리퍼인가했는데진짜네 ㅋㅋㅋ ||| ㅋㅋㅋㅋㅋ너무 귀여우세요 마플님 운터님 흥해라 물론 꾸몽님도 당연히 흥해랏! 진짜 항상 챙겨보고 있습요☆ 그나저나 마법의 문 정말흥미롭군요 ==너무 좋습니다 굿! 배리굿 먹어랏☆",게임
YqyVE6u6_t0,하드모드(마인크래프트 : SPEEEEEEED!!!!),마플 마인크래프트 채널,이미 배포되어있는 맵입니다. ||| 마지막 버튼 눌렀을때 나오는 소리가..ㅋㅋㅋ 너무 찰졐ㅋㅋㅋㅋㅋ 1:22 ||| 0:03 마우스로 운터 썼는데? ||| 1:11 마플의 인간미 ||| 이맵 다운로드 해서 해보면 옆에 npc마을 터져있음ㅋㅋㅋ,게임
uf62K-Ouo34,정수기(마인크래프트 : 마플전자),마플 마인크래프트 채널,ㅋㅋㅋㅋㅋㅋㅋㅋㅋㅋㅋㅋ기술 무엇 ||| 갑자기 든 생각인데 저 정수기만 있다면 어디서든 파크모님을 만들어낼수가 있네? 쩐다 ||| 가끔은 이런 텐션 마플님도 보고싶네요 역시 재밌습니다 ||| 2025에 보는사람 조용히 손듭니다... ||| 3:43 에비앙 생수보다 가격 더 비싸겠다,게임
O4jZYbrNa0E,정슈기(마인크래프트 : 각카시전자),마플 마인크래프트 채널,짭수기 ||| 2:49 흉해ㅗㅜㅑ(멈추어서 보셈) ||| 정슈기로 사골을 우리시는 그는대채... ||| *0:00** 공룡님 목소리가 아니라 좀비 사운드인줄;;* ||| 각별님 정수기 만든거 ㅋㅋㅋㅋㅋㅋㅋㅋ 깨끗한 물도 오염시키는 대단한 정슈기 ㅋㅋ,게임
GTnc4vlT2Yk,"[MV/패러디] 네모의 꿈 ""마인크래프트 뮤직비디오 초대박 버전",양키,0:25 왜 목을 꺾냐고ㅋㅋㅋㅋ ||| 0:26 목이 돌아가 ㄷㄷ ||| 1:29 양이 생기고  올라가는거뭔데 ㅋㅋㅋㅋㅋ ||| 여름방학때 이불덮고 도티영상보는게 인생의 낙이자 행복이였지.이 노래만 들으면 가슴이 뭉클해진다 ||| 이노래를 들을때 마다 어릴적 순수하게 즐겼던 도도한친구들이 생각나고 학교에서 틀어주면 마냥 좋아했던 기억이 납니다 이런 추억 떠올리면 너무 그립고 돌아가고 싶고 울음이 터집니다 사람은 각자 많은 추억을 가지고 있죠 그 마음을 이해 해줄 사람이 있으면 성공한 인생이라고 생각 합니다.,게임
TBdxb0IYsfI,하수꾸(마인크래프트),마플 마인크래프트 채널,"마플님은 항상 심플한 제목인데(어그로도 없는)근데 되게 잘 지으시고 좋음 ||| 오랜만에 일찍왔어요 ㅋㅋ 오타로 그런생각하시는 마플님도 웃기시고, 주제 듣고 바로 하자고 하시는 운터님도 ㅋㅋㅋ 퀄리티도 좋고재밌네욬ㅋ 앞으로도 이런 영상 많이 올려주세욬ㅋㅋㅋㅋㅋㅋ ||| 3:00 오염된 물에서 수영하는 불쌍한 애 ||| 꾸몽님 보자마자  아니이게뭐야!!!  아니!!!!!  나 없을때 이런걸 만들었다고??  운터!!!  마플!!!  아니 하수구가 너무 예쁘잖아요!!  ......  /kill FGcounter  /kill minedapple  중에서 반응하나 보이실거같네요! ||| 아 마플님 진짜 너무 귀여우신거 아닙니까 아 어떡해 진짜 뭘 드시고 그렇게 귀여우신가요 건축도 잘하시고 커맨드도 잘하시고 ㄴㅓ무 죠습니다 그리고 말투가 너무 ㅋㅏ와이하세요 ,, 중독될것같아 ..,, 오늘도 좋은영상 감사합니다 많이 일하시고 많이 버세요 !! (?",게임
tuX84Wxjzvw,핵초보의 가장 높은 흙 집 VS 개초고수의 가장 높은 럭셔리 집! 초고수 집 내부 개고퀄ㄷㄷ [마인크래프트],램램,"영상 재밌게 시청하시고 저녁도 맛있게 드세요~!!! ||| 잠깐 동심의 세계로.. ||| 아 다들 너무 추억이야,,사랑합니다 내 어릴적 웃음을 책임져준 램램❤ ||| 5~6년전 영상ㅋㅋㅋ 진짜 추억이다 초등학교 끝나면 휴대폰 켜서 구독목록에서 램램 들어가서 오늘 올라온 영상 보고했는데ㅋㅋㅋ ||| 와.....시간이벌써 이렇게 갔다니.. 그 초2때쯤에 너무나도 재미있게 봤는데. 와......시간참빠르다..... 그때가 너무나도 그립네요...😢",게임
zlmSGsMeGz8,THE 빼빼로(마인크래프트 : 빼빼로데이),마플 마인크래프트 채널,랜더링에 문제가 생겼는지 소리가 한쪽이 잘 안들리네요! ||| 2:40 부터 웃음이 안 멈춤ㅋㅋㅋㅋㅋㅋㅋㅋㅋㅋㅋㅋㅋㅋㅋㅋ  왜 채널 주인은 적당히란걸 모를까에서 터짐ㅋㅋㅋㅋㅋㅋ ||| 운터님 냠냠거리는거 너무 귀엽다ㅋㅋㅋㅋㅋㅋ ||| 0:48 운터님 티피되고 마플님 보다가 뒤 도는거 왜케 귀엽징 ㅋㅋㅎㅋㅎㅋㅎㅋㅎㅋㅎ ㅠㅠㅠㅠ ||| 3:13  그와중  공룡이  먹은  빼빼로모양  하뜌,게임
jMZkSaQU7k8,처음 만들었던 미로(마인크래프트 : 마플 히스토리),마플 마인크래프트 채널,"마플~ 야옹이! 먀플! ||| *사과 미로* 왼손, 오른손의 법칙을 쓰면 탈출이 불가능하다.  *상추 미로* 입구는 있으나 출구는 없다.  *브로콜리 미로* 거대한 입술미로다. ||| 2:54 약속함 ||| 우리가 아는 미로는 2차원이고 마플님이 처음 만들어본 범상치 않는 미로는 3차원입니다. 거목은 떡잎부터 남다르다고... ||| 저 맵의 핵심은 한쪽 방향만으로만 갈수있게 해놓은 겁니다. 철문은 한쪽 방향으로만 열고 갈수있어 중간에서 처음으로 오게는 할수있지만 처음에서 중간으로 갈수 없게 해놓은 것이죠.",게임
0niB9DI5_Rc,TNT하우스(마인크래프트 : 마플 히스토리),마플 마인크래프트 채널,"0:44 *그래서 변탭니다* 세계 3대 명언 ||| 2:05 그랬다. 사실 석기시대는 마플이 TNT집을 짓고 문을 설치하고 터지고 운터가 돌을 먹고 시작된 거였다. ||| 처음에 꽃들이 있고 손에 잔디블럭이 있고, 오늘이 현충일이 여서 아.. 추모하시려고.. 하다가 TNT보고 알았다.. ||| 1:55 마플님 역대급 이예에에 소리 넘 귀여우셔따.. ||| 0:29 이영상도 무려 7년전...",게임
vPMQMBceHbE,우리들의 검(마인크래프트),마플 마인크래프트 채널,한 5번의 재시도 끝에 업로드 했네요 720p로 올라가질 않는데 시간이 지나도 변하지 않으면 재업로드 예정입니다!  지금은 잘 되네요!! 이예에에에!! ||| ㅋㅑ 옛날 이 분위기가 미친듯이 좋은데 입에서 나오는 말의 9할이 헛소리였던 이때 영상들이 너무좋다 진짜 ||| 아직도 보는 사람이 있구나 ||| 수능 치고 추억에 잠기는 그 시절 아닌데요!! 하는 그 특유의 목소리가 날 구독으로 이끌었지 향수병이 오랜만에 또 조지는구만 ||| 파동검의시작!..........ㅋㅋㅋㅋㅋㅋㅋㅋㅋㅋㅋㅋㅋㅋㅋㅋㅋㅋㅋ,게임
CnNZP0tdvk8,"초보의 2X2 작은집 VS 핵고수의 가장 큰 집! 방만 1000개! 수영장,영화관,PC방 없는게 없음ㅋㅋ [마인크래프트]",램램,저런집에서 살고싶다... 램램 인스타그램 : xx_minn ||| 늑이님 왜작아 지셨어요ㅋㅋㅋㅋㅋㅋ램램은 거짓말하지마세요!! 너무웃겨요 ㅋㅋㅋㅋㅋㅋㅋㅋ ||| 마크영상 자주 안보는데 이건 왜케 재밌냐ㅋㅋㅋ ||| 램램님 오늘영상도 감사합니다 화이팅!!! ||| 혹 지금 보는사람 있어요?,게임
BtXpe6N8O5g,회로 처음 만졌을 때(마인크래프트 : 마플 히스토리),마플 마인크래프트 채널,"지금은 마플 히스토리가 히스토리이다 ||| 아무말도 없이 보는게 완전웃곀ㅋㅋㅋㅋ ||| 1:53 채팅창에 ""마트롤 이군"" ||| 중간에 꾸몽님 고개 젓는 거 왜 이렇게 웃기지 ㅋㅋㅋㅋㅋㅋㅋㅋㅋㅋ ||| 왜 안열려?ㅋㅋㅋㅋ 이거 왜 열려 이거?ㅋㅋㅋ 꾸몽님 : 절래절래",게임
gU3XTiIo9bA,인공지능 인식형 보관함(마인크래프트),마플 마인크래프트 채널,1:56 운터님 센스 지린다 ||| 0:28 엄청 놀랐다.. ||| 2:24 꽃향기가 좋아서 승천하는 운터(으음 꽃향기가좋군) ||| 0:28 뿜음 ||| *저 상자 사면 운터 님도 같이 오나요?*,게임
trcBl54EqjE,인디 공포 게임 [쇼핑 나이트메어] (*공포주의*) 밤중에 가게가 정전이 되어버렸어요!!! 이상한 놈들이 돌아다녀!!! 탈출해야해! 간단 리뷰 & 플레이 영상,돼지저금통,헉!! 역시 돼지저금통님이 해주시는 공포게임 방송은 정말 재밌는 것!ㅎㅎ 1인칭 시점이라 그런지 박진감이 장난 아니네용!! 이번에 하신 게임 정말 흥미진진 한 것 같아요~ 쇼핑 나이트메어 또 다른 game 버전 있으면 다음에 또 해주세용!! 꼭 챙겨볼게요!^--^!! ||| 빠샤 ||| 굿나잇 ||| 부장님 ||| 무서기하내요ㅠㅠ그데 돼지저금통님영상진짜 재미써요♥,게임
QlHWRyE2C1g,스팀 공포 게임 [어몽 더 슬립] 1화 (*공포주의*) 두살짜리 아기가 되어버렸어요!! 곰돌이와 함께 엄마를 찾아야해요!! 엄마!! 어딨어!! 간단 리뷰 & 플레이 영상,돼지저금통,"돼지저금통님 오늘은 좀 무서운공포 게임이네요   아푸로도  잘 만들어주세요 그리고 곰돌이 인형 너무너무  귀여워요 ||| 2판있어요?3판?4판?아니예요?재밌네요...!저...동영상을 찍었는데,좋아요가...없어요...!ㅠ.ㅠ ||| 실버버튼축하해요.와~~~~~~~~~~~~~~~~~~~~~~~~~%~~~~~~~~~~~~#~##~~~~~~~~~~~~~~~~~~~~~~~~~~~~~~~~~~~~~~~~~~~~~~~~~~~~~~~~~~~~~~~~            축하해요 ||| 와..아직도 재미있네...🎉🎉 ||| 곰돌곰돌 '돼지 저금통님 목소리 뭔가 귀여우셔😄'",게임
MWaAV2WZ_r4,[마인크래프트 수술마스터] 외과의사가 되었어요!!! 사고난 친구들을 다 고쳐줄거에요!! 간단 리뷰 & 플레이 영상,돼지저금통,너무너무재미었요 ||| 재밌네요 감사합니다 사랑해요! ||| 사랑해 요 ||| 다운로드 까지   오오♡ ||| 너무귀여워요놀라는모습,게임
XOwwlg55ERg,물 불(마인크래프트),마플 마인크래프트 채널,순수한 H2O에 들어가면 상대적으로 농도가 낮은 물이 체내로 계속해서 흡수되게 됩니다 고로 결국 몸은 내부압력을 견디지 못하고 터지지요 고증을 잘살리셨군요 ||| 0:27 인생은 길지만 죽음은 한순간이라는 교훈을 새겨주는군요 ||| 이때 감성 별거 아닌데 갸웃김 ㅋㅋㅋ ||| 1:54 터미네이터입니까? ||| 꾸몽님 첨에 보글보글~지글지글~귀여워ㅋㅋㅋ,게임
1Iq2gY4DbiM,청사과 마플(마인크래프트),마플 마인크래프트 채널,운터 영상 보고왔으면 개추 ㅋㅋ ||| 0:49 목소리 죽인다 ||| 1:51 계속하면 마!!마!!마!!마!! ||| 1:51 이제는 이게 합성물같앜ㅋㅋ ||| 1:51 마!!,게임
vaiY9RtDjbM,보트 못 타게 만든 건데(마인크래프트),마플 마인크래프트 채널,2:05 뿜었다ㅋㅋㅋㅋㅋ ||| 0:17 힘없이 빠지는 하아아 소리 왤캐 귀엽지 ||| 땅이 꾸운을 섭취하였습니다. 땅이 비옥해졌습니다. 땅값이 12000원 상승하였습니다. ||| 진짜 우울할때마다 보러옵니다 ㅋㅋㅋㅋㅋㅋㅋ 볼때마다 재밌어서 웃음나오고 행복해짐 ㅋㅋㅋㅋㅋ ||| 1:05 사실 밑에 포티큐티가 삽니다,게임
b2iumr9iZaw,샐러드 토템(마인크래프트),마플 마인크래프트 채널,"마플님 토템 사진 다 멋있는데 뒤에 있는 폭발 흔적이 자꾸 거슬린다ㅋ 자꾸 그 폭발만 보게 되네 ||| 맨 마지막에 뒤에 터진배경이 있으니까 뭔가 토탬들이 싸우고 나서 나오는거같아 마치 파워레인저가 연기에서 나오듯이 영화의 끝에서 한장면같다 ||| 수능잘보게 기원하지만 토템들은 아침에 샐러드만 준다.... ||| 마플토템 기능 : 커맨드를 잘다루게 된다 .  운터토템 기능 : 트롤을 하게되고 , 자동적으로                          불쌍해 진다 .  꾸몽토템 기능 : 강력한 눈빛을 발사할 수 있다 .                           강력해 진다 .  아이리스토템 기능 : 일을 많이 한다  . (?)  메타토템 기능 : 나방이 / 벌레 가   될 수 있다 . ||| 4:13 운터님껀 그림자가 더 멋있는데요?",게임
WintmqIRRkY,마인크래프트 누가 초딩겜이라 했냐? 개무섭잖아!! | 주둥이방송,주둥이방송,ㅋㅋㅋㅋㅋ미친 다른 좀비게임은 재밌게 해놓고 왜 네모난 허졉한좀비ㅣ한테 쪼는뎈ㅋㅋㅋㅋㅋㅋ ||| 초딩때 밤되면 좀비나오는거 개무서워서 흙으로 정육면체 집만들어놓고 밑에 칸 캐서 좀비 죽였는데 ㅠ ㅋㅋㅋㅋㅋㅋㅋㅋㅋㅋㅋㅋㅋㅋㅋㅋㅋㅋㅋㅋㅋㅋㅋㅋㅋㅋㅋㅋㅋㅋㅋㅋㅋ ||| ㅋㅋㅋㅋㅋㅋㅋㅋㅋㅋㅋㅋㅋㅋㅋ 나도 초딩때 마크 처음할때 밤에 좀비나와서 완전 멘붕이였는데 추억 ||| 아니 진짜 너무 웃겨서 ㅌㅋㅋㄸㅋㅋㄷㅋㄷㅋㄷㅋㄷㅋㄷㅋㄷㅋㄷㅋㄷㅋㄷㅋㅋㅋ abc초콜릿먹다가 웃어서 다시 뱉음 ㅋㅋㄷㅋㄷㅋㄷㅋㄷㅋㄷㅋㅋㄷㅋㅋㄷㅋㅋㅋㅋ ||| 주둥이님 하는게임은 무슨게임이든 재밌어보이잖앜ㅋㅋㅋㅋㅋㅋ,게임
YNQec3zAyLk,돌고래 쇼(마인크래프트 : 마플무비),마플 마인크래프트 채널,"아니 이 영화는 매우 심오한 의미를 가지고 있다. 돌고래 쇼 하면 인간이 돌고래를 구경하는 것 이라는 고정관념을 깨 부수는 것과 동시에 자연이 인간을 관찰함으로써 인간의 나약함과 자연의 위대함을 보여주고 있으며 중앙의 돌고래를 보아 모든 생명체는 결국 이기적이고, 그 이기의 끝이 지배자이며, 지배자의 종류중의 하나가 왕임을 간접적으로 표현함으로써 1분 남짓의 짧은 영상에 감독의 철학을 매우 잘 담아냈다.  10점 만점의 10점 10/10 ||| 크으... 간만의 마플무비.... 오늘은 그래도... 정상일.... 줄 알았는데..... 돌고래가 구경하니까 돌고래쇼..... 돌고래가 방관하는 쇼... 돌고래쇼.... ||| 감명깊게 보았습니다. '인간만 즐거움을 즐길 수 있다' 라는 관습을 깨고 동물의 복지를 위해 힘쓰는 자원봉사자 '주민 5명'의 이야기를 잘 담아내었군요. 이것은 매일 갇혀 모질게 훈련되는 돌고래의 입장을 생각해보는 계기가 되고, 사람들에게 동물학대 반대와 동물보호 사상을 심어주는 계기가 될 것입니다. 또한 돌고래들이 물밖에서 관람한다는것은 인간들을 피해 해방되고 싶다는것을 암시하고 있군요. 제일 중요한 것은 동물의 이기심또한 인간의 이기심과 같다는 교훈입니다. 인간은 어차피 지구위에 살아가는 '동물'이므로 돌고래라고 인간과 다를 바는 없다는 것이죠. 하지만 그 외의 돌고래들의 평범한 생활을 담아내지 못한것은 이 영화의 허점인것 같습니다.  평점:●●●●○  아티스트 평가: 마인애플의 대단함은 멈추지 않는것 같습니다. 혼자 카메라, 구상을 했기 때문이죠. 운트롤 광선의 승천반사현상을 이용해 주민을 물 위로 뜨게한것은 정말 대단한 연출인것 같습니다.  아티스트 평점:●●●●● ||| 와...대단해...동물 학대 문제에 대해 마인크래프트로 이정도까지 표현하다니..주민들의 완벽한 안무를 보여주는 것으로 실제 돌고래들이 저정도로 완벽하게 대형을 이룰 수 있도록 하게 하는 엄청난 양의 훈련을 보여주고 있군. 동물 보호 단체에서 스카우팅해도 될것 같아.. ||| 그렇습니다. 이건 우리 인간들이 동물에게 하는 일들 입장을 바꿔서 생각해보는 현실풍자중 하나이군요. 감격스럽습니다.",게임
wXzFkQgJoz4,물량 공세(마인크래프트 : 마플 무비),마플 마인크래프트 채널,"아 마플님ㅋㅋㅋㅋ 이럴 줄 알앗엌ㅋㅋ 운터님들 멋진 이펙트에 다 날라가고 운터빔은 생각이 깊으셨네요 운터빔 무비처럼 슬라임맞고 그대로 전멸할 줄 알았는데 조준실패했엌ㅋㅋㅋㅋㅋㅋ 저 슬라임은 강하니까 마플님이시겠네여 ||| 아니 분명 물량 엄청 많은데 왜 다 터진거죠..? ㅋㅋㅋㅋㅋㅋㅋㅋㅋㅋㅋㅋㅋㅋㅋ 다굴 앞에 장사없다라는 말을 처참하게 깨버린 그는 도덕책.. ||| 거대한 벽에 가로막혀 서로 지나가지 못하고 쓰러지는 모습과, 희망으로 보였던 빔이 빗나가는 것으로 원하는 것만으로는 아무것도 이룰 수 없다라는 걸 설명 하고 계시네는 무슨 결론은 안해다  -이예에에에에에에에!!!!- ||| 평점■■■■■  이 영화는 수많은 인재들을 울리고 웃기고 공감하였습니다.이 2분이라는 시간이 아깝기보단 부족하다고 느낄 정도었습니다.개봉 1시간 후 본 것이 너무 후회되고 이 영화를 만든 마플 감독님께 12000이 아깝지 않았고 너무 이 영화를 보는게 감격스럽다고 전합니다. 이 명작 영화를  아직 안 보신 분들을 위해  교훈만 알려드립니다.big슬라임>50만군사(운터)  <운어 해석> 운점■■■■■  이 운화는 운많은 운재들을 운터운터하고 카운터하고 운감하였습니다.이 2운 이라는 운간이 운깝다는 것 보다는 운터운터하다고 운낄 정도 였습니다.운봉 1운간 후 운터한 것이 너무 운터 되고 이 운화를 운드신 마플 감독님께 12000이 운깝지 운터했고 너무 이 운화를  보는게 운격스럽다고 운터합니다. 이 운작 운화를  운보신 운러분들을 운해 운훈만  알려드립니다.big운라임>50만 운사(운터운터) ||| 악ㅋㅋ 엄청 웃엇네욬ㅋㅋㅋㅋ 빔에서 엄청 웃은ㅋㅋㅋㅋ 과연.... 운터했네요.... 역시 운터운터.....",게임
15y2Aa6XqdY,기관총(마인크래프트),마플 마인크래프트 채널,"1:17 회로장인 마플님한테는ㅋㅋㅋㅋ얼마나 귀엽게 보이실까ㅋㅋㅋㅋㅋ아니ㅋㅋㅋ결국 수동인데 회로가지고 이렇게 저렇게 하고 있어ㅋㅋㅋㅋ ||| 뭔가 정상적인게 아닐것같으면서도 보는게 마플채널의 매력 ||| 저 기관총에 탄창만 바꾸면 운터빔이 나오겠군요.     *운터빔!* ||| 야자끝나고 보는 영상,,,, ㅠㅠㅠㅠ 보고싶었습니다ㅏ,,,, ㅋㅋㅋㅋ어김없이 운터님의 클로징 멘트는 안해네요 ㅋㅋㅋㅋㅌ 오늘도 감사드려요!! :D ||| 우와... 커맨드ㅋㅋㅋㅋ 그와중에 탄피까지!!! 역시 마플님 대단하십니다",게임
SRg30eLUFv8,움직이는 그림(마인크래프트),마플 마인크래프트 채널,2:55 꾸몽님이 제일 지금까지 올라온 영상중 가장 크게 웃는게 느껴질때 ||| 미플님 커맨드도 너무 잘다루시고 목소리도 좋으시고 재밌고 마크도 잘하고 운터님이랑 노는거 볼때마다 즐거워요 ㅎ ||| 레일을 왜 보트타고ㅋㅋㅋㅋㅋ ||| 신기한 움직이는 그림!!    2:29 그림속 운터님이 신명나게 날뛰고 있다 ||| 저의 해석입니다. '토끼가 사과를 먹으려다 활에 맞아 죽습니다. 그리고 그걸 발견한 꾸몽은 침을 흘리며 토끼 가죽을 때어내고 토끼고기를 꾸몽이 먹습니다. 그다음 꾸몽은 입가심으로 사과를 칼로 잘라먹습니다.' 이거네!,게임
NwDfmAaZLeY,[마인크래프트] 피그시티 시즌4 #23화 개콤이 지키는 아주아주 위험한 좀비연구소를 만들었어요!!!,돼지저금통,ㅎㅎㅎ      재밌어 ||| 유튜브 계정도 못만들때 제가보던 유일한 유튜버중 한 분 이세요! 갑자기 기억나서 찾아와봤어요! 정주행 해보려고요(?) 감사합니다! ||| 이집.  만들때.  힘들었을텐데.  안힘들어요?   최고시내여. !!👍🏻👍🏻👍🏻😀😀😀.    고수임....쫭쫭! ||| 안녕하세요 돼지저금통님 펜인 준우입니다 재가 tv로 유튜브를못봐서 게임하는날마다 제한이있지만 항상챙겨보고있어요 재미있는 영상 감사합니다 ||| 루시너무기여워요,게임
48gLyO9JKmg,포켓몬 운동회를 해요!! [물 땅 하늘로 달려!] 마인크래프트 탁주 쪼꼬 포켓몬 #126,탁주 쪼꼬,8분 쯤에 루기아가 숲에서 보였는데....... ||| 1000000000회 가즈아! ||| 쪼꼬늠 거의 다 지네요~^^쪼꼬가 좀 불쌍하네요~^^ ||| 오늘도 즐거운 하루가 됩니다. 감사합니다 ||| 역시 탁주님 쪼꼬님 최고!!❤😘🤩,게임
DUsAXil_yVE,칠각별표 움직이는 그림(마인크래프트) with. 칠각별,마플 마인크래프트 채널,0:18 여기서부터 각카시전자가 시작된 것인가 ||| 어쩐지 프레임이 엄청 자연스럽다 했더니 60프레임이군요 ㅋㅋㅋㅋㅋㅋㅋㅋㅋ짱이네요 정말 마음에 듭니다! ||| 1:24 운터님 연지곤지가 왜 저깄죸ㅋㅋㅋ ||| 와ㅋㅋㅋㅋ 각별님.. 60장... 대단하세요!!! 크으... 정말 만 이천원짜리 영화다... 박수 오천번 쳐드립니다.. 짝짜가ㅉㄲㅏ짜ㅉㄲ...ㅠㅠ 나온 마플즙()은 히어로 운터님께서 드셨나요? ㅋㅋㅋ ||| 역시 각별님ㅋㅋㅋㅋㅋㅋㅋㅋ아주 대작을 만드셨군ㅋㅋㅋㅋㅋ,게임
68E_CSZ0rtI,로블록스 + 마인크래프트 집에 놀러오세요!,탁주 쪼꼬,🎁🎄탁주탁주 쪼꼬님크리스마스잘지네서요🎁🎄 ||| 마인크래프트 인형 정말 멋지네요 나도 갖고 싶다 ||| 저도마크해요 ||| 너무재미있어요 ||| 탁주굴젬탁주쪼꼬사랑헤요,게임
JYsfdY7cUQw,크리퍼 찾기(마인크래프트 : 크리퍼찾기),마플 마인크래프트 채널,ㅗㅜㅑ... 각별님이랑 공룡님 관찰력 무엇 ||| 운터 꾸몽 듀오였으면 없는데요? 아 없잖아 운터:안해 꾸몽:안해 게임나감 ||| 저걸 찾는다는 것보단 저렇게 숨겼다는게 더 대단한듯ㅋㅋㅋㅋㄱㅋㅋ ||| 5:00 ㅋㅋ 공룡님 사투리 ||| 운터 친구는 손이 없는 발이 4개인 돌연변이 상추입니다.  운스트라 마디까따삐아는 보통 상추입니다.,게임
lxDMPLJKnUY,운터 운터빔(마인크래프트),마플 마인크래프트 채널,"1:26 운터님 비명소리 왜이리 리얼햌ㅋㅋㅋ ||| ""운터빔은 99%의 운트롤과 1%의 운터로 만들어진다"" By: 운터슈타인 ||| 마플님 영상 올라온거 보고 박수부터 쳤어요!ㅋㅋ ||| 0:12 하트랑 배고픔이 갑자기 생기네요 ||| 운터님ㅋㅋㅋㅋ 악! 소리 내실때마다 엄청 웃었구요ㅋㅋㅋ 다두에서도 엄청 웃었네요ㅋㅋㅋㅋㅠㅠ 운터비이이이이임~~~!!!!",게임
OWx4ICGmv2U,운터빔(마인크래프트 : 마플 무비),마플 마인크래프트 채널,흙이라도 부수게 해주지...ㅋㅋㅋㅋ ||| 와!!!!! 대단하다!! 공기를 뚫었어!!!! 공기 몇겹이나 뚫었는데도 직선으로 쭉 가는거봐 정말 강력하다!!!!!! ||| ㅋㅋㅋㅋㅋㅋㅋㅋㅋㅋㅋㅋ 아 처음부터 끝까지 계속 웃었네욬ㅋㅋㅋㅋㅋㅋ 크.. 운장한 파괴력 대따녜!!! ||| 아진짜 젤 재밌었닼ㅋㅋㅋㅋㅋㅋㅋㅋㅋㅋㅋㅋㅋㅋㅋㅋㅋㅋㅋㅋㅋ 밤에 보는데 현뿜해서 혼남ㅋㅋㅋㅋㅋㅋㅋㅋㅋㅋㅋㅋㅋㅋㅋㅋㅋㅋㅋㅋ운터비이임!!!!ㅋㅋㅋㅋㅋㅋㅋㅋㅋㅋㅋ ||| 12000원으로 운터머리를 저렇게 많이 볼수있다니!!!,게임
WCiE1e7yXk8,"프란체스카(더 하우스)1,2편 한글판 플레이/기네스북 공포게임",수탉,이 게임에 스토리가 있다는 걸 처음 알았네요 ㅋㅋ (좋아요&구독하기 한 번씩 부탁드릴게요~!) ||| 맨날 초등학교때 친구들하고 컴퓨터실에서 공포게임잘하는 남자애 자리에 바글바글 모여서 눈 가리면서 봤던 게임이였는데 ㅋㅋㅋㄱㅋㅋㅋㅋ ||| 이거 유튜브에서 누가 해달라고 하시던데 해주셨네요! 많은 초딩들을 트라우마에 빠트린 게임이죠 ㅋㅋㅋㅋ 특히 빵 터지는 축구공이... ||| 초딩때 했는데 1년동안 잠못자고  11년 지난 지금까지 기억남 ㄹㅇ 기억력 좋게하는 게임인듯 ||| 와 진짜 추억게임 쉬는시간에 애들이랑 컴퓨터실에서 했었는데,게임
DiGIFMAphLk,맵 제작의 일상(마인크래프트),마플 마인크래프트 채널,1:13 아닛 타임루프라닛ㅋㅋㅋㅋ 그 와중에 운터님 뭔가 잘하시는거 같고ㅋㅋㅋ ||| 시작부터 오류를 만드는 마플 그는 도덕책... ||| 아니 테스트하는 사람이 보통이 아니라 더 오래걸리잖앜ㅋㅋㅋㅋ 아니 너무 재밌어ㅋㅋㅋ저거 하나씩 다 해주시는 운터님도 착하셔.. ||| 참신하고 맵이 좋다.. ㅋㅋ 버그 공감됩니다 브금도 적절하고. 여윽시 마플님이시네요    브금 혹시 뭔지.. ||| ㅋㅋㅋㅋㅋㅋㅋㅋㅋ버그인데 재미있어여 이 맵 재미있겠네여 마플님 영상은 항상 웃게 만드는 능력이 있나봐여 하세요 종합맵인가?ㅋㅋㅋ,게임
xB1W5SyRvVA,치사한 다리 건너기 게임(마인크래프트 : 마플 릴레이(치사한 게임)),마플 마인크래프트 채널,추억돋네.. 이 컨텐츠 다시 해주셨으면 좋겠네요 ||| 내 어린시절… 너무좋아 ||| 5:09  1년이 지나도 이건 아직도 궁굼해 ||| 이때가 레전드.... ||| 2년이 지나도 이영상은 레전드네 하세요 컨텐츠도 그립고 치사한 게임 시리즈도 그립다,게임
YPAon8IO1ig,운터 용사의 모험(마인크래프트),마플 마인크래프트 채널,옆마을은 이미 마왕에 의해 터졌군 ||| 운터님은 지그제그 마을 말고 npc마을을 지키러 가야 할 듯 ||| 이때처럼 유치한 듯 아기자기한 스타일의 영상이 그립다... 요즘은 다들 전문적인 마크 시스템적 이야기이구... 다들 성장하고 성숙하셨어 ㅋㅋㅋㅋㅋㅋ ㅠㅠ ||| 1:55 마플은  기술을 사용했다 운터는 무엇을 할까? 1.안해 2.안해 3.안해 ||| npc가 참 바쁘네요 ㅋㅋㅋㅋ 게임 가격은 12000원인가요? 모든 npc가 마플님이라니 최고다....,게임
04xKRQbZitg,대포(마인크래프트),마플 마인크래프트 채널,마플님께서 엄청나게 대단한 대포를 만드셔서 기본보다 성능이 업그레이드 된거라구요!! 응!!!! ㅋㅋㅋㅋㅋㅋㅋ ||| 신식대포 너무 강력해 ㅋㅋㅋㅋㅋ ||| 1:23 1:23 1:23 1:23 그와중에 대포 이름 UNT-roll 운트롤이야 ㅋㅋㅋㅋㅋㅋㅋㅋㅋㅋㅋㅋㅋㅋㅋㅋ ||| 2:30 ㅁㅊ 겁나 웃엇음 ㅋㅋㅋㅋㅋㅋㅋㅋ ||| *앞으로 저 대포로 얼마나 많은 npc마을을 터뜨리실까... (숙연)*,게임
ISeUFV00vVo,꾼단(마인크래프트),마플 마인크래프트 채널,월드워꾸 ||| 공포 그자체 ||| 나야.. 내가 진짜야..! ||| 이게 모얔ㅋㅋㅋㅋㅋㅋㅋㅋㅋㅋㅋㅋㅋ ||| 2:34꾸림자 분신술 솔직히 간지였음,게임
j9jr47Msd04,불우렁쉥이 저격총(마인크래프트),마플 마인크래프트 채널,1:48 와~! 유니꼰이다유니꼰~! ||| 상추 저격총은 없습니까? 에?? ||| 건축하고 커맨드까지 잘하는 그는 도대체 ||| 아 스나이퍼에 입술+눈(초롱초롱)없어서 불편하네요 ||| 1:50 순간 뻑유인줄알고놀랏음 근데 겁나웃기내욬ㅋㅋ 역시마플님 운터님이셔~,게임
oAPcONG9eb4,실제로 운터와 마플이 만나서 한 마크(마인크래프트),마플 마인크래프트 채널,맨날 마크하면서 만나서까지 마크하는 ㅋㅋㅋㅋㅋㅋㅋㅋㅋㅋㅋㅋㅋㅋㅋㅋㅋㅋㅋㅋㅋㅋ ||| 처음만나면 어색한데 어색한 감정 1도없는 그들은 도덕책 ||| 스크릿샷 찍었는데에오오? 닭 인데오 !? 이예에에에  정말 즐겁게 놀고계시는군요! ||| 22세기 운터운터님을 만나고오시다니... 수고하셨습니다 ||| 아 진짴ㅋㅋ 괜히 제가 뿌듯해지네요ㅋㅋ(?) 두 분 만나셨대ㅠㅜㅠㅜ 두 분 만나신거 생각하니 괜히 기분이 좋아져서 웃음이 나오네욬ㅋㅋㅋ 마플님과 운터님 꽤 먼거리에서 사실텐데.... 마플님께서 운터님 집으로 가신 건가요...? 아님 운터님께서...? -뭔상관이지 근데 운전면허증 가지고 계신건가-,게임
BqZld2EU1SU,배드락의 존재를 몰랐을 때(마인크래프트 : 마플 히스토리),마플 마인크래프트 채널,여기서 한가지 팁!  기반암은 베타기간 중 유저들이 땅굴파다가 너무 많이 세계밖으로 떨어진 나머지 이를 방지하기 위해 위대하신 노치신께서 깔아놓은 장판입니다. 초창기 기반암은 간혹 한두개씩 비어있기도 했다고 하네요. ||| 운터보다 더 트롤이야 이거!  =심한말 ㅋㅋㅋㅋㅋㅋㅋ ||| 보통 모바일 단순 서버나  마크 엄청 유행할 때 건축 잘 못하는 사람들이 배드락으로만 구조물 짓는 경우 있었던 것같은데... ||| 3:13 잠만 운터님이 클릭하니까 금갔는ㄷ ||| 베드락은 현재 블럭 내구도가 -1이고 건들 때마다 값이 1씩 내려가고 0리 되면 부서지는 시스템이기 때문에 베드락은 캐면 캘수록 영원히 0으로부터 멀어집니다,게임
omqB1ioPad8,꾸몽 처음 만났을 때(마인크래프트 : 마플 히스토리),마플 마인크래프트 채널,5년 전 얘기를 6년 후에 다시보네ㅋㅋ 이 영상 자체가 마플 히스토리 ||| 얼마나 그랬음 보자마자 개구리..ㅋㅋㅋㅋㅋ 마플님과 운터님의 첫만남빼고는 다 특이하네요ㅋㅋㅋ 더 몇년지나도 기억에남을듯한.. 개구리다..! ||| 꾸몽은 옛날이건 지금이건 불우렁쉥이이다 ||| 옛날:개구리다 현재:불우렁쉥이다 ||| 마플 히스토리x 꾸몽 미스테리o,게임
4vf5LjIi5Kg,하이라이트(마인크래프트 : 구독자 10만),마플 마인크래프트 채널,아 완벽하게 끝내려고 했는데 오타라니  분명 생방송 때는 제대로 수정해서 진행했는데 녹화본은 수정 안 돼있네요 ㅋㅋㅋㅋ 역시 끝까지 우리는 트롤을 벗어날 수 없는건가...  모두 감사해요!! ||| 100만때 이런 컨셉으로 한번만 더해줘 형 ||| 내가 일만명때 부터 봤는데 ㄹㅇ로 5분 정도의 영상으로 20분어치의 웃음을 찾아가는 유일한 방송 ||| 아니 이거 올린지 겁나 오래됬는데 전율이 안 잊혀서 계속들어온단 말이지 이거 연말정산처럼 또 만들어도 얘는 계속 볼 것 같음ㅋㅎㅋ 다음에 만들때 이어붙이는거 어떨까ㅋㅎ ||| *와.. 감탄이 계속 나옵니다!*  *마플님이라 가능했던 컨텐츠!* *운터님이라 재미있던 영상들!* *파크님이라 정말많은 추억들!*  + *각별님이라 새로운 경험!* *꾸몽님이라 엉뚱한 매력!*  구독자 10만명 축하드리구!  그리고..  *그는 마플책...*  *이예에에에에에에에에에에에에에에에에에에에에에에에에에에에에에에에에!!!!!!!!!!!!!!!!!!!!!!*,게임
9Ddq9sK7EPc,오늘자 개운한 마플(마인크래프트),마플 마인크래프트 채널,"1:30쯤 ""마플마플개운해졌음""이거 왜이렇게 귀엽져! ||| ""운""이 ""터""졌네 ㅋㅋㅋㅋㅋ ||| 뭐지ㅋㅋㅋㅋㅋㅋㅋㅋㅋㅋㅋㅋNPC마을이ㅋㅋㅋㅋㅋㅋ시드 막 한국어로 바꿔 보면 '폭발맵' 일듯요ㅋㅋㅋㅋㅋㅋ ||| ㅋㅋ마플님 타이밍은 진짜 엄청납니다ㅋㅋㄱ 마플님 영상 안뜨나?했는데 바로 뜨고ㅋㅋㄱ 오늘은 너무 심각하게 터지는데욬ㅋㅋㄱ 저 시드 외우시고 매일 터트리실 건가요(진짜 주민들이랑 무슨 관계이신지... ||| *이 동물은 마인애플. 초식같이 생겼지만 겉모습에 속지 마시길 바랍니다. 육식인 이 생물은 매일 밤 (8~10시 사이)에 활동합니다. 예전에는 더 늦은 밤이었지만 진화 했나 보군요.*  *엇! 저것은 NPC마을이에요! NPC마을은 마인애플에게 훌륭한 스트레스 해소를 공급해주죠. 말이 끝나기도 전에 터트린 마인애플. 시원함을 감추지 못하고 포효하는 군요*  *이예에에ㅔㅇ에에에에에에에에에!!!!*",게임
ZLhoi12Rrrc,[UNITEM게임실황]마음의소리 - 초월석의 탑 30층~32층 클리어 영상,경성,"진짜 오랜만 이심 요즘 도도하고 효준or경고 (경찰고봉) 은 기본임 스페셜미션 잘 해보셈 ||| 쌩봉,잘조,웨딩으로 깼습니다.",게임
qfFTIkT1pPY,[문명5] 옥냥이 코믹 게임실황 - 🏰불가사의 전부 다 내꺼🏰 (Sid Meier's Civilization® V),옥냥이 RoofTopCAT,"솔직히 문명은 와 진짜 개미친꿀꿀잼이라기보단, 아 연구완료...아 한턴만더..아 몇턴더 지나면 ....아 한턴만더 하다가 날새는겜이었음... 뭐랄까... 겜끄고 나면 피로감 가득.. ||| 켜놓고 과제시작하면 아빠 승리할때 나도 끝낼수있을꺼 같아 ||| 상아빠특) 4시간짜리 노광고로때려박음 ||| 15:00 더 레전드 오브 디저트 ||| 36:07 대천사님 강림",게임
l94pKgrnSVg,우린 여기 있었다2] 대도서관 코믹게임 실황 1화 - 뇌섹남들의 방탈출 게임! (We Were Here Too),대도서관TV (buzzbean11),와 생방 때 저 주사위 부분 푼다고 엄청 오래  걸리고 답답하다고 말도 많이 듣고 대도 님이랑 샘슨 님이랑 어떻게서든 풀어보려고 고군분투 하셨는데 둘이 되게 헷갈리거나 오해할 요소가 많았네요 궁금했는데 샘슨 화면이 저랬군여 ㅜㅜ 고생했네 ㅠㅠ ||| 와 샘슨 화면까지 있다니ㅠㅠ너무 좋네요 편집도 고생하셨겠네요 항상 감사합니다! ||| 두 분 화면을 같이 볼 수 있으니까 설명이 어떻게 되고 어떻게 이해하고 받아들이는지 볼 수 있네요!! 그래서 더 재미있는 것 같아옄ㅋㅋㅋㅋㅋㅋㅋㅋㅋㅋㅋㅋㅋ 마치 어려운 단어를 바디랭귀지로 전할 때의 웃김이랄깤ㅋㅋㅋㅋㅋㅋ ||| 제목에는 뇌섹남인데 썸네일은 덤앤더머같아 보여서 들어왔는데 본방봤을때도 재밌었지만 샘슨화면도 같이보니까 새롭네요 본방을 봤지만 편집본도 찾아보게되는 매력이 있네요 보면서 느낀건 정말 샘슨은 있는 그대로 얘기를 했네요 ㅋㅋ ||| 누가 샘슨 귀 좀 보호해줘ㅋㅋㅋㅋ음란대도화 될까 걱정됩니다ㅋㅋㅋㅋㅋㅋㅋ,게임
repbTpuqsvE,화제의 게임 해봤습니다ㅋㅋㅋㅋㅋ │ 로스트 아크 게임실황,헝치,ㅋㅋㅋㅋㅋㅋㅋㅋ ||| ㅋㅋㅋㅋㅋㅋ도랏ㅋㅋㅋㅋ ||| 이 게임은 또 뭐얔ㅋㅋㅋㅋㅋㅋ 캐릭터들이 인성파탄이넼ㅋㅋㅋㅋㅋㅋㅋㅋㅋㅋㅋㅋㅋㅋㅋㅋㅋㅋㅋㅋㅋㅋㅋㅋㅋㅋㅋ,게임
OcU-jXwGVRA,[UNITEM게임실황]오크1회,경성,,게임
NoHtlg-3obw,라스트 데이 오브 준] 대도서관 감성게임 실황 1화 - 과거로 돌아가 그녀를 지켜야해! (Last day of June),대도서관TV (buzzbean11),대도님 제가 살면서 가장 예쁘다고 생각하는 도트게임이 있는데 아울보이 플레이 해주시면 좋을 것 같아요 ㅠㅠ 스토리도 그렇고 제작자가 8년? 10년 동안 직접 찍어서 만들었다고 했는데 대도님이 플레이 해주시면 좋을 거 같아요 ||| ㅋㅋㅋㅋㅋㅋㅋㅋㅋㅋ히트맨도 탈모 이 게임도 탈모ㅋㅋㅋㅋㅋㅋㅋㅋㅋㅋ ||| 생방으로 봤는데 대도님 더빙이 정말... 더빙 덕분에 엄청 재미있었어요! ||| 시작하자마자 탈모디스ㅠㅠㅋㅋㅋㅋ ||| 믿고보는 대도서관 사랑합니다,게임
ttPKxZMhs1Y,[게임실황] 1년 장기 프로젝트! 어쌔신크리드 오딧세이 #1,김반희,반희님 게임하시는것 마다 너무 재밋어보여요. 게임을 정말 좋아하시는것 같아서 보기 좋아요. ||| 오늘도 이뿌네용♥ ||| 안돼 할때 너무 귀엽닼ㅋㅋㅋㅋㅋ ||| 방송을 안보고 자꾸 얼굴만 보게되는데 어떡하죠;;;;;;;;? ||| 센세  드디어 이걸 시작하셨군요..  경의를 표합니다,게임
YtLU9kh7SGM,스타이플드] 대도서관 공포게임 실황 1화 - 소리내면 죽는다!  (Stifled),대도서관TV (buzzbean11),"ㅠㅜㅡㅜㅜㅜㅜㅠ진짜 더빙 너무 행복하다 더빙게임 더 많아져서 우리나라 성우님들이 설자리가 더 많아졌으면 하네요ㅠㅡㅜㅜㅠㅠㅜㅜㅜㅜ 성우님들 사랑해요ㅜㅡㅜㅜㅠㅜㅜㅡㅜㅠ♡ ||| 소리내면 죽는다면서 마이크로 소리을 내고있어 ㅋㅋㅋㅋ ||| 와 소리를 내야 시야가 확보되는거같은데 왜 게임은 소리를 내면 안된다는거지 하고 한참생각했는데 ....보다 보니 내가 숨참고있네요ㅋㅋㅋㅋㅋㅋㅋㅋㅋㅋㅋㅋㅋ ||| 대도님 자꾸 무미건조하게 아- , 하-!! 라-, 아아- 하고 주변 보이게할때 너무웃겨욬ㅋㅋㅋㅋㅋㅋㅋ성악하시는줄ㅋㅋㅋㅋㅋ진짜 왜이렇게 웃기지ㅋㅋㅋㅋㅋㅋㅋㅋㅋ소리내면 안될 타이밍에 자꾸 소리내는것도 너무웃김 ||| ㅋㄱㅋㄱㅋㄱㅋㄱㅋ소리내면 안되는데 대도님 자꾸 소리내셔 너무 웃겨ㅋㄱㅋㄱㅋㄱㅋㄱㅋㄱㅋㄱ",게임
GeniXCFwlG8,잊혀진 언덕] 대도서관 공포게임 실황 1화 - 러스티 레이크 같은 기괴한 게임! (Forgotten Hill : Mementoes),대도서관TV (buzzbean11),ㅋㄱㅋㄱ대도님 퍼즐 쉽게 푸셔서 '아아앙 난 천재야' 이후로 자신감 업 되신게 보이는ㅋㅋㄱ ||| 러스티레이크는 그림체가 대놓고 기괴는 아니어서 괜찮았는데 이건..그림 느낌부터 기괴해서...좀 무섭네요 ||| 러스티레이크 새버전 나온줄ㅋㅋㅋㅋ큐ㅠㅠ갑툭튀요정 올때까지 안봐야겟다 ||| 7년 전 제 첫 입덕 영상 보러왔어요😢 넘 그리워요 대도님 ||| 이빨없는 할배 나올때마다 대도님이 앙녕하세호~ 하는거 나도 계속 따라하게됌 ㅋㅋㅋ 마성의 앙녕하세홍 ㅋㅋㅋ,게임
cKcn-FlkFn8,[게임실황] PS4용 소울칼리버6 맛보기!!,무적풍화륜,옛날에 ps1때. 해보고. 첨보는건데..기분이. 묘하네염. 진짜 잼나게했었는데 ㅋㅋ ||| 역시 오프닝은 초기 PS1 소울엣지가 최고였습니다. PS2 에 조선 스테이지의 머슴 나온것도 괜찮았는데,게임
ndiWCGzL9yE,[게임 실황]언차티드4 #1 이야기의 시작,혀쿤's 게임 채널,,게임
FpfWwlmYNGA,[스타크래프트 리마스터 캠페인] 옥냥이 코믹 게임실황 1화 - 스토리 정주행 가즈아😆 (Starcraft Remastered Campaign),옥냥이 RoofTopCAT,2:31 돌격병을 만나서 죽여버리려고 하는 옥냥이 ||| 28:50 아빠:레이너 목소리만 듣다가 케리건 목소리 들으니깐 한결 낫다.   케리건:같은 생각입니다. ||| 스타크래프트 스토리 정주행  당신의 멋진 결정에 박수를 보냅니다   성의의 표시로 김밥 받아가시지요 ^^@)))))) ||| 시청 포인트: 언제 치트를 쓰는가 ||| 옥냥씨 이런 장기 컨텐츠가 퇴근후 큰 힘을 줍니다 앞으로 많이 부탁드립니다! 감사합니다.,게임
nFmbOPXCJ_A,[UNITEM 게임실황]미스틱가디언16화,경성,,게임
Xpc_9uc5f00,큐디 LIVE! ] 핸드 오브 페이트2 시나리오 금장 따기! 게임 실황,큐디 Games,,게임
JUuEcYXaeDY,"[권잘레스 게임시티] LIMBO 게임 실황, 영리하게 플레이",권잘레스Kwonzales,,게임
028HDKiN_Fk,[UNITEM게임실황]마음의소리 20-5~7스테이지 클리어 영상1회,경성,,게임
VuP1JfHTo04,[몬스터 헌터 월드] 연디아 게임 실황 #1 - 지존 헌터 철수,연디아 채널 Yeondia Channel,,게임
Q8cgUOOOMIw,다크소울 리마스터] 설도사 게임실황 23화,axe,,게임
hrRxQAg8tKM,[삼국지11PK 유비] 옥냥이 코믹 게임실황 1화 - 오케이 계획대로 되고 있어🐰 (Romance of the Three Kingdoms XI PUK),옥냥이 RoofTopCAT,갑자기 방장 전략겜 쿨탐 차서 재생목록 정주행 중인데 이건 또 봐도 잼씀ㅋㅋㅋㅋㅋㅋ 믿고 보는 옥국지 ||| 1초만에 웃었다 젝일 ㅠㅜ ||| 3:33 이번 게임을 캐리하신 DJ 센세 ||| 손건으로 가후를 화술로 이기는 거 진짜 어려운건데 대단하시넼ㅋㅋㅋ ||| 초월번역을 넘어선 옥냥번역은 역시 대단해~,게임
A84orZnlfQY,닌자 잠입 액션 게임! Aragami 실황,E wev,,게임
jF3f8G4bN-Q,[류커의 원샷] 게임실황 4화[Oneshot],류커(RyukerTV_),,게임
sCqZ93WZumQ,[오징군TV]게임 실황! (01) 디트로이트 비컴 휴먼!,오징군 TV,,게임
k53x35MCq9s,[류커의 비홀더] 게임실황 1-2화[Beholer],류커(RyukerTV_),,게임
M2KVnMqLc-A,[류커의 원샷] 게임실황 9화[Oneshot],류커(RyukerTV_),,게임
XSgRmnZP2Fg,"[겜빠TV]드레곤퀘스트11 JRPG 왕의 귀환 게임실황#19 오버워치,배틀그라운드,PS4,모바일,스팀 [1080P]",이코얄리,,게임
W1dZ_YwOzoE,혼자사는 집에 모모귀신이 들어온다!! 공포게임 실황 (Momo),YouTube부스팅,영상은 재밌게 보셨나요?? 좋아요와 구독하기 해주신분들 감사드리고요! 앞으로 더 열심히 하겠습니다! 부스팅 실시간 종합게임방송 트위치 방송국 가기 : https://www.twitch.tv/boosting123 ||| 2:24 하이라이트 ||| 부스팅님의 실력에 좋아요를 뿅뿅! ||| 스팅님 대단해요^~^ ||| 형도 결국 유행 따라가는 크흨 ㅠㅠ...  bj는 고달퍼 ㅠㅠ  크흙,게임
f2o7CvTh3WM,콜 오브 듀티: WWII [#2] - 초승달 게임실황,초승달,"ㅋㅋㅋ게임을 이렇게 재밌고 즐겁고 독특하게 즐기는 분도 있다니 ㅋㅋㅋ최고네요 ||| 위장도 하고 방송열심히 하신다 ||| ㅎㅎ, 범상치 않은 분장에 웃고 갑니다.  방송을 하고자 하는 열정이 대단하십니다. ||| 01:00:29 표정 역대급 아니냐 ||| 재밋다 ㅎㅎ  영화 보는것 같앗어요 ㅎㅎ",게임
VvHaH7P_e9o,For Honor] 팍솽 스팀게임 실황! [바이킹편] 챕터 2.5 정찰 - 전장의 열기를 느껴보자! (포 아너),팍솽,,게임
0Bv_51vKYpU,[UNITEM게임실황]Realm defence7화,경성,,게임
I4hn-i8q23c,"Papers, Please] 팍솽 게임 실황! 1화 - 동무 려권내라우! (페이퍼 플리즈)",팍솽,이부분을 시청하지 못해서 아쉽내요ㅋㅋ,게임
m0d0aRm323A,신의 지하실] 대도서관 공포게임 실황 2화 - 할머니 귀신이 떴다! 신작 공포게임 (God's Basement),대도서관TV (buzzbean11),ㅋㅋㅋㅋㅋㅋㅋㅋ15분쯤 대도님 괴성지르는뎈ㅋㅋㅋㅋㅋㅋ출근길 잠이 다 깨네요 아 진심 ㅋㅋㅋㅋㅋ 진성으로 소리지르시네 엌ㅋㅋㅋㅋ넘좋다 진심으로 무서워함서 공포게임 하심이 넘 좋음ㅋㅋㅋㅋㅋㄱㄱㅋㅋㅋㅋㅋ쫄보대도님ㅋㅋㅋㅋㅋㅋㅋㅋㅋ엌ㅋㅋㅋㅋ ||| 15:37 갑툭주의 27:23 지지지지직 27:36 지지직 ||| 22:03 갑자기 목소리가 달라졐ㅋㅋㅋㅋ ||| 15분쯤 대기절ㅋㅋㅋㅋㅋㅋㅋㅋㅋ늘 그랬듯 아무리 무서워도 대도님 비명에 빵터져서 이게 무서운건지 코믹인지 알 수 없어져욬ㅋㅋㅋㅋㅋㅋㅋㅋㅋㅋㅋ넘웃곀ㅋㅋ ||| 이런 사람 피말리는 공포게임이 진짜 무서운거같아요 ㅠㅠㅠㅠㅠㅠㅠㅠㅠㅠ,게임
RT_-Ss5IasI,포켓몬고 10KM알 까기~  Pokemon Go [대잭팟 게임실황],GJ대잭팟,,게임
DYKFT--_DCE,[UFC3] 옥냥이 코믹 게임실황 1화 - 키 160cm 하이킥 선수 키우기 (EA Sports UFC 3),옥냥이 RoofTopCAT,"굳건이 다음편 기다리다 지쳐서 왔습니다... ||| 옥냥님 파스타캣 이후로 ""뚝배기~!""를 너무 좋아하는 것처럼 보임ㅋㅋㅋㅋㅋㅋ ||| 2:46 아빠는 삼각..끄적 ||| Mr.cat은 언제나 있어야만 한다... ||| 굳건이 정주행하고 다시 돌아왔습니다",게임
VxfjdROWjO8,[RideZero] 라이드제로 게임의 모드 중 카오틱 모드 Disappear fail game play 영상입니다.,타니킨,시청해주셔서 감사합니다ㅎㅎ ||| 재미있겠네요 ㅎㅎ,게임
w09Idh0PcZI,타락한푸우TV] 배틀테크 (BATTLETECH) 스팀 신작 게임실황! 죽지마 세번째 날,타푸게임즈,잘 보고 가요~ 오늘도 좋은 하루 되세요 ^^,게임
znoRHdvgZ5I,[몬스터 헌터 월드] 연디아 게임 실황 #13 - 지존 헌터 철수,연디아 채널 Yeondia Channel,,게임
ogvcDeOL-aE,[몬스터 헌터 월드] 연디아 게임 실황 #18 - 지존 헌터 철수의 해비보우건 모험기,연디아 채널 Yeondia Channel,,게임
HHHRqrVKtHE,나이트 인 더 우즈] 대도서관 게임실황 1화 - 하이틴 드라마 같은 게임! (Night In The Woods),대도서관TV (buzzbean11),"이 게임에서 인상깊었던 대사가 주인공과 주인공엄마가 한 대화에서 였는데, 엄마가 주인공한테 잔소리했나? 그래서 주인공이 ""엄마 저도 이제 20살 넘었어요""라고 말하니깐 주인공엄마가 ""그래 감옥갈수있는 나이지""라고 대답한거 아직까지도 기억남는다... ||| 이거 초반은 너무잠잠해서 후반부되야 작품의 매력을 느끼실듯하네영 ||| 이거 한번만 더 해주셨으면 좋겠어요..ㅎㅎ ||| 이 게임은 성별에 딱히 신경쓰지않는 게임이에요 그니까 일부러 힘들게 목소리톤 안바꾸셔도 ㄱㅊ아요!!! ||| 대학생이라서 몰입하고 봤네요ㅎㅎ새벽에 감성충만해지고 좋았어요!! 개인적으로는 끝까지 해주셨으면 좋겠지만..ㅠㅠ",게임
Jdfpu1cM1sI,[게임실황]언차티드4 #16 낮선 조우와 진실,혀쿤's 게임 채널,,게임
N738oMrVqD4,For Honor] 팍솽 스팀게임 실황! [바이킹편] 챕터 2.1 레이더 습격 - 전장의 열기를 느껴보자! (포 아너),팍솽,,게임
7tXMRgU3Fv4,[몬스터 헌터 월드] 연디아 게임 실황 #19 - 지존 헌터 철수의 해비보우건 모험기,연디아 채널 Yeondia Channel,,게임
BcMP2B8CrAw,[포 아너] 연디아 게임실황 #7 - 사무라이 스토리 1,연디아 채널 Yeondia Channel,,게임
G7utqhxko-4,그림자 복도 챕터2] 대도서관 공포게임 실황 4화 - 일본판 몬스트럼! 깜놀주의! (Shadow Corridor),대도서관TV (buzzbean11),"15:41 카페베네 그리고 수액님의 단호박 ||| 0:00~1:00 시작부터 성실하신 선생님분들; 2:30~3:30 대도님이 설명해주시는 귀신의 종류!! 3:40~5:10 ""IC"" 5:54~6:50 호다다다다닥 8:00~9:00 신컨, 그리고 안도의 한숨 9:30~10:30 아~야야야야야야야 (소리주의!) 14:40~15:50 익스트림 카페베네 빌런 20:20~22:30 개판 5분전 22:50~23:10 지네선생님 소리주의 24:10~25:00 찰랑 찰랑 25:15~27:00 거미인데 이건... 29:30~끝 도코니... ||| 9:39 조심하세욬ㅋㅋㅋㅋㅋㅋㅋㅋㅋ실수로 누르는 데마다 어떻게 이런 장면만 걸리는지 원ㅋㅋㅋㅋㅋㅋㅋ ||| 하 이거보다가 심장 무리오면 청소하는거 보면서 힐링합니다...내가 하는 청소빼고 청소 짱..♡ ||| 중독된다 그림자복도...최애겜 등극중!!",게임
4IFy269tyvk,[류커의 배트맨:아캄 오리진] 게임실황 10화[Batman: Arkham Origins],류커(RyukerTV_),"사실상 알프레드가 거의 서로 말만 안할뿐이지, 양아버지와 양아들 수준의 관계죠. 부모님이 돌아가신 뒤부터는 거의 아버지나 다를바 없을정도로 브루스를 돌봐주었으니...",게임
57udHKXLWxI,[어쌔신 크리드 오리진] 연디아 게임실황 #5 - 인성단의 탄생,연디아 채널 Yeondia Channel,,게임
_2TZWxL3kKg,[어쌔신 크리드 오리진] 연디아 게임실황 #25 - 인성단의 탄생,연디아 채널 Yeondia Channel,,게임
4ESMa-1lIoA,[게임실황]언차티드4 #14 고립,혀쿤's 게임 채널,,게임
6M0l1u4GUU0,응답하라 라이엇: 100회 특집 | 개발자 영상 - 리그 오브 레전드,리그 오브 레전드,"???:야스오는 언제 삭제 할거에요?  라이엇:곧 직접 플레이하게 될겁니다^^ ||| *""아리 스킨더만들고싶은데 자제하는거예요""* 역시 라이엇의 딸 ㅋㅋㅋㅋㅋㅋ ||| 아리:스킨 만들어줘 제작자:안돼 그만해 돌아가 ||| 1:09 아리 톡 튀어나오는거 졸라귀엽다 ㅋㅋㅋ ||| 겨울 때 전령을 거대 포로로 잠시 바꿔주실 수 있을까요? 개커여울듯",게임
3LddZoeYQOU,개발자 일기: 다가오는 게임플레이 목표 | 개발자 영상 - 리그 오브 레전드,리그 오브 레전드,2:03 트린꿀팁 ||| 선택권을 늘린다 (×) 개발자가 좋아하는 챔프만 만능으로 만든다 (o) ||| 올해 라이엇 최고허언은 이걸로.... ||| 개인적으로 열광 ||| 빡빡이 형 어디감?,게임
yEGJYGtgdbY,Why Every Support Hero is BROKEN - Overwatch Meta,Blizzard Guides,"https://us.forums.blizzard.com/en/overwatch/t/upcoming-balance-changes-for-support-heroes/163703 ||| If healers are so good then why do my teammates go 5 dps ||| Wow, of all the things I think are wrong with overwatch, it was never the healers. (Except for Mercy meta, but that was fixed.) If you nerf supports, it just creates a damage vacuum. Why use a tank when it’s only an ult battery for dps and no longer one for supports?   The utility of Zen and Brig and Lucio are the only benefits to having them on your team. Nerfing those things would only cause two main healers being run. Mercy and Moira both have heavy healing but low to no damage. Ana is rough and about as far from overpowered as can be.  Last thing I want to say is how can you blame pocket healing for boosted DPS or DPS mistakes? You want the boosted people fixed you do an MMR reset and put everyone back where they belong. As for mistakes, a healer fixing a team mate’s mistake is a healer doing their job. ||| •~• Don't touch my Zen ||| That's the standard complaint of a dps main",게임
xrAvItgBWmk,Star Citizen: Reverse the Verse LIVE - Ship Combat Experience,Star Citizen,"Thanks for featuring my video and giving me my THIRD MVP! That's crazy!! ||| The mix of questions was sub-optimal. Lots of questions that had 80+ votes in the forums didn't get asked, and instead questions that were not representative of the community, but only of individuals in chat, ended up in this. The whole idea behind doing the forums threads was that the upvote process would inherently improve the quality and relevance of questions being posed... the deviation from that concept was pretty frustrating this go around. John and Andy did a great job of answering the questions that were posed though. ||| Thank you very much for choosing the Day(mar)tona Video as an MVP.Everyone at Isle of Hope Coorporation is very proud of that.Special Thanks to our Member EruVendetta who had the idea and did a great Job at directing this Event.Day(mar)tonas Successor Rallye Monte Yela will start this Sunday live on our Twitch Channel. Thanks for your great work. You made a lot of people happy tonight :-) ||| Changing velocities on ballistics could be done by selecting different ammo. Ones with different grade or amount of powder in the shell.  For railguns use a slug that has more/less mass. Laser and energy weapons is just tuning the power output when firing. ||| ""they became self aware""  SHUT IT DOWN!, Shut it all down!.",게임
OWx4ICGmv2U,운터빔(마인크래프트 : 마플 무비),마플 마인크래프트 채널,흙이라도 부수게 해주지...ㅋㅋㅋㅋ ||| 와!!!!! 대단하다!! 공기를 뚫었어!!!! 공기 몇겹이나 뚫었는데도 직선으로 쭉 가는거봐 정말 강력하다!!!!!! ||| ㅋㅋㅋㅋㅋㅋㅋㅋㅋㅋㅋㅋ 아 처음부터 끝까지 계속 웃었네욬ㅋㅋㅋㅋㅋㅋ 크.. 운장한 파괴력 대따녜!!! ||| 아진짜 젤 재밌었닼ㅋㅋㅋㅋㅋㅋㅋㅋㅋㅋㅋㅋㅋㅋㅋㅋㅋㅋㅋㅋㅋ 밤에 보는데 현뿜해서 혼남ㅋㅋㅋㅋㅋㅋㅋㅋㅋㅋㅋㅋㅋㅋㅋㅋㅋㅋㅋㅋ운터비이임!!!!ㅋㅋㅋㅋㅋㅋㅋㅋㅋㅋㅋ ||| 12000원으로 운터머리를 저렇게 많이 볼수있다니!!!,게임
GFjeKJDO8wQ,도망자 보드게임 하는 법 | Board Game Fugitive Rules | 3분게임요리,보드라이브 BoardLiveGame,앞으로도 3분게임요리 영상이 많아졌으면 좋겠어요!! 룰영상 중에 가장 편집이 깔끔하고 보기 좋아서 항상 잘 보고 있습니다. ||| 설명 정말 최고네요.. 해보고싶어졌습니다 ||| 룰북보고 아리송했었는데 영상보니까 확실히 감이 오네요 ㅎㅎ 감사합니다 ||| 드디어 올라왓네요 ㅎㅎ ||| 이벤트 카드 사용이 헷갈렸는데 덕분에 알 것 같아요!! 다음에 재밌게 한번 해보겠습니다. :),게임
bn3Mp-FZKaE,❄️ 4 FREEZE DECKS that are DESTROYING LADDER! Win in 1 PUSH! ❄️,Clash With Ash,"Other videos to check out when you're done here....  1) Balance changes revealed + my thoughts - https://goo.gl/bCz8SM 2) Nicole on voice breaking down her GY/Freeze deck - https://goo.gl/vvpCXj 3) Lolorob Bowler/Valk GY freeze deck break down - https://goo.gl/SCGx1P ||| Lmao that fail xD ||| Happy weekend! Working on a double upload for tomorrow! ||| Epic fail Ash, smh. That was hilarious. Great content as always. Thanks. ||| Freeze is the most lethal offensive card in the game when used at the right time. It's hard to find something more satisfying in this game than a well-timed freeze",게임
XkXEiUg1AlA,"Overwatch: 1,400 Boosters BANNED! - Is Doomfist Overpowered?",FREEDO,"Boosting gets a major crackdown in Korea -- but in the West we can barely get players to _try_ ... What a different world... ||| Anyone remember when doom was a throw pick ||| Rip Ana 3:43 ||| Junkrat was OP after buffs, and so was Hanzo 2.0. They pretty much overshadowed every other DPS in the game with pure damage numbers and effectiveness; plus ease of use in comparison to heroes like Tracer/Widow/McCree/Soldier.  Doomfist is more in line with how effective Tracer was back in the older metas; where her kit just offered the right answer for pretty much everything. We already had Doomfist nerfed on his launch, and slightly tweaked around. He never really got better; the game just demands more impact from its heroes now, and he provided just the right amount. ||| Doomfish isnt op but he is a fish",게임
FIKpyrGQ-zk,#1 DECK FOR TROPHY PUSHING! Best Balloon Cycle Deck — Clash Royale,SirTagCR - Clash Royale,"This loon deck is back & it got better than ever! Hope you guys enjoy ez cups :D Check out the RoyaleAPI deck stats here: https://bit.ly/2HB5vnm Deck: https://link.clashroyale.com/deck/en?deck=26000006;28000000;26000038;26000037;26000039;26000032;27000009;28000008 ||| Very useful hints mr.tag. been watching all your videos lately...thanks! Cheers from Brazil ||| That Chief Pat fireball tho 🔥 ||| Tag you are the only one other than the great Pompeyo to use this deck very well. Glad you recognize Pompeyo, he is a true CR Legend. ||| tag on the balloon ,let's go guys😍 ha ha awesome thumbnail,nailed it👍 great video🎮",게임
WvRZI68v740,(IT무료강의) 파이썬 프로그래밍 - 파이썬 conda 활용하기,보안프로젝트[boanproject],,과학과 기술
YSeSXYkD4ws,"(IT무료강의) 파이썬 프로그래밍, Python - JupyterLab 설명",보안프로젝트[boanproject],아직 Python 2를 쓰시나요? jupyter lab의 경우 Python 2와 Python 3가  용법상 차이가 있나요?,과학과 기술
uTQEo8f_458,(IT무료강의) 1 1 파이썬 개요와 아나콘다 설치 실습,보안프로젝트[boanproject],"아나콘다 설치할 때 저스트미로 하니까 안되서 올유저로 ㅇ햇는데 왜 안되는건가요,,",과학과 기술
744mfi7YTS0,(IT보안무료강의) 파이썬 스쿨-1 5 변수와 숫자 연산,보안프로젝트[boanproject],,과학과 기술
OxO8w1xZIpg,(IT보안무료강의) 파이썬 프로그래밍-IDLE활용,보안프로젝트[boanproject],,과학과 기술
efQn-aUg-XI,"LG전자, 2분기 상반기 최고 영업이익, 애플의 신제품은 맥북에어인가 맥북 리프레시인가, 갤럭시S10 3개의 카메라 장착할것으로 - 7월 2주차 주간 IT뉴스 -",Gadget Seoul,오 너무 말잘하신당 앞으로 많은 영상 부탁드릴게욥ㅋㅋ항상 품질 좋은 영상 감사합니당~~ ||| 매번 질좋은 정보 감사합니닷~~~!!! ||| 귀에 쏙쏙!♡♡ ||| 영상 만드는것에서 정성이 느껴지네요 거기다 댓글들에 소통하는거까지.. 내용과 상관없이 멋지다랄까 ||| 좋은정보 고맙습니다~,과학과 기술
AWnkgZFUlxA,갤럭시노트9 출고가는? / 엘지디스플레이 폴더블 디스플레이 패널 만든다 - 8월 1주차 IT뉴스 -,Gadget Seoul,항상 잘 보고 있습니다. 초등학교 때 S2를 사용한 이후로도 IT산업에 대한 이슈와 지식을 항상 접하고 싶어하며 살고 있는데 가장 잘 정리해서 알려주시는 유튜버가 아닌가 싶습니다...! 진짜 나중에 술한잔 하고싶을만큼 내용이 너무 알차네여 항상 감사합니다! ||| 행복하고 건강한 8월되세요. 좋은 소식 항상 감사합니다. 그나저나 무리하게 체중조절하려다 건강 상할 수 있으니 그냥 편하게 생각하세요. ^_^ ||| 오늘도 잘 봤습니당~ ||| 오늘도 깔끔한 진행 잘 들었습니다 ㅋㅋ ||| 이제 전자계열 기업 입사를 앞 둔 예비직장인입니다. 늦게나마 Gadget Seoul 님 영상 챙겨보고 좋은 정보 갖고갑니다. ㅎㅎ,과학과 기술
bJ4xm0eV45k,"에어파워 최신 소식, 30만원 저렴한 아이폰X 外 6월 4주차 IT뉴스",Gadget Seoul,v30 경찰청이랑 엘지랑 계약해서 합법적으로 특판하기 위해 공시 올린것이라고 하더라구요. 그래서 직영점은 2주전에 전물량 회수하여서 찾을 수없고 대리점에서나 가능하답니다. 그것도 팔았을 경우 대리점에서 통신사측에 5만원가량을 역리베이트하여야 해서 아는 분이 통신사대리점에 있지않는한 구하기 힘들다고합니다 ||| 구독자 천명 돌파하셨네요. 축하드립니다. 타 유튜버들과 달리 애플제품 리뷰가 아닌 IT관련 이슈들을 다루는점에서 차별성을 갖고 논리적으로 접근하는 방식이 유효한것 같네요. 개인적으로 여러 유튜버들이 성장하는것을 봤을때 구독자수는 퍼센티지에 비례해서 증가하는것으로 보입니다. 한 두달 전에는 이삼백명이었지만 이대로가면 한두달안에 5천에서 1만명은 도달하실것 같네요. 항상 응원하고 있습니다. 파이팅! ||| 듣기편한 톤과 깔끔한 영상 그리고  그동안 국내에선 보기힘들었던 믿을만한 출처를 가진 정보 공유에 구독누르고 갑니다. 유용한 컨텐츠 계속해서 부탁드려요 ||| 구독자 천 넘었네요 대박이다 ㅊㅋㅊㅋ! ||| 에어파워 보단 워치나 맥북처럼 자성이 있는 충전기를 아이폰에도 도입하면 좋겠네요 물론 아이폰 애플워치 에어팟 전부 가지고 계신 분에겐 각각의 충전기 필요 없이 에어파워 하나면 유용하게 쓰일 수도 있겠지만요,과학과 기술
XEM1-8SPHWE,"하반기 애플 신제품, 그리고 새로운 아이패드 / 노트9 발표, 바뀐 S펜의 모습은? / 엘지디스플레이 차세대 아이폰 OLED 공급 할 수도  外  - 주간 IT뉴스(7월1주) -",Gadget Seoul,최근 테크유튜브중에 제일 관심가지고 즐겨보고있습니다. 포브스나 해외 유명 트위터리안 트윗 등 해외 정보를 기반으로한 자료들을 정말 완벽에 가까울 정도로 잘 요약해 전달하는 솜씨가 부럽습니다. 자극적인 컨텐츠들과 달리 어느 진영에 구애되거나 네거티브적인 코멘트도 전혀 없어 피로감 없이 시청할 수 있는 것 또한 it범성애자인 제 입맛에 너무나도 잘 맞네요. 항상 좋은 영상 감사합니다. ||| 오 뭔가 확 정리되니깐 더 듣기 편리하다 형...더운데 수고많아요 ㅠㅠㅠㅠ 쉬엄쉬엄하세요!  좋아요 누르고 갑니닿 ||| 한주간의 IT소식을 깔끔하게 정리해주셨네요 ||| 항상 잘보고있습니다 좋은영상 감사합니다! ||| 새로운 아이패드 프로가 나오면 사려고 기다리고 있는데 반가운 소식이네요! 잘 요약해서 알려주셔서 IT알못도 알아들을 수 있어서 좋네요ㅎ 구독했습니다! 앞으로도 열심히 챙겨볼게요~,과학과 기술
MaSUFYO3q5Y,"[동영상뉴스] 미래 제조공장 ‘스마트팩토리’ 빅데이터, 클라우드 등 IT 기반이 핵심","대한민국 대표 산업플랫폼, 다아라TV",국내의 멋진 시각화 솔루션인 b2i-lab.com 의 씨투아이를 참조해 보세요.,과학과 기술
kJoZVAZA_GA,"도요타와 소프트뱅크의만남 | LG V40은 눈이 다섯개 | 마윈 은퇴의 진실 [쉬운 IT뉴스,아뉴! 10월 셋째주]",Korea EN-CORE,매주 기다리고 있습니다^^ 앞으로도 좋은 컨텐츠 전달 부탁드려요! ||| 말을 전달력 있게 잘 하시는 거 같아요~ 좋은 콘텐츠 감사합니다!,과학과 기술
MhFgWIun-MU,2018 맞춤형IT보조기기 지원사업 (카드뉴스),보일러TV [보조기기 with love],,과학과 기술
PjOx8oM57OI,N01.[AI]인공지능의 다른말 머신러닝을 알아보자,파랑파랑용,,과학과 기술
0bBufbsF2_c,AI(인공지능)와 4차산업 그리고 미래_최종환(1/3),종환최,,과학과 기술
knnM8C_q9-k,"국민의 삶을 바꾸는 혁신성장, 과학기술이 뒷받침합니다!",과학기술정보통신부,,과학과 기술
-Z8RBnB2G7o,제19회 중소기술혁신대전 / 4차 산업혁명 혁신기술 컨퍼런스,This is Block Chain Tech-Conference,,과학과 기술
OsKhmg63cRg,무인이동체 기술혁신과 성장 10개년 로드맵,과학기술정보통신부,,과학과 기술
Apik3NZmWzQ,제14회 과학기술혁신정책포럼(2018.11.5),한국과학기술단체총연합회,,과학과 기술
Q-TONioOcH4,과학기술 ODA 활성화 방안 발표 / YTN 사이언스,YTN 사이언스,,과학과 기술
ta6r9wdLPA4,비즈텍코리아 기술혁신개발사업 홍보동영상,비즈텍코리아,,과학과 기술
Q-3yU8TFWUg,우리 기술로 우주세상 연다 다음 달 첫 시험비행,과학기술정보통신부,,과학과 기술
DriPL28AEoc,"사투리까지 알아 들을 수 있는 AI번역기, 중국 기술력 장난 아니네 ~ 신기*대박*아이템",스낵테크,,과학과 기술
FHTgCLbD0sU,물리학 전기회로 쉽게 배우고 실험할 수 있는 신기한 펜 ~ 신기*대박*아이템,스낵테크,,과학과 기술
6J6BRvqCF3k,갤럭시 S9 슈퍼 슬로우 모션,Kei,1등 나도 저거 해봤는데 넘 신기함ㄷㄷ ||| 저도 유튜브에 s9그거 올림 ㅋ,과학과 기술
GYM0rpXRVXI,[이지엠테크] 투광등 2M 반복 자유낙하 실험 (Floodlight 2m  Free Fall Test),eGM Tech Stellon,,과학과 기술
V__GO4rzg9k,과학실험_소금물 충전지_사이언스캠프,건빵박사사이언스캠프,,과학과 기술
Yv_YQy6L0pg,물의소용돌이 [아이테크],[itech]아이테크,,과학과 기술
APvrj8vbOhw,도르래의원리 [아이테크],[itech]아이테크,설명이 없으니 알수가  없내 원리와 무게 방법을 설명을 안하고 화면만  인무리 봐도,과학과 기술
IZaMvbk8YFY,색깔그림자 [아이테크],[itech]아이테크,,과학과 기술
SJIBHKCf8JQ,지진체험 [아이테크],[itech]아이테크,,과학과 기술
jktq-R8XpgE,순차 곱셈기 동작 영상,Soribung,,과학과 기술
N33Cveo6EnA,[리얼테크]신기한 어름 자르는 칼 ! SPEED Spread 열전도를 이용한 댓인벤션!![산업방송 채널i],산업방송 채널i,오오오 신기신기 ||| 스쿱이알리미늄이라고알고있는데 사요하다보면 벗겨지거나기스는안나나여  혹시그렇타면 인체에 무해한가여,과학과 기술
4t_aY9H8On4,산림과학원 산사태 실험을 통해 알아본 산사태예보시스템,소암컨설턴트TUBE,,과학과 기술
eGySFLW0qDs,The Companion Robot Designer,Bloomberg Originals,"You should give all these seniors each other's contact info so they can hang out. ||| Amazing how just some simple head motions make a machine feel more friendly ||| Betty perfectly describes the goal for future auditory AI, conversational feedback. This company is really lucky to have someone who can trial their product while also having a history of working in computer science. ||| This robot is innovative and intriguing and all, butI'm MUCH more interested in Betty. She's 93 and was getting a master's degree and working in computer science at a time when very few women got any any education beyond high school, if they made it that far. She just casually mentions working in a computer lab at Harvard in the early 50s. You can tell by the way that she talks to Danielle that she's accustomed  explaining things to people (maybe she's been an educator as well as a scientist) and that her mind is still very hard at work. I'm far more intrigued by her and her life than by the device. Someone should get her on Storycorps quick. ||| the saddest part of life, living alone. though I'm only on my 30's I know how it feels. the worst thing that could happen when living alone is to get depressed but with this invention it will help senior citizen to be able to handle the loneliness a great deal.",과학과 기술
BVfkbyxcY5g,HP Spectre Folio | Behind The Design | HP,HP,"I just bought mine about three or four weeks ago, for the people who are considering/hesitating - this convertible laptop is awesome, you won't regret it ||| Austin Walker you magnificent fool! ||| HP is always excellent! ||| The spectre line just keeps getting better and better, brb selling my old specter and kidney ||| This new form-factor is really impressive! Although leather could easily get stained or damaged...",과학과 기술
JKVO9XdPItY,Vector is Cozmo for grownups,TechCrunch,"Vector:  ""What is my purpose?"" Rick: ""You pass butter"" Vector:  ""Oh my God..."" ||| Yes, this is what I've been looking for. I need to get one, right now.        And maybe break open it's internals and look into it's programs and code. ||| I like cozmos personality better. Like a child throwing a tantrum now and then... Vector is the smart older brother who knows it all. Hmm I gotta get both. ||| Vector : I love you.... Good... ||| Always on means the Maker wants it to be alive like pets,thank you.",과학과 기술
nRTRyfIDp4k,Gartner Top 10 Strategic Technology Trends 2019,Gartner,"This video should be memorized, digested, and consumed by all the business developers. ||| Awesome. ||| ur presentation done well. u provided examples with the situations. ||| I love this video and want to show it to my students. Unfortunately, autogenerated captions do not meet the ADA accessibility requirements for my class. Could you edit/update the captions to ensure they are correct and have capitalization/punctuation? Thank you!!! ||| I am more curious to dig deep inside quantum computing as see more we are moving forward towards technology the more critical would be the problem solving skills would be.",과학과 기술
U8VlgihYxiE,EP10: have you heard of additive manufacturing? 🇬🇧 | Safran,Safran,"I found this in a ad, and I had to find the original video ||| OK ||| Do you know Emma?",과학과 기술
sdYmXYKS6Mo,EP6: what is an inertial navigation system? 🇬🇧 | Safran,Safran,I understood the concept with smile on my face all time. ||| Had to subscribe just because of all the effort and props needed for this one. ||| Wow I am amazed with the amount of props you have ||| Good presentation in a very relaxed mode ||| Thank you for demonstrating that Earth is FLAT and NON ROTATING.,과학과 기술
Swj7WxvKVOU,ITIL - What is it? (Introduction & Best Practices),SysAid,"Now I want to eat pizza 🍕. And I still don’t understand ITIL ||| Currently taking some ITIL training to better my chances at advance in Cybersecurity. I've been an analyst for 6 years and am looking to move into a leadership and decision-making position. I really appreciate this video. ITIL is clear to me now, thanks :) ||| DUDE. I've always preached that comedy belongs in IT instructional videos. Well done, sir. Good form! ||| Just passed my ITIL SO Exam.. Finally! ||| High 5 for the introduction bro",과학과 기술
S0uRKKydZk0,Freshservice Demo | Best ITSM Software | Right Sized ITSM Solution,Freshservice,"Very impressive functionality, and an incredibly user friendly interface! ||| Thanks for this!  ✨ 😍  🌟 ||| Comprehensive Tool...cheers !! well explained ||| Is Freshservice multi-tenant? Can it be used by an IT MSP for multiple clients? ||| how do you go about accessing the admin side of the fresh services environment",과학과 기술
3aaI8Jz_ixI,DIY Barn Door Hardware from Washers - Easy and Inexpensive,Ana White,"WAY COOL....I just knew there had to be a nice, affordable way to get this hardware!  THANK YOU. ||| Barn doors of that type aren't common in Northern Ireland. I've a space for a larder and on the other side my washing machine with dryer on top. It's built, since 2008, except for larder shelves and doors. I hadn't the funds to finish it, I'm almost there, so this method and your shopping list is just perfect, as it will be more economical and is just perfect! Thank you so much for sharing your knowledge. ||| I can see how you could save a lot of money making your own barn door hardware! Thank you for sharing this beautiful barn door and how to make your own! ||| I love the barn door on there, gives it that something extra for character!  lovely design and thanks for sharing! ||| Adding to my last comment Ana, I think this idea of yours is about the smartest thing I have ever seen on the net. Thanks",노하우/스타일
6ad07z8P17s,DIY Garage Storage / Shelf / Workbench Solution,Modern Builds,"Just build a version of this with my dad over the weekend.  We decided to go with 3 inch lag screws and washers for everywhere it connected to the wall (almost every stud along the back wall). We also decided to double up the 2x4s like some comments suggest under each shelve section(front and back).  We also figured I wouldnt need the coat rack portion so i just evenly spaced the 4 shelves on each side (this doubled my workbench space) and for now I only put up one 8 foot section over the bench( mainly because my garage roof is shorter than the garage in the video) and this allows for more head room. Later we may throw the second 8 foot section up and build a larger work bench next to this and include a table saw.  All and all this video was a great help (plus the comments from ""concerned"" viewers. Thank you all!! ||| Just finished my own version of this. Used manual tools thought the entire project except drilling the holes on the wall.  Even with a Japanese saw and a square, I couldn't get to build perfectly squared frames, even less proper length middle supports. But OSB board is very strong, rested 70+kg and no warping. So no middle supports on the side shelves (I'll see if I strengthen that part in the future.  I also didn't have a perfectly straight wall, and it's concrete one so I had to premark the holes in the wall while holding the supporting wood planks, that took 2 people.   Project took about 9 hours and looks very nice! No more tools laying around the house.  Thanks for the tutorial! ||| Just watched a few videos of similar garage shelving projects. This one provides the most practical approach to install the whole thing by a one-person team. It also allows for checking the shelves are level. Well done! ||| Thanks so much! Did this in my garage and saving almost $300/month on storage fees. ||| Mike, thank you so much for your tutorial! I completed this project in 2 days and with a little bit more than 12 feet to work with (I just shortened the workbench to 4 feet). I've never constructed anything outside of IKEA furniture, never used a circular or miter saw, and the simplicity of this project, along with the drawings and thorough instructions made it relatively easy to accomplish. Thanks again!",노하우/스타일
v-PB2rVp39A,How to Make a Water Bottle Bong,greenrush,"Damn this is probably the easiest and best working diy bing I’ve seen ||| For anyone trying this, when you melt the bottle make sure you blow out the plastic fumes. No point in harming yourself when it’s easily avoided ||| Damn. This is exactly how I used to make ‘em without even having a tutorial 😂. Stoner ingenuity is real. ||| Just tried it and i gotta tell you this is a 10/10 ||| I had a piece from my last glass bong, instead of the foil heat the marker plastic and wedge your bowl piece to fit in nice and snug , idk why I hate smoking on foil lol",노하우/스타일
FMX_rk_ApI0,Stencil An Easy DIY Wall Mandala In Under An Hour!,CuttingEdgeStencils,We love all of Cutting Edge Stencils wall stencil designs! Browse ALL Mandala designs: https://www.cuttingedgestencils.com/mandala-stencils.html ||| Beautiful! I just stenciled my bathroom and I am in LOVVVVE ||| So satisfying to watch! 👍 ||| Great job! Beautiful results 🌞 ||| Very nice ❤,노하우/스타일
XsW8huORLkQ,DIY Built In Shelves Library Cabinets,Paul Tran DIY,"Great job man. Wife asked for one so im gathering ideas. Glad i found this. ||| This is definitely one of the best built in shelf tutorial on YouTube! I keep coming back to see this impressive work!!!⭐️ ||| Looks awesome! Amazing work u did! I would just change power outlet for wires away from cabinet for easier to turn them on, or Alexa controlled. 👍 ||| You do awesome work I showed my husband your videos and he is very impressed . He was able to build our bookshelves because of your videos they really helped Thank you so much for your brilliant work and for sharing. ||| Wow! Great job. Love the idea of the strip lighting! I want one of these for our living room with space for my husband tv in the center. Never thought of putting lighting under the shelves. Very cool! Love the tip for the Lowe’s cabinets too. Definitely what we need for storage. Thanks!",노하우/스타일
hDuwkU93cew,Easy DIY TOOL BOX (Metal and Wood) | DIY Creators,DIY Creators,"I've been wondering how to join aluminium sheets together other than welding and you just showed me how. Thanks! ||| out of all the creators i watch your the clearest most specific youtube there is, i enjoy all your videos. ||| I especially like your creativity and the close ups of your finished project. ||| Wow that looks great. For people who don't have welding skills or tools, your down to earth and common sense approach was very refreshing and most of all very inspiring. Please keep up the great work.  PS now that your daughter has a desk, you should build a her a workbench where you can teach her the joys of sanding! ||| This is one of the best builds yet. Simple. Elegant. A+++.",노하우/스타일
dgjga9RQjgs,DIY Patio Furniture: Outdoor Sofa | The Home Depot,The Home Depot,"Very simple design. The easiest one we have seen yet! We would make a few alterations to suit our needs. My husband said he would make the backrest taller and add center reinforcement legs. Other than that, we are going to make it! Thanks ||| This was great, I just finished mine, can’t wait to try it out this weekend. I’m also considering making the love seat and chair to go with it all you have to do is bring down your cuts and your golden ||| I have a sudden urge to build a sofa now ||| Thank you for this video, so easy to follow ||| *_SALUDES DESDE COLOMBIA, ME ENCANTA ESTE ALMACÉN Y SUS HERRAMIENTAS._*",노하우/스타일
PUJHTB4c1Fs,Router Table and Fence | DIY Router Table Build - Part 1,DIY Montreal,"NEW! ►GET THE PLANS: http://bit.ly/RouterTablePlans  Watch Part 2 - Building the Router Cabinet https://youtu.be/oGA4ZlJptrw Watch PART 3 - Dust Collection https://youtu.be/WMhIZ9WkNbI ||| I have lost count of how many videos I have watched on router tables but this is by far the best looking one I've seen. Will very likely base mine on your design. Cheers from Australia. ||| I don't know what is more impressive, your woodworking skills or your video creating skills.  Very nice table, well done, well explained, well edited, well lighted  and no annoying overly loud music. ||| Great build! It took me a while to find a good video on how to do this. Yours is the one. Thanks! ||| Very nice!  I have watched more DIY router table and fence videos than I can count.  Your videos on the topic are by far the best I have seen.  Your methods seem to me to be accurate, fool proof and easy to duplicate.  I consider myself an experienced woodworker but you simplified things that I would have made unnecessarily complicated.  I was searching for fence ideas but I learned of a lot of other features to add to my table.  Thank you for taking the time to put this together.",노하우/스타일
Jkh8S0i79PA,DIY Drill Charging Station,John Malecki,"Thanks again for the help!!  Project built - not finished - but too excited and hung it on the wall.  Wish I could post a pic to show you.  It has a few flaws of course - but adapted and hid them - and moved on.  Thanks again. ||| Built this over the weekend. Easy build and looks pretty good. I did however change one thing and used a french cleat to hang it. Total cost was $100 for the sheet of plywood and a bunch of screws Thanks Your work  bench is next ||| Looking at this now.. your videos really have made some progress. ||| John that turned out really nice!  I like how you added the trim to the front as well, really cleans it up.  I made one about 1/4 the size, its currently housing my only drill haha ||| Bought Plan's converted in vcarve pro after 30 minutes in CNC beautiful build thanks.",노하우/스타일
BcY-sDQB9c0,Simple Modern DIY Desk and Chair for Kids,DIY Creators,"When you have kids and they are all over you, your business and none of your business. Kids. A blessing.   Just know that I will always love your videos no matter what. ||| omg your baby is an absolute angel. she s so lucky to have a dad that can make her cool stuff. and trust me, that desk she will be using till shes five at least. so u have got a good 4 years to go. ||| That is one nice looking kids desk, and a very happy baby. ||| I think she likes it. My grandfather was always making things for me, still miss him 50 odd years since he died.  Thanks for the video. ||| Her face when she opened the drawer! That's what I look forward to. I have to make a desk for my 5 year old and I will get some inspiration from your design. Thanks for the video!",노하우/스타일
jjdXpp77MdU,DIY CNC Router for Under $900 - Free Plans!,DIY Builds,"Watch my 3 year update video here: https://youtu.be/_IqhyFwksJk ||| people like you who not only put in the time and effort to make something like this, but also show others how they can do it themselves, are the kind of people this world needs. thanks man ||| This is the Gold Standard for a DIY build video.  Just the info needed, no annoying music,  good lighting, good camera angles, explanation of the circuits including SAFETY, software configuration. start to finish.  All that on top of an excellent build. ||| The calm energy in this work feels soothing, like a gentle pause in life. ||| You can’t buy this kind of education from any University! Crazy talented fella!! Thank You",노하우/스타일
6HixAQyPBAw,DIY Workbench,Shanty2Chic,"Unbelievable!!! Simple! Functional! And the Free Plans??  They are free!! No more begging for cut sheets from the rest of these ""Woodworking"" gods on You Tube!  You girls just ROCK!!! ||| I’m a novice woodworker who was looking for a simple, inexpensive, strong, and easy to construct workbench. I found it in your video. I’ve been searching YouTube forever, everyone is making these large heavy benches with 6inch tops that you need a barn full of woodworking tools and machines to make. Your free plans are simple and easy to understand and I can adjust the measurements to fit my workshop. Good work ladies and thank you for your valuable videos. ||| Ladies, I felt compelled to express my gratitude for this video.  I have used this as the foundation for the many workbenches I have built for friends and family for many years. Having just finished another workbench for a friend, I just wanted you to know how much I appreciate what you have done.  Thanks, Dan ||| This is a pretty solid little workbench. While once you figure out how it comes together, it is physically Easy to assemble https://www.youtube.com/post/UgkxyFZUPFEey-PuqsPMxqaykBhgA1LWxFHh by yourself. But the diagrams explaining the steps are really pretty bad. I could not get the handle pins in all the way despite multiple attempts, so I just used a screw I had on hand for the 2nd handle. I could not get the first pin in further or pull it back out. You are supposed to hammer it in, but I had no leverage and the handle is plastic and I did not want to risk breaking it. I will get a lot of use out of the bench because of the convenient size and height. It does fold up nicely for storage. They even explain how to fold it so you don't get pinched...that is important! ||| Many thanks for this video.  I watched many, as we just moved into our new house with a 3rd car garage and now I have a workshop!  Your workbench seemed like the best one for my space.  I also have a 7 1/4"" miter saw and didn't want to use 4x4's.  First item I needed, as you perfectly said (so I don't work on the floor) was a workbench.  I wish I could upload a picture, it came out exactly as I wanted, thanks to your directions.  You guys are awesome!",노하우/스타일
c7-uhm9bZdM,DIY Drill Powered Disc Sander,One Minute Workbench,"I  haven't bought plans very often, but your use of the bearing block stood out to this former mechanical designer. Nice separation of the smooth work of the disc/bearing/shaft  and the wobbly nature of the drill. Bought the plans, will build this when my good drill press gets here. ||| Looks great and bought the plans for a winter project.  Only thing i see is the plans say 1/2"" plywood, but it sure looks like 3/4"" in the video... ||| I like how you used mostly hand tools almost every body can get their hands on instead of expensive power tools, great video ||| I’ve got an old corded drill I no longer use. So this is just the project to make use of the old drill and create an awesome sander. Thank you. ||| this has instantly turned into my favorite wood project channel - your ideas and solutions are so darned smart.",노하우/스타일
cqj8cxRRJig,DIY Rolling Side Table | Rolling Table Saw Stand,Living to DIY with Rachel Metz,"I love your channel its amazing 😍🤩😻👍🏼 it is the most useful diy ever I can’t wait to do it 😘🤩😍😃🐶🦄 ||| I just purchased my first "" grown up "" table saw. This is just what I was looking for to store it. Thanks... ||| very well explained easy to understand THANK YOU ||| I've watched several videos now on how to make this, but have to say that your video is the one I like the best --- very straight forward and plan to follow your instructions! ||| superb job. i love seeing women knowing what they're doing when it come to wood working. my wife and I do things together wood working metal etc. really good video..nice post production work. keep it up Rachel.",노하우/스타일
jzMcaLszuq8,Net of a Tetrahedron - Pull-up nets,James Welham,legends are watching this for school project cause submission is tommorow ||| That thing is cool! How its forming the shape of a tetrahedron ||| It is also a triangular pyramid because it's base a 🔺triangle and 3 triangular faces ||| what is the measurement of side? ||| does it work with any measurement?,노하우/스타일
vH9EUTvA5tA,DIY Bookshelf – Simple Wood Projects | The Home Depot,The Home Depot,"Alot more involved than I would have ever guessed for sure. ||| nice video  but supply list should be listed first and size of boards as they are being used ||| Recently built our home and now we are upgrading and Home depot is my main shopping store! Im exceited to share our videos for everyone to see 💕💕💕💕😊😊😊 ||| great video and thank you for the cut list 👌👍👍 ||| going to add a door to this to make it a pantry and also another one a storage cabinet for brooms and stuff like that, thanks!!",노하우/스타일
5zVKxD-EESU,How to use a Joint Roller Machine,greenrush,"Ive used one of these for 20 years and the way youve shown looks so much harder when the paper is put in first ||| Out of my 40 years of smoking and seeing ppl use these machines, i have to say this is the 1st time I've seen a rolling machine used this way ||| Loool, i think he purposely doing it wrong just for us to comment ||| I've never thought about putting the paper in first! Always done it last. I will try this and see if it's better for me - thanks! ||| .25 G joint",노하우/스타일
wZSCLbYEqCA,DIY Modern Blanket Chest or Toy Box // How To Build - Woodworking,Crafted Workshop,"Thanks to Lowes for sponsoring this week's build, check out the DEWALT 2-Tool 20-Volt Max Power Tool Combo Kit here : https://low.es/2AeGKqS #sponsored Check out the Kreg Accu-Cut and K5 Pocket Hole Jig here : http://bit.ly/KregTool ||| Great video, and SMART ADVERTISING!!!  Perfect little box in the corner , while Not interuppting the video and gaurenteeing it doesn't get fast forwarded. Very smart ||| Best way I've seen in a long time to include a sponsor in a video. Non intrusive and didn't feel like it took away from the video. Well done. ||| You made red oak look so modern. A great example of how doing the simple things correctly can turn out looking so fresh and finished. Great vid Johnny. ||| although i do not do alot of wood working myself, i find your videos very relaxing to watch. thank you",노하우/스타일
GiZKzf7LoWo,DIY Bedroom Closet With A $100 Budget: Woodworking Home Improvement Project,Miller Made Workshop,"Great video!! Exactly what I was looking for and I've already picked up the materials, cut and now painting! Very easy peasy. ||| THANK YOU!  All the modular systems are hundreds to thousands of dollars to buy in stores.  This makes me so happy. ||| You lucky to have you dad help. My dad used too to. Nice job .. thanks for sharing ||| My like goes to you your work and at most your dad. You dont know what's like to be having a supportive dad.  You are blessed. ||| Your helper is adorable",노하우/스타일
ZKRRUtfCdvQ,85 AMAZING DIY COMPILATION - Handmade Charm Collection!,Nim C,I love your charms so much ||| Beautiful charms ||| All the charms are so adorable ||| The big toast looked so realistic. love it ||| Love you nim your charms are beautiful,노하우/스타일
tpYtqxuqqg4,照明付き！足場板で作るナイトスタンド- Lamp stand DIY,LIFULL HOME'S,,노하우/스타일
gXi3gSj2TFQ,DIY Murphy Bed Without Expensive Hardware | Homemade Folding Bed under $100,TheIdeaBox,"Here it is. How to make Tablesaw-   https://youtu.be/1sSWvQaJJxw ||| Now This is a DIY! No expensive tools, no expensive hardware, just an idea an intelligence, thank you my friend ||| No fancy machinery, No thousand dollars workshop  but simple tools, Reclaimed materials... Simple but well conceived murphy-bed! Great job!!! 👍👍👍 ||| ""So I took the top piece off and flipped it...it worked"" I love it so much!!! Thanks for showing us the stuff that didn't go as planned and the fixes for them. ||| I arrived here because I was researching the possibility of using piano hinges for my bed build. It ends up that I have found the finest 'how to' video on YouTube to build a folding bed. Thank you TheIdeaBox. You answered many questions for me. You should come and build out vans and campers in America you would make a fortune ! ! A breath of fresh air my friend, thanks again.",노하우/스타일
J-xTJN_eX2Y,DIY Twin Low Loft Bed,Mr. Build It,"Enjoyed the video, just what I was looking for to upgrade my kid’s bed from a toddler to a twin size, plus I like that there is plenty of space for storage under the bed ||| Literally on a binge watching your videos, excited to see what you bring in 2022 👍 ||| Used your technique to build a bed. Had access to a wood laminate to overlay the side rail (length) and the headboard / footboard (width). Beauty ||| This is a valuable addition to my woodwork collection https://www.youtube.com/post/UgkxkNYRBJuiJ6EwD-tQSAlxg0eFKsnR2cgz  I still will rate this woodwork plan as the best in my reference library. It always seem to stand out from the rest whenever you go through the library. This is a masterpiece. ||| Love the simplicity! Looks great!",노하우/스타일
DhbMnQt14_o,DIY Studio Lights - How to Build Your Own!,DIY Perks,"Thanks for watching everybody! These are the photography grade LED strips: http://rover.ebay.com/rover/1/711-53200-19255-0/1?icep_ff3=2&pub=5575347517&toolid=10001&campid=5338215129&customid=&icep_item=182965299789&ipn=psmain&icep_vectorid=229466&kwid=902099&mtid=824&kw=lg  The rest of the parts are in the description. ||| Not gonna lie... When you first showed the finished product, I thought it was something you bought and then modified. It looks SO well done and professionally made. 10/10 ||| Do you know what I like the most of your videos? The metric system.... F-ing Finally!! ||| I like how you showed the way to manually make the component despite having cnc! ||| I have modified my version. All dimming controls are external using a 5050 DMX controller and added RGB Amber and UV giving me full control over the entire colour spectrum. 8 channels each. (Controlled on the negative not positive.) and made 16 of them for mounting on 2metre F34 quad truss totems with moving head spots. Gives the stage a pop of colour effect and some other uses too. 128 channels of computer controlled lighting. Used a bit thicker Al sheet",노하우/스타일
rI9cFvEMIAc,DIY Sandblasting Cabinet,Andrew W,"No unnecessary talking, just straight to the point. No unnecessary talking when we can see what you are doing. These are the YouTube videos I keep coming back to. You get it, thank you for taking the time to produce this great content. 👍 ||| Nice build. Finally someone who is not just trying to recreate a commercial design, but something most people should have no problems making. Also happens to be how I am making one, but I went cheap on the plastic box and I've gotta find a better one like you used.   2 Side notes;   Hose clamps around the gloves for better security and maybe pick up both ends for the air quick connect and use them to put the air in but a lot easier to seal up that hole. Make a short flexible hose for the gun in the cabinet and you'd be set. ||| People asked about parts.  I want to build this cabinet to clean small metal model trains, researched what he used, and found these:  BOX Sterilite (P.N. 1933) Gasket 32 qt Storage box, available at some Home Depots,  $10.37.  FLANGE  4"" dia toilet flange, about $4 each Home Depot, if that does not fit my arms I will cut plywood disks. GLOVES  I would use heavy rubberized gloves to hold the work, like rubber-dipped fabric, and use the long gloves as air seals. Amazon or Walmart, kitchen rubber cleaning gloves, various brands, with fabric sleeves  $8.99  Alternate gloves, I got these for brewing beer and keeping the beer clean - Harbor Freight elbow length PVC gloves, $6.99 ||| Great Love it. I dont have enough space in my Garage for Cabinet, will certainly use your idea. THANKS ||| So clever!  Thanks for sharing the hack!",노하우/스타일
87M2Zxaymdo,Organize a Drawer With These DIY Drawer Dividers | Zillow,Zillow,I am the first one so pin and give a heart on my comment,노하우/스타일
yZr6J_cmxKU,初心者でもわかる！タイルでキッチン雑貨をDIY「モザイクタイルのカフェトレイ」 #タイルクラフト #タイル張り #クラフト #手作り雑貨,ボウクス株式会社,,노하우/스타일
5owyhOi90jQ,DIY Headboard - Rustic Headboard Tutorial | The Home Depot,The Home Depot,"Cut list for Chevron pieces? ||| sweet .... home depot carpentry awesome thank you. My passion is to fix the world ||| Anyone know what hardware would be required for mounting to the frame in the other video? ||| I can not find the video on making the frame, can you give a link? ||| First!",노하우/스타일
qaRkZuINcAQ,DIY Outdoor Patio Cooler Ice Chest Made Using Basic Tools // Woodworking - How To,Crafted Workshop,"Thanks for watching, y'all! Download the FREE plans here: http://bit.ly/PatioCoolerPlans The tools for this build were purchased from True Value Hardware, the sponsor of this week's project : http://bit.ly/truevaluehardware ||| Enjoyed the video! Just picked up some trek board from the big blue store, roughly 200’ for about $31, which was returned by someone with a few of the boards mitered... and I got some of the most expensive pvc decking board, which was 20’ long at $80 a board with no defects and I got 8 for the price of two. So it never hurts to check on the outside of the building on the lumber side or ask an employee,you never know what deals you can find! ||| I love the magnet idea ||| Nifty project just in time for the 4th!  I like this design because you can still use the cooler independently unlike some other designs out there.  Great job! ||| Cooler support looks like a little baby table. It's adorable.",노하우/스타일
bt5vwoRv8WU,DIY Welding Fabrication Table - Stronghand On a Budget,Making Stuff,"Great music, attitude and concept of the table ||| Anyone else have the issue where your sitting there at like 1 am with a couple videos queued up and you say ""I'll watch these then go to bed"" and then your sitting there hours later with more videos queued than when you started? ||| One of my all time favorite videos on YT! ||| Someone who takes the serviceability of the casters into consideration, at last!  Most other welders on YT seem to hate screws so much, they weld the casters directly to the table frame... ||| I'm thoroughly impressed! I was trying to figure out how to make a table like that without having to buy special fasteners.",노하우/스타일
VAy1yAltHOQ,"Fresh Flower Garlands, Bridal Jewelry, how to make yourself!",Tazin Ahmed,So beautiful 🎉 ||| You’re not showing how to prepare but it’s very beautiful ||| Wow ||| So Beautiful ||| Jay swaminarayan,노하우/스타일
we6fO7eHwkw,3 DIY CHOCOLATE BARS + Packaging for Valentine's Day 🍫🍫🍫💖😍 | HONEYSUCKLE,Honeysuckle,"🍫🍫🍫💖😍 thumbs up! ||| The fruit and rose bar is so so pretty! ||| Thank you for this cute idea! I wanted to add that stirring direction does not matter... What matters is to keep chocolate temp under 95F or otherwise you'd have to re-termper it. So good job turning off the heat to melt it, that is what made it work. ||| You are so adorable, kind and thoughtful! Thank you! ||| This is such a lovely idea 👌 always making great content ❤️",노하우/스타일
uFjNi5HR6-8,"How to make a winter cat shelter, DIY winter cat house",donna dooley,"This is how I remember what to use… “Hay is for horses, straw is for strays” good job though! ||| Nice idea but Straw should be used instead of hay since straw has less moisture and works better as insulation for cats ||| You should attach a six inch pvc coupling or a pot with the bottom cut it and put in the hole cutouts. It blocks and shields the wind and prevents rain from coming inside. ||| This is good that way multiple cats can survive the winter. ||| I love that you put 2 holes in so they can easily escape if they need to for example if another species of animal were to come in that they do not get alone with and I like that there’s a window. This is such a great idea and you’re a really amazing person for being so thoughtful and caring.",노하우/스타일
Txi49Wz1hPw,Dollar Tree DIY Real Wood Lantern,Jay Munee DIY,"Nobody will probably read this but I hope you have a great day today!! ☺️💛💛 ||| You are my favourite youtube crafting channel because your projects always look great and they use affordable materials. Every time you called your square a level it made me cringe. Still just love you Jay! Keep up the great work! ||| ""Jenga Jay is back, baby!""  I'm am ready to tackle one of these, I already bought some Jenga blocks and ready to work it!  These lanterns are beautiful, thank you Jenga Jay! ||| I’ve bought those block kits SEVERAL times for my children 😆😆😆and I NEVER thought to use them for a lovely decor craft 👏🏾👏🏾👏🏾👏🏾👏🏾This is LEGIT 🔥🔥🔥🔥🔥🙌🏾🙌🏾🤩🤩🤩🤩🤩🤩🤩 ||| OK I just finished the video and I am going to make both of these the bigger one and a smaller one they’re going to be such a cute little set side-by-side together with some other farmhouse Decour that I either have or will buy thank you for this wow it is amazing and those things if you buy them their way more expensive I love it I love it I love it I love it I can’t say enough how much I love this you have done it again friend that is awesome sauce!!!!! WOW❤️❤️❤️ and for those of us on a budget I saw another video one time where you can stain wood with shoe polish from the Dollar Tree. And that’s what I’m gonna do! I think they have a very similar dark brown Color.",노하우/스타일
nYR6HAzOTAc,Long Arm Tool holder DIY,The Fabric Patch,"Love the coffee filter idea for threads. I'll start doing that when I'm hand sewing my hexagons! Thanks Cindy❣❣🥰 ||| Thanks Cindi🥰 I LOVE the coffee filter idea too!!  ... for my spare threads n stuff while sewing by hand or on my machine. ||| You could also lay a piece of foam shelf liner inside or a hand towel.  Cuts down on the noise!  (I have ear/noise problem) Love your tips! ||| Coffee filers are better than paper plates ! I use them for a lot of stuff—- great tips- love it! ||| Clever! Love to repurpose items. My longarm frame is only 5 ft, so no room for the cookie sheet, but I could definitely make use of a coffee filter. Thanks for sharing!",노하우/스타일
QzlP9GzgpPs,DIY Paper Basket : How to Make Easy Paper Basket for Gifts,Ventuno Art,"For a moment at the end I thought that I failed but your song gave me hope and I successfully made the basket. Thank you soooooo much ||| It's so nice, beautiful, lovely and good. Yesterday was my birthday n my friend gave me a chocolate, today, I will give her this basket with a paper ring inside it ||| Thanks bhai aaj aap ki vedio ki wajah se mere school ka project ban gya ||| very good and beatifull. Thanks for the craft. I'm beatifull😀😀😁👍👍❤❤❤❤❤ ||| Thank you so much! I used this basket to make my girlfriend a small basket with poems, origami frogs, and some other stuff and I'm gonna give it to her soon! Super helpful, thank you so much!!",노하우/스타일
ANKwCKhdON4,Easy DIY Pull-Out Cabinet Anyone Can Build!,EngineerYourSpace,"Here are the things I mention in the video:  3 tier pull out cabinet: https://amzn.to/2HH3dCC  4 tier pull out cabinet: https://amzn.to/2HbdNm1 5 tier pull out cabinet: https://amzn.to/2F7luDw   DIY pull out cabinet:  Tools: Drill: https://amzn.to/2K2t8Ts Drill bit kit: https://amzn.to/2JdMYKc Countersink drill bit: https://amzn.to/2HgsBjb Speed Square: https://amzn.to/2qRhMZR Tape measure: https://amzn.to/2qRfMk7 Miter box and saw: http://amzn.to/2GzyW5P  Materials: 1”x6” Screen molding 1” Corner brackets Nuts and bolts wheels: https://amzn.to/2JiOAm9   Supplies: Shellac: https://amzn.to/2qPt8NS Paint & paint brushes Sand paper ||| I really appreciate her showing  that there was miscalculation at first -- mistakes are important, too. ||| I loved this video... strait to the point and not A lot of needles talk ||| I bought one of these from a DIYer several years ago, but came to YouTube to see what else I could do to make it more stable.  So, maybe not, but WHY it never crossed my mind to install a hook or something to keep it from coming out beyond the fridge and cabinet….I have no excuse! Thank you so much for that invaluable and very necessary safety feature. It’ll make all the difference in my comfort level of using it now. ||| You did a very good job!  So nice to see some women doing real DIY instead of crafting projects. Your kitchen is enviably organized and clutter free!",노하우/스타일
ukM0rz0GwBY,DIY Circular Saw Track Saw Guide | Limited Tools,Modern Builds,"I have a small shop but a ton of tools. I don't have a lot of high dollar tools , like Festool, but some nice stuff. What a lot of people don't understand when they get into woodworking is that your big tools aren't where your money goes, it's in your drawers. For example I have a $99 Craftsman router table but I have about $600 worth of router bits. Sandpaper alone is about $200. I love your limited tool series, it gets people into it that couldn't afford everything else. It also shows that you don't always need all of the extras. Great Job Mike !!! ||| Great project. I think I'll build one. One pointer for you: When you tap holes, turn the tap 1/2 turn, then back a 1/4 turn, then forward 1/2 turn, etc. This will clear the teeth of the tap and will make the hole cleaner, with less chance of breaking the tap. This becomes REALLY important in thicker/stronger material. Also use some oil when tapping to make the cutting easier. ||| Great idea. I made mine from 1/2” ply. They took a bit of sanding and waxing to make the saw slide smoothly but now they work great. Thanks! ||| I built one but I had a big problem. The factory edge I started with wasn’t a factory edge or straight. Didn’t figure it out until I made the Final Cut. What now?  I used my board straightener jig on my table saw to straighten out the “factory edge”.  I used a tight string line with nails for spacers and measured from the string to the board all along the 8’. It was perfect to my surprise. Then I cut the other side parallel. I flipped the board over and trimmed all four sides of the tracks. Two from one side and two from the other side. Then I removed the circular saw track board and built a new one. When I made the Final Cut the cutoff piece was perfectly consistent at a thickness of less than a credit card. Success. I’m so happy was was able to save it.  My suggestion is to trim the track boards after securing them to the main board because it was much easier to get the gaps perfect.  Thanks for a great video. ||| There are so many DIY track saws, guides etc out there but this one works great and I didn't need to run to the hardware store for a bunch of parts.  I used 3/8 MDF and it is still heavier than heck.  Thanks for sharing your design.",노하우/스타일
1ktmYhJ6svI,DIY Battery Powered Bluetooth Speaker // How To Build - Woodworking,Crafted Workshop,"My first job was soldering audio jacks for an entire summer so I got pretty good at it. I ended up working at that place for almost 10 years. I'd say you did a really good job for your first time soldering. Here are my two biggest tips: 1 - put a dab of solder on the tip of the gun before touching it to the wires. This helps transmit heat from the iron to the wire. You want the wires hot enough to melt the solder, otherwise you'll get a cold joint that could break or have lots of resistance. 2 - Use spring clamps to hold your parts. Just put them on their side and clamp the part in place. ||| I've watched bunches of videos like this, I built 7 boomboxes on my own and I can officially say that this is the best one I've ever seen, good job! ||| If it sounds anything like it looks, it must be amazing. Such an awesome project! ||| DUDE!!!!!!!! Great project and she is Beautiful          I’m heading to my shop now to take a set of 18yr old computer speakers my good friend Dave gave last week and do the same. Unbelievable that he has had them that long and they sound great. They come with a separate subwoofer. ||| This looks great!! The only addition I would do is to install a couple of 12v 8Ah batteries and charger so you can make it a portable great looking boombox! It will require some additional electronics to convert 110v to 12v, to measure charge and stop charging when full... but I think it would be totally worth it!",노하우/스타일
UQK6vRYKkY0,$100 POTTERY BARN LADDER FOR UNDER $9! 💙 DIY Farmhouse Blanket Ladder,Do It On A Dime,"Can’t believe people sell something so simple and cheap to make for $100+ dollars 😅😅 this looks amazing can’t wait to build mine! ||| my husband made me one and I display my childrens  hand made baby quilts and blankets on it in our family room. I love it so much!!!! ||| I appreciate how you always have your children with you and how you can still do so much while keeping them busy, playing with them, teaching them, checking on them, and  including them in anything that you are doing! It shows the Real side to being a stay at home mom and the reality of how kids should be involved in helping out.  So many you tubers moms have a whole video on cleaning, cooking, decorating, getting ready and working out while their kids where never even around! There is No way that a pregnant mother with 3 kids under 3 or 4 could get all that done and not have them hanging on her or wanting to be involved!! My 3kids all want to feel involved and always love helping me decorate or just do household duties! Especially when I was pregnant!! Lol!!! You show us how to trully do everything and still be a MOMMY to them!! My babies come first, always 💙 💓 ❤ 💕 💖 💗 ||| Just made this tonight and I had 4 - 17 inch pieces left over. I took a screenshot of the measurements and had them cut exact measurements. I’m thinking if I was supposed to have one 17 inch piece left over then it should be cut longer than 5 ft. It still looks ok but I do wish it had been a little bit taller so that’s why I’m commenting on here, just in case someone else decides to make one for themselves. I love your channel and I’m so happy for you having hit over 1 million subscribers.  Congratulations ||| My first time on this site. I think she is adorable and the project is great.",노하우/스타일
oo7ot4wGsUE,Rolling Tool Cart / Planer Stand DIY,731 Woodworks,"Check out my top videos: https://www.youtube.com/playlist?list=PLWVlC66wUw8bz3aDDBzdPhub5QF1FovEt ||| How funny is to see you and your workshop 4 years ago. congratulations for all your work ||| I heard that brother! I'm 62 years old and I've had my DW735 since they came out. I love it, but that thing is a beast to move, even when I was younger and stronger. A dedicated mobile stand is the way to go! ||| With my little 8x12 shop, I put 10 inch pneumatic tires on mine so I could roll it out in the yard.Great build! ||| I looks at these videos and I see how much progress you've made. Your a big influence in my journey to become a better woodworker. Proud of you bro!",노하우/스타일
5PwAPqKpVM4,How to remove tub drain without any special tools.,HINESIGHT Classics,"Holy crap! After fudging with this thing for hours….. your a miracle!!  This drain has been on here for like 30yrs till now! 😊😊 ||| Best method ever ! Just pulled out 20 years worth of hair. Appreciate you bro 🙏🏽 ||| He should say, how to remove a LOOSE bathtub drain strainer without any special tools ||| That was so clutch man. I'm doing my bathroom demo today for a full remodel to save myself some money. Thanks for the awesome tip. ||| I’ve been struggling on & off for 2 YEARS with a slow draining tub that’s clogged up multiple times and I couldn’t for the life of me figure out how to remove that dang thing to finally fix it.  I’ve watched video after video and no one ever showed it! YOU ARE MY HERO MAN!!! In 2 seconds I was FINALLY able to finally see how to see how to get that God Blessed old rusty part off and clear that line for good! Mine “looked” like it had a stripped screw on top of it that I could never seem to remove, but it turns out, it didn’t!  THANK YOU!!!",노하우/스타일
lbyv8INoIEE,How to Roll a Joint Without a Filter,greenrush,"tucking is my worst enemy ||| Mine always turn out as chodes, but I'm glad you roll flawlessly. ||| I was taught to roll by using the boat style and we twisted the ends to prevent joint from bleeding that why some people use tips. ||| The grinder was from WW2 ||| 😂 Bruh, I'm a 56 y/o newbie and you taught a sista something, you saved my night. I've never rolled and after watching you, Bruh, I got this shit!!!   😘 KUDOS TO YOU DUDE!",노하우/스타일
xPHM0h1kNOU,Net of a Cube - Pull-up nets,James Welham,Me:using it for my school oroject 💀☠️ ||| I have a school project to do and this will help me. Thank you 😊 ||| This gave me chills… in the best way ||| Thank you sooooooo much I needed this ❤ 💗 💓 ||| Those who watch for school project  👇,노하우/스타일
PESbxAUwfIQ,DIY IKEA SCHOTTIS Blinds Installation - IKEA Home Tour,IKEA USA,"For those who bought these blinds, this is a great product, but be careful while installing. Don't forget to cut the stickers that'll hold it down into two equal pieces, this way when you need to pull it up, the clips will hang onto the stickers on the blinds so that you can retract completely, otherwise as other users found out, it will not hold it. ||| I heard so many people saying they fall.. Here's a tip: clean the surface where it'll be installed. Make sure is dry. After you add the sticker, hold it tight for 1 minute. When you apply the stickers you gotta hold them tight for a bit this is like basic glue situation, even with fast drying ones. ||| Why are people hating on blinds that cost 5 dollars... they're cheap for a reason. I love the black ones, since I am not someone who adjusts my blinds often i usually just have them fully extended.  Heres a tip, cut the blinds as closely as you can to the exact width of your window (leave some more space and slowly trim off) that way you can just push them up and down while have friction hold them. For the 10 dollars I paid for 2 of these they block pretty much all the light coming in through my windows, for complete blackout i can just put curtains infront of them.   Amazing for the money. ||| They are now $3.99. There are several problems. The clips do not accomodate having the blinds fully open and the sticky things to keep them down are unsightly. Fine if you do not want to open and close them but not useful for real windows. ||| I just installed the black ones and I love them",노하우/스타일
eniE7_2ewmw,DIY: Pumpkin Feeder for Birds,National Audubon Society,I am gonna make it today! Brilliant! ||| Great idea! I was thinking the little pie pumpkins would be perfect!  Love your YouTube channel ❤    Watching from Eastern North Carolina ❤,노하우/스타일
PTLKTJDcWMA,[뷰티] 힙스러움을 +3해주는 메이크업 & 스타일링 TIP 3가지 | 씨채널 코리아,C CHANNEL Korea,이달소 희진 닮은굿 같기도 하고 아이유 닮은것 같기도 하고 ㅠㅠ 진짜 예뿌시다 ||| 점 찍은거 진짜 잘 어울리신닷 ||| 이쁜 분들에게만 추천합니다......... ||| 헐 너무 이쁘타ㅠ ||| 매력점 원래있는...,노하우/스타일
Oadb--rE8og,30가지 역대 최고 메이크업 팁,5분 Tricks DIY,,노하우/스타일
HmwjqztgCw0,[뷰티] 입술 모양 별 립 메이크업 팁 4가지 | 씨채널 코리아,C CHANNEL Korea,제발 너네는 뷰티만 하지 말아줘... ||| 결론:컨실러로 입술을죽이고 새로 그린다. ||| 첫번째 분 입술깨물으신거 같은뎅...?? ||| 응답하라1988도 아니고 너무 옛날스럽다 ||| 오우 진짜 꿀팁이네,노하우/스타일
HHqXD8ly62U,화보 메이크업 4가지 메이크업 포인트 tip ✨  l 이사배(RISABAE Makeup),RISABAE,오와 진짜 신기하다 분위기가 이렇게 다르다니.ㅠ  사배님 이뻐요 ||| 메이크업 아티스트가 화보촬영을 위해 직접 메이크업을 하고 있는게 너무 멋있어요bb ||| 3:23 여기 거만메이크업 생각났어욬ㅋㅋㅋㅋㅋㅋ사배찌 그냥 연예인아녀..?진짜 다어울리고 예뻐요ㅠㅠ❤️ ||| 불쑥불쑥 사슬이행님이ㅋㅋㅋㅋㅋㅋㅋㅋㅋㅋㅋㅋㅋㅋㅋ ||| 한땀한땀 메이크업을 빚으시네...멋져요!!,노하우/스타일
4K9OD0wcx6k,[화장초보] 쿠션 똑똑하게 바르는 팁! 380만뷰 베이스메이크업 겨울버전 | 블리블리 꿀광쿠션 / 쏭냥(ssongyang),쏭냥,"블리블리 꿀광쿠션 '더보기'에 리뷰 적어두었지만, 댓글이 보시기편하실거같아서욤!! + 코쪽, 턱쪽 모공이 많은 분들은 꼭 프라이머를 발라주시거나, 크림을 좀더 실키한 제형으로 바꿔 사용하시는걸 추천드릴게요, 생각했던것보다 너무 꾸덕한 제형이라 사실 이 영상 촬영하면서 베리떼쿠션으로 바꾸고싶었던 마음 백만번..!! 하지만 꿀광쿠션 리뷰하기로 약속했기때문에! (안좋은쿠션도 좋게만들어주는 것 또한 팁이라 생각해서!) 꿀광쿠션으로 했는데 좀더 마무리감이 매끈한, 밀착력 좋은 쿠션 사용하시면 더 매끈한 표현 오래 유지하실 수 있을거에요! 이번 영상 팁은 '크림+밤' '톡톡두들겨바르기(솜X)' '쿠션바르는방법' 이라는거~!  ""엄청난 꿀광!을 기대했던 분들이라면 살짝 실망을.. 하지만 커버력도 중상, 촉촉함도 중상(하지만 시간지나면 살짝 매트), 무너짐도 보통이라 평소 사용해보고 싶었던 분들은 그냥- 잘 사용하실 수 있을 것 같아요. 스킨케어부터 광나게 하시는 분들에게는 추천!"" ||| 친절한 영상에 감동감동...ㅜ ||| 화장 초보라서 정말 기본적인 베이스 메이크업 영상을 찾고있었는데 필요한 정보들만 알기쉽게 설명해주셔서 너무너무 도움이 많이 되었어요 >< ||| 쏭냥 언뉘이😍 너무 사랑스러운거 아닙니까? 유용한 영상 오눌도 감사합니당😁 ||| 흐억 ㅠㅠ베리ㄸㅔ랑 어퓨중에 뭐가 더 좋을까요 추천부탁드러요 💖",노하우/스타일
_16PG4dMgJk,메이크업 실기 합격 꿀팁#9 저는 이런 것도 모르고 시작했어요.,스칼렛의 비밀의 문 The secret of Scarlet,스칼렛님 덕분에 좋은 정보 많이 알아가용ㅎ ||| 저도 영상보고 알앗네요 좋은 정보 감사해요 ㅎㅎ ||| 구멍이 없어요ㅠㅠ,노하우/스타일
ecMi7zO2Nn0,[뷰티팁] 완벽한 베이스 메이크업 TIP (The perfect base makeup tip),WON해요,"알람 뜨자마자 왔어요!!! 친절한 설명 감사해요!! 저 라곰 제품 넘넘 좋아요!! ||| 베이스제품 잘고르는법도 알려주세요~~!! 영상 잘보고있습니다❤❤ ||| 어머나 ||| 아아아~~~ 땅긴다는 제목 보고 들어왔다능~~ 얼굴이 너무 당겨요, 진짜~~~ 좋은 꿀팁 감사요~~~",노하우/스타일
11HLfr8m134,아름다움을 향상시키기 위해 25가지 메이크업 팁,5 분 Tricks,0:35  시작하는 아이디어는 과자 애호가들에게 감사 할 것입니다! 그리고 메이크업을 사용하지 않더라도 달콤한 립글로스 나 영양가있는 초콜릿 스크럽을 맛보아야합니다. ^^ ||| 너무 이뻐요!! > < 잘보고갑니다!!!! ||| 진짜 꿀잼이예요! 5분 TRICK에서 보걸 실제로 만들어 보니 완전 꿀짐이고 어떻게 저렇게 잘 만들었을까..... 라는 생각도 해욬 ||| 바셀린은 못먹지 않아용? ||| ㅠ,노하우/스타일
QRF9WcBtWLQ,인생 증명사진 건지는 메이크업 팁! 합격을 부르는 면접 프리패스 증사?!★ | kkosisters,꼬유진,오오 감사합니다! 곧 새로운 증명사진을 하나 찍어야되는데 마침 이렇게 올려주시다니!!😍영상보면서 열심히 따라해볼께요!!🤗 ||| 냥이 너무너무 귀여워요오❤❤❤ 글구 넘넘 이뿌세요오❤❤❤ 항상 영상 올려주셔서 감사해용❤❤❤ ||| 꼬자매 너무좋아요ㅠㅠ...❣ 금손과 얼굴이 다한 증명사진 ㅠㅠ ❣❣ 전보다 훨씬 깔끔해진 영상이 너무 좋아요!!!!!❣ ||| 오...메이크업 대박..정말 이쁘네용 민증 사진으로도 괜찮은 메이크업이네요.. 민증 사진 맘에 안들어서 다시 찍을려고 했는데 정말 깔끔하고 이쁜 메이크업이네요 이메이크업하고 다시 찍어야겠어요!!❤,노하우/스타일
JfeHSpz7WBQ,어려보이는 트렌디 메이크업(동안 눈썹교정 TIP)  (방훈TV),방훈tv,화장고자...로 산지 34년 입니다. 도와주세용~!😂😂 ||| 이분 뭔가 쿨톤메이크업도 잘 어울리실 것 같아요... 메컵 자체는 진짜 예쁜데 1정도 더워보이네욥.  (조명탓일수도) ||| 방훈쌤 메이크업 너무 좋음! 고급시러워여 ||| 와..수많은 메이크업들을 봤지만 메이크업된 얼굴사진만 보고 나도 받고싶다고 생각한거 진심 처음이에요 ||| 와.. 진짜 세련된 느낌이에요 터치하나하나 마다 상세하게 꿀팁도 알려주시고 잘 보고 있습니다!,노하우/스타일
YK1wZGb6jeM,눈썹의 중요성?! 눈썹 정리 팁 [겟뷰의재발견],tvN D STUDIO,요때멤버구성이최고엿다.. ||| 꿀팁 영상 감사합니다💛♥️화장 중에서도 제일 어려운 부분이 눈썹인데 도움 많이됬어요 🤗 ||| 5:35 완전 제 눈썹이네요;; 즐찾하구갑니다.. ||| 정리할 눈썹이 없으면 어떡하징... ||| 2:56 완전 제 눈썹이에요 대박.. 손질법 몰라서 막 자르다가 비어버렸는데 눈썹 다시 자라면 저 방법대로 해야지ㅠ,노하우/스타일
Z_tKncQWTdU,새내기 메이크업 팁 & 튜토리얼 로드샵 위주로!,서애쿠,아이메이크업 넘나 제스타일! 꼭 해볼께용~!!,노하우/스타일
EW3cVOszlMM,[1분팁] 트러블 커버력 높이는 메이크업 팁! 파운데이션 커버력 높이기,서애쿠,언니 컨실러 제품 이름..ㅠㅠ 다음부턴 제품 이름 좀 언급해 주시면서 넘어가면 더 좋을거 같아요 ||| 미간에 있는거 사마귀 인가요? 점 이라기엔 너무 볼록 튀어나와있는데... 사마귀 같아요! 피부과 가서 지우세요 보기에 별로 안 좋음,노하우/스타일
0HVOKqI9jg8,SNS 셀카용 청순메이크업 도전기! (메알못 팁),제이제이살롱드핏,으악...저도 언더하면 팬더되요😭 근데 언더를 안하면 눈이 너무 작아서.. 언니의 큰 눈이 너무 부러워요 ㅠㅜ 진짜 애기상 귀요미 얼굴... 제가 언니 얼굴이었으면 절대 화장 안하고 다녔을걸요ㅋㅋㅋ! 근데 화장하니까 진짜 너무 예뻐욧💕 ||| 저 운동 잘 모르는 사람인데 제이님 설명이 유독 쉬워서 실천 중이고 효과 톡톡히 보는데ㅠ 어떻게 감사드려야 할지ㅠ 난데 없는 소린데... 그냥 너무 고맙네요 ||| 화장 하나 안하나 예쁘세요. 😍💓 메컵동영상 잘 봤어요. 화장자연스럽게 잘하세요😘 ||| 유튜브 운동 관련 영상만 주로 보다가 이런 일상영상 보니 넘 재밌고 좀 더 가까워지는 느낌이에요! 자주 업로드 해주시면 좋겠어요~~👍👍👍 ||| Wow! You are so pretty!  You don't need to put any makeup.  You're a natural beauty.,노하우/스타일
QamO_WD0k9E,깔끔한 립메이크업 팁 How to make good lip makeup,멜코Melco,"오늘은 깔끔하게 립 메이크업을 할 수 있는 팁을 담아봤어요. :) 제가 입술이 두껍고 각질이 잘 생기는 편이라 입술 발색을 찍을 때 각질이 도드라져 보일 때가 많더라고요. ^_ㅠ  그래서 각질 제거부터 립 베이스, 립 라이너까지 입술 화장을 좀 더 깨끗해보이게 만드는데 도움을 주는 제품들을 소개하고 사용법도 보여드리려고 해요!  -List-  아리따움 진저슈가 오버나이트 립 마스크 Aritaum Ginger Sugar Overnight Lip Mask 9,000 won  맥 프렙+프라임 립 MAC Prep+Prime Lip 28,000 won  마몽드 크리미 컬러 립 라이너 #1 더 히비스커스 Mamonde Creamy Color Lip Liner #1 The Hibiscus 6,500 won  맥 매트 립스틱 칠리 MAC Matte Lip Stick Chili 30,000 won  마몽드 크리미 틴트 컬러 밤 인텐스 #23 브릭 로즈 Mamonde Creamy Tint Color Balm Intense #23 Brick Rose 9,000 won  부르조아 레브르 컨투어 에디션 립 펜슬 #2 코튼 캔디 Bourjois Contour Edition Lip Pencil #2 Coton Candy ￡4.99  아워글래스 컨페션 울트라 슬림 립스틱 #No One Knows Hourglass Confession Ultra Slim Lipstick #No One Knows 43,000 won  맥 레트로 매트 립스틱 루비우 MAC Retro Matte Lip Stick Ruby Woo 30,000 won  맥 립펜슬 루비우 MAC Lip Pencil 22,000 won  Blog : blog.naver.com/llmement Insta : instagram.com/melco_song BGM : The Messenger (Youtube Audio Library) ||| 오 좋은정보네요 ||| 립라이너 편하죠! 저도 여러종류 있는데 더페이스샵 립라이너는 뒤에 립브러쉬도 달려있어서 유용하더라구요😁 ||| 로드샵쿠션 영상 올려주세요 ||| 3:00에 그리신 립라이너 부르조아 건가요??",노하우/스타일
QBvaL9IoWaE,알아두면 쓸모있는 치크팁!,ABBAMART,,노하우/스타일
7Hw8tSzqxn8,"[삼분보라] 메이크업한다면 꼭 필요한 7가지 꾸르팁! (feat.아이라인,섀도우,브로우마스카라관련!)",INBORA인보라,다른 뷰티유튜버 분들은 옆면을 많이 보여주시는데 인보라님은 정면을 많이 보여주셔서 뭔가 친근감?이랄까 편해요 ||| 증맬루... 유익스... 사는동안 복받으세오..!! 유명해져랏!! ||| 와 손톱에 묻히는 거 진짜 사소한데 ㄹㅇ 꿀팁이당 ||| 아이브로우 마스카라 꿀팁 대박👍  맨날떡지고. 머리는 밝은데 눈썹 숫은 많고  기장은좀짧고. 밝은색브로우로 그리고. 아이브로우 칠하면. 갈색 떡칠이ㅠ.   그래서 탈색약 사서. 노랗게 밝게 빼서 그냥 아이브로우로 그리고고다녔는데ㅠㅠ   감사해요ㅠ    약속없는데 지금 화장해보고싶음요ㅎㅎ ||| 늘 영상보면서 도움 받습니당 감사해요 ~~ ❤️,노하우/스타일
6qGuvfUhoNs,[뷰티] 초간단 팁! 눈화장 꿀팁 3가지💛 | 씨채널 코리아,C CHANNEL Korea,처음에 점막에 아이라인 그리는거 무슨 도구 이용해서 쉽게하는줄 알았는데 그냥 그려서 황당;;ㅋㅋㅋㅋㅋㅋ ||| 마지막꺼 먼가 섀도우가 눈에낀고 같지 않음? ||| 오 점막채우는건 다들 그렇게 하고있지 않나? 뷰티 유튜버들만 봐도 저렇게 하는뎀 ||| 사실대로말하시죠 이영상옛날에제작한거 올리신거죠? ||| 점막 저렇게 손으로 올리면 나중에 눈에 주름생겨요 걍 밑에 거울 두고 그리는게 젤 좋아요,노하우/스타일
3kzpzvuBnvA,"쉽게 따라하는 남자 눈썹 그리기, 다듬기 팁! by W Korea",W KOREA,,노하우/스타일
PaSE51m9vZU,VTXBTS 제품으로 안경 메이크업하기! (feat.안경 자국 최소화 팁) Glasses Makeup Tutorial  | Joseph 죠셉,죠셉Joseph,even without makeup you still handsome ||| 어서와요.  아미는 처음이죠? 아니죠 이미 아미신것 같은데ㅎㅎ 죠셉님 진심 남자 유튜버중에 제일 잘보고있어요 제 머리가 숏컷인데 죠셉님 영상보고 머리 잘하고있습니다 팁 많이 얻어가는것 같아요! 항상 응원한께요!!! ||| 죠셉님 뭔가 능글능글한 말투가 너무너무 좋아요 ㅠㅠ ||| I really love you!!! Always make videos of BTS’ make up tutorials! More power and lot of love from the Philippines! 😍😍😍😘😘😘 ||| Woah.. Woah.. Woah !!!!!! I never knew that there were such a name of a makeup brand called VT X BTS!! I'm just so shocked! 😶And BTW.. You're a professional!! 👏👏👏,노하우/스타일
1Xj8ELe5U4g,[1분팁] 컬러코렉팅 베이스 메이크업! 뜻부터 컬러 선택 팁까지!,서애쿠,,노하우/스타일
Bp_ytUrKqGY,[기본메이크업] 색조 메이크업의 순서! 그리고 꿀 tip까지 함께:),먹뷰리,"님,최고에요. 너무 현실적인 팁이라 도움 엄~~청많이됐어요 ||| 님이추천하신 삐아 지적 주문해서 오늘왔는데, 최강이뻐요♡♡ 다른색도 사려구요^^ 감사해요 ||| 하드포뮬라 색상 궁금해용",노하우/스타일
OiFnkcmn97c,[진아] 다리를 2미터로 늘려주는 진아의 가을코디제안! 긴 허리여서 슬펐던 날들 짜이찌엔 | 보고싶진아,보고싶진아,"여기서 주의할 점이 하나 있습니다 모델이 진아언니라는걸 절대 잊지마세요 그대로 따라해도 다른 핏이 나올 수가 있습니다 ... 😉 ||| 학교 교문앞 울타리마저 에펠탑처럼 보이게하는 진아언니 클라쓰에 무릎을 탁치고 그대로 턱을 치고 갑니다 ||| 영상에 욕이 없어섴ㅋㅋㅋㅋㅋ평소랑달라여 ||| 전 코디 영상이 너무 좋아요. 왜냐구요? 진아누님이 너무 예쁘거든요. 평상시에도 예뿌지만 이럴땐 훨씬 더. 너무 예뻐요 ❤ ||| 저는 긴허짧다인데요.. 긴 허리에 짧은 다리는 (성기 끝 부분부터 발까지가 진짜 자기 다리입니다!) 스키니 진을 비추해요...  ●만약 코디 하시려면●  허벅지 안쪽살을 최대한 없애주시고...(눈물) 힐을 4~5센치로 진아언니처럼 스킨 톤의 힐이나 깔끔하게 블랙으로 가는 걸 추천합니다. 특히 배바지 하실 때 너무 배를 다 넣어서 바지를 입으면 허리와 성기 끝 부분의 여백이 너무 넓어보여 이상할 수 있으니 좀 많이 빼주세요. (어수선하지 않는 선에서) 근데 여기서 상체가 더 크신 분들이 있습니다. 바로 접니다. 저는 어깨도 넓고 팔뚝살이 좀 심한데요.. 넓은 어깨는 부시시한 옷을 입으면(예를 들어 오버핏 셔츠) 그 어깨나 살이 더 부해보입니다. 차라리 안에 나시를 입고 블레이저같은 것을 입으면 훨씬 날씬합니다. (긴허리의 장점은 같은 살인데도 짧은 허리보다 더 슬림하게 보입니다.. 아마도..?) 그 장점을 살려서 나시나 아니면 쫙 붙는 티를 입으면 좀 더 허리라인이 강조 돼요! 아니면 좀 훌렁한 셔츠 (길이는 많이 길지 않은 선에서, 즉, 허리부분과 성기 끝부분의 중간에서 중간보다 더 짧은 정도) 위에 뷔스티에 입어도 진짜 괜찮아요. 도움 되고 싶어서.. 몇 글자 적어봐욤.....",노하우/스타일
ABErq73QPNs,데드라가 알려주는 40~50대 패션 코디 꿀팁 1탄!,오피스N,,노하우/스타일
S1zk4n5SS8E,린넨 와이드 팬츠 한장으로 일주일 코디하기! 시원하게 돌려입자! ZUMONY magazine,주머니 ZUMONY magazine,,노하우/스타일
nfFtQPZWrbE,여자가 코디해주는 남자 봄 코디 히즈핏 Men´s styling ♥,히즈핏HISFIT,들어가서 코디세트보면 예쁜 옷들 잘 맞춰놓으신거같은데 좀 아쉬운게 제 체형에 맞을지 어울릴지가 감이 안와서.. 키 체중 체형별로 어울릴 것 같은 걸로 분류하는 카테고리가 생겼으면 좋겠어요. 예를 들면 코디세트에 175이상 강추! 다리짧은분 강추! 하체튼실 강추! 마른체형 강추! 등등..!! 히즈핏 처럼 코디세트를 찾는 사람들은 저 처럼 코디에 대해 자신없고 눈뜬지도 얼마안되서 안목도 없는사람들이 찾아올거라고 생각하는데 조금 더 구체적인 도움이 있으면 효과적일 것 같습니다! 돈이 걸려있으니 한번 사볼까? 라는 모험적인 마인드로는 한계가있으니까요! ||| ㅋㅋ,노하우/스타일
tLe6z_ubJHY,40대옷 전문가가 알려주는 40~50대 패션 코디 꿀팁 2탄!,오피스N,액세서리 주렁주렁 공감요 ^^ ||| 밑단 레이스;;;;,노하우/스타일
Zb5ZwTnfU5o,"[ 키키코 ] 초중학생 겨울 옷 코디 | 10대 겨울 옷 코디 | 코디 못하는 사람이 만들었디만,,,",_히포,신청 질문이 많아서 댓글 남겨요! *새학기 코디는 키키코로 하고 봄 코디는 언니가 간다랑 하나 더* 할 생각이에요! 이제 다른 쇼핑몰 신청 들어오면 여름으로 밀겠습니다 참고해주세요💁‍♀️ ||| 키키코 옷 뭐 살까 고민했었는데 도움 많이 되써양⊙●⊙ 감사하고 흥하세욘 이룐거 ㅈㅓㅇ말료 도아용🐙♡ ||| 진짜이뻐요 제 스타일이에묘!! 키키코2탄이랑 쿠키마루나 여러 쇼핑몰도 코디해서 올리시면 좋을것깉이용!!❣️ 구독 좋아요눌럿슴니다 ||| 다 내 스탈이야...♥ ||| 어우 옷코디 너무 옙허요ㅜㅜ,노하우/스타일
7TnhkQqrFfI,"[유끼스튜디오] 한 손엔 치킨, 한 손엔 맥주 한리버 한강 치맥룩 스타일링",유끼튜브YOOKKYTUBE,,노하우/스타일
Jd_oUKJH_Lk,멋찐여우 여성의류 니트원피스와 숄을 이용한 패션코디방법,멋찐여우,멋져요,노하우/스타일
XMxtonXq6aI,옷 판매 / 청반바지 /옷코디세트/아디다스져지/데샹트져지/판매/옷,판매 ][ 옷,"옷가격은 제시부탁드려욤 양심제시부탁드려요 ||| 아시발미쳣나왜사천회임 ||| 아디다스 져지 사이즈 몇이고 팔렸나요? ||| 아디다스 저지얼마예요,?? ||| 데상트 사이즈 몇인가요오..?",노하우/스타일
W5qnCbgMdaA,"가을 옷 코디 추천 [ 아이스크림 12, 블링샵, 시내 ]",혜욤달,"꺄앙아아아아 우와와앙앙아이ㅏㅇ  영상올리셨당!!! 코디도 넘  잘하시고 퀄♡  잘보고가영♡ ||| 이쁘긴하데 스트릿이나 아메카지 같은 느킴을 좋아하는 저로서는 하하ㅏ할 ||| 블링샵 배송 얼마나 걸리셨나요,,?",노하우/스타일
x2EnHUeLoKY,썸남 눈에서 꿀 떨어지는 5만원 이하 현실 데이트 코디 룩북 💖 [그래서 뭐입지],지그재그 ZIGZAG,"옷 잘입고 싶다구? 💘ㅈㄱㅈㄱ 구독하고 영상 받ㅇㅏ보쟈 👅https://bit.ly/2F5Uasg ⬅️ ||| 헤엑 저게 무슨 친구 사이에요!!!!! 완전 대놓고 사귀는구만!!!!!!!!!! ||| 저거 끝나고 바로 사귀셨나... 그냥 친구 사이가 아닌 것 같은데요ㅎㅎ ||| 얼굴 가리신분 목소리 진짜 조타,, ||| 3:52 얼굴공개",노하우/스타일
hSeyQuLudrQ,"[라라봉]10대 여름 옷코디! (feat.여름코디,코디법,10대쇼핑몰)",라라봉tv lalabong_tv,"안녕하세요ㅠㅠ 봄?에 라라봉에서 너무 예쁜옷을 봤는데 지금 찾아보니 아무리 봐도 안보여서요ㅠㅠㅠ 상의이고 베이지,남색 이렇게 두 가지 색이있는 체크무늬에 한쪽어깨만 트여있는 제품이였어요.. 가격은 15000원? 이였던거 같은데 제품명좀 알려주세요ㅠㅠ ||| 보라언니는 쇼핑몰 많이하는것 같던데",노하우/스타일
1morPoWD3sc,요즘 자주 입는 반팔티 추천 5가지 & 코디 방법 / 5 T-Shirt Brand haul and Outfit idea For These Days,류스펜나 (RYU'S PENNA),"여러분! 오늘 영상엔 효과음을 넣지 않아봤어요 넣은 편이 좋은지, 안넣은 편이 좋은지 의견 말해주시면 좋을 것같습니다! 오늘도 영상 재밌게 봐주셔서 감사하고, 좋은 하루 보내세요 ♥ ||| 완전 마르지도 않고 비율도 완전 좋고 몸매 너무 이쁘신 것 같아요❤️❤️ 그리고 항상 느끼지만 옷 과하지 않게 이쁘게 잘 입으시는듯... 옷 뿐만 아니라 귀걸이, 모자, 신발, 가방도 되게 잘 매치하시고👍 그리고 옷 코디 설명하시는거 보면 옷에 대해 정말 잘 이해하고 계시는 것 같아서 유익하고 좋아요❣️❣️❣️❣️❣️ ||| 앞머리 올려 묶으라고 얘기한거 들어줘서 고마워😁💖 다행히 맘에 든모양이네 구독자 분들도 좋아하시구🙄😆 우리 경아가 이렇게 말을 잘듣습니다💕💕 더 동안이 되어버렸어요 경아가😆💞 추천, 구독하기 꼭꼭 눌러서 다들 자주자주 찾아와주세요💝 ||| 언니 스타일 진짜 제 취향이에요 진짜 코디 하신 게 하나하나 다 예쁘세요 ||| 유니크하고 새로운 매치조합을 알수있어서 정말 좋았어요 류스펜나님은 유니크함과 특별한 조합을 많이 보여주셔서 항상 심심 하지 않은것 같아요👍👍👍",노하우/스타일
y0YRE4ZZgoI,"[라라봉] 미리보는 여름 바닥코디모음 ♥ (feat.코디모음, 코디추천, 여름옷, 코디, 바닥코디)",라라봉tv lalabong_tv,너무 예쁘다ㅜㅜㅜ,노하우/스타일
m2j39JcEtWY,클럽입문자를 위한 코디 교과서,딩고 팝핀 / dingo poppin',"몸매 좋으면 흰골지티에 청바지만 입고가도 됑..ㄸㄹㄹ ||| 클럽가기전에 진짜 환상쩔었었는데 막상 가면 실망임ㅜ 그닥 잘생기고 이쁜사람만 있는것도아니고 그냥 편하게생각하고 가심될듯 ||| 몸매가 준비 안 되있음 어떡하죠 ||| 사진도 보고 글자도 보고 바쁘다  빠뻐ㅎ ||| 파숀이고 자시고 그냥 화장잘하고 몸매만 좋으면 회색후드에 스키니,스니커즈 신고가도 괜찮습니다...!!!!",노하우/스타일
iZzDdc6lgjk,LOYC1 옷장코디. 안 입는 옷 스타일링 하기! 쨈편 | Let's Open Your Closet | Dobal,Dobal 김도발,중간쯤 보다가 코디 최고 예뻐서 댓글부터 달고 나머지 볼래요! 뭔가 저렇게 편안하면서 포근하면서 너무 화려하지 않고 깔끔한 느낌 저도 따라입고 싶슴당 ||| 가을 룩 이쁜 거 많은 것 같아요 ✨✨이쁘게 코디하시는 💓 오늘 처음 놀러왔는데 앞으로 자주 놀러올께요 😘 ||| 코디 너무 잘하시네요😍👍👍👍👍👍 ||| ㅋㅋㅋㅋㅋㅋ째미 예쀼네👏🏻👏🏻도발찌 저도 부탁해욤ㅋㅋㅋㅋㅋ ||| 굿,노하우/스타일
40KSfZPOTHE,잘 입은 가을코디 여기 다있소!  【데일리룩 피드백】,짱구대디,0:20 초 부근에 헨리넥 티셔츠 말한거에요 ㅜ 편집 미쓰!   요런 헨리넥 스타일 아메카지에 개뀨ㅜㄹ  https://www.google.co.kr/search?q=%EC%95%84%EB%A9%94%EC%B9%B4%EC%A7%80+%ED%97%A8%EB%A6%AC%EB%84%A5&newwindow=1&source=lnms&tbm=isch&sa=X&ved=0ahUKEwiz1oD26fjdAhVBO7wKHYJ8By0Q_AUIDigB&biw=1097&bih=508&dpr=1.75#imgrc=Mu3olc8XxR_RcM: ||| 2:25ㅋㅋㅋㅋㅋㅋㅋㅋㅋㅋㅋㅋㅋㅋㅋㅋㅋㅋㅋㅋㅋㅋㅋㅋㅋㅋㅋ 오늘도 터지고갑니다 ||| 오늘도 멍멍이는 귀엽네용 ||| 1:33 분 정말 느낌 있게 잘 입으시네 ||| 짱구 넘 기여웡..,노하우/스타일
LPqnBb6yjC4,#4 퍼티그 팬츠 코디   /   스투시 반팔티 코디   /    반다나 코디   /   와이드 핏 반바지 코디   [남자 대학생 여름 데일리룩 코디],Clothesboy옷소년,"갈수록 영상이 깔끔해 지는것 같네요~ 잘보고있습니다!여담이지만, 옷 못입는 친구들 대리코디해서 스타일 변화되는 과정도 영상담으면 재밌을거 같은 생각이!!ㅋㅋ",노하우/스타일
1k_6_0AuNYs,모바일 전체화면 필수! [1년동안 내 봄옷코디는 얼마나 바뀌었을까] 0zoo 영주,0zoo 영주,"오랜만에 세로로 보여드리는 코디영상을 준비해봤는데용! 헤,, 여전히 육육걸즈에서 벗어나지 못하구있습니다 흐흐흐흐 이번 봄에는 저렇게 입고 다닐 생각이에요! 봄이라기엔 약간 칙칙한 느낌도 없지않아있지만ㅋㅋㅋㅋ 꼭 봄이라고 샤랄라한 옷만 입으라는 법은 없으니까요:)! 그럼 재밌게 봐주시고 다음 영상에서 만나요! 안녕❣ ||| 시계 보니까 1시간동안 촬영하셨네요.. 그냥 고마워서 댓글 남겨요 ||| 확실히 작년보다 옷 입는게 으른같아용 ㅎㅎ ||| 언니 발꼬락 졸귀탱ㅠㅠ ||| 미친 오프닝 너무 기여어요 ㅋㅋㅋㅋㅋ ㅠㅠㅠㅠㅠ 스웩 넘치눼요",노하우/스타일
R7MI2x1m1ps,#2 기본템 코디   /   남친룩 코디   /   테이퍼드 핏 청바지 코디    [남자 대학생 여름 데일리룩 코디],Clothesboy옷소년,옷소년님 잘 보고 있어용~!! 고컬영상이에요ㅎㅎ 구독자 수랑 조회수도 꾸준히 오를것 같으니깐 파이팅~!!😊😊 ||| 하나같이 마음에 드네요. 그럼이만. ||| 다 멋져요! ||| 와 이번영상 너무 즐거워요 매번 잘보고있습니다 때가된다면 키작은 사람을 위한 코디영상도 만들어주시라요~~ ||| 잘보구있습니당~ 멋지단ㅎㅎ,노하우/스타일
VTGgWkaw9Co,"[라라봉] 여름신상 미리보기 ♥ (+코디팁, 코디법,여름코디)",라라봉tv lalabong_tv,옷 뇸 예뻐요 기대하고 있을게요 ~!~♡,노하우/스타일
u_PHRGey7Hc,홀릭홀릭 시즌 신상 출시,holic holic,,노하우/스타일
0h62NmaZvp4,스타일링/ 쇼핑 아이템 + 기본 아이템으로 코디하기 (한 벌로 일주일 커버),옆집언니 최실장 stylist unnie,"뛰어!!  그냥 가!!  중독성 쩔어요~~!! ㅋㅋ ||| 최근 본 유튜브중  최고로 유익하면서도 재미있었어요. 많이 배우고,  웃고 가요. 여름 청바지 코디도 올려주세요. 여긴 미국이에요~ ||| 언니 진짜 매력덩어리에여ㅜㅜㅜㅜㅜ 걸어!! 껴!!ㅋㅋㅋㅋㅋㅋ 우연히 동대문 영상 봤다가 모든 동영상 다 보는중입니다...♥️😭 ||| 와 h&m 같은 곳 가면 너무 화려하거나 파격적이라 여기서 산 옷들은 누가 입고 다니나 했는데 이렇게 매치하니 너무 이쁘네요~~~ ||| 얼굴도 매력있게 생기셨고....다리도 늘씬하니 건강미 좔좔...그리고 넘나 재미짐...",노하우/스타일
wBZ01pfyk7w,수학여행 가기전에 꼭 봐야할 5만원 이하 코디 모음⚡️인쇼꿀팁 ⚡️[그래서 뭐입지],지그재그 ZIGZAG,옷 잘입고 싶다구? 💘ㅈㄱㅈㄱ 구독하고 영상 받ㅇㅏ보쟈 👅https://bit.ly/2F5Uasg ⬅️ ||| 와 키크신분은 ㄹㅇ 모델느낌이고 키작으신분은 딱 데일리룩같이 무난하면서 이쁘게 입으시네 ||| 현서님 착장은 진짜 패피에 인싸인 친구가 입는 옷이고 예현님은 그냥 평범한데 요모조모 예쁜 착장이라 부담없이 입을 수 있는 옷인듯 ||| 최유정하고 김도연 보는 기분 ㅋㅋㅋㅋㅋㅋ 두 분 너모 예쁘세용ㅇ !! ||| 현서님 모델같아... 너무 매력 뿜뿜이시다.... 얼굴 너무 개성있게 생기셨어 ㅠㅠㅠㅠ 너무 취저.... 인스타 하시나요...?,노하우/스타일
TX31evTpWDg,가디건_'에이린여름가디건' l 메롱샵,STYLECAST,,노하우/스타일
-z720HC6T4Y,가지고싶은옷♡,뿌뿌,안녕 미안 이제봄ㅋ 테니스 치마 이쁘긴함ㅋㅋ ||| ㅋㅋㅋㅋ,노하우/스타일
NYsgqP1xXqc,내 발목을 부탁해! 인스타로 보는 [여자 부츠 코디],Shoopen슈펜,삭스부츠 존예😍 ||| 삭스핏 대박 입흐드앙 ||| 😭,노하우/스타일
PtfZ2AUO85w,#5 반스 어센틱 코디  /  무지티 코디  /  레귤러 핏 슬랙스 코디  /  미니멀룩 코디  [남자 대학생 여름 데일리룩 코디],Clothesboy옷소년,시작 브금 정보좀요 ||| 브금 정보쫌여,노하우/스타일
Gp-9kTe7UEE,H&M 가을겨울 패션 하울 / H&M으로 코디하기 / FASHION HAUL,SangAhTube 상아튜브,"상아님은 항상 어떤 아이템이든 잘 소화하시는거같아서 부러워요. 물론 코디를 그만큼 잘 하셔서 그런거겠지만,, 옷 살떄 상아님 영상 종종 참고하는데 항상 기대이상이라 영상보면서 내내 즐거워요. 좋은 영상 감사합니다. ||| 얼굴만 보면 키가 160초반으로 귀여워 보이는데 170이라니.. 와 키랑 얼굴 다 가졌다 비율ㄷㄷ ||| I love the way you describe all the little details so I can really understand each piece of clothing and all the outfits are so cute!!💓💓 ||| 제가 찾던 스타일!!!!오목조목 설명해주세는거 너무좋아용 패션하울 많이많이 올려주세용~~~~~~ ||| 제발 더찍어주세요ㅠㅠㅠㅠㅠ진짜 핏 넘 이쁜것 역시 상아님은 모데루라 그런지 심플한 옷들도 넘이쁘게 잘 소화하시네용 옷 스타일도 제 취향 저격!!!! 패션 하울 마니 부탁해요ㅠㅠ♡",노하우/스타일
C5fbRTIBlew,[패션 코디 비니의 하울] 겨울코디 명품패딩 쇼핑 스톤아일랜드 (stone island Parka) 정품? 가품? 이것만 보면 알 수 있다.예고,패션코치 비니,원빈짤 너무웃김 ㅋㅋㅋㅋㅋㅋㅋㅋ 몇번 봤어요 ㅋㅋ ||| 평소 xl 105 입으면  스톤은 xxl 사야되나요? ||| 스톤아일랜드 정품만 판매하는 싸이트는 있나요? ||| 최홍철인줄,노하우/스타일
btn7MyL50Kk,"[패션] 요즘 유행하는 시스루 더 예쁘게 입기💛 화이트, 블랙 이너 비교! | 씨채널 코리아",C CHANNEL Korea,난다검정인데 왠지하얀색은너무속옷같아서 검정색이좀더끌리는데... ||| 다 이뿌다 ||| 내가10번째좋아요닼ㅋ ||| 희영언니 진짜 개이쁘다 ||| 못고르면 회색,노하우/스타일
RKgoxI1pgyQ,셔츠_'찰랑찰랑파스텔sh_[MADE.M]' l 메롱샵,STYLECAST,,노하우/스타일
XDarb_3jc7I,"중학교 교복 패션 코디 대결해요 (어떤 교복이 더 예쁜가요?) 요즘 남자교복 패션, 여자 교복 패션 | 스쿨룩스 | 마이린 TV",마이린 TV,"내년에 교복입는분 👇 ||| 마이맘님 여자교복 볼때 여자가 가지고 다녀야 할게 있거든이라고 할때 감동...♥ ||| 어떤 아는 언늬가 그랬어욤!! ""틴트 주머니는 있는데 왜 틴트를 못바를게 하냐우오ㅗ오오 그럼 처음부터 만들지 말던가아ㅏ다다아ㅏㅇ"" ||| 중1: 뭐부터 입어야하지??? 이거...입고..이거..입고... 중2: 슥슥슥슥슥슥 중3: ㅅㅡㅡㅡㄱ ||| 처음에는 입고싶은데 나중에는 입기 귀찮아서 입기싫어짐",노하우/스타일
NYvWCkP7ZSo,자켓_'간지템라이더' l 메롱샵,STYLECAST,,노하우/스타일
tQmzAE72PLM,#6 체크셔츠 코디  / 캡틴선샤인 / 카고 팬츠 코디 / 레귤러핏 청바지 코디 / 셔츠 코디 / 비니 코디 / 니들스 코디 [ 남자 대학생 여름 데일리룩 코디 ],Clothesboy옷소년,헐 이게 무슨 일이야 옷소년님 전부터 영상 봐왔지만 점점 영상 퀄리티가 높아지는 게 눈에 보여서 정말 제가 다 신이 나네요ㅠㅠ 앞으로도 좋은 영상 많이 올려주세요! 항상 감사해요! ||| 마지막룩 지려버렸다... ||| 옷 잘입으시네요 구독 해버렸네 ||| 영상맘에 들어요~ ||| 열일하시네...,노하우/스타일
aNChRdQLT1M,♥️/ 여름옷 코디 /♥️🌙,*뚭햬뚭행*,,노하우/스타일
NTa3y1NoZeo,엔비룩 세상 예쁜 여름 데일리룩!,이거탐나 예쁜 it 아이템 총 집합!,"예쁨 업그레이드 하러 갑니다 ||| 올여름은 이거지~ ||| 정말 사고싶어요!! ||| 헐,, 너무 예쁨 ㅜㅜ ||| 옷 이뻐용><",노하우/스타일
_h9ccNovAlA,"세련된 남친룩,캐주얼 여름코디 같이봐요!【패션탐방】",짱구대디,헤헤 오늘은 휴-방 헤헤;;헤헿;;;; 수요일에 봅시다요 ||| 무난~ 무난~ 김무난  짱대방송 공식 유행어 ||| 인정하는 최고의 패션 유튜버 ||| 딱 무난깔끔이네요. 좋은 브랜드 추천 감사함다~ ||| 여름 올블랙 코디 영상 부탁함니다😶,노하우/스타일
MCaMVlY5pfI,[C-Channel] 무라세사에 사복패션 SHOW  #33,강민영,ㅜㅜㅜㅜㅜㅜ....,노하우/스타일
PJMBAo11HMA,"[ 소녀나라 ] 초중학생 여름 옷 코디 | 10대 여름 옷 코디 | 코디 못하는 새럼이 만든 영상.,!",_히포,헹에에에 안녕하세여 영렁붕@@! 오랜만에 왔어요! 저번 러블림편 옷 코디 영상에서 한 시청자 분이 소녀나라편 여름 옷 코디 영상을 추천해 주셔서 이렇게 영상을 만들게 되었어요(신청해주셔서 감사해요!♡) (0:17부분에 쫙빠진하이청핫팬츠 1900→19000원입니다!)  폰을 잃어버려가지구 계정 찾느랴 옷 캡쳐하고 자르고 편집하느랴..좀 늦었네요   더운 여름 시원하게 보내시구 그럼 아마 가을 쯤 다시 돌아오겠슘미다 ||| 와 편집 겁나 깔끔하셔 ㅋㅠㅜ구독해습니당!!!❤❤ ||| 진짜 코디 너무 잘하심♡ 취적.. ||| 이런 옷코디 많이 올려주세욤 구독완료♥ ||| 코디진짜잘하셔요!부러워요~! 다음엔키키코도가능할까용??,노하우/스타일
0IRCamixLBg,"[제이제이룩] #유니크 한 걸 원해?그럼, 여기! #제이제이룩 👍",제이제이룩,,노하우/스타일
uXyefQQ2bGM,[패션 코디 비니의 하울] 겨울코디 명품패딩 쇼핑 노비스 (Nobis Parka) 정품? 가품? 이것만 보면 알 수 있다. 예고,패션코치 비니,,노하우/스타일
SwDlOWmU7s8,4XR 스타일 보다 사이즈가 먼저 걱정된다면!,이거탐나 예쁜 it 아이템 총 집합!,부산?! 여기 이미지 너무 귀여운거 아님? ㅋㅋ,노하우/스타일
44N81q9DUY0,자가치유 롱패딩 임페리얼모션 NCT 툰드라 롱패딩,Imperial Motion Korea,,노하우/스타일
O955w97xvCU,룸페커 일교차가 큰 지금 딱이잖아?!,이거탐나 예쁜 it 아이템 총 집합!,,노하우/스타일
hxl4m6a420w,슬랙스_'체크베이직슬랙스' l 메롱샵,STYLECAST,,노하우/스타일
SrKrQXk9Jo4,시크폭스 여우들의 휴가코디,이거탐나 예쁜 it 아이템 총 집합!,,노하우/스타일
n-V2B1t9XPA,나시티_'바니니트나시' l 메롱샵,STYLECAST,,노하우/스타일
4ejMMmUvGiI,자기계발 4가지 필수 어플,HigherSelfKorea,"우와 포레스트란 앱은 정말 진짜 아이디어가 대단하닼ㅋㅋㅋㅋㅋㅋㅋㅋㅋㅋㅋㅋ ||| 알렉스님 정말 감사드려요 알렉스님이 가르쳐준것들 여러가지를 두달정도.완벽하진 않지만 실천하려 노력했습니다. 최근에는 저의 불안 대인기피 자격지심 같은것들이 정말 많이 나아져서 정상적인 생활과 대화를 할 수 있다는게 정말 감동적이었습니다. 전엔 집밖에서 일어나는 모든일들이 스트레스와 긴장이었는데 그런것들이 정말 많이 좋아졌습니다! 정말정말로요 두달정도만에 이렇게 좋아졌다는게 믿기지가 않아요.. 유투브에서 알렉스님을 알게된 건 정말 저의 행운이에요 ||| 감사합니다  알렉스 청주사는 구독자입니다. 동영상을 한국명강의자보다 핵심있게하셔서 조금 일깨움얻고있어유   고맙습니다 사부님 ||| 미국에 세미나 가셨군요. 많은 깨달음 있으시길 바랍니다. 귀국하셔서 계속해서 좋은 말씀 들려주세요. 언제나 지지하고 후원하며,강추합니다. ||| forest 어플 처음 알게 됐는데 진짜진짜 유용하고 바람직한 어플인것같아요:)그저 핸드폰을 못쓰게 막는 기능뿐이 아니라, 나무를 키운다는 새로운 목표가 함께 생기니까함부로 핸드폰을 만지지 못할 것같아요 감사합니다~!!",노하우/스타일
1Qijo4yJ3hs,일하면서 자기계발하는 8가지 방법 - [1년에 300권의 책을 읽는 법],스터디언,다독은 생각보다 그리 어려운게 아닙니다. 읽고 깨달은 것을 실천에 옮기는 것이 가장 어렵지요. 읽는 이도 별로 없지만 읽었다해도 그것을 실천에 옮기는 이는 드물지요. 실천에 옮기는 것이 더 중요합니다. 실천에 옮기는 사람에게 독서는 최고 스승이 됩니다. ||| 1. 활용할 수 있는 시간 적기 2. 출퇴근시간활용 3. 강력한동기 불러일으키는것 하기 4. 환경설정하기 5. 계획 구체적 실현가능하게 세우기 6. 장기적으로 바라보기 7. 함께하기 8. 자신을 믿기 ||| 정말 대단하십니다~ 시간이 없다고 불만을 가지면 안될 것 같네요. 시간 통제하려는 노력없이 환경을 바꾸려는 노력없이 바뀔 수 있는 것은 없겠지요. 반성합니다. 감사합니다. ||| 지나온 삶을 돌이켜보니 책의 내용을 삶에 직접 적용해  살아보는 실습인생이었습니다~^^ 가슴 뛰는 삶이 어떤건지 생각하는 것이 현실이 된다는 게 어떤건지... 친구들처럼 부와 명예는 크게 이루지 못했지만 삶에 대한 지혜를 얻었으니 잘 살았다 싶습니다. 인생에 대한 지혜와 깊은 통찰이 담겨 있는 영상 잘 보았습니다. 감사합니다♡ ||| ~ 생각하는 대로 될 것이다..! 넘넘 멋진 말이다. 서서 보는 삶이 아닌 걸어가며 보는 삶을 실천해 보라는 뜻으로 들려요. 오늘 나에게도 동기부여 하나가  더 생겼어요. 좋은영상 감사드려요..^^,노하우/스타일
gKkdhRZ4TLc,자격증 따야 ‘정리정돈 전문가’ 될 수 있어요,채널A News,호옷 ||| 호옷,노하우/스타일
Ib-jnYmj3Gw,자기계발 하지 말아야 할 이유! - 자기성장의 큰 함정,HigherSelfKorea,"'부족해서' 자기계발 하지마세요. 부족하지 않으니까.  ㅠㅠ공감 ||| 여러분, 2달만에 반갑습니다! 이제 다시 매주 여유로운 마음으로 영상을 올리도록 하겠습니다~ 많은 기대를 하시면 됩니다~ ||| 부족해서 하지말고(업장소멸) 하고싶어서해라(원을세우라) 법륜스님의 말씀과 뜻이 통하네요. ||| 특별해 지려고 자기계발 하지 말아라, 진정한 자기계발은 해야되니까 하게 되는게 아닌 내가 하고 싶어서 하는 것이다. ||| 자기계발을 결핍때문에 해야하기때문에가 아니라. 하고싶으니까 한다는 말을 오늘 남겨갑니다. 깨달음 공유해주셔서 감사합니다.",노하우/스타일
s9saQbXnI0o,"삶을 변화시키는 리스트 만들기 [성장, 자기계발]",스터디언,"이 영상을 몇 년(2년인가?) 전에 보고 나를 알아가기 시작해서 지금은 notion에 나 백과사전이 만들어졌어요! Prayer Lover Healthier Prettier Dreamer Taker Giver Singer Songwriter AI Driven UX/UI Designer  각각 안에 또 여러 페이지로 빼곡히 채워진 것도 있고 새롭게 채워나가야할 것도 있는데 다시 이 영상을 보니 백지 / 복잡하던 게 알차게 가지런히 정리된 지금 나를 칭찬해주고 싶어요!! ||| ""철 들었다""의 의미 혹시 아세요? 세상의 이치를 알게 되는것 이라고 생각하죠 보통? 철이 든다는 건 세상이 아니라 바로 '나 자신을 알아가는 것' 이래요 내가 어떤 상태에서 행복하고 어떤 관계를 원하고 우울하거나 문제가 있다면 뭐가 잘못된건지 바로 찾아낼 수있는.. 아이들은 난 이런게조아 으응~왜냐하면~"" 누가 묻지않아도 혼자 흥얼거리고 자신에 대해 표현하고 싶어하잖아요 어쩌면 이때가 더 철있었는지 몰라요 자라면서 세상의 주입, 주변의 말 등에 나를 잃은 모습이 청춘일수도 있을것 같단 생각이드네요 ||| 리스트.  1. 내게 가장 잘 어울리는 머리 스타일 리스트 2. 내가 일상적으로 먹고 싶은 리스트 3. 내가 더 자주 만나고 싶은 사람 유형 리스트 4. 내가 내 삶에서 책임져야 하는 것 리스트 5. 내 머릿속에, 마음속에 항상 담고 있는 것과 그 이유 6. 나의 가장 큰 걱정거리 리스트 7. 내 이상적인 하루 리스트 ||| 내가 '이루고자 하는 나'를 만들어가는 것도 중요하겠지만, '현실의 나'를 알아가는 것이 나를 알아가는 메타인지의 시작이네요  오늘도 감사합니다 체인지그라운드 ㅎ ||| 야 이영상 최고다ㅠ 나를 어떻게 찾아야할지 고민하고 있을때에 딱 이런영상을 올려주는 당신은대체....",노하우/스타일
vixdqQp86DE,"그들은 어떻게 성공했는가? [성공, 자기계발, 동기부여]",스터디언,"1. 의문이 아니라 질문하기 2.위대한 사람을 직접 찾아가기 3.성공했을 때의 내 삶을 그려보기, 감정을 느끼기 4.성공한 사람들은 분명 무언가가 있다. ||| 감사합니다!! 1. 의문하지말고 질문하라 2. 위대한사람을 찾아가라 3. 내 안에 잠든 거인을 깨워라 ||| 모두가 내면에 거인이 있습니다. 그걸 알아가는 여정이 인생이지요. 항상 유익한 컨텐츠 감사합니다 ||| 스터디언 영상 잘보고갑니다.🥰 1. 의문하지 말고 질문하라. 2. 위대한 사람을 찾아가라. 3. 내 안에 잠든 거인을 깨워라.  호흡하며걷기 감사하기 성공을 위한 3가지 꿈에 집중하기.❤ 좋은 주말 되세요. ;-) ||| 의문하지말고  질문하라 목표을 세우고  성공할수있다  마음에품어라  영상감사합니다",노하우/스타일
iYsokOIhE-k,SBS 속보이는 tv 인사이드 [행복한 정리정돈] 정리수납 방송 출연.,동물세상,,노하우/스타일
qfdnJ1Bs2zc,"봄맞이 대청소, 정리정돈부터! 정리의 달인이 알려드립니다 [전국시대]",Chloe Jake,,노하우/스타일
r6VwFJzWDIg,정리수납 전문가 - 주방 정리정돈 노하우,콩이의 정리정돈 (정리수납),반갑습니다.  미니멀 라이프 시작하시는군요. 와우 엄청 나네요. 잘 하셨네요.  산뜻 깔끔.좋아요😘🤗 ||| 주방 높은 곳은 의자를 딛고 수납을 해야하는데 나이가 많은 여인들은 의자 딛고 올라서면 어지럽고 무서워요.  우리 동서도 높은 곳 무용지물이라고  거의 방치상태. 때론 짜증난답니다.  젊은이들은  상관 없겠지만요. ||| ㅡㅡ 그릇이며 물건 정말많다ㅡㅡ대박!.... 줄여도많네요ㅡㅡ... 씽크대가무슨 힘이있다고ㅡㅡ;;무너져내리면 우얄라고,노하우/스타일
IuCwi5lROZo,"자료, 서류 정리정돈 노하우 ㅣ 3p바인더 필수템 30공 CARL펀칭기 사용법",책먹는여자디지털노마드TV,슬라이드형 타공기로도 양 옆에 5개씩만 구멍 뚫는 게 가능한가요? ||| 저... 혹시 코팅 된 상장 넣으신 비닐 속지 정보 좀 알 수 있을까요? ||| 4:08 저거 커버있는거 파일?같은거 이름이뭔가요? 찾고있는데 뭐라고 검색해야할지몰러서요,노하우/스타일
yJs2ByADQNc,정리의 달인의 드레스룸 정리정돈 & 정리수납 후기,콩이의 정리정돈 (정리수납),,노하우/스타일
BHXDpHXU5OM,냉동실정리팁/냉동실정리법/냉장고정리/정리수납/정리정돈/收纳整理,에코시스터즈,좋은정보네요👍,노하우/스타일
m2lSaLT-PXY,자기계발 요령  아침 시간을 활용하라,아낌없이 주는 나무 ,,노하우/스타일
DxIMDcXttFw,자기계발 유튜버 도리 첫인사드립니다 ♥,도리 스토리 ,저 도리님 잘 알아요 호,노하우/스타일
AVbCI5klMr0,[자기계발] 감사일기를 꼭 써야하는 이유_행복의 비결,행복부자샤이니,"우주의 좋은 기운을 나에게 오게 할 수 있다면... 정말 생각만 해도 좋지 않나요? 저는 어려서부터 이런 것에 관심이 많았어요. 성공한 수많은 사람들이 입을 모아 이야기하는 그들의 성공비결, 생활 속에서 쉽게 실천할 수 있는 감사일기 쓰기에 대해서 알아가세요^^ ""좋아요""와 ""구독"" 감사합니다. 아참! 저 인스타그램도 있어요^^ Follow me! 인스타그램 : http://www.instagram.com/shiny_jaeyoung_kim ||| 감사일기 다시~시작하겠어요 당연한것을 뻔뻔하게 누리며 받기만 하고살았내요 감사합니다 ㅎㅎ ||| 저 이 영상 보고 1년 넘게 쭉 감사일기를 쓰고 있는데요... 그 전의 삶과 지금의 삶은 정말 다른 것 같아요. 감사일기 소개해 주셔서 감사합니다❤️❤️ ||| 기적의 언어 감사!  감사함으로 우주와 신에게 연결될 수 있음을 믿습니다.  무한긍정 무한감사! 함으로 하는 일마다 다 잘 될 것입니다.  오늘도 좋은 말씀과 영상 감사해요. Shiny~ :) ||| 전 왜 이제 샤이니님을 알게된거죠?   이제라도 알게되어 감사합니다  긍정의 에너지를 받아가요.  감사합니다",노하우/스타일
pwJ3Y8iHN9E,잡동사니정리/잡동사니비우기/정리수납/정리정돈/收纳整理/整理收纳/收纳达人,에코시스터즈,진짜 맞는거같아요. 그동안 언젠가 쓰겠지~하고 모아둔 물건들이 너무 많았는데.. 이제 큰맘먹고 버리려고 해볼께요! ||| 와 이거보니 진짜 속이 뻥뚤려요. 3년동안 내버려둔집 어찌할지몰랐는데 지금당장 신나게 버려보려고합니다. 감사합니다~~~!! ||| 버리는 영상보니까 속이 후련해요 저도 미니멀리스트라서 ||| 2월에 이사가는데 거기에서는 미니멀 라이프로 살고싶어요.옷 정리하는영상도 도움 많이됐어요 감사합니다^^ ||| 감사합니다,노하우/스타일
4s4EYPMlw_A,#영업노하우 #마케팅 #영업교육    세일즈대학 홍보 영상입니다,세일즈대학ᅳ영업천재송용준 (작은거인),,노하우/스타일
dL0RHHr_rpM,향긋한 향이 솔솔~♥미나리손질법 [만개의노하우],만개의레시피 10K Recipe,,노하우/스타일
7bfaHyxylzA,팥삶는 법 포슬포슬~ 꼬숩! [만개의노하우],만개의레시피 10K Recipe,첫째 끓인 팥물을 버리지 마시오!  영양이 제일 많이 들어 있고 배에도 아무 탈없고 여러 방면으로 도움을 주는 팥물 입니다!   누가 헛말을 했는지 정말 잘못입니다.  항상 찐빵을 찌는데 팥물을 버리지 않은 찐빵이 훨씬 맛이 있드라고요!   두가지를 다 실험 해뵀어요.  팥물에는 영양이 아주 많아 몸에 보약이 된다고 했거든요.  Youtube에 실렷다고 해서 다 맞는것은 아닙니다. ||| 오늘 딸 생일 날 이라서 팥밥해줄려고 ㅈ찾다가 많은 도움이 되었습니다 감사합니다 😊 ||| 학교다닐때 가사시간에 설사유발할수 있다고 배웠었는데ᆢ  콩에는 독성이 있다고 들었어요 검은콩도 불린후 첫물은 버리고 쓰네요 ||| 버리는게 맞죠 깔끔하고 ||| 위장장애 없으면 첫 물 굳이 버릴 이유가 없음... 누가 카더라하니까 이게 정통 레시피인 것마냥 따라서 하는게 문제,노하우/스타일
snbFhTuP-6E,(53.실습) 35년경력노하우/초보자를위한/간격 퍼티~?? 기초부터~!!,복원 기술 개발 master,선생님  동영상 만드시느라  고생많으셨습니다..    너무  너무  잘봤습니다.    해드린것도 없는데  항상  부끄럽다는  생각뿐입니다 ... ||| 감사합니다 ~~,노하우/스타일
R3_bH3z7etw,영양덩어리♡아욱손질법 [만개의노하우],만개의레시피 10K Recipe,❤❤❤ 감사합니다 ||| 껍질이 고구마순처럼 잘 벗겨지지않네요ㅜㅜ 그냥 하면 안될까요? ||| 아욱 나물도 있나요 ? ||| 혹시 아욱에 많은데 냉동보관하려면 어떻게 하나요?,노하우/스타일
tbK28sKOZt8,[트렌드톡] 중국 비즈니스  필수 상식 및 노하우 강좌 [서울/랭톡라운지],트렌드톡 - TrendTalk,,노하우/스타일
CBI6AuthTNE,[반퇴의 정석] 성공 반퇴 노하우,중앙북스 (중앙북스_official),,노하우/스타일
OznuFWie0Gk,농약 걱정 없이 안전하게 과일 씻는 방법!,아토오겔ATOOGEL,,노하우/스타일
lWCfU5hv8fY,공신 강성태의 18시간학습 노하우영상,루센트,,노하우/스타일
z9-gAlQTPr4,"성공하기 위해 기억해야 할 한가지 [자기계발, 성공, 도전]",스터디언,"아니 근데 맞는 말인데 노력 자체가 하기 싫은 사람은 나밖에 없나? 남들 하는만큼 대강대강 하는데 노력했을때 힘들었던 경험이 자꾸 발목을 잡음..당장 코앞의 하루를 열심히 살아라? 자기가 강렬하게 하고 싶은 일이 생기지 않는 이상 꾸준하게 노력하는 건 어려움..아무 연료도 없이 노력하다가 멈추는 거임..내가 성공한 사람에게 듣고싶은 이야기는 성공하는 방법이 아니라 왜 그 일이어야만 했는지가 듣고싶음 ||| 오늘 하루조차 똑바로 하지 않는 사람이 어떻게 10년을 논하겠나... 맞는 말이네요. 우선 내 할일부터 최선을 다해 합시다. ||| 제가 바로 언행불일치의 정석을 보여주고 있었군요... ㅎㅎㅎ...쓸데없는 걱정할 시간에 당장 뭐라도 하는 게 이득☆★ 맞다!! 저 보실진 모르겠지만 25년동안 살면서 책이라곤 만화책 몇권과 전공책이 다인 제가 요즘 독서습관을 만드려고 책읽고 독후감쓰는 연습중이에요!!! 하루하루를 아주 잘 보내고 있다곤 못하지만... 이것만큼은 어떻게해서든 노력하고 있어요.  저번달초부터 시작해서 무려 열댓권을 읽고 기록해놓았어요. 부디 제가 이 독서습관을 만드는데  실패하지 않길 빌어주세요 ㅠㅜ ||| 오늘 불행할 바에 , 성공의 정의는 누구나 다르다는 것을 인지하고, 행복한 하루를 보내는 것이, 이런 동영상에서 성공만을 집중하는 삶보다는 낫지 않을까. ||| 맞는말이예요 눈앞의8일에 오늘에 집중하는게 현실적이죠",노하우/스타일
1iv4hd8bqdc,미니멀라이프 | #6.주방 서랍장 정리 정돈 | 커러리정리| 살림로그| 화이트 새살림,건강한 살림,마지막에 넘 귀여워요 나도모르게 웃고있음 ||| 애기 넘 심쿵 ㅠㅠ ||| 고무줄 넣어두신 원터치통 탐나네요 ㅋ.ㅋ 영상 잘봤습니당~! ||| 분홍색 바퀴 달린 바구니는 두종류 이던데 사이즈와 어디서 구매하셨는지 정보 공유 부탁드려요~~^^,노하우/스타일
hMxjdoGr7BY,김치 예쁘게 썰기 참 쉽죠잉~ ♡  [만개의노하우],만개의레시피 10K Recipe,마지막방법 너무좋네요 ||| 굿굿! ||| 왕 진짜 쉽게 알려주셔서 감사합니다 ||| 아하 보쌈집김치가 저렇게 나오더니 ||| i like videos,노하우/스타일
QuWRxOopumw,쌉싸름 향긋♡냉이보관법  [만개의노하우],만개의레시피 10K Recipe,,노하우/스타일
Ye6cC8cfn8Q,[클라리소닉] 배우 이민정의 탄력피부 노하우,CLARISONIC,아니광고원래잘안들어오는데 이민정너무이뻐서들어옴 ||| 고심을 겪고 영혼이 빠져버린 이민정 ||| 와 진짜 예쁘다 홀린듯이 봤네 ||| 이 언니는 왜 안늙냐 진짜 예뻐 ||| 이민정넘예쁘다.^^,노하우/스타일
YUBihq9qr-o,충청소매지사 점장판매 노하우 공유,박지혜,,노하우/스타일
dic6zc3Capc,[제품사용법][제품설치영상][DIY셀프인테리어]도어락 문손잡이 간단하게 설치하는 방법!,철물점TV,잘봤습니다.하나 배워습니다.탱큐. ||| 잘봤어요~~궁금했는데 하나배웁니다 ||| 좋은정보 감사 합니다..^^ ||| 좋은정보감사드립니다 ||| 잘봤습니다^^,노하우/스타일
QQe-S0cF2P4,[제품설명][제품사용법][DIY셀프인테리어]수전 직접갈아쓰세요!,철물점TV,기존에 설치된거 따라서 하면 되니 아주 좋치요.. 잘 보고 갑니다 ||| 고무패킹에서 나오는 고무썩은물 한번 날잡아 준비부탁드립니다. 기존수전 빼서 고무패킹을빼서 물에씻으면 녹물은 저리가입니다.우와 얼마나더러운지.그래서 실리콘패킹이 필요할것같습니다. ||| 맘에드네요,노하우/스타일
j6_WdOCHELQ,"🌟셀프인테리어 // 저렴하고 좋았던 제품들 9가지 & 깔끔,아늑한 방만들기🌹 | 플럼 Plum",PLUM 플럼,이번 영상은 방을꾸미면서 구매했던 제품들을 소개하는 영상이에요! 인테리어영상은 요렇게 마무리가 되네요😏 간밤에 올리고 저는 내일을 위해 자러 가겠슴니다..👻 가을이 지나가기 전에 패션하울을 빠르게 들고오고 싶네요 😢 기다려주시는 모든분들 감사드리고 사랑함니다❣️ ||| 플럼님 패션하울은 증말 믿고 봅니당ㅠ 매일매일기다려요😢 오늘도 선댓글 후감상😽 ||| 흐아 빔 프로젝트라니이! 나중에 꼭플럼님 영상 참고하면서 인테리어 해야게써욤💞 ||| 저 곧 이사가는데 플럼님 영상이 딱!! 유용한 영상 정말 감사합니다😆❤ ||| 플럼님 너무 조아여....💗,노하우/스타일
5eEe0UzaE60,"페인트 작업용, 퍼티의 종류를 4가지만 알아보자 - 셀프인테리어 DIY",만고사 ,"poly면 포리가 아니고 폴리로 발음해야지 L 발음인데.....화학물질중 중합체에 폴리를 잘 붙임. ||| 워셔블은  처음들어보네요 좋은정보 감사합니다 ||| 내가 필요한게 워셔블이네요 배워갑니다 ||| 셀프로 화장실 문 수리해보려고 하는뎅 도움이 많이 됐어요오!! 감사합니다 ||| 오늘 처음으로 퍼티작업하고 열공중이여서 마지막 하나만 보고 가려고 했던 영상인데 목소리도 좋고 설명도 잘 하고, 핵심위주여서 만족입니다. 구독하고 갑니다!!",노하우/스타일
tCg-al6nogY,1인 예술가들을 위한 셀프스토리지 알파박스,셀프스토리지 & 공유창고 알파박스 ,,노하우/스타일
z_5dCEm4nzY,[제품설명][사용영상][DIY셀프인테리어]벽지위의  곰팡이 쉽게 없애는법How to easily remove mold on wallpaper,철물점TV,잘 보고 갑니다   저도 10년전에 곰팡이 제거했던 기억이 나네요.... ||| 그리고 제품 공개하시는거마다 직접 파시는곳 링크 걸어주시면 동영상보는사람도 구매할수 있고 영상올리시는분도 직접파시니 좋지 않을까요 ||| 장난하나~ ㅎㅎ 잘봤씁니다 ||| 락스 최고 ||| 유한락스가 최고임,노하우/스타일
B7qCCDo_cWc,[제품설치][DIY셀프인테리어]세면대 부속교체 정말쉽습니다,철물점TV,공장 화장실 세면대가 막혔는데 와~~우 딱 맞는 내용을 보게 됐네요. 감사해요^^ ||| 고맙습니다. 덕분에 화장실 세면대 배관을 셀프로 교체할 수 있게 됐습니다. ||| 감사합니다. 많은 도움이 되었읍니다. ||| 잘보고 갑니다. ^^ 감사합니다. ||| 국산기능이 멋지네요 . 중국산은 물이 잘 안빠져서 별로예요... 좋은정보 감사해요^.^,노하우/스타일
TLk0Krqqh6w,자취생 꿀템 이거하나면 셀프인테리어 문제없다!_테크펀[기술아이],기술아이,,노하우/스타일
f-hsKC43f80,[제품사용설명]DIY 셀프인테리어원형샌더 사각샌더 사용법,철물점TV,20만 구독자 기념 영상보고 성지순례 왔습니다.  해빙기가 첫 영상이라고 했는데 이게 더 오래된 건지 가장 밑에있네요.  20만 여기서 축하드립니다 ~  앞으로도 즐겁고 유익한 영상 잘 부탁드립니다 ! ||| 성지순례 2번으로 다녀갑니다 ||| 장인의  멋진  모습.....감사합니다. ||| 이제품은 폴리싱 센딩기 인데요? ||| 제품이문제가 아니라 센더기의 소음이 문제지요 . 소리가 너무커서 가정에서는 사용하기가 힘듭니다 . 이웃이 뭐라합니다 . 센드는 다똑 같아요 원형이든 사각이든 ..,노하우/스타일
A5AtalMeuvs,[제품소개][제품사용법][DIY셀프인테리어] 단열스치로폼을 벽에 붙이는 가장간단한 방법How to put insulation,철물점TV,"스티로폼을 붙이는 방법이 아니고 도구 사용방법이었네요 ||| 자세히 알려 주셔서, 저 같은 초보자도 사용에 문제가 없겠습니다. 고맙습니다 ||| 한 번씩 보고 있습니다,, 동네 철물점 사장님께 후사리 먹어 가며 배운 여러 팁들,, 이런 젊고 인성 좋은 분들이 건재상 철물점을 하시면 참 좋겠네요,, ||| 사용하던 폼은 크리너로 세척하면 계속사용 가능합니다  폼이 나오는 부분을 크리너로 세척하면 됩니다 ||| 사용법 자세한 설명 감사합니더",노하우/스타일
xeYz-TkhvlI,[제품소개][사용영상][DIY셀프인테리어]칼블럭이 필요없는 블럭에 피스박기,철물점TV,겸손하신분이 영상을 올려 주셨군요. 블럭은 바닥시멘트보다 밀도가 약해서 좀 약하지요 약하다는 뜻은 단단하지 못하며 콘크리트 드릴로 드릴링 하면 아주 쉽게 뚫리지요  물론 피스나 나사 지름이 5mm 이면 피치가 정상적인 볼트류 나사는 0.8mm라서 4.2mm 드릴로 뚦면 되지만 콘크리트용이나 철판 피스는 피치는 넓고 골 지름은 볼트 골 지름과 비슷 합니다. 따라서 5mm나사이면 그냥 4mm드릴로 뚫어서 피스를 박아도 드라이빙 하는데 문제가 별로없지요.  쉽게 설명은 잘 하시네요. 짝짝짝 ||| 열정이 대단합니다 늘~응원합니다 파이팅입니다 ||| 우연히 보게 되었는데 정말 탄복하게 되네요 .  정말 프로만이 깊이(디테일)를 알 수있는 영상입니다. 저는 간판쟁이로 늙어가는 입장인데요 이번 영상 보면서  신제품에 늘 관심갖았던 사람으로서  신제품보다 당신같은 신예들의 등장에 머랄까..아무튼 파이팅.. 많은새로운 정보 기대할께요 잘봤습니다 ||| 서던섭관이 무섭다고 불안해서 안섰는데 사용해봐야겠네요. 감사합니다!,노하우/스타일
HMntEsd56dA,[제품설명][제품사용영상][DIY셀프인테리어] 강화유리에 구멍을 뚫을수있을까? Can I drill a hole in a tempered glass?,철물점TV,웃어야 할지 울어야 할지... 순수함에 웃음이 나네요.~^^ ||| 실험정신에 구독합니다 ||| 저도 정말 궁금했었는데. 처절하게 검증하여 주셔서 너무 감사합니다. ||| ㅋㅋㅋㅋㅋㅋㅋㅋ 실험정신에 박수!!!!!!!!!!!! ||| 아고.~~ 수고하셨습니다  좋은 하루되세요,노하우/스타일
bGNS-8jTKMQ,[제품소개][사용영상][DIY셀프인테리어] 락카스프레이 쉽게 뿌려봅시다!How to easily spray lacquer spray,철물점TV,동영상은 바로 이렇게 간단하고 직관적으로 올려야 해요...완전 에프엠...너덜너덜 쓸데없는 말로 시간의 칠팔십프로를 소비하는 엉터리 동영상이 얼마나 많은지...이 분 동영상을 보면 아주 시원해요...그리고 신제품은 계속 나오니까 구독자 10만 돌파할때 까지...화이팅... ||| 이런게 잇네요..아이디어..굿입니다. 좋은제품 소개 감사합니다. ||| 손가락 아파서 찾아봤는데 진짜 너무 유용하겠어요 ㅜㅜ 지금 사러 갑니다.. 너무너무 감사해여!! ||| 좋은 정보 감사합니다 ||| 척척박사님 영상을 보면 너무 좋아요(배우고갑니다),노하우/스타일
YvPZI3LukEU,[제품설명][사용영상][DIY셀프인테리어]칼블럭이 필요없는 콘크리트에 피스박기2탄,철물점TV,칼부럭이 더 편하고 좋다는 교훈을 주는영상 ||| 타공후에 박는거라면 일반 피스나 육각볼트도 박혀요 그리고 가격이 살발합니다 타공을 해야하는거라면 칼블럭과 시공방법에 차이가 없다고 느껴집니다 ||| 콘크리트에 칼브럭 없이 시공하는것은 일반인들이 10개미만으로 작업하실때는 권장하지 않습니다. 다만 현장여건상 혹은 콘크리트 구멍을 뚫었는데 충분한 깊이까지 못 뚫었는데 콘크리트 내부의 철근이 닿을 경우 쓸 수 있습니다. 전 전기공사업자라 비교적 힘이 받히고 전선들을 이쁘게 배선할때 많이 사용합니다. 아래의 어떤분이 말씀하셨듯 일반나사 2.5센티 일때 3.5파이 콘크리트기리가 맞더군요. 사실 전선 배선중 수십개를 새들로 콘크리트면에 고정시 일일이 칼브럭 치는것도 시간 소모가 많더군요. 철판을 뚫는 직결나사의 경우는 3.2파이로 뚫는게 적당했습니다. 현장에서 일하다 보면 맞게 써야하지만 한두개 때문에 사다리를 내려와서 다시 나사못을 찾아서 다시 올라가고 하는게 어려우 현장도 있어요. 끝으로 여러번 뺐다가 다시 피스를 박아야 할 경우 (물론 이럴땐 칼브럭이 좋아요) 전선 피복을 벗겨서 구멍에 끼우고 박으면 튼튼하게 박을 수 있습니다. 이쑤시게도 좋구요~ ||| 잘보고 갑니다 즐건 주말 즐겁게 보내세여 감사합니다^^ ||| 특별한 목적이 아니면 칼블럭 작업을 추천합니다. 실패가 없고 재작업이 가능한 점은 칼블럭이 확실히 좋죠.,노하우/스타일
A1NULMVrvzs,알파박스 셀프스토리지 - 사무실을 넓게 사용하세요 서류보관 전시용품 사무용품,셀프스토리지 & 공유창고 알파박스 ,,노하우/스타일
TuUzJdRPvq4,[제품소개][DIY셀프인테리어]간단하게 방수를 스프레이로 할수있다고?,철물점TV,잘 보고 갑니다....검색해서 봤더니 괜찮은 제품이더라구요 ||| 하단에는 샷시 + 처마 대리석 + 단열재(핑크) + 우레탄 폼 으로 시공되어 있는 천정 내부입니다. 틈으로 미세하게 물이 스며드는데 영상에 스프레이 사용 가능한가요??  3M방수 스프레이 뿌렸더니 단열재(핑크) 녹아서 틈이 더 벌어졌어요 ㅠㅠ  손이 들어가지 않아 스프레이로만 해야하는 공간입니다. ||| 잘보고  써보고  싶네요   저회집  기와일부가  깨졋는데  어느정도   틈도  가능하고   한통 이면   몇m2도포  힐수  있어요 ||| 잘 보고 도움이 많이 받고 있습니다 방수테이프도 소개해주시면 안될까요?? ||| 뿌릴때 방독마스크 써야 되나요?,노하우/스타일
In4blNhwGfY,"[화장실 셀프인테리어] 이케아제품으로 유아 전용 화장실 만들기 - with IKEA 이케아후기(스투그비크, 로단) interior choijubu",인테리어최주부 interiorchoijubu,오 깔끔하네요!,노하우/스타일
trWc3TF3Irc,보닥타일 화장실 곰팡이 있다없다? 휴플로어 st 화장실 셀프 인테리어 그 2년후.. interior choijubu,인테리어최주부 interiorchoijubu,"전 영상에서 노력하신거에 비해서 댓글들이 너무 부정적인 반응이 많더라구요. 영상 처음 봤을때는 보닥타일로 화장실을 꾸밀수도 있겠구나 신기했는데 그 이후의 결과까지 보여주시니까 더 좋네요 다음 영상도 기대하겠습니다~ ||| 우리집 화장실이 딱 보닥타일 붙이기전 누리끼리 저타일 인데 수리하고 싶은데 엄두가 안나서 참 좋은정보네요 ||| 정말 부지런하시네요..! ||| 가식떠는 영상이 아니고, 진짜 정보주시는것 같아서 넘 좋아요! 구독 꾹! 아치형문틀도 해주세요ㅜㅜ ||| 셀프로 하는 욕실인테리어중 젤유용한듯. 너무잘봤어요!!👍",노하우/스타일
n0CiUx3U2fw,[폴라베어][노출 콘크리트]누구나 저렴하고 예쁘게 할 수 있는 에폭시 바닥 인테리어,폴라베어 전실장,"30평 공장 에폭시 바닥시공을 셀프로 하고 싶어서 알아보던 중 이렇게 좋은 영상을 접하게 되어 다행입니다  뭘 모르는 상태로 페인트 사장님께 문의하다가 셀프 인테리어 재료견적은 안 내주고 자꾸 어렵다 힘들다 재료 많이 필요하다  뭐라뭐라 바가지 씌울라고 하고 자기네 사람 붙이려고 하고 이거 할줄 아는 사람이 세상 자기밖에 없는듯 알려주지도 않고 거들먹거려서 많이 기분이 안 좋은 상태였는데 이렇게 전체과정을 친절하게 설명해주시니  얼마나 감사하고 도움이 되는지 몰라요 인테리어 분야는 워낙 자기방식 고집하는 사람이 많고  거들먹거리는 사장님들 많은데 이렇게 귀한 영상 자료 만들어주셔서 감사합니다 테클거는 사람들 의견은 좋은것만 귀담아 들으시고 꼭!!  자기가 할 줄 아는 것을 특권인것마냥 다른 사람들 무시하는 사장님들 한방 먹이기 위해서라도 다음 영상도 제작해주세요~ 기대하고 있겠습니다!! ||| 폴라베어 실장님 완전 팬이에요, 다른 유투 버들처럼 쓸때없는 말로 시간 끄는 거 없이 필요한 내용만 속속 쉽게 알려 주시고 정말 짱입니다👍🏻r ||| 유투브 에폭시 작업하는 영상 대부분 메탈 라이닝 하는 작업이 대부분인데 실제 작업시 바닥 정리의 필요성과 마스크과 방진복의 중요성을 알려주시는 실전에서만 알수 있는 정보를 알려주셔서 잘 보았습니다.~ ||| 듣는사람 말도 편하고 진솔한 전실장 최고여요.",노하우/스타일
CChc6GRGIqo,[제품소개][사용영상][DIY셀프인테리어]아직도 조심조심 석고앙카 박으세요?,철물점TV,석고보드는 잘 부숴지기 때문에 결착시키는데 어려움이 많아서 이런저런 아이디어 상품이 나오는데 정말 좋은 제품을 만들었네요. ||| 말씀이  재미납니다. 경상도  말씨네요. 즐겁게  봤습니다. 감사합니다.  구독ㆍ좋아요ㆍ 필수^^ ||| 척척박사님 같아요 오늘도 석고보드 앙카 배우고 갑니다 새해도 건투를 빕니다 ||| 감사합니다 ||| 와와~~좋은정보 감사합니다 사장님 늘 응원해요 홧팅!!!,노하우/스타일
acxqKDnr-kc,[제품소개][제품사용영상][DIY셀프인테리어]불에직접 닿아도 녹지않는 실리콘?,철물점TV,나의 구독이유가  다양한 실험과  새제품의  소개로  얻는게  많아서 보고잇다 응원합니다 ||| 정말 유익한 정보라 구독 안할수가없네요 ..번창하실길... ||| 딸 때문에 무조건 누르고 봅니다!!! ^^ ||| 하나하나 알아가는 유익한 정보! 재미지게 잘 보구 있습니다. ||| 유익한 정보 감사합니다. 독일의 뷔르트사 제품 정말 광범위하게 많은 제품들이 있는데 앞으로도 좋은 제품 소개해주세요. (나 그쪽 관계자 아님. 그냥 독일제품 성능좋아서 씀.),노하우/스타일
-ytOadC0_Ho,"디자인 하우인테리어 광고
인테리어시공.철거.인테리어필름전믄시공 전문업체  0705ㅡ1362ㅡ7495",대한민국에이스체널KBBS보훈방송,,노하우/스타일
O36WqeyuCu0,[ 시공현장] 인테리어필름으로 아파트 천장 체리색 몰딩 리폼 몰딩시트지 붙이기,아프로시트,여러 영상 봤는데 이 영상이 그 나마 제일 잘 설명하고 초보자가 할수 있는것 같네요.. ||| 몰딩 시트지 붙이기 자료 감사합니다. ||| 엄청 쉬워보이기는 하네요.  실제로는 엄청 어렵겠지만.  어쨌든 궁금한것 잘 해결되었습니다. 감사합니다. ||| 붙일 수는 있는데요 저 천장 높이를 받쳐줄 밟고 올라갈 밑 지지대가 없어요 무얼 밟고 올라가 저렇케 왔다 갔다 하면서 붙이나요 ㅎㅎ ||| 이거몇번이나 보고 했는데 홈과 각진 있는부분들이 잘붙은데가 있고 각진부분이  입체감없이 민자가된 부분도 있고..ㅠㅠ  지금 다시보니 층이 몇개있을경우 각진부분마다 칼집주고 손으로 각을 잡았어야 하는건가요? 그냥 양끝에 붙여놓고 칼집없이 층층 각진부분 입체감생기게 손과헤라로 엄청 밀고 했거든요.층층각진부분이 떠있는게 드문드문 보여요.칼집을 안주고 각을 세워서 그런걸까요?,노하우/스타일
4SkHpNZQ-sM,포스터 하나로 공간의 분위기가 바뀌는 셀프 인테리어 팁 by W Korea,W KOREA,,노하우/스타일
4DjFSWX-UOA,창문틈막이 창문마스터가 쵝오! 010 4400 5393,더마스터,,노하우/스타일
ixGp9rQjwBM,부부 침실 공간 인테리어 이렇게 하세요!,아낌없이 주는 나무 ,,노하우/스타일
5mZk1pbzwOc,대구씽크볼교체 전문 010 4539 4788,iee262626,,노하우/스타일
s0kNH3VQ850,세상에서 제일 깔끔한 24시간 셀프빨래방!!!,Minkyu KIM,,노하우/스타일
8ghSpIgGjKQ,욕실거울 거울교체 셀프욕실거울교체 DIY욕실거울교체,서영홈테크,"이번주말에 욕실장,거울 욕실용품 교체할까말까 고민하고 있습니다.  영상보면서 공부좀 하려고 구독하고 갑니다. 지금 2번째 영상 돌려보고 있는데 제가할수 있을까? 걱정이네용.~~^^😍 ||| 벽면 건조 거울 뒤에 실리콘 붙이고 벽에 붙임 어느 정도 굳을때 까지 손 으로 밀다",노하우/스타일
Bdt9HCNmki0,"메이쥬스튜디오 에어플랜트 / 식물로 꾸미는 인테리어, 플랜테리어 꿀팁!!!!!",레알캠 Real Cam,,노하우/스타일
mcEngKLelJQ,이지폴딩도어의 방음 실험! 어느 정도일까?,폴딩도어이지폴딩,,노하우/스타일
jrfnzQqDKtM,이케아의 가성비 제품들 뭐가 있을까? 추천아이템!,0909 연구연구,"이케아는 진짜 간지템이 많네요 ||| 신리그생각하며들어왔는데 역시 젤 처음나오네요ㅎ 레드가든베리 최애템 조코조코~ ||| 특가제품, 행거 사고 싶어요~ 잘봤어요ㅎㅎ ||| 헬메르 진짜 이뻐요ㅠㅠ ||| 오 도움되네요",노하우/스타일
Ih4fA43aKaQ,씽크볼교체 개수대교체,iee262626,,노하우/스타일
ETlduXV3O3c,인테리어 소품 크리스마스 led액자 공중전화 [꾸미까 ggumigga],꾸미까 GGUMIGGA,어디서 구매하나요?,노하우/스타일
rs94G5ykxy0,[제품설명][DIY셀프인테리어]상황에맞는 실리콘종류 어떤것이있을까?,철물점TV,정확한 설명이시네요 대부분 바이오쓰면 곰팡이 진짜 안끼는줄 아시더라구요  욕실에 쏘시더라도 자주 청소해주는게 중요합니다~청소안하고 방치하면 금에도 때가낍니다 ||| 리뷰를 통해 다양한 정보를 볼 수 있어서 정말 감사해요 계속해서 새로운 것 많이 보여주세요 ||| 외벽에 창틀 주변으로 세로로 크랙갔을때 (검정색 파벽 외벽) 어떤 실리콘 추천부탁합니다. ||| 큰 도움이 되었습니다... 감사합니다... ||| 실속있고 정확한 정보네요 고맙습니다,노하우/스타일
2PsHYNQZDQk,비주 DIY :: 다이소 제품으로 크리스마스 소품만들기  ㅣ 셀프인테리어 ㅣ 홈인테리어 ㅣ DIY Christmas Decor,친절한_비주언니,너무 이쁘네용❤ 구독 눌렀음댜😊 사랑해영😂 엄마랑 만들고 시퍼여 ||| 손이 망설임없이 척척 만드시네요~저도 오늘 다이소 함 가볼까싶어요 좋은정보 감사요^^ ||| 다이소 정보 잘 보았어요💞 ||| 정말 크리스마스 분위기 물씬 나네요 너무 예뻐요 금손이세요 정말~~ ||| 와~~~~~~~정말영상보는내내 깜놀깜놀~!!(*☻-☻*) 요런감각 숨겨두기엔 너무 아까워요 너무도움되었어요 어머어머~~ 메리크리스마스🌟,노하우/스타일
ka9iviI03X0,룬넨소개영상,비바 월드,,노하우/스타일
OdKBS6ln_KU,문고리닷컴 : 보닥타일 '허니컴 다크그레이',문고리닷컴(Moongori.com),여러분 어릴때 미니카스티커도 제대로못붙혔다는것을 기억하십시오 ||| 근데 문제는 저렇게 각도를 잘 맞춰서 예쁘게 붙일수 있느냐가 문제아님? ||| ... 아니 그냥 금손이든 금손이 아니든 별로여서 안할꺼같은디 그냥 안붙인게 더 심플하고 좋아 그리고 저게 좋게 보인다고 해도 저렇게 딱맞는 제품을 찻기가 쉬운게 아님 ||| 너무 이뻐요 상자에 붙여도 이쁘겠어요^^ ||| 준비물 : 금손,노하우/스타일
E6eApFT6JPw,주방 씽크대 후왕교체 후드교체 환풍기교체 #가스레인지후드교체 #가스렌지후드교체 #후황교체 #주방환풍기교체 #주방후드교체 #후앙교체,hak10choi,,노하우/스타일
QTYLx-_dYpk,광택가구 청소하는 요령,아낌없이 주는 나무 ,,노하우/스타일
IGHYRw369mA,부산가스렌지후드교체,장은빛,,노하우/스타일
Z0PMEMNI1MY,송도 무지개아파트 리모델링,강우석,,노하우/스타일
OpgJbo8j-2E,오브제누보 공간절약형 옷걸이,오브제누브,,노하우/스타일
CJNVnAQD6_w,코웨이정수기구멍뚫기,클린톡베토벤,,노하우/스타일
DAwQQG2wClE,2018 한국정당학회 하계학술대회 1편,중앙선거관리위원회,,정치
_wVED_2uWA4,"보수야당 참패, 한국정치 판이 바뀐다 [더정치 #123]",한겨레TV,역시 한겨레...민주당의 승리에 뭔가 껄끄러워하는 반응 ㅋㅋㅋㅋㅋㅋ ||| 추미애가 공천만 질했으면다 먹을수있었는데 아휴 아깝다 썩을것 공천을 개판으로하고 ||| 대구사람으로서 부끄럽네요 ||| 이제 기레기들을 심판하는 일만 남았다. ||| 다머리아저씨 너무 기운빠지게설명하네 집에가서쉬라,정치
QkUK6JsOwWU,"김병준 ""계파주의 막을 장치 고민...한국 정당 모두 환자"" / YTN", YTN,헛소리하지말라 가장큰원인은  기본에 있다. 부모을 죽이는 자식은 없다 그런 정신으로  보수라구 할수 있나. 나살기 위해 부모까지 죽이는 자식은 없다. 한국당은 국민들앞에. 사죄부터해야한다,정치
KI-ZFUwrtbg,"문 대통령 ""정말 가슴 아프고 비통...한국 정치의 폭 넓혀"" / YTN", YTN,정말 가슴 아프고 비통한건 해병대 ||| 노의원도안되지만.젊은군인들은.북에위협되니까 ||| 돼지한테도조롱당하는 이니,정치
E9TGXuKdDTA,"문 대통령 ""정말 가슴 아프고 비통...한국 정치의 폭 넓혀"" / YTN", YTN,힘내세요   당신의  진심을  전국민 80프로가  압니다. ||| 지지합니다 지지합니다 무슨일이생기고누가뭐라고해도  지지합니다 지지자들 많습니다 건강 지키셨으면 합니다 지지합니다 ||| 저사람  얼굴보면   왜욕부터나오지   이상하넹    저인간   증말싫다,정치
Mkja4XF2GMw,2018년 정의당 경기도당 교양아카데미 - 한국정치 어디로 가는가(서복경),정의당경기도당,,정치
BrRkJZwEjU4,"[녹취구성] 김병준 ""한국당ㆍ한국 정치 바로세우게 도와달라"" / 연합뉴스TV (YonhapnewsTV)",연합뉴스TV,,정치
WbhRCALVB5g,"문 대통령 ""정말 가슴 아프고 비통...한국 정치의 폭 넓혀"" / YTN", YTN,길이 아니면 가지말아야됩니다 ||| 좀더 확실하게 청산해야지 이게.뭡니까.. ||| 쩝!쩝!쩝!.... 누가 이런 비통한 일을 만들었을까? ||| 가증스러운 놈..하늘이 알고 땅이 안다..,정치
fvPhHVeBisU,[영상] 반복되는 올드보이의 귀환…한국정치 영보이는 언제? / KBS뉴스(News),KBS News,인재들이 이렇게도 없나 ....  이제는 세대교체 좀 했으면 좋겠다...  그렇지 않으면 기존의 부정부패의 뿌리는 절대 안뽑힌다 ... ||| 국회의원은 60넘으면 짤라야 ||| 사기꾼들의 모임,정치
aDld89lWOGQ,"[현장연결] 김병준 ""한국당ㆍ한국 정치 길 찾는 방향 고민 중"" / 연합뉴스TV (YonhapnewsTV)",연합뉴스TV,,정치
npGFcXVXRAY,"""진보 넘어 한국정치 전체의 비극""...여야, 충격 속 애도 / YTN", YTN,뇌물 이야긴 이제 쏙 들어가겠군 ||| 삼가고인의 명복을빕니다 ||| 큰 사람이엇다. 추모를 위해서 노회찬 특별법 하나 만들어주지..,정치
iXa3mKZDKzs,2018 한국정당학회 하계학술대회 3편,중앙선거관리위원회,,정치
AAtJv-EgzOk,[뉴스1번지] '풍운의 정치인' JP…한국 정치에 던진 숙제는? / 연합뉴스TV (YonhapnewsTV),연합뉴스TV,,정치
Su1WFTdHllk,한국정치의 본색 [쏙쏙정치학],고성국TV,고성국 TV가  자유 대한민국 의 암울한 헌실을 타개할 대안입니다 ||| 이익선 정말목소리도 이쁘고요 재치짱입니다 정말로 아나운서 입니다 ||| 이익선앵커님 응원하고 화이팅입니다 ||| 이익선씨의 진행  역시 깔끔하고 날카로운 지적    이쁘시고  사랑스럽네요 ᆢ ||| 이익선씨 팬입니다. 우파시라니 앞으로는 개광팬입니다,정치
5OE26lFbFqA,"고인 물, 한국 정치 [신동욱 앵커의 시선]",뉴스TVCHOSUN,이해찬. 으 하 ㅎㅎㅎㅎ하 땅속에 들어갈때까지 국민을 괴롭힐 인간. ||| 그 밥에 그 나물들... 에휴... ||| 요즘  tv조선만이  유일하게  정당하게  뉴스  보도합니다  신동욱  아나운서님  감사합니다  이놈의  나라를  자폭시키려고  하고  있으니 ||| 이해찬 85세인줄.. ||| 썩은물은 갈아치우든가  묻어야 한다,정치
h3GyAh5QwZw,"""진보 넘어 한국정치 전체의 비극""...여야, 충격 속 애도 / YTN", YTN,국민이 선출한 국회의원 국민을 위한 것이아니고 잡놈폐거리 위한 파렴치한 행동으로 국민 속여 잡놈이익에 극한 행동한다면 두고볼순없다 국민만이 해결할것이다 ||| 얼굴만 함몰됫다는데  숨  끊어질때까지 얼마나  아팟을까  정의당은 억울한 죽음이라면서  진실을 밝힐의지가  왜  없음까   이용식교수님의 분석은  자살아니라잖아요 용기가 다 죽엇읍니까?  무서워서입니까.? ||| 돈은받았는데 대가는업다 웃기네  애도하는놈들도 구린모양이네  후배놈들도 대가업는 뇌물받아먹어야지,정치
tVfyzEeJA3w,"전원책 “한국정치, 두목들의 정치... 마피아보다 못해” - 전원책 변호사 [ 김현정의 뉴스쇼 ]",CBS 김현정의 뉴스쇼,"그래서 내놓은 대안이 이언주라면 보수라는 인간들은 걍 문 닫아야한다. ||| 현정님 기습 질문 내공이 뛰어난 원책님 위기 모면 ㅎㅎ ||| 창당하이소 ||| 결론은 전원책이 호랭이 ㅋㅋㅋㅋ 🤣 무셔워~~~ ||| 적폐 자한당 해체하고,  새로운 인물로 새판을 짜야...",정치
JKwllhdLsVA,"문 대통령 ""노회찬 의원, 한국 정치 폭 넓혀…비통한 심정""",JTBC News,,정치
VKP4e-WJP0s,"[뉴스포커스] 우윤근 주러대사 ""한국 정치생활, 러시아 외교에 큰 힘"" / 연합뉴스TV (YonhapnewsTV)",연합뉴스TV,,정치
bEOWR2CuSiE,[특강] 김병준이 말하는 한국정치의 민낯,레이더P,,정치
OaQSD7xky4U,"김문수 ""한국정치 제3의 길 없어. 안철수 양자택일 해야""",일요서울TV,♥서울 개벽 프로젝트 ♥기찻길 옆 ♥우리집 ♥살기가 좋아져요. ♥안철수 후보님GO👍 ||| 두명다 15%미만되서 세금아껴서 서민들 세금부담이나 줄여주자 ||| 단일화는 노우 반대입니다 각자가  그자리에서 최선을다해주시길바래요  생각도틀리고 ||| 내년이 3.1운동 100주년인 건 아냐 ?^^ ||| 국민 추천제 하면 제3의 길 가능한데...,정치
9ynvWcHxPgQ,"미디어이슈-정동영, 거대 양당 적대와 증오를 뒤로 한국정치 뒷받침해야...",미디어이슈TV,,정치
3jBLKLx0CvM,"[관훈라이트클럽 오디오] 한국정치의 큰별이 지다, 기무사 언론통제 시나리오",김용민TV,"관훈 라이트 쵝오!! 세계최초 고기굽는 시사,고기먹는 시사",정치
-CkTMrksTOU,"김종필 전 총리, 한국정치를 향한 한 마디 ‘정치는 허업’",중도일보 joongdoilbo,,정치
5ybO72ZTzGA,2018 한국정당학회 하계학술대회 5편,중앙선거관리위원회,,정치
odeqiP7cW6U,3부 한국 정치에 대한 「오래된 지식인들의 사기」 포퓰리즘 거부? 철저히 포퓰리즘 정당으로 가야! [정치분석] (2018.04.05),황장수의 뉴스브리핑o,"역시  소장님의 방송은 언제 들어도  시원시원 하다. ||| 저도 DNA  자체가  공산당이싫습니다 소장님의 거침없는 의견  꿋꿋함이 너무 맘에듭니다   평화협정 맺는날이   적화통일의 시초가될것입니다   천사의가면뒤에 가려진 악마의얼굴을 보지못하는 우매한 개돼지국민   나라가 망해가는데  물에 빠져서 사람죽어간다고 소리쳐야는데   그입을 틀어막는   개돼지 ||| 듣기 어러운 옳은말씀 고맙게 드렀읍니다. 수고가 많으십니다. ||| 3부뉴핑 절절히 맞는말씀 하십입니다 ||| 황소장님을 존경하는 이유가 제 의견과 황소장님 의견이 99% 같기 때문인 것 같습니다. 한번도 만난 적이 없지만 인격고 훌륭하시리라 생각합니다. 역사가 증명하고 있듯이 모든 정권, 정당은 사회 구성원 다수가 원하는 포퓰리즘을 구호로 걸지 않으면 망하는 것은 물론 사회도 무너집니다. 당시의 사회가 원하는 것을 제시하지 못하면 정권 유지는 물론 사회가 붕괴되는 것은 당연한 것이고, 다만 sustainable한 포퓰리즘 정책을 실행해야 한다는 것 뿐입니다.",정치
gR7crFcvFhQ,[한국정당실록 60년] 진보 정당의 대표 노회찬①,폴리뉴스/폴리TV,,정치
ysbxz90lVN0,"민주 ""국민의 뜻"" vs 한국 ""정치보복""…엇갈린 정치권",JTBC News,"뭐긴 정치보복이여... 지가 ㅈㄴ게 해먹었으면 당연히 처벌을 받아야지 ||| 정치보복은 아무 죄 없을 때 얘기고 지은 죄가 너무 어마어마하지 않냐 정치보복이라고 하면서도 니들도 쪽팔리지 않냐 부끄러움을 모르면 인간이 아니라 했다 ||| 적폐청산, 나라다운 나라!  감사합니다. 감사합니다. 감사합니다! ||| 정치인은 범죄를 저질러도 처벌 안받겠다는 개소리😡😡😡미쳤구나.죄없으면 당당히 조사받아.헛소리 말고.... ||| 적폐청산 개꿀띠♥♥",정치
GNg0oiA9eiw,2018 한국정당학회 하계학술대회 4편,중앙선거관리위원회,,정치
Y-PLaERMybQ,"추미애 ""故노회찬, 안타까운 선택…한국 정치 큰 손실""",일요서울TV,그 손실을 만든게 누구냐. 너 아니냐?,정치
4TvHkdAJWjc,"신문브리핑 ""'정치개혁 집중' 다시 뛰는 정의당"" ""美, 한국정부서 방관 의심…""동맹국도 제재 예외 없다"""" 외 주요기사3",MBN News,민주당이 지지율좀나눠줘야한다 정의당한테 ||| 정의당은 국민의 마음속에 이미 제2야당이다.,정치
bOXVw83w84A,'한국 진보정치의 간판' 노회찬 의원 비보에…정치권 '침통',JTBC News,왜요 왜!!!가시면 어떻하십니까!! ||| 김성태 저 인간이 죽였어 ||| 노회찬  복싱언어의 대가인데  ! 스타의원은 별이되어 지고   그자리에 잡풀들만 무성하네  ! ||| 김성태님 이와중에도 노회찬에 묻어가려고  숟가락들이대는거 정말 역겹고 꼴불견입니다. 우린 기가막혀 말도 안나오는구먼... ||| 김성태 니가죽인거나 매한가지여,정치
suLDdK3TakI,갈수록 후퇴하는 한국 정치와 한국당 김병준 비대위의 야심! (2018.09.25) [특별초대석] 고영신 2부,황장수의 뉴스브리핑o,"고영신 저 사람은  정체성이 좌편향적인 그런 사람으로 평가되는데   이 코너에  왜  나왔을까? ||| 황소장님 구독 22만 축하합니다  이해말까지 30만 갑시다, ||| 소장님! 구독 220,000명 돌파 축하드립니다! 더 많은 분들이 구독하게 현명한 뉴스평가와 논평 부탁드립니다! ||| 고영신 선생님 잘 나오셨고요 앞으로도  자주 출연 해 주셔요  고선생님 fighting 보수우파님 들 큰 마음으로 환영 해 드립시다요",정치
yudq5DX7Mbw,"'샌드위치' 검찰…민주 ""검찰개혁"" vs 한국 ""정치검찰"" / 연합뉴스TV (YonhapnewsTV)",연합뉴스TV,,정치
eSPcgz9huLI,한국 정치 관련한 문제들은- 박근혜 김부선에 전망하기,3.999.6868 조회수,,정치
VHlzy5tgg0w,"관훈라이트 #10 한국정치의 큰별이 지다, 기무사 언론통제 시나리오",김용민TV,"며칠동안 눈물만 나서 일을 할수가 없었습니다.정말 멋진 정치인,내 이웃에 계셨던 가슴 따뜻한 정치인  노회찬의워님, 평안한 안식  하소서. ||| 김용민 언제나 응원합니다  사랑스러운 우리돼지 ||| 슬프다는 말로는 표현이 안되는 심정입니다... 비보를 듣는 순간부터 이 시간까지 그 충격이 사리지질 않네요.... 존경하던 참 어른이 물리적으로 사라지셨으나 ... 낮은곳(세상사람들의 시선에는 낮은곳이겠으나 진짜는 한분한분 소중한 분들이 계셨던 힘겨웠던 곳이었겠죠. . ) 으로 향했던 그 정신은 우리와 함께하심에 위안을 받습니다... 감사하고 죄송하고 사랑합니다~~♡♡ ||| 너무감사해요. 항상 콘텐츠 챙겨보는데 노의원님 욕보이는 보도관련 내용은 못보겠더라구요. 가실때 까지는 화내고싶지않아서요. 아름다운 마음으로 보내드려야하는 분이기에. 지금도 사랑합니다 노의원님. 김용민 피디님, 민기자님, 정동지도 힘내세요. ||| 아직도 믿어지지가 않아요",정치
CMpP_tPNei4,"시민단체·7개 정당 ""선거제 개혁 절호의 기회…민주·한국, 미온적 태도 안돼"" / 연합뉴스 (Yonhapnews)",연합뉴스 Yonhapnews,국민소환제같은 국회의원 책임을 강화하는 제도가 먼저다. ||| 연동형 비례 대표제 적극 지지 합니다. ||| 학규씨 이제는 물러나실때가 되신것 같아요.연동형비례대표제 완성된 후... ||| 청치떠날사람많군요!,정치
YT9AHt0XpF4,[황태순TV] 전문가 초대석 - 4류 한국정치 해법은 있나?,황태순TV,"황태순티비  무궁 발전바랍니다! , ||| 황태순 선생님 반갑습니다 재대로됀정치평론듯겠네요 쓰래기얼론좀잘밝혀주 세요매일노크하겠습니다 화이팅입니다~ ||| 수고 많으셔요 ^~^ ||| 우피의 유튜브 활동! 이제서야 확신이 선다. 이길이 이기는 길이라는 것을 ||| 황태순 김연광. 아주 촣은 조합이야.",정치
24TreoNBlqA,"국회 예산정책처장 해외출장 보니…""아침식사로 업무보고 대체""",JTBC News,"국민들 피땀흘려. 남들 놀때 일하고 아이들 얼굴도 못볼정도로 일해서 세금 내는 국민들이 얼마나많은데. 이런. 쓰잘데기없는. 외유. 없애라쫌. 그렇게 그 나라 정책 알고 싶음 그. 담당자하고. 화상통화 하든지. 교민들 이용해서. 정보 수집하면되고 꼭 필요하면. 사용 내역이나 영수증 첨부하는게. 정상 아니냐. 정신좀 차리자. 신발넘들아 ||| 왜 진실을 밝히지않는가? ||| 뭐하는데 2600씩 들어 가지? 3.,4명이 비행기 왕복에 호텔 10을 정도 묵는데 700도 안될꺼 같은데 ||| 맞습니다. 이런식으로 외국 출장이 .. 외국에 있는 동문들과 사진찍고 회의하는 모습으로.. 다양한 방법으로 출장옵니다  문제는 청구서만 돈이 지불되니까 혈세을 청구서로 지불 되니 꽁돈이라 물쓰듯 쓰는것 죄의식 없이..  잔신의 돈 아끼듯이 쓰는게 기본적인정신을 가졌으면 합니다  그러기위해서는 공개하고 영수증 첨부하는 제도로 바꿔야 합니다 영수증 첨부하지 않을경우  본인부담으로. ||| 업무내용 보고해야지. 돈도 어디 무슨용도로 사용내역 쓰고..  일개 국민이 일케 가르쳐줘야 하나.",정치
80d9laq10Kw,20181215 토론쇼시민의회 예고 ㅣ KBS방송,KBS 한국방송,,정치
h3-ykKMtqPE,기억나는 국회 독특한 '드레스 코드'는? / YTN, YTN,바른미래당의원 중 저런 한복 미인이 있었다니  놀랍습니다. ||| 한국당 예전에도 꼬투리잡아서 땡땡이쳤었죠...땡땡이치믄 그날급여는 빼야돼는데...하긴 다른걸로 채울라나..,정치
bdMbBcCKZgk,롤러코스터 같았던 국회 정상화...무려 42일 만입니다/비디오머그,비디오머그 - VIDEOMUG,한달동안 놀고 하루일햇다고 박수처주넼ㅋㅋㅋㅋㅋㅋㅋㅋㅋㅋㅋ ||| 특검은 너희가 받아라 ||| 42일치 월급 토해내길? 정치적공방은 돈이 너무 많이든다 ㅡㅡ 국민세금가지고 돈놀이하지마세요ㅡㅡ ||| 자한당 42일치 급료 뺏고 그걸로 알바생들 주말수당 야근수당이나 더 줘라 ||| 이제1차본회의라니~미친다증말,정치
mVNkGPCLUaY,"국회의장·원내대표 17일 임시국회 소집...""선거제도 재논의"" / YTN", YTN,,정치
ohwmofZTcHI,"국회, 특수활동비 폐지한다는데... / YTN", YTN,그럼 그렇지...4분의1만 깎고 까까비는 따로네 ||| 꼼수폐지임 ||| 특수활동비 폐지 안 한거 같거든요 특수활동비를 폐지했다면 또 다른 꼼수도 받고 주머니에 들어 가고 있었겠지카잖아요!!!? ||| 띠용?,정치
SSPpcrDGuDs,[정치부회의] 서로 밀치고 때리고…양천구의회 난투극 '눈쌀',JTBC News,양천구 시민인데 저딴사람들 없어져라 욕나온다. 선거때랑 표 구걸할때랑 되고나서가 달라 ||| 부끄부끄 ||| 두 당원들 부끄러운줄 알아야지. ||| 양천구 구민인데 진짜 쪽팔리다. 내가 저딴 것들을 뽑았나... 아휴 ||| 이사람들 윌급 줘야되~??? 몽땅  벌금  형 때려야지,정치
UxzkiTrEsNQ,"[국회예산정책처 - 제헌 70주년 기념 국가재정 대토론회] 한국재정의 과거 70년, 그리고 미래를 논하다",국회예산정책처,,정치
--WlsBPJH2c,"[서울] ""오늘은 내가 시의원"" 청소년 의회교실 인기 / YTN", YTN,여기 나 나옴,정치
lPa_2lX6tMQ,관행이라는 이름의 국회 '해외출장 갑질'…뿌리 뽑으려면?,JTBC News,"한국씨쓰템을 출장이며 공관이며 법인들은 영수증 첨부  하지 않을때는 개인부담으로 세무처리가 되는 방식이 되어야 합니다.  회사에서 공식행사로 초대 받어서 출장을 같다면 문제가 될필요가 없지요. 하루정도 여행안내 정도는 기본이지만.. 그 이상이라면 문제가 있습니다.  사실이것도 가려진 댓가의 보답이지만 눈뜨고 봐줍니다 증거가 없기때문에..  예을 들어서 교수들 행외 세미나 을 업체에서 초대을 한다든가 대기업초대을 받어서 학술회라던가.. 어떤직업이던가 다양한 형태로 초대 받어서 하루정도 행사에 가담하고는 여행과 파티로 행합니다. ||| 세금을 함부로. 사용하는 국회의원들 ...적폐청산! ||| 특활비도 어영부영 받아간다는데.. 이것도 바로 청산합시다... 국회의원들 국민혈세로 돈벌기 바쁨... 흡혈귀가 따로없음.. ||| 이런인간들  절대 뽑아주지 마세요 ||| 한국은 세무가 너무 허술 하덛군요. 독일법을 같다쓰면서 그것도 교수한테 부탁하면 ..한국에맞게 약간 고쳐서  담당교수 얼마 연구원 ,복사비, 교통비. 회의비 이렇게해서 청구서을 내면 돈을 주던군요. 인권비는 작게쓰고 그외것은  엄청난 금액으로.. 이런식으로 국민의혈세을 쓰는 국회원들... 독일법은 인터넷으로 다 찾을수 있습니다",정치
p4grxwYcSpE,국민이 체감할 수 있는 정책을 만들어갑니다ㅣ【정책기획위원회 출범 1주년】,대통령직속 정책기획위원회,,정치
mTikCHZokEw,'정보 유출' 여당 신창현 의원을 놓고 벌어진 국회 국토위 여야 설전 / 비디오머그,비디오머그 - VIDEOMUG,신창현이 잘못한거 맞다 ||| 천벌받을인간아  설악산을 올라가봤나  니가뭔데 그 중요한 요지를  없앤단 말인가 ||| 이걸 어떻게 커버치냐 ㅅㅂ ㅋㅋㅋㅋㅋㅋㅋ 정보유출해서 미안하다고 할말도 없는데 ||| 이 시점에 다시 봐줘야하는 영상ㅋㅋㅋㅋㅋ ||| 저건 커버 쳐줄수가 없지,정치
90m_m4rIZFQ,걱정없는 노후를 위한 10가지 알짜 복지정책 -정책 공감-,보건복지부TV,그러니까 자식을안낳는거에요 못난자식은 없느니만못하다고요 ||| 수구꼴통태극기모독턱닥잘들어라지난정권저희들주머니체우는데혈연되있었는데현정권국민만바라보는문정부칭찬이나좀하라 ||| 빨리 65세가되고싶습니다.수입은전무하고 하체마비장애남편과사는데 인연끊고긴버린 아들며느리가 잘산다고해서 아무런 수급을못받습니다. 자다가 죽으면 좋겠어요.,정치
1dA0ZP7QCO4,큰느님 문희상 국회의장이 박수받은 사연은?  (feat.얼굴크기 실화냐ㅠㅠ),국회 유튜브,,정치
k-uuby8IqxI,"""집값 잡아"" vs ""대책 실패""…부동산 정책 공방 (2018.10.11/뉴스투데이/MBC)",MBCNEWS,집갑잡다가 사람 잡겟다  정말어처구니들없네,정치
X0CqE16OY84,각계 전문가 머리 맞댄 블록체인 육성 정책 토론회 개최,MTN 머니투데이방송,,정치
vbdiEqO_jDw,장제원·박완주 의원이 국회를 싸움판으로 뒤집어 놓으셨다 / 비디오머그,비디오머그 - VIDEOMUG,노엘이 왜 맨날 노래에서 아무 이유없이 빡쳐있나했더니 아버지가 그랬구나... 항상 빡쳐있음 ||| 아이고 노엘 아부지... ||| 야 ㅋㅋㅋㅋ 앞으로 tv n 하고 KBS 일요일 저녁에 코빅 개콘대신 국정회의 방송해라 ㅋㅋㅋㅋㅋㅋㅋㅋㅋㅋㅋㅋㅋㅋ 개그물이다 ||| 아빠가 양아치니까 아들이 양아치지 ||| 부끄러운 분 뽑아주신 곳은 도대체 어디인지?,정치
ceAIwJJYxXg,[잠깐상식] 미국 의회의 감독권,VOA 한국어,정부 상식 감사합니다 ||| 우리나라와는 비교가 안되구나~~,정치
M9LkIaZSiCw,[포항MBC뉴스]포항시의회 첫 행정사무감사‥'준비 부실'-김기영,포항MBC NEWS,"천하의 쓸모없는 시의원들, 본인들 사리사욕만 챙기는데 없애면 안되나",정치
HVE5aGn5HPY,도 넘은 국회 사무처의 갑질,MBC PD수첩,"아 진짜 싸가지 없네. 저거 누군지 확실히 밝혀라. ||| 미디어담당관실 누군지 모르지만 전화하는 태도가 장난아니네. 어떻게 저런 식으로 답변할 수 있는 건지.. ||| 국회미디어담당관실 직원 정말.. 시건방지네 답변하는 태도가. ||| 해체해라  답변하는 꼬라지하고는 말투부터  ,.지들만사는세상 빌리지네 ||| 전화받는여자 거만하기가 하늘을 찌르네. 말 툭툭 짤라가며 지할말만 하네. 세상이 어는땐데 국회처에서 일하면 다 굽실대던 그런 낡은시대에 허우적 거리는 여자여! 곪았다",정치
FGVY4h0j-rY,"[기획재정부] 정책사용설명서. 2019년 경제정책방향, 4. 미래대비 투자 및 준비",기획재정부,사무관님들이 직접 정책설명도 해주시고.. 피드백도 해주시면 더 좋겠네요 ||| 자연속에 내가있다 ||| 그냥 내려와요,정치
P43-fw6tet4,보수가 선점한 '유튜브 정치'…진보의 힘겨운 도전 / SBS,SBS 뉴스,제발 유시민이 유튜브 채널 만들어서 가짜뉴스 퍼트리는 자칭보수 채널 좀 개박살 냈으면 합니다. ||| 요즘도 어용 티비 보는 사람 있나? ||| 응 이재명 구독자 100만 넘음ㅋ,정치
Iwo9wqGFBuo,"""정치는 진보, 경제·노동은 보수로 가야"" / YTN", YTN,근혜를 위한 정치를 시작하겠습니다 ||| 사법부 행정처가 국민을 죄수 감시 하듯이 영향력 있는 민주인사들을 감시하고 회유를 하였다니 기가막히고 말문이 막힙니다,정치
pbdoOVKwwcQ,"""정치는 진보, 경제·노동은 보수로 가야"" / YTN", YTN,다필요없고 중립을지켜야하는 법원에서 저딴걸 만드네 참ㅋㅋㅋㄱㅋㄱ ||| 정치.경제.노동 . 모두진보 !!! ||| 교육도 진보 ||| 경제 노동 보수로 해서 멀 했는데... 이명박 정부 당시부터 실업율은 계속 올라가서 지금까지 해결된거 아무것도 없이 약화만 된거다. 경제성장이나 GDP는 올라갔지만 실업율은 계속 상승중이다. 이게 멀 뜻하는지 모르는게 웃기거다. 아직도 재벌 중심의 경제를 해야 된다는건가? 그럴거면 영원히 바뀌는건 없다. 보수들도 해결한거 아무것도 없다.,정치
BdsEFt-SKVo,"""진보 160, 보수 130"" 국회의원 성향 분류 (2018.07.24/뉴스투데이/MBC)",MBCNEWS,,정치
cBeh4v0_b78,"‘진보 정치’ 아이콘, ‘불법자금 의혹’에 지다 / KBS뉴스(News)",KBS News,잠보는 돈받아쳐먹는다는 인증샷 ||| 의혹에 지다? 돈먹은거 본인도 인정했잖아 돈을 이유도 모르고 받았다고? 왜 드루킹모른다고 발뺌했냐? 거짓말하고 끝까지 깨끗한척? 소름이네,정치
ssqAfma06SQ,"양승태 사법부 ""정치는 진보, 경제·노동은 보수로 가야"" / YTN", YTN,도대체 한국에선 진보 보수가 어떤 의미임? 민주당=진보 자한당=보수 뭐 이런 공식임?ㅋ ||| 저거 정답임 맞는소리,정치
5hksADb-qt8,"""진보 정치에 헌신""…갑작스러운 비보에 여야 모두 침통 / SBS",SBS 뉴스,진보의 아이콘은 계속 나올거다.. 정치로 깨어있는 시민들이여 정치속으로 들어가서 싹다 바꾸십시다.. 재벌토호토건세력들의 크나풀인 정치에서 끄집어 내십시다.. ||| 감옥에 있는 명박이나 근해를 의문사 시키자... ||| 여는 맞지안 야는 아닐걸? ||| 진보세키들은 하나같이 뛰어 내리네. ..,정치
nxFPE6h2k-Y,"""나는 보수가 아니라 진보주의자""",오마이TV,사람이 타락한 사람이다.,정치
yhTKUM808_k,보수가 선점한 '유튜브 정치'…힘겨운 도전 시작한 진보 / SBS,SBS 뉴스,유작가 잘해봐라 응원하마 ||| 이번 총선은   진보나 보수가 승리자가 되는 것이 아니라 국민이 승리자가 되어야 한다. 진보 보수 가릴 것 없이 자기적폐를  진심으로 반성하고  국민을 위해 희생할 수있는  후보자만 받아들이자. 국회의원 정수를 못채우더라도 자질 안돼면 뽑지 말자 ||| 20대 남성 비하하는 586 전형적인 진보꼰대 유시민 ㅋ ||| 유튜브 넓고도 좁고 좁고도 넓은세상이죠 ||| 홍준표가 아니라 윾트뷰를 상대해야지,정치
wEHhYXt-BLw,“진보 정치 큰 별 졌다” 여야 비통…靑 ‘애도’ 대통령 일정 취소 / KBS뉴스(News),KBS News,,정치
1sRjeXVSyss,드루킹에 스러진 '촌철살인' 진보정치 아이콘 / 연합뉴스TV (YonhapnewsTV),연합뉴스TV,,정치
Lye-Q_Jqeoo,"‘진보 정치 아이콘’ 노회찬, 불법 자금 의혹에 지다 / KBS뉴스(News)",KBS News,,정치
rp-mBAVYgCM,"“진보 정치 큰 별 졌다” 여야 비통…靑, 대통령 일정 취소 ‘애도’ / KBS뉴스(News)",KBS News,,정치
5_kYTd_Vm0E,"'정치는 진보, 경제·노동은 보수'…판결 지침까지 제시 / SBS",SBS 뉴스,관련 판사들 다잡아서 사형시켜야 함.....,정치
FwiwFtzsJmw,높아진 정치의식…19살 대선투표율 78% / 연합뉴스TV (YonhapnewsTV),연합뉴스TV,,정치
2vnuEEuoklQ,[영상구성] 진보정치의 상징 노회찬의 갑작스런 죽음 / 연합뉴스TV (YonhapnewsTV),연합뉴스TV,명복을 빕니다 좋은데 성불되십시오 국민들위해서 진실은 밝혀야됩니다 도와주십시오,정치
h6YP2gd6uhY,엘리트 용접공에서 국회의원까지...진보정치 아이콘 스러지다 / 연합뉴스 (Yonhapnews),연합뉴스 Yonhapnews,믿을 수가 없네요 ㅠㅠ 슬픕니다.. 이제 그 위트있는 입담들을 들을 수가 없다니.. ||| 위 선 자 말 로,정치
q8_0eUUC8GA,'진보정치의 아이콘' 노회찬 의원…그가 걸어온 길 (2018.07.23/뉴스데스크/MBC),MBCNEWS,어쩔수없는경ᆞ제계의 개  언권 목줄 매고  돌아가신후 간판스타로 간단히 폄하하지마라  노회찬의 진실성을 니들이 조금이라도 느끼는가? 거목을 속절없이 보내버리고,정치
a8BT6fZhwXA,"양승태 대법, '朴 탄핵정국' 이르자…""정치-진보 · 경제-보수"" / SBS",SBS 뉴스,뭐야 법관이 판결은 안 하고 정치를 했군... 미친... ||| 양승태 삼성공화국의 판쇠 였구만 ||| 그동안 헌법에 따라 판결한게 아니라 판사 마음대로 판결한거냐?  그래서 판결이 국민의 생각과 달랐구나.   판사인품이 개떡 같으면 판결도 개떡같고  판사인품이 훌륭하면 판결도 훌륭하고 ㅉㅉ ||| 쓰래기판사가. 어디. 한둘인가? ||| 한사람이억을하게가옥에갔는데판사들돈척먹엇나올바른판다해라개새끼들아,정치
VCKsbj2_QHc,30년 진보정치 여정 마감…오늘 노회찬 영결식 (2018.07.27/뉴스투데이/MBC),MBCNEWS,서거? 머거가 뭐지? 죽으면 다 서거야? 노가집안 죽으면 다 서거야?,정치
r1y3TtP48Dw,"홍영표 ""노회찬, 진보정치 큰별 잃어…참으로 황망하다"" / 연합뉴스 (Yonhapnews)",연합뉴스 Yonhapnews,,정치
Ecn6cYBNjBw,노회찬은 누구?…노동운동가 출신 대표적 진보 정치인 / KBS뉴스(News),KBS News,정말 멋있는 분..  존경합니다..  저도 괜찮은 사람이었는데..  살면서 악인으로 변했답니다. ㅠㅠ  노회찬의원님 성향을 가지고 있던 시절이 떠올라..   다시 착해지려고 노력해볼랍니다. ||| 좋은분이 가셨다.,정치
XsdJ126G8Rk,"""불판 갈아야""…수많은 촌철살인 남긴 진보정치의 간판",뉴스TVCHOSUN,"살아서 국민의 질타를 받는것 보다, 차라리 죽음으로서 자신의 잘못을 덮으려 하지 않았나 싶네요.  유서에서 밝힌바와 같이 돈 받은것을 시인하고 가셨으니,  양심이 있는 정치인이었다고 봅니다.  한가지 아쉬운것이 있다면, 지금 당장 청탁을 하지 않았다고 뇌물이 아니라고 하는것은 말이 않된다고 봅니다.  돈을 준 사람이 시일이 지나고 나서 부탁을 하면 돈을 받은 사람은 거절하기가 어렵지 않겠습니까.  이게 바로 뇌물이라는 겁니다. ||| 불판갈고 자살했냐? 돈 처 먹고 자살했냐? 이중인격자 정치인  3선이나되는 인간이 불법인지 아닌지도 모르고 돈을 받았다고? 변명을해도 어이가 없내. ||| 푼돈 5천으로 자살할 사람은 아닌데..... ||| 불판 교환은 , 구워먹는사람 마음이지  니 마음대로 안됨",정치
Rpt9lLoeTBo,"정파 초월한 정치권 추모 물결…""진보정치 큰 별이 졌다"" / 연합뉴스TV (YonhapnewsTV)",연합뉴스TV,미친 것들이 쥑여놓고 영웅취급 ||| ^^  웃음이나 ^^,정치
QJQ9DHH_PNE,"[포항MBC뉴스]정의당 심상정 의원, 포항서 진보정치 강연",포항MBC NEWS,,정치
bOXVw83w84A,'한국 진보정치의 간판' 노회찬 의원 비보에…정치권 '침통',JTBC News,왜요 왜!!!가시면 어떻하십니까!! ||| 김성태 저 인간이 죽였어 ||| 노회찬  복싱언어의 대가인데  ! 스타의원은 별이되어 지고   그자리에 잡풀들만 무성하네  ! ||| 김성태님 이와중에도 노회찬에 묻어가려고  숟가락들이대는거 정말 역겹고 꼴불견입니다. 우린 기가막혀 말도 안나오는구먼... ||| 김성태 니가죽인거나 매한가지여,정치
enNu9rJovtc,"""삼겹살 불판 갈자"" 진보정치 일군 노회찬 / YTN", YTN,좋은분들은 왜그리일찍가시는지.,정치
ijSygWgm2AM,[KBS뉴스춘천] 진보·보수 세결집…투표율 70% 넘나?,KBS강원,,정치
tWFWMmgrqNs,창원시장 진보 보수 무소속 6명 대결,KBS뉴스 경남,,정치
9N0VdLAFJcc,노회찬이 걸어온 길... '진보·노동정치',KBS뉴스 경남,,정치
ZD5a4P8A6Xc,30년 진보 정치 여정 마감…영면에 든 故 노회찬 / SBS / 주영진의 뉴스브리핑,SBS 뉴스,"노회찬 의원님 왜그리 급하게 가셔야만 했나요 당신만큼 국민에 입장에 서서 정직하게 정치를 하셧기에 국민들은 당신을 마음에서 떠나보낼수 없어요 노회찬 위원님 항상 지지하고 존경 했어요  부디 좋은곳에 가셔서 노대통령님도 만나시고 하셔요 사랑 합니다 고인의 명복을 빕니다 ||| 슬퍼요가슴아파요~존경합니다~ ||| 저도 조만간 정의당 가입하겠습니다,, 그리고 최소한 후원금이라도 내겠습니다,,앞으로는 불법후원금받는 일이 없기를 기원하면서,, ||| 편히쉬세요 ||| 애도합니다",정치
0Stt57KeAk0,'진보 정치의 큰 별이 지다' 故 노회찬 의원 추모 영상,TBS 시민의방송,"노회찬 의원님의 빈 자리. 내일 뉴스공장에 나오시지 못한다는것 한편으론 믿겨지지 않고, 또 한편으론 너무 답답합니다. 의원님, 그곳에선 맘 편히 사세요. 첼로 연주도 다시 하시고요. ||| 너무나 가슴이 아프네요 ||| ㅠㅠ 삼가고인의명복을빕니다 ||| 그동안 너무 감사합니다! 마음이 너무 아픕니다. 이제 편히 쉬시길... ||| 보고 싶습니다. 진짜 시간을 돌려놓을수 있다면.. 부디 그곳에선 정치  같은건 하지 마시고 행복하세요. 존경합니다.",정치
MuVTBa9-Uko,"""삼겹살 불판 갈자"" 진보정치 일군 노회찬 / YTN", YTN,아깝다,정치
i_NVDPscv2k,"""진보정치 산증인이었다""…정의당 노회찬 의원 별세",JTBC News,,정치
__SysOt-UbU,진보 정치 '큰 별' 지다...빈소 조문행렬 / YTN, YTN,해병 조문 먼저해야지 이 인간들아 ||| 진보정치 의 큰별 더럽다 미화 시키지마라 애초에 이런 사기꾼들이 업었다면 대한민국은  세계3대 강국에 이미 벌써  진입하엿다 이런  파렴치한  정치인 을 양산 한 국민들이 한심할 뿐이다 ||| 안타깝습니다. 하실 일 들이 아직 많은 데 삼가 고인의 명복을 빕니다. ||| 김성태 만족스럽냐!,정치
YNkEthpcOnw,교육감 진보 우세…현직 대거 당선 / KBS뉴스(News),KBS News,정말이지 대구 뭐냐??경북뭐냐??그렇게 맞고도 속고도 찢네...역시 답이 없네..에라잇~~ 대구 교육감 정말 이건 아니다 이건 아니라고 본다.,정치
WipB--0UKwY,[뉴스 스토리] 날개 꺾인 대선후보 (2018.06.14/뉴스콘서트/MBC),MBCNEWS,총선때 봅시다 ||| 정계를 떠나세요...... 진정 국민이 원하는  방향 입니다^^ ||| 홍준표 관점에서는 자신이   지배하는 나라가 나라야.. 그게 아니면 나라가 아니야.,정치
XgBqSVc1mfM,'진보 첫 승 vs 보수 수성'...부산 민심은? / YTN, YTN,부산 유권자293만여명 많다. 근데 다른지역보단 작다는건가!! ㅜㅜ ||| 부산 안봐도 뻔하네 아무런 사전 정보 없이 기표소 가서 표 찍을때는  스킬:우리가 남이가 발동 ||| 투표율바라 ㅉ,정치
i_ZTP8A4q3M,[뉴스데스크]  진보정당 표심 정의당 중심 재편,전주MBC News,,정치
OkAz0CqtPRk,[정치참여] 이슈&포커스 16회,중앙선거관리위원회,,정치
OcoZqk69A6I,[민주주의와 시민의 정치참여] 다정다감 토크 시즌2,중앙선거관리위원회,,정치
U_vh9VbR698,[진보강좌] 북한사회의 이해 - 정치편,주권방송,"진보  굿굿굿 좋아좋아 ||| 중국정치학 공부하면서 북한정치도 같이 공부하는데 많이 비슷합니다. 같은 일당독재국이라 그렇기도 해서 같이 공부하면 굉장히 수월합니다. 여타 북한정치 강의들은 안보교육수준으로 끝나는 형편없는 수준인데 이건 그래도 퀄리티 높은 강의네요 31:45부턴가? 잘 보세요. 통일부 자료만으로는 답답한 내용도 설명해 주시네요. 지피지기면 백전불태라 했죠? 북한학 하시는 분들은 최고인민회의 파트랑 국무위원 파트는 신경써서 공부하시면 좋겠어요. ||| 북한 바로알기를 위해 들을려고 하는데 발음이 울려서 또렷하게들리질 않네요,,ㅠㅠ ||| 분단사회 현실 ||| 백두혈통?...백두독재?...결국 모든 공산주의는 일당독재에 불과한 용어혼란전술에   불과한 것이야,,",정치
iFZMEj9GsI8,6회 SNS와 정치 [네모와 정치],중앙선거관리위원회,,정치
ZhAj4vTHDFA,[정치 이슈] 조선일보 유시민 죽이기에... 유시민 분노 폭발.. 충격적 진실은??,뉴스 농장,말투들만들어봐도 벌써 절라북괴 인민들..이네 ..ㅋㅋ,정치
axv8hPul9vY,'좋은 정치'란? [김광일의 세상칼럼],뉴스TVCHOSUN,,정치
gif2gLSGC8c,"""올해 3분 만에 정리하기"" 2018 이슈 TOP 5 -  정치 편",SBS 뉴스,... 왓더...,정치
6sW5popORD0,이관후의 정치관통 한 주간 이슈 정리 #유창선의 유창한 시선,미디어협동조합 국민TV,,정치
d5AFaKOnu70,"문 대통령 ""정치민주주의 이뤄도 사회·경제민주주의 과제 여전"" / YTN", YTN,공수처도 안만들고 정치민주주의 아직은 아닌듯 ||| 정치가 민주주의라고? 지금 거의 독재아닌가 ㅋㅋㅋ 견제시스템 다 무너트리고 문제있는 인물들 죄다 강행하고 ||| 대통령님 6.25때 연설을 기대하것습니다.,정치
-uUOBV3MFV8,"더불어민주당 송기호 후보 지지하는 송파시민사회단체, 구태정치에 맞서는 풀뿌리 시민들의 정치 선언",세계경제타임즈TV,,정치
mkkJddWFg4U,"[정의당 주간정치이슈] 여야정협의체 구성에 따른 논점들. 선거제도개편, 탄력근로제, 광주형일자리 등",정의당 원내소식통,"9:50 선거제도 개혁,  24:07 탄력근로제, 37:30 광주형 일자리,  <- 관련 주제로 스킵하고 싶으신 분들은 클릭클릭~~!! ||| 주제별로 영상을 자르면 좋을것 같기두.. 너무 길어요 ㅠㅠ",정치
Dxq6ZKAc-ag,[뉴스앤이슈] '정치 9단' JP가 남긴 어록은? / YTN, YTN,,정치
l79tzb9Jis4,소중한 정치후원금(30초),중앙선거관리위원회,"중앙선거관리위원회 대성쎌틱에너시스 롯데월드 어드벤처 (0:28) ||| 중앙선거관리위원회 kobaco 한국방송광고진흥공사 • 대성쎌틱에너시스 (0:28) ||| ???: 여러분의 정치 후원금, 제 비자금입니다. ||| 아니 세금내는건 정치후원금 아닌가 ||| 여기 나오는 음악 뭔지 아시는분...?",정치
MlD9K2Gm9fk,"[이슈인-정치,행정] 민주당 압승..이후 정계개편은",광주MBC뉴스,,정치
nrcQCFjRLFk,"[뉴스투데이](이슈인 - 정치*행정) 지방선거 D-30, 지역 분위기는",광주MBC뉴스,,정치
TksExPvgUCw,[국민의 뜻이 반영된 정치] 이렇게 생각합니다 이상훈편,중앙선거관리위원회,공감합니다.,정치
7qnD_ocm2Ic,김기식 '흔들기' vs '지키기'...정치 이슈로 급부상,MTN 머니투데이방송,,정치
iRNPwWnc9h8,여성직접정치,진보당울산시당,,정치
T7LrSVWwPaI,※정치 이슈※ 청와대 불법 업무추진비 사용내역 폭로! | 심재철의원 브리핑.09.27,개미애국방송,"청와대는 국민 심판을 받을 것이다. 심재철의원님 의 말씀이 정의로운 법이다. ||| 심재철의원님 존경합니다! 이슈화해야합니다, 발표로끝나면 그만입니다, 우파가결집해서 심재철 의원님 뒤에서  힘을 보태야합니다, ||| 썩은 정권  패기 처분해야 된다 심재철의원님 응원합니다 ||| 전국구 글로벌 개미애국방송을 많이 사랑해 주세요 감사합니다 꾸벅 🐜🐜🐜🌹🌹🌹🍒🍓🍒🇰🇷🇰🇷🇰🇷 ||| 나랏돈을 감히",정치
7k-q2TnGXJA,추석밥상 오를 정치이슈는?…평양정상회담ㆍ부동산ㆍ일자리 / 연합뉴스TV (YonhapnewsTV),연합뉴스TV,쌍용자동차진압은 보수세력이 여당이였을때 명령했고 세월호참사에서는 관심밖이였는데 야당으로 되니 오히려 더 열심이네요. 그런데 다시여당이되면 야당시절처럼 노력하실건지 의심되네요? ||| 밥맛 다 떨어진다 가서는 비핵화말 한마디도 못하고 와서는 비핵화라고 떠들고 국민은 안중에도 없이 혼자 좋아 여행다니는 밥통,정치
SNm2ASBgQuY,"정치, 사회, 예술 등 낭만 실종 사회와 그 미래 [특별한만남] 낭만의사 김승진 ② (2018.04.08) 2부",황장수의 뉴스브리핑o,수고들하싶니다  주말에는  추억에  음악 이나. 추억에명화   아주좋아요     한표 동참합니다. ㅉㅉㅉ ||| 존경합니다 소장님  건강조심하세요 🙏 ||| 60이 넘으면 넘는대로 낭만이 있쓰요. 건강들 하시고 오래오래 방송 기대합니다. ||| 두분의 좌담을 듣고 있어면 저의어릴적 추억이 되살아 납니다 저도 두분의 대화에 끼어들고 십은 충동을 느낍니다 스페인에서  주말마다 옛친구들을 만나는 기분 입니다   감사합니다 ||| 부산의 모든 명물이 다 나오네요 보림극장 문내리는건 참 아쉽네요 ㅎㅎ 소장님보단 약간 위 세대지만 고향 이야기는 언제라도 찡 한게 있죠 잠깐이지만 추억도 떠오르고.   감사합니다,정치
ND9gMnnC-xc,"4부 「개」를 푸는 사회와 토사구팽 된 홍국영, 임종석  [정치분석]  (2018.10.29)",황장수의 뉴스브리핑o,웃기는 인간이네!! 조재관!! 니가 몬데?? 건방진 인간!!  여긴  언론의 자유가 있는 대한민국이야!! ||| 조재관 기억 잘해놨다가 만날일 있으면 개망신 주겠습니다 이름 꼭 잘 기억해 놓을게요 ||| 가짜들은 진짜뉴스가 무섭지 ||| 토사구팽할 능력이 있을지 의심스럽네요,정치
eHJfspJ_A6k,"MB, 구속 각오하고 정치보복 프레임 꺼내들었다? [아침에 이슈]",뉴스TVCHOSUN,"최창열씨정치논평이 아닌 헌법준수 차원에서 논평하여 주십시요.MB이런 수모도 감당 못하면서, 탄핵찬성 두목/부역자로 자처했읍니가?",정치
2zws5FCv47A,[2018 유권자 정치페스티벌] 이슈&포커스 33회,중앙선거관리위원회,,정치
XuahxpHbsGU,[뉴스투데이](이슈인 - 정치*행정) 민주당 전남지사 후보경선 분석,광주MBC뉴스,,정치
IrLlyEZ6g_4,[뉴스투데이](이슈인-정치*행정) 여당 압승과 정부 개혁 정책,광주MBC뉴스,,정치
rOQlsNB9s-Q,"[정치 이슈] 홍준표 떳다 하면 지지율 우수수 떨어진다??? 홍준표 지원유세 , 지원인가 방해인가",뉴스 농장,,정치
D1FEn8r-XOw,"[정의당 주간정치이슈] 11월 5주차, 선거제도 개혁을 알아보자.",정의당 원내소식통,,정치
I__sHp9DfWI,[뉴스투데이](이슈인-정치) '당권 경쟁'*'대표선출',광주MBC뉴스,,정치
CasMaUpw6jI,"[정의당 주간정치이슈] 문재인대통령 시정연설, 조명균 장관과 냉면발언 등등",정의당 원내소식통,파이팅 입니다! ||| 영상의 오른쪽 하단에 톱니바퀴 버튼 클릭 -> 품질 클릭 -> 높은 숫자를 클릭하면 영상 화질을 높게 설정할 수 있습니다.,정치
HaeUM3IMB-o,2부 모두 등돌린 고립무원 MB 위한 마지막 충고 [정치분석] (2018.03.21),황장수의 뉴스브리핑o,"멋진해설 잘들엇습니다 ||| 명바기가 입다물고 빵에 가면 정말 나라에 큰 죄를 더 쌓는것이 ||| 소장님 해설 공감합니다. 정치가가 문제를 정치적으로 풀어야지, 쪼잔하게 법적으로 해결히려고 하다니 ~~~~~~~~ ||| 그런 용기가 있을가요?  황장수님의 예리한 권면을 나라를 위해 마지막으로 애국하는 맘으로 다 털었으면 합니다. ||| 언론과 괴담을 플러스해서 국민을 속이면 무서운일이죠. 광우병괴담. 또 사드괴담 이거  결국 책임소재를 밝히지 않고 책임도 지지 않고 속은 국민은 한동안 가짜뉴스 진짜인줄알고 함께 분노하다가 거짓이라는걸 알아도 휴~ 다행이다. 하고 잊어버리고.. 안타깝죠.",정치
_k4kUk4Z1Qw,"골라 보는 문재인 대통령 신년 기자회견, '정치·외교·안보' 분야/비디오머그",비디오머그 - VIDEOMUG,울나라 기자들 수준이 이정도수준밖에 못되냐 특히 종편 과 조중동 넘들 한심하다 ||| 대통령께 질문하는데 비속어는 뭐니??? 한심타 ||| 빡세??????ㅋㅋㅋㅋ 그리고 조선기자만 2명 하냐? 대기업 조선계열은 몇명이나 청와대 출입한거냐 ||| 약간 경계가 애매하게 겹치는 특히 남북문제 등에 있어서 중복이 많아서 아쉬워요 ||| 기자들 수준 개한심,정치
ryxoAKr7xYg,[이춘근의 국제정치 53회] 국제정치분석을 위한 Tip and 美 중간선거 ​,이춘근TV,"오늘  전광훈 선생님 (서울) 목사님 의 말씀을 들었는데... 오늘 따라 더더욱 이춘근(전 연세대 교수님, 박사님♬～존경★★★★★  느낌...   Sound 도 속된 표현으로 참말로 .죽여주네요~😍😍😍😍    대전. 진솔 올림.          8월 15일. 2023년 ||| 항상 조국을 생각하는 박사님의 동영상 강의 늘 감사드립니다. 항상 건승하십시오 ||| 박사님이 계셔서  보수당 이 새롭게 태어나고 보수당지지세력이 뭉칠것을기대합니다. 젋은이들이 일어서길기도합이다 ||| 참 박사님의 학문의 깊이는 엄청 깊습니다. 학문의 내공이 엄청난 분 이십니다. 박사님의 그 깊은 지식을 후배 대학생들에게 많이 남겨 주십시요 ||| 이박사님......너무좋고 유익한 강의 잘 듣고 있습니다........감사 합니다....무지게........",정치
AefdQstThsA,[생방송] 국회 대정부질문 (정치ㆍ외교ㆍ통일ㆍ안보),미디어협동조합 국민TV,재벌 의원들 너무많은 돈빼돌려 싹쓰리강도질이라 이런일이없어야한다 강도소굴 국회 혜체하고 고위 궐력관계자는 스스로옷을벗어라 의원들 골라내고 일하는 젊은 청년들이 함께 나라위해 일할수 있는 좋은사회를. 국회 털어야한다 경찰 공무원 놀고 뉘물먹는 눈번이간 법조인들  더러운짓 못하도록  거하내야한다.. 많이먹었다!!!??? 재방은  왜이리 족한줄 모르나 !.... ||| 선거좀 잘합시다.. ||| 자한당들또색깔론에침튀기는구나,정치
2yL_G_6KjfI,"분열로 망한 부자나라 백제, 정치와 외교로 통일한 신라",조갑제TV,진심으로 감사합니다 좋은 말씀해주시는것 정말로 진심으로감사합니다 ||| 이래서 역사를 알아야 미래가 보이는구나ㅡ날조된역사.미래없음ㆍ ||| 외교도 내치도 없습니다. 그런데도 50% 40%대의 지지율이 나온다네요! 그 참 기이합니다. ||| 기독교 단체에서 반정부 투쟁 까지 나서려고 준비 중입니다 ||| 백제?ㅎㅎ전라도자나 ㅋㅋ,정치
xNZFhukl6PA,정치ㆍ외교ㆍ경제 묵묵히 보좌…문 대통령의 참모들 / 연합뉴스TV (YonhapnewsTV),연합뉴스TV,,정치
2Azr-K_raeI,4부 안희정-김지은 무의미한 소모전 「디자이너」는 목적 달성!  [정치분석] (2018.08.15),황장수의 뉴스브리핑o,안희정 임기 착각했습니다 그래도 대선과 지사임기 만료가 임기가 비슷해 논리에 큰 변화는 없습니다 ||| 첨부터 이 사건은 너무 엉성했습니다..차기 대권후보 중  가장 유망한 안 희정을 제거하기 위한 시나리오 치곤 너무 짜고치는 고스톱 표시가 났어요. 미투 운동이 3류 막장 드라마로 둔갑한 샘플중 하나! ||| 방송에 나와서 자기할 말 다할수 있는 강심장의 여자가 몇명이나 될까요 김지은도 보통내기가 아니라고 봅니다  그동안 나온걸로 봐서는 일종의 스토커가 자기소유가 안되니까  그 상대를 파괴하는 치정이라고 보네요  그와중에 다른 설계자가 포착하고 김지은을 부추겼을수 있겠죠 ||| 황소장님의 말씀에 나도 동감입니다. ||| 흐믓한 임종석,정치
ZeLRi2fhi7M,박지원의 문재인 외교 평가!! 엄청났다! 무서울정도!! 정치 9단도 인정!!!,delana brafford,,정치
0tncAl1ntFM,정치데스크 (2018. 11. 02) /  3D로 분석한 김정은의 건강·이용주 사죄 인터뷰 논란 | 정치데스크,채널A News,"ㅋㅋㅋㅋㅋ 오긴어딜와 뒤질려고 ! ㅋㅋㅋㅋㅋ 돼지바배큐 가즈아 ||| 보도할거는 안하고 태극기집회나  보도 하시지~ 돼지건강이 뭐가 궁금하다고 ~헐~ ||| 안궁금 ~🐷🐕🐖🐕 ||| 정은 남한에 오면 돌아갈 수있을까? ||| 보도할게그리도없나? 정말보기싫다,",정치
_iPY3JWoE6E,정치·경제에 외교·안보까지…'칸막이' 없는 임종석 / 연합뉴스TV (YonhapnewsTV),연합뉴스TV,일잘하니 흐믓하다.특유의 친화력도 강력한 무기가 될것이다. ||| 응 자유한국당 지방선거 참패ㅋㅋ 알바들 고생많았수다 뜻대로 안돼서 슬프겠넹 ㅠㅠ ||| 참.....어이가 없어서 ||| 여기는 뭔 이상한 외계인들이 많네 ||| 알바들아 피곤하잖냐?,정치
0C1Hvt5qEZc,5부 김동연 장하성 경질? 임종석에 물어야 되는거 아닌가?  [정치분석] (2018.11.02),황장수의 뉴스브리핑o,끝까지 함께가야지 나중에일과구속시킬수있지 ᆢ ||| 그래도 임종석이 깔사람은 황소장님뿐!! 솔직히말해 이재명이는 인간자체가 아주 악랄하고 나쁜인간 입니다... ||| 나라꼴하고는 옛말에 암닭이울면 집구석이망한다는데.. 나라망할날 멀지않은듯요ㅡ ||| 소장님 최고! 화이팅! ||| 감기 조심하세요 ^~^,정치
QDL8F0C63A0,"정청래의 MB 정치 분석! 이명박 구속 스케줄, 서울시장 출마, 문재인 현상 분석 등",johanssen5,,정치
U1xd6IX6mnU,[2018.02.05] 대정부질문(정치·외교·통일·안보),민경욱TV,민경욱의원님 멋지십니다- 역시 보수의 다크호스이십니다!,정치
R-PQ9V9YVcw,[강지영 Talk쏘는 정치] 김정숙 여사 '패션 외교'가 불편한 사람들?,JTBC News,영부인 옷값내역은 국익을 해칠 이유가 없으니 공개해야합니다. ||| 명품입은게문제가아니고 옷값을 누가지불했나가문제이지 ||| 세금으로 명품을 막 사입고 또 내역을 공개 안하니 그게 문제지.  세금으로 영부인에게 많은 돈이 쓰이는게 정상이냐? 몇 년전만 해도 대통령이 임기동안 옷값 7억 썼다고 끌어내렸던 나라에서? ||| 국민을 눈속임하고 한국에서 싼옷입고  외국가서는 명품입고 ||| 옷값 공개 안 하냐? 정권초기에는 자기가 옷을 직접 미싱질을 하니마니 쌩쑈를 하더니 국민세금으로 명품옷만 사서 들어가지도 않는 비루한 몸을 억지로 구겨넣고 뭐 하자는 건지 천박한 것들이 권력을 쥐니 눈깔이 돌았음,정치
63gyZ5OUSIE,12.29(토)[본방] -『2018년 문재인 총결산』⚪[외교·안보][경제][정치][한미동맹] 끝없는 추락 총체적난국,락TV,"멋지고자랑스러운 대한애국당과조원진대표님 그리고 락대표님 머라말할수없이 고맙고고맙고 또고맙습니다 침몰하는대한민국을 막기위해....무슨말로표현해야 적당한가를못찾겠습니다 ||| 100 만 당원, 백억정당, 백년정당, 대한애국당! 대단하십니다! 응원합니다! 고맙습니다! 오는 해도 함께 합니다. 박근혜 대통령님! 존경합니다! 사랑합니다! ||| 취락님 사설은 시청자들이 쉽게 이해할수있게 또 지루하지않게 하는 비법 정말 날이갈수록 잘 하십니다 노력의 결과가 이렇게 발전하는것입니다 화이팅👍👍👍👍 ||| 조원진의원님은 이시대에 대단한 분이십니다.감사할뿐입니다. 고통과 괴롬을 주는 음해세력은 하나님이 분명히 손보시기를 바라는 나쁜마음도 가져봅니다 ||| 다 죽게 생겼네",정치
ZosZ31XHUFw,[정치 와호장룡] 다음 달 북미 정상회담…셔틀외교 시작? (2018.10.11/뉴스외전/MBC),MBCNEWS,,정치
4s2a8q1rJbk,"2018 대한민국 자원봉사 대상 ""당신이 주인공 입니다.""",한국중앙자원봉사센터,,비영리/사회운동
U2b86tQP7GQ,"자원봉사 공식음원 김유정 ""행복합니다"" 댄스ver",광주자원봉사센터,,비영리/사회운동
C_vWcWG6Sjs,역대 최강 쓰레기를 치우는 자원봉사자들! 그의 다짐은? [시그널] 43회 20180928,TVCHOSUN - TV조선,영상을 보는내내 정말 대단하다는 생각밖에 안나오네요 쓰레기가 엄청나게 많아서 쓰레기치우는내내 힘들고 더우실 마음이 생기셨겠어요. 그리고 할아버지의 집에 쓰레기가 엄청나게 많은데 그걸 또 치우시느라고 고생하셨습니다. 할아버지도 기분이 정말 좋고 개운하시고 자신의 집이 이정도라는 마음이 생기셨을거같네요.  할아버지께서 안모은다고 말하시는게 정말 자원봉사자분들 입장에서 좋으시고 다행이셨을거라고 믿습니다. 저도 만약에 봉사를하게 되면 이런마음으로 하겠습니다 앞으로도 화이팅하세요 ||| 자원봉사자들도 힘들텐데 열심히 치워주시는게 정말 대단한거같아요 ||| 왜  눈물이 날까요...ㅠ ||| 2:13 넘 귀여우시당ㅎㅎ ||| 그와중에 안전제일ㅋㅋㅋㅋㅋ,비영리/사회운동
3CZIxU1PR0E,6월 자원봉사 온라인 영상 교육,고양시자원봉사센터,,비영리/사회운동
7glrrpuwRy8,전주시자원봉사센터  자원봉사교육영상 : 봉싹키움,한국중앙자원봉사센터,봉'사자' 라니 너무 귀엽고 참신해요ㅋㅋㅋ,비영리/사회운동
_MuGasBbfCU,2018 청소년 여름방학 자원봉사,종로티비,,비영리/사회운동
j-9jpLpQwH4,환경과자원봉사   오영석,나영수,,비영리/사회운동
tetmhMu_Sr8,"축제 속 숨은 히어로가 되다, 장성규의 자원봉사 도전! 오늘, 굿데이 76회",JTBC Entertainment,,비영리/사회운동
E6VXWGGvf4A,"자원봉사노래 ""행복합니다"" 팝핀준호 edit ver.",팝핀준호 - 춤배우채널,"감동이네요~~~~♡♡ 지금 코시국이라~!! 저렇게 사람많은 것만 보아도 마음이 따듯해지네요^^ 준호님은 봉사할때 더욱더 빚이나시는거 같아요~^^~ 날개 어느병원에서 수술했어요??? 저 한테 살짝만 귓속말로 얘기해주세요~♡♡~ ||| Yup . It is so so good . I really like a lot . Please write more good song for us. ||| Wow, I like this one! ||| *ㅎㅎ* ||| 행복합니다 플래시몹 너무 멋있어요🤗 안무를 사용하고 싶어서 페이스북 메세지 남겼습니다!! 혹시 확인해주실 수 있으신가요? 연락드릴 수단이 메세지 밖에 없는 것 같아서 댓글 남깁니다😭",비영리/사회운동
R4ANdjPdRGE,나는 환경과 친한 사람입니다 '얼쑤데이' : 기후변화에 대해 고민하는 청년들,기후에너지환경부,,비영리/사회운동
aLoF10LDpe4,제12회 전국노인자원봉사대축제_1일차_하이라이트,한국노인종합복지관협회,,비영리/사회운동
7kUAas-Y7AI,제20회 경기도자원봉사대회 하이라이트 영상,경기도자원봉사센터,,비영리/사회운동
nEv5rj6rsD0,제12회 전국노인자원봉사 대축제_오프닝,한국노인종합복지관협회,,비영리/사회운동
77vUp70xNGo,자원봉사 알고합시다,나영수,물결치는~~~~~대구의 자원봉사 불같이 일어나라!!,비영리/사회운동
n5wGkJLDMRY,"2017년 청소년 장애인 인식개선 자원봉사캠프 ""함께 그린 꿈""",장애인직업안정연구원,,비영리/사회운동
x8l9yVaYaok,2017년 자원봉사 이그나이트 V-Korea 메이킹 영상,한국중앙자원봉사센터,,비영리/사회운동
XCwCUpirvvo,2018 기후변화주간 '얼쑤데이 캠페인' 참여 방법 소개 : 가수 바다,기후에너지환경부,,비영리/사회운동
bzsGmV2_j7o,제12회 전국노인자원봉사대축제_2일차_하이라이트,한국노인종합복지관협회,,비영리/사회운동
LCUIIdOyqns,제15회 전국자원봉사센터대회 행정안전부 김부겸 장관 축하메시지 영상,한국자원봉사센터협회,,비영리/사회운동
XNpNN4sWv9I,인권존중 70초 UCC,숭띵빱빠방울이일기,제가 이번에 인권존중 공모전에 참여할려고 그러는데 저는 4컷만화를 그릴것이지만 UCC도 도움이 될것 같아 잘 보고갑니다! (참고 잘했어요!) ||| 잘보고 가용 참고 할게용 ||| 참고할께융 ‼️ ||| 멋있다~~ 잘만드셨네요..ㄷㄷ 편집에도 소질이 있으신듯 ;) ||| 참고하겠습니다앙,비영리/사회운동
d6Z8R6Pi4rg,한국 인권위원회 공익광고 영상,김윤봉,이런 영상 쳐 만드셔서 이미지 관리 하지 마시고 욕이나 쳐 하지 마세요;;  느그흥 느그흥 ㅇㅈㄹ ㅋㅋㅋㅋ ||| 이런거 만들었으면 손흥민까지마세요 ~^^ 저는 좋은맘으로 한거에요 혼자 안 좋게 받아들여서 서로 빈정상하지맙시다 ||| 안녕하세여 하트점여 ||| 너무멋져요 ||| 너무 잘만들었어요^~^,비영리/사회운동
8jjE1Z2Y1vQ,"세계인권의날 ""장애인 문제는 인권의 문제""",캔디 KANDY_KBS제주,천천고 이거 퍼가라,비영리/사회운동
Cqu-6LbXeZc,세계인권선언의 탄생(7분),국가인권위원회,"유엔에서 제작했고 국가인권위원회에서 자막 작업했다니 영상 즐감합니다.  모든 사람은 태어날 때부터 자유롭고, 존엄하며, 평등하다 제 1조부터 시작해서 모든 사람은 인종, 피부색, 성, 언어, 종교 등 어떤 이유로도 차별받지 않는다 제 2조도 있는데 이와 같은 내용들이 우리 사회에서도 실천되기를 응원합니다. ||| 수업하러 옴 ||| 학교에서 시켜서 들음 영상 언제까지 듣냐 ||| 우...........................와........................................... ||| 학교에서 시켜서 듣는 사람 발박수 ㄱㄱ",비영리/사회운동
6XYmKU-guJU,[인권의 모양] Shape of Human Rights -모두를 위한 선언(세계인권선언),인권의모양,"광고 잘 안 보고 스킵하는데 저는 성소수자이자 청소년입니다 영상 너무 깔끔하고 간결하게 잘 만드셨네요 감사합니다 ||| 범죄자는 인권 가질 자격없다.. ||| 광고가 너무 멋있어서 보다가 좋아요 누르기 위해서 들어옴ㅋㅋㅋ ||| 덕분에 인권 광고에서도 성소수자를 볼 수 있게 되었네요 성소수자로서 매우 기쁩니다😊 그 이외에 홈리스, 난민 등 여러 사회적 소수자들도 언급되어 우리들의 외침이 결코 헛된 것이 아닌 것 같아 울컥하네요 이런 광고 만들어주셔서 감사드려요❤ ||| 성소수자 넣은거 처음보네요 앞으로도 이런광고 많이 내주세요",비영리/사회운동
DVa4sCz5r_s,[노동인권드라마]ep1 현실에서 진상을 만났다,새싹공작소,,비영리/사회운동
ii1cb4l9S2Q,세계인권선언의 탄생(45분),국가인권위원회,만들어 주셔서 감사합니다!! ||| 더빙 하지 말고 자막으로 주고 원본 틀어주지: ||| 더빙 진짜 에바여.. ||| 자막처리한 원본은 없나요? 더빙도 좋지만 자막처리 했으면 그냥 그사람의 목소리로 듣는 것이 의미 있을 듯요 ||| 아니....ㅋㅋ 왜이렇게 길지... 온클로 왔다,비영리/사회운동
dWEJg5HwUks,세계인권선언 30조,허은진,,비영리/사회운동
KQ6LsJ_gltE,[인권의 모양] Shape of Human Rights - 페미니즘은 무지개다,인권의모양,"모든 사람들에게는 남성다움, 여성다움이라는 편견과 규범에 얽매이지 않고, 새로운 꿈을 상상하며 그 꿈에 도전할 자유와 권리가 있습니다. 여성과 성소수자들은 편견에서 비롯된 일상의 사소한 질문들에 걸려 넘어지기도 합니다. 편견을 멈추면 사람 각각의 아름다움과 열정을 발견할 수 있습니다. 편견과 혐오없는 세상에서 여성, 성소수자들은 다양한 빛깔로 반짝이는 무지개가 됩니다.   * 본 영상은 실제 경험을 바탕으로 만들어졌습니다. ||| 이제는 대놓고 쿵쾅거리네. 으 무겁다. ||| 난 페미니스트야!!! (이러면 여자들이 대주겟지?) ||| 이런 영상이 더 많이 나왔으면 좋겠어요!! 다만 다음에는 조금 더 적극적으로 광고하면 처음 보는 사람들도 이해가 쉬울 것 같아요 단순히 '페미니즘'이 나온 것만으로 욕하는 댓글들은 신경쓰지 마세요!ㅜㅜ ||| 페미니즘... 무지개같네.",비영리/사회운동
NjESvi4jkK4,"인권영화제 출품작 (안녕, 미안해)",종취뽀,,비영리/사회운동
hINKjNZz_mk,[CLOUD9] 착한생리대 기부캠페인 with  마이틴(MYTEEN),CLOUD 9,"You stole my heart ||| Cok unlenceksiniz bencee ❤❤❤ ||| Omg,I want go to Korea and hug you. ||| Why so cute? ||| Wher da captions lmao",비영리/사회운동
8CT7vEcolQI,2018 04 04 SBS모닝와이드 연예뉴스 장근석기부 전화인터뷰,윰TV,😎😅🤩😐😙?,비영리/사회운동
rSLYtdPAmno,[인권의 모양] Shape of Human Rights - 난민인권센터,인권의모양,,비영리/사회운동
jyMgqqJOil8,[인권의 모양] Shape of Human Rights - 장애와 인권 발바닥 행동,인권의모양,좋은 영상 감사합니다!,비영리/사회운동
4XYRI_gxFfA,[유영제약 배드민턴팀 덕산중학교 재능기부 영상],유영제약,,비영리/사회운동
ephj6M-aJak,서울시복지재단 인권 감수성 향상교육 / 인권과 사회복지 / 인권교육 / 한국사회복지인권연구소 임동훈 소장,임동훈,,비영리/사회운동
XLyzxbu8pK4,'수의에는 주머니가 없습니다!'(남몰래 9조 원 기부한 찰스F피니),선립경제,,비영리/사회운동
REFcwSj7eMI,"RMHC x GS25, 소중한 기부 함께해요❤",GS25 l 이리오너라,,비영리/사회운동
0_VeVXQCtKk,2018의무경찰 인권 UCC(본청) - 우수작 [충북지방경찰청 기동1중대],쿠,김경섭님 백스물 순하나 시네요 반가운 얼굴 이십니다 ㅎㅎ ||| 강혁범 소대장님도 계시네 ! 1119기 대원입니다 !,비영리/사회운동
0oZsvOv_-k4,Vol.6 기부&TAKE  Hip hop Class T-Becky,FIRST DANCE ACADEMY,,비영리/사회운동
RcKNXwYFVco,Ma Ngo Par Nae Tok - Sar Chouk Yope,Ken H,လူနဲ့ဆုံတွေ့ခွင့်မရှိတော့ပေမယ့် သီးချင်းတွေနဲ့ဆုံတွေစေခဲ့လို့ ကျေးဇူးတင်ပါတယ် နောက်ဘဝမှာတောက်ပနိုင်ပါစေဗျာ❤ ||| 2024 listen? ||| 2025 still listening? ||| From Tha Di Ya Yae Lar ( Do you miss me?) To Tha Di Ya Dl (I Miss You) ... Incredible 🪐 ||| Rest in peace ကိုစာ အကောင်းဆုံးတွေချန်ခဲ့ပေးလို့ အမြဲတမ်းအမှတ်ရနေမှာပါ♥,비영리/사회운동
NswGb7K6Gic,동물의사육제 │ 세번째인터뷰: 동물보호시민단체 카라,동물의사육제,,비영리/사회운동
o07vgM5vgR0,"기획, 모션 자체제작 _ 환경보호를 위한 모션그래픽 애니메이션 _ lost star",DAYDREAM,,비영리/사회운동
Gjse5WkK79I,계남중 공익광고(환경보호),애루디마,발표 끝났다아아아아아아아 ||| 와! 팬(연필아님ㅎ)이에요! ||| 국어 수행평가 ||| 음질빼고 다 괜찮게 된거 같다고 생각해요^^ ||| 안녕,비영리/사회운동
EhAVH_OWC_c,2017 10 21  한국문화및사회문제심리학회전체 윤영진,임상열,,비영리/사회운동
uozgxFhFYtw,"[청년, 세상을 담다 9기] 갑자기 분위기 사회문제 #대학생, 3일간 사회문제를 덕질해보았다",더나은미래,사회문제 덕질이라니 ㅋㅋㅋ 영상 너무 귀여워요 😆,비영리/사회운동
U0yLouE37Ws,NGO환경보호국민운동본부 전남지부 1호 책자,NGO환경보호국민운동본부 전남지부,,비영리/사회운동
vzkv5DNBUUI,사단법인 환경보호국민운동본부 '환경이 살아야 인류가 산다' 제3차 세미나 및 20차 정기총회 (전 단국대학교 경상대학 학장 신용수 축사 2018.2.27),사단법인 환경보호국민운동본부,,비영리/사회운동
m_pEt-ryFX0,이희영 원예준 박예린 전유경의 환경보호광고,김두섭,나 나왔다,비영리/사회운동
1pQvXM6rkes,환경보호를 위한 바이올린 연주 (감동주의보),그린피스 서울사무소,노래 잘듣고갑니다~ ||| 슬프네요 ||| 하이클래스 링크 보고 온사람,비영리/사회운동
tAaUbRt6jqM,Thương Em Là Điều Anh Không Thể Ngờ (#TELDAKTN) | Noo Phước Thịnh | Official MV,Noo Phước Thịnh,"(AD)Share nhiệt tình ủng hộ mv lên trending nhé cả nhà <3 ||| 2024 vẫn cảm giác như ngày đầu nghe thật nhiều cảm xúc. Có ai còn nghe không ạ😢 ||| Khi âm nhạc việt nam ngày càng tạp nham vô nghĩa. Tôi lại tìm đến những ca sĩ như Noo ||| ""Giá mà em có thể vượt qua"" 😢😢😢 ||| Chị Lê Diệu Minh đọc mấy câu thoại cuối nghe xúc động quá! MV xuất sắc từ diễn xuất đến âm nhạc, !",비영리/사회운동
6PI26AQq7vM,NEW GENDON OPTIK (NGO) Theme Song,Avasan Records,"Ciiuuuss ||| Mantap!!!! ||| Assalamualaikum wr.wb 1. Menyediakan marka parkir, agar bisa tertata dengan rapi 2. Menyediakan tabung pemadam kebakaran/ APAR 3. Menyediakan penyimpanan helm serta tempat gantungan mantel hujan  Terimakasih  #recruitment",비영리/사회운동
RqJrkAzetMo,일본대사와 면담요구하는 시민단체,편집국,,비영리/사회운동
6qkYjO6ci1U,한국문화및사회문제심리학회나래이션 있음,임상열,,비영리/사회운동
jkecM7SKA6s,"시니어 크리에이터 ""다함"" 님과의 사회이슈 토론",경기아띠,,비영리/사회운동
rjfJNSc1sRQ,"2018. 진해 장복초 환경보호 프로젝트 (연진, 수린, 시원, 현아, 서현)",슈퍼걸쩡쌤,👍,비영리/사회운동
f4zRWkU8LXE,[KOREAN LIFE] 우산 비닐 커버 대신 쓴다는 '이것'?…환경보호하는 우산 커버,KOREAN LIFE,,비영리/사회운동
Sqqj_14wBxU,NGO Showreel | BURNING TWIG |,Burning Twig,"THIS IS WHAT I CALL EDITING I LOVE THE PEASING ||| Very good ||| so nice video, where did you find this music ||| woww!!!! ||| Where did you guys get the soundtrack? I want to use the soundtrack for my video!",비영리/사회운동
zjwIIwmvJXk,오시현 채민서 김영찬 정준우의 환경보호 광고,김두섭,안녕하세요 부회장입니다!!,비영리/사회운동
tAaUbRt6jqM,Thương Em Là Điều Anh Không Thể Ngờ (#TELDAKTN) | Noo Phước Thịnh | Official MV,Noo Phước Thịnh,"(AD)Share nhiệt tình ủng hộ mv lên trending nhé cả nhà <3 ||| 2024 vẫn cảm giác như ngày đầu nghe thật nhiều cảm xúc. Có ai còn nghe không ạ😢 ||| Khi âm nhạc việt nam ngày càng tạp nham vô nghĩa. Tôi lại tìm đến những ca sĩ như Noo ||| ""Giá mà em có thể vượt qua"" 😢😢😢 ||| Chị Lê Diệu Minh đọc mấy câu thoại cuối nghe xúc động quá! MV xuất sắc từ diễn xuất đến âm nhạc, !",비영리/사회운동
0qjcru0Mnz8,Ma Ngo Par Nae Tot  - Khin Su Su Naing   မငိုပါနဲ့တော့-  ခင်စုစုနိုင်     [Official MV],Khin Su Su Naing Official,ချစ်မြဲတိုင်းချစ်မယ်  album အားလုံးကို version သစ်လေးတွေနဲ့ ကြာချင်မိတယ် idol ||| 2025 မှာ ဘယ်သူတွေနားထောင်နေလဲ ||| မဂ်လ၊ပါ(သစ၊စုစုလေး*7*)နေကေ၊င်းပါစေ😁😁😁😁😁😁😁 ||| အရမ်းကောင်းတယ် ||| Khin su su niag  I nisse.you I misse. you ❤❤❤,비영리/사회운동
33J2vWxyRTo,Emperor Zaw Win Htut + Htun Eain Dra Bo - Ma Ngo Nae Mg Mg,AxleRose ,🙏🙏🙏🙏🙏🙏🙏🙏🙏👍👍👍👍👍👍👍👍👍👍👍 ||| မင်္ဂလာပါ ||| Thanks! ||| Long live happy and healthy. ||| Always at the top.,비영리/사회운동
Ticih0sdBVk,Ma Ngo Nae Top (မငိုနဲ႔ေတာ့) Thar Deelu (သာဒီးလူ),Nga Lin,Good 👍 very well thanks so much 👍 ||| Good luck 🤞 Thanks 😮🎉😂,비영리/사회운동
nj5nfU-XImw,IDEES COIFFURES - SIMPLES ET RAPIDES Lisa Ngo,Lisa Ngo,Sauf qu’à elle toutes les coupes lui vont bien 🤷🏻‍♀️ ||| Tu ressemble grave a nabila mais en mieux parce qu'elle elle est refaite de partout je pense ||| Tu est une tête à coiffer. Tu es vraiment super belle et les coiffures te vas super bien ❤️❤️ ||| MAIS T’EST MAGNIFIQUE 🥺🥺🥺 ||| Mon dieu tu es tellement belle et toute les coiffures te vont à merveilles ! ❤️😍🙃,비영리/사회운동
0kp-lSmsX0A,"[월드프렌즈 NGO봉사단이 궁금한 당신에게, 1] 귀국단원 김남희",KCOC,,비영리/사회운동
OaDPr4NT0rk,ROUTINE DU MATIN EN AUTOMNE Lisa Ngo,Lisa Ngo,"Ooooww loulou etait toute petite avec ses petits cheveux et jade je pleure elle es trop cute😍😢😢 ||| Top ||| Petit message d’encouragement : Ta vidéo est vraiment très chouette, je voulais te féliciter car avec deux enfants en bas âge c’est pas évident de prendre du temps pour sois et toi  tu prends du temps pour ""NOUS"" faire de belles vidéos. Tu es jeune, belle et bosseuse, t’as tout bon !!!! Bonne journée 😉 ||| Tu es vraiment trop belle sincèrement et j'aime beaucoup tes vidéos continue ! ||| coucou Lisa! top cette routine j'ai adorée gros bisous",비영리/사회운동
OkYysEVPzrQ,Professor JohnBull Season 6 - Episode 7 (N.G.O),Glo TV,"""no credit today, don't even come tomorrow""😂😂😂😂😁😁 ||| ""Nna, give Original"" Samo will not kill meee 😂😂😂 ||| Who’s watching from Europe! Nice one ||| Olaniya no credit today don't even come tomorrow i fear this man 😂😂😂😂😂 ||| I love olany so much",비영리/사회운동
bKo3DpygCxQ,[페미니즘 강좌] 여성주의 정신분석 기초 1부,페디아(Fedian),어디서 진행된 강의인가요?? ||| 정말 흥미로운 강의 감사합니다! ||| 환자들ㄲㅣ리 잼나네요 ||| 강좌는 너무 듣고 싶은데 잡음이 너무 심해서 듣기 너무 힘들어요. ||| 참 여러가지 골고루 잡식성,비영리/사회운동
c1_gFrhgEZo,How I founded a NGO at 14 | Joseph Wan | TEDxYouth@AISHK,TEDx Talks,Cool! I founded UWCMT this year when I was in 10th grade which is a math tournament. I'm planning on also founding a NGO improving STEM education. I'm also always trying to improve my skills in facilitating others to share their ideas. ||| I am 20yr Law student from India and I have laid foundation of NGO in my Small village. My aim is to strengthen the loose education system there and make them aware with the new concept of modernity (ex:Internet) and technology. And will work for the needy people. I just wish I can help and establish a brighter future of those marginalized people before I die. ||| What an inspiration to us ALL ||| Bro may you be blessed ||| I thank God I'm waking up to my dream and purpose of starting my NGO,비영리/사회운동
s10xTKSfRp4,Presentation of New Humanity NGO - For a United World,New Humanity,,비영리/사회운동
QYjBQ4WNW5o,Iweco Kuda Ngo   Jeezy 128 Logic X Riaso Boy Official Westnile Music Video 2017,OWACGIU SAMUEL,"It's one of my favourite  songs from you❤❤❤❤ ||| from Charlotte,states enjoying this Alur hit...big up awobe paco ||| The song was played when my bro Riaso was young 😅😅😅.May God keep u with 128 ||| First time I heard that song was in 2019 in Parombo Rock gardens when Rihaso boy curtain raised for General Rasta Kuchuku. It seized me fully from then up to now. Guys.... continue with the creative genius. A Pakwach boy here is damn proud of your music. ||| Love from Western uganda ❤🎉 keep the candle burning 🕯",비영리/사회운동
E6D4f5_aJj8,MY REAL MORNING ROUTINE 2018 | Lisa Ngo,Lisa Ngo,"Hello ! Je viens de découvrir ta chaine et j'en suis vraiment ravie... Au point que je me suis déjà fait toutes tes vidéos ahah ^^Tu es magnifique et et très inspirante. Voir une femme de mon âge déjà si avancée dans la vie avec tant de maturité et de simplicité également ça fait du bien à voir sur Youtube. Merci à toi <3 ||| J adore les  courtes vidéos ❤ comme ca on a l essentiel et on ne se lasse pas 👏🤗 ||| Super vidéo, ça m’inspire pour l’avenir... ||| Je commence à rattraper mon retard hihi ♥️ ||| Salut sava bien ❤ 0:11 😊",비영리/사회운동
iihC-wLpNLs,BACK TO SCHOOL : CONSEILS POUR UNE RENTREE SEREINE Lisa Ngo,Lisa Ngo,Merci pour ces astuces assez utiles ;P ||| Dire qu'on s'est connu il y a quelques années en vacances et et qu'aujourd'hui je vois sur snapchat ta chaine YouTube 😉👍,비영리/사회운동
TVqbVSg9Fgc,Entrepreneur & Owner of The Leverage Chris Ngo with Peter Tang @ Eurocar - Stay Driven - Episode 4,Stay Driven,Dopeee 🤙🏼👊🏼 ||| Amazing contest broski!,비영리/사회운동
FLyK282H4jk,NGO for Persons with Disability | DAND,DISCOVER A NEW DAWN - DAND,"fabulous Debashree: I appreciate your work and power to motivate people to work for you all ||| Wow! Excellent. I am also a visually challenged person, I will be grateful if I become a part of this journey. ||| excellent video ||| 100 people disable in my village please help ||| Ya konse state m ha",비영리/사회운동
cJNv_N5LYsk,NGO NAMA KUNDA by Jordance BIN LUBA,B- Movie,"wasinjya kutsibu, yira en forme ||| This is big 🔥🔥🔥 ||| Courage mon frère du sang ||| Love from kasese Uganda ||| Man which language is that is like my tribe language",비영리/사회운동
0t2TuGYtTTg,여성노동운동은 분열이 아니라 진보다. 성평등이다!,한국여성노동자회,,비영리/사회운동
n_UZ8-iprN8,노동운동에 평생을 바쳐온 노회찬 정의당원내대표,포항MBC,"울다가, 웃다가 봤어요. 노의원님은 이제 세상에 없지만, 영상 보면서 많은 에너지를 얻고 갑니다.  의원님은 많은 사람들의 마음속에 남아계실거예요. ||| 노회찬의원님 노동자들을 위해서 할일 앞으로 많으신데 너무 가슴 아픕니다. 의원님 사랑하고 존경합니다 감사했습니다 그리고 죄송합니다 지켜드리지 못해서...... ||| 반갑고 고맙고 슬프네요. 그리고 자랑스럽습니다. ||| 역쉬 쵝오! 그립습니다 ||| 우리 노의원님  ~ 국민곁에 아직 계신거 같아요. 얼마나 홀로 힘드셨어요? 죄송합니다. 궁금한 이야기 y 노의원님 프로 보고 얼마나 울었는지 .. 청소하시는 아주머니들께서 의원님 양복한벌 뿐이었다고 이야기 하시는데 ..  의원님 재능 과 따뜻함으로 좋은곳에서 마음 편하게 악기 연주도 하시고  멋진 옷도 입으시고 지내셨으면 좋겠어요. 늘 노의원님 응원합니다.",비영리/사회운동
Ihm9vvvr2fo,농민노동운동2,북소년임용강의,,비영리/사회운동
YDnb1Ultl6E,노동운동은 독립운동이 아니다,리걸마인드연구소,누구편에도 당을짓지 않은  객관적인 시각!  국민을 깨우치게하는 선지자 방송! 감사합니다! ||| 소장님 늘 경청 하고 있습니다.... ||| 문재인청와대대통령 이젠 듣기도 좋네요.그 속에 국민을 걱정하는 마음 없고 역사 왜곡만 하고 있네요.광복절 기념식 안 하는 것이 대통령인가요? ||| 문재인의 속마음은 좀 알 수는 없을가요? 그 사람 말하는 것을 들어 보아서는 도대체 왜 그런 말을 하는지 짐작이 안 됩니다. 그 사람도 마음 속에는 무슨 생각이 있었을 것 아닙니까?,비영리/사회운동
-nj-h-a0mzQ,성평등 x 노동 운동을 외치다! _지금 당장 성평등 노동!,서울여성노동자회,,비영리/사회운동
w9I1tJl220Q,"오늘과 내일 4강 ""한국 사회와 노동, 그리고 노동운동의 어제와 오늘 강사:양경규 주요장면",오늘과내일TV,,비영리/사회운동
LWnBMi9xpsg,[사회변화] 영프로 프로젝트 소개,청년 인재들의 사회변화 실험터 ,,비영리/사회운동
MD0R5Nv_f8E,18면 22면2018사마열혈tv2018노동운동의길잡이동녘1987년판=1노동운동은어떻게일어나고발전하는가4노동운동의궁극적목표는노동자계급의해방에있다18면 22면,TV사마열혈,,비영리/사회운동
hxvrdI8M-ok,151면 155면2018사마열혈tv노동운동의길잡이동녘1987년판=6노동운동은어떻게정치적투쟁역량을강화할수있는가3노동운동의발전에있어노동자정당의역할은중대하다151면 155면,TV사마열혈,,비영리/사회운동
wGkITCTNLwA,12면 15면2018사마열혈tv2018노동운동의길잡이동녘1987년판=1노동운동은어떻게일어나고발전하는가2무엇이노동자의단결을가져오게하는가12면 15면,TV사마열혈,,비영리/사회운동
woXzlHicBDM,45면 51면2018사마열혈tv2018노동운동의길잡이동녘1987년판=3노동자투쟁에서노동조합의위치와역할은무엇인가1노동조합은어떻게생겨나게되었나45면 51면,TV사마열혈,,비영리/사회운동
IGN2Q7oYQXs,144면 151면2018사마열혈tv노동운동의길잡이동녘1987년판=6노동운동은어떻게정치적투쟁역량을강화할수있는가2통일전선을구축강화해야한다144면 151면,TV사마열혈,,비영리/사회운동
Uo__WLWZLVc,15면 18면2018사마열혈tv2018노동운동의길잡이동녘1987년판=1노동운동은어떻게일어나고발전하는가3노동운동은투쟁을통하여발전한다15면 18면,TV사마열혈,,비영리/사회운동
MvxJU61WAWE,139면 143면2018사마열혈tv노동운동의길잡이동녘1987년판=6노동운동은어떻게정치적투쟁역량을강화할수있는가1노동전선의통일을추진해야한다139면 143면,TV사마열혈,,비영리/사회운동
hiTwabwD-ec,9면 12면2018사마열혈tv2018노동운동의길잡이동녘1987년판=1노동운동은어떻게일어나고발전하는가1노동운동의발전을뒷받침하는기초적조건은무엇인가9면 12면,TV사마열혈,,비영리/사회운동
9yiEOQHZES4,23면 27면2018사마열혈tv2018노동운동의길잡이동녘1987년판=2노동운동을추진하는힘은무엇인가1노동자계급그자신이힘의원천이다23면 27면,TV사마열혈,,비영리/사회운동
JC1cPH-zlok,55면 59면2018사마열혈tv2018노동운동의길잡이동녘1987년판=3노동자투쟁에서노동조합의위치와역할은무엇인가3노동조합은경제투쟁과정치투쟁을통일적으로전개해야한다노동조합의의무55면 5,TV사마열혈,,비영리/사회운동
ZCDoY7HXHEc,67면 72면2018사마열혈tv노동운동의길잡이동녘1987년판=3노동자투쟁에서노동조합의위치와역할은무엇인가5잘못된노동조합운동의방향에는어떤것이있나67면 72면,TV사마열혈,,비영리/사회운동
l7EBChI_tvc,27면 30면2018사마열혈tv2018노동운동의길잡이동녘1987년판=2노동운동을추진하는힘은무엇인가2노동자의공통적인불만과요구가운동의추진력이다27면 30면,TV사마열혈,,비영리/사회운동
Wey3f3S-LPA,51면 55면2018사마열혈tv2018노동운동의길잡이동녘1987년판=3노동자투쟁에서노동조합의위치와역할은무엇인가2노동조합은노동자계급의대중적조직임과동시에계급적조직이다노동조합의성격51면,TV사마열혈,,비영리/사회운동
HsntWhd6UV4,72면 76면2018사마열혈tv노동운동의길잡이동녘1987년판=3노동자투쟁에서노동조합의위치와역할은무엇인가6노동조합운동의의의와한계72면 76면,TV사마열혈,,비영리/사회운동
BaSZSgaD528,"손쌤의 역사교실 59차시 - 농민/노동운동, 6.10만세운동, 광주학생항일운동",손쌤-!!,,비영리/사회운동
D3oZlJkNqk0,59면 66면2018사마열혈tv2018노동운동의길잡이동녘1987년판=3노동자투쟁에서노동조합의위치와역할은무엇인가4노동조합의투쟁은어떻게추진되어야하는가59면 66면,TV사마열혈,,비영리/사회운동
eOdoOijOmZs,오박사의 문화예술교육 이야기 6 (1980년대 노동운동과 민중문화운동의 힘),熱血學舍 The Honorable Dr. Oh,,비영리/사회운동
8jBX3tL2zJY,37면 44면2018사마열혈tv2018노동운동의길잡이동녘1987년판=2노동운동을추진하는힘은무엇인가4조직의지도부와활동가의역할은한없이중요하다37면 44면,TV사마열혈,,비영리/사회운동
Xnwi-PMp6zo,31면 37면2018사마열혈tv2018노동운동의길잡이동녘1987년판=2노동운동을추진하는힘은무엇인가3조직내민주주의와집단적규율이또한운동의추진력이다31면 37면,TV사마열혈,,비영리/사회운동
sGvQPkQD98U,조성용 한인사회 변화 위해 뛰겠습니다 ALLTV NEWS EAST 06JULY18,All TV,,비영리/사회운동
0tfSrkcsQkM,성노동운동가여,박양순,길돌멀로터냐사람살리기오기너남즐겁지처느가되꼭충남집두고놀아나내기뻑대천서룸두번주냐내가그냐금연여복천불니남자랑사탄아버비등처돈싹꺼두고법처벌시으장발발이민족신경안정재저혈압병원하루 ||| 집개,비영리/사회운동
X955CjkmMxo,"이용선 시민사회수석, 노동운동ㆍ남북교류 등 마당발… 소통 강화 포석",Catherine Chavez,,비영리/사회운동
2eok4zPr29I,105면 111면2018사마열혈tv노동운동의길잡이동녘1987년판=4노동자의투쟁은어떻게조직되어야하는가6자본가측의공격에어떻게대처할것인가105면 111면,TV사마열혈,,비영리/사회운동
3VMj_G3XZv0,84면 89면2018사마열혈tv노동운동의길잡이동녘1987년판=4노동자의투쟁은어떻게조직되어야하는가3투쟁에서의전략적과제와전술84면 89면,TV사마열혈,,비영리/사회운동
u7xaV3tRQX8,113면 125면2018사마열혈tv노동운동의길잡이동녘1987년판=5노동자의투쟁은어떻게추진되어야하는가1직장투쟁113면 125면,TV사마열혈,,비영리/사회운동
lLADyxM7CFs,125면 138면2018사마열혈tv노동운동의길잡이동녘1987년판=5노동자의투쟁은어떻게추진되어야하는가2통일투쟁과공동투쟁125면 138면,TV사마열혈,,비영리/사회운동
-f9gOYYNIp8,"01 창립_여성노동운동은 분열이 아니라 진보다, 성평등이다!",서울여성노동자회,,비영리/사회운동
nGTqD5ZJSUc,기술의 발달과 사회 변화 기술발달과 환경오염,강정민,구글 클래스룸 하러 온 사람 ..? ||| 이 나쁜 공기가 중공서 유입되는지에 대해 입다물면? 점점 어떻게 될까? ||| 곧 이 댓글은 성지가 될것입니다. **중학교 E학습터 자료영상 ㅋㅋㅋㅋㅋㅋ심지어 올려준겤 ㅋㅋㅋㅋㅋ편집본 ㅋㅋㅋㅋㅋ ||| 이비에스 온라인 기술시간 인사람? ||| 엄준식이 어떻게 사람이름이냐???엄준식은 진짜 전설이다......,비영리/사회운동
7lNSdXCKFpA,1면 6면2018사마열혈tv2018노동운동의길잡이동녘1987년판=머리말1면 6면,TV사마열혈,,비영리/사회운동
jXVfbeWXWA8,[사회변화 프로젝트] Social Innvation 툴킷 메뉴얼 영상,청년 인재들의 사회변화 실험터 ,,비영리/사회운동
SJ9lWKJmCPM,"[YFC] 사회변화를 이끄는 SUNNY, LOOKIE",청년 인재들의 사회변화 실험터 ,,비영리/사회운동
ldHbIrus-CM,77면 80면2018사마열혈tv노동운동의길잡이동녘1987년판=4노동자의투쟁은어떻게조직되어야하는가1왜투쟁방법을배워야하는가77면 80면,TV사마열혈,,비영리/사회운동
WnxjO7golag,국가대표 배구 훈련 영상,koreanolympic,"폴짝폴짝 너무귀여워 ㅋㅎㅋ ||| 폴짝폴짝하는거 뭔데 귀엽냥! ||| 학교에서 배구 하는데 정말 쉽지 않다는걸 느끼면서 대단하다,존경하다라는게 떠오릅니다!!ㅠ ||| 이 누나들이 전생에 내 키를 뺏어간거다. 그렇지 않고서야 이렇게 짧을 수가 없다 ||| 멋있어요ㅜㅜㅠㅠ!!",스포츠
efrtOHVWF7c,"[SVT클럽] 7화: 민규,정한,도겸,승관 vs 프로배구팀의 리얼승부 한판, 그 결과는?",M2,"MINGYU IS SURPRISINGLY GOOD hes such a fast learner ||| Jeonghan’s pretty face is catching our attention👋 ||| jeonghan is actually pretty good if you watch his plays haha ||| The tall guy in Seventeen, I don’t know his name, is left-handed. Cool, left-handed people usually have advantages in sports like volleyball and tenis. ||| mingyu really have advantages because of his height and he is a fast learner. THIS IS SO GOOOOD. I WISH I CAN PLAY VOLLEYBALL SOMEDAY WITH THEM HUHU",스포츠
kTF5HU_MsZI,[2018 KBO 정규시즌 개막 영상] 아이들의 꿈이 향하는 곳(full ver.),KBO,여기 나온 리틀 야구선수들의 꿈을 응원합니다. ||| 멋지네요. ||| 썸네일 좋네ㅋ  어린이들 파이팅!! ||| 양현종!!! ||| 저희 리틀형 최지형선수 있어요.,스포츠
AOwgIXqryC0,스포츠리듬트레이닝 기본 10동작,Rhythm&Revolution,"현재 중 2 여학생입니다 이거 수행평가하는데 열심히 보고 따라하겠습니다 ||| 0:09 포워드, 백워드 0:18 사이드점프 0:23 사이드 싯 점프 0:27 원 레그 투 점프 0:38 크로스 점프 0:44 스플릿 0:49 360도 점프 1:00 사이드 투 사이드 1:04 힐 터치 ||| 현재 중 1인데 수행평가 이 영상보고 A맞았어요 기받고 가시길 ||| 운동 쪽으로 진로 정하신분들은 스포츠리듬트레이닝 꼭 하시길.. 저도 몇개월간 연습하면서 느끼는거지만 모든 스포츠에는 리듬이 중요하기 때문에 필수요소로 자리매김 되었으면 좋겠습니다 ||| 이거 ㄹㅇ 진짜 개힘듦 와 씨 오늘 저거 하고 허벅지랑 종아리 싹다 조사지는줄알고 진짜 디질뻔했다 효과는 확싱할듯..ㅎ",스포츠
6Oo8POGJhWU,[2018 KUSF 대학배구 U-리그] 불안한 리시브도 득점으로 연결시키는 조선대 이태봉,KUSF SPORT,,스포츠
zTg_X27GpyI,2018 전국대학배구 해남대회 준결승2경기 성균관대 VS 충남대 1세트,JTBC Sports,,스포츠
I6tAn2a2Vv4,대한민국 여자배구 역대급 최장시간(1분 6초) 랠리,MUTU9,"저날 일본은 배구,야구,축구 모두 한일전 에서 졌다고 한다...ㅋㅋㅋㅋㅋㅋㅋㅋㅋㅋㅋㅋㅋㅋㅋㅋㅋㅋㅋㅋㅋㅋㅋㅋㅋㅋㅋㅋㅋㅋㅋㅋㅋㅋㅋㅋㅋㅋㅋㅋㅋㅋㅋㅋㅋㅋㅋㅋㅋㅋㅋㅋㅋㅋㅋㅋㅋㅋㅋㅋㅋㅋㅋㅋㅋㅋㅋㅋㅋㅋㅋㅋㅋㅋㅋㅋㅋ ||| 배구의 이걸살려!?!?! 하는 포인트가 너무 좋음.. 그게 득점으로 오면 진짜 개짜릿함.. 너무 좋아 진짜.. ||| 1:05 와 전부 힘들어서 같은 자세 와 소름끼쳐 너무 멋있잖아 ||| 진짜 힘들었나보다 득점나오자마자 다들 자세가 똑같음ㅋㅋㅋㅋㅋㅋㅋㅠㅠ ||| 한일전이라 그런가 관객들 리액션 쌉오지누 ㅋㅋㅋ현장감 ㅆㅅㅌㅊ!",스포츠
Kor-MFqpUvM,다시보는 아시안게임 남자배구 결승전 - 어! 감독님이다!,KBS 스포츠,신진식 감독님ㄷㄷ 파워가 ㄷㄷㄷㄷ 박살내네 ||| 와 타점봐 ㄷㄷㄷㄷ 시간차며 A퀵이며 스파이크 뭐하나 흠잡을데가 없네 ㄷㄷ ||| 神 갓 진식⭐️👏🏻👏🏻 ||| 현장에서 봤던 경기. 진식님의 시원한 스파이크 그리워요 ||| 금메달 보다 무실세트 전승 우승이 더 놀랍다..,스포츠
G2DlCRw6G_Y,🥉동메달🥉2018 자카르타-팔렘방 아시안게임 여자배구 동메달전 《대한민국vs일본》,914archive,갓연경 어떻게 저런선수가 우리나라 사람일 수 있을까 너무 잘해서 할말이 없다 진짜 갓갓연경 ||| 32:47 개간지 ... ||| 32:51 갓연경 스파이크서브에이스 완벽하다진짜..... ||| 2:12:46 과거로 돌아가서 저 현장에 있고 싶다.. 소름 장난아닐듯 관객들 함성 때문에 더 벅차오름 ||| 41:10 김연경 선수 블로킹 할때의 이 파이팅 넘치는 액션 너무 좋아요!!,스포츠
D1_83pLQw0w,2018 전국대학배구 해남대회 준결승1경기 경기대 VS 홍익대 1세트,JTBC Sports,please update the new tournament of KUVF 2018,스포츠
oGrj27GhjHU,[렛미마] 배구 밖에 모르는 현대캐피탈 홍민기,KOVO,민기선수 인터뷰라니..... 말도 떨지않고 넘나 자연스럽게 잘하는것.... 말솜씨 자주보고싶슘니다...자주봐여 민기선수😍 꼭 큽시당 ||| 코보 월급 마니 올려주세요... 민기까지 영상을 찍어주다니 갬덩이야🙇 ||| 민기선수 보면 항상 열심히해서 꼭 잘됐으면하는 선수!! ||| 홍 민기 홧팅 ! 인대수술 로 고생 을 많이 하느라 힘들었지 ‥  운동 선수에게 치명타었지만 많은 노력의 결과로 좋은 성과 기대한다  항상 응원한다 !  힘내자 ! ||| 홍민기 홍서영 홍남매 응원해요ㅜㅜㅜ 두 분 다 최고야,스포츠
5seaAS5pz-o,2018 자카르타-팔렘방 아시안게임 남자배구 준결승전 《대한민국vs대만》,914archive,"극한,,상황에서도 열심히 싸워주신 선수님들에게 박수를💪 ||| 6년째 보러 오고 있습니다… ||| 12:36 한선수님 진짜👍👍👍👍 ||| 16:40 진짜 개시원하다^^^^^^^^^ ||| 감독님 너무 멋지다",스포츠
dNsTIlucsiQ,역대급 오심을 한 배구심판,스포츠티브이,삼성팬인데 저건 아니지 않냐. . . . . ||| 타이스 속으로 존나비웃을듯ㅋㅋㅋㅋ ||| 솔직히 저 현대팬인데 이건 꼬마애가 봐도 알겠다ㅋㅋㅋㅋㅋ ||| 모든 오심의 가운데는 저 주심이 있네ㅡㅡ ||| 심판 못보는 사람들은 퇴출시켜라,스포츠
yemJuJG4RlE,2018 KBO리그 플레이오프 5차전 하이라이트,Matt Shin,"음 한창 올해코시3차전이랑 작년코시 5차전 만들고 있었는데 불미스러운 일이 있네요. 이거는 선수단 전체에도 큰 동요가 있을 거 같은데, 나름 야구 15년정도 본사람으로 얘기하면, 예전 양 모 감독이 라뱅님 푸대접한거는 비교도 안되네요 아마 나중가서 김광현 선수랑 최정 선수도 이딴식으로 대우하면 타팀팬이지만 정말 열뻗칠 거 같네요. ||| 오늘 최정 최다홈런 타이에 이어 한유섬 동미니칸 접신 끝내기홈런보고 신나서 들어온사람ㅋㅋㅋㅋ ||| 이제 와서 생각 해 보면 선발투수 세인트루이스 김광현, 월시선발승 wbc미국 결승전 선발투수 켈리 vs 메이저 골든글러브 김하성, 샌프 최고연봉자 이정후, 메이저 출신 박병호까지.. 수준 개 높은 경기였음 ㅋㅋㅋ ||| 17:30 이때 농담으로라도 넥센이 뒤집을 수도 있다고 하는 사람 없었을듯. 9회 투아웃에서 5점을 기어이 만든 넥센도 진짜 리스펙.. SK팬으로써 이런 경기를 영상으로 본다는게 안타깝다 ㅠㅠ ||| 김광현 최정도 잘했지만 진짜 강민이형이 하드캐리한 가을야구였지.. 팀이 필요로할때 어린선수들이 큰무대에서 해맬때 수비면 수비 공격이면 공격 다 앞장서서 길터주고 해결해주니.. 베테랑은 이게 베테랑이지 소름이돋았다 내내",스포츠
54CQvVGbf0o,[오분순삭] 미친 표현력 해리 스포츠 유망주 도즈언~!! (Highkick ENG/SPA subbed),MBCentertainment,그냥 티비에서 슬쩍본 표정 잠깐 따라했는데 표정연기 좋다고 바로 피겨 배우는거 확실히 집이 금수저인거임..ㄹㅇ ||| 표정연기를 잘하면 연기학원에 보내야지 ㅋㅋㅋㅋㅋㅋㅋㅋㅋㅋㅋㅋㅋㅋㅋㅋ 갑분 피겨야 왜 ㅋㅋㅋㅋㅋㅋㅋㅋㅋㅋㅋ ||| 진짜 지희 뽑은건 신의 한 수다ㅋㅋㅋㅋㅋㅋ 연기 너무 잘해 ||| 아이 재능찾아주겠다고 곧바로 부모가 저렇게 해줄수 있다는게 너무 부럽다 ||| 피겨니 골프니 다 부자들만 가능한 운동인데 해리는 그런 집에서 태어난거 자체가 축복임,스포츠
SLsNpb2xubI,[2018 KUSF 대학배구 U-리그] 180512 조선대 승리를 이끈 이태봉의 활약,KUSF SPORT,,스포츠
-d5DdlMdOno,2018 KBO 리그 SPOTV 오프닝,Train Fork,야구장보여주면서 웅장한음악틀고 경기소개 해주는거 좋다. ||| 개인적으로 이게 레전드라고 생각함.. 웅장한 음악 야구장이 한눈에 들어오는 저 카메라ㅋㅋㅋ ||| 이거 2017년 크보 야구팀 순위였네 ㄷ ||| 각 팀을 연상하는 상징 요소 혹은 마스코트들이 컨셉이죠 KIA 호랑이 두산 곰 롯데 갈매기 NC 공룡 SK 구단 마스코트 아테나 LG 유광점퍼 넥센 구단 마스코트 중 하나인 돔돔이 삼성 사자 한화 독수리 KT 마법사 모자 ||| 음악 : [Iryu 2 Team Medical Dragon OST] Sawano Hiroyuki - DRAGON RISES,스포츠
uIPMv8nVwY0,스포츠리듬트레이닝 BASIC 체조,Rhythm&Revolution,리듬체조 수행평가 딱 대 ^^ ||| 와! 너무나도 좋아요오!!^^ ||| 00:43 ||| 수행평가 딱대라 제리얌 나간다 ||| 이노래 이름머죠?,스포츠
EXWB2151JBU,서브속도 123km인 한국배구 선수 서브에이스 모음🏐,914archive,잘생긴걸 떠나서 서브 폼 자체가 너무 이쁨.. ||| 잘생기기까지 하면 반칙아니냐 솔직히 ||| 한국배구계 씹사기캐... ||| 0:40 소리 미쳤네 진짜; ||| 외국인 용병 기록까지 갈아엎은게 문성민 서브.. 정확도도 엄청나고,스포츠
5AbAGd1rDXI,KBO마구 모음,야구사랑,0:27 보고도 지랄이라는 말이 나오네 ㅋㅋㅋ ||| 조핑크의 예술적인 포크볼. 긁히는 신정락의 정신나간 슬라이더. 풍량아 김진우의 폭포수커브. 피어밴드의 춤추는 너클볼. 윾희관의 윾희관볼. ㄹㅇ합 조지는 포수심판.  거를 타선이 없네 ㅋㅋㅋㅋ ||| 유한준  유희관커브에 세번을 움찔하네ㅋㅋㅋㅋ ||| 마구라이온즈 채널에 너무 익숙해짐ㅋㅋ ||| 다른건 몰라도 신정락은 진짜 각도만큼은 원탑인듯,스포츠
JuX2KhQYO5Y,KBO 캐스터 샤우팅 모음,sdfwe a,정용검캐스터님은 마치 소름이 돋을정도로 초음파샤우팅에 강렬한에너지 음역대가 매력적이세요 ||| 정용검은 진짜 농구나 야구 캐스터 할때마다 흥분을 잘하는듯 그래서 중계보면서 더 재미있는것같고. ||| 0:00 정용검 0:26 정병문 1:03 한재웅 1:33 이기호 1:48 정우영 2:34 최두영 2:42 김동연 3:20 한명재 3:56 김민수 4:30 김수환 4:50 권성욱 5:24 윤성호 5:53 이동근 6:15 유지철 6:40 이호근 7:03 이승륜 7:25 임용수 ||| 5:20 이거 봐라 아주 소리소리를 ㄷㄷ ||| 정용검은 왜다른해설을 해도 농구해설을듣는거같냨ㅋㅋㅋㅋ,스포츠
Axs0OsuCKOs,"[SVT클럽] 7화: 배구러버 승관, 최애 배구팀과의 만남♡",M2,"부승관 이 사람,,,세상 재밌는 거란 재밌는 건 다 하고있었네 ||| 미스터 부 혼자 꾸준했네.. 우리가 몰랐네.... ||| 국대 오지영 선수님이 보이네요!!!! 괜히 반갑..🥺 부승관 혼자서만 이렇게 재밌는 걸 보고있었다니  도쿄 올림픽 때 여자배구 입덕해서 승관이 보러왔습니다 ㅋㅋㅋㅋ ||| 승관이가 인삼공사 오랜 팬이란거 알고 너무 신기했는데 ㅋㅋㅋ 이런 것도 있었구나 ㅋㅋ ||| ㅋㅋㅋㅋ선수님들ㅋㅋㅋㅋㅋ 정한이한테 ㅋㅋㅋㅋ곱다고와 선이 예쁘닼ㅋㅋㅋ 너무 제 마음 대변인이신데...ㅋㅋㅋㅋㅋㅋㅋㅋㅋㅋㅋㅋㅋㅋㅋ",스포츠
J2idL49DXhE,2018 보령 한국도로공사 프로배구대회 현대건설 VS 베틴뱅크(베트남)-오늘 경기 베틴뱅크(베트남)의 첫 서브 득점!.20180810,KBS Joy,,스포츠
E7e1kgCCPrE,프로배구 V리그 신경전 모음,홍승우,"198cm 가 바라보는 211cm는 어떤 기분일까? ㅎ ㄷ ㄷ ||| 야구 빈볼나왔을 때나 축구 농구는 빈번해도, 서로 몸으로 닿을일 없는 배구에선 이런 싸움 정말 드문데 ㅎㅎㅎ ||| 문성민 선수 진짜 잘생겼다 ㅋㅋㅋ ||| 배구선수들 어깡 지리네 ||| 알렉스 이거 전과있는 X이었네",스포츠
DBNukwmAUWQ,[SBS SPORTS]주간배구6회 중계석BAAM,KOVO,김사니 ㅋㅋㅋㅋㅋㅋㅋㅋㅋㅋ ||| 남자배구 싫어요 플레이보단 호들갑이 더 난리,스포츠
1c5uR-YUxX4,요즘은 혼스(혼자 스포츠하기)가 대세!,DECATHLON KOREA 데카트론 코리아,,스포츠
zGJi24e3eBs,엔젤스포츠 블랙엔젤 배트,wonyeol choi,,스포츠
mUUsCq73A3Q,역대 KBO 리그 WAR 순위 투수,TV야탑,미쳣다 ||| 첫번째꺼 85최동원인데 오타 나셧네  그나저나 최동원 선동렬 ㄷㄷ ||| 선동열...그는 레전드 ||| 선동열과 최동원은 전설이었지... ||| 다옛날이네.... 지금 저기록찍으면 메져직행,스포츠
JDCPcveD5JA,2018 자카르타-팔렘방 아시안게임 여자배구 준결승전 《대한민국vs태국》,914archive,열심히 싸워주신 선수님들에게는 박수와 격려를💪 ||| JAKARTA PALEMBANG ||| 이 경기 못봤는데 4세트 18-12 앞서다 22-25로 졌다니.. 이건 감독문제임.. ||| nootsara👍👍👏👏❤️❤️ ||| 1:48:29 조온나 시원,스포츠
onZrdAi8Pnc,🥈은메달🥈 2018 자카르타-팔렘방 아시안게임 남자배구 결승전 《대한민국vs이란》,914archive,이란 매너 씹지리네 세레모니도 안하고 바로 사과하러오네 ||| 수고하셨습니다!!대한민국 남자배구대표팀~ ||| 수고했고 은메달 축하 ||| 우리나라 배구선수들 진짜 짱 잘생김 미국에서 늦게 봤지만 참 잘했네요 수고들 많이 하셨어요👏👏👏👏👏👏내년엔 금매달 따겠죠 ㅋㅋㅋ 진짜 뻔한 드라마 보다 긴장감 있는 스포츠가 넘 잼나네요 ||| 으악 3연속 서브범실이 너무컸다ㅠㅠㅠ 이란도 너무잘한다 그래도 값진 은메달 ㅊㅊ,스포츠
lYaS0x0Ah5U,[~2018 ver] 중독성 지리는 수능금지 KBO 응원가,야구천재 [baseball genius],지금은 아시죠? 풍악을 울려라~ ㅇㅎㅈ ㅇㅇㅇㅇㅇ ㅇㅇㅇㅇㅇ ㅅㅅㅇ ㅇㅎㅈ ||| 한팬이지만 최주환응원가중독성쩌는데 ||| 신본기가 넘사벽이다 ||| 2019 ver ㅇㅎㅈ ㅇㅇㅇㅇㅇ ㅇㅇㅇㅇㅇ ㅅㅅㅇ ㅇㅎㅈ~ ||| 4:35 세번의 피눈물씨,스포츠
NiI1VGW1D7A,원클럽vs순천배구클럽 1세트,정세훈,,스포츠
8WlQ5djLxPI,6분 만에 보는 한국 프로스포츠 승부조작 : 야구 축구 농구 배구 스타,무녕,이분 영상 퀄리티 너무좋다... ||| 지금은 없을 것 같지?ㅋ ||| 이거 정리해주신 분 수고하셨습니다.. ||| 지금도 다시 조사해봅시다 설마 없을까요??? 그리고 선수들뿐만 아니라 심판들도 다같이 조사해봅시다 뿌리까지 다 뽑아야죠 ||| 골키퍼가 자살햇다는게 그때도 의문이엿는데.,스포츠
MGw44ZSNt_I,오오타니 쇼헤이 최고구속165km기록영상,이정훈,오타니 쇼헤이 인성 되게 좋더라. 인터뷰봤는데 우리나라인사말까지 배워서 인터뷰하는거 보면 말을 그렇게 이쁘게 하는 사람 호감이 많이 가더라 ||| 얼른 만화속으로 들어가라... 야구 실력은 둘째치고 너무 잘 생겼다 ||| 165KM 던지는 투수가 메이저에서 타자로 52홈런 52도루 한다고? ||| 0:18 165키로가 나오든 말든 포수사인교환 집중하는 모습이... 넌 대체 정체가 뭐냐... 사람맞냐 ||| 잘생기고 훤칠한데 165km 강속구에 시즌 20홈런 때리고 한경기에 9k 잡고 2타점에 내주는 선수가 존재한다는게 말이 안된다 진짜....,스포츠
mKPsPoy2vGk,퍼거슨이 가장 막기 어려웠다는 듀오,1분 공방,"그들이 놓친 공은 부스케츠가 막아줬고 그들이 찬 공은 메시가 받았다...현대 축구의 완전체 ||| 저 둘의 공을 받는 선수가 심지어 메갓이니 어케 막냐 ㅋㅋㅋㅋㅋㅋㅋㅋㅋㅋㅋㅋㅋ ||| 브금 편집 적재적소의 멘트  삼위일체 지금까지 본 최고의 영상 ㄹㅇ ||| 축구 역사상 역대급 미드필더 2명이 같은 시대, 같은 국적, 같은 클럽팀에 나왔다는 것 자체가 스페인으로써는 축복중의 축복이었네 ||| 이집 영상잘하네",스포츠
OXANBsAoOdk,잉글랜드 축구를 뒤흔든 프랑스인,1분 공방,"아이콘매치 때문에 생각나서 다시 보러온 사람 개추 ||| 앙리 임대시절이랑 전성기시절 핮쳐놓은  영상기법 지렸다 ||| ""축구는 마치 아름다운 여자와 같습니다. 그녀에게 아름다움을 속삭이지 않는다면, 그녀는 자신 이 아름다운지 잊어버릴 겁니다.""   뱅옹...ㅠㅠ ||| 이분 영상을 보면 진짜 섬세하다는 느낌을 받네요. 감정선을 잘 유지하고 적절하게 폭발시키는 느낌... 이런분을 두고 천재라고 하는건가봅니다. 진짜 대박. 짧은 영상을 봤는데도 부족한 느낌이 하나도 없음. 토어스텐 프링스 부탁드려도 될까요 ㅎㅎ ||| 진짜 구너라면 뱅거 진심으로 미워하는 사람 없을거다",스포츠
ei5pH59R10Y,[2018 잠실직캠] 유격수의 기본은 '포구'  김재호의 펑고 직캠! (06.07),BEARS TV,와 진짜노스텝송구 실화가.. ||| 송구 진짜 가볍게 하는데 진짜 정확하네..ㄷㄷ 역시 기본기가 중요하네요..ㅋㅋㅋㅋ ||| 김재호 선수는 두산에 없어서는 안 될 존재! 앞으로도 좋은 모습 기대합니다❤ ||| 우리팀 최고 유격수 김ㅋㅋ!! 부상없이 올시즌 끝까지 화이팅!! ||| 두산 직캠들 보면 확실히 분위기가 좋아보임. 성적이 잘 나오니 분위기가 좋은건지 분위기가 성적을 만든건지 모르겠으나 암튼 흐뭇해보여,스포츠
qrzMnRfzAC4,첼시에서 첼시를 만든 사나이,1분 공방,"드록바 아디다스 삼성.... 이게 첼시지 ||| 벵거의 아스날과 퍼거슨의 맨유 이 양강체제를 무리뉴와 함께 깨부숴버린 위대한 선수. 빨간색인 런던을 푸른색으로  칠한 검은 예수. ||| 1:53 생중계로 봤다.. ㄹㅇ 개지림 ||| *”여러분, 단 일주일만이라도 무기를 내려놓고 전쟁을 멈춥시다.""* ||| 드록바를 모르는 애들은 그냥 ""니 얼굴 드록바"" 이러기만 했지",스포츠
GfHfuVOO37Q,멕시코전 앞두고 손흥민과 치차리토를 만난 박지성. 긴 대화가 진짜 필요없는 듯 l 후방빌드업 in 러시아 월드컵 l 슛포러브 Shoot for Love,슛포러브,"""Hey, Ji"" breaks my heart, really miss that united team ||| 손흥민이 박지성한테 안길때 진짜 서로 마음이 통한것처럼 조용했네.. 마치 손흥민이 정말 의지하고 기댈곳이 필요하다는 듯한 분위기.... ||| 1:56 쏘니 암말 없이 박지성한테 푹 기대는게 캡틴으로써 힘든 것들 어디다가 말도 못하고 꾹 참고있다가 진짜 기댈 수 있는 곳이 있어 쏟아내는 느낌 ㅠㅠ ||| 1:47 말많고 유쾌한 친구와 말없지만 따뜻한 친구 ||| 손흥민선수가 박지성선수 보고 다가 왔을때 잠깐이지만 어깨에 얼굴을 푹 묻은 모습이 정말 여러 감정이 담겨있는거 같고 혼자 얼마나 힘들었는지..보이네요 모든 짐을 지고 있는거 같아 안타깝기도 하고..",스포츠
ubVi4mqpIeA,"황의조, 정우영 골!!골!! 우루과이전 하이라이트",KBS 스포츠,황의조는 진짜 최고네..  자세가 안좋아도 슛팅까지날리네 ||| 그만큼 한국 축구가 강해졌다는 것을 증명한 경기입니다. ||| 황의조는 진짜 보물이네 슛 각이 안나오는데도 무조건 슛까지 가지고 가네 와.. ||| 황의조 시작하자마자 문전앞에서  개인기로 수비 5명 뚫으려는거 와  놀랬음 ㄷㄷ 역대급 원톱으로 간다 황의조 ||| 황희찬 잘한다 나이도 어리니 기대해볼만한듯,스포츠
3AAdMxPkFlM,The moment Andrew Robertson became a Liverpool's Favourite,Juhun Yang,"Legend said that after the match, Robbo was chasing man city bus. ||| The other Liverpool players: Gegenpressing  Andy Robertson: *GIMME THE FOOKING BALL!!!* ||| When you're in career mode and bored playing as a left back: ||| i’m a simple man, if the content’s less than a minute, i click",스포츠
GDJCoiZammQ,호날두 프리킥 베스트10 이것이 킹갓두 클라스 !!,ZAMSPORT,2:09 레전드 ||| 러시아월드컵은 진짜 소름이였지 종료직전에.. ||| 1:47 마르셀로 미리 세리머니 하는거봐랔ㅋㅋㅋ ||| 2:25공이 반바퀴도 안도네 ㄷㄷㄷ ||| 2:23 ???: 공이 안녕을 해~,스포츠
-sqtN-TvkJs,Fulham v. West Ham | PREMIER LEAGUE MATCH PREVIEW | 12/15/18 | NBC Sports,NBC Sports,COYI 🔥⚒ 3-1 ||| 4-0 ||| West Ham  will win,스포츠
WnxjO7golag,국가대표 배구 훈련 영상,koreanolympic,"폴짝폴짝 너무귀여워 ㅋㅎㅋ ||| 폴짝폴짝하는거 뭔데 귀엽냥! ||| 학교에서 배구 하는데 정말 쉽지 않다는걸 느끼면서 대단하다,존경하다라는게 떠오릅니다!!ㅠ ||| 이 누나들이 전생에 내 키를 뺏어간거다. 그렇지 않고서야 이렇게 짧을 수가 없다 ||| 멋있어요ㅜㅜㅠㅠ!!",스포츠
cOg03yvCEZQ,Belgium vs. Brazil | Highlights | Mens World Championship 2018,Titans Volleyball,"Congratulations from Belgium to Brazil! What a game! 🇧🇪🤩🇧🇷 ||| i'm so sick of hearing that ''here comes the boom'' so many times... great match by the way ||| Brasil ganhou com time reserva, vamos Brasil!! ||| Só monstrosssssss lances bem tops adorei o vídeo!! ❤✌ ||| Esse é o Brasil que sempre acompanho sempre ,bem guerreiro com viradas espetaculares🇧🇷",스포츠
FF1gvgE-e7U,Rating Solskjaer's debut | Cardiff 1-5 Man Utd | Astro SuperSport,Stadium Astro,I don't see the need for another Big Name Manager at Old Trafford. Let Ole be given enough time coz He embodies the spirit of United. Did Fergie come in big? The problem with Big Name Managers is that they won't easily fit in since they'll always clash with the United Way. So let the club give Ole all the support and let him lead. Ole is a good fit coz he'll be a Pro CLUB man rather than the big names. ||| Ole is not just a great player. he is our new manager hopefully for the next decade ...YOU  READ   IT  HERE  FIRST ||| if morinho still incharge that 1 should be 0... hahaha.. #parkthebus ||| This is cardiff and suddenly Jose Mourinho sacking justified hahaah,스포츠
fNYw_l1JN-0,Round of 16 predictions - Reem vlog | 2018 FIFA World Cup | Astro SuperSport,Stadium Astro,A very well studied prediction which put lots of so call pundits into shame..Well done..damn you're really good in your prediction. ||| Very well done Reem. So far you only got Spain wrong. Better prediction than most pundits. I'm picking the Swede over Swiss. And England gonna whack Colombia. Harry Kane is gonna win that golden boot ||| Spain clear winner?? Right... ||| 'Spain clear winners'..errr. okay... have it your way.,스포츠
IRjtuOaBLbE,2018 Winter Olympics: World unites for The Winter Olympics | NBC Sports,NBC Sports,"Odesza's music always inspires great emotion. ||| Hello from Texas, I can’t wait to spend the next few weeks watching this. I wish the world and all the countries luck! ||| Well, I'm just excited that my son is over in PyeongChang and the 2018 winter olympics happen to be taking place at the same time. This is his second year working at the foreign ski school as a snowboard instructor and was asked to stay on and help build the moguls, since his summer job is building hiking trails in some of the best mountain hiking areas in Oregon, Washington, California and Tasmania, way to go world traveler. And, yes, very excited for all the athletes competing in the Olympics, very long and hard work to get to the Olympics. ||| thought the thumbnail was a D.VA cosplay lol ||| Hello from Beijing!",스포츠
UoNfvYlMHWk,How much can Mbappe improve? | 2018 FIFA World Cup | Astro SuperSport,Stadium Astro,"Mbappe reminds me a lot more of Brazilian ""Real"" Ronaldo than Thierry Henry. Henry at the WC 1998 was not as influential as Mbappe is now. I mean Mbappe is like our MVP like Zidane was in 1998. And he is only 19 yrs old. He has also great pass abilities which Henry did not have so much in my mind... ||| Mbappe is far more technical player than Henry is more like Ronaldo the true. ||| Real Madrid should make an offer for Mbappe asap to replace Ronaldo's shoes. Real's no.7 is vacant now. ||| Who thinks mbappe and neymar can replacing both ronaldo and gareth bale? i don't think that's good idea because let them leaving the club would be good chance for barca dominate european again... ||| Mape ....",스포츠
tDerKMit7TQ,Kitson and Elliott disagree on Pochettino | Cardiff 1-5 Man Utd | Astro SuperSport,Stadium Astro,What a well spoken man,스포츠
b6LwdWvSOqg,PITCHSIDE: Van Dijk post match reaction  | Liverpool 1-0 Brighton | Astro SuperSport,Stadium Astro,"For me, VVD is the best CB in the league and is among the top 10 CB in europe alongside the likes of varane, ramos, umtiti, chiellini, bonucci, hummels, godin ||| He is humble and nice . I like when he mentioned Lovren 👏👍 ||| He is the best defender in the world ||| He talks like a leader! ||| Just hand him over the captains armband",스포츠
HUrYClvdZ-8,Comparing Kroos to Zidane and Scholes | 2018 FIFA World Cup | Astro SuperSport,Stadium Astro,"Nice assist today. ||| this is unfair for Schools and Zidane,  Kroos is no where near them ||| Zidane is the best",스포츠
cEmC5xyDdGg,이운재에게 김병지가 드리블 했을 때 어떤 생각이들었는지 물어보았닼ㅋㅋㅋ  l 스쿨어택땅 - 지구방위대FC 시즌 2 l 슛포러브 Shoot for Love,슛포러브,"둘 다 은퇴한 선수 입장에서 이운재가 장난으로라도 무슨 얘기 할 수 있을텐데, 스타일이 다르다니 기억이 안난다니하면서 집요하게 묻는  질문들 화내는척 컷트하면서 선배 자존심 지켜주려는 모습이 정말 멋지네요. ||| 와 운재형 처세술 쩌는거 보소. 웃기면서 선배 자존심도 지키려 최선을 다하고 ㅋㅋ ||| 기억안난다더니 골키퍼 누구로 바뀌로 승부차기 결과까지 생생히 기억하는 운재형 ㅋㅋㅋㅋㅋㅋ ||| 이운재 선수도 선배 기분상하지 않게 하려고 노력하고 김병지 선수도  사실 그때를 가장 뼈아파할텐데 웃으면서 받아주는 모습 훈훈하네요. 두 선수 모두 국대에서 최고의 골키퍼였던것은 팩트! ||| 선택적 기억상실 ㅋㅋㅋㅋㅋㅋㅋㅋㅋ",스포츠
UpOZlkx91Gc,France vs Argentina - Preview | 2018 FIFA World Cup | Astro SuperSport,Stadium Astro,"In the last world cup, everyone thought Belgium was too good for Argentina. So anything can happen. ||| Oh my god !!! France very fast run ...... Congratulation France !!! ||| Argentina 3:4 france ||| I am for France ||| Argentina 2-1 France",스포츠
k7NYeC0yd1w,What is Man Utd's best attacking front 3? | Sunday Night Live | Astro SuperSport,Stadium Astro,"No doubt Im gonna go for Rash at RW, Sanchez as false 9 and Martial as LW, Lukaku as substitute for RW n Lingard subs for Sanchez, we need pace, accuracy, agility, and power at d front...Lukaku got the flair but he will slow d tempo of d game I think.. my 2 cent opinion, how bout u guys? ||| doubtlessly lingard out alexis in OUR NO 9 IS RASHY NOW ||| Law, Best, Charlton. ||| Martial-Rashford-Alexis ||| First 1",스포츠
NxIJKaE0Cns,PITCHSIDE: Son post match reaction | Tottenham 3-1 Chelsea | Astro SuperSport,Stadium Astro,Complete fluke result from Spurs it's paramount importance Daniel Levy makes the war chest available this team needs vital signings ||| 3 interviewers look more excited than Sonny. Well done Son. Congrats MOTM! ||| Asian pride he is class  from a Liverpool fan ||| I am not Korean but I proud of him  He is proud of Korea and Asia 👍👍👍👍👍 Park Ji Sung and Son Heung Min are forever legend of Asia 👏👏👏👏👏 ||| 50m south Koreans are so proud of him being Korean tonite,스포츠
Y7jDK_D3vPA,Dealing with disappointment | 2018 FIFA World Cup | Astro SuperSport,Stadium Astro,why are your highlights are shorter than your talking. c'mon man,스포츠
DyP8uwlhRXw,Do records matter? | Chelsea 1-0 Liverpool | Astro SuperSport,Stadium Astro,that Alex is me ||| It is really hard to pass through the parking bas.. What a parking by Chelsea.. ||| Where are you tonight salah ? In rudiger pocket right ? Hahahahaha ||| baik chelsea ||| Hahahahah liverpool will never win the league ever again,스포츠
FDJN1UPfyI4,이승준 TOP 10 덩크 명장면 모음,스포츠영상,이승준 이동준은 깔수가없지 이민간 혼혈2세대인데 국내농구 사정이 구려서 역으로 들어와서 한국좋다고 한국어배우고 오히려 미국국적포기하고 귀화한 사람들임. 받은게 많다고 국내농구리그뛰면서도 열심히했고 은퇴하고도 한국국적가지고 한국에서 살아가는사람들이고 한국말배우면서 친척들과 친해졌다고 좋아하는 사람들임 욕하지마라 진짜 ||| 1:41 와 nba 클라스 덩크 ㄷㄷㄷ ||| 존잘에 실력에 국대에서 더 잘하는 애국심까지 이승준은 레전드다 ||| 3:13.이건.진짜NBA수준이다 ㅋㅋㅋㅋ ||| 2:30 쿨하게 백코트 하는 마무리까지 간지다,스포츠
zayzZ_6YdrE,국가대표 주전 센터백 김민재 클.라.스 (feat. 말컹),SPOTV 오리지널,지금와서 다시보니까 이때부터 나폴리에서 하던거 그냥 다 했네 ㅋㅋ 축구는 잘하는놈이 잘한다~ ||| 와 거의뭐 차단막이네.. 커트 개잘한다.. ||| 근데 진짜 이번 월드컵때는 키크고 빠른센터백이 진짜 필요한데 김민재가 딱인데 너무아쉬움 ||| 민재 특 : 피지컬로 축구하는데...  개인기도 잘함. ||| 아니 이게 어떻게 한경기에서 이렇게 많이 다 막아내지? 굉장하다 진짜 완전 김민재가 말컹삭제시켰네,스포츠
hdWkP3opfvA,Semi final predictions - Reem vlog | 2018 FIFA World Cup | Astro SuperSport,Stadium Astro,"I love u reem ||| France 3-0 Belgium England 2-1 Crotia ||| France vs England 2-0 ||| Reem,  My wish for the semifinals is both France & England advance through to the finals. Both matches ended 1 goal margin between each opponents. ||| It's coming home......... football's coming home",스포츠
6PbfA4z4Ego,그라운드 위의 모차르트,1분 공방,자막 미쳤다...마지막까지 지켜낸 그들의 철학...지렸다 ||| 학생시절 앙리에 반해 팬질시작해서 로시츠키로 마무리.. 유럽여행가서 프라하 갈생각 없었는데 로시츠키 보려고 프라하까지 달려가서 인사했을 때 그 떨림은 아직도 잊을 수 없다.. 코치로 돌아와주세요 ㅠㅜ ||| 0:34 등지는 플레이 지린다.. ||| 진짜 나올때만큼은 밥값해주던 선수 ||| 1:18 그와중에 막은거 실화 ㄷㄷㄷ,스포츠
fAiuLJaYm7k,석꾸vs말왕 롱킥 대결 (역시 힘이 ㄷㄷ),석꾸축꾸,"안녕하세요, 정말 재미있게 영상 찍었습니다. 좋은 시간 주시고 밥도 사 주신 석꾸님 승승장구 하시고,  석꾸축꾸 사랑해 주세요~ ||| 5:21 ←이거 연타하면 웃김ㅋ ||| 5:21 0.25배속 ||| 5:21ㅋㅋㅋㅋㅋㅋㅋㅋㅋㅋ연타 ||| 3:28초에 말왕님 무표정으로 웃는거 겁나웃김ㅋㅋ",스포츠
_OFtLdfgaaw,Tour de France 2018: Ever wonder what's on a Tour de France team bus? I NBC Sports,NBC Sports,"Turn the music OFF!!! ||| Well, I could hear nothing about team buses, but the music was perky! ||| « 9 riders » ol’ Jens stuck in the good ol’ days ||| I don't think the music is loud enough ||| That's so cool!!!!!",스포츠
VgzE042BMC4,[쇼미더스포츠] 농구 경기에서 3점슛 성공률의 비밀 | 뉴스A,채널A News,다른 스킬은 재능이 많이 중요하지만 적어도 3점슛은 오로지 연습과 감으로 가능하죠 ||| ㅇㅇ 3점슛은 각도고 나발이고 경험과 감이 주요 ||| 키크면 3점 슛이 유리하다고 하는데 우리 승진이 형은...ㅠ ||| 너무 놀라운 비밀이네요. 우리 농구동호회 팀원들에게도 알려야겠어요.  얘들아 내가 비밀하나 알려줄게. 농구는 키가 클수록 유리한스포츠래. 몰랐지?  퍽! 퍽! 퍽! ||| 슛은 타고난 슈팅감이 가장 중요하고 그다음 노력 연습 경험...NBA든 KBL이든 슛팅연습 3점슛연습 자유투연습 아무리해도 실력 안느는 선수들 허다함...,스포츠
Ej8COB7HMl8,이스포츠 명예의전당 홍보영상,kp커뮤니케이션,,스포츠
UdRYaequijk,SBS [e스포츠매거진GG] - 18년 12월 2일(일) 예고 / 'esportsmagazineGG' Preview,SBS ,숙가❤️ ||| sbs에서 e스포츠 소식도 전해주넵,스포츠
zMTQ5ODl6eY,NBA는 왜 E-스포츠 리그를 만들었을까?,SPORTELLER 스포텔러,고퀄 굿 ||| 나이쓰 ||| 2:00,스포츠
6h4ToDbuEjo,SBS스포츠뉴스,김진우,SBS 스포츠뉴스 Created By  NEAL SCANIAN ||| 옛날에스비에스폐국해주세요,스포츠
UGDzR73r4e4,1회 스포츠조선배 농구대회 4강1 아울스 vs 업템포 1Q,[BDR]동아리농구방,,스포츠
CnsFBucFU1s,SBS스포츠뉴스,김진우,♥️ ||| 죽착!죽죽착!! ||| magnificent ||| 서울방송 ||| 이야 그래도 저때는 종목별로 골고루 오프닝때 등장했네.지금은 농구가 인기없으니깐 등장자체에서 빼버리드만ㅡㅡ 헤드라인뉴스에서도 농구결승하면 상식적으로 원톱이 되야 맞는거지 뭔 야구선수fa가 먼저나오고 3~4번째로 나오는뿐만 아니라 단신처리질임ㅡㅡ,스포츠
amdld07Y56M,1회 스포츠조선배 농구대회 결승 아울스 vs 스피드 3Q 1,[BDR]동아리농구방,,스포츠
KtcEW2CydZU,세상 멋진 앵클브레이크,Joon,저게 가능한거였군,스포츠
IRVpjWTPuPA,2018 서울시 학교스포츠클럽리그 농구 남고부 결승 구일고 vs 중앙고 1Q 1,농구인생 게임저장소,4:05 13번 저걸 안불어? ||| 이게결승?ㄷㄷ ||| 점수가 드럽게 안나네 우리지역 중학생들보다 못하는거같다,스포츠
mMMs20kcgtY,2018 학교스포츠클럽리그  남고부 MVP 구일고등학교 조형진 Interview!!,매거진농구인생,너무 잘생겼다 ||| 후배에게 공을 돌리는 게 멋집니다! ||| 전국에서 봅시다 ㅎㅎ ||| 잘생겼따 ||| 화이팅,스포츠
ooPr60ukshU,2018 크리에이터 e스포츠 게임대회,마인드힐링,광고만 하시려고 어느 단체에서 계정판건가요? ||| 띠용? ||| 형동씨 돈많으신가봐요 광고도 하시고.. ||| 이거 어디에서 하는거에요? ||| 모배대,스포츠
cZP77pQrNwk,엥조이 자카르타- e스포츠 금따러 왔다,KBS 스포츠,시범 종목으로 한번 간을 봤는데 돈이 되고 부정적인 반응이 적으면 결국 정식종목이 되겠지  지난해 롤드컵 누적시청자는 8000만을 넘겼고 잘하는 선수는 수십억 연봉을 받으니 규모와 인기로 따지면 정식종목이 될 가능성이 충분함  다만 e스포츠는 게임사의 소유인데다 전 연령이 쉽게 보기엔 어려운게 문제 ||| 따러가는게 아니라 예약주문한거 받으러가는거 ||| KBS.국영방송에 롤 이등장 하다니 청년층 입장으로써는 정말 시대가 바뀐거 같음 하지만 기성세대들에 게임에대한 부정적 시선과 그들을 이해시켜야 할 숙제는 E스포츠가 해야할 가장큰 숙제임 ||| 국대 화이팅!! ||| 요즘 skt 떨어져거 롤도 안 하고 경기도 안 보지만 국대 중국 경기는 꼭 본다 페이커 화이팅!!!,스포츠
vO-hbQdNAGA,2018 에어스포츠 - 중등부 결승,HandsON핸즈온테크놀러지,,스포츠
Q_p6SH-hIr8,SBS [2018아시안게임 특집 다큐 - 우리는 e스포츠 국가대표입니다] - 9월 11일(화) 밤 1시,SBS ,고생했어요 다들 ||| Peanut cute ||| 파이팅! ||| 💙💗💙💗💙💗💙 ||| When can we see the full version?,스포츠
0OQ0HezSc3o,lg  sakers  선수들 연습,솜사탕,멋있어! ||| 😀 ||| 무관중?,스포츠
Uak1XxkLc_g,추억의 SBS 일요스포츠 NBA농구,데보네아,이런거 정말 너무 감사함 ㅜ ||| NBA는이때가최고 ||| 동영상 더 올려주세요 그립네요 그때가  Sbs에서 방영햇엇던 nba농구! ^^ ||| 저 당시 NBA 동부컨퍼런스 '남동지구' 소속 '애틀란타 호크스' 팀의 2번 '스테시 오그몽(스테이시 오그먼)' 선수는 올 시즌 한국 남자프로농구(KBL) 전주 KCC 팀 감독이자 역사상 두번째 외국인 감독님으로 계시더군요. ||| 이때 농구가 훨씬더 재미있음!! 지금 농구는 그냥 스코어링 게임일뿐....,스포츠
Rb3WWZslPtk,[대전MBC뉴스]스포츠투데이 0417,대전MBC 뉴스/Daejeon MBC News,,스포츠
69PVmSKPuJI,[대전MBC뉴스]스포츠투데이,대전MBC 뉴스/Daejeon MBC News,,스포츠
gCJzNOOtrEI,HL 2018 서울시 학교스포츠클럽리그 농구 여고부 결승 등촌고 vs 상암고,농구인생 게임저장소,"와 상암은 10, 11, 13번 선수가 정말 잘하네요... 특히 13번 선수는 등번호 때문에 폴조지 생각났는데 플레이도 길쭉길쭉하고 빠르고 영리한게 정말 여자폴조지 느낌이 나네요 ㅎㅎ ||| 13번 승아양과 10번 은재양은 클럽 레벨에서는 막을 수 없을듯 ||| 검은색 10번 13번 분은 경기 수준이 장난아니네요.... 특히 10번분 리딩능력이.. ㄷ ㄷ ||| 상암고 11번 선수 박스아웃에서부터 이미 상당한 실력이 느껴집니다. 최고! ||| 검은색 13번이 패싱하고 기본기가 진짜 좋네",스포츠
C8DxpVvGKsY,[대전MBC뉴스]스포츠투데이 0703,대전MBC 뉴스/Daejeon MBC News,,스포츠
lxvzuOAyjx8,"[스포츠 빅데이터①] 메이저리그, 빅데이터로 싸운다 | 뉴스A",채널A News,커쇼 맥이는 영상인가..,스포츠
29FiFN3PbyQ,[대전MBC뉴스]스포츠투데이,대전MBC 뉴스/Daejeon MBC News,,스포츠
uexLVpCFcQ0,[대전MBC뉴스]스포츠투데이,대전MBC 뉴스/Daejeon MBC News,,스포츠
I4nEsbWt9uk,[대전MBC뉴스]스포츠투데이,대전MBC 뉴스/Daejeon MBC News,,스포츠
c16bBzL0fmI,[대전MBC뉴스]스포츠투데이,대전MBC 뉴스/Daejeon MBC News,,스포츠
o_jOlhzAKj4,[대전MBC뉴스]스포츠투데이 0807,대전MBC 뉴스/Daejeon MBC News,,스포츠
atbKg6eSOck,[불꽃로드 시즌3] e스포츠 미국 편,한화TV (Hanwha TV),굿잡^^,스포츠
G3CCsNAZgdc,"2108 e스포츠 국가대표팀, 유니폼 소개영상",코리아켈미,,스포츠
ivnHp9bGPBY,[대전MBC뉴스]스포츠투데이 0724,대전MBC 뉴스/Daejeon MBC News,,스포츠
-WF5D0b-TWI,스포츠7330 다이어리 - 풋살 배워보기,koreanolympic,,스포츠
CvB5iJtd6go,독일 축구 비벼버린 조현우 선방쇼 (ft. 독일팬 리얼 반응) /  Cho Hyun-Woo's Mastermind Goalkeeping against Germany,스브스뉴스 SUBUSUNEWS,솔직히 이건 진짜 조현우 팔순잔치 때도 일가친척 동네사람들 다 모아놓고 초대형 스크린으로 보여주면서 자랑해도 된다... ||| 농담이 아니라 조현우 아니였으면  최소 8:0으로 발렸을듯;;  다시봐도 미친놈수준임 ||| 골키퍼 이렇게 잘 하는 건 처음 봄ㅋㅋㅋㄲㅋㅋㅋㅋ실력으로 띄워주는 건 거의 공격수인데 이건 넘길 수 없는 겨 ||| 그는 6년 후 다시 한번 대한민국을 구하는데.. ||| 독일이 못한게 아니다 조현우가 너무잘한것이다;;,스포츠
q5iE3FctgoU,축구혼자연습하기,다일퍼니처,,스포츠
EF665cE593o,스포츠분석 무료픽방 스포츠토토 분석 가족방 축구 야구 농구 배구 안전한사이트 인증업체 검증업체,가족방 안내스포츠,스포츠 무료분석픽 안내 카카오톡 DOM77,스포츠
VQUm9xTQZFc,소윤욱 드리블연습,소재민,,스포츠
WwK4ShCrWNI,"전문 스포츠분석 가족방 (농구,축구,야구)",Robert Smith,,스포츠
5OjS64ytPWc,대구BYW축구클럽 대구중등부 축구선수 개인레슨 7회차,울트라맨이야,,스포츠
y4lWjURvU0Y,이상유 축구슛팅,이주호,,스포츠
0TSWyOxnvJk,NBA 하이라이트 TOP10!! 스포츠 분석!!!,Robert Smith,,스포츠
RRZwvoMLvuY,스포츠분석 무료픽방 스포츠토토 분석 가족방,가족방 안내스포츠,스포츠 무료분석픽 안내 카카오톡 DOM77,스포츠
xBP1DIULUL4,캡틴이하민 대구FC 축구이벤트 잘하넹,이재준,,스포츠
brVy2GYD-i4,아라스포츠 축구 슈팅 리바운드 넷,arasport arasport,,스포츠
mowbwRL4Ag8,김동규의 '뻔'한 트레이닝 Ep1,빅코치,,스포츠
cqwQABcgZ2c,스포츠 분석의 모든것. 투자가치,문실장,"★해외스포츠분석★ 모든 이들의  현명한 판단을 도와주는 픽.스.터 ▶문실장◀ 해외야구,미국메이저리그,일본야구,NBA 카톡27AV 언제든,어디서든  24시간 가입문의 상담가능 지금 문의 바랍니다.",스포츠
WgCzCPWaZwE,유아슛팅,NURI NA,,스포츠
1wEUblU8P9I,강북주니어축구클럽 대표팀 훈련.,강북주니어축구클럽,,스포츠
kMd99cWHMiQ,익산원스포츠 축구교실 초등부,고차원,,스포츠
xdPucqP9CqQ,스포츠분석 무료픽방 스포츠토토 분석 가족방 축구 야구 농구 배구,가족방 안내스포츠,스포츠 무료분석픽 안내 카카오톡 DOM77,스포츠
8uBFGEUWgmk,축구신동 김강민,Daewan “라이더킹” Kim,,스포츠
-wFaGEA-hoo,라이브스코어 인공지능 빅데이터 실시간 스포츠분석 livescore 2018년 11월 25일 축구 스포츠 승리팀 승부예측[네이버에서 따고요],빅데이터 스포츠분석라이브스코어,,스포츠
vayUnWZV550,익산축구교실 원스포츠클럽,고차원,,스포츠
kn43kbVmUws,희망 축구 동영상,이면진,,스포츠
sqSProSCqIk,17년 축구교실 진우 패널티킥,진우지우,,스포츠
Xpvmqg2qxVA,11월 14일 강북주니어축구클럽,강북주니어축구클럽,강북은 축구 잘하네,스포츠
cuDLDzk7d8s,2018 전지훈련 스케치,수원삼성 블루윙즈TV,지금은2025인데 데얀이 울 팀이었군요 ||| 내일이다 ||| 아가고싶다. ||| ❤ ||| ㅠㅠ 이틀 남았졍... 플옵이길꺼죠 히히 데얀 해트트릭으로 승리!+🔵⚪🔴,스포츠
OC9F0HAR0_0,축구로 하나된 남북 청소년(제5회 아리스포츠컵 국제 유소년  축구대회),강원일보,인터뷰 잘하네~ ||| 나 요기감,스포츠
VZ-Ut6g0QTs,오각패스 미션 수행하기,"태성쌤의 체육수업, 농구수업",,스포츠
lm-sk4_wiGU,축구는 결국 독일이 우승하는 스포츠? 독일 완전 분석 [히스토리 오브 풋볼],히스토리,"내가볼때 이번엔 프랑스다 ||| 2주뒤에 왔습니다 역사 갱신해야겠내요 ||| 우리가 저런팀을 2:0으로 이기다니... ||| 어쩌고 저쩌고 해도 월드컵, 유로 등 메이저 대회에서 독일이 보여준 성과는 세계 탑 클래스임에 틀림없음. ||| ㅋㅋ 모 공익광고에서 독일에 인생배팅하신 타짜 아버지는 사실 축구의 전문가였던것ㅋㅋ",스포츠
JLmCKtXlGng,스포츠7330 다이어리 - 풋살 동호회 현장,koreanolympic,,스포츠
bqB_qK578-I,라이브스코어 인공지능 빅데이터 실시간 스포츠분석 livescore 2018년 11월 16일 야구 스포츠 승리팀 승부예측[네이버에서 따고요],빅데이터 스포츠분석라이브스코어,,스포츠
YhFDe9-T1yg,라이브스코어 인공지능 빅데이터 실시간 스포츠분석 livescore 2018년 12월 5일 축구 스포츠 승리팀 승부예측[네이버에서 따고요],빅데이터 스포츠분석라이브스코어,,스포츠
i_GjLsY4f4o,라이브스코어 인공지능 빅데이터 실시간 스포츠분석 livescore 2018년 11월 28일 농구 스포츠 승리팀 승부예측[네이버에서 따고요],빅데이터 스포츠분석라이브스코어,,스포츠
1TPMdhbJ3ho,[라이브스코어 인공지능 빅데이터 실시간 스포츠분석 livescore]2018년 11월 8일 농구 스포츠 승리팀 승부예측[네이버에서 따고요],빅데이터 스포츠분석라이브스코어,,스포츠
j7G34VZvrCY,김민우 공중볼 발등컨트롤 & 라보나,김효성,아빠 맞출라고 ㅋ,스포츠
SZmy8niV3TM,라이브스코어 인공지능 빅데이터 실시간 스포츠분석 livescore 2018년 11월 26일 야구 스포츠 승리팀 승부예측[네이버에서 따고요],빅데이터 스포츠분석라이브스코어,,스포츠
zLO5YvXRkVg,호치민 한베연예인축구대회,KoenHee Kim,,스포츠
eWlsF2jnH0U,[라이브스코어 인공지능 빅데이터 실시간 스포츠분석 livescore]2018년 11월 4일 농구 스포츠 승리팀 승부예측[네이버에서 따고요],빅데이터 스포츠분석라이브스코어,,스포츠
f92nqw2uync,라이브스코어 인공지능 빅데이터 실시간 스포츠분석 livescore 2018년 11월 14일 하키 스포츠 승리팀 승부예측[네이버에서 따고요],빅데이터 스포츠분석라이브스코어,,스포츠
hIhlOBl1mcQ,[라이브스코어 스포츠분석 livescore]2018년 10월 25일 야구 스포츠 승리팀 승부예측[네이버에서 따고요],빅데이터 스포츠분석라이브스코어,,스포츠
RKJQA87i-c8,정수근의 야구놀이터 ~♡ 송파구 석촌동24~11 지하101호 )02~417~7179,정수근,정수근인줄 알았다 ㄷㄷㄷㄷ 폼도 현역시절 정수근이랑 똑같네 ㅋㅋㅋㅋㅋㅋ ||| 맥주병으로 쳐야져 ||| 야구공은 맥주병으로 후들겨 까야 재맛이지...여자좋아하고 슬 좋아하고 담배피고...ㅋㅋㅋ..그것도 잠실야구장앞에서.. ||| 야구선수 아들도 있는분이....왜 맥주병으로 사람을 패세요.. ||| 이번에 학교가겟다형 우짜노,스포츠
Aksv8byCcco,[B-CUT] 신인드래프트 2차 1라운드 kt wiz의 선택은 이대은!,kt wiz - 위즈TV,"제복까지 입으니까 미쳤네.. ||| 제일 후회되는 선택 .. ||| 근데 진짜 최강야구에서 ㅈㄴ 열심히 던지는거보면 kt팬들 천불나겠다 ㅋㅋㅋㅋ ||| 와 진짜 대박 잘생겼다 ||| 와 진짜 이대은밖에 안보임,,",스포츠
BDX5b8nhhlc,베이징올림픽 야구,송진순,"당시엔 고화질 영상이었는데  풍화된거 보소 ㅋㅋㅋ 얼마나 퍼다 나른거냐  물론 나도 또 보러왔어요 ||| 진짜 베이징야구 대표팀같은 팀은 절대 나올수 없는 레전드같다..볼때마다 가슴 찡합니다 ||| 다시 한번 이런 야구 보는게 소원이다.... 다시봐도 진짜 대박이네 ||| 정말 모든 면에서 퍼펙트한 전설적인 경기,  선수들이였음! ||| 진짜 이거  초딩때 맨날 티비에서 하는 재방송 봤는데... 봐도봐도 다시보고... 감동 그자체였음... 어린나이였어도",스포츠
r7uzmlOec6Q,평창 동계올림픽 쇼트트랙 여자 3000m 계주 준결승 넘어지고도 올림픽 신기록!!,스포츠 하이라이트,"넘어지고도 1위하고  신기록의 진짜 경이 롭다 ||| 다시 봐도 소름돋는다 ||| This is the best match video ever in South Korea 🇰🇷   대한민국의  최고의 영상이다  ❤️🇰🇷 ||| 관련 영상 중에서 선수 순서 올려주면서 차분한 해설, 제일 좋은 영상이네요 ||| 언제적 경기인데 볼 때마다 감동이네",스포츠
kKnPVryyAbg,한국 최고 야구샵에서 제일 비싼 글러브 BEST 5를 알아보자,프로동네야구 PDB,ㅋㅋ 톰톰이 비싼 글러브 만질때마다 사장님 포정 점점 어두워짐 ㅋㅋㅋㅋㅋㅋ ||| 3:27 엌ㅋㅋㅋㅋㅋ ||| 앗 드뎌 올라왔네요^^ 촬영날 매장에서 인사드렸던ㅎㅎ4년차 항상 잘보고있습니다 ^^ ||| 이 컨텐츠 재밋어요~~~~ ||| 가격도 관심사겠지만 개인적으로 가장 많이팔리는 5개도 괜찮다고 생각하네요,스포츠
y8H1OJI0i1Q,아카데미과학 마구야구왕KR,"아카데미과학 Academy Plastic Model Co., Ltd.",나도 어렸을때 저런거 있었는데  ㅋㅋ,스포츠
4ryxIYjWiCI,⚾️ KBO 심판학교 콜업테스트 ; Hoonpire(일반6기/전문9기),Dr. Kim,,스포츠
Zijceuj1UxA,사회인 야구 김동주 배트 시타,코드몽키,,스포츠
deYGG7Hetq4,글러브 천국을 찾았습니다..야구용품 유토피아 일본 야구 용품점,썩코치의 야구쑈,"큐지선생님 가게 주소입니다! メイプルビル芝田 일본 〒530-0012 Ōsaka-fu, Ōsaka-shi, Kita-ku, Shibata, 2 Chome−3−23 구글맵에 치시면 나옵니다! 자세한 내용은 큐지선생님 한국어 홈페이지 http://kr.kyujisensei.com/index.html 에서 확인하세요! ||| 썩코치♥ 썩코치님 정말 착하시네요 썩천사♥ ||| 0:59 자막켜보셈ㅋㅋㅋㅋ ||| 일본가면 부러운것이 야구용품 전문점 밀리터리 프라모델 전문점이 동네마다 있다는거지...!  구매하지는 않아도 구경만 하고 와도 재밌지.... ||| 썩코치님 감사합니다~~~~~~~~~~~~~~~~  잘 쓸게용",스포츠
eHcSnNfBTks,한국야구 100년 역사상 가장 충격적인 경기 : 2006 WBC 한국 vs 미국 The most shocking baseball game  2006 WBC KOREA vs USA,무녕,"https://naver.me/FzmFpgwV 91.9 MBC FM4U GOT7 영재의 친한친구 https://youtu.be/oiyvAxMTxDE ||| 지금 다시하면 개털릴거라고? 당연히 개털리지 그런데 백번을지던 천번을지던 저때 이긴건 절대 안변함 ||| 어떻게 이긴건지 진짜 당시에도 상당히 쇼킹했음...뭐 계속 이기고 또 이기고 장난 아녔음 ㅋㅋㅋ 심지어 당시 대회 중에는 군면제 걸리지도 않아서 군버프도 없었는데 투지가 아주 그냥 요새 선수들과는 차원이 다름...ㄷㄷㄷ ||| 야구 역사상 개인적으로 최고로 뽑는 순간ㅠㅠ 베이징금메달보다 06년 wbc가 정말 소중하고 너무  기억에 남는다. ||| 이때 한국야구는 낭만, 실력, 투지 모두 갖췄었음",스포츠
0XCEZOygklI,사회인야구 청도 야간1부경기,우종국,"첫 공보고 나도 모르게  우와! 소리 나오네ㅋ ||| 참고로 타석에 서 계신분 삼성라이온즈, 전 투수이신 이우선 선수입니다 ||| 타자 스파이크가 에어조던11임 ㅎㄷㄷ ||| 청도 소방서 옆에 있는거긴가 ||| 여기 운문댐근처인거 같은데..맨날 그근터 계곡으로 휴가가서..운문댐근처맞나요?",스포츠
uSVw5kz2KMk,2018 프로야구 몸개그 총정리 (웃음 지뢰 주의),SPOTV 오리지널,확실한건 자막 제정신으로 만든건 아닌것같다 ㅋㅋㅋㅋㅋㅋㅋㅋ ||| 와 진짜 개잘만들었다 1초도 안지루하네 ||| ㅋㅋㅋㅋ 김현수 저거 방망이 저렇게 됬을때 직관 갔는데 ㅋㅋㅋㅋ ㄹㅇ 해설 없으니 뭔일인가 했다 ㅋㅋㅋㅋㅋ ||| ㅋㅋㅋㅋㅋㅋㅋㅋㅋ와 편집 대단하세요 어떻게 이런퀄리티가 나올수가있지.. 스포티비 편집이랑은 또다른 빠져드는느낌 ... 정말 재밌게 봤어요  롯칼코마니....ㅋㅋㅋㅋㅋㅋㅋㅋㅋ ||| 야구도 안보는데.. 이 분 편집 매력에 빠진다..,스포츠
tzY1Jo4kMj8,한국 최고 야구샵에서 '제일 싼' 글러브 best 5를 알아보자,프로동네야구 PDB,"야구샵 탐방 인기있어서 놀랐어요 @,@! 아이디어 주시면 다른 매장도 탐험해 볼게요! 항상 시청해주셔서 감사합니다. 싸랑합니다! ||| 저도 이거보고 직접 가서 인코자바 글러브 샀어욬ㅋㅋ ||| 장비 영상 만큼 잼난게 또 없죠 ㅋㅋㅋ  잘봤습니다 ||| 또 이런 컨텐츠 진행하시면 정말 좋을 거 같아요 톰톰님 ||| 오~ 좋은 정보 감사하고 잘 봤어요.^^",스포츠
Oy9q6FncUHk,[아저씨 야구해요?]  동계준비엔 대성스포츠로 GOGO!!,아저씨야구해요,"구나리 대표님이 박사장님 보고 ""추운데 반팔을 입고 오시면 어떻해요!"" 해놓고 구나리 대표님도 거의 반팔 이다 ㅋㅋ ||| ㅋㅋㅋㅋㅋ 두분이 박사장님 감시하러 따라온 따님들 인줄 ㅋㅋㅋㅋ ||| 엊그제 다녀왔는데 75만짜리 하가가 자길 데려가라고 하는거 겨우 참고 왔어요 ㅋ ||| 회사에 박사장님 혼자 지하철 타고 돌아왔다는 썰이..... ||| 다행인지 불행인지  미즈노 프로는 제사이즈가 없어서 ㅋㅋㅋ   진짜  역시 간지는 미즈노 프로죠.",스포츠
O2wUqlfvIas,프로야구선수의 글러브를 내가 디자인 한다고?,ZETT Korea,첫 구독자에요,스포츠
5N42Kg6V8JA,북한 쇼트트랙 정광범,갸뽕라이프,아니.. 어쩌다 저 조합이 나온거여..! 완전 레전드네 ㅋㅋㅋ ||| ㅋㅋㅋㅋㅋㅋㅋㅋㅋㅋㅋㅋㅋ 저정도면 우리편 스파이 아니냐 ㅋㅋㅋㅋㅋㅋㅋㅋ ||| 아무 생각없이 보다가 빵 터짐. 눈물 나고 배아파요 ||| 라인업 역대급이긴하다 ㅋㅋㅋㅋㅋㅋ ||| 편집이 이래서 그렇지... 너무 아찔한 순간 ㅠㅠ 쇼트트랙 볼따마다 저런 장면 나오면 아찔함... 스케이트 날에 사람들 다칠까봐 걱정됨.. 근데 또 경기는 재밌...,스포츠
5ali9Qg427k,[아저씨 야구해요?] 땀과 흙 그리고...당신의 열정이 묻은 야구용품 관리법,아저씨야구해요,오호오  햄찌님 진짜 이쁘새요!!!! 김사장님도 자아주 나와주새요!!!!!  글러브 관리는 한번 해보겠습니다아 ||| 아저씨야구해요 오랫만이네요 후훗 옛날꺼만 보고있었거든요~~^^ 1년전꺼만 골라서 봤습니다. ㅎㅎ ㅋㅋ ||| 11:54 많이넣을 필요없다면서 쏟아버리는거 실화? ||| 잘봤습니다 ||| 오호라..,스포츠
lX_GYyF9xDI,java project 숫자야구 실행 동영상,전지윤,소스 공유가능한가요?,스포츠
FI_VydRIfQA,야구왕 안제현 #잠실 #야구교실 #투수썩코치 #청백전 #3루타,제현&도현파파,,스포츠
9sSGroyMpmI,프로골프선수 스크린야구 도전,김남호,확실히 골프하셔서 그런가 스윙 임팩트가 살아있네 ||| 와 개잘하시네ㄷㄷ 조그만공만 치시다가 몇배되는공 치니까 큐트하실듯ㅋㅋㅋ ||| 어우 잘치시네요 ㅎㅎ ||| 처음: 아~ 인간미 인간미~~ 바로 성공하면 유튭각 안나와! 끝: (쉬벌 못쳤으면 ㅈ될뻔했네) 후.. 야구도 간단하게 대충 이정도? 후훗😏 ||| 히트할때 임팩트 쏴라있네~~,스포츠
WM7yYdNZou8,kt위즈파크 야구 경기 직관,choongryeol lee,,스포츠
m965LvgTHaY,정수근의 야구놀이터 ~♡ 송파구 석촌동24~11 지하101호 )02~417~7179,정수근,,스포츠
ZirOgvJmyno,글러브 보정,드립낄로,dp 모델 아닌가용,스포츠
9pFZP2C8A98,[야구월드] 송광민 曰 이게 글러브지 (feat. 프로선수길들이기),야구월드,"2019년 송광민선수 대박내실겁니다 모두다 소리질러응원해주십시오  야롤롤로~~~ ||| 글러브 생방송때 알려주셨던 글러브네  멋있다.송광민선수 내년에 3할에 20홈런 기대합니다. ||| 와 자연스럽게 선수등장에 선수 섭외같으면서도 동시에 홍보까지! ||| 박대표님 감기 걸리신것 같은데 빨리나으시고,앞으로도 야구월드 화이팅! ||| 송광민선수 팬인데 넘잘생기셨어요!!fa대박을 기원합니다",스포츠
rtZj1gF1oBI,[아저씨 야구해요?] 글러브 끝판왕! Mizuno Pro BSS....지렸죠....?(feat. 대성스포츠),아저씨야구해요,"미리 찍어논 영상이 얼마나 많길래 아직도 영상 속 햄찌님은 긴머리네요 ㅎㅎㅎㅎㅎㅎ ||| 영상에 소개된 글러브와 미즈노프로 오더 플렉시킵 외야 글러브 실사용 비교를 해보자면 ""미즈노프로 개인오더""의 경우 내가 만들고 싶은 디자인과 자수등 조금더 개인적 취향을 위한 만족감을 추구하기 위해서 조금더 비싼 금액을 지불해서 만족도를 높일수 있다고 보시면 되고 글러브 자체 성능은 어느 누가 더욱 좋다고 판별할수 없다고 판단 했습니다. 오더보다는 저렴하면서 품질에서 매우 높은 만족도를 보여 주는 BSS글러브 입니다. ||| 다시돌아온 대성스포츠와 다시돌아온 미즈노 프로 ||| 멋있네요! ||| 좋은 글럽 소개 잘봤습니다. 근데  두분다 피곤해 보이세요..ㅡㅡ 쉬엄쉬엄 하세요..",스포츠
6zMec2_xv0w,한국 최대 야구샵에서 '가성비 갑' 글러브 BEST 7을 알아보자,프로동네야구 PDB,핫한 글러브 구매할 수 있는 야용사♡ http://www.yayongsa.co.kr/mall/index.php  SPS코리아 x PDB 글러브 콜라보 http://smartstore.naver.com/pdb/products/3844964286  오늘도 즐거운 야구생활 되세용 ^0^~ ||| 6:13 1위 ||| 톰톰님 엄청 웃긴 분 ㅋㅋ 항상 재밌게 시청하고 있어요!! ㅎㅎ ||| 다음은 겐코볼나눔 가즈아! 가성비 만점 pdb ||| 아주좋아여~ 항상 좋은리뷰 감사합니다!,스포츠
7sq1co095vA,도미노피자기 리틀야구 대회 서울동작구 33번 강민구 2런 홈런 영상,강민구,와 ||| 왼,스포츠
jhIqvVqMLIo,[야구월드] HOT해 하태! 남자의색 핑크 !! 아스터글러브 길들이기!,야구월드,채널 알은지 얼마 안되서 지금 다 보고 있는데 영상의 글러브 뿐만 아니라 옆에 있는 김광현 선수 글러브 너무 탐나고 멋있네요 제가 김광현 선수 광팬이여서요... ||| 화이팅! ||| 야구월드 홧팅 ||| 역시 상남자는 핑크글러브죠 ||| 오 야구월드도 유튜브가있네요 잘하세요~,스포츠
wqs4FLOtFH4,프로야구선수들을 위한 통합 트레이닝 - 더원운동과학센터,스포츠 의학 전문 /더원운동과학센터,머하냐,스포츠
Kz5e3on1I9c,놀이터 야구,바른자세로,,스포츠
z0eitKixn5g,알고보니 우리아버진 레젼드 야구선수  장효조vs장정호ㄷㄷ,네살차이,아드님이세요 .  반갑네요. 야구  좋아했던  대구사람이라  기억합니다. 저보다는 한참   위지만  74년도 경북고 장정호  이기호(  한양대)  김대진 정진호(연세대) 유명했어요. 제 기억에 74년 대통령배대회때  대구상고를 13대 4로  이겨 경북고 우승했어요.  대학1학년때는 주전이 되기는 어려웠어요. 외야 4학년 정현발 3학년 김유동  동급생 장효조가 있었거든요. 아마 아버지께서 삼성 프로에 오시지않은건  삼성외야에  자리가 없어요.  한날  우연히   상업은행에서 포수하는거 봤어요. 기억나는대로 적어봤어요.  반가왔습니다. ||| 크흐!! 감동의 부자!! ||| 장정호선수는  경북고4번이었죠,스포츠
PJR-2jo4aJo,야구용품 드립니다 다 가져가주세요..,썩코치의 야구쑈,"5만명 축하한다 ㅎ 가성 썩코치 ㅎ자주들려주삼ㅋ ||| **구독자 5만명 이벤트 당첨자 공개합니다** (1) 빨강 자낙스 글러브: 민수김 (2) 검정 자낙스 글러브: 개굴린자 (3) 검정 미즈노 트레이닝복: 앙보겸띠 (4) 네이비 미즈노 트레이닝복: 머스트 mu_st 축하드립니다! 상품 수령 안내메일 드렸습니다. ***참여해주신 모든 분들께 감사드립니다! 항상 즐겁게 야구하세요! 썩코~~치~~!! ||| 이제 곧 수능치는 고등학생입니다. 야구를 정말 사랑해서 수능이 얼마 남지 않은 날에도 한국시리즈 결승전 직관도 가고 유투브로 고교대회 라이브도 찾아보는 학생입니다. 최저 꼭 맞춰서 대학에 가면 항상 들어가고싶었던 야구동아리에 들어갈것 같습니다! 아직 마땅한 글러브가 없어서 형이 쓰던 인조가죽 글러브로 캐치볼을 하는데요. 얇고 이젠 엄지부분도 찢어져서 많이 아픕니다. 글러브를 마침 대학가서 쓰려고 살 생각이었는데 마침 이렇게 글러브를 나눔 이벤트를 하시다니..뽑힌다면 이번 수능 꼭 잘쳐서 가고싶은 대학도 가고, 고등학교때는 사람이 적어서 해보지 못 한 야구동아리를 들어가 재밌게 야구를 할 생각입니다! 검정색 자낙스 글러브 정말 가지고 싶습니다! 두산의 김재호처럼 저 검정자낙스 글러브로 멋진 수비 해보고싶어요! (worworrnfl@naver.com) ||| 구독자 5만명 축하드립니다!!! 저는 일단 야구에 아주 흥미가 많은 학생입니다. 몇일 전에 제 글러브의 엄지축이 부러져 쓸 수 없게 되었습니다. 그래서 검은색 글러브를 원합니다... ljhrio@daum.com ||| 일단 5만명 너무 축하드리고요 저는 여자야구선수를 꿈꾸고 있는 학생입니다 저는 지금 내야수와 투수를 하고 있는데 제대로 된 글러브가 없습니다 새제품으로 열심히 꿈을 이루고싶어요... 빨강색 글러브나 검은색 글러브 둘 중 아무거나 가지고 싶어요 항상 제 실력도 그렇지만 제대로 된 글러브가 아니어서 불편합니다 썩코치님 영상 보면서 많이 배우네요 여자야구국가대표 선수가 꼭 될 수있도록 저 한번  당첨시켜주세요 감사합니다 jua9174@nqver.com",스포츠
-F07fOE-wbI,[아저씨 야구해요?] 데상트(Descente) 글러브  종류별로 다 모아봤다!!  오늘은 데상트 Day~♥,아저씨야구해요,오프닝 영상바꼈다 박사장자세잡으시고손을흐느적~흐느적~거리셬 ㅋㅋㅋ 아저씨야구해요화이팅~!! ||| 데상트 아식스  나이키  이런것들은 색갈이 너무  예뻐 ||| 데샹트 궁금했는데 감사함다~~ ||| 글러브리뷰 너무좋아요 박사장님!!!! ||| 1루미트 볼집이 거의 포수미트급ㄷㄷ,스포츠
og9NlQ0V6uc,[야구월드]아스터핑크에디션 내야글러브 실사길들이기 한판!,야구월드,와! 글러브 진짜 이쁘다 ||| 표정을 보니깐 진심으로한다... ||| 글러브가 걸그룹같네요ㅋㅋㅋ ||| 좋아요가 69개라서 안누를수가 없었다..        무엇보다 야구월드길각 최고! ||| 이쁘네요,스포츠
L-VpndHFTPk,[2018 KBO 정규리그] 구승민의 소름 돋는 9회 말 KKK! (10.02),Giants TV,삼진 하나 잡을때마다 점점 잘생겨짐;; ||| 우와~구스타 이런 모습 보고싶다 되게 힘있게 던지네 ||| 우리 구스타 5년전에도 잘생겼었네. . 입터는것만 보다가 일하는거.보니 진심 반해~❤❤ ||| 아스비 닮은 구승민  롯데 가을야구 가보장!! ||| 하 갓승민 빛승민 ㅠㅠ 눈부시다 정말,스포츠
phLjysd8vrA,"전국사회인야구연합회
제 3회 전국 시ᆞ도 대항 야구대회 

무제한 선출대회 투수
울산문수야구장에서",전사연,볼이지리네요,스포츠
so9uREto_Q0,최충연 아시안게임 야구 국가대표,Kim 미르나교실,와 저는 국가대표 싸인볼 다 있어요!,스포츠
SfOyudG18x4,[아저씨 야구해요?] yo~ 왔섭 브라더~!!,아저씨야구해요,리뷰 분위기가 확 바뀌었네요. 차분해진 분위기와 깔끔한 진행이 개인적으로는 훨씬 보기 좋네요.  브라더야 워낙 유명한 브랜드지만 하드하고 무거우며 보수적인 이미지에 꺼려했던게 사실인데 신형 프리미엄 라인은 깔끔하게 새롭게 태어난것 같아 관심이 갑니다. 오늘도 잘보고 갑니다~~ ||| 리뷰방식이 더욱 멋있어 졌네요!! ||| 대박~~~  글러브도 대박이고 밑에 인조잔디도 까셨네여 ||| 인조잔디 깔았네요~~히뷰방식이 봐뀐거 굉장히 만족스럽습니다!!뭉자님 편집 화이팅ㅠㅠ요즘 국산브랜드들의 로고가 이쁘게 변화되고 더 높은 등급이 나오네요 소비자 입장에서 너무 좋습니다!! ||| 영상퀄리티가 점점성장하네요 편집잘하시는거같아여어!!,스포츠
F5h--BWMfTY,일본 최대 야구 용품점에서 가장 싼 글러브랑 비싼 글러브를 알아본다!,프로동네야구 PDB,"조나단님, 볼그님 보내주신 멋진 팬아트 정말 감사합니다! 겐코볼 선물 해 드릴게요. 연락 드리겠습니다. ^^ ||| 이제 거의 10만이네요 미리 축하드려요! ||| 이런 컨텐츠 좋습니다 ||| 역시 야구선진국 일본이네요~저도 이번에 오사카갔을때 정말 놀랐다는~근데 톰톰님 글러브 안사오셨나요? 물론제거요^^ ||| 오늘도 재밌어요",스포츠
qH3LUvLYq3M,[아저씨 야구해요?] 내년 리그에 필요한 배트계의 파괴의 신 2019 드마리니 CF Zen,아저씨야구해요,햄찌 감기 걸리려나보네요 ||| 잘 봤습니다 사장님^^~~ ||| 드마리니 배트~ ||| CF 시리즈야 말이 필요없죠... 하지만 규제가... 타자입장에서 홈런 치는데 도움되는 배트가 탐나는건 사실이지만 안전이 최우선인기에... 암튼 탐나는건 부정할수 없네요 ||| 오늘도 아저씨 야구해요!!,스포츠
1NeSY6GY5Co,분당리틀야구 분당야구교실 분당야구학교 경기광주리틀야구 태전유소년야구,코치김동영 문의010 4732 6669,1빠,스포츠
pXfF9-TrRPM,민대표~~일본 야구용품점을 가다!    글러브 수천개 실화?,플베 TV ,개인적으로 봤던 영상들인데 요즘 다시 정주행중입니다 항상 일본 현지의 야구갬성을 느낄수있게 영상 올려주셔서 감사합니다 🙏 ||| 좌투글러브도 입고해 오시나요? ||| 일반 소비자들도 구매가 가능한곳인가요?? ||| 거기 매장이 어딨나요? ||| 얼마에 판매하실 예정인가요?,스포츠
WkTqtT1vbKo,펫케어 스마트캣토이 Smart Cat Toy,YOON,냐옹이 약올리니,애완동물/동물
jokqOf8SVfU,펫케어 스마트캣토이 모드 전환,로제(모찌만쥬네),,애완동물/동물
GQp5_Hoebk4,【Avec_아베크】Pet dry room review_실사용후기_024_김별 님,펫가전의 명품 - 아베크,,애완동물/동물
pht2gT3R_sM,펫케어 반려동물냄새제거매트,봄스토어,사업 잘되셨나요,애완동물/동물
tXeJouZ9oqA,고양이 턱드름 없애는 방법,마로짱,귀여워요 ㅎㅎ ||| 고양님 제대로 꽉 잡혀서 이게 현실일리가 없는 냥생임을 번뇌하고 계시는군요 ||| 그런식이면 턱드름은 없앨 수 있어도 귀여움은 없애지 못하겠지 ||| 증오에 찬 눈빛 ||| ??? : 집사...없애는....법....(유튜브 업로드),애완동물/동물
ZXCSTVMvEJs,[리뷰] 고양이 생활용품! 케어펫 사랑빗 Review┃디오┃먼치킨┃Munchkin cat┃,디오와 오집사 Dio & 5jipsa,ㅋㅋㅋㅋㅋㅋㅋㅋㅋㅋㅋㅋㅋ 집사님은 열심히 설명하시고 냥이는 열심히 물고 ㅋㅋㅋㅋㅋㅋㅋㅋㅋㅋㅋㅋ 아구 귀여워라 ㅎㅎㅎㅎ 영상 꾸준히 업로드하시면 성공 하실꺼같아요 ㅎㅎㅎㅎ ||| 와 .. 진짜 천사인가요 너무 귀엽네요 ㅠㅠ 좋은영상 감사 해요 ㅎㅎ 구독 누르고 갑니다 총총!!  소통 하며 지내요!! ||| 안녕하세요 첨 놀러왔어요~~ 제가 19번째 구독자네요! ㅋㅋ 저 빗 너무 신기해요 저도 하나 장만해야겠어요 자주 올게 저희채널도 놀러오세요 소통하며 지내요! ||| 아휴 냥이가 너무 귀엽고 예쁘네요^^ 좋아하는것 같지 않아 보여요^^ 소통하고 응원하면서 함께 걸어가고 싶어요~ 제 채널에도 놀러오세요~ 구독 좋아요는 덤이에요^^ ||| 집사님 남자부웁?!?!?,애완동물/동물
8U39HorSCsk,[Avec_아베크] Pet dry room_펫 케어룸 (Eng ver.),펫가전의 명품 - 아베크,,애완동물/동물
2Dsz0CswXVo,【Avec_아베크】Pet dry room review_실사용후기_004_꼼이설이(ppyoo6님),펫가전의 명품 - 아베크,,애완동물/동물
aBdpgiwTs9M,유튜브 '고양이 학대' 영상 논란②,애니멀라이트animalrights,운명이란게 참… 어떤 고양이는 초절정 노르웨이숲 품종묘로 태어나 넓은 집에서 귀족마냥 대접받고 사는데 얘는 매일 아침마다 “사딸라” 소리 듣고 깨네… 신을 탓해라 ||| 평소에 얼마나 고양이를 아끼고 사랑하는지 짧은 영상에서 다 보이네요 쳐맞는동안 배고플까봐 사료도 흩뿌려놓으시고 ㅋㅋㅋㅋ ||| 주기적으로 힘들때마다 보러옵니다 ||| 삶에 지칠때마다 보고갑니다 ^^ ||| 사딸라는 못참지 ㅋㅋㅋ,애완동물/동물
77EC2hIbpSw,【Avec_아베크】Pet dry room review_실사용후기_025_Nana 님,펫가전의 명품 - 아베크,,애완동물/동물
J2MqsMCuLDE,3주된 새끼고양이,김병수,,애완동물/동물
fDFYsnv48X4,[Avec_아베크] Pet dry room review_펫헬스케어러 아베크 테스트(20180902),펫가전의 명품 - 아베크,몇분 해놔야 뽀송하게 마르나요?,애완동물/동물
8nR4YgfsGno,아기 고양이에게 인간 엘레베이터가 되어 주었어요 (feat. cute kitten 보름) #shorts,째폴보&프렌즈 JAPAULBO & FRIENDS,인간을 이용할줄도 알고 똑똑한것ㅎㅎ 쬐끔한 보름이 점프 잘하네...😃 ||| 말랑배 잡는 느낌이 액정 너머로 느껴져요ㅠㅠ너무귀여워요ㅠㅠㅠ ||| 너무 이뻐요 똑똑이  ㅎㅎ 팔에  야무지게 오르는 모습이 너무 귀엽네요 언제 이렇게 컸을까싶어요 냥이들 담은 영상이 항상 따뜻해요 ||| 미쵸따 증말....손에 매달릴때 포송호송퐁퐁하고 따뜻한게 챡 붙는거 너무 미쵸따...... ||| ㅠㅠㅠㅠㅠㅠㅠㅠㅠㅠ귀염뽀짝이라는 말이 딱 어울리는 보름이 뽀스라기시절이네요ㅠㅠㅠㅠㅠㅠㅠ,애완동물/동물
pWHJBVfwrcU,쓰레기통에서 구조된 태어난지 한달된 유기묘 가을이가 마비되어있다가 2일만에 걸어다니는 이야기_혜민동물병원,난치병 동물 침치료,,애완동물/동물
U1JzpD7hsrY,3일차) 퀘스트 발생. 트림시키기,고양이확대범,,애완동물/동물
2ll1MTu1fOQ,[도그마루]  귀여운 고양이 세마리 편하냥~,도그마루,,애완동물/동물
pyu0UNUW5g4,겨울철 고양이 케어방법!💊환절기&고양이 구내염 케어법!,우리집 5영희덜,와우!! 이런게 진정한 꿀팁이지요!! 물에타는 입냄새 제거제는 바로 구매해야겠어요! 좋은 정보 감사합니다~~^^ ||| 냥이들도 알러지가 있군요~^^ 설명을 들어야 하는데  사랑스런 아가들이 더 눈에 들어와요😍  좋아요 꾸욱하고 갑니다🎊💕🍀 ||| 다묘가정집사님댁  특징~~ 내  빗은겨우 한개가 있나?   그러나 냥이 들은 고가의 빗부터  해서 5가지 종류가된다..집사님  영양제 는 없어도  사랑둥이 냥이 들 영양제 는 골고루 없는게 없다🤣🤣~~~쿡쿡..거기에  변치않는   사랑까지~~~~~♡♡ ||| 초보 집사 메모메모... 디오도 이제 1차접종 맞으러가는데 그때 의사선생님이랑 일단 상담좀 해볼려구요 ㅠㅠ.. 그다음에 집사님이 알려주시는거 참고해서 구매해봐야겠어요! 덴탈 프레시랑 초유한스푼or초유분말은 확들어오네요!! 아직 공부가 모자란 초보집사군요.. 반성합니다..ㅋㅋ ||| 우와~ 우리 냥이들 엄청 케어받고 있었군요~ 헥사메딘은 사람도 쓰고 있는걸로 알고 있는데 냥이것도 있군요!! 집사의 사랑이 이렇게 넘친다는거 네냥이들아 알고있니? ㅋㅋㅋㅋㅋ 겨울철 집사님도 건강 조심하세요^^,애완동물/동물
MuJtq-k42e8,[Avec_아베크] 펫 헬스 케어러 아베크(avec) TV CF 15초 버전,펫가전의 명품 - 아베크,,애완동물/동물
RMQOFHMQXbc,[BBOLCAT] 강아지물병 펫케어컵,정승열,,애완동물/동물
N9rQNFc5GOI,고양이 학대영상 세상에나::,동요랑,하트감샤 ||| 머지..,애완동물/동물
10wfzemU-BE,주사기로 물 마시는 휠체어타는 강아지,hyunny_둥팜,,애완동물/동물
RAxldJP7i68,고양이 약 먹이기,방울이의 묘생일기,방울이가 이제 7살이라 비뇨기질환을 예방하는 약을 받아왔습니다. 고양이들은 간식에 약을 섞어줘도 약냄새 맡고 잘 안먹는다던데 방울이는 생으로 우걱우걱... 잘먹어서 좋네요! ||| 먹어 한다고 먹는게 신기하네 ㅋㅋㅋㅋㅋㅋㅋㅋ ||| ㅋㅋㅋㅋㅋ머야 왜케 잘먹엌ㅋㅋㅋ ||| 약도 잘먹고 기특하네요 ㅠㅠ 구독하고갑니당 ||| 전생에 나라를 구하시고 구원까지하셨나요? 두마리고냉이 한마리 강아쥐 집사로 겁내 부럽네요ㅠ,애완동물/동물
CEd9gRBAF9c,펫케어솝 바르는 단추,단추누나,,애완동물/동물
ZurF_tHADp0,펫시터 리치네집,펫시터 리치네 집,,애완동물/동물
fACdtuRAE_c,귀요미 모찌모찌 시바방석,GREYDOG그레이독,,애완동물/동물
_yUmlkoqYnE,Pet Nail Trimmer Peti Care Dog Nail Clippers Grinders for Cat Dog PetiCare,for you,,애완동물/동물
QxDYI1DE12g,"새끼고양이 떠나보낸 아빠냥이(모찌)의 슬픈 울음,,짠하다,,ㅠ(After losing the kitten,,Sad daddy cat sound,,)",FC일석이조,아이고 모찌 애기들 떠나보내서 슬프구나😢 ||| 안됐어요.그래도 힘을 내세요.슬픈건 알지만 언제까지 슬퍼 할 수는 없잖아요.ㅠㅡㅠ ||| 모찌 어뜨케ㅠㅡㅠ ||| 모찌 너무 불쌍하다.... ||| ㅜ 서럽기도 해라,애완동물/동물
DZ0HEEMx0d4,[도그마루] 나도 마네키네코다옹~,도그마루,,애완동물/동물
we-micZJXJg,【Avec_아베크】Pet dry room review_실사용후기_024_유지현 님,펫가전의 명품 - 아베크,,애완동물/동물
EjIbLnxQzlo,【Avec_아베크】Pet dry room review_실사용후기_023_고상미 님,펫가전의 명품 - 아베크,,애완동물/동물
rfprDtEP5Fc,고양이 목욕 어렵지않아요~!,고양이분양프라임캣 (고양이전문점),,애완동물/동물
2qeDOXokDzc,2018년 10월 반려동물 행사 총정리~! - 튜브펫,tubePet,,애완동물/동물
9tz9xnQ1GdQ,핵졸귀아기고양이,페이즐,,애완동물/동물
peMV_e9YlIM,고양이랑 놀아주기 feat.유니참 데오토일렛 박스,묘생역전TV,뭐애 상자안에서 나온다니!! 뜨헉..... 많이 사랑해요♡♡♡♡심쿵☆ 그렇게 놀아줘야겠당,애완동물/동물
3_NIYap0ZcE,아기고양이 분유먹임,sunny,아기냥이 쓰담쓰담 해주고힘을 정도로 치명적이게 귀엽네요  만약에 아기냥이앞에서 있어다면은 시간가는 줄도모르아기냥이를 쓰담쓰담해주고있겠네요,애완동물/동물
6QEojjc9yds,"집사가 사라졌다!. 강아지 마술, 고양이에게도 해 봤습니다. #shorts",jellypet tv,,애완동물/동물
WYLpmsbzD7U,고양이 발냄새 맡다가 한대 처맞음,Bibiicoya Kim,안녕하세요^^ 다들 이렇게 저희 애옹이 예뻐해 주셔서 감사합니다. 댓글들이 다들 너무 재밌네요 댓글 맛집된 느낌! 재밌게 보고 가세요^^ ||| 솔직히 이정도면 진짜 많이 참았음 ㅋㅋㅋㅋㅋㅋㅋㅋㅋㅋㅋㅋㅋㅋㅋㅋㅋㅋㅋ ||| 언제 맞으려나 싶더라 .. ||| 아니 ㅋㄱㅋㄱㅋㅋ 고양이도 웃긴데 주인분이 더 웃김 ㅋㄱㅋㄱㄱㅋㅋ 20배는 비싼 다이슨을 샀대 ㅋㄱㄱㅋㄱㅋㄱㅋㄱㅋ ||| 내 이 집사 주접떨때 어째 한대 맞을거 같드라 ㅋㅋㅋ,애완동물/동물
3eI-_bHWRhA,아픈 아기고양이 데리고 왔어요!!,마음이아빠,누구시요??? 마음이 아빠? ||| 누구냥,애완동물/동물
iaHoq4McBi4,편의점에 왠 고양이 한마리가 자기 집 안방인 것처럼 자고 있다..,FeelSoGood,"제보자: 코코링님, 고양이 코코 옆집 사는 고양이가 맨날 편의점에 놀러와요!(*점주님도 동물을 좋아하셔서 매번 고양이가 놀러오면 반기셔요^ㅡ^) ||| 편의점 알바생이 졸고 있는것도 한두번도 아니고 뭐 그냥 깨우고 계산 하시면 됩니다 ||| 뱃짤에 바코드하면 결제될것같은 위엄 ||| 넘귀여워 어떻해 심장 심쿵 ||| 그 와중에 발은 다소곳 하네ㅋㄱ졸귀탱ㅇ♡",애완동물/동물
SgTKGyu3HCo,생후 1일 길고양이 살리기(9) caring a rescued newborn kitten(9),hjs0070,새끼냥이 돌보기가 정말 쉽지 않은데... 정말 제가 다 감사해요♡ ||| 고양이귀엽네요,애완동물/동물
l1_B5-7nbkY,-8도! 고양이에게 핫팩을 주니까 반응이....,캐시의 일상,귀찬다냥 ㅋㅋ ||| 아주 녹아들지~~~~^^ ♥♥♥ ㅎㅎㅎㅎㅎㅎㅎㅎㅎ ||| 귀엽다... ||| 에미야 좋은거 사왔구나 ||| 제목보고 반응보러 왔는데 무반응...,애완동물/동물
HZabQl2yeI0,고양이 빗질해주기,Soojin,,애완동물/동물
JY0fO_zhA3o,벽에 똥칠하는  불테리어 미선이!!!♡,4총사불테리어,ㅎㅎㅎㅎㅎㅎㅎ 특기네요 특기! 벽에 똥싸는거 어디서 배웠니? 웃기네요 ㅎ ||| ㅋㅋㅋㅋㅋㅋㅋ ||| 뭐지,애완동물/동물
QNMcn_95b3o,"강아지 화장터, 고양이 화장 비용, 반려견 애견 개 애완동물 장례식장, 반려동물 장의사 위드천사 dog pet funeral",위드천사with1004,1월 3일의약속 ||| 1 03*,애완동물/동물
UTHEq-EaySQ,서울 자취방 공개와 같이 사는 반려동물들 공개!!!,냥이아빠,주인이 놀아주는게 아니고 반려동물이 놀아주네 ㅋㅋㅋ게다가 고마워하고 있어ㅋㅋㅋㅋㅋ ||| ㅋㅋㅋㅋㅋㅋ 이채널은 집사님 보러온다 진짜  저기서 제일 귀여우심 ㅎㅎ ||| 우리 소닉이랑 피츄 이렇게나 활동적이고 예뻤는데...  피츄야 소닉이랑 같이 손잡고 놀면서 냥이아빠 지켜봐줘~ ||| 요새 많이 야윈 너를 보다 토실토실 활기 넘치는 널 보니깐 왜 이렇게 시간이 야속하고 마음이 아플까 그렇지만 지나온 시간동안 사랑 가득 받았으니 꽤나 행복했었을 거라 믿어 오늘 아파서 병원을 간 너의 모습을 보고 안쓰러워 눈물이나고 그 모습에 많이 놀랐을 주인님들 생각에 눈물이 안멈추네 흘러가는 시간을 잡을수 없으니 남은 시간은 아프지말고 늘 그래왔듯 행복한 시간 많이 보내줘 소중한 피츄야 ||| 밀웜은 별로 알고싶지 않았는데.....ㅋㅋㅋㅋㅋㅋㅋㅋㅋㅋㅋㅋㅋㅋㅋㅋㅋㅋㅋㅋㅋㅋㅋ아이고 다들 참 기염뽀작하내요😘😘,애완동물/동물
9tHkeLxOqRc,부엉이가 애완동물? 일본 파충류쇼 방문기!! 꿀잼!!,NatJoonho주노준호 (National Joonho),4:17 사막비 개구리 ㅋㅋ ||| 일본은 사막여우 합법인가요? 영상 중간에 보이는거 같은데 ||| 오늘은 되도록 빨리 보게되었어요 ||| 새들 발목이 묶여 있는데 얼마나 답답 할까요 ||| 신기한 아가들 넘나 많다 ♥♥,애완동물/동물
zPEQ3ckw-Pg,[허스키와 고양이의 나른한 오후]  / 반려동물 애교 ♥ / 둘이서 귀엽운 애교 ♥ / 귀찮아 하는 진냥이 / #19,"까꿍이,애개","안녕하세요 까둥이 여러분!! 까꿍이 입니다~  나른한 오후만큼 진냥이랑 타투가  오랜만에 사이좋게 지내고 있네요~ 평창 대한민국 국가대표팀 파이팅!!!  ◎ 오늘도 까꿍이의 영상 봐주셔서 감사합니다  반려동물과 까꿍이의 일상 (https://goo.gl/wkzxAG)  [허스키와 고양이의 나른한 오후]  / 반려동물 애교 ♥ / 둘이서 귀엽운 애교 ♥ / 귀찮아 하는 진냥이  문의 : myhot-2002@hanmail.net ||| 타투는 진짜 착한듯~ ||| 진짜 타투 넘 순해ㅠㅠㅠㅠ타투야ㅜㅠㅠ 왜 맞고다녀 바부야ㅠㅠㅠㅠㅠㅠ 겸딩이 ||| 타투넘넘착 하다... 천사.. ||| 오구오구, 타투 진짜 착하네. 어찌이리 얌전하고 흥분을 안하는지~",애완동물/동물
hTl60YapvZ0,희귀애완동물 신규입고!  진짜 잘~보면 무료도있음ㅋㅋㅋ  realistic dragon (toothless dragon),정브르,주말에오면 기분에따라 드립니다 ㅋ ||| 와 책에서만 보던것을!!!♥♥♥ 역시 정브르브르 ||| 다른샵에 비해 비교적 가까운데 공부땜시 못가서 안타까울 따름입니다 이제 방학이니까 기백 예습해야겠네요 ㅠㅜ 브르형 횟팅 ||| 흐엉억 귀여워어으어어ㅏ어억😍❣  무덤은 곤충하모니에 만들어주세요.. 깨꼬닥 ||| 거북이  너무  기여워요!!!,애완동물/동물
YxEl5FBzduM,오기 싫은데 엄마가 부르니까 억지로 오는 앵무새 태식이 #Shorts,태공도사 Cockatoos,"죄송한데 탁자 아래에 계신건가여? ||| 소리지를 때 '아 왜!!!!!"" 이러는것 같음 ㅋㅋ ||| 아 바람 때문에 쒜게 닫은거롸고오~ 아놔~ ||| 그냥 오라할 땐 살짝 반항하다가 소리 지르면 쫄아서 슬금슬금 나오는 거 완전 사람이네 사람ㅋㅋㅋㅋㅋㅋ ||| 중간에 튕긴답시고 ""께엑"" 하면서 말대꾸해보는데 엄마가 어어!!!! 하면서 꾸짖으니까 앵존심에 삐딱걸음 걸으면서 나오는 거 너무나 앵춘기의 그것이다 ㅋㅋㅋㅋㅋㅋ",애완동물/동물
DS0eaPeRsqI,"반려동물 염습 소렴, 강아지 화장 비용, 애완견 고양이 화장터,  반려견 애견 개 장례식장, 상조 업체 위드천사 pet funeral",위드천사with1004,사람이나 동물이나...죽음이란 건 너무 슬퍼....삶이 있으면 죽음도 있는 건데..너무 당연하지만 영원한 행복이란 건 없기에 더더욱 슬퍼진다   .. ||| 동물들도 똑같이하네요,애완동물/동물
meBHfM5Ee9s,한국도 애완동물 시대?? 어머 이건 꼭 키워야돼~ [정브르],정브르,주말에 많은 방문 바래요!! 할인행사랑 이벤트 하거든요  호호  경기도 성남시 분당구 야탑동 361-3 번지 금탑프라자 2층 jjung2ekd ||| 전 키우고 싶어도 못 키워요ㅠㅠㅠ 부모님이 반대하세요.ㅠ.ㅠ 토끼도 키우고 있어서 안된다고하고 징그럽대요.ㅠㅠㅠ동감하시는 분 좋아요 눌러 주세요. ||| 수단플레이트리자드  사육정보 영상 올려주세용 ||| 4:34 빨리감기 하신줄ㅋㅋ 다리 속도가ㅋㅋ ||| 정브르님 수단플레이트리자드  정말정말 너무 귀엽고 너무사고싶어요,애완동물/동물
3o6nhpVciok,"반려동물 급성심정지, 심폐소생술로 ‘골든타임’을 잡아라!",동동ZOO,"진지하게 보다가 원장님 줴리줴리 에 터졌네요 ㅋㅋㅋ ||| 무심히 시조카가 던저준 포도송이를 삼켰던 우리강아지가 기도가 막혀 숨을 못 쉬면서 살려달라는  애절한 눈빛...잊혀지지 않아요 ㅠㅠ 너무 놀라 빼려고 했지만 안될꺼 같아 차라리 손가락으로 밀어서 넣었어요 ㅠㅠ   아우.. 넘어가서 다행히지...우리애는 운이 정말 좋았어요 그후로 우리아이는 10년을 더 살아 18살에 떠났어요 ||| 뚜리야 언니가 이 동영상을 미리 봤어야했는데 너무 미안해 그리고 평생 사랑해 ||| 대형견을 키우는데 가슴30, 코2 하는방법 몰랐습니다. 감사합니다! ||| 대충봤었는데...널 보내고 다시 배우고 있어ㅠ누나가 미안해...",애완동물/동물
Pva0Qgfpeuk,특이한 동물 best 3!!,리코아,,애완동물/동물
L_XlRaGSiY4,동물키울때 부모님한테 허락 받는방법 개꿀팁 공유,토픽이네동물농장,"안녕하세요 여러분 토픽입니다! 본 동영상의 후속편이 나왔습니다. https://youtu.be/ePAP8ndl3oo  다들 동물을 ""구매""가 아닌 가족을 만나는 것 처럼 ""입양"" 해주세요. 여러분이 데려온 그 아이는 그 아이 인생에 오직 여러분 밖에 없답니다. ||| 부모님한테 졸라서 이구아나 키웠는데 나중에 부모님이 이구아나 아들처럼 키우심ㅋㅋㅋㅋㅋㅋㅋㅋㅋㅋㅋㅋㅋㅋㅋ 나중에 사정때문에 분양보냈는데 그때 엄마가 눈 마스카라 번져서 팬더될때까지 우셨ㅋㅋㅋㅋㅋㅋㅋㅋ ||| 저는 그렇게 하니깐 슬슬 화나려 한다고 한번만더얘기하면....... ||| 그치만...저도 1년동안 도서관에서 책빌려서 공부하고 인터넷에서 검색해서 필기하고 유튜브보고 고양이 행동 들어가는 돈 힘든점 필요한것 다 공부했지만 엄마께선...'시끄러'라는 한마디에 찍소리도 못하고 짜져있었답니다.ㅠㅠ ||| 저희 부모님은: 그렇게 공부를 하면 얼마나 좋을까, 아주 전교 일등 일꺼다!",애완동물/동물
j1hO1WCrcd0,이색애완동물샵 Vlog 가상투어!!,파충류맨 수박대장,부천 파충류샵 '더브리더스' 【쇼핑몰】 http://thebreeders.cafe24.com 【블로그】 http://thebreeders.net 【인스타】 https://www.instagram.com/tbs1300 ||| 5:10  쓰리ㅆ..읍읍 ||| 직접 매장 가면 쇼핑몰에 있는 애들만 분양 가능한가용?? ||| 와아.. 크림레오파드 겁나 깔끔하게 이쁘네요. 하얀 연유가 줄줄 흐르는 사랑의 육겁 （╹◡╹）♡ ||| 예쁜아이들 정말 많군요,애완동물/동물
sdVQT72RHos,"희귀애완동물 전문 파충류샵 모든 파충류+양서류!! + 파충류샵 소개!!   [육지거북이, 반수생 거북이, 게코 도마뱀,뱀 스네이크,  개구리 양서류 희귀애완동물 전부 다 보자!!",파충류 대기업 ᅵ발토앤제이 (파충류샵),3000명 ㅊㅎㅊㅎ ||| 개구리 떨어질때 심장 멎을뻔한 1인... ||| 유목사러 가야겟네요!! ||| 사장이 세분이신데 사업체가 잘돌아가는게 신기합니다. 그러고보니 세분 모두 외모가 닮으신것같은데 혹시 형제이신가요?ㅋㅋㅋㅋㅋㅋ ||| 이곳이 바로 지상 낙원이구나!!!!!!!,애완동물/동물
GVoILQU77Cs,[쩡글TV] 세계NO.1 가장 저렴한 애완동물!?,쩡글TV,와 3년전이내ㅠㅠ ||| 할머니가 곤충은 징그럽다고 안된데요 그리고 엄빠는 다른 펫들 털날린다고 안돼고 ㅠ ||| 기다리고 있었어용 레게 아니면 사바나모니터 영상 찍어주셨음 해요! 언제나 파이팅 하세요~ ||| 와 완전 커엽커옆 핵귀옆다!,애완동물/동물
YxEl5FBzduM,오기 싫은데 엄마가 부르니까 억지로 오는 앵무새 태식이 #Shorts,태공도사 Cockatoos,"죄송한데 탁자 아래에 계신건가여? ||| 소리지를 때 '아 왜!!!!!"" 이러는것 같음 ㅋㅋ ||| 아 바람 때문에 쒜게 닫은거롸고오~ 아놔~ ||| 그냥 오라할 땐 살짝 반항하다가 소리 지르면 쫄아서 슬금슬금 나오는 거 완전 사람이네 사람ㅋㅋㅋㅋㅋㅋ ||| 중간에 튕긴답시고 ""께엑"" 하면서 말대꾸해보는데 엄마가 어어!!!! 하면서 꾸짖으니까 앵존심에 삐딱걸음 걸으면서 나오는 거 너무나 앵춘기의 그것이다 ㅋㅋㅋㅋㅋㅋ",애완동물/동물
-e-a-TfS_TY,짝짓기보다 더 중요한 목숨(Life is more important than mating.),EBS 컬렉션 - 사이언스,"짝짓기 그만 두고 도망 가는게 아니라 빠질때가 되어서 빠지고 헤어지는 것임. 독수리 영상은 다른데서 갖고와 짜집기한 걸로 보임. 딱 봐도 같은 카메라 영상이 아니자너요... ||| 오붓하게  사랑을  나눌수있는  집을 지어주고  싶당ㅠㅠ    얼마나  가슴 설레이고  기다려왔던  순간인가    이렇게  허무하게   끝나버리다니  나의마음은   찬물을  끼언은   마냥  차갑다네 ||| Every frame has a soul, so excellent ||| 영상을 보여주다 마네? 이러기있기 없기 ||| 손님  여기서 이러시면  -.=  고맙죠  ~*",애완동물/동물
NehjiPrjveM,인간과 강아지의 공생,까치,저도 강아지 키우고싶네요 넘 겨움,애완동물/동물
lZJFhEStBS8,고양이 용 비디오 : 아름다운 새들 : 고양이가 좋아하는 영상,Paul Dinning,"꼬까울새, 박새, 동고비~~^^ 글고 멀리서 들리는 딱따구리의 드러밍~~ 쵝오네요 ||| 이 채널 구독하고선 프리미엄 가입 ㅋ 너무 좋아함 고양이가.. ||| 고양이옆에서 나도같이 빠져드는 영상ㅎㅎ ||| 소리 들려주니까 고양이가 두리번 거려요ㅋㅋㅋㅋㅋㅋㅋㅋ 넘 귀여워 새들도 이쁘고 냐옹이 신나서 귀 팔랑팔랑 ||| Beautiful video sharing❤❤❤❤❤❤❤❤❤❤❤❤❤❤",애완동물/동물
abVIZMRuqP4,시골댕댕이,이건희,,애완동물/동물
nq-kPzJCN6k,우리집 삽살이,Joy,너무 귀여워요. 우째 저렇게 팬스를 잘 탈까요?  삽살이는 사랑입니다. ^^ ||| 니가 사람이냐 강아지냐 ㅋㅋ 강아지 엄청 귀여워요,애완동물/동물
b-fvxLcBoNg,길냥이 까치 잡아먹는 영상,꼬지짱할미,,애완동물/동물
v1xHFJFMd4I,동물다큐,유형근,,애완동물/동물
fHnV_PvSFqk,산타의 기이한 식사예절.,지우,,애완동물/동물
j-UBrKi6YMI,비숑프리제 개인기,찡망고,짖어는 어떻게 훈련시켰나요?? 신기하네용 ㅋㅋ 저도 비숑 키우고있는데 구독하고 자주 보러올게요^^ 저희 빵이랑 우유도 보러와주실거죠^^?,애완동물/동물
M-i46syLRkE,엄마 냥이 처음 만난 날,랄랄라lalala,귀여워❤️,애완동물/동물
rYBg-XPSyj4,사람 좋아한다는 이유로 맞아야했던 길냥이 구조 모습,노트펫,이궁~예뻐라~사람 손길을 엄청 좋아하네요..맘 아퍼라..ㅠㅠ,애완동물/동물
HHNZjQQhecc,비숑의 귀여움,조용준,,애완동물/동물
Yq9hbC96G5w,의자에 올라오고 싶은데 몸이 안 따라주는 강아지,풍요의 요정,하얀털뭉치 만지고 싶어요!!!!올라오세요옹,애완동물/동물
DinFBafUM2c,[보미]멍청한 보미 기다려 훈련중! 아기 비숑,보미비숑,,애완동물/동물
iVpeYVv1maQ,강아지 목디스크 때문에 못걸었을때,케씨Cassie,호이 손도 정말 잘하네요~~코도납작하구 귀여미~>.< ||| 너무귀여운데...먼 댓글을 구런식으로...달아요.. 나쁘다 진짜 ||| 목아픈애 한테 손달라는건 뭐냐?,애완동물/동물
CiUC0hFKoYM,고개가 기울어지고 뱅글뱅글 도는 강아지 하랑이,난치병 동물 침치료,물론   모든 치료  하세요,애완동물/동물
UF5Gq9jin5U,심장 폭행 쩔어,김희선,,애완동물/동물
iEG_nMzZLZA,댕댕이_고흥이,farmer21,,애완동물/동물
MbAYOdOEJg0,우리동네 두발로 걸어서 산책하는 강아지 - 1,한나일상,안녕하세요 SBS 순간포착 세상에 이런일이팀 입니다. 혹시 이 아이를 최근에도 보셨을까요~??,애완동물/동물
WSm0Tdw5yFQ,비숑프리제 개인기,찡망고,귀여미 망고🐶,애완동물/동물
-3LilI_klvk,물먹는 댕댕이,미안나,,애완동물/동물
43h1u6ssFAw,강아지가 벽 다 뜯어놓고 밥상위에 족발 뺏어먹음,강영민,아니 강아지가 그럴수도있지 왜 강제로 뺏으려고하세요? 너무하네;,애완동물/동물
1tzhCsaorNQ,강아지 유골.. 코코야 잘가.. 안녕,육튜브,저도 엔젤스톤에서 오늘 우리딸 장례 치뤄줬어요 아직도 가슴이 찢어질듯이 아파요... ||| 저도 아가보낸지4일째인데.. 갑자기 너무나...미치게보고싶은데 볼수없다는게.. 발바닥도그립고 따뜻함도그립고...  3일동안 비가오니..더슬프네요 ||| 저도 이번토욜에 아이를 보내주었습니다 저도 자연으로 돌아가라고 뿌려주었는데 자꾸 울컥하는 맘을 다잡으려해도 좋은쪽으로 하려해도 생각 나고 힘이 듭니다 기운내세요 ||| 너무 마음아프시겠어요 저도 오늘 아들 죽어서 애견장례식장에서 화장하고 묻고왔거든요..그마음을 누구보다 잘알기에 글남기고가요 아기 좋은곳에 갔을꺼예요~ ||| 우리아이도그제하늘나라로갔는데아픈모습을보니너무마음이아프더라구요,애완동물/동물
HkMN5U6MR6A,강아지 치킨 동물학대,김철희,"잘보고가요 ~ 댓글들에 상처받지 말아요 ^^ ||| 강아지 놀리는것 같아요.. 막말로 자기는 치킨먹고 싶은데..  엄마아빠가 살찌다고 먹지말라고 하는거랑 똑같아요 ||| 강아지 성질만 나빠집니다~먹을것 가지고 그러면 안되는데ᆢ ||| 학대하면 경찰서에 갑니다 ||| 저런 기름에튀긴 닭  반려견 소형푸들 에겐 아주 나빠요 각종 병 의 원인  그리고 이런 동영상 you. ""절대적으로 공감 NO~+NO",애완동물/동물
oC-wIQeSjNs,떡을 향한 비숑의 집착 “제발 하나만!!”,동동ZOO,,애완동물/동물
acDlDC1dlNw,훈육,최정희,,애완동물/동물
eSRPStip7wY,망고는 박수왕,토디망고,엇 우리 강아지도 말티즈인데 ^^ ㅋㅋㅋㅋ 계속 해달라고 저렇게 박수치나봐요 ^^,애완동물/동물
N7PmfBm8iV4,"이누이트가 남긴 운송수단, 개썰매",EBS 컬렉션 - 사이언스,"강형욱 영상보고 오니까 개들이 얼마나 행복한지 알겠네 ㅋㅋㅋ ||| 저기 토종 개들은 썰매를 끌어서 주인을 사냥터까지 빠르게 이동시켜주고 주인이 사냥을 해서 식량을 구하면 먹이로서 보상을 받는 개념입니다. 우리나라나 다른 나라같이 개를 마냥 귀여워하고 보호하는 개념이 아닌 서로 공생관계라고 보면됩니다. 저기 사는 사람들은 썰매견이 없으면 사냥을 나갈 수 없어 굶어야 하고, 개들도 인간이 없으면 저 혹독한 추위 속에서 사냥을 할 수 없습니다. 아마 저기 토종견들은 인간과 공생관계를 이어오지 않았으면 진작에 멸종했을 거고 인간들도 썰매견들이 없었으면 저기서 정착을 포기하고 다른 곳으로 이주해서 살았겠죠. 저기 사람들이 생각하는 개와 우리가 생각하는 개의 개념 자체가 다른겁니다. 그걸 틀렸다면서 학대라고 주장하면 곤란하죠. 저게 학대면 우리나라에서 키우던 소들과 돼지들 닭들도 모두 학대를 당하고 있다는 논리이며, 우리 인간들의 수명연장과 질병의 치료를 위해 생체실험 당하고 있는 쥐들도 학대 당한다며 목소리를 높일 수 있나요?? 그 동물들의 희생이 아니었으면 지금 당신은 없었을 수도 있습니다. ||| 아문센이나 스콧 일기 읽어보면 저런거 이해 됨.... 현대 기술 없었을 시절에는 죽기vs 저렇게 하기 선택지밖에 없었음 ||| 그냥 문화차이라고 생각함 저긴 생존이고 우린 취미자너 그걸갖고 머라하는게 말이안되지 ||| 짖는 소리 너무 좋다❤",애완동물/동물
PyqUvEA2MmQ,슈나 싸움에 눈치보는 웅이,춤추는개엄마,,애완동물/동물
f7ZY09CMohY,유기견 하랑이 사경 써클링 치료,난치병 동물 침치료,ㅠ 강아지 불상해,애완동물/동물
3u9zilom4Oo,비숑프리제 개인기,찡망고,,애완동물/동물
_hc0QrJ3LL8,내강아지와마지막작별,구독부탁드려요,,애완동물/동물
xCol9s-hiXM,티비 보는 강아지 초집중!!!,minseo dalbong,,애완동물/동물
lQxbv44UJpI,[꼬미] 태권도하는 강아지,꼬미일기,,애완동물/동물
VkDWE_mAT44,삽살개 도담이 넘 더운날~♡선풍기를 달고 사네요~,해피 해피 Happy Happy도담 Dodam,,애완동물/동물
s1brv3tk7_g,골키퍼 비숑 뚜이,tu e,,애완동물/동물
AiVPo1SLI-U,강아지 간식뺏어먹는다고 말했더니,갓오복,"오복아 그곳에서도 이렇게 웅냐웅냐웅냐하면서 맛있는 거 많이 먹구 행복해야해 ||| 대한민국 강아지 쇼츠 역사의 한줄을 그은 오복아 그동안 고마웠다 강아지별에선 아프지말고 잘 있어 ||| 오복아 이거 보면서 널 슬프게 기리는게 아닌 밝게 웃으면서 기릴게. 고마웠어. 그곳에서도 행복하렴. 종종 또 보러올게 ||| 오복이 가는 마지막 길이 ,  많이 안힘들었길 바래본다. . .  하늘나라에서는 아푸지말고  행복하게 지내. . ||| 오복아 좋은 곳에서 재밌게 지내다가 나중에 가족분들 만나고 더 행복하게 지내 덕분에 너무 행복했어",애완동물/동물
1X99BXmeJeY,"[말티즈 믹스견] 1개월~4개월차 성장 스토리 영상 (강아지,dog,pet,puppy)",창업멘탈코치,믹스견과 순종 잘 구분이 안되네요.,애완동물/동물
f79zIOFmAdk,이케아 강아지 꿀추천템 BEST 3! 가성비 최고👍,꼬불하개파마Curly Perma,이번 썸네일 역대급인것같아요! 그리고 아마 하네스는 파마가 가슴둘레가 유난히 더 넓은 스타일인 푸들이라 맞지 않았던게 아닌가 싶어요! ||| 파마가 갈수록 사랑스러워지고 있어요ㅜㅠㅠㅠㅠ처음 파마영상속 파마랑 같은 강아지라곤 상상도 못할정도로 활발하고 언니야랑도 너무 잘놀고..언니야오빠야가 얼마나 사랑을 주었는지 영상을 보면서 매번 느끼고 있습니다ㅠㅠ ||| 식기는 뭐 쓰시는건지 여쭤봐도 될까요 ㅠㅠ 높이도 높고 크기도 적당하고 디자인도 이뻐서 혹하네요..! ||| 집도 이쁘고 파마도 이쁘고. 언니 목소리도이쁘고 오빠도 다정하고. ||| 파마언니 목소리 힐링되염...💕,애완동물/동물
A6OzaI4XKe8,강아지  첫목욕 이렇게 하면 평생이 편해짐,댕댕이스토리TV,항상 잘못된 방법으로 씻겨주는 견주들 보다가 이거 보니까 속이 다 시원ㅠㅠㅠㅠ모든 견주들 모두 이영상 보게했음 좋겠어용...ㅋㅋㅋㅋㅋㅋㅋ ||| 나쁜뜻으로 하는게 아니라 강아지 물적시니까 귀여운 아기대걸래 같아요ㅠㅠㅠㅠ 너무 귀엽네요ㅠㅠㅠ ||| 기특하네요 애긴데 넘 착해 이뽀요 ||| 정말 얌전하네요... 낑낑거리지도 않고 낯설어하는것같은데 폭풍칭찬을 해주니 알아듣고 얌전하게 있는것같아여ㅋㅋㅋㅋㅋㅋㅋㅋㅋㅋㅋㅋ 진짜 너무 긔여워요ㅠㅠㅠㅠ ||| 애기 너무 순해요 ㅠㅠ,애완동물/동물
3TxoAlxbBKo,"강아지 힐링음악, 강아지가 좋아하는 음악 🎵(혼자두고 외출할때 틀어주세요)/ 분리불안,심리안정,수면유도 healing, relaxing music for dog",뽀송뽀송 bbosong,술 먹고 개 된 형한테 들려주니까 잘 자네요  700개 감사합니다❤️ ||| 고맙습니다. 10여년간 우리집에서 함께 생활해 온 강아지가 무지개 다리를 건널 때 이 음악을 틀어주었습니다. 덕분에 편안하게 숨을 거두었어요. 생각이 날 때마다 듣고 싶어요. 제발 지우지 말아주세요. 지금도 24시간 이 음악을 플레이 하고 있습니다. ||| 강아지 놀랄까봐 광고 안넣은 당신은 도덕책📚 ||| 제 여동생이 개띠인데 듣다가 잠들었어요 ||| 우리강아지 오늘 힘든치료하고 앞으로 살날이 얼마안남았습니다. 모든걸 얼마남지 않은 우리 강아지에게 해주고 싶네요. 감사합니다.,애완동물/동물
OVb7j9QqdWY,강아지 유튜버는 어떤 장비를 사용할까? / 시바견 곰이탱이 캐논 M50 카메라 리뷰,시바견 곰이탱이여우 Shiba GTY,"드디어 곰탱이 채널에도 캐논 카메라 협찬이!! 반려동물을 처음 찍을 땐 휴대폰 카메라로 찍는거를 추천해드려요  하지만 스마트폰으로 찍으면 찍을수록 매번 아쉬움이 남죠~ 그럴때 이번에 캐논에서 출시한 M50 강력 추천드려요 정말 크리에이터가 필요한 기능이 다담겨있어요 (틸트액정,터치지원,휴대성,외장마이크지원,색감 등등) 특히 빨리켜서 후다닥 촬영하고 편집하는 크리에이터들에게 딱맞는거 같아요!   찌바님들도 반려동물과의 추억을 기록해보세요 우리 모두 크리에이터! 곰탱스타그램>>>https://www.instagram.com/shiba_gomtaeng/ ||| 그와중에 쪼고미 엄마품에 쏘옥❤ ||| 와~~~카메라협찬~~~~~추카추카 드립니다 쪼꼬미가 인형같아여 여집사님 품에 참!아가같이도 안겨있네여  저도 완죤 음~청 기계랑 친하지가 않은 사람입니다 또 컴맹이구여~~~ ||| 우와와와! 협찬 들어온거 축하하시바! 오늘도 우리 곰탱이는 너무 귀엽다 시바!♥️ ||| 진짜 좋은제품입니다 카메라 진짜 좋아요  😁😄😁😁👍👍☺☺☺☺💕👍👍👍",애완동물/동물
Px88Bsf0gPo,펫스테이지  강아지 우드스틱 (개탱자 먹방 ASMR 🎤) petstages wood stick,탱자,너무 이뻐요 주인잘만난듯 울집복순이는  밖에묶어놓고 있는데~~ 잘보고 좋아요  누르고 갑니다 ||| 탱자 너무 좋아하네요 ㅎ ||| 안녕하세요 탱자님~ 저도 놀러왔어요~ 탱자가 아주 건건하네요 ^^ 개구장이끼도 있는듯하구요~ 앞으로 탱자의 모습 지켜보는것도 재미있겠네요~ 저도 구독하고 갑니다 452+ ||| 소리 참 좋아요~~ 아그작아그작 asmr ||| Happy dog happy people like,애완동물/동물
CTxvGtuIrxs,[토마고]강아지 부분미용부터 발톱까지 요점정리 (with.토마고),TOMAGO kltech,,애완동물/동물
S8xSnfrKBy8,[순간포착 세상에 이런일이] - 혼자 버스타는 강아지 / 'What on Earth!' Ep.1013 review,SBS ,멍멍이를 반갑게 맞이 해주고 태워주는 버스 기사님과 내쫓거나 싫어하지 않고  예뻐해주고 쓰다듬어 주는 승객분들이 참 좋은 분들이네요. ||| 이렇게 개를 천대하지 않으시고 버스를 태워주셔서 초롱이가 자기 가싶은곳을 간다는게 신기하고 똑똑 하내요  버스 기사님 감사합니다 ||| 강아지 친구끼리 부둥켜안을때 졸귀ㅠㅠ ||| 견생 몇회차야ㅋㅋㅋㅋㅋㅋㅋㅋㅋㅋ평소 알고지낸 버스 기사님ㅋㅋㅋㅋㅋㅋㅋ ||| 이거본방봤는데 버스타고 친구만나러간거임 전문가였나 얘가 버스를 무서워할법도한데 이걸타면 친구를만날수 있다는 생각에 매일타고 다닌거같다고함 그리고 그개친구가 같은 수컷이였다는거 ㅋㅋ그냥 친구임,애완동물/동물
4jLZLU2ZMLo,강아지 고프로 마운트 리뷰,순돌이와친구들,순돌이 고장났다ㅋㅋㅋㅋㅋㅋㅋㅋ순돌이한테 너무 크긴하네요ㅋㅋㅋ쫑쫑거리고 다니는모습이 보고싶긴하지만 순돌이가 싫다니까 어쩔수없는걸로ㅋㅋ ||| 역시 순돌이 엉아님은 순돌이가 불편하면 안하시네요 정말로 순돌이을 정성으로 키우시네요 ||| 오리주둥이. 강아지 신발. 강아지 요거트. 구명조끼에 이어 하루살이 인생으로 전락... ||| 순돌이: 얼음!!! ㅋㅋㅋ   땡!!! 해주고싶네요~😊💕 ||| 한 번을 짖지않고 꼼짝않는 순돌이.. 너무 순해요. 순돌이 시점으로 보는  엉아가 궁금했는데 ㅠㅠ  그래도 각선미 잘 봤어요! 헿,애완동물/동물
ZE2Fht9J8iE,강아지도 마사지 시원한 거 알아요,동동ZOO,아고 사랑스런 솜뭉치 ||| 강아지 눈 감은 모습이 너무 귀엽 윽?! 심장이 ||| 가만히 넋놓고 있는게 더 개신기하넹 ㅋㅋㅋㅋ 찐빵 주무르듯 주무르시넹 ㅎㅎㄹ ||| 와.. ㅋㅋ ㅋㅋㅋ 강아지 엄청얌전하네 ㅋ귀여워 사르륵 녹는다❤ ||| 아니 무슨 얼굴을 찹쌀떡마냥 주물럭대넼ㅋㅋㅋㄱㄱㄱ,애완동물/동물
3sCWuO36SqM,하림펫푸드 더리얼 크런치,하림펫푸드,,애완동물/동물
azwoVS5gCg8,완전 실용적인 1년반 사용한 강아지 이동가방 - 팀벅2 muttmover 1세대 리뷰,Puppy Namsan 으로 채널이전했어요,,애완동물/동물
CwkKToQi_pY,다이소 강아지 용품 언박싱편!! 땅콩아 산책 가즈아~~ [심심풀이땅콩],심심풀이땅콩,와 감사합니다^^~ ||| 땅콩님은 구독자가왜별로없으실까요..??엄청 편집잘하고좋은데요ㅎ♡땅콩이 너무귀여워요! ||| 심심풀이 땅콩님 오른쪽 손에있는점이 제 점위치랑 같아요! 저도 오른쪽에 심심풀이님처럼 점이있는데! ||| 강아지 몇개월이에요? 저희집강아지랑 정말 닮아서 정이 더 가네용ㅎㅎ ||| 치약은 필요 없나요?아무나 답변 부탁드려요ㅠㅠ,애완동물/동물
evyC-oeQ-c0,천재견 테스트를 해보았어요! 강아지 지능개발 장난감 리뷰 :),소녀의행성 Girlsplanet,🎉밤하느리님 구독자 ❤100.000❤ 진심으로 축하해욤🎉 ||| 아따 우리소녀 터프하고 거침없는게 완전 상여자다잉 ||| 애견 지능 테스트치곤 난이도가 굉장하네요 일단 나부터 할 수 있을지..댕청댕청 ||| 아닠ㅋㅋㅋㅋㅋㅋㅋㅋㅋ 그전에 영상하고 너무 목소리갘ㅋㅋㅋㅋㅋㅋ행성이한테 하는 이눔쉐캬와 너무 갭차이갘ㅋㅋ,애완동물/동물
PewPkk2CQIA,[리뷰] 강아지 정수기 구입후기! +고양이 DOGH2O / 강아지 물통을 쓰면 안되는 이유 / 일상 데일리 vlog,모네티비,+오래 두면 이끼 비스무리한거 생기네요...ㅋㅋ... 그냥 매번 새로 물 갈아주는게 낫네요 ㅋㅋㅋㅋㅋ!!지금 안쓰는중입니다 ||| 나레이션뭐죸ㅋㅋㅋㅋㅋㅋㅋㅋ넘나웃김ㅋㅋㅋㅋㅋㅋ아니 그나저나 멍뭉이 정수기라니 대박신박아이템이네요...!!!!!!!!! 사고싶다갖고싶다ㅠㅠㅠㅠ (영업당함) ||| ♥ ||| 모네 그러니깐 아네모네 꽃이 생각나네요. 말티즈들은 다 귀여워요^^ ||| 강아지 귀여워여 말티즈 키우고 싶네여 저도,애완동물/동물
LJqXlQdSCww,초소형 강아지 ~ 화이트포메라니안 이오스 왕자님!,포메라니안 도그캐슬,[Official site]  http://www.dogcastle.co.kr  [Facebook]    https://www.facebook.com/dokaecheo [INSTA]          https://www.instagram.com/dogcastle_us ||| 이영상보고..보고..또 보고...한10번은본것같애요 이런귀요미영상보면힘이나요 구독.좋아요누를게용 ||| 꺅!!!!!!!!!!!!넘 귀여워~^^♥♥♥♥♥♥♥😍😍😍😍😍😍😍 ||| 귀엽긴 한데...한편으론 불쌍하네요 인간들에 의해 저렇게 까지 작아지고..ㅜㅜㅜ ||| 와 너무 귀여워요  심쿵,애완동물/동물
3iAs8HLc_eo,[개스맨] 강아지 간식 고를때 꼭 확인하세요!!ㅣ반해,펫 어드바이저_반해,"안녕하세요~ 개스맨입니다. 오늘의 하이라이트는 썸네일 이었으나 언급이 없군요 (ㅜㅜ... 속상) 이번 편 보고 혼란스럽고 어려우실겁니다.  하지만 저의 역할은 어디까지나 여러분에게 가이드라인을 드리는 거고,  모든 선택은 보호자님이 직접 하셔야 합니다! 꼭 알아두시고 잘 비교하시면 좋겠습니다 :) (제 말이 100% 맞는 건 아니라고 생각합니다, 이 점도 꼭 생각해주세요) ||| 아 진짜 개스맨형님 채널은 무조건 흥해야한다. 이제부터 초보견주들 꼭 봐야하는 정보로 세나개 반해  이 두개 무조건 추천합니다 제가 홍보하겠습니다 ||| 정말 개스맨님 없었다면... 제가 우리 몽실이를 잘 키우기 힘들었을것같아요,, 개스맨님 덕분에 어떤 사료를 먹여야할지도 알게되었고 영양제 보조제도 알게되었고, 구별하는 눈도 점점 생기는것같아요! 정말 감사해요! 아직 5개월이지만 우리 몽실이랑 20살까지 잘 살아보겠습니다! 그때까지 계속 좋은 영상 부탁드리겠습니다~~ ||| 아침저녁으로 사료위에 삶은 당근 작게 잘라 토핑, 간식으로 오이 주는데 괜찮겠져?! ㅎㅎ 1년째 꾸준히 개스맨 채널보며 공부하구 있어요 가금류 알러지가 있어 사료고르는게 쉽진 않지만 늘 많은 도움이 됩니다!! 강쥐 사료 고르는게 참 쉬운일이 아니네오 ㅠㅠ  감사해요!! ||| 이런정보 감사합니다  중국산 간식은 처음부터 안먹였었는데 역시 생각했던 것처럼 안좋군여...병원 원장님도 간식이 좋은게 아니니   질좋은 사료나 가끔씩 집에서 만들어 주는거 추전해주던데 개스맨님도 똑같은 말씀을..",애완동물/동물
UTMkSdauw0s,강아지 힐링 오르골/강아지가 좋아하는 노래/강아지 치유 음악/강아지 수면 음악/마음이 편안해지는 노래/강아지가 좋아하는 음악,린다,"몇년전부터 천둥번개로 괴로워하는 아이 들려주면 조금 진정되었어요. 오늘 아가를 보냈는데, 고통스러워할때 이 음악을 들려줬네요. 저한텐 너무 소중한 음악이니 꼭 삭제하지말아주세요❤ ||| 노래를 틀어주니깐 자동차 보길래 마사지를 해줬는데 눈이 작아지면서🦐  잤어용... 감사해요! ||| 마사지도 해줬더니 정말 금방잠들었어요 정말 감사합니다 앞으로 좋은 일만 가득하길 발할게요.! ||| 이 노래 들으니까 우리 집  강아지  정말 잘자네요! ||| 근데 엄마 나갔다고 낑낑거리다가 쇼파에   와서 끙 데고 자요...😊🤣",애완동물/동물
Odti6Wfh118,"강아지 애견 용품점 털기 80만원 쇼핑했어요 / 신기한 애견 간식,용품,시바견 아이템 털기/ Shibainu 곰이탱이",시바견 곰이탱이여우 Shiba GTY,처음  꿀벌옷 너무너무 사랑스럽고예쁘게생겻개 ||| 집사님들 이번 영상 길이 사랑합니다 ㅠㅠㅠㅠㅠㅠ 3분씩 5분씩 감칠나게 보다가 15분보니 넘 행복했어여 ㅠㅠㅠㅠ 앞으로도 이런 긴영상 .... 부탁하겠시바❤️❤️❤️ ||| 곰탱이 머그컵 빨리만들면 좋겠개! 그리고 곰탱이 꿀벌옷보고 눈호강 제대로 했게💕 ||| 여집사님 ㅋㅋㅋ 처음부터 예고없이 갑작스레 꿀벌 시바들 보여주면... ㄹㅇ 심쿵사에요;; ||| 꿀벌옷 입었을때 너무 귀여워요~~>< 77ㅑ아아아아~~~(반함),애완동물/동물
CWx32iciSFY,SNIFFIZ 스니피즈 터그폴 강아지 터그놀이 장난감 / 반려견장난감 추천!,Mr.Freely미스터 프릴리,,애완동물/동물
Pgu9hkDpWd0,두즈 애견드라이어 / DUZ Hands Free Dryer / 시즌2,두즈 드라이기,기능을 좀 설명해줘야지 원,애완동물/동물
xrxGlbd-IV8,"강아지 상식 ""반려견 건강을 망치는 한마디! Top3",최경선 박사의 강사모 TV,,애완동물/동물
NNprmOPinRw,"강아지,고양이 박람회 케이펫페어를 가다 / 집사 일기!",고양이발자국Catfootprint,본방사수했던 방송인데 사료와 모레에 대한 유익한 정보 감사해용 자국님🤗 냥글라스..귀여워😍 저도 넘 사고싶다는ㅋㅋㅋ 펫페어 행사에 고양이 용품이 더 많아졌음 좋겠네용! ||| 오 대박 항상 케펫페나 고런데 가시면 가보고싶은 맘이 뿜뿜 ㅎㅎㅎ ||| 우왕 케이펫페어!!! 엄청 다양한 상품들이 많네요!! 아이들 한복에 너무 눈이가요♥ 내년 설날엔 꼭 릴리한복을 해주고싶어용 ㅎㅎ ||| 모래가 탐나는군요-!! ||| 케이페페어에서는 다양한 신상품들이 엄청 많네요!! 요즘 환절기라서 감기 조심하세요...,애완동물/동물
hZ5GNGkRqUs,반려견(강아지) 피부보습과 가려움에 좋은 음식은?,최경선 박사의 강사모 TV,많은도움이될꺼같아요 ㅎㅎ감사합니다 산이가심하지는않은데약간에알르레기피부염이좀있어서쫌자주 긁거든요 ㅎㅎ감사합니다,애완동물/동물
rfCVsHZdw6w,강아지와 장난감 밀당,순돌이와친구들,순돌이가 유일하게 주인말안들을때ㅋㅋ너무귀엽네요 강아지못키우는 한을 순도리보면서 대리만족합니다 ||| 저 똘망똘망한 눈 보소... 우리 강아지 더 이상 나이를 안 먹었으면 좋겠다... 하지만 그게 안되요... 우리 말티즈 강아지는 8월 8일에 15살로 하늘나라 갔습니다... 그립고 보고 싶고 미안하고 그립고... ||| 순돌이 너 움직이기 귀찮았구나? ㅋㅋㅋㅋ 형아를 수족으로 부리는 순돌이ㅋㅋㅋㅋㅋ귀여우니까 우리순돌이는 순돌이가 하고싶은대로 다해♡ ||| 순돌아. 형아랑 장난치는 소리에 잠시 깼다. 또 자야 해. 순돌이도 어여 이브자리 펴고 굿나잇.♡♡ ||| 순돌이 영상 보고있으면 나도모르는 사이 아빠미소짓고있는 저를 발견하네요,애완동물/동물
SdVgMbUXZ2M,강아지 노즈워크 공룡알 갖고놀기,신비쥬,졸귀탱,애완동물/동물
gUovBXErqWc,강아지와 산책할 때 배변처리 꿀팁♥ 퀵백 리뷰,포메라떼,아니ㅋㅋㅋㅋ★모양이 센스있네용,애완동물/동물
YIuCSpWrGWA,"[도그원 Pet TV] 강아지 보양식 더독 삼계탕, 삼계죽 솔직 리뷰! / 애견간식 / Dog Food Review",Dog1 Pet TV,"반려동물 전용 삼계탕, 삼계죽! 솔직하게 리뷰 해 보았습니다 😄👍",애완동물/동물
5y6BGLihdKA,강아지의 여름나기 준비 ☀️ 강아지 해먹 리뷰,포메라떼,헐 라떼가 겁많아서 못올라갈줄알았는데!!! ||| 영상 이제 안 올리시나요?즐겁게 봤는데  이렇게 이쁜 유튜버가 구독자가 8명?저 구독해요~~^^다시 가능하시다면 영상 부탁드려요ㅎ,애완동물/동물
byWsx1AetWY,두즈 애견드라이어 / DUZ Hands Free Dryer / 시즌2,두즈 드라이기,,애완동물/동물
aEA5yylv2e0,강아지 양치질(이라 부르고 극한직업이라 쓴다_dog toothbrush),빵떠기,그리고 물그릇 위에 캡도 제거 해 주세요 식후 충분하게 섭취하는 물은 강쥐들 양치 효과도  있고요 아이들이 충분한  물섭취를 해줘야  결석  예방도 됩니다 ||| 강아지 칫솔질 목욕 드라이는 진따 전쟁임 6.25때 난리는 난리도 아님요 ㅋ ㅜㅜ ||| 양치 시킬때  제발  물티슈 사용 하지 마세요 약품 처리된 물티슈인데  입안닦이면 안되요 거즈 손수건이나  거즈 붕대  잘라 사용하세요,애완동물/동물
A1aVIxrT_Lk,앞서 구한 귀여운 새끼 고양이의 깜직한 행동 1.,comza,,애완동물/동물
bf_QdVFhZnw,다른 애완 동물과 귀여운 고양이 행동,TiTi,,애완동물/동물
1izQ9lYXd7w,물티슈를 본 냥냥이가 한 행동?!,MetroSickGuy,,애완동물/동물
U5_O5_LtKFw,고양이의 귀여운 행동,DR CHOI,,애완동물/동물
Ee6FwffiAMQ,신이 내린 목소리    소름 ㅎㄷㄷ,인공지능 애나,"갑자기 알고리즘에 떠서 본사람 개추 ||| 들어오기전 : 보이스코리아 들어온후 : 세상에이런일이 ||| 천사같은 목소리로 노래 부를 줄 알았는데ㅋㅋㅋㅋㅋㅋㅋㅋㅋㅋㅋㅋ ||| 허억,, 충격적인 목소리 재능이예요. 옆에 있으면 정말 동물이 있는줄 알겠어요. 사람은 아무리 동물소리 흉내낸다해도 티가 나는데 이건 정말 다릅니다 ||| 귀에 꽂은 연필이 신과 연결하는 안테난가..?",애완동물/동물
L17MD6AFPOk,입벌린 고양이가 얼마나 귀여운지 아시나요,cats diary삐뽀일기,혀 빼꼼 너무귀엽다ㅜㅜㅜ,애완동물/동물
zobL5EkZpjU,시골 고양이 강아지 싸움 ※귀여움 주의※,초코별외계인,,애완동물/동물
BTdWqXuZFEs,귀여운고양이  짧은 영상,jkss,,애완동물/동물
aUlq8GAhSac,아기 강아지를 공격하다 혼쭐난 고양이~~~,카페 사장님의 키토 베이킹,잘 노는대여 장난치고 양이는 또끼고 ㅎㅎ 톰과제리같이 치고 빠지고 양이승리! ||| 넘기엽다 ||| 귀엽네요ㅎㅎㅎ ||| 울집 냥쓰 멍쓴 사이좋던데 저렇게 ㅋㅋ  처음에도 개쪽이 낑거리더니 사이좋게 잘놀더라고요 ||| 둘이 좋아하네요 ㅎㅎ,애완동물/동물
y6Nz_Z7Q1UA,길고양이기분좋아서,수경뚱뚱,😍😍😍😍😍😍😍 ||| 😍😍😍😍😍😍😍😍😍😍😍😍😍😍😍 ||| 💙💙💙💙💙💙 ||| 귀여워,애완동물/동물
UTw65AIsxJ0,고양이 울음소리,GS97,귀여워.... ||| 먕 ||| 자연스럽게 올라오네 ||| 귀여워,애완동물/동물
lXMlZnoo8tM,[세로영상] 고양이의 이유없는 행동의 이유?!,서집사Among_Pio,너무 귀여워서 중독성이!!ㅎㅎ ||| ㅎㅎㅎ 귀요미~^^ ||| 고양이가 저러는 이유 : 집사를 놀아주기 위한 큰그림ㅋㅋㅋ ||| 오늘도 역시 귀엽네요ㅎㅎ 잘보고가요~~ ||| 호기심이 정말 많은친구라는 생각이 늘 드는거같아요!!  ㅎㅎㅎ작고 귀엽게생긴 물감에 관심이많은게 ㅎㅎㅎ 너무귀엽습니당!!,애완동물/동물
hlgklYpNyuE,새끼고양이가 너무 귀여운 고양이,사랑스런 댕댕이,어머 너무 귀여워요 >.<,애완동물/동물
NainHPiE0pE,힐링되는 귀여운 고양이 애교(feat. 혼자놀기),thanos,,애완동물/동물
5OZRd0B1ejE,동영상 촬영이 싫었던 프레리독의 충격적인 행동[프댕이],프레리독프댕이,프댕이: 찍지마! ㅋㅋㅋㅋㅋㅋㅋㅋㅋㅋㅋㅋㅋㅋㅋㅋㅋ 마음의 상처 ㅠ ||| 짧고 강하다 ㅋㅋ아 귀여워ㅜㅜ ||| 아 ㅋㅋㅋㅋㅋㅋㅋ육성으로웃었넼ㅋㅋㅋ아,애완동물/동물
EJJLDZ7mPDY,[동물농장] 시골고양이,둥지206,넘 귀여운 시도네요^^♡ ||| 귀여워,애완동물/동물
W4hDMfOmvK0,마술하는 고양이,깡패냥,귀여워 ㅋㅋ ||| 고양이 등근육이.. ||| 시..심장아 나대지마 ||| 어디루 사라진겨? ||| ㅋㅋㅋ,애완동물/동물
867vxHa6siY,짧지만 귀여운 치콩이~,치순이(Chisoon),조그만 가방에 얼굴만 쏙 내밀고 있는거봐ㅋㅋㅋ 콩이 너무 귀여워 ||| 여행 갈 때 짐 잘 싸주는거 콩이 침대로 딱이네요 😍😍 귀여웡 😚 ||| Chisoon~~~~love u ||| 콩이의 커다란 몸이 저 작은 가방에서 나오다니ㅋㅋㅋ 넘 귀여워요ㅋㅋㅋㅋㅋㅋㅋ ||| 귀요미 치콩이♡,애완동물/동물
-rXUpzysYCA,페르시안 고양이,정회장TV,,애완동물/동물
j9YoMnOf5ww,웃긴영상 귀여운영상 사랑스러운 영상 심쿵주의 배꼽주의,커멉,"정찰중이신가옹??ㅋㅋㅋ👀 ||| 그녀는 너무 수줍음이 많은데, 그녀는 무엇을 보고 있는 걸까요?😂 ||| 미어'캣' ||| ㅋㅋㅋㄲㄱㅋㅋㅋㅋ",애완동물/동물
JQOajmKjs6Y,손주는 고양이 본격 검증타임! Testing hodu,고양이호두TV,,애완동물/동물
0H5q1VypwvY,캣잎사탕 처음본 아깽이,송편쵸파,,애완동물/동물
T5gFrk5nwo4,고양이 요플레 !!,로이JOY,,애완동물/동물
bMmcbK2Id4s,현관문을열어놨는데......길고양이가?!,펰귄귄,댓글 많이달아주세요~ ||| 70회 넘은거 실화냐?!++감사해용♡ ||| ㅇㄷㅇ. ||| 와~실화냐?!,애완동물/동물
kAtptk8n0V8,개와 고양이의 귀여운 행동 너무 큐티!,배준상,,애완동물/동물
km_XLCwaz4k,고양이 수박 먹기!!,neko kim,아이 이뻐라+.+♡,애완동물/동물
aarwopKvruY,애교없는 고양이가 애교부릴때ㅜ,지안,심쿵..❤️,애완동물/동물
_TzvHTO30ow,아기고양이 목 뒤 잡았을때 반응!! 신기신기,도도는귀여워!,목뒤에 잡는거는 안정감을 느끼게해주는거랭 근데 진짜 교미교미 하당💚💚💚 ||| 귀여워요 구독누르고갑니다 시간나심제영상도 보로와주세요 삼사십마리케어하는 냥이엄마죠 ||| 귀여워ㅋㅋㅋㅋ,애완동물/동물
VED6v1Q_v3c,당근먹는 토끼,집구석토끼,쌤 토끼영상 많이 올려줘여어ㅓㅓ끆ㄱ끄얶흒끕..끆껑껑..끆끆흡끅..흡꾺꾺꾹ㄱ끄엉..구독 O지게 눌렀슴다 쌤 사랑해유...💚   쌤(은 그짓부렁 토끼)을 사랑하는 2반 반장님 ||| 댕청하게 생겼다 ||| 당근 많이 맥이면안되는데,애완동물/동물
3jzSF4n6bcQ,너희는 사랑이여라,우당탕 함모니!!,좋은 집사들를 만났으면 좋겟어요,애완동물/동물
Db6MoG0OCzw,문 열어달라고 압박하는 고양이(맹수 같은 눈빛),동동ZOO,깡패냥이네요 ㅋㅋㅋㅋ ||| 냥이 : 빨랑 문열어라 1초 늦을 때마다 한대씩이다 ㅡ ㅡ,애완동물/동물
VPDs2XKBJH4,고양이가 강아지 그루밍,투명인간,,애완동물/동물
SaFdm6By81Q,고양이고장내기 1탄!,쭈쭈뿌뿌,,애완동물/동물
-NtZbQKRICk,태어나서 처음 신발 신어본 8살 고양이,마로짱,등치는 곰만한데 신발 신으니까 발이 겁나 작아보임 ㅋㅋㅋㅋㅋ 하이힐 신은거 같이 보여요ㅋㅋ거기다 털기까지ㅋㅋㅋ 왜 우리집 고양이는 살이 안찌는거야ㅠㅠ ||| 완전 귀여워 ㅠㅠ ||| 심기불편 ㅋㅋㅋ,애완동물/동물
eKLqYUrZA1A,귀여운 길고양이 영상,USOU,,애완동물/동물
_1Xc2wUU-3I,동물농장 검은 고양이,강단오,,애완동물/동물
ghI5c0SG1gA,요가하는 고양이~~,철호TV,,애완동물/동물
sFvNYZ0rCas,간식 먹는 갈비(스코티쉬폴드) 고양이 먹방,김갈비,,애완동물/동물
2ll1MTu1fOQ,[도그마루]  귀여운 고양이 세마리 편하냥~,도그마루,,애완동물/동물
ahshijJuzMk,박스와 싸우는 귀여운 새끼고양이^^,자연인!,,애완동물/동물
viqPtZGJOfc,세상에 이렇게 사나운 뽀시래기가 다 있나,방구탄소년단,,애완동물/동물
Ut_34kChGxw,골든리트리버[현식이의하루#3] 방금밥먹었는데 밥그릇가져오네ㅋ_ㅋ,윤현식이의세상,밥그릇 ㅋㅋㅋ귀여어,애완동물/동물
o2FyujDRmPY,시츄 낯가림,하주니TV,,애완동물/동물
FO0CL6CP4fE,주인에게 점프해서 안기는 고양이 A cat jumping to the owner,왜너만 고양이 없어?,별이달이의 일상을 보여주신다면서 왜 3개월전에 업로드가 끊겨있죠?,애완동물/동물
SzJ-5NCfPcM,고양이 뒤통수 몰래 때리다 걸리면 어떻게 될까,모멍냥,ㅋㅋㅋㅋㅋ 정답은 `도망간다` 고양이 넘 귀여워요~ 구독 누르고가요 제 체널도 놀러와주세요 ^^,애완동물/동물
IPOKGMYjbGs,YOU QUIZ ON THE BLOCK ′유 퀴즈~?′ ′노!′ 최초로 퀴즈 거절당함 180926 EP.5,tvN Joy,진짜 레전드닼ㅋㅋㅋㅋㅋㅋㅋㅋㅋㅋㅋㅋㅋㅋㅋㅋㅋㅋㅋㅋㅋㅋㅋㅋㅋㅋㅋㅋㅋㅋㅋㅋ할머님들 너무 유쾌하세요!!!!! ||| 안합니다! ㅋㅋㅋㅋ NO! ㅋㅋㅋㅋ 두번째는 Yes라고 예상했는데 NO!ㅋㅋㅋ ||| 0:39 찢었닼ㅋㅋㅋㅋㅋㅋㅋㅋㅋㅋㅋ ||| 100만원을 포기하고 레전드를 남긴다 ||| 0:22 ㅋㅋㅋ,예능
uAxNGGHJMsc,[유퀴즈온더블럭] 유재석 갈굼에 결국 터진 조세호,tvN Joy,"유느가 조세호 웃음포인트를 알고 일부러 갈구는듯 그는 억울하거나  빡쳐야 꿀웃음이 나오니ㅋㅋㅋ ||| 무한상사 유과장 같앜ㅋㅋㅋㅋㅋㅋㅋ ||| 채널 돌리다가 유재석, 조세호 두분이서 정장입고 재밌게 놀길래 봤는데 그게 본방 1회였고 유퀴즈 덕분에 한 시즌을 재밌게, 유쾌하게 시청하고 보냈어요 꼭 시즌2에서 보았으면.....근데 확실히 할거 같은데.....너무 재밌게 봐서 ㅎㅎ 생각 보다 몰랐던 분들이 많은듯 이제라도 많아 알아서 시즌2에서 대박쳤으면 좋겠네요 ㅎㅎㅎ ||| 근데 진짜 길거리에서 둘이 저러는 거 너무 웃김 ||| ㅋㅋㅋㅋㅋㅋㅋㅋㅋㅋㅋㅋㅋㅋㅋㅋㅋㅋㅋㅋㅋㅋㅋㅋㅋㅋㅋㅋㅋㅋㅋㅋㅋㅋㅋㅋㅋㅋㅋㅋㅋㅋㅋㅋㅋㅋㅋㅋㅋㅋㅋㅋㅋㅋㅋㅋㅋㅋㅋㅋㅋㅋㅋㅋㅋㅋㅋㅋㅋㅋㅋㅋㅋㅋㅋㅋㅋㅋㅋㅋㅋㅋㅋㅋㅋㅋㅋㅋ내가 유재석이었어도 개놀렸다 진짜 너무 귀여움ㅋㅌㅋㅋㅋㅋㅋㅋㅋㅋㅋㅋㅋㅋㅋㅋㅋㅋㅋㅋㅋ",예능
IMeab83UpCk,"유재석-조세호, 점심은 까르보나라로 극딜 | 유 퀴즈 온 더 블럭 YOU QUIZ ON THE BLOCK EP.4",tvN Joy,조세호와 케미가 진짜 좋다ㅋㅋ 유느님이 즐거워 하는게 보인다 ||| 눈빛으로 때리는 중 ㅋㅋㅋㅋㅋㅋㅋㅋㅋㅋㅋㅋㅋ😂😂😂😂😂😂😂😂 ||| 자기야 ~ 너 이러시면 ㅋㅋㅋ 두분땜에 웃네요😁😁😁 ||| 2:22 내껀데 왜 사진을 찍어욬ㅋㅋㅋㅋㅋㅋㅋㅋㅋㅋㅋㅋㅋㅋㅋㅋ ||| 인기있는 이유가 있네요,예능
M_7rWXqevtw,"마음이 너무 예쁜 남매, 감동이야ㅠㅠ | 유 퀴즈 온 더 블럭 YOU QUIZ ON THE BLOCK EP.2",tvN Joy,어디가 아팠는지는 모르지만 자상하고 정말 좋은 오빠네요. 사랑한다는 말도 서슴없이ㅎㅎㅎ 내가 정말 아플 때 가족이 옆에 있다는 게 큰 힘이 되거든요. 훗날에 오빠가 결혼을 한다면 일등 신랑감이네요 ||| 아프기전에는 오빠랑 여행도 많이다녔는데 이제는 못간다고하니 마음이 아프네요. 여행을 떠나지못할정도로 많이 아프신것같은데 하루빨리 건강 회복하시길 바래봅니다. ||| 오빠분은 마음씨도 착하시고 얼굴도 잘 생기시고....ㅎㅎ  이제 아프지 마시고 항상 건강하시고 고3생활 잘 보내셔서 앞으로 꽃길만 있으시길 기원합니다! ||| 2:55 너무 귀여워ㅠㅠ ||| 첨에 영문도 모르고 영상 틀어서 100만원 상금만 부러웠던 자신이 부끄럽다.. 정말 보기좋은 남매인듯 여동생분도 빨리 완쾌하시길,예능
gTcQoAMBbwo,"여수 팔시누이, 왜 자꾸 웃음이 나지? | 유 퀴즈 온 더 블럭 YOU QUIZ ON THE BLOCK EP.4",tvN Joy,아주머니 복 많이 받으세요..♥ ||| 최소 두번이상 보신분 ?ㅋㅋㅋㅋㅋ ||| 어머니  썬구리~ 넘 멋져요 ||| 여수 팔시누이ㅋㅋㅋㅋ ||| 너무 재미나요,예능
iCOyLABbAVk,역시 깔~끔한 꿀 조합! 떡볶이와 김밥 냠냠 | 유 퀴즈 온 더 블럭 YOU QUIZ ON THE BLOCK EP.8,tvN Joy,난 그냥 일상적인게 찬 좋다 이 프로 짱 ||| 샐러드 빵에 미련 철철 ㅎㅎ 진짜 맛집인가봐요 ^^ ||| ㅋㅋㅋㅋ ㅋㅋㅋㅋ ㅋㅋㅋㅋ ㅋㅋㅋㅋ ㅋㅋㅋㅋ ㅋㅋㅋㅋ ㅋㅋㅋㅋ ㅋㅋㅋ큰자기님 아기자기님 두분 넘좋아요유느님오래오래 영원하라 사랑해요 ||| 마쉿겟다 ||| 맛있게다,예능
ORMFzH6QkGw,초딩친구들의 ′정곡을 찌르는′ 조언  | 유 퀴즈 온 더 블럭 YOU QUIZ ON THE BLOCK EP.1,tvN Joy,00:23 말이 씨가 되었다...  이 어린이는 1년 뒤... 너~~~무 긴 방학을 겪게되었다는 슬픈 전설...ㅠㅠ ||| 말잘하내 귀엽다 ||| 잘 되세요ㅋㅋㅋㅋㅋ ||| 둘이 어깨동무 하면서 가는거 왤케 기엽냐ㅋㅋ ||| 너무 예쁘네요^^,예능
MALx2isDx9Q,자기야 이건 어때? (곰탕과 김치 같은 둘 케미) | 유 퀴즈 온 더 블럭 YOU QUIZ ON THE BLOCK EP.2,tvN Joy,두 사람 케미 은근 괜츈 ||| 국밥 별로라고 해놓고 왜 곰탕 먹으러 왔어ㅋㅋㅋㅋㅋㅋㅋㅋㅋㅋㅋㅋㅋㅋㅋㅋㅋㅋㅋㅋㅋ ||| Yu Jae Seok ✨ ||| 부장님이 비위 맞추기 힘드네 ㅋㅋㅋㅋㅋㅋ,예능
EfROS6vyvus,전설의 유재석 댄싱킹 (엑소♥)  | 유 퀴즈 온 더 블럭 YOU QUIZ ON THE BLOCK EP.1,tvN Joy,댄싱킹 출때 팔까지 흔들고 머쓱할때 뒤에 도로에서 빵빵소리 개찰떡인데ㅋㅋㅋㅋㅋㅋㅋㅋㅋㅋㅋㅋㅋㅋㅋㅋㅋㅋㅋㅋㅋㅋㅋㅋ ||| 유퀴즈 이때 감성 너무 좋아함ㅋㅋㅋㅋㅋㅋ정신없는 겈ㅋㅋㅋㅋ ||| 재석님이 안무가 까먹었어 ㅋㅋㅋㅋㅋ ||| 막내 뚝이!! 육아휴직 기간이 너무 길어서 안무 까먹음.. 개인활동 잠시 접고 복귀가 시급함!! ||| 안무 까먹었음 넘 웃곀ㅋㅋㅋ,예능
6Xu8SgGeaIs,"승리, 급 섭외된 상황에도 ‘감출 수 없는 예능감’ @가로채널 1회 20180925",SBS Entertainment,he look like panda 🐼 so cute  the best maknae ||| Does anyone else find it weird seeing Hodong on normal clothes or is it just me? I am so used to seeing him on school uniform with black cape on. Lol. ||| Finally a *man* who loves shoes.  👟👞👡👠👢  😂😂😂 😱 💋 Now I love *Seungri* even more.  💖💖💖 ||| 형 보고싶당 ||| Awwwww he is so considerate of the baby,예능
vRRfT0jASxs,"canijoinyou 김성주&승관 레알 삐침! ′이 예능, 진짜 너무한 거 아냐?′ 180218 EP.2",tvN Joy,나같으면 무조건이다 ㅜㅜ ||| yahhh seungkwannieee is so cute !!! ||| can we have more of seungkwan in that outfit please because _god damn it he looks so good_ ||| *HE LOOKED SO SOFT AND CUTE IN THAT COAT!!!!* ||| seungkwan ><,예능
OR1w6uWQDlM,"이다희, 게임 룰 이해 못하는 예능대세 ‘제작진 개인과외’ 《Running Man》런닝맨 EP527",런닝맨 - 스브스 공식 채널,"2:23 이광수가 자꾸 뭐라하니까 자기도 한마디 하고 싶은데 나쁜말 못써서 마지막에 소심하게 멍청아...! 하고 가는 것 봐 개귀여워 ㅋㅋㅋㅋㅋㅋㅋㅋ큐ㅠ ||| 1:58 때 이광수 이다희가 코치라고 확신하고 찐으로 조언한듯 ㅋㅋㅋㅋㅋㅋㅋㅋㅋㅋㅋㅋㅋㅋㅋ ||| 2:15 꺼지라고 말시키지말라고 ㅋㅋㅋㅋㅋㅋㅋ이건진짜친구다 ||| ""그럼 있지"" 할떄 너무 ~~해 맑은 모습에 심쿵하네 ||| 1:04 카메라 감독도 웃겼나보다 ㅋㅋㅋㅋㅋㅋㅋㅋㅋㅋㅋㅋㅋㅋㅋㅋ분노조절장애",예능
7IIcqTvkywY,예능 하루 선배 이연희의 귀여운 선배포스ㅋㅋㅋ | #섬총사2,Olive,●위하준의 첫 예능! [#섬총사2] 에서 활약하는 💚위하준💚이 궁금하다면? 👉https://www.youtube.com/playlist?list=PLA8tEd3EWkFhH_ACikUa41_esk34FWKWR ●Wi Ha-Joon's first variety show! [#island_trio2]  👉https://youtube.com/playlist?list=PLA8tEd3EWkFhH_ACikUa41_esk34FWKWR ||| Wi ha joon why so cute 😩😘 ||| احب ويها جون كثيرااا Wi ha joon 😭😭❤️❤️❤️🥰,예능
dL0-idPKkWA,"비아이, 예능을 꿰뚫어보는 천재 시인의 자작시 ‘런닝맨’ 《Running Man》런닝맨 EP417",런닝맨 - 스브스 공식 채널,아직도 보러오는 사람 두뺨론 못 잊어서 계속 온다 ㅋㅋㄱㅋㄱㅋㅋㅋ ||| 아 ㅋㅋㅋㅋㄱㅋㅋㅋㅋㄱㅋㅋㅋㅋㄱㅋㄱㅋㅋ 두 뺨론 왤케 웃김ㅋㅋㄱㅋㅋㅋㅋ 다들 공감해서 더 웃겨ㅠㅋㅋ ㅋ 맘빈 보고싶다ㅠ ||| 한빈아..ㅠㅠ 보고싶어..5주년 축하해..기다릴게..ㅠㅠ언제나 ||| 기다려도 못볼거 같아서 기다림을 포기하려고 할때 딱 나타나주니.... 난 아무래도 너 포기 못하나봐... ||| 저거 진짜 잘쓴거같은데 ㅋㅋㅋ ㅜㅜ,예능
EHjFh8njB18,"양세형, 초보 예능인을 위한 ‘말 끼어들기 강의’ ※꿀팁 유의 @집사부일체 47회 20181209",SBS Entertainment,"진짜 이거 너무 꿀팁이에요, 양세형이 알려준 저것들만 가지고 살아도 진짜 말할때 꿀팁💕 ||| 와 이건 진짜 명강의다. 대화의 요소네. ||| 아니 근데 ... 제가봤을땐 사실말이죠  이거 딱 김구라님 스타일인데 ㅋㅋㅋㅋ서장훈님 느낌도 있고 ㅋㅋㅋㅋ ||| 양세형 땜에 들어왔다가 손예진한테도 반하는 영상이네... 웃는거 개이쁘다 ||| 손예진 웃는거 진짜 예쁘네 ㅠㅠ 공주",예능
D-E-kdLJ2PE,[뉴이스트 NU'EST 김종현] 예능 어렵지 않아여 (a.k.a 강릉의아들),ShuaShua,"4:27 형 저번에두 저 안믿어주구ㅠㅠ 너무 귀엽다... ||| 뉴이스트 특집 런닝맨도 나왔음 좋겠당 내년에 선선하게 완전체로 5월이나 6월쯤에 ㅎㅎㅎ ||| 2:22 종현이 휘청 ㅋㅋㅋㅋㅋㅋㅋㅋ귀여워 ||| 사랑하는,김종현,사랑해요😘😘😘😘😘😘😘😘😘😘😍😍😍😍😍😍😍😍😍😍🤩🤩🤩🤩🤩🤩🤩🤩🤩 ||| 아유 귀여워 우리 쫑 ㅠㅠ",예능
GTumCpZNkhM,사쿠라 예능,가간기,아 ㅋㅋㅋㅋㅋㅋㅋ꾸라 은근 예능캐야 ㅋㅋㅋㅋㅋㅋㅋㅋㅋㅋㅋㅋ 귀여워 ||| 사쿠라 개웃기넼ㅋㅋㄱㄱ ||| 사쿠라 존옌데 옆에 비비안 개귀엽닼ㅋㅋ커투튜튜큨 ㅠㅠㅠㅠㅠㅠㅠ ||| 사스가 예능 치트키 벚꽃겅듀님 ㅋㅋㅋㅋ ||| これ、好き、咲良の何食わぬ顔がまた良い。流れ弾(笑),예능
co7SjisXVfk,예능보다 더 웃긴 방송사고 레전드 모음,사이다TV,2:12  저 사람은 실수가 아니라 아예 방송인 자질이 없는 거네  참으려는 노력도 없이 기침을 저렇게 대놓고 할 수가 있는 건가? 가래 끓는 소리 밥먹으며 보다 너무 역겹게 느껴지네 ||| 옼ㅋㅋ 넘 웃겨욥ㅋㅋㅋ ||| 아 사고 봤던거 중에젤 웃겨 ||| 남자라면 유튜브 밥풀소울을 모를 수 없지 ;; ||| 아니 ㅋㅋ 텔론에서 많이봤던짤이 여기있었네,예능
7B76pqypads,"'가나 편의점'같은 샘 오취리 냉장고★ ""다 가져왔어요!"" 냉장고를 부탁해 169회",JTBC Entertainment,자기나라 문화 신나게 설명하는 모습이 어린아이 같이 귀엽다 ||| 다 알겠는데 목걸이가 왜 냉장고에 있는데 ㅋㅋㅋㅋ ||| 냉장고에서 목걸이가 나왔는데 왜 다들 의문을 갖지 않는건가.. ||| 재밌다~처음보는것들 뿐이여서 재밌엉 이런 새로운거 보면 기분 좋음. ||| 가나우유 신기하다 왠지 맛있을것 같다,예능
Kp2MwGYfyT0,예능보다 더 웃긴 방송사고 레전드 [Part #4],CocaCola Boxing,박대기 기자 개웃겨ㅋㅋㅋㅋㅋㅋ 표정봐 ||| 박대기기자 점점 목소리가 작아지잖아 ㅜㅜㅜ ||| 박대기 기자 진짜 힘들겠다 ||| 박대기훈련병 대답똑바로 못하나! ||| 박대기 기자  대기 존나타네 ㅋㅋㅋ,예능
9ROwLzYPqpg,ENG 180629 구구단 gugudan 세정 Sejeong @ Galileo: Awakened Universe / The Space Awakens,thegameisever,Ha Ji won is so cute ||| where can i watch the show? ||| 여자는 화장이진짜 사기긴하다 ㅋㅋ,예능
EfIvAE_ZUdM,[TWICE] 트와이스 정연(Jeong yeon) 귀여운 예능 모음,Angeline Cashion,"눈만 깜박깜박 해도 이쁘다 ♡ ||| 정연이는 사랑이죠~~~ ||| 여자에게 매력을 느끼다 ||| 딴 건 모르겠고 존나 이쁘다 진짜 ||| 아 넘 예쁘다, 이렇게 숏컷이 사랑스러워 보일 일이야?",예능
uraHqzAtxKs,트와이스 애교장인 사나 예능 명장면 모음,TV트둥이,사나  넘나  귀여워요 ♡♡ ||| 사나누나 넘귀엽다 ㅎㅎ ||| ㅋㅋㅋㅋㅋ정현돈 카와이 ㅋㅋㅋㅋㅋ ||| 2:40이부분을 이상화가싫어합니다,예능
D3OPi7B0f2A,예능신이 돕는 광수의 대유잼 모먼트 《런닝맨 레전드 / 화제의 모먼트 / 스브스캐치》,SBS Catch,4:14 야구할때보다 더 행복한 류현진 ||| 나비는 진짜 대박. 짜고 해도 저렇게 못할 듯. 누가 나비 조종할 수도 없고 ||| 진짜 광수는 스태프들이 광수 행동 예상하고 준비한것처럼 벌칙에 매번 걸렼ㅋㅋㅋㅋ ||| 2:00ㅋㄹㅋㄹㅋㄹㅋㄹㅋㄹㅋㅎㅋㄹ 이광수 존나 해맑게 웃다가 공 맞는거 겁나웃곀ㅎㅋㅋㄹㅋㅋㄹㅋㅋㄹㅋㅎㄹㅋㄹㅋㄹㅋㅋㅋㄹㅋㄹㅋㄹㅋㄹㅋㄹㅋㅋㄹㅋㄹ ||| 1:56 이거진짜ㅋㅋㅋㅋㅋㅋ에~~~이 하다가 ㅋㄱㄱㄱㄱㅋㅋㅋㅋㅋㅋ 광수표정이 더웃겨 ㅋㅋㅋ,예능
yi9anF7TpWc,JBJ95 리얼리티 [LET'S 95] 2분 Preview,JBJ95 OFFICIAL,"토끼 만지는거 너무 귀여어ㅠㅠㅠㅠ ||| 토끼 만지는 거 진짜 귀엽다.. ||| 2분만 보는데 벌써 귀여워ㅠㅠ ""나도 외국인구나..""하는 켄타 너무 웃겨 ㅋㅋㅋㅋㅋ ||| かわいすぎる23歳 ㅠㅠㅠㅠ ほんとにかわいい＾＾ ||| 와 어떻게 1초도 안 빠지고 저리 계속 귀여울수가 있지???",예능
qHEYqFF2BHE,하이라이트 완전체 예능!! - 레디플레이어 01회[ENG/CHI_SUB],그래TV,ㅠㅠ하 다시봐도 너무 좋고 재밌다 ㅠㅠ 아니 청바지에 검은셔츠인데 이렇게 멋있어도 되나 ㅠㅠㅠ ||| 윤두준 미모 어떡해ㅠㅠ ||| 9:30 기광이ㅠㅜ ||| 리얼리티보면 기광오빠가 왜케 귀엽냥 ||| 진짜 오늘도 또와버렸다ㅜㅜ이쯤되니핱라완전체 브이앱에 진심이다 제발 2021년엔 윤양이손리얼리티ㅠㅜ,예능
40H9MBHnLFM,전설의 뗀뗀뗀ㅋㅋㅋㅋㅋㅋㅋㅋ일본예능 개뿜었닼ㅋㅋㅋㅋㅋㅋㅋㅋ,ozzxyzy,웃겨서 미치것네ㅋㅋ ||| 일본의 김종민같음 ||| ㅋㄱㅋㄱㅋㅋ ||| 빡대가맄ㅋㅋㅋㅋㅋ,예능
rqcNJ8mqIdc,"방송작가는 어떻게 되나요? / 예능, 라디오, 교양 서로 왔다 갔다 가능한가요? / 예라이 ep1",위꼼 Wiggom,아! 드디어! 나도 편집 시작해야겠다아 😊 고생했어!! ||| 방송작가가 꿈인 중3입니다! 진로가 확실치 않아서 갈팡질팡했는데 덕분에 방송작가의 꿈을 정확히 정한 거 같아요! 항상 영상 꼭꼭 챙겨 보고 있어요! 방송작가라는 직업에 대한 콘텐츠는 많이 안 나와서 고민도 많고 궁금한 것도 많았는데 지금은 작가님 영상 보면서 작가라는 직업을 차근차근 알아가고 있어요! 열심히 해서 방송작가 되면 꼭꼭 감사하다는 말 해드리고 싶어요😻 ||| 와!! 바로 구독했어요ㅎㅎㅎ앞으로 기미작가님 채널과 번갈아가며 오겠습니다!! 유익한정보 감사해요♡ ||| 오 ! 기다리던 영상이 올라왔네요 ㅎㅎ 라디오 작가의 꿈을 키우고 있는 제게 (넘 TMI지만..)  매우 유익한 영상이 될 것 같아요! 일상에서 이렇게 유튜브 활동까지 하시기 진짜루 힘드실텐데 정말 감사드립니다. 꼭 계속해서 화이팅 하시고 행복하세요 😆 앞으로의 영상도 정말 정말 기대하고 있겠습니다  ~ >< ||| 기미작가님 웃을때 마다 너무 귀여워요,예능
74jNhJtDKhE,MBC 예능 뜻밖의 Q 장삐쭈 방송분,장삐쭈,고개를 숙입니다 ||| 삐쭈님 방송은 혼자보는게 젤 재밌는데;; ||| 한사람이 더빙했다는 걸 알면 저분들 놀랄 걸 ||| 저당시에 75만이였구나.. 안기욱이 진짜 개지렸네ㅋㅋㅋ ||| 요즘 너무 볼 게 없어서 티비 자체를 안튼다...진짜.... 넘  볼 게 없다. 무한도전 시절 배째고 웃을 때가 그립다. 언저리에도 가는 프로가 없다 없어...,예능
xSzRUaaJ-mg,한국 방송 / 예능 드라마 아동 다시 보기 어플,느그니,,예능
TXVubjX1AlQ,"[마마무] 편집영상 플랫폼 `맘무예능` 최종티저 ""4인 4색 멤버별 예능 프로젝트""",무무옥탑방,8월!!짧네 금방 기다려야지!!.(.....5개월....ㅠㅠ하지만 우리 맘무언니들 볼 생각하니..흐흐흫) ||| 으헝ㅠㅠㅠㅠㅠㅠㅠㅠ사랑합니다💟💕 ||| 이제 5개월 남았어요!! 시작이 반이라고 열씸히 기다립시다? ||| 앞으로 5개월... 기다린다..😂 ||| 8월...흠...아직 많이 남았네.......5달...큼..편집 홧팅입니다!!무옾님!!♥♥♥♥♥,예능
dSbNRbkhWiE,[예능연구소 직캠] H.O.T. 캔디 @무한도전 토토가3_20180215 Candy H.O.T. in 4K,MBC WORLD,드림 캔디 나온다니까 원조 캔디가 알고리즘에 뜨네..  2022년에 봐도 너무 좋다ㅠㅠ ||| 토니의 부와명예 그리고 신분상승이 담긴노래 ||| 하......19살인 나도 아는 노래 라는건....역시 캔디는 한국의 레전드 노래가 아닌가 싶음..... ||| 아 내가 저때 사람이었으면 덕질 했겠구나를 오조오억번 깨달은 영상 ||| 토니가 제일 귀엽게 추는것 같아요 어쩜저렇게 제일 춤을 동글동글 귀염뽀짝하게 추시는지ㅠㅠㅠ 자야하는데 못헤어나고 몇번을 돌려보는거야 내일출근해야되는데 증말 선덕선덕하네요 너무좋아요,예능
NrJT-htggCE,2018 경심제 방송부 축제영상_예능 패러디,광주여상 방송부MIC,,예능
RrOL1tfsdQE,ㄹㄴㅁ 김종국 110cm 제자리높이뛰기 점프,ENJK:김종국 컴백해,He's the kng of game's 😊 ||| 이광수 왜 삼국지 전략판에 나오는 정병 닮았어 ㅋㅋㅋㅋㅋㅋㅋ ||| 와 이게 어떻게 돼... 진짜 대단하시네 멋지다.. ||| 그는 47살 ||| 꾹이형 바티스타 폼 미쳤넹,예능
l0Cb-K9wd1w,[속보] 사상 초유의 사태! 소개팅 앱에 남자회원이 부족하다!!,동네친구 만들기,,예능
erxgp5Zx5l0,사쿠라 예능2 솔직장기,김하림,"말이많은데, 사쿠라 성형설 루머가 나오게된 발단은,  2014년 10월 11일 와타나베마유라는 같이 활동하던 선배가 이중인격적인 인스타비밀계정을 털리게 되는 대형사건이 벌어지고, 여기에는 여러가지 험담과 변태적인멘트들이 가득해서 논란이 되었습니다. 그중 하나가 어린사쿠라에게 '성형몬스터' '죽이고싶다' 등의 비 상식적인 멘트였고, 여기서 부터 안티들이 늘 꼬리잡게 되는 계기가 되는것입니다.  2014년이면 사쿠라는 고작 16살이고 고작아직 얼굴골격도 다 자라나지 못한 중학생이 어른들이나 받는 성형시술을 한다는것, HKT의 에이스로써 한시도 쉬지못하고 매주 극장공연에 악수회에 사진회, 엘범활동, 광고, 예능, 드라마 등 공백이 없는 애한테 몇달이나 재활을 하는 성형을 들이대는 자체가 조금만생각해도 상식적으로 말이안되는 것이며, 안티들이 들고다니는 악의적캡쳐사진 보다 더어린시절을봐도 컨디션 스타일 화장법 얼굴관리 성장의 차이일뿐 지금의 얼굴에 앳되고 예쁜사진들은 충분히 자료가 넘칩니다.  와타나베 마유라는 선배는 당시 사쿠라보다 4살이나 많은 성인이었지만. 속으로 팀의 루키로 떠올라 자신과 공동센터까지하고있는 사쿠라를 질투하고 싫어하는 어두운 마음이 있었고. 자신이 광팬이었던 다카라즈카 가극단의 남배우와 사쿠라가 기념사진을 찍은것을 특히 질투했었다고 합니다.  사건의 전말을 알고보면 어린나이에 믿고 의지했던 선배에게 배신감과 정신적충격까지 올수있는 사건에 그걸 티안내고 견디며 카메라앞에나와 웃으며 활동해야했던 사쿠라가 오히려 대견하고 안쓰러워 집니다. ||| 後ろの先輩怖いけど大島優子がいいタイミングで入ってくるから安心する 優子先輩さすがです！ ||| クロワッサン好きだから大丈夫っていってぱるるくそ可愛い ||| ぱるるめちゃくちゃ可愛いし、峯岸の「他に好きなパンあるんじゃないの？」ってのも良いよな。この頃のAKBいいよなぁ…笑 ||| さっしーいい感じに話逸らしてくれてる いい子、優子ちゃんもめっちゃいい子",예능
Uh0jvrN6T5E,재석당황! 바지 터졌어!!!! (깕)  | 유 퀴즈 온 더 블럭 YOU QUIZ ON THE BLOCK EP.1,tvN Joy,0:02 네헤↗?! 하는 거 왤케 웃기지ㅋㅋㅋ계속 돌려봄 ||| Yu Jae Seok 💕,예능
qe8YB0CCg0c,"'돈이 없으면, OO다′ 명언 선생님  | 유 퀴즈 온 더 블럭 YOU QUIZ ON THE BLOCK EP.1",tvN Joy,앜ㅋㅋㅋㅋㅋㅋㅋㅋㅋㅋㅋㅋㅋㅋㅋ 어르신 너무 유쾌하시네요 ||| Yu Jae Seok 😻,예능
2WMjIVg9_0E,[예능연구소 직캠] 마마무 잠이라도 자지 @쇼!음악중심_20180721 Sleep In The Car MAMAMOO in 4K,MBC WORLD,잠이라도 자지는 컨셉도 좋은데 의상 착장이 너무 좋음ㅠㅠ 힙해ㅠㅠㅠㅠ ||| 용선언니 복근 무슨일.... ||| 와 역시 근육담당 리더님..폴댄스를 얼마나 열심히 하셨으면..ㄷㄷ ||| 별이 후드 내려가서 어깨 잠깐 보인거 넘 좋아 죽겠는데 빼꼼 올리는것도 귀여워죽게써ㅠㅠㅠㅡ ||| 정휘인 춤선봐..천재ㅠㅠ,예능
XNWCnWagM8w,우리 세호의 집나간 눈치를 찾습니다 | 유 퀴즈 온 더 블럭 YOU QUIZ ON THE BLOCK EP.1,tvN Joy,800 원ㅋㅋㅋㅋㅋㅋㅋㅋㅋㅋㅋㅋㅋㅋㅋㅋㅋㅋㅋㅋㅋㅋㅋㅋㅋㅋㅋ,예능
t6368pqsLG4,조세호 토크 경고! 조기퇴근 하자 *^^*  | 유 퀴즈 온 더 블럭 YOU QUIZ ON THE BLOCK EP.1,tvN Joy,돈이 꽤 있을텐데 사치부리지 않고 저런 프로그램 만들어서 사람들 웃겨주고 도와주는 모습이 너무나도 보기 좋네요. 정말 존경합니다. ||| 난 요즘 이것만 봐  개웃겨 ||| ㅋㅋㅋ개웃겨 ||| 어택커 한명만 더 있었음 좋겠다 ㅋㅋ 재밌는 사람으로 수염도 있고 노래 잘 못하는 사람이면 더 좋을 거 같기도 하궁 ||| 유퀴즈에 조세호씨 없으면 재미없을거에요.ㅋㅋㅋ,예능
yl-eMX6iBxM,형도니 잡는 예능 새싹 하윤! 티격태격 앙숙 케미 (ft. 형돈상회) 풀 뜯어먹는 소리 1화,tvN Joy,예능으로 받아치면서도 솔직한 느낌만 말하는 도니. ||| 2:14 ㅎㅎㅎㅎㅎㅎ ||| 진짜 혼자서 뭐하냐..ㅋㅋㅋㅋ.. 정형돈도 사람을 잘 보는구나…. ||| 1:02 넘귀엽❤ ||| 여기도 성지?,예능
R2NwFXwT0Gc,"세호 너는 나의 조수, 나의 비서 *^^* | 유 퀴즈 온 더 블럭 YOU QUIZ ON THE BLOCK EP.1",tvN Joy,Yu Jae Seok 😃 ||| Where can i watch this show subbed? Is tvn asia air this show?,예능
D3OPi7B0f2A,예능신이 돕는 광수의 대유잼 모먼트 《런닝맨 레전드 / 화제의 모먼트 / 스브스캐치》,SBS Catch,4:14 야구할때보다 더 행복한 류현진 ||| 나비는 진짜 대박. 짜고 해도 저렇게 못할 듯. 누가 나비 조종할 수도 없고 ||| 진짜 광수는 스태프들이 광수 행동 예상하고 준비한것처럼 벌칙에 매번 걸렼ㅋㅋㅋㅋ ||| 2:00ㅋㄹㅋㄹㅋㄹㅋㄹㅋㄹㅋㅎㅋㄹ 이광수 존나 해맑게 웃다가 공 맞는거 겁나웃곀ㅎㅋㅋㄹㅋㅋㄹㅋㅋㄹㅋㅎㄹㅋㄹㅋㄹㅋㅋㅋㄹㅋㄹㅋㄹㅋㄹㅋㄹㅋㅋㄹㅋㄹ ||| 1:56 이거진짜ㅋㅋㅋㅋㅋㅋ에~~~이 하다가 ㅋㄱㄱㄱㄱㅋㅋㅋㅋㅋㅋ 광수표정이 더웃겨 ㅋㅋㅋ,예능
ZE6XHWSOmXY,"이광수, 기상 천외 요가 동작에 스스로 당황 “이게 맞나?” 《Running Man》런닝맨 EP418",런닝맨 - 스브스 공식 채널,이광수를 런닝맨에 섭외한건 최고의 선택이었다 ||| 키때문에 예능이 돼버림ㅋㅋㅋㅋㅋㅋㅋㅋㅋㅋㅋㅋㅋㅋㅋㅋㅋㅋㅋㅋㅋㅋ ||| 종국이형 디스크 때문에 물구나무 서는건 시원해 하는데 다리가 뒤로 넘어가니까 엄청 아파하네;; ||| 1:21 광수 뭐라 해 놓고 조용히 까꿍 하는 게 넘 웃겨 ㅠㅠ 하아 기절 ||| 1:02 귀여워 광수 ㅠㅠㅠㅠ ㅋㅋㅋㅋㅋ ㅠㅠㅠㅠ,예능
YUe938jvRjk,"다현, 방탄소년단 접신(?) 하는 완벽 재현 ‘불타오르네’ 《Running Man》런닝맨 EP530",런닝맨 - 스브스 공식 채널,"Bruhh I need that confidence level as DAHYUN IN MY LIFE. ||| I swear, her and Jin from BTS should be in a game show together. they give out the same vibe. ||| We can't deny how beautiful Dahyun is BUT we can't really really deny how crazy She is that's why I really love her 😂 ||| 다현이 춤출 때 광수가 옆에서 계속 설명하는거 만화 설명충 캐릭같애 개웃기네 ㅋㅋㅋㅋㅋㅋㅋ ||| 아니 유재석 님 뒤에서 계속 다현님 보고 대박하면서 감탄하시는 게 너무 웃기다곸ㅋㅋㅋㅋㅋㅋㅋㅋㅋㅋㅋㅋㅋㅋㅋㅋㅋㅋ",예능
OA1du_Sex5w,"이다희, 절친 이광수 때문에 폭풍 눈물 ‘억울한 얌생이’ 《Running Man》런닝맨 EP527",런닝맨 - 스브스 공식 채널,이광수 이다희 울어!!! 하는거.. 초딩때 누구 울면 우르르 달려들어서 우냐고 물어보는것같음ㅋㅋㅋㅋㅌㅋ ㅋ ㅋㅋ ||| 아니 근데 진짜 이해되는게ㅋㅋㅋㄱㅋㅋㅋ너무 억울하고 나 진짜 아닌데에 막 다 안믿어주고!! 진짜진짜진짜 아닌데!! 너무 억울해서 막 눈물이 낰ㅋㅋㅋㅋㅋㄱㅋㅋ서러웤ㅋㄱㄱㅋㅋ게임인거 아는뎈ㄱㅋㅋ너무 억울해서 눈물낰ㅋㄲ 근데 언니..진짜 청순하고 귀엽고 이쁘고 진짜 넘 귀엽다..나는 억울한 한마리의 고릴란데..언니는.. ||| 이때 방송보고 이다희님이 정말 순수하다고 느꼈음 ㅋㅋ 반전은 진짜 이다희님이 아니었다는거 ㅋㅋㅋ 결론은 그냥 게임을 못한거 아니 심하게 못한거 ㅋㅋㅋㅋㅋㅋ ||| 놀리기 딱 좋은 스타일 타격감이 너무 좋아 ㅋㅋ ||| ㅋㅋㅋㅋㅋㅋㅋㅋㅋ승부욕도 심해서 방송 과몰입 잘해줘서 개꿀잼임ㅋㅋㅋㅋㅋㅋㅋㅋㅋㅋㅋㅋㅋㅋㅋ,예능
6iIKfVo_Qm0,정신줄 놓은 전소민의 이상 증세 “핡～” 《Running Man》런닝맨 EP430,런닝맨 - 스브스 공식 채널,아 전소민이 뭐 할 때마다 유재석이 질색하는 게 젤 웃곀ㅋㅋㅋㅋㅋㅋㅋㅋㅋㅋ ||| 유재석 입은 그만하라하는데 표정은 옳지!!계속해!!이거임ㅋㅋㅋㅋ ||| 유재석 질색하면서 표정은 계속 웃고 있는 거 ㅋㅋㅋㅋㅋㅋㅋㅋㅋㅋㅋㅋㅋㅋㅋㅋㅋㅋ ||| 개인적으로 전소민이 워크맨 해도 재밌을듯 ||| 개인방송 하나 했으면 좋겠다! 존잼일듯,예능
dtDaqS4cV8A,"유병재, 작위적 리액션 끝판왕 “아싸라비아 아싸가오리” 《Running Man》런닝맨 EP524",런닝맨 - 스브스 공식 채널,,예능
Qh9ZLPHfhKA,"런닝맨 블랙핑크 제니 레전드 액기스 모음 2편!!(댄스, 삼행시, 눈물, 애교 등)  《런닝맨 / 어덕행덕 / 스브스캐치》",SBS Catch,"런닝맨 블랙핑크 제니 레전드! 댄스, 삼행시, 눈물, 애교 등 액기스만 모았습니다 재밌게 감상해주세요^^ ||| 고양이 눈매에 고급지고 부잣집 고양이처럼 생겼지만 현실은 겁많은 볼살만두 애기임 사랑한다 제니야..이 영상 1000번은 본듯 ||| 왜 광수언급없냐 ㅠㅠ 저리 동생 잘챙겨주고 스윗함 살암 없어 ,,, ㅜㅜ ||| 끼 부리는게 아니라 진짜 성격이 그런 것 같아서 더 귀엽고 뭔가 좋음..! ||| 제니 진짜 와 ..ㅠㅠㅠㅠ 너무 좋아요 런닝맨 나왔을 때 멤버들이 전부 제니를 엄청 예뻐하는게 느껴지고 ㅋㅋㅋㅋㅋ 귀엽고 이쁘고 노래도 잘부르고 춤도 잘추고 랩도 잘하고 못하는 게 뭐죠.. 이광수랑 제니 조합이 너무 웃겨욬ㅋㅋㅋㅋㅋ 귀신 나올 때 소리 지르고 울고 왜케 귀엽죠 ㅠㅠ 예능 좀 많이 나와줬으면 좋겠어요 제니 너무 응원하고 런닝맨 또 나와주세요!! 실시간으로 챙겨보겠습니다 ㅎㅎ",예능
mTaa13Mc8ZY,김종국한테 깝치는유세윤,GAMZA TV,촬영이 끝나고 남은 세윤씨는 제작진이 깨끗하게 치웠습니다! ||| 무표정 김종국 포스 지린다 맨날 웃는 상이라 되게 친근한 느낌이였는데 지금은 그냥 무서운 조직 형님느낌.. ||| 뒤에 김상혁이 시청자들의 표정을 200프로 구현시켜주는 게 압권 뽀인트ㅋㅋㅋㅋㅋ ||| 등장인물:  1. 어떻게 죽일지 고민하는 한사람 2.장난 반 두려움 반으로 장난치는 사람 3. 김종국에게서 살기를  느낀 2명 4.팝콘뜯는 촬영자 ||| 김상혁씨가 젤 웃김ㅋㅋㅋ 눈동자로 모든걸 말하고 있음ㅋㅋㅋㅋ,예능
i9CC3BrZskE,"런닝맨 이광수 굴욕, 벌칙, 불운 레전드 모음!! 《모았캐치 / 런닝맨 / 스브스캐치》",SBS Catch,"꽝손 런닝맨 이광수의 굴욕, 벌칙, 불운 레전드 모음입니다 재밌게 감상해주세요~ ||| 인간적으로 런닝맨 끝나기 전에 광수한테 대상 한 번 주고 끝내자 ||| ㄹㅇ 배우인데 예능인에 너무 가까워 가끔 이광수하면 예능밖에 생각안나ㅋㅋㅋㅋ 한번이라도 대상주자 ㄹㅇ 얘가 런닝맨 먹고살린다 ||| 11:38 이광수가 주먹질하는데 기린 발굽인거 진짜 웃기닼ㅋㅋㅎㅋㅎㅋㅎㅎㅋㅎㅎㅋㅎㅋㅎㅎㅋㅋㅋㅌㅋㄹㅎㅌㅎㅎㅋㅎ ||| 10:31 맥없이 쓰러지는거 개웃기네 샹ㅋㅋㅋㅋㅋㅋㅋㅋㅋㅋㅋㅋㅋㅋㅋㅋㅌㅋㅋㅋㅋㅋㅋㅋㅋㅋㅋㅋㅋㅎㅋㅎㅋㅋㅋㅋㅋㅋㅋ",예능
bZYsoWIF1sc,"전소민, 김종국 풀파워 곤장질에 ‘충격’ 《Running Man》런닝맨 EP535",런닝맨 - 스브스 공식 채널,전소민이 제대로 맞았을때 나오는 리액션 아앜!: 방송용 욕: 방송용 실성한듯 웃음: 찐 ||| 1:13 진짜 아프면 나오는 진실의 움찔...ㅋㅋㅋㅋㅋㅋㅋㅋ ||| 1:34에 유재석 찐으로 놀럈네ㅋㅋㄱㅋㅋㅋ ||| 1:35 광수 유재석 송지효 하하 다같이 놀라는거 너무 웃곀ㅋ ||| 1:42 하하 표정 ㄹㅇ이다 ㅋㅋㅋㅋㅋㅋ,예능
54tot96HSkY,"런닝맨 이광수♥이다희, 얌생이 커플 레전드 모음 1편!! 《런닝맨 / 모았캐치 / 스브스캐치》",SBS Catch,런닝맨에서 화제가 되었던  이광수♥이다희 레전드  얌생이 커플 모음 1편입니다! 2편으로 곧 찾아오겠습니다. 재밌게 감상해주세요~ ||| 이다희 이광수 팀은 그 너 이쁘면 다냐 그꼬마애들이 큰 느낌 ||| ㅋㅋㅋ이다희씨 너무 귀엽네요. 화내는 게 이렇게 귀엽나... ||| 15:18 하나둘셋 짠이지가 너무 귀엽다 ㅋㅋㅋㅋㅋㅋㅋㅋㅋㅋㅋㅋㅋㅋㅋㅋㅋㅋㅋㅋㅋㅋㅋㅋ ||| 너 진짜 얌생이구나???ㅋㅋㅋㅋㅋㅋ단어선택 개 신선해ㅋㅋㅋㅋㅋㅋ,예능
9cTExKg4ZOI,"해피투게더4 Happy together Season 4 - JYP 기대주 신예은 Likey, 뚜두뚜두 커버 댄스~♬.20181129",KBS Entertain,"얼굴도 얼굴인데 뻔뻔하게 춤추는거보면 연예인끼도 대단한듯ㅋㅋㅋㅋㄱㅋㄱㅋㄱㅋㄱㅋㅋㅋㅋ 예쁘니까 망가져도 귀엽구나,, ||| 표정만 보면 웬만한 아이돌 저리가라임 ||| 어떻게 저런 표정이 나오지   러블리 자체네 ㅋㅋㅋ ||| 언니가춤을 못춰서 너무 좋아..사랑해... ||| 이런걸 보고 얼굴이 다한다라 하는 거구나",예능
mr77O8efKrk,"가시나 댄스로 런닝맨 레전드 찍은 선미 액기스 모음!! ft.새소리, 고양이 성대모사는 덤♥ 《어덕행덕 / 스브스캐치》",SBS Catch,런닝맨 레전드 가시나 댄스로 꿀잼 선사한 선미 액기스 모음!! 재밌게 감상해주세요^^ ||| 선미 귀엽고 볼수록 매력적인 사람같음 ||| 4:30 재석이형님 가드 지렸다 ||| 선미 런닝맨 영상 엄청 반응좋았었는데ㅋㅋㅋ다들 웃기다고 난리였었음 ||| 런닝맨 항상 선미 불러줘서 고마워요💚,예능
noJJS-naPyY,"“언니 오빠가 안 무섭 댔는데” 제니, 귀신의 집 공포에 ‘오열’ 《Running Man》런닝맨 EP541",런닝맨 - 스브스 공식 채널,진짜 저건 연기일수가 없다 ㅋㅋㅋㅋ 너무 서럽게 울어 ㅋㅋㅋㅋ ||| 00:36 아 이광수 말더듬는거ㅑㅋㅎㅋㅅㅋㅋㅋㅋㅋㄱㅋㄱㅋㅋㅅㅋ 내가뭫내가뭫내가내가내감ㄴ내가뭫 존나 EDM인줄 ||| 1:59 그러니까그러니까!!!!!ヲヲヲヲヲヲヲヲヲヲヲヲヲヲヲヲヲヲヲヲヲヲヲヲヲヲヲヲヲヲヲヲヲヲヲヲヲヲヲヲヲヲヲヲヲヲヲ ||| 0:27 얘가 나 쳐다보잖아아!!!ㅜㅜ  내가 살면서 봤던 모든 방송 중에 가장 찐텐으로 운다ㅋㅋㅋㅋ 5살짜리 내 조카가 엄마가 뭔가 오해해서 혼내킬때 세상 억울해서 서럽게 울 때랑 텐션이 똑같아ㅋㅋㅋㅋ ||| 광수 애기달래는거 같애 ㅋㅋㅎㅋㅎㅎㅋㅋㅎㅋㅎㅎㅋㅎㅋㅎㅋ,예능
yZMuyt1HcIQ,"하하, 황제성 타짱 개그에 웃음 참기 ‘평정심 유지’ 《Running Man》런닝맨 EP421",런닝맨 - 스브스 공식 채널,저 상황에 완벽적응해서 주변 다 터졌는데 안웃는 황제성이 대단ㅋㅋ ㅋㅋㅋㅋ어떻게 안웃어ㅋㅋㅋㅋ ||| 황재성 미쳤어 왜케 웃겨 ㅋㅋㅋ ||| 황제성 도핑테스트가 시급하다 ㄷㄷㄷ ||| 3:07 김종국 박수 왜저렇게 쳨ㅋㅋㅋㅋ ||| 다리털결이 참 좋대ㅋㅋㅋㅋㅋㅋㅋㅋㅋ,예능
BniwZJOpNm8,"런닝맨 이광수♥이다희, 얌생이 커플 레전드 모음 2편!! 《런닝맨 / 모았캐치 / 스브스캐치》",SBS Catch,런닝맨에서 화제가 되었던  이광수♥이다희 레전드  얌생이 커플 모음 2편입니다! 3편으로 곧 찾아오겠습니다. 재밌게 감상해주세요~ ||| 이다희 욕망에 충실한게 너무 좋다 불편충 급증해서 이미지관리하느라 예능계가 다들 조심조심하는 분위기였는데 이광수도 막나가고 이다희도 막나가니깐 진짜 개웃김 ㅋㅋㅋㅋ ||| 승부욕이 과해서 말도 많았지만 그게 매력인 배우 예능감도 어느정도 있음 그리고 예쁨 ||| 광수같은 저런 타입 너무 좋아요 진짜 ㅋㅋㅋㅋㅋㅋ 스스럼없는 친구같이 같이 다니면서도 지루할 틈 없을 듯. ||| 17:19 이다희 옷 내려주는 송지효 스윗하네,예능
DUMB2aLoXFc,트와이스의 애교 삼행시 배틀 《런닝맨 / 화제의 1분 / 스브스캐치》,SBS Catch,"진짜 나연님은 ""꾹꾸까까"" 하실때 인위적으로 내는거 같은 소리가 아니라 진짜 아기소리가 들리네요 ㅋㅋㅋㅋ 너무 신기해...ㅋㅋ ||| 그때는 자꾸 걸그룹한데 애교 시켰어서 좀 짜증 났는데 지금보니까 너무 소중해…… 요즘 볼 수가 없어서….트둥이들 진짜 귀여워 ||| 나연 진짜 순발력이 좋은건가 이광수 삼행시도 미쳤네ㅋㅋㅋㅋㅋ 그리고 사나는 진짜다... ||| 아무리 그래도 나연의 김종국 삼행시는 런닝맨 끝날때까지 최강의 애교 삼행시일듯 ||| 쯔위는 위가 아파요 진짜 개웃기넼ㅋㅋㅋㅋㅋㅋㅋㅋㅋㅋㅋㅋㅋ위가 왜 아팤ㅋㅋㅋㅋㅋㅋㅋㅋ애교를 부릴줄 모르는데 애초에 워낙 예쁘고 귀여워서 상관이 없는 류....",예능
7tq0jEtdujI,신서유기 레전드 없대요? 아뇨 여기 있대요 | #유물발굴단_신서유기,tvN D ENT,🔮믿고 웃는 신서유기 모음집🔮  1. 신서유기 아무말 대잔치 https://youtu.be/3wYxVwtZ4s0 2. 신서유기 이수근 꿀잼 모음.zip https://youtu.be/vbPjjZKVXLQ ||| ㅇㄴ 신서유기는 멤버도 재밌고 피디도 스텝도 재밌는데 자막이 최고임 ㅋㅋㅋㄹㅋㄹㅋㄹㅋㅋㅋㅋㅋㅋㅋ 신서유기 자막 개조아ㅋㅋㅋㅋㅋ ||| 신서유기 보다보면 내 속담실력 퇴화하는것같음 ㅌㅋㅋㅋㅋㅋㅋㅋㅌㅋㅋㅋㅋㅋㅋㅋㅋㅋㅋㅋㅋㅋㅋㅋㅋㅋㅋㅋㅋㅋㅋ ||| 7:20 없대요? 한 번 찾아볼게요 ㅋㅋㅋㅋㅋㅋㅋㅋㅋㅋㅋㅋㅋㅋㅋㅋㅋㅋㅋㅋㅋㅋㅋㅋㅋㅋㅋ진짜 볼때마다 웃기닼ㅋㅋㅋ ||| 와 예능 이게 조회수 1000만이 넘어ㅋㅋㅋㅋㅋㅋㅋㅋㅋㅋㅋㅋㅋㅋㅋㅋㅋㅋ 신서유기 클라슼ㅋㅋㅋㅋㅋㅋㅋㅋㅋㅋㅋㅋㅋ 봐도봐도 웃긴건 왜지ㅋㅋㅋㅋㄱㅋㅋㅋ,예능
MbCPQasd--M,"홍진영, 스위스 사람도 사로잡는 마성의 갓데리 ‘국보급 애교’ 《Running Man》런닝맨 EP539",런닝맨 - 스브스 공식 채널,홍진영은 진짜 남자여자 둘다 좋아할 스타일임 ㅠ ㅠ 애교많지 이쁘지 밝지 사교성도 좋아... 언니 살앙해요.. ||| 아니 이언니 애교가 안통할수가 있나..ㅋㅋㅋㅋㅋㅋ 예쁘지 귀엽지 매력넘치지 노래도 잘하지 분위기도 잘띄우지 뭐.. 그냥 언니 다해요👍😍 ||| ㅋㅋㅋ홍진영 매력에 빠져버렸네 ||| 2:05  oh~에서 뿜었다ㅋㅋㅋㅋㅋㅋㅋ 표정 ㄹㅇ이네 ||| 미스 홍진영씨이 건강하시고 행복하시길 기원합니다!,예능
OFWbEYmMW04,"New face 댄스로 런닝맨 레전드 찍은 에이핑크 손나은 액기스 모음!!《런닝맨 핼러윈의 악몽, 태국편 / 어덕행덕 / 스브스캐치》",SBS Catch,New face 춤으로 런닝맨 레전드 찍은 에이핑크 손나은 액기스 모음입니다!! 다음 어덕행덕 주인공은 누구일까요?.? ||| 양세찬 손나은케미도 너무 좋닼ㅋㅋㅋㅋㅋ 손나은 은근 양세찬받아주면서 양세찬이랑 케미이끌고 낯가리는게있어서 그런지 처음에 불편해했는데 런닝맨나올때마다 양세찬하고 하더니 정말 나중에 런닝맨나올때 많이 편해진 느낌이던데 뭐 이성적으로 잘어울리는에아니라 그냥 정말 예능한카메라에러 너무 잘어울림 ||| 낭니 철벽ㅋㅋㅋㅋㅋㅋㅋㅋㅋㅋㅋㅋㅋ 초롱언니가 잘가르쳤군ㅋㅋ ||| 양세찬님이 우리낭니 아씨 캐릭터 만들어주셔서 런닝맨 자주 나가네요 감사합니다 앞으로도 낭닝맨 계속 해주세요 ||| 시크도도해보여서 안그럴거같이 생겻는데 예능나오면 다 열심히함... 씹덕ㅜ,예능
A4n7gNbl3CA,"미우새 김종국 집에 침입한 김종민!! 초대받지 못한 불청객, 종종 브라더스 케미 모음^_^♥ 《모았캐치 / 미운우리새끼 / 스브스캐치》",SBS Catch,"근데 김종민입장에서는 자기가 집들이때 아는 형이 해준게 너무 좋아서 김종국에게도 똑같이 해주려는 거니까ㅋㅋㅋㅋ 진짜 막.. 그렇게 미워할수없음ㅋㅋㅋㅋㅋ 근데 둘 케미가ㅋㅋ 너무 귀엽닼ㅋㅋㄱㅋㅋㅋ ||| 아니 김종민이 너무 순수해서 미워할 수가 없다 ㅋㅋㅋㅋㅋㅋㅋㅋㅋㅋㅋㅋㅋㅋ ||| 이럴때 쓰는말이 ""애는착해"" ||| 김종국은 딱 봐도 엄청 착함. 그걸 알기 때문에 김종민이 까불고 엉기는 거..ㅋㅋㅋㅋㅋㅋㅋㅋㅋ ||| 26:43ㅋㅋㅋㅋㅋㅋ조용히 해주시곸ㅋㅋㅋㅋㅋㅋㅋㅈㄴ김종민 이구역의 미친놈ㅋㅌㅋㅋㅋㅋㅋㅋㅋㅋㅋㅋㅋㅋㅋㅋㅋㅋㅋㅋㅋㅋㅋㅋㅋㅋㅋㅋㅋㅋㅋ",예능
LoaR3-OCme8,"런닝맨 사나 애교 레전드 액기스 모음!!(춤, 먹방, 고기 등) 《런닝맨 / 어덕행덕 / 스브스캐치》",SBS Catch,"런닝맨 사나 애교 레전드! 사나의 춤, 먹방, 고기 등 액기스만 모았습니다 재밌게 감상해주세요^^ ||| 갓사나💜덕분에 원스들은 너무너무 행복해요옹❤❤ ||| 6:17 진짜 사랑하는 것 같아요. ||| 보고 있으면 그냥 행복해짐 ㅠㅠㅠㅠㅠㅠㅠ 여덕 최고 다들 트와이스 하세요 ㅠㅠㅠㅠ ||| 사나 누나가 최고지 그냥 너무 사랑스럽고 너무너므 좋다 한번만 만나보고 싶다 ♡♡♡",예능
iiIcTPoIoZk,[무한도전] 무도는 재택해도 재밌지 ヾ(*'▽'*)♥ 먹방BJ가 된 멤버들의 라면 꿀-팁은?! 🍜,MBCentertainment,무도 당신들 대체 몇 년을 앞서간거야...... ||| 1:14 사과 기절시키는 박명수ㅋㅋㅋㅋ ||| 박명수는 왜 집털러 왔다가 집주인인척 하는 도둑 같냐 ||| 방 분위기와 그릇에서 성격들이 보이네 ㅋㅋㅋ 다들 너무 귀여움 ||| 이땐 아무도 몰랐지... 저렇게 학교수업을 할줄은.,예능
6Kz3Gg6tVZ0,틱톡 웃긴 영상 모음 2018  #1  (FUNNY TIK TOK),톡 TV,,예능
HZAf9CQjWec,세상에서 가장 웃긴 영상 베스트☑️ 재미있는 영상 모음 [13부 👍]편집2018,ZAG,,예능
E1jPs9v8Qp8,다시보는 한국 웃긴 동영상 레전드ㅋㅋㅋㅋ,social feed소셜피드,이때 감성 왤케 좋냐 ||| 3:12 ㅈㄴ 웃기네 ㅋㅋㅋㅋㅋㅋㅋ ||| 0:13 야이!!! 그 다음 대사가 예상된다.. ||| 6:13 여호와아앜 ||| 0:42 이게 원조냨ㅋㅋㅋㅋㅋㅋㅋㅋㅋㅋㅋㅋㅋ,예능
NsTU6d-fFyQ,웃긴 예능모음 우울할때 보자,천벳,,예능
0bI3512iC88,세상에서 가장 웃긴 영상 베스트☑️ 재미있는 영상 모음 [22부 👍]편집2018,ZAG,,예능
-DnlR2eed_Y,세상에서 가장 웃긴 영상 베스트☑️ 재미있는 영상 모음 [17부 👍]편집2018,ZAG,,예능
-wNtcY-WX3g,세상에서 가장 웃긴 영상 베스트☑️ 재미있는 영상 모음 [32부 👍]편집2018,ZAG,,예능
acwXxr8a1gc,#1 개꿀띠 배틀그라운드 웃긴영상모음,개꿀띠TV,뎀프시롤! ||| 개꿀띠,예능
1-at-z8E448,세상에서 가장 웃긴 영상 베스트☑️ 재미있는 영상 모음 [30부 👍]편집2018,ZAG,,예능
7tq0jEtdujI,신서유기 레전드 없대요? 아뇨 여기 있대요 | #유물발굴단_신서유기,tvN D ENT,🔮믿고 웃는 신서유기 모음집🔮  1. 신서유기 아무말 대잔치 https://youtu.be/3wYxVwtZ4s0 2. 신서유기 이수근 꿀잼 모음.zip https://youtu.be/vbPjjZKVXLQ ||| ㅇㄴ 신서유기는 멤버도 재밌고 피디도 스텝도 재밌는데 자막이 최고임 ㅋㅋㅋㄹㅋㄹㅋㄹㅋㅋㅋㅋㅋㅋㅋ 신서유기 자막 개조아ㅋㅋㅋㅋㅋ ||| 신서유기 보다보면 내 속담실력 퇴화하는것같음 ㅌㅋㅋㅋㅋㅋㅋㅋㅌㅋㅋㅋㅋㅋㅋㅋㅋㅋㅋㅋㅋㅋㅋㅋㅋㅋㅋㅋㅋㅋㅋ ||| 7:20 없대요? 한 번 찾아볼게요 ㅋㅋㅋㅋㅋㅋㅋㅋㅋㅋㅋㅋㅋㅋㅋㅋㅋㅋㅋㅋㅋㅋㅋㅋㅋㅋㅋ진짜 볼때마다 웃기닼ㅋㅋㅋ ||| 와 예능 이게 조회수 1000만이 넘어ㅋㅋㅋㅋㅋㅋㅋㅋㅋㅋㅋㅋㅋㅋㅋㅋㅋㅋ 신서유기 클라슼ㅋㅋㅋㅋㅋㅋㅋㅋㅋㅋㅋㅋㅋ 봐도봐도 웃긴건 왜지ㅋㅋㅋㅋㄱㅋㅋㅋ,예능
co7SjisXVfk,예능보다 더 웃긴 방송사고 레전드 모음,사이다TV,2:12  저 사람은 실수가 아니라 아예 방송인 자질이 없는 거네  참으려는 노력도 없이 기침을 저렇게 대놓고 할 수가 있는 건가? 가래 끓는 소리 밥먹으며 보다 너무 역겹게 느껴지네 ||| 옼ㅋㅋ 넘 웃겨욥ㅋㅋㅋ ||| 아 사고 봤던거 중에젤 웃겨 ||| 남자라면 유튜브 밥풀소울을 모를 수 없지 ;; ||| 아니 ㅋㅋ 텔론에서 많이봤던짤이 여기있었네,예능
qyBoD9bKkic,웃긴영상모음짐ㅋㅋ한국판,L성현,,예능
ZVp8F_JrO-U,세상에서 가장 웃긴 영상 베스트☑️ 재미있는 영상 모음 [20부 👍]편집2018,ZAG,12345,예능
tuZjYnMtw-w,예능보다 더 웃긴 방송사고 레전드 [Part #2],CocaCola Boxing,"1:31 왜 신동엽이 예능신이라 불리우는지 보여주는 예 ㅋㅋ 신동엽 따라갈 사람 없다봄 더구나 저건 생방임. ||| 저분들도 사람이니 다 그럴 수 있죠 ||| 다음뉴스를~ 에서 눈물나게 웃었읍니다 ㅎㅎ ||| 기침 하나로 큰웃음 선사해주신 ㅋㅋ ||| 선진국에서는 방송중에 앵커나 기자가 웃음 터지면 자연스럽게 웃고, 그 상황에 대해 앵커들끼리 가볍게 이야기 나누고 사과하고 넘어가는데. 한국은 극도로 어색하게 참고 가리려고만 하는게 이상함..",예능
z4Z62vkt6DQ,세상에서 가장 웃긴 영상 베스트☑️ 재미있는 영상 모음 [19부 👍]편집2018,ZAG,,예능
X6CYzTJYgBc,세상에서 가장 웃긴 영상 베스트☑️ 재미있는 영상 모음 [27부 👍]편집2018,ZAG,,예능
RPIY4mu2JGg,세상에서 가장 웃긴 영상 베스트☑️ 재미있는 영상 모음 [24부 👍]편집2018,ZAG,,예능
rSHWGhKsibU,웃긴 영상 모음! 보시면 빵터지십니다 ㅋㅋㅋ[모아],모아,,예능
adARs4nALqw,세상에서 가장 웃긴 영상 베스트☑️ 재미있는 영상 모음 [15부 👍]편집2018,ZAG,,예능
xin6Ilf98Y8,세상에서 가장 웃긴 영상 베스트☑️ 재미있는 영상 모음 [23부 👍]편집2018,ZAG,엄청 재밋네요! 혹시 퍼가두될까용~~,예능
HghyT4XDg8o,인피니트 레전드 예능 모음,SPIRIT HOLY-,🥰현재까지도 찾와주셔서 감사합니다🥰 도입부 노래는 인피니트의 “날개”입니다!̄̈   ※출처  1.철 없는 어린애 https://youtu.be/gzZ93Tu_nGc  2.널 허접으로 봐 https://youtu.be/ZpA6eaWCvk8  3.개샴푸 https://youtu.be/uYb07ja2uZM  4.통곡 랩 https://youtu.be/-uHvw-KGpgM  5.주간아 애교 https://youtu.be/jshqO9fv9Yw  6.회사를 옮겨야죠 https://youtu.be/vup7nGEU8a8  7.엉덩이 품평회 https://youtu.be/2ngf5NerBQw  8.애교부리고 현타 옴 https://youtu.be/9f08XIA3JgU  9.지금 활동 곱게.... https://youtu.be/eOQoQ_qa0V0  10.손 발이 있는데 https://youtu.be/ZKSVWKxIl-A  11.레슨비 드립 https://youtu.be/HHwQNmEom00  12.뜻 밖의 칼군무(1)-가시나 https://youtu.be/GnP2S5zYqEk  12-1.뜻 밖의 칼군무(2)-뱅뱅뱅 https://youtu.be/d42PTqIUYHo  13.BTD 개콘 버전 https://youtu.be/fu9UW3yVSPM  14.고요속의 외침 https://youtu.be/bKoaZXMzs48  15.소금커피 https://youtu.be/beCR7cnrSKo  16.스몰스쿨에서 배운 국어 https://youtu.be/lWVed0AUhy8  17.성열이의 애드립 https://youtu.be/Igw1RrOBsto  18.초등학교를 영어로 https://youtu.be/dsZpPQZTjQU  19.형......(에헴..) https://youtu.be/EvVyiOjIVZE  20.잘 하진 않지만 Don't give up https://youtu.be/qwhJ0CmUW9k  21.생각 과부화 https://youtu.be/RL9hKEQG4nw  22.식초 맛 바나나..(?) https://youtu.be/gWlMq5RibWE  23.보컬강좌(ft.목성) https://youtu.be/A9BXJa-ZvmA  24.거울에 서리꼈나봐 https://youtu.be/lawDHCdBip8  ※추천 주간아 첫 게스트  성열 혼자 다른표정의 븨앱 ||| 옛날에 인피니트 너무 시끄러워서 방송국 식당에서 항의들어왓다고 햇던거 생각남ㅋㅋㅋㅋㅋㄱㅋ 원조 비글돌ㅋㅋㅋ ||| 진짜 이성열 예능캐인데 울림 좀 성열이 예능 좀 많이 보내주지... 그리고 성규랑 성열이 케미 정말 웃김ㅋㅋㅋㅋㅋㅋㅋㅋㅋㅋㅋ 진짜 인피니트 완전체 예능 다기 보고 싶다ㅠ ||| 개샴푸 성열이 쓰게ㅋㅋㅋㅋㅋ 미쳤나ㅋㅋㅋ ||| 활동접었어욬ㅋㅋㅋㅋㅋㅋㅋ 전현무 진심으로 놀란듯ㅋㅋㅋㅋㅋㅋㅋㅋ,예능
M3hKEzv8_BU,볼때마다 웃긴 대유잼 그룹 소녀시대 레전드 영상 모음 웃음참기 8단계 ver.3 【14분 순삭 주의】,출구없는 소녀시대,내생각인데 댄스라인애들은 원래춤잘춰서 재능으로 춤빨리익히고 바로바로적용하는식이라 그런거고 딴애들은 연습을 그보다 많이해서 몸에밴게아닐깡... ||| 0:52 태연 웃지말라니까 입술 합 하눈거 너무 귀여워 ㅜㅜㅜㅜㅜㅜㅜㅜ애기탱구 ㅜㅜ ||| 스엠은 연차찰수록 예능감 제곱되는거같음ㅋㅋㅋㅋㅋ ||| 8:26 멤버들 겁나 심각한데 뒤에서 티파니 해맑게 춤추는거ㅋㅋㅋㅋㅋㅋ앜ㅋㅋㅋㅋㅋㅋㅋㅋㅋㅋㅋㅋㅋㅋㅋㅋㅋㅋㅋㅋㅋㅋㅋㅋ ||| 서현 사극말투는지금봐도레전드 ㅋㅋ,예능
eBOK9yaVGs4,세상에서 가장 웃긴 영상 베스트☑️ 재미있는 영상 모음 [16부 👍]편집2018,ZAG,,예능
_pXRGPeftHk,빵터짐주의) 2018 웃긴영상 모음 #1,쓰윽채널,,예능
HFDZWRVjoJE,세상에서 가장 웃긴 영상 베스트☑️ 재미있는 영상 모음 [26부 👍]편집2018,ZAG,,예능
xG2FdJ941Lc,2018 웃긴영상 모음! 빅재미보장!!,HighLight Review,,예능
y_HEExZG31s,보면 시간 잘가는 웃긴 영상 모음 1,감성,웃기진 않고 불쌍하네요,예능
sBCCL6Y5r5I,볼때마다 웃긴 대유잼 그룹 소녀시대 레전드 영상 모음 웃음참기 8단계 ver.2 【소녀시대가 살이 안찌는 이유】,출구없는 소녀시대,"수영은 뭐 어딜가나 나와ㅋㅋㅋㅋㅋㅋㅋㅋㅋㅋㅋㅋㅌ ||| 소녀시대 웃긴 영상 지분 반은 효연, 수영이 무조건 먹고 들어감ㅋㅋㅋㅋㅋ 여긴 좀 다를까 했는데 어쩔 수 없네ㅋㅋㅋㅋ ||| 수영 그와중에 노바디 개잘부름ㅋㅋㅋ ||| 소시는 정말 재밌게 잘 논다 ㅋㅋㅋㅋㅋ 특히 수영이처럼 분위기 메이커가 있고 다들 다 받아주면 심심할 틈이 없을듯 ㅋㅋㅋㅋㅋㅋㅋㅋㅋ ||| 아니 어떻게 저 텐션이 무알콜로 나오는 거냐곸ㅋㅋㅋㅋㅋㅋㅋㅋㅋㅋㅋㅋ진짜 소시는 아이돌 역사상 전무후무한 클라스다...이 정도로 유잼인 아이돌은 드묾 ㄹㅇ ㅋㅋㅋㅋㅋㅋㅋ큐ㅠㅠㅠㅠㅠ우울할 때마다 맨날 보러와서 텐션 찾아가욬ㅋㅋㅋㅋㅋ감사합니다!!!",예능
MvsdI098MBE,할 말이 없다 이젠,Everything Youwanted,제목 계속 변하네ㅋㅋㅋ 송민호 아이린 설레는 온도차이 ->이제는 설레지 않는 온도차이 ->할 말이 없다 그냥 ㅋㅋㅋㅋㅋ ||| 민호야 저런 머리 좀 다시 해줘 실험 망한 미친 과학자같은 머리 하고 나오지 좀 말고... ||| 할 말이 없다 이젠 ㅋㅋㅋㅋㅋㅋㅋㅋㅋㅋㅋㅋㅋㅋㅋㅋㅋㅋㅋㅋㅋㅋㅋㅋㅋㅋㅋㅋㅋㅋㅋㅋㅋㅋㅋㅋㅋㅋㅋㅋㅋ ||| 송민호 제발 흑발 한번만 더 해줘… 저 때 이후로 흑발을 단 한번도 본 적이 없음,예능
zOphZ8XNxcU,볼때마다 웃긴 대유잼 그룹 소녀시대 레전드 영상 모음 웃음참기 8단계,출구없는 소녀시대,진짜 shy(수영효연유리)데뷔 언제해ㅋㅋㅋㅋ태티서도 데뷔했는데 이번에 샤이 유닛하나 만들어서 예능 도장깨기하고다녔으면 좋겠다ㅋㅋㅋㅋㅋㅋㅋ이런 재능을 왜 비방용으로 썩혀ㅋㅋㅋㅋㅋㅋㅋㅋㅋ ||| 레알로... 수영 재채기하는거 저 당시에 볼 때는 완벽한 설정이라고 생각했는데ㅔ...  지금 내 남친이 저렇게 재채기함... ||| 수영 지분율 무엇ㅋㅋㅋㅋㅋㅋㅋ ||| 최수영 김효연미쳤냐고 진짴ㅋㅋㅋㅋㅋㅋㅋㅋㅋㅋㅋㅋㅋㅋㅋㅋㅋ ||| 헬로베이비 스탭들 다 터져서 낄낄거려서 더 웃김 ㅠㅠㅠㅋㅋㅋㅋㅋㅋ,예능
f0_89eGgNSg,세상에서 가장 웃긴 영상 베스트☑️ 재미있는 영상 모음 [12부 👍]편집2018,ZAG,,예능
zeoj5fvCO1w,웃긴 영상 모음 1# [웃는세상],세상웃는,,예능
yIo1nE8E5qk,짧지만 강력한 웃긴 영상 모음!!!,웃으며살자,구독자10명가즈아! ||| 풉.. ||| 혹시 이 영상 저장해도 되나요??? ||| 음....웃기진 않네용,예능
TzJeSjNn8ug,세상에서 가장 웃긴 영상 베스트☑️ 재미있는 영상 모음 [31부 👍]편집2018,ZAG,,예능
IaZ456qh3y4,[Funny TV]대륙의 웃긴 영상 모음,FUN TV,,예능
Lj8R1uzL3yU,세상에서 가장 웃긴 영상 베스트☑️ 재미있는 영상 모음 [28부 👍]편집2018,ZAG,어우 드럼 아까워.ㅠㅠ,예능
XB_F9wCzVbc,웃긴영상모음,진혁,,예능
ILjERBJXPBk,"[기찬노디] 귀하디 귀한, 찬열(CHAN YEOL) x 디오(D.O)의 'Billionaire'♬ 아는 형님(Knowing bros) 159회",JTBC Entertainment,"기가 차는 찬열이와 노래하는 디오 ||| 디오 제발 비긴어게인 나와주라… ||| D.O. singing in english is always on top ||| 솔직히 디오 음색 진짜 탑임 ,, ||| 도경수 박자 놓치는 거 왜 이렇게 귀엽지ㅋㅋㅋㅋㅋㅋㅋㅋㅋ",예능
7tq0jEtdujI,신서유기 레전드 없대요? 아뇨 여기 있대요 | #유물발굴단_신서유기,tvN D ENT,🔮믿고 웃는 신서유기 모음집🔮  1. 신서유기 아무말 대잔치 https://youtu.be/3wYxVwtZ4s0 2. 신서유기 이수근 꿀잼 모음.zip https://youtu.be/vbPjjZKVXLQ ||| ㅇㄴ 신서유기는 멤버도 재밌고 피디도 스텝도 재밌는데 자막이 최고임 ㅋㅋㅋㄹㅋㄹㅋㄹㅋㅋㅋㅋㅋㅋㅋ 신서유기 자막 개조아ㅋㅋㅋㅋㅋ ||| 신서유기 보다보면 내 속담실력 퇴화하는것같음 ㅌㅋㅋㅋㅋㅋㅋㅋㅌㅋㅋㅋㅋㅋㅋㅋㅋㅋㅋㅋㅋㅋㅋㅋㅋㅋㅋㅋㅋㅋㅋ ||| 7:20 없대요? 한 번 찾아볼게요 ㅋㅋㅋㅋㅋㅋㅋㅋㅋㅋㅋㅋㅋㅋㅋㅋㅋㅋㅋㅋㅋㅋㅋㅋㅋㅋㅋ진짜 볼때마다 웃기닼ㅋㅋㅋ ||| 와 예능 이게 조회수 1000만이 넘어ㅋㅋㅋㅋㅋㅋㅋㅋㅋㅋㅋㅋㅋㅋㅋㅋㅋㅋ 신서유기 클라슼ㅋㅋㅋㅋㅋㅋㅋㅋㅋㅋㅋㅋㅋ 봐도봐도 웃긴건 왜지ㅋㅋㅋㅋㄱㅋㅋㅋ,예능
qnMP6w03ZAw,GOT YA! GWSN [2회] ‘나만 아니면 돼!’ 빵 터지는 예능 神 강림 현장 (FEAT. 커여운 풍선쓰) 180809 EP.2,Mnet TV,"omg Seo Kyoung 2:40 so cute! ♥ ||| 앤   민주😍😻💕 ||| muyi ||| Omg rainbow is mc she so cute ||| lmao I thought ""wow she looks so much like Jisook!"" and then realized that it IS Jisook...rip",예능
M_JSqm-xJWg,예능클립#2 하다님이 하난님이에요?,도현 게임영상채널,,예능
4hlQPii9d5w,예능클립#3 배틀그라운드 트위터 명언,도현 게임영상채널,,예능
7IIcqTvkywY,예능 하루 선배 이연희의 귀여운 선배포스ㅋㅋㅋ | #섬총사2,Olive,●위하준의 첫 예능! [#섬총사2] 에서 활약하는 💚위하준💚이 궁금하다면? 👉https://www.youtube.com/playlist?list=PLA8tEd3EWkFhH_ACikUa41_esk34FWKWR ●Wi Ha-Joon's first variety show! [#island_trio2]  👉https://youtube.com/playlist?list=PLA8tEd3EWkFhH_ACikUa41_esk34FWKWR ||| Wi ha joon why so cute 😩😘 ||| احب ويها جون كثيرااا Wi ha joon 😭😭❤️❤️❤️🥰,예능
ix5PEb950Qo,GOT YA! GWSN [5회] [예능神 강림] 애.빼.시 소소의 팀워크와 맞바꾼 사랑 뿜뿜♥ 180830 EP.5,Mnet TV,Primo,예능
B4bAmgyq_cc,"[HOT] Kim Tae Won is able to leave the fluid !?,라디오스타 20180718",MBCentertainment,난 믿어 예술 끝판왕 김태원 ||| 진짜 김태원 너무좋아 ㅋㅋㅋ 건강하세요 ||| 김태원은 진짜 너무너무 멋진뮤지션. ||| 김태윈씨 너무좋은분 항상응윈합니다 ||| 오래오래 건강히 좋은 곡들 남겨주세요..,예능
0m8M_j6Nslw,amazingsaturday 이영자 도플갱어 문세윤! (ft.예능인 다 된 한해) 180729 EP.17,tvN Joy,Key's awesome~ ||| 다 웃긴데 근데 PPAP ㅋㅋㅋㅋㅋ ||| ㅋㅋㅋㅋㅋ한해 말하기전까지 짱구 원장님인줄ㅋㅋㅋㅋㅌㅋ ||| Ppap는 연습하나도 안하고 나왔네,예능
W7ErqpMMyAs,[예고] ☆세계 최초☆ ′대확행′ 크루즈 예능의 탄생! 탐나는 크루즈 1화,tvN Joy,Baby hyukie❤❤ ||| 와 빅스 혁이다 꼭본사함ㅋ VIXX  HUCK!!!! ||| APRIL RACHEL ♥ ||| My baby looks so cute ||| HYOGI!!! ❤❤❤,예능
p6Ds06AQAec,"SUPER TV 2 시원, 어서와~ 이런 예능 오랜만이지? 암쏘 샤이~ 180607 EP.1",XtvN,I see you choi siwonsshi😂 ||| 오 민아 완전 이동해끕 기여움이네 기요미 ||| so handsome siwon 😍 ||| 슈주 시원 짱 ||| Siwon so handsome,예능
M5o4ou61EYw,[웹예능] 내방클리닉2 클립영상2,메이킷 스튜디오,,예능
BiiG_sYZWLM,[웹예능] 내방클리닉2 클립영상,메이킷 스튜디오,,예능
D3OPi7B0f2A,예능신이 돕는 광수의 대유잼 모먼트 《런닝맨 레전드 / 화제의 모먼트 / 스브스캐치》,SBS Catch,4:14 야구할때보다 더 행복한 류현진 ||| 나비는 진짜 대박. 짜고 해도 저렇게 못할 듯. 누가 나비 조종할 수도 없고 ||| 진짜 광수는 스태프들이 광수 행동 예상하고 준비한것처럼 벌칙에 매번 걸렼ㅋㅋㅋㅋ ||| 2:00ㅋㄹㅋㄹㅋㄹㅋㄹㅋㄹㅋㅎㅋㄹ 이광수 존나 해맑게 웃다가 공 맞는거 겁나웃곀ㅎㅋㅋㄹㅋㅋㄹㅋㅋㄹㅋㅎㄹㅋㄹㅋㄹㅋㅋㅋㄹㅋㄹㅋㄹㅋㄹㅋㄹㅋㅋㄹㅋㄹ ||| 1:56 이거진짜ㅋㅋㅋㅋㅋㅋ에~~~이 하다가 ㅋㄱㄱㄱㄱㅋㅋㅋㅋㅋㅋ 광수표정이 더웃겨 ㅋㅋㅋ,예능
S0fhByzEYFI,amazingsaturday [선공개] 우리 한해가 달라졌어요! 프로예능인 다 됐네! 180729 EP.17,tvN Joy,뒤에 있는 혜리가 더 잘햌ㅋㅋㅋㅋㅋㅋㅋㅋㄱㅋㅋㅋㅋㅋㅋㅋㄱㅋㅋㅋㅋ ||| 혜리  귀욤귀욤! !♡ ||| 넌 안부끄럽지만 내가 부끄럽다 ||| Ahnyoungmi 😂😂😂😂😂 ||| ㄱㅇㄱ ㅋㅋㅋㅋㅋㅋㅋ,예능
wsaDsnj2Wlo,[아빠의 마음] 연습 도중 장난치는 건우 혼내는 추신수♨ 이방인 13회,JTBC Entertainment,진짜 어릴 때 아빠한테 혼나던 말투 그대로다 부산사람이면 한번씩은 다 들어봤을듯 ||| 막내딸 졸귀 ㅋㅋㅋ 야구 배웠대 ㅋㅋㅋㅋㅋㅋ ||| 애들 공부할땐 게임하자고 꼬시지만 애들 야구하는 순간만큼은 ㄹㅇ 야구만시킴 상남자 ||| 역시 남들과 똑같이해서는 최고가 될수 없구나. 추신수 멋있다 ||| 맘에 안들어도 나긋나긋한데 뼈있는 말투로 얘기하네.. 너무 좋다...,예능
d3IjJtjnEW0,"lifebar [예고] 이순재&신구, 이제는 예능 전문가! 180913 EP.88",tvN Joy,,예능
kekTCiqWXVk,"'영어 발음' 지적 당한 추신수 ""한국말 안 쓰면 밥 안 줘!"" 이방인 8회",JTBC Entertainment,저게 시작으로 같은 한국인들끼리 인종차별 시작되는거임... 특히 중고등학교에서 늦게 입학하거나 이민오는 한국인들이 원래 살았던 이민자 자식한테 차별 많이 당함 ㅠㅠ ||| ㅋㅋㅋㅋㅋ 저거 교육 잘하는거임  실제로 미국은 다양한 민족들이 모여있는곳이고 그만큼 다양한 엑센트랑 발음이 달라서 신경 안쓰는곳많음 ||| 애들이 영어발음가지고 엄마한테 기어오를라하니까 바로 서열정리들어가네. 저게 가장의 역할이지. 저거 냅두면 진짜 콩가루집안됨 ||| 저거 참고로 추신수 미국 20년살면서 수도없이 당해본건데 아들이 하니까 ㄹㅇ 죽일라한거다 ||| 마눌한테 기어오르니.. 죽고 싶나? ㅋㅋㅋㅋㅋㅋ잘했다 추추트레인,예능
v99hcvp7pJQ,"Road to Ithaca 윤도현X하현우, 일요예능의 이단아가 간다!! 180715 EP.1",tvN Joy,하현우를  TV에서 실컷 볼수있다니.. 기다림~~~기다림~~~ ||| 하현우를 볼생각하니 행복하다!!!!! ||| 유튜브 업로드 될 때부터 손꼽아 기다리던 날이 오네요ㅎㅎ 본방사수! 너무 기대됩니다^^ ||| 가자! 이타카로 하고 도망가는거 무엇ㅋㅋ ||| ㅋㅋㅋ아티카로 가는길! 아형보고 도현 현우 넘 웃겨서 넘어왔어요ㅋㅋㅋㅋ,예능
ZLVWpLcWkMw,안녕하세유~ 16살 중딩 농부 ′한태웅′ 첫 인사 드릴게유~ [예능] 풀 뜯어먹는 소리 1화,tvN Joy,한태웅짱짱최고♡♡♡♡♡,예능
PBD0nt1793w,"[티저] 사쿠라, 첫 단독 예능에 도전한 이유♥ 모두의주방 1화",Olive,꾸라기여워요ㅜㅠ ||| 우리 꾸라다!!!!! ||| 먹어드렸어요래 ㅠㅠ 넘나 귀여운것 ||| 왜케 귀여워 사람 행복해 지게 만드네 ||| 꾸라 귀엽고 목소리 달달하고 미쳐ㅋㅋㅋㅋㅋㅋㅋㅋㅋㅋㅋㅋㅋㅋㅋ,예능
XL2Duxo83Vk,[선공개] 치킨 ASMR에 도전한 예능 샛별 JR 종현과 방송 생활 20년 만에 공개된 강호동의 인성 | 태어나서 처음으로 매주 토요일 저녁 7시 30분 E채널,티캐스트 tcast,우리종현이❤️ ||| 울 갱얼쥐 이뽀요♥ ||| 😄😄😄😄 ||| 종현아 치킨 맛있게 먹어♥♥ ||| Quiero comer del pollo de Jr 😋😋😋😋😋😋😋🍗🍗🍗🍗,예능
mCpjJY4oGOg,퀴즈 예능 클립 재생수 1위는 '유 퀴즈 온 더 블럭',Logan Owen,,예능
6imE0OerXrY,부모와 함께하는 구혼여행 한 쌍 출연자 모집 [예능] 한 쌍 1화,XtvN,1등,예능
dLFFsHPgHmg,"[HOT]  Whee Sung's over-self diagnosis (still the best!), 라디오스타 20180926",MBCentertainment,"레전드는 왜 자기가 래전드인줄 모르는거냐구. .아구 속쌍해 ㅠ ㅠ 한번 레전드는 영원한 레전든걸. . ||| 휘성은 여리고 감수성이 섬세한 진정한 아티스트.. ||| 휘성 당신은 여전히 계속 레전드예요..그곳에서는 걱정없고 편안하길 바래요.. ||| 정말이지....가요계에 크게 획을긋고 떠나버렸다...... ||| 오랜 팬으로서 ""왜 이렇게 자신을 저평가할까""답답했었던 생각이 납니다. 형은 이뤄낸게 진짜 많은 사람이고, 2000년대에나 2010년대에나 늘 멋진 음악을 했어요. 그 사실을 본인이 충분히 자각하지 못한 것 같아 마음이 아파요.",예능
dtMu7LDOiLc,예능 클립#1 하스스톤 용가리 보스 잡는 법,도현 게임영상채널,,예능
_3mu_cC7QBE,"지오디, 17년만에 완전체 예능 (GOD, 'Walk With Me' Press Conference)",STATV,,예능
926vNjSLXjk,island trio2 띵언 매니아의 예능 띵언 교실 vs 뼈그맨의 몸개그 예능 교실 180806 EP.7,Olive,,예능
vLj3qQFcYRc,justhappenedlab [티저] 국내 최초! 인문학 실험 예능쇼 [어쩌다 행동과학연구소] 180924 EP.1,tvN Joy,,예능
4w5YoLQ-sIc,"소지섭X박신혜, 나영석 PD 신 예능, ′숲속의 작은집′ 출연! 180313 EP.55",eNEWS24,박신혜 넘좋타~기대된다 예쁜얼굴에수더분한성격.몸사리지않고뭐든잘할것같다.꼭봐야지~ ||| 소지섭 그냥넌 최고야 내가  남자라서 미안해ㅜㅡ 나도 내 분야에선 자부심 가지고 일한다 고마워~^^♡난 니가 좋아 친동생 처럼 신혜도 좋아합니다 넵ㅇㅅㅇ귀여워ㅋㅋ ||| 박신혜 넘이쁘고 다좋은데 보는내내  신혜님 목소리만 너무 커서 망치네요. 저렇게 목소리가 크고 앙칼지셨나요. 잔잔한 형식의 방송이라,예능
KHty-ygxHuM,어른성경학교│기독교예능│6회 예고│오지헌 출연│도전! 찬송 100곡,CBSJOY,얼른보고싶어요ㅜㅜㅜㅜ 올려주세요 동영상두 ||| ㅎㅎㅎ여기서 얼굴들을 보니 새롭내요 ||| 청소년 청년들이 왜 교회를 떠나는줄 아냐?? 교회가 세상과 다름이 없어서 그런거야...  교회가 세상을 따라하니까 그런거야... 교회가 세상과 다름이 없고 그걸 따라하면 도대체 교회에 있을 이유가 없지...  그렇게나 교회가 따라하고 싶어하는 세상으로 나가는게 더 좋지...  이 간단한 원리도 모르니 교회가 세상에게 눌려서 사는거지...   입으로만 주여주여 외치지 말고 성경으로 돌아가야 교회가 교회다운거다.  주일에 교회만 출석해서 거룩한척 손들고 찬양만 하지말고...  실제 생활에서 성경 말씀대로 살아야 하는거다.  성경은 무시하면서 교회만 열심히 출석해서는 크리스천이라고 백날 우겨도 그냥 '교회출석자' 그 이상 그 이하도 아니지... ||| 컨셉이 세상 방송 너무 따라한다 세상 방송이 따라 할 만한 아이디어를 내 보세요 그리고 옥동자도 나오게 해주세요,예능
OSyQuN_dNTQ,Road to Ithaca 예능00년차 민PD의 직감 '추적60초' 180812 EP.5,tvN Joy,아 진짜ㅋㅋㅋㅋ이런건 좀 봐달라구요ㅋㅋㅋㅋㅋ ||| ㅏㅏ 너무해 ㅋㅋㅋㅋㅋㅋ 친목인데 봐줰ㅋㅋㅋㅋㅋㅋ ||| ㅋㅋㅋㅋㅋㅋㅋㅋㅋ,예능
v5pPYOJZE-A,어른성경학교│기독교예능│4회 예고│김수용 출연│성경퀴즈대회 2부,CBSJOY,헌금을 목사님들이 받는거 아닌데 안받는다는 멘트는 무척 거슬리고 슬프네요...성도는 하나님께 드리는거예요,예능
tG1Xcqv1bJY,퀴즈 예능 클립 재생수 1위는 '유 퀴즈 온 더 블럭',Sebastian Thompson,,예능
sKbFad9sMFg,해운대 바다를 맞이하는 자세 ㅋㅋㅋㅋㅋㅋㅋㅋ,열정현,정현님 예쁘셔요😍😍😍 ||| 시원하..  아니 춥겠네요.. ㅋㅋㅋㅋㄲㅋ  마지막 물에서 일어나실때 흡사 물범.. ㅋㅋㅋㅋ ||| 와~ 매력^^ ||| 멋져 ||| 너무 예뻐요!,예능
RCskVC31K9I,"Comedy Big League 조세호, 예능 대세도 피할 수 없는 ′금부장′ 180617 EP.268",코미디빅리그,0:50 그랬다 사실 문세윤 이 코너가 나오는 필요가 없었으나 그저 순대가 먹고 싶어서 나온 것으로 추정된다! 돼지 🐖 😎 😂,예능
cVTJetBeOkk,"island trio2 이수근, 이것이 예능인의 등장 방법! 180910 EP.12",Olive,,예능
iiIcTPoIoZk,[무한도전] 무도는 재택해도 재밌지 ヾ(*'▽'*)♥ 먹방BJ가 된 멤버들의 라면 꿀-팁은?! 🍜,MBCentertainment,무도 당신들 대체 몇 년을 앞서간거야...... ||| 1:14 사과 기절시키는 박명수ㅋㅋㅋㅋ ||| 박명수는 왜 집털러 왔다가 집주인인척 하는 도둑 같냐 ||| 방 분위기와 그릇에서 성격들이 보이네 ㅋㅋㅋ 다들 너무 귀여움 ||| 이땐 아무도 몰랐지... 저렇게 학교수업을 할줄은.,예능
Xe4tO0iS2gI,[미방분] 토토가3 H.O.T : 장우혁의 옛 물품 공개 - 다 못보여줘 아쉬워,MBCentertainment,이거 말구 압권은 팬이 생일마다 선물해준 이니셜 박힌 수건을 그 팬이 죽고 나서도 계속 쓰고 있었다는 거.... 그거 발견한 팬의 친구가 트윗 올리니까 알고 있었다며 영원히 쓰겠다고 했지. 실제로 그 팬이 죽었다는 소식을 듣고 슬프다며 트윗 남긴 것도 있었고. 진짜 이런 가수라면 팬 할 맛 나겠구나 싶음. ||| 제가 H.O.T. 시대가 아니어서 사실 겉으로만 보기엔 제일 차가워보였는데 이걸 보고 나니까 장우혁씨가 그 때의 추억을 가장 소중하게 여기고 보관하고 간직해온 것 같아서 괜히 마음이 찡해요ㅠㅠ.. 팬들의 선물 하나하나 감사히 여기는 것 같아 제가 더 감사한 기분... 방송 너무너무 기대하고 있어요. ||| 장우혁은 인기를 떠나서 에쵸티활동때를 소중하게 여기는거같음 누구랑 사이안좋고 뭐고를 떠나서 그시절을 좋아하는거같고 에쵸티란 그룹에 애정이 많고 중요하게 생각해서 재결합에 관련해서 가장 신중하게 생각했을거같음 가볍게 생각안하고 팬들의 마음과 대중들이 다시봤을때 실망을 안하는거 등등 절대 돈에 관련되진않았을거같음 건물두채나 있는데돈욕심을 왜 부리겠음ㅋㅋ에쵸티란 그룹이 대단했던 그룹을 본인도 알거같고 그런부분에 자부심도 있을거같고 훼손안시키려고 노력하고 신중했을듯 겉모습이 차가운 인상이라그렇지 알고보면 가장 세심하고 신중한 사람인듯 ||| 장우혁이랑 팬들이랑 유물 배틀뜨면 존잼일듯ㅋㅋㅋㅋㅋㅋㅜㅜ감동이야 ||| 팬들은 좋겠다 나만 소중히 생각하는 추억이 아니라서..장우혁 몰랐는데 알수록 멋있잖아 ㅠㅡㅠ,예능
E2azUNaXx9M,"[미방분] 토토가3 H.O.T :  H.O.T. 멤버 각자의 희망곡 - 빛, 캔디, 아웃사이드 캐슬?",MBCentertainment,부와 명예 + 신분 상승 ㅋㅋㅋㅋㅋㅋㅋㅋㅋㅋㅋㅋㅋㅋㅋ ||| 저 강타가 작사작곡한 빛이라는 노래는 아직도 에스엠타운 콘서트 엔딩곡으로 꾸준히 쓰이고있을만큼 명곡.. ||| 아니 이게 왜 미방이죠ㅋㅋㅋ본방보다 재밌어요ㅋㅋㅋㅋㅋㅋ ||| 요즘 세대들이나 외국인들은 빛이 에쵸티곡이 아니라 SM콘서트 엔딩곡으로 알음 ||| 캔디 리메이크한 NCT 보다가 HOT 옛날 영상에 입덕.. ㅋㅋㅋ 토토가 HOT 촬영분 남은 거 유튜브에 다 풀어 줘요 MBC님덜!! 1세대 아이돌 갬성 그립.. ㅠㅡㅠ,예능
16RmNUJp0Rw,"[Infinite Challenge] 무한도전 -  Lee Dong-wook, Talk about Jo Se Ho 20180106",MBCentertainment,"이동욱 비현실적으로 잘생긴 데다가 유머 감각까지 미치겠다 너무 좋아 ||| 이동욱은 (과거에도) 토크가 하고 싶어서 ❤️💙💜 ||| 이동욱 예능감 좋다 ㅋㅋㅋㅋ 못하는데 뭐야~~~ 이동욱멋져~~!! ||| 진짜 보기다르게 넘 재밌는 분이야,, ㅠㅠㅠㅋㅋㅋㅋㅋ 드라마 메이킹도 다 장난끼 넘치고 외모만 비현실사람 .. 완벽해 죽어 ||| 난분명 구미호뎐보고있었는데 여기까지오다니....",예능
u846uBEKmh8,형돈이가 들려주는 납량 특집 귀신이야기! (밤에 보면 무서워유) 풀 뜯어먹는 소리 3화,tvN Joy,"저는 집에서 혼자 자다가 누가 침대에 기어오르는 느낌같은거들어서 처음엔 강아진줄알았는데 진짜 사람이 빠르게 기어오르는 느낌이 확실하게들어서 소리지르면서 새벽3시에 뛰쳐나왔었는데 진짜 아직도 개소름끼쳐요 ||| 팩트는 부모님이 정형돈한테 말안하고 이사갔다는거...ㅋㅋㅋ ||| ㅆㅂ 예전에 가위눌렸던 거 아직도 생각난다. 꿈에서 약간 분위기가 다운되어 있고 어둡고 아무도 없는 우리집 식탁 모서리 위에 검은 손이 올려져 있어서 호기심에 다가갔는데 다가가서 그 손을 만지자마자 그 손이 내 오른쪽 발목잡고 나 넘어뜨리고 난 다음에 계속""같이 가자, 같이 가자.""이러면서 집을 벗어나 어둠속으로 계속 질질 끌고가는 거임..난 꿈속에서도 살아야겠단  생각에 안 끌려갈려고 안간의 힘을 썼는데 그때 딱 꿈에서 깻음..근데 가위눌려서 몸도 안움직이고 꿈에서 들었던 그 ""같이 가자, 같이 가자.""이런 소리가 계속 들리는거임..그것도 소름돋게 여자애 목소리였음..아무튼 진짜 가위 눌리는 내내 그 목소리가 들려서 미쳐버릴 것 같았음..(속으론 '아. ㅆㅂ 꺼져라..제발..'이랬음)진짜 그때 젖먹던 힘까지 써서 가위를 풀었는데(일어나니까 침대시트가 땀범벅이 되어있더라..)정신차리려고 물마시려고 부엌갔는데 오른쪽 발목이 아픈거임..그래서 오른쪽 발목보니까 누군가 개 세게 잡은 것 마냥 빨갛게 부어올라 있었던 거..ㄷㄷ 그거 보자마자 기절할 뻔했음..그리고 며칠 후에 내 방으로 향하는 어린애정도 되는 크기의 검은색 사람형체의 물체를 봤음..그때 완전 비명지르면서 기절함. 그 후로 일주일의 두세번씩은 가위눌려서 수면장애생김..ㅆㅂ..귀신이 수면장애를 주고 갔음..가위눌린 것보다 수면장애 준 게 더 분해. ||| 이런 프로그램이 있었는지 모른다는게 더 무섭다ㅋㅋ ||| 형돈님 미스터리 컨텐츠로 유튭하면 좋을것같다. 엄청 매니아라던데 신기한 이야기 많이 알고계실거같아 입담도 좋으시고",예능
zpnIgG6KBX0,"[구내식당] 우연히 학교동기를 만난 걸스데이 소진! ""뭐야?!!😲 너 여기 왜 있어???"" 20180922",MBCentertainment,"리액션이 진짜 친하긴 햇나보다 ||| '갑자기 밝아진 미래' 진짜 찐이지 ㅋㅋㅋㅋ 군대였음  이등병도 누워서 티비볼수 있을 정도 ㅋㅋ ||| 남자 존나 쿨하네 ""여기 입사했으니까""ㅋㅋㅋㅋㅋㅋㅋㅋㅋㅋㅋ ||| 입대 따라 갔다 + 리액션 + 옆자리로 옴 = 찐친이였다는 의미 ||| 진짜 절친 인정ㅋ 여자가 친하지않음  때리는 스킨쉽 안함ㅋ 거기다 아는체도 안함. 소진씨는 소탈한데다가 의리까지 있는거같네요. 매력덩어리",예능
HDsc_hVGa5U,"탁재훈, 연예계 당구 고수의 화려한 맛세이 @미운 우리 새끼 70회 20180114",SBS Entertainment,탁재훈은 그냥 딱 봐도 당구 잘치게 생겼음 ㅋㅋㅋ ||| 진짜 예능신이 탁재훈에게 너무 많은 재능을 주셨음 ㅋㅋㅋ ||| 와..진짜 악마의재능ㅋㅋㅋㅋ 이걸 또 깻잎 한 장으로 비껴가서 예능까지 제대로 찍어버리네ㄷㄷㅋㅋㅋㅋ 실력도 보여주고 방송각까지 잡아주고 일타이피네ㅋㅋㅋㅋ ||| 진짜 천상 연예인 ㅋㅋㅋ 불안불안한 출발 감탄 나오는 과정 빵 터지는 결말 ㅋㅋㅋ ||| 와 진짜 당구 되게 잘치시네 그냥 가볍게 툭툭 하시는데 다 맞아 떨어지네요 ㅋㅋㅋ 말도 하면서 웃음도 주면서 저렇게 하는게 쉬운게 아닐텐데 천생 방송인 이십니다 탁재훈님 정말 세상에서 가장 재밌는 사람인것 같습니다 탁신은 못하는게 없는것같네요.. 화이팅 ~~~ 항상응원해요,예능
dSbNRbkhWiE,[예능연구소 직캠] H.O.T. 캔디 @무한도전 토토가3_20180215 Candy H.O.T. in 4K,MBC WORLD,드림 캔디 나온다니까 원조 캔디가 알고리즘에 뜨네..  2022년에 봐도 너무 좋다ㅠㅠ ||| 토니의 부와명예 그리고 신분상승이 담긴노래 ||| 하......19살인 나도 아는 노래 라는건....역시 캔디는 한국의 레전드 노래가 아닌가 싶음..... ||| 아 내가 저때 사람이었으면 덕질 했겠구나를 오조오억번 깨달은 영상 ||| 토니가 제일 귀엽게 추는것 같아요 어쩜저렇게 제일 춤을 동글동글 귀염뽀짝하게 추시는지ㅠㅠㅠ 자야하는데 못헤어나고 몇번을 돌려보는거야 내일출근해야되는데 증말 선덕선덕하네요 너무좋아요,예능
D3OPi7B0f2A,예능신이 돕는 광수의 대유잼 모먼트 《런닝맨 레전드 / 화제의 모먼트 / 스브스캐치》,SBS Catch,4:14 야구할때보다 더 행복한 류현진 ||| 나비는 진짜 대박. 짜고 해도 저렇게 못할 듯. 누가 나비 조종할 수도 없고 ||| 진짜 광수는 스태프들이 광수 행동 예상하고 준비한것처럼 벌칙에 매번 걸렼ㅋㅋㅋㅋ ||| 2:00ㅋㄹㅋㄹㅋㄹㅋㄹㅋㄹㅋㅎㅋㄹ 이광수 존나 해맑게 웃다가 공 맞는거 겁나웃곀ㅎㅋㅋㄹㅋㅋㄹㅋㅋㄹㅋㅎㄹㅋㄹㅋㄹㅋㅋㅋㄹㅋㄹㅋㄹㅋㄹㅋㄹㅋㅋㄹㅋㄹ ||| 1:56 이거진짜ㅋㅋㅋㅋㅋㅋ에~~~이 하다가 ㅋㄱㄱㄱㄱㅋㅋㅋㅋㅋㅋ 광수표정이 더웃겨 ㅋㅋㅋ,예능
9MgF59kySZs,[예능연구소 직캠] H.O.T. 빛 @무한도전 토토가3_20180215 Hope H.O.T. in 4K,MBC WORLD,전 재원씨가 정말 대단하다고 느꼈습니다. .. 1절 랩파트에서 세상에 당신 혼자만 아니란걸 하면서 사석부분 ( 당첨은 안됐지만 몇일 전부터 기다리신분들이 나중에 입장한 곳입니다. ) 에 다가가는걸 보면서 재원씨는 다른 사람을 배려하는구나라는걸 가슴 깊이 느꼈습니다. 마지막에 너와 나 부를때도 멤버 이름 하나하나 부를때는 더 느꼈구요.. 정말 순수하고 때묻지 않게 지금까지 묵묵히 있은 사람으 이재원싸라고 느낍니다. ||| 2:27 우린 에이치오티 ! 할때 문희준 몸으로 에쵸티 만드는거 와... ||| Hot는 5명이서 일때가 제일 빛난다 ||| 파트분배가 놀랍게 공정하다 ||| 빛 도  레젼드지   imf때 너무 힘들어서   학교에 애들 도시락도 못 싸고 친구들 아버지  직장에서  해고 당하고  극단적인 선택 엄청 많이 하고.....   정말  이 노래가  빛이었다...,예능
ovMgk2hIznw,"(1987) 절친 우현에 미적 가치관 붕괴된 우상호 ""얘가 못생겼나..?"" 썰전 253회",JTBC Entertainment,안내상 우현 이런분들 정말 정말 대단허시네요. 아울러 남들몰르게 민주주의에 젊음을 바친 모든 분들. 희생당하신분들. 리스펙합니다. ||| 이분들이  고생한덕에   우리가  자유을  누리고  있습니다 ||| 좋은사람옆에는 좋은사람들이 있는게  맞죠  내 친구가 내가 못생겻다고 생각한적이 없다는 그자체부터  맞는것 아닌가요 ||| 우현은  병원장 아들래미가  대단하네...정말  부자였는데..ㄷㄷㄷ ||| 저 당시는 학생 대모 운동 하다 찍히면 가족들까지 연좌제에 걸리던 시절 였어요. 객기가 아닌 목숨 걸고 나라를 위해 싸웠던 멋진 청춘들 였어요.,예능
48rNT9qkeJ4,[예능연구소 직캠] H.O.T. 아이야 @무한도전 토토가3_20180215 I Yah! H.O.T. in 4K,MBC WORLD,2025년에도 보는분? ||| 존나 슬픈건 2018년인데 아이들 불꽃이 여전히 꺼지고있음.. ||| 에쵸티가 레전드인 이유를 눈으로 본 기분 ||| 십몇년이 지나고 마흔이 넘었어도 아이돌은 아이돌이야.. 춤추는것도 그렇고 무대매너도 그렇고 그냥 베어있는듯 ||| 멜로디가 우째 지금봐도 촌스럽지않은거같은데.. 오히려 더 쌔련되보여.. ㅋㅋ,예능
qAvayYexVlU,[ENG sub] 방문을 열었을뿐인데.. 최애가 왜 거기서 나와?? (심장폭행) 180823 EP.1,Mnet TV,와 진짜 저 상황에서 안쓰러질수가 없지ㅜㅠ 징짜 부럽다ㅠㅠ ||| 재밌게 봐주셔서 감사합니다 저기나온 본인인데요 ㅠㅠ 진짜 거의2년 다되어가는데  저때 너무나도 그립네요  예쁘게 봐주셔서 진심으로 감사해요  ㅠㅠ 물론 버논(님)쌤이 엄청 ㅇㅖ쁘시고 아름다우시지만 ㅠ 세븐틴 팬분들 항상 행복하세요❤️ ||| 아니 나 같으면 방 ㅈㄴ더럽고 옷 옷걸이 아니고 바닥에 널려있고 비염때문에 휴지통 넘쳐나고 집에 들어오면서 방귀트름 뿡뿡하면서 옷 집어던지고 엄마 배고파~~밥줘용~~하면서 들어와서 내방에 최애 있으면 그대로 베란다가서 뛰어내림 ||| 혹시모르니까 맨날 조신하게 방문 열어재껴야겟네...^^ ||| 반응 너무귀여우셔서 타팬인데도 계속보는영상ㅌㅋㅋㅋㅋㅋㄱㅋ,예능
87KpSBbGx3U,[예능연구소 직캠] H.O.T. 위 아 더 퓨처 @무한도전 토토가3_20180215 We Are The Future H.O.T. in 4K,MBC WORLD,2:50 부터 칼군무 진심 소름이다.. 200번째 보는 중...발 차면서 뒤로 가는 동작 진짜 개머싯서 멤버한명한명씩 춤선 보려고 다시봐도 또 개머싯서... 완벽한 무대 보여주려고 연습 많이한게 정말 느껴진다 ㅠㅠ ||| 실제 춰보면 도입부 안무는 유격훈련 수준인데 입이 다물어지지 않는다. 전주부분은 수천수만번 들어도 전율이 흐른다. 인생에서 가장 찬란할때를 재현해본다는게 얼마나 행복한 일인가. 부럽고 너무 멋지다. ||| 커버했던 아이돌들 어서 이리로 오세오..... 원조 오셨습니다.... ||| 칼군무 실화냐 ㅋㅋㅋ 내가 이걸 18년도에 다시보게될줄이야 ㅋㅋㅋㅋ 현역이세요?ㅋㅋ ||| 와 ㅅㅂ 같은 시대때 살아온거 진짜 잘했다  세월이흘러도 아이돌계 레전드는  살아있구나!!! 멋지다 갓쵸티,예능
XUbTAXQtg1U,"""무한도전 아쉽지만..."" 황광희 전역하던 날 (살 빠져도 여전한 예능감)",Vstar,"광희 이젠 꽃길만 걸었으면 좋겠다.... 악플때문에 기 눌려가지고 항상 눈치보고 재미없다고 욕먹을까봐 드립도 못치고..무도보면서 이리 밝은애를 소심한애로 만들었는지,, 보는 나도 힘들었는데 당사자는 얼마나 힘들었을까,,,,,, 쓸대없이 비난하는 댓글은 보지말고 너한테 도움되는 댓글만 읽었으면 해 광희야. 방송 꼭 챙겨보면서 응원할테니까 힘내 ||| 고생많이햇나보다 광희같지가않아 살 더 빠지고 말을 잘하게됨 ㅋㅋㄱ ||| 미친ㅋㅋㅋ빛이나는 솔로ㅋㅋㅋㅋㅋㅋㅋ광희는 진짜 볼수록 진국인것같음.. 맛있는거 많이 먹구 얼른 살도 좀 쪄서 방송에서 많이 봤으면~ ||| 요즘 무도 돌려보는데 어린 광희한테 우리는 어쩜그리 잔인했었나 모르겠다.... 충분히 재밌던데 너무 시청자들은 잔인했다. 광희야 잘이겨내고 승승장구 하길바랄게 ||| 광희 나혼자산다 나오면 재밋을듯 ㅠㅠㅠ",예능
JudOX9n08pA,"""왜 나랑 사귀겠다는 건데!?"" 손예진💔양세형, '내 머리속의 지우개' 고백 씬 콩트 @집사부일체 47회 20181209",SBS Entertainment,손예진... ㅠㅠㅠㅠㅠㅠ 예쁜데 매력있고 유머 있고 연기도 잘하고 ...   손예진 나온 연애시대는 내 인생 드라마다.   손예진 감우성 그리고 ㅠㅠㅠ 오윤아 까지 ㅠㅠㅠ ||| 손예진 넘 예쁘다❤️ ||| 어찌 웃는게 저리 이쁘냐~!!ㅋㅋ ||| 웃는 게 너무 예뻐서 나도 모르게 따라서 미소 짓고 있었다 ||| 와.. 양세향 말문 막히는거 처음보네 ㅋㅋㅋ 보통이 아니다 손예진은,예능
e5QXJclx0Jc,저는↘ 사투리↗ 안 써요↘ 자기만 모르는 사투리 사용 ㅋㅋ 김제동의 톡투유2 4회,JTBC Entertainment,"최선을 다해, 필사적으로 사투리가 입 밖으로 튀어나오는걸 막고 있었다는게 느껴진다 ㅋㅋㅋㅋㅋㅋㅋㅋㅋㅋㅋㅋㅋㅋ ||| 2:05 미치겠네....왜케 귀여운겨~~ㅋㅋㅋㅋㅠㅠ ||| 저건...많은 노력이 깃든 말투다...ㅋㅋㅋㅋㅋ ||| 1:55 아니 여기서 옆에 남자분 휙 돌아보고 남자분이 달래듯이 잘했어 잘했어 해주는거 왤캐 설레...나만 설렘...? ||| 00:10 에 이미 나오는구만 ㅋㅋㅋ 조은 사라미 마는거 가타서",예능
7EGpSbhxvO8,[무한도전]부터 [나 혼자 산다]까지 2017 예능스타 총출동,케이스타뉴스,,예능
Nev7tPpsWbk,'무한도전' 조세호X양세형 '웃음잭팟'…12.7% 토요예능 1위,K-news,,예능
YCeApNMRjc0,(두근) 강호동x유재석 깜짝 만남(!) 남북정상회담급 긴장감 한끼줍쇼 84회,JTBC Entertainment,"유재석 강호동 같이 있는거 왤케 신기하짘ㅋㅋㅋ 다른 연예인들은 같이 있어도 같이 하는가보지...하는데 둘은 먼가 세계관다른 두사람 같은 영화에서 보는 느낌... ||| 어디서 본 글인데, 대한민국에서 가장 따뜻한 MC 유재석 대한민국에서 가장 뜨거운 MC 강호동 ||| 한끼줍쇼에서 유재석님과 강호동님의 만남을 보게 되다니 정말 신기하고 오랜만이네요! 두 사람이 함께 나오는 프로그램이 있으면 정말 기대가 될 것 같아요. ||| 유재석이 강호동 보자마자 바로 장난끼 넘치는 예전모습으로 돌아가는게 너무 좋다 ㅋㅋㅋㅋ 둘이 제발 같이프로하기를 ||| 강호동형님의 뒷통수를 저렇게 자연스레 몇번이고 계속 쓰다듬을수 있는 예능인이 과연 몇이나 존재할까....ㅋㅋㅋㅋㅋㅋㅋ",예능
RqAyqNYdEJc,"[SUB] 정채연, 공복으로 인한 참을 수 없는 복통에 ‘눈물’ @김병만의 정글의 법칙 304회 20180216",SBS Entertainment,"몸이 많이 쇠약해진 상태에서 밥까지 못먹으니 저럴수밖에... 그와중에 진영언니 넘 스윗해ㅠㅠ ||| 위경련 같은데.. 아 진짜 위경련으로 아팠는데 이게 말이 아님.. 말을 걸어서 말을 해야하는건 알겠는데 아니 말을 못하겠어.. 숨도 못쉬고 말도 못하고.. 걷는건 진짜 절대 못해.. 가야하는데 못가고.. 아파봐서, 알아서 눈물 난다ㅠㅠ ||| 아픈데 옆에 누군가 있는것만해도 진짜 도움되고 의지되는데 홍진영 진짜 착하셔ㅠ.. ||| 그래도 진영언니 착하다 채연이 아프다고 누워 있으니까 바닥 차다고 신경써주고 와서 안부 물어주고 걱정해주고 진영언니도 다이어트 심하게 해봤으니까 저런느낌 뭔지 잘 알듯ㅇㅇ 얼마니 굶었으면 저정도냐ㅠㅠ ||| 다이어트로굶는데 단련된 몸일텐데 얼마나 안먹였으면 저러냐....ㅁㅊ",예능
cIstkdrS4no,"【TVPP역주행】화사(마마무) – 메이크업 과정 공개 Hwasa(MAMAMOO) – How to do Hwasa makeup ,  @I Live Alone 2018",TV-People,"한국인들 하얗게 바른다기 보다 진짜 하얀데 ㅋㅋㅋㅋㅋㅋㅋㅋㅋㅋㅋㅋㅋㅋㅋㅋㅋㅋㅋㅋㅋㅋㅋ 진짜 존나 하얀사람 수두룩빽빽함 ㅠㅠㅜ ||| 아 저러고 곱창집을 간거구나ㅋㅋㅋㅋㅋㅋㅋㅋ ||| 솔직히 화사님의 화장하는 방법이 특이하다면 특이할 수 있고, 우리나라 사람들이 대부분 일반적으로 많이하는 기본적인 메이크업은 아닌데 어쩜 저리 자기 얼굴에 딱 잘 맞고 개성넘치는 화장법을 생각 해냈을까,, 정말 잘 어울리고 자신만의 개성을 한층 더 부각시켜서 좋은 것 같아요 ||| 우린 그들을 '홍인'이라 부르기로 약속했어요 ||| 한국 방송 영상에 와서 영어 자막 달아달라고 징징대고.. 와사라고 강제 개명시켜버리고 여기 댓글 단 외국인들 수준 알만하다",예능
eIgbKZmGnlk,[스브스뉴스] 박근혜 논리 오지던 시절,스브스뉴스 SUBUSUNEWS,저둘은 서로에 대해 참 잘알고 있었다.. ||| 서로에게 가장 진실했던 순간 ||| 정말 서로를 잘아는 사이 ㅋㅋㅋㅋㅋㅋㅋㅋㅋㅋㅋㅋㅋㅋㅋㅋㅋㅋ  아 진짜 ㅋㅋㅋㅋㅋㅋㅋㅋㅋㅋㅋㅋㅋㅋㅋㅋㅋㅋㅋㅋㅋ ||| 근데 서로 중간에 말 안끊고 잘 들어주네... 퍼펙트👏👏 ||| 이명박근혜.. 서로에게만은 진심이었던..,예능
IGHMEM-jCyE,"척하면 척! 상순에게 들킨 보검이⊙0⊙ ""효리 많이 아파?"" 효리네 민박2 7회",JTBC Entertainment,아내가 아픈걸 바로 캐치하는것도 멋있고 그 다음 둘만 남은 직원 걱정하는것도 멋있네요. ||| 이상순은 진짜 찐으른같다 어른미낭낭 ||| 작업실에서 쉰다는 말 듣고 바로 아픈거 캐치해버리기...... 머싯당 ||| 왜 이효리가 이상순과 결혼했는지 알거같음 난. 진짜 너무 멋있다. ||| 보검이 먼저 얘기 안꺼낸거 듣고 아 효리가 숨기고 싶구나 한거 딱 캐치해서 효리한테 전화할때 땡깡피우고 있다고 재밌게 얘기해주는 저런 센스있는 남자 만나야지,예능
DP0Vlj3VjzA,무한도전의 역사 총정리! - 국민예능의 시작과 마지막...... 그리고 약속......,심심한 백수,제 10대와 20대를 같이했고...그냥 너무 사랑한 프로그램이였습니다 형용이 되지 않을만큼  큰 부분을 차지했어요 나중에 나이먹어도 아 이땐 이랬지란 마음은 여전할 것 같습니다 많이 좋아했고 여전할거같아요 언제나 각자 사람들의 마음속의 그 시절은 그대로일것 같아요 그동안 많은 도전 감사해여 ||| 수고 하셨습니다. ||| 언젠간 끝이날거라고 생각했지만 그날이 이렇게 빨리 올줄은 몰랐네요.. 애기때부터 봐왔던 내 1순위 프로인 무한도전.. 너무 아쉬워서 눈물도 나지만ㅠ 그래도 너무너무 수고하셨습니다!! ||| 집들어오면 그냥 습관적으로 보든안보든 무도를 틀어놨다.... 채널돌리다보면 어디건 한채널에선 무도를 하고있었으니깐... ||| 진짜 너무 좋아했던 프로그램이고 너무 감사했습니다...안녕......,예능
7GOzVkfkv8o,[#선다방] 저 누나 나가라 그래요!!!!! 진지한 양세형을 차마 볼 수가 없는 유인나ㅋㅋㅋㅋㅋ EP6-09,tvN Joy,남의 연애 구경이 제일 재밌다...👀  🌺 *선다방 봄여름편* 🌺 정주행하기! https://youtube.com/playlist?list=PLgbB1gJhmG7AwIUUbItMER3eNWFs3Zrs_ ||| “나를 너무 좋아해” 부터 웃음을 참기시작하신거 같네요 ㅎㅎㅎㅎㅎㅎㅎㅎㅎㅎㅎㅎㅎㅎㅎㅎㅎㅎㅎㅎㅎㅎㅎ ||| 아..유인나 웃음소리랑 표정 너무 러블리해서 주기적으로 보러옴ㅠㅜ ||| 유인나 웃음이 너무공감가서 또봐도 웃기네요 ㅋㅋㅋ ||| 유인나 웃음참으려고하는게 너무 귀엽고 착해ㅜㅜㅜㅋㅋㅋ 나같으면 그냥 웃었다ㅋㅋㅋㅋ 양세형 넘 좋아하지만ㅋㅋㅋ자기입으로ㅋㅋㅋㅋ,예능
yJV8zepNSnE,"무한도전 완주실패 유재석 KSF 무한도전이 만들어낸 예능 이상의 예능의 가치, 이 정도면 특급 칭찬이 필요하다",Yami TV,,예능
RrOL1tfsdQE,ㄹㄴㅁ 김종국 110cm 제자리높이뛰기 점프,ENJK:김종국 컴백해,He's the kng of game's 😊 ||| 이광수 왜 삼국지 전략판에 나오는 정병 닮았어 ㅋㅋㅋㅋㅋㅋㅋ ||| 와 이게 어떻게 돼... 진짜 대단하시네 멋지다.. ||| 그는 47살 ||| 꾹이형 바티스타 폼 미쳤넹,예능
CvNdnWgWDSE,"""저도 67년생” 차인표, 어르신이라 부르던 아저씨의 고백에 '반갑다 친구야!' | 빅픽처패밀리 (Big Picture Family) | SBS ENTER.",SBS Entertainment,"차인표형님이나 집배원형님이나 모두 자기자리에서 열심히 사신분들..다 존경받고 박수받을만한다. ||| 배우는 저렇게 젊어 보이시는게 그만큼 열심히 관리했단 거고, 집배원 아저씨는 저렇게 늙어 보이시는게 그만큼 열심히 일하셨단 거지. 둘 다 멋있노 ||| 차인표님 당황안한척 예의있게 설명하는거 너무 멋있다..... ||| 저 집배원분이 가족을 위해 나라를 위해 얼마나 열심히사셧는지를 보여주네요 ||| 뙤악볕 밑에서 한평생 집배원으로 일해오신 아버지입니다. 저분이 뭐 썬크림을 바르고 일하셨겠습니까 일주일에 한번씩 피부관리를 받으셨겠습니까. 연예인하고는 비교가 안되죠.",예능
HLI3L0OThZE,10000% 격공하는 빡치는 모먼트 화장품 버전입니다..^^; 【오뷰List】,오즈뷰티 OZ Beauty,여자 중에서도 화장하는사람이 있고 안하는사람도있습니다 수정해주세요 ||| 마셔보니 제가 좋아하는 석류맛이네요 ㅎㅎ 화려화 효과도 좋고 계속 구매해서 먹어야겠어용 ||| 오늘깬 브러셔생각난다..ㅜㅡ ||| 0:12 난 예쁘지 않아서 튼튼한것인가요...(또륵 ||| *여자* 들이라면 공감..?,예능
pvthmvRvU0w,도끼의 130평 럭셔리 하우스 대공개! 《미운우리새끼 / 화제의 1분 / 스브스캐치》,SBS Catch,도끼가 세금체납했다는 뉴스  올라오더니 이걸 보여주는 알고리즘… ||| 고양이:주인 잘만났다.. ||| 호텔이 좋은이유 세금안냄 청소알아서 다해줌 귀중품보관은 호텔책임 식사 등 자유 물론 부자 한정 ||| 도끼 저리 사는거 욕할필요 없음 개부러움  지가 돈벌어 저리쓰는거  원래 부자들이 돈을 써야 됨 ||| 고양이방>딘딘안방ㅋㅋㅋㅋ,예능
zw4wVQOKi4k,'무한도전' 떠난지 한달…토요 저녁예능 침체기,Sebastian Thompson,,예능
HhW_psUpMY0,[예능연구소 직캠] H.O.T. 캔디 토니안 Focused @무한도전 토토가3_20180215 Candy H.O.T. TONY AN,MBC WORLD,이수만 당신은 대체.... 20세기에 어디서 이런 씹덕캐를 데려와서..... ||| 왔다 부와 명예ㅋㅋㅋㅋㅋㅋㅋㅋㅋㅋㅋㅋㅋㅋㅋㅋ요즘 말하는 씹덕 멤버가 토니인 듯 진짜 천생 아이돌ㅋㅋㅋㅋㅋㅋㅋㅋ ||| 그에게 또다시 부와 명예가.... ||| 24살 차이나는데 덕질하게 생겻네;; ||| 안승부인이 왜 많았는지 알 거 같아여 역시 아이돌 짬바가 다르긴 다르네욬ㅋㅋㅋㅋㅋㅋㅋ,예능
O2KluILcUdQ,볼링에 자세가 중요하지 않은 이유! 저렇게 볼링을 친다고?! [전설의 볼링] 2회 20180323,TVCHOSUN - TV조선,투핸드도 털어치기도 결국은 기본자세로 시작해서 나만의 자세를 찾는것임.  자세는 매우 중요함 ||| 자세가 중요하지않은게 아니라 스타일이 클래식 덤리스 하프덤리스 백업 투핸드 크랭커 트위너 여러가지고 그 스타일에 맞게 자세를 취하는겁니다 ||| 제이슨 벨몬티 투핸디드로 세계랭킹 1위에 오른 선수입니다. 투핸디드가 자세가 더 어려울 뿐이지 자세가 안중요한 것은 아닙니다만.. ||| 1:12 자막 불편해..비록 자세가 이래도라니..ㅠ ||| 투핸드볼러입니다. 투핸드도 자세가 생명입니다!,예능
b1D3ZGDuRqQ,[예능연구소 직캠] H.O.T. 전사의 후예 @무한도전 토토가3_20180215 Warrior's Descendant H.O.T. in 4K,MBC WORLD,"2:19 함성소리봐라 토니 교주인줄 ㅋㅋㅋㅋ ||| 전사의 후예 70%는 강타가 불렀지만 0:12 장우혁이 내지르는 ""아~~~ 니가니가니가 뭔데!!""는 앞으로도 영원히 이 노래의 정체성이자 시그니쳐일 것 같다 ||| 17년만에 모여 한달 연습하고 라이브..  이 완성도 실화냐.. 대박이다진짜 ||| 와......진짜 멋있네요 28살 남자입니다 입덕했습니다!!! 걸그룹 원걸 소시 이후  요새 형님들 전 앨범 노래 빠져 삽니다 감사합니다~~ ||| 그때도 이재원팬이였는데 파트욕심 안내고 귀엽고 묵묵하게 춤추고 있는 재원이가 넘귀엽다ㅋ다시입덕하게생김ㅋ",예능
SBlYjI7ht8Y,[예능연구소 직캠] H.O.T. 행복 @무한도전 토토가3_20180215 Happiness H.O.T. in 4K,MBC WORLD,강타가 약속된 시간이 왔어요 할 때 진짜 소름ㄷㄷㄷㄷ 나이는 우리가 다 먹었는가보다ㅠㅠㅠ ||| 2025년에 보는 분! 행복하다! ||| 진짜 행복하다 ㅎㅎㅎㅎㅎㅎㅎㅎㅎㅎㅎㅎㅎㅎㅎㅎㅎㅎㅎㅎㅎㅎㅎㅎㅎㅎㅎㅎㅎㅎㅎㅎㅎㅎㅎㅎㅎㅎㅎㅎㅎㅎㅎㅎㅎㅎㅎㅎㅎㅎㅎㅎㅎㅎㅎㅎㅎㅎㅎㅎㅎㅎㅎㅎㅎㅎㅎㅎ ㅠㅠㅠㅠㅠㅠㅠㅠㅠㅠㅠㅠㅠ ||| 음색 그때랑 똑같아요ㅠㅠ특히 토니 목소리 안 변했어.. ||| 토니앓이 ㅠㅠ 깜찍하고 귀엽고 사랑스러움 다른 연옌한테 한번도 느껴보지못한 귀여움임 ㅠㅠ 머리랑 옷 박제해줘욜,예능
-EuxWvpB1J0,"'무한도전', 모든 취준생 향한 응원··· 예능 1위",K-news,,예능
GfkuJH3h5hk,[RADIO STAR] 라디오스타 -What is the bottle that Jackson took ?!20180124,MBCentertainment,"나이들면서 점점 더 밋져지는 잭슨ㅠ 더 어렸을때 까불던모습도 잭슨이고 진지하게 음악하는 현재의모습도 잭슨인걸... 근데 스니 재치는 나이들ㅓ도 그대로라 아직도 존잼ㅋ  항상 갓세븐 으로도 솔로로도  열심히해줘서 고마워 ㅠ ||| 갓세븐 잭슨, 옆모습도 예술이네!! ❤️ ||| 애들이 요새 예능 잘 안나가는게 이런이유인가... 팬들 위주 예능외에 잘 안나가는 시간이 길어지니까.. 다른 이유들이 더 보이기도 하는 것 같기도 하고... 스트레스받으면서까지 나오려고하지마ㅜ 뭐가 됐든 언제나 건강하길 바랄게💚 ||| Jacksooon is a wonderful thing really ||| ENGLISH SUBS!  Gura: Jackson nowadays seems like he got an infection or something? caption:""celebrity disease"" Taehyun: He's very modest today. Gura: He used to be very loud. throwback to when Jackson was in Radio Star a few years back Jokwon: To me, Jackson has caught the 'celebrity disease'. Jack: Nooo nooo. I swear. Gura: You've become too serious. Jack: No it's just that nowadays I've been working on music a lot... Everyone: That is why we say you have the celebrity disease. Jack: Noo wait wait. I've been very bright up until this point right? But that too has its own strengths and weaknesses. Jokwon: He always come talk to me for advice about his concerns. About being in variety shows. Gura: Of course you will have those kinds of concerns (when you start doing variety shows). Jackson: But I didn't start yet (I guess in the sense that he hasn't been doing variety shows lately) Wooyoung: You mean you haven't caught the disease yet? Jackson: Not yet. MC: Just admit this boy to the hospital. (lol) Taehyun: He came on a lot of variety shows right? But why haven't you lately? Jack: Nowadays I've doing a lot of music. Everyone: Celebrity disease! Taehyun: He's a singer, why do we say he has celebrity disease when that is what he's supoosed to be doing?  Jack: Yeah I debuted as a singer! Giving examples on guest having 'guest disease' etc Jack: Up to this point, I have been showing my bright side and now I want to be able to show 'Jackson that can do well in music' too.  Wooyoung: From what I see, Jackson is acting like a man. He was so young before, now he's matured.  Gura: This year how old will you be? Jack: 25 years old.  MC: Then, do you have 'man disease'? Jack: No. MC: But really, the current Jackson and the Jackson that we met when we were recording the last time is so different.  Wooyoung: Yeah, it feels like there is some 'heavy' aura now. (meaning to say, he's serious now) MC: He used to be like ""HI! I'M JACKSON! Now he's like ""hi im jackson"" Jack: No I still do that ""HI IM JACKSON!"" Taehyun: No, it's different. MC: I think that nowadays as time passes by, he can understand so much more of what to say hence he knows to react (as compared to before). Before, because he didn't really understand what we say, he'll start to react like 'whatever'. (meas he's bright and loud because he doesnt understand and know what to say back then) Jack: Yeah nowadays I understand a lot. Compared to Henry hyung..I'm emm.... The last part I don't understand what ""kka"" means sooo yeah",예능
zjFfgvJe3D4,[예능연구소 직캠] 무한도전 위 아 더 퓨처 @무한도전 토토가3_20180215 We Are The Future Infinite Challenge in 4K,MBC WORLD,"ㅋㅋㅋㅋㅋㅋㅋㅋ아진짜열심히연습한거 보인다 다들 너무 잘춰서 놀람ㅋㅋㅋㅋㅋㅋ양세형 근데 왜캐잘추냨ㅋㅋㅋㅋㅋㅋㅋㅋㅋㅋㅋㅋㅋㅋㅋㅋㅋㅋㅋ ||| 여러분 무도 멤버들 나이를 생각하면 저정도까지 연습했다는게 대단한겁니다 ㅋㅋㅋ 가수들도 아니고 그렇다고 바쁜 스케줄에 매일 저것만 연습하지도 않았을텐데 얼마나 피나게 연습했을지 눈에 보이네요 ㅎㅎ 그와중에 유느님 ㄷㄷ ||| 조세호 진공관 춤 너무 잘쳐서 더 웃김ㅋㅋㅋㅋㅋㅋㅋㅋㅋㅋ ||| 양세형 근데 은근히 잘추네 ㅋㅋㅋㅋ ||| 양세형...대박...,",예능
HfhpPUKpsi4,거미(Gummy)의 노래에 대한 김범수(bumsoo Kim)의 답가 '보고 싶다'♪ 2절 ver. 아는 형님(Knowing bros) 158회,JTBC Entertainment,기본에 충실하다라는게 뭔지 가장 잘 보여주는 예시 ||| 개미쳤다 진짜..어떻게 저렇게 소리가 단단하냐.. ||| 너무 잘해서 어이가 없을정도네 ||| 아 이 외국인놈들 김범수까지 알아버렸네 ||| 확실한 1티어 가수,예능
WESmG-Bms5Y,무한도전 조세호 묵언수행 월정사 예능 위기 - SCANDAL,Courtney Hunter,,예능
KVosesNqKgM,무한도전 김태호vs삼시세끼 나영석 누가 진짜 최고 예능 PD일까?,Yami TV,"급이 다른데 뭘? 김태호는 목표를 바라보고 다 죽어가던 무도에 pd로 지원했고, 나경석은 상대를 바라봐 1박2일을 만들었고.. 비교가?",예능
uwvvHrQ1x5Y,[모여봐] 연예인+여행+예능+먹방+리뷰 : 모터리언의 첫 예능 리뷰 Coming Soon!,Krzysztof Burek,,예능
Za0dAsUnDME,무도 가요제 자이언티 예능 재발견과 유재석의 탁월한 존재감,Yami TV,,예능
Li__ffQlGE8,"“살려줘요” 설인아, 수영중 비상 사태 ‘위기 일발’ @김병만의 정글의 법칙 318회 20180608",SBS Entertainment,갑자기 미친듯이 몰아치는 공포감 뭔지 알지.. 섬뜩하다.. 못할 것 같고 심지어 죽을 것 같을 때 진짜 숨막히는데 눈물은 나오려고 해서 숨쉬려하고... 그 순간 물 마시면 그때부터는 진짜 미침... ||| 근데 괜찮다가 어..? 숨 안 쉬어지는데..? 발 안 닿는다..! 이 생각 한 번 들면 바로 패닉오면서 허우적 거리게 되고 물 다 먹게 됨 진짜 침착한 듯... ||| 별거아닌것처럼 느껴질만큼 물속은 잔잔한데 발도 안닿는 곳에서 당황하면 숨가빠지고 힘빠지는게 순식간이라 살려달라고 말안했으면 큰일날뻔 ||| 설인아 언니 너무 좋다..그냥..ㅠㅠ 저런 상황에서 침착하게 대처하고 그와중에 상대방 동의도 구하고 ||| 바로 말하길 너무 잘했네요.. 급패닉.. 진짜 당황스럽고 답답한데.. 너무 잘하셨네요! 그와중에 너무 귀엽다❤️,예능
tWZqOlqes1k,"차범근·하석주, 최용수 허세에 일침 날리는 축구계 선배들 @김어준의 블랙하우스 21회 20180705",SBS STORY,최용수는 사람 자체가 그냥 웃긴 사람이야 안웃기려해도 말투 자체가 웃겨 ㅋㅋㅋ ||| 최용수 한인상하지만 우리나라 스트라이커중에 레전드중 한명. 경기전 골을 넣을 것 같은 믿음이 들었지.은근 예능에도 소질있는 듯. ||| 대선배들앞에서 최용수감독님ㅋㅋㅋㅋㅋㅋ아 진짜 웃기네ㅋㅋㅋ ||| 진짜 최용수는 90년대 아시아 최고의 축구선수중 한명이었음 ||| ㅋㅋㅋ이분은 진짜 대한민국 레전드인데 찐으로 웃김ㅋㅋㅋㅋㅋㅋ,예능
VpAN5airFqU,"""저 기억나세요?"" 제동(Kim Je dong)을 공포로 몰아세운 한마디 ㄷㄷ;; 김제동의 톡투유2 12회",JTBC Entertainment,"잘 컸네요. 은혜 잊지 않은 것만 봐도., ||| 김제동 씨 최고 입니다 정말 사랑합니다 ||| 나쁜 기억 아니고, 선행이네 ❤ ||| 김제동씨   다시 방송에서 보고싶네요 ||| 내가 제일 좋아하는 방송인 2025년 1월2일  이렇게 만나뵙네요.",예능
_MIOp-suY9I,LOT폴란드항공 이벤트! 유럽여행! Vlog 드론으로 찍은 광고영상 Airlines Commercial,Kyuletta,우와 드론으로 찍은 영상이 굉장히 멋지네요! 잘봤습니다! ||| 폴란드는 아직 못가봤는데 풍경이 무척 아름답네요 폴란드에 여행가면 배경에 있는곳들 꼭 가봐야겠네요! ||| 영상 잘보고갑니다. 개인적으로는 폴란드+체코를 추천드리고싶습니다. ||| 영상 잘 보았습니다....저도 올해 DJI Mavic 들고 폴란드 가게 되었는데요..혹시 항공촬영허가 어떻게 진행해야 하는지 도움 받을수 있을까요?dal2100@gmail.com입니다.,여행/이벤트
ofJSwdTmKw4,[결혼식신랑축가] 신랑이벤트영상 결혼식축가노래영상,인해InHae,,여행/이벤트
nEF9-hlbJXA,[LOT폴란드항공 이벤트]1분영상_유럽여행 가면않되?,Wonny,최고에요! 폴란드를 확실하게 보고갑니당ㅎㅎ,여행/이벤트
ePdHaqaXxk0,벼룩시장홍보영상,멋진인생을,,여행/이벤트
YtP1xhiPf5o,"통영여행 여긴 꼭 가야해 4, KKday에서 초대박 이벤트 열립니다!!!",케이케이데이 KKday,,여행/이벤트
jn19Cuo36hA,박물관 전시관용 인터렉티브 시스템 홍보 영상-(주)요요인터렉티브,동물흉내,,여행/이벤트
eLdmVqVkqZM,사진으로 돌아보는 함께한 시간#데이트#커플#이벤트#영상#왜잘렸지자막이#역마살,얌찌커플일기장,이게 자동 떠서 봤네 ㅎ 멋지다! ||| 잘어울려요 ||| 잘어울리네,여행/이벤트
3qDiScGNYHE,"제주라프 JEJU LAF 제주동부코스 NEW제주야간명소/제주야경 에코랜드, 성산일출봉, 비자림 여름휴가는 제주여행!",WITHWAY-위드웨이,,여행/이벤트
ItP8cGDV9IQ,모션그래픽 바이럴 광고 (motion graphicviral marketing) 로레알파리 장문복 바이럴 영상,모션오아시스 이미지웍스 (MOI),,여행/이벤트
yBB14FOwaOc,배달의민족 맛집 카페시나피 국내산 직접끓인 전통팥빙수 컵빙수,친절한금자씨,,여행/이벤트
38kgmn1V6C8,배틀그라운드 이벤트 워모드 원샷원킬 게임 여행 영상,Agent Smith,,여행/이벤트
5w8OLC_Gvko,2018년5월 송도 피카츄축제 4살하은이,高清华,,여행/이벤트
A-TjYW7yiq8,제주항공 대학생 서포터즈 조이버 15기 지원 영상_윤주원,윤주원,합격하셨나요?! 퀄리티 진짜 좋은거같아요 ||| 영상 직접 만드신거에요 ㅠㅠ? 진짜 잘만드셨네요... ||| 혹시 어떤 프로그램 사용하시나요?,여행/이벤트
oZ8AfzaNczY,오사카와 도쿄를 100배 즐기는 방법?!,책맛집RHK,,여행/이벤트
WRcgiyQ4Gx4,배틀그라운드 이벤트 워모드 원샷원킬 게임 여행 영상 2,Agent Smith,,여행/이벤트
hjKK58HFs5U,"결혼준비, 이번 하와이안 크리스마스 파티에서",허니문리조트,허니문리조트 신혼여행 박람회 신청 방법?  1. 허니문리조트 유튜브 프로필 박람회 링크 확인!  2. 신혼여행 박람회 신청 사항에 인적 사항 기입  3. 1~2일 내로 안내 톡 전달  감사합니다!,여행/이벤트
bEBFfDzHjF4,오사카 만끽 3종 쿠폰,아시아나항공 (Asiana Airlines),ㅁㅊ 아시아나 타고 오사카 갔었는데ㄷㄷ,여행/이벤트
ZA_AQoODZkk,[롯타투어] 나의 몰캉스 타입은?,롯데월드타워(LWT),,여행/이벤트
cYfl8iLel8Y,[닥터지 뷰티팁]이제는 선스틱도 무기자차!,닥터지 Dr.G Korea,,여행/이벤트
TlmSAvhdN4w,[IMADda] 사진관리가 이렇게 쉽다고?! 봄 어플리케이션,ImAdda나는광고다,,여행/이벤트
UPlLXwRrNc0,12월 서울 전시회,청춘라이프,,여행/이벤트
9zArK3AETqI,제주 핫플 돈내코 맛집 한라성,탐나오 제주,"Un animal vivo quemandose, triste y horrible ver esto repulsivo pobre animal tratando de escapar",여행/이벤트
Y9qwyRgN71A,위드미 누드 앤 쉬어 선스틱 영상,810 evas,,여행/이벤트
6iFJRm-OlOM,민성이의 지나오다,Miiiin,크게될사람이다 ||| 뭐야 이거 유튜브 스토리에 왜있는거지?? ㅋㅋㅋㅋㅋ 민성아 이렇게 보니까 진짜 반가운데 뭐냐 너무 신기하네 ||| 발성이 안돼있고 겉멋이 심하네요.. ||| 도대체 몇키내린거 ㅋㅋ ||| 노래의 기본기가 안되어있네요,여행/이벤트
9NOiI6a3FuA,[바이럴영상] 멘토스_빼빼로데이 이벤트 프로모션 영상,infolio park,,여행/이벤트
lLZlU-8gu_Y,TAEAN LIGHTING FESTIVAL Travel Korea / 연중무휴 태안빛축제,태안빛축제태안꽃축제,,여행/이벤트
pvERa0_BT48,"[블랙보리] 3,300만 병 판매 돌파 이벤트!!",하이트진로음료,,여행/이벤트
2lL5Ve9obp8,유주얼언박싱 달팡인트랄토너,CREESTYLE,,여행/이벤트
Q-pYdru2kAc,사찰여행  칠장사 전설,아낌없이 주는 나무 ,,여행/이벤트
InXpQ9ltqyE,온더 1080x1920,VideoMonster,,여행/이벤트
sg0CkKBkb7M,2018 문화다양성 페스티벌 무빙 포스터 - 부산문화재단,부산문화재단기획홍보팀,,여행/이벤트
354AI9jDdQ4,5월 19일 사당 현판 / 사당 현장판매 / 서울현판 / 워너원 굿즈 / 방탄소년단 굿즈,륜린',설명 꼭 봐주세용 ||| 꼭 갈께영❤😗 ||| 저희 재밌었어요 ! ||| 못가여ㅠㅜ ||| 저희지금 사당 도착해서 ㅣ시간동안 길찾고있어요ㅠㅜㅠㅠ어디죠,여행/이벤트
3fGJnSIaJ1Y,블랙이글스 사천 에어쇼,Guset777,,여행/이벤트
vPJCL7igNBc,우주 별 여행 이벤트 간단한 플레이 영상-pmhcr7,FES KOR,안녕하세여 ||| ㅎ ||| 1 ||| 간단간단,여행/이벤트
3coYfm8Ht4I,"#데이트영상 , 올 해 첫번째 제주도여행 ( 진리커플 ♡ )",ZinRiCouple진리커플,,여행/이벤트
oAKyLf2My_k,배틀그라운드 이벤트 워모드 원샷원킬 게임 여행 영상 3,Agent Smith,,여행/이벤트
j8YXt7dXEfY,[NH농협은행] 유튜브 구독 이벤트!,NH농협은행,"구독완료~~^^ ||| 구독완료! 협동조합 좋은거야 다 아는 사실이듯, 농업협동조합은 농민에게 늘 든든한 힘이 되어주는 곳이죠 ^^ 농민이 국민이 즐거운 소식 이곳 유투브에서도 많이 전해주세요 화이팅! ||| 구독했어요~ 늘 많은 정보와 좋은 먹거리 추천해주셔서 감사해요^^ 농산물의 화려한 변신과 농민들의 노고를 느길 수 있는 정보력 빵빵한 소식들 기대할게요. 대박나셔요♡ ||| ☆구독완료☆   가장 멋진소식 매일매일 기대할께요!! #NH농협은행♡♡♡  항상 응원합니다~^^ 🎵❤🍀💛💚💞 ||| 구독 완료~ 농협은 언제나 믿고 빠른 나라의 은행~",여행/이벤트
XRb5k4MCEvY,해외여행 추천! 유럽여행 한 눈에 보기 TOP 5,tv해외로,영상 잘보고 갑니다~ 여행은 항상 옳아요. 여행을 다니면 제가 갖고있던 고정관념같은것들도 없어지고 더 새로운것들을 받아들일 수 있는 계기가 되는거 같아요. 저도 여행 자주 가려고 노력하고 있어요~,여행/이벤트
jHVOIX57EFg,유럽여행지 추천,트립스토어,,여행/이벤트
J_N-3hn-VMc,9월의 프라하 날씨,유학왕이빵도,,여행/이벤트
3ryoLRl5x1U,유럽신혼여행추천지역TOP5 [녹음판],랭킹박스Ranking Box,풍경이 환상입니다 꼭 가봐야겠어요 ||| 알림에 오타가있었..흠흠,여행/이벤트
rQzBjGQVuDI,대만여행 팁 유명한 관광지 1탄 [해외여행 추천],tv해외로,영상 잘보고 갑니다~ 여행은 항상 옳아요. 여행을 다니면 제가 갖고있던 고정관념같은것들도 없어지고 더 새로운것들을 받아들일 수 있는 계기가 되는거 같아요. 저도 여행 자주 가려고 노력하고 있어요~,여행/이벤트
KJa6fgBiGCI,유럽 패키지여행은 이젠 그만!,톡투유talk2eu,,여행/이벤트
1CXR9aT7Cn4,"해외여행 정보- 항공사 직원 추천 가성비 좋은 여행지 TOP 3, 수하물 빨리 찾는 TIP, 자판기에서 여행상품을?",여행중계소 Travel Relay,,여행/이벤트
0xS4oGNDuBY,"해외여행-미국, 유럽, 북유럽 관광청 추천 숨겨진 명소 투어 캘리포니아, 잘츠부르크, 시애틀, 오슬로, 핀란드 여행ㅇ",여행중계소 Travel Relay,,여행/이벤트
x3noQKy3pbM,바티칸에 간다고? 그럼 가이드 투어 추천! | 바티칸 | 유럽여행,컬럼버스TV,"옴마나 감사합니다ㅎㅎ로마에서 처음으로 자전거나라가 생겼을 땐, 정말 자전거 타고 투어했었어서 '로마자전거나라'로 시작했답니다.그리고 시간이 지나서 다른 유럽 국가들도 지점들이 생기면서 유로자전거나라가 되었어요.안그래도 바티칸 투어를 해야만하는 이유로 영상을 기획 중이었는데이 영상을 보니 너무너무 반갑네요:)",여행/이벤트
QT6wOxIbMik,캄보디아 추천 여행지 5곳 [해외여행],방구석TV,welcome to cambodia .thank you for this video.i'm from cambodia ||| 저 요번에 캄보디아 여행가서 찾아보게 됐는데 목소리랑 발음 진짜 좋으신거 같아요! ||| i love Cambodia 😘😘😘 ||| 좋은 여행정보 감사합니다. 혹시 여행관련된 영상들은 어디서 끌어서 사용하시는건가요? ||| 오우 맥주엔 치킨님 ㅎㅎ,여행/이벤트
L4ONa7N5v8E,마카오해외여행 4박5일 5박6일 추천 일정,아낌없이 주는 나무 ,,여행/이벤트
5fsix71wrWo,죽기 전에 가봐야할 여행지 10곳은?,이슈에디코,,여행/이벤트
7dpS0Zl-K1s,유럽으로 배낭여행 다녀온 리얼 후기!!!!!!!!!!,스위트유로,,여행/이벤트
TOmx_JkdCrc,"유럽여행 VLOG. 파리 🇫🇷미슐랭 3스타 요리사가 추천한 크로와상, 루브르박물관  🇪🇺(feat.일본인 친구 하루카) | Travlog",Lizzy리지,파리도 너무 예쁜데 편집도 뭔가 감성적이라서 더 좋아용 ㅠㅠㅠ ||| 헐 대박!프랑스여행 또 가고싶어지는 기분이예요 영상미도 넘 이쁘고.오늘도 잘 봤습니다 다음 영상도 기다릴게용😄 ||| 유럽여행영상 기다렸어요😍 요새 과제폭탄으로 지치는데 리지님 영상 다시보면서 대리만족과 힐링중이에여..😭😭 ||| 유럽여행이라니ㅠㅠㅠㅠㅠ부럽슴다ㅠㅠㅠㅠ💗💗💗💗😭😭😭 ||| 저도 저 크로와상 먹어보고 싶네요😳😳 방금전에 밥먹었는데.....😂 오늘도 영상 감사해용!! 저도 잠시나마 같이 여행한 기분이였어요💕,여행/이벤트
sj6h_OyaJ9w,유럽여행 예방접종?! 꼭 해야해?,스위트유로,,여행/이벤트
ODaVfL_v1zE,유럽 여행에  가저갈 캐리어,오현우,,여행/이벤트
yhsIsHJR4YE,12월 연말 해외여행 추천 3곳 !! 3번은 모르시는 분들 꽤 계실듯! [해외여행],방구석TV,"아 영상 초반 파도소리도, 목소리도 편하고 좋아요~^^ 시미란섬 가보고싶네요~짧지만 유익~ㅎ ||| 겨울에 따뜻한 섬나라도 떠나는 여행 정말 멋진 것 같아요.!!  태국 시미란섬!! 너무 아름답네요. 한번 여행가고 싶네요! ||| 물이 깨끗하네요 ㅎㅎ 감기 조심하세요 ||| ㄱㅅ ||| 아..... 마닐라가 없네... 아쉽.",여행/이벤트
e5lYVFTWovQ,김경 유럽여행,김경,유럽 가보고싶네요 👍🏻 ||| 와~유럽 부럽네요~~,여행/이벤트
izn2Ca89GIQ,해외여행추천 팔라우여행 그곳에서 만난 돌고래떼,팔라우여행사 & 어드벤처다이브,,여행/이벤트
rL6lcUfFm7Q,유럽여행 쇼핑추천🛍저렴한브랜드.화장품.옷.필수템ㅣ동유럽ㅣ아랑,Arang 아랑,멍총하게 생겼다고 한 부분에서 빵터졌어요..ㅋㅋㅋ 웃음뽀인뜨!! 언니..영상에서 입고계신 옷은 어디거죠..?? 넘예뻐요 ㅠㅠ ||| 저렴한 브랜드나 위치. 가격 알려주셔서 넘 유용해요💕👍 그리고 너무 예쁘세요💐 ||| 우와아아앙 아랑언니 악세서리 쇼핑 성공적.. 특히 디즈니 목걸이 넘 예뻐요ㅠㅠ😍 ||| 언니 완전 이뻐요 ㅠㅠㅠㅠㅠㅠㅠㅠㅠㅠ 감기 빨리 나으세요 ㅠㅠ ❤ ||| 쬐꼼늦었지만 지금이라도 왔어요!!ㅠㅠ 보고싶었어욤아랑님 오~역시 꿀템이나 필요한게 많아요!!!!! 저도유 럽여행가면 사야겠네용~♡♡사랑하고 오래가고 행복해요 아랑님~~☆ 빠빠,여행/이벤트
6NN9CSLfbgg,"유럽 장기 체류자, 체류허가증 지참하고 유럽 여행해야 / YTN KOREAN",YTN korean,,여행/이벤트
974qPsMsbGk,해외여행 무료 여행자 보험에서 가장 중요한 항목은? / YTN KOREAN,YTN korean,,여행/이벤트
ylLEPW6g6Ww,대학생 유럽여행 룰루랄라 필로트로!,필로트 Pilote,,여행/이벤트
9eWQgrb8ukQ,홍콩 여행 팁 유명한 관광지 TOP5 [해외여행 추천],tv해외로,영상 잘보고 갑니다~ 여행은 항상 옳아요. 여행을 다니면 제가 갖고있던 고정관념같은것들도 없어지고 더 새로운것들을 받아들일 수 있는 계기가 되는거 같아요. 저도 여행 자주 가려고 노력하고 있어요~ ||| 홍콩여행 영상인데 영상 설명에는 대만여행 가기전 보면 좋은 영상이라 적혀있음 ||| 세계 3대야경은 개뿔~~,여행/이벤트
Yr4OsgRUjcc,베트남 다낭 여행 코스 유명한 관광지 TOP5 [해외여행 추천],tv해외로,영상 잘보고 갑니다~ 여행은 항상 옳아요. 여행을 다니면 제가 갖고있던 고정관념같은것들도 없어지고 더 새로운것들을 받아들일 수 있는 계기가 되는거 같아요. 저도 여행 자주 가려고 노력하고 있어요~ ||| 와..내가 거의 다가갔던곳이네...,여행/이벤트
AdrPtj4aomg,대만 여행 팁 유명한 관광지 2탄 [해외여행 추천],tv해외로,영상 잘보고 갑니다~ 여행은 항상 옳아요. 여행을 다니면 제가 갖고있던 고정관념같은것들도 없어지고 더 새로운것들을 받아들일 수 있는 계기가 되는거 같아요. 저도 여행 자주 가려고 노력하고 있어요~,여행/이벤트
cUicFBf6gaU,유럽여행 선물추천 ; Anthon Berg Chocolate 안톤버그,_ undefinable,쿠훔,여행/이벤트
GziDIVi1hHg,모든 패키지여행 한번에 비교!,트립스토어,,여행/이벤트
x5hTwd0yqic,겨울에 떠나기 좋은 여행지 추천!,트립스토어,,여행/이벤트
gQw0X57RVMs,2tv 저녁 생생정보 - 효율적으로 여행 가방 싸기 꿀팁!!.20180322,KBS 교양,"우와 ~대단 합니다. 좋은 정보 정말 감사합니다. 100번 감탄 하고 갑니다. ^^ ||| 정말 캐리어 부피줄이기 달인이십니다.^^ 꿀팁 잘보고 갑니다. 감사합니다. ||| 오, 감사해요. 짐을 싸다가 도저히 어떻게 줄일까 고민하는 중에 찾은 꿀팁입니다. ||| wu저러면 양말목 늘어날듯 ||| 입을때 장난아니겠는데요",여행/이벤트
v3KOgKlqyOo,[해외여행] 호주(시드니) _ 30대 여자 혼자 떠난 생애 첫 해외여행 #051 | 시드니 쇼핑의 매카 조지 스트리트 백화점 투어,손나댐이 그녀의 블로그 클립 Vlog s2 ,,여행/이벤트
WIz_ZzhMkns,[혼자 해외여행 하기 좋은 곳] 혼자 해외여행지 추천 BEST4는?｜시바나,마곡의 소리,,여행/이벤트
Z-N3AWxbo_c,유럽 같은 국내 인생 풀빌라 스페인스러운 소토보체 _ Daily Travel,데일리호텔DAILYHOTEL,,여행/이벤트
Ds8QVCrgNMU,노쇼핑 패키지여행만 알아보고 싶을땐? 트립스토어!,트립스토어,,여행/이벤트
mhbrurllZIw,이탈리아 베니스 맛집 찾아가기,스위트유로,,여행/이벤트
deog4wTmWkY,사이판 오비안비치 스노클링 해외여행추천,소소한행복,,여행/이벤트
Yo3qsrtDVOc,사이판여행 마나가하섬 스노클링 다시 가보고싶은곳 해외여행추천,소소한행복,소소행복님 유툽 역사 내공이 깊으시네요 확실한  도장찍고  거시기 자주 방문 하겠습니다  스노쿨  다이버 하고 싶어지네요 ||| 사이판~~ 대학교때 가본 기억이...저도 아이들과 다시한번 가보고싶네요...참 바닷속이 예뻐요🇰🇷🇦🇪,여행/이벤트
Fm7Ud1HPW_8,사이판 오비안비치 스노클링 해외여행추천,소소한행복,,여행/이벤트
SQLHJFdJ7Mg,해외여행] 호주(시드니) _ 30대 여자 혼자 떠난 생애 첫 해외여행 #044 | 시드니의 아름다운 바다마을 맨리와 맨리 비치:Manly Beach,손나댐이 그녀의 블로그 클립 Vlog s2 ,,여행/이벤트
XoeCYnX21uM,"해외여행시, 가성비 갑 캐리어 best 5!",김민호,,여행/이벤트
F9Ibi2dr2GM,해외여행 출장 고수들이 무조건 깔고보는 추천 앱 TOP7 - 트래블튜브,트래블튜브,헉!! 자연스러운 광고였다.... ||| 축하드립니다!! 광고 인 게 티나면서도 자연스럽네요. ||| 캬 언제나 믿고 봅니닼ㅋ ||| 형 너무 자연스러워서 다른 앱들 다운받다가 같이 다운받아버렸잖아ㅋㅋㅋㅋㅋㅋㅋㅋㅋ ||| 참고하겠습니다~ 감사합니다~트레블튜브님~♡,여행/이벤트
NIrs_QCrH0M,괌PIC에서 안 하면 손해인 5가지 🏝️ PIC GUAM,이레 여행 Travel Yireh,와우 ||| 완전 환타지월드네요!! ㅋㅋ가보고싶다 ㅠㅠ ||| 좋아요 ||| 8월~10월사이에 가고싶어요 근데 날씨를 생각하면 언제가는게 좋을까요? ||| 두방,여행/이벤트
3a181DutS68,망원경으로 태양을 보면 안되는 이유,호라라,평생에 두번은 볼수있음 ||| 와.. 고등학교때 옥상에 망원경 설치해둘테니까 보라고 하시면서 낮에는 절대 보면 안된다고 하셨던 이유가 이거였네요. 무섭.. ||| 망원경으로 봐도 실명 돨수있는데 천체 망원경이명 ||| 굳이 볼 이유도 없죠 ||| 그거 나뭇잎 대면 구멍 뚤림,여행/이벤트
SAvlDm9-0w4,세계의힐링 여행지TOP5,힐링홀리데이Healing Holiday,좋은정보 잘 보았습니다~~,여행/이벤트
Imw7o6NkA9w,[트리플] 여행계획을 짜는 가장 쉬운 방법,트리플,오오,여행/이벤트
APHeEMWrNpg,익스피디아 모바일 앱으로 여행 계획하세요!,Expedia - 익스피디아 공식 채널,"매월, 매일, 매순간마다 할인 혜택이 빵빵 터지는 익스피디아! 지금 추가 할인 받을 수 있는 방법은 아래 링크에서 확인해주세요!  https://bit.ly/2ooclUM",여행/이벤트
azEemLlRxkY,여행일정을 쉽게 만들기 1탄!!!,여행고수,,여행/이벤트
05yD6CIMf6E,핫츠고 플랜(HOTSGO PLAN) 사용법 #5 - 여행일정 관리 편,핫츠고 : HOTSGO,,여행/이벤트
I3ezEwemMe4,이스탄불여행  계획하시는분들에게 1day 추천 일정!,모두투어,좋은영상 잘보고 갑니다!,여행/이벤트
lJ68SwWgEHg,일본 가고시마 여행 3박 4일 일정 Travelog / JAPAN KAGOSHIMA 2018,아이엠자영 iamjayoung,코로나 풀리면 저도 가고시마여행 가보고 싶네요^^ ||| 진짜 일본에서 산다면 여기서 살고싶다 할 정도로 너무 좋았음.. ||| 가고시마  진짜 가고싶네 개인적으로  소박한게 전좋아요 ♨ 도좋고 ||| 저도 가고시마 이부스키 중심으로 갔는데요 ㅎㄷㄷㄷㄷ 아큐시마섬 진짜 가보세요 완전 영적이 분위기와 몇천년된 나무들이 있는데... 모노노케 공주 배경으로 설정된곳.  암튼 가고시마 이부스키 야쿠시마 최고! 아쿠시마는 적어도 3~4일가고 트랙킹 등산코스로 최고. ||| 가고시마 반드시 간다.  후쿠오카에서 신칸센타고 갑니다. 비싸지만 갑니다.,여행/이벤트
o3arixmh5rI,[트리플] 여행일정 짤 때 공감_일정편(full),트리플,,여행/이벤트
V7GUfzJw_sQ,[인터파크투어] 가자 진짜로 오늘여행,NOL 인터파크,,여행/이벤트
Ds8QVCrgNMU,노쇼핑 패키지여행만 알아보고 싶을땐? 트립스토어!,트립스토어,,여행/이벤트
V8JIRDUCiO8,핫츠고 플랜(HOTSGO PLAN) 사용법 #6 - 내가 만든 여행 일정 PDF 다운받기 & 공유하기,핫츠고 : HOTSGO,,여행/이벤트
qGA80WOLlWE,"도쿄 3박 4일 가족여행 (여행 코스, 일정 확인해보세요!)",idoron,"와!! 영상보니까 일본 뽕이 다시금 새록새록 돋네요. 정말 잘 만들어서 다시 가고싶어지다니 무섭네요.. 내년에 부모님  모시고 동생이랑 갈 때 다시 보러 올지말지 모르겠지만 생각나면 보러올께요 ㅎㅎ ||| 진심 또 일본 가고싶어지는 영상!! 조만간 찾으러 가께!!!!!! ||| 잘봤습니다 그런데  2:15 세계최초 앙팡(밭빵) 이라고 되어있네요 ㅎㅎ ||| 잘만들었다 ㅋㅋ ||| 어떻게든 뱃살을 빼보고 싶다면 ""해인감비환""을 드셔 보세요! 식욕 컨트롤도 잘될 수 있게 도와줘서 수월하게 다이어트를 할 수 있었어요....",여행/이벤트
NIrs_QCrH0M,괌PIC에서 안 하면 손해인 5가지 🏝️ PIC GUAM,이레 여행 Travel Yireh,와우 ||| 완전 환타지월드네요!! ㅋㅋ가보고싶다 ㅠㅠ ||| 좋아요 ||| 8월~10월사이에 가고싶어요 근데 날씨를 생각하면 언제가는게 좋을까요? ||| 두방,여행/이벤트
-k5rag0sby4,[구재희의 지구여행자] 몽골여행자 여행일정 안내편!,지구여행자 G9tour,안내편만바도 어마어마한데.. 직접보고하면 얼마나 좋은기분일까용!!!,여행/이벤트
bfbbogTRWeQ,[여행vlog] 새벽4시부터 시작되는 이탈리아 일정!! 지중해휴양지+로마 대리만족 여행은 이거지!,예소리SSOL,"예소리 영상보고나면 나중에 예소리 목소리가 귓가를 맴돔ㅋㅋㅋㅋㅋㅋㅋㅋㅋㅋㅋㅋㅋㅋㅋㅋㅋㅋㅋㅋㅋㅋㅋㅋㅋㅋㅋㅋㅋㅋㅋㅋㅋㅋㅋㅋㅋㅋㅋㅋㅋㅋㅋㅋㅋ ||| 왜 언니는 여행내내 붓지도않고 계속 이쁜거죠,,,? 진짜 부럽다ㅠㅠㅠㅠㅠㅠ😭 ||| 우앙 ㅠㅠㅠ존예탱♥️👍🏻👍🏻  머리묶은게 너무잘어울려요... 🙊🌰 ||| 유럽영상 정주행완료오--!패키지라그런지 한식을 정말 마니먹는군용!! 부모님이랑 같이가기에 좋은것같아여 ㅎㅎㅎㅎㅎ👏💕 ||| ❤️❤️보통 여행가면 그사람성격을 안다는데 언니는 진짜 항상 밝고 긍정적인거 같아요,, 성격때문에 얼굴이 더 빛나는 케이스,, 항상 잘보고있어요 사랑해용❤️❤️",여행/이벤트
L4ONa7N5v8E,마카오해외여행 4박5일 5박6일 추천 일정,아낌없이 주는 나무 ,,여행/이벤트
12zqPt68OB8,원동기 면허시험 ㄱ자 굴절코스 재미로,재범달려,이 아이는 커서 차마다 전손을 냅니다 ||| 코너링 스무스한것보소 개잘타시네요 ㄷㄷ ||| 솔직히 이건 잘탄다.. 진짜 인정해야함 ||| 진짜 존나 잘타긴 하네 ㅋㅋㅋㅋㅋㅋ ㅋ이건 인정한다 ||| ㅈㄴ 잘타네ㅋㅋㅋㅋㅋ 첫 코스 지나는거 개깔끔하다...,여행/이벤트
AW2yyL_i0cA,[인터파크투어] 가자 진짜로 파라다이스,NOL 인터파크,,여행/이벤트
OdJWcirWIO0,트리플 여행계획을 짜는 가장 쉬운 방법,코요태 덕이야,,여행/이벤트
hwQuoickwyE,현실자매 싱가포르 브이로그✈️여행경비+일정공유 SINGAPORE VLOG- [쩡유],쩡유 JJeong U,맨날 느끼는 거지만 쩡유님 영상 너무 마음이 편해지고 힐링돼요 ㅠㅠㅠ ||| 와 쩡유님 ㅠㅠㅠ여행가서 너무 많이 찍어온거 아닌지 ㅜㅠㅠ쩡유님 덕분에 싱가폴 대리여행 다녀온 기분이에여 ㅎㅎㅎㅎ싱가폴 물가도 비싸고 비행기표 가격도 꽤 있어서 가기 망설여지는데 넘 부러워용 ㅠㅠ30분 가까이 되는 영상 넘 감사해여❤ ||| 쩡유님 여행영상보며 코로나시대를 겪고 있는 유자 한 명.. ㅜㅜ 쩡유님 넘 이뻐요♡ ||| 여행가는건항상설레는거같아요 추울때더운나라한번가보고싶어요 쩡유자매넘보기조아요 ||| ㅋㅋㅋㅋ 중간중간 음소거 된 부분 제꺼 음량이 최저 된 줄 알곸ㅋㅋㅋㅋ 오옹?... 하면서 볼륨키 눌렀음ㅋㅋㅋㅋㅋ 아!쩡유님 글구 물 좋아하시면 수영 한번 배워보세용! 저도 리조트나 해외휴양지가면 튜브끼고 노는 게 너무 싫어서 물 공포증도 극복할 겸 수영 배우기 시작했는데 스트레스 받을 때 수영하니까 너무 힐링되고 수영배우구 나서 휴양지 가니까 여행퀄리티가 달라요..수영장에서 원하는 수영 다 가능하고 인어처럼 물 속에서 꿀렁꿀렁 잠영도 하고 바다에서도 자유수영하고 비키니입고 패들보트타고 물속에 잠수해서 물고기랑 수영도 하고 사람들이 수영 잘 한다고 다들 쳐다봐주곸ㅋㅋㅋㅋ 진짜 수영은 강추강추! 물에 뜰 줄 알고 배영 무서워하지 않으면 이미 수영 반은 하신거.. ㅋㅋㅋㅋ 수영 배우고 나증에 또 휴양지 한 번 가보셔용 정말 상상이상 행복하더라구용 ㅠㅠ.....,여행/이벤트
v2I3yUCF1Jc,"일본여행 유용어플 3, 어플깔고 여행고고!  (KKday)",케이케이데이 KKday,,여행/이벤트
C6yObMtv4Cw,"여행 계획 세우기, 미국 한달 살기  흔한 테마파크 덕후의 일정.",사나의 여행 Ella's,우아아 ... 아라유님 너뮤 부러워용 ~~!!!!!  미국에 한달동안 ... 다양한 재미난 영상 많이많이 부탁드려욧 ❤️❤️❤️❤️🙏🏻🙏🏻🙏🏻 ||| 미국 한달살기 여행 ..정말 부럽습니다 ~!!! 심지어 일정 절반이 디즈니와 유니버셜... ^^  테마파크 덕후 라는 말씀이 너무 웃기고 귀여우세요~! 준비 잘하셔서 즐거운 여행 다녀 오세요 . 벌써부터 영상이 기대가 됩니다 ! ||| 5번째!! 멋져!! 무슨 여행계획짜는데 가족이랑도 미팅하듯이ㅋㅋㅋ 다녀온 후기도 기대할겡~~~~~ ||| 조심히 잘 다녀오세요. 😍😍 ||| 우와우와 미국 한달살기`~ 부러워요 후기도 완전 기대되는걸요~,여행/이벤트
hcb3gC-znjA,대만여행 일정이 고민될 때,Taiwan.travel JJ대만택시투어,,여행/이벤트
ELRRMm5UpTw,블라디보스토크 자유여행 일정- 관광편,지니지니,,여행/이벤트
7SbnsdcqYsM,[Part.1] 일본 도쿄 2박 3일 여행 추천 루트 일정!! | Japan Tokyo(東京) 2 Nights 3 Days Trip Route,스멀샵,이 영상을 보고 학교 과제에 도움이 되었습니다! 감사합니다~~ ||| 크 이런 여행 영상도 역시나 수준급이십니다 너무 깔끔하게 느낌있게 잘하신 듯 ㅠㅠ !!! ||| 와 천도님 이거 영상 잘 만드셨네요~ 이제 봤네용~~  이번에 베트남여행을 가서 어떤식으로 영상에 담으면 좋을까 궁리 중인데... 천도님 영상 보면서 방향을 한 번 잡아봐야겠어요~~~  와 근데...  분량 많은데 편집하면서 고생많으셨겠어요... 이래서 여행영상이 힘들죠.. 분량많은데 압축해야되서... ㅋㅋㅋ ||| 영상 탁월하시네요 잘 보고 갑니다😊 ||| 도쿄 여행 가고싶어지는 여행이네요ㅎㅎ영상이 너무 예뻐요! 잘 보고 갑니당,여행/이벤트
wf_OLWk2lAY,여행일정,깜서「ARMY」,,여행/이벤트
XNazhGd5EjQ,🎁자유여행러들을 위한 에어텔 특가🎁,트립스토어,,여행/이벤트
xi22KHM5pfw,[유럽 여행]VLOG #01🇮🇹이탈리아-여행 일정 공유/로마. 포지타노. 피렌체. 베니스,율임Yul,와^^너무이뻐요 ㅎㅎ,여행/이벤트
e4UhH0QwanQ,체코인들이 즐겨먹는 디저트 꼴라취는 무엇?!,스위트유로,,여행/이벤트
nQzHgDkajQg,[Part.3] 일본 도쿄 2박 3일 여행 추천 루트 일정!! | Japan Tokyo(東京) 2 Nights 3 Days Trip Route,스멀샵,일본 여행은 어렸을때밖에 안가봐서 다시 또  가보고싶어요ㅠㅠ 이런 여행 영상들도 자주 올려주세요ㅎㅎ ||| 이번 영상은 특히 빙구미 뿜뿜이네용^^ㅋㅋㅋ 글고 역시 인조보다는 자연미인이 좋죠 헤헤헤ㅎㅎ ||| ㅋㅋ저도 개인적으로 아사쿠사 상점가거리보다는 숨겨진 골목골목이 더 좋더라구요! 옛날감성의 가게들이 많아서 더 따듯하고 편안한 것 같아요 :)  아사쿠사근처에 실크푸딩이라고 푸딩집이 있는데 너~~무 맛있어요 🙊🙊   나중에 또 다시 도쿄 가시면 한번 드셔보셔요 👍 ||| 좋아요 ㅎㅎㅎ 오오 너무 재밋게 보고 가요 ㅎㅎ빙구미도 귀여우시공 ||| 우에노 공원 가보고 싶네요~~~ 도쿄 아키하바라 리뷰한번해주세요 ㅎㅎㅎ,여행/이벤트
KwMiSgqxkv0,7월 제주도 여행일정 추천리스트는??,dney Ju,,여행/이벤트
KZC5KlnHZbA,★인스타그램 성지☆ 될 북한 여행지 7곳 공개...진짜 신기함,스브스뉴스 SUBUSUNEWS,최근 들어서 스브스뉴스 보면 정말 과할 정도로 북한에 대해 너무 설레발 치는 듯한 느낌... 너무 평화적 분위기로 가는데 제일 경계해야하는게 북한이야. 지난 역사가 다말해주는데 왜이러는지 참... ||| 스브스뉴스 SBS가 자신있게 내놓은거 맞음?ㅋㅋㅋ그냥 북한 미화만하는거같은데 ㅋㅋㅋ ||| 극소수 특권층 사람들의 이야기를 마치 모든 북한 사람들이 이런  여행조건을 즐긴다는 식으로 영상에서 보여지는거 같네요. ||| 이제 북스타그램도 나오겠네 ㅋㅋㅋㅋㅋ ||| 1:44 북한 초딩 애들 말투가 ㅋㅋㅋㅋㅋㅋㅋ 우리나라랑 똑같은데,여행/이벤트
6Ha-IAfWPzo,다낭 패키지 여행 다녀왔어요! 😊3박 5일 일정 중 첫날!👍🏻,김코뿔소,ㅋㅋㅋ  챠밍쇼 역시 반응들이 비슷하군요 ||| 영상 잘감상했어요ㅎ 저희도 다낭 패키지여행으로 준비중이어서 좋은정보 잘받아갑니다~~구독 쾅! ||| 초록색 젤리는 한천가루를넣어만든거애요 ||| 바가지 천국에 안가요 ! ||| 혹시 하나투어 이신가요??,여행/이벤트
5nIs_ShSCsw,싱가포르 여행일정 3분으로 총정리 _ Singapore travel (w.내일투어),양띠메이트 Baa Family,"유럽은 아니라도 가까운데부터 가보고 싶은데... 좋은 정보 많은 채널인거 같아서 다 누르고 갑니다! 알찬정보, 멋있는 영상 많이 기대할께요! 행복한 주말 보내세요~ ||| 카페에서 드신것 같은 초코케이크..? 넘 맛나보여요🤤 먹을거 밖에 눈에 안들어오는 저는 🐷가 확실합니다.....물론 길과 상가들도 넘 예쁘네요😍 싱가포르에도 유니버셜스튜디오가 있군요..!가보고싶어용😆 ||| 여행갈때 참고할깨요. 😍😍👍 ||| 오 3분에 꽉꽉 담은 싱가폴🤩👍 ||| 원정대 선정되서 다녀오셨군요~~!!! 정말 축하드려요~~^^ 바에서 파티..멋진 조명..맛있는 음식은 덤이네요~ 아이들과 여행하기도 너무 좋은 곳이지요? 너무 재미있을 것 같인요.. 싱가폴도 밤이 엄청 아름답네요.. 센토사 섬 가보고 싶어요😍",여행/이벤트
_k06GePg4sg,제주여행 오후 일정,갓덕[GodDuk] TV,,여행/이벤트
AEteHR83eAI,"동유럽 여행 한달 일정짜기(독일, 체코, 오스트리아, 헝가리) l 꽃보다할배 따라하기",재미사마onyutube,세상 제일 부러운 영상이에오ㅠㅠㅠ 흐엉 유럽여행이라니😱 저는 꽃할베보면서 재미사마님 영상보면서 대리만족해야겠오요🙏🏻 ||| 언제들어도 좋은 퇴근!!ㅋㅋㅋ 꽃보다 할배 또 시작했잖아요  완전 귀여우신 할배들😽 동유럽은 재미사마님 채널로 대리만족을 해야겠어요ㅋㅋ 기다리겠습니당 ||| 한달동안 여행 무탈없이 조심히 다녀오세요~~~ 다녀온 유럽여행 영상도 기대하겠습니다!ㅎㅎㅎㅎㅎ ||| 재사마님~! 업로드하셨네요~잘볼게용~^^ ||| 시간 단위로 계획을 세우시다니!!! 꼼꼼하게 여행계획을 세우시는 모습에 놀랬습니다^^ 한달 뒤에 가는 여행도 즐거운 여행이 되시길 바랄께요~♡,여행/이벤트
NaSsXbvVyKk,"한달간 혼자 유럽여행 정보 편!!! 경비, 일정, 환전, 꿀팁 다 알려드려요 ~",뭐혜인마,50대 아줌마도 자유로 간 사람있나요? 더 늙기 전에 일상에 벗어나 자유여행 가고 싶지만 늙어서 유호텔등등 꺼릴까봐.ㅜㅜ암튼 친절하게 설명 해 줘서 용기가 나네요. ||| 아~ 너무 귀엽네요 ㅎㅎ 난 오십대인데 얼마 전에 이탈리아만 한 달 혼자서 자유여행 다녀왔거든요. 나도 유튜브하는데 이 영상이랑 비교하니 너무 무겁고 칙칙하게 만들고 있었네요. 반성하고 갑니다~ 여행 계속하길 응원합니다!!^^ ||| 너무나 귀여운 언니.. ||| 혜인님 영상을 보고 유럽여행을 마음 먹었어요 뭔가 아는 언니가 별거 아니야 갔다와 하는 느낌ㅋㅋㅋㅋ ||| 매우 구체적ㅋㅋ꼼꼼한 정보 감사해용,여행/이벤트
BZy9H7PTt8g,"[제주 여행] 5일의 틈, 제주",Daily Jeju (데일리 제주),,여행/이벤트
270oc_pEqYY,[Part.2] 일본 도쿄 2박 3일 여행 추천 루트 일정!! | Japan Tokyo(東京) 2 Nights 3 Days Trip Route,스멀샵,대만영상을 보고 이 영상을 보게 됬네요. 일본여행 좋아하는데 즐겁게 보고 갑니다~ ||| 영상이 참 알차고 영화같아요 ㅎㅎㅎ 저도 더더 열심히찍어올걸 하는 생각이 드네요 ^^ ||| 여행영상 잘봤습니다  이런 영상좀 자주 올려주세요^^ ||| 일본여행갈 때 꿀팁이네요 나중에 일본 여행갈 때 꼭 이렇게 가보게요 ㅎㅎ구독누르고갑니다^^* 전망대 짱! ||| 도쿄 잠깐 살았던 기억 회상되네용 :) 목소리 되게 좋으셔요 !!,여행/이벤트
VQ2CvNBO-QY,끼뻥0 여행일정 미국127일,Ilhoon Kim,,여행/이벤트
7L344SfGcx0,급 떠나는 1박 2일 제주여행! 일정 쉽게 짜는 팁부터 색다른 여행지까지?,Visit Jeju - 제주관광공사 공식 유튜브 채널,,여행/이벤트
rMFQ-a0wlLI,통영 죽림 주영더팰리스5차 주변 풍경,통영부동산 (이좋은공인중개사),,여행/이벤트
7dpS0Zl-K1s,유럽으로 배낭여행 다녀온 리얼 후기!!!!!!!!!!,스위트유로,,여행/이벤트
aP9ANA5eGwc,연인과의 일본 여행에서 무조건 칭찬받는 법 #스트리트푸드파이터,tvN Joy,[#스트리트푸드파이터1] 몰아보기 👉 https://www.youtube.com/playlist?list=PLgbB1gJhmG7DWksYdc3AKRjRuzc4TMd5c ||| 여기 진짜 맛있었음... 미소맛이 입에 감기면서 짠맛이 강한가 싶다가도 내장 및 다른 재료들이랑 잘 어울리고 식감은 꼬들꼬들해서 흰쌀밥이랑 잘 어울렸음... 비오는날 서서 먹는데 너무 즐거웠었다 같이 간 일행도 맛있다고 했는데 또 먹을 수 있으려나 싶음.... ||| 3:09 맛있는 거 먹을 생각에 나오는 찐 표정 ||| 오늘 먹었는데 난 내장 좋아해서 그런지 너무 맛있었음... 오히려 특유 냄새나는게 더 맛을 고소하게 느끼게 해줌.. 시치미 많이 뿌려먹으면 냄새안느껴지구 완전 한국인이 좋아할맛.. 개인적으로 호르몬조림만 시켜서 맥주랑 먹는걸 추천! 니쿠도후의 두부를 호르몬 양념에 찍어먹어도 맛있어용~ ||| 큰 기대를 하고 가면 실망 하시겠지만 내장 좋아하신다면 추천합니다. 시장 구경하고 간단하게 점심 먹기 좋아요 ㅎㅎ 후식으로 근처에서 계란말이도 달달하게 사먹기 좋고,여행/이벤트
Ugisp6Nd8mA,미우새 이상민의 궁슐랭가이드 일본 맛집 먹방 1편 《모았캐치 / 미운우리새끼 / 스브스캐치》,SBS Catch,미우새 이상민의 궁슐랭가이드 일본 맛집 투어 1편 모음입니다! 일본포차부터 게 먹방까지~ 침샘자극 궁슐랭 먹방 2편도 기대해주세요~ ||| 1편 정준영 2편 승리 가슴이 웅장해진다 ||| 탁재훈 계속 투덜대도 드립 너무 좋다 ㅋㅋㅋㅋ 게 이렇게 많이 먹다가 옆으로 걷겠대 ㅋㅋㅋㅋ ||| 편하게 여행 다녀오면 별로 느낀점이 없는데 저렇게 경험도 하면 진짜 나중에서도 생각날듯 ||| 야 그래도 상민이 형 같은 사람 곁에 있으면 맨날 만난 거 먹겠다ㅋㅋㅋㅋㅋㅋ,여행/이벤트
3UkrfjDWtk4,"세계테마기행 - 풍경은 영화처럼 흐르고 일본영화기행 4부- 시간이 멈춘 곳, 오키나와_#001",EBSDocumentary (EBS 다큐),"세계테마여행 그동안의 시리즈 중 탑2로 뽑아도 될만한 품격있는 진행과 흐름, 평론가분 너무 우아하고 품격있으시다. 사람들과 자연스럽게 어우러지게 하는 밝음과 성품 너무 좋다. ||| 우리가족도 우연히 TV로 보다가 이 편의 큐레이터분의 자연스럽고 우아함에 감탄했네요.  세계테마기행 나오신 분 중 나레이션도 좋고 제일 좋아요 ||| 여자 분 진짜 예쁘시고 목소리도 짱좋...영화 기행으로 시리즈 더 만들어주세요ㅠㅠㅜ 저 캐스팅 그대로...진심 세계테마기행 진짜 좋아하는데 가장 만족스러운 캐스팅인듯 ||| Thank you so much 😊.~ You have a great day. I love 💕 Okinawa.~~ From: 🌺 Hawaii.~~~ ||| 윤성은 평론가님을 핵심으로 영화기행시리즈 계속했으면 좋겠어요. 영화기행에 어울리는 따뜻한 나레이션과 간간히 알려주시는 영화소개도 정말 좋고요.  정말 힐링되는 목소리에요.",여행/이벤트
6aQ77ZhX-BI,SBS [집사부일체 스페셜] 상승형재 일본 여행기 비하인드 직캠 / 'Master in the House' Special,SBS ,괜히 이때가 그립다 ㅠㅠㅠㅠ  상승형재 조합 다시 보고프다 ||| 멤버 넷이 이런 토크하는게 꿀잼인데 왜 방송에는 안내보내시는지 모르겠음ㅠ ||| 성재는 회사에 말도 하기 전에 비행기표를 끊어놨다더니 회사측에서 허락했나보네ㅋㅋㅋㅋ 문제없이 끝났다니 너무 웃긴다ㅋㅋㅋㅋㅋㅋㅋㅋ ||| 육성재 있을때가 확실히 재밌었지 ||| 상승형제 진짜 그립다....  다시 이 조합 보기는 힘들듯 ㅜㅜ,여행/이벤트
An6cuIMTgxo,"JAPAN Street Food $100 CHALLENGE in Asakusa, Tokyo! The best Japanese Street Food in Tokyo!",Best Ever Food Review Show,"Thanks so much for watching! Follow me on Instagram for more fun food videos! @InstaSonnySide  Next time you're in Vietnam, hit up Onetrip for an amazing tour: https://www.christinas.vn/onetrip/saigon/ ||| Japan is seriously my dream vacation ||| I really like how many people found him approachable. ||| Student:*Eats a strawberry* His classmates: *COMEDY* ||| I love how polite and nice everyone is. I was smiling throughout this whole video",여행/이벤트
ymrhp1MrN_4,7-Day Trip from Tokyo to Kyoto: Episode 1 | Japan's New Golden Route,Japan Guide,"So much in-love with Japan!!!  What a lovely country ||| What an astonishingly beautiful country. I live in Canada, where we have some of the most breathtaking sights on the earth's surface. But...it's huge. To experience it all takes months. Japan is the perfect size where a 3 week trip can garner just as many breathtaking views...in far less time. ||| My favorite country. Awesome route. ||| what a beautiful country... ||| このビデオの素晴らしいところは日本人の私でさえとても参考になるという事です。 Kono bideo no subarashī tokoro wa nihonjin no watashide sae totemo sankōninaru to iu kotodesu. The great thing about this video is that even Japanese people can be very helpful.（google translation）",여행/이벤트
ovnnt7rFDw0,2 Day Trip to Matsushima & Sendai Directly from Narita Airport,Japan Guide,"Well, 4 years later I finally made it to Sendai! Watching this video now after visiting these sights brings a tear of joy to my eye. Raina, you knocked it out of the ballpark with this one. Sendai and Matsushima were brilliant, definitely recommend this trip if you get the chance ❤ ||| One of the most beautiful country 🇯🇵 Japanese peoples are so polite and hardworking,instead I had been 6 years as a student and worker so thank’s for updating about your country love 💕 you!🎌❤️❤️ ||| Great stuff, there are thousands of videos about Tokyo, Kyoto and such, but very little about Tohoku so these kind of videos give a lot of precious informations. I really need to ""go north""... ||| I'm going to Sendai next month and this was very helpful in previewing this vibrant city, thanks! ||| There should be a ‘love’ button for this channel. I’ve heard a lot of good things about Sendai recently. No doubt will fit this into our next visit!",여행/이벤트
0kdFBNOkW68,BEST UDON NOODLES! Udon Noodle Tour of Tokyo Japan!,Strictly Dumpling,"Your channel is the physical embodiment of happiness... ||| bro you live the best life man....travel around the world meeting new people and eating different foods while making money ||| The way Mike describes the food he eats, you know he likes to eat and it makes the food twice as appetizing. ||| 14:59 when the dude turns around 😂 ||| When I was on vacation with my dad in Japan, we also went to that first place you went! So cool!",여행/이벤트
guF_Pvc2P9U,A Journey In Japan | Ep1: Tokyo to Kyoto,Karl Watson: Travel Documentaries,"How this guy doesn’t have 1 million subs …I’ll never know. Underrated content ||| This video is very superior. Because the content is accurate and two youths who  created this video are very intelligent and polite.  As one of the Japanese, I strongly recommend this video. とても楽しい旅行記でした。また日本に来てください。 ||| Meeting old traveling mates while you are traveling is one of the best things ever ||| James looks like a wonderful companion. You complent each other's scenes and destination goals. Tokyo to Kyoto Episode 1 is an inspirational backpacking trip. Loved it. ||| AH! Karl! At 55:50 of this video you passed a woman with her hair waxed up and in kimono. She was a Maiko! (apprentice geisha, near the end of her apprenticeship by the looks of the style of her top knot. She was probably heading to a lesson or picking something up for her house hold.) this is how they dress during the day. At 56:38 where you were unsure of who the people were. That was another Maiko and her escort taking her from okiya to okiya as well as tea houses to meet and hopeful get to work with them. Her top knot would suggest that she is very new. Though her kimono and Obi are less ceremonial. So this could also be practice? The press always follows maiko/geisha (real ones) because it a dying tradition and very rare to see real ones outside of the tea houses they are performing at.",여행/이벤트
GymDc0mavfE,Top 10 Autumn Color Spots in Japan,Japan Guide,"What did you think of our recommended top 10 autumn color spots? Have you been to some of them?  Which ones are your favorite koyo locations?  Let us know in the comments! ||| It's very beautiful. ||| Food tastes the best in Japan through autumn and winter in my opinion. My favorite time to visit Japan. ||| Seems like autumn will be my next travel around Japan since we can't go anywhere until summer! ||| i really love spring with all the beautiful flowers but autumn is really something........ its so magical.... it always gives you mix emotion....... gloomy, happy, longing..... plus the cool weather just adds the feeling to it....",여행/이벤트
Hqn9OLZNNBU,세계테마기행 - 풍경은 영화처럼 흐르고 일본영화기행 1부- 첫 사랑의 추억 오타루_#001,EBSDocumentary (EBS 다큐),"코로나 좀 잠잠해지면 일본여행부터 가고싶네요 ||| 윤성은 평론가 매력있어요. 그리고 홋카이도는 엄청나게 내리던 눈과 차들이 주차할때 와이퍼를 세워 놨던것들하고 오따루의 13:10 눈 쌓인 오르골당 가는 골목길이 생생하게 기억에 남아있네요. ||| 15:35 러브레터 ost 만 들으면 진짜 마음이 싱숭생숭해짐 ㅠㅠㅠ ||| 굉장히 발음도 듣기 좋고 편안하네요. 이번 분 좋네요. ||| 철도원, 러브레터 등의 일본영화로 저도 홋카이도를 아주 좋아하게 되었는데, 마침 제가 제일 좋아하는 영화  와 홋카이도를 동시에 다루는 프로그램이 있어서 너무 너무 기쁘네요. 진행자 분도 차분하고 즐겁고, 상냥하게 잘 진행하셔서 기행록을 더 편안하게 느낄 수 있는것 같아요. 세계테마기행 이제껏 많은 편을 보고 녹화했지만 언제나 저에게 새로움과 여행의 기쁜을 주는 프로그램이라서 너무 좋아해요.",여행/이벤트
wOIYoqE_Q7Q,"[EBS 세계테마기행] 아름다운 만남, 파키스탄 1~4부",EBSDocumentary (EBS 다큐),"제가 이걸 찍은 촬영감독입니다. 벌써 12년이 넘었네요. 지금 봐도 그립습니다..  지금은 ""역마살 로드"" 유튜브를 하는 유튜버가 되었지만,  세계테마기행 촬영은 배우는게 정말 많았습니다.   파키스탄은 그 이후에도 몇 번 갔지만, 갈 때마다 정말 너무 멋진 곳이었죠. ||| 전 6:33 길기트에 태어났는데 이제  연세대에서 전전 전공하고 있어용. 길기트에서 잘 사는 사람들도 있지만 힘들게 사는 사람들도 많아여. 반면에 넘 친절하시고 착하시는데 특히 외국인들이 우리나라 보러 온다 잘 대해야지라고 워낙 잘 대접해주셔. 길기트 못 본지 3년 됬어, 이제 코로나 때매 못 가고 있어여. 근데 보니까 마을만 쵤영하신거네여. 길기트에서 교육율이 90%이상이고 사람이 힘들게 사는 만큼  성별이랑 상관없이 자식에게 교육시켜용. 길기트에서 교육율 파키스탄의 다른 지역보다 젤 높습니다. 한국에서  파키스탄들중에서 길기트에서 온 사람들이 제일 많습니다. 여기서 공부하고 이제 라시아, 호주, 한국, 파키스탄, 영국에서 교수 된 친구들도 많습니다. 길기트는 아직 인도랑 파키스탄이랑 분쟁 땅이라 파키스탄도 길기트 개발을 위해 크게 애를 안 쓰는겁니다. 그럼에도 불고하고 사람들이 똑똑하시고  열심히 하시는편입니다, 댓글 읽으셔서 고맙습니다 ||| 고빈님 제가 정말 이 파키스탄 편은 몇번이고 봤습니다. 세계테마기행 시리즈중 제일 좋아하는편이고 오지여행이라  다른 그 어떤 여행기보다 느끼고 생각하는 여행기였습니다. 사람사는 풍경 자연풍경 예전 우리모습같기도 하고 타국 먼 낯선사람들 얘기도 같고   최근에 또다른 파키스탄편을 봤는데 예전과 좀 더 다른모습도 생기고 해서 예전 파키스탄 영상 찾아서 다시 봤습니다. 너무 좋은영상 감사합니다. ||| EBS에 진심으로 감사드립니다  특히 촬영팀 여러분들의 노고에 박수를 보냅니다 감사합니다. ||| 정말 풍경이 아름답네요 척박하지만 그곳에서 살아가는 사람들 아이들이 정말 이쁘네요",여행/이벤트
FVUhtbHlnks,"(*Eng)일본 여행🇯🇵 가서 사요, 말아요? 인기템부터 믿거템까지 딥하게 분석 by 디렉터파이",디렉터 파이,"오늘도 불금은 디파와 함께~!! 생각보다 준비 기간이 많이 걸렸던 일본 화장품 성분 분석, 일본에 거주하는 분들& 일본 여행 가서 화장품 구매하는 분들에게 도움이 되길 바래요. 아래 컨텐츠 순서 적어드려요~   탈락템 - 총체적 난국 01:00  탈락템 - 파라벤(강한 방부제) 03:13 탈락템 - 탤크, 미네랄오일 07:23 탈락템 - LPG 09:36 탈락템 - 트리에탄올아민, 부틸메톡시디벤조일메탄 10:18 애매템 11:15 살만한템 12:50 ||| 옴마..파이님 일본화장품도해주시다니ㅠ진짜대박스.. 혹시..다음은 외국 드럭스토어편도 볼수있을까여?!  유럽이나 호주는 유기농제품이많은데 솔직히못믿겠기도하겠구요.. 파이님 항상 감사해요! ||| 옴뫄!! 미쳤다 ㅠㅠ 세계로 나가는(?) 디렉터 파이님 ㅠㅠ♡ 진짜 일본 화장품 궁금했어요!! 일본 여행 가면 사보고싶은데 두려워서...ㅋㅋㅋ ||| 제가 일본인이고 물론 일본에 살고 있으니.. 이번 영상 정말 대박... ㅠㅠ 너무 감사드려용 ㅠㅠ 참고할게용 ㅠㅠㅠ 사실 일본 화장품이 성분 안좋은게 많은건 알고 있었고용 ;;  파이님 앞으로도 일본에서 응원합니다!!!! ||| 파이님 언제봐도 정말 존경을 넘어 동경함미다...",여행/이벤트
LUcbBzihk9A,7-Day Trip from Tokyo to Kyoto: Episode 3,Japan Guide,"A paradise, lots of trees, beautiful nature, quiet, not crowded tourist destination, no heavy trapic, fast transportation, healty foods. ||| All the three episodes were treat to the eyes. I completely enjoyed the well planned trip through the beautiful country. Thank you for taking us on this journey. Japan is always full of surprises. Arigato Gozaimasu. ||| This is just....pure....inspirational..... ||| just got finished my 3rd episode. This is the best trip ever for the people from outside of japan. The route is really gem for us, im planning to travel in Japan but not able to find that where i need to start from but now i got all the infomation from you and thanks alot, im gonna visit heaven on earth, best place in asia. ||| ダイジェストすぎるよ。映像が綺麗だったから尚更もったいないよ。",여행/이벤트
IAlg-y6DomY,Tokyo Summer Escape: Karuizawa Day Trip,Japan Guide,"I smiled when you paraphrased a line from ""Lost In Translation"".   I hope to visit Japan again when the Covid 19 pandemic is over.  Thank you for the lovely tour. ||| Thank you for the video. I followed your itinerary exactly today. Took the bus up to the Usui Pass Platform and then hiked back down. The hike was amazing. Wonderful autumn foilage and I had the whole trail to myself, although with all bear warning signs, I was somewhat worried about getting killed by them. ||| Thank you for taking us to かるいざわ. I will remember this summer escape place when I am in Tokyo. It was thoroughly enjoyable and gave me good idea. ありがとうございます☺️😊🙏 ||| Amazing Video of Japan guide as always... you guys are simply superbbbb👌👌👌 waiting for some more videos ||| I'm just bingeing and wow this was 7yrs ago? Raina hasnt aged one bit 😮",여행/이벤트
TfOhY8dKxMU,7-Day Trip from Tokyo to Kyoto: Episode 2 | Japan's New Golden Route,Japan Guide,"I'm Japanese and happy I found a lot of people who like Japan. ||| Like the way how this video is edited, voice over etc. Also, beautiful location specially the old town. ||| Can't wait to see Kanazawa. Wish the videos were longer. ||| You make me want to go to Japan right now!  Miss my travel to the beautiful country so much! ||| Thank you Japan Guide for a clear and informative videos. I've been wanting to go to Japan for ages buy circumstances have prevented me from doing so.  But everyday and every time I am in front of the computer, I always watch videos and dream of going. Great and clear videos too. Keep up the good work and show us some more. Aloha!!!",여행/이벤트
C8MWGDunZj8,"OSAKA Travel Guide 🏯 Top 25 Things to Do in Osaka, Japan for Visitors 🇯🇵 Visit Japan's Kitchen 🔪👨‍🍳",Samuel and Audrey - Travel and Food Videos,🎟Get your Japan Rail Pass: https://bit.ly/JRTrainPass ||| AMAZING !!! ||| Hey thank you Audrey! That was really helpful ||| This is very helpful for my trip to japan ||| thankyou！,여행/이벤트
-LD5GZML1hk,미우새 이상민의 궁슐랭가이드 일본 맛집 먹방 2편 《모았캐치 / 미운우리새끼 / 스브스캐치》,SBS Catch,"미우새 이상민의 궁슐랭가이드 일본 맛집 투어 2편 모음입니다! 소고기 덮밥부터 와사비, 계란장,  라멘 먹방까지~ 다 모았습니다! ||| 6:04 김수미 ㅋㅋㅋㅋㅋㅋㅋ하지마라아 상민아 ㅋㅋㅋㅋㅋㅋㅋㅋㅋㅋㅋㅋㅋㅋㅋㅋㅋㅋㅋㅋㅋㅋㅋㅋㅋㅋㅋㅋ개터짐 ||| 승리 잘가고 ||| 일본 가게는 직원들이랑 사장님들이 친절한 것 같다 뭔가 ||| 이상민 겁내 멋잇다 요리할때",여행/이벤트
hgVkZUYT_fk,A Journey In Japan | Ep2: Osaka to Mt Fuji,Karl Watson: Travel Documentaries,"somebody get this man a netflix special ASAP ||| ""It's hard to get lost if you don't know where you're going."" Epic line! Story of my life. Greetings from Osaka. ||| I defenitly think that these videos are probably the best travel videos you can watch, and not just the Japan series I mean every travel video that's been released, I discovered this channel around a month ago and I don't think there is many vids I haven't watched now, the narrating is what separates it from other travel videos. I think this was the first time I've actually been excited for a yt video to come out! Keep em coming! ||| Boys, I'm gobsmacked. A fantastic mini series, superbly shot and edited, and you've summed up in a couple of hours why I love Japan so much, and keep going back. It's an incredible country that you never really appreciate until you experience it first hand.  Safe travels gents. ||| Haha your loose plan of just walking down different streets and diving in to random bars proved to be the best strategy! Those guys giving you the free Universal tickets really summed up how welcoming and awesome all the locals are over there - they really helped in taking this latest film to another level, absolutely loved it! And then on the other hand when you tried to wing Mount Kōya it didn't quite work out unfortunately, but that still gives people watching this a great idea of how they want to travel and how much/how little they want to plan...every travel series you do is so useful, inspiring and entertaining. 5 stars.  Keep on with the travels boys! Enjoy Australia Karl :)",여행/이벤트
iNQnV7O5haY,Top 5 Things to do in Sapporo,Japan Guide,"I living Sapporo. I think to visiting people in Sapporo,  try to soup curry. it is new type soul food in Sapporo!! ||| 1:30 Proud to say those architects came from my hometown Salt Lake City. They were stuck on the way back to California by the winter and forced to stay for weeks. They learned much from local architects and engineers, with the major takeaway being Salt Lakes grid system. ||| Otaru is also a nice side trip during the snow festival ||| Really enjoy the historical context provided! Definitely want to visit Hokkaido in a future trip, so this video is super helpful and inspirational. Thanks for making it! ||| Just got back from Japan last month, and we're already planning our northern trip in 2020. 日本が大好きです",여행/이벤트
BYCs6s7wG20,[오분순삭] 주얼리정의 운수 좋은 날 (Highkick ENG/SPA subbed),MBCentertainment,이걸 어쩌죠..? 이 편이 너무 재밌는데...? ||| 십수년전 시트콤 소재로 잠깐 쓰였지만 산불은 정말 나면 안돼.. ||| 사람 하나 등신 만드는 이런 에피소드 만드는 작가도 대단하다ㅋㅋㅋㅋㅋㅋ ||| 3:57 저 연기 잘하는 배우가 너무 웃겨서 몇번을 NG내버린 장면ㅋㅋㅋㅋ ||| 이순재: 또 이걸 어쩌죠냐...!?  또..!!,여행/이벤트
9FMLmi8VW4U,2 Day Trip from Sapporo to Hakodate,Japan Guide,"What I like about this trip report is that, unlike those vlogs, too much raptures, don't know what they are talking, too long mehh while this one is full of information, to the point and quite short. Really like it!! ||| I was selected to go live in Hakodate for a year as part of an exchange program. I was initially bummed out that they would send me to a small port town whereas my other friends were sent to tokyo, osaka etc... but i was glad they did. If i had a choice and could do it again, ild live in Hakodate all over again. I might be biased but .. it has the nicest people, best food and most homey feel out of other areas in Japan ( in my opinion..). ||| I've been to Hokkaido twice. 1st trip was mainly in Sapporo, and the last one I went to Wakkanai, Biei, Sapporo and Furano. This October I will be back for 23 days. I initially don't intend to visit Hokkaido because I want to visit other prefectures too, but because of this video, makes me want to review my itinerary and might squeeze in Hokkaido again. The island is really wonderful. ||| One of the best videos from Japan-guide so far. Very good pace and informative. ||| A beautiful place indeed. I like to visit by bicycle, you can see a lot more and smell and feel the environment. Was there 10 years ago, should be time to go back.",여행/이벤트
lLnMGmVvEXU,JAPANESE LUNCH BOX on Shinkansen Bullet Train,Miss Mina,"Sometimes you don't know what you're eating, but still VERY EXCITED! ||| Anybody else loving her soft tone when Mina speaks? It seems so soothing ||| The Japanese really make food an art. The bento boxes are gorgeous. ||| You should try the self heating bento box. Pull the string, that starts the chemical heating pad, and in 10 minutes, you have a warm food. It was really good ||| The crispy root is called gobo in Japanese and burdock root in English!",여행/이벤트
zr_cfb_6JM0,48 hours in Hokkaido | Road Trip Across Japan,Abroad in Japan,"Chris did a good job shooting Chris. Chris should shoot Chris more often. ||| GOOD TO SEE YOU ALL AGAIN GUYS!! I’ve been sent numerous messages by anxious viewers wondering where all the videos have been recently; there’s no one reason, it started with a two week holiday back to the UK in February and upon returning I’ve been filming and editing non-stop ever since.  One of the reasons is this month there are quite a few, lengthy travel-style videos (almost 20 mins each), which require more editing than usual; hell, I’ve been editing this video until 4am this morning  - as I write this it’s almost 5am and my final act will be to collapse on the keyboard in about 90 seconds.  The good news is, it’s looking like this month will break the record on this channel, for most videos ever released in a month! So there’s plenty of videos to look forward to and keep you entertained in the coming weeks! The line up includes two videos with Natsuki, two videos with Ryotaro and a monster food challenge, to name but a few.  Finally, there’s an all new Abroad in Japan PODCAST out every Wednesday. It took me five years to get around to it, and we’re now four episodes in! It’s been great fun talking through five years of stories and experiences of life in Japan. A lot of people have been asking if the new Podcast is the reason there’s been no videos and there’s honestly no connection. Podcasts take a couple of hours, videos takes days. But if you haven’t come across it yet (and you like Japan stuff), be sure to have a listen here: http://hyperurl.co/nhgr30  And now, I’ll officially collapse. Thank you everyone. ; kjJWQ]IJq]rirhfFWfjo ||| Chris's Americanism clashing with Chris's British Stoicism really made Chris seem even funnier ||| Reads sign, ""do not drink.""  Chris * drinks water* Chris, ""tastes chemically."" ||| Met Chris and Natsuki randomly on a street corner in Tokyo last week just before they filmed a video. They were so nice and friendly! Got a photo with them and it made my day haha.",여행/이벤트
6bt9XdpfFyI,7-Eleven In Thailand Will Blow Your Mind,Drew Binsky,"American: wow this is insane Asia: look like normal to me ||| When I came to Bangkok I saw a 7-eleven across a 7-eleven ||| ""Now we're gonna photocopy 20 baht""   Government : *wait thats illegal* ||| 7E in Thailand is just different. Even for Malaysian like me, I would cross border to Thailand just to visit their 7E. So many things selling for very cheap price with good quality tasty product ||| It was really a life saver for me once I visited Pattaya. I was terribly suffering from loose motion so one of my friends bought for me a yogurt and pineapple taste like snacks. These two things helped me to recover from my temporary illness. Besides, we drank coffee every two hours intervals wherever we were in Thailand during our last year visit. I miss so much 7-Eleven.",여행/이벤트
FvtPeVodYBg,Why Japan Was The Best Place To Travel In 2018,Insider,"I love Japanese people and culture. Beautiful people, high class. Very well educated and mannered. ||| I love Japan. If you're there once, you'll be addicted ||| Now i wanna go even more badly!! 😭😭😭 ||| I can't wait to go to Japan. Beautiful country 👍🏻 ||| I just came back from Japan a week ago. It was a fantastic trip. Every time I visit Japan they always open my eyes up. I’m so excited what they got for me next year. I love Japan 🇯🇵",여행/이벤트
XGN57Z3NTbQ,"Japanese Street Food - GIANT MUSSELS + Seafood and Street Food of Nishiki Market in Kyoto, Japan",The Food Ranger,"HUGE THANKS to ExpressVPN for offering all Food Ranger viewers 3 months free and 49% off their yearly package using this link: https://ExpressVPN.com/Thefoodranger . Travelers need ExpressVPN to stay safe online and to unblock any site. I personally use it for Netflix, even while at home in Canada, but also while traveling to unblock content and episodes that are geoblocked, and I also use it for security, because airport wifi and hotel wifi is often very insecure, leaving my data vulnerable. By connecting to one of their servers around the world, it’s just like my computer or phone is in that location, and all data sent while connected to their VPN is secure, safe, and private from others to see, so I know that my data won’t be hacked or looked at by others. Thanks so much for watching, and we have tons more videos coming up for you! Please leave me a comment below letting me know what you thought about this episode, thanks so much!!! ||| After watching two of your Japan food tour episodes, my wife and I were so inspired we went out to eat sushi and sashimi for the first time in our lives! We asked questions to the waiter about the sashimi and told him we had just watched your show. He, the waiter,  had also watched the same episodes! Keep up the great work! Your shows help us to get through home dialysis that has my wife sitting in a chair for three hours every day. (Unfortunately for us it is dialysis, eat, repeat!) You don't know how much you have helped and inspired us. Best wishes to you and your fiance'. ||| I went to the exact ramen place in Kyoto.  The owner is VERY nice!  Japanese people notice if customers come back.  We ate there three times while in Kyoto, and the owner noticed us.  She gave us a complementary dish of slice pork as a token of thanks for returning to her ramen place.  The fry rice there is to die for! ||| His tombstone will say.  ""MMMMMMMM"" -TREVOR JAMES ||| much love Trevor love your positive kind energy towards every culture and understanding the respect for each culture it's amazing brings peace and love and we need that energy nowadays keep up the amazing work love you man!!!!",여행/이벤트
fmOP68S5v7c,How Difficult is Travelling Japan without Japanese? | Travel Tips,Abroad in Japan,"I stayed at a hostel in Osaka and asked the receptionist if there was a cat cafe that she recommended, she told me to go have a cup of tea and she would write down the details, I thought she meant the address and how to get there but instead she typed up a comprehensive guide to every cat cafe in the area including pro's and con's and what kinds of cats they had. That was when I realised that Japanese people generally are ridiculously helpful and kind! :) ||| i once asked a french guy (in french) do you speak English, he respoded with yes (also in french) i then asked him where the toilet was (in English) he then turned around and walked away. ||| English simplified to Japanese people:  What I want to say: Excuse me, where do I find the restroom? What I end up saying: Me, Shit! ||| 3:11 Gotta love how in english it says ""Welcome to Japan"" but in Japanese it says ""Welcome back"" ||| ""japanese is typically only spoken in japan"" as I sit here in america where 3 different neighbors next to me are trying to pronounce their favorite anime opening lyrics",여행/이벤트
YKIwt23Ls6A,"바다 위의 산책, 신비의 정원 보령 죽도 - 리나 충청 여행 2016 0812 Rina tour Boryeong",대전MBC,"우리나라 정말 아름다워요💜💕 이번 주말 갑니다^^ ||| 저의고향입니다.옛날에 바위에서 김따구 굴도따구했지요.지금도 자주가는곳.나의살던고향~~좋아요.😍😍😍 ||| 내 고향 앞 마당  입당  ᆢ도시 살면서  고향 어디냐고 하면  대천 이라하지요 ᆢ참 좋은데가 고향 입니다  ,다들 부러워 하지요 어려서 먼 발치에서만 섬 전체만 봤는데 그때는  개발이 전혀 안된 상태에서 ᆢ 지나치고  있구나,,,,있네 정도  이 영상을 보니 진짜 좋은데요 ᆢ가봐야지 낙시가방메고  ᆢ 더 자세히 말하면  우리 집터는  보령댐 수몰 지구이고  ᆢ단체 이주민 터른 지금에  죽도 앞 농사짓는  논 들판에서 보이는 동내가 우리 동내 사람이 모두 살고있는 삶의 터전 이랍니다 ᆢ집터 자리 보령댐  주변도 멋지고 ᆢ여기도 참 좋습니다 ᆢ 이 유튜브 동영상을 보면서  힐링 하시고 건강하시고 행복하세요 ᆢ모두 화이팅입니다  ♡♡♡♡♡♡♡♡,1956년 생   ᆢ ||| 마님과함께 두번이나 다녀온곳 너무아름답고 멋찐곳 흠이라면 주말에만입장할수있어요 ||| 삼천리 금수강산  곳곳이 절경이요  가는 곳마다 아름답구나  영상 고맙습니다.  自作 노랫말 실어봅니다  "" 그리운 지심도 "" 동백꽃 아름다운  그리운 지심도야  억만년 세월속에  변함이 없구나  창해의 은빛물결  가파른 기암절벽  잔잔한 물결위에  유람선은 오고가는데  그대와 손을잡고  동백섬 바라보면  갈매기 소리높여  관객을 반겨주네요             ☆ 천혜의 자연수림  지심도 동백꽃섬  흐르는 세월속에  그대로 있구나  보물섬 마음의섬  명품섬 신비의 섬  동백꽃 홍매화는  아름답게 자랑하는데  환상숲 오솔길을  그대와 거닐면은  산새도 흥이나서  춤추고 노래하네요  아~못잊을 그리운 지심도야 ~                (트로트)",여행/이벤트
TwPHIABVdg8,Is this Japan's Most Mouthwatering Ramen?,Abroad in Japan,"Of the numerous trips and videos I've made with Ryotaro, I think this is probably my favourite. We were lucky to travel across a very beautiful region and see and do so much, and in terms of filming and editing it, I tried to take us one step closer to being a poorly quality TV channel, as opposed to an edited vlog. (Although unfortunately no drones this time and I know you love your drones). One of the best things about filming and travelling is you get to learn so much every time you pull out the camera, given the practical nature of it all - there's something exciting about constantly looking for new angles and perspectives on things that people cover all the time. BUT anyway enough of me pretending to sound profound, as if I'm more than just a Youtube vlogger person! Enjoy the video guys. ||| Ryotaro is always so much fun to watch. His father and him must have gotten along swimmingly. ||| Wow that shot he made with the bow was so good!watch people say it's fake.... ||| Chris is right... A hole in the sock is a very important detail in any British persons wardrobe.... ||| one of my favorite episode in your entire series for 2018.  Ryotaro is like an elder figure that knows the language and landscape and adds complexity to your wit and humor which blends well to create a sensational show.",여행/이벤트
u1OG20oYUGA,상맛집 특) 메뉴 두 개 밖에 없음 #스트리트푸드파이터,tvN Joy,[#스트리트푸드파이터1] 몰아보기 👉 https://www.youtube.com/playlist?list=PLgbB1gJhmG7DWksYdc3AKRjRuzc4TMd5c ||| 메뉴 두개인 집 특징 : 존나 맛집 ||| 3:18 사장님 너무 뻘쭘해보이심 ㅋㅋㅋㅋㅋㅋㅋㅋㅌㅌㅌㅌ ||| 집근처에 이런집있으면 9시나 10시정도에 출출하면 츄리닝입고 슬리퍼 질질끌고 가서 한그릇 먹고 가기 딱좋겠네 ||| 딴건 모르겠고 그냥 가게 분위기 자체가 너무 좋아보인다,여행/이벤트
uOs3k2XgVfk,"[#알쓸신잡3] '우리나라는 개인을 참 무시해요' 우리나라 사람들이 혼자있기를 두려워하고, 스트레스받는 이유가 있다",tvN Joy,"언제 봐도 유익한 [#알쓸신잡] 시즌3 정주행하기😎 👉 https://www.youtube.com/playlist?list=PLgbB1gJhmG7C7iwYdNcB4WpRdGjf1Jz8A ||| 얼마나 개인주의를 인정하지 않냐면, 뭐만 하면 인싸/아싸 가르기 바쁘고, 나(우리)의 영역 안에 있지 않으면 배척하고, 혼밥 등 혼자 서 하는게 뭐 그리 대수라고 눈칫밥 주는 것처럼.. 화룡점정 그놈의 회식회식회식 어휴.. ||| '우리나라는 개인을 참 무시해요' 너무 공감 됨  외국에서 살다 오면 그것이 더 눈에 잘 보이고 느끼는 것 같다 ||| 우리나라는 개인주의랑 이기주의를 좀 구별좀 해줬으면 좋갰음 무조건 개인주의를 안좋은 거라고 못박아놓고 생각하고 강요하는게 참 보기가 안좋음 ||| 나는 사실 코로나 때문에 좀 편해졌다... 모여서 의미없이 술먹고모임하는거..나혼자 버려진 느낌이라 사람들하고 억지로 관계맺으려고 노력했던 그 날들이 끝나니까 그건 좀 편해짐...",여행/이벤트
ei0Z3Hyi920,"Osaka Street Food Tour 🍢 Takoyaki, Kushikatsu & Must-Try Snacks in Dotonbori 🇯🇵 Japanese Street Food",Samuel and Audrey - Travel and Food Videos,🎟Get your Japan Rail Pass: https://bit.ly/JRTrainPass ||| Japanese street foods are looking artistic. I think it's so Yummy... ||| 美味しく食べる食べっぷりに好感が持てます♡。 ||| Thank you from Japan. ||| あなたたちは食べ物や味に対しての許容範囲が広くて素晴らしいですね,여행/이벤트
xcsBWXJm_aY,GRILLED EEL IN JAPAN ♦ Trying Unagi in Narita!,Miss Mina,"Like the sun over ocean waves and light reflecting off a disco ball, the grilled eel glistens shamelessly *(dramatic piano music in the background)* ||| Love your relationship with your mom. Its so cute !😊 ||| Oh Mina!! I love the way you are pampered by Mommy Oh! And how you share every food together! Loads of love to you both! Saranghae!!♥️♥️♥️ ||| Laughed too hard when Mommy Oh covered your pimple. Lol! 😂 ||| I love how your mom always says ‘Mina, you try’ it’s adorable and I feel like it’s her way of saying ‘I love you’ 😊❤️",여행/이벤트
-fFVW3DfTdU,"Japanese Street Food - INSANE $500 Sushi In Tokyo +  HUGE Street Food Tour of Tokyo, Japan",The Food Ranger,"HUGE THANKS to ExpressVPN for offering all Food Ranger viewers 3 months free and 49% off their yearly package using this link: https://ExpressVPN.com/Thefoodranger . Travelers need ExpressVPN to stay safe online and to unblock any site. I personally use it for Netflix, even while at home in Canada, but also while traveling to unblock content and episodes that are geoblocked, and I also use it for security, because airport wifi and hotel wifi is often very insecure, leaving my data vulnerable. By connecting to one of their servers around the world, it’s just like my computer or phone is in that location, and all data sent while connected to their VPN is secure, safe, and private from others to see, so I know that my data won’t be hacked or looked at by others. Thanks so much for watching, and we have tons more videos coming up for you! Please leave me a comment below letting me know what you thought about this episode, thanks so much!!! ||| No matter there are many food blogger but the passion james is having with local language .. huge Respect. He came to india he was trying hindi, he went to china he was talking in Chinese, he is in japan he trying .. A real man who is passionate to know someone culture.   Love from india 💗. Keep going brother. God bless . ||| Wow....I had a mouthgasm watching this one. Eating in Japan is at the top of my bucket list! Great video, Trevor. ||| That chef is so cute. His laugh is delightful ||| I love Japan & Japanese people they are very honest, intelligent, beautiful, friendly..... love from Bangladesh... 🇧🇩❤🇯🇵",여행/이벤트
meL-qwva2fU,Sapporo Travel Guide,Attaché,"anyone else watch Attache's videos with no plans to visit the cites but just love learning about other locations? ||| Every time I watch an Attaché video, I'm blown away that you don't have more subs. The quality of your guides is amazing. The research, writing, cinematography and presentation is always top notch. Great job yet again. ||| Watching this again as we ride the train from CTS to Sapporo! As always, love the videos, Alex ||| Was just in Sapporo in late December of last year. Full of snow and amazingly inviting. Spent too much time and money on miso ramen and don't regret a thing.  Traveling tip during the snowy winter months: Convenience stores sell rubber and metal cleat straps for your shoes, GET the rubber ones if you don't have the proper footwear and save yourself the shame of falling on your ass in front of dozens of people slipping on ice. The rubber cleats grip better than the metal ones and you won't be tap dancing through stores scratching up the floors.  If you got time Jozankei or Lake Shikotsu are great places to visit with few tourists. ||| Courtesy of military I lived a couple of years in Sapporo and Chitose.  I have always remember the excellent grid system of the streets of Sapporo, hard to get lost there.  The ski hill and lots of snow.  Thank You!",여행/이벤트
lbnpo-hZHsQ,How to EAT JAPAN | 10 Must Know Food Tips No One Tells You,Paolo fromTOKYO,"Check out my Sushi Girl Shirt Merch here - https://www.tokyozebra.com/merch ||| you should publish your own book/guide ||| Just so you know, I came to Japan mostly due to your videos. You should be an official extension of the tourism board. Great videos ||| Regarding the slurping: I was taught that slurping Ramen or Soba Noodles was mostly in order slurp up as much of the broth as possible. Also it should aid to cooling down the noodles while eating them, because especially Ramen are very hot when you recieve them. By slurping you can eat them very fast without burning your mouth. ||| I was taught “itadakimasu” is to show gratefulness towards the people who were involved in the process of growing and cooking the food. If it’s at home, it means thank you for cooking, mom. At least that’s how my family thinks.",여행/이벤트
BpMRgHYHoEs,메밀국수를 씹고 뜯고 맛보고 즐기는 3 STEP #스트리트푸드파이터,tvN Joy,[#스트리트푸드파이터1] 몰아보기 👉 https://www.youtube.com/playlist?list=PLgbB1gJhmG7DWksYdc3AKRjRuzc4TMd5c ||| 넷플릭스에서 스푸파 해줬으면.... ||| 곱빼기 시킬걸 그랬다 = 개맛있다 ||| ㅋㅋㅋㅋㅋㅋㅋ면 추가할 때 표정보셈ㅋㅋㅋㅋ 세상 기뻐하시넼ㅋㅋㅋㅋ ||| 이 영상에 안나와서 설명드리자면 저 메밀 삶은 물은 면을 다 먹고 남은 진한 국물에다가 적당히 부어서 국물을 끝까지 다 마시라고 주는것입니당 혹시 일본가서 소바 전문점가시면 기억하셨다가 맛있게드십셔,여행/이벤트
8Cl3MCzB_WM,Hunting Natural Highs in the Mountains of Japan,VICE,"When I lived in Tokyo, I hiked up almost every mountain in the Saitama and Chiba area.  Japan has one of the most breathtaking landscapes in the world. ||| I like how Fernando keeps an open mind to their practises. He isn’t skeptical, but just enjoying the experience! Love it! ||| one of the few vice presenters that are actually relatable and likeable ||| Love this dudes voice for narration ||| It's been a long time since Vice made a good documentary like this",여행/이벤트
fXh-cO2c70Y,AMAZING Japanese HOT POT Motsunabe in Fukuoka Japan,Strictly Dumpling,I've also noticed.... Japan always gets you to eat your veggies..... woah.... ||| Wow didn’t even notice you’re almost at 1.5mil subs. Congrats man! ||| Advice for new viewers. Always have food with you while you're watching Strictly Dumpling's vlog. You'll be super hungry and disappointed at yourself if you don't :) Cheers. ||| Im poor and couldn't even dream of traveling. Watching you enjoy different foods around the world makes me happy enough ||| So early Mike hasn't even added hot oil yet,여행/이벤트
d2iWpJ2b_dU,Gion Roiro - High End Japanese Food in the Heart of Kyoto,Eatyourkimchi Studio,"It is incredibly smart that restaurants are utilizing the advertising skills of YouTubers. ||| This channel has become so high quality, even better than tv productions. I’m so glad to live in the day and age where we get these kind of contents basically for free, thanks for doing what you do Simon & Martina!! ||| Ok, but they look so good???? And the camera quality is great??? How dare you two be so amazing and great???? ||| Everything is so aesthetically pleasing. The lighting, the music, the gorgeous wine glasses all the time, you guys really enjoying food and breaking down the taste. It’s a video of around 20 minutes and I did not stop watching once. Love the way you guys create and present your content! 😍 ||| FOOD ADVENTURE PROGRAM FOR AWESOME PEOPLE~!!!",여행/이벤트
ALGwexnnpjg,"잊혀진 섬이 관광명소가 되기까지, 최남단 '마라도' [Korea Island]",대한민국 '섬' Korea Island,"백년손님에서 봤던 낯익은 부부에 모습이 반갑네요 꼭 한번 가보고싶네요~~ ||| 마라도 너무나도 아름다운 곳 같습니다,  꼭 갈께요. ||| 직접 가보고 싶네요 여행을~ ||| Very beautiful. Keep it, my friend. ||| 아 !   너무   아름다운   마라도  가고  싶어요 ^^",여행/이벤트
HX0VcceaPWs,[#알쓸신잡3] 피렌체만 '10번째' 김영하! 여행지로 추천한 이유는?,tvN Joy,"언제 봐도 유익한 [#알쓸신잡] 시즌3 정주행하기😎 👉 https://www.youtube.com/playlist?list=PLgbB1gJhmG7C7iwYdNcB4WpRdGjf1Jz8A ||| tvn 관리자님 사피엔스 스튜디오처럼 한 영상에 몰아서 올려주시면 안 될까요?? 이어서 한 호흡에 보고 싶어요~! ||| 이탈리아 피렌체밖에 못가봤지만, 또 가고 싶어요~ 🇮🇹🇮🇹🇮🇹 ||| 정말 이름만 들었던 다양한 도시들의 이름을 들을 수 있어서 좋았습니다. 항상 사진으로만 보던 도시들이 있었는데 코로나 사태가 진정이 되면 꼭 가보고 싶네요. 좋은 영상 감사합니다. 다른 분들도 코로나 끝나고 즐겁게 여행하면 좋을 것 같습니다. 파이팅! ||| 2008년 밀라노로 출정가는 길 시간 내서 피렌체를 들렀다가 2018년까지 10번 이상은 다녀왔던거 같습니다. 너무 좋아요.",여행/이벤트
VxMOx9ervF0,"What Can $10 Get in Penang, Malaysia?",Drew Binsky,Can we all just say that the foods are from South East Asia? The strait of Malacca brought many cultures to our countries. We are One. We are family. ||| Malaysia is the best food spot in ASEAN.  Low cost  Amazing diversity  And great taste ||| The way he said thank you bro ! how friendly ||| So Many Indonesian Here I'm Malaysian Penang Is A State That I Live In #untuknegerikita ||| 1:19 thank you bro!,여행/이벤트
oQGkzsTGMPg,HUGE TURKISH FOOD TOUR IN ISTANBUL | Foodie Heaven!,Kara and Nate,"The Turkish guy looks a lot like Messi ! The Turkish food is great! love from Greece! And the Istanbul people are really warm and friendly especially to the Greeks their neighbors. ||| TURKEY!!! One of the best countries in the world!!!!!! ||| wow,  Turkish people seem so down to earth and kind ||| Omg! Turkey is great, they have all the food I love ❤️ ||| Wanna go back to Turkey. The best country ever.😍",여행/이벤트
sMB6RZNLG14,"What Can $10 Get in Jakarta, Indonesia?",Drew Binsky,"Love from Pakistan to Indonesia 🇵🇰🇮🇩, I love to go Indonesia trying local food, its heaven ||| Fun fact:Indonesia friendly in real life but not friendly in internet. No hate ||| Try spent 10$ in yogyakarta, Indonesia. You'll get more than that. ||| Drew: wow it's very cheap  Indonesian local: waiting for discount ||| I like you makes this video in 5minute.. good job bro.. love from Indonesia",여행/이벤트
guF_Pvc2P9U,A Journey In Japan | Ep1: Tokyo to Kyoto,Karl Watson: Travel Documentaries,"How this guy doesn’t have 1 million subs …I’ll never know. Underrated content ||| This video is very superior. Because the content is accurate and two youths who  created this video are very intelligent and polite.  As one of the Japanese, I strongly recommend this video. とても楽しい旅行記でした。また日本に来てください。 ||| Meeting old traveling mates while you are traveling is one of the best things ever ||| James looks like a wonderful companion. You complent each other's scenes and destination goals. Tokyo to Kyoto Episode 1 is an inspirational backpacking trip. Loved it. ||| AH! Karl! At 55:50 of this video you passed a woman with her hair waxed up and in kimono. She was a Maiko! (apprentice geisha, near the end of her apprenticeship by the looks of the style of her top knot. She was probably heading to a lesson or picking something up for her house hold.) this is how they dress during the day. At 56:38 where you were unsure of who the people were. That was another Maiko and her escort taking her from okiya to okiya as well as tea houses to meet and hopeful get to work with them. Her top knot would suggest that she is very new. Though her kimono and Obi are less ceremonial. So this could also be practice? The press always follows maiko/geisha (real ones) because it a dying tradition and very rare to see real ones outside of the tea houses they are performing at.",여행/이벤트
94i2Wh1uw08,"세계테마기행 - 지중해 황금루투 스페인, 모로코 1부- 안달루시아 지도 밖으로의 여행_#001",EBSDocumentary (EBS 다큐),항상 웃는 모습이 좋으네요 ||| 저도 스페인여행을 하던때가 기억이 나내요 그라나다와 모로코 너무좋지요♥♥♥♥ ||| Welcome to Morocco and Spain👍 ||| 좋은 영상 감사합니다. ||| Thanks from London,여행/이벤트
vMJAr-3PdTA,What Can $10 Get You in Cuba?,Drew Binsky,"I went to Cuba and loved it. There were these little churro stands everywhere and they served the best churros I ever had. They were hot, there were a lot of them, and they were dirt cheap ||| For Canadians, its been a luxury of ours to visit there whenever. ||| Freedom for Cuba! Patria y Vida! ||| Hey Drew ! Could you please do what $10 or $100 gets you in Switzerland ? Thank you! ||| He makes Cuba look so good. I grew up there in poverty and he makes it seem like a great country. Nothing is good about Cuba.",여행/이벤트
NjU9O3o11lA,MALDIVES MOST LUXURIOUS RESORT | Soneva Jani Overwater Villa,Kara and Nate,"Whoever said money can't buy happiness has never been broke! Look at this! It sure would make me happy! ||| They are probably the happiest people on YouTube ||| If only I was stuck here when the lockdown started ||| When I'm sad, when the fact that I am losing my sight and cannot afford to travel like this hits me, I rewatch this series of you guys and I laugh and smile and happy cry.  Losing my sight, the inability to see things like this... you make it better by allowing me to live vicariously.  Thank you from the bottom of my heart. ||| imagine being their child",여행/이벤트
QuF84VaIiCA,14 Best Summer Travel Destinations to Visit in 2018,vagabrothers,"TELL US WHERE YOU WANT TO GO THIS SUMMER!!! Make sure you're subscribed with notifications enabled so you don't miss any new videos! Stay curious, keep exploring and we will see you on the road! ||| Nature & Adventure - The great outdoors: 1. 1:36 The Pyrenees 2. 3:01 Western Norway 3. 3:53 Southern Alps, New Zealand 4. 4:45 Ecuador 5. 5:18 Serengeti  Beach Destinations:  6. 6:25 Turquoise Coast, Turkey 7. 7:53 Sri Lanka 8. 8:56 Borneo  Arts & Culture: 9. 9:44 Mongolia 10. 10:30 Argentina 11. 11:24 Papua New Guinea  Food & Drink: 12. 12:09 Galicia 13. 13:11 Berlin 14. 14:12 Baja California ||| Just discovered your channel, I am ex military and traveled to the Middle East and Africa in the 80's and 90's. I then worked for the state department in the middle east and had the chance to travel extensively through Europe, Asia, Africa and the Middle East. watching your channel brought me back to some of those experiences and inspired me. Thank you! ||| Does anyone ever get...frustrated bc they really want to travel somewhere, even if it’s just four hours away, but you just can’t bc of money/time/etc? Ughhhh ||| THIS VIDEO GAVE ME MAJOR GOOSEBUMPS... These are places I've never really considered going and you've inspired me to branch out from my typical Ireland trips (which will always be my favorite place but its so expensive!!!)",여행/이벤트
wOIYoqE_Q7Q,"[EBS 세계테마기행] 아름다운 만남, 파키스탄 1~4부",EBSDocumentary (EBS 다큐),"제가 이걸 찍은 촬영감독입니다. 벌써 12년이 넘었네요. 지금 봐도 그립습니다..  지금은 ""역마살 로드"" 유튜브를 하는 유튜버가 되었지만,  세계테마기행 촬영은 배우는게 정말 많았습니다.   파키스탄은 그 이후에도 몇 번 갔지만, 갈 때마다 정말 너무 멋진 곳이었죠. ||| 전 6:33 길기트에 태어났는데 이제  연세대에서 전전 전공하고 있어용. 길기트에서 잘 사는 사람들도 있지만 힘들게 사는 사람들도 많아여. 반면에 넘 친절하시고 착하시는데 특히 외국인들이 우리나라 보러 온다 잘 대해야지라고 워낙 잘 대접해주셔. 길기트 못 본지 3년 됬어, 이제 코로나 때매 못 가고 있어여. 근데 보니까 마을만 쵤영하신거네여. 길기트에서 교육율이 90%이상이고 사람이 힘들게 사는 만큼  성별이랑 상관없이 자식에게 교육시켜용. 길기트에서 교육율 파키스탄의 다른 지역보다 젤 높습니다. 한국에서  파키스탄들중에서 길기트에서 온 사람들이 제일 많습니다. 여기서 공부하고 이제 라시아, 호주, 한국, 파키스탄, 영국에서 교수 된 친구들도 많습니다. 길기트는 아직 인도랑 파키스탄이랑 분쟁 땅이라 파키스탄도 길기트 개발을 위해 크게 애를 안 쓰는겁니다. 그럼에도 불고하고 사람들이 똑똑하시고  열심히 하시는편입니다, 댓글 읽으셔서 고맙습니다 ||| 고빈님 제가 정말 이 파키스탄 편은 몇번이고 봤습니다. 세계테마기행 시리즈중 제일 좋아하는편이고 오지여행이라  다른 그 어떤 여행기보다 느끼고 생각하는 여행기였습니다. 사람사는 풍경 자연풍경 예전 우리모습같기도 하고 타국 먼 낯선사람들 얘기도 같고   최근에 또다른 파키스탄편을 봤는데 예전과 좀 더 다른모습도 생기고 해서 예전 파키스탄 영상 찾아서 다시 봤습니다. 너무 좋은영상 감사합니다. ||| EBS에 진심으로 감사드립니다  특히 촬영팀 여러분들의 노고에 박수를 보냅니다 감사합니다. ||| 정말 풍경이 아름답네요 척박하지만 그곳에서 살아가는 사람들 아이들이 정말 이쁘네요",여행/이벤트
Gktv7E3ls_Q,아시아나항공 I'm Barcelona - 구엘 공원,아시아나항공 (Asiana Airlines),그립다 구엘공원 ||| 댄공타고 가봐야지 ||| 再生回数おかしいだろw,여행/이벤트
70H6fKv_6qI,What Can $100 Get in Dubai in 24 Hours?,Drew Binsky,"Thanks for watching! If you enjoyed this video, then head over to my Instagram for more inspiring travel stories! https://www.instagram.com/drewbinsky/ ||| “What can 100$ get you in Dubai?” A parking ticket ||| Here before Buzzfeed steals his idea and makes a whole series around it ||| You already know you're in a expensive country when you see the Rolex clock on the wall of the airport ||| How do you survive an entire day on two shawarmas and a smoothie??!!!",여행/이벤트
o2l59pRPT8U,"TOP 13 MUST EAT FOODS in Chiang Mai, Thailand (DIY Thai Food Tour)",Kara and Nate,"Good Morning, 7:45am here in Las Vegas and the students are busy taking the AP World History mid-term exam before Christmas break...While I look out at all the sad faces of concentration, I am watching my favorite travelers... I plugged in the headphones and chill....at least for an hour or so when I have to get to work grading essays and stuff.... ||| This Chiang Mai series inspired me to spend one month in Chiang Mai last summer, and my goal was to visit all 13 places on this video + the Sunday Night Market. I tried all of them and I can absolutely confirm they were ABSOLUTELY FANTASTIC. The chicken man and the Khao Soi quickly became my all time favorites, thank you so so SO much for this guide, it truly was one of the highlights of my trip! The Sunday night Market was a blast with amazing food options as far as the eye could see. You captured the essence of this city beautifully and you are the reason Thailand has quickly become one of my top holiday destinations. Well done guys! ||| I have hardly missed any episode of you guys. Each and every time I get something special and mind blowing contents. Thanks ||| I love the emphasis on food in this one, it's such a big part of experiencing a culture and new place, and so cool that the owner got to know your orders! ||| As a Thai people, this is so ordinary for us to find such these foods around Thailand, not only Chaingmai, but you made this VDO and turned all the foods look more interesting which is great, I even feel hungry after watching it. Thai people loves watching REVIEW so your VDO may convince Thai people to discover the places that you recommended. Thanks for making the VDO, it is so real (no set-up). I love it.",여행/이벤트
s6UG35wT0Pc,Royal Princess Full Ship Tour,Cruise With Ben and David,"I have went on this cruise ship before. And let me tell you, it was probably one of the best experiences of my life. So relaxing and calming. The rooms were pretty small. ||| Royal Princess has to be the smoothest ship I ever cruised on. No joke, the first night I got out of bed a few times to see if we were actually moving. ||| Love the video but the fish eye effect makes me feel like I've been secretly drugged and my perception is all warped. It's worse when paired with a vertical pan of the camera. Hope that helps and keep the videos coming! Love your stuff! ||| Gives me great memories of this ship",여행/이벤트
v7hctWeJaY0,"PORTO TRAVEL GUIDE 🌉 Top 10 Things to Do, See, Eat & Drink in Porto, Portugal 🇵🇹 Magical Oporto! 🍷",Samuel and Audrey - Travel and Food Videos,"A few tour ideas for PORTO, Portugal 🇵🇹 ⛵ Sailing boat tour: https://bit.ly/3j3sND3 🍇 Wine tasting, cruise and lunch: https://bit.ly/3aKuRv7 🍷 Port wine walking tour: https://bit.ly/3lFaSV9 (These are affiliate links, so we do earn a small commission if you book through them!) ||| If anyone is interested to come to Porto must know that the best way to see everything it's by foot and just get lost and explore ❤️❤️ love my city ❤️ ||| You guys need to visit Porto now a days. Its everything sooo different. Even i felt like i was in a different city, last time i been there (1 year ago). I was born in Porto but living in Uk, right now... ||| I was born in Porto and raised in the USA.... but now am living in Porto ...... and the quality of life in general and the relative safety is way better than most places in the so called developed world. ||| The Lello and Brothers Bookstore used to be free for visitation, but due to the swarms of tourists entering everyday to take pictures and not buying anything, the stairs and the floor (on 19th century boards) became wobbly and damaged, the carpet had to be changed 4x per year and the real buyers would skip the place not to be hindered by visitors. The bookstore went through a complete restoration, spent nearly a year closed, and when it reopened it started doing the system shown above.",여행/이벤트
A5WNj3SkGsQ,"What Can $10 Get in Moscow, Russia?",Drew Binsky,"I'm in Russia now, awesome time, and for me as a Swede it's cheap. ||| In Soviet Russia 10 dollars gets you ||| For me Moscow is the most beautiful city and my favourite city ||| I hope you visit Saint Petersburg next, it is considered one of the most beautiful cities in the world :D ||| ive been to Moscow and it is relatively affordable there compared to London, paris, Zurich and other western and Nordic European cities",여행/이벤트
odOyf57XDBU,How To Spend 72 Hours in Helsinki with the HELSINKI CARD | A Travel Guide,Going Awesome Places,"Have  you had experience using a city pass card like the Helsinki Card in other cities?  Would love to hear about your experiences so drop a comment or reply below.  If you enjoyed this one, make sure to subscribe over at http://goaw.pl/AwesomeTube <3 ||| This was exactly the video I needed to plan my trip! Thank you for the tour and info! ||| Nice video. Enjoyable to watch even for someone born here, thank you. ||| Very good, helpful and informative video. ||| Simple yet sophisticated!",여행/이벤트
zhBDfjFI9Zk,Experiencing Carnival in Venice Italy | Hidden Gems and Travel Tips,vagabrothers,"Have you been to Venice?  Want to go?  Let us know in the comments!! ||| I'm Italian, I live just 1 hour away from Venice and I think you did really a great job with this video, you valorized so good the right aspects of the city and I just hope all the tourist can appreciate Venice as you guys do. ||| I love when you talk about the life of the locals. Gives a different view from a regular tourist ||| Hi, I am from Venice! Just wanted to say thank you for this vlog because it gives a realistic idea of what living in Venice really means and shows the beauty of the city. Such a peculiar place should be more respected by everyone! ||| Best part about your videos is that you interweave history of the destination with sightseeing. Really like your vlogs always.",여행/이벤트
OzVyCA6SZIo,"The 10 things to eat in Amsterdam | WHAT & WHERE to eat, by the locals 👫🧀 #Amsterdam #cityguide",Withlocals,"As an Indonesian who's been to several Indonesian restos in NL and few other countries, I must admit that the best Indonesian food outside Indonesia is in NL. It's probably because many restaurants in NL employ best Indonesian chefs. I was also told that Indonesian spices are relatively easy to find there. ||| Stroopwafel looks amazing. The Dutch have a lot more fried and breaded foods than I had realized. ||| there is a small restaurant named De Taverne in a very small town called Maarheeze. There you find the authentic dutch meals as how it was served 20 years ago also in Amsterdam. My favorite Warm Fried Camembert with Sweet blueberry sauce.  Go and enjoy ||| That apple pie looked good! ||| Just ate at Long Pura! Our favorite food in Amsterdam and perhaps ever!",여행/이벤트
LBI-IZROZLE,Top 7 INCREDIBLE Places in NEW ZEALAND you WONT BELIEVE EXIST,Erik Van Conover,"These are my TOP places on the NORTH Island of NEW ZEALAND! Just got back from a whirlwind scouting trip to NZ working on a deal with American Airlines. If you are from New Zealand comment down below your favorite places on the North Island! ||| Yeahhhh where’s all the whanau ( family ) from New Zealand watching this at ||| I’m a New Zealander, I have never felt more appreciated ||| ""You can experience all 4 seasons in one day."" That's the most New Zealand thing I have ever heard ||| Ay it's not a rainforest.. it's a bush",여행/이벤트
LkCx_RmMxHQ,"꼭 가봐야 할 섬, 홍도 여행 [Korea Island]",대한민국 '섬' Korea Island,"아름다운홍도꼭가고싶네요^^~신선한자연회도시식하고불볼락도맛있겠네요 ||| 아름다운 홍도 비경에 푹 빠졌어요~🌹👍 ||| 신선한 회 그 맛은 홍도에서 즐깁시다~^^ ||| 홍도 뱃편이 아주 많습니다. 2백 이상이 타는 큰배로 하루 10번 정도 있어요. 하루 두번은 한겨울에만 그래요. 68년부터 관광이 시작되었다는데 당시 중학교 국어책에 홍도예찬이란 글이 있어서일 거에요. 이 글에도 있지만 홍도라는 이름이 황혼의 암벽이 붉게 물든다고 해서 홍도라고 처음 살던 일본인이 붙였다지만 사실 자산어보에 의하면 홍에섬, 즉 홍어의 섬이란 말에서 왔다고 봅니다. ||| 열기를 바다에서 잡나 산에서 잡지 라던 골매의 선두말이 생각나네. 열기가 낚이는 정확한 장소를 삼각 법으로 육지의 어느두개 이상의 지점을 통과하는 점위치 에다 배를 대면 볼락 열기등이 꽃이 피었지... 지금은 어군 탐지기로 물속 여를 찾는다던가?",여행/이벤트
hNISQCw_KXU,"HOW EXPENSIVE IS BANGKOK, THAILAND? 🇹🇭 A DAY OF BUDGET TRAVEL",Jason Billam Travel,"I would love to go to Thailand. Thanks for sharing your experience. I love Thailand ❤👍🏻 ||| Love Thailand from Cambodia. ||| Bangkok is as expensive or cheap as you want it to be... you stayed in a hostle for the same price I paid for a hotel that was beautiful and I ate some glorious moo krob and noodles for 40 baht... if you want to spend a million baht in one night you can do that too... but my girlfriend and I never spend more than 700 baht for accommodations and food per night ||| Love Thailand from China, I am studying Thai。 ||| I recognized Thailand with Lisa(blackpink) , Sorn and Bambam and I think Thailand is so beautiful country I love Thailand from Turkey💙",여행/이벤트
KXL12wz9euY,"Zurich FOOD TOUR! Delicious Swiss Food + World’s Oldest Vegetarian Restaurant! (Zurich, Switzerland)",The Endless Adventure,"Huge thanks to Zürich Tourism for sponsoring this video and hooking us up with today’s adventure! Head to their website to learn more about traveling to Zürich! https://www.zuerich.com/en ||| I did chuckle when I saw how much mustard you were putting on your sausage. ||| 14:37 ""I'm gonna plop this right here on my sausage ..."". Famous last words, bro. ||| I cannot get over how clean and clear the water in that river was.......that looked like fun. Love all things cheese. If you get a chance try a piece of APPENZELLER, made in Switzerland , and one of the great cheeses. I would love to visit, so damn pretty. Your hat was quite cute Allsion. ||| This cake, called ""Wähe"", ist some sort of fruit cake and comes with different flavours: apple, pear, apricot, peach, rhubarb, plume... and it always is very delicious. When you come again, you should try another famous dessert, the ""Zuger Torte"" (Tarte from Zug, a city in CH). Another very famous dish is ""Chäschüechli"", a small pastry filled with cheese-cream.",여행/이벤트
smfdCypdaO0,[EBS 세계테마기행] 북아프리카의 붉은 보석 모로코 1~4부,EBSDocumentary (EBS 다큐),잘보고 갑니다 수고하셨습니다 ||| 모로코 ✨🇲🇦❤️🇰🇷에 오신 것을 환영합니다 ||| 넘 잘 찍으셨네요 감사합니다 ||| Excellent. Enjoyed it very much.. Thank you ||| EBS 모로코 편 감사합니다  유럽과 아프리카 의 만남 입니다,여행/이벤트
sfMTQhiVdzg,Koh Kood Island - SEA SNAIL SASHIMI + Best Beaches and Attractions | Food Travel Guide!,Mark Wiens,"there is this thing in Mark's videos that you wont really get bored because it is like a documentary. it does not focus my eyes to food only, but also to the scenery, and on top of it, is the knowledge and information about the culture we are getting from the place he is visiting. kudos to you, Mark, for reaching 2 million! I hope you and your family would stay healthy, so you could continue your journey around the world, and for you to share it with other people. God bless you! More blessings to come.. ||| I don't understand why people are not liking this video!  What's not to like?  This is a beautiful family sharing beautiful parts of the world that you may not get to see; be nice and enjoy the opportunity. ||| I have been watching you for a while and I can tell when you love,like or just tolerate some foods.  The total swoon is love. The big eyes and big smile while nodding is good and the mmm that’s really good is being nice.  You are awesome. ||| Thailand is beautiful island and  food Thai Spicy and delicious ||| Lol. Mark's facial expressions never lies. You know exactly how good something is if you've watched this channel for awhile.",여행/이벤트
NcxyKnvNCOw,A Guide To Road Trips in Scotland,VisitScotland,"An excellent travel guide, thank you🤗👏 ||| I just love the Scottish Accent. ||| Marvellous travel guide. ||| Absolutely LOVE Scotland! We just finished an epic 2 week roadtrip (Isle of Skye + NC500) & made a cinematic travel film with location pins included, for anyone looking for more inspiration! We were treated to lochs, castles, mountains, wild & rugged landscapes, highland cows & reindeer... what else could you ask for!? xx Tania 🚐 🏴󠁧󠁢󠁳󠁣󠁴󠁿💕 ||| And again, some more great tips for my first trip to Scotland. Well made, not so 'dry'. Thank you. The 'Guide' is not to long, for me it's better to understand it then🤗 Greetings from somebody of Holland. (So: Grammar is not perfect)",여행/이벤트
8-Ts_ucdqvo,"세계테마기행 - 심장이 뛴다, 페루 1부- 태평양의 선물_#002",EBSDocumentary (EBS 다큐),"와 굉장하네요 정말 ||| Thanks from London ||| 내레이션 넘 좋네요 또박또박 말씀 잘하신다🧡🧡🧡 ||| 와.. 페루에서 공부중인데..꼭 가봐야겠네요 너무 멋져요!! ||| 2005년, 2013년도에 갔었는데요... 이 영상 보시는 분들 기회가 된다면 꼭 한번 가보시길 바랍니다. 물가도 싸고 경치 기가 막힙니다!.......",여행/이벤트
GkrZyc3TPxE,"🛥️ The Top 10 things to do in Venice | WHAT to do in Venice & WHERE to go, by the locals 👫🇮🇹",Withlocals,"best video ever really guys ! ||| Beautiful shots and informative, good job! ||| One of the most complete and instructive videos... I will be in Venice in May 2020 and your tips are going to be my actual schedule... Thank you ||| Great video like a lot :) ||| San Michele the cemetery island is a peaceful and beautiful respite from the main islands.  Visit the graves of Ezra pound, stravinsky and too many to mention.  We always spent a day",여행/이벤트
8qmPvgok0Xo,세계테마기행 - 영혼의 팔레트 과테말라 3부- 오래된 유산 치치카스테낭고_#001,EBSDocumentary (EBS 다큐),,여행/이벤트
ZKqTFJOUg6k,"TASTING CROATIAN FOOD, BEER & COFFEE | Strukli in Zagreb | Croatia Travel Vlog",Dane and Stacey,"*New here?* We've got lots more to share from Croatia, be sure to subscribe and turn on notifications to watch along: https://goo.gl/SWdJQH PS: 12:20 is the real highlight of this one 🤣 ||| I love how you called the little square the flower square because its name actually translates to that. ||| Croatia is my favorite vacation destination.  wonderful, charming and amazing culture! ||| My hometown <3   Fun fact, that big golden ball that was in the middle of the street covered with graffiti at 5:02 . That is actually the Sun, and all over Zagreb there are planets that you can find which are placed accordingly and are real life size, so the sun is huge, but all the other planets are tiny, so only the ones with a keen eye can find them. I've lived my whole life here and I still didn't find them all 🤣🤣 ||| Thank you for promoting Zagreb! It’s my hometown and I currently live in California...I miss the atmosphere of Zagreb and Croatia so much ❤️🇭🇷Also, go to the island Vis to Komiža and get a taste of heaven on Earth 🌏  much love and have fun, guys! 😊",여행/이벤트
wnTyX02JeHc,Hong Kong Street Food Tour & Travel Guide,vagabrothers,"All foods looks yummy... 😋😋😋 ||| i am from Hong Kong, and it's interesting watching you guys doing travel vlogs in Hong Kong. Welcome to Hong Kong, enjoy the food! ||| alright hong kong is on the list. thanks bros ||| HK is one of my favourite cities in the world! Definitely in my top 5. I really loved this video, made me feel like I was there! 💕thank you guyssss ||| The heart and soul of the people of Hong Kong is Cantonese.  It is like it keeps on chanting “diao nei lou mou” forever.  It pretty much sums up the essence of Hong Kong.",여행/이벤트
nMGrL8NazOw,Copenhagen Travel Guide,Attaché,"Man! Your video made me want to go to Copenhagen. Then I realised that I have been living here for the last 34 years.  Great video! It seems like you guys enjoyed your stay. ||| Congratulations to your Brother, another victory in what it feels is an endless war against Cancer... I went to Copenhagen last year and loved it, I think it's the most welcomed I've ever felt made and even though it is small there is still plenty to do, A place I certainly would have no problem visiting again.. Good job on the vid :) ||| I can definitely live here. I moved here from Argentina 7 months ago, and even though the weather can be shit, I fall in love with this city every single day. ||| I’ve been to Copenhagen for 4 times, just came back on October, and i miss this city already. 😍😍, amazing episode 👌🏻 ||| Hands down these are my favorite travel videos. I'm a huge Rick Steves fan, but these are so concise, and yet feel comprehensive. Well done",여행/이벤트
hAVUmnsKdeo,"7 Days in Sri Lanka Vlog | Sigiriya, Kandy, Dambulla, Galle, Unawatuna, Colombo",Suitcase Monkey,"If you would like to support what we do on this channel, please check out our Patreon at https://www.patreon.com/suitcasemonkey ||| I am from the UK. I adore both India and Sri Lanka. They are both very different and diverse countries with an amazing culture. ||| I’m looking forward to visiting Srilanka one day. A Buddhist country , beautiful in nature and peaceful among people. Love from Vietnam. ||| I had a 2 week cricket holiday in Sri Lanka in 2002. Played on all 3 test grounds in Gale, Kandy, Colombo. Plus Kandalama, Sikariya, Nurellia. The most beautiful people & country. Thank you for more memories of this amazing island 🇱🇰 ||| I am from Indonesia🇮🇩..i like Sri Lanka..😘😘",여행/이벤트
Y0Zs4eB7fvA,Top 11 Mediterranean Cruise Tips,Tips For Travellers,"Gary is probably the best at giving you the real information you need for cruising. No funny stuff, garbage, or BS. Thank you Gary! ||| Gary is just the best! He gives you the information you *need*. It’s not about his vacation or ego, it’s about helping people make the best choices for their cruises. You never see Gary prancing around taking selfies of him himself and filming extended videos of every bite of food he eats, every step he takes or the random unhelpful  minutiae most YouTubers put in their videos. BORING! Nobody cares! I’ve looked at a lot of these videos and Gary is one of the very few that know how to do it right. Gary and Emma cruises are pretty much the only cruising videos I watch and subscribe to. ||| Wow... Awesome. I couldn't have stumbled upon a better video than this. Planning for a first time Mediterranean Cruise and this seems like a Bible to me. ||| I love your no nonsense information with the right amount of visuals and information. ||| We took a Viking cruise in spring of 2019. Their ships carry only 930 passengers. Started in Venice and ended in Barcelona. Great cruise and Viking is fantastic. They do not have a casino or disco, and no kids. This was exactly what we wanted. We’re scheduled for a Viking cruise in December 2021 to New Zealand and Australia. Fingers crossed.",여행/이벤트
ob0TMTYLGBM,"The Top 10 things to eat in Paris | WHAT & WHERE to eat, by Paris locals 🥐🍷",Withlocals,"I‘ve to say it‘s one of the first videos about Paris, which isn‘t showing the very standard and overprized restaurants without any quality. I really appreciate your selection and showing the diversity of Paris. I don‘t understand how you can‘t have more views ||| 5:08 “First you need friends…”   Me as a solo traveler… 😢😅 ||| I wish i watched this before going to paris! Now i want to go back! ||| I love that video! Thank you so much. Not too long but very informative!  :-) ||| For crêpes and galettes, I recommend you Breizh Cafe in Paris ! Very good ""crêperie "" with local products",여행/이벤트
4TwGid87U8g,"Visit Berlin - The Don'ts of Visiting Berlin, Germany",Wolters World,"Guide to city trains: 1) S-Bahn, the overground train network that sometimes goes underground 2) U-Bahn, the underground train network that sometimes goes overground ||| Who takes a taxi in Europe. When I travel I always use public transport, it's cheap and boost your confidence about finding youself in different places. ||| Extra Don't: NEVER stand on the left hand side of an escalator, it will get you some veeery annoyed comments. It is for people in a hurry, kind of like an express lane. There is a rhyme for that, too: ""links gehen, rechts stehen"" (""walk on the left, stand on the right""). ||| A tip for everyone who wants to visit Berlin: you actually don’t have to book a sightseeing tour. Just buy a day pass and take the bus 100 to get around town. It drives to all the major attractions and runs every 5-10 minutes. You can step out at any time, and sometimes the bus drives even talks about some major landmarks (if you get a nice bus driver - not all do that!). A day pass is 7€ per person and is valid until 3am of the next day. ||| I live in Berlin why am I watching this😂😂",여행/이벤트
xTIbY969lW4,MSC Meraviglia Cruise Ship Tour and review,Cruise With Ben and David,"Get a quote for your next MSC cruise with our trusted travel agency Vision Cruise. 👉 http://bit.ly/2Rzb33R  Vision Cruise have over 30 years of cruise experience with agents in the USA, UK, and Australia. Plus you are really helping us out by booking with them as we receive a small kickback to help run our channel. ||| Great video! I'll be sailing on this ship in less than weeks, and I appreciate the style and presentation of your videos. Job well done!! ||| Oh this is an awesome ship! I just came back from it and it was truly a fantastic experience! Great tour by the way! ||| I wish I could add multiple likes.  Very nice and informative video for anyone planning to travel on the Meraviglia. ||| Wow.  Great Video!  (as always)  Stunning ship.  I'm going to have to start looking into MSC.  Thanks, guys!",여행/이벤트
JvTzj71UlCg,"Vietnam Travel Guide: Hanoi, Ha Long Bay, Ho Chi Minh",TourRadar,"I'm from Laos 🇱🇦 I loved Vietnam 🇻🇳 ||| Been to Vietnam 3 times, and i left my heart in Ha Long Bay ||| I love vietnam from INDIA :) ||| Welcome to Vietnam 🇻🇳 all friends ||| The best documentary about travelling in Vietnam.   LOVE from Bangladesh.",여행/이벤트
c7TbpsRGCCI,The top 10 things to eat in Rome 👫 Handpicked by locals 🍕,Withlocals,"Thanks to our Italian friends for sharing this with us. The host of the clip is very affable too. ||| Missing: Saltimbocca. Gricia. Carbonara. Coda. Abbacchio.  Puntarelle. ||| 2:35 ""It's a spiritual sensation when you find yourself in front of a 'bowel' of goodness."" LOL ||| The quality vacillates in Rome, as it hosts so many tourists...so sheisty low-quality restaurants can be pretty normal.  Be sure to get recommendations from a local. ||| I'm coming to Rome in a few weeks!!! This was very helpful thank you!!! 😀😀😀",여행/이벤트
k0jiMnMVodI,Destination Art: Exploring Downtown Edmonton with Kyle Huber,Matador Network,How do you guys stableize the footage? Do you shoot on a tripod?,여행/이벤트
3UkrfjDWtk4,"세계테마기행 - 풍경은 영화처럼 흐르고 일본영화기행 4부- 시간이 멈춘 곳, 오키나와_#001",EBSDocumentary (EBS 다큐),"세계테마여행 그동안의 시리즈 중 탑2로 뽑아도 될만한 품격있는 진행과 흐름, 평론가분 너무 우아하고 품격있으시다. 사람들과 자연스럽게 어우러지게 하는 밝음과 성품 너무 좋다. ||| 우리가족도 우연히 TV로 보다가 이 편의 큐레이터분의 자연스럽고 우아함에 감탄했네요.  세계테마기행 나오신 분 중 나레이션도 좋고 제일 좋아요 ||| 여자 분 진짜 예쁘시고 목소리도 짱좋...영화 기행으로 시리즈 더 만들어주세요ㅠㅠㅜ 저 캐스팅 그대로...진심 세계테마기행 진짜 좋아하는데 가장 만족스러운 캐스팅인듯 ||| Thank you so much 😊.~ You have a great day. I love 💕 Okinawa.~~ From: 🌺 Hawaii.~~~ ||| 윤성은 평론가님을 핵심으로 영화기행시리즈 계속했으면 좋겠어요. 영화기행에 어울리는 따뜻한 나레이션과 간간히 알려주시는 영화소개도 정말 좋고요.  정말 힐링되는 목소리에요.",여행/이벤트
TwtZ8oinQck,"3 Days in MALTA - Valletta, Mdina, Stunning Blue Grotto, 3 Cities",Suitcase Monkey,"Check out the hotel we stayed at in this video, rated ""Fabulous"" - https://www.booking.com/hotel/mt/victoriahotel.en.html?aid=1864334&no_rooms=1&group_adults=2&label=24 ||| OMG!! We were just showing our kids my home country. We're the couple you filmed on our wedding day in Valletta. timestamp --> 4:37!! ||| As a former resident of this beautiful island, I have to confess this video made me feel homesick. ||| I'm from Malta and this video just came up on my youtube. It was very nice to see our little island in some of it's glory! Really happy you enjoyed your visit. ||| We spend 2 weeks in Malta each year since 2012, and your report does these wonderful islands justice as good as it can in only 13 minutes. Beautiful pictures of a great place to be.",여행/이벤트
0EyJIqAg6wk,What THE MALDIVES is REALLY Like! Explaining Paradise 😍,Suitcase Monkey,"If you enjoy this video, please support us by giving the video a like. It really helps us spread the word and is appreciated. Thanks in advance. 😊 For a full review of the Vivanta by Taj Coral Reef, including more detail on accommodation, food, activities and managing a Maldives budget https://www.youtube.com/watch?v=FwExGZaSVFY ||| When you hit the food section, you had me hooked!! ||| I absolutely love your narration, it is so professional and informative. Keep up the excellent work. Your narration is crisp, clear and perfectly  modulated. Don't stop at YOUTUBE vlogs, you can do narrations for documentaries. All the very best. By-the-way the food and the 6 o'clock Sting Ray parade at the particular the Maldives resort you stayed at are fabulous reasons to visit the islands. ||| I love your use of words. Very interesting and entertaining to listen to your narrative. You can tell you are a fun person who makes everything fun. ||| I never would have thought of the Maldives but this now makes me really want to go. I could play with that torch all day long. Don't even get me started on the pull out table....",여행/이벤트
QIcfMmoPi0Y,"Visit San Antonio - What to See & Do in San Antonio, Texas",Wolters World,"When in San Antonio, go to Schilo's for German food and root beer. They brew their own root beer. ||| The riverwalk is the best during Christmas time :) SO pretty ||| San Antonio celebrates its Tricentennial this year.  True. ||| San Antonio local approved! You're the real deal. Great job! ||| 🎶🎼 the stars at night, are big and bright, deep in the Heart of Texas 🎶🎵",여행/이벤트
DT-4_QwuwZ0,Visit Portugal - What to Know Before You Visit Portugal,Wolters World,"I like Spain and Italy a lot... but I LOVE Portugal. Probably my favorite country out of the 38 I have been to. ||| Portugal is truly one of the gems of Europe. Me and my girlfriend go at least once a year. Awesome places to see, rich history, SURFING, loads of interesting native grapes meaning interesting wines, food, the great people, and for us northern europeans great weather. Not to mention the pricing. As a swede it's verging on feeling like you're not paying anything at times :) ||| Unlike most of the travel blogs out there, this one was actually informative. I'm headed to Portugal in 2 weeks, this was great. i especially like the lack of Arial drone video paired with EDM. ||| Everything you said about Portugal is absolutely true and it's also true that a surprising number of people in Portugal speak English. ||| I was there last month and absolutely loved it. People were  friendly and everyone speaks good english.",여행/이벤트
LBE5H5e95cI,"은혼2: 규칙은 깨라고 있는 것,오구리 슌, 스다 마사키, 하시모토 칸나, 야기라 유야, 미우라 하루마",문화예술의전당,1:02 한 번 숨고르는 걸로 감정표현 한껏 끌어올리는 거 진짜 몇 번을 봐도 예술이네 ㅋㅋㅋ ||| 트위터에서 일년에 한번씩 ㄹㅇ 저렇게 싸움 투디랑 돌판이랑 ||| 柳楽優弥の目合わせられない伏し目がちなオタク演技上手すぎてつらい（オタク並感） ||| 신파치 캐스팅은 진짜 미쳤닼ㅋㅋ 너무 잘뽑았엌ㅋㅋ ||| 스다는얼굴도 얼굴이지만 연기를잘해서 일본20대탑배우가된것임  진짜 스다연기잘해,영화/애니메이션
GU2af7StdQ0,물고기들이 다리가 생기면 벌어지는 역대급 대참사..,지무비 : G Movie,영화 '공포의 물고기' (2012)입니다. 05:53 투표 있습니다 :)  [지무비 채널 멤버십 가입]  https://goo.gl/LrQJgy [지무비 구독]  https://goo.gl/4ETvXY [다른 영화 소개 둘러보기] https://goo.gl/78TM8K [개인 인스타그램]  https://www.instagram.com/awayout1/ ||| 2:14 볼때마다 ㅋㅋㅋ 상어가 죽기살기로 뛰어오는데 너무나도 평온하게 걸어가네 ㅋㅋㅋㅋㅋㅋ ||| 조의 영역 생각난다 그것도 진짜 장난아니게 충격적이었는데 이런 아포칼립스물은 앞으로 어떻게 상황을 헤쳐나갈지 감이 안잡히니까 더 재밌기도 하고 무섭기도 하고 뭔가 끔찍해서 보기 싫은데도 계속 보게되는것같음 ||| 오지말라면서 계속 어딨는지를 말하는 남친 ㅋㅋㅋㅋㅋㅋㅋㅋㅋㅋㅋㅋㅋㅋㅋㅋㅋㅋㅋㅋㅋㅋㅋㅋㅋㅋㅋㅋ 언행불일치 ㅋㅋㅋㅋㅋㅋㅋㅋㅋㅋ ||| 0:34   앜ㅋㅋㅋㅋㅋㅋㅋㅋㅋㅋㅋㅋㅋㅋㅋㅋㅋㅋㅋㅋㅋㅋ개웃기네 물고기가 달려가면 보통은 소름 돋을 텐데 효과음 때문에 병맛이 되버리네ㅋㅋㅋㅋㅋㅋㅋㅋㅋㅋ,영화/애니메이션
VUPYJHgQ4J8,만약 핵폭탄이 떨어진다면 벌어질 일,씨네몽땅,"<바람이 불때>는 DVD로 판매되고 있습니다. 빡센TV가 씨네몽땅으로 채널 이름을 바꿨습니다. ||| ""그런데 안전한 곳이 어디지?""       최고의 명언 현실성을 깨닫게해준다. ||| 사탕 한쪽도 나눠먹는 착하고 순박한 부부..ㅠㅠ 짠하고 맘아프네요ㅠ ||| 독특하다 이 애니메이션.. 중간중간 실사랑 같이 나오는것도 특이하고 긍정적으로 생각하려하는 부부의 대화도 묘하게 슬프고 ||| 무지한게 아니라 노부부는 이미 전쟁을 경험했고,  전시중 정부의 지침을 따라 살아남았으니 이번에도 정부를 믿은거죠..",영화/애니메이션
rjLEw-PB-_E,공포영화 마라 리뷰,최동수,잠에들지 MARA ||| 저거 보다가 육성으로 욕할뻔해서 입 깨물고 봤는데 물러터짐 근데 마지막   시시했음 솔직히 처음엔 무서웠다 ㄷㄷ  중간부터 약간 적응하다보면 걍 그럼 귀신이 되게약함 어기적 걸어다닐 뿐 사람들이 무서웠음 본격적 사람이 무서운 영화였음 ||| 퀄리티가 좋네요ㅎ 근데 가위 눌릴때 귀신보인다고 움직여지진 않음.. 그게 엿같은 부분임.. 귀신을 계속 보고있어야 되거나 그 귀신이 내는 소리를 계속 듣고 있어야 된다는점.. 근데 웃긴건 그게 적응이 된다는거.. ||| 말도MARA 엄청무섭다 ||| 잠안들려고 노력하는모습을 보는게 상당히 짜증나는 영화,영화/애니메이션
43H3cI0GIXQ,상상도 못할 일만 벌어지는 쓰레기 변태 학교,지무비 : G Movie,"영화 '다세포 소녀(Dasepo Naughty Girl, 2006)입니다. 꼭 보세요 ^~^ 지무비 굿즈 스토어  https://m.smartstore.naver.com/gmovie ||| 진짜 아직도 생생하다 대전 아카데미 극장가서 보려고 표살려했는데 직원분이 다시한번 생각해보라했다 진심 거짓하나없이 ||| 아직도 기억난다  학생 때 내가 죽어도 괴물 보고 싶다고  친구들한테 그랬는데 다수결에 의해 이 영화를 영화관 가서 봤다 관람 후 친구들의 미안한 표정을 잊을 수 없네 ||| 중학교때 이 영화를 보고 온 별로안친한 친구가 줄거리를 얘기해주는데 진짜 좀 언어나 지능에 문제있는 친구인줄알았음....ㅠㅠ 그친구는 아주 잘 설명한건데 .. ||| 개봉당시 3줄평 ‘괴물’을 보러 갔다. 매진되서 ‘다세포 소녀’를 봤다. 내가 ‘괴물’이 됐다.",영화/애니메이션
gMjmfWH4dMA,[곤지암] 관객 리얼 반응,쇼박스 SHOWBOX,"시사회로 봤는데 카메라가 돌아가다 보니 어지러운 면이 조금 있었지만 나름 볼만했습니다. ||| 닭 닮은 귀신, 대머리 아저씨 귀신  머리카락 귀신 ..  카트라이더 휠체어 마무리 .. ||| 무서운 걸 떠나서 작품성은... 그냥 완전 사람 놀래키려고 작정을 한 영화 ||| 이 영화는 쉬수시시시수시쉬쉬시가 캐리합니다 ||| 봤는데 저절로 원장실 닫히는소리에 놀랐어요. ㅋㅋ 귀신이 막 중얼중얼 거리다가 사람들 죽이더군요.",영화/애니메이션
Zic8PJjzano,이 영화를 보면 치킨을 못 먹게 됩니다,미들뻔,"영화 '치킨 런 (Chicken Run, 2000)' 입니다. 어렸을 때 봤던 작품인데 다시 봐도 정말 재밌네요. 이미 보셨던 분도 꼭 한 번 보셨으면 좋겠습니다. 추천! ||| 어렸을 때는 이 인형들이 너무 무섭게 생겨서 보고 울었는데 지금은 굉장히 개성있는 점토캐릭터로 보이네요 ㅋㅋㅋㅋㅋ ||| 어렸을 땐 그냥 닭들이 탈출하는게 재밌었는데 탐욕스러운 두 쥐들이 더 이상 닭들 상대로 장사를 못하니까 영화 마지막에서 '양계장이나 차릴까' '그럼 닭이 필요하잖아'라고 대화한 거  다시 보니까 소름돋네요 의외로 풍자하는 의미도 보이는 부분이 많구요...  재밌게 봤습니다😃 ||| 이걸 보면서 자유를 위해 끊임없이 노력하자는 교훈을 주는것 같습니다. 덕분에 정주하게 되는 영화입니다......^^ ||| 이거 제가 어릴적 젤 좋아하던 영화여서 일주일에 한두번 꼴로 봤는데 지금은 커서 일주일에 한두번 꼴로 치킨 먹습니다",영화/애니메이션
59yvH-Uethw,바람이 분다 : 미야자키 하야오는 극우일까?,71E6 // 컨텐츠 리뷰,"많은분들이 오해하시는거 같아 댓글로 적어드립니다. 우선 ""바람의 분다"" 작품에는 제로센이 전혀 등장하지 않습니다.   바람이 분다 작품의 주인공 호리코시가 애니메이션 설정 상 제작한 비행기는 5식 단좌 단엽 단발엔진 연습기로 이 기종은 제로센 전투기와 달리 ki-27의 설계에 더 큰 영향을 끼친 기체입니다.   애초에 5식 연습기의 경우 엔진은 영국제 브리스톨 6기통 600마력 공랭엔진을 그대로 사용했으며 고정식 랜딩기어를 채용한 기종이기 때문입니다.   한국인 시청자들이 5식 단발 연습기를 제로센으로 착각하시지 않았으면 하는 마음에 적어봅니다. ||| 전쟁이 한 사람의 순수한 꿈을 어떻게 변질시키는지를 지브리의 너무나도 아름다운 작화로 보여주는 영화... ||| 이거 넷플릭스 통해서 봤는데 군국주의 색채는 전혀 없었고 그냥 지로의 인생기 같은 느낌? 비행기에 대한 열정과 지로가 가진 비행기에 대한 철학이랄까요? 그런 느낌이었어요. ||| 영화를 봤다면 알것이다 이 영화는 절대 우익 영화가 아니다.. 지로의 좋은 비행기를 만들고자했던 의지와 꿈.. 하지만 가미카제나 전쟁을위한 살상도구로 변질되버린 꿈..... 미야자키 하야오 감독의 영화를 봐왔던 사람이라면 알수있다.. 비행기에 대한 순수한 꿈.... ||| 이 영화는 어떤 관점에서 보느냐에 따라서 달라지는듯 내가 이 영화를 봤을때는 지극히 한 소년의 꿈, 사랑 밖에 안보임.",영화/애니메이션
LHLu1UpREow,자신의 아들을 튀겨 판 치킨집 사장,씨네몽땅,빡센TV가 씨네몽땅으로 채널 이름을 바꿨습니다. ||| 닭이 치킨집을 차려 아들을 튀긴 아빠가 나쁜거 아닐까 ||| 중요한거는 닭이아니라 병아리를 튀겨서준거임  신고해야함 ||| 지금껏 본 애니메이션 중 가장 기괴했다..그리고 저 남주 성우는 초월더빙인데...? ||| 기괴하면서도 혐오감을 불러일으킬 만큼 잘 만들었다고 생각해요 특히 사랑의 단백질 ㅠㅠ 성우 분이 초월더빙을 하기도 했고 내용도 독특하더라구요 이런 심오한 뜻을 잘 표현한 것 같네요 국산 애니라고 하던데 앞으로 더 승승장구해서 우리 나라 애니 산업도 지금보다 더 활발해졌으면 좋겠어요,영화/애니메이션
mP-tUCg65Ns,[주먹왕 랄프 2: 인터넷 속으로] 금요일 VS 월요일,월트디즈니,ㅋㅋㅋㅋㅋㅋㅋㅋ찢어진 화면속에 깨알.. ||| ㅋㅋ마지막에 라푼젤 ㅋㅋ ||| 마지막에 라푼젤이랑 헤이헤이네ㅋㅋ ||| 엌ㅋㅋ 뮈지?ㅋㅋ ||| ㅋㅋ,영화/애니메이션
gPvaYZTNE5U,엄마를 기다리며 기저귀를 뜯어 먹었던 3살과 2살 아기들,영화장수 루피형아 LuffyHyungA the Movie Vendor,"마지막 실제사진.. 아기들이 너무 천사같이 예쁘고 웃고있네요.. 저 나이때 아기들이 얼마나 예쁜짓을 많이 하는데... 가슴이 터져버릴것 같네요. 그 누군가에게, 옆집 아줌마한테라도 아이들에게 먹을거 챙겨주는걸 부탁하고만 나갔더라면...... 정말 인간이 악마같네요. 아기들이 얼마나 고통스럽게 죽어갔을지 가슴 미어져요  아이들을 보호하고 지켜줄수 있는 가정, 나라, 세계가 되었으면 좋겠습니다... ||| 두딸의 엄마인데ㅠㅠ괜히봤네요..불쌍해서 맘아파  눈물이나네요..ㅠㅠ에휴.. 세상 모든 아가들 제발 맘도 몸도 아프지말고 사랑받기만했으면 합니다ㅠㅠ ||| 육아를 포기했던 엄마가 죽을때까지 자신을 기다리며 눈을 감았던 두 아이를 아직까지도 사랑한다고..?이건 또 무슨 신개념 쌉소리지...?? 아니 앞뒤 전개가 안맞는게, 애들을 사랑하는데 애들을 사랑한다는 이유만으로 감금,방치 등등을 할리가 없자나;;정작 애들을 진심으로 사랑했더라면 그 아이들을 위해서 편안하게 고아원으로 보내거나 아님 더 열심히 돈을 벌면서 책임을 졌겠지;;; 그냥 그 여자가 한말은 그저 핑계로밖에 난 안들린다... ||| 애들이 엄마따라하는거 보고 진짜 충격먹음 ||| 저건 영화라 아련하지 3,2살 아이들이 방치돼 있으면 얼마나 아수라장일지 상상도 못할것임. 아이들이 너무 불쌍하다 못해 고통스럽다",영화/애니메이션
FPnnSL7SfNc,천재가 정신병 걸려 세상을 뒤집은 실화 (영화리뷰),욱크라테스,"나래이터 목소리가 영화보다 작아야함 ||| 예전에 봤던 영화인데 리마인드할겸 봤는데 좋았어요! 영상 감사해요~ ||| 와,,부인 정말 이쁘다.. ||| 이영화도 정말 감명깊게 봤었어요^~^ 좋은영화설명 감사합니다^^~★ ||| 댓글에 너무 상처받지 않으셨으면 해요 3년이 지난 지금까지도 누군가가 볼 정도면 충분히 훌륭한 영상이었어요",영화/애니메이션
7z5zUoeemP8,싸이코패스의 꿈속에 들어간 사람들 (기괴함 주의),홍시네마 𝘏𝘰𝘯𝘨𝘊𝘪𝘯𝘦𝘮𝘢,"오타 죄송합니다! 4:43 = 스티거X 스타거=O  오늘도 찾아주셔서 감사합니다! 이제 7월도 끝을 보이고있습니다! 저도 어디 가긴 가야하는데 나가면 죄다 커플알콩달콩이라...  저랑 놀러가실분.... ㅠㅠㅠㅠㅠㅠ 주말 마무리 잘하시구요! 더위 안먹게 조심하면서 노셔야해요!! 감사합니다 ♥ ||| 대놓고 무서운것보다 이런 기괴한게 더 섬뜩해 ||| 드디어 제트라우마를 찾았네요. 8살때 우연히 아빠가 티비로 이 영화를 보는 걸 봤습니다. 저도 같이 봤는데... 형사 배째서 창자를 거는 장면, 온몸에 고리를 걸고 천장 쇠사슬에 매달리는 장면은 아직까지도 잊혀지지않고 제 머리속에 박혀있었죠... 한동안 엄청 무서워했었죠...진짜 부모님들 애들 옆에두고 무서운것좀 보지마요. 평생 기억에 남습니다...더이상 무섭지는 않지만, 몇십년이 지나도 이 영화는 제머리속에 박혀있을 것이고 그 공포를 이겨내기까지 ㅈ나 긴 시간 걸립니다. 지울수가없어요...8살이후로부터 거의 스무년이 지난 지금까지도 그 장면을. 이영화 8살때보면 진짜 무섭고 정신병걸리는 줄 어우 ||| 저 영상에서 나온 괴기스러움은..학대당하며 느끼는 실제공포감의 반의 반도 안되겠죠... ||| 아니 일주일전부터 겁나 거슬리는 썸네일이 추천에 계속 떠;;; 추천 안받음 눌러도 다음날 계속 뜨네 ㄹㅇ 개짜증나서 리뷰 다보고 따봉 누르고 갑니다.",영화/애니메이션
HMgTL1x3kWE,악취로 일본을 쓸어버리는 신종 병기가 된 남자,씨네몽땅,"이 영화의 제목은 <최취병기(最臭兵器 / Stink Bomb)>입니다. 체취병기 아닙니다. 빡센TV가 씨네몽땅으로 채널 이름을 바꿨습니다. ||| 저런 눈치없는 주인공 처음봄 영환데 장거리로 암걸려 죽을듯... ||| 노진구 어른된 놈이 남주냐 ||| 자신 빼고 모두 죽었다는 점에서 웬만하면 다 자신을 의심할텐데 의심은 무슨;; 게다가 미사일 폭격하고 총알쏘는데 태연하게  ""역시 나를 찾고있는걸까나~""  이러고 다니네ㅋㅋㅋㅋ눈치없다 진짜 ||| 이거 사회풍자한 의미보고 진짜 소름이었든데;;;;;; 주인공 욕할 정도로 눈치없는 놈이란 것도 알고보니 의식 없이 그저 상부의 명령에 따르기만 하는 의미가 들어가있었다는 거........",영화/애니메이션
eDwHqEcsLOY,한국인들은 잘 모르는 프랑스 최고 흥행작,리드무비,조회수가 5만 정도만 나와도 '대박'이라고 생각했는데! 무려 10만이 넘다니요!!! 영상 봐주신 모든 분들 진심으로 감사드립니다!!! 많은 분들이 더 편하게 보실 수 있도록 자막을 추가했습니다^^ ||| 휠체어를 사다놨찌^^! 킬링포인틐ㅋㅋㅋㅋ주인공 진짜 세상 유쾌하고 연깈ㅋㅋㅋㅋㅋㅋ이번영화도 꼭 볼게욬ㅋㅋㅋㅋㅋㅋ ||| 저희아빠이야기같아요:) 아빠도우체국공무원이신데 섬으로배정받으셨거든요. 그때아빠가힘드셨을줄알고걱정했는데 아빤그곳에서굉장히잘지내셨어요ㅎㅎ 그섬에사시는중대장님이랑친해지셔서놀러다니시고낚시도즐기시고동네주민분들이랑친해지셔서게장담그는법도배우셨어요ㅎㅎ  아빠가섬에서근무하신게그때딱한번뿐인데 아빠가가장즐겁게지내신곳이아닐까해요:) 저도가봤는데아름답고따뜻한섬이었어요ㅎ ||| 정말 고맙습니다. 불어 공부하느라 영화를 찾고 있는데 이런 수작이 있었다니요. 이 기회가 없었다면 평생 몰랐을 수도 있겠지요. ||| 와 알로 슈티 영화 전문 프로그램에서 소개해준걸로 알게됐는데 정말 재밌더군요. 프랑스 영화는 보면 '아 이거 프랑스 영화구나' 하고 알게 되는것 같아요. 개그부터가 이 나라 특유의 색이 있고 다른 프랑스 영화들과 비교해보면 뭔가 비슷하다 라고 자연스럽게 느껴져서요.,영화/애니메이션
N0yaxXQW2YM,지금 나왔음 천만 찍었을 한국 코미디 영화 할렐루야ㅋㅋ 대한민국 최고의 배우 박중훈X이경영X최종원X성현아X이제니 등... 출연진 역대급!!!,캡틴라미[captain ramy],"이제 동팔이 이름만 들어도 배가 아파요!! 너무 웃겨서ㅋㅋ(이름이 '동팔'인 분들에게 죄송...) 이 영화에서는 대사가 중요합니다.  소리를 크게 해서 잘 들어 보세요!!! 드립인지, 대사인지 구분이 안됩니다ㅎㅎ 한국 영화 중 '드립 레전드 영화'ㅋㅋ ||| 이때 박중훈 전성시대였는데ㅋㅋㅋㅋㅋㅋㅋㅋㅋ 지금 봐도 재밌더라구요.ㅋㅋㅋㅋㅋ ||| 이 영화 진짜 레전드였다. 배꼽 잡고 봤던 기억이 난다. 배우님들 대단하십니다 ㅋㅋㅋㅋ ||| 와 동팔이 어디서 많이 봤는데 했는데 이경영이였어.. 졸라 고독하구만.. ||| 내 인생의 태클이 여기서 들어오나? 개인적인 할렐루야 최고의 명대사 입니다.",영화/애니메이션
Jys0--ABAss,만화 영화 애니 리뷰 대형팬더 174 🐼패트레이버 극장판 1편,대형팬더,"포커스가 나가서 안좋은 영상 보여드리는 게 죄송해서 앞부분은 XXTV라고 불리는 몇몇 유튜브들을 패러디 해본 것입니다. 기존의 대형팬더 스타일도 후반에 나오고 저희가 하는 방식이 영원히 이렇게 바뀌는 건 아니니 걱정 마세요! ||| 원래 오시이 마모루가 준비한 결말은 호바 에이지라는 사람은 처음부터 존재하지도 않았고 바벨이라는 바이러스 프로그램에 특차2과가 놀아나는 결말이었다고 합니다...아무리 옴 진리교 교주 같은 아니메교 교주님이라지만 오시이 형 그는 대체...ㅋㅋㅋㅋㅋㅋㅋ ||| 꼭 극장판 2편도 리뷰 해주세요. 어렸을 때, 개인적로 1편보다 2편을 더 재밌게 봤습니다 ㅋ 꼭 패트레이버 극장판 2편 리뷰 꼭 제작해주시기를 간절히 바라며 기다리겠습니다~!! ||| 화면 안나오는 방송ㅋㅋㅋㅋㅋㅋ 신선해서 좋네요. 페트레이버!! 오랜만에 옛날 애니가 나와서 기쁩니다ㅠㅠ ||| 이거 다시 볼 수 밖에 없잖아~~  포커스가 나가서 그런가 오늘따라 케미가 좋아보아요 ㅋㅋㅋ",영화/애니메이션
u4eWGGfGzTQ,만화 원작 영화 베스트,비플릭스,,영화/애니메이션
H3aopmficeM,SF영화 추천 리뷰 - 미래 인싸들의 대화법,리뷰하는 곰 베어무비,오오... 신박하네요 특히 평점말해주시는게 좋아요 이런 영화 소개하는 영상만 믿고 영화보면 재미없는 경우가 많습니다 근데 실제 평점을 말해주셔서 공정?하게 영화선택할 수 있을 것 같아요 말도 좀 느려서 더 메리트 있는듯 마이크만 조금 좋은 거 쓰시면 될거같아요 구독 조용히 누르고 갑니다! 그독자 많아지길 기원해요^^ ||| 팬될듯...♡,영화/애니메이션
t5dcNE9n5cg,스무살 수지를 만나게된 남자 (영화/영화 리뷰/영화 추천),지토무비,잘봣습니당 ||| 수지 진짜 이쁘다..,영화/애니메이션
I3kZXIelxOo,살면서 꼭 한번은 봐야할 이 영화 #말할 수 없는 비밀,쑴씨네,"너무 감동적인 영화였습니다. 칭이라는 이아이가 이영화에 없었다면 샤오위와 상륜이는 더 관계가 깊어졌을것이고,  앞으로도 사이가 계속좋아졌을것이지만 오해를한탓에 혼란에 빠지네요. 이건 엄청난 띵작이지만 마지막엔딩부분이 아쉬웠던 영화같아요.   솔직히 2편이나와서 그후 스토리가 나왔으면 좋겠네요. 아니면 1편에서 아예 상륜이가 과거로돌아가서 서로 알고있는사이이고 오해를풀었으면 어땟을까하네요. 언제나 이런 프리뷰 감사드리고 번창하십시요! ||| 제가 이영화를 본게 18살이었는데 10년이 지난 지금도 그때의 그감정이 떠오릅니다 단순한 슬픔이 아닌. 뭔가 형언할수없는 감정때문에 그때 이영화에 잠깐 미쳐있었어요 진짜 학창시절 엄청난 후유증을 남긴 영화  어떤 가상의 캐릭터한테 이렇게 까지 몰입해서 빠져본게 처음이자 마지막이었던거 같음 ||| 고등학생때  PMP에 넣고 10번도 더 본 기억이 있네요. 30대가 된 지금은 최근에 대만에 방문해서 촬영지도 가보았어요. 그때 그감정은 잊을수가 없네요 ||| 왜 여주 이쁘단 소리가 없냐 여주 너무 예쁘다 ㄹㅇ첫사랑 느낌... ||| 어제 눈물 펑펑 흘리면서 봤는데 어떻게 알고 알고리즘이ㅋㅋㅋ",영화/애니메이션
E7NNmXUyJuA,홀로150명을 저격한 최고의 스나이퍼를 만나 고립된 군인,홍시네마 𝘏𝘰𝘯𝘨𝘊𝘪𝘯𝘦𝘮𝘢,주바는 이라크전 당시 미 해병들 사이에 실제로 소문이 퍼졌던 저격수라고 합니다  그 모습이 신출귀몰하여 유령으로도 불렸다고 합니다 실제로 해병들의 전우애를 이용하여 함정에 빠트렸다고 하네요.. 영화에서는 35명이라고 하지만 실제 공식적으론 미군 140-150명이라고 합니다   [홍시네마 구독] : https://www.youtube.com/channel/UCtwxuughKbSAV0e4bnz4ORg?sub_confirmation=1  [홍스타그램] : https://www.instagram.com/hong_cinema/ ||| 0:11 ㅈㄴ 웃기네 ㅋㅋㅋㅋㅋㅋ 틱하 틱하 ||| 4:43 아이씨 여기에 있었는데.. ||| 이거 진짜 꼭보세요 완전 제한된 장소에서 이 분량을 뽑아내는데 전혀 지루하지가 않고 엄청 자밌다고 느낀  몇 안 되는 영화중 하나입니다 ㅋㅋㅋㅋㅋ ||| 0:43 기여워ㅎㅋㅎㅋ,영화/애니메이션
Aau5B1zw2v0,사람은 말야 상상력이 있어서 비겁해지는 거래  ( 올드보이 ) 1부 스토리편,리우군의 다락방,"아무도 언급을 안 하는데 “아저씨가 내가 내가 갈테니까 기다려” 이 대사는 처음 딸에게 경찰서에서 “아빠가 내가 내가 선물 사들고 갈게”라는 대사의 복선. 자신의 딸이라는 것을 안 뒤 15년 전의 딸에게 하던 말투 ||| ""왜 가뒀냐가 아니라, 왜 풀어줬냐는 말이야"" 진짜 이 대사 들을때 소름끼쳤었는데.. ||| 16:23 제일 좋아하는 파트 오달수 웃음기 사라지고 눈빛에 살기 들어가는데 와.. ||| 유지태 목소리 진짜 영화보는내내 귀호강이였다 ||| “모래알이든 바위든 물에 가라앉기는 마찬가지야” 무거운 죄든 가벼운 죄든 똑같은 죄라는 본질은 다를 바 없다. 중학생때 우연히 본 영화였는데 몇번 돌려보다가 오랜만에 다시 접하네요~ 잘봤습니다",영화/애니메이션
dwaFDMRg9os,내 눈에 흙이 들어가도 이렇게 회사는 못 팔아! -영화 속 명장면,비플릭스,,영화/애니메이션
MK1l7BZP4SQ,멘탈 붕괴되는 공포영화 추천 5편!! | 당민리뷰,당민리뷰,"기발한 아이디어의 호러 영화 추천작 예고편은 하기 링크를 참고하세요ㅎㅎ  패트릭 브라이스의 크립 : https://www.youtube.com/watch?v=Gp7tBypjwDo 저먼 앵스트 : https://www.youtube.com/watch?v=zULxPRkAwck VHS2 : https://www.youtube.com/watch?v=63Tv0lhD1fw ABC of Death : https://www.youtube.com/watch?v=rIHmP9XO4KA 라이브TV : https://www.youtube.com/watch?v=K3AnescLLKQ  즐거운 주말 되세요 :) ||| 오 진심 락 좋아하시고 공포물좋아하시고...저랑 취향이 굉장히 잘맞아요 ㅎ ||| 스릴러 영화를 침착하게, 어둡게, 진지하게 설명하시니, 저도 모르게 진지하게 보게 됩니닼ㅋㅋㅋ ||| 도입부 보고 마터스나 비슷한 방향으로 추천 할줄알았는데 더 깊게 들어가네 .. 진짜 매니아들을 위한 추천이군요 일반 대중들이 봤을때 쓰레기 영화라고 평가받기 딱 좋은 ..  잘보겠습니다 ||| 여기리뷰보고 라이브tv봤어요 재미있네요 ㅎㅎㅎ잔인하다해서 긴장하고 봤는데 그닥 잔인하진않았어요 ㅋ잔인한건안좋아해서  공포 락 좋아합니다 ㅎㅎㅎ 추천해주신거 다 볼려구요😊",영화/애니메이션
GWAASWkiRzA,외계인의 장난감이 된 인간들,씨네몽땅,이 영상에서 여성의 가슴을 가린 이유는 그러지 않으면 누군가 영상을 신고하기 때문입니다. 예전에 다른 영상에서 비슷한 일로 그런 신고를 당해서 영상이 19세용으로 전환된 적이 있었습니다. 그래서 부랴부랴 모자이크를 해서 가리고 유튜브에 이 영상은 선정적인 목적으로 만들어지지 않았으며 모자이크로 가렸으니 풀어달라고 이의제기를 해서 풀렸었고요. 그러다보니 유튜브에 업로드하는 영상인 이상 가릴 수 밖에 없겠다고 판단했습니다.  가슴이 나와봤자 실사도 아니고 아주 조금 노출되는 정도인데도 불편해하시는 분들이 계시고 어디어디 가슴이 나왔다고 지적하시는 분들도 계십니다. 또 어떤 분들은 가슴을 왜 가리냐고 불편해하시고요. 저희 입장에서는 가슴을 왜 가렸냐... 왜 안가렸냐... 두 가지 이야기를 양쪽에서 듣고 있는 것이에요. 이 부분에 대해서는 서로 이해해주셨으면 좋겠습니다. ||| 와 미쳤다....1973년도 작이라니................. 엄청나다 진짜....난 올해나는건줄 알았는데............... ||| 정말 미안하지만 이영상을 봐도 집에 있는 바퀴벌레 만큼은 한치의 양심 없이 이프킬라 뿌리곤 한다. ||| 트라그인이 하는 행동보고 너무 기괴하고 무섭다.. 라고 생각했는데 우리 사람들이 동물들에게 하는 행동과 비슷해서 더 소름이네요.. ||| 너무 기괴하다...내 정신이 멍해지는느낌..그냥 영화분위기가 너무 기괴하고 생김새도 꿈에나올꺼같음...진짜 너무 무섭다 ㅠㅠㅠㅠㅠㅠㅠㅠㅠㅠㅠㅠ엄마 ㅠㅠㅠㅠ,영화/애니메이션
_RWhnozbGYo,'어느 가족' 절찬상영중,티티팡팡 TTPP,제발 재개봉좀 해주세요ㅜㅜ ||| 와.. ||| 내일태풍옴 ||| 주작아님  탕!탕!탕! ||| 야 174등이다.,영화/애니메이션
ixWQ4IZsheA,샬롯은 로리타에 대한 험버트의 욕망을 알게되는데! ☆ 영화 속 명장면,비플릭스,,영화/애니메이션
zm6M6qm8GTQ,레디 플레이어 원에 숨겨져 있는 비밀｜영화추천 | 영화리뷰,썰타래,"▼직접 유튜브로 2년동안 6400만 원 벌은 방법▼ https://kmong.com/gig/402898 ||| 여러분 재미있게 보셨나요? 저희도 개인적으로 너무나 기대되는 개봉예정작이랍니다! 여러 작품의 많은 캐릭터들이 나오는데 여러분은 어떤 캐릭터가 제일 기대되시나요?!  댓글에 여러분들의 캐릭터를 써주세요~! 재미있게 보셨다면 구독과 좋아요,알림 부탁드립니다!  여러분 채널명이 바뀌어서 놀라셨죠?!  고민 끝에 메뉴팩토리가 ""썰타래"" 로 새롭게 단장했습니다!  더욱 양질의 컨텐츠로 찾아뵙기 위해 바꾼 것이니 양해 부탁드립니다!  영상에 '메뉴팩토리'라고 나와도 저희는 바뀐게 아니니 걱정마세요!  많은 응원과 격려 부탁드립니다! (걱정안하실거 알지만) ||| 네",영화/애니메이션
NmVudU9EDns,코 골면 죽는 영화 | 콰이어트 플레이스 | 영화추천 | 영화리뷰,썰타래,"▼직접 유튜브로 2년동안 6400만 원 벌은 방법▼ https://kmong.com/gig/402898 ||| 제목 센슼ㅋㅋㅋㅋㅋㅋ오늘 봤는데 영화 잘 만들었더라구요.. ||| 마지막이 너무허무합니다 ||| 저 와중에도 사랑을 나누는거 보면 역시 인간은 대단하다라고 생각하는데 신음소리도 안내고 했다는건가..? ||| 저희도 영화 속 주인공들처럼 영화에 빠져들어 숨죽이고 봤는데요, 여러분들은 어떠셨나요? 코골면 죽는 영화 [콰이어트 플레이스]였습니다.  여러분 채널명이 바뀌어서 놀라셨죠?!  고민 끝에 메뉴팩토리가 ""썰타래"" 로 새롭게 단장했습니다!  더욱 양질의 컨텐츠로 찾아뵙기 위해 바꾼 것이니 양해 부탁드립니다!  영상에 '메뉴팩토리'라고 나와도 저희는 바뀐게 아니니 걱정마세요!  많은 응원과 격려 부탁드립니다! (걱정안하실거 알지만)",영화/애니메이션
3tcnmktOc3A,만화 영화 애니 리뷰 대형팬더 152 🐼내 이야기!!,대형팬더,이것도 재밌었어요 근데 남자분들 너무 희망가지지 마세요 저기 남주는 키크고 근육질에다가 착하구 운동하니까 이쁜 여친있는거예요 다들 화이팅!! ||| 외모는 내 이야기 연애는 네 이야기 ||| 내가 본 순정 중에 진짜 손에 꼽음ㅜㅜㅜ ㅠ ㅜㅜㅜㅜㅜㅜㅜ  순정만화 많이 안 보는 편인데 ㅜㅠ 너에게 닿기를 이랑 이건 몇 번 정주행해도 좋을 애니임ㅜㅜ 따뜻하고 사랑스럽고 좋아ㅜㅜ ||| 이 영상보고 내 이야기 만화를 정주행 했는데...와...완전 정화된 느낌이었습니다 ||| 이거 진짜 갓-힐링 애니 초달달ㄹ 완전 좋아여ㅠㅠㅠㅠㅠㅠㅠ 캐릭터들 개성도 최고구ㅠㅠㅠ,영화/애니메이션
8dUSSpRYFgs,좀비 영화 보기 좋은 날! 봄맞이 좀비영화 세편,비플릭스,앙무서워,영화/애니메이션
YmuEmCO7L-o,영화소개&리뷰 l 어른과 아이 모두를 위한 한 편의 잔혹동화(일루셔니스트) l Movie Tree,무비트리(Movie Tree),"많은 생각을 하게 만드는 영화네요. 리뷰 잘 봤습니다. ||| 10년 전에 어머니랑 같이 영화관에서 봤었는데, 토끼믈 놓아주고 돌아가는 걸 토끼가 지켜보는 장면이 슬펐던 기억이 나네요 ||| 오늘 처음보는 영상인데 목소리도 좋으시네요 ASMR 영상인줄 알았습니다~ㅋㅋ 영상보고 놀러올께요~~ ||| 마술사 일루셔니스트 이은결이 문뜩?! 생각나네요 ㅋㅋ 애니메이션 연출이 클래식하니 정감가서 좋네요! ||| 자본주의 라는 역사속에서 늙은이를 숙주삼아 젊은이는 생존하는 서글픈 현실을 보여주는 영화네요. 저출산이 왜 대세인지 문득 깨닫습니다.",영화/애니메이션
FzL93qWEerA,[영화걸작선] 67회 - 독전 걸작선 디렉터스 컷 (스포일러 리뷰),거의없다,"편에 편을 거듭할수록 더욱 비판이 신랄해 지시네요ㅋㅋㅋ 곱씹으면 곱씹을수록 더 걸작인 영화인가 봅니다 정말 거의없다님이 빡칠수록 재밌어지는 걸작선.... ||| 이 형님은 저작권 신고 먹은게 빡치신게 아니고 영화 못만든 주제에 별 시덥잖은 꼼수들 부리면서 관객수 늘려보고 돈 더 벌어보겠다는 수작질에 열받은 거임 ㅋㅋㅋ 영화 못만든 것도 열받고 ㅋㅋ ||| 거의없다님이 간과하신 것이 하나 있습니다. 이 영화는 치열한 두뇌싸움 영화입니다. 영화 초반부터 이 선생이 누구인지 알고 있는 뇌와 애써 무시하려고 하는 뇌의 치열한 싸움이죠 ||| 이 분 좋아하는 이유 중 하나가 여성,장애인 등의 캐릭터 도구적으로 활용되는 거 지적해주시는 점인데 한남ㅋㅋㅋㅋㅋㅋㅋㅋㅋㅋㅋㅋ어떻게 생각하면 그런 결론이? ||| 근데 진짜 추하다ㅋㅋㅋㅋ 자기 영화 비판했다고 영상 내리라는 배급사,홍보팀 수준ㅋㅋㅋㅋㅋㅋㅋㅋ",영화/애니메이션
hRBybyxXo44,만화 영화 애니 리뷰 대형팬더 157 🐼메갈로 복스,대형팬더,작품의 제목과 상관없는 단체나 그 단체에 대한 표현을 댓글로 다시면 임의적으로 삭제 혹은 신고가 들어갈 수 있으니 주의해주세요. ||| 내 최애 애니 리뷰 한다고 왔는데 편집자분 편집이 너무 센스 있어서 웃고 감요 ㅎㅎ ||| 12화까지 봤는데 아직까지 이런작품이 멋있다 ||| 이번편도 잘봤습니다! 정ㅋ님 편집실력이 나날이 늘어가시는데요ㅋㅋㅋㅋ ||| 오 요즘 한창 재미있게 보고있던걸 해주시네,영화/애니메이션
CyWuApHj9Ww,"유전(Hereditary, 2018)/10가지 복선 & 영화 해석",에이컷 티비 [A-CUT TV],"첨볼땐 몰랐는데 이 영상 보고나니 떡밥,복선 각각 하나씩마다 매우 치밀하게 짜여진 엄청난 작품이였네... ||| 초반: 컨저링같은 영화인가 중반: 아 이런 류의 영화였어? 후반: 아니네ㅅㅂ ||| 영화 중간에 피터가 때때로 정신을 차리는 장면이 나옵니다. 피터는 혼란스러워질 때면 스스로 깨어나려고 합니다. 찰리를 잃은 데에 책임이 있지만, 영화내내 엄마의 감정적이며 소름끼치는 행동에 저항하는 모습, 귀신을 부른 엄마와 주위에서 일어나는 일들을 부정하고 그만하라고 말리는 모습, 학교에서 빙의되었을 때, 자해를 해서 깨어나는 모습, 후반부 영적 기운이 자신을 홀리려고 할 때 뺨을 때려 정신을 차리는 모습.  묘사되는 것과 달리 피터는 정신적으로 아주 강력하며, 엄마의 죽은 오빠보다도 강한 정신력의 소유자로 보여집니다.   이후 극후반부 붉게 변했던 피터의 눈이 엔딩으로 다가갈수록 다시 본래의 빛을 찾습니다.  모종의 이유로 피터가 자신을 되찾고 정신을 차린 것으로 해석되며 그 증거로 자신에게 절하는 주위 사람과 목 없는 시체를 황망한 표정으로 바라보는 피터가 있습니다.   즉, 영매가 주축인 사이비 교단은 대악마인 파이몬 소환과 같은 영적인 위업이 목적이지만 결국 실패하게 됩니다.  이는 영매로서 악령이나 사람을 저주해 불행을 겪게 할 수는 있지만 파이몬이라는 악마가 애초에 허구의 존재이거나, 의식이 실패했다는 뜻입니다.  영화에서 이전에 대악마가 소환되었다거나 하는 것이 없고, 영적인 기적에 집착하는 사이비의 특성상 애초에 그럴싸한 허구의 소환 의식을 한 것이 아닌가 합니다. ||| 가인적으로는 마지막에 피터의 눈빛과 어리둥절해 하는 모습으로 봤을 때 파이몬이 피터를 완벽하게 가진 것 같진 않네요 ||| 찰리 자체가 파이몬이었던것 같음 동물에 목을 베어 간직하는 선천적 악함을 타고남  마지막에 어리둥절해하는 피터에 몸에는 찰리의 영혼이 들어온것이고 찰리로 부른 후 호칭을 변경하는것도 영화의 킬포라고 생각함 (원래부터 찰리=파이몬 이었다는 사실을 알려줌)",영화/애니메이션
1VWao9w17aQ,만화 영화 애니 리뷰 대형팬더 168 🐼살육의 천사,대형팬더,"이 싸이코 저 싸이코 요 싸이코 부분에서 터졌어욬ㅋㅋㅋㅋㅋㅋㅋㅋㅋ싸이코들의 향현이라니 나중에 봐야겟네염ㅋㅋㅋㅋ ||| 살육의천사 특징) 등장인물중에 정상인이 없음 ||| 이미 게임 나왔을 때부터 쭉 좋아했던 작품이라 소설, 만화에 이어 애니메이션 되었다고 했을 때 굉장히 기쁘네요! 바뀐 연출도 생각보다 스킵에 부족한 부분을 보충해서 표현한 게 좋고 특히 잭 성우분 미친 듯이 웃는 게 좋습니다~ ||| 그때부터였어요 제가 살인마에게 사랑에 빠졌던게 ||| 이제 곧 엄청난 스토리가 진행될 거라.. 너무 기대중입니다ㅜㅜ♡♡ 살육의 천사 너무 좋아요ㅜㅜ♡♡",영화/애니메이션
Zh_FYneU7m0,타란티노가 극찬한 바로 그 영화  죽음의 다섯손가락,비플릭스,"정창화 감독입니다. 전미 박스오피스 1등에 빛나는 ||| 장철감독님의추억의명작,♡ ||| 샤이닝 핑거~😂",영화/애니메이션
jU0UNKQAyOQ,[너의 췌장을 먹고 싶어] 애니메이션 메인 예고편,미디어캐슬,이거 보고 개울었다..ㅠㅠ ||| 이 명작을 이제 보다니....묻지마 살인 개샊... ||| 이 띵작을 이제 알아채다니ㅠㅠㅠ 묻지마 살인마 개샊ㄲ 감독님ㅠㅠㅠ 해피엔딩으로도 만들어주세요 ㅠㅠㅠ 이거 보고 후반부에 울면서 봄 ㅠㅠ ||| 막장더빙하면 너희 미국갈거다. ||| 첨으로 영화(애니)로 울었음 작년에 한번보고 오늘 다시 봤는데 작년만큼은 아니여도 펑펑 울었음 재밌으니깐 시간 나면 한번쯤은 보세요,영화/애니메이션
GhDMZ4t5bYo,몰래 짝사랑 그리다 대박난 소년 (영화리뷰),욱크라테스,이런 느낌의 일본 영화는 싹 다 '고마츠 나나'가 나오네 ㅋㅋ ||| 천재는 자신이 feel을 받을 때 자신을 망가뜨리면서도 일을 한다. ||| 고마츠 나나 이 배우는 전생에 나라를 구했나?여러 사람들과 로맨스를 하는 영화에 계속 나옴 ||| 와 실제 원고 퀄리티 장난 없네 ||| 한때 만화가 지망생으로 저 고등학생들이 너무 대단해 보이네요,영화/애니메이션
fxF65LuwBgc,이 여자가 살아 남는 법 ( 트라이앵글 ) 2부 해석편,리우군의 다락방,"끝까지 기다리시면 담주 예고편이 나옵니다. 아직 모르시는 분이 많은 것 같아서! ||| 멋있는 해석입니다... 단순한 루프물이 아닌 사회의 문제가 담겨진 영화라.... ||| 죄책감, 후회, 미안함이란 굴레에서 벗어나도 된다는 말이 참 감동적입니다... 인간심리에 일가견있는 감독의 작품같아요 정성스런 영상 잘 봤습니다 결론부분 음악에 또 푹 빠지네요~~^^ ||| 여지껏 삽입곡에 대해 어디서 이런 멋진 노래를 들고오셨나 궁금했는데 직접 작곡하신거라니 정말 놀랐습니다. 한국 최고의 영화라고 평가받는 올드보이, 리우님만의 독특하고 깊은 리뷰잉을 기대합니다 ||| 맘아픈영화..다시보게되네요.제겐아픈조카가있는데..매일화내고매일울고매번후회하고 가슴아파하는..언니의그런모습보면  많이아픕니다. 언제끝날까요.... 영화잘봤습니다.고맙습니다.",영화/애니메이션
pqZciXzAKyg,어른들도 울게만들었던 짱구 명장면,세깝이,"0:55 아들의 아이가 찾아오니..말없이 묵묵하게 떠나가는 부모의 모습..사랑하는 자식을 곁에 두고 싶지만 또 보내줘야하는 부모 마음... ||| 신형만의 발냄새를 맡고 꺄르륵 좋아하는 아이들의 모습이 너무 와닿는다..  본인의 헌신과 희생을 아이들의 웃음과 맞바꾸는 걸 보여주는 것 같애.. ||| 요즘 짱구는 재미만 있지만 옛날 짱구는 낭만이 있다. ||| 그냥 저 말이 너무 슬프다.  “ 말도 안돼, 나처럼 어린애가 무슨 아빠라는거야. “ ||| 어릴땐 애들 시점에서 보는 그저 재밌는 짱구였는데 이젠 신형만의 시점으로 보이니 재미보단 감동이 더욱 크게 와닿음 하...눈물 ㅈㄴ고인다",영화/애니메이션
MTYBXlBB7zA,[더빙] 데스노트 속 가장 소름돋는 죽음,녹음하는황룡이,"옛날 옛적 마이크 처음 샀을 때 올린 더빙이라 많이 어색해요 양해해줘요 헤헤헤 ||| 연출도 너무 완벽함 필요한 순간에 긴장을 터트려주면서 단순 존속을 위해 살인을 하는 걸 넘어 그 자체에도 쾌감을 느끼는 악마로 변모하는 라이토를 너무나도 잘 보여줌 ||| 이 장면 진짜.... 보는데 긴장감 ㄹㅈㄷ였는데 존나 쫄리더라ㅋㅋㅋㅋ 소름 쫙 돋음 ||| 스스로 교수대 올라가는 연출이 진짜 미친것 같음 ||| 라이토 말빨이 진짜 오짐..  아니 이건 작가 가 대사,상황 을 너무 소름돋게 해버렸어",영화/애니메이션
1abUS8PO5OQ,[더빙] 한 번 하자♡,녹음하는황룡이,바지를 벗고 들어왔지만....다시 올리겠습니다 ||| 마음..버리면 행복해져요 뭐 임 ㅋㅋㅋ ||| 일단 교무실에 아무도 없는게 말이 안돼 누구 한명은 꼭계시는데 ㅋㄱㄱㄲ ||| ㅋㅋㅋㅋㅋㅋ 오진다 마지막 ||| 마음을 비우면 행복해져요ㅋㅋㅋ뭐라는거얔ㅋㅋ,영화/애니메이션
ui3JhRnIXYo,[기생수] 기생수 세계관 최강 생명체 ;;,빛밝은,'쫓아가'는 진짜 무슨 생각이지 ||| 저 피범벅을 만든 미친놈을 쫒아가는 민간인도 레전드네 ||| 저 웃는 눈으로 하나씩 조지고 있네 ㅋㅋㅋ ||| 산탄총 소총탄으로도 안죽는데 그 먼지만한 권총탄으로 죽일 생각을 하다니.... ||| 헬창실눈캐 개좋아,영화/애니메이션
LBE5H5e95cI,"은혼2: 규칙은 깨라고 있는 것,오구리 슌, 스다 마사키, 하시모토 칸나, 야기라 유야, 미우라 하루마",문화예술의전당,1:02 한 번 숨고르는 걸로 감정표현 한껏 끌어올리는 거 진짜 몇 번을 봐도 예술이네 ㅋㅋㅋ ||| 트위터에서 일년에 한번씩 ㄹㅇ 저렇게 싸움 투디랑 돌판이랑 ||| 柳楽優弥の目合わせられない伏し目がちなオタク演技上手すぎてつらい（オタク並感） ||| 신파치 캐스팅은 진짜 미쳤닼ㅋㅋ 너무 잘뽑았엌ㅋㅋ ||| 스다는얼굴도 얼굴이지만 연기를잘해서 일본20대탑배우가된것임  진짜 스다연기잘해,영화/애니메이션
G8HugDKC4Kk,바람의 검심 : 교토 대화재편 명장면2,정대원,"진짜류노스케 선한 얼굴 뒤에 감춘 악을 너무 잘표현함 ||| 만화를 실사화 할때, 주인공의 시그니처라 표현되는 특정 이미지만 대표로 구현하고 나머지는 실사에 맞게, 영화에 맞게 잘 녹여 제작하는 것이 좋음을 보여준 영화 ||| 기대 안하고 봤다가 주연 배우가 원작이랑 너무 찰떡이라 실사화 영화중에 유일하게 끝까지 다 본 영화ㅋㅋ ||| 의외로 실사화에 성공한 만화 ㅋㅋㅋㅋㅋㅋ ||| 만화 원작이어서 액션씬이 어떨가 궁금했는데, 되게 잘 만들었네 ㄷㄷ",영화/애니메이션
Nc5peC_g-mg,[김씨표류기] 명장면 짜장면 짜파게티,새한,"느낌이 어떨까...어떤 생각이 들까.... 죽으려고했던 사람이 고작 짜파게티 하나로 살아갈 목표가 생기고 직접 재배해서 만들고 먹기까지 오랜시간이 걸렸는데... 많은 생각과 감정이 눈물로밖엔 표현안될듯.... ||| 저 차림으로 저런 세트에 카메라 다 있는데서 짜장면 비비다가 눈물연기 하는 저 배우님을 존경한다 ||| 사회에서 스스로 이루지못한게 많지만, 사회에서 벗어나 소소한 목표를 스스로의 능력으로 이루어내는 감동이 벅차올라 눈물흘리는 연기😢 ||| 사람이 진짜 정신적으로 지치고 힘들다 저렇게 감정이 복받쳐 눈물이 터질때, 진짜 저렇게 펑펑 우는데.. 연기력이 대단하다 ||| 이건 ㄹㅇ갑자기 유튜브 목록에 뜰때가 있는데 그때마다 꼭 봄, 이 영상 보면 뭔가 힐링되고 쾌감도느껴지고 막그럼 10번 가까인 본거같아 몇년동안,,",영화/애니메이션
JwddF2Ol5iI,"세계 최장거리 10,089m 저격수 (10km 저격하는법)",POWER MOVIE,이 아름다운 영상은 남과북 13.5화 입니다! Secret video 1 - https://youtu.be/sa-8KRYq2kA Secret video 2 - https://youtu.be/IYiFrGFThLQ Secret video 3 - https://youtu.be/SiseJ3CGEo0 Secret video 4 - https://youtu.be/xn0UFVM3wLA Secret video 5 - https://youtu.be/qcrc9DikWQk Secret video 6 - https://youtu.be/Y4SrR71ZSIw Secret video 7 - https://youtu.be/qeTnBLG-hGQ Secret video 8 - https://youtu.be/4TCjHyNHbn4  2018 마지막 작품입니다 :) 파워무비 한 해 즐겨봐주신 모든 분들 고맙습니다! ||| 아니 왜 아무도 처음에 뉴스에서 서성윤이 드라마에서 지나가는 시민1역으로 사랑받았다는거 개웃긴데 언급안하냐 ㅋㅌㅋㅌㅋㅋㅋㅋㄱㅋㄱㄱㅋㅋㅋㅋㅋ 주인공도 아니고 지나가는 시민 ㅋㅋㅋㄱㄷㄲㅌㄱㅋㄱㅋㄱㅋㅋㅋㅋ ㅋㅋ개웃기네 ㅋㅋㅋㅋㄷㅋㄷㅋㅋㅋ ||| 0:34 도대체 왜 그딴 역으로 사랑받앜ㅋㅋ ||| 지나가는 시민 1 역으로는 어떻게 사랑을 받는건데 ㅋㅋ ||| 0:30초에 저거 왜 지나가는 시민1 역할인데 큰사랑을 받냐곸ㅋㅋㅋ,영화/애니메이션
VdcJXfvAflU,"언더독(Underdog) - 티저 예고편 (2019) Movie 애니,한국 영화예고편",편고예화영 Movie Trailers,예고편에 들어간 음악제목을 알 수 있을까요??,영화/애니메이션
jLUWEiWWi50,"[SF스릴러] 잠들면 감염되는 바이러스, 감정을 보이는 순간 당한다!",스카라,죄송하지만 반 정도 영상 보다가 영화보러갑니다 진짜 영화보고싶게 만드는 리뷰.. ||| 감염자들 무표정 눈빛 진짜 섬뜩하다... 표현력 개쩌는듯 ||| 니콜 키드먼 너무 예뻐.. ||| 니콜키드먼과 함께 도망다니는 느낌이었음. 스릴 굿 ||| 니콜이 너무 이쁘네요~♡,영화/애니메이션
D1sgXXuMLJc,"애니 너무 좋은 노래 : 그날 본 꽃의 이름을 우리는 아직 모른다(아노하나) OST Secret Base 〜君がくれたもの〜 (~네가 준 것~) 원본, 가사, 상세 설명",Foxs Father,솔직히 안 울수가 없을정도로 빌드업이 크긴했어 ||| 이 애니를 보며 느꼈었다. 이별할때는 제대로 해야 한다는 걸. 어른이 되어서도 아직 제대로 이별하기란 어렵지만 말이지.. ||| 볼때마다 눈에서 땀이나는 전설의 애니 ㅠㅠ아니 빌드업에 노래까지 눈에서 땀이 차오른다 진자 ㅠㅠ ||| 진짜 들을때마다 우는구나 ||| 노래 자체가 좋긴 하지만 난 왜 노래 가사에 마음이 더 와닿냐,영화/애니메이션
UKupK7NYr9o,김성균 vs 마동석 [총몇명의 반전시네마_이웃사람],총몇명,0:40 아닠ㅋㅋㅋㅋㅋㅋㅋㅋㅋㅋㅋㅋ마동석오빸ㅋㅋㅋㅋㅋㅋ왜 팔을 차에 두고 내려욬ㅋㅋㅋㅋㅋㅋㅋㅋㅋㅋㅋㅋㅋㅋㅋㅋ ||| 0:39 팔 짤리는거 나만봄??ㅋㅋㅋㅋ ||| ㅋㅋㅋㅋㅋㅋㅋㅋㅋㅋㅋㅋ 진짜 어이가없게 웃기네 ||| 0:25 왜 주차장에서 노숙을 해 ㅋㅋㅋㅋ ||| 0:26 거기서 주무시면 감기걸려요,영화/애니메이션
-sM8Jrcbxdc,Hereditary - Annie's Possessed Scene (Part One | 1080p),LUCAS RENTON,"Her banging her head on the ceiling is one of the most chilling, unnerving visuals in horror cinema. ||| It really must be said. Seeing a possessed mother on the ceiling banging her head at an inhuman rate is fucking terrifying. ||| God, the stuff Peter had to go through. Starting off the movie as a normal teenage guy, then became a little boy crying for his mommy. ""Mommy, mommy please I'm begging you."" It's so unsettling. ||| The head-banging was the scariest thing I’ve seen on screen in years. ||| I still can’t get over the fact this was the director’s first feature length film and within the same year makes Midsommar. He’s my age and already a master. Even Martin Scorsese acknowledged that in an interview. The ultimate compliment.",영화/애니메이션
zIrO5vUfrag,[ 해리포터 ] 죽음의 성물 속 삼형제 이야기,포터헤드POTTERHEAD,"이야기 속의 이야기마저 명작.. 롤링은 대체...천재다 진짜... ||| 초창기에 나왔던 별로 중요해 보이지 않났던 투명망토 복선을 최후반에 회수함 ||| 엠마 목소리 어쩔..💜 ||| 저런 영상편집효과?너무 좋다 ||| 진짜 롤링 개소름이다 죽음의 성물 3개를 모두 얻으면 죽음의 지배자가 된다고 했는데 딱총나무 지팡이:상대를 죽임 부활의 돌:사람을 살림 투명망토:죽음을 피함 3개를 모두 얻으면 사람을 죽이고, 살리고, 죽지 않게 되서 죽음의 지배자가 된다는ㄷㄷㄷ",영화/애니메이션
1C2660lN2Z0,나한테 여친이 생기면 니가 외톨이가 되잖아  - 영화 속 명대사,비플릭스,또다른 관전포인트는 마코토 공 받기쉽게 일부러 계속 중앙으로 던져주는 고스케 흑ㅠ 마코토는 한발짝도 안움직이고 공받음 ||| 나..한테 여친..이 생.....기면 네가 외톨이...가 되잖아.......메모 ||| 이거 거의 반고백아님...?? ||| 치아키도 좋지만 고스케도 참 좋았죠 의리있고 착하고 ||| 친구들이랑 시달소보고 모두가 치아키에 빠져있을 때 난 저 감자캐를 놓지 못했지...고스케 존나 좋아ㅠ,영화/애니메이션
qyXiAfKrHqg,미국이 위대한 이유? (뉴스룸 명장면),왓챠,"어후... 7년 전 드라마의 스크립트 인데, 지금의 미국을 보니 더 스며드는거 같음 ||| 그리고 그들은 트럼프를 미국 대표로 앉히는데 성공했다. ||| 이 부분이 정말 너무 인상적이라서 대본 전체를 통째로 외운 적이 있었는데 진짜 저 많고 긴 대사를 저렇게 자연스럽게 내뱉는 게 너무 대단했음 ||| 내가 이 장면에 반해서 전 시즌 정주행 세 번을 넘게 했지.. ||| "" 아돈노우 왓더퍽아유토킹어바웃 ""할때 억양진짜 오진다 ㅋㅋㅋ 거의 랩수준",영화/애니메이션
rAzk2UUHEoI,[소지섭X임수정] 미안하다 사랑한다 환생 상플 뮤비,귤쟁이,"This video combines the contents of two dramas. Actually, it's not really, it's a story I made. I hope they will work together someday.....T.T ||| 임수정은 뭔가 그시대를 그리워하게 하는 감성을 지닌 외모같다... ||| 미사세대는 소지섭 임수정 눈의 꽃 브금 깔리면 바로 수도꼭지 열림 ㅠㅠㅠ ||| 하...진짜 미사 환생편 같은거 나오면 진짜진짜 좋을듯 ....미사 솔직히 너무 슬퍼요오오ㅠ 모든 등장인물 모두가ㅠㅜㅠ 환생편 나와서 무혁과은채가 서로 마음껏 사랑하면서 행복해하는 모습을 보고싶네요ㅠㅜ ||| 방송국에서 안데려가고 뭐하나 싶은 편집실력..",영화/애니메이션
7z5zUoeemP8,싸이코패스의 꿈속에 들어간 사람들 (기괴함 주의),홍시네마 𝘏𝘰𝘯𝘨𝘊𝘪𝘯𝘦𝘮𝘢,"오타 죄송합니다! 4:43 = 스티거X 스타거=O  오늘도 찾아주셔서 감사합니다! 이제 7월도 끝을 보이고있습니다! 저도 어디 가긴 가야하는데 나가면 죄다 커플알콩달콩이라...  저랑 놀러가실분.... ㅠㅠㅠㅠㅠㅠ 주말 마무리 잘하시구요! 더위 안먹게 조심하면서 노셔야해요!! 감사합니다 ♥ ||| 대놓고 무서운것보다 이런 기괴한게 더 섬뜩해 ||| 드디어 제트라우마를 찾았네요. 8살때 우연히 아빠가 티비로 이 영화를 보는 걸 봤습니다. 저도 같이 봤는데... 형사 배째서 창자를 거는 장면, 온몸에 고리를 걸고 천장 쇠사슬에 매달리는 장면은 아직까지도 잊혀지지않고 제 머리속에 박혀있었죠... 한동안 엄청 무서워했었죠...진짜 부모님들 애들 옆에두고 무서운것좀 보지마요. 평생 기억에 남습니다...더이상 무섭지는 않지만, 몇십년이 지나도 이 영화는 제머리속에 박혀있을 것이고 그 공포를 이겨내기까지 ㅈ나 긴 시간 걸립니다. 지울수가없어요...8살이후로부터 거의 스무년이 지난 지금까지도 그 장면을. 이영화 8살때보면 진짜 무섭고 정신병걸리는 줄 어우 ||| 저 영상에서 나온 괴기스러움은..학대당하며 느끼는 실제공포감의 반의 반도 안되겠죠... ||| 아니 일주일전부터 겁나 거슬리는 썸네일이 추천에 계속 떠;;; 추천 안받음 눌러도 다음날 계속 뜨네 ㄹㅇ 개짜증나서 리뷰 다보고 따봉 누르고 갑니다.",영화/애니메이션
T5Ud5aK7HcU,[병맛더빙] 기영이 학교생활,키에커,경주를 영주라고 해버렸네     넌 오늘부터 영주다 ||| 선생님 애들 농락하네ㅋㅋㅋ ||| 엌ㅋㅋㅋㅋㅋ 이번꺼 개레전드다 개웃곀ㅋㅋㅋㅋㅋㅋㅋㅋㅋㅋㅋㅋㅋㅋㅋ 기영이 말 왤케잘허냐ㅋㅋㅋ???? ||| 2025년에 보는 사람? ||| 솔직히 기영이천재넼ㅋㅋ,영화/애니메이션
UI32f7grkkk,마피아 - 첫번째 밤,장삐쭈,"근데 진짜 마피아가 레전드였지 개그를 중심으로 하던 채널에서 개그도 잡고 스토리도 잡고 조회수도 잡고 난 마피아 편 너무 좋아함 ||| 세번째밤까지보고 다시보는데 저 탐정은 천재입니다 ||| ㅋㅋㅋㅋㅋㅋㅋㅋㅋ아나ㅋㅋㅋ진짜ㅋㅋㅋㅋㅋ어김없이 이번에도 나온 만수형님ㅋㅋㅋㅋㅋㅋ독고만수ㅋㅋㅋㅋㅋㅋㅋㅋㅋㅋㅋㅋㅋ한번 출연해주세요!!!ㅋㅋㅋㅋㅋㅋㅋㅋㅋㅋㅋㅋㅋㅋㅋㅋㅋㅋㅋㅋㅋㅋㅋㅋㅋㅋㅋㅋㅋㅋㅋㅋㅋㅋㅋㅋㅋㅋㅋㅋㅋㅋㅋㅋㅋㅋㅋㅋㅋㅋㅋㅋㅋㅋㅋㅋㅋㅋㅋㅋㅋㅋㅋㅋㅋㅋㅋㅋㅋㅋ ||| ㅇㄱㄹㅇ 현실반영이네 ㅋㅋㅋㅋ 마피아하면 뻘소리하는 사람, 몰아가는 사람, 역으로 모는 사람, 우왕좌왕하는 사람, 헛추리하는 사람, 말빨로 버티는 사람 다 있음 ||| 5번이 진짜 탐정이라면 계속지하 3층을 강요한걸 보면 범인이 3번이라는걸 간접적으로 알려주는거임",영화/애니메이션
DT_T1Hix7Uw,독 안에 든 (존멋탱)리바이_진격의 거인 3기 2화_하이라이트_[Aniplus],AniplusTV,1:24 솔직히 1:다수 상황이고 총이랑 칼 싸움이라서 불리하다고 생각할 수 있는데 자기가 질거라는 생각 전혀 안하고 부하랑 엘렌 히스토리아 잃는다고만 생각하는 리바이...개멋있어.... ||| 이거때매 오타쿠들 액션신 눈 개같이 높아짐ㅋㅋㅋㅋㅋ 위트는 다른 제작사한테 석고대죄 해야한다 ||| 1:57 총 보고 잡는 소리남... 2:21 장전하는 소리 들림.....  난 왜 이걸 이제 들었는가... 장전 몰래하려고 천천히 땡기는거봐...어케 안반해ㅜㅠㅜㅠㅜㅠㅜㅠ 미쵸 ㅜㅠㅜ ||| 진짜 작화 개씹오진다.. 리바이는 이세상 존멋탱이 아니야. 조내 섹시하다 ||| 1:03 와 유리창에 얼굴 비치는 디테일;;,영화/애니메이션
u4eWGGfGzTQ,만화 원작 영화 베스트,비플릭스,,영화/애니메이션
PatA7DYXwlU,검은 사람을 죽이기 위한 도구가 아니다 - 영화 속 명대사,비플릭스,,영화/애니메이션
DwZ6p9a1UTE,"오늘밤 로맨스극장에서,주제곡 기적, 뮤직비디오,로맨스 영화 '오늘 밤, 로맨스 극장에서' 주제곡 기적 뮤직예고편 공개,타케우치 히데키 감독 ,사카구치 켄타로, 아야세 하루카",문화예술의전당,,영화/애니메이션
fcAxf7qOvys,살면서 꼭 봐야 할 해외 멜로/로맨스 영화 top10 (명장면),런치타임,"최고 명작은 타이타닉인듯. 진짜 그냥 OST부터 시작해서 , 영화가 처음부터 끝까지 완벽했던 영화. 비극적 결말이지만, 비극이어서 더 아름다웠던 영화라고 생각이 드네유 ||| 타이타닉을 넘을 멜로는 없다...ㅠㅠㅠㅜㅜ 잭 사진 한 장 없고 로즈 마음 속에만 존재한다는 게.. 진짜 킬포임 ||| 노트북 진짜 개명작 입니다 여러분 ㅠㅠㅠㅠ 하 얼마나 울었는지... ||| 어바웃타임 띵장이여~ ||| 노팅힐이 없다니ㅠㅠ 내 살다살다 영화보다가 두시간 내내 입꼬리 찢어지게 미소지으면서 본건 처음이었는데",영화/애니메이션
hu8zWitnYX8,"오늘 밤, 로맨스 극장에서 켄타로&하루카 심쿵로맨스로맨스 영화 '오늘 밤, 로맨스 극장에서' 주제곡 기적 뮤직예고편 공개,타케우치 히데키 감독 ,사카구치 켄타로, 아야세 하루카,",문화예술의전당,중간에 무음~,영화/애니메이션
S-7S4hTK0sM,"로맨스 영화 '오늘 밤, 로맨스 극장에서' 주제곡 기적 뮤직예고편 공개,타케우치 히데키 감독 ,사카구치 켄타로, 아야세 하루카",문화예술의전당,,영화/애니메이션
NvxCISFbXNs,"은반 위에서 펼쳐지는 로맨스, 영화 아이스 예고편",MEDIA N,,영화/애니메이션
bFp5jEyR6E8,영화 '너의 결혼식(2018)' 메인 티저 예고편,뽀블리,케미 미쳤다 ㅠㅠㅠㅠ 덩치 차이도 발린다 꼭 본다 이건 ||| 그와중에 뽀영배우님 미모 레전드 찍었어.. ㅜㅜ💙💙💙 ||| 기대됭 빨리 보구시푸다다ㅏㅏㅏ ||| 와 진짜 꼭볼게요!!보영언니♥♥♥♥ ||| 패러디 타고 타고 타다가 와버렸다,영화/애니메이션
MNFs6V9okX0,"오늘밤 로맨스 극장에서 VS 마법에 걸린 사랑, 영화공작소,",무비텔러 - 이 영화 어때?,마법에 걸린 사랑 01 (우리말 더빙판),영화/애니메이션
71oAQA_7n2g,개인소장 하고싶은 영화들 best3,kakaopage 카카오페이지,유리정원,영화/애니메이션
ZhMhg_n4zfc,[단편] 예지몽과는 1도 관계없는 예지몽 로맨스 영화,은가람의 영화리뷰관,저게 뭐가 관계있는거지 참 참신한 영화네 잘보고 갑니다,영화/애니메이션
r2xaHw70W1Q,"오늘밤 로맨스 극장에서, 영화공작소,",무비텔러 - 이 영화 어때?,아닠ㅋㅋㅋㅋ 도레미티비가 먼데 ||| 블랑티비 유튜브는 봤는데 라이브가 더 쩔어요??? ||| 아니 왜 여기저기서 블랑티비 거리는거지 그게 뭐임 구글에 치면됌? ||| 저 블랑티비 댓글보고 처음 들어가봤는데요 이거 돈 안 들어가는거 맞죠? 구글에다 치니까 그냥 다 보여주던데,영화/애니메이션
DfHhk_cI-Sk,(Eng sub) 사랑과 영화의 공통점 | Like A Movie | 로맨스 영화 | 라이크 어 무비,픽코드필름 PICORD FILM,연출이 쩌네요 ㅠㅠ눈물 ||| 잔잔하니 좋다아 ||| 항상 감사합니다~! ||| 우와 구독자수 엄청 많아졌네요~ 번창하세요~~^.< ||| 뭬야? 오랜만에 왔는데 구독자 1만?? 헐..늦었지만 축하드려욤,영화/애니메이션
rBBJPES7s98,[육감만족 특집관] 로맨틱한 멜로 영화,ㄱ나니,,영화/애니메이션
vBZzBtVKCPM,"[B tv 영화 추천/movie Big #26] 오늘 밤, 로맨스 극장에서",SK브로드밴드_B tv,,영화/애니메이션
Ud10yAfP-5w,"[오늘 밤, 로맨스 극장에서] 메인예고편",[주] 엔케이컨텐츠,,영화/애니메이션
SHyaJz_my4E,풋풋하고 애틋한 청춘 남녀의 첫사랑 그린 로맨스 영화 '기억을 만나다' (영상),Gan Zoum,,영화/애니메이션
g6qDuZM7YBw,흑인은 백인과 사랑할 수 없나요? / 오직 사랑뿐,Jinybox,"사랑이 전부, 전부가 사랑 오직 사랑뿐 The United Kingdom / 2016  -  안녕하세요 지니입니다! 오늘은 영화 ‘오직 사랑뿐’ 리뷰 영상 가지구 왔어요 🙌🏻  소재도 전개도 색감도 음악도 모~두 맘에 꼭 드는 영화였어요. 무더운 여름 밤, 여러분께도 모쪼록 힐링이 되는 작품이길 바랄게요! 이런 영화가 앞으로도 많이 만들어졌으면 좋겠어요 :) 💖  -  ☑️ Bgm AshamaluevMusic - Touching  Track Title: Touching.  Music by AShamaluevMusic. Music Link: https://youtu.be/QJCYkdIMtLQ ||| 감동적인. 영화,편집이에요!! 보자마자 반해바려서..구독해버렸어요!!!~♡ ||| 리뷰만 봐도 감동이ㅠㅠ 좋은 영화 추천해 주셔서 감사합니다❤  또렷하고 낭랑한 지니박스님 목소리 너무 좋아요😍😍😍 ||| 시대가 발전할수록 사랑만으로 결혼이 힘든시대라는 생각이 들어서 저는 이 영화가 더욱 더 빛이 난다고 생각이드네요. ||| ㅠㅠ감동",영화/애니메이션
CFhDM2NFqTw,이제 헐리웃 대세! 스칼렛 위치 엘리자베스 올슨,비플릭스,,영화/애니메이션
NlVsoiVK7Tk,뽀뽀를 부르는 로맨스 영화 추천! 꽁냥이들을 위한 이벤트 [홍윤화 김민기 꽁냥꽁냥],홍윤화 김민기 꽁냥꽁냥,꽁냥이들을 위한 이벤트!  미드나잇 선을 보고싶은 이유를 댓글로 남겨주시면! 총 10분을 뽑아서 6월 21일 목요일 저녁 8시 메가박스 코엑스 시사회 티켓(1인 2매)을 드립니다!!  많이 참여해주세용ㅋㅋ!! 꽁냥이들 오늘도 사랑해윱!! ||| 두분 꽁냥 거리는게 더 재밌네요. 세상에 모든사랑이여 영원하라~~~♥ ||| 영화 주인공 보다 두분이 더 귀엽고 죠아요..ㅎ ((절대 이 영화에 주인공을 비하하려는 의도는 아니에욤..ㅜㅜ)) ㅎ ||| 아닛...영화 홍보 이렇게 잘하시면 어뜩해여... 저 연애 안한지 1년이 가까워지는데 이 영화 보고 연애세포 살리고 싶어요.. 두 분 영화보면서 꽁냥꽁냥 하시는거 넘 심장 간지럽잖아.. 남주인공 잘 생긴 것도 한 몫 했구요^0^ 솔론데 누구랑 볼거냐고 묻지 말아주세요.. 친구는 있으니까 흐흐흑 ||| 와 오늘 예고편 보고 꼭봐야겠다 생각했는데!!  22일이 제 생일이에용  그 전날 미드나잇선 보면 행복할 거 같아요!!❤️행복하게 해주세용,영화/애니메이션
ixWQ4IZsheA,샬롯은 로리타에 대한 험버트의 욕망을 알게되는데! ☆ 영화 속 명장면,비플릭스,,영화/애니메이션
KMngzQSBFvI,웹툰드라마 견원지간 로맨스 - 1화,THE ON Pictures -,turkish subtitle🙈 please ||| 썸네일 유병재 인줄 알았어요 ||| Finally!!! ||| Could anyone put subtitle in this drama please?? ||| 웹툰 그림이 이뻐요,영화/애니메이션
nrJqRI4bl8o,못생긴 나를 좋아해줄까 켄타로 나오는 핵설레는 로맨스 영화 내 이야기 (영상),Dean Hamilton,,영화/애니메이션
9_LR1hwTX4o,[라디오 스타] 대한민국 최고의 브로맨스 영화 (1부),올컴,"진짜 사람냄새 풀풀나는 영화,  특히 마지막 장면은 어찌나 뭉클하던지.. ||| 힘들때마다 찾는 영화입니다 슬럼프에 빠지는 요즘 다시 찾게 됩니다 감사드립니다 ||| 너무 가슴이 먹먹해지는 영화. ||| 아 소주  한잔 해야겠다 ||| 오늘도 어김없이 술 한잔 걸치고 이 영화를 찾게 되었네요.라디오 스타는 제 인생 최대의 명작중의 명작이에요~ 올려주셔서 감사합니다. 구독누르고 가겠습니다^_^ 재밌게 봤습니다!!!",영화/애니메이션
IewMlWw_dgc,"로맨스 영화 리뷰, 천사와 인간의 사랑이야기",리뷰하는 곰 베어무비,"아...저는 개인적으로 이거 너무 인터넷 소설을 영화로 보는 기분이라... 보통의 하이틴 영화들은 차라리 대놓고 ‘우린 유치하지만 그게 장점이야’라고 보여줘서 덜 부담스럽기라도 한데, 이 영화는 갱장히 시리어스 한 척을 해서 마치 그레이의 50가지 그림자를 이모티콘으로 범벅된 인터넷 소설버전으로 보는 기분이었............어휴.................저는 잘 모르겠습니다. 차라리 트와일라잇을 두번보고 말죠. ||| 저 이 소설 좋아하는데♥♥♥♥ ||| 오늘 이 영화 보고 자야겠어용! ||| 영화 재밌어서 몇번 보다가 뒷내용 더 있을 거 같아서 책도 결국 다 본...ㅋㅋㅋㅋ ||| 음 뭔가 트와일라잇 보는 것 같은 느낌이 든다 진짜",영화/애니메이션
MR8j_nRiDus,"""사랑하고 싶게 만드는 로맨스""…영화 '지금 만나러 갑니다' 97만명 돌파",Gan Zoum,,영화/애니메이션
Idg3bsd1JmI,낚시하러 간다더니 로맨스 영화 찍고 돌아온 이연희X위하준 | #섬총사2,Olive,"●위하준의 첫 예능! [#섬총사2] 에서 활약하는 💚위하준💚이 궁금하다면? 👉https://www.youtube.com/playlist?list=PLA8tEd3EWkFhH_ACikUa41_esk34FWKWR ●Wi Ha-Joon's first variety show! [#island_trio2]  👉https://youtube.com/playlist?list=PLA8tEd3EWkFhH_ACikUa41_esk34FWKWR ||| 작은아씨들 보고 여기까지옴,, 하 저런 남자만나야지,, 묻은게 어디서 나온지 하나하나 설명해주는 자상한 스탈,,,,,,,,, ||| 불과 3년전인데 위하준 소년미 쩐다 ||| 안닦아줄래야 안 닦아줄 수 없는 위치에 묻었네 ㅋㅋㅋㅋㅋㅋ 정동남위치에 ㅋㅋㅋㅋ ||| 윽...설렘",영화/애니메이션
vzqh4DZlz38,"스크린 속 흑백 여자와 사랑에 빠진 한 남자 | 오늘밤, 로맨스 극장에서 |  영화추천",썰타래,"▼직접 유튜브로 2년동안 6400만 원 벌은 방법▼ https://kmong.com/gig/402898 ||| 이 영화 멋진 영화였어요. 지금도 생각남. 만질수도 없지만 평생함께한 사랑이야기 ||| 켄타로는 작품속에서 더 빛나고 아름답다 바닷마을 다이어리....우연히 마지막 장면만 봤는데 켄타로가 나온다니 봐야겠네 ||| 켄타로큔이랑 바닷바을어쩌고 그여자다!!! 너모보고싶네오ㅠㅠ 저희지역에선 안한댜죠 ||| 스킨십 없는 연애.. 여러분이라면 어떠세요? 저는 안될것같은.....ㅎ 여러분들의 최애는 누군가요? 그리고 그 최애가 눈 앞에 나타난다면 어떨까요? 댓글에 남겨주세요! 재미있게보셨다면 구독, 좋아요 부탁드립니다~!",영화/애니메이션
pKp7XF5vO0A,저는 허언증 말기 환자입니다,리드무비,다양성 영화(Diversity film)에 대한 관심을 잃지 않기 위해 ‘리드무비D’라는 새 코너를 론칭했습니다.  여러분의 관심과 응원이 간절합니다. 구독&좋아요&합법적 공유&댓글 등으로 이 코너를 밀어주세요^^ 별 반응이 없을 시...없던 일로 하겠습니다 ㅎㅎㅎ ||| 허언증의 출발은 열등감임 ||| 제목이 '영화 거짓말'이었으면 안 들어왔을 텐데 '저는 허언증 말기 환자입니다' 이러니까 왠지 모르게 이끌려서 정독했음. 좋네요 ||| 이 영상 ㅈㄴ 마약 영상임 생각 날 때마다 봐줘야함 ||| 뭔가 슬픈느낌이다.. 현실을벗어나고싶어도 벗어날수없으니 이렇게라도 자기위로하면서 사는느낌이다..,영화/애니메이션
F9L6BbSs2kQ,다른 차원속 자신을 보는 아이: 미스터 노바디 [주관적 영화리뷰](스포있음),영화에관하여,영상이 마음이 드셨다면 구독해주세요! 매주 특별한 리뷰 영상을 업로드 하는 즉시  보실수 있습니다! ||| 미스터 노바디 진짜 명작입니다. 철학적이고도 영상미도 뛰어남. 인생에서 '선택'이라는 것에 대해서 살면서 가끔씩 찾아보게되고 사색하는 영화입니다. ||| 자신이 원하기 때문에 하는 모든 선택은 후회를 부르더라도 배울점이 있으며 진정한 가치를 알려주게 된다 ||| 어떤 선택이든 다 옳다........우린 하나의 선택 밖에 할 수 없으니 그 길이 옳다고 생각하고 가는 게 맞는 말일 수도.....  후회해도       그 순간 스톱하고 다른 길을 간다 해도 그것조차 또 다른 하나의 선택일 뿐이니.......  진짜 생각이 많아지게  만드는 영화......  내  이 거지같은 서글프고 씁쓸한 66년 삶도 내 생에 단 하나의 선택이였고 욿음이였을까.... ||| 다른 선택을 할 수 있는 힘을 얻었지만 인생의 고통만 곱절이 되었구나,영화/애니메이션
FPnnSL7SfNc,천재가 정신병 걸려 세상을 뒤집은 실화 (영화리뷰),욱크라테스,"나래이터 목소리가 영화보다 작아야함 ||| 예전에 봤던 영화인데 리마인드할겸 봤는데 좋았어요! 영상 감사해요~ ||| 와,,부인 정말 이쁘다.. ||| 이영화도 정말 감명깊게 봤었어요^~^ 좋은영화설명 감사합니다^^~★ ||| 댓글에 너무 상처받지 않으셨으면 해요 3년이 지난 지금까지도 누군가가 볼 정도면 충분히 훌륭한 영상이었어요",영화/애니메이션
Kgi-vjhD2Wo,외로운 삶을 살고있다면: 문라이트 [주관적 영화리뷰](이 리뷰에는 스포일러가 포함되있습니다),영화에관하여,"영상이 마음에 드셨다면 구독해주세요! 매주 특별한 리뷰영상을 업로드 하는 즉시 보실수있습니다! ||| 샤이론은 인간이라면 누구나 가지고 있는 외로움 그 자체입니다. 누군가 알아주지 않고 표출하고 싶지도 않은. 그런 의미에서 감독이 미쳤다고밖에 설명이 안 되네요.  누구나 다 갖고 있지만 내보이고 싶지 않은 것을 건드린 기분이랄까, 이렇게 기분나쁘지 않을 정도로 순수하게 찌르는 영화를 본 적이 없네요.  명작에 상처입고 또 다시 극복이 되는 경험을 받았습니다.. 정말 좋은 영화예요 ||| AFIL님 리뷰는 재미만을 목적으로 하지않고 주관적이면서도 객관적인 해석이 담겨있고 영화의 중요한 부분들이 잘 나와있어서 너무 좋아요 앞으로도 좋은 리뷰 많이 부탁드려요 ||| 영화를 보고왔는데 너무 여운이남아서 왔네요 ㅋㅋ.. 명작입니다 ||| 살아온 대부분의 날들 동안 메마른 가지처럼 마른 채였다. 몇달 전 운동을 시작하면서 몸이 커지고 있다. 문득 샤이론의 빡센 몸이 생각났다. 샤이론의 푸쉬업, 프로틴 냄새 가득한 기상 풍경을 보고 싶었다. 자극을 받고 싶었던 건지도 모른다.  그러나 샤이론은 여전히 굳은 표정이고 괴로워한다. 내 앞에서 난색을 숨기질 못하던 이들이 떠오르다가, 다시금 마음이 쉽고 편해진다. 웃을 필요가 없다. 다시, 받은 것이 없다는 것을 깨닫는다. 갚을 것이 없는 나는 그러므로 순수해진다. 이 자유의 색깔은 도화지와 같은 하양.  내가 샤이론을 보러 온 이유는 나의 몸이 커져가고 있어서다. 내가 샤이론을 보러 온 이유는 나를 잃을까 겁이 나서다. 내가 샤이론을 보러 온 이유는 그 눈빛이 나에게 편하기 때문이다. 다시 위로 따위를 얻고 가는 내가 싫다. 샤이론의 외로움이 찬란한 까닭을 아직까지 잘 모르겠다.",영화/애니메이션
Om4uF4dImwQ,[영화] 마블 시네마틱 유니버스 개봉순서 및 개요 (5월9일기준),벤소드 Venxord,마블영화 정주행할때 참고하겠습니다  감사해요 ㅠㅠㅠ 마블 독후는 여기에 눕습니다.. ||| 영상 잘 만들어 주셨어요' ||| 여기서 안봐도 돼는 영화가 머임?,영화/애니메이션
OJm_7H-2T8g,안시성 리뷰 : 표절과 돈빨에 기댄 망작 영화,튜나,"(24:03초에 3초 가량 화면이 빕니다ㅠ 편집미스네요) 1. 겨울감기로 하루에 목이 허락하는 한도 내에서 더빙하다보니 2분마다 목소리가 바뀌고,  특히 마지막 6분 가량은 막힌 느낌이 좀 더 날겁니다 2. 펼치시면 목차가 있습니다. 리뷰가 상당히 긴 편이니 원하는 부분만 찾아서 감상하세요   00:00 오프닝  00:30 서론  02:00 스포일러 리뷰 시작 02:29 양만춘의 캐릭터(장점) 05:53 영상미(장점) 06:43 연기?(단점) 09:46 캐릭터와 전개,각본(단점) 20:35 표절에 관하여(단점) 26:09 영화의 전쟁묘사(단점) 32:15 총평 ||| 아직도 잊혀지지 않는 ""로프를 잘라라"" 저시대에 영어까지 할줄 아는 글로벌한 안시성... ||| 진짜 솔직히 우리 나라사람들눈이높아진것에비해 영화수준은 예전보다못함 오직 돈벌이수단으로 만 생각하는느낌 ||| 신녀가 우린 망했다고 포기한건 고구려가 아니라 영화 얘기였는지도.... ||| 차라리 고려의 소드마스터 척준경  영화를  만들지",영화/애니메이션
sLJJI7ATrwc,자신의 몸도 여친도 빼앗긴 남자 (영화리뷰),욱크라테스,7:43 목부분에 수술자국이 없어요 ||| 이긴것 같다 ||| ㅋㅋ,영화/애니메이션
BxoG9SlwIRU,강도를 조져버리는 금수저 가족 (영화리뷰),욱크라테스,잼 없다,영화/애니메이션
5sWPH-60dxQ,마블 영화 팬이라면 잊어서는 안되는 작품 '블레이드',영화시대,진짜 웨슬리 스나입스가 캐릭터 그자체였음. 역할을 최고로 잘살림... 분위기도 블레이드만의 분위기가 있어서 어릴때 진짜재밌게봄. ||| 블레이드1은 진짜 레전드다 ||| 1탄? 2탄인지 클럽에서 스프링클러로 핏물 나오는거 인상적이었음 음악도 씬났는데 ㅋㅋ ||| 진짜 까만 썬글라스 쓰고 씩 웃는데 유달리 하얀 이가 그렇게 멋있게보일수가 없던 스나입스형...초등학교때 진짜 블레이드 많이 돌려봤던거같네여 ||| 진짜 독보적인 웨슬리 스나입스. 마스크며 체형이며 연기며 톤이며 목소리며... 가장 중요한 액션까지. 한때 잘못으로 범죄를 저지르고 끝없는 나락으로...참 아쉬운 배우. 어렸을때 아버지가 일요일에 빌려오셔서 저녁먹고 과자먹으면서 같이 비디오봤던 그 시절의 추억이 아직도 남아있다.,영화/애니메이션
BS0KfiIwBak,한국 괴수영화의 숨통을 끊으러 왔다: 물괴 리뷰 - 라이너의 컬쳐쇼크,라이너의 컬쳐쇼크,"세퍼드에서..... 무릎을 탁 치고..... 추천누릅니다 ㅋㅋㅋ ||| 인스타에서 어떤분이 이렇게 쓰셨더라구요 물괴보다 물개쇼가 더 재밌겠다 그리고 제작비 엄청 물괴생겼다고ㅋ ||| 1:30 ""사실 저는 물괴를 재밌게 보았습니다"" - 예????????????? ""7광구 보다는 말이죠"" - 아............. ||| 진짜 2018년도 올해 한국 영화는 왜이러는지 누가 누가 망작을 더 잘만드나 경쟁 하는건가 ...  너무 망작 릴레이에  슬프네요   라이너님 리뷰 잘보고 갑니다 ||| 컬쳐쇼크를 안보고 영화를 본다면, ㅋ 저는 그냥 아무 생각없이 보고 좀 이상하네 하고 말았을텐데... 어디가 이상하고 구성이 안 맞는지를 정말 잘 이해하게 해 주시는군요ㅎ 감사합니다. 편안하고 좋은밤 되시기 바랍니다^^",영화/애니메이션
UpNCXms8yAM,넷플릭스의 최신 미니시리즈 '매니악':매니악[주관적 영화리뷰](스포 없음),영화에관하여,1😘😋😘😋😘😇🥰 ||| 뭣 놈에 매니악 줄거리하고 결말좀 볼라 하는데 어떻게 영상들이 죄다 느낀점이야...,영화/애니메이션
JC0sb3ZboNQ,얄팍한 수단만큼 얄팍한 영화: 오션스 8 리뷰,라이너의 컬쳐쇼크,이 영화는 미투를 대변하는 정치적 영화가 아닙니다. 인터뷰에서 그렇게 밝혀왔구요. 그냥 편하게 즐기기 위해 보는 오락영화일 뿐이죠. 그냥 커리어가 좋은 배우들이 우르르 나와 도둑질 하는 내용입니다. 다만 우리들이 숱하게 보왔던 영화들과 다르게 성별이 반대인 것 뿐입니다. ||| 저는 진짜 재밌게 봤구여!!!이영화보고 케이트 블란쳇에 완전 빠졌어요 존멋!! ||| 음 다른건 모르겠지만 루가 아무런 역할도 없다고 보신 건 좀 의뭉스럽네요 멤버를 조사하는거 기초 비용을 대는 것 데비와 함께 지휘하는거 전부 루가 같이 하는 일인데요 ||| 우리가 언제 또 한 영화에 여성 배우들이 이렇게 많이 나오는 영화를 또 보겠습니까 ||| 저는 정말 재밌게봤어요 한 영화에서 정말 좋아하던 배우들을 만나볼 수 있어서 더 좋았고 지금까지 세번봤는데 밋밋하다고 느끼진않았어요 혹시라도 이 영상보고 안보려는 구독자님들없길 바래요..,영화/애니메이션
BRZp1YnuYr0,"군계일학, 수준급 공포 영화의 탄생: 유전 리뷰 - 라이너의 컬쳐쇼크",라이너의 컬쳐쇼크,찰리 뚝배기 날아가는 부분에서 피터 연기 개오졌음 그 약간 멍한데 충격과 부정의 사이에서 집까지 아무일 없단듯 차 끌고와서 주차하는 연기도 좋았고 그 후 구도 넓게 땡겨서 집만 비춰주고 소리로 엄빠 출근준비하다 차타고 머리없는 찰리 발견하고 비명지르는걸로 상상력 자극하는 연출 소름돋게 좋았음 ||| 영화 보면서 이게 진짜 공포다 싶었던 영화. 놀래키는 쓰레기호러가 아니라 공포라는 본래의 순수한 감정 고대로를 천천히 느끼게함. 마치 심장에 고무줄을 하나씩 하나씩 묶는 느낌. 그리고 개인적으로 애니역 배우 연기가 신들린듯이 좋았다고 생각함.. 거의 호러퀸 수준;; ||| 이거 진짜 존나 기분나쁜 이유가 머리속에서 상상하는 최악의 일이 실제로 일어남 시발 진짜 딱딱 맞아 떨어질때마다 개죶같음 ||| 진짜 오빠의 상황이 너무 뭔가 있을수도 있을것 같고 와닿아서 소름끼쳤음 ||| 아빠가 제일 불쌍ㅠㅠ,영화/애니메이션
Ed3lkGJOOkc,마블히어로들의 과거 파헤쳐보기! #흑역사 대방출,부산일보,가면라이더? 그리고 윈터솔저는 유니버셜 솔저라는 전혀 다른영화화면인데 ||| 로켓 뭐냐고 진짴ㅋㅋㅋ ||| 아이언맨실화야? ||| 앤트맨은 가면라이더?,영화/애니메이션
aHhoLLvlpm4,"양산형 한국 영화에 던지는 팩트폭력, 암수살인 리뷰",튜나,"1. 엄근진한 영화고 사회적 논란까지 있던 작품이라 희화화하지 않는게 나을 것 같아서 오늘은 오프닝이 없습니다 2. 원래 1,2부로 나누어 작업한 영상인데 주말까지 완성을 못해서 붙여서 한번에 업로드 합니다   3.영상이 기므로 보고 싶은 부분만 골라서 목차를 참고하세요   목차  0:00 서론 1:01 단점 시작 3:05 장점 - 흔치 않은 전개 구조 14:05 장점 - 독특한 서스펜스 연출법 ||| 뭔가 영화가 아니라 다큐를 본 것 같은 느낌. 어느정도 잘 사는 중산층 형사, 도와줄 형있고, 책임질 가족은 없고, 대출과 등록금비에 묶여있으면서도 정의를 쫒는 형사보다 더 현실적이였다. 나도 좀만 더 형편이 나으면 좋은일 많이 하고 살거야. 한번쯤 생각해보지 않나...변명이지만. 주인공이 뼈 사진을 보며 당신 누구에요, 마지막에 갈대밭을 거닐며 당신 어디있어요. 혼잣말로 피해자에게 묻는 장면은 살짝 눈물이 나올정도. 우리가 사는 이 현대에 피해자에게 집중하는 사람이 몇이나 되나...뉴스도 신문도, 여론도, 피해자보다 가해자를 피해자의 아픔보다 가해자의 처벌을 더더더라고 소리치며 찾아다니고 부풀리고....이 지치는 현실에서 피해자에게 묻는 저 질문은 너무나도 무거운 감동이있었다. 다만...이렇게 피해자에 집중한 영화가 처음 유가족 논란을 일으켰다는게 좀 아이러니할 뿐...약간 감동이 깨지는 느낌이였다... ||| 배우 연기폭에서 공통적으로 느껴지는 부분이있다는거에서 하정우 먹방 보여주는거 짱웃기닼ㅋㅋㅋㅋ ||| 김윤석 케릭터가 너무 좋았음.  특히 금전적으로 여유로움을 갖고있는 설정과 때문에 자신이 가진 신념을 지키는데 돈이라는 요소를 안정적으로 이용할수도 있다는 설정이 너무 맘에 들었음. 단순히 정의감으로 둘러쌓인 열혈형사의 감정적 질주만 보다가  암수살인의 김윤석 역할의 케릭터는 좀 충격이었음.  이런식으로 전형적인 클리셰들이 깨어져 나가는 구나. 혹은 발전하는구나. 하는 깨달음이 좋았음. ||| 오락영화니까 어쩔 수 없다라는 말을 요즘 너무 많이 봤는데 이 리뷰가 시원하게 지적해주네요",영화/애니메이션
NloVhWDwIDQ,폭주하는 왕따학생의 드럼연주(영화리뷰/드럼/음악/위플래쉬/영화추천/영화소개),지토무비,앤드류의 광기는 점점 도 를 지 나 치 고 있었습니다 ㅋㅋㅋㅋ ||| 저 대머리아저씨는 앤드류도 괴롭히고 스파이더맨도 괴롭히고 양아치shake it ||| *광기와 광기가 만나 뒤틀린 황천을 경험했습니다.* ||| 아버지도 아들의 광기에 어찌할 바를 몰랐습니다. ||| 8:48 플랫처는 자신을 진심으로 죽이려는 눈빛을 보았다,영화/애니메이션
NXwXoc1lDrE,메타포를 초월하는 영화 '버닝' 해석 및 리뷰,디스무비,"리뷰 너무 좋으네요. 버닝 진짜 좋은영화였어요 ||| 리뷰 잘봤습니다 감사합니다 ||| 가만보면 벤은 살해당한게 아니라 살해를 설계하고 유도함 해미는 그 실행 버튼과 같음 분노로 가득한 종수를 보며 어떻게 그 분노가 터지게 할지 벤은 너무 잘 알고 쭉 지켜보고 있었음 결국 벤은 종수를 자극해 자신을 죽이게 만듦 마지막? 살인은 자기자신을 대상화했고 성공함 해미가 죽었든 어딘가 살아있든 무관한 이유 ||| 빈부격차의 심화, 흙수저의 자격지심과 분노로 인한 망상과 살인,,,, ||| 나도종수와같이 벤을의심하고있었다 근데모르겠다",영화/애니메이션
w64n3ZrXKIk,[영화리뷰]전세계 2천만부 이상이 팔린 동화의 탄생 비화,뎀뎀 (뎀뎀),영상이 주궈써 ||| 돌아와주세요 ㅜ ||| 오빠멋져용 목소리 ||| 전쟁이야?      나도 끼어야지!,영화/애니메이션
FzL93qWEerA,[영화걸작선] 67회 - 독전 걸작선 디렉터스 컷 (스포일러 리뷰),거의없다,"편에 편을 거듭할수록 더욱 비판이 신랄해 지시네요ㅋㅋㅋ 곱씹으면 곱씹을수록 더 걸작인 영화인가 봅니다 정말 거의없다님이 빡칠수록 재밌어지는 걸작선.... ||| 이 형님은 저작권 신고 먹은게 빡치신게 아니고 영화 못만든 주제에 별 시덥잖은 꼼수들 부리면서 관객수 늘려보고 돈 더 벌어보겠다는 수작질에 열받은 거임 ㅋㅋㅋ 영화 못만든 것도 열받고 ㅋㅋ ||| 거의없다님이 간과하신 것이 하나 있습니다. 이 영화는 치열한 두뇌싸움 영화입니다. 영화 초반부터 이 선생이 누구인지 알고 있는 뇌와 애써 무시하려고 하는 뇌의 치열한 싸움이죠 ||| 이 분 좋아하는 이유 중 하나가 여성,장애인 등의 캐릭터 도구적으로 활용되는 거 지적해주시는 점인데 한남ㅋㅋㅋㅋㅋㅋㅋㅋㅋㅋㅋㅋ어떻게 생각하면 그런 결론이? ||| 근데 진짜 추하다ㅋㅋㅋㅋ 자기 영화 비판했다고 영상 내리라는 배급사,홍보팀 수준ㅋㅋㅋㅋㅋㅋㅋㅋ",영화/애니메이션
njZ-UpeX4Rg,인공장기 할부금 제때 지불하세요: 리포맨[주관적 영화리뷰](스포있음),영화에관하여,영상이 마음에 드셨다면 구독해주세요! 매주 특별한 리뷰영상을 업로드 하는 즉시 보실수있습니다! ||| 결말찾으려고오긴했는데 구독자수 적은분치고는 좋은 영화리뷰네요 끝마무리정리가 없고 내용만진행하다 끝나긴하지만 더더욱 발전하면 좋은 영화리뷰채널이될꺼라고 믿습니다. 구독받고 다음영상기다리겟습니다 화이팅 ||| 이근 그냥 법적으로 국가에서 허가한 살인자네 참나.... ||| 이 영화보고너무 소름돋음 진짜 와;;; ||| 깔끔하게 설명 재미있게 감상했습니다! 구독 및 엄지척!,영화/애니메이션
yBSOdL2JZ7I,[영화걸작선] 73회 - 상류사회 1부 (스포일러 리뷰),거의없다,"저는 아직 주홍글씨 영화가 이은주 배우님 죽음의 원인이 되었다고 믿는 사람이기때문에 그 감독 신작이 망했다는 소식을 들으니 아주아주 기쁘네요 ||| 저 영화 감독이 주홍글씨 찍을때 배우를 뭐 그냥 소품처럼 썼다면서요 이건 영화 완성도나 작품 그 자체에 대한 얘기는 아니지만 감독이 이런 사람이라면 아무리 대작이여도 보고싶지않은데 목격자급의 망작이라니 걸러서 참 다행입니다.... ||| 상류사회는 그냥 걸작 망작이 아니라, 감독이 심오한 예술가인척 해서 꼴보기 싫은 영화임.  프랑스 유학파라던가...  어쩌면 지금도 대중의 수준이 낮아서 지 영화 이해못한다고 정신승리 하고 있을지도... ||| 볼 때는 이거 좀 말이 안되는 거 같은데? 하고 넘어간 것들을 잘 정리해 주셨네요. 전 특히 경제학과 교수란 놈이 임대료가 높아지면 빚을 내서 갚으면 되지 않느냐는 논리를 펴는 부분이 참 감명 깊었습니다. 그리고 그 인간은 S대 교수라더니 나중엔 한국대 교수라대요? South Korea university 였나? ||| 얼마나 망작들이 넘쳐나면 기본이 2부작이네요 까도까도 끝이 없군요 거없님 잡겠다 잡겠어",영화/애니메이션
ngUTv5X86VI,[베트남 영화리뷰 05] NGƯỜI BẤT TỬ (불멸 : 죽지 못하는 남자),86 STUDIO,감사합니다~ 너무 좋은 콘텐츠네요~ 이런 영화들은 어디에 가면 볼 수 있나요?,영화/애니메이션
wwJNDQ3baHw,"결말이 궁금해지는 영화 리뷰 [협상,서치,명당,물괴,독전]",옥탑방 리뷰선배,매번 자막 재밌게 읽고 갑니다 ㅎㅎㅎ ||| 재밌게  보고 갑니다 ||| 다른 리뷰도 기다립니다!!!! ||| 리뷰좋아요 :) ||| 선배~ ㅎㅎ 기다렸어요 드디에 올라왔네!,영화/애니메이션
2eRsvFH5Ems,[나미야 잡화점의 기적] 인생 영화 리뷰 영상(절찬상영중),㈜에이원엔터테인먼트,야마다..ㅠㅜㅜㅠㅜㅠㅠㅜ너란 남자..ㅜㅜㅜㅠㅠㅠㅠㅠㅠㅠㅠㅠ♡♡♡♡♡♡ ||| 이거 소설도 재미있게 봤는데...,영화/애니메이션
NmVudU9EDns,코 골면 죽는 영화 | 콰이어트 플레이스 | 영화추천 | 영화리뷰,썰타래,"▼직접 유튜브로 2년동안 6400만 원 벌은 방법▼ https://kmong.com/gig/402898 ||| 제목 센슼ㅋㅋㅋㅋㅋㅋ오늘 봤는데 영화 잘 만들었더라구요.. ||| 마지막이 너무허무합니다 ||| 저 와중에도 사랑을 나누는거 보면 역시 인간은 대단하다라고 생각하는데 신음소리도 안내고 했다는건가..? ||| 저희도 영화 속 주인공들처럼 영화에 빠져들어 숨죽이고 봤는데요, 여러분들은 어떠셨나요? 코골면 죽는 영화 [콰이어트 플레이스]였습니다.  여러분 채널명이 바뀌어서 놀라셨죠?!  고민 끝에 메뉴팩토리가 ""썰타래"" 로 새롭게 단장했습니다!  더욱 양질의 컨텐츠로 찾아뵙기 위해 바꾼 것이니 양해 부탁드립니다!  영상에 '메뉴팩토리'라고 나와도 저희는 바뀐게 아니니 걱정마세요!  많은 응원과 격려 부탁드립니다! (걱정안하실거 알지만)",영화/애니메이션
s2jtmBR350Q,잡다한 영화리뷰   저스티스리그,박높새 (NopBird),저도 디씨가 훨나음 엔드게임은 부연설명때문에 1시간보다가 지겨워서 나왔네요,영화/애니메이션
OvUXr1DVN0A,영알못의 영화리뷰 : [농촌 힐링영화 리틀포레스트],youtube영영,참신한 구성. ||| 넘길어여~~~~줄거리 요약이 먼저나오니까 1분30초이상 못버겠어여,영화/애니메이션
qq0gFOSOIxc,코코(픽사) l 픽사의 또다른 명작 - 트레비의 영화리뷰,올리뷰영,,영화/애니메이션
IoJr93tPLa4,21세기 좀비 영화의 모범이자 교과서: 28일 후 리뷰,라이너의 컬쳐쇼크,"ㅋㅋㅋㅋㅋ창궐 안볼게요 알겠어요 ㅋㅋㅋㅋㅋㅋㅋㅋㅋㅋ ||| ㅋㅋㅋㅋㅋㅋ 진짜 너무하다 ㅋㅋㅋㅋ 창궐->좀비랜드->28일후 ㅋㅋㅋㅋㅋㅋㅋㅋㅋㅋㅋㅋ 실바너스보다 더한 분이시네 ㅋㅋㅋㅋㅋㅋㅋ ||| 요새 좀비영화 리뷰가 자주올라오는데 꼭 나오는 말 ""저는 좀비영화를 좋아합니다."" 이 문장이 마치 창궐한테 ""근데 왜그랬어. 내가 좀비영화 얼마나 좋아하는데"" 이렇게 들려서 너무 웃겨요ㅋㅋㅋㅋㅋㅋㅋㅋ ||| 이 오빠 창궐에서 진짜 화가 났었나보네.. ㅋㅋㅋㅋㅋㅋㅋㅋㅋㅋㅋㅋㅋㅋㅋㅋㅋㅋㅋㅋㅋㅋㅋㅋㅋㅋㅋㅋㅋㅋㅋㅋㅋㅋㅋㅋㅋㅋ ||| 창궐 때문에 발동 걸리셨네요. 우리가 잘못했어. 하고 사과해야 이 릴레이가 멈추는 것일까....",영화/애니메이션
g37oNLlEjaA,"넷플릭스""마블 디펜더스 1부"" 넷플릭스에도 어벤져스가 있다?!?(본격리뷰채널_스포x)파일럿4",pictures story ENT,,영화/애니메이션
mPQSfALCGDU,[새해 인사용 영화 리뷰] 영화 떠나기 전 해야 할 일 리뷰(+새해 인사),손리뷰,새해가 몇 시간 안 남았네요... 여러분 건강하고 희망이 가득한 새해 맞이하시길 바랍니다. 새해에도 자주 들러주세요^^ 해피 뉴 이어!!,영화/애니메이션
Gm_KbTr9zlM,내가 영화리뷰를 하는 사람들을 싫어하는 이유(feat. 저작권),하는법TV,"가면 부터  저작권  쏘우 ||| 나는 유튜브에서 남 왈가왈부하면서 어그로끌고 수익창출할라는 사람이 역겨움 ||| 인용은 저작권침해에 해당 안 됩니다,거기다 저작권을 위반하였을시 수익은 원 저작자에게 간답니다.유튜브가 알아서 제제해줘요 ||| 진정한 전자 영화리뷰 역시 매력이 땡기내요.   좋은정보 감사합니다. ||| 시청자들이 영화리뷰 보고싶으니깐 보는거임 그니깐 그냥 놔두삼",영화/애니메이션
ebBva8wgUTA,[영화걸작선] 70회 - 목격자 1부 (스포일러 리뷰),거의없다,"100% 이영화는 감독이 어디에서 살인자가 층수 세는거(싸이코패스 감별법) 듣고 영화 만든거임 그냥 딱 이 하나를 가지고 어디서 다 가져와서 붙여서 만든 영화일꺼임 ||| 이번 추석은 영화 관객에겐 재앙이고 스트리머에겐 축제더군요..... 한국영화계...특히 감독들이 정신 놔버린거 같아요 ||| 리얼이 뭔가 스타트를 끊은거 같아욬ㅋㅋ 그뒤로 정말 영화계에 뭔일이 생긴건지 ㅋㅋ 정말 극장에서 한국영화 볼수가 없어요 ㅋ 추석 잘보내셔용 없다님~~ ||| 안녕하세요. 거의없다입니다. 명절에 이것저것 일이 너무 많아서 좀 늦었습니다. 사실... 많이 늦었네요.  영화 화면은 많이 사용하지 않으므로, 예전보다 걸작선 만드는 시간이 많이 늘어났습니다. JTBC에 넘길 영상 세 개 만드는 시간 정도 걸리는 것 같네요.  이번 편 만드는 데에도 꼼짝없이 거의 이틀밤을 꼴딱 새우고 버텼네요. 네. 뭐 그렇습니다.  그러나!! 제가 걸작선을 버리는 일은 절대로 벌어지지 않습니다. 힘들면 힘이 드는 대로, 늦으면 늦는대로 어떻게든 만들어 보겠습니다.  여러분들께서는 기다려 주시기만 하시면 됩니다...만, 기다리시는 입장에서는 짜증나실 수도 있습니다. 네. 죄송합니다.  아마도 10월 중순이 되어 저작권 관련 제재가 완전히 풀리면 업로드 속도는 조금 더 빨라질 겁니다.   벌써 연휴 이틀째네요. 걸작선 보아주시는 분들 모두 행복하고 즐거운 연휴 되시기 바랍니다. 언제나 감사드립니다. ||| ""어차피 망한거 최고로 망해보자!!"" 제발 그만!!!!!!!!!!!ㅋㅋㅋㅋㅋㅋ진짜 뭔 의미가 있냐곸ㅋㅋㅋㅋㅋㅋㅋ내가 올해 무서워서 영화관을 못갔잖어ㅋㅋㅋㅋㅋ",영화/애니메이션
UEf68hAtYIc,[배우들이 들려주는 영화리뷰]  킬러와 소녀의 데스티니  '레옹',배들리,님..목소리가 취저네염 하아..빠져들어가버렷! ||| 정말 감각적인 연출.. 배우들의 감각적인 연기.  말이 필요없는 명작 ||| 오올~~ ||| 음질은 이게 제일좋은거 같아요 ||| 목소리가 아름답네요 ㅎㅎ,영화/애니메이션
zm6M6qm8GTQ,레디 플레이어 원에 숨겨져 있는 비밀｜영화추천 | 영화리뷰,썰타래,"▼직접 유튜브로 2년동안 6400만 원 벌은 방법▼ https://kmong.com/gig/402898 ||| 여러분 재미있게 보셨나요? 저희도 개인적으로 너무나 기대되는 개봉예정작이랍니다! 여러 작품의 많은 캐릭터들이 나오는데 여러분은 어떤 캐릭터가 제일 기대되시나요?!  댓글에 여러분들의 캐릭터를 써주세요~! 재미있게 보셨다면 구독과 좋아요,알림 부탁드립니다!  여러분 채널명이 바뀌어서 놀라셨죠?!  고민 끝에 메뉴팩토리가 ""썰타래"" 로 새롭게 단장했습니다!  더욱 양질의 컨텐츠로 찾아뵙기 위해 바꾼 것이니 양해 부탁드립니다!  영상에 '메뉴팩토리'라고 나와도 저희는 바뀐게 아니니 걱정마세요!  많은 응원과 격려 부탁드립니다! (걱정안하실거 알지만) ||| 네",영화/애니메이션
IW_7BaaJwBg,디즈니/픽사의 신작 코코 속 숨어있던 이스터에그들,엔스Ens,수정! 1:28 미구엘을 코코라고 말하네요; 코코가 아니라 미구엘입니다 ^_^ ||| 정말 디즈니/픽사는 이스터에그를 뗄레야 뗄수 없는 듯 ||| 2:25 아래 보시면 토이스토리에 나오는 제시 인형이 있어요 !! ||| 오늘코코보고왓는데진짜ㅠ그림너무예쁘더라요ㅠㅠ죽은자들의도시보몀진짜황홀경빠짐 ㅜ ||| 숨은그림찾기 게임 프로게이머급일듯,영화/애니메이션
TGZSZXz4wyY,{영화 해석} 병맛 속 참맛 / 지구를 지켜라,Tachi Screen 타치 스크린,지무비 보고 온 사람 ||| 어제봤는데 연출이 지금봐도 지루한감이없고 신선하더라 ||| 할리우드 리메이크 보고 온 사람  진짜 자랑스럽다 감독님  이런 실험적인 작품 또 뽑아주십쇼.. ||| 진짜 흥행은 못할 영화라고 생각은 하지만 너무 좋고 감독이 미친 천재구나 싶은 영화... ||| 예전에 이영화보고 많이 울었었는데 리뷰보고 또 웁니다.. 정말 명작이에요...,영화/애니메이션
nYA3mlF1c8Y,픽사 히어로 가족 레전드 📼명작 영화 다시보는 리뷰 토크쇼,해석왕 고태일 MovieMonster,제가 이걸본게 초등학생땐데 후속작이 14년만이라니ㅋㅋㅋㅋ인크레더블 제 인생애니인데 리뷰해주셔서 감사합니다 사랑해요 adbc♡♡ ||| adbc 흥해랏~! ||| 항상 응원과 격려를 보냅니다. ||| 크~~~~~오늘 인크레더블 한번더 보고 2탄 기다려야겠네요 ||| 12:20 아빠..그 CD 절판이래..,영화/애니메이션
BWhdMCyr5pc,명작 영화 속에 숨겨진 소름 돋는 디테일들,백수골방,이런사람들이 있으니까 영화제작자 입장에서도 영화찍을맛 나겠다 ㅋㅋㅋㅋ ||| 와.. 라라랜드 디테일찾아내신거 진짜 대단합니다.. 극중에서 일언반구없는 내용을 어떻게 ||| 영상 마지막에 트루먼 쇼 명대사를 넣은 건 신의 한 수 ||| 다른 영화로 넘어 갈때 너무 자연스럽네요 ||| 전에 타이타닉 침몰하고 남주와 여주가 같이있는장면에서 보이는 밤하늘의 별자리가 그떄당시의 별자리와 다르다고 팬이 편지써서 그당시의 별자리를 알아내어 바꿧다는 말을 들은적있어요,영화/애니메이션
ZCWJr8PcsD0,지금 다시 보면 완전히 다른 느낌… 멜로 영화 '봄날은 간다(One Fine Spring Day)' 방구석1열(Movieroom) 9회,JTBC Entertainment,"다시 곱씹어 볼수있는 영화가 진짜 최고지 ||| 허준호감독님.. 정말 존경합니다. 아직도.. 내 인생의 한국영화 최고임팩트투탑은.. 팔월의 크리스마스..그리고 올드보이. 봄날은 간다. 마지막 장면도 인상적이었구. ||| 사랑은 변한다 결국 의리로 살아가는 것 뿐 ||| 변영주감독님 너무 동안이시다 ||| 어릴때는 은수가 그렇게 미웠는데, 나이들고 결혼하고 다시보니.. 은수가 이해된다..",영화/애니메이션
KtBiEgS07rs,디즈니/픽사 영화 속 일시정지하면 볼 수 있는 장면 TOP 7,경선 Joshua Kim,안녕하세요 여러분~ 다들 좋은 하루 보내고 계신가요? 날씨가 따뜻해져서 나가서 운동도 하고 놀고 싶은데 미세먼지 때문에 걱정되기도 하네요 ㅠ  모두 건강 잘 챙기세요~ ||| 3:15 노크로 다져진 주먹 ||| 디즈니 제발 2D애니메이션 몇개만 더 만들어줬음 좋겠음 디즈니의 그 특유의 그림체 못잃어.. ||| 엄준식화이팅 ||| 2:02 달라가 4명이 되면 4달라,영화/애니메이션
yy8WahmGGes,영화 역사상 최고의 엔딩들(Best ending scene in movie history),온다마,영화 목록입니다 0:04 인셉션 0:08 살인의추억 0:18 트루먼쇼 0:23 델마와루이스 0:28 캐롤 0:34 가타카 0:42 토이스토리3 0:46 터미네이터2 0:53 쇼생크탈출 1:01 식스센스 1:06 A.I 1:14 파이트클럽 1:23 다크나이트 1:31 유주얼서스펙트 1:36 살인의추억 1:40 트루먼쇼 1:46 세븐 1:52 브이포벤데타 2:02 판의미로 2:09 러브레터 2:13 이터널션샤인 2:17 로건 2:23 레옹 2:32 델마와루이스 2:40 유주얼서스펙트 2:43 노킹온헤븐스도어 2:50 파이트클럽 2:55 시네마천국 3:01 위플래쉬 3:06 쏘우1 3:10 미스트 3:14 혹성탈출1 3:18 디스트릭트9 3:20 터미네이터2 3:22 그랜토리노 3:24 마더 3:29 그래비티 3:31 다크나이트 라이즈 3:34 다크나이트 3:40 대부1 3:51 라라랜드 3:59 블레이드러너 1982 4:10 원스 어폰 어 타임 인 아메리카 4:21 타인의삶 4:27 인셉션 4:51 본얼티메이텀 ||| GOAT 영상 자체가 GOAT ||| 마지막 본시리즈에서 딱 소름이 돋네 .. 나는 유독 본시리즈 저 엔딩음악 들을때마다 소름이 돋음 다른 영화들과 다른 여운이 있음 내 생애 최고의 액션영화 본 아이덴티티 ||| 장면 하나하나가 정말 주옥 같네요. 개인적으로는 영상에 빠진것 중에 지금 생각 나는 영화는 화양연화와 조디악 그리고 시간을 달리는 소녀네요. 이 세 영화들도 마지막 장면이 정말 좋아요. ||| 라라랜드 엔딩 저 장면은..  진짜..  ㅠㅠ,영화/애니메이션
tfJY82JQchA,Coco(코코) - La llorona(라 요로나) 가사/번역,솜의 상자 Caja de Som,"지금봐도 이멜라 진짜 대단함 남편이 떠났는데 슬퍼하지도 않고 신발 사업 성공해서 마을에서 최고로 유명한 신발 가게 되고 노래도 잘 부르고 얼굴도 이쁘고 빠지는게 없음 ||| 이 장면은 가사 내용을 알면 정말 명작인 것을 알 수 있습니다. 이멜다는 노래를 통하여 헥토르를 항상 사랑하고 있었다는 것, 아니면 적어도 진실을 알았으니 이제부터라도 다시 사랑하겠다라는 것을 표현하죠. 에르네스토 또한 관객들에게 영원히 사랑하겠다고 말합니다. 이것의 의미는 명성과 관심을 계속 추구하겠다는 의미이죠. 그가 헥토르에게 훔친 여러 노래들도 또한 이러한 이중적인 의미가 담겨 있습니다. ||| 코코에서 난 이노래가 젤로 좋아 이멜다가 이노래 부르는데 깜놀했슴 비장한 사랑의 노래같음!!! ||| 이멜다가 생전에 가장 자신있고 좋아하는 곡이였나봄 미겔 회유하려할 때도 불렀고 갑작스런 큰무대에서도 망설이지않고 즉흥적으로 부른거 생각하면 ||| 나는 이 노래가 너무 찡하고 슬펐다... 이렇게 재능있고 잘하고 음악을 사랑하는데 포기하고, 두번째로 신발장인마저 저승에서까지 유명할 정도로 해낸 이멜다에 대한 존경심이 느껴짐.. ㅠㅠ",영화/애니메이션
jedSXYfVAGY,"[ 겨울왕국, 2013년 ] 월트 디즈니 영화, 크리스벅 제니퍼리 감독, 안나, 엘사, 올라프, 크리스토프, 한스, 듀크, 크리스토벅, 제니퍼 리, 애니메이션 영화",무비컬렉션,,영화/애니메이션
chJjqLw-iwM,'맘마미아 2' 관람 전에 꼭 보세요! 시리즈의 설정과 주요 등장인물 정리,천재이승국 GeniusSKLee,"여러분 뮤지컬영화는 무조건 극장에서 봐야됩니다! 위대한쇼맨처럼 이번에도 신과함께에 묻히는 일이 없길 ㅠ ||| 맘마미아를 뮤지컬로 처음 접했는데 첫 장면에서 소피가 친구들이랑 일기장 읽으면서 “그러고는 샘(+해리, 빌)과 블라블라 했다”라고 말하는 장면에서 ㅇ..으응..???????!??!???!?했던 기억이 나네요ㅋㅋㅋㅋ 어렸었던 저에게는 매우 충격적인 첫인상.. ||| 맘마미아 소피 넘 예뻤어ㅠㅜㅜ  으헝헝 날 가져요 아만다 사이프리드 언니ㅠㅠ😂 ||| 진짜 너무 좋아했는데 보고 너무 즐거웠고 많이 울었어요:) 이전 맘마미아를 좋아하셨던 분들이라면  분명히 좋아하실 영화입니당 ||| 마침 맘마미아 보려고 했는데 영상 감사합니다",영화/애니메이션
jpovvHsPevc,디즈니가 망친 충격적인 속편_동심파괴,멋진기영TV,"여기서 놀라운 사실이 있는데요 바로 포카혼타스가 실존인물이라는 거예요ㅋㅋㅋㅋㅋㅋ  실존 포카혼타스와 존 스미스는 연인관계가 아니라 친한 친구관계였다고 하네요 저스트 프랜드..... 그리고 실제 남편은 존 롤프이고요 이렇게 보면 원래부터 2편을 염두해 두고 만든 것 같아요 생각하면 여기서 가장 큰 실수는 존스미스를 연인관계로.. 만든.. 것.. (그것도 너무나 아름답게..?) 그래서 포카혼타스를 갑툭튀 남주에게 환승해버린 이상한애로 만들어버린 것....ㅋㅋㅋㅋ 왜 이래야만 했는지 의문스럽다 진짜 ||| 디즈니역사상 가장 괴상망측한 삼각관곜ㅋㅋㅋㅋㅋㅋㅋ ||| 이야....남친 바뀌는건 좀 아니다.. 디즈니 너무하넼ㅋㅋ너무 충격적이다ㅜㅜ ||| 심지어 1편에 존 스미스가 포카혼타스 대신 총 맞아서 어쩔 수 없이 치료때문에 영국으로 돌아간 거였음... ||| 디즈니의 속편은 항상 전편에 비해 스토리의 구성이나 작화 퀄리티도 낮고, 음악적인 부분의 완성도도 부족함.  그냥 디즈니 만화동산보다 조금 더 신경 쓴 수준....",영화/애니메이션
hxySMs3akv8,디즈니가 포기한 영화?,스카이워커,"*다음 영상은 '클론 전쟁'이 아닙니다*  디즈니가 스타워즈를 망쳤다? https://blog.naver.com/darkk0729/221207321820  [솔로: 스타워즈 스토리]의 80%가량을 재촬영했으니 아직 디즈니가 포기하지 않은 것 같네요. 개인적으로 '엘든 이렌리치'의 연기는 모르겠지만, '한 솔로'로서의 연기는 안 맞는 것 같습니다. 그래서 디즈니가 '엘든 이렌리치'의 연기를 마음에 안 들어했던 것 같네요. [솔로: 스타워즈 스토리]가 두 번째 스타워즈 스핀오프 영화인만큼, 잘 나왔으면 좋겠습니다. 2018년 5월 25일에 개봉하는 [솔로: 스타워즈 스토리]를 꼭! 보시길 바라겠습니다^^ ||| 개인적으로 디즈니가 개입한 스타워즈 콘텐츠는  솔로, 클론전쟁, 만달로리안 밖에 없는거 같다 ||| 전 정말 재밌게 본 작품입니다! 마냥 밝은 분위기는 아니지만 한솔로의 과거사를 알 수 있어 좋았고 스타워즈 역사와 늘 함께 공존해 왔던 범죄조직에 대한 이야기도 나와서 매우 흥미로웠습니다. 영상 감사합니다! ||| 오오오오ㅗ옹 기대기대 ||| 예고편 마지막에 밀레니엄팔콘 겁나게 간지나게 괴물을 피해 날아가는 모습보고 소름 돋은 사람저뿐인가요..?ㅎ",영화/애니메이션
Aau5B1zw2v0,사람은 말야 상상력이 있어서 비겁해지는 거래  ( 올드보이 ) 1부 스토리편,리우군의 다락방,"아무도 언급을 안 하는데 “아저씨가 내가 내가 갈테니까 기다려” 이 대사는 처음 딸에게 경찰서에서 “아빠가 내가 내가 선물 사들고 갈게”라는 대사의 복선. 자신의 딸이라는 것을 안 뒤 15년 전의 딸에게 하던 말투 ||| ""왜 가뒀냐가 아니라, 왜 풀어줬냐는 말이야"" 진짜 이 대사 들을때 소름끼쳤었는데.. ||| 16:23 제일 좋아하는 파트 오달수 웃음기 사라지고 눈빛에 살기 들어가는데 와.. ||| 유지태 목소리 진짜 영화보는내내 귀호강이였다 ||| “모래알이든 바위든 물에 가라앉기는 마찬가지야” 무거운 죄든 가벼운 죄든 똑같은 죄라는 본질은 다를 바 없다. 중학생때 우연히 본 영화였는데 몇번 돌려보다가 오랜만에 다시 접하네요~ 잘봤습니다",영화/애니메이션
4bYG6JBtYLs,(광고) [피키무비] 2019 디즈니 첫 영화!! 주먹왕랄프 2 인터넷속으로ㅣ영화앞담화,에이팀아트리즈,재밌을거 같네요!! 영화관에 가서 볼 영화가 생겼다 ||| Wow disney movie 2 love movie disneyland 2019 😌😆😀 ||| 어제 영화관가서 봤는데 진짜 재밋서욤 !!!! ||| 헐 주먹왕랄프 관심없었는데.. 봐야겟네욤 ||| 1:20 에 멈춰보시면 카카오톡 로고 보입니다!,영화/애니메이션
3YC5-fAMpXM,[북트레일러] 디즈니의 악당들,라곰출판사,사고싶다 다 영상너무꿀잼 너무좋아,영화/애니메이션
bOPwItfImf0,"[B tv 영화 추천/movie Big #37] 디즈니 르네상스를 이끈 뮤지컬 애니메이션 (라이온킹, 겨울왕국)",SK브로드밴드_B tv,,영화/애니메이션
6pfKiJqMeGM,[더 프레데터] 전격분석 영상,20th Century Studios Korea,ㅋㅋ마스크없앤것도 일부러없앤거였네 진짜 설정다부쉈네ㅋㅋ ||| 프레데터를 멸종시킨 20세기 더 폭스. 앞으로 살아 남을 수 있을까요?? ||| 어쩐지 저 덩치는 슈트 안입더라 ||| 기존설정? 그런 거 다 읎다.. ||| 이건 아니여!!! 이럴수각...😭,영화/애니메이션
3Y4tUCEA7Is,퍼거니가 추천하는 디즈니 개봉 예정작! [퍼건],퍼건TV,거의다실사판,영화/애니메이션
PBZTvNgrRug,토르 다크 월드 _ 영화 다시 보기 _ 무비몬스터,해석왕 고태일 MovieMonster,"아주 감사합니다~! 항상 잘보고있습니다~! ||| 오~다크 월드네요  ㅎ   재미있게 봤는데   가끔 보고 있어요 ㅎ ||| 우와 드디어!!! ||| 잘봤습니다 옛날에 본영화인데 다시보는 느낌이네요 ㅎㅎ ||| 첫 편에서 쫒겨나고 생고생 둘째 편에서 어머니 사망, 아버지 쫓겨남 세번 째 편에서 아스가르드 멸망, 아버지 사망... 토르는 시리즈 나올 때마다 생고생 엄청 하고 상황도 안 좋아지네요 ㅠ",영화/애니메이션
l5bA9FsreHQ,[겨울왕국] 디즈니가 말해주는 불완전성에 대한 이야기,올컴,다락님이 겨울왕국을 리뷰하시는 걸 볼 줄이야 ㅋㅋ 엘사가 너무 살아 숨쉬는 것처럼 움직이는 거에 빠져서 뒤늦게 미대입시를 시작했었는데 추억이네요 ㅎㅎ 그래서인가 영상이 조금 더 깊었으면 하는 아쉬움이.. ㅠㅠ,영화/애니메이션
OejRczL4ub4,"버닝 해석! 흙수저 작가의 성장기? [영화읽고 알려줌] (Burning, 2018)",줄거리 알려줌,"곡성처럼 각자 해석하는 것이 답이 될 수 있지만 그래도 감독의 뜻에 가장 근접한 답이 아닐까 싶네요. ||| 단순한데 분석 진짜 잘하셔 해석 영상 5개 정도 봤는데 이게 제일 맞는거 같아 ||| 정말 단순하고 깔끔한 해석이다 영화에서 드러난 있는그대로의 것으로 해석하셨네 ||| 해석이  참  좋습니다. 곡성때부터  항상  봐  왔는데,  다른  사람보다 더  뛰어난것 같아요. ||| 오 재밌는 해석이다",영화/애니메이션
inQ8yHF3o58,팻두 노래모음 1 ★ 40곡 연속재생! [총 3시간 3분] 19금 없어요!,팻두의 스토리텔링,내가 너의 오아시스가 되어줄게 듣고 팻두님 노래 찾아서 다 듣고 그러다가 나이들면서 잊고 지냈는데 이게 이렇게 알고리즘에 뜨다니 ㅜㅜ와 진짜 마음이 몽글몽글 해진다 ||| 2025년에도 듣고있습니다. 초등학교때 보리콘다를 처음으로 듣고 마치 동화같은 스토리에 너무 감명받고 팻두형 노래를 지금까지 들으면서 자라왔습니다. 욕이나 잔인한 스토리도 많았지만 그래도 스토리가 너무 현실적이거나 각 주인공마다 감정이 담겨 있어서 듣기 좋았어요 ||| 몇일전에 팻두를 알게되었고 여기까지 찾아와서 노래를 듣는데 뭔 노래가 다 좋네 이제 팻두팬됐음 ||| 랩하면 돈얘기나 디스하는것만 생각나는데 팻두님노래는 마치 한편의 이야기를 들은거같은 느낌이들고 어쩔땐 동화 한편을 읽은 느낌이 들게해주는분이신거같아요ㅎㅎ 가끔은 슬프게 가끔은 즐겁게 가끔은 같이 화낼수있는 다양한 노래를 내주셔서 그 부분도 너무 좋은거같아요! 재수할때부터 몇년간 정말 많이듣고 힘을 얻을수있던거같아요 앞으로도 좋은음악 계속해주셨으면 좋을거같아요 유일한 스토리텔링 래퍼 팻두님! 항상감사합니다🙏🏻🙏🏻 ||| 처음에 자살직전에 듣는노래 만드신분인지 몰랐네요...ㅠㅠ 제가 자살 생각할때 많이 들어거든요ㅠㅠㅠ 앞으로도 많이 들을게요!!!,음악
vjI_hrAOCiE,"[연속재생] 카페에서 틀기좋은 감성팝송 연속듣기 -매장음악,bgm,카페bgm,연속듣기,7080음악-",도언,음악 이 내마음을 편안 하게 합니다 ||| 61생 입니다. 고국을 29세에 떠나서 젊은 시절 음악 다방에서 친구들과 함께듣고 했던 그 시절이 너무나 그리워 지는 2020년 1월에 너무나 고요한 독일의 조그만 시골 마을에 밤 입니다 고국의 모든것이 그리워 지네요 ||| 힘드시겠어요ㅠㅠ 3급이면 중증이실텐데요 조금더 힘내세요 ||| 저절로 흥얼거리게 하네요~~ 추억여행을 떠나볼까요😂😂😂 ||| 아들땀시 맴이 힘든때 듣고 위로 받고 있습 니다. 제발 맑은정신 돌아와서 학교잘다니 고 공부도 좀 하게 도와주십시요. 노래 참 좋습니다. 감사합니다,음악
Hh9TP6QpESc,키가 작은 사람들을 위한 노래!! 키작송!! (Song of short people) /스톱모션 MV [stop motion MV] :: 셀프어쿠스틱,셀프어쿠스틱selfacoustic,"안녕하세요 여러분 ♥ 오늘은 키가 작은 사람들의 마음을 담을 노래를 만들어 왔어요!! 제가 키가 작은편인데요 (키밍아웃!) 그간 들어왔던 말과 생각들로 가사를 써봤어요ㅎㅎ 저는 큰 키와 작은 키 모두 매력적이라고 생각합니다!!! 저도 작은 키로 학창시절, 친구들의 귀여움을 많이 받았었죠ㅎㅎㅎ 하지만 가끔씩은 큰 키를 갖고싶은 생각도 든답니당!! 세상 모든 귀염둥이들과 이 노래를 바칩니다!! 오늘도 시청해주셔서 감사합니다~!!  Hi everyone! Today, I've created a song to reflect the hearts of short people. I'm a little short. I've wirtten the lyrics with the words I've heard and my thoughts. I think both tall and short height are attractive. I used to be favored by my friends at school due to my short height. But sometimes I want to be tall. I'm dedicating this song to all the charming short people in the world. Thank you for watching today ||| 안녕하세요~ 노래하는 하람입니다. 제가 얼마전에 부른 <키작송>은 셀프어쿠스틱님의 노래입니다~ 제가 노래 올리기전에 셀프어쿠스틱님의 허락을 받고 노래를 올렸구요~ 그래서 영상을 올릴때 영상에도, 제목에도, 설명창에도 이 노래가 셀프어쿠스틱님의 노래라는 점을 밝혔고 감사하다는 말씀도 함께 올렸답니다. 그런데 몇몇분들이 자세히 보지 않으시고 여기 댓글창에 하람님의 노래라는 글을 달고 계십니다. ㅠㅠ 그래서 제가 너무 마음이 불편하답니다~ 제발 셀프어쿠스틱님의 댓글 창에 그런 글 남기지 말아주세요~ 굉장히 실례되는 말입니다. ㅠㅠ  셀프어쿠스틱님께 본의 아니게 기분상하게 해드리는건 아닌지 걱정이 되어 이렇게 글을 남기고 갑니다~  셀프어쿠스틱님~ 항상 응원할게요!🤗👍 ||| 폭풍공감! ||| 아..진짜 핵 공감 특히 팔걸이ㅠㅠ괜찮다 괜찮다~하면서도 무겁고 아프고 힘들고ㅠㅠ그리고 키가 딱 맞다며 너가 좋아 하면서 팔거는거 진짜 상처입니다ㅠㅠ제 친구들은 그래도 부디ㅠㅠ제발 다른분들은 안그러시길.. ||| 키커송도 만들어줘여",음악
9p11W518Qw4,"Psy 아버지 한글노래, 한글가사",4evr0,"집을 혼자 끌고 가면서, 뒤돌아 보면서 가족에게는 웃어주는 모습이 너무 안쓰럽네요. 힘들단 말 한마디 안하시고 평생 일만 하신 아버지 생각납니다. 저는 그렇게까지 못하고 살고있네요. 이젠 안계셔서 그 은혜 갚지도 못하지만, 너무 감사합니다. 아버지 ||| 23살이던 2015년에 아버지가 스스로 생을 마감하셨습니다. 주변 사람들의 배신으로 돌아가시기 1주일전에 가족여행을 다녀올 정도로 힘든내색 한번 안하시던 아버지였습니다. 이제는 어느덧 7년차 직장인이지만 사회생활을 하면 할수록 아버지가 대단하셨다는 걸 뼈저리게 느낍니다. 직장생활의 난관에 봉착할 때마다 누군가에게 허심탄회하게 남자로서의 고충을 물어보고 싶은데 물어볼 곳이 없는게 가장 서글픕니다. 제가 할 수 있는것은 지금 여자친구와 좋은 가정을 꾸려서 아버지에게 받았던 사랑을 그대로 자식에게 물려주는 것이라 생각됩니다. 아버지 하늘에서도 지켜봐 주세요 사랑해요 ||| 어릴때는 아버지가 담배피우는게 싫었는데 머리 좀 커지고 생각해보니 그 담배 한 개피에는 가족들에게 말 못할 이야기를 연기속에 묻어 날려보내고 계셨던것 같다 ||| 중학생 때 봐서 다행이다. 꼭 부모님께 효도 해드려야지. 내가 할 수 있는 모든 능력을 총동원해서 꼭 효도 해드려야지 ||| 아버지는 손이 다쳐서 수술해야되는데  돈 아껴야된다고 안하시고  아파도 참고 일하고 감사합니다  아버지 꼭 수술시켜드리고 싶습니다. 아버지 혼자서 저 키우시면서 고생많이 하셨습니다.",음악
J_067MeuFUw,조용필 - 바람의 노래 (가사포함),여러 음악 창고,25년에 듣는 분들 다 대박나세요👐 ||| 딱 하나 인생곡을 뽑으라면 바람의 노래입니다 일흔이 넘어도 소년미를 간직한 영원한 오빠 조용필님 건강하세요~ ||| 21살인데 이 곡 들을때마다 웁니다 😭 ||| 마음을 주는 방법은 너무 다양함을 보고있읍니다 사람들의 언어는 정말 다양한 것 같습니다 꼭 원하는 것이 이루어지길 희망합니다 ||| 이 노래를 듣는모든분들 건강하시고 행복하시길 빕니다.,음악
9EtSCaQ-6nU,미친 소울을 가진 소년의 노래 ㄷㄷ,Daily Busking,Very organically combine rap and romantic melody.💖 ||| 잘한다 버스킹 보는 맛 나겠다 ||| nice voice~ ||| This needs to go viral ||| I really like how they blended together with each other at different points. ❤️,음악
JeWJIh2Du0M,팻두 노래모음 2 ★ 30곡 연속재생! [총 2시간 6분] 19금 없어요!,팻두의 스토리텔링,와 광고 하나 없는 배려 진짜 감동입니다..ㅠ ||| 어른 아이 ㄹㅇ 띵곡 ㅠㅠ ||| 지금 들어도 너무 좋아요 ||| 항상 응원 합니다 ||| 23살 내일모레면 되는데 1본째 노래 듣고 왤케 슬프냨ㅋㅋ 나만 그자리에서 걸어가고 있는거같네.. 쉬파....,음악
ueO24y53jVw,S.E.N.S Like a wind | 힐링음악 틀어주는 유튜버 | Music 치유 감성 그리움,이모션 e모든것,Peaceful and calm ||| 心が落ち着く、安らぐ、素敵な音楽です。世界中の人たちが、安寧でありますように、、、 UPありがとうございます。 ||| 이 음악을 첨 들었던게 아마도 ...2000년대초반 ..벌써 20여년이 지났지만 아직도 아련한  그 때의  그기분들이 느껴지네... ||| 만남 사랑... 그리고 이별... 아련한 슬픔과 그리움 ||| 감사합니다. 평온과 희망을 주는 명곡..♡,음악
KwjR4hfKhQE,[자작곡] 은송 - 도만 나오는 노래,싱송은송,여러분 덕분에 [도만 나오는 노래] 가 음원으로 정식 발매 되었습니다!🎉🎉🎉🎉🎉 국내 음원사이트를 통해 들으실수 있으니까 음원도 많이많이 들어주세요💕💕💕 고맙습니도💕 ||| 미친 이거 천만뷰됐어ㅋㅋㅋㅋㅋㅋㅋㅋㅋㅋㅋㅋㅋㅋㅋㅋㅋㅋㅋㅋㅋㅋㅋㅋㅋㅋㅋ 나 같은 인간들 아직도 못 잊었구나... ||| 알고리즘이 지금도 띄워주는데에는 이유가 있다 ||| 7년이 지나도 아직까지 찾아오는 사람이 있을까?? 2025년 모여라!!!!! ||| 왜 갑자기 알고리즘에 떴는지 모르겠지만 미친 추억여행으로 25456번째 듣는중임,음악
84lMXQYRW9Y,일어나 김광석 곡  워니 노래(가사),김워니 (워니),유방암 걸렸어요 너무 고통스러워요 ㅠㅠ 일어나 노래 생각나서 들어봅니다  끝가지 해보는거야 일어나 ||| 지나는 길에 우여히 들렸습니다.  추억의 노래 잘 듣고 가면서 구독  좋아요 하고 갑니다. ❤ ||| 살아숨쉰듲한 김광석 님 노래를 기가 막히게 소화 하시네요 최고 임니다 ||| 우리국민들이 똑바로알고 올바른 판단을 하고 정신을 똑바로 차리고 행동해야 우리나라 자유민주주의를 잘지킬수 있을것같아요 ~~ 바른소리하는 국회의원 과 거짓말과 자신의이익을 위해 진실을 왜곡하는 거짓을 남발하는 국회의원을 선별하고 우리의권리를 대신하는 국회의원 을 선출해야 한다는걸 절실히 느껴지네요 ~😢😢😢 ||| 저는 매일 아침에 기상할 때 듣는 노래인데요 하루 시작할 때  힘을 주는 멋진 노래입니다~~~ 대한민국 파이팅!,음악
UtnUxh8dGdE,♫ 어쿠스틱 인디 모음 ♫ 밤에 쉴때 듣기 좋은 언더 노래모음 ♫ Korean Underground Playlist,LuthAna Studio,"호소 - 헤어진지 일주일쯤 됐을까 (0:00) 이소라 - 운 듯 (4:30) 요조 - 뒹굴뒹굴 (7:08) 스탠딩 에그 - 내게기대 (feat. 박세영) (10:38) 피움 - 사랑에게 말을 거네 (14:44) 멜로우스푼 - 잘 지내니 (18:43) 커피소년 - 사랑의 비겁자 (22:04) 아마도이자람밴드 - 은하수로 간 사나이 (26:20) 달콤한 소금 - 계절탓이야 (30:53) 희상 - 그대, 머물다 (Acoustic ver.) (35:03) NY물고기 - 왜 자꾸 눈물이 (39:29) 재주소년 - Missing Note (44:57) 소심한 오빠 - Cry Cry Cry (49:18) 원써겐 & 팻두 - 기억을 지워주는 병원 3 (feat. ROO) (52:55) 커피소년 - 내가 니편이 되어줄게 (feat. 하은) (57:13)",음악
cKfourd6XD8,박효신-숨(가사포함)│노래중독,노래중독BGM,내마음을 잘 알아주는 노래.. ||| 나에게 힘이되는 노래 ||| 보컬도 예술 가사도 예술인데 작곡까지... 이노래는 정말 레전드야 ||| 지치고 힘들 때 위로가 마니 마니 되는 노래 ||| 진짜 매일매일 들어도 질리지가 않아요ㅠㅠㅠ 뒤늦게 박효신 입덕해서 그런지 진짜 너무 설레요💕🙊💕,음악
e6ysTaCI0cQ,"3 듣기좋은 어쿠스틱 팝송,카페배경 음악,인디팝,커버곡팝송,Acoustic Pop Songs fE 3qYyzlwE",lykora,"넘 좋아요... ||| 노래가 다 너무 좋아요♡ 1시간 8분에 나오는 곡 제목 알려주세요^^ ||| Thank you for this playlist! I love the ""The Broken Beautiful"" by Ellie Holcomb at 1:15:18 ||| Setlist please? ||| 첫번째 곡 가수가 누군가요? :)",음악
7gEDb8dNb-I,서울예대 실용음악과 보컬 임재현 - 열애중 (원곡 벤),H film,임재현 음색 최고 ㅠㅠ엉엉 ||| 임재현 너무 좋앙♡♡ ||| 임재현 가수님 자주보고 싶어요 너무 팬입니다😊 ||| 하앙진짜목소리개좋앙 ||| 사이다 보컬 임재현!!! 정말 들을수록 재현님의 목소리가 좋아요 오늘도 기분좋게 듣고갑니다^^,음악
4m7Vg4mEqVU,가슴 더깊은 곳 심연深淵을 흔드는 불교음악 8곡,tv낡은목마,"관세음보살 나무아비타불 부처님께 기원합니다 우리소중한 손녀  뇌병편 재활잘 해서 건강하게 부처님께  기원합니다 ||| 저 2003년에, 췌장암 말기 였어요. ㆍ 이겨 냅시다. ||| 저도 한세상살기가 힘들고지치고많이웋고. 살아왔지만. 억굴하고분할만큼 나쁜사람들한태당하고지금까지살아왔지만 제마음에상처는치유되지안고있습니다. 한맺힌제마음. 조금이라도위로되니 좋습니다. 슬프고 듯기좋네요 ㅜㅜ.  저도앞으로는 좋은일만 있고 웃는일만있길바래봅니다. 저도. 언젠간소원성취하느랄이오겠지요. ㅜㅜ ||| 지장보살님감사합니다 ||| 자식에게 점점 정떼고 부처님 노래에 마음을 보냅니다 모든 부모님들이여, 자식들이여 부처님 가피속에서 편안하길 발원합니다 나무  관세음보살🙏🏼🙏🏼🙏🏼",음악
SGmnGLN-6YU,다비치 - 안녕이라고 말하지마 가사│노래중독,노래중독BGM,"노래중독BGM 채널이 개설 5주년이 되었습니다. 많은 관심과 많은 방문에 감사드립니다.  ★공지사항★ 1.음원에 대한 저작권은 저작권자께 있으며, 모든 수익은 저작권자께서 가져갑니다. 저작권자: 100% 노래중독BGM: 0%  2.아티스트 및 음원에 대한 악플,비방,욕설은 삭제&차단하고 있습니다. 팬분들은 악플 걱정없이 소통해주세요^^ ※ 아티스트 및 음원이 너무 좋아서 나온 욕들은 삭제조치까지만 진행됩니다.(차단조치 없음)  광고 및 홍보문의: ehddns6489@gmail.com ||| 나이 50넘어서 심장이 쿵쿵.... 잊고 살았던 인생에서의 소중한것들을  이 음악 듣는 4분동안 다시 기억해냈다 ||| 사랑에게 올인한다는건..정말 어리석다고 본다..  평생 같이 하는 사람 마져.  나를 사랑하지 않음을 알게 되고 그마져도 내께 아니었음을 알게 되고 나서야 난 ..더 살아야할 이유를 알았다... 정말 좋아한 사람 마져도.......날 버렸음을 알고 나서야 정신이 들기 시작하는데 겉잡을 수 없을 만큼 강한 생명력을 느꼈다 ||| ""넌 그 입을 더 열지 마"" 어쩜 저렇게 단호하고도 속되지 않게 할 수 있는지 ||| 넌 그 입을 더 열지마!!! 이부분이 너무 마음에 들어ㅠㅠ 뭔가 애절하면서도 화난듯한 느낌을 너무 부드럽게 잘 표현함💜 다비치는 사랑임💚💛",음악
-hpmryRYUiI,[빅뱅] 새벽에 들으면 더 좋은 태양 노래 모음,544 _,"이 플레이리스트는 없어지면 안됩니다😂 ||| 백야는 진짜 인트로로만 쓰기엔 너무 아까운 노래ㅠㅠㅠ ㄹㅇ 타이틀 감인데 사람들 잘 모르는 거 아쉬움.. 진짜 딱 새벽에 어울리는 노래들만 모아놔서 너무 좋네요 ! ||| 처음 텅빈도로 나왔을 때 이불 속에 숨죽여서 한참을 울었던 게 생각나네요 .. 왜 그랬는지 모르지만 그때 그 노래가 너무 슬프게 들리더라고요 ㅋㅋㅋ ㅜ ㅜ ||| 진짜 stay with me 는 세상 stay with me 어느것보다도 좋다ㅠㅠㅠㅜ어떻게 노래가 저렇게 좋을수가있지 백야는 풀버전 꼭 나왔으면 좋겠다 저 좋은걸 인트로로밖에 못듣다니ㅠㅠㅜㅜ ||| 백야는 영상이랑 보면 더 황홀합니다,, 이게 아닌데가 있다니 :),, just a feeling도 밤에 들으면 무지막지 좋아요,,",음악
uZEukOsQrgU,아이콘(iKON) - 사랑을 했다 (LOVE SCENARIO)(R&B Version)/ 이 노래가 이렇게 바뀌네..;; 훈제이HOON.J/ kpop soul trap hiphop,HOON.J,"내가 이 분 영상을 왜 지금 봤을까 ||| 1.25 속도로 들으면 더 좋아여 ||| 미쳣다.. ||| 아 그냥 너무좋아요ㅜㅜ♡ ||| 개인적으로 커버하신 곡들 중에 제일 본인 음색,방식대로 표현하셔서 Best라고 생각되네요 정말로 잘 들었습니다!!",음악
xUGMQWqJPWs,"[연속재생] 운전하면서 듣기좋은 음악 -매장음악,매장bgm,bgm,kpop,k-pop,연속듣기,연속재생,광고없는음악",은영,"땡큐합니다^^ ||| [연속재생] 운전하면서 듣기좋은 음악 -매장음악,매장bgm,bgm,kpop,k-pop,연속듣기,연속재생,광고없는음악 ||| 아주 신나게 들으며 운전했어요!!!  아주좋네요~^^  딱 그때 그 감성!! ||| 좋은 노래만 다 있네요~ ||| 우전할때  경쾌해서아주좋아요",음악
KioSzYqy71g,양홍원(young b) 노래 부르는 영상,양홍원갤러리,겁나 잘부름 옆에 있으면 백프로 반할거 같음 ||| 랩처럼 노래도 약간 쫀득하고 단단하게 나오네.. 씹재능 양홍원 ㅋㅋㅋㅋ ||| 팩트) 양홍원은 딕키즈 처음 들어올때 보컬로 들어왔다... 그냥 쌉재능충임 ||| 노래 듣고 설렌다 반한다 이해 못했는데 남사친이 이렇게 불러주면 ㄹㅇ 개설렐 듯 ||| 이거 그냥 대박인듯 목소리 완전다름 목소리만 들으면 영비인지모를듯,음악
yMeGW2FJ2BM,[노래] 남총련 찬가,눈졸린,남총련 진군가 듣고 싶은 날이내요. 교문 싸움 중 항상 들었었는데... 이제는 말할수 있다 남총련은 항상 최선을 다했다 직접민주주의 만세 남총련에 영광이 있으라. ||| 지금이때가남총련이필요한데  빛나거라 남총련 ||| 투쟁~~ ||| 아~~~눈물 ||| 후렴만 따라갑니다!!! 아아아 타오르는 구국의 함성이야!!!,음악
7lUouH0cGZ8,"추억의 피파온라인2 노래, 트랜스픽션 명곡 모음",나만 아는 노래 :: NamanA,"정확히 10년됐네......... 하 미쳐버리겠다 제 인생에서 피파2를 경험하게 해줘서 고마워요 이젠 추억이네 다 집어치우고 그 시절로 돌아가고싶다 ||| Z.나이트 메르테사커 C.삼바  4년전 아무생각없이 썼는데  댓글 쓰신분들보니 잊고 있었던 추억 돋는 선수들이 많네요ㅋㅋㅋㅋㅋ ||| 2024년인데 듣고있는사람 또 있겠지?ㅋㅋㅋ 요즘 피온하면 이시절 피온 그립다 학교 끝나고 피방가서 한두판 때리고 학원가던 그시절의 피온2가 찐이었는데 ||| 정말 이 노래를 들으면 젊었던 나날들이 떠올라 벅차오른다 .  대학교 등록금을 벌기위해 , 공사장에서 막노동으로 벌어온 7만원 일당 받으면서  유일한 즐거움은 저녁시간 피씨방에서 2시간동안 자판기 커피와 담배한모금으로  즐겼던 피파온라인 2  군대를 제대하고 세상의 고단함을 알아가던 첫걸음에  나와 함께 해줬던 피파온라인 2 . 저에게는 게임 그이상의 추억입니다 . ||| radio는 진짜 피파2 유저에겐 애국가 같은 노래였다 진심",음악
vzmiq_WWzoE,본인 노래인줄? 박상민 그가 부르는 IF YOU,음악자동재생,라도 이퓨 듣고 여기까지 왔네. 박상민 지린다ㅜㅜ ||| 빅벵이 부른 건 사랑 노래라면 이 형님이 부르니까 삶의 애환이 서려있는 노래네 ||| 진짜 옛날가수들이 진짜 가수라고 하는말이 와닿네 진짜 쩐다 ||| 라도 듣고 여기까지 왔네요 ~  그냥 끝까지 잡음없이 들었으면.. ㅠㅠ 라도나 박상민이나... ||| 2절 도입부 치인다,음악
wXHyGfkP1AU,[노래 버전] 역적 OST ｜ 홍연  - 안예은,아야금AYAGEUM,검은색 빨간색 섞인 고급진 한복 입고 했음 레전드 찍었을것 같아요 ㅠㅠ 잘 듣고 갑니다 ||| 다른분들의 홍연은 단순히 홍연을 따라부르는 느낌인데 이분은 홍연에 자기만의 색깔을 입히셨네요...;; 거기다 가야금이라니 ||| 다른 사람들은 거의 홍연 부르면 안예은님 톤에 맞추려고 노력하는데 이분은 자연스럽게 부르셔서 듣기 너무 좋음 그렇다고 다른분 욕하는거 아니에요~ ||| 한국적인 미가 느껴져요 진짜 선녀가 있다면 이런 모습일듯 ||| 와 그냥 딱보고 느꼈는데 웹툰중에 실이라는 웹툰이잇는데 찰떡인데.....? 짱이에야,음악
42iMZrYDEM4,[MV] Onestar(임한별) _ The Way To Say Goodbye(이별하러 가는 길),1theK (원더케이),"이노래는 명곡이다. 내가 생각하는 발라드 명곡의 기준은 모태솔로도 듣고 이별의 아픔을 느낄수 있어야한다.  오늘 난, 얼굴도 모르는 또 한명의 그녀를 보냈다. ||| 평생 알지도 못하던 사람들이, 평생을 아는 것처럼 만나, 평생 잊혀지질 못할 것처럼 아파하면서, 또 시간이 지나면 다 잊혀지고.. ||| 진짜 사람이 만났다 헤어지는 일이 가장 슬픈 것 같다. 세상 하나가 없어지는 거니까. ||| Kesini gara2 lihat video ada fans cowok yg disodorin mic sama idolnya dan ternyata suaranya bagus bgt❤ ||| 헤어지자 할땐 겉으로 애써 무덤덤한척, 미련없는척 집에와선 슬프다, 미안하다 이런 감정 하나 없이 그냥 멍하니 시간 보내다가 조금씩 정신차리면 자연스레 걔는 뭐하고 있을까? 집에는 잘 들어갔을까? 평소에 집에 들어와서 카톡하고 전화했던 기억들 나고 이젠 남이구나 생각들면서 숨도 못쉬게 먹먹해지고 수술 후 마취 풀리면서 서서히 아파오는것 처럼 점점 더 떠오르고 당장이라도 다시 전화하고 싶고, 만나고 싶고, 사과하고 싶고, 안아주고 싶고 머리로는 이미 수없이 많이 찾아갔어도 어차피 안되는거 아니까 입술깨물고 참고 술마시고 잠들고 그렇게 잊었다고 생각할때까지 버텨도, 막상 좋았던 장소, 맛있었던 음식, 좋아했던 노래 나오면 나도 모르게 울컥 눈물 흘리고... 세월에 빛바래져도 지워지진 않더라",음악
5qRbScCEM04,명불허전... 노래🍁 소주한잔 - 임창정 커버 | 버블디아,버블디아,버블디아의 감성적인 발라드 커버곡 추천해요 지아- 술한잔 해요 ⬇️ https://youtu.be/k2F4ZRylfkY  서프라이즈~^^     오늘도 파이팅 하세요!!!! ||| 없었던 전여친 생각나네.... ||| 버블디아 커버 중 탑인듯 ||| 이제 봤는데 썸네일이 진짜 소주한잔하고 크아! 하는 모습이네요....그냥 그렇다구요... 노래는 정말 잘듣고 있습니다! ||| 치!,음악
oUG5K7sz3CA,정승환 - 사랑에 빠지고 싶다 고딩 일반인 축제(COVER) 마지막 레전드,남찬우,도입부가 너무 좋아서 계속 들어요 . ... ||| 운동을하고 열심히 일하고 이부분은 진짜 음색 킹이다 목소리 진짜 개좋다 ||| 듣다가  목소리 ㅈㄴ좋아 이러시길래 와 진짜 좋다...하면서 목소리 진짜 좋다 이러면서 집중하고 있었는데 ㅋㅋㅋㅋㅋㅋㅋㅋㅋㅋㅋㅋㅋㅋㅋㅋㅋ보다가 빵터졌요 진짜 ㅋㅋㅋㅋㅋㅋㅋ아 웃겨 ||| 뒤에 가르마 왜저렇게탓는지가 제일 궁굼해서 영상 집중안됨 ||| 목소리 개좋다 근데 마지막에 ㅋㅋㅋㅋㅋㅋㅋㅋㅋㅋ,음악
C14Qa_qwRQ8,헤어지면 생각나는 노래 - 6 To 8,뮤직SOUND,오늘도 생각 없이 이 노랠 흥얼대본다 뻔한 그 가사 말을 혼자 또 따라 부른다 이게 뭐라고 그깟 이별이 대수라고 왜 또 그래 이 노래 생각난다 어딘가 익숙했던 노래의 길을 멈춘다 왜 진작 몰랐을까 내 맘과 똑같다는 걸 이게 뭐라고 그저 함께 듣던 그 노래였는데 이제 와 내 귓가를 자꾸 울린다 누가 또 이별하고 그리워하나 봐 이 노래 주인공도 나처럼 아팠나 봐 그래서 더 생각난다 또 니가 참 보고 싶다 벌써 며칠째 이 노래에 기댄다 우리가 사랑할 때 들리지 않던 가사가 한 글자 남김없이 텅 빈 가슴에 박힌다 니가 뭐라고 금세 괜찮겠지 그 말 다 거짓말 거리에 니가 부르던 멜로디가 누가 또 이별하고 그리워하나 봐 이 노래 주인공도 나처럼 아팠나 봐  그래서 더 생각난다 또 니가 참 보고 싶다 벌써 며칠째 이 노래에 기댄다 운다 이 노래가 나 대신 운다 별거 아닌데 나를 미치게 해 이 노래가 너 역시 어디선가 이 노래 들린다면 한번은 돌아보겠지 또 추억이 붙잡겠지 너도 나처럼 무너질까 맘이 다 터질 만큼 이 노랠 부른다 니 귀에 닿진 않을까 혹시 돌아올까 봐 뭘 해도 난 너뿐이라 또 니가 참 보고 싶다 오늘 하루도 이 노래만 부른다 오늘도 이 노래가 날 울린다 ||| 긴긴연애 473일만에 이별했다  만남뒤엔 당연히 이별이오는건아는데  담담하게 받아드리려고해도  가슴한구석이 아픈건 여전하네 ||| 2021듣는사람 ||| 이노래 제발떴으면 좋겠는데 그러기엔 나만알고싶은 최애명곡 ㅠㅠㅠㅠ ||| 노래 너무 좋음진짜,음악
MjfXhMj6WSU,[묵상기도음악] 찬송가 피아노 연주 메들리 '그레이스' 2 | Grace 2,Sungeun Jung 정성은,제 불안장애를 기도와 믿음으로 이겨내고싶습니다. 주님 도와주세요. 간절히 바랍니다... 거룩하신 우리 주 예수 그리스도의 이름으로 기도드렸습니다. 아멘 ||| 저는 아이가 소아암이였는데~  사모님 찬송가 들으며 많은 위로를 받고 하나님의 은혜로 치료를 종결하였어요.시간이 지난 지금도 찬송을 들으며 감사와 그때 힘들었던때가 생각나 눈물도 납니다.같은 처지에 있는 환아엄마들에게도 권유하게 되어 힘들때마다 큰 힘이 되어준 찬송입니다.감사합니다🙏 ||| 잘들었습니다 ||| 좋아요 아주~~ ||| 자다가 죽을 지 길을 가다 죽을 지 아니면 기도하다 죽을 지 알 수 없을 정도로  중병에 걸려 있었을 때 이 찬송가 반주를 들으며 하나님께 살려달라고 부르짖으며 기도했습니다. 살려만 주시면 하나님을 위해 살겠다고..  그 부르짖음에 응답해 주신 하나님. 죽음의 문턱에서 저를 건져주셨지요. 하지만 하나님을 위해 살겠다고 다짐했던 나는 어디로 간 걸까요? 그 약속을 지키지 못 할 거라는 걸 아시면서도 저를 고쳐 주신 하나님..  사랑합니다. 그리고 죄송합니다..,음악
ueO24y53jVw,S.E.N.S Like a wind | 힐링음악 틀어주는 유튜버 | Music 치유 감성 그리움,이모션 e모든것,Peaceful and calm ||| 心が落ち着く、安らぐ、素敵な音楽です。世界中の人たちが、安寧でありますように、、、 UPありがとうございます。 ||| 이 음악을 첨 들었던게 아마도 ...2000년대초반 ..벌써 20여년이 지났지만 아직도 아련한  그 때의  그기분들이 느껴지네... ||| 만남 사랑... 그리고 이별... 아련한 슬픔과 그리움 ||| 감사합니다. 평온과 희망을 주는 명곡..♡,음악
K_NL-CUqwU8,"[ 노래추천 ] 부드러운 그리고 감성적인 노래 , 듣기좋은 어쿠스틱 인디음악 모음 (SKYBLUE SOUND)",SKYBLUE SOUND,"안녕하세요 채널 관리자입니다. 최근 일이 너무 많아서 채널관리를 못하고 있는 상황이라 참 죄송합니다.  (마무리 되는 대로 좋은 음악들로 찾아뵙겠습니다~! ) 얼마전 해당 영상에 포함된 가수 문문의 성범죄논란을 확인했습니다.  그 결과 리스트에 부적절하다 생각해 삭제 조치 하였고 서버에서 수정중에 있습니다. 논란이 해당 동영상 업로드날짜 이후 발생한 일이기에 리스트에 포함될 수 밖에 없었던 점 양해부탁 드립니다.  미리 확인하지 못한점 죄송합니다 ㅜㅜ  항상 감사합니다. 곧 좋은 음악들로 찾아 뵙겠습니다 ~! ||| 왕 유명하지도 않은데 노래가 참 좋네영 이런노래 알려주셔서 감사합니당 ||| No entiendo nada, pero amo tanto las canciones coreanas así, gracias. ❤ ||| 노래가 너무좋아요 ^^ 감사합니당♥ ||| Love it❤️ sweet song✨",음악
gx9ffQH6ojA,[묵상기도음악] 찬송가 피아노 연주 메들리 '그레이스' 3 | Grace 3,Sungeun Jung 정성은,더많은 사람이 듣고 예수믿는 사람들이 생겨나기를 기도합니다 ||| 오! 주여 찬양은 당신으로 젖게합니다.  내 혈관으로 내 삶으로 내 인격으로 당신을 살게도와줍니다. 사랑과 은혜와  축복과 감사가 호흡으로 심장으로  살아 하늘을 향하게 합니다  오!  주님. ! ||| 제가 지금 새벽 두시에  일어나 연주를 듣게 됩니다~필리핀 세부에 살고 있는데 코로나로  인해 나라법으로 밖을  나가지  못하는 상항에 기도 하게 됩니다. 예수님 여지것 예수님  아니면 저는 죽을수 밖에 없는 죄인입니다.예수님 긍률과 자비를  베풀어 주셔서 제발 제 생각이 온전히 주님을 닮아가는 딸로 성장 할수 있도록 저를 붙잡아  주세요.예수님 저희 첫째오빠 둘째오빠 첫째언니 모두 장애인으로  태어나 어릴때부터 제가 모든것을 책임져야 하는 힘든 상항에서 저혼자면 할수 없었습니다.살아계신 주님이 함께기에 할수 있었고 여지것 버틸수 있었습니다.그런데 지금  제가 너무 힘들어요. 예수님 다시한번 일어날수 있는  힘과 능력을  주님  도와  주세요.제발 죄많은 여인을 주님에 긍률과 자비로 용서해 주시고 제발  도와  주세요  예수님  이름으로  기도 했습니다.이젠 ||| 오늘 첨으로   반주접하는데요 ~~넘 은혜 됩니다  성령충만함을 받습니다    할렐루야 ~~ ||| 하나님의 은혜의 바다로 노저어 가게 하소서!   연약한 삶 가운데 성령의 능력을 힘입어 승리케 하시고 감사와 찬양으로 제 삶을 덧입혀 주옵소서!,음악
JWTHsxn3B2M,"그레고리오 노래 힐러, 편안한 비 | 내면의 치유 음악",음악,하느님 저도 친구들이랑 놀고싶어요 ||| 주님.. 제가 건강이 허락될때까지 율동으로 찬미하게 해 주세요 ||| 엄마 아빠 건강 지켜주시고 동생이 예전의 모습으로 돌아오게 해주세요 다시 우리 가족 행복해질 수 있도록 도와주세요 열심히 공부해서 가족들에게 힘이 되는 사람이 될게요 제발 기도 들어주세요 아멘 ||| 무엇보다 못난 저를 잊고 밝게 살수잇도록 제발 도와주소서 ||| 귀신 잡는데 이게 최고!!!❤❤❤❤,음악
CEZ4bWAB6BY,[묵상기도음악] 찬송가 피아노 연주 메들리 '그레이스' 4 | Grace 4,Sungeun Jung 정성은,찬송가피아노 들으면서 일하는데 엄청~ 은혜입니다. 고맙고 감사드립니다. 예수님의 이름으로 축복합니다!!~♡ ||| 오늘 하루도 주안에서 샬롱~~* ||| 아멘. 이땅 고쳐주소서  이땅에 진정한 회개의영이 임하게 하소서 주님의 뜻을 이루소서 ...... ||| 예수님 💜  감사합니다 주님 보좌로 나아갑니다 ||| 사모님 정말 감사합니다 매일 아침 기도시간에 사모님 연주와 함께 합니다.. 오직 주님의 나라와 영광을 위해서 아름다운 수고를 하시는 사모님을 통해 디딤교회와 사모님의 가정과 사모님 개인에게 하나님께서 모든 것을 더하여 주시길 기도하겠습니다!,음악
rtzkCCOBB28,[묵상기도음악] 찬송가 피아노 연주 메들리 '그레이스' 7 | Grace 7,Sungeun Jung 정성은,천국에서 날 기다리시는 주님을 그리게 되어 가슴 벅차도록 은혜를 경험하게 됩니다 ||| 주여!! 낙심과 실망으로 힘이 없어진 저에게 힘을 부어주소서! 다시 일어나게 도우소서 주님 한분뿐입니다. 저에겐 기도하는 것들을 응답하여주셔서 감사 기쁨이 넘치게.하소서 아멘 ||| 하나님아버지깨 글의기도를드립니다 믿고구한이의기도를이루어주시는주님 주님ㆍ나라의의를위해 한걸음성장하는ㆍ나자신이되게하여주시옵소서ㆍ반석되지못햇던 나의믿음이이젠ㆍ성숙해지길원하오니 나는주님의종이오니 인간에게지혜를주시사 하나님나라의확장을위해도와주시옵소서 사랑하는친구가잇습니다ㆍ친구를만ㅇ난것은다구원하란주님의뜻가운데엿습니다 천하보다귀한ㆍ한영혼을사랑하시는주님 이설ㅇ날에도혹여 교도소나병상에서우울한그들에게찾아가셔서 소망을더하여주시옵소서살아보니모든것은다하나님의은혜엿습니다 더더욱이열심을내어 거룩하신주님 연한풀과같고 양같으시나ㆍ강하신ㆍ주님윽믿음닮겟사오니 제게영안을더욱역사하시사축복의통로가되게하여주시사 어지러운대한민국이잔잔한바다의평안을허락하시사ㅡ다예수님믿는놀라운역사가전개될찌어다아멘옐ㅇ리야가기도하면비가내리듯이 찾으시는의인중에 저도들게하시옵소서 저를죄가운데사람되게함ㆍ감사드립니다거룩하신만왕의구주예수님이름으로기도드립니다 아ㅡㅡㅡㅡㅡㅡ멘 ||| 사모님  감사합니다 날마다 은혜로운 찬양과 아이들이 평안하게 잠이들고 또 함께 쉼을 얻습니다 늘 건강하시고 늘 주님과 동행하시는 삶이 되시길 기도합니다 사랑합니다 ||| 사모님의 귀한 찬양연주 참으로 은혜가 됩니다~💕 이 찬양을 듣는 모든 이들이 구원의 감격을 회복하고 주님과의 첫사랑을 회복하길 기도 드립니다💕 예수님 감사합니다💝 사랑합니다💝,음악
lzs1C_MRz2s,[ArtTrack] 임재범 - 비처럼 음악처럼,RIAK OFFICIAL,"미국입니다. 비내리는 새벽. 임재범씨 노래소리가 빗소리보다 더 비 같네요. ||| 지립니다 형님. ||| 원곡도 큰 감동이지만 재범 형님은 진정 레전드. ||| 이노랠 감히 누가 이렇게 이럴 수 있을까? ||| 제가 병원에서 소주 마시면서 듣던,김 현식 선생님 노래를 거의 완벽하게 소화했던,가수 음반였던걸 기억합니다.",음악
LpHOslWMl4E,PLAYLIST | 도시 속을 살아가는 우리들의 음악,미러볼 뮤직 - Mirrorball Music,"■ Track List 01. 서교동의 밤 – City Girl City Boy (Feat. 다원) (00:00) 02. 우리같은사람들 – 사랑은 무능력함으로부터 (03:42) 03. 기프트 – 앉아있네 (07:10) 04. Letom (레톰) – Starry (10:17) 05. 네쉬핍 (Nashpeep) – 맴맴 (15:39) 06. 리메인즈 (Remains) – Liberty Song (19:03) 07. KODI GREEN – 편해졌어 (Feat. twlv, Bambi) (22:53) 08. 롱디 (LONG:D) – 취향수집 (Album Ver.) (26:38) 09. oftn (오픈) – 그 여름밤 (30:16) 10. 마호가니 킹 – 바빠야 (33:32) 11. 쿠마파크 – Ego (37:11) 12. A-FUZZ (에이퍼즈) – Moonshine (41:35) 13. 스텔라젯 (Stellajet) – Hate Me (45:55) 14. Cerise – Stay Gold (50:26) 15. 케이블타이 – 7 (54:04) 16. 더 매거스 (The magus) – child’s water (58:49) 17. 셔츠 보이 프랭크 (SHIRTS BOY FRANK) – 마왕 (Der Erlkonig) (01:03:18) 18. 사뮈 (Samui) – 신호 (2015) (01:07:32) 19. 다브다 (DABDA) – 이상한 (01:11:39) 20. Orange Fang Fang Boys (오렌지 팡팡 보이즈) – 3 MINUTE (01:15:39) ||| 정규 1집 준비 중에 이렇게 저희 곡이 나오니 더할나위 없니 행복하네요ㅎㅎ 날씨가 무섭게 추워지는데 가들 감기조심하세요❤️ ||| 서교동 예상하면서 들어왔다 미러볼은 첫곡을  들려주려고 이 플레이리스트를 만들었다.. ||| 제 일상에 bgm을 틀어주셔서 감사해요.. ||| 미러볼뮤직 진짜.. 들숨에 재력과 날숨에 건강을 얻으세여... 사랑해... 알럽유....",음악
UaaoJnXeFfI,CUSCO 음악모음,Nareusha Jeong,80년대...텔레비젼 정규방송이 시작되기전...화면조정시간에 나오던 그 추억의 시간으로 여행온것 같습니다. 정지된 화면속에 나오던 그 음악들... ||| 몇십년전에 들어도 지금 들어도 너무나 아름답고 신비로운 사운드..상상력이 자극되는 놀라운 음악입니다 쿠스코~ ||| 벌써 30여년이 다 되었네요 뉴에이지를 나보다 더 사랑했던 시절 24시간 함께하던 음악 70이 다 되어 귀국 귀촌으로 편안한 생활에  다시 찾는 뉴에이지   지금도 가장 먼저 떠오르는 쿠스코와 크리스 스피어리스 엔야.... ||| 쿠스코음악 미치도록좋아요  비오는날들으면 어느새 눈물이... ||| 지금은 마흔이 훌쩍 넘었지만 90년대 대학시절때 샀던 LP판을 집정리하다 우연히 발견..그 감동과 환희!!!^!^,음악
Vzv5HHehLg8,"강성태가 공부할 때 듣는 음악ㅣ피아노 연주곡 ASMR  📚 STUDY MUSIC for Improving Concentration, Focus, Memory",공부의신 강성태,"이걸 들으며 쓴 영어 책들이 단어, 독해, 문법에서 전부 1위를 하게 됐어요.  이 ASMR 들으며 작업했기 때문이라고 생각해요. 여러분에게도 좋은 결과 반드시 있을 겁니다. 반드시 있을 거예요. 반드시 그렇게 됩니다. 여러분은 누군가의 꿈이고, 희망이고 자랑이라는 사실. 항상 잊지 않으시길 바랍니다. ||| 펜이 가는곳마다 정답이 되게 하소서 좋아요 누르면 이말이 현실이됨 ||| 좋아요 = 만점 믿으삼 진짜임 2만 좋 가즈아!!! ||| 좋아요 누르면 이번 중간,기말 잘봄 ||| 좋아요 누르면 이번 주에 소원이 이루어짐",음악
wbHEtcOGw1k,[묵상기도음악] 찬송가 피아노 연주 메들리 '그레이스' 5 | Grace 5,Sungeun Jung 정성은,찬송가는 힘이 있고.힘이됩니다. 예수님의 사랑이.확실하고.확정이됩니다. 찬송가사 한절.한절 그렇게 다들 살고.직접 체험한 역사들이니. 제게도 동일한 은혜가 임합니다. 감사합니다. ||| 주님 사랑하는 자녀와 남편을 저에게 보내주셨는데 귀하게 여기지않음에 죄를 뉘우칩니다 주님  내가 살아있음에  감사합니다~ ||| 무릎으로 기도할때마다 같이하는 찬양반주가 벌써 4년이 되어갑니다: 주남께영광 사모님께 진심으로 감사드랍니다 ||| 찬송을 하루 종일들었어요     마음이편안해지고 하나님 한분으로도 충분히행복해 하고 기뻐하는 순간들이 얼마나 되시나요 난 별로 없는거 같네요  매일매일이 전쟁터니까요  누구와의전쟁이 아니라 나자신과의 전쟁   그게 제일 어려운 일이라는것으료    내마음과 내생각을지킬수있다는것은 천하를얻는거보다더힘이드는 자신과의 싸움이라는것을요 알았어요 오직여호와로 말미암아기뻐한다는것 그게좋은줄은알지만 세상이 너무 험하고 시험이 많다는것을요 이제 정리가 되었어요  누구를탓하거나 미워하지는 않아요 나와의 싸움이니까요  못 내려 놓고 살았든거죠 자존심그게 없어 진줄 알았어요  오기  한번도 지고싶지않다는그교만함  그게나였었어요  내가회개해야할문제들이들이라고요  미쳤다는 소리까지들어가며 얻은게 뭘까요    결국 나의  죄악이 밝혀 졌다는거예요 ||| 오늘도 아니 벌써 새벽이네요 주님께서 주신 고명딸 키도 자라고 지혜도 자라서 멋진 하나님 아버지의 역사를 써 내려가길 원합니다  감사합니다 예수님,음악
Y8fewkcPvTI,카페 무드음악 - 한잔의 커피와 함께하는 연주곡 모음1,흙과불,"기나긴 여정 에 피로한  나그네 에게 물 모금, 그리고 편히 쉴수있는 그늘 을 제공 해주는 우물 가 나뭇그늘 을 만난것 같은 느낌입니다.  감사합니다, ||| 가을의 속삭임은  낙엽이 바람속에 흩날리다 떨어지는소리를 피아노로 연주하는듯하다 트렌치코트입은 중후한중년의 고독한 발자욱을 상상하며~~ ||| 힘들어서 지금들어왔는데  이 아름다운~ ||| 옛날옛쩍에 호랑이 담배질 하던 시절 자동차 카세트에 테이프가 마르고 닳도록 틀고 다니던 연주곡들... 좋은 연주 들려주심에 감사드립니다😑💬 ||| 시간이 날때 여유로운 음악을 듣는 것이 너무나 행복함니다.",음악
Mp2kbznrTPc,#avalokitesvara  -#아발로키테스바라- #명상음악 #관세음보살,박창근 노트 [Gnee note],천주교신자이신 창근님 이 오직예수 시에는 곡을 붙이시고 부처님을 찬양하니  종교대통합을 이루셨네요 편협되지않고 모든종교를 아우르시는 창근님의 멋진정신세계까지 존경합니다 ||| #박창근ㅡ아발로키테스바라 #1대국민가수  #국가가부른다  #최고의아티스트 #칩천개한정판매 🧡🧡🧡🧡🧡🧡🧡 ||| 박창근 가수님 덕분에 매일매일 즐겁습니다 ||| 사랑해요~박창근!  매일 들어도 마음이  편안해 지는 그니님 의  노래는  지친 내마음을   위로와 행복을 주시네요 ~감사합니다 그니님 응원합니다 끝까지 요 ||| 박창근님 건강하십시오!!!🙏🙏🙏🙏🙏🙏🙏🙏🙏🙏🙏,음악
cPYMNC5bDpw,마음을 다스리는 국악명상음악,편안한 음악,"레몬을 생각하면  입에 침이고이듯 인생도 내가 마음먹은대로  결과가 나타납니다. 내려놓는 마음으로  배풀수있는   아량으로  살다보면 결과도  좋을것이며 자식들도  모두 잘될것입니다.  죽음을 두려워하기보다  한세상 잘살다가서  감사하다 생각하면 죽어서도  내가만든   세상으로 갈겁니다 ||| 엄마   소풍 마치신지  5주  입니다 저도  매일  들으며 위안을 받고 있담니다 좋은 음악 올려 주셔서  감사합니다  맘 아프고  미안하고  가슴 져미는건   남은자의  몫이겠지요 가족을  먼저  보내신 분들  이음악 들으시고  상처 치유 되시길요 고인이  되신분들  극락왕생  발원  기원합니다 ||| 20년전 이 곡들을 구해 우리 한의원에서 거의 매일 틀고 있습니다. 한국 분들만이 아니고 외국 환자 분들도 너무 너무 좋아들 합니다.  어떤 땐 ""Turn on the relaxing music !"" 하고 틀으라고 요구도 합니다 ㅋㅋㅋ.   USB 로 카피를 해 간 환자 분들도 많아서 셀 수 없을 정도 구요.정말 명곡들 입니다.  오래 오래 많이들 즐기시길 바랍니다. 참고로, 여기는 미국 캘리포니아 오렌지 카운티 입니다. ||| 흘러가게 하라.. 강물은 흘러가게하고 바람은 지나가게 하라.... 그대 마음의 강은 흐르고 있는가.... 부여 잡지 말것이라... 저 낙엽은 미련없이 지노라 찬란한 푸르름의 여름을 지나 가을의 무르익음 그 결실들...아낌없이 지노라...다가오는 겨울의 손짓에 찬란히 쓰러지노라!... 산을 넘고 바다를 건너라... 꺼이 꺼이 울면서... 강을건너고 들길을 지나라... 산 정상으로 오르는 길에 그대는... 잠시 쉬어가리라...다가오는 바람들이...그대 맘을 어루만지며 조용히 말할것이다... ""이제 떠나보내라...이제 내려놓으라... 자연에 순응하라... 사랑은 모든것을 희생 하는것이다 자연과 하나되고... 나의 나를 지우라... 나는 죽고 그대는 살아야 한다!... 나는 감춰지고 그대는 빛나야 한다!...... 산과 바다가 말하는 소리를 들어라... ""네가...저 산보다 높고 저 바다보다... 깊은 사람이 되길 원한다""... 어떻게 그런 사람이 될수 있나요?? 사랑으로 충만하라!... 언제나 모든것을 비우고 언제나 내어주어라 그것은 어렵게 보이나 쉽다... 자유로우리라 진정...자유로우리라! 깃털처럼 가벼우라 네 영혼이 새처럼 날고자 한다면... 사랑으로  사랑으로 가득채워나가라............. ||| 이 세상 사람들이  아픔없이 고통없이 살아갈수 있게 해주세요",음악
sB-SLzj-2ZM,끊임없이 부드러운 부드러운 음악 - 따뜻한 멜로디의 로맨스를 느껴보세요 - 편안한 음악,편안한 음악,"우리 딸이 얼마 남지 않은 어버이날을 위해 학교에서 손수 만든 카이네션과 잠못드는 엄마를 위해 따뜻한 멜로디를 들으며 잠들라면서 알려준 주소입니다 마음이 평온하게 만드는 배경 화면과 멜로디 감사합니다 그리고, 엄마 아빠의 딸로 태어나줘서 고마워 그리고, 엄마 아빠는 우리 딸 영원히 사랑해~ ||| ❤와우 넘 힐링되네요 ||| 너무 편안해요❤️❤️😂 ||| 노래너무 좋다 ||| 너무 좋아요",음악
RrvwYyQ2kTw,지친 마음을 편히 보듬어줄 감성 인디 음악,맬러리 뮤직 Mallory Music,잘  듣고  깁니다.감사합니다. ||| 2년후에도 위로받고 있네요 ||| 음악들이 너무 좋아요. 특급 플레이 리스트네요. 고맙습니다. ||| 노래 다 좋아요 ㅠㅠ ||| 오늘도출석,음악
nA_lMfG_RWA,마음을 편안하게 하는 국악명상음악,편안한 음악,"명상 좋아요 ,,, 고마워요,,,,, ||| 하늘을 보니 보름달이  구름속으로 들어갔다가 다시 밝게 떠있어서 반가움에   안녕 ^^   하고   손   흔들어 주었어요 ||| 이명상 음악을 듣다보면  나도 모르게  잠이 스르륵  잠들더라구요. 좋은 명상음악 잘듣고 갑니다.  늘 감사드립니다.   합장 ||| 오늘은  저수지  풍경보며 소나무 밑에 안아서   잠시  명상    그래  쉬엄쉬엄 가자    영혼의 소리  눈물이 왜이리  흐르는지     자연에  감사   음악을  너무도  잘만들어  주신 분들께  감사감사 ~~~ ||| 너무 감사합니다ㆍ살아있음에 감사합니다ㆍ 모든것에감사하며 배려하고 살겠습니다ㆍ괸세음보살 고맙습니다ㆍ늘 곁에보살펴주셔서 감사하고 고맙습니다 ㆍ",음악
4b55Rk6hxVI,피아노 연주로 듣는 영화음악 최고의 명곡들,Mind Mind,참 좋은 음악을 피아노로 들으니 더좋습니다 감사합니다 ||| 1:54:08 ||| 제목을 알려 주셔야; ||| 57:44 ||| 제목들 알려주세요ㅜㅜ,음악
u7-knlQiTbU,쉼이 필요할때 듣는 잔잔한 힐링음악,Nareusha Jeong,말 그대로 힐링 음악  이네요   나르샤님  일어 났으면 저가 아침 인사 드릴께요  좋은 아침입니다  간밤에는 편안한  잠자리 되셨나요 좋은 꿈은  꾸셨나요 기분좋은 행복 하루 시작  하세요 ||| 보기만 해도 시원한  바다 영상과 좋은음악 선물. 올려 주셔서 감사히 잘 보면서 고맙게 너무 잘 듣고 있네요.ㅎㅎ 나르샤 님. 아침부터 수고 많으셨어요. 고맙습니다. 파도치는 영상 너무 좋아요.ㅎ 주말. 행복하시고 멋지게 잘 보내세요.☺ ||| 잔잔히 파고드는 음악에 몸을 맡기고  깨끗한 물살위에 영혼을  띄우고  오늘은 힐링머신위에서  하루를 보내렵니다.  감사합니다.  천사님~♡♡ ||| Obrigado amiga nareusha desejo um ótimo final de semana desfrute ||| 시간이 허락한다면 이런멋진 동영상도  촬영해보고싶은 욕심이 생기네요 ^-^ 님의 영상이 너무멋있어 욕심만 생기니   그러면 안되겠지요 ??     나르샤님 ♥️😀♥️,음악
SCx_RiAqu74,귀여운 음악! (기분이 좋아져요!!!) Cute Music - Waterdrop | Tido Kang,Tido Kang,"대박... 이거 어디선가 진짜 많이 들어본 곡인데 이 분이 작곡 하신 거라니......대박... 대단하셔요!! ||| 반가워요 ||| 이 노래 들으면 짜증나던 기분이 아주아주 신나는 기분으로 바꺼서 너무 좋숩다♡ ||| 이것만 들으면 2018년도의 여름으로 돌아가 정자에서 친구들, 가족들과 같이 수박을 먹는 장면이 떠올라요. 매미가 맴맴거리고... 푸릇푸릇한 잔디 위에서 따스한 햇살 받으며 누워있는 것 같아서 들을 때마다 기분이 좋답니다 :) ||| 안녕하세요.  액괴,  슬라임 채널 운영하고 있어요~  이 음악 너무 좋아서 고양이 채널, 액괴 채널 두곳에서 자주 사용하고 있는데어린 친구들도 음악이 좋았는지 출처를 많이 물어보네요!  항상 잘듣고 있습니다! 흥하세요!🤘 홧팅!",음악
4m7Vg4mEqVU,가슴 더깊은 곳 심연深淵을 흔드는 불교음악 8곡,tv낡은목마,"관세음보살 나무아비타불 부처님께 기원합니다 우리소중한 손녀  뇌병편 재활잘 해서 건강하게 부처님께  기원합니다 ||| 저 2003년에, 췌장암 말기 였어요. ㆍ 이겨 냅시다. ||| 저도 한세상살기가 힘들고지치고많이웋고. 살아왔지만. 억굴하고분할만큼 나쁜사람들한태당하고지금까지살아왔지만 제마음에상처는치유되지안고있습니다. 한맺힌제마음. 조금이라도위로되니 좋습니다. 슬프고 듯기좋네요 ㅜㅜ.  저도앞으로는 좋은일만 있고 웃는일만있길바래봅니다. 저도. 언젠간소원성취하느랄이오겠지요. ㅜㅜ ||| 지장보살님감사합니다 ||| 자식에게 점점 정떼고 부처님 노래에 마음을 보냅니다 모든 부모님들이여, 자식들이여 부처님 가피속에서 편안하길 발원합니다 나무  관세음보살🙏🏼🙏🏼🙏🏼",음악
C_4R8jFSFJc,감동적인 음악 모음(Stirring Music Collection 1 - Instrumental BGM),이재량 (Lee Jaerhyang),0:00 Reunion (재회) 2:36 Let's Live (살자) 5:00 Hug (포옹) 6:02 New Beginning (새로운 시작) 7:59 Camellia (동백꽃) 9:11 MuYoung Tower 1 (무영탑 1) 10:32 Muyoung Tower 2 (무영탑 2) 11:35 Traitor (반역자) 12:44 Bloodroot (혈의 누) 13:56 Bonus) New Beginning (Tremolo Ver.) ||| 이걸 듣자마자 눈물이 앞서네요 이 고마움을 어떻게 표현해야 될지... 정말 아름다운 클래식 음악이네요 감동을 줄 만해요 다시 한번 감사합니다 ||| 노래들이 모두 너무 좋아요. 감성을 일깨워주어서 감사드립니다. ||| 정말 슬픈 음악 모음집 입니다.. ㅠ ㅠ 정말 슬프게 듣고갑니다. ㅜ ||| 학교에서 부모님과 선생님께 편지를 쓰는 행사를 했습니다.  이 영상을 배경으로 틀어주었는데 학생들 모두 숙연해 지며 진지하게 행사를 진행할 수 있었어요. 좋은 음악 감사합니다.,음악
kduKEHX1UFE,경쾌한 클래식 음악 연속듣기,trang nguyen,스트래스 받을때 경쾌한클래식 듣고 있으면 어느새 기분이 좋아져요 잘 듣고 있어요 제목과 작곡자 기록되면  좋겠어요 항상 감사합니다 ||| 고딩인데 영어나 국어 공부하면서 들으면 신나서 문제도 잘풀리고 해석도 잘되고 졸리라 치면 잠도 깨워주고 고고하게 앉아 공부하면 귀족 자제 느낌 나서 기분이가 좋네요♡ 클래식은 졸린게 아니었구나...!! ||| 음악이 있어 내 삶을 채워주네요. 고맙습니다 ~~ ||| 오늘 아침 무언가 말로는 표현할 수 없는 내 마음이 위로 받고 싶을 때  좋은 음악 듣고 맘이 편안해지고  행복한 하루를 보낼 수 있게 되었습니다 . 고맙습니다 ~~^^ ||| 클래식이 최고의 음악이라고 개인적으로 생각합니다 저는 경쾌한 크래식을 좋아하는데 이런 영상이 있었네요 제가 클래식에 입문한지 얼마안되서요 감사합니다,음악
iGYb_g2OOWo,Lyric Video(리릭비디오): Yun DDanDDan(윤딴딴) _ Just in case(혹시 모르니까),1theK (원더케이),"목소리에서 꿀이 뚝뚝 떨어져요...♡ ||| 목소리 진짜 좋다, ||| 굿 언제들어도 굿굿 언제들어도 굿굿굿 언제들어도 굿굿굿굿 ||| 새빨간 너의..🌺🌺 ||| what a delightful tune/song - love! love!",음악
wHuLhgteJgY,Lyric Video(리릭비디오): J_ust(그_냥) _ Alone(혼자서) (road ver.),1theK (원더케이),"just a cute voice and nice song, love it :'( ||| Te amo ||| <333 this voice is soft and incredible. ||| QUE ROMÁNTICO 😍😍 ||| 이 노래 페북에서 봤는데 본 후로 완젼 조아하는 노래ㅜㅜㅠ 가사 하나하나가 다 와닿고 공감되요😭😭😭😭 누구나 이런 연애한번쯤은 해보지 않았나요?  「나만, 내가 잡고 있는 이 끈만 놓으면 끝날것 같은 연애」",음악
42iMZrYDEM4,[MV] Onestar(임한별) _ The Way To Say Goodbye(이별하러 가는 길),1theK (원더케이),"이노래는 명곡이다. 내가 생각하는 발라드 명곡의 기준은 모태솔로도 듣고 이별의 아픔을 느낄수 있어야한다.  오늘 난, 얼굴도 모르는 또 한명의 그녀를 보냈다. ||| 평생 알지도 못하던 사람들이, 평생을 아는 것처럼 만나, 평생 잊혀지질 못할 것처럼 아파하면서, 또 시간이 지나면 다 잊혀지고.. ||| 진짜 사람이 만났다 헤어지는 일이 가장 슬픈 것 같다. 세상 하나가 없어지는 거니까. ||| Kesini gara2 lihat video ada fans cowok yg disodorin mic sama idolnya dan ternyata suaranya bagus bgt❤ ||| 헤어지자 할땐 겉으로 애써 무덤덤한척, 미련없는척 집에와선 슬프다, 미안하다 이런 감정 하나 없이 그냥 멍하니 시간 보내다가 조금씩 정신차리면 자연스레 걔는 뭐하고 있을까? 집에는 잘 들어갔을까? 평소에 집에 들어와서 카톡하고 전화했던 기억들 나고 이젠 남이구나 생각들면서 숨도 못쉬게 먹먹해지고 수술 후 마취 풀리면서 서서히 아파오는것 처럼 점점 더 떠오르고 당장이라도 다시 전화하고 싶고, 만나고 싶고, 사과하고 싶고, 안아주고 싶고 머리로는 이미 수없이 많이 찾아갔어도 어차피 안되는거 아니까 입술깨물고 참고 술마시고 잠들고 그렇게 잊었다고 생각할때까지 버텨도, 막상 좋았던 장소, 맛있었던 음식, 좋아했던 노래 나오면 나도 모르게 울컥 눈물 흘리고... 세월에 빛바래져도 지워지진 않더라",음악
VreB4ps9tjg,뉴에이지로 떠나는 특별한 영화 음악 10곡,체칠리아음악 채널,"은은하게 들려주는  향기바람에 감미로운 음악의  고뇌와번뇌를 잊습니다 너무나  감사합니다 ❤😂🎉 ||| 아름다운 선율 옛날의 추억들을 불러오고,.이 아침 내마음을 부드럽게 감싸주네요.항상 감사합니다. ||| 아름다운 연주곡 감사합니다~🎵☕ ||| 토요일 조용한 아침에 듣는 좋은 음악과 함께할 수 있어 행복합니당 ||| 음악이 있는 아침~ 그속으로 걸어 들어가고싶지요",음악
QqkkOoJ-28A,Tiger in the Night - Royal Philharmonic orchestra  아름다운 음악 (세상의 모든음악 시그널),비니티비,세상의 모든 음악 ㅡ 전기현님의 목소리와 함께 하루를 마무리하고 퇴근하며 듣게되는 힐링 음악. 진행자님과 프로그램이 오래오래 지속되기를 기원합니다. ||| 세상의 모든음악 전기현님 정말 이상하게도 중독성 있는 겨우 찾았네요 이 음악 .. 다들 같은 마음이군요 ||| 사랑하는 예쁜돌이 잘가~~~ 너무 깨끗하고 예뻐서 네가 간곳에 내가 갈수있을지 모르겠지만 열심히 살아볼께. 꼭 다시 만나자. 안녕  예쁜 내 조카야! ~~♡ ||| 전기현님 평생 해주세요. 하루하루 전기현님 목소리로 치유 받고 있어요. 제 인생 최고의 힐링보이스이십니다.❤❤❤ ||| 세상의 모든 음악 팬들 여기 다 모였네요^^,음악
Nl0uSBUOnSE,[대구 드림뮤직아카데미] 2019학년도 계명대학교 실용음악과 수시 합격 권진아 끝 | 대구실용음악학원 | 입시합격자영상 | 드림뮤직아카데미,드림뮤직아카데미 실용음악학원 / DMA,,음악
PlS1P-l5vbg,"김현식 Kim Hyunsik - 비처럼 음악처럼 / Like Rain, Like Music / Piano Cover",is Onl,얼마전 소중한 누나가 하늘나라갔는데 장지에 가니까 비인지 눈인지 눈물인지 뭔가 차갑고 따뜻하고 슬픈 것이 눈에 닿기도 하고 눈에서 나오기도 하고... 먹먹한 귀를 때리는 게 빗소린지 음악소린지... 자주 찾아와 이 연주 들어요 ||| 이시간에 또왔네요~ 감사해요^^ 그리고 저도 음원 쓸게요 널리 널리~ ||| 비오는 날 듣는 비처럼 음악처럼 참 좋네요 ^^ ||| 너무 듣기 아름답네요 ||| 너무 잘듣고갑니다~~ 구독^^,음악
pY-Ed_gvHjU,Ryan Choi - Dellage(신비스럽고 어두운 음악/BGM),Ryan Choi's Music Channel,본 음악은 저작권이 있는 음악이므로 상업적 사용을 금합니다. 비상업적 용도로 사용되는 경우 출처를 꼭 기제해주시기 바랍니다. BGM 작곡OR편곡 문의  dkfv1000@naver.com ||| 당신... 뭐야........ 당장 앨범 내줘...... 아니면 악보를 내놔............ 당신..... 구독 받아..... 마음에 들었어....... ||| 2:38 이부분 확바뀔때 정말 소름돋았음... ||| 속상할때 하루 종일 듣고싶은 노래 ||| 이게 작곡가구나.. 작곡가구나.. 진짜 멋있다.. 진짜 멋있다.. 진짜로... 정말.. 아름다운 곡..,음악
rbGkKt2CQuk,카페 무드음악 - 한잔의 커피와 함께하는 연주곡 모음2,흙과불,아름다운 음악들 감사합니다. ||| 오래전부터 들어오던 정겨운 연주곡들-- Pan Flute의 아름다운 음률로 다시 듣게되어 반갑습니다➿ ||| 참으로 감미로운 음악이 젊은날 학창시절로 이끌 어 갑니다. 잘 머물다 갑니다. ||| 아름답고 좋은 연주 잘 듣고 갑니다 ||| 너무도 좋은음악 잘듣고 있읍니다 감사합니다,음악
d4hTSM0zEPk,마음이 편안한 명상음악모음(Meditation Music),편안한 음악,매일매일  들으면서 명상을 하고 있네요~ 고맙습니다 ^^ ||| 복똘이 좋은곳으로 인도해주세요관세음보살님 ||| 멋지네요! 아름다움이라고 씁니다 ||| 듣고 또듣고ᆢ이 음악에 맞춰 백팔배함 ||| 와...........................레전드 너무좋아요,음악
3vlDa2PHaBI,Sia - Sing For My Life (한글 가사 해석),감자탕Gamjatang,0:31 Mistletoe : 겨우살이 덩굴 Mistletoe는 여름에도 잎이 파랗게 유지되어서 크리스마스에 겨우살이 가지 아래에서 키스하면 겨우살이 덩굴처럼 오래간다는 속설이 있답니다 그래서 캐롤 가사에 자주 등장하죠! ||| 진짜 좋아요 하나론 모자란 음악이다 ||| 시아의 색채가 너무 좋아요 ||| Sia만의 독특한 음색 정말 행복하네요^^ ||| 시아의 숨은 띵곡,음악
HosW0gulISQ,콜드플레이 (Coldplay) - Viva La Vida (Live In São Paulo) 가사번역 by 영화번역가 황석희,워너뮤직코리아 (Warner Music Korea),"박자 단한번도 안틀리고 북치는 대머리 아저씨 넘 사랑스럽다 ||| 이 노래 원곡비디오에 이런 댓이 있었죠..  인류의 역사가 비디오게임이면 이 노래는 엔딩 크레딧으로 나올 노래라고... ||| 화려한 조명이 나를 감싼 옳은 예 ||| 진짜 들을 때마다 매순간 빠짐없이 벅차오르는 개미친 노래 .., ㄹㅇ 죽기 전에는 꼭 라이브로 듣고싶음 ||| 음식은몰라도 밴드는 영국이확실함  비틀즈,퀸,오아시스,뮤즈,라디오헤드,콜드플레이 전세계를 뒤흔들어버림",음악
tCXLDwOH5kY,노블레스국제학교 음악콘서트_2(합주),윌리의유학스토리,,음악
GLXVMlmxoLc,20181208 하동균 콘서트 '비처럼 음악처럼',luv.,콘서트때도 들었지만 난 맨날 들어요 소중한 영상 감사합니다 ||| 김현식이 원곡이에요!!,음악
6ogKMgivMrI,블랙가스펠 콘서트 시즌3 - Silver and Gold / 알파실용음악학원,일산알파실용음악학원,,음악
OhEE7mIeBXY,블랙가스펠 콘서트 시즌3 - I Smile / 알파실용음악학원,일산알파실용음악학원,,음악
XYZ_NFeECcc,"[LIVE] 라이브 음악창고 FULL 영상, 콘서트의 달인 이승환의 화력 넘치는 무대","/ HELLO, BEE /",올해도 <헤븐>이라는 타이틀로 연말공연 투어중입니다! 공연의 장인이죠 👍🏻 ||| 개인적으로 이 헤어스타일 너무 좋아 합니다.레전드 헤어스탈😊//방송년도 2010년 ||| 저때 미모 절정 이였구나 ||| 그룹 좋고 노래 좋네요.원 모어 찬스.ㅋ. ||| 첫빠요. 승환형님 건강하세요.,음악
T0Ze_kDxczo,음악풍경 창립5주년 기념콘서트 05. 비목 - 조성빈,Eun-Zoo Park,,음악
mpsRMopqBIo,제2회 게임음악 콘서트,인터넷 물건,달빛연가 넘좋당 ㅠ,음악
qPV49t6Oo5k,블랙가스펠 콘서트 시즌3 - Hosanna / 알파실용음악학원,일산알파실용음악학원,,음악
XmD1OatLTJc,블랙가스펠 콘서트 시즌3 - In Jesus Name / 알파실용음악학원,일산알파실용음악학원,,음악
DDsb6ZKUGJI,"[스토리텔링 콘서트] 단원, 음악을 만나다.",앙상블 수 by 허지혜컴퍼니,,음악
kGruRvam1VQ,[결혼식음악] 리베르탱고 Libertango  웨딩연주 클래식콘서트,웨딩연주 클래식콘서트,,음악
kMRLzSQorK0,[MV] KIM DONG RYUL (김동률) _ Reply (답장),1theK (원더케이),"2025년 가을에도 여지없이 찾아옴. 아무리 커버해도 김동률만큼의 전율 따윈 없지… ||| 서울을 배경으로 한 내가 본 가장 아름다운 영상... 작위적인 연출 없이 고가도로, 전철, 한강대교 등 지극히 일상적인 것들로 담아낸 이 영상이, 서울에서 일상을 살아가며 이 영상을 떠올리는 누군가들의 삶을 조금 더 아름답게 만들어준다. ||| 2025는 나밖에 없겠지..? 2025.07.29 : 헐...이렇게나 많이 계시는줄.. 2025.10.10 : 즐거운 추석들 보내셨나요? 2025.11.23 : 26년도에도 댓글 남기겠습니다 다같이 들어요 ... ||| 2년 만났던 전남자친구가 이번겨울에 결혼한다는 소식을 들었네요…돈없던 20대때 만나서 취직할때까지 기다렸고, 지지고 볶고 사랑하고 많은걸 준 사람이었는데 ,웨딩사진에서 환하게 웃는 행복한 모습을 보니까 머리를 한대얻어 맞은것 같은 슬픔이 밀려왔어요.. 나의 오랜 연인 고마웠어. 행복해 결혼 축하해.. ||| 김동률 노래 특징 : 자주 듣다 오랜만에 다시 들어도 질리지 않고 더 노래가 좋게 들림... 이거 진짜다...",음악
DVswmJEstVo,조용필40주년콘서트,임학수,노래듣는데 왜자꾸 눈물이나는지 모르겠습니다. 가왕 조용필님~ 좋은 노래 남겨주셔서 감사드립니다.  항상  건강하시고 저희곁에 오래 머물러주세요. ||| 오빠 노래중 최고로. 좋아하는 꿈. 오빠. 감기 조심하시고. 건강하세요 공연. 기다려지네요 ||| 감동그자체입니다 좋은화질과사운드 올려주셔서감사합니다!!! 정말최고입니다 ||| 40주년때 오빠 목소리나 55주년 공연때 목소리나 어쩜 변하지 않고 한결 같을까요....  오빠랑 동시대에 살고 있다는건 행운입니다.  사랑하고 사랑합니다❤ ||| 용필오빠 최고예요~~,음악
hrVA_yx0sWQ,"음악풍경 창립5주년 기념콘서트 06. 그리운 금강산  - 최광현, 설은경",Eun-Zoo Park,,음악
bmSxpwmfkZE,"2018.6.1 음악의 숲, 정승환입니다 中 / 제가 콘서트 마지막 날에 실컷 울었거든요",would be,슈스케에서 떨어트려줘서 감사하고 포기하지않고 케이팝에 나와서 고맙고 안테나 대표님을 만나게 되어 정말 감사합니다 승환이 하고싶은 노래 맘껏 편하게 부르면서 음악 오래오래 했으면 좋겠어요 💛💚💙 ||| 그대를 진심아끼고사랑하는 팬앞에서 울수있는건..행복한 걸거에요.. ||| 목소리 꿀~~~울고싶을때 울고 웃고 스트레스쌓이지않게 생활하세요 오래오래 보고싶습니다 ||| 솔직한 승환군 모습이 더더욱 와닿네요 ||| 음악해줘서 정말 고마워요,음악
t-XbXHBfn8g,"2016 행복나무의 삶과 나눔 콘서트, 음악은 항상 당신 곁에, 지휘 조익현",Level 7,,음악
ZDRfTh2FtzY,"[180929] 볼빨간 사춘기 (Bol4) - 썸 탈거야 Some @가을, 음악산책 콘서트 By. TaeJeong",TaeJeong 77,사랑스러움 그자체 ㅋㅋㅋㅋ ||| 넘나 조흔 것~ ||| 썸네일 신의 한 수 ~ ㅎ,음악
w_hdA_AlurU,[KBS전주] 콘서트나빌레라 국악한마당 / // 한국피리음악연구회 - 피리 합주곡 1번,KBS전주,,음악
vcnHKx_EK-4,"[신랑신부행진곡] CCM 추천 음악 ""주품에"" 웨딩연주 클래식콘서트",웨딩연주 클래식콘서트,,음악
3kypF_v_IdI,블랙가스펠 콘서트 시즌3 - 빛 되신 주 / 알파실용음악학원,일산알파실용음악학원,,음악
32WyXWv1n7E,"[180929] 볼빨간 사춘기 (Bol4) - You(=I) @가을, 음악산책 콘서트 By. TaeJeong",TaeJeong 77,,음악
FKSsDfbmHC0,오지은 - 라이브 앨범 [4年間] Track 4. 당신을 향한 나의 작은 사랑은 preview,유어썸머 Your Summer,,음악
OGCh9xbc8WI,BTS(방탄소년단) - 'ANPANMAN' COVER by 새송｜SAESONG,새송 Saesong,"Omg the effects are so perfect the tone of voice per part is so perfect ahhhhh so gooodddd 1:49 when that rm creamy texture comes out in her voice ahhhhhhhh ||| this is so cute omggg she’s adorable ||| Your voice is so sweet just like a chocolate. ........ You ar so cute....  I think you are the next kpop of the would...... ||| Did anyone notice she's wearing the same clothing style as Taehyung in Gogo Mnet performance ? ||| she is the cutest, protect her",음악
gVymCvrijbo,ABBA - Dancing Queen ( cover by J.Fla ),JFlaMusic,"I’m still working on my own album so I can’t give hearts and reply your adorable comments today ( but I'll read your comments! )… so sorry for that😭 And I’m going to share my pictures in the UK often!😎 I always appreciate your support😘 오리지널 앨범준비로 오늘은 댓글 답장과 하트가 없어도 이해해주시기를 엉엉 (그래도 항상 그렇듯이 꼭 다 읽어 볼께요^^ )😍 영국에서의 저의 일상들을 인스타그램이나 유튜브 커뮤니티에 자주 올리도록 할께요^^ 언제나 응원해주셔서 정말 감사드립니다❤️ ||| 나를 팝송으로 이끈노래....정말 시간이 지나도 질리지않은노래.... 이거디게 오랜만에듣네 맘맘미아2 흥행해라 ||| There are comments here in Korean, English, Russian, Spanish, and Portuguese here. It's like a mini-United Nations  Fantastic cover btw ||| 제이플라 정주행중. ||| 이어폰을 깜빡두고 츨근했고. 늦은시간돼 퇴근하는 버스안에서 업로드 알림을 받고나서 듣고 싶어 한참을 기다렸다 내리고나서 집까지 걸어가며 소리키워 듣는 당신의 목소리를 2년간 사랑했습니다. 늘 화이팅이에요!",음악
ktacymKTpUI,K/DA - POP/STARS Male Cover,Aruvn,My cover of K/DA MORE is OUT! Please check out! https://www.youtube.com/watch?v=L_YFiBNzIg8 :) Thanks! ||| O. Its pure male vocals dudes. Not tuned down. ||| Now THIS is an actual male cover! ||| IT'S AN ACTUAL MALE COVER AND NOT JUST MALE PITCHED. BLESS YOU ||| 2:23 is the most beautiful noise I've ever heard,음악
kdjhmGNlKWs,"BTS (방탄소년단) - ""FAKE LOVE"" (Metal Cover by Lies Behind Your Eyes)",Lies Behind Your Eyes,"NEW ALBUM OUT NOW❗️❗️❗️ https://youtube.com/playlist?list=PLHx9BVe-vZw4FfiKeDsQKZdLGM595lgU5&si=1yvf_FinZ2yECivK ||| After BTS watching this, Suga wants all of them to play an instrument 😂 I’m done ||| SOOOOOO... When's BTS's Dionysus metal cover coming~? ||| Jungkook said he loves this cover so much to the point he wants to go to their show! Seriously you guys so talented! ||| I really respect that you’re singing in Korean and not straight up changed to some English cover dear god I needed this",음악
nXPlfZ5ty0Q,[PTK] 트와이스(TWICE) - What Is Love? 밴드커버 (BAND Ver. COVER),PLAY THAT K-POP,"처음에 보컬분 음원 틀은줄 알았잖아요 개똑 ㅋㅋㅋ 원스까지 만족 시키시는 당신들은 대체..... ||| 보컬분 목소리가 음악의 맛을 살려주네요 너무좋아요! ||| SHE ACTUALLY SOUNDS LIKE A TWICE MEMBER!!!!!! ||| Her voice sounds like Mina and Nayeon's voice, and a little bit of Momo's 💕 The instrument tho, good job! 👏💯 ||| 이런 편곡을 기다려왔어..",음악
WYrQMpuzVRc,HARU HARU - BIGBANG (Vietnamese cover) | 하루하루 - 빅뱅 | K-POP COVER,Fanny Trần,Bài này beat hay cực. Ban đầu tui tưởng sẽ rap không nổi cơ. Nhưng mà nghe cũng tạm ổn nhỉ hihi ||| Mặc dù ko phải fan bigbang nhưng rất thích haru haru của bigbang vì nó vất hay và rất tuyệt vời👍👍👍👍👍👍👏👏👏👏 ||| Ai nghe vụ nổ lớn - không quan trọng của MCK xong nhớ đến bản haru haru này ko nhỉ ||| Mình thích kiểu cover tiếng Việt này 😁 ||| Tui nghe bài này hơn 100 lần rồi ấy Nói thiệt là lần đầu nghe chả hiểu gì hớt Mà nghe được rồi thì thấy rất hay Bản gốc hay bản cover cũng hay lun HARU HARU!!❤❤❤,음악
IB6kViGA3rY,"로꼬 (Loco), 화사 (마마무) - 주지마 (Above Live) (ENG/CHN)",AOMGOFFICIAL,"청룡 박정민 화사 영화보다가 여까지 왔내,, ||| A woman who knows the power of her presence is truly a dangerous thing.  Rip Loco ||| I love how we keep teasing Loco for not being able to make eye contact with hwasa but lord knows if I was in the same position I'd immediately faint so gotta give our boy some credit ||| 2024년에 듣는사람손 부쳐핸떱👐 0:19오랜만에 보는데 저 가운데 바직원,연기자 부럽 바로앞에서 1인콘서트보는거네.. ||| Loco being nervous around hwasa is a _BIG MOOD_ edit: wow actual shooketh",음악
vdDuCvCrcKg,JENNIE - 'SOLO' CHOREOGRAPHY UNEDITED VERSION,BLACKPINK,"the fact Jennie said she participated in everything in this whole song especially in the choreography makes me so proud this is a masterpiece its released in 2018 but its still as fresh like it was released yesterday.... Jennie is the trend you cant just deny it ||| the choreography just suits her, Jennie herself being a choreographer just made it thousand times better ||| LESS THAN 1 MILLION TO REACH 200 MILLION. GO GO GO BLINKS AND JENSETTERS ||| the vibes she gives me... oh my gosh she's a literal queen ||| I wish the day would come when Jennie would get the support she deserves. She was sent death threats, thrown under the bus and harshly criticized for releasing a solo first. They accused her of being the “princess” when YG even unlisted 1 of her 2 Solo interviews and gave her bare minimum promotion. The comments on her IG were too much for her to take that she had to delete more than a hundred photos/videos of her Solo performances. She loves blinks but they can’t give the same love back. She deserves a better fandom tbh.",음악
Fm5iP0S1z9w,"TWICE ""Dance The Night Away"" M/V",JYP Entertainment,"I just can't compare this to Alcohol-free, they're both summer song but brings very different vibes for me. This is like has a party or a celebration vibe in it while having fun with friends or family hence ""let's dance the night away"", while the Alcohol-Free gives me vibes like I'm alone in a beach feeling in love and just vibing alone with a drink in my hand. ||| I'm i the only one who likes this song more than other twice's song? Jihyo looks so gorgeous with blue lenses ||| I can’t be the only one who’s still not tired of this song at all <3  stream more & more so that we can reach it to 200M before the august ends ||| DEFINITION OF GLAMOUR: TWICE ||| every time i hear Nayeon's high notes it's always give me goosegumps.... ike this song deserved more❤️",음악
E-T1gEeUqwA,IZ*ONE (아이즈원) - '라비앙로즈 (La Vie en Rose)' MV Performance Ver,official IZ*ONE,これ聴いてた時人生で1番希望に溢れてた時なんだよね。あの頃思い出して泣いちゃったね。  みんなサイコー  もう聞けないなんて… ||| Thank you Off The Record for feeding us so well! God bless this company ||| yujin yena💕💕 ||| 改めて見ると、IZ*ONEって最初からみんな個性あったなぁ ||| WONYOUNG MINJU YUJIN SAKURA CHAEWON HYEWON HITOMI EUNBI YURI CHAEYEON YENA NAKO   ILY ALLLLLLLLLLL!!!!,음악
ycpfSatkb-w,[K-POP COVER] TWICE 트와이스 - TT,Skye Park 박새늘,Once ~~~~💕 ||| 너무너무좋아요... ||| 원곡이랑 색다른 느낌! 완죤 좋아요~ ||| 와ㅏ음색좋다.. ||| 👍👍 멋져요,음악
jzpfj7Rbvl4,"Dreamcatcher, BANG BANG BANG(BIGBANG) [Jeju hallyu Festival 2018]",THE K-POP,"it’s been a year but I still revisit bc of how much dami ATE THIS ||| okay... the rap. THE RAP. ||| *Be honest,Dami slayed it.* ||| the way the crowd screams when the ""girls go on top"" bit starts is thrilling ||| The rap part from the beginning ....really?? Isn't THAT AWESOME?????",음악
Are4oVvSJXI,"[Live on Air][정오의 희망곡 김신영입니다]] KHAN - Despacito, 칸 - Despacito20180705",MBCkpop,40대 아재입니다 젊은친구들이 참 대단합니다^^ ||| 와 저 노래 진짜 좋아😊 ||| 므댜 ||| 다시보고싶은 분들.... 멋지고 노래 잘하시고... ||| That's it. I'm stanning KHAN from now on. Euna and Minju are amazing.,음악
cKwkW6szxFY,[K-POP COVER] (iKON) 사랑을 했다 LOVE SCENARIO,Skye Park 박새늘,다른 영상 보던 중에 밑에 영상에 안아줘 뜨길래 제목이 호기심을 끌어서 정말 우연히 보게 됐는데 와....정주행 중입니다...진짜...와....성대..감성..연주...와.......허.............. ||| 랩도 잘하넼ㅋㅋㅋ우와 심장이 터쳐쳐쳐 ||| 딘-이스타그램 듣고싶어요!!ㅜ 음색이랑 잘 어울릴듯..! ||| I love it. May your channel get more recognition! ||| 눈팅만했었는데.. 이형 진짜 대박이신듯ㄷ,음악
5ahWIy040Do,[K-POP IN PUBLIC] BTS (방탄소년단) - IDOL (아이돌) Dance Cover by ABK Crew from Australia #IDOLChallenge,ABK Crew,"Guys u got noticed by BTS..........congrats....u were in asian artist awards VCR.... ||| The two short girls were so adorable and good dancers ||| Can we just talk about the girl who plays Hobi?? SHE IS SO GOOD ||| Army: *OMG! It's bts's idol that they are dancing* Normal People: *Cool dance moves, i can't understand the lyrics, I love the beat* ||| this is why i need friends. and dancing skills",음악
_bTQeeTkXSA,[K-POP COVER] 청하 (CHUNG HA)  Roller Coaster 롤러코스터,Skye Park 박새늘,원곡보다 좋다에 한표요   원곡은  댄스뮤직이다 보니 포퍼먼스가 먼저 보여서요   이 곡의 매력이 안 살던데  귀에 쏙 들어오게 불러주셨네요 ||| 목소리가 노래랑 너무 잘올리네요ㅠㅠㅠㅠㅠ으아찜쿵 ||| 본인만의 색깔로 개성있게 부르신게 인상깊네요! 실력도 대단:) 후렴 코드도 마이너틱하게 바꾸신 것도 잘 어울리고 좋네요ㅎㅎ 잘 듣고가요 ||| 목소리 너무 좋으시고 편곡도 잘하시고 ㅠㅠ ||| 미국 대학교에서 kpop 부르기 영상을 통해서 알게 되었고 좋은 목소리로 노래를 불러주셔서 쭉 보고 있어요!!! 좋은 노래 불러주셔서 감사합니다~!,음악
WZwr2a_lFWY,IZ*ONE (아이즈원) - 라비앙로즈 (La Vie en Rose) MV,Stone Music Entertainment,"The fact that Wonyoung was 14 in this MV makes me reconsider all my life choices. ||| Kwon Eunbi Miyawaki Sakura Kang Hyewon Choi Yena Lee Chaeyeon Kim Chaewon Kim Minju Yabuki Nako Honda Hitomi Jo Yuri Ahn Yujin Jang Wonyoung  _IZ*ONE~_ ||| Who’s here after finding out Mnet confirmed IZ*ONE is disbanding in April ||| Welcoming new fans of IZ*ONE 2025: 0:45 Kwon Eunbi (soloist) 0:24 Miyawaki Sakura (now in LE SSERAFIM) 1:19 Kang Hyewon (actress) 1:27 Choi Yena (soloist) 1:54 Lee Chaeyeon (soloist) 2:02 Kim Chaewon (now in LE SSERAFIM, Leader) 0:17 Kim Minju (actress) 1:45 Yabuki Nako (actress in Japan) 2:23 Honda Hitomi (now in SAY MY NAME, Leader) 0:54 Jo Yuri (soloist, and now an actress in Squid Game S2) 1:37 Ahn Yujin (now in IVE, Leader) 0:10 Jang Wonyoung (now in IVE) ||| How I wish we could go back to these days. I miss them so bad.",음악
NIt5PF4Tdoc,[K-pop Cover] 신용재(하은/라코스테남) +4key / Cover by 장한이,장한이(Hani Jang) Official,오늘 보이스퀸 노래 진심 소름 돋았어요. 정말 지금까지 다른 가수가 불렀던 노래보다 최고 였어요. 앞으로도 좋은 결과 있길 바래요. ||| 항상응원합니다~~ 최~고.  최고입니다... ||| 우왕.. 역시 Yg보컬트레이너 클라스  ㅋㅋㅋ  하니님 ~ 팬입니다ㅎㅎ 십자가그사랑이 ccm 들을때마다 지치고 힘들때 마음이 편안해지네요~^^ ||| 100점드려요~♡♡♡,음악
K7aofMjpQeU,"Stray Kids, Adore U(SEVENTEEN) [Jeju hallyu Festival 2018]",THE K-POP,"the difference between vernon and felix is scaring me lmao ||| Most people could sound right covering either DK or Vernon, but not both.  Han Jisung is not most people. ||| 0:07 I just realised that “STRAY KIDS” that Hyunjin pronounced is kinda with Aussie accent Stray KiZEe  Aussie lines turning skz into Aussies ㅋㅋㅋ ||| jisung singing ""BABY YOU'RE MY ANGEL"" just added 100 years to my life ||| 전직 캐럿이여서 세븐틴 커버무대 수도 없이 많이 봤는데 진짜 깔끔하게 하는 그룹 첨보네",음악
vaOnZ7eS92I,"TWICE(트와이스) ""What is Love?"" Lisa Rhee Dance Cover",imlisarhee,"DANCE TUTORIAL for ""WHAT IS LOVE"" TWICE (트와이스) is up now!!! go check it out --> https://youtu.be/Ew4dciGlSAY ||| I could never learn a dance so fast, you’re literally the Flash ||| What the... its so fast 😍❤ ||| finally twice is back!!! here's my dance cover of ""WHAT IS LOVE?""! Hope you enjoy!!! ||| Really amazing!",음악
f_vcEWiDztY,Luke Holland - BLACKPINK - 'DDU-DU DDU-DU' Drum Remix,Luke Holland Drums,"LUKE YOU LEGEND, YOU ARE THE REASON WHY I PLAY DRUMS BRO! ||| This dude is 100% aware that his smile is beautiful. I'm straight, but I know a handsome and talented dude when I see one. Good one man. ||| I saw him in person here in Philippines playing with the word alive. He's so amazing drummer. ||| You make those stick tricks look so easy! 🤘",음악
ug0rMp6MAwE,Spring Day 봄날 - BTS (방탄소년단) - violin cover by Daniel Jang,Daniel Jang,"*to anyone who is reading this comment while studying, just remember that you are not alone and that we all believe in you. NOW GET BACK TO WORK* ||| also happy bday to worldwide handsome 🎉 ||| Those who never go to any concert before...remember  *YOU NEVER WALK ALONE* ||| The original song makes you feel blue (you miss someone that you can never meet again) but this violin cover gives you hope (you miss someone, someday you will meet them again) ||| I really hate how underated violin is. People always listen to piano music, but not violin. Violin sounds so beautiful.   (I am a piano player tho lol)",음악
i0p1bmr0EmE,"TWICE ""What is Love?"" M/V",JYP Entertainment,"Massive Goal to stream :   Alcohol Free        : 100M ⚪ What is love         : 500M ⚪ TT                            : 600M ⚪ Alcohol free         : 200M ⚪ Fancy                      : 450M ⚪ Feel special           : 400M ⚪ Cry for me              : 100M ⚪ I can't stop me      : 400M 🤍 What is love           : 600M ⚪ Fancy                       : 500M ⚪ Heart shaker         : 400M ⚪ The feels                 : 200M 🤍                      Scientists                : 100M ⚪ What is love            : 700M The feels                  : 300M ||| _Even in 2030 ""What Is Love"" will be a legendary song_ ||| Nayeon - ""The Princess Diaries"".  Momo - ""Lalaland"".  Sana - ""Pulp Fiction"".  Jeongyeon - ""Ghost"".  Dahyun - ""Leon: The Professional "".  Chaeyoung - ""Leon: The Professional ""  Tzuyu - ""Romeo + Juliet"".  Jihyo - ""Love Letter"".  Mina - ""La Boum"" ||| THANK YOU PH ONCE WHAT IS LOVE RECHARTING ||| I CANT BE THE ONLY ONE WHO’S NOT TURED OF WHAT IS LOVE!!",음악
1aGNpEScO-U,Luis Fonsi - Despacito cover by Lim . KPOP 임영웅,임영웅,#임영웅별빛같은나의사랑아 #임영웅이젠나만믿어요 #임영웅히어로 #임영웅데시파토 #임영웅우리의영웅 응원하고 사랑합니다영웅시대화이팅 ||| #임영웅사랑해 #임영웅가요계황제 #임영웅광고계황제 #임영웅브랜드평판솔로가수압도적1위 #임영웅계단말고엘리베이터  #임영웅뭣이중헌디  #임영웅소나기 #임영웅미워요 #임영웅따라따라 #임영웅두주먹 #임영웅별빛같은나의사랑아 #임영웅이제나만믿어요  #임영웅HERO ||| #임영웅 #데시파시토 #웃으며부르는모습최고 감동또감동!! ||| #임영웅/#LimYoungWoong #Despite 내가수 최고입니다 넘사벽인정하고  왜캐 귀여워....! 미소천사~.영웅장르 👍🎆💝😄😄😄 ||| #임영웅# 사랑하는히어로 귀여움 멋짐 섹시함모두갖춘히어로덕분에오늘도행복,음악
roGuR6XqSd0,[K-POP]컴백 신곡 / SUNMI (선미) _ Heroine (주인공) / 댄스커버(Dance cover) / (가사포함),PREMIUM DANCE STUDIO,"me encanto!!!!<3 ||| very good, I loved Heroine has a fantastic choreography <3 I also could not stop recording the cover, if you can give a pass thank you ||| 마샤쌤 넘나 이뻐요!!ㅋㅋ믿고보는 댄타 흥해라ㅋㅋ!! ||| 마샤쌤 너무 예뻐요! ||| I love it♥♥",음악
7FnL5QDmsxI,[K-POP IN PUBLIC] BTS (방탄소년단) - Anpanman Dance Cover by ABK Crew from Australia,ABK Crew,Usually it’s so awkward without all the members but you guys absolutely OWNNEDDDD this choreo!! ||| The cameramen was better than the bbmas ||| That *pick your player* part was so cool. Also I love this dance cover even tho you had only 4 people you made it work ||| This is the cutest cover ever. YouTube knows how to recommend me the good stuff.  Keep it up yall! ||| that guy's smile might be brighter than anyone’s future,음악
31csF3utDl0,[PTK] 볼빨간사춘기 (BOL4) - 여행 (Travel) 밴드커버 (BAND Ver. COVER),PLAY THAT K-POP,"굿  보컬분목소리 정말 좋아요 ||| 와,,,진짜 ㅠㅠ 감동받고가요,,진짜진짜 신나요! 이어폰으로 들으니 뮤지션님들의 실력과 노고가....더 실감나게 느껴지네요. 너무 멋져요 진심 이만퍼센트 !!! 저도 꼭 같이 음악하고싶어요 ㅜㅜ 보컬로 노래 부를 수 있다면 소원이 없겠네요!ㅎㅎ 너무너무 잘듣고갑니다. 구독 좋아요 알림하고 가요! 좋은 하루되세요!! ||| 이번에도 좋네요 @.@ 최고 !! ||| 역시...매번 좋습니다... ||| 커버곡 잘보고있어요~~요번에두 보컬개성살려서 잘부른거같아요~!더 올려주세요!!!",음악
IZB2l1mDTM0,"[KPOP IN PUBLIC COLLABORATION] #IDOL CHALLENGE- BTS dance cover by Oops!crew, B-wild&FG from Vietnam",Oops! Crew,"Imagine bts watching it and feeling so proud. ||| Imagine doing this outside the bighit’s building and bts is watching this from the upper window 💜💜 ||| *Someone tag Bighit.* ||| I am 70 years old and this is my first time seeing something like this. I am so impressed with these young people who have obviously practiced for innumerable hours perfecting the routine. Individually and integrating within not one, but several groups. Such a wonderful way to be healthy, not just physically, but emotionally by working well with others and doing your personal best.  Absolutely fantastic. Bravo to the youth of our precious Mother Earth.",음악
NgSr6fjp300,"180203 Taeyang singing ""eyes,  nose, lips"" for hyorin at their wedding",Kpop channel,Seungri is just stood there really awkwardly in the back ||| i wish i can watch the full clip 😔 ||| Wow ||| WOW dóng quá ||| ❤❤❤🥰🥰🥰,음악
Wff8JAcRqhY,K/DA - POP/STARS [EPIC METAL COVER] (Little V),LittleVMills,"POP/STARS is finally up on all music platforms! Listen on the go! 👇Download the song here👇 iTunes: https://apple.co/2ED2d1j Spotify: https://spoti.fi/2GxPO0m Google Play: https://play.google.com/store/music/album/Little_V_Pop_Stars?id=Bhllrkuz33eb5elcxs6djegzmau Amazon: https://amzn.to/2Ltt2pg ||| ""you ready for this?""  I definitely wasn't. ||| K/DA Tryndamere ||| The fact that you even bothered to learn the Korean parts just for the sake of covering this song is nothing short of spectacular. You're an absolute legend, mate. ||| Aggressive Korean metal rapping   Didn't think I needed this in my life but here we are.",음악
nO2Pm8c12Ek,[PTK] IU(아이유) _ BBIBBI(삐삐) 밴드커버(BAND COVER),PLAY THAT K-POP,이런 좋은 퀄리티로 영상 많이 올리는데 왜 구독자가 많이 안 느는지 이해할수가 없네.. ||| 드러머님 곡 분위기에 맞게 딱 잘해주신거같은데.. 텐션이 필요한 노래가 아니지않나요 ㅋ 고퀄노래 잘들었어요!!! ||| 보컬님이 데뷔를 하셨군요  축하드립니다 좋은 활동 이어나가시길!!  새로 들어오신 보컬분 목소리 너무 좋으시네요 이번 편곡이랑 너무 잘 어울리십니다!! 세션분들은 항상 잘하시니 ㅎㅎㅎ 잘 들었습니다!! ||| 보컬 너무 잘어울려요ㅠㅠ 첫소절 듣고 좋아요 눌렀어요.. 소름돋는다ㅠㅠ 세션도 넘 좋아요ㅠㅠ,음악
SWl-LMaFvx8,"NATURE(네이처) POP COVER PROJECT #4 ""Rhythm Nation"" M/V",NATURE OFFICIAL,i honestly don't understand how nature have not went viral yet!! ||| esse cover envelhece como VINHO! ||| Can this be more popular please ||| I knew this song thanks to them❤ ||| Can we talk about how they ate this up??,음악
Nu2yQ1zYDYU,[MV] PENTAGON(펜타곤) _ Shine(빛나리),1theK (원더케이),"Kpop industry did this song dirty. No music show win,no award show win even though this song won hearts of everyone. ||| ""Shine"" ""Don't wanna cry"" and ""Love Scenario"" this all masterpieces had their own fandom. Don't trust that K-popper who don't know this arts. ||| Shine by Pentagon Energetic by Wannaone Love scenario by iKON Really, really by Winner Don't Wanna Cry by SVT Eyes, Nose, Lips by Taeyang  ARE ALL MASTERPIECE✨ ||| This song will never get old . It's 2025 i am still listening this masterpiece. ||| ""Move"" by taemin and ""shine""by Pentagon  didn't win in music shows but these two songs are loved by almost all kpop fans..  Wow the amount of likes!! My other favorite songs of Pentagon are critical beauty and run away and dr.bebe and gorilla, i hope you can check these songs too because they are seriously good",음악
wKyMIrBClYw,DEAN - instagram,DEANTRBL,"dear dean,  Im deeply sorry for laughing at you falling down the stairs. I will never repeat these actions. Please comeback. ||| you know the part that says ""sometimes i feel alone""?  dean made it so that you're left to stare at a black screen, and see your reflection.  this directing is amazing ||| Teacher: ok, y’all! Bring instruments for the lesson tomorrow!  *next day*  Everyone else: *brought an instrument* DEAN: *brought skateboard* Teacher: Everyone else: DEAN: what ||| 나르시시즘 시대, 모든 사람들이 자신을 추앙해달라며 애원하고 있다.   그 속에서  왠지모를 고독을 느끼는, 도심속의 로빈슨 크루소 ||| So sad that it's like the ""social media""  is filling up the empty room and making it more interesying when at the end of the day, the room is still empty. Like a metaphor for our lives",음악
mAKsZ26SabQ,"TWICE ""YES or YES"" M/V",JYP Entertainment,"Most viewed TWICE MV's in the last few days: 1. Yes or Yes (2018) 2. What is love? (2018)  3. Likey (2017) 4. Heart shaker (2017)  5. Dance the night away (2018)   All time: 1. TT (2016) 2. Likey (2017) 3. Cheer up (2016) 4. Like ooh ahh (2015) 5. What is love? (2018) ||| TWICE has officially surpassed 5.1M votes in MAMA 2018 🕊 ||| Mina: Hey boy. Look, I’m gonna- Nayeon: BE A STAR ||| 懐かしい〜この曲でジヒョちゃん推しになったの、今見ても良すぎる ||| Our main goal now FANCY 200M LIKEY 400M YES OR YES 200M DANCE THE NIGHT AWAY 200M",음악
7GcDqqXRkIM,K/DA - POP/STARS Dance Cover / Cover by HyeWon (Mirror Mode),UPVOTE Entertainment,"디팝라이브공연(네오콘) !! 이번주 금요일 11월 30일 오후 5시에 잠실 석촌호수 동호수변무대에서 만나요~ ▶Neo Official Instagram : https://www.instagram.com/upvote_neo/  📢 디팝스튜디오 [네오콘] 일정안내  디팝스튜디오의 업보트 네오와 가장 가까이서 소통할 수 있는 시간! -시간 : 11월 30일 금요일 오후 5시 -장소 : 잠실 석촌호수 동호수변 무대 ✔ 본 네오콘은 유튜브 실시간 라이브로 방송됩니다. ✔ https://www.youtube.com/c/dpopstudio/live  ※다음 네오콘 일정은 DPOP Studio 커뮤니티에서 확인하실 수 있습니다.  📢 DPOP Studio [NEOCON] schedule (NEOCON is the weekly live streaming concert of DPOP Studio artists) Let’s communicate DPOP Studio artists on live !! -Time : 2018.11.30 Fri  5PM@(KR) -Place : Jamsil, Seoul ✔ You can watch NEOCON live on DPOP Studio (Youtube) ✔ ​https://www.youtube.com/c/dpopstudio/live  ※The newest NEOCON schedule will be updated on the YouTube channel ‘DPOP Studio’ community. ||| 디팝에서 이분이 제일 깔끔하게 잘 추시는 것 같음 ||| Oh god this one of the best covers from your studio in my own opinion❤ ||| Best. Cover. Ever. ||| ㅇㄴ 이 언니 춤선 미쳤다니까ㅜㅜ♥",음악
ogQLXIqNl5s,※k-pop cover※ 비가오는 거리에서 멜로망스(MeloMance) - you 를 불러보았다.,잠골버스,유명한 잠골버스가 되기까지 엄청난 고생하셨네요. 역시 대단한 분은 숨은 노력이 다 있었네요. 대단하고 노래 항상 잘듣고 있습니다. ||| 지금 모든 영상에 좋아요랑 댓글 달고있습니다 화이팅! ||| 노래 진짜 너무 잘부르세요 ㅠㅠ ||| 😂😂 자막이 너무 웃겻요🤣🤣🤣  비를 맞아서 감걸릴까 걱정이 되지만😔 그래도 좋은 노래 들려주셔서 감사합니다🙇‍♀️ 항상 응원하겠습니다💕 ||| 아니 컨셉을 잘잡고 하랬더니 감기까지 덤으로 잡을라그러시네 잠골버님 아프면 팬들이 맘아파해 안아파해!? (그와중에 노래는 잘부르네...),음악
KNWLQI5_JLc,[MV] Whee In(휘인) _ EASY (Feat. Sik-K),1theK (원더케이),"Wheesa: i want my girlfriend in my music video RBW: why Wheesa: j u s t   b e c a u s e ||| I HAVE JUST REALISED THAT Wheein's song and Hwasa's song are describing the kinda same situation from different perspectives. ||| Wheein's song is about a relationship where one of the partners is addicted to the other which creates an un-healthy relationship. In Wheein's song, she's the one addicted to the other. She likes him ""more than I love myself"". She always needs his attention and love. In Hwa Sa's song, it's the opposite, she's the ""drug"". ||| 2025년도도 듣고있는사람 손 ||| OK BUT HWASA'S TWIT AND WHEEIN'S EASY ARE SOOOO CONNECTED",음악
K_NL-CUqwU8,"[ 노래추천 ] 부드러운 그리고 감성적인 노래 , 듣기좋은 어쿠스틱 인디음악 모음 (SKYBLUE SOUND)",SKYBLUE SOUND,"안녕하세요 채널 관리자입니다. 최근 일이 너무 많아서 채널관리를 못하고 있는 상황이라 참 죄송합니다.  (마무리 되는 대로 좋은 음악들로 찾아뵙겠습니다~! ) 얼마전 해당 영상에 포함된 가수 문문의 성범죄논란을 확인했습니다.  그 결과 리스트에 부적절하다 생각해 삭제 조치 하였고 서버에서 수정중에 있습니다. 논란이 해당 동영상 업로드날짜 이후 발생한 일이기에 리스트에 포함될 수 밖에 없었던 점 양해부탁 드립니다.  미리 확인하지 못한점 죄송합니다 ㅜㅜ  항상 감사합니다. 곧 좋은 음악들로 찾아 뵙겠습니다 ~! ||| 왕 유명하지도 않은데 노래가 참 좋네영 이런노래 알려주셔서 감사합니당 ||| No entiendo nada, pero amo tanto las canciones coreanas así, gracias. ❤ ||| 노래가 너무좋아요 ^^ 감사합니당♥ ||| Love it❤️ sweet song✨",음악
XM6n_p0nEAo,인디 노래추천 하이라이트 모음2,강choice,,음악
V49HyiiUoYk,[ 노래추천 ] 리메이크된 듣기좋은 명곡 모음 (SKYBLUE SOUND),SKYBLUE SOUND,굿♥♥꾸준히 좋은 노래 감사합니다 ㅎㅎ 잘듣고있어요 ||| 노래를 듣고 오랜만에 눈물을 흘리네요 앞으로도 제마음을 울리는 노래부탁드립니다. ||| 아이유.. 목소리가 마음을 울린다,음악
Fy1-HOjOFLk,"요즘 많이 듣는 국내 노래 추천, 힙합 노래 추천",음악추천하는복실이,,음악
g66LS3aEU3I,"요즘 많이 듣는 국내 노래추천, 국내 힙합추천",Boksil The musicmate,,음악
_LBl7cQc1Gw,[ 노래추천 ] 지친 마음에 힘을 주는 따뜻한 힐링 음악 모음 (SKYBLUE SOUND),SKYBLUE SOUND,좋네요 공부하면서 들어용ㅍ ||| 좋아요~~,음악
wRKRpbQm8dA,10cm '스토커' 밤에 듣기 좋은 인디음악 추천 드립니다,메이트엠박스+ 금괴를 뽑아라,,음악
WWfdDlwnFtk,[음알못]  Sun Rai - San Francisco Street 노래추천/가사해석,late night radio,"내가 3년 전에도 사랑한 곡이었구나,,,,많은 것이 변해도 음악은 그대로, 내 취향도 여전히 이곳에 ||| 중2 때 이 영상을 보면서 '아 이게 내 취향이구나..!' 했던 게 엊그제 같은데, 벌써 나도 스물이구나.. ||| 저번 cuco에 이어서 이번 노래도 완전 취저.. 이런 스타일의 음악 앞으로도 많이 추춴해주세요~~ ||| 비트가 편안해서 노래도 편한 내용일 줄 알았는데 뭔가 자기자신이랑 인생에 대해 얘기하는 내용인 것 같네요. 알고 들으니 더 좋네요^^ ||| 노래도 좋은데 노래마다 어울리는 영상이 너무 좋아요ㅠㅠ 더 유명해지셔서 많은 분들이 알게되면 좋겠네요",음악
5fF084t0nP4,밤에 듣기 좋은 노래 추천 [Oa's track 추천],Oa's track,,음악
4wukWn3ri2s,정준일 - 고백 화음 넣는 법 | 남자 노래 추천,화음 알려주는 남자,"0:01 - 원음+화음, 1:18 - 화음만 ||| 감사합니당 ~!",음악
o5PrrsVQtQs,40 '듣는편지' 프로포즈 노래로 이달달한 노래추천 드립니다,메이트엠박스MateMbox,,음악
9HuoG0bnpDU,[노래방] 나만 알고 싶은 남자 발라드 노래 추천 #1,믿듣플레이어,"1. 양다일 - 착각 00:00 2. 전상근 - 내손으로 숨을 막는 일 04:03 3. 손준혁 - 너와 헤어지던 날 08:17 4. 닐로 - 바보 12:30 5. 타디스 프로젝트 - 오늘도 그대만 16:58 6. 프리티 브라운 - 이사 21:09 ||| 제목에 나만 알고 싶은 남자 발라드라 적었어도, 남들도 다 아는 흔하디 흔한 발라드겠지 싶었는데,, 다 처음 듣는 노래네요.. 스스로 좋은 발라드 많이 알고 있다고 생각했는데. 모르는 좋은 노래 추천 감사합니다~ ||| 양다일은 수록곡들이다 띵곡,, ||| @)))))))))) 김밥한줄 놓고갑니다~ ||| 양다일 ㅡ착각 ♪  나 그대를 언제부터 어떻게 좋아했는지 몰라요 눈 감아도 떠오르는 그대 날 어쩌면 좋을까요 몇 번을 잘 못했던 사랑에 두려워진 마음이 아직까지 바라만 보고 있으라 해요 날 사랑한다 말하던 그대 눈이 내 착각이면 어쩌죠 여전히 말 못하는 나라서 언젠가 내 표정에 나타나면 그때 어쩌면 좋을까요 항상 잃어왔던 누군가를 또 만들진 않을까 아직까지 바라만 볼 수밖에 없는데 널 사랑한다 말했던 나의 눈이 닿지 않으면 어쩌죠 여전히 말 못하는 나라서 언젠가 내 표정에 나타나서 그대 멀어지면 어쩌죠 난 괜찮아요 다 괜찮아요 나 이대로 있을게요 날 사랑한다 말했던 그대 눈이 내 착각이면 어쩌죠 여전히 말 못하는 나라서 언젠가 내 표정에 나타나면 그때 어쩌면 좋을까요",음악
dw8Uxevmb_Y,[노래방] 나만 알고싶은 남자 발라드(OST) 노래 추천 #2,믿듣플레이어,"1. 휘성 - 살아서도 죽어서도 (바람의나라 OST) (00:00) 2. 김윤집 - 서툰 기도 (백만장자와 결혼하기 OST) (4:32) 3. 김지수 - 널 지우는 일 (자이언트 OST) (8:55) 4. 권일 - 사랑 속으로 (오렌지 OST) (13:21) 5. 오스카(윤상현) - 눈물 자리 (시크릿가든 OST) (17:24) 6. 공유 - 너라서 (빅 OST) (21:40) ||| 좋네요 3편도 부탁드립니다 ||| 김항규-오늘보다 더   이거 추가하고싶어요!! 진짜 이별감성 너무 좋아요 ㅠㅜ ||| 이것도 추가해주세요. ㅜㅜ  하염없이 - 타디스프로젝트 아직도 내가 밉니/혜화동 거리에서  - 피아노맨 왜 처음과 끝은 다른걸까 / 바보 - 닐로 나의 결혼식/너의 안부- 정동원 눈물이 앞을 가려 - 더필름 , 정동원 처음이었지 - 무감각 참 많이 사랑했다 - 순순희 꿈속에 너 - 에이치 코드 사랑에 연습이 있었다면 - 임재현 미리 알았더라면 - 이우 ||| 너무 좋아요 진짜 ..",음악
VxtaVAsuCsU,"아이폰으로 듣는 목소리 좋은 노래 추천, 모음♫",시와노래,Hickee - Cry Me A River  얼른 보고 싶다 너의 멍청하게 우는 표정   위아더나잇 - 별을 지우고 꿈을 잊고 3분24초  그 애 손을 잡았고 함께하기로 했어  이제 어떻게 해야 할지   윤딴딴 - 흘러가네 6분  오늘은 날이고 노는 게 낙이고 똑같은 내일을 사는 게 난 어떻게 다음 달도 굴러갈까  조곤 - 괜찮은 척 10분16초  손에 꼭 쥔 채로 아픈 줄도 모른체 그렇게 너를 보냈네 너를 하루 종일 기다릴거면서 괜찮은 척을 해댔네  레터 플로우 - 겨울 그리고 또 겨울 15분15초  보고 싶은 맘은 그리움 되어 널 향한 마음이 깊어져 갈수록 사랑이 아닌 집착을 느껴,음악
Fp4aif4-EPo,최애곡) Paris In The Rain - Lauv #노래추천 #가사해석,최애곡 My Fav Song,,음악
aSlVtPVzSc8,[음알못] Stella Donnelly - Mean to Me 노래추천/가사해석/한글자막,late night radio,내한 온다고 해서 복습하러 왔습니다 ||| 직접 보고 싶어지는 라이브다 진짜 ||| ㄹㅇ 좋다 진짜.....라이브 취저인 사람 오랜만에 찾음.... ||| 어제도 오늘도 듣습니다 ||| 상큼함이 뿜어져 나오네ㅋㅋㅋㅋ,음악
E4WV0mMYizc,[ 노래추천 ] 시원하고 빠른 음악! 듣기좋은 밴드음악 모음 (SKYBLUE SOUND),SKYBLUE SOUND,솔직히 우리나라의 밴드 음악이 사람들이 잘 안 들어서  뜨기 힘들어서 밴드 음악 자체가 해외 보다는 침체된거 같음... 이렇게 좋은 노래도 난 처음 들어봤음 ||| 와 한국 밴드음앋 너무 좋아.. 난 팝송이나 제이팝 안가리고 밴드 음악 너무 좋아.. ||| 밴드음악 진짜 좋아하는데 많은 사람들이 밴드음악의 매력을 알면 좋겠어요ㅜㅜ ||| 빗소리랑 섞으면서 듣는데 지루하기만 했던 빗길이 더 즐거워졌어요 🐳 ||| 노래 너무 좋네요 기분이 별로였는데 덕분에 기분좋아졌어요 고마워요,음악
stybOsLOBUs,[노래추천] 어텀프로젝트 - 가끔(LIVE),임시저장소,잘보고 구독과 좋아요 누르고갑니다^^ 제 채널보 보시고 구독바랍니다^^ ||| 음....노래를 좀 더 호소력있게 부르는게 좋을것 같습니다. 솔직하게 이야기 해도 욕안할거죠??ㅎㅎ 응원합니다. 아시죠^^ ||| 안녕하세요~ 혹시 홍대에서버스킹하려면 자리신청해야하나요?!ㅠ,음악
tGsna9Kmisw,[인기 중국노래 추천] 说散就散(헤어지자면 헤어지는 거야) by JC(Jennifer Chan) 2016 [歌词&한글자막],Translator Violet,😢 이 노래가 내 알고리즘에 닿다니 ㅠㅠ ||| 미쳤다 노래 너무좋다.. 수십년전 부모님들이 월량대표아적심 들었을때도 이런 느낌이었을까 ||| 버림받아 마음이 찢어지지만 자존심을 세우면서 버티는 여자의 마음이 느껴져요 ||| ㅠㅠ 노래너무좋아요 ||| 너무 감사해요 😍😍😍,음악
CPwRGGYTZC0,금잔디 - 사랑껌 (가요베스트 306회),여수MBC Music+(Kpop&Trot),금잔디씨 사랑의 껌노래가 신이나구좋네요~노래두 잘부르시구요~^^ ||| 금잔디. 화이팅.  노래가 참 좋아요 ||| 노래 너무 좋아요~최고👍금잔디님  너무 이쁘시네요~노래도 잘하시고 항상 승승장구 하세요~사랑합니다 🙆‍♀️ ||| 어느 누군가 불렸줘던 노래 그사람은 기억에서 점점 사라지고 있는데~~~ ||| 왜 이리 힘들어 산다는 게 여자라는 이유만으로     더 힘든게 있어 사랑이야 겉만 보고 속은 보질않아  노래 감상하고 갑니다,음악
_lvw5DHB7pA,40 '듣는편지' 언제 들어도 좋은노래 추천 드립니다,메이트엠박스MateMbox,,음악
Gnk2dmgxTtE,임창정 너를 꺼내는 이유 노래추천 하지만 이별하고 나서는 듣지마요ㅠㅠ,메이트엠박스MateMbox,다시들어보니 노래 잘하시네요 편곡  왠지느낌 있네요 ||| 잘불러요!!!!(ㅎㅎㅎㅎㅎㅎㅎㅎㅎㅎㅎㅎㅎㅎㅎ) ||| 노래에 스타카토있나요? ||| 재해석? ||| 판소리?,음악
rvYsC9MU6tY,원모어찬스 '널 생각해' 달달한 노래추천 드립니다,메이트엠박스+ 금괴를 뽑아라,,음악
6Svx-2F6gm8,윤종신 '오르막길' 언제 들어도 좋은노래 추천 드립니다,메이트엠박스MateMbox,,음악
tdhnEsEOI4I,"""버즈-사랑하지 않은 것처럼"" 노래추천!! 이별하고 울고싶을떄 들어봐요...",메이트엠박스MateMbox,,음악
k3TsJEwcKzI,휘성 노래추천 하이라이트 모음,강choice,,음악
8saHWkingio,YB '나는 나비' 분위기 업시킬때 좋은 노래 추천 드립니다,메이트엠박스+ 금괴를 뽑아라,,음악
VykOFsbHprw,40 '듣는편지' 달달한 노래추천 드립니다,메이트엠박스+ 금괴를 뽑아라,,음악
LZXs297Rz5g,버스커버스커 '동경소녀' 언제 들어도 좋은노래 추천 드립니다,메이트엠박스+ 금괴를 뽑아라,,음악
zo1mvxnapfA,@24시간 노래 추천~듣기,쭌이,,음악
t6z1HbktFPA,40대~50대 중년들이 좋아하는 노래추천 ♬중년감성 자극하는 7080노래모음 ♬ KPOP MP3 ♬ KPM Playlist♬,KPM 음악 No1,,음악
2rtI9XO2FFw,( : 버즈 Buzz # 나무 Tree (Eng Sub) K-pop Recommendation! 노래 추천합니다! [by HALBAEYO],HALBAEYO 할배요,처음에는 깜놀했다 예전에 듣던 버즈의 색깔 음악이 아니어서 처음에는 별로다 생각했는데  노래가 어느샌가 내 마음 속으로 스며 들어와 버렸다😭 좋아😊❤ ||| 나무 띵곡이죠.. 첨엔 별로다 생각했는데 듣다보니 개좋은거였...ㅎㅎ,음악
LF92-e-i5WE,[노래추천] GOD - 촛불하나 (Cover By 1.25)(LIVE),임시저장소,멋있다,음악
VJxBi0X6NKg,이수 - My Way 화음 넣는 법 | 남자 노래 추천 | 노래 커버 고급화 하기,화음 알려주는 남자,"1. 0:01 - 원음+화음, 0:42 - 높은화음만, 1:25 - 낮은화음만, 2:06 - 원음만 2. 2:49 - 원음+화음, 3:23 - 화음만, 3:55 - 원음만 3. 4:28 - 원음+화음, 4:45 - 높은화음만, 5:03 - 낮은화음만, 5:21 - 원음만 4. 5:39 - 원음+화음, 5:58 - 화음만, 6:17 - 원음만 ||| ㅠㅠ 와 대박 이런채널이 있다니 너무너무너무너무 감사합니다ㅠㅠㅠㅠ ||| 감사합니다! ||| 감사합니다 많은정보 감사해요!! ||| 유튜브 알고리즘아 이런분을 추천해줘라 ㅠ",음악
X3WWtuApojs,"아이폰으로 듣는 도입부 좋은 노래추천 , 모음 ♫",시와노래,팽팽한 줄이 끊어지듯 - 재규어 중사  넌 날 미치게 하니까 웃지 마 날 돌아 버리게 할 게 아니라면 웃지 마  *3분37초*  없던 일 - 406호 프로젝트  괜찮아 나도 그렇게 생각했었어 더 지치기만 할거야 사랑은 설렘은 아니더라도 억지는 더 아니어야 하니까  *7분16초* 글렀어 - 참깨와 솜사탕  너에게 보냈던 맘을 네게 벅찼던 맘을 다  글렀어 어떻게 잊겠어   *10분23초* LikeMeLoveMe- Wynn  내가 너였더라면 이미 나를 낚아챘지 난 네 어항 속에서 그냥 뻐끔대고 있지  *14분00초* 넌 어때(feat.도넛맨)- 이아람  달력을 보다 익숙한 날짜에 다시금 떠올라 그 겨울날 우리가 헤어지지 않았다면,음악
mLmTJg2y4jE,축가로 부르기 좋은 노래 추천. 폴킴 - 모든 날 모든 순간 cover by J.NA  'Paul Kim  Every day Every moment',JNA. MUSIC,,음악
FSJCajzSSwU,김보경 노래추천 하이라이트 모음,강choice,,음악
cZsxIQ0Xiz8,"""윤종신-말꼬리"" 노래추천 밤에 감성 젖기 좋은노래!!",메이트엠박스MateMbox,,음악
bmttZWPUd8Q,"""장덕철-그날처럼"" 노래추천 드립니다!! 감성타기 좋은 노래ㅠㅠ",메이트엠박스MateMbox,,음악
AATNooacfKo,"""장덕철-그날처럼"" 노래추천 감성젖기 좋은노래...!!",메이트엠박스MateMbox,,음악
ZLSNin8L2tY,로이킴 'HOME' 위로 받고 싶을때 듣기 좋은노래 추천 드립니다,메이트엠박스+ 금괴를 뽑아라,,음악
RxIJ4QYt438,이승기 '결혼해줄래' 프로포즈 노래추천 드립니다,메이트엠박스+ 금괴를 뽑아라,,음악
GsWvTwjU_5I,허각 '1440' 연인에게 불러주기 좋은 사랑노래 추천 드립니다,메이트엠박스MateMbox,,음악
8VVQLBrLyns,[노래추천]  혜지 - 난 아직 너를 지우지 못했어 (LIVE),임시저장소,,음악
FMLk7huBICY,정승환 '보통의 하루' 밤에 듣기 좋은노래 추천 드립니다,메이트엠박스+ 금괴를 뽑아라,,음악
jZjj261IrD8,남자 노래방 노래 추천 레전드 '정인호 - 해요' (이어서 COVER 18번 애창곡),ㄴㄱ,,음악
wv5FJTYu0Uk,하림 노래추천 하이라이트 모음,강choice,,음악
kOv6XD33810,전업 수험생의 주말 일상&공부 브이로그_타임랩스 공부영상,개인gain_vlog,수험생 브이로그에 이렇게 찰진 드립이라니....☆ 응원하고 있습니다... 함께 공부하는 기분이에요!! 우리 함께 존버합시다!!!!! 공부할땐 공부빼고 다 재밌어..... 소비가 제일 재밌어.... 없는돈 털어쓰는 재미....내일이 없는 재미..... ||| 차분한노래차분한콘텐츠에 그렇지못한자막.....진짜 제가본브이로그중에 끝까지안졸고 흥미롭게본 브이로그입니다!!재수없으셔서 꼭합격하세요!!! ||| 나중에 시험합격하시구 취업하시면 직장인의 브이로그로 계속와주세요..♡ ||| 04:23  ㅋㅋㅋㅋㅋㅋㅋㅋ목마타면2인용ㅋㅋㅋㅋㅋㅋㅋㅋㅋ밥 먹다 터졌네요ㅋㅋ  이분 도핑검사가 시급합니다 ㅋㅋㅋㅋㅋㅋㅋ ||| Love your passion for studies 💖💖,인물/블로그
IMNvdoPlaI4,"공부 자극 브이로그, vlog",깡쓰,영상너무 깔끔하고 좋아요!,인물/블로그
rMROk_cnUx4,개인 공부 브이로그_맥도날드 라즈베리크림치즈파이_프렌치토스트_먹고 공부하는 일상,개인gain_vlog,이 영상을 처음보던 그 시절이 그리워서 가끔 보러옴...편안하게 잘 지내고 계시길 바랍니다 ||| 겨울만 되면 생각나는 브이로그. 처음 봤을 때 취준의 취도 모르는 대학생이었지만 이제 직장인이 됐고 부지런함과는 거리가 멀어진 이 시점에 나에게 경각심을 주기 딱 좋은 영상! ||| 이 뭔데.. 한개본후로 계속 보고있는거죠??정주행 끝나야 잘듯.. ||| 개인님 잘 지내시지요 전 오늘 님 생각이나 이 영상보고  맥모닝을 사러가요.. 그랬으면 좋겠습니다 ||| ㄹㅇ 개인님 공부하는거 보는것고 참 좋은데 올라올때마다 아침점심저녁 뭐먹을지 기대하면서 봄 ㅋㅋㅋㅋㅋ 많이올려주세요 ㅠㅠ 화이팅입니다 !!,인물/블로그
PsnsK6EWyg8,"eng) 공부는 카페에서, 감기와 함께한 중간고사, 생강차 끓이기, 가습기, 장학금, 카오위, 마라탕",deemd 딤디,"중간 중간 왜이렇게 소리가 끊기는거죠 😭😭 보실 때 불편하시더라도 양해 부탁드려요 🙏🏻🙏🏻 ||| 솔직히 순수재미 원탑은 중국시절이긴함ㅋㅋㅋㅋㅋ ||| 00:30 무단횡단 공개처형 넘 웃김ㅋㅋㅋㅋㅋㅋㅋㅋ보고 배울점임  +따봉이 일케나 많다니....☆☆ ||| 이상하게 공부하기 싫을 때마다 이 영상을 굳이 찾아서 보러 오게되네요. 공부하기 싫다면서도 플래너 만들고, 지기 싫어서 아침일찍 도서관가는 딤디보고나면 역시 다들 하기 싫은데도 참고 열심히 사는거지 싶고 나도 하기싫지만 해야지 어쩌겠음 마인드를 다시 장착하게 돼요. 좋은 영상 만들어 준 딤디에게 압도적 감사🤍올리고 다시 공부하러 가봅니당ㅎㅎ ||| 하기 싫다는 자막과는 다르게 진짜 열심히 사시는 것 같아서 제가 왜 뿌듯한지는 모르겠지만 아무튼 뿌듯하네요 영상 너무 재밌어요💕",인물/블로그
0h8SMY4E_TU,개인 공부 브이로그_팬케익_떡볶이 만들어 먹고_공부하는 일상,개인gain_vlog,"담담한 영상에 웃긴 자막ㅋㅋㅋㅋㅋㅋㅋㅋㅋㅋㅋㅋㅋㅋㅋㅋ 아 조합 ㅋㅋㅋㅋㅋ ||| 아니 이게 뭐라고 이렇게 재미있지,,,멘트 대폭발;; ||| 님이 써주시는 명언은 애매하게 위로를 해주는말도 응원해주는말도 아닌것같고 그저 내스스로도 몰랐던 나의 단단함을 알게해주고 깨닫게해주는것같아서 너무 와닿아요 좋은말 많이 써주세요 새벽에 감명받고갑니다 ||| 며칠 전에 이 채널을 발견하게 되었고 영상 두개를 연달아보자마자 구독을 누르게 되었고  이 몇일동안에 영상을 다 보고 오늘 영상을 보게 되었어요 앞으로도 잘보겠습니당 삶이 너무 멋지세요 요리도 잘하시고 공부도 오랫동안 하세요 영상마다 공부자극 충분히 얻고 갈수있어서 좋아요 ||| 아니 ㅋㅋㅋㅋㅋ내가 잘못본줄 알고 재차 확인함 ㅋㅋㅋㅋㅋㅋㅋㅋ떡볶이ㅋㅋㅋ큐ㅠㅠ",인물/블로그
U64QJxbjWLc,나만 공부자극되는 공부 브이로그_전업 수험생의 하루📹,개인gain_vlog,적들 이자식들 힘내라 뭔데욬ㅋㅋㅋㅋㅋㅋ웃고갑니다!  응원할게요🥰 ||| 갠적으로 브이로그라는걸 허세 부리는 분들 많아서 싫어하는데 있는그대로의 느낌을 잘 담아서 계속 영상 보게 만드는 매력이 있으세요 >_< .. ||| 뭐야 왜재밌지 ||| 노력하는 모든 사람이 목표한 바를 이루는 세상이 되었으면 좋겠다뇨!!! 언니 말을 왜 이렇게 예쁘게 하는거에요ㅠㅠㅠ어떻게 하면 저도 그런 생각을 할 수 있을까요. 본 받고 싶어요!!! ||| 남양 안사요에서 고민도 없이 구독합니다^^,인물/블로그
kKwQK_dcP9I,공부하는 직장인의 일상_공부 브이로그/회사생활/아이허브/공부/기말고사,Allthat_A올댓에이,다음 영상은 언제올라오는지~~^^ 벌써 기대되네요. 시험에 좋은 결과 있으시길 바랍니다! ||| 와 정말 열심히 사시네요 🤔👍🏻 ||| 영상 잘봤어요!!시험기간 화이팅 하세용!! ㅎㅎ좋아요랑 구독 눌렀어요!❤️제 채널도 눌러주세용!! ||| 설마 비단길이 시아준수 비단길이면 소오름 ||| 방통대무슨과에요?,인물/블로그
gxt8fidxpCQ,[지은공부] 시험기간 브이로그 / VLOG / study with me / 타임랩스 공부 / 중학생 시험기간 브이로그,지은jieun,"인스타 보다가 왔어요 ㅎㅎ 저도 시험기간인데 이제 공부할라구요 ..! 영상 잘 보고 가용😍❤️ ||| 제가 공부를 싫어해서 그런가 타임랩스가 무언가 슬프네요ㅠㅠ 열심히 공부하시는 모습 보기 좋습니다!! 편집도 잘 하시고 재밌게 잘 봤습니다 구독 할께요!! ||| 헐 편집미쳤어요..왜 이분 안뜨시져..완전 떠야하는분이예여.. ||| 열심히 공부하시는 모습 본 받고 가요 😁 ||| 아니,,, 영상 퀄리티 그냥 미쳐버렸다,,, 와우,,,좋아요 누르고 가요,,  저는 유학 브이로그 영상 올리고 있는데 제 채널도 한번 놀러와쥬세오,,, 헤헤 쁍!",인물/블로그
lmiIRgYuK8I,개인 공부 브이로그_스크램블 에그_김치볶음밥_만들어 먹고 공부하기,개인gain_vlog,"I want that study timer ||| 자막 맛집이네요 ||| 아무리봐도 자막이 보배임 ||| 처음봤는데 뭐지 이 영상..중독성있어욬ㅋㅋㅋㅋ자막 꿀잼 ||| I don’t understand the language but it’s really nice Routine video, I like it soooo much 😭🍭.",인물/블로그
DOdyY0Aj6qQ,월요병을 앓고 있는 전업 수험생의 공부 브이로그_타임랩스 공부영상,개인gain_vlog,미래에서 온 구구버드입니다 합격 축하드려요 ||| 역주행...중입니다 ㅎㅎㅎ 공부로그님 좀 더 고퀄리티 식사를 드실 수 있도록  조회수에 기여하겠습니다. 응원합니다. 화이팅! ||| 엄청 소식하시네요 ||| 공부로그 이렇게 재미있음 반칙인데 ||| I am the english comment you are looking for.,인물/블로그
_NGmlutemig,"[주말브이로그] 공부하고 곱창먹는 주말, 무지 재미없는 브이로그",갱미몬,"왜 재미없다고 하십니까 당장곱창땡길정도로 표현감 장난아니신데요~~매일매일 올리시고 진짜존경합니다ㅠ ||| 재미가 없긴요,,곱창 불쑈로 모든것을 정리했씁니다~!! 짱 ,,,최고~!!!! ||| 매번 느끼는거지만!!!!!!!!!! 매일 올리는거 진짜 아무나하는게아닙니다!!! 갱미몬님께서 하는 모든 영상들과노력들은 박수받아 마땅합니다!!!! 절대 기죽거나 재미없다고 생각하지마세요!!!! 핵 꿀잼입니다!! ||| 곱창 ㅎㅎ불쑈! 좋네요 갱미몬님 ㅎㅎ 덕분에 영상 잘보고 갑니다! 구독도 하고 갈게요~ 앞으로 자주 놀러올게요 종종뵈요:) 시간되시면 제 채널도 놀러오세요 😍😍 ||| 오우 곱창 불쑈!!~ ㅋㅋㅋ 생존 신고 잘 확인했습니다!!ㅋㅋ  아니~ 마사지까지~ 부럽 부럽~ㅠㅠ",인물/블로그
435riBGDTO4,Vlog. 방학일상 브이로그/요즘하는 공부/수원/연남동,미닝메이드miningmade,"영상이 잔잔하니 너무 예뻐요 재미있게 잘보고가요 구독도 하고 갈게용 ^^ ||| 미닝메이드님! 영상 잘봤습니다 !  구독 해야겠어요 ㅎㅎ 혹시 브이로그 무슨 프로그램으로 편집하셨나요? 최근에 브이로그 시작하시는 분들을 위해 전용 편집앱을 만들었는데,  미닝메이드님이 만든 영상을 쭉 보니까 저희 Vlogr앱과 너무 딱 맞더라구요. Vlogr로 훨씬 편하고 감각적으로 편집하실 수 있습니다!!🌿 제 채널에 Vlogr로 만든 데모 영상도 올려뒀습니다. 놀러와 주세요! 🎞*Vlogr*🎞 (앱스토어에서 무료로 다운받아보세요) 좋은 영상 올려주셔서 감사합니다! Vlogr에서도 MININGMADELog 기대할게요!",인물/블로그
afoCOwhIXUw,study vlog #4 : 기말고사 공부일상/ 1인독서실 브이로그,제이드Jade,기다렸어요 ㅠㅜ 다시 돌아오시니 넘 기쁨~^^♡ ||| 처음보시는분인데 넘 이쁘시고  공부도잘하시네요. 구독누르고가요  영상많이올려주세요,인물/블로그
x9_47tystwU,#02) 한양대 공대생의 하루종일 공부만 하는 브이로그/[vlog],현준리,공대생의 하루종일 놀기만하는 브이로그 잘보고감니다~~ ||| 아주 잘봤어요^^ ||| 흥신소도 새벽까지 여나 보군요...🤔 영상 잘 보고 갑니다!!!!! (구독도 했어요••) 다음 영상 기대할게요 ||| 노래방 🎤짱잼이에요 ||| ㅋㄱㅋㄱㅋㄱㅋㅅ전기과 존잘남ㅋㅅㅋㅅㅋㅅㅋ근데 존잘 맞으세요,인물/블로그
-DRdbpNUQYg,"도쿄브이로그.1 / 도쿄여행이야기 + 신주쿠 Hand Bakes , 블루보틀 + 롯폰기힐즈 도쿄야경 ,  편의점털기",eundayy,곧 도쿄가서 보러왔어요 영상 잘 보고 갑니다 ❤️ ||| 12월에 저도 도쿄가는데 잘봤어요~ ||| 오 ....영상보니...  도쿄 갔다온 느낌 잘봤어유 ||| 도쿄야경 재밌어요? ||| 안녕하세요! 맨 처음에 나오는 곡 제목이 뭔가요? 영상 잘 보고 갑니다! :D,인물/블로그
RG3QEf-BTtA,ENG) 역대급분량 대학생의 하루 : 시험기간 A day of a university student : exam period,에바EVA,"🚨 *영상 속 정보 / information* 🚨 Instagram : @ev.alet  머리 : 셀프로 자르고 끝단 다듬음. 펌이나 고데기X 염색컬러 : 카키빛 도는 브라운으로 톤다운. 자세한 문의는 이퀄다이아몬드 자현쌤한테 해주세요!  휴대폰 기종 : 아이폰 7 전공 : 영화연출   *10월 17일* 렌즈 : 오렌즈 스페니쉬 그레이 립 : 마몽드 벨벳레드 리뉴얼 전 제품 + 16브랜드 테이스츄 체리아몬드 잠옷 : 유니클로 플란넬파자마 체크B 69 네이비 세수할 때 낀 헤어밴드 : 바닐라코 노트 : 동생 노트 (출처모름)  *10월 18일* 렌즈 : 오렌즈 스페니쉬 그레이 립 : 마몽드 벨벳레드 구버전 겨자색 긴팔상의 : 에이랜드 3.3 필드 트립 드라이R 밤색코트 : 유니클로 U울블렌드 체스터필드 코트 38 반지 : 로이드 LRS17015G(디즈니 콜라보) 14K PG 바지 : 유니클로 PONTE슬림팬츠 블랙 숏패딩 : 에잇세컨즈 베이지 솔리드 볼드 퀼팅 쇼트 패딩 체크잠옷바지 : 자주(JAJU) 파자마   *10월 19일* 렌즈 : 오렌즈 스페니쉬 그레이 기초 : 홀리카홀리카 레스온스킨 토너 선크림 : 아이뽀 데일리 선크림 브로우 : 클리오 킬브로우 오토 하드 브로우 펜슬 2호 뿌리는 트리트먼트 : 힐링버스 노워시 앰플 트리트먼트 립 : 마몽드 벨벳레드 구버전 가죽자켓 : 원더플레이스 노란색 상의 : 에이랜드 벨리 티 배달앱 : 배달의민족   *10월 20일* 폰케이스 : 인스타 보라앤드 (구 퍼플워터) 피아노 악보 보는 앱 : 악보바다에서 다운받아 봄   *10월 21일* 후드티 : 나이키 남성용 회색 후드 (9년전에 삼) 립 : 클리오 매드매트립 6호 센슈얼페퍼 송주불냉면 산 곳 : 네이버에 검색해서 네이버페이로 삼 네일 : 데싱디바   *10월 22일* 렌즈 : 오렌즈 스페니쉬 브라운 립 : 마몽드 벨벳레드 구버전 브라운 상의 : 유니클로 캐시미어 터틀넥 스웨터 34 가죽자켓 : 원더플레이스 지갑 : 구찌 오피디아 카드 케이스 가방 : GU 태슬 모티브 토트 백 09 블랙 신발 : 무인양품 무지퍼셀 화이트 스니커즈 바지 : 유니클로 PONTE슬림팬츠 블랙 노란색 반팔티 : 원더플레이스   *10월 23일* 베이지색 후드티 : 원더플레이스 모자 : 라코스테 립 : 마몽드 벨벳레드 구버전 렌즈 : 오렌즈 스페니쉬 브라운 바뀐 립 : 에스티로더 퓨어 컬러 엔비 리퀴드 매트 304   *10월 24일* 머리에 쓴 수건 : 출처모름 렌즈 : 오렌즈 스페니쉬 브라운 립 : 마몽드 벨벳레드 구버전 브라운 반팔니트 : 유니클로 (정확한 제품명 기억X)   *10월 25일* 렌즈 : 오렌즈 스페니쉬 브라운 립 : 마몽드 벨벳레드 구버전 상의 : 유니클로 (정확한 제품명 기억X)   *10월 26일* 렌즈 : 오렌즈 스페니쉬 브라운 립 : 마몽드 벨벳레드 구버전 신발 : 무인양품 무지퍼셀 스니커즈 네이비       Hair : self cut, natural hair (iron X) Color : khaki brown Phone : iPhone 7 Major : film art   *Oct, 17th* Lens : O-lens spanish gray Lip : mamonde creamy tint color balm intense velvet red(old ver.) + 16brand taste Chu cherry almond Pajama : Uniqlo flannel pajama check B 69 navy Hair band : banila.co Note : no brand   *Oct 18th* Lens : O-lens spanish gray Lip : mamonde creamy tint color balm intense velvet red(old ver.) Top : A-land 3.3 field trip dry R Coat : Uniqlo U wool blend Chesterfield coat 38 brown Ring : LLOYD LRS17015G(collabo w/disney) 14K PG Pants : uniqlo PONTE slim pants black Short padding : 8 seconds beige solid bold quilting short padding Gray pajama pants : JAJU    *Oct 19th* Lens : O-lens spanish gray Skincare : holika holika less on skin toner Sunscreen : AIPPO daily sun cream Brow : Clio kill brow auto hard brow pencil 02 Hair spray : healing bird no-wash ample treatment Lip : mamonde creamy tint color balm intense velvet red(old ver.) Leather jacket : wonder place Yellow top : A-land belly T-shirt Delivery application : a delivery race   *Oct 20th* Phone case : (instagram) bora_and Sheet music app : akbobada   *Oct 21st* Hoodie : nike gray hoodie (man) Lip : Clio mad matte lipstick 06 sensual pepper Nail : dashing deva   *Oct 22nd* Lens : O-lens spanish brown Lip : mamonde creamy tint color balm intense velvet red(old ver.) Brown top : Uniqlo cashmere turtle neck sweater 34 Leather jacket : wonder place Wallet : gucci Ophidia card case Shoulder bag : GU tassel motive tote bag Shoes : MUJI sneakers white Pants : Uniqlo PONTE slim pants black Yellow short sleeved T-shirt : wonderplace   *Oct 23rd* Hoodie : wonderplace Cap : lacoste Lip : mamonde creamy tint color balm intense velvet red(old ver.) Lens : O-lens spanish brown Darker lip : Estee Lauder pure color envy liquid matte 304     *Oct 24th* Hair towel : no brand Lens : O-lens spanish brown Lip : mamonde creamy tint color balm intense velvet red(old ver.) Brown short sleeved neat : Uniqlo   *Oct 25th* Lens : O-lens spanish brown Lip : mamonde creamy tint color balm intense velvet red(old ver.) Top : uniqlo   *Oct 26th* Lens : O-lens spanish brown Lip : mamonde creamy tint color balm intense velvet red(old ver.) Shoes : MUJI sneakers navy ||| 여러분 그거 아시죠 공부를 하면 배가 고프잖아요 이말 한 삼십번 나온듯ㅋㅋㅋㅋㅋㅋㅋㅋㅋㅋㅋㅋㅋㅋㅋㅋㅋㅋㅋㅋㅋㅋㅋㅋㅋㅋㅋㅋㅋㅋ ||| 에바님은 해야 하는 일 뒤로 안미루고 그때그때 자는 시간도 줄여가며 다 하니까 진짜 존경스러워요 ||| 과제 날라갔는데 욕한번 안하는당신...나와는 다른 사람... ||| 7:20 연출 지렸다 사스가 영화연출 전공;;;",인물/블로그
VRl2ykRFAiQ,[VLOG] #5 하라는 공부는 안하고 밥만 해먹는 독일 유학생 브이로그,서네림Sunerim,빵에 잼 꾸덕꾸덕 바르는 부분 너무 힐링되요 ㅎㅎㅎ ||| 촘촘하게 쌓여진 어묵보고 ㅎㅎ 거기 물 고이 넣으시는 거 보고 넘 귀여워서 ㅠㅠ 웃었어요 정말 요리사같으심 왠지 독일에서 공부도 공부지만 요리스킬 생활스킬이 그 배로 더 늘어나는 거 같아서 웃겨요 ||| ㅋㅋㅋㅋ 제목보고 넘 웃겨서 들어와봤어용! 여기가 요리맛집이었네요 ㅎ ㅎ 구경하다 갈게요~~~~ ||| 영상보니 배고파졌어요 ㅠㅠ 구독 누르고 갑니다! ||| 파스타 2인분 같은데 옆집 살고 싶다>.<,인물/블로그
gGbiqO5zNUE,빡빡이가 된 고등학생 브이로그 !  ㅣ 시험기간 브이로그 일상ㅣv-log 상진,이십사세 상진,"삭발해도 잘생긴 상진님 당신은 대체.... ||| ㅋㅋㅋㅋㅋㅋㅋㅋㅋㅋㅋㅋㅋㅋㅋㅋㅋㅋㅋㅋㅋ아니 왜 자꾸 본인을 빡빡이 반짝반짝 이러세요 ㅜㅋㅋㅋㅋㅋㅋㅋㅋㅋㅋ 너무 귀엽다 ||| 머리 미니까 진짜 시원해보아고 인상도 더 깖끔해지신 것 같아요 귣 ||| 비와이보다 로꼬 느낌인데..?? ||| 눈썹정리할때 로션 바르고해요 얼굴 피부는 예민해서 아포,,,,",인물/블로그
s3N8OSkq78U,"[ F : VloG ] 대학생 브이로그 : I want to spend 쇼핑 하고싶ㄷㅏ | 블루보틀 원두, 배드민턴, 고터 ,신동사 🎩",Hee w - 히원,07:02 너무 맛있는집 - 07:54 사고싶은 아이템 1  닌텐도 스위치  요즘 편집프로그램이 이상하네요ㅠㅠ  오류나서 죄송합니다 - ||| 시험공부하면서 보는데 넘 힐링되여ㅠㅜㅜ ||| 와 기다렸습니다!! ||| 영상미....❤️ ||| 아.. 이번엔 늦었네요 그래도 영상 잘봤습니다 꾸준히 올려주셔서 감사합니다 ^^,인물/블로그
f1UTz5839hA,[VLOG] 영어공부 브이로그 시작! 더 보기란 꼭 확인 해 주세요!,공공칠빵,모든 영어 공부 하시는 분들 화이팅~~~~~~ 😭 ||| 말투 넘 귀여우세요ㅋㅋㅋㅋㅋ 같이 공부하는거 좋아요~~! ||| 아무도 안 봐도 상관 없지만 뭔가 하겠다고 하고 영상을 올리니깐 떨리네요... 🤣 열심히 해야지 ||| 같이 화이팅해요!! 감사합니다!:) ||| 모두 영어공부 꼭 성공하세요~~ 저도 도울께요~~,인물/블로그
rfEe54GTMyI,Work + Study Vlog #2 | 직장인 공시생 브이로그 | 공휴일 공부하기 + 혼자 먹기,점핑쮸,영상 재미있게 봤어요 ~~ 저도 이제 공시생이라서 공부 시작하는데 유투브 찾다가 영상 발견했네요 ..! 혼자 밥드시면서 계속 카메라 보고 말하는게 너무 귀여우세요 !!  자막에있는 글자들도 재미있고 ㅎㅎ 진짜 보면서 힐링되는 느낌?? ||| 그리고 말을 너무 이쁘게 하셔서 보는내내 기분이 좋아지는것 같아요 ㅎㅎ ||| 아 넘나 사랑스러우세요. 직장다니면서 공부하시는 것도 대단합니다. 좋아요 구독 꾸욱! ||| 직장인 공시생만이 누릴수 있다 풍족하게 공부를 하지 ||| 독서실에서 공부하다가 님 유툽보게됐는데 동지애가 므구므구 느껴지네요 합격할때까지 우리 파이팅해요!!!!!,인물/블로그
i76VdCWyfyw,공부하는 직장인의 브이로그_기말고사/마지막 시험/국립박물관 굿즈/스타벅스 다이어리/요가/삼겹살,Allthat_A올댓에이,영상 재밌게 잘 봤어요 ^_^ 시험 결과 좋았으면 좋겠네용 !,인물/블로그
TLnCVFoozbk,"[의대생브이로그]의대생의 하루 ,학교 , 학식, 캠퍼스 산책",유니유니,요즘에 의대생분들이 영상올리는게 많아서 넘 좋아요 ㅠㅠㅠ ||| 이렇게 볼수있어서 넘 좋네용 ㅎㅎㅎ유니님 응원해용ㅎㅎㅎㅎㅎ ||| 혜민관의 시설에 대해 “어떻게 생각해.- 치즈” ||| 공부하면서 영상도 만들구 너무너무 멋저요!!!,인물/블로그
WAOnZ1Pdevc,학생 브이로그/vlog/고딩일상/먹방/공부/일상,Da mae,,인물/블로그
Nk2KEZIjjsQ,취준생의 하루 (+ 평소 나의 공부방법 😋) /공부 브이로그,쏘이Soy The World,"중2때부터 쏘이님 영상 시청해왔는데 이제 고3이네요ㅠㅠㅠ 여행뿐만이 아니라 책추천, 진솔한 이야기 등 영상을 볼때마다 저도 같이 여행하고 발전해나가는 느낌이 들어서 너무 행복했어요ㅎㅎ 오랜만에 보는 이 영상도 너무너무 힐링이네요😊❤❤❤ 저도 언젠간 쏘이님처럼 꼭 세계일주에 도전해보고싶네요! ㅎㅎ 쏘이님 언제나 행복하시고 웃을 일이 많았으면 좋겠어요!🍀 ||| 쏘이 열공 모습 멋있다 ||| 이 영상 엄청 중독되요!!! 공부하기싫을때마다 보면 자극되고 좋아요😃😃 ||| 쏘이누나만큼 하면 얼마나 좋을까요! 할게없어서 늘상하는 게임으로 시간을 달래기만하고.. 저는 늘 생각만 잔뜩이고 스스로 만족해하며 실천에 옮기려하면 곧 잘 싫증내는데.. 본받아야겠습니다. ||| 저는 전기기사 공부하려고 인강도 신청하고 책도 받았는데 막막하던 순간에 쏘이님이 머릿속에 넣으며 공부하는 모습을 보고 할 수 있을 것 같아요 힘을 얻습니다",인물/블로그
XmmuPvemLIg,집에서 요리하고 일하는 나만 나오는 브이로그 (순면생리대추천/미트소스스파게티/카야토스트),피글로그 Pigle's Vlog,버섯은 물에씻으면 영양소가 많이 빠져서  마른 붓으로 먼지만 털어야 해요!😊 ||| 성희님 영상은 볼 때마다 따땃한 자몽차같아요 왠지 모르게 기분 나쁜 날이었는데 영상 보니까 기분이 맑아졌어요😊😊 ||| 저도 생리대 화학물질로 난리 난 이후로 이리저리 방황하고 있는데 영상보고 한번 구매해봐야겠다는 생각이 들었네요! 여성을 위한 제품이나 기업들이 더 많아졌으면 좋겠어요ㅠㅠㅠ 그리고 영상보는 내내 성희님 네일이 너무 예뻐서 집중해서 바라봤어요!! 항상 좋은 영상 올려주셔서 감사합니당 ||| 생리대.. 정말 뭘 써야할지 모르겠죠.. 추천해주셔서 감사해요:> 여성의 삶이란.. ||| 언니 일상 볼때마다 놀라워용 저눈 무기력한게 엄청 심해서 외출해야하거나 해야할 일이 있는게 아니면 딱히 뭘 하지를 않는데 일어나면 커피내려먹고 음식도 해먹으시고 하는거 볼때마다 넘 부지런해보이고 신기해요 ㅋㅋㅋㅋ 저같은사람은 프리랜서로 일허면 망할거에요 흑..,인물/블로그
ZL0iFVwzlMM,VLOG | 🌸 이화여대 시험기간 일상✍🏻브이로그.,Bubbly버블리,"이 영상 진짜 한참 2년전 시험기간에 돌려봤었는데........... 지금도 가끔 생각나면 돌려보는건 왜일까요ㅋㅋㅋㅋ ㅠ 뭔가 버블리님 이대 시험기간 영상보면 그때 기억들이 생각나서 몽글몽글해요,, 지금은 졸업하고 직장인이시니까 이대에서의 영상을 다시 볼 수 없겠지만..! 왜 제가 이때 버블리님 영상보면서 추팔아닌 추팔을 하는지 모르겠네욬ㅋㅋㅋㅋ이대생은 아니지만 가까이 자취했어서 한창 이대가서 밥먹고 카페가서 공부하고 그랬는데 ㅠㅠ 뭔가 아쉽고 몽글몽글해요,, ||| 진심 버블리님 브이로그가 젤 잼써여.... ||| 다 보고 댓글 다시 남겨요 💕 윤지님 영상만 보면 공부 욕구가 불끈... 🔥 ㅠㅠ 지치는 재수 생활이지만 윤지님 브이로그만으로 많은 힘을 얻고 있어요! 항상 감사드리구 꼭 학교에서 뵀으면 좋겠어요 😭🙏🏻💖✊🏻 화이팅 ||| 헝헝 행보캐요  종강하고 보는 브이로그 넘나 행복,, 버블리님 브이로그는 편안하게 재밌게 그리고 중간 중간 맛집들 나와서 알차고 죠아효,, 그리고 열심히 사시는거같아서 제 나태한 삶에 자극도 가서 넘나리 조아효 💗",인물/블로그
ASXGcY85u1w,•_ 다이나믹했던 도서관 브이로그 🔥 [공부싫어ㅓㅓㅓ] 설참 / 도서관 / 일상 / 브이로그 / 채솔 •°,채솔인데유 ¿ ˇ,영퀄 개입브다요 ㅠㅠ 부러버영 ㅎㅎ ||| 오늘도 상큼날바리 했됸 채솔잉😝ㅎ ||| 영퀄 넘 이뻐요!  내 스탈~★ 그리고 공부 넘.. 어려워보인당... ||| 분위기 이뻐욤>< 카메라 뭐 쓰세용 ?? ||| 영상 분위기 넘나 예쁘신것..❤️❤️🌛,인물/블로그
aFHXGPSEBVM,첫 브이로그🎉🎉 의 프롤로그...랄까?,queenqrab,,인물/블로그
9xbBtxmZ54A,"｜  VLOG 10 일상 브이로그 ｜ 먹고 마시고 공부하라 🍺 Eat,  Drink, Study ｜ 나니",나니의 젊은이 일기,구독했어요! 독일 잘 다녀오시고 음식영상 너무 맛있어보여요 ㅠㅠㅠ😂직장인이신것같은데 공부도하시고 멋있어요!! ||| 나니님 교환 학생 가시는군요 ㅠㅠㅠ!! 교환 학생 준비하시는 모습 영상으로 만들면 진짜 재밌을 것 같아요 ㅎㅎㅎ 대리만족!ㅎㅎㅎ 오늘 영상도 잘 보고 가요~ ||| 교환학생 준비 힘들텐데 힘내시고 감기 조심하세요! ||| 아버님 생신 축하드려용( ღ'ᴗ'ღ ) 대게 킹크랩 맛있겠더 ||| 킹크랩에환장하는데....너무먹고싶어요ㅠㅠㅠㅠㅠㅠㅠㅠㅠㅠㅠㅠㅠㅠㅠㅠㅠㅠㅠㅠㅠㅠㅠ,인물/블로그
MSXsDld9Y9I,"[vlog] 집순이 브이로그🏠 방 꾸미기, 인테리어 소품 추천, 드파운드 미니 하울ㅣ이까까",패션마케터 가영,"이 집 브이로그 잘합니다🙏🏻🙏🏻 ||| 분위기, 편집감성 넘 좋다 ☺️ ||| ㅋㅋㅋ리액션 왜케 좋아 귀여워 ◡̈ ||| 공부하느라이제야봤네요 영상넘좋아요😁😁 ||| 저번주에 영상 업로드가 좀 뜸했죠 😭 인스타그램을 보신 분들은 아시겠지만, 부산 여행을 다녀오느라 업로드를 못했어용🙏🏻 이번 주는 열 편집해서 많은 영상 보여드릴게요!",인물/블로그
y9FS0z5gXfY,"중국 일상 브이로그 #16 l (벌써 롱패딩입는) 평범한 일주일! 카페에서 공부하기, 마라탕, 불닭볶음면",deemd 딤디,"공부하는 내자신에게 취하는 거 진짜 공감....특히 카페에서..따흑 ||| 마지막에 DeemD 나올때가 세상 제일 슬퍼ㅜㅠ ||| 명언 하나 얻어서 갑니다 ‘ 냄비 하나에 넣으면 1인분 ‘ ||| 친구관계와 우울증 무기력증 문제로 학교에 잘 가고있지 않아서 유급이 될지도 모른말을 듣고도 딱히 결심이 서지 않았는데 딤디님 영상을 어제 저녁에 처음 접하고 여러 영상들을 봤어요 정말 열심히 사시더라구요 딤디님은 자신에게 상당히 빡빡하신것같은데 전 1시간만 앉아있어도 자신에게 감탄한답니다ㅋㅋㅋㅋ 딤디님 영상 보고 나도 저렇게 살고 싶다고 느꼈어요. 항상 영상 잘보고 있고 오늘은 학교 가볼게요ㅎㅎ ||| 백수가 꿈이랬는데, 지금 3년뒤 열심히 갓생하고 있는 딤디가 넘 웃기면서도 대단하고 막 그렇네요~~ㅎㅎ 오늘도 3년전 딤디님 잘 보구 갑니당👏",인물/블로그
M9CEMtWcJVk,캐나다 일상 브이로그 | 에어팟 같이 뜯어용 + 어쩌다 집순이🐰가 요즘 빠진 아침메뉴🥑,리미Limmy,안녕하세용 제시카님:) 그때 스벅에서 봤었을때 실물진짜!!너무 예쁘샸어요ㅠㅠ 다행히 제가 드린건 맛있게드셔서 기쁘네용ㅎㅎㅎ(성의없어보일까봐 걱정했어여ㅠ.ㅠ) 저도 갑잡스럽게 뵈서 너무 당황해서 말도제대로 못하구..ㅠ 지금와서 후회즁:(  나중에 꼭!다시 만났으면 좋겠어용!!! 좋은 하루되세용~~~^^ ||| 요즘 날씨 너무 좋지않나요? 레인쿠버 끝나고 여름을 맞이하니까 너무 설레고 행복하네요 ㅎㅎ진짜 하루하루가 너무 좋아용 ㅎㅎㅎ즐거운 주말보내세용 ||| 안녕하세요 스트레인저보고 브이로그구독했어요 ㅎㅎㅎ 븨로그 정주행중인데 와아 이때 디게 풋풋?하시네요ㅋㅋㅋㅋ 말씀하시는데 되게 귀여웠네욯ㅎㅎ  저도미국여행다녀온거 그리워하면서 보고있어욯ㅎㅎ 항상응원할게요! ||| 저는 요즘 너무너무너무 바쁘다가 오늘에서야 바쁜게 끝났어요 ㅠㅠ 너무 오랜만에 왔죠 ㅠㅠ집에서 쓰러진듯이 자다가 일어나니깐 언니 브이로그가 땋❤️❤️❤️ 에어팟은 어때요?? 저는 아직두 고민 중 ㅠㅠㅠㅠ......한국은 요즘 맨날 비오더니 오늘부터 드뎌 하늘이 갰어요 ㅠㅠ 거의 동암아 스콜 수준..... ㅠㅠ 언니 한국 언제오시나요...ㅠ 캐나다에서 만나신 분 부럽 ㅠㅠ 한국오면 만나는 자리도 있었으면..좋겠어요.😘저 유투브 보는 것도 거의 없어서 언니 보게되면 너무 신기할 거 같아요 ||| 제시카님 오늘 영상도 미모열일중! 에어팟 사서 좋아하는 모습 넘 애기같고 귀여우세요 :),인물/블로그
7bNJubTNgb8,[🇩🇪VLOG]  독일대학 입학까지 기록 브이로그 / 공부하고 먹고 공부하고 먹고,매기 MAGGIE,Great Vlog. I liked it. Wonderful. :),인물/블로그
70W8bryJgyo,일본어 배우기 브이로그!!! 유소가 일본어 공부하는 방법은?!,유소,"오랜만에 브이로그죠?? 열심히 일본어 공부해서 얼른 유창하게 말하고싶네요!!!빠이티이이이잉!!!! ||| 頑張ってください（がんばってください）！ 화이팅 ☺️☺️ ||| 1:54 저거 목소리의 형태 아닌가요ㅠㅠㅠ 저거 진짜 재미있는데ㅠㅠ ||| 나도 일본어,,배우고싶어,,유소가 나의 일본어 선생님이 되어조,,☆ ||| 오 열심히 하시는 모습 멋지네영!! 홧팅이에요~~^_^",인물/블로그
wzS8KV5QR5A,"┃DAILY┃모퉁이책방의 학생은 아니지만 공부, 브이로그",모퉁이책방,아부지 귀여우세요 ㅋㅋ ||| 우앗 투썸~~~ 한국살때 젤 좋아하던 곳인데 넘 그립네요~~~^^ 제 채널에 방문해주셔서 또 이렇게 좋은 채널 한 곳 알아가게되는 기쁨을 주셔서 감사합니다!!! 앞으로도 자주 놀러올께요😁😆😄 ||| 새로운 북튜버님이시네요  어제부터 구독시작했어요  그나저나 딸은 아빠한테 똑같은가봐요   순간 울딸 말투여서 빵 터졌.. ||| 목소리가 마음을 녹이는 목소립니다 ~ 좋은 영상 잘 보구갑니다 !! ||| 목소리 참 차분하시네요 ㅎㅎㅎㅎㅎ따봉,인물/블로그
rzRq83SX6_Q,"VLOG : 겨울 일상 브이로그⛄️(프라이탁 쇼핑,방꾸미기,부암동데이트,네일컬러추천) :: 채소 브이로그",CHAESO 채소,"채소님 언젠가 실례가 되지 않는다면 옷장투어 한번 해주실수 있으신가요..? 평소 옷입는 스타일도 너무 감각있으신것 같고 옷이 항상 바뀌는것 같아서 (ㅎㅎㅎ) 옷을 얼마나 가지고 계신지도 궁금해요!! ||| 수시6광탈에 실력발휘를 제대로 하지못한 수능때문에, 주변친구들은 이미 수시합격하고 19학번이 되었는데 저는 아직도 확정되지않아 계속 우울했어요. 나가서 친구랑 놀기도 그래서 집에서 유튜브만 보면서 지낸지 벌써 2주가 훨씬 넘었네요. 언니 영상, 특히 일상영상을 볼때면 모든 걸 잊고 힐링하게돼요. 정말 감사해요. 오늘 영상도 잘보고 잠시 현실을 잊고오겠습니다ㅎㅎ ||| 부암동 카페 간날 메이크업 찍어주세요 !!!! 넘 예뻐요ㅠㅠㅠ 항상 영상 재미있게 보고 있어요 연말 즐겁게 보내세용 💚 ||| 언니의 영상들을 전체적으로 깔끔하고 다좋지만! 언니의 일상브이로그는 최애중에 최애에요😍 항상 사랑하구 아프지 마시구 연말 잘보내세요❤❤ ||| 채소님... 진짜 그냥 브이로그는 사랑입니다.. 크리스마스 선물 같아요 ♥♥♥♥ㅠㅠㅠㅠㅠㅠㅠㅠ",인물/블로그
ucX6tnehFJw,"[비타지은] 평범한 일상 브이로그 - 혼자 쇼핑하고 카페에서 공부하기, 지은의 공부법📘",비타지은vitajieun,안녕하세요 지은님 영상 처음 보는데 목소리도 외모도 너무 예쁘시네요 ~~ *-*  04:15 요기 넘나 귀여우신것 ㅋㅋㅋㅋㅋㅋㅋㅋㅋ 영상 잘 보고 구독 좋아요도 하고 갑니당❤️ ||| 잘보고있슴댜😋 ||| 상식 스터디가 뭐에용????,인물/블로그
yaMZ6S9tz0c,[VLOG] 직장인 브이로그ㅣ출근전 쇼핑ㅣ유니클로 감사제ㅣ이니스프리 빅세일ㅣ득템하세여,SUNNYSIDE,"아아아아아아아아아아 흥뚜는 구독햇눈데도 왜 알림 안떠요 흥뚜 떠니누나랑 데밋는 애기 못해서 슬포요 ..,.., 그냥 코하러갈래여 zzzz ||| 언니 니트셔츠 완전 잘어울려용ㅠㅠ 지금 입으신 하늘색티도 찰떡💙 ||| 유니클로 가야지가야지 하다가 계속 못갔어영.. ㅋㅋㅋ 힝 이번달은 세일이란 세일은 다 놓쳐버리는.. 😭 구독하고 갑니당! 🧡 ||| 니트캡이랑 니트셔츠 입으실때 저거 잘어울리셔서 샀으면 좋겠다 했는데 사셨네요!! ㅋㅋㅋ  아 ! 그리고 요리하는 영상도 재밌을거 같아요 오늘로 10번째 인적성 시험보고왔는데 대리만족하고 갑니당 😢 ||| blue < pink",인물/블로그
MO1TTalcBKA,[vlog02]감자브이로그 등록금 내고 일본어 공부하러 학원가고 장보고 집에서 소소하게 밥먹고 이것저것 하는 일상,potato_22,보글 보글 찌개 끓이는 소리 좋네요 구독하고 갑니다 앞으로 소통하며 지내요! ||| 응원합니다  구독좋아요 해요 함께  성장해요 영상  고생하셨네요 축복합니다~~~~^♡*,인물/블로그
wc0V_zT_wZ4,몬몬VLOG | 🌸 이화여대 시험기간 브이로그 - 공부 공부 또 공부 그리고 먹방😋,몬몬 monmon,ㅋㅋㅋㅋㅋㅋㅋㅋㅋㅋㅋㅋㅋ ㅋㅋㅋㅋㅋㅋㅋㅋㅋㅋㅋ ㅋㅋ 아 너무 귀엽다 ㅠㅠㅠㅠ 미쳤다 ㅠㅠㅠㅠㅠㅠㅠ 러블리 녜롱님 ㅠㅠ ||| 영상 잘봤어여 ㅎ 역시 사람은 벼락치기가 답이네요 키킼ㅋ 다음에는 잇팅 윗 미로 찍어주세요~~~~~~~🤗 ||| 녜롱님><편집스킬이 나날이 느시네용 혹시 부산 팬미팅 하실 생각은 없으신가영?😭 너무너무 보고띠포용❤️❤️❤️❤️ ||| 녜롱님 귀여워요😀❤💕 ||| 대학생활이 그립네용...전 이대를 나오지 않았지만 대학생활 충분히 맘껏 즐기세요~^^ 유튭 잘 봤어요!!,인물/블로그
E81o77hM-9I,시소 브이로그 #06 TOKYO episode2_도쿄여행/넘버슈가/로프트/카페투어/카멜백/푸글렌/블루보틀/빌즈,siso,動画ありがとう！ さようなら～ またいつでも日本に来て下さい！ ||| 아기자기하고 너무 예쁘네용~~! 도쿄 여행 안가봣는데 대리 만족 합니당 ❤️ ||| 역시 여행은 먹방이 최고에요 ㅋㅋㅋㅋ ||| 😮저도 다음달에 일본 처음가는데 일본이 편의점이 한국보다 엄청나게 발달되잇다고 들었어요!!  영상보니 빨리 가고싶어요!!!👍👍👍,인물/블로그
wkksoZaZplE,"VLOG, 취준생의 소소한 브이로그📝 컴활 공부 / 먹방 / 일상",피스라이프,"어떻게 내일배움카드 만드는 것까지 ,, 키키 저랑 하루가 똑같네여 ,,, 저도 취준생입니다 취준생들 힘냅시다 ㅠㅠㅠ ||| 영상 잔잔하고 편안한 느낌 좋아요,,💓 ||| 힐링하고갑니다☺️ ||| 우와예블리님~~ 컴활준비라니 멋져용!!-하땡♥- ||| 너무 멋있어요!!ㅜㅜ❤브이로그 너무 좋게봤어요! 혹시 편집프로그램이뭔가요??너무 편집잘하셔서요💞",인물/블로그
B3it4-JS74E,Vlog)취준생 브이로그 /알바갔다가 공부하는 영상:),써란,공무원 준비중이신가봐요 대단해요 ❤️❤️ 꼭 합격 하길 바라며..알바가 그 고리? 만드는거 같은데 이뻐보여요 ㅎㅎ ||| 파이팅입니다 ❤️❤️ ||| 구독과 좋아요 !,인물/블로그
8lKkqN3O3CE,막학기 시험기간 브이로그: 금요일 | 공부빼고 다하는 날 히죽히죽,계룡아씨,저는 아직도 시험이 안끝났네요...거의 다 중간고사 보셨을 텐데 고생하셨습니다😄 아직 남으신 분들은 저와 함께 힘내요...🤭💕 ||| 고로케 과자를 먹는 영상의 모습이 생각나 편의점에서 사 먹어 보았는데요 ... 맛 표현이 정말 힘드네요 ㅎㅎㅎㅎ ||| ㅋㅋㅋㅋㅋ 뭔데 웃기지 ㅋㅋㅋㅋ 자막이 웃겨요 ㅋㅋㅋㅋㅋㅋㅋ잘보고 있습니다~~♡ ||| 1년치 스트레스 한번에 풀지 마셔요~~ㅎㅎㅎ ||| 두리안 파이 선물로 드리면 실실 웃으면서 드실 수 있나요? 실실 웃는 계룡아씨님이 두리안 파이를 맛있게 먹는 모습을 보면 감동의 눈물을 흘릴  거 같아요.,인물/블로그
emaR1rIcVes,"잔잔한 일상 브이로그ㅣ이영자 맛집 출동, 자주가는 빵집 추천, 혼자 만화방 GO!ㅣH&M 촬영 했던 날 *Vlog",mixmansion 혜진,"썸네일을 한 3번은 바꿔요😂 다들 오늘 밥누나 보실 준비 되셨나요❤️❤️ 항상 댓글 감사하고 주말 행복하게 보내요 :) ||| 우왕 이영자미식회 ...!!!! 통닭 대박이에오 👍🏻😍😍😍😍 웨이팅 한 시간이라닛 ㅠ ㅠ 흑흑 ||| 혜진님 오프숄더 옷 진짜 예쁘게 잘어울려요!!👍🏻💗💗 그리고 아프지 마세요 ㅠㅠ맴찢😭😭 ||| 아...다이어트 내일부터 하까...🙄🙄음식대잔치🥐🍞🥖🍯🍩🎂🍰🍔🍟🍣🍗  촬영장 분위기도 너무 이쁘고 혜진님 노란색 블라우스 찰떡인걸요?너무 이뻐요❣️ ||| 오늘 브이로그도 잘봤습니당!! 영상에 나오는 빵 보니깐 빵이 먹고싶어요,,,(식신모드) 오프숄더 입으신 모습 정말 넘예에요~~~ 다음 영상이 나오기 전까지 열심히 기다릴게요😊😊",인물/블로그
Rq6MLuEa33k,직장인의 리얼! 🕥 24시간 일상 브이로그 / 아침부터 저녁까지ㅣ[vlog] [슬기],슬기 SEULKI,진짜 어른되면 이 언니 처럼 살고싶다.. 차 있고 고양이 있고 슬라임 있고 집 있고 직장있고 남자친구있고 예쁘고... 내 로망 ㅠㅠ ||| 언니 진짜 너무 이쁜 일상 사시는거 아닌가요?!?! 부럽네용~♡혼자 보낼수있는 시간과 일하는시간이 적절하게 섞여있는일상이어서 너무 좋은일상이네용!😊😊😊😊😊구독하고가요! ||| 퇴근하니까 머리에 웨이브가 생겼어요.ㅋㅋㅋ ||| 9:35 쯤? 카메라 쳐다보시는데 수지닮앗어요!!,인물/블로그
kBXgWUamdjk,[직장인 브이로그]그렇게 월급은 사라져가고...😞,블링오키,헐 ㅎㅎ 선댓글 후감상 블링님 기다렸어요 ㅎㅎ 회사생활 가장 공감하며 볼 수 있는 브이로그여서 계속 기다렸어요 ㅠㅠㅠㅠ댓글 달고 감상할게요 ㅎㅎㅎ❣️ 영상 올려주어서 고마워요 블링님 ||| 영상 너무 기다렸어요 ㅎㅎㅎㅎ7:27 갔다올게요 를 카톡해요 라고 들어서 읭????했어욬ㅋㅋㅋㅋㅋㅋㅋㅋㅋㅋㅋㅋㅋ이번영상두 재밌게 보구가요❣️14:47 슬랙스 정보좀주세여ㅠ ||| 오랜만이예요~~ 오늘도 좋은 영상 잘 봤습니당 감사합니다ㅎㅎ ||| 남친이랑 통화 하실 때 저의 모습이 보였습니다ㅋㅋㅋㅋㅋㅋㅋㅋㅋㅋㅋㅋㅋㅋㅋㅋㅋㅋㅋㅋ너무 공감가요 ㅋㅋㅋㅋㅋㅋㅋ ||| 오키님 영상 잘보고있어요~!! 저는 이제운전시작해보려하는데 오키님 운전잘하시는거같아서 부러워요 ~!! 운전할때 팁이라던가 처음운전 어떻게시작하셨는지 궁금해요 ㅎㅎ,인물/블로그
yaMZ6S9tz0c,[VLOG] 직장인 브이로그ㅣ출근전 쇼핑ㅣ유니클로 감사제ㅣ이니스프리 빅세일ㅣ득템하세여,SUNNYSIDE,"아아아아아아아아아아 흥뚜는 구독햇눈데도 왜 알림 안떠요 흥뚜 떠니누나랑 데밋는 애기 못해서 슬포요 ..,.., 그냥 코하러갈래여 zzzz ||| 언니 니트셔츠 완전 잘어울려용ㅠㅠ 지금 입으신 하늘색티도 찰떡💙 ||| 유니클로 가야지가야지 하다가 계속 못갔어영.. ㅋㅋㅋ 힝 이번달은 세일이란 세일은 다 놓쳐버리는.. 😭 구독하고 갑니당! 🧡 ||| 니트캡이랑 니트셔츠 입으실때 저거 잘어울리셔서 샀으면 좋겠다 했는데 사셨네요!! ㅋㅋㅋ  아 ! 그리고 요리하는 영상도 재밌을거 같아요 오늘로 10번째 인적성 시험보고왔는데 대리만족하고 갑니당 😢 ||| blue < pink",인물/블로그
m8ZGY1ySbA8,"[Eng]오눅 직장인 브이로그, 아히루스토어 비스트로, 극세사이불 코인란도리. Onuk Tokyo VLOG, Ahiru Store, Coin Laundry",오눅onuk,저는 오눅님 토스트 만들때가 두근거려요 두꺼운 식빵이 작은 철판에서 구워지는게 따뜻하고 보기 좋아요 그리고 무엇보다 일본 음식보는게 재밌어요 와카코와 술이라던가 심야식당이라던가 그런걸 보면 일본음식이 되게 신기하더라구요 ㅎㅎ ||| 상투적인 말이지만 인생 뭐 없는것같아여ㅋ 오눅님도 저도 열심히 일해서 번돈으로 좋은사람들과 맛있는 음식먹고 때론 쇼핑에 돈을 왕창 써보기도하고ㅋㅋㅋ 그재미죠 흘러가는대로~~ 정말 보물처럼 소중한 일상들인데 1년 열심히 살다보면 익숙해져서 무뎌져가는것같아요 선물같은 하루 흘러가는대로 즐겨봐요  우리😆 ||| 저는 한국에 사는 일본인 유학생입니다 😂 저와는 반대로 일본에서 생활하시는게 궁금에서 브이로그를 봤는데요 옷도 요리하시는 영상도 너무 예쁘셔서 바로 구독했습니다🙏🏻💗 ||| 다시오지않을 오늘을 열심히 살라고 노력하는 오눅님 박수 ㆍ 글이나말이아닌 오눅님 발걸음하나 작은 움직임하나에서 느껴지네요 ᆢ 알고있는데 깜빡깜빡한다는 **~~ 오늘을 꼭꼭 눌러사는 오눅 ㆍ 우주쵝오임당 ||| 앞부분 음악이ㅋㅋ 넘 귀여워용 시트콤보는 느낌 😆 오늘두 잘 보고 갑니당 눅님도 굳밤~~🛌,인물/블로그
PvN6J5FAsFY,[직장인의 하루] #기억이 가물가물 심장쫄깃 프론트 업무 #과자 감사합니다 #VLOG #브이로그 #직장인 #미소너굴,misonugool미소너굴,"머리 푸시니까 대존예,,, 대체 누가 댓글로 너굴님 괴롭혔냐ㅜㅜ 이미 회사업무에 스트레스 받을일 만땅인데 괜한 참견에 마음 아파하는 일 없으시길 바래요🙏🏻 ||| 언니 피부가 진짜 완전 꿀피부같아요,, ||| 너굴님 진심으로 날씬하기만 한데 ㅜㅠㅠ정말 스트레스 받지 마세요!!! 맛있는거 많이 드시고 정신건강 몸건강 다 챙겨주세유 ||| 언니 처음 댓글다는것 같은데 턱살 많이 없는데 너무 신경쓰시는것 같아 맴이 아프네요ㅠㅠㅠ 밑에서 찍으면 당연한건데ㅠㅠ신경쓰지 마세용! 그리고 택배 뜯으실때마다 제가 다 설렙니다ㅠㅠ 지금 긴단발? 이신것같은데 푸니까 넘나 예쁘십니다...❤️ ||| 어떤일이든 다들 힘내세요!!!!!",인물/블로그
2OrpEMMmVtM,VLOG_18🐙 오랜만에 나타난 직장인 브이로그ㅣ소소한 직장인의 하루,단호박,,인물/블로그
z2u84NFfRGM,[직장인 브이로그]노잼 직장인의 하루 🙏🏻 / 반복 또 반복,블링오키,아 진짜 영상 올리신 것들 몇 번을 보는지 모르겠어요ㅠㅠㅠㅠ1일 1영상 올리게 옆에서 감독 하고 싶을 정도ㅠㅠㅠ늦었지먼 복 많이 받으세요😻😻😻😻 ||| 언니 요새 보아노래 잘듣나요?ㅋㅋㅋㅋ차에서 보아노래가 계속..들리네욥 오랜만에보니까 너무너무재미있고 계속보고싶어요♥일주일에 1영상도 저는 감사하겠뜹니다!!무리하지말고 즐기면서 해주세요~~경주는 따뜻한가욤?광주는 아주아주 따뜻해요😄 ||| 오키님! 기다렸어요^^ 이렇게 영상 올려줘서 감사해여♥ ||| 소니가 더 훨 화질도 좋구 색감도 조아용ㅋㅋ ||| 영상에서 자주 보고싶어요ㅜ,인물/블로그
tdzeumeqhjE,[Eng]도쿄일상 브이로그 아침 먹는 일상. 직장인 출퇴근 하는 일상. Onuk VLOG WEEKDAY VLOG,오눅onuk,"저는 또 일상적인 영상 가지고 왔어요. 내일이면 또 한국에 가게 되서  하고 가야할 일이 너무 많은 것입니다.. 정신없지만, 그냥 저냥 흘러가는 저의 일상  재미있게 구경해주세요.  오늘도 시청해주셔서 너무 너무 감사드리고요, 곧 금요일이에요 여러분~! 소리질러~~~💖  아 맞다 여러분 햅삐 추석~되세요~~💞 (영상 끝이 안잘리고 길게 렌더링 됐는데, 수정중이니 양해부탁드려요) ||| 그립다 이 시절 오눅님 도쿄감성❤ ||| 다시봐도 너무 좋은 눅이 일상 ♥♥♥ ||| 다시 보는 2년전 오눅님의 영상..! 늦은 밤 오눅님 특유의 잔잔함에 지친 마음 회복하구 갑니당 💚 오눅님 화이팅 🙆🏻‍♀️💟 ||| 雰囲気というか、全てが好きでいつも見てます！ 料理もお上手でこんな暮らし憧れです😆",인물/블로그
NuxsSG_vT1c,[직장인 브이로그]폭염 속에서도 살아가는 오키 / GRWM 🌱,블링오키,"ㅋㅋㅋㅋ오키님 아버님도 귀여우시고 오키님도 귀여우시곸ㅋㅋㅋㅋ 화장하다가 갑자기 고맙다 이때끼야 하는것도 귀여워가지곹ㅋㅋㅋㅋㅋㅋㅋ 오늘도 영상 너무 잘봤어요🤣 ||| 아부지 귀여우심 ㅠㅠㅠㅠ보기좋은 부녀에여 ||| 아버님 너무 귀여우네요..😍  더운데 힘내시구 물 많이 마셔용😇😇 오늘도 영상 잘 봤숨당 ㅎㅎㅎ ||| ""고맙다 이때끼야"" 두번이나 돌려봤어요~~현웃음도 볼때마다 터짐ㅋㅋ 그리고 아버지랑 사투리쓰고 리액션해주고하는거보니깐 너무너무 애교많은 딸같아요~~~ ||| 아버님도 오키님도 더위 조심하세요🙏 오늘도 영상 잘 봤어요!!",인물/블로그
iHMx6rlbPdI,"직장인브이로그 🌭명랑핫도그&봉구스밥버거 먹방, 홈CCTV 설치, 사무실먹방 브이로그",볼미세끼,"볼미님 볼미님은 저의 워너비입니다. 자취도하고,강아지도 키우고,진짜 볼미님 최고 저는 하루하루 볼미님 영상을 보며 위로를 받고,힐링을 합니다. 볼미님 언제나 감사하고,존경합니다. ||| 볼미님 같은 직장인으로써 매주 이렇게 편집해서 올리시는것도 힘드실텐데 항상 재밌는 영상 보여주셔서 감사합니다~~ 항상 행복하세용😘 ||| 헐 밥먹고있었는데 볼미님 영상보면서먹어야겠어요♡♡ ||| 강형욱님이 말씀하시기를 저런식으로 주인이 시야에없는상태에서 목소리만 들려오면 그걸 더 불안해한더고하더라구요 저도 분리불안 심한 애기 키우고있는데 출근하고 뭐하나 보기에는 넘 좋은거같아용👍👍 ||| 볼미님 주말에영상이라니 넘나조아요♡♡",인물/블로그
ZRQcXKDg0EQ,[먹방 브이로그] 불금은 엽떡🌶 출근길 닭강정🍗 야근엔 크리스피 도넛🍩 훠궈는 고량주🍶 입터진 직장인의 돼지파티는 끝나지 않고,SIYEON HAN (시원하다),"2025년에도 왔다 나는 그녀의 6년전으로 .. ||| 그리워서 와봣다 모든게 변했지만! ||| 이 때의 감성, 한시연, 나.. 그리워서 왔어요. 에델바이스 추억 한잔 하고 낼 또 도비는 나갑니당~ ||| 마스크 없고 한시연 있던 그때 그시절.. 당신은 불금을 함께하는 내 랜선친구야...보고싶어유ㅠㅠ ||| 보고싶어요……. 2년전 영상 돌려보면서 혼자 추팔하기 ㅠ",인물/블로그
XpPNRu9GfM8,[직장인 브이로그]먹는게 남는 것 / 추리소설 덕후 / 오랜만이에요 ☺️,블링오키,"아앙 영상 너무 기다렸구연,,~!~~! 중간 중간 라방도 해주셔서 좋았구연,,❤ ||| 영상들 아껴보고있어요 ㅜ 순삭..❤ ||| 헐 ☺️ 영상 감사해용 ! 재밌게 보겠습니당!’ 오키님 화이띵! ||| 와 정말 오랜만에 일상 브이로그네요ㅠㅠ 보고싶었어요ㅠㅠ ||| 우와~오키님이당!! 오키님 너무 오랜만이에요ㅜㅜㅜㅜ기다렸어용!!! 오늘도 역시 명불허전 오키님의 신떡먹방!! 오키님 동네의 신떡 튀김은 유난히 더 맛나보여용~ 혼영 되게좋죠~저는 집에서 5분거리에 영화관이있어서 심심할때 혼영하러가용ㅋㅋ 오키님 블라디보스톡 영상보고 저도 가고싶어서 티켓 알아보다가 1월은 정말 춥다는 이야기를 듣고 봄이나 그 때 가려구용~ 오늘도 재밌게 봤습니다앙~ 다가오는 크리스마스도 재밌게 잘 보내시구 빨리 돌아오세요ㅜㅜㅜㅜ",인물/블로그
oUiZxu7YyiM,[Eng]오눅 직장인 일상 브이로그. 마카롱에 빠진 직장인. Onuk Tokyo VLOG,오눅onuk,"여러분 안녕하세요,  저의 평범한 일상 들고 왔어요  #직장인 #데일리눅 과,  뚱카롱에 빠져서 허우적대고 있는 저의 일상도 보실 수 있습니다. 이번에 한국가면 어디 뚱카롱을 뿌실지 열 리서치 중이에요..    주말엔 역시 제일 여유롭게 아침 해먹구요, ayde의 #UNLABELED F/W 신상품 언박싱도 함께 해주세요~   그럼 오늘도 영상 시청해주셔서 감사하고요, 저는 또 재미있는 영상 들고 올 수 있도록 해볼게요~! ||| 퇴근하실때 에스컬레이터 타고 내려가는 오눅님의 발이 조금 신나보여서 기뻤어요 : D ||| 전 오눅님 영상에 빠진 직장인 🤣🤣🤣❤️❤️❤️ 오늘 영상도 너무너무 감사해요 💪🏻💪🏻✨✨✨✨ ||| 오눅님 항상 잘챙겨드시는데 왜살이안찌시죠?!! ||| love your lifestyle so much😍",인물/블로그
imPXmrdy2L4,"직장인브이로그🍗끊임없는 먹방, 한여름의 패딩, 출퇴근일상, 오버나이트 오트밀",볼미세끼,먹는거는 진짜 계속계속해서 먹고싶어요!  오늘 처음으로 영상보고 구독하고 가요! 자주 놀러올께요 ❣️😄 ||| 너무 맛있게 드셔요!ㅠㅠ 보기 좋아서 구독하고 갑니다~!! ||| 이번 영상도 너무 너무 잘봤습니다..ㅎㅎㅎ ||| 더 시키면 되지라고 쿨하게 말하실 때 존멋👍👍이에요 ||| ㅠㅠ애기들이랑 커플룩 ㅠㅠ 졸귀예여... 💖 요번 영상두 잼께 봤어용>ㅇ< ㅋㅋㅋ 패딩구입두 성공 성공하셔서 완전 츄카드려용,인물/블로그
7f-sE90Ktfw,"[달게 브이로그] 처음부터 끝까지 눈치만 보다 끝나는 직장인 브이로그(feat. 타다 첫 탑승, 마르게리따 피자, 까르보나라, 마마스)",채널달게,회사에서 브이로그 찍을 때 저도 엄청 눈치 보는데 ㅎㅎㅎ 너무 공감 돼요 찍어도 찍어도 적응 안 되는 ㅎㅎ 마마스라는 곳 너무 맛있어 보여요 🤤 직장인 브이로그 화이팅합니다 !! 제 채널도 놀러오세요 🙊,인물/블로그
vuN0n4Uh-d0,[직장인 브이로그]직장인의 별거없는 일주일 🌱,블링오키,영상 역시나 너무 재미있쏘용 ♥️♥️♥️ ||| 블링오키님 영상 너무 재밌어욬 ㅋㅋ 남친이랑 같이 있을 때 ㅋㅋ 더 재밌는것 같아요 ㅋㅋㅋㅋ  히든싱어 못봤는데 ㅜㅜ 엄청 재밌었나봐용 ㅠㅜㅠㅜㅋ ||| 오늘 너무 피곤했는데 씻고 집에 와서 누워서 쉬고 있는데 언니 영상 알람 떠서 바로 보고 댓글 남겨요ㅎㅎ 남자친구랑 너무 잘어울려서 부럽고 노는 거 너무 귀여워요ㅋㅋㅋㅋㅋㅋㅋ 항상 힐링 영상 고마워요❤️ ||| ㅋㅋㅋㅋㅋㅋㅋㅋㅠㅠ오키님 넘나 귀엽고 예뻐요ㅠㅠ오늘도 잘봤어요! ||| 동방신기 노래 들으시는거 저보는줄 알았네욬ㅋㅋㅋㅋㅋ오키님   브이로그 친근감돌아서 항상 잘보고있어요ㅋㅋㅋㅋㅋㄱ,인물/블로그
wDjRa3caF7E,"VLOGㅣ직장인의 일상 브이로그 (ft. 요거트, 신전떡볶이, 교촌치킨, 김밥)ㅣniji",니지niji,육시 김밥 꼬다리  푸쵸  메추리알 신전 볼때마다 생각나요ㅠㅠ 좋아요 눌러주세요 알림 올때마다 또 보러오게ㅠㅠ ||| 오랜만에 다시 시청해서...언니 너무 그리워요ㅠㅜ 흑 ㅠㅠ 빨리 돌아와줘요 ||| 아직도 생각나는 사람...... 그리워요ㅠㅠ ||| 다시 보는 사람 저요ㅠㅠㅠㅠㅠㅠㅠㅠㅠㅠㅠ ||| 그리워서 다시보기.ㅠ,인물/블로그
diLZ8uly5S4,[직장인의 하루] #반가운 사람들 #당이 땡기기 시작했다. #VLOG #브이로그 #직장인 #미소너굴,misonugool미소너굴,너굴찡 영상이 직장인 브이로그 중 인기많은 이유 1. 영상이 길고 시끄러운 배경음이없다 2. 현실적인 직장생활(얘기하능거나 과자먹능거 예약하는모습 등) 3.상후니 ||| 헐 ㅠㅠ 상훈님 퇴사하시나봐요 ㅠㅠㅠㅠ 왜 때문에 제가 아쉬운거죠.. ㅋㅋㅋㅋㅋ 군대 조심히 잘 다녀오세용 상훈님! ㅋㅋㅋ 오늘도 영상 너무 잘봤어용❤️ ||| 너굴님같은 직장상사 있으면 좋겠어요❤❤ 너굴언니 개쥬아 완전쥬아 그냥쥬아 다좋아다좋아~~!!!!!!꺄악😍 직장인의 하루 기다린지 얼마나 오렌지 ||| 언니~ㅠㅠ 대학생때부터 언니 영상 보다가 제가 직장인이 됫어요! 어제가 출근 3일째였는데 언니영상보면서 직장인하고싶다! 이랬는데 제가 직장인이 되버렸네요!ㅋㅋㅋ 쉬는날에도 언니영상으로 힐링하고갑니다❤️❤️ ||| 언니자리에 쪼롬히 붙어있는 자석 너무 귀여운거 아닌가요.... 마치.....언니처럼...❤️ 영상너무 잘 보고 있어요!! 고마워영 늘응원합니닷,인물/블로그
LVcqhpQFJdU,[직장인 브이로그] 라고 하기엔 …#직장인의 아침 ! #먹다 #끝남 #주의 #회사 #직장인 들 모두 #화이팅,비챠,와우ㅎㅎㅎ저도 먹로긐ㅋㅋㅋ 다 먹고 살자고 하는거니칸요! 잘 보고 구독하고 가용~ 계속 영상 올려주세효🙋🏻‍♀️ ||| 비챠님 브이로그 여러번 정주행 했어요~~~ 요즘엔 안올라와서 쪼곰 속상하네요 ㅜ_ㅜ  비슷한 직종이라 알아듣는 말도 꽤 있어서 재밌게 봤어욤 😊 ||| 오랜만이에오~~~~ 비챠는 열화장중ㅋㅋ  휴가끝나면 길게 찍어줘💙 ||| 아침은 저도 바나나 먹어요ㅎㅎ 영살 잘보고 갑니당☺️ ||| 저도 요즘 아침에 ㅋㅋ 바나나 먹어요 ㅋㅋㅋㅋ 마지막에 뿌리신 거는 뭔가요 ㅋㅋㅋㅋ 이번주도 홧팅하세용~!,인물/블로그
Z5z2CVK_f4Q,직장인 브이로그 #점심밥,방방이,,인물/블로그
nYR7jZeQngM,직장인 브이로그 | VLOG | 회사에서 밥해먹기 2탄_모듬전,밥해먹는언니들,생머리 언냐 넘 이뽀요 제가 아는 귀여운애 닮아써용 ||| 이 많은전을... 어떠케 다먹었지??? 혹시 소띠?,인물/블로그
p7l34Uq_rOA,"VLOGㅣ직장인의 소소한 일상 브이로그 (feat.인스턴트=신전,젤리,써브웨이..)ㅣniji",니지niji,"그거 알아요 언니? 2년전 영상이지만 저 기운없을때나 힘이 필요할때 언니영상 보러 들어와요.. 쭉~~ 훑어요 ㅋㅋㅋㅋ 언니영상 틀어놓고 할일 하면 혼자 있는것같지 않아서 좋아여 ㅎㅎㅎ 언니보고 있으면 뭔가 긍정긍정한 기운이 오는 느낌이랄까...? 잘지내고 계시죠?ㅎㅎ 어디서나 언제나 좋은 일만 가득하셨으면 좋겠습니다!♥️ ||| 너무 생기신게 제스탈이라 구독하고가염,, 같은 여자로서도 좋아하는 스탈 뭔줄아시져 ㅋㅋㅋㅋㅋㅋ하아 신전땡겨요ㅠㅠㅠ ||| 니지언니~~~사람을 이렇게나 좋아할수있을까용 ㅎㅎ 좋아하능 연예인도 없는데 니지님영상은 보고또봐도 잼있써영 ~~! 킄킄 제가 만나고싶은사람 1순위예요 니지님 만나능게 제 버킷리스트예요 히히  살면서 언젠가 꼭 마주쳐보고싶어용 ..그럴수 있을까요 ? 실제로 보면 너~~~~무 행복할거같아요!!!! 만나서 맛있능거 왕창 드리고싶어욤 크크 쩰리푸쵸등등...항상 많이응원해용❤ ||| 편집스타일이너무좋아요 ㅠㅠ  별거아니지만 시간써주시는것도 너무좋구 ㅠㅠ 저도 간식진짜많이먹어서 너무공감됨미더 ||| 평범한 브이로그 인데 자꾸 찾아보게 되네요! 보면 제 마음이 편안해지는 기분이에용 ㅎㅎ 저두 만약 나중에 직장생활 하게 된다면 니지님처럼 할수있으면 좋겠어요!ㅎㅎ 회사 친구들이랑 맛잇는 점심먹구 수다떨구 ㅋㅋ",인물/블로그
BpBQ9k1JMmM,[Eng]오눅 직장인 브이로그. 12월 연말 선물 from New York🗽 김치볶음밥 feat.치즈폭포🧀🚂,오눅onuk,오늘 영상은 왠지 눅님 텐션이 되게 하이인 것 같아용ㅋㅋㅋㅋㅋ 비지엠도 평소랑 다르게 되게 신나구용ㅎㅎㅎ ||| 화요일 퇴근 할 때 갑자기 행복한 노래 나와서 놀랐어욬ㅋㅋㅋㅋㅋㅋㅋㅋ 행복한 마음을 고대로 느꼈습니다...👍 오늘 영상도 넘모 아기자기하고 오눅님 다워요💖 오늘두 잘 보겠습니당 ㅎㅎ ||| 오눅님은 평범하게 소소한 일상 보여 주시는 것 같지만 실제로 저렇게 살기 넘나 어려운 것...ㅜ 생각보다 노력이 필요한 일상.. 오늘도 누워서 유튜브 보면서 느끼는게 많네요 ||| 얼굴이 일케 올만에 가까이 나오다니!!! 항상 스탈이 따라하고 싶고 조용하셔서 잘 보고 있어요  영상이 일케 길다니 행벅합니다!!! ||| 썸네일의 언니 얼굴보고 .. 아 진짜 반하고가잖아염!!!! 너무 귀여워요 정말 ㅠㅠㅠㅠㅠㅠ 사랑해요❤️❤️❤️❤️❤️,인물/블로그
EkPLn8qJc20,VLOG  |  👩🏻‍🎨 별거 없는 직장인 브이로그! (회사생활/프렌즈레이싱 🏎💨) + 소소한 SSG하울까지! 🛒✨,박젼PARKJYEON,프렌즈레이싱! 재밌더라구요 헤헤 ||| 헐!! 저도 나쵸 초록색 좋아해요!!! 근데 안먹은지 오래됐네요 ||| 고구마 색이 진짜 꿀고구마 색이네요 ㅋㅋ ||| 립스틱 정보좀 알수있을까요?,인물/블로그
as-Q2lVv5VU,[직장인 브이로그]먹기만 한거같은 투머치토커의 하루,블링오키,아ㅏㅏㅏ 내내 기다렸던 오키님 브이로그... 내가 유일하게 보는 브이로그 ㅠㅠ ㅋㅋㅋㅋ진짜 잘 드세요 ㅋㅋㅋㅋㅋㅋ ㅋ ㅋㅋㅋ 안 좋은 일이 있어도 참 이성적으로 해결하시네요. 오키님 항상 응원해요^^ 친구였으면 좋겠다 싶어요 항상ㅋㅋ 언제나 홧팅💕 ||| ㅌㅋㅋㅋㅋㅋㅋ오키님ㅌㅋㅋㅋㅋㅋ보는 제가 다 기분이 좋네요 ㅌㅌㅋㅌ 전 새로 취직했는데 3일짼데 관두고 싶어서 죽을거같아요ㅜㅜ........ 그냥 못해서 짤렸으면 좋겠어요.... 아침마다 눈뜨는게 왜 이렇게 지옥인건지 ㅜㅜ ||| 같이 콘서트장가면 장난아니게 재밌을거 같아요ㅎㅎㅎㅎ 반응 최고👍 ||| 여행지 정보 영상 짱 좋쥬!!!👍👍 ||| 신떡 ㅋㅋㅋㅋ 맛나죵 ㅋㅋㅋ 보기만 해도 군침도네용 ㅋㅋ 햇님이셨군요 저도 그분 유튜브 종종 봅니다 ㅋㅋ 1일 1식은 정말 힘들더라구요 ㅜㅜ 아무나 하는게 아닌 것 갘아요 ㅋㅋㅋㅋㅋ 자동차 역주행 ㅋㅋㅋㅋㅋㅋㅋㅋㅋㅋㅋㅋㅋㅋㅋㅋ 팔순잔치도 너무 재밌고 신나보여요 ㅋㅋㅋㅋㅋㅋㅋㅋㅋㅋㅋㅋㅋㅋㅋㅋㅋㅋㅋㅋㅋㅋㅋㅋㅋㅋㅋㅋㅋㅋ,인물/블로그
SMZNurKLWFU,[직장인 브이로그]집에서는 언제나 누워있기😐,블링오키,++와우내..저는 편집을 하면서도 왜 제 개인정보를 미처 발견하지 못했을까요ㅠㅠ 제가 좀 늦었던 이유는 영화를 보고 있어서 빨리 확인을 못했어요ㅠㅠ 알려주신 구독자님들 정말루 감쟈룽 😘 다시 업로드합니다!!! ||| 오늘도 재밌게 봤네여ㅋㅋ감사해여^^ ||| 언니><영상 기다렸어요ㅠㅠㅠㅠ다이어트 식단이나 운동법 몇키로 빠지셨는지 영상도 찍어주세여ㅜ ||| 크 ㅠㅠㅠ 맥날에서 커피받고 폭풍핸들 돌리는거 완전 멋있어요ㅠㅜㅜㅠㅠㅠㅠㅠ ||| ㅜㅜㅜㅜ진심다시돌려서 전화하고싶은 맘이였어요 출근전 확인하니 안심됩니다ㅎㅎㅎ 오늘도 힘내세여!!♡♡ 비오니까 퇴근길 안전운전하세용,인물/블로그
hRMUu4vT6wk,"직장인 '퇴사' 브이로그 27🙈 정말 일만하다 끝나는, 나의 마지막 직장인 일상 | 배희 일상 vlog",배희의 취향,"노래 선택 정말 최고예요ㅠ 덕분에 좋은 음악과 영상 감상할 수 있게 해주셔서 고맙습니당! ||| 3년이면 꽤 오랜기간인데 시원섭섭하셨던 기분이 막 전달돼요. 좋은 콘텐츠로 또 만나요~! ||| 채널 들어와서 처음 보는 영상인데 바로 퇴사 영상이네요. 시원섭섭함이 많이 느껴지는 영상이네요. 😢 앞으로 하시는 일들, 하고싶어하는 일들 모두 잘 풀리시길 바랄게요!! ^^ ||| 시원섭섭 감정이 느껴지네요😣 얼마나 힘드셨는지 다알지는 못해도 영상에 비춰진 어마어마한 업무들과 점점 지쳐가시는 배희님 보고 걱정했는데 그래도 현명한 선택을 잘 하셨어요! 쉬시는 동안 해보고 싶었던 거, 여유있는 시간 즐겁게 즐기시구 충전하시길 바랍니다☺ ||| 에고,,, 수고했습니다. 저도 지금 이번 달에 퇴사하는데 인수인계 건 때문에 너무 힘들고, 이런 저런 일들 또 있잖아요. 그 간의 관계 등 뭐 신경 쓸 것도 많고, 이래저래 예민한데... 뭔가 많이 공감되고 저에게 위로가 되는 영상이었어요. ㅠㅠ 글도 배희님은 성실하게 잘 마무리 하는 것 같아 본받아야겠어요. 또 다른 시작을 응원합니다~^_^",인물/블로그
BFnbB068sMg,[직장인 브이로그] 0회 #허접한 나의 첫 #vlog,비챠,여기서부터 정주행하겠습니다 ||| 오오ㅗㅇ 영상 깔끔하고 좋아여 구독하고 가여 ㅎㅎ! ||| 따봉따봉유👍🏻 (빨리감기 스킬 빨리 배우셨으면) ||| 첫 브이로그댜 끼야야아앙💕,인물/블로그
zqiYJ9EDsdA,[Eng]VLOG. 직장인 일상 브이로그. 고타츠에서 먹는 딸기모찌. 신오쿠보 한국마트 쇼핑,오눅onuk,"12:40 초 오눅님 ""참나""하는부분 왜이렇게 귀엽죠?😆💕💕💕💕 ||| 우와 신세경님이 추천해주시는 우리오눅님브이로그ㅠㅜㅠ💛 ||| 신세경씨 브이로그보다가 오눅씨 브이로그가 나와서 너무반가워서 글남기고 갑니다 메리크리스마스♡ ||| 신세경님유튭에서 오눅님 팬이라는 거 보구 엄청 신기하고 왠지 기뻤어요 😽👍 ||| 오눅님... 몰래 구독해서 몰래 챙겨보는 구독자에요.. 브이로그 보면서 항상 힐링 합니다.. 신세경님 도 오눅님 챙겨 보신다고  오늘 올라온 영상에서 오눅님 팬이라고 그러시더라구요! 뿌듯 합니다..!!올라오는 브이로그 항상  감사히 광고 스킵없이 보고있어요!! 메리 크리스마스에요 !!ㅎㅎ",인물/블로그
KVurWGpwyuA,직장인 브이로그 VLOG | 퇴근후 친구와 떠난 경주 1박 2일 여행,지연Delay,"안녕하세요 여러분 지연입니다 ! 저번주 금요일 (11/16) 퇴근하고 경주를 다녀왔어요. 혼자 보기엔 너무 예쁜 풍경들이 많아서 같이 공유 하고 싶어서 브이로그로 남겨보았습니다! 어쩌다보니 늘 늦은 시간에 업로드를 하는 것 같아요. 하루의 일과를 마치고 잠들기 전 노곤노곤한 상태로 제 영상을 보고 편안히 잠 들길 바랍니다 재밌게 보셨다면 좋아요, 구독 눌러주세요 ෆ  댓글도 남겨주시면 감사하겠습니다 😊 언제나 제 영상 봐주셔서 정말 고마워요 오늘도 앞으로도 행복한 날들 보내세요 🧡  instagram /__delay__ e-mail /puregirlish@gmail.com ||| 오늘도 영상 잘 봤어요 ! 오늘도 귀여우시고 예쁘시고 다하시네요 🧡 내일 정말 춥다고 하니 꼭 따뜻하게 입고 감기 조심하세요 :) ||| 종이인형ㅋㅋㅋㅋ영상분위기는 조용한데 자막은 개그센그 있어서 재밌어요 ||| 점심은 주로 혼자서 드시나여??",인물/블로그
AD4SolGrhy8,[직장인 브이로그]역시나 일상 반복/인생노잼시기😞,블링오키,안녕하세요 오키입니당~!!!  너무 오랜만에 왔죠ㅠㅠ 다름이 아니라 제가 최근에 개인적으로 너무나도  감당하기 버거운 일들이 일어나서 편집할 정신도 여유도 없었어요ㅠㅠ 그래도 다행히 연휴에 시간이 생겨서 이제까지 찍은 영상들 편집 열심히 했습니다!!! 같이 일상 공유해요!!   영상이 좋으셨으면 '좋아요'와 '구독' 부탁드릴게용 😘  인스타그램 : http://www.instagram.com/okkk_bling ||| 오키님 눈이 진짜 예쁘세욧 부럽.. ||| 힘들면 조금 쉬어도 괜찮아요  버거운일이 생기면 그럴수도 있죠! 그래도 영상 찍어주셔서 감사해요 보고싶었어요😶😙 ||| 안녕하세욧 오키님! 어제 영상 우연히 찾아보고 재밌어서 구독하게되었습니다:) 저는 어제 경리직을 첫 직장으로 시작하게되었는데 하나두 모르겠어서 진짜 멘붕이에요ㅠㅠ 첫직장은 다 그런건가요?ㅠ.ㅠ)! 오늘두 재밋게 보구갑니당~ ||| 어벤져스 심야영화 보고와서 언니영상 오랜만에 봐서 너무 좋아요^^,인물/블로그
DTHV-buNMm4,직장인 브이로그 | VLOG | 회사에서 밥해먹기 1탄_오리고기,밥해먹는언니들,상한오리고기 ㅋㅋㅋㅋㅋ,인물/블로그
bxrI2TXcaaw,직장인 브이로그 21🌿헬요일 출근 + 월요일부터 쏘주 (살짝취함주의) + Last summer vlog 3/4 | 배희 일상 vlog (Kor sub),배희의 취향,"이거 보니까 갑자기 여름날 한강이 떠오르면서,,, 급 추억에 잠김 ㅋㅋㅋㅋㅋㅋㅋ 얼른 여름돼서 한강가구싶당 ||| 8월달의 브이로그ㅋㅋㅋㅋ 아악 여름이 너무 그리워지는 영상이에여ㅜ ㅜ 오늘도 색감음악 다 좋은 부이로그 잘보고갑니당~~~ ||| 와 라면 너무 맛나게....... 빨리 다시 한강으로 나가놀고 싶네요 진짜 ㅎㅎ ||| 영상에 나온 음식점 진짜 가보고 싶어요!!! 주문하신 메뉴마다 다 맛있어 보여요..😂 취향 저격 메뉴들이에요ㅋㅋㅋㅋ 며칠 전에 한강 물 얼어있는 거 봤는데 여름의 한강을 보니까 뭔가 새롭기도 하고 얼른 여름 돼서 한강 놀러 가서 맥주 먹고 싶네요! 오늘 영상도 잘 봤어요 :) ||| 배희님 영상공장돌리시나요?? 저 퇴근하고 오래간만에 배희님 영상 보려고 채널들어왔는데 업로드 많이 되어있어서 환호성질렀어요!!! 꺄 소리벗고 팬티질러!!!!❤",인물/블로그
7_z1-r8Usys,VLOG 직장인 브이로그(해외 수출업무) 일만하는 브이로그,D.A.L.D달디,I'm Vietnamese and I learn a lot from this video of you.  Hope you can make more videos like this.  I really want to learn more Korean vocabulary in logistics . ❤️ ||| 소시지 김밥 먹어보고싶어용!!서류 끄적거리는 소리 듣기 조아용 ㅎㅎ 구독하고 갈게요! 소통해요❤ ||| 안녕하세요 포워딩 영업사원입니다~ 같은일을 하시는 분을 뵈니 반갑네요^^ ||| 안녕하세용 !! 영상 너무잘보고있습니당 다름아아니라 포워딩 회사 취업준비하는학생입니당!!스펙관련해서 질문드릴게있습니당  혹시 어떤 쯤스펙즘이면 포워딩 회사업종에서 일할수있나용....? ||| 황화일에 선적건 별로 정리하는건 저희만 그런줄 알았는데 지금보니 모든 무역업무 하시는 분들의 공통점인가보네요 ㅋㅋㅋ,인물/블로그
IFxL0S9yHxs,"직장인브이로그📝사무실먹방, 출퇴근로그, 브런치 만들어먹는 직장인의 일상VLOG",볼미세끼,"볼미님.. 악 ㅠㅠㅠㅠㅠㅠㅠㅠ 저 지금 근무중에 볼미님 영상 보다가 울고있어욬ㅋㅋㅋㅋㅋㅋㅋㅋㅋ 아 미쳤어 진짜ㅠㅠㅠㅠㅠ 야식 안 먹으려고 했는데 하루를 늦게 시작하기도 했고 배가 너무 고파서 시켰다는 장면 뒤에 ㅋㅋㅋㅋㅋ 야!!! 개소리좀 안 나게 해라!!! 앜ㅋㅋㅋㅋ ㅠㅠ 저 지금 진짜 일하다 울어욬ㅋㅋㅋㅋ ㅜㅠㅠ 옆자리 직원분들한테도 다 보라고 전파시키는중인데 다들 터졌어욬ㅋㅋㅋㅋㅋ 진짜 이런 개그 센스와 유머와 능력 진짜... 배우고싶어요.... 와.... 대박... 햄버거 진짜 맛있죵 ㅜㅜ 제 최애 음식이에요ㅜㅜ 매일 먹어도 안 질리고 앉은 자리에서 그냥 두개는 후딱 먹을수 있을거 같은... 저도 기본 베이직 메뉴를 가장 좋아하는데 볼미님 괜찮으시다면 다음번에 버거킹 가시면 불고기와퍼주니어 드셔보세요! 진짜 존맛... 저는 버거킹 가면 불고기와퍼주니어나 불고기버거밖에 안 먹어요ㅠㅠ 버거킹 불고기버거도 진짜 내용물 간단한데 존맛입니다. 볼미님이 꼭 드셔주셨으면 좋겠는ㅋㅋㅋ 팬심ㅋㅋ 글구 볼미님 영상 볼때마다 보는거 같은 슈렉팩! 저도 괜히 뽐뿌가 와요... 볼미님 나쁜사람... 볼미님 영상 볼때마다 꼭 뭔가 하나씩 뽐뿌가 와요 ㅋㅋㅋㅋ 아직 볼미님 최근 영상까지 따라잡으려면 많은 영상이 남아있다는게 왠지 좋은거 뭔지 아시나요 ㅋㅋ 내가 하루에 열개 보든 스무개 보든 앞으로도 더 볼 영상이 수십개 남아있으면 괜히 마음이 부자 된것같은 느낌.... 볼미님 영상 매일 올려주세용! ||| 볼미님 영상 자주올랴주세요 ㅠㅠㅠ 기다리게되요😆😆😆 아 배고프네여 제가 처음봤을때보다 볼미님의 구독자수가 늘고있어요!!!!!👏🏻👏🏻👏🏻👏🏻👏🏻👏🏻👏🏻👏🏻👏🏻🥁🥁🎸🎺 볼미님 나중에 Q&A해주시나요!!!! ||| 오늘 야근해서 지금 지하철타고 집가는중인데.. 볼미님 영상이 똭 캬""~~볼미님 영상은 일상속에 낙입니다 ||| 볼미님 오랜만이에요ㅎㅎ 할일 다끝내구 침대에 누워서 볼미님 영상 보면서 잠들라구요! 잘보고갈게요오💞💞 ||| 볼미님 너무 꿀피부 아니신가요? 빛이 막 나네요 ㅋㅋㅋㅋㅋㅋ 햄버거는 모니모니해도ㅜ버거킹이 진리인데ㅜㅜ 저도 와퍼조아해요!!!!!!!!!!!!!!!!!!!!!!!",인물/블로그
CyNThoqIorU,"VLOG 직장인 브이로그ㅣ첫 직장에서의 마지막 출근길! (퇴사파티, 송별회, 마지막출근 2탄)",ttiaat official 띠앗로그,퇴사축하드려요~!!👏🏻👏🏻 다음브이로그 기대할께요😍💕 ||| 넘 재밌어용 자주 올려주세요 ~~~😙😚😚 ||| 언니! 앞으로 조은일  하시길 빌게요 ||| 우와!! 부럽습니다~ㅠㅠ 영상 잘보고 가요! 자주 놀러올게요 ||| 퇴사~부럽습니당^_^,인물/블로그
cWzY6WjNzXY,"직장인브이로그🍒사무실로그, 먹방녀, 신과함께2 혼자 보러가는 직장인의  일상VLOG",볼미세끼,영상을 우연히 첨보게되었는데.. 잘보고 갑니다..ㅎㅎ 영상 하나하나 다보는중입니다..ㅎㅎ ||| 퇴근하면서 보는 볼미님 영상 넘 조아용😚 ||| 볼미님 오늘도 영상 잘봤습니다>_< 편집하실때 밑에 글이 너무웃겨욬ㅋㅋㅌㅋㅋㅋㅋㅋㅋㅋ유쾌한 볼미님..⭐️ ||| 볼미님 올림머리 놈 귀여워용 ❣️ 찰떡인것❣️ 영상 잘 보고갑니당 으히하 ||| ㅋㅋㄱㄲ디저트먹다가 갑자기 안마ㅋㄱㅋㅋ오늘두 볼미님 븨로그로 힐링합니당.❤,인물/블로그
-oaiR3hkuks,직장인 브이로그,방방이,,인물/블로그
Eu2S4j04ux8,"[Eng]직장인 브이로그.홀리데이시즌 로라메르시에 한정 등 미니하울. 서울 알꽁하우스 랜선집들이. Onuk Vlog, mini houl.",오눅onuk,오눅님... 당신은 최고야 알아두라고 ||| 最近暇さえあればonukさんの動画ずっと見てます😂 日本でも、こんなオシャレに生活できるんだ、っていつも思います😂💗  韓国語は話せませんが、これからも応援してます📣 ||| 나중에 오눅님의 tmi를 담은 영상 보고싶어요🖤 색은 어떤 계열의 색을 좋아하시는지 일본 음식중 가장 좋아하는 음식은 뭔지 좋아하시는 향은 어떤 계열의 향인지 그런것들! 궁금해요💕🥰 ||| 진짜 이렇게 보니까 다같이 이야기하면서 보는거같아서 너뮤 좋아요!! 혼자 외롭지않습니다😢 평범한 제 토요일에 오눅님의 영상하나로 특별한 토요일이 되었구요 오늘도 전 성덕이니 다이어리에 적습니다 히히:)   다가오는 한주도 오눅님의파워로 살아봅미다!!! 오눅님도 내일하류 즐겁게 보내시고 좋은밤 좋은꿈뀨세요❤️ ||| 映像が好き。 もう、本当に Onuk さんの動画は一つの作品。,인물/블로그
nd2C_o3hVOc,💼직장인의 퇴근 후! 일상 브이로그 (Feat.🐈)ㅣ[vlog] [슬기],슬기 SEULKI,"당신...쌩얼도 이쁘면 반칙이잖아 ||| 편집 안해도되고 노래안넣어도 되고 자막안넣어도되고 아무것도 안해도되니까 언니 얼굴만 주구장창 자주 많이 보여줘요ㅠㅠㅠㅠㅠㅠ 언니 미모 감상하는것만으로도 대존잼이라규요ㅠㅠㅠㅠㅠㅠ 미모 미쳤어 진짜 세상 혼자사는 사람!!!😡 ||| 고양이들 코벌렁벌렁 왤케 귀여워ㅋㅋㅋㅋㅋ심쿵ㅋㅋㅋ ||| 세상에 고양이들이 애교가 많네...♥ ||| 진짜 이쁘다 ,,,,,,  화장법 궁금해요 ! 기회가 되신다면 찍어주세요 💘",인물/블로그
yvkotlWIBJ0,"VLOGㅣ직장인 일상 브이로그 (ft.스타벅스, 빵, 푸쵸)ㅣ맛있는 점심시간😋ㅣniji",니지niji,"25년에도 봐도 존잼❤❤ ||| 새로운 브이로그보다가 다시 또 니지 정주행,,, ||| 바쁘게 사시는데 그속에서 행복을 찾고 긍정긍정한 에너지가 너무좋아요 ㅠㅠㅠㅠ❤️❤️ ||| 사람이 어쩜 이렇게나 부지런하고 열정적이고 꼼꼼하고 다정하고 긍정적이고 따뜻해보일 수 있는지...니지님 브이로그는 주기적으로 정주행 해줘야 해요 ||| 처음엔 외모에 반하고 지금은 내면에 푹 빠졌어요♥️",인물/블로그
UaUWiQh3kjA,VLOGㅣ직장인의 소소한 일상 브이로그ㅣniji,니지niji,23년 아직도 찾아 보고 있어요...❤❤❤❤❤❤ ||| 25년 7월에도 다시 봐요❤ 특유의 긍정함과 부지런함 그리구 미모까지 3박자 최고...좋은 자극도 받고 힐링도 되는 최애 니지님🎉🎉 ||| 나요즘 열심히 살고싶어서 또 보러 왔어요.. ||| 보고싶습니다아ㅏ아ㅏㅏㅏ💧💧💧💧💧💧💧💧💧💧💧 ||| 니지님 브이로그는 진짜...갑자기 생각나서 갑자기 보러옴.. 아 귀엽다...입이 항상 움직이고 계시네요 말하거나 먹거나...ㅠㅠ💗💗,인물/블로그
8YJ2jcCqQlk,VLOG  |  👩🏻‍🎨 직장인 브이로그! 소소한 일상(회사생활/피맥🍕🍺) + 소소한 도전! (향수만들기🥰),박젼PARKJYEON,박젼님! 영상보니 예전 광고디자인일했던거 생각나요😂 디자이너 직장인브이로그 넘나 반갑네요오 구독꾸욱 하고 갑니다^^ 자주뵈어용🙌🏻 ||| *보기드문 미인이시네요...* 😍❤ ||| 깔라만시..어디서 구매해서 드시는지 궁금하네요 ||| 영상편집하는 반법이나 하는 과정도 올려주세요❤️,인물/블로그
ooUDzA7d3LU,"직장인브이로그, mini vlog 별거없는 일상",미니mini,,인물/블로그
oF0WDmPGeOg,직장인 브이로그 | VLOG | 회사에서 밥해먹기 3-1탄_오뎅탕,밥해먹는언니들,맛있겠다....침....고여... ||| 맛있겠다..회사에서 무지 잘먹네요..ㅠㅠ ||| 국물 남은것 먹고싶당!!! 주문하면 택배로 보내주실려나???,인물/블로그
GGqIv0VckzY,VLOGㅣ 직장인의 일상 브이로그ㅣniji,니지niji,이 영상 오백번 봤는데 25년에도 생각나서 또 보는중! ||| 2022년에 또 보시는 분?😊 ||| 언니 그리워서 다시보기..ㅠㅠ ||| 2024년에도 보는 나.. 이때의 니지님도 지금의 니지님도 난 너무 좋다 ❤ ||| 아 내 최애 영상 오랜만 ..❤ 월료일 하는거 너무 귀엽따 ..🫶🏻,인물/블로그
bPlr2isMuZk,[직장인 브이로그] vlog#1.치즈&와인 원데이클래스 다녀오기,Aloha Loa,"오, 다녀오고싶네요. 제가 있는 곳에서도 하고있어요!",인물/블로그
yUvwGKDrMJw,직장인 브이로그 점심시간,방방이,,인물/블로그
A9GfreiMZ_A,"전문가피셜, 100년에 한번 나올까 말까한 몸매! 8세 소녀의 모태 명품복근★┃A Girl's Amazing Natural-born abs!",우와한 비디오,100년에 한 번 나올 몸매라니 진짜 부럽고 신기해요. 저 같은 일반인은 정말 열심히 노력해야지 겨우 ~ 라인이 생기는데 ㅠ 하지만 노력 후에 좋은 경과는 더 큰 기쁨이 있으니까 ... 이쁜 몸매 위해서 열심히 운동하고 모로페린 같은 영양제로 체지방 관리도 같이 하고 있어요. 체지방 관리가 되니까 ~ 근육이 더 선명해지고 이쁘게 살이 빠지는 느낌? ||| 이여 막둥이 제일 선이 선명하게 보이네 ||| 선천적 복근 미쳤냐 진짴 ㅋㅋㅋㅋ 개부럽네 ||| 아니 막둥이 진짜 너무 귀여워...🥺 ||| 먹을려고 깟던 초콜렛.. 이영상보고 배에 붙여봤습니다.........,인물/블로그
RG3QEf-BTtA,ENG) 역대급분량 대학생의 하루 : 시험기간 A day of a university student : exam period,에바EVA,"🚨 *영상 속 정보 / information* 🚨 Instagram : @ev.alet  머리 : 셀프로 자르고 끝단 다듬음. 펌이나 고데기X 염색컬러 : 카키빛 도는 브라운으로 톤다운. 자세한 문의는 이퀄다이아몬드 자현쌤한테 해주세요!  휴대폰 기종 : 아이폰 7 전공 : 영화연출   *10월 17일* 렌즈 : 오렌즈 스페니쉬 그레이 립 : 마몽드 벨벳레드 리뉴얼 전 제품 + 16브랜드 테이스츄 체리아몬드 잠옷 : 유니클로 플란넬파자마 체크B 69 네이비 세수할 때 낀 헤어밴드 : 바닐라코 노트 : 동생 노트 (출처모름)  *10월 18일* 렌즈 : 오렌즈 스페니쉬 그레이 립 : 마몽드 벨벳레드 구버전 겨자색 긴팔상의 : 에이랜드 3.3 필드 트립 드라이R 밤색코트 : 유니클로 U울블렌드 체스터필드 코트 38 반지 : 로이드 LRS17015G(디즈니 콜라보) 14K PG 바지 : 유니클로 PONTE슬림팬츠 블랙 숏패딩 : 에잇세컨즈 베이지 솔리드 볼드 퀼팅 쇼트 패딩 체크잠옷바지 : 자주(JAJU) 파자마   *10월 19일* 렌즈 : 오렌즈 스페니쉬 그레이 기초 : 홀리카홀리카 레스온스킨 토너 선크림 : 아이뽀 데일리 선크림 브로우 : 클리오 킬브로우 오토 하드 브로우 펜슬 2호 뿌리는 트리트먼트 : 힐링버스 노워시 앰플 트리트먼트 립 : 마몽드 벨벳레드 구버전 가죽자켓 : 원더플레이스 노란색 상의 : 에이랜드 벨리 티 배달앱 : 배달의민족   *10월 20일* 폰케이스 : 인스타 보라앤드 (구 퍼플워터) 피아노 악보 보는 앱 : 악보바다에서 다운받아 봄   *10월 21일* 후드티 : 나이키 남성용 회색 후드 (9년전에 삼) 립 : 클리오 매드매트립 6호 센슈얼페퍼 송주불냉면 산 곳 : 네이버에 검색해서 네이버페이로 삼 네일 : 데싱디바   *10월 22일* 렌즈 : 오렌즈 스페니쉬 브라운 립 : 마몽드 벨벳레드 구버전 브라운 상의 : 유니클로 캐시미어 터틀넥 스웨터 34 가죽자켓 : 원더플레이스 지갑 : 구찌 오피디아 카드 케이스 가방 : GU 태슬 모티브 토트 백 09 블랙 신발 : 무인양품 무지퍼셀 화이트 스니커즈 바지 : 유니클로 PONTE슬림팬츠 블랙 노란색 반팔티 : 원더플레이스   *10월 23일* 베이지색 후드티 : 원더플레이스 모자 : 라코스테 립 : 마몽드 벨벳레드 구버전 렌즈 : 오렌즈 스페니쉬 브라운 바뀐 립 : 에스티로더 퓨어 컬러 엔비 리퀴드 매트 304   *10월 24일* 머리에 쓴 수건 : 출처모름 렌즈 : 오렌즈 스페니쉬 브라운 립 : 마몽드 벨벳레드 구버전 브라운 반팔니트 : 유니클로 (정확한 제품명 기억X)   *10월 25일* 렌즈 : 오렌즈 스페니쉬 브라운 립 : 마몽드 벨벳레드 구버전 상의 : 유니클로 (정확한 제품명 기억X)   *10월 26일* 렌즈 : 오렌즈 스페니쉬 브라운 립 : 마몽드 벨벳레드 구버전 신발 : 무인양품 무지퍼셀 스니커즈 네이비       Hair : self cut, natural hair (iron X) Color : khaki brown Phone : iPhone 7 Major : film art   *Oct, 17th* Lens : O-lens spanish gray Lip : mamonde creamy tint color balm intense velvet red(old ver.) + 16brand taste Chu cherry almond Pajama : Uniqlo flannel pajama check B 69 navy Hair band : banila.co Note : no brand   *Oct 18th* Lens : O-lens spanish gray Lip : mamonde creamy tint color balm intense velvet red(old ver.) Top : A-land 3.3 field trip dry R Coat : Uniqlo U wool blend Chesterfield coat 38 brown Ring : LLOYD LRS17015G(collabo w/disney) 14K PG Pants : uniqlo PONTE slim pants black Short padding : 8 seconds beige solid bold quilting short padding Gray pajama pants : JAJU    *Oct 19th* Lens : O-lens spanish gray Skincare : holika holika less on skin toner Sunscreen : AIPPO daily sun cream Brow : Clio kill brow auto hard brow pencil 02 Hair spray : healing bird no-wash ample treatment Lip : mamonde creamy tint color balm intense velvet red(old ver.) Leather jacket : wonder place Yellow top : A-land belly T-shirt Delivery application : a delivery race   *Oct 20th* Phone case : (instagram) bora_and Sheet music app : akbobada   *Oct 21st* Hoodie : nike gray hoodie (man) Lip : Clio mad matte lipstick 06 sensual pepper Nail : dashing deva   *Oct 22nd* Lens : O-lens spanish brown Lip : mamonde creamy tint color balm intense velvet red(old ver.) Brown top : Uniqlo cashmere turtle neck sweater 34 Leather jacket : wonder place Wallet : gucci Ophidia card case Shoulder bag : GU tassel motive tote bag Shoes : MUJI sneakers white Pants : Uniqlo PONTE slim pants black Yellow short sleeved T-shirt : wonderplace   *Oct 23rd* Hoodie : wonderplace Cap : lacoste Lip : mamonde creamy tint color balm intense velvet red(old ver.) Lens : O-lens spanish brown Darker lip : Estee Lauder pure color envy liquid matte 304     *Oct 24th* Hair towel : no brand Lens : O-lens spanish brown Lip : mamonde creamy tint color balm intense velvet red(old ver.) Brown short sleeved neat : Uniqlo   *Oct 25th* Lens : O-lens spanish brown Lip : mamonde creamy tint color balm intense velvet red(old ver.) Top : uniqlo   *Oct 26th* Lens : O-lens spanish brown Lip : mamonde creamy tint color balm intense velvet red(old ver.) Shoes : MUJI sneakers navy ||| 여러분 그거 아시죠 공부를 하면 배가 고프잖아요 이말 한 삼십번 나온듯ㅋㅋㅋㅋㅋㅋㅋㅋㅋㅋㅋㅋㅋㅋㅋㅋㅋㅋㅋㅋㅋㅋㅋㅋㅋㅋㅋㅋㅋㅋ ||| 에바님은 해야 하는 일 뒤로 안미루고 그때그때 자는 시간도 줄여가며 다 하니까 진짜 존경스러워요 ||| 과제 날라갔는데 욕한번 안하는당신...나와는 다른 사람... ||| 7:20 연출 지렸다 사스가 영화연출 전공;;;",인물/블로그
At_Pn-x6HVE,UNI VLOG: Moving Into My Student House + HUGE University Homeware Haul | Jack Edwards,Jack Edwards,"Hey team! So somehow I forgot about time differences when scheduling this video and so it kindaaaa went up at 2am in the UK???? Oops.Anyway - i just wanted to say that I will reply to EVERY comment as always, but the WiFi is particularly rubbish at the hostel I’m staying at in Cambodia sooo there could be a slight delay. I will reply to all your questions and comments as soon as I can! In the meantime, I’m uploading daily updates on my Instagram page + stories, follow me @jackbenedwards to see what I’m up to on my month of travelling around South East Asia (the gap yah I never had) - loving you to the moon and back, sharing and supporting this video would be ~extra~ appreciated this week since I messed up the upload time lmao ❤️ ||| Im going into year 12 but i love seeing ikea/uni hauls i've been living off them for the past week ||| Omg your house is so nice!!!! ||| ""Doors on hooks are so so useful""😂 ||| Nearly 20 minutes of Jack's puns and uni-related​ stuff?? Yes please",인물/블로그
Ll1ZC9OJXX8,"ENG) 대학생의 하루 : 시험기간, 2주간의 기록 A Day of a university student : Exam periodㅣEVA",에바EVA,ㅡinformation   16일 월요일  나그랑 티 : 스타101에서 2년전 구매 라이더자켓 : 원더플레이스에서 1년전 구매 렌즈 : 오렌즈 시크리스 아이스 그레이 립 : 기억나지 않아요ㅠㅠ.. 블러셔 : 맥 파우더블러쉬 레드엔비 피어싱 : 건대 길거리 가판대 운동화 : 무인양품 무지퍼셀 스니커즈 네이비 카드지갑 : 루이까또즈 봄이 : 화이트 포메라니안 아이스크림 : 보석바 청포도맛 안경 : 동네 안경점에서 4년전에 구매     18일 수요일  렌즈 : 오렌즈 시크리스 아이스 그레이 귀걸이 : 건대 길거리 가판대에서 구매 흰색 상의 : 강남 지하상가에서 구매 립 : (아마..!) 에뛰드 매트시크 립라커 어제보다 로제 자켓 : 원더플레이스에서 작년에 구매 블러셔 : 맥 파우더블러쉬 레드엔비 노트북 : 맥북 프로레티나 2017년형 스페이스 그레이 13인치 집 돌아와서 갈아입은 반팔티 : 뉴발란스     20일 금요일  플랫슈즈 : 무인양품 치마 : 유니클로 서큘러 스커트 스트라이프 반팔티 : 유니클로 DRY-EX 크루넥 반팔T 휴대폰 케이스 : 퍼플워터 제품 회사 : 소속사 입니다! 헤어밴드 : 아트박스에서 구매 씻고 나서 흰색 반팔 : 정보없음     21일 토요일  라면 : 너구리 매운맛 분홍색 상의 : 스타101에서 몇년전 구매     23일 월요일  토토로 무드등 : 친구한테 선물 받음 모자 : 라코스테 후드티 : 원더플레이스에서 작년에 구매 분홍색 자켓 : 원더플레이스 립 : 기억 잘 안나는데 아마도 에뛰드 매트시크 립라커..     24일 화요일  스트라이프 반팔티 : 스타101에서 2년전 구매 (비슷한 제품 다른데도 많이 팔아요!) 립/블러셔 : 기억이 안나요…제 몹쓸 기억력.. 죄송합니다…ㅠㅠ      26일 목요일  렌즈 : 오렌즈 시크리스 아이스 그레이 상의 : 동생꺼 청바지 : 스타일난다에서 작년에 구매. 지금은 단종 ㅠㅠ 립 : 마몽드 벨벳레드 + 릴리바이레드 치명적인 석류인척 블러셔 : 앤아더스토리 블러셔 스토키네트 베이지 에코백 : 선물받은 제품 라이더자켓 : 원더플레이스 저녁 먹으러 간 곳 : 올리바가든 파스타 : 버섯 크림 파스타 / 봉골레     27일 금요일  남방 : 건대 스타101에서 구매 머리 : 고데기 (직전 금발 겟레디 참고) *이때 나온 화장법은 직전 겟레디에 나와있어요!     30일 월요일  렌즈 : 오렌즈 시크리스 아이스 그 레이 상의 : 유니클로 AIRism 심리스 브라 탱크탑 (레이서백) 겉옷 : 유니클로 AIRism UV-CUT 메쉬 풀짚 후디 (긴팔) 하의 : 유니클로 크롭 레깅스 팬츠 신발 : 무인양품 무지퍼셀 스니커즈 네이비 카메라 : 소니 미러리스 알파 5100 ||| 밤샘하면 ㄹㅇ 자괴감 아 내가 왜 미리 공부안했을까 한탄하다 조금이라도 보려고 하면 빡치고 조금 보고 이 과정 반복 그러다 결국 자서 개망함 ||| 와 진짜 이때 ㄹㅈㄷ 금발 긴머리 진한 화장 너무 예쁘시다... ||| 18:20 ㅋㅋㅋㅋㅋㅋㅋㅋㅋㅋㅋㅋㅋㅋㅋ오늘의 킬링파틐ㅋㅋㅋㅋㅋㅋㅋㅋㅋㅋㅋㅋㅋㅋ ||| 강아지들 엄청 기쁘고 기분좋으면 재채기 난다구 하는 글 봤는데 봄이 재채기보니까 행복게이지 우주를 뚫어버렸꾸 에바님두 너무너무 좋아요 저두 재채기 할거에욥 에츗!,인물/블로그
NJxOE7R7dV0,(日字幕)도쿄 육아 VLOG :: 韓国人ママの子育て。란도셀 구입하기. 일본 초등학교 입학준비. ランドセル。新一年生。,Odile오딜,"이영상 왤케 중독성있지..... 열번은 본듯 ||| 근데 진짜 만화같다.. 초등학생인데도 다 똑같은 교복, 똑같은 필통에 비슷한 가방에.. 게다가 그림같은건 없어야하고.. 숨막히는데 예쁘긴하다 ||| 방재모자  좋다. 저거 우리나라도 아이들에게  교육 했으면 좋겠다.지진 ㅜ저번에 얼마나 놀랬는지 ,ㅜ ||| 여러분 일본 초등학교가 다 규칙이 센줄 아시나본데 사립초등학교나 저렇게규칙이세지 보통학교는 그렇지 않은경우가 훨~씬많고 교복도 입지 않습니다 ㅠㅠㅠ 루카스가 다니는 학교는 유독 엄격한 학교 같습니다 일본 초등학교는 다 그런다는 것은 절대 아닙니다 !! ||| 아니...저 보우사이즈킨인가 저 모자 썼을때 심장마비로 세상하직할뻔 했네.. 완전 귀엽자너..",인물/블로그
xOsKhJHj0ws,[석준] 여름이와 찜질방 데이트❤여자친구와 오붓한 찜질방 데이트 Vlog!! (석준 여름 리플s),석준이가해,이영상 여름님 리즈인듯 ||| 3:18 여름님 옆태 시롸임미까ㅠㅠㅠ너무 이쁘자나 ||| 당근 뺀거 대신먹어주는거 너무 설레요 ||| 헐 대박 진짜 둘 다 엄청 귀여우셔ㅠㅠㅠㅠㅠㅠㅠㅠㅠㅠ 여름님이 당근 골라낼 때 석준님이 편식 하지말라면서 자기가 먹어주는거ㅠㅠㅠㅠㅠㅠㅠㅠㅠ 진짜 엄청 배려해주는게 너무 좋다ㅠㅠㅠㅠㅠㅠㅠㅠㅠㅠㅠㅠ ||| 2:00 왜 편식하냐면서 당근 먹어주는 석준님 너무 쏘스윗..ㅠ,인물/블로그
ocYGWG77MJM,발레 클라스 중단 사태,오드리햇반 Oh drey,아 상상만 해도 손발이 부들거림... 할 수 있다면 해보라는건 니가 지금 당장 거품물고 혼절할 게 아닌이상 제대로 하라는 거임... ||| 할 수 있으면 해 봐 라는 것은 전공생입장에서 제 개인적인 각으로는  아파 죽지 않는 이상 하는 것이 맞지 않냐? 는 듯으로 하신 말씀같아서 ㅎㄷㄷ 했습니다ㅠㅠ ||| 저는 피아노 전공인데.. 대학원때 어느 교수님이 생각나네요.. 매일 4시간 자면서 과제해갔는데 마스터클래스 시간에.. 조곤조곤 말투로.. ‘피아노 왜하세요? 그럴거면 부모님 앞에서나 연주하세요’와 같은 말들로 20분동안 무대에서 혼났던 기억이.. 다큰 성인이 집에와서 펑펑 울었습니다^^ 그 교수님 덕분에 실력이 엄청 늘었달까요 정신단련되서 왠만해선 상처안받습니다ㅋㅋ 그치만 살면서 또 만나고 싶지는 않음 ||| 알 수 없는 알고리즘으로 인해 알 수 없는 살기를 느꼈다... 심장 쿵쾅쿵쾅ㅎㄷㄷ ||| 원래 무용쌤들이 악착같이해서 아파도 해야 됌 진짜 착한 쌤들아니면 존나혼남...,인물/블로그
PsnsK6EWyg8,"eng) 공부는 카페에서, 감기와 함께한 중간고사, 생강차 끓이기, 가습기, 장학금, 카오위, 마라탕",deemd 딤디,"중간 중간 왜이렇게 소리가 끊기는거죠 😭😭 보실 때 불편하시더라도 양해 부탁드려요 🙏🏻🙏🏻 ||| 솔직히 순수재미 원탑은 중국시절이긴함ㅋㅋㅋㅋㅋ ||| 00:30 무단횡단 공개처형 넘 웃김ㅋㅋㅋㅋㅋㅋㅋㅋ보고 배울점임  +따봉이 일케나 많다니....☆☆ ||| 이상하게 공부하기 싫을 때마다 이 영상을 굳이 찾아서 보러 오게되네요. 공부하기 싫다면서도 플래너 만들고, 지기 싫어서 아침일찍 도서관가는 딤디보고나면 역시 다들 하기 싫은데도 참고 열심히 사는거지 싶고 나도 하기싫지만 해야지 어쩌겠음 마인드를 다시 장착하게 돼요. 좋은 영상 만들어 준 딤디에게 압도적 감사🤍올리고 다시 공부하러 가봅니당ㅎㅎ ||| 하기 싫다는 자막과는 다르게 진짜 열심히 사시는 것 같아서 제가 왜 뿌듯한지는 모르겠지만 아무튼 뿌듯하네요 영상 너무 재밌어요💕",인물/블로그
YOsHRkl3C9I,학교에 지각했습니다...[파투],파투 TV,한입만... ||| 이런말하기는  싫지만  유튜버이기전에  너는  학생신분인걸  잊지않았으면  지각 브이로그라니 ||| 학교 갈 시간에 늦었으면 최대한 빨리 빵먹고  갈생각을 해야지 pc 방 가서 게임 하는건  문제 있음 ||| 학교 를 가야하는 시간인데도 브이로그를 찍는당신은 대체.. 역사책 ||| 5:53 저거....넥슨플레이 잠금화면이잖아..,인물/블로그
VJYs6QLf3Oo,노래하는 하람 집에 마이린이 놀러갔어요 (선물교환 | 여학생 방소개 | 틱톡 듀엣) 마이린 일상 브이로그 | 마이린 TV,마이린 TV,"안녕하세요~ 노래하는 하람 이에요~ 제가 마이린TV 에 나오다니 좀 신기하네용~😁  참, 마이린에게 받은 가방 메고 이번에 부산 여행 잘 다녀왔답니다!! 린이 말처럼 가방 메고 롱보드도 실컨 탔네요~ ㅋㅋㅋ 좋은 선물들 다시 한번 너무 감사하구요, 다음엔 마이린 집에 제가 놀러갈게요~ 😉  그리고 하나더!!! 마이린두 가방 사주세여~~~ 제가 사용해보니 너무너무 편하구 좋아서 린이도 쓰면 좋을것같아요~~😚 ||| 마이린 어릴때도 진짜 귀엽고 어린나이에 방송진행력 ㄹㅇ 타고났었네. 부모님이 교육 진짜 잘 시키셨다. 말 잘듣고 일 잘해나가는 마이린도 신기하고 저 가정자체가 축복이네 ||| 이 아이는 나중에 자라 피프티피프티가 됩니다. ||| 한 명은 연세대 가고 다른 한 명은 아이돌.. 와 둘 다 성공했다 진짜 앞으로도 꽃길만 걷자ㅠㅠㅠ ||| 마이린은 노스페이스 광고찍어야 할듯 옷도 노스페이스가 대다수고 선물까지..",인물/블로그
mnCA8FabAKk,초등학생에게 생리를 물어본다면? [있던이야기],모모 momoe,"지금까지 생리란 여자가 될 준비라는 설명을 정말 많이 들어왔는데, 태어날때부터 여자거 아니냐는 말에 뒷통수 맞은 기분이네요 ||| 기업에서는 생리대나 탐폰이 ‘의약외품’이라며 성분공개도 꺼리던데,  정작 광고들 보면 의약외품은 커녕 화장품이나 식품 광고마냥 샤랄라하게 찍고 생리, 월경이라는 단어를 듣도보도 못하게 만들죠. 딱 봐도 소비자를 호갱취급하는 거겠죠?  탐폰 어플리케이터에 핑크 색칠 안 해도 되니까 가격이나 낮추고 전성분이나 공개했으면 좋겠어요ㅎㅎ ||| 3학년애들은 3학년치곤 너무 어려보이고 5학년언니오빠들은 5학년치곤 너무 커보옄ㅋㅋㅋ ||| 애기들 유치원생인줄...지금 한 8번째보는데 처음에 초등학교 3학년을 못보고 지나쳐서.. 지금 알았네 ||| 우리 나라  생리대 광고  맛 갔어.. 광고  찍을때 마다  거의 하얀색  입고  하하호호   하고다녀...  와   광고찍고  계신분들도  찍으면서  생각들것 같아  돈벌기힘들다..;;;",인물/블로그
Li__ffQlGE8,"“살려줘요” 설인아, 수영중 비상 사태 ‘위기 일발’ @김병만의 정글의 법칙 318회 20180608",SBS Entertainment,갑자기 미친듯이 몰아치는 공포감 뭔지 알지.. 섬뜩하다.. 못할 것 같고 심지어 죽을 것 같을 때 진짜 숨막히는데 눈물은 나오려고 해서 숨쉬려하고... 그 순간 물 마시면 그때부터는 진짜 미침... ||| 근데 괜찮다가 어..? 숨 안 쉬어지는데..? 발 안 닿는다..! 이 생각 한 번 들면 바로 패닉오면서 허우적 거리게 되고 물 다 먹게 됨 진짜 침착한 듯... ||| 별거아닌것처럼 느껴질만큼 물속은 잔잔한데 발도 안닿는 곳에서 당황하면 숨가빠지고 힘빠지는게 순식간이라 살려달라고 말안했으면 큰일날뻔 ||| 설인아 언니 너무 좋다..그냥..ㅠㅠ 저런 상황에서 침착하게 대처하고 그와중에 상대방 동의도 구하고 ||| 바로 말하길 너무 잘했네요.. 급패닉.. 진짜 당황스럽고 답답한데.. 너무 잘하셨네요! 그와중에 너무 귀엽다❤️,인물/블로그
SeOtIp7KnOo,우리나라처럼 바뀐 북한 방송 근황 / 스브스뉴스,스브스뉴스 SUBUSUNEWS,"북한뉴스 늘 나오던 할머니가 딕션, 라임, 스웩 모든게 개쩔었는데.. ||| 앞에 노트북이 있는데 속보는 왜 사람이 들고 오는데ㅋㅋㅈㅋㅋㄲㅋㅌㄲ ||| 진짜 보면서 너무 억지 미화 느낌이 ㄷ ㄷ ||| 춘희 할머니의딕션과말빨은 전세계 통틀어서 최강이다. ||| 촌스럽고 낙후된다기 보다는 한복을 입는 다는 점 그리고 어딜 내놔도 뒤쳐지지 않는 할머님의 딕션과 말발...그게 아무리 대본이라도 그렇게 찰지게 소화하시는 할머님의 모습을 더이상 못보는건가...",인물/블로그
q1WAJe_UF9M,이게 방이야? 쓰레기장이야? 간니닌니 방 대청소해요 (일상영상 브이로그),간니닌니 패밀리,"방청소를하기로했을때 나타나는현상 눈:야! 방꼬라지를좀봐 뇌야 방청소좀 시켜!!!!!!! 뇌:ㅇㅋ 야!!!!!! 청소좀해 몸:뭐래;;;; 귀찮아 내일시켜 뇌,눈: 그래 내일하자 ||| 지금 자기 방 보다 간니방이 더 깨끗한 사람손~✋ ||| 청소 1% 귀찮음 20% 청소하다 찾은걸로 놀기 79% ||| *저두 간니닌니님 영상 보면서 책상 정리 하고 있어용!* -나의 방 정말 드럽다...- ||| 저도 이거보고 방청소하러 가욥...ㅋㅋ총총💦",인물/블로그
jqJm7shJZZs,VLOG🇯🇵 나혼자 일본여행! 오사카 & 교토 다녀왔어요⛩🍁🍂,로즈하 ROSEHA,"✨ 인스타그램 @xoxohaji ✨ 저번주에 다녀온 나홀로 일본여행을 빠르게 편집해서 가져왔어요😳💕 여행 브이로그 좋아해주셔서 감사해요 여러분!!!! 예쁜 쓰레기 하울 영상도 곧 이어서 올리고,, 메이크업도,, 룸투어도,, 하 올릴 거 많다^_^ㅎ 전부 다 기대해주세요💕💕 궁금하신 점은 댓글로 남겨주시면 제가 아는 선에서 최대한 다 답변 드리겠슴니당 :D 그럼 모두 굿밤되셔요오🌙 ||| 이 영상은 진짜 몇번째 돌려보는지 모르겠다......이 영상만 보면 내가 다 기분좋고 힐링돼서 슬럼프 올때마다 보는것 같아요 ||| 2025년에 보시는분...?  진짜 저 목소리 영상색감 분위기 못 잃어 진짜 ||| 2024년에도 보는 분 ||| 2020년도 그리고 앞으로도 계속 보실분 👇",인물/블로그
Nu26guZoNG0,아이돌팬과 경호원이 밥으로 친구가 될 수 있을까? EP.01 [밥친부터시작],모모 momoe,근데 저 강친분은 진짜 익숙하다 ㅋㅋㅋㅋ덕질한번 해봤다하는 사람들은 저 분 얼굴 다 알듯ㅋㅋㅋㅋㅋㅋㅋ ||| 저번주에 음중가서 유튜브 잘봤습니다 라고 말씀드렸는데 유튜브얘기 꺼내지도 말라고 하셨습니다ㅋㅋㅋㅋㅋ ||| 강친 진짜 이분들 없으면 질서유지안됨. 현장에서 말그대로 아수라장이고 팬이 팬 올라서서 밟고 아무도 안구해주고 난리남. 광기의 현장에서 일하시는분들인듯ㅋㅋㅋㅋㅋ ||| “기자는 애정이 없으니까” 요약이 된다. ||| 근데 홈마들중에 저렇게 인간적이신분 많이 없는게 현실임..난 스탠딩에서 홈마가 지는 의자위에 올라가 있으면서 앞사람한테 앞에 안보인다고 앞사람 머리 풀스윙으로 때리는거 보고 그뒤론 다신 콘서트 안가고 덕질도 접음..,인물/블로그
2UyIZVRFzFI,골든 타임 응급처치는 이렇게 중요합니다. 이승모 선수 쾌차하기 바랍니다.,엠빅뉴스,"심판의 빠른 대처가 살렸다....하. . ,선수 부모님이 경기장에 계셨다는데 얼마나 마음이 아프셨을까ㅜㅜ ||| 진짜 실시간으로 보면서 개놀랐고 무서웠다... ㄹㅇ 심파의 대처가 살린듯하고 구급차도 50초 만에 들어왔다고 들었는데 쾌유 기원 합니다.. ||| 이 심판이 모범이 되야한다 선수 안전이 가장 중요하다 ||| 이거 실시간으로 보다가 ㄹㅇ 놀람 이거 심판도 대처 잘했고 의료진도 뛰어오는 거 우사인볼트급 ||| 이승모 선수 지금은 어찌 지내나 찾아봤더니 다행히 건강 되찾고 경기 열심히 뛰고 있네요. 정말로.. 진짜 정말로 다행이에요.",인물/블로그
pXeZnJfvKCg,엄마가 귀를 뚫었어요 (태어나서 처음 귀 뚫은 엄마 시술 전 과정 밀착중계) feat. 마이맘 | 마이린 TV,마이린 TV,와..점원님 대박 친절하시다.. ||| 귀 뚫으신분 숀✋💜 ||| 뚫어주시는분이 말투가 ㅋㅋ소아과에서 주사맞을때 간호사가해주는 말이랑똑같음 ||| 귀 뚫으신분  👇🏻 ||| 저도 정확히 3일 전 뚫었숨니다! 귀 뚫으신 분 👇(구걸 죄송합니다;;;),인물/블로그
CddQqEyr41A,'붉은 융단 떼거리' 레드벨벳의 평양 현지 공연 반응은? / 비디오머그,비디오머그 - VIDEOMUG,"근데 레드벨벳은 배드보이에 총쏘는안무도 바꾸고 했는데 백지영이 저기서 총맞은것 처럼 부른게 킬포임ㅋㅋㅋㅋ ||| 진짜 한국에서 태어난게 너무 감사하다 ㄹㅇ....  저 무표정들에 섞여서 살다 죽을뻔했네... ||| 몇몇 사람들은 뭔말인가 싶고 저런 삐까번쩍한거 첨봐서 멍한 것 같은데 고위들은 몇번봐서 좋아죽겠는데 웃참하는게 ㅈㄴ 웃기네 ㅋㅋㅋㅋㅋㅋㅋ ||| 벽에다 춤추는거 너무 대단해.... ||| ㅋㅋㅋㅋㅋ 다들 집에 돌아갈 때 머릿속에서 '빠바빨간맛 둠칫둠칫"" ㅋㅋㅋㅋ",인물/블로그
DWSScztecgI,소년 재판,시이,판사전략 ㅆㅅㅌㅊ  다정하게말해주면 애들이 이거 봐줄려는 톤이다 생각하고 사실대로 다 토해내는데 그딴거없고 형량때리기 ㅋㅋㅋㅋㅋ ||| 이럴거면 처분 직전에 훈훈한 음악은 왜 까는거얔ㅋㅋㅋㅋㅋㅋㅋㅋㅋㅋ 훈훈한 음악과 함께 10호 ㅋㅋㅋㅋㅋ ||| 여윽시 소년재판하면 떠오르는 명대사 “안돼. 안바꿔줘. 바꿔줄 생각 없어. 빨리 돌아가.”ㅋㅋ ||| 여성판사님이 정말 판결이 아주 칼같이 냉철하심. 눈물 연기따위에 속지않고 딱 처벌할 형량을 정량으로 딱 맞추시는게 대단함. 이런 판사가 감수성으로 판결하는 감정적 판사보다 훨씬 필요한 분임. ||| 선처를 바란다는데 이미 10호가 선처지 성인이면 더 무겁게 치를 죗값을 청소년이라고 이미 덜어서 해주는건데 뭔선처여 선처 바라는게 애를 망치는길임,인물/블로그
EsqNDi2uHj4,시청자제보로 18년만에 선생님 찾았습니다ㅠㅠ!!!,허팝Heopop,찾았다!!!!!!!!!!!!!!!!!!!!!!!!!!!!!! ||| 저희학교 와주셔서 감사해요!! 전 너무 인파가 많아서 사인 못받았어요ㅠㅠ 선생님과 저렇게 몇년만에 만나는게 너무 감동적이에요..... ||| 진짜 옛날초딩때 선생님들 생각하면 그시절이 그리움 지금은 중딩이지만 어른이나 대학생 될때 한번 선생님들 찾아가봐야겠다는 생각이듬 ||| 와..진짜 찾으셨군요..ㅠ 뭔지 모르게 감동적임..ㅜㅜ ||| 이렇게 찾아가는거보면 엄청 좋은 선생님이셨나보네,인물/블로그
KpWXYyEGBMw,엄마가 병원에 입원했어요 ㅠㅠ 수술도 하셨어요 (며칠만에 지금 만나러 갑니다 기도해주세요) 엄마 병실 면회 밀착중계 | 마이린 가족 일상 | 마이린 TV,마이린 TV,"엄마가 빨리 회복할 수 있도록 기도해주시고, 응원 댓글 많이 부탁드려요! ||| 마이린 화이팅 기죽지마여...ㅜㅜ 엄마 꼭 나으실 거에여...ㅜㅜㅜ 👇 👇 ||| 마이린 착하네요 저도 엄마한테 잘 해야 될겄가타요  마이린 오빠가  엄마 걱정해주시는거 보고 감동이에요😔빨리 나으세요 기도할께요 이거 보고 울뻔했네요  흑흑...힘네세요!!♡ ||| 우리 마이린💛❤💙 ||| 제가 이영상을  보고  진짜  많이  울었어요 저의엄마도 이렇거되면 어떨까? 라는 생각이  드네요. 마이린님도  힘내시고,마이린  어머니도   힘내세요.  빨리 쾌유하라고  기도할게요.",인물/블로그
f4VZPJC1orE,"미용관련 Q&A) 진로, 고민 상담, 미용에 관심 있으신 분들에게 도움이 되기를 바랍니다. (지극히 개인적인 의견)",kiu기우쌤,00:29 스탭도 자격증이 필요한가요? 00:46 자격증이 많으면 취업할 때에 유리한가요? 01:04 자격증은 언제쯤 따는게 좋을까요 ? 01:30 미용학원이 자격증 따기 쉽나요 ? 01:54 부모님이 반대하세요 & 주위 사람들이 좋게 보지 않는 것 같아요 03:22 스탭 뽑을 때 어떤 조건을 보시나요 ? 04:14 청담 샵에 입사하려면 기술이 좋아야 하나요? 04:37 주말 알바가 경력으로 들어가나요? 05:07 패션동아리 화보촬영 경력으로 치나요? 05:48 스탭에서 디자이너 되기까지 얼마나 걸리나요? 06:13 고졸도 샵으로 취업이 가능한가요? 06:21 취업인가 ? 대학인가 ? 06:51 대학 갔을 때의 장점 08:20 대학 졸업 후 취업하면 바로 취업한 사람보다 늦은 감이 있을까요? 09:19 미용과 말고 다른 학과도 괜찮은가요? 10:58 서울과 지방 중 어디서 일하는 것이 좋을까요 ? 11: 37 청담에서 일할 때의 좋은 점 ? 13:16 청담샵은 정말 텃세가 심한가요? 13:53 헤어디자이너 연봉 ? 15:02 기우쌤 연봉 ? 16:23 기우쌤 디자이너까지 걸린 시간 ? 17:43 기우쌤 슬럼프 어떻게 극복하시나요 ? 18:13 남들보다 속도가 느리고 재능이 없는 것 같아요 18:33 한 곳에서 오래 근무하는 것이 좋을까요 ? 19:15 좋아하는 일? 잘하는 일? 안정적인 일? 20:19 제가 일하는 샵이 너무 힘든데 즐겁게 일할 수 있는 샵으로 가야할까요? 21:46 군대를 언제 가는 것이 좋을까요 ? ||| 2025년이니까 한번만 더 찍어주세요 달라진것이 있을수있으니까요 제발요 제 꿈이 미용사에요 ||| 기우쌤 말빨 장난 아니시네요.. 조곤조곤 맞는말만 다 때려박아..^^ ||| 저도 헤어미용사 분들은 그냥 아 머리만져주시는구나..라고만 생각했었는데 저번에 미용실에 갔더니 미용사분께서 기분이 안좋아 보이신다며 제가 오늘 최고의 기분으로 만들어 주겠다고 하면서 스타일링을 해주셨는데 정말 머리가 예뻐진 것 만으로도 하루종일 기분이 좋았고 그때 아 미용사란 정말 대단한 직업이구나 라고 느꼈어요 😊 ||| 저는 미용 관련직업은 아니지만 월급까지 공개하시면서 정보를 알려주시는게 대단하시네요ㅎㅎ 항상 응원합니다ㅎㅎ,인물/블로그
I_geJn952LI,VLOG│친구들과 함께하는 카가와현 인생샷 여행 #Japan Kagawa Travel VLOG,이수현 Official,"혜나야 이렇게라도 행복한 모습 보니까 좋다..... ||| 혜나언니,,, 여기선 되게 행복해보이네,,, 나는 ,,, 지금 언니땜에 슬픈데,,, 우리 혜나언니,,, 예서언니랑 손 잡고,,, 서울의대 가야지,,, ||| 브금 저작권걱정할필요가없네ㄱㅋㅋㅋㅋ ||| 혜나야.... 좋은 친구들을 사겼구나 ||| 혜나가 확 뜨니까 갑자기 이영상이 화제가 되는구만..",인물/블로그
-MBVEVc5OnQ,하루 17시간 이상 공부(!) 꿈을 위한 도전 '기숙 학원' TV정보쇼 오!아시스 10회,JTBC Entertainment,그냥 수고한다고 말해주고 싶다. ||| 순공 10시간도 빡센데 17시간은 ㅅㅂㅋㅋ 걍 나 죽여주세요 아닌가 저렇게 하고 수능망치면 진짜 정신상태 작살날거같은데 ||| 아니 그냥 뭣보다 이렇게 굴러가는 교육이 정상적인가를 생각해보면 전혀 이상적이지도 않고 정상도 아닌 것 같다. 물론 꿈을 위헤 노력하는 사람들은 대단하지만 그냥 이 시스템이 너무 한탄스러워.. ||| 0:48 노안과 동안이 공존하는 얼굴이다 ||| 저렇게해서 대학가면 또 고시생모드 직장들어가서 또 승진공부 걍 공부에 미친나라,인물/블로그
eSEO-JiIPlk,{이승인} 퇴근한 남자친구와 데이트 ~준비부터 클렌징까지~,이승인 YISEUNGIN,이거 20번 본 거 같아..... ||| 난 이영상이 내 최애야 정말ㄹ ||| 하... 이 영상 왤케 좋은지 몰겠음 영상에서 겨울냄새(?)남 너무 좋아... ||| 나만 이게 최애영상이 아니었구나ㅠㅠㅠㅠ 메이크업이랑 수플레 먹는 거까지 너무 좋아요ㅠㅠ 그냥 계속 봐도 안 질려요 ||| 이 영상의 댓글창이 열리면 달 수 십개의 주접과 끼야호르 룰루랄라들을 생각해놨었는데 정작 열리니까 어버버...그냥 정말 사랑해요...제가 이 영상을 너무 좋아해요..,인물/블로그
-tLuL5ZOrZc,로마부터 밀라노까지 '모찌피치 엄빠와 함께한 이태리 여행 브이로그 #Italy Travel VLOG,이수현 Official,와 매번 느꼈지만 특히 이번 영상 보면서 진짜 영상 편집자분 어마무시한 능력자신걸 느꼈네요....와이지 들어가는 사람은 달라도 이렇게 다른가 싶을 정도에요ㅜㅠㅜㅜ ||| 여러분 어떠세요 어떠시냐구요에서 빵터졌닼ㅋㅋㅋㅋㅋㅋ행복합니다!! ||| 사움직에서 '우리 엄마 아빠 사랑 먹고 이리 잘 컸나보다' 라는 가사가 괜히 있는게 아니었어 ㅠㅠㅠㅠ 늘 사랑받고 러블리뿜뿜하게 자라나고 있는 울 모찌피치 ㅠㅠㅠㅠㅠ♡♡♡♡♡♡ ||| 언니 진짜 이뻐용😍 보는동안 저도힐링됬오요 모치피치 영원하라💖💖 ||| 편집자님 진짜 상줘야되요ㅠㅜㅜㅠㅠ 너무 잘만드시는거 아닙니까??!!!!,인물/블로그
90b3oaWHFs8,통학만 하루 왕복 5시간?! [프로통학러],tvN D STUDIO,"여러분 이 영상을 보고 통학에 대한 환상을 가지지 않았으면 좋겠어요 이분은 굉장히 엄청 긍정적이신거에요 통학하는 학생들 90%는 통학하는 내내 생각이라곤 오늘도 보람찬 하루 보다 자퇴하고 싶은 생각일꺼에요 ||| 나도 4시간인데 뭐이리 통학이 미화되어 있닝 진짜 인생의 3분의1이 지하철에서 날라가는데 ||| ..............?공감이 일도 안됨 ||| 먼소리야 왕복 4시간인데 죽을거같은데 ㅋㅋㅋㅋㅋㅋㅋㅋㅋㅋㅋㅋㅋㅋ 아침수업잇으면 걍 늦잠자면 끝나는거님,,,하 ||| ㅋㅋㅋㅋㅋ통학하는 이유가 뭐겠어요 자취는 부모님이 반대하고 기숙사 살자니 학점이 안되고 그니까 어쩔수없이 통학하는거짘ㅋㅋㅋㅋㅋ",인물/블로그
YpYX7XRlGQw,엘리베이터로 가는 전생 최면유도문,설기문TV,"▶ 최면은 개인차가 크며, 최면 상태에서도 의식이 있기 때문에 깨어나지 못할까봐 걱정하실 필요 없습니다! ▶ 한 번에 잘 될 수도 있고 안 될 수도 있습니다. 편안한 상태에서 여러 번 시도해 보세요. ▶ 전생이 실제 있었던 일인지 입증할 수는 없습니다. 다만 여러분이 경험하는 이미지나 느낌들은 상징성을 가지며 현실과 관련되어 있을 가능성이 큽니다.  ▶ 이 영상을 통해 얻은 결과는 좋든, 나쁘든 여러분의 자발적인 선택에 따른 것입니다. 그렇기 때문에 무섭거나 긴장될 때 최면을 억지로 하지 마시고, 최면의 결과에 대해서 과신, 맹신하지 마시기 바랍니다. ||| 축축하고 흙냄새났습니다, 멀리서 보니 제 전생이 콩나물이였던것 같았습니다 신비롭네요 ||| 아저씨 말투 때문에 집중 안됔ㅋㅋㅋㅋㅋㅋ 난스탑으로 내려갑니다.... 스르를ㄹㄹㄹㅡㄹ를를 이 두번에서 깸ㅋㅋㅋㅋㅋㅋ ||| 최면준비 단계에선 몸이 무겁고 힘이 빠집니다. 그런데 전생으로 들어갑니다~ 하는 말씀이 들리면 그때부터 몰입이 잘 안되면서 아무것도 떠오르지 않네요... 엘리베이터 해보기전에 동굴,들판,구름,로켓,새해맞이,그리고 며칠전,집단체험 도 해보고 했지만 번번이 전생을 찾아가는 대목에서 자꾸 걸리면서 안되네요~ㅠㅠ ||| 덕분에 매일 빠르게 취침하고 있습니다^-^!! 불면증이었는데 효과 좋아요",인물/블로그
zUBjqgMWIRY,너프전쟁 : 한글날 // 코너 Korner,코너Korner,"*한글날 : 한글을 창제해서 세상에 펴낸 것을 기념하고, 우리 글자 한글의 우수성을 기리기 위한 국경일♡  재밌게 보셨다면 구독과 좋아요 부탁해요♡ ||| 2:49 다시 봐도 웃곀ㅋㅋㅋㅋㅋㅋ ||| 와 코너님 맵버들 어떻게 연기하신거죠? 항상 보면서 느낀건데 그 총 전투할때 진짜 저희 사촌동생을 보는것같아 연기할떼 공감,재미 등 다양하게 그짢은 시간에 영화 처럼 느낄수 있어서 정말 재미있게 게속 보고 있습니다!! 다음에도 너프전쟁 시리즈 게속 해주시면 감사할것 같습니다! 재미있는 영상 쭉 올려주세요!! ||| 1:12 총한발쐈음ㅋㅋ ||| 한글날, 좋은 취지의 영상이네요! 잘봤어용~~",인물/블로그
XnkAqoLZd9s,Oxford University Vlog || Worcester college X Mei-Ying Chow,Mei-Ying Chow,"""i don't do rowing i'd rather die""  literally me everyday at practice ||| I love how well these videos are edited! ||| I super love the thumbnail of this video! You look so cute! How awesome is the stairs! 😍  And goodness what a beautiful university! Overall I enjoyed watching this. 😘😘😘 ||| Sadly I haven’t visited Oxford before but it’s gorgeous!!💜 ||| Been binge watching your vlogs for the past hour now! Just wondered what do you use to edit your videos? 💖",인물/블로그
E1F7pHhOBjg,일상VLOG#31평범한 일상🌝 |백수 유투버의 하루 루틴| 손두부 Son Doobu,손두부Son Doobu,"영상 퀄리티가 날이 갈수록 좋아지네요 ||| 피부 진짜 좋으시네요......! 요즘 피부 스트레스 심한데 부러워요😭🙏🏻 헤어도 너무 귀염뽀쨕하세요💕 ||| 저도 영상 보면서 내내 손두부님 피부 좋다고 생각했어요,,♥️♥️ ||| 영상 잘 보고 가요...  좋은 밤 되세요~😆😆😆 ||| 손두부님 합창도 하시구 완전 멋져용 ~~!!!! 아고 ㅠㅠㅠ 많이 바뿌시죠 😭😭 천천히 즐기시면서 하시는게 젤루 좋아용 ~~!!! 그리구 피부 넘나 좋으시댱 💕💕💕",인물/블로그
CFNbRGg8m24,[샒의삶] 일상: 내가 좋아하는 것 VLOG / 일어나서 잠들기까지 평범한 하루 루틴,샒의 삶Serim's life,"진짜 유투브 좋은 영상의 정석이다.. 뭔 편집이 이렇게 물 흐르듯이 편안해여.. 센스랑 편집능력 둘 다 쩌러요.. ||| 브이로그 존나 잘하는 집 진짜 원조보다 잘하는 집... ||| 진짜 스킨케어 하고 싶어서 세수하는거 공감이요ㅋㅋㅋㅋㅋㅋㅋㅋㅋㅋㅋㅋ 지금 영상보고 급 세수하고 싶어져서 세수하러 갑니다..^^ ||| 자룡이 밥먹자 자룡이 밥먹자  자룡이 밥! ㅋㄱㄱㄱㅋㄱㄱㄱㅋㄱㄱㅋㄱ ||| 오늘은 평소보다 쫌 감성(?)st로 찍어봤는데 어떤가요...ㅎ 아 그리고 저의 새 친구 씽씽이가 처음으로 영상에 등장했네요.... say Hi,,,,,,",인물/블로그
460iFC9EQjs,"ENG) 미나명의 하루 ⚠️ Ep.1 첫번째 나의하루 - 모닝루틴, 원밀수업, 셀프편집, 유정이랑 데이트",Mina's TV 미나네TV,"Her little english slips in between speaking are adorable ||| omggg u made a choreo for ariana's song breathin?? im totally looking forward to this!!! ||| Why cant I look that good with no make up on ||| you could make videos about dance and giving advice in general plus, it'd be more interesting and fun to hear from a professional ||| Your so beautiful you don’t even need makeup      Honestly i cant relate",인물/블로그
uCahwHh401M,(Sub!) VLOG 🥗건강루틴 START & 요즘의 관심사 Healthy Routine Starts | kinda cool,kinda cool 아영,"Guys! Yuxin Wang❤️spent her time adding subtitle for all of you! I really wanna say thank you SO much, Yuxin. Love you! 💋😭 ||| 포미 앞에서는 목소리 톤부터 달라지는 아영녬,,, 둘다 너무 귀엽다💖 ||| 주말에도 쉬지않는 강아지에서 빵터졌네요ㅋㅋㅋㅋ 부지런한 개리니! ||| 브라질 팔로워가 한 명 더 있는데 말을하지 않고 한국어를 읽는 법을 모르지만 비디오를 보는 것을 좋아합니다. (나는 번역을 사용했다) 😍😘 ||| 분량 실화냐... 아영님이 부지런하실수록 행복해지는 구독자1인...💜🦄",인물/블로그
ZMPVSOgJRdI,"효녀 브이로그 | 백수의 하루, 집 밥 잘챙겨먹기 🍄✨ 커피와 디저트도 집에서 해결하는 집순이 일상 vlog",효녀HYONYEO,Your videos are so relaxing to watch after a stressful day! 💖☄🌹💕 Thank you so much for sharing these moments with us! ||| 나눈 땡초가 너무 좋다!!!!! 땡초는 아무것도 안해도 너무 웃기당!!! ||| 자주 만나서 너무 좋아요오오오❤ ||| 나른한 오후에 효녀님 브이로그라닛ㅜㅜ❤너무 좋잖아여ㅜㅜ ||| 땡초 귀여워😎😎😎  코하고 발바닥 핑크빛이  넘 좋네요,인물/블로그
4c6-gnSTkPQ,브이로그 vlog 의 뜻,소연재연,아하!감사합니다. 늘 궁금했는데.. ||| 심플한 설명 잘보고갑니다 ||| 아하~ 이런 뜻이었군요 비디오!,인물/블로그
dRCEzxn-kq4,요즘 매일 하는 모닝 뷰티 루틴 💕 Morning routine,So Young,유산균의 중요성 알고는 있었는데  안먹은지 엄청 오래되었거든요ㅠ  다시 일깨워주셔서 감사해요😄 여에스더 유산균  저도 구매하러 총총총.. ||| 언니영상은 꾸밈이없어서조아요ㅠㅠ가감없이 편안하고 재밋어요!!!😍 ||| 언니영상은 왜이렇게 재밋고 함께하는 기분이 들죠♡  블루베리 굴러가는거 귀여움ㅋㅋㅋㅋㅋ 진짜 피부좋아지신거같아요!! 부럽!  저도 언니닮아 이너뷰티에 힘쓰겠어요♡ ||| 언니 요즘 이런 영상 너무 좋아요 💘 이런 일상 생활팁들 너무 젛아요 요즘 외모가 강림하십니다 😊 앞으로도 쭉~~~~~ 많이 많이 영상올려주시고 팬들이랑 소통 많이 해주세요 감사하고 언니도 행복한 하루 보내세요 ❤️❤️❤️❤️ ||| 언니 알고계신지 모르겠지만 뚜껑같은거 잘 안열릴때 고무장갑이 짱이에요 헤헤 😊,인물/블로그
wfVXSVns4n4,[일상] 디바걸스 이러고 삽니다. (에라 모르겠다..) 눈뜨자마자 아침 브이로그,디바걸스,"2025에도 보는 사람?? ||| 이 영상 중독성 왜 이렇게 쩔죠 ㅋㅋㅋ 몇 번째 보는 건지 모르겠음 ㅋㅋㅋㅋㅋㅋ ||| 9:03에 디바제시카 언니 목소리가 보노보노 느낌이 나네 ""몰라.. 나 갈래"" 멘트도 보노보노 같애 ||| 이렇게 보니깐 강아지도 귀차니즘 있는듯하네요 ㅋㅋ ||| 저이거 몇번째죠 볼때마다 다른거 보는기분 절대 안질림",인물/블로그
6qbIsvZW3ps,[ENG sub] 10th VLOG by Ashley | 초보 고양이 집사의 하루,김고은,"안녕하세요, 애슐리입니다! :) 이번 영상은 조금 특별한 일상을 담아보았어요. 고양이 집사로서의 하루에 대한 기록입니다. 제 평일은 특별한 변수가 없는 한 항상 이 루틴으로 흘러가요. 고양이들은 규칙적인 삶을 사는 동물이기 때문에 저도 그에 맞춰 최대한 규칙적으로 지내려 합니다. 아직 갈 길 구만리인 초보 집사지만 언젠간 고양이님들을 잘 모시는 훌륭한 집사가 될 수 있겠죠...?  이번 영상도 시청해주셔서 감사합니다. 저는 10월 3일 하루에 대한 브이로그로 돌아올게요! 좋아요와 구독하기를 눌러주시면 좀 더 빠르고 쉽게 새 영상을 만나실 수 있습니다! 그럼 또 만나요! 안녕! ||| 냥이와 함께 산다는건 정말 많은 노력과 사랑이 필요하군요 전 역시 랜선집사로 충분핫것같아요ㅋㅋㅋㅋㅋ 그나저나 에버는 다리가 참 기네요 모델시켜도 될듯ㅜㅜㅜ ||| ㅜㅜㅜㅜㅜ애기들 넘 귀여워영...쭈물쭈물...ㅜㅜ 밥 기다리면서 개수대에 나란히...귀여웡... ||| 에버베러 진짜 넘 귀여워여,,,,ㅜㅜㅜㅜ 엉엉 오늘도 사조팔억번 웁니다 쓰담쓰담 쭈물쭈물ㄹ 당하는 고 먐ㅁㅣ 넘 조아욥ㅂ 흑ㄲ흑ㄲ ㅜㅜㅜㅜㅜㅜㅜ그리고 부지런한 모습에 인생회개하고 갑니다 ㅜㅜ 엉엉 💛💛💛💛 ||| 영상 볼때마다 느끼는거지만 정말 부지런하신것같아요!! 물론 책임져야할 애옹들이 있기 때문에 당연한 일이기도 하지만.. 말이 쉽지 실천에 옮기긴 힘들잖아요 😭 애슐리님 정말 멋지세요 오늘도 영상 잘 보고갑니다 ~~! 👍",인물/블로그
TsAswN90m3c,VLOG 하루하루 소중한 일상들이 쌓이고 쌓여 📆,Itsha잇샤,"우연히 보고선 몰아서 다 봤네요~ 긴 영상이 더 좋은것 같아요. 잇샤님의 일상 응원할게요♥ ||| 역시 열심히 사시는 잇샤님>.< 아침형인간 화이팅🤍🤍🖤🖤 ||| 잇샤님 오늘도 영상 너무 잘봤어용🥰  브이로그도 넘 재미있는뎅, 잇샤님의 메이크업 영상이나 (피부랑 화장 넘나 이쁘세요💙) 옷 추천 영상도 보고싶어요..❤️헤헿 그럼 월요일도 파이팅..😂 ||| 일상공유 넘 좋아요~ 잘보고 있어요~ 인코딩에 지치지 말고 쭉가즈아~ ||| 영상이좀길긴긴데 첨에 잇샤님꺼볼때염색되길기다릴때봐서 긴게더좋았음 은근 긴영상 중독됨",인물/블로그
EusLQMhthYQ,[집순이 VLOG] 흔한 집순이 다이어터의 하루! 매일매일 반복 다이어트 루틴 너무 흔함 주의,키젤 KIGEL,차분하게 말씀하시는 거 듣기 좋아요~~ 좋은 영상 잘봤어요! ||| ㅎㅎㅎㅎ 오늘 영상은 보는내내 맘이 편안해요ㅎㅎㅎ 요런 영상도 종종 올려주세요❤️ 잘봤어용! ||| 화이팅~,인물/블로그
hbC4y6zOfhA,3개월차 초보자취생의 하루일과vlog🐣 자취 일상 브이로그‼️ | 김무비 KIM MOVIE,김무비 MOVIEKIM,언니! 자취하면 좋은 점과 안 좋은점! 말하는 영상 찍어쥬세요 ||| 우왕 이런 브이로그 너무 좋아요 🖤 ||| 무비님 캡사이신은 액체는 맛이 쓰기만하고 음식맛도 해쳐서 가루타입 캡사이신이 더 맛있답니다😘 ||| 감자는 싹트기 전까진데 껍질 벗긴건 냉장고 야채카누기준 2주래요 ! ||| 감기 조심하시고 항상 이쁘시네요,인물/블로그
5rEBo-BUdr0,"#02 지구 리얼라이프 브이로그🌏 하루종일 엉망진창 요리와 먹방, 맥북 파우치 하울 [JIGU VLOG]",지구Jigu,,인물/블로그
B5Sj4z1UfJU,#11.내가 바라는 아침 일상은?   /미니멀라이프 브이로그/살림/,cardsu까르슈 살림,아침단상이 수채화 같으세요ㆍ 마음이 맑아지는듯 하답니다ㆍ ||| 출근하시는데 살림까지 정말 대단하세요!!! ||| 마음이 편안해지네요  까르슈님도 편안한 하루 보내셔요 ^^ ||| 오늘 처음 보게됬는데 영상이 너무 아름답고 편안해서 보는것만으로도 행복해지네요. 전 미국에서 27년째 살고있는데 집정리도 못하고 부지런하지도 못해서 집이 항상 어질러져있어요.  영상처럼 깔끔하면서도 따뜻한 느낌을 주는 인테리어를 하고 또 잘유지할수 있음 너무 행복할것같아요. 영상 감사합니다. ||| 항상 깔끔하고 정리 바로 잘하는게 대단해요 나도 본보기로 할게요,인물/블로그
N_eTciN264A,"에디터의 하루, 촬영장 VLOG! 사진과 영상은 이렇게 만들어요!",디에디트 라이프 THE EDIT,진짜 왜 더 안유명해지는지 궁금한 채널 .. ||| 진짜 디에디트 영상을 볼때마다 정말 제대로 즐기는 일하고 싶다는 느낌이 강하게 뽐뿌해주는거 같아요.  '나한테 맡겨진 일이니까 어떻게든 해야지'가 아니라 '이거까지 만족할 수 있을만큼 해보고 싶어'라는 열일뽐뿜이요. 언제나 영상 감사합니다! ||| 웹에서 봤을 때 역시 사진천재들이다..! 했는데 과정까지 보니까 영상천재들이시네요ㅋㅋㅋㅋ ||| 와ㅠㅠㅠ이런거 너무 좋아요ㅠㅠㅠ 멋져요!! 다른 분야 사람들의 일하는 모습 슬쩍 엿볼때 괜히 두근거려요! 이번 영상으로 저번 아이폰 레드 영상도 어떻게 찍었을지 대략 감이 오네요ㅎㅎ 가볍게 일하는 척 하시면서 최고의 영상을 만드는 디에디트 짱이에요!!,인물/블로그
GHKkvhllQPw,#다니엘웰링턴 #에펠탑 #라뒤레 파리 브이로그 🇫🇷 | 수지큐 SuzieQ,SuzieQ 수지큐,"옷이며 분위기며 진짜 모든게 찰떡💕 영상 볼 때마다 저까지 행복해져요. 대리 만족👏 ||| 항상 밝으시고 좋은 기운 주셔서 감사해요 ㅠㅠ 힐링되네요 ㅋㅋ 영상 자주 올려주셔서 감사합니다❣️ ||| 오랜만에 보는 코로나 이전 상황이 너무 그리워요ㅠㅠㅠ  얼른 이 pandemic이 끝나야 여행도 가고 할텐데요,,, 저도 정말 오랜만에 파리 다시 가고싶어요ㅠㅠ  이렇게 여행이 너무 그리운 마음을 언니 브이로그로 달래봅니다,,ㅎㅎ ||| 언니  너무  이쁘세여 보는데   영화같네요 ㅎㅎ ||| 언니 너무 좋아요ㅜㅜ보면서 힐링중이에요♡♡",인물/블로그
x9_47tystwU,#02) 한양대 공대생의 하루종일 공부만 하는 브이로그/[vlog],현준리,공대생의 하루종일 놀기만하는 브이로그 잘보고감니다~~ ||| 아주 잘봤어요^^ ||| 흥신소도 새벽까지 여나 보군요...🤔 영상 잘 보고 갑니다!!!!! (구독도 했어요••) 다음 영상 기대할게요 ||| 노래방 🎤짱잼이에요 ||| ㅋㄱㅋㄱㅋㄱㅋㅅ전기과 존잘남ㅋㅅㅋㅅㅋㅅㅋ근데 존잘 맞으세요,인물/블로그
Ew7zGPQcDXc,코스트코 추천템으로 보는 자취생의 하루 MY DAYTIME ROUTINE with Costco products,outoforbit 올빛,올빛님이 조용하게 얘기하는거 듣다보니 저녁을 차분하게 정리하는 기분이 들어요 ||| 보고만 있어도 차분해지고 좋아요~~ 언제나 잘 보고 갑니다! ||| 영상미가 날이 갈수록 느는게 보여요! 오프닝 넘 예뻐요 ㅎㅎ ||| 코스트코 냉동야채가 대박이네요 ㅠㅠㅠㅠ 맛없을줄알았는데 맛있다니 사봐야겠어욥 ||| 역시 하루의 마무리는 🍺 넘나땡기는것..🤭,인물/블로그
Lb0UWQq9d0g,일상 VLOG | 👩🏻‍⚕️의대생의 하루 (개강하고 집에서 보내는 일상),수야_mi_SUYA,건양대 근무하고있는 간호사에요 ~~ 보다가 익숙한 교수님 이름나와서 반가웠네요 ㅎㅎ 쌤이 나중에 자대오시면 되게 신기할듯 :) ㅎㅎㅎ 영상자주볼게요 ||| 왠지 의대생이라하면 코피터지게 책만 볼것 같은데 생각보다 사람사는것같은 여유로움도 느껴지는 영상이네용 ||| 멋있어요 의대생유투버라니 정말 신선하고 새롭네요 ! 앞으로 영상 자주 챙겨볼게요 많이많이 올려주세요 ☺ ||| 크 이렇게 좋은 영상 뿐만 아니라  다른 사람들의 고민도 일일히 댓글로 달아주시니  대박이네요~~~ 대학생활로 바쁘시겠지만 이렇게 영상 올려주시는거 감사해요^^~~ ||| 건양대 의대 재학중이시라니 너무 부러워요ㅜㅜ!!! 전 학종으로 건양대 제약생공 지원했는데 꼭 붙어서 학교에서 만나뵙고 싶어요ㅜㅅㅜ 영상 계속 챙겨볼게요♡,인물/블로그
vUhbPsyAOZg,[치앙마이 라이프#12] 하루종일 강만 보는 브이로그(feat.한달살기로 치앙마이를 오는 이유),Sara사라,봄 여름 가을... (미세먼지없는) 날 좋을때 댕댕이아들하고 한강가서 강바람 맞으면서 남산이나 북한산 바라보며 커피 한잔 하면 세상 다 가진 기분인데... 치앙마이가 그런 여유를 느끼게해주는듯하네요~ㅋㅋㅋㅋ ||| Thanks for coming !! ||| 여기가 진짜 맛집인가봐요 진짜 또오셨네요👍 ||| 우연히 여행유튜브보다가 단미님 치앙마이영상을보고있는데 힐링되는기분입니다...방콕갓을때도 여운이 되게 길엇는데 치앙마이 영상보는데도 상당히 힐링되네요 좋은영상감사합니다. ||| 이영상보고 핑강갔는데 넘좋았어요 혼자 노을보면서 걷는데ㅠㅠ 짱이였어용ㅎㅎㅎ,인물/블로그
_BAxoItu4Ak,"[VLOG] 주부 일상, 엄마의 하루",살림탐닉,저는 정리를 잘 못하는 편이라 마치 원래 거기가 자기자리인냥 딱딱 맞춰져 있는 안정감이 너무너무 좋아요! 그래서 그런지 마음의 안정까지 찾아오네요~ 구독하구갑니당💜 정리영상? 같은것도 언제한번 찍어주세요! ||| 요즘 20살짜리가 살림탐닉님 영상 쭉 돌려본다고 하면 믿지 않으시겠지만 요즘 자기전에 꼭 보다가 영상이 주는 안정감으로 인해 잠든답니다 ㅎㅎ 집안일 정말 잘하시네요 !! ||| 정리 진짜 못해서 매일 집안 둘러보며 한숨과 스트레스로 사는데 님의 영상보며 많이 배워야겠어요. 구독 좋아요 👍 ||| 너무 힐링하고 갑니다. 일하면서 살림하는게 너무 힘든데 살림잘하는 분들 보니 정말 너무 이쁘고 정리정돈도 잘하셔서 부럽기도 하고 여유롭게 느껴지네요 바쁘게 관리하시는거 알지만 ~~ 잔잔하고 이쁜 영상들 감사해요 저는 정리를 잘 못하는 사람이라 대신 대리만족 하고 가요 ~~살림도구들도 너무 이뻐요 ||| 진짜 편안함 끝판왕...ㅜㅜㅜ 요즘 살림탐닉 영상에 빠져 살아요 넘 할링돼요 음악도 잔잔하니 좋아요.. 일상의 작은 소음들도 넘 좋아요 💜,인물/블로그
8BH68iHyWtI,eng) 외출 후 잠들기 전까지 나이트루틴🌙 Night Routine : 스킨케어/꿀잠템/녹차라떼 | 혜봉HYEBONG,혜봉 Hyebong,"shes pretty with makeup but without makeup she looks like a natural goddess  😫😫 ||| im here with my cramps watching this and feeling relaxed ||| two words. aesthetically pleasing. ||| i dont know why but its so nice seeing someone who is as focused on scent as i am. i find that it makes the day or night a little bit better when you light a candle, spray some perfume, or just make the whole place smell nice!💘 ||| It's so nice to see people that has their life put together like this",인물/블로그
vd3hyp-8-5w,"효녀 브이로그(ENG SUB) | 백수의 하루, 집밥 잘 챙겨먹고 홈카페 하는 일상vlog",효녀HYONYEO,"📌 아까의 영상은 뒷부분이 짤려서 재업로드 합니다 댓글달아주신분들 죄송해요 ㅠ-ㅠ 📌 The back of the video has not been transferred, so upload it again ||| I am really glad of the English subtitles <3 now I totally CAN enjoy your videos:) ||| Yes finally English subtitles, now we can understand everything and love you even more!!! Thank you so much!! ❤️ ||| Thank you for the English subtitles!!! I usually watch your videos anyways because it’s so aesthetically pleasing and relaxing to watch but the subtitles are a great bonus!! Keep up the hard work! Love your videos!! ||| it's really hard for foreign youtubers to also cater for the English subscribers. I got to admit, you're doing amazing by providing us captions with English sub! I appreciate the hard work you put in to this channel it's not easy but you're doing great!💖💕",인물/블로그
EwszzyOVwn8,[인턴의하루] / #7 VLOG / 인턴생활 브이로그 / 0814 인턴업무,헛둘셋,"잘보고 있습니다😉 ||| 영상 너무 재밌어요>___< 구독 누르고 갑니당😉👍 대표님 명언도 새겨듣고 갑니다 총총...☆ ||| 아니,,, 영상 퀄리티 그냥 미쳐버렸다,,, 와우,,,좋아요 누르고 가요,,  저는 유학 브이로그 영상 올리고 있는데 제 채널도 한번 놀러와쥬세오,,, 헤헤 쁍!",인물/블로그
WhsnHID1Umk,"오눅 도쿄 일상 브이로그, 평범한 하루",오눅onuk,"오눅님 첫 영상부터 다시 봅니다 ❣️ ||| 지금이랑 사뭇다른느낌 ㅜㅜ 이때감성 너무좋아했어요... ||| 예전영상 보고싶어서 결국 처음부터 보고 있는 나란,, ||| 요새 마음적인 여유가 없어서 밥을 거르거나 인스턴트만 먹다가 오눅님의 이 영상에서 방울양배추 드시는거보고 내가 방울양배추를 좋아했지...라는 생각이 들어서 오늘 방울양배추랑 소세지랑 쯔유에 볶아서 밥해먹었어요ㅠㅠㅠㅠ항상 영상 올려주셔서 감사해요!! ||| 오눅님! 오눅님을 너무 늦게 알게 되어서 제일 과거 영상으로 와서 보고 있는데 이때에도 오눅님은 여전히 매력적이에요 쭉쭉쭉 차례대로 다 볼래요!🤍",인물/블로그
H9iIqFyXKHE,vlog#2 | 🏡 하루종일 집에만 있는 집순이 주부의 일상_ 런던브이로그,mija미자,리얼 혼밥 와닿네요~~집에 있고 싶을정도로 깔끔하고 인테리어 소품 모두 취저네요 좋아요~이웃~누르고 갑니다^^💕 ||| 이것저것 타다가 놀러 넘어왔어요! 런던 사시는군요 ~ 런던 부러워요...집도 깔끔하고 요리솜씨도 좋으시네요 ||| 집이 아기자기 깔끔하고 예쁘네요. 집만큼이나 아기자기하게 하루 지내시는 모습 보기 좋아요~혼자 있으면 식사 잘 안챙기게 될 때 많은데 맛있고 깔끔한 한끼도 예쁘구요^^ 런던에서의 일상 앞으로 자주 보러 올게요~구독하고 갑니다😊 ||| 우와 저희 부부도 영국생활 준비중인데 잘봤어요 :) 식물넘나귀여워요! ||| 인테리어가 엄청 아늑하고 포근해보여요 💕,인물/블로그
c5C0qoPQvtQ,[인턴의하루] / #6 VLOG / 인턴생활 브이로그 / 0813 인턴업무,헛둘셋,잘보고 갑니다아 저도 언젠가 인턴이 되겠지요...,인물/블로그
2cQEr7labco,VLOG 왕초보 쇼핑몰 대표의 하루 (브이로그/수정화장 꿀팁!),연선yeonsun,영상 편집 클래스.섬세하고요~~~♥️ ||| 연선님 영상 최고에요 구독 만명 갑시다!!!! ||| 쇼핑몰 영상 많이 올려주세욥!!! ||| 머찜    ^^ 영상 너무 좋아요 ||| 드디어 브이로그 실화냐 젤 신난 사람 나야나,인물/블로그
aSJOSqA8A28,[LUREN] 11월  하루종일 집에서 보낸 브이로그 | 집순이 | 평범한 나날,JAN,저도 내일 집돌이 모드인데! 집에 있는 영상보면 참 마음의 긴장이라고 해야하나 살살 풀리는것 같아요~!ㅎㅎㅎㅎ 군만두 좋아하는데...소리어택!ㅠㅠㅠㅠ,인물/블로그
4yyak8Sio20,"[vlog] 프리랜서의 하루, 브이로그 같은 하루다큐/솜블리노트",하솜새삶,100번째 구독자 ㅎㅎ 구경하고 갑니다,인물/블로그
mopd7UlAi1k,직장인 브이로그 / 워킹맘의 하루,정유부 junguvuv,유부 안녕!!! 유튜브서 보니 너무 반가워!!!! 와 진짜 대단하다ㅠ 영상 블로그 회사 애기까지 정말 대박 멋짐 🙆🏻‍♀️ ||| 멋진녀자 같으니👍ㅋㅋㅋ블로그만큼 구독자 많이 늘어나서 번창하길!  나두 곧 채널 오픈할듯ㅋㅋ준비듕ㅋㅋㅋ오늘도 잼게보고갑니다요😀 ||| ㅋㅋㅋㅋㅋㅋㅋㅋㅋㅋ24시간이 모지라~~ ||| 짝짝...굿 영상 ㅋㅋ 편집어떤걸로하나요 ||| 아니 뭐가있다고 이따가먹어??,인물/블로그
QoQRbNSUums,윤스의 하루 : 주말아침 김치볶음밥 만들기 브이로그 (home cooking vlog),윤스의하루,구독ㄴㅇㅅㅎ  ㅎ,인물/블로그
QBeyh2eV2eE,일상] 이사한 집에서의 하루 🌿 다이어리 소개 / 택배 언박싱 / 브런치 ★ VLOGㅣ제니크러쉬,Jenny Crush,후라이팬 저거 베이킹소다랑 감자전분 1:1로 섞고 물 살짝넣어 뭉쳐주세요!!  수분이 다 마르고 딱딱하게 뭉친 소다전분가루로 그냥 후라팬을 닦아요!! 그럼 후라이팬 싱처도 안나고 탄자국만 지워져요!! ||| 제니님은 항상 조곤조곤 진짜 예쁘게말씀하시는거같아요ㅠㅠㅠ전 맨날 대충대충말하거나 급하게말해서 부러워요😂😂 ||| 이사하셨구나~이사한집 인테리어어떻게하셨는지 홈투어 궁금해요 ㅎㅎ 다 꾸미구 보여주시면 정말 좋을것같아용~저도 혼자살면서 집꾸미기 재밌더라구요 ㅎㅎ 꾸미는것도 조금씩보여주세요~~ ||| 헉...! 제가 이 영상 정말 좋아해요!♡♡♡ 최소 2주에 2번 꼴로 시청하는 것 같아요>///< 약간 집순이의 하루!🌹 같은 느낌!!>< ㅋㅋㅋㅋㅋ 이 너무 편하면서도 한마디 한마디 말씀도 정말 예쁘게하셔서 귀정화 되는 기분이예여!😍 맨날 눈팅만 하다가 드.디.어. 댓글을 남겨요 ㅠㅠㅠ 죄송해여...허헣 댓글을 남기는게 약간 부끄럽기도 하고 어떻게 써야되는지 몰랐는데 요즘 조금씩 알아가고 있답니다! ㅎㅎㅎ 저는 집순이는 아닌데 2명 이상이면 놀러나가는 (?) 혼자서는 밖에서 잘 놀지 못하거든요ㅋㅋㅋㅋ 그래서 내가 한주 동안 집안에만 있으면 우울증 걸리는거 아니야!?!?!? 하고 지레 겁먹은 적도 있는데 제니온님의 이 영상을 보니까 집 안 혼자서도 즐겁게 하루를 보내시는 것 같아서 너무너무 힐링이 되요! *^^* 이 영상 본 후 방학 때 한주동안 집에서만 있어야하는 날이 있었는데 뭐 별거 아니던데용?😄 제가 너무 호들갑을 떨었어용 ㅋㅋㅋ 집 안이 너무 편했어요👍 그리고 제가 혼자서 이렇게 잘노는 사람이였나 깨달게됬어요 ㅋㅋㅋㅋㅋ 역쉬 이불 밖은 위험합니당 ㅋㅋㅋㅋ ||| 길어서 너무너무좋아요❣️ 브이로그 자주 올려주세요ㅠㅠ 짧게라도 제니님이올리는 브이로그영상 너무 좋아서 계속 돌려봐요😊 한상 좋은 영상 감사합니다!,인물/블로그
NXOr0b_GpfM,혼술로 마무리 하는 오늘 저녁 🌙 #스킨케어루틴 #샴페인 #수다 #영화보기 Skincare routine + wine talk 🌙,So Young,너무 공감해요...뭐든 그만둬야 할 때도 용기가 필요하잖아요. 도전할 용기 포기할 용기...둘다 중요한 건데 이를 잘 모르는 사람들이 있는것 같아요. 제 상황과 너무 공감되는 말을 내내 들려주셔서 들으면서 찡했어요ㅎㅎ 이런것도 너무너무 좋아요 ||| 요즘..영상분위기 예전 소영님 유튭초창기때 느낌이에요 그때보다 더여유롭고 너무 좋아요 소영님 특유의 편안한 분위기하고 조곤조곤한 말투때문인것같아요.. 나른나른~~♥우리모두..까르페디엠하자구용...🙈그리고 소공녀 진짜..영화너무좋아서 저는 2번정도 봤어용ㅎㅎ ||| 샴페인에 산딸기 퐁당 ㅠㅠ 취향저격 그리고 마냥 버티는게 좋은게 아니라 언제 끝내야하는지 알아야한다는거에 공감..  괜히 힘들게 버티다가 애매하게 끝내거나 허무하게 시간낭비만 하게 되는 경우도 있더라구요 ||| 진짜 메컵영상도좋지만 몬가언니랑 두런두런애기하는거 너무좋아용 ||| 저녁에 쉬면서 친구랑 이야기하는 느낌이에요. 편안영상 너무좋아요😍,인물/블로그
HoR5egKK0gI,잉여로운하루vlog ; 서울 갔다가 손님 맞이하기! / 요리 뚝딱뚝딱 / 일상브이로그,샨이TV,ㅠㅠㅠㅠㅠ삼겹살.... 배고프네요...... 집넘나 이뽀요💖 ||| 쿨쩡님 블로그보다 유튜브 구독해써영! 영상 마니 올려주세용ㅋㅋㅋ오늘 영상에서 립정보 알려주실 수 있나요? 조합이 이뿌다는!!! ||| 처음으로 댓글 다네요! ㅎㅎ 저도 이제 유튜브 시작하려고 하는데 진짜 말하는게 넘 어려운 것 같아요 ㅠㅠ 블로그도 유튜브도 잘 보고있습니다:) ||| 잠옷정보 궁금해요~^^,인물/블로그
Rewm1mOXhcE,Sang-A Vlog Ep. 02 목소리 최초 공개,Sang-A yonini,"아침에 듣는 라디오dj분 같은 맑은 목소리에요😍 ||| 사랑할수 밖에 없다..ㅋ ||| 누나의 목소리 너무너무 좋다요!!! 항상 누나 모습을 보면서~기분이 좋아져요~!!!😍 가끔 아주 가끔 기회가 된다면 또 목소리 들려주세요~ 😄😄🐶🐶 ||| 목소리  너무 좋으신데요 asmr로 나가도 성공할듯!!! ||| 소리도 예쁘시고, 예쁘네요.",인물/블로그
XO-vfYTtJq8,"[vlog] 고등학생 일상 , 학교 세면대에서 콜라가 나온다 !?!?!?!? #숏",최아영,워 온수는 콜라 냉수는 사이다 너무 부럽다 ||| 난 학생들이 세면대 개조해서 콜라 나오게 만들줄ㅋㅋㅋㅋㅋㅋㅋ와 개잘 만들었네 이러고 있었는데 ||| ㅏ나 진짜 콜란줄 알았.....녹물 나온걸 한번도 본적이 없어서...ㅋㅋㅋㅋ ||| 콜라먹어서 죽었다는 사람들이 이거 먹고 죽은거였나... ||| 콜라 사이다 도랏냐고 ㅋㅋㅋㅋㅋㅋㅋㅋㅋㅋㅋㅋㅋㅋㅋㅋㅋㅋㅋㅋㅋㅋㅋㅋㅋㅋㅋㅋㅋㅋㅋㅋㅋㅋㅋㅋㅋㅋㅋㅋㅋㅋㅋㅋㅋㅋ,인물/블로그
hrFzBW3Upo0,"Vlog 카페 투어하는 일상 브이로그. 서촌 빈티지 카메라샵, 마제 소바집 추천ㅣ동대문 크레페 매력에 빠지다!",mixmansion 혜진,안경 너무잘어울려요ㅎㅎ 빈티지는 뭐든 그냥 다소화하시네욬ㅋㅋ 혜진님의 소중한 영상덕분에 행복한 주말 보낼 수 있을것같아요! 때로는 발랄하고 때로는 차분하고 때로는 웃기기도 한 혜진님의 일상이 너무 소중하고 좋아요 ||| 크헝 혜진님 간곳은 다 가보고 싶어요 늘 너무 재밌는 곳만 다녀 💜💜 ||| 혜진님❤️❤️❤️오늘도 잘보고가용 TMI 인데 주말을 기다리는 이유 중에 하나가 혜진님 영상이에오 ㅎㅎㅎㅎㅎㅎㅎㅎㅎㅎ헤헤 ||| 으악 언니 영상에 나온 곳 뻥안치고 다 가고싶어요! 갈거에요! 특히 크레페ㅜㅜ 하루하루 맛있는거먹고 예쁜곳 다니구 일도 열심히하시구 친구들이랑 도란도란 지내는 모습보니까 괜히 제 맘까지 편안해집니다~~ 브이로그 자주 올려주세요♡ ||| 오늘도 영상 꿀잼이에용 ♥ ㅠ.ㅠ 안경완전 잘어울리시궁! 혜진님이랑 체리랑 완전 찰떡이에요!!!!!! 완전 혜진님 color!!!!!!!! 꺄앙 토요일밤 영상과 함께 행복하게 마무리합니당,인물/블로그
-kpr99pW_L8,#28 vlog | 일주일간 먹기만 하는 다정이의 일상 브이로그 ... | 캐논g7x mark2 언박싱 📷💕,다정이Dajung,"되게화목해보여여 아부지도귀여우시고 일본영상보다가 정주행중입니당 매력있는영상들이예요 ♥ ||| 하 아부님 넘 귀여우세여ㅠㅠㅠㅠㅠㅠㅠㅠㅠㅠㅠㅠㅠ화목한 가족이네요 💜 ||| 이 영상 편집 넘 재밌어요ㅋㅋㅋㅋㅋㅋㅠㅠㅡ 노래방에서 넘어가는 부분 진짜 킬포ㅋㅋㅋㅠㅠ!! 앗 글구 다정님 영상 항상 잘 보구있어요💖💖 댓글은 처음 남기는거 같아서 ㅎ ㅎ,, ||| 아 진짜 요새 저녁에 다정님 브이로그 정주행 하는 재미로 사는데 미ㅣ치겠어여 존웃 존잼ㅠㅠㅠㅠㅠㅠㅠㅋㅋㅋㅋㅋㅋㅋㅋㅋㅋㅋㅋㅋㅋㅋㅋㅋㅋㅋㅋㅋㅋㅋㅋㅋㅋㅋㅋㅋ ||| 다정님 먹는거만 나와도 브이로그가 너무재밌어요..맛집 정보들도 알차고..영상 자주 올려주세요❤",인물/블로그
M9CEMtWcJVk,캐나다 일상 브이로그 | 에어팟 같이 뜯어용 + 어쩌다 집순이🐰가 요즘 빠진 아침메뉴🥑,리미Limmy,안녕하세용 제시카님:) 그때 스벅에서 봤었을때 실물진짜!!너무 예쁘샸어요ㅠㅠ 다행히 제가 드린건 맛있게드셔서 기쁘네용ㅎㅎㅎ(성의없어보일까봐 걱정했어여ㅠ.ㅠ) 저도 갑잡스럽게 뵈서 너무 당황해서 말도제대로 못하구..ㅠ 지금와서 후회즁:(  나중에 꼭!다시 만났으면 좋겠어용!!! 좋은 하루되세용~~~^^ ||| 요즘 날씨 너무 좋지않나요? 레인쿠버 끝나고 여름을 맞이하니까 너무 설레고 행복하네요 ㅎㅎ진짜 하루하루가 너무 좋아용 ㅎㅎㅎ즐거운 주말보내세용 ||| 안녕하세요 스트레인저보고 브이로그구독했어요 ㅎㅎㅎ 븨로그 정주행중인데 와아 이때 디게 풋풋?하시네요ㅋㅋㅋㅋ 말씀하시는데 되게 귀여웠네욯ㅎㅎ  저도미국여행다녀온거 그리워하면서 보고있어욯ㅎㅎ 항상응원할게요! ||| 저는 요즘 너무너무너무 바쁘다가 오늘에서야 바쁜게 끝났어요 ㅠㅠ 너무 오랜만에 왔죠 ㅠㅠ집에서 쓰러진듯이 자다가 일어나니깐 언니 브이로그가 땋❤️❤️❤️ 에어팟은 어때요?? 저는 아직두 고민 중 ㅠㅠㅠㅠ......한국은 요즘 맨날 비오더니 오늘부터 드뎌 하늘이 갰어요 ㅠㅠ 거의 동암아 스콜 수준..... ㅠㅠ 언니 한국 언제오시나요...ㅠ 캐나다에서 만나신 분 부럽 ㅠㅠ 한국오면 만나는 자리도 있었으면..좋겠어요.😘저 유투브 보는 것도 거의 없어서 언니 보게되면 너무 신기할 거 같아요 ||| 제시카님 오늘 영상도 미모열일중! 에어팟 사서 좋아하는 모습 넘 애기같고 귀여우세요 :),인물/블로그
tdzeumeqhjE,[Eng]도쿄일상 브이로그 아침 먹는 일상. 직장인 출퇴근 하는 일상. Onuk VLOG WEEKDAY VLOG,오눅onuk,"저는 또 일상적인 영상 가지고 왔어요. 내일이면 또 한국에 가게 되서  하고 가야할 일이 너무 많은 것입니다.. 정신없지만, 그냥 저냥 흘러가는 저의 일상  재미있게 구경해주세요.  오늘도 시청해주셔서 너무 너무 감사드리고요, 곧 금요일이에요 여러분~! 소리질러~~~💖  아 맞다 여러분 햅삐 추석~되세요~~💞 (영상 끝이 안잘리고 길게 렌더링 됐는데, 수정중이니 양해부탁드려요) ||| 그립다 이 시절 오눅님 도쿄감성❤ ||| 다시봐도 너무 좋은 눅이 일상 ♥♥♥ ||| 다시 보는 2년전 오눅님의 영상..! 늦은 밤 오눅님 특유의 잔잔함에 지친 마음 회복하구 갑니당 💚 오눅님 화이팅 🙆🏻‍♀️💟 ||| 雰囲気というか、全てが好きでいつも見てます！ 料理もお上手でこんな暮らし憧れです😆",인물/블로그
WhsnHID1Umk,"오눅 도쿄 일상 브이로그, 평범한 하루",오눅onuk,"오눅님 첫 영상부터 다시 봅니다 ❣️ ||| 지금이랑 사뭇다른느낌 ㅜㅜ 이때감성 너무좋아했어요... ||| 예전영상 보고싶어서 결국 처음부터 보고 있는 나란,, ||| 요새 마음적인 여유가 없어서 밥을 거르거나 인스턴트만 먹다가 오눅님의 이 영상에서 방울양배추 드시는거보고 내가 방울양배추를 좋아했지...라는 생각이 들어서 오늘 방울양배추랑 소세지랑 쯔유에 볶아서 밥해먹었어요ㅠㅠㅠㅠ항상 영상 올려주셔서 감사해요!! ||| 오눅님! 오눅님을 너무 늦게 알게 되어서 제일 과거 영상으로 와서 보고 있는데 이때에도 오눅님은 여전히 매력적이에요 쭉쭉쭉 차례대로 다 볼래요!🤍",인물/블로그
wDjRa3caF7E,"VLOGㅣ직장인의 일상 브이로그 (ft. 요거트, 신전떡볶이, 교촌치킨, 김밥)ㅣniji",니지niji,육시 김밥 꼬다리  푸쵸  메추리알 신전 볼때마다 생각나요ㅠㅠ 좋아요 눌러주세요 알림 올때마다 또 보러오게ㅠㅠ ||| 오랜만에 다시 시청해서...언니 너무 그리워요ㅠㅜ 흑 ㅠㅠ 빨리 돌아와줘요 ||| 아직도 생각나는 사람...... 그리워요ㅠㅠ ||| 다시 보는 사람 저요ㅠㅠㅠㅠㅠㅠㅠㅠㅠㅠㅠ ||| 그리워서 다시보기.ㅠ,인물/블로그
Rq6MLuEa33k,직장인의 리얼! 🕥 24시간 일상 브이로그 / 아침부터 저녁까지ㅣ[vlog] [슬기],슬기 SEULKI,진짜 어른되면 이 언니 처럼 살고싶다.. 차 있고 고양이 있고 슬라임 있고 집 있고 직장있고 남자친구있고 예쁘고... 내 로망 ㅠㅠ ||| 언니 진짜 너무 이쁜 일상 사시는거 아닌가요?!?! 부럽네용~♡혼자 보낼수있는 시간과 일하는시간이 적절하게 섞여있는일상이어서 너무 좋은일상이네용!😊😊😊😊😊구독하고가요! ||| 퇴근하니까 머리에 웨이브가 생겼어요.ㅋㅋㅋ ||| 9:35 쯤? 카메라 쳐다보시는데 수지닮앗어요!!,인물/블로그
wfVXSVns4n4,[일상] 디바걸스 이러고 삽니다. (에라 모르겠다..) 눈뜨자마자 아침 브이로그,디바걸스,"2025에도 보는 사람?? ||| 이 영상 중독성 왜 이렇게 쩔죠 ㅋㅋㅋ 몇 번째 보는 건지 모르겠음 ㅋㅋㅋㅋㅋㅋ ||| 9:03에 디바제시카 언니 목소리가 보노보노 느낌이 나네 ""몰라.. 나 갈래"" 멘트도 보노보노 같애 ||| 이렇게 보니깐 강아지도 귀차니즘 있는듯하네요 ㅋㅋ ||| 저이거 몇번째죠 볼때마다 다른거 보는기분 절대 안질림",인물/블로그
WMKt2xZCny0,아파도 씩씩하게 먹고 일하는 일상 브이로그🐔,쏘이Soy The World,"귀여워요. 감기걸려도 에너지 뿜뿐 ||| 얼마 전 헬스ᆞ다이어트 기자가 감기 걸렸을 때, 잘 먹고 푹 쉬는 게 정말로 회복에 도움이 되는지 몸소 실험에서 기사에 올린 것 봤어요. 와! 직업 정신이 투철하신 분이구나. 감탄한 기억이 나네요😁 결론은 입맛이 없더라도 세 끼 꼬박 챙겨 먹는 게, 효능이 있다고 하구요. 건강 잘 챙기시고, 빠른 쾌유 팍팍~~ ||| 헉ㅋㅋㅋ😂쏘이님 저 이시간에 배고파서ㅠ한잔의식단 그린티 먹고있는데 이영상에서 나와서 놀랐어요 ㅋㅋㅋㅋ저는 이거 물에 타먹는건 맛없었고...우유에 타먹으면 존맛탱!! 히히 ❤️👍🥰 ||| 저도 시험기간인데 진짜 기침이 멈추지를 않아요ㅠㅠㅠ 아픈지 2주 다 돼가는데 저절로 나을 줄 알고 약을 안먹다가 금요일날 시험보면서 기침하느라 물을 한 교시마다 한 병을 마시는 제자신을 보고 병원 다녀왔습니당... 독서실에서도 그렇고 기침떄문에 미칠꺼같아요ㅠㅠㅠ 쏘이님도 감기 얼른 나으세요 :D ||| 헐 언니!!! 저도 보사노바 스타일의 재즈 노래 좋아해요💗💗💗 나중에 노래 추천해주는 영상도 찍어주세요🙏🏻🙏🏻 그리고...아프지마요오ㅠㅠㅠㅠㅠㅠ 아프신데도 밝은 모습은 너무 좋지만,  언능 건강 회복하세요오💛",인물/블로그
2ilQRm8sowI,"VLOG 일상 브이로그 l 맘스터치 인크레더블 버거, 택배 언박싱, 먹방",곰슈슈 gomshushu,왜케이뻐용~~ ||| 슈슈님과 미미님의 케미 넘 좋아요 ^^ 두분 러브스토리 영상도 만들어주세요~~[두분만의 이야기로 간직하고 싶으시면 않만들어주셔도 되지만 궁금해요 ^^) ||| 다꾸특집이나 일러스트캐릭그리는특딥같은거한번만들어주세요👏👏👏 ||| 긴영상 넘 감사해요♥♥ ||| 저도 맘스터치 처음 가서 인크레더블 버거 먹은 거 오늘 브이로그로 올렸는데 저랑 똑같으시네요~ 저도 감튀 맛있더라구요 ㅎㅎ 촬영도 잘 하시고 편집도 깔끔하네요 느낌 좋습니다 잘 보고 갑니다^^,인물/블로그
F3dG8Jf1QpU,일상 vlog#7 겨울 일상브이로그 / 카페도 가고 홈카페를 위한 그릇 쇼핑하기,LAND MiMi,영상 분위기 취저예요! 시라쿠스 검색하다 보고 갑니다 :-) ||| 아무도없는 눈 쌓인 놀이터가 왜이렇게 예쁠까요! 영화같아요 ㅠㅠㅠ 저도 홈카페 좋아해서 그런지 컵 그릇 눈에띄네요 예뻐요 정갈하고 :) ||| 눈내린 풍경이 너무너무 예쁘네요! 저도 엄청 눈을 기다리고 있는데 ㅜㅜㅜ 여긴 어찌 안오는지 ㅜㅜ 아파트 내에 있는 카페도 세상 너무 예뻐요! ||| 구입하신 사이트정보 알 수 있을까요? 저도 요새 넘이뻐서 여기저기 보고있는데 다양하게 있지않더군요ㅜㅜ ||| 추천 동영상 떠서 놀러 왔어요  저도 그릇 좋아해서 영상 재미있게 봤어요 영상이 너무 예뻐요 자주 뵈어요~^^,인물/블로그
g3wkFazZV48,"[뉴욕일상 브이로그] 샘플세일 쇼핑, 베이커리 맛집, 아보카도 샌드위치, 소소한 일상 I NYC Vlog",newkay 뉴케이,"작년 뉴욕여행 때 정말 많이 봤었는데 코로나인 지금, 그리워서 또 보고갑니다 ㅠㅠ 건강 잘 챙기세요 뉴케이님♥ ||| 자극적인 소리에 노출된 현실의 미디어삶에 꼭 필요한 컨텐츠네요. ||| 오늘 구독했어요 💙 이렇게 소소한 일상영상 + 일상의 소리들 너무너무 애정합니다 ☀️ 앞으로 잘 볼게요!!!! ||| 오늘 영상 처음 보게됬는데 너무 편안하고 느낌있어서 보기 정말 좋았어요!! ㅎㅎ 다른 브이로그 올리신것도 차근차근 볼거에요! 좋은 영상들 올려주셔서 감사해요! 구독버튼 저절로 누르게되네용!! Also was looking to see if you had an introduction video or Q&As but I guess you haven't revealed yourself yet! 되게 궁금하네요!! ㅎㅎ ||| 뉴케이님 영상이 자연스러운 소리들이라 너무 듣기 좋아요~ 뉴욕 놀러간지 오래됬는데 ㅠㅠ 조만간 가야겠어요🙊",인물/블로그
5IutUe2kt8U,큐영의 일상[vlog]화장품 방 공개+피부과후기+무신사+행사요정 큐영의 나혼자 산다 일상브이로그 l 쇼핑브이로그 l 쇼핑후기,큐영 QYOUNG,"✨순해빠진 바보, 천하의 바보, 바보중의 바보, 바보 곱하기 백!! 플로우 오일수 카밍스킨 댓글 이벤트 당첨자 4분을 공개합니다!✨  두둠*님   o3o12**@naver.com 김은*님   alskwl9**@naver.com 임*님      im**26@naver.com 아안녕**렵**님 dohyeo**222@naver.com  와우! 축하드립니다!!!  ✨정보수집의 메일을 곧 보내드리겠사옵니다 반드시 답장 해 주셔야해요 !  ✨만약에 당첨이 안됐어도 슬퍼말기! 이벤트의 기회는 앞으로도 쭉쭉쭉 있다는 것을 기억하세용!   ✨오늘밤 8시 브이로그 영상이 업로드되니 많은 시청부탁드려욥!!!  ✨큐영과 플로우 앞으로도 많이 사랑해주세요! ||| 끼많은 후배 친군데 세상 자랑스럽 ㅠㅋㅋㅋㅋㅋㅋㅋㅋㅋㅋㅋㅋㅋㅋㅋㅋㅋㅋㅋㅋㅋㅋㅋㅋㅋㅋㅋㅋㅋㅋㅋㅋㅋㅋㅋㅋㅋㅋ아 ||| 진짜 한국이 소화할수있는 인재가아니다..... 영어배워서 미국진출합시다...따흫... ||| 새벽다섯시반에 저 텐션이라니ㅋㅋㅋㅋㅌㅋㅋㅋㅋㅋㅋㅋ🤤🧡 ||| 카:큐티뽀짝 밍:깨발랄 섹도시발 스:영우오빠 킨:조금 시끄럽지만 괜찮아",인물/블로그
GeIMQ5f8F9k,VLOG] 일기 대신 브이로그 일상 이케아 차이나타운 먹부림 Ver.1 / 동화록,Asmr Donghwa,진짜 따뜻한 느낌 ||| 日本語の字幕つけました、ありがとうございます。 일본어 자막 설정에서 띄울 수 있어요! ||| 이런 조용조용한 브이로그 너무 좋아요... 마치 영화 한 편 보는 느낌! 소리도 너무 리얼하고... ㅠㅠ 많이 올려주세요... ||| 영상 진짜 진짜 예쁘다...... 2:24 뭔가 현실목소리로 다가와서 더 설레는 포인트 ||| 동화님 육성과 분위기가 너무좋아요,인물/블로그
P6pOfNVXoJ4,[진] 월요일 10분 남은 한 대학생의 일상 자취 브이로그 | 유튜브 유튜버 일상,일단전진,사실 군대 신체검사 때문에 서울 올라가서 주말에 녹화할 시간이 없었습니다 사랑합니다♡ 아 그리고 메이플 버닝섭 언제까지임? ||| 계속 생각나는 영상 그래서 꾸준히 찾아오는중 ||| 말투 너무좋아  전진씨 욕하는 모습도 멋지네 사랑해(덜렁덜렁) ||| 3:10 텐션ㅋㅋㅋㅋㅋㅋㅋㅋㅋㅋㅋㅋ ||| ㅋㅋㅋㅋㅋㅋㅋㅋㅋㅋㅋ의식의 흐름대로 ㅋㅋㅌㅋㅋㅋ,인물/블로그
t9RWM6fWnH4,[VLOG#01]선아의 일상 브이로그💕 장보고 촬영하고 핑돼산책하고 소소한 일상😆,선아의 하루 Suna's day,아고고 목소리가 살짝 허스키해지고 코막힌 소리가 나는데 그마저도 좋네요...감기 걸리고 구슬 아이스크림 사먹는 게 킬포인트...새벽에 깨있으니까 기침이 더 심해지셨네 영상 찍기 힘드셨겠다. ||| 선아님이 아프시면 저도 아파요ㅜ 건강 잘 챙기세요💪 ||| 선아님영상 분위기..너무...좋아요..!❤❤ ||| 선아님 체고오오오오옥ㄱ오오옥ㄱ!!!!!!❤🧡💛💚💙💜💟 ||| 이 언니.....귀여워.....일상이 귀엽당.....,인물/블로그
jGuE89hCoKA,"VLOGㅣ소소하지만 배부른 일상 브이로그 🍯 수다 (ft. 신전떡볶이, 서브웨이, 쌀국수, 김밥, 푸쵸, 스콘) ㅣniji",니지niji,"니지님!! Q&a영상 찍을생각 없으세용?! 언니한테 궁금한거 엄청많아요 ㅎㅎ ㅠㅠㅠㅠ 넘 이쁘시고 일상영상 사랑해용 ||| 니지님은 마음의 여유가 있는 분 같아요. 그 여유가 겉으로도 묻어나서 보는사람이 편안해지구욤👍 좋은감정에 크게 집중하려고 하신다는 말 오늘도 맘속에 크게! 새기고 갑니다🙆‍♀️ ||| 1년도 안되셨는데 3만명이나 구독자 모으신 니지님 진짜진짜 대단하세요..... 멋지셔요♡ 그만큼 니지님이 다른분들께도 좋은 에너지 밝은 에너지를 선사해주셔서 많은분들께 큰 힘이 되어주 인 것 같아요!!^^ 저 또한 그렇구요 ^0^♡ 그리고 니지님 영상보면서 제가 소중한 것을 배운게 있는데, 일상 사소한 것 하나하나에서 행복을 찾으라고 말씀해주신 것을 항상 떠올리면서 사소한 것에서 행복을 찾으면서 기운내고 하루하루 으쌰해서 지내고 있어요 니지님 영상을 접하기전까지는 일상이 따분하고 스트레스였는데 점점 긍정적인 파워로 차곡차곡 쌓여가는 것을 느껴요 ㅎ_ㅎ 항상 감사합니당 니지님이 영상에서 표현하려고 하신다하셔서 저도 이참에 니지님께 저의 마음을 표현하고싶었습니닷 히히♡ ||| 니지님따라서 그당시 풀볼펜 산 일인 ㅋㅋㅋ 그때는 니지님이 엄청 어른이라고 생각했는데 지금 와서 보니까 완전 애기자나!!!ㅋㅋㅋ ㅠㅠ 지금 결혼하시고 애기도 완전 기엽고ㅎㅎ 건강하세요  전 여기 좀더 머물겠습니다ㅋㅋㅋㅋ ||| 니지님... 언제 돌아오십니까.. 금요일이 아무런 의미가 없네요... 하 ..",인물/블로그
zqiYJ9EDsdA,[Eng]VLOG. 직장인 일상 브이로그. 고타츠에서 먹는 딸기모찌. 신오쿠보 한국마트 쇼핑,오눅onuk,"12:40 초 오눅님 ""참나""하는부분 왜이렇게 귀엽죠?😆💕💕💕💕 ||| 우와 신세경님이 추천해주시는 우리오눅님브이로그ㅠㅜㅠ💛 ||| 신세경씨 브이로그보다가 오눅씨 브이로그가 나와서 너무반가워서 글남기고 갑니다 메리크리스마스♡ ||| 신세경님유튭에서 오눅님 팬이라는 거 보구 엄청 신기하고 왠지 기뻤어요 😽👍 ||| 오눅님... 몰래 구독해서 몰래 챙겨보는 구독자에요.. 브이로그 보면서 항상 힐링 합니다.. 신세경님 도 오눅님 챙겨 보신다고  오늘 올라온 영상에서 오눅님 팬이라고 그러시더라구요! 뿌듯 합니다..!!올라오는 브이로그 항상  감사히 광고 스킵없이 보고있어요!! 메리 크리스마스에요 !!ㅎㅎ",인물/블로그
k1W4UadEUGo,[VLOG] 스타필드에서 혼자 쇼핑 / 친구 생파 / 수련회 답사가는 일상 브이로그,터민,영상 다시 올려욤! 희희 오늘도 저의 일상에 함께 해주셔서 감사해욤 여러분♡ ||| 오늘 영상 뭔가 힐링됩니댱...♡ 비지엠 쎈쓰 완전 쩌러쩌러 ||| 터민님 여전히 예쁘시네요💓 행복길만 걸어요오! 먹방 계속 평생 계속 보고싶어요 🙉🙈 ||| ㅋㅋㅋㅋㅋ 목사님 센스만점! ㅋㅋㅋㅋㅋㅋㅋ ||| 터민언니 브이로그 너무조아여~ㅎㅎ잘보고있어염❤,인물/블로그
oUiZxu7YyiM,[Eng]오눅 직장인 일상 브이로그. 마카롱에 빠진 직장인. Onuk Tokyo VLOG,오눅onuk,"여러분 안녕하세요,  저의 평범한 일상 들고 왔어요  #직장인 #데일리눅 과,  뚱카롱에 빠져서 허우적대고 있는 저의 일상도 보실 수 있습니다. 이번에 한국가면 어디 뚱카롱을 뿌실지 열 리서치 중이에요..    주말엔 역시 제일 여유롭게 아침 해먹구요, ayde의 #UNLABELED F/W 신상품 언박싱도 함께 해주세요~   그럼 오늘도 영상 시청해주셔서 감사하고요, 저는 또 재미있는 영상 들고 올 수 있도록 해볼게요~! ||| 퇴근하실때 에스컬레이터 타고 내려가는 오눅님의 발이 조금 신나보여서 기뻤어요 : D ||| 전 오눅님 영상에 빠진 직장인 🤣🤣🤣❤️❤️❤️ 오늘 영상도 너무너무 감사해요 💪🏻💪🏻✨✨✨✨ ||| 오눅님 항상 잘챙겨드시는데 왜살이안찌시죠?!! ||| love your lifestyle so much😍",인물/블로그
ADmg-hySpZg,하나만 갖고 싶다! 소장각 예쁜 쿠션 모음｜다다뷰티｜,다다뷰티 DADA Beauty,헤라쿠션 너무 이쁘다ㅠ 비싸게 생긴 것들만 있네..... 통장 털려ㅠ ||| 저기 나오는 손이 더 이뻐보이는건 기분탓...? ||| 저렴이 1도 없어♬♪ ||| 여러분운~~헤라쿠션은 비주얼두 깡패지만 발림성도 깡패🕵️‍♂️다 좋아요♡♡ ||| 문샷쿠션도 존예입니당....,인물/블로그
U-AfumN5Q0s,"[VLOG] My Usual Breakfast Routine 소소한 아침일상_미국,브이로그",MINEE KIM,자몽상이세요ㅠㅠ 클로즈업해도 부담은 커녕 넘넘나 상큼하신 ㅠㅠㅠㅠ ||| 영어로 말하는데 언니 넘나 치명적이시네요ㅜㅜ 이런 일상브이로그 넘 좋아요 아침을 같이 맞이하는 기분~ ||| 0:53 여기서 진짜 뿜었어요ㅋㅋ 귀여우셔ㅋㅋㅋㅋㅋ ||| 모델상이다 .... 기회가 된다면 메이크업 영상도 찍어주세요 !!!! 예쁘세욤 ㅜㅜ ||| 한국인이든 미국인이든 왜케 쿠션없이 물어보냐 무례한 댓글들 넘 많네; 분명 동양인처럼 생겼는데 영어를잘하네? 한귝인?미국인? 이런이유로 물어보는것도 외국에선 민감한 소재라는 걸 좀 알아줬으면 좋겠네요..,인물/블로그
2XMYxZtookA,"일상 VLOG | 🧸언니와 서일페에서 폭풍 소비하고, 베이커리 그리고 이자카야에서 식사하기🥖",수야_mi_SUYA,인생 너무 재밌게 사시는거같아요... 스크린에서의 모습은 밝지만 또 한편으론  호수 위 백조처럼 발을 얼마나 동동 돌리며 노력하고 계실지 짐작이 가기에 더 대단하신거 같습니다... ||| 오랫만에 영상이네요~~~^^ 자주좀 올려주세용~~^^  많이 기다렸어용~~~👍🏻 ||| 헐 대전 사는데 이번 서일페 가려고 계획 중이었거든요 그래서 유투브 치자마자 나온 게 이거였는데 대전이라 완전 놀랐어요!!!!! 혼자 처음 가는 타 지역 게다가 서울이라 좀 쫄리지만 이거 보니까 조오금 편안해졌어요 영상 편집이랑 분위기가 넘 넘 예뻐요 차분하고😊 ||| 같은 꿈을 지닌 고등학생으로서 정말 팬이에요 ! 다음주 목요일부터 열리는 서일페에 가고 싶은데 혹시 좋아하는 작가님이나 일러스트레이터님 소개해주실 수 있나요 ? 영상 속에 소개된 것도 좋구요ㅠㅠ 너무너무 다 예뻐서 ||| 기다렸어요💓👏,인물/블로그
0HXOaY1_kPQ,[Eng]오눅 주말일상 브이로그. 고타츠 개시. 아스파라거스베이컨 주먹밥. FreshService headquarters쇼핑. Onuk Weekend Tokyo VLOG,오눅onuk,"도대체 남의 일상이 뭐라고 이리 재미있는걸까요? 오눅님만이 갖고 계신 개성과 따뜻한 느낌이 정말 좋아요, 음식이든 옷이든 생활의 곳곳에 묻어나니까 모든게 '오눅스럽다'가 돼요. 뭔가 쇼핑하거나 걷다가도 와 이건 오눅님 스타일이다! 이러면서 동생이랑 오눅님 이야기를 나누네요 ㅋㅋ 재미있게 잘 봤습니다 코타츠 지옥으로의 입성... 너무 포근해보입니다ㅠㅠㅋㅋㅋㅋㅋ ||| 오늘 정말 소소하디 소소하지만 주옥같은 장면이 넘 많아서 시간가는지 모르고 봤네. 그리고 또 봤지. 코타츠 다시 설치한거 축하해! ||| 毎日見るくらい本当に大好きで、色々参考にさせてもらってます！ これからも応援してます😆 ||| 영상이 너무 활기차요  그저 넋놓고 바라봤다는.. 색깔들이!   영상미가  ! 와우!!  초콜릿 살때면 눈을 떼지 못하게 되는  상황이 오네요 ㅋㅋ ||| 今回も楽しませていただきました。 こたついいですね〜！ そして毎度のことながら素敵なお店を見つけるのがお上手で羨ましい…。 次回も楽しみにしています。 また日本語字幕も付けてください！",인물/블로그
iUuT6-Txl-k,"옥탑방에서 깜짝 생일파티 브이로그 일상🎂 대학교 친구들과 옥탑방 파티룸 고기 파티 , 깔라만시 소주 만들기 , 대학생 친구 생일케이크 꾸미기 일상 [신별]",신별 ShinByul,2:35 너야... 목소리랑 갑자기 너야 하는거 왜케 설레지...? ||| 즐거운·파티에^^ 생일파티까지  좋은하루~보네셨네요^*^~   덕분에  오늘도 즐감합니다😇^^~♡ ||| 신별언니 웃는 거 정말 예뻐요 💗 작년부터 쭉 구독하고 있던 사람이예요 누가 뭐래도 언니는 웃는 게 가장 예쁘니깐 항상 웃음만 가득하시길 바랄게요 ♥️😇 친구분도 생일 축하드려요 🙏🏻 ||| 생일 축하드려용!♡ 넘 이쁘세용~~ 오늘 영상도 잘보고 갑니닷 ||| 우왕 다들 엄청 친해보여요!! 영상 잘 보고 갑니다!,인물/블로그
iv6CuqQi3QM,캐나다 일상 vlog | 올데이 레이니데이😂☔️,리미Limmy,"리미님 항상 주변사람 챙길때 행복해 보이고 진심이 보여요~예쁜마음♡ ||| 저번 눈썹영상 보고 똑같이 다듬었다가 인생 눈썹 됐어요😊감사해요!ㅎㅎ오늘도 영상 감사해요~뉴욕 여행 중이시던데 남은 여행 안전하고 재밌게 하다 오시길 바랄게요! ||| 제시카님 진짜 부내나게 예쁘심ㅠㅠ ||| 미국 브이로그도 얼른 올라왔으면 <3 기다렸어요~~!! ||| 올해 고등학교 졸업하는 고3 학생입니다! 영어쪽으로 진로를 생각하고 있어서 캐나다 vlog를 몇 개 보던 중 어제 언니 영상을 보게 됐는데 영상도 재밌고 활동적이셔서 카페나 레스토랑, 마트, 거리 막 다양하게 보여주시는 덕에 뭔가 간접적으로 캐나다를 이곳저곳 많이 접한 것 같아서 좋아요ㅎㅎ 언니도 짱짱 예쁘시구 ㅎㅎㅎㅎ 시험기간인데도 영상 어제오늘 6개 정도나 봤는데 정말 다 재밌구 이것저것 매일 조금씩 찍어두신 덕에 하나도 안 지루하고 완전 좋아요! 😊😊 계속 언니 보면서 연예인 누구 닮았는데... 하고서 생각해 보니 차오루 씨도 닮았는데 일본 배우 아시하라 사토미 분 정말 닮았어요! 그 분이 일본에선 김태희 배우 급이라는데 뭔가 언니 웃을 때 닮은 것 같아욯ㅎㅎㅎㅎ 아아 글구 마지막으로 언니 저 영어로 외국인 분들이랑 대화하시는 거 중간중간 좀 더 많이 넣어주셨음 좋겠어요! 회화 대리만족 겸사겸사랄까...? 헿ㅎㅎㅎ 앞으로도 영상 쭉 많이 찍어주세요 감사해요 💖💖💖",인물/블로그
EnTB0wT3Oxg,"정이의 브이로그, 일상 :) 셀프로 하는 빈티지 인테리어_ 1탄(빈티지소품소개) l 넘치는정 Hyunjung",Hyunjung넘치는 정,꺄 저도 빈티지랑 냥이랑 넘 좋아요...😘 ||| 캣타워랑 진열대 위치 바꿔도 냥이 키우는 집 인테리어로 나름 괜찮을듯요 냥이들 호기심 많아서 높은데 올라가서 창밖 구경하는거 완전 좋아라 하는데 좁은 방안에서 넘나 심심해보이능... 불쌍해요ㅜㅜ ||| 영상잘봣습니다❤️ 혹시 신촌빈티지소품가게어딘지 알수잇을까요?? ||| 신촌 어느 소품샵인지 알려주실 수 있나요?,인물/블로그
KOCuEaOOr7U,샌디에고 빈티지 최애샵 쇼핑 같이해요 :) 미국 일상 브이로그｜vintage shopping with me,혀니hyunie,"걷다보면 운동도 되죠~ 저의 취미가 쇼핑의 거리 걷고 또 걷기예요.  억지로 운동하기 보다는 이쁜물건 구경하면서 걷는 일 정말 좋아요.  혀니님, 보신 스카프들 다 이쁨!! ||| 와년도별로 나눠주고.. 너무 좋은공간이네요❤️❤️❤️ ||| 혀니님 100명 넘은거 축하드려요!!!!!💜이거때문에 계속 채널 들낙날락거렸어요 ㅎㅎㅎ그사이에 1분이 더 구독하셨지만.. ||| 혀니님 저두 빈티지 넘 좋아해서 이번브이로그도 재미나네요💛 저번에 올려주신 로즈보울 플리마켓도 꼭 가볼거예용😆⭐️ ||| 빈티지를 너무좋아해서 유투브도 찾아서 보다가 이제 발견했네요~^^ 샌디에고 너무 좋아하는 곳인데 거기에선 빈티지 가게를 아직 못가봤네요..샌디에고에 가면 꼭 가봐야겠어요~  앞으로도 기대할께용~♡♡",인물/블로그
hrQIgMLvtxI,"[Eng]오눅 도쿄일상. 빈티지 악세사리. 컨버스 택배. 빈티지마켓. Onuk Vlog, Austraila Cereal, Unboxing, Vintage Market.",오눅onuk,"안녕하세요 여러분~ 저는 일상으로 돌아왔습니다. 돌아오자마자 빠르게 적응 완료 했구요..  예전에 싣님 인스타에서 보고 추억소환된 시리얼인데, 제가 호주에서 정말 맛있게 먹던 뉴트리그레인이라는 돼지코 시리얼을 한국에서 사왔어요.  연휴때 한국 가기전에 네이버스토어에서 구매대행했는데, 한 10박스 사올걸 후회중 입니다.. 혹시 돼지코 시리얼 구매 원하시면,  네이버쇼핑에서 뉴트리그레인 시리얼 검색해 보시면 나올거에요~  ----  저 곧 10만 구독자님들을 앞두고 너무너무 떨리고 기쁩니다... 늘 저의 지루한 일상을 시청하러 와주신 여러분들, 구독 해주신 여러분들, 처음부터 눅이꾼이 되주신 여러분들, 소심한 관종인 제게 이런 큰 사랑을 주셔서 감사합니다..  제 삶의 낙이 되네요 ㅠㅠ  10만 기념 인스타 라방은 주말에 하려구 해요, 수다떨면서 함께 해요. 놀러와주실거죠? 라방 시간과 날짜는 커뮤니티에 곧 공지를 띄우겠습니다!  그리고 Q&A!  저에게 궁금하신게 아직 있으실지 걱정되옵니다만, 몇 분이 요청 주셨던 Q&A를 댓글로 남겨주시어요. 몇가지 간단한건 인스타 라방에서 이야기 나누구요, 좀 길어질 것 같은건 영상으로 준비를 해보겠습니다!   그럼 오늘도 편안한 오후 되시고, 맛있는 저녁 하세요! ||| 내가 오눅이 1번째 구독자였는데 10만명을 찍었다니  감격이다. 10만 캡쳐 못한 거 넘 아쉬우니까 100만명까지 가자! 히히히 ||| QnA 질문은 도쿄에서 가장 좋아하는 음식점과 카페 겸 찻집이 궁금합니다 ! 오눅님의 베스트 오브 베스트 플레이스요 ! 그리고 혹시 악세사리 소개랑 악세사리 주로 구매하는곳들, 악세사리 사는 모습 같이 악세사리 위주로 브이로그 하나 찍어주실 생각이 있으신지두 궁금합니다 ㅋㅋㅋ오눅님 스타일 넘나 찰떡이고 멋져요 ||| 드디어 Q&A를!! 10만 돌파 축하드려요! 이대로 구독자 수도 쭉쭉 성장하길🙏 제가 질문 하고 싶은 건 혹시 일본에서 일하시게 된 특별한 계기나 이유가 있나요?:) 아무래도 일본유학과 일본에서 회사를 다니는 건 큰 차이이고 힘든점이 많을 것 같아요. 일본유학을 생각하고있는 학생이라 일본 회사생활도 궁금해요☺️ ||| I was in my bad days ever one month or two ago, and your videos were the sunshine of my days, calming me and healing me...And today I see your words and feel like, wow, behind  the good sides of videos you must have experienced some not-so-good things, and it greatly encourages me because I realize even facing with so many bad things, life can still be beautiful like yours...Thank you Oni! Wish you all well and I'll keep following your videos as ever! And BTW, you're very popular in China but most of them just can't go here and tell you how much they (we) like you...Fighting!! Thanks again for your videos!",인물/블로그
hJJULzMZB2Y,"무인양품 쇼핑, 도쿄 중고샵, 길냥이 만나는 일본일상 브이로그 | tokyo vlog",하해,처음에 깔리는 동숲 비지엠 좋네요ㅎㅎ 잘보고 갑니다! ||| 일본에서 혼자 사시는 분들 장 보는 영상을 보면 확실히 일본이 한국보다 혼자 사는 분들이 많아서 장보기가 좋은 것 같아요. 한국은 야채나 과일을 사면 양이 많아서 잘 안 사게 되거나 남겨서 버리는데 말이예요. ||| 일본에 가면 항상 도쿄를 가보고 싶었는데 분위기 너무 좋아요:) 자주보러올게요 ! 더 좋은 영상 많이 올려주세요 !! ||| 아 정말 마음 편해져요 정착하고 갑니다 ||| 해리님! 혹시 큐앤에이 영상은 찍으실 계획 없나요?! 일본 생활에 대해 궁금해요 ⚡️🗯,인물/블로그
0SeIFwJbtE4,[v log] 일상1,Donghee,무슨 독립영화같아여 이 갬성 난 찬성~̆̈ 너무 좋당 ||| 미세먼지와 함께 라면드시는 갬성 좋습니다 ||| 브이로그 천재.. ||| 동히님 일상 브이로그가 더 asmr같은 기분은 뭐죠...? 좋다좋아 ||| 밤 속의 일상이랑 밤산책 너무 좋아요. 분위기가 소박하면서도 여유롭달까요..? 이런 영상 너무 좋아요-,인물/블로그
UY-QU_-r120,일본 유학생 일상 vlogㅣ일본 생활 브이로그,도하루dohharu,요즘 날씨가 추워져서 그런지 돌아서면 배가 고파요 - 이 시간에도 내일의 도시락을 생각하면서 배고파하고 있답니다 😭🥖 여러분들도 맛있는거 챙겨드시면서 추위 맞이 준비해두세요 !_! 오늘도 감사합니다 🥨 ||| 진짜 일본에서 살고싶어지게 만들어주는 영상... ||| 일본 잔잔한 영화보는것 같아요 ||| 불필요한 브금도 없고 잔잔해서 보기 너무 좋아요 🥰🥰 ||| 보고 또 봐도~ 너무 좋은 그림들~ 언제 다시한번 느긋하게 다녀보고 싶은 곳... 도짱 덕분에 열심히 살아서 가보고 싶게 만들어 주네요... 도짱 너무 좋은 분.. 내가 좋아 하는 스탈~ 나도 고구마 조아하는데~~~,인물/블로그
S_44TkXLq1o,일본 유학생의 평범한 일상 브이로그ㅣ고베 스누피 타운 쇼핑,도하루dohharu,영상 일기 업로드가 많이 늦었어요 😢 아직 안 주무시는 분 계신가요~? 이제 수요일이에요 ! 금방 다시 주말이 올테니 다들 조금만 더 힘내요 🧡 좋은 밤 되세요 🌙 ||| 볼 수록 정걸하고 깔끔한 이미지... 너무 좋아요~ 자연 그 자체가 너무 좋은데.. 봐도 봐도~ 도짱은 나의 힘 입니다~~  힘내세요~ 홧팅~~ ||| 세상에....그래놀라랑 콩디저트 패키지 ㅜㅜ❣️❣️❣️일본은 저런 섬세한 부분에 훅 치이는거 같아요ㅠㅠ 도하루님 영상보면서 올 겨울 고베 여행을 다짐하는 1인.... ||| 진짜 분위기좋은 브이로그는 처음 봐요ㅠㅜ 최고에요 ||| 영상이 넘 이쁘구 하나같이 다 개성있어서 좋아요..,인물/블로그
hCF5qW_Lkhk,"[VLOG] 직장인 일상, 노드그린 시계 소개, 원어민이 칭찬한 나의 영어 발음😛",선정스런하루,"영상볼 수록 볼매+멋짐+간지+예쁨이 가득하네여..! ||| 저날 온젠지알것 같아요 초승달이 진~~짜 이뻤던날ㅠㅠ오늘도 달이 너무예뻐용 ! 오늘도 소원빌면서 주말을 즐겁게맞이해용💙♥️🌙 ||| 언니 태닝한거 넘예뻐요 ㅠㅠㅠㅠ글구 협찬받으신 제품들 소개해주는거 스킵안하고 보게되는 유일한 유투버예요 ㅠ1도 안불편함쓰,,, 많이많이 버소서 ||| 이번영상 왜케웃겨욬ㅋㅋㅋㅋㅋ저녁 엎어지는거랑 볼터치 부분 현웃터짐 🤩 넘 잘보고잇어용 ||| 영어는 늘 배워야지 하면서도 생각만 몇십년동안 하는1인, 영어로 듣고 말하시는것보니 넘 멋져부려요~오늘 영상도 넘나 잘봤습니다~^^",인물/블로그
xGc5UE2f5x8,플라잉요가 aerial hammock,굿 애프터 뉸녜,쉽고간단한팁 알려주시네요 목소리 귀여워요~^^ ||| 목소리도 예쁘세요♥️ 오늘도 잘보고 갑니다😻😻 ||| 오늘은 설명도 있네요~^^ ㅋㅋ,인물/블로그
EIfsMBI2YMI,여고생의 하루 #3 남녀공학의 하루! / 학교 브이로그 / 일상 / VLOG • UBEEN 윱,UBEEN 윱,남자분 봐주시는거 너무 설렌다.. ||| 영지 님 오늘 고랩 나오신 거 봤어요ㅠ ㅠ 보다가 갑자기 생각나서 보니까 잠깐 코노 때 나온 영지 님 톤이랑 똑같아서...... 더 유명해지셨으면 좋겠다 파이팅 ||| 6:43 진짜 대박...o0o ||| 노래방에서 랩하신분 목소리톤 완전 대박이에요.. ||| 영지님 ???? 이영지 ???????? 고등래퍼에 나온 제가 제일 좋아하는분 그분 맞나요 ㅠㅠㅠㅠㅠㅠㅠㅠㅠ,인물/블로그
Xs78AFzR5v0,[일상 브이로그] 베트남 하울 간식 추천 + 크리스마스 먹방 mukbang 일상 브이로그 + 바비인형 + 고양이 VLOG,누룽지nooroonggee,안녕하세요~ 누룽지입니다^^ 다들 크리스마스는 잘 보내셨나요~? 저도 나름데로 잘 보냈어요 연말기분탓으로 요즘 엄청 먹었던 일상! 오늘 영상도 잘 부탁드립니다! 시청 감사합니다~~a  #누룽지 #일상브이로그 #vlog #쇼핑 #크리스마스 #고양이 #팥죽 ||| 팥죽 먹고싶어요~~^^ ||| 뒤늦게 누룽지님에게 푹 빠져버렸네요..❤️ ||| 영상 너무 좋아요 어머니 음식 잘하시네요 팥죽 비쥬얼 끝내주네요 ||| 너무너무 좋으신 어머님...🌼  요리도 넘 잘하시구 귀여우시긩 🌸💕 내년에도 더더 행복하게 보내시라긩⭐️,인물/블로그
ZgeCGIeO7YU,"vlog | 일상 브이로그 | 주말 집돌이 일상(샐러드, 로제 파스타, 카페, 책읽기-언어의온도)",seubi,진짜 영상 전부 봤어용.. 보면서 감탄만 계속.....이런 남자가 존재하긴 하는건가요..? 흑흑 넘사벽 매력을 가지신듯 ㅠㅠ !!!! 영상 많이 올려주세요 너모너모 재밌어용 ㅠㅠ ||| 오늘도 저와는 다른 인스타스러운 삶에 감덩하고갑네다.. ||| 안녕하세요 30대의 직장인 입니다 이번에 회사근처에서 홀로 자취를하게 되었는데 매일 유튭에서 여성분들 자취 브이로그 보다가 남자 자취생 브이로그 보니 너무 반갑고 좋은것 같네요 영상 처음부터 정주행해서 보았네요 매일 올려 주셨으면 좋겠습니다 언제나 응원할게요!! ||| 영상 다 정주행중인데 진짜 집밥요리 리스펙🙌입니다. 힘든하루를 마치고 집에 와서 신선한 재료들로 요리해먹을때 힐링이 되긴하더라구요. 다음영상들 기대할게요 ||| 인테리어랑 플레이팅이 너무 예뻐요 나중에 혼자 살게되면 이렇게  살고싶다~라는 생각이 드네요😊,인물/블로그
PvTt7-lGDUo,[장보기브이로그] 콜라겐듬뿍 명태껍질튀김을 만들었어요.  #일상브이로그 vlog #농협하나로마트,MunyangTV 문양TV,영상 정보 감사합니다. 수고했더레요~~ ||| 이런 팁 너무 좋아요..^^ ||| 다듬지읺고 그냥 하녜요  다듬을려니 손이 많이가서 다시는안해먹야겠다구 다짐했는데~~ ||| 전혀손질을 않으셨내요 꼬리 지느러미  손질히셔서  조그만하게자르셔서 다드으셔서하셔야지요 엉터리를 요리하시네요 ||| 말은많이하면서 실말은 별로없는것같네요 간단명로하게동영상을찍어야지 말소리는너무작게하네요,인물/블로그
FIf2DKD3H84,"오눅 도쿄일상 브이로그, 동네 드립커피전문 caraway, 네츄럴와인이 맛있는 루캬바레,",오눅onuk,"안녕하세요 오눅입니다. 일요일은 동네친구와 커피마시고, 저녁에는 일본친구들과 맛있는 와인과  음식도 나누어먹고 즐겁게 보냈습니다.  중간에 친구가 선물해준 엽서는 너무 선정적이여서 모자이크 처리 했어요ㅋㅋ 그럼 재미있게 봐주세요~ ||| 오눅님 영상에서 나오는 생활소음 너무 좋아요🔊 마음이 편안해져요 (녹는다아ㅏㅏ) ||| 보다보니 여기까지 다시보는중입니다.. ||| 말소리가 안들리네 말좀하라는둥 재미스런 자막을 노이해 하고 이런저런 댓글들을봤지만 오눅스타일로 쭉 가시길요- 소중한 일상, 그부러운것을 깨끗하고 맑게(?)보여주셔서 너무고마움이요:) 오늘부터1일-* 함께 산보해요! ||| 하리오 드리퍼로 내리는 커피 아 보기만해도 향긋 고소할것 같은 힐링이 따로 있는게 아니야♥♥♥",인물/블로그
R6ABmABK54M,Vlog 호주에서 신과함께 보다 ♪  / 멜번 나들이 브이로그  일상 브이로그 ｜호구의 일기,D AILY AUS,새미님 레드벨벳 예리 닮았어요.. 진짜 .. 그리고 가영님은 정유미요. ||| 점점 더 재미있어지는 컨텐츠에 시간 가는 줄 모르고 봤어여 ~~!~! 자주 업로드 부탁해여 ^^ 둘 다 넘흐 예부다 ㅠㅠ ||| 저두 엘에이에 cgv가있어서 신과함께 조만간 보러 가려구요ㅎㅎ 영상 너무 좋아요~~ ||| 샘2 너무 예뻥히히👍🏻👍🏻👍🏻 ||| 뭔가 꽁냥꽁냥 귀여운 영상이에요ㅋㅋㅋ 잘 보고 가용~~,인물/블로그
8DNLtLyzGvw,[VLOG]브이로그 일상 '남자친구'송혜교머리하러 미용실가다!!,카롱TV,첫 브이로그 축하!! ㅋ ||| 좋아요~ 구독~ 꾸욱 누르고 갑니다. 브이로그 재밌네요~ : ) ||| 헐 머리 잘어울려 ㅋ ||| 엄머 언니 머리자른게 훨이쁘네용 ||| 자른게 훨씬이뻐요,인물/블로그
8wYQ94efUAA,데일리 라이프 브이로그 ⭐️ 유럽 학생의 일상 (폴란드) | A Day In My Life In Europe ⭐️ VLOG December 2018,Hya Oh 햐오,"??한국인이아니네 ??(혼란) ||| 와 대박 외국인의 한국어 외국 브이로그...? ㅋㅌㅋㅋㅋㅋㅋ 대혼란 댑악 ||| 잘생긴 사람 있는 곳엔 항상 한국인이 있다는 말은 진짜 진맄ㅋㅋㅋㅋㅋㅋㅋㅋㅋㅋㅋ댓글 다 한국말ㅋㅋㅋㅋㅋㅋㅋㅋㅋㅋㅋㅋㅋㅋㅋㅋㅋㅋㅋㅋㅋㅋㅋㅋㅋㅋㅋㅋㅋㅋㅋㅋㅋㅋㅋㅋㅋㅋㅌㅌㅌㅌㅌㅋㅋㅋㅋㅋㅋㅋㅋ한국말 너무 잘 하세요😊 ||| 먼가 유럽은 전체적으로 이성끼리 잘 노는 것 같아서 신기하기도 하고 부러움 ..,, ||| 나래이션을 모국어로 말하고 자막만 한국어 쓸 수도 있는건데 한국어로 말까지 해주시니 자막보다 영상에 더 집중할 수 있는거 같아서 좋아요ㅜㅜ",인물/블로그
5rAW1S_Btto,[테슬라 모델S] 보안기능 / 차량전원 차단 후 실내상황 / 키팝 배터리 교환방법  (Tesla Model S),한테타 - 한국에서 테슬라 타기,제가 '제주도 여행 1편'에 댓글을 달았었는데 이번에 올려주셨네요 ㅎㅎ. 덕분에 도움 많이 되었습니다. ||| 재미있는 실험 감사합니다. 잘봤습니다~ ||| 역쉬~~ 궁금함이 해결되었습니다~ 감사합니다 ||| 기다렸어용~ ||| 경적 짧게 울리는 거 귀엽네요,자동차/탈것
nHvIfgRMRe0,[현대캐피탈] 자동차 생활 연구소 #5.새봄맞이 차량관리 노하우,현대캐피탈,,자동차/탈것
e7WUi4ZrS40,차량관리 한방에 해결하기!,이승현MinJaTV,속이 다 시원해지는 느낌! 돈이 문제지.... ||| 제 벤츠 디젤 청소하고 싶네요. 근데 전 미국 살아서 ㅠㅠ 미국 엔지니어는 이렇게 꼼꼼한곳 없는것 같아요;; ||| 처음 출고시 상태로 되돌아가는 기분이네요^^^ ||| 대단합니다. 제 렉서스도 한번 맡기고 싶네요.....먼데 계셔서....참.... ||| 디젤은 사랑입니다,자동차/탈것
W7xrc5bdl10,차량관리의 기본 엔진오일 교환 주기를 빨리합시다,장용석의내차를부탁해,"첫 자막 등장!!  진짜 시작이신가 봅니다~ 두둥 ||| 오일 교환 잘하겠습니다. ||| 5천키로마다갈면.. 이런일이 잘 안생기죠 기계는 거짓말을 안하니까요 늘 응원합니다. ||| 라디오 때 아이디 점검비용철저징수 입니다. ㅎㅎㅎ  저도 구독!  다시 라디오를 듣는듯합니다 ㅎㅎㅎ  얼굴도 뵙게되니 신기하네요 ㅎㅎㅎ ||| 정비후 엔진오일 한번 교환후 플러싱 한후 배출되는 오일 색상을 보니 어마어마 하군요. 디젤차도 아니고 가솔린차가 10분돌렸다고 저 짙은 흑갈색 색상이라니.  물론 플러싱 효과가 뛰어나서 묵은때를 벗겨내어서 그렇다고  생각도 들지만.. 와. 얼마나 엔진이 오염되었으면 저상태가 까지 나올까... 하는 생각이 드는군요.  한번 플러싱한다고 슬러지가 다 제거되는것도 아니고. 그렇다고 일정정도 주행하지 않고 계속 플러싱 오일 넣어서 제거하는것도  문제이고. 참.. 정비사 분들도 고민이 많으시겠군요.  플러싱 한후에도 혹시 아직 엔진표면에 붙어 있던 커다란 슬러지들이  스트레이너를 막아 버리면.. 와.... 생각만 해도 끔직하네요.  엔진오일 교환만 진짜 잘해줘도 차주의 비용,시간,스트레스에 시달릴 일도 없을텐데",자동차/탈것
TFfedZ-GV3E,차량관제시스템-IoT로 자동차 관리까지'…실시간 주행정보 수집   연합뉴스TV방송내용,LG유플러스 기업채널 다온씨엠씨,,자동차/탈것
O1A3SymCw0Q,[발품중고차] 차량 수명을 늘려주는 겨울철 차량관리 비법 대공개!!  #냉각수관리 #배터리방전예방 #타이어공기압,발품중고차,감사합니다 추운 겨울 건강 조심하십시오 항상 잘 보고 있습니다 열혈 구독자도 사랑해 주세요. ||| 편집 너무 잘하시네요!!! 저도 잘하고싶어요! ||| 자동차 배터리는 보통 6개 셀인데 초록등 확인창은 한개셀 상태만 비춰줘서 그게 초록색이더라도 배터리 불량인 경우가 있어 배터리 색깔은 그냥 참고일 뿐 이라고 알고있네요 ||| 자동차에 관심이 많은 저에게는 정말좋은 영상입니다 혹시 연비아낄려고 기어를 중립에 넣는데 그렇게되면 미션이고장나서 수리비용이 더나간다고 합니다. 사실입니까?,자동차/탈것
1Lx4A2MicMk,겨울LPG차량 관리방법,카피알중고차,Lpg자동차 드레인코크가 어디 위치해있죠? 개인이 혼자서 배출도 가능한가요?,자동차/탈것
WZVtCeQ1E-8,계절별 차량관리 방법 꼼꼼히 확인해주세요!- 국민차카매니아,카매니아,많은 도움이 되는 영상이였습니다~~~!! ||| 항상 유익정보^^,자동차/탈것
5tzdrLYGaR4,[한테타 테슬라 모델S] 에어서스펜션 설정과 차량의 주행진동 비교 (Tesla Model S),한테타 - 한국에서 테슬라 타기,"서스펜션과 진동의 상관관계를 실제 주행하며 실측한 소중한 정보 영상 이네요 덕분에 많으신 분들이 편견을 깰것 같습니다  그냥 편하게 테슬라 새소식 뉴스와 평을 영상으로 찍어 보시는건 어떻겠습니까?   테슬라 새소식을 소개하는 국내 유튜버는 없어 Now you know 나 tesla model3 Owners club, Teslanomic by Ben Sullins  해외 유튜버들 영상이 부럽더라구요 이해 못해도 그냥 볼때도 많습니다.  테슬라 국내 정식 1호 유저시니 테슬라 국내 뉴스 1호 유튜버도 제격이실것 같습니다. ||| 무게중심이 낮아질 수록 진동도 낮아지나 보군요. 흥미로운 실험 감사드립니다! ||| 잘봤습니다  제가 생각하기에는 진동폭이 높다고 승차감으 나쁘다 라고 이야기 하기는 힘들듯 해요.. 쿠션이 많아서 진동폭이 높아야 부드럽고 충격이 덜하다고 배워서요.. 서스팬션이 딱딱하면 진동폭은 적 작지만 그만큼 사람한테 느껴지는 충격은 강한거죠.. 저는 그렇게 느껴지는데.. 제가 레이싱차를 탈때 보면 강한 서스팬션이 사람에게는 충격이 많았고 서스팬션이 움직의 폭이 높고 부드러운게  사람한테는 충격이 덜하죠.. 다만 코너링과 주행성능에서는 떨어지겠지만..그래서 스포츠카나 고속 레이싱차들 보면 쇼바가 딱딱하죠.. 4wd같이 산악레이스를 하는 차들이 서스가 부드럽죠..워낙 굴곡들이 많은곳을 달려서~ ||| 트럭이나 버스를 보면 진동시 의자가 눈에 보일 많큼 출렁이는 걸 보게 됩니다. 이는 운전자의 피로도를 줄이기 위해 올라오는 진동을 상쇄하는 것이겠죠...  테슬라도 진동이 많으면 운전자의 피로도를 줄이는 것이고 진동이 적으면 서스가 단단해서 주행에는 도움이 되나 신체가 더 피곤하다고 해석이 됩니다. ||| 교수님인 줄~ ㅋㅋㅋ 진짜 세세한거까지 리뷰해주시네요. ㅊㅊ!!",자동차/탈것
jtQdB6IuZEI,테슬라의 위엄(제로백 2.4초),정천억TV,저모델은 p100d가 아닌 로드스터란 모델로 2020년 데뷔예정인 제로백 2.1초에 시속 400키로 이상 가능한 슈퍼카입니다. 주행가능거리도 천키로가 넘을 것으로 예상되네요. ||| 저 모델은 1.9까지 나오는 모델입니다 ||| 이거 사려고 열심히 일한다.. ||| 로드스터 아님?? 슈퍼칸디 ||| ??????,자동차/탈것
ZIoTZo8p12g,디젤 차량 관리 방법  (이건 반드시 알아야해!),이승현MinJaTV,"요약.  1.디젤차는 어쩔수 없이 카본이 낀다. 2.여기저기 유속이 느리면 더 낀다. 3.그 유속을 올리기 위해선 RPM을 쳐서 고마력으로 이끌기 보다 토크로 조져줘야 한다(RPM이 높을수록 높은마력이고, 일정구간 1500~3000(최고 토크 발생 구간)) 4.고알피엠 고속주행이 아닌 추월하듯이 후려준다(2,3단에서 부아앙해주는누낌) 5.DPF는 초고속 주행이 아닌 80~100느낌으로 오랜시간 주행이 최적이다.  결론. 카본때는 평소에 토크로 좀 조져줘라.           DPF는 고속도로 올라가서 80~100으로 오랜시간 조져줘라.           좋아요는 눌러주자 ||| 이런댓글 달아본적이없는데  말씀 정말 잘 하시네요. 이것저것 자동차관련영상보다 오늘 처음시청하게됐는데 완전 놀랐습니다 이렇게 누구나 알아들을수있을만큼 쉽게 막힘없이 자연스럽게 설명하고 듣기편한 말투와 목소리 그리고 속도와 텐션까지...  진심으로 좋은 재능을 가지셨네요 좀더 전문적으로 채널확장하셔도 좋을것같습니다 앞으로 꾸준히 시청하겠습니다 ||| 순간적인 가속능력 = 토크 고속 주행상태를 유지하는 능력 = 마력 예를들어 80km에서 100km를 10초만에 가속할껄 악셀 조금 더 세게 꾸ㅡ욱 밞아서 3~4초만에 더 빠르게 도달하는게 토크를 쓰는거임니다..  승현님의 이 말뜻을 깨닳는데 3달이 걸림..ㅠㅠ 그동안 알듯말듯 했는데 이제 확실히 깨닳았어요 ㅠㅠ ||| DPF 클리닝은 극악의 시내주행만 자주 하지 않는 이상 할 필요없습니다. DPF 에 쌓이는 재는 그대로 남는게 아니라 정상적인 재생을 해주면 재도 어느정도 같이 사라집니다. 그래서 별로 안쌓입니다. 정상적인 재생을 해준다면 25만~30만킬로 까진 그떡없습니다. 그리고 30만 킬로 정도 되어서 DPF 수명이 다되면 그냥 교환해 주는게 더 좋습니다. ||| 이해도 잘되고 너무 걱정할거 없이 관리만 잘해주면 디젤도 좋네요. 감사합니다~~",자동차/탈것
ARhOlVMvlxM,RFID를 활용한 차량관리프로그램,백지원,wow so amazing~!,자동차/탈것
aVdlhCIlhv0,"""봄철 차량관리 체크리스트"" 박병일 명장 / KFM 경기방송 ""자동차 이야기""",경기방송,,자동차/탈것
crQUC2wv5U0,차량 관리 정보의 모든 것! 디테일링TV를 구독해야 하는 이유!!!! 우리는 누구!!?,디테일링,긔욥다리 ||| 참여완료!!! ||| 참여완룡~ ||| 참여완료~ ||| 참여완료,자동차/탈것
uMWcfgkc1Tk,차량 실내 플라스틱 관리,Kim오신사,무슨 제품인가요?,자동차/탈것
T-pjOuJmOYo,안전과 비용 손실을 줄여줄 겨울철 차량 관리 팁!!,이승현MinJaTV,오늘도 선따봉 후 감상 ||| 타이어는 정말 맞는말입니다. 겨울철에 가장위험한길은 오르막이아니라 내리막과 커브길입니다 차가 뒤가날라가서 폐차해본경험이있는데. 안전에는 돈아끼는거 아닙니다 엔진과 미션에 돈아끼면 여러분의 차가 망가지지만 타이어와 브레이크에 돈아끼면 여러분 인생이 망가집니다. ||| 디젤차 타는데 계속 좋은 정보 영상 올려주세요~~ ||| 감사합니다 사장님 ㅎㅎ ||| 승현님 영상 보며 많이 배워갑니다~ 부동액 갈면서 수온조절기랑 라디에오터 캡 쪽 고무도 함께 갈아줘야겠네요.  혹시 가솔린계에도 승현님과 같은 실력좋으신 유튜버 분 계신가요? 추천부탁드립니다 ㅋㅋ,자동차/탈것
Uqd7dy6tIyM,동계 차량관리 tip,강원도민TV,안녕하세요 중고차딜러 김민석팀장입니다 동계 차량관리 잘 보았습니다 제가 개인블로그 하고 있는데요 이동영상 제블로그에 링크좀 걸어나도 될까요?,자동차/탈것
6fMFRkOAPqA,"르노삼성, 차량 관리도 이젠 개인 맞춤형 서비스..‘눈길’ |카24/7",카24/7,,자동차/탈것
JsKOmRNb5G0,[현대캐피탈]자동차 생활 연구소#2. 겨울철 차량관리,현대캐피탈,,자동차/탈것
9ivGrGG_Ycs,부산연지동착한정비윤오토(봄철차량관리방법),윤오토자동차정비,,자동차/탈것
Kf6lWwypFNQ,“스마트폰으로 간편하게 차량 관리하세요” |카24/7,카24/7,,자동차/탈것
7tI4qfx8YFI,(4차) 간편입력 차량운행정보관리,장기요양기관 재무회계시스템,,자동차/탈것
fR-z-Srr6kw,화물나르미 TMS 2.0  : [1-04] 기초정보 - 차량관리,재우스솔루션,,자동차/탈것
xaGBNZgJW4o,"""연료필터"" 관리만 잘해도 200만원 아낄수 있다는 사실?![겨울철 차량관리 Chapter2] [자동차의모든것-Car & Man]Fuel Filter Importance",자동차의모든것[Car&Man],"연료필터의 중요성을 알게 해주는 강의, 정말 잘 들었습니다~^^ ||| 와우~~~대박 잘보고 있습니다~~~♡♡♡ ||| 7~9만키로 타다보니 연료필터 교체 안한것이 기억나서 금년에 교체했네요 좋은 영상 감사합니다~~ ||| 설명 정말 감사합니다. 무조건 3-4만에 교체할 필요는 없네요. 서비스센터에 나와있는 교환주기가 7만이던데 최신팔터의 성능이 좋아져서 그랬던 거네요 ||| 겨울철 차량관리의 중요한 팁이네요 강의 잘 들었습니다. ^^",자동차/탈것
DBJ6qn4kBjM,테슬라 차량 계기판 액정보호필름 부착 방법,스코코,,자동차/탈것
JG5BUM-SbV4,"""봄철 차량관리 체크리스트"" 박병일 자동차 명장 / KFM경기방송 클릭정보와이드 ""자동차 이야기""",경기방송,,자동차/탈것
5xxuGT9Kwrw,테슬라 모델 S 타고 가는데 신호 위반 차량과 충돌 위험,Sungwon Jung,,자동차/탈것
cheKz0fN38U,"르노, 효율적 차량 관리 모바일앱 ‘마이 르노’ 런칭",자동차 뉴스 Top News,,자동차/탈것
ydKGUII6A_M,여름에 자동차 관리하는 요령,아낌없이 주는 나무 ,,자동차/탈것
R2DSyYPE9dw,겨울철 차량관리를 위한 겨울철 세차 꿀 팁!,카피알중고차,중고차 구입/판매할 땐? 중고차 무료 비교견적으로 꼼꼼하게 따져보고 거래해보세요. http://m.carpr.co.kr/excounsels.html?inputurl=carpr&pkgname=youtube&codeno=416,자동차/탈것
YTsikPPFzP4,센샤 차량관리제품,광주HARACOAT,,자동차/탈것
OepsSFsWq0E,고추커지는방법알려주세요,심심한남자,개쩌는방법 저는 알아냈습니다 여러분도 알고계신가요 ?? 도움이 됬으면 좋겠습니다 휴지는 많을수록 좋더라고요 ||| 개쩌는방법을 안내해드리겠습니다 잘 모르시겠다면은 저를 따라와주세요 도움을 드리겠습니다 참고하시어 즐거운하루되세요 ||| 좋은걸 올려주시어 감사합니다 덕분에 잘 해결했어요 비슷한걸 더 올려주세요 제가원하던겁니다 남자분들은 휴지만 있으면대요 ||| 걍 나이들면 다 커져요^^ 좀만 관심갖고 있으면 년마다 크기의 변화를 느낄수있을거에요^^ ||| 반갑습니다. 제가 괜찬은것들을 알기에 댓 남겨요 휴지만들고오세요 남자분들이라면 환영합니다,자동차/탈것
p6POjdcpmvw,자동차 충돌테스트   Y1000시공 전후 비교,제이피완진,,자동차/탈것
_BJIJZ8Ub50,"씨텍충전기,아트만충전기비교,AGM충전기,CTEK",ABCBIKE 렌치맨 (ABCBIKE),,자동차/탈것
rz56ZTCx3zU,차 빌릴 때 카셰어링 VS 렌터카? 어떤 게 유리할까?,머니랩 : 똑똑한 재테크 연구소,기자님 덧붙이자면 lpg이용하면 대전 강릉 왕복및 용인 코스로도 lpg 4만원 카쉐어링 기준 180 x 710km 12만원 가량입니다. 그냥 카쉬어링은 단시간 및 거리짧은 거리에 대단히 유리하고 렌터카는 대여시간 8시간이상 및 장거리에 대단히유리합니다 ||| 0:51 어디 뉴스 기자신줄 알았어요ㅋㅋㅋ 잘생겼다고요 ||| 쏘카는 믿고 거르세요. 고객응대 최악입니다. ||| 이게무슨 비교입니까... 대충 기름값만 해놨네 ||| 그런데 렌터카는 빌리러 가는 시간도 들지 않는지요? 카쉐어링은 지점이 많아서 더 쉽지 않을까요?,자동차/탈것
PjHOQkCjd_I,공냉식/수냉식 바이크 냉각장치 알아보기,알쓰리쑊 Moto R3ShocK,그리고 발음이 너무 정확하고 듣기 좋네요 유투브 자막 인식이 이렇게나 맞아 떨어지는건 처음봤습니다😎 ||| 정말 설명도 자세한데다 표정이 너무 환하셔서 너무 따뜻한 마음으로 시청했습니다. 감사합니다 ||| 음 여태까지 바이커 유투브 영상을 보면서 느낀건 쓸대없이 부가 설명이 많고 자신의 지식을 과시한다는 느낌이 들때가 많았는데 (그렇다고 그 지식이 정확하지도 않음) 이 분은 뭔가 바이크 학과를 나오셨는지 제대로 알고 요점만 정확히 짚어서 질의시간까지 영상에 넣으셨네요ㅎㅎ 아주 질좋은 영상 잘보고 배워갑니다^^ ||| 잡소리 없이 깔끔한 설명 듣기 좋고 이해가 잘되네요 ||| 깔끔하고 이해하기 쉬운 설명 잘봤습니다,자동차/탈것
f4rZEQBy0Q0,오토바이 광폭타이어 장착시 꼭 보세요 TIRE SIZE UP?,Frass프래스,천재천재~~   감사합니다 ~!! 좋은 정보 !! 역시 순정으로 그냥 살아남아야겠어요 ㅎ ㅎ ||| 정말 유익한 영상입니다. 광폭 타야 선택할때엔 휠 크기랑 같이 궁합을  꼭 봐야겠네요. ||| 폭이 넓어질수록 같은 회전각도에서 차체를 더 많이 눕혀야 하는 단점이 있지요. 엔진의 출력을 견딜수 있는한은 최대한 얇은 타이어로 끼는 게 유리합니다. ||| 물리적인 요소에 따라 조금 차이는 있겠지만 아크릴판 실험 충분히 납득되고 이해되는 설명이였습니다!!! ||| 눈높이에 맞는 설명 정말 정말 유익하고 감사합니다,자동차/탈것
-t7E9GIoBrw,"오토바이 브레이크 - 슈퍼듀크1290R, cbr125, s1000rr 등 브레이크 비교 [알쓰리쑊]",알쓰리쑊 Moto R3ShocK,"각 방식의 가장 큰 장단점이 빠진것같아 몇 자 남겨봅니다.   우선, 레디얼 방식의 가장 큰 장점은 브레이크 파워의 즉각적인 전달입니다. 캘리퍼와 브레이크 디스크가 수직으로 결속되어 브레이킹시 힘이 엑시얼 방식에 비해 즉각적으로 전달됩니다.  단점으로는 제조 단가가 비싸다 정도가 될듯합니다. 따라서 저출력, 저배기량 스쿠터 및 바이크에서는 쉽게 찾아볼 수 없습니다.   반면에 거의 모든 오프로드 바이크 그리고 BMW의 1200GS, 800GS KTM의 1190, 990 ADV 시리즈들은  고출력, 고배기량임에도 엑시얼방식을 채택합니다.  이는 엑시얼방식의 큰장점인 레디얼에 비해 ""유연한 브레이킹 파워의 전달"" 때문입니다.   엑시얼방식은 브레이킹 파워가 전달될때 토션이 작용하게 되어 레디얼 마운트 방식에 비해 더디게 전달되어 브레이크 파워를 컨트롤하기에 비교적 유용합니다.  따라서 고배기량임에도 비포장노면을 달리기성능이 고려된 ADV시리즈나 오프로드 차량은 엑시얼 마운트를 채택합니다.   브레이크의 레디얼/엑시얼 레버의 비교도 올려주시면 좋을듯 합니다.",자동차/탈것
v5p_hRvM_oE,기아자동차 Comp비교,Swy Cha,,자동차/탈것
TCeblwm76dg,[순식간단 비교] 어코드vs캠리vs그랜저IG 어떤 차를 살까?,더드라이브 TheDriveKorea,캠리 구형 사진 박아두고 어코드 캠리랑 비교할거면 그랜져 2.4랑 비교해야지 3.0이 왜나오냐 ㅋㅋㅋ ||| 캠리 구형 & 신형 짬뽕으로 자료 화면 이네요 ..왜그랬어요...좀더 디테일하게 조사를 하셔야죠 ||| 도요다 딜러에 써비스받으러 가면 근무하는 여자 남자 다들 친절함 렉서스딜러 써비스는 더좋음 고장나서 가는일은 거의없고 오일체인지 ||| 비교수치는 하나의 화면에서 동시에 볼수 있어야 합니다 ||| 이래서 기본지식 없이 자료만드는 애들은 걸러내야 함. 이런 머리론 회사 취직도 안 될 듯. 모닝이랑 K7이랑 차이가 뭔지 모르죠? 그냥 차대차겠지 ㅋㅋㅋㅋ,자동차/탈것
Q_-fe0veVGw,다이렉트 자동차 보험 비교!!!,정정희,,자동차/탈것
95p2YejkK8Y,"자동차 리스, 렌트와 할부 비교",jjang kia,노래소리 때문에 목소리가 안들려요~,자동차/탈것
AjkvXQeP5_c,울산뽀롱_배달대행오토바이_보이져_pcx_nmax간단한 비교,뽀롱,"잘들었습니다 ^^ 말씀하신게 다 정확한거같아요. pcx와 nmax가 시장을 양분하고 있는 상황에서 음식배달대행 말고 퀵배달 하시는분들이 보이저 여전히 많이 타시더군요.  대장 모델 둘의 가장큰 차이점은 브레이킹 성능이랑 원활한 부품 수급이라 생각해요. 솔직히 125cc 최고속도 따져봐야 도찐개찐 의미 없고, 게다가 골목길 배달일하는데 더 의미없죠..   이 일 하면서 절실히 느낀게 잘 가는것보다 잘 서는게 중요하더라구요. 엔맥 앞뒤 디스크브레이크+ABS 덕분에 아찔한 상황을 모면한게 한두번이 아니네요.. 급정거하는 벤츠 마이바흐나 각종 수입차들ㄷㄷㄷ 무조건 엔맥스 추천합니다  다만 고장이나서 부품 교체시 pcx보다 매우 불편하다고 해요.. 카페마다 불만글들이 많이 보이네요. 이건 엔맥스의 문제라기보다 야마하가 일을 안해서인듯.. ||| 아..행님ㅋㅋㅋnmax설명할때 웃겼습니다👍👍👍 ||| 2017 pcx125 타고있는 라이덥니다. 솔직히 내구성이나 연비는 pcx가 좀더 앞설지 모르나..nmax125의 타이어나 ABS 진짜 무시할수 없습니다.대행일이라는게 하루이틀할거 아니기 때문에 안정적으로 가는것이 맞는거 같구요..저희쪽엔 XMAX300이나  PCX125를 많이들 타는데..저희쪽 리스가 PCX밖에 안된다고 하더군요..그래서 많이들 타는데 PCX125가 타이어가 많이 커졌다고는 하나..제개인적으로는 아직 NMAX125를 따라 갈려면 멀었습니다.저도 만약 기변을 한다면 NMAX로 갈까합니다. XMAX급은 솔직히 고정급이 있거나 투잡을 겸하는 분들이 타야 유지가 됩니다.대행 특성상..비수기 성수기가 분명하기때문에요 음..개인적으로 비수기 성수기가 서로 다른 대행과 퀵을 겸하는것도 하나의 방법이라고 생각합니다.대행이 일이 없으면 퀵이 일이 많고 대행이 일이 많으면 퀵이 적고 그러는 경우가 많거든요.. 무엇보다...우리가 일을 하는 이유는 안정적으로 돈을 벌기 위함입니다.저도 얼마전에 콜잡다가 생전 처음 내과실로 사고를 냈네요 ㅠㅠ 안전운전이 첫째입니다.오늘만 돈벌고 말거 아니니 안전운전하시길.. ||| 엔맥스로 1년 대행해서 타본 소감장점- 묵직한건 엔맥스가 좀더 묵직하고 발판 다리 올려서 타는것도 더높게 발을 딛고 올려서 탈수있음  타이어도 앞.뒤 던롭타이어 장착.abs 장착.단점소감-헤드라이트가 pcx비해 밝기가  밝지 안음.연비도 pcx보다 좀 안좋음.스마트키 없음..키가 작은 사람은들은 타기 불편함..자체가 높아서 발에 땅에 닿지안기 때문에 눈길.빙판길이나 비오는날 아파트 지하주차장에서 위험함..키가 큰사람이 타기 좋음 저 키180인데 땅에 닿음..키가 170정도 대시는 분들은 땅에 안닿을수도 있음.. 오일은 1800~2000키로때 마다 15000원짜리로 교환 대행용은 연비좋고 스마트키가 있는 pcx추천.출퇴근용은 엔맥스 추천 ||| 두개다 대행 뛰면서 써봤는데. 앤맥스 피씨엑스 기름 피씨엑스가 덜먹고 앤맥스 패트 제가 일주일에서 10일 한번씩 갈아요 진짜.... 패트가 그냥 녹아요...",자동차/탈것
Gj2aQlpmFO4,썬팅비교(내차 썬팅하기전 꼭알아야 할 영상 ) 자동차썬팅,Jekal Tube,역시 썬팅지는 비싸야 되는건가? ||| 고가에 기준이 100만원 이상대 필름지인가요?,자동차/탈것
hf3vcjnAzLE,"팰리세이드 경쟁차량 제원, 유비지용 비교",DIGIYONG TV 디지용 TV,많은 도움이 되었습니다.. 좋은 정보..감사합니다... 구독..좋아요..꾸욱~~~ ||| 경쟁차종 비교차트 기가막히네.. 지금껏 그 누구도 이렇게 시원하게 비교한적이 없었는데 막힌속이 뻥뚤리는 기분입니다 ||| 펠리2t안넘지 않아요?,자동차/탈것
YnPyoSOq3Yw,오토바이 혼다 CBR250R VS CBR300R 비교 뭐가 더 나을까? 🤔,드사장,요약하면 디자인 말고는 나아진게 거의 없는데 보험료만 비싸졌다인가요 ||| 그냥 300알 타지마세요 알삼사시면되잔아요...돈 좀만 더투자해서,자동차/탈것
0p36Ud9S58I,싼타페vs쏘렌토 가격비교 / 현대 2기통 엔진 특허 출원 [카랩/카튜브],카랩 CARLAB,,자동차/탈것
nZGSIGF2vS8,안전운전은 필수! 자동차 운전중 시야확보를 위한 유막제거 + 발수코팅 - 아재모터스,TOPDAILY Biz,와 완전 꿀팁이네요 ||| 좋은 정보 감사요 ||| 잘봤습니다! ||| 유막제거는 산화세륨 물에 1대1 섞어서 하는게 제일잘돼 ||| 한달사용하고 8년방치해놓았는데요 충전해서 사용가능할까요?,자동차/탈것
P5tCS0zTQp8,자동차고장표지판 주 · 야간 비교실험,CARTVNEWS by 교통뉴스,"너무 좋은 제품입니다. 새차 살때 삼각대 보다 이제품이 들어있으면좋겠습니다. 아니면 여러 옵션이 많은데,  이것도 선택할 수 있으면 좋겠습니다. ||| 결론: LED화살표 가장 좋음(야간시) 800미터에서 육곽드러남(전조등하향시) 300미터에서 화살표 식별 가능  불꽃신호기 500~300미터에서 뻘건 불빛하나로 인식(야간시) 50미터에서 불꽃신호기로 식별가능  반사식삼각대 100미터에서 식별가능(야간시) (전조등 하향시) ||| 내 후배가 고속도로에서 교통사고로 갓길에 멈췄는데 사고 처리중 2차사고로 죽었습니다,,밤과 낮이 다르고 50미터~100미터 전방에 삼각대 설치 하다고 죽어요!그런데 이건 불이 확실하게 들어 오니깐 좋은것 같아요, 내 차에 갖다 붙이면 되니깐 좋아요, ||| 2차 사고 정말 위험합니다.. 보험이라 생각하고 미리 준비해야겠습니다... 좋은 실험 고맙습니다.. ||| 성능도 중요하지만 위험한 상황에서 설치가 문제다.",자동차/탈것
mYXZe0Lh0T4,(실험)일반유로 고급유만들기! 옥탄부스터 8종 옥탄가 측정테스트 #이지카튠 5회 -데저트이글-,DesertEagle 데저트이글,100% 정확한건 아니라도 어느정도  측정이 가능한  장비 같은데 이런 실험  아주 좋아요^^ ||| 옥탄 부스터 회사들 다 터졌네 ㅋㅋㅋ ||| 이런 실험영상 너무 좋네여 저번에 고급유편에 이어서 많은 도움이 되었습니다. ||| 오 보여주신다니 진짜네.. 역시 데젖형 온딜카 예전에 러시아에서 간이옥탄 측정기 사서 여러군데 측정해서 정유 업체에 협박 받은 그 곳 아닌가요?ㅋㅋㅎㅎ 역시 일부 제품은 존내 때려넣어도 거의 안 오름.. 제가 어제 말씀 드린 부분입니다 ㅋㅋㅋ ||| 정말 유익한 영상이였어요 최고!!  나이따,자동차/탈것
5hm4VRWtpgs,국산차 연비 비교 !,아낌없이 주는 나무 ,,자동차/탈것
RKKwXoXo5l0,[엔진 마운트] 교환 전/후 진동 비교!,파트존,"전 키로수는 6만인데요 경유입니다   운행기간이 7년차 입니다  떨림이 심하지는 않은데 괜시리 교환하고 싶어지네요 무진동이  좋아 ||| 만 11년, 13만 km 넘어서 교체해야 겠어요 ||| 전 25년형 가솔린 카니발 3000키로 운행중입니다.. 신호대기서 너무 떨어요... 미치겠습니다~ 사업소 다녀왔는데 학습초기화만해주고 열받아서 다시 가서 엔진마운트 미미 다 갈아달라고 할려구요 ||| 저도 마운트교체해야 겠어요.",자동차/탈것
2Ktasn_qQVs,"오토바이 서스펜션, 쇼바 설명 - 슈퍼듀크1290R, S1000RR, CBR125, 베스파 쇽 비교영상 [알쓰리쑊]",알쓰리쑊 Moto R3ShocK,"좋은 영상 감사합니다.  베스파 gts300을 타고 있는데,  방지턱을 넘거나, 약간 평평하지 못한 길을 다닐때, 너무 딱딱한 감이 들어요. 앞, 뒤 쇼바를 바꾸고 싶어요... 젤리오니 제품을 많이 사용하시는것 같은데, 어떤가요? 혹시 추천하실 제품이 있나요? ||| 현재 2018년식 할리 로우라이더를  타고있습니다  도로 충격때문에 올린즈 쇼바를 바꿀것인지 야마하 fjr1300으로 기변을 할지 고민중인데 어떤방법이 비용대비 효과가 좋을까요 ? ||| 보이져 쇼바튜닝을하려하는데요 순정쇼바가 정립쇽이잖아요 근데 도립쇽으로도 튜닝이 가능할까요? ||| 앞 바퀴 쑉  이너튜브  상단쪽 누유현상이 생겼는데  수리비가20만원정도 나온다던데  간단히 손볼수있는방법이 있을까요? 보이져입니다 ||| 쇼바하면...    승천쇼바와 왕쇼바하고...청룡쇼바가 생각나는...",자동차/탈것
Up3HZ-7hg3A,Car Comparison | 2018 Kia Stinger vs 2018 BMW 430i | Driving.ca,Driving.ca,"I agree with the old snob. You do get the “feel” with the BMW. The “feeling” you’ve been ripped off when your BMW falls apart on you soon as the warranty is up.  I’ve owned three BMWs, and two were complete headaches with endless problems. The only reason the third hasn’t hasn’t had any issue is it has less than 20k miles on it.  I dread the day when it hits 40k. ||| ""It doesn't look rich."" That told me everything that I needed to know right there. ||| Jesus, the conversation between the two of em is painful to watch. ||| The young guy thinks rational and makes sense ||| That old codger is a real badge snob.",자동차/탈것
eEhxfaMPLfo,[한라기계] 동력분무기. 자동레규레다 설치시 압력 비교,이nanna,혼자 소독할때 엄청 도움됨 ||| 자동레귤달면 첨사용할땐 좋은데 뒷일이많아짐 ||| 중궈는 선전하지마쇼직접 몇년사용후올리심어떨지요 ||| 슬때없음 ||| 중국산,자동차/탈것
bz28_E38rcc,"i30 디젤 매연 발생 매직캡슐 설치 전 . 후 비교 영상, 자동차매연 매연검사 매연냄새 매연불합격 싼타페매연 쏘렌토매연 로디우스매연 엑티언매연 베라크루즈매연 매연절감 연료절감",매직캡슐,"매직캡슐 장착후기  글쓴이 : jobfind조회수 : 93418-05-21 12:55   안녕하세요     몇일전 매직캡슐 장착후 좋은 느낌으로 후기 올립니다     차량 : 2010. 소렌토 r  키로수 : 223,000     처음 시운전시 뭐랄까 불스원샷을 넣은 느낌이랄까요  악셀이 탄력이 생겼으며 (마치 쿠션있는 신발을 신은 느낌)     100 이상 가속시에 rpm이 1700 - 1800 을 넘지 않습니다     가속페달의 응답성도 좋구요     장착후 2일 경과 했습니다  앞으로 조금 더 타보고 다시 후기 올리겠습니다     참 그리고, 저는 본사(영종도)에서 설치했구요  이벤트 기간이라 할인도 많이 받았습니다  또, 흡기라인 점검도 잘 해주셨습니다     설치과정을 모두 보면서 참 꼼꼼히 해주시는 구나 하는 것을 느꼈습니다     좋은 제품 좋은 가격에 설치해주셔서 감사드립니다 ||| 25.5톤 트라고 덤프 장착 후기  글쓴이 : cchhoo77조회수 : 88818-07-02 13:41   렉스턴 장착후 효과가 좋아 렉스턴 만큼 연비 절감이 된다면  설치비가 아깝지 않다는 생각으로 트라고 덤프에 매직캡슬을 장착 한후 1주일이 지났는데     출력증가 트라고는 자동12단 기어로 설치전 9단으로 오르던 언덕 길을  10단으로 엔진소음 감소  연비감소 등의 확실한 효과를 보았습니다 대형차량에 매직캡슬 장착도 강력히 추천 합니다. ||| 정말 놀랍습니다  글쓴이 : 마선생조회수 : 85718-05-08 10:31   저는  2010년소나타lpg 차를 타고있는 차주입니다  몇일전 매직캡슐을  달고  600킬로 장거리 운행을   한후   내가느낀점을 올려봅니다  먼저 기존보다 출력이 좋아진것을 확실이 느꼈습니다 내차가lpg라서  그런건지 오르막길 에서 약간힘이 딸렸는데 그 현상이 없어졌습니다  그리고악셀페달이 굉장이 부드럽게  잘 올라가는  느낌이 듭니다  연비는 기존내차보다  약10%이상 절약된거 같구요  실제 매직캡슡에 효과를 톡톡히    봤습니다   감사합니다 ||| 렉스턴 장착후기  글쓴이 : cchhoo77조회수 : 1,00218-06-20 23:26   렉스턴 매연이 심하다는 알고서  안산 쌍용사업소에서 인젝터 흡기청소를 하여도 별 차이가 없어 고심하던중 매직캡슬을 접하고 장착한 후 매연이 상당히 감소 하였고 1주일이 지난 지금 매연이 없다 할 정도 성능이 좋아   25.5톤 덤프트럭에도 장착 할 예정으로 매잭캡슬 홍보물 믿고 장착 하셔도 후회 없다 생각 합니다/.     매직캡슐 강력 추천 합니다.   매직캡슐은 제품설치 후 심한매연을 확연한 차이로 감소시킨다. 매연절감 주행성능향상 엔진 떨림 소음감소 등을 개선시키고 연비효율을 높이는 신기술 발명특허 제품입니다.  http://www.3entech.com  제품 문의:032)884-6664-5 ||| 08년 뉴카렌스 LPi 장착후기  글쓴이 : 부릉부릉조회수 : 1,14018-07-06 17:15   5월 13일에 장착하고 지금에서야 후기를 남기네요.  LPi 모델인데도 배기가스 검사에서 불합격이 나왔습니다.  주행거리는 214,000 km 차령도 10년정도 되네요. 이쯤이면 새차로 바꿔볼까도 생각을 해봤지만  내/외관 상태가 아직도 너무 양호하여 더 타기로 결심했습니다. 정비 할 항목으로 촉매 교체를 고려해봤으나 비용으로 40 이상이 들어간다고 하네요. 비슷한 금액이기도하고 해서 매직캡슐 선택했습니다.  배기가스 검사 장착전/후 비교 검사 항목 : 장착전 - 기준값 - 장착후 일산화탄소 : 10.0 - 0.6 - 0.0 탄화 수소 : 539.0 - 37.0 - 16.0  고속도로 연비 공인 : 8.6 km 장착후 : 10 Km 이상  장착 전에는 고속이던 시내주행이던 9 Km 이상 찍기 힘들었는데 장착 후 이런 결과가 있으니 부담없이 주행이 가능할것 같습니다. (사진첨부) 장착 후 500 Km 이상 주행 후 500 Km 이상 주행한 결과입니다.  환경을 생각하는 좋은 제품~ 장착 의무화가 되길 기원합니다.",자동차/탈것
uMPs32k5u7Q,[비교 시승기] 합리적인 자동차문화 미니밴 시에나와 오딧세이,자동차 뉴스 Top News,,자동차/탈것
ugOhTEwQk9U,"카니발2 심한매연 매직캡슐 설치 전.후 비교영상, 자동차매연 매연검사 매연불합격 매연냄새 무쏘스포츠매연 액티언스포츠매연 카니발매연 렉스턴매연 쏘렌토매연 싼타페매연 갤로퍼매연",캡슐매직,"4번째 매직캡슐을 구매하여 사용중~  글쓴이 : 김용춘조회수 : 5,76017-01-10 07:41   저는 2017년1월4일   렉스턴W2.2차량에 매직캡슐을 장착했습니다.  2001년부터 지금까지 매직캡슐을 계속해서 사용해 왔습니다.  2001년엔 구형 스포티지 (자칭 매연공장)에 매직캡슐을 장착 사용하다가 동생에게 차량을 넘기면서 나중에 폐차시 매직캡슐은 돌려달라고 했음--> 위 매직캡슐은  2009년 렉스턴 타시던 거래처 사장님께 선물로 증정했더니  2017년1월 지금까지 잘 사용하고 있다고 하심.  2007년엔 뉴렉스턴....  매직캡슐과 함께  2014년 지인에게 차량을  양도함.  2014년엔 K5 (2012년식) 역시 2016년12월 매직캡슐과 함께 차량을 친구에게 양도함.  2017년엔 렉스턴W2.2에 매직캡슐 장착 했지요 (아직도 마눌님은  이사실을 모릅니다. 다음 달이면 알겠지요.  조금은 걱정이 됩니다.ㅠㅠ) . 생판 모르는 사람에게 차량을 넘겼다면 매직캡슐 떼어놓을 것을...  자동차 폐차 될 때까지 사용해도 고장 한 번 없는데...  아쉽군요!  매직캡슐 1번도 아닌 네번째 구매! 정말 쉬운 결정 아니지요. 경제적 부담 정말 많이 되었지요.   렉스턴W2.2 유로6엔진에 벤츠7단  정말 좋은 차이며 예전에 제가 과거에 운행했던 뉴렉스턴에 비해  모든면에   있어 좋아졌습니다.  100km주행시 1700RPM!  엔진도 조용하고.  힘도 넘치고...  하지만 차가 무겁다보니 치고 나가는 데 있어 굼뜬 현상!  악셀을  밟아도  이전차량인 K5처럼 치고 나가지 못하는 현상은   저를 두말 없이  인천 숭의역에 있는 3entech사로 이끌었습니다.  17년1월4일 매직캡슐 장착하고 지금 일주일째 사용 중인데  ""역쉬나~ 매직캡슐은 제 기대를 저버리지 않군요!   악셀을 밟을때 예전보다도 적은 힘으로 보다 부드럽게 밟게 되며 속도도 바로 나옴니다. 정말로 쌍용차는 매직캡슐과 함께만  한다면  정말로 명차로 탈바꿈한다고 보시면 됩니다.(개인의견^^)    100km주행시 1400~1500RPM구간에서 자연스럽게 이뤄집니다.  운행 중 게기판을 볼때마다 미소가 나더군요.  저는 매직캡슐을 장착하고 나서는  연비걱정은 하지 않습니다.   아무리 악셀레이터를 세게 밟아도 엔진이 필요한 흡입압력만큼만 연료를 받아 들이기 때문이라고 합니다. 연비는 훨씬 더 좋아졌고 파워도 더 좋아졌습니다.  저도 최근에 알았는데 매직캡슐은 원천적으로 자동차 급발진을 차단한다고  3entech에서 홍보하더군요. 우와~   인천청라에서 동일한 엔진/미션 차량을 소유하고 있는 지인분과 함께 시승했는데 엔진소음저하/ 부드러운 가속력 차이점 말도 하지 않았는데 바로 알아차리고 매직캡슐 장착한다고 해서 소개해 주었습니다.  LG냉장고, TV, 세탁기, V10, 그리고 K5,렉스턴W... 정말로 좋은 제품입니다.  제가  사용할려고 큰돈을 지불했고  제품에 대해 만족해하며 지금도 사용 중입니다.  그러나 ""매직캡슐"", 제가 15년 넘게 사용 중인데  제품에 대해  만족을 떠나  감사하며 애용하는 경우는 드물다고 생각합니다.  누가 시키지도 않지만 제 스스로 자칭 매직캡슐  홍보대사라고 생각하며 주변분들에게 매직캡슐 무조건 장착하라고 권유하고 있습니다.  1년이면 본전 뽑고  환경오염 전혀 없는 친환경 제품이니 1석2조이지요.      어느순간 매직캡슐때문에 제가 환경보호주의자가 되어 있더군요.  물론 저의 이런 엉뚱함때문에  지인분들이 매직캡슐 구매시 조금은 혜택을 받으니  기분이 더 좋습니다^^  정말로  본인의 자동차를 좋아하고 아낀다면, 그리고 환경을 생각한다면, 기름값을 절약하고 싶으시다면 하루라도 빨리 매직캡슐을 장착하시길 권유드립니다.  왜냐하면  저은 200만원 가까운 피같은 돈을 들여 매직캡슐 4개씩이나 구매하여 15년 넘게 사용해온  실사용자이기 때문입니다.  정말로 감사하게 될 것입니다.  마지막으로  엔진에  생명을 불어 넣어준 매직캡슐이란 연료자동조절장치를   개발한 최인섭회장님, 바쁘신 가운데도 시간내어서 친절하게 잘 설명해 주셔서 감사드립니다. 최회장님의 남다른  친환경 경영철학에 감탄 했습니다. 존경합니다~. ||| 08년 뉴카렌스 LPi 장착후기  글쓴이 : 부릉부릉조회수 : 1,17118-07-06 17:15   5월 13일에 장착하고 지금에서야 후기를 남기네요.  LPi 모델인데도 배기가스 검사에서 불합격이 나왔습니다.  주행거리는 214,000 km 차령도 10년정도 되네요. 이쯤이면 새차로 바꿔볼까도 생각을 해봤지만  내/외관 상태가 아직도 너무 양호하여 더 타기로 결심했습니다. 정비 할 항목으로 촉매 교체를 고려해봤으나 비용으로 40 이상이 들어간다고 하네요. 비슷한 금액이기도하고 해서 매직캡슐 선택했습니다.  배기가스 검사 장착전/후 비교 검사 항목 : 장착전 - 기준값 - 장착후 일산화탄소 : 10.0 - 0.6 - 0.0 탄화 수소 : 539.0 - 37.0 - 16.0  고속도로 연비 공인 : 8.6 km 장착후 : 10 Km 이상  장착 전에는 고속이던 시내주행이던 9 Km 이상 찍기 힘들었는데 장착 후 이런 결과가 있으니 부담없이 주행이 가능할것 같습니다. (사진첨부) 장착 후 500 Km 이상 주행 후 500 Km 이상 주행한 결과입니다.  환경을 생각하는 좋은 제품~ 장착 의무화가 되길 기원합니다. ||| 25.5톤 트라고 덤프 장착 후기  글쓴이 : cchhoo77조회수 : 91218-07-02 13:41   렉스턴 장착후 효과가 좋아 렉스턴 만큼 연비 절감이 된다면  설치비가 아깝지 않다는 생각으로 트라고 덤프에 매직캡슬을 장착 한후 1주일이 지났는데     출력증가 트라고는 자동12단 기어로 설치전 9단으로 오르던 언덕 길을  10단으로 엔진소음 감소  연비감소 등의 확실한 효과를 보았습니다 대형차량에 매직캡슬 장착도 강력히 추천 합니다. ||| 렉스턴 장착후기  글쓴이 : cchhoo77조회수 : 1,02918-06-20 23:26   렉스턴 매연이 심하다는 알고서  안산 쌍용사업소에서 인젝터 흡기청소를 하여도 별 차이가 없어 고심하던중 매직캡슬을 접하고 장착한 후 매연이 상당히 감소 하였고 1주일이 지난 지금 매연이 없다 할 정도 성능이 좋아   25.5톤 덤프트럭에도 장착 할 예정으로 매잭캡슬 홍보물 믿고 장착 하셔도 후회 없다 생각 합니다/.     매직캡슐 강력 추천 합니다. ||| http://www.3entech.com 매직캡슐 본사 고객센터 매연절감 연료절감 주행성능향상 엔진 떨림 진동 소음감소  24시 제품 상담 문의:032-884-6664-5",자동차/탈것
EJe3FwBbFPM,"""재롬이랑 TV""돈 아까워! 자동차 휠 크리너 비교 하기(소낙스vs크리스탈vs터틀vs로톤)",하르한(HarHan TV 하르한 티비),휠크리너 고르는데 많은 도움이 되었습니다. ||| 아주 도움 되었습니다 !! ||| 비교 영상 감사합니다~^^ k2 쓰는데 진짜 싸고 좋습니다~!! ||| 세정제 고르는데 도움 되었습니다 ㅎㅎ 영상이 좀 길면 어떤가요 광고회사도 아니고 디테일한 설명 감사드립니다.  불평하시는 분들  직접 여러 제품 사서 실험해보시면 좋겠네요. ||| 소낙스랑 터틀은 목적이 달라요 터틀왁스제품은 알칼리성으로 타이어갈변과 먼지 타르에 초점이 맞춰진제품이고 소낙스는 독일차같이 철분이 많이나오는차들 에 맞춰진차라서...,자동차/탈것
2z_HLqxLS_4,오토바이에 어떤 휴대폰 거치대가 잘 어울릴까? 금액과 견고한 제품을 비교 해보았습니다.,UCIC유씨아저씨,이제 막 벤리로 입문했는데 유씨 아저씨 덕에 조금씩 배워요 너무 좋아요 ||| 차분한 설명이 좋습니다 ||| 세일즈의 달인 납시요~~^^ 바이크의 모든것을 책임지심 ||| 렘파운드 엑스그립 쓰고 있지만 참 좋더군요  영상에서 처럼 고무 씌운 상태로 넘어졌는데(제꿍) 폰은 안 떨어지고 무사했어요 ||| 항상 잘보고 갑니다.혹시 BMW S1000R 중고도 있나요?믿고 살만한곳이 없어서,자동차/탈것
Qim5UmEj5LE,521회. 더뉴 카니발 장기렌트카 vs 자동차할부 구입비용 비교자료(장기렌터카),장기렌트카박팀장,자동차할부로 구입하고 하시는 분들은 직접비교를 해보시면 비용절약에 도움이 되실 것입니다. 『절약도 저축』 입니다.^^,자동차/탈것
pAyogrLTGp0,"YZF-R3 시승기-스펙편 (닌자400과 비교하기 !  ,  ninja400vsR3)",김용라,리뷰잘봤어요~!! 그렇군요 싼티...ㅠㅠ 주행리뷰도 빨리 보고싶어요!! ||| 용라님 저두  닌자400인데 단을 올릴때는 쓰러틀 풀어줌과동시에 클러치 잡고 왼발로 단올리고  이렇게하는데 단을 내릴때는  어떻게 내리는게 자연스럽게  내려지나요?? ||| 언능 주행편도 보고싶어요!! ||| CB300R도...올려주세요! ||| 메세지 소리 뿅~~ 아이폰 유저로서 조금 짜증이...ㅠ,자동차/탈것
A7Nqym-5q7E,[울트라TV] X5 자동차검사_모델S와의 느낌차이,울트라TV,에잉? 울트라비니군님도 x5 오너셨군요?! ㅋㅋㅋ 괜시리 더 반갑습니다. ^^ 어라운드뷰!! 정말 꼭 업데이트로 추가되야될 기능인 것 같습니다. ||| 어라운드뷰 진짜 짱입니다.. 초보자도 자신있게 주차하게해주는ㅠㅠ 아버지차에 옵션넣길 정말 잘했어요... 그거없었으면 범퍼 깨져서 옵션비나왔을것같습니다ㅋㅋ,자동차/탈것
-PIwR76uHvI,자동차 엠비언트 무드등. 광섬유&면발광 광섬유 비교영상(야무진튜닝),야무진튜닝 본점 & 텍스처,어느것이 광이고 면인가요? 설명쫌 하시지,자동차/탈것
3JOqghcFjek,"자동차 랩핑에는 어떤 칼날이 좋을까? - 올파, 도루코, 다이소 9mm 커터 칼날 비교 테스트 -",원오토스튜디오,좋은 정보 감사합니다!!!!!!! ||| 저도 예전보다 너무 안좋아졌길레 이상하다 하면서 몇년을 썻네요 지금까지.. 좋은 영상 감사합니다.. 결국 오늘 NT 커터로 주문햇네요 ㅎㅎ 영상 잘봤습니다~ ||| ㅋㅋㅋㅋ 다이소 60도 얍! 저도 개인적으로 도루코랑 올파 60도 많이 사용했죠 ㅎㅎ ||| 도루코는 갓성비 올파는 비싼데 좋음 ㅠㅠ ||| 어쩐지  도루코 칼날녹색 통에들어있을때는 무지잘들었는데 빨강통으로 바뀐후부터 칼이 잘안들길래 품질개판이네라고욕하면서  쓰고있습니다 ㅜㅜ,자동차/탈것
SopPgQCCm_U,역사 속으로 사라진 자동차 브랜드들,자동차 뉴스 Top News,,자동차/탈것
_ghsBogzXcA,"[르포] 중국차, 로봇이 자동차를 만드는..둥펑소콘 전기차 공장 가보니",자동차 뉴스 Top News,,자동차/탈것
xCbGjwELyRo,기아자동차 오케이대리점 여수웅천,미디어 플러스글로벌,,자동차/탈것
8iH3BMApNUg,"중국자동차의 역습! SUV, 트럭, 미니밴까지...""글로리,C35로 현대 싼타페,포터와 붙겠다"", 7년 무상보증까지",모터그래프,"영업용 쓰시는 분들 GM대우 다마스 단종으로 싼가격으론 딱이네요 ||| SUV는 국내 여타 다른 Suv보다 안전성이 구리겠지만 미니밴은 다마스, 라보에 비하면 나을것 같은데?? LPG가 아니긴 하지만... ||| CK라는건 중한을 뜻하는데. . . 한국에서 장사할꺼면서 중국을 앞에 놓는건 매우 심한결례입니다.  한국을 대놓고 무시하는거죠.  세상 누가 저런 무례한 상호로 장사하나요? ||| 7년 보증...?? 전에 중국차 들어왔다가 안팔리니깐 중국으로 토끼면서 as센터까지 다 없애버려서 as차량 차주들 폐차시켰다고 하던데... ||| 다 좋은데 A/S 는... 사고나고 고장나도 고칠수가 없는건 우째 해결하고...센터가도 부속없다는데...",자동차/탈것
bbkJmL0wbKw,현대자동차그룹 스마트 자율주차 콘셉트 공개,오토이슈 Auto issue,이런건 칭찬해야죠 ||| 멋져부러★★ ||| 빠르게 변화하는세상 멋지다  내가 살아있는 몇십년 동안 어디까지 갈까 ||| 자율주행와 발렛주차좋죠 그전에 급발진도 해결못하고 자율주행은 뭔가 앞뒤가 안맞음 ||| 앞에있는 현대마크.. 겉에 동그라미 표시 빼면 검나 멋있을텐데..,자동차/탈것
WtSPWugdprQ,친환경 자동차 박람회   EV트렌드 코리아,CARTVNEWS by 교통뉴스,만들면 뭐합니까  보급도좋치만 정비/수리/편의이용에 대한 해결책을 해결후 판매 했으면하내요,자동차/탈것
LLt3yqF9uFo,[영상 제보] 안개등차량의 횡단보도 이용한 불법 좌회전,보배드림 TV,,자동차/탈것
eM1zw_f_eE8,"[2018 파리모터쇼] 베트남 최초 자동차 제조사 빈패스트, 내년 3Q 양산 돌입",자동차 뉴스 Top News,,자동차/탈것
dumQ3zIR-DY,[Hyundai Story] 현대자동차 수소전기차,현대자동차 (hyundai korea),느낌  하난 좋슴메! 고조 ||| 저거 근데폭팔하면 어떡함?,자동차/탈것
cPctVbsz844,노르웨이에서 최초 공개된 페달 전기 바이크 (Pod Bike),IDEAPICK,바퀴 얇은거봐ㅎㅎ 방지턱 밟으면 난리나겠네 ㅋㅋㅋㅋ ||| 이쁘다. ||| 디자이너: 자...이쁘지? 이대로 만들어내봐 엔지니어: ???? ||| 와  저거는 국내에서도 잘팔리겐녜요 ||| ㅗㅜㅑ 갖고 싶다,자동차/탈것
FJ7aoNeJIcE,좀비 대재앙에서 생존을 위해 필요한 최고의 자동차 10대,사실들흥미로운,3:47 때 아무리 좀비가 수영못해도  좀비는 파워래인져 악당처럼 변신 할동안 기다려주지않음 ||| 아직 존재하지도 않는 창작물로써 좀비를 소재로 차량을 소개하는건 ㅎㅎ다용도 차량으로 굿이네요. ||| 좀비카 만드는법 1지프를 구매한다 2바비큐 그릴을 차유리에 단다 3담료 식량 라디오 생필품을 챙긴다 4도끼 마채테 휘슬 폭죽을 준비 5이제 좀비와싸울 마음을 준비 6끝 ||| 마지막거 진짜 갖고싶다 ||| 현대는 도망가다가 엔진 퍼질꺼같은데,자동차/탈것
OuYDC3-DSs0,유튜브 시작 ! 자동차 좋아하는 사람들 다 모여라! 자동차용품 회사 좌충우돌 이야기!,디테일링,ㅋㅋㅋㅋㅋㅋㅋㅋㅋㅋ사원분 매력적이신듯ㅋㅋㅋ ||| 너어무재밌네요 깔깔깔 ||| 준희사원님 정말 재밌으세요ㅋㅋㅋㅋㅋㅋ ||| 회사가 좋아요!!!!! 가고싶닷 ㅋㅋㅋㅋㅋ ||| 재밌네용ㅋㅋㅋ,자동차/탈것
Tfk4h3WRzXM,"[수소자동차] 토요타와 현대차, 수소차 시대의 막강한 라이벌",Osori Channel오픈소스채널 (1억뷰 비디오s),세계최초의 양산을 하고도 한발짝 늦은게 아쉬울 따름이네요... 말로만 4차산업혁명이라고 하지말고 이럴때 확 주도권을 잡아야 할텐데 말이죠... ||| 만들면모하나 내차부품업어서 한달넘개서잇내요 ||| 개인적으로 디자인은 도요타인듯 ||| 전기차도 가물가물한데 수소차가 가능할지 ||| 광고는 현대가 차에대한소개를많이하는점이더 좋고 도요는 차보다는 수소차량에대한점을소개하네 뭐많이팔리면 디자인으로따지만 도요고 광고성은 현이네,자동차/탈것
jkg1kTYycog,"[전기자동차충전기] 모던텍, 세계최초 지능형 EV충전시스템/ 전기차 급속충전",MODERNTEC,미래를 준비하는 기업 모던텍! 멋져요!! ||| 모던텍 좋아요!! ||| 모던텍 멋져요!,자동차/탈것
Xy7d8CdC_28,의수네 자동차 유튜브 프로필,서킷스토리:시리즈 ( CIRCUIT STORY series ),감사합니다. 이제 시작이라....^^ 앞으로 발전하는 컨텐츠 지켜봐 주세요~~ ||| 앞으로 열심히 챙겨보겠습니다!! 구독은 이미 완료했어요 (이거보다가 0:12초에 제 뒷탴ㅋㅋ당황했어요 ) ||| 앞으로 잘 챙겨보겠습니다!! ||| 화이팅입니다 ||| 오오오~ 너무 멋있어요~,자동차/탈것
_ugqnIsKn6w,"쉐보레 익스플로러 밴 "" 미제 카니발 하이리무진 감성 "" 윤키의 자동차 리뷰",윤키라이드,와 리뷰 감사합니당! 윤키님 팬이에요😃 ||| 오오 다음편 나왔네요 좋아요! 다음영상도 기대됩니당 ||| 헐 저번에 집시맨에서  봤던거 같은데 유튜브도 하시는구나 ㄷㄷ ||| 봉고 다음 세대를 저렇게 나온다면 참 좋을 것 같네요.ㅋㅋㅋㅋㅋ ||| 이건 동영상이 좀 짧네요 ㅋㅋ 힘 좋네요 6000cc v8 많이 찍어주세요. 유튭 번창하세요^^,자동차/탈것
P2RfooeQYb0,자동차선글라스 편광 모음,할인타임,,자동차/탈것
QFBM734wZ2M,[제보 블랙박스] 환경오염 + 1차로저속주행,보배드림 TV,힌연기는 겨울철 연료 불안전으로 나오긴 합니다 검정 매연은 순정DPF 아웃 된거 ~순정 ..35만원 정도 하는데 ... ||| dpf달린 차량도 저렇게 매연이 나는경우 있음. dpf가 불량.또는 녹은경우... ||| 악을 행한자 악으로 망하리라 ||| 싹다패 도 삼삼하더라고요.. ||| 120 다산콜 매연신고,자동차/탈것
hmcAXpF0JVc,천안자동차외형복원 천안덴트 수입차전문 차박사외형복원,알리미닷컴,예약을 해야되나요,자동차/탈것
tD4rNB7LcqI,[Hyundai Story] 현대자동차 자율주행 수소전기차,현대자동차 (hyundai korea),와...우리국산차...보소 ||| 외제 차 못지않은 국산차!앞으로의 전망이 궁금하네요!!(얼마정도 하나요?) ||| 대단 ||| 역시 갓현대! ||| 빨리나왔으면.......,자동차/탈것
bNLdVIIqFvM,우체국 택배 전기 자동차,택선생취업지원센터,전기차종 궁금해요,자동차/탈것
LVo3IB064-c,[원더풀카 자동차 상식] 자동차 문에도 여러 가지 종류가 있다!!,원더풀캠핑카,시저 도어는여,자동차/탈것
4EZJb5xrY8E,자동차튜닝모음영상 (!오랜만이에요!),봉고마니아,와 멋지다 1:09 ||| 멋진 영상 잘 보구 갑니당 ||| good ||| 이거 노래 뭐임? ||| ㅋ,자동차/탈것
8VAyxGEqQW0,분노의 질주에서나 나올법한 해외 튜닝 자동차 모임 클라쓰~,원오토스튜디오,헐,자동차/탈것
bw-bQxTG4LQ,세계에서 가장 미친 10가지의 차 튜닝,미친놈들 대방출,2:03 이거 갖고싶다 ㅎㅎ ||| 5:35 아저씨 팔에 불 붙었는데요... ||| 차 색깔변하는거 맘에 든다 ㅎㅎ ||| 5:35 눈에서 불나오는건 머지 ㅋㅋ ||| 이 영상은 정말 놀라움을 준!,자동차/탈것
IYE-i5bk_6o,만화 주인공도 놀란 장난스런 자동차 튜닝,뇌섹남 TV,놀랍게도 거의 다 일본에 있는차,자동차/탈것
aHmY3nSXhh4,[KN AUTOWORKS] 케이엔오토웍스 자동차 튜닝 그랜져HG 워크인 디바이스 이식,케이엔오토웍스,여기가 지역이어디지요 ??,자동차/탈것
8RbGLNrfgEs,스티커로 자동차를 튜닝? Audi A5 전체 컬러변신,카드레스스킨,,자동차/탈것
Mdf95ZNkxkI,자동차 튜닝 휠 티볼리,ASA wheels에이에스에이,티볼리 순정 16인치 휠에 225 60 16  사이즈 장착 가능한가요?,자동차/탈것
YZB4t3QWgKk,11 자동차 관리 자동차 튜닝의 올바른 순서,MOTOR SPACE,,자동차/탈것
lAfqcUvXM80,자동차 우퍼,동내형,ㅋㅋㅋㅋㅋㅋㅋㅋㅋㅋㅋㅁㅊ ㅅㅍㅌㅋㅋㅋㅋㅋ 진짜 차주의 노력에 박수를 친다 ||| 음악좋아하는 사람으로써  아주 좋습니다 ||| ㅋㅋㅋㅋㅋ 룸미러 엄청 떨리네요 ㅋㅋㅋ ||| ㅋㅋㅋㅋㅋㅋㅋ아죵니웃기네 모닝 에 쿵쿵쿵 ㅋㅋ ||| ㅋㅋㅋㅋㅋㅋㅋㅋㅋ 웃고 갑니다^^ 행복한 하루되세요~~,자동차/탈것
ChNNCiNVcxw,자동차튜닝의 끝판왕 - 내차에 날개를 달자,위코,"우와~ 쥑이네요~  근데, 어디서 파나요? ||| 좌우대칭도 안맞는것같고.. 승하차시에는상관없지만 주행중에 켜져있는것은 불법아닌가요??",자동차/탈것
dmclTbfbRzU,"자동차 튜닝 축제, 2018 서울오토살롱 / DT",디따 ditta,,자동차/탈것
H9cwOlD2je0,[TV 데일리카] 자동차 튜닝 축제..2018 서울오토살롱,카24/7,,자동차/탈것
T4g_6MWWRd0,국내 최대의 자동차 튜닝 전시회 '서울오토살롱' 둘러보기,M투데이,,자동차/탈것
qW2pLAd3_xg,"EBS 뉴스취재  꿈을 잡아라!  ""양산차 싫다"" 자동차 튜닝 아카데미",박무승,교육기관 이름이 어떻게 되나요??,자동차/탈것
IHsYbkFtC7U,자동차 흡기튜닝,에코테크놀로지,,자동차/탈것
X_gAzg8UKoQ,아자대 모터쇼! 전국 최강튜닝카 총집합! [아주자동차대학교 8회모터쇼],DesertEagle 데저트이글,"형 너무재밌게잘봤어요 승승장구하세요 ||| 8:16 크,,, 제 취양이네요 ||| 아.. 원래 아자대 갈려했는데 멀어서 안간게 후회된다 그냥 갈걸 ㅠㅠ ||| 좋은영상 잘볼께요~👍 ||| 크.. 갤로퍼 탐납니다.. 왠지 익숙한 차량들이 한두대가 아니네요.. 저도 한번 가보고싶었는데 시간이 안되서.. +_+",자동차/탈것
pK1VPqPQOik,올뉴K7순정옵션튜닝!,카패션,,자동차/탈것
aTOVz5zKYRw,[674TV]진주 자동차 튜닝샵 / 네비게이션674 - 올뉴 k7 무선충전기  장착,674 TV,,자동차/탈것
UkaMNAPQCpU,"올뉴투싼 배기작업,블로우오프밸브 광주자동차튜닝센터-바별카튜닝",광주바별카튜닝,,자동차/탈것
fMB4j7OTn2I,12 자동차 관리 자동차 튜닝의 종류와 방법,MOTOR SPACE,,자동차/탈것
j0BZ3Uxk7_4,"[배선구의 자동차 견적서] 16화 - 자동차 튜닝, 잘못된 튜닝 사례!!!",S9MOTORS 에스나인모터스,멋도 좋고 다좋은데  안전이 최고입니다 ||| 튜닝하는 놈들   이영상   봐야 됨니다    그지같은  튜닝업체  너무  많아요,자동차/탈것
yTbp3cOptmM,180719 자동차 튜닝산업 발전을 위한 세미나,CARTVNEWS by 교통뉴스,,자동차/탈것
Kxt8QT1944c,캐딜락 에스컬레이드 롤스로이스스타일 은하수무드등 파이버테리어 자동차튜닝 세대,fiber terior,,자동차/탈것
-fE9GhosFHM,SNS에 자랑이라고 올린 가장 어이없는 최악의 자동차 튜닝 톱20,카24/7,,자동차/탈것
CF_4Tqih-kk,초간지! 신기한 디지털계기판 튜닝 (금손 능력자의 캐멋진 작품)젠쿱 DIY /Genesis Coupe Digital Cluster,DesertEagle 데저트이글,"계기판 만든 아조씨 카톡:digitk   (장난카톡은 안되욬ㅋ) .. 재밌게들 보십시요.   RPM 경고음 6969RPM 으로 셋팅했습니다. 헤헤 ||| 양카끝판왕이다ㅋ ||| 상길이형 미적감각에 두손두발 다들고 공중제비돌았다.. ||| 우선 계기판 만드신 분께는 정말 대단하다고 말씀드리고 싶습니다. 어차피 계기판을 건드려서 생기는 모든 일은 동영상 게시자이신 데저트이글씨께서 모든 책임을 지게 되는 거니 그건 논외로 치고요. 계기판 만들고 다는 분의 능력은 정말 감탄스럽지만, 안타깝게도 현재 저런 식으로 계기판에 손을 대는 건 지금의 법 테두리에선 불법인지라 유명해질수록 나중에 곤란해지시는 거 아닌가 그 부분은 염려가 되네요. ||| 보면볼수록 느끼는점이 차는 역시 순정이 최고네요..ㅎㅎ",자동차/탈것
p-lAUXoM_BU,"[광주 자동차LED] SM5라구나,LED튜닝,자동차LED튜닝LED리플렉터,,광주자동차용품,자동차용품점,제일카넷",제일카넷 (자동차용품),,자동차/탈것
_n9AuXpMyEQ,스프링 레이트의 진짜 의미?! 자동차 튜닝을 위한 기초 상식 [알쓸서브 2-2편],NEOTECH,호주에서보니.. 느낌이 새롭구만요 ||| 저도 저 자켓 있습니다! 불러 주시면 입고 가겠습니다!,자동차/탈것
xEE2E4q0IvI,2018 서울오토살롱 19일 개막..오감 만족하는 자동차 튜닝 축제,카24/7,,자동차/탈것
8zEtiURJ19M,아반떼스포츠 커스텀싱글배기 광주자동차튜닝센터-바별카튜닝,광주바별카튜닝,,자동차/탈것
oixgHmwmxuo,[제보 영상] 크리스마스 트리 튜닝,보배드림 TV,스포티지는 저렇게 타는겁니다 ||| 스포티지는 저래야 간지죠 그래서 전 안타요 ||| ㅋㅋㅋ 벌금도 같이 ㅋㅋ ||| 와 ㅆ바끄 졸라 멋있네? ||| 렉카야?,자동차/탈것
ub4YvR6o84Q,"[광주 자동차튜닝] 스파크밴,순정루프랙시공,천정탈거볼트고정,광주자동차용품,제일카넷,광주역",제일카넷 (자동차용품),저것만 달면 저기다 짐을 어떻게 실어요?? 저건달려있는데 사용을어떻게하는지 모르겠어요 ㅠㅠ ||| 안녕하세요! 영상과 동일한 신형스파크차량인데 루프랙바 설치 견적 알수있을까요?,자동차/탈것
te7GfmJytF0,국내 최대 규모 자동차 정비.튜닝 전문 전시회 2018 오토위크 둘러보기,M투데이,,자동차/탈것
ZU7TT5RDJZ0,EQ900 커스텀 가변듀얼배기 광주자동차튜닝센터-바별카튜닝,광주바별카튜닝,,자동차/탈것
fwaH6QObdWU,자동차 흡기튜닝,에코테크놀로지,,자동차/탈것
AUkL9k5-skA,자동차 흡기튜닝,에코테크놀로지,흡기를 보여주세요,자동차/탈것
r9t9aZbFqhQ,자동차 흡기튜닝,에코테크놀로지,,자동차/탈것
S3Lpil1qST4,자동차 흡기튜닝,에코테크놀로지,,자동차/탈것
Ef8FK8QoZzM,올뉴카니발2.2d  ECU맵핑 광주자동차센터-바별카튜닝,광주바별카튜닝,,자동차/탈것
A6ZfcLb8qA0,QM6 키킹플레이트 ! 자동차튜닝 딱! 키킹 너무 이뻐요 ㅎㅎ,아우토모토스_Automotos,화장도 이쁘다는 것만 모두 한꺼번에 하면... 90년대 화장될텐데... 무상수리에 영향없나요..,자동차/탈것
Gpdb78R9DoM,"[클릭정보와이드]""자동차 튜닝하기 주의사항""/KFM경기방송(김혜진의 자동차이야기)",경기방송,,자동차/탈것
RnvMPg3NfEQ,기아 K5 완전 풀옵션 차량 출고 [ 중고차 컨설턴트 와니 ],중고차컨설턴트와니,와 메모리시트가 제일 부럽네;; ||| 훈남이시네요 ||| 좋은딜러 정직한 딜러이기전에 인성이 너무 좋으세요 12월21일에 찾아뵐 날만 기다리고있어요 ||| 팔렸나요 ?? ||| 1:05에 다시 반복됨,자동차/탈것
OnU4HlndZyg,수업 맛보기! 부산시맞춤훈련 (자동차정비) 수료식영상,부산자동차직업학교,축하드려요  여러분 앞날에  행복이 가득길 기원합니다 ||| 여러분 축하해요 그리고 사랑합니다정상에서 만나는 그날까지 화이팅하세요,자동차/탈것
gGn6elXHRj4,재규어 랜드로버 전시장을 둘러보아요!ㅣ선진모터스 동대문 전시장 #02 with 박민형 과장ㅣJaguar XJ XF XE F-PACE E-PACE.. etc,JNE JIN x EUMS,"박민형과장님을 여기서 뵙네요~~~ 참 친절하셨는데 ㅎ 다른차를 구매해서 죄송요 ㅜㅜ ||| 감사합니다 잘볼께요~ ||| 엄스님 영상 기획을 잘하셧네요 ^^👍👍👍 남호님 ,김팀장님 ,엄스님  콤비 같아요 ^^ㅋㅋㅋㅋㅋ ||| 와.. 진짜 박민형 과장님은 지금까지 본 딜러님들중 최고시네요.. 저도 나중에 그분한테 레인지로버 구매하고 싶네요..ㅠ 10~20년만 더 일하셨으면.. 그런데 전보다 과장님 표정이 많이 피곤해 보이시네요..ㅠ 엄스님 영상 잘보고 있습니다! ||| 영상 고퀄 대박 👍🏻👍🏻👍🏻👍🏻👍🏻멋지다요~",자동차/탈것
c0vpJH92FKU,출고하자마자 고향으로 여행가신 고객의 BMW 118D 스포츠 출고 [대한민국1등 중고차컨설턴트와니],중고차컨설턴트와니,이게 몇년식인가요?,자동차/탈것
24KrSpr3UcI,두번째 구매 아우디 뉴A4 콰트로 다이나믹 출고 [대한민국1등 중고차컨설턴트와니],중고차컨설턴트와니,오 차좋내요 차체에 필름도붙여놓고.,자동차/탈것
te7GfmJytF0,국내 최대 규모 자동차 정비.튜닝 전문 전시회 2018 오토위크 둘러보기,M투데이,,자동차/탈것
gX5KD9aZLqY,캠퍼들의 드림카 디스커버리4 출고 및 리뷰 [ 중고차 컨설턴트 와니],중고차컨설턴트와니,"저는 베이지 시트인데, 떼 많이 안타요. 내부가 훨씬 화사해서 좋습니다. ||| 안녕하세요 영상 너무 잘 봤습니다. 디스커버리 4 매물있나요? 혹시 추천해주실 매물 있을까요? ||| 차는진짜좋음 근대....A/S는 기대도하면안됨 오죽하면 랜드로버는 출고할때 두대사야한다고...써스교환하는대 두달반걸림 ㅠㅠ ||| 얼마에 팔렸는지 알수있을까요? ||| 에어서스 좋아 마시오 골때려요 중고차는 유지보수가 핵심",자동차/탈것
rYkoJaopz3s,최고의 멀티 작전용 특수 차량 TOP 7,뇌섹남 TV,,자동차/탈것
5qcnX0w_nJc,EASY RECOVERY 이지리커버리 스마트타올 자동차 차량 흠집제거 차 흠집 제거제 문콕 상처 복원 광택 컴파운드 스크래치제거 기스제거 스크래치 88모터스 카딱,88모터스,,자동차/탈것
HVRyjrU6h8U,자동차경매 git 진단기 성능점검영상,어서와자동차 vip경매,중고차 경매사 할려고하면 자격증이 필요한가요? ||| ?,자동차/탈것
aFGYh_ftCLc,주행거리 무색 최고의 컨디션 그랜져 HG 출고 [ 중고차컨설턴트 와니],중고차컨설턴트와니,축하드립니다 ㅎㅎ ||| 옵션도 훌륭 하군요 ||| 매번 차 사고싶어서 미치겠는데 직장에 자리잡지못해 마음이 안좋네요 ㅠㅠ 오래다닐 직장구하는데로 와니님에게 차구매하고싶습니다 언제나 지켜보고 응원합니다^^,자동차/탈것
BoZgYXh7t2A,자동차 읽어주는 남자가 들려주는 벤츠 glc350e 4매틱 리뷰,자동차읽어주는남자(carreadingman),"차분하게 설명잘하네, 화이팅!! ||| 잘 봤습니다. 추가하자면 메르세데스 미 앱 안정화 최악입니다. 연결보다 실패가 많고..명령 수행 오류도 심합니다. 음성인식도 아직 많이 부족합니다. 솔직히 glc350e 모터 가솔린 전환시 터보 렉처럼 굼뜨는 현상 있고요. 전진 후진 기어 전환시에도 흐름이 끊기네요. 시내 연비는 1시간 반정도 주행, 상황에 따라 2~30km 왔다갔다합니다. 고속 주행 100km 유지로 3시간 정도 달려봤는데 물론 차가 막히것도 있고 해서 평균 16km 정도 나오네요. 충전 자주 안해주면 연비 더 떨어지고요. 자가충전량 턱 없이 부족하고요. i8처럼 1대 1식은 아닌것 같습니다. 가정용 충전기 아무곳에서나 쓰면 안되니 주의해야 하고요. 파워큐브만 있는 곳에서 쓸 완속 케이블 없어서 타사 제품 사야 됩니다. 글구 구매 프로모션 할인등 현재 없습니다. 벤파 이용 50 또는 딜러 재량 잘 보셔야 합니다. ||| 구독 누르고 갑니다~~^0^ 앞으로도 좋은 리뷰 기대할게요 ||| 차지모드와 하이브리드 모드중 (컴포트모드 주행시) 어떤 작동방식이 연비가 높나요? ||| 중반부에 연비가 리터당 19키로라고 말씀해주셨는데요 평균연비인가요 아니면 고속주행시 잘나온 연비수치인가요 정확히 알려주세여! 궁금합니다!",자동차/탈것
_QwwBC1yoUI,일본 자동차 정기검사는 어떻게 할까? - 일본에서 차검받기 - 애니악,애니악TV_aniakTV,중고차시장 연관된 영상까지 만드시면 완-벽 ||| 한국은 검사할때 이거 이거 교환하는거 추천한다 그러고 나머지는 알아서 해주는 느낌인데 일본은 하나 하나 설명해주는게 좋은것 같네요 ||| 안녕하세요~ 애니악님^^ 저는 현재 독일 M사 메카닉으로 근무하고 있는 애청자 입니다. 영상에서 현지 메카닉이 엔진오일은 5000km 또는 반년이라고 설명했는데~ 1년 또는 10000km 전후로 하셔두 되구요~ 길게 타시더라도 15000km 까지는 괜찮으세요~ 변속기 오일 같은 경우엔 차량 연식이나 오일이 붉은색인걸로 보아 짧게는 30000km 이나 보통 40000~50000km 에 교환하시길 권해드립니다. 파워스티어링 오일은 크게 걱정 안하셔도 됩니다. 궂이 교환 안하셔도 괜찮으십니다. 스티어링오일 때문에 문제가 생기는 경우는 극히 드물구요~ 오일에 문제가 있다면 조향감이 약간 무거워질뿐 크게 문제를 일으키진 않습니다. 스티어링은 기계적으로 연결되어 있기에 주행중 스티어링이 잠기는 경우는 없으니 걱정 안하시고 주행하셔도 됩니다. 일본의 자동차정비센터가 많이 궁금했었는데~ 애니악님 덕분에 이렇게 접하네요^^ 감사합니다~ :) 궁금하신점 있으시면 언제든 연락주세요^^ ||| 부처님 오신날 기념 못본 영상 몰아보기 2탄! 여섯번째! 이렇게 비쌀줄이야! 인건비가 비싸서 그런건가요? 영상 잘 봤습니다! ||| 이런 영상 죠아요~ :),자동차/탈것
aEQuaEZ0tqk,2018년 두원공대 스마트자동차과 A반 정웅 자동차정비기능사 문제풀이 해설,오산대 자동차튜닝과 Rosejung_Prof.,,자동차/탈것
I372X9k6e8Y,[자동차보험] 렉스턴스포츠 공동명의 / 동일증권으로 보험절약하기 !!!,3355 유리나무,좋은 정보 너무 감사 합니다 ||| 정말 도움이 많이 됐습니다 !! ||| 오웃 좋은정보 감사합니다 ^^ ||| 감사합니다 ||| 공동명의 좋은 팁이군요 저도 렉스턴 스포츠에 관심이 많은데 보험때문에 걱정했거든요 ㅎ  감사합니다 ㅎ,자동차/탈것
bwSHQGBL46s,[한국 자동차 정비기기]  헤스본 HESHBON 리프트 설치영상,김형곤 (HESHBAN),집에다 하나 설치하고 싶네요. 아 집이 없구나. ||| 매립형 리프트 구매 설치까지 견적이 어떻게되나요?? ||| 줗아요,자동차/탈것
Tfk4h3WRzXM,"[수소자동차] 토요타와 현대차, 수소차 시대의 막강한 라이벌",Osori Channel오픈소스채널 (1억뷰 비디오s),세계최초의 양산을 하고도 한발짝 늦은게 아쉬울 따름이네요... 말로만 4차산업혁명이라고 하지말고 이럴때 확 주도권을 잡아야 할텐데 말이죠... ||| 개인적으로 디자인은 도요타인듯 ||| 만들면모하나 내차부품업어서 한달넘개서잇내요 ||| 개인적으론 넥쏘가 더 납니다 제가 토요타를 안타봐서인지는 모르겠는데 넥쏘는 타보니 승차감도 괜찮고 디자인면에서도 좋아서 넥쏘가 더 괜찮네요 (Dh hong님 화이팅) ||| 전기차도 가물가물한데 수소차가 가능할지,자동차/탈것
iLmw_XhQ_yo,자동차 급발진의 원인을 찾았다? / YTN 라이프,밀덕스,정말 멋지세요ㅜㅜ 역시 명장님! ||| 존경스런. 명장님. 급발진원인. 이렇게라도. 밝혀주시니. 감사합니다. ||| 현기 못 밝히는게 아니고 안밝히는것이다~~ ||| 존경합니다     명장중의 명장이십니다  인정합니다,자동차/탈것
ZpvuF6brgV0,이게 제대로된 중고차 !!! 그랜져 HG 출고 [중고차컨설턴트 와니🥇],중고차컨설턴트와니,이번영상에 말씀정말 멋지십니다.  훗날에 찾아뵈는순간이 기대가되네요! 올한해 와니님 고생많으셨습니다! ||| 와니님 고생많으세요 ㅎㅎㅎ 주말인데 푹 쉬세요!! ㅎㅎ ||| 할부도진행도와주시나요? ||| 차 진짜 최고네요 가격은 얼마인가요?,자동차/탈것
oc2NxWj10j8,"현대차, 토요 정비 서비스 개시",카24/7,,자동차/탈것
o398ECvq7O4,일반인의 스팅어 첫 느낌,SoominK,얼굴은 보여주고가~~~  짠!!!😊 ||| 별룽~! 오늘은 날이 많이 따뜻하네요!! ||| 별룽~~! 오늘도 영상 잘 보고 힘냅니다😊 ||| 요새 세계여행 영상 올려주셔서 재미있게보고 예전 영상들도 죽 다시보고있어요 근데 그러고보니 별이님영상은 광고가 잘안나오는것같은데 광고를 안보는 경우도 수익이 발생하나요? 혹시 영상이 짧아서 광고가 안나오나 그래서 혹시 수익이 발생안할까 생각이 들어서 ||| 별이님 영상중간부분에서 헤드업디스플레이라고 말한부분은 트립컴퓨터입니다 헤드업디스플레이는 유리에 나오는 화면입니다,자동차/탈것
mJJw0hITbNc,"푸조 3008 GT라인  "" 양승효같은 SUV "" 차알못을 위한 자동차 리뷰 - 윤키라이드",윤키라이드,(푸조)뉴3008 GT라인 멋있다. ||| 잘 봤어욥!!!! ||| 블랙 보고싶었는데 감사합니다~ ||| 잘봤어욥 ||| 👏🏻👏🏻👏🏻👏🏻👏🏻,자동차/탈것
RKXfVKSrJhE,자동차 수리. 정기.정밀검사,cheongdam global art center MIZNOBLE,,자동차/탈것
DZ9WjsnllQM,여성고객도 중고차 안심구매 할수있는 이곳! 쉐보레 스파크 출고 ! [중고차 컨설턴트 와니],중고차컨설턴트와니,고생많으십니다 와니님!! ||| 영상 잘보고있습니다~ 이번주 일요일 상담 받으러 갑니댜~_~,자동차/탈것
s2R6Q__EuMU,[중고차] 이제 푸드트럭 판매까지! 세상에 없는 자동차리뷰!,차파는최부장,더 저렴한건 없나요 청각장애자가 공원에서 한다고 하는데  약 500만원에서  800만원사이  사고 싶다고 합니다  연락주시고  사진 도 보여주시면 소개 해드려야 겠네요 이분은  옛날호떡 국화빵 을 장사를 경험하셨던 분이네요 좋은 정보 부탁합니다 ||| 현재 이차량은 구조변경을 해두었습니다.  등록증상 '푸드트럭'으로 되어 있어 지자체에서 허가 받을 수 있습니다 판매금액은 1390만원입니다. ||| 👍👨‍🍳👍 😍😘💕💓💗❤💖 ||| 혹시푸드트럭에캠핑카로제작되면얼마정도되나요? 어떻게상담받아야죠? ||| 정말 300백만원인가요,자동차/탈것
nHvIfgRMRe0,[현대캐피탈] 자동차 생활 연구소 #5.새봄맞이 차량관리 노하우,현대캐피탈,,자동차/탈것
YnhMKE-_vEw,Don't laughㅣTry Not To LAUGH challenge,턱형 (GOD-TUK),오빠 인스타 놀러와 godtuk  https://www.instagram.com/godtuk ||| 2:55게속눌러봐요ㅋㅋㅋㅋ ||| 0:20. 연태해보세요 악악악악ㅋㅋㅋ ||| 2:55계속 눌러보셈 날게 펴기임ㅋㅋ ||| 1:58 개속눌르몀 ㅋㅋ강아지가 도리도리함 ㅋㅋ,코미디
Vlr8YiXI5TM,대륙 클라스 & 재밌는 짤 모음 #1,SSUL썰랜라이프,,코미디
Hw80b5ygk_4,(짤방)웃긴짤모음,잘되면내탓,ㅋㅋㅋㅋㅋ재밌네요 편집도 잘 하셨고 ||| 오~ 얼굴 신기하네요~ 자막이 진짜 센스 ㅋㅋㅋㅋㅋ,코미디
NpTEd1I0mIc,과거 유재석이 김종국에게 당한 웃픈 일 (+웃음짤모음),뿜뿜TV,,코미디
cY7z8xECw6g,귀여운 동물 짤 모음 !!!,TV퍼니왕,,코미디
Bnkj58wJMB0,🔴캐릭터 확실한 김정은 웃긴 짤 모음ㅋㅋㅋ🔵,꾸꾸 TV,김정은 영어 스펠링도 틀리네 ㅋㅋ ||| 0:50 음 똑.같.다 ||| 1:07 김정은 조선TV애서 라이브 방송중 남조선님 쌀풍성 500개. 감사합니다. 조금만 더 후원하면 북한에 핵터지는꼴 볼꺼야 ㅋㅋ ||| 1:18 오마에와 모 신데이루 ||| 문재인이  이영상을  싫어합니다,코미디
9KsbIatSWPU,중고나라 웃긴 짤모음,TK TV,ㅋㅋㅋㅋㅋㅋㅋ,코미디
J86ij1jAPkU,예능레전드 패러디 모음 ㅋㅋㅋㅋㅋㅋㅋ웃음참기 도전?,웃소 Wootso,와 진짜 잘했다 ㅋㅋㅋㅋㅋㅋㅋㅋㅋㅋㅋ ||| 촬영구도까지.. 완벽... ||| 다 웃기지만 마지막 촛불이 진짜 대박ㅋㅋㅋㅋㅋㅋㅋㅋㅋ 카메라랑 편집이 리얼해서 더 잼나용 수고하셨어요!! ||| 미친거 아닙니까 ㅋㅋㅋㅋㅋㅋㅋㅋㅋㅋㅋㅋㅋㅋㅋㅋㅋㅋㅋㅋㅋㅋㅋㅋㅋㅋㅋㅋㅋㅋㅋㅋㅋㅋㅋㅋㅋㅋㅋㅋㅋㅋ 싱크로율 100 인데요 ㅋㅋㅋㅋㅋㅋㅋㅋㅋㅋㅋㅋㅋㅋㅋㅋㅋㅋ 아 눈물 나와요 ㅋㅋㅋㅋㅋㅋ 성희 언니 첫 씬 너무 예뻐서 오조오억번 돌려보고 있어요 ㅜㅜㅠ 사랑해요 다들 💕💕 ||| 와..진짜 웃소 대단하다..그냥 대단함..,코미디
66sD2NTKSzg,너무너무 귀여운 댕댕이짤 모음.심쿵 (+웃음짤모음),뿜뿜TV,너무 재미있게 봤어요~^^ 강아지 정말 키우고 싶네요! ||| 1:40 마미손!!??,코미디
F6I99LdHnVA,[웃긴영상]꿀잼 레전드 방송사고 모음!!,리뷰왕국토리TUBE,파리 동영상 볼 때마다 눈물 흘림ㅋㅋㅋㅋㅋㅋ  당사자들의 고통이 느껴지는데 너무 웃김 ||| 아 파리 형님ㅠㅠ 20년만에 봐도 웃깁니다 ||| 2025에 보시는분~!ㅋㅋㅋㅋㅋㅋ ||| 진짜 파리 한 마리가 전국민을 20년동안 웃기다니ㅋㅋㅋㅋㅋㅋ😂 ||| 아 박대기 기자라는 분 너무 안타깝 ㅜㅜㅋㅋㅋㅋㅋㅋㅋㅋㅋ 저 상황에서도 인내하시지만 표정에서 드러나는 감정이 이런 말 하면 안되지만 ㅜㅜ넘 웃픈 ㅋㅋㅋㅋㅋㅋ,코미디
SxRfIc6rTFU,군대 간 옥택연 개멋있는 근황  (+웃음짤모음),뿜뿜TV,,코미디
jzPGWf6EJwU,2018년 가장 흥했던 댓글 짤 모음,낫코리안,"오~  이번 콘텐츠는 귀엽고, 웃기고, 재미있고, 스마트하고, 핸썸하십니답. 가끔 가벼운것도 즐거운거 같습니다. ||| 구독구독구독구독 !!! 새해복 많이 받으세욥 !! ||| 그나저나 저 토끼모자랑 넘 잘 어울리자나여,,🐰💕 ||| 용주 2018년 고생했어.   내년엔 더 자주만나자~~ ||| 새해 복 많이 받아요 용주행님~",코미디
Te-vVXQVs_Y,2018 최신 귀여운 고양이 웃음참기 모음 ㅋㅋㅋ 😻😻😻,랭킹국,2018 최신 귀여운 고양이 모음 ㅋㅋㅋ 😻😻😻,코미디
72AkK8tg2QU,2018 유니스트 오티  | 박철현 | 스탠드업 코미디 (15분 순삭),박철현,2025. 곧 뜨시겠네요. ||| 제 기준에선 유병재 스탠드업 코미디랑 비교도 안되게 재밌네요. 앞으로 자주 영상 볼수있었음 좋겟네요. ||| 넷플릭스 뭐하냐 박철현쇼 만들어죠라✊✊ ||| 아 ㅋㅋㅋㅋ '버럭'에서 빵터짐ㅋㅋㅋ 재밌게 봤네요. 응원합니다 ^.^ ||| 우왕.. 이렇게 재밌는건 반복해서 들어도 재밌을듯,코미디
SzZKsOZKF4I,개그계의 레전드 앞에서 레전드 코너 새롭게 바꿔서 연기해보깈ㅋㅋㅋㅋㅋㅋ(feat.슈개맨),보물섬,삐처리된 부분은 요런 대사였습니다아~^^  눈까리를 쪽 뽑아가꼬 먹물뽈아 먹어븐다잉~  니놈의 창자를 꺼내가꼬 엮어가꼬 그걸로 줄넘기를 해불라니까   니놈아색희 주둥아리가 문제여 재봉틀을 가져와가꼬 주둥아리 쭉 ~늘린다음에 믹싱작업들 완료해가꼬 고물상에 팔아 넘겨블라니까! 자세히보기 ||| 우왕 현장에서 직접 보구싶당 ㅠㅠㅜ ||| 진행이 반이상 먹고 들어가네요. 진짜 중요한데 잘하십니다. ||| 김동현:노력파 강민석:재능파 이현석:배고파 ||| 와 동현님 대사 다외운 거 봐 다른분들도 대사치실때 입모양으로 다해... 무서운 사람...,코미디
w5lHEiuObuQ,[스탠드업 코미디] 여친한테 거짓말 하는방법 - 클레이튼 토마스,St “A-to-Z” Broadcast,리사는 언년이야 할때 표정 압권ㅋㅋㅋㅋㅋㅋㅋㅋㅋㅋㅋㅋㅋㅋㅋㅋㅋㅋㅋㅋㅋㅋㅋㅋㅋㅋㅋㅋㅋㅋㅋ ||| 아 마지막 순서 다 까먹는거 존나 웃기네 ㅋㅋㅋㅋㅋㅋㅋㅋㅋㅋㅋㅋㅋㅋㅋㅋㅋㅋㅋㅋㅋ ||| 4분 동안 거를 타선이 하나도 없네 미친ㅋㅋㅋㅋㅋㅋ ||| 뭔가 흑인 억양이 참 좋단말이죠 잘보고 갑니다 ||| 4:13 레전드 시작,코미디
I6mm-XGOdts,[스탠드업 코미디] 호기심 해결사 - 댄 아닷(한글자막),St “A-to-Z” Broadcast,"와 마지막대사 지리네요 관객반응 예상하고 준비한멘트같은데 ㅋㅋ ||| 마지막 멘트 뜨끔하네요. 사람들은 멕시코인이 감전당하는거보다 강아지가 아픈거에 더 예민하다... ||| 마지막 센스 지렸따 , 멕시코인 하고 강아지 반응 차이 봐 ||| 앞부분의 도청장치가 있다 부분에 하는건 머리어깨무릎발입니닼ㅋㅋㅋㅋㅋㅋㅋ ||| 마지막 멘트 소름돋네 이중성을 이렇게 찔러버리네",코미디
osRXQVYdvss,[스탠드업 코미디] 수의사에게 진료를 받는다면 - 알론조 보든(한글자막),St “A-to-Z” Broadcast,한뚝배기 했대 초월번역 ㅋㅋㅋㅋㅋ ||| 1:46 왠지 모르게 3번 이상 다시 보게 됨 ||| 붕어빵 뭐야 원래 아니잖아요ㅋㅋㅋㅋㅋㅋㅋㅋㅋㅋㅋ ||| 곰한테 먹힌친구가 자기 죽은 썰을 이야기하는게 킬링포인트 ㅋㅋㅋ ||| 알론조 보든은 볼때마다 항상 빵터지네여 ㅋㅋㅋㅋㅋ,코미디
WpJwVlp9PvY,[스탠드업 코미디] 손님 평가 - 에릭 마이어스(한글자막),St “A-to-Z” Broadcast,"아니 몸이 어떻게 저렇게 움직이지 ㅋㅋㅋㅋㅋ 몸동작땜에 더 웃기네 ||| ㅋㅋㅋㅋㅋㅋ누구보다 점잖게 우버 이용할 것 같아서 더 웃김.  뭔가 착실하고, 소심한 사람의 머릿속을 형상화 한 듯한 코미디 타입. 어렵지 않고 원초적인 코미디! b ||| 언제나 화가 나있는 저분... ||| 와 저게 지속가능한 발성이라니 ||| 이분 타코벨것도 그렇고 너무 재밌음ㅋㅋㅋㅋㅋ 속이다 시원함ㅋㅋㅋ",코미디
aUfVFvhnJiA,Danny Cho - 나이가 들수록 (스탠드업 코미디),Danny Cho 대니초,"정주행중입니다 존잼 ||| 쇼츠에서 우연히 보다가 중독되서 구독했어요 ㅋㅋㅋ 진짜 너무 유쾌하십니다 ㅋㅋㅋ ||| ㅋㅋㅋㅋㅋㅋ진짜 대니초님 너무 재밌어요 ㅋㅋㅋ현장은 진짜 10배 더 웃깁니다 ||| 드디어 한국에도 스탠드업 코미디를 볼 수 있게 됐네요. 반갑고, 보다 빵 터졌네요ㅋㅋㅋㅋ ||| 우연히 보게 되었는되 너무 웃기네요~~^^",코미디
FqoSwRcEcw4,[스탠드업 코미디] 스탠드업 코미디는 섹스와 닮았다 - 트래버 노아(Travor Noah),june cha,"2:25 해석 못하신 부분은 you put .22s on the English language. It's got rims that pimp my language.라고 말하고 있습니다.  22구경 탄이라고 미국에서 특히 대중적으로 사용되는 저위력의 저렴한 총기 탄약구경인데, 현대식 탄들과 달리 1800년대 래버액션 소총들의 튜브탄창방식이 유행할 때 개발된 탄약이라 림파이어방식이라는 형태를 갖추었습니다. 탄약의 바닥이 탄지름보다 넓게 반지 하나를 씌워놓은것처럼 생겼는데, 이 때문에 현대식 자동화기에 이 탄약을 적용하면 이 튀어나온 림이라는 부위 때문에 걸리적거려서 급탄불량이 자주 발생합니다. 멀쩡한 탄약인 영어에 미국인들이 림을 붙이듯이 이상한 짓을 해놓아 22구경마냥 괴상하게 망쳐놓았다는 비유입니다. 트래버 노아가 세계 어느나라에 가서 공연을 해도 그 지역의 공감대를 살법한 멘트를 준비해간다는 특징을 보여주는 부분입니다. ||| ㅋㅋㅋㅋㅋㅋ ||| ㅋㅋㅋ ||| ㅋㅋㅋㅋ",코미디
106Kotms8Ak,스탠드업 코미디하는 방법 7단계,코미꼬,"한국사람이  스페인어로 스페인사람을  웃기시다니 당신의 열정과 패기에 박수를  보냅니다 ||| 멋지다 병선이~~~~  구독했어~^^ ||| 담배 오줌 개그 너무 신선하네요 ㅋㅋㅋ 수위도 높고 이런 개그들이 받아들여지는나라 와 자신감있게 개그하시는모습이 부럽습니다 스페인 유명인사가 되는날까지 응원하겠습니다 . ||| 진짜 멋있네요. 대학 발표만 해도, 쪽팔리기 싫어서, 절기 싫어서 대본보고 하는데 반성하고갑니다.. ||| 수년 후에 이 영상은 후배 스탠드업 코미디언들의 성지가 됩니다.",코미디
i25abSvbBOM,[스탠드업 코미디] 고객서비스 - 아리사 스피어스(한글자막),St “A-to-Z” Broadcast,채드 ㅋㅋㅋㅋ 너무나 백인 이름 ㅋㅋㅋㅋ ||| 번역 덕에 더 재밌어요ㅋㅋㅋ 덕분에 늘 딴 나라 개그도 이해하고 가요-ㅋㅋㅋㅋㅋㅋ ||| ㅋㅋㅋㅋㅋㅋㅋㅋㅋ고갱니이이이임❤ ||| 그와중에 백인 엔딩 훈훈한거보소 ㅋㅋ ||| 이 영상은 마지막 15초를 위한 밑밥에 불과하다 1:53,코미디
v2anlnUvOh8,총기난사 해결책 - 알론소 보든,KnowmSayin유남생,"""흑인 대통령이라고!?"" 까지는 알론소가 진짜 똑똑하구나 싶었는데  ""그래 그럼 걔 주인이 누군대"" 에서 그냥 천재가 아니라 스탠드업에 대해서 연구도 엄청 빡세게 했구나 싶었다 ||| 와.. ㅋㅋ 세게 나오네욬ㅋㅋ  총알 오천달러 이후 오랜만에 빵터집니다. ||| ㅋㅋㅋㅋㅋㅋㅋㅋㅋㅋㅋㅋㅋㅋㅋㅋㅋㅋㅋㅋㅋㅋㅋㅋㅋㅋ 멕시칸 ㅋㅋㅋㅋㅋㅋㅋㅋㅋㅋㅋㅋㅋㅋㅋㅋㅋ ||| ‘블랙’ 유머네요. 묵직한데요 ㅋㅋㅋ ||| 썸네일에 노루가 저러고 있는 이유가 있었네 ㄷㄷ",코미디
uaeLv_q086w,[청페강연] '나 때는 더 심했어'라고 말하는 꼰대들에게 - 유병재,마이크임팩트,꼰대들이싫어하는것:말대꾸 꼰대들이항상하는것:말대꾸 ||| 꼰대 욕한다고 해서 어르신들 욕하는건 아님. 꼰대는 나이 불문임. ||| 꼰대와 선배의 차이 1. 꼰대는 자기를 높인다. 그러나 선배는 겸손하고 사람을 아낀다. 2. 꼰대는 과거에 산다. 그러나 선배는 현재의 삶과 미래의 대비에 충실하다. 3. 꼰대는 사회생활에 대해 시비를 따진다. 그러나 선배는 정의롭지 못한 것을 짚고 넘어간다. 4. 꼰대는 후배 앞에서 강해진다. 선배는 선배 앞에서 강해진다. ||| 근데 나는 항상두렵다 나도 늙어서 꼰대짓 정말안할까? 내가 아무리 그렇겐 안늙는다곤 하지만 정작 내가 늙었을땐 시대가 많이 변할꺼고 내가 살아왔던 가치관과 정말 많이 바뀌었을때도 정말 나는 꼰대가 아니야 라고 말 할수있을까...,코미디
WAT7VYI618g,[스탠드업 코미디] 할로윈 코스튬 - 마이크 마리아노(한글자막),St “A-to-Z” Broadcast,알덴텤ㅋㅋㅋㅋㅋㅋㅋㅋ 진짜. 이름만 들으면. 이탈리아 괴짜 루팡 아니면. 조금 허술한 영웅같은 이름인데.문제는 그 이름이 덜익힌 스파게티라는 뜻이라서 미치겠닼ㅋㅋㅋㅋㅋㅋ (아무말) ||| 넌 미디엄 레어란다 ||| ㅋㅋㅋㅋㅋㅋㅋ 오늘도 웃고가요ㅋㅋㅋㅋ 알덴텤ㅋㅋㅋㅋㅋㅋㅋㅋㅋ ||| 스파게팈ㅋㅋㅋㅋㅋㅋㅋㅋㅋ 항상 잘 보고 있습니다!! ||| 스파게티도 먹고 싶군요.. 즐겁게 보시고 의역 오역 피드백 환영합니다 :),코미디
cX0ZnCkqnQQ,[스탠드업 코미디] 성적표를 위조하다 - 펠로니우스 뭉크(한글자막),St “A-to-Z” Broadcast,정말 불우했던 환경을 개그로 승화. 눈물ㅜㅜ ||| ㅋㅋㅋㅋㅋㅋㅋ 파란색잉크에서 터졌네 진짜 ㅋㅋㅋㅋㅋㅋㅋㅋㅋㅋㅋㅋㅋ ||| 3:29 아빠한테 마더퍼커라닠ㅋㅋㅋㅋㅋ하긴 아빠한테만 써야하는 말이긴햌ㅋㅋㅋㅋㅋㅋㅋㅋㅋ ||| 알아듣진 못하겠는데 뭔가 졸라 멋있는 액센트야. 입만 열면 랩이 그냥 나오네 ㅋㅋㅋ ||| 이 영상에 비트만 깔면 웬만한 국산 힙찔이들 보다 나을것 같다 ㅋㅋㅋ,코미디
lG_YCMNTTxo,[스탠드업 코미디] 타코벨 입사지원서 - 에릭 마이어스(한글자막),St “A-to-Z” Broadcast,"이 사람 머리 엄청 잘움직인다 목이 좋은가봐 ㅈㄴ 무슨 딱따구리나 새 마냥 위아래로 ||| 되게 매력적인 분이시고 재미있으신 분이라 방금 찾아봤는데, 올해 2월에 교통사고로 돌아가셨다는 뉴스가 있네요. 정말 안타깝습니다. R.I.P Erik Myers ||| 이미 약 한사발 하고 올라가신것 같은데 ㅋㅋㅋㅋㅋ ||| ㅋㅋㅋㅋㅋㅋㅋ 역시 스탠드업은 파산한 사람들이 재밌네요ㅋㅋㅋㅋㅋ 잃을게 없는 사람들ㅋㅋㅋ ||| 그 나홀로 집에 도둑중 한명이 생각나는건 뭐짘ㅋㅋㅋ",코미디
X32sfrlTiIM,"[스탠드업 코미디] 부모를 위한 ""꿀팁"" - 러스 윌리엄슨(한글자막)",St “A-to-Z” Broadcast,"사회적으로 문제가 있는 이슈를 웃음으로 승화시키면서 경각심을 일으킬 수 있는 스탠드업 코미디의 장점이 나타난 편이였네요. 올 여름에도 유치원에서 끔찍한 사고가 있었던 것으로 기억하는데.. 이런일들이 없어졌으면 좋겠습니다. ||| 2:23 이 부분 번역이  ""니네 인생 최대의 실수가 뒷좌석에 있다는걸 까먹냐""가 맞는거 같습니당..부모를 가리켜 아이가 '니네 인생의 최대 실수'라고 표현한거 같아용! ||| 이런게 진짜 블랙코미디다  사회적인 이슈들 비판하면서도 정말 재밌다 우리나라도 이런류의 개그들이 많아졌으면 ||| 이 분 저번 영상도 그렇고 진짜 재밌네요ㅋㅋㅋㅋㅋㅋㅋㅋㅋㅋ 처음엔 좀 씁쓸하다가 허?! 할 때 터졌습니다 ㅜㅜㅋㅋㅋ ||| 아니 말투랑 억양 왜이리 웃기지 ㅋㅋㅋㅋㅋㅋㅋㅋ 하아ㅏㅏㄱ아앗?!",코미디
N6OQjVGC3uc,[스탠드업 코미디] 20살 - 모세 캐시어 2부 (한글자막),St “A-to-Z” Broadcast,와 그냥 잡담시간인가 했는데 주섬주섬 재료모으고 있었던거넼ㅋㅋㅋㅋㅋㅋㅋㅋㅋㅋ ||| 와 진짜 천재같다 ㅋㅋㅋㅋㅋㅋㅋㅋㅋ 스탠드업코미디가 즉흥처럼 보여도 나름대로 코미디언들이 치밀하게 대본을 짜 오는거라고 알고 있었는데 이 사람꺼는 뭐 랩으로 치면 프리스타일이네요 ||| 워우 존나 잡담하면서 머리 팽팽굴리고있었네 ㅋㅋㅋㅋ ||| 와 다름아닌 입담 하나로 다 휘어잡네 ㅋㅋㅋㅋ 진짜 잘한다 ||| 와 이거 갑분싸 아니면 레전드 모 아니면 도인데 결국 살렸네,코미디
yTVWha2-roA,[스탠드업 코미디] 20살 - 모세 캐시어(한글자막),St “A-to-Z” Broadcast,나치 밑에 아베크롬비 모델이랬는데 하필이면 독일인ㅋㅋㅋㅋㅋㅋㅋㅋㅋㅋㅋㅋ ||| 목소리톤이 너무 제 타입....ㅋㅋㅋ큐ㅠㅠ 이런 소통식 코미디 너무 재밌네요ㅎㅎ 잘 봤습니다~ ||| 항상 잘 보고있어욤😆 나치 밑에 아베크롬비모델이라닠ㅋㅋ 받아치는게 진짜 보통센스가 아닌듯하네요 ||| 헐 독일인 분.. 어케 ㅋㅋㅋㅋㅋㅋㅋㅋㅋㅋ 그래도 잘 빠져나가시네.. ||| 와...순발력이 장난 아닌거 아닌가 대화하면서 즉석으로 ㄷㄷ,코미디
DJLSk8PeA-c,야한 농담 하나 없이 웃음을 이끌어내는 스탠드업 코미디,천재이승국 GeniusSKLee,"씅국님도 성드립없이 웃겨주셔서 애들한테 전도중입니다:> ||| 트레버 노아!! 저도 엄청 좋아해요!!   트레버 노아 같은 스타일의 스텐드업 코미디 좋아하신다면, 가브리엘 이글레시아스랑 크리스텔라 알론소도 추천드려요!! ||| 오 트레버노아 저도 좋아하는데ㅋㅋㅋ 넷플릭스에 나오기도 전에 유튜브로 영상 보고 그랬었어요ㅋㅋ 뭔가 유머러스한데 젠틀하고 고상한 느낌:) 승국님이랑 비슷한 거 같아요! ||| 바바이 안하셨네욤 뭔가 (마음속으로 같이 외칠려했는데 없다니 섭섭) ||| 유투버님 되게 그거 닮으셨네요.....노란색 라바! 짱신기",코미디
hGBysAIoiHM,[스탠드업 코미디] 연인과의 대화 - 클레이튼 토마스(한글자막),St “A-to-Z” Broadcast,"아 이거 그 짤 생각난다ㅋㅋㅋㅋㅋㅋㅋ 어느 짤에서 ""내게 명령할 수 있는 여자가 아무도 없던 시절(근육질 험악한 남자)"" ""지금(상탈한 채 요정 치마 입은 남자와 차 따라주는 딸)""<-이 짤 ㅋㅋㅋㅋㅋㅋㅋㅋㅋㅋㅋㅋ ||| 점점 이해하고 존중하고 맞춰가게 되는거져 연애라는게 ㅋㅋㅋ ||| 이런거 보면 남녀관곈 만국 공통 같아욬ㅋㅋㅋㅋㅋㅋ ||| 뉘앙스가 중요한 코미디군요 ㅋㅋㅋ ||| 비트만 깔면 곡하나 나오겠는데?",코미디
IIFWIxnxM6A,[스탠드업 코미디] 50살이 넘으면 생기는 일 - 마이크 마리아노(한글자막),St “A-to-Z” Broadcast,늙는거 관련 농담은 이야기는 비슷 할 수 밖에 없으니 말하는 사람이 얼마나 맛깔나게 살리는가에 따라서 승패가 갈리는거 같다 ||| 영상 위에서부터 아래로 쭉 정주행 중인데 번역센스가 장난이 아니시네요. 그런데도 구독자가 2만명 조금 넘는다는게 정말 이해가 안갈정도에요. 저도 만화랑 영상 번역을 가끔 하는데 현지에서 쓰이는 용어들은 어반딕셔너리 같은곳에서나 찾을수 있어서 굉장히 애먹을 때가 많거든요. 그외에 은어같은것도 있지만 속담이나 이전 영상들에 나왔던 중고추 라던가 보드싸만코 처럼 뜻도 정확히 맞추면서 동시에 재미있게 살려내는게 곧 실력이 아닐까 생각하는데 그런부분에서 정말 존경합니다. ||| 예전에 모델이었지 에서 사람들 웃는거ㅋㅋㅋㅋㅋㅋㅋㅋ ||| 저 사실 이 양상들 옛날에 다 본것들인데 우연히 번역자막된걸 발견한후 번역을 잘 살펴봤는데… ㅎㅎㅎ 진짜 잘 하셨습니다. 저는 교포라 한영둘다 되는데 번역은 맥락에 맞게 센스있게 잘해야하거든요. 근데 아주 잘 하셨어요. 이 영상 뿐만아니고 지금 2시간째 봣네요 ㅋㅋㅋ ||| 슬픈 얘기인데 나는 왜 웃고 있나...,코미디
_7FZGFIu9yE,[스탠드업 코미디] 우연한 도둑질 - 닉 게라(한글자막),St “A-to-Z” Broadcast,고자질하면 고자된다라니 ㅋㅋ 정말 적절한 번역인 것 같습니다 ㅋㅋㅋㅋ ||| 번역 진짜 기립박수... ||| 엄마가 무단횡단 가르쳐주심 ||| 고자질 하면 고자 된닼ㅋㅋㅋㅋㅋㅋㅋㅋ찰진 변역보솤ㅋㅋㅋㅋㅋㅋㅋㅋㅋㅋㅋㅋㅋㅋㅋㅋ Snitches get stiches가 ㅋㅋㅋㅋㅋㅋㅋㅋㅋㅋㅋㅋ 굳굳 롸임도 완벽 ㅋㅋㅋㅋㅋㅋㅋㅋㅋㅋㅋㅋㅋㅋㅋ ||| 저 꼼수는 만국공통인가봅니다 ㅋㅋ 즐겁게 보시고 의역 오역 피드백 환영합니다 :),코미디
QONmqdH1l_0,[한글자막] 스탠드업 코미디 - 일본 사람들이 마약 파티를 하면,MyeongHunE,뭐야 이 나사 빠진 사람은 ㅋㅋㅋㅋㅋㅋㅋㅋ ||| 중간중간에 쉬는 텀이 묘하게 웃기네 ㅋㅋㄱㅋ ||| 마지막 겁나 씨게 맥이는거 웃기네ㅋㅋㅋㅋ ||| ㅋㅋㅋㅋㅋㅋ먼가 특이하게 웃기당ㅋㅋㅋㅋㅋㅋㅋ ||| ㅋㅋㅋㅋㅋㅋㅋ동양인들이 한것중에 이게젤 잘짠듯ㅋㅋ,코미디
pfLE58D2YOM,Gabriel Iglesias - 6단계의 뚱뚱함(한글자막),민두네집,"넷플릭스에 올려져있던 풀버젼을 유일하게 다 본 스탠딩 코미디언... 개그가 엄청 재밌었다기보다 사람이 참 괜찮았던 것 같습니다. 제 기억이 명확하다면 아들이 있는 여자(당근 유부녀는 아님)와 교제를 했었는데 아들에 대한 자세가 감명깊었던 것 같아요. ||| I didn't get the ""picture of a dinosaur"" joke at first, but then I realized it was a Gator shirt reference. ||| 0:41 lol ||| I have never laughed harder or higher in my life 🤣 ||| Still one of the best so thumbs up for the upload",코미디
wt12hizGMN4,[스탠드업 코미디] 징징이 여자친구 - 조이 메디나(한글자막),St “A-to-Z” Broadcast,위자보드 개웃기네 진짜ㅋㅋㅋㅋㅋㅋㅋㄱㅋㅋㅋㅋㅋㅋㅋㅋㅋㅋㅋㅋㅋㅋㄲㅋㅋㅋㅋㄱㄱㄲㅋㅋㅋ ||| 진짜 마지막 개그가 미쳤다ㅋㅋㅋㅋㅋ ||| 아재개그 마지막에 임팩트 미쳤네욬ㅋㅋㅋㅋ ||| 고추바사삭ㅋㅋㅋㅋㅋㅋㅋ 번역을 재치있게하셨네욬ㅋㅋㅋ ||| ㅋㅋㅋㅋㅋㅋㅋㅋㅋㅋㅋ저 사람 마음에 들지는 않는데 위자보드는 개웃겼닼ㅋㅋㅋㅋㅋㅋㅋㅋㅋㅋㅋㅋㅋㅋㅋㅋㅋㅋㅋㅋㅋ,코미디
wy_2gXtmf5I,[스탠드업 코미디] 워킹데드의 냄새들 - 러스 윌리엄슨(한글자막),St “A-to-Z” Broadcast,하긴 ㅋㅋㅋㅋ 몇개월 썩은 음식냄새도 존 시나 지독한데 걸어다니는 시체랑 시체들은 미친듯이 냄새나겠지 ㅋㅋㅋㅋ 근데 냄새 연기를 넣으면 워킹데드 미드에 반은 냄새 연기일듯 ||| ㅋㅋㅋㅋ워킹데드 재밌게 봤었는데 이생각은 못했었네요 ||| 버녘 현지화 무엇... ||| cab driver's lunch =한국에선 기사식당 메뉴 ㅋㅋㅋㅋㅋ 완전 초월번역 ||| ㅋㅋ 난 이생각함 안씻고 키스 쪽쪽하거나 아침에 일어나자마자 뽀뽀할때마다 냄새안나나 ㅈㄴ신경쓰였음,코미디
THtaxKHGjOY,국내 최초 스탠드업 코미디 크루 쇼 teaser [KOREA STAND UP LIVE COMEDY SHOW],개그매거진,내가 여기까지 오게 되다니 ||| 멋있따!! ||| 찐팬이에요 ㅎㅎ 응원합니다 !!! ||| 정재형 뭔데 말랐냐고... ||| 이거 인터넷에서  버젼 없나요 ?,코미디
v2LMRybrx1w,[까브라더쑈] 국내 최고 듀오 스탠드업코미디쇼~! 에렐렐레 ㅔㅔ,부산국제코미디페스티벌,ㅋㅋㅋㅋㅋㅋㅋ 디케이 리랑 우주의 언어 섞어 놓은 것 같아요 ㅋㅋㅋ ||| 0:07 우리 창호 눈 뒤집어 까는 건 세계 최고야 ..... ||| 고대 유물이 끊임없이 쏟아져내리네요 ||| 왜 부산살면서 한번도 가보질않았는지... 코미디 좋아하면서 현장감 느껴보지못한게 너무 아쉽네요ㅠㅠ ||| 열씨미 살았구나 진짜..!!!!!,코미디
hXDaHnoFSVA,[스탠드업 코미디] 선생님으로서 - 댄 크론(한글자막),St “A-to-Z” Broadcast,씨익 웃을때 표정잌ㅋㅋㅋㅋㅋㅋㅋㅋ ||| 간만에 본 뭔가깔끔한토크네요 ||| 샌드위치 먹고 싶네요.. Enjoy! And have a good day :0 ||| 항상 감사하다뇨 저희가 감사하지ㅎㅎ ||| 다른애한테 돈주고 시키는겈ㅋㅋㅋㅋㅋㅋㅋㅋㅋㅋㅋㅋ,코미디
nrXFoXrk6cI,(ENG SUB) 맛있는 녀석들 상황극 모음집 4탄 종합선물세트 [맛있는 녀석들 Tasty Guys],맛있는 녀석들 (Tasty Guys),이렇게 4명이 할때가 정말 재밌었는데.. 너무 그립네요. ||| 오랜만에 곰탕 보러와서 실컷웃었네요 이 네분이서 하실때가 전성기였던것 같아요 한때 하루죙일 맛녀석만 틀어놨었는데 다시봐도 개재밋네요 진짜 ||| 아진짜 어느 방송에서 혼성그룹이 이렇게 뒷말 없이 재밌게 잘 놀까 ㅋㅋㅋㅋㅋㅋㅋㅋㅋㅋㅋㅋㅋㅋㅋㅋㅋㅋㅋㅋㅋㅋㅋㅋㅋㅋㅋ진짜 최고다 ㅋㅋㅋㅋㅋㅋㅋㅋㅋ ||| 정말 맛녀석은 게스트 없이 저들만 있을때가 가장 잼있음 ㅋㅋㅋㅋ ||| 일단 한 명이 던지면 다른 세 명이 기다렸단듯이 너무 잘 받아준다ㅋㅋㅋ  네분 호흡 진짜 최고예요👍👍,코미디
YRpMzyVjUvc,(ENG SUB) 맛있는 녀석들 상황극 모음.zip 제 1탄 '가족'편 [맛있는 녀석들 Tasty Guys],맛있는 녀석들 (Tasty Guys),우리 세윤이 이래많이컸습니다할때 바로 수줍읍.낯가리는 연기 진짜 대박 ㅋㅋㅋ ||| 개인적으로 두부편레전드 ㅋㅋㅋㅋㅋㅋㅋ 문세윤 아들연기 정통임 ㅋㅋㅋㅋㅋㅋㅋㅋ낯가리면서 두부 내미는거 ㅋㅋㅋㅋㅋㅋㅋㅋㅋ ||| 문세윤 어린이연기 미쳤닼ㅋㅋㅋㅋㅋㅋㅋㅋㅋ 오ㅑㄹ케 연기를 쎄게하녵ㅋㅋㅋㅋㅋㅋㅋㅋㅋㅋㅋㅋㅋ 너무 잘해서 눈물날뻔했는데 옆에 김민경 진짜 울엌ㅋㅋㅋㅋㅋㅋㅋㅋㅋㅋㅋㅋ 울리기 쉬운사람 탑5에 든다 진짴ㅋㅋㅋㅋㅋㅋㅋㅋ ||| 아 진짜 제작진분들 어떻게 이렇게 넷을 모을 생각을 했어요 대쳌ㅋㅋㅋㅋㅋㅋㅋㅋㅋㅋㅋㅋㅋㅋㅋㅋㅋㅋ 세상 제일 웃곀ㅋㅋㅋㅋㅋㅋ ||| 아 볼때마다 느끼는데 다들 연기 너무 잘해ㅋㅋㅋㅋㅋㅋ어떤상황극에도 찰떡같이 자기역할 찾아서 되게 자연스럽게 잘함ㅋㅋㅋㅋㅋㅋㅋㅋㅋ넷이 호흡이 장난아님ㅋㅋㅋㅋㅋㅋㅋ볼맛나ㅋㅋㅋㅋㅋㅋㅋㅋㅋ,코미디
rs5GxLjKKNs,(Eng sub) 맛있는 녀석들 상황극 모음.zip 제 2탄 '사랑'편 [맛있는 녀석들 Tasty Guys],맛있는 녀석들 (Tasty Guys),다음주도 급하게 끝날 예정이니 우리 맛둥이 여러분 모두 당황하지 않기!! 다음주에 덕만이랑 함께해요♥ ||| 하 진짜 이때가 레전드였는데.....뚱4 그리워 ㅠㅠㅠㅠㅠㅠㅠㅠ ||| ㅋㅋㅋㅋㅋㅋㅋㅋㅋ 떡볶이편 진짜 몇해동안 몇번을 다시 보는거야 대체…. 레전드… ||| 진짜 미운 사람 한명 없이 다 좋아ㅋㅋㅋㅋㅋ문세윤씨랑 유민상씨 콩트 진짜  세젤웃ㅠㅠㅋㅋ ||| 먹을거 말고도 이렇게 웃기니 프로가 장수 할수 밖에...ㅋㅋㅋ,코미디
0y59uCQYPOU,(ENG SUB) 맛있는 녀석들 상황극 모음집 5탄 '네버엔딩 상황극' [맛있는 녀석들 Tasty Guys],맛있는 녀석들 (Tasty Guys),진짜 유민상이 끝도없이 상황극 여는데 문세윤이 막내라는 이유로 계속 힘들어 죽을려고 하면서도 받아주면서 네어앤딩 이어지는게 진짜 개꿀잼. ㅋㅋㅋㅋ 문세윤 힘들어하면서 다 받아줘 ㅋㅋㅋㅋㅋ 에휴하면서 ㅋㅋ ||| 유민상이 진짜 겁나게 웃김ㅋㅋㅋㅋㅋ단순 애드립 꽁트를 잘하는걸 넘어서서 상황의 흐름이랑 맥락을 진짜 잘 짚고 웃음으로 승화시킴ㅋㅋㅋ유민상은 개콘에만 두기엔 너무 아까운인재다 ||| 되게 하기 싫어하는 표정인데 찰지게 받아주는게 문선생의 매력ㅋㅋㅋㅋㅋㅋ ||| 민상이형 개그 박사인듯... 깨알같은 소재가 끝이없네... 당황한 기색없이 그대로 받아치는 문선생 센스는 천재적이고 ||| 누가됐든 일단 상황극펼치면 문선생이 귀신같이 끼어들어서 받쳐줌 여윽시 제일 선배클라스 ㅋ,코미디
KXWIusXs4ME,(ENG SUB) 맛있는 녀석들 상황극 모음집 3탄 덕만이편 [맛있는 녀석들 Tasty Guys],맛있는 녀석들 (Tasty Guys),감자에 속는거 100번 봐도 100번 다 웃겨ㅋㅋㅋㅋㅋㅋㅋㅋㅋㅋㅋㅋㅋㅋㅋㅋㅋㅋㅋㅋ 덕만이 너모 귀여운거 아님??ㅋㅋㅋㅋ ||| ㅋㅋㅋㅋㅋㅋㅋㅋㅋㅋㅋㅋ덕마니콩트 받아주는 맛녀석들도 넘나 웃겨ㅋㅋㅋㅋ특히 커리편에서 김준현이 고추밭에 농약은 치고 그러는겨에서ㅋㅋㅋㅋㅋㅋㅋㅋㅋ ||| 막둥이가 꽁트 이끌어갈 때가 제일 재밌어요ㅋㅋㅋㅋㅋㅋ 다들 막내 귀엽다는듯이 반응해주는 것돜ㅋㅋㅋㅋㅋㅋㅋㅋㅋㅋㅋ ||| 이젠 승리가 부럽지 않으시죠? 묵묵히 가장으로 열심히 일하는 당신이  진정한  삶의 오너입니다 ||| 재혼드립 듣고 진짜 물개박수쳤다 유민상 미쳤음ㅋㅋㅋㅋㅋㅋㅋㅋㅋㅋㅋㅋㅋㅋ,코미디
8qM2ydDLAvI,상황극에 중독된 여동생 1~5탄 모아보니 진짜 한편의 드라마가 됐엌ㅋㅋㅋㅋㅋㅋㅋㅋㅋ,조재원,"벌써 8년전이라고..?? ||| 아니 찹살떡 개웃기다고 ㅋㅅㅋㅅㅋㄱㅅㅋㄱㅋㅅㅋㄱㅋㅅㅋㄱㅅㅋㅅㅋㅅㅋㅅㅋㅋㅋㄱㅋㄱㅋㄲㅋㄱㅋㄱㅋㄱㅋㄱㅋㄱㅋㄱㅋㄱㅋㄱㅋㄱㅋㄱㅋㄲㅋㄱㅋㄱㅋㄱㅋㄱㅋㅅㄱㅋㄱㅋㄱㅋㄱㅋㄱㅋㄱㅋㄱㅋㄱㅋㄱㅋㄱㅋㄱㅋㅋㅅㅋㄱㅋㄱㅋㄱㅋㄱㅋㄱㅋㄱㅋ ||| 추억이다 추억 이때는 상황극, 몰카 이런게 유행 별로 안 했어서 모든 편이 다 신선하고 재밌었음. 무엇보다 여자분께서 너무 이쁘셔서 기억에 남음 ||| 2025년 보는사람ㅋㅋㅋㅋ ||| 보면볼수록 조재원님 말투가 온화해짐.  ㅋㅋ 초반에는 쌍욕 꿀밤 오지게 하는데 후반갈수록 자기도 상황극 맞춰줌",코미디
LpC3tKSJBcs,상황극에 중독된 여동생 '특별편' 홍대에서 상황극 남매를 본다면?ㅋㅋㅋㅌㅌㅋㅋ진짜 미쳤엍ㅋㅋㅋㅋㅋㅋㅋ,조재원,솜은 딱만졌을때 느낌이랑 입에넣었을때 느낌 맛 으로 금방알아차릴텐데 계속 먹고있어ㅋㅋㅋㅋㅋㅋㅋㅋ ||| 솜 뭐얔ㅋㅋㅋ ||| 그와 중에 춤 잘춤ㅋㅋㅋㅋ ||| ㅋㅋㅋㅋㅋㅋㅋ 마이크 준비성보솤ㅋㅋ ||| 저렇게나 사람 많은 곳은 처음이네요 ㅋㅋㅋㅋㅋ,코미디
ze6-CAkMd7c,상황극에 중독된 여동생16 ㅋㅋㅋㅋㅌㅋㅋㅌ조재원 결국 유이한테 걸렸엌ㅋㅋㅋㅌㅌㅋㅌㅋㅋ,조재원,뭐짘ㅋㅋㄱㄱㄱㅋ ㅋ  너무 곱게 미치셔서 뭐라 할말이 없닼ㅋㅋㄱㅋㄱㅋ ||| 머리 진짜 개쌔게때려 ㅋㅋㅋㅋㅋㅋㅋㅋㅋㅋㅋㅋㅋㅋㅋㅋㅋㅋㅋㅋㅋㅋㅋㅋㅋ ||| 0:27 진짜 세게 때린것 같은데 ㅋㅋㅋㅋ ||| 때리는게 목탁소리얔ㅋㅋㅋ ||| 헤에,코미디
aODhSiEI9qM,"오늘부터 지각 변명은 이렇게... ""제가 왜 늦었냐면요""",티키틱 TIKITIK,아직까지 보는 사람이 있을까ㅋㅋㅋ 진짜 희대의 마약 영상이다. 잊을만하면 다시보러오는듯ㅋㅋㅋ ||| 이거ㅠ영어 자막 넣어주세요 세계로 뻗어가야해요..정말로 세계진출하세여. 선택같은건 못하시고요ㅠ 그냥 하세오. ||| 개학이 자꾸 연기되서 쌤한테 이걸 써먹을 수가 없네.... ||| 2025년 8월 입니다 ||| 와 연기랑 카메라 찍히는 구도보소..ㄷㄷㄷ 영화 한 장면 같드아 진짜 이케 해볼까..,코미디
-qN5nEyrHDQ,상황극에 중독된 여동생14 2주만에 제대로 준비해왔엌ㅋㅌㅌㅋㅋㅋ미쳤나봨ㅋㅋㅋㅋㅋ여러분 제발 살려주세욬ㅋㅋㅋㅊㅌㅋㅌ,조재원,맨날 유이님 맞을때마다 헤에 ~?  이러는거 너무기여우셔 ㅜㅠㅠㅠㅜ❤ ||| 미래 남편은 저걸 받아줄 감당이 돼야해      ---> 조재원? 헤에? ||| 조재원님 은근 유이님 챙기시는데 진짜 유이님 다칠 뻔하니까 자동으로 몸이 이러서시는거 진짜 멋져요..🤭 ||| 어디가 풍만하녴ㅋㅋㅋㅋㅋㅋㅋㅋㅋㅋㅋㅋㅋㅋㅋㅋㅋㅋㅋㅋㅋ핱ㅋㅋㅋㅋㅋㅋ호흦곤란 ||| 언니 오늘 코디 넘 이뻐요 ㅋㅋㅋㅋ ♡ 진짜 언니 웃음소리닮고싶엌ㅋㅋㅋㅋㅋ 듣기만 해도 웃김,코미디
QqYSVSXHTlw,상황극에 중독된 여동생 21 딱밤과의 전쟁ㅋㅋㅋㅌㅋㅋㅋㅌㅌㅋㅋㅋㅌ유이의 전성시대 개막을 알립니닼ㅋㅋㅌㅌㅋㅌㅋ,조재원,"유이랑 울산 간월재 억새길 또 가줄꺼야 >_<? 뿌잉뿌잉 >_<❤️ ||| 거기가선 사람처럼 행동하라고 했잖아..... ||| 자연인농부아저씨보고 진짜너무웃겨서 배아파디질뻔ㅋㅋㅋㅋㅋㅋㅋ ||| i love it when jaewon feel annoyed at yui's action, but in the end laugh at her like a proud dad😂 ||| ㅋㄹㅋㄹㅋㄹㅋㄹㅋㄹㅋㄹㅋㄹㄹㅋㄹㅋㄹㅋㄹㅋㄹㅋㅋㅋㅋ 자연인 말벌 아저씨 ㅋㅋㄹㄹㅋㄹㅋㅋㅅㄱㅋㄱㅋㄱㅋㅋㅋㅋ 개웃겨 ㅠㅋㅋㄹㅋㅋㄹㅋㅌ퉄ㅋㅋㅋㅋ",코미디
wucOT1HwSRc,상황극에 중독된 여동생12ㅋㅋㅋㅌㅌ아 제발ㅋㅋㅌㅌ진짜 이번에 정신나갔나봐 진짴ㅋㅋㅋㅋㅋㅌ,조재원,이제 재원님도 즐기는듯ㅋㅋㅋ ||| 얘들아 ....... ||| ㅋㅋㅋㅋㅋㅋㅋㅋㅋㅋㅋㅋㅋㅋㅋㅋㅋㅋㅋㅋㅋㅋㅋㅋㅋㅋㅋㅋㅋㅋㅋㅋㅋㅋㅋㅋㅋㅋㅋㅋㅋㅋㅋㅋㅋㅋ마지막이 젤 웃기네ㅋㅋㅋㅋㅋ 조재원 안해준다해놓고 질질짜니까 바로 자세잡으면서 대사치는거 ㅈㄴ웃김ㅋㅋㅋㅋㅋㅋ 둘이 진짜 케미 씹오져서 너무 재밌음ㅠㅠㅠㅠ 상황극 시리즈 계속 이어서 해주면안대나ㅠㅠ ||| 역시 믿고 보니 조재원님 상황극 역시 둘이 케미가 좋넼ㅋ ||| 1:51 이렇게 찰진 딱 소리는 들어본적이 없다,코미디
7GOzVkfkv8o,[#선다방] 저 누나 나가라 그래요!!!!! 진지한 양세형을 차마 볼 수가 없는 유인나ㅋㅋㅋㅋㅋ EP6-09,tvN Joy,남의 연애 구경이 제일 재밌다...👀  🌺 *선다방 봄여름편* 🌺 정주행하기! https://youtube.com/playlist?list=PLgbB1gJhmG7AwIUUbItMER3eNWFs3Zrs_ ||| “나를 너무 좋아해” 부터 웃음을 참기시작하신거 같네요 ㅎㅎㅎㅎㅎㅎㅎㅎㅎㅎㅎㅎㅎㅎㅎㅎㅎㅎㅎㅎㅎㅎㅎ ||| 아..유인나 웃음소리랑 표정 너무 러블리해서 주기적으로 보러옴ㅠㅜ ||| 유인나 웃음이 너무공감가서 또봐도 웃기네요 ㅋㅋㅋ ||| 유인나 웃음참으려고하는게 너무 귀엽고 착해ㅜㅜㅜㅋㅋㅋ 나같으면 그냥 웃었다ㅋㅋㅋㅋ 양세형 넘 좋아하지만ㅋㅋㅋ자기입으로ㅋㅋㅋㅋ,코미디
GJu1QTDsKrY,상황극에 중독되면 다행인 여동생ㅋㅋㅋ아닠ㅋㅋ시도때도없이 그만하라곸ㅋㅋㅋㅌㅋㅌㅌㅋㅋㅌ근데 나도 중독됐엌ㅋㅌㅌㅋㅌㅋ,조재원,여러분!!!! 제가 구독자 이벤트 등 신규 컨텐츠도 준비하고있어요!!!! 엄청 열심히 열심히 x 99999 준비하고있으니까 기대해주세요>_< 항상 노력하는 크리에이터 조재원이 되겠습니다! 사랑합니다~💕 ||| 마지막엨ㅋㅋㅋ 실제상황이라기엔 너무 황당하고 짜고쳤다기엔 너무 자연스러워서 뭐가뭔짘ㅋㅋㅋㅋㅋㅋ ||| 엌ㅋㅋㅋㅋㅋㅋㅋㅋ 마지막 조재원님 무엇ㅋㄱㄲㄱ 아진짴ㅋㅋㄱㅋ ||| 빠져버렸다.... ||| 1:05 표정 리얼햌ㅋㅋ,코미디
m-xBtXgSpeQ,(성용) 사자성어 문방사우 뜻풀이 ㅋㅋㅋㅋㅋㅋㅋㅋ대박ㅋㅋㅋ,성용,아놬ㅋㅋㅋㅋ 여자분웃음소리때매 너무웃겨요 ㅋㅋㅋㅋㅋㅋㅋㅋㅋㅋㅋㅋㅋㅋㅋㅋㅋㅋㅋㅋㅋㅋㅋㅋㅋㅋㅋㅋㅋㅋㅋ ||| 정신좀 차리자 ㅋㅋㅋㅋㅋㅋㅋㅋㅋㅋㅋㅋㅋㅋㅋㅋㅋㅋㅋㅋㅋㅋㅋㅋㅋㅋㅋㅋㅋㅋㅋ ||| 아 이편이 제일 웃긴듯ㅋㅋㅋㅋㅋㅋㅋㅋㅋㅋㅋㅋㅋㅋㅋㅋㅋㅋㅋㅋㅋㅋㅋㅋㅋㅋㅋㅋㅌㅌㅌ ||| 진짜 제일 웃겼던 영상이라 자주 찾아 봤는데…보고싶슴다 ||| 여성분리액션이 이영상 지분 80%,코미디
dsJ6OBnZp88,상황극에 중독된 여동생18 ㅋㅋㅋ2달만엨ㅋㅋㅋㅌㅋㅌㅋㅋ제대로 미쳤다 진짴ㅋㅋㅋㅋㅋㅋㅋㅋㅌㅋㅌㅌㅋㅋㅌㅌㅋ,조재원,진짜 유이 한번만 더 놀래키면 오빠 너 머리 다 뽑는다요???????????????????????????? ||| 유이님 딱밤맞을때 헤에?하는거 모아서 올려주세요ㅋㅋㅋ 매력쩌러 ||| 아직도 보러 오는 사람 ||| 조재원님 정말 감사합니다. 말하나하나에 자막을 써주고 정말 존경스럽고 마음씨가 좋습니다. 저는 귀가 안들린지 1년가까이 되었지만 많은 유튜브중에 재미있고 자막까지 써주는 유튜버는 조재원님 밖에 없는거 같았습니다. 앞으로도 화이팅하세요 ! ||| ㅋㅋㅋㅋㅋㅋㅋㅋㅋㅋ 유이님 놀랄때 너무 귀여워요 ㅎㅎㅎㅎㅎㅎ 재원님 제대로 복수 하신듯 ㅎㅎ 유이씨 재원님 무서운거 극혐하니 나중에 무서운걸로 상황극으로 복수해요ㅎㅎㅎ 태풍 조심하세요~,코미디
agdzXvlUYs4,상황극에 중독된 여동생17 왜 상황극 안하나했더닠ㅋㅋㅋ롯데월드에섴ㅌㅌㅋ미쳤엌ㅋㅋㅌㅋㅋㅋㅋㅋㅋㅋㅋ,조재원,진짴ㅋㅋㅋㅋ유이언니 핵인싸 그자체다ㅋㅋㅋㅋㅋㅋㅋㅋㅋㅋ 어떤 상황과 장소를 가리지 않고 부끄러워하지도 않고 바로 나서는거 너무ㅠㅠㅋㅋㅋㅋㅋㅋ웃긴데 귀여워욬ㅋㅋㅋㅜㅜㅠ ||| 극한직업이다.. 리스펙.. ||| 편집 배려봐ㅜ유이언니 롤코탈때 속옷 착시때문에 자막으로 가려주넹ㅜ ||| 상  장  유이는 장소를 가리지않고 상황극을 하며 미쳐 날뛰며 조재원이라는 괴물을 빡치게 하였기에 이상을 수여합니다. ||| 싫은척하면서도 같이놀러가는그는       츤데레,코미디
Y8LIP2vnvAE,상황극에 중독된 여동생15 무려ㅋㅋㅋ1달동안 준비해왔다곸ㅋㅋㅋㅋㅌㅋㅌㅋㅌㅋㅌ내가 못살앜ㅌㅌㅋㅋㅌㅋㅌㅋㅌㅌㅋ,조재원,"아,, 나란여자,, 보드 묘기까지 부려버리고,, 이러니 남자들이 뻑이 가지 하아~~~~ 아앙~~~~~~~~~ ||| 알림떠서 바로봅니듀 ㅋㅋㅌㅌㅋㅋㅋㅌㅌㅌㅌㅋㅋ 진짜 조재원님이 젤 재밌으셔유 유이랑유 ||| 이ㅕㅑㅑㅑㅑ야ㅑㅑㅑ 하면서 달려가는거 너무 기여우신거 아니냐곸ㅋㅋㅋㅋㅋ ||| 춤출때 아무도 안쳐다봤엌ㅋㅋㅋㅋㅋ ㅋㅋㅋㅋㅋㅋㅋㅋㅋㅋㅋㅋㅋㅋㅋㅋㅋㄱㄱㄱㅋㅋㄱㅋㅋㅋㅋㅋㅋㅋㄱㄱㅋㅋㅋㄱㅋㅋㅋㅋㅋㅋㅋㅋㅌㄷㅋㅋㄱㅋㅋㅋㅋㅋㅋㅋㅋ ||| ㅋㅋㅋㅋㅋㅋㅋㅋ시즌 100까지 나오면 좋겠닼ㅋ",코미디
jZ9d8cblG2k,상황극에 중독된 여동생9ㅋㅋㅋㅋㅋㅋ여러분 유이가 드디어 미쳤어욬ㅋㅋㅋㅋㅋㅋㅋㅋ,조재원,꽃에 물줘야지는 진짜 ㅋㅋㅋ 본 것 중에 최고다 진짜 ㅋㅋㅋ ||| ㅋㅋㅋㅋㅋㅋㅋㅋㅋㅋㅋ물주는거보고 빵터짐ㅋㅋㅋㅋㅋ둘이 진짜 환상의 궁합같아욬ㅋㅋㅋㅋㅋ😆😆😆😆 ||| 아미친ㅋㅋㅋㅋ 진짜 마지막ㅋㅋㅋㅋㅋ ||| 마지막 ㄹㅇ 내 웃음지뢰 ㅋㄹㄱㅋㄹㅋㄱㅋㄹㅋㄱㅋㄹㄱㅋ큐큐큐ㅠ큐ㅠ쿸ㄹㄱㅋㄱㅋㄹㅋㄱㅋㄹㅋㄱㅋㄹㅋㄱㄹㅋㄱㅋㄹㅇㄲㅋㅋㅋ,코미디
Gn--nda4NyY,상황극에 중독된 여동생 19 ㅋㅋㅋ유이의 역대급 스케일 vs 조재원의 역대급 빡침ㅋㅋㅋㅌㅋㅋㅋㅋㅋㅌㅋㅌㅌㅋㅋㅌ,조재원,"아 진짜 나 저렇게 무서워하는데 세상 행복해보인다 ^^ 싸우자 ||| 와 마스크 안쓰고 얘기해도 눈치안보이는 그런 세상으로 다시 돌아가고 싶다.... 코로나가 끝나도 기침하고 재채기하면 예전처럼 그냥 지나가는게 아니라 눈치주면서, 짜증내면서 지나갈것 같다.... ||| 이젠 유이님머리와 조재원님의 뺨이 걱정돼... ||| 우는 척 하는 줄 알았는데 눈물 보여서 아 진짜 ㄹㅇ 무섭구나....ㄷㄷ 했네요 ||| 아이고 진짜 유이잡네.....",코미디
aJyAa-UNVlA,"사자성어 7탄 
(성용) 사자성어 뜻풀이 ㅋㅋㅋㅋㅋㅋㅋㅋ대박ㅋㅋㅋ",성용,눈썹까지 개웃곀ㅋㅋㅋㅋㅋㅋㅋㅋㅋㅋㅋ ||| 한자성어 처음듣고 다시물어볼때 표정이 겁나 웃겨 ㅋㅋㅋㅋㅋㅋㅋㅋㅋㅋㅋㅋㅋㅋㅋㅋㅋㅋㅋㅋㅋㅋㅋㅋ ||| 여기숨어있는데 매니아층이요~ ||| 금상을 처음 받는 화요일ㅋㅋㅋ ||| 형 하늘에서도 편히쉬어... 내가 이영상에 지금 2024년 첫번째 댓글이야,코미디
-pFWcpnkTdE,상황극에 중독된 여동생13 소중함에 속앜ㅋㅋㅋ익숙함을 잃지말잨ㅋㅋㅋㅋ소중함에 속았엌ㅋㅋㅋ,조재원,소중함에 속아 익숙함을 잃지말자 오빠야 ??? ||| 소비자입장을 눈치본뎈ㅋㅋㅋㅋㅋ ||| 조재원 화이팅♥ ||| 1:04에 짱귀여워 진짜로 개귀엽다 ||| 소중함에 속아 익숨함을 잃지말자.. 도 명언이네용 ㅎㅎㅎ,코미디
jUz1uZMd6IU,[유병재 라이브] 제 2회 제목학원 그랑프리,유병재,"갑자기 든생각인데 콘돔 이름이 ""오빠믿지?"" 면 아무도 안살것 같다 ||| 아니 진짜 천재아니야??ㅋㅋㅋㅋㅋㅋㅋ 어떻게 저렇게 스토리 술술나왘ㅋㅋㅋㅋㅋㅋ ||| 콘돔이름 짓는데 누가 메이드 인 차이나래ㅋㅋㅋㅋ ||| 싱크홀: 사라진 아이들  가웃긴뎈ㅋㅋㅋ시바 디테일 ||| 싱크홀 영상 떠서 올만에 보러왔는뎈ㅋㅋㅋㅋㅋㅋ 아니 생각해보니까 12:43부터는 펜트하우스 아님?ㅌㅋㅋㅋㅋㅋㅋㅋㅋㅋㅋㅋㅋㅋㅋㅋㅋㅋㅋㅋㅋㅋㅋㅋ도대체 여기 떡밥이 몇 개예욬ㅋㅋㅋㅋㅋㅋㅋㅋㅋㅋ",코미디
b0w5ohLKJG4,개그콘서트 - ‘당황스럽다’전교 1등한 딸이 너무 당황스러운 엄마 박소라..;.20181118,KBS Entertain,아 진짜 박소라ㅋㅋㅋ 뭔가 죤나 잘살림 ||| 와...엄지윤님..요즘 뜨고있는 장수커플의 여자분이시네요! 살이 엄청 많이 빠지신듯..분위기가 엄청 다르시네요! ||| 옛날에 당황스럽다 너무 좋아했는데ㅠㅠ 맨날 당항스럽다 나오기만 기다렸었음ㅜㅠㅠ 너무 짧아서 아쉬웠었는데ㅜㅠㅠ ||| 도대체가 1초 뒤를 예상할 수가 없어서 정말 당황스럽게 웃겼던 코너였는데 갑자기 끝나버려서 끝까지 당황스럽더라... ||| 당황스럽다ㅋㅋㅋ 재미없어서 개콘 안본지 오래됐었는데 그 사이에 이렇게 재밌는 코너도 있었구나 ㅋㅋㅋㅋㅋㅋㅋㅋ,코미디
XA6KuQLBt60,상황극에 중독된 여동생8ㅋㅋㅋ열받아 죽겠다곸ㅋㅋㅋㅋㅋㅋㅋㅋㅋㅋㅋㅋㅋㅋㅋㅋ,조재원,와다다다다와도~!~!~!~!!!앋ㅎ도ㅗㄷㅎ도도도 아도~!!!!와아아아~!!와다다다다다~~!!!!! ||| 0:56 라면치킨에 계~란 ||| 차키 미쳤닼ㅋㅋㅋㅋㅋ ||| 헤에~? 하는거 진짜 너무 기여워요 ㅠㅠㅠㅠ❣️❣️ ||| ㅋㅋㅋ 상황극 기다렸어요 역시 믿고 봅니다,코미디
tfXEcYuE6O4,여러분!!!! 조재원의 복수혈전 드디어 시작합니닼ㅋㅋㅋㅋㅋㅋㅋㅋㅋㅌㅌㅌㅋㅌㅌㅋㅋㅌㅋㅌㅌㅋㅋㅌㅌㅋ,조재원,구독자 여러분들 진짜 새벽내내 댓글 다 읽어봤는데 여러분들 항상 좋은 댓글만 써주시고 너무 너무 감사해요 진짜 감동😭 가끔 악플도 있지만 앞으로 제가 더 노력해서 악플 마저 참고해서 선플로 바꿀 수 있는 크리에이터 조재원이 되겠습니다! 앞으로 재미있는 컨텐츠 많이 업로드할게요! 구독해주실거죠?! >_< ||| 여자가 봐도 저렇게 이쁘고 발랄한데 사심이 안생길 수가 있나??? 난 저렇게 잘생기고 애교 많은 친한 남동생 계속 달고 다니면 아무리 우주 뿌시는 또라이라도 마음 생길 것 같은디.. 재원 그는 정녕 석가모니였던가 ||| ㅋㅋㅋㅋㅋㅋㅋㅋㅋㅋㅋㅋㅋㅋ 재원님 왜이리 오프닝때 좋아해욬ㅋㅋ ㅋㅋㅋㄱㅋㅋㅋㅋㅋㅋㅋㅋㅋㅋㅋㅋㅋ 너무 좋아하시넼ㅋㅋㅋㅋㅋ진짜ㅋㅋㅋ ||| 2:01 왜 때렼ㅋㅋㅋㅋㅋㅋㅋ ||| 유이님 단골 멘트 : (재원님한테 맞고나서) 헤에? 재원님 단골 멘트 : 또 지랄한다 또,코미디
dxMch5JGkvc,[유병재 라이브] 제 1회 제목학원 그랑프리,유병재,"""설명이 필요한 드립은 실패한 드립이다"" ||| 웃으면 안되는 생일파티 보고 와서 그런지 웃음 참게 된다 ||| 카놀라유 유레카 뭔데 존나 웃기냨ㅋㅋㅋㅋㅋㅋㅋㅋㅋㅋㅋㅋㅋㅋㅋㅋㅋㅋㅋㅋㅋㅋㅋㅋㅋㅋㅋㅋㅋㅋㅋㅋㅋㅋㅋㅋㅋㅋㅋㅋㅋㅋㅋㅋㅋㅋㅋㅋㅋㅋㅋㅋㅋㅋㅋㅋㅋㅋㅋㅋㅋㅋㅋㅋㅋㅋㅋㅋㅋㅋㅋㅋㅋㅋㅋㅋㅋㅌㅌㅌㅌㅌㅌㅌㅌㅌㅌㅌㅌㅌㅌㅌㅋㅋㅋㅋㅋㅋㅋㅋㅋㅋㅋㅋㅋㅋㅋㅋㅋㅋㅌㅌㅌㅌㅌㅌㅌㅌㅌㅌㅋㅋㅋㅋㅋㅋㅋㅋㅋㅋㅋㅋㅋㅋㅋㅋㅋㅋㅋㅋㅋㅋㅋㅋㅋㅋㅋㅋㅋㅋㅋㅋㅋㅋㅋㅋㅋㅋㅋㅋㅋㅋㅋㅋㅋㅋㅋㅋ ||| 유규선 씨 멘트 끝날 때마다 유병재가 조용히 말 하는거 왜케 웃기지 ㅋㅋㅋㅋㅋㅋ ||| 편집 어떻게 할지 걱정했는뎈ㅋㅋㅋㅋㅋㅋㅋㅋ 역시 존잼이네욬ㅋㅋㅋㅋㅋㅋㅋ",코미디
vbPjjZKVXLQ,이정도면 ㄹㅇ 천재 신서유기 이수근 레전드 | #유물발굴단_신서유기,tvN D ENT,🔮믿고 웃는 신서유기 모음집🔮  1. 신서유기 아무말 대잔치 https://youtu.be/3wYxVwtZ4s0 2. 신서유기 레전드.zip https://youtu.be/7tq0jEtdujI ||| 솔직히 신서유기는 출연자들도 진짜 개꿀잼인데 편집이랑 자막이 개웃김 ㅋㅋㅋㅋㅋㅋㅋㅋㅋㅋㅋㅋㅋ 편집이랑 자막이 살림 ||| 이건 이수근도 이수근이지만 편집이랑 자막이 반쯤 살리는듯ㅋㅋㅋㅋㅋㅋㅋ 당랑권 시밬ㅋㅋㅋㅋㅋㅋㅋㅋㅋㅋㅋㅋㅋㅋㅋㅋㅋㅋㅋㅋㅋㅋㅋㅋㅋㅋㅋㅋㅋㅋㅋ ||| 이수근이 드립치는거 너무 내 취향임ㅋㅋㅋㅋㅋㅋ이수근 너무 좋앜ㅋㅋㅋㅋㅋㅋㅋㅋㅋㅋㅋㅋㅋㅋㅋㅋㅋㅋㅋㅋㅋㅋㅋㅋㅋㅋㅋㅋㅋㅋㅋㅋㅋㅋㅋㅋㅋ ||| ㅅㅂㅋㅌㅌㅌㅌㅌㅌㅌㅌㅌㅋㅋㅋㅋㅋ노란색 바지보고 의자인줄 알고 쫒아가는거 개웃기넼ㅋㅌㅌㅌㅌㅌㅋㅌㅌㅋㅋㅋㅋㅌㅋㅌㅌㅌㅌㅌㅋㅌㅌㅌㅌㅌㅌㅌㅌㅋㅋㅋㅌㅋㅋㅋㅌㅋㅋㅋㅌㅌㅌㅌㅌㅌㅌㅋ,코미디
pGXd7MPAKSs,(발음주의) 10세 조까지 고통받는 문세윤 [관촤알카메라] 17화,맛있는 녀석들 (Tasty Guys),아진짴ㅋㅋㅋ요새 이방송밖에안봐욬ㅋㅋㅋㅋ미친듯이 웃기네 진짜...ㅋㅋㅋㅋㅋㅋ ||| 자네 재혼한거보니까 별로 행복해보이지않아서 ㅋㅋㅋㅋㅋㅋㅋ이십끼형 드립미쳨ㅋㅋㅋㅋ ||| 이십끼형 카운터어택 오진다. 문선생이 장도리로 깠다가 오함마로 돌려받음ㅋㅋㅋ ||| 이십끼형 순발력 보소 ㅋㅋㅋㅋㅋ ||| 이십끼형 센슼ㅋㄱㄱㄱㄱ,코미디
CaXr_n2iBt4,(장르불문) 상황극에 대처하는 코미디언들의 자세 [관촤알카메라] 18화,맛있는 녀석들 (Tasty Guys),아 관촬카메라 기다렸는데 ㅠㅠㅠ 아 진심 웃겨 ㅠㅠ ||| 아니 김준현님 누가 대사 써줬냐곸ㅋㅋㅋㅋㅋㅋㅋㅋㅋㅋㅋㅋㅋㅋㅋㅋㅋㅋ 술술술 나왘ㅋㅋㅋㅋㅋㅋㅋㅋ ||| 와 애드리브라는게 믿겨지지 않는다ㅋㅋㅋㅋㅋㅋ짜여진 꽁트보다 웃겨ㅋㅋㅋㅋㅋㅋㅋ ||| 주황마마라는 말에 순간 소름 와 역시 개그맨들의 순발력이란!! 근데 주황을 주현왕으로 받아치네 ㅋㅋㅋㅋ ||| 진짜 세윤오빠 상황극 천재 ㅋㅋㅋㅋㅋㅋ 옆에서 준현오빠랑 민상오빠 같이 받아쳐주는 스킬 대박,코미디
PDmKb_zrkpc,상황극에 중독된 여동생 '협찬편' ㅋㅋㅋㅋㅋㅋㅋㅋㅋ진짜폭발했엌ㅋㅋㅋㅋㅋㅋㅋㅋ,조재원,구독자 여러분 안녕하세요 :) 조재원 유튜브 구독자수가 드디어 40만명을 넘었습니다!!!! 모두다 여러분덕이에요....😭 더욱 더 열심히해서 다양한 컨텐츠도 열심히 노력하겠습니다💕 여러분! 웃으면 복이 온다는 말이 있습니다! '무술년'에는 웃음이 끊이지 않는 해가 되시길 기원합니다! 물론! 제가 웃음을 많이 선물해드릴게요~😍 구독자 여러분 사랑합니다!!!! ||| 존나 웃긴데 존나 예쁨 ㅋㅋㅋㅋ큐ㅜㅠㅠ ||| 벽돌쿵할때 완전 현웃터졌ㅋㅋㅋㅋ ||| 재원이형ㅋㅋㅋㅋ 반응 개우곀ㅋㅋㅋㅋㅋㅋㅋ ||| 광고인데 보다보니 광고인지 까먹었음ㅋㅋ,코미디
oVQDWIgsv2M,[유병재 라이브] 문학의 밤 줄임말 만들기 선수권 (with 유규선 문상훈),유병재,"줄여서 죄ㅋㅋㅋㅋㅋㅋㅋㅋㅋㅋ젤웃김 ||| 인트로부터 웃기넼ㅋㅋㅋㅋㅋㅋㅋㅋㅋㅋㅋㅋ ||| 분명 줄임말 선수권 대회인데 어느때보다도 구구절절인것같은 느낌적인 느낌,,, ||| 3년짜리 뒷북… 2021년에 보는 사람도 있으려나  보고싶다 유병재  ,,,  영상 올려쥬세요.. ||| 대단합니다 줄여서 대... 이거만 보면 넘 웃김ㅋㅋㅋㅋㅋ벌써 5번째 다시 보러옴ㅋㅋㅋㅋㅋㅋ",코미디
fYWOzwQbnkA,"""상황극 3초 매직! 이런 완벽한 티키타카를 본적이 있는가!"" [맛있는 녀석들 관촬카메라] 4화",맛있는 녀석들 (Tasty Guys),아니 영식이 형 웃는 소리랑 진짜 현웃터지는거나 김민경언니 상황 토스해주면 문세윤 유민상 짝짜꿍 맞는거 너무 웃겨 ㅋㅋㅋㅋㅋㅋㅋㅋ 그 옆에서 계속 웃는 김준현도 너무 웃김 ㅋㅋㅋㅋㅋㅋ 아 진짜 이 2분짜리 영상 몇 번이나 돌려보는지 모름 ㅋㅋㅋㅋㅋ 4명 리액션이 하나하나 다 달라서 봐도봐도 새롭게 웃김 ㅋㅋㅋㅋㅋㅋㅋㅋㅋㅋㅋ ||| 눈치채고 티키타카 딱 맞추는거 대단 ||| 멤버들 합은 현존하는 예능 중 최고ㅋㅋㅋ ||| 개그맨 10년이상 내공들이라 몰입속도 연기력 상황설정 임기응변 장난아니네ㅋㅋㅋㅋㅋㅋㅋ ||| 드립치면서 밥은 열심히 비벼 ㅋㅋㅋㅋㅋㅋㅋ귀여워❤❤❤❤❤,코미디
LBE5H5e95cI,"은혼2: 규칙은 깨라고 있는 것,오구리 슌, 스다 마사키, 하시모토 칸나, 야기라 유야, 미우라 하루마",문화예술의전당,1:02 한 번 숨고르는 걸로 감정표현 한껏 끌어올리는 거 진짜 몇 번을 봐도 예술이네 ㅋㅋㅋ ||| 트위터에서 일년에 한번씩 ㄹㅇ 저렇게 싸움 투디랑 돌판이랑 ||| 柳楽優弥の目合わせられない伏し目がちなオタク演技上手すぎてつらい（オタク並感） ||| 신파치 캐스팅은 진짜 미쳤닼ㅋㅋ 너무 잘뽑았엌ㅋㅋ ||| 스다는얼굴도 얼굴이지만 연기를잘해서 일본20대탑배우가된것임  진짜 스다연기잘해,코미디
Hi3edSM-468,상황극에 중독된 여동생 '협찬편' ㅋㅋㅌㅋ유이 세수시켜버리기ㅋㅌㅌㅋㅋㅋ넌 내가 오늘 지운닼ㅋㅌㅌㅋㅌㅌㅌ,조재원,오 피부미남이시네요 너... 너도 미녀인데? 그만해 서강준ㅋㅋㅋㅌㅋㅋㅋㅋ ||| 안그래도 웃겨죽겠는데ㅋㅋㅋㅋㅋㅋㅋㅋㅋㅋㅋㅋㅋㅋㅋㅋ재원님 머리스타일이 점점 폭발하는거같애ㅋㅋㅋㅋㅋㅋㅋㅋㅋㅋㅋㅋㅋㅋㅋㅋㅋㅋㅋㅋㅋㅋ ||| 앞부분부터 진짜 너무웃겨가지고 엄청 뿜었는데 지랄을선사 라는말에서 진짜 웃다가 숨넘어가서 죽을뻔했어욬ㅋㅋㅋㅋㅋㅋㅋㅋㅋㅋㅋㅋㄱㅋㅋㅋㅋㄱㅋㅋㅋㅋㅋㅋㅋㅋㅋㅋㅋㅋㅋㅋㅋㅋㅋㅋㅋㅋㅋㅋㅋ 오늘도 재밋는 영상 감사합니닼ㅋㅋㅋㅋㅋㅋㅋㅋㅋㅋㅋㅋㅋㅋㅋㅋㅋㅋㅋㅋㅋㅋㅋㅋㅋ ||| 그만해 서강준 ㅋㅋㅋㅋㅋㅋㅋㅋㅋ ||| 코흥하고싶뎈ㅋㅋㅋㅋㅋㅋㄱㄲ 존낰ㅋㅋㄱ 귀여우심ㅋㅋ,코미디
thEgWQbYNPs,저 덩치에 담배끄라하면 누가 안끌까 ;; 타이론형의 일상,그램유튜브,마지막에 무기들어서 타이론이 위험해서 막음 ||| 우피골드버그 ㅋㅋㅋㅋㅋㅋㅋ,코미디
FWVmbTsr4Rk,"[10세 관람가] ""누구나 조(?)까지 벌 수 있어!"" [관촬카메라: 관리자아가 촬영장에서..] 10화",맛있는 녀석들 (Tasty Guys),관리자님 이런 영상 너무 보배로와요ㅠㅠ꿀잼 오브 꿀잼😂😂😂 ||| 프로는 괜히 프로가 아니다 ㅋㅋㅋㅋㅋㅋㅋ 떡밥 괜찮은거 하나 던지니까 바로 툭툭 티키타카 되는거 보소 ㅋㅋㅋㅋㅋㅋㅋㅋ ||| 나는 진짜 문세윤씨 귀여워서 미칠것같다 ㅋㅋㅋㅋ 어른보고 귀엽다고그럼안되는데 진짜 ㅋㅋ ||| 아 ㅋㅋㅋㅋㅋㅋㅋㅋㅋㅋ 89층에 지하 4층이라니 나까지 주차공간 잃는 기분ㅋㅋㅋㅋㅋㅋㅋㅋ ||| 89층인데 지하가4층밖에ㅋㅋㅋ겁나머리잘돌아가ㅋㄱ핵심찔러버렷 이십기횽ㅋㄲ,코미디
d60QWf2YiqU,[상황극] 엄마.. 나 어째ㅠㅠ 제니살롱에 머리하러 갔다가 봉변당했어! (자매 미용실놀이) | 디바걸스,디바걸스,디바제시카의 본명 = 이 승 주 ||| 제니님..의상이며 말투까지.. ㄹㅇ 미용실 원장님 짬밥이 느껴진다 ||| 머리 실컷 다하고 샴푸하고 간다는거 왜 이렇게 웃겨 ㅠㅠ ㅋㅋㅋㅋㅋㅋㅋㅋㅋㅋㅋㅋㅋㅋㅋㅋㅋㅋㅋㅋㅋㅋㅋㅋㅋㅋㅋㅋㅋㅋㅋㅋㅋㅋㅋㅋㅋㅋㅋㅋㅋㅋㅋㅋㅋㅋㅋㅋㅋㅋㅋㅋㅋㅋㅋㅋㅋㅋㅋㅋㅋㅋㅋㅋㅋㅋㅋㅋㅋㅋㅋ ||| 디바걸스영상 본 것 중에 오늘이 젤웃김ㅋㅋㅋㅋㅋㅋㅋㅋㅋㅋ 아메리카노 달라니까 승주앀ㅋㅋㅋㅋㅋㅋ ||| 여러분 이거 새벽에 보지 마세욬ㄱㅋㄱㅋㄱㅋㄱㅋ 진짜 웃겨 죽는줄ㅋㄱㅋㄱㅋㄱㅋㄱㅋㄱㅋㄱㅋㄱㅋㄱㅋㄱㅋㄱㅋㄱㅋㄱㅋㄱㅋㄱㅋㄱㅋㄱㅋㄱㅋㄱㅋㄱㅋㄱㅋㄷㅋㄷㅋㄷㅋㄷㅋㄷㅋㄷㅋㄷㅋㄷ 진짜 존경합니닼ㄱㅋㄱㅋㄱㅋㄱㅋㄱㅋㄱㅋㄱㅋㄱㅋ 아 미치겠당ㅋㄱㅋㄱㅋㄱㅋㄱㅋ,코미디
aODhSiEI9qM,"오늘부터 지각 변명은 이렇게... ""제가 왜 늦었냐면요""",티키틱 TIKITIK,아직까지 보는 사람이 있을까ㅋㅋㅋ 진짜 희대의 마약 영상이다. 잊을만하면 다시보러오는듯ㅋㅋㅋ ||| 이거ㅠ영어 자막 넣어주세요 세계로 뻗어가야해요..정말로 세계진출하세여. 선택같은건 못하시고요ㅠ 그냥 하세오. ||| 개학이 자꾸 연기되서 쌤한테 이걸 써먹을 수가 없네.... ||| 2025년 8월 입니다 ||| 와 연기랑 카메라 찍히는 구도보소..ㄷㄷㄷ 영화 한 장면 같드아 진짜 이케 해볼까..,코미디
7mT5x8kt3Gs,[병맛더빙] 누구게,장삐쭈,"the woman’s voice went from normal house wife to the boss of the korean mafia ||| Plot twist: That was actually her name, she just didn’t want to cut her thumb off ||| Dude was just peeling potatoes and ends up getting killed ||| 실사판 보고 온 사람들은 개추 ㅋㅋ ||| 0:52 The change in their voice deepness took me tf outttttt",코미디
sCfkSOjXXwU,생각없이 피식 웃을 수 있는 재미있는 영상들! #1,3분꿀잼영상,,코미디
ElVO_JnDMtk,볼수록재미있는영상,mu mu,안녕하세요,코미디
a5zt_k156aQ,생각없이 보다가 빵터지는 근본없이 웃긴 영상 두번째,수염 STUDIO,아 ㅋㅋㅋㅋㅋㅋㅋㅋㅋㅋ 주호민 작가뒤에서 말년형이 대머리 만화그리는거 생각하니까 개웃기네 ㅋㅋㅋㅋㅋ ||| 아이고...차린건 많지만 적게 드세요  +2년전 영상에 뭔 좋아요가 이렇게ㅜ많아 ㅋㅋㅋㅋㅋㅋㅋ  감사합니다! 코로나 조심하세용 ||| 1:53 어쩐지 택배가 안오더라 ||| 1:23 아빠 서운하겠닼ㅋㅋㅋㅋㅋ ||| 1:19 최소 탱탱볼,코미디
6k3KLR1Tu90,생각없이 보다가 빵터지는 근본없이 웃긴 영상 네번째,수염 STUDIO,"저 수염님....  저의 어머니가 많이 편하셔서 침대에 누워계시는데요 하트좀 주시면 안될까요? ||| 다 필요없고 마지막이 젤 재밌다 ㅋㅋㄱㅋㅋㅋㅋㅋㅋㅋㅋㅋ ||| 2:11 메이플토리 너무 신결쓰인다...""스"" 빠졌어... ||| 0:44 ㅋㅋㅋㅋㅋㅋㅋㅋㅋㅋㅋㅋ손님 센스좋네 ||| 0:24 너무 귀여운거같음..ㅋㅎㅋㅎㅎ",코미디
F6I99LdHnVA,[웃긴영상]꿀잼 레전드 방송사고 모음!!,리뷰왕국토리TUBE,파리 동영상 볼 때마다 눈물 흘림ㅋㅋㅋㅋㅋㅋ  당사자들의 고통이 느껴지는데 너무 웃김 ||| 아 파리 형님ㅠㅠ 20년만에 봐도 웃깁니다 ||| 2025에 보시는분~!ㅋㅋㅋㅋㅋㅋ ||| 진짜 파리 한 마리가 전국민을 20년동안 웃기다니ㅋㅋㅋㅋㅋㅋ😂 ||| 아 박대기 기자라는 분 너무 안타깝 ㅜㅜㅋㅋㅋㅋㅋㅋㅋㅋㅋ 저 상황에서도 인내하시지만 표정에서 드러나는 감정이 이런 말 하면 안되지만 ㅜㅜ넘 웃픈 ㅋㅋㅋㅋㅋㅋ,코미디
YnhMKE-_vEw,Don't laughㅣTry Not To LAUGH challenge,턱형 (GOD-TUK),오빠 인스타 놀러와 godtuk  https://www.instagram.com/godtuk ||| 2:55게속눌러봐요ㅋㅋㅋㅋ ||| 0:20. 연태해보세요 악악악악ㅋㅋㅋ ||| 2:55계속 눌러보셈 날게 펴기임ㅋㅋ ||| 1:58 개속눌르몀 ㅋㅋ강아지가 도리도리함 ㅋㅋ,코미디
zJs0qV4VrDw,웃긴 영상 이거 보고 안 웃으면 최소 냉동인간 ㅋㅋㄱㄱㄱ [Part #9],CocaCola Boxing,그냥 영상 보다가 냉동인간 되버린 1인 ||| 난 냉동인간 ||| 난 냉동인간이다~ ||| 나  냉동  인간임 👇,코미디
D-MIZCKnBv4,레전드 웃긴 영상 일본 몰래카메라ㅋㅋㅋㅋㅋ끈끈이,가가즈아,회사원들 종이 어떡함ㅠ ||| 진짜 한국은 멀었다 이게예능이지 ||| 그래 이런 자연스러운 몰카를 원했다. 한국 유튜버들 맨날 주작질만 쳐 해대는 몰카만 보다가 이거 보니깐 속이 다 시원하네 ||| 까딱하면 발목나가것네 ㅋㅋㅋ ||| 역시 다운타운  클라스 남 달라,코미디
HKNFlVs4Io4,엔지니어가 과자 먹는 방법 ㅋㅋㅋㅋㅋ | 웃긴영상 모음,볼만한 영상 없나?,,코미디
ie7dpbPrGmI,대박웃긴 영상 방송사고 레전드,All TV,03:00 ||| 0:08 ||| 2:57,코미디
JfOtjng1tvI,[재미있는 동영상] BEST #038 [웃긴 영상][후방주의][엽기][유머][갑분싸][움짤][GIF][레전드][동물짤][귀염짤][킬링타임][killing time] | 볼빨기,레전드움짤 (사촌간 볼빨기),ㅋㅋㅋㅋㅋㅋ 재미있는 영상 너무 좋아요~  잘 보고 가용~  좋아요 꾹!! ||| ㅎㅎ 재미난 영상 감쏴해요🥰🥰 ||| ㅎㅎ즐감하고 갑니다~^^ 영상들이 너무 잼나요~ 감사 합니다~^^ 편한쉼 하셔요~👍💖😊 ||| ㅋ아침부터 넘재미있게봤습니다~^^ ||| 간만에 1등으로 왔네요 ㅎㅎㅎㅎ 동물 영상 많아서 더 잼나용~~~,코미디
ZnnWownyUJk,동물들의 재미있는 영상 모음 - 웃긴영상 - 웃음공장,웃음공장-재미있는 웃긴 영상Smile Factory,,코미디
4NA4aweBopo,[재미있는 동영상] BEST #032 [웃긴 영상][후방주의][엽기][유머][갑분싸][움짤][GIF][레전드][설겆이][설거지][킬링타임][killing time] | 볼빨기,레전드움짤 (사촌간 볼빨기),"1:54 ㅋㅋㅋㅋㅋㅋㅋ 오늘은 특히 더 웃기네욬ㅋㅋ ||| 제목이랑 영상이 넘 조화롭게 잘 맞네요~  첨부터 끝까지 눈을 뗄수없는 영상이에요~ 잼있게 웃고 갑니다ㅋㅋㅋㅋ ||| 오늘도 즐겁게 시작했습니다 감사합니다^^ ||| 아침부터~~~빵터지고가요,신나요..오늘기분 업 ||| 헐 집중할 수가 없네 신기하닼ㅋㅋㅇㅋㅋㅋㅋ",코미디
