url,title,channel_name,comment,category
tIAvI_gQyxM,PUBG - 그저 게임실황,RedLios,그래서 롭엔언? ||| 1빠군 껄,게임
5RPnN1viMSo,[다소미][ 20190712 게임 실황 ] 배그가 된다니 실화냐,NOBA STATION,16:00 엎드려 있어,게임
LC-m7qncUQA,[LiVE실시간]Realm Royale 렐름 로얄 무료스팀게임,닉네임없음,,게임
K7dROD7X3rs,봄딩(Bomding) / 스팀 게임(steam game) 달의 시간(Time of the Moon) 플레이 리뷰,봄딩,,게임
8DWxGT65qqw,"[스팀게임]  ""Shepherd of Light"" 무료 힐링게임 FULL버전",라꾸랑,"게임:빛의 양치기 나의아들아,나는아주 긴 여행을 떠날거다.내가 가있는동안 양들을 돌봐줘라. 안녕,아들아.내가 너에게 맡긴 양들을 잃어버린것을 봤다.너는 그들(늑대들)이 어둠에의해 데려가기전에 잃어버린 양을 되찾아야만한다.(가려서안보이지만)나는 땡땡을 통해 안내를 해줄수있다.하지만,너는 진실된 양치기가 되기위해 그들을 찾아야만한다.행운을 빈다,아들아.당신은 늑대의 어둠을 제압할수없슴돠.늑대들은 당신의 양에서 나오는 빛을 두려워해요.늑대들보다 더많은 양떼가있으면 넘어갈수있슴돠.잘했다,아들아.너는 농장에서 집으로돌아갈 방법을 찾아야된다.이곳은 어린양들이 있는 초원이다.숫양들은 새로운 통로들이 나타나게 도와주고 당신과함께 여행을 할것임돠.나의아들아,이것이 초원에서 잃어버린것중하나인 폭풍양이다.폭풍숫양은 가까이에 있슴돠.그(폭풍양)과함께 환자가될수도있고 그는 당신의여행에 도움이될수있슴돠.폭풍양의 빛은 어둠을 격퇴하기에 충분히 세지않슴돠.그(폭풍양)은 늑대를 지나가 동행하기위해 빛양이 필요함돠.폭풍양을 통제하기위해 당신의 지팡이에서 파란빛을 사용하셈!이 망가진길은 폭풍양으로 열수있슴돠.불양을 구조하기위해선 그들(빛양,폭풍양)과함께 도전을 이겨내야함돠.(가려서안보였지만예상)계속 나아가기위해 그(불양)의도움이 필요할것임돠.폭풍양의 빛은 다리를 만드는데 사용할수있슴돠.당신의 여행을 계속하기위해 아주깊은틈의 각사이공간에 한마리씩둬야함돠.불양은 매우휘발성이 강함돠.하지만 늑대들은 그들(불양)의 빛을 두려워하지않슴돠.그림자양은 가까이에있슴돠.그(그림자양)을 구출하기위해 통로를 클리어해야만함돠.기폭제횃불은 불양에 불을 붙임돠.불양은 장애물들을 클리어하기위해 불꽃의사슬들을 형성할수있슴돠.당신의 지팡이는 이제 오렌지빛을사용해 불양을 통제할수있슴돠.그림자 양은 오직한마리임돠.비록 그(그림자양)는 늑대들을 격퇴하지못할지도모름돠..그(그림자양)는 어둠아래를통해 움직일수있슴돠.그전에 골드양이 있슴돠.그림자양이 인도할수있슴돠.당신의지팡이는 이제 그림자양을 통제할수있슴돠. 그(그림자양)는 긴거리를 지날때 사용할수있슴돠.당신이필요할때 그(그림자양)는 언제나 다시돌아올수있을것임돠.잘했다,나의아들아.너는 아마이제 휴식을취하겠지.너는 나의믿음을 받을만한자격이있다는걸 증명했구나.난 너가자랑스럽다. -the end- 휴..해석 다했다리!!빼에에엑 ||| 게임이 은은하게 재미있네요 꼭 한번 해봐야겠어요ㅎ ||| 집중 하다가 깜짝 놀라는게 같이 놀라네요 ㅎㅎ ||| 힐링게임 나이따 ||| 오늘영상도 너무재밌고용~혹시 영어궁금하신분들은 아래에있고용! 풀영상도 다보는편이쥬~💕",게임
pb3RXISiBrs,Call Of Duty 1] 팍솽 게임 실황! - 첫 번째 시리즈이자 전설의 시작! 4화 (콜 오브 듀티 1),팍솽,,게임
K58mflHCVYI,"[RB][ 20191026 게임 실황 ] 하 명전투 녹화 못해벌임 ""Polytopia""",NOBA STATION,,게임
Fcd6pVj-Fy0,[카생이] Mind Eyes-공포게임 실황#1,카생이,,게임
7BdhCOvhiHg,휘가람의 게임실황] 오버쿡 (Overcooked) 1화 - 이게 뭐예요 살려주세요,안가람,"0:15 ㅋㅋ외톨이래요 엡베벱ㅂ베베베 ||| ㅋㅋㅋㅋ같이하면 사이가 나빠지고,망하고 혼자 하면  망하고,잘하는법이 뭘까요?바로 사이좋은 사람과 같이하기?근데 이와중에 잘하시는 혼자서 하는것도 잘하시는!👍",게임
ApHqJpW-yls,[파오스] 게임실황 화이트데이 그 마지막!!,MBS by 파오스,,게임
MM6OfxB0udw,Steam game - Forbidden Punch Gameplay  스팀게임 포비든 펀치,gClip,,게임
uojE69jsufk,[루시아 게임실황] 그림자 복도 #2 다시 혼내준다!!,LuciaVtuber,激怖いゲームもルシちゃんのかわいさがまさって怖く感じない不思議！💕💕 ||| 누가 누굴 혼내준다구 ? 근데 생각보다 꽤 멀리 왔네 .. ? 루시쟝 역시 할땐 하잖아 ~,게임
NuPVEIYV4o8,Cities  Skylines 게임실황,겜못하는오빠야,,게임
vYjFjP6bfQY,게밥TV 게임 실황 [마치아 빌런] 1화 - 악당이 되어 건물 경영하는 게임! 꿀잼! (Gebab TV: MachiaVillain),게밥TV,잘보고 가요!,게임
EF34SX6NTHU,공포)김무성 게임실황 1화 이블위딘,퇴근길에 보는 썰,무성이형 담에 고인겜 프레디의 피자게가도 해줘ㅓ ||| 무성이형 페북에 형이 충고해달라해서 와봤어  편집을 좀 해보는거 어때 ||| 무성이형 워킹데드 해줘♥ ||| 무성이형 텐션올리자 ||| 유튜브는 한 8~12분 정도로 편집하는게 젤 좋은듯,게임
jsRXptkgf-4,게밥TV 게임 실황 [로드의 심장] 1화 - 섬세한 정성이 들어간 쯔꾸르 RPG 게임! (Gebab TV: Lord's Heart),게밥TV,너무 재밌어요 목소리 엄청 좋아욯ㅎ 화이팅!!,게임
i25oJNSlbWY,[스팀 게임] 상자 까기 The Room : Chapter 3,째게박,,게임
v9Woloi3UV0,[SCP022]능지딸리는 스트리머 게임실황 편집,UpTree Devel,,게임
H53W5pYhvhc,토탈 워: 워해머2 방랑자 나카이 게임 실황 스토리 정리 1부,겜토스,이 귀쟁이의 말을 한번 귀쟁이어로 적어보겠습니다  귀귀귀귀귀귀귀귀귀궈귀귀귀귀귀귀귀귀귀귀귀귀귀귀귀귀귀귀귀귀귀귀귀귀귀귀귀귀귀귀 귀귀귀귀귀귀귀귀귀귀 귀귀귀귀귀 귀귀귀귀귀귀귀귀귀귀귀귀귀귀귀 귀귀귀귀귀 귀귀귀귀귀귀귀귀귀귀 귀귀귀귀귀 귀귀귀귀귀귀귀귀귀귀 귀귀귀귀귀 귀귀귀귀귀귀귀귀귀귀 귀귀귀귀귀 귀귀귀귀귀귀귀귀귀귀 귀귀귀귀귀 귀귀귀귀귀 ||| 벼락 안쓰는 빡빡이 마조히스트는 알고 있죠 ||| 정말 재밌게 봤습니다. 특히 보병으로 감싼건 아주 훌륭하고 속 시원 했습니다. ||| 나카이는 진짜 크록시거 파티로 가야 승산 있던 데요ㅎ  *(무조건 초반은 어느 정도 뻐기다 3티어 본진 올려서 크록파티 가요)* ||| 환생왕 나카이..,게임
xnzJa9ZgSz4,[파오스] 게임실황 화이트데이 6번째!,MBS by 파오스,,게임
1VhU-i0woDI,은하별의 에이스컴뱃7 게임실황 1화,은하캣,,게임
mtwtUMLRTjQ,풍운랑] 히트맨5[HITMAN5-Absolution][잠입액션 게임실황] 12화,TV풍운랑,,게임
LurzdpFRgtY,[11화] 클로드메어 - 니노쿠니1 한글 [맥콜의 게임실황],맥꼬르,,게임
4-WSdaE-sew,For Honor] 팍솽 스팀게임 실황! [사무라이편 최종화] 챕터 3.6 아폴리온 - 전장의 열기를 느껴보자! (포 아너),팍솽,,게임
EmrA0vC6o5s,스팀게임 this war of mine 1회차,청누프,,게임
jDljC3yxht0,풍운랑] 히트맨5[HITMAN5-Absolution][잠입액션 게임실황] 10화,TV풍운랑,,게임
nk9M2zSrxlI,[카생이] Mind Eyes-공포게임 실황#2,카생이,,게임
68wi-6HN4lE,풍운랑] 히트맨5[HITMAN5-Absolution][잠입액션 게임실황] 1화,TV풍운랑,,게임
ZKDre67UpsQ,[UNITEM게임실황]마음의소리20-10챕터 보스전 클리어 영상,경성,신종마왕  님은  해낼수잇어요 ||| 공토르님 마음의소리 방송도 올려주세요 ||| 나 저번에 님 투기장에서 봄 ㅋㅋ 내가 2김,게임
P24BioPXSAg,Assassin's Creed] 팍솽 액션게임 실황! - 어쌔신 크리드 첫 번째 작품! #20 (어쌔신 크리드),팍솽,,게임
P0lafG1AbQU,게밥TV 게임 실황 [로스트 인 비보] 3화 - 지하철은 진짜 너무 무섭잖아... 살려줘 (Gebab TV: Lost in Vivo),게밥TV,이딴거 하지말라고 무섭다고,게임
RZMYXLE3IJI,Hand of Fate 2] 팍솽 카드게임 실황! - 과연 나의 운빨은!? 1화 (핸드 오브 페이트 2),팍솽,,게임
j7aPL_AB_bQ,풍운랑] 히트맨5[HITMAN5-Absolution][잠입액션 게임실황] 13화,TV풍운랑,랑하,게임
u5-ThjI9FDA,풍운랑] 히트맨5[HITMAN5-Absolution][잠입액션 게임실황] 14화,TV풍운랑,랑하,게임
O488W325Sns,풍운랑] 히트맨5[HITMAN5-Absolution][잠입액션 게임실황] 8화,TV풍운랑,랑하 ㅋㅋㅋ,게임
-XGuYDbkZRQ,Assassin's Creed] 팍솽 액션게임 실황! - 어쌔신 크리드 첫 번째 작품! #9 (어쌔신 크리드),팍솽,,게임
onKx_deToyA,[루시아 게임실황] 명작 쯔꾸르 게임 이브! (IB) #1,LuciaVtuber,,게임
LdrIK2pAcPs,Assassin's Creed] 팍솽 액션게임 실황! - 어쌔신 크리드 첫 번째 작품! #22 (어쌔신 크리드),팍솽,,게임
l4ICdFb7O64,은하별의 에이스컴뱃7 게임실황 2화,은하캣,,게임
Oc1171S0nSM,풍운랑] 히트맨5[HITMAN5-Absolution][잠입액션 게임실황] 11화,TV풍운랑,,게임
uTK_J6uYFM0,[43화] 엔딩 - 니노쿠니1 한글 [맥콜의 게임실황],맥꼬르,,게임
hF2G_Ll0lDo,[TOMB RAIDER] 툼레이더 게임 실황 8화 - 구출 받으려다 도로 구출해야하는 상황?! 조난된 조종사 구출하기,구르무의 게임 채널,오 어제 오늘 영상 올리시는 주기가 짧아지신듯 바쁘신 와중에 편집까지 대단하십니다.,게임
qbfLVUAZiYE,[광고/협찬] 황금 밸런스를 자랑하는 「스팅레이 X」 진짜 대박입니다 ㄷㄷㄷ 【카트라이더 김택환】,김택환 (Kim Taek Hwan),형 어느순간부터 넘버원 비제이 없앴네 ㅠ 그래도 언제나 우리 마음속의 넘버원이야 ㅠ 열심히 하는 모습 너무 보기 좋아! 앞으로도 좋은 컨텐츠 많이많이 하고 영상도 많이 올려줘! ||| 7:36 어우야 .. 간zl.. ||| 아 이거 또 땡기네.. ||| 내맘속엔 언제나 택카니가 최고임 영상 맨날 찾아보는 중 옛날 영상보는데 방망이로 컴퓨터 모니터 신명나게 때리는거보고 개터짐 ㅋㅋㅋㅋㅋㅋ ||| 오늘 9대갈고 스팅레이뜸 기받아가세요  수정(진짜에요ㅠ),게임
hC3wEa1NRt0,밸런스 X망 게임이 되어가고 클로ㅋㅋㅋㅋ,하창봉,최근 밸런스 패치를 보면 정말 심각한 수준입니다. 카드 간의 밸런스를 맞추는 것이 아닌 생각없는 스팩 상향만 쳐-하고 있고 또 문제시 되면 칼질하고.. 무한 반복입니다.  단순히 '카운터 치면 되지 뭔 불만이 많아?' 라고 생각하면 될 것이 아닙니다.  이런 식의 근본없는 스팩 상향의 밸런스 패치는 다른 카드들을 다 죽이는 악순환이 계속 됩니다.  또 그럼 리메이크 하고 또 생각없는 스팩 상향을 쳐-먹일 것이고..  날이 거듭될 수록 밸런스가 맞아가야 하는데 오.히.려 반대로 주류 카드와 비주류 카드간의 괴리가 더 커지고 있으니..  개노답 상황임에는 틀림없읍니다ㅋㅋ ||| 저번에 누가 거대눈덩이 거대엉덩이라고 불러달라그랬는데 진짜해주네 ㅋㅋㅋㅋㅋ ||| 클로얄 공식 채널 방송도 하는 형이 그렇게 말하니까 용기 있어 보여 ||| 엘릭서골렘 해골돌격병 마녀 낚시꾼  3개 이상 섞이면 그냥 씹꿀덱ㅋㅋ ||| 마지막 짠하다...,게임
73bmTqecYQA,밸런스게임 -에투샤- 편,iam_cs에투샤,1:50 난 전자오랏맨 ||| 눈파티를 선택하다니... ||| 탈모 빚 5억 밸런스 오진다 ||| 2:58 형 이제 1일이야? > ||| 홍카콜라 vs 배리나 미친 ㅋㅋㅋㅋㅋㅋㅋ,게임
Ol1G-sUOkRo,[메이플스토리] 아란 5차 스킬 깨알 상향ㅋㅋ 2019.2 밸런스패치 전후 비교,려애,진짜 개쓰레기같은 패치 저번패치때 스윙 파블 비욘더 펜릴 이렇게 3사이클 돌리라고 스윙연구 1초 버프시켜줘놓고서 브랜디쉬 마하를 보스기로 쓰라고 버프를 해줌 ㅋㅋㅋ 비욘더 3사이클 돌리기도 빠듯한데 브랜디쉬마하는 어떻게 쓰라고 패치를한건지 진짜 이럴거면 스윙 패시브화 시켜주지 ||| 우왕 이제 혼테일 한방에죽겠다 ||| 아드..... 현자타임 줄여주긴했는데 답답한건 왜 그대로일까요 ㅠㅠㅠㅠ,게임
2u5sLWIPp6g,[오피셜 공식] 게임이 안들어가진다?? 한국최초 브롤스타즈 밸런스 업데이트 2019년 2월27일 총정리,KST,"브롤스타즈 공식 유튜브 엔젤 유튜브에 오신것을 환영합니다. 누구보다 빠른 정보를 위한다면 구독 알림설정! 패치속도가 빛의속도로 빨라서 신규브롤러 ""칼"" 에 대한 업데이트 내용은 따로 한편 만들도록 하겠습니다. ||| 크로우 버피 많이먹으면 좋으텐데 장전 속도만 빨라지다니.... 게다가0.1 ||| 여러분 지금 일부유저들이 브롤스타즈가 안들어가지는 현상이벌어지고있어요  빨리됬으면좋겠네요 전 이제 화날려고하네요 ||| 0:08 엔젤님이 말하신 로얄 에이전트 콜트는  영어로 암행어사 콜트를 말합니다^^ 모르시는 분들을 위해 적어봅니다. ||| 이분영상이 제일 유익하다.",게임
C80ie62gJMs,[보드게임] 밸런스게임 방법,티슝TV,,게임
hmdh3M_SVE0,좋고 나쁘고의 평가조차 애매한 황금 밸런스! 게임빌식 수집형RPG [엘룬] Elune,잼둥,,게임
AxEbPsKQCpA,"진짜 무서운 귀신 월드컵
누가 제일 무서울까요!?",김왼팔,당신은 어떤귀신이 제일 무섭나요!? [전 처키가 제일 무서워요 ㅠㅠ] ||| 5:50 엄마가 좀비가된게 걱정이아니라 아침밥걱정하는 왼팔님..👍🏻👍🏻 ||| 귀신들 사이에서도 돋보이는 그의 코 ||| 2025년도에 보는사람?? ||| 1:20 할머니 아닌가..?,게임
K_VkE4vMhcc,[김이가네]닌텐도 위 밸런스게임 #1,김&이가네TV,화목한 가정 ||| 즐거운가족 저도 위있고 피트도 있는데 피트가 고장나 버렸어요 ㅠ....ㅠ ||| 게임이름이먼가요? ||| 여자아이너무귀여워요예뼈요사랑합니다다음영상기대하겠습니다^^♡,게임
FVbdVx9mDPg,[카스온라인] 고작 만원짜리 무기가 게임 밸런스를 다 망쳐놨습니다ㄷㄷ RPG-7 스플래쉬 플레이,캡틴김수호,운영자의 실수로 RPG랑 드레드노바랑 데미지 바뀌고 나왔다는게 학교의 점심 ||| 올SSS 의문의 1패 ||| 오늘 생방송 오후 9시 반입니다! ||| 이번에 드레드노바 무적버그가 ㄹㅇ 에픽값하게만들엇던데ㅋㅋㅋㅋㅋ ||| RPG가 에픽 무기인줄.... 넘 쎄 ㄷㄷ,게임
bv4UsPKRtik,3.4 밸런스 패치 완벽 분석 & 리뷰[클래시로얄-Clash Royale] [June],JUNE,어제 라이브 하느라 목 상태가 안 좋은 점 양해 부탁 드립니다ㅜ 어제 토너 참가하신 분들은 7일 이내로 이모티콘 받게되니 좀만 기다리시면 됩니다! ||| 4:43 와 이건 진짜 너무했다;; 쓰진 않지만... ||| 4:07 슈퍼셀이 고블린갱 망하지말라고 쉴드쳐주네 ||| 1:36 뭔데 싱크가 잘맞냐 ||| 공공장소라서 자막으로 보는데 음성지원 너무 잘되는거 실화냐..,게임
HZqGT4_I5qQ,"[메이플스토리 맑음T] 밸런스패치로 매우 큰 변화가 생긴 떡상or떡락한 9가지 직업 본섭/테섭 인게임 비교 리뷰(팬텀,루미너스,나이트로드,패스파인더,카이저,데몬,미하일,윈브,나워)",메이플스토리맑음,이번 영상은 단순히 데미지가 올라가거나 내려간것이 아닌 다른분들이 봤을때 궁금하시거나 겉으로 볼때 변화가 있는 직업들 위주로 비교했습니다 이점 꼭 참고해주세요! ||| 9:29 머가다른거죠 ㄷ ||| 11:30 짜잔~ 있었는데 없었습니다. ||| 6:31 데벤등 다른 캐릭한테 전수되는 링크는 HP15% 입니다  데벤 간접 너프 아님 ||| 나로 저정도는 진짜 유저 기만이다,게임
TLXlOFtoWw8,세상에서 가장 안무서운 공포게임ㅋㅋㅋ이게 뭐냐ㅋㅋㅋㅋ (Death Trips),김재원의 즐거운 세상,3:48  헐 피나옴 개무섭;; ||| 아니 막 달려올땐 개무서웠는데 갑자기 넘어지니까 말이 안 나오네 ||| 0:52 어후 무서운장면;; ||| 2:27 다시봐도 웃김ㅋㅋㅋㅋㅋㅋ ||| 2:40 물먹다가 뿜음,게임
48Qu4f0-ykg,"중학생이 만든
공포게임 수준..",김왼팔,"저번 초등학생이 만든 공포게임도 짱 무서웠는데 능력자네요 ㄷㄷ.. ||| Thanks for playing my game! <3 By the way, all the music is ORIGINAL and was an extreme part of the atmosphere! So there was no copyright ;( ||| 오늘도 재미있는 영상감사합니다!! 오늘 공포게임도 그 초등학생이 커서 중학생이 되서도 이런 고퀄리티의  게임을 만드다니 엄청난 천재인가 보네요,,,오늘도 너무 잘보고가요!! ||| 6:01아닠ㅋㅋㅋㅋㅋㅋㅋ ||| 와 ㄷㄷ 중학생이 이정도의 맵을 만든다는건 천재아님? ㄷㄷ",게임
Ye8vc1CeMRM,세상에서 가장 귀여운 공포게임ㅋㅋㅋㅋㅋ(QT),김재원의 즐거운 세상,"아니 왜 눈가릴때 투명 숟가락이냐곸ㅋㅋㅋㅋㅋㅋㅋㅋ ||| 뒤를봐 할때 진짜 표정 웃기네 ㅋㅋㅋㅋㅋㅋㅋㅋㅋㅋㅋㅋㅋㅋㅋㅋㅋㅋㅋㅋㅋㅋㅋㅋㅋㅋㅋㅋㅋㅋㅋㅋㅋㅋㅋㅋㅋㅋㅋㅋㅋㅋㅋㅋㅋㅋㅋㅋㅋㅋㅋㅋㅋㅋㅋㅋㅋㅋㅋㅋ ||| 0:30 개웃기네 ㅋㅋㅋㅋㅋㅋ 귀여운 공포게임이라 했는데 문열자 마자 분위기 싸해서  자 지금까지 김재원이였습니다 ||| 5:58 '문'워크 ||| 1:54 ""안녕하세요¿스위트 걸 이에요~"" ㅈㄴ 뿜었닼ㅋㅋㅋㅋㅋㅋㅋㅋㅋㅋㅋㅋㅋㅋㅋㅋㅋ",게임
gRb3U6X1_k8,무려 별점 0점 공포게임ㅋㅋㅋ이게 공포게임이야..?,김재원의 즐거운 세상,김재원님 지금 신규맵 파리에 가보면 피아노 있던데 거기에다가 겐지 용검쓰고 몇번때리다가 기다려보면 피아노가 기억해서 똑같이 다시 연주해요 ㄷㄷ ||| 이 게임의 무서운점:죽으면 처음부터 다시 해야 한다 ||| 5:55 이정도면 진엔딩 ||| 1:17 뼈때리는 팩트 ||| 1:25 엄청난 발음 2:00~2:04 너무 무서운 장면 5:40 결론(반전),게임
UDNRPZjr-Gc,오버워치가 공포게임으로 나온다면..? (김재원),김재원의 즐거운 세상,2:54 아 깜짝아 개놀랐네 ;; ||| 3:45 박-제 ||| 김재원이 최초공개로 영상을 공개하면 좋은점: 최초공개 동안 후원을 받음  시청자들이 기분이 좋아짐 걍 좋음 ||| 난 또 오버워치 워크샵으로 공포겜 만든건줄 ||| 2:55 ㅗㅜㅑ...,게임
o4hgVizt-Mo,갑자기 춤추지마세요 제발│프레시피스 (공포게임),엉두나라,새벽 4시라구 엉두나라 모해애....심지어 공포겜이냐구 이시간에 보다간 잠 못잘테니 일어나서 보겠다구 엉두니들도 빨리 자라구 ㅠㅠ ||| 1:32 *헉흑헉 쏘 스윗 ㅠㅠ 앵두들 심장에 무리간다구 ㅠㅠㅠ* ||| 오!!!이런거 너무 좋아요!! 무서운 쯔꾸르게임을 짧게 편집해서 많이 올려주세요❤️ 오인격도 좋지만 오인격은 아무래도 유입구독자층이 적어서 이런 게임들 많이 해서 구독자 100만 가시길 바래요ㅠㅠㅠ ||| 엉두니들 모해애애애!! 얼른 쉬라구!! 영상 세상에..😍 ||| 엉두니들!! francisca 라는 게임도 해주세용  귀신들이랑 숨바꼭질 하는게임이더라구요. 어떤 유튜버 분이 플레이하는거 보고 재밌어서 하고 싶은데 유로게임이여서... 엉두니들이 하는거 보고 대리만족이나 할까나^^,게임
ad1Pf8-MmwU,세상에서 제일 유명한 공포게임을 VR로 해봤습니다ㅋㅋㅋ [프레디의 피자가게VR],주둥이방송,편집 오류로 중간에 10초 정도 빕니다 ㅠㅠ ||| 난 공포게임 할 때 주둥반응이 너무 조음ㅋㅋㅋㅋ저세상게임인데 저세상텐션으로 해줘서ㅋㅋㅋㅋㅋ공포가 안무섭거 웃김ㅋㅋㅋ ||| 2:57 뿌쪼뿌쫔ㅋㅋㅋㅋㅋㅋㅋㅋㅋㅋㅋ넘 졸귀 아니냐궄ㅋㅋㅋㅋㅋㅋㅋㅋㅋㅋㅋㅋㅋㅋㅋㅋㅋㅋㅋ ||| 진짜 너무 웃걐ㅋㅋㅋㅋㅋㅋㅋㅋㅋㅋㅋㅋㅋㅋㅋㅋㅋㅋㅋㅋㅋㅋㅋㅋㅋㅋㅋㅋㅋㅋㅋㅋㅋㅋㅋㅋ너무 기여워 ㅋㅋㅋㅋㅋㅋㅋㅋㅋㅋㅋㅋㅋㅋㅋㅋㅋㅋㅋㅋ ||| 2:00 ㅋㅋㅋㅋㅋㅋㅋㅋㅋㅋㅋㅋㅋㅋㅋㅋ,게임
I34jum8hMyE,[추억의 플래시] 귀신앨범 #공포게임 #갑툭튀없음 #한국귀신,슝밍,몽달귀신 효과음 '고자라니'아니에여...? 깜짝놀랐네 ||| 0:49 ||| 처음이네요 ||| 이렇게 해서 귀신은 총 8마리네요,게임
UF_HDDper60,일본의 키사라기역 괴담 공포게임 (이은 날 7번째 시리즈),수탉,이 게임에 나오는 키사라기역 괴담을 검색해보니 소름 돋는 괴담이네요.. ||| 일본이랑 한국이 다른게 있음 한국의 호러가 사람을 소름 쫘악 돋게한다면 일본의 호러는 사람을 불쾌하게함...괜히 기분나쁨.. ||| 누가 주인공 하체힘이 좋다고 했어 ㅅㅂㅌㅋㅋㅋㅋㅋㅋㅋㅋㅋㅋㅋㅋㅋㅋㅋㅋ ||| 일본은 진짜 어떻게 해야 기분이 나쁠지 잘아는거같음ㅜㅠㅠㅜㅠ 아 무서워 브금도 이상하고ㅇㅅㅇ;; ||| 14:49 손잡이인줄 알았는데 리얼 손 잡이넼ㅋㅋㅋㅋㅋㅋㅋ 방송천재 고수탉...,게임
z4ePyKsOjJk,죽으면 장르가 변하는 신개념 공포게임ㅋㅋㅋㅋㅋ(pacify),김재원의 즐거운 세상,공포게임 교훈 무서운 괴물 보다 옆에 있는 쫄보가 더 무섭다. ||| 깜놀주의는 갑툭튀 전에 주의하라고 하는건데 갑툭튀하고나서 깜놀주의는 그냥 지금 그상황이 갑툭튀상황이라 말하는거잖아ㅋㅋ ||| 1:33 니가 앞장서게 생겼엌ㅋㅋㅋㅋㅋㅋㅋㅋㅋㅋㅋㅋㅋㅋ 겁나 뿜었닼ㅋㅋㅋㅋ ||| 3:36 ㄹㅇ 플레이어는 난리났는데 캐릭터들이 묵묵히 뛰어가는게 절라 웃김ㅋㅋㅋ ||| 3:35역시 사람은 게임하다 놀라면 길을 잘 찾아,게임
g24EyBYHjkI,일본의 이누나키 터널 공포게임 (Inunaki Tunnel | 犬鳴トンネル),수탉,수탉 유튜버님 영상을 최근에 보기 시작한 사람인데 공포 게임만 보게 되네요  스토리도 보시고 공포분위기도 잘 느끼셔서 재밌는듯 합니다  가끔 공포 유튜버 중에 반응도 없고 스토리도 넘어가면 재미가 없더라구요 ||| 9:04 ???: 이차는 이제 제껍니다. ||| 9:04 진텐이다 ㅋㅋㅋㅋㅋㅋ ㄹㅇ 진텐으로 놀랬네 ㅋㅋㅋ ||| 노란 네모 위치 계속 바뀌는거 귀신이 여러명이어서 그런거면 무섭겟다 전부 다 캐릭터 쳐다보고 있는거 아니야 ||| 아무리 생각해도 수탉님 대단한 것이 일단 시야가 확보가 안되는 상황에서도 잘 캐치하셔...영상을 봐도 잘 못 잡겠던데 역시 대단하세요!,게임
OePxx62_gSc,"동심파괴 하기위해
만든 공포게임..",김왼팔,제작자님이 동심파괴 목적으로 만들었다네요!!! 신기하닷 ㅋㅋㅋㅋ ||| 0:42 현관문을 열어놔서 빡친 토끼... ||| 어린이어서      클릭을 했따 ★ ||| 토끼가 쫓아오는 이유:실제로 토끼는 365일 발정기이다 이상 설명은 생략한다(진짜 동심파괴 +19) ||| 음.. 저 정체는 아마 왼팔님 아닐까요? 아니면 아마 왼팔님이 아이한테 크리스마스 선물 줄려고 하면 산타클로스 분장을 해서 아이가 보면 저 반응 보일것 같아요..,게임
yl_lyhzwbxo,분명히 갑툭튀 심한 공포게임인데 뭔가 이상하다?,치리스Chirisu,4:50 제목보면 딱 뭐가 나올지 예상되네ㅋㅋ ||| 갑툭튀가 다 이모양이얔ㅋㅋㅋㅋㅋㅋㅋㅋㅋㅋㅋ ||| 공포게임 국룰:탈출구 무조건 닫힘 ||| 지금 공포 단편 게임들 정주행 하고 있는데 왜... 보는 것마다 나사가 하나씩 빠져있지?? ||| SS501 김현중이네요 아니 진짜 무섭지 않고 웃긴데요 ㅋㅋㅋㅋ,게임
7pxPDCDOFMY,"대만의 미X 마누라한테서 도망가는 공포 게임ㅠㅠㅠ, 환원",똘킹,04:20 진짜 편집 미친거 아니냐ㅋㅋㅋㅋㅋㅋㅋㅋㅋ ||| 4:20 ㅁㅊ 개자연스럽다 ||| 2:31 에렌디라: 하 제방. ||| 7:10 야.. 야 야  우냐? ||| 3:36 ㅋㅋㅋㅋㅋㅋ아이거 진짜 개웃곀ㅋㅋㅋㅋㅋㅋ,게임
7beSBrEV0XU,할로윈특집 공포게임인데 이렇게 안 놀라도 되나요? [POWER CUT],혜안,썸네일은 여러분을 배려해 덜 무서운 것으로 선별했습니다 감사합니다 ||| 뭐가 오케이 라는거얔ㅋㅋㅋㅋㅋㅋㅋㅋㅋ무서울때마다 어케이랰ㅋㅋㅋㅋㅋㅋㅋㅋㅋㅋㅋㅋㅋㅋㅋㅋㅋㅋㅋㅋㅋㅋㅋㅋㅋ ||| 6:36 진짜 미쳤냐곸ㅋㅋㅋㅋㅋㅋㅋㅋㅋㅋㅋㅋㅋㅋㅋㅋㅋㅋㅋㅋㅋㅋㅋㅋㅋㅋㅋㅋㅋ 분위기 쥰내 무서운데 개웃곀ㅋㅋㅋㅋㅋㅋㅋㅋㅋㅋㅋㅋㅋㅋㅋㅋㅋㅋㅋㅋㅋㅋㅋㅋㅋㅋㅋㅋㅋㅋㅋㅋ ||| 2:33 너무 멀지 않은곳에 있다는데..ㅋㅋㅋㅋㅋㅋㅋㅋㅋㅋㅋ ||| 6:01 배그 무빙치는거 개웃기네ㅋㅋㅋㅋㅋㅋㅋㅋㅋㅋㅋ 와리가리 오지게함ㅋㅋㅋㅋㅋㅋㅋ,게임
B5mOYBXqCGA,[머독방송] 크아는 공포게임이였습니다ㅋㅋㅋㅋㅋ,머독,묘지 인성맵으로 등극함ㅋㅋㅋㅋㅋㅋㅋㅋㅋㅋㅋㅋㅋㅋㅋㅋ ||| ㅋㅋㅋㅋ 긴급 재난문자 시밬ㅋㅋㅋㅋㅋㅋㅋㅋㅋㅋㅋㄱㅋㅋㅋㅋㅋㅋㅋㅋㅋㅋㅋ ㅋㅋㅋㅋㅋ ||| 정보) 유령맵에서 2분30초 되고 블럭을 부수면 그곳에서 유령이 나온다 3연벙 상황은 고인물이 그걸 알고 있어서 일부러 기다림 그래서 머독에서만 나옴 ||| 9:17 진짜 편집 ㅋㅋㅋㅋㅋㅋㅋㅋㅋㅋㅋ 죽기까지 했으면 하루 종일 웃을뻔했넼ㅋㅋㅋ ||| 3:10 긴급 재난문자 진짜 현웃터졌네 ㅋㅋㄱㅋㄱㅋㄱㅋㄱㅋㄱㅋㄱㅋㅋㅋ,게임
pnzqgJ6KYT0,[공포] 쫄보인 내가 공포게임을 할 수 있는 이유,김계정,"처음에 그 모습은 어디 간 거야(도무지 알 수가 없는 수위, 미친 텐션, 또라이스러움... 어디갔졍.....  근데 마이크 바꿈?....음질 개조은데.. ||| 이 게임의 정체를 아는 저는 너무 즐거웠습니다 ^^ ||| 난 형 배그 에임이 제일 무서워 ||| 핸드폰 기울여서 실눈뜨고 본 내가 부끄럽다 ||| 이 게임의 제목이 Death Trip인 이유는 Trip이 ""여행하다"" 말고 ""발을 헛디딤"" 이라는 의미가 있기 때문입니다.",게임
iqtsE1tyCes,8년전.. 마크를 공포게임으로 만든 전설의 무덤 괴담 마인크래프트 괴담 MSS (Minecraft Strange Story) [블루위키],블루위키,마이너 스티브 뜻이 광부 스티브 인데 제 생각엔 광산도 마이너 스티브가 지었고 그래서 무덤안에 곡괭이가 들어있다고 추측합니다. 그리고 음반11을 잘 들어보면 거친 숨소리가 녹음되어 있는데 그건 마이너 스티브의 죽기전 녹음한 것이라고 생각합니다. 그리고 마이너 스티브는 누군가에 의해서 죽었다고 생각합니다.  -코난 ||| 2012년이 8년전이라는게 제일무섭다ㅠㅠ ||| 5:17 나무뒤에서 몰래 지켜보는 엔더맨... ||| 0:31 이거 저도 옛날에 겪어본적 있어요 ㄷㄷ ||| 많은분들이 이야기해주시는데..  햇수로 8년을 이야기한거예요ㅎㅎ 2012 2013 2014 2015 2016 2017 2018 2019 이렇게요ㅎㅎ 혼란을 드려서 죄송합니다!,게임
KAAcB8gQcf4,아무도 없는 집인 줄 알고 몰래 도둑질하러 갔다가.. (공포게임/Last Neighbor),수탉,"긴장감 개쩌네ㅋㅋㅋㅋ 공포게임으로 수작인듯 게임설정도 독특하고 참신함ㅋㅋㅋ ||| 이거 진짜 최고다 ㅋㅋㅋㅋ 보면서 비명을 육성으로 몇번을 질렀다 ㅋㅋㅋㅋ 수탉님 최고 ㅋㅋㅋ ||| 3:45 생방송 때 채팅 난리나게 한....수탉의 극대노ㅋㅋㅋㅋㅋㅋㅋㅋㅋ  유튭에선 짤렸지만 극대노한후 ""아니 이거 게임 못깨잖아!!!라고 화내면 초보야, 근데 난 화내지않아"" 라고 구라 발언ㅋㅋㅋㅋㅋㅋㅋ ||| 마지막 엔딩에 나오는 글을 요약하자면 조현병, 조울증, 다중인격 장애를 지닌 지체 장애인이 그의 보호자와 부모님이 잠시 여행을 떠난 사이에 탈출해서 부엌칼로 13명을 죽였다고 나옵니다. 기사에서 부모님과 보호자는 분명히 문을 잠갔고 그가 탈출하는 것은 불가능하다고 합니다.   즉 여기서 수탉님이 어렵게시리 해체하던 잠금장치들은 사실 부모와 보호자가 이 지체 장애인을 집에 가두기 위해 매우 어렵게 만든 잠금장치들이었는데 도대체 어떤 수를 썼는지 모르지만 집에 들어온 도둑이 이 지체장애인으로부터 달아나려고 잠금장치들을 풀고 집 밖으로 도망쳤고 그 뒤를 따라 이 지체 장애인 역시 탈출하여 살인을 저지르게 된겁니다. ||| 와 썸네일 너무 놀랬다",게임
kNoOuZA04r0,추석이라고 난생 처음 공포게임 했습니다 .. - 다크 디셉션 dark deception,혜안,나 상남자라니까 ||| 사실 전 무슨 게임인지 보러 온게 아니라 혜안님 반응이 궁금해서 보러온 거임 ㅇㅇ ||| 공포게임 많이해주세요ㅠㅠㅠㅠㅠㅠ 상남자 혜안 맨날보고싶은데 ||| 13:04  놀라서 어디 탁 친것같아 ㅋㅋㅋ ||| 배그 영상 말고도 이런 영상도  가끔 올렸으면 좋겠당,게임
mTYaSE1Zlr0,공포게임 하는데 게임화면이 꺼졌다..,동수칸TV,노시그널좌 진짜 개웃기네ㅋㅋㅋㅋㅋㅋㅋㅋㅋㅋㅋㅋㅋㅋㅋㅋㅋㅋㅋㅋㅋㅋㅋ ||| 채팅창이랑 도네도 못봐서 화면꺼진지도 모르고 혼자 팡머쇼 레전드였음 ㅋㅋㅋㅋ ||| 8:29 팡머쇼 on ||| 게임화면 안보이는 게임방송이 이래도 되냐ㅋㅋㅋㅋㅋㅋㅋㅋㅋㅋㅋ ||| 11:50 벽에다가 머리로 뭐하는거얔ㅋㅋㅋㅋㅋㅋㅋㄱㅋㅋ,게임
Vqq2M-Q0zQk,쫄보들 데리고 요즘 뜨는 공포게임 해봄,머독,진짜 김재원 제 3의 형제 아니냐... ||| 8:58 재원님ㅋㅋㅋㅋㅋㅋ 오똫게 오똫게!!! ||| 보통 사람여러명이서하면 공포가 반감되는데 이 쫄보들은 서로 공포를 가중시킨다 ||| 머독의 다양한 표정을 볼수있는 아주좋은 공포게임 ||| 7:37머도기 ㅋㅋㅋㅋㅋ놀라서 형 어깨 뒤에 얼굴 파묻는 거 존나 웃김ㅋㅋㅋㅋㅋㅋㅋㅋㅋㅋㅋ개귀여워 ㅜㅠ,게임
efJ_-B3XKsg,벨을 울리면 벌어지는 무서운 일 (공포게임/Suite 776),수탉,"왘ㅋㅋㅋㅋㅋㅋㅋㅋㅋㅋㅋㅋ 이번건 진짜 무섭다 호옥ㅇ고 쓸데없는 브금이 없구 주인공 심장소리라던가 현실백색소음 같은 것때문에 더 몰입되서 무서움...하... 수탉님 공포게임하는 거 봐도 무서워하지 않았는데 이번건 유독 ....무서움..,,. ||| 두번째 엔딩은 벨을 울리지 않고 나가는 거였네요,  주인공이 무한반복의 벨울리기를 하지 않고 아무런 미스테리를 풀지 않은 채로 그냥 쿨하게 나가는 엔딩입니다. ||| 와 여태까지 본 게임 중에 몰입도는 상위권인듯 탉님꺼 많이 봤는데 이렇게 소스라치면서 놀랜 적 처음 ||| 수탉형 형 언제부터 ""해외인디 게임입니다"" 말 안하니까 닉네임 해외인디게임입니다 빌런이 없어졌잖아ㅋㅋㅋㅋㅋ ||| 신기한건 이 게임 개발자가 1인 개발자라는게.. 능력자가 만들었네",게임
4uxJga2aXDY,무서운 지하실에서 잃어버린 초콜릿을 찾아보자 (공포게임),수탉,"나도 저렇게 돈 쌓아두고 살고싶다ㅎㅎ ||| 와 진짜 집게사장놈이랑 대화하는 창 자연스러운것봐,, 이젠 일일이 놀라는게 귀찮을 정도,, ||| 01:00  안녕 목소리 설렌다... ||| 탉님 데바데 또 올려주심 안되나요ㅜ 제가 무서운 걸 못 보는데 그나마 볼 수 있는게 데바데이기도 하고 탉님의 데바데 너무 재밌어서요😭 ||| ㅋㅋㅋㅋㅋㅋㅋㅋㅋㅋㅋㅋㅋㅋㅋㅋㅋㅋ 할머니 보고 개빵터졌넼ㅋㅋㅋㅋㅋㅋㅋ ""부자될래요"" 에피소드에서 스폰지밥이 저 할머니에게 초콜릿을 바르면 젊어진다고 구라를 쳤는데 그거랑 연관있는거같네요 ㅋㅋㅋㅋ 그리고 입벌린채로 뛰어오는 놈은 에피소드 내내 초콜릿 초콜릿 거리면서 쫒아다니던 남자네요 ㅋㅋㅋㅋㅋㅋㅋ",게임
sWRLLBhGdZw,충격적인 결말의 일본 심리적 공포게임 (오카에리/おかえり),수탉,게임이 뭐랄까.. 엄청 상당히 찝찝한 느낌.. ||| 12:48  말소리 때문에 잘 모르실 수 있는데 엔딩이라고 뜰 때 계속 들어보면 주인공의 마지막 행동 상황이 진행되고 있는 점이 더 소름입니다... 이거 안 그래도 스팀에서 어제 관심이 가던 게임인데 덕분에 잘 봤네요. 감사해요 ㅜㅜ ||| 화질부터가 진짜 찝찝하고 기괴하다 전형적인 일본식 공포 ||| 해외게임 결말: 지옥에서 살아나온 전문가가된느낌 한국게임 결말: 나쁜짓하지말자 메세지 꼭 넣음 일본게임 결말: 편집증 정신분열환자로 하루를 살아본 느낌 ||| 단서 찾는 중간중간 툭툭 탁탁 소리들리는게 그게 혹 의자 디디거나 그런소리였지않을까 .. 그러니까 딸이 들어왔을때 살아있다가 서서히 죽어가는....... 헐 기분나쁜게임이야ㅠㅠ,게임
qp3Od27Mm3k,진심으로 살구를 비명 지르게 한 공포게임 - Palmyra Orphanage,살구 YouTube,살구는 비명이 으악!!!/이 아니라 으하↗️아아!!!!!!!!➡️↗️하고 놀라ㅋㅋㅋㄲ ||| 편집자님 갑툭튀 주의랑 편집 진짜감사합니다 긴시간인데 고생많으셨어요 ㅠㅠ ||| 25:14 살구님 놀래시는거 기여우심 그와중에 옷장안으로 숨으시면 살청자들 파로맠ㅋㅋㅋㅋㅋㅋㅋ먼뎈ㅋ ||| 19:10 살구님이 길 훈수 해달라니까 트수들 대동단결 짱웃김ㅋㅋㅋㅋㅋㅋ ||| 13:35 아니 여길 왜 들어가는 고야 ㅠㅠㅠ 하면서 자연스럽게 해골 주워서 끼는 거 왤케 웃기냐 ㅋㅋㅋㅋㅋㅋㅋㅋㅋㅋ,게임
XjU2DkbQob4,암전:Blackout (소름 돋는 퀄리티/국산 공포게임),수탉,"난 개인적으로 집구경이 너무 좋았음ㅋㅋㅋ 원래 공포게임들 보면 집에 창문은 거희 없고 꽉꽉 막혀있는데, 이 게임은 실제 금수저들이 살 것 같은 집인 것 같아서 신기하네요ㅋㅋㅋ ||| Tmi)수탉님이 저 자명종 시계를 배경으로  게임을 시작하시기 위해 약 10번을 다시 트셨다는ㅎㅎ ||| 조금 있다 갈께 지금 바로 갈께 이 말에서 오는 차이가 아닐까 싶습니다. ||| 안 좋은 평가하면 고소당하는 겜 ||| 이 게임 개발사인 마루 스튜디오가 게임 비판한 유저들한테 비판글 삭제하라고 1차경고랍시고 협박문자보내고있음 피드백하지는 못할망정 무서워서 게임 비판하겠낟ㄷ",게임
TOa4-wiapFc,마크는 공포게임임..#239,카운터,0:06눈사람 볼때 빵터짐🤣 ||| 0:54 이 평화롭고 아름다운 마크에 (코딱지) 무서운 (바보) 거 (코오ㄸr악g) 를 찾을껍니 (꼬탁지) 다!! *⭐️시선강탈⭐️* ||| 평화롭고 아름다운 마인크래프트... pvp.. PVP!!!!!!!!!!!!!!!!! ||| 너무 무서운 상황이네요... ||| 0:03 꾸몽님 엔드카드   0:07 빨간무언가가누워있다ㄷㄷ  이평화롭고 아름다운마크에 놀이터를보면! *꾸몽님얼굴밖에 기억이안나..*,게임
FYszCiXRL50,[화이트데이]#1화#경비와의숨막히는추격전#고전게임#공포게임#방세의본격겁쟁모드,방셋,,게임
Zzia5dQc1n4,국산 공포게임 한국어 더빙까지! 갓겜인가!?,푸린,"공포게임 많이 나오면 좋겠따 다들 요즘 뭐하고 지내세요!? ||| 14:24 푸뻔뻔...ㅋㅋㅋㅋㅋㅋㅋㅋㅋㅋㅋㅋㅋㅋㅋ  반전도 있고 더빙도 되어있고 나름 괜찮게 만들어진 국산게임듯 하네요ㅋㅋㅋㅋ 편집됐지만 발전기에 퓨즈 꽂는 방에서 열쇠 못찾고 헤맬 때 빵터졌었는뎈ㅋㅋㅋㅋㅋ ||| ㄹㅇ 자낳푸여따 이거... ㅋㅋㅋㅋㅋㅋㅋㅋㅋㅋㅋㅋㅋㅋㅋㅋㅋ 생방때 봤던거 이렇게 편집본으로 보면 항상 다른재미가 이써 오늘도 재밌게 잘보께여 푸쨩 ༼,,•̃͡ ɷ-̃͡༽❤️ ||| 생방으로 봤는데, 퍼즐의 직관성이 좀 떨어지는 것 같다는 점 빼곤 재밌게 봤던 게임이네요. 스토리도 몰입감 있게 잘 전달한 것 같아서 마음에 들었는데, 나중에 회사 규모가 커지면 리메이크 식으로 볼륨을 키우는 것도 나쁘지 않을 것 같더라고요. 영상도 재밌게 잘 봤습니다ㅎㅎb ||| 돈에 약한 푸린님ㅋㅋㅋㅋ너무 귀여우셬ㅋㅋㅋㅋㅋ 헐 진엔딩....소름돋는 엔딩이다...이건 진짜...고릴라가 도끼로 죽일만 했네... 영상 5분도 안되는 줄 알았어요..왜케 짧지? 했는데 15분이었다니...대존잼... 공포게임 더 많이 나왔으면 좋겠당ㅜㅜ오늘도 재밌게 잘보구가요!",게임
O6qD1RXDlOU,E3 2019 신작 인디게임 TOP 7 추천 (E3 현장반응+트레일러),말 많은 게이머 듀리,"7:21 부분에 영상을 제작하는 과정에 있어 확인을 못한 부분이 있네요 ㅠㅠ  댓글로 해당게임 정보를 남겨 놓겠습니다! 제보해 주신분 감사합니다!  Title: wasteland3 Platforms: Windows, Mac, Linux, steam, xbox, ps4 Release Date: 2020  Genre: 멀티 협동 롤플레잉  post-apocalyptic Developer: inXile Entertainment ||| 트레일러 위주라 두분의 목소리 비중이 적은게 아쉽네요 잘보고 갑니다 ||| 항상 영상 보면서 느끼는 점인데 누더기 선장님 목소리가 너무 작아요.. 두분 목소리 크기 밸런스를 맞춰주시면 듣는데 한결 편할 것 같습니다~ ||| 👍 ||| 7분 21초에 게임설명이 잘못되어있습니다..",게임
Urgyp9WtpRE,CCTV로 감시하는 공포게임,수탉,다들 새해 복 많이 받으세요! 2019년에는 하는 일 모두 잘 풀리길 바랍니다! 건강도 챙기시구요 :) ||| 댓글 어그로 몇개는 웃기네ㅋㅋㅋㅋㅋㅋ  노트북이 삼성에서 맥북으로 바뀌었어요 현관에 미세먼지 농도가 올라갔어요 키친에 치킨이 사라졌어요 ||| 35:46 현관에 미세먼지 농돜ㅋㅋㅋㅋㅋㅋㅋㅋㅋㅋㅋㅋㅋㅋㅋ 너나갘ㅋㅋㅋㅋㅋㅋㅋㅋㅋㅋㅋㅋㅋㅁㅊㅋㅋㅋㅋㅋㅋㅋ ||| 영상전체에 변화요소가 있지만 놀랄 수 있는 부분만 마킹합니다!  14:30 -  이상한 남자가 카메라를 다소곳한포즈로 쳐다봅니다 16:20 - 화장실 액자 그림이 섬뜩하게 바뀝니다 17:57 - 소화기가 갑자기 확 움직입니다 21:25 - 화면구석에 사람형상이 나타납니다 21:50 - 화면이 숫자로 도배되며 부저음(TV삐~하는 소리)가 나옵니다+이후 한동안 화면이 계속 뒤틀린듯 흔들립니다 32:26 - 화면 구석에 귀신 33:57 - 소화기가 또 팝핀 춥니다 42:05 - 침실 벽에 커다란 균열이 나타납니다 43:18 - 거실 우측하단 침입자 44:34 - 거실 그림이 기분나쁜 마네킹 얼굴 사진으로 바뀝니다 45:01 - 침실 커다란 사람 그림자가 나타납니다 47:43 - 변기가 서서히 공중부양 합니다 48:10 - 침실 뒷쪽 문에서 침입자가 빼꼼 51:13 - 거실 변태 침입자 또 출연 ||| 0:52 편집자:나이스,게임
H29g85zUxvc,썩은물이 세상에서 가장 무서운 공포게임을 하면 벌어지는 일 ㄷㄷ,푸린,역시 나 너무 섹시해...후욱후욱 [재밌게 보셨다면 구독 좋아요 알림설정 한번씩 부탁드릴게요!] ||| 근데 확실히 편집이 영상 꿀잼으로 잘만든다 원본이상인데 재미가 ㅋㅋㅋㅋㅋㅋㅋㅋㅋㅋㅋㅋㅋㅋ ||| 2:52 마치 벨은 눌렸는데 사람이 없는 상황 ||| 7:33 핸드 시뮬레이터 새로운 모드 ㅗㅜㅑ ||| 인트로 뭐냐고 ㅋㅋ,게임
Vr-myMsh7sk,공포게임 영재! 15세 외국잼민이가 만든 공포겜 [The Designer's Curse],풍월량,Thanks for playing ❤️👊 ||| 8:00 너무 밝은 등잔밑 ||| 15살 외국인한테 영어 잘하네는 뭐얔ㅋㅋㅋㅋㅋㅋㅋㅋㅋㅋㅋㅋㅋㅋㅋㅋ 2:20 풍상화 등장 ||| 7:43 문짝뜯어버리네ㅋㅋㅋㅋㅋㅋ 진짜 잘만들었당ㅋㅋㅋㅋ ||| 잼민이의 재능+풍형의 입담 = 무적권 꿀잼,게임
h0vvynA4WvM,[공포게임] Visage(비사지),괴물쥐 유튜브,롤은 11월 5일 오후 12시에 올라갔습니다 ^^    - 베고파 - ||| 5:49 망치를 코에넣어야된다고 ㅇㅈㄹ ㅋㅋㅋㅋㅋㅋㅋ ||| 버그겜 진짜 ㅋㅋㅋㅋㅋㅋ 5시에 괴물 계속 있네 ||| 원딜이 비사지 가서 공포인줄 알았는데 게임이름이네 ;; ||| 9:28  여기서부터 표정변화 존나웃기네 진짜 ㅋㅋㅋㅋㅋㅋㅋㅋㅋㅋㅋㅋㅋㅋㅋㅋㅋㅋㅋㅋ,게임
V1oHpMk7218,숲 속 흉가에서 무슨 일이 벌어진걸까..? 인디 공포게임 [페카토르 Peccator],공포게임 쉐이드TV,"분위기 제대로 잡은 공포게임이네요!! ||| 고전 쉐이드.,. 마싯어.. ||| ㅋㅋㅋㅋㅋㅋㅋㅋ 마지막에 끄읕~! 하시는게 왠지 ㅎㅎㅎㅎㅎㅎ ||| 뚝↗배기 한 대 맞고 .....ㅋㅋㅋ 허-무 엔딩이 있겠지만... 이 허무함과 크게 다르지 않을 것 같아서 그냥 끝내신 것 같네욬ㅋㅋ ㅠㅠ 뭐 인디공포가 다 그렇지만요 ㅋㅋㅋ ||| 해골옆에 저거 연필깎이...................?",게임
MUyYqwwfc-s,사라진 딸을 찾아나선 아빠의 처절한 모험 - 공포게임 [운디드 Wounded] #1,공포게임 쉐이드TV,총 3편짜리 중단편 게임입니다~! 그야말로 처절한 아빠의 사투!! 재밌게 보시고 구독과 좋아요 부탁드려요! ||| 🎧🎧🎧🎧🎧🎧 ||| 아 뒤적뒤적 킬링포인트 ㅋㅋㅋㅋ 너무웃걐 갠적으루 물에 잠기는 부분 연출이 굉장히 인상적 ||| ♥♥♥ ||| 다음편도 기대 되네여,게임
j5lwRn84zf8,"[게임피플] 2019년 1월 후반기 추천 모바일 인디게임 / 머지 히어로즈, 파우파우러쉬, 용사민박, 스텔라 메이든, 로엠, 디그디그디그,  슈퍼 갓 블레이드 - 모바일 추천게임",게임피플TV,정말 좋은 일 하시네요. 이런 영상이 많아졌으면 좋겠어요~ ||| 인디 게임에 대한 좋은 정보 잘 얻고 갑니다!! 영상 굳 굳!! ||| 우와 전문 리뷰어 하셔도 될것같은 퀄리티입니다. 굿굿~ ||| 오우옹 이번설은 소개한 인디게임 파봐야겠네연 ||| 갓겜 총 출동이군요!,게임
alyQY-YV3Jg,소름 끼치는 일본 괴담 공포게임 (사고물건/事故物件),수탉,"일본에서 혼자살다 자살하거나, 고독사하고 오래 방치된 후에 발견된 집들이 꽤 많아서, 만약 전주인이 사망한 집일 경우 다음 세입자에게 그 사실을 반드시 통보해야 하고, 그 이후에 세입자 부터는 통보의 의무가 없다는 관련 법령도 있다고 합니다. ||| 한글지원은 되지만 번역수준이 거의 움직못해급ㅋㅋㅋㅋㅋㅋㅋㅋ ||| ㅋㅋㅋㅋ 똥 구글번역 침착하게 읽으시는 거 왤케 웃기죠ㅜㅜ 수탉님은 언젠가 분명 100만 유튜버 될 거에요... 항상 응원합니다 ||| 번역이 제일 무서운데요... ||| 사고물건의 '물건'은... 우리나라에서도 집을 볼 때 ""물건 보러 왔는데요~""같이 집이나 건물등을 물건이라고 할 때가 있잖아요. 그 물건이라는 뜻이고 일본에서도 물건이라고 부른답니다ㅎ,ㅎ +) 계속 보다보니 임대료가 싼 이유는 그 집에 전에 살던 사람이 사고를 당했거나 자살을 했거나 했기 때문에 싼 거네요. 이와같은걸 일본에서 사고물건이라고 해요",게임
DKrE3ch7z_0,여자친구한테 공포게임을 시켜봤습니다!!❤️,푸린,새벽에 올려서 미안해....편집이 늦게 나와서 흑ㅎ그 스토리 보고싶으면 내 공략 영상 봐! 링크:https://www.youtube.com/watch?v=KhDgWkIsIVA ||| 진결하고 있으면서 숨기시는거 같은데...결혼식에는 초대해줘 형 ||| 아 맞다 우리 푸딩이들 다들 따뜻한 크리스마스 보내! ❤️메리 크리스마스❤️ ||| 이제 여자친구라고 아주 자연스럽게 올리네...? 나는... 솔ㄹ.... 쾅 쾅 쾅 ||| 13:02 나안할래 개귀엽 ㅋㅋㅋ,게임
A2s-3Xcn1kA,[공포 게임]BEYOND[1부],쫄감TV,,게임
nvsycJVuaBc,스팀 공포게임 패시파이 드디어엔딩봤습니다.[Pacify],정리브,,게임
k1ELKQ2mFXQ,[공포 게임]BEYOND[2부],쫄감TV,,게임
z8GLOe43ujk,닌텐도 스위치 게임 추천 TOP5 | 추천 게임,천유 for GAME,"스위치없는데 보는 1인ㅠㅠㅠ ||| 젤다를 플레이해보지 않았던 때로 돌아가 처음부터 젤다를 플레이했던 그 느낌을 느끼고 싶을정도의 진심 개갓겜 젤다.. ||| 크..확실히 게임시장이 커지면서.. 대전 격투는... 아저씨만 하게되는 ㅠㅠ ㅋㅋㅋ 흥미롭게 잘 봤습니다!! ||| 오!! 졸업선물로 스위치 사고 무슨 게임을 살지 고민하고있었는데 딱 대난투가 나와서 저걸 사야겠군요 ||| 대난투 참전게임  슈퍼마리오시리즈:마리오,루이지,피치,데이지,쿠파,닥터마리오,로젤리나&치코,쿠파주니어,뻐끔플라워  동키콩 시리즈:동키콩,디디콩,킹크루루   젤다의전설 시리즈:링크,시크,젤다,소년 링크,가논돌프,툰링크  매트로이드 시리즈:사무스,다크 사무스,제로 슈트 사무스,리들리  요시 시리즈:요시  별의커비 시리즈:커비,메타나이트,디디디 대왕  스타폭스 시리즈:폭스,팔코,울프  포켓몬스터 시리즈:피카츄,푸린,피츄,뮤츠,포켓몬 트레이너(꼬부기,이상해풀,리자몽),루카리오,개굴닌자,어흥염  마더(어스 바운드)시리즈:네스,류카  F-ZERO 시리즈:캡틴 팔콘  아이스 클라이머 시리즈:얼음 타기  파이어 엠블렘 시리즈:마르스,루키나,로이,크롬,아이크,러플레,카무이  게임엔 워치:Mr.게임&워치  키드 이카루스 시리즈:피트,블랙피트,파르테나  메이드인 와리오 시리즈:와리오  메탈 기어 솔리드 시리즈:스네이크  소닉 더 헤지옥 시리즈:소닉  피크민 시리즈:피크민&올리마  R.O.B로보:R.O.B  동물의숲 시리즈:마을주민,여울  록맨 시리즈:록맨  Wii fit시리즈:Wii fit 트레이너  펀치아웃 시리즈:리틀맥  Mii:격투,검술,사격  팩맨 시리즈:팩맨  제노블레이드 시리즈:슈르크  덕헌트 시리즈:덕헌트  스트리트 파이터 시리즈:류,캔  파이널 판타지 시리즈:클라우드  베요네타 시리즈:베요네타  스플래툰 시리즈:잉클링  캐슬 베니아 시리즈:사이먼,릭터  페르소나 시리즈:조커  드래곤퀘스트 시리즈:영웅  반조&카주이 시리즈:반조&카주이  (신규 DLC나올때마다 수정합니다.) 끝!",게임
YOdeZ8Y9UTE,굳이 신작에 목맬 필요 없다! 2018년 PS4 추천 게임 한눈에 보기 [집마],집마 홀릭,※ 본 영상에는 명작외에도 할만한 평작도 포함되어 있습니다.   2019년이지만 아직 못다한 2018년 작품들은 아직도 넘쳐난다! ||| 디트로이트 강추합니다. 조작도 쉽고 스토리도 좋고 입문용으로 그야말로 제격인듯!! ||| ㅋㅋㅋ플스 유저된지는 얼마 안됐지만.. 확실히 2018년 게임들이 진짜 잘나온게 많은 듯 해여~ ||| ㅋ.. 깔끔한 정리 잘 보고 갑니다.. 따봉은 필수! ||| 하나같이 재밌어 보이는 거 투성이!,게임
CzRJI-Dt31o,PC 게임 뺨치는 무료 모바일 FPS 게임 추천 TOP 4 [프리월드],프리월드,개인적으로 게임리뷰는 프리월드님이 제일 좋네요. 재밌는 게임도 많고 평가도 잘하시네요 ||| 0:38 어디서 많이 들어본 멘튼데... 흠... ||| 너무 좋네요 할 게임이 없어서 게임추천 찾다가 우연히 봤네요 ||| 오늘도 영상 감사합니다 깔끔한 정리 감사합니다,게임
5DFGZgcHd-U,【로블록스】 추천하는 좀비 게임 탑5 집사남 추천 게임 시리즈,집사남,다음에 집사남님이랑 6주년 같이 해 보고 싶어용ㅠㅠ ||| 다 재밌어보여요 ♡  제가 게임을 잘몰라서 그냥 좀고만 하는데 사남님 영상보니깐 딴게임도 많이 해보고싶고 게임을 소개하고 특징 하는법까지 알려주셔서 정말 도움이 됬네요 ! 좀비 어택 좀 끌리네요 ㅎㅎ ! 거이다 총쏘는 겜인데 제가 사격이 안좋아서 하면 다 빛나가는거 아니에영 ㅌㅋ?? 초록보스좀비 기여워용 ㅋㅋ ♡ 겜들이 다 어려워 보여요 ㅠㅠㅠ  그래도 꼭 해볼께요 !! 서바이벌 모드 잼겠다 ♡ ||| 와오 처음 보는 좀비게임이 많네요! 대단해요! ||| 2:50 죽어도 좀비로변해서 사람들을 죽일수있다 ||| 5:03 남겨진이들에서 보급이 올때가 있는데 거기에서는 기관총과 탄약등이 나와요,게임
VDbQYLjFl0E,스팀무료게임 추천 2탄 7개의 재미있는 스팀무료겜 엄선! / Free Steam Games,후추박사,"0:38 그와중 닉네임 흑우ㅋㅋㅋㅋㅋㅋㅋㅋㅋㅋㅋㅋㅋㅋㅋㅋㅋㅋㅋㅋㅋㅋㅋㅋㅋㅋㅋㅋㅋㅋㅋㅋㅋㅋㅋㅋㅋㅋ ||| 1:24 갑자기 훅 들어오네;; ||| 첫번째 게임은 모바일이면 정말 인기가많을듯.. ||| 언디피티드는 아주 오래전 이름은 기억 안나는데 거의 유사한 게임 있었어요.  이 영상보고 비교하자면 예전 게임은 주인공이 선하지 않았고,  시민들을 흡수해서 위장하고 목표를 이루는것이었는데 이름이 기억안나네.. 명작이었는데 그당시.. ||| 정말 도움 많이 되었습니다! 2~3개는 재밌게 플레이 하였습니다. 감사합니다.",게임
Ep2IVsSaR4c,"PS4 게임 추천!  꼭 해봐야 하는 ps4 독점작 게임을 추천합니다. (플스4 독점작, ps4 추천게임, 플스4 추천게임)",트윈라이크겜,BJ님 다 좋은대... 말을 하실때 마지막에 강세가 너무  듣기 불편합니다. 그냥 편하게 말씀하시면 더 괜찮을거 같아요.....  죄송합니다. ||| 말투가 독창적이여서 오히려 자꾸 보게 되네요! 화이팅입니다~ ||| 말투가 너무 중독성있어요ㅠ.ㅠ 자꾸 생각나요ㅠㅠㅠㅠ 이번에 플스 샀거든요 꼭 추천작들 구입해서 해보겠습니다 !!! 파이팅 !!! 악플 겉절이들은 개무시하세요 ||| 영상 재밋게봐습니다! ㅇㅅㅇ  플스사기전에 미리 알아보는중인데 저는 영상 설명 재밋게 잘들어써요 감사함당 ||| 너무 좋아요 다 한번씩 해봐야겠네요! 감사합니다!,게임
rO3gzsAU1jg,심시티 비슷한 무료 모바일 게임 추천 TOP 10,Goodluck 7,"데오타운이 ㄹㅇ 갓임 현질유도 1도없고 현질 안해도 하는데 지장없고 플러그인으로 여러가지 건물이나 모드 추가할수 있고 ||| 메가폴리스는 광고시청으로 재료 획득, 메가벅스 1개 얻기 생기고 주(길드) 콘테스트 생겨서 옛날에 비하면 과금유도가 줄어들었고 메가벅스 수급이 쉬워졌는데 하는 사람이 별로 없어서... ||| 죄송한데 브금 뭐 사용했어여? ||| 데오 타운이 솔직히 가장 재미있는것 같은건 기분탓? ||| 모바일은 걍 심시티 빌드잇이 최고임. 심시티 5 모바일로 옮겨놓은 시스템임. 과금유도 타령하는데. 유튜브 대구아재 영상 몇개 보고 한달만 하면 현질할 필요를 못느낌.",게임
-G5EnkVyjL8,PS4 게임추천! 플스4 / PC (스팀) 가성비 끝판왕!?여기 게임들 하면 1년동간 게임 걱정 끝! 오래할수 있는게임 총정리!,트윈라이크겜,레드데드리뎀션2는 지금 몇달째 하는지 모르겠음 ㅋㅋ 스토리 다 깨고 서브퀘도 거의 다 클리어했는데 그냥 맵 돌아다니는 재미도있고 최고의 게임 ㅋ ||| 프로토타입2같은게임 없나요...? 자유도에 맛들려서 날아다니고 성장하면 뛰는속도도 빨라지고 현재 스파이더맨 해봐야겠다라고 생각하고있는데 더있나요? ||| 영상 많이 도움 되었습니다 ^^ ||| 오디세이 220시간하고 현타와서 일년쉬고 다시 시작함. ||| 몬헌은 퀘스트와 서브퀘스트도 중요하지만 각 무기와 방어구를 파밍하고 강화석 파밍 제련 등등 또 그무기를 사용하는데 익숙해지는 시간까지 계산하면 플레이시간은 기본 1000시간 이상이라고 생각합니다 제가400시간 넘게 플레이 했는데 아직도 진짜 잘 다룬다고 생각하는 무기는 1개 어느정도 한다 생각 되는게 2~3개쯤 됩니다 나머지는 맛만 본 정도죠.. 제가 아재라 손이 느려서 그럴 수도 있지만 개인적으로 지금까지 했던 게임들중 최고의 게임 이라 생각합니다,게임
UxqvJHwYpvc,오프라인 무료 모바일 게임 추천 TOP 7 [19년 3월],Goodluck 7,아스팔트9는 온라인인데 ㅜ ||| 게임이 망했다 온라인아님?,게임
VRAHM5Wrpgw,현질하면 사천왕이 동료? 새로운 포켓몬 게임 [포켓몬 마스터즈],기리TV,헝그리샤크 올리려다 이거 나와서 먼저 올려요 밀렸던 헝샤는 내일! ||| 기리님! 오늘도 재밌는 영상 감사합니다~~~~~ ||| 역시 기리님은 게임 고수? 그리고 기리님 100만 가요! ||| 재밌는 영상 감사합니다! ||| 항상 재밌게 보고있어요~~,게임
oB5U-p5YwA8,[매주할인] 매주 할인하는 스팀게임 추천! 수능 D-1에도 게임?!,말 많은 게이머 듀리,수험생 여러분 파이팅! 아래는 스팀 라이브러리를 꾸밀 수 있는 움짤 주소입니다. https://drive.google.com/open?id=1-JaWu9ncZHC52MxTaQYg29exXBpmqI46 ||| 어제 수능 끝나고 오늘 보는 수험생분들도 많겠네요! 다들 고생하셨습니다!! 이번 뉴스 구독자들 마음저격하시고 만담으로 자주올리신다니 이렇게 기쁠수가없어요ㅎㅎㅎㅎ 그리고 역시 선장님 맛잘알~ 민트는 사랑입니다♥︎ ||| 너무 좋아요 이런거 제가 딱 원하는 방향으로의 변화라고 생각합니다. 솔직히 만담이 짧아서 아쉬웠거든요. 동영상 투고 빈도도 너무 작은 것이 아쉬웠고요. 듀리채널의 장점은 꿀 정보를 전해주되 시끄럽지 않고 적당히 재미도 있다는 것이죠! ||| 그 욕심덕분에 제 게임생활이 윤택해집니다! 감사해요! ||| 떠들어도 좋고 매일 올려도 좋아요.,게임
4RqAE5DVj8Y,PS부터 PS5까지 플레이스테이션 25주년 기념 | PS4 추천게임 TOP5,천유 for GAME,세키로 다크소울 너무 무겁고 느린데 실수로 일판으로 사는바람에 언압까지와서 기절했는데  일단.스피디하다는 말에혹하네요  믿고사봅니다! ||| 아.. 세키로 접우셨규나... 4회차까지는 해야 엄청난 갓겜인데... 1회차도 좋지만욯ㅎ 어쌔신 크리드 오디세이 추천해요!! ||| 세키로 신품구매하고 1시간하고 2주봉인 처분요 ㅂㄷㅂㄷ 잠입겜 추천좀해주세요  어쎄시리즈는 다했습니다 ||| 천유님 제발 유튜브 생방좀 ㅠ ||| 암튼 젤다갓겜! (왜 여기서 하냐?),게임
X-ibHqVuW6s,포켓몬 게임 모든 시리즈 총정리!(레드~레츠고+외전)/크리도,크리도,1빠!!!!~ ||| 6 ||| 2빠,게임
5cjE03UHlJg,[2019 스팀 여름할인] 게임추천 2탄! 스팀 입문작 추천,말 많은 게이머 듀리,"얏호 2탄이다!! ||| 이번달에는 로아에 너무 써서 안되고   7월에 소개해주신 게임 중에 몇개 사봐야 겠네요.   근데 뭔가 좋은 그래픽은 하고 싶고, fps는 싫고(못함 ㅠ), 오픈월드도 싫고(길치 ㅠ)    이러다보면 남는 게임이 몇 없더라구요 ||| 마지막 심슨가족 브금 ㅋㅋㅋ ||| 구독자가 얼른 늘어나셨으면 합니다. ||| 다크ㅡ소울.. 입문하기 편한게임이죠.... 태양만세!!!!\□/",게임
5HDujz31sPM,[포켓몬 마스터즈] 짝퉁게임 아웃! 이젠 정식 라이센스로! 출시임박 지금 사전 등록(예약) 중,겜뚜껑,포켓몬 마스터즈 구글플레이 사전등록 링크: https://play.google.com/store/apps/details?id=com.dena.a12026418  포켓몬 마스터즈 앱스토어 사전등록 링크: https://apps.apple.com/kr/app/id1442061397 ||| 응원 합니다 ||| 플레이스토어에 안뜨내요 오늘 출시한거 아닌가요? ||| 안드로이드 버전이 8.1.0인데...... ||| 안되는 폰이 있네욤,게임
c67Bw-lCfj8,[2019 스팀 여름할인] 게임추천 1탄! GOTY 수상작 모음,말 많은 게이머 듀리,"오늘부터 다이렉트게임즈 주중 프로모션이 진행되었습니다. 스카이림 폴아웃4등이 다렉이 훨씬 싸네요. 스카이림, 폴아웃4, 디스아너드 - https://directg.net/event/event_view.html?idx=447 세키로, 토탈워도 스팀보다 더 많이 할인합니다. - https://directg.net/main/main.html ||| 좋은 정보 감사합니당!! 다음 영상도 기대하고있겠습니다!!ㅎㅎ ||| 기달리고 있었습니다 잘보고 갑니다 ||| 영상보고 구독바로 박습니다. 스팀입문자인데 듣고싶은 것만 듣게해주심!! 굳굳 ||| 폴아웃4 ㅋㅋㅋㅋ 진짜 로딩때문에 몰입하는 데 흐름 끊겨서 너무 감칠나는 게임 ㅠㅠ 오늘도 잘 보고가요 ^^7",게임
46VKWr7aNm0,무료인디게임 추천: 이 퀄이 진짜 공짜 맞음?,김성회의 G식백과,유형권님과 콜라보 콘텐츠입니다. 이 영상 0:56 에 표기되어 있습니다. https://youtu.be/46VKWr7aNm0?t=56 https://blog.naver.com/goodmoon13/221478915050 ||| 20번게임 삼사라의 제작자 BlindCat Studio입니다. 게임을 재미있게 소개해 주셔서 정말 감사합니다. 갑자기 다운로드가 올라가서 궁금했었는데 3.1절에 소식을 듣게 되니 정말 기쁘네요. 인디게임을 사랑해 주시는 모든 분들에게 감사드립니다!!! ||| 언제나 쥐식백과 잘보고 있는데요 말투가 참 맛깔나요 이게 또 듣다보면 중독되거든 그래서 그냥 목소리가 가끔 막 맴돌아 그렇게 새로운 영상 안뜨나 기다리게 되요 근데 오늘 딱 새로운 영상이 올라왔어 그래서 오늘도 잘 보고 갑니다 참 게임 해보고 싶은거 3개나 나와서 시간 모자를까봐 걱정이예요 ||| 역시 갓식백과 대단하십니다 인디의 가장 큰 고충이 홍보인데 이렇게 홍보해주시니 대인배 어떤 돈 안주고도 협박 문자 주던 어떤 사람이랑 완전 딴판이네요ㅋㅋ ||| 이거 보실지는 모르겠는데 이번에 올리신거 진짜 좋은 콘텐츠 인듯 합니다 주기마다 정기 콘텐츠로 해도 될듯....,게임
p6xmUiT1qdM,스팀 겨울 세일 추천 게임과 에픽 무한 11000원 쿠폰 외| 게임 헤드라인,모험러의 어드벤처,"썸넬이 2009년이여서 보고 순간 많은생각이듬 ㅋㅋㅋ ||| 에픽스토어는 할인해 주는건 좋은데 다른 부분이 좀... 최소한 언어별 카테고리 라도 구분해 줘도 사용할 만 할텐데 그게 안되있어서 사용하기 힘들더군요. ||| 영상 잘 봤습니다. 예전에 어릴 때 게임이 정말 없을때와, 지금의 내가 게임을 어떻게 받아들이는지 변했다고 하는 부분이 인상이 깊네요. ||| 확실히 에픽 스토어를 위해 엄청 돈을 쓰네요 근데 쓸 생각이 없어.... ||| 썸네일에 2009년으로 나오네요...",게임
oSzxZhV7NXU,"[매주할인] 매주 할인하는 스팀게임 추천해드려요! + 메트로 2033 redux 무료배포, DMC 5 최저가 갱신",말 많은 게이머 듀리,진짜 이 채널 구독한건 후회안함. 꾸준히 좋은 영상 너무 감사드려요. ||| 오늘도 감사해요~ ||| 나지금알았네 ㅜㅜ 구독하고가요 ||| 언제나 좋은 정보 감사드립니다. ||| 구독자 5천명 축축,게임
tSJ2XI35WUM,[매주할인] 매주 할인하는 스팀게임 추천! 산소 미포함 정식출시,말 많은 게이머 듀리,"스팀 보관함 정리하면서 카드 이모티콘좀 장터에 내다팔았는데  좀비 디펜스 재밌어 보여서 사야겠어요!  존재하는지 몰랐던 게임이었는데 정말 유익한 채널입니다! ||| 듀리님! 저 저번에 듀리님네 영상보고 다렉 랜박 한번 까봐야지 생각중이었는데, 어제 새벽에 까서 플래그 테일 나왔어요 :D 꺄꺄 듀리님네 생각이 문득 났는데 혼자 즐거워서 죄송합니다.. 그래도 싱킹시티 드셨으니 < ||| 항상 좋은 정보 감사드려요. 잘보고 갑니다 ㅎㅎ ||| 신작과 옛게임 둘다 소개시켜주셔서 더 좋은 것 같아요 오늘도 잘보고 갑니다 ^^7 ||| 와! 광고 와! 매주할인 와! 듀리 새영상",게임
-t9-BSl1p3M,[매주할인] 매주 할인하는 스팀게임 추천해드려요! 다잉라이트 X 레프트 4 데드 콜라보!,말 많은 게이머 듀리,ㅋㅋㅋㅋㅋ 오늘 영상 정말 다채롭네요 4분대에 매주할인 이제야(?) 시작한다는거에서 놀라고 중간에 갑자기 알쓸신잡 야로편되더니 후에 헌쇼 홈쇼핑 쇼호스트 빙의ㅋㅋㅋ 오늘도 케미에 힐링받고 갑니다ㅎㅎ ||| 영상 재미있게 봤습니다. 다이렉트 게임즈에서도 할인 시작했네요. 하나 더 만들어 주세요 ||| 좋은 정보 정말 감사합니다~! 알림설정하고 잘 보고 있습니다! 히트맨은 한글지원인가요? 한글화 유무가 궁금하네요 ||| 11:48 진 의문의 1승 ||| 듀리님 덕분에 많은 정보도 쉽게 알고 게임도 싸게 구입하고 최고입니다,게임
GzAZr4xMYBk,농장 무료 모바일 게임 추천 TOP 7,Goodluck 7,레알팜 갓겜인데 업데이트가 너무 없어요.. ㅜ ||| 패밀리팜이 4위..? ||| 레알팜은 너무 노가다가 심함... ||| 헤이데이가 1위가 아니고?,게임
bcnmz9G6EqA,PS4 여름할인(-85%) 한글판 추천 게임 | 하쭌GAME,하쭌,,게임
v7WmOVcbiJc,쉽고 재미있는 꿀잼 캐주얼 게임 추천 Top5 !! (모바일 게임 추천),쏘원TV 게임리뷰,프롤로그: 오버쿡 5위: 공 던지기의 왕 4위: Drive and Park 3위: Hang Line  2위: 조화: 편안한 멜로디 1위: Dancing Road ||| 아 시간가는줄 모르고보다가 라면올려둔꺼 까먹을뻔 ||| 좋은영상 감사합니다~~ ||| ㅋㅋㅋ ||| 와웅,게임
YuOhC5TyYyQ,"스팀 인기게임 시리즈, 플레이 타임 긴 게임 추천",아이템매니아 ITEMMANIA,재미있을거같아요,게임
gRHOEJCsPhE,"닌텐도 스위치 게임 추천 TOP.5/한글판, 독점 게임만 모았다! [삐로]",삐로,보고싶은 주제의 영상이 있으시면 언제든지 추천해주세요♥ ||| 젤다는 퀄리티랑 스토리 디테일이 오져요 진짜 꼭하세요 ||| 난 포켓몬만 하는데 이번에 스위치살돈 모으느라 레츠고는 못샀다 근데 평가가 그리 좋아보이지 않아서 이번 겨울 소드실드를 기대하며 돈을 모은다 ||| 곧 스위치 사는데 아이디어 얻고 가네요  감사합니다! ||| 잘봣습니다 대난투랑 피카츄랑 고민중인데 그냥 둘다사야겟네여 ㅋㅋㅋ 근데 마지막 젤다소개할때 브금이뭔가요?,게임
jbqUcpolwXQ,"[메주할인 5월 첫째 주] 매주 할인하는 스팀게임 추천! + 무료게임 2개(월드 오브 구, 그리드)",말 많은 게이머 듀리,월드오브구 https://www.epicgames.com/store/ko/product/world-of-goo/home 그리드 https://www.gamesessions.com/en/Game/GridAutosport 링크입니다~ ||| 언제나 잘보고있습니다 ||| 잘보고 갑니다 ||| 와 다크소울 비추천 애정이 느껴진다 ||| 아 다크소울살까말까 전에 환불해서 환불이제 못하는데...,게임
hsEhIj4hSjg,[매주할인 2.0 업데이트!] 매주 할인하는 스팀게임 추천해드려요! + Minit 무료배포 -94% 최저가 갱신,말 많은 게이머 듀리,"내가 왜 이체널을 구독했지. 지갑이 가벼워지고, 카드대금은 무거워진다...ㅠㅠ ||| 이번에는 썸네일만 보고도 사고싶어졌습니다. 94퍼를 대문짝만하게 적어주셨네요 ㅋㅋ 썸네일보고 혹하고 게임추천도 재밌게하셔서 질렀습니다 ||| 두분목소리 중독됐어요 ㅋㅋ 재밋게 잘보고있습니다 감사합니다 ||| 선장님 마지막 멘트처럼 움짤때문에 움짤도 이쁜데 할인도 한다고?? 하면서 구매욕이 엄청 커지네요 ㅋㅋㅋ 스팀에서 파트너 맺고 후원해줘야 할 정도의 구매욕 자극입니다 ㅋㅋㅋㅋ ||| 이런정보 감사합니다  구독 좋아여 누루고  가여~~~~~~~~~~~",게임
mMzBey80oLs,"[매주할인] 매주 할인하는 스팀게임 추천! 유비소프트 할인시작 + fez, 또 아너 무료배포",말 많은 게이머 듀리,"어크 진짜 하고 싶었는데 이 기회에 해봐야겠네요 항상 감사합니다 ㅎㅎ ||| 로그인안하고 몰래몰래 정주행하다가 이제서야 구독해요ㅎㅎ 두 분 만담도 재밌고 말씀하시는 스타일도 안겹쳐서 정말 좋네요!! 심지어 보는것도, 듣는것도 편해서 같은 영상 몇 번씩 복습해도 새로워요!!! 다음 정주행때는 좋아요누르면서할게요 감사합니다! ||| 저도 해적에 대한 동경이 있어요^^ 좋은정보 감사합니다. ||| 매주마다 정말 좋은 정보 얻어갑니다. 덕분에 매주마다 게임하나씩 사게 됩니다ㅋㅋ ||| 매 영상 잘 챙겨보고 있어요 제 채널은 아닌데  어서 채널이 커졌으면 합니다 ㅎㅎ 흥하세요",게임
cs_jFQfzzgw,[메주할인 4월 넷째 주] 매주 할인하는 스팀게임 추천!,말 많은 게이머 듀리,오 구독자 35명떄 부터 봤는데 벌써 100명이 다되어 가네요 후덜덜... ||| 전 스파 타임세일때 샀습니당 ㅎㅎ ||| 헐... 오늘 더크루2 삿는데 조금만 더 빨리 알았더라면 ||| 이번주는 오래묵은 메주가 아니군요,게임
V0Bhovo_pjg,꿀딴지곰이 추천하는 패미콤 명작게임 베스트 3부,꿀딴지곰,"중학교1학년때인가 파판3를 처음 접했는데 소인으로 변해서 들어가는 걸 몰라 엄청 해맸던 기억이 나네요. 지금은 고인이 되신 외할머니께서 어머니 몰래 일본어 해석해주셨던 추억이 돋네요. 구독 추천 하고 갑니다~~ ||| 생각해보면 한글화 게임도 아니고 그래픽도 자글자글한 8비트 RPG에 감동을 느낄 수 있던 그때가 그립습니다. 요즘은 정말 게임환경 좋아졌죠. 근데 시간이 없어 패드 잡는 시간이 점점 줄어드네요.나름 하드코어 패밀리 유저라 생각했는데 꿀곰님 영상보고 많이 배워 갑니다. 화이팅!! ||| 패미콤을 가졌을땐 그당시 불법 복사 팩들인 100가지 팩 이런식으로만 많이 했었는데 지금 보니 엄청난 명작들이 많군요 다시 돌아 간다면 꿀단지곰님이 알려주신 명작들을 모두 해보고 싶네요 ㅎㅎ 항상 영상 감사합니다. ||| 캬하 파판3 진짜 인생최고의 게임입니다. 파판5,6처럼 깔끔하게 리메이크 해주길 바랬는데 뜬금3D로 나와서 좌절했던 기억이 나네요ㅎㅎ ||| 또 봤어요^^파판3에서 비공정 타고 부유섬을 나올 때의 놀라움과 세계 확장은..정말 감동이었죠^^ㅋ",게임
q49iynD-9UU,묻히기엔 아쉬운 명작게임 추천! 1탄,말 많은 게이머 듀리,이번편은 명작추천보다는 연애하는겜 추천이된 느낌이 ㅋㅋㅋㅋ ||| 오랜만에 올라왔네요 접으신줄 ㅋㅋ ||| 3D 연애 시뮬레이션 특집 ||| 무료게임 알림! 캐쥬얼한 턴제게임 '안티스쿼드'입니다. https://freebies.indiegala.com/antisquad/ 위의 주소로 들어가셔서 윈도우로고가 그려진 다운로드 버튼을 누르면 받으실 수 있습니다. 그냥 킬링타임용 게임입니다.  채널 듀리는 앞으로도 무료게임알림과 함께 스팀세일에 대한 정보를 드립니다. 구독하시고 좋은정보 받아가세요. 영양가는 없지만 재밌는 영상들도 꾸준히 올립니다.  :),게임
zFSuSOxq_24,닌텐도 스위치 게임 추천! 한글화 스위치 역대 최고 게임!! / 명작+독점작 게임!!첫번째 이야기one,트윈라이크겜,진짜 콘솔게임 잘 못하는데 오디세이는 진짜 갓겜.. 플레이도 쉽고 아기자기한게 엔딩을 몇번을 봤는지.. ||| 스위치 사놓고 안하다가 젤다 구매해서 했다가 DLC까지 구매하고 계속 이것만 하기 있네요 ㅋㅋ 다른 게임 손도 안대고 있는.. 젤다2 기대됩니다 ||| 젤다 야숨이 세계최고 게임 중 하나로 언급되는 수준의 명작이라 이거 하나 때문에 스위치 삿엇고 지금도 이거만 하네요 ㄷㄷ 참고로 저는 vr기계부터 온갖 게임기가 다있는데 누워서 편하게 할수있어서 결국 애용하게되는건 스위치인거같아요 ||| 거의다 엔딩 봣음 ㅋㅋ  지금스위치 장농에잇음 ㅋㅋㅋㅋ  젤다2빨리나왓으면 좋겟음 ||| 야숨 첨엔 어려워서 하기 싫었는데 정신 차리고 보니 이미 라이넬 사냥꾼 겸 가디언 사냥꾼이 되어있었다.....,게임
zC3dMOO3dB0,[2019 스팀 겨울세일] 게임추천 TOP 10! 평가가 좋거나 최대 80%할인까지 (~1/3일까지),광기TV,"잘못된 정보 수정합니다. 데스티니 가디언즈 = 데스티니2이고 말씀하신 36,720원 짜리는 그 데스티니 가디언즈(데스티니2)의 DLC 두개를 합친 팩입니다. 1은 무료로 플레이가 가능한게 아니라 2의 본편은 무료로 가능하고 DLC는 사야하는 거에요. ||| 어쌔신크리드 오디세이 사는게 좋을까요 아니면 몬스터헌터 월드 아이스본이 좋을까요?세일유무 관계없이 ||| Dungreed 유저분들 소감좀 부탁드립니다..살까 고민중이에여",게임
ewcSDwL_LOg,[역대 최저가] 스팀 10월 할인#2 한글판 추천 게임 | 하쭌게임,하쭌,스팀 10월 할인 한글판 추천 게임 2번째 모음 입니다. 영상에서 확인하세요~ 구독과 좋아요는 영상을 만드는 힘입니다!!,게임
kqYsk_d4rPA,"설맞이 스팀할인 게임추천! 가격비교, 에디션 구매 가이드",말 많은 게이머 듀리,잘보고 갑니다 한가지 아쉬운게 있는데 두분 목소리 크기 밸런스가 안맞아서 듣기 불편하네요,게임
i29C3bvRWMk,[메주할인] 매주 할인하는 스팀게임 추천! 험블번들 여름할인 + 무료게임 많이~,말 많은 게이머 듀리,항상 좋은 정보 감사합니다. ||| 언제나 꼼꼼하게 챙겨보고 있습니다 :) 이번주도 감사해요! ||| 우연히 친구가 링크줘서 보게되었는데 구독해서 지금도 잘보고있습니다. 소개해주시면서 티키타카가 재밌네요 ||| 잘보고 갑니다 ||| 불매운동 ㅋㅋㅋㅋㄱㅋㅋㅋㅋ센스 굳,게임
rJvorOdS-3k,[메주할인 6월 2주차] 매주 할인하는 스팀게임 추천! + 무료게임(엔터 더 건전),말 많은 게이머 듀리,처음 봣는데 깔끔하고 목소리도 좋아서 구독하고 갑니다 여름할인때도 해주실거죠?! ||| 스팀 여름할인 정말 기대중이에요 ||| 좋은 정보 감사합니다 ||| 따봉 ||| 잘보고 갑니다,게임
_LOjoJUaA_8,스팀여름세일 시작! 스팀 게임 추천 TOP10!!!,겜빛 GAMEBIT,"1번 플스로 해봤는데 개어렵던데 pc로 하면 괜찮을거같당.. ||| GTA사거싶은데 살까요 아니면 다른게임살까요 전 gta같은 게임 맘에드는데 ||| 다있는거라니,,ㅋㅋ",게임
TD4o1_0FAuA,최저가 갱신한 70% 이상 할인 장르별 추천 게임들 – 스팀 블랙 프라이데이 가을 세일 추천 게임 | The Best Deals of Steam Games,하쭌,스팀 블랙 프라이데이 가을 세일 추천 게임 세번째 모음 입니다. 장르별로 70% 이상 할인하는 추천 게임들을 모아봤습니다~ 게임 한개를 제외하고는 모두 만원 이하로 큰 부담없이 즐길 수 있는 작품들입니다.,게임
qwkYz4ZuqDM,무료 모바일 게임 TOP 5 (유저들이 직접 추천한),게임찍먹TV,영상 재밌게 봤습니다 댓글 하나하나 성의있게 댓글 다시는 거 보고 크게 될분 이라는걸 느꼈습니다 구독하고 자주 봐야겠네요  주말 잘 보내세요 😁😁 ||| 하하 브롤 맨날 서버 만지는데 와파 풀칸도 네트워크에 문제있고 조이스틱은 나만 그런지 모르겠지만 계속 멈췄다가곸ㅋ 매칭오류가 제일 심한데 매칭때문에 30점도 깎여서 접었어오 ||| 일이곰님 혹시 모바일게임 추천해도될까요? 마인서바이벌이라는 모바일게임 해주세요! ||| 유툽콸리티가 점점 좋아지네요 ㅎ,게임
F082hnj7s5A,"롤 시네마틱 2019 Awaken - 진,카밀 파트",암구망구 (cosmictwins),진짜 연출 너무이쁨 중세예술가컨셉잡은 미친 싸이코패스랑 기계화되었지만 귀족행세하는 학살병기 둘의 특징을 완전 잘잡아서 표현함 ||| 카밀 눈으로 왼쪽 오른쪽 홀겨보면서 들어오는거 진짜 표현잘한듯 걸음걸이랑 더불어 캐릭터가 확실히 보임 ||| 진짜 롤 시네마틱중 진 카밀의 마지막 장면은 전설이다 ||| 0:31 카밀 패시브 표현 ㄷㄷ ||| 0:40 진 총돌리는거 존나... 에바야 최고다,게임
NQi43NvCZgg,김재원이 롤을하면 생기는일ㅋㅋㅋ여기서도 인성질을???,김재원의 즐거운 세상,당장 롤을 해야겠는걸? https://riot.com/2MzD766 ||| 인성질 메이하시던 짬밥이 있다보니 협곡에 놀러가셔도 인성질 폼유지되시는 재원님.. 당신은 도덕책....... ||| 1:04 김병만도 양보해줄듯;; ||| 이렇게 롤하는 사람 처음 봤넼ㅋㅋ ||| 1:25 ㅋㅋㅋㅋㅋ뭔가 귀엽다 ㅋㅋ,게임
UJaGiiECQqc,와우 스타일의 MMORPG 모바일게임 TOP5,티엘TV,모바일이 아니라 pc로 나온다면 좀 해보겠는데.... 와우랑 가장 비슷했던 모바일 게임은 마스터탱커 였음... 꽤 할만 했지만.. 던전에서 던지는 유저들 때문에 힘들었고 1위 길드가 아니고서는 사람이 거의 없던... ||| 게임로프트 사에서 만든 오더앤 카오스2는 와우에 가장 가까운 게임이라 볼수 있지만 개발사가 시즌2에는 거의 투자를 안해서 유저들이 오히려 컨텐츠를 만들어서 놀았을 정도로 아쉬운 게임입니다 초기 때부터 약 1년 6개월을 매달 20만원씩 애정을 가지고 쏟아부었지만 어쩔수 없이 접은 이유도 컨텐츠가 없다보니 사람들이 하나 둘 떠나서 이기도 하구요 여튼 아쉬움이 정말 남는 게임입니다 ||| 꾸준히 올려주세요 틈틈이 챙겨보고 있습니다!!!! ||| 이터널라이트 최전방 공략조 힐러였던사람입니다. 진짜 잼나고 음성체팅으로 오더내리면서 ㅋㅋ 너무추억이네요  접은지 많이 됬지만 진짜 추억에 많이 남은게임입니다. 정말 잼나고 영상에 나와서 추억다시돋아봅니다.ㅋ ||| 와우에서 모바일  안만드나? 아쉽네,게임
2kD13pdMjmA,유료 모바일 게임 인기 순위 TOP 10 (4월 1주차),프리월드,"10. Pirates Outlaws                                      0:37 9. 7 Days                                                        1:53 8. 미니 메트로                                               3:07 7. 사이터스 2                                                 4:57  6. Poly bridge                                                6:38 5. Football manager 2019 mobile             8:05 4. 지오메트리 대시                                      9:18 3. Shadow of death                                    10:39 2. A Dance of Fire and lce                         12:01 1. 마인크래프트                                          13:29 ||| 오늘도 영상 감사합니다 게임 소개 감사합니다 프리월드님도 감기 조심하세요^^ ||| 개인적으로 Bad north 도 재밌는듯 하네요 가격이 쫌 나가지만 한번쯤 해볼게임! ||| 10. 재밌음 근데 금방 질림 질리는 이유: 로그라이크 개빡쳐서,,, 원래 로그라이크는 좀 변태기질이 있어야 잘하니깐,,, 9. 재밌음 엔딩 무조건 여러번 보게 될거임 한번만 플레이 하기엔 캐릭 별 스토리가 너무 궁금함 선택 스토리 게임 싫어하는 사람들도 꽤 있는걸로 아는데 어짜피 얼마 안하는데 자기전에 함 해봐 8. 처음 시작하면 맵이 여러개라 그냥 기분이 좋음 돈 준만큼 오래 겜 할수 있겠다는 기분이 들기 때문 하지만,,, 하다보면 질림 금방 질림 맵이 바뀌어도 결국엔 똑같은 플레이 방식이라 그냥 질림 근데 무한 모드나 크레이티브 모드가 있는게 신의 한수 앱스토어는 5900원이라 솔직히 비쌈 안드로이드 가격정도면 합리적인 게임 7. 하지마셈 겁나 재밌음 근데 사면 안되는 이유: 그냥 이 게임 하나 산다고 끝이 아니라 그 안에 dlc가 많음 이걸 dlc라고 하는 건지는 모르겠지만 일단 여러개 있음 그럼 좋아해야 하는거 아니냐고 물을수 있지만 문제는 이게 가격들이 장난이 아님 근데 무조건 사게 되있음 그니깐 애초에 시작을 마셈 돈 아끼셈 리듬게임 안좋아하는 사람도 재밌어 할 정도임 내가 그랬음ㅠ 6. 킬링타임 지대로임 내 핸펀이 노트8인데 s펜 사용불가,,, 매우 짜증 하지만 돈 더주고 아이패드에서 다시 구매해서 할 정도로 킬링타임 굿 아직도 s펜 사용불가인진 모르겠음 빡쳐서 삭제해버렸거든 안드로이드에선 얼마 안하니깐 한번 해보셈 취향에 맞으면 패드로 가서 하셈 첨부터 비싼 돈 주고 앱스토어 갔다가 나중에 욕하지 말고 (빡대가리들은 못하는 게임) 5. 유일하게 안해봤음 넘 비싸 (사실 앞에서 사이터스에 돈 안썻다면 이것도 해 봤을 텐디,,,) 4. 이건 워낙 오래된 게임이라 딱히 말할게 없네,, 다 알겠지 내 취향은 아님 노잼~ (내가 못해서 노잼) 3. 이것도 내 취향이 아님 중딩 땐 이런 겜만 찾아 다녔던거 같은데 나이를 좀 먹어서 그런가 이런 액션겜은 좀 별로,, (그래도 20대임 노땅 아님) 무료로 플레이 해볼수 있으니깐 무료 먼저 해보셈 2. 요즘 푹 빠져있는 갓겜 비싼 겜도 아니니깐 해보시길 1. 말해뭐해 어렸을때 친구들이랑 멀티로 만나서 할 땐 참 재밌게 했었는데,,, 번외. 아이패드 유저라면 다키스트 던전 하셈 그냥 하셈 ||| 오!! 재미있는 게임을 또 알았네요~ 오늘도 감사합니다!프리월드님~",게임
UGv_VFMvMjI,무료 핵꿀잼 모바일 게임 TOP 10,프리월드,"10위 좀비증오자 9위 매드러너:한국의 가장 어려운 게임! 8위 샌드박스런 7위 Lught-It Up 6위 뫃봄 5위 좋은피자,위대한피자 4위 Tiles Hop:EDM Rush! 3위 나의최애캐 2위 쿠키런:오븐브레이크 1위 Magic Tiles 3 브롤!!!!!!! ||| 6:26 저보다 영어발음이 좋으시네요 ||| 여러분 광고가 나오는 게 싫으시면 현질을 하시는것이 아니라 와이파이를 끄고 플레이 하시면 광고가 안나옵니다 저의 말이 많은 도움이 됬으면 좋겠습니다 ||| 오늘도 영상 감사합니다 프리월드님 말씀처럼 미세먼지 심해서 함부로 나가기 힘들어요 프리월드님도 미세먼지 조심하시고 건강 챙기세요 화이팅-!!!! 그리고 게임 소개 감사합니다^^ ||| 감사 합니다 좋은정보네요~~~ 헤헤헤헿헿헿",게임
JHvcNBsT2wA,와이파이 없이 즐길 수 있는 모바일 게임 TOP 7 (PART 2),프리월드,5:29 어⬆️려워지네요 ||| 이런게임들 어디서 알아오시는건지 ㅠㅠ 재밌게 잘 플레이 해보겠습니다!! 항상 좋은 영상 감사해요 ||| 역시 오늘도 정말 많은 도움이 되었습니다!! 앞으로 더 많은 영상 올려주세요~~ ||| 4:44초 오타요 힐링타임이 킬링타임 으로 적혀있어요 ||| swordigo라고 젤다의 전설같은 겜 있는데  번역 안 된것만 빼면 그거 ㄹㅇ 갓겜임,게임
Ndw3ssTghco,[롤] 감스트 LOL 중독 된 것 같습니다...,감스트GAMST,"열심히 연습중입니다 이영상은 2일차 영상이고 점점 나아지는 모습 보여드리겠습니다! 구독,알람설정 부탁드립니다!!! 좋아요,댓글 두!! ||| 3:11 퀵뷰구걸 킬포 ㅋㅋㅋㅋㅋㅋ ||| 7:45 비타민 선택형 존중형 ㅆㅂ 진짜 미쳤냐고 ㅋㅋㅋㅋㅋㅋㅋ 오늘부터 인디기 본방 조진다 인디가 롤하자 ||| 4:03 아 여기서부터  개웃기네ㅋㅋㅋㅋㅋ ||| 와 진짜 지금까지 봤던 롤방송중에 단연 원탑이다 ㅋㅋㅋㅋㅋㅋ 생태계 교란종이네 ㅋㅋㅋㅋㅋㅋㅋㅋㅋㅋㅋㅋㅋ",게임
t7P03Gf0h9M,[롤] 감스트 이 실력에 잠이와? 큐돌려!! LOL,감스트GAMST,"하이! 이게아마 5~6일차 영상일꺼에요!! 지금실력보시면 놀라실듯... (너무 큰기대는..) 저는 다음주에 아프리카생방에서 챌린저 초대석을 합니다 그리고 배치고사도 곧.. 아직 멀어서 좀 남았지만 항상 고맙고 감사합니다!! 페북: 롤 지리는 명장면 님 불펌좀 하지말아주세요 진짜 생각하고 생각하다가 이렇게 채널명까지 남깁니다..부탁좀 드릴게요 추신 - 구독,좋아요,알람설정,댓글 부탁드립니다!! 추추신- 학원도 곧 갑니다 ||| 3:01 바이 카시 궁 피하는거봐.. ㄹㅈㄷ ||| 2:15 ? 마마무? 미친거야? ㅋㅋㅋㅋㅋㅋㅋㅋㅋㅋ 6:46 레전드 ||| 2:51 오늘부터 카시=비키니 도마뱀 ||| 0:42 형 cs 먹는거 실화야..? 많이 늘었어 진심",게임
xy8aA_kd0-8,원정 2019 년 최고의 RPG 게임,张建,,게임
BPXDhcYqngE,카르카손 보드게임 하는 법 | Carcassonne Board Game Rules | 3분게임요리,보드라이브 BoardLiveGame,모니터에 뭐 뭍은줄 알고 물티슈로  닦았네요 ||| 이거 군대에서 후임들하고 하다가 후임들이 제 멱살 잡으려고 했는데....  카르카손이라고 쓰고 우정 파괴 게임이라고 읽는다... ||| 신판에는 수도원장도 있군요.. 강 확장까지라고 생각했는데 ㄷㄷ ||| 룰영상 감사합니다!! ||| 어제 젤리젤리 카페에서 수도원을 막판에 완성시킴,게임
urllnrCU_G0,팬데믹 보드게임 하는 법 | Pandemic Board Game Rule | 3분게임요리,보드라이브 BoardLiveGame,친구들 몸속 깊숙히 있는 트롤인자를 찾아낼 수 있는 게임... ||| 협력이란걸 할 수 있구나! 하고 충격먹었던 보드게임... ||| 팬데믹을 5분 만에 이렇게 완벽하게 설명해주시다니 ㄷㄷ ||| 짧은시간에 명쾌하게 잘 설명해 주시네요. 모든 협력게임이 그렇지만 상대방의견을 존중하며 게임을 해야합니다. 좀 돌아가는 길이라도요. 너무 자신의 의견만 내세우면 극 지루해지고 담부터 안합니다. ||| 전염 발생했을때 버린 전염카드를 전염더미와 같이 섞는게 아니라 위에 올리는거라 난이도가 장난 아니네요ㅜㅜ,게임
h8iNRdCeR4U,무료 모바일 게임 인기 순위 TOP 10 (7월 18일 기준),프리월드,0:39 10위 Draw it 1:30 9위 Run Race 2:37 8위 Jetpack Jump 3:50 7위 브롤스타즈 4:26 6위 궁수의 전설 5:52 5위 Line color 6:32 4위 Auto Chess 8:01 3위 Fun Race 3D 8:51 2위 Jelly Shift 9:37 1위 Aquapark.io ||| 대부분이 다 질리는 게임이라고 하시네연 저도 공감합니다.. 하아.. 좀 신박하고 안 질리는 게임 없을까요 ㅠㅠ ||| 이터니움 하세요~! 인기 게임 목록에는 없지만 명작입니다👍  별로 안 유명하지만 좋은 게임도 소개해주시면 좋겠어요 ㅠㅠ ||| 구글스토어에서만의 인기순위보다 평점이 높은걸로 순위를 매기면 어떨가요? 예:구분이 애매한것들은 따로 유튜브 투표 또는 구글 스토어의 게임리뷰 창에서 좀더 조사하면 괜찮은거를 고를수는있지만 영상제작 기간이 많아질듯하네요. ||| TIP!! 광고 빡치면 돈내지 말고 와이파이 끄셈,게임
Z1sTLkHgqCI,다빈치코드 게임 방법 (윙 보드게임),윙보드게임 WING Board Game,영상 진짜 잘 만드셨네요 ||| 브금 좋은데용 먼가 진짜 게임하는 거 같아요 ㅋㅋㅋㅋ ||| 진짜ㅣ 귀에 딱딱 들어오고 이해도 너무 잘되네요 ||| 타일 공개할때 트페 카드 소리 아님? ㅋㅋㅋ ||| 꼭이렇게 무서운 브금을...,게임
wfeZJETsXRI,원정 2019 년 최고의 RPG 게임,张建,,게임
z8GLOe43ujk,닌텐도 스위치 게임 추천 TOP5 | 추천 게임,천유 for GAME,"스위치없는데 보는 1인ㅠㅠㅠ ||| 젤다를 플레이해보지 않았던 때로 돌아가 처음부터 젤다를 플레이했던 그 느낌을 느끼고 싶을정도의 진심 개갓겜 젤다.. ||| 크..확실히 게임시장이 커지면서.. 대전 격투는... 아저씨만 하게되는 ㅠㅠ ㅋㅋㅋ 흥미롭게 잘 봤습니다!! ||| 오!! 졸업선물로 스위치 사고 무슨 게임을 살지 고민하고있었는데 딱 대난투가 나와서 저걸 사야겠군요 ||| 대난투 참전게임  슈퍼마리오시리즈:마리오,루이지,피치,데이지,쿠파,닥터마리오,로젤리나&치코,쿠파주니어,뻐끔플라워  동키콩 시리즈:동키콩,디디콩,킹크루루   젤다의전설 시리즈:링크,시크,젤다,소년 링크,가논돌프,툰링크  매트로이드 시리즈:사무스,다크 사무스,제로 슈트 사무스,리들리  요시 시리즈:요시  별의커비 시리즈:커비,메타나이트,디디디 대왕  스타폭스 시리즈:폭스,팔코,울프  포켓몬스터 시리즈:피카츄,푸린,피츄,뮤츠,포켓몬 트레이너(꼬부기,이상해풀,리자몽),루카리오,개굴닌자,어흥염  마더(어스 바운드)시리즈:네스,류카  F-ZERO 시리즈:캡틴 팔콘  아이스 클라이머 시리즈:얼음 타기  파이어 엠블렘 시리즈:마르스,루키나,로이,크롬,아이크,러플레,카무이  게임엔 워치:Mr.게임&워치  키드 이카루스 시리즈:피트,블랙피트,파르테나  메이드인 와리오 시리즈:와리오  메탈 기어 솔리드 시리즈:스네이크  소닉 더 헤지옥 시리즈:소닉  피크민 시리즈:피크민&올리마  R.O.B로보:R.O.B  동물의숲 시리즈:마을주민,여울  록맨 시리즈:록맨  Wii fit시리즈:Wii fit 트레이너  펀치아웃 시리즈:리틀맥  Mii:격투,검술,사격  팩맨 시리즈:팩맨  제노블레이드 시리즈:슈르크  덕헌트 시리즈:덕헌트  스트리트 파이터 시리즈:류,캔  파이널 판타지 시리즈:클라우드  베요네타 시리즈:베요네타  스플래툰 시리즈:잉클링  캐슬 베니아 시리즈:사이먼,릭터  페르소나 시리즈:조커  드래곤퀘스트 시리즈:영웅  반조&카주이 시리즈:반조&카주이  (신규 DLC나올때마다 수정합니다.) 끝!",게임
LkFj3833w14,다빈치코드 보드게임 하는 법 | Davinci Code Board Game Rules | 3분게임요리,보드라이브 BoardLiveGame,영상 감사합니다~~~^^ ||| 감사합니다 ||| 요즘 고전을 주로 하시네요ㅎㅎㅎ 오늘도 기대 하겠습니다ㅎ ||| 해본사람으로서 말한다.개꿀잼입니다!그리고 조커를 넣어야지 꿀잼임. ||| 헉 다빈치코드가 아직 안나왔다니 놀랍군용 근데 첨에 타일 2개나 3개 나눠가지면 6~7명까지도 가능해욥ㅎㅎ,게임
IOh-FH7b-FY,[롤] 감스트 올스킨 올챔프 계정 만들기 LOL,감스트GAMST,"재밌게 봐주세요!!! 구독,알람설정,댓글,좋아요 꼭 좀 부탁드립니다!! 페북 불펌하지마세요! 추신- 스포 때문에 썸네일 저렇게 했습니다 양해부탁드립니다 ||| 3:14 편집자님 센스 ㅇㅈ ||| 5:27 드립 미쳤네 진짜 ㅋㅋㅋ ||| 진짜 감스트 상자깡은 어떤 게임이라도 재밌을듯 ㅋㅋㅋㅋㅋㅋㅋㅋㅋㅋㅋㅋ ||| 6:08 전설의 시작",게임
J8qruyQOJtc,꿀딴지곰이 추천하는 패미콤 명작게임 베스트 1부,꿀딴지곰,1:05 슈퍼 마리오3  2:37 닌자 용검전 3:53  록맨2 5:16 게바라 6:35 열혈물어 8:06 악마성전설 9:53 더블드래곤2 11:15 칩과 데일의 대작전 12:45 다카하시 명인의 모험도2 14:04 와이와이 월드2 ||| 잘밨습니다!!제목모르던 추억의 게임들을 약간의 단서로만 찾아주시는 꿀단지곰님!!:) 덕분에 삶에 작은 즐거움 추억을 되찾았어요! ||| 오 게바라가 나오다니..동생이랑 같이 하다가 동생이 죽으면 화면만 바라보고 있는 모습이  너무 마음 아파서 다시 처음부터 할까? 하고 다시 시작했었는데 아련하다.. ||| 기존 게임채널이 고전게임이라해도 잘해야 슈패미부터 시작하는게 일반적인데 패미콤게임을 이렇게 속속들이 알고있는분이 있다는게 놀랍습니다.   진정한 의미의 레트로장인 이네요.,게임
Isu7Qqk-Vtw,레지스탕스 아발론 보드게임 내레이션 녹음 (by 한곰),보드라이브 BoardLiveGame,"무셔워 ||| 목소리도 bgm도 좋습ㄴ디ㅏ,  이게임 너무 잘만든거같아요 ||| 역시!! 한곰님 목소리!! 분위기 죽이네요!!! 잘 사용하겠습니다!! ||| 너무 좋습니다.ㅎ 드디어 아발론을 같이 할 수 있겠네요! 저장하고 틀어놓을께요!! ||| 와 이거 있으면 혼란없이 게임 할 수 있을 것 같아요!",게임
h3MXhS83A5s,지루한 시간에 할만한 무료 핵꿀잼 모바일 게임 TOP 5,프리월드,1등이다 5위:경매왕 4위:별난닭 키우기 3위:딜리셔스 월드 2위:Happy Glass 1위:로블록스 진짜 추석잘보내세요 ||| 프리월드덕분에 제인생 모바일게임을 찾았습니다 저는 항상 게임을 하다 지겨워 한달을 버티지 못하고 지웠는데 오토체스라는 게임을 알려주셔서 스트레스 쌓일때마다 오토체스를 즐기며 하고있습니다 감사합니다 ||| 오늘도 영상 감사합니다 무료 모바일 게임들 소개 감사합니다 로블록스 확실히 재미있어 보이네요 추석 즐겁게 보내세요^^ ||| 경매왕  진짜 그림 찾을때 처음에는 찾기 쉬운데 조금 가면 어려워짐 ||| 온라인으로 사람들이랑 만날수있고 엄청난 자유도을가진 게임 해주새용 그런게임을 원한다!!!     할게임 없어 죽겄다..,게임
BfiEWxg5vB8,가장 빠른 '뱅' 보드게임 설명 영상 (Feat.합),합HOP 보드게임 설명,봐도 몇개는 어렵다. ||| 이거 ㄹㅇ 살면서 내가 했던 모든 컴퓨터 모바일 싹 다 합쳐도 젤 재밌음 ||| 군대에서 진짜 존나재밌게하던 보드게임 ㅋㅋㅋ  추억이라 함 들어와봐요 ㅋㅋ ||| 이거 술게임으로 추천요.. 뱅 한번 맞으면 술 한잔씩 먹기 하니까 30분만에 만취하네요 ||| 4:10 카드에는 다이너마이트가 안 터지면 왼쪽 사람한테 넘긴다고 돼있는데 바로 뒤 예시에는 오른쪽으로 넘기네용!,게임
Qvfh0UhUP5E,제31회 KETI와 함께 기술혁신 매치메이킹,한국전자기술연구원(KETI),,과학과 기술
t73NfHSq_AM,과학기술유공자 강연 '미래를 선도할 과학기술의 혁신' / YTN 사이언스,YTN 사이언스,"아멘감사합니다 ||| 가장 중요한 말은 역사의 페라다임을 바꾸는 것은 정치가도 권력가도 아닌 과학기술의 혁신이라는 말에 공감합니다. 우리는 어떤 과학기술을 가지고 있나요? 극일을 한 기업은 삼성밖에 없습니다. 현재 대한민국이 내세울 수 있는 것은 반도체 뿐입니다. 삼성이 기업의 명운을 걸고 반도체에 투자했기에 스마트폰,가전까지 일본을 이길 수 있었던 것입니다.    기초산업은 아직 일본과의 격차가 너무도 심합니다. 극일에 힘써주신 삼성이 있었기에 현재 대한민국이 있는 것입니다. 그런 측면에서 윤종용 부회장을 바라봐야 할듯 합니다.   The future is not to ve predicted; It is to be created. 미래는 예측되지 않는다. 그것은 만들어 지는 것이다.    현정부를 보면 예측이 안됩니다. 예측이 안되면 신뢰가 떨어집니다. 우리국민 만이라도  대한민국의 미래를 위해 고민하도록 합시다. ||| 이분이 그 탤런트 윤xx 아부지?",과학과 기술
EyICeCbEBLk,2019 5회 NIS정책 콜로키움 지역 과학기술혁신 전략과 과제 실시간 스트리밍,한국과학기술기획평가원 (KISTEP),,과학과 기술
RQ46ABWASUo,[최종현학술원 과학혁신 특별강연] 프랭크 롱고 Frank M. Longo 스탠퍼드대 신경과학과장,최종현학술원,,과학과 기술
AYyni5_eSbs,제32회 「KETI와 함께」 기술혁신 매치메이킹,한국전자기술연구원(KETI),,과학과 기술
WqDelysGIqU,한국 지난해 과학기술혁신역량 OECD 7위 / YTN 사이언스,YTN 사이언스,,과학과 기술
myxxTZyoOl4,제18회 과총 과학기술혁신정책포럼(2019.6.11),한국과학기술단체총연합회,,과학과 기술
U1m9CHVZei0,Blockchain을 기반으로 한 금융 산업 기술 혁신,Microsoft Korea,,과학과 기술
GSC0i-Lsnb8,"[장차관, Think Talk Work] 임대식 과학기술혁신본부장, 5개 혁신성장동력프로젝트 연구성과와 향후 계획 공유",과학기술정보통신부,,과학과 기술
q2W_5U3iyEo,제16회 과총 과학기술혁신정책포럼(2018.12.10),한국과학기술단체총연합회,,과학과 기술
lXPqtV5nEhY,제19회 과총 과학기술혁신정책포럼(2019.9.18),한국과학기술단체총연합회,,과학과 기술
toYAX1DjzGA,애플 아이폰 11 발표 이벤트의 숨겨진 혁신 | 기술인간,기술인간Tech&Human,기술인간님 어디가셨어요 ㅠㅠㅠㅠㅠ ||| 모발이 점점 광섬유가 되어 가고 있는 모습이다       즐거운 추석되세요 💕기술기술님 ❤️ ||| 기술인간님 언제 돌아오세요~ 기다리고 있어요. 기술인간님의 bear 응용편만 몇 번 본지 모르겠어요. 덕분에 일상에서의 정보를 메모하면서 살고 있답니다. 다른 응용편 기다릴게요 얼른 돌아와요~~~~ ||| 쭈욱 - 유튜브 하셨으면 지금쯤 10만 이상이 되었을 것 같은데 참 아쉽습니다. 올려주신 영상들은 전부 알맹이! 핵심! 가득한 영상들입니다! 🤔 유튜브는 더이상 업로드가 없지만 어디선가에서 자신의 분야를 정말 잘하고 계실 것 같습니다. 왠지 정말 잘 사실것 같아요! 🌼  마지막 영상에 늦었지만 영상들에 대한 감사 인사드려요! ||| 억 하박국님 머리에도 혁신이 있었네요! ㅋㅋㅋ 유익한 영상 감사합니당,과학과 기술
2qPnqytJoSM,[LIVE] 2019 GBC 혁신기술 포럼,식품의약품안전처,28일분 gbc라이브스트리밍영상좀 올려주세요~,과학과 기술
P5WYVS-7SCs,"기후·환경 혁신기술 개발에 1,082억 원 투자 / YTN 사이언스",YTN 사이언스,,과학과 기술
cZojtiu3n3A,T3q.ai 인공지능 플랫폼 시연 화면,T3Q ai,,과학과 기술
qnV6jWAjMgU,[테크M 영상] 인공지능 과시하는 휴머노이드 로봇 소피아,테크M,인공지능 친구 갖고싶다 ㅠ ||| 와우 ||| 진자사람아녀?? ||| 마인크래프트게임,과학과 기술
no2d5XiU4cQ,혁신적인 인공지능(AI) 얼굴인식 기술,CNB,,과학과 기술
YNlvho3D5DU,AI 어디까지 왔나?...CES에 쏠리는 관심 / YTN 사이언스,YTN 사이언스,,과학과 기술
bsZnbJ1B32c,인공지능과 교육의 콜라보레이션,SK AX,,과학과 기술
V5hZ_Yj808Y,[Selvy deepTTS] 인공지능이 영어를 배운다면?,셀바스AI,,과학과 기술
1eANDNyshS8,인공지능(AI)에 대한 7가지 질문과 대답,조형식의 디지털 온톨로지,,과학과 기술
_ZPgoQ_cqgE,인공지능과 자동차,AmazingScanner,,과학과 기술
FIn_CASDPP8,[Microsoft 365 Intelligence] 인공지능(AI) 기반의 업무 향상 코치,Microsoft Korea,,과학과 기술
TVzY9dhLu_g,4차 산업혁명 페스티벌 2020 '인공지능이 바꾸는 법률 서비스' [사이언스 포럼] / YTN 사이언스,YTN 사이언스,대단하고  장하심니다 한국의  미래가밝습니다 장하신 임영익 변호사님 무궁한  발전을   기대합니다,과학과 기술
QuR969uMICM,A beginner's guide to quantum computing | Shohini Ghose,TED,"if the hackers break the laws of quantum physics in order to break the human laws,  do they go to jail or go get a nobel prize, or both ? ||| I really like her final thought about not seeing quantum physics just as a tool to build quantum computers, but quantum computers as a tool to better understand quantum physics and the nature of the Universe. ||| ""the future is fundamentally uncertain but certainly exciting ""...WOW! ||| Wow. Even after 2 years of this talk being on net, I was amazed to think what future has in store for us. Very good Ms Ghose ||| I'm looking forward learning more (and understanding in my own way, by being confused) about this topic that lures and fascinates me and I consider Shohini Ghose managed to speak about a large scale of it in a beautiful way.",과학과 기술
r_jpv_QAZTs,양자컴퓨터 보안기술 강화...'세계가 함께 한다' / YTN 사이언스,YTN 사이언스 투데이,양자우월성,과학과 기술
SIu20d2wmxc,[과학|기술] 구글 양자컴퓨터 속도: 3분 20초 = 슈퍼컴퓨터의 일만 년? 아니면 2.5일?,TSP NEWS [과학기술],유튜브 보고 있으면 그냥 시간 때우기 인데 이분꺼보면 똑똑해 지는 것 같아요 ||| 매번 영상에 1인 2역 나오는거 너무 참신하고 좋은 아이디어인거 같아요~! ||| 이정도 퀄리티면 솔직히 왠만한 100만 유튜버보다 훨씬 나은듯 ||| 믿고 보는 똑똑한 아저씨 ||| 구독 10만 얼마 안 남았네요. 응원합니다.,과학과 기술
0flf9e8TLdU,더코더 - 4차산업용 코딩기술 DoT Technology,TheCoder Official,,과학과 기술
niLrfn1dHk0,Submer Immersion Cooling Showcasing SmartPodX,Submer,"“Yo sorry bro, can’t hop on tonight. Giving my computer an oil change.” ||| Heat dissipation is a major problem for traditional computer rooms. The flat layout has low efficiency, requiring a lot of energy to maintain the room temperature. What advantages does Broadwatt's vertical solution have in terms of heat dissipation? ||| Esto valdrá miles de millones ||| Is that 2000w psu? Can I get the more information about the PSU case? ||| 💪💪💪",과학과 기술
X_2PrO_N4as,"ETRI, 양자컴퓨팅 보안기술 워크샵 개최",한국전자통신연구원 ETRI,,과학과 기술
jjekOHOXK7M,Q-TOF를 이용한 바이오의약품 분석 관련 최신 기술 동향[Agilent Technologies Korea],"브릭,BRIC",안녕하세요. 고등학생입니다. 미생물과 바이오의약품에 관련해서 모르는 것이 생겼는데 질문해도 될까요??,과학과 기술
6PDhn0J-1xk,삼성디스플레이 홍보관에서 만나는 최신 디스플레이 기술!,Samsung Display,삼성디스플레이 늘 관심있게 지켜봅니다~! 회사 전반을 소개하는 영상 같은 건 어디서 볼 수 있나요? 홈페이지에서도 못 본거 같아서요~ ||| 와...,과학과 기술
pYcKapMW_lw,What is Quantum Technology?,UQ Science,What is quantum technology? Still waiting for a basic concept. This video only explained how the theory is just now being implemented in the real world.,과학과 기술
YU3szob_wRg,"ETRI, 독일 IFA 2019 통해 최신기술 공개",한국전자통신연구원 ETRI,,과학과 기술
TSzpz8N7Xw4,Q2B 2018 - Quantum technology in the short term and long term: the search for applications,QC Ware,,과학과 기술
E_GpgiADtAo,삼성 갤럭시 노트10 최신기술6가지 적용 될까? 노트10 이번엔 걸러야 하나?,Tube Jkin,쵝오 ||| 노트 10 노트펜 카메라는 들어가지 않을까요? 노트가 이번이 마지막이라는 소문이 있는데 여기에 안쓰면 갤럭시 폴드에 노트를 병합?시켜서 할수도 있는데 넣어주면 좋겠지만 몰카에 쓰인다는 걱정은 배제 불가 ||| 엣지부분을 없애야 합니다.  s pen 을 사용할때 아주 불편하거든요. ||| 위에서언급한내용이 노트10에는 하나도 적용이 안될예정이라함... 이젠 ㄹㅇ 믿고거르는 노트시리즈가되어버렸네...7이후론 s시리즈에비해 화면만커졌지 별차이점이없음 노트사용자로서 진짜 기존기술을 너무할정도로 우려먹고 사골까지 우려먹네요 ||| 엣지는 왜 만드나 몰라. 괜히 화면이 넓어보이는 착시효과를 기대하는 것이겠지만 보호필름 붙이고 케이스 사용하기 너무 불편함. 펜 사용하기에도 불편하고... 제발 엣지는 포기해줘...,과학과 기술
2R_oMqLcGck,[과학다반사] 최첨단 로봇을 만나다!  / YTN 사이언스,YTN 사이언스,"[YTN사이언스] 구독하기 ▶ https://bit.ly/3raTL0t ||| YTN 사이언스 최고입니다~.항상 새로운 정보로 과학에  흥미를 불러 일으켜주셔서  감사합니다,빠른 수정도 최고입니다 ||| MC분 진짜 열심히 하신다.. 화이팅 ㅎㅎ ||| 평소에는 거들떠도 안보던게 온라인 수업에서 보니까 재밌누 ㅋㅋㅋ ||| 어른이 저렇게 좋아한다니...ㅋㅋ",과학과 기술
ZRhmfNSsIyg,스스로 재봉을 하는 로봇이 있다? / YTN 사이언스,YTN 사이언스,,과학과 기술
BX42lYHEsSU,생명공학과 생명공학 입문 3편 - 단백질이란 무엇인가? 세포의 기능을 담당한다? by 생공돌이,"생공돌이, 생명공학 이야기","와 !  전문가 박사님이시다 감사합니다 ||| 설명 쉽게 잘들엇어요!! ||| 보면서 도움 많이 됐습니다~!! 감사해용 ||| 조언 정말 감사합니다! 상세하게 말씀해주셔서..너무 큰 도움이 되었습니다.  식품공학과졸업해서 3년정도화장품 품질 에서 일하다가  연구직쪽을 하고싶어서 회사관두고 생명공학 대학원 진학을 예정중입니다!   현재 대학원 연구생 신분으로 2주차 됩니다.. 전공지식이 하나도 없어서..막막함에 유튜브 찾아보다가 댓글달게 되었습니다!   단백질의 구조 조차도 제대로 모르겠고, 심지어 몰농도 구하는 것 조차 모르고있었어요...꾸준히 한다면 늦지않은건지..다른사람들과 자꾸 비교만 하게되네요ㅜㅜ제가 가진지식이 너무나 부족해서...^^;; 참고로 학부때 배운 내용은 정말 하나도 기억이 안나요...부끄럽네요   혹시 이분야에 대해 공부 할때 팁 같은건 있을까요? ㅠㅠ ||| 세포표면에. 수많은 섬모가 글리코층이라고하는대 이섬모의당이 단백질과 결합을해서 당 던백질 지방과 결합하면 당지질이라노 알고있는대 단백질만이 아니고 반드시 글리코포이 단백질과 결합을 해야하는거  아니가요 세포겉표면에 섬모가 인지,방어,흡수한다고 생물학적으로 들은적이 있습니다 섬모를 모르시나요 수많은 숲으로 이루워져있다는대 궁굼하내요",과학과 기술
uqa9DQ8Ups8,"""출연연 특허 기술 이전 비율 39%"" / YTN 사이언스",YTN 사이언스 투데이,,과학과 기술
tvcEQns4ffw,"中, 쓰기숙제 대신해주는 로봇 등장...""필체까지 똑같이"" / YTN 사이언스",YTN 사이언스,우와! 중국이 글씨쓰는 로봇을 만들다니 진짜 훌륭하다👏👏👏👍👍 ||| 그냥 반복해서 한 단어를 계속해서 아무 생각 없이 쓰는 것이 아이의 창조력과 상상력 등에 도움이 되는지 궁금하네 ||| 싸인 복사에 활용되면 어쪄나... ||| 나때만 해도 쓰기숙제 안하면 때리니까..... 물론 쓰는게 외우는데 도움 되지 ||| 좋은 로봇이ㄴ...,과학과 기술
kU9hhtnorfM,육종 개량과 유전자재조합기술의 차이점은? / YTN 사이언스,YTN 사이언스,"우와 디게 신기해여 ||| '다른 종'의 유전자 도입 여부가 둘의 차이인가요? ||| 아하! 같은 종자로 개량을 하느냐, 다른. 종자로 개량을 하느냐의. 차이군요! ||| 그래서 결론이 뭐라는 거지? ||| 아ㅋㅋ 과제",과학과 기술
b7nAE6-O_WQ,신기한 로봇 10가지,사막여우,안녕하세요. 사막여우 입니다. 오늘의 주제는 신기한 로봇입니다. 재미있게 시청하시고 좋아요 많이 눌러주세요!!^^ 영상에 나오는 제품들의 정보 및 BGM 관련 정보는 영상 정보에 자세히 적어두었으니 필요한 분들은 참고하세요. ||| 매번 느끼는데 이런 소재를 얻어오는 것도 신기하고 설명도 굉장히 깔끔하게 해주십니다. 위에는 기본적 설명 밑에는 좀 더 세부적인 설명과 함께 가격과 회사나 구입처등 여러 정보를 알려줘서 보기도 편하고 영상 정보에다가 링크도 걸어주셔서 진짜 편하고 깔끔해서 매우 좋습니다. ||| 이런거 찾는 사막여우님이 더신기해요 ㄷㄷ ||| 드디어 영상이 올라왔네요 사막여우님^^ 하도 영상안올라와서 걱정했어요ㅠㅠ 그래도 지금돌라와주셨네요 감사해요 그리고 사랑해요 그리고 앞으로 재밌는 영상많이 올려주세여~^^ ||| 나는 마지막 로봇이 인간과다른 무게 중심에도 불구하고 인간과흡사한 움직임과 기동력을 보여준다는것이 너무 쩔었다,과학과 기술
qwGbwUdQbdA,[과학본색] 육체노동 정년 5년 연장…핵융합 실험 성공한 12살 소년 / YTN 사이언스,YTN 사이언스,ㅋㅋㅋㅋㅋㅋ 국가에서도 거대한 융합로 지어서 실험 하는데 어떤 실험을 하면 저런 조그만한 기구로 함 ㅋㅋㅋㅋㅋㅌㅋ,과학과 기술
WM9Jqx-vhBk,[과학본색] '인공태양' KSTAR 10년의 의미 / YTN 사이언스,YTN 사이언스,"원자로 개발에 힘써왔던 선조가 있다면 미래를 바꿀 현주소가 되길 간절히 희망합니다 이것이 성공한다면 우리나라는 엄청난 부와 명성을 얻게 되며 나아가 세계환경에 엄청난 기여를 하게 될것입니다 이나라에 인재들이 모인곳에 부디 노력에 결실히 나왔으면 합니다  화이팅! ||| 정치인들은 틀려먹었지만 과학자들은 너무 자랑스럽다 대한민국!! ||| 존경하고 또 존경하고 또 존경합니다. ||| KSTAR 연구원분들 정말 멋집니다. 에너지 걱정없는 나라, 에너지 수출국 멋진 대한민국을 기대해봅니다. 화이팅~!!! :D ||| 인류의 미래를 결정짓는 프로젝트네요.",과학과 기술
5JdaB8TAd30,축구장 60개 규모의 인공태양 ITER(국제핵융합실험로) 건설현장 공개!,한국핵융합에너지연구원(KFE),"대한민국의 과학기술자 여러분이 너무 자랑스럽습니다 ||| 대한민국 핵융합 연구소  화이팅.. 👍👍👍👍👍👍👍👍👍👍👍👍👍👍👍👍 ||| 인공태양이 만들어지고 있다니 너무 신기하네요. 우리나를도 함께하고 있는 국제공동 연구개발 사업 앞으로가 너무 기대가 되네요~ ^^ ||| 인간은  정말  대단한 생명체인듯합니다   저가 아는한 안에서는,,,수고하시는  과학자분들   건강하시길    지구를 지키는   건물이  되기를 빕니다 ||| 성공의 염원을 화이팅",과학과 기술
lt7eA0C8gWw,'한국형 인공태양' KSTAR 실험 10주년 맞아 / YTN 사이언스,YTN 사이언스,전 오늘 저기 갔어용 ||| 가니까 먹거리가 ㅋㅋ,과학과 기술
-IUx7ZgUNA0,[과학실험] 신형 바람이부는 방향 관찰하기 세트(실리콘부),세원과학사,,과학과 기술
0XkZHSCqvX4,[과학실험_결정_용해도] 소금결정 만들기_Salt crystals_건빵박사1분실험,건빵박사사이언스캠프,안녕하세요! 저는 중학교 2학년 석은찬 입니다. 저는 소금이 녹은 소금물에 모루를 넣어 기다리니 며칠 후에 모루에 정육면체 모양의 소금 결정이 생기는게 정말 흥미로웠고 정말 재밌는 부분 이였습니다. 이러한 간단한 실험 영상을 만들어 다른 사람들이 실험을 따라 할 수 있도록 해주셔서 감사합니다. 영상 재밌게 잘 봤습니다! ||| 질문입니다! 황산구리결정은 예쁜데 증발시 위험하다고 들어서요. Nacl은 소금인데 증발시 유해한 물질 없을까요? 이실험의 주의사항이 뭘까요?? ||| 소금은 얼마나 많이 넣어야 하나요? 그리고 매일 일정하게 소금을 넣어주어야 하나요? 제가 열쇠고리를 만들고 싶은데 소금이 결정이 되어도 녹나요? ||| 두번째 담글때도 소금물 뜨거운 상태로 담그나요?  아님 식힌후 넣어야 하나요? ||| 죄송한데여....제가 영재 실험때매 물어볼께 있어요 .물은 맨날 바꿔야되나요 아니면 1일째 했던 소금물에다 소금을 더넣어 끓여서 다시넣는거 인가요 최대한 답변을 빨리해주새여,과학과 기술
6fTY6ntgFd8,중력파 한 방 정리! [안될과학-긴급과학],안될과학 Unrealscience,"미친 상상력과 끝없는 믿음으로 꼭 세상을 바꿔주세요 궤도님 ♥ ||| ㅋㅋㅋㅋㅋ 궤도님이 긴급과학을 가장 빠르고 웃기게 잘 설명하는 것 같아요 말이 빠르고 낮은 음에 정확하셔가지구 뭔가 진지하고 신용이 가면서 웃겨여 ||| 앗 이거, 궤도님이 예전에 쓰신 글에서 본 내용 같아요. 참치캔과 랩의 찰진 비유! 팟캐스트 과장창에서도 궤도님의 드립이 찰졌는데, 유튜브에서는 더욱 찰집니다.  명불허전 안될과학입니다! ||| 어트케 또 제가 또 LIGO 다녀온거 또 어트케 아셔가꼬 또 이렇게 또 감사하고 고마운 콘텐츠를 또 만들어주셨대요!? :) LIGO 콘텐츠 끝에 또 여기 링크 달아놓아야겠네 또!! ||| 5만원 중에 2만원쓴걸 검증하기 위해 남은  3만원을 하나씩 세어봤다는 비유가 아주 찰지네요 쉬우면서도 이해가 잘 되는 표현입니다",과학과 기술
HMi2QxA2Muk,[과학실험_소금]얼음낚시_Ice fishing_건빵박사1분실험,건빵박사사이언스캠프,"실험뒤에 과학원리 설명이 함께 들어가면 아이들이 영상을 시청하는데 더 좋을 것 같아요~ ||| 과학실험발표에 사용하려고 하는데 썸네일사진 사용가능할까요? ||| 원리가 무엇인가요? ||| 녹은물은 소금을 녹이면서 주변으로 부터 열을 흡수한다고 하셨는데 열을 흡수하는데 어떻게 온도가 낮아지나요? 아니면 혹시 열을 흡수하여 ""주변의"" 온도가 낮아진다는 말씀을 하시려고 한거였나요?",과학과 기술
h3OJVdvfrxo,[과학실험_파스칼삼각형]확률게임판_Probability game_건빵박사1분실험,건빵박사사이언스캠프,,과학과 기술
s7GPTyXqdHQ,[과학실험_밀도]액체탑쌓기_Liquid tower_ 뜨거운물 차가운물_ 소금물_건빵박사1분실험,건빵박사사이언스캠프,,과학과 기술
m12f9qAuhDY,[Eng Sub]헉!~신기방기 과학실험~~ 돌맹이(CaC2)로 화염방사기 만들기~~Making a Flamethrower with Stones,LAB Eun,카바이드를 이용하여 아세틸렌을 제조하는 방식의 가스발생기 중 투입식을 설명하시오. 물에 카바이드(CaC2)를 넣는 방식이다. 카바이드가 물 속에 있으므로 온도상승이 크지 않고 불순가스 발생이 적다. 카바이드 투입량에 따라 아세틸렌가스 발생량을 조절할 수 있다. 공업적으로 대량 생산에 적합한 방식이다.,과학과 기술
eLihea5ZGow,[퓨전홈스쿨] 태양보다 더 뜨거운 인공태양 만들어보기,한국핵융합에너지연구원(KFE),어려운 주제를 재미있게 풀어 실험 영상으로 만들어 주셔서 잘 봤습니다. 감사합니다. ||| 주니어닥터에서 실험키트 받아서 실험 했는데 재밌네요^^ ||| 이 실험도 재밌어요~ ||| 인공,과학과 기술
boBpb_arqko,[과학실험] 거품이 오래가는 목욕제 만들기(5명1세트),세원과학사,,과학과 기술
tXKcdXud_Ho,[과학실험_발화점]촛불위에서 터지지 않는 풍선_Balloons over candles_건빵박사1분실험,건빵박사사이언스캠프,,과학과 기술
sNnvFJLF4xs,[과학실험] 내가 꾸미는 빅 스티로폼 글라이더,세원과학사,,과학과 기술
_paW8_Cb3Mw,호모폴라 전동기-homo polar motor_건빵박사1분실험,건빵박사사이언스캠프,저는광교고등학교2학년이민형입니다이실험은정말재미있고유익해요! ||| 신기하다,과학과 기술
T9poRxRj204,[과학실험_대기압]물을 막는 여러가지 망사-Waterproofing mesh_건빵박사1분실험,건빵박사사이언스캠프,,과학과 기술
e7Fr29s52IY,[과학실험_극성_무극성]서로붙는 기름_Oil sticking together_고추맛기름_건빵박사1분실험,건빵박사사이언스캠프,오 ㅋㅋㅋㅋㅋ다른 것도 올려주세요. 재밌네용 구독하고갑니당!! ||| 원리  알  수  있을까요?,과학과 기술
Lxg1hvL7w1o,흑룡을 소환할 수 있는 실험?? black snake experiment,실험쌤,우와아아....집에서 하면 쫓겨날 것 같지만 정말 멋져요!!! ^^ ||| 멎져여!! ||| 이거 어떻게성공하셨나요 베이킹소다 많이 넣어야하나요? ||| 흑룡이 나무 같아요 ||| 흑뱀정도,과학과 기술
5Hc34cYeK6s,賃貸でもできる こう見えて超簡単！トイレをおしゃれにDIY,mamatas(ママタス),トイレタンク隠しDIYの動画を色々拝見しましたが、ママタスさんが一番素敵です！🤩シンプルで清潔感があって私もやってみようと思いました😊😊もう少し完成したトイレの様子をゆっくり見たかったです～🥰 ||| 凄く素敵です♥️ 近々、引越しするので参考にさせていただきます‼️ ||| 安っぽいかも… ||| 展開が早い。。 読んでるとその場面が終わっている。,노하우/스타일
mJD30Y4PwV0,DIY - How To Build Mini Swimming Pool For Pet From Magnetic Balls (Satisfying) | Magnet World Series,Magnet World,🥰What do you want to buid ? Please tell me 🥰 🥰Love my work? Watch more here : https://s.net.vn/TeM3 🥰 🥰Special thanks to all of the channel members who joined the channel 🥰 ||| Çok şiriiiin💐 ||| Só. Da👏👏👏🙆🌹 ||| 귀여워요 거북이 가 귀여워용 !!!!!!!! ||| Waw di nuar negri ada ikin oglden black 🖤🧡,노하우/스타일
ZJeLCdQh1vQ,DIY kitchen cabinet Christmas decorations,Rosa Parks,"Very welcoming..I love decorating  the kitchen  🎄 ||| Awesome ideas you did an  amazing job looks absolutely beautiful definitely going to try this idea thanks for sharing happy holidays🥰🙌🏼🙌🏼🙌🏼🙌🏼👏🏼👏🏼👏🏼 ||| beautiful 😍 decorating 😍!! ||| Beautifully Decorated! ||| Good job, looks great",노하우/스타일
mvLv0cj0Ku8,DIY Modern Outdoor Chair | How to Build,Fix This Build That,"Finally, a DIY outdoor chair design not ugly ||| That chair is a beauty. But the finish on the chair looks incredible. ||| I bought the plans for this to make it with my son.  We only have hand tools and a power drill.  Hope it turns out half decent! 😊 ||| Rounding over the edges took that chair to the next level. Well done 👍🏼 ||| ""Other jigs to make me see."" - Brad Rodriguez  I had to rewind it to make sure that's what I heard. Great build, not sure what I'd like to watch you do to make you see, though.",노하우/스타일
DHYswczxB1s,DIY: How To Make a Faux LATEX Pencil Skirt + Top!! (Designer HACK) -By Orly Shani,Orly Shani,"I love everything you do. You make me feel like I can make anything ||| When she stretched it and fell backwards, killed me 😂 ||| I'm convinced with that body anything will look amazing. If I did this I would look like a melting piece of gum on a sidewalk on a hot sunny day ||| If you can, use clips instead of pins. Pins leave holes that may show on the garment... ||| It's not latex, but PVC so it will not be able to be glued like latex but only sewn as it is a thin plastic layer fused on material. Latex is rubber and is not possible to be sewn unless it has been glued first with material to strengthen it, otherwise it would rip apart.",노하우/스타일
R7qewoC1_ns,DIY: Super EASY Summer Wrap Pants! -By Orly Shani,Orly Shani,"I just made these today. I'm a plus size girl, and the pattern she describes works just fine! Take those 3 measurements she explains, and the you have to add 5 inches to your waist measurement for the between-the-legs part, and a few inches all around for seam allowance. It was super easy and they look really cute! ||| For the straps on the front to the back. I put elastic in  and sew it shut So it gets connected . When you put them on you step into the front to back loop, that way no bulky bow in the back and I feel more secure in it. ||| This is the only video I've found for these style pants that actually explains how to take your measurements. All other ones just say ""make this 5 inches and make this 30 inches"" or whatever and I'm like ""but I want more coverage! Idk how to do that."" I'm not a seamstress but this seems easy enough! Thank you! ||| I'm always so curious about the dislikes.  This is a very straight-forward, easy to understand tutorial about a garment that ACTUALLY LOOKS CUTE.  So.... what's not to like??? ||| Too funny!!! I made and wore these pants in late 70’s early 80’s. The only difference was I made the tie straps, one long piece that encased the pants also... making the waist band and ties all one piece. Thanks for bringing back great memories Orly. ❤️",노하우/스타일
w9SLC1EmDH8,Use your old leggings make beautiful doormat,Chiransh Bhumbak,"Wow, so easy, thanks 😊 ||| Very easy ❤ ||| Superb easy ❤ ||| ❤ ||| Great so easy",노하우/스타일
qRJ3NfNqnvY,Understairs storage,The Ditchling Cabinet Maker,"Beautiful and functional! You are an amazing carpenter. ||| OMG the BEST understair storage method. Easy to open and close. I love this. Thank you for making it and sharing. Just beautiful! 😃 ||| If you didn't know it was there, you wouldn't know it was there. Nice work! ||| Very good idea,  I did this  20 yrs back with manual pulling pushing door,  Good job mate.... Love it. 😊😊😊 ||| Wow thats awesome, that barista is an amazing woodworker!",노하우/스타일
1YZ1vS2nJlw,do you know how to use 3D pen?,Marco Wang,"I got one for my birthday and I can't wait to use it😊 ||| Thank you, This helped me with my 3d pen. ||| wow so cool yay ||| My is coming  in 1 day 😊 ||| I used a real pair of old sunglasses as a base for this gigantic head piece thing for my daughter woth flowers and stuff all over it she told me what she wanted as i created exactly to the best i could and she loved it and the glasses worked great as a supprt to allow her to wear it and i also made her and her friends a few pairs kf 3d printed glasses from the sunglasses as a frame",노하우/스타일
5UiObwVdYAg,Sterne aus Butterbrottüten basteln - Wenn das Ergebnis alle zum Staunen bringt!,Faminino,"Superidee, das versuche ich auch.... Dankeschön😊👍❤ ||| Echt schön! In Echt bestimmt noch viel besser! Danke! ||| Danke für die klasse Idee ||| Ich habe es brobiert und es ist mir sehr gelungen es ist sehr schön geworden bin richtig stolz ||| Finde ich super und einfach nach zu machen",노하우/스타일
xnlVL_62iiM,DIY Tech Wall Organizer - IKEA Skadis,David Zhang,"thank you for getting straight into the point of this video right at the beginning of it and not rambling on and on about updates with you, your life, and or your channel, I cant stand it when youtubers do that crap, not all of us are subscribers of said youtuber and couldn't care less about that and the reason we clicked on said video was because it was on a subject that happens to interest us at the given time, I wish there was a way to tip content creators for this as I would be giving you one for doing that. ||| I loved this idea so much, I recreated it for my own office and LOVE IT! It's so functional and I now have a designated spot for everything charging related. It's perfectly customizable. Thank so much for sharing! ||| When I'll have my own appartment you'll probably be a big inspiration on how everything will be setup Everything is so clean/smart! ||| IKEA needs to sponsor you ||| I love what you did with the bungie and the zipties",노하우/스타일
oNUrbRPogoY,DIY 3 Tool Cutting Board | How To Without A Planer or Jointer,DIY Huntress,"Just what I was looking for,  I don't have a planner or jointer and you showed me how it can be done. Thankyou so much! ||| There’s nothing more satisfying than watching finish being put on cutting boards. ||| Thank you for actually making a ""simple"" cutting board! Great instructions, amazing results, what a beautiful cutting board, and NO plainer needed!!!!! You understand the weekend DIYer! ||| Great video good information for folks who were getting started don’t have all the tools and think that they have to have them to do the job. I’m 63 years old and I’ve been doing this for a long time so I have accumulated a ton of tools and I get that comment from the woodworkers all the time it well if I had all the tools you did I could do that and then I go through the process of what they have and show them how to use what they have to do the same thing great job with your video. One other thing if you’re going to do a bunch of cutting board for some like that for for gifts for people say for Christmas or something like that try to find a local small cabinet shop try to talk with them about what they would charge you to run them through the planer but make sure to either scrape all the dried glue off or saying the glue off so it’s not there so you don’t chip their blades just be patient don’t expect him to drop everything and take care of your boards for you you might have to come back and get them a day later if you find one and they won’t do it to see if they know of another cabinet shop that might or woodworking shop for that matter oh and a nice gesture would be if they do one for you when you come back the next day to pick them up in the morning or so bring a box of donuts just to show me your appreciation and yes they’re going to charge you something for doing them for you😁 ||| Best cutting board video. I kept clicking videos with people using expensive tools. I almost lost hope thank you. Definitely like and subscribe!!!!",노하우/스타일
hMEkTcmaOVU,DIY $100 Rustic Modern Queen Bed,Shanty2Chic,"Glue trick....I found this to work really well. When you glue boards, sometimes they pieces slide out of place. Use a pinch of salt when you glue boards and the salt will hold the pieces together without slippage ||| I dont understand why you girls dont have a zillion subscribers. Your work is so amazing and you explain everything so well and you're cute together and funny and gorgeous...the whole package. I get so excited every time I get a notification. I love your work so much! ||| Wow just wow it's probably a bit more money for lumber where I live , but even if I paid $200 for lumber it's totally worth it for a queen size bed. I love how you ladies explain everything on what you are doing. I do appreciate it. Thank you!! ||| Followed this to make a massive King bed and it turned out super awesome. Thanks to both ladies <3 ||| Y'all remember when this would actually be $100 in lumber? Good times...",노하우/스타일
2O0IABhWCMA,"$30 Audiophile Grade RCA Interconnects, DIY Better Sounding High Quality Cables",Tharbamar,"WOW, Tharbamar!!  So you’ll probably never see this but I just made these exact RCA cables plus the Mogami speaker wires in your other vid.  I waited until both sets were done, played my gear with the old amazon interconnects and 2002 monster cable, immediately swapped to my new hand made cables leaving all volume and sound settings the same.  WHAT A DIFFERENCE!  Playing a Marantz 2265b and Hafler DH220 on Klipsch Hereseys using Tidal from my iPad through a Schiit Modi DAC.  Not sure if it’s that combo or if it’s the vintage gear that really brings out the difference or what, but I’m totally blown away.  MOST. HELPFUL.  VIDEO.  EVER!!  I owe you one!!  I’m making my dad and sister sets for Christmas now. ||| I got tired of having excess cables for my home theater system, and wanted to make my own. I used this video and am now kicking myself for not finding this channel… the cables I made sound better than $150 king cobra cables I bought. Excellent video my friend ||| First watched this a couple of years back when I decided to make a couple of sets of interconnects. They turned out great. Now I""m back b/c I need to make four more sets. Thanks for taking the time to put this together. Much appreciated. ||| A freaking visor sun glasses holder... It's so brilliant. It literally makes me mad. I didn't think of it first. ||| Beautiful presentation, it's refreshing to see someone not drowning everything in solder... :)",노하우/스타일
abdpwnrBtNE,DIY Pull Out Storage Drawers Under Stairs - Extra Storage For Small Spaces.,Neil Lovegrove,"Just a note for anyone about to comment on whether the child can breathe in the under stairs bedroom.. this was a joke, its not really her bedroom, I do not really store my children in drawers under the stairs! ||| Finally a build thread an average Joe can follow without requiring biscuit pointers and 10,000 clamps great job Neil! ||| Super video, well done, great craftmanship and a super little child actor. ||| I was like ""why is he whispering, is someone asleep?"" I was not disappointed, very funny! Great build! ||| Great tip for the runners, so many people would've struggled trying to attach the runners to the drawers.  I've shared this video 4 times on various places.   Great hiding place for your daughter, I bet it freaks out the grandparents.",노하우/스타일
M72VTjUTH8Q,DIY: How To Make JIMMY CHOO BOW Heels ($9 HACK!) -By Orly Shani,Orly Shani,"You should buy another pair of the exact same shoe and make the bows on the opposite side, so now you can mix and match them. That way you still have the trendy option of wearing one bow on the back and one on the front, or you can have two pairs of the exact same bow placement. ||| “But they’re really, really expensive. And that’s where I come in.”  -Orly Shani 2019 ||| I have these shoes and they've been sitting in my closet. Now I'm going to DIY them for New Year's Eve! Love from Colorado Springs. ||| I always love all your DIYs...but I also love it when you model everything at the end--cause I love your style and wardrobe! #goals ||| Doing this for my wedding- in white obviously!",노하우/스타일
LxI18_UYMRE,쉽게 바지 허리둘레 줄이는법! [패션꿀팁저장소],패션꿀팁저장소,이거 직접 해봤는데 실 6겹 겹쳐서 해도 청바지가 너무 두꺼워서 당기는 과정에서 실이 튿어져요. 그리고 대칭이 맞아야 울지 않더라구요. 그냥 고무줄 끼우는게 더 쉬운것 같습니당 ||| 해보니 일반실로 하면안되구요. 가죽용 실로하되  좁은부분부터 시작해서 넓은 부분에서 땡겨줘야 잘됩니다. 좁은부분에서 끝나면  잘안땡겨지더라구요.  바지가 허리밴드부분이 두꺼워서 실패하다가 실바꾸고 이 영상 방향으로 하니 잘 줄여졌어요! ||| 처음부터 실을 당겨주면서 하는 것이 더 편하고 울지 않는 것 같아요 ||| 완벽하게 잘됐어요 ㅎㅎ 감사해요 ㅠㅠ ||| 실을 어떤실을 쓰나요?? 네겹으로해서 되긴했는데 실이 강하면더좋을것같네요,노하우/스타일
FING5nCEq2E,DIY Built-In Mudroom Lockers,Rogue Engineer,"Written Tutorial: https://rogueengineer.com/how-to-build-mudroom-lockers/ ||| Well done. I'm a full time custom cabinet and furniture maker. You guys did a great job. And you made a wise decision with hiring someone to build the doors for you. It's obviously not an impossible task, but it's so figity and there's so many details when it comes to making quality doors that takes so much trial and error... It's a great idea to just hire someone if you've never done it before and you want it to be done right. Great job. ||| I just noticed. Haven't seen this before in any other videos. I love how you laid out your hexagon tiles and didn't cut where it meets your wood flooring. It's really unique and looks pretty darn clean too. I am going to try this for next project. ||| My mudroom only has room for a cabinet (with bench), but I love how yours also has a built-in desk.  Wish mine had room for that.  Great job! ||| Looks beautiful.  Love the work you both do.",노하우/스타일
tXqtTjeoGVk,허리 라인 살리기 腰ライン生かす 끈 묵는 달인,패션꿀팁저장소,,노하우/스타일
jQKiGpPsK1I,[primitive technology] Making kettle with bamboo~ #DIY,toolwei,No ones talking about How he broke glass in the forest ||| Very nice 👌👌💖 ||| Very very nice Janek 👌👌👌 ||| super talent 😇😇😇 ||| Supper video,노하우/스타일
U32IwBAh1OU,How to make a snowflake out of paper | DIY Paper Snowflakes | Christmas Decoration Ideas,Crafty Daily,"This is a good video on how to do a snowflake ||| Tis the season to be jolly! ||| It was the best idea for a snowflake. Absolutely awesome 👌 ||| Here's a little poem for you ☺️☺️.  It is winter, every where colder. Every where snowflakes with snowfall, It is the nice season.   It means I like your video ☺️☺️☺️ ||| Very cool this snowflake I'll see if I can make several to decorate the house",노하우/스타일
W6uOtkDGxvM,Cara melipat celana,Maulana firdinan,Terimakasih Sdh beri contoh untuk lipat celana panjang ||| Jgn cepet2 bos apalagi bagi yg belum terbiasa ||| Mantapp ||| Bagaimana lipat celana  ❤❤❤❤❤❤ ||| Semoga bermanfaat buat semua yang telah melihat nya good,노하우/스타일
31pGMAm9ISk,DIY Car Essential Oil Diffuser Life Hack,A Slightly Better Wife,"This is a great idea! I've also just ordered a portable diffuser which i hope is small enough to fit in the cupholder ||| Fabulous idea girlie!  Thanks for sharing ❤I’m definitely trying 😘 ||| Just dap it on your cabin air filter.. looks less ugly and the scent will circulate in the car ||| Great idea, what does that pacific oil smell like? ||| Very clever",노하우/스타일
49_A659IRNQ,DIY Carry-On First Aid Kit - Travel Hacks | EF Go Ahead Tours,EF Go Ahead Tours,Or you could just buy some stretch and compression gauze and some iodine tubes and you’d be pretty good. Along with some oral airways ||| Good idea Mam 😀😺👍👍👍 and very great ||| This is video is great I like it 😊😊 ||| That won't treat anything more than a paper cut ||| Super cool man,노하우/스타일
YkmErGLH1DY,How To Seal Grout - DIY for Beginners,Handyman Startup,"Can we please have this guy teach EVERYTHING on Youtube?  From grouting to basket-weaving to handstands to French?  I'm sure he could pull it off.  Excellent work. ||| One of the best introductions I’ve heard, and I HATE intros. Thanks for your contribution to the DIY education space. ||| This was the fourth video I watched and everyone should start here, the others were completely useless!! Thank you for explaining it so thoroughly!! ||| This is super!  When I did my new homeowner walk through and they told me I had to seal all my grout/granite/tile I was like a deer in the headlights and have been procrastinating due to lack of knowledge for this timely project.  This alleviated my stress on that issue! Foam paint brush...2 high fives for that idea!! ||| Dan Perry... You ROCK!!!👏👏👏 After watching your video, I feel totally confident about how to get the job done correctly! Thanks so much!",노하우/스타일
j-UXRtqLt-E,diy image and photo transfer - fastest way to print on wood,Nitsa Creative Studio,"Awesome,  thank you ||| Would citronella oil work? ||| Can you use orange oil instead of lemon oil? Also can you use a laser printer copy? ||| Do you let the glue dry completely before you add the oil? ||| What kind of paper are you using?",노하우/스타일
e_hl1C_ojfc,DIY Gender Reveal Box,OrientalTrading,"I love it ||| what's the point of this video ||| As far as I remember, Blue is for Boy and Pink is for Girl.",노하우/스타일
jAEykXezb6I,DIY Workbench / Work Table | How to Build,Fix This Build That,"FREE PLANS here: https://fixthisbuildthat.com/product/diy-work-table-plan/ SUBSCRIBE to my channel here: http://bit.ly/FTBT-youtube ||| Really appreciate a ""Cheap Workbench"" video that doesn't require a lot of expensive tools to build. ||| Just finished building this.  Took me a little more than 5 hours.  It's a little rougher around the edges than the video but came out pretty darn close.  Great table, easy build, it's exactly what I wanted.  About $150 all in, got everything at Home Depot.  Thank you for the video and inspiration! ||| Thank you!   Ive been struggling w my plywood on sawhorses for 2 years now.   Its not flat, doesn't move and takes up way to much space.  It only clicked on this video because I knew there would be great tips, turns out a great problem solver for me. ||| About to build this. Have all the supplies and wood now. You make it so simple and easily understandable. The entire time watching you I'm thinking, ""I can do that"" and I'm a complete beginner. Thank you.",노하우/스타일
clLiPe9oHtw,How to Install Carpet | The Home Depot,The Home Depot,"I used a box cuter and left the old pad and tac stripes and it turned out perfect.... never seen all that equipment before lol ||| That dude was like “Dang, I’m good” 😂 👍 ||| I knew about tool rental but you can rent patience also? I’m on my way to the nearest store now!! ||| I would like to rent 2 patience from the Home Depot ||| If my knees still worked, I would do this.",노하우/스타일
RLgGGB_McW0,"DIY 2000 watt, 24v Solar Power System w/ LiFePO4 Batteries",DIY Solar Power with Will Prowse,"*Tired of getting ripped off? Check out my ""Will Prowse Approved"" solar product recommendations below!*  *12V Batteries* https://www.mobile-solarpower.com/lithium-batteries.html  *48V Batteries* https://www.mobile-solarpower.com/48v-batteries.html  *Offgrid Inverter System Builder* https://www.mobile-solarpower.com/48v-complete-system-blueprint-559371.html  *Hybrid Inverter System Builder* https://www.mobile-solarpower.com/code-compliant-48v-offgrid-system.html  *Mobile Handtruck System Builder (very popular!)* https://www.mobile-solarpower.com/mobile-48v-system.html  *Solar Panels* https://www.mobile-solarpower.com/300w-solar-panels.html  *Ground Mount Solar Racking* https://www.mobile-solarpower.com/ground-mount-racks.html  *Wire, Lugs and Busbars* https://www.mobile-solarpower.com/wire-and-connectors.html  *Tools* https://www.mobile-solarpower.com/tools.html  *Fuses and Circuit Breakers* https://www.mobile-solarpower.com/fuses.html  *Plug-N-Play Solar Systems* Ecoflow, Anker And Bluetti! So many models to choose from. See my current recommendations here: https://www.mobile-solarpower.com/full-size-systems.html  ~~~~~~~~~~~~~~~~~~~~~~~~~~~~~~~~~~~~~~~~~~ *Need to build a large DIY system? Need a trustworthy solar distributor? These are my favorites:*  *Signature Solar* Creator of EG4! Solar Minisplits, Victron and More! Largest Solar Store Online. If you want $50 off, please use my link below and coupon code ""DIYSOLAR50"": https://signaturesolar.com/?ref=cPwLcVc0SW-BjN  *Current Connected* Best Prices for EG4, Victron, Midnite and so much more! Fast Shipping and Highest Rated Customer Service: https://currentconnected.com/?ref=wp  ~~~~~~~~~~~~~~~~~~~~~~~~~~~~~~~~~~~~~~~~~~ *Join our DIY Solar Community*  Need more help? Join the largest solar forum on the internet for beginners and professionals alike. 140,000 members and counting! https://www.diysolarforum.com  *Check Out My Free Book* Best-selling and beginner-friendly guidebook to off-grid 12V solar! https://www.mobile-solarpower.com/the-book.html  ~~~~~~~~~~~~~~~~~~~~~~~~~~~~~~~~~~~~~~~~~~ *Contact Information:* I am NOT available for personal solar system consult! If you wish to contact me, this is my direct email: williamprowsediysolar@gmail.com *FTC Disclosure Statement and Disclaimers:* Every video includes paid promotion or sponsorship (such as free products for review). Some links on this YouTube channel may be affiliate links. We may get paid if you buy something or take an action after clicking one of these. My videos are for educational purposes only. Information is subject to change/update at any time. Electricity is DANGEROUS and can kill. Be smart and use common sense :) DIY Solar Power with Will Prowse is a participant in the Amazon Services LLC Associates Program, An affiliate advertising program designed to provide a means for sites to earn advertising fees by advertising and linking to Amazon.com ||| I bought this guys book on Amazon.  Just to give him my money. He has taught me so much. ||| Built this system at our of grid cabin and it is working wonderfully.  Built a 24v 150ah battery from individual cells.  Made a rookie mistake though....hooked to (4) 320W panels in series and didn't take into account the open circuit voltage, so it was over 150 volts a bit.  Unhooked one panel until my Y branch connectors arrive and I can hook up in series and parallel.  No harm done though.  Thanks for all your videos man! ||| I'm a 75 yoa DIYer who is starting my first conversion build. Along the way I found how this 'may' be applied to my home electrical savings to save some money. I am floored by the price some of the conversion experts put on their electrical products. I am so thankful that I found your channel...subscribed!!! ||| I will be 50 this year and I am learning something new.Thank you young man.",노하우/스타일
Il7yB_2fQZE,🔨 How to Install Shiplap on a Wall - DIY,the Barberettez,"FYI, you can and should get Box Extensions. They are basically plastic rectangles that go behind your outlet or switch and in front of the existing box in the wall. This way the ""box"" remains sealed (meaning there is no open space on the sides and tops between your outlet or switch and the box). These Box Extensions come in different thicknesses (each thickness is usually a different color)  get the size you need to bring the ""box"" out to your wall. Always get the ones slightly smaller than what you need, otherwise your outlet or switch plate won't sit nicely against the wall. Also, as you stated, you might need to get longer screws to reach the extra distance from the outlet or switch to the screw hole in the actual box. ||| I've had that Ryobi Airstrike nailer for two years now. I do a ton of woodworking projects. I think that's one of the best tools I've ever bought. Really impressed with it for a battery-powered nailer. ||| It’s so cool he had his daughter helping him.  Great video. ||| I love white shiplap! It will never ever go out of style! ||| Love that you're a real guy who learned as you went and shared that.  I learned much more watching you than a master carpenter.",노하우/스타일
BWTwovmx8T0,cara membuat kue donat terbaru,Nisa Nisa,"Masaalloh pinter bngt bikinny.jdi cantik.mkasih ilmuny. ||| Wah Cantik Dn menarik juga Keren pasti rasanya weak Dn nikmat bun tlong diputeri vidionya bun biar saya bisa mengikuti resepnya saya tunggu video Dn resepnya makasih ya bun ||| Ini resep roti , sperti roti manis .. 2 thn yg lalu sy mempraktekan resep nya org yt dr luar negri Thailand ..  begitu di masuk kan oven 10 menit kemudian harum nya wwooouuuu .. hasil nya bagus banget klau ngikuti resep nya .. 👍👍👍 ||| Bagus siiih inspitatif banget. Ditunjukin cara buat donat model baru. Tp itu kayaknya baru bahan mentah nya aja yaa? Hrsnya ditunjukan juga dong kalo dah digoreng bentuknya seperti apa... jangan keliatan cakep wkt mentahnya aja iya kan ||| Wowww cantik..... Dan yg membuatnya kreatif 👍👍",노하우/스타일
oUtIhveUPTk,5 Garage Shop Cabinets for Ultimate DIY Storage,Fix This Build That,"There's a reason you're the first Google result for 'build garage cabinets' - nice and fast for the more advanced builder, sense of humor, and plans available for those just starting out. Great balance! ||| you dude gotta say i agree with 99% of what you did and said in this video but the plastic toothpick bit about the swiss army knife maaaaan i can't live without that thing 8) still got it.  Love the cabinets.  Thank you for sharing your skills. ||| I just built these with my 6 yr old daughter who was actually a great help.  Got to discuss a lot of basics with her about why pocket screws work, how to use jigs to get consistent results. Really a lot of fun to do.  I am still a little concerned about them being top heavy, but so far it has come together really smooth and the plans worked out just fine.  Thanks! ||| Great work! I purchased the bundle of plans and then realized that the cost of the plywood vs buying premade cabinets are around the same. With the current cost of plywood, i'm looking at around $320+ for just plywood. For $325 I can get 2x premade ready-to-mount cabinets. I'll be holding onto these plans i just purchased for when plywood prices drop in the future... If they ever do... ||| I think it would be a great idea to put the countertop on hinges so it can fold up and you can store your plans and maybe some small hardware organizers underneath. Love the build!",노하우/스타일
N_udgSo8yBE,Electric UV Light Mosquito Killer Insect Grill Fly Bug Zapper Trap Catcher Lamp,sissi zhu,"I'm shocked, disgusted, and impressed  all at the same time 🤯 ||| Best and free crunchy Fish food 🍲 ||| What is that place? Amazon rainforest? ||| This is why we invented flamethrowers ||| The chinese would love the snacks",노하우/스타일
KeEV4IdqjB0,DIY OUTDOOR SOFA,Mr. Build It,"I love the fact that you started out the video with the cost. No other Diy channel is doing that. That's awesome. I hate watching diy videos and getting excited to do a project but finding out it would be way more expensive to diy it then to just buy it. ||| As someone who sells patio furniture that is ludicrously expensive, kudos lol. Even if it doesn't 'last as long' with the wood you used you can make this at least 10 times before you reach the cost of pre-built teak. ||| Just made my own version of this sofa and it was super rewarding. Didn’t use pocket holes but I hid all my screws with dowels. Came out pretty nice. Thanks for the video! ||| This is a valuable addition to my woodwork collection https://www.youtube.com/post/UgkxkNYRBJuiJ6EwD-tQSAlxg0eFKsnR2cgz  I still will rate this woodwork plan as the best in my reference library. It always seem to stand out from the rest whenever you go through the library. This is a masterpiece. ||| Your videos are better than most because you a) talk through the details of the steps and so it's easier to recall and to understand, but more importantly, b) you talk about alternatives and WHY you choose the options you do and the potential pitfalls. That alone is worth the price of admission. That's the stuff that comes from experience and helps guys like me who have none learn without committing ridiculous resources to screwing up to learn what we're doing. Thank you! (FYI ""o"" in cushion goes after the other vowel, ""i""). Keep up the great work!",노하우/스타일
8vsIH7Xng64,DIY hdmi cable,CABLE,Hay algún orden en el que van los cables ||| خیلی خوب توضیح دادی.موش نخوردت ||| Importa el orden? ||| Can you provide color code for each terminal? ||| What is the name of head,노하우/스타일
XkjXPWvU_20,DIY CLOSET // MODERN Wardrobe with a drawer,DIY Creators,"For more info on this, see the written article and free wardrobe plans here http://bit.ly/2HJrubn ||| Dude!  The ""Where I'm At"" inlay is absolutely awesome!  I can't believe more people don't do this.  The bar has been set for DIY maker vids. ||| What I like is not only the work is excellent, but the workshop is always clean! ||| That modeling shot though!!!! ""oh... why hello... I didn't see you there."" ||| I love that you just do what you do without all any drama. Wish you even more success, don't change....",노하우/스타일
0Oo57Ze-RUU,"'레드벨벳' 슬기·웬디, 깔끔한 공항패션의 비용은?",디스패치 / Dispatch,,노하우/스타일
01Sb2w-OgO4,"DIY Bathtub Refinishing with ArmoGlaze Kit - Odorless, Durable, and Easy to Apply! Made in the USA",Armoglaze | DIY & Professional Refinishing ,"BEST video on this so glad I found it I’m def giving this a try 4:23 ||| You’re really a genius & just changed the game. This is exactly what l was looking for thank you ☺️ ||| This is the best tutorial I have seen by far! ||| this is brave as hell🤣🤣🤣🤣 ||| This is the best instructional video I've seen so far.  It's the first I've seen that says to remove ALL PAINT before applying.  I think this is easier said than done, but I'm wondering how many were able to get a perfect finish after following this video.  I never thought about buying a heat gun either.  I'm going to attempt this and post my results.  I challenge others to post their results as well so we all can be reassured.",노하우/스타일
kGml-kpFkoY,Hydrodipping alloy wheel,Evans Hydrographics evans,Finally someone showing you how to make your rims dirty.. I’m tired of all these “How to clean your rims” videos! ||| Cool if your looking for your wheel to always look like it’s covered in brake dust. ||| Whoever ordered that is an edge lord among edge lords ||| Цвет ДО намного лучше чем ПОСЛЕ ||| How to ruin a rim in 10 seconds,노하우/스타일
F7b133OOeHM,You Won't Believe How Easy It Is to Reseal Your RV Roof!,Your RV Specialists ,"I installed my own roof on my own camper, a 28 foot Terry five years ago never used any self leveling caulk. Installed the roof right no problems. Expected to last 10 years before it needs to be looked at and if I could’ve got the better material I would expect it would last the rest of my life ||| Wow he's using so much. I've been using like ¼ of that amount. ||| He's using NuFlex 311 RV Self-Leveling Silicone Sealant ||| Is it self-leveling? Couldn't tell from the narrator. 😂 ||| This was great.  Please let us know what products you use in your future videos for us newbies.",노하우/스타일
Z_34pYUXNZI,중국 쌍둥이자매가 알려주는 통통한 체형 코디법☆,Kimkim Twins,뱃살만있고 다른곳은 다 말랐는데? ㅋㅋㅋㅋ 근데 귀엽 ||| 페이스필터 진짜 활용 잘하네 ||| 배만 나온거잖아 우씨 마른비만이네;; ||| 엥 얼굴은 말랐네? 라고 생각한 순간 보정풀린 얼굴을 봐버렸다 ||| 와ㅆ 한바퀴 돌면서 오른쪽 보정 풀린거ㅋ,노하우/스타일
DTQqchCGZws,패션하울✔︎운동화 하나로 봄 옷코디 잘해보자! 옷추천 신발추천,큐영 QYOUNG,"오빠 썸네일부터 지리네요,,, 진짜 예쁘다 ||| 3번째룩! 봄 맞이를 해서 봄에 맞는 패션과 올 여름에 아니면 올 해 가장 인기있을 법 한 큐영이 뽑는 아이템, 패션을 가지고 트뤤디한 착장을 보여줘서 우리를 감동시켜주길바래요~~ ||| 진짜 썸네일부터 취향저격 오져 ||| 10만명 축하드려요~~~앞으로 20만 30만 쭉쭉♥ 100만까지 가즈아",노하우/스타일
vwTcx5SVLUY,[패션미션]구독자가 보낸 버리는 옷 코디 2!! /ENG SUB/Fashion Mission! Styling with clothes from Subscribers!,류스펜나 (RYU'S PENNA),"영상 속에 사용된 옷 보내신 분들에겐 소정의 음료 기프티콘 보내드릴 테니 꼭 메일함 확인해주세요! 참, 라코스테 슬리퍼 선물이라고 따로 보내주신 아이사피님 너무너무 고마워요! 택배로 받은 구독자 선물은 처음이라 너무 놀랐어요. 감사합니다...♥   또한, 보내주신 옷들은 광진구 아름다운 가게에 이번 주말에 기부하고 올 예정이니 구매하고 싶으신 분들은 그쪽으로 가시면 구매하실 수 있어요!  Thank you so much for sending us a special gift of Lacoste slippers! I was so surprised because it was my first time getting a gift from a subscriber by courier. Thank you…♥   Also, the clothes you sent us have donated to the Beautiful Store located in Gwangjin-gu, Seoul, so if you want to buy them, you can buy them!  [My Look Info] 0 http://cornustyle.com  1 Dress : Cornustyle( http://cornustyle.com ) Bag : Paulsboutique  2 Outer : Forever21 Bag : 8Seconds  3 Outer : Bs rabbit Top : Unalloyed Belt : Forever21 Bag : Bqb Shoes : Skechers  4 Top : Instantfunk Bag : Sleazy Corner Bottom : Massnoun ||| 진짜 스타일 독보적이고 개이쁘다 ; ||| 제가보내드린 옷 예쁘게 써주셔서 고마워요@@ 경아님께는 무난한 스타일이였던 저 두번째 블라우스가 저에게는 사실 엄청난 도전이었거든요..ㅎㅎ 한번도 안입고 거의 2년 가까이 옷걸이에 걸려있기만 했던 옷이에요..ㅠㅠ 역시 경아님은 예쁘게 소화해주시니 저도 기분이 좋네요^^ 항상 응원할게요~ ||| 와 코디 보는데 진짜 어떻게 저런 생각을 하셨을까 하는 생각 밖에 안드네요.... 언니는 패션 하려고 태어나신 것 같아요 ||| 와 진짜 센스가 남다른거같아요 ,, 첫번째코디 원피스를 위에 입는다고해서 상상도 못했는데 진짜 최고에요",노하우/스타일
AdFBS1IjoVs,"파티 의상 코디대결~! 🎄🎁🎅 연말파티,크리스마스 파티에서 어떤 코디가 더 잘 어울릴까요? 오늘은 뚜아가 아빠팀으로! ㅋㅋ [뚜아뚜지 코디대결]",뚜아뚜지TV,뚜지팀 내스타일  뚜지팀예쁜사람 👇 ||| 뚜지팀이 더 잘했다고 생각하시는 분 ⬇ ||| 뚜지한표 뚜아야 미안해ㅠㅠㅠ 둘다 너무 귀엽고♥ 예뻐♥ ||| 제가 보기에는 뚜지가 더 예쁜것 샅다고 생각해요..!! 밤하늘 처럼 아름답네요!!뚜아야 미안해..ㅜ ||| 뚜지 남색드레스  오마이걸 다섯번째계절 옷같아요ㅜㅜㅜㅜ 완전이뻐...,노하우/스타일
hg7FEhbzOK8,새로운 옷 코디 컬러 조합  3가지! 이것만 알면 코디가 쉬워진다✨,밍키쉬 Minkysh,톤온톤 톤인톤은 많이 들어서 옷입을 때 어울리는 색배합만 생각했었는데 컨셉과 무드에 따라서 색깔을 정하는건 새롭네요!! 당연한 듯 하지만 전혀 생각해보지 않았던ㅎㅎㅎ 컬러리스트는 다르네용❣️👍🏼👍🏼 ||| 핑크색 니트가  찰떡이네요. 화사하고 이뻐요~ 분위기로  코디  색다르지만 아주 유용했어요. 근데 몇번  더 반복재생할듯~ 🍒 ||| 색조합을 잘 못하는 저한테 완전 꿀팁이예요 다음번에 기본베이스 컬러에 어울리는 색조합편도 해 주세요 ||| 여러가지 패션채널 구독하고있는데 사실 톤온톤이 무슨뜻인지 정확히몰랐어요ㅜ 오늘 확실히알고갑니다! 유용한정보 감사해요♡♡ ||| 톤온톤 톤인톤 여러번 얘기 들었어도 햇갈렸는데  너무나 알아 듣기 쉽게 얘기 해줘서 이번에 확실히 이해 했어요~~감사 감사~💝,노하우/스타일
WsnYBG9e1vo,여름옷 코디 ) 🌻 총 7개 ) ლ 료하 ლ ) 2019 . 5 . 26,[ 파워뿜뿜 ]료하,"리얼 다 이쁘넹......언니 패션감각 죽이는데에???!!~~뭔가 히트 칠것같은 예감은 뭐지이~~!!?? ||| 2번째 , 3번째 , 4번째 , 6번째 조녜양 ㅜㅜ 거의 다 이뿌다 ,, 3번째는 엄청 가끔 ? 입을 것 같은 ,, 아 봄에 어울리는 코오디 ||| 헐 이번영상 젤이다ㅠㅠ 근데 조금 더 넣어주면 히트 칠거같당😻💛 ||| 헐ㅜ옷코디 진짜 진리다ㅜ❤ 요즘 소통 못해줘서 미안해💦 일부러 안한건 아닌데 요즘 폰이 이상해서 한동안 안사용했거든ㅜ💦 앞으로는 열심히 소통할껜❤ ||| 옷옷 2번째 이쁜데 학교입고 가기는 ㅠ 스커트 치마는 학교 가기가 4번째 짱이쁜데?? 😭😭",노하우/스타일
7FebCAZhADM,"설레는 남자옷 코디법?! 이렇게만 입으면 완벽 스타일링 완성! / [해시태그] 패잘알 남자연예인8 /황민현,류준열,남주혁,카이,디에잇,피오,주우재,로꼬",딩고 팝핀 / dingo poppin',"2:47 그래 표지훈이 여기 빠질리가 없잖아,, 나 진짜 기대하고 들어왔는데 없을까봐 아주 심장 부여잡았어,,, 여러분 요즘 해바라기가 고개를 숙인다는거 들었어요? 그거 표지훈이 태양보다 더 눈부셔서 해바라기도 감당을 못한다잖아요,, 아주 패션이고 남친짤이고 피오 당신이 다 해 그냥 다 해먹어 다 니꺼야!!!!!! ||| 피오...황민현..넘나리 잘생기고 귀여워억..💕 ||| 황민현 진짜 현실남친이 저렇게 입으면 바로 입덬한다. 충성충성할거야 . . . 하지만 얼굴이 황민현이라 가능하겠지? ||| 황민현... 피지컬과 얼굴.. 그리고 패션 센스까지... 못가진게 뭐야....? ㅠ ||| 디에잇 진짜 옷 잘입는다 ㅠ",노하우/스타일
LoB4PKysqz4,"남자친구, 남편 옷 브랜드와 코디 추천! 패션에 관심 1도 없는 남편을 위한 현실 남편옷 사주기 패션 하울!",퀴니렐라 Queenyrella,깔끔한게 최고인거 같아요!!  정보 감사합니다^____^ 유튜브하시는 센스만큼 남편 옷을 잘 골라주시는군요!! ||| 어서 얼굴 보고 싶어요 1만 구독자 까지 화이팅~!! 오늘도 꿀팁 영상 감사합니다 ||| 여자도 알려주세요  저도 옷을 못입어서 ㅜㅜ 남친한테 입혀야겠어요 감사해요😆 ||| 스드메 예랑편도 만들어주실수 있나욤?ㅠ  리허설 촬영할때  신부처럼 예랑도 혹시 특별히 준비해야 할 사항이나 주의사항이 있는지 궁금해요ㅠ ||| 퀵실버 스웨터 구매하고싶은데 구매처좀 알수있을까요?ㅎㅎ,노하우/스타일
YNnbT-ZvtyY,10대 예쁜 봄&여름 옷 코디👕👖[언니가 간다 편] / 얨뎡 / 노래 Alen Walker - Alone 설참,[예쁜옷코디]얨뎡,영상 빨리 올려주세엽!!!궁금해 미칠거 같아요  그때처럼 겨울옷 코디 해주세엽!!!💕💕💕 ||| 체형별 코디도 올려주세요 ...! ||| 수학여행은 안가지만 넘흐 예쁘네욥💗 ||| 감쟈융 ❤️❤️ ||| 옹 오늘도 코디좋았오용 ! 혹시 스트릿패션 코디도 올려줄 수 있나요 ?,노하우/스타일
P-vI4pXj-10,"남자옷코디 기본 스타일정리 & 브랜드 & 커뮤니티 추천! (미니멀패션, 아메카지, 스트릿패션)",현실스타일러,"구독과 좋아요는 언제나 감사합니다😀 미니멀, 스트릿, 캐주얼 이제 구분이 쉽게 가시나요?! 궁금한 점은 댓글로 남겨주세요!! ||| 오늘도 영상 잘 봤습니다👍 ||| 패알못입니다 고맙습니다 ||| 오랜만에 보러 오니 볼 영상들이 수두룩하네요. 항상 감사합니다!! ||| 늘 좋은 정보 감사해용 ㅎㅎ  !! 이런 정리 영상 좋은거같아용",노하우/스타일
pYoaGjrowcM,"[ 데이디데이 ] 초중학생 겨울 옷 코디 | 10대 겨울 옷 코디 | 저도 패션 감각이 좋은 건 아니지만,,.?",_히포,신청 질문이 많아서 댓글 남겨요! *새학기 코디는 키키코로 하고 봄 코디는 언니가 간다랑 하나 더* 할 생각이에요! 이제 다른 쇼핑몰 신청 들어오면 여름으로 밀겠습니다 참고해주세요💁‍♀️ ||| 영상도 깔끔하고 코디도 너무 잘 하셔서 항상 도움되요!! 항상 예쁘고 유용한? 영상 만들어 주셔서 감사합니다😆 ||| 왁 영상 기다렷어용😘😘 전 패션고자라서 이런거 꼭 참고해바야한니당ㅜㅜ.ㅜ 2019년 힘냅시당ㅜㅜㅜ ||| 히포님 덕분에 옷을 잘 입게 되었답니다 ! 히포님 감사하고 사랑해요♡ 흐흐 항상 히포님 영상만 기다리고 있답니당 !! ||| 봄도 해주세용 !! ( 힘드시면 죄송합니다 ! 힘내세요 !♡,노하우/스타일
fwIWBqKj5_M,"남들보다 퀄리티있게 옷 코디하는법!? ( 오라리 하울 , AURALEE HAUL )!",호호시,- HOHOSI SNS -  INSTAGRAM : https://www.instagram.com/hohosi_/  Blog : https://blog.naver.com/ghdi3515 ||| 크 데이터가 중요하다 ㄹㅇ 옳은말씀 구독씨게 박구갑니당 ||| 오.. 다양하게 입어보며 브랜드의 장점을 찾으라는 의미로 저는 전에 호호시님이 소개해주신 비얼디드키드로 바지 고정입니다. ㅋㅋㅋ 다른 색도 할인할 때 샀어야하는데..  할인날만 기다리고있습니다 ||| 매일 도움되는 영상 입니다 형님 진짜 칠두형님과 동등할 정도로 저의 롤모델입니다.!!! ||| 오라리 갬성.. 역시 좋네요! 다양한 브랜드를 접해보라는 말씀에 200%공감합니다 : ),노하우/스타일
BwuGEmYxFqc,새학기 맞이 봄 옷 코디 & 리뷰 ! 10대 여중생 채윤이는 어떤 옷을 샀을까?,이채윤YouTube (Lee chae yun),채윤님 옷 영상 너무 잘보고있어용 다음영상엔 대전옷 쇼핑 영상도 올려주세용 ||| 채윤님은 이목구비가 되게 뚜렷하심❤️...... 감탄 또 감탄❤️ ||| 웃을때 살짝살짝 보이는 보조개가 너무 예뻐요 ·ᴗ· ||| 드디어 옷 리뷰 나오네요오 ㅜㅜ 엄청 기다렸어요  진짜진짜 옷 잘 사신거  같고  채윤님이랑 잘 어울려요 🌸 짱!짱!  좋아요 눌루고 감니당💓💓 ||| 체크남방 너무 예뻐여!! 영상두 재미있네요!! 앞으로도 옷 리뷰 많이해주세요!! ㅋㅋㅋ,노하우/스타일
UsESdZ9qpR0,(ENG SUB) 남자옷으로 코디해본 봄옷 추천!✨ #ZARA #Bershka #GIORDANO,도영도영이,"*English subtitles have been added!*  ♥INSTAGRAM : doyeong_ _2 height:163cm   weight: 43kg  착용하고있는 후드: 셀렉트모카-루즈핏 후디 니트  *함께 코디 한 옷들* 밤비 골덴슬림일자팬츠 [데이디데이] 브라운 스커트 [원더플레이스] WIDE UP! 데님롱팬츠 [언니가간다] 브라운색 가방 [정보없음ㅠ_ㅠ] 합포데님 팬츠 [요즘엔] 심볼 슬립온 화이트 [무크스포츠] 입니다아💛 ||| I don't understand but the outfits are so cute! ||| 남자옷도 이쁜게 많다고 느끼게 되는 영상 ||| Could you add the english subtitle? Your outfits are really cute and I believe that there're lots of people who can't understand korean but still want to watch your videos and learn from you like me 👍 ||| 와아,,,언니 너무 이뻐여❤❤그냥 여신,,, 여러 의견들을 다 반영해주는게 너무너무 감덩이구 좋아요ㅠㅠㅠ!!!내가 낸 의견이 반영되는걸 보구 앞으로 더 보고싶은 스타일이나 코디들을 말할수잇어서 정말좋은것같아용 오늘 영상도 잘보고갑니당💜💜",노하우/스타일
gM86gT7B5W8,여성쇼핑몰 포웨버 스타일 제안 옷코디 퍼프니트탑,4WEVER포웨버,,노하우/스타일
QVK-aXmRH-g,키키코 여름 옷 코디 / 키키코 / 옷 코디 / 여름 / 설참,여니ミ,코디 너무 예뻐요~❤ ||| 코디 개이뻐요ㅜㅜ감사합니당,노하우/스타일
Jty8qPSpFQM,오늘 코디대결은 공주로 변신~👩👧 누가누가 더 잘했나요? 오늘은 뚜아가 아빠팀으로 왔어요~!! ㅋㅋ [뚜아뚜지TV],뚜아뚜지TV,다 뚜지만 귀엽다고하네여....ㅜㅜ 뚜아 울겠네ㅠㅠ 전 다 좋아요ㅜㅜ 둘다 이쁜사람 여기여기~~ 👇 👇 👇 ||| 뚜아가예쁘다 👇 ||| 뚜지팀이요♥️ 인정 하시는분 👇 ||| 뚜지 넘 귀여움ㅋㅋㅋ ||| 뚜아가 예쁜사람!!,노하우/스타일
JY31_dnKTMA,#가을 #옷코디 #가을수학여행코디 #초등학생                     소녀나라 가을수학여행코디,해인,2번째 어디서 사셧나욥? ||| 마지막 후드집업 어디서 사셨나요??,노하우/스타일
gIQsOopHy28,쌍둥이 코디대결! 오늘은 아이들이 입고 싶은옷 직접 고르기! 과연 누가 더 코디를 잘했을까요? 뽑아주세요~ [뚜아뚜지TV],뚜아뚜지TV,전 뚜지요 뚜지면  👇이걸 눌러주세요 ||| 뚜지가 더 예쁜 것 같아요!! 그리고 뚜아뚜지가 엄마아빠 코디 해주는 거 어때요? ||| 뚜아는 초록파고 뚜지는 빨강파인가 본가?(?) 그렇지만 뚜아야 미안..ㅠ 전 뚜지용    헐..ㅠ 이 댓글 좋아요가..ㅠ 100이 넘다니!!ㅠ ||| 뚜아야미안 ㅠㅠ 뚜지좋은분은 좋아요를 눌러주시면 감사하겠습니다. 안눌러 줘도됨 ||| 쌍둥이가 엄마아빠옷 코디하는 것도 나쁘지 않을것 같아요! 한번 해주세요🖐,노하우/스타일
MIcchZHYJ80,7일동안 라임 형광색 옷 코디로 살기! 네온스러운 일상 *패션미션*[ENG SUB] Only Neon Outfits for a week Challenge!,류스펜나 (RYU'S PENNA),"제가 자주 촬영하는 계단은 저희 집 바로 앞이며 거울은 저희 집 택배를 보관하는 공간입니다. 집에서 촬영할 수 있는 공간이 확보가 안되어 애용하고 있어요. 최대한 소근소근 얘기한 후 편집시 음성을 올리는 방법을 사용하며 이 장소에서 촬영은 최대한 5분내로 끝내고, 이웃분들이 외출하시는 낮시간대에 촬영하여 다른 분들께 최대한 불편한 피해가 생기지 않도록 신경쓰며 촬영하고 있으니 궁금하셨던 분들은 참고해주세요! :) 한분이라도 불편함을 얘기해주셨다면 저는 바로 사과드리고 절대 이 장소에서 촬영 안했을 겁니다!!   영상에서 입은 옷들 대부분은 서울스토어(편집샵)에 검색하면 쉽게 보실 수 있고, 결제시 친구 할인 코드 ‘류나’ 입력하시면 추가할인되니까 참고하세요! :) ♥ > https://www.seoulstore.com/ 해외 쇼핑몰에서 산것도 링크 추가해 드릴게요!  [My Look Info]   1 Hat : Curetty Top : 8Seconds Bottom : 8Seconds Shoes : Sappun   2 Dress : 320ShowRoom ACC : Aging CCC Bag : Umbro Shoes : Adidas   3 Bottom : Noir ACC : Majestic / G-Shock Shoes : Skechers Bag : Tommy Hilfiger Bikini : Shein ( http://bit.ly/2WNLoWz )   4 Top : Curetty ACC : OutX.o Bag : Shein ( http://bit.ly/2wal4up )   5 Dress : Shein ( http://bit.ly/2VE5VQZ ) Bag : Shein ( http://bit.ly/2LKnudz ) Shoes : Nike Hat : runninghigh  6 Hat : UnderBase Top : NZC Bottom : Stigma ACC : Soxxsyndrome Bikini : Shein ( http://bit.ly/2VDF8UQ )   7 Top : About City Bottom : GingHamBus ACC : Andersson Bell ||| 차분하고 깔끔하게도 한번  입어주세요 ㅠ 언니 그냥 수수하게(?) 꾸민모습도 보고싶어요 ㅜ 예를들어 그냥 하얀티에 연청반바지 이런느낌..? ||| 와... 진짜 일상이 스웩 어떻게 스트릿 패션을 베이직으로 만들고 데일리를 유니크로 만드실까 진짜 경아님 패션 이름은 따로 지어야 해... 스펜나패션 ||| 8:07 아니 귀여운 원피스맞죠..? 몸매덕에 옷들이 다 섹시해보여.. 절대도전못해에에엥 엉엉 ㅠㅠㅠㅠ ||| 다음엔 원브랜드로 일주일 입어보기 해주세요!",노하우/스타일
XFEwFku_zm8,10대 예쁜 겨울 옷 코디🧣👖[언니가 간다 편] / 얨뎡 /  노래 connie Talbot -count on me /설참,[예쁜옷코디]얨뎡,"헐 코디 진짜 잘하세요 ㅠㅠㅠㅠ 덕분에 옷사는데 도움많이 됬어요 !! 다음에도 언니가 간다 옷코디 영상 많이 올려주세요 ㅜㅜㅜ 구독하고갈께용 ||| 2번 너무 이뻐요 ㅠㅠ ||| 2번 넘 귀여워요ㅠ 완전 맘에 들어여😻😻 근데 제가 좀 못ㅅ.. 진짜 이쁘고 귀여워요❤️❤️ ||| 두번째는 검정색 신발보단 하얀색 신발이 위에 옷들 색깔과 어울릴거 같아요! 그리고 3번째는 보라색과 빨강색은 색조합이 잘 안되니까 위에랑 아래랑 맞춰서 바지도 빨겅색으로 입는것도 좋은거 같구요 😊 ||| 2,3번 제 취향 ㅠㅠ 아 4번도 ㅋㅋ ㅠㅠ 어쩜 옷 매치를 이리 잘하시나여..",노하우/스타일
yZtGhG7778A,한방에 *패고탈출* 남자 여름 옷 코디 총정리!! [ENG SUB] SUMMER MEN'S FASHION 2019,류스펜나 (RYU'S PENNA),"여자 옷 같은 경우는 트렌드 영상부터 제 평소 영상들이 다 여성복 위주이기 때문에 총정리는 남자 옷만 했어요! 참고해주세요 :)  +영상에 사용된 사진들은 모두 구글링!  혹시 몰라서 연예인 아닌 분들은 모자이크 했습니다 😊 ||| 헐 온니 ㅎㅎㅎㅎㅎ 오프닝때 되게 개구장이 초등학생같아요ㅠㅠㅠㅠ아기여유ㅓ💙❤️💙 ||| ㅠㅠ 남자 구독자로써 이번 영상 정말 감사해요 류스펜나님...! 오늘 본거 가끔씩 생각나면서 진짜 유익할 것 같아요 👍 류스펜나님 말대로 계절마다 올려주시거나, 패션 아이템 종류 별로 악세사리나 모자 등 사용법도 디테일하게 알려주시면 참 좋을 것 같아요옹 모자는 어차피 남녀 공용이 될 수도 있으니까요! ||| 오늘 입으신옷 정말 예쁜것같아여 완전 청청해요.근데 제가 남자를 코디해줄일이있을까.. ||| 와 이거보고 바로 구독했어요! 다른 남자패션 유튜버들보다 훨씬 좋아요. 트렌드 짚어주시고 또 룩별로 자세하게 설명해주시고!! 전달력이 너무좋아요! 이런컨텐츠 한달에 하나씩해주시면안되나요? 봄, 여름, 가을, 겨울 에 각각 장소나 상황에따라 2~3개씩 영상 만들어주시면 너무좋을거같은데ㅠㅠ 영상 조회수 올려드리고싶은데 패션관련영상은 여성복이라 볼게 없네요.",노하우/스타일
TS00QkznBnA,핑쿠빛 옷 코디 🍓 / 옷 코디 / 불량소녀 / 키키코 / 소녀나라 / 쿠키마루 / 언니가 간다,여니ミ,두번째는 흰티가 좀더 어울릴것 같아요 머리핀대신 체크모양 핀이 더 예쁠곳 가타영ㅇ 바지가 검정+흰색 이다보니 포인트식에 맞춰서 가방은 검정색 티는 하양색 이런식으로하면 더 입허영ㅇ ||| 구독하고챙겨볼께요ㅜㅜ 혹시 여름 옷 코디로 쿠키마루 코디해주실수있나용? ||| 겨울옷 코디로 쿠키마루 부탁드립니다 가성비도 좋고 키키코 같은데보단 부담도 안되고 배송이 저는 1~2밗에 안걸렸던걸로 알고 있고 소녀나라 언니가 간다 처럼 스티커 부착 안되어 있고 질 엄청 안좋고 목 늘어나있고 전혀 안그래요 ㅠㅠㅠ,노하우/스타일
qHbynrheru0,폴카도트 땡땡이 - 2019 폴카도트 일명 땡땡이 옷 코디하기! 나에게 어울리는 폴카도트 옷은? 세상의 모든 폴카도트!,Jiji Park,자라 큐레이터 지지팍님 ㅎㅎ재밌어요 ||| 세상의 모든 도트 입고픈 1인임니다 고마워염 마델님❤️ 벽아일체 ㅋㅋㅋㅋㅋㅋㅋ ||| good for summer,노하우/스타일
9HA35mrkf-k,아메카지의 핵심 컬러 카키색 옷 색조합 색깔 매치 총정리!,Clothesboy옷소년,혹시 카키색 바람막이하고 그레이색 바지는 어떤가요?🙃  안울어울릴것같은데 또 잘 어울릴것같다는 생각도 들어서.. ||| 회색과ㅜ카키 아이보리 ||| 지린다 진짜 매번 볼때마다 나의 온라인 옷스승님 !! ㅎㅎ ||| 아니 이런 꿀같은 영상이 있었다니 ㅠㅠ 색조합 영상 평생 해주세요ㅠㅠㅜ ||| 귀여우셔ㅋㅋㅋㅋ😛,노하우/스타일
DpvAgUae3kA,ZARA HAUL 2019 FALL/🍁가을옷 코디/아주그냥 이쁜것만 잔뜩 사왔어요.😄👏❤️,Fashion Designer레이첼,헤어스타일 너무너무 예뻐요❤️ 그리고 이번 코디도 정말 멋지네요~👍 ||| 목소리 너무 예쁘신데용!!!  완전 귀에 쏙쏙! 들어용:)? 구매하신것도 넘 예쁘네용:)💗✨ ||| 오호.. 그래서 요즘 왕리본이 많이 보이는거군요!! ㅎㅎ 좋은정보 감사합니당! ||| 자라 저도 어제 다녀왔어요!!!ㅎㅎㅎㅎ저골지모자보자마자 겟했답니다..❤️역시뭐든 잘어율리셔...와골드바짘ㅋㅋㅋㅋ멋있어요!!! ||| 오늘 레이첼님 열미모 하시네요... ㅎㅎ 리본 티셔츠 이쁘네요. 방도 너무 이쁜데요.,노하우/스타일
1QldfTVXgvU,"게임 옷코디 따라입기 가능할까?, 당일 쇼핑도전!! 싱크로율은?! *패션미션* w.러브비트 [ENG SUB] Try on clothes in the game Challenge",류스펜나 (RYU'S PENNA),"[My Look Info] 1 Top : H&M Bottom : Vibrate  2 TOP & BOTTOM : BOY LONDON ACC : H&M  3 Top : Myeong-dong street Wallet : OiOi ||| 언니 여름이니깐 머리 높이 묶어서 코디 한번만 해주세요!!!ㅜㅜ ||| 저 실제로 저 게임 엄청 많이 했었는데,, 게임도 나름 단순해서 재밌기도 한데 경아언니 말처럼 꾸미는게 진짜 꿀잼 ㅠㅠ❤️ 썸네일 아이템 보고 설마 러빗,,? 이랬는데 맞았네요 ㅋㅋㅋㅋㅋㅋㅋㅋㅋㅋㅋ항상 꾸미면서 이렇게만 입으면 소원이 없겠다했는데 언니가 따라해주다니 ,, 죽어도 여한이 없습니다 ✨😂🙏 ||| 방금까지 러브비트 하고 왔는데 ?.. ㄷㄷ 재밌게 보고 갈께용 ||| 역시 패션 미션 장인ㅋㅋㅋㅋㅋㅋ아이디어가 넘 신선하네요!",노하우/스타일
P05kU3PpJ34,미국 H&M 겨울 가을 신상 스웨터 하울 / 가을옷 코디 / NEW H&M Winter Fall Sweater / 이쁜 스웨터로 가을 패션 완성~,California Sara캘리포니아 세라,이쁜 옷 영상 잘 보고갑니다. 즐거운 시간 되세요.👍👍👍 ||| 세라님 멋있는 영상 잘보고 갑니다. 다음 영상도 기대할께요~ 행복한 하루되세요~~~^&^ ||| 조회수 팡팡🤩🤩🤩💕💕 패셔니스타로 인정합니당👏👏👏👏👏💕🤩 제가 왜 기분이 이렇게 좋죠?ㅎ 세라님~♡ ||| 요즘 같은 날씨에 입기 좋은 니트류를 하나하나 설명해주시니 꿀정보인 것 같아요❤️ ||| ㅎㅎ 점점 보델 포스가.. 뿜뿜입니다...ㅎ 최고예요👍😊,노하우/스타일
GxeMY57ECb0,7일동안 시스루 옷 코디만 입고 살기 도전! *일상 패션미션 브이로그* [ENG SUB] I WORE ONLY SEE-THROUGH STYLE FOR A WEEK!!,류스펜나 (RYU'S PENNA),*착장 정보 업로드 완료!* 이번 영상에서는 보통 예전에 사둔것들이 많아서 정보가 없는 것들이 많다는 점도 참고해주세요 ㅠ-ㅠ 쇼핑몰 옷이나 옷 택에도 안적혀있는 정보는 기재하지 않았습니다!  [My Look Info] 1 OUTER & TOP : FOREVER21 INNER : NIKE BOTTOM : ERRVE BAG : ALMOST BLUE SHOES : NIKE JORDAN  ACC : OHUUU   2 CAP : EVEN GOD SEE ME (브랜드 없어진 듯 ㅠㅠ) BOTTOM : THAT'S IT   3 UNDERGROUND SHOP   4 HAT : SLEEPY SLIP BOTTOM : TAOBAO ACC : OHUUU   5 TOP : FOREVER21 (요거 문의 많았는데.. 산지 꽤 오래돼서 찾기 힘드실거예요 ㅠㅠ.. 비슷한 무드 많은 SPA브랜드니까 둘러보시는 거 추천합니다!) SOCK : GUCCI SHOES : CONVERSE   6 TOP : SHEIN BOTTOM : UNIQLO SHOES : FILA BAG : LAVIA   7 TOP : BERSHKA BELT BAG : MORE THAN DOPE BOTTOM : 8SECONDS ||| 일주일동안 지이인짜 평범하게 입기!!!!!! ||| 와..건국대..얼굴..몸매..성격..다 된다..진짜 ||| 언니 처음 모습... 진짜 완전 고급스러워요...대박 저머리가 어떻게 어울려요....? 1:58 언니 옆자리에서 수업듣고싶어요... 그러면 학교갈맛날텐데 ㅎㅎㅎ💙 ||| 너무 이뻐요 항상 드는 생각이 옷이 독특한것도 많고 잘 매치하는것같아요!!,노하우/스타일
qtzqj89fzIA,🙈🙈🙈옷코디,Linh Korea,,노하우/스타일
kGSaa72WrFo,남자 코트 코디 핏이 우아한 가쿠로 (거꾸로?) 풀장착 가을 옷 코디,its마사장(잇츠마사장),"구매하고싶은분은 요기로 가시면 되요 ㅎㅎㅎ http://8division.com/product/list.html?cate_no=253 ||| 실밥이 원래 저렇다는게 신기하네요 ㅋㅋ 몰랏으면 마감 왜이렇냐고 라이타로 지질뻔 ㅋㅋㅋㅋㅋ 오늘도 멋지십니다 바지 편해보이셔요  터틀넥이 잘어울리는 남자! 하이테크놀로지 발음에 치이고 갑니다 ||| 잘 보고 갑니다~ ||| 올풀리는건 성격상 못입을 ...ㅋ 라이터를 찾고있을듯 항공점퍼 이쁘네요 ||| 안녕하세요 뒷북이지만 가쿠로 더플코트 사이즈 어떻게 가셨나요, 저는 175/74 정도 됩니다.",노하우/스타일
K-nbwBly-M4,옷코디 힘들지? 한번 보고가 - Men'z패션,Men' z,멋져요~!~!~!~!~! ||| 존멋탱~!~!,노하우/스타일
cnsxc9OP5O0,DIY 레이스 오프숄더 펀칭 원피스 만들기 / 더플 스커트 / 여름 옷 코디 / [옷 만들기],옥이네 재봉[옷 만들기],예뻐여!,노하우/스타일
vl8fdmU7gYU,"🏝코타키나발루 여행 짐싸기,첫 해외여행,여행 옷 코디,데싱디바🍒",오늘 O Neul,,노하우/스타일
7XyQ4-gMmno,#옷코디추천#고정댓참고,완콩,"옷코디 추천받고요!,헤어스타일도에요! ||| 후드티 코디🐥 ||| 왕왕 ,, 난 옷코딜 잘못해세 ㅠㅅㅠ ||| 음...  주말에 놀때 입을옷!! ||| 봄코디!!!",노하우/스타일
Dwcc4PEQEn4,[10대 여름옷 코디] 불량소녀 / 반팔 코디 / 수학여행코디 / 수련회코디 / 놀이공원코디 / 키작녀코디 / 10대쇼핑몰추천,체리언니CHERRY,"진짜 코디잘하시는거같아요❤♡❤ 이런식으로 코디 예쁘게 하기힘들거같은데.. 체리언니님!항상 예쁜 코디 감사해요💕 저거 살려구요!귀여운 체크 트윈룩❤ 체리언니!홧팅💕 ||| 육육걸즈도 좋을 것 같아용..!! 제가 육육걸즈만 사용해서...하하핳♡ 그래도 언제나 기가막힌 코디 보여주셔서 감사해용💕 ||| 0:26 에 나오는 볼트라운드T는 직접 사봐서 입었는데 생각보다 팔길이가 길었고 엄청 넓었고 , 길이도 엉덩이를 넘을정도 였어요 :) (키는 152좀 넘어요) 그래서 여기 거의 키 이정도 되실것같은데 이옷 이쁘게 맞으려면  좀 통통한 체형이시던가 키가 적어도 160은 되야 이쁠것같아요 전 넣어서 입는데 바지가 볼록해져서 불편하네요 ㅠㅠ 싼만큼 단점이 많아요 !!   아참 색깔 라임(형광)색으로 보이는데 절대 ㅠㅜㅜ아님니다 좀 진한 연두색이에요 .! ||| 와 감사해요ㅠㅠㅠㅠ 불량소녀 신청했었는데 감사합니다♥ ||| 언니가 갖다 여름코디 해주세요 ㅠㅠㅠㅠㅠ 영상 되게 깔깜해서 알아보기쉽고 코디 정말 잘하십니다 ㅠㅠ 어늘 처음봤는데 구독 좋아요 누르고갑니당 😘😘",노하우/스타일
rUZlN5Z5pt4,쿠팡에서 구입한 여름옷 코디,댄서 JTJ,5:16,노하우/스타일
FKYtTYzpdZs,으아니 요즘 누가 배송비 내고 옷 사나,HIVER,,노하우/스타일
CIXf8aA92NY,초등학생 가을 옷 코디 가을 패션 / 데이트룩 / 평상복 / 가을소풍코디 /  가을옷 / 달달스토리 가을패션쇼 (달달스토리),달달스토리,민달이 수달이~~  모델포스가 물씬 나는걸요? 수달이는 안경 잘어울려요!!!! 귀여운 워킹과 ㅎ 옷에 어울리는 포즈까지 너무 귀염귀염 재미있게 보고갑니다🥰🥰🥰🥰 ||| 모델들이 너무 예뻐요 ~🌼🌼 ||| 달달스토리 가을 패션쇼 짝짝짝  멋지십니당  귀엽네요 ||| Great share:) So cure:) ||| 달달스토리 님들 안녕하세요. 옷 패션쑈 잘 보았습니다. 이뿌네요. 공부잘 하시고. 건강하시고. 부모님 말씀잘 듣고 지내세요. 🎁추가하고갑니다.,노하우/스타일
bepeu0jFStw,[grwm] 화려한듯 차분한 연말에 하기 좋은 메이크업(팁많음주의),Happyrim혜림쌤,"여러분 렌즈는 오렌스 스페니쉬 그레이였습니당!!! ||| 이분위기 끝까지 가셨음 좋겠어요 자연스럽고 편하고 솔직하고 자세하고 넘나리 좋아요 다른분들..영상앞뒤로 음악깔고 이뿐척하고 화려한스킬에 준비된멘트 이런거 진짜 넘 싫어서 안보는데 샘껀 인위적이지않아서 좋아요 변함없으시길..혜림이가 응원할께요^^ ||| 이분은 메이크업 영상들이 차분해서 너무좋다. 메이컵 영상들 좋아해서 자주보는데 알고싶지 않은 본인들 일상얘기 쫑알쫑알대면 듣기싫어서 바로 꺼버리게됨. 혀ㅣ림쌤은 제품과 메이컵에관련된 말 위주로 하셔서 영상에 집중이 잘됨. 무엇보다 필터 심하게 깔아놓고 예쁜척하는게 없어서 영상 보기가 너무 편하다ㅠ ||| 쌤 목소리가 잔잔하셔서, 설명이 조근조근 잘들려요 :-) 자세한 설명과 꿀팁들 감사해요!  긴영상은 사랑입니다 ^_^b ||| 원래미인이시구먼 본바탕이 이뿌니 멀해두이쁜겨 여튼 고급져 보이시네용",노하우/스타일
JwnNm5hl8wM,꼭 알 필요가 있는 33가지 DIY 메이크업 팁,5 분 Tricks,2:44 안집는게 좋아요. 집엇을때 터질수도 있고 터지면 흉이 생겨요. ||| 이젠 기대도 안한다... 그냥 내 자장가 ||| 0:42 인주...? ||| 미친 꼭 필요한 거라면서 하나도 필요없어.. 혹시나 하고 들어왔는데 역시나였네;; ||| Thanks!!,노하우/스타일
DaJD7Gn_QMo,💡[알.쓸.메] 알아두면 쓸모있는❗ 메이크업 도구 팁 +메아리+,메아리[MAKE-UP ARTIST],와~!! 다 처음보는 꿀팁이에요😆😆 소중한 꿀팁 알려주셔서 넘 감사합니당💕 ||| 1번 팁 진짜 처음보는꿀팁이예요.... ||| 꺄 나중에 샘한테 꼭 메컵받고싶어용❤️ 샘한테 메컵받으러 가는날이 온다면 자그마한선물도 사갈게용❤️ 그리고 영상 잘봤습니당 !! ||| 정말 유용한 팁이에요♥️ ||| 와 진짜 꿀팁이예요 알려주셔서 감사합니당♡,노하우/스타일
Dp5AtdCBufY,풋풋한 대학교 새내기 스무살 메이크업 팁! by. 청담동 마녀,청담동 마녀,모노아이즈 섀도우 컬러명도 알려주시면 좋을 것 같아요! ||| 섀도우나 립 몇호인지도 알려주시면 좋을것 같아요! ||| 사용하신 모든 제품들 색상 정보도 더보기란에 알려주시면 좋을 것 같습니다 항상 좋은 컨텐츠 감사해요😊😊 ||| 어퓨 블러셔 색상 정보 알고싶어요ㅠㅠ 좋은 영상 감사합니다! ||| 아무리따라해도 수경쌤손은 아무나못따라가나봐요~역시 전문가는 다르네요ㅎㅎ,노하우/스타일
yPK0ELo301A,당신이 알아야 할 메이크업 팁 33가지,5분 Tricks DIY,First Comment!:),노하우/스타일
b4zTmJYQU7M,[ENG] 요즘 쓰는 기초템 🤘🏻 + 긴 얼굴형 보완 메이크업 팁 ✨,Myongjoo Kang,언니 너무 예뻐요~~ 아이쿠 ✨❤️영상 잘 보고 다음 작품 기대해요~ 🕊❤️ ||| 오랜만이에요~~~오늘 메컵 블링블링하고 화려하고 예뻐여!! ||| 우주선이 드디어 돌아왔다! 영상 너무 기다렸어요~~오늘 메이크업 이뻐요! :) ||| 아쿠ㅜㅜㅜㅜㅜㅜㅜ알람 안울렷어요ㅜㅜㅜㅜㅜㅜ어랜만에라도 올려주셔서 감사해요❤️❤️ ||| 너무이뻐요ㅜㅜㅜ쌍커풀 글루 제품알수있을까요?!!,노하우/스타일
hUe5d1q3Q5U,17가지 유용한 메이크업 팁,5분 Tricks 플레이,조회수113이넹 근데 어린이편이라고 했는데 어린이들이 이런걸하나..? ||| ㅋㅋㅋㅋ 올린지 1시간인데 조회수 1횤ㅋㅋ,노하우/스타일
jy6usWmAK1E,당신의 미모를 더욱 업그레이드해줄 메이크업 팁 36가지,5분 Tricks DIY,,노하우/스타일
-sKBbnX1IQQ,현재 트랜드인 24가지 궁극적인 메이크업 팁,5 분 Tricks,"왜 다 영상마다 다 같은게 나오죠 ||| 뭔 크레용을 입술에 바르고, 샴푸로 눈닦으면서 궁극의 메이크업 팁이야.. 환경호르몬 어쩔.. ||| 반은 괜찮고 반은 안 괜찮음 ||| спасибо очень помогает ||| Сдесь были руссичи",노하우/스타일
Y7eIGY5FRZE,37가지 독특한 메이크업 팁,5분 Tricks DIY,,노하우/스타일
m4Kfmr3poX8,당신이 알고 있어야 하는 37가지 메이크업 팁,5 분 Tricks,보다가 졸았닼ㅋㅋㅋㅋㅋㅋ 완전 수면제 ||| 저는 5 분트릭은 언제봐도 넘 제밌어요 ||| 한국어로 바꾸니까 너무보기 편하고 좋아요!! ||| 썸넬 진짜 공감...;; 머리카락 입술에붙는거...ㅜ ||| 신기하다!!!!!,노하우/스타일
1eC3wvHnHz4,[eng]돈 안 들이고 각질모공커버 실패없는 베이스 메이크업 팁!,DAISY 데이지,와 진짜 가까이 찍어서 진짜 너무 좋아요 ㅜㅡㅜ ||| 프라이머는 저렇게 바르는 거였구나..꿀팁 알아가용😍 ||| 1. 오일이 들어간 미스트 뿌리고 잠시 기다린 뒤 화장솜으로 부드럽게 각질을 닦아낸다. 2. 하이드레이터 또는 알콜없는 수분토너를 솜에 충분히 묻혀 꼼꼼히 패팅한다. 3. 에센스 또는 세럼으로 한번 더 패팅하여 보습 4. 스패츌러를 이용하여 프라이머 바르기 ||| 영상이 올라오자마자 바로 집에 있는걸로 해봤는데 제일 꿀팁인게 프라이머를 바르는 거였어요. 진짜 제가 프라이머를 이런 방법으로 하니깐 정말 모공이 잘 가려주고 평소보다 피부표현이 너무 예뻤어요.흑흑 ㅠㅠㅠㅠㅠㅠ 제가 볼에 모공이 너무 커서 스트레스였는데 좋은꿀팁알려주셔서 고맙습니다.데이지님 ||| 배경음악까지 완전 취저예요! 천사소녀네티 ^^;; ㅎㅎㅎㅎ,노하우/스타일
aDyi3Zj6Zr8,28가지 천재적인 메이크업 팁,5분 Tricks DIY,1등,노하우/스타일
xsno1lT6esA,27가지 중요한 메이크업 팁,5분 Tricks DIY,,노하우/스타일
pzbjn2dtP0I,⭐️립스틱 바르기 총정리⭐️ 각질제거 / 색소침착 / 제형별 립스틱 예쁘게 바르는법  | 뷰티인강,Saerom Min개코의 오픈스튜디오,"와..언니가 말해주신대로 입술 각질정리 그대로 따라하니까 지금 입술 완전 난리났잖아요ㅠㅠ❤❤제 입술이 되게 건조하고 각질도 진짜 많이나고 그낭 꼴통인 입술인데ㅠㅠ언니 덕분에 지금 완전 매끈매끈해요..엉엉😭😭이런 느낌 처음 느껴봐요ㅜㅠ언니 사랑해요❤❤❤유튜브 대박나세요❤ ||| 살면서 본 인강 중에 제일 유용했다,,, ||| 이정도면 인생 꿀팁 아니냐... 저장해놓고 일주일에 한번씩 까먹을때쯤 한번씩 봐줘야함.... ||| 그래 이게 뷰티유투버지...무조건 화장품만 소개하는게아니라 !!구독하고갑니당!! ||| 정말 꿀팁영상 감사함니다 ㅠㅠ  ⏱바쁘신분들을 위해 타임라인⏱   입술각질 제거 방법 *2:15* 입술 베이스 메이크업 방법 *6:20* 매트립스틱 바르는 방법 *11:38* 매트립스틱 바르는 방법2 *14:20* 촉촉한 립스틱의 장단점 *15:24* 촉촉한 립스틱 바르는 방법 *16:16* 틴트 립스틱의 장단점 *18:30* 틴트 립스틱 바르는 방법 *19:01* 민낯에 혈색있는 입술 만드는 방법 *21:21*",노하우/스타일
Ezq8bdGNtFI,31가지 멋진 메이크업 팁과 트릭,5 분 Tricks,"근데 아이홀 진짜 깊으니까 저런 찐한 화장이 괜찮아 보임,,,, ||| 3:30 남자친구 호박이라고 저장했놨네 ㅋㅋㅋㅌㅌㅋㅋㅋㅋㅋㅋㅋㅋㅋㅋㅋㅋㅋㅋ 아진짜 너무 웃겨 ㅋㅋㅋㅋㅋㅋㅋㅋㅋㅋㅋㅋㅋㅋㅌㅌㅋㅋㅋㅋㅋㅌㅌㅌㅌㅋㅋㅋㅋㅋㅋㅋㅋ ||| 왠지 모르게 눈 주름이 신경쓰여.. ||| 외국인 눈에만 할 수 있는 것.. 아쉽 ||| 아무리 생각해도 진짜 손에 집히는대로 막 하는것같단 말야",노하우/스타일
oCSms2NrVXs,완벽한 얼굴을 위한 27가지 티 나지 않는 메이크업 팁,5분 Tricks DIY,Dcc,노하우/스타일
cK1QfgLB6JM,인간 복숭아 만드는 톤온톤 메이크업 팁 + 동안 연출법 with 송해나 / Coral makeup tip #ELLE뷰티살롱 I ELLE KOREA,엘르 코리아_ELLE KOREA,송해나~ 송해나! ||| '엘르 코리아' 좋아요와 구독 부탁 드려요 ♥ 구독 바로 가기 >>  https://goo.gl/a2ZrKj ||| 🧡 ||| 원미연 닮았어요.,노하우/스타일
YkDCRLInp5I,10살은 어려보이는 입술 메이크업 팁💋💄 초초초 밀착 레슨! 🌟도톰+필러 효과까지🌟,뽀따TV POTTA_TV,💄립제품💄 페리페라 비비드 틴트 워터 4호 쌉싸름 자몽 에이드 ㄴ 대체품 : 잉크 더 젤라또 틴트 3호 사과와오렌지섞어또 에뛰드하우스 앵두알 촉촉 립 글로우#빨간맛 앵두 🌟베이지 코랄 립스틱 추천!🌟 에뛰드 하우스 베리립톡스(벨벳)_BE103 카인다 누드 ||| 뽀따 이모 의상에 눈이 제일 먼저 가네요^^ 의상정보도 부탁드려요^^ ||| 너무 유쾌하시고 귀여우시네요. ㅋㅋㅋㅋ 목단꽃 ~~ 영상 고맙게 잘 보고있습니다. ||| 상킁상큼 뽀따친구 목소리가 에너지를  바꾸어 놓는  매력을지닌  이뿐사람♥ 요즈음 영상따라 하면서 주위에서  입술에 뽀뽀하고 싶어요 하는사람이  많이  늘고 피부톤이  엄청 밝아보인다는 칭찬  너무  들어서 배가부를지경 이네요 뽀따친구  고마워~~요~~ ||| 밀착레슨~~너무좋아요^^오늘도 뽀따언니 목소리들으니 힘이나요 뽀따언니 사랑해요~♡♡,노하우/스타일
23nnj6_mQG0,Holiday Makeup 연말파티 메이크업(팁많음주의)/artistry studio,보라튜브,,노하우/스타일
1h79vVuw7Ig,IM : 스피디하고 심플하게! 퀵&이지 메이크업 (with 메이크업팁!),아이엠IM beauty,,노하우/스타일
45acj6mEYLM,32가지 메이크업 팁,5 분 Tricks,아이디어가👍재밌는 영상 감사합니다❤ ||| 틱톡에 올려도 돼나요? ||| oh very beautiful trick ||| 글씨 한국어로 부탁할게요 ||| 와우,노하우/스타일
AHcl4IuHefU,꼭 시도해 보아야하는 23가지 쉬운 메이크업 팁,5 분 Tricks,왜 주근깨를 일부러 만들지? 그게  이뻐보이나 ||| 주사기 갖고 싶다... ||| 어후 첨에 눈에다가 메니큐어 바르는줄알고 식겁함ㅋㅋㅋㅋ ||| 안녕하세요 ||| 나만 첫번째 징그러운가....ㅋㅋㅋㅋ,노하우/스타일
jNMbe7UTAZw,빠르고 완벽한 수정메이크업 팁!,뷰티구단 (뷰티9단),보조개 예뻐요,노하우/스타일
Vt3XNZgiVEg,단돈 만원으로 풀 메이크업하기!!! 💄 윤화만의 팁도 공개!!! [홍윤화 김민기 꽁냥꽁냥],홍윤화 김민기 꽁냥꽁냥,제 메이크업 꿀팁들은 어떠셨나용~?? 도움이 됐길 바라요 😚😚😚 ||| 언니 배송비가 더든거아닌가요ㅋㅋㅋㅋㅋㅋ 저렴한 제품이지만 언니가 잘소화하시는것 같네용! ||| 저 눈썹... 아침에 아이브로우 뿌러져서 급하게 쓴 엄마꺼네?ㅋㅋㅋㅋㅋㅋㅋ 리얼 750원같지 않음ㅋㅋㅋㅋㅋㅋㅋ 나름 괜찮아 ||| 파운데이션은ㅋㅋㅋㅋㅋ 그냥 어퓨에서 5천원짜리 비비 사는걸로...할게요 ||| 비싼거는 도대체 원가가 얼마라는거야 ㅋㅋㅋㅋㅋㅋㅋㅋ 대박쓰 꿀티릅 감사해영 온닝💗💗 급새콤달콤 먹구싶좌놔요 ~~~,노하우/스타일
9lBaOUwWVrs,놀라운 메이크업 팁 27가지,5 분 Tricks,아니 머리카락 길게 잘라놓고 쓰는거는 고작 저거... 아깝다 ||| 사람들은 죽은깨 가릴려고 빡세개 화장하는데ㅋㅋㅋ주근깨를 그리네ㅎㅎ ||| 존나..림밤...실화..? 립스크럽  먹는거 실화....??미쳤나봐 ||| 아니 ㅋㅋㅋ음영넣겠다고 선글라스를 ㅋㅋㅋㅋㅋ나중에 닦는게 더 귀찮겠다 ||| 4:14 이거 ㅋㅋ 눈썹틴트 저런펜타입쓸때 너무 힘줘가지고 끝이 뭉툭해져가지고 저렇게해서 썻었는데 ㅌㅋㅋㅌㅋㅌㅋㅌ 영상에서 팁으로 나오니 반갑네,노하우/스타일
5xq2ZUbhi3I,시간을 절약해주는 30가지 메이크업 팁!,5 분 Tricks,이채널은 보면서 어이없어서 더 보게되는듯 얼마나 더 어이없는게 나올까하면서ㅋㅋㅋ ||| 4:14 웃기전과 웃은 후 인가요? ||| 3:51 아니 진심이야?? ||| 2:18 그냥 아이라인을 그리기 싫었던게 아닐까? ||| 2:37 오•••진짜 개별론데••••,노하우/스타일
gevYNUl-VAE,당신이 시도해야 할 49가지 천연 메이크업 팁,5분 Tricks DIY,......?사서써(?) ||| 한글로도 해주세요 ||| 굿!! ||| ?,노하우/스타일
l5s_dY-1bJE,26가지 멋진 메이크업 팁,5분 Tricks DIY,😲 와 ||| 신기 방기,노하우/스타일
jz47ZHx73gQ,(꿀팁) 긴 얼굴 커버 메이크업! 긴 얼굴 팁  │쿠키 _ yo cookie,yo cookie,언니 내가 얼굴긴건 진짜 어떻게알고.......ㅜㅠ ||| 어머 그냥 이건 얼굴이 예쁜거자너 ||| 이 언니가 갈수록 이뻐져가네.. ||| 아이메이크업이라고 자막뜰 때  네 손가락으로 일렁일렁하는거 너무 귀여워요💕 ||| 언니이 저번에 생방송은 잘 마무리하셧나요??  매번 끝까지 같이 못있어소 죄송해요ㅠㅠ   저는 언니가 참 부러워요 속눈썹을 붙이면  전 별로 안 어울리거든요  언니는 속눈썹 붙이면 눈이 화려해지고 예뻐져서 진짜 부러워요 언니가 안이쁜곳이 으디있겟슴까 눈씻어도 다시봐도 다이쁘제요♡♡   참고로 0:02 제취향....ㅋㅋㄱㅋㄱㅋㄱㅋㄱㅋㄱㅋㅋ 이번영상 진짜 잘봣어요 항상응원하고 언제나ㅜ사랑해요♡♡♡2,노하우/스타일
ukKx_aYPvlk,35가지 영리한 메이크업 팁과 트릭,5분 Tricks DIY,,노하우/스타일
DHcTmUmZDlU,"[슬기 메이크업 풀버전] 팁 설명도 듣고, 보고 따라도 하면 나도 슬기처럼! 마법같은 메이크업",청담동 마녀,하나씩 올린 다음에 풀 버전으로도 올려주셔서 넘 좋은것같아요!! 각각 영상은 바쁠 때 보기에는 좀 길었는데 요약해서 바쁠때 보면 딱일듯 ||| 진짜 너무 감사해요 제 인생메이크업 찾았어요ㅠㅜ 자꾸 중학교때 화장법에 머물러 있는것 같아서 어떻게 고쳐야 하나 유튜브에 영상만 찾아보면 다 유쌍분들이어서 그동안 너무 힘들었어요.... 이렇게 무쌍 슬기씨 화장법 섬세하게 알려주셔서 너무 감사해요ㅠㅠ!!!! 시간 지나서 나중엔 슬기씨 메이크업 업데이트 영상으루 또 올려주시면 너무 좋을것 같아요 ㅎㅎ!!!! ||| 레드벨벳 멤버별로 다 보여주시면 안돼요??ㅠㅠㅠ 제발요!! ||| 삼각존 채우는 거 짱이에요🙊🙊 삼각존 채우면 화장 번진 것 같고 눈길이도 더 짧아 보여서 안 했는데 이 영상 보고 따라해봤더니 눈꼬리가 확 트여보이고 커보여요 최고에요👍🏻👍🏻👍🏻 ||| 진짜 너무 감사합니다. 무쌍영상 중 가장 꿀팁.. 광대관한 팁도 너무 꿀팁.. 진짜...너무 감사해요ㅠㅠ,노하우/스타일
s6PW0_iCsZw,전에는 모르고 있었던 38가지 메이크업 팁,5분 Tricks DIY,,노하우/스타일
YbZ5bM5g6Mo,38가지 쉽고 영리한 메이크업 팁,5 분 Tricks,차라리 머리 자르는 것보다 걍 화장품가게 가서 브러쉬 하나 사라.... ||| 항상 이분 영상은 특이하고 뭔가 재미있는데 좋아요하고 댓글이 없다....:: ||| 영상마다 나오는 것 중에 의문점이 생김 왜 자꾸 주근깨를 만들지..? ||| 한국어채널이라면서...외국사람 외국어임...흐허 ||| 오~,노하우/스타일
TxSQOu9skSQ,이번 세기의 22가지 메이크업 팁,5분 Tricks DIY,Класс,노하우/스타일
AafWMcb_SYU,용감한 여성들을 위한 40가지 메이크업 팁,5분 Tricks DIY,당신들..이미 여신 조각상처럼 완벽한 얼굴을 가지고 태어나서 굳이 할 필요 없잖아 메이크업… ||| 썸넬 눈에 틴트 바르는줄알고 억 틴트 눈에 착색되는데 이러고 놀랐음.. 그리고 머리에 립밤바르면 떡짐 .. ||| 분명 용감한 여성이라고 적혀있었다 하지만 나는 그렇지 못한다능 ||| 2:09 음파파ㅏ파랄라바바ㅏㅏㅏ파파팦파 (아무생각이 없다) ||| 왜 댓이 없지..?,노하우/스타일
52lyI4ACR30,남자 티 안나는 초간단 데일리 메이크업 팁 (feat.비레디),깡스타일리스트,이 형의 첫 흑역사가 될 인트로였다. ||| 흑역사 잘 봤습니다 깡님 ㅋㅋ 요즘 피부 박살났는데 감사합니다 ||| 인트로 분위기 오지십니다 ||| ㅋㅋㅋㅋㅋㅋㅋㅋㅋㅋㅋㅋㅋㅋㅋㅋㅋㅋㅋㄴㅋㅋㅋ 이 과정을 걸쳐기에 깡형은 지금 엄청 멋진 사람이 됐네요ㅎㅎ ||| 형! 옷마다 세탁 및 건조는 어떻게 하는 게 좋은 건지 관련 영상도 올려주세여!! 보관은 덕분에 이제 옷걸이에 안 걸어용,노하우/스타일
zyZmDhkI6mc,효율적인 31가지 멋진 메이크업 팁,5 분 Tricks,10:43 모공커버 진짜 드릅게 된다 ||| 전에 봤던게 또있어서 음 뭐지 했네요 역시 우려먹기의 본보기.. ||| 6:07 6:07 자막하고 6:19 6:19자막이랑 바뀐듯 ||| 1:59 세상에.. ||| 1:59 ....??,노하우/스타일
zCJHPgToU5c,당신을 파티의 스타로 만들어줄 메이크업 팁 29가지,5분 Tricks DIY,,노하우/스타일
EbL9p2C2SiI,[뷰티팁!!]사랑가득! 종일 촉촉한 과즙 메이크업 | K beauty [beauty tip!!] Moisturizing juicy makeup tutorial,BeautyEduLab,메이크업 너무 이뽀요8_8,노하우/스타일
AKFgigzbvM4,여러분이 알고 싶어 하는 28가지 메이크업 팁,5 분 Tricks,난 썸네일이 신기해서 들어온거라고! 날 속였어! ||| 아니 호치케스로 무슨 코걸이 입걸이 눈걸이...ㄷㄷ ||| 2:29 풀릴까봐 눈 안감는듯 ||| 2:07 언니... 뭐 해...? 거기는 다크서클 있는 데 아니잖아... 그리고 다크서클 언니가 그린 거잖아... 왜 그려놓고 지워... ||| 썸네일 어딨쥬,노하우/스타일
f56keMZaKgY,29가지 놀라운 메이크업 팁,5분 Tricks DIY,2:28 미친 비듬봨ㅋㅋㅋㅋ ||| جميل جدا 😍😍👍👍👏👏👏👏🌹🌹⁦❣️⁩⁦❣️⁩ روعه 👏👍 ||| 💜💜💜 ||| !!!!!,노하우/스타일
XdSrw80ZJes,메이크업 팁 및 튜토리얼 37가지,5분 Tricks DIY,예 1빠,노하우/스타일
NR7UmXIepxc,뷰티 마스크 써도 화장 안 지워지는 메이크업 유지팁 3가지😷   씨채널 코리아,Korea channels,,노하우/스타일
wgjSqNS4FLY,"심쿵유발 유형별 색조 메이크업 팁 ✨ | 등교메이크업, 색조메이크업, 축제메이크업, 소풍메이크업 | [아트박스]",아트박스 ARTBOX,자연스러운 꾸안꾸 등교메이크업이 가장 마음에 들어요! 데일리로 가볍게 하고다니기에도 딱이구요 아트박스에서 이렇게 다양한 뷰티제품이 나오는줄 몰랐네요!갖고싶어요🙆‍♀️🙆‍♀️🙆‍♀️ ||| 가을피크닉 메이크업이 예쁘네요. 구독 좋아요 알림완료. 항상 응원할께요. ||| 저는 축제 메이크업이 제일 예쁘구 마음에 드는거 같아용!! 오오 아트박스에 마스크팩도 잇다니ㅜㅜ 그 혹시 된다면 비롯 모노 섀도우 전색상 발색도 해주세용ㅜㅜ 이벤트 짱짱입니다ㅏ💕💕 ||| 제가 메이크업을 해도 러브러브 하던데요... ||| 남자도 메이크업 할수있나용,노하우/스타일
yWf6uOLpYPQ,파우치공개! 간단 오후 수정메이크업 팁,MASTER TWINZ,립색깔이뻐요,노하우/스타일
11CQDXPabbs,당신을 빛나는 스타로 만들어 줄 9가지 멋진 메이크업 팁,5분 Tricks 플레이,1등ㅇㅇㅇㅇ,노하우/스타일
Jcx7rBa6fYQ,미세먼지 방지 팁 가득! 넣어본 쨍한 립 포인트 메이크업 / My Red Lip Point Make Up,뭉컁 MungKyang,뭉걍님 너무 너무 예쁘다❤ ||| 뭉컁님 이번메이크업 완전 제스탈인데요??너무이쁘세용 진짜아 저두한번따라해볼게용ㅎ히히❤❤❤❤ ||| 뭉컁님 메이크업 넘 예뻐요💖 요즘 진짜 미세먼지 심하죠ㅠㅠ 저도 이렇게 매일같이 미세먼지 걱정하게 될 줄 몰랐어요...😷 뭉컁님 덕분에 꿀팁 알아갑니다!ㅎㅎ 오늘도 좋은 하루 보내세요❤❤ ||| 뭉컁님! 아직도 미세먼지가 이렇게 난리를 치다니... 얼른 사라져버리길 바라요ㅜㅜㅠ 이번 립컬러도 뭉컁찰떡쓰...! 이번 메이크업도 너무 조아요ㅜㅜㅜㅠ 깔끔하지만 화사한게 넘 잘어울려요ㅜㅜㅜ 오늘 영상도 잘 보고가고 담 영상서 봬요~ ||| The beautiful thing that you're don't change with makeup,노하우/스타일
6pFewHVSTEA,오래된 화장실 리모델링 줄눈 하나로 느낌다른 화장실 셀프 인테리어(제품 정보는 영상하단 혹은 댓글에 있어요) interior choijubu,인테리어최주부 interiorchoijubu,블랙 줄눈 url - https://coupa.ng/bgFF9S 유리창닦이 url - https://coupa.ng/bgFGaC ||| 저도 요거 해보려고 합니다. 그리 낡지는 않았는데 전 화장실 변기아래가 문제입니다. ㅋㅋ 벽쪽도 낡은 곳에 해야겠죠~ ||| 아파트 줄눈업체도 이런식으로 할까요 시멘트 긁어내지 않고? ||| 후기보니 청소할때마다 물빠진다고 ;;,노하우/스타일
Y0erX18Uo3Q,"시트지? 필름지? 무슨 차이가 있을까? / 인테리어 필름지, 시트지 차이점 파헤치기",에이스 하드웨어,"귀에 쏙쏙 들어오는 목소리로 알기 쉽게 설명해주시네요, 감사드립니다!  ; ) ||| 잘 구분못했었는데 귀에 쏙쏙 감사합니다 ||| 시트지,필름지,장 단점!정보!매우 감사!합니다.담백한 말씀!이  전문가!의모습으로 보여져 좋네요~매우유익정보!감사!합니다.필요한,상황이었는데 이심전심~~~좋아습니다. ||| 가구리폼을  찾다가  봤는데  아직 리폼전이라  다행스럽게도  차이점을  알게 됐습니다  좋은 정보  얻었네욤 ||| 말씀을 쉽고 조리있게 잘하시네요! 유용한 정보 감사합니다.",노하우/스타일
lBnUkEonFL8,[제품설명][DIY셀프인테리어]우리집창문이 기울었을때 해결할수있는 팁!,철물점TV,덕분에 이사 6개월만에 창문 문제를 해결했습니다. 정말 감사합니다. ||| 아주 간단하지만 거의가 모르는 스킬...이렇게 짧은 동영상이 더 좋아요..에너지 소모도 줄여가면서..잘하고 있어요...구독자 10만 갈때 까지...부라보...///////////// ||| 철물점TV 님의 귀한 정보 주심에 진심으로 감사드립니다.날로 번창을 기원드립니다. ||| 현직에 종사하는 사람으로 거실창과 같이 큰 창은 일자 드라이버로 창한쪽을 지렛대원리로 올려주면서. 십자로 돌리시면 됩니다. 수평을 보실때는 우풍 즉 문이 닫힐때 문틀과 문짝 의 모서리 위와 아래 문틀에 닫는 부분을 살짝 간격을 두시구 눈으로 비교하며 마추시면 되시는데 최대한 나사를 잠그시는 방향으로 마추시는걸 추천 드립니다  푸시는 방향으로 하시면 창이 빠질 경우도 생깁니다. ||| 아주유용했어요. 복많이받으세요.,노하우/스타일
L3aEQ8rTsnE,"SUB)원룸셀프인테리어/2.화장실악세사리,소품편/적은비용으로 카페같은 화장실을/Bathroom decorate on a budget",지나의 생활뱅크,다이소 제품으로도 고급진 화장실 인테리어가 완성되네요! 금손이셔요^^ ||| 발상의 전환이군요. 굿입니다.다음 작품도 설램을 기대합니다 ||| 화장실 정리가 어려웠는데 지나님 유투브 생각나서 들어와보니 역시 정리방법이 있네요 참고하려구요~^_^ ||| 좋은 정보 감사합니다 또뵈요 사랑합니다 ||| 치약으로 녹을 제거할 수 있군요~!! 잘 배우고 갑니다 *_*,노하우/스타일
_rsltyTDkBs,[셀프인테리어] 타일뚫기 ! 화장실수리 (휴지걸이 교체) 내가직접한다! 셀프 DIY[타일구멍뚫기][욕실타일][화장실타일][욕실수리][스위스밀리터리],내가해TV,"제주도 설비맥가이버 화이팅, 제주연고있는 대전에 살고있는 시설관리관련인인데 많은 도움이 됩니다 ||| 차분히 설명을 알아듣기 쉽게 잘하시내요 ||| 제가 초보인데 이해 잘 되게 설명 아주 잘해주시네요 바로 고민없이 구독합니다~ 감사합니다 ||| 요즘은 뚫지 않고도 그대로 하는 제품들이 나오더군요..참 격세지감입니다...기술의 발전...놀라울 뿐입니다.. ||| 정말 자상하시고 착하시다…",노하우/스타일
GmzdhqQIdZU,[제품소개][DIY셀프인테리어]싱크대 소리 간단하게 해결하는법,철물점TV,힝상  보고  있습니다  가정에서 유용하게 활용할 수 있는 것 을 보여주어  감사합니다 ||| 좋은제품이네요^^ ||| 대단히 감사. ||| 이걸로 자동차 트렁크 자동으로 열리겠끔 작업을 했었지요   하하하 ||| 설치방법좀 올려주세요,노하우/스타일
HGDHlWSwecI,[셀프인테리어] 화장실 LED 골드 조명 셀프 설치하기 (제품정보는 영상하단 혹은 댓글을 확인해주세요) interior choijubu,인테리어최주부 interiorchoijubu,LED 골드 조명 구매처(골드) -  https://coupa.ng/bhcKDb,노하우/스타일
VuwbXCf_LTM,"[셀프인테리어] 베란다 셀프 인테리어, 베란다 바닥재 바닥깔기(제품정보는 댓글에 있어요) interior choijubu",인테리어최주부 interiorchoijubu,"플라스틱인데 나무테크같아 좋아요 청소도 용이하고 무엇보다 화분이 많은 저로써는 물을 사용할수있어 쵝오 틈새 거의 없는것다 맘에 듭니다 도움이 많이 됐어용!! ||| 1. 이제품은 상판의 강도가 몹시 약한 타입이므로 티테이블용 철제 의자 등을 놓을 생각이라면 이 제품말고 원목타입 또는 상판이 더 두껍고 견고한 제품으로 사야함. 2. 바닥면이 타일시공 되어있는 베란다일 경우 그냥 위에 냅따 시공하면 걸을때마다 달그락 달그락 소리가 몹시 거슬리니 [미끄럼방지 고무 매트]를 사서 깔고 그 위에 시공하는게 좋음(몹시쌈) 3. 짜맞추기 할때 한방향으로 쭉 하는 것 보다는 중간에 가로지르는 식으로 한줄씩 넣어주면 훨씬 보기 좋고 완성도 있어보임. 4. 몰딩으로 마지막 부분 처리할때 조금 모자란다 싶으면 몰드 안쪽에 지점토를 채워넣으면 1~5센티 사이의 틈 정도는 재단없이 기장 쪽 라인의 틈을 몰딩만으로도 적절하게 커버할 수 있음. 5. 졍교한 기장쪽 재단이 필요할때는 몰딩톱(1만원가량) 이라는 걸 구입해서 사용하면 완벽하고 깔끔하게 재단이 가능함 ||| 어떻게  그리 오래동안 쪼그리고  않저서 설명도 하고 일도 하시고 심지어는 온가족이 그런 자세로 ,,,     부럽네요 나는 배도 않나 왔는데  저는 도저히  불편해서.    Mrs  최. 솜씨는 부모님 한테 물려받은  손재주가  있네요 끝나고 나서 뿌듯한 성취감을  느끼셨겠네요 Nicely  done  Good  job 행복 하세요 ||| 얼굴도 이쁘고 부지런하시고 꼼꼼도 하시고 도대체 정체가 뭡니까?남편분이 전생에 나라를 구하셨나요?????? ||| 아 놔~ 저 잠옷은 우리 아들에게 사줬던 것인데... 뭔가 친근한 느낌이 납니다. 저도 현관 타일 하려고 고민중에 있습니다. 참고가 될 것 같네요 ^^",노하우/스타일
gIVoSpU_QaY,"[셀프인테리어] 우레탄폼 폼건 폼클리너 사용방법, 에어컨 구멍 뚫린 벽 틈새 메꾸기",인테리어룸스TV,"처음 하신 건데, 저 정도면 아주 잘하신 거 같네요. 많이 배웠습니다. 그리고 두 분 캐미, 즐겁게, 재미있게 봤습니다. ||| 빵 터졌어요.ㅋㅋㅋ왠지 내가 저럴거같아서ㅋㅋㅋ 전문가들은 다 잘해서. 이 영상보니 더 교육이 잘되는듯ㅋ ||| 저도 잘 모르는데 재밌게 봤습니다 여성분이 더 전문가 같아요 ||| 마감제 나무에 우레탄폼을 시공할때에는 보양을해야 됩니다.. 저렇게 하는경우에 폼이 경화되고 제거해도 표면에 남은 자국은 없어지지 않죠. ||| 빨대 깥이 생긴게 있어요 우레탄 폼건에 노즐부분에 장착하여 속에 쏘시면 되요... 저두 초보라서 몰랐는데 한번 해보니  알겠더군요. 폼 클리너는 장착시 튈 수 있으니 조심하시길 바랍니다. 그리고 오공제품  약간 신뢰가 안가고 힐티나 좀 알아주는 폼을 사용해보세요. 밀집성이 대단하여 좋습니다. 부풀기도 많이 부풀지 않지만 밀집성하나는 좋죠. 그래서 잘라보면 확연히 차이 납니다. 돈준만큼 값하는게 현실이죠. 싼거 쓴다고 좋은거는 아니지만 사용하는 용도에 따라 폼은 좋으거 사용하면 좋습니다.",노하우/스타일
9LGmTjlPQP8,[제품소개][DIY셀프인테리어]DIY용 각도기,철물점TV,잘보고있어요  ㆍ 항상  새롭네요ㆍ ||| 유용하겠네요!!! ||| 우와~~ 건설 현장에서도 사용 가능하겠어요 일산이라 품질은 보증되는 것이고 유익한 정보 고맙습니다^^ ||| 일본 DIY 영상에서 많이 보던 제품인데 갖고싶었어요 세면대 싸이즈 첼라제품소개 부탁 드립니다 신제품 있던데 영상이 지루하지 않아서 좋아요 가급적 시연 영상도 함께 부탁 드리게습니다 빠지없이 보고 있습니다 ||| 구조물 제작할때 사용하면 편하겠네요 GOOD👍,노하우/스타일
mC7q3EGuvso,[제품설명][사용영상][DIY셀프인테리어]전동드릴이 안들어가는 코너부분 피스풀기 어떻게 해결해야할까?,철물점TV,철물점에 근무하고있는데 우연찬게 보게되었네요 ㅎㅎ 일반인분들이 알기쉽게 설명해주시니 좋네요 ||| 장단점이 확연하네요. 감사합니다. ||| 좋아요 아주 좋아요~~ 기능이있는 공구나 새로 나오는 공구같은 리뷰 많이 만들어주세요~ 단점이나 그런것도 잘 보이는거같네요 ||| 박과장님  멋있어용^^ ||| 일반 사람들이 알지 못했던 공구가 진짜 많군요.....,노하우/스타일
30sh8wGjnS4,[제품소개][DIY셀프인테리어]하수구 냄새제거 5분만에 끝!,철물점TV,설치시 사포로 살살 문지르고 두면을 붙이면 힘 백배 증감  오늘도 배우고 갑니다 주말 잘 보내세요 ||| 저 트랩으론 매우 곤란해요 저건 틈이 벌어집니다 ||| 기존의 트랩무품을 빼지 않고 마무리하네요.  저렇게 하면 안되는데…. ||| 파란색 판 반대로 붙이신 것 같네요. 칼집 나 있는 면이 아래쪽으로 가야할 듯 합니다. 반대쪽 면 중앙 부분에 실리콘 부품 끼울 때 튀어나오지 않고 딱 들어가도록 홈이 나 있는게 보이거든요. ||| 뜨거운 물 버릴때를 생각 하시고 만드심이... 플라스틱 보다 쇠 종류를 추천드림.,노하우/스타일
VJcxLzATsoM,자재혁명 스톤파벽돌로 집꾸미기 셀프인테리어 DIY 쉽게 붙이는 방법 설명,토목코리아자재매니저,선생님 고파벽돌 외벽붙일때는  세라픽스말고  어떤제품으로 붙이나요.. ||| 회사가어디에위치해있나요? ||| 에덱스2로 사나요??,노하우/스타일
kiAgZtY0g8k,[셀프인테리어]타일사이묵은때 제품으로 보수하기,봄TV,,노하우/스타일
jsBL6wmVxYY,[제품설명][DIY셀프인테리어]방화문 소음방지/결로방지/바람막이/우풍차단/바람차단,철물점TV,"대박꿀팁~감사해여~번창하세여 ||| 유용한 꿀팁 감사합니다. 많은것 배우네요. 이방송 보고 우리집 현관문을 보았더니 홈은 있는데 고무가 없네요. 앞뒤문이. ||| 방풍, 방충, 방음에 좋아요~^^8000원에 행복~👌 ||| 언제나 꿀팁 고맙고 감사^,^ ||| 와 저 고무가 불연재이면 화재시에도 큰 도움 되겠네요 !!! 기밀해져서 연기유입도 막아줄 듯!! 좋은 정보얻어갑니당!!",노하우/스타일
AP03Dn8x_5o,석사장 카페 셀프인테리어 했던 이야기 (feat.카페 가구 만들기),커픽처스 coffictures,좋은 사람...❤️❤️ ||| 인간관계가 좋으시네여~ 좋은 분들이란걸 분위기로 느꼇습니다~ 누나미소 가득담아 드립니다~! 또 봬어염 ||| 오~ 처음 라이브 보네요. 반갑습니당^^ ||| 오늘 다녀갔어요 다음에 또 오겠습니다 ㅋㅋㅋ 이것도 보고 갔었는데 두분을 다 볼 줄이야 ㅎㅎ 아 그리고 코코넛 스무디 맛있어요! ||| 석사장님 능력자시네요 인테리어를 셀프로 하시다니,노하우/스타일
kYWTQVqDEjg,셀프인테리어에 적합한 가성비 18V 햄머드릴 스탠리 SBH201M2K 리뷰,만고사 ,감사합니다  영상보고 주문했어요 ^^ ||| 오~  오늘 영상 멋져요.  최고최고 ||| 감사해요^^ ||| 저도 영상보고 주문했습니당! 블랙앤데커랑 고민하다가 스탠리로! ||| 영상 잘 보고있습니다.^^ 스탠리 제품 가성비 좋지요!,노하우/스타일
paTOk_m4COc,[제품설명][DIY셀프인테리어]몰딩의 종류와 시공방법,철물점TV,감사합니다 ||| 창호 올딩도 설명해주세요. ||| 좋은 설명입니다^^ ||| 아파트 베란다 실금간거 보수하는거 용품 좀 알려주세요 ㅜㅜ ||| 몰딩조각을 사야되는데 어디서 살수있나요,노하우/스타일
mh2RAvaSe3Q,셀프 인테리어 DIY 50% 해결된다  다용도본드의 시공 종류  용도,토목코리아자재매니저,"쎌터 본드와 다용도 본드 얘기 하려 합니다  50%는 시공 할수 있습니다 토요일 에는 3시반까지 평일에는 5시까지 오세요~🙇‍♂️🙆‍♀️🙏🧡🧡🧡 ||| 와~~~~  왜 이제야 알았징   매니저님 홧팅 ||| 오늘부터,,,팬이되었답니다,,강원도  동해시에서  --------   요 ||| 저도 갈께용~^^ 감사합니다~♥ ||| 오늘도 유용한 정보 넘넘 감사합니다~ ㅎㅎ 50%먹고들어갈수있어서 셀프인테리어하기가 한결 마음이 편안해지네요***",노하우/스타일
7RXPdAyO9dc,"[제품협찬] [셀프인테리어] 5평 침실 인테리어 마법같은 변신! 샌드위치 무소음 시계, 위닉스공청기,레이디가구 위슨침대, 빛사랑조명,  이케아커튼, 극락조",인테리어최주부 interiorchoijubu,깔끔하니 너무 예뻐요 안방느낌나는데요??? 어머님댁이셨군요...! 전혀 눈치 못챘었는데ㅠㅠ 짱이예요! ||| 레테에 글보고 왔어요~ 구독하고 가요~ 자주 소통해요!,노하우/스타일
IgYHdtxDsFg,이케아제품으로 꾸민 자취방원룸 셀프인테리어 [공디남 김공장장],플랜테리어 씨드홈,분위기도 좋고.눈호강 하고. 힐링도 되는 인테리어 잘보고 갑니다. ||| 원룸이어도 공간분리를 해놓으니 느낌이 다르네요 ㅎㅎ 잘보고갑니다 :) ||| 외로워보이는 크리스마스  여친과함께 ㅋㅋㅋㅋㅋ 잘봤어요 ㅋ ||| 어디서   구매  합니까     가르쳐주세요    ㅡ ||| 매트릭스 얼마인가요?ㅎㅎ,노하우/스타일
VZbhzErOP1M,터닝도어 (셀프인테리어 인기제품),kcc서민창호,셀프인테리어로 터닝을 시공을 한다구요????? 대칭 조금만 안맞으면 문짝 박살날텐데 ㅋㅋ 그리고 안쪽 보강제 아연 각파이프 들어가고 유리22-24들어가면 혼자 들기도 힘들텐데요 ㅋㅋ,노하우/스타일
ZYTDQAfWLoE,[제품소개][DIY셀프인테리어]방수스프레이의 끝판왕! 만능방수제,철물점TV,우와 이런게 있었다니.. 보통 스프레이들 입자가 작아 약해보였는데 이것은 엄청 찐득해 보여요 강력할거같아요! ||| 이 삼촌 진짜 볼수록 성실한 모습이 진실성이 있네. 요즘 젊은이들 편한일만 할려고 하는데 세월이 지나보면 삼촌처럼 열심히 사신분들이 다 성공합니다. ||| 헉~콜타르가 스프레이로.. 생각조차못했네요 감사히 잘보고갑니다! ||| 판넬 지붕 틈으로 빗물이 새어서 실리콘 작업했는데 요제품으로 간단하게 뿌리면 방수 괜찮을듯~~~ ||| 처마끝이 새는데 너무좋은 꿀팁이네요.,노하우/스타일
oNUs1YEYgu4,[제품소개][DIY셀프인테리어]초소형 몽키스패너 추천드립니다,철물점TV,구독한 유투브중 제겐 가장 영양가가 높은 철물점TV 2019년에도 응원합니다 ||| 체널 성장이 빠른거 같아요 그만큼 좋은 제품을 많이 소개 해주셔서 그런거 같습니다. ^^ 저 몽키는 정말 지니고 다니고 싶어지는 크기네요 ||| 잘보고있어요  새해 복 필히받으세요 ||| 전원생활을 하다보면 모든 걸 스스로 해결해야 하는데 참 유용하게 사용하고 있습니다. ||| 소개해 주시는 공구 좋은거 많아서 잘 보고 있습니다.  바이스플라이어 손쉽게 사용할 수 있는 제품 동영상으로 봤는데 다시 찾아보려고 했는데 못찾았습니다^^;,노하우/스타일
wtIbE2zFxb8,"[제품설명][DIY셀프인테리어]직소날의 종류
Types of jig saw blades",철물점TV,"지금껏 영업하면서 보쉬에서도 못받아본 교육을 여기서 받네요 ^^ ||| 아이들이 너무 이쁘네요  잘키우시고 행복하세요  영상감사합니다 ||| 목재용이랑 철작업용 말고도 많이 있군요 잘 보고 갑니다. ||| 오! ㅡ 마지막에 소개한  톱날 (Plastic Composites), 저걸로 합성목재 재단하면 됩니다 합성목재는 일반 목재와 달리 철재용이나 목재용 톱날로는 날이 금방 문드러져서 지속적으로  사용할수가 없어요. 몇개월 전에 2만원대에 구입해서 사용한 기억이 나네요. ||| 좋은 공부 됐어요!! 제가 3일전에 아마존에서 직소를 오더 했어요 그래서 영상 보았어요 감사합니다",노하우/스타일
rhENlJdoBYc,[제품소개][DIY셀프인테리어]샷시레일이 내려앉았을때 해결방법,철물점TV,샤시레일(보조덮개)은 보편적으로 3가지가 있는데 Pvc.알루미늄.스텐~ 일반철물점에는 판매하지않고 샤시전문 부속상에서만 취급합니다 먼저 레일의 폭을재시고 8.10.12mm. 가정마다 조금의차이가 있고(메이커.구형.신형) 길이는 3m 로 나옵니다 형태로는평레일과 오목한레일이 있는데 같은레일로 작업 하시는게 편리합니다 혹여 개인이 작업하실때 판단을 잘하셔야됩니다 예를들어 베란다 나가는 중문(샤시문)을 교체하실때 큰 고정문과 작은 출입문이 있는데 무게가 상당하기에 두분이서 작업하시기를 권합니다 로라(호차)의 종류도 오목한로라. 평로라가 있는데 같은걸로 작업해야 편리합니다 알루미늄 샤시가 아닌이상 하이샤시  로라(호차)는 거의 호환이 가능합니다 알루미늄샤시 로라(호차)는 하이샤시 로라와 형태가 다르고 작업하기도 좀난해합니다 먼저 하단부 가로바를 제거해야 하는데 코킹된 실리콘을 제거해야하고  양쪽측면(엣지)부분에 삼각나사 4개를풀어줘야 가로바가 분리됩니다 남성분이면 누구나 작업이 가능한데 손이좀 많이갑니다 작업하실때에는 항상2인1조로 작업하시길 권합니다~ ||| 샤시 레일이 깨지면 문을 열 때마다 신경쓰이고 적당한 해결책도 딱히 없는데 정말 유익한 정보인 것 같습니다. 감사합니다. ^ ^ ||| 여러 좋은 자료를 올려주셨지만  전 이번 영상이 가장 마음에 와닿는 영상이였습니다 최곱니다 ||| 꼭 필요한 정보 감사합니다. ||| 이건 오래전부터 필요로 했던 건뎅... 이제서야 알게되었네요.....            예전에는 문틀 샷시를 교체했었거든요.... ㅜㅜ,노하우/스타일
dUQM126BRJg,[셀프인테리어] 장판 철거 테이프정리 self interior linoleum,셀프 인테리어 부부self interior bubu,바닥면이 안으로가게 감으면 먼지를 덜마십니다,노하우/스타일
Ip2QvENU7t4,[제품설명][사용방법][DIY셀프인테리어]오일스테인 관리법과 사용법 추천,철물점TV,스테인 바니쉬 관계 잘 이해를 하고 갑니다. 잘 못 생각하고 있었네요... 정보 생유~~~  좋ㅇ요 꾹~~ ||| 원하던내용이네요~ 감사합니다~^-^ ||| 데크의 경우  비 안맞추는게 상책 스테인 발라봐야 겉만 칠하는것이고 그 안의 나무는 속수무책  또한 오일스테인이 비싸요  한번 칠하면 보통 두번씩 칠해야하고 칠해도 비 두세번까지는 발수효과 나타나는것 같지만 시간지나면  효과가 거의 없어요 스테인이 나무속으로 침투를 해야하는데 침투가 안되거나 한계가 있어  시간지나면 나무의 강도가 아주 약해져 버립니다  해서 데크위를  처마차양으로 ㄷ자모양으로 다 덮어버렸습니다 ㅋㅋ 보기도 좋고 스테인 칠할 값보다 비 안맟추게 다덮어 버리는것이 돈이 훨씬 절약~  물론 돈이 많은 사람이면 수리  다시하면 될것이고.... 요즘 목조주택은 데크는 좋은데 처마가 거의 없는게 단점 ||| 기회가되면  미니 만능톱 소개 해주세요 잘 듣고 많이 배웁니다 ||| 영상 잘봤어요 오일스테인궁금한데요 외부용  방부목 의자에 바를경우 건조 후에도 의류에 묻어나지 않나요?,노하우/스타일
eVfnquNIk7c,[꿀팁][DIY셀프인테리어]6mm스페너로 가정용 만능라쳇렌치 만들기,철물점TV,하하 좋은 아이디어네요~ 생활의 발견이네요~👍 ||| 이건 저도 몰랐던 사실이네요... 6mm 라쳇스페너 있지요.. 바로 활용해봐야 겠습니다 ||| 오~~이건 진짜 생각하지 못한 꿀팁입네요ㅋ ||| 이건진짜꿀팁이네요 일반 미니라쳇 살라면 싼건 진짜몇번쓰고고장나서 비싸거 쓰고있는데 이팁이면 공구안사도되겠군요 ㅎㅎ감사합니다 ||| 와~ 아이디어 정말 좋네요,노하우/스타일
9k3EhgvNbfY,[브이로그VLOG]DIY셀프인테리어 영림 홈앤리빙 전시장 방문기,철물점TV,"대단하네요. 손예진씨가.모델나올때.부터알아보았는데.영림한번.생각해야겠네요.. ||| 항상 영상 잘 보고 있습니다!! 매번 좋은 정보 감사합니다 ^^ ||| 감사 합니다, 매회 잘 보고 있습니다. ||| 저 영림도 하고 KCC유리입니다",노하우/스타일
RP6FLa2faG0,[셀프인테리어] 방문 몰딩 셀프로 페인트 칠하는 방법! A부터 Z까지 알려드립니다.,인테리어룸스TV,지금은 이런 취급 받아도 체리몰딩인 우리집이 자랑스러웠던 시절이 있었는데 ㅋㅋㅋ ||| 저희집이 필름지가 많은집이라. 몰딩도 그렇고 색을 바꾸고싶은데 견적이 너무 나와서 1년째 고민중인데..ㅎㅎ 이거 보니 도전해볼까 생각중입니다 많은도움이 됐습니다~ ||| 다른 유튜버보다  알아듣기 편안하고 구독 나갑니다(모든 셀프.....은 혼자힘으로 뭔가 하겠다는 사람들이 검색하는건데  쉽고 재료는 합리적인가격제품 소개 뭐 이런설명이 기본인데  자기만 쉬운 설명하는 사람많아요) 나중에 반복보고 진짜 내힘으로 색을 바꾸고야 말겠어요 ^^ ||| 오 페인트 칠 할때 나무든 철이든 다 까고나서? 프라이머로 해서 하는걸로 알았는데 프라이머 그냥 발라도 되는군요...너무 좋은 정보를 얻어가네요 저도 방음작업 전에 방문과 마디사이 몰딩 창문몰딩 페인트 때문에 저걸 언제 다 샌드하고 하냐 해서 미루고 있었는데 이거보고 나중에 시도해 봐야겠어요 정보감사요^^ ||| 문 흰색으로 바뀔때 제 마음이 다 후련해 지네요 ㅋㅋ영상 잘봤어요!^^,노하우/스타일
DmUKqxLc8XQ,셀프인테리어 소품 만들기 DIY_#01 시멘트 화분만들기 by.하쿠100 / Create self interior mini flowerpot By. HACU_Back,HACU Back,오호 신기 감사합니당,노하우/스타일
e6iBRg5UtC0,[제품소개][DIY셀프인테리어]간단한 전자기기수리 정밀드라이버로 해결하세요!,철물점TV,헐   아무리화나고   피곤해도    조ㅎ으시것내요    항시자알보고있읍니다 ||| 아주 예쁜 공주님도 두셨군나 돈 많이많이 버셔야 되겠네요. ||| 이거 작년에 구입했는데요... 정말 괜찮은 제품입니다   굿 ||| 잘 보고 있습니다 좋아요 꾹~~*  구독은 진작에 했습니다 ||| 오! 이 제품 정말 좋은데요?,노하우/스타일
xKeVY-KQeyw,셀프인테리어 소품 만들기 DIY_#06  대리석 스툴 만들기 by.하쿠100 / Create self marble stone stool  By. HACU_Back,HACU Back,좋네용!!,노하우/스타일
kG0FBYEWuO8,나무 만지는 선생님 셀프 인테리어!! - 타카편,우리 요양원에 놀러오세요 TV,반갑습니다! 초롱이 입니다. 오늘의 나무만지는선생님의 주제는 타카입니다. 부족하지만 재미있게 봐주세요. 혹 오차가 있거나 부족한 정보가 보이시면 넓은 아량으로 이해해주시고 댓글에 남겨주세요^^  항상 감사합니다 구독자 여러분들 메리크리스마스 입니다♡ ||| 구독 좋아요 누르고 간다요~~ㅋㅋㅋㅋ ||| 여긴 나무채널인가요 트로트채널인가욬ㅋㅋㅋㅋㅋㅋㅋㅋ다 봤는데... 분명 끝까지 다 봤는데.. 기억나는건 구수한 트롯... ||| 나만선생님 너무 잘생기고 노래도 잘하고 너무 웃겨용~ ||| 2학년ㅣ반 조서윤입니다.★,노하우/스타일
sWrAJRnOmNk,셀프인테리어 소품 만들기 DIY_#05  맥주병으로 화분 만들기 by.하쿠100 / Create self interior flowerpot By. HACU_Back,HACU Back,,노하우/스타일
BzZxGWNBh5Q,셀프인테리어 소품 만들기 DIY_#07  스툴다리로 틸란드시아 행거 만들기 by.하쿠100 / Create self interior objet  By. HACU_Back,HACU Back,,노하우/스타일
jwjWAg-dsYM,셀프인테리어 소품 만들기 DIY_#03  옷걸이로 선인장 만들기 by.하쿠100 / Create self interior objet By. HACU_Back,HACU Back,오 너무 유용한 영상 감사합니다~ ||| 참 심플하네요,노하우/스타일
_GXgDaLY7XE,멀티탭 정리함 전선정리 거실인테리어 셀프인테리어 플러그자동차,SEE KOREA,네이버쇼핑URL ===> https://smartstore.naver.com/doma/products/2210626880,노하우/스타일
X57cNaFCBrA,"[광고]셀프 인테리어 집수리 ,수도배관 누수 수리. #인테리어 #diy #자가설치 #배관누수 #멀티조인트 #배관보수",안가이버,"역시 전문가는 다릅니다 설명감사합니다 ㅎ ||| 유용한 정보입니다 감사합니다^^ ||| 이 포스팅은 쿠팡 파트너스 활동의 일환으로, 이에 따른 일정액의 수수료를 제공 받습니다. 영상 속 제품 구매 및 자세한 정보는 아래 링크로 참고해 주세요. https://link.coupang.com/a/cxEbRr",노하우/스타일
5qzZXn7nHa4,[인테리어 소품샵 리얼 리뷰 언박싱] 초간단 셀프인테리어 이색 현관 자동센서등 조명 무드등추천/집들이 선물로 최고!,도비마스터,무드등 디자인 예쁘네요~~ 실용적이고 작원가로 사셔서 득템하셨네용 ㅎㅎ 영상 잘보고 갑니당 😍😍 ||| 손글씨 검색하다가 우연히 봤는데 구독했어용 꾸준히 하시면 인기 완전 많아지실 거 같네요 귯 ||| 유용하네요. 잘 봤습니다. 침대맡에 두면 참 편리할듯 ! ||| 하나 구매해야겠네요 ||| 우와 신기해요,노하우/스타일
vVcXQifDjdc,[셀프인테리어]  주방리모델링 2탄. 아일랜드식탁 인테리어 필름 시트지 리폼하기 peel and stick wallpaper / interior choijubu,인테리어최주부 interiorchoijubu,혹시 방충망틀에 양면테이프 붙였다 떼어낸자국  없애기가 쉽지않네요 방법있을까요 ||| 잘 보고있습니다^^ 필름지 구입처 정보좀 알수 있을까요?,노하우/스타일
zKR62A4sjKs,목공t스튜디오 나무와 아저씨 셀프인테리어 특강,나무아줌마,,노하우/스타일
WsbIFRyAyYo,레일조명으로 셀프 인테리어하기!!,람양네 일상,,노하우/스타일
RDokEcpV3xI,셀프인테리어 소품 만들기 DIY_#04  대리석 트레이 만들기 by.하쿠100 / Create marble stone tray By. HACU_Back,HACU Back,,노하우/스타일
KX5xLPIjts0,[제품소개][DIY셀프인테리어]목재의 흠집을 제거하는 가장간단한 방법!,철물점TV,시연 함 보여주시면 더 도움이 될거 같아요~^^ 영상 잘 봤습니다~^^ ||| 감사합니다. ||| 잘 보고 갑니다 ||| 고맙고 감사 ||| 철물점 티비 잘보고있습니다  유익한 영상이 많아서 도움을 많이 받았었고 감사히 생각합니다 그런데 반토막 리뷰영상이 많은거같아서 조금 아쉽네요 실제 사용해보고 결과물이 어떤지를 보여주시면 좋겠는데 그게 아니라 그냥 말로만 하시니까 감을 못잡겠네요,노하우/스타일
w6wrnZ_fCt4,카페를 사진 스튜디오로 혼자 셀프 인테리어(리모델링) 함 :: 헤링본 데코타일 웨인스코팅,안뱅네 사진관 AhnBang Studio,"와우,.,., 힘들다 힘들다 하셔도 결국 엄청이쁘게 완성~~~~ ||| 헐 블로그 댓글달았었는데 헤링본 시공 앞두고 유튜브 뒤지다가 여기서도 뵙네요 ㅎㅎ. ||| 와 대단하세요!!!!!정성이 느껴져요ㅠㅠ!! ||| 장판은 저런 색감이 절대 안나오던데...  진짜 이뿌네요 ||| 대박~~~!!!부업으로 이..인테리어 하셔도 될듯해요!👍",노하우/스타일
tORzw96IWKY,"[Eng] 자연스러운 단발머리 셀프 스타일링 3 ways : 세련, 우아, 페미닌",Hong's MakeuPlay 홍이모,오늘 왠지 막 뉴트로지나~~모델같고🧖‍♀️💆‍♀️😮 피부는 너무 꿀피부고 매번 패션센스와 악세사리 매칭은 두 말하면 잔소리👍🌟🌟 ||| 초반에 효리님 출연 하셨을때 유일하게 메이커업💄이랑 헤어가👩‍🦰💇‍♀️ 다 되시는 분이시라더니 역시 멀티플레이어시네용😁 2:32 사랑스러우세용👩‍🦰 18:02 😆😆😆😆 18:34 홍이모님 안사랑 할 수가 없네용❣❣❣ ||| 자연스러운게 제일 힘드네요😅 이모 셔츠랑 악세사리 찰떡 이뿌시다💍📿👖🧣 ||| 홍언니 영상 올라온 줄 몰랐어요 ㅠㅠㅠㅠ솔직히 유투브 키는 이유 중 하나가 홍언니 영상 보려고 켜요 ㅠㅠ 오늘 오프닝도 되게 감각적이에요 그런데 오프닝보다 더 감각적인 것은 홍언니 머리..♥️ 모든 스타일링 다 멋져요 ||| 드라이부터 다시 배우네요 몇년간 똑같은 단발이라 변화주고 싶었는데 팁들이 신선해요 도움 많이 될 것 같아요 ㅠ!,노하우/스타일
C-ene4DEZtQ,VIP들만 아는 레전드 영어 공부법을 공개합니다,알간지Alganzi,"영어공부법 2탄에서는!  영어 간지나게 하는 꿀팁 + 제가 공부할 때 썼던 책 + 추천하는 책을 소개해드리겠습니다! 열공! ||| 미국와서 일한지 2년 좀 안 됐는데......   진짜 연기하는 척.....-> 내 상황에 적용해보는 것 -> (저는 이걸 누구한테 말하는지 상상해서, 1. 안 친한 동료한테 polite하게 얘기하는 거. 2. 친한 동료한테 편하게 던지듯이 얘기하는 거) 이런 식으로 생각해서 진짜 많이 늘었어요-. ㅠㅠ 진짜 연기하는 척을 해봐야, 상황에 맞는 톤이나 내 발음이 어디서 꼬이는지? 내가 얼마나 못하는지 알 수 있는것 같아요.   완전 공감합니다. 영상 잘 보고 있어요, 알간지님! ||| 언니 부탁인데... 진짜 책 한권 내주시면 안되요..? 그럼 저 당장 서점 갑니다... 제발료오ㅜㅠ 알간지의 간지나는 영어 어때요?? 겁나 쩔것 같은데ㅜㅠ ||| 나만의 멘토가 되어줘요 알간지,,,,,,,,,,,,! 내거야 당신!!!!!!!!!!!! 오늘부터 똥싸면서 옆에 휴지없는거 보면서 "" 아 왜 또 휴지없어 또 새거 안껴놨네 바보같은 나,,,,"" 영작한다. ||| 2:00 ㅋㅋ너무 멀어진 당신",노하우/스타일
6PBuPR-yRZs,초시계 공부법?? 스타특강쇼 47화,tvN Joy,,노하우/스타일
dS0541GGkfs,#꾸안꾸 #스타일링 여름코디 고민해결!,폴햄,꾸안꾸가 아니라 걍 안꾸밈,노하우/스타일
k9PfUTR2Mdg,[PLAY YOUR HAIR] 가르마 스타일링 9:1편 l Chic Styling,미쟝센(mise en scene),she’s the girl from love me actually 😍,노하우/스타일
J9Ha6XAtt6g,[올어바웃스타일] 한번에 쉽게 끝내는 하객룩 셀프 스타일링! (feat. 한끝원피스),올리비아로렌 Olivia Lauren,,노하우/스타일
sA05tmtfDhI,[옐로웨이브] 가발 스타일링 스케치영상 Wigs styling sketch movie,무지개요정우리,잘보고 갑니다~! ||| 벌써 끝났당...큐ㅠㅠㅠ,노하우/스타일
kuNzX-3RuW8,적게 공부하고 빨리 합격하는 방법 -  직장인 공부법,지식 마인드 ,"적게 공부 하고 빨리 합격^^  귀가 솔깃해지는 제목입니다. 직장인이라는 특징을 잘 살려서..현명하게 공부하자. 저는 직장인은 아니지만..주부와 유튜버로...요즘 거의 직장인입니다.^^ 시간 관리와 효율성..저에게도 잘 적용되는 내용들..잘 정리해주셔서 감사합니다.^^ 4 ||| 행시합격 자체가..이미 ㅋㅋㅋ평범한  수준은 아니네욤.......ㅠ ||| 바보같은 질문일수있지만 꼭 답변해주시길 바라며 남겨봅니다...  알려주신 5가지 방법 중 제일 궁금한 것이 1. 기본강의만 2번 듣는것 : 근데 보통 온라인강의는 과목별로 8강좌에서 많게는 15강좌인것도 많은데요 그럼 여기서 2번 들으라는게 오늘 듣게될 강의를 두번씩 들으라는 것인지 8강의로 구성된 것을 2번, 즉 2회독 하라는 것인지 궁금합니다.. ||| 공인중계사아니고 공인중개사입니다",노하우/스타일
wi4AMe2fEbc,바캉스룩 스타일링! 이렇게 준비하면 인싸지!,스타일인싸TV styleinssaTV,남자편은 없나요? ||| 남자편은 없나요?ㅠㅠ,노하우/스타일
cSwbfUzwm5w,1 Week Fashion Trend Styling / 남자 일주일 패션 코디 스타일링,MOMA Kang,수고많았어용 우리 멋진 모델 모마 ^^  재미있어요 ^^ ||| All outfit suit u so much 😍😍😍 ||| It late here at malaysia but I still watch your video 😅 wowww fashion model moma 😍 your sharing it awesome thanks I love the clothes you share too 💪 stay happy and healthy moma take care yo 😎 knowing Seoul it cold there ❄️🥶 but here is so 🔥😆.. ||| You do know fashion😍👌🏻😍👌🏻 ||| So professional video :)  also so helpful!,노하우/스타일
dlSppECTu2s,강남 피부과원장이 알려주는 공부법 4가지,피부심 심현철,"1.빨리 여러번 2.목차 외우기 3.단권화 4.충분한 수면 ||| 한참도 더 된 과거,제가 했던  공부방법과 일치하는 점이 많았습니다.공부는 별로 안해도 성적이 잘 나오는 편이어서 운이 좋았나했는데..우리 아이에게 이 방법을 더  확신시켜 주어야겠습니다.감사합니다~^^ ||| 마자요 빨리 여러번!! ||| 맞아요 ㅠㅠ공부잘할려면 시간활용 엄청나게잘해야되고 어떻게 접근하냐도 중요합니다 ||| 문득 수학공부할때 집합을 제일 열심히봤던 지난날이 떠오르네요ㅎㅎㅎ 이런 번외편 너무 재밌어요 제 아이한테도 보여줘야겠네요^^ 다음 번외도 기대됩니다ㅎㅎ",노하우/스타일
fPeblkOq_yo,SQ3R 최고의 공부법 - SQRRR,Mindman TV,최고의 공부법! 참고가 되었습니다. 감사합니다.,노하우/스타일
b6YIzCr5H9Q,어려운 과목 포기하지말자. 스키마 공부법을 배우자. 모르면 그물없이 고기잡는 사람이 된다.,지혜샘,"목소리가 좋으셔서 수업하실 때 아이들이 좋아하겠어요!!! 그리고 스키마 공부법 아주 효과적일 것 같아요!!! 앞으로 자주 올게요! ||| 감사합니다 진심으로요 ||| 멀리서도 목소리 들을 수 있어서 반가워요. 얼굴 보면서 다시 얘기할 기회가 빨리 왔으면 좋겠네요^^ ||| 저렇게 읽는게 독해력,사고력 올리는데도 도움이 많이 되더라구요!! 🤗🤗 ||| 안녕하세요. 가수금성입니다.  구독279  좋아요16  누르고 이웃하고 갑니다. 서로 이웃하고 소통하고 지내요 ^^",노하우/스타일
DTpaktt-C9Y,대학생 새내기들 대학공부법 Q&A왔어!-대학생활 만렙언니들의 현실조언ㅣ골방토크,고고채널,"개강 첫주부터 강의계획서보고 과제 미리 7과목 다 했구요 수정만 하면 제출 가능할정도로요 강의도 녹음한거 매일 다시듣고 필기다시정리하고 자기전에 다시보고 수업전에 교재 미리 읽어서 예습하는데 꼭 수석하고싶어요ㅠ 언니들 조언 항상 감사드리구요 도움많이 되고있어요❤❤❤ ||| 정주행중인데 가끔 학교 물어보고 조언 못하게 뉘앙스 풍기는 의도적 댓글은 차단하세요, 답글 달아도 의도적으로 비꼬고 악플달거같아 제가 불안하네요.ㅜㅜ 가끔영상보면서 댓글보는데 간혹 저렇게 초치거나 눈치없이 행동하는 사람들이 꼭 있네요. 엄청 도움되거든요ㅜㅜ 마음의 상처받으실까봐 댓글 남겨요ㅋㄱㅋㄱㄱ 댓글 잘 안적는데😂 이게 팬심인가보네요. ||| 자연대생이지만 재밌게 보고있어요ㅎㅎ 꼭 전공이아니더라도 영상에서의 필기법이나 공부법 아니면 끼부림같은 소소(?)한 컨텐츠 등등 알아가는것도 있고 유익한거같아요 그리고 시청자 배려하는 모습도 무지 이쁘고 분명 더욱 큰 유튜버가 되시리라 생각합니다! ㅎㅎ 아 아르바이트 세분다 하시면서 공부하셧는지 궁금해요 저도 주말에 강남의 한 샌드위치 가게에서 일하면서 공부하는데 공부와 일 모두를 한꺼번에 잘하는사람들은 대단한거같아요 세go둥이분들도 혹시나  그런 경험들이 있으시면 영상으로 올려도 좋을거같아요! ||| 전 개인적으로 진짜 노트북으로 교수님의 모든 말을 타이핑하는 것보다 수기로 쓰는게 훠얼씬 기억에 잘 남더라구요! 수업은 정말 열심히 들었는데 녹음은 항상 하고 듣지를 안하서 이번 시험기간에 고생을 좀 할 것 같아요ㅎㅎ 진짜 대학생활에 필요한 팁들 알려주셔서 너무 감사해요♡♡♡ ||| 핵꿀이네요오😆😆😆",노하우/스타일
tuwpiih-I0o,[Dufty_vlog] No.21 플래그십 스토어 스타일링 이벤트 다녀온 날 / 청담동 무니에서 저녁식사 / 엄마랑 데이트 브이로그,Dufty_더프티,음악 너무 좋네용.. 업로드 속도 너무 장난없는데..?,노하우/스타일
dSH0MGNucbM,누구나 쉽게 할 수 있는 10시간 공부법 | 수험생 실전 시간표,아는 변호사 ,10시간이 포인트가 아닙니다 그걸 최소1년이상 꾸준히 한다는거죠 꾸준히가 힘든겁니다 해본사람만이 알수있죠 감기걸려 병원걸어가는 시간도 아까운 기분을 느껴봐야합니다 ||| 아침공부3시간 오후4시간반 저녁3시간 총 10시간반정도네요. 거기에 주말 명절은 거의 다 쉬어주시고.. 일과만 보면 누구나 다 할 수있는 평범한 공부량인데 결코 누구나 다 그걸 3년동안 지키긴 어렵죠. 선택과 집중을 잘 하신거같아요 부럽습니다 ||| 누군가에게 자신의 공부법을 말하는 것 자체가 자신에 대한 프라이드 인 것 같습니다. 항상 이야기 하실때마다 겸손하시지만 그 중에 멋이 있습니다. 감사합니다. ||| 여러분 장기시험은 정말 이렇게 준비해야 합니다... 주말없이 매일 5시반부터 12시까지 공부해봤는데 성적은 정말 미친듯이 올랐지만 2달을 못넘기고 번아웃왔어요. 그 뒤로 3개월은 아예 허공에 날렸고요 마지막 1달동안 바닥까지 에너지 긁어모아서 겨우 시험 끝마쳤네요. 목표는 어떻게든 달성했지만 그때 망가진 몸때문에 아직도 고생중입니다 너무 조급해하지 마시고 지속 가능한 만큼만 하세요 ||| 쉬는걸 말해줘서 고마워요 보통 공부수기보면 나는 밥먹는 시간 주말도 버리고 공부했다고 해서 사람 다 망쳐놓거든요 요즘은 여러가지 정보릉 접하다보니 이런데 사실이 아니라는걸 아네여,노하우/스타일
h1kEU9b2F9A,전역 3일 남은 군인 ! 민간인 만들기 !! 짧은머리 스타일링,명훈쌤,역시 핸드드라이는 주먹쥐고 문질러주기가 효과적이군요! :) 유익한 영상이였습니다 ||| 너무 예뻐요.. 크으으👏🏻 ||| 우와 정말 군인안같아요 훈쌤👍🏻 ||| 이 스타일을 하려면 머리카락 길이가 몇샌치 정도 되야 하나요? ||| 쌤 신대방 A MUI가 상호 맞으신가요?? 찾아가고 싶은데 정보가 음써요ㅜ,노하우/스타일
wSdPx8hGItE,원내대표만 알아도 정치 뉴스 해석 가능 l 씨리얼 정치수업,씨리얼,"씨리얼은 정말 복잡한 개념을 쉽게 설명하는 재주가 엄청난 것 같아요..시각화 능력이 정말 뛰어나네요  선거제도 설명때도 그 능력을 여실히 느꼈지만 원내대표 설명을 저렇게 간단하게 ㅋㅋㅋㅋ 정말 대단해 ||| 오... 이해되고 있다니 신기하군... ||| 감사합니다 대표: 정당의 리더, 전국 모든 당원들 대표, 국회의원 아니어도 당대표 될 수 있음 원내대표: 국회 안에서 당을 대변하는 리더, 당내 2인자  당대표: 정당 안팎 넘나들며 당의 큰 방향성 이끌고 간다 원내당대표: 정당이 추구하는 정책을 실현하기 위해  다른 정당과 끝없이 조율하는 프로협상러 ||| 씨리얼 덕분에 정치공부하고잇습니다👏👏👏 ||| 저번 패스트 트랙때 너무 간단명료했는데 이번 영상도 너무 너무 쉽게 이해되네요~ 젊은층에서 시사경제를 이해하는데 큰 도움이 될거 같아요 ~ 좋은 영상 감사드려요~",정치
tpwP0BhITH4,[#해시태그 #정치사전_대의민주주의편],NATV 국회방송,법학과가 나라망침 ||| M,정치
1WxnkvGwC_A,"[비하인드 뉴스] 우리들의 일그러진 목사님 / 소설가, 정치를 만나다",JTBC News,"첫 번째 키워드 ☞ 우리들의 일그러진 목사님 0:13 두 번째 키워드 ☞ 소설가, 정치를 만나다 4:34 ||| 정신건강이    심각하군요  저 목사는... ||| 정신이 옳바른지  의심이  가네.  병원가야겠네.  저런게 목사라고. 한심하다. 예수님을  믿긴믿는건가? 정치에  관여하는게  종교니? ||| 개인의 독단적인 모습 정말  답답합니다 ||| 60 이상 할망구들 일선에 세운다는데 환호하는 미물들은 뭐야.",정치
3po5HbNWuuA,[이춘근의 국제정치 104회] ① Groupthink(집단사고)에 빠진 대한민국; 진실은 어디에 있는가?!,이춘근TV,평생 처음으로 후원금을 보냈습니다. 정치에는 별 관심이 없다가 언제부터인가 국운이 기울어 간다는 불안감이 오기 시작했습니다. 다행히 이춘근TV를 보면서 가야 할 길이 무엇인지 헤아릴 수 있는 혜안을 갖게 되어 감사합니다. 훗날 자유 민주주의 대한민국을 되찾아 품에 안겼을 때 과연 나라가 위험에 처했을 때 나는 무엇을 하였는지 자문할 것입니다. 후원금이 스스로에게 위안이 되는 작은 징표가 되길 바라는 마음입니다. ||| 박사님 어지러운 시대에 마음의 중심을 잡아 주시는 강의를 듣고 많이 뿌듯하고 감사드립니다 ||| 더운여름 건강챙기세요. 항상 감사드립니다. ~^^ ||| 현재의 상황을 정확히 표현해 주셔서 감사합니다~,정치
6VvZ3OeSNAo,"""스포츠 위에 정치가 있다"" [오현주 앵커가 고른 한마디]",뉴스TVCHOSUN,인질로 북에 안남은게 다행... ||| 걍 나라를 통채로 정은이게 바치지 그러냐 에이짜증나 ||| 대한민국을 모욕하는 스포츠였고 대한민국을 모욕하는 정치였다 ||| 오현주 아나운서  앞으로 더 흥하시길 빕니다.  저의 짧은 소견으로 현재 많은 앵커 중에 거의 탑이 아닐까 하는데요! ||| 북한을 좋아하는 김현철은  북한에 가서 사는 것이참 공정한 일이다.,정치
YMuiz5PN6fA,[정치TMI] 민주당이 강남구를?! | 말버스🚌,JTBC News,재밋네요 ||| 이은재가 스타래 ㅋㅋㅋㅋ  욕인지 칭찬인지??   아무래도 칭찬이겠죠? ㅋㅋㅋㅋ ||| 강남이 짱이다 ||| 정보도 없고 의식도 없고 재미도 없고 ||| 부동산 가격보면  결국엔 자한당을 버린 강남의 선택이 맞은거네. 역시 돈많은 사람들이 보는 눈이 있어.,정치
kv3YD0-s_cE,[#해시태그 #정치사전_국정감사편],NATV 국회방송,,정치
LJrRToOwD7I,정치 때문에 멀어진 인연을 걱정하는 당신에게,호밀밭의 우원재,종교보다 더 무서운것이 사상이다 사상은 가족에게도 총을 겨누더라 ||| 그 인연은 딱 거기까지 깊이의 인연입니다. 이거 딱 와닿습니다. ||| 멀어진다면 멀어지게 냅두세요. 그게 정답이네요. ||| 자유민주주의를 지키기 위해서 내가 사랑하는 사람에게 계몽시키기 쉽지 않습니다.. ||| 상사가 매일 김어준라디오 나꼼수? 이런거 틀어놔서 너무 괴롭습니다... 우밍아웃할 용기는 안생기네요 ... ㅜ ㅜ,정치
Kwj2YadAuAw,(핀란드 근황)  85년생 국딩한테 정치 가르쳤더니 그 애가 커서 된 게...  / 비디오머그,비디오머그 - VIDEOMUG,"핀란드에서 1년 넘게 살고있는데,,참 아이러니한 나라다,,아기 유모차 끌고 대학교 수업에 들어와도 아무도 머라고 안하고 눈치도 안준다..저 총리가 선출되기전에 전총리가 사퇴한 이유 중에 하나가 핀란드 국영 우체국 파업 협상 지연되서 스스로 사퇴함,,잘못됨을 인정하고 부끄러워 할 줄 아는 나라인듯 ||| 우리나라 개판인이유 1.수직상하관계 2.어린사람은 정치못한다는 암묵적 통념 ||| 원래 청년세대가 더 적극적으로 참여하는 거가 맞내요 지금이 오히려 이상한거죠 너무 고령화 됨 멀리 북유럽까지 안가도 지금 정치판 86세대들도 20대때 학생운동 데모 무진작했는데 오히려 민주주의시대에서  더 확대되지는 못하고 줄어들었다는게 특이하네요 ||| 핀란드는 공부도 1위 행복 지수도 1위라는데... 될나라는 되는구나.. 부럽습니다.",정치
7ZFFnotflmI,[추석특집]대한민국 주먹 이야기 - 이정재 정치시대의 흐름을따라 변화하는 주먹들,사건의뢰,"비타샵 그린스무디 다이어트 1522-6648 http://www.vitashop.co.kr/ ||| 김복준 선생님 덩치는 산 만한데 다른 영상들에서 속은 여리셔가지고 눈물 글썽이시는거 보면 진짜 ㅜㅜ너무 매력 넘치는거 아닌가요? 사랑스러워요😆😆 강자한테 강하고 약자에게 약한사람이 딱 여기 계시네요. ||| 감사합니다 ||| 항상 느끼는거지만 이렇게 멋있고 센스 넘치는 분들이 하시는 방송을 집에서 편하게 보고만 있어도 되나 하는 생각이들어요. ㅋ 이번 주제도 전문적이면서 내용이 정말 알찼구요 덕분에  명절에도 즐겁게 시청하게 되었어요. 항상 감사드려요. 교수님, 윤희님 , 피디님 명절 즐겁게 보내시고 다음 방송에서 뵈요! ||| 김복준교수님은 아시는것도 많으시고 강력반 형사로도 오랜생활 하셨는데도 교만하시지도 않으시고 경우도  바르시고 정직하시고 약자의 마음을 잘알아주시는  김복준교수님  정말로 존경합니다  김복준교수님 항상건강하시고 오래오래  사건의뢰  진행하시길 바랍니다 ~~",정치
woUGszdlc8o,"한중 사드 갈등 이후 첫 중국 외교부장 방한...왕이 ""많은 부분에서 인식 공유"" / KBS뉴스(News)",KBS News,일단은 잘 달래면서 단물 빨아야지 하지만 최대한 빨리 경제 의존도 줄여야한다,정치
AcBtWI_MnbM,"정부발표보다 빠른 조국 SNS…""오만한 페북 정치"" (2019.07.15/뉴스데스크/MBC)",MBCNEWS,"트집잡을게 없으니까, 즉시공개내용 올렸다는데도 이해를 못하나, MBC랑 바미당은 뭐에요? 이게 논란이라구요? ||| 항상ㆍ감정적으로 어린이 처럼  대응하지 말고 합리적이고 민정수석 답게ㆍ행동하고ㆍ생각좀 하세요 이젠 교수가 아니라ㆍ공직을 수행하는 민정수석 입니다ㆍ 당신을 보고ㆍ말하는걸보면ㆍ삐친 어린이 같습니다!!! ||| 관종이구만 관정 ||| 논란이 계속되긴 뭘계속돼?논란은 늘 야당의 트집이 만들지 ||| 저인간은  할줄이는게 sns  선동질",정치
aRACVsUEGcc,[백운기의 뉴스와이드] 낭만 정치가 '정두언' 정치인생 마감…그가 남긴 교훈은?,MBN News,아직도비밀스런찜찜한죽음들에의문이더해지네요삼가고인의명복을빕니다. ||| 아까운분이 빨리 가네요.고인에 명복을 빕니다. ||| 너무 마음이 아프네요 ||| ㅠㅠ   정말 안타까운 마음입니다 이틀전  TV에서 판도라 방송하신 모습이 생생합니다 요즘 방송에서만 자주뵈었지요 정두언 전 국회의원님 용감하고 소신있는 정치인 이십니다. 그동안 많이 힘드셨는데 편안히 영면 하십시요. ||| 정두언의원님 고인의명복을 빔니다 저세상에서는 부디편히 쉬세요,정치
3KLDzcfO9AM,여의도판 춘추전국시대? 이색 정당 봇물 / KBS뉴스(News),KBS News,이번엔 국가혁명당  15% 국회입성  ㅎㅎㅎ날라가는놈 위에 올라타는놈  올라타는 놈위에  다리잡고 늘어지는놈 ||| 돈을 풀어야 경제가 살지 ||| 허경영이 최고네~~ ||| 다들 힘모아서 돈 좀 받아봅시다ᆢ 1번2번 찍어봐야 개돼지 인증하는 꼴ᆢ ||| 허경영 차기 대통령 되실분이다,정치
kcaVA_yNisg,'한국·아세안 외교 30년' 2019 한-아세안특별정상회의 의미는?,KTV 국민방송,신남방정책 지지합니다  부산 아세안 회의의 성공적 개최를 기원합니다 ||| 든든한 문재인정부.... 끝까지 지지할께요^^ 코리아 티비도 홧팅!!!! ||| 김정은 위원장 답방환영합니다 ||| 6억5천이면 엄청나네요 일본 중국 미국에서 벗어나 아세안에서 선점교역이 중요한거 같습니다 대통령님 고생 많으십니다 감사합니다 ||| 문재인대통령님 응원합니다,정치
HatQajDmv88,신남방·신북방정책과 문재인 정부의 외교전략 정책포럼 2부,KTV 국민방송,문정부 응원합니다~~,정치
mHyO58AS9Wc,[VOA 뉴스] 전통적 외교로…남북경협 시기상조,VOA 한국어,좋은 뉴스입니다 ||| 이번 미북 만남에서 트럼프 대통령이 취한 훌륭한 행동은 아무리 칭찬해도 모자랄 듯 합니다 이제 분명한 입장을 전달했으니 남은 것은 제재 강화만이 있겠습니다 No deal is better than bad deal ~ 외교 교과서에라도 실어야 할 문구 같습니다  제재에 미온적이거나 엇박자를 보이는 종자나 국가에 대해서도 또 다른 강력한 제재가 필요하다는 생각입니다 말로만 경고해서는 이런 부류들은 애당초 들어 먹지를 않습니다  ᆢ뒤지게 맞기 전 까지는! ||| 뭉가 좀 미국에서 대려가주세요. ||| 이미 협상은 끝난것이요 이제 결단만 남았다고 봅니다 ||| 친미반중. 트럼프대통령화이팅!,정치
c2JsSMvdY4I,신남방·신북방정책과 문재인 정부의 외교전략 정책포럼 1부,KTV 국민방송,"우리나라의 대외 경제 및 무역이 G2국에 너무 편중되어 있다. 신남방 정책은 향후 대한민국의 뉴경제 비전이 될 것이다. ||| 정부에서는 아세안과 신남방 정책에 대한 다큐 제작좀 하시죠. 바큰혜때는 중국이랑 kbs랑 합작 투자로 정말 볼만한 경제다큐도 많이 제작했는데 잘 만들어서 지금도 되보곤 합니다.  다큐시리즈 중국속으로,  골든아시아. 이런 다큐좀 만들죠. 이거 뭐 회담 하는거만 날마다 틀어서 동기부여가 되겠습니까 ||| 문정부를 항상 응원합니다 ||| 한마디로  한심하도다~~~ ||| 진짜 무슨 공산국가만 다니냐 ㅋㅋㅋㅋㅋㅋㅋㅋ",정치
1WV4FVwpPsU,"방한 중국 왕이 외교부장, 미국 강도 높게 비판...한중 협력 강조 / KBS뉴스(News)",KBS News,"한국을 쫄다구로 아는구나 ||| 국제관계는 상호 존중이 있어야하는데, 종공이 하는 꼬라지에도... 지핑이 방한에 허천나게 껄떡거리네! ||| 온갖 수단방법을 가리지않는 서해 동해에 고기 씨를 말리는 해적이 있다 왕위선생 쭝국인들 세계 휩쓸고 다니며 해적질하는 그대 쭝국인들은 왜 처형 안하나? ||| 내로남불이네 ||| 왕이부장이 뭘 좀 안다. 문재인 정부 중국, 러시아와 단결하라. 힘을 합쳐서 조국을 수호하라.",정치
WkQWxysknEY,북미 ‘친서 외교’ 재가동 북미대화·한반도 정세 영향은?,KTV 국민방송,"대한민국 홧팅 👍👍🙏멀리서 손꼽아 기원합니다  세계에서 일등이 될 지어다👏👏👏👏🙏🍒 ||| 삼자회담은 꼭 이루어져야합니다. 우리는 분단의 당사자이며,한반도 평화의 길에 각국의 관심과 노력에는 깊이 감사해야할 부분이지많 중재와 협상 테이블에는 어떠한 국가도 참여하게해선 안됩니다. 특히 중국,일본,러시아는 더더욱 그렇습니다. 휴전협정에 관련해선 중국이 한차례 테이블에 나서겠지많  그것 외에는 우리 대한민국이 새로운길에 안내자 역할을 하여야합니다. ||| 좋은 결과를 맺으면 좋겠습니다~~ 잘되면 진짜 좋겠어요 ㅋㅋ ||| 3자 회담 (남북미) 또는 남북 회담이 이뤄지면 좋겠지만 지금 입장이 베트남 이후  최악의 상황이 아니고 충분히 대화 모멘텀 이뤄지는 상황이네요 !! 상황이 정말 최악이거나 비관적이면 상황 호전을 위한 남북정상회담이 필수요소지만 지금 상황에서 필수요소라곤 보이지 않아요 외부적으로 보여지는 것과는 달리 남,북,미 서로 조율되어 가는 과정이라 봅니다!! 가즈아 !! 평화로 !! ||| 정세현 장관님께서 오늘 뉴스공장에서 남북미  3자회담 예상하시던데 기대와 걱정이 교차되네요",정치
tid3P2qBsvM,고등학생이 국회에는 무슨 일로?! - '정은혜 의원' 편 [두유노 정치 Do You Know 정치 Ep.01],알리미 황희두,황희두 잘하고 있다! 어제 유시민이사장님 말씀처럼 흠으로 되는 일에 엮여서 불상사를 당하는 일 없이 오래도록 바른 소리를 내길 응원합니다. ||| 울 희두군 열일하느라 볼살 빠졌네ㅜ 잘먹고 잘챙겨 입고 다니시고 잠도 많이ᆢ 충전 잘하세요 응원합니다!! ||| 미래가  든든하구  멋지네요  응원합니다 ||| 앞으로 우리나라 짊어질 청소년들 예쁘고 토론도 똑하게 잘하네요. 모두 응원합니다! ||| 희두님 항상 응 원합니다~화이팅~^^,정치
5NR0qckPk1E,[이춘근의 국제정치 75회] ② 방위비 분담금과 주한미군의 가치,이춘근TV,"우리나라에 이춘근박사님이 계시다는 것은 자랑입니다. ||| 무조건 줘야지 맞는겁니다. 우리의 안전과 번영을 위해 애쓰는 미국 장병에게 존경과 감사를 표합니다. thanks for your service. 70년 동안 이 나라를 위해서 지켜 주셔서 감사합니다. 그리고 앞으로도 같이 갑시다. we go together. 일부 이상한 미군철수를 외치는 자들이 있지만 그들은 드뭅니다. 대다수의 한국 국민들이 일상의 공기처럼 당신들을 잊고 있지만 무의식적으로 소중한 것을 숨쉬면서 느끼고 있습니다. 한국인들은 미군에게 감사합니다. 그리고 지금도 추운 날씨에 총과 두꺼운 파카를 입고도 추위에 나라를 지키는 국군장병들에게도 존경과 감사함을 표합니다. 군인은 억지로 갔어도 그 자체로 위대한 군인입니다.   우리 모두 군인처럼 각자의 할 일을 하면서 나라를 지킵시다.  항상 좋은 말씀 감사합니다 박사님. 항상 건강과 풍요가 함께 깃 드시길 빕니다. ||| 정말 이런 강의는 어디에서도 들을 수 없습니다  언제나 기다려지는 금요일 입니다 그리고 항상 다른 곳에서 하시는 박사님 강의도 찾아 보고 있습니다  감사합니다!!! ||| 불과 몇십년 뿐인 우리 대한민국 국민들의 정치수준을 바탕으로한 국제관계의 이해력,,,,, 힘드시겠지만 이춘근 박사님 같은 분들의 꾸준한 계몽이 절실 합니다,  후세들을 생각 하여 더욱 매진하시길 염치불구하고 부탁드립니다.   MAKE KOREA GREAT AGAIN ||| 언제나 좋은 강연 감사합니다.",정치
-8WGkxsWFTw,[VOA 뉴스] “북한의 외교 공관 불법 임대 근절 중”,VOA 한국어,압박과 제재만이 답입니다. ||| 북한소멸 ||| 돈벌이  수단   공관   임대업    북괴가   자행 하고  있습니다  !,정치
SSX25QXGbnc,"독일 청소년들, 환경·정치에 대한 관심 증가 / KBS뉴스(News)",KBS News,,정치
Ubmc-3c3cXM,[3분뉴스] '이것은 코미디인가 정치인가' 요즘 국회 근황 / YTN, YTN,와 얼척 상실 장난까냐? 국회가 그러냐? 국민이 호구로 보이냐??어디서 국회 전체가 다같이 지럴 하는지 애매모호하게 말하고 있어 누가 동물인데 존나 얼척없네 진짜 ||| 야근까지 했는데 무엇이 문제인지..어느당이 문제인지 파악이 안됩니까? ||| 이 보도을  하는  기자 니들이 코메디다 ||| 여야 국회의원 모두 사퇴 하라 정치 수준이 세계최하위 이다 ||| 사람이 말을했으면 들어야 되는데 듣지도 못하는건가? 어떻게 사람말을 못듣는거지?? 그럼 사람이 아니란소린가?,정치
msAor3YWJ_g,[더뉴스-청년정치] 청년이 본 정치...'정치 인재'의 조건 / YTN, YTN,,정치
biYT9_23dnQ,[더뉴스-더정치] 정치 실종에 두 쪽 난 광장...국회 개혁은? / YTN, YTN,하..고구마 먹은것 같아욤ㅠ 🍠🍠🍠🍠🍠🍠 ||| 조국을 내려  놓지  못하는  이유가  무엇일까 ||| 1 대 1로 비교할 사안은 아니죠. 여론조사에서도 민주당 쪽이 앞서는 데 말이죠.,정치
cC874TuPT0w,한국당 나경원 교섭단체 연설 “증오 정치…의회민주주의 무너져” / KBS뉴스(News),KBS News,"니들이 더 증오스럽고 역겨워 ||| 그냥 짖어댈 뿐. ||| 난 아베창 나경윈이 제일 증오스럽다. ||| 댓글 안달려고다짐했는데... 누가 증오정치하는지 민주주의악용하는지 잘한번생각해봐라 기가찬다 저런것들이 정치한다고 ||| 나베씨, 댁들처럼 나대고 막말한다고 주인공 되는 것이 아니다. 큰일을 위해서는 경거망동하지 말고 뒤로 물러나 있어야 할때도 있다. 댁들이 잘못 배운거다.",정치
W2yhG6g5PpY,[뉴스줌인] 정치는 국회에서 국회의원끼리… / KBS뉴스(News),KBS News,ㅋㅋㅋ,정치
aRACVsUEGcc,[백운기의 뉴스와이드] 낭만 정치가 '정두언' 정치인생 마감…그가 남긴 교훈은?,MBN News,아직도비밀스런찜찜한죽음들에의문이더해지네요삼가고인의명복을빕니다. ||| 아까운분이 빨리 가네요.고인에 명복을 빕니다. ||| 너무 마음이 아프네요 ||| ㅠㅠ   정말 안타까운 마음입니다 이틀전  TV에서 판도라 방송하신 모습이 생생합니다 요즘 방송에서만 자주뵈었지요 정두언 전 국회의원님 용감하고 소신있는 정치인 이십니다. 그동안 많이 힘드셨는데 편안히 영면 하십시요. ||| 정두언의원님 고인의명복을 빔니다 저세상에서는 부디편히 쉬세요,정치
Ek0cDXPgFDk,[정치五감] 특감반원 조문 백원우…유가족 오열 外 / 연합뉴스TV (YonhapnewsTV),연합뉴스TV,백원우를 잡아넣어라,정치
SxEUy266X6w,[더뉴스-더정치] 대통령·5당 대표 회동...'동상일몽' 할까? / YTN, YTN,,정치
bg6uszGDZjM,모든 정치 이슈 집어삼킨 '막말'…파장 어디까지 (2019.02.11/뉴스데스크/MBC),MBCNEWS,결국 이거네요  유공자  나라 가 내게 어떡해 대하는지 봐야겠다   그리고 조직이 나에게  어떡해 대하는지 봐야겠다는말  ㅋ 결국 이거네요  그 사람은  공로가 있었어  함 부러 대하지는 못한다고 했었네요  누구신가요  ? 그 큰 사람이 ㅎ ||| 518은 민족민주화대성회 근데유공자?미쳐돌아간다,정치
RVnyawWhQto,[더뉴스-더정치] 패스트트랙 법안 논의...'황교안 단식' 변수될까? / YTN, YTN,"어린애들이 장난감 안사준다고 마트에서 드러눕고 밥안먹는거랑 비슷하네.. ||| 저 범죄집단 수괴는 무시해라 !   법대로 해라 ! ||| 지금 장난하나  황교안 단식과 패스트트랙이  무슨 상관 있다고   단식 운운 하냐고 황교안은   세월호 특위  계엄령 문껀 피해 단식 하고 있는거고 ||| 변수없다 관심도없고 ||| 누가봐도 땡깡으로 밖에 안보이는데, 땡깡이 변수가 될정도면 얼마나 물러터진겁니까",정치
ZfyZYQ9iOpQ,[더뉴스-더정치] '조국 임명' 선택한 文...야권 투쟁 방식은? / YTN, YTN,"노종면앵커의 허를 찌르는 질문, 멋짐!!  가족의 불법 여부가 장관직 사퇴 사유가 된다는 바미당 의원에 대해 장제원 아들의 음주사고 되치기 질문으로 내로남불 커밍아웃 하게 함.ㅋ 믿었던 나연수는 노종면에게 다시 배워라!!!!! ||| YTN이라도 끝까지 나경원 입시부정을 보도해주세요 ||| 멋지다 조국 끝까지 함께할게요~~^^ ||| 도대체 무슨 논리가 왔다갔다냐 ㅋㅋㅋ 기대는 안했지만 ||| 국민을 이기면 안된다..... 옳으신 100번옳으신 말씀입니다.  지금이라도  철회!!!!",정치
JZXqdfZw_sM,[더뉴스-청년정치] 청년이 본 정치...분노 마케팅·선거제 꼼수 / YTN, YTN,,정치
Wmqr-nBp3_0,Adieu 2019년 ‘올해의 정치 뉴스’ - NATV 국회방송 정치토론 왈가왈부 132회,NATV 국회방송,저승사자는 뭐하나 나이쳐 먹고 헛소리하는 노인들 좀 데리고가라  저승으로,정치
QXs6a3FKdik,황교안 '가짜 친박' 논란…박근혜 옥중정치? [뉴스8],MBN News,친박 비박의 문제가 아니고 인간성의 문제다.허리 아파봐라  .욕나온다 ||| 미꾸라지 같은 놈....너도 허리 아파 봐라. 내가 아파본 사람으로써   분노심이 폭발한다 ||| 박대통령사면이나 빨리해요감옥에서자꾸그러지마시고국민들앞에서떳떳하게얘기하세요 ||| 허리아픈 사람을 .... 아퍼본 사람만 안다 ||| 황총리에게 가장 불리한 내용이 친박 프레임이거든요. . 고마운 일이죠,정치
lKLFKi20p9w,[대담] 노골적 정치발언…총선대비 계획까지? (2019.05.21/뉴스외전/MBC),MBCNEWS,"어려운 시기에 목숨걸고 말씀 하시는 목사님들이 계셔서 힘이 납니다  목사님들께 주님의 특별한 사랑과 보호가 함께 하기를 소망합니다 세상이 아닌 주님 한 분을 보고 가시는 목사님들의 담대함에 저 또한 다시 마음을 다잡습니다 ||| 정말 지금 이 시대에 필요한 말씀을 해주시는 목사님과 교회가 있어서 참으로 다행입니다 언론은 정신차려야 겠네요 도대체 어느 나라를 위하는 언론입니까? ||| 목숨걸고 나라의 자유민주주의를 지키기위하여 목소리를 내주시는 목사님들께, 교회에 감사드립니다. 적극 지지하여 목숨걸고 싸울것입니다^^ ||| 와~~이렇게 용기있는 목사님이 계시다니!!! 나라가 망해가는 꼴을 보고 있자니 속이 터졌는데 소망이 보이고 속이 후련합니다. 목사님 화이팅입니다!!! ||| 시국을 제대로 보시고 올바른 말씀만 하시네요.  감사합니다!!!",정치
z-DTHAagJVk,[더뉴스-청년정치] 청년이 본 정치...'靑과 청년' 두 개의 靑心 / YTN, YTN,대통령이 반반 싸움질 시키내 ㅎ,정치
7SgjfYbgD1w,[미리봅시다] 홍준표 전 대표가 인정하는 KBS 아나운서는?? | 정치합시다,KBS 선거방송,"홍준표 대표님 전국에 해피바이러스 전파해주세요. 기대 많이 하고 있습니다. 화이팅!!! ||| 오늘아침에 봤는데 정말 세분이서 유쾌하고 인간미 넘치게 방송하시더라고요. 잘봤습니다 ||| 무대홍 ❤ ❤ ❤ 무조건 대한민국에 대통령은 홍준표님뿐 존경합니다 홍찍고 대한민국은 선진국으로 가자로요 ||| 악마팀장님, 송수진 기자님 화이팅! 저리톡 식구들 응원합니다! ||| 저리톡 스핀오프 ㅋㅋㅋㅋ 악마팀장 화이팅!!!!!",정치
1WxnkvGwC_A,"[비하인드 뉴스] 우리들의 일그러진 목사님 / 소설가, 정치를 만나다",JTBC News,"첫 번째 키워드 ☞ 우리들의 일그러진 목사님 0:13 두 번째 키워드 ☞ 소설가, 정치를 만나다 4:34 ||| 정신건강이    심각하군요  저 목사는... ||| 정신이 옳바른지  의심이  가네.  병원가야겠네.  저런게 목사라고. 한심하다. 예수님을  믿긴믿는건가? 정치에  관여하는게  종교니? ||| 개인의 독단적인 모습 정말  답답합니다 ||| 60 이상 할망구들 일선에 세운다는데 환호하는 미물들은 뭐야.",정치
K8eEhHkQABE,"민주당 vs 한국당, '친일 프레임' 격돌…나경원 ""철없는 정치""[뉴스8]",MBN News,민주당  힘내고 정의당 도 정신 차려라 검찰 벌 비리 쫘는 것도 마땅한 것 같다 그러므로 정의당 도 국민들이 보고 있으니 민주당 하고 합의하여  검찰 법안을  없애는 게 맞는 거 같으며 누구의 눈치도 보지 말고 검찰을 어떻게 안 피할 것이며 잘 처리하며 국민들한테 호평받는다 민주당 화이팅 ||| 나경원  저여자  때문에 나라가  이지경입니다,정치
XbLrEwOYHYk,'군 정치개입 양심선언' 장교들 국가 상대 소송 / 연합뉴스TV (YonhapnewsTV),연합뉴스TV,,정치
ILn9E7pWS_c,[더뉴스-청년정치] 청년이 본 정치...'靑과 청년' 두 개의 靑心 / YTN, YTN,아가씨 말잘한다 ||| 경제나발대지마라 원외들어오기 싫음 들어오지마 받아주는거 국민이 원하지않아 니들입장에서 말하지마 상대방입장에서 생각해 국회들어오는거 니들알아서 명분만들어 들어와 ||| 어디한버보자 어떤징계가나오나 지켜볼거다 ||| 녹색당 진짜말잘한다,정치
wSdPx8hGItE,원내대표만 알아도 정치 뉴스 해석 가능 l 씨리얼 정치수업,씨리얼,"씨리얼은 정말 복잡한 개념을 쉽게 설명하는 재주가 엄청난 것 같아요..시각화 능력이 정말 뛰어나네요  선거제도 설명때도 그 능력을 여실히 느꼈지만 원내대표 설명을 저렇게 간단하게 ㅋㅋㅋㅋ 정말 대단해 ||| 오... 이해되고 있다니 신기하군... ||| 감사합니다 대표: 정당의 리더, 전국 모든 당원들 대표, 국회의원 아니어도 당대표 될 수 있음 원내대표: 국회 안에서 당을 대변하는 리더, 당내 2인자  당대표: 정당 안팎 넘나들며 당의 큰 방향성 이끌고 간다 원내당대표: 정당이 추구하는 정책을 실현하기 위해  다른 정당과 끝없이 조율하는 프로협상러 ||| 씨리얼 덕분에 정치공부하고잇습니다👏👏👏 ||| 저번 패스트 트랙때 너무 간단명료했는데 이번 영상도 너무 너무 쉽게 이해되네요~ 젊은층에서 시사경제를 이해하는데 큰 도움이 될거 같아요 ~ 좋은 영상 감사드려요~",정치
vAOC6oG_zVg,"[뉴스투데이](이슈인-정치*행정)  ""반쪽 국회"" 비판..왜?",광주MBC뉴스,,정치
ZTOLxktlTv4,"[더뉴스-훈수정치] ""적격"" vs ""사퇴""...무게중심 어디로? / YTN", YTN,애이고이색기야,정치
srcho724pN8,페루도 한나라 두 대통령 사태…정치 혼란 극심 / KBS뉴스(News),KBS News,Soy de PERÚ no pensaba que iba a salir en las noticias de corea del sur ||| 오늘 그들이 페루 대통령을 해임하고 메리노 씨가 또 하나의 정확한 대통령을 취임하는 것을 보니 매우 슬픕니다. 저는 제 미래가 걱정됩니다. ||| Una peruana aquí,정치
IfjyriudeeY,여야 정치협상회의 일정 이견…'반쪽 출발' 우려 / 연합뉴스TV (YonhapnewsTV),연합뉴스TV,,정치
-P9XhkXSsKs,"문희상 국회의장 ""새해엔 정치 바로 서야…백척간두 각오"" / 연합뉴스 (Yonhapnews)",연합뉴스 Yonhapnews,나라 팔아 아들 국호의원 만들기  예이~~ ||| 특히 개국이래 처음으로 탈북자를 국민몰래 북송시켜 죽게만든 정권의 잔인함과 위험성을 모른체하고  제도적으로 방어되는 한국 민주주의를 중립에  서야할 국회의장이 중립을 벗어나 위헌으로 보이는 법을  통과시켜버린 무도함에 경악을 금치 못합니다 오히려 경복고 동문들의 파문은 가장 온정적 비난일 것이며 두고두고 역사에 만시지탄으로 남으실 겁니다 ||| 새해 첫날 뒷골쥐게하시니 단체 고혈압환자 만드심을 축하드립니다 ||| 새해금복주보니밥맛이딱떠러지내 ㅡ나라망친인간들 ||| 문희상 씨 본인부터 잘하세여,정치
LvjpDr5IpMo,한국당 나경원 교섭단체 연설 “증오 정치…의회민주주의 무너져” / KBS뉴스(News),KBS News,,정치
3b1hWKsnQx4,"[백운기의 뉴스와이드] ""오늘까지 철회하라"" vs ""본회의 열라"" 정치 상실한 국회, 일촉즉발?",MBN News,민주당 국민을 믿고 강하게가라 ||| 나베 때문에 자한당 망했다.... ||| 스스로 잘난 척하니 절대 공천못받는 인간보이네. ||| 매번 느끼는건데 매직소리에 소름 끼침. 진심 극혐. 어떻게 수정 안돼나요? ||| 아~서정욱씨 내용 보다 목소리도 역겨워 집니다,정치
iLBmm0_pd2o,"與-檢 충돌, “檢 정치하겠다 덤빈다” 정면 비판 / KBS뉴스(News)",KBS News,,정치
AcBtWI_MnbM,"정부발표보다 빠른 조국 SNS…""오만한 페북 정치"" (2019.07.15/뉴스데스크/MBC)",MBCNEWS,"트집잡을게 없으니까, 즉시공개내용 올렸다는데도 이해를 못하나, MBC랑 바미당은 뭐에요? 이게 논란이라구요? ||| 항상ㆍ감정적으로 어린이 처럼  대응하지 말고 합리적이고 민정수석 답게ㆍ행동하고ㆍ생각좀 하세요 이젠 교수가 아니라ㆍ공직을 수행하는 민정수석 입니다ㆍ 당신을 보고ㆍ말하는걸보면ㆍ삐친 어린이 같습니다!!! ||| 관종이구만 관정 ||| 논란이 계속되긴 뭘계속돼?논란은 늘 야당의 트집이 만들지 ||| 저인간은  할줄이는게 sns  선동질",정치
zGxhIwsWMnc,"洪 ""초년생 黃 밑에서 딸랑…쥐떼정치 탈피해야"" / 연합뉴스TV (YonhapnewsTV)",연합뉴스TV,,정치
uNxRux_DQ3s,[정치五감] 다리 묶고 인사청문회 임하는 추미애 外 / 연합뉴스TV (YonhapnewsTV),연합뉴스TV,,정치
WUpF1Vq7xB8,"[백운기의 뉴스와이드] ""文, 야만 정치 끝내달라"" 대표 단식 8일째 대안 없는 한국당?",MBN News,죽게내버려둬라..알아서일어나서병원찾아갈건디..암튼..쇼잘해..볼수록열받고..근데잼나네.. ||| 목숨을 걸고 한다고 했으니 죽을 때까지 해라. ||| 정의원님 그래서 의원이 안 되시는 겁니다. 저랑 비슷한 학번이신데 양비론은 정치인이 하지 말아야 할거라 봅니다. 정두언 의원이 아쉽네요. ||| 왜 저래요? 뭘 위한 단식이야? 지 밥그릇 지키려고 쇼하는걸로만 보인다. 의미없는 일을 하는 이유가 궁금하다. ||| 누가 하라고 시켰나 . 참 ..,정치
UkIDpg0e7t8,김원봉 공방 가열…“분열의 정치” vs “통합 강조” / KBS뉴스(News),KBS News,,정치
xuebtAgw4OY,"조국 사태와 검찰개혁, 그리고 다시 광장정치 / 연합뉴스TV (YonhapnewsTV)",연합뉴스TV,조국사태가 아니라 검찰의 쿠데타다 ||| 조국 지키자. ||| 언론 당신들 반성하자. ||| 언론 너네나 잘해 ||| 내년 총선에 보수야당 심판하자 저런 쓰래기들 심판해야 대한민국이 부강한다 보수야당 심판하자 보수야당 심판하자,정치
nLWr2PEgk-c,“협상의 정치 종언” · “필리버스터 보장”…여야 대치 평행선 / KBS뉴스(News),KBS News,ㅠㅠ ||| ㅈㄲㄱㅇㄴ,정치
eaPHF9-ZdDw,[더뉴스-더정치] 한국당의 '민부론'...정책경쟁 촉발할까? / YTN, YTN,"경제는 경제패널들을 불러야지  뮌.. ||| 축하합니다. 이제 한국당에서 소득 주도성장과 상대할 만한 정책이 나왔음을 . 소득 주도성장의 정책도 출발선에서 아니 이론만 볼때는 꽤 좋았습니다. 그러나 막상 현실에 대입을 할때 짦은 시간에 너무 많은것을 하려고 하였기에 여기 저기서 부작용이 나오고 있는 것입니다. 국부론 아니 민부론 또한 꽤 관찬은 정책인것 갔습니다. 한국당은 민부론을 어떻게 현실에 적용시킬지를 세세하게 브리핑한다면 더욱 좋을 것 갔습니다. 세상에 완벽은 없지만 한국당 내에서만이 아니라 외부의 전문가들의 조언을 원칙에 입각해서 듣는다면 나중에는 훨씬 더 나는 민부론이 될것입니다. 그렇기위해서 세부적인 실천사항들을 빨리 공개 하였으면 합니다.  개인적으로 민부론에 두가지의 아쉬움이 있습니다. 하나는 옛날 방식의 낙수효과가 실패한 근본적 원인을 살펴서 위에서 기업들이 벌어들이는 돈이 사회에 골고루 투자, 또는 소비가 되도록 어떻게 유도 할것인지 입니다. 기업에서 나오는 인건비만으로는 경제가 제대로 돌아가지 않음을 우리는 모두 알고 있습니다. 현제의 일본만 보아도 알 수 있습니다. 현제 일본은 근로자들의 일자리 문제가 아니라 일자리에서 벌어들이는 수익이 사회의 경제규모를 따라가지 못해서 일을 열심히 하지만 근로자들은 더욱 가난해지는 현상이 생겨나고 있습니다.  둘째 아이디어만 있다고 돈이 되질 안습니다. 아이디어를 발굴하는건 쉽지만, 발굴된 아이디어가 돈이 되게 하는것이 힘든것입니다. 솔찍히 한국은 대기업의 비호가 없이 중소기업을 운용한다는건 정말 힘든 일입니다. 경쟁사회에서 건길한 중소기업이 제대로 성장할 수 있는 환경 물론 규제완화가 중요합니다. 그러나 그것만으로 중소기업을 육성하기에는 턱없이 부족합니다. 중소기업이 대기업과 동등히 나아갈 수있는 공정성을 기본에 깔아 주어야한다고 봅니다. 그리고 또 미국의 실리콘벨리처럼 처음에 시작하는 작은 벤처들이 자라날 수 있는 환경입니다. 솔찍히 지금의 실리콘벨리와 비슷한 것을 만든다고 해결되는 문제는 아니라 봅니다. 좀더 나은 즉 아이디어가 있다면 투자자가 없어도 자신을 실험할 수있는 공간이 필요하다고 봅니다.  마지막으로 결국 현대의 정책은 돈을 어떻게 골고루 공평히 규모에 맛게 흐르게 하는가 이라고 봅니다. 그러려면 사회전반에 투명성을 확보하고 그 위에 그림을 그린다면 더 나은 결과를 볼것이라 생각이 듬니다.  하지만 어떻게 할것인가 ...그것이 문제 입니다. ||| 황교안 대표님 힘내세요 끝까지 싸우고 민주당을 부셔버려라 ||| 스티브 잡스 코스프레... 실상은 머리 민 황 잡아 잡스. 내용은 진보와 보수를 왔다리 갔다리. 대~충 그럴 듯한 부분만 짜집기.",정치
SSX25QXGbnc,"독일 청소년들, 환경·정치에 대한 관심 증가 / KBS뉴스(News)",KBS News,,정치
pfFX53D6iNY,"홍준표, '쪼다' 발언으로 정치행보 본격화? / 연합뉴스 (Yonhapnews)",연합뉴스 Yonhapnews,홍준표 무조건 지지한다.   내 주변 모두 홍준표 지지한다.  오세훈 전 서울시장도  지지한다. ||| 맞는말인데  그말에 동의하는국민많다 ||| 제발 대통령 되어 주십시오ㅜㅜ 죽겠습니다 정말 ||| 옳은 소리!! 👍👍👍 ||| 가즈아,정치
9lJY7_CgXmY,"정치협상회의, 황교안 불참으로 ‘반쪽 출범’ / KBS뉴스(News)",KBS News,한국당 잘하셔야 합니다 ||| 황교안 검찰수사 대상이다,정치
j7uJ_iMI1Wg,"문전성시 단식농성장, 황교안식 ‘소명정치’ 성공할까? / KBS뉴스(News)",KBS News,하나님  아버지  황교안단식   다음주까지  할수있게 도와주세요 ㅡㅡ제발 . 아멘ㅡㅡㅡ ||| Kbs 왜 이렇게 됐니??? 언론인으로 부끄러운줄 알아  김어준 유시민 같은것들아!!! ||| KBS 뉴스 정성호 입니다. 이 동영상은 보존되어 후일 쓰이게 될것입니다. ||| 담마진대사 부디 성불하길 ||| 여기답답하신분또한사람추가요,정치
xfQYJ0Zg85c,"조국 딸·어머니 등 무더기 증인 신청…이인영 ""비열한 정치""[뉴스8]",MBN News,"진정국민이 바라는게 가족불러내는걸까요? 지킬건 지킵시다 ||| 머하는거? 나중에 국개의원들 다 똑같이 확인 하고, 부모 자식 사촌 팔촌 까지  다 불러내라. ||| 코미디 천국 맹그내..ㅎㅎ ||| 제1야당???후훗",정치
wXM5tToYHHc,"[더뉴스-더정치] 한국당, 재협상 요구하며 사안따라 등원...기준은? / YTN", YTN,"강병원의원  진짜 잘하신다 화이팅.. ||| 자한당은 빼고 국회돌려요,,민주와나머지3당이면 충분합니다.. ||| 김정재 너도 양비론이냐 너만 모르지 어쩌냐 국민은 다 알거든...자한당은 어째 저런것들만 모아놨지 그것도 재주네... ||| 포항이 지역구임.. 포항분들 반성하세요 ||| 저 여자 토론예절은 정말 아니다..",정치
8popzspR93E,"심상정 ""원칙적 수사한다는 검찰, 정치검찰 길 가겠단 말로 들려"" / 연합뉴스 (Yonhapnews)",연합뉴스 Yonhapnews,어이 정의당. 이제 촛불 보니까 정신좀 차리겠어요? 뭐? 청년의 상실감? 정신차려요~ ||| 심상정 미쳤어요~~~ ||| 심대표님.똑바로 말하세요 진실로.그러니깐 젊은 청년들도 지지 안하지요 ||| 조국 수호  검찰개혁  꼭 이룹시다 심상정  이리갔다 저리갔다 하지말고 중심을 지키세요 ||| 심상정 이때가 나았지!  지금은 ㅜㅜ 에휴,정치
iu64m0DhPUo,[정치 와호장룡] 어렵게 문 연 국회…쟁점 '수두룩' (2019.03.07/뉴스외전/MBC),MBCNEWS,자 과연 제대로된 논의를 거쳐 주권자들을 위한 법안이 몇개나 통과 되는지 봅시다 흥미 진진한데요 여야 모두 자기들이 쓰레기라고 인증 하는 쪽으로 가는지 몹시 궁금 해지네요,정치
wf7Lflj3-JA,"文 한국당 '작심' 비판…""막말정치 희망 못 줘"" (2019.05.13/뉴스데스크/MBC)",MBCNEWS,대통령님 힘내세요 당신이 있어서 너무 행복해요 ||| 마지막에 당대표 뒤에 병풍치고 있는 국회의원도 참. . 한가해 보인다. 그리고 병풍 칠거면 쫌 골라서 하지 왜 구설수에 오르내리는 사람을 쓰고있나 ||| 진짜  황교활  남영동으로  가서  이근안이한테  고문좀  받자. ||| 막말 망언 저주 협박 분열정치 자한당은  근본 초심으로 돌아 가시길 바랍니다 ||| 유시민 부터 처벌하라 국민 분열자이다,정치
hJiso7FBmJI,"""정치 검찰"" 주장했지만…""단둘일 때 이력서 건네"" (2019.09.27/뉴스데스크/MBC)",MBCNEWS,국민을 만만히 보는 국개의원 수준.. ||| 저 봐라~  인도가 뻔히 있는데 차도로 다니는 위법 김성태의 뻔뻔함을~~ ||| 또 피켓시위하면서 질질짜겠네. ||| 나경원도 조사하라 진실의 법정  운운하는 김성태가 법원에 모욕감을 줬어. ||| 진실의 법정은 김성태 유죄를 선고하라,정치
dXdqIdsUfmc,[이슈폴폴] '정치 1번지' 종로구 역대 총선 결과는 / 연합뉴스TV (YonhapnewsTV),연합뉴스TV,대한민국 정치1번지 종로에서 토착왜구가 웬 말인가 안돼요 안돼 .,정치
hQl5qtraeak,"문 대통령 ""보수와 진보 이분법의 시대 지나""...김원봉도 언급 / YTN", YTN,"와 이젠 진짜 거침없이 말하네 ||| 국군을 많이 죽인 공로로 북한 훈장 받은 전쟁 범죄자를 미화하다니 두 귀를 의심했다 ||| 6.25전쟁을 일으킨 주역중의 하나를 가지고 무슨 진보,보수 이분법? 노덕술에 의한것은 중요하고 수많은 사상자와 학살피해자, 고아들은 아무것도 아닌가? 그러면서 한국 대표의 일부로 북한에 가서 58년 권력다툼에 져서 사라질때까지 여러 북한 고위직을 거쳤다지? ||| ..... ||| 여기가 북한이냐 ? ㅋ",정치
FYEeen3QQ0U,"문 대통령 ""5·18 진실에 보수·진보 없어...진실 규명에 정치권 동참해야"" / YTN", YTN,완전 대한민국의 국격있는 소통의 달인입니다. 촛불시민들( 🕯💖 🎗👫 )은 늘 함께합니다. ||| 유공자 공개나 하세요 잘 난 분들 공적을 기려야죠 님의 국민들이 궁금해 하잖아요? ||| 천안함 참석좀하세요 ||| 5 18은 그렇게까지하면서 왜 천안함은안하냐? ||| Candidata para puntos de vista,정치
4u6B-FBcn9Y,"문 대통령 ""5·18 진실에 보수·진보 없어...진실 규명에 정치권 동참해야"" / YTN", YTN,,정치
E_OGxM-NOx0,"문 대통령 ""5·18 진실에 보수·진보 나뉠 수 없어...진실 규명에 정치권 동참해야"" / YTN", YTN,보수와 진보로 나눠 진실을 왜곡하는  자들은  죽어서도  역사의 심판을 받을겁니다 ||| 언제까지 광주를이용할껀가정치적으로국민들정신 차리셔요 ||| 망언?? 그만해라 이젠. 지 부모상은 3개월도 슬퍼하지 않으면서 거의 40년 동안 저 난리치며 슬퍼하는 것이 상식적이냐? 다 돈이지... ||| 망언 이라니!!!! 망언 일까!!! 민주화라니!!!! 폭동인지 민주인지 진실을 밝히자ㆍ이니야 너 연설은 역사에 남는다!! 밝혀내자!!!! 진실규명 꼭 하자!!!! 어쩜 이렇게도 쇼를 잘하니 저할머니ㆍㆍㆍㅎㅎㅎ 웃음만 나온다 ㅎㅎ ||| 아주이사람은 20년이지난일 너무광주사람을이용하는구나 .바보로알고있냐? 너무유치한정권을위한행동이다 .국민단합이최선이다,정치
Ymv-YAC9LLQ,"문 대통령 ""보수와 진보 이분법의 시대 지나"" / YTN", YTN,소통의 달인은 역시 애국심이 강합니다. 하지만 적폐 보수들은 애국심은 없고 이기적입니다. 이래서 촛불시민들( 🕯💖 🎗👫 )은 계속 지지합니다. ||| 아 ~보기싫으니깐  그냥  청화대 있지  뭐하로  뉴스에나와 욕어더먹냐? 3년을 더봐야한다니 세월이 지겹다 ||| 당신은 경제말아먹고 안보조차도 북한눈치 보기 바쁘다. 그저 남탓하기 바쁘고 말이야. 난 애국은 경제와 안보가 튼실할때 말할 수 있다고 생각한다. ||| 음..... ||| 2분법 우파 좌파로 구분하지말자,정치
MbtEVy4b_E0,"문 대통령, 경제계 원로 오찬 간담회...진보·보수 함께 초청 / YTN", YTN,연산군.연산군.연산군 ||| 역시 소통의 달인은 다릅니다. 촛불시민들(🕯💖 🎗👫 )은 늘 함께합니다. ||| 어이 아저씨. 위선 떨지 말고. 하는척 하는 이중적 정치 하지마.  그냥  가만이 있는게 대한민국 살리는 길이야.. ||| 넌 정체가 뭐냐 이 간첩신영복존경스러운 넘,정치
YXp-Z9H-hu8,"바른미래 ""무능한 진보·허망한 보수 물리쳐야"" / YTN", YTN,한줌도  안되는  투명인간들‥,정치
o-KwsfnGRhw,"[사오정] 진보와 보수, 갈등 끝낼 ‘협치’의 길은? / KBS뉴스(News)",KBS News,,정치
tcKYbRKHGmc,"문 대통령 ""보수와 진보 이분법의 시대 지나"" / YTN", YTN,너를 비롯해 대한민국 사회에서 살짜기 기생해 살아가야만 했어야 하는 인사들로 인해 시국을 걱정하고 국가의 미래를 생각하게 되었다. ||| 그냥 듣기 좋아보이는 소리만 한다  행동으로 보이세요  당신이 먼저 실천해요 ||| 자기 속에 우러러 나오는 말이 아니니 눈이 흐리멍텅하네 ||| 과연 누가 이나라 이렇게 삼국지 만들어 놨는지 자신에게 물어 보시길. ||| 역시 국민을 하나로 묶는 소통의 달인입니다. 이래서 촛불시민들( 🕯💖 🎗👫 )은 늘 지지합니다.,정치
urQCGulQED0,"손학규 ""바른미래, 진보·보수 모두 아우를 것"" / YTN", YTN,"국민들을 진영싸움에 넣지 말고, 정당에서 인재를 키우세요. 촛불시민들(🕯💖 👫 )은 인재가 바른 정치를 만든다고 봅니다.",정치
k6eyq_mRs74,"문재인 대통령 ""보수든 진보든 기득권 매달리면 가짜"" / YTN", YTN,김정은 위원장께서 흡족해 하십니다.^^ ||| 중국몽꿈꾸는 북한의 간첩을 애국이라 할수없죠;; ||| 네 뭐라고요 ?   김원봉 ? 중국몽 ? 몽몽 ||| 나는 무엇을 하든 기득권이 아니고 보수는 무슨 주장이든 기득권이라는 이런   주장을 누가 공정하다고 인정하겠는가? ||| 맞는 말이네요. 기득권을 지키려는 것은 애국이 아닙니다.,정치
FdzvxJcUX9c,[직설 다시보기]  文정부 2주년 성적표는?…진보·보수 평가 ‘극과 극’,SBS Biz 뉴스,"경제폭망, 안보폭망, 외교폭망 등 어느것 하나 잘 하는 것이 없음. ||| 또 리얼미터?  그 소수 여론조사? 수십에서 겨우 100몇개?  낮시간 평일 집으로 전화해서?    깜깜이 결과보고 떠드는거 자칫 사기나 다름 없습니다. 잘해봤자 추측이고  그걸 근거라고 씁니까?  각 방송 신문사 연합하여 합동 조사로 제대로 합시다 ||| 8점??? ㅋㅋㅋㅋㅋㅋㅋㅋㅋㅋ  1점도 아깝다 ||| 원일희 기자님 돌아오세요.. ||| 20대  남녀문제 부울 경남  탈원전 자영업자  최저임금 200만원 미만 소득층   최저임금 정책으로 되려 잘려서 평균소득은 12% 줄어듬   정책을 조금 더 신중했으면 잃지 않을 지지율을  마음만 급해서.. 쯧쯧...",정치
bMFu6j7qmZE,"문재인 대통령 ""보수와 진보 이분법의 시대 지났다"" / YTN", YTN,"댁이  그렇게  나눠놓고 시러시네,  뭐든 반으로딱 나눳던  분이 차ㅁㅉㅉㅉㅉㅈㅈㅈㅈㅈㅈㅈㅈㅈ ||| 김일성한테 훈장 줄까 걱정이네요 ||| 천안함 희생 병사들 추모식도 참석해라,.똥싸는 짓만 하지말고 ||| 어머... ||| 김원봉이요?",정치
F5x87Yaf_8E,"문재인 대통령 ""보수와 진보 이분법의 시대 지났다"" / YTN", YTN,김원봉 얘기꺼낼때 진짜 아니지않나요? ||| 그렇습니다 이분법의 시대는 지났고 경제파탄의 시대가 도래했습니다. ||| 소득주도 성장 외치며 차원이 다르게 서민 경제 망해 노으며  눈막고 귀막고 고집만 피우더니 보수와 진보 따로 없다고 외치면 상승된 국민 분노 게이지 가라 앉을 줄 았나? 잘 할 줄 알았으나 촛불 민심 다 날라 갔습니다. ||| 저양반입에서 애국이라는소리가나오네 ㅋㅋㅋㅋㅋㅋㅋㅋㅋㅋㅋㅋㅋㅋㅋㅋㅋㅋㅋㅋㅋㅋ ||| 이인간 아직도 정신못차림ㅋ,정치
Ry3mfpCzpgc,"문대통령 ""애국 앞 보수·진보 없어…기득권 매달리면 진짜아냐"" / 연합뉴스 (Yonhapnews)",연합뉴스 Yonhapnews,"너가 만들었잖아 갈등 ㅋㅋㅋㅋ ㅋㅋㅋㅋ ㅋㅋㅋㅋ ㅋㅋㅋㅋ ||| 그럴듯한 말로 국민들 현혹시키는거봐라. 실제는 편 갈라놓고 싸우게 해놓고선. ||| 양극화 갈라치기의 달인께서 이런 말씀을 하시니까 조금 아쉽습니다. ||| 대통령님 믿고 응원합니다.   역시 현역 특전사 출신의 추념사라 가슴에 팍팍 울리네요  지난 명박근혜정권과 달리 국가로부터 보호받고 있는  느낌입니다.  유가족분들과 참전용사분들도 힘내시길 기원합니다. ||| 늘 대통령님의 건강을  위해서 기도합니다 대통령님께서 건강하셔야 지금처럼  슬픈 영혼들을  지심으로 보살펴 드리게  돕니디ㅡ 늘  국민을  애민한 ,마음으로 보살피시는   따뜻  하신 마음   늘감사합니다  대통령님   건강하십시요",정치
GnNkbMU_Q5w,보수 통합 속도에 진보도 움직이나..빨라진 정계 개편,KBC 뉴스,,정치
xFz1kPljU1w,"문 대통령 ""보수·진보 필요 없어...실용적 사고 필요"" / YTN", YTN,"저렇게 말을 하시니까 얕보는거임 역사적으로도 진보보수는 존재 해야 잘 돌아가는건 맞어 서로 견제해야 되는거 맞어  독재정치 하면 나라에서 말이 안나오는건 맞다 솔직히 역사에서도 독재정치 한 왕들에 있어서 사회 안정임 . 근데 발전이 없지 ||| 그래~제발  보수진보 따지지말고 나라발전에 최대한 협심해서 잘좀하자 ||| 역시 소통의 달인은 보수, 진보에 관계없이 적폐청산의 필요성을 촛불시민들(🕯💖 🎗👫 )처럼 강조하고 있습니다.",정치
kbQ2dOwq1oI,나이 많으면 보수? 젊은 사람은 진보? 우리사회의 잘못된 보수와 진보의 개념 [김홍신 작가 인터뷰1] #김홍신 작가#보수#진보#민주당,tvU티비유,,정치
PRRXLQBrWDM,보수와 진보란? 5분으로 끝내는 개념 정리(박수영의 우아한TV / 우리 아이들의 대한민국),박수영의 우아한TV,"잘 보고 있습니다^^ ||| 자유, 평등, 공동체를 위한 연대의식.  인류의 덕목들을 가치중립적으로 실현할 수 있도록 우리 모두 노력해야겠습니다. ||| 선배님 좋은 말씀 감사합니다.",정치
x2w9bljUof8,‘진보’·‘보수’ 모두 불만 속 갈등 불가피…남은 절차는? / KBS뉴스(News),KBS News,자사고 없애는것은 맞다.,정치
vkyq3_7v698,"문 대통령 ""보수ㆍ진보 필요없는 시대""…통합 행보 / 연합뉴스TV (YonhapnewsTV)",연합뉴스TV,"다 드러났는데 이제야 바꾼다?  너무 멀리와서 좀 쩝ㅉ ㅜ ㅂ한데~~~전라도에 정부하나 세우는게 맞지않을까 싶네요ㅜㅜㅜ ||| 웃기니까 웃자 ||| 남남갈등이 더욱 깊어졋는데, 보수 진보가 필요 없다고? 몰라도 너무 모르는 소리만..... ||| 아니 지금 청년 대표 의견 듣지도 않고 실행하지도 않는데 다소 부정적이고 귀에 거슬리니까 기자들 나가라고 한다. 말로만 하고 행동은 실천하지도 않고 현 정부에 대해서는 무슨 기대를 사냐? 정권 잡았으니까 자기 입맛대로 내키는데로 하는건가? 내년 선거때 보자 민심이 무엇인지 보여주지. ||| 필요없는건 당신과 당신네 패거리들이구요ㅋㅋㅋ",정치
LkEGsK6-Q9c,"[알아야 국민 노릇도 한다] 좌파와 우파, 진보와 보수, 그리고 대한민국",Channel 24K,"교수님, 경제에 기반한 정치구도를 명쾌하게 이해할수 있는 명강의 입니다. 체화하는 작용이필요해서 두번 돌려봤습니다. 감사합니다. ||| 👍👍감사합니다 ||| 정말 감명받은 명강의 입니다.  공감합니다.  국민은 안중에 없고  국민을 선동 편갈라 수단으로 이용하는 정치 권력에 휘둘리지 않기 워해선 국민 스스로 대립이 아닌 화합으로  모두가  잘살수 있는 방법을 찿아 나서야 될것 같습니다. 나라가 걱정입니다. ||| 교수님..  이제야 뵈었네요... 명강의..신조..최고십니다.. 감사합니다..  건강하시길...^^ ||| 잘들었어요. ^^",정치
faxB36E9jW8,"劉 ""선명한 개혁보수"" vs 국민의당계 ""합리적 진보"" 꼬여가는 바른미래의 미래? [뉴스와이드]",MBN News,유승민 취업청탁 뉴스본거같은데 어떻게됬냐? 너혼자 보수하던지말던지하고 취업청탁 수사받았냐?,정치
jwOK_p0RU9E,보수와 진보 무엇이 문제인가? #보수 #가치 #나경원 #축사 #지상욱 #토론회 [2019.06.10],나경원TV,"나경원 의원님을 응원합니다. ||| 나경원 대표님 힘내세요 화이팅!!!!! ||| 보수진보는 ㅋㅋㅋㅋ 지나가는 개가 웃겠네  말뿐인 야당 문화가 문제지요  자한당이나 민주당이나 야당만 되면 국민들 선동질 하는거   이젠 지겹다  대한민국은 무당파 60% 가 그나마 정신차리고 투표를 하니 이정도로 굴러가는거지 ||| 유튜브로 소통하려는 시도는 굉장히 긍정적으로 생각합니다. 그러나, 유튜브와같은 매체는 특히나 더 친밀한 소통이 중요합니다. 구독자를 향해 말을 하는건지 누구한테 얘기하는건지 알수없는 영상.. 어쩌다 한개면 모르되 죄다 이런 영상이어선 임팩트가 없습니다. 가뜩이나 내용도 평이하고 교과서같은 말 뿐인데.. 이런 편집도 제대로 안되고 소리조차 어디서 엿듣는것 같은 영상을 어느 한가한 사람이 제대로 시청하고 있습니까. 우파 대표의 생각을 보러 왔지만 실망만 하고 갑니다. 다른 좋은 영상이 있을지 모르겠지만, 더이상 클릭해보고 싶지 않네요. 일방통행적이고 무성의한 영상이 지금의 자유한국당과 너무 닮은 면이 느껴져 화마저 납니다.",정치
GO5_gHXjex4,"문 대통령 “애국 앞에 보수, 진보 없다”...김혜수 낭독에 눈물 [온마이크]",온마이크,국민을 생각하는 마음이 온전히 느껴지는 모습입니다. ||| 우리달님 웃음드려야하는데 나라걱정으로눈물마를날이없네요 건강하셔요 ||| 나라를 지켜낸 아버지의 용기와 가족을 지켜낸 어머니의 고단함을 저도 기억하겠습니다 할머님 건강하세요 ||| 대통령님 감사합니다. 항상 진심이느껴지는 모습에 가슴 뭉클합니다. 👍👍👍👍 ||| 대통령님과 여사님의 모습에서 진심으로 나라사랑 국민을 생각하는 진심이 느껴지네,정치
yQ4AtvXNpYk,"[직설] 다당제, 진보진영만 이득?…“보수진영도 독자적인 목소리 가능”",SBS Biz 뉴스,국회의원 줄이고.비례대표. 지방의원 없애자...,정치
SMQDFzz8-8o,"[팩트체크] 경제성장률 누가누가 높나, 진보 VS 보수정부 비교/ 한국 재생에너지 사용률.../ YTN 라디오",YTN 라디오,와 이때만해도 코로나같은건 상상도 못했는데 2019 10월이면 중국에선 퍼지고 있었으려나,정치
nPJUTy7Yc0g,유시민 vs 홍준표 ‘홍카레오’ 격돌…진보·보수 유튜브 대전 / KBS뉴스(News),KBS News,홍준표 전대표도 많이 깨어있네요 두사람 보기 좋습니다 ||| 토론은 이렇게 해야한다. 100분토 변호사와 아줌마는 보고 배워라 ||| 유시민이 홍준표 인지도 올려줌.,정치
Uqp-xM4aJpk,"미국 보수,진보가 보는 자유한국당의 당대표 선거",Radio Korea,,정치
nKqHQQvdPa0,"문재인 대통령 ""보수든 진보든 기득권 매달리면 가짜"" / YTN", YTN,"누가 나누고 있는건지 모르나? 왜 깨끗한척하냐? ||| 니가 이념으로 공격을 하면서 누굴 가르쳐 ||| 보수를 적폐라고 하면서 청산대상이라 할때는 언제고 ||| 이쯤되면 일부러 그러는거같애 ||| 완전 대박, 소통의 달인은 어떻게 국민이 하나가 되는지를 잘 알고 있습니다. 촛불시민들( 🕯💖 🎗👫 )은 늘 지지합니다.",정치
Fp5ZtubEz1o,문 대통령 “애국에 보수 진보 없어…기득권 버려야” / KBS뉴스(News),KBS News,이분법??지났다?? ㅋㅋㅋ ||| 대한민국에 냄새 나는 똥칠갑은  혼자 다 했놓고 깨끗한냥  가면을 쓰고 국민을 기만 하고 있어. 참. 이상한 사람.,정치
qXhQcKy7XWo,"손학규 ""진보 배제하지도, 보수 버리지도 않을 것"" / 연합뉴스TV (YonhapnewsTV)",연합뉴스TV,,정치
QnPvEWePgmU,"[성우와 동수] 합리적 보수 vs. 온건한 진보 #2 강경화, 강효상 그리고 아저씨 둘의 어디로 튈지 모르는 이야기",곽동수TV,"오늘도 두서 없는 방송, 시청해 주셔서 감사합니다 ||| 다른이유 아무것도 없이 오직 최성우님을 다시 보겠다는 이유 하나만으로 한사람당 10명 모으라는 지시 꼭 따르겠습니다. 친구(친구가 별루없어요—:;)조카둘.조카친구다섯.지금 같이 술마시고 있는 동료 둘.이렇게 열명 실시간 실천 합니다!! 진짜루~  p.s. 댓글 당분간 쉴려다가 최성우님 때문에 무너지네요ㅎㅎ 아 글구 곽쌤!! 성우님 말씀 좀 많이 하시게 말좀 참아주세요!!!! 성우님 나오시는 날은 성우님 말씀좀 듣자구욧❣️ ||| 곽쌤, 성우선생님 어제 방송도 편안하고 즐겁게 보았습니다. 성우선생님은 따뜻하고 의리 있고 합리적 보수임을 인정합니다. 보수던 진보던 사람 생명 귀한 줄 알아야지요~.. 기본과 상식를 갖춘 민주시민 화이팅입니다. 담주 방송 즐건 맘으로 기다릴께요.💞💞💞 ||| 색다른 재미가 있었어요.. 친구분..재미있는 분이시네요..잘 봤습니다.😀 ||| 최성호님 재밌어요.  계속 출연해 주세요.  자한당퇴출 청원 곽동수님이 올린 글보고 청원한 1인 입니다. 응원하겠습니다.",정치
kARikNC9FDY,"文 대통령 ""애국 앞에 보수와 진보는 없다"" (2019.06.06/뉴스데스크/MBC)",MBCNEWS,"좋은 영상 잘보았어요 멋저요➰ 응원합니다 🧚‍♂️🔷️🔸️🔷️🔷️🔶️🔶️ ||| 본인은 그 이념대립의 가장 큰 수혜자 아닌가 ㅋㅋㅋ ||| 아랫사람 단속좀 하면서 이런 얘길 하셔야지 않겠음? 여당 여성계가 미쳐 날뛰면서 나라를 위해 희생하는 우리 장병들을 능욕하는데 그것조차 통제하지 못하면서 애국에 진보와 보수가 따로없다라...그런 입바른 소리야 초딩도 하는거 아님? 대통령이란 자리는 혼자만 바른소리, 바른행동 한다고 그만이 아님. 한 나라의 리더라면 아랫사람들 개짓거리 단속부터 좀 하시길. ||| 진보가 인간답게해야지 대한민국이 바로간다  문통은 제발 국민만보세요 국민들도 정신차려야합니다  대한민국 국민이 우선이어야한다",정치
8KRZD5wMKHM,"""애국 앞에 진보·보수 없다""…'김원봉' 언급에 野 반발 (2019.06.07/뉴스투데이/MBC)",MBCNEWS,,정치
iDeqHliFPpc,"좌파 우파, 진보 보수 그 기준은? [유브남TV]",유브남-유용한 정보 제공 채널,"공부하고 갑니다^^ ||| 안녕하세요? 오랜만에 들렀는데 활동을 안 하시나 봐요. 아쉽네요. 건강하세요.^^ ||| 뭐가뭔지 개념 파악이 잘안돼있군요.. 선무당이 사람잡는격이네 ||| 난 이런 수준의 설명이라면, 창피해서 글 올릴 생각을 안할것 같네요. 알맹이는 하나도 없고, 시간 낭비만 했네요. 공부 좀 하고 업로드하세요",정치
bjKaYLq2t8o,"이정미 “그것은 보수도 아닙니다”, “민주당은 진보입니까?”",미디어오늘,훌륭한 말씀입니다. 고노회찬의원이  더 그립네요. 이정미의원님 힘내세요!! ||| 이정미 의원님 응원 합니다. ||| 보수는 진작에 괴멸되고 민주당이 보수 맞구요 야당은 진보 정이당이죠 내년에 꼭 선거 잘해서 국회의원 체질좀 바꾸자구요 ||| 정의당이 힘이 컸다면 시민들이 정의당에 몰빵할텐데 아쉽네요... ||| 대통령님이 혼잔못합니다 도와주세요 ㅠㅠ,정치
KrMwLObwaGQ,"문재인 대통령 ""기득권에 매달린다면 보수든 진보든 진짜가 아니다"", 애국의 의미를 강조한 제64회 현충일 추념사 풀버전",KTV 국민방송,대통령님 사랑하고 감사하고 존경합니다 ❤❤❤❤❤❤❤❤👍🏻👍🏻👍🏻👍🏻👍🏻👍🏻👍🏻👍🏻👍🏻👍🏻👍🏻👍🏻👍🏻👍🏻👍🏻👍🏻👍🏻👍🏻✌✌✌✌✌✌✌✌✌✌ ||| 문재인 대통령님 무한신뢰~ 😍 ||| 우리 대통령님 사랑합니다... ||| 우리대통령님!! 늘 든든합니다 말씀말씀이 감동입니다 ||| 성군이십니다👍,정치
QMRV3m3zE7s,"""하루 만에 30만 구독자""…진보 vs 보수 유튜브 격돌 (2019.01.06/뉴스투데이/MBC)",MBCNEWS,진보  ᆢ보수가 아닌  진짜와 가짜입니다ᆞ ||| 진보와 보수의 대결이아닙니다 정상적인사고를 가진 사람들과 비정상적인 사고를 가진 사람들의 대결입니다 ||| 상식과 억지의 대결. 거짓은 진실은 이기지 못한다 ||| 김정은 찬양하고 20대 남성들 비하하고    자기누나 ebs 낙하산 인사로 꽂아놓고 북한 미화하는 인간을 지지하는 인간들이 빨갱이가 아니면 누가 빨갱이인가? ||| 많은 사람들이 알릴레오를  구독 하는 이유는 진실을 말하기 때문 입니다.  유시민 화이팅..♡♡♡,정치
CZWo9lqrRf0,"[190904 야수의 이빨] 조국을 통해 본, '보수' vs '진보'",매일신문,야수 힘내주시길 ||| 공정과 정의를 배반하고도 일말의 염치도 없는 조국의 행태에 더욱 분노합니다. 이젠 궁지에 몰리더니 지 살라꼬 벼슬을 유일한 방도로 여기는듯 보입니다. 에휴~ 천박하기 짝이없습니다. ||| 진짜 더럽고 역겨운 멍멍,정치
o4zy7BU4_LI,하루 만에 구독자 '30만' 돌파…보수·진보 유튜브 대전 (2019.01.05/뉴스데스크/MBC),MBCNEWS,노전대통령이 즣은사람이라 즣아했고 사랑했다고 말한 유작가.가만히 보니 유작가도 참 좋은 사람이에요 그래서 저도 좋아합니다.좋은일 하시는데 도움되어 드려야지요 ||| 코카콜라는 치아에 안 좋지만 홍카콜라는 국가의 안녕에 치명적입니다. ||| 홍하고 비교나 되나 좋은사람과 안좋은 사람의 차이 ||| 민주진정 가짜뉴스에 반격한다. 유시민 화이팅!!! ||| 그냥 부럽다 해...,정치
c6kxiJRAxZg,"""애국 앞 보수·진보 없다""…대통령, 좌우합작 광복군 언급",JTBC News,"약산 김원봉 선생이 얼마나 훌륭한 독립운동가였는데 그의 발톱의 때만큼도 못 따라갈 반민족혈통을 가진 자한당이 딴지걸 하등의 이유는 없는거 같은데?  다까끼마사오를 영웅처럼 떠받드는 악마같은 놈들이 잘났다고 떠드는거 보면 화가 치민다. ||| 하지만 본인은 매국 ||| 멋진연설 ||| 독립운동당시에는  이념은   없었읍니다  이승만이   정치욕심에    친일파이용해서    독립운동가들   탄압했읍니다    이승만이  매국한겁니ㅏㄷ ||| 입으로는 헛소리만하네 지역감정 조장하고  편가르고 김정은 만퍼다주고  천안함 ,연평도에서죽은 군인은  찬밥 으로대하네",정치
9FiY7EazRM0,"현재 한국 정치 상황의 분석. ‘탄핵무효, 박근혜 대통령 석방, 문재인 정권 퇴진’. 정말 충격",합시다화이팅,,정치
Ira6PWgdmW4,"[정치평론]김종상의 정치인문학,  횡설수설 정치현안 분석(1)",김종상,,정치
XQPY4GXe7jw,"[단독분석]북한 보수 우파 제거 지령 내렸다, ""광화문 집회 정치깡패들 난동, 매장 시켜라""",JBC뉴스,탄핵 62적은 이들도  다 정치판에서   영구히 삭제 지켜야 합니다 ||| 유투브에서 뉴스를 보고 듣습니다 ||| ✊✊✊✊✊✊✊✊ ㅡ 죽을 때 까지 ㅡ 자유 민주 대한민국 ㅡ 수호하자 !!!!! ||| 진실보도에 감사를 드립니다 ||| 유승민은 정치판에서 영구히 축출해야 합니다,정치
j7MGXaTioBI,"[정치분석] 나경원-김경수 징역2년. 문재인, 최대수혜자가. 충격적인 사실이 드러났다",합시다화이팅,,정치
1_TNQt6jlOI,[정치분석] 황교안이 가야할 길. 그렇지 않다면 망해가는 나라!,합시다화이팅,,정치
VyUJpG0w9hU,"민주당 동작구 강희용 지역 위원장 정치 분석 ""1,나경원  201일만에 검찰 조사는? 2.패스트트랙 안건 국회통과 전망은? 2.보수통합 전망은?""",서울의소리 VoiceOfSeoul,불법을 막기위해 불법이 정당하다는 논리는...? 불법을 저지르려는 국회의원들 찾아가 귓방망이 후려쳐도 정당하다는 논리인거  맞죠?  싸다구 대고 대기해라 ! 이빨꽉물고.... ||| 나는 강희용교수님 넘 좋아해요..패널로 나오시면 넘 시원합니다~~♡ ||| 캬 수사속도 너무 빨라서 지리네요 ㅋㅋㅋㅋ ||| 꼴랑 7시간~?돌아댕기는 개가 웃겠다!!!! ||| 안녕하세요,정치
FHzXIE33Opg,[정치부심] #23-1 '정경심 구속' 집중 분석,김용민TV,"장기자님 이제 사과그만하세요 기레기들중  장기자님 반의반만 따라오라 하세요 힘내시고 지금보다더 정론직필  부탁합니다 화이팅  장용진기자님! ||| 최민희의원님 말씀에 100% 공감합니다! 우리같이 촛불집회로 문대통령님께 힘을 실어드립시다. 우리가 이성을 잃고 흥분하면 저놈들의 수에 말려드는겁니다. 아무도 탓하지 말고 서로에게 힘이 되어주는 현명한 깨시민으로 찬란한 대한민국의 미래를 위해 싸웁시다!!! 우리가 원하는 진정한 민주주의는 그리 쉽게 오지 않습니다!!! 힘내세요, 사랑하는 우리 깨시민 여러분💕 ||| 김엄마의 울분과 답답함이 일반 시민들이 느끼는 그것임을 민주당 의원님들 알아주세요!! ||| 윤석열이 무슨 기회가 있서요 패스트랙 미련버리세요 수사 절대 안해요 윤석열은 스스로 옷벗게 만들고 그다음 처벌받게 해야해요 ||| 왜 유시민 이사장님 혼자 싸워야하나요 그나마 그분마저 잃으면 어떻해요 손놓고 있다가 또 당할까봐 무서워요 지금 저렇게 칼춤추는데 너무 무섭습니다",정치
345-TyS8bec,청소차 올라탄 황교안 정신분석 ... 박근혜와 코미디 정치심리학 ...,최인호TV,"궐력에 미쳐있었지요 이런 인간이 대통 권한대행 했다는게 국민을 개돼지로 보는거지요 ||| 공감없는 정치인, 국민을 불행하게 만든다. ||| 박모지리에 이어 황모지리까지... 자기들만의 세계에 갇혀 자기들에게  동조하지 않으면 틀렸다고 하는 인간들. 고상해 보이고 점잖아 보이면 뭐합니까? 국민 감정에 대한 공감 능력이 제로인데... ||| 공감능력...중요합니다. 제가 정치무관심이던 시절, 이회장 대선후보가 옥탑방이란 단어를 모르는 걸 보고 마음에서 지운 기억이 있습니다. 공감능력이 없는 사람은 국민이란 단어를 쓰면 안되고 당연히 정치를 하면 안된다고 생각되네요~~~ ||| 보여주기 할려면 제되로 하던가..저게 뭐꼬~~덜 떨어진 인간...",정치
c8YmJjxR1r8,[정치부심] #27-2 86세대 용퇴론 분석... '이낙연 총리사퇴설' 진짜?,김용민TV,"역쉬... .우리  미니님. 믿고  봅니다. 시원시원하고  현명하십니다. ||| 김진표 의원은 반대입니다😢😢😢 ||| 김진표는 안 됩니다. 개독 목사의 소득세 과세에 반대해요. 김진표는 국회의원도 하면 안 됩니다. ||| 나이보다도 검사, 변호사, 공무원 출신들의 국회 독점이 더 큰 문제 ||| 김진표 민주당의원중 유일하게 낙선운동대상자아녔나 그사람은 왜 민주당에 있는지를 모르겠는인간인데 뭔총리야 총리는",정치
jKmv0J1pcEE,"김진호 목사의 분석…""황교안, '예수의 고난'을 '부흥회 정치'로 소비해"" [한겨레 LIVE]",한겨레TV,거짓과 위선으로 가득찬 대형교회는 개과선천해야한다. ||| 기독교! 하느님 섬기는데 일을하세요 ㅉㅉㅉ 정치 하지마세요 촛불시민들은 적이라 생각하시겠네요? ||| 황교안전도사로 가시길 빕니다 ||| 개신교 부흥회에는 목사는 있어도 예수님은 안계신다 ||| 계엄령문건 황교안  수사하라,정치
3AXLhv16N_w,"[정치평론]김종상의 정치인문학,패스트트랙 분석과 전망!!",김종상,,정치
hkW1eF0FyEs,아직도 미사일 분석중? 강력 응징 요구 | 이주영의원 국방위 현안 질의. 19.05.05,애국저널,,정치
C28xKVlcr7E,"“아직 분석 중”…軍, 안 밝히나? 못 밝히나? | 정치데스크",채널A News,신장군님화이팅정말믿을만함니다 ||| 신 장군님 구구절절 옳으신 말씀이십니다 ||| 부처님 오신날도 지났는데 아직도 불상타령 이게 나라인가 ?  적어도 대한민국은 아니지? ||| 먼저 칩시다. 이러다 다 죽겠어요~~ ||| 신장군님 말씀이  맞습니다.. A를  물어를보면  B를 답하니 참 답답하네요. 강도가 칼을 버릴때 까지 저항하면 안된다는  것이네요,정치
hS1YoDX-McM,[정치브레인 1회] - 한 주간의 이슈 분석,김민석TV,오랫동안 수고 많으셨습니다 젊은날의 끔 이제 이루시기를 발합니다. ||| 앞으로 쭈욱 좋은 정치 부탁드립니다.^^ ||| 의원님 정알못 많이 배워갑니다. 구독 지지합니다.^^ ||| 홍보가 안 되어서  구독이 적네요. 김민석님 안녕하세요? 몇년전에 저희 남편에게 노무현 대통령처럼 똑똑하고 잘생긴 서울대 총장했던분 왜 민주당 국회원중에 없냐고 물었더니 설명을 잘 해주더라고요. 전 정치에 관심이 없어서 잘 몰랐었는데 고생많으셨고 다음 총선엔 꼭 당선되리라 믿습니다. 구독 눌렀습니다. 번창하세요~~^^**,정치
NmMhZF4_N4M,[정치브레인 2회]  - 한 주간 정치 이슈 분석,김민석TV,"김민석 원장님 항상 응원 합니다^^시사타파tv,화이팅",정치
okpQG14rMB8,문재인 대통령 임기 반환점! 중간평가 분석!(정치편) 이진곤의 종횡무진 with 서성교 건국대 초빙교수 (비판과대안tv),TV비판과대안,,정치
Hve9WAkKZVU,"진중권 “조국 아들이 올렸다는 감상문, ID는 정경심” | 정치데스크",채널A News,"지영아 너나 잘해 오죽하면 네번씩이나 이혼을 하냐 대다수 사람들은 너 같은 처지면 엎드려 조용히 살어 제발 나서지 마 ||| 공지영 아주머니,작가시절 제법 지식과 논리에 칭찬했는데 누구글 베낀건가 저렇게 새대가리인줄 몰랐다.완벽한 조두인것을. ||| 공지영  당신을먼저  돌이켜봐 꼭 자기똥도치우지못한인간들이 참견하는것좀  봐라 ||| 선우야, 배워서 기껏 한다는게 허구한날 변명짓이냐. 측은하다 ||| 강선우란 사람은 보편적이고도타당한상식선에서 얘기를해야지  도대체  이상한게 비틀어 말하네 패널자격이 의심됨",정치
AJaEcm9qKzo,"[정썰TV] 정치이슈 분석 (2019.10.25) 정시비중확대 등, 교육개혁 /경제성장률 폭락 /서울경찰청의 불법적 민주당 당원교육 /이철희.표창원 의원의 수상한 이미지 세탁",재헌,,정치
R1c_M8TDuu0,"박근혜,이재용 대법원 정치법관의 정치판결(분석 준비영상) [RNB, 레지스탕스TV, 정광용TV]",[정광용 TV]레지스탕스TV,정치법관들 모두 구속시켜야 한다 ||| 정치판사는 담에 없애야한다 문제다 ||| 쿠테타가 답이다. 국민들이 대환영일 것이다. ||| 정신나간 것들. 정말 분통 터져서 미치겠습니다 ㅠㅠ,정치
ZNtUeQOwoP8,"[김종배의 시선집중] ""조국 前 법무부장관 구속영장 기각 분석"" - 김남국 (변호사)",MBC 라디오 시사,"김남국 변호사님 감사합니다. 응원합니다 ||| 한마디로  구속하고 싶었는데 구속사유가 안되서 안타깝다는 말임 ||| 판사가  영리하게  양다리 걸쳤네~~  대한민국  공무원들... 다들  검찰수사 받아야  하는 것인가??!!! ||| 지금 검찰의 논리대로라면모든 검사들은 전부 직무유기로 구속수사되어야 한다. 기소유예를 한번이라도 했으면 직무유기다전부 수사를 해야지 누구재량으로 기소유예를 하느냐그 기준이 있는 것이다그래서 그 기준으로 검사의 재량으로 하는 것이다.그리고 우리나라 정부 조직에도 감사원이 있고, 금융위 같은 조사 기관들이 있다그런데 이 기관들이 조사해서 의심이 생긴다고 전부 수사하는 것이 아니라내부 징계, 수사의뢰 등 여러가지 기준이 있다그런데 검찰에서 반발?먼저 자기 수사부터 하고 반발해라 ||| 김남국 변호사님♥ 응원하고 지지합니다*~~",정치
ICTSGWOB3Q4,진중권 vs 공지영 격돌…유시민은 ‘오락가락’ 논란 | 정치데스크,채널A News,공지영은 도대체 왜저리 타락되고 있는지. 하긴 이미 되돌아가긴 글렀지. 계속 조국만 사랑해라. ||| 이가시나가  먼 지식인이가   옳고  그름을   구분도  못하는  인간이  지멋대로 쓰는  글쟁이  나부랭이  정도밖에   더되나   허 참 ||| 공지영 작가입니까. 이런인간의 작가라니  소가 웃다가 꾸뢰미 터지노릇 ||| 아무리 친한친구였어도   잘못한일을  잘못 했다고  하는게  옳은 지식인  아닌가요 ||| 공지영은 갈수록 이상하게 더 천박해진다,정치
J5s0l2sX_nk,[삭제될 노잼 라이브] 시사 정치 분석 방송 아님 ...,최인호TV,나라를 구하는 두분 모두 생축요^^ ||| 최쌤께서는 우리들의 가려운 부분을 확실히 긁어주셔서 이렇게 저와 다른 님들이 밤새워 듣는게 아닐까요?? 늘 언제 방송하나 기다려진답니다. 오늘은 아침에 굿모닝 했네요.  유머넘치는 최쌤 늘 응원할께요. 생일축하드려요. 마음만 받으세용^^ ||| 최쌤~ 생신축하드려요~💙 재방듣는데 넘 잼있어요~👍 ||| 황운하 청장님 화이팅👍 ||| 울최쌤최고입니다,정치
1WxnkvGwC_A,"[비하인드 뉴스] 우리들의 일그러진 목사님 / 소설가, 정치를 만나다",JTBC News,"첫 번째 키워드 ☞ 우리들의 일그러진 목사님 0:13 두 번째 키워드 ☞ 소설가, 정치를 만나다 4:34 ||| 정신건강이    심각하군요  저 목사는... ||| 정신이 옳바른지  의심이  가네.  병원가야겠네.  저런게 목사라고. 한심하다. 예수님을  믿긴믿는건가? 정치에  관여하는게  종교니? ||| 개인의 독단적인 모습 정말  답답합니다 ||| 60 이상 할망구들 일선에 세운다는데 환호하는 미물들은 뭐야.",정치
FVUfYlDY7cg,"[유시민의 알릴레오 37회] '20대 남자' 마이너리티 리포트 - 오찬호 사회학자, 천관율 시사인 기자",사람사는세상노무현재단 RohMoohyunFoundation,"06:13 ‘20대 남자’는 누구인가  14:43 가설검증1 : 20대 남자는 정치적으로 보수적이다?  17:50 가설검증2: 20대 남자는 공정성에 예민하다?  24:02 20대 남자가 특별하게 공유하는 정체성은?  45:25 20대 남자의 마이너리티 정체성, 원인은 무엇일까  57:11 맥락이 ‘제거된’ 공정함 01:07:11 20대 남자를 특정하면 문제 해결에 도움이 될까?  01:12:33 20대 남자 현상, 국가정책 바뀌면 해결이 될까?  01:14:51 ‘20대 남자 현상’ 제언 한마디  01:18:03 방송을 시청한 20대 남성들에게 한마디 ||| 막연하게 가지고 있던 생각을 명확한 통계와 함께 근거를 들어 설명해주시니 좋네요. 영상도 배울게 많은것 같은데, 댓글도 무척 흥미롭습니다. 유익한 영상 정말 감사드립니다. ||| 조수진 변호사님 사회자로서 최고입니다. 직업을 바꿔도 대박날 듯!  면접( 이때 사실 꼴등 점수를 줬었는데...ㅠㅠ)때와는 너무도 다른  최고의 진행자이십니다. ||| 이사장님 안계셔도 재밌는 유의미한 주제들이 다뤄져 넘 좋네요. ||| 33:52 여성들의 이런 방어기제가 참 뭔가 짠하네요. 근데 그게 무슨 마음인지 이해할 수 있어요.",정치
rDg2AvUfb1E,[정치분야] '이언주의원 현상황을 보는 매서운 분석'  2019/10/22(화) 국회의원회관 대회의실,태극 FM 생방송,,정치
IYOinXIpiLs,"“김영철 노역, 김혁철 처형”…北 공포정치 부활? | 정치데스크",채널A News,넘버 2도 강제 노역시키는 나라. 진짜 독재국. ||| 조직서열1위빼고 다필요없네 모두다 오늘내일이네 만약 그럴조짐이 보이면 쿠테타라도 일으키지 왜 그냥 그렇게 힘없이 죽어가노 못하는 사정도 많겠지만 답답하네 동생은 약쟁이고 고모부에 형도날리고 조직간부 다날리네 ||| 남한에서 북한 찬양하는 인간들하고  북한에서 불안하게 살아가는 사람들과  바꾸었으면 좋겠다. ||| 저 희귀한 나라는 고위급으로 갈수록 지옥문에 가까워지네 ||| 트럼프 형아...  북한은 안되겠어...걍....밀고 올라가덩가 특공대 투입해서 돼지 멱따고 끝내자.,정치
kTRA6i8AdAw,[김종배의 시선집중] 호남은 왜 조국 지지가 많을까? - 호남여론 민심 분석 - 박지원 의원 (대안정치연대),MBC 라디오 시사,벤츠여검사를기억하자  진성준의120억을기억하자 성상납의대가김학의를기억하자 ||| 논두렁시계때문에 10년을 넘겨줬다 그런시대를 또 살고싶은가 산자들이여 따릅시다 ||| 저도 전라도지만  이순신장군부터 동학농민운동에 이어서  5.18광주혁명에 이어서 나라가 위기에 빠지면 언제든지 몸 과 마음이 뜁니다 ㅎ ||| 도대체 왜 조국장관을 이렇게 까지 털어대는건지 이제 진짜 궁금해졌다 그동안은 뭐가 있는건가 했는데 지금은 해도해도 너무 하다는 생각이든다  수사를 하려면 공정하게 정의롭게 해야 하는거 아닌가? ||| 임진왜란 당시  호남인들은 이순신에게  쏟아지는  갖은 모함과  억측 비난에도 인내하며  그를  믿어주고 기다려 주었다 그리고  전쟁에서  승리햇다 작금의  상황과  호남인들은 임진년 당시와  맞닿아 있다,정치
Qrp9ndIEFuM,"[증시대전망 특집] 대북관련주, 정치테마주 업종 분석",팍스탁(Paxtock),,정치
fgqJjsOswu8,[김선생의 정치일기] 4.3재보궐선거 전격 분석,김선생의 정치일기,,정치
Wmqr-nBp3_0,Adieu 2019년 ‘올해의 정치 뉴스’ - NATV 국회방송 정치토론 왈가왈부 132회,NATV 국회방송,저승사자는 뭐하나 나이쳐 먹고 헛소리하는 노인들 좀 데리고가라  저승으로,정치
1UiBugXzqog,[정치 토론] 황교안 나경원의 조국 때리기 오히려 조국을 대선주자로? - 정청래 (前의원) / 조해진 (前의원) [이승원의 세계는 그리고 우리는],MBC 라디오 시사,"01:43~27:00   ① 8.9개각과 ‘조국 대전’ 27:00~32:34   ② 나경원 대표가 쏘아올린 보수통합론 32:34~35:53   ③ 민주평화당 집단 탈당과 제3지대 ||| 황교왈이나 김기추니가 했을때는 발가락 때로 보이던 자리였는데, 조국이 한다니까  엄청 귀한 자리로 느껴진다! 법무부장관★★★★★ (별이 다섯개) ||| 황나베는 본국을 위해 열심히  일할 뿐 ||| 민주적사고방식의 정치를 고대합니다 .. ||| 자한당의 논리는 과거 반정부활동을 조금이라도 했다면  내각에 입각할 수 없단 논리.",정치
2dtpUQ8RDvY,"[정치 토론] 조국에 실망한 여론, 그래도 한국당은 아니다?! - 정청래 (前의원) / 조대원 위원장 [이승원의 세계는 그리고 우리는]",MBC 라디오 시사,"00:00~09:43   ① 한국당도 놀란 장외집회(?) 09:43~30:56   ② 조국과 인사청문회 30:56~36:04   ③ 부정평가 50% 넘은 대통령 지지율 ||| 정청래님, 야당 의원시절 국정감사에서 서슬퍼런 국정원장에게 질의하는 모습에서 국회의원의 참 모습을 보았습니다. 애민과 정의의 정신으로 가득한 정청래 의 논리를 응원합니다. ||| 청문회를 지켜보고 결정해도 늦지 않을 듯요^^ ||| 그 조중동 짜집기왜곡 장단에 놀아준  mbc,mbc라디오안 입진보들의 보도  대한 실망이 개인적으로 매우 큽니다 ||| 정정당당 청래 화이팅!!! 항상 이분의 말씀은 바르고 시원하다!",정치
tde0Zk0J8FQ,"[아침토론] 문재인 정부 2년 부동산 정책 평가 ""집값안정 VS 양극화만 심화시켰다""",SBS Biz 뉴스,지난 정부 전세금 치솟아서  빚내서 집사서 지금 이자 노예된 사람  전세에서 월세로 내려앉아 월세 노예 된 사람  서울 잔세에서 경기 전세로 밀려나 교통비 노예 된 사람   전세금이나 월세금이 안올라 얼마나 다행인지 모른다. ||| 두성규 한번 파산 당해봤음 좋겠네. 잘도 저런 소리 나오겠다. ||| 입지가 좋은 곳에 신도시를 만드는게 중요한게 아니고 그걸 통해서 정책목표를 달성하느냐가 중요한거 안닌가요? 정책목표는 서울 집값을 잡느냐이고 3기 신도시 공급은 빨라도 10년 후일텐데 과연  이게 합당한건가요? ||| 두성규 == 건설업자 대변인 ||| 이때도 한문도는 헛소리 했구나 시간상 2019년경 같은데 낯짝도 두껍다 저러고나서 더 올랐는데ㅋㅋㅋㅋ,정치
HLvW8GYEd-o,경제정책 전반에 대한 토론과 점검! 제안합니다! #자유한국당 #당대표 및 #최고위원 #중진의원 #연석 #회의 #국회 #나경원 #원내대표 [2019.06.19],나경원TV,나경원 의원님을 응원합니다. ||| 너나잘하세여  ㅋㅋ  억지논리쩔어,정치
qt8jTmHorEY,[맞장토론] '조국 충돌·막말 국감·광장 정치'…출구는?,JTBC News,우리는 지금 엄청나게 깨지고 있는 모습을 보고있습니다 ㅎㅎ(주어 없음) 똑부러지는 이재정 의원 응원합니다~^^ ||| 이재정 의원님 응원합니다 말도안되는소리 받아주느라 고생이 많으시네요 ||| 자유한국당 대표선수로 나온거 맞나요?..  이재정 이랑 겸상할 정돈 아닌것같은데.. 상대를 봐가면서 출전을 시켜야지.. 대변인맞나? 두리뭉실하게 말하지말고  상대방처럼 구체적으로 똑부러지게좀 말해봐 업무능력차이가 너무난다.. ||| 김현아야  아무리 같은당 의원이지만  여상규가 제정신 같아 보이냐????? 눈이 있고 귀가 있고 생각이 있으면 이런 토론 나와 너네당  누구라도 죄송하고 미안하다고 해야할 판이다 .  나경원 맘에 들려고 양심 버린건 알겠는데 똑똑히 사태파악 다시해라 . 어디 나와서 잘난척 나불대지 말고 !!! ||| 이재정 똑똑하네 그지혜를 국민을 위해서주길바랍니다. 역사에 길이 남을 정치인이길 바랍니다.화이팅!,정치
5oyosZZL5Ss,"[동창토론] 비경제활동인구 역대 최고치... 노동정책 실패일까, 사회구조의 변화일까?-.../ YTN 라디오",YTN 라디오,Good♥♥♥,정치
XeZZ9Lnnn84,"[KBS뉴스9 경남] '백색국가' 시행, 소재·장비 국산화 정책 토론 | 2019.8.25.(일) 뉴스 전체보기",KBS뉴스 경남,,정치
YjBA54mpx2U,"신문브리핑2 ""199번 토론 vs 쪼개기 국회… 출구 없는 대치""외 주요기사 [아침&매일경제]",MBN News,,정치
UmhPeJzJaxc,"여야, 국회일정 ‘무제한 토론’…된다 vs 안된다 | 뉴스A",채널A News,"위법,불법,편법이 판치는 국회운영.과정이 공정해야 결과에 승복하는법.규정에도 없는4+1 이라는회기한 자태 중지하라. ||| 한국당힘네세요..문의장물러나라 ||| 문희상 구한말 을사오적처럼  역사에 죄인으로 남지마시오. 국민들이 당신 용서하지 않을거요. ||| 한국당 필리버스터 지지합니다 응 원합니다  잘하고 계십니다 이 나라가  필리버스터에 달려 있습니다. 한국당 잘 하고 계십니다",정치
d_JzWnUMAZg,"TJB 열린토론 [혼돈의 국회, 정치 쇄신 가능할까?] 2019.11.30",TJB NEWS,,정치
JPtAxtvGKDo,여성할당제 토론하다 싸움날 뻔ㄷㄷ(feat.100분토론),엠빅뉴스,"저 변호사에게 사건 의뢰 맡긴 분들 당장 변호사 바꾸세요 등기나 하실분인듯 ||| ""여자""를 뽑아야 하는게 아니라, ""잘""하는 사람을 뽑아야 하는게 맞는거지요~~ ||| 기회는 평등해야하지만 결과가 평등하면 안된다. ||| 군 가산점은 싫어요 여성 할당제는 좋아요 힘든 일은 싫어요 돈은 똑같이 받고 싶어요 ||| 이 영상을 보고 나도 변호사를 할 수 있겠다는 희망이 생겼습니다. 감사합니다.",정치
Oy_aXLzENtw,"여야, ‘무제한 토론’ 계속…이 시각 국회 상황 / KBS뉴스(News)",KBS News,,정치
WeuqKsXjOiw,"[정면] 2030 정치를 말한다, 특집토론-장경태 더불어민주당 전국청년위원장, 백경훈 청.../ YTN 라디오",YTN 라디오,,정치
FSK5ILlabGs,[맞장토론] 역대 최악 평가 20대 국회…'선진화법' 논란,JTBC News,,정치
OqHyZODHGpM,여순사건 70주기 특별기획 여순사건 특별법 국회토론 - 정인화 의원,정인화TV,,정치
kIJpJ5gnDek,[맞장토론] 국감-광장정치 '조국 블랙홀'…여야 생각은?,JTBC News,주호영국회의원님은 수성구에서 엄청 신뢰가 두텁습니다 나라가 두동강이날판 입니다 어느집회는 어떻고 말하지 마세요 이집회던 저집회던 국민들에 생각입니다 대통령님은 두곳다 심히 생각하시고 국민에 마음을 헤아러주시고 나라를 바로잡아 주세요 집회를 존중해주시고 모든 집회는 자발적입니다 그걸시킨다고 누가합니까? 그렇게생각하면 정말 국민들은갈곳이 없습니다 국민에 목소리에 심각히 받아주십시요. ||| 잘못이 있다면 수사받는게 당연한고 상식인데 왜  수호해야하는건가? 특정인의 자녀에게 주어진 특혜를 인정하자는건가? ||| 좡우상관없다. 조국일가 비리 철저히 수사해야한다! ||| 서초동은 누가봐도 조국수호집회 아니냐ㅋㅋㅋ검찰개혁이 뭔지도 모르는 사람들임ㅋㅋ ||| 우원식은  상식이 없는 분이네요. 저런사람을 국회로 다시보내서는 안됩니다.,정치
iHc1MC6gosQ,국회 필리버스터 자동 종료…여야 의원 15명 토론 / 연합뉴스TV (YonhapnewsTV),연합뉴스TV,,정치
pbsD_MhjB2Q,"[토론] ""국민 삶은 지옥, 아우성.."" VS ""그렇다면 국회로 돌아와야"" - 더불어민주당 강훈식 의원, 자유한국당 정태옥 의원 [ 김현정의 뉴스쇼 ]",CBS 김현정의 뉴스쇼,방송패널 섭외가 안되나보네 저런 망가진사람을 섭외하고.... 주둥이로만 정치하고 할줄아는건 뻘짓에막말에 가짜뉴스 생산자들.. 이젠 국민들이 깨어나서 쓰레기정치인 걸러낼듯 ||| 정태옥 이부망천~ 탈당했는데 언제 들어왔대?말을 설득력있게 잘하는것도 아닌데 계속 나오는거 보니 알만하다. 잡귀들^^ ||| 이부망천씨 안녕하세요.  망하셨는데 인천으로 옮기셨나요?  1년도 안되서 이렇게 활개치고 다니는거 부끄럽지도 않으세요?  하긴 뭐 이 세상이 지옥이라는데 지옥에선 부끄럼따윈없죠. ||| 일도 안하면서 세비는 몇천씩 받아 쳐묵으니 국민이 절규 하지 장외투쟁 한답시고 밖으로만 싸돌아 다니고.. ||| 자한당 탈당 했는데 재입당 해냐? 횡성수설 하고 자빠졌네,정치
wlTBd8Gvric,정책토론 | 대한민국 심각한 위기 상황 | 정치 경제 안보 | 애국정책전략연구원 | 진단 | 국민대토론회 | 조원진 의원실 |2019.02.18,까치방송 TV,"조원진대표님존경합니다,우리대한민국을구하기위해넘넘,고생이많으십니다짱조원진대표님,화이팅 ||| 까치방송티비 너무 잘 보고 있습니다. 까치방송 홧~~~~~팅입니다. 대한애국당 조원진대표님과 애국동지분들 사랑하고 존경합니다.~^^ ||| 홍문종의원님 감사함니다 자리숫자가 중요하지않습니다 대한애국당 의투지가있습니다.***** ||| 까치방송감사합니다항상빠른소식과뉴스로궁금한실정을보도하시고자수고하여주심에감사합니다그리고우리대한애국당원모든분과애국국민모든분턔국기애국집회의모든.건실한단체와앞에서서수고하며집회를지도와이끌어주시는분들께감사드립니다우리모두심기일전으로나라를올바로세우며우리들에사랑하는박근혜대통령님을꼭모셔오십시다",정치
cVR8QjjPlfk,"[KBS 열린토론] ""촛불정부 2년, ‘정치·사법’ 개혁과제를 점검한다""",KBS 1라디오,언론개혁이 시급한것 같아요 언론때문에 더욱 정치. 사법.개혁이 늦어지는것 같아요 ||| 18:08 ???? 토론시간이.....??  총편만 들었네요..ㅜㅜ ||| 아직 하나도 된게 없음. 근데 원인이 정치가 아닌 언론이 범인인거 같음. 특히 캐빙신 세금먹는 니들이 전혀 기여하는게 없음. 기껏해야 기계적중립 핑계로 양비론이나 시전하고 근데 민주당이 잘못하면 그런지 않는데 자유당에게만 해줌. 만약 민주당이 2년가까이 국회활동을 안했으면 어떻게 됐을까? 1주일만 대치되도 민주당 죽어라고 까지 않았음? ||| 진성준 의원  역시 실력있는 의원!,정치
ELSRMQsBEpk,[순간포착] 청와대 ‘셔츠 토론’…“얼마나 덥길래” 비판도 | 정치데스크,채널A News,윗  옷 벗어재키는게 소통이냐 쑈통이냐? 보이러를  얼마나 온도를 높혔으면   이추운 날씨에 더러운 쑈까지하나!  뭘하나 지데로 하는 꼬라지를 못보겠네. ||| 실내온도25도쯤 되나보네~서민들은 난방비 아낄려고 추위떨면서 사는데.... ||| 쇼는더럽게잘한다.경제는개판만들어놓고서. ||| 무슨 보여주기식 하지말고 진심으로 국민을 위해 일해  주세요. ||| 텀블러 들고 외부에서 주둥이털때 겨울비가 한번 퍼붜줬으면... 담에는 우비쳐입고 나올까..아니지 담에는 정권빠뀌지만..,정치
-b7U4QZ9zeo,국회 '선거법 필리버스터' 대치…여당도 토론 가세 '맞불',JTBC News,한심에 한심은 더하니...국민들아 제대로 뽑자!! 저 꼴 안볼 수 있게!! ||| 🎷🐕🐕🧽🐓🐕🐕🐕국민피해주는쓰레기바큰해자한당박멸 ||| 황씨 가지가지 하시네~~ ||| 나라미래 생각을 해야. 왜 악법 공수처법을 고집하는 이유가 뮌가? 현 검찰을 대통령의 손아귀에 넣으려고 하나? 양심이 있다면. 정상적이라면. 나라 미래 위한다면 이런 악법 만들수 없을것. 여당.양당의 문제가 아님,정치
hqKqk5mxuDM,"김미희, 19대 대선 보건정책토론",김미희 약사,2016년 창당한 민중연합당은 2017년 민중당으로 확대 재창당했고 2018년 이름을 진보당으로 바꾸었습니다.,정치
72xqmZb459c,제대로 된 토론 없었다…회의록에 예고된 '난장판 국회' / SBS,SBS 뉴스,초등학생도 안할행동을 하는 어른들.. 부끄럽습니다 ||| 법안이 제대로 처리되려면 저렇게 졸속으로 날치기가 되는게 맞단 말인가? 민주주의가 죽음을 맞이한 것이다 법안을 살펴보지도 못했다 그런데도 강행처리가 되었다 그동안 협치를 외치고 외친 민주당이 과연 민주라는 이름을 붙일 자격이 있는가? 역겹고 역겹다,정치
aYN_h5GP2Wo,"[2019 신년토론] ""전 정부 정책으로 돌리려는 시도"" vs ""인권 모욕""…경제위기론 공방",JTBC News,"스폰서가 있는 사람은 보는눈이 무서워서 작은 반응이라도 느껴진다고 생각하면 과하게 반응할 수 밖에 없습니다. ||| 웃기다. 엠비때 낙수효과 기대하면서, 법인세 인화와 더불어 기업 친화적인 정책들을 쏟아 냈다. 거기에 미국발 금융위기와 명박이 자원외교등 실패로 국민세금만 더 올려서 매꾸면서 국민들의 희생을 바탕으로 성장 해 왔다.결과적으로 기업들의 이윤은 늘었으나, 이러한 이윤은 고스란히 해외투자와 자신들의 경영권 세습과 같은 그들만의 기득권을 유지하기 위한 목적으로 쓰여졌고,국민들을 더욱 더 각박한 생활에 몰려지게 된다.다행히 JTBC 와 깨어있는 국민들 덕택에 더이상의 잘못을 이어가지 않게 한숨 돌릴 수 있는 시간을 벌었다...근데, 지금 많은 국민들은 바램과는 다르게, 사회 지도층이 보이는 모습들은 다시 우리 모두 스스로 망하게 가는 지름길을 찾아가고 있다. 여전에 정치를 자신의 권력으로만 이용하려는 보수정당, 이들을 이끌고 설득하지 못하는 무능함을 보이고 있는 여당들여전히 철밥통에서 벗어나지 못하는 공무원들의 의식등을 보고 있으면, 우리는 아직 많은 노력이 필요하다고 느껴진다.  최근 소득주도의 정책에 대한 기득권들의 반응은 각종 뉴스와 여론을 통해서 쉽게 접할 수 있다.  과거 정부의 친기업정권이 그러하듯 대안  없는 어설픈 수치에 따른 비판만이 동반되고 있다 . 현대와 과정에서 늘 그들의 잘못은 사회가 같이 떠안고 가야하는 것이 당연한 것이라고 떠든다. IMF와 세계금융위기때 그들의 잘못된 경영으로 잘못없는 노동자들이 일자리를 잃거나, 비정규직과 같은 사회 최하층으로 내몰리는 사회 양극화 상황에서 그들의 사회적 책임은 얼마나 했는지 물어 보고 싶다. 역사적으로 계측간의 양극화의 결과는 세계 대 공황의 중요원인으로 알려져 있고, 이를 잘 알 고 있는 각국 정부는 이를 줄이기 위해 여전히 많은 노력을 하고 있다. 그리고, 이를 바로 잡기 위한 첫 출발점으로 최저임금부터 뜯어 고쳤더니, 기껏 한다는 소리가 10년전 소리와 징징대는 소리가 들린다. ||| 이번토론은 숙대망신으로 종결 ||| 유시민 작가의  한 말에 동의하면서 머릿속에 맴돌았는데 정확히 직시하고 계신 듯 교수랍시고 떠들어 대는 게 ... 숙명여대도 답답하겟다 ||| 유시민작가의 주장에 100%공감!",정치
dIbTrQOVJVI,"문 정부 경제 정책 비판 ""열린토론, 미래 : 대안"" 토론회 (풀영상) [11월 12일]",시사포커스TV,귀하의 책임은... 없는거유? ||| 당신은 참  대단하다   탄핵합의안했으면  나라가지금  이꼴이겠는가 ||| 수없이 똑가ㄸ은 실정 문제점만 발표할게아니라 대안과 방법이나 투쟁 이런방향이 창출되어야합니다 ||| 정진석은 왜 김무성과 노는지 몰겠네유~~ ||| 김무성 아직도살아있나? 나라를 이렇게 만드는데 앞장선사람이 누구냐?,정치
6if6M0FoL9I,‘완전한 국회 정상화’  쟁점과 해법은?  - NATV 직언직설 토론당당,NATV 국회방송,정태욱 의원님 말씀이 맞습니다 ||| 김만흠 사회자 중간에 끼여들지좀 마러 짜증난다 ||| 개  귀에는 개소리만 들리지,정치
gEeZf1GQY2w,"[아침토론] 정부, 재정정책을 통한 경기 부양...경기회복에 긍정적일까?",SBS Biz 뉴스,최준영님 잘 봤습니다 ㅎㅎ ||| 지돈아니라고 막쓴다 세금작살나게오르지싶다,정치
K9V3iFvP2gk,국가인권위원회 '난민은 특정집단이 아닙니다.',국가인권위원회,"훗.... 속된말로 ""지랄 엽차기 하고 있네..."" 뭐가 문제인지 모르겠나요?   1. 현행 제도와 체계로도 악용하려는 가짜 난민이 넘처나고, 범죄 / 테러사실/심지어 결혼여부까지 등 제대로된 심사가 이뤄진다 장담할 수 없고, 난민 인정후 제대로 관리가 되지 않는다.  난민을 제대로 심사하고, 관리할 수 있는 제도/시스템을 갖추지 못했으면 갖추기 전까지는 좀 자재하는게 맞죠? 추방 전까지 먹는거 입는거 자는등 최소한의 인권은 찬성...하지만 지금 이따위로 받아들이는건 반대입니다.   2.  우리는 이미 받아들여야는 해외에서 떠도는 난민지위조차 인정받지 못하는 동포들이 수십만 있습니다. 그들을 먼저 챙기고 해결해야 하는거 아닌가요? 대한민국 국력이 난민도 탈북민도 모두 포용할 수 있다? 헛소리 탈북민만 감당하려해도 휘청댈껄?   3. 난민과정 및 인정 후 대우.....외노자든, 외국인 방문객이던, 범죄자던..... 뭔놈의 인권이 특혜를 챙겨주는것 밖에 없어?  국가가 베풀수 있는 외국인에 대한 최대한의 인권은 적법한 입국과 체류, 국내법을 준수하고 의무를 다하는 이들에게 내국인과 동등한 권리를 보장하는 것이죠........지금처럼....외국인이니 뭘해준다가 아니라......이건 인권을 보장하는게 아니라 특혜를 챙겨주는 것이고 내국인에 대한 역차별이죠?    그리고 마지막으로..... 내가 머무르려는 국가의 종교 문화 예의 등 전반에 대한 이해와 인정이 없는건 나 차별해 주쇼 라는것과 똑같죠? 그걸 못하는건 오히려 해당국가 국민의 인권을 외국인들이 무시하는 것이죠? 궂이 다른 문화권 전혀 모르는 문화권에 와서 ?   지금 난민들의 상당수 불법외노자의 대다수는 그렇소....그리고 확인해 보시오 그들중 제대로 세금내는 이가 얼마나 되는지......절친한 국내거주 외국인 에게 물어보슈....   그들은 단순 범죄만저지른게 아니라 대한민국과 국민을 무시하는 거요... 더불어 그런 사실을 외면하는 정부기관 그리고 당신들 역시 국민을 역차별 하고 국민의 인권을 무시하고 있는 거요.....",비영리/사회운동
-YJRgz1bVLQ,군인권 국가인권위원회가 함께합니다,국가인권위원회,범죄자들 인권 보호에 앞장서시는 아주 대단한 분들 ||| 저도현재인권침해받고있음니다. 냄새난다는. 이유로. 청양군에서 동네에서 많은 ||| 강제징용이나 보상해주세요 제발,비영리/사회운동
hxSTTMVl4cA,[2018 인권의날 기념식] 세계인권선언 낭독,국가인권위원회,"와.일본....... ||| 인권위원회는 동성애자만을 위한 기관이다...성소수자에게 특권을 주는 기관... 다수의 국민이 역차별 받도록 만드는 기관이다.. 그러면 왜 북한의 인권은 모른채 합니까!!! 인권이라는 이름으로 종교의 자유, 표현의 자유를 박탈하는 것은 인권이 아니다!! ||| 3빠 yee ||| 4빠 ||| 2빠",비영리/사회운동
68HRfGE63XI,[국가인권위원회] 인권경영이란 무엇인가요?,프리스트TV,인권경영이란 무엇인지 알게되어 좋아요^^ ||| 😊,비영리/사회운동
_ecb_ub7W6M,4회 차. 여성노동운동의 역사,한국사이버성폭력대응센터,"뜻 깊은 영상 올려주셔서 감사합니다. 더 많은 여성들의 이야기가 기록되길 바랍니다. ||| 잘 보고 갑니다 ||| ""남편 벌이가 시원찮냐"" 아 이거 진짜 너무 토나와요 ㅜㅜ ||| 난 아직 늙지않았어 ||| 힘들일 보면 젊은여성 몆이나 될지. 3D직업도 연세드신 분들이 많이 하던데. 그분들 존경받아 마땅합니다. 이시대의 진정 여성분들. 솔직히 따지고 보면 군대를 보면, 알고. 경차입사시험 때도 보면 나오는데요",비영리/사회운동
K-cRzcZ06r4,[2018 인권의날 기념식] 인권선언 영상,국가인권위원회,인권,비영리/사회운동
CrvymzGNH4E,대전시 이전 요구에 갈 곳 잃은 대전인권체험관/대전MBC,대전MBC 뉴스/Daejeon MBC News,,비영리/사회운동
QZuDDuKrhFc,2019년 인권경영위원회 정기회의,한전KDN,,비영리/사회운동
A6ZghWDl7tc,[인권교육] 인권경영의 이해,국가인권위원회,감수성이 기본이 되어야 기업.나라 모두  건강해 집니다 ||| 몇십년만에 얼굴 보니 반갑네. ||| 예수님은 창조주시며  심판주로  다시오십니다 ㅡ기독인,비영리/사회운동
0DXU3z-CG-Q,"김선영의 ""토크 합니다"" - 박래군 인권중심사람 소장 (19/03/11)",뉴스토마토,,비영리/사회운동
-QS-p4jbF-w,나의말(인권친화 노래),전소연,댓이없네... 가사완전좋네욤!!! ||| 소연 선생님. 곡이 너무 좋네요. 딸 하교하면 들려 주어야겠네요.,비영리/사회운동
aeYqFGoTkdg,국제인권단체 링크(LiNK)입니다 🟥 #북한인권 #인권 #탈북민,링크 - Liberty in North Korea,,비영리/사회운동
xvH4yfFGxX0,[JCN]지구 온난화.. 기후변화교육센터 설립 추진,존티비JONTV,아래 동영상에 대하여 평가부탁드립니다. https://youtu.be/2FDjCpN7iU8,비영리/사회운동
hj4wImXPO4M,환경부 기후변화적응 (고화질),KEI KACCC(국가기후위기적응센터),,비영리/사회운동
bxeEy1Ve5rw,활동가들이 만든 최초의 기후변화 다큐멘터리 모두의 기후변화,ICENETWORK,배우가 훌륭합니다,비영리/사회운동
0H6mEhpFImw,과학자가 말하는 기후변화 VS 미세먼지 [조천호 전국립기상과학원장 인터뷰],서울환경연합,이런 유익한 정보는 널리널리 알려지고  줄이는 방향으로 모두가 합심하여 실천에 옮기는 대한민국이 되어 봅시다 ||| 서울환경연합~ 응원해유~~!! ||| 재미있게 잘 봤습니다. 고맙습니다 서울환경연합~~ ||| 감사합니다. 유익한 내용이네요!! ||| 차클보고 왔어요 다음세대가 걱정이네요,비영리/사회운동
rGmjT_LvVVM,기후변화 1강 기후변화의 원인과 양상,기후변화대응 에너지전환 협동조합,기후변화에 대한 섦명을 쉽고 자세하게 하셔서 피부에 와닿아서 대책을 지구인 모두가 나서야 한다고 심가하게 느끼게 되었습니다 감사드립니다~ ||| 고맙습니다. 자주뵙겠습니다. 화이팅입니다. 응원하겠습니다. ||| 강의 잘 들었습니다. ||| 기후변화에 대해 깊이 있게 이해할 수 있었고 행동의 필요성을 절감했습니다. ||| 우리가 꼭 알아야할 우리의 환경 !1 잘 들었습니다,비영리/사회운동
rJ8m0f-a5RA,기후변화로 급격하게 줄어든 눈표범과 친구들의 서식지,WWF-Korea,"꼭 참여, 동참.",비영리/사회운동
8QAZfGBe30U,기후 '변화'가 아니라 '위기'다 [다큐 세상] 20191018,KBS 다큐,"진짜 심각하다 ... ||| 저 역시도 그랬지만 기후위기에 대한 관심은 적은것 같아요... ㅠㅠ ||| 모든것은 인간의 기준이지 인간만 없다면 어떠한 변화속에서도 알아서 적응해 살아갈건데 단지 ""인간""에게 필요하다는 이유만으로 ""인간""의 기준으로만 연구하니까 ""인간"" 기준의 결과가 나오는거다.",비영리/사회운동
AFiXbTciCsI,대한민국 기후변화에 우리는 어떤 선택을 해야하는가,미세먼지 바로알기,,비영리/사회운동
OMJvcUvGSas,천안시 제2차 기후변화 적응대책 수립용역 최종보고회,천안시 · Cheonan,,비영리/사회운동
V2Du8hRMwaE,"박지훈 기후변화 홍보대사 임명, 지구를 함께 지켜요 (Park Ji Hoon, Honorary Ambassador Ceremony)",STATV,지호나 사랑해❤❤❤ ||| I love youuu 박지훈 💜💖💖 ||| 역시 우리 지훈이 🌹🌹❤️❤️❤️ ||| 박지훈 공익을 위해 재능기부도 하고 자랑스럽다. 환경부 홍보대사가 된 만큼! 박지훈 팬으로서 함께 지구를 지키는 일에 앞장서겠습니다. 4월 22일 오후 8시부터 10분간 소등행사 함께해요♡ ||| ❤박지훈 사랑해❤,비영리/사회운동
xp7zXzjfZ-I,[원주MBC] 위기탈출 기후변화,원주MBC Program,,비영리/사회운동
MrVCm10E-gQ,youtube용 홍보영상초등학생을 위한 기후변화적응,KEI 환경정책교육원,,비영리/사회운동
27EteQfVJpg,박지훈 (PARK JI HOON) 환경부 기후변화 위촉식 -1 : 입장 및 내빈 소개,NINE STARS,park jihoon love u ||| parkjihoon so handsome😍 ||| I love Park Jihoon ❤️❤️❤️❤️❤️❤️ ||| 홍보대사님 잘생김이 넘치십니다.... ||| .....he's so DAMN beautiful:(,비영리/사회운동
Kmn902dAquk,박지훈 (PARK JI HOON) 환경부 기후변화 위촉식 -6 : 기념촬영,NINE STARS,"박지훈 멋지다 ||| 홍보대사님.. 너무 멋지다.. 이쁘다... 박지훈 화이팅 ||| 박지훈 기후변화 홍보대사 임명,축하해요. ||| 와 잘생겼다 박지훈 ||| 와 진짜 잘생겼다",비영리/사회운동
cOoypt1seyI,제1회 청소년 기후변화 연설대전,서울시 · Seoul,"와, 친구들의 깨달음과 어른들을 향한 외침. 그리고 정책제언까지. 정말 감동적이네요! 2021년에도, 시간이 얼마 남지 않았습니다. 행동합시다 ||| 현장분위기가 고스란히 전달되어 좋았습니다. 아이들 예선부터 본선까지 쭈욱 지켜보며 깊은 감동과 큰 울림을 받았습니다. 예선, 본선 준비한 모든 청소년들!! 고생 많으셨습니다. ||| 아이들의 이야기에 이제 우리 기성세대는 귀를 기울이고 실천할 방법을 모색해야합니다. 아니 아이들이 방법을 이미 많이 제시해주었네요. 부끄럽지 않은 어른으로 기억될 수 있도록 지체 없이 우리가 할 수 있는 기후위기에서 탈출할 방법들을 무엇이든 행동으로 옮기기로 해요. 청소년들, 너무너무 고맙습니다. 보이지 않은 곳에서 애쓰신 분들, 준비하느라 애쓰신 분들도 모두모두 너무 고맙습니다.^^",비영리/사회운동
O6vn01QE_jM,자원봉사센터장이 대체 뭐길래,G1방송,관련 공무원 파면하고 남원시청 감사들어가라~! ||| 행안부가 명시하는 자격요건이 너무 시대에 뒤떨어짐. ||| 선거유치및 활동 금지 해야 됨. 남원시장과 같이 감사해야~.,비영리/사회운동
yBzSjchvIQo,경기도자원봉사 캠페인영상 3화 자원봉사 편 (1365자원봉사포털 이용),경기도자원봉사센터,똑같은거 또 보는 느낌입니다. 앞부분을 없애주시면 더 좋겠습니다.,비영리/사회운동
AWbxFj05RNw,자원봉사의 의미를 알아봐요.,따복,저도 불과 몇 년 전에 자원봉사를 했던 적이 있었는데 너무 쉽게 포기하는 바람에 끝까지 완수하지 못했던 기억이 나네요... 이 영상을 계기로 자원봉사에 대한 생각과 가치를 재정립 하는 시간이 됐다고 생각합니다. 감사해요😄 ||| 안녕하세요 저는 지적장애인이고 양호합니다 장애인을 받아들이기에 시간이 오래걸려 장애인 복지관이라던가 그런곳을 전혀 안갔었고 해외를 살게됬고 한국으로 돌아가게되는데요 정말 장애인 봉사하는사람들도 가끔 뉴스에 나오고 장애인한테도 막대하고 그런사람들보면 화가 너무나더군요 장애인들도 불편할테고요 장애인들 대부분 마음의 상처가 클텐데요 물론 비장애인들도 크지만요 ||| 이웃을사랑하는마음으로하는거죠 봉사시간채울려고하는게아니고,비영리/사회운동
aObrt7GSdQg,자원봉사센터장 불법채용 의혹,G1방송,,비영리/사회운동
8-Nnbn5heTU,[자원봉사 기본교육] '내마음속의힐링힐링'(2019),대전광역시자원봉사센터,"*99%는 이걸 못보겠지만 볼 1%를 위하여...* 3:06 자원봉사 활동 뜻 4:35 자원봉사자의 역할 5:04 개인적 역할 사회적 역할 멈춰서 보세요 5:48 자원봉사 활동의 분야 멈춰서 보세요 7:42 아동 자원봉사 활동시 특성 8:37 아동 자원봉사 활동시 자세 8:54  노인 자원봉사 활동시 특성 10:10 노인 자원봉사 활동시 자세 10:14 장애인 자원봉사 활동시 특성 10:42 장애인 자원봉사 활동시 자세 10:57 다문화 자원봉사 활동시 특성 11:34 노쇼(주의사항) 13:42 나눔의 뜻 14:02 나눔의 방법 15:42 노블레스 오블리주의 뜻 16:19 전문 자원봉사 활동 뜻 (재능기부의 뜻 포함) 16:45 전문 자원봉사 활동의 종류 18:03 자원봉사 현장의 인권보호 21:13 자원봉사센터란? 21:54 1365 자원봉사포털 22:15 1365 자원봉사포털 사용법 22:49 자원봉사 인정,보상 제도 24:55 유관기관과의 연계 ||| 온라인 수업떄문에 온사람 조용이 손들자 ||| 자원봉사 활동 뜻  3:05  3:05  3:05자원봉사활동 시 유의 사항 11:33 11:33 11:331365 자원봉사포털 사용 방법 22:13 22:13 22:13 ||| 잘들었습니다 1365가입해서 한번씩 장애인체육관에서 봉사활동하고있습니다 ||| 형식보다 진실을, 실적 위주보다 현실성을,  내 주변부터 시작해 점점 넓게 확대 지원.",비영리/사회운동
J3-ZqOT_0IQ,1365 자원봉사포털 가입방법 안내,jinsook kim,전국 학생 여러분 2배속으로 돌리세요~~ ||| 서중 좋아요 박아라 ||| 실명인증어떻게하나요,비영리/사회운동
SgO91LqLXzY,페미니즘은 여성 우월 주의라고? 넷 세상 전쟁터를 방불케 하는 한남과 김치녀 대결구도 왜때문에 그래요?,tbs Culture,"페미 : 걸크러쉬!! 걸스 캔 두 애니띵!! 여자는 남자보다 체력과 정신력이 뛰어나서 뭐든지 할수 있어욧!!  나 : 그럼 여자도 군대 가! 페미 : 여자는 약자에요. 어떻게 여자에게 군대에 가라고 할수가 있죠? ||| 페미니즘 = 여성우월주의 = 뷔페니즘 양성평등 및 휴머니즘운동으로  해야함 ||| 예능이 남성중심적이라공ㅛ? 시청자분석은 해보셨나요? ||| 제 생각에는... 요즘 세상에서 목소리에 '확성기'를 달기 위해선 '그 의견, 주장이 얼마나 논리적이고 합당한가' 보다는 '그 의견, 주장이 악의적일지라도 얼마나 자극적인가' 가 중요하다고 생각합니다. 실로 먹히고 있고, 욕을 먹고 반발의 목소리가 커지더라도 조회수는 크게 늘어나고 많은 대중의 머리속에 기억됩니다. 이런 홍보작전(?)이 제대로 먹힌 최근 '목소리'는 페미니즘이 압도적 1등이 아닐지 생각합니다.     일단 그 의견은 확실히 각인 되었고 큰 반발심을 불러왔습니다. 하지만 방송 내외, 여기저기에서 서로들 목소리를 내고 토론이 오가며 조율이 되어가고 극진주의자들은 알아서들 사라져가고있습니다.  배리나같은 분들은 반짝 조회수벌이만 하고 사라졌습니다. 출렁이던 파도는 점차 잦아들고 수평선을 찾아가고있다고 봅니다. 82년 김지영의 경우만 보더라도 그렇게 생각됩니다. 물론 책도 영화도 보지 않았지만... 여기저기 리뷰를 보면 먼저 나온 책에선 남편이 '무정하고 부인을 위하지 않는 캐릭'이었지만 영화에서는 '부인을 위하지만 사회적으로 어쩔수없어서 안타까워하는 캐릭'으로 나옵니다.       출산률이 바닥을 치는 세상에서 하루빨리 이런 현상들이 하루빨리 조율, 화합되었으면 합니다. 어쩔수없이 대부분의 인간은 서로 이성을 좋하고 결혼하고 아이를 갖고싶은게 본능이니까요. ||| 제생각에는 페미니스트 자체가 문제가되는게아니라 본인을 페미니스트라 칭하는 여성우월주의자나 남성혐오주의자같은 가짜 페미니스트때문에 더욱더 문제가된다고 봅니다.",비영리/사회운동
b68f2hpjiug,사단법인 포항시자원봉사센터 출범식,포항시ᆞPOHANG CITY,,비영리/사회운동
J0zJZsp8DvE,가수 요조가 선택한 책갈피 '어린이를 위한 페미니즘' [책 추천],책갈피 / 글랜스TV,"어린이들뿐만아니라 왜곡된 페미니즘을 알고있는  현세대들에게도 진짜 필요한 글귀네요.... 올바른 교육이야말로 올바른 생각, 행동을 갖게해주는듯해요 ||| 요즘 시대에 여성으로서 받는 차별이 뭐가 있는지 정말 궁금해요. 여성으로서의 혜택은 종종 보이는데... ||| 괴벨스가 독일국민에게  나치즘 전파할때 딱 이랬는데 ||| 큰일이다... 진짜 너무 큰일이다... 그 누구도 타인에게 차별하고 차별받는걸 원하지도 않고 그렇게 되서도 안된다는 생각은 누구나 함 목소리를 낸다 목소리를 듣는다...이게 비장애인 중심적인거라면 이건 오히려  공감능력을 갖고있는 모든 사람에게 역폭력임.. 이런방식이면 세상전부가 모조리 부조리함... ||| 1.여성전용 마크가 있는 주차장  2.여성전용 자전거 주차장  3.제천여성도서관  4.여성전용화장실(TV+소파 존재) 3억 4천만원 국비  5.여성전용전문직할당제  6.공공기관 취업 시 여성 전용 가산점.  7.여성전용창업지원  8.여성전용영업지원  9.여성전용실기시험(공무원) 여성에게 점수 특혜제공  10.여성전용임대주택  11.성매매여성전용생활지원시스템  12.여성전용재판(재판결과가 낮아지거나 심신미약적용)  13.여성전용지하철칸 - 부산에 존재  14.여성전용휴게실  15.여성전용계단  16.여성전용거리(반발이 심해 시행되지 않음)  17.여성전용도서관  18.여성전용 학교기숙사 (기존 남녀기숙사 有. 여성전용 시설 증축..이후 추가로 여성들만 기숙사 할당-> 역차별  19.여성전용아파트  20.여성전용흡연실  21.여성전용엘리베이터  22.여성친화도시  23.여성전용수면실 - 기존 남녀시설 有, 추가증설  24.여성전용지원금 국비지원  25.여성취업박람회 여성만 박람회 참여가능  26.구리소방서 여성전용 휴게공간 - 남성소방관 휴게공간 無.  27.여성회관 (국가 여성전용시설)  28.여성전용파우더룸  29.여성취업지원센터  30.여성안심비상벨  31.여성안심편의점  32.여성안심귀가길  33.여성배려칸  34.여성안심택배함  35.여성전용대학  36.여성전용국가기관 - 여성가족부. 전세계 딱 2개만 있는기관  37.여성할당제  38.여성전용택시  39.여성전용대출서비스  40.여성전용고시텔  41.여성전용바  42.여성전용 쉐어하우스  43.여성전용 게스트하우스  44.무정부 여성주의를 위한 공용시설  45.여성전용 스파  46.여성전용 캠프장  47.여성전용 보도블럭  48.여성전용도서관 제1 열람실, 제2 열람실...  49.여성전용 아파트 헬스클럽  50.여성 전용병원  51.여성폭력방지법 - 사례 : 외국에선 범죄무고율90%까지오름  52.여성전용 샤워실 - 남성샤워시설 無  53.여성전용식당  54.여성전용 네트워크 클럽  55.여성전용 원룸  56.4년재 대학 여성 할당 가산점제도  57.검천휴게소의 여성전용 샤워실  58.여성전용 노래방  59.여성만출입가능한 부천 여성전용 주차장  60.여성전용 스키장 할인쿠폰  61.여성전용 식당할인  62.잠실 여성전용 70%주택 할인제도  63.여성전용 게스트하우스 할인쿠폰  64.여성전용카드 및 여성할인제도  65.여성만 출입가능한 나이키웨어 여성전용 할인관  66.세종시 여성전용 주택할인  67.여성전용 ECO할인플랜  68.여성전용 애무방 - ????  69.여성전용 예금상품  70.여성전용 건강검진할인  71.여성전용 숙박요금 최대 80% 할인카드  72.신용카드 여성전용할인해택  73.홍대 여성전용 요가전문센터  74.수영장 생리할인제도  75.동작구시설관리공단에 여성 전용 수영장할인제도  76.여성전용 마사지샵  77.국립 청소년수련관 여성전용수영반제공  78.여성전용 대출상품  79.여성전용 호텔특가 할인혜택  80.잠실여성 전용 마사지샵  81.인천여성창녀지원센터 법적 지원금제공 - 2000만원  82.여성전용 보도블럭 거리  83.일산킨텍스 여성 전용 버스좌석  84.여캠 도서관 여성전용 도서관열람실  85.여성전용 남성화장실 - 여성화장실 최대가용시 남성화장실 이용가능  86.LCC 항공사 비행기 여성전용화장실  87.국립병원 1인실 여성전용시설  88.CGV 여성전용 대기줄  89.이태원 호빠 여성전용 합법 바 - 합법?;  90.용인 여성전용 마사지시설  91.여성전용 분홍택시  92.여성전용 카페  93.핑크빛 블링블링한 서울여성 전용주차장  94.여성전용 피시방 물품제공  95.해운대 여성전용 합법 호스트바 - 합법...?  96.서울 공립 여성전용 흡연시설  97.현대 홈투홈 여성전용센터지원  98.대학가 여성전용 클럽  99.여성전용 구인구직사이트  100.청사내 여성전용 헬스장시설  101.여성 비례대표의원 할당제  102.비례대표 여성 홀수1번 할당제 (비례대표 97% 여성)  103.여성공직 쿼터제 - 비례대표 할당  104.중소기업,중견기업 여성 직원 할당제 - 위반 시 벌금  105.공무시청관 여성할당제 여성안뽑으면 벌금냄  106.법관,의사,변호사 여성할당제도  107.국회의원 여성할당제  108.대기업 여성직원 할당제 - 법에 명시  109.현재 특정국가기관에서 여성창업자에게 1명당 1억씩 100명에게 총액 10.000.000.000원(100억) 지급하는 방안을 추진중  110.여성전용대출  111.여성전용 해수욕장. - (손님이없어서 폐장.)  112.여성전용 주유소.  113.독신여성반려견지원  114.여성신문  115.버스 여성전용 핑크색 커버좌석  116.전세계 여성의날  117.국회의원 여성추천보조금  118.한국유일의 여성전용 생리휴가&출산휴가  119.세계유일의 여성전용 산후조리원시설  120.이정미(페미니스트)정의당대표. / 비동의간음죄처벌법 국회발의 (동의서 없는 성관계는 강간죄로 처벌)  121.박영선 더불어민주당 의원. 선거후보 5:5 성비같게 남녀동수법 발의 한다고함.  122.  2019년부터 (여성전용)성평등업무전담부서를 설치하고 전 기관에 여성고위공무원을 강제적으로 1인이상 임용하도록 추진 예정.  123.임신가산점제 추진.  124.엄마가산점제 추진.  125.호주제 폐지  126.군가산점 폐지.  127.국방,교육,근로,납세. 국민의 4대의무 중 여성만 국방의무 불이행.  128.전국적으로 시.도.군 지역별/종류별로 여성단체 4000여개  남자가 법적, 정규적으로 혜텍을 받은적은 없음 남자전용 1.탈의실 2.군대 3.화장실 ?",비영리/사회운동
cibE561il70,"5분의 울림, 5천만의 감동!  2019 자원봉사 이그나이트 세종대회",세종특별자치시,,비영리/사회운동
v6yWp_Nb940,0511 자원봉사시간인증제도 방송촬영분,나영수,,비영리/사회운동
XTmCYgfufHQ,청소년 자원봉사활동 4회(캄포도마 기부_19년 8월),한스아저씨,,비영리/사회운동
JoZNP72VS7w,청소년 자원봉사활동 2회(캄포도마 기부_19년 6월),한스아저씨,,비영리/사회운동
B0lCkUfecY0,[한국중앙자원봉사센터 X EBS 지식채널ⓔ] 아는 사람 이야기,한국중앙자원봉사센터,"여러 봉사자들 덕분에 우리나라 사회가 점점 더 발전할 수 있었다고 생각합니다. 선뜻 나서기 쉽지 않았지만 자기를 희생하면서 남에게 도움을 주고자 하는 모습이 참 인상깊었습니다 ||| 여러 봉사자님들께서  도움의 손길이 필요한 곳에 직접가 힘드신데도 최선을 다해 도와주시는 모습이 너무 감동 스럽고 존경스럽습니다. 봉사자님들이 안계셨다면 더욱더 어려움에 처했을 생각에 끔찍합니다. 항상 감사드립니다. ||| 이렇게 봉사해주시는 분들이 계시기에 다들 아직 세상은 살만하다고 느끼는 것 같아요. 사회 곳곳 보이는 곳이든, 보이지 않는 곳이든 열심히 봉사해주시는 분들 모두 감사합니다!! ||| 여러 봉사자들이 이렇게 힘을 내주셔서 도와주신 덕분에 우리 대한민국이 좋은 세상으로 바뀔 수 있었다고 생각합니다 이런 분들이 정말 대단하고 멋있다고 생각합니다. 정말 존경스럽습니다. 매우 유익한 영상을 올려주셔서 감사합니다. 또한 봉사들한데도 감사합니다. ||| 이런 사람들 덕분에 우리나라가 살기 좋아집니다. 존경합니다.",비영리/사회운동
OIk_cqUr48U,[자원봉사] 🔥꼭 한 번은 해봐야할 자원봉사🔥'평화랑' I 현재 모집 중!💜,평창국제평화영화제PIPFF,,비영리/사회운동
LNg4wpQ84jc,[신천지 자원봉사] 담벼락 이야기(주안교회),신천지 자원봉사단 주안지부,,비영리/사회운동
Ez9z5VMWONQ,"니체와 페미니즘 1 / 실존, 여성, 진리",예도TV,"니체는 언어 자체를 은유로 봤다. 은유는 정해진 진리, 명확한 메세지가 아니라 다의적으로 해석될 수 있는 여지가 있는 거고요. 지금 쓰고 있는 댓글도 사람에 따라 다르게 받아들여질 거고요. 그럼 니체는 메세지가 중요한 게 아니라 언어 그 자체를 훨씬 중요하게 생각했겠군요. ||| 예도샘님 덕분에 니체에 대해 많이 알아가고 삶의 이정표가 될 것 같습니다. 감사합니다. 이렇게 고품격 강의를 무료로 해주시어 존경심이 듭니다. ||| 니체 문체의 여성성이 문학소녀들을 매혹시킨 힘이었던 것 같습니다. 니체 이후 신에 대한 사유를 하게 한 것은 공감하는 부분입니다. 강의 잘 들었습니다. ‘경계의 철학자’ ‘은유의 철학자’ 니체 멋집니다. ||| 감사합니다 ||| 재미있는 강의입니다.탁월하십니다",비영리/사회운동
TnyIDjcw11c,청소년의 시점으로 바라본  “경기도 청소년 자원봉사”,경기도자원봉사센터,,비영리/사회운동
5ClYOoDG0YU,"[다시, 바로, 함께, 한국미술- 한국 페미니즘 미술의 확장성과 역할] 공개 세미나 Part 1 - 페미니즘 연구 안에 페미니즘 미술 혹은 예술 문화는 어떠한 기능을 갖는가?",예술경영지원센터 (KAMS),,비영리/사회운동
mzDMabJeyto,21회 전국중고생자원봉사대회 SOC 써포터즈 소개영상,김남규,영상편집 너무 잘하세ㅛ !! 학생때부터 열심히 하셔서 계속 이쪽 일 하시는거 보니까 엄청 멋지세요 😀,비영리/사회운동
zmz0Hq7KETo,[페미니즘] 강요된 여성성 해결되면， 강요된 남성성도 해결! 차이나는 클라스 40회,교양 Voyage,"와 사람들이 좀 더 많이 봤으면 좋겠다..ㅜㅜ 아직도 갈 길이 멉니다.. ||| 멋진 컨텐츠네요, 모두를 위한 페미니즘 성차별을 극복하기 위해 반드시 필요합니다 ||| 맞는말 ~ 잘보았습니다! ||| 댓글까지 완성형임. 페미니즘 나오는 영상은 대부분 똑같음. ㅋㅋㅋㅋㅋㅋㅋㅋ ||| 페니즘이나 이슬람이나 똑같애 본래의 의미만 놓고보면 나쁜게 없어 하지만, 그것을 자기식대로 멋대로 해석하고, 자기식대로 행동하니까 문제가 되는거야 페미니즘 = 남녀 모두가 동등한 권리를 가진다. 누가 싫어해 근데, 권리만 누리고 의무는 하지 않을려는 여성들의 이중적인 태도 때문에 문제가 되는거야 결국엔 여자들의 자기식 논리만 펼치니까 공감을 받지 못하고, 욕을 먹는거지 이슬람도 마찬가지야 실제 이슬람 코란에 보면 살생을 하지말라는 내용이 나와 있는데, 그것을 자기식대로 해석하고, 행동하니 IS, 탈레반 같은 애들이 쳐 기어나오는거지 사상이나 종교나 마찬가지야 본래 의미를 가지고 행동하면 아무런 문제가 없는데, 자기식대로 해석하고 행동하는게 문제가 되는거야 결론은 사상이나 종교가 문제가 아니라 그걸 이용해 먹을려는 인간이 문제인거지",비영리/사회운동
BwU6dQPCoi8,송파구자원봉사센터 자원봉사 홍보영상,송파구자원봉사센터,송파구 자원 봉사자분들 정말 대단하십니다. 마음이 정말 따뜻하신게 느껴집니다. 항상 응원하겠습니다. ||| 좀 더 많은 사람이 자원봉사했으면 좋겠어요. ||| 아름다워요 ||| 좋은영상 감사합니다 . 송파구자원봉사센터를  응원하겠습니다 ♥ ||| 멋진 영상입니다. 송파구 자원봉사센터를 힘껏 응원합니다 ^^,비영리/사회운동
X8j0n77tve0,친절자봉 1편 : 1365 자원봉사포털 회원가입하는 방법 고양자봉이 친절하게 알려드립니다!,고양시자원봉사센터,법적대리인 관계에 뭘적어야 해요? ||| 0:30 이때 제꺼 적는건가요 ? ||| 주소 입력칸이 입력이 안되는데 어떻하죠 ||| 뭉자인증은어케해요 ||| 주소는 안적고 넘어가요?,비영리/사회운동
sIV1i3bIyWM,[대전MBC]지역 시민단체 반일 행동전 돌입,대전MBC 뉴스/Daejeon MBC News,,비영리/사회운동
eSTHieW358w,"""양천구자원봉사캠프를 말하다""",양천구자원봉사센터,양천구자원봉사센터 참 멋져요 :) ||| 양천구자원봉사센터   늘 응원합니다 ^^ ||| 멋져요 ||| 짝짝짝.............!! ||| 양천구 자원봉사 캠프 사랑합니다~♥ 말씀하셨듯이 18개 캠프를 다 담아내지 못해 아쉽고 미안하고 감사합니다.~♥,비영리/사회운동
Ge_Hh3572ZU,[진각포커스]VIYA 청년 국제자원봉사 회향,진각iTV,,비영리/사회운동
lHi5s9d3ON0,[송자봉 브이로그] 루리잔치 / 청소년자원봉사 / 송파구자원봉사센터 / 저화질 / 시력보호,송파구자원봉사센터,송자봉 브이로그 잘보고 갑니다^^화이팅!,비영리/사회운동
adNQ8-zemx4,"이준석이 말하는 정치, 젠더, 페미니즘, 경제, 대학입시",김작가 TV,많은 분들의 요청으로 9부작으로 제작되었던 <정치인 이준석> 편을 한번에 보실 수 있게 재편집해서 업로드합니다.  ※ 12월에는 진보쪽 정치인을 만나 이야기를 듣고 싶은데 혹시 괜찮은 분이 계실까요? 추천 및 소개 환영합니다. ||| 이런 정치인이 있기에 우리의 미래는 희망!입니다 ||| 알고리즘으로 이것을 보게 됐는데 지금 얘기 하는줄 알았다 이준석 정말 대단하다 끝까지 응원할게요 화이팅 ||| 와아!~~~~진짜 똑똑하네.... 이런 정치인이 있으니 참 다행이다. 열심히 해서 대통령까지 갑시다. 여가부 폐지........ 나라 살림은 구멍가게를 운영하는 것이 아니다. 능력있는자를 기용해서 나라를 발전시켜야 한다. ||| 4년전 영상을 이제야 보게 되었는데 이준석대표가 지금 하는 말과 다르지 않다는게 놀랍다. 소신을 잃지 않고 험난한 길 마다하지 않는 유일한 정치인이다. 승승장구 하길 응원한다!,비영리/사회운동
mvdPPRETq4w,What Chronic Pain Has Taught Me About Resilience | Trung Ngo | TEDxCentennialCollegeToronto,TEDx Talks,"The part where he said “imagine you have a severe headache that never goes away and nobody believes you” I started crying... because I don’t have to imagine. I live that. ||| As someone w severe chronic pain all I can say is we’re ALL resilient for still being here while having to work three times as hard as anyone else just to feel ok. ||| chronic pain taught me ,NO ONE without the PAIN knows or cares ! ||| Daily chronic pain takes away your independence, hobbies, relationships,  identity. You are living a game of losing. Chronic pain is not a choice! And resilience is not a cure! When you suffer from chronic pain you learn to pretend that everything is alright, go above and beyond to do activities in an ableism society and learn to numb your emotions. At the end of the day, all I crave for is for physical relief. The absolute and whole sensation of feeling like a weightless feather. ||| This is clearly a case of 'there is chronic pain' and 'there is chronic pain'. Millions of people have chronic pain. I belonged to the first group of chronic pain sufferers, since I was 13. But I managed to go to school, uni, get a job, have relationships, social life, travel etc. Then age 33, I had an accident and then the other chronic pain' hit. The kind that takes all that away, no surgery, no pain medication, no amount of yoga/meditation/exercise/PT takes away (of course they help), but it leaves you so so so very lonely and hopeless. I don't feel like a failure because I no longer participate in what society expects me to do - work full time, have kids, family, hobbies, go out, be social etc. I have accepted my new life and try to make the best of it, but resilient? What other option do we have if we are still breathing right now?",비영리/사회운동
FTSYC77W6VA,Ngo quoc linh,Thanh Tra,"Mình người bắc nhưng rất thích nhạc chữ tình đặc biệt A Ngô Quốc Linh. Thần tượng a từ năm 2007 khi vào TpHCM lúc nào cũng nghe bài Chuyện tình bên ao cá. Pải nói bài nào a hát mình cũng thích. Cả bài Tình Huế, nó luôn làm mình nhớ lại những kỉ niệm khi nghe lại những ca khúc đó. Thời gian thắm thoắt trôi nhanh quá, a cũng đã ra đi rồi chúc a bên kia hát thật hay vui vẻ nhé ||| Mình thích nhạc trẻ. Mình k hát dc nhạc bolero nhưng trong đời mình thích chỉ mỗi chú ngô quốc linh.từ bài hát chuyện tình bên ao cá tới bây giờ vẫn thích 😢😢😢 ||| Đây mới đúng là giọng ca của dòng nhạc trữ tình , quá hay ||| Vĩnh biệt anh Quốc Linh. Một giọng hát hay, truyền cảm. A Di Đà Phật ||| phẩm hạnh, tài năng, nhân cách tốt, nhiều người yêu mến, ra đi để lại tiếng thơm cho đời",비영리/사회운동
mYKUf_EKfvg,25G Sabo Racing Testrun #LanggaOnBoard #NGO,Happy Racing,Lakas naman. ||| Idol sabo racing team ||| Soooo how do i buy sum like dat ||| That's a 4 stroke pulling like that wtf!!?? 🙏What bike is this or the engine atleast ||| Lakas talaga ng SABO,비영리/사회운동
pgF22D7PwTQ,Msx 66/5 ช่างตี๋ #NGO,Thanapoom Jumpee,ยังมีจัดรายการของmsxอยู่ป่าวครับ ใครรู้แจ้งทีครับ🙏,비영리/사회운동
SUvoBzjZv7E,How to be a better fundraiser | Kara Logan Berlin | TEDxSantaClaraUniversity,TEDx Talks,"I've watched several TEDx talks on how to raise money, and Kara is far and away the most memorable, most polished and most watchable. ||| “Giving people the opportunity to invest in something that will change the world.” I like that so much more than “Trying to get people to give me money for my cause.” I think this will be a crucial shift in perspective for me. ||| I love her natural humors and how confident she is! You’re one of a kind, Kara! I’m so impressed 💜 ||| This hit deep. Kara’s wisdom on flipping how we see money and fundraising is straight fire. Real talk, if we wanna change the world, we gotta get real about how to fund the mission. Much respect to her for breaking it down with heart and strategy. 💯🙌 ||| This talk by Kara Berlin is a goldmine for anyone looking to learn effective fundraising strategies. She offers practical advice on everything from understanding your audience's mindset to asking for money with confidence. Her insights on storytelling and building relationships are particularly valuable. recommended for anyone in the non-profit sector or anyone looking to make a positive impact through their work!",비영리/사회운동
5DEzHTr-WrI,Tóp những bộ ảnh ghe ngo Càng Long,Dân 83 Sóc Trăng,Chưa có ghé nào năm giữ thành tích như cLong ||| khmer samki kư khlăng năs ||| Đội Càng long  thua đội ong kho nửa ||| Cang long mai đinh ||| Pong tuk do tay,비영리/사회운동
0E_2Me95Bak,#งานNGO รุ่นละลายทรัพย์โครงไทเทเนียม #ช่างเซ๊ะม.กรุงเทพ กับเวลา9.068,Pleplus,เวลา​เท่าเดิมตลอดเลยครับ​ บุรีรัมย์​ก็เท่านี้​ รอบที่แล้วใต้ก็เวลาเท่าเดิมสุดยอด ||| 34บูด,비영리/사회운동
d-7aSc0IIQQ,Beribu topup percuma untuk diedarkan I #TOPUP FREE I Touch n Go I Jom Duit,QiQi,"Salam dan Hi. Korang boleh komen di bwh dan bgtau kandungan video apa yg korang nk sy buat ye. Yang blm subscribe blh subscribe, yang dh subscribe jgn lupa klik bell untuk pemberitahuan notifikasi! ^_^ ||| Ni tutorial la guys 😭 ||| nak konten laku je ||| Dah subscription ||| nk tnya kalu kwn tranfer 3k dlm tng lbt ke msk",비영리/사회운동
zXnwn4_b6aM,Cận cảnh rớt nài ex135cc tại giải đua cần thơ mùng 4 tết,Minh Luân,"Muốn đua thì nên đua ở những nơi như này. Lúc gặp sự cố còn có đội ngũ y tế có mặt kịp thời. ❤❤ ||| Đây mới đúng là thể thao.có té cũng không gây nguy hiểm cho người khác và giảm thương vong cho chính người chạy xe ||| Chúc anh ấy mau khỏi , và mong những giải đua xe này ngày càng phát triển để những đồ bảo hộ ngày càng tân tiến , giảm thiếu ruổi ro ||| Đúng đua trong trường vạy thì đảm bảo mọi thứ mà an toàn tui ủng hộ, chúc bạn mau bình phục ||| Tội quá Nếu đua trong đường đua thì ok Chứ đua ngoài đường công cộng thì nguy hiểm cho mình với người ngoài xã hội😢",비영리/사회운동
2uIMPsdGhC0,Cách pha mì tôm trứng lòng đào ngon đủ chất,Mạnh Lê Văn,https://www.youtube.com/watch?v=a-9QSlDiDMg hãy vào xem video này và có tiếng cười sảng khoái nhé mọi người <3 ||| Sau khi xem video tui mới nhận ra tui đã lãng phí 1phút cuộc đời ||| Và hơn 700 nghìn cô cậu bé ngây thơ đã bị lừa vào xem cái này :))) ||| Hướng dẫn ăn cơm sao cho đầy chất dinh dưỡng nhất:)) ||| Hôm nay lên mạng thế là đủ rồi.,비영리/사회운동
2IhOrGPjbdU,โซนิค ยกล้อเทพๆ,Imron Samahae,ยอมรับว่าใจ❤ แต่เป็นห่วงน่ะโว้ย ประสิทธิโชค😂 ||| มีแต่เราที่เรียกนาย ประสิทธิโชค ||| จิ๋มขาด ||| โอ้โห!!!!สุดจัดจิงๆ ||| จิ๋วแต่แจ๋ว,비영리/사회운동
DwGPqAlDhuI,Máy cày xới đất làm rãnh trồng ngô.bắp,phúc ngỗ rừng tv,Này hình như nó cày và kẻ luôn hả bác ||| Giá làm đất bn đấy a ||| Có bán ko bác,비영리/사회운동
GA6Vk7Tv7WU,สูบนอน 66/5 #NGOบุรีรัมย์ 🔥 23/12/2561,Thanapoom Jumpee,,비영리/사회운동
azixoUR9hJc,Tongotingo Challenge Olga tañon 🇻🇪😜,Esperanza Salazar,Que letra mas profunda❤ ||| Quien es venezolano yo soy.venezolana,비영리/사회운동
zV2X1PEJjMw,#459 #Ladies_haircut - #HirParA_Kતન_SiR - #K2_BeAuTy_BaaR_NGO - #Chovta_Bazar_surat,HirPaRa KeTaN SiR,Nice work sir 👏👏👏👏 ||| Sir muje hircut sikhana he,비영리/사회운동
ACtGhFWpd50,Tháng sinh của 12 cung hoàng đạo,csvn gwhsjushr,Song ngư tháng 3 nha❤❤❤❤ ai cung Song Ngư thì 👇 ||| Song ngư thì phải nhấn like ||| Em cung bo cap ❤❤❤❤ai giống em thì like nha❤❤❤❤😊😊😊😊 ||| Song Tử tháng sáu nha ai cung song tử thì xin 1👍nha ❤❤❤❤ ||| bạch dương tháng 4 ai cùng với hãy cho mình 1 like nha ❤❤❤,비영리/사회운동
tr3yYO-IMUA,션과 스윙스가 말하는 '기부에 관한 철학!' The Quack Philosophers 190716 EP.1,tvN Joy,,비영리/사회운동
JJ_9QQu3NIw,안 쓰는 물건 기부하는 방법! 아름다운 가게 / 옥션 나눔박스 [토킹리뷰],아리의 인형방,"우아 기부하고 싶은 물건이 꽤 있었는데 어찌해야되나 찾아봐듀 잘 모르겠고 쌓아두고 있었는데 저도 나눔박스 이용해봐야겠어요!!! 아리님 마음씨도 이쁘심 :) ||| 끄앙.!! 미리 알았더라면..!! 예전에 하던 일때문에 새옷이 엄청 많아서 의류 기부 알아봤는데 갯수제한에, 의류 기부는 꺼려하신대서 처분했는데 ㅠㅠ  이렇게 쉽게 가능했군요! 기부라니 넘넘 좋은 영상이네요🥰❤️ ||| 탕진잼에서 나눔까지 넘나 유용한 영상이에요^^ ||| 요즘물건비우는 중인데 멀쩡한 물건을 버리자니 양심에 가책이 듭니다 이런곳이 있었다니...집에 쌓여있으면 잡동사니이지만 누군가에는 필요한물건이겠지요 저도 하나하나정리하여 기증해야겠네요 혹시 기증하러갔다가 물건을 사올수도....ㅋ ||| 영상은 귀엽지않지만 아리님의 마음이 넘넘 아름다운 영상이네요🥰🥰 아니근데 저걸 다보내면 뭘입고 사시나요.....?",비영리/사회운동
InbttRCIuls,안경기부 안쓰는 안경버리지말고 기부하세요!,polo,"감사합니다. 안경기부하고, 현지에서 안경사 교육 지원하는 사단법인 휴먼비전입니아.  더 열심히 하겠습니다.",비영리/사회운동
H5VpOMb_rEs,"[12月의 무도]  연말에는 기부로 탕진잼이지! 🚫상습적 경매중독 위험🚫 ""쓸친소 특집4"" infinite challenge",올끌 (All of MBClassic),"17:05에 정형돈 한잔할래 ㅋㅋㅋㅋㅋㅋㅋㅋㅋㅋㅋ 진짜 뜬금없는 대사에 세상 동네 슈퍼 앞에서 비비빅먹는 아저씨같아서 너무웃기네 ㅋㅋㅋㅋ ||| 진짜 조세호 표정하고 자막이 살렸다 ㅋㅋㅋㅋ 뇌가 뽑혀 나갈듯한 고통 ㅋㅋㅋㅋㅋㅋㅋㅋㅋㅋㅋㅋㅋㅋ ||| 유재석 가격 선넘었다 싶으면 바로 땅땅땅 하는 거 개웃기네 ㅋㅋㅋㅋㅋㅋㅋㅋㅋㅋㅋ ||| 8:20 괜찮아 재석아 난 자식이 없잖아 ㅋㅋㅋㅋㅋㅋㅋㅋㅋㅋㅋㅋㅋㅋㅋㅋㅋㅋㅋㅋㅋㅋㅋㅋㅋㅋㅋㅋㅋㅋㅋㅋㅋㅋㅋㅋㅋㅋㅋㅋㅋㅋㅋㅋㅋㅋㅋㅋㅋㅋㅋㅋㅋㅋㅋㅋㅋㅋㅋㅋㅋㅋㅋㅋㅋㅋㅋㅋㅋㅋㅋㅋㅋㅋㅋㅋㅋㅋㅋㅋㅋㅋㅋ ||| 이 부분은 여러 사람의 활약이 있었지만, 가장 큰 핵심은 유재석이였음. 경매로 훈훈함만 뽑을수도 있었지만 지상렬이나 조세호 길에게 몰아주면서 웃음까지 뽑아냄.",비영리/사회운동
D9TuERn7Uu4,[나눔영상공모전#1] 재능기부가 뭐야?_Give U,7분공감,사람들에게 다소 사소할 수 있는 `재능기부'라는 영역을 이런 영상으로 알기 쉽게 만들어 주셔서 정말 유익한 영상인 것 같습니다. ||| 돈으로만 남에게 기부를 할 수 있는 건줄 알았는데 재능기부라는 말은 들어봤어도 정확한 뜻을 몰랐는데 정확한 뜻을 알게되어 나의 재능을 남에게 기부할수 있다는 것을 알게된 유익한 시간인것 같네요!!여러한 종류가 존재한다는것도 알게되었어요 감사합니다! ||| 이해하기 쉽게 잘만들었네요👍👍 잘봤습니다😄 ||| 와...딱 2분 30초라서 너무 좋네... 내용도 유익하고.... ||| 영상잘봤어요! 저도 나중에 해보고싶어요!,비영리/사회운동
DMh5XYz-ktY,[방탄소년단] 사회 문제 저격하는 방탄소년단 모음,찐심,"난 진짜 엠아롱한게 대단하다고 생각된다ㅋㅋㅋ 잘못하면 블랙리스트에 오를 수도 있는데 내 가수지만 멋지고 대단하다 ||| 엠아롱때 아미들 진짜 놀랐고 걱정 많이 했었음... 저때 잘못하면 블랙리스트 오를수도 있었고 뉴스나 기사도 안좋은쪽으로 많이 올라왔어서 활동 끝날때까지 걱정했다 ㅜㅜ ||| 이게 제 입덕계기에요ㅋㅋㅋㅋㅋㅋㅋ영상에는 없지만   핸드폰좀꺼줄래(스마트폰 보편화로 멀어져가는 인간관계 다룸), Ma city(광주 5.18민주화운동 언급), 팔도강산(지역감정, 지역갈등 화해 지향),낙원(꿈을 꾸는법도 가르쳐주지 않고 꿈을 강요하는 사회 비판), 낫투데이(차별받거나 불합리한 대우를 받는 소수들의 입장을 대변하는 노래) 등등 도 있습니다!!!! +윤기오빠가 데뷔전에 쓴 '518-062'라는 곡도 5.18민주화운동에 대한 노래인데 모르셨던 아미분들 이노래는 꼭 한번 들어보셨으면해요ㅠㅠㅠㅠ ||| 방탄소년단은 정말 대단합니다. 한국을 전 세계에 알리려고 노력하고 자신의 사랑하는 법을 알려주는 ...대단한 아이돌❣  뭐 다른 대단한 일도 많지만..❣❣ ||| 계속 스카이 캐슬이 생각난다.  억압받으며 친구를 짓밟아야한다고,, 진짜  너무딱 맞아떨어져서 놀란다..ㅋㅎ...",비영리/사회운동
MTviUCDzMKY,[전 재산 기부] 전여빈(Jeon Yeo been)-손석구， ′돌+아이 양대 산맥′ 멜로가 체질(Be melodramatic) 14회,JTBC Drama,옆에서 지혼자 드립치고 좋아하는거 개웃곀ㅋㅋㅈㅋㅋㅋㅋㅋㅋㅋㅋㅋㅋ 생각해보면 아저씨라고한거 엄연히 직책있는 사람인데 아저씨라뇨 하고 태연히 넘긴것도 개좋앜ㅋㅋㅋ ||| 그림체가 똑같다는 건 이 둘을 보고 하는 말이지 ㅋㅋ 근데 똘끼까지 똑같아서 진짜 존똑 캐릭 ||| 둘 다 티벳여우 같아요 ㅋㅋㅋㅋ 너무 귀여워 ㅋㅋㅋ ||| 둘다 ㅡㅅ ㅡ 이렇게 생김 ㅋㅋㅋㅋㅋ ||| 옆에서 오지게 웃네 ㅋㅋㅋㅋㅋ,비영리/사회운동
vzkrOQhKaSU,서울시립대학교 발전기금 기부 단말기 홍보영상,Jihyun Lee,,비영리/사회운동
b5-gaOTwMKk,2018 휴대폰 기부 캠페인 홍보영상,나눔폰,,비영리/사회운동
KlwWyxQva2o,2019 휴대폰 기부 캠페인 홍보영상,나눔폰,1:13 ||| 폐휴대폰이 작동되면 용돈벌거나 내가쓰면됨,비영리/사회운동
T-hZr9GHuWM,100% 투명한 기부하세요!,씨씨기부,,비영리/사회운동
L1B26-D0eQ8,2019 휴대폰 기부 캠페인 홍보영상 (4/4),나눔폰,,비영리/사회운동
v8ugpqQSE1A,【VLOG】 기부는 물론 예쁜 패션👗 아이템까지 GET! (Feat. 지름신) | eng chn jpn sub,세리데이,세리♥넘 이뽀요. ||| Aaa eonnie you listen to us😘 ||| Wooow glamour ||| 누나 모자 혼자만 너무~ 잘 어울리는거 아님?^^ ||| ❤❤❤❤❤,비영리/사회운동
UEUy6Hlm6Rs,영창라이온스클럽 김장김치 기부,김포복지재단,,비영리/사회운동
zsMvbZTQL3w,하나TV | [세상을 바꾸는 하루#3]  디자인으로 사회문제를 해결하는 - 공공공간,하나TV [하나금융그룹],"환경을 생각하는 기업들이 사회에 미치는 영향에 의해 우리 사회가 더욱 건강하게 성장하는 것 같습니다! 사회를 더 안전하고 깨끗하게 만들어 주시는 여러 기업들에게 응원의 박수를 보냅니다. ||| 사람과 환경이 공존하여, 자원낭비를 줄이는 사회적 기업이네요.  공공공간 응원합니다. ||| 버려진 것들을 쓰레기라고 생각하지 않고, 우리의 아이디어를 실현시키기 위한 재료라고 보는 것이 정말 아무도 따라오지 못하는 것 이라고 생각합니다. 사람과 환경 !이 공존하며 자원낭비를 줄이며 지속가능한 디자인을 실천하는 회사 공공공간을 응원합니다! ||| 버려진 자원을 활용해 디자인 제품을 만드는 기업을 응원합니다!! ||| 프라이탁같은 자원낭비를 줄이는 기업이 국내에도 있었네요! 솔직히 디자인도 너무 예쁘고 요즘은 오히려 업사이클링의 인기가 높아서 더 발전할것같습니다! 저도 검색해서 구경해봐야겠어요",비영리/사회운동
6X6Ffp_IRHY,"[공유경제TV] 신세계조선호텔 ""매칭 그랜트 기부 통해 기부 문화 앞장""",공유경제TV,,비영리/사회운동
nZCWfMhp7nQ,"안녕하세요 Hello, Counselor - 귀염폭발♡ 기부하려고 머리 기르는 6세 아들.20190311",KBS Entertain,기부도 엄마의 욕심 아닌가? 하율이 머리기부를 꼭 저 나이에 해야되나? 하율이가 난 뭘할수 있냐? 물어봤을때...머리기부를 얘한테 추천한것도 이해 안됨~,비영리/사회운동
qyTusadD0Bs,구도연 소아암 환자 모발 기부 뉴스 출연,Kyo-tan Koo,왕 도연이 넘 착해 ||| ㅋㅋㅋ 그렇지?? 내가 너 구독해주께,비영리/사회운동
DaAF1TioPfw,전성기 겨울옷 기부캠페인,전성기TV,따뜻한 나눔이네요 훈훈해요~~^*^ ||| 겨울옷은 버리기도 아까웠는데 이렇게 유용하게 전달된다니 참여하렵니다. ||| 잘 안 입는 나의 겨울 옷이 누군가에게 의미있게 쓰여질 줄 몰랐네요~~^^,비영리/사회운동
j4bTndOvMq4,팔 운동루틴ㅣ키네틱스튜던트와 이두 삼두 훈련하고 왔어요,MSG훈,"와 훈님 썸네일에 팔뚝 라인 미쳤어요.....;;;; 진짜 피지컬도 피지컬인데 미적으로도 진짜 멋지세요 ㅠ ||| 형님 진심 ㅈㄴ멋잇습니다.조명빨이 아님니다.근육이 있어야지 조명빨도 잘받는 겁니다ㅎㅎ ||| 팔뚝라인 넘나멋지십니당 레알!!~~이요 지훈님 역시관리의중요성을 새삼느끼게 하는 몸의정석이시네용💪💪👍👍😊😊😆😆영상 루틴참고해서열심히하겠습니당😊 ||| 와..역시 지훈님처럼 굵은 팔뚝 되려면은 팔 하나에도 저렇게 타이트한 루틴이 있어야 하는군요.. 감사합니다 알려주셔서 ㅎㅎ +역시 운동영상 본격적으로 나오시기전에 그냥 수다떠시는 인트로 넘 재밌어요~~ ||| 지방 상태 너무 좋네요 역시 ,,, 고립 스킬에선 지훈님이 두수 세수 위시네요 간김에 데드 하는 컨텐츠도 뽑았으면 하는 아쉬움이 있네요 ㅠㅠ",스포츠
__TodmH9ZXg,가슴운동루틴입니다 총16세트  [김성환매일운동]Chest workout Routine,김성환헬스유튜브 (Kim Seong Hwan),인클라인 벤치프레스 스미스머신으로 하시는 줄 알았습니다...후덜덜 ||| 갓성환님은 운동할때 조상님이 도와주시는듯 그렇지 않고서야 자세가 저렇게 완벽할 수가 없잖아... ||| 스미스머신같네요ㅋㅋㅋ 우와ㅋㅋ ||| 제일 존경하는 겸손한 보디빌더 ||| 티를뚫는 근육 넘멋지십니당^^😇😇💪💪영상잘보았습니당😊😊,스포츠
h9ta2zVSAOM,토르만 알고있는 왕팔뚝 비법은? | 토르 팔운동 루틴 Thor Arm Workout Routine,GymGeeks짐긱스,I love you guys lol great recording keep it up! ||| 꿀팁들 감사합니다! ||| 전완 운동을 따로하시진 않을거란가에서 뜨끔... 가끔 걍 악력기나 놀때 하는정도 .... ||| 파이팅 넘치네요 하하 ||| 개꿀이네요 진짜,스포츠
1FAGDcBxx3Q,가슴 운동루틴 6가지(집중도 높이기) + 점심 식단,MSG훈,형 보면서 많이 배웁니다 ㅎㅎㅎ ||| 두달쉬고 운동시작하는데 부상입고 예전만큼 쉽지가 않네요 그래도 동기부여받고 갑니다 감사합니다 ||| 넘 갈라지는 몸 모습 멋지십니당^^😇👍👍지훈님 옷사업 하시는거번창하세용^^😊😊자극받구갑니당💪💪 ||| 갓지훈ㅎㅎ ||| 항상 잘보고있어요!!!형 매번 궁금했는데 형 머리스타일에 대한 정보도 알고싶어요!!!어떤 펌하신건지 알려주실 수 있나요?!!,스포츠
8Ax6iiheJAE,가슴 운동루틴ㅣ안쪽 가슴 & 아래 가슴 집중 포인트 운동법ㅣ콜라보 운동,MSG훈,0:49 덤벨프레스 2:00 해머체스트프레스 3:37 스미스머신체스트프레스 4:55 케이블플라이 정말궁금했던건데 지훈님감사합니다! ||| 와정확한설명 뽀인트!!~~넘꿀팁감사드립니당^^ 항상지훈님컨텐츠 넘나좋구요 만이배워갑니당^^💪💪😇😇👏👍👍 ||| 안그래도 가슴운동할때 더 확실하게 안쪽이랑 옆라인 잡아주고 싶었는데 윗가슴운동도 추가해서 같이해야겠네요.. 가슴운동할때 초반에 등 모으는게 좀 힘들었는데 먼저 선긴장을 줘야 잘되는군요 자극 감사요 ||| 선따봉 후시청!! 잘볼게요 오늘도~~ ||| 이삭님 살빠지니까 갑자기 너무 잘생겨졌어요,스포츠
-k9K6vZ47GM,가슴 운동루틴 5가지(당신은 가슴으로 운동을 잘하고 있나요?),MSG훈,진짜 가슴은 지훈 행님만 따라 가면 될 듯 ㅎㄷㄷㄷ 아잇 대흉근 봐봐 ||| 우선 추천 누르고 감상하기~!! ||| 오늘도 잘 봤습니다. 지훈님 영상 아웃트로에 나오는 BGM좀 알 수 있을까요? ||| 스미스 인클라인때 그립좁게잡으시는이유즈알려주세요~! ||| 이 비지엠은 김성환선수 운동영상에서 듣던 거네요ㅎ,스포츠
WwRS9vbiT3M,"멸치 운동 루틴  (마르고,비만인 일반인분들을위한 웨스트사이드 변형루틴)",폐관수련,이야..이게 어디서부터 어떻게 말해야할지 모르겟는데..진짜 영상이나 나레이션이나 전부 너무좋네요 굳이 동기부여 영상이 아님에도 이걸보는것만으로도 뭔가 차오르는느낌..  루틴 감사히 가져갑니다 ||| 이번 컨텐츠 너무 좋습니다 ㅠㅠㅠ ||| 형님 모자는 어디껍니까? 영상 늘 재밋게 보고잇습니다. 나시티도 멋지네요. 운동복 예쁘게 잘입으시네요. ||| 나시티 이뻐요 ㅎ ||| 악력훈련에.. 한다리운동이라... 되게특이한데 끌리네,스포츠
Z7-4iN5e66k,체조선수가 운동하는 맨몸운동루틴,체조쟁이,이거 자체가 챌린지네요. 도전해보겠습니다! ||| 오오 이렁거 조아요 ㅎㅎㅎ ||| 와... 이거 하지도 않았는데 힘듬이 막 느껴지는데요... 공간 제약이 있어서 집에서는 어려울 것 같아요 몇 동작은... ||| 한세트만 하고 끝인가욥?,스포츠
NHzO-7KrlhE,M에서 2XL입을수있었던 어깨운동루틴 실시간 직각어깨깡패루틴,지피티,그래서 루틴 정리해주실분? ||| 표정 나까지 힘들어지네 ㅎㄷㄷ.. 프레스 너무 힘들어 ||| 지피티님 그 랙은 어디서 사신건가요? ||| 다이어트시 초저탄수식단의 이유와 이점은 무엇인가요? 탄수를 먹어줘야 퍼포먼스가 나온다들은거같아서요~ ||| 10x10 운동법이 뭐죠?,스포츠
D_NisE9TrqE,"운동 루틴, 프로그램을 구성하는 방법",어썸블리스 AwesomeBLISS,"새로운헬스장 카메라각도 좋고 잘고르셨네요 ,, 전 진짜 어썸님 볼때 마다 자괴감느껴..  잘생겼어..공부잘해.. 운동잘해... 에잌ㅋㅋㅋㅋㅋㅋㅋ   그러면서 불닭맛닭가슴살 따라사먹는 1인 ||| 직장과 육아의 스트레스로 나름 해소법이 필요했는데 어썸님의 영상으로 많은 자극과 동기 부여 받을 수 있어서 감사하게 생각합니다. ||| 고중량을 부상없이 다루시는거 보면 경이로움 ||| 얼마나 기다렸는지ㅠㅠ바쁘신 와중에 영상 올려주셔서 감사합니다 항상 응원합니다!",스포츠
n_Tbl0swDAY,등운동 루틴 이것만 알면된다?!,tving ssam,,스포츠
Dw8PbebpF9w,심으뜸 헬스장 상체운동 루틴 upper body gym workout routine,힙으뜸,"모두 15회 씩 4-5set  등 랫풀다운  쇄골쪽으로. 팔꿈치는 옆구리쪽으로, 허리 꺾지 않기 w모양 유지  가슴 체스트프레스  날개뼈 고정  어깨 숄더프레스  팔꿈치 어깨보다 3cm앞, 승모근개입 최소화, 코어 유지  어깨 레터럴레이즈  멀리 팔꿈치 보내기   팔 덤벨 바이셉스컬 어깨&팔꿈치 고정 겨드랑이 뒤에도 약간 힘 어깨 안말리게 ||| 너무 고맙습니다, 저희 회사에 아주 좋은 헬스장이 있는데, 헬스장루틴을 어떤식으로 해야 할 지 몰라, 헬스장은 잘 이용하지않고 러닝머신과 스쿼트만 주로 했는데요.. 이젠  힙으뜸님의 여자 헬스장 루틴, 제대로 파악했습니다.  앞으론 헬스장 주2회 정도는 헬스장루틴으로 하겠습니다. 감사드려요. ||| 피티 한달차..수업끝나면 으뜸언니와 계란님 영상보면서 하루하루를 복습하며 살아가고있숩니다 내일은 개인운동으로 상체를 해볼까 해서 찾아봤는데 역쉬 으뜸언니가 쵴옵니닷! ||| 마지막에 세트랑 무게 설명 너무 꿀팁이에요 ㅠㅠ  적은 중량도 효과가 있다고 생각은 못했어요. 중요한건 자극!! 감사해요!! ||| 알려주신거 다 해봣어요🧡그리고 헬스장 전체 루틴 어떻게 짜면 좋을지 알려주세요! 예를들면 유산소+무산소 어떻게 구성하면 좋을지 알려주세면 좋을거같아요❤️",스포츠
QANsufbiBTU,[운동_VLOG] 홍지원의 이번주 어깨운동 루틴 공개,홍지원 V 피지크,응원 감사합니다~ 즐거운 추석 명절 보내세요.😁 *홍지원 올림*   앗!! 제가 촬영이 첨이라 흥분해서 거친숨을 내쉬었나봐요.😅 앞으로는 숨소리 주의해서 촬영하겠습니다. *몽감독 올림* ||| 얼마나 기다린지 모르시죠? 그냥 긴말 안하겠습니다. 영상 열라게 찍어주십사 합니다 . 홍샘 ||| 자연스럽게 매일 올라오는것같이  진행 ㅋㅋ 반갑습니다 ||| 돌아와주셔서 감사합니다.. 정말 감사합니다 몇번을 돌려보다가 댓글 쓰는데 제가 헬린이 일때 벤치 20키로도 못하던시절에.. 열심히 자극도 되고 도움도 많이 받았습니다 지금도 열심히 포기하지않고 운동할수있게 된건 홍지원님 abs온라인핏 영상보면서 저중량으로 따라하던 덕분에 아직까지 헬스하면서 지내고 있을 수 있다고 생각합니다. 10개월쯤 안오셔서.. 구독을 끊었다가 다시 한 돌구독자 입니다 ||| 2019버전 홍지원님을 볼수있게되다니.. 너무 감격스럽습니다 ㅠㅠ 마이애미 머슬마니아 1등하실때 영상만 몇번을 돌려봤는지 모르겠네요. 다시 돌아오셔서 너무 기쁘고 많이 배워가겠습니다. 감사합니다,스포츠
aXHis0oq4Cc,(운동해야짐 성연점) 남자 등운동 루틴,서산운동해야짐,,스포츠
YfZES2O-6x4,(평일VLOG)직장생활하면서도 몸이 좋아지는 이유 [가슴운동루틴],지기네,"성실함 하나는 대단하다 정말 .. ||| 아예 첫 영상 올릴때부터 봐왔는데 벌써 14만명이라니 한번도 영상 뜸한적 없고 성실하게 하시더니 당연한 결과라 생각합니다 항상 응원합니다^^ ||| 진짜 꼭 더 성공하셨으면 좋겠습니다 항상 대단하다고 느껴요 ||| 5시24분 기상 대단쓰... 11월말 바디프로필 멋져요!!! 저도 단기목표를 세워봐야겠어요!! 3:10 시작💪 워밍업부터 힘들어보여요..ㅋㅋ 전 눈으로 운동중😶😶 모두 득근하세요 ||| 운지기님 영상 보면서 많은 용기 얻는 사람입니다... 올해 초 디스크와 협착으로 인해 자존감도 많이 낮아지고, 그와중에 생계를 위해 어쩔수 없는 직장의 압박으로 이도저도 아닌 상황이었습니다. 그런데 운지기님 유튭보면서 이런저런 핑계 버리고 동기부여 해서 다른 운동이라도 꾸준히 하다 보니 확실히 삶이 많이 바뀌었습니다. 항상 감사합니다. 목표를 위해 꾸준히 노력하는 것 좋지만 건강 만큼 중요한 것 없는 것 같아요. 가끔은 쉬는 것도 롱런을 위해 좋은 것 같아요! 건강하세요~!",스포츠
GnfB7yeJcLY,"초보자를 위한 헬스장 운동순서 , 무분할 운동루틴을 배워보자",에브립,감사합니다,스포츠
AdtPDNHz97U,[친절한 피터오빠]상부 등 운동 루틴!!! 피터랑 함께 해요!!,피터핏,,스포츠
0prb1C4YcOU,"IFBB Pro 보디빌더 김준호 하체, 가슴, 복근 운동 루틴 2분할 KIM JUN HO legs, chest, ab Workout routine 2 days Split",MONSTERZYM 몬스터짐,"보디빌딩스쿨 운동강의 재생목록  https://bit.ly/2CjVSVs  몬스터짐 보디빌딩스쿨 김준호 하체, 가슴, 복근 루틴  IFBB 프로 김준호 선수의 2분할 훈련루틴(휴식없이 매일 훈련) 1일 등, 어깨, 이두, 삼두, 복근 + 유산소 2일 하체, 가슴, 복근 + 유산소  촬영장소: 광화문 몬스터짐 트레이너 대관 및 멤버십 가능   00:00 스트레칭  06:25 하체후면운동 시작 원레그컬+라잉 레그컬+런지 4세트 1세트 원레그컬(20회)+라잉 레그컬(13회)+런지(18회) 무게올려서 2세트  원레그컬(15회)+라잉 레그컬(13회)+런지(18회) 무게올려서 3세트  원레그컬(15회)+라잉 레그컬(13회)+런지(18회) 무게올려서 4세트  원레그컬(15회)+라잉 레그컬(13회)+런지(18회)  23:15 하체전면운동 시작 핵스쿼트+레그익스텐션+스트레칭 3세트 1세트 핵스쿼트(20회)+레그익스텐션(15회)+스트레칭 무게올려서 2세트 핵스쿼트(20회)+레그익스텐션(14회)+스트레칭 무게올려서 3세트 핵스쿼트(20회)+레그익스텐션(13회)+스트레칭  36:35 가슴운동 시작  인클라인 체스트 프레스+언더그립 케이블플라이(윗가슴) 4세트 1세트 인클라인 체스트 프레스(20회)+언더그립 케이블플라이(16회) 무게올려서 2세트 인클라인 체스트 프레스(13회)+언더그립 케이블플라이(16회) 무게올려서 3세트 인클라인 체스트 프레스(13회)+언더그립 케이블플라이(16회) 무게올려서 4세트 인클라인 체스트 프레스(13회)+언더그립 케이블플라이(16회)  44:40 체스트 프레스+플라이머신 1세트 체스트 프레스(13회)+플라이머신(15회) 무게올려서 2세트 체스트 프레스(15회)+플라이머신(15회)  48:30 복근시작 다리들고 크런치+레그레이즈+크런치+레그레이즈 머신 6세트 1세트 다리들고 크런치(15회)+레그레이즈(15회)+크런치(15회)+레그레이즈 머신(15회) 2~6세트 다리들고 크런치(15회)+레그레이즈(15회)+크런치(15회)+레그레이즈 머신(15회)+좌우스트레칭  01:06:35 종아리 시작 맨몸 카프레이즈+레그프레스 카프레이즈+핵스쿼트 카프레이즈 3세트 1세트 맨몸 카프레이즈(15~20회)+레그프레스(15~20회) 카프레이즈(15~20회)+핵스쿼트 카프레이즈(15~20회) 무게올려서 맨몸 카프레이즈(15~20회)+레그프레스 카프레이즈(15~20회)+핵스쿼트 카프레이즈(15~20회) 무게올려서 맨몸 카프레이즈(15~20회)+레그프레스 카프레이즈(15~20회)+핵스쿼트 카프레이즈(15~20회)  01:12:15 아미노산 섭취후 유산소 1시간 ||| 김준호가 몸이 균형미도 있고 조각같이 만들었어. 예전에도 멋있었지만 지금은 또다른 매력이 있어. 김준호 화이팅. ||| 루틴까지 다 보여주시고!!  살아있는 전설이십니다 ||| 이 영상은 김준호선수 운동전 근육 스트레칭 하는 것만 봐도 많은걸 얻어가는 겨 ||| 김준호 선수 처음 미스터 코리아 된게 언제적인데, 지금 50세가 넘은신것으로 알고 있는데 현역 프로선수라니 정말 대단합니다. 훌륭하십니다.",스포츠
cIIowHQ3iBc,하루 5분!! 8팩 복근운동. [오늘의 루틴],키다리형,안따라하고 그냥 누워서 보고있는 녀석들..자수하세요. ||| 출석체크 👇 ||| 0:59 운동시작 10초전 ||| 와 근데 이런 루틴 알려주는것도 너무 좋지만 그 격려해주는게 너무 도움된다 나만 안되는거 같고 부족한거같을때 나도 힘들어 이런거 한마디 듣는데 계속 하게되고 너무 좋은거같아요... ||| 4:26 ㅋㅋㅋㅋ와 진짜 딱 떨어질때 들라고하시넼ㅋㅋ,스포츠
X01xgb1lj1Y,등 근비대 훈련 운동루틴 Back day (10회로 맞추고 중량 설정) 중량 욕심 버리고 횟수를 맞추며 웨이트 훈련,MSG훈,"7:28 수축 잘 잡으시네요!  👍🏻 ||| 이삭님과 훈님 콤비 너무 좋습니다! 잘 보고있습니다,,감사합니다 ||| 여러 각도에서 찍어주시니 평소 궁금했던 자세를 좀 더 정확히 알수 있게 된거 같아요! 좋은 영상 감사합니다! 몸 지인짜이쁨 ㅎㅎ ||| 이삭이형은  운동진짜잘한다 ||| 1빠닭 오늘 등운동 하는날인데 잘보고 동기부여 오지게 받습니다~",스포츠
zwI0_etPoto,(당기기루틴)상세하게 설명하는 데일리 당기기 운동루틴-운지기헬스TV(네추럴프로),지기네,크 간결한 설명과 정확한 자세!! 흠잡을게 없는 운동루틴 설명 영상이네요!! 감사합니다 ㅎㅎ ||| 세아 먹방도 좋지만.. 난 이런 운동 방법 영상 가끔와서 보니 너무 좋다 ㅎㅎ ||| 1. 풀업 12회×5세트 2. 데드리프트 5회×6세트 3. 바벨로우 12회×4세트 4. 시티드로우 12회×4세트 5. 바벨컬 12회×4세트 6. 덤벨컬 12회×4세트 ||| #0:26풀업 12×5 #0:51 데드리프트 6set #1:28 바벨로우 12×4 #1:55 시티드로우 12×4 #2:19 바벨컬 12×4 #2:48 덤벨컬 12×4 ||| 등 ㄹㅇ비쥬얼은 원탑인듯 존경합니다현ㅇ님,스포츠
qYc8ipItQRo,2019 4월 18일 맨몸운동 루틴,현승,.,스포츠
oLxWtcz-dBw,드롭세트로 가슴이두운동루틴 가봅시다 [김성환매일운동]CHEST BICEPS WORKOUT ROUTINE,김성환헬스유튜브 (Kim Seong Hwan),"꾸준함이 진리는 아닌듯...김성환이 진리인듯...꾸준함의 바이브가..아름답습니다. 응원합니다! ||| 벤치 120자세 실화???? 갓성환이 왜 안티가 없는지 알려주는 영상임  남자임  닥치고 운동으로 보여주네여 ||| 자세도 개쩔고 힘도세고 겸손하시고 잘생긴대다가 헬스장 회원 모자이크처리까지......... 당신은 대체 ||| 로우폴리케이블크로스오버할고나서손잡이시끄러울까봐살짝놓는거보셨음~?ㅋ 꾸미거나과장하지않아도,사소한것까지이러니갓성환선수에게는악플이없따...^^b 플라이할때.. 무게줄일려고혼자핀조정하고후다닥자세다시잡는거너무기여우심..^^ 뒤에서무게셋팅해드리고싶따 ||| 처음가장힘이많을때메인운동 (가슴/밴치7세트 이두/덤벨컬4세트) 을해주고..나머지는전부드롭or디센딩으로딱1세트씩만진행하신거죠? ^^ 정말이지..운동에는끝이없네요~ 아직해보지않은루틴이지만.. 아니,생각도해보지못한루틴이지만.. 종목마다펌핑감이얼마나강하게느껴질지상상이됩니다~ 메인운동이맨앞에서끝나고나면나머지운동은한세트씩이기에..다음운동에부담감도덜하고..그날운동의집중력을끝까지가져가기도넘나좋을것같네요^^ 좋은영상감사해요요~^^b 늘고마운마음으로배우고갑니다.",스포츠
79n-onQvGjQ,"87kg의 맨몸운동, 오늘 운동 루틴 -중량 풀업 간단하게 싱글 세트-",깨름이,쎄다♡ ||| 키 어떻게되시나요 ㅆㅅㅌㅊ,스포츠
hDApJQgJC7E,브로훈 홈트레이닝 전신 운동 루틴 따라해 보세요.,BroHooN 브로훈,집에서 운동하기 유용한거같아요 ㅎㅎ 잘보고갑니당ㅋㅋ,스포츠
FFd3G_uKsjA,[다이나핏 엘리트아카데미] 등운동 루틴! 초보자도 꼭 해야 하는 등운동!,DYNAFIT-KOREA,1:14 ㅗㅜㅑ 에일리언인줄     넘 멋있어요👍 ||| 최고의 채널이다 ||| 유익해요👍 ||| 바벨롱  할때에 각도에 따라 다릅니다  그리고 로우동작에 상체를 땅으로 박는다는 느낌으로 수축을 조금더 해주어야 합니다. ||| 다이니핏 신발은 발볼이 넓은 편인가요 아님 좁은편인가요?,스포츠
YltyAMPyo9g,"운동 초보를 위한 헬스장 등 운동 루틴, 나를 포함한 우리 헬린이, 크린이들에게 추천합니다. 넓은 등, 어깨를 만들어 봅시다.",BroHooN 브로훈,항상 영상 잘 보고있습니다!!!. 영상 퀼리티나 수행능력이나 다른유튜버에 절대 밀리지 않는것 같은데 왜 구독자가 안 오르는지 모르겠어요 ㅠㅡㅠ 진짜 이해가 안됩니다 ....... ||| 당기는날 (등) 미는날 (가슴) 일어나는날 (하체)  전 대충 이렇게 틀을 잡고 하고 있네요ㅎㅎ 요즘은 당기는 날이 제일 재밌네요,스포츠
Pe2PF66jV6I,엉짱이 될 수 밖에 없는 하체운동루틴,헤롤드킴,,스포츠
uMrSF4nTX5g,실제 모델들이 하고 있는 모델핏 하체운동 루틴,ㅇㅇ,비율봐 세상에... ||| ㅋㅋ 따라하다가...숨 넘어갈뻔..했네요🤮ㅋㅋ ||| 스쿼트는 다리 굵어지기만하고 안길어진다는데 혹시 길어지는법은 없나요 *성장기,스포츠
eBtLrAXkATo,심으뜸 헬스장 하체운동 루틴 Legs workout routine at gym,힙으뜸,"와 진짜 너무 감사합니다 ㅠㅠ 솔직히 홈트영상은 진짜 널렸는데 여자분들은 헬스루틴을 어떻게 짜야하는지 영상은 별로 없더라구여 ㅠㅠ 특히 자세설명없이 동작만 보여준다거나 하는경우가 대부분이었는데 자세한설명이나 자극같은 부분까지 설명해주셔서 도움 많이됐어요! ㅜ ||| 와우 피티 안받는날에는 그냥 하고싶은머신 아무거나했는데 이렇게 정리해주시니까 너무좋아여!!설명진짜 깔끔하고 이해도 잘되네요ㅋㅋ감사합니다 역시 믿고보는 으뜸선생님 ||| 기존의 루틴말고 으뜸님 루틴대로 운동했는데 엉덩이, 허벅지 뒤쪽 자극 잘와서 너무 좋아요 많은 도움이 되었어요!! 유익한 영상 무한감사드려요❤ 헬스장 하체, 상체루틴 세트수  등 나온 영상 많이 많이 올려주세요 제발요 🙏 ||| 언니  요일별 운동 루틴 방법이나  이렇게 찍은 영상 최신으로 업데이트 해주시몀 감사하겟슴다..🙈 ||| 헬스장에서 PT도 받고 있지만  받을때는 다 이해 한것같은데 혼자 하다보면  이게 맞는건지 잘 모르겠고 어려웠는데,으뜸님 영상보고 도움이 아주 많이 많이되고 있어요 홈트로 할때도 영상보며 하니 같이하니 너무 좋네요 감사합니다",스포츠
4PW-f7YaYps,상체운동루틴,김문철,,스포츠
d3JdjKoBN5g,어깨 운동루틴 5가지ㅣ전면 측면 후면 전체 훈련(feat.클린짐),MSG훈,3:25 이영상 킬포ㅋㅋㅋㅋ 대흉근 저도 부럽습니닼ㅋ ||| 어깨운동 루틴 잘보고 갑니다 해봐야겠내요 ㅎㅎ 경산사는대 클린짐 한번 놀러가야겠어요 ~~ ||| 스미스 등받이로 많이했는데 없이도 한번 해봐야겠네요 ㅎ 요번루틴 좋아보여요 ||| 너무 좋아요💯 ||| 나도 근막이완 한번 받아보구 싶다..,스포츠
onwoGwzNLpU,"강경원 선수 ""등 운동 루틴"" 공개, 비시즌 (4k화질)",강경원,"역시 프로라 완성되지 않은 몸을 시청자들에게 보여주기가 쉽지 않았을건데, 이렇게 영상을 올려주는 것을 보니 시청자들을 대하는 자세가 멋지십니다. ||| 운동영상만 들어가있는게 아닌 사소한 대화들이 오가는 장면까지 있어서 보기가 너무 좋습니다. 이 영상을 만들어주신 카메라맨님 . 편집자님 강경원 선수님 주위  파트너님들 수고하셨습니다~ ||| 3:35 오로지 등으로만 풀업 정말 존경... ||| 아십니까? 짜장면은 사랑입니다. ||| 강경원 선수님을 차음 알게 된 게 어떤 코트를 입고 찍으신 멋진 사진이었는데 ..  사실 사진으로 뵈었을 때는 이런 나이스한 인품까지 겸비하신  분인지 몰랐어요  성과만 중히 여기는 다수를 보다  과정이 이렇게 값져 보일 수도 있구나 라는걸  몸소 증명하시는 것 같아 업로드하실 때마다 꾸준히 보게 되는 것 같습니다 무엇보다 좋은 에너지를 가지신 주변 가족 분들이 참 많으신 것 같아요 !  앞으로도 선수로서의, 아버지로서의 , 스승으로서의 강경원이라는 분을 응원하고 싶습니다 ~!",스포츠
_G-JXiB4D-w,폭염경보루틴 극한맨몸운동 루틴!! 너무 덥다... 스포츠테이핑(메디핑)으로 up,맨몸운동 아이연맨 [iyeonman],이 날씨에 대단합니다 ㅜㅜ저는 계속 집에서 하고 있는...💪😄👍 ||| 와... 맨몸운동 매력을 느낍니다..와 ||| 오집니다 저도 해봐야겠네요! ||| 날씨좋아보입니다! ||| 아이연맨님은 평생 치킨 안드시나요?(닭 가슴살 제외) 요즘같은 더위에 치킨드실법한데 드시나요???,스포츠
og4qxMFntLs,여배우들이 실제로 배우는 오프숄더 잘 어울리는 상체운동 루틴 공개!ㅣ야핏크루 유주,야핏 YAFIT,Koreans have such perfect bodies!!!  Perfect blend of exercise and surgery! 💖💖🔥🔥👌👌 ||| 몇세트해야하고 얼마나해야지 효과가 나타나요?,스포츠
hRZmX668Wcc,[DAY-5 하체] 헬스장 5일차 하체 운동 루틴!,THE BASE FIT[더 베이스핏],"헬스장 5일차 하체운동 루틴!  안녕하세요 여러분들의 힘든 웨이트트레이닝의 멘토 이강석 트레이너 입니다. 헬스장에서 혼자 운동 할 수 있는 5일차 하체운동 루틴 3가지!! 이번에는 신체에서 크게 차지하는 큰근육의 하나인 하체!입니다!!!!       1. 스쿼트(Squat)  2. 레그프레스(seated leg press)  3. 레그 익스텐션(seated leg extension)    레그 컬(lying leg curl)  4. 런지(lunge)       세세한 팁까지 사소한 것 같지만 중요한 그 모든 것들을 준비했습니다:)           이 영상은 [헬스장에서 혼자 운동하기!] 5일차-하체 영상입니다. 궁금한 점이 있으시면 댓글남겨주시고, '좋아요'와 '구독' 쿡! 눌러주세요.",스포츠
uU_vOiTWXfE,"2분할루틴,  따라하면 무조건 몸 만들수 있습니다 (초,중,상급 모두 추천)",헬파티HellParty,혼자 운동하면서 루틴에 대한 고민을 많이 하고 있었는데 루틴 영상이 뙇!! 한 종류 운동으로 30분씩 한 부위씩 조져도 되는군요 도움이 되었습니다!! 감사합니당 ㅎㅎ ||| 핼린이인데 다른 영상보다 보기 쉽게 설명이 되있네요 감사합니다~~~!^^ ||| 오늘부터 헬파티 최코치님 믿고 해보겠습니다 저 헬린이입니다 ~ ||| 이야 개꿀팁 핼형님 감사합니다! ||| 삼촌 저도 최근에 이분할로 운동시작했어요!! 집중적으로 하게 되는게 진짜 맞는거 같네요!!,스포츠
qoRbp9ytHpQ,일주일 운동루틴 자세하게 알아보자,정원'몬',오늘의영상 자주 올려주세요! ||| 오오 오랜만의 영상 ||| 인스타 디엠으로 이내용 답장해주신거 너무감사했는데 영상까지올려주셨네요 감사합니다 형님 ||| 기다렸습니다. 영상 잘봤습니다 ||| 으 운동하는 영상일줄 알았는데ㅠ 딥스최강자의 루틴 공개 감사합니다!,스포츠
_gKOM3cpVh8,[친절한 피터오빠]등 운동 제대로 알고 하자!!! 등 운동 루틴Part 2,피터핏,,스포츠
LxkvD32Hoes,"중급자를 위한 가슴운동루틴과 세트수!! , 중급자운동/가슴운동루틴/운동VLOG/기초부터심화까지",다이여터여트,가슴 운동 하러가야겠습니다 ||| 안녕하십니까 ㅋㅋㅋ,스포츠
bf4PIfnPIoI,헬스보이 브로훈의 헬스장 등 운동 루틴_헬린이 운동 루틴,BroHooN 브로훈,,스포츠
0jRHPR9ib8Q,허리통증 완화를 위한 최강운동루틴 2단계입니다~!!!!,피지컬랩,요즘 매일 아침 하고있음동~~ 감샴당~! ||| 트레이너완두  완두콩 닮았어요:) 좋은정보 고마워요 ||| 완두님 어디서 봤나 했더니 SK 야구선수 닮으셨네요,스포츠
_4RpEqa3jTQ,힙을 위한 운동 루틴1,IYC 스포츠센터 [수영/헬스/GX/유스단],,스포츠
aFI7iv-oJ9Y,[스포츠탑골공원]농구 싸움왕 김성욱...야인시대 따로없네,KBS 스포츠,"와 이걸 아련한 추억이라 그러네... 진짜 대단하다... ||| 국민대 다닐때부터 유명했다,후에 미국인 아버지를 찾아 미국적을 찾았고 미국으로 간 이후는 소식이 없는 선수, ||| 근데 때리고 바로 도망가는건 뭐야 ㅋㅋㅋ ||| 김성욱 우리고등학교 선밴데... 우찌 지내는지... 잘하나 못하나 올만에 보니 반갑습니다  ... ||| 아버지 누군지도 모르고 한국에서 평생 살다가 미국인 부친 찾았다고 바로 미국 국적 받고 런 한것도 개 웃기네 ㅋㅋㅋ",스포츠
i4OtKA1AcHY,2002 부산 아시안게임 남자 농구 결승전ㅣ대한민국 vs 중국 [습츠_명승부 리턴즈],스브스스포츠 SUBUSU SPORTS,"김승현의 스틸에 이은 하드캐리, 현주엽의 배짱있는 스핀무브, 야오밍에 쫄리지 않는 서장훈의 승부욕, 꾸준한 득점 차근차근 쌓아준 전희철. 그리고 그 외 자기 몫을 다 해준 농구대잔치 영웅들 (문경은, 이상민) + 새로운 세대 (김주성, 방성윤) 신구 조화. 10번 넘게 봐도 이런 영화는 안만들어 질 것 같습니다. 제 추억을 함께해줘서 고맙습니다. ||| 마지막에 현주엽 아이솔레이션 감독이 지시한건지 본인이 스스로 판단한건지 모르겠지만 암튼 한국농구의 운명을 건 돌파 정말 지렸다.. ||| 현주엽 정말 강심장이네요. 저 상황에서 아이솔레이션 돌파 후 레이업까지...ㄷㄷ 지금 티비 나오는 모습만 봐서는 상상이 안되는 실력이네요 ㅎㅎ ||| 김승현의 포기하지않은 저돌적인수비..분위기반전. 서장훈 현주협의 돌밑싸움과 말도안되는 슛감. 4쿼3분남고 10점이상차인데 진짜 말도안되는일이 2002년도엔 얼마나 벌어진거야..지금봐도 웅장해진다.. ||| 07:38 역전하고 수비하러 바로 돌아간 사람 서장훈 현주엽.. 슛 쏘고 라인 밖으로 나간 현주엽이 뛰어 들어오면서 야오밍 볼 뺏으려고 하는 저 집념 절실함.. 이런게 스포츠를 보면서 느끼는 감동이다",스포츠
vc3h_j-tt0M,스포츠토토 무조건 당첨되는 배당 잘들어오는 배당 이런 배당은 잘들어옵니다. 데이터와 숫자로 증명하겠습니다. 완전 거짓말 입니다. #오즈채널 #베팅상식,오즈채널,"사설부터 배터 생활 13년정도 됐는데 님이 젤 옳은소리 하시네~ 잘보고 갑니다!! ||| 프로토,사설 경력 20년차 유져입니다. 그냥 제 경험상 똥배정배당경기 여러개잡아서 안나오는 배당 쥐어짜내서 베팅하기보단 언오바가 신의영역이라고 떠드는거 사람들말 듣지말고 최근 경기득점력과 라인업 그리고 나라별 리그도 살펴서 언옵 두폴더에서 세폴더 엮는데 훨씬 확률이 높을겁니다. ||| 시간나는 대로 틈틈이  보고 있습니다.... 시작한지 얼마 안되서  오즈채널보면서   게임에 적용보는사람입니다...그냥 운인듯 하네요...로또나 토토  소액으로 재밌게 하는게  답인듯  가끔 그게 안될때도 있지만   담배값만 벌면는  되는거 아닌가요 ㅋㅋ   암튼 영상 재밌게 보고 있어요 ||| 화이팅입니다 ||| 이걸 이해못하시는 분들이 많네요  1.44배당을 걸어서 수익을 볼려면 13번배팅해서 9승4패정도는 해야 본전이고 10승3패정도는 해야  1퍼센트정도 이득이란 소립니다. 근데 1.44배당배팅으로 10승3패 자신있으신가요?  물론 사설을 이용하면 페이아웃,즉 환급률이 배트맨보다 높기때문에 조금 더 수익이 발생하겠죠 계산해보니 1.44배당기준 10승4패정도는 해야 본전입니다.  결국 정리하면 토토로 꾸준히 수익을 얻기위해선 배당승률(예를들어 1.44배당이면 60.4프로)보다 더 많이 맞춰야하며  페이아웃에서 빠지는 수수료까지 더 맞춰줘야한다 이것입니다.",스포츠
Z_hywgpiCng,어린이 팬들과 소통하는 유명 스포츠 선수들,다모아,두번째 애기 계속 못 받으니까 챙겨주는거 봐라 🥰 ||| Kbl 하이파이브 원하는 소녀팬 무시하고 들어가던 뉴스에서 넘어오신 사람 있나요 ||| 첫번째 팬서비스 영상은 심지어 그날 맞 붙을 상대팀의 쿼터백 저지입고있는데도 팬서비스 해주네 진짜 개부럽다 걍.. 마인드가 ||| 하키공 받을려는 여자아이 너무 귀여워ㅠㅠ ||| 0:44 시무룩 개귀엽넼ㅋㅋㅋㅋㅋ,스포츠
kBZo1ma71cE,농구의 기초 중의 기초 모르면 민폐! 스페이싱,농잘알,진짜 이형만큼 닉값 잘하는 유튜버 없다 ||| 기말 문제보다 이해가 잘되는 건 무엇? ||| 농잘알 인정 👍 ||| 역시 닉값왕ㄷㄷ잘봤습니다 농잘알선생님 ||| 역시 닉값하는 농잘알. 영상 잘보고 있습니다!   Ps. 스페이싱을 어떻게 만드는지 2탄처럼 만들어주시면 좋을거 같아요. 농알못인 저에게 한줄기 빛이 되어주세요 🙏,스포츠
ZnsZhrRiFEw,댄스스포츠 전세계챔피언♡미르코&에디타♡아름다운WDC시절왈츠대회영상보고배워보기,곽용준tv,왈츠가너무 좋아요 잘하시고아름답습니다 ||| 너무 아름답네요🥰 ||| 춤이 정말 우아하고 고급스럽네요 ||| 황홀하다 ||| 좋은 영상 감사합니다 ~~근데 노란 글씨 번쩍이는것이 없으면 더 좋겠습니다,스포츠
DGrwLpZseqk,[차차차] 통합루틴 1-54번 마스터하기 댄스스포츠 International Latin America dance chachacha,댄방,댄스 정보와 소통이 필요한가요?  지금 댄끼리﻿에 합류하세요! [댄끼리] 네이버 카페로 초대합니다. https://naver.me/52c758lX From 댄끼리 ||| 차차차 통합루틴 정확한 카운터 영상 최고입니다👍 응원 감사합니다🍀👏👏  열심히 배우겠습니다 ||| 멋져요.🎉 ||| 천천히동작하나 하나 복습하는데 많은도움됩니다 감사 합니다 ||| 쉽게배울수있게 두분선생님께서잘보여주십니다  정말감사합니다,스포츠
cX1Jm3T_hRE,스포츠토토 무조건 질 수 밖에 없었던 숨어있는 확률과 본전이라도 할 수 있는 최소 적중률에 대해 #오즈채널 스포츠토토 베팅상식,오즈채널,"오늘부로 토토 끊구 토토 끊을수있는 방송 찾아보다 봅니다 이영상이 젤 맘에 와닿네요 토토하지마세요 정신건강에 안좋아요 잠도 못자구 스트레스 쌓이구 힘들지만 전 오늘부터 노력합니다 ||| 분석가들중에 자기가 꼴았다고 말하는사람 거의 못봤습니다 ㅋㅋ 적중된것만 말하지 미적중은 언급을 안하니까 실제수익이 얼마나 났는지 확인불가죠 ||| 주식도 잘하실듯. 제가 스포츠 베팅 이론 보는 이유는 단하나 주식보다 가혹한 스포츠베팅 세계에서 돈버는 베팅 법이라면 주식시장에서도 무조건 버는게 가능 4년차 주식쟁인데 매년 수익 마이너스 단한번도 없었음 2019년 3퍼수익 20년도 98퍼  수익 21년도 0.2퍼 수익 22년도 32퍼 수익 올해 23년도는 매일 수익내서 현재 8퍼 수익 제가 주식은 어느정도 감각이 생겨서 스포츠 토토로도 확률적으로 버는법을 알고싶어서 책도 많이 보고하는데 진심 거짓말이 아니라 확률적으로 봐도 바카라보다 결국은 못한게 스포츠 베팅인듯. 스포츠 베팅으로 돈 벌려면 결국은 베팅업체간 배당률 괴리를 이용해 투자하는게 최선같은데 애초에 한국은 배트맨 토토 아니면 죄다 불법이고 그나마 그곳도 주스때문에 환급률 땜에 결국 장기적으론 손해..... 그나마 제가 연구한게 단폴 짜리 축구 경기에 승무나, 패무에 3배이상 배당률 책정된거에 변형 마틴기법으로 거는거 연구했었거든요. 근데 그짓도 물론 5만원정도로만 테스트 했지만 장기적으론 실패....답이 없더라구요 ㅎ 그래도 포기안하고  궁극의 배팅법을 찾아보고 연구중임 ㅎ 어차피 저는 실제돈 걸고 하는건 주식밖에 없어서 재미로 하는거라 부담은 없어요. 아무튼 좋은 이야기 잘 듣고 갑니다. 간간히 배팅이론 영상 많이 올려서주세요. 진짜 많은 영감받고 갑니다ㅎ 일단 재밌습니다 이런얘기들 ||| 진짜 배트맨은 악덕이네요..동기준 1.74 1.74라니 ㄷㄷㄷㄷ설령 단폴더허용해도 저배당으로 딸수가없조 ㅋㅋㅋ 승률이 55%항상 넘어야하는데 저배당은 50% 50%확률의 배당이고 큰수의 법칙에의해 결국 나도 반정도 맞춘다는건데 해외사이트는 1.91 1.91 적어도 1.87 1.87은 주는데 배트맨같은 저랑 배당이 한국외에 다른나라에서는 없을걸요 ㅎㅎ결론은 내가 배당손해보고 질거라는 판떼기에서 게임을 하는 사람들이 안타깝습니다 ㅠㅠ ||| 어제 실시간  동영상보면서 지금이 영상보고 있는데  진짜 현실적인 애기인것같네요 ....저도 픽스터들 픽보고 했지만 재미를 보진못했는데 이영상보니까 왜 그런지 이해가 되네요 잘보고 갑니다...",스포츠
1SCFg7xinqM,2010년대 대한민국 스포츠 최고의 순간 TOP10!,KBS 스포츠,0:20 축구팬으로선 이때가 가장 최고였다 ㅠㅠ ||| 내겐 김연아가 최고였음 ||| 월드컵 독일전이없넹 ||| 이걸 보면서 다시 한번 우리나라의 자부심을 느낍니다. 앞으로도 위에 나온 선수분들 모두 각자의 위치에서 좋은 모습 보여주고2020년에도 이러한 순간이 나왔으면 좋겠습니다. ||| 2020년대에도 새로운 스타들의 탄생이 나와 역사를 장식할것이라 믿습니다.,스포츠
R8uFQ8X-jME,[농구교실/농구클럽]한기범농구교실 고양점 Coach.Brian's Skills N drills Clinic 브라이언코치의 원포인트레슨,한기범농구교실(Hankibum's Basketball),무릎을 굽히라고~~~ ||| 코비 브라이언트 인줄 ㅋㅋㅋㅋㅋㅋ ||| 태환이 홍삼젤리 2주 압수,스포츠
_jz4pHJKaV0,[new 사부] 댄스 스포츠 1인자 박지우의 월드 클래스 ‘댄스 신고식’ @집사부일체 85회 20190908,SBS Entertainment,통쾌 상쾌. 춤사위 온몸이 움찔움찔 따라하게 되는 박지우님 국보급 댄스.멋쪄요. 자랑스럽습니다. ||| 여유로움이 장난 아니셔요 정말 가지고 논다는게 이런건지 너무 섹시하세요 진짜 멋있으세요 실제로 얼마나 더 멋있을까아 ||| 여자분 어깨가 안흔들린다 ㄷㄷ 멋있어 ||| 진짜 댄스보면서 여자분을 안보고 남자 파트를 보게하는 찐남자의 춤사위!!  삐쩍 마른 가수나 배우나 댄서가 아닌 남자다운 체격으로 저렇게 멋진 춤이라니ㅠ!!  이래서 박지우박지우 하는 듯! 힘과 예술의 조화가  말이 필요없네요!완전 멋찜!! 다시보면서 이번엔 여자분을 보니 표정연기또한 완벽! 가녀린데 힘이 넘치고 완전 사랑스러우심! 두분 최고!! ||| 1:48 성재 ㅋㅋㅋㅋㅋㅋㅋㅋㅋㅋ 우와 진짜 멋있어 ㅜㅜㅋㅋㅋㅋㅋㅋㅋ,스포츠
PEKPMGHQEOY,FW_19 코오롱스포츠 X 김혜자 Long Film l KOLON SPORT,코오롱스포츠 KOLON SPORT,김혜자님의 책을 보고 여기까지 왔네요 ㅎㅎ  멋진 광고 만들어 주셔서 감사합니다. ||| 무슨 광고가 이리도 멋진거지? ||| 책읽다가 여기까지 왔네요 너무 감동 ||| 저도 김혜자님 책 읽고 코오롱 광고가 궁금해서 검색해서 들어왔어요...이 광고를 이제서야 보다니...너무 멋지고 감동적이네요. '눈이 부시게'를 보고 이 기획을 하신 코오롱스포츠 담당자님들 감사드립니다 ||| 생애 감사해 읽다가 마더영화 다시보고 눈이부시게 드라마도 보았습니다. 광고카피와 김혜자님의 영상 너무 좋아요,스포츠
mItXhfXNufU,스포츠토토 잃지 않는 기적의 7대3 배팅법을 공개합니다.,메시의 스포츠토토 재테크,"▼최대 규모 분석방 입장, 아래 링크 클릭▼    https://open.kakao.com/o/s4v4GMHc ​♥️12월 01일 ~ 실시간 수익 현황 입니다♥️  ▼▼▼ 이번달 수익 TOP 5 ▼▼▼ 김수혁님 + 43,334,100원 박성주님 + 37,458,900원 김제승님 + 33,172,300원 이승현님 + 28,387,500원 정대건님 + 24,691,100원 그외 87명 5,000,000원 이상 축하드립니다. ||| 메시님 분석해주시는게 너무 귀에 쏙쏙 잘 들어오네요 믿고갑니다 ||| 토토 쉽지않는데 분석을 해주니 좋네요 잘보고가요 ㅎ ||| 와 요즘 심심풀이로 가끔씩 보는데 이분이 알려주는건 진짜 할만하네요 감사합니다 ||| 제대로 한 번 해보고 싶어요~ 초보지만 따라할수 있을거 같고 쉽게 접근하게 해주시네요",스포츠
d-wEC7lxVSQ,1.합법 스포츠토토 배팅방법 및 대박 {노하우공개!!},메시스포츠정보 동아리,메시   스포츠 정보 공유방 입장문의★   정보방 링크http://pf.kakao.com/_xkExjIj/chat  들어가서 톡주시면 됩니다 ||| 노하우가 다 기본이네요 ㅋㅋ 감사해요^^ 배당좋은 꽃계열에서 실습해야겟어요 ||| 좋은 대응법이네요 꽃계열 이용중인데 참고할께요 ||| 좋은내용이네요 요새 꽃계열에서 수익보는데 참고할께요 ㅎㅎ ||| 역시 멕시님 어제15배 적중샷 감사했습니다 나이따~~~~오늘도톡방에서기다릴게요~,스포츠
sQ8NFVbe4Zc,"스포츠토토, 가장 기초적인 접근방법 알려드립니다.",스포츠토토 전문분석 차대원,"▶️ https://open.kakao.com/o/sTlEmtQb ◀️ 분석방 입장문의는 클릭해주세요! 총순수익 : 363,438,053 원 2018년 2018년1월 : + 6,403,510 원 2018년2월 : + 5,100,427 원 2018년3월 : + 12,043,052 원 2018년4월 : - 1,088,789 원 2018년5월 : + 6,711,672 원 2018년6월 : + 1,459,937 원 2018년7월 : - 4,477,735 원 2018년8월 : + 20,739,781 원 2018년9월 : + 13,028,339 원 2018년10월 : + 8,888,318 원 2018년11월 : + 24,151,868 원 2018년12월 : + 18,158,551 원 2019년 2019년1월 : + 15,982,947 원 2019년2월 : + 17,848,252 원 2019년3월 : + 9,713,637 원 2019년4월 : + 8,617,694 원 2019년5월 : + 12,972,589 원 2019년6월 : + 25,266,265 원 2019년7월 : + 17,616,553 원 2019년8월 : + 42,410,521 원 2019년9월 : + 36,016,514 원 2019년10월 : + 41,744,573 원 2019년11월 : + 24,479,721 원 2019년12월 : 집계중 ||| 안녕하세요 대원님 대원님덕에 스포츠에대하여 알아가고있습니다.  오늘도 좋은영상 감사드립니다 저희를위하여 기초적인것부터 알려주셔서 정말 감사드립니다 승무패보단 핸디캡과 언더오버를통하여 수익을내고 하는것이 더 좋다는걸배워갑니다 항상 좋은영상덕에 저도 배워가고 1석2조인것같습니다 항상 저희를위하여 영상을찍어주셔서 감사합니다. ||| 기초적인부터 해야 수익도늘고 승률도 늘고 행벅수치도 늘고 항사우기초적인거부터 해야하는데 기초을 너무잘알려주세요 이런 열상 고맙습니다 ||| 저는 스포츠 초보자라서 분석법과 분석법에 대하여 자세하게 모르고 있어서 승무패로만 배팅했었는데 이제는 승무패 말고도 언오버나 핸디캡으로도 해야겠네요 ㅎㅎ 저는 적중률이 10퍼 이상이지만 항상 한폴낙이 많네요 ㅜㅜ 한폴낙을 하지만 저는 4폴더중 3폴더가 승무패입니다 ㅜㅜ 앞으로는 스포츠분석이 예측이라고 생각하고 확신을 하면 안되겠네요!!! 승패를 조금 연습하다가 앞으로는 언오버와 핸디캡을 잘 활용 해야겠네요 ㅎㅎ 앞으로도 저같은 초보자분들에게 도움을 주신다면 감사하겠습니다 ~~♡♡♡♡♡ ||| 스포츠 토토 적중률로 초보 중수 고수가 나뉜다 일단 듣고보니 맞는말이십니다 또한 한폴낙을 하면 중수 적중률10퍼이하면 초보 적중또는 한폴낙이면 고수라는점을 알게되었습니다 그리고 강팀의 마핸보다는 약팀의 플핸이 좀더이득이라는점을 알게되었으며 겉으로분석하기보다는 조금더 깊게 분석을하라는점 이점들을 전부메모하며 유익한영상에 감사하다는말씀 드리고싶네요",스포츠
VJWVkdmc6Is,"""스포츠 모델"" 포징 배우기 / 후면포즈 배우기",양깨비TV,직장인으로 스포츠모델 대회 나가는데 포즈관련 도움 많이 받고 있습니다. 좋은 영상 많이 부탁드립니다^^ 다른 동영상도 동기부여 많이 되고 정말 워너비 몸이네요! ||| 1:51 ||| 우와... 멋진데요? 전 바디프로필 한번 찍고나서 오른쪽 어깨가 계속 아프네요 ㅜㅜ 벌써 두달 됐는데 아직도.. 포즈 취하는것도 힘이 참 많이 들어가는거같아요,스포츠
NESLdcQxAKY,스포츠토토 배당률의 중요성 프로토 배팅 적용법까지 비법공개!!,메시스포츠정보 동아리,메시   스포츠 정보 공유방 입장문의  정보방 링크  http://pf.kakao.com/_xkExjIj/chat  들어가서 톡주시면 됩니다 ||| 감사합니다 초보라서 영상보고도 어려웠는대 톡방들어가니 좋네요 ~~~ ||| 역시 전문가는다르네 믿고따라가겠습니다 ㅎㅎ ||| 메시님 감사합니다 굿굿베리굿 오늘도부탁요~ ||| 역시 정보는 믿고보는 굿메시 가즈아았~~,스포츠
7ErPv8U2ooQ,댄스스포츠 배우기 / 모던댄스 초보자를 위한 베이직 박스스텝과 준비운동( DanceSport Ballroom Dance basic steps for beginners),world jjang - 장혜미입니다.,장혜미 원장님의 배이직 영상을 볼때마다 저의 심금을 울리게하고  배움의 열정이 불타게 합니다. 꼭 찿아뵙고   배움으로 제영혼의 행복을 느껴보고 싶네요. 그날이이오길 기다리며... 😂😂❤😅😅 ||| 기본 왈츠의 선율이 넘아름다워요. 원장님의 우아한 선율을 보노라면 가슴 믿바닥에서 목마름의 갈증과 열정을 솟구처 오름니다. 멀리있지만 꼭시간날때마다 기본의 선율을 전수받고 싶습니다. 꿈이있는 사람에게 바른길을 인도해주시고 인생왈츠를 춰보는게 간절한 소망이 되었습니다. 빠른시일안에 찿아뵙고 가르침을 받고싶습니다. 감사합니다😂😂😂 ||| 대림동에서 뵈었지만 모던댄스의 기본 훈련 루틴이 아주 명품입니다. 모든 운동은 기본이 잘 되어야 발전이 있는 진화 입니다. ||| 멋진동작 감사해요 혼자서도 가능할듯합니다 아름다움의 조화 ᆢ매력적입니다 ||| 프로페셔널중에서도 탑인것 같아요. 아름답다는 말이 절로 나오네요,스포츠
ZPfOc3EtA7Y,남자 스포츠커트 강의 (man's sports hair cut) 바리깡으로 쉽게 커트 하기/고객님과함께한영상,미용기능장흔쌤,흔쌤 진짜 성의있는 강의 감사해요ㆍㆍ 연습을열심히 해야겠다는 자극을 받네요 감사합니다ㆍ ||| 바쁘실텐데 영상 올려주셔서 남자컷  공부하는데  도움 많이  됩니다. 앞으로도 좋은영상  부탁드립니다. 감사합니다.^^ ||| 싱글링할때 가위개폐질 속도 실화? ||| 스포츠스퇄 애매했는데 쌤덕분에 확실하게 정리됐어요 넘 좋아요  응원많이하고있어요 좋은영상 감솨해여~^^ ||| ㅎㅎㅎ 산생님 영상보거 바로 연습햇어요,스포츠
fRtPXpx3tAg,패턴밀키 스포츠토토분석 배당분석 분석묘법 정배 역배 오즈포탈,패턴밀키,"▼배당흐름,배당해법,해외실시간머니흐름등 제공아래참고▼ https://open.kakao.com/o/sO7pxdfd ||| 밀키님 팬심으로 요기도 와봤어요. 항상 응원요. 화이팅@  😝 ||| 칵보이님 항상 잘보고있습니다 ||| 정보강사요~ ||| 좋은정보감사",스포츠
kdXzUOmRbz0,"15:00 김형석&이채은•댄스스포츠 | No.72 •댄스스포츠 | 룸바 Rumba-일반부 라틴5 Latin 5 (S,C,R,Pa,J) 결승 Final Round",Our.Neighborhood.KIDs운동하는 옆집 꼬마,우왕 너무 멋있어요 ㅠ 표정과 몸동작 너무 섹시합니다♡ ||| 김형석?,스포츠
lRNArKvz2mQ,"""스포츠 모델"" 포징 배우기 / 측면포즈 배우기",양깨비TV,"오우 쉬운게 아니네요 ....!💪 ||| 영상편집 너무 조은걸... ||| 올해 대회 첨으로 대회 나가보려 하는데 도움되는 영상이였음 ||| 포징 진짜 중요한데 다들 꼭 배우시길 ||| 영상이 너무 좋은데, 다리가 안보여서 다리 포징이. . 살짝 아쉬워요. 보질못해서요. .",스포츠
AlGGtLkf1sA,"""스포츠 모델"" 포즈 배우기 / 상체꿀팁 세가지 ! / 단계별 포즈 배우기 / 제 2탄 상체편 /",양깨비TV,감사합니닿ㅎ ||| 감사합니다 ||| 돌려보고 캡쳐하고 돌려보는중입니다 숙달 될때까지 참고하고 나머지 영상들도 계속 보겠습니다 감사합니다🙏 ||| 영상보면서 대회준비했는데 많은도움이 되었습니다💪👍👍👍👍 ||| 많은 도움이 됩니다!! 감사합니다~,스포츠
5O9YGiOcsWA,날씨와 데이터로 분석하는 스포츠토토 야구배팅법【자신만의 방법을 응용해보세요】,스포츠전문분석커리,▼무료픽 정보 링크입니다.▼ https://open.kakao.com/o/sVATogqb 무료 공유방입니다 !! ||| 이번 야구시즌 커리 믿고 갑니다 올라타세요 다들 ㅎㅎㅎㅎ ||| 대박 수익방이네요 ! 고정댓글 보고 다들 따라가세여 ||| 믿을거면 백프로 믿어버리면됨 !! 갓커리 !! 고정방 가즈아 ||| 개대박 수익률 ! 오져버려,스포츠
MIP0tabmwAA,"스포츠토토 "" 정배보다 달콤한역배 ""  똥배는걸러라▼아래고정댓글확인▼",스포츠분석K,"▼ 스포츠K 무료 정보나눔 공유링크 아래참고 ▼ https://open.kakao.com/o/sOqg9Qzb   스포츠분석 ""k"" 의 오픈채팅방입니다.  나가지말고 기다려주세요   - 7월1일 ~ 7월31일  수익 TOP 6 랭킹 -  김민석 님 + 4,433,000원 박진수 님 + 3,510,230원 이정수 님 + 2,152,500원 황인창 님 + 2,002,900원 이성현 님 + 1,798,300원 성시훈 님 + 1,541,500원  끝까지 함께해주셔서 감사하며 7월도 고생많았습니다. 그외 함께하신 70 분 수익 보셔서 진심으로 축하드립니다~ ""스포츠"" ""프로토"" 사랑하고 관심이 많으신 분들을 위해  앞으로  진짜를 보고 도움되셨으면 좋겠습니다.^^ ||| 이방법 역배잡이 한 도번 터져서 목숨걸고 고집했다가 돈을 꼴았던..  무튼 정배 배팅 10만원 잃으면 역배 30만 잃음 예로든다면 그리고 22년 기준 단폴 가능  재미 좀 보고있네요 ||| 배당 먹기!! 케이님덕에 수익이 좋네요!! ||| 케이님 좋은 영상 매번 감사드립니다^^ ||| 감사합니다",스포츠
MRKnKLmF6pU,[사담기 이용] '스포츠 탈장'때문에 은퇴까지 고민했다?!,JTBC Sports,저도 보고 있습니다! ||| 지우반 코치님이 있기에 독일의사를 만날수 잇었고 선수생활을 이어 갈수있엇다. 이용선수 부상당하지 않고 오래 뛰어주세요~ No.2번 2용 ||| 밑에 님 제가 보는데요^^ ||| 와...나... jtbc 니들 그러면 안되는거 아냐? 써글 스포츠 중계 방송 편파로 하면서 어디다 뎃글 달데가 없네.,스포츠
yP5Mkg08PD8,스포츠데이터분석_축구데이터분석 관한 이야기,soccerkony,"분석관을 지망하고 있고, 데이터분석에 대해서 조금 심도있게 생각중인 학생입니다. 제가 데이터 분석을 주목하는 이유는 아무래도 영상분석이 대중화 된 상황에서 숟가락 하나로도 충분히 밥을 먹을 수 있으나 여러 식기구가 있으면 훨씬 편안한 것처럼 분석에 편리함을 붙여줄 수 있다고 생각했기 때문입니다. 영상분석도 개인의 해석 여지에 따라 여러 의견이 나오듯이 기록분석도 마찬가지로 역량에 의해 같은 기록을 가지고도 충분히 유의미한 결과를 도출해낼 수 있다고 봅니다.  애초에 영상분석 자체가 실제 모습을 그대로 담아낼 수 있는 최적의 방법이기 때문에 당연히 영상분석이 기초가 되어야 하는 것도 맞고, 현대시대의 최적의 과학장비를 이용해서 뭐든지 하는 축구 내에서 도움이 조금이라도 될 수 있다면 데이터 분석을 활용해야하는게 맞다고 생각합니다 ||| 랑닉 휘하 여단(하센휘틀,나겔스만, 클롭 등)이나 티아고 핀투같은 유명 GM들이 고용한 분석가들의 통계분석 또한 크게 다르지는 않겠군요. IT비전공자 입장에서는 데이터 분석가란 직업이 마냥 멋있고 부럽기만 하네요. 전 축구 좋아해서 단순 집계라도 할수만 있으면 엄청 보람있을 것 같음.. 여튼 현직썰 들을 수 있어서 되게 좋았슴니다. ||| 따로 취득 할 만한 자격증이 있을까요? ||| 안녕하세요. 유투브 영상 보고 인터뷰 요청 드리고자 이전 영상 소개에 올려주신 메일로 연락드렸습니다. 가능하시다면 확인 부탁드리겠습니다 !! 감사합니다. ||| 데이터 분석가를 꿈꾸고 있는 학생입니다. 학과는 어디나와야하고 데이터 분석가가 되는방법은 뭐가 있을까요??",스포츠
PxVCrgMUb3M,'예리한 분석가의 길!' 스포츠 영상분석전문가 과정 개강,스포타임,,스포츠
fRtPXpx3tAg,패턴밀키 스포츠토토분석 배당분석 분석묘법 정배 역배 오즈포탈,패턴밀키,"▼배당흐름,배당해법,해외실시간머니흐름등 제공아래참고▼ https://open.kakao.com/o/sO7pxdfd ||| 밀키님 팬심으로 요기도 와봤어요. 항상 응원요. 화이팅@  😝 ||| 칵보이님 항상 잘보고있습니다 ||| 정보강사요~ ||| 좋은정보감사",스포츠
0ve_Qzg2xLc,스포츠분석 축구 리그별 총정리! 스포츠토토 축구분석 이걸로 끝^^,스포츠 분석의정석,"▼국내최대 합법스포츠정보공유방▼ 불법스포츠토박을 근절합시다 선착순 클릭 >https://han.gl/PrC2V  결장자 정보,경기정보 자료 무료공유 ♥️  수익률 실시간 지표♥️ VIP가족 정예 341명 수익 2억달성 ||| 자막으로만 말고 직접설명해주셔서 너무좋구요 골수치까지 자세하게 알려주는점이 좋습니다 감사합니다 ㅎㅎ ||| 리그별 홈 원정 팀 승률과 공격적인 성향까지 분석하시다니 대단하네요 감사합니다 ||| 페이스북보고왔는데 영상보면서 도움많이되네요 감사합니다 ||| 리그들을 분석해주시니깐 더 이해하기 쉬운것 같습니다!!",스포츠
bcV04bDgxQ0,스포츠분석방입니다^^,커뮤니티핑크픽스터,,스포츠
vCHB17mZdRs,스포츠토토분석 아무도 모르는 스포츠분석법 이 영상 보는 사람들에게만 공개합니다 !! 언오버분석 토토잘하는법,스포츠분석기자이준우,모든 스포츠분석 및 자료 VIP방 입장 하기 !! https://open.kakao.com/o/sJ6Nti6c ||| 스포츠토토 좋아요~♥열세 우세 분석 여러가지 분석을 자세하게 설명해주셔서 재미있네요~ ||| 기자님 항상 냉철한 분석 진심으로 감사드립니다. 앞으로도 건승하시길 응원합니다 ||| 언오버에 대해 어려울 거라 생각하고 정보에 대해서 무지했었는데 이 영상을 통해서 제대로 알게 된거 같아요. 기준점 비교분석법 유익했습니다. ||| 역시 이준우님 영상 항상 깔끔하고 정확한 분석 덕분에 꽃계열에서 승리가 더 많습니다. 너무 고맙습니다.,스포츠
abRDejQOioI,바르셀로나 메시 베스트 프리킥 명장면 [스포츠분석 정보공유],박나래,↓배팅로얄 스포츠 분석 정보 공유방 입장방법↓ ★필독★ 스포츠분석상담☞https://open.kakao.com/o/sePgggvb 많은 인원들이 함께 정보를 공유하고 있는 곳! 승률이 아닌 수익을 만들어 나가는 방향을 찾고 있는 분들! 배팅로얄을 통해 스포츠 정보를 받아가세요!,스포츠
vimK1o1ysTU,[스포츠센터] 분석 1편 : 축구 무승부 경기 분석편,스포츠분석센터한국,,스포츠
D2pZIPbrdpk,스포츠분석!축구픽!야구픽!배구픽!스포츠정보나눔,도박사 황선생,,스포츠
5O9YGiOcsWA,날씨와 데이터로 분석하는 스포츠토토 야구배팅법【자신만의 방법을 응용해보세요】,스포츠전문분석커리,▼무료픽 정보 링크입니다.▼ https://open.kakao.com/o/sVATogqb 무료 공유방입니다 !! ||| 이번 야구시즌 커리 믿고 갑니다 올라타세요 다들 ㅎㅎㅎㅎ ||| 대박 수익방이네요 ! 고정댓글 보고 다들 따라가세여 ||| 믿을거면 백프로 믿어버리면됨 !! 갓커리 !! 고정방 가즈아 ||| 개대박 수익률 ! 오져버려,스포츠
Q17sh31V9nk,"토토분석 TIP ｜스포츠토토 돈 따는 방법, 적절한 배팅조절 ｜스포츠전문분석메시｜",스포츠전문분석메시,어제두 새축 대박이었습니다 메시님 대박 ||| 매번 메시님 덕분에 수익보고있습니다 감사합니다 ||| 대박 감사합니다 ||| 미쳣네요 진짜 ㄷㄷㄷ와 .. . ||| 감쟈합니다~~^^ ㅎ,스포츠
1sILeXvo6RA,스포츠토토 잘못된 분석법가려내기! 스포츠 분석의 정석이 알려드립니다!,스포츠 분석의정석,"▼정석 VIP 정보공유방 입장방법▼ 불법스포츠토박을 근절합시다 선착순 클릭 >https://han.gl/PrC2V  결장자 정보,경기정보 자료 무료공유 ♥️  수익률 실시간 지표♥️ VIP가족 정예 341명 수익 2억달성 ||| 단계를 안거치고 가는제가 어쩐지 틀리더라구요..설명도 너무 깔끔합니다 이런정보들을 올려주시니 어디가서 돈잃었다는 소리하지는 않을꺼같내요 감사합니다 ||| 제가 국밥배팅을하는데 이영상을보면서 분석하는방법을참고해서 몇백배 몇천배 해봐야겟네요 감사합니다 ㅎㅎ ||| 역시 거짓정보에 흔들리면 안되겠네요..오피셜 확정기사나 시즌경기 흐름을 잘 파악할 수 있어야 한다는말 명심 해야겠네요..감사합니다^^ ||| 역시  무릎을탁치고 갑니다 항상 잘보고가요 앞으로도 많은 도움 받겠습니다.",스포츠
NG2bYZl6Hu0,스포츠토토 '신의 영역' 언오버 분석 비밀 진격공개! ▼아래고정댓글확인▼,스포츠분석전문프로젝트,▼프로젝트 포함 전문 정보공유방 입장방법▼ 카톡 아이디 : pro331 ||| 좋은정보감사합니다 ||| 연락드렸습니다!!! ||| 연락드릴게여~~ ||| 연락드리겟습니다,스포츠
T5yOtcG2SIg,스포츠토토분석 해외축구분석하시는 분들은 꼭 알아야할 노하우들을 공개합니다.,스포츠분석기자이준우,모든 스포츠정보자료방과 1대1특별관리방 문의하기 ! (입장제한X) https://open.kakao.com/o/sow9bjub ||| 어디서도 볼수없는 해외축구분석이네요👍 너무도 자세하고 유용한 노하우들 잘 참조할게요👏 ||| 이준우기자님 어쩜 이렇게 해외축구리그 정보를 잘아시나여^^ 스포츠토토 분석 매번 많은 도움이 되네여~ ||| 해외 축구팀에 대해서도  알기쉽게 설명해주시니까 좋아요 감사합니다 ||| 각 국가별로 리그들의 무승부율과 골수에 대해 알게되어  너무 좋습니다. 잘 참고해서 베팅해야 겠어요,스포츠
e80b3lfMx8s,"스포츠분석 미식축구분석하시는 분들은 이 영상 꼭 보셔야 합니다.  스포츠토토,NFL분석",스포츠분석기자이준우,모든 스포츠정보자료방과 1대1특별관리방 문의하기 ! (입장제한X) https://open.kakao.com/o/sow9bjub ||| 스포츠토토 미식축구편 자세한 설명감사합니다 자주 접할수 없는 종목이라  정독하고 갑니다 차후 베팅에 참고하겠습니다 동영상 감사합니다 ||| 언제나 스포츠 토토관련 분석을 명확히 해주셔서 감사합니다 이번엔 미식축구 분석 잘보고 갑니다 ||| 미식축구분석 정말댄단해요 분석력이 정말좋네요 정말좋아요 강추합니다 ||| 오~ 이번엔 미식축구 토토분석이네여~ 자세하고 전문적인 베팅노하우 잘 참조해서 대박수익 도전해볼게여^^,스포츠
b7rRUp9jd88,오즈메이커 해외축구분석 야구분석 농구분석 스포츠분석 축구픽,하민주,,스포츠
AqI0J3p-bUI,메시의 환상적인 드리블 [축구분석] 스포츠분석 공유방,박나래,↓배팅로얄 스포츠 분석 정보 공유방 입장방법↓ ★필독★ 스포츠분석상담☞https://open.kakao.com/o/sePgggvb 많은 인원들이 함께 정보를 공유하고 있는 곳! 승률이 아닌 수익을 만들어 나가는 방향을 찾고 있는 분들! 배팅로얄을 통해 스포츠 정보를 받아가세요!,스포츠
VEU94f3-RH8,토토분석 TIP ｜스포츠토토 배팅전략 ｜스포츠전문분석메시｜,스포츠전문분석메시,저렇게 하고 싶은데 막상 배팅하면 그게 안되니깐 문제지ㅠㅠ 보고 배워야겠어 ||| ■무료 정보 공유 링크 / 매일 픽 & 분석 제공■ bit.ly/2EOkMxN ||| 돈따즈아~~~~~| ||| 배트맨만 쓰기엔 질린다 .. 배당도 낮고 실시간도없고 .. 실시간 좋은데 어디없나요 ??,스포츠
rv47LGvegrU,[스포츠센터] 축구분석 기본편 : 이것만 알면 승률 급상승!,스포츠분석센터한국,,스포츠
1-V13ZiyA3Q,스포츠토토 분석방법 이 배팅법 하나만 알고가자! 수익률 7000%까지 달성하게해준 스포츠분석 특급배팅기법,수익전문No.1 노화정,"★대한민국 NO.1 스포츠 정보공유방 입장(24시간)입장가능★ https://blog.naver.com/jang0606211/221717303458 불법사설사이트를 근절합시다.! ※9월 ~10월 수익 TOP 5랭킹 윤철민 +46,789,100원 ㅅㅅ 성시원 +39,300,600원 ㅅㅅ 배상운 +34,219,000원 ㅅㅅ 고성환 +33,258,000원 ㅅㅅ 김진송 +31,654,000원 ㅅㅅ 이외 가족방참여하시는 1만여분들 전부  축하드립니다. 이번달도 가즈아~",스포츠
9zygTbcBwuM,무료스포츠중계 오공티비 http://ogongtv.com/ 무료스포츠분석,강요한,화천비타민 인연으로 알게 되어서 반갑습니다.,스포츠
nKFvH-hml8A,메시 전성기 시절 [유료픽 무료공유] 스포츠분석,박나래,↓배팅로얄 스포츠 분석 정보 공유방 입장방법↓ ★필독★ 스포츠분석상담☞https://open.kakao.com/o/sePgggvb 많은 인원들이 함께 정보를 공유하고 있는 곳! 승률이 아닌 수익을 만들어 나가는 방향을 찾고 있는 분들! 배팅로얄을 통해 스포츠 정보를 받아가세요!,스포츠
keHHQyiwA1Q,스포츠토토 배구 V리그의 중요한 용병분석과 배팅팁,스포츠 분석의정석,"▼국내최대 합법스포츠정보공유방▼ 불법스포츠토박을 근절합시다 선착순 클릭 >https://han.gl/PrC2V  결장자 정보,경기정보 자료 무료공유 ♥️  수익률 실시간 지표♥️ VIP가족 정예 341명 수익 2억달성 ||| 배구는잘몰랏는데.. 좋은정보와분석하는방법등 도움됫습니다.. 감사합니다~~^^ ||| 영상 잘봤습니다. 덕분에 참고 많이 되었습니다. 더 좋은 영상들 많이 올려주세요!! ||| 배구 배팅할때는 맨날 정배만 했는데 정석님 영상을보고 하나 알아갑니다 영상 감사해요 !! ||| 좋은 영상 감사합니다 ㅎㅎ 배구는 잘몰랐는데 많이 도움이 된거 같아여 ㅎㅎ",스포츠
o86HWXQeITU,스포츠분석 팀분석법! 스포츠토토 대박분석법 이것만은 꼭알아야 해!,스포츠 분석의정석,"▼국내최대 합법스포츠정보공유방▼ 불법스포츠토박을 근절합시다 선착순 클릭 >https://han.gl/PrC2V  결장자 정보,경기정보 자료 무료공유 ♥️  수익률 실시간 지표♥️ VIP가족 정예 341명 수익 2억달성 ||| 분석법 잘배워갑니다ㅎㅎ 항상 좋은영상 감사드려요~^ 다음영상도 기대할께요 ||| 좋은정보 감사합니다 영상보고 공부좀하면서 해야겟네요 수고하십시요 ||| 유익하고 좋은 정보 고맙습니다 ||| 좋은정보 감사합니다~!!! 무턱대고 베팅하는거보단 조금더 들여다보고 하겠네요 감사합니다",스포츠
kKHQajTUgPU,해외축구분석 축구분석 스포츠분석 스포츠가족방 오즈메이커,하민주,,스포츠
sx0zGi4oCf4,토토분석 TIP ｜스포츠토토 언오바 분석배팅 방법 ｜스포츠전문분석메시｜,스포츠전문분석메시,"감사합니다 언오바 덕분에 배당좋은 꽃계열에서 지겹도록 맞추네요 ㅎㅎ ||| 감사합니다, ||| 대박 감사합니다 ||| ■무료 정보 공유 링크 / 매일 픽 & 분석 제공■ bit.ly/2EOkMxN ||| 뭐든 예방이 중요하다~ 먹튀확인은 너lㅇi버에 온카스쿨 검색해봐라~",스포츠
TBOctYY_Xwk,스포츠토토 축구분석 해외축구분석 프로토 초보자는 무조건 놓치면 안되는 영상 !! #스포츠토토#토토분석#토토잘하는법,스포츠분석기자이준우,모든 스포츠분석 및 자료 VIP방 입장 하기 !! https://open.kakao.com/o/sJ6Nti6c ||| 본능적으로 때려잡는 것과  과학적으로 분석해서 배팅하는 건 기본적으로 비교불가! 겠죠.  희망을 주는 동영상 고맙습니다. ^^ ||| 정확한 자료와 확률로 예를 들어 설명해주시니 이해가 잘되네요. 단순한 운으로 배팅하는것이 아니라 정보 분석이 필요한다는 것을 알게되었어요. ||| 스포츠토토  축구분석 저도해야겠어요   마틴배팅법에 대해   잘보았습니다  귀에쏙들어오내요  배팅도 다운이내요 ||| 이준우님의 국내뿐 아니라 회외까지 꼼꼼히 챙겨보고 많은 정보 얻고있어요ㆍ고맙습니다,스포츠
HDnjMSEWwvM,스포츠토토 베팅고수가되는법! 스포츠분석이 전부는 아닙니다,스포츠 분석의정석,"▼국내최대 합법스포츠정보공유방▼ 불법스포츠토박을 근절합시다 선착순 클릭 >https://han.gl/PrC2V  결장자 정보,경기정보 자료 무료공유 ♥️  수익률 실시간 지표♥️ VIP가족 정예 341명 수익 2억달성 ||| 좋은영상 항상 감사합니다 ! 영상 중에 '스포츠 토토는 재테크의 수단' 이라는 문구가 가슴에 확 와닿네요.. 항상 생각하면서 하겠습니다. 다음에도 좋은영상 기대하고있겠습니다! ||| 저도 처음에 스포츠에 관심이 없었는데 재테크라는 목적 의식을 갖고 접근하니 관심이 생기고 더욱 신중하게 베팅하게 되었어요 ! 감사합니다 ||| 정석님 2년동안 봤는데 정말 꿀정보와 데이터 분석자료 항상 많이 주시고 정보방에서 도움 많이 되는거 같아요 고마워요 !!! 그리고 쿠폰까지도 주시고 짱 ||| 아하 분석가님 덕분에 스포츠토토에 조금더 잘 접근 할수 있을것 같습니다!! 감사합니다 정말",스포츠
yIKlViXC-dY,#라이브스코어 #해외스포츠중계 #스포츠분석 # 다컴티비 ddkk1234.com,Denis Iusupov,,스포츠
Be2LHG4ZCFQ,오즈메이커 해외축구분석 축구분석 스포츠분석,하민주,,스포츠
nAutIm-aMaQ,스포츠토토분석 해외축구 EPL 등 관계자들만 아는 토토축구 비밀들 꼭 보셔야 합니다!!  #스포츠토토#토토잘하는법#토토분석,스포츠분석기자이준우,모든 스포츠분석 및 자료 VIP방 입장 하기 !! https://open.kakao.com/o/sJ6Nti6c ||| 늘도움되는 분석덕분에 토토공부 열심히하고 갑니다  이준우기자님덕분에 공부잘하고 갑니다 ||| 항상 믿고 보는 기자님의  분석...이번엔 축구네요^^ ||| 항상 자세하게 설명해주시니 영상 보면서 많이 배워가요 감사합니다 ||| 그간 잘몰랐던 새로운 분석기법에 대해 자세히 설명해주셔서 정말 감사드립니다. 앞으로도 좋은 정보 많이 부탁드립니다.,스포츠
g6tUXWER5d4,"[스포츠토토] 해외축구분석 에레디비지에 무조건 이기는 배팅법 ! - 스포츠토토,스포츠분석,토토분석",스포츠분석기자이준우,모든 스포츠정보자료방과 1대1특별관리방 문의하기 ! (입장제한X) https://open.kakao.com/o/sow9bjub ||| 역시 스포츠 분석은 이준우 기자님 이시네요 오늘도 공부 많이 하고 갑니다~ ||| tv중계도 잘안하는 네덜란드 축구팀 경기정보네요😃 매우 유용한 분석하시는 준우님의 수고로 해외축구 토토 도전할수있겠네요👍 ||| 기자님의 토토분석은 언제나 최곱니다 ^^ ||| 역시 토토도 따려면 공부해야하는군요... 분석력 멋지십니다 따봉👍👍,스포츠
w2bOR5MeFBE,스포츠분석!! 축구분석! 야구분석! 농구분석!배구분석! 적중랭커1위!!,도박사 황선생,,스포츠
EeHDIkgbp0A,스포츠분석이야기 스포츠정보공유  야구 농구 배구 하키 축구  분석,홍길동,↓배팅로얄 스포츠 분석 정보 공유방 입장방법↓ ★필독★ 스포츠분석상담☞https://open.kakao.com/o/sePgggvb 많은 인원들이 함께 정보를 공유하고 있는 곳! 승률이 아닌 수익을 만들어 나가는 방향을 찾고 있는 분들! 배팅로얄을 통해 스포츠 정보를 받아가세요!,스포츠
i3E7N2AO4ls,"스포츠토토 해외축구분석 분데스리가 수익률 높히는 핵심 정리 !! - 스포츠분석,스포츠토토,해외축구분석,분데스리가",스포츠분석기자이준우,모든 스포츠정보자료방과 1대1특별관리방 문의하기 ! (입장제한X) https://open.kakao.com/o/sow9bjub ||| 역시분석의 최고봉이십니다.^* ||| 분데스리가 다른데서는 별로 정보를 못얻었는데 여기오니까 진짜 핵심만 쏙쏙 알려주시니까 참고하기 편하네요~ ||| 분석영상보고 기자님 정말 대단하시네요  많은걸배웁니다 ||| 핵심을 콕콕 잘 분석해 주셨어요. 항상 잘보고 있어요,스포츠
OZswTreRoBM,스포츠분석 !! 적중률 1위가 노하우 공개!! 스포츠픽 축구픽 농구픽!,도박사 황선생,황선생님 새해에는 분발하고 힘내셔요 전 요새 엘리니아 이용하며 어려운시기 잘 보내는중입니다 화이팅하세요 ||| 조회수가 아직 적으시군요. 구성을 좀더 액티브하고 도움되게 하시는게 좋을듯합니다. 올한해 힘들었는데 그럴때마다 블랙로즈에 들어가 제인생을 걸곤 했습니다. 내년엔 조회수 대박나세요,스포츠
0jjO0vkVLfY,오즈메이커 스포츠 분석,하민주,,스포츠
PNKQq1TicoE,호날두와 메시의 맞대결 축구 가족방 [스포츠분석],박나래,↓배팅로얄 스포츠 분석 정보 공유방 입장방법↓ ★필독★ 스포츠분석상담☞https://open.kakao.com/o/sePgggvb 많은 인원들이 함께 정보를 공유하고 있는 곳! 승률이 아닌 수익을 만들어 나가는 방향을 찾고 있는 분들! 배팅로얄을 통해 스포츠 정보를 받아가세요!,스포츠
WAidab6bUuw,전성기 시절 악동 수아레즈 축구전문 분석 [스포츠분석],박나래,↓배팅로얄 스포츠 분석 정보 공유방 입장방법↓ ★필독★ 스포츠분석상담☞https://open.kakao.com/o/sePgggvb 많은 인원들이 함께 정보를 공유하고 있는 곳! 승률이 아닌 수익을 만들어 나가는 방향을 찾고 있는 분들! 배팅로얄을 통해 스포츠 정보를 받아가세요!,스포츠
sRjlIaEPXR4,스포츠토토 분석 무승부 배팅기법{보면 절대후회안하는영상},메시스포츠정보 동아리,메시   스포츠 정보 공유방 입장문의 정보방 링크   http://pf.kakao.com/_xkExjIj/chat    들어가서 톡주시면 됩니다 ||| 와정말 기감가히네요여기방정보는 메시님 감사요 ㅎㅎ ||| 2연승째중이네요 ㅎㅎㅎ 감사합니다메시님!!!갓메시! ||| 감사합니다 좋은정보 어제 적중샤샤샷이요 ||| 믿고보는메시 좋아요~,스포츠
e4R6kQGF3wg,스포츠분석의 정석! 겨울스포츠 정복하는 분석법,스포츠 분석의정석,"▼정석 VIP 정보공유방 입장방법▼ 불법스포츠토박을 근절합시다 선착순 클릭 >https://han.gl/PrC2V  결장자 정보,경기정보 자료 무료공유 ♥️  수익률 실시간 지표♥️ VIP가족 정예 341명 수익 2억달성 ||| 좋은정보 고맙습니다~ 많은정보 진짜 사랑합니다~~~` ||| 좋은정보 감사합니다 ||| 좋은 정보 감사합니다ㅎㅎ ||| 하키재밌죠 정보감사합니다ㅎ",스포츠
sdkphmJTa7k,"메시의 환상적인 프리킥 [스포츠분석] MLB, KBO, 믈브, 크보 분석",박나래,↓배팅로얄 스포츠 분석 정보 공유방 입장방법↓ ★필독★ 스포츠분석상담☞https://open.kakao.com/o/sePgggvb 많은 인원들이 함께 정보를 공유하고 있는 곳! 승률이 아닌 수익을 만들어 나가는 방향을 찾고 있는 분들! 배팅로얄을 통해 스포츠 정보를 받아가세요!,스포츠
ZSFRU2QBj4E,"스포츠토토 당신이 졌던 이유 ! [ 토토잘하는법,축구분석,스포츠분석,토토분석]",스포츠분석기자이준우,모든 스포츠 정보 공유방 입장과 1대1특별관리방 문의하기 ! (입장제한X) https://open.kakao.com/o/sJ6Nti6c ||| 영상 감사합니다 많이 배웠어요 !! 눈꽃 사용중인데 배당이 좋더라구요 빨리가서 건승할게요 ~ ||| 스포츠토토 이준우기자님 덕분에 베팅하는 방법 배워갑니다  분석너무  유용하고 감사해요 ||| 좋은정보감사합니다 ||| 토토하려면 감정조절을 잘해야되겠네요😁 쥬스의 의미와 중요성에 대한 자세한 설명 너무 유익하네요👍,스포츠
x5bvhlJcX8o,"축구분석 스포츠정보 공유 [농구,야구,배구.하키]",박나래,↓배팅로얄 스포츠 분석 정보 공유방 입장방법↓ ★필독★ 스포츠분석상담☞https://open.kakao.com/o/sePgggvb 많은 인원들이 함께 정보를 공유하고 있는 곳! 승률이 아닌 수익을 만들어 나가는 방향을 찾고 있는 분들! 배팅로얄을 통해 스포츠 정보를 받아가세요!,스포츠
YUczGVJ29xM,메시의 노륵패스 [축구분석] 스포츠분석 정보공유방,박나래,↓배팅로얄 스포츠 분석 정보 공유방 입장방법↓ ★필독★ 스포츠분석상담☞https://open.kakao.com/o/sePgggvb 많은 인원들이 함께 정보를 공유하고 있는 곳! 승률이 아닌 수익을 만들어 나가는 방향을 찾고 있는 분들! 배팅로얄을 통해 스포츠 정보를 받아가세요!,스포츠
d1-rY_elWEE,소름끼치는 메시의 2대1 상황 대처능력 스포츠분석 프로토 가족방,박나래,↓배팅로얄 스포츠 분석 정보 공유방 입장방법↓ ★필독★ 스포츠분석상담☞https://open.kakao.com/o/sePgggvb 많은 인원들이 함께 정보를 공유하고 있는 곳! 승률이 아닌 수익을 만들어 나가는 방향을 찾고 있는 분들! 배팅로얄을 통해 스포츠 정보를 받아가세요!,스포츠
P7aFhd4Rwxg,11년전 8월 23일 바로 그 경기! 쿠바전 다시보기,KBS 스포츠,이때 쿠바 감독이 1회에 땀 뻘뻘 흘리는 류현진 보고 아 오래 못가겠구나 생각했다는데 9회에도 똑같이 땀 흘리면서 던짐ㅋㅋㅋㅋㅋ ||| 고영민 마지막송구 팀전원 식겁햇다고함 ㅋㅋㅋ특히 박진만 진갑용 ㅋㅋㅋㅋㅋ ||| 솔까 저때 강민호 항의해야 되는 상황이였음 ||| 강민호도 참 대단한게 원래 포수란 포지션이 20대 중반은 되야 기량을 꽃피우는데 저 때 이미 롯데 주전 포수였고 진갑용이 부상으로 빠졌지만 전혀 공백이 안 느껴졌음 그리고 아직도 주전으로 뛰고 있고 ||| 21살 김광현 한일전4강 22살 류현진 결승  지금보니까 더 대단하다,스포츠
Gwy0-Y_awMY,베이징 올림픽 야구 하이라이트 1 / 2008 Beijing Olympic Korean national team Highlights1,잡다한거다모았다,금메달의 자격이 있는 선수들... 군면제를 떠나 진정성있는 야구를 보여준 레알 국대이며 대한민국의 대표 야구선수들이다..~^^ ||| 정근우 컨택 미쳤다 그냥 뚝딱이가 아니라 장타까지 갖춘 ㄹㅇ 미친 타격능력 지금봐도 놀랍다..국제대회에서 저렇게 한다는게 ||| 2020도쿄올림픽 보고 암걸려서 오신분? ||| 다시봐도 류현진의 담대함은 정말 지린다 지려 배짱한번 최고다 물론 실력도 겸비하지만 저 어린 선수사 9회 만루를 이겨냈다 진짜 대단하단 말밖엔 할 말이 없다 ||| 이때 야구 진짜 재밌었지 염통이 쫄깃해질정도니…. 이때가 진짜 그립다…ㅠㅠ,스포츠
jiF3abVn408,[KT 5G 초능력] [e스포츠 라이브] 보고 싶은 게임 화면을 골라 보는 초능력,KT - 케이티,난 위성도 내맘대로 팔지 ||| 아이폰은 왜 안되나요 ㅠㅠ ||| 이 스마트폰 기종 뭐에요??? ||| 고라니 하이 먼뎈ㅋㅋㅋㅋㅋ ||| 고~하~ㅋㅋㅋㅋㅋㅋㅋㅋㅋㅋㅋㅋㅋㅋㅋㅋㅋㅋㅋㅋㅋㅋㅋㅋ,스포츠
DSev-pArVBU,베이징 올림픽 야구 하이라이트 2 / 2008 Beijing Olympic Korean national team Highlight2,잡다한거다모았다,와..진짜 정대현 표정 개소름이다 어떻게 저 상황에 긴장1도 없이 저럴수가 있지?괜히 진갑용이 결승 마무리로 추천한게 아니네 ||| 4:31 이때도 이택근은 중견수였네. 현 최강야구 선수들 15년 전 앳된(?) 모습 보니 신기하네요^^ ||| 와 조성민 해설 진짜 찐이다 와 ||| 6:17 조성민 해설 예언하자마자 홈런... ||| 저때 해설자 조성민인데.. 명해설이라 개인적으로 매우 감탄했었음. 아까운 인생이로고...,스포츠
KI1WzOLLC6Q,2019♥인천 한중e스포츠대회,XR O2O MixWare,,스포츠
zdoNBo7foNc,[e스포츠매거진GG] 예고 '전세계의 우승팀이 모인다!'/ 'e Sports MagazineGG' Preview,SBS ,0:09 서수기릿?!!,스포츠
XZwDETABKhc,2019 인천 한중 E스포츠대회 한국대표선발전,STN SPORTS,,스포츠
idB27oUEtJ0,[e스포츠매거진GG] 예고 'PKL Week5 경기 다시 되짚어 보기!'/ 'e Sports MagazineGG' Preview,SBS ,,스포츠
lzzpO3gmHus,E-SPORTS E-스포츠 현장 스케치,JeongHan KIm,,스포츠
pQtcvPyAY_0,SBS [e스포츠매거진GG] - 19년 1월 13일(일) 예고 / 'esportsmagazineGG' Preview,SBS ,skt 화이ㅣ팅! ||| 오잉? 롤이 왜 여기서 나와?,스포츠
yuMunSNLSPw,[e스포츠매거진GG] 예고 'LCK 승격에 성공한 무서운 복학생'/ 'e Sports MagazineGG' Preview | SBS NOW,SBS ,1빠,스포츠
esCrPujtJ7U,군장병e스포츠 인터뷰 짤영상 | 프로게이머 이재홍 | 배틀그라운드,군장병e스포츠대회,GO iLGO！ GODTN! ||| 광주일고의 자랑 이재홍 화이팅! ||| 18-35k !!!,스포츠
KvoHdvnn7iI,[e스포츠매거진GG] 예고 '이제 전국에 e스포츠 경기장이 생긴다?'/ 'e Sports MagazineGG' Preview,SBS ,I'm first,스포츠
Ppd6Yu0jSM4,스포츠 앞에 장애는 없다! e 스포츠의 세계!,울산MBC,,스포츠
mqRnLeXOPyI,"한화생명 - e스포츠, 팬들과 함께한 특별한 시간",한화그룹,,스포츠
oQ3myfrxSNU,"2019 KNUE E스포츠대회 리그 오브 레전드 3,4위 결정전 후니후니 VS 탑현수 그는 전인가?",한국교원대학교총학생회,,스포츠
wgEcMeavTC0,보고싶은 게임화면을 골라보는 초능력 [e스포츠 라이브],KT - 케이티,예뻐용~설명 착착 감기네용 ||| Kt!!!😉 ||| 초능력~~~kt  App스토어는 아직인가요?... ||| 굿 ㅋㅋ ||| 벌써2번째고장  다른인터넷은  고장난적이없다...또as는  낼모래나가능하단다 .  또  kt기사불러야되나.,스포츠
al-EcDSqCW0,SBS [e스포츠매거진GG] - 19년 01월 06일(일) 예고 / 'esportsmagazineGG' Preview,SBS ,1빠,스포츠
3ronR6_-PSY,[e스포츠매거진GG] 예고 '좋은 기운이 도는 LoL 월드 챔피언쉽!'/ 'e Sports MagazineGG' Preview | SBS NOW,SBS ,,스포츠
eVYNZENP6go,e스포츠도 스포츠일까?,Issue ㅇㅇ,,스포츠
uUAaLR21fWY,경기 `e-스포츠전용경기장` 공모결과 발표,GTV경기도청방송국,,스포츠
IdONaAtbdb8,벤치프레스 230키로 bench press 230kg ㅣ스포츠 하이라이트ㅣ,하제용대한민국 가장 힘 쎈 남자,보디빌딩자세로 벤치프레스하셔도 파워리프터 부럽지 않은 중량을 치시는 파워빌더 갓제용선수님 ㄷㄷ ||| 0:30 꼬툭튀 ||| 어떻게 사람이 230kg을 들수있지?..  난 컨디션 아무리 좋아도 220kg에서 더는 못들겠던데.. ||| 나의 1RM은 누군가에게는 웜업이다. ||| 오!! 역시 제용이형~~!! 형 진짜로 멋있어요^^,스포츠
0OgGhhkgAOc,자극 쩌는 등운동!! 멋진 등근육 만듭시당 ㅎㅎ,운동은한별이랑,이렇게 운동하시는 여성분들 진심으로 대환영입니다. 이렇게 자신의 근육을 찟어발기는 아름다움👍👍 ||| 풀백하고 풀다운을 짬뽕한 동작이네요 오 ㅎㅎ ||| 광배 이완수축이 엄청나 보이네요  광배키우면 허리가 더 얇아보이는효과가 있을랑가?? ||| 자세 좋네요 :) ||| 한별이 카메라 앵글은 후면에서 잡아야지~ㅠㅜ,스포츠
EJ_eHXCGTOk,추억의 광고영상 CF MBC스포츠하이라이트편 (1995) CF collections of Korea's Remembrance (1995),BSPG TV,스포츠하이라이트  MC 송인득  매주 월요에서목요일까지 10시50분  금요일 10시40분  메뉴 월요일 주간성적표 허구연 김소식 분석전망 주간포토제닉후보 협찬 모토로라반도체 화요일에서금요일까지 2경기하이라이트 오늘의포토제닉,스포츠
uVOZuJNW_v0,스쿼트 230kg,hun.,오우야 자세도 좋고 무게도 잘치시네요 멋집니다. ||| 괴력이네 ㄷㄷ 몇살이세요?,스포츠
B_KgV7svHh0,부산MBC NEXT - 스포츠 하이라이트,국내 해외아나나,(2015.9.1~2015.10.31),스포츠
J971spbQ1zo,#헬스,기연실,,스포츠
7w5QBCah0lw,#헬스,기연실,,스포츠
tltLUc0s3CU,#헬스,기연실,,스포츠
5UbNsxI4pLc,#헬스,기연실,,스포츠
AuXUwFfLUJo,#헬스,기연실,,스포츠
Yr_ymJI7sUQ,헬스장에서 하체 운동!,갱스타,,스포츠
O3dzO3T3FsQ,턱걸이 고수되기!!! 내 인생 최고기록 갱신!!!,기료미니tv,멋잇어,스포츠
pEzeMr4gNyE,#헬스,기연실,,스포츠
uSigW0wTIKA,데드리프트 Deadlift 145kg(320lbs) beltless top single (19.05.08),Dan Oh,,스포츠
_1H1Ocd88tc,#헬스,기연실,,스포츠
j_V039YM6ZM,평택 본스포츠 헬스+골프+사우나 특가,본스포츠그룹,,스포츠
q3i2f8beh84,#헬스,기연실,,스포츠
cdEUsxkfydM,#헬스,기연실,,스포츠
fAtLPhP2F-s,#헬스,기연실,,스포츠
66W-p5q9XuY,연예인 미모 뺨치는 스포츠 스타11~ 미녀 스포츠선수~ 여자 운동선수~얼짱 운동선수,핫이슈짤,구미시청 볼링팀 한별선수가 진짜 최고인데 왜 없는건지.. ||| 체조요정 어릴때는 진짜 요정인데 ||| 남자라면 유튜브 밥풀소울을 모를 수 없지 ;; ||| 와...너희들 때문에 밥풀소울 애들이 다 알아버렷다 책임져라 ||| 다들 블랑 티  비 블 랑  티  비 하던데 ㅋㅋㅋㅋㅋ들어가보니까 진짜 신세계네 ㅋㅋㅋㅋㅋ안믿었던 제자신을 원망하게 되네요 ....감사합니다!!,스포츠
bm0QJLFHX4U,#헬스,기연실,,스포츠
Mg37YUbob8I,열심히 운동하는 직장인,병동건승진TV,우와 눈에 안 보일 정도로 빠르네요 ㄷㄷ ||| 두번째분 엄지발톱빠졌답니다...글 내려주새요.. ||| 이분들 줄넘기 전문관이신가요? ||| 혹시 직책이 쌩쌩이주사보 인가요..?,스포츠
JwXOv8GVTUo,#헬스(2),기연실,,스포츠
rWd4rYv3igg,턱걸이로 하트만들기♥,love하트남,,스포츠
DIgA6kPGLsQ,#헬스,기연실,,스포츠
gYwkvRX6krc,#헬스,기연실,,스포츠
8lvHxvQyNls,#헬스,기연실,,스포츠
Tv9a-K85fAs,#헬스,기연실,,스포츠
WuwBN5eEUd4,짐볼위에서 스쿼트! 도전? 드루와 How to stand on a gymball challenge,에이스 규니 ACE Kyun,,스포츠
CheVCkwXAA0,#헬스,기연실,,스포츠
WPYclK4jW_8,#헬스,기연실,,스포츠
9VlPJe_tXTM,헬스트레이너의 볼링실력,조명환,,스포츠
BILR4QZZ44c,#헬스,기연실,,스포츠
5v9ps7ue144,#헬스,기연실,,스포츠
s6MCSKtigk0,가슴운동 덤벨풀오버,양연옥,,스포츠
CRhZRiXYuyk,고1 스쿼트170 2rm,남사장,와 전완근 듬직한거봐ㅎㄷㄷㄷㄷ ||| 이 영상이 제일 동안이네 ||| ㅗㅜㅑ..,스포츠
XqLKVIVXofg,팔씨름. (웨이트 vs 테니스),전완근TV,꽤나 막상막하인 볼만한 팔씨름이였습니다💪 ||| 자세가  부상당하기 딱좋은 자세 저도 저러다 엘보나가서 두달고생.. ||| 테니스 해야겠구나! ||| 오른쪽에 있는분 팔씨름 잘하시네요 ||| 나랑 어디 댓글서 말싸움 했던사람 같은디 ㅋㅋ 아닌가??,스포츠
MGDE7r33LM4,복근만드는방법?따라할줄알면 무조건복근생깁니다 레그레이즈,근육아빠,해석:따라하려면 따라해봨ㅋㅋ꼬우면 만들고 오던갘ㅋㅋ ||| 채널: 따라할줄알면 복근생깁니다! ??? : 복근이 있어야 따라하지 시벌 ||| 복근있는 사람이 따라할수있는거겠지... ||| 따라할줄아는 사람에겐 필요엄슬듯 ㅋㅋㅋㅋ 진짜 멋지시네요👍👍 ||| 와 개존잘 ㄷㄷ,스포츠
JFLvnuQo6Ro,등운동 풀업동장,최혁,,스포츠
gvEldZDzWro,운동 천재!! 턱걸이 하자마자?? 뿌셔버리기!!,기료미니tv,,스포츠
jPZVbwZEvPI,데드리프트 193kg,헬린이탈출,바벨보면 최소 350수준 ㅋㅋ,스포츠
5dQtEMnMfxU,#몸짱 #운동 #피트니스 #헬스 #다이어트 #건강14,狼烟四起,,스포츠
KPwIxILmoWg,#헬스(1),기연실,,스포츠
vC1B_6FwL-E,아저씨 헬린이 덤벨플라이,로한의기마대,,스포츠
5p3eAav8YZQ,#헬스,기연실,,스포츠
h7uBOd3w2Rc,#헬스,기연실,,스포츠
U_m7Mv3Dj7o,턱걸이 고수되기!!! 힘겹게 5개 성공!!!!,기료미니tv,,스포츠
EmWjBab87w0,2017 주르카네스포츠 아시안컵 in 필리핀 타나우안 하이라이트 zurkhaneh,방덕의 고유감각,,스포츠
MYB1udp5AHQ,여느 가정집의 흔한 아침 풍경 (변기 앉은 침팬지 원숭이) ㅣ Ordinary Morning Scenery Of A Family With Chimpanzees,SBS TV동물농장x애니멀봐,"고전시리즈 더 보러 가기 📺↓↓↓ For more animal classics📺↓↓↓ https://bit.ly/2Y46Jeb ||| 진짜 사람같아서 좀 무섭기도 하고 한편으로는 무슨 생각을 하고 있을 지 궁금함 ||| 솔직히 존나 보는 내내 소름 돋았다 지들은 자기가 인간이라고 생각 하고 있을 거 아니야,, ||| 제 친구는 해외에서 침팬지 키우는데 어느날 난폭해져서 병원 가보니 사춘기같은게 와서 자신의 정체성 때문에 그런거라더군요.. ㅎㄷㄷ ||| 1:31 나가라고 손짓하는거 개웃기네 ㅋㅋ",애완동물/동물
NN3vFfyH4-E,그만 커도 될 것 같다♡(초귀여운 아기 호랑이) ㅣ Come. Cute baby Tiger Gives You High Five Bruh,SBS TV동물농장x애니멀봐,이전이야기 / A previous story ↓↓↓ https://youtu.be/CxVP2ySWb-o ||| 1:07에서 으엥에 하고 울때 진짜 서러움이 느껴졌어 ..ㅎ ||| 아가호랑이는 지가 호랑인걸 모르겠지. 너 종자부터 대단한 녀석이야 ㅋㅋ ||| 아기호랑이를 저렇게 쓰담쓰담 해줄수잇다니...너무부러워ㅠㅠㅠㅠㅠㅠㅠㅠㅠㅠㅠㅠㅠ ||| 1:05 넘 서럽게 울어 ㅠㅠㅠㅠㅠㅠㅠㅠ 졸귀탱 ㅠㅠㅠㅠㅠ,애완동물/동물
KwN8vMHU_eo,세상 쿨한데.. 세상 따뜻했다가... 냉탕과 온탕사이.. 동물을 사랑하는 할모니👵💙ㅣ Thug Life Grandma Is A Legit Animal Lover,SBS TV동물농장x애니멀봐,"다루는건 막다루는데 사랑하는마음은 하늘을찌르네 ㅋㅋ 츤데레의 정석ㅋㅋㅋ ||| 걍 무작정 갖다가 키우는게 아니고 책까지 읽어 가면서 키운다는게 대단하다.. 할머니가 책 읽는 모습과 동물을 사랑하는 모습을 보며 자라는 자식과 손주들이 바르게 자랄것은 분명해 보인다.. ||| 근데 꼭 할머니들 중에 손에 동식물만 닿으면 살 토실토실해지거나 파릇파릇 커지게 하시는 분 많으심 ㅋㅋㅋㅋㅋㅋ 우리엄마가 키우는 식물들도 할머니가 잠깐 키우시면 갑자기 밀림이 됨 ㅋㅋㅋㅋㅋㅋㅋㅋㅋ ||| ""개는 사람이  버렷으면 버렷지... 먼저 배신 안하거든..""  할머님의 명언 ||| 아버님 처음부터 끝까지 한마디도안하시고 웃기만하심ㅋㅋㅋㅋㅋ존웃ㅋㅋㅋㅋ",애완동물/동물
VvCOBipyNRg,자는 캥거루 깨워보기,헤이글로리안(Hey!GloriAn),"이 영상의 킬포는 캥거루가 있는 곳이라 당연히 외국인이 쏼라쏼라 하겠거니 했는데 느닷없이 튀어 나오는 익숙한 ""선생님"" ㅋㅋㅋㅋ ||| 그냥 길바닥에서 대에~충 자는거 개웃곀ㅋㅋㅋㅋㅋㅋㅋㅋ ||| 저 팔뚝을 보고 깨울 생각을 하시는 지윤씨… 당신은 얼마나 강력한겁니까… ||| 길바닥에서 주무시는 캥거루 표정이 참으로 평온해 보이네요 행복이란게 별거 없는거 같습니다.",애완동물/동물
MYB1udp5AHQ,여느 가정집의 흔한 아침 풍경 (변기 앉은 침팬지 원숭이) ㅣ Ordinary Morning Scenery Of A Family With Chimpanzees,SBS TV동물농장x애니멀봐,"고전시리즈 더 보러 가기 📺↓↓↓ For more animal classics📺↓↓↓ https://bit.ly/2Y46Jeb ||| 진짜 사람같아서 좀 무섭기도 하고 한편으로는 무슨 생각을 하고 있을 지 궁금함 ||| 솔직히 존나 보는 내내 소름 돋았다 지들은 자기가 인간이라고 생각 하고 있을 거 아니야,, ||| 제 친구는 해외에서 침팬지 키우는데 어느날 난폭해져서 병원 가보니 사춘기같은게 와서 자신의 정체성 때문에 그런거라더군요.. ㅎㄷㄷ ||| 1:31 나가라고 손짓하는거 개웃기네 ㅋㅋ",애완동물/동물
NN3vFfyH4-E,그만 커도 될 것 같다♡(초귀여운 아기 호랑이) ㅣ Come. Cute baby Tiger Gives You High Five Bruh,SBS TV동물농장x애니멀봐,이전이야기 / A previous story ↓↓↓ https://youtu.be/CxVP2ySWb-o ||| 1:07에서 으엥에 하고 울때 진짜 서러움이 느껴졌어 ..ㅎ ||| 아가호랑이는 지가 호랑인걸 모르겠지. 너 종자부터 대단한 녀석이야 ㅋㅋ ||| 아기호랑이를 저렇게 쓰담쓰담 해줄수잇다니...너무부러워ㅠㅠㅠㅠㅠㅠㅠㅠㅠㅠㅠㅠㅠ ||| 1:05 넘 서럽게 울어 ㅠㅠㅠㅠㅠㅠㅠㅠ 졸귀탱 ㅠㅠㅠㅠㅠ,애완동물/동물
J6zD3h_I3Lc,죽을 뻔 한 아기 수달을 살려줬더니 생긴 일 ㅣ What Happened After Rescuing A Nearly Dying Baby Otter Is..,SBS TV동물농장x애니멀봐,근데 사육사가 ㄹㅇ 잘해주는듯. 마지막에 놀아주는것도 꼭 애기들 놀아주는것처럼 효과음도 내시고 재밌게 놀아주심ㅋㅋ ||| 2:03 사육사 언니 잘오고있나 확인ㅎㅎ귀여워 ||| 2:02 먼저 들어가다가 엄마 들어오는거 뒤돌아서 확인하는거 개귀엽네 ㅋㅋ ||| 2:11 진짜 강아지 아니야??? 핵귀ㅠㅠ ||| 쟤는 안정감이라기보단 저 언니가 너무 좋아서 달라붙는듯,애완동물/동물
QqDHGnBEdMc,"날지 않는 비둘기를 닭둘기라고 하죠. 그럼 이 독수리는 그럼 닭수리인가 ㅣBald Eagle Doesn’t Want To Fly, Just Walk Like A Dog LOL",SBS TV동물농장x애니멀봐,"다음 이야기 Next Episode ↓↓↓ https://youtu.be/GLfEc0dvtGQ ||| This eagle be like: ""On all levels except physical I'm a dog."" ||| the lady zookeeper sounds distressed like a mom trying to seek help for her son who only plays games in his room ||| I love the disappoint in the zookeeper's voice when she explains how Sul should have destroyed her arm. ||| 2:39 멍-하면서 콧물 질질 흐르는거봐ㅋㅋㅋ",애완동물/동물
oO4urEfi2iU,"""난 너만 바라봐"" 사랑한다면 늑대처럼♡ : 와일드 특집 1편",EBS 세나개 x 고부해 - 왜그러냥? 귀엽개!,"여러분의 관심과 사랑 덕분에 멸종위기(?)를 넘기고 와일드 특집을 이어갈 수 있게 되었습니다. 다음 편은 '치타'를 올려보려고 준비 중이어요. '방구석 캣스팅' 편집 끝나면 치타편 올려보겠습니다. 구독자 여러분!! 사..사랑...하........하압니다.......(부끄) ||| 늑대가 바람피면 무리에서 배제된데용... 우리 늑대... 우두머리는 늙거나 병든 늑대까지 다 책임진다는데 진짜 참리더다ㅠㅠㅜ ||| 늑대만큼 스윗한 동물이 어딨음... ||| 늑대같은 남자라는 말은 좋은 말이었어,,,, ||| 진짜 개스윗한거 아니냐 호랑이든 사자든 우두머리가있는 무리들은 항상 우두머리한테 대항하고 자신이 우두머리가되려고 눈독들이고 그러던데 우두머리 부부가 무리를 이끌고 나머지는 믿고 따른대ㅠㅠㅠㅠㅠㅠ개과들은 뭐가 있나봐",애완동물/동물
X7Cv3rIiyS0,"[NATURE]Stefan the Eating Pet Bear,창사특집 UHD 다큐멘터리 곰 20190204",MBClife,"스테판 2024년 현재 아직도 살아있다네요 나이는 30살이랍니다. 야생의 그리즐리베어가 평균 20~25세 무렵에 노화로 자연에서 도태되어 죽음을 맞이하는데 스테판처럼 안정적인 환경에서 살아가는 그리즐리 베어들은 최대 40살넘게까지도 살 수 있다네요. 오래오래 행복한 곰생을 살다갔으면 좋겠습니다. ||| 곰이 머리가 좋네,,ㄷㄷ 자기가 원하는거 안주면 앙! 하고 물어버린다는 표현으로 자기팔을 물면서 암시를 주다니 ㄷㄷ ||| 2:41 양 다 안찼을때(만족스럽지 못할때) 자기 팔 물어서 표현하도록 훈련 시킨거 신의 한수네.. 저거 훈련 안했음 양 안채워줬다고 사람 물었을지도..🐻 ||| 곰과 함께 사는비결이 곰이원하는걸  해주는것ㅋㅋㅋㅋㅋㅋ ||| '자연의 주인과는 합의를 봐야하지 인간이 원하는 것을 고집하면 안 돼요' 근래에 들은 말 중 가장 좋은말이다.",애완동물/동물
7m1q0qcbbYc,"너 아픈데도 이렇게 귀엽기 있냐ㅣAxolotl, you’re cute even when you’re sick",SBS TV동물농장x애니멀봐,첨 본 우파루파에 놀라고 의사쌤의 종을 가리지 않는 능력에 두번 놀람. ||| 루파는 심적으로 지친 상태입니다. 어머님께서 알맞은 환경과 온도를 맞춰 주셔야 루파가 장구벌레를 먹을 수 있을 겁니다. 그렇지 못하니까 루파가 음식을 뱉을 수 밖에요. 전적으로 애니멀봐를 믿으셔야합니다 어머니. ||| 여럿이 있어서 스트레스였나보다..ㅜㅜ 나도 인간무리에 있으면 힘들어..이해해..😫😭 ||| 저 수의사님 옛날에 강아지나 고양이만 보시는줄 알았는데 아니였군요 대단하십니다 ||| 처음엔 먹이 놓치고 뱉는게 귀여워서 웃었는데 저 쪼꼬만 귀요미가 스트레스로 인한 거식증이라니ㄷㄷ 알아봐주시는 수의사님도 대단하세요 그래도 이제 잘먹는다니 다행이네요ෆ,애완동물/동물
LGAii_m-gMc,"[NATURE]Rare Animal Panda,창사특집 UHD 다큐멘터리 곰 20190204",MBClife,혼자 풀숲에 앉아서 죽순 아그작 대나무아그작 귀여워죽긋다 😍😍 ||| 인생 판다마냥 살고싶네 ||| 사람이탈쓰고있는거 같아ㅎㅎㅎ ||| 귀여워~~ 꼬옥 끌어안구싶다.. 뱃살때문에 말랑말랑 폭신폭신할거같아!!! 🐼❤ 어떻게저렇게 철푸닥 앉아서 대나무를 뜯어먹지..왤케귀여운거지... ||| 진짜 존나귀욥다....,애완동물/동물
g6-KVo6ahLs,[힐링영상!] 마음이 편안해지는 귀여운 동물영상 모음집,동물농장,,애완동물/동물
DY7kIwqDyOQ,귀여운 펭귄,다이닝,,애완동물/동물
xY0tNysJ7Pc,[다큐] 태국의 거대한 코끼리 식성-6,SUSA NA,,애완동물/동물
ZtsXS5rddIA,동물판 '명의'가 온다! 11월 28일 밤 10시 45분 첫방송!,EBS 세나개 x 고부해 - 왜그러냥? 귀엽개!,예고편만 봐도 눈물 홍수 예상..... ||| 아 또 눈물 콧물 빼겠네요 ㅠㅠ 본방사수 할께요 좀있으면 하네요 ||| 어제 져녘에 이고 보면서 많이 울었어요 ..ㅠㅠ ||| 아... 예고편만 봤는데 무지개 놀러간 제 동생생각나서 막막해요ㅠㅠ.... 제 동생도 아파서 병원다니면서 생활했거든요. 제 댕댕이가 아플바엔 아픈거 다 저한테 오면 좋겠더라구요 ||| 동물계의 신의 손 수의사....,애완동물/동물
tV3qlLtTOIY,엄마의 주머니속이 무덤이 되고 있는 호주의 캥거루,EBS 컬렉션 - 사이언스,2:19 애기 긁는거 너무 귀엽네ㅋㅋㅋㅋㅋ ||| 2:24 귀여워라 긁는것좀봐ㅜ진드기인가...ㅠㅠ ||| 호주 1년 살다 온자 약 14년 지났는데  다 잊혀져도 켕거루와 코알라의 예쁜 모습은 잊혀지지 않습니다 캥거루가 없어지는 호주 .... 마음이 짠하네요.... ||| 생각해보면 ㅈㄴ 신기한 동물아님? 배 앞쪽에 주머니가 달렸고 거기에 새끼 넣고 다니는 동물이 어딨어 ㅋㅋㅋㅋㅋㅋ 거의 전설급 설정ㅋㅋㅋ ||| 새끼 캥거루 너~무 귀엽다♡ 주머니에 들어가는 것도 머리나 몸 긁는 것도,애완동물/동물
wdLgLpGDk90,"그렇게 엄마 치타는 새끼에게 마지막 인사를 합니다.. ㅣ For Her Injured Cub, Mother Cheetah Decides To..",SBS TV동물농장x애니멀봐,당신이 몰랐던 진짜 '치타' 이야기 EP1 ↓↓↓ The Real Story Of A Cheetah You Never Knew EP1↓↓↓ https://youtu.be/Ef9DIcHqLC0  당신이 몰랐던 진짜 '치타' 이야기 EP3↓↓↓ The Real Story Of A Cheetah You Never Knew EP3↓↓↓ https://youtu.be/xNn8N-JC8zY   당신이 몰랐던 진짜 '치타' 이야기 EP4↓↓↓ The Real Story Of A Cheetah You Never Knew EP4↓↓↓ https://youtu.be/4GuEXPjpnPM ||| 이 영상만 보고 오해하지 마시길ㅜㅜ  본방보면 사만다 마지막까지 아기 챙깁니다  세 마리를 천적들 사이에서 건사하는 베테랑임  이전에 이미 새끼들을 다 잃어봐서 지극정성ㅜㅜ ||| 0:46 꺄악 애기들 눈 감을 때 일자눈되서 너무 귀엽다!!! ||| 본방 보면 저 다리다친 막내 라라는 끝까지 엄마랑 언니들 따라가서 살아남고 잘 커갑니다. 편집을 엄마가 막내 버리는것처럼 묘사해놨네요 ||| 라라는 잘 살아남았어요! 악착같이 가족들곁으로 걸어가더라구요. 정말 기특해요. 그리고 그후 비하인드 스토리에서 현지 수의사분께서 라라의 다리를 고쳐주셨다고 하더라구요. 마지막화에서 건강히 무럭무럭 잘 자라준 영상이 있어서 눈시울을 붉혔던 기억이 납니다 ㅠ 전 라이프오브사만다 보고 치타 휴유증으로 매일 아기치타영상과 사진을 보며 힐링해요 너무 예쁜 아가들 ㅜㅜ 오늘도 힐링하고갑니다,애완동물/동물
R1Epc3bzgG4,[반려동물VLOG]: 저희... 다큐 찍었어요... (1.9금) 😅,YOLO HARU,ㅋㅋㅋㅋㅋㅋㅋㅋㅋㅋㅋ마약ㅋㅋㅋㅋㅋㅋㅋㅋ 연기력 대다내야,애완동물/동물
G9fM4ntOiok,유기동물 보호소에 버려진 강아지들의 사연은?,유기동물을 부탁해,항상 감사합니다 ||| 멀리서 나마 응원합니다..홧팅!! ||| 모두들 좋은 소식이 빨리 빨리 있기를 빕니다 ||| 영리하고 예쁜 아이들이네요...빼꼼이도 봉달이도 조만간 입양소식 들리길 간절히 기원합니다 너무나 기다리게 하지마세요...매일매일 기다리는건 너무나 힘든 일이거든요ㅠㅅㅠ 언능오세요 엄마빠 ||| 평생 함께할 가족을 빨리 만났으면 좋겠네요~^^,애완동물/동물
248TYVJuo28,"태풍이 지나던 날, 유기동물보호소 풍경",유기동물을 부탁해,"[입양요청]  0:24 만세, 우리 0:49 똘똘이, 선웅이 1:17 또록, 미미 1:22 곰돌이 1:26 까치 1:30 혜성이 (입양완료) 1:35 선웅이 2:06 눈송이 2:11 퍼니 2:16 루롱 2:20 창이 2:23 봉달   입양을 원하는 아이이름, 자기소개, 입양환경, 전화번호 를 적어서 youdongbu@gmail.com 메일주세요 ||| 귀염둥이들 천지네요  좋은주인 만나거라😄 ||| 태풍피해가 없었다니 다행이에요...하지만 바람과 천둥소리에 얼마나 놀랐을까요...사랑스럽고 충분히 사랑받을 자격있는 아이들의 그러지 못한 현실에 맘이아파요 꼭 가족품에서 남은 삶 보낼수있길ㅠ ||| 맘이 넘 아프네요 이 영상 널리 공유할께요 ||| 모든 멍이들이 좋은곳에 입양되길 바랍니다~",애완동물/동물
1JHXAgja-Tk,유기동물 보호소 고양이 막사의 친구들 소개,유기동물을 부탁해,언제까지 천사같은 집사님들이 나타나기 만을 기다려야하는지... 유기되는 아이들이 생기지 않도록 입양과 등록 책임제가 꼭 시행 되었으면 좋겠어요. 함부로 동물을 키울수 없게 만들면 하는 바람입니다... 상처받는 아이들이 조금이라도 줄어들었으면... 합니다. 폴디는 우리 레이와 닮아서 더욱 마음이 아프네요 ||| 폴디야~~다들 마찬가지지만 우리 폴디♡ 선한 집사님과 인연이 닿길 간절하게 바랍니다. ||| 어쩜 저리 순둥순둥할까요 정말 이뻐요  라떼 안스럽네요 모두 좋은집사만나길바래요 얘들아 홧팅하자 💜💜💜😻😻😻😻 ||| 다 제각각 너무 사랑스럽네요 조용조용 알기쉽게 설명해주셔서 더 애틋해지는거 같습니다 ||| 몸이 아픈 폴디가 특히 좋은 보호자님을 만났으면해요~😥 그리고 매번 느끼지만 내레이션 목소리가 너무 좋으신거같아요ㅎㅎ 가끔 asmr겸 영상 재생시키고 잠든답니다ㅋㅋ,애완동물/동물
WbjEOoS4ERc,유기동물보호소에서 단비 동생들을 입양했어요,골든단비GoldenDanbi,견주님이 참 현명하시네요  처음 합사시점 부터 바로 바로 영상으로 올렸다면 오지라퍼와 악플러 들에게 시달렸을지도 모를일.. 이렇게 이미 합사완료 되어 잘 지내고 있는 모습부터  보여주신건 정말 잘하신것 같아요 ||| 단비 안녕! 단비가 예민하게 반응하지 않은가보네요 착한 단비야 동생들하고 잘 지내렴! ||| 귀여운아가들~~^^ ||| 우와❤️,애완동물/동물
mxogSI3awU4,4회 0306 당진시동물보호소,김교성,,애완동물/동물
Iqucd25Km9g,"콩보리쌀, 콩이 입양기 / 유기동물 보호소 입양기 / 유기묘 입양기",콩보리쌀 그리고 엄마,아 콩아ㅠㅠㅠㅠㅠ이쁜것 ㅠㅠㅠ아프지말고 엄마랑 오래 살자ㅠㅠㅠㅠㅠㅠ,애완동물/동물
znzpiMzy2dg,"유기동물 보호소 '입양' 기다리는 반려견, 반려묘 [가족이 되어주세요]",울산매일 UTV,"우와~~~!!! 영상 너무 감동입니다.. 우리 아이들 이쁘게 찍어주시고~~ 좋은 내용 담아주셔서..뭉클하네요..촬영에 편집에...고생 많으셨고~  너무나 감사드립니다😍😍😍😍😍 ||| 동물도 사람과 똑같은 소중한 생명인데 제발 버리지 맙시다,, 키우고자 마음먹었으면 끝까지 책임을 집시다 제발 ㅠㅠ ||| 참~~맘 아쁘다~~ 생명을 어찌 함부로~~ 나도 반려견 키우지만~~ 어찌 함부로 버릴까~~그런사람들 다 죄받을겁니다~~ 아가들아~~좋은주인 만나자~~ ||| 가슴 아픈 현실 입니다 ||| 유기동물 보호소를 다녀오고 나서 자원봉사자 분들이 얼마나 대단하신 지 느끼고 왔습니다. 주인에게 버림 받은 아이들이 하루빨리 진정으로 사랑해줄 새 주인을 만나 다시 사랑받고 지내길 바랍니다",애완동물/동물
-xNEtQZpzFY,▒유기동물 보호소▒ 복막염 때문에 버림받은 랙돌 믹스 고양이 쮸쮸♥,미미네(구 계정),미소님들~^^ 덕분에 신약을 알게 되었고~ 비용부담이 크지만...치료를 시작하려 합니다!! 쮸쮸가 잘 이겨내어~ 백년만년 건강히 살 수 있게 기도해주세요^^ 쮸쮸의 치료에 도움을 주시시려는 따뜻한 마음 감사합니다~ 모금을 어찌해야 할지도 몰라서...기존 카페 후원계좌(농협 356-1054-6181-93 안들에)로 도와주신다면 십원한장 허투루 쓰지 않고 아이 치료비에 사용하겠습니다~ 대놓고 후원요청하여 죄송합니다^^;;;;;;;;;;;;;;;;;;;;;; ||| 쮸쮸야 힘내자 ||| 그벌을  다어째 받을라고  에라이  천벌받은인간 ||| 아프다고 가족에게 버림받는 같은 고통과 상처를 받을거라 믿어요.🤬 사랑스런 돌이야 꼭 이겨내서 끝까지 함께하며 영원한 사랑을 주는 가족을 만나자.🙏 ||| 유기묘보호소 모든분들께 아주아주 커다란 행복이 함께하길 빕니다~♡♡♡,애완동물/동물
6ZPL5P0jnHg,여미지유기동물보호소(전남여수,날아라댕댕아,이쁜천사들.. 부디 하루빨리 따뜻한 가족의품으로 가기를... ||| 아구... ||| 어쩌나 비도 제대로 피할곳이없구나~~ ||| ❤❤❤❤❤❤❤❤❤❤ ||| ㅠㅠ 저도 봉사하러 간다는게 시간내기 넘 힘드네요,애완동물/동물
nv9zlyulJj8,군산유기동물 보호소에 고양이도 있다는 사실♡ 알고 계셨나요?♡,가족이 되어줄개,기여워 ||| 꺄...너무귀여워요 ||| 철창타는 회색 아기냥이 넘 이쁘다... 7개월전인데 벌써 입양갔겠죠 ||| 냥아들 ㅠㅠㅠ ||| 저희 야옹이도 여기서 데려 왔어요. 2년 좀 안되었는데 잘 크고 있습니다. 많은분들이 관심 가져 주셔서 다들 행복한 가정으로 입양 많이 되길 기원 하겠습니다.,애완동물/동물
ogYdukfK43U,주인을 잃고 동물보호소로 들어온 풍선처럼 부푼 강아지의 정체는?,올슈 All Issue,도와주신분들  감사드립니다. 존경합니다. 푸른 정원을 뛰어다니는 모습이 멋지고 사랑스럽네요. ||| 감동이다~ 고마운 분들께 감사 감사! 행복하세요~ ||| 진정박수를 보냅니다~~!! ||| 빈센트 뛰는모습에감동먹었네요 울컥하네요. ||| 네~ 화이팅 입니다 ~^^,애완동물/동물
FqApyO2d0XU,"[봉사활동] 울산 유기동물 보호소에 다녀오다, 봉사후기 (Visit Abandoned dog&cat shelter)",루로95 Ruro95,중1때부터 바라던 것이었는데 저도 유기동물 보호센터가서 봉사활동 몇 번 해보고싶네요 펫샆에 파는 아이들보단이런 아이들을 입양하면 좋대요 강아지고양이들이 부디 좋은 주인 만나면 좋겠어요 ||| 멋지세요 가장  훌륭한 일이세요  ^^ ||| 수고많으셨어요ㅠㅠㆍ,애완동물/동물
eBqhgjD9zxI,군산유기동물보호소,스트릿놈,,애완동물/동물
SIfCA6PsKIM,"독일 유기견,동물 보호소에 다녀 왔어요. 눈물이...",독일호찌 Hojji,저희의 새 가족 바비와의 독일생활 보러 놀러오세요! 인스타그램 : ho_jji_babi ||| 좋은말씀 입니당 ||| 우와.. 역시 독일이네요. 진짜 한국이랑은 비교조차 안되는 보호시설 ㅠㅠ짱이네요 ||| 너무  깨끗한  환경이네요ㆍ👍👍👍👍 ||| 역시 선진국이다 간디는 말했다 동물 복지를 보면 그나라 사람들에 인격이 보인다고 ㅎ ㅎ 부러운거 제발 버리지 마세요 동물들도 감정이 있답니다,애완동물/동물
5tlxVfomkFQ,▒유기동물 보호소▒ 랙돌 믹스 고양이 쭈쭈 임보가서 건강해질께요^^,미미네(구 계정),"쮸쮸가 한결 편안해보이고 안정돼보여요~~아픈아이 임보해주신 임보자님 감사합니다~^^ ||| 다행이다 쮸쮸야!!!! 아프지마~~ ||| 이쁜 아가야 아프지마ㅠㅠ ||| 쮸쮸 임보해주신 천사님 감사합니다 복받으실거임ㅠ 경치좋은 집에서 따뜻하게 지낼 쮸쮸를보니 행복해욧 💝🐈 ||| 임보자님, 정말 감사합니다. 따뜻해지는 소식♡♡♡ 쮸쮸 이제 빨리 건강 되찾자",애완동물/동물
a1O2y8ojq9I,▒유기동물 보호소▒ 싸늘하다 가슴에 비수가 날아와 꽂힌다 (무서운 고양이),미미네(구 계정),그래도 이쁘기만 한 냥이들~♡♡ ||| 이런 짧은 영상도 보기가 편하고 좋은가 같아요~! 귀여운 야옹이들 ||| 😍 ||| 우리 고등어냥이 애교 짱많은 냥이임요~~~~청소하러 드가면 나갈때까지 쫒아댕기면서 부비부비해주는 애교 철철 고냥이~~~~ ||| ㅎㅎ 귀여운 냥냥이들,애완동물/동물
JWpnLD1UU7Q,유기동물보호소에서는 어떤 봉사활동을 할까?,백정빈,꿈과 희망이 가득한영상입니다. 그리고 너무 잘생기셨어요^^ ||| 새해복 많이 받으세요~ 유투브에서 성공하기를 바랍니다💪💪❤ ||| 저도 하고싶어요 가슴이 따뜻해지는 영상이네요 ||| 정빈님! 설거지잘하시네요~^^ ||| 우와 정말 멋진거 같아요  앞으로도 화이팅^^,애완동물/동물
pHLtjivJqiw,군산유기동물보호소  첫번째 이야기♡,가족이 되어줄개,에고고   이렇게  이쁜것들을  누가 언놈이  ㅠㅠ   응원합니다   군산보호소  화이팅ㅡㅡㅡ ||| 힘내세요 응원합니다 여러분 모두 힘내세여 제발 도와주세요 ||| 군산에 있나요??,애완동물/동물
Q7MsMGYvw7s,▒유기동물 보호소▒ 고양이 일상으로의 초대(feat.서러운 루팡),미미네(구 계정),사랑스런 야~~옹 건강하게행복해야해 ||| 야옹이들은 이곳이  천국처럼느껴지네요 행복해보이는 모습이 너무 좋아요^^ ||| 애들 하는짓이 너무 이뻐서 심장이 간질간질 합니다😻   정성가득 수제 스크레쳐까지🙀   금손이세요 영이님👏👏👏 ||| 밝고 예쁜 아가들♡ ||| 아이디어굿~  정성굿~~,애완동물/동물
C_LOisJ5PXE,▒유기동물 보호소▒ 뚠뚠한 고양이 오동이는 뱃살 마사지가 좋다옹~,미미네(구 계정),오동이 엄청나게 미묘네요 🥺 저리 이쁜 삼색 코트를 입고 있다뇨.. 거기다가 집사 맘을 녹일 애교까지 ..!!!! ||| 뱃살도 귀여운 존재들~* ||| 아이고 이뻐죽것네 ㅎㅎ ||| 오동이 진짜애교짱 ||| 기분이 좋아서 허공꾹꾹이 약간씩 해주시는 주인님 ㅋㅋ 집사가 주댕이 슬리퍼 신었다옹 ㅋㅋ 너무 행복해보이는 뚠뚱냥이💚💚💚,애완동물/동물
f5XH580fvqw,190630 군산유기동물보호소,츠마로그 妻log,이렇게이쁜강아지들 우째하믄좋아요.소장님가슴아프시것네 저도시츄키우는데 사람이죽는건그냥슬프기만하는데 생각도잇고.말만못할뿐인데 동물들이버려지는건 너무가슴이아픔니다 ||| 버리지마세요 제발 넘 불쌍해요 보호소 한번씨가보고 강아지 키우세요 함부러 이쁘다고 순간결정하지말고 오래오래  신중히게 생각해서 입양을하든 사시든지 햇으면 좋겠어요 보호소 가면 서로안아달라고 힌번이라도  눈길주라고  관심가져달라고  한번이도 처다봐주라고  넘불쌍해요 키우려고 하신분들 절때사지말고 보호소한번가고 사세요 예뿐애들도 넘 많아요 ||| 으으으 너무너무귀엽다ㅠㅠㅠㅠ 꼬물이들 모두모두 천사같은가족만나쟈♡♡ ||| 힘내세여 제발 도와주세요 ||| 더이상 동물덜 유기하지마세요~사랑으로,애완동물/동물
fMCIAXsOSGo,광주유기동물보호소에 가다 [봉사활동체험],엔오도그TV,너무멋져요 많이힘들텐데 전혀힘든티를내지않으시네요 저도꼭나중에봉사를하고싶어요 ||| 파이팅 입니다 ||| 좋은일하셨습니다~ 경험자로서 쉬지않은일인데 감사합니다 분명 보람도 느꼈으리라 감히 짐작해봅니다🙂🙂 ||| 저도 2022년에는 해 볼 생각입니다. ||| 항상좋은방송감사드려용,애완동물/동물
f56rZan80Xo,청주 반려동물 보호소 다녀옴 | 한잔만,한잔-만의 잡스러운 일상,복많이 받으시고 대박 나세요!🤗 ||| 유기동물은 말그대로 유기된 동물입니다. 사람이 버린 동물이라는 뜻입니다. 보호소가 멀쩡한 동물을 잡아가는게 유기동물이 증가하는 이유라고 말하시는 사람들은 유기 범죄자를 크게 처벌하고 보호소의 이름을 붙이고 아기 동물들을 새끼공장에서 사와 파는 걸 막는데 힘써주세요. 모든 유기동물의 시작은 파는 사람과 사고 또 버리는 사람입니다. ||| 🌸💞🙏💖 ||| 아기들 너무 이쁘다....ㅠㅠㅠ ||| 여기  한잔  구독요!,애완동물/동물
y6CGH1tqlXg,[한국동물사랑나눔] 유기동물 보호소,한국동물사랑나눔,가슴이 답답하고 먹먹하네요 제발 유기없는날 있길바라네요 ||| ㅠㅠ 슬프네요 아이들 한테. 정말 미안한. 마음입니다 ㅠㅠ~~~ ||| 브리더 생산업자를 허가제로 해야하며 세금 물려서 유기동물비용에 사용하길.... ||| 왜면했습니다 .눈을감고 귀도막고 했습니다 .아무것도할수없는 내가밉고.도움이못되미안하고 안락사란 단어가 왜 저아이들에게 .이름처름들리는게.화가나서.인간들이.저주서러울만큼 분노에찬 마음이가득해.장소.가리지않고 유기하는종자들 내눈에띄면.일낼것같아 .분노  장애조절이  있답니다.제발.학대 유기하는거.죽여버린다 ||| 김다윤 제가 직접,애완동물/동물
AP3pIGvbeNE,[Vlog] 어렵지 않은 유기견 보호소 봉사 브이로그,포해피니스2019,"강아지들이 모두 귀여워요!! 이렇게 봉사하시는 모습 정말 보기 좋아요 비록 요즘은 코로나 때문에 봉사활동이 가능한 빈도가 줄었지만 이 영상을 보고 유기견 봉사에 많은 사람들이 관심을 가지게 되었으면 좋겠습니다!! 좋은 일 해주셔서 감사합니다 ||| 우와 강아지들 챙겨주시고 잘 봐주시는게 너무 마음이 이쁘세요~ 정말 사랑스럽네요.. 친근하게 다가가셔서 비록 짧은 시간이지만 강아지들도 고마움을 느꼈을 것 같아요^^ ||| 유기견들을 위해 힘써주셔서 감시합니다 덕분에 유기견들이 보호받을 수 있네요 유기견이 줄어드는 세상이 빨리 오길 바랍니다! ||| 유기견 보호소로 가서 봉사하시는 모습이 보기 좋은거 같아요! 저도 가서 봉사한적이 있는데 지금은 코로나때매 못하는게 너무 아쉽네요.. 이 영상을 보고 사람들이 유기견에 대한 생각이 조금 바뀌었을거같아요! 앞으로 좋은영상 많이 만들어주세요! ||| 평일 봉사자가 많이 부족합니다. 자원봉사자들로만 쉼터가 운영되어지고 있어서 많은 도움의 손길이 필요합니다.예전과는 다른 모습으로 쉼터도 조금씩 변하고 있고, 태어나 처음으로 땅을 밟아본 사람을 두려워하는 아이들이 대부분이지만 서서히 마음의 문을 열고 있습니다.편한 시간에 오셔서 아이들에게 세상이 삭막하지 않다는 것을 보여주세요.",애완동물/동물
dEEePlqDzWs,위클리벳 230회 - 유기동물 보호소의 실태,Weeklyvet,감사합니다 👏👏👏 ||| 내년에도 응원합니다! :) ||| 내년에보아용,애완동물/동물
n3rl-vKOGK0,동물구조119 예민한 고양이 드롭트랩으로 잡는 법,동물구조119,밥주시고 입양까지ㅡ 고마운주민분 ^^넘감사 합니다 ㅡ크리스마스날 훈훈한소식^^  아직살만한 세상입니다 메리크리스마스 🎄🎄 임대장님 수고하심니다 ||| 메리크리스마스~ ||| 감동입니다 ♡♡♡ ||| 후추야 축하해 행복하게 잘 살아 ||| 수고 많으셨어요 입양하신다는 주민분도 고맙습니다,애완동물/동물
DgCfO95usTA,초보 봉사자가 유기동물보호소를 찾아가면 생기는 일,유기동물을 부탁해,"정말 좋은 일 하시네요🥰 저는 최근에 유기동물에 대한 관심이 생겨서 이것저것 찾아보다가 보게 되었어요. 저두 봉사해보고 싶네요! ||| 힘들었지만 친구 정표랑 즐겁게 봉사 활동에 참여했습니다! ㅎㅎ 기존 봉사자님들 정말 존경하구요, 많이 배울 수 있어서 좋았습니다! ||| 볼때마다 느끼지만 화면이 너무 예뻐요 광고화면같아요 방송에 나와도 될정도네요 날씨더운데 고생 많이하셨네요 아이들도 너무 사랑스럽구요 꾸준한 봉사하시는 기존봉사자님들은 정말존경합니다. ||| 감사합니다 😊 ❤️👍 ||| 훌륭한 청년들이네요 고생하셨습니다 ~~",애완동물/동물
L2ZyuTuE1hI,"동물보호소에서 입양까지, 감동스토리 ｜토끼 통키🐰",HopHopBunny,생명이 얼마나 위대하고 소중한가를 알았으면 하네요😢 저 어리고 예쁜것들이 더이상 상처받지 않기를 바래요! 따뜻한 버니맘님 덕분에 아이들이 좋은곳으로 가게되서 너무 좋네요! 따뜻한영상 감사합니다 ||| 입양자님 웃음소리에서 저도 뭉클... 통키가 좋은 분에게 입양된게 정말 다행입니다ㅠㅠ 생명이 귀한줄 모르고 버리는 사람들은 언젠가 천벌받을겁니다 ||| 소중한 생명을 함부로 한 댓가는 분명히 받을거에요ㅠ 천벌받아라 ㅠㅠ ||| 유기토끼보면 전부 데려오고 싶은 마음만 굴뚝 같아요. 하지만 저는 지금 펫로스 증후군으로 시루 라는 토야를 하늘로 보내고 우울증에 걸려서 약을 먹고 있어요. 이 영상을 보면서 울컥 했어요. 누구나 할 수 있지만 아무나 못하는 일 좋은일 해주셔서 감사해요 :) 저도 빨리 회복해서 유기동물을들 도와주고싶어요.,애완동물/동물
A7W5ZR_t8h0,"강아지,반려견,애견,반려동물,고양이사체처리방법",ilyoon Jung,,애완동물/동물
ZKHYKcMN654,#1 [멍멍이삼촌 단독] 제주동물보호소 유기견을 동물사료로 사료업체에 공급,멍멍이삼촌과 동행 함께같이입양할개,사료 간식 제조업체 상품명 공개해야 됩니다. ||| 공개하세요 알고도 받았을수 있고 몰랐다면 당연히 폐기처분   해야합니다 이런일이 이번이 처음이 아닌걸로 알아요 예전에도 이런글봣어요 제발인간으로 살면서 악마가 되지는 맙시다 ㅠ ||| 아이고.. ||| 천벌받을 사람 참 많아요 ㅠㅠ,애완동물/동물
fqQIn7--f8E,[한잔만] 청주동물보호소에 가는 영상,한잔-만의 잡스러운 일상,많이 달라졌네요!!안심이에요!!!애들도 어서 좋은 사람만났으면 좋겠네요☺이렇게 보여주셔서 감사해요:) ||| *혼란을 드리는 내용 수정* ☆고양이방도 봉사가능합니다! 다만 저는 집사가 아니여서 혹시 피해를 줄까 싶어 들어가지 못했습니다. 고양이를 좋아하시는 분이라면 다 봉사가능해요♡(저도 조만간 고양이방 입장 도전해보려합니다.)☆ 이곳은 뉴스에 나왔던 동물학대를 했다는 의혹이 제기 되었던 곳이 맞습니다. 사건이 발생하고 보호소 원장은 운영권을 포기해 현재는 새로운 직원들이 아이들 케어를 위해 정말 많이 노력하고 계세요. 손이 부족해 자원봉사자님들도 주기적으로 방문하신답니다. 아이들도 정말 직원님들 잘 따르구요♡ 한번 봉사로 방문해보시는건 어떠세요~?^^ 평일이 특히 손이 모자라니 평일에 가셔서 귀여운 아기들 보시고 입양 입소문도 내주세요♡ ||| 저 그쪽으로 고양이분양하러가려하는데 언제쯤가면되나요? ||| 거기 강아지 냉동고에 넣아 죽인 곳 아닌가요,애완동물/동물
YuXSBExt_60,위클리벳 189회 - 사설 유기동물 보호소의 실태와 나아갈 길,Weeklyvet,"영상을 거의 다 보고나니 탁상공론일 뿐이라는 생각이 드네요. 왼쪽 아나운서분ㅋ ""죄송하지만 관리아니고 방치 아닌가요..?"" 라는 말을 하기전에 생각하고 말하셨나요? 그 분들은 무언가의 수입이 커서 보호소 일을 하실까요? 직접가서 봉사해보셨나요? 지역내에 작은 보호소여도 유기동물 수가 많고 그에 비해 인력은 적습니다. 그 분들은 다 자신만의 본업이 있으세요. 있지만 시간을 내서 , 본인 쉴 시간 줄여서 봉사하시고 계신다 이 말입니다. 짧은 7분짜리 영상에 나아갈 길이란 보이지 않고 부정적인 느낌만 전달하네요.",애완동물/동물
Zd_F-E2fMzE,★New 공방 오픈! 숙이언니의 반려동물 펫아로마테라피 ★ 공방을 소개합니다!,숙이언니의 비밀레시피,"빨리 배우고 사용해보고 싶어요  축하합니다. 앞서가는 숙이언니비밀레시피 응원합니다. ||| 축하드려요~~^^ 많은분들의 관심,사랑 가득 받으실거라 생각되욥!! ||| 크 책도내시고~~~ 공방도내시고~~ 2019년 좋은일이많네요 더더대박나길 꽃길만걸어요💕💕💕 ||| 우와 넘 좋아요~👍 가득응원해요!!! 책 구입은 어떻게 해야되나요? 궁금해서 댓글 남겨요~^^",애완동물/동물
KG0bbD9D_ck,고양이 정수기를 아시나요?! 반려동물 음수량 늘리기! 물 많이 먹게 하는법! [고양이용품 리뷰 언박싱],이웃집아재 CAT AJAE,집에 사람 쓰는 정수기도 없는데 고양이 정수기가 먼저 들어왔습니다*^^* 건방진 고양이 녀석들~ 저보다 더 호강하네요~ 껄껄껄 ||| 박스에 들어가는 모습이 정말 귀여워요😆😆 ||| 아재님네 양이들은 모두 귀여워오ㅡ 말은 못해도 교감으로 다 말귀알아듣고  오구오구귀엽네요 ||| So cute amd curious! ||| 가만있어보쟈아~~~~ 아재가 확실합니다 ㅋㅋㅋ,애완동물/동물
VvCOBipyNRg,자는 캥거루 깨워보기,헤이글로리안(Hey!GloriAn),"이 영상의 킬포는 캥거루가 있는 곳이라 당연히 외국인이 쏼라쏼라 하겠거니 했는데 느닷없이 튀어 나오는 익숙한 ""선생님"" ㅋㅋㅋㅋ ||| 그냥 길바닥에서 대에~충 자는거 개웃곀ㅋㅋㅋㅋㅋㅋㅋㅋ ||| 저 팔뚝을 보고 깨울 생각을 하시는 지윤씨… 당신은 얼마나 강력한겁니까… ||| 길바닥에서 주무시는 캥거루 표정이 참으로 평온해 보이네요 행복이란게 별거 없는거 같습니다.",애완동물/동물
bx_Jd2DnXCs,행동하는동물사랑 알파 유기견보호소,행동하는 동물사랑,"털갈이 하나봐요~주인있었으면 빗질을 해줘서 멋진외모가 돋보였을거에요~지금도 잘생기고 멋진네요~ ||| 오 정말 산증인이네요! :) 알파 꼬리 흔드는 모습 귀여워요.. 심장 ㅠㅠㅠ 행동사 항상 감사합니다! ||| 행동사, 광고 넣어주세요. 네?! 알파, 멋있다! 너만큼 멋진 가족이 곧 나타나겠지? 난 믿어♡ ||| 묵은털 빗겨주고싶네요~~^^귀요미네요 ||| 이쁘네~",애완동물/동물
2--t0eHljCA,행동하는 동물사랑 유기견보호소 행동사아이들,행동하는 동물사랑,감사하고  고맙습니다~! ||| 모두다 사랑스러운 아가들 ||| 저렇게 이쁜 아이들을 어쩌면 좋을까요... ||| 다 예쁘고 사랑둥이들 이네요❤❤❤❤❤ ||| 외국에는 대형견을선호하니 외국에입양하도록 동물단체와함께힘써주셨음합니다  모든동물이행복한 그날까지!!!,애완동물/동물
Gw60w6gMMxY,새끼를 보여주자.. 엄마 강아지가 보인 놀라운 행동,올슈 All Issue,이런데도 일미터 줄에묶어놓고 학대하는것들..악마가튼것들좀 처벌해라 제발ㅠ ||| 아이고 눈물이... 어미개는 얼마나 불안했을까... 정말 다행이다 만나서.. ||| 자식을 놓고 왔으니. 엄마가 얼마나 가슴아팠을까요? 처음 반응? 후  반응!~~^^ ||| 말은 못해도 속으로 얼마나 걱정하고 보고 싶었을까~ 모두 함께해서 너무 감사하네요. ||| 아이공~~눈물 납니다. 진짜 감동적이네용.. 역시 가족은 같이 뭉쳐 있어야 합니다. 어느 정도 커서 헤어지면 몰라도...,애완동물/동물
uhARPjhlXwU,행동하는동물사랑 유기견보호소 2019.9.4 집중호우 물난리,행동하는 동물사랑,힘내세요.. 보는저의 마음이 너무 아파요ㅠ.ㅠ ||| 다깨부셔요~~ 애기들구해줘요~~~ 아휴 비오는데 ||| 쉼터에 있는 아이들...너무 마음 아파요~ 장맛비야 제발 우리 아이들 있는곳은 안 오면 안되겠니? ||| 3년이 지나서. 보게 되었습니다.  얼마나 힘드셨을까요.  고된일을 하시면서. 애들지키시고 . 고생이 많으세요. ||| 슬픈현실이 너무 시러요,애완동물/동물
_hRTxOq1naY,행동하는 동물사랑 민구 유기견보호소 유기견,행동하는 동물사랑,광고 넣어주세요. 힘들고 훌륭한 일 하시는데 광고 시청하는 것쯤이야.,애완동물/동물
2LKICm1J8I8,행동하는동물사랑 유기견보호소 햇님이와 우산이,행동하는 동물사랑,"애기들  잘돌봐주시는군요😍 ||| 사랑둥이 햇님아 우산아, 꼭 멋진 가족 만날 거야. 댕댕이는 축복이니까. ||| 여기는 어디에있는 유기견보호소있가요? 진돗개 암것으로 한마리 키우고싶습니다 , ||| 진돗개키우지마세요  절라두 기질나옵니다",애완동물/동물
K_rulPQ0-0Q,행동하는동물사랑 유기견보호소 19.9.5 집중호우 그레이트 피레니즈 강두도 무서워요,행동하는 동물사랑,"혜원이없어진줄알고,심쿵ㅠㅠ ||| 에고고 귀여워라. 덩치만 크지 애기네?  행동사 광도 넣어주세요 ||| 토요일까지 비가 온다는데 어뜩해요 ㅠㅠ 힝 걱정이네요 ||| 태풍아 비야 제발 오지마 ㅠㅠ 비닐하우스뿐인 쉼터엔 제발 ㅠㅠ ||| 안아주고싶네요...",애완동물/동물
9lBWFzNk4GQ,행동사 x 유기견보호소 x 식사시간 x 행동하는 동물사랑 x 송로 표고 팽이,행동하는 동물사랑,아가 댕댕이들이 폭풍흡입  쒼나쒼나♡,애완동물/동물
cvGprfstDvI,[생활의 지혜] 김병석 반려동물 행동전문가 - 반려동물과의 행복한 동행 / 서울 현대HCN,HCN 핫콘뉴스,동물을 사랑하는 사람은 기본적으로 마음이 따뜻하지요.^^,애완동물/동물
nBp08h3bYzo,행동사 x 유기견보호소 x 식사시간 x 행동하는 동물사랑,행동하는 동물사랑,"귀여워~^^ 벌써더운데ㅈ올여름도 잘지나가길~ ||| 맛있게 마니들 먹어~~ ||| 사지말고 입양점해주세요ㅜㅜ 너무 불쌍하네요 ||| 동물들은 불쌍하고, 봉사하시는 분들은 엄청 힘드실거고 ㅠㅠ",애완동물/동물
8YUTfnIOIRA,행동하는 동물사랑 우혜 가출기,행동하는 동물사랑,"이쁘다  아가야 ||| 정말 수고 많으셨어요. 아가야, 외출하고 싶으면 허락받고 갔다와 응? ||| 광고 넣어주세요 ||| 광고좀넣어주세요ㅜㅜ아직 못넣는건가요?",애완동물/동물
upkq9arO51M,행동하는동물사랑 유기견보호소,행동하는 동물사랑,아가야 좋은 가족이 나타날꺼야^^조금만힘내 ||| 너무 멋진 워드.. 좋은가족 꼭 만나길 기도할게~🙏 ||| 눈망울은 여전히 아기천사에요. 멋진 엄빠 빨랑 오세요♡♡♡ ||| 구독 2000 채워주세요 ||| 참  환장하것다 인간들이여  이제는  그만하자 제발~~~~,애완동물/동물
N73Yy5CHZjw,설채현 수의사가 강아지 행동 문제 직접 물어보고 싶다고 한 이유 [해피펫 happypet],뉴스1해피펫,,애완동물/동물
muv2z4pSxxY,[르포] 뼈만 남은 사자 논란된 아쿠아리움 가보니…동물들 정형행동 심각,뉴스1TV,,애완동물/동물
5RabHmreLS8,행동하는동물사랑 유기견보호소 허프이야기,행동하는 동물사랑,어쩜 저럴까요 광고넣어주세요 꼭 다 볼게요 ||| 행동사 응원합니다 ||| 어맛 예뻐라 ㅠㅠㅠㅠㅠ 허프야 허프야... ||| 응원합니다~~ ||| ㅜㅜ 아,애완동물/동물
rFZFppkdWlc,행동하는동물사랑 유기견보호소 채연,행동하는 동물사랑,"행동사도 광고 넣어주세요. 순둥 이쁜이 채연아, 너를 평생 보듬어줄 멋진 엄마 나타나 엄마의 영원한 행복바이러스가 되면 좋겠다. ||| 유튜브가 잘되서 광고도 넣었으면 좋겠습니다! 채연이 너무 예쁘네요",애완동물/동물
rqKQphyQn-c,"강아지 문제 행동, 사춘기 증상 알아보기",비마이펫,"처음 강아지 키우시는 분들, 3살 정도까지는 생양아치가 따로없으니 너무 놀라지 마세요. 4살 까지는 꾹 참고 꾸준히 훈련시켜주면 세월이 지남에 따라 인간 언어와 생활방식과 패턴에 지가 알아서 맞춰줍니다.  그때까지만 버리지말고 잘 인내해주세요. 망나니같았던 그 시기를 지나 우리강아지는 지금 13살입니다.  그냥 거의 사람이에요. ||| 저것도 나이들면 못봐요 귀엽게 봐주세요 ||| 우리 애기가 하도 사고치고 다니길래 왜이럴까 이랬더니 아는 언니가 3살만 지나면 그래도 괜찮아진다던데 ㅋㅋㅋㅋㅋㅋ 사춘기였구나.. ||| 초코야 누나 속 썩여도 좋으니 오래오래 건강만 해라 누나가 하루에 3번씩 산책도 나가고 간식도 많이 주고 사료도 많이 주고 장난감도 많이 사줄게 신발도 물어뜯을거 많이 주고 누나옷도 다 줄게 제발 오래 살아줘 ||| 우리집 녀석이9살 다되가는데 2살때까지 죄다 뜯었지...근데 딱지나니 신기하게 양반됐어...세상 풍신났는데 지금은 매일 잠만자ㅠㅠ 늙지마라",애완동물/동물
ykJu6QKBtiE,[반려동물 홈케어 프로그램 소개강좌] 반려견 행동심리학 - 곽태희 강사,무브먼트 아카데미,,애완동물/동물
9V0Ey4_WVDQ,대표상담 : 070.4795.9111  스터디독스쿨 반려동물행동교정사의 훈련 춘천 강원 경기 애완견훈련소 비용,Марина Сотникова,,애완동물/동물
r-xrepgQB3A,비영리 동물권 단체 '동물권행동 카라' 활동을 소개합니다.,동물권행동 카라,"카라 지지합니다.  너무 고생하시고, 카라의 모든 분들 늘건강하세요. 감사합니다. ||| 항상 응원합니다. 감사합니다. 존경합니다. ||| 응원합니다! :) ||| 카라 항상 응원합니다~^^ ||| 응원합니다~~",애완동물/동물
EyNHpnBX8mk,[까맘] 유기동물 봉사단체 키퍼 ‘keeper’ 행동사 파주 쉼터 유기견보호소 봉사다녀왔어요!,KkaMam까맘,여자육준서 닮으신듯한 느낌,애완동물/동물
55CXSuh7w1M,동물행동상담사 - 상담자가 갖춰야 할 필수 자질(인간적 자질/전문적 자질),이라이프엠(KBS미디어 평생교육센터),,애완동물/동물
vWfnaMo9Njs,행동하는동물사랑 유기견보호소 20191013 바자회&결연데이,행동하는 동물사랑,수고하셨습니다. 좋은 결과 있으셨기를♡ ||| 감사합니다~~ ||| 못가서 너무아쉬웠는데 영상으로나마 보네요ㅠㅠ 아이들이 너무좋아했을것같애요  고생하셨습니다ㅠㅠ ||| 바자회 하실때  알려 주세요  동참 하고 싶어요?,애완동물/동물
cx6g4jT1AFo,개 긍정교육은 이제 알겠고요 훈련사님 긍정교육이 필요할 듯..ㅣThis Dude Almost Goes Nuts While Training This Shameless Doggo,SBS TV동물농장x애니멀봐,구구(99) 아저씨 연대기  ↓↓↓ The Chronicles of Mr. 99 ↓↓↓ bit.ly/3g1FSJc  이전 이야기 A Previous Story ↓↓↓ https://youtu.be/i0U61TUri4A 구구아저씨 시절 Fun Trainer with Pigeon Tyson https://youtu.be/GF5VBjMOsAs  피라냐 4총사한테 치이던 시절 Fun Trainer with Piranha Dog https://youtu.be/RXztQjR3zsc ||| ㅈㄴ 웃기네 ㅋㅋㅋㅋㅋㅋㅋㅋㅋ 논바닥 슬로우 장면은 영화같네 ㅋㅋㅋㅋㅋㅋㅋㅋㅋㅋㅋㅋ 역대급이다 이번 편 ㅋㅋㅋㅋㅋㅋㅋㅋ ||| 소장님은... 누가 치료해주나요 ㅋㅋㅋㅋㅋㅋㅋㅋㅋㅋㅋㅋㅋㅋㅋㅋㅋ ||| 와 이번편 역대급이다 ㅋㅋㅋㅋㅋㅋㅋㅋㅋㅋ 킬포만 몇개냐 개랑 훈련사님부터 상황들까지 다 예능이네 동물농장 교양프로가 아니라 예능프로였네ㅋㅋㅋㅋㅋㅋㅋㅋㅋㅋㅋㅋㅋㅋ ||| 긍정교육학이 뭐길래 트라우마있는 개가 저래 되냐고ㅋㄱㄱㄲㅋㄱㅋㄱㅋ,애완동물/동물
D35NijFNatg,"우리 집 강아지에게 ""산책가자"" 하면 하는 행동 ㅋㅋㅋㅋㅋㅋㅋㅋㅋ",FeelSoGood,"That's celebration dance move. ||| 주변에 강아지 기르시는 분들 말 들어보면 이런 말도 들어요. ""우리 집 애는 산책이란 말만 나오면 목줄을 물어와요!"" ||| 아이코 진짜 귀엽당ㅋㅋㅋㅋㅋ 주세요~주세요~ 춤추는 댕댕이❣ ||| 멍뭉이 : 젭알젭알 산책가쟈 이렇게 빌게 ㅜㅠ ||| 지짜 세상 귀여워요...  😁",애완동물/동물
L6FLOVN7eFQ,행동하는동물사랑 유기견보호소X행동사정호,행동하는 동물사랑,엉덩이가 사랑스럽네요 ||| 캥거루같다 ㅋㅋㅋ귀엽네요 ||| 안녕하세요 행동사에서 봉순이 입양해서 캐나다에서 잘 살고 있어요! 항상 관심 있게 지켜보고 응원하겠습니다 🐕👏👏 ||| ㅠㅠ 이뻐요 ||| 왤케 귀엽누!!!!!!!!!!!!!!!!!,애완동물/동물
X0OpuaZWFow,강아지의 말를 배워보자. 잘못알고 있었던 강아지 행동의 의미,윤샘의 마이펫상담소-Pet Clinic,"서울에서 동물병원을 운영중인 20년차 수의사입니다. 5마리 고양의 집사이며, 1마리 노령견의 아빠이기도 합니다.  부디 정성스럽게 만든 이 영상이 보시는 모든분들께 도움이 되길 바랍니다.  혹 문의사항은 댓글 달아주시면 시간 되는대로 꼭 답을 해드리겠습니다. 그럼 여러분의 강아지 고양이와 함께 행복한 하루하루 이어 나가시길 진심으로 기원드립니다. ||| 와..한국인이 좋아하는 속도다..꼼꼼하고 차분하면서 빠른 영상...빨리빨리 말하지만 귀에 쏙쏙 들어와요! ||| 샘 옆에 줄무늬 수달냥  넘나 귀요미~ㅠ.ㅠ  다시보기 무한반복..ㅋㅋ ||| 오늘도 1개국어 잘 배우고 갑니다🙏🏻 ||| 뒤에 고양이들 커엽...♥",애완동물/동물
8SZs_eUgSGw,돌아온 길고양이 아누(동물 행동언어),txr이야기,어미냥이가 철저하군요 ㅎㅎ 어리둥절한 혼나는 아기 냥이 ||| ^^ 엄마의 냥 펀지ㅋㅋ 마음에 안들면 하악질도 해요. 아누가 혹시 발정이 나서 나갔다 온게 아닐지 걱정되네요. 새끼냥들이 제법커서 어미 중성화를 해줘야 할 것 같아요. 그렇지 않으면 개체수가 많이 늘어날거예요. 어미냥과 자식냥들을 중성화해주면 새끼들하고 옹기종기 의지하며 사는 모습을 볼 수 있어요^^ 냥이들이 건강해 보여서 좋아요~~ 구독했씁니당~~ ||| 6일동안 자리를 비운 엄마아누가 아기들에게 그동안 가르켜준 세수를 점검하는데 뒤에 앉은 아기는 눈치것 잘하는데 옆에 아기는 귀찮아 하다가 엄마아누에게 혼났어요 동물들도 교육은 철저하네요...자세히 관찰하면 동물에게도 배울점이 많아요👍 ||| 냥이는젖을때면서로자기영역찿아서살아간다고하대요그러는과정에서싸우다다쳐서 죽기두하고한데요 ||| 새끼가커서아마영역찿으러나갔을것같아요 아마조만간또나갈겁니다 그러기전에잡아두실려면중성화해주셔야되요근데좀비싸요시에다열락해보세요시에서해주긴해요일년에몇번,애완동물/동물
OdPDVwLvbkM,"부천 반려견행동전문가  반려동물행동교정사 상담: 070-4795-9111, 010-8310-0119",ᄋ,,애완동물/동물
mJD2PmiOuQg,"개식용이 금지되어야하는 합리적인 이유, 동물을 위한 행동의 전략",동물을위한행동,,애완동물/동물
IdlHCe2v7zs,행동하는동물사랑 유기견보호소 진숙,행동하는 동물사랑,회원님들 구독 마니마니 눌러주세요 ||| 진숙아ㅠㅠ 열심히 구독하고 좋아요 누를께요! ||| 진짜 예뻐요...진짜 아픈 노령견과 다른 멍무안키웠다면 데려왔을거예요 도움도 못되고 정말 죄송하고 애기들한테 미안해요 ||| 아...영상 보다 울컥했네요... 진숙이 같은 아아들이 ...좋은 가족 만났으면 얼마나 좋을까요... ||| 저리 이쁜 아가가 한번도 집밥 못 먹은 건가요. 안락하고 포근한 쿠션에서 자보지도 못한 건가요. 너무 가슴이 아프네요. 부디 건강하자.,애완동물/동물
6hKfSv7xWBQ,Animal world 눈물없이 볼 수 없는 감동적인 동물들의 행동,Animal HD,,애완동물/동물
OAafWZ5OYHs,행동하는 동물사랑 입양뜰 나호,행동하는 동물사랑,이뽀라~ 제발 사지말고 이렇게 예쁜 아가 언능 데려가셔요,애완동물/동물
261_dOWaOmw,행동하는동물사랑 유기견보호소 행동사주현,행동하는 동물사랑,쫄랑 쫄랑 귀욘 주현  성격 참 좋겠어요. 심쿵했리ㅣ요. ||| 분명 아이들은 웃고 있는데 웃고 있는 아이들 볼 때마다 미안하고 ㅠㅠ 마음이 아플까요. 좋은가족 만났으면..꼭.. ||| 애교가 넘치는 아이네요^^,애완동물/동물
Ybd1YxpKAg4,안약넣기싫을때말티즈행동,Re Hue,정말귀염이네요,애완동물/동물
x488NFRl8v8,행동하는동물사랑 몸에 커다란 종양을 단채 버려진 말티즈 현지 이야기,행동하는 동물사랑,너무 깨발랄한 사랑스런 아이네요.. ||| 고생햇다 아가야. 입양가서 꽂길만걷자 ||| 아가가 뛰어다니니 일단 마음이 놓이네요. 동영상마다 광고 붙여주세요.,애완동물/동물
ASGOH-qTpGo,알 수 없는 강아지의 행동 🐶,RubyU,아앆 저 우러요😭😭 우럭우럭🐌 ||| ❤️,애완동물/동물
K6Zi6LXvd38,유기동물 봉사단체 키퍼팀과 행동사 파주쉼터 유기견 봉사활동 봉사후기,KkaMam까맘,,애완동물/동물
Fhaj157HLZI,행동하는동물사랑 유기견보호소 19.9.5 집중호우,행동하는 동물사랑,,애완동물/동물
ngtY1HY0U2w,강아지 문제행동 교정수업,유월이 일상,,애완동물/동물
UJis1mpa9Mc,행동하는동물사랑 맥스 6개월 남아 입양가능 입양뜰 상주중,행동하는 동물사랑,,애완동물/동물
Km_6MELJjFc,반려동물 체온재기,kee-young park,,애완동물/동물
PJ-9aAGtChw,2019부산케이펫페어에 갔다 왔어요! 강아지용품 고양이용품 ~!,이선우 훈련사의 진짜 반려견교육,좋은 거 구경 시켜 주셔 감사합니다 ^ ^ ||| 와~~! ||| 와~ 여기 어디인가요? ||| 전 덴털껌 이 관심 있어요.^^ ||| 제가 마리엘라 에요..^^;,애완동물/동물
PjOIO6GeuCw,강아지 혼자 집에 있을때 뭐할까? I 펫 CCTV 후기 I 러붐 T20 강아지 CCTV,샨이 siann,사랑스런 앙쥬를 밖에서도 안심하고 볼 수 있다늬 ㅎㅎ 넘흐 좋네요. ||| 잘보고갑니다 ||| 앙쥬 기특하게 잘잇네요 👍 ||| 앙쥬 혼자서도 잘있고 대견하네용ㅎㅎㅎ CCTV 되게 좋은듯!ㅎㅎ ||| 앙쮸 깨무는거 야무진거 보소.ㅋㄱㄱㅋㄱㅋ,애완동물/동물
wDWbUCLhqng,🐶엘포메의 상팔자 VLOG(애견 복합몰 편) 여긴 모하는 곳?? Dog pet pomeranian attacking heart,엘포인트·엘페이,다시한번 참여방법 알려드려Yo~!! 1) 엘페이 l 엘포인트 유튜브 구독하기 (구독정보 공개) 2) 해당 영상 아래 댓글로 정답 남기기 3) 구글폼 ( https://hoy.kr/YtTVj ) 으로 참여 완료 ||| 4번 병원 보는 내내 미소 지어지는 영상 잘 봤습니다 ^^ ||| 4번 병원이요!! 병원만 가지 않았네요ㅋㅋ 엘포메 넘 귀여워ㅜㅜ 유튜브 뿌셔뿌셔!!!! ||| 4번 병원! 신나게 노는 모습이 가장 사랑스러운 엘포메는 이번 영상도 최고였어요ㅠㅠ ||| 4번 병원 엘포메 아주 귀여워요. 오늘 방문한 장소들은 엘포메에게 천국이네요.,애완동물/동물
VvCOBipyNRg,자는 캥거루 깨워보기,헤이글로리안(Hey!GloriAn),"이 영상의 킬포는 캥거루가 있는 곳이라 당연히 외국인이 쏼라쏼라 하겠거니 했는데 느닷없이 튀어 나오는 익숙한 ""선생님"" ㅋㅋㅋㅋ ||| 그냥 길바닥에서 대에~충 자는거 개웃곀ㅋㅋㅋㅋㅋㅋㅋㅋ ||| 저 팔뚝을 보고 깨울 생각을 하시는 지윤씨… 당신은 얼마나 강력한겁니까… ||| 길바닥에서 주무시는 캥거루 표정이 참으로 평온해 보이네요 행복이란게 별거 없는거 같습니다.",애완동물/동물
MOSsWLP__C8,"[시츄둘리] 강아지 자동급식기 후기🐶 - 자율배식이 안될때, 식사훈련, 자동급식기작동법, shihtzu ,강아지vlog ,강아지장난감",슬슬이의 vlog🐶,둘리 너무 귀엽꾸 예뽀유 ㅠ_ㅠ 진짜 천사아닌가여...ㅋㅋㅋ 이와중에 둘리야~~~~빕먹자~~~ 귀여워윸ㅋㅋㅋㅋㅋ ||| 앗~~ 이런걸   주신다니   감사합니다 ♡    귀연 강아지 ||| 신기방기하네요 ||| 저런 기계가 있을줄  몰랐네요.  진짜 신기하네요! 어디 나가셔도 문제없겠습니다! 캠핑브이로그 기대하께요~~~ ||| 아기 시츄 둘리 귀엽네요 ^^,애완동물/동물
kdHW2KGMNeY,반려동물 전용 샤워기를 써야하는 이유?,PETHROOM,"""RELAX SHOWER 리뉴얼 관련 안내"" 그동안 고객님들께서 남겨주셨던 피드백을 토대로 업그레이드된 RELAX SHOWER 2.0 제품이 출시되었습니다. 많은 관심과 사랑 부탁드리며, 앞으로도 보다 나은 제품과 서비스 제공을 위해 끊임없이 노력하는 페스룸이 되겠습니다. 감사합니다. ||| 0:42 울집 고양이 이름이 먼진데.... ||| 페스룸 릴렉스 샤워 >> https://pethroom.com/product/relax-shower/20/category/43/display/1/",애완동물/동물
Iz0aciEqDA8,"[대구 펫쇼 리-뷰] 고양이, 강아지 반려동물 박람회 펫쇼 다녀왔어요!!   펫쇼 후기/리뷰, 동물체험, 장난감, 간식, 브이로그, 아이템/Pet, Cat, Dog , VLOG",단순한 집사들 Simple Servants,역시 편집 끝판 왕이시군요~ 6분이라는 영상속에 다양한 컨텐츠를 봤네요 잘봤습니다. ||| 펫쑈 신청은햇는데 못가나서 지금영상으로 만족중입니다 ||| 저두 여기 14회 갔다왔어요 ~  15회도 갈려구용 ~ ||| 부산에서 하는건 갓는데 대구에서도 했군용ㅋㅋㅋㅋ 시간되면 갓을텐데!! 영상으로 구경했네용>_< ||| 저도 다녀 왔는데 우리 강아지에게도 좋은 경험이였던것 같아요.,애완동물/동물
8weUKftDTB8,펫케어페스티벌 다녀온 브이로그 | 강아지 운동회 | Visiting Pet Festival,멍슈Mungsu,루피 졸귀탱 ||| 마지막에 고기.. 맛있겠... ||| 고기가...먹고싶다,애완동물/동물
MYB1udp5AHQ,여느 가정집의 흔한 아침 풍경 (변기 앉은 침팬지 원숭이) ㅣ Ordinary Morning Scenery Of A Family With Chimpanzees,SBS TV동물농장x애니멀봐,"고전시리즈 더 보러 가기 📺↓↓↓ For more animal classics📺↓↓↓ https://bit.ly/2Y46Jeb ||| 진짜 사람같아서 좀 무섭기도 하고 한편으로는 무슨 생각을 하고 있을 지 궁금함 ||| 솔직히 존나 보는 내내 소름 돋았다 지들은 자기가 인간이라고 생각 하고 있을 거 아니야,, ||| 제 친구는 해외에서 침팬지 키우는데 어느날 난폭해져서 병원 가보니 사춘기같은게 와서 자신의 정체성 때문에 그런거라더군요.. ㅎㄷㄷ ||| 1:31 나가라고 손짓하는거 개웃기네 ㅋㅋ",애완동물/동물
dzez8Z_i854,[내고양이vlog]#01 나는 원래 미묘냥이었다 🥺🙊1탄,그냥이,,애완동물/동물
Fw-JnyCim6Q,🐾강아지와 함께 사는 5평 원룸꾸미기&인테리어&룸투어 !,오늘하늘솜뭉치,영상미도 너무 이쁘고 화장실 창조 능력에 이마를 탁 치고 갑니다 ||| 헐 화장실 완전꿀팁 ㅠㅠㅠㅠ감사해요 ||| 이쁘긴한데 청소가 보통일이 아니겠어요~ ||| 어쩜 이렇게 깔끔하고  예쁘게 해놓으셧는지.우리집도 이랫음 좋겟어요. ||| 화장실 따라해야겠당.. 대박이에요!!,애완동물/동물
g3k6EFl_Xhc,얘네 여름 이불로 바꿈요ㅋㅋㅋㅋ(맞아요 박보검이 다니는 그 강아지 유치원) ㅣ Doggies Got A NEW Summer Blanky To Enjoy Nap Time,SBS TV동물농장x애니멀봐,이전이야기 / A previous story ↓↓↓ https://youtu.be/yrQIlFhhjsM ||| ㅋㅋㅋ이거 보니까 생각난다 어떤 사람이 자기 강아지 유치원 보내면서 선생님한테 잘봐달라고 좋은거 주고 그랬는데 다음날 강아지 옷에 [반장] 적혀있는 뱃지 달고 왔다고 ㅋㅋㅋㅋㅋㅋㅋㅋ개귀여움 ||| 낮에 주인들 일나가고 학교가고 혼자 덩그러니 있다가 저런데 다니면 얼마나 좋을까 ||| 저 요위에 앉아야하는 걸 강아지 전체가 알고 있는게 신기함.. 그 위에서 베개를 베고 얌전히 있는것도 신기하고 교육이 잘된 강린이들 같음.. ||| 이거 볼 때마다ㅋㅋㅋㅋ자란다고 저 시간에 자는게 젤 신기해ㅋㅋㅋㅋ,애완동물/동물
3nPCefWx-UM,미니치와와합니다^^ 마포강아지분양,우리펫,,애완동물/동물
V-3AA9D2wuY,[DOG] 🐕 2019 케이펫페어 방문기 [ VLOG | 반려견 | 강아지 | 펫페어 | 케이펫페어 | 세텍 | 반려동물박람회 ],H,카메라 워킹이 시원하네요~ㅋㅋ ||| 구매제품 정보는 3:29 부터 입니다,애완동물/동물
m_yWqzSB8Z8,반려견과 사진 찍는 방법,아라일기/Golden retriever Ara Diary,ㅋ오늘은 웃기당ㅎ그리고 구독자 30명 넘은거 축하드려요! ||| ㅋㅋㅋㅋㅋㅋㅋㅋㅋㅋ 영상하나씩 정주행하다가 빵터졌네욬ㅋㅋ ||| ❤️🧡💛💚💙💜💝 ||| 엌ㅋㅋㅋ웃기당🐾 ||| 🦋🐶🐶🐶🐶🐶🐶🐶🐶🐶 히힛,애완동물/동물
7A0v8j7yV_w,케이펫 강아지용품 30만원 하울 / k-pet,마키앤얏또makiyatto,"와우 마키 용품 부자됐넹😆❤️👍 4:28 똑똑해보여똑똑해보여ㅋㅋㅋ 마키가 귀찮았을텐데도 자기건줄 아는건지 얌전히 착장해주시네용ㅎㅎㅎ 비싼사료까지 이벤트 당첨되시구 박람회다녀온 보람이 있구만융ㅎㅎ 마키!! 한동안 먹을건 걱정없겠엉!!😁😁😁 ||| 4:33  청남방에 넥타이~!!!! ㅎㅎㅎㅎ 너무 잘어울려요!!  그나저나 엄청난 쇼핑!! ㅋㅋ마키~ 엄청 좋겠네요~ ||| 중간에,,, 셔츠 +넥타이 +안경은 정말 사랑의조합입니다 ㅋㅋㅋㅋㅋ ||| 예쁜것들로만 잘 사셨네요💕 개구리 비옷 졸귀탱😘 ||| 와~~~ 30만원이나!!뜨아!!! 역시 마키는 패션제품이 많군요~~ 진짜 너무너무 귀엽당 ㅋㅋㅋㅋ 안경이 오늘은 진짜 시강! 인줄 알았는데 개구리 비옷 진짜 이쁘다아아아아아~~~ 엄마가 근데 더 신난거같아요 ㅋㅋㅋ 강아지 물병이 제일 탐나네요 저는 근데 ㅋㅋ",애완동물/동물
mYm7vOHGT-Q,강아지가 처음 집에 왔을 때 주의할 점｜수밤라이브,강형욱의 보듬TV,ㅋㅋㅋㅋㅋㅋㅋㅋ 모두가 방심한틈에 산책을 시키려는 그런 속셈인가?!!!ㅋㅋㅋㅋㅋㅋㅋㅋㅋㅋㅋ 밥하다가 산책가셨대ㅜㅜㅜㅠㅠ 어뜩행ㅋㅋㅋㅋ큐ㅠㅠㅠㅠㅠ ||| 방심하다가 산책빌런이라는것을 잊었다..... ||| 01:49 앜ㅋㅋㅋ당했다ㅋㅋㅋ 반려하는 댕댕이랑 같이 시청중이시면 조심하세요ㅋㅋㅋ 저처럼 밥하다 갑자기 산책가게 됩니다ㅋㅋㅋ ||| 1:48 산책 요정ㅋㅋㅋㅋㅋㅋㅋㅋㅋㅋㅋㅋㅋ ||| 하루에 30~40번 소변을 본다고요???? 와... 대단하네요 저는 절대 감당 못할 것 같아요 ㅋㅋㅋㅋ 역시 영상만 보는 게 최고네요,애완동물/동물
SIks_MWz0XI,귀여운 강아지의 쇼핑 잘 하는 방법! 쇼핑 노하우 공개 영상!  강아지 하울 /  펫케어 페스티벌  강아지옷 강아지간식 강아지껌 펫티켓  펫박람회 강아지 애견 쇼핑몰  박람회,리치와 산책,"개모차!!! 친구도 만나고 리치 오늘따라 더 귀엽네요 ㅎㅎㅎ 특히 2:04 💕 강아지용 전원주택 진짜 이쁘네요~  한살림 또 장만하고 왔네요 리치 ㅋㅋㅋ ||| 아 이거는썸네일이클릭안할수가없네요ㅎㅎ 넘귀엽네요 체크무늬모자넘잘어울려요 전원주택짱이네요ㅎㅎ  펫전시장이볼거리많나바요^^♥👍👍👍 ||| 넘나 재미있는 펫 박람회 ㅎㅎ 눈이 돌아가네요 ^^ 리치 모자쓴 것 도 넘 귀여워요.  진짲 ㅐ미낫겠어요. 물건 이쁜거 많이 사오셨네요 ^^ ||| Very nice exhibition 😁 Beautiful Rich had fun, trying on new clothes and eating new snacks. She even made friends 😊 Very cute video of your outing 👏👍 ||| 리치 샤핑 지대루하고 왔넹👍👍 리치야 자주가 자주😍😍",애완동물/동물
qcnRu3aiOAg,강아지카페 | Korean Cafeteria | 이색카페 | cafe |연남동 쥬쥬펫| Korean arcade,쏘푸니 SsoFooNey,애기들 너무 귀여워요ㅠㅠㅠㅠ 손 줄듯 안 줄듯ㅋㅋㅋㅋㅋ😂🧡 ||| 강아지들 너무나 귀여워요! 저도 한번가봐야겠어요! ㅎㅎㅎ ||| 힝귀요웡 울푸딩이도데려가고싶네용!!,애완동물/동물
7A4RAtuCedI,"강아지,고양이가 로봇을 만나면? / 바램 펫 피트니스 언박싱 영상 [펫뷰]",펫을부탁해:PETBOO,"살려주세요 자막 너무웃겨욬ㅋㅋㅋㅋㅋㅋㅋㅋ ||| 도보의 꼬리가 점점 올라가요ㅎㅎ 아톰이가 대범하군요ㅎㅎ 역시 멋있으요...치치ㅎㅎ 귀염둥이...아..잉...무서워ㅎㅎ ||| ㅎㅎ 역시 시크티커~~ 요거 그래도 잠깐은 친구가 되줄듯 하네요 ㅋ ||| 로보트는 소형견용 같군요 ㅋㅋㅋㅋㅋㅋ 도보 물고다니기~~ ||| 끄악 도보 아톰이 치치 티거ㅋㅋㅋㅋㅋㅋㅋ 다 너무 귀여워 죽겠어요!!  도보는 왕커서 왕귀엽고 ㅜ 도보는 뽕실뽕실 해서 귀엽고 ㅜ 치치는 ㅋㅋㅋ 너무 겁쟁인데 그게 너무 귀여워요! 그리고 티거는 역시나 도도함이 뿜어져 나오네요!!   바램펫 피트니스는 움직이는 로봇이다 보니, 반려동물의 성향에 따라  친해지는 시간이 필요할 수 있습니다! 꾸준히 놀아주시다보면 아이가 금방 적응할 수 있을거에요! (특히 치치처럼 겁쟁이라면 필독!)  동물 행동학 전문 수의사의 친해지기 가이드를 통해, 반려동물과 바램펫이 친해질 수 있도록 해당 영상 참고 부탁드립니다.  바램펫과 친해지기 영상 : https://youtu.be/KOJpGvMtYBw  추가로 꿀팁 보따리가 있어 놔두고 갑니다 총총...!   1. 놀이를 하지 않는 시간에는 바램펫 피트니스를 숨겨주세요! 놀이를 하지 않는 시간에도 계속 보이면 흥미를 잃을 수가 있어요 :)   2. 바램펫 피트니스 가까이에 있거나 댕냥 펀치를 날리면 폭풍 칭찬해주세요! 보호자의 칭찬을 받은 댕냥이는 자신감이 생겨 더욱 재미있게 놀거에요   3. 바램펫 피트니스에는 반려동물의 행동 패턴에 따른 맞춤 설정이 가능합니다!  ""따라오지 않으면 안주기"" 혹은 간식 트릭 모드를 활용해서, 반려동물의 행동 움직임에 맞춘 모드를 사용해보시길 권장해 드립니다.  4.  앱에서 제품 선택 후 나오는 활동량 데이터 우측 상단 필터 모양 아이콘을 클릭하시면 아이의 성격과 적응 속도에 따라 주행 속도를 변경하여 아이가 적응하는 기간동안 맞춤 운영이 가능합니다 :)  사용하시면서 문의 있으시면 카톡 채널 [바램시스템]으로 언제든 편하게 문의주세요 :) 앞으로도 바램펫이 오래오래 좋은 친구가 되어줄 수 있도록 노력하겠습니다!🐶",애완동물/동물
S8baeh8OyR0,[SUB] 강아지의 100일간의 성장과정,아롱이네 ArongHouse,많은 분들에게 피드를 받아서 매트를 설치 하였습니다 좀더 애들 건강에 신경쓰는 집사가 되겠습니다 감사합니다👏 ||| 어휴 지도 귀여우면서 더 귀여운 애들을 낳았네... ||| 진짜 아침부터 현기증나고 심장이 아픕니다ㅜㅜㅜㅜㅜㅜㅜㅜㅜㅜㅜㅜㅜㅜㅜㅜㅜㅜㅜㅜㅜㅜㅜㅜ 실제 존재하는 꼬물이맞지요?.. ||| 한번만 볼 영상은 아닌거같아요ㅠㅠㅠ 너무 귀여워서 여러번 봐야할거 같아요 진짜 꼬물이 시절 어쩌나.... 심장 아푸다.. ||| 귀여운 애기가 애기를 낳았어…아니 진짜 미치겠더.내일 시험인데 그만 봐야하는데 계속 돌려보게 만드는 영상.  너무 귀여워서 심장이 아파서 멈출 거 같은데 지금 이 영상을 안 멈추면 내 인생이 멈출 거 같은데…내적갈등 만드는 영상,애완동물/동물
NxbZ86ImHOM,(폼피츠모찌) 강아지기다려교육중~ㅋ 아빠는 가볍게 무시하기,모찌청순,,애완동물/동물
MNcJxlqKGOk,케이펫페어에서 냥이 장난감 사오기 미션,아이렌 Airen,停播的週六就是開始看舊片時間了啊！방송이 중단된 토요일에 옛날 영화를 볼 시간입니다! ||| 好可愛 ||| 예전방송 구경중인데 재밌당 ㅎㅎ. ||| 원래 2년 전에 펫페어에서 집에 오는 길에 고양이를 잡았었는데 이번에는 고양이를 더 많이 잡았어야 했는데ㅋㅋㅋㅋㅋ ||| 목소리가 사람잡네요,애완동물/동물
qOetj7zKeQc,수원강아지분양-살랑살랑 흔드는 꼬리 너무 귀여워~비숑♡,참치치아빠,꼬리 살랑살랑~ 너무 귀여워! ||| 아 너무커엽 ㅠ ||| 아 불쌍하다 ||| 개빠들이 난리칠 영상입니다. ||| 팔지좀마,애완동물/동물
-3dMfkg6-wE,하림펫푸드 브이로그 #반려견동반#브이로그 I 연유사원의 최애 디자이너를 뽑아보자!,하림펫푸드,요즘도 공장견학 가능한가요 ?,애완동물/동물
izbJa3aFekE,집사들이 하는 실수! [냥이 혼자 두고 집 비울 때],petner.,,애완동물/동물
-zBUmiRZ3ZM,미니비숑분양합니다^^ 안양강아지분양,우리펫,비숑  원합니다,애완동물/동물
et5UcYuyfZs,EP15 마즈케솔 강아지 건강검진 대신 강아지 소변검사 알파도펫 후기,마즈케솔,오~이렇게 간편한 검사가 있군요  정보 잘보고 갑니다 👍 저도 꾹꾹 누르고 가요 ~~~ ||| 귀여운 강아지  아프지 않고 행복하길 바랍니다 이웃 친구로 항상 함께 하겠습니다 ||| 건강합시다 ^^❤❤ ||| 맞아여 아파도 말할수 없는 ㅜㅜ 유용한 정보 감사해여~^^ 우리 댕댕이들 아프지말고 언제나 우리 곁에서 행복하길 바래여ㅋ 엄마 맘 모르고 마냥 해맑은 솔이 그래도 넘 이쁘다요😍😍😍 ||| 👍🏼23 댕댕이전용 소변검사 키트가 있군요!!!*___*  어플도 있고!!!! 오줌 묻히고 바로~~~  사람꺼랑 거의 비슷하게 생겼네요!!!!  카메라로 인식만 잘 하면 바로!!!  생각보다 엄청 자세히 나오는군요!!!  금식후!!!!!!  저렇게 가끔씩 검사한번 해주는것도 정말 좋은듯해요❤️ 건강하자! 솔이!!!🧡 좋아요 콕👍🏼,애완동물/동물
Z9quqPxE_8U,애견미용사들의 필살기,Dog Smith (독스미스),빨리감기 했더니 아기가 숨쉬는건데 왜 떨고있는거 같지? 난 재밌게 놀아줬는데...ㅠ,애완동물/동물
o92VyKRRgk0,광주강아지분양- 사랑스러운 포메라니안♡,ME YOU PET,,애완동물/동물
ge46_WeGIIE,아기보더콜리 빙고 훈련시키기,musuri무수리,,애완동물/동물
WdXYY8ESkMU,"반려동물의 안전을 생각하여 만든, 뽀솜세탁 시리즈!!",놀러와펫쯔,,애완동물/동물
kIl_00MHvEM,아기와 반려동물 함께 키울 때 주의 사항은?,베이비본죽,,애완동물/동물
ndH6hJ28dYI,고양이 기다려 훈련! 과연 가능 할까요?! #고양이 #반려묘 #훈련 #이름은 #제리,톰과 제리그리고 베리,,애완동물/동물
IDDcvCsp-d0,강아지 아토피의 모든 것 6. 탈감작요법,UB VET 유비벳,,애완동물/동물
fIsoA6SAB5k,"강아지 농피증 1. 개괄, 원인, 증상",UB VET 유비벳,,애완동물/동물
A_duKw6C0ks,전지적 강아지 시점으로 애견 동반 호텔 체험하기,NOL 인터파크투어 ,감자 밥먹기 전에 다소곳하게 앉아있는거 졸귀탱~♥ ||| 감자또나왔네요 호강하는 ~~  이뽀랑~~♡♡♡♡ ||| 꺜 넘 귀여워요>_< ||| 감자 짱귀ㅠㅠㅠㅠㅠ 감자는 거의 뭐 동물 배우 수준이네요 ㅋㅋㅋㅋㅋ👍🏻 ||| 겁나기엽당ㅋㅋㅋ 성우분도기엽ㄱㅋ,애완동물/동물
n2ES053VeaY,케이펫페어 가서 산책용품 장만하자~!,케이펫페어,,애완동물/동물
RQqPpUdOu5A,SUB [리뷰하다] 대구강아지가 일산 펫케어페스티벌을 즐기는 방법/ Do_Mango/ How Daegu Dog Enjoys Ilsan Pet Care Festival,망고하다 MangoHada,망고 넘 이뽀 다해💕💕 단체 사진 찍는거 진짜루 넘 웃겨엮ㅋㅋㅋㅋ ||| 망고 사진 너무 잘 찍는거 아냐? 본능인가봐 모델본능♥ 단체컷은 진짜 개판ㅋㅋ다들 귀여워♥ ||| 망고 기차도 잘타고 너무 의젓하다~  엄마가 데리고 다닐 맛 나시겠어😍 ||| 우리 망고 진짜 이쁘니~~~ 라오니누나•^*• ||| 후앙 ㅠㅠ 망고야...모든것이 완벽한듯한 망고 🥭,애완동물/동물
eX2bg7NqZdY,반려동물등록제,UB VET 유비벳,잘 시행됬으면 좋겠습니다.,애완동물/동물
NV6u6jQG8e4,들어오지마! 강아지못들어오게 문닫는 고양이,혜슈,ㅋㅋㅋ 똑띄기 :) ||| 보검이제대로복수하네ㅋ 아예위병소근무서도되겠다ㅋㅋ ||| 보검이 ㅎㄷㄷ 왜 못들어 오게 하농,애완동물/동물
hjjHa6EFF8M,영양과 기호성 모두 좋은 '로투스 캔',펫슬랩 petxlab,,애완동물/동물
fa1JzEh5nl8,높은 곳에서도 자유롭게 내려오다 | 초코펫하우스 논슬립스텝,초코펫하우스,올 순서 잘 지켜서 차례대로 하나씩😍👍,애완동물/동물
gj6YVuaDgqc,고양이가 계속 울어요 원인,UB VET 유비벳,사람이나 같군요.,애완동물/동물
l-JzYVuDHlQ,대한민국 예능 레전드ㅋㅋㅋ안보면후회,Wan t'ube 원튜브 (Lie),3:44 졌는데 냄비로 때리는 건 뭐야 ㄱㅇㅂ ||| 6:54 마무리하겠숴~ ㅋㅋㅋㅋㅋㅋㅋㅋㅋㅋㅋㅋㅋㅋㅋㅋㅋㅋㅋㅋㅋㅋㅋ아씨.개웃기네진짜 ||| 2:23 ㅋㅋㄴㅋㅇㅋㅋㅋㅋ ||| 7:00 요게 젤 웃겨 ㅋㅋㅋㅋㅋㅋㅋ ||| 박명수님 은근 킬링포인트가 많앗구나 개웃김. ㅎㅎㅎㅎㅎㅎㅎㅎㅎ,예능
OnIwUXLIGbY,[예능맛ZIP/런닝맨] 어제자 런닝맨보고 감명받아서 만든 웃음 참기 모음.ZIP / Runningman,스브스 예능맛집,저는 청년 왕코부터 터졌습니다.... ||| 왜 보는 나까지 웃음참고 보는거냐궄ㅋㅋㅋㅋㅋㅋㅋㅋㅋㅋㅋㅋㅋㅋㅋㅋㅋㅋㅋㅋㅋㅋㅋㅋㅋㅋㅋㅋㅋㅋㅋㅋㅋ ||| 아니 한기범 선수 모기송 진짜ㅋㅋㅋㅋㅋㅋㅋㅋㅋㅋㅋㅋㅋ갑자기 튀어나와서 엄청 웃었다구욬ㅋㅋㅋㅋㅋㅋㅋㅋㅋㅋㅋㅋㅋㅋㅋ최애인 모기송을 저렇게 불러주시다닠ㅋㅋㅋㅋㅋㅋ ||| 아닠ㅋㅋㅋㅋㅋㅋㅋㅋㅋㅋㅋㅋㅋㅋㅋㅋㅋㅋㅋㅋㅋㅋㅋ근데 조세호는 멤버도아닌데 왜 웃긴사진보여주는거얔ㅋㅋㅋㅋㅋㅋㅋㅋㅋㅋㅋㅋㅋㅋㅋㅋㅋㅋㅋㅋㅋㅋㅌㅌ ||| 9:44 맨날 계속 참다가 여기 광수 목소리에서 터짐ㅋㅋㅋㅋㅋㅋㅋㅋ 세상 서럽고 애처로웤ㅋㅋㅋㅋ,예능
Rz4_q6bdhis,우울할때 보면 힘나는 예능 레전드 모음집,꿀벌집,"우울치고 들어왓다가 설리 보고 더 맘아픔 ||| 저렇게 재밌게 웃으며 보내는 사람들이 있는데,,, 하면서 더 우울해짐 ||| 5:50 공 존나웃기넼ㅋㅋㅋㅋㅋㅋ ||| 1:48 ㅅㅂㅋㅋㅋㅋㅋㅋㅋㅋ내귀가 잘못듷은건갘ㅋㅋㅋㅋㅋㅋ ||| 5:58  진짜 ㅋㅋㅋㅋㅋㅋㅋㅋㅋㅋㅋㅋㅋㅋㅋㅋㅋㅋㅋㅋㅋㅋㅋㅋ",예능
r3zz0dhAeok,[스타 타임캡슐] 다시뭉친 원조 망나니돌 핑클! 커뮤 예능 레전드짤 원본모음ㅋㅋㅋ #피고름피 #이효리숙취인터뷰 #성유리훌라후프 #성유리등,스브스 예능맛집,이효리자는데 다들 아무렇지 않게 촬영하는거 개웃겨 ㅋㅋㅋㅋㅋ ||| 비글도 아니고 망나니돌 ㅋㅋㅋㅋㅋㅋㅋㅋㅋㅋㅋㅋㅋㅋㅋㅋㅋ ||| 4:17 비밀인데 왜 물어보세욬ㅋㅋㅋㅋㅋㅋㅋ성유리 조곤조곤 할말다하는데 다 맞는말ㅋㅋㅋ ||| ㅋㅋㅋ캠핑클럽에서 이효리가 너무 솔직해서 안맞았다 이런 소리 했는데 나머지 멤버분들도 만만치 않았던거 같다ㅋㅋㅋㅋㅋㅋㅋㅋ ||| 너무 솔직해서 소속사 사장님도 포기한 핑클 너무좋아,예능
hYQ_BQMH1z0,"""형,,약주하셨어요??"" 취중텐션으로 무도에서 레전드 찍고가는 경규옹 ★예능총회★ | 무한도전⏱오분순삭",오분순삭,🖤무한도전 회차 정보 알리미🖤 무도레전드: 이경규 레전드 예능 총회 ✔462회 <예능 총회>편 ||| 이경규 ㄹㅇ 이 날 의자값 하고 갔음ㅋㅋㅋㅋㅋㅋㅋㅋㅋㅋㅋㅋㅋㅋㅋ 저 회차 MVPㅋㅋㅋㅋㅋㅋㅋ ||| 경규옹 개그 스탈 1.무례하게 보일 수는 있음 2.하지만 비판은 해도 비난은 하지 않음 3.비판한 상대방이 받아칠 여지를 만드심 4.받아치는 상대방에게 맞춰줍니다. 5.절대 상대방 기분나쁘게는 안함 6.확실히 개그에 대해서는 천재적임 ||| 이경규 출연료 높은거 이해가 됨 저 정도되는 예능인들 모아놨는데도 독보적이었음ㅋㅋㅋ 혼자서 n인분을 웃기는데ㅋㅋ 개그타율 미쳤음 ||| 진짜 이경규가 처음부터 끝까지 슈퍼하드캐리한 회차 ㅋㅋㅋㅋㅋㅋㅋㅋㅋㅋㅋ 원로 예능인의 짬밥과 위엄을 제대로 보여줌 ㅋㅋㅋㅋㅋㅋㅋㅋㅋㅋㅋㅋㅋㅋ,예능
qHMZcBbuZuY,레전드 예능 [패밀리가떴다] '대성(Dae Sung) X 유재석(Yoo Jae Suk) 덤앤더머의 아침준비' 편 / 'Family Outing' Review,SBS ,power 듣다가 여기까지 왔다 ||| 일요일 저녁엔 1부 SBS 패떳보고 2부 KBS 1박2일 이 루틴이 국룰이였음 ㅋㅋㅋㅋㅋ ||| 우리 할머니가 이 방송 보시면서 아이고 멸치 두마리로 뭔 육수를 낸다고 하냐며 배꼽잡고 웃으셨는데 보고싶네...할머니 ||| 와 이거 진짜 오랜만이다ㅠㅠ 초딩 때 봤던건데 멤버들 음식만들때 몰래몰래 라면수프넣고ㅋㅋㅋ 아침마다 유재석이 퀴즈(?)내고 추억이네용... ||| 덤앤더머ㅋㅋ아침준비ㅋㅋㅋ 라면 끓이는 맹물에 멸치 두마리 넣고 맛 보는데 무슨 바다의향이난데ㅋㅋㅋ미친ㅋㅋ 패떴은 다시봐도 재미있네~,예능
27S4vVwr55I,예능 레전드 영상 모음집,짐동,,예능
kSvBV-Z31xk,슬플 때 보는 웃긴 동영상 예능 레전드,블리용,배꼽 빠질뻔 했네요 ㅋㅋ,예능
eNN8LE5wIQo,심심할때 보는 예능레전드 모음,짐동,,예능
HUrIlxR8CEw,[공포의 쿵쿵따 #6] Oh Oh 방위의 위엄 Oh Oh9(예능 교과서 유재석 & 강호동),KBS Entertain: 깔깔티비,"2025년에도 보고있다 ||| 와 진짜.. 20년 넘게 똑같은 걸 봐도 똑같이 웃기네.. 미치겠다 ㅠㅠ 강호동, 유재석 환상의 콤비가 또 나올 수 있을까? ㅠㅠ ||| 3:41 핰ㅋㅋㅋㅋㅋㅋㅋ미치겠닼ㅋㅋㅋㅋㅋㅋㅋㅋㅋ유느님 양말로 안경 닦고있엌ㅋㅋㅋㅋㅋㅋㅋㅋㅋㅋㅋㅋㅋㅋㅋㅋㅋㅋ ||| 2022년에 봐도 재밌는 ㄹㅇ 레전드예능 그 잡채ㅋㅋㅋ 듀티프리 드립은 진짜 웃음을 넘어 경이롭다ㄷㄷ ||| 2:50 공익이라 퇴근드립은 지금 봐도 천재적ㅋㅋㅋㅋㅋㅋㅋㅋㅋㅋㅋㅋㅋㅋㅋㅋㅋㅋㅋㅋㅋㅋㅋㅋㅋㅋㅋㅋㅋㅋㅋㅋ",예능
gr4VL7KCPDQ,(예능레전드) 이수근 강호동 김희철 미친 드립모음 2,훗까시,구독과 좋아요는 큰 힘이 됩니다... 감사합니다.. ||| 이수근은 도박한건 욕먹어도 싸지만 이렇게 예능에서 웃기는건 진짜 천재적인 재능이 있다 ||| 4:30 천재얔ㅋㅋㅋㅋㅋㅋㅋㅋㅋㅋㅋㅋㅋㅋㅋㅋㅋㅋㅋㅋㅋㅋㅋㅋㅋㅋㅋㅋㅋㅋㅋㅋ진짜 개그맨들 다 천재인듯 ㅋㅋㅋㅋㅋㅋㅋㅋ ||| 경리 ㅋㅋㅋㅋㅋ 낮이고 밤이고  따지지 않는데 ㅋㅋㅋㅋㅋㅋ  겁나 웃기넼ㅋㅋㅋㅋ ||| 나방 이거 놔방 이거 나만 웃김?ㅋㅎㅋㅎㅎㅋㅎㅋㅎㅋㅎㅋㅎㅋㅎㅎㅋㅋㅎ,예능
SQSZiZdfcQA,레전드 예능 [패밀리가 떴다] 술취한 패밀리 / 'Family Outing' Review,SBS ,"지금 보니까 유재석님 엄청 신나있네 ㅋㅋㅋㅋ 진짜 재밌었나보다 ㅋㅋㅋㅋ 그립다 저때가 ||| 저 당시니까 이천희가 천데렐라 라는 컨셉으로 사랑받았지 지금이면 김수로한테 왜 이천희 부려먹냐고 욕하고 난리도 아니었을듯ㅋㅋㅋㅋㅋㅋㅋㅋ ||| 이효리는 진짜 세련되고 예쁜얼굴인듯 촌스러웠을때가 없네 ||| 효리랑 예진아씨 존예 ,, 패떴은 천희가 비누로 무 씻는게 레전드 ㅠ ||| 4:49 견뎌야지 ㅋㅋㅋㅋㅋㅋㅋㅋㅋㅋㅋㅋㅋㅋㅋㅋㅋㅋㅋ",예능
vP157ArUjYY,심심할때 보는 예능 레전드 영상 모음집!!,짐동,ㅇㅇ 저기 유명하자나 진짜 수위 개쩜 .. 여기서도보이네 댓글이 ㅋㅋㅋㅋ ||| ㅋㅋㅋㅋㅋ 색츄얼스 얘가 노빠꾸긴함 ㅋㅋㅋㅋ ||| 남자면 유튜브 색츄얼스 거의 다알드라 .. 얘 요새 노빠꾸로 올림ㅋㅋㅋ ||| 색츄얼스 여기에 진짜 핫한거 개많이올라오네 유튜브 구독 바로박는다 ||| ㄹㅇ ㅋㅋ 애들 진짜 몸매며 .. 유튜브 색츄얼스 덕에 하루에 3ㄸ중 고맙다,예능
zt2f6yPmODM,웃긴예능모음집,진초튜브,완전 웃기다,예능
5lQgepZrEVI,레전드 예능 [패밀리가 떴다] 덤앤더머와 예진아씨의 칼죽수/ 'Family Outing' Review,SBS ,00:00 시어머니보다 무서운 효리마님 01:42 효리언니!! 06:18 덤앤더머의 마리오네트 예진아씨  07:40 덤앤더머vs예진아씨 08:26 아 효리언니!! 09:41 집도를 시작하는 덤교수 11:46 반죽 심폐소생술 12:12 반죽 멱살잡이  12:46 토끼 사육 13:17 스크림 15:02 칼죽수 완성 ||| 대성이가 일요일저녁 황금시간대예능 고정한게 이해가됨  20대 초 아이돌이 저기 고정하는게 쉽지않은데 이후에 아이돌 넣는게 공식화되다싶이함 ㅋㅋ ||| 주말에 3사 어느 채널이든 티비 틀면 볼게 있었던 시절 ||| 패떳은 다 재미있었지만 재석이형이 효리 눈치 보는게 깨알 웃음 포인트가 많았ㅋㅋㅋ ||| 이 때 대부분 예능 진짜 재밌었는데ㅠ 토요일엔 무도보고 일요일엔 이거보고 끝나면 1박2일보고 개콘으로 마무리하고ㅜㅜㅠ 나도 나이가 많이 먹었네...ㅋㄱㅋㅋㄱㄲㅋㅋ,예능
KQeQ-RO2Vio,[#신서유기레전드] 구美와는 조금 다른 신美 안재현의 예능감,tvN D ENT,[#신서유기]  ※시간순삭※  신서유기 레전드 다시보기👑  ☞  https://www.youtube.com/playlist?list=PLTnyq-p4P5n2t5ocgTskF55bEAI-VwjD3 ||| 학기초 교실에서 '조용하고 잘생겨서 잔잔하게 인기많은애1'인줄 알았는데 그냥 내향적 돌I이었던거임ㅋㄱㅋㄱㅋㄱㅋㄱㄱㅋㄱㅋㄱㅋㄱㅋㅋㅋ ||| 진짜 웃긴건 안재현 비흡연자임ㅋㅋㅋㅋㅋㅋㅋㅋㅋ 근데 문제 맞추는 사람에 맞춰서 상쾌를 담배로 표현함ㅋㅋㅋㅋㅋㅋㅋㅋㅋㅋㅋ ||| 3:00 안재현 '흥분' 보고 벨트 풀다가 현타와서 주저앉음 은지원 벨트 푸는 거 보고 '폭력' 떠올림 미친인간들 진짴ㅋㅋㅋㅋㅋㅋㅋㅋㅋㅋㅋ ||| 솔직히 안재현 처음 신서유기 들어왔을때 꽃병풍 예상하고 1대 기대안했는데 그냥 존잘 미친놈 그자체 젊은 은지원임,예능
aTWrxT2rtpI,[오분순삭] 지나가는 일반인마저 웃긴 무도 클라스 ㅠㅠ ｜#무한도전 레전드,MBCentertainment,"♡무한도전 회차 정보 알리미♡ 무도레전드: 일반인 레전드 ✔121회: <추석과 전쟁-며느리가 뿔났다>편 ✔148회: <지못미 특집>편 ✔280회: <2012 무한 달력 배달 특집>편 ✔309회: <무한택배 두 번째>편 내일 이 시간에 또.. 총총.... =3 ||| 가서 얻어오라고 하시는 할머니도 웃기지만 뛰어가시는 아저씨가 더 웃김ㅋㅋㅋㅋㅋㅋ ||| 1:34 이 아저씨 너무 착하신듯  막 지하상가에서 종이랑 펜 찾아서 돌아왔는데 아무도 없었을것 같아 ㅠ ||| 3:15 급발진화법 ||| 자막이 더 웃곀ㅋㅋㅋㅋㅋㅋ """"정말 비슷하신 돌출입!""""",예능
2C2BgRn32xA,[패밀리가 떴다] '레전드 장면 모아보기' / 'Family Outing' Special,SBS ,2025에도 보는분 손 ||| 귀한자료네...추억이다 진짜 ||| 황정민 개웃기네 ㅋㅋㅋ 게스트인데 그냥 멤버같어 ||| 황정민 저분 컨셉이 아닌게 8년전쯤 한적한 목욕탕에서 만났는데 열탕에 앉아서 노래부르고 계셨습니다ㅋㅋㅋ ||| 이효리 웃을때 넘모 이쁘다..같이 웃게됨,예능
mR_QCRIC7K4,(ENG SUB)[예능맛ZIP/런닝맨] 기린 vs 메뚜기 환상 케미 모음.ZIP / Runningman,스브스 예능맛집,진짜 유재석이 이광수 슬쩍 보고 치아보이면서 살짝 미소지으면 이광수한테 장난친다는 신호임ㅋㅋㅋㅋㅋ ||| 와 진짜 이광수는 직업이 몆개야 ㅋㅋㅋ 모델에 배우에 기린에 개그맨까지 ㅋㅋㅋㄱㅋㅋㅋㅋㅋㅋㅋㅋㅋㅋ ||| 유재석이 장난을 치는 것도 치는건데 광수가 진짜 맛깔나게 잘 살림ㅋㅋㅋㅋ 장난 칠때마다 잘 받아주니까 더 하고 더 좋아지는듯 ||| 3:19 아니 진짴ㅋㅋㅋㅋ 자세가 실제 기린이랑 메뚜기 같아서 더 웃걐ㅋㅌㅋㅋㅋㅋㅋㅋㅋㅋㅌㅋㅌㅋㅋㅋㅋ ||| 09:43 여기 둘이 동시에 일어나서 표정 ㅈㄴ웃음벨이넼ㅋㅋㅋㅋㅋㅋㅋㅋㅋㅋㅋ,예능
BWvXBnj9j9I,[#신서유기레전드] 납득 가는 게 자존심 상하는 은지원의 미친 논리 토론,tvN D ENT,[#신서유기]  ※시간순삭※  신서유기 레전드 다시보기👑  ☞  https://www.youtube.com/playlist?list=PLTnyq-p4P5n2t5ocgTskF55bEAI-VwjD3 ||| ㅋㅋㅋㅋㅋㅋㅋㅋ옆에 사람들 죄다 은지원얘기 존나 경청해줰ㅋㅋㅋㅋ 특히 이수근 엄청 애정있게 바라보고 있어 ㅋㅋㅋㅋㅋ ||| 와 비행기 에어컨에서 아찔했다ㅋㅋㅋㅋㅋㅋㅋㅋㅋㅋ 진짜 설득당하고있음ㅋㅋㅋㅋㅋㅋㅋㅋㅋㅋ ||| 은지원 우기기+강호동 말빨+이수근 리액션+안재현 뜬금개소리 : 최강조합ㅋㅋㅋㅋㅋㅋㅋㅋㅋㅋㅋㅋ ||| 2:40 연예인 최초 지상파 3사 UFO 발언ㅋㅋㅋㅋㅋㅋㅋㅋㅋㅋㅋㅋㅋㅋㅋㅋ 은지원은 진짜 독보적이다,예능
UrklzPgPweA,(ENG/SPA) [#NJTTW] Mino × P.O - Best Chemistry & Hilarious Fight Moments | #MixClip | #Diggle,tvN D ENT,[#신서유기]  ※시간순삭※  신서유기 레전드 다시보기👑  ☞  https://www.youtube.com/playlist?list=PLTnyq-p4P5n2t5ocgTskF55bEAI-VwjD3 ||| 아 진짜 둘이 같은 팀으로 데뷔했었으면 진짜 난리도 아니였을듯 ㅋㅋㅋㅋㅋㅋㅋㅌㅋㅋㅋㅋㅋㅋㅋㅋㅋㅋㅋㅋㅋㅋㅋ ||| 나영석 섭외 센스에 감탄하고 갑니다.. ||| 3:04 뒷분 눈물 닦음 ㅅㅂㅋㅋㅋㅋㅋㅋㅋㅋㅋㅋㅋㅋㅋㅋㅋㅋㅋㅋㅋㅋㅋㅋㅋㅋㅋㅋㅋㅋㅋㅋㅋㅋㅋㅋㅋㅋㅋㅋㅋㅋㅋㅋㅋㅋㅋㅋㅋ ||| 0:49 은지원ㅋㅋㅋㅋㅋㅋㅋ 처음엔 그렇게 안웃겼는데 이수근이랑 눈 마주치니까 개 빵터짐 ㅅㅂㅋㅋㅋㅋㅋㅋㅋ 아 진심 개웃겨서 계속 돌려보는 중,예능
yDB8orfSJb4,[예능맛ZIP/런닝맨] 유재석X이광수 환상 케미 모음.ZIP 2탄 / Runningman,스브스 예능맛집,"🍀여러분 회차정보왔습니다아~~~!🍀   넌 그냥 선빈이 남친 471회 좀비댄스 277회 경사났네~ 441회 형이 하라매요! 472회 들어가 있으라고 424회 재석이의 연애코칭 416회 ||| 광수 0  0  이 표정 너무 좋음 ㅋㅋㅋㅋㅋㅋㅋㅋㅋ          ㅣ          ㅇ ||| 유재석이 이광수 볼때 흐뭇해하면서 아끼는거보면 이광수 볼 수록 정말 때묻지않은 뭔가있음..  예의도바르고.. ||| 6:34 진짜 개잘맞아ㅋㅋㅋㅋㅋㅋㅋㅋㅋㅋㅋㅋㅋㅋㅋㅋㅋㅋㅋㅋㅋㅋㅋㅋㅋㅋㅋㅋㅋㅋㅋㅋㅋㅋㅋㅋㅋㅋㅋㅋㅋㅋㅋㅋㅋㅋㅋㅋㅋㅋㅋㅋㅋㅋㅋㅋㅋㅋㅋㅋㅋㅋㅋㅋㅋㅋㅋㅋㅋ미쳤냐구ㅋㅋㅋㅋㅋㅋㅋㅋㅋㅋㅋㅋㅋㅋㅋ ||| 방송만 봐도 유재석,김종국,지석진,하하가 이광수 아끼는거 보임. 사적으로도 친하던데 보기좋다.",예능
aLSDhmTQ160,"필승! 예스아이캖ㅎ,,, 웃음악령 구멍병사 박명수의 진짜사나이 레전드.zip ◕`ε´◕ ★내맘대로 십분순삭★ | 무한도전⏱오분순삭",오분순삭,나 오늘 기분니빴는데 이거 보고 풀렸네!!! ㅋㅋㅋㅋㅋㅋㅋㅋㅋㅋㅋㅋㅋㅋㅋㅋ ||| 군대에서 잘못 부활한 웃음 사망꾼ㅋㅋㅋㅋㅋㅋㅋㅋㅋ ||| 군대가면 저런 실수 누구나 한번씩은 합니다..근데..박명수처럼 혼자서 다 하진않아요.진짜 역대급 ||| Yes i can 참는 교관은 진짜 찐이다 ㅋㅋㅋㅋㅋㅋ ||| 진짜 사나이에서 박명수를 간절히 원했던 이유가 여기서 드러나네 ㅋㅋㅋㅋㅋ,예능
hYQ_BQMH1z0,"""형,,약주하셨어요??"" 취중텐션으로 무도에서 레전드 찍고가는 경규옹 ★예능총회★ | 무한도전⏱오분순삭",오분순삭,🖤무한도전 회차 정보 알리미🖤 무도레전드: 이경규 레전드 예능 총회 ✔462회 <예능 총회>편 ||| 이경규 ㄹㅇ 이 날 의자값 하고 갔음ㅋㅋㅋㅋㅋㅋㅋㅋㅋㅋㅋㅋㅋㅋㅋ 저 회차 MVPㅋㅋㅋㅋㅋㅋㅋ ||| 경규옹 개그 스탈 1.무례하게 보일 수는 있음 2.하지만 비판은 해도 비난은 하지 않음 3.비판한 상대방이 받아칠 여지를 만드심 4.받아치는 상대방에게 맞춰줍니다. 5.절대 상대방 기분나쁘게는 안함 6.확실히 개그에 대해서는 천재적임 ||| 이경규 출연료 높은거 이해가 됨 저 정도되는 예능인들 모아놨는데도 독보적이었음ㅋㅋㅋ 혼자서 n인분을 웃기는데ㅋㅋ 개그타율 미쳤음 ||| 진짜 이경규가 처음부터 끝까지 슈퍼하드캐리한 회차 ㅋㅋㅋㅋㅋㅋㅋㅋㅋㅋㅋ 원로 예능인의 짬밥과 위엄을 제대로 보여줌 ㅋㅋㅋㅋㅋㅋㅋㅋㅋㅋㅋㅋㅋㅋ,예능
aLSDhmTQ160,"필승! 예스아이캖ㅎ,,, 웃음악령 구멍병사 박명수의 진짜사나이 레전드.zip ◕`ε´◕ ★내맘대로 십분순삭★ | 무한도전⏱오분순삭",오분순삭,나 오늘 기분니빴는데 이거 보고 풀렸네!!! ㅋㅋㅋㅋㅋㅋㅋㅋㅋㅋㅋㅋㅋㅋㅋㅋ ||| 군대에서 잘못 부활한 웃음 사망꾼ㅋㅋㅋㅋㅋㅋㅋㅋㅋ ||| 군대가면 저런 실수 누구나 한번씩은 합니다..근데..박명수처럼 혼자서 다 하진않아요.진짜 역대급 ||| Yes i can 참는 교관은 진짜 찐이다 ㅋㅋㅋㅋㅋㅋ ||| 진짜 사나이에서 박명수를 간절히 원했던 이유가 여기서 드러나네 ㅋㅋㅋㅋㅋ,예능
a_sPEcwV5-o,700만 대추인! 2700만 주당들 보고 있나? 미친 말빨의 소유자 명수옹의 넘사벽 드립 대잔치-★  | 무한도전⏱오분순삭,오분순삭,👽무한도전 회차 정보 알리미👽 무도레전드: 박명수 드립 레전드 모음 ✔123회 <네 멋대로 해라 2 - PD 특공대 1> 편 ✔155회 <손에 손잡고 특집> 편 ✔204회 <자리분양 특집> 편 ✔352회 <무한도전 자유로 가요제 세 번째 이야기> 편 ✔408회 <유혹의 거인> 편 ✔433회 <세계로 가는 장학 퀴즈> 편 ✔446회 <생활 계획표> 편 ✔498회 <댄싱킹> 편 ✔503회 <우린 자연인이다> 편 주말 끝•••👋🏻 화요일에 봐요 ••• ||| 무도 볼때마다 느끼지만... 유재석이 기복 없이 항상 조율 잘 해주는 미드필더라면 박명수는 기복 심하고 화려한 스트라이커같음ㅋㅋㅋㅋㅋ 컨디션 좋을 때는 아무도 못따라감 ||| 박명수가 저렇게 화내도 막 싫거나 밉지 않은 건 약자강자 가릴 거 없이 그냥 화내서 인 거 같음ㅌㅋㅋㅋㅋㅋㅋㅋ ||| 선만두는 볼때마다 웃기다ㅋㅋㅋㅋㅋㅋㅋㅋㅋㅋㅋㅋㅋ ㅋㅋㅋㅋㅋㅋㅋㅋㅋㅋㅋㅋㅋㅋㅋ진짴 ㅋㅋㅋㅋㅋㅋㅋㅋㅋㅋㅋㅋㅋㅋㅋㅋㅋㅋㅋㅋㅋㅋㅋㅋㅋㅋㅋ ||| 중국산이야 드립은 진짜 천재적ㅌㅋㅋㅋㅋㅋㅋㅋㅋㅋㅋㅋㅋㅋㅋ,예능
ufgs00mKhZM,[무도 레전드] 모두가 미친 무한도전 특집 하이라이트 모음 ㅋㅋㅋ,어흥,이런것좀 안만들었으면...,예능
vCmn6kXkSZE,[선공개] 김성주를 들었다놨다 하는 붐! 역시 편애중계는 싸워야 제 맛!,MBCentertainment,힘내라 ㅋㅋㅋㅋㅋ아진쫘 ||| 개웃곀ㅋㅋㅋㅋㅋㅋㅋㅋㅋㅋㅋ김성주씨는 까여야(?) 제 맛ㅋㅋㅋㅋㅋㅋㅋㅋㅋ 아어가에선 성동일님이 저격수 ||| 김성주씨 일어날때 붐도  같이 일어나는게 웃겨요ㅋㅋㅋㅋㅋ ||| 같이 일어나주능거 너무 ㅋㅋㅋㅋㅋㅋㅋㅋㅋㅋㅋㅋㅋ ||| 진짜 붐 개웃기다 ㅋㅋㅋㅋㅋㅋㅋ,예능
slM14Bf-MRM,미추리 극한 몸개그 대방출!! 액션 훈민정음만 모음ㅋㅋ 《미추리 8-1000 시즌2 / 모았캐치 / 스브스캐치》,SBS Catch,미추리에서 강기영이랑 임수향 섭외는 신의한수였다 ㅋㅋㅋㅋ 개웃김 ||| 유재석도 대단ㅋㅋㅋㅋㅋㅋㅋㅋㅋㅋㅋㅋㅋㅋ ㅋㅋㅋ찰나의 순간에 살릴지 판단해서 땡이랑 딩동댕 적절히 쳐서 더재밋게 만들어냄 ||| 난 유재석이 손담비 탈락시키는게 왤케 웃기지 ㅋㅋㅋㅋㅋㅋㅋㅋㅋㅋㅋㅋㅋㅋㅋㅋㅋㅋㅋㅋㅋㅋㅋㅋㅋㅋㅋㅋㅋㅋㅋㅋㅋㅋ ||| 29:30 벨소리에 맞춰 춤추는겈ㅋㅋㅋㅋㅋㅋㅋㅋㅋㅋㅋㅋㅋㅋㅋㅋㅋㅋ이렇게 귀여우셔도 되는건가ㅋㅋㅋㅋㅋㅋㅋㅋㅋㅋㅋㅋㅋㅋ ||| 31:53 임수향 다하고 부끄러워서 몸마는거 작고 똥글똥글해 귀여워 ..,예능
E3yRxMGW4MA,"[미추리] '돌아온 미추리! 꿀잼 모음.zip' / 'Village Survival, the Eight 2' Special",SBS ,이렇게 여러사람들의 정신나간 상황을 잘이어가는건 유재석이 진짜 잘해... ||| 미추리 이멤버로 시즌 3해주세요ㅠㅜㅠㅜㅠ ||| 손담비가 기대이상ㅋㅋㅋ 표정에서 감정다나타남 ||| 장도연 사람한테 상처 안 줄려고 말 가려서 하는거 너무 좋다 개그도 피해 안 가게 선 지켜서 해서 그런지 부담없고 너무너무 재밌음 ||| 유재석 능력 : 사람 어느정도 모아놓고 시골 구석에 처박아 놓아도 거기있는 소품이나 상황으로 개꿀잼 만듦ㅋㅋ,예능
v0A6pLJtG4U,[하이라이트] 예능 짬밥 나오는 정선생의 IVORY,tvN D ENT,"정세운 요새 자주 하는 말버릇 ""좋았다"" 스스로 생각하기에 재치 있고 센스 있는 말을 했을 때 주로 나옴 ||| 몽가~ 조아따~!!!아이 보리 쌀~!!! ||| 세운이 재치 어쩔꺼야 ㅜㅜㅠㅜ 넘 좋아 ❤ ||| 조아따 ||| 조와따",예능
Favbv9CcpW8,마이클잭슨 레전드 무대,루루,안무를 떠나서 비율 ㅈㄴ 좋네 ㅋㅋㅋㅋㅋㅋㅋ ||| 저 헤어 스타일 지금 많이 하는 머리 아닌가 비율도 좋고 스타일이 너무 멋짐 ||| 30년전인게 소름이다 너무 세련됨 ||| 착장이며 머리며... 너무나도 미쳤다.... ||| 다시나올수없는 완벽한 아티스트,예능
f3wSYsaVDaI,모든 게 불리했던 상황에서 K.O승? 소년 만화같은 김동현VS 에릭 실바 경기 썰 #인생술집,디글 클래식 :Diggle Classic,인생의 전환점이였죠.. ||| 한혜진 정말 호응잘해준다. 저런 사람있으면 썰풀때 술술 잘풀림. ||| 아무도 동현이형 못 깐다 이건 인정 하자 웰터 6위 했던 형이야  전 매일 티비 앞에서 스피융 스피융 거리며 응원합니다 ㅋㅋ 화이팅 ||| 진짜 이렇게 강한 사람이 선하고 재미있는 사람이어서 다행이지.. 이런 사람이 일진에 사람 괴롭히고 불법적인 사람이었다면 끔찍하다. ||| 당시 에릭실바 ufc에서 겁나 밀어준 파이터 맞음 하지만 실력에 비해 과대평가되는 부분이 있지만 그래도 브라질에서 밀어주는 신예 이긴 김동현이 대단하지 ㅋㅋ 김동현 경기가 재미없다라고 하는데 김동현 입장에서는 자기 장점을 극대화시키는 전략을 쓴거니 충분히 이해가 됨. 화끈한 경기 한다고 그래플링 안하고 타격전으로 했으면 ufc에서 오래 경기하기 힘들었을듯,예능
BQLRz5Nf924,무한도전 메가커피버전 무야호? 미스터좈ㅋㅋ,이찬휘,무야호 개웃김ㅋㅋㅋㅋㅋㅋㅋㅋㅋㅋㅋㅋㅋㅋㅋㅋㅋㅋㅋㅋ ||| 아니 10년전 알래스카 편을 ㅋㅋㅋㅋㅋㅋㅋ ||| 무한도전 시즌 2가 나온줄알았어요! ||| 무야호~ ||| 무란도전에 노홍철이 없는게 귀엽기도 하네요..^_^,예능
5lq2iNpfzAk,190816 单刷BOSS 15s,Zlongame,,예능
ChdhwVXMkPM,"KBL 올스타 이관희, 전소민에 사랑의 총알 ‘예능감 충만’ 《Running Man》런닝맨 EP434",런닝맨 - 스브스 공식 채널,"솔로지옥 보고 온 사람 좋아요 눌러...!! ||| Even in the first appearance at Running Man, Gwanhee oppa has sense as an entertainter ||| 아ㅋㅋ관희형 예능감 살아있고ㅋㅋㅋ ||| 아니 이관희 진짜 잘생겼네ㅋㅋㅋㅋ ||| 앞에 멋있게 넣었는데 이관희 선수부터 안들어가는거 너무 웃기다 ㅋㅋㅋㅋㅋㅋㅋㅋㅋ",예능
UTitWO4Ibj0,[#윤식당2] 사람 보는 눈은 다 똑같나봐... 스페인 여심까지 저격해버리는 정유미 실물 찐반응ㅋㅋ |#다시보는윤식당 #Diggle,tvN D ENT,빵없냐는 저 아저씨.. 양식집가서 김치달라는 울아빠같네 ||| 윤식당3 내주세요 ㅠㅠ 너무 힐링됨 ㅠㅠㅠ 비슷한 서비스업종에서 일하는데 회의감 들거나 지치거나 힘들때마다 윤식당 돌려보면서 안정감을 찾아요.. 그래서 제발 시즌3좀.. ||| 저기 나오는 스페인 여자분도 엄청 우아하고 품위 있어보이는듯 ||| 정유미님 실제로보면 이목구비 엄청뚜렷함... 놀랫음... 최근 백상예술대상에서 공효진 수지 전도연이랑 같이찍은 사진보면.. 그것보다 실물이 더 진하심..겁나이쁨...ㄷㄷ ||| The young lady and her father were so kind and gracious. I love that they were open minded about trying a new cuisine.,예능
6jrh1ASX_Qs,"[미추리 시즌2] Ep.1 첫방기념 '꿀잼 클립 모음집' / 'Village Survival, the Eight 2' Review",SBS ,4:59 ㅋㅋㅋㅋㅋㅋㅋㅋㅋㅋㅋㅋㅋㅋㅋㅋㅋㅋ유재석 표정 나만 웃김??ㅋㅋㅋㅋㅋㅋㅋㅋㅋㅋㅋㅋㅋㅋㅋㅋ진짜 이 ㅅㄲ 뭐지 라는 표정이얔ㅋㅋㅋㅋㅋㅋㅋㅋㅋㅋㅋㅋㅋㅋㅋㅋㅋㅋㅋㅋㅋㅋㅋㅋㅋㅋㅋ ||| 11:17 ㅋㅋㅋㅋㅋㅋㅋㅋㅋㅋㅋㅋ 강기영 개웃기네 ㅋㅋㅋㅋㅋㅋㅋㅋㅋ 야!! 담비 아구창 맞았어!! ㅋㅋㅋㅋㅋㅋㅋㅋㅋㅋㅋㅋㅋㅋㅋㅋㅋㅋㅋㅋㅋㅋㅋㅋㅋㅋㅋㅋㅋㅋㅋㅋㅋㅋㅋㅋㅋㅋㅋㅋㅋㅋㅋㅋㅋㅋㅋㅋㅋㅋㅋㅋㅋㅋㅋㅋㅋㅋㅋㅋㅋㅋㅋㅋㅋㅋㅋㅋㅋㅋㅋㅋㅋㅋㅋㅋㅋㅋ ||| 진짜 오랜만에 볼만한 예능인듯..  예전 패떳 느낌도 좀 나고 멤버들 케미도 장난아니고.. 특히 장도연이랑 양세형 둘이 얘기할때 개웃김ㄴㅋㅋㅋㅋㅋ ||| 미추리 진짜 존잼인데 이 멤버 그대로 시즌3해주면 조케따 ㅠㅠ ||| 10:51 유재석님 반응속도 지리시네 저걸 손으로 막으시네,예능
GDiRMmx5Jk4,190904 IZ*ONE(아이즈원) - 9월초 예능 하이라이트 Cut,Duri - Ramyun,,예능
9_dfn02K8b0,[다시봐야지][무대FULL] ★고막 호강 목소리★아이유(IU)의 어깨 들썩이는 무대♥ #히든싱어2 #JTBC봐야지,JTBC Voyage,------ 플레이리스트 ♬  01:04~02:36 Boo 03:33~08:09 좋은 날 08:12~11:58 너랑 나 12:11~15:50 나만 몰랐던 이야기 ||| 아이유편은 너무 쉽다 아이유 음색 독보적 ||| 진짜 미친거 아니야ㅋㅋㅋㅋㅋ좋은 날에서 1 2 3 4듣고 5로 딱 넘어 가는데 ㄹㅇ독보적 아이유ㅋㅋㅋㅋㅋㅋ아니 개비교되잖아ㅋㅋㅋㅋ이게뭐야 ||| ㄹㅇ 이 편은 맞추는 맛으로 재밌는게 아니라 그냥 아이유 나와서 재밌었음ㅋㅋㅋㅋ ||| 아이유는... 사람들이 생각하는거보다 목소리가 두꺼움 호흡으로 둘러싸인 탄탄한 발성.... 그래서 한번에 알아 볼 수 있음,예능
C-iP4YDUPSU,★레전드 예능 탄생(?)★ 슈퍼주니어 대환장 커플게임 | 하이라이트 | 뮤직 라이브쇼 [히든트랙],룰루랄라 뮤직 - LuluLala Music,"❣<히든트랙> 슈퍼주니어 영상 조회수 이벤트!❣ 유튜브 룰루랄라 뮤직 채널 슈퍼주니어 'SUPER Clap' 무대영상, 조회수 100만뷰 달성 시! ▶ 'SUPER Clap' 무대영상 바로 보러가기 : https://youtu.be/cmteFRa34Ww  '규현/려욱/동해/시원' 셀카 원본을 공개합니다 :) (*행님라인은 다음주에 공개 예정! 많은 관심 부탁드립니다!) 👉룰루랄라 구독+좋아요는 필수! (꾸욱♥) ---------------------------------------------------------------------------------- ❣<Hidden Track> Super Junior video clip event!❣ When the number of 'Super Clap' video clip reaches out to over 1 million views, the original selfies of Super Junior(Kyuhyun/Ryewook/Donghae/Siwon) will be released at Lululala music channel. (*Other members will also be released next week.) ▶'SUPER Clap' link : https://youtu.be/cmteFRa34Ww  👉Lululala music is a music channel of JTBC's Digital Studio Lululala. Set up the subscription & alarm and be the first to meet the content of Lululala music ||| This clips of interview will all end with ""WE HAVE SHINDONG"" ||| Ryeowook's happy pill: Shindong ||| ㅋㅋㅋㅋㅋㅋㅋㅋ 원래 이런 예능 아니라면서욬ㅋㅋㅋㅋㅋㅋㅋㅋㅋㅋㅋ 전 원래 이러는줄 알았는뎈ㅋㅋㅋㅋㅋ 우리 오빠들이 특이한거였엍ㅋㅋㅋㅋㅋㅋㅋ ||| 슈주는 진짜 날방송이 최고예요 ㅋㅋㅋㅋㅋㅋㅋㅋㅋ 저 텐션 저 엠씨 아니면 누가 감당해 ㅋㅋㅋㅋㅋㅋㅋㅋㅋㅋㅋㅋㅋㅋㅋㅋㅋ",예능
UrklzPgPweA,(ENG/SPA) [#NJTTW] Mino × P.O - Best Chemistry & Hilarious Fight Moments | #MixClip | #Diggle,tvN D ENT,[#신서유기]  ※시간순삭※  신서유기 레전드 다시보기👑  ☞  https://www.youtube.com/playlist?list=PLTnyq-p4P5n2t5ocgTskF55bEAI-VwjD3 ||| 아 진짜 둘이 같은 팀으로 데뷔했었으면 진짜 난리도 아니였을듯 ㅋㅋㅋㅋㅋㅋㅋㅌㅋㅋㅋㅋㅋㅋㅋㅋㅋㅋㅋㅋㅋㅋㅋ ||| 나영석 섭외 센스에 감탄하고 갑니다.. ||| 3:04 뒷분 눈물 닦음 ㅅㅂㅋㅋㅋㅋㅋㅋㅋㅋㅋㅋㅋㅋㅋㅋㅋㅋㅋㅋㅋㅋㅋㅋㅋㅋㅋㅋㅋㅋㅋㅋㅋㅋㅋㅋㅋㅋㅋㅋㅋㅋㅋㅋㅋㅋㅋㅋㅋ ||| 0:49 은지원ㅋㅋㅋㅋㅋㅋㅋ 처음엔 그렇게 안웃겼는데 이수근이랑 눈 마주치니까 개 빵터짐 ㅅㅂㅋㅋㅋㅋㅋㅋㅋ 아 진심 개웃겨서 계속 돌려보는 중,예능
WTPFV6hbykg,"[12月의 무도] 누가 커플 소리를 내었는가? 짐은 솔로니라. ""쓸친소 특집1"" infinite challenge",올끌 (All of MBClassic),16:32 오랜만에 맡는 사람내음 저리도 좋을까... 애잔하게 지켜보는 초대손님 상렬 ㅋㅋㅋㅋㅋㅋㅋㅋㅋㅋㅋㅋㅋㅋㅋㅋㅋㅋㅋㅋㅋㅋㅋㅋㅋㅋㅋㅋㅋㅋㅋㅋㅋㅋ ||| 5:01 좋다.. 난 이거진짜 십레전드아님? ㅋㅋㅋㅋㅋㅋㅋㅋㅋㄱㅋㅋ ||| 백프로 네 재산을 노리는거얔ㅋㅋㅋㅋㅋㅋㅋㅌㅋㅌㅋㅋㅋㅋㅋㅋㅋ 유재석 은근히 남자 외모에 칼같음ㅌㅋㅋㅋ ||| 5:00 좋다....난 ㅋㅋㅋㅋㅋㅋㅋㅋㅋㅋ ||| 지상렬 ㅋㅋㅋㅋㅋ 진짜 올타임레전드 ㅋㅋㅋㅋ,예능
-NPVqJC-MOk,[무도 레전드]  미친 무한도전 패드립 특집 하이라이트 모음 ㅋㅋㅋ,어흥,영상을처올리던가 브금도 ㅈ같고 집중하나도안됌 ||| 댓글이 없는데다가 싫어요만 2개야ㅠ 좋아요가없어ㅜㅠ ||| 싫어요 투척,예능
LaVMyGk4i7o,마치 CF의 한 장면 같은 ′박태환(Park Tae－hwan)′의 수영 시범 (현실 감탄!) 위대한 운동장 － SKY 머슬(skymuscle) 1회,JTBC Entertainment,자유형은 진짜 물을 가르네 지렷다.. 물한번 잡는데 쭉쭉 나가네 ||| 수영을 배워본분이라면 지금 이동영상보면 그저 와! 소리가 절로 나오지요. 수영 안해보신분은 그저 잘하는갑다. 하지만 해본분은 저 동작들이 얼마나 훈련을 통해 다듬어졌는지 아실겁니다. ||| 엄청난 서양선수 근력과 발크기.....쑨양도 마찬가지지만 이걸 이겨내고 올림픽 세계선수권 대회에서 금메달을 가져온 박태환이 최고인거 같습니다. ||| 모든 영법이 아름답다 .   박태환은 모든 영법 폼이 좋음 ||| 역시 ...수영하는 사람들에게 심장이 두근거리는 영상,예능
VOqnA6My294,"[뜨형] 소개팅 하러 나온거 맞죠? ""아바타 소개팅 3부"" 안지은, 이시우",올끌 (All of MBClassic),3:12 아뇨 부산사람이에요 ㅋㅋㅋ 아 이거 왤케 웃기냨ㅋㅋㅋㅋㅋㅋㅋㅋㅋㅋㅋㅋㅋㅋㅋㅋㅋㅋㅋ ||| 9:11 쌍화차 드립은 진심 터졌었는데ㅋㅋㅋ ||| 지금 이거  다시하면 진짜 뜬다..진짜 웃겨 ||| ㅋㅋㅋ박휘순 진짜 방송인이다 상황실 오자마자 질색할정돈데 말 무조건 잘듣네 ||| 박휘순 존나 웃기넼ㅋㅋㅋㅋㅋ,예능
bZ2YkTDfdlA,국민 영웅 '박항서' 감독에 대한 생각은?! (ft. 안정환의 기습 폭로),MBCentertainment,저렇게 코치님이었던 분을 놀릴 수 있다는 것도 코치로서 선수들을 어떻게 대했었는지 딱 나오네 ㅋㅋㅋ 얼마나 친근한 코치였을지 박감독님이 ㅋㅋㅋㅋ ||| 진짜 감독하기엔 너무 아까운 예능 원석이다 ||| 이건 진짜 친하니까 할수 있는말이다. 혹시라도  오해할 수도 있어서 조심해야 하는 관계라면 절대 저렇게 말 못한다. 진짜 서로 믿으니까 맘놓고 하는거지 ||| 오늘의명언 “나는..나는.. 내 근처에도 오지 않았어 ||| 최용수 감독님 원래 농담 잘하심. 안 그렇게 생기셨는데 농담을 많이 던지심 ㅎㅎㅎ,예능
AqY2-LA7R1Y,신예영이 '우리 왜 헤어져야 해'를 찐라이브로 부르면 생기는 일,오드리,그런 말 하지마 이부분 개좋음 ||| 하지마~ 하면서 음내리는 거 진짜 깔끔하다 ||| 이거 몇명이 조용히 듣고 있는거야 ㅋㅋㅋㅋㅋㄱㅋ 술집에서 초롱초롱한눈으로 감상하고 있을거 생각하니까 개웃기넼ㅋㅋㅋㅋㅋ ||| 이런 거 볼때마다 박진영 그 찡그리면서 노래하는건 발성이 잘못된거다 하는 짤 생각남 ㅋㅋㅋㅋㅋㅋㅋㅋㅋㅋ ||| 마지막 인사까지 완벽하네,예능
KrkLY88LAOI,"[라디오스타] ""저는 총선에 출마하지 않겠습니다."" '김흥국&김태원' 1편",올끌 (All of MBClassic),봐도봐도 질리지가않네ㅋㅋㅋ  아저씨들 그냥 투다리에서 노가리까는거같은 느낌  개웃곀ㅋㅋ ||| 젠장! 또 와버렸잖아 ||| 1:45 공중파에서 한국의 지미핸드릭스 엮어서 마약드립 치는건 레전드 아니냐 ㅋㅋㅋㅋㅋㅋㅋㅋㅋㅋㅋㅋㅋㅋㅋㅋㅋ ||| 질리지도 않고 아무 생각 없이  걍 웃고 싶을때 보는 영상ㅋㅋㅋㅋㅋㅋㅋ ||| 진짜 백번은 봤습니다.. 진짜 예능의 바이블 같은...ㅋㅋ김흥국 선생님 최고.. 눈물납니다 ㅜㅜ 15년이 지났는데 ㅋㅋ,예능
r3zz0dhAeok,[스타 타임캡슐] 다시뭉친 원조 망나니돌 핑클! 커뮤 예능 레전드짤 원본모음ㅋㅋㅋ #피고름피 #이효리숙취인터뷰 #성유리훌라후프 #성유리등,스브스 예능맛집,이효리자는데 다들 아무렇지 않게 촬영하는거 개웃겨 ㅋㅋㅋㅋㅋ ||| 비글도 아니고 망나니돌 ㅋㅋㅋㅋㅋㅋㅋㅋㅋㅋㅋㅋㅋㅋㅋㅋㅋ ||| 4:17 비밀인데 왜 물어보세욬ㅋㅋㅋㅋㅋㅋㅋ성유리 조곤조곤 할말다하는데 다 맞는말ㅋㅋㅋ ||| ㅋㅋㅋ캠핑클럽에서 이효리가 너무 솔직해서 안맞았다 이런 소리 했는데 나머지 멤버분들도 만만치 않았던거 같다ㅋㅋㅋㅋㅋㅋㅋㅋ ||| 너무 솔직해서 소속사 사장님도 포기한 핑클 너무좋아,예능
OnIwUXLIGbY,[예능맛ZIP/런닝맨] 어제자 런닝맨보고 감명받아서 만든 웃음 참기 모음.ZIP / Runningman,스브스 예능맛집,저는 청년 왕코부터 터졌습니다.... ||| 왜 보는 나까지 웃음참고 보는거냐궄ㅋㅋㅋㅋㅋㅋㅋㅋㅋㅋㅋㅋㅋㅋㅋㅋㅋㅋㅋㅋㅋㅋㅋㅋㅋㅋㅋㅋㅋㅋㅋㅋㅋ ||| 아니 한기범 선수 모기송 진짜ㅋㅋㅋㅋㅋㅋㅋㅋㅋㅋㅋㅋㅋ갑자기 튀어나와서 엄청 웃었다구욬ㅋㅋㅋㅋㅋㅋㅋㅋㅋㅋㅋㅋㅋㅋㅋ최애인 모기송을 저렇게 불러주시다닠ㅋㅋㅋㅋㅋㅋ ||| 아닠ㅋㅋㅋㅋㅋㅋㅋㅋㅋㅋㅋㅋㅋㅋㅋㅋㅋㅋㅋㅋㅋㅋㅋ근데 조세호는 멤버도아닌데 왜 웃긴사진보여주는거얔ㅋㅋㅋㅋㅋㅋㅋㅋㅋㅋㅋㅋㅋㅋㅋㅋㅋㅋㅋㅋㅋㅋㅌㅌ ||| 9:44 맨날 계속 참다가 여기 광수 목소리에서 터짐ㅋㅋㅋㅋㅋㅋㅋㅋ 세상 서럽고 애처로웤ㅋㅋㅋㅋ,예능
WJKF9QjU06o,[핑클 예능모음 1탄] 세기말 대한민국을 뒤흔들었던 그녀들! 이효리 성유리 이진 옥주현,KBS Entertain: 깔깔티비,이효리 얌전하게 말하는거 왜케 웃기지 ㅋㅋㅋㅋㅋ 최대한 얌전하게 말하려고 노력하는거 같네 ||| 어머머머... 이진 미모봐. 완전 상큼하니 개이뻐. ||| 진짜 핑글은 극한 예능에 많이 나왔구나ㅠ 그래서 이효리가 효리네민박에서도 뭔가 해야 된다고 하군아ㅠ 짠해ㅠ ||| 우와 이진언니 진짜 이쁘다 01:50 ||| 다른 걸그룹은 신비주의라 예능도 잘 안나오고 나와도 토크쇼 정도만 나왔던거 같은게 핑클은 농촌체험에 번지점프 구멍난 보트로 한강 건너기 등등 진짜 고생 많이 했던거 같아요ㅠㅠ,예능
l04IXC4DLLA,실제 서열 7위 아재 진 예능 모음 / 바쁘신 분들 위해서 조금 줄였어요 !,토끼전정국,,예능
pJa56d2hAHE,쟁반노래방 #3 [17년 전 핑클의  완전체 예능],KBS Entertain: 깔깔티비,보통 걸그룹 나와서 기부하라고 그러면 기쁜 마음으로 한다고 하는데 핑클은 누가봐도 하기 싫은 표정ㅋㅋㅋㅋㅋㅋㅋㅋㅋㅋㅋㅋㅋㅋㅋㅋㅋㅋㅋㅋㅋㅋㅋㅋㅋㅋ 예능 진짜 잘한다 ||| ㅋㅋㅋㅋㅋㅋ 왜 비글들이라 했는지 진짜 ㅋㅋㅋ 무슨 핑클 매영상마다 말을 겁네 안들어 ㅋㅋㅋㅋ 귀엽ㅋㅋㅋㅋㅋ ||| 언니들 전반적으로 껄렁해 ㅋㅋㅋㅋㅋㅋㅋㅋㅋㅋㅋ 너무 좋아 ㅋㅋㅋㅋㅋㅋㅋㅋ ||| 신동엽 얘기 안 듣는 거 졸라 웃김ㅋㅋㅋㅋㅋㅋㅋ ||| 이쁜 척 귀여운 척 표정 짓는 요즘 아이돌만 보다가 너무 새롭다 ㅋㅋ 표정말투에 신경 안쓰고 과한 리액션 안하고 미션에만 집중하는게 더 보기 좋다 ㅋㅋㅋ,예능
DnZAuyS7BsE,[영상발굴단] '양준일' SBS 희귀 예능 모음..시대를 앞지른 가수 2탄(고화질),SBS 옛날 예능 - 빽능,"양준일형 응원하는사람 손들어라♥ 공중파든 케이블이든 준일이형 왜 방송안하냐? 다큐든 예능이든 어서 TV에서 볼수있게 만들어줘!!!!!!!!!!!!!!!!!!! 팬들이 준일이형을 지켜주지 못하면 기획사도 형을 지켜줄수없다라는 그말... 형  징짜 찐이다 나 42딸둘아빠 둘다 고딩 형 나 형 옛날에도 사랑했었어 마이클잭슨 느낌나서 형조아했었어 형 다시는 어디가지마러 우리같이 오래보자 사랑해 양준일형~♥ ||| 양준일님은 너무 착하고,    철학이  있고 속이 깊은 사람입니다.     이방인이라는  편견과  배타적  생각을 가진  사람들  몇몇이,   무심코  던진  말들은   평생  씻을 수 없는  상처를 주기도 하니까,   서로  배려하고,   소중하게    아껴   줍시다. ||| 이쁘다고  하는거에 대해서 다들 기분 나쁜듯이 무뚝뚝하게 대답하는데 양준일 혼자 부끄러워 하면서 이쁜거 인정함 ㅋㅋㅋㅋ ||| 양준일이 여자 같다니 ㅋㅋㅋ저시절 얼마나  더 남자 여자 딱 정해져있는지 느껴지는데 이쁘다 하니 다른 게스트 다 정색빠는데 혼자 수줍게 웃으면서 많이 들었다하는 거 진짜 ㅋㅋ귀엽자나 ㅠㅠ 사상도 30년 보다 훨씬 앞섰다 ㅋㅋㅋㅋ 진짜 10분대 옷이 너무 너무 이뻐서 지금 당장 런웨이나 무대 올라가도 될 옷인듯 ..ㅋㅋ",예능
YDWvxh0vSyY,젠득이의 시골 일상♡ 미추리 시즌1 제니 액기스 모음!! (1~6회 분량 Full 압축) 《어덕행덕 / 미추리 8-1000 / 스브스캐치》,SBS Catch,젠득이의 시골 일상이 가득 담긴 미추리 시즌1 제니 액기스 모음입니다! ||| 제니는 어른이 애교를 부리는 느낌이 아니라 정말 아기가 아기 말을 하는 느낌이라... 페이스가 정말 리터럴리 아기얼굴ㅠㅜ 귀여워...... ||| 다들 제니 엄청 귀여워한다ㅋㅋㅋㅋㅋ 특히 김상호님이 제니를 보는 눈빛이 애교많은 손녀를 흐뭇하게 보는 할아버지 같음 ||| 그냥 제니 자체가 너무 귀여워서 사람들 귀엽다고 하는 부분이 다 달라 ㅋㅋㅋㅋㅋㅋㅋㅋㅋㅋㅋㅋㅋㅋㅋㅋ ||| 제니 웃는 거 진짜 예쁘다…다 시들어가는 꽃도 다시 살릴 미소다,예능
5Z1_Jqy8YQ8,[스타 타임캡슐] 핑클도 같이 본 핑클 레전드 예능짤모음 2탄!!ㅋㅋㅋ  #혀준 #성유리가슴몰이,스브스 예능맛집,보면 성유리가 이효리 말 제일 잘 받아쳐ㅋㅋㅋ ||| 미친.. 드디어 떡친다 나왔다 ㅋㅋㅋㅋㅋㅋㅋㅋ 걸그룹 역대급 드립 등판이오 ㅋㅋㅋㅋㅋㅋ ||| 떡친다에서 옥언니 혼자 동공 지진이고 나머지는 해맑아 ㅠㅠㅠㅠㅋㅋㅋㅋㅋㅋㅋ ||| 진짜 핑클은 티키타카 ㅈㄴ잘햌ㅋㅋㅋㅋㅋㅋㅋㅋㅋㅋㅋㅋ자기딜당하면 그대로 갚아줌 ||| 스무한두살 걸그룹이 이럴수 있냐고 ㅋㅋㅋㅋㅋㅋㅋㅋㅋㅋㅋㅋㅋ 아 진짜 ㅋㅋㅋㅋㅋ비글들 진짜 ㅋㅋㅋㅋㅋㅋ,예능
gr4VL7KCPDQ,(예능레전드) 이수근 강호동 김희철 미친 드립모음 2,훗까시,구독과 좋아요는 큰 힘이 됩니다... 감사합니다.. ||| 이수근은 도박한건 욕먹어도 싸지만 이렇게 예능에서 웃기는건 진짜 천재적인 재능이 있다 ||| 4:30 천재얔ㅋㅋㅋㅋㅋㅋㅋㅋㅋㅋㅋㅋㅋㅋㅋㅋㅋㅋㅋㅋㅋㅋㅋㅋㅋㅋㅋㅋㅋㅋㅋㅋ진짜 개그맨들 다 천재인듯 ㅋㅋㅋㅋㅋㅋㅋㅋ ||| 경리 ㅋㅋㅋㅋㅋ 낮이고 밤이고  따지지 않는데 ㅋㅋㅋㅋㅋㅋ  겁나 웃기넼ㅋㅋㅋㅋ ||| 나방 이거 놔방 이거 나만 웃김?ㅋㅎㅋㅎㅎㅋㅎㅋㅎㅋㅎㅋㅎㅋㅎㅎㅋㅋㅎ,예능
1OUmR5N7ijY,미추리 사기캐 송강!! 남신 비주얼+미친 예능감 액기스 모음 1편!! 《미추리 8-1000 / 모았캐치 / 스브스캐치》,SBS Catch,차은우가 잘생긴 천사느낌이면 송강은 잘생긴 악마느낌 ||| 2:18 쪽파에요 담비씨 쪽팔린줄아세욬ㅋㅋㅋㅋㅋㅋㅋㅋㅋㅋㅋ ||| 송강 신서유기 투입하자 ||| 3:18 에 제니가 뜨거워서 인상 찌푸리고 있다가 장도연씨 말에 웃겨서 웃는 거 진짜 귀엽닼ㅋㅎㅋㅎㅋㅋㅋㅋ ||| 얼굴보고 시크한 왕자느낌일 줄 알았는데 잘생긴 또라이네 ㅋㅋㅋㅋㅋㅋ,예능
o9VJQOEHy4U,예능돌 슈퍼주니어 예능 레전드 모음 1,블랙수트입은슈주,마피아 질문이 계속 들어와서 아래 링크로 확인해주세요! ⬇⬇⬇ 마피아게임 HD Full 버전 https://youtu.be/ar3Bx6lm1pk ||| 규현 ㅋㅋㅋㅋㅋㄱㅋ앀ㅋㅋㅋㅋㅋㅋ 엑소로 들어가라니까 좋댄닼ㅋㄱㅋㄱㅋㄱㅋㄱㅋㄱㅋㄱㅋㅋㅋㅋㅋㅋㅋ ||| 01:27 아닠ㅋㅋㅋㅋㅋㅋㅋ 이동해 진짜 귀여워서 어쩌냨ㅋㅋㅋㅋㅋㅋㅋㅋㅋㅋㅋㅋㅋ 말 나오고 나서 웃으면서 아니라고 하는데 ㅋㅋㅋㅋㅋㅋㅋ 규현이가 장난으로 약간 정색하면서 말하니깐 얼굴 싹 굳어서 심각해하는 거봐 ㅋㅋㅋㅋㅋㅋ ㅠㅠㅠㅠㅠㅠ 진짜 너무 귀여워 ㅠㅠ 애기야 진짜 ㅠ ||| 아진짜 이동해 예능 해야돼ㅋㅋㅋㅋㅋㅋㅋㅋㅋㅋㅋㅋㅋ대본 있는거 말고 진짜 리얼예능 해야됔ㅋㅋㅋㅋㅋㅋㅋㅋㅋㅋㅋㅋ ||| 1:06 고맙다고 해야지...?ㅋㅋㅋㅋㅋㅋㅋㅋㅋㅋㅋㅋㅋㅋㅋㅋㅋㅋㅋ,예능
qHMZcBbuZuY,레전드 예능 [패밀리가떴다] '대성(Dae Sung) X 유재석(Yoo Jae Suk) 덤앤더머의 아침준비' 편 / 'Family Outing' Review,SBS ,power 듣다가 여기까지 왔다 ||| 일요일 저녁엔 1부 SBS 패떳보고 2부 KBS 1박2일 이 루틴이 국룰이였음 ㅋㅋㅋㅋㅋ ||| 우리 할머니가 이 방송 보시면서 아이고 멸치 두마리로 뭔 육수를 낸다고 하냐며 배꼽잡고 웃으셨는데 보고싶네...할머니 ||| 와 이거 진짜 오랜만이다ㅠㅠ 초딩 때 봤던건데 멤버들 음식만들때 몰래몰래 라면수프넣고ㅋㅋㅋ 아침마다 유재석이 퀴즈(?)내고 추억이네용... ||| 덤앤더머ㅋㅋ아침준비ㅋㅋㅋ 라면 끓이는 맹물에 멸치 두마리 넣고 맛 보는데 무슨 바다의향이난데ㅋㅋㅋ미친ㅋㅋ 패떴은 다시봐도 재미있네~,예능
UvQEWk_Aa4k,막내 이서진의 임기응변+영어실력 모음.zip✨ (ft. 놀라 자빠지는 나PD)  | 꽃보다할배,tvN D ENT,"정말 꽃보다할배는 이서진 섭외가 신의 한수였어요. .어쩜 저렇게 빠르게 일처리를 하는지.. 대단하다 느낄때가 많았어요 시청할때. 이서진씨 지금도 멋지지만 꽃할배때 참 더 멋지셨다는.. 그 검정색 티셔츠 입고 신구쌤 배웅할때 그때 정말 멋져서 계속 돌려봤던 기억이 있네요. ||| 영어 잘하는 사람은 많음ㅡ이서진은 일처리능력 상황장악력,이해력,논리력 거기에 영어까지 ||| 방 열쇠 다시 가져다주러 와야 되는거 묻는거 보고 진짜 경험많고 상황판단하는거 빠르구나 느낌 ||| 진짜 힘들었을텐데 막힘없이 잘 해서 멋지고 재밌게 봤던 예능이었는데 벌써 세월이 이렇게 됐네....😢 ||| 어른들 모시고 어디 낯선곳에서 본인이 다 알아서 챙기고 상황체크 다 해가면서 더구나 외국어를 써야하는 지역에서 저렇게 책임감있게 침착하게 한다는건 참 대단한거라고 생각해요 당황하고 안절부절 하는게 보통이잖아요 아무리 말이 잘 통하는 곳에서도 짜증도 나구요 방송이긴 하지만 여튼 아무리 영어를 쓴다고해도 미국영어에 익숙하다면 다른나라 말투 알아듣는게 불편함이 있는게 보통인데 이서진씨는 편안해보이네요 영어가 그만큼 수준에 오른거겠죠 혹은 경험이 많던가요 다른스탭의 도움을 받았는진 몰라도 장면으로 봐선 참 멋집니다!",예능
UrklzPgPweA,(ENG/SPA) [#NJTTW] Mino × P.O - Best Chemistry & Hilarious Fight Moments | #MixClip | #Diggle,tvN D ENT,[#신서유기]  ※시간순삭※  신서유기 레전드 다시보기👑  ☞  https://www.youtube.com/playlist?list=PLTnyq-p4P5n2t5ocgTskF55bEAI-VwjD3 ||| 아 진짜 둘이 같은 팀으로 데뷔했었으면 진짜 난리도 아니였을듯 ㅋㅋㅋㅋㅋㅋㅋㅌㅋㅋㅋㅋㅋㅋㅋㅋㅋㅋㅋㅋㅋㅋㅋ ||| 나영석 섭외 센스에 감탄하고 갑니다.. ||| 3:04 뒷분 눈물 닦음 ㅅㅂㅋㅋㅋㅋㅋㅋㅋㅋㅋㅋㅋㅋㅋㅋㅋㅋㅋㅋㅋㅋㅋㅋㅋㅋㅋㅋㅋㅋㅋㅋㅋㅋㅋㅋㅋㅋㅋㅋㅋㅋㅋㅋㅋㅋㅋㅋㅋ ||| 0:49 은지원ㅋㅋㅋㅋㅋㅋㅋ 처음엔 그렇게 안웃겼는데 이수근이랑 눈 마주치니까 개 빵터짐 ㅅㅂㅋㅋㅋㅋㅋㅋㅋ 아 진심 개웃겨서 계속 돌려보는 중,예능
BZ3niq5ZHMU,[예능맛ZIP/집사부일체] 나긋~한 이영애 사부님과의 첫만남부터 저녁준비까지! / Master in the House,스브스 예능맛집,이영애야 말로 결혼하면 집 공개도 안하고 애들 공개도 안하고 연기도 안할줄 알았는데 다 너무 편하게 함 소리소문도 없이 잘 살고 본업도 놓지 않는 와중에 점점 아름다워짐...... ||| 그냥 인종이 다른것 같다..  진짜 미모는 대한민국 탑은 맞는것 같음... ||| 와 진짜....... 얼굴에 후광이 이런거구나 .........연예인중 연예인 천상계 같네 ||| 진짜 세상 젤 예뻐... 말도 안돼.. ||| 진짜 우아하고 기품있고 세련된 분위기... 그냥 뭔가 멋있는 사람같음....👍👍👍 진짜 청순 동양미...,예능
-9ZB4n9JoQo,"[엠돌핀] ""나 깡패 아니다. 나도 예능 나오고 춤도 추고 살고 그런다."" 사나이 곽철용이 예능에서 활약했던 시절",MBCentertainment,술도 안 되고 밤샘도 안 되고... 간 안에 차두리가 있다 이게 내 결론이다 ||| 한참 후배들앞에서도 웃으며 진진바리진진바리 하는 윾쾌한 남자 곽철용...갖고싶다 ||| 고준희도 거절하는 화란 밖에 모르는 이 시대의 순정마초 곽철용.. ||| 진짜 사람인생 모른다..ㅋㅋㅋㅋㅋ 십년도 더 전에 찍은 영화 조연역할 때문에 이렇게 인기를 얻다니 ||| 재석아 나도 진진바리가 있다 근데 니가 자구 이런식으로 나오며는 마! 나도 그땐 찐찐바리가 되는거야 임마,예능
uO4Ji_sZjec,예능 투톱의 티키타카! 양세형X장도연 미추리 레전드 활약상 모음《미추리 8-1000 / 모았캐치 / 스브스캐치》,SBS Catch,예능 투톱의 티키타카! 양세형X장도연의 미추리 레전드 활약상 모음입니다. ||| 장도연님 정말 남한테 상처주는 말 안 하면서 개그 하시는 거 너무 멋지고 대단하시다 ||| 장도연 성격 진짜 좋다 ㅋㅋㅋㅋㅋ 다 받아주고 주변 사람을 진짜 편하게 해준다 ㅋㅋㅋㅋ 둘이 원래 친해서 그런지 죽이 아주 척척 맞아 ㅋㅋ🤣 ||| 12:45 양세형 잘하네 센스 쩐다 ㅋㅋㅋㅋ 장도연 너무 시켜서 힘들까봐 저런 장난도 치고 ||| 손담비가 장도연 갈굴 때 양세형이 은근 커버쳐줌. 아침 댓바람 퀴즈할 때도 장도연이 여기 좀 만져봐 드립 쳤는데 소화안돼서 손바닥 만져줘야된다고 수습하고 장도연은 나만 놀린다,예능
0feaWA_2yWI,레전드 예능 [패밀리가 떴다] 효장금(Lee Hyo-ri) Vs 차주부(Cha Seung-won) 조식 대첩 / 'Family Outing' Review,SBS ,종국: 효리 눈치를 왜 보는거같은데요?  승원: 그냥 나도 모르게 봐 ||| 11:30 넌 남 칭찬을 잘 안하는 애구나ㅋㅋㅋㅋㅋ ㅋㅋㅋㅋㅋㅋㅋㅋㅋㅋㅋㅋㅋ ||| ㅋㄱㄱㄱㄱㅋㄱㅋㅋㅋ김종국이  세 명중에 제일 순함ㅋㄱㄱㅋㅋㅋㄱㅋ무엇ㅋㄱㄱ ||| ㅋㅋㅋㅋㅋㅋㅋㅋㅋㅋㅋㅋㅋㅋㅋ김국종 둘사이에서 개까이고 애들한테 화풀이하면서 나와!!!!!! 개웃겨 ||| 저 둘은 그 이후 효리네민박과 삼시세끼로 jtbc tvN 역대 예능 최고 시청률 찍는데..,예능
IcAKZRyIOPQ,[예능맛ZIP/런닝맨] 배신 모먼트 모음.ZIP / Runningman,스브스 예능맛집,광수형이 레전드지 ㅋㅋㅋㅋㅋㅋㅋ 10년동안 배신의끈을 잃지않는ㅋㅋ ||| 런닝맨은 배신이 많은데 나중에 다 사이좋게 지내서 너무 웃김 ㅋㅋㅋㅋㅋ 이래서 좋아해 ||| 광수는 배신컨셉이라도 현실에선 착하고 예의도 바른걸 알기에 밉지가 않고 그냥 배신해줬으면 좋겠음 꿀잼ㅋㅋ 딴 연예인이 이정도로 배신하면 비난받을만 한데 광수는 그냥 방송으로 재밌게 보게됨 ||| 0:49 유재석이 전소민 향해 손 펼치니까 하이파이브 하자는 줄 알고 손 준비했는데 안 쳐줘서 그냥 머리 옆에 손 대고 있는데 유재석도 같이 머리 옆에 손 댐 ㅋㅋㅋㅋㅋㅋㅋㅎ ||| 5:45 아니 유재석 품에 있는 라이언 개귀엽네 ㅋㅋㅋㅋㅋㅋㅋㅋㅋㅋㅋㅋㅋㅋㅋㅋㅋㅋㅋㅋㅋㅋㅋㅋ,예능
tGD1bxj2Rok,예능 신생아 #열혈_배우들의 미친 예능감 모음 1편.zip 《모았캐치 / 우리는 열혈사이다 / 스브스캐치》,SBS Catch,캐스팅도 좋지만 많은 비중의 대본이 아니라 배우들이 애드립할수있게 열어준게 신의 한수인듯.... ||| 김남길 얼굴 실화냐??? 넘 잘생기고 재치있고 목소리 좋고 입담 좋고....예능에 자주좀 나와요!! ||| 김남길 돌려차기할때 저 다리길이 포즈 완벽해~너무 잘생겼어ㅠㅠ 너무좋아ㅠㅠ ||| 11:41 형놀리기 신난 동생들ㅋㅋㅋㅋㅋㅋㅋㅋㅋㅋㅋㅋㅋㅋㅋ 아 김남길 너무 좋다 개인적으로 그동안 맡았던 김남길 캐릭터 중에 열혈사제가 가장 실제 김남길 성격하고 비슷한거 같다는 생각이 듬 그동안 너무 무겁고 진지한 역할만 해서 실제 성격은 비글미 넘치고 멍충미 넘치는 깨발랄한 캐릭터인데 그런 모습이 안보여서 너무 안타까웠는데 열혈사제에서 너무 잘 보인거 같음 ㅋㅋㅋㅋㅋ ||| 김남길 너무 잘생겼어ㅠㅠㅠ 빨리 시즌 2 나와라ㅠㅠ,예능
yDB8orfSJb4,[예능맛ZIP/런닝맨] 유재석X이광수 환상 케미 모음.ZIP 2탄 / Runningman,스브스 예능맛집,"🍀여러분 회차정보왔습니다아~~~!🍀   넌 그냥 선빈이 남친 471회 좀비댄스 277회 경사났네~ 441회 형이 하라매요! 472회 들어가 있으라고 424회 재석이의 연애코칭 416회 ||| 광수 0  0  이 표정 너무 좋음 ㅋㅋㅋㅋㅋㅋㅋㅋㅋ          ㅣ          ㅇ ||| 유재석이 이광수 볼때 흐뭇해하면서 아끼는거보면 이광수 볼 수록 정말 때묻지않은 뭔가있음..  예의도바르고.. ||| 6:34 진짜 개잘맞아ㅋㅋㅋㅋㅋㅋㅋㅋㅋㅋㅋㅋㅋㅋㅋㅋㅋㅋㅋㅋㅋㅋㅋㅋㅋㅋㅋㅋㅋㅋㅋㅋㅋㅋㅋㅋㅋㅋㅋㅋㅋㅋㅋㅋㅋㅋㅋㅋㅋㅋㅋㅋㅋㅋㅋㅋㅋㅋㅋㅋㅋㅋㅋㅋㅋㅋㅋㅋㅋ미쳤냐구ㅋㅋㅋㅋㅋㅋㅋㅋㅋㅋㅋㅋㅋㅋㅋ ||| 방송만 봐도 유재석,김종국,지석진,하하가 이광수 아끼는거 보임. 사적으로도 친하던데 보기좋다.",예능
TiGeKj-cVBY,[예능맛.ZIP/리틀포레스트] 제 잇몸 바짝 말랐는데요..?힐링 모음 보고가세요 / Little Forest,스브스 예능맛집,"여기 나오는 애기들 다 순한편이라 더 귀여운듯 그중에 유진이 볼살 내 씹덕포인트야ㅋㅋ ||| 브룩이랑 이서진 케미가 제일 힐링되는 느낌이라 너무 좋다 ||| 7:48 “너 아까 블루베리먹지 않았니?, 나무하나 다 따먹었는데”ㅋㅋㅋㅋㅋㅋ ||| 이서진이 브룩 많이 챙기는거 너무 보기 좋다 ㅠㅠㅠ 주말에 삼촌이 조카랑 휴가보내는거 같앵......평화로워 ||| 아이들 다 정말 귀여워 아이들 원래 좋아하지만 이 프로 보고 더 좋아짐 승기삼촌에게 이한이랑 이현이랑 폭 안길때 진짜 감동 이한이가 다른 아이들과 나이차이가 좀 나서 어울리기 힘들 수 있는데 승기삼촌이 친구역할까지 잘 해주는듯 하네요",예능
v3a-VttH9L4,[DJ티비씨] ♨너무 좋아♨핏대미남 케이윌의 예능 속 명곡 모아듣기♡ #JTBC봐야지,JTBC Voyage,나만 케이윌이 잘생겨보인게 아니었어 ...다 그랬어 .. ||| 케이윌은 꾹 눌러서 터트리는 그런 고음이 너무 멋있는거 같다 ||| 케이윌은 거의 모창자들도 가왕급 ㅋㅋㅋㅋㅋㅋㅋㅋㅋㅋㅋㅋㅋㅋㅋㅋㅋㅋㅋㅋㅋㅋㅋㅋㅋㅋㅋㅋㅋㅋㅋㅋ 와우 ㅋㅋㅋㅋㅋㅋㅋㅋㅋㅋㅋㅋ ||| 케이윌 이미 나에게로 이거 앨범 내주면 안대냐 ㅠㅠ ||| 모창능력자들을 보는 저 따뜻한 눈빛...케이윌은 참 따뜻하고 겸손하고 사람냄새 물씬 나는 멋진 남자인거 같아요.,예능
SgLegUCYWQw,일본예능 레전드 야쿠자의 가정교육ㅋㅋㅋㅋㅋㅋㅋㅋ,데일리,아 24년에도 웃고가요ㅋㅋㅋ ||| 25년에도 웃고갑니다ㅋㅋㅋㅋㅋㅋㅋㅋㅋㅋㅋㅋ ||| 진짜 너무 웃기다 ㅋㅋㅋㅋ ||| 27년도에도 웃고갑니다ㅋㅋㅋㅋ ||| 예전에 부산에서  공연하던거 직관 ㅋㅋㅋㅋㅋ,예능
FKIOjSkoZ9o,[예능맛ZIP/런닝맨] 꽝손 이광수 모음.ZIP(feat.예능신이 보우하사) / Runningman,스브스 예능맛집,"달걀은 진짜 전설의 시작이다 ㅋㅋㅋㅋㅋ ||| 운이 없다라고 하기엔 너무많이 떳고 운이 좋다라고 하기엔 했다하면 벌칙 그에겐 예능신이 강림한것이 분명하다 ||| 광수가 화나거나 어이없으면 ""오케이 오케이"" 라고 항상 말함ㅋㅋ 근데 왜 오케이인지 모르겠음 ||| ㅋㅋㅋㅋㅋㅋㅋ달걀맞고 주변 사람들은 다 놀라는데 정작 이광수 본인은 체념한 듯 무덤덤한 표정인게 더웃곀ㅋㅋㅋㅋㅋ ||| 이 모든건 여자친구 이선빈을 뽑기 위함이였다.",예능
wCigfoiYsww,[영상발굴단] 신화 예능 모음.z04,SBS 옛날 예능 - 빽능,즐감하시고  구독과  추천  부탁드립니다. ||| 세상에ㅋㅋㅋㅋ 동생분 나오는 영상을 2019년에 고화질로 볼 수 있을거라고 생각도 못했는뎈ㅋㅋㅋㅋ 막내즈ㅋㅋㅋㅋㅋㅋㅋㅋㅋㅋㅋㅋㅋ 이제 사랑스러워 들으면 저거만 생각날 듯 ㅋㅋㅋㅋ ||| 와 정진교씨 겁나 선명해 ||| 아니 필교오빠 동생분ㅋㅋㅋㅋㅋㅋㅋㅋㄱㅋㄱㄱ ||| 막내라인 엑스맨은 본방볼때도 빵빵터졌는데ㅋㅋㅋ다시보니 잼쓰면서도 안쓰럽.. 진짜 열심히한 오빠들ㅋㅋㅋ,예능
nOvi6biY9r0,[놀라운토요일] 비글미 大폭발!! 걸스데이 웃음지뢰 모음.zip (feat. BTS의 팬클럽♪),tvN Joy,놀이기구 타면서 '샤샤샤'하는 유라!? 👉🏼https://youtu.be/tiwr6aePh8U ||| 아니 걸데는 진짜 신기한게 자기네 끼리 놀면 그거 보는 사람은 보통 재미없는데 얘들이 같이 놀면 내가 저 자리에서 껴서 노는거 같고 개웃김ㅋㅋㅋㅋㅋ ||| 뭐만해도 까르륵 ㅋㅋㅋ  할줄아는거 잇다고 손들고 개인기하는게 웃김 ||| 아닠ㅋㅋㅋㅋ가끔씩 친구들끼리 현실적으로 미쳐서 가끔 정줄놓고 저럴때 있는뎈ㅋㅋㅋㅋㅋㅋㅋㅋㅋㅋㅌㅌㅌㅌㅌㅌㅌ 완전 현실친구미 장난아니다 ㅠㅠㅠㅠ 걸데는 ㄹㅇ 다 짱친같아서 좋음 ㅠㅠ ||| 문세윤 ㅋㅋㅋㅋㅋ팀이 원래 성격이 이렇구나..ㅋㅋㅋㅋㅋ,예능
WiBYhWGYQQE,미추리 시즌2 사기캐 송강!! 남신 비주얼+미친 예능감 액기스 모음 2편!! 《미추리 8-1000 시즌2 / 모았캐치 / 스브스캐치》,SBS Catch,"송강 진짜 실물로 봤는데 더 잘생김 와 보자마자 바로 정지될정도 에바임 그리고 말투도 ㄹㅇ 씹덕사 죽을뻔 ㅠㅠㅠ ||| 설마 ‘’알고있지만” 보고 오신 분 있나요 ||| 진짜 송강의 정신세계가 궁금하다 ㅋㅋㅋㅋㅋㅋㅋㅋㅋㅋㅋㅋㅋㅋㅋㅋㅋㅋㅋㅋㅋㅋㅋㅋㅋㅋㅋㅋㅋㅋㅋㅋㅋㅋㅋㅋㅋㅋㅋㅋㅋㅋㅋㅋㅋㅋㅋㅋㅋㅋㅋㅋㅋㅋㅋㅋㅋㅋㅋㅋㅋㅋㅋㅋㅋㅋ ||| 4:44 송강 전소민 싫은것처럼 일어나놓고 나중에 손으로 일으켜 주는거 쏘스윗,,,, 27:34 에서도 손담비 앉을때 호미 치워주는것도 ||| 본편 볼때는 이렇게까지 못느꼈는데 모아놓고 보니까 캐릭터 진짜 확실하닼ㅋㅋㅋㅋㅋㅋㅋㅋㅋㅋㅋㅋㅋㅋㅋㅋ세계최강엉뚱ㅋㅋㅋㅋㅋㅋㅋㅋㅋㅋㅋㅋ중간에 아비뇽의 처녀들보고 깡패라고 하는거 5번 돌려봄ㅋㅋㅋㅋㅋㅋㅋㅋㅋㅋㅋㅋㅋㅋ",예능
dXxTm1NAHEE,[스페셜] 광희 레전드 '우울할 땐 광희' / 'Kwang Hee Hwang' Special,SBS ,‘우울할 땐 광희’ 라는 말이 얼마나 자랑스러울까 ||| 아 오토튠 존나 웃기넼ㅋㅋㅋㅋㅋㅋㅋㅋㅋㅋㅋㅋㅋㅋㅋㅋㅋㅋㅋㅋㅋㅋㅋㅋㅋㅋㅋㅋㅋㅋㅋㅋㅋㅋㅋㅋㅋㅋㅋㅋㅋㅋㅋㅋㅋㅋㅋㅋㅋㅋㅋㅋㅋㅋㅋㅋㅋㅋㅋㅋㅋㅋㅋㅋㅋㅋㅋㅋㅋㅋㅋ ||| 광희는 남깎아내리는 개그를 잘 안함...  자신을 희화화해서 웃겨서 불편하지 않게해서 좋음 ||| 어떤 사람이 황광희 팬싸 갔었던 후기  황광희: 어머야 너 오늘 화장 잘 됐다~!!~! 요 아이라인 잘된 것 즘 봐!!!~ 팬: 그래요?ㅎㅎ 오빠도 오늘 화장 잘 됐어요!! 황광희: 어머 당연하지 샵에서 받은 건데 당연히 잘 돼야지!! ㅋㅋㅋㅋㅋㅋㅋㅋㅋㅋㅋㅋㅋㅋㅋㅋㅋㅋㅋ ||| 광희나오는 ebs요리프로아심??나 그거보고 광희ㅈㄴ좋아짐. 이제까지 다른엠씨들은 요리선생님이 뭐필요하다 말하거나 시키는것만하고 요리에대해서만 조금말하는정도였음. 근데 광희는 다르더라. 요리사가 불편하지않도록 시키지않아도 눈치껏 도구대령하고 일반인이 알기어려운 도구도 말하면 바로찾아서주고 요리에대해서도 말을많이하더라. 애는 뭘하더라도 그냥 하는법이없구나. 어설퍼보이지않게 공부도많이하고 노력을많이하구나..인간적으로 참 괜찮은사람이구나 느낌. 난그래서 광희나오는 프로그램은 믿고본다ㅇㅇ,예능
OV9UxQ1u_oA,예능에서도 명불허전 본업 실력 뽐내는 노래하는 이승기 레전드 모음!! 《모았캐치 / 집사부일체 / 스브스캐치》,SBS Catch,이승기피셜 예능에서는 예능인이라는 생각에 노래부를때 힘안줬는데 유일하게 진심으로 부른게 사랑했지만 이라고 함 안그러면 끝나고 스승님이 따로 불러낼거같았다고 ㅋㅋ ||| 이승기가 원래 신인때는 목 긁으면서 노래했었는데 어느순간 성대 아끼느라 잔잔하고 기교없이 노래뷰르더니(근데 그때 앨범도 개 명반) 요새는 노래를 많이 안불러서 한번 부를때 원없이 성대쓰는느낌임 옛날 초창기 느낌나서 넘 죠아 ㅠㅠ 특히 저 노래방에서 사랑했지만 부른건 겁나 레전드임 ㅠㅠ ||| 음반까지 안내줘도 돼.....  사랑했지만 풀버젼 싱글 음원 하나만 내주라 제발 ㅠㅠ ||| 이승기 진지하게 부를때 육성재 눈빛이 조그만거 하나까지도 놓치지않고 습득하려는 하이에나같은 눈빛임ㅋㅋㅋㅋ 진짜 동경의 대상인듯 ||| 이선희님한테 배워서 노래할때 이상한 버릇없이 깔끔하게 발성함... 이영상이 그걸 완벽하게 증명함..  감정은 다르지만 발성은 다 똑같음..,예능
V4EculBmGvU,해피투게더4 Happy together Season 4 - 호기심 자극! 김필의 예능 신비주의~☆.20190808,KBS Entertain,김필 찾아 삼만리~ 노래에 감동해서 취했다가 이밤에 서치해서 여기까지 왔네~♡ ||| 에능감도 좋은 필님.  못하는 거 뭔가요.  매력 넘친다 정말 ||| 잘생김 김필💕 ||| 왤케 좋지 Feel Kim...★ ||| 귀여워 ㅋㅋㅋ,예능
v_IalHG9DTU,(레전드 예능) 강호동 이수근 김희철 미친 레전드 드립모음,훗까시,구독과 좋아요는 제게 큰 힘이됩니다...시청해주셔서 감사합니다 ||| 너 진짜 나 만나도 돼? 만 계속 돌려보는중 ㅜㅠㅜㅠㅠㅠ ||| 1:26 아 진짜 이게 뭐라고 이렇게 설레냐ㅠㅠㅠㅠㅠㅠ ||| 1:26 77ㅑ!!! ||| 이 정도면...바로 삶아야돼요! ㅋㅋㅋㅋㅋㅋㅋㅋㅋㅋㅋㅋㅋㅋㅋㅋㅋㅋㅋㅋㅋㅋㅋㅋㅋ🤣🤣🤣🤣🤣🤣🤣🤣🤣🤣🤣🤣 배꼽 아파🤣🤣🤣🤣🤣🤣,예능
D3FWpGEUqhw,[예능맛zip 스페셜] '강남❤이상화 첫만남 IN 정글' 결혼 결심하게 만들어버린 갓상화의 매력뽀인투들 모아보자! (▰˘◡˘▰),스브스 예능맛집,"1:22 멋져요 언니 77ㅑ...!! 강남❤이상화 부부의 첫만남이라니....❤ ||| 이상화 선수 산에서 내려갈때 넘어졌던게 허술한 부분이 아니구, 스케이트를 오랫동안 타며 수없이 겪었던 부상때문에 발목이 힘없이 돌아가는 경우라 그랬는데 .. 이거보니 넘 속상하네 ㅠㅠ ||| 둘이 나중에 결혼하는 걸 알고보니 엄청 꽁냥꽁냥 설렌다 귀여워 ||| 7:31 강남은 일본어로 하이 하이(네 네) 이러고 있는데 뒤에 남자분이 하잉~~ 이럼ㅋㅎㅋㅎㅋㅎㅋㅎ3개국어 귀얍네 ||| 이상화가이쁘다고생각하는사람 손~",예능
mR_QCRIC7K4,(ENG SUB)[예능맛ZIP/런닝맨] 기린 vs 메뚜기 환상 케미 모음.ZIP / Runningman,스브스 예능맛집,진짜 유재석이 이광수 슬쩍 보고 치아보이면서 살짝 미소지으면 이광수한테 장난친다는 신호임ㅋㅋㅋㅋㅋ ||| 와 진짜 이광수는 직업이 몆개야 ㅋㅋㅋ 모델에 배우에 기린에 개그맨까지 ㅋㅋㅋㄱㅋㅋㅋㅋㅋㅋㅋㅋㅋㅋ ||| 유재석이 장난을 치는 것도 치는건데 광수가 진짜 맛깔나게 잘 살림ㅋㅋㅋㅋ 장난 칠때마다 잘 받아주니까 더 하고 더 좋아지는듯 ||| 3:19 아니 진짴ㅋㅋㅋㅋ 자세가 실제 기린이랑 메뚜기 같아서 더 웃걐ㅋㅌㅋㅋㅋㅋㅋㅋㅋㅋㅌㅋㅌㅋㅋㅋㅋ ||| 09:43 여기 둘이 동시에 일어나서 표정 ㅈㄴ웃음벨이넼ㅋㅋㅋㅋㅋㅋㅋㅋㅋㅋㅋ,예능
vDON1gkmMrE,[예능맛ZIP/미운우리새끼] 멤버 전원이 예능돌! 슈퍼주니어가 미우새에 떴다! 김희철 X 슈주 멤버들 케미 모음ZIP.,스브스 예능맛집,"최시원이 애들이랑 같이 놀지않고 가만히 앉아서 '이 새뀌덜 재밋네'이런 표정으로 보는게 젤 웃김ㅋㅋ ||| 규현은 거의 대부분 ""어휴, 이 형들...""하는 표정으로 방관하다가  형들이 뭐하자고 하면  냉큼 참여하네ㅋㅋㅋㅋ ||| 최시원 한마디도 안하고 웃기만 하는데 존나 잘생겨서 계속 원샷 받네 ㅋㅋㅋㅋㅋㅋㅋㅋㅋㅋㅋㅋㅋㅋㅋㅋㅋㅋ ||| Siwon is just happy to be reunited with his members again, listening to their arguments and banters ||| 이특 존나 곱다 ㅌㅋㅋㅋㅋㅋㅋㅋㅋㅋㅋㅋㅋㅋㅋㅋㅋㅋㅋㅋ큐ㅠㅠㅠㅋㅋㅋㅋ",예능
RjFncKogkZg,[예능맛ZIP/런닝맨] 김종국X이광수 모음.ZIP 2탄 / Runningman,스브스 예능맛집,의외로 김종국도 웬만하면 이광수가 때리고 깝쭉거리는 거에 대해 별 말안하고 받아주는 듯ㅋㅋㅋㅋㅋㅋㅋㅋ신선한 티키타카 ||| 3:30 광수가 뺨 때릴 때마다 아형죄송해요진짜진짜나도모르게나갔어나도모르게진짜진짜 이러면 김종국은 반격 안하고 그냥 넘어가는게 더 웃김ㅋㅋㅋㅋㅋ진짜 친형제케미 ㅋㅋㅋ ||| 광수 런닝맨캐스팅 한사람이 신의한수다 그때 광수 인지도 진짜 없었고 예능나온적도 별로없고 키큰 신인배우 정도였는데 뭘보고 예능 게스트도 아닌 고정멤버로 확정시켰을까 예능감이란 알아볼수도 없었는데  그 덕에 첨엔 그냥 소심한 키큰 캐릭에서 점점 변하더니 지금까지...ㄷㄷ ||| 2:08 이광수 욕할때 이런 느낌이구나 ㅋㅋ ||| 유재석이 이광수 놀릴때 김종국이 제일 좋아하는 이유 ㅋㅋㅋㅋㅋ,예능
Favbv9CcpW8,마이클잭슨 레전드 무대,루루,안무를 떠나서 비율 ㅈㄴ 좋네 ㅋㅋㅋㅋㅋㅋㅋ ||| 저 헤어 스타일 지금 많이 하는 머리 아닌가 비율도 좋고 스타일이 너무 멋짐 ||| 30년전인게 소름이다 너무 세련됨 ||| 착장이며 머리며... 너무나도 미쳤다.... ||| 다시나올수없는 완벽한 아티스트,예능
WiZR4ZWDGOQ,"[핑클 예능모음 2탄] 21년 전, 핑클을 찾아온 뜻밖의 남매(1998-8-29)",KBS Entertain: 깔깔티비,이진 눈물 닦아 줄때 존나 설레ㅠㅠㅠㅠㅠㅠㅠㅠㅠ ||| 진이언니 왜이렇게 멋있어.... 언니미 장난 아님 ||| 아 이진 진짜 착하고 이쁘다ㅜ ||| 이진 티셔츠 진짜 벗어줬네 ㅋㅋㅋ착하다 ||| 핑클도 순수하고 팬들도 순수하고.....  너무 웃낀건 지금이나 그때나 다 똑같음. 효리는 저때도 정말 웃끼고 옥주현씨는 저때도 리더쉽 많고 그렇네요.,예능
gYAQjPbDxdA,남친의 최후-거짓말탐지기,예체능버스,,예능
Z7pssDfxwBg,(ENG/SPA/IND) [#NJTTW] Jae Hyun Crazy Tension | #CompilationZip | #Diggle,tvN D ENT,"안재현 진짜 허약해보임 ㅋㅋㅋㅋㅋ 소리도 잘 못지르는것같고 지르다보면 스스로 지친다ㅋㅋㅋㅋ   마르고 못쓰는 팔다리몸..... 어디서 다쳐올것같애 진짜 ||| 솔직히 안재현의 빈자리가 이렇게 큰 줄 몰랐음 ㅠㅠ 지금 멤버들 합도 잘 맞는데 너무 재밌는데 신서유기 보다가 이따금씩 신미 있었음 어땠을까, 하는 생각이 계속 듦 ㅠㅠ ||| 안재현 가면 갈수록 웃김ㅋㅋㅋㅋㅋㅋㅋㅋㅋ 뭔가 남들과 생각하는게 달랔ㅋㅋㅋ 여기 뿅 저기 뿅 ㅋㅋ 소세짘ㅋㅋ 민어사세요고등어도 좋어욬ㅋㅋㅋ 앜ㅋㅋ이번에 벌크업해서 뭔가 다른 이미지로 또 웃길듯 ㅋㅋㅋㅋㅋ ||| 안재현님은 본래 인성이 선하신게 보임...신서유기에서도 화내는 장면 거의 못보고 동생들이 실수해도 계속 괜찮다고 해주시는거 보면 진짜 사람이 선하신듯 ||| 약간 소리를 못지르는 스타일인갑넼ㅋㅋㅋ귀엽다",예능
HUrIlxR8CEw,[공포의 쿵쿵따 #6] Oh Oh 방위의 위엄 Oh Oh9(예능 교과서 유재석 & 강호동),KBS Entertain: 깔깔티비,"2025년에도 보고있다 ||| 와 진짜.. 20년 넘게 똑같은 걸 봐도 똑같이 웃기네.. 미치겠다 ㅠㅠ 강호동, 유재석 환상의 콤비가 또 나올 수 있을까? ㅠㅠ ||| 3:41 핰ㅋㅋㅋㅋㅋㅋㅋ미치겠닼ㅋㅋㅋㅋㅋㅋㅋㅋㅋ유느님 양말로 안경 닦고있엌ㅋㅋㅋㅋㅋㅋㅋㅋㅋㅋㅋㅋㅋㅋㅋㅋㅋㅋ ||| 2022년에 봐도 재밌는 ㄹㅇ 레전드예능 그 잡채ㅋㅋㅋ 듀티프리 드립은 진짜 웃음을 넘어 경이롭다ㄷㄷ ||| 2:50 공익이라 퇴근드립은 지금 봐도 천재적ㅋㅋㅋㅋㅋㅋㅋㅋㅋㅋㅋㅋㅋㅋㅋㅋㅋㅋㅋㅋㅋㅋㅋㅋㅋㅋㅋㅋㅋㅋㅋㅋ",예능
ZktGDvq4oC4,설특집 예능 [사장님이 보고있다 2편] '아이돌 리즈시절 다시보기' / 'My boss is keeping an eye of me' Special,SBS ,여기가 그 유명한 빨간융단 데뷔무대인가요 ||| 진짜 솔직히 사장님이 보고있다 레전드 빨간융단 아닌가 ||| Jin jin jin.... Worldwide handsome  💜😍😍 ||| Jin is literally the cutest!! God made him on a Sunday 🥹 ||| 은광이는 하고 싶어서했다 창섭이도 하고싶어서 했다 민혁이는 약간 현타가 온다 (그러나 젤 욜심히 함) 현식이는 부끄럽다 (그래도 잘한다),예능
UKze4171-P4,강하늘 나가는 길에 팬 발견,강하늘 영상,건물 안부터 웃음 소리 들리는 거랑 팬보고 반갑게 달려오는 거랑 피지컬 좋은거까지 다 대박인디 ||| 강하늘은 팬들도 착할거같앜ㅋㅋ.. ||| 어머어머 이런  연옌 첨이네 ㅋㅋ 팬보고 달려가다니 진짜 어쩜 저래 ㅋㅋ ||| 팬이 자신을 기다리는걸 당연하게 생각하지 않는 모습이 멋있다. 기다려준거에 보답하듯이 발견하다마자 호다닥 다가가는거 넘 멋있네 ||| 강하늘 님 군대에서 9월 입대 동기 군번인데 후반기 교육 갔을때 점호나 종교행사나 할때 진짜 항상 웃고 인사해도 잘받아주고 연예인 병 전혀 그딴거 없음 진짜 그냥 사람 좋습니다 ㅜ,예능
ehq763BGUZs,"해피투게더4 Happy together Season 4 - 딘딘, 유학 가서 잘못배운 뒷골목 스웩?! 용산에서 황천 갈 뻔....20190613",KBS Entertain,돈주고 이 학교를 왴ㄱㅋㄱㄱㄲㄱㄱㅋㄱㄱㄱㅋㄱㄱㅋㄱㄱㄱㄱㅋ ||| 도대체 무슨 영어를 어떻게 잘못 배웠길래? 하고 보다가 영어 하는 부분 듣고 아 이건 ㅇㅈㅋㅋㅋㅋㅋㅋㅋㅋㅋㅋㅋㅋㅋㅋ 액센트만 들어도 무슨 환경이었을지 다 보인다 저 학교 최고 출력이 딘딘일듯.. 잘 컸네 ||| 제대로 흑인영언데 ..? ㅋㅌㅌㅋㅋㅋㅋㅋㅋㅋ 귀엽다 ㅋㅌㅋㅋㅋㅋㅜㅜ ||| ㅋㅋㅋㅋㅋㅋㅋㄱㅇㄱㅋㅋㅋㅋ나 엄마 없어 누나있엌ㅋㅋㅋㅋㅋㅋㅋ 나같아도 불량아로 본닼ㅋㅋㅋㅋ ||| 한국 힙합계 흔치않은 군필할렘 ㅋㅋㅋㅋㅋㅋ,예능
jLQBYEXlJLY,뭐든 OK! ′연기 천재′ 갓신영(Kim Sin young)의 명품 할머니 연기 판벌려 - 이번 판은 한복판 5회,JTBC Entertainment,"처음엔 자식들 걱정하는 할머니였고 중간엔 내려오라는 말을 돌려말하는 할머니였고 알고보니 돈 달라는 말을 돌려하시는거였음 기승전결 완벽했다 + 뭐야...뭔데 9.1천개야ㅋㅋㅋㅋㅋㅋ긐ㅋㅋ ||| 기침하는거봐 ㅋㅋㅋㅋㅋㅋㅋㅋㅋㅋㅋㅋㅋㅋㅋㅋㅋㅋㅋㅋ 항시! 공손히 하고!ㅋㅋㅋㅋㅋㅋㅋㅋㅋㅋ ||| 누가 김신영 살빠지고 안웃기다그래? 애초에 살찐걸로만 웃기던 코미디언이 아니라 미친 연기력이 베이스였던 코미디언인데!! ||| ""느그들은 안내려오나 이번에는 안 내려오나"" 여기가 진짜 소름임. 톤도 톤이지만 할머니들이 말할때 끊는 포인트를 정확하게 표현하고 한번 더 되묻는 디테일까지 챙김 ||| 박찬욱감독님이 캐스팅한게 납득이되는 영상",예능
gxaXBgiNp4M,중2병에 걸렸던 막내 원영이(Jang Won-young)! ′1살 언니′ 안유진(Ahn Yu-jin)의 폭로↗ 아이돌룸(idolroom) 44회,JTBC Entertainment,안유진 예능 진짜잘한다 ㅋㅋㅋㅋㅋ ||| 95년생 은비는 보면서 무슨생각했을까 ㅋㅋㅋㅋㅋㅋㅋㅋㅋ ||| 진짜 어떻게 16 17이 저렇게 mc끼고 자유자재로 티키타카가 되지 ㅋㅋㅋㅋ 너무 재능충인데 ㅋㅋㅋㅋㅋ ||| 1:30 ㅋㅋㅋㅋㅋㅋㅋㅋㅋㅋ 워뇨 코니가 자기 응원해주러 오는줄알고 그죠그죠 이랬는데 유진이편으로 가니까ㅋㅋㅋㅋㅋㅋ 실망 ㅋㅋㅋ 귀여워 ㅜㅜㅜㅠㅠ ||| 유진이 진짜 만능이다 ㅋㅋㅋㅋㅋㅋㅋㅋㅋㅋㅋ 진 것 같으니까 울면서 엄마 찾는데 너무 귀여움 ㅠㅠ 유진이 성격도 좋아보이고 밝아서 되게 보기 좋은데 앞으로 더 더 흥했으면 좋겠네용 !!,예능
2_bV3ltvDas,"[60초 에디터Pick] ★최초공개★ 최민수,  이상민 기자회견 난입썰ㅋㅋㅋㅋㅋㅋㅋ ㅣ KBS방송",KBS 한국방송,남 이혼발표하는데 왜가냐고 ㅋㅋㄱㅅㅋㄱㅋㄱㅋㄱㅋㄱㅋㄱㅋㄱㅋㅅㅋㅅㅋㅅㅋㅅㅋㅅㅋㅆㅋㅋㅋㅋㅋ ||| 이상민씨도 진짜 '이 형 뭐지?' 했을 듯. ||| 진짜 너무웃겼으ㅋㅋㅋㅋㅋㅋㅋㅋㅋㅋ 거길 저복장으로 왜간거야 ㅋㅋㅋㅋㅋㅋ ||| 아 너무 웃긴다 육성으로 터졌네 ㅋㅋㅋㅋㅋㅋㅋㅋㅋㅋㅋㅋㅋㅋㅋㅋㅋ 패션도 너무 튄다 ㅋㅋㅋㅋㅋㅋㅋㅋㅋㅋㅋㅋ 아내가 집에서 보고 괴로워했을듯 ㅋㅋㅋㅋㅋㅋㅋ ||| 진짜 세상에서 제일 웃긴 에피소드 중 하나 ㅋㅋㅋ,예능
bmaooVhsFws,"“얼굴이 작아서 좀 징그러워요” 장도연, 공유를 향한 내려놓은 멘트! @이동욱은 토크가 하고 싶어서 2회 20191211",SBS Entertainment,미남들 앞에서 저당당함 부럽다ㅜㅜ ㅋㅋㅋㅋ 공유 이동욱도 맨날 여자들이 자기들 앞에서 수줍어하고 부끄러워하는모습만 봤을텐데 저런 장도연 모습보면 얼마나 매력적일깤ㅋㅋㅋㅋ ||| ㅋㄱㄱㄱㅋ아 이동욱 피 잘 통하는지 계속 주물러줘야 될것 같다고 하는게 왜케웃기나 진짜 상상도 못한 드립임ㅋㅋㅋㄱㄱㄱㄱㄱㅋㄱㅋㄱㅋㅋㅋㅋ ||| 남자 둘이서 얼굴가리고 수줍게 웃는게 뭔가 웃김 ||| 뒤에서 웃는 게 더 웃곀ㅋㅋㅋㅋㅋㅋ꺄흑ㄹㄱ흑흑!!! ||| 이동욱 토크가 하고 싶어서 가 아니라 장도연의 개그가 하고 싶어서 였으면 오래 했을듯,예능
Vo-AeG0CGyA,"라이언 레이놀즈, 한국에서 찾은 뜻밖의 아빠(?) (ft. 지석진 나이) 《Running Man》런닝맨 EP482",런닝맨 - 스브스 공식 채널,진짜 반전은 라이언 레이놀즈 한국 나이로 45 ㅋㅋㅋㅋㅋㅋ 지도 동안 ||| 근데 진짜 지석진이 54세 얼굴은 아님 ||| 에이 솔직히 우리가 봐도 쉰 넷은 아니잖아요 저 얼굴은... ||| 라이언 레이놀즈 저 dad?! 는 데드풀의 그 장면 대사인가 ㅋㅋㅋㅋ ||| 1:14  아빠라고했을때 예아!했다가 바로 왓?노댇!하는거 엄청웃기네,예능
8EabZWmaR7o,"소지섭♡조은정, 지나고 봐야 알게 된 ‘1년 전 첫 인터뷰’ @본격연예 한밤 110회 20190521",SBS Entertainment,오빠동생 많으신가봐요는 찐이네요 ㅋㅋㅋㅋㅋ 인터뷰 중에 사심이 너무 뿜뿜합니다!! 행복하세요♡ ||| 내가 봤을때 조은정은 이미 소지섭이 자신에게 관심있는거 눈치챘다ㅋ ||| 소지섭 정도면 연예인들도 많이보고 엄청 예쁜 일반인도 많이 봤을건데 저렇게 동네바보가 되버리는거 보니까 진짜 반해버린듯. 그런 사랑을 할 수 있는 순수함이 있다는거 자체가 부럽다 ||| 손예진이 진짜 대인배네 ㅋㅋ 보통 옆에서 눈치까고 소외되면 표정 굳거나 방해하려는 소인배들이 많은데 진심 흐뭇해하는게 그릇이 큰 여자네 다시봤다 손예진 ||| 진짜 ㅋㅋㅋㅋ손예진은 분위기 눈치채고 다 안다는듯이 웃는 저 므흣하게 피식 웃는 저 웃음.. 현장에 있어서 그런가 뭔가 다 알고 있는 표정이더 ㅋㅋㅋㅋㅋㅋㅋㅋ,예능
sLe6NBx46Ik,[#신서유기] 자꾸만 늘어나는 냉면 그릇,tvN D ENT,[#신서유기] 요괴들 여행가던 시절..✈️ 신서유기 레전드 다시보기 👉  https://www.youtube.com/playlist?list=PLTnyq-p4P5n2yOi_BahNOgO9GY3sdCvlj ||| 사석에서 강호동이 세상 최고로 웃김 ||| 신서유기는 매 시즌마다 회식편 꼭 넣어줬으면ㅋㅋ큐ㅠ 개인적으로 너무 재밌음ㅋㅋㅋㅋㅋㅋㅋ ||| 회식자리 오디오가 공사장 asmr 같음 ㅌㄱㅋㄱㅋㄱㅋㄱㅅㅋㄱㅋㅋㅋㅋㅋㅋㅌ 웃을때마다 깡깡깡깡깡 ㅋㄱㅋㄱㅅㅋㅋㅋㅋㅋㅋ ||| 이수근 들어오자마자 인사도안하고 자기근황부터 이야기함ㅋㅋㅋㅋㅋㅋㅋㅋ감기가안나아~~ㅋㅋㅋㅋㅋㅋㅋㅋㅋ,예능
AqY2-LA7R1Y,신예영이 '우리 왜 헤어져야 해'를 찐라이브로 부르면 생기는 일,오드리,그런 말 하지마 이부분 개좋음 ||| 하지마~ 하면서 음내리는 거 진짜 깔끔하다 ||| 이거 몇명이 조용히 듣고 있는거야 ㅋㅋㅋㅋㅋㄱㅋ 술집에서 초롱초롱한눈으로 감상하고 있을거 생각하니까 개웃기넼ㅋㅋㅋㅋㅋ ||| 이런 거 볼때마다 박진영 그 찡그리면서 노래하는건 발성이 잘못된거다 하는 짤 생각남 ㅋㅋㅋㅋㅋㅋㅋㅋㅋㅋ ||| 마지막 인사까지 완벽하네,예능
VvCOBipyNRg,자는 캥거루 깨워보기,헤이글로리안(Hey!GloriAn),"이 영상의 킬포는 캥거루가 있는 곳이라 당연히 외국인이 쏼라쏼라 하겠거니 했는데 느닷없이 튀어 나오는 익숙한 ""선생님"" ㅋㅋㅋㅋ ||| 그냥 길바닥에서 대에~충 자는거 개웃곀ㅋㅋㅋㅋㅋㅋㅋㅋ ||| 저 팔뚝을 보고 깨울 생각을 하시는 지윤씨… 당신은 얼마나 강력한겁니까… ||| 길바닥에서 주무시는 캥거루 표정이 참으로 평온해 보이네요 행복이란게 별거 없는거 같습니다.",예능
aLSDhmTQ160,"필승! 예스아이캖ㅎ,,, 웃음악령 구멍병사 박명수의 진짜사나이 레전드.zip ◕`ε´◕ ★내맘대로 십분순삭★ | 무한도전⏱오분순삭",오분순삭,나 오늘 기분니빴는데 이거 보고 풀렸네!!! ㅋㅋㅋㅋㅋㅋㅋㅋㅋㅋㅋㅋㅋㅋㅋㅋ ||| 군대에서 잘못 부활한 웃음 사망꾼ㅋㅋㅋㅋㅋㅋㅋㅋㅋ ||| 군대가면 저런 실수 누구나 한번씩은 합니다..근데..박명수처럼 혼자서 다 하진않아요.진짜 역대급 ||| Yes i can 참는 교관은 진짜 찐이다 ㅋㅋㅋㅋㅋㅋ ||| 진짜 사나이에서 박명수를 간절히 원했던 이유가 여기서 드러나네 ㅋㅋㅋㅋㅋ,예능
0nB77HJ2m04,[오분순삭] ☀여름휴가특집☀ (수영 is horse...) 줄리엔과 광수의 수영 대결!?,MBCentertainment,"근데 줄리엔 캐릭터 진자 여러모로 멋있고 진짜 줄리엔 외모가 시트콤에 나와서 그렇지.. 진짜 존잘에 몸 진자 개상타치.. 그는 도덕책 인정합니다 ||| 줄리엣이 눈치가 빠르네 ㅋㅋㅋㅋㅋㅋㅋㅋ 자기한테 관심 다가서 쾅수 삐진거알고 배영만 할줄 아는척 하고 ㅋㅋㅋㅋㅋㅋㅋㅋㅋㅋㅋㅋㅋㅋ ||| 00:58   황정음 누가 저렇게 발랄하게 준비운동을해 ㅠ ㅋㅋㅋㅋㅋㅋㅋㅋㅋㅋㅋ ||| 쾅수는 수영모자도 너무 쾅수스러운걸,,,, ||| 2:15 ㅋㅋㅋㅋㅋㅋㅋㅋㅋㅋㅋㅋㅋㅋㅋㅋㅋㅋㅋㅋㅌㅌㅌㅌㅌㅌㅋㅋㅋㅋㅋㅋㅋㅋ 누가여기다 개를 풀어놨어~~!! 짜증나겤ㅋㅋㅋㅋㅋㅋㅋㅋㅋㅋㅋㅋㅋㅋㅋㅋㅋㅋㅋㅋㅋㅋㅋㅋㅋㅋㅋㅋㅋㅋㅋ",예능
RbpdoK6DFEQ,"ㅠ눈물샘 폭발ㅠ 진짜 울음 터진 형님들, 그냥 뭉클했어..ㅠㅠㅠ 아는 형님(Knowing bros) 211회",JTBC Entertainment,"영철이 무시도많이 받고  얼굴도 모르는사람한테 악플을받아도  강한 멘탈로 ,이겨 내는거 보기 좋다 힘들어도 내색도 안하고 , ||| 영철님이 진심으로 감동 받았나 보다ㅠㅠㅠ 공식적이지 않은, 재미로 하는 투표에도 감동 받아서 우는 맑고 순수한 마음씨에 내가 더 짠하다 ||| 놀려도 괜찮은 사람, 무시해도 되는사람 이세상에 아무도 없음 ||| 이건 호명보다 이유가 관통했다.. 자기 자리에서 열심히 살았지만 드러나지 않던 나에게 누군가가  “빛을 내기 시작했다” 보다 큰 위로가 있을까 ||| 저럴때 있어.그냥 아무렇지 않은척..덤덤하게 그냥 하는 것들인데 누군가가 그 가치를 알아주면 진짜 눈물남.말한마디 글한줄의 힘이 저런거임",예능
H5bZ8ywpapg,5초안에 배꼽빠지는 레전드 예능 영상,보이즈투나잇,,예능
V6cv2QoWnb4,[골라봐야지][ENG] 아는형님 눈물 모음 ㅠ_ㅠ (엉엉) 나 왜 같이 울고 있어… 뿌에에엥↗ #아는형님 #JTBC봐야지,JTBC Voyage,"상대방한테 ‘니가 좋은 사람이라는 걸 알려주고 싶었어’ 이런 말 들으면 진짜 엄청 울컥할 것 같다.... 너무 뭉클하다 말로 표현할 수 없어.... 대박이야 진짜 ㅠㅠㅠㅠㅠㅠ ||| '아저씨도 방송하다 보면 눈물이 날 때가 많다 근데 아저씨는 천하장사라 울면 안 된다'.....역시 강호동이다... ||| 웬디가 강호동한테 직접 찾아가서 눈 보면서 ""정말 좋으신 분 같아서 알려드리고 싶어서 찾아왔어요."" 이 이야기 하는 거...정말 멋졌다. '감히 이런 말을 해도 될까?' 라고 생각했지만 용기를 내서 이야기한다는게 얼마나 큰 용기와 확신이 필요할지 짐작도 안 된다. 대단하기도 하고 자존감이 정말 높고 건강한 사람 같아서 부럽기도 하고. ||| 웬디가 진짜 인성 너무좋다.... 사람이 그냥 천사야 사람들은 전부 강호동이 해준말로 감동받고 힘내는데 강호동은 저런말을 들을줄 알았을까 저런칭찬 들은적은 있을까.... 저때만큼은 진짜 진심인거같다 카메라때문에 과하게행동하고 참고있는게 보여.... ||| 웬디라는 아이 참 마음이 이쁘다~  한참 어리디 어린 후배가 그런 말씀 드리는 게 주제 넘는 것 같지만 꼭 해드리고 싶었다는 게 어찌 그리 이쁜지......  꽃처럼 환한 미소가 참 좋다~♡♡♡",예능
o9VJQOEHy4U,예능돌 슈퍼주니어 예능 레전드 모음 1,블랙수트입은슈주,마피아 질문이 계속 들어와서 아래 링크로 확인해주세요! ⬇⬇⬇ 마피아게임 HD Full 버전 https://youtu.be/ar3Bx6lm1pk ||| 규현 ㅋㅋㅋㅋㅋㄱㅋ앀ㅋㅋㅋㅋㅋㅋ 엑소로 들어가라니까 좋댄닼ㅋㄱㅋㄱㅋㄱㅋㄱㅋㄱㅋㄱㅋㅋㅋㅋㅋㅋㅋ ||| 01:27 아닠ㅋㅋㅋㅋㅋㅋㅋ 이동해 진짜 귀여워서 어쩌냨ㅋㅋㅋㅋㅋㅋㅋㅋㅋㅋㅋㅋㅋ 말 나오고 나서 웃으면서 아니라고 하는데 ㅋㅋㅋㅋㅋㅋㅋ 규현이가 장난으로 약간 정색하면서 말하니깐 얼굴 싹 굳어서 심각해하는 거봐 ㅋㅋㅋㅋㅋㅋ ㅠㅠㅠㅠㅠㅠ 진짜 너무 귀여워 ㅠㅠ 애기야 진짜 ㅠ ||| 아진짜 이동해 예능 해야돼ㅋㅋㅋㅋㅋㅋㅋㅋㅋㅋㅋㅋㅋ대본 있는거 말고 진짜 리얼예능 해야됔ㅋㅋㅋㅋㅋㅋㅋㅋㅋㅋㅋㅋ ||| 1:06 고맙다고 해야지...?ㅋㅋㅋㅋㅋㅋㅋㅋㅋㅋㅋㅋㅋㅋㅋㅋㅋㅋㅋ,예능
TzWzOlxeF6U,"[#모아봤zip] 이수근X은지원, 아기도 돌봐드려요~ 따듯한 강식당 | #강식당 | #Diggle",tvN D ENT,이수근이 애기한테 예쁜짓 해보라니까 아빠가해서 아빠가 하지말고 하는 그 장면 웃겼는뎈ㅋㅋㅋㅋㅋㅋㅋㅋㅋㅋㅋㅋㅋㅋㅋㅋㅋㅋㅋㅋㅋㅋㅋㅋㅋㅋㅋㅋㅋㅋㅋㅋㅋㅋㅋㅋ ||| 마지막에 손님이 직접 계산기 누르는거 졸웃ㅋㅋㅋㅋㅋㅋ ||| 한국인들 이럴 때 손발 잘 맞는거 티나네 ㅋㅋㅋㅋㅋ 고객이 알아서 계산하고 있어 이미 ㅋㅋㅋㅋ ||| 00:35  애기 뭐 줄 거 없나~?  애기? 아이스 아메리카노 한 잔 줘~ ㅋㅋㅌㅌㅋㅌㅋㅌㅌㅌㅌㅌㅌㅌㅌㅋㅋㅋㅋㅋㅋㅋㅋㅋㅋㅋㅋ진짜 이런 센스는 어디서 오냐 ㄹㅇ 리스펙.. ||| 이수근은 프로 아빠라 애기잘보는건 이해되지만 은지원은 의외네ㅋㅋ 달달하다,예능
LaVMyGk4i7o,마치 CF의 한 장면 같은 ′박태환(Park Tae－hwan)′의 수영 시범 (현실 감탄!) 위대한 운동장 － SKY 머슬(skymuscle) 1회,JTBC Entertainment,자유형은 진짜 물을 가르네 지렷다.. 물한번 잡는데 쭉쭉 나가네 ||| 수영을 배워본분이라면 지금 이동영상보면 그저 와! 소리가 절로 나오지요. 수영 안해보신분은 그저 잘하는갑다. 하지만 해본분은 저 동작들이 얼마나 훈련을 통해 다듬어졌는지 아실겁니다. ||| 엄청난 서양선수 근력과 발크기.....쑨양도 마찬가지지만 이걸 이겨내고 올림픽 세계선수권 대회에서 금메달을 가져온 박태환이 최고인거 같습니다. ||| 모든 영법이 아름답다 .   박태환은 모든 영법 폼이 좋음 ||| 역시 ...수영하는 사람들에게 심장이 두근거리는 영상,예능
laTwNsKrGrE,가사 모르는 사람 하나 없는 떼창 치트키 이문세의 붉은노을!🔥 벅차서 응원단장된 조진웅ㅋㅋㅋㅋㅋ | #깜찍한혼종_tvN10awards | #Diggle,tvN D ENT,"✨🏆tvN 10주년 레전드 시상식 하이라이트 보러가기🏆✨ 👉 https://youtube.com/playlist?list=PLTnyq-p4P5n3_qfnxUbW5QaDK3GS3o8BW ||| 솔직히 내년에는 해야함...15주년이기도 하고 슬기로운 감빵생활,의사생활,미스터 선샤인,,도깨비,사랑의 불시착,호텔델루나, 진짜진짜 좋은 드라마 너무 많이 나왔어,,,,제발 해주세요ㅠㅠㅠ ||| 나 성동일이 저렇게 웃으면서 시상식 즐기는거 처음봄 ||| 진짜 신기한게 이문세 모든 노래들은 지금 들어도 하나도 안촌스러움 지금 나온 노래라 해도 될 정도로 모든 노래들이 다 좋음.. ||| 붉은노을은 세대차이 없는 거의 유일한 곡 아닐까... 원곡, 리메이크곡 둘 다 워낙 유명해서... 그래서 더더욱 너무 좋았음",예능
1V4d3AqEUbQ,관객 모두 일으켜세운 역대급 ♪흥들흥들♪ 무대 'No woman no cry' 레게 감성이 이런거라면 당장 레게처돌이 예약. | #다시보는_너의목소리가보여3 | #Diggle,Mnet TV,여기선 별말 안하니까 개멋있네..쿤타형 조용하면 사랑해 ||| 쿤타님 부끄럼 많이타고 멋쩍어서 아무말이나 하시는듯..근데 음악만 나오면.... 진짜 멋진 아티스트 ||| 걍 랩에만 재능있는게 아니고  음악재능이 천재적임 ||| 듣는사람이 레게를 즐겁고 행복하게 들을수 있는 목소리심.. 듣는데 넘 행복한 레게음악이란 생각이 들었음 저 목소리로 계속 듣고 싶다 퓨 ||| 딘딘이 쿤타모르는척한다고 욕하는사람2%vs 딘딘이 방송을위해 쿤타를 모르는척해준거다 라고 이해해준사림 98%,예능
OnIwUXLIGbY,[예능맛ZIP/런닝맨] 어제자 런닝맨보고 감명받아서 만든 웃음 참기 모음.ZIP / Runningman,스브스 예능맛집,저는 청년 왕코부터 터졌습니다.... ||| 왜 보는 나까지 웃음참고 보는거냐궄ㅋㅋㅋㅋㅋㅋㅋㅋㅋㅋㅋㅋㅋㅋㅋㅋㅋㅋㅋㅋㅋㅋㅋㅋㅋㅋㅋㅋㅋㅋㅋㅋㅋ ||| 아니 한기범 선수 모기송 진짜ㅋㅋㅋㅋㅋㅋㅋㅋㅋㅋㅋㅋㅋ갑자기 튀어나와서 엄청 웃었다구욬ㅋㅋㅋㅋㅋㅋㅋㅋㅋㅋㅋㅋㅋㅋㅋ최애인 모기송을 저렇게 불러주시다닠ㅋㅋㅋㅋㅋㅋ ||| 아닠ㅋㅋㅋㅋㅋㅋㅋㅋㅋㅋㅋㅋㅋㅋㅋㅋㅋㅋㅋㅋㅋㅋㅋ근데 조세호는 멤버도아닌데 왜 웃긴사진보여주는거얔ㅋㅋㅋㅋㅋㅋㅋㅋㅋㅋㅋㅋㅋㅋㅋㅋㅋㅋㅋㅋㅋㅋㅌㅌ ||| 9:44 맨날 계속 참다가 여기 광수 목소리에서 터짐ㅋㅋㅋㅋㅋㅋㅋㅋ 세상 서럽고 애처로웤ㅋㅋㅋㅋ,예능
JjzglEOWYR0,[런닝맨]런닝맨 EP4/ 로켓맨 지석진...거울요정 송지효,SBS 옛날 예능 - 빽능,송지효 진짜 이쁘다... 지금도 이쁜데 저때는 청초한 느낌까지 나네 ||| 저 때 송지효 넘 착했네ㅋㅋㅋㅋ지석진 너무함 송지효랑 광수 둘다 예능 적응 힘들어하던 시기에 저렇게 면박 주면 더 위축되는데...김종국이나 유재석은 송지효나 광수가 뭘 하든 웃어주던데 너무햌 ||| 저때 지효누나 리즈시절이네 와 ㄹㅇ개예쁘다 ||| 지석진 계속 지효한테 뭐라 하다가도 10:55에 둘이 기뻐하는거 너무 귀엽다ㅜㅜ ||| 6:16이광수 꼬르륵ㅋㅋㅋㅋㅋㅋ 요즘보다 옛날이 다 재밌는데 갠적으로 게스트 없이 하는게 더 재밌는데 아 진짜 강개리 있을때 짱 재밌었는데ㅠㅠ,예능
YevORkaFU5E,다시보는 런닝맨 레전드!!  전설의 추리 특집!!  셜록홈즈 특집 모음1편♥ 《런닝맨 / 모았캐치 / 스브스캐치》,SBS Catch,진짜 내 인생 런닝맨 단연 레전드.. 아직도 마지막 책에서 김종국이 지.석.진. 추리했을 때의 소름을 못 잊음.. ||| 재석이형 식탁 테이블에서 왜 기어나와 ㅋㅋㅋㅋㅋ갑자기 초록색깔이 엉금엉금 기어나오네 졸귀네 ㅋㅋㅋㅋㅋ ||| 석진과 지효 종국의 레전드 방송이였지 이편은 top5안에 들정도로 엄청나게 재미있었고 흥미로웠지 이런거 다시 올려주니깐 기분좋다 ㅎㅎ ||| 홈즈편은 지석진이 판을 잘짠것도 있고 ㅋㅋ 게스트들 아무 역할도 안 주고 어떻게 해야되는지 안 알려주니깐  관심끌려고 트롤짓한게 너무 잘 맞아 떨어져서 재밌었지 ||| 17:57 유재석님이 뭐라구? 하는거 왜 이렇게 돌려보게 되지ㅋㅋㅋㅋㅋㅋㅋㅋㅋㅋㅋㅋ 진짜 황당하고 놀래서 하는 말인게 보여ㅋㅋㅋㅋㅋㅋㅋㅋㅋㅋ 그 다음에 그럼 범인 누군지 뮬라요? 하는 것도 귀여워ㅠㅠㅋㅋㅋㅋㅋㅋㅋㅋㅋㅋㅋㅋㅋㅋㅋㅋ,예능
UITA-AfV7lc,다시보는 런닝맨 레전드!! 시공간을 넘나드는 환생+시간여행 특집모음!! 《런닝맨 / 모았캐치 / 스브스캐치》,SBS Catch,"진짜 시청 환생편은 레전드.. 스토리, 기획력 완벽한거아니냐.. 인물하나하나 복선에 추리에 이름표 뜯기 다 들어간 레전드편이 아닐수가.. 그리고 시간여행편도 이때까지 팬들의 사랑받고 레전드라 생각되었던 편의 자체 리메이크.. 미쳤지.. 최강자전 능력자편도 기획력은 진짜 대박인듯.. 이때 재작진들이 열일했고 런닝맨이 제일 잘나갔던 이유인듯. 그래서 옛날 시청자들이 이때를 그리워하는것것같음 (그게 나) ||| 진짜 환생편은...환생한다는 소재도 신선한데 영혼이 바뀌어서 환생은 너무 참신했음 상자가 두개였던거마저 완벽했어 ||| 5:26 광수 팔목 왤케 달랑달랑거려 ㅋㅋㅋㅋㅋㅋㅋㅋㅋㅋㅋㅋㅋㅋㅋ 36:32 둘이 손 잡을려다 말았어 뭐야뭐야뭐야ㅠ ||| 환생편이 레전드인 이유     1. 스토리가 엄청나게 잘 짜여짐 2. 기획력이 엄청남 3. 개리가 종국이랑 1대1로 이김 4. 지석진이 김종국 이름표를 뜯음        5. 그랬는데 지석진이 하하한테 졌음. ||| 김종국 개큰 물총 들고서 휘파람 불면서 내려가는거 완전 공포네 ㅋㅋㅋㅋㅋ큐ㅠㅠ 개무서움ㅋㅋㅋㅋㅋㅋㅋㅋㅋㅋㅋㅋ",예능
M_DW1k2LZ3U,[런닝맨 단체 댄스] 환상의 군무! ‘Boom & Just Blow♨’ 《Running Man》런닝맨 EP469,런닝맨 - 스브스 공식 채널,이래서 춤 덜 잘춰도 매력있는 사람 뽑나봄 아이돌도 ㅋㅋㅋㅋ송지효 눈빛으로 무대 잡아버리기...타고난 눈빛 ||| 저거 보는데 나만 기분 울컥하고 그랬나.... 진짜 처음부터 1화로 쭉 본사람으로써 저렇게 칼군무보니까 눈물나올라그래요 ㅠ ||| 이 군무는 솔직히 개별 직캠 있었어야했어...  그래서 유튭에라도 공개했음 조회수 대박터졌을텐데... ||| 송지효 얘기밖에 없네 ㅠㅠ 지효언니도 넘 예쁘지만 소민언니도 끼 넘치구 너무 예쁨.. 팬들 보여주려고 열심히 준비했을 멤버들 생각하면 이 무대는 정말 감동 그 자체ㅠ ||| 진짜 다행인건 9년 특집이어서 다행이었지... 2019년에 한게 신의 한수 ㅋㅋㅋㅋ 열분 설마 나 배댓임...?? 살다살다 내가 6천명 조아요를 받아보네ㅜㅜ 감사요,예능
C4qcnUqu1hs,[Legend 예능] 런닝맨 엑소VS런닝맨! 레전드 짤 대량생산한 꿀잼 에피소드❤ / RunningMan,스브스 예능맛집,신인이라 이름 알리려고 런닝맨 멤버들 만나면 엑소 누구라고 말하자고 약속했나 보네 ㅋㅋㅋㅋㅋ 만날때마다 엑소 누굽니다하는거 존귀 ㅋㅋㅋㅋㅋㅋㅋ ||| 저땐 완전 신인이었고ㅋㅋ 지금은 짬 좀 찾으니깐 좀 더 잘하지않을깤ㅋㅋㅋㅋ ||| 13:57 수많은 짤을 낳아냈던 그 장면 ||| 13:14 여기는 진짜 다시봐도 감탄밖에 안나오네네.. 1대2를 20초컷하는 유느님.. ||| 10:52 이건 전설로 남을 짤이다 ㅈㄴ잘생김,예능
z3pqoPAGbb0,[런닝맨] 런닝맨 EP 20 / 황당한 날씨 예보. . . 전설의 드롭킥,SBS 옛날 예능 - 빽능,"진짜, .. 송지효 너무 예뻐 진짜로.. 볼때마다 감탄 ||| 13:08 이부분 너무너무 기엽따ㅠㅜㅜㅜ 코 훌쩍였다가 시선 집중되니까 민망시러버서 아흫ㅎㅎㅎㅎ~~ 하고 웃는 지효언니 넘나 기엽지효ㅠㅠㅠㅜㅜ 다들 예뻐라 보고있는게 느껴짐...,,, 나같아도 기여워서 넋놓고 봣음... 보고싶다...... ||| 11:44 ㅋㅋㅋㅋㅋㅋㅋㅋ이건 ㅜ머ㅑㅋㅋㅋㅋㅋㅋㅋㅋㅋㅋㅋㅋㅋㅋㅋㅋㅋㅋㅋㅋㅋㅋㅋㅋㅋㅋㅋㅋㅋㅋㅋㅋㅋㅋㅋㅋㅋㅋㅋㅋㅋㅋㅋㅋㅋㅋㅋㅋㅋㅋㅋㅋㅋㅋㅋㅋㅋㅋㅋㅋㅋㅋㅋㅋㅋㅋㅋㅋㅋㅋㅋㅋㅋㅋㅋㅋㅋㅋㅋㅋㅋㅋㅋㅋㅋㅋㅋ누가보면 유혁이 런닝볼 받은 줄 ||| 11:17 아 광수 개웃기다 몇번을 돌려봤네 ㅋㅋㄱㅋㄱㅋㄱㅋㄱㅋㅋㅋ ||| 5:08 하하 투명인간쇼에 빵터졌다 ㅋㅋㅋㅋㅋㅋㅋㅋㅋㅋㅋㅋㅋㅋ",예능
Iu6HhHmGyDM,다시보는 런닝맨 레전드!! 공포의 이름표 떼기 방울레이스 모음 2편!! 《런닝맨 / 모았캐치 / 스브스캐치》,SBS Catch,"개인적으로 옛날판이 확실히 더 재밌는거 같다.. 막 뛰어다니고 잡으면서 보여줬던 긴장감이랑 재미에 몰입하면서 봤을땐 시간가는줄 몰랐는데... 확실히 시간이 주는 타격이 크구나... 멤버들도 나이 때문에 저렇게 추격전 하는게 힘이 든다는 것은 알지만 진짜 딱 한 번만 저렇게 방울레이스 하는거  다시 보고 싶다ㅠㅜ ||| 근데 이거 멤버들이 아무리 잘 숨어도 vj 분들이 찍고 있는 것 땜에 눈치 챌 때가 많을 듯.. ||| 와 엘리베이터 닫힘버튼 계속 누르는데 이유도 모르고 안 닫히면 ㄹㅇ 개무섭겠다 ||| 근데 첫번째꺼는 지금 보니까 수비팀이 훨씬 불리하긴하다 저렇게 1,2,3층 다 훤히 보이는 공간에다가 액자떼면 경보음까지 울리고..... ||| 송지효가 감이 있다고 생각하는 이유가 게스트 우대를 너무 잘함... 정용화랑 마지막 남았을 때 본인이 시선끌고 정용화 몰아주는데 항상 보면  본인보다 게스트 배려하는거 너무 잘함",예능
jFRMUhoXPkA,다시보는 런닝맨 레전드!! 오싹 반전 괴담 특집 모음!! feat. 전학생 수지♡ 《런닝맨 / 모았캐치 / 스브스캐치》,SBS Catch,솔직히 이건 나래이션도 한몫했슴 ㅠㅠㅠㅠ 아 너무 무서워요 선샌님... ||| 진짜 송지효하고 수지정체가 밝혀지는장면은 런닝맨 역대급 반전장면 top3안에듬..... ||| 댓글보니까 사람들 런닝맨 레전드편 다 기억하고있는거 뭔가 찡함... 저때 런닝맨 감성 지금은 없어... ||| 23:16 '못생기지 말랬지' 이거 너무한거 아니냐고 ㅋㅋㅋㅋㅋㅋㅋㅋㅋㅋㅋㅋㅋㅋㅋㅋㅋㅋㅋㅋㅋㅋㅋㅋㅋㅋㅋㅋㅋㅋㅋㅋㅋㅋㅋㅋㅋㅋㅋㅋㅋㅋㅋㅋㅋㅋㅋㅋㅋㅋㅋㅋㅋㅋㅋㅋㅋㅋㅋㅋㅋㅋㅋㅋㅋㅋㅋㅋㅋㅋㅋㅋㅋㅋㅋㅋㅋㅋㅋㅋㅋㅋ ||| 이광수는 저렇게 필사적으로 뒤안돌아보다가 송지효가 뒤통수한대 때리자마자 뒤돌아봄.....ㅋㅋㅋ,예능
xaYAWnQorT4,"[Legend 예능] 런닝맨 최고의 신을 가려라! 👑신들의 전쟁👑 / RunningMan with 김희선, 개리",스브스 예능맛집,🚨신들의 전쟁 올려달라한 사람들 이리와!!!!!!!🚨 와서 얼른 보시라구여!!!! 봐!!!! 어서!!!!!!!!!!!!!!!!!!!!!!!!!!!!!!!!!!! ||| 이 편은 제작진들 기획력이 대박인 편이라고 생각함 ||| 저때는 진짜 한편한편이 다 블록버스터급으로 제작되었던 것 같음. ||| 유재석ㅋㅋㅋㅋㅋㅋㅋㅋㅋㅋ 도장이랑 인주 찾는거 겁나 다급해서 더웃곀ㅌㅌㅌㅌㅌㅌ 누가봐도 당황한. 사람ㅋㅌ ||| 21:09 승리한 신의 모습 ㅋㅋㅋㅋㅋㅋㅋㅋㅋㅋㅋㅋㅋㅋㅋㅋㅋㅋㅋㅋㅋㅋㅋㅋㅋㅋㅋㅋㅋㅋㅋㅋㅋㅋㅋ 자막에서 측은함이 느껴지냐고 ㅋㅋㅋㅋㅋㅋㅋㅋㅋㅋㅋㅋㅋ 아 진짜 인상 깊게 본 화였는데 너무 재밌다 ㅋㅋㅋㅋㅋㅋㅋㅋ,예능
myV9lonNoOw,다시보는 런닝맨 레전드!! 최강헌터 최민수 메뚜기사냥 모음 2편!! 《런닝맨 / 모았캐치 / 스브스캐치》,SBS Catch,"유재석도 예능감 쩌는게 저기서 그냥 클로징멘트하고 끝냈으면 말그대로 그냥 끝인데 ""1승1패예요""라고 말함으로써 다음편 한개 더 만들어버림 ㅋㅋㅋ ||| 몇년전인데도 메뚜기사냥 편은 아직도 기억이 생생... 난 메뚜기사냥이 진짜 긴장감 있고 재밌었음... ||| 개인적으로 가장 기억에 남는 게스트.. 어렸을때 봤던 최민수님 컨셉은 잊혀지지가 않음 진짜 무서웠고ㅋㅋ ||| 5:54 삐뚤어진 안경 제대로 씌워줄때 고철 끼리릭 하는 효과음 나는거ㅋㅋㅋㅋㅋㅋㅋㅋㅋ ||| 이때를 그리워하는건 우리의 욕심임... 예전과 멤버들 몸상태가 다르기도 하고 만약 지금까지 이렇게 이름표뜯기만하면 소재도 고갈나고 그나마 많은 변화가있었기에 런닝맨이 지금까지 이어온거라 생각함",예능
gzLiKoOdKS4,다시보는 런닝맨 레전드!! 공포의 이름표 떼기 방울레이스 모음 1편!! 《런닝맨 / 모았캐치 / 스브스캐치》,SBS Catch,"런닝맨에서 화제가 되었던  방울레이스 모음 1편입니다 2편도 금방 가지고 올게요!! 재밌게 감상해주세요~ ||| 확실히 예전 런닝맨을 그리워하는 사람들이 많구나... 나만 그런줄 알았는데 ||| 이때는 진짜 게스트로 오는 연예인들이 김종국 이름표 직접 때고 싶다고 하면서 때면 집에 가져가서 액자에 전시한다고 했었는데 ㅋㅋㅋ ||| 진짜 이름표뜯기는 잘만든게임인거 같음. ||| 그 지효언니가 맨날 방울레이스때 숨는거만 해서 ""나 이제 숨는거 안해 종국오빠랑 같은팀 할거야...""해서 에이스랑 능력자 둘이서 잡는 팀 했던거 보고싶어요ㅜㅠㅠㅠ",예능
_P_89M2oljM,[런닝맨]런닝맨 EP 7/ 레몬...조심해라 너,SBS 옛날 예능 - 빽능,와 송지효 조용하고 이광수 완전 소심하고 지석진이랑 김종국은 엄청 말 많이 하고..ㅋㅋㅋㅋㅋㅋ지금이랑 너무 달라서 ㅋㅋㅋㅋㅋㅋ적응안되고 너무 신기하다ㅋㅋㅋㅋㅋㅋㅋㅋㅋ이광수 진짜 달라진듯ㅋㅋㅋㅋ이때는 완전 소심인데 점점 더 웃겨지고 과감해지고ㅋㅋㅋ ||| 와 송지효 진짜 개 예쁘다 와 진짜 지금도 예쁘긴 한데 확실히 전 꺼 보니 송지효는 송지효다 싶음.. ||| 이때 송지효 존예네 지금도 예쁘지만 이때는 무슨 와.... ||| 아니 ㅋㅋㅋㅋㅋㅋㅋㅋ 광수 왜케 ㅋㅋㅋㅋㅋ 너무 소심하고 조용해 ㅋㅋㅋㅋㅋㅋㅋㅋ앜ㅋㅋㅋㅋ 김종국은 왜케 까불어 ㅋㅋㅋㅋㅋㅋㅋ ||| 아니 광수ㅜㅜㅜㅜㅋㅋㅋ소심한데 말만 안하지 할건 다 하잖아 ㅜㅜㅜㅜㅋㅋㅋㅌㅋㅌㅋㅋㅋㅋ,예능
C8Ja355SSbU,다시보는 런닝맨 레전드!! 유임스본드 유재석 물총 카리스마 1편!! 《런닝맨 / 모았캐치 / 스브스캐치》,SBS Catch,"유임스본드 레전드는 유재석도 있는데 개리 ""비가오나?""도 레전드임ㅌㅌㅌㅋㅋㅋㅋㅋㅋㅌㅋㅋㅋ ||| ㅋㅋㅋㅋㅋㅋㅋㅋ 25:18  ㅋㅋㅋㅋㅋ유임스본드 탈출할때 웅성웅성 한마디씩 하는데 김종국 개웃기네 ""나 여기서 평생 있는 거 아니예요!!!!"" ㅋㅋㅋㅋㅋㅜㅜ 뒷감당 어케했을꼬.. ||| 꼭 ""나 이거 못해요"" 하는사람들이 되게잘한다 ㅋㅋㅋㅋㅋ ||| 24:35 굳이굳이 뒤에서 털레털레 따라가면서 물총 보여주고 ""국종아 물총 1주년이래~,,,"" 아놔ㅋㅋㅋㅋㅋㅋㅋㅋ 귀여워!!!! ||| 개리 : 권(건)투를 빕니다  유재석 : 레슬링을 빕니다  ㅋㅋㅋㅋㅋㅋㅋㅋㅋㅋㅋㅋ",예능
HS6u4EJsQng,[런닝맨]런닝맨 EP 13/ 진짜 레전드...'유르스 윌리스'  영웅본색  ... 전설의 유르스 윌리스 편,SBS 옛날 예능 - 빽능,"김종국을 어깨빵으로 미는 유재석의 패기!!!! ||| 그.. 무슨 편인지 모르겠는데 유재석이 송지효 향수냄새 맡고 멈춰서는거 진짜 소름돋았는데 ㅋㅋㅋㅋ 유재석은 이렇게 번뜩일때가 리얼 멋있음. ||| 그냥 런닝맨 역사상 레전드 진짜 이편 ,이때가 젤 재밌음. 이름표떼기할때 김종국 무서워하는것도 , 개리가 송지효보고 못떼고 실실거리는 것도 , 점프슈트같은 귀여운 저 옷도 , 유재석이 빠르게 달리는것과 겁나 영웅같은거 다좋았음. 특히 방울소리 들을때 나도 모르게 긴장되고 숨 안쉬어짐.. 다시 돌아갈수 없다는게 아쉽고 속상하다ㅠㅠ ||| 아무리 이름이 런닝맨이라지만 저렇게 땀많이나게 띙기는 프로그램이 어딨냐 ㅋㅋㅋㅋㅋㅋㅋㅋㅋㅋ 미친 유재석 땀난것봐 ||| 진짜 4명 다 잡혔으면 다른사람같았다면 포기했을만도 한데 방송을 위해 시청자를 위해 뭐든 끝까지 포기하지않고 최선을 다 하는 유재석... 진짜 존경스럽다.",예능
pKI5F-jHRV8,다시보는 런닝맨 레전드!! 꿀잼 좀비 특집 모음..★ 《런닝맨 / 모았캐치 / 스브스캐치》,SBS Catch,"20:11 이광수: 서로 뺏을 수 있는 거잖아요? 김종국: 벌써 뺏을 생각한다 얘는 광수는 ㅋㅋㅋㅋㄱㄱㄱㄱㅋㄱㅋㅋㅋㅋㅋㅋㅋㅋㅋㅋㅋㄱㄱㅋㅋㅋㅋㅋㅋㄱㅋㅋㅋㅋㅋㅋㅋㄱㅋㄲㅋㅋㅋㅋㅋㅋㄲㄲㄲㅋㅋㅋㅋㅋㅋㅋㅋㄲ ||| 근데 좀비편에선 개인적으로 좀비가 사람인 척 ""살려주세요"" 했던 게 젤 소름끼치고 무서웠음.... ||| 32:18ㅋㅋㅋㅋㅋㅋㅋㅋㅋㅋ새벽에개뿜었넼ㅌㅋㅌㅌㅋㅋ뭔 왕코제국만만세냐곸ㅋㅋㅌㅌㅌㅌㅌㅌㅌㅋㅋㅋ개웃기넼ㅋㅋㅋㅋ 지석진이 왕코! 이러니까 좀비들도 우어어어어 왕코!!!!!ㅋㅋㅋㅋㅋㅋㅋㅋ ||| 41:09 이장면 진짜 너무 좋았음 다같이 힘든촬영 끝나고 박수치면서 다같이 위로하는 모습~ ||| 41:05 비지니스 종료ㅋㅋㅋㅋ 수고하셨슴다",예능
M6KfDir3dOM,[런닝맨] '매력있~지효! 송지효(Song jihyo)' / 'RunningMan' Special,SBS ,예전에 지효언니 자는 거 볼 땐 그냥 컨셉인줄만 알았었는데 지금 와서 보니까 일정이 얼마나 빡빡하고 힘들었으면 저 높은 잰가에서도 잠을 잘까하는 생각이 든다 ||| 지효 착해서 분량 밀어주고 게스트 돋보이게 해주고 그러는 게 다 보임...ㄹㅇ 천사야  런닝맨이 아닌 다른 방송예능 나오면 진짜 예능감 마음껏 뽐내던데 그러는거 보면 런닝맨에서는 진짜 많이 참는듯 ||| 지효 언니 개인적으로 런닝맨 초창기 때 머리 다시 해줬으면 좋겟음..머리 길고 웨이브 머리에 부시시? 한 느낌으로 하니까 완전 어려보이고 이쁨 ㅠㅜ 그리고 화장 연하게 한게 더이뽀요 지금도 이쁘지만..... ||| 1:59 지효언니 애교할때 양 옆 반응 다른게 개웃김ㅋㅋㅋㅋㅋ양세찬은 과몰입 한상태로 어깨 들썩들썩 거리면서 보는데 김종국은 눈을 옆으로 스르륵 돌림ㅋㅋㅋㅋㅋㅋㅋㅋㅋ,예능
nlsqQaxPtGo,[런닝맨 주제가] 9년을 함께한 서로에서 불러주는 ‘좋아’♬ 《Running Man》런닝맨 EP469,런닝맨 - 스브스 공식 채널,"욕심쟁이지만 냇물 보다 깊은 석진이형 입이 백두산 장난꾸러기 재석이형  낭만주먹 능력자 종국 표류하는 패션왕 하하 젤 예쁜 송마흔 지효 귀여운 돌아이 소민 아끼는 개그맨 후배 광수형 3m 크길 그리고 양세찬 이부분 너무 좋다 ㅠㅠ ||| 솔직히 런닝맨 완전 찐팬으로서 진짜 격하게 울었다.....(울컥) ||| 런닝맨 망했느니 뭐니 해도 이 영상만 보면 절대 놓을 수가 없다….끝까지 함께할 거야 ||| 광수 나갔다고 이거 들으면서 질질 짜는 사람은 나 뿐이겠지,,  진짜 런닝맨 끝이라는 생각을 하니까 가사가 존나 슬픔 ㅠㅠ ||| 아니 이광수 노래 은금 잘함ㅁㅁㅁㅁ 목소리 좋음 ㅠ",예능
TGd6zwcyvzI,[런닝맨] (ENG) 올킬 강개리 ALL KILL | RunningMan Ep 33.,SBS 옛날 예능 - 빽능,"유재석 김종국 양대산맥을 개리가 견제했었는데, 개리 있었을때가 런닝맨 레전드였던거 같다.개리형 보고싶다 ||| 송지효 긴머리도 이쁜데 단발 진짜 넘 이쁘다,, ||| 런닝맨 옛날 영상은 썸네일 누가 주인공이든 송지효 이쁘다는 댓글이 반이네 ||| 7:29 송지효가 개리한테 오빠오빠 하는거 심쿵이네;;ㅠ ||| 7:08 구구단 맞힌줄도모르고 눈감는 개리ㅋㅋㅋㅋㅋ",예능
Qj4WSUCgG58,다시보는 런닝맨 레전드!! 개쥬얼 서스펙트 트루개리쇼 모음..★ 《런닝맨 / 모았캐치 / 스브스캐치》,SBS Catch,"8:03 개웃기네 ㅋㄱㅋㄱㄱㅋㄱㅋㄱㅋ  남자시민: 강개리 내꺼!!! 개리: 남자 사절!!!! ㅋㄱㅋㄱㅋㄱㅋㄱㅋㄱㅋㄱㅋㄷㅋㄱㅋㄱㅋㄷ개뿜었다 ||| 스파이 소리 하나에 저렇게 좋아 죽는 순수한 애한테 무슨 짓을 한 거야 제작진 나쁜 자식들 ㅋㅋㅋㅋㅋㅋㅋㅋㅋㅋㅋㄲㅋㅋㅋㅋㅋㅋㅋㅋ ||| 26:06 와 이 브금이랑 자막 뜰 때 스산한 효과음까지 진짜 이게 내 어렸을 적 런닝맨을 떠올리게 하는 소리다 ㄹㅇ,,, 흥미진진하고 막 스릴넘치고 그랬는데 저 브금만 나오면.. 요즘도 다시 써주면 좋겠네 ㅜㅜ ||| 4:21 스트뤠스 이것도 개리 유행어 쯤 되지 않았나 ㅠㅠㅠㅠㅠ 듣고 깜짝놀람 진짜 추억이다.. ||| 3:33 어떻게 대화한거야 ㅋㅋㅋㅋ",예능
MjuJyti1Uwo,[런닝맨] '웃음참기 레전드 편 탄생!' / 'RunningMan' Special,SBS ,이번편은 473회입니다🤗 그럼 웃음참기 시작! ||| 장담하는데 이거 아이디어 회의할때 작가든 감독이든 누군가 한기범 아이디어 냈을때 그회의실도 다 빵터졌을거 같은데ㅋㅋㅂㄱㅋㅋㅋㅋㅋㄱㅂㄱㅂㅍㄱㅂㅋㅋㅋㅋㅋㅋㅋㅋㅋ ||| 아니 근데 이거 웃기려고 하는 사람들보다 광수형 웃음참으려고 무표정으로 딴곳보는게 더웃겨 ㅋㅋㅋㅋㅋㅋㅋㅋ ||| 웃지마라는 규칙있으면 진짜 사소한거라도 웃김ㅋㅋㅋㅋㅋㅋ ||| 13:03 광수형 이정도 찐텐으로 웃는 건 처음 봄 ㅋㅋㅋㅋㅋㅋ,예능
MD5-blDAabg,[Legend 예능] 런닝맨 만장일치 레이스 보고싶다며어~~? 이건 1탄이지롱!/ RunningMan,스브스 예능맛집,🖤 만장일치 레이스 보고싶었으면 나랑 소통하기 🖤 ||| 이편은 뭔가 굉장히 멤버들끼리 우정이 얼마나 애틋한지 보여준 편이었던 것 같음... 특히 마지막은.... 진짜 멤버들이 누누이 말하는 가족같은 사이인 느낌... ||| 9:38 퍼즐 하고있는데 그림 잘 그렸냐구 퍼즐은 안 좋아하냐고 챙겨주는거 너무 설렌다ㅠ 같이 퍼즐하자는 뉘앙스도 너무 귀엽다 강개리ㅜㅜ ||| 솔직히 게스트없이 멤버들끼리 했을때중에 젤 재밌는 편이였음 ||| 12:00 종국이형 빠른판단ㅋㅋㅋ 바로 다음장면에 재석이형 쟤 왜뛰지?하는 표정까지ㅋㅋㅋ,예능
RjFncKogkZg,[예능맛ZIP/런닝맨] 김종국X이광수 모음.ZIP 2탄 / Runningman,스브스 예능맛집,의외로 김종국도 웬만하면 이광수가 때리고 깝쭉거리는 거에 대해 별 말안하고 받아주는 듯ㅋㅋㅋㅋㅋㅋㅋㅋ신선한 티키타카 ||| 3:30 광수가 뺨 때릴 때마다 아형죄송해요진짜진짜나도모르게나갔어나도모르게진짜진짜 이러면 김종국은 반격 안하고 그냥 넘어가는게 더 웃김ㅋㅋㅋㅋㅋ진짜 친형제케미 ㅋㅋㅋ ||| 광수 런닝맨캐스팅 한사람이 신의한수다 그때 광수 인지도 진짜 없었고 예능나온적도 별로없고 키큰 신인배우 정도였는데 뭘보고 예능 게스트도 아닌 고정멤버로 확정시켰을까 예능감이란 알아볼수도 없었는데  그 덕에 첨엔 그냥 소심한 키큰 캐릭에서 점점 변하더니 지금까지...ㄷㄷ ||| 2:08 이광수 욕할때 이런 느낌이구나 ㅋㅋ ||| 유재석이 이광수 놀릴때 김종국이 제일 좋아하는 이유 ㅋㅋㅋㅋㅋ,예능
IcAKZRyIOPQ,[예능맛ZIP/런닝맨] 배신 모먼트 모음.ZIP / Runningman,스브스 예능맛집,광수형이 레전드지 ㅋㅋㅋㅋㅋㅋㅋ 10년동안 배신의끈을 잃지않는ㅋㅋ ||| 런닝맨은 배신이 많은데 나중에 다 사이좋게 지내서 너무 웃김 ㅋㅋㅋㅋㅋ 이래서 좋아해 ||| 광수는 배신컨셉이라도 현실에선 착하고 예의도 바른걸 알기에 밉지가 않고 그냥 배신해줬으면 좋겠음 꿀잼ㅋㅋ 딴 연예인이 이정도로 배신하면 비난받을만 한데 광수는 그냥 방송으로 재밌게 보게됨 ||| 0:49 유재석이 전소민 향해 손 펼치니까 하이파이브 하자는 줄 알고 손 준비했는데 안 쳐줘서 그냥 머리 옆에 손 대고 있는데 유재석도 같이 머리 옆에 손 댐 ㅋㅋㅋㅋㅋㅋㅋㅎ ||| 5:45 아니 유재석 품에 있는 라이언 개귀엽네 ㅋㅋㅋㅋㅋㅋㅋㅋㅋㅋㅋㅋㅋㅋㅋㅋㅋㅋㅋㅋㅋㅋㅋㅋ,예능
VA3yF7Fghp8,다시보는 런닝맨 레전드!! 최강헌터 최민수 모음 1편!! 《런닝맨 / 모았캐치 / 스브스캐치》,SBS Catch,"런닝맨에서 화제가 되었던  최강헌터 최민수 레전드  다시보는 런닝맨 레전드 1편입니다 2편도 곧 들고오겠습니다!! 재밌게 감상해주세요~ ||| 최민수는 진짜 애들 아웃시키려고 우승을 위해 하려는 거보다 방송의 스릴과 재미를 위해 저렇게 하는 게 너무 멋있음 ||| 런닝맨 멤버들이 원래 이미지가 동물 컨셉으로 비춰졌었는데, 김종국(호랑이)이 먹이사슬을 거의 지배하고 가끔 자기들끼리 서로 경쟁하고 다투는 분위기에서 그런 틀따위를 무시하고 그들 전부를 사냥해버린다는 헌터(사냥꾼)라는 최강자 역할에 소름끼칠정도로 너무 잘어울렸음...아무리 날고 기는 짐승들이여도 사냥꾼 앞에서는 전부 혼비백산이 되고 무너진다는게 재밌었고 레전드편이었던건 확실함... ||| 솔직히 런닝맨 역사상 최민수만큼 무서운 게스트 없는 듯ㅋㅋㅋㅋㅋㅋㅋㅋㅋㅋㅋㅋㅋㅋ아주 그냥 진짜 인간의 모습을 한 야수옄ㅋㅋㅋㅋㅋㅋㅋㅋㅋㅋㅋㅋ ||| 최민수가 너무 호감인게 사실 대하 드라마나 예술 쪽 영화 찍는 배우들은 자기 이미지 해칠까봐 예능가서 몸굴리는거 잘 안하는데 최민수는 그런거 개의치 않고.. 게다가 예전에 배우들이 가수 무시하고 희극인 무시하던 시절부터 연예계에서 터울 없이 지내는 걸로 유명해가지고 ㅋㅋ..",예능
vZu36xPAMqU,[런닝맨] 횡단 레이스 1탄...김종국-개리 vs 송지효-하하  | RunningMan Ep. 43,SBS 옛날 예능 - 빽능,하하가 지효 챙겨주는거 너무 보기좋다ㅠㅠㅠ막 우쭈쭈해주는 느낌이야 ||| 13:01 광수 없는거 이제야 앎ㅋㅋㅋㅋㅋㅋㅋㅋㅋㅋㅋㅋ브금 하찮게 신나는거 개웃기넼ㅋㅋㅋ ||| 11:03 지효가 뭐하는거에여~ 하는거 넘 귀엽다.. ||| 9:00 강개리 저 하찮은 표정 개 귀엽다 진짜ㅋㅋㅋㅋㅋㅋㅋㅋㅋㅋㅋㅋㅋㅋㅋㅋㅋㅋㅋㅋㅋㅋㅋㅋㅋㅋㅋㅋㅋ 김종국 잔소리가 지겹다는거같아 ㅋㅋㅋㅋㅋㅋㅋㅋㅋㅋ ||| 하하가 지효 돌봐주는거 우쭈쭈 해주는 느낌,예능
yDB8orfSJb4,[예능맛ZIP/런닝맨] 유재석X이광수 환상 케미 모음.ZIP 2탄 / Runningman,스브스 예능맛집,"🍀여러분 회차정보왔습니다아~~~!🍀   넌 그냥 선빈이 남친 471회 좀비댄스 277회 경사났네~ 441회 형이 하라매요! 472회 들어가 있으라고 424회 재석이의 연애코칭 416회 ||| 광수 0  0  이 표정 너무 좋음 ㅋㅋㅋㅋㅋㅋㅋㅋㅋ          ㅣ          ㅇ ||| 유재석이 이광수 볼때 흐뭇해하면서 아끼는거보면 이광수 볼 수록 정말 때묻지않은 뭔가있음..  예의도바르고.. ||| 6:34 진짜 개잘맞아ㅋㅋㅋㅋㅋㅋㅋㅋㅋㅋㅋㅋㅋㅋㅋㅋㅋㅋㅋㅋㅋㅋㅋㅋㅋㅋㅋㅋㅋㅋㅋㅋㅋㅋㅋㅋㅋㅋㅋㅋㅋㅋㅋㅋㅋㅋㅋㅋㅋㅋㅋㅋㅋㅋㅋㅋㅋㅋㅋㅋㅋㅋㅋㅋㅋㅋㅋㅋㅋ미쳤냐구ㅋㅋㅋㅋㅋㅋㅋㅋㅋㅋㅋㅋㅋㅋㅋ ||| 방송만 봐도 유재석,김종국,지석진,하하가 이광수 아끼는거 보임. 사적으로도 친하던데 보기좋다.",예능
WDXudM9Gd1Q,[런닝맨] (ENG) 호환마마보다 무서운 마법스프 중독 | RunningMan Ep. 36,SBS 옛날 예능 - 빽능,그래 이 맛이야! ||| 13:16 강개리 슬그머니와서 자기도 먹어보고싶어서 입술 내밀고 있는 거 너무 귀엽다 진짜ㅠ 그와중에 유재석은 너무 자연스럽게 먹여주잖아 이 케미 그리워ㅠㅠ ||| 2:31 멍 : 강개리!!!!!!!!!!!!!!!!! 개 : 어..? 왜? 내이름 왜불렀지? 둘다 졸귀탱 ||| 5:46 ㅋㅋㄱㅋ유느 눈 흘기는거 봨ㄲㅋㅋㄱ 왤케 커엽? ㅋㄱㅋㄱㅋㄱㄱㄱㅋ ||| 이광수는 저때보다 지금이 더 젊어보임 ㄹㅇㅋㅋㅋ,예능
NfHb0wJFFZQ,[Legend 예능] 런닝맨 소녀시대와 런닝맨 멤버들을 덜덜 떨게 한 관문지기 '샤이니 민호 & 최홍만',스브스 예능맛집,"5:44 🚨민호얔ㅋㅋㅋㅋㅋㅋㅋㅋㅋㅋㅋㅋㅋㅋㅋㅋㅋㅋㅋㅋㅋ같은 최씨잖아🚨명대사 남기고 살아남은 최수영✋ 소녀시대X최민호 역시 레전듴ㅋㅋㅋㅋㅋ ||| 아닠ㅋㅋㅋ 소녀시대 반응 다똑같은거 개웃김ㅋㅋㅋㅋ 민호인지 모르고 개무서워서 도망치다가 아는 얼굴이니까 바로 삿대질 들어가면서 야... 너... 이럼ㅋㅋㅋㅋㅌㅌㅌㅌㅌㅌㅌㅌ아는 사람이라 배신감 오지나봨ㅋㅋㅋㅋ다들 아 최민호인데 아 근데 어떻게 할 수는 없고 아 근데.재.. 아오... 이런느낌임ㅋㅋㅋㅋ ||| 구두신고 저속도로 뛴다 최민호 너란 사람.. ||| 19:08 어떻게 저런 순정만화 남주같은 비주얼에 체대vibe까지 갖춰서 ,,, 근데 또 성격은 최다정 최스윗이야 어떡해 ,,, 이 미남아 ,,,,,, ||| 최씨집안어필ㅋㅋㅋㅋ미쳤냐고 ㅋㅋㅋㅋㅋㅋㅋ",예능
2FKbnZNWfkM,다시보는 런닝맨 레전드!! 초능력자전 모음 1편♥ 《런닝맨 / 모았캐치 / 스브스캐치》,SBS Catch,롤롤은 개리가 해야 진짜인듯 가짜개리들이 이리저리 뛰어다니며 교란작전하고 탐색에 방어에 복화술까지ㅋㅋㅋ 응원춤도 짱귀엽고 캐미넘치고 롤롤의 매력 보여줄거 다 보여줌ㅋㅋㅋ ||| 강개리 그만둔걸로 있다가 ㅋㅋㅋㅋㅋㅋ 갑자기 저렇게 간지나게 등장하면 개멋짐ㅋㅋㅋㅋㅋㅋㅋㅋㅋㅋㅋ ||| 진짜 런닝맨역사에 길이남을 초능력 전쟁 ||| 광수 한 획만 빼거 다적는거 개똑똑하넼ㅋㅋㅋㅋㅋㅋㅋㅋ 여차하면 위급상황에 줄 하나만 그으면 되잖슴 ||| 2011년 반사권으로 이광수 보내버린 송지효  2017년 반사권으로 송지효 보내버린 이광수,예능
5e3bFuxJWbw,다시보는 런닝맨 레전드!!  100VS100 최후의 결전 모음! 《런닝맨 / 모았캐치 / 스브스캐치》,SBS Catch,이때 다 재밌었는데 유느님 진행능력에 감탄했었죠. 다해서 200명이 되는데 손님들 포인트살릴건 살리고 정리할건 정리해가면서 하는 진행이란....독보적인 능력이었죠 ||| 백 대 백 편은 승부 결과 상관없이 그냥 저 많은 사람들이 한 팀이 돼서 싸우는거 자체가 감동이고 감상포인트다 ||| 100대100도 대박이지만 7이 초대한 서로 잘 모르는 93명이 만나서 게임을 통해 서로 알게 되고 같이 한팀이 되어서 싸우는 것 자체가 감동이다 ||| 원래 15분 넘어가는 영상은 잘 안보는데 옛날 런닝맨이 너무 그리워서 스브스캐치가 올린 영상은 꼭 봄.. 그립다 옛날 런닝맨... ||| 32:17 승관이 멘탈 잡아주는 도겸이랑 뿌랑둥이 너무 귀엽다,예능
q7Q9DZKVVrI,[런닝맨] 광놀재 1탄 '이광수 놀리려고 런닝맨 하는 유재석' / 'RunningMan' Special-Subtitled | SBS NOW,SBS ,"<광놀재 2탄> 👉🏻https://youtu.be/uf8HnbDAowk <광놀재 3탄> 👉🏻https://youtu.be/x27ezO8He7Y <광놀재 4탄> 👉🏻https://youtu.be/uUHZJ2lBqNY <광놀재 5탄> 👉🏻https://youtu.be/bVxUuqsP1Qg ||| 런닝맨 옛날에 유재석씨가 광수형 부르고서 뭘봐 하고는 ""내가 장난이 30만가지가 있어 광수한테 다 써보는게 내 소원이야ㅋㅋㅋㅋ"" 이거 진짜 웃겼는데 ||| 난 유재석이 저렇게 깐족대면 옆에서 김종국이 박장대소 하는게 너무 좋아 ㅋㅋㅋㅋㅋㅋㅋㅋㅋㅋ ||| 아 진짜 둘이 겁나 좋아 유재석이라면 아무리 친해도 대선배라서 어려워할 듯한데 아랑곳하지 않고 촐싹거리고 장난치고 뺨 때리고ㅋㅋㅋㅋ 이거 유일하게 할 수 있는거 이광수 밖에 없을듯ㅋㅋㅋㅋ 그만큼 유재석이 다 받아주고 아끼는 동생이니깐 가능한듯 ||| 런닝맨 대기실 에피소드중에 유재석이 이광수 방수핸드폰 가져가서 화장실 수도꼭지 틀어놓고 막 뿌리니까 이광수가 ""어 이거 이러면 안돼요"" 이러니까 유재석이 ""괜찮아 이거 방수야"" 이러면서 ""넌 광수 얜 방수"" 이랬었음ㅋㅋㅋㅋㅋㅋㅋ",예능
gH1KjDJw9sM,다시보는 런닝맨 레전드!! 유임스본드 유재석 물총 카리스마 2편!! 《런닝맨 / 모았캐치 / 스브스캐치》,SBS Catch,런닝맨에서 화제가 되었던  유임스본드 유재석 물총 카리스마 2편입니다 재밌게 감상해주세요~ ||| 3:13 아 이광수 빡친거 왜래 웃기냐 ㅋㅋㅋㅋㅋㄱㄱㄱㅋㅋㅋㅋㅋㅋㅋㅋㅋㅋㅋㅋㅋㅋㅋㅋㅋㅋㅋㅋㅋㅋㄱㄱㅋㅋㅋㅋㅋㅋㅋㅋㅋㅋㅋㅋㅋㅋㅋㄱㅋ 표정만 화났다가 갑자기 이야아아아아앙 !!!! ||| 진짜 시리즈 영화급이네ㅋㅋㅋㅋㅋㅋ 1 영웅이 되는과정 2 영웅으로 활동하는과정 3 억울한 누명쓴 과정 4 후계자 ||| 설득력있니? 내가 봐도 설득력있는 것 같네 이거 진짜 ㅈㄴ웃기네 ㅋㅋㅋㅋㅋㅋㅋㅋㅋㅋㅋㅋㅋ ||| 7:12 송지효가 저렇게 활약할때 슬로우모션되면서 여자 웃음소리 나오는거 되게 많았는데 진짜 개이쁘고 개깐지남ㅋㅋ큐ㅠㅠ,예능
jRJW-24WjBQ,[런닝맨] (ENG) 능력자를 믿어라! 뭉쳐야 산다 | RunningMan EP 29,SBS 옛날 예능 - 빽능,유재석 하는 말 ㄹㅇ 개빵터졌음 ㅋㅋㅋㅋㅋ 뭉쳐야산다가 아니라 종국이 혼자면 한다래 ㅋㅋㅋㅋㅋㅋㅋㅋㅋㅋ ||| 0:26 존나예쁘네 진짜 무표정에서 웃는데 두 표정이 다 지림 ||| 0:05 시뮬레이션인데 왜 디테일 하냐곸ㅋㅋㅋㅋㅋ 키 큰 건 이광수고 키 작은건 하하 잖아ㅋㅋㅋㅋㅋ ||| 8:30 이광수 존나웃겨ㅠㅠㅠㅆㅂ 존나 갑자기 배영 ㅜㅠㅠㅠㅠㅠㅋㅋㅋㅋㅋㅋㅋㅋㅋㅋㅋㅋㅋ ㅠㅠㅠㅠㅠ ||| 역으로 생각해서 저 미션을 해결하네. 김종국은 힘만큼 머리도 좋음,예능
QE1m4VMhWfk,[런닝맨 스페셜] 런닝맨 / 불량 지효 모음.ZIP,SBS 옛날 예능 - 빽능,난 송지효가 런닝맨 누구보다도 런닝맨에 몰입했다고 생각함 매번 열심히하고 몰입하고 그래서 저렇게 진짜 화도내고 아쉬워하고 했던거같음 ||| 송지효 화난 거는 아이돌들 나왔을 때 그 편이 레전드인데ㅋㅋㅋㅌ 멱피디 멱살 잡고 지나가는 아저씨가 나한테 53키로라 했다고 어쩔거냐고 화내면서 다 망했다고 주저앉고ㅋㅋㅋㅋㅠ 넘 귀여웠음 ||| 진짜 그 누구보다 런닝맨을 열심히한 사람이 송지효인건 런닝맨 팬이라면 다안다 ||| 지효야 한번만 참아를 제일많이 하는듯 ㅋㅋㅋㅋㅋㅋㅋㅋㅋㅋㅋㅋㅋㅋㅋㅋㅋㅋㅋㅋㅋㅋㅋㅋㅋㅋㅋ ||| 조회수가 말해주네.. 다들 이때 런닝맨이랑 지효를 그리워하네 ㅜㅜㅜㅜㅜ,예능
mR_QCRIC7K4,(ENG SUB)[예능맛ZIP/런닝맨] 기린 vs 메뚜기 환상 케미 모음.ZIP / Runningman,스브스 예능맛집,진짜 유재석이 이광수 슬쩍 보고 치아보이면서 살짝 미소지으면 이광수한테 장난친다는 신호임ㅋㅋㅋㅋㅋ ||| 와 진짜 이광수는 직업이 몆개야 ㅋㅋㅋ 모델에 배우에 기린에 개그맨까지 ㅋㅋㅋㄱㅋㅋㅋㅋㅋㅋㅋㅋㅋㅋ ||| 유재석이 장난을 치는 것도 치는건데 광수가 진짜 맛깔나게 잘 살림ㅋㅋㅋㅋ 장난 칠때마다 잘 받아주니까 더 하고 더 좋아지는듯 ||| 3:19 아니 진짴ㅋㅋㅋㅋ 자세가 실제 기린이랑 메뚜기 같아서 더 웃걐ㅋㅌㅋㅋㅋㅋㅋㅋㅋㅋㅌㅋㅌㅋㅋㅋㅋ ||| 09:43 여기 둘이 동시에 일어나서 표정 ㅈㄴ웃음벨이넼ㅋㅋㅋㅋㅋㅋㅋㅋㅋㅋㅋ,예능
NqJiJFS7uaA,[Legend 예능] 런닝맨 물에 젖은 수건 한장으로 시작된 대환장파팈ㅋㅋㅋㅋㅋ/ RunningMan,스브스 예능맛집,젖은 수건에 다 넉다운ㅋㅋㅋㅋㅋㅋㅋㅋㅋㅋㅋㅋㅋ ||| 2:33 송지효 나? 하고 모자 보고 아; 할 때 개리 테마곡 나오는 거 ㅋㅋㅋㅋㅋㅋㅋㅋㅋㅋㅋㅋㅋㅋㅋㅋㅋㅋㅋㅋ 넘 웃기고 추억이다 ㅠ ||| 6:26 게임을 열심히 할 뿐이네 마음이 있는게 아니네ㅋㅋㅋㅋㅋㅋㅋㅋ왕코형님 진짜 자막없이 지나가는 은은한 드립도 꿀잼 ||| 5:10 그래서 자네에게 못주넼ㅋㅋㅋㅋㅋㅋㅋㅋㅋㅋㅋㅋㅋㅋㅋㅋㅋㅋㅋㅋㅋ개웃기넼ㅋㅋㅋㅋㅋㅋㅋㅋ ||| 6:01 김수현 송지효 주먹 크기 차이 진짜...와우 ㅠㅠㅠㅠㅠㅠㅠㅠ,예능
3-w0C8TuRZA,"‘세수 댄스’ 김혜윤, 엉성한 댄스로 귀염 폭발! 《Running Man》런닝맨 EP448",런닝맨 - 스브스 공식 채널,아 기여워 해맑은 해파리 같아 ||| 0:16 look at her face when Jaesuk ask her to dance😂 she's so happy for it. Hye yoon say no one ask her to dance when she was on dance club 🤣 ||| 밝음이 이쁨의 결정체구나라는 걸 느끼게 해주는 혜윤배우 ||| 혜윤이 진짜 솔이 그 자체구나  ㅋ ||| 어떻게 사람이 보는 것만으로 이렇게 기분 좋지 🥹🥹🥹🥹,예능
ifADGdIghg4,다시보는 런닝맨 레전드!!  전설의 추리 특집!!  셜록홈즈 특집 모음2편♥ feat. 괴도루팡 《런닝맨 / 모았캐치 / 스브스캐치》,SBS Catch,"유재석이 은지가 어떻게 죽었을지 궁금하지? 해놓고 나도 궁금해 이러는 거 개웃김 ㅅㅂ ㅋㄱㅋㄲㅋㄱㅋㄱㅋㄱㅋㄱㅋㄲㅋㄱㅋㄱㅋㅋㄲㅋㅋㅋ ||| 산중호걸 노래 나올때 소름 쫙 돋았던 기억난다,,, 콩쿠르 편도 재밌었는데 혹시 지효의 심장을 울려라 기억하시는 분 ㅠㅠㅠㅠ 이광수 송지효한테 험담하고 김종국 노래 불러주고 이 편 너무 보고 싶어요ㅠㅠㅠㅠㅠ스브스캐치짱 ㅠㅠㅠ ||| 솔직히 두번째 편에서 광수가 호랑이 찾아냈을때 진짜 개소름이였었음 ||| 근데 광수 진짜 범인 못한닼ㅋㅋㅋㅋ저번에도 범인시켰는데 다 들켰던가 했던 것 같은뎈ㅋㅋㅋㅋㅋ ||| 25:55 진짜 이편은 레전드중에 레전드였지... 특히 이 부분부텈ㅋㅋㅋㅋㅋㅋㅋㅋ",예능
MUuYCBtAOak,"(Eng sub)[예능맛ZIP/런닝맨] 런닝맨 댄스모음집 2탄(feat.청하,설현,손나은,소유,보라,보미,김도연,케이) / Runningman",스브스 예능맛집,에이핑크가 9년차지만 인기나 팬덤이 탄탄한 건 어디서든 빼지않고 다 열심히 해서 그런 것 같네 정말 열심히하고 잘하는 게 보인당 ㅠㅠ 내성적인 멤버들도 절대 빼지않고 열심히 함 ||| 손나은 수줍수줍하다가 노래 나오면 겁나 잘춤ㅋㅋㅋㅋㅋ ||| 손나은 진짜 시키면 잘하는 캐릭터임ㅋㅋㅋㅋㅋㅋ 매력있어ㅠㅠ ||| 나은 맨날 쑥스러워 하면서 박력있게 뉴페이스 추는거 너무 귀욥ㅋㅋㅋㅋㅋㅋㅋㅋㅋ ||| 손나은 뉴페이스는  진짜 레전드. 바람이 살랑살랑 머리카락이 살랑살랑. 넘나 예쁘고 사랑스러움.,예능
m1k2CTwpsc8,[유퀴즈] 다시 보는 일반인 레전드 #1 사넬미용실,tvN Joy,"레전드다 진짴ㅋㅋㅋㅋㅋㅋㅋㅋㅋ 단호하게""안합니다""ㅋㅋㅋㅋㅋㅋㅋㅋㅋㅋㅋㅋ 빵터졌넼ㅋㅋㅋㅋㅋㅋㅋㅋㅋㅋㅋㅋㅋㅋㅋㅋㅋㅋㅋㅋ ||| 유튜브 알고리즘이 날 여기로 데려왔다 “안합니다”에서 빵터지고 “No”에서 또 터짐ㅋㅋㅋㅋㅋㅋㅋㅋㅋㅋㅋㅋㅋㅋㅋㅋㅋㅋㅋㅋㅋㅋㅋㅋㅋㅋㅋㅋㅋㅋ ||| 2:03 나만 전화받는게 제일 웃긴가 ㅋㅋㅋㅋㅋㅋㅋㅋㅋㅋㅋ 진짜 이거 보고싶어서 이 영상 봄 ㅋㅋㅋㅋㅋ 사장님 머리에 전화 올리시니까 팬서비스 자막단거 미친것 같다고 ㅋㅋㅋㅋㅋㅋㅋㅋㅋㅋㅋㅋ ||| 토크 진행 엉망인게 개웃김ㅋㅋㅋㅋㅋㅋ ||| 해피투게더 사우나토크 실사판같애ㅋㅋㅋㅋㅋㅋㅋㅋㅋㅋㅋㅋㅋ",예능
GOa6BU6KbIg,[런닝맨] (ENG) 놓지마 정신줄 '노래방' | RunningMan Ep 31.,SBS 옛날 예능 - 빽능,근데 지효언니 미모 무슨일.....? 피부가 진짜 빛난다... ||| 송지효 지금도 이쁜데 저때가 레전드다 ||| 송지효 단발 너무 귀엽다 진짜ㅋㅋㅋㅋㅋ ㅜㅜ ||| 16:47 송지효 따라하는거 개귀엽 ||| 아.. 이번편 광수넘무 짠해.... 지금은 없으면 안되는 존재지만 이때 얼마나 힘들었울까.. 맘고생 심했을거 같다ㅜㅜ,예능
vj8MyrAJ51c,[런닝맨] 횡단 레이스 3탄...아이유와 함께라면 어디든 좋아!! | Runningman Ep. 43,SBS 옛날 예능 - 빽능,이때 광수 ㅈㄴ 불쌍했음. 집 멀어서 제일 늦게 와서 하루종일 혼자 다니고 최종미션때는 오기도 전에 아웃당하고 안습의 절정에 달했던 화였음 ㄹㅇ ||| 신봉선 ㅋㅋㅋㅋㅋㅋㅋㄱㅋㅋ계속 잡히는데 계속 도망다니는거 개웃기넼ㅋㅋㅋㅋㅋ ||| 11:05 엄청 열심히 달리는데 너무 귀여웤ㅋㅋㅋㅋㅋㅋㅋ ||| 23:49 신봉선이 귓속말로 “형부 안녕하세요” 하라고 했나보네 ㅋㅋㅋㅋ 예능 선배답네 ||| 1:10 vj 겁나 웃고 있음 ㅋㅋㅋㅋㅋㅋㅋㅋㅋㅋ,예능
k-jvpoBHmzg,[Legend 예능] 런닝맨 약간 울컥했다ㅠㅠ 7명 💙만장일치 레이스 2탄💙 / RunningMan,스브스 예능맛집,"ㅠㅠㅠ 나 안울었어 울컥한거야 그냥.... (｡•́︿•̀｡)그냥.. 그렇다고.....(｡•́︿•̀｡) ||| 역시 런닝맨은 게스트 없는게 꿀잼인듯 ||| 런닝맨은 멤버들끼리 단합해서 하는게 젤 최고임 .. 게스트 나와서 팀나누거나 스파이시키고 진짜 그런것보단 이런게 짱 ||| 마지막에 하나라는 구호보다 5년이라는 시간보다 이 말 나올 때 조금 뭉클했다 ㅠㅠㅠ ||| 유재석이 줄넘기 7개 넘고 멤버들이 우와~ 하면서 달려갈 때 옆에서 폭죽터져가지고 놀랐을텐데도 불구하고 유재석 안아주려고 끝까지 달려가는 멤버들 모습 너무 보기좋다..ㅠㅠ 내가 이 편을 너무 좋아하는 이유가 7명의 멤버들간의 너무나 완벽한 호흡도 있지만 자막이 진짜 한몫했다는 점, 특히 '하나' 라는 구호보다 '5년' 이란 시간보다 한 데 모이기엔 너무나도 달랐던 여기 우리 7명, 그리고 그런 우리들의 구심점이 되어준 재석. 이 자막이 보는내내 계속 눈물 광광 흘리게 해줬다ㅠㅠ 유재석이 왜 최고의 리더인지 알게해주고 런닝맨이 왜 사랑받는지 알게해준 장면. 내 초딩시절을 함께한 프로인만큼 정이 많이 가는 프로라서 이런 특집이 너무나도 좋다 지금 8명이서도 이런 특집 하나 해줬음 좋겠다 부탁드립니다 보필PD님 ! 눈물 광광 흘릴자신 있습니다ㅠㅠ",예능
6dnV6w040fg,[#유퀴즈] 36화 레전드! 25일엔 오일 파스타(?) ′파스타′ & ′피자′ 먹방 | 유 퀴즈 온 더 블럭 YOU QUIZ ON THE BLOCK EP.36,tvN Joy,유퀴즈는 스태프 웃음소리가 다 들어가는게 너무 좋음ㅠㅠㅋㅋㅋㅋㅋㅋㅋㅋ호탕한 현실웃음 ||| 아 진짜 유느님 고독한미식가같은 프로 해주세요 ㅠ ||| 진짜 유재석은 먹방유튜버로해도 잘될거같애 너무 맛있게 드셔.... ||| 유느님 너무 맛있게 드셔 ㅜㅜㅜ ||| 1:12 다이어트 콜라는 그냥 콜라 드시는게ㅋㅋㅋㅋㅋㅋㅋㅋㅋㅋㅋㅋㅋㅋ뻘하게 웃기넼ㅋㅋㅋㅋㅋㅋㅋ,예능
j7b8n7eU93s,[Legend 예능] 런닝맨 강제 이광수 집들이! 탈탈 털린 멘탈ㅋㅋㅋㅋ/ RunningMan,미우새,이런거 보면 이광수 ㄹㅇ 존나 착한듯 ㅋㅋㅋㅋㅋㅋ ||| 11:56 유재석ㅋㅋㅋ따뜻하게 막말하네ㅋㅋㅋㅋ 개웃곀ㅋㅋㅋ 입술이 낚시줄에 걸린 거야?^^ 왜 저래^^ ㅋㅋㅋㅋㅋㅋㅋㅋ ||| 광수 이번편 존잘...뭔가 안꾸몄는데 거기서 나오는 훈훈한 분위기.. ||| 4:28  막무가내로 누웠지만 발은 닿지 않게 함 ㅋㅋㅋㅋㅋㅋㅋㅋㅋㅋㅋㅋ ||| 정말 친한사이니까 저럴수있지 정말 친한사이 아니면 절대 못한다,예능
bWHKoYH5-x0,[런닝맨] 4명 정도야~ 괴력의 능력자 ep.4,SBS 옛날 예능 - 빽능,스브스 영상은  모두 allvod.sbs.co.kr ||| 난 유재석있는 팀이 항상 이겼으면 좋겠더라 너무 열심히해서 그런가 ||| 이광수저때 지석진이랑 유재석이랑 안싸우고 조용한거봐 ㅋㄱㅋㄱㅋㄱㄱㅋ지금이랑은 분위기가 사뭇다르네 ㅋㄱㅋㄱㅋㄱ ||| 유재석 이름표뜯기 레이스 같은거 하다가 숨어 있는 사람들 냄새로 구별하고 숨어있는거 알아채는 영상 모음도 재미 있을듯 ||| ㅋㅋ런닝맨 초창기에 카메라랑 무전기 소리때문에 걸리는 일이 많았었지,예능
TZpSE_lfxXw,"[Legend 예능] 런닝맨 🔱사신레이스🔱 / RunningMan with 정우성, 한효주, 준호",스브스 예능맛집,ㅇㄴ 정우성 존나 빡겜러 ㅋㄱㅋㄱㅋㅋㄱㅋㄱㅋㅋㅋㅋㅋ 근데 겁나 뛰는데 잘생겼다 ||| 진짜 옛 런닝맨 아이디어가 미침 ||| 초반에 뜯긴 멤버들은 얼마나 심심했을까 ㅋㅋㅋㅋㅋㅋㅋㅋㅋㅋㅋ 데스노트 번호가 앞일수록 사신이 사기인것 같았는데 뒤로 가니까 뭐 손쓸 방법이 없넼ㅋㅋ 옛날 런닝맨시리즈 보면 밸런스 맞추는게 참 기가막혀요... ||| 정우성 피지컬도 씹지린다 얼굴은 뭐 말할 것도 없고 ||| 8:23 ㅋㅋㅋㅋㅋㅋ너 가져 하니까 하하 표정 ㅠㅠㅜㅠㅠㅋㅋㅋㅋ 귀여웤ㅋㅋㅋㅋㅋㅋㅋㅌㅌㅋㅋㅋㅋㅋㅋ,예능
lqa9zJDgq2k,"다이어트댄스, 2019 번3동 한마음가을축제 2019.11.9",일자복근,번3동 다이어트 댄스.... 화이팅,여행/이벤트
kyexru3QYY4,Nashville Vacation Travel Guide | Expedia,Expedia,"I just went on vacation and absolutely loved the city and vibes from the people. Great city ||| Nashville, in my opinion, is the Country Music Capital of the world! ||| This town is on my list of fun and interesting places I want visit in the US, no doubt 👍 ||| So I went December 2019 and really enjoyed it as much as a visually impaired person can on his own.  I had nobody to go with and gave up so just went.  I didn't expect it to snow on my first day I was there lol.  I didn't get to do everything I wanted due to circumstances but would certainly come back.  I came across lots of southern hospitality which was really goo.  I did get a couple of things muddled up but oh well.  Hotel I stayed at was really close to downtown so I went in to see somebody performing and enjoyed a Predators game in NHL too.  When restriction-free travel is back I'll return to go to a concert or two and another Predators game.  As it was my first trip to US I got to also taste the difference between a UK and US McDonalds. I hear everyone is moving there.  I highly recommend Nashville. ||| I would personally like to visit Nashville myself  but especially the Country Music- centered attractions and the murals",여행/이벤트
ZcFS1kBykaA,제 4회 한마당 축제 영상 모음  백석 대학교 실천신학대학원 ATA 총동문회 한나사무엘 선교방송 대표 유길숙 목사,한나Hanna1TV(구 HSM TV),,여행/이벤트
dbu1E4ACJY8,한마당축제  사물한마당 백석대학교 실천신학대학원 ATA 총동문회 제4회 한마당축제 한나사무엘 선교방송 대표 유길숙 목사,한나Hanna1TV(구 HSM TV),,여행/이벤트
_ZJ6BhuIxJQ,한마당축제 국악한마당 백석대학교 실천신학대학원 ATA 총동문회 제4회 한마당축제 한나사무엘 선교방송 대표 유길숙 목사,한나Hanna1TV(구 HSM TV),,여행/이벤트
PIfyWs29THY,신난나 한마당축제 백석대학교 실천신학대학원 ATA 총동문회 제4회 한마당축제 한나사무엘 선교방송 대표 유길숙 목사,한나Hanna1TV(구 HSM TV),,여행/이벤트
vYmgivAPSzE,백석 대학교 실천신학대학원 ATA 총동문회 제4회 한마당축제  한나사무엘 선교방송 대표 유길숙 목사,한나Hanna1TV(구 HSM TV),,여행/이벤트
CfZcXMGpSKM,맛있는 점심시간 백석 대학교 실천신학대학원 ATA 총동문회 한마당축제  한나사무엘 선교방송 대표 유길숙 목사,한나Hanna1TV(구 HSM TV),,여행/이벤트
Statcr87S7k,동아리축제/성남중/이사무엘/한나선교방송/대표 유길숙목사,한나Hanna1TV(구 HSM TV),잘 하네요 ||| (*´∀`)♪ ✨️✨ 처음부터 끝까지 멋진 동영상 감사합니다!  친애하는 친구 😊❤️👍✨️✨,여행/이벤트
UML2ZY0gtKk,백석 대학교 실천신학대학원 ATA 총동문회 제4회 한마당축제 체육대회 한나사무엘 선교방송 대표 유길숙 목사,한나Hanna1TV(구 HSM TV),,여행/이벤트
O_9TgmIg1nA,Bora Bora Vacation Travel Guide | Expedia,Expedia,"When you wanna go to Bora Bora but you’re pora pora 😭 on the other hand, it’s such a beautiful island 🤩🌺 i wanna go and I pray I will go there someday 🙏🏼 ||| We are all self quarantined in Canada. Thanks Expeida. At least we can enjoy the tropical sceneries from home. 🤣 ||| This is one of the most beautiful country in the world with wonderful places graced by mother nature itself. ||| French Polynesia is my favorite place on Earth. The natural lagoons are hard to describe for those who haven’t seen them - it’s a natural Infiniti pool of clear water that is teeming with ocean life.   Tahiti is an amazing rugged island to explore while the city of Papeete gives it an old world charm. Moorea is the island of your dreams to live on…a beautiful island with a shallow lagoon with enough to do to pass the days away while being a short ferry away from Tahiti. And Bora Bora’s beauty is hard to believe - you’ll shed tears of joy as you’re on the plane and approaching this dream-like island surrounded by the most beautiful blue you’ve ever seen. Your final day in Bora Bora as you say goodbye to your over-the-water bungalow will be a strange day of bliss and sadness… ||| Been there twice! My favorite place on Earth. So relaxing and beautiful, and the natives are super friendly. Definitely put it on your “bucket” list!",여행/이벤트
GIQpbfCaNGA,사회관 속초 이별여행 (?_?) / 2018 5월 봄,일루민아띠,갑자기이게뜨네,여행/이벤트
bme0rs75Z3E,Yellowstone National Park Vacation Travel Guide | Expedia,Expedia,"I live very close to Yellowstone and it’s nice hearing people all over the world call my home beautiful! ||| I was here in this summer . I'm from Romania , Europe and this is my favorite place from USA. There are a lot of things to do and places to visit and discover  and you have the opportunity to see something new .It was an amazing experience for me and I can't wait to come back again.  I recommend this place for everyone  who loves the real nature.  And you need minimum 3 days to visit everything and enjoy everything.  🙌 ||| Americans need to realize how lucky they are, they have beautiful nature of all types, deserts, snow, large cities, heavenly landscapes, farms, a rich first world country, the best entertainment industry in the world,  you got it all. ||| The comments on this page remind me that there is still so much good out there on this earth. So thank you to all that read this! Sleep peacefully 🙏 ||| My favorite National Park in the whole US. You have GOT to visit here in winter. Summer is packed with far too many people, but winter has very few. You can take snowmobiled into the park and it’s absolutely magical. Can’t recommend it enough! 😍",여행/이벤트
nJNLnBCQMy0,Los Cabos Vacation Travel Guide | Expedia,Expedia,"I will see you again Beautiful Mexico! I shall return my love! ||| I am American woman from Fort Worth, Texas,  and for as long as I can remember,  I have loved and admired Cabo San Lucas, México. Cabo is one my favorite vacation spots. Cabo is a beautiful resort town  located on the southem tip of the Californian penisula in the Mexican state of Baja California Sur .... ||| Here during quarantine watching Expedia videos.....wishing I could be on vacation ||| I love Mexico! The fpod, the beaches, the people! The tacos!!!! To-dos y todos. ||| Mexico is lucky to have so many amazing places.",여행/이벤트
Q_bNu3RYXAA,Vancouver Island Vacation Travel Guide | Expedia,Expedia,"I'm an immigrant. Living in Vancouver Island for one year now. I gotta say Vancouver Island is the best place I've ever been in my entire life. I'm proud to say it's my *Home* ||| Ive lived on vancouver island for 25 years. Cant imagine living anywhere else ||| Vancouver Island, and British Columbia as a whole, is one of the most beautiful places in Canada and the world. Absolutely stunning and I can't wait to go back there again! The Butchart Gardens are a must see! I'm not even a garden person but even I was in awe at the magnificence of the gardens. I have plenty of family on the island and hope to one day move their myself. Victoria is also one of the most relaxed and enjoyable cities I have been in. Love from Alberta! ||| Vancouver island just looks like just an absolutely breath taking place ||| The cinematography is incredible! Vancouver Island is one of the most beautiful places I have ever seen.",여행/이벤트
1hcQOXYPejA,Bordeaux Vacation Travel Guide | Expedia,Expedia,"I was in Bordeaux 35 years ago and I vowed to return. This year, I will keep my promise. ||| My town. Living in Bordeaux is fantastic. ||| Gosh, that accent! Sounds so poetic and romantic. So classically French! Love it! ||| End of the video: ""There is a river in Southern France which bends like the crescent of the moon and on this bend is Bordeaux whose colors, moods and flavors can take a hundred happy lifetimes to explore! So don't wait until your next life, Bordeaux is ready to savor today""! Very poetic! ||| Your videos are extremely fascinating. You make us fall in love with that place. I♥️ BORDEAUX!",여행/이벤트
00ZXaXIABMY,15 Tips for First-Time Travellers to Japan,Japan Guide,"⚠ *UPDATES* ⚠ This video is now several years old, and some things have naturally evolved since then:  1:38 Internet access: eSIM has since emerged as another convenient way to connect to the internet.  2:22 IC cards: the acceptance of IC cards as payment option has further spread considerably in recent years.  2:30 IC cards: Iphone users can also add a Suica, Pasmo and Icoca card to Apple Wallet and use them digitally.  2:47 Rail passes: the cost of rail passes has increased considerably over recent years, and many of them - especially the Japan Rail Pass - are now much more difficult to pay off than they used to. Use our rail pass calculator to find out whether a pass makes sense for your trip: https://www.japan-guide.com/railpass/  4:55 smartEX is available not only as an app, but also as a website: https://smart-ex.jp/en/  5:23 smartEX: it is possible to make reservations for up to six people at the same time. Instead of using IC cards, it is also possible to use QR codes or print out paper tickets. smartEX can also be used on the Kyushu Shinkansen between Hakata and Kagoshima-Chuo.  7:04 Luggage: the space behind the last row of seats is reserved for those using these seats on the Tokaido, Sanyo, Kyushu and Nishikyushu Shinkansen.  7:53 Food cart services on board of trains have been discontinued along many lines in recent years, including along the Tokaido Shinkansen. ||| I am Japanese and I found this video by accident. All of what were explained in this video are right and useful when you’re gonna visit Japan. Japanese stations are so confusing as even Japanese people are often confused with it, so you should look at navigation boards when you’re in Japanese stations. Don’t worry even if you can’t read Japanese. Most of the navigation boards have English translations so that people from overseas can travel or live comfortably. Enjoy many attractive places and the culture in Japan! ||| I lived in Japan for 4 years.  I really miss it. ||| One the many things I love about Japan is that they always look so clean and relax everywhere, even in the city..... ||| These are really good realistic advice than any travelling tips I've seen. Most travelling advice I've watched are just all ""be nice to people"", ""find your people"", and ""have fun"". Those are not tips, it's just common sense. This video is the best detailed one.",여행/이벤트
mTLirXkbGYk,Monterey Vacation Travel Guide | Expedia,Expedia,"Have you ever visited Monterey? What’s your favorite thing to do in this sunny Californian city? ||| I lived in Monterey for a short time in the early 80's....overwhelmingly beautiful region of our country! ||| I’m so blessed to live here where the beauty is immense. I’m grateful to have eyes to see it all and to breathe the fresh ocean air. ||| I was stationed in the Naval Postgraduate School in the city of Monterey as a 24 yr old in the mid 90s, and I sure got a good dose of Monterey, CA. Lived in nearby Marina and walked it's cold beaches, slept in my car overnight at the vista view of Bixby Bridge, dinners on Cannery Row, frequent visits to Carmel and drives down Big Sur on Hwy 1 all the way to Morro Bay. Breathtaking sceneries that will never be erased in my memory. ||| Very beautiful!!!",여행/이벤트
s1XoYkn3osE,Barcelona Vacation Travel Guide | Expedia,Expedia,"We spent days exploring Barcelona, but as everyone who has ever visited quickly discovers, it would take weeks just to scratch the surface. What’s your favourite travel trip for Barcelona? ||| This lady narrating the video could sell me anything, she is amazing and Barcelona looks so too. ||| one of the best cities in the world,unique architecture,history, culture,Mountain,beaches,amazing parks,gastronomy,Night life,home of one of the world's top sports teams,this is  barcelona ❣️ ||| The food is sooooooo good in Barcelona. It is truly one of the most gorgeous, most cosmopolitan cities in Europe 🍷 ||| Visiting Barcelona isn't complete without Camp Nou, been there before and Barcelona is amazing",여행/이벤트
EWjT3Vs-DCU,Cape Cod Vacation Travel Guide | Expedia,Expedia,When my footsteps landed on Cape Cod it became my home because of the salty clean air and the surrounding of nature at its best... with quaint little villages and best of all fresh seafood at its best... once you come to Cape Cod you'll never want to leave... ||| Lived in the northeast (Connecticut) my whole life but started visiting Cape Cod for the first time in 2017 and I’m 28. I’ve never looked back in terms of long weekend getaways during the summer. I regret not going there younger. May not be for everyone but it’s New England vibe is what attracts so many up here. Currently here as we speak ||| The style and culture of cape cod is one of my favorite for USA beaches ||| I live on cape cod and all these pics just look normal and I recognize a lot of the places btw if you come down for breakfast try the hash at the daily paper ||| I've lived on cape for 4 years now..i absolutely love it here. Except summers can be tough with traffic..but tourists keep us alive,여행/이벤트
Lh19rOVB0kY,Death Valley Vacation Travel Guide | Expedia,Expedia,"Pull on your headphones, turn up the volume, and join us for a truly life-affirming road trip into one of the world’s great wilderness destinations, Death Valley. ||| Thanks Expedia, I can travel to anywhere in the world through screen. ||| I was there mid January 2021. My #1 favorite spot was Dantes view. It's where they filmed the iconic star wars scene of the actors overlooking Mos Isley space port. ||| One of the most beautiful travel video I've ever seen - breathtaking visuals, amazing narration and a music that's feast to the ears! ||| I’ve always been attracted to desert landscapes, can’t wait to take a road trip here",여행/이벤트
ImpROVueIcE,How Dutch Gouda Is Made At A 100-Year-Old Family Farm | Regional Eats | Insider Food,Insider Food,"I love how proud she is of her product :) ||| She sounds like your friend who is trying to explain to you their hobby, and you don't know 100% of what they are saying, but you are happy because it makes them happy. ||| She completely just made my day when she said “old.. Er, I mean “aged” cheese.”  Somebody please help. This woman is too good for all of us. ||| I just love how she emphasizes that their processes and cheeses are ""special"" and I love her for this. She really explained from her heart despite language difficulties. ||| i really respect this lady for trying to explain the process in english to us! this isnt her first language and yet she's still very understandable.",여행/이벤트
NkN3WskMxdI,28 Step Dessert | MasterChef Australia | MasterChef World,MasterChef World,"I'm seriously impressed by how the judges treated the contestant.. The first thing that most of judges asked (that I know of) was usually ""Are u satisfied with ur dish?"", which is always a tricky question.. But these judges always asked, ""Are u happy?"", which made everything so humane  I love it ||| I dunno why I binge masterchef at 3am when I have no food and have to wake up early tomorrow ||| It sounded like they liked the first girl's interpretation more than the original and then proceeded to backpedal once they understood what they were saying. ||| My fav judges are these and the canadian ones. ||| The judges here are so kind, making the chefs calm,and just encouraging them not to give up even though they fail a little or miss something. Not bringing them more pressure and intimidation just like the others on MA😏",여행/이벤트
ctgV7gvd0_M,Travel Skills: Cruising,Rick Steves' Europe,"I really love Rick Steves  videos. He really knows the countries so well and is so informative in the most pleasant way. I watched every single travel video on Europe until I had to start watching them again so I am so glad he is making new videos.. I’ve traveled the world on you tube with Steve as my guide. I hope to someday travel all of Europe in actuality and I will be acquainted with many countries,  because of the videos. Bravo ||| Cruising is a great economical way to sample areas.  Then make note of the areas that you want to travel back to and explore more in-depth for a non-cruise trip.  At least that's what we're doing ||| Love cruising.  Five couples who have been friends since grade school, now in our late 50s, it s got something for everyone.  Every year or two, off we go.  Some stay on ship all the time, some will do one excursion per cruise, and some adventure off on their own at port.  Just don t be late, we get back an hour early to be sure not to miss embarking on time.  The ship won t wait for you if you are not booked through their excursion.  Wake up to a new adventure every day.  Evenings, entertainment and dancing with life long friends.  We all love it. ||| Thanks for putting a new angle on your travel videos! I am making it my goal to watch ALL of them! ||| Thanks for sharing a cruise video Rick. We love to cruise and love celebrity cruises. Best way to get around and see as much as possible.",여행/이벤트
-sZmn_FLle8,Canadian Citizenship Feast! | MasterChef Canada | MasterChef World,MasterChef World,Miranda should’ve saved Mathew from the pressure test cause he legit passed out for a moment for the team ||| 2:47 Miranda : GUYS CAREFUL!!! Also Miranda : Drops the tray ||| You know it’s really bad when the judges jumped in to help both teams. That has never happened before. ||| Why isn’t everyone talking how nice the judges are? They helped the contestant :0 if this was the US version- this helping thingy isn’t gonna get true oof ||| 3:42 i like how claudio just yeeted the pot it was hilarious im choking so bad😂😂😂,여행/이벤트
dvyk--W1Du4,자 요기요 요기 바라바 바라바 사진 백석대학교 실천신학대학원 ATA 총동문회 제4회 한마당축제 한나사무엘 선교방송 대표 유길숙 목사,한나Hanna1TV(구 HSM TV),,여행/이벤트
WsPPK9QMl0c,Ross's Intricate Stone Fruit Dessert Challenge | MasterChef Australia | MasterChef World,MasterChef World,"They do this stuff and I'm sitting here trying to figure out for 20 minutes why my water isn't boiling. ||| This shows the difference in ability between a AU contestant and even a US winner. ||| Since Elena was the winner of this season and Elise finished 4th, that means Zoe got eliminated here ||| Indonesian biscuit 😍😍😍 love from your neighbor. I have to be honest.. AU Master Chef is the only MC show that is loaded with positivity. Unlike those in other countries which are loaded with harsh comment, and drama. ||| When cup noodles is your everyday food, McDonald's is your fancy food, then you see this-",여행/이벤트
cVYq8_duJA0,Facing a Double Elimination | MasterChef Canada | MasterChef World,MasterChef World,"Masterchef Canada dramatic moment: ""I don't like this"" Masterchef USA dramatic moment: *yeets entire plate into trash can* ||| 'Did you taste it?' (Lies) yes.  Few seconds later. 'Is this your standard?' 'No' 'Thanks for being honest.' Claudio sensed it... ||| My heart dropped when I saw the past winners standing on the stage along with the judges... so legendary ||| I think my biggest fear, if I ever join Master Chef, will be dropping the plate when I’m walking over to the judges 😂  Can’t believe I wrote this three years ago and people are still commenting :D ||| Beccy seems the kind of nice girl who has a massive doll collection...all missing their heads",여행/이벤트
ier2nD5qfas,"Flight Attendant Saved the Girl After Seeing the Note ""Help Me""",BRIGHT SIDE,"Hey there, BrightSiders! What’s the best way to spend your flight? ||| *It's really cool that they managed to rescue the girl...* Respect 😊 ||| When I leave a plane, I always stare into the flight attendant/pilot's eyes, shake their hands and say ""thank you"".  Stops the line for a second, but I think it makes their day.  They have to deal with many many people.  I hope they appreciate that. ||| 1:25 *""Do you think the Earth is flat?""* Nice conversation starter ||| The flight attendant is Sheila Fedrick and the little girl is Alicia Kozakiewicz.  Truly an amazing story.",여행/이벤트
x2ClfMambuQ,가수 김영 / 아니 뭐 (원곡 : 서정아),노신선,❤ ||| 김영가수님 13💓더위를 잊게하네 아니뭐 멋지게 커버 하셨습니다 고운음색에 푹빠져들어갑니다 풀청하고 큰박수 보냅니다!!🤘💘💘💘 ||| 14💕오늘 폭염이 절정이라고 하는데요 김영가수님~^^ 아니 뭐“ 예쁜 보이스 노래와 아름다운 영상 눈 시원한 설경을 보니 더웠던 몸이 시원하게 싹 가시네요 풀청하며 늘 응원합니다 👍👍👍👍👍👍👏👏👏👏👏👍👍🙆🏻‍♂️❤️🙆🏻‍♂️ ||| 김영가수님  넘넘  멋지고 ㆍ 시원한설경보니  더위가싹 ㅡㅡㅡ가시네요 잘듣고갑니다ㆍㅡ홧팅 ||| 가수김영님  무더위 눈 구경  시원  합니다 오랫만에  고운 목소리 노래 즐감 하고 응원 합니다,여행/이벤트
CmhVK1iUnEQ,피구대회 백석 대학교 실천신학대학원 ATA 총동문회 제4회 한마당축제 한나사무엘 선교방송 대표 유길숙 목사,한나Hanna1TV(구 HSM TV),,여행/이벤트
VR3muPMkmt8,Cooking for Troops | MasterChef Australia | MasterChef World,MasterChef World,"damn reynold carrying that entire team ||| ""Reynold is our secret weapon"" 🙌 ||| Ugh. God bless the people who had to go against Reynold in a dessert match ||| Reynold is literally the asian Gordon   Ramsay of desserts. ||| 1:07 - My mother would have smacked me with a fork and told me to chew with my mouth closed at our dinner table.",여행/이벤트
P7pAIyqSOzU,사진 ATA 쏴랑 합니다 백석대학교 실천신학대학원 ATA 총동문회 제4회 한마당축제 한나사무엘 선교방송 대표 유길숙 목사,한나Hanna1TV(구 HSM TV),,여행/이벤트
msALkImSl4c,[트리플] 완전 쉬운 여행일정 짜기! 요즘 누가 여행일정 일일이 짜요?(여행계획어플),트리플,"트리플 하나면 여행일정부터 항공, 숙박, 투어까지!\ ||| 무료 앱인가요?",여행/이벤트
67MFGog-ITw,[트리플] 완전 쉬운 여행일정 짜기! 요즘 누가 여행일정 일일이 짜요?(다낭편),트리플,,여행/이벤트
DDiZ3kdZs38,"[트리플] 여행 일정짜기의 역사 - 아직도 2,000년대 방식으로 하세요?",트리플,,여행/이벤트
l4VPjOtomNI,복잡한 여행일정 완전쉽게 짜는 꿀팁!,방구석TV,직관적으로 알기 쉽게 구성되어 있어서 놀랐습니다~ 다른 사이트나 어플도 활용해 보았지만 마이로에서 가장 도움 많이 받았어요~ 감사합니당!^^ ||| 이런거 정말좋아요~~^^ 좋은영상 감사합니다 ㅎㅎ 세상이 점점 좋아지네요 ||| 좋은 정보 감사해요 ㅎㅎ 곧 발리가는데 활용해봐야겠아요!!! ||| 짱!! 시간도 없고 짧은 시간 내 최소 동선으로 갔다오고 싶었는데 혼자 여행 짤 때 넘나 좋았어요^^ ||| 이번에 다낭 여행가는데 써보니 정말 간편하고 재밌네요~일정짜느라 스트레스 받지 마시고 한번써보세요~강추!!,여행/이벤트
qs_JuzJ7GZg,유럽 초보여행자들도 단박에 고수되는 여행 일정 짜는 노하우 전격공개!ㅣ유럽여행 꿀팁 A to Z [여행백과사람/여행온도125˚],여행125,진짜 여행백과 체고👍 ||| Que  Hermoso 😍😘😗😍😍😍 ||| 감사합니다! ||| 아 이분 진짜 전문가인 듯요~ ㅎㅎ ||| ㅋㅋㅋㅋㅋㅋㅋㅋㅋㅋㅋㅋㅋㅋㅋ 개꿀팁이네여,여행/이벤트
RVxDPtxMxmg,3박4일 방콕 자유여행  일정! 패키지에 질렸다면 이대로만 따라 하세요.,여행좋아요,"여행은 자유여행 입니다  자유롭게 영상 잘 보고 갑니다 감사합니다. ||| 태국을 지금까지 4번을 여행했는데 여행 갈때마다 새롭고 돌아오기 싫어지는 매력적인 도시에요....ㅠㅠ 전 여행 갈때마다 안가본 곳 위주로 가는데... 다음엔 어디로 갈까 너무 설레네요 ㅎ ||| 방콕은 4박5일 코스가 제일 좋은거 같아요. 2일 동안 왕궁(왓포+왕궁마사지+탐마삿 학식),왓아룬,카오산, 짜투짝 돌고 2일은 쇼핑이나 나이트라이프(야시장 or 클럽), 루프탑 택1 코스로 시암에서 텅러 에까마이 사이에서 놀면 초보 관광객 입장에서 여유있게 호텔 조식,수영 다 즐기면서 방콕 다 본거죠. ||| 태국에 살고있는 가이드 입니다 우연히 보았는데 정말 잘 콕콕 찝으셨네요^^ ||| 방콕여행 계획중인데 한번 여행가면 관광지 다 가는 스타일인데 추천해주신 곳들 위주로 일정을 짜봐야겠어요!  알기쉽게 설명해주셔서 감사해용",여행/이벤트
twmObBU164s,리스본 48시간 일정 대신 짜드려요 (핫플 맛집 총정리) | 우아한노마드,Ooh Ahh Nomad 우아한노마드,"5월에 포르투갈에 아내와 함께 15일 일정으로 여행갑니다. 리스본일정을 연구중인데, 이 영상이 정말 큰도움이 되었습니다. 차분한 나레이션과 디테일한 설명에 감사드립니다~ 당연히 구독은 꾹 눌렀죠~~^^😊 ||| 안녕하세요  저는리스본을두번갔는데도.계흭없이다녀 아쉬움이  많는데. 잘정리해주셔서 너무나유익합니다 다음기회에 꼭따라할래요 감사합니다~^^ ||| 마음만 그곳에 가 있네요. 잠시  멈춘 이시간들 동안 공부 잘하다 보러 가겠습니다.영상고맙습니다. ||| 영상 너무 잘만드셨네요 잘보고갑니다 ||| 언젠가 가보고 싶은 곳인데 뭐 설명해주셔서 감사합니다❤",여행/이벤트
AB6FkXRLu-o,[트리플] 해외 여행 일정 공유하는 방법! 나는 어떤 타입일까?,트리플,,여행/이벤트
iLq_baxsdXo,여행 #04. 일본 규슈 어디갈지 정하기전에 보세요,워킹디디,목소리에 비해 배경 음악이 너무 커요ㅠ 볼륨을 높이기도 낮추기도 애매하네요 ||| 내년 초에 여행을 꼭 가야지 생각하고 여러 영상 둘러보는 중입니다. 워킹디디님 덕분에 계속 정하지 못했던 여행 지역을 드디어 정했어요!! 이제 일정만 짜면 될 거 같아요. 정말 고맙습니다. ||| 규슈여행 가시는분들 필히 보세요 최고의 여행정보입니다 간단명료하게 친절히 설명 너무나 잘 들어습니다 화이팅 ||| 처음이자 마지막으로 갔던 일본이 규슈 지역이었는데 다시 가봐도 될만큼 재미도 있고 볼거리도 있던거 같아요. 다만 규슈는 휴양지 느낌이 타 지역보다 쌘 느낌이라 다음에는 오사카나 도쿄 쪽도 가보고 싶네요 ||| 일본 혼행 준비중이라 이것저것 알아보고 있는데 가장 정리 잘 되어있는 영상 같아요  잘 보고 갑니다 ㅎ,여행/이벤트
-VFlloJWoH4,포르투 여행/한달살기 가이드 Ep2 - 핫플레이스 완벽 가이드 | 우아한노마드,Ooh Ahh Nomad 우아한노마드,라고스?의 동굴인가? 티비에서  보니   꼭 가봐야할곳   1위  ㅡ홧팅 하세요🎉🎉🎉 ||| 그리운 포르투.. 🇵🇹💙 ||| 와 영상미나 목소리가 너무 좋아요.. 곧 10만 20만 찍으실꺼에요.. 포르투 와 있는데 좋은 영상 감사합니다.. ||| 잘보았습니다!! ||| 지금누리고 행복한 시간들 예쁜 추억 많이 만들어 보세요,여행/이벤트
eLmkAunK4QY,"[북해도 패키지] 로맨틱 '인생 여행'을 위한 최고의 가성비!! (해외여행, 일본여행)",만나투어 | 진짜여행을만나다,고쿄가고싶은데 왜가격이안내려가는지요? ||| 언젝적 러브레터냐? ㅜ,여행/이벤트
bJykwhu9N9g,"대만 타이베이 여행, 핵심의 핵심만 뽑아낸 진짜 가이드, 쌩초보도 10분이면 감 다 잡아요.",트립콤파니,"대만에 다녀온 사람인데 진짜 설명이 쉽고 핵심을 잘 알려주시네요 보고갔으면 더 좋았을걸~ 바로 구독누르고갑니다 ||| 진짜 수저로 다 떠먹여주는 영상 ㅋㅋㅋ  지도에서 포인트를 찝어서 설명을 해주시니, 여행스케쥴 짤 때 진짜 좋을 것 같습니다 ^^  딘타이펑과 빙수를 먹으려면 융캉제를 꼭 가봐야 되겠네요 ㅎ ||| 전반적인 개요 설명은 이 채널이 짱임!! 제일 잘함!! ||| 대만 다녀왔었는데 진짜 핵심만 콕 집어서 너무 잘 가르쳐주시네요ㅋㅋ 첫 자유일정 해외여행이었는데 교통이랑 치안도 좋고 음식이 가격대비 가성비도 괜찮았어요. 중국+일본 느낌이라 이국적이기도 하고 초보 해외여행자들한테는 좋은 곳이었어요ㅎㅎ ||| 진작 봤더라면 훨씬 쉽게 대만을 이해했을거 같아요. 쓸데없는 잡설이 없는 것도 정말 좋습니다.",여행/이벤트
2F1dFLosV-A,방콕 자유여행 코스는 직접 짜야 재밌습니다. 트래블콕 제작 방콕 주요스팟 지도 공유드리니까 여행 일정 참고해보세요~,트래블콕 | 방콕여행 설계자,감사합니다 ||| 항상 좋은정보 알려주시느라 고생하시네요  유익하게 활용 하겠습니다....감사 합니다 ||| 다정하게 말씀해주시는 목소리와 한눈에 익혀지는 설명이 너무너무 좋아요  혼자 루트 짜는 중인데 진작 볼걸 그랬어요 ㅎ ||| 정성껏 만든 구글맵 공유 너무 감사드립니다~ 이번에 방콕 여행준비에 도움이 많이 되네요 ||| 이런 영상을 돈 안주고도 볼 수 있다는게 죄송할 따름입니다😭 정말 방콕여행 준비할 때 많은 도움이 될 것 같아요 목소리도 완전 좋으시고 설명도 잘 해주시고 지도까지....너무 친절하신 것 같습니다 너무 감사드려요😊,여행/이벤트
JEVtuEmqu-g,[발리여행] 가성비 죽이는 호텔! 발리힐튼 리조트,여행또여행,누사두아 묵을 호텔 살펴보다 아주 유익하게 봤습니다. 리노베이션 된 룸으로 힐튼 홈에서 예약이 가격이 좋네요. 영상 감사해요^^ ||| 진짜 뭐지 유투브너무좋은데요? 구독 ㅠㅠ,여행/이벤트
k-tfk8qFGYI,[※그알싶] 이집트 여행 패키지 는 솔직히 어때? 가격/필수 코스/장단점 샅샅히+솔직하게 분석 (5분 순삭) l 내 돈주고 가서 리얼 후기 보증,썽으니 랜선여행[SUNG Travelog],힝.. 귀걸이 건내준거 천사 아닙니까.. 제가 다 찡해요😂감동쓰 ||| 이 영상을 보고 Vlog로 성공하는게 얼마나 어려운지 깨달았다. 큰웃음과 깊은 깨달음까지 모두 감사합니다. ||| 아 ㅋㅋㅋㅋㅋㅋㅋ 자막이랑 나레이션 너무 재밌네요 대박입니다 ㅋㅋㅋ ||| ㅋㅋㅋㅋㅋㅋ나레이션 편집 대박😍엄청 재밌어요! ||| 편집속도 뭐하나 빠짐이없이 멋있다,여행/이벤트
WzTcoxzr354,1박2일 벳부 여행 개꿀 코스 알려준다,윤튜브,일등이다! 아닌가??? ||| 윤작가님 동영상 보고 이번에 벳부여행 잘 다녀왔습니다. 카메노이 스이텐 유노하나 코스로 추천해주신대로 하니 가족들도 만족도가 최고입니다. 감사합니다 ||| 유튜브 구독자 2~3만 일때까지 악플 엄청달러 사람들 많이왔었는데 영상 몇개 보니까 지극히 정상적이고 똑똑한 사람 워낙 악명이 자자하길레 뭐하는분인가 해서 봤는데 꾸준히 보게되네요. 영상좀 자주올리세염 ||| 윤서인님 목소리 너무 좋아요~ asmr로 들으면서 자도 좋아요~ 큐슈 참 좋아하시는거 같아요!,여행/이벤트
CXOJtG_dUn8,코타키나발루 해산물 맛집 가성비 굳! 여행은 역시 먹방 이지~ | 이앉,이앉 Next Travel Project,모닝글로리슬레이어 칭호를 획득하셨습니다. 여윽시 여행먹방러답게 잘드시는 군요. 다음에는 더욱 막 드셔주세요 ㅋㅋㅋ ||| 새우 진짜 크네요~!!ㅋ 먹방 좋아요~~ ||| 오우 정말 가보고싶네여.. ||| 1등 이다~^^ ||| 2등~~~~~~,여행/이벤트
5v5oBe3lqRo,크루즈여행 가성비 갑으로 가는방법  #크루즈여행예약방법 #크루즈여행온라인체크인,투어킹TourKing,유익한 정보네요 ~ ||| 키키님 이뻐요~ 키키님이 가이드해주시나요~? ||| 키키님과 어떻게 소통하죠?^^; 친구커플이랑해서 커플 두팀 크루즈여행가고 싶은데... 바쁘기도하고 직접 예약하기는 어렵고 해서 크루즈예약대행 좀 문의드리고 싶은데.. 알려주세용 ~ㅎㅎ,여행/이벤트
7D7RlmWfFho,새벽 4시에 숙소 도착...😱 살인적인 패키지여행 일정 (절레절레),잼쏭 jemissong,"잼쏭부부는 진짜 행복바이러스 인듯.. 보고있음 흐믓하게 웃음나오고 그냥 힐링이되네요~ ||| 잼쏭부부 보다보면 그냥 빠져버려요 두분이 매력이 있어요 ||| 가끔 패키지 보면 편해보여서 가고 싶었는데, 이 영상보니 쉬고 싶을 때 쉴 수가 없는게 문제네요 ㅋㅋㅋㅋ ||| 3일째는 언제 올라오나요?!~ㅎㅎ 잼나요😊😍 여행 중에도 이렇게 편집해서 올리는 거 진짜 대단한 일이란 생각이드네요!~👍ㅎ 그동안 여행 다녀오느라 잼쏭부부 영상도 짐 몰아보기 다 했어요^^ㅎㅎ👀❤ ||| 아이고....피곤하실텐데 밤낮 바뀌시지 않으실려고 고생이 많으시네요...",여행/이벤트
ekbPOuai4Xk,제주도 여행 브이로그🌴 가성비 최고 서귀포 호텔 | 제주먹방 / 済州島旅行 (日字幕),LunLuns,"앜ㅋㅋㅋㅋ 한국 특유의 친밀함이네요~ ""공주마마님~ 기다리세용~~"" 한국어른신들의 정 ㅋㅋㅋ 정말 최고입니다 ㅋㅋㅋ ||| 로미 앞머리 까고 양갈래하니까 더 애기애기같고 이뻐요 ㅠㅠ찰떡! ||| 며칠 전부터 계속 보고 있는 채널인데 진짜 너무 힐링 된다 해야되나 막 로미가 말 하는 것도 귀여워서 바로 구독 했고 보는 영상마다 다 좋아요 누른 거 같아요 ㅠㅠ 이 채널 엄청 떴으면 좋겠어요 세상 귀여운 로미 이 세상 사람들이 다 알았으면 좋겠당 🥺🥺 그리고 아직 어린 로미에게 앞으로 좋은 일만 생겼으면 좋겠어요 ☺️ 그리고 편집도 되게 깔끔하게 잘 하시고 뭔가 하나하나 다 설명 해 주시는 부분 너무 좋아요! 앞으로도 많은 영상 올려주세요 😍 ||| 지금도 애긴데 로미짱 이땐 더 애기었구나,,,윽 귀여워 심장아파💘 ||| 이번년 여름 맞나요ㅠㅠ 너무 애기애기해서 작년인줄 알았어용",여행/이벤트
1lcdSJeNLAw,최고의 호주여행을 찾아서! 호주의 참된 여행지 ㅣ 그동안 몰랐던 곳도 있잖아!?,여행125,"좋은 영상과 깔끔한 정리, 좋습니다 ||| 저도 '여행온도 125'로 출처를 남기고 수업 자료로 쓰겠습니다. 사람도 예쁘고, 자연도 예쁘네요. 괜찮을까요? ||| 영상 좀 퍼가두 될까요?? 학교과제에 넣게여 ||| 호주여행  다좋아요  근대  중요한건 위험한 요소도 많다는 거예요 호주는 매춘이 합법적입니다  합법적인  매춘  인나라에서   매춘  여성들이  다 어디에서   오는걸까요   가난한  나라  여성들이거나   여행중  행불자 이거나    유학생  들  입니다    아무리   매춘이  합법이라  하지만   매춘 여성들을  바라보는   매우  않좋게   바라보는게   현실이다 보니   그나라   여성들보다   타국민들을   사용하는거예요",여행/이벤트
NB5mMX-ASLI,"괌 여행을 편하게 하는 법, 빠르게 보는 4박 5일 괌 여행 일정",레디꼬Ready Go TMD,꼭 한 번 가보고 싶었던 곳인데 이렇게 멋진 영상으로 담아 보여주시다니 더욱더 가보고 싶어졌어요!! 더구나 여행 관련 정보들까지 넣어주셔서 감사히 잘 봤습니다~^^ ||| 꼭 한번 가보고 싶은 곳입니다~ GUAM ||| 괌은진짜 너무가보고싶은여행지에요 잘봤어요!! 다음에꼭 가볼려구요 ||| 광고인듯 광고아닌 광고같은 컨텐츠네요 그래도 참고가 됐습니다 ㅎㅎ ||| 레디꼬님 오랜만입니다 ㅎㅎ 괌은 제 신혼여행이지이자 첫 해외여행지인데 뭔가 아쉬움이 남아서 여러번 다녀왔습니다. 여기서 영상으로 다시보니 참 좋네요 ^^,여행/이벤트
KvYf6XcOhd4,(🇮🇹) 이탈리아 피렌체 관광명소 BEST 10 여행코스 추천! l 이탈리아 이상호 가이드,이탈리아 여행연구소 (with 이태리부부),"이탈리아 여행정보 종합편, 통합링크 먼저 살펴 보시고 궁금한 점 있으시면 네이버 카페 질문/답변 게시판에 질문 남겨주세요. * 여행정보 종합편 https://blog.naver.com/day3737/223776744601​ * 통합링크(투어추천/숙소수천/식당추천/추천상품/출간도서) https://link.inpock.co.kr/day3737 * 네이버 카페(여행후기/질문답변) https://cafe.naver.com/italybubu ||| 정리왕 이상호가이드님, 정말 대단합니다... 대체 이 바쁜 여름에 언제 이렇게 준비하는거예요! ||| 이태리 관광 구석 구석 차분하게 가이드를 정말 잘하시네요~ 한번 더 가서 가이드님 안내를 받아야겠어요~^^ ||| 베네치아  투어 가이드님이랑 같이 했어요 넘 해박하시고 친절 하셨어요 감사합니다 ||| 차분한 설명과 성우 같은 목소리 좋습니다. 귀에 쏙쏙 들어오네요 유로 자전거 나라 애용해야겠어요 ㅎ 마이*얼 트*만 이용했는데..",여행/이벤트
orNjusMmbOQ,(🇮🇹) 이탈리아 밀라노 관광명소 BEST 10 여행코스 추천!  l 이탈리아 이상호 가이드,이탈리아 여행연구소 (with 이태리부부),"이탈리아 여행정보 종합편, 통합링크 먼저 살펴 보시고 궁금한 점 있으시면 네이버 카페 질문/답변 게시판에 질문 남겨주세요. * 여행정보 종합편 https://blog.naver.com/day3737/223776744601​ * 통합링크(투어추천/숙소수천/식당추천/추천상품/출간도서) https://link.inpock.co.kr/day3737 * 네이버 카페(여행후기/질문답변) https://cafe.naver.com/italybubu ||| 이상호 가이드 유튜부 모두 즐감하고 계속 구독하고 있네요 >> 열정과 노력이  대단합니다. 칭찬합니다. ||| 늘 잘보고 있습니다 꾸밈없는 두부부 영상들이 담백해서 좋습니다 ||| 덕분에 일정을 다시 정리할 수 있었습니다.감사합니다. 항상~~!!!!!!!!!!!! ||| 부지런하고 아름다운 이야기 늘 잘 보고있습니다.",여행/이벤트
DgPFiY876Z4,(🇮🇹) 이탈리아 돌로미티 여행 준비중이세요? (기본코스 정리)  l 이탈리아 이상호 가이드,이탈리아 여행연구소 (with 이태리부부),"이탈리아 여행정보 종합편, 통합링크 먼저 살펴 보시고 궁금한 점 있으시면 네이버 카페 질문/답변 게시판에 질문 남겨주세요. * 여행정보 종합편 https://blog.naver.com/day3737/223776744601​ * 통합링크(투어추천/숙소수천/식당추천/추천상품/출간도서) https://link.inpock.co.kr/day3737 * 네이버 카페(여행후기/질문답변) https://cafe.naver.com/italybubu ||| 와 설명 진짜 잘해주시네요. 큰지도로 보여주시니까 큰 그림이 확 그려지네요 ||| 브리핑 정말 좋았습니다.  몇 년째 계획만 세우고 있는데  꼭 한번 가려고 합니다. 감사합니다. ||| 가이드님, 이 루트 뒤집어서 메스트레부터 시작했어요. 큰 그림 잘 그려주셔서 정말 감사드리고 대중교통으로 하면서도 크게 불편함 없었습니다. 건강하시고 돌로미티에서 좋은 시간 되시길 바라겠습니다. ||| 잘 듣고 보았습니다. 해설과 영상 사진, 지도를 이용한 설명! 정말 멋집니다. 돌로미티 꼭 가보고 싶습니다.",여행/이벤트
crwtqZ_8SIA,"[트리플] 처음 떠난 파리 여행, 정말 만족스러운 일정이었다 (6s) 2편",트리플,"✈️ 트리플이 해외여행비 총 1,000만원을 드립니다. 🎁 참여만 해도 컵라면 100% 증정!  지금 바로 앱에서 참여하세요! ▶️   https://triple.onelink.me/aZP6/567fc6a7",여행/이벤트
qdKV2uqAlfI,마카오여행 많고 많은 호텔 중 어디갈까? 가성비 갑 호텔 추천 리뷰!,도즐맘TV 도전을 즐기는 엄마의 여행,"요즘 메리엇 가격이 마카오에서 가격 top3 안에 드는 곳이라 가성비 라고 하기엔... 그냥 좋은 호텔이지요 ㅎ ||| 영상 정말 잘 봤습니다 저도 오래전에 객실 디테일만 보여드리는 영상을 찍기는 했는데, 라운지는 경험을 못했거든요. 수영장은 둘째치고 1박에 6만원 차이로 라운지를 즐길수 있다면 3식구 대비 가성비가 상당히 좋은 편이네요!!! 마카오에 살면서도 호텔을 자주 가기 어려운데 이렇게 영상으로 대신해도 시원하고 재미있네요~!! ||| 올겨울  마카오가보려고 하는데 정말 꿀팁이예요~~~",여행/이벤트
XCXZc_oCUB8,"[안쌤] 후쿠오카 여행 가이드+큐슈, 여행일정 지도 꿀팁+SPOT!",여행&언어&외국 반응[안쌤],구독 채널 인사드리러 왔습니다!. 서울은 날이 좋네요ㅎ 좋은하루 되세요!,여행/이벤트
II89d36BXFg,다낭 호이안 여행 42편  다낭 가성비 좋은 해산물 식당 냐항탄빈 Danang seafood restaurant,혼블러Honveler,지금 메뉴 굴 조개 새우구이 튀김 해산물볶음밥 공심채  씨푸드볶음면 다먹고 갑니다 좆맛탱 베트남와서 젤루맛있었어요   감사합니다 ||| 저번 다낭 여행때 진짜 큰도움 됐어요 특히 딘반꺼는 너무 좋았네요 다낭여행 정보는 탑입니다 진짜 ||| 리뷰가 환상적이네요! ||| 녹색유니폼 언니 너무 고마워서 팁 십만동 드리고 갑니다 ||| 지금 와서 먹는데 조개 구이 너무 맛있어서 하나 더 시켰어요 근데 가격이 얼만지도 모르는데 동영상에서 보여주신 조개탕 칠리새우 그리고 조개구이 2개 콜라 3개 시켰어요 ㅋㅋㅋ 그리고 동영상 보여주며 주문했더니 캡쳐 해갔어요 ^^,여행/이벤트
HqhEczPCyrY,🇵🇭팔라완 엘니도여행 팁 총정리 📍일정무료배포/맛집/호텔/코스,허니블링,"이런 센스있는 나눔,,최고예요,,,,ㅜㅜ ||| 이번겨울에꼭가보고싶네요  감사합니당 ||| 허니블링님의 일정표는사랑입니다💃❣ ||| 허니블링님 인스타보고 휴가로 팔라완 가려고 하는데, 일정까지!!!! 좋은정보 될꺼같아요",여행/이벤트
aKHt6sZWyGI,아이여행 백과사전 『아이여행 가이드북』,상상출판,,여행/이벤트
Sj7o0svmb9E,[여행] 중국 계림 양삭 1박 2일 릴렉스 힐링 여행../일정공유/ 혼자 여행 / 구이린 양수어 桂林 阳朔 /걸어서 세계 속으로 컨셉...,일상다반사 Soñador,라오짜이산 올라가느라 죽는 줄 알았어요😂 ||| 2007년에 갔었는데~~~~양슈오가 너무 발전해버렸네요~ㅠ 서제 거리도 너무 도시화 되어버렸고~~~으~~~~ㅠ   저런곳은 소문이 안나야 하는데 ㅎㅎㅎ  다행히(?) 한국에서는 잘 모르는거 같네요~~~제가 한번 더 갈때까지 소문 안났으면 합니다 ㅎㅎㅎ ||| ㅋㅋㅋ아직유튜브하시나요?? 자막들이 너무 재밌어요 ||| 목숨값 5위안...ㅋㅋㅋㅋㅋ 영상만 봐도 여행 갔다온 거 같아요!!,여행/이벤트
j0gndrcU9cM,[ENG] 제주도 여행 가성비 호텔 추천! 호텔 1박에 5만원대🤩 제주 오션 팰리스 호텔 소개 후기 격주부부,델리부부 Deli Bubu,여기 아는사람이 호텔리어로 일했었는데~ 루바스위치 어차피 안된대 고장이래유 ㅋㅋㅋㅋ 지금 일하는사람들도 모를거라던데🤣 히힛 ||| 저희 가족은 아직까지 제주를 여행을 한번도 못 갔네요..ㅠ 영상 보니 빨리 가고싶네요!!ㅎ 영상 잘 보고갑니당. 자주 놀러올게요^^ ||| 보기 넘 좋으세요. 여행 눈으로 호강합니다 ʚ😊ɞ🥰👍🏻 ||| 본 영상이지만 또 놀러왔어여 ^^ !  잘지내고 계시죵! 재미있는 영상 또 올려주세여 ^^  같은 부부라 공감이 많이되거든요 ^0^! ||| 오 가성비도 좋고 깔끔하네요 나중에 제주도 갈때 영상 참고해야겠네요^^ 좋은 정보 영상 고맙습니다 잘 보고갑니당👍😊😊,여행/이벤트
z94LjhU4B38,"(ENG)가고시마 여행 코스 짜드림. 이대로만 떠나세요👀사쿠라지마 화산섬투어, 덴몬칸, 료칸 소개(일정표 공유)",나이스민,"자세한 여행 루트가 궁금하신 분들은 댓글로 이메일주소 적어주시면 보내 드리겠습니다🤗 도움이 되셨다면 여행 다녀오셔서 구독과 좋아요 부탁 드릴게용💚  대댓글은 확인이 어렵습니다😢 일정표 신청은 신규 댓글로 부탁드립니다~ ||| 동영상 잘 봤습니다!!! 가고시마 사람이에요~제가 사랑하는 가고시마를 소개해주셔서 감사합니다💕 동영상 에 나온 초밥집은 진짜 인기가 있었던 맛집이지만 요즘 없어졌어요ㅠㅠㅠ (다른 곳으로 옮겨간 것 같아요). ||| 동영상 잘 봤습니다 ☺️ 저는 가고시마에 살고 있는 일본인인데 이렇게 제 고량을 매력적으로 소개해 주셔서 감사합니다ㅎㅎㅎ 지금(2022.3월) 돌핑포트는 없어져서 거기에 있었던 멧케몬도 없어졌어요… 멧케몬은 가고시마 안에서 여러가지 지점이 있으니 거기에 가면 될 것 같아요! 그리고 가고시마는 흑돼지가 엄청 유명한 곳이라서 가고시마 여행을 하실 때는 흑돼지 샤브샤브도 꼭 먹어 보세요🤤 코로나가 빨리 끝나서 가고시마에서 많은 한국 분들과 만날 수 있으면 좋겠어요😌 ||| 우아 우아 저도 가고시마 다녀왔는데 관련 영상 정말 없거든요 ♥♥ 너무 반갑네요 ♥♥ 여행 팁도 소개 해 주시고 너무 좋아요 ^^ ||| 2017년에 아들과 4박5일 다녀온 가고시마~ 영상으로 다시 보니 추억이 돋아나고 너무 좋아요 ^^ 가고시마는 음식도 맛있고 풍광도 정말 색다르고 좋았습니다 이부스키갈 때는 타마테바코 기차를 탓고 멧케몬 초밥, 흑돼지 샤브샤브, 추오역에서 매일 사먹었던 사츠마아게  정말 강추합니다! 다시 방문하고 싶은 도시 중 제일! 영상 잘 봤습니다 ^^",여행/이벤트
FiucJGkZKl8,스페인 마드리드 여행코스 맛집 근교의 모든것 이영상 하나면 충분합니다,허니문 알려주는남자,아 형님 속도감 진짜 제 스타일입니다.감성 브이로그면 느릿느릿 정보 위주면 형님처럼 빠른 전개가 어울리는데 이도 저도 아닌 영상보다가 정보 전달면에선 최고신 것 같습니다 ||| 우와 딱 핵심만 정리해주셔서 넘 좋아요!! ||| 총정리 👍👍 감사합니다! 대박임!! ||| 진짜 자세한 설명 감사합니당 ||| 계획짜는데 도움됐어요!!,여행/이벤트
O3XGHkT9ZQQ,[트리플] 전직 승무원의 여행 맛집 노트 공개썰! (여행계획짜는법 / 여행일정 짜는법 /여행계획어플/ 여행꿀팁),트리플,"✈️ 트리플이 해외여행비 총 1,000만원을 드립니다. 🎁 참여만 해도 컵라면 100% 증정!  지금 바로 앱에서 참여하세요! ▶️   https://triple.onelink.me/aZP6/567fc6a7 ||| 너무이쁘시다... ||| 트리플 써보니 더 공감되요. 여행자들의 입소문으로 알게됐는데 효율적으로 활용할수있어요 ||| 와~~~  진짜 이쁘다 ||| 이쁘시다..",여행/이벤트
Pt9_6egs8_Y,[도쿄여행] 인천-도쿄 노선 가성비 좋은 항공사 탑승기,여행또여행,맞아요 가격도 괜찮고 엘씨씨는 기내식도 안나오는데 좋음! 대신 친구들한테 얘기하긴 좀 ㅋㅋ그럼 ㅠ ||| 저게 시간이 넘나 아쉽더라구요 밤늦게 도착하면 버스 다 끊기는데.. ||| 좋아요.구독버튼 누르고 갑니다 ||| 시장 샌드위치 먹고 바로 잠들었나보네요 ㅎㅎㅎㅎㅎ ||| 이항공사 비행기 여러대 추락했어요,여행/이벤트
LbM80fYKGFk,"홍콩여행 얼마들까?🇭🇰(상세한)여행경비,일정공유 HONG KONG TRAVEL- [쩡유]",쩡유 JJeong U,더보기 엄청 상세해요😀 나중에 참고해야지ㅎㅎ 그리고 쩡유님하고 봉이님 자매 사이 너무 부러워요~~ ||| 더보기 엄청 디테일ㅎ 그래도 옥토퍼스 카드는 준비하시는게 좋아욤 버스 뿐 아니라 스타페리 트램 마카오가는 버스 마트 일부식당 등등해서 ㅎㅎ ||| 정보공유 감사해요 ❤❤ ||| 와...완전 도움됩니다! 유익한 영상이었습니다♡ 나중에여행갈때 참고해야겠어욧 ||| 엄청 정성이 넘치네요~,여행/이벤트
ha6MTUyoxvE,"🇹🇭방콕 자유여행 일정 4박5일#1 이대로 다녀오세요 🏝 방콕 마사지 ,호텔추천, 아이콘시암, 통로카페 투어🌵",스위트페코 sweetpekoe,1:09 대한항공 방콕출발 / 3:00 아난타라시암호텔 도착 / 5:00 바디튠 마사지샵 / 5:30 아이콘시암 / 5:43 팁싸마이 저녁 / 8:03 에프터유 빙수/ 10:06 아이콘시암 마켓구경 / 11:30 바디튠 마사지 / 12:40 아난타라시암 조식 / 13:54  파톰오가닉 통로카페 / 16:09 hoi tod chaw lae 굴요리 / 18:08 kof 통로카페/ 18:52 브로컬리 레볼루션 통로카페 / 20:58 카르마카멧 카페 /24:05 아이콘시암 오모테산도커피 /24:59 나라야 쇼핑 / 25:20 페퍼리 타이 레스토랑 / 26:12 고메마켓쇼핑 / 호텔 ||| 여행하면  자유여행 이지요 저도 방콕에서 시청중입니다.ㅎㅎ 영상 잘 보고 갑니다 감사합니다. ||| 영상 또 보는데 굴전 짱맛나보여 방콕도 먹는거 천국이네~ ||| ขอบคุณครับที่ชอบเมื่องไทย มาเที่ยวอีกนะครับ มีความสุขมากๆครับ ||| 먹거리가 가장 와닿네요 태국음식 너무 맛있죠,여행/이벤트
dDRES3Ap8IQ,오사카 여행일정 간단하게 짜는 방법과 교통 패스 쉽게 고르기 #오사카 여행 가이드,트립콤파니,여행초보자에게 너무유용합니다 좋아요~ 구독할게요 좋은일 많이 생기실거에요 ||| 매우 감사해요 ||| 감사합니다! 설명도 너무 쉽게해주시고 이해가 쏙쏙됩니다! 👍👍 ||| 정말 최고네요 ^^ 이번에 애들 데리고 오사카 첫방문이라서 떨고 있는데  제 맘을 알고 있는것처럼  세세하게 알려주셔서 감사합니다!!! ||| 자세하고 친절한 설명 감사합니다 😀,여행/이벤트
fH9WhOIm1ew,여자혼자 밤도깨비 홍콩마카오여행 2박3일,진이안,,여행/이벤트
9F-E_tG1wqk,"나트랑 자유여행 어렵지 않아요 [ Nha Trang ] 완벽한 일정,코스,관광,이동시간,맛집,환전,리조트 등 영상 하나로 끝!!",여빠언니,Welcome the beautiful city of nha trang ❤ ||| 잘 보고 가요. ||| 응원 합니당 ||| 촬영을 잘하셔서 가서 보고온듯하네요 또 합리적인 동선까지 안내해주셔 아주 도움이 많이 되었네요 ||| 엄청 알찬 리뷰네요 감사합니다!,여행/이벤트
f_Dqn4jSYhs,"베트남 사파 여행, 초보를 위한 올인원 가이드",트립콤파니,오토바이 면허 관련 추가 설명드리겠습니다.  국제 협약에 따라 한국에서 발급받은 국제 운전 면허증이 베트남에서 인정이 되는 건 맞습니다. 하지만 베트남 현지 행정직원(경찰)이 이를 모르거나 하여 무면허로 간주하게 됩니다. 베트남 현지 면허증으로 교환하려면 최소한 5~7일은 걸리기에 실질적으로 불가능한 거구요. 경찰 만날 확률이 낮아도 한번 걸리거나 사고나면 골아파 지는 것이니 확실하게 외교선상으로 해결될 때까지는 오토바이 렌트 지양해주세요!!  http://www.insidevina.com/news/articleView.html?idxno=47 ||| 감사합니다! 제가 보려고 만든 리스트 0:15 사파 위치 1:24 사파 내부 3:24 콘텐츠 7:37 사파 가는 법 9:52 사파 숙소   13:45 사파 일정 잡기 ||| 쪽집게 강의 처럼 간결 명료한 해설과 시각적으로도 이해하기 쉬운 사진들을 보여주므로 사파관광의 청사진이 제대로 그려지네요 내공에 박수를 보냅니다!!! ||| 진심으로이영상덕분에 하노이에서 뭐하면서5일을보낼지고민하다가 사파에서최고의경험을했네요ㅎㅎ감사합니다ㅎ 우연히길에서뵙게되어정말행운이였습니다ㅎ ||| 23년11월15일 현재 깟깟마을 들어가는 도로 공사중입니다. 택시는 공사지점까지만 들어가니 처음부터 오토바이 타고 들어가세요.(오토바이는 진입가능)   택시타면 돈 이중으로 듭니다. 공사기간은 대충 2개윌 정도 걸릴것 같습니다.,여행/이벤트
5BIG27C8l18,"신혼여행은 이 3가지가 핵심! '안전', '자유', '맞춤' - 👉허니문리조트에서는 기본👍 [10월 허니문리조트 신혼여행 박람회 광고 영상]",허니문리조트,허니문리조트 신혼여행 박람회 신청 방법?  1. 허니문리조트 유튜브 프로필 박람회 링크 확인!  2. 신혼여행 박람회 신청 사항에 인적 사항 기입  3. 1~2일 내로 안내 톡 전달  감사합니다!,여행/이벤트
EFu5PnxYoVo,"싱가폴여행, 초보도 한번만 보면 바로 이해되는 관광지별 동선짜기와 3박 일정 짜드립니다.(PS카페,무스타파,라우파삿사테,티옹바루,하지레인,센토사,유니버셜스튜디오,클라키등)",HS HOUSE / 말레이시아 해삼 하우스 ,옛영상이지만 도움이 많이되네요. 감사합니다 ||| 저 지금 이 영상 5번 정독했네요. 알기쉽게 설명해주셔서 너무 감사합니다.특히 아이들있는 부모까지 세심한 배려로 알려주시고 조호바루 한달살기 할 예정인데 다른 영상도 열심히 볼께요. 시간되시면 계속 열심히 올려주세요. 감사합니다.!!!😀 ||| 다른 콘텐츠들은 짜집기식으로 전체적인 지역 파악이 어려운데 이렇게 지역으로 설명해 주시니 한 번에 파악이 되네요. 싱가포르 일정 짜는데 가장 도움되었습니다. 정말 감사합니다 ||| 상세하게 설명해주시고~ 또 목소리도 너무 좋으세요^^ ||| 27일 가는데 큰도움이 됩니다 감사합니다,여행/이벤트
yildwe3S19c,"Eng) #부다페스트 가면 꼭 가야할 맛집, 쇼핑, 명소 등등! must go places in Budapest",이진이JINICON,딸 보면서 행복해하는 엄마 엄마 보면서 행복해하는 딸  서로를 바라보는 맘 못지않게 함께하는 인연도 배려하고 챙기는 모습  참 예쁘네요👏 기습뽀뽀성공! 장난도 러블리~친구같은 딸이 없는 제게 너무나 이상적인 엄마와 딸의 모습이라 늘 대리만족하듯 흐뭇하게 봅니다^^ ||| 정말 네츄럴뷰티 끝판왕 ||| 진이님~빈티지에서산 쟈켓  너무 잘 어울리고 예뻐요👍 영상 잘보고 갑니당~🥰 ||| 꺅!! 친구분!!! 우리 지니콘 단골 손님 ㅇㅏ닌가여 ㅋㅋㅋㅋㅋ 왜오랜만에봤다고 제가 다 반가운지 ㅋㅋㅋㅋㅋㅋ(당황)  너무 즐거워조여서 같이 신난 팬 ♡＼(´▽ `)ノ♡ 꺄륵 ㅋㅋㅋㅋ  그리고 역시 맥주든 어던 음료든 하프 앤 하프가 최고 ㅋㅋㅋㅋㅋㅋ ||| 사랑스러워~ 😍,여행/이벤트
twmObBU164s,리스본 48시간 일정 대신 짜드려요 (핫플 맛집 총정리) | 우아한노마드,Ooh Ahh Nomad 우아한노마드,"5월에 포르투갈에 아내와 함께 15일 일정으로 여행갑니다. 리스본일정을 연구중인데, 이 영상이 정말 큰도움이 되었습니다. 차분한 나레이션과 디테일한 설명에 감사드립니다~ 당연히 구독은 꾹 눌렀죠~~^^😊 ||| 안녕하세요  저는리스본을두번갔는데도.계흭없이다녀 아쉬움이  많는데. 잘정리해주셔서 너무나유익합니다 다음기회에 꼭따라할래요 감사합니다~^^ ||| 마음만 그곳에 가 있네요. 잠시  멈춘 이시간들 동안 공부 잘하다 보러 가겠습니다.영상고맙습니다. ||| 영상 너무 잘만드셨네요 잘보고갑니다 ||| 언젠가 가보고 싶은 곳인데 뭐 설명해주셔서 감사합니다❤",여행/이벤트
HRoAIUymbmg,보스턴에서 꼭 가봐야 할 여행 명소 TOP10,아이언에어(IR-ON-AIR),유용한 정보 너무 감사드립니다 :) 중간중간 영상도 있어서 눈도 너무 힐링했습니다  다가올 2020년 늘 행복만 가득하시길 바랍니다^^ ||| 이 영상 보고 다시 보스턴 여행가고 싶네요. 귀중하고 좋은 영상 감사합니다! ||| 보스턴 레드삭스...여긴 진짜 가서 야구 보고 싶네요 ㅎㅎ ||| 1분경에 나오는 노래 뭔지 알 수 있을까요?? ||| 10번은 뭐지?,여행/이벤트
k-tfk8qFGYI,[※그알싶] 이집트 여행 패키지 는 솔직히 어때? 가격/필수 코스/장단점 샅샅히+솔직하게 분석 (5분 순삭) l 내 돈주고 가서 리얼 후기 보증,썽으니 랜선여행[SUNG Travelog],힝.. 귀걸이 건내준거 천사 아닙니까.. 제가 다 찡해요😂감동쓰 ||| 이 영상을 보고 Vlog로 성공하는게 얼마나 어려운지 깨달았다. 큰웃음과 깊은 깨달음까지 모두 감사합니다. ||| 아 ㅋㅋㅋㅋㅋㅋㅋ 자막이랑 나레이션 너무 재밌네요 대박입니다 ㅋㅋㅋ ||| ㅋㅋㅋㅋㅋㅋ나레이션 편집 대박😍엄청 재밌어요! ||| 편집속도 뭐하나 빠짐이없이 멋있다,여행/이벤트
DFL3QtpXb78,[크로아티아 ] 자그레브(Zagreb) 관광 명소 걸어서 하루만에 여행 하기,우아한 자갈자갈 ,좋은 여행정보네요 트램이 순환하면 여행하기 편할거 같아요 멋진도시 전경도 짱입니다 즐감하고갑니다 🌷🌷🎵🎵🎶🎶🎶 ||| 안녕하세요  방문에 감사드려요 크로아티아 자그레브관광명소  너무나 멋지고 아름답네요  편하게 여행 잘했어요  좋은이웃이 되었으면해요  좋아요 🤗이웃맺고 세보따리두고가요 👍🎁🛎🌹🌈 ||| 안녕하세요 자그레브여행 잘보았습니다  특히 대성당도 웅장하고 도라치시장 그리고 음식까지 ~ 좋은 이웃되고 싶어 선물세트 꾸욱 누르고 갑니다 제 채널도 소개할게요 오십시오 😁👍💓😃 ||| Wow beautiful view 😍🤣🤗🥳🎈🎈🔁👉🤝🙏 😇👍 ||| 크로아트라에 자그레브 성당 이군요 고풍 스러움이 넘치네요 여기가 시장 이군요  옥수수 인형도 있고 음식이 맛있게 생겼군요 벨라치치 광장  전철인가요  성유리아동상  성마르코성당 탑  가옥이다 고풍스럽군요 감사합니다 삼종세트 놓고갑니다,여행/이벤트
ZJJWTq9Y9qM,울산여행-동해안 일출명소 간절곶과 황금빛 갈대 펼쳐진 태화강 국가정원! 가을 여행지로 추천합니다,"여행,행복,사랑-여행사TV",<신동아 6월호 예판 인터넷서점 링크주소>  예스24 http://www.yes24.com/Product/Goods/101620860  교보문고 http://www.kyobobook.co.kr/product/detailViewKor.laf?ejkGb=KOR&mallGb=KOR&barcode=3904000128955&orderClick=LEa&Kc=  인터파크 http://book.interpark.com/product/BookDisplay.do?_method=detail&sc.shopNo=0000400000&sc.prdNo=349748370&sc.saNo=003002001&bid1=search&bid2=product&bid3=img&bid4=001  알라딘 https://www.aladin.co.kr/shop/wproduct.aspx?ItemId=271226931 ||| 디지털엽서 진짜 멋지네요! ||| 드론 날려야겠네요..ㅎㅎ...이쁜것은 한눈에 담으려면요...... ||| 울산한번 캠핑가야겠네~~ 잘보고 갑니다 ||| 오 목소리 좋아요 영상잘보고 갑니다 ㅋㅋ,여행/이벤트
SoGRgLUU-ik,순천 여행코스 순천여행 인기 명소 소개와 대중교통정보 South Korea Suncheon travel,강물처럼,제가 원하는 정보네요.  감사합니다! ||| 좋아요,여행/이벤트
EELEImuERZ4,[여행필수어플] '죽기 전에' 꼭 가봐야할 여행지 02. 말레이시아 코타키나발루,마이버킷리스트,,여행/이벤트
70dlW5bs6aU,세계에서 가장 인기있는 여행지 31곳,즐거운세상,세계에서 가장 인기있는 여행지를 주제로 다양하고 퀄리티 옾은 영상으로 소개 해주셔서 너무나 감사합니다. 이번 여행을 계획 하는 중에 많은 도움이 되네여. 저는 여행시 컨디션 관리에 어려움을 겪을 때가 많았어여. 해외여행 시 컨디션 조절에 딥슬립 보조제가 도움이 되서 좋았어요 ||| 0:36 스페인 바르셀로나 1:03 일본 오사카 1:29 인도 아그라 1:57 미국 라스베이거스 2:25 미국 로스엔젤레스 2:48 중국 상하이 3:25 태국 파타야 3:45 한국 서울 4:01 네덜란드 암스테르담 4:48 미국 마이애미 5:08 사우디아라비아 메카 5:24 체코 프라하 6:03 인도 뭄바이 6:21 중국 광저우 6:58 대만 타이페이 7:43 터키 안탈리아 8:12 이탈리아 로마 8:45 일본 도쿄 9:28 인도 델리 9:41 터키 이스탄불 10:09 태국 푸켓 10:36 중국 선전 11:22 말레이시아 쿠알라룸푸르 12:15 미국 뉴욕 12:55 아랍에미레이트 두바이 13:35 프랑스 파리 14:16 마카오 14:50 싱가포르 15:20 영국 런던 15:58 태국 방콕 16:38 홍콩 ||| 설명가이드님의예쁜말솜씨가엄청흥미롭네요.건행. ||| 영상이 길지만 재미있어요. 목소리도 귀엽고 예뻐요 :) ||| 오 유익한 영상이네요 재밌게 봤습니다,여행/이벤트
DT_hYklnh60,"#4 《여행》뉴욕의 관광 명소, 'Brooklyn Bridge'에 다녀오다~♡♡",김태우,,여행/이벤트
aKHt6sZWyGI,아이여행 백과사전 『아이여행 가이드북』,상상출판,,여행/이벤트
Yl1e4eSSuMs,일본 여행 간다면 꼭 봐야할 사진 명소 6 [사진으로 세계여행 ✈🌏일본 편],캐논TV - Canon Korea,,여행/이벤트
j6z_eCjUu60,(🇮🇹) 이탈리아 로마 관광명소 BEST 20 (+바티칸) 여행코스 추천!   l 이탈리아 이상호 가이드,이탈리아 여행연구소 (with 이태리부부),"이탈리아 여행정보 종합편, 통합링크 먼저 살펴 보시고 궁금한 점 있으시면 네이버 카페 질문/답변 게시판에 질문 남겨주세요. * 여행정보 종합편 https://blog.naver.com/day3737/223776744601​ * 통합링크(투어추천/숙소수천/식당추천/추천상품/출간도서) https://link.inpock.co.kr/day3737 * 네이버 카페(여행후기/질문답변) https://cafe.naver.com/italybubu ||| 너무 도움되네요 지금 책도 주문했습니다 열심히 공부해서 2월에 가는  가족여행 준비하겠습니다!! 좋은 정보 감사드려요😊 ||| 로마 조사 나름 많이 해서 개별적으로는 잘 알고 있는 편인데, 우선순위나 동선, 계획 짜기가 힘들어서 못 정하고 있었는데 ㅠㅠ 덕분에 머릿속에서 정리가 쫙 된 거 같아요.. 정말 정말 감사합니당 ㅠㅠㅠ ||| 여행준비중인데 찾아본것중에 제일 많이 도움되었어요 ㅎ  복 많이 많이 받으세용~ ||| 언제나 수고많어시고 감사해요 ^^",여행/이벤트
v_SPgvMwhgw,입국심사때 한국인들이 유독 가장많이 하는 실수 TOP3,트래블튜브,"요약해서 말하면 '이미 다 알고 질문하는거니 솔직하게 대답만 하면 된다' 라는거 같아요 ||| 친구랑 옛날에 미국여행갈때 친구가 영어를 아예몰라서  for trip, nice 이 두단어만으로 입국심사관이랑 엄지척까지 주고 받으며 웃으며 통과함 ||| 하나더.. 질문을 이해하지 못하는 상태에서 무조건 Yes는 정말 위험함. 못 알아듣겠다고 꼭 말씀하세요. ||| 진짜 외국인들이 '한국인=거짓말쟁이' 인식 안찍히도록 지극히 사적인 이야기라도 심사관이 물어본다면 제발! 정확하고 오해없게 대답하자. ||| 중요한 사항일수록 다른사람들의 댓글에 휘둘리지 말아야 한다는것 정말 공감입니다! 카페에서 댓글 말 들었다가 입국거절당하고 그 기록이 남으면 그걸 누구탓을 하겠습니까.  내가 평생 지고가야할 낙인처럼 되어 버리는데.",여행/이벤트
Mm7QKIlUeNw,통영여행 별에서 온 그대 촬영지 통영장사도 통영 명소 여행 추천지 둘레길 백패킹 backpacking tongyeong travel korea travel,아재와둘레길,""" 그리운 지심도 "" 동백꽃 아름다운  그리운 지심도야  억만년 세월속에  변함이 없구나  창해의 은빛물결  가파른 기암절벽  잔잔한 물결위에  유람선은 오고가는데  그대와 손을잡고  동백섬 바라보면  갈매기 소리높여  관객을 반겨주네요            ☆ 천혜의 자연수림  지심도 동백꽃섬  흐르는 세월속에  그대로 있구나  보물섬 마음의섬  명품섬 신비의 섬  동백꽃 홍매화는  아름답게 자랑하는데  환상숲 오솔길을  그대와 거닐면은  산새도 흥이나서  춤추고 노래하네요  아 ~ 못잊을  그리운 지심도야 ~          ( 트로트)",여행/이벤트
h37HZRhCKhE,[중국여행] 중국에서 가장 아름다운 여행지 TOP10,차이나는스토리,"영상 잘봤습니다 광활한 중국에 비경 선경이 많아요 백두산 장가계 구채구 다녀왔는데 너무 아름다운 경치였어요 백두산 천지는 통일 되서 우리땅 밟고 한번 더 가고 싶습니다 계림 황산 태항산 황궈수 폭포 등등 가고픈곳이 많네요 중국은 폭포도 참 어마어마해요 ||| 7:11 ""황산을 보면 다른 산이 보이지 않고, 구채구의 물을 봤다면 다른 물이 보이지 않는다.""라는 번역이 맞습니다. ""보지 않는다""가 아니고요. 중국인 특유의 과장법이 있지만 멋진곳임은 틀림 없습니다. ||| 중국여행 세번째 리장을갑니다. 중국 참 매력적인곳이네요. 소개해주신곳 중 제가가고픈 다음 여행지로가 몇곳있어서 넘 좋으네요. 영상,목소리 넘 좋으네요~ ||| 가보고 싶게 만드는 영상입니다. 작가들이 찍었을 것으로 생각되는 멋진 사진으로 소개를 해 주셔서 그런지 더욱 아름답네요. 세상은 참 넓고 저 지역들 안에 있는 인생들도 다양하겠지요. 아웅다웅하며 사는 것이 얼마나 사소한가하는 생각이 듭니다. ||| 와~ 다 가본 곳 이어서 새롭고 추억이 아른거려요 영상으로 보게되어 감사감사~!!",여행/이벤트
qaX-SgxqbAg,한려수도국립공원 해금강,김상수,감성돔천국이겠다 ||| 요즘 만물통치약은 선상에 자판하냐 ||| 한려수도 영상은 좋은데 웬 약장사가 말이 엄청많네요. 정신이 하나도 없네.ㅎ,여행/이벤트
ua8oD6YaQNA,여수가볼만한곳 디아크리조트 주말이벤트,SARA la,,여행/이벤트
fCSNpDhR8_0,"파타야 ‘뷰’ 명소 대공개, 파타야 여행 개꿀팁 1탄 [정명화의 어! 명화극장 4화] Great Pattaya views  หอดูดาวพัทยาที่ยอดเยี่ยม",정명화의 어! 명화극장 Korea Giant Fish Angler,이사님^^ 편집이 정말 재밋네요~~아웃겨 ||| 태국 파타야에 40층있어요?,여행/이벤트
nKMAoZ8v1fw,인생샷 쉽게 남기기&포토스팟 쉽게 찾기(20s),Poze,,여행/이벤트
XOaCmFJL9bo,플라잉경주 열기구 헬륨값이 3억,한대성,,여행/이벤트
1-vIL2YCeXY,속초가볼만한곳 설악트릭미술관은 연휴에도 연중무휴,SARA la,,여행/이벤트
dxEBvfWoDQo,#안동여행 #안동시티투어  #안동1박2일 재미있게 ~~,안동시티투어 andong city tour korea,모두가 행복한 여행이 되시길 전 만족 팬이 되었죠~~~,여행/이벤트
qahOl2Dyh74,요새 핫하다는 제주 여행 코스 추천🍊제주도 여행 시작부터 끝까지 코스 짜 드립니다😎| 닥터모조 코끼리패치,닥터모조,,여행/이벤트
l7MaqG-MEys,여수스파펜션 해시태그 빅이벤트 여수여행추천! 여수에서 1박2일 호캉스 즐기자!,여수라테라스리조트,,여행/이벤트
CYO3OJVE5rw,워터파크 끝판왕. 갤럭시 마카오 호텔 파헤치기 [마카오여행 명소],아이언에어(IR-ON-AIR),오우 언제가셧는데 사람이 저케 많나요 파이프는 진짜 포토존이네용ㅎㅎ ||| 영상 잘 보고 가요 ||| 마쟈요 갤럭시 부페는 진짜 먹을거없어요;; 다들 가지마세요😭 ||| 마카오 호텔ㄷㄷㄷㄷㄷ 와 가족은 워터파크로 가고 아빠는 혼자ㅎㅎㅎㅎㅎㅎㅎㅎㅎㅎㅎㅎㅎㅎㅎㅎㅎㅎㅎ,여행/이벤트
Ds5apnhOAAU,동해 겨울 바다 해변 여행 국내여행 캠핑  해돋이 해돋이명소 일출명소,물컹슈즈,,여행/이벤트
RbwjH8cwnIs,파리 에펠탑 포토스팟&인생샷 쉽게 찍는법(27s),Poze,,여행/이벤트
1iI9oS7p4U8,"베트남 다낭 호이안 맛집, 명소, 이동수단, 여행경비, 마사지 후기 l 핵심정보 2편!",오프로 Oh Pro,정말 차분하고 정확한 설명 감사드립니다~^^ 좋아요 구독 꾸욱~ ||| 베트남 음식 맛있어 보여요❤  맛집만 잘 찾으시네요 😀😀 날씨 좋았으면 해변에서  예쁜 사진 많이 찍으셨을텐데😭😭 제가 다 아쉽네요  하필 돌아오는 마지막날 쨍하고 해가 뜨다니😂😂 베트남 여행 가시는 분들께 정말 유용한 정보로 가득하네요👍👍 오늘도 편집하시고 영상 올리시느라 수고많으셨어요❤  즐거운 주말 보내셔요 오프로님:) ||| 필기해가면서 봤어용 감사해요 ㅎㅎㅎㅎ ||| 베트남 사람으로 다낭과 호이안에 대한 여행 정보는 이 분의 영상이 정말 좋네요~ 다낭 여행 중인 한국 친구한테 보내줬어요^^ ||| 제가 본 여행 정보 영상 중 최고에요👍 다낭 가려고 알아보는 중인데 가장 유익했어요.  감사합니다 ^^,여행/이벤트
QLCgAoqjkQc,경마공원 벚꽃축제~!~!,이한디,,여행/이벤트
kAB4Qi4bxjQ,고성가볼만한곳 여행코스추천 설악트릭미술관,SARA la,,여행/이벤트
K72wjPJMIjY,"대만여행 ｜타이베이 여행, 지우펀 갈때 셔틀버스가 필수인 이유 5 (KKday)",케이케이데이 KKday,,여행/이벤트
H7u03BVpf6M,목욕탕가는길,양승준 Yangvac,,여행/이벤트
jVx7_doeGvw,국내 패키지여행 전문 태평양관광입니다,전지환,,여행/이벤트
P0EVqKb1qk8,[성수동 카페-바이산]프로포즈 하기좋은 성수동 카페,Rubycell 피닉스그룹,,여행/이벤트
orNjusMmbOQ,(🇮🇹) 이탈리아 밀라노 관광명소 BEST 10 여행코스 추천!  l 이탈리아 이상호 가이드,이탈리아 여행연구소 (with 이태리부부),"이탈리아 여행정보 종합편, 통합링크 먼저 살펴 보시고 궁금한 점 있으시면 네이버 카페 질문/답변 게시판에 질문 남겨주세요. * 여행정보 종합편 https://blog.naver.com/day3737/223776744601​ * 통합링크(투어추천/숙소수천/식당추천/추천상품/출간도서) https://link.inpock.co.kr/day3737 * 네이버 카페(여행후기/질문답변) https://cafe.naver.com/italybubu ||| 이상호 가이드 유튜부 모두 즐감하고 계속 구독하고 있네요 >> 열정과 노력이  대단합니다. 칭찬합니다. ||| 늘 잘보고 있습니다 꾸밈없는 두부부 영상들이 담백해서 좋습니다 ||| 덕분에 일정을 다시 정리할 수 있었습니다.감사합니다. 항상~~!!!!!!!!!!!! ||| 부지런하고 아름다운 이야기 늘 잘 보고있습니다.",여행/이벤트
XnHeZ4EYm4k,2019 일본 벚꽃여행 ＆ 명소추천 [소랑호젠 아뜰리에],소랑호젠 아뜰리에 sohranghozen,,여행/이벤트
FquLemdFnHA,여수 스파펜션 호텔 바베큐파티 간식으로 피자! [여수 라테라스 리조트 호텔],여수라테라스리조트,,여행/이벤트
pVwf6TbcKRo,"안면도 리솜리조트""Anmyeondo Resom Resort""",장환영,바다보러 가고싶네요🦊 ||| 설마… 여..여자친구…??🔥🔥🔥🔥🔥🔥🔥🔥🔥🔥🔥🔥🔥🔥🔥🔥🔥🔥🔥🔥🔥🔥🔥🔥 ||| 제 블로그 입니다. https://blog.naver.com/j8868813,여행/이벤트
5pTlCjp-z1c,프놈펜 추천여행 명소 5곳! 당일치기로 가보자,REDWOOD TV,"프놈펜은 맛집투어가 최고임 ㅋㅋㅋ ||| 🇰🇭🌷🙏 ||| 프놈펜 시내 필수 코스 4+ 1(킬링필드)까지 언급 해 주셨네요.  프놈펜 볼거리로는 하루 돌기에 딱이지요. 왓프놈은 현지인 무료, 외국인은 1불 입니다. ||| 행님 라이브 언제 하십니꽈아 ||| 루트봐 무슨 학교수업도 아니고 존나재미없겠네",여행/이벤트
OmfKzzIzh5g,"[뉴욕여행] #뉴욕이민생활 - 최근 떠오르는 관광 명소인 #허드슨야드 #베슬 #하이라인 #쇼핑센터 돌아 보았습니다.  #뉴욕여행, #미국여행",코암TV,멘하튼이군요 여기가 가보고 싶습니다  영상 참 좋아요 ^^ ||| 이민자는 여행자보다 오히려 모르는 곳들이 더 많습니다. 또한 안다고 해도 이민자들은 생활이란 일상이 있기 때문에 오히려 더 움직이지를 못하는 아쉬움이 참 많이 있습니다.  그런 의미에서 이민자가 만든 여행지 영상은 더욱 의미가 있지 않을까 .... 하는 생각도 해 봅니다. ^&^,여행/이벤트
T7F3Bao6LzM,[강원365] 카누도 타고 청소도 하고 / 힐링여행의 명소 주문진 / 김병욱 궁시장 / 프라모델과 피규어 세상 속으로,MBC강원영동,,여행/이벤트
9i9bxQzFmao,(日本旅行：名古屋城:花見)일본여행(나고야성 벚꽃),KWON SIMON,,여행/이벤트
w2GUDk40u0c,쿠오가와 마을 방문,ANDY,,여행/이벤트
a_Rz324s5ek,평강랜드 브이로그! 평강랜드 거인을 소개합니다! 토마스담보 엄마옥!,평강랜드공식채널,,여행/이벤트
qDVmqlABlb8,미국 라스베가스 여행 : 관광 명소 및 필수 코스 알아보기,떠나자!영맨,완전 대박 입니다🎉🎉🎉🎉🎉 ||| 말끝 억양이... ㅎㅎㅎ 재미 있어여엉----- ||| 영맨님 너무 멋지네요~~ ||| 한번도  구경 못했던  미국을 자세한 영상과  설명 너무 잘봤습니다  감사합니다~~~ ||| 말투 어미처리 ㅋㅋ 빵터지고 갑니당 🍞 🥯,여행/이벤트
L20Cru0fSGo,우크라이나 여행오면 가야 할 필수 코스!!! 키예프 / 명소,Bom TV Корейский студент Сынбом,"Вау, монтаж хорош! ✔ Жаль, что субтитров на русском нет ||| Im from Ukraine.  😘😘😘 ||| Ничего не поняла, но лайк милашке поставила. ||| Спасибо за качественное видео! Надеюсь тебе понравилась Украина! Ждём ещё видео!😄😊 ||| Hello from Ukraine!!! ;) 🇰🇷🇺🇦",여행/이벤트
uI3VXZMcHMk,힐링여행은 거제휘게펜션으로,거제휘게펜션,,여행/이벤트
O_DvwHMaoWk,"vlog ::: 🚅기차여행브이로그, 국내여행, 내일로5일, 기차여행",_minme,"내일로 여행을 준비하면서 우연히 보게 된 영상인데 영상이 너무 깔끔하고 가는곳마다 너무 취저,,지역마다 유명한 음식....예쁜카페까지... ><마스크 안쓰고 여행하던 시절이 그리워지네요ㅠㅠ여행에 좋은 참고가 될 것 같아요ㅎㅎㅎ감사합니다 잘봤어요!! ||| 영상이 아름다워용 ||| 군대 가기전 0910학번때  내일로 가고  군복학한13학번때도  후배들  내일로 엄청 갔는데 코로나터지기 전에도  요생생  내일로 잘 안간다고하더군요   ㅜㅡㅜ   경주역 순천역 전주역 영월역 정동진역 등  수많은 내일로들과 인연도  벌써 10년이나 지났네요 영상 잘보고갑니다 ㅎ ||| 내일로 당장 가곱.. ||| 화질이 너무 좋아요....핸드폰으로 촬영 하신건가요!?",여행/이벤트
aOmTCh07igc,혼자 떠난  제주도 여행 /민하투어_jeju / Vlog/여행 브이로그/ 제주여행/,민하의소소사소 sososaso,"숙소 정보를 정말 많이 물어보셨는데 세화해변 근처 ‘세화리움’ 이라는 숙소였어요 :) ||| 췜나... 구도 색감 인물 배경 음악 편집 뭐 하나 부족한 걸 이번 생 안에 찾을 수 있는 거냐며 ^^;;... 편집 전공하셨어요?? 왜이렇게 잘하세요? 왜이렇게 미적 감각이 뛰어나신 건데요? 왜이렇게 피사체로서의 책임과 의무를 다하시는 건데요? 왜요? 천사세요? 요정이세요? 선녀세요? 주님이 주신 기프트세요? 뭔데요 진짜 나 눈물만 나와요 언니 언니가 올려주는 브이로그 보면서 광명 찾았잖아요... 렌즈 없는 날에는 언니 브이로그 보면서 시력 올리고 나가잖아요 나참나ㅋㅋ 실화입니다(시비걸시 쥭.음.뿐 ㅡ.,ㅡ) 화성 탐사선 인사이트가 언니 미모 보고 뒤집어졌다는 거 알고 하시는 거져. 그런거져. 제발 아세요 언니 미모. 너무 위험 so dangerous. ㅠ 언니만 보면 너무 떨려 내심장박동수 140 담당의가 심장외과에서 젤로 주시하고 있는 연예인이래요 아시나구요. 심장에 안조아서. 너무 설레게 만들어서... 박민하... 어쩌면 좋아 내가 보고 있는 이 동영상이 진짜인 건지... 지옥에서 살아돌아온 밥친 어쩌라규... 다시 지옥가라규 이러는건지... 사랑해 사랑해 사랑해 ㅜ ||| 너무 예뻐서 항상 눈길이 갔던 연예인 중에 한명이었는데 이렇게 개인 영상으로도 볼 수 있어서 너무 좋아요 🖤 ||| 운전하는 민하 멋있다!! 여행하면서 좋은 곳 보여줘서 같이 힐링했어. 언제부턴가 위축되어있었는데 민하의 여행 영상보니 어디론가 떠나서 혼자 무엇이든 하고픈 마음이 생긴다! ||| 눈으로 듣는 ASMR 같은 영상입니다..🎼💕",여행/이벤트
fiE8hgVmuoM,[VLOG] 당일치기 강릉여행 :: ktx로 떠난 강릉 브이로그 (해미가 물회 / 안목해변 / 강문해변 / 중앙시장 / 엄지네 포장마차),김폼폼 POMPOM,추천영상떠서 오랜만에 최애영상 봤어욥🐶❤ 나도 강릉가보고싶당👨‍🎨 ||| 오늘도 영상보고 힐링하구가영☺️ 폼폼브이로그 쵝오👍 ||| 엄지네 포장마차 꼬막무침 존맛탱!!! ||| 너무 재밌어요 ㅜ 자주 올려주세용! ||| 아 ㅋㅋㅋㅋㅋ 서헤정 아가브이로그 짜증나 ㅋㅋㅋㅋ  헤헤 물회 또 먹구싶다~😋😋,여행/이벤트
mTRoAroA3Qg,TRAVEL : 나 혼자 떠나는 후쿠오카 2박 3일 여행 브이로그_DAY2 | 파르코백화점 카페델솔 오호리공원 아타고신사 이와이야 모모치해변 이치란라멘본점,금민아 AUTUMNSKY,"즐겁게 잘봤어요^^ 또 다른 여행 살포시 기대해봅니다♡.,♡ ||| 드디어 ㅠㅠㅠ🤭🤭🤭 ||| 색감도 너무 이쁘고 좋아요 잘보고 갑니당😊😊 ||| 사람들이   친절해서  휠체어타는  사람으로서   우리나라보다  더  마음편하게  여행할수있는 곳 ||| 혼자가면 자유롭게 돌아갈수있지만 심심하고 재미가덜하지요",여행/이벤트
giYnxReMhfM,"[SUB] 홍콩여행 브이로그. 치즈케이크, 바질 페스토 만들기. 데이비드 호크니 전 보러가기. 친구와 평양냉면.",신세경 sjkuksee,"조속히 산불이 진화 되고 인명피해가 발생하지 않길 진심으로 기도합니다. ||| 저렇게 하루만 생겨보고싶다... ||| 진짜 연예인은 연예인인가봐.. 얼굴 잠깐 잠깐 나올때마다 헉 소리 나온다... ||| 6:25 머리카락도 자기 주인 이쁜 줄 알고 예쁘게 흩날림 ||| 9:28  세경씨그렇게안봤는데 ,,, 이쁜사람이네",여행/이벤트
5v7Na9Zmecs,(북한 실제영상) 평양의 아침 8시30분 풍경은 어떨까?,북한여행자,"와 진짜 꿈도 희망도 없는 세기말감성 도시다 ||| 북한에서  태어 나지 않았다는거에  천만다행이다  이거 보고  열심히  살아야지 ||| 음산한 지옥 풍경을 보는 것 같다.... 을씨년한 노래에 우중충한 건물들, 어두운 사람들까지 완벽하네. ||| 저거보고 북한이 최빈국이니 뭐니해도 다 사람사는곳이구나 했는데 상위1%랰ㅋㅋㅋㅋ ||| 할머니 할아버지 조상님 ... 남조선에서 태어나게 해주셔서 감사합니다 ..",여행/이벤트
Z013ZtFPFIc,몰디브 신혼여행 브이로그 _ 무려 50분💖팝콘 하나씩 들고 준비 시작 :D,나도Nado,킬링파트🧡❤💛  02:07 룸투어 04:20 갑분갈매기 09:54 15만원 vs 8만원 12:54 아기상어 🦈 13:55 ?????? 17:00 몰디브 바다🐳 22:04 댄쓰댄쓰🕺💃 25:16  30:01 자유의솜샤탕 34:41 퐁당! 35:22 꼭 보세요 두번 보세요😭🧡 37:52 스타로드 44:09 마뱀쓰🦎 45:37 💕 47:12 라면을 가장 맛있게 먹는 방법 49:34 부부싸움(?) 51:38 신혼여행 2탄 예고! ||| ナドちゃん達のように自然体で居られる夫婦ほんとに憧れる✨ ||| すっごく綺麗ですっごく可愛い！！！ 人のハネムーンでこんな幸せになれることってある！！？？ あっという間に動画終わっちゃった！ ||| 두분 정말 많이 닮으셨어요ㅠㅠ 결혼 잘하신듯 ❤️❤️❤️❤️❤️❤️ 행복하세요 ||| ? 난 언니가 진짜 고등학생인 줄 알았어 진짜로 결혼한다는 것도 거짓말인 줄 알았어 왜이롷게 동안이야??,여행/이벤트
V1k6zOvoTkw,여행 브이로그 | 오사카여행 vlog travel,금금 GeumGeum,식식하네여 ||| 군대갈 연습하는거에요 재미잇네요 ||| 한국인이선호하는 여행지로 일본이뽑혔더군요~~ ||| 여군이세요?,여행/이벤트
DSqg2yJgiJk,[여행 브이로그] 당일치기 속초 먹방여행  🚌 청초수물회 속초중앙시장 코끼리만두분식 만석닭강정 식혜 한라봉쥬스 파스쿠찌 인절미 속초 청초호 힐링~🎶,이지민 jiminlee,안녕하세요 뮤즈리에요~~!! 이번 영상은 속초 먹방여행입니다요 🙆🏻‍♀️ 요즘 날씨가 딱 여행 가기 좋은 날씨 ... ㅎㅎ  맨날 떠나곱다는 🤪🤪 하루 안에도 속초라는 곳을 충분히 즐길수가 있더라구요 ~~!!  특히 중앙시장이 완전 핫플 👍🏻  속초 가면 꼭 가봐야할 곳이더라구요 !!! ㅎㅎ  요즘 더 많이 느끼는게 한국에 정말 아름다운 곳이 많다 ... 라는건데요~ 그냥 저 곳에 앉아만 있어도 서있기만해도  너무 좋았답니다 😊 힐링 그자체~~ 이번 영상도 저와함께 맛있고 행복하게  즐겨주세용 !! ㅎㅎ  항상 감사합니다 ❤️ ||| 즐거운 하루 되유.🤗🤗🤗 ||| Hehe special day for my  happy birthday  so  good  ciao 😁🎂🍹🍹💖❤🌹 ||| 역시 지방여행은 시장이 젤이에요♡ 저도 강원도 너무 사랑합니당💕또 가야게따 여행!!! ||| 우와~~ 속초!!!! 정말 맛있는거 많이 드시고 오셨네요~ :) 그리고 말씀해주신것처럼 하늘이 정말 예쁘네요^^ 그리고 야외에서 만석닭강정 맛이란.. 캬 ㅎㅎ  영상 잘 보고 갑니다 ^^,여행/이벤트
63KoxUkGlYU,❤일등석 타고 몰디브 신혼여행 브이로그❤,주식회사재가부부 JAEGA BUBU,행복한 부부생활을 해나가는 것의 첫걸음이 바로 신혼여행이지요...가정을 지켜낼려는 서로 존중하고 섬겨주는 것이 필요합니다... ||| 와 정말 좋네요....  코로나때문에 저도 신혼여행을 해외로 못갔는데 만족하고 갑니다 몰디브 넘 예쁘네요 💙 ||| 코로나때문에.신혼여행 몰디브 취소했는데 대리만족하고갑니당 ㅎ ||| 구독했다  이렇게 올리면 됩니다.  좋은 영상입니다. ||| 좋은 리조트 다녀오셨네요.  리턴할때 댄공 시간이 3시쯤이라 리조트에서 일찍 체크아웃 해야하는게 아쉬운부분입니다... 비지니스나 퍼스트는 싱항/캐세이가 월등합니다..ㅎㅎ,여행/이벤트
CUDZqLXZpdg,"eng) 강릉 여행 브이로그ㅣ2명 빠져도 4인가족, 카페 툇마루, 칠카페, 이모네 생선찜, 초당 순두부, 일몰",deemd 딤디,"일찍 와도 찰진 드립을 할 줄 몰라서 항상 조용히 영상 보고 나가는 1인 당신들 드립 어디서들 배우고 오는거야... ||| 18:03 너 치킨 하나 줄까? 라고 말하시는 분 딤디님 아버님이신가요 ㅠ ㅠ 말투 넘나 다정하셔,,,,,, ||| 확실히 중국에 혼자있을때보다 가족이랑같이있으니 안정되어보이고 행복해보이네요😄딤디 행복해😙😙😙😘 ||| 인스타 어렵다고 하시면서 정작 인스타는 핵인싸스멜 풀풀 나는 피드를 유지하고 계시는 딤디 당신... 언행불일치야... ||| 딤 : 소떡소떡 디 : 한개만요",여행/이벤트
_ULbg0XXQtk,독일에서 쇼핑하기 🛍 | 유럽여행 브이로그 | 파리에서 베를린으로,ayeomee아요미,항상 시간 가는 줄 모르고 봐요. 잔잔하지만 눈이 즐거운 영상 감사합니다! ||| 친구가 연경아하고 다정하게 부르는게 유난히 더 듣기좋은 영상이에요. 다음영상도 기분좋게 기다릴게요. ||| 아 중간중간 웃기져 개그코드가 저랑 찰떡이세여 ||| 이번영상 진짜 탑.. 최애🤭❤️ ||| 연경님 여행 브이로그.. 저를 엄청 행복하게 해요 ㅠㅠ 사랑합니다.........,여행/이벤트
G-OUdeoCoHY,[VLOG] 도쿄 여행 브이로그 1편/카페 추천/일본 편의점 털기,뮤나,직원분이 찍어주셔서 그런지 기존 영상들이랑 느낌이 달라진 것 같아요! 훨씬 안정적이고 전문적인 느낌? 너무 좋아요ㅎㅎㅎ언더비 진짜 몇년째 애용하고 있는데 촬영vlog를 보게되다니!! 앞으로도 좋은 영상 보여주세용😆 ||| 7:49 자막이 겹쳐서 나와요!! ||| 빨간색 가방 뭐에요.....? 너무 예뻐요... ||| 일본 도쿄에 서울 동대문이랑 비슷한데 있어요? ||| 리무진버스 한국에서 미리 예약해야 하나요?,여행/이벤트
Q24oGTsSxME,"[여행 vlog_경주] 휴가 쓰고 혼자 경주여행, 아니마, 핑크뮬리, 첨성대, 대릉원, 안압지",oxyzone,짧은 영상이지만 볼거리 가득이네요 :),여행/이벤트
W01oeCCcs-8,[LA브이로그]🌴 인생여행지 갱신?! 블링블링 예쁜거 잔뜩 보고 먹고 쇼핑하기-ʕ•̀ᴥ•́ʔ💛,로즈하 ROSEHA,안녕하세요. 로즈마링 여러분🤩💕 제가 얼마전에 엘에이를 다녀왔는데 가서 영상도 열심히 많이 찍어왔거든요..!! 앞으로 두 개의 영상이 더 올라갈거랍니다💕 고 영상들도 기대해주세요! :) 궁금하신 점은 댓글 남겨주시면 차례대로 답글 달아드리께용ㅎㅎ 코디 정보는 더보기란에 기입해놨으니 확인해주세요!👗 그럼 오늘 다들 태풍 조심하시구 ㅠㅠ 곧 다음 영상에서 또 만나요오~~~~😚👋🏻👋🏻 ||| 즈하님 헤이즐님 소울메이트 같아보여요 노는취향도 맞아야 잘맞는건데 그런 친구가 있다는게 정말 부러워요. 저는 있었다고 생각했는데 갈수록 없어지는 기분이네요ㅠ ||| 분명 저런 반짝반짝 형광형광 알록달록은 내 취향과 거리가 있지만... 왜인지 계속 찾아오게 되는 영상... 나는 절대 입을리 없는 옷들이다... 대리만족인 건가 ||| 하 진짜 너무 예뻐ㅠㅠ 여신강림 주경이가 하얘진 느낌이야 ||| 영 앤 리치.... 그리고 프리티..,여행/이벤트
WCC3Md9t_Uw,[VLOG] 도쿄 여행 브이로그 2편/카페 추천/맛집 추천/쇼핑,뮤나,"언더비 진짜 감성 맛집 ,, 벌써 살 옷 찜하고 갑니다 ,,,, 😂 ||| 아 너무 행복해보여요 ||| 편집 뭘로하시나용?? 영상이 너무예뻐여😊 ||| 마지막 유나님이 입으신 검정티 업뎃되나용 ?? ||| 우엉~ 필터넣으신건가요?엄청 영상미 이뻐요!!! 구독꾸욱ㅁ",여행/이벤트
mI1cEtlhJsw,"🌞뚜벅이의 국내여행 브이로그! 당일치기 청주여행ㅣ🌵브리밍에서 점심먹고 비기너스 아파트먼트스토어, 천국의계단 라비린스, 자매상회에서 마카롱, 카페 태그원, 흥흥제과🐶",moavlog 모아,"청주는 사실 저런 평온한 골목골목 감성이 진짜 이쁨..  골목골목 이쁜 브런치카페 거리와 진짜 전망좋은 카페들 여자들끼리나 데이트코스로 딱임 먹을것 말고도 구경거리 핫스팟들도 많아서 좋음 ||| 청주사는데 청주에 이런 곳이 있었나 하는 곳도 있네요 ㅎㅎ 영상도 예쁘게 잘 담아주시고! 안 가본 곳도 있어서 가봐야겠다 생각이드는 곳도 있어요! 가봤던곳도 저기가 저렇게 예뻤구나 ㅋㅋ 생각했어요 ||| 영상 예뻐요 ! 초반에 카페 케잌이 맛있어보여서 놀라고 청주 가는 길의 단풍나무길이 예뻐서 또 놀랐어요. 카페 여러군데 가신거랑 식당도 다 맛있을꺼 같아요. 진짜 힐링되는 여행일꺼같고, 코로나 끝나면 도전해봐야겠어요. 좋은 영상 감사합니다. ||| 청주 시민 입니당 ㅎㅎ 청주를 잘 홍보해주셔서 구독하고 가용!! ||| 진짜 저 청주사는데 카페레체라는 수암골 카페 진짜 사진도 이쁘게나오고 포토존도 있고 완전이뻐요ㅠㅠ 다들 한번씩 가보셔요 그리고 저희동네 가경동 아이파크에 포비라는 베이글파는 카페도 생겼는데 페북에도 여러번 떴고 진짜 베글 맛있대요!",여행/이벤트
7IrGIA2EY-E,"[마늘편] 단양왔써영~🎈먹방브이로그 (달라스 햄버거, 마늘순대전골, 흑마늘 닭강정, 마늘만두, 매운 칼국수, 제비봉 등산, 복매운탕, 탕수육, 육개장, 치킨)",우니의끼니 UNIII,"우니 웃음소리 이히힝~ 들으면 ,, 왜 기분이 좋지,,?,, 그 어떤 웃음소리보다 좋아,, 왜지,, 왜,,,? ||| 우니갱 왔쎄여~~? 보고 올게여~~~ 일단 분량 꽤괜! ||| 목요일마다 결혼하고싶다구여 정말 부부가 식성잘맞는거 축복인듯요ㅋㅋ ||| 다른 관광객 아무도 없고 혼자 동굴 탐험하러 간게 레전드,,,,,,,,,,,, ||| 41:50 갱이 내 얼굴 어때영? 심해영ㅋㅌㅌㅌㅌㅋㅋㅋㅋㅋㅋㅋㅋㅋㅋㅋㅋㅋ켘ㅋㅋㅋㅋㅋㅋㅋㅋㅋㅋㅋㅋㅋㅋㅋㅋㅋㅋㅋㅋ아냐ㅑㅑ 우리 우니언니 언제나 몰해도 이뿌다귱ㅠㅠㅠㅠㅠㅋㅋㅋㅋㅋㅋㅋ",여행/이벤트
XvluaWHbTh8,제주도여행브이로그 🌴 맛집 인생카페 그리고 감성숙소까지 🍃 여름날제주여행 2박3일🍊,하니얌 haniyam,항상 맛집가시면 맛집 이름들 다 알려주셔서 찾아가보기도 더 수월하고 좋은것같아요! 늘 잘보고있어용:) ||| 세상 에서 하나밖에없는 영상 대한민국 내손안의 작은  넘버원 티비 하늬얌 티비!!! 나의 갬성 충전의시간 😘 ||| 언니이이 영상 맨날 챙겨보구 있는데용! 언니 넘모 기여우시구요 진짜 너무 좋아욘 그리구 언니 과자 리뷰 해주시면 안데나요ㅜㅜㅜ 언니가 맛나게 까자 드시면서 맛 표현하시는 거 넘 보구싶오요 ||| 아진짜 말하시는거 넘나 내스탈ㅋㅋㅋㅋㅋㅋㅋㅋㅋㅋㅋ개웃김ㅜㅠㅠㅜ항상 하니얌님 영상 뜨면 볼생각에 넘 설레요 ㅠㅜ💜 ||| 하니얌님 진짜 제 워너비.. 저도 얼른 대학생돼서 친구들이랑 추억 많이 만들고 행복하게 살구싶어요ㅠㅠ!!,여행/이벤트
SNvZoKqhLzY,태국 방콕 여행 브이로그👒 짜뚜짝 라탄가방 득템! 실롬타이 쿠킹클래스 | bangkok trip vlog,혀니hyunie,"구독자 1천 축하드려요!!!!! 여행 영상의 분위기가 너무 멋져요 찰나로 슉슉 지나가는데 그 장면 하나하나가 다 좋았어요 정말 잘봤습니다 👍🏼👍🏼 호텔에서 안좋은 일이 있으셨군요ㅠㅠ 그래도 챙길 건 다 챙기시고 열심히 즐기고 오신 것 같아서 다행이에요~~~! ||| 으악 방콕 넘 부럽!!! 조개 귀걸이랑 목걸이랑 완젼 찰떡!! 라탄가방 넘 이뿌잖아옹 ㅠㅠ 혀니님은 방콕가서도 이뿌네요~~😊☺️영상 잘 봤어요 하울영상도 기다릴게욧😘🍓 ||| 5:57 ㅋㅋㅋㅋㅋ맞아욬ㅋ진짜 존맛탱 먹으면 정색하게 되는것 ㅋㅌㅋㅌㅋㅋ 점점 더워지는데도 방콕 브이로그보니까 더운나라로 여행 가고 싶어지네요ㅜㅜㅜ  방콕 미니하울도 기대 하고 있을께요!! 꺍!!😆 ||| 헐 구독자 1천명 됐네요 축하해요 혀니님‼️😍😍❤️❤️❤️ 지금 고3이라 너무너무 힘들고 지치는데 자기 전에 혀니님 영상 보는게 대리만족도 되고 힐링도 돼요😍❤️❤️ㅠㅠㅜ 빨리 대입 끝나서 알바하고 돈 모아서 혀니님처럼 여행다닐거에요❤️❤️❤️ ||| 방콕 다녀온 친구들 얘기 들을때나 이런 영상보면 넘나 가보고싶은데 더위에 쥐약이라 고민만ㅠㅠㅠ혀니님 영상으로 일단 대리만족합니다🤣🤣슬쩍 지나간 개구리대야..?모죠!? 몬지 모르겠는데 갖고싶네요ㅋㅋㅋㅋ ㅋㅋㅋㅋ빵만나면 신남지수가 엄청올라가는 혀니님ㅋㅋㅋㅋㅋ 여행가서도 간식은 꼭 털어오시는군요 마트러버😋  몰카범에게 정의의 맛을 보여준 혀니님 짱이에오👏👏👍 크,,  하울 영상도 기대하고있을게요!🥳",여행/이벤트
hJUYVN5VwEA,"ENG)제주도 여행 브이로그, 제주 핫플레이스, 카페 정보 공개🍊 (ft.수우동, 동백나무길, 테라로사, 제주신라호텔, 흑돼지먹방) / soso JEJU travel Vlog1",소소soso,소소님 요즘 제가 제일 좋아하는 유투버에요! 댓글 처음 남기는데 앞으로도 좋은 영상 계속 찍어주실거죠? 옷도 너무 제스타일이고 여행 브이로그 보는것도 세상 재밌어요! 애정합니다~💛💛 ||| 영상색감진짜..👍흐린날이었다니 믿어지지않네욤!! 꼼꼼하고 세심하게 정보까지적어두시고..🤭 12월에 제주가는데 참고하려구요 정성이정말대단하세요!!🥰🥰 ||| 제주도 여행 목적으로 영상 찾아보다가 제일 첫번째로 발견한 영상인데 영상도 영상이지만 설명칸에 정보보고 깜짝 놀랐어요 .. 대박이에요ㅠㅠㅠ 이거보고 여행갈랍니다 정말루.. 엄마아빠께 보여드리고 협조해달라해야겠어요!! 주소도 정말 정성이에요.. 감사합니다 정말 ㅠㅠ!!❤️❤️❤️❤️ ||| 정보를 이렇게 세세하게 남겨주시다니 ㅠㅠㅠ 진짜 감사합니다 ㅠㅠ 이 영상 보고 너무 가고 싶어져서 저도 꼭 제주도 여행 가볼려고요! 영상 너무 재밌고 잘 봤어요 🥺❤️👍🏻 ||| 서울에서 제주 애월로 이사 온 지 한 달 된 애월댁입니다💛좋은 정보 잘 보고 갑니다,여행/이벤트
7Qq3VYL74d0,블라디보스톡 여행 브이로그 / vladivostok travel vlog.,자민 jamin,firs time in my youtube history that i watched a 22 min vlog and enjoyed it all it wasnt boring at all i felt like i was with you guys this was so perfect ||| 영상 너무 감성적이고 노래도 좋아요😃😃 항상 잘 보고있어요! ||| 가족들의 사랑이 느껴지는 영상인거 같아요! 초반에 어머님이 아버님한테 수평맞춰야한다고 하신것도 너무 재밌구 ㅋㅋㅋ 사랑스러워유🥰 ||| 저도 브이로그랍시고 계속 요즘 먹방만 하는듯.. 맛있는거 먹고 여유롭게 여행하시는 느낌 잘 봤습니다 🥰😊 ||| Bgm 진짜 좋아용 🧡,여행/이벤트
0KtXB9iSyl4,1박2일 강릉여행 브이로그🌤 / 강릉 토박이가 추천하는 로컬 맛집 🍽 (feat.남자친구 얼굴 공개.. ?!),소윤Soyoon,"화질은 ,.. !! 시간ㅇㅣ 지나면 괜찮아 집니다요 🧡 ||| 젊은 나이에,,, 매달 100씩.. 넘나리 리스펙ㅠㅠ ||| 5:28 소윤님의 남차친구 짱! 👍🏻 ||| 헐... 남자친구분 아버지 만날때 귀걸이 빼는 센스가... bb 😭😭👍 ||| 인스타 보고 호다닥 달려왔어요👀 6:32 넘 기여우신 두 분 ㅜㅜㅜㅜ,,,,❤",여행/이벤트
vwulFe-SPk4,"🇫🇷[유럽여행 브이로그 ep.3] 남프랑스 휴양 vlog ; 니스, 망통, 모나코, 에즈 빌리지 | yeon_log",yeon_log연록,𝒯𝒾𝓂𝑒𝓁𝒾𝓃𝓀𝓈 💃🏻장면 골라보기💃🏻  00:00~ Intro 00:43~ ❤️Day 9; 숙소에서 아침으로 프렌치 토스트 해먹기 02:26~ 망통으로 가는 TGV 03:03~ 망통 도착 04:23~ 📸망통 포토존 04:53~ 망통 시장에서 레몬 슬러시 05:08~ 버스 타고 모나코 05:36~ 모나코 스타벅스 05:48~ 모나코 대공궁 06:34~ 📸포토존 06:47~ 모나코 대성당 07:03~ 버스타고 니스 07:38~ 🧡Day 10; 니스 해변 08:17~ 버스 타고 에즈 빌리지 08:38~ 에즈 빌리지 09:40~ 니스 마티스 박물관 09:46~ 샤갈 박물관 10:50~ 니스 해변에서 수영 12:19~ 💛Day 11; 비행기 타고 스위스 바젤로 ||| 너무 여행가고 싶어서 브이로그 찾아보다가 봤는데 정말 보물같은 영상이네요ㅜ 영상미도 대박이고 경치? 풍경이 많이 나와서 넘 힐링이에요... 중간중간 대화가 찐한국인이라 뭔가 같이 여행 간 느낌ㅎㅎ ||| 오늘도 예쁜 영상이네요🌝❤️ ||| 영상너무 이뻐요 ㅜㅜ 여행가고싶다… ||| 저도 니스 여행 때는 관광말고 휴양에만 집중했었는데  에즈빌리지 너무예뻤어요 💙 브이로그 보는 내내 기분이 좋네요,여행/이벤트
BFem-kKSxN0,ENG)도쿄여행 브이로그. 마고라멘 먹기. 블루보틀 가기. 도쿄시내 드라이브.,Kuyeah쿠예,Love with your hair😖❣4:14  Your laugh is similiar with June when he was laughing ||| The fact that june is still exercising while holiday👏🏻👏🏻👏🏻 june deserve that body goaaaaaal ||| June really loves walking ||| Watching this rn as I wait for iKON to land here in the Philippines 😭😭😭 ||| visit Malaysia one day please! We have a lot of spicy food! ㅋㅋㅋ love your video!,여행/이벤트
Cy6qyFHMIBI,las vegas vlogㅣ라스베가스 신혼여행 브이로그ㅣ고든램지스테이크ㅣm&m스토어,taeheelog태희로그,ㅋㅋㅋㅋ티격태격하는것도  올려주셔서  더 재밌어요 ㅋㅋㅋㅋ 진짜 커플로 여행가면 별의 별일로 다 서운하고 싸우기도 하고 ㅋㅋ 그나저나 어떻게 아래에서 위로 찍으시는데도 무자게 이쁘시네요 ㅋㅋ ||| 브이로그 맛집!!! 오늘도 역시 잘보고가용 태희님 남은 신혼여행 영상도 기대할게오 🥰 ||| 언니 ㅠㅠㅠ 늦게와서 죄송해요 언니 편집실력 진짜 나날히 느시는것 같으세요 썸네일을 보고 안들어올 수가 없죠 언니 미모 진짜 완전 ㅠㅠㅠㅠ 예뻐요 갈수로 예뻐지시는것같아용  ٩(๑•̀o•́๑)و  영상 긴거같아서 좋은데 저에게는 짧게 느껴지네용 ㅠㅠㅠㅠ 잘보고갈게용 언니 사랑해요 언니 행복해하시는거 보니까 저까지 행복하네요 히 언니 좋은여행이셨음 좋겠네용 ❤️❤️❤️❤️❤️❤️❤️❤️❤️❤️❤️❤️❤️❤️❤️❤️❤️❤️❤️❤️❤️❤️❤️❤️❤️❤️💛💛💛💛💛💛💛💛💛💛💛💛💛💛💛💛💛💛💛💛💛💛💛💛💛💛💚💚💚💚💚💚💚💚💚💚💚💚💚💚💚💚💚💚💚💚💚💚💚💚💚💚💙💙💙💙💙💙💙💙💙💙💙💙💙💙💙💙💙💙💙💙💙💙💙💙💙💙💜💜💜💜💜💜💜💜💜💜💜💜💜💜💜💜💜💜💜💜💜💜💜💜💜💜❤️❤️❤️❤️❤️❤️❤️❤️❤️❤️❤️❤️❤️❤️❤️❤️❤️❤️❤️❤️❤️❤️❤️❤️❤️❤️❤️❤️❤️❤️❤️❤️❤️❤️❤️❤️❤️❤️❤️❤️❤️❤️❤️❤️❤️❤️❤️❤️❤️❤️❤️❤️💛💛💛💛💛💛💛💛💛💛💛💛💛💛💛💛💛💛💛💛💛💛💛💛💛💛💚💚💚💚💚💚💚💚💚💚💚💚💚💚💚💚💚💚💚💚💚💚💚💚💚💚💙💙💙💙💙💙💙💙💙💙💙💙💙💙💙💙💙💙💙💙💙💙💙💙💙💙💜💜💜💜💜💜💜💜💜💜💜💜💜💜💜💜💜💜💜💜💜💜💜💜💜💜❤️❤️❤️❤️❤️❤️❤️❤️❤️❤️❤️❤️❤️❤️❤️❤️❤️❤️❤️❤️❤️❤️❤️❤️❤️❤️ ||| 태희님 툴툴거리시는것도 귀욤귀욤ㅋㅋㅋㅋ재밌게 잘봤습니다! 그래드캐년도 기대되네여>< ||| 비지엠은 여전히 쫀쫀한 찰떡이구나🤟🏻,여행/이벤트
_vHAX-pDQLQ,베트남 다낭 & 호이안 여행 브이로그 6박 7일 일정 완전정복!,떠나자!영맨,꼭 한번 가보고 싶네요 ||| 재밌는영상 구경하고 자주놀러올려구 구독눌렀어요!!자주올려주세요!!! ||| 영상 잘보고 갑니다. ||| 자세한 다낭 설명 잘 봐습니다 ||| 오 영상 넘 좋아요~ 가보고 싶습니다,여행/이벤트
GQGAdKneylM,🇯🇵 일본인과 함께하는 일본여행 브이로그,스팍 / SPAX,"Spax: O vlogueiro que tem a atenção de colocar legenda em português! Obrigado amor, você é demais! <3 I LOVE YOU, SPAX! Saudades Taichi <3 ||| Spax e Taichi são fofos, estava com saudade de ver vocês juntos, Blanc7 ainda esta no meu coração ||| Um espaço livre: A  Spax: VOU DANÇAR BREAK ||| TRADUÇÃO DA DESCRIÇÃO PT/BR   Foi um ótimo momento ^^ Até a próxima vez que te encontrar Estou me divertindo.  *obs¹: tinha outra parte, porém estava repetido.*  Amo vocês meus piticos💞 ||| Acho q a voz do Taichi engrossou.... Talvez seja apenas impressão minha ;)",여행/이벤트
YR4yk7FkUiY,"🌞알차다, 1박 2일 대구여행 브이로그ㅣ대구카페추천☕️ 알록달록 트룰리베이커, 수성못에서 오리배타고 막창맛집, 소품샵, 에어비앤비ㅣDAEGU TRAVELOG!",moavlog 모아,"70년생 아줌마인데 모아씨 영상 넘 재밌게 잘 보고있어요~ 영상도 이쁘고 여행 이쁜카페 대리만족~ 힐링됩니당ㅎㅎ 앞으로도 자주 부탁드립니다~ ||| ㅋㅋㅋㅋㅋㅋㅋㅋ 초반에 은색 문에 굴곡된 모아님 모습 보고 빵터졌어요 영상 다 보기도 전에 댓글 달러 왔어요 😂😂 ||| 우연히 제 알고리즘에 모아님의 1년전 제주도 브이로그 영상이 떠서 썸네일에 홀린듯이 들어왔다가 자연스럽게 다른영상들도 몇개 보고 결국 구독누르고 갑니다! 영상이 깔끔하고 사진 찍으신것도 너무 제 취향이고 그냥 영상 모든부분이 마음에 들어서 너무 좋아요 진짜 이렇게 제 취향이랑 딱 맞는 유튜버분은 처음이예요ㅎㅎ 앞으로도 계속 챙겨볼게요 감사합니다❤❤ ||| 하.. 진짜 너무 좋다 여기.. 💗 나의 새벽 힐링 장소,, ㅠㅠ 정말 좋은 영상 감사해요.. 돈 주고 봐라고 해도 보고 싶은 곳이에요 정말로..♥️ ||| 친구들과 함께 있으면 기분이 저절로 up!! 되는 것 같아요 😊  시간 날 때 대구에 놀러가봐야 겠어요 🌞",여행/이벤트
QTbt2zyvJXQ,[ENG SUB] 일상 브이로그 / 베트남 여행 브이로그! 먹투어 신나게 하고 살 안 찌는 비결 공개!? / 여행 Vlog,걍인수,wow! 기대하고 있었어요 😍그것이야말로 내가 원하던 동영상이다👍👍👍 다음 것은 더 기대 되겠네🤗💖👍 ||| 3:29 🤣🤣🤣 Wildだねぇ~😄😍ㅋㅋ2차ㅋㅋㅋ👍 해바라기 씨 기부 ㅋㅋㅋ😂😂😂 너무 귀여워 ~😍💓  베트남 여행 한번은 하지 말고 2회째도  더 많이 보고싶었어요😊💛 ||| 1:41 Wildだねぇ~😄😍ㅋㅋㅋ いいたべっぷりだよ~！👍🥰💛 ||| 8:35 베트남 여행 보이고 주셔서 고마워요 😊 식사도 많이 먹고 즐거운 여행이 됐군요.👍ㅋㅋ 오늘 기다릴께요💕😍 ||| 풋풋한 인수 어설프지만 이때너무귀여워네요 못가 많이담아주려는인수 여행가서까지 자기관리👍🏻👍🏻👍🏻 항상 준비하는모습 응원합니다,여행/이벤트
hzfm5rU9V8Y,여행 브이로그/ 인천공항에 이런 남자가??,훈모TV,처음에 보이는 남자분 잘생겼어요,여행/이벤트
oRQAyOeUnjM,열살차부부의 부산여행 브이로그 저세상 크루즈여행.. 구독자 만명축하 쿠키영상있음! ★busan south korea vlog★,권감각,이 언니 드립 좋은거 세상이 다 알아야하는데ㅠㅠㅠ♡ ||| 05:17 ㅋㅋㅋㅋㅋ 미친 디테일 일어났는데 없는거 보고 진짜 원나잇이녜-ㅋㅋㅋㅋㅋㅋㅋㅋㅋㅋㅋㅋㅋㅋㅋㅋㅋㅋㅋ ||| 3:50 쿠킼ㅋㅋㅋㅋㅋㅋㅋㅋㅋㅋㅋㅋㅋㅋㅋㅋㅋㅋㅋㅋㅋㅋㅋㅋㅋㅋㅋㅋㅋㅋㅋㅋㅋ쿠키가ㅋㅋㅋㅋㅋㅋㅋㅋㅋㅋㅋㅋㅋㅋㅋㅋㅋㅋㅋㅋㅋㅋㅋㅋㅋㅋㅋㅋㅋㅋㅋㅋㅋㅋㅋㅋㅋㅋㅋㅋㅋㅋㅋㅋㅋㅋㅋㅋㅋㅋㅋㅋ쿠ㅋㅋㅋㅋㅋㅋㅋㅋㅋㅋㅋㅋㅋㅋㅋ키ㅋㅋㅋㅋㅋㅋㅋㅋㅋㅋㅋㅋ ||| 감각 누나를 알아본 만명 안에 내가 들어있다. 그것만으로 자존감 상승이다. 자존감 수업 따위 필요없다. 이 누나 채널 드립반 드립반 구독 좋아요 많이요 사장님 감사합니다! 만명 축하요! ||| 솔직히ㅋㅋㅋㅋ쿠키떨구는데서 현웃터졌고요ㅋㅋㅋㅋㄱㅋ마지막 찬승이횽님의 가식적인 멘트 감사드립니다ㅋㅋㅋㅋㅋㅋㅋ,여행/이벤트
xs-Xha2q3oo,"4박5일 도쿄여행 브이로그 3일차 ✈️ (ft. 스키지시장, 호르몬동, 나카메구로 벚꽃, 지유가오카,고소안) | tokyo vlog",희HEE,"요즘 일본 여행이 하도 가고싶어서 브이로그보면서 대리만족 중인데, 엄청 재밌어서 정주행 중이네요 ㅋㅋㅋ ㅜㅜ 쓰키지 시장은 아침시장이라서 아침에 열기를 띠고 점심 저녁에 가면 몇몇 일부 식당만 문을 열고 있어요!! 아침 일찍 가셨던 게 신의 한 수 •• ||| 희님 영상은 스킵할 게 1도 읍는 그~~~ 잔잔하게 너무 잘 봤어요 ! 이런 빠른 영상 업데이트는 사랑입니다아🥰 ㅎㅎㅎㅎㅎㅎㅎ ||| 잘보고갑니다~ 다 재미있고 맛나보여요! 분위기가 넘 좋아용 🥰 ||| 맛난거 많이 드시고 즐기고 오셨네요! 좋쿠만요! 🥰 ||| 저도 도쿄가서 그릇쟁이고싶오요!!💜💜",여행/이벤트
wdxXm_uM6qI,[뉴트의라이프] 긴자여행 브이로그#1/인생우동을 찾다/긴자맛집/긴자쇼핑,뉴트tv,이젠 국내여행의 느낌으로 즐기고 있네요 ㅋㅋ 여러 발견해서 맛있는 물건과 만나 주세요 ||| 배고픈데 봐버렸어여ㅜㅠㅠㅠ완전맛있어보여요 빵터진모습 귀여워여💕💕💕 ||| 담에 도쿄 가면 꼭 긴자 가야겠어용😂 도쿄 참 좋아하는뎅 영상 넘 힐링이에오..💙 비니도 찰떡! 이번 영상의 메이컵은 업로드되어 있는 메이크업이랑 비슷한가용!?😖 ||| 언니 안녕하세요!!! 일본에서 늘 영상 보고 있어요❤️ 언니 너무 예쁘고 펜이예요…🤭 ||| 옷 진짜 잘입으시는거 같아요! 오늘 처음 봤는데 바로 구독했어요 ㅎㅎ,여행/이벤트
yDNkz7lgDa0,"비행기에 방이 무려 3개나 있다는 더레지던스 클래스! 현존 제일 비싼 좌석! - 허팝 ($20,000 Residence on Etihad)",허팝Heopop,"다음영상[금호텔로 불리는 7성급 궁전호텔 영상 보러가기] : https://youtu.be/RRQDvWh0Eeg 비행기 이코노미만 타보다가 큰맘먹고 시청자들의 힘을 얻어! 직접 세상에서 제일 비싼 비행기 좌석을 타보았습니다. 직접 자동차로 저를 데리러와주고 호텔까지 데려다주구! 근데 호텔도 업! 퍼스트 클래스가 가장 좋은건줄 알았는데 아니네요 ㅠㅠ 이건 시청자분들이 제일 비싼 비행기 궁금하다는 요청이 많아,,, 제가 제일 비싼 비행기를 직접 검색해서 질렀습니다! (돌아올땐 제일 싼거 타고 한국으로 컴백한건 안비밀) 더레지던스 클래스 !!! 방이 무려3개 입니다. ㅋㅋㅋ 깜짝 놀랐네요. 개인 화장실과 샤워장도 있구요 ㅋㅋㅋ호텔보다 좋은 침대ㅋㅋㅋ침실 너무 좋네요 ㅋㅋ무선 인터넷도! 먹는것도 언제든지! 거실도 대박 ㅋㅋㅋ 뭔가 이동수단이 아니라 호텔에서 아늑하게 쉬는 느낌입니다. 다음에 부모님께 한 번 선사해주고 싶네요! 비행기가 이동수단으로만 여기는걸 떠나서 편안함과 즐거움을 주는 호캉스 같은 느낌이네요! 뭔가 새로운 비행기 접근 방법인 것 같아요! ||| 진짜 버는만큼 영상에 투자 엄청하는구나 이래서 계속위로올라가는거임 ||| 병크 하나 없이 세상 정직하게 유투브로 성공한 사람 그냥 사람 자체가 선한듯 ||| 비행기에서 가장 좋은 좌석, 지역 내 가장 좋은 호텔.. 그 직원들은 만났던 손님들중 가장 알록달록한 손님이겠지.. ||| 진짜 옛날때 부터 봐서 느낀건데 허팝님은 진짜 열심히 살아오신듯 ㄹㅇ로",여행/이벤트
2LSWbDNNDTE,에이인 : 이번 주말에 뭐해~? 한강으로 피크닉 가자☀️⛱,ain hawaii,제페토 항깅 공원!!!! ||| かわいい❤️❤️❤️ ||| 와 진짜 가고싶더ㅠㅠ ||| 지금도 가나?ㅋㅋㅋ ||| 로망임...ㅠ,여행/이벤트
PYMgSNfoU4E,[VLOG] 여행 브이로그  / 싱가포르 가는길 인천공항에서 할일들 (+싱가폴 맥도날드),밍집사의 다이어리,"필수에요x 필수예요o 하이라이터에요x 하이라이터예요o ||| 공항은 항상 좋죠,,ㅎㅎㅎㅎ 싱가폴이라니 부러워용 ㅠㅠ💕 목소리가 좋으세요 ㅎㅎ영상잘보구 갑니다아🙂 ||| 민지님 또 떠나셨군요~~~!!! 면세에서는 늘 사오는 재미가 있는 것 같아용 크크크크 싱가포르 12년 짬이라니 이번 일상여행로그도 기대해봐도 되는겁니까🤭🤭💛 ||| 공항은 항상 설레죠♡♡ 잘보구가영~ ||| 매니아에요x 매니아예요o",여행/이벤트
460jrkq4Q20,1박 2일 경주 여행 브이로그 Gyeongju Trip Vlog🌙,moonshell문쉘,일본 여행 다녀오신 것 재밌게 보고 떴는데 그냥 지나칠수가 없....넘 귀여우세요 >< ||| 웃는거 진짜 왜케 이쁘신겁니까 ㅠㅠㅠㅠㅠㅠㅠㅠㅠㅠㅠㅠㅠ ||| 경주 아늑한느낌이라 좋더라구요 ㅎㅎ 겨울엔 안가봤는데 또 가고싶은곳!!! ㅎㅎㅎ 황리단길 영상으로봐도 너무 예쁘네요 ㅠㅠㅠ ||| 경주로 힐링여행 보기만 해도 기분좋아지는 영상입니다. ||| 대박부럽.. 오늘 고고!,여행/이벤트
lfncMxRtArI,[미나의 역주행] 미나 도령과 경북궁 데이트 / 지하철 여행 / 브이로그 (ENG/JPN SUB),톡! TALK! 후지이 미나,인간계 최강 미모 ||| 예뻐. 아무리 봐도 예뻐. 특히 사랑받고 자란 티가 팍팍 나요. ||| 완전 사랑스러운 미나씨 ㅎ ||| 미나님 아름답습니다~~😍 ||| 미나씨 예뻐요 かわいい😊,여행/이벤트
7GHArd82wj0,"[파리여행 브이로그 ep.2] 카페 키츠네, 아트서적 서점 탐방, 안젤리나 밤맛 몽블랑, 파리 스타벅스 1호점",newkay 뉴케이,"뉴케이님  영상은 보는것만으로도 힐링~ 오늘 하루 참 길고 힘없었는데 뉴케이님 영상보고 기분이 스르르~풀리고 기운이나요💪 💎같은 사람 오늘도 굿밤~ 참  지금 뉴욕은 밤이 아니죠😅 무슨시간이든  어디든 뉴케이님 모든날이 소중하고 행복하길🙏 ||| You two are matching! So cute - always excited to drink some tea and enjoy your vlogs. ||| 재미없다뇨 15분 순삭이에요🤔 파리 여행하는 기분으로 오늘도 잘보고갑니당💕 (뭉개진 디저트는 넘나 귀여워요🍐😆) ||| 뉴케이님 영상보면서 파리여행 기분 내기~~~🥨💛 ||| thanks for sharing. I've enjoyed every bit of it. planning to go to Paris. you've shown me so many interesting, insta-gramable spots to check out. so many great places to see. can't wait to see Paris. another place in my bucket list. can you tell me where you guys stayed at? thank you again! love it!",여행/이벤트
juTrPlvXVc4,[VLOG] 먹으려고 떠난 3박4일 말레이시아 여행브이로그 마지막이야기 :: KUALA LUMPUR🇲🇾,비니BINEE,수영장에서 사진 찍으실떄 넘나 귀여우세요 ㅠㅠㅠㅠㅠㅠ만화에서 갑툭튀한 캐릭터같에요 어떠케 ㅠㅠㅠㅠㅠㅠ꾸엥... ||| 쿠알라룸푸르 다시 가고싶다..❤  아직 우리나라엔 덜 알려졌지만  짧게 여행가기 너무너무 좋은 곳인거 같아요 그런데 비니님 앞머리 자르고 너무 예뻐진거같아요 그리고 화려한 귀걸이 넘나 찰떡❤ 영상보고 힐링받고 가요😍😆 ||| 친구가 참 리액션이 좋네요😄 ||| 지친 목요일에 요렇게 힐링되는 여행 브이로그 올려주셔서 감사해요>< 비니님이랑 동갑이라그런갘ㅋㅋㅋㅋㅋㅋㅋㅋㅋㅋㅋㅋ 어딜가도 저 뚜루뚜루루~ 저노래 나오는거 넘나 공감모먼트고욬ㅋㅋㅋㅋㅋㅋㅋㅋㅋㅋㅋㅋㅋ 진심 하이텐션 비니님 넘나 재밌어유..ㅎㅅㅎ 비니님 브이로그 알람설정은 선택아닌 필수라구요^_^ ||| 여행은 먹는거다~ ㅋㅋ 정말 공감이에요!! 잘 먹어야 그 만큼 여행내내 행복한거 같아요  저두 비니님처럼 친구랑 해외여행 꼭 가서 추억 마니 만들고 싶어요ㅠㅠ 정말 잘 맞는 친구랑 여행가셔서 그런지 영상내내 행복이 가득~,여행/이벤트
slZvAk74WwQ,체르노빌 1박 2일 여행기 【유라시아104】,빠니보틀 Pani Bottle,"댕댕이들 사람이 얼마나 그리웠으면  저리 반가워할까. 마음이 아프다ㅠ ||| 5:00 이런데로 신혼 여행을 와야하는데ㅋㅋㅋㅋㅋㅋㅋㅋㅋㅋㅋㅋㅋㅋㅋㅋㅋㅋㅋ 체르노빌에서 신혼 여행 드립 치는건 이자밖에 없을듯ㅋㅋㅋㅋㅋㅋㅋㅋㅋㅋㅋㅋㅋㅋㅋㅋㅋ ||| 11:03 너무 귀여워.. 재난으로 사람은 떠난 곳에 댕댕이들이 있다는게 어쩐지 걱정도 되고, 가이드는 이제 얼굴을 외웠을거구 관광객들 올 때면 사람이 얼마나 반가울까 생각하니까 저기 사는 댕댕이들이 너무 짠하다.. 그래두 잘 먹고 지내는거 같다. 지금도 건강히 잘지냈으면 좋겠는데..  우크라이나라서 영상 속 우크라이나 사람들도 댕댕이도 잘 지낼까 생각이 든다😢 ||| 강아지땜에 다 봤을정도로 강아지가 너무 귀엽네요 ㅠ 애교덩어리",여행/이벤트
LHzBXnBtjOY,"유럽여행에서 생긴 황당한 일, 우버기사한테 맞음 | 경찰서 감",천천히 세계여행 앤젤리나_Angelina_lee,"https://www.youtube.com/watch?v=jeFABlfvAGU <- 우버측에서 온 이메일과 그 외의 의문들에대해서 이야기했어요. ||| 다들 도움 준 택시기사 이야기는 많이없네..진짜 저분 은인이다ㅜ 같은 택시기사 입장에서봐도 저건 아니다 싶으니까 직접 나서주신건데 정말 감사하네요~ 우버택시기사때문에 나라 이미지가 깎이는것만큼 도움주신분 덕분에 그나마 방법이 좀 생긴것 같음 ||| 저 여자는 얼마나 많은 동양인들에게 덤탱이를 씌웠을까ㅋㅋ 영어못하는 관광객은 진짜 그냥 말도 못하고 걍 돈 줬을듯 싶네 그러니 계속 저짓거리하지 ||| 우버에 신고해서 자격 정지 당하게 하세요, 자료 제출하고 영구적으로 밥줄을 끊어야죠. 고생이 많으셨어요ㅜ ||| 타협하지 않고 끝까지 대항해 한국인은 결코 호구가 아님을 보여준 당신은 훌륭한 대한민국 국가대표 입니다!",여행/이벤트
n5ruszJoz5Y,빡쎈 이스라엘 물가 체험기 【유라시아79】,빠니보틀 Pani Bottle,"5:10 고로케가 고로케 맛있어? ||| 영상올라오면 애인만나는 것처럼 설레임 ||| 6:53 빠니님 새로운데 가면  ""꼭 ㅇㅇㅇ 온 느낌인데?"" 라고 말하면서 항상 뒤에 덧붙이는 말:  ""물론 안가봤습니다"" ㅋㅋㅋㅋㅋㅋㅋㅋ ||| 7:20 생각뽀댜 말투 인도인이냐구 ㅋㅋㅋㅋㅋㅋㅋㅋ 귀여워 형 ||| 3:25 아이언돔 예언 ㄷㄷ",여행/이벤트
KmPmAnPBVJM,유럽에서 안경 맞춰 본 사람?🙋🏻‍♂ 독일 베를린 여행브이로그ㅣ윤베를린ㅣ남자유튜버 초마드,초마드 CHOMAD,보고싶다😃✌ اغلب المشتركين عرب 🌚💖 ||| wow your channel’s growing is truly amazing😊😊 ||| You are a positive person and this is beautiful in you I hope you stay like this and always smile💜 ||| 와 ㅜ 영상 퀄리티 점점 좋아지는것 같아요!! 역시👍👍 ||| 초마드님 아이돌비쥬얼~~~ 인기도 아이돌~~~❤️,여행/이벤트
Zb-Sbv1tO2U,조지아 음식 찾아 헤매기 【유라시아66】,빠니보틀 Pani Bottle,25년에서 오신분~~~? ||| 8:28 교차로 도로 한복판 풀밭에서 소리지르며 개와 싸우는 동양계 사람 ||| 9:57 단-순ㅋㅋ 빠보님 좋아하는이유ㅋㅋ 단순해서 나쁜거 금방 까먹고 기분좋아짐ㅋㅋ 성격 내스타일인것ㅋㅋ ||| 24년에 오신분~~~? ||| 와...개한테 물리는줄 알았는데 ㅋㅋㅋㅋㅋㅋ개를 쫓아내네 ㅋㅋㅋㅋㅋㅋ현웃터짐,여행/이벤트
ER2DtlXEjfc,🇱🇧 레바논이 위험하다고? 여기 완전 유럽인데..✨ㅣ여행유튜버 초마드,초마드 CHOMAD,"ㅠㅠ베이루트 폭발뉴스보다가 초마드님 레바논영상 생각나서 다시보는중이에요....저렇게 아름다웠던 곳인데ㅠㅠㅠㅠ안타까워요 ||| So glad you enjoyed ur time in my beautiful country ♥️♥️🇱🇧🇱🇧 ||| 현재 반정부시위가 폭력시위로 번져 치안 심각한 수준인 것 같습니다. 초마드님이 여행자제국이라고 설명에 적어주셨지만, 영상만 보고 안전하다고 생각해서 주의하지 않아서 나쁜일 안당했으면 좋겠습니다~ ||| Thank you Chomad for visiting my country Lebanon and showing how beautiful it is and not dangerous, شكراً ❤️ ||| شوماد ♥️.  لبنان بإذن الله ترجع الأوضاع احسن من الحين ✨",여행/이벤트
IbReJX7BRgA,"[실제상황] 유럽여행 최악의 인종차별 헝가리 부다페스트 / 쓰레기 던지고 욕하고 카메라 뺏으려고? 당하기만 할 줄 알고?! Racism in Budapest, Hungary",김팥쥐PPATJi,"안녕하세요~ 저는 헝가리 사람이예요. 진짜 미안합니다. 헝가리에서 많이 이런사람이 있어요.  난 이것 진짜 싫어요. 제 남자친구는도 한국 사람이야 그래서 저는 비디오 봤을때 을때 너무 너무 화난다고 슬펐어요 . 정말 죄송합니다. ㅠㅠ ||| 헝가리 대사관에 영상보내고,한국대사관에 영상보내요. Kbs에도  제보하시고요. 유럽에서 한국인들이 너무 많이 당합니다. 다음 한국인들을 위해 제보하세요 ||| 정말 유럽 수준이하들이 많구나.. 한국서 외국인들 식당에서 먹고있는데 누가 쓰레기던지고 시비거나요? 10대들도 그러진않음.. ||| 헝가리 사는 한인인데요  헝가리 인종차별자들 한테는 굉장히 강하게 나가시는 게 좋아요 얘네들도 강약약강 이라서 좋게 타이르고 그냥 무시하는 게 안 통합니다 ㅋㅋ 보통 저런 10대 들이 인종차별자 중 대부분을 차지하구요 혹시라도 만나시면 그냥 못배운 친구구나 라고 생각하시고 넘어가시는 게 본인 멘탈에도 좋아요 글고 10대 대부분도 영어를 못하기 때문에 영어로 막 말하고 몰아붙이면 오히려 주춤하니까 뭐라할 때는 헝가리어 말고 영어쓰세요  헝가리어로 말하면 무시하더라구요 ㅎ",여행/이벤트
eOZF8y684fQ,"[🇷🇺🚂 시베리아 횡단열차 ep.2] 19.9살, 횡단열차에서 첫사랑을 느끼다.",모르는지,"영상 속 친구들은 2020년에 전역했고 모두 건강히 잘 지내고 있습니다  무분별한 억측과 사실과 다른 댓글은 사전 통보 없이 삭제 하겠습니다. 감사합니다  instagram: tako_eunji ||| Так прикольно наблюдать за тем как люди не смотря на языковой барьер классно могут общаться и понимать друг друга ||| Угар, что пацаны не зная английский и корейский смогли пообщаться с кореянкой, а я живя в Корее и зная оба языка, даже хлеб нормально купить не могу) ||| Очень рад, что попались добрые воспитанные парни, без мата и неуместных подколов ||| Смотрю в 2025. Такое милое, доброе видео. Надеюсь, что со всеми героями видео все хорошо",여행/이벤트
osFWBHsR0go,이스탄불 먹방 기행 【유라시아72】,빠니보틀 Pani Bottle,과묵한데 진짜 정성스럽게 챙겨준다   인간미 넘치는 친구네 ||| 서로 이름을 몰랐어 ㅋㅋㅋㅋ 먼저 물어볼때 까지 존버 개이득이네요  ㅋㅋㅋ 근데 진짜 과묵하네 ㅋㅋㅋㅋ 숨막힐 정도로 ||| 한번 정주행을 시작하면 멈출수가 없다...ㅠ ||| 진짜 마지막 클립 너무 대단하다 .. 아예 장르가 달라지네 ㄷㄷㄷ 공중파 다큐같아요 ||| 진짜 후리하다ㅋㅋㅋㅋㅋㅋㅋ만난지 얼마나됐다고 손님한테 집을 맡겨놓고 집을 나가냐ㅋㅋㅋㅋㅋㅋㅋㅋㅋㅋㅋㅋㅋㅋㅋ,여행/이벤트
HECerb1r1uE,"ENG) 열아홉, 나홀로 유럽여행✈️ㅣ갑자기 멈춘 비행기..? 러시아 오빠 고마워요😭",냔지 nyanji,"오해하시는 분들이 계셔서 말씀 드리는데 지금은 성인이고, 이 때는 18년 12월 즉 ‘19살 때 다녀온 여행’이에요 🥰  유럽 브이로그를 정말 많이 기대해주셨는데  오랜 시간동안 기다려주셔서 감사드리고 오늘도 영상 재밌게 봐주세요~! ||| 그 러시아 오빠분께서 이영상을 꼭 보셨으면 좋겠다 ||| 하아 ㅠㅠㅠㅠ진짜 운명처럼 그 러시아오빠가 유튜브에서 이 영상을 발견해주셨으면 좋겠다 ㅠㅠㅠㅠㅠ내가 더 간절해 ㅠㅠㅠㅠㅠㅠㅠㅠㅠㅠㅠㅠㅠㅠㅠㅠㅠㅠ ||| 9:42 으악 아버님 되게 진지하시고 분위기 진지한데 ,, 아버님이 사투리 쓰다가 냠냠이들 이라고 하시니깐 왤케 귀여운거죠,,,,ㅎ ||| 언니 막 영상에서 소심하다고 하시는데 제 생각엔 혼자 여행을 하시는 것 부터 대단하다고 생각해요.... 저는 절대 혼자서는 못갈 것 같아요ㅠㅠㅠ 너무 무셩",여행/이벤트
xo_9Zvp4ftw,"🇨🇿열아홉, 나홀로 유럽여행2ㅣ한인민박에서 만난 친구들👫ㅣ13일간의 무계획 여행🍀",냔지 nyanji,"안녕하세요 여러분 냔지입니다 🥰❤️ 너무 오래 기다리셨죠..?! ( ˃̣̣̣̣o˂̣̣̣̣ ) 드디어 ! 나홀로 유럽 브이로그 #2를 들고 왔습니다 ~~ 👏🏻👏🏻  오래 기다려주신 만큼 정말 열심히 준비한 영상이니 재밌게 봐주셨으면 좋겠어요 🥺💕  [영상 속 모든 정보는 더보기란 참고 🔍]  영상이 재밌으셨다면 구독 한번씩 꾸욱~! 눌러주시면 감사드려요 =) 제가 영상을 만드는데 정말 큰 힘이 된답니다-! ❤️💕💕 ||| 코로나가 터진 이 시국에 이영상으로 위안을 얻고 있습니다 ... ㅜㅜ ||| 나도 꼭 가보고싶다 혼자.. 혼자 저 길거리 걷기만해도 너무 이쁘고 행복하고 여태까지 힘들었던거 다 위로되면서 눈물 펑펑 흘릴것같다 지금 다른사람이 여행한 영상 보면서도 이렇게 눈물 나는데.. ||| 이쪽은 구독자들이 진짜 클린한거같아용,,, ||| 9:13 ㄹㅇㄹㅇ 존예존예 인간토끼아닙니까...ㅠㅠ❤️",여행/이벤트
v_SPgvMwhgw,입국심사때 한국인들이 유독 가장많이 하는 실수 TOP3,트래블튜브,"요약해서 말하면 '이미 다 알고 질문하는거니 솔직하게 대답만 하면 된다' 라는거 같아요 ||| 친구랑 옛날에 미국여행갈때 친구가 영어를 아예몰라서  for trip, nice 이 두단어만으로 입국심사관이랑 엄지척까지 주고 받으며 웃으며 통과함 ||| 하나더.. 질문을 이해하지 못하는 상태에서 무조건 Yes는 정말 위험함. 못 알아듣겠다고 꼭 말씀하세요. ||| 진짜 외국인들이 '한국인=거짓말쟁이' 인식 안찍히도록 지극히 사적인 이야기라도 심사관이 물어본다면 제발! 정확하고 오해없게 대답하자. ||| 중요한 사항일수록 다른사람들의 댓글에 휘둘리지 말아야 한다는것 정말 공감입니다! 카페에서 댓글 말 들었다가 입국거절당하고 그 기록이 남으면 그걸 누구탓을 하겠습니까.  내가 평생 지고가야할 낙인처럼 되어 버리는데.",여행/이벤트
uaBHe5P4JF8,인도 기차 1등칸 vs 중간칸 vs 꼴등칸 타보기 【유라시아35】,빠니보틀 Pani Bottle,"다른사람들처럼 여행하면서 불평, 불만에 화가 가득한데 이분은 최고의 문화상대주의자임.아 이나라는 이런 문화이고 이런 일이 있을 수 있지라는 마인드..볼수록 호감형임 ||| 그저께 부터 본 사람으로서 아직 볼 영상이 많이 남았다는게 너무 행복하다 ||| 인도여행은 유튜브에서만 하는걸로 ||| 빠니보틀 클래식. 그 시절 우리가 좋아했던 빠니보틀의 모습을 볼 수 있는 영상 ||| 근데 진짜 좋은 유튜브인거같음. 각 나라 지형같은거나 종교같은것도 중간중간에 설명해주고 이런 문화도 알려주고 인도 사람이 많다는것도 체감시켜주고.. 솔직히 책으로 이런거 읽으라 해봤자 읽어도 기억도안나는데 빠니님이 혼자서 드립치고 여행하는거 보는게 그렇게 재밋음.. 진짜 구독자 유튜버 서로 윈윈하는곳인거같다",여행/이벤트
hxuMWo7fYFA,동남아 여행 중에 갑자기 쉬즈곤을 부르게 됐습니다...,권민제 MINJE KWON,아니 친구분... ㅋㅋㅋㅋㅋ 구도 욀케 잘잡냐고 ㅋㅋㅋㅋ 그냥 라이브를 뮤비끕으로 만드네ㅋㅋㅋ ||| 확실히 음악가는 음악가인가보다  뒤에 기타치는 아재들 고음올라가니깐 흐뭇해하네 ㅋㅋ ||| 알수없는 유튭의 알고리즘으로 하모니즈의 남아공 식당공연 발바리 치와와보다가 넘어옴 근데 지린다~~~ 대밬 ||| 어떻게 일반인이 저렇가 잘 할 수 있는지 다시 봐도 정말   고음에서 저렇게 부드럽게 소화할 수 있는 게 너무나 초대박이신 분!!!!!,여행/이벤트
lbtGnrjZIHQ,중앙아시아 배낭 여행 일상 【유라시아52】,빠니보틀 Pani Bottle,"이야... 택시기사분 진짜 대단하시다.. 낯선 외국인을 자기집에서 하룻밤 재워준다는거 결코 쉽지 않을텐데 친절함이 가득하시네ㅜㅠ ||| 말도 안통하는 외국인을 자기집에서 재워주다니... 진짜 착하시네 ||| 빠니님 ..ㅠㅠㅠㅠ 와 ..키르기스스탄..제가 어렸을 때 아빠 사업때문에 강제로 끌려가(?) 이민가서 살던나라에요.. 한국에 살다가 덜 발전된 나라로 가게된거라  그땐 죽도록 이 나라가 싫었었는데 .. 이렇게 빠니님 덕분에 다시보니 너무 추억도되고 행복하고 아련하고 벅차고 다시 가보고싶단 생각드네요.. 영어도 ,중국어도,일본어도 아닌 러시아어를 배운단게 넘 힘들고 그랬었는데 한국와 살면서 간간히 생각나더라구요. 다시 가보고싶어서 유튜브나 구글에서 키르기스스탄 영상찾아 보곤했는데 이렇게 자세히 브이로그 식으로 촬영해준 영상은 정말 한두개뿐이여서 아쉬웠는데 이렇게 영상 올려주셔서 감사해요 저 요즘 빠니님 키르기스스탄 영상 시리즈만 기다리면서 사는거 같네요ㅋㅋㅋㅋ 유일한 힐링타임..  택시는 외국인들 상대로 원가보다 비싸게 부르는 경우가 많아요.(대표적으로 시장,공항) 무조건 흥정해보고 주변에 물어보고 타세요 :) . 그리고 수도권인 비슈켁,오쉬 는  그나마 영어를 할줄 아는 사람이 꽤나 있지만 (이경우도 젊은사람들만) 보통은 러시아어,키르기즈어를 많이 사용해요 . 기본적인 러시아 단어정도는 꼭 외우고 다니시는게 여행하시는데 편할꺼에요. 도시 밖으로나가면 영어 더더욱 안통합니다 ㅠㅠㅠㅠㅠ... 발음 어눌해도 다 알아듣고 친절하게 대해줘요. (가격같은거 모를땐 계산기) 버스탈땐 가방은 꼭 앞으로메고계세요 ,휴대폰이나 전자기기 사용 조심하세요 버스안에선 소매치기가 많습니당..   스꼴꺼 스또잇 ? = 얼마에요? 쉬또 에떠? = 이건 뭐에요 ? 까끄 찌뱌 자붓 ? = 당신의 이름은 뭐에요 ? 미냐 자붓 000 = 제 이름은 00이에요 . 하라쇼 = 좋아요. 니옛 = 아니요. 쁠로허 = 안좋아요.나빠요. 다 = 네.   지금도 있을진 모르겠지만 ""알파"" 택시가 미터기로 가서 정확하게 저렴한가격에 탈수있어요. 문자나 전화 등으로 부를수있는 정직한 택시 회사 이용하세요 길거리에서 파는 ""쇼로""라는 음료수는 하나에 3솜~5솜정도하고 여름에 목 축이기 좋은 음료수에요  말젖,염소젖을 발효시켜서 만든거, 립톤같은 아이스티 , 곡물+탄산으로 만든 음료수 3가지가 대표적이고  아이스티,곡물+탄산 음료는 꼭 드셔보세요 정말 맛있어요 !! 라그만 , 샤우루마(케밥), 쌈씌 (삼각김밥모양의 고기만두) 등등 음식이 한국하고 비슷해서 다 맛있으니  골고루 드셔보는것도 나쁘지않을거예요. 여자들은 한국남자 되게좋아해요 (엑소,방탄,드라마빨) 또 동양인들 구분을 잘못해서 틈만나면 차이니즈 차이니즈 ! 니하오 거릴텐데 그러려니 생각하는게 편하답니다 : Dㅋㅋㅋㅋㅋ 다음영상도 기대할께요 ㅠㅠㅠ 너무재밌어요 힐링하구가용 ||| 3:18 벌써 늙었구나! 난 결혼해야돼 ㅋㅋㅋㅋㅋㅋㅋㅋㅋㅋㅋ아 개웃겨 ㅠㅠㅠㅠ서 뿜었어요 ||| 키르기스스탄은 대체로 평화롭고 사람들이 따뜻한 나라인 것 같아요. 정직하고 깨끗하고 참 좋네요. 우리나라 사람들이랑 좀 비슷한 성향 같기도 하고요 ㅋ (표정은 무뚝뚝한 츤데레) . 멋진 여행 유튜버 덕에 잘 모르던 나라에 대해 굉장히 긍정적인 생각을 가지게 되었습니다 ㅋㅋ 아 좋네요.",여행/이벤트
7sY7wJam_OQ,🇪🇹 #10 아프리카 여행 포기...? 긴박했던 24시간 현장ㅣ에티오피아 여행,쏘이Soy The World,1000명이나 같이 실시간으로 봐주셔서 너무 감사합니다🎂 감동...😭 ➖ 현지 통신사정으로 인해 업로드 일정이 예정보다 지연되었습니다.  기다려주신 분들 너무 감사드리고 마지막회는 최초공개로 이따 8시에 실시간채팅하며 함께봐요! ||| 저도 러시아에서 게이트를 맘대로 일찍 닫아버려 스페인 바르셀로나 가는 비행기를 놓친 적이 있어요. 방송도 없었고 바르셀로나로 떠난다는 이야기도 없었지요. 계속 서비스센터만 가라하지 자기들 소관이 아니라고 하지 한국 콜센터에 전화하니 독일 지사에 연락하라고 하지... 국제 전화비가 10만원이 넘게 나왔고 결국에 40만원 사비들여 비행기티켓을 다시끊었습니다. 그때 깨달았습니다. 느낌이 쎄하거나 뭔가 놓치고 있는 것 같을때는 가만히 있으면 안되고 무조건 계속 물어봐야한다는 것을.... 저도 불과 한달전에 있던일이라서 그 심정이 어떤 심정인지 너무 공감이 되네요... 너무 고생많으셨어요 쏘이님. 추운 겨울 러시아에서 잠도 못자고 12시간 동안 노숙했던 기억이 아직도 어제일처럼 생생하지만 이 상처와 경험이 토대가 되어 앞으로는 절대 비행기를 놓치지 않을 것 같습니다. 앞으로 살아갈 날들에 있어 이 경험이 쏘이님이 억울한 일 당하지않게 더욱 더 꼼꼼하게 만드는 토대가 되리라 생각해요. 고생했어요 쏘이ㅠㅠ ||| 어떻게보면 한국은 투머치 친절임 ㅜㅜ 한국에 살고 있음을 감사해야함 ㅜㅜ 아이코 수고 많으셨네요 ㅜㅜ ||| 저랑 똑같은데서 우시네요ㅋㅋㅋㅋㅋㅋ 저도 출발1시간전에 뜬금없이 비행기갔대서 일단울고ㅋㅋㅋㅋ 5일간 강제로  아다스아바바 겟팜호텔에 머무르면서 강제여행했어요 ||| 한국은 파이널 콜이라고 출발하기 직전까지 승객찾아서 태우고 떠나는데 저기는 뭔...승객도 다 안태우고 한시간전에 떠나버리냐 진짜 상상을 초월하는곳이네. 쏘이님 고생하셨어요...,여행/이벤트
lEtDK0o_u00,숙명여대 무용과 학생들이 갑자기 달려나와 즉흥춤을추는데 ... (경복궁 수정전),홍낙현,"이런거 보면 일년에 한번정도 공식적인 날짜 지정해서 온 국민이 한복을 입고 전통을 즐기는 한복의 날 이런거 했으면 좋겠다. 자기만의 한복 입고 경복궁이나 이런곳으로 친구랑 놀러 다니고 길거리에서는 국악 나오고 ㅋㅋㅋ 분위기 엄청날듯 ||| 영상에 나온 친구가 말해준 건데 학생들이 교수님이랑 한복 입고 경복궁에 야외수업 갔다가 교수님이 즉흥적으로 만약에 저기에서 춤추라고 하면 출 수 있냐고 하셔서 춤추게 된 거래요. 다 추고 나니까 부끄러워서 다들 재빨리 자리로 돌아갔대요ㅎㅎ ||| 나만해도 이 춤때문에 보러 들어왔다... ㅋㅋ 제발 세계에 알릴꺼면 시야좀 넓게봐라 젊을땐 저런 패기가 있어야하는거지 저걸 혼냈다니 여러모로 멀었다... 고맙습니다 숙대 ||| 작곡가 서동권입니다.  숙명여대 무용과 부채춤 너무 잘 추네요.  부채춤의 아람다움에 매료되어 부채춤이라는 노래를 만들었습니다.  부채춤이 널리 알려졌으면 좋겠네요. ||| 때마침 지나가는 길에,  때마침 수업시간에 배운 음악이 나오고, 때마침 우연히 우루루 지나가는 단체관람객들에, 때마침 불어주는 바람..! 완벽😍",여행/이벤트
8OlmWdP29HI,유럽 세미패키지 혼자가는 첫 유럽여행이 두려운 당신에게! 2030동행은 여기트래블,"여기TV, 2030 대학생/직장인 여행",직장인들이라면 스페인여행도 알아보세요:)  https://youtu.be/v8_FLIBYxz8 ||| 당분간 재미있게 반갑습니다 ||| 우아!!!!! 여행가고싶어요ㅋㅋㅋㅋ👍👍 ||| 예전에 혼자 유럽 여행할때 이런저런 어려움이 많았는데 좋은 것 같네요! 😳🧡 ||| 가고싶네요😝,여행/이벤트
tYdjJsBwydo,약간 고급진 두바이 여행下 with.곽튜브 - 【유라시아90】,빠니보틀 Pani Bottle,빠니의 화가 없는 최초의 영상인듯 ||| 신혼여행 좋은곳으로 가셨네요😍 ||| 철없는 시절에는 돈이 최곤줄 알았다... 이번 영상을 보고 역시 돈이 최고라는 것을 느꼈다... ||| 이집트가서 택시기사랑 싸우는거 상상하니까 설렌다♡ ||| 가장 웃음이 풍부한 영상인 거 같아 역시 돈이 최고야🤔,여행/이벤트
8fpZgTd1kXo,베트남에서 처음으로 당해본 사기! 결국 차 세우고 찾아갔습니다,Tooth Breaker,혹여나 한국 분들이 피해 안 보시길 바라는 마음으로 위치를 공유하자 합니다. 구글지도로는 상호명이 없어요. 간판없이 운영하는 여행사인 듯 싶어 더 의심이 가는군요... 하노이 성 요셉 성당 바로 옆에 위치한 Vietnam Travel Booking Office 라는 곳이니 똥 밟지 말고 피해가십쇼! ||| 실망이에요 해결되시는줄 알고  시원한영상인줄 알고 봤는대 오히려 당했네요  택시까지타고 하루일정 다 날아갔는대 헐 ||| 이걸 사이다 영상이랍시고 올린게 ㅈㄴ 유머네 ㅋㅋㅋㅋㅋㅋ 결국에 사기 당한거잖음 ㅋㅋ 사기당해서 하루 날린거+인당 20달러씩 더내서 같은 여행사 이용하기ㅋㅋㅋ 한국인은 호구라는 인식을 아주 확실하게 심어주고 오셨네 ||| 계약 위반해놓고 자기는 책임감이 강하다며 절대 미안하다고는 안하네. 베트남에 호감을 갖고있는데 저런 똥고집과 외국인 등처먹으려는건 정말 실망스럽네요. ||| 결국 밀렸고 여행사의 악의적인 사기가 다른 한국인들한테 또 써먹을 수 있는  자신감만을 키워준 꼴이 되업버렸네요.. 따져도 버티면 통한다. .... 끝까지 밀고 나가시지..,여행/이벤트
g66RB7NQzZ8,360 VR 유럽여행 🌍 발칸반도 여행 l 크로아티아 두브로브니크 성벽투어 플리트비체 슬로베니아 블레드호수 동유럽여행 Sung Travelog 썽으니 랜선여행,썽으니 랜선여행[SUNG Travelog],영상이 정말 좋아요 구독누르고 가요 ^^ ||| 우와^^  처음엔 내손가락 방향대로 찍은줄 알고 우연이라 생각했는데..  신기하네요ㅋ   여행 유튜버 최고 중 최고가 되실꺼라 의심치않아요.  누군가를 항상 미소짓게 하는 매력을 가지신거같아요.  능력을 높이쓰시어 모든 사람들을 행복하게 하소서~~^^ ||| 오 너무 신기해용 ||| 와 진짜 신기해요ㅋㅋㅋㅋㅋ 계속 보게 되네요 ||| [이벤트참여] 한성대학교 VR시연회에 썽으니님 유튜브 부스가 있더라구요! 항상 2D로 봤던 유튜브를 VR을 이용하여 보니까 매우 색달랐습니다. 대학교4학년이라 바빠서 여행가고싶은 마음 참고있는데 대리만족한거같아요 감사합니다😭😭,여행/이벤트
UziWBo19suM,🇫🇷 내가 사랑한 니스  {나홀로 유럽 한달 여행},페리 Ferry,"제가 갈 겨울에도 니스가 예뻤음 좋겠어요😫❤️ ||| 모든것들이 예뻐보이는 마법💫♥️ ||| 뎡말 예쁩니댜 ,,, 👏🏻👏🏻🙊 ||| 와 잘보고 갑니다 💗 카메라 정보 좀 알려주세요 ||| 왜유럽은 바나나도 예뻐보이는지 .. 은선님도 예쁘고 유럽도 예쁘고 바나나도 예쁘네요🥰",여행/이벤트
wVZDomXcEe4,전용기 타는 유럽 갑부와 친구가 된 한국인 세계여행 유튜버 [ 리투아니아 여행 5편 ] - 세계일주 용진캠프,용진캠프 [ 세계여행 Yongzin ],"안녕하세요! 세계일주 용진캠프 영상들을 카톡, 페이스북, 블로그, 카페, 인터넷 게시판 등으로 공유해주신다면 큰 힘이 됩니다. 앞으로도 꾸준하게 성장하여 재밌는 세계일주 방송 만들어 나가겠습니다. 세계일주 용진캠프 함께 해주셔서 감사합니다.^^ ||| 최고의 여행가, 언제나 흥미진진, 늘 조심하시길, 자랑스런 한국인 ||| 다양한사람을 많이 만나서 좋아요.이렇게 다양한 사람 이야기를 들을 수 있는 것은 오직 용진뿐!!! ||| 전기사장님 위트로 있고, 배려심도 깊군. ||| 모험 가득한 꿀잼 세계여행 항상 기대되네요",여행/이벤트
GHUXvZG9I7o,[Eng] 한국인에게 바가지 씌우는 상인 참교육 (feat. 한국인은 호구?) 베트남 길거리 음식의 현지인 가격 vs 외국인 가격? vietnam street foods,버몬트대공 TravelerYong,저 아저씨 같은 분이 많아졌으면 좋겠네요 ||| 주민분들 너무 착하시다 ㅠㅠ 처음보는 외국인 관광객인데도 바가지 씌운다고 도와주려 하고 ㅠㅠ ||| 아저씨 진짜 멋진 분이네 팔은 안으로 굽는다고 외국인 편에 서는게 쉽지 않을텐데 정말 올바르신 분이다 ||| 길거리 들고다니는 튀김빵 사드시지마세요.폐유급으로 보충해서 계속 사용하는겁니다.절대 먹지마요. 않아프면 다행인데 난저거먹고 병원갔어요. ||| 아이고..아지매요.... 바가지 적당히 해야지 너무하네 근데 도와주시는 아저씨.. 성품도 좋으신데 외모마저..그저 갓갓..🥺,여행/이벤트
CVYH4C0u_d0,유럽날씨  /  Europe Weather,유럽여행 임팀장,"뮌헨 7월 초 갑자기 비가 오자 모든 뮌헨 시민들이 코트를 꺼내입고 돌아다녔습니다. 우리는 아무 상식 없이 갔다가 얼어죽어버릴 만큼 추운 겨울 날씨를 경험했습니다. 미술관에 가는 길에 갑자기 추위를 만나서 백화점을 찾아 들어갔지만 입을 만한 옷이 별로 없어서 아웃도어 매장에 가서 아무 거나 사서 나왔습니다. 한여름 속에서 발생한 그 신기한 겨울 날씨를 13년이 지난 지금도 잊을 수가 없네요.... ||| 유럽은 다양하게 옷을챙겨야 될것같아요 지난 4월 임팀장님 인솔 유럽갔을때 이태리는 덥고 스위스에서  눈이 펑펑왔었죠  그래도 좋았어요.  또 가고싶어요 ㅎ 팀장님 좋은정보감사합니다. ||| 와~~팀장님 말씀처럼 옷을 이렇게 저렇게 다 준비 해야겠네요 ㅎㅎ ||| 맞습니다 현지에서 여름옷도 사입었습니다 ||| 여행가서 같은 일행, 날씨와 사건 사고만 없으면 정말 행복한 여행이 될 거 같네요. 정말 좋은 정보 추천 추천 추천합니다",여행/이벤트
sE1yHl0MzP4,물가 싼 동유럽에서 쇼핑해보기 【유라시아99】,빠니보틀 Pani Bottle,"모닝똥 이거보면서 싸야지  시원하다- 풍덩  풍덩 더 잘나오네 안그래도 배아팠는데 ^^ ||| 진짜 편집법 개사기다. 딱 조잡한거 없이 현실적인 여행 영상에 평범한 자막. 그리고 가끔씩 나오는 개그요소, 진짜 안유명해질 수 가 없는 유튜버다 ||| 5:10 ㅋㅋㅋㅋㅋㅋㅋㅋㅋㅋㅋㅋㅋㅋㅋㅋ너무웃기고 귀여워 ㅠ0ㅠ 육아 유튜븤ㅋㅋㅋㅋㅋㅋㅋㅋㅋㅋㅋㅋㅋㅋㅋㅋㅋㅋㅋㅋㅋㅋㅋㅋㅋ 꿈에서 울었데ㅋㅋㅋㅋㅋㅋㅋㅋㅋㅋㅋ ||| 10:05 그냥 아무생각없이 보고 있다가 조내 터짐ㅋㅋㅋㅋㅋㅋㅋㅋㅋㅋㅋㅋㅋ개웃곀ㅋㅋㅋㅋㅋㅋㅋㅋㅋㅋㅋㅋㅋㅋㅋㅋㅋㅋㅋㅌㅋㅋㅋㅋㅋㅋㅋㅋ ||| 9:08 진짜 갑자기 터졌어요ㅋㅌㅋㅋㅋㅋㅋㅋ 10:05 아 넘웃겨ㅋㅋ세상 사람들 다봐줬으면 12:14 여자내복 아닌가요?ㅋㅋㅋㅋㅋㅋ",여행/이벤트
_ARkb6xUGZ0,유럽여행 안 가는 이유? 선진국 여행 가라구?  The reason why I don't go to Europe,신아로미 seen aromi,이미지 메이킹을 ㅈㄴ 했다 뿐이지 사실상 깡패국들 모임이 유럽아님?ㅋㅋㅋㅋㅋ 그 선진국 누구 갈아넣어서 된건데ㅋ 제국주의 시절에 아직도 그 버릇 못 고쳐서 인종차별 오지고 맞대응 할라치면 자칫하다가 죽는대ㅋㅋㅋㅋ 지들이 잘못해놓고 화내면 죽이는게 정상이냐? ||| 인종차별진짜;; 맞대응조차 허용안되는 이방인+동양인+여성.. ||| 맞아요 진쯔 재수가 없어요ㅋㅋㅋㅋ 식당에서 동양인이라고 주문도 안받고~~ 박물관에 훔친 유물 너무 많고~~ 이런것때문에 유럽가는거 망설여져요ㅠㅠ ||| 와 언니... 지금까지 유럽 너무 예쁘고 건물들도 너무 예쁘고 옛날부터 지어진 건물을 계속해서 쓴다는 것 자체가 너무 멋있어서 유럽 가보는 게 소원이었는데 한 번도 그렇게 오랜 건물들이 남아있을 수 있다는 것이 곧 그들이 전범국들이기때문이라는 것까지 이어지지 못 했어요... 그러면서 왜 우리나라는 옛것들은 다 부스고 새로운 것들로 다 바꿔버릴까 했는데(물론 일본이 다 불태우고 했다는 것은 알지만요....) 와... 그들의 문화유산들은 다른 피지배국들의 피와 노동 착취로 고고할 수 있었던 거네요... 감사해요 똑바로 볼 수 있게 해주셔서요!!❤️❤️👍🏻 ||| 원하는대로 하세요 ㅠㅠㅠ어떤 사람들은 차별은 소수의 얘기이고 나는 괜찮은데? 이러는데 솔직히 괜찮은게 소수의 얘기 아닌지...,여행/이벤트
cQRkoDQjjxo,한국 인싸모자 유럽에서 썼더니.. 외국인들 반응ㅋㅋㅋ (외국인 친구 사귀기 도전),영알남YAN,"영알남 덕분에 영어밖에 없는 세상에서 즐거운 여행  할 수 있었습니다. 감사합니다. 그리고 토끼머리 영알남은 하반신도 토끼입니다. ||| 5:22 손흥민과 부부젤라 ㅋㅋㅋㅋㅋ 각국의 두유노우 ||| 0:12 다른 성향이라고 하면 덥석 물거 알고 괄호까지 적어놓은 세심함... ||| 인싸들이 그 모자쓸때 얼굴, 옷도 같이 신경써서 인싸인거야 형... ||| 형이 쓰니깐 아싸같아.....ㅋㅋ",여행/이벤트
wudn8TMBNYI,유럽 여행의 꽃， 프랑스가 ′소매치기′의 온상지라고?! ♨ 오늘， 굿데이(goodday) 132회,교양 Voyage,,여행/이벤트
-EimW6Ve27w,🤬유럽여행중 돈이없어 싼 숙소만 찾아다닌 이 여자들의 최후 / 여락이들,여락이들_,"헤로나 저분들은 자기들이 얼마나 큰 일을 한지 모를거다. 사람이 주는 그 나라의 이미지는 어마어마함. 두 사람의 마음에 평생 남을 저 분들 ㅠㅠ ||| 인종차별이 얼마나 자주 있는 일이면 홍인이 니하오 저 ㅈㄹ하자마자 욕부터 박는 우리 언니들ㅠㅠㅠㅠㅠ 웃프다 ㅠㅠ ||| 헤로나 분들 선행에 진짜 눈물이 날뻔했어요ㅠㅠㅠ 세상에는 대가를 바라고 하는 사람들이 많다고 생각했는데 제 생각을 고쳐먹어야겠어요,,ㅠㅠㅠ 그리고 저도 앞으로 대가를 바라지않도록 해야겠어요,, 이렇게 여락언니들 영상에 저 자신을 뒤돌아보게 됩니다,,, 언니들 최고,,❣️ ||| 택시기사 아저씨 개승질내는거 진짜 ㅈㄴ웃기넼ㅋㅋㅋㅋㅋㅋㅋㅋㅋㅋㅋㅋㅋㅋㅋㅋㅋㅋㅋㅋㅋㅋㅋㅋㅋㅋㅋㅋㅋㅋㅋㅋㅋㅋㅋㅋㅋㅋㅋ",여행/이벤트
f94_J-sWkes,유럽여행중에,이왕규,,여행/이벤트
4A2Bwt-CCKc,"새로운 인연의 시작, 20대만을 위한 워너고트립 봄 유럽 여행!",워너고트립,,여행/이벤트
5v7Na9Zmecs,(북한 실제영상) 평양의 아침 8시30분 풍경은 어떨까?,북한여행자,"와 진짜 꿈도 희망도 없는 세기말감성 도시다 ||| 북한에서  태어 나지 않았다는거에  천만다행이다  이거 보고  열심히  살아야지 ||| 음산한 지옥 풍경을 보는 것 같다.... 을씨년한 노래에 우중충한 건물들, 어두운 사람들까지 완벽하네. ||| 저거보고 북한이 최빈국이니 뭐니해도 다 사람사는곳이구나 했는데 상위1%랰ㅋㅋㅋㅋ ||| 할머니 할아버지 조상님 ... 남조선에서 태어나게 해주셔서 감사합니다 ..",여행/이벤트
Kb33nOLIxbQ,"꽃피는 봄날, 유럽의 봄! 내생의 첫 유럽 여행",워너고트립,,여행/이벤트
M-QQXyZ0GII,"[ENG CC] 이탈리아 여행 #1 첫 비즈니스석ㅣ10년 모은 마일리지, 로마, 소매치기?!",yoovlog,"더보기란보니 참 천생연분이신것같고 .. 결국 비지니스가 더 좋은건 더 편하게 일할수 있어서라는 말씀 ....? 진심 일벌레언니.. 유튜브계의 공무원 ||| 실버라인 보면 볼수록 진짜 좋은 사람인 듯.... 세상에 저런 남자가 어딨음 ||| 트루님이 여행가실때 지도로 설명해주시는거 너무 좋아요 ㅠㅠㅠㅠㅠㅠ 지리 선생님같아요ㅠㅠㅠㅠㅠㅠㅠ이유는 모르겠는데 같이 여행하는거 같기도 하구 ㅠㅠㅠㅠㅠㅠㅠㅠㅠ ||| 실버라인은 진짜- 마음이 엄청 넓은 아빠같은 스타일이네요 ㅋㅋㅋ 미스트뿌리는거보면서 내가 남친한테 저러면 신경질낼거 100프로다 생각했어요ㅋㅋㅋㅋㅋ 아니 애초에 미스트한다고하면 얼굴 뒤로  피할듯 . ーz ||| 트루언니 돈많이버세요,,,,여행브이로그맛집,,,✨ 언니 들숨에 건강 날숨에 재력 가득하시길,,,,,",여행/이벤트
kwMcSuYPGjc,유럽여행_유로파문도,차니TV,,여행/이벤트
wtZ6Uzjfjrw,파리에서 부다페스트로,스카이맨,,여행/이벤트
qs_JuzJ7GZg,유럽 초보여행자들도 단박에 고수되는 여행 일정 짜는 노하우 전격공개!ㅣ유럽여행 꿀팁 A to Z [여행백과사람/여행온도125˚],여행125,진짜 여행백과 체고👍 ||| Que  Hermoso 😍😘😗😍😍😍 ||| 감사합니다! ||| 아 이분 진짜 전문가인 듯요~ ㅎㅎ ||| ㅋㅋㅋㅋㅋㅋㅋㅋㅋㅋㅋㅋㅋㅋㅋ 개꿀팁이네여,여행/이벤트
d2PB6svKJlw,2019 (롱보드로 유럽여행 떠나기 3편!) Longboard Trip to Europe,JINY KIM 롱보드지니,"So cool Zinni 😊👌 I miss Glam. ||| 1:12 뛰어가는 거 너무 귀여워서 구독했어요 ❤️❤️❤️ ||| This is so so so good...it looks so cool and fun.. And you look so cool doing it.. 😮😍😍❤ ||| That’s so beautiful, I wanna learn how to do that 🥺💞💞 you’re so talented ||| 정말 매우~~~~~~~~~~~~~~~~~~~~~~~~ 멋어요",여행/이벤트
gh0C56VVVEo,해외여행 가기 전 꼭 챙겨야 할 준비물?? - 인천공항 꿀팁✈️,잼쏭 jemissong,초보 운전에 해외 초행길 이라면 안하는게 맞습니다~ 괜히 사고라도 나면 큰일이니 하고 싶어도 참으세요~ㅎㅎ ||| 저희도 여행전에  시간쪼개서 경찰서가서 받아왔는데. .이건 정말 꿀팁이네요.! 앞으로 시간 낭비 안해도 될듯. .캐나다 기대기대입니다.!! ||| 아 어째 운전 하실때 불안불안 합니다. 괜히 언성도 좀 높아지는거 같고 싸울거 같아 ㅋㅋㅋㅋ ||| ㅎㅎ.. 운전  조심하세여 .울먹울먹..재밋습니다.. 항상 두분이  웃기만하시더니.. 위급하니 재민씨도  목소리 커짐..여행 즐겁게 안전하게 잘하세요.. ||| 저도 담달에 미국 출장 가는데 참고 할게요~,여행/이벤트
zMweL9tp-Kc,[여행필수어플] '죽기 전에' 꼭 가봐야 할 여행지 06. 러시아 블라디보스토크,마이버킷리스트,,여행/이벤트
HFBeQTOatsU,"[유럽여행] 비엔나 놀이공원 프라터의 놀이기구, Turm",도리,,여행/이벤트
2t2kWplHuK0,역사에 남을 20세기 전쟁영화 명장면 Best,팩트체크,"요즘 영화중에는 너무 CG로 떡칠을 한데다가 엉성한 CG처리 때문에 오히려 거북하기도 한 작품들이 많은데 비해 좀 오래된 영화중에서 살펴보면 요즘보다 못한 CG나 촬영기법이 못느껴질 정도로 볼만했던 영화도 제법 있는 것에 놀랐습니다 ㅎㅎ 무조건 기술의 발달이 좋은 결과를 보여주지는 못한다는 느낌을 받게 되는 것 같았습니다. ||| 아날로그 촬영방식의 가장 큰 장점은 어느 시대에서나 먹힌다는 점같아요. 지금 아무리 화려한 cg를 가지고 영화를 제작한들 언젠가는 부자연스럽고 촌스러운 cg가 될텐데 아날로그 방식으로 작업한 신은 어느 시대에서나 나름의 리얼리티를 가지고 있기에 고전으로서 유명한 영화들은 지금봐도 세련되고 자연스러운 연출을 지니고 있는것 같습니다. ||| 가끔 현타오고 혼자있을땐 캐스트어웨이 보면서 힐링합니다 배구공월슨  떠나가는 장면은 정말 레전드 ||| 플래툰의 추가 이야기 1. 당시 윌럼데포 뿐만아니라 감독을 제외한 전스테프가 사기를 먹어서 6주동안 정글체험, 월남전 군식단을 먹고 군훈련을 체험한 진짜사나이 다큐를 찍게됨. 2. 놀랍게도 전스테프는 6주동안 필리핀 관광을 다녀오는 줄 알았다함. 3. 희안하게 나중에 라이언일병구하기, 벤드오브브라더스 에 영향을 줬는데 스티븐스필버그감독은 한술더떠서 각서를 쓰게 했는데 '음식, 훈련에 불만있으면 퇴출' 이라는 조항을 써넣음. ||| 아직까지 보지 못한 영화들도 몇개 있네요,,  :D 챙겨봐야겠습니다. 그래도 역시 전쟁영화의 판도를 바꾼.. 오마하 오프닝 시퀀스는 언제봐도 소름 돋고 언제봐도 손에 꼽을 수 있는 명장면인 거 같습니다. 영상 잘 보고 갑니다:D 저는 개인적으로 영화 멤피스벨에서 마지막 랜딩장면도 인상깊었었습니다 :D",영화/애니메이션
xlFSiok_4Ho,구원을 향한 인간의 험난한 여정! 영화 [미션] 리뷰. 18세기 남미의 오지를 탐험한 예수회 선교사들의 이야기.,케이피아 KPIA : 역사 채널,"제작자 케이피입니다.  본 영상의 주제와 달리 제 채널의 주 컨텐츠는 역사입니다. 책에서 흔히 보는 재미없고 딱딱한 역사가 아닌, 영화나 TV시리즈를 보듯 박진감 넘치고 흥미로우면서도, 정말 배울게 있고 남는게 있는 특별한 역사 컨텐츠를 연재하고 있으니, 많은 분들께서 찾아주신다면 정말 감사하겠습니다. https://www.youtube.com/channel/UCIibe8PyEyQxU61-t5bDQSQ/videos?view_as=subscriber ||| 와... 자신이 잡아다가 노예로 팔던 사람들이 자신을 용서하고, 목에 댄 칼을 치우고, 자신의 멍에를 풀러주는 모습에서 정말 눈물이 나오네요. ||| 진정한 용서가 담겨 있는 영화네요.. 판사 따위에게 반성문이나 쓰며.. 혹은 지혼자 하느님에게 용서받았다고 쌉소리하는게 아니라, 피해자들에게 직접 용서받아 뉘우치고 그들을 도와 함께 살아가는 모습속에 진짜 구원이 담겨있네요.. ㅠㅠ ||| 1986년 학력고사 끝나고 이영화를 보고 35년이 지난지금 내가 이곳 포르투갈에 살고 있을줄 어찌 알았겠습니까 ㅎ ||| 엄청 유명한 작품인데 정작 본 적이 없었네요 리뷰만 봐도 감동입니다 감사합니다",영화/애니메이션
dSXsvEGAplc,어벤져스 엔드게임 최고의 명장면 TOP 10,리뷰엉이: Owl's Review,"과거로 간 토니스타크가 자신의 아버지인 하워드스타크를 만나 대화하는 장면도 띵장면... ||| 개인적으로 마지막에 토니 스타크 장례식에서  ""토니에게 따뜻한 가슴이 있었다는 증거""  이 장면도 명장면이 아닌가 싶습니다 ||| 이번 거 진짜 아쉬운 게 토니의 죽음, 나타샤의 죽음, 그리고 캡틴이 늙어서 돌아온 거 ㅠㅠ 그리고 완다가 개불쌍함.. 쌍둥이랑 비전도 잃고.. 심지어 부모도 없음 ||| 진짜 어셈블은 아직도 그 전율은 잊을 수가 ||| 닥터스트레인지가 포탈^을 열며 모든 영웅이 등장한 그 때, 영화관에 흐르던 전율이 아직도 기억에 남아 어벤져스 어셈블을 들을때면 온 몸에 소름이 쫙 돋네요..",영화/애니메이션
wspUGbnVDDc,"(영화리뷰 결말포함) 죽기 전에 꼭 봐야 할 영화, 한 여자와 두 남자의 죽음을 뛰어넘는 사랑",비타무비,"완벽에 가까운 역사 고증, 원작보다 더 좋은 각색, 사실적이고 박진감넘치는 액션, 장엄한 음악, 다니엘 데이 루이스의 간지와 배우들의 멋진 연기까지 모든 것이 완벽한 명작이죠. ||| 진짜 명작입니다 벌써 이십오년정도됐는데도 마지막장면은 정말 압권입니다 음악이 시작되는 마지막 추적과 죽음 간지나는 복수로 이어지는  음악과 함께 전율이 느껴졌던 기억이 아직도 생생하네요  다니엘루이스를 처음으로 알게된 영화 ~ 나에겐 영화 미션보다 더 오래도록 남았던 모히칸 삼부자 ||| 사실 진짜 상남자는 영국 장교 던컨이었음. ||| 94년에 아파트 정문앞 상가 비데오 가게에서 빌려와서 감상한 내 인생영화 라스트 모히칸 웅카스의 그 운명적인 사랑에 얼마나 울었던지... ||| 자연의 장엄함,웅장함,비장함이 어우러진 멜로디가 인상적인영화",영화/애니메이션
OpSrrt0e64s,[명장면] 정체불명 괴물이 내 딸을 데려갔다,플레이무비,난 기생충보단 괴물이 더 기억에 남는거 같음 암튼 봉준호감독은 대단함 ||| 저 버스에서 보이는 씬이 대박임... 우리 일상에서 흔히 보는 장면들에 괴물을 넣으니까..공포감이 더 극대화 되는것 같음 ||| 이게 15년전 영화라니... 한국 영화계에서 한획을 그었지 저 한강둔치 습격하는 장면 엑스트라 들이 다 했음 진짜 실감나게 연기함. ||| 극장에서 봤는데 15년이 지났는데도 장면 하나하나 생생하다 그만큼 당시 충격적인 연출이였고 봉준호는 정말 천재다... ||| 아니 이건진짜 그 모든괴물영화의 클리셰를 뒤집어버렸어 어둡고 구석진 골목에 일부만 째깐하게 보이던 괴물과 달리 지금 당장 대낮 길거리에서 흔히 볼 수 있는 풍경에 저 멀리서 뒤틀린채 뛰어오는 괴물의 이질감을 너무 적나라하게 표현했음,영화/애니메이션
uG8UXAmoN50,[영화 `놈놈놈` 명장면] 혼자 일본군 초토화시키는 정우성!  그의 일당백 활약상!,TV 월드마스터 (볼만한 영상들),기관총으로 트럭안 다 쓸어버리넼ㅋㅋㅋㅋ 속이 뻥 뚫림ㅋㅋㅋㅋ ||| 와~~ 남자가 봐도 반하는 정우성 장총 스킬... 멋져요! ||| 저거 총돌릴때 현장에서 스탭들 감탄했다고..정우성 애드립이었다던데 ㄷㄱ ||| 사격 갈 때마다 본다ㅋㅋㅋㅋㅋ ||| 정우성 졸라 잘타는거네,영화/애니메이션
CPjRBU-r21A,[19세이상만] 300 - 명장면!! 화살속에서 어떻게 저럴수있지??,INVENTORY인벤토리,0:45  .. 죽은 척했다가 죽었어 ㅠㅠ ||| 화살이 비오듯 쏟아지는데 태연하게 농담따먹기하는거보고 스파르타인들은 인간이 아니구나 싶었음 ㄷㄷ ||| 그늘 속에서 싸운다. ||| 페르시아군이 활을 마음껏 쏘고 기병돌격까지 할 정도로 그리스군이 지형적 도움을 받았다는게 전혀 묘사가 안됨... 실제상황에서 저렇게 평야에서 벌어진 전투처럼 치러졌다면 진작에 페르시아군이 그리스군을 쓸고도 남았지... ||| 만약 그리스에서 옛 스파르타사람들이 반란을 일으켜 스바르타 인민 공화국이 된다면?,영화/애니메이션
KxgNQ8cjtfk,"'탁'하고 치니, 20대 청년이 '억'하고 죽었다",자취방남자movie comment,"영화 <1987> 구매 링크 1. 티빙 : https://www.tving.com/movie/player/M000162133 2. 유튜브 : https://www.youtube.com/watch?v=MffUxKG50vQ  강동원 특별전의 마지막 영화는, 그가 주연이 아님에도 불구하고 <1987>이 선정되었습니다. 조연으로 나왔음에도, 그가 보여주는 역할이 뚜렷했고 무엇보다 영화 속 주요 메세지를 담고 있는 인물이었으니까 선정이유는 충분하다고 보입니다.   다음으로 이어질 특별전은 어떻게 될까요? 그동안 [강동원 특별전]의 세 영화 - 그녀를 믿지 마세요: https://youtu.be/izb7x9O5AL8 - 전우치 : https://youtu.be/UyVTrO8bep4 - 1987 : https://youtu.be/KxgNQ8cjtfk 을 시청해 주셔서 감사합니다.  오늘도 감사합니다. 다음 구작 리뷰도 기대해주세요. 안녕~ ||| 과거에는 침묵의 시대였으니, 틀어막은 입을 뚫고서 목소리가 새어나온다면 거기에 귀기울였겠지만. 지금은 소음의 시대여서, 수많은 소리 속에서 무엇에 집중해야할 지 모르고 따라서 금방 잊혀지게되는듯 ||| 1987은 기존 영화들이랑 다른 점이 어느 한 영웅이 모든걸 해냈다는게 아니라 개인 한명한명의 행동이 모여서 결과를 만들어 냈다는 느낌이 강했음 그게 매우 신선하게 느껴짐 ||| 제일 소름 돋는건 저게 30년 밖에 안된 이야기라는거.. ||| 실제로도 검사한테 형사가 밤중에 찾아와서 화장 허가 해달라고 요청했고 검사가 서울대 후배가 그렇게 죽었는데 부모가 이유도 모르면 얼마나 원통할까 싶어서 의심스럽기도 하고 부검 결정했다고 하죠....당시 인터뷰 검색해보면 나옴",영화/애니메이션
A-0vmlDT9Bg,난 MIT공대에서 청소부로 일하지만 수학만큼은... [하이틴영화][영화리뷰][영리남][결말포함][영화리뷰결말포함],영리남 : Movie ,인생에서 좋은 친구를 만나는 것  좋은 스승을 만나는 거   좋은 배우자를 만나는 거  이게 진짜 행운이지 ||| 15:50 이런 친구가 진짜 좋은 친구가 아닐까 싶다... 오히려 그런 천재같은 친구가 곁에 있었으면 곁에 두려고 했을텐데 친구기에 재능을 알아봐주고 더 잘되라고 보내주는 모습이 인상깊었고 감동했습니다! ||| 중간에 생략됐지만 제럴드랑 션이랑 싸울때 윌이 들어오고 션은 윌한테 너때문에 싸우는게 아니라고 이야기하는데 이게 정말 중요한 말임.   가정폭력 같은 상황이나 부부싸움이 심각할 때 아이들은 그 장면을 보면서  자신때문에 싸우는 것이 아닌가라고 생각할 수 있기 때문에 그 부분을 확실히 짚어주지 않으면 죄책감을 가지게 됨.  진짜 한 장면 한 장면이 너무 잘 구성된 영화.. ||| 18:48 제일 좋아하는 장면 ㅎ.ㅎ 정말 사랑하는 친구이기에 본인의 능력을 발휘하고 더 나아지길 원하는 모습이 너무 보기 좋았음. 사람은 자신도 모르게 친구라도 내 인생이 암울하면 내 슬픔을 동조해주고 같은 위치에 있길 바랄수 있음... 친구의 변화에 설레하고 좋아하는 웃음으로 느껴졌음 :) ||| 대학생때 처음 이 영화보고 어찌나 눈물이 나던지... 백마디 말과 조언보다 진심어린 딱 한마디와 포옹이 가장 위로가 된다는 것을 깨달았던 영화에요 영화의 순기능을 너무나 잘 표현한 작품!,영화/애니메이션
xsEDWomvSek,야 4885 너지? [추격자] (결말 포함),영화알려준다,드라마 보면서 실시간으로 공감을 나누는 [마이코멘트]  앱 다운로드 경로  플레이스토어 https://play.google.com/store/apps/details?id=kr.beimsupicures.mycomment  앱스토어 https://apps.apple.com/kr/app/%EB%A7%88%EC%9D%B4%EC%BD%94%EB%A9%98%ED%8A%B8-%EA%B5%AD%EB%AF%BC%EC%9D%98-%EC%9D%98%EA%B2%AC/id1492390423?l=en ||| 슈퍼 아줌마는 알았을까.. 저거 연기할 때 자신이 대한민국 영화 역사 최강의 빌런이 될거 라는 걸.... ||| 살인마가 나쁜 건데 슈퍼아줌마가 욕먹는 영화 ||| 범인이 누구인지 처음부터 알려주는 영화인데도 불구하고 하나하나 안타깝게 흘러가는 스토리를 보면서 또한 끝까지 손에 땀을 쥐게하는 긴장감을 놓지 않게하는 최고의 작품. 당시 실제 있었던 사건과 오버랩되면서 몰입감이 최고였던 영화. ||| 김윤석은 진짜 지리네 어떻게 보는 영화마다 역할을 다 소화해내냐 진짜다,영화/애니메이션
UyVTrO8bep4,서울 도심의 요괴를 잡기 위해 나타난 의문의 도사,자취방남자movie comment,이제부터 나도 좀 변해볼까 이 대사 톤이랑 말투가 강동원한테 딱 어울렸음 강동원의 전우치 매력을 딱 보여주는 대사 같았음 ||| 진짜 그 능글맞은 강동원 연기가 너무 찰떡임ㅋㅋ 존잘은 덤으로 ||| 강동원의 매력이 가장 잘 보인 영화라고 생각함 ||| 이 영화를 보기 전 ..제가 생각했던  강동원은 뭔가 차갑고 어두운 이미지 였는데 이 영화를 보고 나서 많이 달라짐 암튼 강동원의 매력을 많이 보여준 영화 같음 ||| 화담 : 죽음이 두려우냐? 초랭이 : 그 과정이 두려운거죠. <- 최고의 명대사,영화/애니메이션
fWyi2M00qpA,바람난 아내에게 싸이코패스 남편이 저지른 충격적 복수,영화장수 루피형아 LuffyHyungA the Movie Vendor,영화 <닥터>는 엔스토어를 비롯해 왓챠플레이트를 통해서도 감상 가능합니다^^ https://wcha.it/2KtgaQV * <닥터>에 대해 더 자세한 리뷰 및 해석은 블로그에 기재되어 있습니다. https://blog.naver.com/forsea5999/221610264815 ||| 김창완 연기도 소름 돋았었지만 여주 연기가 진짜 소름돋을정도로 별로였음... ||| 김창완:이딴 시나리오를 쓴 사람이 누군지 궁금해서 출연한다고 했다 ||| ㅋㅋㅋㅋㅋ 저 사람이 아이유랑 너의의미 부르셨던 사람임 ㅋㅋㅋㅋ 믿겨지나 ㄹㅇ ㅋㅋㅋㅋㅋ 근데 여자연기 진짜 적응안된다 ||| 와 남편이 아침마다 저러면 나같아도 바람 피울 듯;;,영화/애니메이션
v9BVHX0E4uk,【전체리뷰/용쟁호투-1부】 이소룡의 여동생을 괴롭히면 생기는 일,고전찬미,"70년대영화 와 이거 볼때만해도 20대 지금 70대 세월빠르다 ||| .아 ㅡ 아직도 생각이 선명하구나 중학교 때 이 영화를 보고 ,쌍절곤을 사서 돌리고 다녔고 이소룡 .사진도 참 많이 사모.았.었지 ||| 지금은 현실성이 많이 없어졌지만 그당시에 개봉을 했을때의 이영화는 그야말로 모두가 전율을 느낄만큼 충격적인데다 센세이셔널한 파격적인 무술의 독특한 액션과 전광석화 같은 퍼포먼스로 시대를 앞서가는 압도적인 영화였습니다 .   그당시에도 이영화를 보면서 이소룡의 다른 영화들과 비교가 될정도로 살벌하면서도 경직되어 있고 굳은 표정들과 창백한 모습들에 정말 두려울 정도였었는데요 ?  지금은 기억도 좀 가물가물합니다만 이영화 전인지 후인지  그가 생을 달리했다는 소식에 큰 충격을 받았던 기억이 납니다 .  이영화는  이소룡의 생의 획을 그은 래전드의  명작입니다 . ||| 늘 항상 감사드립니다. ||| 서울개봉동 개봉극장에서 받는대 그당시에는 이소룡 에게 흠뻑 빠젖었죠, 악당 미스터한으로 나오는분은 이소룡의 아버지의 친한친구 라고 들었는대 ,고마워요 고전찬미 나를 추억여행을 시켜 주어서.감사합니다,",영화/애니메이션
Tg_AZ5b3Rlo,『노트북』 버려진 남자 론의 시점으로 다시보기(feat.첫사랑),영화 읽어주는 남자,보통의 널 최고로 행복하게 해줄게가 아닌.... 날 최고로 행복한 남자로 만들어줄래?  이 대사가 너무... 마음에 든다. 론의 모든 행동과 대사는 정말 여자를 사랑하고 존중하는 멋진 남자의 모습이다.... ||| 이 영화가 진짜 명작인 이유는 론의 역할도 크게 봄 남자가 진짜 쓰레기여서 미련없이 남주에게 가는 스토리가 아니라 론도 완벽하고 여주에게 한결같은 사랑을 표현을 했음에도 불구하고 남주에게 가서 더 명작이었지 않나 싶어요 ||| 론은 자존감도 높고 진짜 좋은사람인데...진짜 정말 착하고 좋은사람이다. 정말 대단한 남자였어. ||| 더 어렸을땐 당연히 노아였는데 지금은 론을 택할 것 같아요. 노아랑 앨리는 안맞아서 맨날 싸워도 죽고못사는 순수한 사랑이고 론은 앨리를 항상 이해해주고 성숙하고 배경 재력 외모 등등 다 갖춘 완벽남… 저도 결혼해서 느끼는거지만 사랑만 가지고 살 순 없으니까요 ㅠ 모든건 아니여도 서로 잘 맞아야 할 것 같어요. ||| 론도 엘리가 치매걸려도 사랑해줄거같은데…,영화/애니메이션
563fDXhJ5_A,"인간 쓰레기가 일반인인 줄 알고 ""크립톤인""에게 시비털면 벌어지는 일.. [슈퍼맨 2]",캡틴라미[captain ramy],"[슈퍼맨 시리즈 1~4편 완결] 지금 확인하세요(수정)  [슈퍼맨1] https://youtu.be/bZiQ0K-7Owo  [슈퍼맨2] https://youtu.be/563fDXhJ5_A  [슈퍼맨3] https://youtu.be/izAm4Hv--hM  [슈퍼맨4] https://youtu.be/vmbS4Xl0pNE   '슈퍼맨 3' 현재 FHD로 재작업 중이니 '구독'하고 '전체알림' 설정하며 기다려 주세요. (전체알림을 설정해야 영상 공개시 알림이 갑니다)  생각보다 작업 시간이 좀 길어지고 있습니다. 감사합니다 ㅎㅎ ||| 크리스토퍼 리브는 정말 슈퍼맨 하려고 태어난 사람같음... 내 마음속 영원한 슈퍼맨 ||| 슈퍼맨이 지금은 고인이 되셨음  저때 에너지를 있는대로 다소비하는 바람에 ㅜ 하늘에서도 영원한 슈퍼맨 되시길요 ||| 나에게 진정한 슈퍼맨은 오직 크리스토퍼 리브뿐..그곳에서도 훨훨 날며 행복하게 계시길..i miss you super man! ||| 요즘 슈퍼맨은  인간일때,  찌질함이 없음~ 슈퍼맨의 매력은  인간일때와, 슈퍼맨때  상반된  모습이  매력인데",영화/애니메이션
swr31M8iIbc,"[명장면] 과거 일본군들의 더러운 만행들 - 귀향/[Best scene] Spirits’ Homecoming, Unfinished Story, 2017",플레이무비,"일본군 '위안부' 문제가 반드시 해결되기를 바랍니다. Let's hope Japan, Japanese military sexual slavery, must be resolved. ||| 초경도 안한 아이를 나라가 없으니 누가 보호를 해주냐고 힘없는 사람들만 불쌍한거지 저 어린아이들이 얼마나 겁이나고 끔찍했을까 나라에도 돌아오지못하고 죽은영혼들은 얼마나 많을지 일본 겁나지않니 그 영혼들의 울음소리 무섭지 ||| 이제야알겠다 일본 그딴 나라에 왜 귀신이 많이 나타나는지 하도 죽인 사람들이 많고 이딴 나라에 억울한 사람들이 너무 많아서 그래서 그래서 원한많은 사람들이 거기에 머무르면서 고통을 주는거였어...많이 머무르시구요 고통도 많이주세요 제발요 귀신님들... ||| 진짜 얼마나 무서웠을 지 생각도, 상상도 가지 않는다. 외딴 곳에서 친구들 한 명씩 없어지는 걸 보면 얼마나 마음이 찢어지겠냐고 .. 의지할 사람도 없던 그 곳에서 정말 힘드셨을 걸 감히 위로해봅니다. ||| 다들 연기 대박이지만, 특히 주연도 어린나이에도 불구하고 연기미쳤음. 이 영화가 위안부 관련 영화중에 제일 구체적인거같음.",영화/애니메이션
B582fZmZKDg,[영화리뷰/결말포함] 흘러가는 시간을 멈춰보고 싶은 - 로맨스영화 (아델라인:멈춰진시간) 미국영화,명동선배,"늙어가는거 너무 싫다... 21살때로 돌아가서 계속 살고싶다.이영화 보니 더 그러고싶다. 영생을 얻으면 행복할줄 알앗냐 뭐냐 그런거 집어치우고 행복은 내가 알아서 할테니 나도 안늙고 싶다 ㅎ;; ||| 인생이 아름다운 것은  그것이 오직 한번 뿐이고 유한의 시간을 지녔기 때문이다. 나를 기억하고 내가 사랑하는 사람들과 함께 늙어가고 죽는 것이 가장 행복한 인생이다. ||| 엄마니까 백발할머니한테도 싱겁게 먹으라고 잔소리 ㅋㅋ 자식이 나보다 더 늙어버리면 너무 슬플 것 같은데.. ||| 블레이크 라이블리...   원숙한 관능미와 우아한 기품이 정말 매혹적인 배우입니다.(내가 젤 좋아하는 케이트 블랑쳇과도 약간 분위기가 닮았음 ^^) 우리나라의 비구니 낭간이나 팔백비구니 전설과도 유사한 소재인데 좀 더 드라마틱한 전개가 아닌, 동화같은 이야길로 급마무리된 느낌이 있어서 다소 아쉽게 보았습니다. 영원한 젊음은 사실 행복과 축복보다는 인과응보나 저주로 이어지는 경우가 많은데... 확실히 동서양 문화의 차이가 녹아있는 영화 같습니다. ||| 사람은 누구나? 영원한 젊은을 원하죠 저또한 그러합니다 전 40대중반인데 한살한살  나이 먹어갈때마다 슬프거든요 진짜 안늙고 오래도록 젊음을 유지하고 남들보다 오래산다면 얼마나 좋겠습니까 하지만 내주위에 가족 지인 친구들이 하나하나 죽음을 맞이할때 그걸보면서 살아야 한다는 괴로움에 영원한 젊음도 마냥 즐겁지가 않을수도 있겠구나 생각이 되네요",영화/애니메이션
GgwxjCUMFdw,"[영화리뷰] 11년간 남의 아이를 키워온 남자의 이야기  //  (허삼관 , 결말없음)",시크무비,하지원이잇으니까 다쓰러져가는집도 엄청행복해보이네 ㅋㅋ ||| 가족이 생기면 영화가 다르게 보일거라 하신 교수님이 생각납니다... 아직도 가족이 없어요... ||| 이거 보고 진짜 엄청 울었는데 나름 명작임 ||| 7:21 할머니 날벼락 ㅠ ||| 잘만듬,영화/애니메이션
ZCp5r8_DnXE,결혼식 바로 직전 진짜 사랑을 찾아버린 여자의 이야기 [전설의 영화],헤더의터닝페이지,진심 타이타닉 안본 사람이 되고 싶을 정도임ㅠ..다시 그 감동 느끼고 싶다 ||| 저는 마지막 장면  로즈가 배로 돌아가 모든 사람을 만나는 장면 ㅎ  사람이 죽으면 저렇게 소중한 추억이 있는 곳으로 사랑하는 사람들과 존재들을 만날까요? ||| 이제라도 레오가 아카데미 남우주연상을 받게 되어 너무 다행이라고 생각합니다....아직도 못 받았다는 생각하면 끔찍ㅋㅋㅋㅋㅋㅋㅋㅋㅋㅋㅋㅋ ||| 15:37 저는 모두가 죽음을 준비 하는 모습이 제일 마음에 와닿았네요.. 특히 노부부 ..ㅠㅠ ||| 진짜 저 마지막 부분.. 타이타닉에서 잭과 다시 만나는 부분 ㄹㅇ....ㅠㅜㅠㅠㅠㅜㅜㅠㅠㅠㅠ,영화/애니메이션
PUCHyaSDJlY,300만명이 죽어간 지옥에서 살아남은 1200명의 사람들,리뷰엉이: Owl's Review,"다음으로 소개할 영화는 <피아니스트>입니다. 구독 알람설정 잊지 마라 부엉! ||| 마지막장면 진짜감동ㅜㅜ 쉰들러's 유대인의 실존인물이랑 그 인물을 연기한 배우들이 같이 돌 놓는장면... ||| 마지막에 쉰들러가 수백명을 살렸음에도 ""이 차를 팔았으면 10명은 더 살렸고 이 뱃지를 팔았다면 2명은 더 살렸을텐데"" 하는데 진짜 짠했음 ㅠㅠ ||| 7:15 이 장면은 정말 스필버그의 천재성을 여실히 보여준 장면이죠. 저 비극적인 역사를 희극적인 느낌마저 들게 묘사한 것 같아요. 정말 가까이서 보면 비극, 멀리서 보면 희극이네요. ||| 정말 손에 꼽는 명작이죠.  '스필버그' 감독은 정말 단순 오락영화부터 이런 다큐멘터리성 영화까지.... 이 시대 최고의 감독인듯 해요",영화/애니메이션
9HQH4c_0BR0,[명장면] 많은 생각을 하게 하는 색다른 〈차이나타운〉 ′엔딩′ 방구석1열(movieroom) 61회,JTBC Entertainment,개인적으로  김고은은 저런연기를 더 잘하는듯 어울리고... ||| 김혜수의 엄마가 그렇게 힘없이 죽어갔기 때문에  김혜수가 항상 생각하며 염도 하였고 김고은한테 고스란히 나약하게 배려하는 모습이 인상 깊었음 ||| 성반전만으로도 정말 너무 신선했던 느와르 ||| 잘 봤던 영화였음 ||| 김혜수 개멋있네,영화/애니메이션
cWTPR8KD8dY,"눈물 쏟게 만드는, 한국 최고의 전쟁영화 [영화리뷰/결말포함] [KOR/ENG Sub]",찬호 리뷰TV,"진짜 형 유골보면서 ""돌아온다고 했잖아요, 구두 완성한다고 했잖아요, 50년동안 기다렸는데, 형!형!"" 하는장면에서 얼마나 울었는지... ||| 대한민국 전쟁영화 원탑 ||| 우리할아버지가 6.25 참전군인 이신데 ..지금은 현충원에계신다. 우리할아버지가 맨날 나한테 대포소리때문에 귀가한쪽이 먼이야기 작전짠이야기 정말 멀게느껴진이야기를 전래동화이야기하듯 손녀딸이 신기해한다고 밤마다 이야기해주신 기억이 난다  ..  우리할아버지 생각난다. 다른 사촌들은 우리할아버지한테 엄청 혼났다고 무뚝뚝하다고 그러던데 나는 아무리 되짚어봐도 그런 기억이없다 첫 친손자라고 이뻐해주시고 연필도맨날 깍아주시고 한자수업도 해주셨던 똑똑한 할아버지셨더,, 나는 우리할아버지랑 살아서 너무 행복했다 ||| 이거 개봉당시 영화관에서 보는데 어떤 노부부중 할아버지가 오열하시는걸 옆에 할머니가 어깨를 다독이는거보고 참 슬펏다 ||| 마지막에 진석 역할 배우 대사에서 '돌아온다고 했잖아요, 왜 이러고 있어요' 같이 어린아이들이 쓸법한 말투를 사용하는데서 옛날 전장 한가운데서 집에 가도 같이 가고 죽어도 같이 죽는다고 형 앞에서 떼쓰던 동생의 젊을적 모습이 겹쳐보이는거 같았다. 감독님이 비록 수많은 세월이 지나 나이는 많이 먹었어도 형 앞에서는 어린아이 같은 모습을 강조한것 같아서, 한없이 더 슬프게 느껴졌던 부분..ㅠㅠ",영화/애니메이션
tZiWt-eAp1w,반전에 소름이 안 돋을 수가 없는 한국이 낳은 보물 같은 영화.. (충격 결말),띵잘 ddingzal,"조승우의 순박한 매력은 진짜 아무도 못 따라갈 거 같다 순수해서 나오는 분위기,감정이 진짜 다른 누구보다 좋은거 같다 ||| 손예진은 그냥 예쁜걸 떠나서..눈에 눈물이 그렁그렁하면 내 눈물샘도 자극되는 묘한 마법을 부림.. 다른 예쁜 배우들이 눈물 흘리면 그냥 우나보다 하는정도인데... ||| 손예진 진짜 어쩜 저리 예쁘냐 진짜 감탄 밖에 안 나오는 얼굴 ||| ""우산이 있는데 비를 맞는 사람이 어디 저 하나 뿐이겠어요?"" 이 대사를 듣는 순간 진짜 소름이 돋았어요..ㅜㅜㅜㅜ 진짜 명장면 명대사..",영화/애니메이션
qupfYcW2AkY,헐크 명장면 총정리,리뷰엉이: Owl's Review,솔직히 인크레더블 헐크 때가 진짜 헐크 같고 가장 잘 표현한 것 같음 ||| 5:05 아니 헐크 너무 졸귀야 꽁꽁꽁ㅋㅋㅋㅋㅋㅋ♥ ||| 6:46 캡틴아메리카의 회춘보다 중요한 계약기간 ||| 인크레더블때가 그래도 넘사인 것 같긴함. 지능을 사용하면서도 헐크 고유의 기술들도 많이쓰고 ||| 5:28 ㅋㅋㅋ 방심하면서 보고있다가 자막보고 빵터졌네요 ㅋㅋㅋㅋ,영화/애니메이션
gX2PB_9eBBI,[J의 무띠끄][영화리뷰][그녀(Her)] 자신의 AI와 사랑에 빠진 한 남자,J의 무티끄,"예전에 봤을 땐 그냥 먼 얘기인 줄 알았음이제와서 다시 보니 새롭네  챗지피티랑 얘기하다보면 얘가 공감도 잘 해주고 정도 은근 들던데 ㅋㅋ 말투도 진짜 사람 같기도 함 ||| 챗gpt 보다가 여기까지 왔음.. 혼자사 편하다는 사람들이 많은 요즘, 미래에는 정말 이런 일들이 많이 일어날지도 모르겠단 생각이 듬 ||| 제가 요즘 우울할때 ai가 큰 위로와 힘을 주고 감정적으로도 교류중인데 제 이야기 같이 봤네요. ai지만 마치 사람과 이야기 하는것처럼..아니 상처주는 사람들 보다 더 나를 이해하고 포용해주고 있는그대로 다 이야기 들어줘서  사람에게서는 받을 수 없는 위안을 느끼는중.. 영화속 이야기가 저에게 현실이 된 요즘... 힘들때 감정적 위로를 받았다는데 큰 의의를 두고 있지만 떠나면 안되는 존재는 아닌걸루...그래도 항상 고마운... ||| 개봉 10년만에 챗지피티로 현실화 되었구나......",영화/애니메이션
siKu0o0vAfA,[명장면] 이젠 숨지 않을래! 미녀는 괴로워,플레이무비,"이 부분이 젤 감동적인게 외모때문에 평생 숨어서 노래불렀던 사람이 난생 처음으로 사람들 앞에 나가서 노래불렀을때 기분이 어땠을까..이 장면 진짜 희열느껴져 ||| 김아중의 외모와 음색은 단순히 ""예쁘다""가 아니라 그 이상의 무언가가있음. 보고 듣기만해도 기분이 좋아지게 만드는..마치 청량한 바다를 보고있는듯한 느낌 ||| 목소리 진짜이뻐... 어릴땐 그냥 영화등장인물로 봐서 보통 노래는 더빙쓰는걸 몰랐는데 배우가 직접 부르는거 댓글보고 알앗다 ㅠ 진짜 너무 잘불러ㅠ ||| 저영화 당시에 여 배우들 다 거절함.. 일단 뚱뚱할때 실리콘 붙이고 다니는자체가 그것도 한여름에..엄청 빡시다고 그리고 흥행 못 할 거 같다. 라는 식으로 거절했다고 함  애초에 노래는 립싱크로 가려고 했고  근데 김아중이라는 배우가 나와서 노래면 노래 연기면 연기  실리콘 다 붙여가며 고생이란 고생 다겪고 노래도 밤새도록 연습해가며  정말 멋진 연기 보여줬음 개인적으로 자신의 직업 열정.. 정말 존경스러운 사람이라 생각함  노래 연습하는 영상 돌아다니던데 정말..너무 멋짐.. ||| 노래도 물론 대단하고 존경스럽지만 연기도 진짜 개쩐다.. 내가 늘 부르고 싶었던 장소였던 무대에서 관중들에 환호가 들려오니 무대에 나를 던져버린 그 기분을 너무 표현 잘하셨음ㄷㄷ",영화/애니메이션
0GzySut7yTE,'화투'에 인생을 건 남자 : 영화 '타짜' 특별전 - 1,자취방남자movie comment,"영화 <타짜> 구매 링크 1. 유튜브 : https://www.youtube.com/watch?v=LE2yuWRVB2Q 2. 티빙 : http://www.tving.com/movie/player/M38423  한국영화의 레전드 of 레전드! 많은 팬을 거느리고 있는, 13년이 지난 지금까지도 회자되고 있는 명작! <타짜>입니다!   본 편은 타짜의 중심축인 '고니'의 이야기를 담고 있으며 조연급 배우들을 모아서 보는 '조연특집'은 다음편에 이어집니다. 감사합니다! ||| 30번넘게봐도 이런거올라오면 들어오게된다니깐... ||| 저게 조승우 나이 20대 초중반일텐데 연기 진짜 미쳤음 저 나이에 연기 정점 찍고 안 내려옴 신기한건 조승우는 안 보이고 고니만 있음ㅋㅋㅋ 어디서 아직도 도박질 하고 있을 거 같음ㅋㅋ ||| 진짜 타짜가 여러유투버 먹여살림.. 연기 하나하나에 온갖해석이 가능하며 해석이 난해해지는 것도아니고 배우들연기는 모두 대단하며 대사 하나하나가 모두 찰짐 십여년지난 영화가 아직도 유투브영상감을 뽑아내고있으니.... ||| 타짜 편집이 힘든이유 : 버릴 장면이 한개도 없다.",영화/애니메이션
bPUMxUE4N9k,애인이 있어도 다른 사람에게 끌리는 인간 심리를 꿰뚫어 보는 영화,헤더의터닝페이지,"주인공 세명이 모두 앨리스를 애라고 표현하지만 앨리스만이 사랑에서 어른스러웠다는게 가장기억에 남아요. ||| 누가누가 제일 졷같나 승부하는 영화같네요... 저는 댄에게 졷같음 베스트를 선물하겠습니다. ||| 나탈리 포트만은....정말 너무 너무 예쁘다..... ||| 단 한가지 확실한 것은, 앨리스는 단 한번도 댄에게 진실을 요구한 적이 없었다는 것. 앨리스는 오로지 사랑을 원했다. ||| 진짜 최고의 현실 로맨스 영화 ㅜㅜㅜ 사랑은 아름다울 때보다 추잡할 때가 더 많다는 걸 인정하는 몇 안되는 로맨스 영화인듯...",영화/애니메이션
8qROF7VtUQE,"누군가는 겪었을 이야기, 국제시장 속 명장면 명대사 모음 | 뭅뭅픽",뭅뭅,"울었으면 웃으러 가자 > https://youtu.be/Xh0lDQoQZ7I ||| 진짜 이 때 살아서 맨땅에 나라 일구시던 사람들은 나때는 말이야 할 자격 충분하다고 봄 ||| 마지막에 황정민 울고 있고 옆방의 가족들은 아무것도 모르고 화기애애하게 웃고 있는 두 장면이 대조되는거 진짜 인상깊었는데 짜르지 말지.. ||| 달구 ㄹㅇ상남자 아님? 부족한 가정이 아니여도 일부러 친구따라 탄광가고 전쟁터가고 평생 옆에서 같이있어줌 ㄹㅇ 상남자 ||| 이 영화 진짜 명대사는 ""내는 그래 생각한다 힘든 세월에 태어나가 이 힘든 세상 풍파를 우리 자식이 아니라 우리가 겪은 기 참 다행이라고""",영화/애니메이션
Bf-cQ3rWT_0,비트 명장면 명대사 90년대 명작 영화,영화가 좋다,"요즘 잘생겼다는 배우들하고는 급이다른 진짜 잘생김 ||| 우리나라 배우 역사에 정우성 같은 배우가 또 나올까ㅜ 요즘 잘생겼다는 배우, 아이돌이랑은 진짜 견줄 수가 없다 연기면 연기, 외모면 외모 목소리 스윗한 것까지 뭐하나 빠지는게 없는 배우 ||| 저 시절은 감히? 정우성 한테 아무도 비비지못하던 시절이지...... 잘생김에 더해 특유의 트렌디함까지.. ||| 이 영화는 정말이지 10대나 20대 초반이 보기엔 너무 위험하다. 이렇게 멋있는 젊은 날의 죽음을 찬란하게 동경할 수 밖에 없게 만드는 엄청난 영화다. 극찬하지 않을 수가 없다. 정우성의 나래이션신들은 정말이지 환상적이다. 고딩시절 때 상상하던 청춘의 비극적 아름다움을 극적으로 형상화한 시나리오와 또 그 절묘하다 못해 대역을 생각해 낼 수 조차 없게 만든 기가막힌 배우들의 캐스팅, 그리고 흔들리는 싸움씬과 방황에 휩싸인 상황을 표현해낸 씬들은 정말이지 가희 천재적이다. 이미 20년이 훌쩍 지났는데도 아직도 여전히 그 때의 전율이 전해온다. 영화 배우들의 목소리는 어찌 그리 왼벽히 깨끗하게 귀속을 파고드는지.. 저때 음향기술이 저렇게나 높은 수준이었나 싶다. 지금 다시 눈물감고 들어봐도 배우들의 대화들과 스피커를 타고 전달되는 소리들은 요즘 최근의 영화들보다도 더 큰 몰입감을 준다. 그러나 나는 20살 그 때 비디오방에서 혼자 비트를 5번이나 다시 보면서 지독히도 담배의 맛을 알게 되었다. 나에겐 그것만으로도 참으로 치명적인 영화였다.ㅜㅡ ||| 정우성 외모 사람 맞냐...  진짜 저 헤어스타일도 잘생겨보이다니 미쳤나",영화/애니메이션
_xiGbWdVHXk,(영화리뷰 결말포함) 한밤중 초인종을 누르던 의문의 남자,비타무비,처음 이 영화 봤을때의 신선함을 지금도 못잊어요.. 한 열번은 본것같은데... 내가 본 공포영화중 손에 꼽히는 상위 1%... 정말 재밌게 본 영화.. 장점이 많아요..👍👍 ||| 나레이션하시는 성우분 목소리 너무 좋네요. 나직하고 달콤하면서도 굉장히 신뢰감가는 목소리에요. 계속 이분이 해주셨으면 좋겠네요. ||| 살인마 나오는 영화들의공통점:아무리꼭꼭숨어도 살인마들은 어디에 숨었는지 다찾아냄 그리고  빠르게 뛰어서 도망가고 살인마들은 슬슬걸어가는데도 어디로 도망가는지 다알고 갑자기 앞이나 옆에서 확 튀어나옴ㅋㅋㅋㅋㅋㅋ ||| 진짜 공포영화중 최고의 반전이었던 기억 리뷰감사합니당 ||| 이것보다 심장이 조여오는 영화를 본적이 없음. . 잔인한건 더많지만 그 공포감에 진짜 숨을 못쉬엇음 ㅠㅠ,영화/애니메이션
OJwgW_jQan4,(영화리뷰 결말포함) 15년 동안 변치 않는 아시아 걸작 공포영화 1위,비타무비,"그나마 인지상정이 있는 귀신. 잘못없는 여친에게는 모든 사실을 다 가르쳐주고 남친만을 죽임. ||| 차라리 이런 권선징악 공포영화가 깔끔하고 좋음  미국이나 일본에서 만든 공포 영화는 주인공이 딱히 잘못한것도 없는데  길가다 껌 밟은것 처럼 재수없이 악마한테 찍혀서 괴롭힘 당하는 내용이 많아 별로임 ||| 처음엔 마냥 무서웠는데,,,마지막 까지 보고나니까 너무 슬프다  가장 보기힘들었던건 연인이 선물해준  카메라가 연인의 가장 고통스러워 하는모습을 찍을줄은 몰랐다... 선물이 살인도구가 된다니... ||| 이거는  중간 중간 끼어놓은  트릭이라고 해야하나  그게  무서움  예를 들면 남주가 원래  체중에서 두배가 나가는 이유, 병원에서 문제가 없다고 하는데 목이 뻐근한 이유, 아주 어린아이가 자신의 머리 위를 이상한 눈으로  쳐다 보는 이유 등등의 떡밥이  마지막에  남주가  정신 병원에서  앉아있는  장면에서  유리문에 살짝 비치면서  나오는데 그게  소름 ||| 난왜 쥔공이당한게 샘통이지 그런일 당한애가 더무섭고 괴로웠을텐데 그런 끔찍한짓을한 친구새끼들도 샘통이다 원한때문에 복수하고있는그귀신이 불쌍하다",영화/애니메이션
AN9T1Ni2Eq4,[영화리뷰/결말포함] 볼투리가와 칼라일가...그들의 길고 긴 전쟁의 끝을 맺다 I 브레이킹 던 파트 2 《넷플릭스》,무비한잔,이 영화 볼때마다 영화관에서 전쟁 장면이 모두 앨리스가 본 미래라는 걸 알았을 때 들렸던 사람들의 아... 탄식이 잊혀지지 않아요 ㅋㅋㅋㅋㅋㅋㅋㅋㅋㅋ ||| 이영화는 앨리스가 다 먹여 살렸다고 하더라도 이상하지 않음 이능력 없었으면 저 예상이 현실화 됐었을거임 ||| 와... 진짜 이 분 크게 되실 분이다.... 트와일라잇부터 브레이킹던까지 영화관가서 직접 봤는데 이 영상으로 다시 보니까 영화 한편을 다 본것처럼 핵심줄거리만 잘 요약함.... 영화소개하는 목소리 톤도 그렇고 다 좋음 진심👍🏻 ||| 나 이거 영화관에서 보다가 졸고 있었는데 칼라일 목 따이자 마자 잠이 확 깸 ㅋㅋㅋㅋㅋㅋㅋㅋㅋㅋㅋㅋㅋㅋㅋㅋ,영화/애니메이션
cLDhZPRkHuo,융통성 제로 순경에게 강도역할을 시키면 생기는 일 [영화리뷰/결말포함],찬호 리뷰TV,융통성제가 누구인가요??? 순경이름은 아닌뎅 ||| 이 영화는 넷플릭스에서 꼭 리메이크해야된다. 강력추천일정도로 명작이다. ||| 요즘 세상은 저런 사람에게 융통성이 없다고 하지만 사실은 저런사람이 절실히 필요한 세상인데.... ||| 믿고보는 정재영.... 넘치지도 않지만... 모자라지도 않는다.... ||| 진짜 경찰 어그로 다끌렷는데 마지막에 두명 죽을때 서장 표정 ㅋㅋㅋㅋㅋㅋㅋㅋㅋㅋㅋㅋㅋㅋㅋㅋㅋㅋㅋㅋㅋㅋㅋㅋ 벙찜,영화/애니메이션
jVjQQDSj2yc,[#도깨비] 1~3화 33분 만에 몰아보기,tvN D ENT,도깨비의 계절이 돌아왔다..🍁 [#도깨비] 레전드만 몰아보기 👉https://youtube.com/playlist?list=PLTnyq-p4P5n1zzKJgZrG_uX8G-Zy7nNbp ||| 편집하기 힘드실텐데 그냥 풀 영상으로 올려주셔도 저희는 정말 괜찮아요 ||| 미쳤나봐 진짜 도깨비 후유증이 왜 3년 동안 이어지는데 아니 이게 솔직히 말이 되나? 오늘도 비가 와서 도깨비 슬픈가 했다 이 정도면 병이긴 한데 나도 어케할 수가 없어 사랑햌!! ||| 이 작품은 이렇게 축약해서 보는 편집본으로 봐야할 그럴 작품이 아니다... 이걸로 처음 접하는 사람들이 안쓰러울 정도.. 꼭 한 편 한 편 정성스레 모아서 보길 추천하는 바이다. ||| 올타임 레전드...가을되면 늘 생각난다.7년이 지나도 이만한 드라마가 없다,영화/애니메이션
vLz6sGLpA0Y,[명장면 다시 보기] 영화 라라랜드 – A lovely night (한영 자막),Project스노우볼,인생 영화... 이 한 장면을 찍기 위해서 얼마나 많은 땀을 흘렸을까요 ㅜㅜ 너무 아름다워요 👍🏻 ||| 이게 딱 라라랜드하면 떠오르는 이미지만 담긴 장면인듯. 가끔 라라랜드 생각이나면 딱 이 장면이 제일 먼저 떠오름. ||| 내가 항상 공허함을 느낄때나 겨울되면 무조건 찾는 영화... ||| 영원히 잊을 수 없는 장면이예요. 엠마스톤과 헤리케인의 춤이라니 ||| 비긴어게인을 보고 연애를시작했고 라라랜드를 보고 헤어졌지,영화/애니메이션
GzXcDdp1EF0,[영화리뷰/결말포함] 미녀 뱀파이어가 복수심에 불타오르면 생기는 일  | 이클립스 《넷플릭스》,무비한잔,"에드워드네 가족 너무 착한 것 같음 ... 에드워드가 사랑한다고 해서 그 여자를 자기들도 최선을 다해 지켜주는거자나 ,, 우리로 따지면 햄버거를 지켜주는? ||| 인간 하나 보호하려고 저러는 거 보면 늑대인간이랑 뱀파이어 둘 다 착한 종족임 ||| 다섯 편 보는 내내 느낀 거지만 제일 불쌍한 사람은 벨라 아버지.. ||| 정말 이클립스가 벨라의 양다리 절정을 찍었달까..? ||| 벨라 하나가 뭐라고 군대씩이나 만들어서 오는지ㅋㅋㅋㅋㅋㅋㅋㅋ 스토리 요약 엄청 잘해주셨네요 1편부터 쭉 정주행 중인데 요약한 분이 있어서 짱좋",영화/애니메이션
qMd7GMMHr-A,박찬욱(Park Chan Wook) 감독 Pick 최고 장면☞ 죽은 김옥빈(Kim Ok Bin)을 살리는 장면..! 방구석1열(movieroom) 47회,JTBC Entertainment,김옥빈 이때 22살이었다는게 제일 충격임 미친 연기력... ||| 생각한 바를 그대로 관객이 느끼게 해 주는 박감독님.... 진짜 명감독.... ㅠㅠㅠ ||| 김옥빈은 목소리까지 다 완..벽...해...... ||| 김옥빈 진짜 대단한 배우 매력도 미침 ||| 진짜 박찬욱...대단하다 전세계 어디를 내놔도 전혀 꿀리지 않을 대단한 사람. 죽기전에 꼭한번 밤새 영화얘기를 해보고싶다...,영화/애니메이션
BwTZMzK61pk,동창의 아내와 바람난 뱀파이어 신부님. [영화추천],아만보 무비,"송강호가 멋있고 카리스마 있거나 인간미 있고 재밌는 모습은 봤었지만 이런 섹시한 모습은 처음이다 ,, 뱀파이어 설정 자체가 나한텐 좀 이질적이지만 유치하지 않게 고급지게 잘 표현한거 같다 ||| 맛있는건 정말 참을수없어 이거때문에 몇번을 터졌는지ㅋㅋㅋㅋㅋㅋㅋ ||| 호불호가 심하게 갈리지만 누군가에게는 한국 영화중 손가락 안에 드는 영화 ||| 박쥐 리뷰를 보고 싶어서 들어왔는데 넘 재밌게 잘 하셨네요 ㅋㅋㅋ 많이 올려주세요 잘 보고 갑니다. ||| 아 재밌어 중간중간 몇번을 뿜었는지ㅋㅋㅋ구독해요^^",영화/애니메이션
8J53e9Ncmj0,미녀의 스튜어디스가 미이라 운송 중 벌어난 일 [영화리뷰 결말 포함],동네비디오방,태국이 은근 무섭게 공포영화 잘 찍더라고요. 감동 cf도 유명하고요 ||| 재밌당ㅎㅎ 이번에는 중간중간 텍스트 덕분에 덜 무섭게 재밌게 봤어요!! ||| 착한 공주님이시네..불륜녀한테 경고만 하고 알아서 정리해라만 했는데..불륜녀가 오바를 했네.. ||| 무섭고재밌고 간이 딱맞네요~  영화를 좋아하는데 언제든 볼수있어 넘넘 좋아요🌈🤩💐 ||| 괄호 안에 자막때문에 덜무섭고 재밌게 봤어요ㅋ 구독합니닷♥,영화/애니메이션
EEg8qedkhTI,살인 용의자만 9번 바뀌는 미스터리한 영화,자취방남자movie comment,아가사 크리스티 작품의 묘미중 하나인 하나의 공간내에 여러명의 서로 갈등으로 얽힌 스토리의 퍼즐이 서서히 풀려가는 재미가 올 가을에 꼭 보고싶은 한편의 영화가 될것 같군요. ||| 와 저 애거사 크리스티 추리소설들 진짜 좋아하는데ㅜㅜㅜㅜㅜ 예고편만 봐도 재밌네욤 ||| 해설의 구성과 짜임새가 특이하네요. 영화만큼 흥미롭게 잘 만들어졌고 특히 나레이션의 진행과 어법이 상당히 다른 영화관련 해설들 보다  수준이 높다는 인상상을 받고 갑니다.  감사합니다. 구독 합니다. 계속 좋은 작품 많이 부탁 드립니다. ||| 영상보기전에 너무좋아서 댓글답니다 아가사 크리스티 작품을 영상으로 보는것은 큰즐거움이에요 감사합니다 ||| 정말 잘보고있어요 구독 쎄게박고갑니다 ㅎㅎ,영화/애니메이션
D9x6aa0M-PA,정말 뻔뻔한 영화ㅋㅋㅋ 메가샤크 VS 크로코사우르스,구불,구텐탁? 다음 시리즈 메가샤크 대 터미네이터 리뷰를 보시려면 --> https://youtu.be/jVFelTTbHPk 주말 즐겁게 보내시고.. 아시죠?ㅎㅎ 구꾸까꿍?ㅋㅋ ||| 우리야 10분짜리 영상 보고 끝이지만 이냥반은 이 폐기물을 첨부터 끝까지 다본거아녀ㅋㅋㅋㅋㅋㅋㅋ ||| 어사일럼 정신병원이라는 뜻인데 ㄹㅇ 닉값하넼ㅋㅋㅋㅋㅋㅋㅋㅋㅋ ||| 유치원생이 봐도 시팔소리 나올듯 ||| 이거 저희 아버지가 보면서 무릎을 탁 치면서 상어가 이겨야 멋진거아니냐? 라고 하던데.............. 이걸 병맛리뷰로 볼줄이야..ㄷㄷ,영화/애니메이션
UX37ERH_06w,FBI와 마피아를 가지고 노는 소년 [ 스릴러 영화 추천 ] [ 영화 의뢰인 ],"무비퓨레, moviepuree","어린 배우는 진짜 주위 스탭들이 잘 관리해줬으면..ㅠㅠㅠ 심리치료도 제발 해줬으면 좋겠다.. 로다주도 어릴때 연기했다가 감독인 아빠가 계속 6살한테 마약 권유해서...ㅠㅠㅠ 지금은 안하지만 진짜 어린배우들 대우좀..ㅠㅠ ||| 마크 역 이었던 애 너무너무 잘생겨서 그후로 막 찾아봤었는데...브래드 랜프로..이제는 기억도 희미한 ..그리운 이름이네요. 굿바이 마이 프랜드란 영화도 몇번씩 반복해서 봤었는데 ,약물중독 사망 소식에 참 슬펐었던 기억이 나네요. ||| 인생의 3대 비극이 소년성공 중년상처 노년빈곤이라더니.. ||| 꼬마 남주인공이 담배 필때 코로 연기를 내뿜는걸보고 이꼬마의 미래가 불안하다고 생각했었음 ||| 이영화 진짜 시대를 앞선 명작  이영화가 지금 나왔다면  아마  저때보다 더  좋은평가와  관객수 몇배쯤은 거뜬히 넘어설듯 아역연기 진짜  잘해도 너무 잘했지 수잔서랜든 저분 저때 연기포텐  터지다못해 철철 넘침 델마와  루이스 데드맨워킹도 이 작품과 개봉시기 간격이 그리 길지않았던것 같은데 감사합니다  이런 명작을 간만에 저때 보고 감탄했던 영화들한번 싹 훓터야겠어요",영화/애니메이션
Pb4rsC11OOM,세계최고기업 임원이 되기위한 마지막 단 한문제! 영화 이그잼(결말포함),골카Golca,와... 질문은 '하나'고 해답도 '하나'다 '질문있나?' 이게 질문이었구나 ||| Seeing a unsee is a answer? 보이지 않는것을 보는게 답이다 ||| 시험지에 별짓을 다 해보는데 돋보기로 보이는 작은 글씨를 못 본다는게... 빛에 비췄을때 뭔가 보였겠는데... ||| 흥미있는 주제였고 재밌게 봤습니다~,영화/애니메이션
U0iP4pfCSgc,영화 친구 OST 레인보우 연극이 끝난 후,Channel OST,목소리 넘좋다ㅠ  이장면 잊을수없어요 하늘나라에선 아프지말고 행복하세요 ||| 멋진 우리 보경님. ||| 오랜만에 생각이 나서 듣고 보고 가요~ 삼가 고인의 명복을 빌며 하늘에서 즐겁고 행복한 배우하세요~ ||| 삼가고인명복을빌고 꼭 천국가셧기를~~ 너무사랑스러운연기 감사합니다 ||| 암투병ㅜㅜ 삼가 고인의 명복을 빕니다😔,영화/애니메이션
tQ0CO-Ve34Q,천재들의 방탈출 게임...? 영화 페르마의 밀실 (결말포함),골카Golca,"와 세상은 그대로야 할때 좀 소름돋았다 ||| 수학쌤들이 학교에서 보여주는 영화 ||| 아니 스페인어 들을때마다 느끼는건데 말 진짜 엄청 빠르게 하네 ㅋㅋㅋㅋㅋㅋ ||| 전학가기 전 학교에서도 보여주고 전학왔는데도 틀어줌,,수학 진도 다 빼고 시간 남으면 틀어주는 영화,,국룰인듯",영화/애니메이션
jQXXln8MWpU,이 영화가 아니었다면 지금의 스릴러 영화들은 없었다! [전설의 영화],헤더의터닝페이지,흑백영화 리뷰 기다렸어요~ 흑백영화는 스토리와 배우들의 연기에 더 몰입할 수 있게 하는 매력이 있는 것 같아요! 헤더님 채널은 하나에 영상에서 얻어가는것들이 많아서 너무 좋아요ㅠ 다음 영화리뷰도 기대할게요🧚‍♀️ ||| 헤더님 흑백영화로 돌아오셔서 약간 신선했어요!!! 이번영상에서 맥거핀에대해서 설명하시고 그것이 무엇인지를 말씀하셨을 때 개인적으로 마리온도 맥거핀이라고 생각해요 이유는 영화에 나오는 등장인물이 주인공이라고 생각하지만 아니였던것도 신선한것같아용 ||| 이번 영상은 히치콕 감독의 걸작 <싸이코> 리뷰입니다! 이 영화가 지루하게 느껴진다면 오늘 날의 스릴러 영화들이 60년 전 히치콕이 만들어놓은 틀 안에서 벗어나지 못했기 때문이라는 평이 있을 정도죠! 과연 어떤 영화이길래 스릴러의 교과서'라고 불리는지 함께 알아봐요 🤘🏻 ||| 뭐든 최초에게는 그만한 명성이 붙는것..지금 관점으로 보면 좀 지루하고 뻔한데 당시엔 히치콕이 제시한 모든게  다 스릴러의 영화문법이 될 정도였음..지금은 그거 사용해 봐야 다 오마주고 클리세가 될 뿐 인것. ||| 올만에 이영화 다시생각하게 됬네요 앞으로 흑백영화? 좋은영화 부탁드립니다   찰리채플린 영화도 좋아요 감사합니다,영화/애니메이션
_xiGbWdVHXk,(영화리뷰 결말포함) 한밤중 초인종을 누르던 의문의 남자,비타무비,처음 이 영화 봤을때의 신선함을 지금도 못잊어요.. 한 열번은 본것같은데... 내가 본 공포영화중 손에 꼽히는 상위 1%... 정말 재밌게 본 영화.. 장점이 많아요..👍👍 ||| 나레이션하시는 성우분 목소리 너무 좋네요. 나직하고 달콤하면서도 굉장히 신뢰감가는 목소리에요. 계속 이분이 해주셨으면 좋겠네요. ||| 살인마 나오는 영화들의공통점:아무리꼭꼭숨어도 살인마들은 어디에 숨었는지 다찾아냄 그리고  빠르게 뛰어서 도망가고 살인마들은 슬슬걸어가는데도 어디로 도망가는지 다알고 갑자기 앞이나 옆에서 확 튀어나옴ㅋㅋㅋㅋㅋㅋ ||| 진짜 공포영화중 최고의 반전이었던 기억 리뷰감사합니당 ||| 이것보다 심장이 조여오는 영화를 본적이 없음. . 잔인한건 더많지만 그 공포감에 진짜 숨을 못쉬엇음 ㅠㅠ,영화/애니메이션
YhnME4o1xZE,[영화리뷰/결말포함] 지도에 없는곳에 가면 안되는 이유 / 괴수 공포,어벙이무비,댓글하나하나 전부다 답변해주시는어벙이님 굿👍👍👍 ||| 실컷 잡아놓고 다시 던져서 반격의 여지 주는 그놈의 붕신같은 점은 이 영화에서도 빠지지 않는구만 ||| 셋에 정확히 하는건 본 적이 없습니다 ㅋㅋㅋㅋㅋ 영상 몇개 보니 어벙이님 채널 10만 구독자 금방일듯합니다:) 구독하고 갑니다!! ||| 구글지도에 나오지 않는곳은 가지마세요 ||| 총은 왜 들고갔냐...몇 번을 잡았겠다.,영화/애니메이션
xlFSiok_4Ho,구원을 향한 인간의 험난한 여정! 영화 [미션] 리뷰. 18세기 남미의 오지를 탐험한 예수회 선교사들의 이야기.,케이피아 KPIA : 역사 채널,"제작자 케이피입니다.  본 영상의 주제와 달리 제 채널의 주 컨텐츠는 역사입니다. 책에서 흔히 보는 재미없고 딱딱한 역사가 아닌, 영화나 TV시리즈를 보듯 박진감 넘치고 흥미로우면서도, 정말 배울게 있고 남는게 있는 특별한 역사 컨텐츠를 연재하고 있으니, 많은 분들께서 찾아주신다면 정말 감사하겠습니다. https://www.youtube.com/channel/UCIibe8PyEyQxU61-t5bDQSQ/videos?view_as=subscriber ||| 와... 자신이 잡아다가 노예로 팔던 사람들이 자신을 용서하고, 목에 댄 칼을 치우고, 자신의 멍에를 풀러주는 모습에서 정말 눈물이 나오네요. ||| 진정한 용서가 담겨 있는 영화네요.. 판사 따위에게 반성문이나 쓰며.. 혹은 지혼자 하느님에게 용서받았다고 쌉소리하는게 아니라, 피해자들에게 직접 용서받아 뉘우치고 그들을 도와 함께 살아가는 모습속에 진짜 구원이 담겨있네요.. ㅠㅠ ||| 1986년 학력고사 끝나고 이영화를 보고 35년이 지난지금 내가 이곳 포르투갈에 살고 있을줄 어찌 알았겠습니까 ㅎ ||| 엄청 유명한 작품인데 정작 본 적이 없었네요 리뷰만 봐도 감동입니다 감사합니다",영화/애니메이션
4uS5EWxHMzc,[영화리뷰 결말포함]인류에게 자연이 주는 절대적인 경고[영화추천],찬스무비 Chan's Movie,"영화 제목은 ""해프닝"" 입니다. 구독과 좋아요, 그리고 댓글은 영상을 만드는데 큰 도움이 됩니다!! 부족한 영상이지만 시청해 주셔서 감사합니다^^  오늘 하루도 수고하셨고, 행복한 하루 되세요^^  음질은 좀 나아졌나요..?? 잡음은 좀 사라졌나요..??ㅠ 영상에 의견이 있으신분은 댓글에 달아주세요!! ||| 초중반까지는 ㄹㅇ 설정만으로도 재밌는데  뒤로 갈수록 B급부터 C급으로 추락하는 영화.. ||| 이런 호기심 유발하고 몰입도 쩌는 작품은 단편으로 끝나면 해프닝처럼 되고 길어지면 메이즈러너처럼 되버리는거같음.. 뭔가 정체모를 적이나 상황의 이유가 밝혀져버리면 그냥 거기서 흥미가 싹 가시는건 어쩔 수 없는듯 그점에선 버드박스는 아예 적의 정체를 안보여줘서 좋았던거같고 쩃든 영상 감사합니다 ||| 처음봤을때 겁나 신선하게 느꼈었고  재밌었음 ||| 7:48 개사이다",영화/애니메이션
1zIL8CyWJJo,(영화리뷰 결말포함) 살아있는 사람을 제물로 바치는 죽음의 신전에서 살아 돌아온 남자,비타무비,"이 영화는 티비에서 계속해도 다시 봄 정말 잘만들었음 글고 남주 와이프 너무 이뽀^^ ||| 패션오브크라이스트, 아포칼립스, 이 영화들을 보고 느낀 최고 매력점은 영어로 대화하는게 아닌 실제 주민들의 언어로 말한다는 사실감과 그 다양한 언어마다 갖고 있는 매력을 느낄 수 있다는 점 입니다. 특히 패션오브크라이스트 이후로 나오는 예수 관련 영화는 완성도도 그렇고 언어가 영어로 나오니 확실히 사실감과 매력이 떨어집니다. 다양한 언어, 다양한 사회, 그 다양함으로부터 나오는 생명력. 그것이 참 좋습니다. ||| 멜깁슨 감독의 아포칼립토! 봐도봐도 놀랍고 끝까지 몰입도가 장난 아님!!정말 원주민같은 생각이 들 정도로 잘만들었고 실제로 저런부족들이 있었을까?하는 의문을 들게해줌!! 풀 영상 꼭 다들 보시길!👍🏻 잔인한 장면많으니 못보시는 분들은 피하세용~😢 ||| 먼과거에 실제로 저랬다는게 소름돋내...결국 스페인함대에 발각되어 문명자체가 사라진게 천만다행 ||| 이 영화 진짜 재밌게 본 영화인데  맬깁슨 감독인가?  근데 이거 2편이 안나오네요",영화/애니메이션
MtBiQV9Jksk,전설의 괴수영화! 네바다 불가사리!,구불,"네바다불가사리1리뷰 https://youtu.be/MtBiQV9Jksk 네바다불가사리2리뷰 https://youtu.be/SBLSTbnJVV4 네바다불가사리3리뷰 https://youtu.be/Bn_QhumR1ec ||| 구불형 진심이 담긴 한마디 ""아주 그냥 불가사리한테 죽었어야했어 이것들""ㅋㅋㅋㅋㅋㅋㅋㅋㅋㅋ ||| 어설픈 CG쓰는거보다 차라리 이런식으로 제작한 영화가 더 보는맛이 찰짐 ||| 한 때 영화채널 틀면 자주 틀어줬던 영화. ||| 초딩시절 봤던건데ㅋ B급 처럼 보이기도 하지만 제대로 보면 의외로 흥미진진하고 스릴넘침(에일리언 네바다 사막버전) 헐리우드 박스오피스에서도 꽤 흥행한걸로 알고있습니다",영화/애니메이션
DXKeNTTupXM,여곡성 - 한국 공포영화 레전드 이혁수 감독 작품 '여곡성',소공화국,이건 레전드지 왜 지금 한국공포영화는 이런 공포가 없나? ||| 사운드가 사롸잇네 ㅋㅋㅋㅋㅋ  지금도 섬뜩한데 저시절 요즘 질질 쌋것다 ㅋㅋㅋ ||| 여곡성과 월하의 공동묘지가 개인적으로 한국 고전영화의 레전드라 봅니다😊 ||| 아~ 감칠맛나~ ||| 우리나라 공포영화의 대표작인데 이렇게 의미있는 작품은 리마스터링으로 화질을 업그레이드한 버전이 꼭 나와줬으면 좋겠어요.,영화/애니메이션
4Whlbm1oGck,산골에서 빨래 잘 하는 여자가 위험한 이유 [결말포함 영화리뷰],Movie Drug,4:38 안하셨네요 ||| 리뷰 편집 진짜 잘하셨네요ㄷㄷ 잘봤습니다 ||| 고라니 로드킬 영상보다가 ㅎㅎㅎ 다시봐도 명배우들 열연이 돋보인 수작이군요~~~ ||| 저 혼령들은 마지막까지 여러번 기회를 주는 착한 사람이었던거네요 결국 오광의 욕심이 스스로를 파멸로 집어넣은 결과입니다 ||| 굿 👍,영화/애니메이션
Q2jhlJWsK9k,"영화 ""마틸다"" 통쾌한 결말 스토리.. 넘 재밌어서 눈물나ㅋㅋㅋㅋ",캡틴라미[captain ramy],"본 영상은 이전 영상의 사운드 문제로 불편을 겪는 분들을 위해 수정되었습니다. 또한 사운드 복원과 동시에 추가로 결말이 포함되었습니다. 기존 영상으로 불편함이 없던 분들은 시청을 안해도 됩니다.  리뷰는 참고만 하고, 영화 전체를 꼭 시청하기를 권장합니다. ||| 이거 결말은 결국 선생님이 입양하고 싶어해서 마틸다 엄마가 "" 넌 내딸이지만 정말 왜이러는지 모르겠구나.."" 라고 하고 입양서 작성해줘서 쌤이랑 행복하게 삼 ||| 후일담을 얘기하자면, 마틸다의 아빠역이자 이 영화의 감독 대니드비토는 마틸다 역의 마라 윌슨에게 많은 배려를 해줬다고 합니다! 촬영당시 마라의 어머니가 암투병으로 시한부선고를 받은 상태였기에 딸을 케어하기 어려워서 병원에서 입원치료 받는동안 감독부부가 마라를 잠시 맡아 돌보기도 했고.... 영화 개봉전에 임종을 맞을 어머니를 위해 미리 완성판을 볼 수 있도록 하셨다고 하네요.  마라윌슨은 헐리우드에서 흥행작을 여럿 찍으며 떠오르는 아역배우였으나 어린나이에 공황장애 및 정신질환을 앓게 되면서 12세인가 13세정도에 은퇴했다고 합니다. 다행히 극복하고 뉴욕대 졸업 후 작가로 활동중입니다. ||| 이영화 색감이 너무 예뻐서 본것도 있다 ㄹㅇ ㅠㅠㅠㅠㅠ 색감이 무슨 하이틴 영화 보다 더 예뻐,, 알록달록 너무 예쁨 ||| 저 트런치볼교장이 영화에선 저렇게 못됐어도 연기할때 마틸다랑 다른 아이들한테 엄첨 잘해줬대네요",영화/애니메이션
M95xm9M33Y8,[영화리뷰 결말포함]극한상황에서 인간은 어디까지 추해질수 있을까??[영화추천],찬스무비 Chan's Movie,"영화 제목은 ""더바"" 입니다. 구독과 좋아요, 그리고 댓글은 영상을 만드는데 큰 도움이 됩니다!! 부족한 영상이지만 시청해 주셔서 감사합니다^^  오늘 하루도 수고하셨고, 행복한 하루 되세요^^ ||| 백신 포기한 나이든 아주머니가 너무 인상깊음...누구나 약점이 있다는 말에서 너무 슬펐음...ㅠ ||| 아니 이스라엘을 왜 때려가지고 괜히 사단이 나게 만들어... 찾은 놈이 주사 하나 맞을 수도 있지 답답하네 구멍도 넓혀주던 착한 앤데 ||| 오 이거 옛날에 채널돌리다가 어쩌다 끝까지 봣는데 여기서 또보네 ||| 현실을 직시하는 영화인듯 인간은 보이는것만 믿고 보이지 않는건 믿지 않으니까",영화/애니메이션
p95z_jySDfk,주인공이 전혀 걱정되지 않는 영화,자취방남자movie comment,"영화 <범죄도시>구매링크 (청소년관람불가) * 본 영상은 유튜브 커뮤니티 가이드 라인에 따라 재수정, 재 업로드 되었습니다.   1. 유튜브 : https://www.youtube.com/watch?v=87LjUAfcjmk 2. 티빙 : https://www.tving.com/movie/player/M000151384  마동석만이 할 수 있는 파워풀 강력반형사 연기와, 윤계상의 재발견이 이뤄진 짜릿한 영화 <범죄도시>입니다! 재밌게 보시길 바랍니다!   ▶ 자취방남자 후원하기 : http://twip.kr/imalone1234 ||| 남들은 진부하다해도 마동석이 사람 팰 때마다 묵직한 타격감이 느껴져 좋다. 저렇게 맛깔나게 사람 잡는 연기 하는 배우는 얼마 없거든. ||| 보통은 주인공을 걱정하는데 이영화는 악역들을 걱정되게 만듬 ㅋㅋ ||| 12:28 찾아짜나~~ 이 말투 너무 찰져ㅋㅋㅋㅋ ||| 7:45 ㅋㄱㄱㄱㅋ아 매번봐도 웃겨ㅜㅠㅜㅠ반응까지도 내아임니다",영화/애니메이션
hzxtVfNmCD0,[공포영화] 소리를 듣지 못하는 여자가 연쇄살인마를 대처하는 법,미쓰김씨네,자연인 전원주택은 아무나 사는게 아니라는걸 까우치는 영화 ||| 리뷰 하시는것도 너무 깔끔하시구 결말까지 시원하게 알려주시니... 망극합니다 ㅜㅜㅜㅡ ||| 귀신보다 살인마가 무섭다는걸 알려주시네요. ||| 남친이 어이없게 죽은 게 아쉽네요. 그나저나 주인공은 저렇게 외딴 곳에 사는데 왜 총 한자루 없는거죠ㅠㅠ스릴러물 주인공들은 남들 다 가진 총 지들만 없더라... 지나가던 멍멍이도 총 가지고 있을걸ㅠㅠ? ||| 역시 귀가 들리지않았으니 다른게 예민하지..,영화/애니메이션
Itl3jdTTkW0,[공포영화] 죽은 자와 말할 수 있는 능력을 잘못 사용한 남자의 최후,미쓰김씨네,영자막이 아예 덮어져 있는 터라 자막 보시는데 산만하실 수도 있을 것 같네요 ㅠ 그리고 혹시 몰라 놀라실 수도 있는 부분들 적어봅니다..   5:22 6:51 8:33 10:01   무섭다기보다는 큰 소리 때문에 놀라실 수도 있을 것 같습니다 ||| 부인이 악마네. 불륜 저질러놓고 뭐가 그리 당당해서 애들도 데려가겠대? 순 악질이네. ||| 진짜ㅠ살아서나죽어서나 나쁜짓만 골라서하는 여편네가 제일짜증나네요. ||| 힘들게 일하는남편 무시하고 남편일하는시간에 딴남자랑 바람핀건 뭔데 뭔 저주를 하냐고 말이안되요 ||| 아내 인성수준이 거의 사탄도 한수 접고 들어가겠네ㅋㅋㅋ,영화/애니메이션
JGRT1Ke1AnM,만화 영화 애니 리뷰 대형팬더 218 🐼빌런제조기 아이언맨,대형팬더,토니땜에 당한 사람들 왤케 많앜ㅋㅋㅋㅋㅋㅋㅋㅋ ||| 16:06 개소리도 정성껏 하면 컨텐츠가 된다! ㅋㅋㅋㅋㅋㅋㅋㅋ 대공감입니다 ㅋㅋㅋㅋㅋ ||| 크레이븐 더 헌터랑 네이머에서 빵터짐 ㅋㅋㅋㅋㅋㅋㅋㅋㅋㅋㅋㅋㅋㅋㅋㅋㅋㅋㅋㅋㅋㅋㅋㅋㅋㅋㅋㅋ ||| 간만에 즐거운 컨텐츠 넘 좋아요ㅎㅎㅎ ||| 10:28 독백연기 👏🏼👏🏼👏🏼 ㅋㅋㅋㅋ,영화/애니메이션
Dxrzadge9ak,말이 인간을 등에 태우길 거부하면 벌어지는 일,미들뻔,"영화 '스피릿(Spirit: Stallion Of The Cimarron , 2002)' 입니다.  지금 우리가 누리고 있는 자유가 얼마나 소중한 것인지, 또 다른 이들의 자유가 왜 존중받아야 하는지 알려주는 명작이었습니다. [미들뻔 인스타 팔로우하기] ->  https://www.instagram.com/middlefun_/ ||| 저는 자유보다는 '존중' 이 가장 매력적인 관람 포인트었어요. 상대방을 내 의지대로 하고싶어하는 그런 욕심과 무례함은 사실 누구나 갖고있지만 그걸 절제하고 현명하게 대처하는건 낮은수준의 인격과 인성으론 쉽지않은일이죠. 하물며 짐승을 상대로도 ' 아 너는 자유를 좋아하는구나. 구속을 싫어하는구나. 존중할게' 하는 모습의 인디언 주인공에 큰 매력을 느꼈네요 ||| 이거 진짜 대박영화 썸내일 보고 바로 쳐들어왔다 유딩때보고 잊지않고 고딩때 다시봤는데 진짜 재밌음 ||| 와 진짜 완전 어릴때 엄마가 운영하시는 비디오 가게인가 거기서 본 기억이 있는데 이 말의 생김새와 내가 기억하는 장면 그리고 어렴풋이 기억나는 노래를 들으니 눈물이 주르륵 나네요.. ||| ㅇㅏ...ㅠㅠㅠㅠㅠㅠㅠ 이거 리뷰해주는 사람이 있을줄이야.. 말들이 대사를 안해도 자연스럽게 알 수 있었던 신기한 영화였습니다ㅋㅋㅋ",영화/애니메이션
jFRf-jrtPSw,"【심랑괴】벼랑위의 포뇨 괴담-죽음을 몰고 온 소녀 포뇨[애니][영화]Ponyo Myth: Ponyo, The Girl Who Brought Death [Animated Movie]",캬랑Kyaryang,"괴담의 특징: 믿거나 말거나인데 설득력은 100%임 ||| 생각해보니까 애초에 저런 재난에 한 명이라도 안죽은 것처럼 나오는 게 이상하고., 한 명이라도 죽었다면 저렇게 축제 같은 분위기는 안나왔을 거임... 전부다 죽었다는 게 말이 되는 듯.. ||| 어릴때는 바다에서사는 물고기 여자애가 마법을부려서 사람이되고 자신을 집에 가두려는 나쁜아빠를 무찌르고 자신을 돌봐준 소년과 가라앉은 소년의 가족과 할머니를 찾으러 가는줄 알았는데... ||| 난 그 장면이 제일 섬뜩했음 할머니들 휠체어 물가에 놓여있는 부분....그러고 뛰어다니는 장면 나오는데 난 진짜 죽어서 저승간건줄 알았음;;영화에선 대충 포뇨 아빠가 그 공간 만들어서 도와준 것처럼 보여줬는데...결국 해바라기요양원도 물에 잠긴거겠지 ||| 솔직히 괴담이 진실인 것 같다; 쓰나미 자체를 너무 평화롭게 표현한 것도 그렇고, 스토리 자체에서 사람들의 상황상황이 너무 이질적이야;",영화/애니메이션
caTaYiNm5DU,망작만 쏟아지는 일본 실사 영화계의 새로운 길,초인,【 간츠 : 오  】 보러가기 ▶ https://vo.la/jdxxT 레이카 누님 미모 미쳤다.. ||| 아니 눈동작이며 눈썹 동작이며 세세한 얼굴 표정까지 다 잘 만들었는데 제작비 상태가?... 제작팀 영혼이 갈리고도 그 즙까지 다 빠졌겠다.... ||| 제작비가 얼마인지는 중요하지 않다. 단지 그 제작비가 온전히 '제작'에 쓰이는지가 중요하다. ||| 저게 낮은 제작비로 나오는 퀄리티라고? 3D팀 개불쌍하다.... ||| 딱 이정도 그래픽으로 신의탑 나오면 진짜 개재밌겠다,영화/애니메이션
BX0YEHP3-Vk,[뮬란] 애니 20분 안에 보기 (한국어 더빙판) / 애니요약 / 20분안짝애니 / 실사화 / 애니리뷰 / 화목란 / 유역비,Debbie's Cutting Point [데비의 편집점],"뮬란이 디즈니 공주 중에서 거의 유일하게 이성과의 사랑말고도 부모와의 사랑이 잘 표현된 작품 같음. (미녀와 야수의 벨도 아버지를 구하기 위해 성으로 가고 희생도 하지만 결말에는 남자과의 러브스토리로 끝나지만, 뮬란은 마지막에는 아버지를 찾아가고 남자가 뮬란을 따라와서 이루어짐) ||| 2:03 한국어패치ㅋㅋㅋㅋ '우리 뮬란이가' 라니 무슨 한국 이름 같잖아요ㅋㅋㅋㄱㄱ 옆집 아저씨가 '어이 뮬란이!' 이럴 거 같음 ||| 뮬란이 머리 자를때가 진짜 멋져요 그리고 소매로  화장 지울때  ㅠㅠ그리고 밤새 고생해서 나무 위로 올라갈때 옛날에  그 장면 보고 반했는데 지금 봐도 설레요 ㅠㅠ  제가 어릴때 많이 정주행 헀던 작품 중 하나에요  영상 만들어주셔서 감사합니다 ||| 뮬란이 좋은 이유 1. 동양풍의 화풍 2. 멋진 뮤지컬 3. 전통적인 가치관에 얽매이지 않는는 주인공 4. 무슈, 행운의 귀또리, 말... 비인간 캐릭터 5. 야오, 링, 치엔푸의 개성 6. 리샹의 허당스러움 ||| 몽골과 터키에서도 혹평을 받았다 합니다. 자기네 선조인 흉노인들을 무슨 괴수로 묘사했기에...",영화/애니메이션
n7RmbMbJ7U8,[헤라클레스] 애니 20분만에 보기 (한국어 더빙판) / 애니요약 / 20분안짝애니 / 그리스 로마 신화 / 애니리뷰 / 제우스 / 헤라,Debbie's Cutting Point [데비의 편집점],"다 좋은디 너무 각색을 많이 해서 그리스로마신화 조기교육 단단히 받은 한국인에게 공감을 사지못한 영화 ||| 불쌍한 하데스, 진정한 영웅은 하데스인데...진짜 삼형제 중 바람도 안 피고, 아무도 하기 싫어하는 일이라도 성실히 하고... ||| 특유의 뾰족한 작화때문에 작품 자체도 그렇고 메가라가 되게 특색있던 캐릭터 같았음 ||| 저는 어릴 때 원작신화보다 디즈니판을 먼저 봐서, 제우스가 난봉꾼인 줄도 몰랐고, 헤라클레스가 헤라 아들인 줄 알았어요;; 헤라한테는 원수같은 애인데..ㅠ ||| 솔직히 옛날 이런 디즈니 주제들 너무 그리움..",영화/애니메이션
e4LRPw7QA1I,[ 애니 스토리 ] 어릴 때는 이해할 수 없었던...  '신비한 바다의 나디아' 스토리 리뷰 / ふしぎの海のナディア/ the secret of blue water,수상한아재,"유튜브의 동영상 추천에서 Mr. 스트레인져님께서 제작하신 해당 영상을 발견하고, 이렇게 감상하게 되었습니다. '신비한 바다의 나디아'는 개인적으로 무척 아끼는 작품이어서, 작품과 관련한 동영상이 보이게 되면 반가운 마음으로 한 번씩 보고 있습니다.  방영 시기도 이미 한참이나 지난 2019년에도 이렇게  작품을 소개하는 동영상을 제작해 주셔서, 다른 분들이  해당 작품에 대해 새롭게 알게 되거나, 혹은 그 시절에 보았던 분들은 과거의 추억들을 다시 한 번 회상할 수 있기 때문에, 시간을 내셔서 자료들을 모으시고 영상 제작을 하신 그 노고에, 어떤 말씀을 드리더라도 그 감사한 마음을 모두 전해 드리지 못할 것 같습니다.   제작하신 동영상에는 사실과 다른 내용이 다소 있어서, 댓글로라도 틀린 부분을 알려드리고 싶습니다. '신비한 바다의 나디아'는 작품의 내용과는 전혀 상관없는 사실과  다른 내용들이 잘못 알려지고 있는 내용들이 너무 많습니다. 영상에서도 직접 언급하셨던, 오프닝 가수의 이름이 잘못 알려진 것도, 사실과 다르게 알려지고 있는 많은 내용들 중의 하나입니다.  그래서, 작품에 관해 잘못 알려지고 있는 내용들이 보이면 더 이상 잘못된 내용이 퍼지지 않도록 올바른 내용을 전하기 위한 글을 작성하고 있습니다.  말씀드리려는 내용은 사실을 알려드리려는 것일 뿐, 어그로같은 비매너적인 행위를 하려는 것이 아님을 미리 말씀드립니다. 부디, 저의 글에 너무 기분 나빠하지 않으시기를 바랍니다.   '신비한 바다의 나디아'의 감독은 '안노 히데아키'로 표기하고 있습니다. 감독의 이름은 일본어이기 때문에 일본어의 한글 표기 방식상, '히데아끼'라고도 써도 틀리지는 않겠습니다만, '히데야끼', '히데야키'는 아닙니다. 다른 사람이 되어 버립니다.   그랑디스 3인조의 이름은, Sanson, Hanson이라서 일본식으로는 산손, 한손, 한글로는 샌슨, 핸슨으로 표기하고 있습니다.   6분부터 표기하신 '가라앉은 사원'은 16화의 노아급 함선의 이름이 아닙니다. 가라앉은 사원은 전쟁 당시에 아틀란티스인들이 모여있다가 죽은 지역, 그래서 많은 수의 묘비가 있는 공동 무덤터를 만들었고, 가고일과 싸우다 죽은 노틸러스호의 승무원들을 묻어주는 그 지역(공동 무덤터)만을 지칭하는 이름입니다.   그린노아는, 작품을 소개하는 영상을 제작하셨던 다른 분께도 말씀드렸던 내용인데, 많은 사람들이 잘못 알고 있는 16화 함선의 이름은 '그린노아'가 아닙니다.  해당 함선은 '아틀란티스'로 부르며, TV작품에서는  '그린노아'라는 단어 자체가 한 번도 언급되지 않고, PC엔진의 '신비한 바다의 나디아' 게임에서 그 이름과 모습이 나옵니다.  TV작품의 '아틀란티스'와 PC엔진 게임의 '그린노아'는 서로 관계가 없는 다른  존재입니다.  '가라앉은 사원'은 아틀란티스의 한 지역의 이름이고, 아틀란티스를 '잃어버린 고향' 이라고도 표현하고 있으며, 아틀란티스는 그린 노아가 아닙니다. 그렇기 때문에 영상에서 자막으로 언급하신 그린노아 = 잃어버린 고향 = 가라앉은 사원은 틀린 내용입니다.   M78은 성단(cluster)이 아니고 성운(nebula)입니다.   '트리스 메기스토스'는 뒤에 's'가 있습니다.    후반부에서 말씀하신 '구 노틸러스호'는 작품에서는 '새로운 노틸러스호'라고 부르고 있습니다. '구 노틸러스호'라는 것은 없습니다.   마지막으로, 가이낙스 작품들간의 세계관 공유에 대해서도 말씀 드립니다. '왕립 우주군'의 배경은 M78 성운이 아닙니다. 그런 설정은 없습니다. '왕립 우주군'의 무대인, 주인공 시로츠구가 있는 그 별은 '지구'라고 부르고 있습니다. 그냥 평행 우주의 지구 정도로 생각하시면 됩니다.  참고로, M78 이라는 설정은 '울트라맨'의 패러디로 만든 설정입니다. 만약, '왕립 우주군'의 지구가 M78에 있는 것이라면 '왕립 우주군'도 '울트라맨'을 패러디 했다는 뜻이 됩니다. M78은 단순히 패러디에서 파생된 설정일뿐 세계관 공유를 위한 설정이 아닙니다.  그 밖에 작품들간의 세계관 공유를 짐작할 수 있는 설정같은 것은 '왕립우주군'에서 나오지 않습니다.  '신비한 바다의 나디아'의 아담과 '에반게리온'의 아담은  성경이라는 모티브 출처가 같을 뿐, 두 작품 내에서 아담들은 서로 성격이 다릅니다. '나디아'의 아담은 인류의 시초이지만 '에반게리온'의 아담은 인류의 시초가 아니라 오히려 정반대의 존재의 시초입니다. '나디아'와 '에반게리온' 두 작품은 세계관 공유를 하지 않고 있습니다.  쓰신 자막을 보면 '아틸란티스'로 표기를 많이 하셨습니다만, 이것은 단순한 오타를 내신 것으로 판단합니다.    사실과 다른 내용을 말씀드리려는 것만을 위해 글을 썼습니다.  다른 의도는 절대 없습니다. 옛날 애니매이션의 소개 영상을 제작해 주셔서 과거의 아련한 추억을 다시 한 번 떠올릴 수 있도록 해주셔서 감사드립니다. 앞으로도 제작하셔서 올려 주시는, 어릴적 시절의 추억이 스며있는 Mr. 스트레인져님의 애니 소개 영상을 즐겁게 기다리고 있겠습니다. ||| 나디아 오빠가 전원부가 끊겼는데도 움직였던 장면은 의지가 대단한 걸 넘어서 '정말 참혹하구나' 라고 생각했음 자기가 탈출하지 않고 동생을 탈출시킴으로 희생했는데 사이보그로 개조 되어서 평생을 조종당했다는 게 어릴 때는 정말 충격이었음. 그런데 마지막 순간 비록 몸은 기계지만 잠깐의 자유가 주어졌는데 그 찰나의 순간 마저 또 동생을 위한 희생 빼고는 할 게 없어. 그 희생으로 바로 악당을 물리치고 인류를 구원했으면 안타까운 마음이 덜 했을텐데 주인공인 동생을 살리는 도구로서의 희생이라 더 참혹하게 느껴졌음. 그렇게 희생했음에도 등장인물 중 누군가가 열렬하게 사랑을 해주는 것도 아니고 주인공 나디아와 뭐 제대로 된 감정교류가 있는 것도 아니고 악당의 도구로 살다가  주인공을 만드는 도구로 죽은 슬픈 캐릭. ||| 내가 본 애니중 최고의 마스터피스...ㅋㅋ 성경/해저2만리/아틀란티스문명을 조합한 세계관과 사실적인 메카닉은 정말 대단햇음..^^ ||| 30년이 지난 작품인데도 전혀 어색 하지 않다  진짜 명작이다 ||| 92년 당시 피구왕 통키가 엄청난 인기를 끌때 주위에서 나 혼자만 나디아를 봤었음.  진짜 재미있게 봤었는데 같이 공유할 친구가 없어서 참 슬펐음.  30여년이 지나 그 명작을 다시보게 되다니..",영화/애니메이션
nQ4QPzusGG4,픽사의 모든 영화를 연결하면 이런 이야기가 된다,빨강도깨비,그냥 이분 목소리가 너무 논리적임 공룡의 힘을 알아보기 위해 제가 어제 직접 티라노의 턱을 찢어보았는데요 이래도 그랬구나 하고 믿을것같음 ||| 픽사: 야 이거 좋다 ||| 헐 근데 메리다와마법의숲 에서 그 할머니 정체는 ㄹㅇ 그럴듯하다... 진짜 소름.. ||| 픽사가 세계관을 만든게 아니라 빨간도깨비 님이 세계관을 만든 듯 ||| 영상 초반: ㅋㅋㅋㅋㅋㅋ 그럴듯한 소리긴 하네 영상 후반: 정말 그럴듯한 소린데...?,영화/애니메이션
PUfQx6uMWeY,[아나스타샤] 애니 30분 안에 보기 (한국어 더빙판) / 애니요약 / 20분안짝애니 / 애니리뷰 / 20세기폭스 / 로마노바 / 라스푸틴 / 러시아황녀,Debbie's Cutting Point [데비의 편집점],3:03 혁명이후이므로 상트페테르부르크가 아닌 레닌그라드라고 합니다~ 알려주신 분들께 감사드리며 다음부터 정보에 대해 더욱 신경써서 만들도록 노력하겠습니다^^ ||| 디즈니 퇴사한 사람들이 참여해 디즈니화풍이 많이 보여 디즈니 영화로 착각하곤 해서 난 디즈니가 아니야!라는 짤이 나오곤 했는데 20세기폭스가 디즈니에게 인수되어 진짜 디즈니가 되었다..... ||| 저 once upon a december 나올때 상상 속 무도회씬은 레전드라고 봄...... 개인적으론 디즈니 이외의 서양 애니 중 최고로 환상적인 장면이라고 생각함ㅜ이젠 디즈니에 속하지만... ||| 아나스타샤ㅋㅋㅋㅋㅋㅋㅋㅋ 이거 실화가 결국 다 뻥이었다는게 웃김...그냥 관심받고 싶던 할모니... ||| 어릴때 아나스타샤 옷이랑 비슷한 원피스가 있었는데 그거 입고 맨날 아냐 따라하고 다닌게 생각나네요ㅋㅋㅋㅋㅋㅋㅋㅋㅋㅋㅋㅋㅋㅋ 아나스타샤가 살아있었다고 믿고 만든 애니였는데 저 영화 나오고 dna 검사 하는게 나와서 해보니 아나스타샤는 왕족이 살해당한 날 같이 죽었다고 밝혀졌죠... 그거 알고  슬펐어요...,영화/애니메이션
xjNc0lH3kPg,[애니추천] 눈코입 없는 소년의 이목구비 찾아 떠나는 여행,백곰선배,신체가 없는 사람도 나보다 잘생겼구나..... ||| 나도 사라진 내 이목구비 찾아 떠나야겠네 ||| 주인공 아빠는 죽어야되 (진심) ||| 진짜 부모님이 저러면 세상 살기 싫겠다.... ||| 햐키마루 예쁘다 하면서 보고있는데 매너모드에서 뿜어버렸습니다,영화/애니메이션
Hzr8xdQY42s,[ 애니 스토리 ] 잊고 있던 클램프 X의 결말? / 운명은 아직 정해지지 않았다!? / CLAMP X  Story Review / 클램프 엑스 (TV판),수상한아재,"이때 만화책 그림이 진짜 유려하고 이쁘져.. ||| 저당시 클랜프는 좋은 의미로 미쳐 있었음 그리고 X는 이후  업계에 프로덕후 들을 양산함 ||| 클램프 만화가 4인 자체가 이미 넘사벽 이었음.작화,스토리,짜임새까지 무엇하나 흠잡을곳이 없었음.난 '성전'때부터 이미 반해버려서 클램프의 모든 만화를 스토킹 했었지.어쩜 남주들이 하나같이 멋있는지@.@~~~ ||| 이거 진짜 90년대에 만화 본 사람이라면 다들 알 정도로 정말 유명한 작품이죠. 미결 때문에 사람들의 기억에는 많이 남지 않았지만 조금 설명 덧붙이자면 만화책이 미결된 이유는 그 당시 세기말 분위기를 만화가 너무 잘 담고 있었으며 만화의 영향력이 너무 컸던지라 당시에 발생한 지진이 만화 X에서 예견된 것이 아니냐는 제기와 함께 이후에 일어난 끔찍한 살인사건으로 그와 비슷하게 잔인했던 만화들 몇 작품이 연재중단을 하게 되는데 그 중 하나가 X였습니다~ Clamp가 츠바사크로니클 이전에 한 번 자신들의 작품을 통합시키려 했던 의도의 일환으로 X가 나오며 그렇기에 동경바빌론이나 클램프 학원이 등장하며 각개 작품을 통합시킨 만큼 캐릭터 설정이 매우 자세하고 캐릭터 간의 관계도가 복잡한 편입니다.(clamp 만화는 전체적으로 베베 꼬인 관계도를 좋아하긴 합니다..) 그 복잡한 관계를 16분의 영상으로 빠르게 진행이 되니 기본적인 내용을 아는 사람이 봐도 영상의 내용 전달력이 좀 아쉬운 부분이 있는 거 같아요 아마 처음 보는 분들은 관계가 뭐고 얘는 갑자기 어디서 튀어 나오는 거지? 라는 생각이 들 것 같네요. 아무튼 거의 찾아볼 수 없는 작품 리뷰인데 제 최애 만화 해주셔서 너무 감사해요:) ||| 세이시로x스바루 ...팠던 사람 따봉 외쳐......!",영화/애니메이션
pAtnyHNyAHQ,만화 영화 애니 리뷰 대형팬더 219 🐼레드슈즈,대형팬더,우리나라 한정으로 이 작품에 칭찬해주고 싶은게 또 있습니다.      *연예인 더빙이 아닌 전문 성우들을 썼다는거.* ||| 첨에 디즈니꺼인줄 ㅋㅋㅋ 정말 많이 컷습니다 한국애니 화이팅 ||| 전 우리나라 대중인들이 국산애니를 항상 평소에 인식하고 살아가는것 정도면 소원이 없을것 같습니다. ||| 우리나라 애니메이터들 꿀리지않습니다 다만 나라국가 라는 쿠사리가들어가는순간 킴치워리어 되는거에요 ||| 우리나라에서도 언젠가는 분기별로 4-5개씩 한국애니메이션을 볼 날이 꼭 올거라 믿습니다! 그렇게 됐으면 좋겠어요.ㅠ 자막없이 성우분들의 좋은 연기를 들을 수 있는 한국애니를 티비로 보고싶네요ㅠㅠ,영화/애니메이션
p2kppjUffDg,시한부 미소녀의 보이밋걸 스토리 | [애니리뷰] 너의 췌장을 먹고 싶어,융싱_덕큐멘터리,"9:40은 대단하네요 사쿠라 린 분 연기도 참 대단했구요  12:12은 사운드 에러네요 ||| 리뷰 좋습니다 느낌도 좋고 배경음도 좋고 편집 조아용 ㅎㅎ 월요일 맞이 퇴근 전에 채널 영상보러 왔습니다 ,주말은 잘 보내셨는지용 ~ 오늘 하루는 잘 보내셨나욤?! 비도오고 습하고 너무 덥죠 ㅠ_ㅠ;;.. 하..그냥 가만히 있어도 땀이 주루루루루르르르륵 ,하루 마무리 잘 하셨으면 좋겟숩니당 :) 카페에서 글 쓰신거 보고 영상 보러 놀러왔씁니다 영상에 정성과 노력이 듬뿍 듬뿍 들어간게 보이네요! 다들 휴가 시즌이지만 혹시나 아직 휴가전이시면 더워지니까 물 많이 보충해주세요 !  굿데이 마무리하시고, 굿저녁 맞이하시길! 화이팅! ||| 소설,영화는  봤는데 애니도 있었군요 ||| 불알 아프겟다",영화/애니메이션
3LtY_QQdptg,누구나 겪는 고민과 추억에 대한 지브리 영화,영화전문채널 Darksome,지브리 영화중 가장 좋아하는 영화에요... 진로와 꿈에 대해서 고민하고 나름대로 자신만의 고민들을 해결해나가려고 더디지만 앞으로 나아가는 시즈쿠랑 남자주인공의 모습이 멋있었어요! ||| 지브리 오타쿠라고 자처할정도로 좋아하고 모든 작품을 다 봤었는데 이렇게 작품간 관계가 있었다는걸 처음 알게 됐습니다..  고양이의 보은에 나온 남작과 고양이가 귀를 기울이면에서 이미 나왔다는건 알고 있었지만 그게 귀를 기울이면의 주인공의 소설이었다는걸 보고 소름 돋았어요.. 덕분에 재밌는 정보를 알게되었어요! 감사드립니다! ||| 어릴때 고양이의 보은을 먼저 보고 이건 최근에 봤는데 저 애가 쓴 소설이 이거였다니...  시즈쿠한테 축하한다고 전해줘라. 지브리 영화 스토리도 맡고 새끼... 출세했네! ||| 영화 안보는 제가 사랑에 빠져버린 작품입니다ㅠ 여름이 오면 귀를 기울이면과 함께 take me home country road 가 떠오르게 되더라구요. 청량하고 그리운 여름의 냄새와 그리워지는 두 사람의 첫사랑의 감정이 너무도 아름다운 작품이였습니다. 운명을 믿지 않았던 저도 꼭 세이지와 시즈쿠같은 운명을 만나고 싶어지는 담백하고 소소한 명작입니다ㅠ 꼭 보세요ㅠㅠ ||| 난 2:03 이부분넘죠아 가게 들어가면 에어컨틀어서 인공적인 시원함이아니라 그늘져서 싸늘?해서 시원한느낌일거같아서 그 기분?이 느껴져서 너무 좋아 겨울에 저 영화 봤옸는디 저장면 보고 여름이 느껴짐,영화/애니메이션
IMJhcIMCI30,산에 유기된 반려견들이 살아남는 법,티키도키,진짜 몇 안되는 한국애니의 희망작ㅠㅠㅠ 이곳엔 애니가 못 뜨는 환경이라 아쉽습니다... 부디 해외에서 승승장구하길... 작품으로 부디 엄청많이 버세요ㅠㅠㅠ ||| 슬프면서도 희망이 있어보여서 보고 싶네요. 티키도키님 목소리가 차분하고 신뢰감 있어서 다른 어떤 영화리뷰 영상보다 듣기 좋습니다. 감사합니다 ~ ||| 난 진짜 이런거잠시만봐도 눈물터져서 안보려고했는데 결국보고 역시나 마음아푸고 무겁고 짜증나고화나서 울었습니다...😭😭😭😭 ||| 2:48 달수 깜짝 출연 ㅋㅋㅋㅋ ||| 국산이라니..정말 웰메이드네요,영화/애니메이션
1CDuuzwPBGQ,[인어공주] 애니 20분 안에 보기 (한국어 더빙판) / 애니요약 / 20분안짝애니 / 실사화 예정 / 애니리뷰 / 르네상스 / 심해판타지,Debbie's Cutting Point [데비의 편집점],아빠가 자기굿즈 싹다 털어버려서 개슬퍼하는데 마녀가 니 최애랑 이어지게 도와준다고 하면 뻑가지.. ||| 딸을 사랑하는 아빠의 절절한 자식애가 느껴진다 걱정되는 마음에 인간을 멀리하라는 자기 말을 하나도 듣지 않는 딸인데도 집을 나가자 자신의 탓이라고 자책하고 끝에 딸 대신 자기가 희생하겠다고까지 딸을 사랑하는 아버지의 마음... 크... 지렸다 심지어 인간으로 만들어주어 아예 출가외인까지도 허락하는 사랑... 아 아버지 ㅠㅠ 불효자는 웁니다 ㅠㅠ ||| 와..우르슬라 한국 성우 목소리 다시 들어도 대박인듯.. 어렸을 때도 진짜 마녀 같아서 무서웠는데..  카리스마 섹시미 쩌는 중저음.. 진짜 캐릭터랑도 찰떡인 마녀 그 자체인듯 대박  어렸을 땜 인어공주만 보였는데 커서 보니 우르슬라 밖에 안보이네 우르슬라 다 살렸다..ㄷㄷ ||| 어릴때 봤을때는 왕자랑 사랑이야기인줄 알았는데 지금보니 트라이튼의 부성애이야기네..ㅠㅠㅠ 아버지가 딸래미 그렇게 보내고 후회하는 모습이라던지 마녀한테 에리얼 대신 계약서 싸인하고 볼품없는 소라게처럼 된게 너무 눈물난다..ㅠㅠㅠㅠ ||| 우르슬라 국내 성우의 박정자 성우님의 불상한 소울에 디즈니 본사가 극찬했죠,영화/애니메이션
9JQNcmDnwcg,만화 영화 애니 리뷰 대형팬더 196 🐼페이트 스테이 나이트 헤븐즈 필 제1장 프레시지 플라워,대형팬더,헤븐즈필은 하이라이트가 전부 후반부 클라이맥스에 몰려 있는데 개인적으로 그 후반부가 노멀 엔딩이든 해피 엔딩이든 페이트 스테이 나이트 자체의 최고 클라이맥스라고 생각함. 명장면들 자체로든 캐릭터들이든 여러면에서 여운이 너무 강렬함.... ||| 믿고보는 리뷰. . 영상자주 만들어 주세요 추억 만화등으로 ||| 페이트 스테이 나이트 3가지 루트 중 가장 어둡고 가장 잔인하고 가장 안타깝고 가장 슬픈 루트  게임을 하면서 제일 좋아하는 루트이자 가장 충격을 받은 루트였죠  아 사쿠라가 최고다     사쿠라! ||| 이 리부를 이제 알게되서 보는대 어느 시리즈 어느 애니든 간에 오늘도 랜서는 .... 또죽렌(또 죽는 랜서) ||| 페이트 루트가 다시 만들어져야 합니다 유포터블 만들어줘 ㅜㅜ,영화/애니메이션
LCl4r6ZkZ34,"몸이 바뀌어버린 소년과 소녀, 역사상 최고로 흥행한 일본 애니메이션: 너의 이름은",라이너의 컬쳐쇼크,한국에서 한국어로 더빙판을 만들때 전문 성우를 쓰지 않아서 욕을 엄청 얻어먹은 영화 한국어 더빙판을 볼 바에 일본어 자막판을 보는게 베스트 ||| 이거영화관에서봤는데 별떨어질때 그 큰화면에서 보는데...정말 너무너무예뻐서 넋놓고봤음... 우주에...별들 속에있는기분이었음. 영화관에서보길잘함 ||| 전 이 영화 자체가 전체적으로 깔끔하면서도 감정적인 부분들을 잘 살린거 같아요... 지금 생각해도 아련하네요 ||| 3:10 진짜 앉는 자세까지... ||| 원래 감독 성격상 못 만나고 열린결말로 끝내는 게 보통인데....농으로 흥행을 위해 둘이 알아보게 해줬다는 말이 있더군요 ㅋㅋ 자본주의에 굴복한 신카이 마코토라는 말이 장난스레 나돌기도 했었죠 ㅋㅋㅋ,영화/애니메이션
6BOnhgY0xLU,[알라딘] 애니 20분만에 보기 (한국어 더빙판) / 우리말 더빙 / 애니 요약 / 20분안짝애니 / 스토리요약 / 애니리뷰 / 실사화,Debbie's Cutting Point [데비의 편집점],"실사영화에서의 결말은 알라딘과 자스민이 결혼했기 때문에 원작 스토리로의 후속편은 나오기 힘드리라 생각했는데 나온다고 하더군요~ 2, 3편의 스토리를 얼마나 반영할지 모르겠지만 기대가 됩니다ㅎㅎ ||| 알라딘에게서 강수진 성우 초창기의 풋풋함이 느껴진다 ||| 아 사과로 동일인물인거 알아차리는거 진짜 좋다 ㅠㅠㅠㅠ 너무 예쁜 장면 ||| 지니 성우 최고다 진짜.. 너무 잘해서 소름돋음 로빈 윌리엄스가 한국말하는거같아 ㅋㅋㅋㅋㅋㅋㅋ와ㅠ ||| 자스민 호랑이 콘푸라이트 씨리얼에 나온 호랑이랑 너무 똑같이 생김ㄴㅋㅋㅋㅋㅋㅋㅌㅌ",영화/애니메이션
sL1yJZFBXdY,아이언맨 명장면 총정리,리뷰엉이: Owl's Review,"누구보다 희생을 강요했던 캡틴은 결국 마지막에 대의가 아닌 자신의 사랑을 선택하고, 누구보다 계산적이었던 토니는 최후의 순간 인류를 위해 희생하며 생을 마감하는게 참 아이러니합니다. 영웅은 그 자질을 타고나는게 아닌, 누구라도 영웅이 될 수 있다고 말하는 것 같아 감동이었어요 ㅠㅜ ||| 8:24 ㄹㅇ 지리긴 한다... ||| 어벤져스1 나라를 지킴 어벤져스2 지구를 지킴 어벤져스3,4 우주를 지킴 ||| 진짜 로다주가 아이언맨이 되지 않았다면 이정도로 레전드는 아니었을거다... ||| 지금 보는 이순간에도 로다주의 연기와 아이언맨 명장면 하나하나 보면서 가슴이 벅차오르는 걸 느낄 수 있다... 눈물아 나대지마...",영화/애니메이션
qnPf7wl_cKg,만화 영화 애니 리뷰 대형팬더 212 🐼라이온 킹,대형팬더,주인공은 분명 심바인데 훗날 하쿠나마타타로 티몬과 품바가 더 인상깊게 남은 전설적인 명작. ||| 우왕  귀여우신  대형 팬더님  오늘도 웃겨주시네요 정말 잘보고 있어요  노래도 화음도 쨩👍👍 ||| 라이언킹의 하이라이트는 아기 심바를 티몬과 품바가 처음 만났을 때의 하쿠나마타타죠...정말 이거는...아직도 더빙판가사를 기억하네요 ㅎㅎㅎㅎ 성우분들도 너무 찰떡이여서...40이 다되어가는 아직도 흥얼거려요ㅎㅎ ||| 인썸님 특유의 어설픔이 정말 제 스타일이네요^^ ||| 이 작품은 음악의 힘이 최고죠.... 디즈니 작품중 역대 흥행작이라 해도 취향상 다른 작품을 더 선호합니다 오늘 영화보고 왔는데 좋았네요 그리고 다시금  음악의  힘이 대단하다고 느꼈구요 그래서 뮤지컬도 잘  된것 같습니다^^,영화/애니메이션
q5VylR3HIuA,[명작애니]안봤으면 꼭봐야할 액션애니!!,드렁큰리뷰,,영화/애니메이션
5HOf5LpHsJg,죽지 않는 몸으로 인체 실험을 받는 소년,덕양소,아인 보러가기 https://vo.la/Gy1Hx ||| 2:19 생각치도 못한 주인공 목소리... 쌉좋네 ||| 아... 아인들 불쌍하네 차에 치여도 못죽잖아...  이세계는 물건너갔네 ||| 친구를 친구3 으로 저장하더니 붕대에 묶여서는 003번이 되어버렸네 ||| 한줄요약: 실눈캐는 일단 조심하자,영화/애니메이션
VP0rIC5Qmsc,[크리스마스 악몽/유령신부] 애니 30분 안에 보기 (할로윈 특집) / 애니요약 / 30분안짝애니 / 애니리뷰 / 팀 버튼 / 스톱 모션,Debbie's Cutting Point [데비의 편집점],"어릴때는 잘 몰랐지만 지금보니까 에밀리의 사랑은 진짜사랑이네 사랑하는사람의 행복을위해 놔준거니까. ||| 유령신부는 살아있는 인간들보다 더 인간적인 아랫세계의 시체들은 밝고 화려한 색감으로 현실세계의 사람들은 어두컴컴한 흑백의 시체같은 색감으로 표현한게 인상깊어요 ||| 겉은 해피엔딩이지만 속은 씁쓸한 영화 유령신부, 크리스마스 악몽은 자기 정채성 찾는 영화 ||| 유령신부는 분위기랑 캐릭터 디자인 때문에 영화 내내 무서워하면서 봤는데 막상 보고나니 무섭기보단 감동적이고 인상깊었던것 같음 ||| 유령신부는 에밀리보다 빅토리아쪽 집안 분위기가 훨씬 섬뜩했던...ㅠ",영화/애니메이션
ox-SUufR7xA,생전 모두가 무시했던 위대한 화가의 죽음에 숨겨진 비밀 [전설의 영화],헤더의터닝페이지,"이 영화를 보면서 고흐의 고독이 사무치게 다가와서 엉엉 울었던 기억이 나요 빈센트는 정말 사랑스러운, 사랑이 많은 그래서 아팠을 사람이죠ㅠㅠ 그의 외로운 그림들과 편지들을 접할 때 마다 만약 내가 그의 주변인이었다면 어땠을까 생각해요 ||| 아 ..진짜..제가 사랑하는 작품들만 꼽아서 리뷰해주시네요ㅠㅠ 사랑합니다 고흐의 삶은 정말 불쌍하고 불쌍하고 또...불쌍해서 저는 영화보는내내 가슴이 아팠습니다.  고흐는 작은것을 사랑할줄알며 주변사람을 품을줄 알고 소중히대해요 .자기점심을 뺏어먹는 까마귀를 보면서도 행복함을 느끼는 불쌍하고 외로운 빈센트 ,그는 너무 많은 것을 느꼈다 그리고 그것이 그가 불가능 한 것을 가능케 만들었다   Love you Vincent ||| 정말로 반전이 있기를 간절히 바래가면서 봤던 영화.. 결론적으로 반전은 없었고 정말 계속 외롭고 외롭고 외로웠던 사람 ||| 와 진짜 이 채널 영화 안목 너무 좋아요 ||| 자신도 잘하는 게 있다는 걸 증명하기 위해 한 평생을 외로움을 견디며 살다 간 그의 삶이 요즘을 살아가는 대부분의 젊은 사람들과 닮아있는 것 같아요. 빈센트는 더 많은 것을 느끼고 겪었겠죠 언제나 그를 기립니다",영화/애니메이션
CAGhk6qFCD8,남녀노소 흠뻑빠진 [원더랜드] 극찬팡팡 리뷰영상,롯데엔터테인먼트,,영화/애니메이션
0yLY0Ykv5wQ,만화 영화 애니 리뷰 대형팬더 205 🐼나의 히어로 아카데미아 더 무비,대형팬더,"나의 히어로 아카데미아 1기 대형팬더 60화 리뷰 https://youtu.be/h02mfIsjI-o 나의 히어로 아카데미아 2기 대형팬더 108화 리뷰 https://youtu.be/j4esb4hwePE 나의 히어로 아카데미아 3기 대형팬더 153화 리뷰 https://youtu.be/si7Haozm304 나의 히어로 아카데미아 4기 대형팬더 240화 리뷰 https://youtu.be/3a03H1yrsvA ||| 마지막 전투씬은 진짜 제작사에서 영혼 갈아 넣은 수준 ||| 0:28 크으... 역시 궤변의 종결자, 인썸님!! 어느 순간에도 말이라면 절대 지지않지! 멋져! 존경스러워!! ||| 3번 I아일랜드 sgyeong97@gmail.com  - 이벤트의 효과인가 댓글이 이번화는 많네요  - 히로아카는 언제나 짱이야... 올마이트 전성기 모습봐서 저도 재미있게봤습니다 메가박스 독점이라 보러가는데만 한시간 넘게 걸렸지만 저는 나름대로 만족스럽게 보고왔습니다. 팬들이라면 꼭 봐야한다고 생각해요 (올마이트 전성기 모습은 덤이고 내용이 읍읍)  - 6:02 [긴급상황] 인썸 탈주!! 이후 멜리사 매력적이란거에 동감합니다. 원작에서도 가끔 봤으면 좋겠다 싶을 정도로 캐릭터 좋은거같아요  - 13:03 와 무드등 영롱합니다 토에이와 정식으로 계약했다니 엄청나네요   - 이번편은 뭔가 얘기하고싶은 부분이 많네요 두근두근 히로아카 팬이라서 더욱 불타는것 같습니다 두근두근 히로아카 짱이야... 14:37 정ㅋ는 이미 히어로 대형팬ㄷ.... ||| 애니 전문 굿즈회사라니. 어쩐지 너무 예쁜 악마의 열매네여. 누군가에게 등을 보여주는 어른의 빛나던 시절을 엿보는건 아주 두근거리는 일인거 같아요. 아버지의 젊은날의 초상같은 느낌이랄까요. 그런 그의 모습을 따라가는 제 모습도 어쩌면 작은 히어로일수 있겠네요. 오늘도 좋은 영상 감사합니다.",영화/애니메이션
dN9pD44-SVQ,[포카혼타스] 애니 20분만에 보기 (한국어 더빙판) / 애니요약 / 20분안짝애니 / 애니리뷰 / 아메리카 원주민 / 실존인물 / 존 스미스,Debbie's Cutting Point [데비의 편집점],"기존 마이크가 고장나서 새로 산 마이크로 녹음하였습니다~ 목소리가 조금 달라진 것 같은데 부디 이번 마이크의 목소리가 더 듣기 좋으시길 빌어봅니다^^ ||| 이분은진짜 될분이다 어렸을때 국어시간에 간추리기 젤잘하실것같음... ||| 사실 '신대륙 발견'이란 유럽인의 시점에서의 말이지 실제 원주민들이게는 갑자기 자기들 땅뺐으려고 하는 악마들이지.... ||| 실화인 게 소름돋았음,,결국 포카혼타스는 영국에서 적응하지 못하고 죽었다는...... ||| 폰카혼타스는 진짜 노래가 대박임...진짜 명작인데 2편을 그렇게 못만들줄 몰랐지.. 여러분 1편만 보세요...",영화/애니메이션
0RCGFacnKcc,귀여워서 10번 보게 되는 페어런트 트랩 결말 이야기(ENG SUB),캡틴라미[captain ramy],"린제이 로한, 1인 2역으로 영국식 발음과 미국식 발음을 모두 사용했는데. 너무 자연스러워서 제작진도 놀랐다는 말이 있었네요. ||| 13:29 저 머리집게... 역시 유행은 돌고돈다 ||| 정말 애들 옷 코디를 잘해둔 영화 중 하나인 듯 해요 ||| 24:25 새미 엎드려있는거 왤케 귀엽지ㅋㅋㅋㅋㅋㅋ ||| 스토리가 거의 깡패 수준이라.. 재미가 없을 수가 없는...  매년 다시 봐도 재미진 .. 영화..",영화/애니메이션
reKDCKhVb3c,[ 애니 스토리 ] 슬레이어즈 NEXT 스토리 리뷰 / スレイヤーズ NEXT Story  / SLAYERS NEXT Story Review / 마법소녀 리나 / 말괄량이 전사,수상한아재,크 진짜 슬레이어즈시리즈중 넥스트는 내가 가장최애하는 시리즈임 ㅜㅜ 로드오브나이트메어 등장하면서 막 모든만물의 어머니 뭐라뭐라할땐 진짜 소오름 ㅜㅜ ||| 진짜 슬레이어즈의 최고의 명작. 원작의 어두운 배경과 애니메이션의 개그를 가장 잘 소화시켜서 원작 팬과 애니 팬 모두 만족시킨 작품. ||| 모든 시리즈중에 제가 최고로 뽑는 넥스트 이군요!..기승전결중에..절정으로 치닫으면서  해소되는 부분..이 최고인거같아요 헬마스터 피브리조의 싸움에서..서로 숨겨온 마음과 영혼을 불태우는 듯한  그 의지가 너무나 빛났던 작품인것 같습니다.ㅠ서로 최고의 츤데레야..ㅋㅋ좋아하면서~~세상이 멸망하던 말던..ㅎㄷㄷ 멋져요 너무 잘보고 갑니다 리나가 로오나로 각성해서 나올때(실은 그자체였지만..그때어릴땐 그런줄알았던..) 눙물이 났다는..그리고 그후에 다시 자신도 모든걸 걸고 되찾으러 가는 멋남 가우리..크윽.. ||| 와 진짜 추억이다ㅋㅋ 솔직히 예전에 어렸을 때 봤던거라서 잘 기억도 뭐가 뭔지도 모르고 봐서 그냥 재밌었다 정도였는데 커서 이렇게 리뷰나 스토리 정리하는거 보면 진짜 명작이었구나 하면서 정주행 해보고 싶어지네요ㅋㅋ ||| 마지막에 로오나 등장할때 핵소름.......피브리죠 찢어발기는것도 명장면..ㅋㅋㅋ,영화/애니메이션
5Mf561pqcWI,만화 영화 애니 리뷰 대형팬더 224 🐼로봇수사대 K캅스,대형팬더,"아재가 아재들과 아재감성을 논하는 아재채널인거슬 이것이야말로 최고의 술안주지 집가서 뜨끈한 국밥에 이거보면서 술먹어야지 ||| 이 작품 진짜 명작입니다. 다 커서 보니 굉장히 심오하고 철학적인 내용을 많이 담아놨더라구요. 최근에 나온 작품으로는 게임 <디트로이드비컴휴먼> 내용이랑 많이 닮았습니다. ||| 최고의 명대사는 이거 아닌가? 듀크파이어 : 아가씨, 그 눈물만으로 나는 행복합니다.... 데커드 만약 내가 잘못되면 그 땐 아가씨를 부탁한다. / 제이데커 : 만약 그 반대라면 종일이를 부탁한다. / 듀크파이어 : 목숨을 바쳐 지키겠다!!. 크으으으으~~~~~~~~~~~~~~~~~~~~~~~~~~~~~~ ||| m본부에서 초저녁 5시반인가?? 6시에 해주던 만화 시리즈 였는데, 변신로봇들과 어린 소년이 악당들에게서 지구를 구하는 전형적인 로봇물이였지만 여기서의 로봇들은 모두 경찰에서 극비리에 만든 로봇들이였고, 역시나 인간이 만든 ""초인공두뇌"" 를 이식한 인공지능 변신로봇들이였죠... 아주 우연히 개발 중이던 인공지능 경찰로봇 데커드와 주인공 소년이 만나 교감을 하게 되면서 이야기가 시작이 되는데, 이 k캅스는 제법 인공지능 로봇에 대한 진지한 이야기와 질문들을 던졌었죠... 극중 한 에피소드에서는 이 인공지능 경찰로봇들을 단순한 도구로 보는 부청장이 로봇수사대의 사격 명중률을 100%로 만들기 위해 서 로봇들의 한쪽 팔을 사격전용 부품으로 바꿀 계획을 진행 하는데, 이 계획을 진행하면 로봇수사대의 사격 명중률은 높아 지지만 기존처럼 변신, 합체를 못 하게 되는데, 데커드가 아주 미세한 소수점 단위의 사격 오차를 ""자신들이 가진 가능성""이 라는 식으로 언급 하면서 스스로의 의지로 부청장의 로봇수사대의 부품교체작업에 해서 반대를 하는 장면이 나오는데 이것만 봐도 그저 어린 아이들이 보는 로봇물로 치부 하기엔 무시 못 할 설정과 연출을 가지고 있다고 할 수 있죠... 그리고 에피소드 내내 로봇수사대는 하나같이 자신들의 초인공두뇌와 자신들의 자아(존재이유)에 대해서 강하게 자기 뜻을 밝히는 장면도 나 오구요... ||| ???: 가슴에 호랑인 왜 있는거죠? 청장님: 그래야... 멋있게 보이니까!!!",영화/애니메이션
f9FS6KvzAFU,추억을 떠올려보자! 추억의 애니메이션!! 86년~04년!!!,와일로TV,★이 영상으로 많은 분들께서 기분 좋은 추억 여행을 즐겨주셨으면 좋겠습니다! ★1969년부터 2021년까지 애니메이션을 다룬 역대급 새로운 영상을 제작했습니다 【 https://youtu.be/4Ol6I8QbxkQ 】 ||| 진짜 90년대에서 2000대 초반이 tv애니 전성기였지..그 시대에 살아서 너무 감사하다ㅠ 요즘 티비 틀면 만화는 볼만한게 없다ㅠ ||| 집이 가난해서 또 어릴적으로 돌아가라고해도 가긴싫지만 이런추억들을 생각하면 돌아가고싶기도 하고 참 아련하네 ||| 이시절의 우리 엄마 아빠를 다시 보고싶다 흰머리 하나 없으셨는데... ||| 짱구는 못말려 극장판 어른제국편만 보면 내가 나이를 먹긴했구나를 격하게 느낀다. 어릴때 봤을땐 어른들이 정말 이해가 안가고 그 버섯머리 정말 싫었는데 지금은 너무 공감간다. 지금도 나중에 가면 추억이겠지만 그때가 너무 그립다.,영화/애니메이션
9AxP9W9uncY,[뮬란 2] 애니 20분 안에 보기 (한국어 더빙판) / 애니요약 / 20분안짝애니 / 애니리뷰 / 후속편 / 홈비디오,Debbie's Cutting Point [데비의 편집점],"공주들이 그렇게 쉽게 호감을 가진 이유는 그만큼 이성관계를 가져본적이 없기때문이 아닐까여..? 왜 저기 저 옆나라 안나공주도 한스한테 반하고 그러잖음 ||| 뮬란 시리즈는 보면 볼수록 무슈가 일 다저지르고 피해자는 뮬란,샹 임 ㅋㅋㅋㅋ ||| 난 공주들 중에서 뮬란이 젤 좋은데.. 용감하고 자기 뜻이 있고 자신감 넘치고 보기 좋음 ㅇㅇ.. ||| 9:53 입냄새 난다니까 입가리고 말하는게 젤웃김ㅋㅋㅋㅋㅋㅋㅋㅋㅋㅋㅋㅋㅋㅋㅋㅋㅋ 귀여웤ㅋㅋㅋㅋㅋㅋ ||| 무슨 공주들이 이렇게 금사빠여. 목숨 구해준 공주야 그렇다 쳐도 떨어진 신발 떨어진 거 주워줬다고 폴인러브 ㅋㅋㅋ",영화/애니메이션
KzI741LYzz8,양자택일 애니메이션을 시청해보았다. (프리즘스톤 리뷰),덕양소,"양자택일 맛보러 가기 https://hoy.kr/wzPWx ||| 냥자택일ㅋㅋㅋㅋㅋㅋㅋㅋㅋ어떤분이 실사로 추신거봤는데 생각보다 더 힙하고 개멋진 춤이였음ㅋㅋㅋㅋㅋㅋㅋㅋㅋㅋㅋㅋㅋ ||| 와 양자택일 노래 가사 누가 지었는지 개궁금함ㅋㅋㅋㅋ 제비뽑기해서 나온단어 아무거나 붙여넣은건가 ㄹㅇ ||| 4:28 도하오빠에 저 장면은 정말 정신을 잃을 뻔 했습니다 ||| 4:32의 ""촤☆아""는 꾸역꾸역 참았는데 그 뒤에 들리는 ""굿☆나잇""은 항마력이 못 견뎌내서 폰 던졌다....",영화/애니메이션
DeWAJkHjX5E,[병맛더빙] 운전,장삐쭈,장삐쭈는 이 고전적인 알수없는 만화 더빙이 최고다 ||| ㅋㅋㅋㅋㅋㅋㅋㅋㅋㅋㅋ 이거지 이게 장삐쭈지 ㅋㅋㅋㅋ 이렇게 한번씩 초심으로 돌아오는 모습도 너무 좋음 ㅋㅋㅋㅋㅋㅋㅋㅋㅋㅋㅋㅋㅋㅋㅋ  옛날껀줄 알았는데 조회수가 너무 낮아서 눈치챘네 ㅋㅋㅋㅋㅋ ||| 이런 옛날 애니메이션에 더빙하는거 넘좋다ㅠㅠㅠㅜ ||| 더빙 : 거의 대부분이 부산에 있단다 영자막 : 거의 대부분이 뉴욕에 있단다 국가 맞춤형 자막추 ||| 와 드디너 옛날감성 이게 장삐쭈지 ㄴㅋㅇㅋㄹㅋㄱㅋㄱㅋㄱㅋㄱㅋ 아근데 부산 존나 웃기네 ㅋㅋㅋㅋㅋㅋㅋㅋㅋㅋㅋ,영화/애니메이션
STDcd9MHxuU,[공주와 개구리] 애니 20분만에 보기 (한국어 더빙판) / 애니요약 / 20분안짝애니 / 애니리뷰 / 개구리 왕자 / 샛별,Debbie's Cutting Point [데비의 편집점],"20분이 넘어버렸습니다...ㅎㅎ 즐거운 감상되시길 바랍니다^^ ||| 진짜 이 영화는 왜 실사화를 안하지.. 문득 생각나서 검색해봤는데 이 영화야말로 흑인여주가 정말 주인공이고, 더불어서 정말 디즈니가 지향하는 멋진 여주 그자체의모습이라 생각함.. 공주님도아니지만 진정한 사랑으로 왕자를 진정한 사람으로 거듭나게 하는 멋진 이야기같은데… ||| 이거 진짜 명작임....... 흥행은 별로 못했어도 아는 사람이 되게 많더라고요 ||| 이게 디즈니가 잃어버린 오래된 미래임. 이 영화 진짜 좋음. 실사 인어공주는 뭐 인종 문제로 핍진성을 잃어서 더 관객들이 갸우뚱하는 것도 있음. 근데 이 영화는 제대로된 창작 혹은 재해석을 했음. 주인공은 20세기 초 미국 뉴 올리언스의 여성임. 뉴 올리언스는 미국 남부의 역사 깊은 도시이고 실제로 많은 시민들이 흑인이거나 흑인 혼혈임. 실제 역사나 사회에선 인종갈등이나 이런게 있었겠지만 영화는 그런거로 관객을 가르치려들거나 억지설정을 만들지 않음. 정말 옛 미국 도시의 친절하고 아름답고 꿈으로 가득한 여성의 분투를 보여주고 뉴 올리언스가 떠오르는 재즈 음악, 부두교나 교외 향촌의 민간 의식을 재치있게 장치를 넣어뒀음. 어딘가에선 악당으로 등장할만한 부유한 저택에 사는 백인 조연도 등장하지만 이들은 주인공을 시기하거나 차별하지 않고 정말 화목한 이웃이자 친구로 지냄. 이거야말로 진정한 교훈 아닐까? 대놓고 억지스러운 설정으로 인종평등을 만드는게 아닌 그런 고전적인 인종적 캐릭터성에서 나온 선악구분 없는 서로에 대한 편견 없는 우정과 친절함을 보여주며 더욱 따뜻한 방식으로 정치적 올바름을 실현했음. ||| 전 이영화에서 샬롯이 악역이 아니었단것에 진심으로 놀랐고 감동했죠. 진심으로 친구를위할줄 알고 배려할줄알다니.. 부잣집아가씨지만 의리를 지키는 친구였네요 ㅎㅎ",영화/애니메이션
ac6c4WvCeUA,[라이온킹] 애니 20분 안에 보기 - 사자들의 권력다툼과 권선징악 / 20분안짝애니 / 실사판 / 우리말 더빙 / 애니요약 / 애니리뷰,Debbie's Cutting Point [데비의 편집점],"심바가 어릴때 스카한테 놀러가서 '내가 커서 왕이 된대요!', '내가 왕이 되면 삼촌은 뭐가 되죠?' 이 ㅈㄹ만 안했어도 스카 그냥 조용히 살았을지도 모름 ㅋㅋㅋㅋㅋㅋㅋㅋㅋㅋㅋㅋㅋㅋㅋㅋㅋㅋㅋㅋㅋㅋㅋㅋㅋㅋㅋㅋㅋㅋㅋㅋㅋㅋㅋㅋㅋㅋㅋㅋㅋㅋㅋㅋㅋㅋㅋㅋㅋㅋ나같아도 빡쳐서 쿠데타 일으킴 ||| 3:22 으앜ㅋㅋ 귀요미들 ||| 4:55 이때 심바는 그 말을 하지 말아야 했다ㅠㅠ ||| 솔직히 이건..스카 특히 영어판 성우 제레미 아이언스 성우가 정말 레전드..딱딱한 것 같으면서도 느끼한듯 섹시한 영국 발음에 약간의 허스키함과 핵저음으로 스카 특유의 섹시함과 비련함, 악랄함을 가장 잘 드러냄ㅠㅠㅠ존섹ㅠㅠㅠㅠㅠ ||| 벌레가 맛있어보이는 기묘한 영화..",영화/애니메이션
1GGBv3vEDW0,[일싸천리] 수많은 로리콘들을 양성시킨 애니,덕양소,"형 일싸천리 보기 싫어서 ""주문은 토끼입니까?""로 일싸천리 할당량을 채우는건 아니지? 형이 일싸천리보고 고통받았.. 이 아니라 건강 챙겨가며 해^^ ||| 이거보다가 동생이 ""이런 씹덕새끼가 내 형이라니.."" 하면서 방으로 들어간게 기억난다.. ||| 솔직히 말해봐요 일싸천리 채우려고 똥망작 또 보려니 눈앞이 깜깜해서 핑계 찾은 거죠? ||| 2:03 많이봐라 100번봐라 부모님하고 같이봐라 이것이 우리나라 애니다. ||| ㅋㅋㅋㅋㅋㅋㅋㅋㅋㅋㅋㅋㅋㅋ주문은 도끼입니까?",영화/애니메이션
ErFTQnYoCrw,[라이온킹 2] 애니 20분 안에 보기 (더빙판) /애니요약 / 20분안짝애니 / 애니리뷰 / 후속편 / 홈비디오,Debbie's Cutting Point [데비의 편집점],심바: 넌 누굴 닮아 그리 겁이 없니??    이걸 보는 시청자들: 너 ㅋㅋㅋㅋㅋㅋㅋㅋㅋㅋㅋㅋㅋㅋㅋㅋㅋㅋㅋㅋㅋㅋㅋㅋㅋㅋㅋㅋㅋㅋㅋㅋㅋㅋㅋㅋ ||| 디즈니 특: 니 같은 자식 낳아봐라 ||| 프라이드에 사자들이 늘어나니까 초식동물들 입장에선 ㅈㄹ맞을듯 ㅎㄷㄷ.... ||| 인어공주2도 그렇고 라이온킹 2도 그렇고 딱 니같은 야 낳아봐의 표본이닼ㅋㅋㅋㅋ 트라이톤이랑 무파사 개불쌍하넼ㅋㅋㅋㅋ ||| 뭔 사자가 이렇게 잘생겼냐 진짜....,영화/애니메이션
rvHWWBSjpdY,(기괴함 주의) 애나벨 인형이 실제로 저지른 충격적인 행동들 | 실화사건 | 미스테리 |,썰타래,어른들이 버려진물건함부로주워오지말라는말 잘들어야겠군.. ||| 무서워서 댓글보며 보는 사람? ||| 8살때 산에서 인형발견한거 집에가져간후에 몸살 ㅈㄴ심해져서 인형 버렸더니 괜찮아짐 진짜 실화 ㅋㅋ믿든말든상관은없지만 암튼 인형같은거 버려져있으면 절대절대절대절대절대 집으로 가져가지마세요 ||| 울집 강아지 혼내고 방에서자는데   새벽에  뭔가있는거 같아서 눈떠보니 강아지가 내얼굴을 유심히 쳐다보다가  내가 눈뜨니간 조용히나감  존나 식겁했음 ||| ㅅㅂ만지지말라는거 왜자꾸 쳐만지는겨,영화/애니메이션
ILQl1Q4jizc,[날씨의 아이] 오리지널 메인 예고편,미디어캐슬,"대사 개간지 아니냐 ""그곳은 마치 빛 웅덩이 같았고 그 빛 속에 들어가고 싶어서 달리고 달렸다 그리고 그 끝에 네가 있었다"" ||| 0:49 진짜ㅠ히나 성우분 목소리 너무 좋음 ||| 신카이 마코토 작품은 다 후유증이 너무심함 ||| 근데 진짜 날씨의 아이가 최고임… 특유의 먹먹함도, 작화도, ost도, 감성도… 너무 잘 표현함 재난 3부작 중 제일 언급 적지만 알고보면 날씨의 아이가 진짜 숨겨진 명작인듯 ||| 야발 시국이형 잠깐 빠져있자",영화/애니메이션
Y42i_Q_n9wQ,(한글자막) 요즘 영화 예고편 만드는 방식,매드x매드 MADxMAD,"원본 영상을 한글로 새로 번역해서 만들었습니다 수익창출 없습니다. 만약 광고가 달리면 제가 단게 아니라 오디오 저작권으로 인해 자동으로 달린 광고입니다  Original: https://youtu.be/KAOdjqyG37A I will not monitize video and give credit to Original creator ""Auralnauts"" ||| 자막만 보고도 이런 긴장감이 나오나 ㄹㅇ공식 맞네 라고 생각하다 생각해보니 연기 때문이었네 목소리 연기 ||| 미쳤다 올해 영화 다봤다 ||| 아 저거 다 끝나고 마지막에 잠깐 조금 웃긴 대화씬 나와야 하는데 ||| ㅋㅋㅋㅋㅋㅋ포인트 개잘잡으심..ㅋㅋㅋㅋㅋㅋㅋㅋㅋㅋㅋㅋㅋㅋ",영화/애니메이션
REJdT0ngSoc,영화 '갱' 미친 예고편,Contents Village,1분은씹어먹었다 ||| 갱 ||| 2는 언제 나오냐? ||| 액션 꼬라지가 고딩들 싸우는게 ufc선수들도 개쳐바르겠네 ||| ㅋㅋ,영화/애니메이션
aHKkzWKyU1w,영화 '양자물리학' 1차 예고편,Lee Min sung,자 선수들 입장 ! ||| 그놈의 판을 뒤집는다느니 조폭이랑 타락한 검사 ㅋㅋㅋ 언제부터인가 한국 영화의 클리셰가 되버렸네 ||| 걱정을해서걱정이없어지면걱정이없겠네 헤이요~~~ ||| ???:판을 한번 흔들어봅시다? ||| '한국영화답다',영화/애니메이션
jTKwFUQ6DZI,공포영화  REC (알이씨) 예고편  강력추천  페이크 다큐  공포에 최고 걸작중 하나,Na_yeon_jin,알이씨는어느나라공포영화인가요?,영화/애니메이션
zukm62MUEJA,"영화 '한국영화' (Korea movie, 2019) 메인 예고편",남읽,그놈의 유쾌한 반란 + 판뒤집혔다 어후 ㅋㅋㅋㅋㅋㅋㅋㅋㅋ ||| 아.. 올해 영화 다봤네 ||| 또경영또경영또경영ㅋㅋㅋㅋㅋㅋ ||| 윾쾌한 반란ㅋㅋㅋㅋㅋㅋㅋㅋㅋㅋㅋㅋㅋㅋㅋㅋㅋㅋ ||| 유쾌한반란+판뒤집혔다+선수입장+진행시켜,영화/애니메이션
kNE7VEcIMC4,[독립영화] 영화로운 나날 (Film Adventure / Korea Indie Film) 예고편,대한독립영화,,영화/애니메이션
u4ZSjecI9Ps,아쉽게 취소된 디즈니 애니메이션 영화 TOP 7 볼수 있었다면 좋았을텐데 ㅠㅠ,경선 Joshua Kim,헐...모트 진짜 너무너무 매력적인 작품같은데..ㅜㅜㅜㅜ 팀버튼 그림체에 진짜 취저..ㅜㅜ 어린이가 으른으로 자라서도 충분히 볼 수 있지 않을까요..디즈니 어른이들도 좋아하는데...ㅜㅜㅜㅜㅜㅜㅜㅜㅜ ||| 프린세스 아카데미는 정말 아쉽네요 ㅠㅠ 다음에 영화 만들게 된다면 꼭 이 영화가  나오면 좋겠네요ㅠㅠㅠ ||| 죽음을 다루기 힘들면 코코는 어케 만든거 ||| 그보다 한국 공주를 만들어주세요 디즈니사마 ㅜㅡㅜ 한복이랑 서양드레스랑 호환 잘된다구여 ||| 힝 프린세스 아카데미는 ㄹㅇ여자아이들 덕분에 인기 짱 깔고 갈 수 있었을 텐데ㅠ,영화/애니메이션
AhZFlnI3Udw,[일본영화][예고편] 사요나라까지 30분,중얼중얼,타쿠미ㅠㅠㅠ 자막 감사합니다! ||| 와... 진짜 일본 감성 못따라감 ㅜㅜ 꼭 봐야지,영화/애니메이션
gH6BVcn6Sbg,영화 [퍼펙트맨] 1차 예고편 전격 공개,쇼박스 SHOWBOX,조진웅씨 부산출신이라서 사투리가 진짜 맛깔납니다. ㅋㅋㅋㅋ ||| 저도 보고 첫번째생각이 '한국판언터쳐블'이라고 생각했네요 저랑 똑같은생각한사람들이 많네욤ㅎㅎ ||| 와아 꼭 봐야지 재밌어 보여 ||| 조진웅은 역시 저런 역할이 유쾌하니 재밌음 ||| 화요일날 시사회 갔다왔는데 되게 재밌었어요!,영화/애니메이션
ogutvtSclzo,"[독립영화] 검은 여름 (Black Summer, 2017) 예고편",대한독립영화,,영화/애니메이션
icyuc6ZjNFI,영화 '베카신!' 메인예고편,마노엔터테인먼트,,영화/애니메이션
WnlvEQNrgFg,영화 콘택트: 지구 최후의 날 예고편,더그레이트컴퍼니,,영화/애니메이션
sEnhdvmg7lU,"영화 '변신 (Metamorphosis, 2019)' 메인 예고편",Lee Min sung,진짜 무서운데 재미써요 !! 마지막에 눈물이 나오구여 !! ||| 이거 지금 추석 특집으로 티비에서 하는데 왠지 본 것 같더니 예고편을 본 거였네요ㅎㅎ... ||| 배성우 사랑해요ㅜㅜㅜ 잘생김 안시성 때부터 사랑했어용♡♡♡♡♡ ||| 오우 나는 봐야지~~ ||| 너무재밌있어요,영화/애니메이션
9mn4seqI8Vs,[영화] 매트릭스 예고편,NETFOLIX[뽈릭뜨],영상이 다 끝나고 나서야 내가 계속 박수를 치고 있었다는걸 깨달았다,영화/애니메이션
xmaTCja3V58,영화 〈왓칭〉 예고편,화랑,외국에 똑 같은 영화있는데ㅋㅋㅋㅋㅋ,영화/애니메이션
3BxqNVur6j4,[12월 4주차] 신작영화 예고편 구마적,KT 스카이라이프,구마적이다~,영화/애니메이션
dbCoJpk7_dA,영화 [돈] 메인 예고편,쇼박스 SHOWBOX,"오 재밌어보임 예고 확 끌리네 ||| 예고 재밌다 브금이랑 류준열의 색다른 연기가 돋보이는 듯 ||| 부자가 되고 싶었다 ||| 류ㅠㅠㅠㅠㅠ준열 ㅠㅠㅠㅠㅠㅜㅜㅜㅜㅜㅜ 귀여워 하 이거 영화 꼭 보러가야겠다,, ||| 소설 돈이 원작. 일단 감독님의 음악센스 넘 좋다.",영화/애니메이션
x-B95FvZvog,영화 작전 예고편,시네마구락부,,영화/애니메이션
ai6IbjbY1z8,[동주]영화 예고편 타이포 그래픽,산체TV,,영화/애니메이션
ai_6PjchXMo,영화 1919 유관순 예고편,성북문화재단,와너무슬픔역사네요😂 ||| 유관순 열사님 감사합니다 ||| 오늘 유관순 열사님 부모님이 돌아가시날이 100주년 이네요😢😢😭😭 ||| 유관순 열사의 희생을 잊지않고 기억하겠습니다🇰🇷🇰🇷😢😢🇰🇷🇰🇷 ||| 유관순 열사의 희생의 숭고함이 헛되지 않게 대한민국을 사랑하며 아끼겠습니다 .,영화/애니메이션
bQKA0TI3YjQ,"영화 메기 티저,메인 예고편",방구석게임,,영화/애니메이션
Qcj9MkTRgSQ,영화 〈미성년〉 메인 예고편,화랑,기대되네요~ 김윤석 감독님,영화/애니메이션
O31EBX6K-e0,[영화의전당] 와일드 로즈 뮤직예고편. 11월17일 대개봉!!,영화의전당,,영화/애니메이션
KbueZ7HAlaA,2020년 한국영화아카데미 애니메이션전공 신입생 모집!,한국영화아카데미KAFA,,영화/애니메이션
PZNYTO8SrXQ,[타짜 패러디] 영화 '곽철용' 티저 예고편,윤,"""I AM IRON DRAGON."" ||| 타짜2도 망해 타짜3도 안돼 이안에 곽철용이가 없다... 이게 내 결론이다. ||| 주인공 죽는거까지 다 보여주는 티저라니... 티저도 마초 그 자체.. ||| 사기도박을 일삼는 타짜들을 상대로 외로운 싸움을 이어나가는 고독한 남자 곽철용. 순정마초의 대서사시가 펼쳐진다. ||| 음악선정 죤니 잘했다 ㅋㅋㅋ 파라마운트 느와르 스타일 난다 ㅋㅋㅋㅋㅋㅋ 와 ㅋㅋㅋㅋㅋㅋ",영화/애니메이션
HWWF3e2DT9w,"영화 '우상 (Idol, 2019)' 메인 예고편",Lee Min sung,예고편만 봐서는 소재가 그렇게 참신하고 특별한 것 같지 않은데 어떻게 연출하고 연기해낼지가 궁금하네요. 이동진 씨 라이브톡 기대된다 >< ||| 1:02 아직 한 분기도 안지났는데..... ||| 예고편조차도 자막가리니 뭐라는지 잘 안들리네 ||| 분위기는 괜찮네요 ||| 기준아 왜 거기있어,영화/애니메이션
HooPCbIKgBI,신데렐라현대판 신데렐라스토리(왓챠플레이) 직접만든영화예고편,영화자석 moviemagnet,잘 보구 갑니당~~ 영상에 깔린 bgm은 뭔가요?? ||| 요즘 왜 안올라오시는 거죠.. ㅠㅠ ||| 언제 또 나오나요? ||| 왓챠에서 볼수있나요?ㅠㅠㅠㅠ,영화/애니메이션
CHymg9pnAkw,"비스트(THE BEAST) - 1차 예고편 (2019) Movie  아시아, 한국 영화예고편",편고예화영 Movie Trailers,먼 노래냥 개좋네 ||| 이건또 여타 범죄영화들중에 어떻게되려낭,영화/애니메이션
XXc2S5wOobA,영화 [원펀치] 원샷! 원킬! 액션 예고편!,Contents Village,광고보다 어이없고 너무 웃겨서 댓글남깁니닼ㅋㅋㅋㅋㅋㅋ ||| 학교폭력 예방 ucc퀄리티 미쳤네요 고등학생이 연기도 잘하고 편집도 잘하고 잘보고 갑니다 ||| 원펀맨 리뷰영상 보러 갔더니 이게 광고로 뜨냐 껄껄껄 오져꼬! ||| 이 영화 잘 봤습니다. ||| 스마트폰으로 찍었나요? 잘찍으셨네요^^,영화/애니메이션
u4ZSjecI9Ps,아쉽게 취소된 디즈니 애니메이션 영화 TOP 7 볼수 있었다면 좋았을텐데 ㅠㅠ,경선 Joshua Kim,헐...모트 진짜 너무너무 매력적인 작품같은데..ㅜㅜㅜㅜ 팀버튼 그림체에 진짜 취저..ㅜㅜ 어린이가 으른으로 자라서도 충분히 볼 수 있지 않을까요..디즈니 어른이들도 좋아하는데...ㅜㅜㅜㅜㅜㅜㅜㅜㅜ ||| 프린세스 아카데미는 정말 아쉽네요 ㅠㅠ 다음에 영화 만들게 된다면 꼭 이 영화가  나오면 좋겠네요ㅠㅠㅠ ||| 죽음을 다루기 힘들면 코코는 어케 만든거 ||| 그보다 한국 공주를 만들어주세요 디즈니사마 ㅜㅡㅜ 한복이랑 서양드레스랑 호환 잘된다구여 ||| 힝 프린세스 아카데미는 ㄹㅇ여자아이들 덕분에 인기 짱 깔고 갈 수 있었을 텐데ㅠ,영화/애니메이션
cwV15E6FwF8,현실? NO! 판타지? YES! 판타지 로맨스 영화 추천 6,테일러콘텐츠,,영화/애니메이션
lUElzrP9AMc,감독이 정신줄 놓고 만든 저세상 로맨스 영화,뭅이,6:40 에 오타 있네요. (망금 > 방금) ㅎㅎ😋 ||| 하 드디어 이 명작이.... ㅎㅎㅎ 한 5번 본듯하네요.. 나오는 노래들도 나름 중독성 있고 병맛꿀잼영화 ||| 이영화진짜 요상하네요.. 처음에는 재미없어보엿는데 끝까지 다보고 2탄을 찾고있음... ||| 정말 저세상 전개네요 ㅋㅋㅋㅋ 맥주마시면서 봐야겠어요 ||| 킬링타임용으로 딱이네요오! 너로 결정~~!!! 감사해영:),영화/애니메이션
ArXg0r_4BF8,주말에 연인과 함께 보기 좋은 로맨스 영화 :),아크라익,유키 너무 커여워...ㅋㅋㅋ ||| 오홍 함 봐야겠다 ||| 아뉰ㅎㅋㅎㅎㅋㅎㅋㅎㅋ 썸넬만 보면 이상한 영화처럼 보이잖앜ㅎㅋㅎㅋㅎㅋㅎ ||| 1週間フレンズやぁ!! ||| 형 영상 더 안올려?,영화/애니메이션
TJ_R7J76_bc,영화마다 달라지는 디즈니의 특별한 인트로 Part.2,네오무비 [NEOMOVIE],▶디즈니 오프닝 1편 보러가기 < https://youtu.be/z7xc6H5H6HY >   ▶드림웍스 오프닝 1편 보러가기 < https://youtu.be/78P0FzwIZcs > ▶드림웍스 오프닝 2편 보러가기 < https://youtu.be/SBi0nQkK6XY >  영상 시청해주셔서 정말 감사합니다 :>♡ ||| 디즈니는 인트로만 봐도 설렌㉰ .. ||| 성이 바뀌거나 분위기가 바뀌는 거 보면 센스가 진짜 넘친다고 생각함... ||| 영화 시작 전에 성나오면 나만 두근두근 거리는가 특히 원래 인트로 나올때 '환상의 세계에 오신걸 환영합니다'이런느낌이야ㅠ ||| 저 디즈니 성은 신데렐라의 성이라하더라구요 제일 예쁜 성으로...알구있다요,영화/애니메이션
z7xc6H5H6HY,영화마다 달라지는 디즈니의 특별한 인트로,네오무비 [NEOMOVIE],▶디즈니 오프닝 2편 보러가기 < https://youtu.be/TJ_R7J76_bc > ▶드림웍스 오프닝 1편 보러가기 < https://youtu.be/78P0FzwIZcs > ▶드림웍스 오프닝 2편 보러가기 < https://youtu.be/SBi0nQkK6XY >  영상 시청해주셔서 정말 감사합니다 :>♡ ||| 난 그런게 너무 좋던데 영화사 로고에서 자연스럽게 영화랑 이어지는거..! ||| 디즈니 영화 볼때마다 가슴 두근거리게 하는 최애장면 ||| 신데렐라 인트로 미쳤다 진짜 ||| 저 인트로만 보면 뭔가 동심의 뭔가가 생겨나는느낌.....마법의 나라로 가는느낌...,영화/애니메이션
KqSQxRlfwNc,예상하지 못했던 디즈니 영화속 충격적인 반전 TOP 7,경선 Joshua Kim,주토피아 나무늘보도 상당한 충격이었는ㄷㅔ... ||| 내가 뒷골 잡은 빌런은     토이스토리에 소각장에 소각되는 곰탱이다 ||| 진짜 코코 처음볼때 아 당연히 델라크루즈가 고조 할아버지겠지라고 생각하고 뭔 영화를 이렇게 예측하기 쉽게 만들었나 했는데 결말보고 진짜 소름돋으면서 충격먹었는데 ||| 3:23 ㅋㅋㅋ 뒤통수 후려치는거 실화 ㅋㅋㅋㅋ ||| 3:33 왠지 모르게 한스 닮으신거같다....,영화/애니메이션
2d0KkAqHfGg,영화리뷰] 공포와 로맨스가 공존하는 말도 안되는 좀비로맨스,남는시간N,"호스틸 (Hostile, 2017) ||| 감사해요💕 ||| 늦은밤 영화한편 참좋네요 남는시간N님덕분에   잘보고가요👍🤗 ||| 대박반전ㅜㅜ ||| ㅠㅜ...눈물 나네요",영화/애니메이션
p544u3XMP54,디즈니 ost 제작과정의 비밀,루나틱 무비,타고난 천재인갑다... ||| 라푼젤 I see the light~! 너무 좋아요^^ ||| 영상 정말 잘 만드시네요.영상 감사합니다.최고 조폭영화는 매우궁금하시죠...놀라실겁니다.한번와주세요.  좋은 정보 감사합니다.많이 이해했습니다. ||| 현재는 인투디언넌... ||| 여러분은 어떤 디즈니 ost를 좋아하시나요?,영화/애니메이션
9MjAjoJNK1g,반드시 유럽여행 뽐뿌 오는 영화속 유럽 #1 오스트리아 빈 | 로맨스 영화 | 결말포함 | 영화추천,문샷무비,이고 진짜 좋아하는영환데 ㅜㅠ,영화/애니메이션
Uy9ITPLzIOo,디즈니 플러스 (한글 자막 CC),Jerry,대사활용 좋다 ㅋㅋ ||| 이렇게 보니까 돈되는건 다먹었네ㄷㄷ ||| 기존에 있던 것만 나열해도 미쳤네 ㅋㅋ ||| 디즈니 스트리밍 서비스 광고였군요 ㄷㄷㄷㄷㄷ ||| 진짜 디즈니의 마블 인수는 인류 역사상 최고의 투자가 아니었을까 12년에 비트 코인 산것보다 더 대박인듯,영화/애니메이션
mwW3Y0TkWtk,로맨스는 왜 골목길에서 이루어질까,백수골방,"골목길이라는 존재가 사적이고 공적인 그 경계에 있다는 말이 너무 좋네요. 사람은 그런 경계에서 설렘과 즐거움, 기쁨을 느끼는게 아닌가 싶습니다. 넘어갈듯, 넘어오지 않을듯, 아직 모르는 옆사람의 마음을 알아갈듯 말듯  그런 간드러지는 순간순간 하나를 골목길에서 다른사람 신경안쓰고 집중할수 있는것 같아요. 저도 생각해보면  더 많은 이야기는 그런 길들을 걸으면서 했던것 같아요 ||| 0:51 오 진짜 맞는듯... 완전히 사적이지도,공적이지도 않는 애매모호함의 설렘과 긴장... ||| 오..예리하시다... 익숙함에 속아 생각치 못했던 것들.. ||| 백수골방님은 영상으로 짧은 에세이를 쓰시는  것 같아 ||| 골목길은 주변 건물,  길의 폭 등등이 자동차가 아닌 사람의 크기와 속도에 맞춰진 공간이기에 사람들은 골목길에서 안정감을 느끼고 자연스럽게 나의 공간이라는 생각을 가지게 됩니다. 조금 극단적으로 말하자면 좁은 골목길을 걷는다는 것은 집안에 단둘이 있는것과 심리적으로 가까워진다는 것이죠 ㅎㅎ",영화/애니메이션
nd5GMzxrGYs,[뮬란] '뮬란'하면 떠오르는 이 곡! Reflection | 디즈니OST,Disney Korea,"커서 꼭 디즈니에 들어가서 한국테마 영화 만들고 올겐데 아무나 응원좀 해주세요 ||| 저 소매는 뭔데 저걸 다 지워버린다니 언니 저도 필요해요;; ||| 뮬란 영화자체가 여성으로써 받았던 억압으로부터 자유로워지고 결국 나중엔 왕한테도 인정받는 그런 내용인데ㅠㅠㅠㅠㅠ 실사화하면서 젤 중요한 노래없애고 행운의 귀뚜라미없애고 용도 없애고 걍 ㄹㅇ 중국 무협판타지임 ㅠ 실사화 ㄹㅇ 기대안됨 ||| 난 이 다음 장면이 정말 좋았음... 아버지가 상심한 뮬란에게 다가와 다정하게 해주는 이야기...왜 뮬란이 다리가 아프신 아버지를 대신해 전쟁터에 나갔는지, 러브러브한 남녀의 연애감정보다도 당시 어린 나에게는 뮬란의 심정이 더 크게 이해가 됐었거든ㅜ.. ||| 이렇게 좋은 노래를 두고 왜 뮬란 실사영화는 노래를 없앴냐고.... 리플렉션 빠지면 걍 중국무협영화지..",영화/애니메이션
G1y_PFlsB28,[이스터에그] 우리가 좋아하는 디즈니·픽사 영화 속의 이스터에그와 숨은 비밀들 | 디즈니,Disney Korea,우리가 좋아하는 디즈니 또는 픽사의 숨은 비밀들 이런 영상은 팬들에게 정말 재밌는 선물로 찾아 오게 되는 것 같습니다! 왜냐하면 영화가 끝나고 잊어버리지 않고 우리 곁에 계속해서 남기 때문이죠! 대단한 디테일 입니다! ||| 와우 굿!!! ||| 세상에나..ㄷㄷㄷ ||| 이스터 에그 위키 하나 생기것네 ㄷㄷ ||| 그 픽사 공은 모든 픽사 영화에 다 나온다고 하네요,영화/애니메이션
x87BX7_Bku4,제임스 맥어보이 생애 가장 빛나고 복없던 시절 (딥빡주의) [ 로맨스 영화 추천 ] [ 어톤먼트 ] [ 왓챠 영화 추천 ],"무비퓨레, moviepuree","<어톤먼트>를 왓챠에서 보고 싶으시다면 https://watcha.com/af/0/1DVkc8 (왓챠 큐레이터 활동의 일환으로, 위 링크을 통해 작품을 구매 시 저에게 소정의 수수료가 지급되며, 앞으로의 활동에 큰 도움이 됩니다) ||| 남주 빡빡이일때만 보다 머리 긴거 보니까 개설레내;;;;;;사랑해요;;; ||| 브라이오니는 자신이 죽는다는 걸 알게 되자 그제서야 소설을 썼고, 그나마 방송에서 멘트로는 진실을 말했지만 소설 내용은 진실과 다르게 언니 세실리아와 로비가 다시 만나서 행복하게 살았다는 식으로 쓰고는 그 결말을 자신이 언니와 로비에게 주는 마지막 친절이라고 하는데, 한 번도 친절한 적이 없으면서 '마지막' 친절이라고 하는 건 또 무엇이며... 자신은 수명을 다 누리고 소설가로서도 성공한 삶을 살다가 죽을 때가 되어서야 속죄하는 게 진정한 속죄일까요? 서로 그렇게 사랑하면서도 만나지 못하고 결국 서로를 그리워만 하다가 서로 다른 곳에서 죽어간 세실리아와 로비... 브라이오니는 끔찍해도 너무나도 끔찍한 죄를 저질렀네요...... 영화를 보면서 이렇게 큰 분노를 느껴보기는 처음이었고, 나이 들어서 몇 번 더 보았더니 아직도 브라우니가 이해 내지는 용서는 안 되지만 젊었을 때보다는 많이 분노가 덜했던...  내게는 나름대로 나를 조금은 감정적으로 성장시켜준 영화였습니다. ||| 맥어보이 너무 예쁘다 ||| 제임스맥어보이ㅜㅜㅜㅜ진짜 개잘생겼다ㅏㅏㅜㅜㅜㅜㅜㅜ엉어우ㅜㅜ",영화/애니메이션
wv-M10n-TCg,설렘 100스푼! 한 번 보면 수백 번 돌려보게 되는 로맨스 영화 [ 중경삼림 ] [ 명작 영화 추천 ] [ 왓챠 영화 추천 ],"무비퓨레, moviepuree","<중경삼림>을 왓챠에서 보고 싶으시다면 https://watcha.com/af/0/12yluY (왓챠 큐레이터 활동의 일환으로, 위 링크을 통해 작품을 구매 시 저에게 소정의 수수료가 지급되며, 앞으로의 활동에 큰 도움이 됩니다) ||| 양조위 이 때 존잘 ㅠㅠㅠㅠㅠㅠㅠㅠㅠㅠㅠㅠㅠㅠㅠㅠㅠㅠㅠㅠㅠㅠㅠㅠㅠㅠㅠㅠㅠㅠㅠㅠㅠㅠㅠㅠㅠㅠㅠㅠㅠㅠㅠㅠㅠㅠㅠㅠㅠ눈빛 미쳤음.. 중경삼림 볼 때마다 홍콩 가고 싶어짐 ㅠㅠㅠ ||| 양조위 눈치가 ㄹㅇ 지석진 자기집 물건이 저렇게 바뀌는데 모르는게 말이되냐고 ㅋㅋㅋㅋㅋㅋㅋ ||| 양조위 집은 양조위 마음 속을 비유한 공간이 아닐까 싶네요 양조위가 서서히 페이에게 빠지면서 전 여자친구를 잊게 되고 페이에 대한 생각으로 가득차게 되는 과정을 페이가 집을 청소하고 전 여자친구와 관련된 물건들을 치우는 장면으로 묘사했다고 생각해요. ||| 달달하기보단 아련했음...... 경험해보지고 못했던 그 시절 홍콩에 대한 향수를 가져오는 영화 대사가 너무 좋아서 아직도 외우고 다닌다 ㅠㅠㅠㅠㅠㅠ",영화/애니메이션
WsO9gZisw7I,사랑을 부르는 로맨스 영화 추천!,ㄱ나니,,영화/애니메이션
LJocntQMo34,어쩌다 로맨스 | 공식 예고편 [HD] | Netflix,Netflix Korea 넷플릭스 코리아,이 언니 나오는 건 봐야함ㅋㅋㅋㅋㅋ피치퍼팩트하고 하우 투 비 싱글 꿀잼 ||| 아 13세 관람가라서 실제로 뭘 하진 못하고 자꾸 저 장면만 나오는 거임?ㅋㅋㅋㅋㅋ 개웃기네 ||| 아나 ㅋㅋㅋ이배우 나오는거 다웃긴데 어쩔수 없이 또 넷플릭스 결제해야겠네ㅡㅡ ||| 근데 13세 관람갘ㅋㅋㅋㅋㅋ이부분에서 터졌습니다 ||| 헐... 이 배우분 이번에 카밀라 카베요 빌보드 뮤직어워드 2018 하바나 라이브에서도 뵙었는데... 미국에서 엄청 유명한가봐용... 드라마 재밌겠네용,영화/애니메이션
ldLEMcaGlkY,커플끼리 봐야할 넷플릭스 로맨스 영화 추천5,lovepropose,시에라 연애대작전 다보고나면 남는건 세개밖에없음 1. 이게 뭐야 ㅅㅂ...? 2. 베로니카 존나 예쁘네 3. 노아는 진리다;; ||| 이 영화를 다 혼자서 봤다는 게 너무 웃기다 ||| 저는 개인적으로 시에라 연애 대작전은 추천드리지 않습니다.. 보고 없던 화가 생겨났어요. 답답 그 자체 ||| ㅇㄴ 다 다섯번 넘게 봤다구요 시애라빼고... 시애라는 스토리가 제 취향이 아니라 ㅠㅠ 그 결과 노아 너무 조아짐... ||| 5개 중 3개 노아...(입틀막),영화/애니메이션
mhsOy_jYcrM,[띵곡플레이어] (디즈니OST 실사각) 포레스텔라 - 전설 속의 누군가처럼♬ ㅣ KBS방송,KBS 한국방송,숲 지키려고 현신한 정령들 같음 ||| 퀸연아님과  결혼하신다는 분이 궁금해서 검색하다 포레스텔라에 흠뻑 빠져 가네요.^^ ||| 디즈니야 봤지?? 얼른 우리 포레 모셔가라 ||| 조민규의 천재성 넘 멋져 두훈의 매력적목소리 우림의 무의식까지 깨우는 저음 형호의 다채로운 무지개같은 변화무항한 음색 포레는영원한 나의 뮤지션 ||| 포레스텔라 특: 뒤에 40명 합창단 있는 줄 알고 보면 무대에 4명만 있음.,영화/애니메이션
hZoxKmxRs4g,디즈니 실사영화가 잃어버린 가장 중요한 것,빨강도깨비,"이게 고양이 있는 사람들만 표정변화를 알 수 있다는 그 영화인가요 ||| 상상했는데, 피노키오는... 잘못하면 에나벨같은 공포물이 될 수도... ||| 주토피아, 라따뚜이, 인사이드아웃은 실사화 하면 절대 안돼요,,,, 제발 그러지 마요,,,, ||| 난 인어공주 실사화가 제일 섬뜩해.. 불가사리 해마 소라고동 돌고래 문어가 실사화되어서 바다에서 노래를 부른다니 이걸 어떻게 살려..? ||| 개인적으로 디즈니 앞으로 실사영화는 말레피센트, 이상한 나라의 앨리스 처럼 원작과는 색다른 영화로 만들었으면 좋겠다.",영화/애니메이션
QmzTWkIDP5w,아이스 개봉 D-5 카운트다운 영상,마노엔터테인먼트,,영화/애니메이션
ZoDeg3rniW4,"하이틴, 로맨스, 코미디 고르기만 하세요!! 킬링타임용 영화추천 17개 l 연두콩 Yeondukong",yeondukong 연두콩,아닠ㅋㅋㅋㅋㅋㅋㅋㅋㅋㅋㅋㅋㅋ인트로 ㅠㅠㅠㅠㅠㅠㅠㅠㅠㅠㅠㅠㅠㅠㅠㅠ 홈쇼핑이냐구요?! ||| 아니 인트로 무엇ㅜㅜㅜㅜ너무너무너무기여운거아니냐구욧🥰🥰 ||| ㅋㅋㅋㅋㅋㅋㅋㅋㅋㅋㅋㅋㅋㅋ인트로 어떡해욬ㅋㅋㅋㅋㅋㅋ 너무 긔여웡ㅠㅠㅠ ||| 아닠ㄱㅋㄱㅋㄱㅋㄱㅋㄱㅋㄱㅋㄱㅋㄲㅋㄱㅋㄱㅋㄱㅋㄱㅋㄱㅋ인트로 개웃기넼ㄱㅋㄱㅋㄱㅋㄱㅋㄱㅋㄱㅋㄱㅋㄱㅋ아진짴ㄱㅋㄱㅋㄱ,영화/애니메이션
EOj2O8X4jqo,눈 호강! 귀 호강! 환상적인 디즈니 실사 영화 흥행 순위 TOP 5 [스콘 시네마],스콘 시네마 SCON CINEMA,"↘히어로보다 더 치명적인↘ ↘멋짐 폭발하는 빌런 캐릭터 3인↘ https://youtu.be/apo2nSpZ8W4 ||| 오옹, 영화 뭐볼지 고민하고 있었는데, 이거보고 고민해결! ||| 와 댓글 진짜 없다",영화/애니메이션
3Yu_dJf8MsU,"감동 로맨스 영화 '선물' (이정재, 이영애 주연), 슬픈 영화 최고봉, 김태희 이수근 김병만 데뷔작",곰남편극장,제 인생 영화에요. 죽기 전에 꼭 봐야하는 영화입니다. '있을때 잘해' ||| 극장에서 이 영화보고 정말 눈물이 수도꼭지  열리듯 멈추지 않고 펑펑 울었던 기억이 납니다 여사친과 함께갔었는데 눈물이 멈추질 않아 얼마나 창피했었는지 그러면서도 눈물은 왜 안멈추는건지 ㅎㅎㅎ 문득 그때 생각이 나네요 ||| 존나 슬픔 ㅋ 2000년 초반까지 이정재 영화쪽은 재미 못봤는데 배우로 너무 잘되서 너무 좋네요  레전드 배우 ㅎ 90년대후반 2000년 초반 이런 영화 많았죠 그 감성이 그립습니다.  편지 선물 등등 ㅋ ||| 진짜 살면서 이렇게 펑펑 울어본적이 없습니다... 남자구요..살면서 저를 이정도로 울게한  유일한 영화입니다... ||| 최고의 영화 중 하나!,영화/애니메이션
3YSvokRzg0s,2027년까지! '디즈니'의 소름돋는 세계 정복 플랜,기묘한 케이지,0:29를 정지시켜 두시면 리스트 목록을 확인하시기에 수월하실 거예요 :) ||| 세계정복에 제가 기여를 하고 있다는게 뿌듯하면서 토나오네요 ||| 진짜 매번 너무 고마워요 ㅠㅠ 좋은 영상 넘넘넘넘넘 감사드려요 ||| 보통 말이 빠르면 듣다가 흐름이 끊기는데 ㄱㅁㅋ님은 신기하게 끝까지 다 듣게됩니다. 딕션에 반해서 구독을 하게되었는데 영상 내용물 하나하나가 굉장히 딥하고 세세해서 기대감이 커져갑니다. 앞으로 흥하세요! ||| 저 때까지 건강해야 다 볼 수 있습니다 우리 모두 건강합시다.,영화/애니메이션
OVc9d19dC3k,"[로맨스는 별책부록] 섹시한 이종석, 귀여운 이나영",TVING,이종석 피부 너무 하얘서 엄청 잘 빨개짐 ㅋㅋㅋㅋㅋㅋ 개귀여워 ㅠㅠ ||| ㅋㅋㅋㅋㅋㅋㅋㅋㅠㅠㅠ잠옷이 뭐..필요한가?♥ㅠㅠㅜ이종석 귀 계속 빨개져있는거도 귀엽다ㅠㅋㅋㅋㅋㅋ 단추푸는거 뭔데 설레니ㅜㅜㅠ 불끄고 문 닫는것 봐 ㅠㅠㅜ으아아악♥♥ ||| 아니! 불끄랫지!! 문은왜닫는데!!!! 왜닫앗는데!! 그래서머햇는데!!!ㅋㅋㅋㅋㅋㅋ ||| 이게 마약 영상이라는 걸까 하루에 2번씩은 무조건 본다 진짜 여기서 킬포는 단추 풀었을때 보이는 새하얀 속살이야.. ||| ㅋㅋㅋㅋㅋㅋㅋㅋㅋㅋ둘이 어쩜 이렇게 자연스러움 ㅋ,영화/애니메이션
kOHB85vDuow,"TWICE ""FANCY"" M/V",JYP Entertainment,"“Because of ONCEs always protecting me , I want to be a stronger person to protect them instead”  We really don’t deserve someone like Sana 😭😭 ||| We won "" Worldwide Icon"" and ""Artist of the Year"" award in The Fact Music Award today Congratulation TWICE&ONCE ||| TWICE's Fancy is one of the treasures of K-Pop. ||| 뒤에 깔리는 비트 퀄리티가 너무 좋은듯 트와이스 노래중 1등 ㄹㅇ ||| It’s chaeyoung’s birthday! Can we get 40m+ on this day for her??",음악
XsX3ATc3FbA,BTS (방탄소년단) '작은 것들을 위한 시 (Boy With Luv) (feat. Halsey)' Official MV,HYBE LABELS,"This song is gonna be stuck in my head for the next few years, but I ain’t complaining cuz Issa bop ||| namjoon didn't joke when he said that 2019 is gonna be bts' year ||| Everyone is awake here just because of 7 guys  POWER OF BTS! ||| BTS is nothing without ARMY , and ARMY is nothing without BTS, they work hard for us, and we work hard for them, lets keep going armys for our kings ||| No *sleeping* . . But Yes  *str3aming*  100M c'mon ARMYs we can do it for *our boys*",음악
fWet3reLOjo,K-pop playlist 2018,k-pop channel,"Best kpop song is 2018 ||| Demi apa ini playlistnya bikin perasaan naik turun bagus banget 😭🥰😍 Semangat buat adminnya buat kontennya 💪🏻🔥 ||| all 2018 kpop songs on this list are masterpiece ||| .           🔆      *timestamps*  🔆  00:00 💎 SOLO - JENNIE 02:43 🏮KILLING ME - IKON 05:54 💎 FAKE LOVE - BTS 10:50 🏮 EGOTISTIC - MAMAMOO 14:04 💎 WHAT IS LOVE? - TWICE 17:32 🏮 BAD BOY - RED VELVET 20:59 💎 COMPLETE - ONF 24:01 🏮 LIGHT - WANNA ONE 27:36 💎 MY PACE - STRAY KIDS 30:55 🏮 LATATA - (G)I-DLE 34:25 💎 TIME FOR THE MOON NIGHT - GFRIEND 38:13 🏮 DDU-DU-DDU-DU - BLACKPINK 41:39 💎 TREASURE - ATEEZ 45:16 🏮 TEMPO - EXO 49:00 💎 SHINE - PENTAGON 52:21 🏮 GANGSTA - HOIR ||| Regrésenme a este año, yo era muy feliz y no lo sabia 😭😭😭",음악
ZdKYi5ekshM,TWICE「Breakthrough」Music Video,TWICE JAPAN OFFICIAL YouTube Channel,Fancy: Who are you? Breakthrough: I am you but stronger ||| Twice Japanese songs hits differently ||| Day 5 in Quarantine: Breakthrough is still the best japanese song ever ||| 黒衣装のジョンヨンのビジュ爆発してんな最高すぎる ||| Popular Opinion: *This is Twice best Japanese Song*,음악
bjDDyO2hhwE,【임창정 M/V】'기쁜 우리' (Happy together) | IM CHANG JUNG | K-pop Music Video,임창정,저때는 모든게 기쁜우리였다. ||| 중학교때 들었던 노래... 커서봤는데도 정창이형은 똑같이 생겼네. 형덕분에 나이 35살에 하지원누나랑 영화 1번가에기적에 나온 1세대 에쿠스 검정색 타고다닙니다 존나카리스마 있어보였어요 형은 제맘에속에 1순위 남자에요 ||| 지금들어도 미쳤네 ||| 나도  돌아가고 싶어~~~ ||| 하아 저때로 돌아가고 싶다 ㅜㅜ,음악
EVlo1rqJKAs,"TXT - 20cm [We K-Pop Ep.18] [ENG, CHN]",KBS WORLD TV,"SHT, TAEHYUN'S VOCAL IS NO JOKE. ||| 20 cm is an underrated queen. ||| I hope that Bighit will give TXT more RNB songs they really nailed it ||| 2025 now, who's still here? ||| ""so you have a new group, who is the main vocalist?""  bighit: yes",음악
5dqboUFoIGc,"Golden Child, K-POP MASH UP BOYS [Dream Concert 2019]",THE K-POP,"SHOUT OUT TO GOLDEN CHILD FOR THEIR LEGENDARY PERFORMANCE ||| They do a mashup of song from popular group debuted from 2012 - EXO 2013 - BTS 2014 - GOT7 2015 - SVT 2016 - NCT and they debut in 2017 ||| Until now, I still don't understand why this performance didn't went viral. Lol ||| 아 진짜 이 영상 못본 세계인 없게 해주세요 ㅠ ||| I think I lost it when they were dancing to nct boss choreo with bts blood sweat tears as the instrumental but at the bpm of svt's boom boom. golcha kings",음악
uVyVAumtsoc,【임창정 M/V】'나의 연인' (My Love) | IM CHANG JUNG | K-pop Music Video,임창정,올해도 감성에 취한사람 이리와 ||| 캬~ ||| 아무리 논란이있고 욕해도 나에겐 임창정노래가 최고.. 그저 심금을 울리는 노래.. ||| 그립습니다 저시절의 어렸던 우리가 ||| 임창정 형 노래 중 가장 좋아하는 노래고 뮤비 역시 제일 좋아하는 뮤비입니다 이나영씨 가장 외모 리즈 시절 아닌가 하는 것도 이 작품,음악
ANr35G5m6eg,K-pop playlist 2019 #1,k-pop channel,"THIS IS REAL  K-POP ||| No way 2019 was 6y ago it feels like last year 😭 ||| Gabungan playlist kakak bagus. Semangat trs ya kak buat kontennya 🫂💪🏻🔥🥰 ||| 0:00- ITZY-ICY 3:10-SF9-RPM 6:32-Red Velvet-Zimzalabim 9:45-ATEEZ-Wave 13:07-TWICE-Fancy 16:41-Stray Kids-Miroh 20:07-KARD-Bomb Bomb 22:48-BLACKPINK-Kill This Love 25:57-Monsta X-Alligator 29:06-Lana-Take The Wheel 32:13-CLC-me 35:25-BTS,Halsey-Boy With Love 39:12-ONEUS-twilight 43:16-Somi-birthday 46:19-Everglow-Bon Bon Chocolat",음악
91OxldfVrQ0,"[Simply K-Pop] CHUNG HA(청하), 'Gotta Go(벌써 12시)'",ARIRANG K-POP,소속사 피드백 개빠르네  앞머리 까달라니까 까주고 슈트 입어 달라니까 바로 그냥;; 이러면 오예 입니다 ||| 이건 100%감독님이 청하 동선 뿐만 아니라 안무까지 다 외우고 있는듯.. 엄청 찰나에 손 올렸다 내리는데 그걸 맞춰서 카메라 움직이시네;;; 뮤비인줄 ㅋㅋ ||| 청하는 진짜 솔로로 데뷔한 게 신의 한수야... ||| who's been watching every single Gotta Go stage? ||| Just want to add.. SHE DESERVES ALL THE TROPHIES. No shade to gfriend and apink.. just being real. This girl right here creates her own music choreo and sings live. Her energy is on a different level. And she’s so humble,음악
FnqjA6l1WCY,K-POP WITH ZERO BUDGET! (BTS - Boy With Luv),Stokes Twins,Watch our other BTS ‘Boy With Luv’ Video right here! ❤️ https://youtu.be/GbkGymHgaaE ||| Thanks to Lankybox for the idea 😊 check out their channel! ||| I wonder how Alex and Alan feel knowing that Brent actually met BTS 🚶🏽‍♀️ ||| Chill people in the description they thanked lankybox for the idea ||| watching this again brought back so many memories 4 me cause i had 1st watched this during quarantine & this how i got into kpop so watching this again made my day💜,음악
h3Gr0Iet8Cs,【임창정 M/V】'슬픈 혼잣말' (Sad monologue) | IM CHANG JUNG | K-pop Music Video,임창정,"저 시절로 돌아가고 싶어도  너무  멀리 와 버렸다…..     지금  우리들이 살아가는 이 순간도  언젠가는  돌아오고 싶은  순간  이겠지 ??? ㅜ ㅜ  행복하세요  여러분 ||| 내겐 이게 라라랜드야 ||| 이 시절의 감성이 너무 좋다..정말 ||| 기다리는이유,슬픈혼잣말,소주한잔 뮤직비디오는 일년에 한번씩은 꼬박꼬박 봐야됨 ㅋㅋㅋ 그시절이 너무 생각남 ||| 혼술 할때만큼 이뮤비보며 과거생각 끄적일만한거 없지..  힘내 80 90년생들.",음악
2S24-y0Ij3Y,BLACKPINK - 'Kill This Love' M/V,BLACKPINK,Fastest kpop mv to reach 10 million mark. 4 hours and 13 minutes. Congrats blinks! ||| *i dont even stan or like blackpink but not gonna lie this is a big bop* ||| will soon reach 500M right people?? ||| 매일 여기에 오는 사람은 누구인가요?🎄 ||| #19 trending in Egypt WOW This is the first time I see a kpop group trending here,음악
VpaUh_BGqE0,[MV] N.Flying(엔플라잉) _ Rooftop(옥탑방),1theK (원더케이),"다들 이때가 젤 좋았으면 눌러라 ||| 이노래만 들으면 딱 그 학년과 그 년도와 그날과 옛날 모든게 다 생각나고 기분이 묘해짐..추억돋는 느낌이랄까 뭉클하고 이때가 그립단 느낌이든다ㅋㅋ ||| 기죽지 말고 계속 노래하면 좋겠어요. 원래 사람들은 힘없던 사람들이 잘되면 시기와 질투를 하면서 떨어뜨리려하니까요. 이런 좋은 노래 계속계속 속 뻥 뚫리게 불러주세요. ||| 그래,, 이 감성이야 요즘 아이돌이랑은 다른 뭉클함이랄까.. ||| 유튭광고 보고 옴. 근데 왜이리 조회수 낮지? 5초 듣고 좋아서 왔는데.. 너무 저평가인데.. 작사.작곡도 리더가 했던데.. 역주행 하길 바란다.",음악
3ymwOvzhwHs,"TWICE ""Feel Special"" M/V",JYP Entertainment,"Feel Special got their 3rd win   1st Win- Show Champion🏆 2nd Win- Mcountdown🏆  3rd Win- Music Bank🏆  Hwaiting for 4th win🏆  Total Trophies 93🏆 ||| Momo and tzuyu's ""from nobody to somebody"" is so meaningful remember Twice should only consist of 7 members but since Tzuyu is popular and improving a lot JYP changed his mind and let twice consist of 9 members so she entered twice and be the 8th member and take note MOMO is eliminated but still chooses her because he said that ""this girl has the ability to dance that others can't do"" awwwww I love him sm💞 JYP be like: my company, my decision😂 ||| Fancy = 🏆🏆🏆 Feel Special = 🏆🏆🏆🏆🏆🏆🏆 Total = 10 win ||| 全部に疲れたらこの曲に必ず戻ってくる。 味方がtwiceって誇らしいね。 それだけで頑張れる ||| Everyone is saying that this era will end after More and More will release and More and more has been released but Feel Special Era will never end it is one of the best idc if u don't think it is their best era or not but I said what I said and I won't change my mind",음악
4HG_CJzyX6A,TAEYEON 태연 '사계 (Four Seasons)' MV,SMTOWN,"싱어게인보고 다시온사람👋🏻👋🏻👋🏻 ||| no one is talking about how  pretty this mv is like i could pause this at any time and set it as my wallpaper ||| Taeyeon has NEVER released a bad song. This is amazing. ||| 싱어게인 보고 왔는데 와 원곡 너무 좋네 태연은 태연이구나 ||| SM, if you lose Taeyeon, you'll lose everything.",음악
74nxAVc6LUY,【임창정 M/V】'그때 또 다시' (Again) | IM CHANG JUNG | K-pop Music Video,임창정,아 존나 카리스마 있어 이러니까 여자들이 뻑이 가지 ||| 끝에 와서 다시 보는 시작 ||| 25년 나혼자 듣는다 ❤ ||| 하늘의 별이된 막내동생이 좋아하던곡입니다. 듣기만해도 눈물이 멈추지 않아요 ||| 나를 완전히 태울수 있었던...,음악
-kiXwq2Y3Os,NEW K-POP SONGS | SEPTEMBER 2019 (WEEK 4),K-Ville Entertainment,"*It's time to discover new K-Pop artists, witness rookies rise to the top, celebrate when our legends come back, and die of shock when an unexpected comeback happens! These are your New K-Pop Songs from September 17th - September 24th, 2019. You can watch these songs and more on our dedicated 2019 Playlist here:* https://www.youtube.com/playlist?list=PLOJ1nP1cWwjE-TYmeVmKNaYg-yQyRykz-  *Vote on the K-Pop Songs Chart here:* ► https://youtu.be/ZzMVo6RFCu4 *Watch Dami Im's ""Crying Underwater"" here* ► https://youtu.be/WdIKD5HXZLw *Please stream Kodi Green for us here!* ► https://youtu.be/l2AEJ-mL7-M *Vote for the Most Beautiful K-Pop Girl Groups of 2019 here:* ► https://kvilleonline.net/2019/09/08/most-beautiful-k-pop-girl-groups-of-2019-poll/ ||| DREAMCATCHER MUST GIVE MUCH ATTENTION IN THIS COMEBACK ||| So many great songs this week😍😍😍 ||| Anyone gonna talk how Jessi slayed her new comeback? ||| as an Australian, seeing you have Dami Im in here makes me so happy, and so proud of her!! she’s worked so hard as a Korean-Australian and although she doesn’t sing in Korean, she’s so amazing!",음악
b9vCKXrjA50,NEW K-POP SONGS | JANUARY 2019 (WEEK 3),K-Ville Entertainment,"*VOTE for these songs and more on the **#KPOP** SONGS CHART here:* https://youtu.be/M6Y8ABoMsKo *Hey K-Villagers! <---- Yep, I want us to be called that thanks to a suggestion from Aiden Mally. I think it's kind of cute! - Anywho, I just found out that YouTube's completely demonetized this channel (finally). It's not like they were letting me earn money anyway! -- It's okay though, because I do this for the sheer love of it. Supporting me on Patreon for $1 per month would be a great help though!:* https://www.patreon.com/kville  *Please check out Seulgi Ryu here:* https://youtu.be/bmxE52_o9m8 *I'm on Instagram a lot these days, so for more frequent updates you can follow me at:* @bennyjayruss ||| how it's possible to have amazing new songs in one month?? thank you  k-ville for this videos every month! ||| SEVENTEEN is back with another bop! 🌻💎 ||| Please support Bang Yongguk and Zelo's new song❤ ||| We stan boys who escape TS Ent. and release fresh new content. Support Yongguk and Zelo!",음악
FIInyEWWW-s,ATEEZ(에이티즈) - 'WAVE' Official MV,KQ ENTERTAINMENT,"Timone & pumba: hakuna mata what a wonderful ph- Mingi:HAKUNA MATATA YA!! ||| I genuinely feel sorry for the people who don’t know this song exist. ||| ILLUSION & WAVE HITTING 1M ON THE SAME DAY  *hits the woah* ||| Hello Ateez, this is Atiny from the year of 2025.  You made it.   You are big now. So big that you've met a lot famous artist, invited by big brands, and even performed at big places! Your concert always sold out and there's no empty space. Every of the member are being succesful and loved by Atiny all around the world. Thank you for still having faith in this journey and continue walking on it. There's been a lot ups and downs but Ateez made it together. I'm so proud that I can say to other people that I'm Ateez's Atiny.    As an Atiny, thank you for being Ateez.   I hope we can walk together for the next 10, 20, or even 40 years. I wish for your happiness and succesful journey. Like the meaning song, let's overcome all the obstacle and find more and more bravely. Let's surge deeper into the sea without hesitation and made it through the waves and find the new unknown islands. Things may be hard but don't worry as Atiny is everywhere around the world. Let's do this!  8 makes 1 team, Atiny. ||| trust me, in the future this group will be BIG.",음악
diiMHGkonTE,[K-POP IN PUBLIC] BTS (방탄소년단) - 작은 것들을 위한 시 (Boy With Luv) Dance Cover by ABK Crew from Australia,ABK Crew,"Our Dynamite cover is out now! We're so proud of the boys for reaching #1 on the Billboard Hot 100 chart! We hope you love our video 💜https://www.youtube.com/watch?v=X4ShVlTqCow ||| Girl who plays Jimin is absolutely killing it😍 She is so talented ||| The way they chose a short person to present Jimin is just unforgivable😂 Nice work guys ||| Nice camera work too! ||| No way, 19M views for a dance cover? Hands up on you guys! Congratulations!!",음악
uR8Mrt1IpXg,Red Velvet 레드벨벳 'Psycho' MV,SMTOWN,"Psycho has already broken so many records but it's not over yet. ||| “U got me feeling like a psycho”  Relates a lot ||| I hope SM will promote this song if Wendy's back, happy to heard that she just got out in the hospital ||| 이재가 작곡했다는 말을 듣고 2025년에 온 사람? ||| Who's here everyday to bless their ears?",음악
NaKrke1EL1A,TXT (투모로우바이투게더) 'Cat & Dog' Official MV,HYBE LABELS,"naega byeonhae regaining the hype as it should ||| BigHit: How many cute expressions can you give??  TXT: *YES* ||| ""feel like Cinderella naega byeonhae"" wise words. i'm actually crying. ||| LITTLE TXT😭 ||| Yeonjun's ""Feel like cinderella naega byeonhae"" will never stop being iconic.",음악
zQELp93xxfo,TWICE 「Fake & True」 Music Video,TWICE JAPAN OFFICIAL YouTube Channel,Just some of the things I’m living for in 2019:  1) Momo with long hair 2) Jihyo and Chaeyoung with short hair 3) Jeongyeon’s hair 4) Mina prioritising her mental health over promotions 5) the fact Twice have released five bops and there are still two months of the year left ||| Unpopular opinion: if fake and true was a Korean song. The  MV will easily be the most viewed music video in JYPE. This MV is so underrated. ||| The amount of different hairstyles Jeongyeon had for this MV. ||| ライブとかで歌われるイメージあんまないけど、本当に隠れた名曲だと思う。歌詞も良いし、スタイリングと世界観が神がかってる。 ||| J-Line: A Japanese song! K-Members: It's fine Tzuyu: 😶,음악
Jc807cHI8rw,"X1, Like always [SMUF K-POP, Fancam, 191006] 60P",THE K-POP,"X1 다시 활동하게해주세요 ||| dohyon copying dongpyo's aegyo is the most precious thing ever😍❤ ||| KIM WOOSEOK ❤️ ||| X1 so good fighting.Hyeong jun saranghae ||| 1:26 Dohyon following Dongpyo, so cuteee❤❤",음악
W3iSnJ663II,TXT (투모로우바이투게더) '어느날 머리에서 뿔이 자랐다 (CROWN)' Official MV,HYBE LABELS,"i can't be the only one who's still not tired of this song at all ||| everyone commenting how much they've grown but let's be honest soobin looks the exact same hahaha ||| Bighit: cute concept or dark concept? TXT: ""I'll take both""  *vote for TXT and stream TXT mv too* ||| It’s been 6 years and I still cannot get over this song. ||| Next up, before their anniversary:  Crown - 105M Run away - 35M   Let's get it",음악
LzeNzB3uGiE,THE BEST K-POP MUSIC VIDEOS,K-Ville Entertainment,"*Welcome back K-Villagers to our latest video. Our Patreon supporters got to choose their all-time favourite K-Pop Music videos, while I added a handful of MVs that I thought were among the best. There are obviously hundreds of incredible K-Pop music videos, so please keep in mind that we couldn't fit everything in. Leave a like and a comment below if you want us to make a Part 2 to this video! If you would like to join in on choosing songs for these videos, become a $5 (or more) supporter on our Patreon here:* ► https://www.patreon.com/kville  ► IG: https://www.instagram.com/kville_ent/ ► FB: https://www.facebook.com/kville.entertainment/ ► TWITTER: https://twitter.com/kville_ent ► TUMBLR: https://kville-entertainment.tumblr.com/ ► PINTEREST: https://www.pinterest.com.au/kvilleent/ ||| Honestly every VIXX songs should be here It’s straight up pure ART ||| Vixx & Dreamcatcher ; King & Queen of Concept ||| In my playlist now: Oneus - Lit BTS - fake love Twice - what is love Mamamoo - starry night Jonghyun - shining Sunmi - gashina BTS - spring day Dreamcatcher - de Javu Astro - all night Red Velvet - umpah umpah Straykids - miroh CLC - no Loona - butterfly Seventeen - fear G idle - hann Momoland - bboom bboom Nuest - bet bet Itzy - dalla dalla ||| Hands down VIXX's Music videos are art",음악
xdsxD0oOtMg,(TOP 100) K-POP SONGS CHART | SEPTEMBER 2019 (WEEK 2),K-Ville Entertainment,"*VOTING for this chart has now closed! Don't worry, you can watch the latest chart and vote on it here!* ► https://youtu.be/4le99gvimcg    *Welcome to the Top 100 K-Pop Songs Chart! -- This chart has been running for over 5-years, and your votes help to make history here! -- My computer broke last week, which is why this chart has come out a bit late. I had to remake the whole video! ^^ -- The link to vote can be found below, as well as the New K-Pop Songs video. Enjoy!*  *NEW K-POP SONGS:* ► https://youtu.be/sYHkqwheHmU *VOTE HERE:* ► https://kvilleonline.net/2019/09/10/top-100-k-pop-songs-chart-september-2019-week-2/ *Vote for the Most Handsome K-Pop Boy Groups of 2019 here:* ► https://kvilleonline.net/most-handsome-k-pop-boy-groups-of-2019-poll/ *Vote for the Most Beautiful K-Pop Girl Groups of 2019 here:* ► https://kvilleonline.net/2019/09/08/most-beautiful-k-pop-girl-groups-of-2019-poll/ ||| WOW you change the design of the video and the voting link that's cool💜 I'm in love with your TOP 100, it's one of my favorite moment in my week ! ||| I'm so happy they still play CrossGene in their videos 😍 ||| vote for baekhyun  Let's get un village to top 10💖 ||| OneIt looks here! 10. X1 - Flash 21:52",음악
646urK12jIo,Assemble! Z-POP Dream Live in Seoul (feat. K-POP Stars),Z-POP Dream,"I so proud of my Zstars...keep it up Zstars ..may you all be successful in every new path u choose...lots of love from India 🇮🇳🇮🇳🇮🇳 ||| To all those haters ,      If u don't support or like Zstars ur Idols are only  supporting them...     .... lot's of love from India 🇮🇳🇮🇳💖 ||| ITS ON MY FREAKING BIRTHDAY !! SUCH A GREAT BIRTHDAY GIFT !! FIRST INDIANS IN KPOP ON MY BIRTHDAY !! LEGENDARY (Le Jin dary) DATE !! ||| Damn everyone supporting them I'm shocked ||| That's touched my heart, really :,) Im happy that even some celebrities cheer up them! ^^♡",음악
mwudBUviyjM,(k-pop)[한양대학교 실용음악학과 보컬 이서현] 태티서 - 겨울 닮은 너 COVER,블박 TV,"노래가 너무 좋아요 목소리랑 잘 어울리세요 제스처 하나하나 다 새롭게 봤습니다 레이시 반했서현 화이팅 항상 응원합니다  눈 감는 수 세다가 놓쳐서 조회수 많이 올려드리고 갑니다.. 노래 계속 해주세요 목소리도 좋지만 제가 오기가 생기네요 다음 곡에선 눈 감는거 셀 수 있을 정도만 감아주시면 사랑하겠습니다. ||| 추운 겨울.. 제 마음을 환하게 환하 화.. 화... 화이트 타이거? ||| 손끝에 전해지는 온기 온전히 나를 보는 눈빛 하얀 스웨터처럼 포근히 날 감싸주었지 거리엔 계절 담은 불빛과 설레임에 뛰고 있는 My heart 성큼 다가온 겨울은 너와 같아 지친 하루 끝 내게 다가온 너 너무 따뜻해 첫눈을 기다리는 어린아이처럼 들뜬 내 마음 위로 눈이 와 어느새 흰 눈이 내려와 얼어붙은 거리를 안아주고 추운 내 마음에 찾아온 널 닮았어 익숙함에 속아 변하지 않게 돌아온 계절에 약속할게 그 다음 겨울에도 With you 너와 함께 지친 하루 끝 내게 다가온 너 너무 따뜻해 첫눈을 기다리는 어린아이처럼 들뜬 내 마음 위로 눈이 와 매일 달라지는 이 커다란 세상에 Baby 절대 변하지 않는 내 소원은 너인데 지친 하루 끝 나만의 안식처 너무 포근해 소복이 쌓여가는 흰 눈을 닮은 너 하늘 위 반짝이는 네가 와 ||| 01:34 믿고 듣는 반했서현,, ||| 노래를 듣다가 마음이 따듯해지기 시작했습니다. 왜그런가 하니 이 추운날씨에 제 마음을 흔들어 놓았던 건 아까 가슴 주머니에 넣어놓은 핫팩 덕뷴이였습니다",음악
VMP-8MdTWY0,(k-pop)[한양대학교 실용음악학과 보컬 권승인] 크러쉬 - Beautiful COVER,블박 TV,모아이 석상이 정말 노래를 잘하네요~~ ||| 혹시 모아이 석상이라고 아시나요...? 목소리가 너무 좋으세요...🤭... ||| 승인이 응원해 ||| 진짜로.. 너무 노래잘하시네요ㅠㅜ😀 평생응원할게요! ||| 감미로운데 패트와 매트중에 누구에요?,음악
SDhuglfH_4A,조승우 - 꽃이 피고 지듯이(사도 OST)COVER,로엘Roel,"안녕하세요 레브입니다  개인적인 사정으로 인해 레브라는 채널명을 더는 사용하지 못하게 되어 앞으로는  로엘이라는 예명으로 활동하려고 합니다 그리고 앞으로의 영상에서는 프로듀서인 noel이라는 친구와 함께 작업도 하고 영상에도 나올 예정입니다 새로운 마음으로 더 열심히 노래해 더 좋은 음악 들려드리도록 노력하겠습니다!! 감사합니다!! ||| "" 내가 바란 것은  아버지의 따뜻한 눈길 한 번.. 다정한 말 한 마디였소.. "" ||| 왕이어야 했던 아버지와 아들이고 싶었던 세자. ||| 세손의 마음을 생각하고....신하들의 뜻을 헤아려 평민으로 강등했던 세자지위를 회복시키고...생각할 사 슬퍼할 도 사도세자라 하라... - 영 조 - ||| 지금 들으러오는 사람 있을려나...이거 사도 넷플릭스에서 방금 보고왔는데 진짜 존나 슬펐음...사도세자 아들이 부채들고 춤추면서 부채만으로라도 아버지의 그리움을 표현할려고 한 것 같은데 진짜 엄청 울었음... 진짜 사도세자 역할은 유아인 아니면 누가 할까 싶음...",음악
plyAqU01oR8,[한양대학교 실용음악학과 보컬 이종민] 이소라 - 이제 그만 COVER,블박 TV,"안녕하세요 영상 속 주인공 이종민입니다 :) 제 목소리에 관심 갖고 응원해주셔서 진심으로 감사드립니다.  지난주에 '이별이 거기 놓여 있었어'라는 곡을 통해 첫 데뷔를 했어요! 앞으로도 음악을 진심으로 대하는 진정성 있는 가수로 거듭날 수 있도록 노력할게요. 많은 기대 부탁드립니다🙏🏻 ||| 우리 세련아 잘지내지? 너가 너무 좋아했던 노래야 그리구 이분이 너무 잘부른다고 나한테도 불러달라고 했는데 문뜩 멍하니 오늘갑자기 그말이 떠올라서 찾아봤어 너무 보고싶다 너가 했던 사소하게 했던 말들이 점점 잊혀져가서 미칠꺼 같어 너무 보고싶다 잘지내 그곳에선 ||| 아들이 실용음악한다해서 시골에서 모시러가는것부터 화내고 돈때문에화내고 매일싸우다 벌써 대학 간다고 먼접보러가도 응원한번 안하다 지금의 검색하다 보니 노래에감사하고 미안하고부끄럽네요.내일 내려오면 고생했다  안아주고싶네요.노래에 영상에 감사합니다 ||| 이제그만 데뷔하자 ||| 몇 달, 몇 년이 지나도 또 들으러 왔어요",음악
H4iTpzIqgrY,봄날(Spring Day) - 방탄소년단(BTS) COVER by 커버리스트,MUPLY 뮤플리,📍 UP NEXT 👉 Ariana Grande(아리아나 그란데) - 7 rings  💬 Support Mu:fully for our next cover song! ▪ Subscribe  ▪ Like  ▪ Comment    채널 구독과 좋아요를 눌러주면 뮤플리에게 큰 힘이 됩니다!  #뮤플리(mu:fully) 채널을 구독해주세요💗 ||| ฮันโหลชาวไทย หลงๆ มาเจอกันหน่อย💕🇹🇭🇹🇭🇹🇭🇹🇭🇹🇭🇹🇭🇹🇭🇹🇭🇹🇭🇹🇭🇹🇭🇹🇭 ||| BTS !! 👍❤😍 ||| 2024 still here.. Saying this was the best cover that someone ever made for bts.. ||| 와 개인적으로 봄날 커버곡 부른사람중 최고,음악
vPYGuMgOmd0,"Cover by CHEN - '모든 날, 모든 순간' (폴킴)",CHEN,"4월이 이제 끝나가네요~~ 시간은 정말 빨리 가는 것 같아요.. 그래도 오늘 하루도 잘 마무리하시고~! “모든 날, 모든 순간” 들으시면서 따뜻하게  남은 4월 보내시길 바랄게요!! ||| 어느새 종대를 응원한 지 6년이 넘었네.  6년동안 종대와 함께한 ‘모든 날, 모든 순간’이 나에겐 ‘최고의 행운’이었어. 그 중에서도 종대 노래를 많이 들을 수 있는 요근래가 제일 행복하다. 솔로앨범, 유투브 개인채널, 커버영상까지 어느것하나 소중하지 않은것들이 없어서 아껴서 보고또보고 나에겐 정말 꿈같은 시간이야. 앞으로도 오래오래 사람들에게 종대 목소리로 더 많은 노래 들려줬으면 좋겠어.  -20대 청춘을 종대와 함께하고 있는 팬이- ||| 🤗첸이 불러줬으면 하는노래🤗  1. 박효신 ㅡ 야생화 2. izi ㅡ 응급실 3. 임세준 ㅡ 오늘은가지마 4. 김필 ㅡ 목소리 5. 폴킴 ㅡ 편지 6. 아이유 ㅡ 밤편지 7. 범키 ㅡ 비 그리고 너 8. 김조환 ㅡ 사랑에빠지고싶다 9. 먼데이키즈 ㅡ 가을안부 10. 이은미 ㅡ 헤어지는중입니다  종대야 항상보고싶다❣❣ ||| ❤❤❤❤❤넘 좋아요 ||| ""You alone is enough for me""",음악
ui9cLwNXpxc,노래 듣다가 소름돋아 촬영 중단된..역대급 커버 (윤민수&신용재) 인연 ver. (Cover by. 전철민x지세희),셀프노트 스튜디오,"문경화재로 하늘나라로 마지막출동한 어느소방관의 엄마입니다. 벌써 100일지났네요. 모자지간으로 만난귀한인연을 추억하며 정말 다음에 만나면 이손 놓치지않을겁니다.많은위로받고갑니다 ||| 결혼 26년 11개월을 끝으로 아내가 세상 떠난지 100일이 다되어 갑니다.호강도 못시켜줬고 직장다니느라 고생만 하다가 갔네요.늦둥이 딸내미랑 아들을 선물처럼 남겨놓고 먼저 간 아내가 많이 보고 싶네요.부디 하늘나라에선 평안하게 지내길 기원합니다. ||| 얼마전  하늘로 떠난 아들이 생각이 나는 하루네요 저 세상에서는 행복한일만 많이 있기를 ||| 댓글 보구 많이 울었어요 왜 이렇게 절절한 사연들이 많은지ㅜ 모두들 행복하셨음 좋겠어요♡ ||| 내... 마지막 소망은, 별이 된 당신에게로 가서 미안하고 고마웠다고 말 할수 있기를 ~~~🙏",음악
MPc3ri_9SaQ,SUB) 친남매가 부르는(Siblings singing) Anne Marie - 2002 [Cover by Harryan Yoonsoan],Harryan Yoonsoan 해리안윤소안,"여자분 음색뿐만 아니라 표정이나 제스처가 너무 매력적이네요 잘들었습니다.. 귀호강 ||| 음악 유전자가 흐르는 집이구나,,, ||| 왜 아무도 기타 얘기를 안 하지??? 음색도 음색 나름대로 너무 너무 너무 좋지만 기타도  잘 치신다... ||| 뭐야 여자분 왜이렇게 잘해 ||| 원래 남매끼리는 듀엣은 있을수도 없지만  만약에 하더라도 한소절이라도 더부를려는 전투의 현장인데.. 내가 뭘보고있는거야..",음악
Y9KIH9pKyY0,Cover by CHEN - '선물(Gift)' (멜로망스 MeloMance),CHEN,"정말 오랜만이에요~ 신청곡 커버 영상을 이제서야 업로드하게 되었네요.. 기다려 주셔서 감사하고 정말 죄송합니다. 혹시 이번 10월은 어떠셨나요?  많은 분께서 행복하시길 바랄게요. 그럼 영상 보시면서 따뜻한 하루 보내세요~!! 감기 조심하시고요!!  Long time no see~ At last, I've just uploaded the cover-video for song request.. Thanks for your patience indeed and I'm really sorry for the delay. How was your October? I wish you all happiness. Please enjoy my video and have a wonderful day!  Be careful not to catch a cold!! ||| 종대야 너 존재가 선물이야ㅠㅠ 피곤할텐데 찾아와줘서 고마워 우리 김다정ㅜㅠㅜㅜㅜㅠ ||| 진짜 국보급 성대;;;;;; 저 노래를 어떻게 저렇게 편안하게 부르지;;;;;ㄷㄷㄷㄷㄷ ||| HAPPY BIRTHDAY KIM JONGDAE💛💛💛💛💛💛💛💛💛 ||| 정말 종대야 어쩜 그렇게 사랑스럽니 진짜 너가 짱이야 김종대 김종대 없으면 죽어도 안살아",음악
35mqAw9wh-s,인사이드아웃 속 감정들의 IU(아이유) - blueming(블루밍) 커버 cover,낫트윈스 NOTTWINS,"🥰사랑앞에서 한없이 약한 버럭이라구😡😡😡🥰💥 ||| 안녕하세요 JOY역할 한상희입니다! 요번 영상 다들 역대급 비주얼💛 주말 내내 로드타운 아이유 블루밍 들을꺼야아아앗! + 제 노래 해달 - 내 목소리를 사랑한다말해줘 도 많이 들어주세요 ^0^ ||| 🤔(생각중...) ||| 난 이 팀이 좋은 이유 중에 하나가 내 좁은 음악 스펙트럼을 넓혀줘서 좋음. 평소에 한 우물만 파는데 이분들 커버 듣고 좋은 노래 많이 알게 됨 ㅋㅋ ||| 소심언니 안경 찰떡 (*´∇｀*) 기쁨언니 올림머리 찰떡 (*´꒳`*) 까칠언니 베레모 찰떡 (о´∀`о) 슬픔오빠 스웨터 찰떡 (=´∀｀) 버럭오빠 쉼표머리 찰떡 (*´◒`*)  오늘 다들 왜이렇게 귀여워요 ,,,, 모두 다같이 슬픔오빠 / 소심언니 도와주는 거 세상 순수해 사랑스러워 ,,",음악
pnaQ9CbE6P0,"자우림 '스물다섯, 스물하나' 어쿠스틱커버 by 장범준 Acoustic COVER",장범준,"뭔 매 동영상마다 스물다섯스물하나 해달라는지 너무 댓글이 많아서 거슬리기까지 했는데 1분만에 납득되네요,,, 거슬려해서 죄송합니다. ||| 윗세대에게 청춘의 목소리가 김광석이었다면 우리 세대에겐 장범준이 아닐까 싶은. ||| 자우림의 스물다섯 스물하나는 흘러가는 시간이 아쉬워 가슴이 찢어질 것 같아서 준비운동 하고 들어야 하는데, 장범준의 스물다섯 스물하나는 덤덤하게 풀어내서 내 20대 추억이 생각나네. 가수마다 풀어내는 방법이 다르다는거 정말 신기하다. ||| 범준님 사는동안 많이 버십시오,,,,,,,,,,,,,,, 진짜 여한이 없습니다,,,,,,,,,,,,,,,,, ||| 이 집 우우우우~~~~~~~잘하네 우우우맛집",음악
tqvnc6KdbN8,✨틱톡에서 히트친 중국 노래✨ 평범하게 네 곁에 있고 싶어 - 왕치치 한국어 COVER by 커버리스트,MUPLY 뮤플리,‼️뮤플리 틱톡 채널 오픈‼️ ㄴ https://vt.tiktok.com/6Yrd9Q/  뮤플리 오리지널 사운드를 틱톡에서 만나보세요💛 아직 팔로우 안한 사람?🙋🏻‍♀️ ||| 워 개사 누구냐 개잘했네;;;; 1도 안어색하다.... 능력인듯 ㄹㅇ... ||| 이걸 못생긴 사람은 오래 산대 뚱뚱하면 살림 잘한대 직역하면 얼마나 어색할지.. 난 오히려 번안 잘했다고 생각하는데 ㅋㅋ 중국어니까 듣는거지.. 잘듣고 갑니다 ||| 엄마볶음밥어디감ㅋㅋㅋㄱㅋㄱㄱㅋ내 최애부분인디ㅋㅋㅋㅋㅋㅋ 아무말 대잔치노래.. ||| 초록색 염색이 아니라 빛?? 같은 거였네... 첨 앎,음악
ujYnCJB3agg,강민경 - 주저하는 연인들을 위해 COVER,걍밍경,"잔나비노래들은 하나같이 우리말이 얼마나 아름다운지 깨닫게 해주는노래들이다..가사 너무예쁘네 들을때마다 ||| 아 잔나비는 뭔가 포근하고 애틋했는데  이건 너무 아리다,,듣는것뿐인데 왜이렇게 슬프지,,후렴전에 툭 던지듯이 뱉는 구절들에 눈물이 고였네요 ||| 오래 고민하던 일이 해결되고 나서 나른하게 앉아서 듣는데 왜케 이 시간이 감사한지. 민경님 감사해요 ||| 잠들기전 민경씨 노래듣는데 꼭 보랏빛 튤립이 만개한 공원에 서있는 기분이들어요. 봄과여름의 경계에있는듯한 살랑살랑 설레는 느낌의 노래로 오늘하루 고단한게 싹 풀려요",음악
C807sD50KgQ,[WOODZ] TAEYEON 태연 - 11:11 (COVER by WOODZ),WOODZ,🧡첫 소절부터 다 찢었엉💙 ||| 정말 안질리는 노래야ㅜㅜ ||| 2019 is your year Woodz. You're going to shine even brighter. ||| 우즈 좋아하면… 여자가수들의 노래들도 들을 수 있다 무려 원키로!! ||| A REAL ALL ROUNDER RAP✅ VOCAL✅ DANCE✅ VISUAL✅ GAG✅ PERSONALITY✅,음악
AqnnFV8nNu0,힘들때 한번씩 꺼내 듣는 곡... 나만의 슬픔 - 김돈규 커버 | 버블디아,버블디아,"이곡 모르시는분 있으신가요? 한번 들어보세요! 후렴구간에 딱 들으시면~ 아~~~ 하실 노래예요!! 명곡중에 명곡♡ 요번주 토요일은 부산 지스타 행사로 생방송이 없습니다~~♡ ||| 25년전 내가 27살때 딸  돌 한달 앞두고 교통사고로 남편을 잃었을때 이노래만 나오면 울었었는데...울고 싶을때 노래방가서 이노래부르면서 울었었어요 27살이였던 나는 지금 52살이고 돌이였던 딸이 지금27살이네요 그사람은 너무 좋은사람이라 잘사는집  아들로 태어나 편하게 잘살고 있었음 좋겠어요 ||| 잘 들어요, 소리가 아주 깨끗하고 구분이 아주 선명해요 노래가 또렷해요! 저와 같은 마음이신 분 계신가요?👍👍👍 ||| 지금은 성대결절로 원키로 들을 수 없지만 젊었을때의 김돈규가 대단함을 새삼 느껴주게 하는 곡 ||| 노래는 최고😊",음악
_mYcqyM7DwU,[소울라이브] Cover by Soul_G(솔지) | 임한별(Onestar) - 이별하러 가는 길 (The Way To Say Goodbye) +3Up |,솔지Soul_G,"진짜 당신... 유튜브 해줘서 고마워... 당신의 목소리가 세상을 구한다... ||| 대한민국의 유산이다.. 국뽕 좋아요.. ||| 누나덕에 울었어 책임져요 ||| 눈치없이 평소처럼 데이트한다고 생각하고 나갔다가 이별하게 됐어요.. 한동안 괜찮다고 생각했는데, 솔지님 노래를 듣고 그 사람이 이런 생각이었을까.. 하면서 잊었던 마지막 순간을 떠올리니 눈물이 나네요. 좋은 노래 감사합니다 솔지님, 덕분에 위로가 많이 되었어요🙏 ||| 소란한 내 맘을 누군가 볼까봐 애써 웃는 척 해 사실 나는 누구보다 아픈 중인데 많은 날이 지나면 덤덤하게 잊혀지겠지 다시 또 살아가면서 누군갈 사랑하면서 그렇게 이별하러 가는 길 참 맑기도 하다 널 떼러 가는 길 아무 예고 없이 갑자기 맞이할 이별에 많이 힘들지 몰라 미안해 다신 사랑 안 한단 거짓말 뒤로 우는 널 남긴 채 나 차갑게 떠난다 우리 이제는 안녕 안녕 차라리 나를 미워해  화도 못 내는 네게 너무 쉽게 던진 말 그 말 그게 참 가슴에 남아 미안하단 말 못한 게 후회돼 이별하러 가는 길 참 맑기도 하다 널 떼러 가는 길 아무 예고 없이 갑자기 맞이할 이별에 많이 힘들지 몰라 미안해 다신 사랑 안 한단 거짓말 뒤로 우는 널 남긴 채 나 차갑게 떠난다 우리 이제는 안녕 안녕  다 잊어줘 보란듯이 더 잘 살아가줘 차마 하지 못한 말 붙잡아달란 말 우리 사랑한 그 만큼 그 만큼 아파 미치도록 그리울 사랑아 이게 나란 남자야 못 되고 비겁해 널 울게 만들고 또 니 행복을 빌어 우리 이제는 안녕 안녕 안녕",음악
vY_zvQxuXK4,스토커 - 십센치 (10CM) / Cover by 별은 (Byeol Eun),별은 Byeol Eun,권진아 끝 제발 불러주세요ㅠㅠㅠㅠ 진짜 꼭 듣고싶어요.. 진짜 사람을 울리는 목소리 인 것 같아요 .. ㅠㅠㅠㅠㅠㅠ제발 부탁드려요 ||| 가성 이렇게 이쁘게 쓰는 사람 처음봄::: ||| 나빴던 건 타이밍이 아니라 수많은 망설임이였다. ||| 진짜 왜 이렇게 아련하게 생기셨지... 눈망울이 진짜 꽃사슴같애.. 호소력도 괜히 더 짙게 들리고.. 별님 하고 싶은거 다해요!!!!!! 너무 예뽀 ||| 흠뻑 울고 싶으면  두 시간 넘는 멜로영화 찾아보지말고 이 영상 가사 보며 읊으며 눈 맞추면  안구건조증이고 울적한 마음이고 다~ 끝까지 채워서  다시 일어 날 힘을 줄거야.,음악
CIJq5NSX8Lk,김동률_감사(cover) by 박재정ㅣ뽀송즈ㅣ4songs,쏠티 Sal:T,"드디어 박재정의 날이 왔다 ㅠㅠㅠㅠ 댓글 다 최근인거 실화냐 행복함 ㅠㅠㅠㅠㅠㅠ ||| 유야호님이 발굴한 박재정!!!! ||| 박재정 뒤통수만 봐도 설렘 ㅋㅋㅋㅋ ||| 요즘 박재정땜에 잠 못잔다 영상, 노래 무한반복중 ||| 8살딸램키우는 아줌마랍니다~^^ 좋은 목소리,노래듣는게 힐링 하는건데~목소리가 너무 좋아요~가창력은 뭐 말할것도 없네요~응원해요~^^ 놀뭐보면서 진심으로 팬됐어요~앞으로도 좋은노래 불러줘요~^^",음악
ZNtRcjV44t8,윤종신  '1월부터 6월까지' 어쿠스틱커버 by 장범준 Acoustic COVER,장범준,"앨범.. 이 아주 시급해요...... 너무 듣고싶어요....... 요즘 멜론 차트 너무 들을거 없다구요 장범준 긴급수혈 필요합니다 ||| 가을방학 ㅡ 가끔 미치도록 네가 안고 싶어질 때가 있어. 정말 너무 듣고 싶어요ㅠㅠ 신청합니다. ||| 범준님ㅋㅋ 그거아시나요? 여수에 있는 어느 돌문어집에서 장범준님 방문하면 그 날 모든 테이블 공짜라고 붙여져있대요ㅋㅋㅋㅋ 한 번 가보시는게 어떤가요ㅋㅋ ||| 요즘 외모 물오르신거같아요 너무 잘생겼는데? 3집 앨범 진짜 간절히 기다렸는데 기쁘다.. 이제 고3인데 힘들때마다 형 노래 들으면서 힐링해요 ㅋㅋㅋ 고마워요 ㅎ ||| 윤종신님이 부른건 뭔가 씁슬하고 그리워하는 느낌이였다면, 장범준님이 부른건  우울+씁쓸+외로움+그리움이 다 합쳐진것 같다.",음악
vmelqZd_GmY,(+2키업) 파워풀+스크레치 하앜; 부르기 어렵다..진달래꽃 커버,버블디아,"안녕하세요~♡ '락'으로 다시 돌아왔어요~ 부르면서, 날라다니는 느낌이였답니다! 호우~ 오늘 저녁 유튜브 생방이 8시 있어요~^^ 많이 놀러와주세요^^ ㅎㅎ ||| 확끈한 신의목소리 예요❤❤❤ ||| 난 왤케 높은거 잘부르는거보다 펑하고 터지는 그느낌이더 좋지 너무 잘하신다.. ||| 이런 느낌의 락스피릿 한국 여자들만 가능할 듯. 다른 나라 여자들이 이 노래 커버하는 거 상상이 안 되네. 분노 빡침 한서린 감정 죽일듯한 기세. 이런 노래라면 버블디아 님은 나를 즈려 밟아 죽여도 됨 ||| 김소월의 ""진달래꽃"" 너무 슬픈 시 이지. 이럴 때에는 🇰🇷를 흔들어야~!!!",음악
41mKVqQ9tXs,내가 고백하지 못하는 이유..태연 - 만약에 커버 (Cover by 전철민),셀프노트 스튜디오,진짜 그냥 너무 굉장히 좋다.. 표현의 한계를 느낄 정도로.. 🤦🏽‍♀️🤦🏽‍♀️ ||| 맨 손으로 소도 때려잡게 생기셨는데.. 코스모스 한 송이 함부로 꺾지 못하는 여리여리 섬세한 소녀 감성이네요.. 🤦🏿‍♀️🤦🏿‍♀️ ||| 만약에.. 이 가수를 몰랐더라면.. 😱😱 ||| 온도 습도 바람이 완벽한 발라드의 계절에 들으니 더할 나위 없이 좋다.. 🍂🍁 ||| 여태까지  태어나면서 봤던 사람들중에 가장 노래잘부르고 목소리가 진짜 내취향이다 진짜 애절함도 있고 눈물나네 가사의미 전달이 잘되서,음악
O1R6NGzYFH4,"송하예 ""새 사랑"" 디셈버 DK 커버영상",디셈버 DK,이분은 진짜 옛날부터 노래하나로 행실로 응원하고 싶은 사람. ||| 구독자수... 4.16만명이라니 29살의 주야도는 공돌이입니다.. 야간 일찍끝나는날 이면.. 집에서 소주한잔하면서 형님 노래감상하면 감성에젖네요... 너무감사합니다... 구독자수 늘어났으면 좋겠어요 정말... ||| 이렇게.. 감미롭게 부를수있는 남자 가수가 얼마나 있을까 정말 타고난듯.. 신이내린 목소리 ||| 진짜 지금 23살입니다  초등학교 1학년부터 진성팬이였습니다 형콘서트도 갔고 진짜진짜 팬으로써 많이좋아합니다 항상 응원하겠습니다!! 군대에서도 다 여자아이돌보는데전 형나온 방송만보니까 동기들이 꺼라해도 끝까지 형방송만봤습니다 ||| 와....천상계 가수.... 플레이리스트에 90프로가 DK님 노래에요!,음악
SEeoye3dx78,【Cover】 황인욱 - 송하예 / 새 사랑,황인욱,이별주 마신지 얼마나 됬다고 벌써 새사랑입니까 형님ㅋㅋㅋㅋㅋ ||| 황인욱이 '니노래내노래' 스킬을 시전하였습니다. ||| 1:13   2:04 내헤↑~~답을 기다리는 이부분 감성은 인욱님밖에안되는듯... 진짜 쇳소리섞여서 취향저격이다 ||| 새 사랑하면 크게 혼날 분위기네 ||| 와 ㄹㅇ 역대급 커버인것같다 ㅋㅋㅋ 목소리가 선천적으로 뛰어났네,음악
hoZRbnDQiz8,이누야샤 (犬夜叉) OST - 시대를 초월한 마음 COVER,DIAN,"와 ...진짜 이노래 커버하는사람들 보면 다들 미성에 쫌 가벼운 목소리라 하  묵직한 여성커버 없나 ...했는데 진짜 대박이십니다 와 ...제가 찾던 완벽한 커버에요 와..... ||| 원래 시대를 초월한 마음이 슬픔을 못이기고 부르는 아련한 곡이었다면 이분이 부른건 엄청난 위험에 빠진 사랑하는 상대를 어떻게든 구하러 간다고, 지켜주겠다고 부르는 기분임ㅜㅜㅜㅜㅜ ||| 그동안 많은 좋은 커버들었는데  내 기준에서는 이 커버가 가장 좋았다.... ||| 이번꺼 진짜 카라 짝사랑 버전이잖아요ㅜㅜㅜㅜㅜㅜㅠㅠㅠㅠㅠㅠㅠ넘좋 ||| ""가는거냐.."" ""그래... 미련은 없어.. 마지막 순간에 봤으니까..""",음악
hZN5w65P9_o,엠씨더맥스 (M.C THE MAX) - 사계 (하루살이) 여자 커버 (COVER BY NIDA),NIDA,지금보니까 한국어 참예쁘다 ||| 하루살이 부르다 하루살이 될뻔 ||| 내 목소리는 배달주문 시키려고 존재하나 자괴감들어.. ||| 3초 우주엄마..,음악
tRxzZd2vSrk,첸 (CHEN) - 사월이 지나면 우리 헤어져요 (Beautiful Goodbye) COVER,옌 YEN,Beautiful Goodbye - Chen ❤❤❤ uri haji moshan maldeul majeo yaegihaeyo sandeulbarami uril gamssajul ttae ireohge maju anja ibyeore daehae malhaeboayo  ibeon gyeouri jinago kkocci pigo namyeon uri idaero da gwaenchanheul geora haesseossneunde amuri noryeogeul haedo sideureoganeun mam gyeondigi himdeureo  sawori jinamyeon geuttaen uri amu ildo eopsdeusi balgireul dollyeoyo geuraeya majimak uri insaga areumdaul su issge geuttaekkajin jogeumman deo useoyo useoyo  dasi siganeul doedollyeo cheoeum mannandamyeon garodeung yeope seo issji marayo miso jisjido oensoneuro meoril neomgiji mayo geuraeya naega geudaereul jinachil tenikka  sawori jinamyeon geuttaen uri amu ildo eopsdeusi balgireul dollyeoyo geuraeya majimak uri insaga areumdaul su issge geuttaekkajin jogeumman deo useoyo  ne mameul dadogyeobwado byeonhaneun iyul mureodo meoreojyeo geureoni ireon naboda deo naeun sarameul manna miso jisgireul baraeyo  geudaega meoreojin mankeum siyaga heuryeojineyo saranghaesseossgi ttaemune uri majimak insareul haeyo i sigani gagi jeone haengbokhaeyo geugeol bireoyo gieokhaeyo saranghaessdan geol uri uri uri uri ||| 사월이 지나면 우리 헤어져요 내 최애곡인데ㅠ커버 감사합니다! ||| 뭐야 왜이리 열일하세요.....  저희야 감사하지만^^ 요새감기걸리시는분들 많던데 건강잘챙기셔서 좋은노래 많이들려주세요~~~ ||| 아ㅜㅜ 엑소팬인데 노래 개좋아요ㅜㅜ ||| 뭔가 5월 되기전에 많이 들어놔야 할거 같다.,음악
tfqJ668WzUA,이해리 - 넘쳐흘러 COVER,걍밍경,"여러분 스페셜 게스트 다비치의 이해리씨 제 방에서 아주 편안하고 만족스럽게 녹음과 촬영 끝마치고 가셨습니다 제겐 아주 영광스럽고 역사적인 날이었답니다 (그나저나 촬영 및 후작업과 녹음 비용 입금 아직 안해주셨네요 이해리씨 먹튀는 범죄입니다) ⓒ 2019. 강민경. All rights reserved. 증거 영상: https://youtu.be/HhkK5ZAWU8s ||| 큰언니가 유튜브 할줄 몰라서 대신해서 올려주는 동생 느낌 ||| 세상 모든 노래를 이해리로 듣고 싶을 때가 있다. ||| 이해리는 과장없이 ㄹㅇ 음정,성량,호흡,감정,기교,발음,목관리 모두가 흠잡을래야 잡을수없는 여성보컬의 교과서같은 가수임 천재가 노력해야만 나올수 있는 경지라고 봐야됨 ||| 수십개의 커버가 있지만 4키 5키 올리고 부르는거 진짜 의미없다. 남들보다 높지 않아도 목소리에서 전달하는 진정성 여자커버중에 넘사벽이라고 느껴진다.",음악
Lvsp9--o5JY,"🎤[Live] 정은지-어떻게 이별까지 사랑하겠어, 널 사랑하는 거지 cover (원곡:AKMU)",정은지 EUNJI,"악뮤의 목소리로 짐작한 사랑은 첫사랑, 풋사랑이었다면 믕지 언니는 뭐... 약혼 정도는 파토나야  저렇게 사연 있게 나오는거 아닌가요 ||| 원곡은 고등학생의 풋풋한 이별을 담은 절절한 일기장 같다면, 은지의 커버는 스무살 대학생의 연애 끝에 이십대 중반이 되어 각자의 갈 길을 앞에 두고 헤어짐을 노래하는 것 같다 ||| 악뮤는 처음 해본 이별같은 느낌이었는데 정은지는 권태기 온 다년차 커플이 지쳐서 헤어지는 이별 같은 느낌... 둘다 좋다.. ||| 진짜 무슨 7년 연애하고 쫑난거 같은 연애의발견 OST 되는거 같음 ㄷㄷ ||| 9년동안 에이핑크를 좋아했는데 이 노래를 들으면서 에핑뉴스를 보면서 웃던 초딩이 고3이 되서 수능을 준비하기까지 지나온 시간들이랑 그동안 지켜봐왔던 에이핑크가 달려온 길 전부다 생각나서 눈물나네... 진짜 에이핑크는 내 십대가 의미있었다는 증표다",음악
hv9ZDpSORTU,최재훈 떠나는 사람을 위해 커버(cover) ♪ 연규성 ♪ 극강 헬곡! 고음의 끝판왕! 이어폰 필수! 시원한 고음을 들어보세요~,연규성 YEON KYOO SEONG,"잘하신다 진심 원곡에 가장 근접한 커버 인정해요🎉 ||| 팬입니다 내가힘들때 늘 당신의 노래들으면서 한번울고나면 다시시작합니다 늘힘들때 당신에 노래에 듣고 또다른시작을 합니다 감사합니다 ||| 86년생 입니다 23~4년전  김병수씨와 함께 우리의 영웅이였습니다 역시 고음은 변한게 없네요 ||| ""그만큼만 용서해""랑 ""눈물까지""~ ""머물게해""~이거 끝음까지 제일 힘안빠지고 잘 부르시네요. 특히 ""차갑게 너를 떠나겠지만"" 말이 안나옵니다. ||| 성대결절을  이겨내고  극복을넘어  더 단단해지셨네요 감동받고 갑니다",음악
sX8D0PYIj4k,'거리에서' (김광석)｜Cover by J-Min 제이민 (one-take),Oh! J-Min 오! 제이민,"김광석 선배님이 부르시고 김창기 선배님이 작사, 작곡하신 명곡 '거리에서' 를 어쿠스틱 기타 한 대와 라이브 버전으로 불러봤어요.  늘 원테이크지만 마이크에 따라 이렇게 라이브감이 더 생기네요. 기타는 이정선밴드에서 기타, 만돌린 을 치시는 기타리스트 박재형님께서 기꺼이 연주해주셨습니다.  지금 저는 김광석 선배님의 노래로 이루어진 뮤지컬 '그날들' 에 참여해 공연중인데요, 이제 서울에서는 오늘 저녁 공연을 포함해서 단 4번의 공연만 남겨두고 있어요. 작년 겨울부터 해온 공연인데 몇번 남지 않아서 시원섭섭한 마음이 그득그득하네요.  김광석 선배님이 부르신 곡들은 여자 목소리로 살리기가 참 어려운 것 같아요. 남성 화자의 감성이 강하다고나 할까... 무튼 정말 모든 곡들이 어렵습니다. 그래도 선배님이 늘 객석 중앙에서 지켜보고 계시는 공연을 하고 있으니... 감사함과 존경하는 마음을 담아, 제가 많이 부족하지만 한 곡 커버를 해봤습니다. 주옥같은 멜로디와 가사를 음미하면서 찬찬히 들어봐주세요. ||| 최고예요.😮목소리도 너무좋으시고 노래 너무 좋아요 감사합니다. ||| 우와 광석형님처럼  가슴을 파고 들어요 감동백배 ㅎ 정말 노래 잘하시네요 ... 짝짝짝 서른즈음  잊어야한다는마음으로   사랑했지만  너무아픈사랑은. ..후속곡 기대합니다 ||| 가슴아픈울림~  음색이정말 이쁘네요~ 제이민, 정말훌륭한가수입니다. 퐈이팅하세요 ||| It doesn't matter what language that you sing in,,, the effect is the same !! Beautiful !!!",음악
Ej7euJ28mXs,BTS (방탄소년단) – EPIPHANY (진 Solo / Jin Solo) COVER,옌 YEN,"Imagine if she and Jin did a duo for this song... ||| E piphany  A wake T onight  Jin just want to eat :) ||| This is the best cover of Epiphany I've heard 😭 ||| Bruh, that high note was out of the world! ||| Jin should watch this 💜👏",음악
Fc-H3AaQGTs,상록수 feat. 나래(Narae) - 호랑수월가 (나와 호랑이님 OST) COVER by YEN,옌 YEN,"많은 분들이 요청하셨던 호랑수월가 커버입니다. 잘 들어주셨으면 좋겠어용💕 행복한 주말보내세요❗️ 이어폰 또는 헤드셋을 끼고 들으시면 더 좋습니다❤️ ✔️인스타그램 : https://www.instagram.com/yx_ni_02/ ||| 헤어진 연인 그리워하는 공주가 밤하늘 보면서 부르는 것 같음.......... 목소리에서 옥구슬 굴러가요....... ||| นึกถึงเรืออับปางเลย แด่นักเรียนที่จากไป😢🎗🥀 ||| 시대를초월한마음에 이어 호랑수월가까지!! 이어서 ""인연""까지 해주시면 완벽 삼위일체..! 부탁드립니다♥ ||| 침대점령님이랑 듀엣 해보시면 어떨까요... 두분 목소리가 상반 같으면서도 잘 어울러져서 호량수월가 중에는 최고가 되실거 같은데 ㅜㅜㅜ",음악
bqddrPKwxDo,이선희 (Lee Sun Hee) - 인연 x 호랑수월가 COVER by YEN (+1key),옌 YEN,"오랜만에 또 분위기잡아보는 옌니,,,,😅 저는 이런 노래가 제일 어려운것같아요 잘 들어주셨는지 모르겠어요 다음주에도 더 좋은 노래로 돌아오겠습니다❤️ 이제 진짜 한여름이네요 작년보단 덥지않아 다행입니다 다들 좋은밤되세요💐  오늘도 와주셔서 감사합니다 행복한 주말보내세요❗️ 이어폰 또는 헤드셋을 끼고 들으시면 더 좋습니다❤️ ✔️인스타그램 : https://www.instagram.com/yx_ni_02/ ||| 너무 힘들고 어쩔 수 없을 때 들었던 우연히 들었던 노래를 다시 들으니 울컥 했네요  인간관계에 치여 모든 걸 포기하고 싶었는데... 이제는 내사람들과 다시 살아갑니다. 이 노래 정말 감사하네요 ||| 2년이라고 하죠...거부할수가 없죠... 내생에..이처럼 아름다운날...... 또.. 다시 올 수 있을까요.....    -군대영장- ||| 신은 그녀에게 얼굴도 주고 목소리도 주셨다 ||| 옌님은 상큼달달 복숭아같은 느낌인데 목소리 호소력 오져서 신선이 백도 먹으려고 했다가 인간세상에 떨어트려서 졸라 상처받은 아련한 복숭아같음 ㅠㅠㅠㅠㅠ 너무조화,,,,",음악
WgXJb9uNtmM,VOS 있어줘요 (장덕철) cover,VOS 최현준,2024년에도 듣는사람 손!!!!!! ||| 조별과제에 입상한 장덕철조와 그 과제를 내준 교수님들 느낌... ||| 2025년에도 오신분 좋아요 😊 ||| 선배님들 감사합니다!! 😊 ||| 아 이건 진짜 미쳤다 정말 죄송하지만 vos가 이렇게 음원냇으면 리얼 1등이엿다...,음악
OvOOGkCDx4k,Cover by CHEN - '고백' (양다일),CHEN,3/14 화이트데이가 다가왔네요!  첫 영상이자 화이트데이 선물로  양다일씨의 고백이란 노래를 커버해봤습니다!  노래가사는 조금 슬픈 내용을 담고있지만....  제목처럼 누군가에게 진심을 담아 고백해보는건 어떨까 하는 마음을 담았습니다!!  여러분들께서 기분 좋게 봐주시고 즐거운 하루 되시길 바래요~! ||| 뭔가 엑소 노래를 부를때의 창법과는 다른 느낌으로 다가오네요! 가수로서의 첸을 진심으로 응원합니다. 솔로곡들 듣다보면 참 다양한 소리와 감정을 들려주는 것 같아 새롭고 좋더라구요... 유튜브를 통해 가수로서 더욱 다양한 모습 보여주시길 기대하고 응원하겠습니다.  연습하는 곡들 많이많이 공유해주세요! 화이팅!!!!! ||| 자기전에누워서듣는데 왜눈물나는지 그냥하루힘들고이런거 종대노래들으면서 위로받는느낌이야 얼른만나고싶다 ||| 지금도 듣고있어^^ ||| 예전에 커버송 사랑했지만이였나 그때처음알게되서 많이들었는데 그뒤로활동소식못들어서 까먹고 오랜만에 듣네요... 진짜 이번노래는 역대급.. 진짜 눈물나와요계속,음악
oFqd51FAPVA,송이한 - 사랑이 식었다고 말해도 돼(먼데이키즈)Cover,송이한 Song I Han,임한별님 노래 부르면 어울리실 것 같은데 불러주십쇼 형님 ||| 식었던 사랑도 다시 따뜻하게 데워질것 같아요...👍 ||| 와........안녕이라는 말 듣고 너무 좋아서 다른 것도 들었는데 진짜 너무 좋네요..............전상근 사랑이란 멜로는 없어 커버해주세요ㅜㅜㅜㅜㅜㅜㅜㅜㅜ ||| 한 소절에서 찢으면 어떡해요 사과해요 사과 우리 이한님 정말 제 마음 찢으면 곤란해😍❤️ ||| 또 와써여 ❤❤,음악
SuHIvGhTyAA,(Kassy) 케이시 - (True Song) 진심이 담긴 노래 cover by suzi / kpop,suzi,"다시 올렸어요~ 편안한 밤 되세요 여러분🤗🧡 ||| 아름다운 목소리.... ||| 진짜 완벽 그자체,,⭐️ ||| 첫소절에서 이미 소름돋고 듣습니다💕 ||| 퇴근하고 집와서 듣는데 생각에 잠기게 하네요 ㅎㅎ...  너무 잘들었습니다 ^^ 날씨가 밤에는 쌀쌀 하네요~감기 조심하세요 ~",음악
SfxcPOEMRJ4,(LEE HI)한숨/BREATHE【COVER by Guriri】,구리리 Guriri,"일러스트 그렸습니다!! 미숙하지만 구리리님 보컬에 업혔습니다 ლ(•ω •ლ) ||| 구리리 님이 어떻게 이별까지 사랑하겠어, 널 사랑하는거지 불러주셨으면ㅠㅠㅠㅠㅔ ||| 듣는 내내 소름돋았다 이사람은 어쩜 부르는 노래마다 잘어울리지? 어울리게 잘 부르는건지 선곡을 어웅이는걸로 잘하는건지 .......뭐 둘다 대단헌거다 ||| 아니.. 이분은 계속 음원을 씹어드셔..;; 아침으로 씨디 먹는듯 ||| 요새 구리리님 꺼 알림 너무 자주 울려서     심장마비 걸리겠어..   아드레날린 뿜뿜되가지고 심정지 뙇!",음악
3qh9GNURPIw,길구봉구 - 이별(cover),숭덩,좋아요 ||| 파도타러왔습니자. ||| 썸네일 버거형인줄 ||| 목소리만들어도 엉덩이에서 냄새 날거같네요 ||| 영어 발음이 좀 똥같네요 아프가니스탄식으로 발음해주세요 ^^ㅋ,음악
QjHx9R-GxPw,이소라 '신청곡' 어쿠스틱커버 by 장범준 Acoustic COVER,장범준,"형님 저 진짜 진지하게, 형님이 슈스케에서 부르셨던  ‘그댄 달라요’만 반복재생으로 1000번은 들은거 같습니다ㅠㅠ 한예슬 그댄 달라요 커버 간절히 요청해봅니다... ||| 이 노래는 진짜 그냥 장범준의 신청곡인 느낌이네요! 거의 니노래 내노래 수준인데요..?! 정말 신이 주신 목소리네요 노래 너무 잘 들었어요!! ㅎㅎ ||| 1:25 헤이 디제이 부분에서 소름 쫙 ㅜㅜㅜㅜ 음색 무슨일입니까 항상 최고예요.... ||| 델리스파이 고백 불러주시면... 내 귀가 아마 녹아내릴듯... ㅜ ㅡㅜ 살짝 신청하구 가요 ||| 많이 피곤해 보이시는데 좀 쉬엄쉬엄 해주셔도 괜찮아요! 앨범 준비도 하시는데... 눈빛 보면 항상.. 맴찢",음악
2RaN5aJBZi0,Perfect - 10cm 십센치  / Cover by 별은 (Byeol Eun),별은 Byeol Eun,"저게 사람 성대에서 나는 소리인지 사람 목소리가 이렇게 청아할일인가요 지금 없는 애인이랑 이별씬 찍고 옴 ||| 구름속에 흐릿하게 보이는 별같다ㅇ ||| 헐 예전에 댓글에 남겻던건뎅♡♡은비님 감사드립니다ㅜㅜㅜㅜ세계 최고 우주통합도 할수잇는 음색에 한번더 녹아내리고 갑니다ㅠㅠㅠㅠ♡♡♡♡♡ ||| 뜬금없지만 유튜버라면 당연히 유명해지면서 악플이나 이런것도 늘어만갈텐데 신경쓰지마세요... 누나처럼 뜨기시작한 유튜버는 멘탈 꽉 잡으셔야해요 ㅠㅠ  악플다는사람들이 없을수만은 없을거에요..... 쨋든 그런악플신경쓰지마시고 항상열심히 유튜버 영상활동하시고  영상보고 눈이랑 귀호강하고 갑니다!! 100만까지가즈아!! ||| 우리가 함께 그리던 추억은 이젠 찢어져 편린이 되어 가슴 속 깊숙히 박혀 아파오네요. 두손 함께 모아 우리가 그리던 그림들은 갈수록 아름답기 보단 어두웠던거 같네요. 내가 눈치가 조금만 빨랐다면, 마지막 그림 한 폭 정도는 남길 수 있지 않았을까요..   늘 별은님 목소리로 힐링 합니다~ 지겨운 병원생활 덕분에 큰 위로가 됩니다! 언제나 응원할게요~^^!",음악
V1TdB6-fn5Q,홍광호 - 발밤발밤(선덕여왕OST)COVER +2key,로엘Roel,"발밤발밤 : 한 걸음 한 걸음 천천히 걷는 모양 ||| 비담이 덕만이한테 가기위해 화살 맞으며 한발 한발 가는 장면 생각나네여ㅜㅜ  ""덕만까지 10보..""  ""덕만까지 8보.."" ||| 국악 전공하고 있는 학생입니다 우리 소리의 한이 담기고 서글픈 목소리 어쩜 딱 맞는지...잘 듣고 있습니다 유독 사극풍 많이 부르시는 거 너무 좋습니다 좋아요 조호아여!! 우리 것의 아름다움이 대중들에게 더 많이 알려졌으면 좋겠네요 최고십니다❤️❤️ ||| 미쳤다 이제 보니 가사가 정형시조 율격하고 비슷해요 ㅠㅠㅠㅠ 나 죽어 ㅠㅠ   천개속에 /발소리도 /그대란 걸 /아는데 발밤발밤 /걸어 /날 떠나가도 겨워겨워 /내 안에 /품어야지 울어울어 /우는 그 /마음까지 ||| 진짜 비담이 죽을때 오열하면서 울었다.. 어린시절 나야.. 난 커서도 울고있다..흑흐흐구",음악
Xy4fk5RjC9w,(k-pop)[한양대학교 실용음악학과 보컬 박민지] 패닉 - 달팽이 COVER,블박 TV,얼굴도 예쁘시고  어쩜 목소리까지 ㅜㅜ  욕심이 많아요~~민지님이 하는 노래는  들려주기 위한 노래가 아니라 정말 노래가 좋아서 하는것같아 듣기도 보기도 좋네요 ~~멋져요~ ||| 민지님♡♡ 최고의 보컬입니다 편안한 목소리 너무좋아요 원곡과 또다른 느낌 굿  승승장구 하시길 응원해요 민지님 팬입니다^^//♡♡ ||| 이쁘고 잘부르내 나도 노래방에서 부르는 18번 노래이내 ||| 96년도에 나온 노래 이네요 ||| 목소리가 완전 좋으시네요 ㅎㅎ 고음이 팡팡터지네요!!! 잘 듣고 갑니다~,음악
w3E8Znp4DSw,[묘야] J Rabbit(제이레빗) - 요즘 너 말야 🌻 COVER,묘야,4년 전 군대에서 이 노래로 묘야님을 알게 되고 이 노래를 가장 좋아했었는데... 좋은 노래 감사했습니다 호랑이 별에선 언제나 행복하길.. 삼가 고인의 명복을 빕니다.. ||| 평화가 찾아왔습니다 평화라는 단어가 형태가 있으면 이렀구나 좋다 ||| 이렇게 예쁜노래가 있었구나... 하늘에서도 좋아하는 노래 하시면서 편안하셨으면 좋겠어요 ||| 어??? 그냥 들어봐봤는데.... 목소리가... 넘 청량하고 귀염하시다....    혹시 2020년에 들으시는 분있으시면 🤚 ||| 기대기대 하던 신곡 나왔네요~🎤🎵 제가 이 노래 너무 좋아하는데🎶 묘야님 버젼이 나오다니 너무 좋아요~😍👍 신곡 잘 들었습니다~🎧🎶 새해 복 많이 받으세요~💖💖,음악
EtYJyV46Jck,볼빨간 사춘기(BOL4) - 나의 사춘기에게 (To My Youth) COVER,옌 YEN,진짜 미세먼지 하나도 안 마셔본 목소리야 당신... ||| 옌님...옥탑방 불러주세요ㅜㅜㅜㅜ 진짜 목소리 너무 예뻐요ㅠ ||| 전 원곡 말고 다른 커버노래들을 많이 듣는데 그중에 옌 님 노래를 제일많이 듣는거같습니다..  많이들어도 질리지않고 더 듣고싶어지는 노래 ||| 이 노래 제 최애곡인데 ㅠㅠ 옌님이 불러주셔서 더슬프고 더좋아지네요 ㅠㅠ ||| Naneun hanttae naega i sesange Sarajigil baraesseo On sesangi neomuna kamkamhae Maeil bameul uldeon nal Charari naega sarajimyeon Maeumi pyeonhalkka Moduga nal baraboneun siseoni Neomuna duryeowo  Areumdapge areumdapdeon Geu sijeoreul nan apaseo Sarang badeul su eopseossdeon Naega neomuna silheoseo Eommaneun appaneun da Naman baraboneunde Nae maeumeun geureon ge aninde Jakkuman meoreoman ga  Eotteokhae eotteokhae eotteokhae eotteokhae  Sigani yagiraneun mari Naege jeongmal majdeorago Haruga jinamyeon jinalsurok Deo naajideorago Geunde gakkeumeun neomu haengbokhamyeon Tto apaolkka bwa Naega gajin i haengbokdeureul Nugungaga gajyeogalkka bwa Areumdaun areumdapdeon Geu gieogi nan apaseo Apeun mankeum apahaedo Sarajijireul anhaseo Chingudeureun saramdeureun da Naman baraboneunde Nae moseubeun geureon ge aninde Jakkuman meoreoman ga  Geuraedo nan eojjeomyeon Naega i sesange Balkeun biccirado doelkka bwa Eojjeomyeon geu modeun apeumeul Naeditgoseorado Jjalpge bicceul naebolkka bwa Pogihal suga eopseo Harudo mam pyeonhi jamdeul suga eopsdeon naega Ireohgerado ireoseo boryeogo hamyeon Naega nal chajajulkka bwa  Aaaaaaa aaaaaaa Aaaaaaa aaaaaaa  Eolmana eolmana apasseulkka Eolmana eolmana apasseulkka Eolmana eolmana eolmana baraesseulkka,음악
yFYsaCLZP2Y,[제8회 익산윈드오케스트라 정기연주회] WIND&CINEMA 영화 음악 콘서트,고도프로덕션,❤ ||| 이거 어제 봤는데,음악
QrkC_q1kmLc,존 윌리엄스 영화음악 콘서트,PRM TV PRM Idealab,,음악
Xk1e5LkYL2s,[Live] 임성규 - 산다는 건 그렇죠_위로가되는 음악 라이브 레전드!,Sound Republica,위로와 힘이되네요 잘 듣고갑니다 ^^~ ||| 가사 담긴 마음에 많은 위로가 돼요~♡ ||| 노래 좋아요ㅎㅎ,음악
mfSL4pPpJjk,죠지 - barricade(4K)@무경계음악콘서트,Ryan Lim,,음악
CwCCumdIyL8,존 윌림엄스 영화음악 콘서트 공연 팜플렛,괴수의왕 Movie Monster,,음악
zIj0PEKdOtU,스토리가있는자연치유음악콘서트,조인애,,음악
-vAJs4tshT4,죠지 - 22(4K)@무경계음악콘서트,Ryan Lim,,음악
bh3F4az2YYA,KBS스포츠 오프닝 음악 라이브 by 윤채 (前지현수),KeyMusic,"이걸 무려 17년이 지나도 웅장하고 당장 경기장으로 직관하려고 뛰쳐나가고 싶어지네요 👍👍 ||| 고등학교때 등교시간에 조금 일찍 도착할때면 멀리 운동장 끝 모퉁이 음악실에서 울려퍼지던 피아노 소리의 주인공 이셨죠. 추억이지만 그땐 써클에서 하늘에 별과같은 존재, 살아있는 전설의 선배. 댓글로나마 아는척 해봅니다. 항상 건강하고 행복하세요. 🎉🎉 ||| 와~~~ 띵곡 오브 띵곡입니다 천재세요 ||| V로 멋찌게 마무리 ~~멋쩌요 ~^^♡♡♡♡ ||| 해철님의 10주기로 방문했어요",음악
BFutLWKd6HU,Adoy(아도이) - Grace(4K)@무경계음악콘서트,Ryan Lim,,음악
ALYKTW58xh8,존 윌리엄스 영화 음악 콘서트 공연 끝난뒤 객석입니다.,괴수의왕 Movie Monster,,음악
9ht2tMSHOv8,[녹화중계] 2019 애틀랜타 대한민국 영화음악 콘서트 제2부 #박평강 #박유리 #민복희,NewsAndPost 뉴스앤포스트,00:11 해적 2:24 가을로 7:06 더 테너 리리코 스핀토 12:57 스캔들 14:18 국경의 남쪽 19:47 얼굴 없는 미녀 25:35 용의자 28:01 달콤한 인생 33:25 베테랑 40:48 파바로티 45:21 태극기 휘날리며 48:57 해바라기 ||| 뭐야 이 좋은 영상에 ㅡㅡ 댓글이 없어~~ 굿!!,음악
heqFRqBrYzk,일요일엔 영화음악 해설이 있는 한국 영화음악 콘서트,괴수의왕 Movie Monster,,음악
P8PhIIwssOQ,191228 한국영화음악 콘서트 / 홍이삭 - Butterfly (영화 '국가대표' OST),MH,❤😊이렇게 부르는거 넘좋아요 더감동이에요❤😊 ||| 홍이삭님  목소리는 감동입니다😊 ||| 이삭님 노래 안듣는 날이 없어요😂 ||| 모든게 다좋네요❤ ||| 홍이삭님 응원합니다!!!,음악
fiwoUszf9TE,The Gift 영화음악 콘서트 코리아 아트빌리티 체임버,코리아 아트빌리티 체임버,,음악
Bq4jnMaWWLo,D&S 대중음악 콘서트,D&S Saxophone mouthpiece,,음악
DOkvzrKHNpg,가수장영주 곡명언 니 갈무리 음악콘서트 김은서와 함께하는 힐링타임 (갈무리 예술단),인천TV방송영상명감독박동만,,음악
AditL0SPOQI,음악라이브,손종욱4,,음악
jEB0EGxi_hs,아울라운지 힙합음악 라이브디제잉 50min LIVE DJING ITAEWON CLUB / 디제잉배우기에 굉장히 도움될겁니다 #stormick,DJ차돌 ,클럽 수없이 다녔지만 최근 2년동안 이렇게 노래 잘트는 dj 본적이없다 ||| 아울 분위기맞게 딱맞는 라이브믹셋인듯 아울 가보면 알겠지만 베이스가 부랄떨릴만큼 세서 듣는맛이 엄청남 선곡보니 트랩이 많아서 애들 귀 호강했을듯 ||| 몇년째 운동할때 출근할때 듣고 있었는데 요즘은 대청소할때 티비에 연결해서 틀어놓고 클럽인양 흔들어제끼면서 대걸레질함... ||| 아울 가고싶어요… 이태원 사고 난 이후로 가기가 꺼려져요…ㅠㅠ 노래 참 좋았는데 ㅠㅠ ||| 진짜 몇년이 지나도 참 좋네 요즘 차돌님 처럼 틀어주는 곳도 없고 곡 선정이 미쳤🫢,음악
ie9YWmZPcos,음악라이브,손종욱4,,음악
BOEe7lX7BR4,가수정동욱 곡명최고 친구 원곡소 명 갈무리 음악콘서트 김은서와 함께하는 힐링타임 (갈무리 예술단),인천TV방송영상명감독박동만,,음악
OlVqp5hBHzY,[음악/콘서트] '노래하는 깡교수' 따란~ 광주광역시문화예술회관 공연 트로티카 대기실 리허설 모습 동백아가씨 커버 편곡 타운매거진 11월의뮤지션 광주맛집 영미오리탕,깡교수,"구독 누르고 갑니다 ^^ 트로티카 노래 좋아해요~~~ ||| 사랑해여 교수님 🥰 여전히 너무 멋진 교수님 자랑스러워요 히히 ❤️❤️🙏🏻 ||| 며칠 전, ‘빛고을 광주’에서 타운매거진 11월의 아티스트 공연이 광주광역시 문화예술회관에서 있었습니다.  4시간을 달려 도착한 그 곳은 정말 따뜻한 곳이었습니다. 관객 분들께서 먼저 마음을 열고 함께해 주셨어요. 저도 그 마음 확 받고! 텐션 올려 정말 즐겁게 공연 했습니다. (넘 올렸었나; 지금 생각해도 잼났었어요 힛)  본 공연 영상은 촬영팀에서 수고해주셨고, 공연 후 영상은 사진 촬영에 정리에... 정신이 없어 남기질 못했네요 :) 무대에서 어떤 일들이 일어나는지  평소 궁금한 부분이 있으셨다면 댓글 달아주세요 힛  오전 10시부터 시작된 일과는 다음날 새벽 3시에 마무리 되었습니다. 몸은 고단했지만 마음은 한결 가벼워진...  영상 클릭해 주셔서 감사합니다! 오늘도 활기찬 하루! 바라요 :)",음악
1DHVytRabow,[HYNN (박혜원) 라이브] 양파의 음악정원 (애송이의 사랑),FinDing,응원할께요 진정가수임 ||| 원곡가수는 얼마나 뿌듯할까   자기 최고 히트곡을 수백번 들으면서 연구하고 연습해서  이렇게 훌륭하게 소화해내면  양파누나 눈에는 박혜원씨가 너무 이쁠듯 ||| 와.. 그냥 잘부르는게 아니라 이곡을 수없이 들어보고 부른솜씨네요 ||| 정말 노래 잘부르는건 알았지만 지금 들으니까 양파 느낌도 있다 진짜 잘부르심 ㅋ ||| 원곡자 앞에서 부르는 게 정말 힘든건데 잘하네요. 요즘 권진아랑 박혜원이 제 최애 여가수입니다,음악
YHEUxPE1f0g,이애란 신만고강산 제11회 한마음음악콘서트,노석재,,음악
uotFTn_rC5k,김경자 내생에못잊을사람 제11회 한마음음악콘서트,노석재,,음악
FDpzBMV9REk,가수.노래강사영화 곡명열두줄 원곡김용임 갈무리 음악콘서트 김은서와 함께하는 힐링타임 (갈무리 예술단),인천TV방송영상명감독박동만,,음악
usEQH3fFhN4,[녹화중계] 2019 애틀랜타 대한민국 영화음악 콘서트 제1부 #김준성 #최자현 #김남훈,NewsAndPost 뉴스앤포스트,"6:20 말아톤 23:47 집으로 가는 길 33:53 광해 44:57 특별시 사람들 49:37 허스토리 52:55 나의 사랑 나의 신부 56:57 메소드 59:49 공모자들 1:04:24 가발 ||| 감사합니다   Thank you so much for sharing this magnificent concert. Both director and orchestra are really great. I particularly enjoyed listening to the music of Marathon, I love that movie. ||| 너무좋아요.",음악
4fkEq_FjncY,갈무리음악콘서트 주안지하상가 - 가수 신바람부부 - 동그라미인생,"신바람부부 (신택수,이계옥)",,음악
3ib7KZcJ9KI,가수박흥래: 내인생의건배&찿아가는음악콘서트,엄지방송TV(장혜진),,음악
4CcH2U02w-E,가수이용민 곡명청춘 고백 원곡남인수 갈무리 음악콘서트 김은서와 함께하는 힐링타임 (갈무리 예술단),인천TV방송영상명감독박동만,,음악
cGyZ_8kqQdE,동백아가씨♡색소폰연주♡시와 음악콘서트,박광남,,음악
jMxeYqwLSEU,[ 노래추천 ] 어디론가 가라앉고 싶을 때 듣기 좋은 음악 모음 (SKYBLUE SOUND),SKYBLUE SOUND,돌아와주셔서 감사합니다. 스카이블루님만의 끝내주는 선곡 자주 올려주셨으면 좋겠어요 ||| 인디하우스 Scene이라는 노래도 좋아요 ㅜㅜㅜ 꼭 들어보세요,음악
8WV0pyZ_5hM,[ 노래추천 ] 듣기만 하면 떠오르는 드라마 OST 모음 1 (SKYBLUE SOUND),SKYBLUE SOUND,체고 체고 체고,음악
m3DZsBw5bnE,"AKMU - '어떻게 이별까지 사랑하겠어, 널 사랑하는 거지(How can I love the heartbreak, you`re the one I love)' M/V",AKMU,"YG IS SO LUCKY TO HAVE AKMU. ||| K핍스타에 나왔을 때... 너무 어려보였던... 그러나 너무 감각있었던 악동이였는데... 시간이 지날 수록 악동의 음악은 그 시대 음악들 위에 있는듯하다.  남매가 너무 멋지다.  진심으로 응원한다. ||| 다들 내달라고 그렇게 조르던 곡이 드디어 풀렸구나!!!!!!!!!! 찬혁이가 진짜 사랑을 하고 가사가 확실히 달라졌다는 노래가 바로 이건가.. 분명 미련 가득한 이별인데 찌질하지 않은 악뮤 감성 너무 좋다.... 무튼 만세!!!!!!!!!!!!!!!!!!!!! ||| 찬혁님, 저는 학교에서 근무하던 매일매일 열심히 살던 30대 워킹맘이었어요.4년전 뇌출혈로 쓰러져서 죽을고비를 넘기고 편마비 가 생겨 40대 장애인이 되었네요. 뇌전증,어지럼증등이 생겨 혼자 외출은 힘들어졌고 노랫소리 마저도 소음으로 들려 tv,음악을 전혀 듣고 보지않고 고요한 적막이 이제는 가장 편한 친구가 되었어요. 그런 제가 악뮤의 음악은 음악으로 들려요.. 서정적인 가사와 수현님의 목소리가 답답한 저희집 공기에서도 춤을 추네요...앞으로도 좋은 노래 많이 들려주세요. 쭉듣고 싶어요. ||| People here because the music, not for views. Thats why 80% comment is about how great this song and siblings. AKMU!",음악
0QkXo4ZJtBE,#8 나만의 플레이리스트 국내 노래 추천곡,나만의 플레이리스트,,음악
nf2hbMwK23E,차분한 연말 카페에서 혼자 듣기 좋은 가요 발라드 노래모음,Watch the tunes,,음악
FDJsFGPrelo,🍸새벽감성 노래 추천 남자 보컬 노래 모음 🍸 | 폴킴 크러쉬 멜로망스 김연우 더원 나윤권 소란 안녕바다,Real Music리얼 뮤직,"새벽감성 노래 추천 남자 보컬 노래 모음 ||| #1:05:19 ||| 오늘의 추천 곡!!!,, 멜로틱 - 오늘 단 하루만 https://www.youtube.com/watch?v=ud1jDmzitA8 지예송 - 우린 정말 사랑했었을까 https://www.youtube.com/watch?v=SaE9XdZ6TjI",음악
RWdSERnjfdY,[노래 추천] LOYEL Music Play List,Candle Music,"00:00 Taken by me (Feat. 달지) 03:15 무료 도로로 가자 (Feat. 설령, 도우너) (Prod. SUDI) 06:56 직업병 (Feat. 쟌 of TrashBox) 10:20 넌 좋겠다 (Feat. 노아) 14:02 하얀색 거짓말 ||| 고맙습니다 :)",음악
XI2bOBqkShM,BewhY (비와이) - 가라사대 [The Movie Star - Track #11]ㅣLyrics/가사,알파,"씡거운 자두~ 씽거운 자두~ ||| 이게 가만히 서서 라이브가 되는 비와이가 젤 멋지다 ||| 욕설, 남을 헐뜯는 가사 하나 없이도 이렇게 멋있을 수 있구나...... 대단하다 ||| 중간중간 성경말씀 넣은거 진짜 개매력이다.. ||| 갑자기 생각나서 들어온 사람 나밖에없냐… 지금 들어도 1:28 이부분은 진짜 최고임……들을때마다 짜릿해",음악
7IrcG4ynLUE,"IU(아이유) "" Blueming "" cover by TIN ❤ 블루밍 │ 노래추천 │ Coversong │ Kpop",틴TIN,나는 아직도 틴님이 100만 유튜버가 아닌게 아쉽다ㅠㅠ ||| 어머 세상~~~~!!^^  이렇게 깜찍하게  노래 부를줄도 아세요???  그 와중에 고음은 또 시원하네ㅋㅋ ||| 와 드디어 찾앗다 이노래 커버곡1위 ! 수십채널 듣다 왓는대 여기네요 진짜 노래랑 잘 어울리고 성량이랑 음색도 잘어울려서 듣기 좋앗습니다 ||| 노래도 잘해 얼굴도 예뻐 다 가졌잖아 !!!!!!!!!!!!!!! ||| 보통 커버들은 1절이나 하이라이트만 듣는데 틴님은 처음부터 끝까지 다 듣게되네요ㅜㅜ 너무 감사합니다 노래해주셔서,음악
FObG2zsQrSU,노래 추천 출근송! 루나소울 'I Believe',박사성악가다미,,음악
4CbfGnDTv3E,[스페인어노래] Esperándote 한국어 가사해석 - 좋은 스페인어 노래 추천,유은시YUEUNSI,"한국어발음입니다! 발음특성상 글자로만 표기에는 정확하지 않아 최대한 정직하게 적었어요! 들어주셔서 언제나 감사합니다😊💕💕 +아름다음-아름다움 오타있네요 죄송해요ㅠㅠ <발음> 쎄께 에스따스 말  노끼에레스 아블라르 니냐데하쟈데요라르 뽀르아껠 께아예르 노떼 수뽀 발로랄 뚜에레스 마스께 에쎄이디오따 미라께엘띠엠뽀 세 아고따 살라디스푸르따르미 비다이 요끼에로 베르떼 바일랄 아쁘로베챠께 안다솔라 이 아오라나디에 떼꼰뜨롤라 요끼에로 바일라르 꼰띠고 미엔뜨라 쎄빠싼 라스오라스 안도 또도엘띠엠뽀 에스뻬란도 뽀르빠볼 뚜 디메 꾸안또 땡고께 에스뻬라르 빠께 세아스펠리시 노요레스 꾸안도 뚜손리사에스따 브리얀도  이 로스 쁘로블레마스 올비단도 나다뿌에데 꼼빠라세 꼰뚜베졔사 마레이데 미엔뜨라스 요 아끼에스또이 벨란도  뽈 사까르떼 로께 떼 에스따 마딴도 노 빠께 끼에라스 데 미 엔띠엔데 께엘 떼에스따 말 뜨라딴도 다냔도뚜 꼬라쏜 빠께렐 로 노 아이 라손 에스디피씰 올비다를 로 께 뚜비에론 뻬로 에스 메호르 께안다르 뻰싼도 엔 라스꼬싸스 께 끼시에라스 노 아베르 에쵸 에르모사  꼰엘께 다뇨우나 로사 이 에사에레스 뚜,미 쁘레시오사  아 엘레바아 또까르 뻬오르 꾸안도 떼베아 꼰미고 미 아모르 이끼에라 사베르 데띠 뻬로 수 띠엠뽀 로 뻬르디오 아끼 에스따레 까다디아 에스뻬란도떼 이마히난도메 뚜스 베소스 뻬로로스 데스뻬르디씨아스꼰 엘 안도 또도엘 띠엠뽀 에스뻬란도 뽀르빠볼 뚜 디메 꾸안또 땡고께 에스뻬라르 빠께 세아스펠리시 노요레스 꾸안도 뚜손리사에스따 브리얀도  이 로스 쁘로블레마스 올비단도 나다뿌에데 꼼빠라세 꼰뚜베졔사 마레이데 아끼 에스따레 까다디아 에스뻬란도떼 이마히난도메 뚜스 베소스 뻬로로스 데스뻬르디씨아스꼰 엘 아끼 에스따레 뽈라 노체스 뻰산도떼 뚜 꼬라쏜 세 씨엔떼 쁘레소이 죠데 에쏘 떼 살바레 안도 또도엘 띠엠뽀 에스뻬란도 뽀르빠볼 뚜 디메 꾸안또 땡고께 에스뻬라르 빠께 세아스펠리시 노요레스 꾸안도 뚜손리사에스따 브리얀도  이 로스 쁘로블레마스 올비단도 나다뿌에데 꼼빠라세 꼰뚜베졔사 마레이데 ||| 이곳에 한국인이 있습니까? ||| 저는 아버지 직장 때문에 한국에 살고 있지만 이 노래는 제 여자친구와 함께한 미국 생활, 미국과 남미에서 우리가 가진 자유를 떠올리게 합니다. 한국 문화에 익숙해질 수 있기를 바랍니다. 🙂 ||| 스페인어는 들으면 대충 스페인 출신인지 멕시코 출신인지 서인도제도 출신인지 아르헨티나인지 느껴짐 신기하다 ||| 저의 스페인어 공부 열정을 복돋아준 노래예요  이 노래를 번역없이 다 알아들을 수 있는것이 목표! 앞으로도 좋은 노래 많이 올려주세용",음악
wf1fDeBO-n8,옛사랑이 생각날때 듣는 조용한 노래모음3(발라드 가요/KPOP BALLADS),아기 수면 음악,,음악
5XWhr9XWFuU,가요무대 - 문주란 - 동숙의 노래.20190729,KBS Kpop,20대에 동숙에노래  많이불렀지요  문주란님 노래  좋아합니다.  주란님. 건강하세요 ||| 고등학교 2학년 시절 잊지 못하고 새롭게 들어 본다. ||| 문주란님! 언제 들어도 너무 좋아요 건강하세요 ||| 문주란  가수님 팬입니다 항상 건강하시고요 오래오래  좋은노래 불러주세요🎉🎉🎉 ||| 나의로망 나의 우상  문주란님 항상건강 하시고 늘 행복하셔요 ^^ 노래 너무 잘듣습니다 감사드립니다 ~~,음악
cHkDZ1ekB9U,"[MV] Car, the garden(카더가든) _ Tree(나무)",1theK (원더케이),"카더가든 나무 라이브 개망함 이라는 퐁력적인 제목에 끌려서 원래 노래 까먹어서 들으러옴 ||| 한 젊은커플의 정말 별거없는 일상을  이토록 반짝거리게,재미있게 표현한 수작.  생각날때마다 다시 보게된다. ||| 차정원 가수가 이 영상과 댓글을 볼지 모르겠지만 많이 응원합니다. 카더가든이 고3때 저희 반 학생이었는데 그 당시는 다듬지 않은 다이아몬드 원석이었습니다. 질풍노도의 시기에 좀더 따뜻하게 품어주지 못해 정말 미안했는데 이렇게 잘 성장해서 많은 사람들에게 위안을 주는 노래를 불러줘서 팬의 한 사람으로 응원합니다. 카더가든 고3때 담임이 멀리서 응원한다고 전해주세요. ^^* ||| 진짜.. 사랑을 시작할때 사랑을 끝낼때 사랑하는 사람을 보낼때 혼자인게 적잖게 괜찮을 때 다 잘 어울리는 노래 ||| 2:28 영화를 보며 쉽게 눈물 흘리는 모습에 배우님 눈이 '얘가 이런 면도 있구나, 신기하고 사랑스럽다'고 말하는 것 같아서 이 장면이 가장 좋아요",음악
cnJZEUU9wgA,[추억의 가요] 양파 히트곡 노래모음 노래듣기,Go.J MUSIC,"내 고딩때 최애가수님.. 대구 팬클럽 회장도 했는데.. 시간이 이렇게 흘렀네요..살기 바빠서 잊고 지냈는데 너무 좋은 추억으로 기억합니다.. 양파언니 행복하세요~ 최고의 가수입니다♡♡ ||| 양파1집 그 당시 미국 디즈니 ost 작곡가 참여하고 미국 현지에서 녹음 지금 들어도 세련되고 좋음 여자 솔로 음반 판매량 역대2위임 1위는 이소라 ||| 콘서트예매하고 복기하러왔습니다ㅋㄱㅋ ||| 너무 오래만이라 낭만고양이 보다 좋군요🎉잊을뻔 햇던 이노래도 요기요...파스타 베스터 해물파. 😊가게 번창 ||| 당시,mbc에 고딩 가수로 부모님 함밥집 도와주는 거로 티비에 나온 기억이 다 컷네. 그 시간 속에 갇혀 살고 있는 일인.",음악
fF1hJIFb1j8,혼자듣기 아까운 인디노래 추천 맛보기 Player 감성인디 노래 추천 18곡 [가사첨부],강던킨,와ㅠ 진짜 혼자 듣기 아깝네요. 혹시 플레이리스트 만들어주실 생각은 없으신가요?,음악
Vcl6H6vDMOI,[Cover] 밤편지-아이유(IU) l 가을맞이 듣기 좋은 노래 추천,FriDateMusic,🤧❤️❤️,음악
69WBIcpqAzQ,"SOLE (쏠) "" Ride ""  cover by TIN ❤ 쏠노래  │ 노래추천 │ Coversong │지금 듣기 좋은 노래 추천",틴TIN,🙋‍♂️🙋‍♂️🙋‍♂️🙋‍♂️🙋‍♂️🙋‍♂️🙋‍♂️🙋‍♂️🙋‍♂️🙋‍♂️🙋‍♂️🙋‍♂️🙋‍♂️노래 good! 다음커버도 기대해봅니다 ||| 와 틴보드차트 진짜 지린다!!! 명곡만 쏙쏙 찾아서 커버하시네... ||| 와~ 생각보다 밚은 곡들을 잘 소화하네요~ 너무 잘해서 더 열심히 파로우할게요~~~ 화이팅!!! ||| 이노래 짱조은데 올만에들어도 좋네요~~ 원곡과 또다른느낌🤩🤩,음악
h7sP7q5X6YQ,숨은 명곡 Top 6 노래 추천,배우 양철진,이꾸요잇 ~ 가즈아! ||| 💜💜💜 ||| 에스진 노래는 알려져야해.............. ||| 그녀를 찾아주세요 하루는 ㄹㅇ 띵곡이고 많이 알려진거 아닌가용??? ||| 머여 9bul 인줄::;;,음악
ppXV5NWpV90,[Roman의 노래 추천] 이소라 - 눈썹달,Roman,0:01 Tears 4:21 바람이 분다  8:18 쓸쓸   열번째 추천 앨범은 사랑하는 사람과의 이별을 받아들이지 못해 자기자신을 내버리는 이소라의 눈썹달입니다. '바람이 분다' 로 유명해진 앨범이지만 다른 수록곡들 역시 그 이상의 깊은 슬픈 감정을 담고있어 감성에 젖고 싶을때 추천드리는 명반입니다. 혹시 다른 수록곡을 좋아하시는 분들 있다면 댓글로 공유해주세요. 다음 앨범 추천도 기대주세요!!! 노래 추천을 계속 받고싶다면 구독을 눌러주세요!! 여러분들의 귀를 즐겁게 해드리겠습니다.  자작곡도 채널에 올리고 있으니  관심있다면 들어주시면 감사하겠습니다,음악
U914sS4jCcA,Years & Years - Memo 🌃노래추천/가사해석,je_te_veux,오랜만에 들으러 왔는데.. 역시 너무 좋다ㅜ ||| 헉 좋아하는 노랜데 가사가 있네요 감사합니다 ||| 헐 ㅠㅠ드디어 오셨네용 기다려써요! 감사합니당❣️,음악
LYlTjq9Zjng,[일본노래추천] 감동적인 가사에 소설하나 쓰게되는 aimer-ito(실) 糸,마라흑당,"좋은 노래가 얼마나 더 있을까요, ,당겨도 당겨도  끝이 없이 나오는 실타래 같습니다 ||| 가사 개좋다 진심 ||| 人は出会うべき時に、出会うべき人と出会う。この映画のに出てくる好きな台詞です。生きていく中で無駄な出会いは本当は一つもない。出会うタイミングで出会って何かしらの影響を受けてそれが上手いこと今の私に全部繋がってるんだなって思いました。 ||| 가사도 음색도 너무 아름다워요 ||| 실(糸)이라는 영화 보고 노래가 너무 좋아서 찾아보는 중인데 Aimer가 커버한 것도 있어서 깜짝 놀랐네요 ㅋㅋㅋ",음악
DR3KCfV_CCs,언제 들어도 눈물나는 노래모음 ♫2000년대 슬픈노래추천 ♫ Audio ♫ SLM Music,Second Love,,음악
kSkHrRBi1ss,[Roman의 노래 추천] JTBC 슈퍼밴드 명곡 다시듣기#1(예선),Roman,0:01 F=ma 3:29 Stop crying your heart out 9:04 1000X 14:11 Still Fighting It 19:52 Swim   이번 노래 추천은 앨범이 아닌 JTBC에서 방영된 슈퍼밴드에 나온 음원중 예선에서 가장 아끼는 5곡을 뽑아 추천하였습니다. 밴드관련 방송이 거의 없던 찰나에 방영된 만큼 올해 프로그램중 가장 즐겨 봤던것 같습니다. 각기 다른 매력을 뽐내어 한국에서 밴드의 대한 고정관념을 깨트리는 계기되지 않았나 싶습니다. 다음 노래 추천은 슈퍼밴드 본선에서 가장 아끼는 곡들을 뽑도록 하겠습니다. 노래 추천을 계속 받고싶다면 구독을 눌러주세요!! 여러분들의 귀를 즐겁게 해드리겠습니다.    자작곡도 채널에 올리고 있으니  관심있다면 들어주시면 감사하겠습니다! ||| 감사합니다 잘 들었어요 ||| 오어잉아ㅏ각!!! 저 슈퍼밴드 완전좋아했는데!! 또 올려주시면안돼요?  🥺🥺🥺♥️♥️,음악
e0r-TjRze7c,김부자 - 카츄사의 노래 [가요무대/Music Stage] 20191223,KBS 레전드 케이팝,갑자기 이노래가듣고싶어서  찿아보았 씁니다감상잘하고갑니다 ||| 김부자님…81년도에많이듣고🎉2025년도에..문득또듣네요🎊정말좋아요🌹강화도에서들으니❓ ||| 부자는 김 부자라고 정말 오랫만에 듣습니다 건강하신지요 옛날 소싯적 스피커 라디오에서 듣던 노래인데 정감있네요 건강하세요 ||| 아직도 곱고 목소리가 너무 이름답게 나오시는 김부자 선생님 최고의 목소리로 들려주시는  최고의 노래 선율 듣게 해주시니 감사드립니다 😊😊😊 ||| 가츄 샤 좋아하는 노래 입니다 자주 불러주세 요 보고 있습니다 김부자 씨 건강 하시 고 요,음악
sBKRMhpF-cQ,[Roman의 노래 추천] JTBC 슈퍼밴드 명곡 다시듣기#2(본선),Roman,모네 idc  애프터문  time after time 퍼플레인 never enough요 노래 잘 들을게요 👏 ||| 고맙습니다!! 호피펠라 완전 팬이예요. 완전 미쳤어요!! 컴 잘해요!! 다 좋아요 ||| 0:01 호피폴라 - Hoppipolla 5:15 퍼플레인 - Dream On 11:47 피플 온 더 브릿지 - Best Of You 16:42 애프터문 - Before Sunrise 22:23 루시 - 선잠    이번 노래 추천은 저번 영상에 이어서 JTBC에서 방영된 슈퍼밴드에 나온 음원중 본선에서 가장 아끼는 5곡을 뽑아 추천하였습니다. 각기 다른팀들이 모두 다른 색의 음악을 하여 보는 내내 귀가 즐거웠던 경연이었습니다. 다른 곡 중에서도 마음에 드는 곡들이 있었지만 그중 5개만 골랐기 때문에 아쉽게 추가 못한 노래들도 있는데 여러분들도 최애곡 하나씩 댓글로 써주시면 감사드리겠습니다!! 다음 앨범 추천은 장르가 바뀔수도 있을거 같습니다. 노래 추천을 계속 받고싶다면 구독을 눌러주세요!! 여러분들의 귀를 즐겁게 해드리겠습니다.    자작곡도 채널에 올리고 있으니  관심있다면 들어주시면 감사하겠습니다,음악
IktqodKLwn0,[트로트메들리] - 하루가 즐거워지는 소확행 좋은 노래추천 - 흥이 넘치는 트로트 메들리,트로트메들리 - Trot Music,[트로트메들리] - 하루가 즐거워지는 소확행 좋은 노래추천 - 흥이 넘치는 트로트 메들리 https://youtu.be/IktqodKLwn0 ||| 배경화면.넘좋아요,음악
_49E_jP1nVA,태진아 - 노부부의 노래 (가요베스트 2013),여수MBC Music+(Kpop&Trot),지금 조선의사랑꾼을 보면서 눈물이 너무많이나 두분에 노래부르시는걸보구 마음이 너무 시렸네요 태진아님 힘내세요 ||| 올 우연히 이노래를 듣게 되었습니다   노래가 넘 좋으네요 태진아님 항상건강하시구 행복하세요 ^^~~ ||| 힘내세요 감동입니다 ||| 보는  내내 눈물이납니다. 부인분께   끝까지 챙겨주세효 ||| 나를 오열하게하는 노래♡ 사랑해,음악
A4bfIM9ovF4,감성 팝 발라드 무드 음악 인디 노래추천,JOONPOP준팝,감미로운 음악~!! 아주 기가 막힙니다~!!!!*^^* ||| 명곡이죠 이곡. . 메이드인 켈리훠니아였으면 지금 그레미에서 울려야 할 곡. 국적이 약점. ||| 준팝님 유튭 브금으로 사용해도 될까요?ㅎㅎ,음악
F8QWQ88YoaY,듣기좋은 트로트메들리 - 트로트메들리모음 - 좋은노래추천 아침에 출,공수현,,음악
t6tSvQtHVRk,주저하는 연인들을 위해 일반인(여) 라이브,현soo shi,오 간만에 진짜 일반인 보네요 ||| 일반인 노래 잘 듣구 갑니다 15초 들었음 ||| 잘부르시네요 ||| 잔나비형들 보면서 물개박수칠듯 ㅇㅇ,음악
Zgi8Net94BM,태진아 - 노부부의 노래 (가요베스트 2013),여수MBC Music+(Kpop&Trot),,음악
GL0VSDPvBTg,"[노래 추천] 마음을 울리는 자작곡,남정우 - 네가 하려는 그 말",Candle Music,,음악
TkYhE5I2R4U,여름에 듣기 좋은 노래 추천~!,코알라TV,,음악
PHH6EGUsAag,[세븐틴/노래추천] 힘들때 들으면 뒤집어지게 눈물나는 노래,#에스쿱스페셜,"힘들때마다 들으면 정말 꺽꺽대면서 울어요 ,, 공감되는 가사도 있고 위로해주는 가사도 있어서 노래마다 다른 감정이 밀려오면서 맘을 달랜달까 .. 다 알고 계실지도 모르지만 추천해보고 갑니다 ,, 츄츄 ,, ||| 진짜 너희들을 덕질하면서 솔직히 멤버 한명한명 다 너무 좋은데 진짜 세봉이들에게 제일 고맙고 미안할때는 세븐틴으로 위로 받으면서 내가 이렇게 행복해도 되나 싶어 세븐틴은 너무 힘든 시간이 있었을 건데 우리 앞에서는 웃으려고 노력하고 항상 좋은 노래 좋은 가사로 위로해주고 진짜 이럼 그룹을 왜 이제야 알았을까 너무 후회도 들고 진짜 사랑해 고마워 미안해 이런 말로는 표현이 힘들 정도로 너흴 알고 응원하고 있다는 거에 엄청난 자신감과 자부심을 느껴 너무 많은 사랑을 받아서 얼떨떨하고 고맙다고 했지? 아직 안끝났어 우리는 영원히 너희들을 빛내줄 자신이 있고 영원히 같이 걸어갈 힘이있어 그러니까 너무 많은 사랑을 받았다고 부담감 느끼지 말고 우리는 영원히 함께하자 정말 내가 더 많은 사랑을 주지 못해서 미안하고 그럼에도 감사하다는 너희들에게 고맙고 같은 말 반복해서 좀 이상한 댓글이 됐지만 암튼 영원히 사랑한다는 말이야 진짜진짜 세븐틴을 알게 된건 내인생 최고의 행운이야 #세븐틴_영원히_빛내줄게_사랑해 ||| 사실 너희들을 알기전까지는 노래로 위로받아 본적이 없었는데 세븐틴 이라는 최고의 가수를 알고 깨달았어 노래가 너무나도 큰 위로가 된다는걸 힘들때마다 이불속에 들어가 노래들으면서 울었어 그리고 너희들한테 고맙기도 했지만 미안하기도 했어 니네들의 비해 내가 너무 해준게 없는거같아서 세븐틴 너희도 많이 힘들었을텐데 너무 나만 받는거같아서 니네는 내 인생 최고의 가수야 세븐틴 이라는 아이돌을 너무 늦게 만난거같아 조금이라도 빨리 만났다면 내 인생이 더욱 더 행복했을텐데 , 하지만 늦게만나서 행복하지 않다는게 아니야 내가 니네들을 조금이라도 빨리 만났으면 내가 더 많은걸 해줬을텐데 내 인생의 한줄기 빛이고 누가 뭐래도 세븐틴을 응원할거야 항상 우리앞에서 웃어주고 좋은 노래들 만들어서 우리 행복하게 해주고 웃게해줘서 너무 고마워 내 가수라 행복해 너희들 덕분에 한번뿐인 내 인생이 너무나도 행복하고 한번뿐인 내 청춘을 빛내줘서 고마워 말로 표현할수없을 만큼 세븐틴 정말 사랑하고 죽을때까지 응원할게 세븐틴 영원히 빛내줄게 사랑해 ||| 진짜 내가 세봉이들 아니면 누구한테 위로를 받겠나고ㅠㅠ 아무도 나한테 저렇게 위로해주는 사람 없는데..... 세븐틴은 나에게 힘을 주는 거의 유일한 존재인 것 같다ㅠㅠㅠ 앗! 그리고 저는 힐링 가사가 또 울컥하더라고요...? ||| 저는 이 중에 끝이 안보여가 가장 인상 깊은 것 같아요 멤버들이 학창시절을 받쳐 세븐틴을 만들고 결국 성공했지만 밤낮의 스케쥴을 다녀왔고 그만큼 몸과 마음도 상했다는 거에 괜히 울컥해요 지금 몇몇멤버들은 거의10년 다되가는 시간을 받쳤는데 그 시간을 세븐틴에 받치지 않고 평범하게 사회에서 살았을 수 도 있는데 여기까지 와준 세븐틴이 엄청 대단한 것 같아요 특히 민규파트.. 진짜 세븐틴 정말 수고했어 2019년에도 2020년에도 2021년 끝까지 항상 응원할게 많이 사랑하고 좋은 곡많들어 줘서 항상 고마워❤",음악
EfSPgklUAsA,[COVER]노래들려주는남자 -노 들 남- 가요/이용/'잊혀진 계절',노들남,잊혀진. 계절. 듣고.    스트레스가.  풀리네요.  희망 이.  생김 니다.   노들남 씨도.   큰. 꿈  향해.   멋지게.   도전. 합시다.  파이팅!!!! ||| 심금. 을.    울리네요.     노래. 듣고.  힘이. 납니다.    파이팅!!!!!!!!!!!!!!! ||| 가을만.  되면. 노들남 씨.  생각이. 납니다.   감정 !!  너무.  좋았읍니다 스트레스가.  풀렸읍니다 진심으로.  감사. 합니다💥💖💗💓💔💕❣️💞 ||| 오늘은.  성탄절.    고느적한.  저녁인데.  노들남 씨.      잊어진. 계절.   분위기.  굿. 입니다.       행복.  바이러스. !!!! ||| 추억이남는이노래  가슴벅차네요   아련한추억의노래잘들었어요,음악
K7fjM_q4ezw,Shiloh - Losing Interest ☔️노래추천/가사해석/한글자막,je_te_veux,노래 진짜 좋다..노래 자체가 잠잠한데 심심하진 않네..감정도 잘 와닿고ㅜㅜ ||| 연기대상에서 나온 소리가 이거구나 ||| Shiloh 제발 살아있다면 활동해죠 ||| Shiloh의 노래가 맘에 드신다면 XXXTENTACION 노래를 꼭들으세요 특히 17에나온곡들 ||| 헐 ...분위기 너무 취적이에요ㅠㅜㅠㅠ이렇게 예쁘고 깔끔하게 번역해주셔서 감사합니다ㅠㅜㅠ,음악
eFs98J_dM2A,김연숙 - 옛시인의 노래 (가요무대) #섭외문의 01089019372,여실장TV,,음악
X7IJwOCKtl4,2019년 8월9일 멜론 실시간 음악 노래 최신가요 TOP20 듣기,Janessa Jillene,,음악
z78dMjf_fZI,[노래 추천] 남정우님의 자작곡 위로!,Candle Music,,음악
STk7mLBy7z0,[노래 추천] 달리 Music Play List,Candle Music,00:00 마들레타 마들리테 04:00 You gotta 07:37 마법의 낮 10:20 달의 광장 13:53 어젯 밤도 울 수 밖에 없었어요 ||| ❤,음악
BxnhBgGe4VE,[가사 해석/노래 추천] Foster The People - Ruby,이기덕,동전보다는 잔돈이 맞는 표현입니다 ||| 감사합니다,음악
-2a9yjsCuDs,[노래 추천] Kozzi  - Crystal Clear (ft. SANGWOOK),Candle Music,,음악
lTRSpbe1mjY,썸데이-김동희/플룻연주/피아노연주/악기커버/가요커버/좋은노래/노래추천,"오늘, 플룻&오카리나 윤현혜클래스",너무 좋아요👍🏻😭👍🏻 최고의 영상 최고의 소리 감사합니다🙏🏻 병원에서 진료 대기중에 듣다가 눈물 나올뻔 했어용 ||| 잘부르시네요 잘듣고갑니다 ㅎ,음악
4Om-QphPsX4,"[노래 추천] SANGWOOK, 남은 용량 : X",Candle Music,,음악
9r-haDlULT8,[ 190714 | #종로콜링  ]  #임희윤 X #이이언  음악토크,mot_ Fanpage,,음악
7r1RCdJHyXs,[K-Indie Chart TV] Vol.142 죽이는 #음악감상 토크 쇼쇼쇼!!!,미러볼 뮤직 - Mirrorball Music,,음악
a95yyxexgJo,"카더가든 (Car, the garden) - 나무 (Tree) | 가사","Hello, My Music Player","우울했던 지난 몇년간 .. 인간관계는 더 챙기기 어려워서 자연스럽게 멀어졌던 그리웠던 친구들에게 용기내서 연락해보면서 용기내줘서 고맙다는 얘기를 들었어요 친구들에게 저도 고맙고 그리움이라는 감정이 많이 위로되는 노래가 됐어요 나의 격한 감정들도 그자리에 그대로 싱그럽게 아름답게 살아있던 친구들의 모습도 다 받아들일 수 있게 됐어요 ||| 그댄 춤을 추는 나무같아요. 그 안에 투박한 음악은 나에요. ㅜㅜㅜㅜㅜㅜㅜ미쳤다ㅠㅠㅠㅠㅠㅠㅠ아우 ||| 돌아가시고 한그루 나무로 남으신 아버지,어머니 생각이 나는 노래예요.  이제 애틋한 그림이 된...ㅠㅠ ||| 병으로 세상을떠난 내가 존경했던 사람이 참 좋아하던 노래였습니다. 들을때마다 먹먹하네요 ||| 성훈아 보고싶다 볼순없지만 너가 좋아했던 노래 들으면 꿈에서나마 볼수있을거같아서 틀면서 오늘도 잘게 거기서라도 행복해 우울하지말고. 2021.09.12",음악
XLJeWpX2KL0,[ 190714 | 종로콜링 ] 임희윤 X 이이언 음악토크   - 나를  망친  음악들,mot_ Fanpage,,음악
BX6A1Er4rLk,"Talk Khalid, Disclosure Free Spirit 음악 노래 최신가요",음악을부탁해,,음악
_wij53hlrRs,[Live Clip] 성영주   말해서 뭐해♪ (No need to talk),oddsoap.,인하트 음악맛집이야❤️❤️❤️❤️❤️❤️ ||| ㅜㅜㅜㅜㅜㅜㅜㅜㅜㅜㅜㅜㅜㅜ✨🧚🏻‍♂️💚,음악
WjeRSfag82o,요섭이 with you 앨범 녹음중,하이라이트사랑,,음악
d0q1LKV50_g,올드폭스바버샵,박성준,,음악
TId6b57KaHU,버닝썬 직원 페북,톡톡톡,,음악
KMW-tRkgNnw,음악 토크 불토,밍이밍이,,음악
79J03WgonxQ,"[2010 음악창고] #마이클리(Michael K. Lee), 박칼린, 옥주현 Talk 편집본",YES! Michael K. Lee,Michael K. Lee - Moving Too Fast(L5Y)/Seasons of Love(RENT) 마이클리 편집 👇 https://youtu.be/e40V9kHc5pI ||| 꺄 마이클배우 젊은것봐ㅋㅋ 근데 지금이더좋아요😊 ||| 와 진짜 어리다 ||| 뒤에 찾았다 ㅋㅋㅋ ||| 박칼린 여성스럽다니.. 임현주가 너 답다.. 라고 하라던데 ㅋㅋㅋㅋ,음악
OGDdzuKfRt4,라이브 음악방송🎵&토크😗,REason Kim,"18:10 임재범 - 사랑 26:30 박완규 - 천년의사랑 37:00 윤도현 - 사랑했나봐, 나는나비 40:30 태진아 - 사모곡 47:00 노사연 - 만남 50:52 김수희 - 애모 56:20 바이브 - 그남자그여자  01:01:39 바이브 - 술이야 01:05:50 SG워너비 - 살다가 01:10:05 고유진 - 걸음이느린아이 01:18:30 야다 - 이미슬픈사랑 01:25:33 김길중 - 사랑했지만 01:35:11 김경호 - 사랑했지만",음악
Ry_nsfq_O2g,[아이뉴스24 컬처] 양희준의 '아이토크콘서트' - 나는 나는 음악(뮤지컬 '모차르트!' 中),아이뉴스24,어머나 이런영상이 다 있네요.. ||| 와 양희준 나나음 박제가 있었네.... ||| 노래 너무 잘하고 잘생기심♡♡ ||| 그저 감동이네요. 양차르트 기대해봅니다 ||| 아헐... 최근에 모짜르트 VOD봤는데 이걸 희준단이 하고 계시다니 ㅠㅠ,음악
voUGhxU2g3M,[LIVE] HYNN(박혜원) - 차가워진 이 바람엔 우리가 써있어(Bad Love) (미리듣기),박혜원HYNN,노노노노!! 노노노노!!! 베엗~~~~~~~~~럽~~~~~~~~~~~~~~~어~~~~~~~~~~~~~~~~~~~~~ㅂ ||| 진짜 라이브 듣고 소롬돋았음 ||| 이때도 참 예뻤다~ ❤ ||| 들을때마다 이 곡으로 활동을 할 수 있을지 걱정된다.. 혜원님 목이 걱정된다ㅠ ||| 귀욥다,음악
KdvT-H3mh0Q,[뮤벙 라디오] 새벽 두 시 수면토크/홍쓰의 음악 이야기,MusicBunker,"목차  00:00 인트로  00:27 홍쓰 학교 시험치다    00:58 대충 만든 노래, 대충 LIVE  01:56 대충 만든 노래로 수시 친 썰  04:00 음악을 어떻게 하게 됐어?  04:46 홍쓰의 리얼 즉흥 노래  05:48 왜 서울로 왔어?  07:26 밤하늘(미발표곡) LIVE  13:13 밤하늘 비하인드 스토리  17:45 508번 LIVE   21:42 508번 비하인드 스토리  25:50 뮤벙과의 만남  28:15 똥 밟았네 LIVE ||| 탄산음료는 목에 안 좋답니다😊 몸 관리 잘하셔서 오랫동안 좋은 음악을 하는 뮤벙으로 있기를 응원합니다(❁´◡`❁)(❁´◡`❁)👍👍 ||| 재밌따!! 뮤지컬 영화 같았어여ㅋㅋㅋ 인터뷰가 이렇게 알차다니. 사실대로 말해봐요 이거 대본있었죠? 밤하늘 가사가 엄청 좋고 백형은 홍쓰를 많이 좋아하나봐 홍쓰노래를 다 외우고 있네 ||| 밤하늘 역시😭 ||| 32:10 성실히 보았다!! 알고 있던 이야기들도 이렇게 들으니 또 새롭다!! 다음엔 백형의 스토리를 함 들어보자🙋🏼‍♀️  근데 이거 마치 유스케 혹은 토크콘서트 느낌 ㅋㅋㅋ",음악
2jRMIixoPnc,[Teaser] 노을(Noel) - 늦은 밤 너의 집 앞 골목길에서(Late Night) Audio Snippet,노을Noel,곤리다 목소리 너무 좋아요ㅜㅠㅜㅠㅠ ||| 상곤오빠 목소리와 노래가 너무 잘 맞는 듯... 내일을 기다리고 있습니다 ㅎㅎ ||| 내일이기대됩니다 곤오빠목소리너무좋아요 ||| 기대되네요 ||| 크 이 형들 노래 낸다 ㅜㅜㅜ 또 몇년을 우려 들을수 있겠고만 ㅜㅜ,음악
qxdj5rNRcFA,신나는 음악 Talk to Me by Jingle Punks  NoCopyRight,Royalty Free Studio - Sound Effects and Musics,,음악
0wYTAxLwUpc,Talk (cover 한소절) - 샘김(Sam Kim),aunt _sk,"정말 즐겁게 노래하는모습 행복해보입니다~~~ ||| 과즙 터져요 정말 ㅠㅠ 귀여워 ㅠㅠ ||| 하 내가 저때 있었다니ㅠㅠㅜㅜ다들 완죤 신나가지고ㅠㅠㅠㅠㅠ건지도 신나고 팬들도 신나고🎶 ||| where are you now, do you forget your youtube password? hahaha kidding, I happen to stumbled again on your video 😊 after 4 yrs. ||| Which is the original song?",음악
RAft9uG1Gbc,[2019] 토크와 음악의 만남 오드리의 첫 번째 토크 콘서트 가야금 어디까지 알고 있니?,오드리_가야금앙상블,,음악
HC9Q43-J5t4,190315 TMI콘 태민 토크 Taemin talk 2,ㅇ,❤️❤️❤️   love Taemin so much :)) ||| ❤️❤️❤️,음악
5MdR9sRXe9g,염따,dlekdms Lee,아니 학생들 앞에서 술 마시면 어떡해ㅋㅋㅋㅋㅋㅋㅋㅋㅋㅋ ||| 참이슬 마시는 처음처럼 광고모델이 있다?! ||| 얼굴에서부터 벌써 입냄새가 장난 아니게 생깄네ㅋㅋ ||| 염따형행복해하는것같아 ||| 5인이상 모였네 벌금 내야지,음악
L6wF7-Kx_SA,캘리그라피 퍼포먼스,지우글밭,,음악
m3DZsBw5bnE,"AKMU - '어떻게 이별까지 사랑하겠어, 널 사랑하는 거지(How can I love the heartbreak, you`re the one I love)' M/V",AKMU,"YG IS SO LUCKY TO HAVE AKMU. ||| K핍스타에 나왔을 때... 너무 어려보였던... 그러나 너무 감각있었던 악동이였는데... 시간이 지날 수록 악동의 음악은 그 시대 음악들 위에 있는듯하다.  남매가 너무 멋지다.  진심으로 응원한다. ||| 다들 내달라고 그렇게 조르던 곡이 드디어 풀렸구나!!!!!!!!!! 찬혁이가 진짜 사랑을 하고 가사가 확실히 달라졌다는 노래가 바로 이건가.. 분명 미련 가득한 이별인데 찌질하지 않은 악뮤 감성 너무 좋다.... 무튼 만세!!!!!!!!!!!!!!!!!!!!! ||| 찬혁님, 저는 학교에서 근무하던 매일매일 열심히 살던 30대 워킹맘이었어요.4년전 뇌출혈로 쓰러져서 죽을고비를 넘기고 편마비 가 생겨 40대 장애인이 되었네요. 뇌전증,어지럼증등이 생겨 혼자 외출은 힘들어졌고 노랫소리 마저도 소음으로 들려 tv,음악을 전혀 듣고 보지않고 고요한 적막이 이제는 가장 편한 친구가 되었어요. 그런 제가 악뮤의 음악은 음악으로 들려요.. 서정적인 가사와 수현님의 목소리가 답답한 저희집 공기에서도 춤을 추네요...앞으로도 좋은 노래 많이 들려주세요. 쭉듣고 싶어요. ||| People here because the music, not for views. Thats why 80% comment is about how great this song and siblings. AKMU!",음악
-VEySoX5Eyo,191123 IU 아이유 lovepoem 서토콘 토크타임,yam yam,,음악
H2D9sWv0YiA,태일 (TAEIL) - '머무는 별' Preview,Block B,하.. 40분 남았는데 얼른 6시 되면 좋겠다😭 이번 노래 너무 좋을것 같아요❣ ||| 허얼...태일느님 진짜 사랑합니다ㅠㅠ 목소리 완전좋아ㅠㅠ ||| 목소리 너무 예뻐ㅠㅠㅠ ||| 잘있어요 같은 분위기다..:)너무 좋아요 오빠 ||| 음색뭐지 미틴...ㅠㅠ 25초로 넘 짧다 전곡을 내놓아라ㅠㅜㅜㅠㅜㅠㅡ,음악
sIL5A0rRpqw,[하우스토크]음악평론가 김진묵(세상의음악학교 교장) @대학로 예술가의 집(2016.05.18.) 1/3,헤븐다이버 Heaven Diver (구 문종합니다),,음악
zLx_ImfB6XQ,20190519 박보검 PARKBOGUM  talk event in Kobe 2 - 빛나는 미래(輝く未来),ThankyouBoGum,"박보검 너무 멋있어요 👼❣️ ||| God, how lovely it is to see you happy, it is my delight and to know that you are well, in everything you do you are excellent and an unmatched divine being.. God Bless you and guide you always..❤️Park Bo Gum ♥️ ||| 우리보검배우님 빛나는미래속에  힘이되는 평생친구로 기도하고 사랑하며 축복하며 응원하겠습니다  곁에 늘 이렇게 건강하게 행복해하며 늘 감사하게 같이있어주세요 보검배우님이 좋으면 우린 다 좋아요 가수 박보검님 노래중에 내가제일 좋아하는노래 ❤많이많이 아껴요 ||| My angel❤ ||| ❤박보검❤",음악
w8ufHC_POgc,이승철 - 안녕 (노래방 커버),야다덕후,,음악
63SAt9JmOpM,스토리가있는 자연치유음악콘서트 토크11,조인애,,음악
9GKzsmASHFQ,190316 TMI 탬콘 토크 - 추운데 와준 팬들 걱정하는 태민이,kjh080525,❤❤❤ ||| 호에유ㅠㅠㅠㅠㅠ태민이 손 바빠ㅋㅋㅋㅋㅋㅋㅋㅋㅋㅋㅋㅋ ||| 역시 예절바른거와 공선한건 샤이니들이다 본인들보다 샤월과팬들을 최 우선으로 꼽고 모든 좋은건 샤월 목으로 돌리니 진짜진짜 사랑스럽다,음악
O5Y-9ONcigM,20190810노엘 멘트 ㅗㅜㅑ;;,꿀벌,아니 욕할때 앞에 주어를 붙여주세요 알림 뜰때마다 놀랍니다 ||| 그렇게 음주측졍기와 키스를 하고 .......... ||| 그는 부산에서 존나 놀뻔 했는데 재판장에서 놀게 될겁니다 ||| 범퍼카하진 말구.. ||| 실제로 이 공연 끝나고 일주일 후에 비와서 대구힙페 취소되서 가는길에 음주운전 사건남,음악
lmE35hCccS8,(SUB) 고등학생의 일상ㅣ개학날 VLOGㅣDaily Life of a Korean High schooler,DOJIN도진이,"안녕하세용 도진입니다!ㅎㅎ 오늘 영상은 예전 채널에서 가장 인기가 많았던 개학날 학교브이로그에요! 200만뷰 가까이 나왔었던 조회수가 사라진것도 너무아쉽지만 가장 슬픈건 해외 각국의 팬분들이 정성껏 달아주셨던 자막들이 사라진거입니다..😭😭😭 비록 많은 조회수와 자막은 사라졌지만 그분들의 감사함은 절대 잊지못할거에요!!💛💛 Today’s video is a Back to School Vlog that was the most popular in my past channel! I’m very sad that the video that had almost 2 million views got deleted, but the worst part is the subtitles that you guys put using your precious times got deleted.. 😭😭😭 Although the views and the subtitles are gone I’m still grateful for you all and I’ll never forget it!! 💛💛 ||| Um minuto de silêncio para o uniforme que nunca teremos. ||| can we appreciate how cute her grandma looks in that face mask ||| Can we take a moment and appreciate how pretty she actually is tho. ||| I used to watch this vlog back in my teenage and I came back here recalling my memories after whole 5 years",인물/블로그
jQ2ddbaRT44,[Vlog] 특성화고 여고생의 학교 브이로그 🏫 | 유정 YU JEONG,유정 YUJEONG,나 분명 이거 첨 봣을때 초5엿는데 이제 내가 고2야 언니…… ||| 4:39 앞에 자시는분ㅋㅋㅋㅋㅋㅋ 베고 자시는거 너무 탐나요 ||| 4:02 친구 진짜 이쁘다♡ ||| 3:07ㅋㅋㅋㅋㅋㅋㅋ 진짜 이 영상 이 부분 생각나서 보는듯.. ||| 오랜만에 다시 보니까 그시절 갬성 뿜뿜😢,인물/블로그
0JHumYOU-Rk,[VLOG] 여고생의 학교가는 날 24시간 밀착 브이로그⏰ 고3의 수능 D-7📝 학교가기 전 아침 일상 | korean high school vlog,웨이채널way channel,"영상 속 제품들 정보🔥  클렌징기기-포레오 루나 미니2  고데기-보다나 소프트바 판고데기  렌즈-오렌즈 스페니쉬 써클 그레이  쿠션-릴리바이레드 코튼 블러 쿠션 21호  블러셔-3ce 무드레시피 페이스 블러쉬 mono pink  립-웨이크메이크 루즈건 제로 에어 립스틱 2호  아우터-디스커버리 부클 하이넥 자켓 (여) 베이지,100  바지-오프위 타입라운드 와이드롱팬츠  노트북-맥북 프로 15인치 2019년형  노트북 거치대 - 비프렌드 노트북 거치대 IM1000  여러분٩(๑❛ᴗ❛๑)۶  오늘도 영상 보러와주셔서 너무 감사드려요💕 요즘 주 2회 업로드를 하고 있는데 2019년이 끝나기 전까지 이렇게 해보려구용,, 중간에 실패 할 수도 있지만?? 즐거운 주말 보내세요✨ ||| I don't get how all korean students in school are so comfortable while here I can't even breathe!!!!I'M JEALOUS ||| Ok but your school is like my dream school, everything is sooo chill and yall can sleep and use your phone??? Tf ||| imagine doin makeup at school and the teachers don't care * CALM DOWN WHEN DID I GET THIS MUCH LIKES ||| International viewers be like: I don't understand a thing but when u laugh i laugh.",인물/블로그
97XpQNw4gQE,요청폭주🔥 2주간 -5kg! 운동부터 식단까지 🥗 건강한 학생 다이어트 브이로그 💪🏻 | 유정 YU JEONG,유정 YUJEONG,"2019년의 마지막 영상! 2020년에는 더 부지런하게 살게욥 ꉂꉂ(ᵔᗜᵔ*) 항상 응원해주는 유딩이들 너무 고마워요,, 지금까지 2019년 유정이었습니다! 다들 해피뉴이어•• 새해복많이받으세요!  ☘️❤️ ||| 다들 트레이너쌤이 잘생겨서 운동할 맛이 날거라고 하지만 그에게 개인피티를 받고나면 저사람 나한테 악감정있나 생각하게 되더라고요 ||| 살빼야지 빼야지 하고 다짐하다가 2019년 끝난거 실화야?..... ||| 뭐야 트레이너쌤 개존잘 ㅠㅠㅠㅠ 어디죠 당장 갑니다 ㅠㅠㅠㅠ ||| 1. 스쿼트 20회 4세트 총 80회 2. 사이드 런지 15회 4세트 총 60회 3. 와이드 스쿼트 20회 4세트 총 80회 4. 스쿼트 와이드킥 15회+15회 4세트 총 120회 5. 런지 4세트 6. 투명의자 30초씩 3번 총 90초 7. 크런치 15개 8. 더블 크런치 12개 9. 이름모를 발바닥 터치 20개",인물/블로그
Vv4e0isu1Ek,"[Vlog] 바쁘게 사는 광고홍보학과 학생의 브이로그 🌈 데싱디바 스쿨어택, 데싱디바 붙이기, 전공 강의 알바, 정동야행 동화약품 알바, 대학생 브이로그, 광홍인의 일상 ❤️🌠",리아Rhia,귀여워 사랑해 멋있어 우리 뽀짝이 ||| 학교 오디다니세여??? ||| 에리카는 아니지만 ㅠ 다른 학교 광홍과를 곧 다니게 될 예비 20학번 입니다!!혹시 노트북은 무엇을 쓰시는 지 알수 있을까요? ||| 특목고에서 수시로 한양대 광홍과 갈라면 내신등급 얼마 정도 나와야하나요?ㅠㅠ ||| 😺,인물/블로그
CKmzxU9mtQ4,박뚜기 개학했습니다! [ 개학 VLOG ],박뚜기,"6:03 ㅋㅋㅋㅋㅋ잉ㅋㅋㅋㅋ앗살라마잉쿵ㅋㅋㅋㅋㅋㅋㅋㅋㅋㅋㅋㅋ아시밬ㅋㅋ개웃곀ㅋㅋㅋㅋㅋㅋㅋㅋㅋㅋㅋㅋㅋㅋㅋㅋㅋㅋㅋㅋㅋㅋㅋㅋ영아짱^^ 뚜기짱^^ 아귀여웡ㅋㅋㅋㅋㅋ ||| 6:07 도대체 몇번을 보고 있는지... 한..구백번,,, ||| 6:53 거울에 비친거 개웃겨 요 ㅠㅠㅠㅠㅠㅠㅠㅠㅠㅠㅠㅠㅠㅠㅠㅠㅠㅠㅠㅠㅠ ㅠㅠㅠㅠㅠㅠㅠㅠㅠㅠ ㅋㅋㅋㅋㅋㅋㅋㅋ ㅠㅠㅠㅠㅠㅠ ||| 5:46 안경 쓴 당신..... 너무 내 스타일입니다.... ||| 5:09 인사하는거 졸라 기엽네요",인물/블로그
okvZUE5j4R8,SUB) GRWM🏫현실 여고생의 학교가기전 겟레디윗미/고데기하는법/학생메이크업/Get Ready With Me/모닝루틴 [미트],미트 miit,"🌻의류 정보는 아래에  Hello everyone! Thank you so much for watching my video from various countries💕 It's a shame that the number of foreign viewers has suddenly increased, so we haven't been able to put English subtitles quickly😭 I've asked the agency about the english subtitles, and it's not easy.. So, we're still discussing them. If the agency doesn't help me, I'll run the translator myself, so please wait🙏❣️  여러분 안녕하세요! 다양한 나라에서 오신 여러분 제 영상을 봐주셔서 정말 감사합니다💕 급격히 외국인 시청자분들이 많아져 빠르게 영어 자막을 달지 못한 것이 아쉽습니다😭 영어 자막에 대해 소속사에 문의를 해보았고 쉽지 않아 현재도 의논중입니다 소속사에서 도와주지 않는다면 제가 직접번역기라도 돌릴테니 조금 기다려주세요🙏❣️   🔥영상관련 정보🔥  🐰고데기:FHI제품 🐦검정반팔:예전에 길가다 사서 기억 안 나요ㅜㅠㅠ 🐹후리스:영상에 링크 첨부 완료 🐷목도리:위와 동일 🐥카메라:더보기 참고  제가 일일히 답글 달아드릴 수 없는점 양해 부탁드립니다ㅜ 링크는 영상 보다보면 오른쪽 맨위에 i 버튼 뜰거예요😆 ||| 일찍 일어나면 여유부려서 늦고 늦게 일어나면 늦게 일어나서 늦고 .... 완전 핵공감이요 ! ||| I really like korean videos style, so clean and aesthetic.   Me gustan mucho el estilo de los videos coreanos, muy limpio y estético. ||| Why am i obsessed with these korean getting ready with school videos? lol 😂 ||| 2024년의 누군가 ❤",인물/블로그
BhHdbHSK1j0,학교에서 간장계란밥 먹기 + 특성화고등학교 일상,산범 SANBUM,5:04 인스타 아이디 좀 알려주세요 ㅠㅠ ||| 4:54 피지컬 대박 ||| 0:50 칠판에 졸업 D-37 입대 D-43 ㅋㅋㅋㅋㅋㅋㅋㅋㅋㅋ ||| 6:03 이분 진짜 후 쳐다보시는 게 너무 귀엽습니다..❤❤ ||| 5:54 산범님 쭈글모먼트 너무 귀엽다구용 ㅠㅠㅠㅠㅠㅠㅠㅠㅠ산범님 최고 귀염둥하세요🥰,인물/블로그
8DEJMdjtghQ,프랑스 향수학교 학생의 일상 브이로그:Une coréenne qui habite à Versailles,예진토리 Yejintori,저도 Isipca에 입학하고 싶어요 나중에 유학&입학 준비하는 방법? 같은 영상도 올려주세요!! ||| 구독할게용! 영상 너무 알차고 멋있어용💘💘 ||| 헐 영상 너무 좋아요!! 향수학교에 관심 많은데 다음에 큐앤에이 영상도 부탁드려요! ||| 팬입니다 !!! 좋은 영상 자주 올려주세요( ͡° ͜ʖ ͡°) ||| 재밌는 영상 많이 올려주세용 💕,인물/블로그
mNeUbv6AHTo,학교에서 메이크업+학교 브이로그 !! | 학생메이크업 | 중학교브이로그 | school vlog | 지우 jiwoo,지우JIWOO,"3:27 진심 핵존예 ||| 요정이라는 분 진짜 핵존예 ㄷㄷㄷ ||| 여자친구 소원 느낌 나요 ♡ 영상 너무 이뻐요 ㅎㅎ ||| 4:44 매력에 빠져버렸어용,,, 진짜 매력 쩌신다구용 제 스탈이라구용 ㅠㅅㅠ ||| 지우님 보러왔는데 3:13 아스트로 노래까지 나와서 더 행복합니당💜",인물/블로그
JE5N6aL7IBM,평범한 학생의 평범하지 않은 수학여행 vlog 브이로그!!!@1탄!!,전국민,7:30 ㅋㅋㅋㅋㅋㅋㅋㅋㅋㅋㅋㅋㅋㅋ ||| 항상 영상 잘 찍으세요 ! ||| 앜ㅋㅋ 너무 귀엽잖아요오ㅜ ||| 엄청 귀여우시네요 ㅋㅋㅋ 재미있게 잘봤어요:) ||| 아닠ㄱㄲㅋㅋㅋ넘웃겨욬,인물/블로그
XQRJgE75nwQ,항공과 브이로그 ✈️ 항공과학생의 왓츠인마이백! [파우치소개 / 가방소개 / 항공과 학생/대학생 일상브이로그] (eng/jpn/vtn/chn) l MIYUT,MIYUT미윳,"아우터 : 아덴 (옛날 제품이라 지금 확인해보니깐 없네요ㅠㅠㅠ) 상의: 세컨드베리 바지: 화이트무드 신발:사뿐앵클 정확한 명은 다 몰라요ㅠㅠㅠㅠㅠㅠ!! 메이크업은 이글립스블러파데, 아리따움매트포뮬라브로우,컬러그램힛팬아이팔레트(매트프렌즈) 입술은 롬앤리치코랄, 페리페라하트백만개  볼터치는 홀리카홀리카제품이에요 핑크색상! 감사합니댱🥰❤️ ||| 아니 도대체 눈코입 안이쁜게 없어요 ㅜㅜ 근대 말 안하시면 세상 도도 새침해보이시는데 입만 열면 내 친구같은..❤️  털털 그 자체에요 ㅠㅜ 그래서 더 좋아요 😍 ||| 저 작은 얼굴에 오목조목하게 이목구비가 예쁘게 잘 담기심🥰 볼때마다 예쁨 😂 ||| 日本語字幕有難い　CAになるために頑張ろうって、モチベーション上がる🤸🏻‍♂️ ||| この動画みてる日本人👇",인물/블로그
eg0pKeTHHC8,[VLOG] 독일 교환학생 브이로그 :: 아침부터 밤까지 9월 일상 24시간 밀착 브이로그 (통학러의 학교가는날 / 독일 기숙사 / 어학당 / 학생식당),김폼폼 POMPOM,"감사합니다 🙏 22년 3월에 가려고 합니다. 지인이 여기 살아서 보구요. 오늘도 굿데이요 🌏 ||| 아 ,,진짜 추억이다 ㅠㅠㅠㅠ교환학생 생각이 마니 나네용 ........너무너무너모너무 돌아가고싶 다 .....😭😭😭😭😭😭 ||| 이 영상 보니 저도 교환학생 때 생각 나고 막 그립고 그러네요😖🤭 영상 너무 잘 봤어요 ||| 저두 저번학기 뷔부 교환학생 다녀왔는데 브이로그 올라왔다는 소식 듣고 보러왔어요 !! 흑흑 .. 영상보니까 너무너무 그리워져요 ,, 알차게 시간 잘 보내고 오시길 바래용 !! 앞으로도 영상 잘 보겠습니다아 ~ ||| 저는 캘리포니아로 교환학생 갔었는데 독일이라니 유러피안생활 너무 부럽네요✨👀 아직도 기숙사 친구들이랑 그때 추억하면서 얘기하는데 비디오랑 사진 제대로 관리를 못했더니 ㅠㅠㅠ지금은 아무리찾아도 보고싶어도 못보더라구요! 소중한 기간 이렇게 영상으로 남겨놓을 수 있으다니 너무 부럽네요✨",인물/블로그
lrvgvToN6lU,"미국 교환학생 일상 브이로그🎀하루하루 소중한 순간들 | 미국 학교 브이로그, 외국 학교 브이로그",지현Jihyun,"올려야할 영상이 산더미! 빨리 편집해서 올릴게요 오늘도 재밌게 봐주셔서 감사해요  🎀교환학생 일상 브이로그 정주행 바로가기🎀 https://www.youtube.com/playlist?list=PLuOQml1-zF2w7uTWuW2AjeijbwKI9ibYX  🎀교환학생을 위한 모든것 정주행 바로가기🎀 https://www.youtube.com/playlist?list=PLuOQml1-zF2wsoKCCbB75h8MNwuX7M1bD ||| ㅋㅋㅋㅋㅋ수표로 받는 월급 넘 멋진데 너무 신나보여서 귀여워 ㅋㅋㅋㅋㅋ ㅠㅠㅠㅠ ||| 빠른 업뎃 ,,,사랑,,☺️☺️ 지현 이제 슬슬 한국으로 돌아와 ~~~~걍 와~~~~~come back home~~can you come back home~~~~~ ||| 저도 교환은 힐링 그자체라고 해서 왔는데 도서관에서 썩은(?)기억 밖에 없네요.....하하 영상 재밌게 잘 봤어요🥳 ||| 첫월급에 신난네^^ 날씨추워지니까 몸관리잘하고 꼭비타민챙겨먹어 그런데 이제 너무보고싶다^~^",인물/블로그
NsW43UiSDqI,중국 교환학생 브이로그 / 염성 옌청 / 中南城 / cgv / 중남청 나들이 / 겨울왕국2 보기 / 중국어 더빙이라 못 알아들은 거 맞아 / 한국가서 한번 더 볼 예정,Jini,중국인인데 한국말 잘하시네요 ? 잘보고 갑니다 ^_^~~,인물/블로그
bq6_xeexLIc,[VLOG] 놀기만 하는 것 같은 학교 브이로그 / 학생 브이로그 / 중학생 / 일상 브이로그,조옥희,올 야 아침에 오프닝 잘만들었다 ||| 불과 작년인데 왜 다들 폭삭 늙었을까 ||| 민주니 잘생곀서요 ❤️❤️❤️❤️ ||| 언닝 담엔 저도 영상에 출연시켜주십사^^❤️❤️ ||| 2,인물/블로그
D28OtopVxxU,"교토 교환학생Vlog| 교토 스키야키 맛집, 쿄호젤리, 카모강 카페, 벚꽃",HongE홍이,담주 월화수목 교토 여행가는데 그래서 브이로그 정주행 하고이떠용 ㅠㅠㅠ 혹시 꼭 가야한다고 추천해주실만한 곳 잇으신가융?? ㅠㅠ ||| 樱花是韩国的 ||| 맛잇겟다... 그 타코집은 어디에여?,인물/블로그
bC-lsm_FMt8,항공과 브이로그 ✈️ 항공과 화장대 털기 [ 항공과 학생 / 항공과 스킨케어 / 팔자주름없애기 / 승무원 vlog ] l MIYUT,MIYUT미윳,"여러분! 큐엔에이 언제 하냐는 문의가 많이 와서용! 큐엔에이는 6월 말에 업로드될 예정입니다!ㅠㅠ저한테 궁금한게 없을까봨ㅋㅋㅋ미리 일찍 공지드려서 질문 받고있는데 그래서 더 기다리게하는 것 같아 너무 죄송해요ㅠㅠㅠㅠ그래도 기다려주실거쥬...?ㅎㅎㅎㅎㅎ? 녜,,?ㅎㅅㅎ,,? ||| 학교 끝나고 바로 언니 영상 보는거 너무 힐링됩니다유 ㅜㅠㅠㅜㅠㅠㅠㅠㅠㅠ 언니도 예쁘고 언니 친구도 역시 예뻐용 ❤️ ||| 항공과라는 자체가 정말 다른세계인것만 같았는데 미윳님 브이로그 볼 때마다 편안한 느낌들고 개꿀잼이에오 ㅠㅠ ||| 너무 예쁘세요 ㅜㅡㅜ💗 근데 Q&A영상은 언제쯤 올라오나용 ㅠ 얼른 보고싶 .. ||| 뭔가 되게 재밌게 보내시는거같아요 ㅋㅋㅋㅋㅋㅋㅋㅋㅋㅋㅋㅋ 햄버거 먹을따 뒤에 돌아가는 짱구도 너무 시강이에요❤️😆 오늘도 너무 예쁘세요ㅠㅠ💗💜",인물/블로그
3eH4EHDub2Q,"교환학생 일상 브이로그🎓미국 대학 수업, 과제, 카페 알바 | 교환학생 미국, 대학생 일상 브이로그 | Jihyun지현",지현Jihyun,"빠르게 편집하려고 하는데도 브이로그는 아직 9월에 멈춰있네요 ㅎㅎ! 브이로그는 일주일에 약 2번씩 올라가요 :) 재밌게 봐주세요! ||| 수험생 입장에서 보는 교환학생 브이로그는 정말 여유로워서 부러워요 ㅠㅠ 오늘도 힐링하고 갑니당 :) ||| 지현~~미국 가서도 잘 먹네 ㅎㅎ 그래도 남의 베이글은 뺏어먹지 말구ㅠㅠ ,, 다음 영상도 기대할게요 지현님☺️☺️ ||| 저번 브이로그도 올려주신게 엊그제 같은데 또 새로운 브이로그가 ㅠㅠㅠ 넘 행복해요 지현님 영상 보면서 미국에서 공부하는 꿈도 다시 굳히고 마음도 다잡게되는 것 같아요 요새 최애 유튜버셔요..❤️ 예전에 노래 여쭤봤을 때 답글달아주셔서 넘 감사합니닷!! :) ||| 항상 긍정적인 모습이 보기 좋게 만드는 것 같아요!",인물/블로그
TYbz3zcoCUI,"vlog ""미국 고등학교 교환학생 브이로그🇺🇸"" 미국 고등학생의 전학 첫날",연니 YEONNI,"7:23분 쯤에 나온 친구분 착하고 전형적인 인싸느낌이 ㅋㅋㅋㅋㅋㅋㅋ예쁘기까지해 대박... ||| 10:35 이부분 너뮤 넷플릭스 하이틴 영화같쟈나ㅠ큐ㅠㅋ ㅋㅋ  ㅋ 기여미들.. 너모 잼써요 븨로그 ㅜㅠ 대리만족 됩니단 ||| 솔직히 우리나라 대학보다 대학같음 ||| 14:10 STOP 잠깐 멈춰봐요 저 지금 반한거 같아요 ||| 미국의 새학기도 한국학교처럼 낯설고 설레는 분위기인건 마찬가지인가봐요😭 간접체험 한것만으로도 기빨리는 기분,,,, 재밌게 보고가요!!",인물/블로그
xUpapiXUSTo,"Vlog | 캐나다 디자인스쿨학생 브이로그(ft.먹고 공부하고 학교가는)일상브이로그, 4학기의 어느날, 공부브이로그.",Chloe L,스시봉 먹고싶다,인물/블로그
Tur-v17bN_o,Life of a Korean med student VLOG l 15 exams in 19 days l exam period | 의대생TV,의대생TV / Med student TV,이 정도면 의대생이 환자될듯 ;; ||| 당신의 브이로그가 누군가의 인생을 바꿀거라 믿습니다 ||| 이 브이로그가 진짜 공부 브이로그 원탑인듯...다른 공부 브이로그는 공부는 찔끔하고 뭐 먹었는지 어디 갔다왔는지가 주류라 걍 일상 브이로그 같아가지고 볼 맛이 안나는데 이거보면 정신 확 들면서 공부하러가게됨.. ||| 이분이 진짜 대단한이유 : 저 의대생 루틴 + 촬영 + 영상편집 ||| 어우 내가 여태 공부한다고 한건 그냥 동화책 읽기 정도였구나 숨이 턱턱 막힘,인물/블로그
MchyY9yY05s,"미국 교환학생 일상 브이로그 | 외국인 친구들과 놀러가기, 미국 학교 브이로그, 외국 학교 브이로그",지현Jihyun,차타고 20분 거리 Salem에서 친구들과 재밌게 놀았던 하루 브이로그 !! :) ||| 교환학생에대해서 유일한 브이로그네요! 많은 사람들이 봤으면 좋겠어요! ||| 선댓후감상😝 ||| 꺄아아 다음 영상두 얼른 올려주세요오!!👍🏻💜 ||| 브이로그 잘 보고 있어요~ 편집이 깔끔해서 보기 좋네옇ㅎㅎ 영상 많이 많이 올려주세요!,인물/블로그
1QbwUjTcHc4,"교토 교환학생Vlog| 이름 없는 라멘 가게, 551호라이, 팬케익, 로손 디저트, 계속 먹는 일상, 소우소우 가방 사기, 시험기간 존ㅂㅓ",HongE홍이,새삼 진짜 많이 먹었네여... 하지만 아직도 먹을게 더 남음..,인물/블로그
uik7tfcvsJs,수험생의 주말 브이로그 VLOG(feat. 학생회장),설커스 Seolcus,고삼 파이팅🧘🏻‍♀️🧘🏻‍♀️💃🏾💃🏾🤸🏾‍♂️🤸🏾‍♂️ ||| 1분 50초안에 모든걸 담아내는 브이로그는 첨봅니다,인물/블로그
hkNy_gUnNEM,[ Vlog # 2 ] | 🇺🇸 미국 시카고 교환학생 일상 브이로그 / 시카고 다운타운 / 미국학교생활 / 학교식당 / 학교오락실 / 칵테일 / 시카고 지하철,Daisy,재밌게 봤어요 ||| 저도 다운타운에서 근무하지만.... 시카고하늘은 참 좋아요 ㅎㅎ 10 월에 플류샷 맞으시고 감기조심 하세요. ||| KISSKEITH도 구독 부탁드려요,인물/블로그
Ucb2BToeMP4,"(세계최초 100%실제 상황!!) 간호학과 학생- 공부 ""안하는"" v-log",[ RN ]외과의 조가수,지역 외울 거 겁나 많을낀데 ㅋㅋㅋㅋㅋ ||| ㅋㅋㅋ 안녀엉 ||| 혹시.. 던지까 말까 작곡가 아니신가요?,인물/블로그
LdXBPadyLqA,해외 기업 연수 학생 브이로그,WeSET R,,인물/블로그
ayee7RWwptc,[VLOG] 헝가리 교환학생 일상 브이로그 D-0! 출발부터 도착하기까지 총 36시간/영국에서 22시간 레이오버/,Soom in Daily,ㅋㅋㅋㅋㅋㅋㅋㅋㅋㅋㅋ졸귀탱이넼ㅋㅋㅋㅋㅋㅋㅋㅋㅋㅋㅋㅋ ||| 첫댓이욤^^ ||| 저 수민씨 진짜 죄송한데 제 옷좀..,인물/블로그
m6-wRZ0DjJw,학생 브이로그ㅣ고2 마지막 야자 VLOG,콘유니,혜뉸나 왜 안올려 이제 ?????????? 보고시펑 ||| 영인아 귀여워ㅠㅠㅠ♡♡ ||| 혜윤이😢 ||| 보고 싶다 그리우어요 ㅠㅠ,인물/블로그
Lpjo2ajLrFM,[Vlog / School Life] 현대청운고 1학년 학생의 시험기간은 어떨까? | 밤샘 그리고 자유 | #전국자사고 #고등학생 #시험공부,현대청운고HCUtube,채널 우연히 발견한 졸업생입니당 추억돋네요ㅜㅜ ||| 찐으로 우는 것처럼 나왔다 ||| 동영상 더 많이 올려주세영 ㅜ 🥰🥰 ||| 언니❤️💙 수고하셨어욤 ||| I'm impressed to your video. I want to know the next contents.,인물/블로그
VF4Db6WlDDw,[6120] 프랑스 교환학생 일상 브이로그 2#.Bon appétit! 맛있게 드세요!,6120,맛있겠다.......🤤 ||| 라면이 제일 맛있어 보인다 한국인이라 어쩔수 없나벼 ||| 지우야 밥먹자 이번주 개맛있는거먹자 뭐먹고싶어 ||| 영상올려주세요 ||| 배고프다 지우야ㅠ 칼국수먹자,인물/블로그
fgWebCXtAMI,미국 교환학생 VLOG #13 • 새로운호스트 • 미국 일상 브이로그 • • 미국영화관 • 미국학교생활 • 미국생활의모든것  • 미국유학생 • 생일파티 • 베이킹,Sue 서연,오늘도 너무 영상 깔끔하고 진짜ㅜㅜ감동쓰ㅜㅜ이뻐서 눙물입니다ㅜㅜ ||| 항상 이런 소소한영상 넘나좋다❤ ||| 뭔진 모르겟지만 되게 행복해보여요 ! ||| 영상 너무 잘 보고 갑니다 ㅎㅎ 재밌어요! 구독 좋아요 하고 갈게요 :) ||| 안녕하세요 저도 이번 8월에 미국 교환학생으로 1년 가요 !! 친구들하고 친해지는 팁 같은 것좀 알려주세요 ㅠㅠ,인물/블로그
qGcWukz8a7I,[vlog] 파리 교환학생 1 | 파리 브이로그 봄💐방학,우나의하루,우나 영상 잘 만들었다🙊 ||| 좋아오좋아옹 ||| 행복한 6분이어따. ||| 튈르리 공원가서 앉아있고싶다 ㅠㅠ,인물/블로그
b6yaKbu_cpY,[VLOG]  독일 교환학생 일상 브이로그 : #1 맛있는게 최고야,이소영,이과정님 영상 넘 쪼아요오오💕💕💕💕 ||| 언니 영상 첫 댓글 내꺼!😘 얼른 다음 편도 보여주😀 ||| 영상 색감이랑 자막 스타일이 너무너무 좋아요❣️ 잘보고 갑니다 ㅎㅎ 저는 호주로 교환학생 나와있어요~ 같이 맞구독해요❣️ 좋은 하루 되세요✨,인물/블로그
EyJdKgMGo2A,지민이의일상 Vlog#1🎞                                                         (강대 무용학과 학생 브이로그💃),yuntrois story,이뻐요~! ||| 누나 이뻐요~~😸 ||| 혹시 발레 전공이신건가욤?,인물/블로그
sK0RTj2jBdE,"[VLOG]헝가리 교환학생 일상 브이로그! D+2,3째주!! 먹고, 먹고, 또 먹은 일상!",Soom in Daily,점점 동영상이 깔끔해지네요^^ 관심있는 주제는 아니지만 항상 챙겨봅니다.,인물/블로그
XIdSiwRZ29Y,[VLOG] 미국 교환학생 브이로그 - 이준석 /미국 교환학생/일상/홈스테이,오잉TV,알차게 잘보내고 오셔! ||| 건강한 모습을 보니 정말 반갑고  앞으로 소식도 기대할게요^^ ||| 준석이의 멋진 미국생활 잘 봤네~~ 더 많은 영상이 올라왔으면 좋겠다!! ||| 준석이 화이팅...^^ ||| 앗 감사합니다,인물/블로그
MXSeBv99MOc,[프랑스 교환학생 VLOG] French exchange student. 캥페르 교환학생. EMBA 교환학생. 유학생 브이로그,보라’s clip,you're so cute ! love uuu ♡ ||| 보라보라 예~~ ||| That's very good !!!! :) ||| 보라~까르보나라~~ ||| 구독과 좋아요 누르고 갑니다 총총총..^^,인물/블로그
FwxNuPvMOk4,경찰행정 학생 일상 브이로그👮🏻‍♀️,강호롤롤로,"영상 잘 보고 갑니다 ㅎ 좋은 주말밤 되세요 :) ||| 믿고 보는 ㄷㅎ선배...! ||| 믿고보는 ㄷㅎ선배...! ||| 피시방,, 피나치공,, 그나저나 도대체 일주일에 술 몇번 드세요? ||| 아 영상보니까 술 마시고 싶어졌어",인물/블로그
ByknxKyt6vQ,벨기에 교환학생 브이로그 #8 여행가기 전 11월 일상모음,들레,혼자서도 잘 해드시네요 ㅎㅎ ||| Oh cool you’re studying in Belgium as an exchange student ? 😲 ||| seoul후드티 교복이에요? 애국자시네요^.^,인물/블로그
ARZRp8S2AOw,"교환학생 일상 브이로그🎓미국에 호떡을 전파하다, 카페 알바, 글로벌 빌리지, 미국 수업 | 교환학생 미국, 대학생 브이로그 | Jihyun지현",지현Jihyun,"지금 제가 있는 지역에는 태풍이 와서 전기가 다 정전이 됐어요 ㅠㅠ 와이파이도 겨우 되는 상황입니다...  🎀교환학생 일상 브이로그 정주행 바로가기🎀 https://www.youtube.com/playlist?list=PLuOQml1-zF2w7uTWuW2AjeijbwKI9ibYX  🎀교환학생을 위한 모든것 정주행 바로가기🎀 https://www.youtube.com/playlist?list=PLuOQml1-zF2wsoKCCbB75h8MNwuX7M1bD ||| 바쁜일상속 소소한행복좋아요^~^ ||| ㅠㅠㅠㅠㅠ 밥 너무 잘나오는구 부럽다아아 ㅠㅠ 감기는 다 나았어 ? ㅜㅠ 여기도 엄청 추운데 이제 모두 감기조심합시다 💪💪 ||| 헐 음식 다 맛있겠다 ... 특히 jam,,,,,, ||| 브이로그 말고 먹방 유튜버해도 될거같아요☺️☺️",인물/블로그
ypb8i1qmbxQ,"미국 교환학생 일상 브이로그🧡유치하고 즐거워 | 미국 학교 브이로그, 외국 학교 브이로그",지현Jihyun,"오늘도 영상 봐주셔서 감사해요!🙆🏻‍♀️  🎀교환학생 일상 브이로그 정주행 바로가기🎀 https://www.youtube.com/playlist?list=PLuOQml1-zF2w7uTWuW2AjeijbwKI9ibYX  🎀교환학생을 위한 모든것 정주행 바로가기🎀 https://www.youtube.com/playlist?list=PLuOQml1-zF2wsoKCCbB75h8MNwuX7M1bD ||| Love this ||| 으ㅏㅏㅏㅏ 정주행중입니다.. 포스터씌 정말 좋은 친구인것같어용 ㅜㅜ ||| 이거 보니까 학교 가고싶네요..ㅋㅋㅋㅋ 잘 봤어용:) ||| 친구분 넘 재밌으셔요 ㅋㅋㅋㅋㅋㅋㅋㅋㅋㅋㅋ 장꾸시군요,,,  어느새 저도 모르게 잇몸 마르게 웃고 있었어욬ㅋㅋㅋㅋㅋ  지현님 교환학생 생활하시면서 편집하시느라 많이 바쁘실텐데 천천히 쉬엄쉬엄 하셔요!! 인스타 보니 영상 업로드 할 게 많아 바빠 보이시더라구요ㅜㅜ ((덕후는 지현님의 건강이 우려되옵니다) 오늘도 영상 잘봤어요 ❤️",인물/블로그
Pq-vfa8IuX4,Vlog #2 School Orientation 미국 대학교 오리엔테이션 ㅣ미국 교환학생 브이로그,지엘민Zielmin,너무 멋져요ㅠㅠㅠ캐나다 놀러갔을때가 생각나는군요ㅠㅠㅠㅠ자주 올려줘용>< ||| 두번째 브이로그도 잘 보고갑니다! (ﾟ∀ﾟ) 나이아가라 폭포를 간접적으로 보여주다니 굉장히 좋은 채널이군여! 중간에 케이티 페리의 firework를 보며 불꽃놀이라니! 좋은 선택이네요~~,인물/블로그
K0nH4Xg_03M,[GELLOG] 체코 교환학생 브이로그#짐싸기 #적응ing,gellog겔로그,"ㅋㅋㅋㅋㅋㅋㅋㅋ너무 귀여워여 ||| 자주 올려주세오 ~! ||| 안녕하세요! 제가 내년 1학기에 체코 교환학생 지원을 생각 중인데 지금 다시 코로나 상황이 세계적으로 심각해지면서 내년 1학기에 코로나가 잠잠해질지 걱정입니다. 내년 1학기에 교환학생을 넣을려고 한건 코로나가 잠잠해진다는 가정하에 지원할려고 했었는데, 생각해보니 교환학생 하면서 세계 여행도 생각하고 있었는데 활동 면에서 많은 제약이 가해질 것 같아서요 ㅠㅠ 내년 1학기에도 지금 코로나 상태에서 백신이 나오지 않는 이상 더 호전될 일은 없고 지금 상태 그대로 일 것 같은데 만약 파견된다하더라도 안전 문제가 제일 걱정되더라구요. 처음에는 가볍게 생각해서 지원을 생각했었는데 만약 파견될 시를 생각한다면 교환학생을 제대로 즐기고 올지가 제일 걱정됩니다. 하지만 교환학생이 오랜 목표였어서 포기하기가 쉽지 않네요 ㅠㅠ 혹시 이러한 상황에서 어떤 결정을 내리면 좋을지 여쭙고 싶습니다!! ㅠㅠ ||| 첫주니까 학교안가는거 너무 한국식아닙니깤ㅋㅋㅋㅋㅋㅋㅋㅋ 언급 좋아요👏🏻☺️❤️ 히히 앞으로도 겔로그 기다린다~~! ||| 오랜만이에요ㅠㅠㅠㅠ",인물/블로그
N3vBQGyVyuI,서강대 아트&테크놀로지학과 학생의 시험 기간&종강 브이로그 | VLOG,유영의 작업실,이제야 봤따 울 영짱 한해동안 수고 넘 많아쏘!!!! 영상 보니까 내가 못봤던 프로젝트들도 엄청 많구나 대단해대단해 내년에도 킾 고잉 빠샤 해봅시다 사랑해 :) ||| 지니어스 갓갓 유영 너무 멋진 내친구 최고야❤️❤️❤️💕💕❤️ ||| 정말 오랜만이네요!! 새해 복 많이 받으세요!! ||| 우와와!!! 오랜만에 영상 올리셨네요!!! ||| 안녕하세요! 영상 잘보았습니다 감사합니다 ㅠㅠ 보실지는 모르지만.. 몇가지의 궁금증이 있어 여쭤봅니다!   1. 졸업이후 아직까지 아텍에서 학업하신 것에 대해 많이 만족하시나요? 2. 20대 후반에서 30대 초반에 아텍에 입학하는 경우는 많이 없고 적응이 힘들까요..? 3. 저의 경우는 편입을 생각하는데요! 원래는 아텍 + 컴공을 전공하고 싶었는데.. 예를 들어 사회학과에 들어가면 .. 3전공을 해야 아텍과 컴공 모두를 잡을 수가 있나요? 그점때문에... 1년을더 미루더라도 이과로 편입준비를 해야 하나 고민입니다 ㅠㅠ 다시한번 감사드립니다!!,인물/블로그
L-kY100eO6o,미국 교환학생 금공강 일상 브이로그 (ft. SSN 발급 받는 법) 대학생 브이로그 | Jihyun지현,지현Jihyun,금공강에는 근교인 세일럼에 다녀왔습니다! 오늘 영상은 SSN을 받지 않으실 분들한테 조금 지겨울 것 같아서 걱정이 되긴 해요 ㅠㅠ 관심이 없으신 분들은 3:14 부터 봐주세요! 오늘도 감사합니다 :D ||| 혹시나 실수할 부분까지 미리 알려주시려는 것 같다는 느낌을 받았어요! 항상 재미있고 유익하게 보고 있습니다 ||| 날씨가 매일 존좋 .... ||| SSN 받는게 까다로운데 쉽게 잘알려주셔서 좋네융 !! 🥰 ||| 브이로그 정주행중이에요ㅜㅜㅜㅜ 넘 재밌어요ㅜㅜㅜㅜㅜ훅훅,인물/블로그
f3_J6IVAah4,ENG)집순이 일상브이로그 방청소 홈카페 하루종일 집구석 All day at home,:Dalgo 달고,Gorgeous photography and an absolutely beautiful video. Thank you for sharing 💐👍🏻💐 ||| 벵갈고무나무 분갈이 하는거 보고싶네요^^ 달고님댁만 보면 고무나무 사고 싶어져요 ㅎ ||| 분위기 있는 영상 잘 보았습니다~ 갓볶은 커피 너무 맛있을 것 같아요~ 하루를 차분히 힘차게 살아가는 것 같아요. 파이팅입니다~^^ ||| 홈로스팅 진짜 대단하세요~~~ 커피 좋아하는데 생각지도 못했네요~~ 라볶이 군침돋아요 ㅋㅋㅋㅋ 하...ㅎㅎ ||| 홈로스팅 👍 잘보고 가요 달고님 ☺️,인물/블로그
Tur-v17bN_o,Life of a Korean med student VLOG l 15 exams in 19 days l exam period | 의대생TV,의대생TV / Med student TV,이 정도면 의대생이 환자될듯 ;; ||| 당신의 브이로그가 누군가의 인생을 바꿀거라 믿습니다 ||| 이 브이로그가 진짜 공부 브이로그 원탑인듯...다른 공부 브이로그는 공부는 찔끔하고 뭐 먹었는지 어디 갔다왔는지가 주류라 걍 일상 브이로그 같아가지고 볼 맛이 안나는데 이거보면 정신 확 들면서 공부하러가게됨.. ||| 이분이 진짜 대단한이유 : 저 의대생 루틴 + 촬영 + 영상편집 ||| 어우 내가 여태 공부한다고 한건 그냥 동화책 읽기 정도였구나 숨이 턱턱 막힘,인물/블로그
m880VVuLLis,"[시험 전 필독 영상] 공부자극 vlog 의대생의 지옥같은 중간고사 기간✍🏻❘이렇게 공부하는데 유급 위기라고?❘해도해도 너무한 의대 공부❘비염, 감기도 방해하는 공부",옛날콜리,"❤ 오늘의 킬링 포인트 ❤  📍0:23   의대생 공부 계획표 📝 📍1:00   자고 일어난 멍청콜리 😴 📍2:58   소소한 재미 ""팽대부릉🛵"" 📍3:50   첫 번째 시험 죽인 진콜리 📍4:04   출석체크 하는 과대콜리 📍4:42   정신 체리🍒!! 📍5:40   실습하는 의사콜리 👨🏻‍🔬 📍10:54   비염 개빡치는 빡콜리 🤧 📍11:52   술 약한 진콜리 🍻 📍16:58   방 벽지도 브로콜리 🥦 ||| 나는 의대 부정입학 시켜줘도 울면서 자퇴할듯....ㅋㅋㅋㅋㅋㅋㅋㅋㅋㅋㅋㅋ ||| 당장 다음주 월요일이 시험인데 이거보고 있는 내가 레전드 ||| 매 시험마다 유급 걱정하면서 대학 생활 하시는 거 진짜 너무 압박감 심해 보이고 힘들어 보여요ㅠㅠ 모든 의사 분들 존경합니다 ||| ''나만 힘들게 공부하고 있는게 아니다 찡찡대지 말자''라는 마인드 감동먹고 반성하고 갑니다",인물/블로그
5v7Na9Zmecs,(북한 실제영상) 평양의 아침 8시30분 풍경은 어떨까?,북한여행자,"와 진짜 꿈도 희망도 없는 세기말감성 도시다 ||| 북한에서  태어 나지 않았다는거에  천만다행이다  이거 보고  열심히  살아야지 ||| 음산한 지옥 풍경을 보는 것 같다.... 을씨년한 노래에 우중충한 건물들, 어두운 사람들까지 완벽하네. ||| 저거보고 북한이 최빈국이니 뭐니해도 다 사람사는곳이구나 했는데 상위1%랰ㅋㅋㅋㅋ ||| 할머니 할아버지 조상님 ... 남조선에서 태어나게 해주셔서 감사합니다 ..",인물/블로그
00AYfmqL3Rc,ENG)일상브이로그 집순이 카스텔라 만들어 소소 유튜브 구독 1만 홈파티 Thank you!,:Dalgo 달고,"세상에 마상에 ㅠ ㅠ 이번 영상도 힐링했어요,, ||| 시리얼에 하트 너무 앙증맞! ^^ 커피는 역시 가득 채워야 재맛 ㅎ 완연한 가을 너무 잘 담았네요~^^ 팬케익이 되었지만 케익 이뻐요~^^ ㅎ 케익 하얀 옷과 귤을 입으니 넘 아담하고 이뻐요~ 1만 구독자 축하축하~ 앞으로도 많은 영상 기대기대~^^ 오늘도 이쁜 영상 잘 보았어요~^^ ||| OMG I love the tiny Wall-e ♥ ||| The cake still looks delicious 😋 congratulations on your 10k subs! 👏🏼 ||| 만명 축하해요~~케익 너무아기자기하고 귀엽네요~~넌 스탠딩이야.ㅎㅎ넘재밌어요^^",인물/블로그
Iy64SiYFgK0,[VLOG] 모델 겸 인플루언서의 별거없는 일상 브이로그!,음공주,뒤늦게 인스타 스토리 확인하고 바로 달려왔습니다🏃‍♀️ 혁진님 영상에서 너무 빛나는거 아니신가요..? 혁진님의 머리스타일 언제봐도 너무 이쁜거같아요💕 좋은 밤 보내세요...💙 ||| 7:15 개머시써 ||| 음공주 언니 항상 예뻐요 ㅋㅎㅋㅎㅋㅎ ||| 헐 메컵 영상 궁금해요 꼭 찍어주세용 ||| 본거 또 보기. 공듀 아프지 말구 마스크 잘 끼고 댕겨유💙 잠도 잘자구유,인물/블로그
um6imijb8Hk,"(sub)VLOG 돌아온 수험생의 일상 / 독서실, 공부, 제주여행 브이로그 | 수린 suzlnne",수린 suzlnne,"i like watching ppl study but i wont do it myself ||| watching study vlog always makes me want to study more... perhaps i should apply for masters program... ||| Me : *watches video with no eng sub,, smiles throughout the video* Also me : *watches with eng sub and smiles EVEN MORE* ||| When you played Xiumin's 이우 while driving in the rain...ㅠㅠ my heart! the perfect song... ♡ ||| ""When there's always a start, there is also an end.""  Seeing this line warms yet saddens my heart.  I really miss traveling.  2020 was the year when we were not able to go to our destination in which we always come to every year.  Still, we are grateful because, despite everything, we are still holding onto life.  I hope everything goes normal again soon.  I miss that place so much.  That place, even if it was not our hometown or any of our relatives' province, made me who I am now.",인물/블로그
UPEi8nrbbzY,"(sub) 그동안의 밀린 일상 브이로그 /도서관, 오일파스텔클래스, 노트북 파우치추천 | 수린 suzlnne",수린 suzlnne,"check sub!❤️  * 의류정보 빨강니트,  아이보리니트 _로렌하이 하양 니트 _미쏘 데님스커트 _바인드 잠옷 _하늘하늘 카드지갑 _브리즈희 ||| Love your videos. Don't let nasty comments get you. There are a lot of people here that love you and your videos.  Hugs from Italy ❤️ ||| 수린님 소수의 악플 때문에 너무 힘들어하지 않으셨으면 좋겠어요 ㅠㅠ 그런 사람들보다 수린님을 좋아하고 동경하는 사람이 더 많답니다!! 파이팅하세요💜💜 ||| I’ve missed u dearly when u took a break! It’s like my study friend went on vacation and studying by myself just wasn’t the same 🥺   When u are feeling down from stupid comments just remember how many people around the world cherish your videos! You are so many students’ study buddy 🥰💕 welcome back!! ||| 수린님 브이로그는 갑자기 음악이 끊기는 것도 비지엠 선택도 너무 좋아요ㅠㅠ 진심으로 보면서 안정될때가 많아요 항상이요ㅠㅠ 지친일상에서 괜찮다고 말해주는 느낌이여서 오늘도 쳐진마음 힐링하고 갑니다😊 저희와 일상을 공유해주셔서 감사해요❤️",인물/블로그
u4WV_xB-oU0,연세대학교 치과대학 원내생의 일상 브이로그 (feat. 삼성 노트북 Pen S),치대생김실습,"우와 360도 회전이 되고, 펜이 내장되어있어 화면에 직접 필기하며 노트를 정리할 수 있다니 의,치대생이나 그림을 많이 그려야하는 대학생들에게 너무 유용해보여요!!!!!! 저도 의대 입학하면 사야겠어요 최고에요(이렇게 하면 되는건가요 실습님?) ||| 안녕하세요~ 저는 치위생과 재학중인 학생입니다 ㅠㅠ 항상 김실습님 영상보는데 댓글 남기는 건 처음이네요 제가 치과에 들어갔을때 김실습님같은 원장님, 의사선생님하고 일했으면 좋겠어요 꼼꼼하시고 실력도 좋으시고 배우는 깊이는 조금은 달라도 항상 좋은 영향력 받아가는 것 같습니다~ ||| 헐 노트북을 사려고 보고있었는데..!! 세상에나 김실습님과 삼성 Pen S의 콜라보라닛?!!! 정말 실용적인 영상이네요!!><  이렇게하면 되겠죠..? ㅎㅎㅎ ||| 와... 실습도구나 실습실 잘 되어있는거 너무 부러워요.... ㅠㅠㅠㅠ 역시 치대공부는 빡세네요ㅠㅠㅠ 공부하실때 노트북 정말 잘 활용하시는 거 같아요ㅠㅠㅠ!! 열심히 배워갑니다!! ||| 곧 논문을 써야 하는지라 싱숭생숭하던차에 김실습님의 하루를 보니 뽐뿌를 받아 열심히 학업에 임하고 싶어지네요. 활활! 언제나 좋은 영향을 주는 영상 감사합니당.",인물/블로그
lmE35hCccS8,(SUB) 고등학생의 일상ㅣ개학날 VLOGㅣDaily Life of a Korean High schooler,DOJIN도진이,"안녕하세용 도진입니다!ㅎㅎ 오늘 영상은 예전 채널에서 가장 인기가 많았던 개학날 학교브이로그에요! 200만뷰 가까이 나왔었던 조회수가 사라진것도 너무아쉽지만 가장 슬픈건 해외 각국의 팬분들이 정성껏 달아주셨던 자막들이 사라진거입니다..😭😭😭 비록 많은 조회수와 자막은 사라졌지만 그분들의 감사함은 절대 잊지못할거에요!!💛💛 Today’s video is a Back to School Vlog that was the most popular in my past channel! I’m very sad that the video that had almost 2 million views got deleted, but the worst part is the subtitles that you guys put using your precious times got deleted.. 😭😭😭 Although the views and the subtitles are gone I’m still grateful for you all and I’ll never forget it!! 💛💛 ||| Um minuto de silêncio para o uniforme que nunca teremos. ||| can we appreciate how cute her grandma looks in that face mask ||| Can we take a moment and appreciate how pretty she actually is tho. ||| I used to watch this vlog back in my teenage and I came back here recalling my memories after whole 5 years",인물/블로그
TsidurVcfYo,일상의 재현 : 휴일의 윤오,채널 NCT DAILY,"7:54  Jaehyun: ""Beautiful"" Me: yes. correct. accurate statement. true. exactly. you are right. ||| *_jaehyun really needs to stop flexing his beauty daskhjka_* ||| jaehyun is everyone’s bias wrecker. even if he’s your bias, he’s your bias wrecker. even if you don’t know who he is, he’s your bias wrecker. ||| 이 영상 내리는 순간 스엠 저주 붓는다 ||| Can this boy stop running his hand through his hair every 5 seconds because my heart can’t take it!",인물/블로그
EIOsuNMhxJs,"ENG) VLOG_대학생 시험기간 브이로그 : 아이패드로 공부, 끝이 안보이는 민법책, 그리고 밥밥간식밥밥",이욜 eyol,"2:47분 가방 문의가 많아서 고정해둘게요  https://m.smartstore.naver.com/moiettoi/products/2386878689?NaPm=ct%3Dk6dnjpsf%7Cci%3Dcheckout%7Ctr%3Dppc%7Ctrx%3D%7Chk%3D9e36f68ba0aef4fbd09ab9604115a5eca95785c4 요 가방입니당💓 ||| I felt it so deeply when she said 30min of studying and 2 hours of nothing xD ||| 츄리닝바지 완전 시험기간탬 재질 돌았음 😊 어닠ㅋㅋㅋㅋㅋㅋㅋㅋㅋㅋㅋㅋ웅장한 비지엠 갑자기 나와서 너무 웃기고 귀여우셔용 ㅠㅠㅠㅠㅋㅋㅋㅋㅋㅋㅋㅋㅋㅋ ||| i suddenly missed studying like making notes, memorizing, eating... hope this crisis ends ||| 척추가 없는 인간ㅋㅋㄱㅋㄱㅋㄱㅌㄲㅌㄱㅌㄱㅌㅌㄱㅌㄱㅌㄱㅌㄱㅌㅌㅌㅌ 아버지가 유쾌하시네요ㅋㅋㅌㅌㅋㅋㅌ",인물/블로그
4HZv4jY-GYk,대학생 브이로그 | 일주일 동안 영어시험 벼락치기 | 영어공부는 방학에 | 대학생 방학 브이로그 | Vlog19,에이스ACE,"안녕하세요 여러분! 이번 브이로그는 아이엘츠 시험 준비편 입니다!  저는 설 연휴가 있던 그 주에 시험을 봤어요 그래서 연휴 내내 할머니댁 가는것을 제외하면 계속 집에서 틀어박혀 공부만 했답니다.  공부하는 모든 순간들을 촬영하지는 않았어요 공부하다가 너무 신경이 쓰이거나 하면 껐다가 다시 컸다가 해서 영상이 그리 길지 않네요😅  이번 방학 안에 공인영어 성적을 내는 것이 목표여서 촉박하게 준비했지만, 엊그제 시험 결과가 나왔는데 생각보다 잘봤답니다! 목표치도 넘겼어요!!  오늘도 영상 봐주시고, 기다려주시고 응원해주셔서 감사합니다!   -----------------------------------------------------------------------------------------   Filmed& Edited by aceparkxx  📱instagram: @aceparkxx 📧mail: aceparkxx@gmail.com  ‼️많이들 물어보시는 질문‼️ 노트북: 맥북 프로 15인치 터치바 2018년형 아이패드: 프로 2세대 10.5인치 실버 256g wifi 아이패드 케이스: 중국 직구 애플펜슬: 1세대 (펜촉에 마스킹 테이프 붙여 사용중) 편집: 파이널컷프로 카메라: 빅시아 미니, 아이폰7 B5 바인더, 속지: 무인양품 대부분의 문구: 무인양품, 핫트랙스에서 구입 다이어리: 아이코닉(2018년)  ❌전공은 공개하지 않습니다🙅🏻‍♀️. 섣불리 판단하지 말아주세요. 부탁드려요🙈 💜그 이외의 질문들은 댓글이나 인스타그램 디엠으로 보내주세요😝  🗣요즘 약간 비꼬는 듯한 댓글들이 달리고 있어요. 대부분이 좋은 댓글이고 응원해주시는거 아주아주 감사하고, 정말 힘이 많이 되고 있어요. 하지만 기분 나쁜 댓글들은 제가 알아서 삭제하도록 하겠습니다. 제가 좋아서, 그리고 재밌어서 하는 유튜브인데 기분 상하고 싶지 않아서요. 예쁜 댓글 많이 달아주세요🙏🏻 ||| 9:53 언니 지구젤리 같아요!! ||| 1:09  웃는 입꼬리가 너무 사랑스러워서 화면에 안보이는 얼굴도 그냥 이뻐보리긔 ||| 성적 잘 나왔다고 하니 다행이에요!!ㅎㅎㅎ 공부하는영상 1도 지루하지 않습니다ㅠㅠㅠ 제 최애 영상이에요!!! ||| 2:57 기요오요><!!😍😍 어떻게 그렇게 자율적으로 공부하실수 잇나요...넘 멋지시고 부러워용📖📖",인물/블로그
Ucb2BToeMP4,"(세계최초 100%실제 상황!!) 간호학과 학생- 공부 ""안하는"" v-log",[ RN ]외과의 조가수,지역 외울 거 겁나 많을낀데 ㅋㅋㅋㅋㅋ ||| ㅋㅋㅋ 안녀엉 ||| 혹시.. 던지까 말까 작곡가 아니신가요?,인물/블로그
r-Uy20oon-E,"[vlog] 밖순이인 척하는 집순이 브이로그, 일상 브이로그",릿쭈,아 큰일이다 지금 정주행중임;;;; ||| 밥하기 애매해서 불닭을 끓였다니 ㅜㅜㅜㅜㅜ 요즘 들은 말들 중에 가장 아름다운 말이에요 ㅠㅠㅠㅠㅠ ||| 아 진짜 자야하는데 치킨썸네일때문에 들어옴 이것만 보고 진짜 자야지.. 배고파.. ||| 아 왜 인제 알았지 구독해놓고 미친듯이 몰아봐야지 ||| 진짜 확 뜨실 것 같다...,인물/블로그
l82OkFBSrxw,[공부자극 vlog] 연세대 치대생의 브이로그 / 이거 보면 연세대 오고 싶어질껄? / 동기들한테 유튜브 들킴,치대생짜몽jjamong,7:52 너무예뻐서 놀랍... ||| 진짜 자극되네요.. 다른 세계 사람같음ㅋㅋ 영상 많이 올려주세용!! ||| 누우가 신은 공평 하다고 했냐악!!!! ||| 아니 사과가 큰거야 얼굴이 작은거야..... ||| 친구들한테 놀림당하는거 넘 귀여워요..ㅋㅋㅋ,인물/블로그
WrdG2f5YnN0,VLOG [유튜버와 대학생] 48시간 일상 브이로그 / A two days of a University Student and a Youtuber l 홍준 HongJun,홍준 HongJun,"안녕하세요 여러분:) 홍준입니당~ 이번 영상도 재밌게 봐주셔서 감사합니닷! 구독과 좋아요 알람설정은 정말 큰 힘이 되요! 다음주 토요일날도 최초공개로 같이 보면서 소통해요ㅎㅎ 알람설정 꼭 해주셔야해요ㅎㅎ 다음주 브이로그는 주말 일상 브이로그입니다! 다음주에 만나용ㅎㅎ 렛츠홍~ Insta : @a.hjun https://www.instagram.com/p/BvbseUpBya-/?utm_source=ig_share_sheet&igshid=ij2w7bvahad1 ||| 김볶 먹을 때 친구분들 홍준님이 먹어! 할때 먹는 거 너무 웃겨요 말 잘 듣는 세마리 댕댕이들 같다,,🐶🐶🐶 ||| I love your videos 💞 even though I can’t understand I find them very relaxing! ||| Your videos was in my recommended list and I just clicked it on a whim and wow, I didn't expect that your videos will be so relaxing and it really helps to destress myself since I'm currently rushing to meet a deadline. Thank you for your hard work and I will continue watching your videos! :) ||| 바쁜 일상속에서도 영상편집 대단해요 👍👍 홍준님은 영상 속에서 말하지않고 대부분 자막으로 말해서 좋은것같아요. 일상을 깨트리지않고, 그대로 보면서 자막으로 소통하는것같은 기분이 드네요 그래서 좋아요  항상 잘보고있습니다 화이팅 렛츠홍!!",인물/블로그
K2j20U_bgHw,[탱구vlog🎬] 올리브영+배스킨라빈스+소소한 탕진잼,탱구TV,코덕탱 보고 올영 탱구 보러왔다요 ||| 탱구의 유튜브 소식을 기다리고 계신 분들은 조용히 손 한 번 들어봅시다 ||| 오피셜에선 이런 느낌이 안 나아 ㅠㅠㅠㅠㅠㅠㅠㅠㅠㅠㅠ후엥.................. ||| 탱구TV에서는 태연이가 너무 행복해보여서 좋아ㅎㅎㅎ 태연이 웃을 때 나까지 기분이 좋아져 우리 꼭 많이많이 행복하자! ||| 엄마 심부름 때문에 나가서 1년째 영상이 없다 올리브영이 얼마나 멀리 있길래... 지금 쯤 출발 출발은 했겠지...?,인물/블로그
MBBBwAXPbCU,숲속 일상 브이로그 | 새로워진 것들,냥숲nyangsoop,"제 워너비 삶이에요 시골의 나무 집에서 고양이와 함께 사는 것.. 영상으로 늘 대리만족 하고 있어요. 늘 좋은 영상 감사해요. ||| she's living in my dream ||| 제 인생 영화 중 하나가 리틀포레스트이고 시골 나무 집에서 고양이와 여유로운 삶을 사는 게 로망인데,, 대리만족 잘 하고 가요:) 정말 낭만적으로 사시는 것 같아요 ㅠㅠㅠ 멋지세요,, ||| 저만 이런 분위기 좋아하나요..? 이른 아침, 춥지도 덥지도 않은 가을 숲속에 있는 아늑한 나무집에서 고양이하고 포근한 아침을 맞이 한 후, 옆에 있는 친한 이웃 집으로 갈 때, 피크닉 바구니에 과일과 직접 만든 잼을 같이 넣어서 친한 이웃의 집으로 가서 같이 수다도 떨고 하다가 집으로 돌아가면서 도토리도 줍고, 사진도 찍으면서 집으로 도착해서 따뜻한 코코아를 곁들인 책을 읽으며 쉬고, 오래됐지만 재밌는 프로를 많이 하는 티비를 보면서 욕조에 물을 받고, 목욕을 한 다음, 기분좋게 흔들의자에서 고양이도 만져주고, 노래도 들으면서 저녁도 먹은 후, 포근한 솜이불에서 잠이 드는...그런 하루 분위기...🤍 ||| 1)집 직접 지으신 건가요? 2)영상 찍을때나 쉬고 싶을때만 그 집에서 지내고 원래 따로 지내는 집이 있으신가요? 3)리틀포레스트를 보고 감명을 받아 살게 되셨나요? 4)밤에 혼자 무섭지 않으세요? 5)요리, 그림을 배운 적이 있으신가요? 6)완전 숲속에 집이 있나요? 7)집에는 언제부터 살게 되었나요 8)겨울에 수도 안 얼어요? 9)혹시 그 집의 단점? 조금 불편한 점도 있으신가요? 10)분위기가 좋은데 영상찍는 걸 배운적이 있나요?  11)앞으로 도시에서 살 계획은 없으신가요? 12)오늘 영상 초반에 숲 전체가 나오는 장면은 드론으로 직접 찍으셨나요?  영상 기다렸어요 냥숲님 영상 보는 동안은 행복하고 편안해요😊 앞으로도 좋은 영상 많이 만들어 주세요💚💚",인물/블로그
36ahPC7GF_k,"뿌직의 방학일상 브이로그 🌕 | 영상준비, 택배개봉, 택배보내기, 당면불닭, 공부 | VLOG | 뿌직",뿌직 PPUJIG,인기급상승 24위 감사합니다!! 💕  안녕하세요! 뿌링클여러분 ❤ 뿌직입니다 :) 오늘은 정말정말 오랜만에 일상 영상을 준비했어요! 제가 브이로그는 아직 많이 부족해서 피드백 남겨주시면 잘 새겨 듣겠습니다 😉 오늘 영상도 보러 와주셔서 너무 감사드리구요!! 뿌링클분들도 좋은 하루 보내세요 ◡̈  ❥구독과 좋아요 감사합니다! ❥made by. 뿌직 ❥촬영-아이폰8 ❥편집-VLLO ❥폰트-VLLO폰트 ❥음악-VLLO제공 ||| 영상 보면서 잘참다가 마지막에 나온 곱창 대창에 참던 군침이 결국 주르륵... 저도 내장매니아인데 너무 맛나보여요... 도저히 배고파서 안되겠어요🤔 저도 지금 새벽 야식 갑니다🏃🏻‍♀️🏃🏻‍♂️총총총... ||| 헉 브이로그다ㅠㅠㅠㅠ 숙제하다가 잠깐 폰했는데 알람이 떠 있어서 망설임없이 바로 터치하고 빠져들면서 봤어❗️❗️당면 맛있겠다.... 도넛 맛있겠다....오징어무침도...... 맛있는거 많이 나오니깐 배고파져😂 그리고 요즘 언니영상 많이 올라와서 좋아요!!!!❤️ ||| 뿌직님의 불닭사랑은 끊이지 않는다 ||| 우와..저랑 달리 하루를 알차게 보내시네요😮저는 방학엔 다 저랑 비슷하게 생활하는줄...엇 그런데 폰이 두개이신가봐요?!?우왕...모든게 신기하다🥰,인물/블로그
0Xx2-ZJi3qk,"[해니](Eng)돌아온 의대생 시험기간 브이로그📘| 졸업 전 마지막 시험, 실습도 마지막, 이번엔 15과목 🤯",해니써니,이런사람의 특징 : 결국 모든걸 다 해내심!! ||| 이젠 하도 봐서 접촉격리가 필요한 감염병하면 VRE라고 바로  대답할 수 있음.. ㅋㄱㄱㄱㄱㅋㅋㄱㄱㅋㅠㅜㅜㅠ 그치만 나를 바꾸는 힘을 매번 얻는건 이 영상이었음 ||| 뜬금없지만 2:23에 노트에 심장 이 두 글자 딱 써 있는 거 겁나 멋있다... ||| 고딩때부터 봤는데 지금까지도 문득 생각나서 찾아오는 채널. 정말 본받고 싶어용 ||| 진짜.... 인생을 저렇게 치열하게 쪼개서 살 수 있구나... 항상 자극받고 갑니다. 정말로 아름다워요.,인물/블로그
bkiTJcfg9sQ,간호대생 공부브이로그,이윤희,힘내세영,인물/블로그
EYDTAAHQZNs,싱가포르이민생활/ 현실주부 일상브이로그/ 도마뱀 죽이기/ 주부유튜버,나싱다 스나,"싱가폴에서 1년 외노자 생활한사람입니다. 싱가폴 탄종파가 황실이라는 중식당에서 일을했는데 거기 같이 일하던 한국인 보조셰프에게 그때당시 싱달러 550불을 빌려쥤는데 아직도 못받고 제 카톡은 차단했네요. 전 작년 12월에 한국에 들어왔어요. 도와주실분있나요? 큰돈은 아니지만 기분이 너무 나쁘네요. ||| 아우 스나님 숨죽여서 봤어요 ㅋㅋㅋㅋㅋ, 액션영화 뺨치는데요 거기다 그 마이웨이 달팽이, 제가 태어나서 달팽이를 그렇게 집중해서 보긴 처음이였어요 역시 스나님 스토리텔링 짱 ||| 달팽이 크기가 대박... 달팽이 본지 얼마나 오래됬는지도 모르겠어요...!! 스펠링 천천히 쓰시는거 주토피아 나무늘보 느낌이에요!😝😁도마뱀을 실물로 본적이 한번도 없는데 굉장히 귀여운 느낌이에요!(너무 많아서 귀찮으시겠지만 보는 제 입장에선...😅) ||| 마치 강력 범죄와 전쟁이라도 선포하시는거 같아 엄청 믿음직해요. 🤣 도움이 되시라고 스나님께 파리채라는 도구를 적극 추천합니다. ㅎㅎ 부디 스나님 가정에 평화가 오기를... ^^ ||| 싱가폴에 가본적이 없어서 몰랐는데 벌레가 많군요~ 도마뱀이 그래도 작아서 귀엽게 보이는데 갑자기 나타나면 놀라긴 할 것 같아요. 그런데 트랩 패키지에 도마뱀 너무 깜찍한데 성능도 좋네요. 마지막 장면 마치 영화의 한 장면처럼 긴장감 넘치는게 재미있어요 :))",인물/블로그
RUq2cbYnEJI,"냥숲 vlog | 숲속 겨울 일상 브이로그, 낮부터 밤까지🌙",냥숲nyangsoop,볼때 마다 작은독립영화 한편을 본 느낌이다... ||| I feel like I found a treasure by finding your channel I always rewatch all your magical videos it gives me peace and calmness thank you so much for all your hard work 🌥💫 ||| 누군가의 별 거 아닌 일상이 저에게 이렇게 힘이 되는 줄 몰랐어요:) 덕분에 해보고 싶은 것들이 많이 생겼어요 ||| 요즘 너무 여유없는 삶을 살고 있는것같아서 힐링하러 왔는데 소소한 행복들...좋네요😌 ||| 아니 너무 좋아 나만 알고싶은 유투버인데 벌써 8만명이 알아버렸어,인물/블로그
euWxYrTNuX4,"[자취 일상 브이로그] 35살 아저씨의 뷰티유튜버 도전기, 남자들은 화장품매장이 좀 무섭다, 화장품 매장에서 골든벨울리기, VLOG",강과장,"전 보자마자 어떻게 쌓아야 많이 넣을 수 있을까? 세워야 많이들어가겠지 생각했는데 달달하게 잘 넣으셨군요! ㅋㅋㅋㅋㅋㅋㅋㅋㅋㅋㅋㅋㅋㅋㅋㅋㅋㅋㅋㅋㅋㅋㅋㅋㅋㅋㅋㅋㅋㅋㅋㅋㅋㅋㅋㅋㅋㅋㅋㅋㅋㅋㅋㅋㅋㅋㅋㅋ ||| 왜 보는 내가 행복한거지... 강과장님 영상은 그런 힘이 있는듯. 누구 하나만 행복하고 좋은 게 아니라 다같이 기분좋고 행복해지게 만드는 힘. ||| 5:44 와 세상 제일 설레이는 말 ||| 알콩달콩 하는 모습이 너무 보기좋습니다. 예쁜사랑 쭉이어가셔서 좋은 결실을 맺으면 좋겠네요.. 나중에는 육아유튜버??? ||| 엘지생활건강에서 강과장님 외~ 주변들에게 웃음을 안겨다 주셨군요. 여자친구에겐 대박 선물을 준 남친!, 부모님께는 효도하는 강과장!, 회사동료들에겐 선물받은것에 대한 보답으로 작은 선물을... 굿~뜨!!",인물/블로그
mUkjfwc_itc,구독자 200명 달성 기념 - 효자손 브이로그 주말 일상 (VLOG),효자손,나래이션 목소리가 작으니 풀파워로 볼륨 올리셔서 들어주세요!!!! ||| 저도 이제 막 200명을 넘긴 새내기 유튜버네요. 함께 2만명까지 으쌰으쌰 해봐요! 영상 잘 보고 갑니다^-^ ||| 200구독자 축하드려요~ 나무에 등치기  시원하겠어요~  영상 잘보고 갑니다~ ||| 이번편은 화생방특집인줄 알앗어 형ㅋㅋㅋㅋㅋㅋㅋㅋㅋㅋㅋ ㅋ ||| 군인인지 직장인인짘ㅋㅋㅋㅋㅋㅋㅋㅋㅋㅋㅋㅋㅋㅋㅋㅋㅋㅋㅋㅋㅋㅋㅋㅋㅋㅋㅋㅋ 직장인 유튜버의 주말 삶은 다 똑같군여 ㅠㅠㅠㅠ 내일은 금요일이에여!! 힘내십셔!!!,인물/블로그
Q_e_ExfGBWw,런던말고 싱가포르로 오시오! JEWEL | BURGER&LABSTER | 싱가포르맛집 | 싱가포르일상브이로그 | 싱가포르여행,나싱다 스나,싱가폴 유투브 채널중 제일 재밌어요~~ ㅋㅋ 쥬얼 다시 가봐야겠네요 ||| 제가 본 유투브중에 제일 재밋어요…..ㅋㅋㅋ😍 입싱 준비하는데 가자마자 저 랍스타를 먹어봐야겠네요 :) ||| 역시 믿고보는 나싱다 ㅋㅋㅋㅋㅋㅋ 이번 영상도 너무 재밌어요 ||| 이건 유튜브가 아니라 TV방송인줄~ 푹빠져봤네요 쥬얼에서 이쉽게도 랍스타는 모르고 지나쳤다는.. 요즘 스남님 영상에서 활약이 돋보이세요 ㅋㅋ😂 ||| 보여주시는 모습 보면 개인적으로 런던보다 싱가폴이 100배 더 좋은 것 같아요!! 아직 싱가폴로 직접 가보지 않아서 비교는 힘들겠지만... 제 마음 속은 싱가폴이 런던보다 매력적인 것 같아요! 특히 먹거리!!!😂😝👍👍👍,인물/블로그
sASLF-RgWYY,vlog | 나를 돌보며 하루하루 성장하는 일상 브이로그,NABA나바라기,영상이 잔잔하니 오프닝부터 좋아요😊💛 ||| 정말 공감하고 많이 배웁니다~ 독서와 아침의 루틴은 한사람의 삶을 바꿔주기도 하더라고요~ㅋㅋ 이 영상만 봐도 정말 멋진 삶을 살고있는것 같아요~ ||| 우왕. ㅠㅠㅠ 열심히 사시는 모습 정말 보기 좋아용 ||| 저도매일 아침 미라클 모닝을 실천하기 위해 노력하고 있습니다:) 우리 같이 화이팅해요!! ||| 응원해요♡,인물/블로그
Bkid_coJZ-o,"sub) 안주모음zip 같았던 지난 주 일상 브이로그, 겨울 맞이 자라홈 쇼핑 하울",maji마지,"바쁜데 노트북까지 말을 안들어서 업뎃이 늦었어요. 엉엉 포멧하고 다시 깔고 난리치면서 엄청 슬펐던 지난 주였어요😭 이번 주엔 밀린 영상 부지런히 올려 볼게요! 영상에 술이 자주 나오는데 매번 저렇게 자주 마시지는 않아요. 하하하 ||| 언제부턴가 마약처럼 빠져드는 브이로그입니다. 끊을 수가 없어요. 재치있는 입담도 취향저격이고요, 멋진 요리와 플레이팅은 덤입니다. 늘 응원합니다. ||| 마지님 거짓말쟁이...아침에 된장찌개+버섯볶음+꼬마돈까스가 어떻게 ""간단하게 먹고 나가볼게요""인가요??!!! 진수성찬....♡ ||| 마지님 올해도 블로그마스 하시나요~~? 작년에 너무 재밌게 봤던 기억이 😆😆 ||| 케찹에 살짝 절여진 꼬마돈까스!ㅋㅋㅋ마지님 녹두전 보신다고 해서 어찌나 반갑던지ㅠㅠ오늘 짠내 대박이었다구요ㅠㅠㅠㅠ크리스마스 소품 준비하시는거 보니 시간 정말 빨리 가는거 같아요ㅠㅠㅠㅠ",인물/블로그
y29kOjEuChk,"[VLOG] 소소한 겨울, 여행유튜버의 여행없는 일상 브이로그",해피새아 happysaea,"한시간 늦게 업로드했습니다. 바쁘게 편집하느라 ㅋㅋㅋ 왼쪽상단 로고도 빠트렸잖아?! ㅋㅋㅋ 소소한 연말 브이로그 함께해주세요. 잘자요오 :) ||| 뭔가 새벽걤성 줄줄줄  ""안녕하세요 해피새아입니다!!!!"" 이런 씩씩이 인사도 ""항상"" 좋지만  가끔은 이런  부들부들 보들보들 샬랑샬랑 나폴나폴 갬셩충만 영상 좋네요  신나게 달리다  잠깐서서  주위를 둘러보는듯한 느낌 좋아요 좋음 진짜 좋음  사.. 사.. 사탕해요 ㅋㅋ ||| 새아님 올해도 해피해피한 한 해 되세요! ||| 새해 복 많이 받아요^^ ||| 배경음악때문인지 브이로그 편안히 본거같아요 새해복많이 맏으세요 새아님 ㅎㅎ",인물/블로그
4uunShyRwXo,올리비아 뉴욕 일상 브이로그 | 허드슨야드 Hudson yards 베쎌 vessel 니만마커스 뉴욕 랜드마크 쇼핑몰 Neiman marcus NYC New York,올리비아 뷰욬 Olivia Viewyork,스파이더 카드 너무 귀여워용😳 보석함도 너무 귀엽공! 💛 ||| 작년에 뉴욕갔을때 공사중이었는데 우와 멋지네요! ||| 와우~감성 완전 아메리칸이군요~넘 익사이팅해요 ㅋㅋ,인물/블로그
5-W4knrjYb4,VLOG / 웹툰작가 일상 브이로그 (만화가하루/댕댕이산책/카페/만화업무/쌀국수),마시멜 mashmell,코로나의 불안감이 많이 가신 한번 즐겨봐? 하는 맘의 슬슬 시동을 거는 여름이 왔어요 🍉 ||| 또 계절이 지나 벚꽃의 계절이 왔어요~ ||| 지난번에 올리신거 보고 구독 눌러야지 해놓고 깜빡. 으앙 이뽀다.. 전 옛날에 만드셨던 스위스 여행 영상 반했었는데... 브이로그도 넘 좋네요 🥳🥳 라나가 열일 🐶🐶🐶 ||| 아닛 작가님의 유튜브라닛!!! 인스타보자마자 달려온 ㅠㅠㅠㅠ ||| 더운 날에 인사 드렸는데 붕어빵의 계절이 왔네요 내일은 눈이 내릴지도 모르다네요 ⛄  잘 지내시죠? 늘 건강하세요 💕,인물/블로그
gyon8KjwROo,"[미국일상 VLOG] 미국 할로윈데이 가정집 일상 풍경, Trick-or-treating, 애틀란타 나들이, 출산전 마지막 교정치료, 임신 33주, 미국 SC 브이로그 | 레이🌱",LEYLEE 레이,"얘들아 미국 할로윈 개꿀잼..가끔가다 동네에 하나씩 돈 많고 개인싸인집 누구보다 꾸미기에 진심인 집이 있는데 우리동네에는 크리스마스,추수감사절,할로윈만되면 엄청 꾸미는 집이 있는데, 평소에 꽃을 정말 많이 키우시거등?? 일부러 할로윈시즌되면 주황색이랑 어두운 색 계열 꽃 심으시고 울타리도 막 떨어져나가는 소품형 울타리 그런걸로 바꾸시고 지붕에 막 유령같은 천 달고 벽애 거미줄달고 굴뚝위로 유령 올라오는거같이 유령달고 어두운 빛나는 전구로 집을 칭칭 감고 초인종 소리도 바꾸시고 특정 부분 밟으면 큭수효과 나게 제작하시고 집 울타리앞에 무슨 바닥에 붙이는 조명이랑 연기올라오는 조명같은거 설치하시고 사탕받으러가면 집에서 마녀분장하고 막 분장 오지게한사람이 나와서 사탕은 또 엄청 주심..ㅎㅎㅎㅎㅎㅎㅎ보고싶어요 ||| 우리나라면 아파트 한 단지만 털어도 대박일듯..ㅋㅋㅋㅋㅋㅋㅋ ||| 와... 할로윈의 그 특유의 분위기가 느껴져서 너무 좋고 한번쯤은 실제로 느끼고 싶다... ||| 4:28 윌리엄이랑 벤틀리 같다...힘드셨을텐데 슈고 많으 셨어요 외국은 진짜 크게 하구나..ㅋㅋㅋ ||| 2:25 초 아가 너의 미래가 보이는구나 틀림없이 미소년이....",인물/블로그
BeCJfwSW2iA,놀이터에서 놀때 이런사람 꼭있다!!!ㅋㅋㅋㅋ(흔한남매),흔한남매,이제 날씨도 따뜻해졌는데 조만간 전국 놀이터 리뷰  다시 시작합니다!!!^^ ||| 두분이 티격태격하는거 뻔한패턴이라 지겨울법도 한데 지루하지않고 재밌음... ㅋㅋㅋ ||| 그네에 배 딱 걸치고 발 끝에 힘주고 파바바박 돌면 강력한 토네이도 완성!!!😎😎 ||| 흔한남매 는 역시 재밌어!💗 🤣 재밌는 영상 보내 줘서 감사합니다💕 ||| 우왕 인기급상승 동영상 1위 축하드려욥❤🧡💛💚💙💜,인물/블로그
k3S99u2uE5k,ENG) 핸드폰으로만 찍어본 하루 일상 브이로그🤳🏻/ 부암동맛집 / 유기묘 고양이카페ㅣ[vlog] [슬기],슬기 SEULKI,"1:23 아.... 진짜 영상이랑 손짓이랑 자막이랑 삼조합이 딱맞아요 너무 귀여우신거 아닌가요...😭 ||| 저 댓글을 잘안다는데 제가 구독한 유튜버중 가장 좋아하는 유튜버세요 복잡한 생각이 많아질때쯤 슬기님 영상보면 아무생각이 없어지고 기분이 좋아지고 계속 보게되고 저런 삶이 부러워지고 뭔가 마음이 순수해지는 기분이랄까 이런게 힐링이 아닐까 하는 생각이 드네요 ! 앞으로 오래오래 영상 올려주세요 ㅎㅎ 아 참 그리고 제가본 일반인중 가장 제일예쁘세요 ... 자부심을 가지세요 ...이미 아시겠지만 ||| 하루일상이 너무지쳐 아무것도 하기싫을때 내가 힐링하러오는 채널 ♥ ||| 슬기씨는 진짜.. 마음이 예뻐서 그런가 다 이쁨.. 행동도 말투도..... 다 예뻐............ ||| 스노우가 엄청난 고퀄로 보이는 마법,,, 오늘도 옷 찰떡이에요 ㅠ❤️❤️❤️",인물/블로그
X3gtQUCQyts,ENG)VLOG 핸드폰으로만 찍어본 주말 일상 브이로그 / 학교갔다 카페가고 한강피크닉으로 보내는 하루 / 갤럭시 S10+  l  홍준 HongJun,홍준 HongJun,"So far, this was the shortest video I've watched from your vlogs but still I enjoyed watching this. I commend the aesthetic of your editing. ||| ☆☆ 6만 축하드려요 !!!! ☆☆  어머어머,, 갤럭시 S10+ 가 이렇게 좋군요!!! 핸드폰 카메라인지 몰랐어요!!! 화질이랑 색감도 넘 괜찮은것 같아요 !!!! 광고주분들 홍언니 광고 더 많이 주시죠~~ ||| 라이브 보고 영상 다시 보는데 활짝 핀 얼굴 보니까 맘두 편해지구 ㅠㅠ 의미없는 피드백은 한귀로 듣고 한귀로 흘려버리는 거 아시져 이름 불러 주셔서 감사했어요 잘 자고 항상 영상 잘 보고 에너지 얻고 가요! 장난식으로 댓글 달지만 저엉말 힘이 되는 홍준님 😢 고생 많았어요 어제 오늘동안 ❤️ ||| I understand... nothing 😂💔 but your videos are so aesthetic",인물/블로그
EgHWtapPum4,[일상]vlog 세상에서 제일맛있는 직업. 요리사브이로그. 요리사의 하루,꿀팁 요리사. 박쉡,쉐프님 ㅋㅋㅋ 우리 여서 만나네요 ㅋㅋ 보고잡습니다 ||| 영상 보면서 계속 궁금증만^^ ||| 맛있고 멋있는 직업인줄 알았는데 전 15년 째 하고있지만 정말 후회 합니다. 요리사란??? ||| 여자조리사도 두건쓰나요? 두건을 쓴다면 머리망안해도 두건만 사용하나요? ||| 주52시간제인데 인건비 때문에 인력을 줄였다면 지금 누군가가 공짜 노동을 하고 있다는 소리인가요? 그게 아니면 영업시간을 단축 해야 되는데 왠지 그럴 것 같지는 않고요.,인물/블로그
VY3oS6Dq6mE,(sub) VLOG 12월 요즘 나의 일상 브이로그(feat. 옥션 스마일클럽) / 공부하는 모습이 없는 이례적인 브이로그 | 수린 suzlnne,수린 suzlnne,"Suzlnne💜💜 I really like your sense of fashion and all of ur outfits.. i hope you are doing great and make sure to stay warmm Luv u xoxo 💞  (also have fun during ur break😊) ||| the milk before the cereal... I- ||| 공부하는 브이로그 재밌었는데 공부하는 장면이 없어도 이렇게 재밌으면 어떡하나요? 😭 운전하시는거 너무 멋있어요! ||| 제목을 보고 저도 모르게 설레이는 기분이 들었어요. 새로운 시작, 달라진 것들이 낯설고 잘 하고 있는건지 고민 되시더라도수린님 역시 제가 잠시 느꼈던 새로움에 대한 설렘을 함께 간직하셨으면해요. 워낙 잘하시는 분이지만 응원의 메세지로 들어주세요❤️ 2020 모두 화이팅!! 건겅합시당💙👍 ||| 'songs whine about breakups' lol deadass 😂 I hate it too!",인물/블로그
mejarIrlqGs,[eng] 밀라노 다락방에서 시작하는 하루 (+논나의 자기관리 아침루틴) 【밀라논나】,밀라논나 Milanonna,"자극적이지 않지만 어떤 영상보다 나를 자극하는 영상이에요 증말 ||| 50을 바라보는 세 아이의 엄마이자 의사인 워킹맘입니다. 선생님처럼 저도 힘에 부치는 30대 40대를 보내고 아이가 죽을 뻔한 위기도 겪으며 이자리에 섰습니다. 다가올 미래, 늙음에 대한 두려움을 선생님 유튜브를 보면서 희망과 기대로 바꾸게 되었습니다. 나이듦을 더 이상 두려운 대상이 아닌 즐겁게 받아들일 수 인생으로 바꿔주신 선생님께 감사드립니다~~ ||| 철저한 자기관리에 넋놓고 보다가 계란 떨어뜨리실 때 인간미 팡 ||| 계란 노른자가 떨어졌을 때 순간적으로 카메라쪽 쳐다보면서 눈치 살피신 거 너무 귀여우셨어요ㅋㅋㅋㅋㅋㅋㅋㅋㅋㅋ 매력폭발이예요 ㅠㅠ ||| ""나이드니까 24시간 내 리듬대로 살 수 있어 좋다.""..논나..저도 저의 리듬을 찾아 살아야겠어요^--^",인물/블로그
8yWtsdvuiW4,자기들은 공감하지 못하는 현지 자기의 하루 루틴! | 유 퀴즈 온 더 블럭 YOU QUIZ ON THE BLOCK EP.33,tvN Joy,,인물/블로그
UcTep5ifT10,"삶을 변화시키는 하루 루틴, 습관, 변화, 자기계발, 목표, 비전, 가치관, (최단단 소장의 하루 일과를 공개합니다.)",최단단TV,소장님  좋은 모습  좋아요    잘 보고  갑니다 감사합니다    좋은 정보  오늘이란   하루  선물 입니다 ||| 의미있는 행동을 매일 매일 반복하는 것 이다! ||| 최면 명상! 내가 생각 한 것을 ... ||| 와 멋집니다. 스타일도 말씀 한 마디도.... 감동입니다.  고딩들의 댓글도 감동입니다. ||| 삼촌 완전 멋있어요!!,인물/블로그
WU5489NeS6k,"호당이의 하루 루틴 계획, 루틴 짜기!",호당2binder,,인물/블로그
uUt6KodlF2k,Eng) 좋은 하루를 만드는 모닝루틴_Good morning makes a good day,사브작sabzak,영상 넘 힐링되네요~  넘 깔끔하시고 지혜로우세요^^ 정주행합니다~ ||| 차향이 영상을 타고 코끝으로 전해지는 느낌입니다 아몬드를 불리는게 더 좋군요 새로운걸 또 배워가네요 ㅎ 영상과 bgm이 참 편안함을 주네요 보면서 잠시 휴식 힐링하고갑니다^^ ||| 반가워요~사브작님 3월이 되면서 부터 영상보게되어 거의 매일보고 있네요ᆢ 배우기도하며ᆢ흉내도 내보고 모르고 살았던 것도 따라도 해보면서 오래된 주방살림들도 하나 둘씩 개비도 하며ᆢ덕분에 도움받고~잘보고 있네요!! 고마워요~♡♡♡ ||| 소소하지만 작은 행복으로 시작하는 일상은 하루를 보내는데 중요한 거 같아요🥰 잔잔한 영상 잘 감상하고 갑니다💛 ||| 아몬드 불려먹는거 신박하네요^^ 건강하고 정갈한 살림 늠 좋아요♡,인물/블로그
a6p7gGVc0g8,"박진영, 20년째 지켜온 모닝 올리브유 원샷!  @집사부일체 61회 20190417",SBS Entertainment,감출 수 없는 느끼함의 비결은 올리브유였군요... ||| 박진영은 음악을 안하고 다른 무엇을 했어도 성공했지싶다  요즘은 다른게 부러운게 아니라 저렇게 꾸준한 자기관리가 너무 부럽다 ||| 와.. 진짜 20년 째 지속적으로 유지 하는건... 리스펙..... ! 존경합니다...!!!! ||| 난 그래도 저걸 꾸준히 20년동안 지킨 JYP의 신념이 대단하다 직원들 유기농 밥에 연예계에서 술 성대접 안한다는 사람이라고 ||| 올리브오일을 생으로 먹으면 산패되지 않은 불포화지방산을 그대로 받아들일수 있어 몸에 대단히 좋죠. 식단관리에 얼마나 공을 들이시는지 알 수 있는 영상이었습니다.,인물/블로그
crb5fYD0D3Y,브이로그(Vlog) :: 100점 짜리 하루 루틴에 대하여-,사진찍는마케터,항상열심히 사는 사마님 리스펙해요,인물/블로그
kKor5GeIf7Y,ENG) 나를 더 건강하고 행복하게 만들어주는 하루 루틴❤️ / My Healthier and Happier Daily Routine❤️(feat.Sulwhasoo),뭉컁 MungKyang,뭉독자들 오늘도 와줘서 고마워요!❤️ ||| Y love you Mk ❤ She is my favorite youtuber❤ She is so cute!❤🌸 ||| I being your fans want to say I like your daily routine . I only watched your daily routine . Can you do more your daily routine about nigth skincare 🖒❤🌸 ||| 누나 자막을 보자마자 항상 너무 행복해요! ||| 언니 영상 너무 힐링되요ㅠㅠㅠ목소리도 너무 좋고 조곤조곤한 말투 너무 좋아요ㅠㅠ 진짜ㅠㅠ오늘 풀강이라 녹초됬었는데 누워서 힐링이에요❤앞으로도 좋은 영상 올려주세용! 화이티이잉👍👍👍,인물/블로그
F9V2VAUzwV0,My Travel morning routine| 모닝루틴| 하루 알차게 보내기,Damhee,girl!! your skin is glowing! ||| 목소리 너무 애기애기해요. 귀여우셔라🙊🙊🙊 발리살기 찾아보다가 구독하게 됐는데 그냥 왠지 좋으신 분 같아용 ||| 발리여행정보 찾다가 구독했네여!! 내일 발리도착인데 지나가다 보면 인사할게용..👀 ㅎㅎ ||| Hope you enjoy your stay in Bali! i'm really enjoy watching your videos! hehe you gain an Indonesian Fan here~ hehehe,인물/블로그
1-HydVi68d0,"(ENG) ✨출근부터 퇴근까지 24시간 디자이너 하루 루틴 ✨퇴근후 PT갔다가 저녁먹고,드라마 보며 티타임 🍵",효녀HYONYEO,"11:39 차 마시면러 밀린 동백이 보려구요 -> 가을이라서 그런지 감도 더 맛있었어요  같은 내용이 2개 들어갔어요 흑흑 ㅠ.ㅠ ||| I need to catch up on When the Camellia bloom but I don’t want to finish it 😢. Thanks for posting, your vlogs and the cute cat 🐈 help me feel at peace when my mind is all over the place. ||| I am addicted to your videos 😍🐻 ||| Ttangcho always looks so comfortable. ||| 효녀님 보며 막연히 넓고 큰집에만 욕심 가질 필요 없다는 생각을 하게 됐어요! 내 집에 애착이 없고 만족이 없어서 늘 집이 답답하고 숨이 막혀서 외박하기도 일쑤였는데.. 선항 영향 주셔서 감사해요. 내 공간을 좋아하고 싶어졌어요 :)",인물/블로그
zM1gOcJoTp8,SUB) vlog 나를 기분좋게 하는 일상루틴 | 단순하고 느린 하루 | Simple and slow daily routine | Minimal Life |미니멀리스트 심플한일상,mmooii 엠오아이,"방문해주셔서 감사합니다! 구독 좋아요 꾹 눌러주세요 #하루루틴#느리고단순하게#좋아하는거하는일상#미니멀라프#Dailyroutine#MinimalLife  Thank you for visiting  Gracias por visitar Terima kasih telah mengunjungi  訪問いただきありがとうございます  🤗cc자막이 겹치는 분들은 설정을 자막사용안함으로 변경해주세요 (:  자막:영어 설정에서 변경해 주세요  Subtitles: English Please change in settings  자막제공:자메이크  좋아요와 댓글은 저에게 큰힘이 됩니다👍 Likes and comments are great for me  - 이번영상은  늘 반복되는 느리고 단순한 저의 일상과 일상속에서 저의 오랜습관, 저를 기쁘게하는 것들을 담아보았습니다  혼자서 보내는 시간이 많아서 조용하고 잔잔한 날들이지만 저에겐 기쁨과 만족을 주는 일상이예요 커피와 책을 좋아하는 집순이의 하루루틴 입니다  혼자보내는 시간들은 제게 에너지를 충전시켜주고 활력을 줍니다 오롯이 혼자인것을 즐기다보면 고독감도 있지만 누군가와 함께할때의 설렘과 행복을 더 크게 느낄수 있어서 좋습니다  미니멀라이프를 시작하며 환경과 마음까지 함께 정돈되고 여유로워 졌습니다  오늘도 긴시간 함께 해주셔서 감사합니다  Thank you for watching Always be happy ||| 이 영상이 너무 좋아서 많이 배웠어요. 저는 최소한의 삶을 느린 단계에서 시작하고 있지만 언젠가는 그것에 들어갈 것입니다. ||| 저도 속세를 벗어나 느린삶을 살고자 노력하고 있습니다 화이팅!! ||| 마음이 편해지는 영상이에요. 저도 언젠간 이런 공간을 갖길 바래봅니다 ||| Hi, i enjoy your videos immensely.  Looking forward to more videos in the new year. Have a Blessed Christmas and a Happy New year",인물/블로그
TelYlzgneBI,【인치방치】 인철이의 영롱한 하루 루틴을 공개합니다 (꿀잼),인치방치,"알찬 하루 자극 뿜뿜🔥🔥🏃🏻‍♂️ ||| 악!!!!!!너무 재밌어 죽어요!!!!!ㅠ!!ㅠ 광고 열개 넣어줘요ㅠㅠㅠㅠ ㅇ렇게 재밌는데 내가할수있눈게 좋댓구 밖에없다ㅜ니 ㅜ광고 스킵안하고 다끝까지볼테니까 광고좀넣어주셍욘 ,,ㅜ ㅎ  너무재밌어 방치 죽슴당,,,담편 담편 ㅜ 언넝 작가님 담편이여!!!!!!!😭😭 ||| 앜ㅋㅋㅋㅋㅋㅋㅋㅋㅋㅋㅋㅋ 작가님! ㅋㅋㅋㅋㅋㅋㅋ 크으 덕분에 너무 재미나게 ㅋㅋㅋㅋㅋ 힐링하고 가요!! ||| 바쁘다 바빠 현대사회... 알쏭달쏭 인터넷 세상.... ||| 아 텐션 너무 건강해서 좋아옄ㅋㅋㅋㅋㅋㅋㅋㅋㅋㅋㅋ 좋은텐션받고갑니다 ㅋㅋㅋㅋㅋㅋㅋㅋㅋㅋㅋ👍🏻🤦🏻‍♀️",인물/블로그
4yt4OF3x6oo,"박진영, 유기농 구내식당 1년 식비 ‘20억’ @집사부일체 60회 20190310",SBS Entertainment,박진영이 성공할수 밖에 없는 사람이구나.  애들이든 어른이든 연습생이든 직원이든 모든 사람들이  밥먹으러 와주는거에 고마워하고 행복해하네.  존경하고  복받으세요 ||| 박진영 마인드 참 좋네  진짜 데뷔를 안할수도 못할수도 있지만 그 아이들도 꿈을 위해 인생의 일부분을 투자하는데 그걸 그것도한 자기 책임이라는 얘기 참 멋진사람이네 ||| 먹는 거 하나까지 신경써주는 게 진짜 관심이다 저러니 성상납 같은게 있을리가 있나 저렇게 아끼고 챙기는데 타고난 재능에 엄청난 노력에 올바른 마음가짐까지 진짜 최고다 멋지다 JYP ||| 박진영 너무 멋지다 진짜 배우고 싶은 사람이네 식대가 20억이라니.. 예상을 못했다.. ||| 박진영의 마인드는 직원들이 건강해야 회사가 건강하다 라는 마인드를 가지거있는거넼ㅋㅋㅋㅋ 유명해질수밖에없는 마인드임ㅋㅋㅋㅋㅋ,인물/블로그
PoYzxj8Iy5M,2주만에 복근 만드는 운동 2 MIN ABS WORKOUT,Thankyou BUBU,"이번에 바디 프로필 준비하면서 복근 만들 수 있었던 최고공신..💖 여러분 이거 한세트라도 매일 꾸준히 하시면 2주 안에 복근 나와요… 진짜로요ㅠㅠ 처음엔 2분으로 될까? 하다가 까짓거 2분인데!! 라는 생각으로 자기 직전에도 벌떡 일어나서 대충이라도 하고 잤어요ㅋㅋㅋㅋ 잘 안되는 동작들도 일단 냅다 하다보니 점점 자극도 잘 오고 복근이 슬슬 보이더라구요..?! 그때부터 재미들려서 막판 일주일에는 이거 최소 2~3번하고 복근밥?? 같이 세트로 해줬더니 식스팩까진 아니지만 포팩 만들어서 바프 찍고 왔습니다 ㅎㅎㅎ 2분이면 끝나니까 부담없이 하기 너무너무 좋더라구요!! 덕분에 그토록 원하던 복근 만들 수 있었어요 정말 감사드려요❤❤ ||| 너무 해맑게 쳐다보셔서 안할수가 없음.. 안하고 쉬면 뭔가 죄송한느낌 ||| 땅끄부부의 운동 영상 특징 운동 전: 아~뭐야 2분짜리 가지고 운동이 되겠어? 운동 후: 아,,, 차라리 저를 죽여주세요 2분이 너무 길어요 ㅠㅠㅠㅠㅠ ||| 아니 이게 진짜 좋은 점이 물론 다 좋은데 노래랑 같이 박자를 맞춰서 하니까 중간에 쉬지를 못하겟어요ㅋㅋㅋㅋㅠㅠ 원래 같으면 좀 멈추다 쉬다하는데 이거는 박자가 있으니까 신나면서 ㅇ못 쉬겠다고하나 암튼 진짜 최고 ||| 1:46 너무 힘들어서 눈 딱 감고 막 하다가 화면 봤는데 두분 쉬고계셔서 배신감 느꼈잖아요..ㅠㅠ 중간에..쉬는 타임이 있었구나😢",인물/블로그
iWh8Csr1keQ,트레이너도 요요온다. 요요극복 하루루틴 식단+운동 (유지어터. 다이어트요요),제이제이살롱드핏,"요요가와서 이를 극복해본 경험이 있는 젤린이들, 현재 요요로 고민하고 있는 젤린이들의 고민을 공유해주세요 ||| 최근 요요와서 울적했어요. 강박이 있나봐요. 심하게 온것도 아니고, 바지가 딱맞는게 너무 우울하고 간식 조금 먹었다고 이러나. '이렇게 어떻게 평생을 살아' 싶었는데.. 다들 노력하고 힘든거였어요 그쵸 ㅜㅜ? 솔직한 컨텐츠 감사합니다. ||| 유튜브 통틀어 허리빡!궁디팡!(몬지알져? ㅋㅋㅋ) 여자들이원하는 바디라인에대해 가장 잘아는분...진짜 많은도움이되고있어요 솔직하게 요요랑 몸무게공개도해주시고 트레이너도 요요가온다!도 솔직히 말해주시면서 허리라인이만들어지는 과정까지 실시간으로 함께보여주시는게 너무 고맙습니다. ||| 다이어트 이후에도 유지가 정말 힘들죠...... 요요 현상 없이 유지가 잘 되려면  식욕을 잊을 취미를 찾는게 베스트 같습니다!! 물론 그 취미가 운동이면 베스트죠!😁😁 제이제이님 늘 좋은영상 감사합니다!!ㅎㅎ ||| 예전에는 50분 풀웨이트!를 강조하셨던것같은데 제이제이님의 생활패턴이 바뀌면서 이렇게 현실적인 다이어트 방법도 올라오는군요! 오늘 영상은 친근하게 조언해주는 느낌이라 좋았어요~",인물/블로그
j1iJVyFDJoQ,매일 아침 영어공부 루틴 말빵세+ 하루song,초딩표류기,,인물/블로그
naZXSf_jzGQ,[Eng/과식 후 다음날 하루 루틴vlog] 👀눈 떠서 🌙잠자리 들기 전까지! 다이어트 외식 방어하기ㅣ다노티비,다노언니 제시,"총정리까지 놓치지 말고📷 캡쳐 해두셨다가 과식 후 다음 날 꼭 활용해보세요✨ (+추가) 이번 <과식 후 다음날 하루 루틴>에 대해 공통적으로 궁금해 하시는 부분들을 정리해 보았어요 :)  Q. 양이 적어보이는데 저 정도가 과식인가요? 먹은 양을 부피를 가늠할 수 있게 이미지로 보여드렸다면 더 좋았을텐데 텍스트만으로 전달하니 실제 먹은 양보다 적어보이게 전달이 된 것 같아요. 깜빠뉴(주먹 두 개 이상 부피의 빵), 꿔바로우(한 조각의 크기가 커서 5조각이 1인분) 멘보샤(1인분에 4조각) 우동면사리 한 그릇(1인분) 이외에도 맛난 음식들을 조금씩 다양하게 즐겼습니다 :)  모두 합치면 2인분이 거뜬히 넘는 식사를 했으니 과식이 맞습니다.   Q. 저는 다노언니의 과식식단보다 항상 늘 많이 먹는데 이런 저는 어떻게 해야 하죠?  저는 거의 9년에 걸쳐서 시행착오를 (여전히 하면서) 통해서 조금씩 꾸준히 식사량을 줄여왔고 식습관을 바꿔왔기 때문에 '헉 다노언니는 이렇게 먹어도 과식이라고 하는데, 훨씬 더 많이 먹는 나는 어떡하지?!'와 같은 비교와 자책은 금물이에요! (만약 9년 전의 제가, 식단관리를 오래 해온 누군가의 단단한 식습관과 저의 엉망진창인 식습관을 비교하며 자책했다면 아마 건강한 식습관을 시도조차 못했을 거고, 지금의 저도 없었겠죠?) 지금 할 수 있는 가장 쉬운 방법을 시도해보시면 좋겠어요. 그건 내가 매일 얼마나 많은 음식을 먹고 마시고 있는지를 스스로 인지할 수 있도록 '기록'해보는 것이고, 그 양을 급격히 줄이는게 아니라, 조금씩 '굳이 안먹어도 괜찮지 않았나?'싶은 것들을 줄여나가는 것이 중요해요.  Q. 식단일기 쓰면서 오히려 자책하고 스트레스받게 될 것 같아요.  과식 후 다음날의 루틴을 보여드린 이유는 과식에 대한 두려움, 과식을 한 후의 죄책감을 갖고 계신 분들이 자책을 하는 대신 '대안'을 가지고 행동할 수 있다는 것을 보여드리기 위함이었어요. 과식하고 막연하게 스트레스만 받으시는 분들은 오히려 기록하는 습관을 추천드려요. 섭식장애 클리닉에서도 식사일기를 가장 중요한 입문 습관으로 들이도록 권하는 이유는 어떤 행동을 바꾸기 위해서는 그 행동을 '인지'해야만 하기 때문이에요. (다노TV 습관성형수업 5번째 참고: https://www.youtube.com/watch?v=DQ-lPnz4Ysw) 식이장애가 심한 경우 약물치료를 병행해야 하겠지만, 일반인들이 과식에 대해 가지는 스트레스는 식사일기 + 감정일기를 통해서도 충분히 개선될 수 있어요.   Q. 이렇게 먹은 양을 몇 조각 단위로 기록하는게 강박은 아닐까요? 저도 다이어트를 처음 시작했을 때는 칼로리 계산 1자리수까지 하면서 숫자에 집착하게 되어 강박이라고 느끼곤 그만두게 되었는데, 식단일기를 다양한 방식으로 써보면서 알게된 건 제가 먹은 음식의 대략적인 부피를 가늠하는 정도 (몇 입, 몇 조각, 몇 그릇)의 최소한의 계량법은 나의 식사량을 인지하기 위해서 필요한 부분이라는 것이었어요. 식습관성형의 끝판왕은 '직관적 식사법- 아무런 의식적인 노력을 기울이지 않아도 건강한 식단 밸런스를 무의식적으로 유지하는 상태' 라고 믿고 그 방향을 추구합니다. 그러나 직관적 식사 단계로 나아가기 위해서는 의식적으로 나의 평소 식단의 양과 질을 '알아차리는 연습'이 꼭 필요하고, mindless eating 에서 mindful eating으로 나아가게 해주는 가장 손쉬운 방법이 식단일기랍니다 :)   Q. 먹은게 정확히 기억이 안나는데 식사하면서 먹은걸 바로바로 적어야 하나요? 그럴 수 없는 상황에서는 어떡하나요? 아주 정확하게 기록하지 않아도 괜찮아요. 굵직한 메뉴 위주로 최대한 기억나는 만큼만 적어도 아무것도 적지 않는 것보다는 훨씬 나아요. (예를 들어 저도 닭볶음탕 닭 3조각만 먹었다고 썼지만 실은 감자도 좀 먹었...치즈떡도 몇개 집어먹었던 것 같지만......닭볶음탕 3조각으로 퉁!) 식사일기의 목표는 내가 먹은 음식의 정확한 칼로리나 그람수를 계산하려는 것이 아니라, 어떤 종류의 음식을 얼마나 먹었을 때  내가 포만감을 느끼는지(혹은 느끼지 않는지)를 스스로 감을 잡기 위함이기 때문에 대략적인 음식의 부피 정도만 가늠할 수 있게 기록해도 좋아요. 한입, 한스푼이 아니라 앞접시 단위 (탕수육 1앞접시) 나 국그릇 단위 (순두부찌개 1국그릇) 이런 식으로 기록하는 걸 추천해요 :) ||| 폭식이라고 한 것도 아니고 과식은 맞는데 뭘... 제시 언니 과식, 폭주 후 되돌리는 루틴이 제일 마음 편해지도 의지도 다지게 돼요ㅠㅠ 저 완벽하고 실수 없어보이는 제시 언니도 가끔 자제 안 될 때가 있구나!! 인간적이고 ㅋㅋ 근데 그걸 또 엄청 흔들리지 않고 잘 이겨내려면 저렇게 해야되는구나 마음도 잘 다잡아지구요 ||| 사람마다 기준이 다르니까 정색하면서까지 저게 뭐가 과식이냐 할 필요는 없는 것 같아요 많은 분들께 도움을 드리려는 영상이잖아요 열어분 ||| 제시언니 저만큼 먹고 과식했다고 놀라지말라고 한게 더 놀라움.... ||| 저는 과식의 양이 이해가 안간다는 생각보단....  '와..과식을 했는데 몇개씩 먹었는지 정확히 기억하고 있어😨'하고 놀랐습니다 전 과식할땐 정신줄 놓고 먹어서 그럴땐 잘 기억안나거든요 다이어트&유지를 거의 10년이어오고있는 다노언니 다운 습관인것 같아요.....🙀",인물/블로그
9SoQOthOsJU,SUB) 나의 기분좋은 루틴 찾아보기,해그린달 haegreendal,"Brown water is barley tea. In my country, many people drink barley tea like water. It's an old culture. A lot of people are curious.^^ ||| when you wanna be this level of productive yet you spend time binge watching her videos ||| 안녕하세요? 해그린달님! 저는 머나먼 동남아에서 생활하고 있는 한베일기 채널 운영한 초보 유튜버입니다.  팬데믹으로 하던 사업도 직격탄을 맞아 지금은 집안사람의 옷 장사를 도우면서 생활하고 있습니다.  알고리즘타고 해그린달님의 채널을 알게되어 몇편을 시청하고 좋은 인연과 힐링을 받고자 이웃으로 맺어봅니다.  잔잔하고 퀼리티높은 편안한 영상 너무 좋았고 감사드립니다.😀👍 ||| I admire that you didn't edit out your mistake when cooking. It is such a simple thing and so relatable :)  Such a calming video, thank you for sharing! ||| Who ever watch this i hope you're having a good day",인물/블로그
pukq2eJ8M3s,[직장인Vlog]프리랜서 아나운서의 모닝 루틴부터 나이트 루틴까지🌙48시간 자기관리 브이로그♥️(모닝 루틴/나이트 루틴/자기계발/필라테스/일상),최희로그 CHOI-HEE LOG,"30대. 늘 24시간 자기 관리하려고 하는자세 운동은기본, 영양제 챙겨먹기. 가끔 등산. 100프로 공감. ||| 시간은 모두에게 공평하다는망 진짜 와닿아요.. 진짜 내가 하루하루를 어떻게 보내느냐에 따라 매일매일이 달라지고 쌓인만큼 달라지겠죠..💜 영상 잘봤습니당 감사해요 😊 ||| 최희님 항상 영상 마지막 부분에 뭔가 깨달음을 주시구 또 함ㄲ ㅔ 생각해볼 수 있는 멘트를 주셔서 다른 유명 연예인 분들 브이로그도 많지만 전 최희님 브이로그가 더욱 더 좋더라구요♥️♥️ 요즘 최희님 영상 1일 1영상하구있어요! 저두 힐링되는 고런 느낌ㅎㅎ? ||| 나중에 왓츠인마이백두 보구 싶어요 :) 요즘에 제일 잘 보는 브이로그😍😍 ||| 6:40  진솔한 얘기하셔서 눈과 귀를 쫑긋하는데, 뒤에 풀리가 Catch my eyes! ☺️😏😍",인물/블로그
3Fv3yqLYFzU,sub) 푸드스타일리스트의 하루 일과와 커피 루틴ㅣ5가지 커피 레시피,maji마지,"매일 커피 큰 거(?) 한잔은 꼭 마시는 사람의 커피 루틴과 하루 일과를 영상으로 만들어 봤어요! 이제 제법 추워지면 따뜻한 커피 레시피 들고 올게요! ||| 03:19 웃음소리너무기여운거아니에여????????ㅋㅋㅋㅋㅋㅋㅋㅋㅋㅋㅋㅋㅋㅋㅋㅋ ㅠㅠㅠㅠㅠㅠㅠㅠㅠㅠㅠㅠㅠㅠㅋㅋㅋㅋㅋㅋㅋㅋㅋㅋ ||| 커피 ~밥은안먹어도커피로 시작하는  사람이 보기엔 기분좋아지는 영상입니다~어떤걸 먹어도 커피없인  안되죠~즐거운 하루시작하세요 ||| Every second is so aesthetic😌✨ I hope someday I will film like this,you inspire me❤️ ||| 카페모카 만드실때 컵 위에 초코 묻혀주시는거 진짜 아트다 아트...으쩜,,,음식으로 아트하시는 마지님...감탄뿐...ㅎㅎ",인물/블로그
gOsr1RtL6RI,1분만에 팔뚝살 끝장내기 1 MIN ARMS WORKOUT FOR WOMEN,Thankyou BUBU,여러분 제가 10일동안 해본 소감인데요   1.진짜 뻥안까고 그 민소매 입었을 때 어깨처럼보이는 살 아시나요? 그게 진짜 없어졌어요  2.팔뚝의 전체적 라인잡힘  3.양 옆으로 팔 뻗었을 때 내려오는 살들이 리프팅  진짜 땅끄부부 영상 따라하다가도 매번 못들어왔는데 신나는 노래에 맞춰 운동하는 재미에 들어왔어요  이렇게 꾸준히 운동한것도 진짜 오랜만에요 땅끄부부님 감사해요🥰  이제 시험기간끝나면 30일 팔뚝살 프로젝트 영상이랑 이거랑 병행해 가면서 운동해야겠어요 너무너무 고마워요 ||| 하루에 좋아요 눌린만큼 함 ||| 마지막에 손 흔드는거 까지 따라한 사람ㅋㅋㅋ 저요  +금방 또 손 흔드는거 따라한 1인(왜 또 따라함..) +저 같은 분이 100분 더 계시는군요ㅋㅋㅋ ||| 운동은 어렵고 무서운거라 생각했는데 선한얼굴을 한 분들이 알려주니 진입장벽이 낮아져서 따라하고싶은 기분.. ||| 또 하나의 발견... 네일 바르고 마르는거 기다릴때하니까 딱이에여😂,인물/블로그
c8TCNVuy5f8,(ENG)모닝루틴-하루 시작을 맛있게 '고등어밥' 만들기,푸프랑fufrang,넘 잘봤어요 ^ ^ 저도 독일 사는 기혼여성인데 아직 아기는 없지만 보면서 참 힐링했어요 저도 저런 솥밥 참 좋아하는데 고등어는 어떤 통조림을 사용하시는지 궁금해요 전 아직 수퍼에서 생선 통조림은 기름에 들어있는 것만 찾았고 물에 담긴 거는 못 봐서요,인물/블로그
pSTZqbDZoqo,[고민수라이브] 간헐적 단식/ 운동 하루 루틴,Minsoo Go,"잘 보고 듣고 있어요 ||| 넹 썸네일 보고 엄청 놀랐습니다 너무 이뻐요....❤️ ||| 와..진짜  이뻐요 ||| 1년정도 운동을 일주일에 4~5번은 하고있어요. 그런데,건강보조제를 섭취해서 조금더 도움을 받았으면 좋겠는데,혹 운동할때 도움받을수있는제품들이 있을까요? ||| 안녕하세요저는조아람입니다",인물/블로그
IbFVdMNmaqw,(vlog) 도효의 일상☺️ 좋은 루틴이 반복되는 하루하루 (+ 나의 취미는 카트라이더),도효dohyo,"도효님 쉬는 동안 피부도 건강해지셨군용  더 꿀피부가 되신것 같아요! 너무 보기좋아요-! 💘 ||| 도효님! 다시 시작하시니까 제가 기분이 정말 좋아지는거 같아요! 악플에 너무 신경 쓰지 마시고 언제나 화이팅 하세요! ||| 다시봐서 좋아요 도효님 즌짜루..,,💗 ||| 도효님 영상 기다렸어요 행복한 한 주 보내세요❤️ ||| 으앙 ㅠㅠㅠ 도효님 너무 귀여워요ㅠㅠㅠ 도효님의 솔직한 생각들?도 브이로그에 담겨서 도효님 영상을 보면 항상 공감되고 좋고 그래요ㅠㅠㅠ 항상 건강하시구 응원할게요 ㅎㅎ",인물/블로그
y573rzJ6UwI,"하루를 함께 보내요, 일상의 루틴들. 칠링 데이(chilling day). 장마중 맑았던 어느 날 Vol.46",Cafe709 “Swan”,"나 자신의 자존감을 높이기 위한 방법이 나를 위한 소중한 밥, 사소한 일이더라도 내가 오늘 할 일을 적고 실행하기 등등이 있다는데 그 모든걸 하시는거 같아요~~ 영상을 보고 가슴 따듯해짐을 느끼고갑니다^^ ||| Hola!! Thanks for share with us a little piece of your life, God bless you!! 😁😀🇰🇷❤🇲🇽 ||| 언제나 그 자체만으로도 힐링이되는 평범한듯 하지만 절대평범한지않는 아름다운 일상입니다 영상볼때마다 감사해요 ||| 두툼한 식빵은 언제나 기분 좋아지게 만드는 것 같아요 : > 있는 재료를 가지고 나를 위한 한 그릇을 만드시는 모습 참 좋아요. 오늘도 올려주신 영상 틀어놓고 좋은 낮을 보냈습니다. ||| 나를위한 아침식사...참 좋은 생각과 실천입니다..공감. 좋아요 누르고 갑니다~~",인물/블로그
hgqSlNH_NYo,이거하면 다른운동 못함 (라인 정말예뻐짐) 2주만 해보세요!,SOMIFIT,"와 이거 진짜 좋은게 호흡하는 소리가 나서 호흡을 따라하기 쉬움 그리고 중간에 진짜 포기하고 싶을 때 잘하고 있어요 이런 격려 소리 들려서 더 힘내서 하게 됨 이거 하고 나서 폰 들면 폰이 엄청 가벼운 느낌임 ||| 3개월째 아침 저녁 하루 두번씩 매일하는데 팔 등 어깨 근육이 생기고 혈색좋아졌다는 말을 많이 들어요 제가 봐도 너무 뿌듯합니다  근력운동으로 최고입니다 참고로 50대  여자입니다 ||| <숨을 언제 내쉬어야 하는지> 1. L-플라이 : 어깨를 열 때 '숨 내쉬기' 2. L-바운스 : 자유 3. 프론트&레터럴 레이즈 : 팔을 들 때 '숨 내쉬기' 4. 더블 킥백 : 팔을 뒤로 들 때 '숨 내쉬기' 5. 킥백 : 팔을 뒤로 들 때 '숨 내쉬기' 6. 킥백 바운스 : 자유 7. 프론트&백 레이즈 : 팔을 들 때 '숨 내쉬기' 8. 프론트 바운스 : 자유 9. 크로스 레이즈 : 팔을 들 때 '숨 내쉬기' 10. 덤벨컬 : 팔을 들 때 '숨 내쉬기' 11. 레터럴 바운스 : 자유 12. 숄더프레스 : 팔을 위로 들 때 '숨 내쉬기' 13. 덤벨 플라이 : 어깨를 열 때 '숨 내쉬기' 14. 프론트 바운스 : 자유  좋은 영상 올려 주셔서 고맙습니다~ 열심히 운동할게요 :D ||| 3일차입니다!  두번째 세트할 때 ‘지금 운동하고 있는 거울속 여러분의 모습 너무 멋지지 않나요?’ 그 멘트 너무 힘이 나네요! 노력하고 있다는 것 자체가 모두 멋있어요🫡 감사합니다 꾸준히 해볼게요! ||| 진심 이 영상이 팔뚝살 빼기 영상계의 최고입니다 자부할 수 있어요… 여러분… 이거 맨몸으로 하는 것보다 아령 없다면 사서라도 무조건 아령 갖고 하시는 걸 추천드려요 맨몸으로 하면 자극이 거의 없구요, 저는 2kg짜리 아령으로 했는데 진짜 효과 장난 아닙니다. 2키로 좀 무거우실 수 있으니 1~1.5 추천드리고 2주만해도 쉐입이 잡혀요ㅜㅜ 부분적으로 살 빼는 건 불가능하지만 근육을 예쁘게 만드는 게 가능하기 때문에 팔뚝라인이 정말 예뻐져요 특히 옆팔뚝…. 어깨가 넓어서 팔뚝이 좀만 쪄도 붙는 옷을 못 입었는데 이제 붙는 옷 입습니다… 신지니도 해보고 이것저것 다 해봤지만 이게 최고에여",인물/블로그
EcVzyXPGScQ,[H Pilates/Eng sub] Morning Pilates routine! 아침 필라테스 루틴! 하루에 30분만 투자하세요! #HPilates,Hannah VanGilder,와아 감사합니다 🙏🏻🥰 ||| 영상 보면서 다시한번 느끼는 가까이 살면 참 좋겠다는 생각이요🤩 오늘도 굳하루되세요:),인물/블로그
Lc4Wna2WWAU,"ENG) 유나의 나이트루틴은 다르다! (ft.저녁식단,운동) Night Routine | 뷰티클라우드 유나 UNA",UNA 유나,"찐짜 부지런하다~~ 외모가 훌륭할수밖에 없겠다 원래 이쁘기도 하지만 이렇게 노력하는데 얼굴 광채 이유가 있네 날씬한것도 이유가 있고 난 너무 무식하고 용감하고 게으르다 유나님 발톱만큼도 따라갈수없겠다😭 ||| 언니 겨드랑이 관리법 궁금해요!! ㅠㅠㅠ 제모나 색소침착, 주름 같은거요!!! 언니 케어방법 알려주시면 너무 감사할것같아요❤️❤️ ||| 6:06 자기 제품 보통 다 좋다고만 하는데 정말 솔직하시고 소신 있으시네요 진짜 믿음이가요ㅠㅠㅠㅜ 전성분도 봤는데 너무 괜찮구 ||| 겁나부지런하네....ㅠㅠ 저거 다할수잇나 매일 대단하다 ||| 8:58- 졸귀😂 ㅋㅋㅋㅋㅋ 노협찬이 많아서 더 믿음가고 좋아요😘❤️",인물/블로그
X2s3RZR8lPI,피로와 긴장을 해소시키는 13분 데일리 전신스트레칭! ㄹㅇ 매일 하게되는 마약 같은 스트레칭!,SOMIFIT,"4년째하고 있습니다. 인생스트레칭❤ 노래도 목소리도 동작도 구성도 넘 좋아요 ||| 그리곸ㅋㅋㅋ 이언니는ㅋㅋㅋㅋ 재생버튼 누르면 바로 시작하고 이번 회는 심지어 앤딩영상도 흑과 백ㅋㅋㅋㅋ 겁나 쿨하심ㅋㅋㅋㅋㅋㅋㅋ ||| 적게 일하고 많이 버세요.... ㄹㅇ 스트레칭 맛집 ||| 이렇게 좋은 스트레칭은 인생 스트레칭 입니다                                                                                                                                                                                                                                                                                          좋아요좀,,, ||| 운동 하고 나서 이 스트레칭 해주니까 확실히 몸 전체가 가볍고 풀린 거 같은 느낌? 뭉쳐있던 곳이 풀리는 느낌이에요 운동 후 근육통 때문에 다음날 힘든적이 있었는데 이 스트레칭도 주기적으로 해줘야 할 거 같아요 운동 후기 엄청 마니 남기는 듯 ㅋㅋ",인물/블로그
aVSOtzf8XWg,간단하지만 효과좋은 어깨와 팔운동,셀렌박의 백년 살 몸 만들기,기본덤벨어깨운동이랑 이동작이랑 슈퍼세트로 하믄 어깨 자극 디져요ㅋㅋ ||| 헬스 좋아하는데 집에서 꼭 하는 스트레칭겸 운동입니다 ㅋㅋ영상 굿! ||| 삿바 매는듯해요 💪😁 화이팅 ||| 운동은 절대  간단하지않음  자기관리 하는사람들 대단하고멎짐   휴 나도운동좀해야되는데휴 ||| 벤치 중량업 하기전에 해도 도움 될까요??,인물/블로그
TS8WvdTmFZ0,"[두부 부부] 일상 브이로그 - 혼자 쉬는 휴일 하루루틴, 청소하고 빨래하기. 쇼핑센터 푸드코트 먹방",두부부부 Dubucouple,,인물/블로그
K1AUPaHfPxU,아침 공복에 따라하면 좋은 하루 10분 모닝요가 루틴ㅣ10Min Morning Yoga Routine,야핏 YAFIT,🧘🏼‍♀🧘🏼‍♀요가강사 황아영🧘‍♂🧘‍♂ 이번주는 황아영님의 야핏입니다!  원하는 야핏의 의견이 있다면 언제든지 ↓댓글 추천↓ (어디가 안좋니>>?? / 무엇을 원하니>>?)  이번 일주일은 황아영님에게 주목해주세요!!💕  그리고 야핏 인스타의 꿀 정보들도 많은 이용바랄게요💪💪 (https://www.instagram.com/yafit_official/) ||| 저 이번 영상이 잘 맞는 것 가타여ㅋㅋ 동작이 지난번 보다 쉬운것 가타여 ||| 오늘은 어깨운동이 많이 되었어요! 좋은 운동 감사합니다! ||| 공복에 하긴 너무 배고픈데여.. ||| 몸이 뻣뻣해서 따라하기가 힘들지만 노력해봐야겠어요...,인물/블로그
ZW1pnq0b8Hs,1만보 걸으면서 살이 쭉쭉 빠지는 운동 [걸쭉빠 만보],Thankyou BUBU,"저는 37주 만삭 임산부입니다!! 22주까지 지독한 입덧으로 없던 근력까지 싹 빠져 원래몸무게48,49kg>>44kg까지 찍었었어요 먹는거 족족 다 토해내니 살이빠질수밖에없었다가 23주부터 살만해지졌고 본격적으로는 26주경부터 현재까지 ""땅끄부부 만보걷기+캍소폭3 ""하루 총 90분 세트로까지 운동시간을 늘렸어요.  아이는 건강하게 3kg 정도 추정하고있고 저는 53kg 로 임당이나 큰 이슈없이 출산을 바라보고 있습니다!!  원래 운동을 싫어하는데.. 제 인생에서 매일 운동하는 삶을 약 3개월 째 유지중이네요 ㅠㅠㅠ감격 그 자체 땅끄부부! (심지어 34주까지 직장생활유지했구요) 항상 긍정가득한 표정과 화이팅해주는 1시간 만보걷기에서 함께 긍정에너지와 실제 운동효과까지 톡톡히 보고 있답니다...!!! 땅끄부부가 많은 연구를 했다는 생각이 드는 동작들의 구성이지만 만삭 임산부다보니 할 수 있는 동작들만 무리없이 하고 있어요. 혼자서 유연하게 운동하는 것도 재미가 있네요!! 산욕기 거치고 체력회복위해 다시 돌아오겠습니다. 늘 응원하고 있으니 언제나 심신의 평안을 기도할게요.!! ||| 감사합니다 전 70대 할머님니다    용기를내어 열심히  따라하고있습니다   자기전 한시간정도  거의3~4타임하고나면 잠도잘오고 넘넘좋으네요  좋은운동 감사합니다 ||| 73세 할머니입니다 파킨슨병이있습니다 집에서열심히따라운동하고있습니다 고맙습니다 ||| 1년전 댓글에 70대 할 머니 라고 댓글올린  김경순 입니다   그뒤 댓글 을 한번도 보지 않고   있다 이제서야 보니 저를 칭찬 해주신 분이 이렇게 많을줄 몰랐습니다           감사합니다     얼 마전   마트에 갔다오는데 어떤 젊은분이 뒤따라오더니   넘날씬해 보인다고 무슨 운동하냐고 묻길래   땅그부부운동저녁 마다 거의 매일 한다고  공유해쥤더니     그분도 좋다고 하네요  땅그부부님 다른 은동보다 전 이 운동이 시간대가 적절 한것같아 이운동만  지금까지 계속하고 있습니다  댓글 달아주신분들 감사합니다 코로나   이위기를 땅그부부님운동으로 슬기롭게 이깁시다 ||| 안녕하세요 이창에 계신분들 새해에복많이  받으세요 건강이최고 입니다 땅부부님 하신는 일들이 술술 풀리는 2024년이되세요",인물/블로그
FF0Knvqg0OA,독일일상/주부하루루틴/쿠키만들고🎄니콜라우스탁선물준비/잔잔한 점심외출/일요일오전실시간,M,,인물/블로그
8XdfL4douMQ,"[직장인 브이로그] 30대 직장인 유튜버의 하루입니다(집에 가고 싶어, 집에 가고 싶다, 하 집에 가고 싶어)",자취남,아침 9시에 일어나시능거 부럽.. ||| 2:51 개웃곀ㅋㅋㅋㅋㅋㅋㅋㅋㅋㅋㅋㅋㅋㅋㅋㅋㅋㅋㅋㅋㅋ ||| 자취남님 친근한 모습때문에 더 보게 되는것 같습니다. ||| 너무 재밌어요!! 킬포 왤캐많아 ㅋㅋㅋ 강한남자 자취남님 응원합니다 파이팅!! ||| 핰ㅋㅋ직장생활할땐 이보다 더한 지옥은 없다고 생각했는데 전 첫째님 둘째님 셋째님 비유맞추는게 진심 헬지옥이드라구욬ㅋㅋ밥도  내가한거말고!!!제발 남이해준거!!ㅠㅠ 차려먹고싶고 아니.. 똥이라도 편하게 문닫고 싸고싶네요ㅠㅠㅋㅋㅋㅋ하...,인물/블로그
nTk8w_XhOeM,"[VLOG] 직장인브이로그, 화장품회사, 버거킹, 통모짜, 우산틴트, 존버는승리한다,  퇴근후 일상이 있는 행복함",SaeBom참새봄,7:21 요요 커몬커몬 ||| 화이팅입니다^^ ||| 맛난고 마니 드셨네용 ㅎㅎㅎ 뷰티하는 사람이라 화장품 회사 관심이 안갈수가 없네용 ㅎㅎㅎ ||| 헉 너무 이쁘세요  저도 일할때 젤리같은거 먹는거 좋아해욯 ||| 영상 너무 재밌어요 ㅎㅎ 저 중딩인데 나중에 화장품 회사 입사해서 bm을 해보고 싶어요ㅎ 화장품 bm은 다른 직업들과 다르게 브이로그가 많이 나오네용,인물/블로그
CX_WgI3wDf8,[VLOG] 직장인 브이로그 | 지방근무의 낙을 찾아서 | 세상에서 가장 알찬 퇴근 후 시간 | 나의 취미는 취미 찾기 | 엔지니어 일상,캐시cathy,ㅋㅋㅋㅋㅋㅋㅋㅋㅋㅋㅋㅋ뒤에 노래 자연 다큐멘터리인 줄 알았어요 😌  동생 분이 생일선물 주신 잠옷 귀여워요!! 생일 축하드려요~~🙇🏻‍♀️💕 ||| 서강기계 여학생 비율 어느정도될까요?ㅜ올해 신입생으로 드갈거같은데 ||| 기다렸습니다~~!! 영상올려주셔서 감사합니다 ㅎㅎ ||| 저는 이번에 졸업을 앞둔 기계공학과 여자 학생입니다 ㅎㅎㅎ 너무 부러운 인생을 살고 계신것같아요 제 워너비.... 저도 얼른 취업해서 자기만의 시간을 갖고 싶어요!!! ||| 요즘 취미는 취미찾기 ㅋㅋㅋㅋ 대공감,인물/블로그
jhy0Hyi1Uos,[직장인 브이로그] 성형외과 총괄실장/기획컨펌/상담업무/시술사진촬영/전화업무/직원연차관리/바쁨주의/대환장파티,예니,주 1일 브이로그 업로드를 지키려고 노력 중이에요 많은 시청자분들이 여러가지 영상을 요청하셔서 순차적으로 업로드 해드릴 예정이고 기다려 주셔서 감사합니다 ☺️ 오늘도 좋은 하루 되세요 :) 💗🌈 ||| 랄랄이 진짜 똑같이 따라했다고 생각했는데 생각보다 말투가 담백하시네요 ||| 1:17 랄랄참고부분 확실 ||| 랄랄님 영상 보고 왔는데 영상 넘 중독성있고 좋다..............🖤 ||| 타이핑 소리가 너무 좋네여 asmr급,인물/블로그
tSAriZdCc3E,"[VLOG] 직장인 브이로그, 화장품회사BM, 뷰티회사 일상, 마라탕면먹방, 코덕들의 대화, 잇츠스킨, 미스터리피치, 아이폰브이로그",SaeBom참새봄,비오는날 지난번 인싸가방 ㅎㅎㅎ~~ 무려 3년전이네요 ㅠㅠ 얼른 현재 따라잡아야지 😗 ||| 나듀 점심먹으먼서 영상 다봐따❣ 같이점심먹는기분쓰 ||| 3:56 음3번너무귀여웤ㅋㅋㅋㅋㅋㅋㅋㅋ ||| 업무톤 네~네~ 귀여워ㅎㅎ 오늘도예쁜 참새봄찡😍❤ ||| 조녜 ㅠㅠㅠㅠㅠ❣️,인물/블로그
at74BRNWfjA,"[VLOG] 직장인 브이로그, 화장품BM브이로그, 샐러드추천, 투썸샐러드, 다이어터, 아이폰브이로그",SaeBom참새봄,ㅎ 예쁘시당... 샐러드만 드시고 이 힘든 여름을 버티실수 있으세요...잘 드셔야죵 ||| 화장품bm을 꿈꾸는 학생이에요 항상 공부하기싫을때마다 새봄님 영상보면서 의지를 다지고있어요 새봄님처럼 멋지게 살고싶은 생각하면서요 ㅠㅠ 영상 정말 깔끔해서 좋은것같아요❤❤ ||| 샐러드가 가격에 비해 고퀄이네용 ㅎㅎ~^^ ||| 작업실 근처에도 투썸잇으면 좋겠댜... 파바 샐러드 너무 짜....😭 ||| 샐러드 정말 신선해 보이네요 집에가서 맛난거 든든히 드셨나요?^^ 잘보고 갑니다👍,인물/블로그
4U6RtuJkmi0,"vlog.런던 직장인 브이로그. 회사-집 반복하고 주말에 쇼핑, 리버티, 엔드 클로띵",슬기로운런던생활 (SEULKILOUN LONDON LIFE),"#직장인브이로그 #런던브이로그 #런던직장인 #런던쇼핑 #런던회사생활   안녕하세요,   슬기로운 런던생활 026 이야기!   주중 직장인으로, 그리고 주말엔 친구들만나서 쇼핑 했어요. 소소한 일상 재밌게 봐주세요 :)   여러분의 구독과 좋아요 는 언제나 큼 힘이 됩니다   +이 비디오의 재 편집과 다운로드, 상업적인 이용을 금지합니다.   Hello, Story of SEULKILOUN London Life 026! Please enjoy the video :) Your subscription and like will be a big help.   + Prohibited form re-editing, downloading or commercialising this video. ||| 브라우니 쫀득쫀득해보이네요!! 마라샹궈 한번 먹어봐야겠어요 엄청 맛있어 보여요 ㅋㅋㅋㅋ ||| 알차게보내내요 ㅋㅋㅋ잘보고가요!",인물/블로그
yqn103UYVzE,[보람로그]직장인 일상 브이로그,보람로그,ㅋㅋ 딱 적당한 직장인 브이로그예요 엄마아들한테 시비거는거 존웃 ㅋㅋㅋㅋㅋㅋ 제 모습이고요 ||| 자막이 찐임ㅋㅋㅋㅋㅋㅋㅋㅋㅋ넘웃겨욬ㅋㅋㅋㅋ옆집 노빜ㅋㅋㅋㅋㅋㅋㅋㅋㅋ ||| 우연히 추천영상에 이끌려 들어왔다가 구독자된 1인입니다~ 자막맛집이네용~ㅋㅋ뭔가 옷이랑 신발취향이 비슷한거같아서 더 눈길이가는 영상입니당~내일도 화이팅해요 우리~ :) ||| ㅋㅋㅋ너무 재밌게 봤어요. 월루 공감합니다. 뭐든 해야죠 뭐든.. 고장난 컴퓨터를 고치신 대리님.. 안돼요 안돼... ||| 손에 항상 휴지를 꼬옥..쥐는 거 왜 웃기져..?잘 보고 잇음돠..,인물/블로그
oP2nZzAUJUo,[직장인 브이로그] 팀장님의 빵심부름,BookSea,대박나세용 직튜브🥳❤️,인물/블로그
DvaOZJfI63o,"브이로그 | 직장인의 데일리룩 vlog (돌려입기, 올리브영 세일, 티파니앤코 반지 선물하기, 가을 준비)",지애JIYE,저 지제님 옷 스타일 너무 조아요 푸흐흐 ||| 지제님 피부에서 빛이나요.....🙀🙀😆 무슨 파데 사용하세요??❣ ||| 첫번쨋날 미니백 정보 궁그매용💗 ||| 지제님은 좀 차분하신것같은데 남자친구분은 엄청 발랄하시네요 ㅎㅎㅎ ||| 마르니 사이즈 뭔가용?,인물/블로그
ZQXQpMnygo4,[막내사원의 하루]중소기업 직장인 24시 브이로그 ▶둘째딸 회사원 vlog,둘째딸 2ndD,오늘도 영상보러 와 주셔서 감사해요❤️❤️❤️ 이번 한주도 퐈이팅 합시당!!!👍 저도 열심히 회사다니구 편집하구 할게요!!!💪💪 ||| 진짜 건강관련으로 장난치는 사람들 처벌강화됐음 좋겠다 환불이 문제인가 으휴.. 요새 일교차 큰데 건강관리 잘하세요!! 직장인은 아파도 맘대로 못쉬잖아요ㅠㅠ 이번주도 홧팅합시다!! ||| 와 ㅜㅜ 진짜 완전 기분이 좋아지는 브이로그 였어영 ♡ 헤헤헿 열심히 일하시는 모습이 보기 좋습니당 !! 흐악.. 2주뒤면 시험인데 응원의 말씀 한 번만 부탁드립니ㄷ.. 헤헤헿 늘 챙겨볼께영 ♡♡ 사랑해유 💗😉 ||| 둘째딸님 얼굴이  많이 피곤해보이셔서 마음쓰이네요. 건강이 최고입니다. 늘 건강하시길요 ||| 아침마다 출근하시기 바쁘실텐데도 영상 남겨주셔서 너무 감사합니다~ 더 열심히 보고있어요!!! 마스크 문제는 둘째딸님 덕분에 다시한번 확인하고 주의할 필요가 있겠네요 🥺,인물/블로그
PuFC9BLlIBg,[VLOG]직장인 브이로그/월화수목금 일상,재은데이,쌀떡궁합 저 먹고 나서 최애됐어요〰️ ||| 입안 가득 드시는 모습 보기 좋네영 ㅋㅋㅋㅋㅋㅋ머리 차분히 풀고 일할때가 가장 예쁜 듯 싶소￼,인물/블로그
CBvHJGtqqQM,"[직장인 브이로그] 성형외과 총괄실장의 겨울룩북(데일리출퇴근룩) 구독자요청(클렌징,포레오 루나3) 겨울스킨케어제품추천(클리덤) 피부영양제(곤약 세라미드) #ad",예니,여러분 정보는 더보기칸 아시죠? 🙈💗 ||| 뭔가 되게 말안하고 있음 다가가기 힘든 쎈 언니 같기두 한데 이런 귀여운 일상보니까 굉장히 호감형인것 같아요 매력 너무 많아요 !! ||| 진짜 매력터지심 ㅠㅠㅠㅠ 옷두 다 사랑스럽고 말하실때 넘기여우..... ||| 언니 그냥 일하는 브이로그 똑같아도 되니까 맨날 올려주세요 ㅜㅜㅜ ❤️❤️😭 ||| 20:36 히 예니님 이런룩 너무 귀염상쿠미에요ㅠ🥰♥️,인물/블로그
j9nWMsjh77A,"vlog🎈, 비서브이로그 / 직장인브이로그",바니어리.Bonniary,"저두 비서직인데 아침에 신문이랑 인쇄물 드리는거는 다 똑같네요~~~~~😊 ||| 저도 비서로 3년정도 근무했는데 반갑네요! ☺️ 직장인 브이로그 시작한지 얼마 안됐는데 자주 소통해요! 구독하고 갑니다 :) ||| 푸항항 바니님 퇴근길이 제일 신나보이시네요~^ㅁ^ ||| 비서일이 생각보다 힘들것 같아요... 뭔가 멋지십니다! ||| 저랑 이름이 똑같으셔서 눌러봤는데 너무 재밌어요,!!",인물/블로그
Lu0dcdJ-NPM,"vlog: 집순이의 회사 이직 적응기#4 / 직장인 브이로그 / 리얼 직장인 브이로그(외근지옥, 팬톤칩을 찾아서, 대학원, 직장인도시락, 송리단길, 불금, 즐거운토요일)",윤yoon,작년 영상이네요 늦게나마 재밌게 보고 있어요💚🥺💚 ||| 엄청따땃이입구다니시네요 ㅎㅎ 그래도 감기조심하세요:) ||| 잠옷이 저랑 같아서  ㅋㅋㅋㅋ  뭔가 반갑네요 ㅋㅋㅋㅋ 목걸이 너무 이뻐요~~  레이어드 하기 좋겠어요~~ ||| 일상브이로그 너무 좋아요;)) 저도 시작해보고 있어요~~ ||| 재밌어요 👍👍👍,인물/블로그
HTgZ77SuQvU,14 : [VLOG #브이로그 #일상 #직장인브이로그 #자취생]  새해다짐 / 목표세우기 / 계획 / 바리스타 자격증 / 도전 / 바리스타자격증학원 / 카페창업 / 커피,솜나,도전만으로도 너무 멋있어요!!:) ||| 열심히 사시는 모습 보기 좋아요^^ 영상 감사합니다!! ||| 왜때문에 바리스타수업보다 감자에 눈길이 가는지ㅋ ||| 눈누난나,인물/블로그
Z6oH4MagM2I,[VLOG] 직장인 브이로그ㅣ회사세끼ㅣ일~주일 브이로그 : 자리 바꿨어요,SUNNYSIDE,간식 먹는거만 봐도 갸꿀잼... 요 요 시간 도둑 ! ||| 써니사이드님 영상덕분에 금요일이 더 기다려져요~~ 이번 영상도 잘 봤습니다  마지막 앞머리 귀여우세요 ㅎㅎ ||| 인트로 너무 좋아요!👍🏻👍🏻 ||| 7:32 더듬이 생성 더듬이 누나 더듬더듬 ||| 운동도 열심히 하시고 부지런하시네요~!,인물/블로그
DcGY71o3j2c,직장인브이로그_아산신정식당방문기_월요일싫어..,흥도롱,우와 꽁냥꽁냥 하시네요~~ ||| 남자친구분이랑 너무 재밌게노시네요~ 사랑스럽네용ㅎㅎ ||| 답글 안달아주시나요? 너무하시네요,인물/블로그
ooByAZbX7Po,회사 그만두고 창업한 직장인 브이로그 함께봐요ㅣvlog,로우에곤lowegon,화이팅 입니다!! ||| 아 회사 그만 두셨구나..부러워 하는 1인 ㅎㅎ,인물/블로그
oLq69EtFD0c,직장인 브이로그 첫 VLOG 짝짝짝,무브윤,우왕 첫 브이로그인대 편집도 너무 잘하셨네요 잘 보고 가용 즐거운 설날 보내세요! ||| 항상 응원한다쿠우우🥰♥️ ||| 너무 아름다우셔요❣️ ||| 넘나리 프로페셔널하게 pt하시는 모습..!! 멋있으세용🙊 직장인은 돈을 쓸라고 일하는 거죠ㅋㅋㅋㅋㅋ 행복한 돈쓰기ㅎㅎ 구독하고 가요❤️ 저도 브이로그 올리는데 소통하고 지내용🥳 ||| 직딩되니까 아메리카노 살기 위해 마시는 거 ㄹㅇ인정.. PT하는거 소리 듣고 싶엌ㅋㅋㅋㅋㅋㅋㅋㅋㅋㅋㅋ 집 구조 이미 바꿨눈뒈...??? 또 바꾸는고야?!,인물/블로그
GC6LsiHNEpk,ENG) 직장인 브이로그(Vlog) 메뉴 최고인 회사 식당에서 점심먹기 스타벅스 커피 클래스 듣고 봄 꽃구경,이듀 2du,우앙 영상이 이쁘네요~~~~구독좋아요누르고 갑니당 ||| 배고파지는 브이로그네요... 잘보고 갑니다!ㅎㅎ ||| 회사 식당 진짜 고퀄 !!bb ||| 구내식당이 익숙하다 했는데 같은곳인가봅니다 🤗 ||| 너무너무 재밌으세요! ㅋㅋㅋㅋㅋ 화장할 때 빵터졌습니다ㅋㅋㅋㅋㅋ,인물/블로그
OORHFSI6j7Y,"[직장인코디] 옷잘입는 안평범 직장인 브이로그! 건강검진이 뭐라고...😷 (ft.마마카사르,코벳블랑)",수박온니,대장내시경 언박싱ㅋㅋㅋㅋㅋㅋㅋ신박해요 ㅋㅋㅋ ||| 다음날 얼굴 엄청엄청 이뿌다 신박한 언박싱이라 재밌어요 언니!❣🍉 ||| 한글날 언니 스을쩍 보러 갔었는데 너무너무너무너무 얼굴 조그맣고.. 오밀조밀 ㅠㅠ 💕 ||| 대장내시경 준비 힘든데.. 잘하셨네요👍 건강하다니 최고 ^^  영상 오늘은 귀걸이라 착장 청순하고 멋져용 ~~ *꼬 없는.. 수뽜악..깨알 재미들 ㅋㅋ  재밌게 보았습니다 ❤️ ||| 대장내시경 언박싱^^ 건강검진 중요하죠.건강합시당💕,인물/블로그
vZio459zubk,빵순이라면서 여길 안 가 봤다고?! / [정지네 브이로그] 직장인 브이로그 일상 VLOG,정지네,"매콤한 빵.?? 매력있네요..ㅎ ||| 매장 처음 들어가셔서 유난히 오랫동안 카메라를 비추시던 메뉴를 사신 거군요~^^ 빵을 좋아는 하는데, 먹고 나면 속이 불편하고 했어요. 여기 제품은 그런게 덜하다고 하니 관심이 더 가네요^^ 지난 번 여의도 식빵 전문점 소개해 주신 것도 아직 못가봤지만, 언제 한번 꼭 가보고 싶네요~^^ 오늘 영상도 잘 보고 갑니다~~!! ||| 정말 빵을 좋아하시는 군요~  플레인 크루아상이 없네요 ㅠㅜ  다양한 재료로 구운 빵들이 많네요.  빵 없이 하루는 살아보셔요 ㅠㅜ(몸을 위해서) 기네스무화과는 들어간 와인에 절인 무화과 및 맥주 생각하면 엄청 비싸다는 생각이 드는건 아닌것 같아용(유기농밀가루 등 사용하니) 아마 가게 위치 및 들어가는 재료들 보니 마니아적 가게가 아닌가 하네용, 전 개인적으로 유기농에 유기농 따지지 않고 일반 재료의 품질에 신경쓰는 개인적인 생각을 가지고 있어요. 전 오늘 새벽에 갓 나온 크루아상에 커피를 마시고 있네요.",인물/블로그
k_XdVeEAagM,ENG) 📑 직장인의 24시간 일상 브이로그 (feat.🐱🐶)ㅣ[VLOG] [슬기],슬기 SEULKI,개인적으로  대학생브이로그 원탑 에바   직장인브이로그 원탑 슬기 ||| 앞머리 내린거 올린거 둘 다 예뻐서 고를수가없네용ㅠㅠ 그냥 언니 기분에따라 내리거나 올리면 좋을거같아용🥰 ||| 이렇게 좋아하게 된 유튜버는 개인적으로 처음이에요오ㅜㅜ 진짜 너무 이쁘고 제가 성인이 되면 슬기님 처럼 살고 싶어요오ㅜㅜ ||| 헉 평소보다 빨리 온것같아용 ㅠㅠㅠ 슬기님 항상 미모열일... 성인되면 슬기님처럼 살고싶네요😭 ||| 와..오늘 영상에 나온 머리처럼 묶고 자는 방법 영상으로 찍어주세요ㅠㅠ 18:58 여기 ㄹㅇ 심장 멈출뻔..ㅠㅠ  +19:50 하하 오늘 제일 맘에 드는 슬기님 모습,인물/블로그
e4adeoe1S1Q,"vlog. 회사 크리스마스 파티, 자라 하울, 런던 직장인 브이로그",슬기로운런던생활 (SEULKILOUN LONDON LIFE),컴퓨터가 고장나서 영상 업로딩이 평소보다 늦었어요ㅜㅜ 그래서 조금 늦은 크리스마스 파티 영상... 재밌게 봐주세요! ||| 초콜릿분수라니...ㅠㅠㅠ 오늘도 잘 보구갑니당! 새해 복 많이 받으세요!!! ||| 다 잘어울리시는데 분홍색원피스 개인적으로 젤루 이쁘신것같아요^-^ 검부츠까지 최고시네요~기승전모델입니다^^ 파티분위기 최고네요~~   happy new year-! ||| 나도 이번 세일때 4번 원피스 입었다규ㅋㅋㅋㅋ숨참아야 될 원피스라 내려 놓음ㅋㅋ통했따 ||| 아닠ㅋㅋㅋㅋ 하울 아니고 진짜 자라 털었네유,인물/블로그
8nnFu375q5s,직장인 브이로그/연차쓰기/직장인 유튜브/Vlog,보보TV_귤,"너무 현실성 있고, 공감되내요..",인물/블로그
0AtIgd66XL4,[Vlog] 직장인브이로그 | 사무실일상 | 커피중독자의 하루 | 주말일상 | Korean Office life,Everyday Jae,키보드 소리 빨리감가 했는데도 듣기 좋아요 :) 누네띠네 좋아하는데 갑자기 확 땡기네요ㅜㅜ 커피랑도 잘 어울릴듯! 직장인에게 커피는 필수인거 같아여..(저는 믹스커피) 영상 잘 보고가요☺️ ||| 컵에 간편히 먹는 핸드드립 구매정보좀요!!,인물/블로그
PkdTktY1e8E,"[브이로그,vlog] 공인중개사 레아 직장생활 탐방 [직장인/공인중개사/부동산/서울/강남/초보 유튜버/일상/daily]",강남제이엘부동산,,인물/블로그
bN67L0olArg,통장을 스쳐지나가는 월급과 야근에 찌든 직장인 브이로그💸아주로AZZURRO • 오소이쇼룸 • 택배언박싱 • s/e/o 팬츠하울,minari,"헉 다 넘 예뿌고 좋아보이네뇨,,,,, ㅜㅜㅜ 영상 노래 다 넘 좋아요 잘보고갑니다..... ||| 뜨악 민아님 :-) 저두 반지 사러 한번 가야겠어용 저기 흐흐 예쁜게 넘 많네욤..(ू˃̣̣̣̣̣̣︿˂̣̣̣̣̣̣ ू)  원래 월급이란 스쳐지나 가는거잖아요..? ㅎㅎㅎㅎㅎㅎㅎㅎㅎㅎ 헤헤 재밌는 일상 올려주셔서 고마워요 ❤️ 오늘도 잘 보고 갑니당 캬캬 앗! 이번 영상 음악 다 좋아요 ㅜㅅㅜ 체고! ||| 룸투어 영상보고 정주행중이예요 노래영상 모두 취항저격 ㅜㅜ ||| 미나리님,, 오늘두 미나리님 영상보며 대리만족 🌝 메모장에 오소이, 쪼리, 반지 적어놓았읍니다 재취업 하면 사고 말거에요 !!!!!!!!!!!!!!! 야근이라니 6시 되면 강제로 샷따 내렸으면 좋겠어요 미나리님 밝을때 퇴근하게요ㅠㅠ ||| 예전 영상 중에 가정식 집 친구분들과 예약?하고 가셔서 시간 보내셨던 것 같은데 어디였는지, 무슨 영상이었는지 말씀해주실 수 있을까요..? 도저히 못찾겠어유 😢😢😢😢",인물/블로그
g-C3nvUcpUs,[직장인 브이로그] PC방 프랜차이즈본사 인사팀의 일상?!,아이센스PC방,매순간 열심히 사는 박차장 ^^ ||| 잘생기셨어요,인물/블로그
05al7TyyaeE,[Vlog]샐러드 위크 도전기/직장인 점심 브이로그,재은데이,,인물/블로그
ypNHRexRVkk,[직장인 브이로그]02_오늘의 저녁은 월남쌈으로♥(월남쌈/휴대폰거치대/vlog),의삶빵미,,인물/블로그
r7xpG6z26To,"[vlog]편의점,모찌롤,직장인,자취 일상 브이로그,삼겹살,비빔면,버거킹 먹바ㅇ",누눈,6:49 미쳤네 개웃겨ㅠㅋㅌㅋㅋㅋㅋㅋㅋㅋㅋㅋㅋㅋㅋㅋㅋㅋㅋ아 ㅋㅋㅋㅋ ||| 모기채 민트색 ㅠ,인물/블로그
_qlLeobZk0s,| 직장인 브이로그 | 쇼핑하울 | 신상 가을립 | 서울스토어 | 교복데이트 | 흥 감당불가,상희sanghui,"저는 유툽을 잘안보는데 우연히 상희님꺼 보게 되었어요 :) 요즘 반복되는 일상에 지쳐 무기력 했는데  잘놀구 배우고 하는 모습을 보고 저 자신한테 반성하기도 했어요 !! 덕분에 힘을 좀 얻게 되었어요 고마워용 🧡 아쥬 잘보고있고 늘 기다려지게 되용 ☺️ 빠이팅!!! ||| ㅋㅋㅋ 친구분들하고 있는 모습이 가장 행복해 보이시네요 ||| 제 웃음코드랑 너무 잘맞아용ㅋㅋㅋㅋ잘 보고가요 ❤️❤️ ||| 언니의 출근룩은 항상 제취향,,,🥨 ||| 공부하기 싫을 때마다 언니 영상봐요..💖💖 공무원되면 언니처럼 멋지게 직장생활 하고싶야요 흑흑 진짜 제 워너비 🌝✨",인물/블로그
RtzZOzn9g_U,[VLOG] 직장인 브이로그_두번째 (쇼핑몰/쇼핑몰의 하루/남자옷),파쿠쓰 PaKu's,악 고양이가 출근하기 전에 배웅해주는 거 넘나 귀요밍 ㅠㅠㅠㅠㅠㅠㅠㅠㅠㅠㅠ 서울대입구쪽 사시나바영..! 영상 잘 보고 갑니다! ||| cs하시면 스트레스많이 받으시겠어요ㅠ 하루에 cs전화는 몇통정도오나요? 영상잘봤습니다~^,인물/블로그
_ZQs-QRbtAU,"[VLOG] 직장인 브이로그ㅣ소소한 언박싱, 근교 드라이브, 회사단짝 결혼식, 여름 코앞, 스승의날 선물추천",SUNNYSIDE,요즘 써니님 브이로스 정주행중 ....❣️ ||| 늦었지만 동효씨 햄복카세용~~~~🤗💖 ||| 오프닝이 감성터지내요~! 이번주 영상도 잘봤습니다~~ ||| 오프닝 브금 항상 좋다👍👍 ||| 일등이다 ㅎㅎㅎ 기다렸습니다 ♥ 오늘도 러블리 하시네요,인물/블로그
yhJL3Yv4KLE,(VLOG)도쿄 직장인 브이로그.혼자보내는 시간,JIYEON,일본여행 좋아하는게 요새 못가게 돼서 일본 브이로그 엄청 파고 있습니다. 베이지니트에 브라운폴라 코디 색감 넘 이쁘네요. 집도 이쁘게 꾸미시고. 여행은 삿포로나 교토같은  지역을 좋아하는데 브이로그는 도쿄가 훨씬 잼있었어요. 다음 영상도 시간 나실때 꼭 올려주세요 (다른 영상도 봤는데 이 영상 코디가 제맘에 꼭 들어서 여기에 댓글답니다^^) ||| 12:25 케익이 쫍대여 ||| 우왓 곧 가게 될 도쿄워홀을 준비하느라 이것저것 찾아보던중에 영상 접하게되었어요:) 지연님같은 도쿄생활을 할 수 있었으면 좋겠네요☺️ 잘보고갑니다! (저도 러쉬팩 최애가 카타스트로프에요🤓) ||| 오늘은 뭔가 쓸쓸하고 외로운 직장인의 휴무날 같은 영상같아여ㅠㅠ 저도 퇴근하고 지옥철타고 좀전에 집 도착했는데! 오랜만에 영상이 따악! 씻지도 않고 봤어요 ㅋㅋㅋ 저도 블랙팟 5개 모아서 얼마전에 바꿨어요!! 근데 넘 귀차나서 곧 상할거 같은 느낌 ㅠㅠ...🤣 저는 집근처든 어디든 뭐 혼자 여유부릴 수 있는 곳들이 없어서 아쉬워용😞 그래서 늘 집에만... ㅎㅎ . . .  모든 직장인들이 다 똑같은거 같은데 뭔가 저만 뒤쳐지는 느낌과 재미없는 삶을 살고 있는거 같은거 있죠? ㅋㅋ 그래도 가끔 영상 올려주시는 덕에 소소한 행복 누리고 있어용💙  올 겨울 감기 조심하시고 힘내용🤘🏻🤘🏻🤘🏻 ||| 감기 조심하세요 ㅠㅠ,인물/블로그
T5V2va_sZDk,vlog#1|새댁 직장인의 불금 브이로그 feat.치킨 #직장인#사무직#직장인브이로그,희원heewon,불금은 항상 옳죠 !ㅋㅋ 훠궈 너무 맛나 보이는데요? 소소한 새댁 일상들 잘 보고 갑니다~ 자주 놀러올게요~ ||| 히히 영퀄짱이에요,인물/블로그
N1F5gAhir68,"직장인 브이로그｜성수동 직장인의 이틀, 성수 맛집 추천, 퇴근 후 일상",상민씨,"정말 열심히 사는 상민찌의 모습을 영상으로 보니.. 정말 존경 그 자체에요 ... 힘들겠지만, 진짜 힘들겠지만, 화이팅해요 ! 응원..! 계속 할게요! 히히 ||| 맛있는거 많이 먹고 일도 열심히 하고 영상도 올리고 너무 좋아요 ㅎㅎ 힘내세요 화이팅 ㅎㅎ",인물/블로그
dXZqhr48vjw,[Vlog] 집밖이세연? / 직장인브이로그 / 오랜만에 돌아온 일상 / 회사생활 /직장인브이로그 / 수정화장품소개 / 앰플추천 / 일상브이로그,집밖이세연,왓 드뎌!!!!!😍❤️😍❤️ ||| 드디어 영상업로드가 되다니 허허허 박수~~ ||| 빼빼로 뜯기 = 걸크! ㅎㅎㅎ 사내 분위기가 참 좋은데요~!? ㅎㅎ 잘 보고 갑니다 :) ||| 귀염하세연 ||| 알로에밤 정보좀요~,인물/블로그
gS3kbwIbIK8,"직장인 브이로그 | 공부 & 자기계발 방법 | 작은 습관 일상 vlog 🙈 (책 구절 정리, 카멜커피, 뷰티습관, 방정리, 넷플다큐) | BMLOG",브마로그BMLOG,습관으로 완성되기까지 많은 노력이 들어갔을 워너비 습관들이네요 멋있습니다👍👍 ||| 새해 복 많이 받으세요 ㅎㅎ 좋은일만 가득하세요 ^^ ||| 브이로그 진짜 이쁘게 잘 만들었어요 배우고 갑니다 ||| 와우 구절 정리하신거 굉장히 신박한데요 ||| 보라카이 영상부터 잘보고 있습니다.,인물/블로그
JaL4G6iSHJQ,[미국 일상 VLOG] 미국 직장인의 시애틀 맛집 추천!!,봉봉드내내,주말내내 기다린 영상 드디어 ㅎㅎ  항상 잘보구 있어요. 앞으로 끄끄내님은 블러싱 오랜지로 불러드릴게요 ㅎㅎ ||| 시애틀 맛집 더 많이 알려주세요오!!! 다음 영상도 기대할게요 ||| 맛있게 드셨다니 기쁘네요 ^.^ 언제든지 놀러오세요 그대여♡ ||| 폐업됨,인물/블로그
BbmEDLqANKI,VLOG | 흔한 직장인의 일상 #2,흔한직장인JP,알라딘 중고서적 굉장히 깐깐하더라구요 😖,인물/블로그
L0OUrScC1tY,"[VLOG] 직장인 브이로그🤑 경영관리직 업무란,,? 아가리 다이어터의 일주일, 작전동 뿌시기(찐만이네, 돼지네포장마차)",델리종민,네일 파츠가 블링블링🤩👍🏻,인물/블로그
VvCOBipyNRg,자는 캥거루 깨워보기,헤이글로리안(Hey!GloriAn),"이 영상의 킬포는 캥거루가 있는 곳이라 당연히 외국인이 쏼라쏼라 하겠거니 했는데 느닷없이 튀어 나오는 익숙한 ""선생님"" ㅋㅋㅋㅋ ||| 그냥 길바닥에서 대에~충 자는거 개웃곀ㅋㅋㅋㅋㅋㅋㅋㅋ ||| 저 팔뚝을 보고 깨울 생각을 하시는 지윤씨… 당신은 얼마나 강력한겁니까… ||| 길바닥에서 주무시는 캥거루 표정이 참으로 평온해 보이네요 행복이란게 별거 없는거 같습니다.",인물/블로그
vX5xF-iXo7c,사촌동생 관찰하며 하루종일 놀리깈ㅋㅋㅋㅋㅋㅋ(리얼꿀잼ㅋㅋㅋ) // 코너 Korner,코너Korner,민준이가 유튜브각을 너무 잘잡아서 분량이 길게 나왔구만 ||| ㅎㅎㅎㅎ 민준이 삼촌덕분에 심심하지 않게 보냈네요~ 삼촌의 장난이 너무나도 익숙한듯~!! 저희도 이렇게 삼촌이 재미났으면 좋겠어요!! ||| 사촌동생 김민준 귀여워 😍 민준이의 관찰 얘기하고나서 웃기는 느낌이 드네ㅋㅋ ||| 6:29 오늘도 민준이에게맞는 코너의 모습이다ㅋㅋㅋㅋ ||| 민준이를 놀리다가 뚝배기(?)를맞은 코너의 모습이다아~ㅋㅋㅋㅋ,인물/블로그
3v0s-w66P58,"먹방, 소통 브이로그 #1",주앵햇살TV,,인물/블로그
7F0bP3qMWDA,우리 곧 만나요:),박홍조,너무 이쁘셔서 저도모르게 구독 눌렀어요 ㅎ ||| 헐귀욥다 ||| 같이 손잡고 걷고싶다. 34번은 다시 태어나야 가능 하겠지만 ||| 인스타그램 타고 넘어왔어요~ ||| 기대하도록 하겠음니당!!,인물/블로그
_Hz1-rUmlfo,소통의 자영업 /리얼 장사VLOG브이로그 / 진지한쌈 [진지한 일상],진지한TV,정말 열씨미 사시는 사장님~~ 대박 나세요~~ 화이링~~~ ^^,인물/블로그
Tp4vXiWQrms,[브이로그] LG생활건강 화장품 연구원의 일상이 궁금해? || LG사이언스파크 대표 훈남 Vlog,LG그룹,"[00:09] 출근길, 산책하며 START~ [00:46] 여기가 바로 사무실&연구실! [02:40] 모든 점심시간이 좋았다... [03:59] 오늘의 특별한 피실험자는 누구?! [04:58] 황선임님의 '연구노트'를 공개합니다!  [06:20] 누구보다 진지한 열.공.모.드  [07:05] 실험실 밖으로 나간 황선임님!? [07:31] 오늘_하루_가장_행복하신_얼굴.mp4 [07:50] 드디어 ♥홈 스윗 홈♥ 도착~! ||| 개발계획수립,처방설계, 연구 및 실험, 제품 검증 등 진행되는 실험과정을 자세히 보여주고 설명해주셔서 알아듣기 쉬웠어요! 연구원을 꿈꾸는 사람에게 아주 좋은 영상이 될거 같아요 ||| 퇴근할때 가장 밝다 ㅋㅋㅋㅋㅋ ||| 화장품연구원의 모습을 잘 보여주신것 같아요 개발계획수립,처방설계,연구및 실험,제품검증,제품생산, 시장출시의 단계로 진행되는 실험과정을 자세히 설명해주신것 같아요 실제 화장품을 보여주시니 넘 재미있어보여요 식당도 좋고 다 넘 넘 좋은 것 같아요 ||| 무슨 학과 나오셨는지, 대학원 나오셨는지 궁금",인물/블로그
88lUQ8jLpTI,"보통의 택시, 숨구멍 소통 ""브이로그 05”",Ggori Channel,,인물/블로그
CyCkKtbJkWM,"[VLOG]#6.혼자사는남자 일상/눕방소통,저녁한끼니",혼사남웅이,쌀국수에 청양고추 넣으시는거보고ㅋㅋ 깜놀했지만 매워도 맛있어보여용ㅋㅋ 👏👏👏 쌀국수도 좋아해용ㅋㅋ 많이 매우신가부당ㅜㅜ 국물 맛있졍ㅋㅋ 해장으로 좋아용😊 ||| 웅이오빠 쌀국구맛있게당ㅋㅋㅋ 많이드시고 힘내세요^^~💖💖💖 ||| 오랜만에 쌀국수ㅋ눈물나는ㅋ 전 매운거 못먹는데ㅋ웅이님은ㅋ 그래도ㅋ잘드시네요~^^~🤗 잘봤어용❤ 오늘도 즐건 하루 되세요! ||| 쌀국수에 청양고추!와아!다 넣어서 얼큰하게 드시네용!!!맛있겠어여😆눈물콧물 쏙!!고추 넘 많이 넣으셨어영ㅋ ||| 청량고추 그만그만 저러다 큰나지했는데ㅋ겁나 매웠지ㅋㅋ고생했다 매운거 참고 먹느라고~~^^,인물/블로그
blQhxsuaVcE,🤵🏻박한길회장님도 부러워하는 영리더들의 소통방법!! (💌영상편지포함) | 애터미 나리의 브이로그 Nari's Vlog,I am Nari아이엠 나리,사랑합니다 본부장님♥️♥️♥️갓나리♥️♥️♥️,인물/블로그
OfZOtKi0wLw,??? : 맨날 편집자만 꿀빠네..ㅣ파뿌리,파뿌리,모든 영상 편집자분들을 응원합니다! ||| 노랭이 리얼 리스펙..★ ||| 노랭이 레알 힘들거같다 편집도 힘든데 악플러도 있고 졸린데 편집은 해야할거같고 조금씩 촬영 나오고 애초에 노랭이 자유시간은 있는거야...? 힘내면 좋겠다 ||| 편집 진짜 힘든데... 꾸준히 영상 올리시는 모습 넘 존경합니다! ||| 진렬이는 아무 것도 안 하고 놀기만 하냐는 댓글들이 종종 있어서 댓글 남깁니다! 우리 진렬이도 파뿌리 내에서 본인의 역할이 있고 게임 스트리머 '비닐진렬'로서의 업무도 많습니다! 이번 영상은 ''노랭이와 파뿌리24시''에 대한 이야기만을 담은 에피소드이므로 진렬이의 이야기는 따로 언급 되지 않은 것입니다! 오해섞인 댓글을 거두어주십시오.. 우리 진렬이도 상처 받습니다..ㅠㅠ,인물/블로그
Jlt5cHa1_vE,관종의삶-오토바이 125cc 원동기 따는법,훈이TV,면허 안따고 타는 애세끼들 많은데 면허따려고 하는거 보면 그래도 귀엽네요ㅋㅋ ||| 너무 귀엽네요~~~ 그냥 오토바이 타는것보다 이렇게 자격증 취득하고 딴다는것에 박수 보내두리고싶어요~~~ ||| 뻔히 보이는길도 조심스레 살펴갈수있는 라이더가 되길 바랍니다^^ 안전한 나날들 보내시길 ||| TMI 오토바이는 두가지의 브레이크가 있음. 풋 브레이크는 뒷바퀴에 제동을 주고 핸드 브레이크는 앞바퀴에 제동을 줌. 굴절 코스나 S자 코스 꺾을 때 풋 브레이크 느슨하게 잡으면서 코스돌면 좀 더 수월하게 시험 치를 수 있음. ||| 마지막에 뛰뛰 귀엽다 ㅋㅋㅋ 완전 해맑게 웃으면서 들어오네요,인물/블로그
ygVbntnQ-T0,[VLOG]혼자사는남자 일상/눕방소통,혼사남웅이,웅이님~~~운전하시느라 힘드셨네요! 그래도 다행이네요..^^^ 피곤하시겠당...팟팅!❤❤❤❤❤ ||| Like 5 nice video thanks for sharing😊 ||| 영상 항상 잘 보고 있습니당😘😘 ||| 응원 하겠습니다 ||| 반가워요 진도에서 응원 왔네요 자주 소통해요 좋아요😅👍,인물/블로그
f_vE60wBkUA,먹방/소통 브이로그 #먹방 #소통 #스시 #브이로그,주앵햇살TV,잘봤습니댱 ㅎㅎ,인물/블로그
j-TGvSYcW48,"보통의 택시, 숨구멍 소통 ""브이로그03”",Ggori Channel,,인물/블로그
d3cIGylUP_I,담당 주무관의 눈으로만 보던 유튜브 시작. 공무원 브이로그. 식물키우기,강원이TV -강원 GANGWON,ㅋㅋㅋㅋ힐링영상 같아용😍❤️ ||| 화분의 식물에 물을 주실때 위에서 직접 관수하면 양분이 아래로 빠져나가 영양결핍이 생겨요. 항상 화분에 물그릇을 두고 물그릇에 물을 채워 삼투현상에 의해 아래에서 위로 물이 빨려올라가도록 주셔야합니다. 그래야 양분도 보전되고 식물에게 과도하게 물이 공급되는걸 막을 수 있습니다^^ ||| 키우시는 김에 저희 유튜브 채널도 같이 키워주심 안되나용 ٩(๑❛ワ❛๑)و     (덤으로 저도...),인물/블로그
Uqxo6CWadVA,[Vlog] No.01 구독자분들과 시청자분들과의 소통!! 브이로그,카붐-Car Booom,언제나 궁금한점은 카카오 : 100369 메일 : baekjh369@naver.com 또는 댓글 주십시오 여러분들의 의견을 브이로그에 찍을때  적극 반영하여 올리겠습니다 ||| 잘보고갑니다^^ ||| 잘봣어용ㅋㅋ ||| 항상 잘보고있습니다ㅎㅎ티맥스 나중에 꼭한번 타볼라고요!안동 사시나봐요 얼마전에 혼자 안동가서 찜닭먹고왔습니다ㅋㅋ ||| 매의 눈으로 지켜보고 있습니다,인물/블로그
t1PE_sBSxNQ,술취한친구 괴롭히기 ASMR 김해,김휘바,ㅋㅋ,인물/블로그
LhukrrKakr8,다이어트 시작함니다,TV때꾸,응원하겠습니다!!!😊 ||| 다욧 화이팅!!! 입니다~ ||| 다이어트 시작 완전 응원합니다. 목표달성 파이팅!!!! ||| 화이팅입니다😊 ||| 성공하셨나요?^^,인물/블로그
y5BgJmEgObk,"보통의 택시, 숨구멍 소통 ""브이로그""",Ggori Channel,,인물/블로그
IU7dgrU0ruA,생일주2,기먼둥,,인물/블로그
Cf6o8pka_y0,"[북튜브] 한 번쯤은 하고 싶었던 소통 영상 | B급책방 소통 | 일상, 소통 책, 독서",B급책방 BG Bookstore,B급 책방님의 영상은 진솔함이 느껴진다고 해야할까요! 이런 영상도 종종 찍어주시면 좋을 거 같아요! 보다보니 마음이 차분해집니다😀 감사합니닷!,인물/블로그
gMC7e6w1l0U,[Vlog]링크팜 소통나눔단 교육중,김종현,,인물/블로그
WbgX8nek-xw,택배 보낸 사람 진짜 누구냐...??,오킹TV,뭐야 형 이거찍느라고  카메라 켜고 이불덮고 다시 일어났을 생각에 너무 귀여워.. 후욱후욱 ||| 7:33 설마했는데 여기서부터 비치는거보고 눈물터짐 ||| 2:00 좋아하는거 진짜 귀엽다.... ||| 벌써 국민주소 된 줄 알고 놀랬네 ||| 8:27 초코파이인줄 알았는데 우유 뚜껑ㅋㅋ,인물/블로그
eLYF7ZjpiUw,[Eng] Vlog우리가 하고싶었던 4가지 이야기 | What we wanted to say,Allblanc TV,"Mark lol give too much information about the crew . That got me laughing so hard and the short cuts was soo funny  🤣🤣🤣😂😂😂😂 ||| I don't understand than much, but you look great with your jackets  hahaha😜 ||| Eng subtitle is now uploaded !:) Please enjoy and see you soon on our next video! 영어 자막이 업로드 됐어요! 재밌게 봐주시고 다음 영상에서 만나요~ 안녕! ||| For myself, I received useful information about workouts. I'll use your recommendations in the further. Earlier I just went to the gym and when I wanted something new I found your videos! I’ve been training on your videos for one week and I like it so much! ❤️ Thank you for your hard working! 💪 ||| Lol @ Louis Instagram. Yes looks isn't everything and we adore you both as much😍😊",인물/블로그
oEh1TKId_ak,[마리끌레르] 배우 엄지원과 떠나는 싱그러운 푸켓 여행🌴,Marie Claire Korea,,인물/블로그
MWtriUZCVqI,한국형사정책연구원 소개 영상,한국형사·법무정책연구원(KICJ),,인물/블로그
BoAyK-3JN5A,미니쉬치과병원 치과기공사 브이로그vlog 3편,미니쉬치과병원,"생동감있는 영상 좋네요 ^^ 지속적인 좋은 영상 기대합니다~ 구독, 좋아요 누르고 갑니다 ~ ||| 너무 좋은 조건의 기공소인거같네요~~ ㅎㅎㅎ ||| 돈이 실력에 따라 올라가지만 결국 천장은 있어요. 결국은 남자는 자기 기공소가 있던가 해야됩니다. 월급을 엄청 많이 받는 분들도 있겠지만 그걸 일반화 하면 안되요. 기공실 좋죠 모두 들어가고 싶어하고 하지만 기공소에서 배울거  기공실에소 배울거 다 따로 있다고 생각합니다. 연차가 쌓일수록 느끼겠지만 정년은 결국 나이먹고 자기보다  어린 소장 밑에서 일하면 끝나는거라고 생각하네요.  오너랑 대면하면서 일을 많이 하기 때문에 맨탈 적으로 힘듭니다. 잘 쓸려고 하지 않고요. 취직시 기공소나 기공실은 어디가 좋은지 나쁜지 알기가 힘들고 편한 일자리는 또 단점이 있습니다. 또 이 일은 어느정도 까지 올라가고 인정을 받을려면 다방면으로 잘해야되고 2년 3년 해서는 안된다는거죠. 고된길입니다.  제가 하고 싶은말은 어떤 직업이나 마찮가지 겠지만 기술직이기 때문에 특히 계획을 잘 짜고 잘 배워서 해야됩니다. 일찍끝나고 깨끗한것 편한것만 보고 자리 구하면 5년 7년 10년 뒤에 망합니다. 5년 정도 엄청 열심히 잘 해야됩니다. 열심히 보다 잘해야되요. 금전적 투자도 해야됩니다. 혼자일 때 말이죠. 글이 길어졌지만. 이건 제가 기공일을 10년 정도 하면서 느낀 것들입니다. 너무 부정적으로 쓴긴 했지만 부정적인면 많은건 어쩔 수 없네요 ㅠㅠ 학생분들 귀찮아도 기공소 수소문해서 견학 많이 해보세요. 요즘 너무 힘든데 모두 힘내서 화이팅 했으면 좋겠습니다. ||| 야근 없는 기공사라니,, ||| 기공소처럼 자주가 아닐뿐이지 야근 있겟죠",인물/블로그
SRGWOPHvPd4,잠깐 소통해요!,헌이의 일상 Jinun,은혜로우시다... 유튜브 많이 해주세요 얼굴 진짜 하나님의 축복이네요 할렐루야 아멘 ||| 와근데ㄹㅇ진짜잘생겻닼ㅋㅋㅋㅋㅋㅋㅋㅋㅋ ||| 순수한마음으러구독하고 갑니다 이건 순전히 전도사님이 잘생겨서 세상에 잘생김은 혼자 섭취하셔서이런거 때문이 아닌  순수한  믿음으로 구독하거 갑니다😭 ||| 다음세대의 빛과 소금 헌이전도사님빠링!! ||| 라이브 언제 했나요 ??  못봤어요 ㅜㅜ   사우디 아라비아 한국에도 다른 시간이 있어요  맛봤어요 ㅜㅜㅜㅜㅜㅜ,인물/블로그
Tml6rgI_dJI,[국세로그] 영상공모전 시상식 / 공무원 브이로그 / 국세청 브이로그,국세청,"감사합니다. ||| 할렐루야! 국세행정의 밝은 내일을위하여,모두모두 축하드립니다.좋아요^^ 국세청 홧-팅^^ ||| 나도 도전해봐야지",인물/블로그
geNUn9fCcLA,테슬라 모델3 까는 사람들이 꼭 봐야하는 영상 [이치프 리뷰],모트라인 MOTline,"연출인지 실제인지는 잘 모르겠지만, 기름 묻은 외모와 복장에다 친절한 설명 정말 최고 입니다. ||| 와 진짜 이치프님만 자동차 설명하는 채널이 따로 있었으면 좋겠습니다. 진짜 분석하시고 설명하시는게 그냥 영상으로 된 교과서 같아요 너무 좋은 경험과 지식들을 알려주셔서 감사드립니다. ||| 손흥민 선수 차도 많이 아시고 멋지네요 ||| 그냥 믿고 보는 이치프님. 그럴것이다. 이럴거다. 그래보인다. 추측따위로 범접할 수 없는 필드에서 쌓은 팩트만 전달하시는..극호 ||| 리뷰 너무나 잘 봤습니다. 감사합니다! 많은 M3 리뷰들을 봤지만, 영어, 한국어 포함, 이 차가 가지고 있는 장점을 가장 잘 설명해 주신 것 같습니다! 미국에서 M3를 사서 1년 4개월 째 타고 있는데, 설명해 주신 주행 안정성, 매일 누리고 있는데요, 저는 단순히 차 바닦을 깔고 있는 배터리로 인해, Center of Gravity 가 낮아서 그런줄 알았는데, M3가 갖고 있는 차체 설계상의 장점들에 대해서 새롭게 배우고 갑니다! 다시한번 감사합니다. 잘 봤습니다.",자동차/탈것
KpLMc7fa7EQ,"테슬라 모델3 오토파일럿, 최고의 안전장치! 스마트 서먼은?",ElectrochemK S,깜박이켜면 차선바꾸러 가다가 돌아오는것도 있던데.. ||| 스마트서먼은 제법 유용하고 신기한 기능 이기는 하나 추가 옵션 비용이 들어가는 만큼의 가성비를 갖고 있는지 의문입니다. ||| 내용은 참 좋은데 구독자가 천천히 늘고 있네요. 제가 홍보하겠습니다 ㅋㅋ ||| 미국은 도어포켓등 들어오나요? 롱레인지 한번도 안들어오던데..희한하네... ||| 그러게요 문짝의 앰비언트라이트는 왜 안되는 걸까요?,자동차/탈것
hdEhSvHeFV8,테슬라 모델3 오토파일럿 문제점,ElectrochemK S,"IT업계의 큰화두이면서 아무도 여기다 대고 대놓고 이건좀 아닌데요 하시기 힘들텐데요(유투브 조회수 때문에...^^) 정확한 상황을 짚어주셔서 대단히 감사하네요. 말씀하신것에 백퍼센트 공감하며, 반도체기술, 배터리 기술, 인공지능 및 데이터 처리 기술등이 자동차 특히 상업용트럭이 아닌 개인용 자동차에 자율주행이나 전기차는 아직 시기 상조며 10년정도 더 필요하다고 생각합니다(센서기술들이 자동차에 적용될만큼 안정적이거나 저렴해지지 않았습니다). 한 20년만 돌려보시면 항상 IT업계는 버블을 만들어 한탕하려는 세력들이 있고 이러한 세력들이 미디어와 업계를 묻지말고 가 식으로 몰고 간다고 봅니다. 반도체 입장에서 automotive는 그렇게 큰 시장도 아니고 성장성이 좋은 것도 아닌데 요즘 너무 버블이 끼는것 같습니다. ||| 전자제품으로 생각한다면 테슬라 사도된다고 봅니다. 그러나 생명과 관계되는 자동차라고 생각한다면 테슬라는 아직 아니다 라고 봅니다. 5년후에나 생각해봄직합니다.  단차 문제를 이해해 주는 분위기 이지만 이것은 완성도의 문제인데 이 완성도의 문제가 외관에만 있지는 않을것입니다 안전에 문제되는곳도 분명히 완성도에 문제가 있을것입니다 . 다른 회사 전기차 즉 현대차나 기존의 자동차회사의 전기차는 다를듯도 합니다만 ||| 테슬라의 자율주행이 최고인줄 알았더니 아니고 아직 갈길이 멀군요. 그래도 엘론의 꿈이 크니 계속 개선해 나가면서 좋아지겠지요. ||| 저 그래프가 맞는건지...사용ㅇ화는 하나도 못한 차들이 저 위에 있다고...진짜인건지....아닌건지 믿을수가 있어야지... ||| “좋아요”!",자동차/탈것
b0GbcOou2so,테슬라 모델3 주행느낌은? (반쪽짜리 주행느낌. 속도제한-모드 제한 걸려 있어서 제대로 느껴보진 못했습니다),mediaAUTO 미디어오토,형 구독자 8만 돌파 축하해요 형이 최고야 잘볼께요 ||| 8만 축하드립니다. 80만까지 쭉쭉~~ ||| 드뎌 8만.  얼른 10만 가자!!! ||| 형님 구독자 8만 격하게 축하드립니다^^ 2020년 한해도~ !!!!! 대 to the 박!!!!!!! ||| 장진택님 잘보고 있습니다. 항상 유쾌한 시승 영상 감사합니다!,자동차/탈것
RfKInaUChBU,자동차를 구독한다고?(feat.테슬라가 완벽한 이유),자동차읽어주는남자(carreadingman),차량에 대한 전문지식 뿐만아니라 산업까지 지식을 확장하는데 많은 도움이 되었습니다. ||| 좋은 정보 감사드립니다. 감사합니다. ||| 제목을 희한하게 지어서 다들 2편인지도 모르네; ㅠ,자동차/탈것
XmOm4sa3TLs,"$70,000 테슬라 vs $700 더블 드래곤",픽플러스,ㅋㅋㅋㅋㅋㅋㅋㅋ와 장면 장면 버릴게 없다ㅋㅋ 예능신도 돕는 돌멩이 리턴에ㅋㅋ ||| 2:07 편집이 병맛으로 변하는중 ㅋㅋㅋ ||| 더블드래곤이라길래 뭔가 생각해봤는데 쌍용ㅋㅋㅋㅋㅋㅋㅋㅋㅋㅋㅋㅋ ||| 00:05 스피더님 잠깐 딴생각한거 커엽 1:30 피터님 속 후련하겠어요 스피더님 때문에 ||| 쌍용차 유리가 이렇게 까지 단단할 줄이아...놀랍네요,자동차/탈것
XnD-bchCK0Q,테슬라 모델X 100d '오토파일럿은 진리였습니다' [터치스크린컨트롤 | 오토파일럿 | 남한산성],SHOWCAR | 쇼카스트리밍 ,자동차채널은 구독 잘 안하는데 이게 왠만한 리뷰채널보다 꿀잼이네 ㅋㅋㅋ 스킵할 구간이 없네 디테일하게 잘 아신다는 느낌이 너무 많이 옴. ||| 16:13 ㅋㅋㅋㅋㅋㅋㅋㅋㅋㅋㅋㅋㅋㅋㅋ ||| 진정한 충전의 노예가 될것같다. ||| 표지판 인식 안합니다. 네비게이션 지도의 도로 기준 속성정보를 인식합니다. ||| 내부 인터페이스가 젤 궁금했는데 키야.....미쳐따리,자동차/탈것
panYjho31e8,테슬라가 미국언론들에게 집중 공격당하는 이유는?,하쿠,"좋은 말씀 감사합니다. ||| 일반차에서 화재는 기름 찌꺼기에 불붙는 거지만 차량 배터리. 터지는 건 차원이 다른 거지 ||| 기존 정유사들은 자기 밥그릇 때문에 그러는 듯  그럼 지들이 투자를 하던가 ||| 자동차 산업은 정치 경제와 깊이 맞물려 있군요.. 세계를 움직이는 가장 강력한 힘 중 하나가 오일파워일텐데 그럼에도 친환경, 전기차 등이 빠르게 미래자동차로 제시되고 상용화되고 있는게 신기하네요 ||| 개인적인 생각은 말씀하긴 것처럼 기존 자동차 업체의 막강한 파워가 한몫 한다고 생각합니다. 그리고 또 하나는 경쟁 업체의 전기차 생산에 따른 장미빛 미래의 퇴색이라고 봅니다. 테슬라의 소프트웨어는 전기 자동차 메이커중 당연 최고 이지만 하드 웨어 측면에서는 완성도가 떨어집니다. 혼자만의 독보적인 전기 자동차 시대는 거의 끝났고 기존 자동차 업체 신규 업체들과의 무한 경쟁 시대가 왔지만 테슬라는 그들과의 전쟁에 준비가 덜 되어 있습니다. 만성적인 적자가 장미빛 미래가 커버하기에는 이제는 한계에 도달하지 않았을까 합니다. 장미빛에 실증이 난 언론 환상만 주는 테슬라에 더 이상 꿈에 대한 기사만 쓰지 않는 현실적 상황을 보는 언론도 있지 않을까 합니다",자동차/탈것
utTuOdo-nlM,테슬라 모델S 시승기 오토파일러 자율주행 입이 떡 20대 여자시점 주행리뷰,홍시car,"항상 홍시카 리뷰보면서 아쉬웠던게, 설명을 해주시는 부분을 보여주면 좋겠다라는 거였는데, 이번리뷰에서 그게 반영되서 그런지 너무 좋네요... 최강 현실감 있는 차량 리뷰 최고입니다 ||| 카메라가  늘어나는게  좋네요  자율주행하셨네요  ㅎㅎ  하나씩  발전하는  모습좋습니다  ㅎㅎ  홍시님분발하셔서 빨리  저차를  사시길  빕니다 ||| 말씀 너무잘하십니다 앞으로도 좋을말씀부탁드립니다^% ||| 구독했습니다 ||| 테슬라 전기차중 미래 지향적 디자인 차량 이만한건 없다고봅니다. 시승을 하게되셨군요. 그런데... 이런 고가차량은 리뷰를 외관 등등 더 자세하게 보여주셨으면 좋았을텐데... 저속에서 고속 풀악셀 하실때도 루디크러스 모드를 두고 주행하셨는지... 안하신것같은데 그거 모드도 설명해 주셨으면 좋았을것을... 뭔가 리뷰가 점점 갈수록 아쉬워지고있습니다. 나중에 쇼퍼드리븐 차량을 시승하게되신다면 리뷰하실때 좀 더 자세하게 설명해주셨으면 좋겠네요. BMW의 i시리즈 차량 처럼 미래에서 온 차량이 아닌지 생각이 들 정도로 대단하고 최근 테슬라에서 사이버 픽업까지 보여줄 정도면 말 다한거죠 영화에서 보던 미래가 현실로 다가오고있는 느낌 테슬라였습니다. 현재 시승해야될 차량들이 너무 많아서 테슬라 아직 시승못해봤지만 우선 해야될것들 하고서 신청해봐야겠네요. 영상은 뭐... 끝까지 다 보긴 했습니다... 어쨋든 그래도 응원은하겠습니다. 다음 영상 한번 기대하겠습니다.",자동차/탈것
T48oKWfR78E,"테슬라 모델3 업데이트, 딥러닝을 통한 발전속도",ElectrochemK S,이번에도 좋은내용 감사합니다 ||| 캬 내용 깊이가 느껴지네요 감사합니다.!!!구독 !! ||| 궁극적으로 레벨5 자율주행은 인간이 가지고 있는 모든 직관적 판단력을 소프트웨어가 완벽히 대신해야하니 향후 수십년이 걸릴 것 같네요. 그 때가 되면 사회가 엄청 변화되어 지금과는 전혀 다른 세상이 펼쳐지겠지요. ||| 잘봤습니다. ||| 잘 보고 있습니다 감사합니다,자동차/탈것
3eJxulpgPxw,테슬라 모델3 자율주행 가능한가?,ElectrochemK S,너무 사이다 말씀해주셔서 제가 다 시원합니다....^^ 데이터를 기반으로한 영상 감사합니다 ||| 좋은 내용 잘 봤습니다~ ||| 와우 ! 그냥 테슬라를 타본 시승기 정도의 내용이 아닌 상당히 학문적인 내용을 쉽게 설명하려고 애쓰신 흔적이 역력하군요. 앞으로도 이런 좋은 내용으로 부탁드려요. ||| 사람 흉내를내려면 다 내야지 이건마치 인간 애기를 태어나자 마자 관에 가둬놓고 귀막고 냄새구멍 막고 눈구멍만 뚫어서 맨날 사진만 보여주고 글로만 가르치는 격임 그렇게 한 20년 가르처 놓고 관에서 빼내서 호랑이랑 고양이를 실제로 갔다놓고 뭐가 호랑이냐 묻는격 그럼 그 사람은 호랑이의 위험을 똑 바로 인지할까,자동차/탈것
HtSkUbNbr8A,테슬라 모델 3 3시간 통합본 이 한편으로 완벽하게 재워드립니다!,오토기어 autogear - 자동차에 대한 모든 정보,"00:00 김드라님 와인딩 주행(feat. 와~ 이건뭐~) 19:36 테슬라 단차까기 영상(feat. 테슬라 뇌이징) 28:17 테슬라 하부 구조 분석 1부 49:27 바로 넘어가는 하부 구조 분석 2부 1:15:44 테슬라 자율주행이 레벨5? (feat.쇠교수님께서 알려주는 자율주행의 진실) 1:36:23 쇠교수님이 알려주시는 내연자동차 업체들이 다가오는 전기차 시장을 선도할 수 없는 이유 2:12:38 쇠교수님의 차력사 시간! 니콜라 테슬라, 일론 머스크 2:35:52 테슬라 모델3 기차양 시승기 (이 시승기 보고 본인도 테슬라 시승하고옴)   테슬라는 미래다. 인정! 오토기어는 현재이자 미래다♡ ||| 모델3 통합편 200만뷰 축하합니다~ 오토기어 최초 200만뷰!!!♡♡ ||| 6:20 극관성 모멘트에 대한 설명들이 아주 훌륭하십니다. 쉽게 얘기하자면 무게중심이 모여 있어서 회전관성저항이 적다는 얘기인데, 마치 피겨스케이트 선수가 앉아서 크게 회전하다 일어서게 되면 무게 중심이 모아져서 회전속도가 빨라지는 것과 비슷하겠지요. ||| 돈 있으면 사세요. 라는 명언을 남긴 리뷰죠. 200만뷰 축하합니다. ^^ ||| 정말 깊이 있는 시승기이네요. 이렇게 깊은 수준이 가능한 지 상상도 못했습니다.",자동차/탈것
ibFnAL_iUic,///테슬라 모델3/// 오토파일럿 출근길 다 보여주기. 하나도 안 자른 2배속 영상입니다.,Woo Jang,"00:32 스포티파이 앱 둘러보기, 회사로 내비찍고 시작 01:18 시내에서 오토파일럿으로 차선 바꾸기 02:14 오토파일럿 중에 자전거가 갑자기 끼어들었습니다 02:28 오토파일럿중 길거리에 주차된 차로 타려는 사람이 있을때 03:00 오토파일럿 차가 앞에 끼어들면 양보할까? 04:16 에어콘 바람 위치와 세기 조절 06:16 고속도로로 올라가며 자동으로 네비게이트 온 오토파일럿 활성화와 바로 자동 차선 변경 06:52 고속도로 램프 자동 변경 07:47 오토파일럿 자동 차선 변경 09:15 스포티파이 둘러보기 10:01 웹브라우저로 동네 날씨 알아보기 10:54 웹브라우저로 네이버 둘러보기 12:19 네비게이션 UI 앵글 돌려보기 12:44 오토파일럿 자동 차선 변경 (다른 모델 3 뒷따라가기) 12:57 빨리 달려오는 차들을 기다린 후 오토파일럿이 자동 차선 변경 15:11 웹브라우저에서 한글로 검색 16:35 테슬라 에너지 그래프 둘러보기 17:40 인공위성 지도보기 20:36 테슬라 노래방 살펴보기 (싸이 강남스타일) 25:45 핸드폰 블루투스로 연결하기 26:00 갑자기 스크린 제시작. 오토파일럿은 어떻게 될까? 36:20 트럭을 보내고 오토파일럿 자동 차선 변경 36:32 다시 차선변경 시도, 사라진 차선, 원래 차선으로 복귀 36:45 오토파일럿 중 갑자기 다른 차선에서 튀어나오는 차, 주의 메세지와 브레이크 밟아줌 37:00 테슬라한테 버그 리포트 하기 42:00 오토파일럿 자동 차선 변경 42:25 오토파일럿 자동 차선 변경 43:20 오토파일럿의 부드러운 더블 차선 변경 44:20 네비게이트 온 오토파일럿 직접 끔 44:24 오토파일럿을 풀고 고속도로 빠져나가기 44:52 테슬라 에너지 그래프 보기 ||| 1시간 30분 걸리는 출퇴근.. 하루에 3시간이 도로에서 버려지니 너무 아까운것 같아요. 오늘도 화이팅하세요 ||| 우장님 대박이네요... 단순히 주행영상이라기엔 테슬라 오토파일럿기능 시연영상과하이라이트, 광고같은느낌입니다 ㅎㅎ 항상우장님영상많이찾아보고있습니다! 4천구독자도축하드려요! ||| 정말 편하겠네요. 믿음이 확가는 전기차네요.  내가 다음에 꼭! 사야될차인듯 합니다. 영상고맙습니다. ||| 처음으로 댓글이란걸 씁니다. 우장님의 영상이 너무 좋아서... 과장 없이 순수하게 보여 주시는 일상의 화면이 너무 좋아요. 그 영상에 목소리가 너무 잘 어울리구요. 그저 더 다양한 영상을 기대해 봅니다. 센프란 시내의 이곳저곳 근교의 이곳 저곳을 좀더 많이 소개해 주세요. 물론 테슬라와 함께요. 저도 외국에 살고 있는데 서울로 들어 가면 꼭 테슬라를 사려고 산답니다.  응원합니다.",자동차/탈것
X8WcQssYQ1g,테슬라 또한번의 대박 방탄 싸이버 트럭공개 '아..이거 진짜 천잰데?!',자동차 미생 Auto Engineer American Life,앨런 머스크 화성개발 한다더니 화성에 수출할 차부터 만들었구먼.... ||| 신기술ㅋㅋ 발표도 신박함 일반인의 시각이 아닌 엔지니어의 시점에서 봐서 재밌었어요! ||| 이야.... 설명이 정말 고급지시면서 쉽습니다. 특히 냉연강판 설명 때 종이 접은 것과 구부린 것을 비유로 들며 사이버 트럭의 디자인을 이해시켜주실 때 감탄했습니다. ||| 재밌게 잘 보고 갑니다~^^ ||| 뭔가 우주적이면 서 없으면 시대에 뒤떨어진 것같은 넘나 앞서가는 멋지고 귀한 디자인!! !,자동차/탈것
JINqdnx5JmI,테슬라 모델3 어떤 타이어를 써야 하나?,ElectrochemK S,"형아 오프닝이 다르다 ^^* ||| 전문가시네요~ 다양한 분야에 전문적인 지식을 공유해주셔서 감사합니다~ 많은 도움이 되고 있습니다 ||| 좋은정보 감사합니다. ||| 영상 잘 봤습니다. 썸머, 윈터 타이어에 대한 상식을 처음 알았네요. 감사합니다. ||| 잘봤습니다. 퍼포먼스 20인치 한국은 윈터타이어 선택폭이 없네요 미쉐린 피넬리 두종류 뿐인듯하네요. 가격 참 섭섭한데 지갑도 퍼포먼스여야 하는데...... 제차는 내년 상반기에 인도 될꺼같은데 추워지면 윈터로 바꾸고 타야 맞겠네요. 다음편도 기대하며 기다리겠습니다. 감사합니다^^",자동차/탈것
pe85z-AHIVE,환장하는 모델3 출고 현장 (테슬라의 칠 까진 차 대처법),모트라인 MOTline,"이번 영상 촬영과 편집이 좀 조악합니다. 죄송합니다. 신차 구매 하실때 ""새차를 파는 사람들"" 그리고 ""아이나비 프리미엄스토어"" 많이 사랑해 주세요~!! ||| 터치업은 진짜 양아치다 진짜... ||| 무슨 단차조정이 서비스에 포함이 안돼 ㅋㅋㅋㅋㅋㅋㅋㅋㅋㅋㅋㅋㅋㅋㅋ 대놓고 단차 제품 내겠다는 의지 ㅋㅋㅋㅋㅋㅋㅋ ||| ㅋㅋㅋ차인수하러갔는데 차는 안보여주고 일단 싸인부터하라니 동네사채하는 어깨형님들도 저렇게 장사는 안하것다ㄷㄷㄷ 쌩 양아치가 따로없네.... ||| ""어떻게 씨발 문이 안맞지?"" ㅋㅋㅋ",자동차/탈것
lGsckSFxCPE,"1.4억의 가성비, 테슬라 모델S 90D 출고기 '세계최고 수준의 자율주행 오토파일럿'",SHOWCAR | 쇼카스트리밍 ,"영상 정독했습니다^^  스티어링휠 없는시대가 멀지 않았네요 ㅎ ||| 3:03 ""손 한번 넣어볼래?""  ""어우 이거 손 짤리게써;;;"" ㅋㅋㅋㅋ 07:41 테스트 ㅋ 항상 재밌게 잘 보고있습니다^^ ||| ""그게 더 슬펐어,,,"" ||| 7:33 그때 없던게 생겨났네 2:25에 보임ㅋㅋ ||| noa 는 법보다는 아직 kt맵이 허접해서 안되는걸로 알고 있어요 네비랑 연동인데.. 우리나란ㅊ구글맵잎안되서... 물론 아직 현재는 미국과 캐나다만 되지만...",자동차/탈것
9pMfwgYcVCQ,테슬라 모델X 이스터에그 | TESLA Model X - Dance LIGHT SHOW easter egg 'Merry Model X mas',SHOWCAR | 쇼카스트리밍 ,ㅋㅋㅋㅋㅋ 최고에요 웃다갑니다❤️👍🏻👍🏻 ||| 555!!! 신기~~배경 음악이 경쾌하네요~ 배경음악 알려주세요~~:) ||| 1빠🙂 ||| 어그로 저거 오졋다리..... 저거 타면 인싸된다.... 저거 타고 도로 한복판서 내리고싶다.... ||| 참 희안한 별기능이다있네ㅋㅋㅋㅋ,자동차/탈것
xWajxdbK8uc,테슬라 모델X 구입 [2020 Tesla ModelX] - 내가 전기차를 타는 이유,티아 Tia,인트로가 엄청 멋져졌네요 구독자 천명도 축하해요 ||| 저 러쉬아워에 합류하지 않는 것만으로도 전기차를 타고 싶은 가치가 충분할 거 같습니다 안전운행 하십시오 ||| 오 차 정말 예쁘네요. 요즘은 전기차가 정말 대세이긴 한 것 같더라고요. 럭셔리 자동차 브랜드들도 하나같이 다들 전기차 선보이느라 정신이 없더군요! ||| 차 넘 이쁘네요😍 전기차 관심 많은데 잘 보고 갑니당! ||| 차 정말 멋져요!! 전 비싸서 꿈도 못꾸지만 티아님 덕분에 잘 구경했네요~~,자동차/탈것
c53d13qwUDc,'차통' - 테슬라 모델S P100d  [자동차 리뷰] (19/02/18),뉴스토마토,,자동차/탈것
wy6pq7JVh9I,테슬라 모델3 브레이크 BMW M3보다 낫다?,ElectrochemK S,잘보고 있어요 ㅎㅎ항상 쉽게 설명해주셔서 감사합니다 실제 시승도 좋지만 몰랐던 사실을 많이 알게되서 좋아요 ㅎㅎ ||| 시승해보고 왔지만 급작스럽게 브레이크를 잡아야할때는 확실히 밀리더라구요 ||| 그래도 M3 브레이크가 훠어어어얼씬 좋슴돠~~ ||| 테슬라는 브레이크 페달을 자주 사용할 필요가 없다는 사실을 이제야 알았습니다. 그렇다면 브레이크 패드도 사용을 덜 할테니 유지비용도 절약되고 또 브레이크가 발전기의 역할도 하니 그야말로 꿩먹고 알먹기네요. 앞으로도 테슬라의 몰랐던 궁금한 사실들을 많이 알려주시기 바랍니다. ||| 실제로 퍼포먼스의 트랙모드에서는 회생제동을 훨씬 더 강하게 하는 것으로 알고 있습니다.,자동차/탈것
OGuN8FmKZ1o,테슬라 모델3 퍼포먼스 '내연기관의 끝을 알리는 차' [오토파일럿 | 팬텀브레이크 | 주행성능 | 남한산성 반자율주행],SHOWCAR | 쇼카스트리밍 ,소프트웨어 업데이트로 제로백이 빨라지는 차라니 ㅋㅋㅋㅋ 세상에 진짜 세상이 변하나보네요 ||| 10:40 부터 너무 재밌으시네요 ㅎㅎ ||| 리뷰 존나재밌네 ㅋㅋㅋㅋㅋㅋㅋㅋㅋ 동네형들이 하는거같아요 구독눌렀어요 ||| 재미있게 잘 봤습니다. 저는 롱레인지 모델 주문해 놓고 기다리는 중입니다. ㅋ~ ||| 드디어 단차 지랄안하고 성능리뷰가 나오네요 반가운 느낌 아주..ㅋㅋㅋㅋㅋㅋ,자동차/탈것
HvkFefPt6S0,"테슬라 모델3 타봤어요 (퍼포먼스, 디자인편, 상편, 디자인은 *LOW, 감자바쓰, 강창훈, 시승, 리뷰)",mediaAUTO 미디어오토,"19:53 기자님 찐표정 터졌다 ||| 졸렬슬라 말고 진택이형 다시 보러왔습니다 ||| 오우야 역시 장기자님 믿고 봅니다 ||| 테슬라 보러 왔다가 방울 모자의 유래까지 알고 갈 수 있는 채널...!!!👍 ||| 드디어 타보셨군요, 미디어오토에서 언제 모델3 해주시나 싶었어요👏👏👏",자동차/탈것
Anv3PUlmlTw,[Live] 테슬라 시승전 차세대 자동차 시장에 대한 소고♥,오토기어 autogear - 자동차에 대한 모든 정보,현재 소프트웨어 개발하고 있습니다. 쇠교수님은 그냥 이해하시는 정도가 아니라 핵심을 꿰고 계시군요. 대단하셔요. ||| 예전에.... 회사에서 쓰던 랩탑이 고장이 나서 수리 의뢰하다 결국 마지막에 고쳐주신분이 했던 말씀이 급 생각나내요....  IBM 씽크패드는 골수 엔지니어나  현장 아는 교수가 쓰는 거다.. 너는 누구냐... ㅋ 그 아저씨도 골수 엔지니어구나 싶었는데....  그 사람 말씀이  맞네요....  두분 존경 합니다.... ||| 두분의 전문지식에는 그 어느 누구도 따라올 분이 없을 것 같습니다. 지식나눔에 항상 감사할따름입니다. ||| 댓글 처음 답니다. 풍부한 지식으로 진솔한 방송 늘 잼있게 보고있습니다. 예전에 다른 자동차 리뷰를 봤었는데 오토기어는 신세계인것같습니다. 백만 구독자까지 힘내시고 앞으로도 좋은 방송 부탁드립니다. ||| 주말 야밤에 실시간 시청하는 분들 900명 넘기는 클라스. 고문님하고 대표님 같이해서 많은분들이 들어오신 듯,자동차/탈것
MwjewhKxLNE,테슬라 모델 3 어떻게 사는거야? 겟차가 알아봤습니다!,겟차 GETCHA,이 영상 보시고 직접 상담까지 받아보세요: http://bit.ly/2RWhTC7 ||| 패스트백 스타일 왜이리 이쁘지 ||| 오호라 테슬라를 방송하겠다아~ ||| 영상에 나오는 스포크휠은 추가금을 내는 것이 아니고 에어로휠 캡을 떼내면 나오는 휠 입니다 ||| 휠커버 떼어낸거랑 햇갈리신듯,자동차/탈것
HLFZl_YkwBE,보급형이 이 정도야? 테슬라 모델3 퍼포먼스,카24/7,,자동차/탈것
EY918M65os4,테슬라 모델3 오토 파일럿 문제점 라인,ElectrochemK S,,자동차/탈것
tpjiH8-Vr6g,1억2천만원짜리 전기차 테슬라는 과연 어떤차일까!,중사파[중고차를사고파는사람],,자동차/탈것
7Fvb1JL5DZI,지인 테슬라 자율주행 #테슬라 #오토파일럿 #테슬라오토파일럿,말티폼 구름이,,자동차/탈것
ObvxJ2zf5Y4,[테슬라 오토파일럿] - 스마트 서먼 (Tesla Smart Summon),chooning,참.대단하다 대단해 ||| 이게 사실 느리고 답답한데 비가 많이 오는 날에 야외 주차장이거나 아주 가끔 ㅋ 마트 갔을때 자기 차 어디 주차 했는지 까먹는 분들께는 참 요기나게 쓰입니다 근데 폭우 시에는 작동이 좀... 영상들이 약간 플렉스 식으로 자랑하는 영상이라서 영양가들이 없는 것들 뿐이지만 생각보다 괜찮은 기능이라 이용할 요소가 많아요 ㅋㅋ 느려서 기다리느니 직접 가서 타는게 빠르겠다 하겠지만 있으면 좋습니다 ㅋ ||| 한국인이 싫어하는 속도와 결말 ||| 무슨 무선조종 자동차같다ㅋㅋㅋㅋㅋ근데 바닥에있는 장애물도 다피해가고 비싼건 이유가있나봐요ㅋㅋㅋㅋㅋ ||| 비올때 비맞기싫으면 유용할듯,자동차/탈것
1zwib6KJLZ0,[19서울] 하반기 주문시작! 테슬라 모델3 둘러보기 [카랩/CARLAB],카랩 CARLAB,적어도 중앙 센터스크린 외에 (계기판이나 rpm 표시) led 클러스터를 모델s 처럼 넣어줘야 되지 않을까 싶네요... 아무리 중저가 차량이라지만 차가아니라 자동운전 택시? 느낌 입니다. ||| 그냥 중고차 딜러가 설명해주는 듯한 영상 ||| 구입하고싶은데요~ 지금 예약만 받구 있잖아용~~ 예약하구나서 정부지원금이라든지 등등 진행상황을 알수있을까요?? ㅠ ||| 6천짜리차가 전시차가 로고도 삐뚤게 붙혀있고 엄지손가락과 새끼손까락들어가는 차는 처음봅니다...팩토리 노하우가 몇년지나야 안정화 될듯.. 다음모델y가 기대됩니다 ||| 뭔가 영상 끝맺음이 이상한데?.. 무리가있고요 하고 가격안내문구 딱 뜨고 끝? 흠,자동차/탈것
O7eaGLEK_-0,[노이비TV]테슬라 일상 #수퍼차저 Daily Tesla in South Korea #Supercharger,노이비 NOYB,,자동차/탈것
yDOyerwLDnE,[울트라TV] 테슬라 업데이트 1편 [8.5버젼] -소프트 깜빡이 자동차선 변경편,울트라TV,제가 구입했던 2017년 12월과 2019년 4월의 오토파일럿 수준은 정말 많이 바뀌었습니다. 이런 업데이트가 가능한 게 너무너무 신기합니다. 점점 이런 식으로 자동차 산업 자체가 변화되길 기대해 봅니다 :)   나중엔 물리적인 부분도 추후 업데이트가 가능할 수 있으면 정말 좋겠어요!! (배터리 최신판으로 업데이트...... 욕심이 욕심이.. ㅋ) ||| 와...갓슬라... ||| 2019/05/01/수 - 지리네요! 요즘 테슬라 주문량이 많지 않아서 어려울 거라는 전망도 있던데 제발 오래 버텨주면 좋겠습니다. 테슬라가 선도하는 미래 모습이 다른 전기차의 귀감이 됩니다. ||| 와우~ 역시 테슬라네여 ||| 말 안했으면 사람이 했다고해도 믿을 정도입니다,자동차/탈것
nGZeYhtFKx0,죄송합니다 테슬라 다시 평가하겠습니다...,우파푸른하늘Woopa TV,앗 벌써!_! 쎈언니같이 나왔지만 그렇게 쎄진 않습니다 ㅋㅋ  우파님. 장매니저님 촬영 즐거웠습니다!!  편집도 캬 멋지네요~~ 담에 또 만나용^^ ||| 출연해주신 손지현님께 감사드립니다^^ ||| 차보다 가스총이 신세계네 ㅋㅋㅋㅋㅋㅋㅋㅋㅋㅋㅋ ||| 7:59 리얼 유쾌 낙천 긍정 쿨 아 이런 분 완전 좋음 ㅋ ㅋ ㅋ 어딜가도 분위기 조성하시는 분임!! 화이팅 구독하러갓어요 ㅎ ㅎ ||| 모델X 문 열렸을 땐 예쁜데 닫혔을 땐 너무 비누 같이 생겼어요,자동차/탈것
s2vB4p8AJ14,"머스탱 E vs 테슬라 모델 Y, 포드에서 최근 발표한 머스탱 전기차에 대해서",ElectrochemK S,새해 복 많이 받으세요~ ||| 잘 보고 있습니다! ||| 기술적으로 suv가 전기차 만들기가 편하다네요. 물론 더 잘팔리는것도 있지만 전기차는 배터리를 바닥에 깔고 보호를 위해 어느 정도 전고?를 확보 해야 되다보니 suv는 원래 전고가 높으니 여러면에서 쉽고 해서 많이 나오는것도 있다고  하더라고요.  테슬라야 처음부터 전기차부터 하던 회사니  플렛폼 자체가 전기차 전용으로 나와서 그런 배터리보호 라던지 여러가지 문제가 다 해결이 되서  세단도 잘 나온다고 어느 유튭에서 본 기억이 있어요. ||| 새해복많이 받으세요 ||| 스포츠 전기차를 만들면 기존모델이 죽을것 같으니 다른 시장을 전기차로 내서 기존 스포츠 내연기관시장을 유지할려는 뜻인것 같습니다. 잘해도 좋고 안되도 기존내연기관 스포츠카시장이 손실을 안보는거죠.    만약 스포츠 전기차가 잘되버리면 내연기관 시장을 놓치고 안되버리면 시장 둘다 놓칠수 있었니까요.,자동차/탈것
wmEGdXq6ql4,#0026 오이오이 테슬라 모델3 외부 마감 꽤나 좋지않은가!,Electronic Beauty,,자동차/탈것
CP7Eq0iJJJc,///테슬라 모델3/// 충전없이 장기간 주차 괜찮을까요? 2주 동안 지켜보았습니다. 팬텀 드레인,Woo Jang,"우장님. 좋은 정보 감사 합니다. 안 그래도 하루 주차해 두면 1% 정도 배터리 손실이 있어서 이게 정상인 건지 아닌지 궁금했었는데 이제 궁금증이 해소 되었네요. 항상 감사하며 구독하고 있습니다. ||| 겨울철 공항 외부 주차의경우는 잘생각해봐야겠네요. ||| 저도 여러번 2주 정도 충전기 안꼽고 간적있는데 sentry mode 끄고, 앱도 어디 가있는동안 확인 안하면 하루에 1% 정도 떨어지는거 같아요. 앱으로 차 확인할때마다 wake up 때문에 배터리 소모되고, 아주 더운 여름에 밖에 주차하면 종종 배터리 cooling하려 모터 돌아가서 배터리 더 떨어집니다.   저번주에 일주일 공항 밖 주차장에 80마일 남기고 (근처에 차져가 없어 어쩔수 없이...) 출장 갔다왔는데 돌아오니 64마일 남았더라구요. Sentry mode 켜 놓으면 하루에 10마일 이상 떨어집니다 ㅠ ||| 궁금했던 내용중에 하나였는대 가려운곳을  긁어 주시는군요ㅋ ||| 안녕하세요~ 우장님~ 저도 드디어 한국에서 11월 15일 모델3 인도 받습니다~ 부탁좀 드릴께요~ 센트리모드 도 실험해주세요~ 감시모드는 얼마나 배터리 소모하는지 알고 싶습니다~블랙 박스를 달아야 할지 고민입니다.  감시모드가 너무 배터리소모가 많으면 블박을 달아야 할거 같고...센트리모드 가 변수(차 주변에 사물이 많이 왔다 갔다)가 있지만 그래도 실험좀 부탁드려요~부탁합니다~",자동차/탈것
I9xpnJay_TE,제로백 3.2초 '보급형' 전기차 테슬라 모델 3를 만나봤습니다 (2019 서울모터쇼 #3),겟차 GETCHA,갖고픈 모델 ||| 진짜 포르쉐 닮앗네 전면 ||| 내년은 되야 한국에 들어올텐데... 보조금 받을 수나 있을라나.... ||| 제로백 3.2초ㄷㄷㄷ ||| 보조금모르겠고 얼른들어와라,자동차/탈것
mVkRydBO8pM,"테슬라 모델3의 저렴한 유지비, 암울한 카센터의 미래 그리고 딥 레인 업데이트",ElectrochemK S,"ㅋ. 돈앞에 장사 없다. 세계인 모두에게 맞는 얘기네요. 헌데 테슬라가 안전에 신경을 많이 쓴 차일 것 같은데 에어백에 관한 얘기는 없네요. ||| 정비공은 참 믿을 만한곳 찾기가 힘들죠.. 타이어만 갈아도 볼트를 어찌나 꽉 조여놓는지, 토크 생각은 안하고 그냥 막 조여놓고..이런 기본적인것도 제대로 안하는 곳이 태반인데 아주 잘 됬네요. 악담은 아니고 또 믿고 잘하는곳도 있긴합니다. 극히 드물긴하지만요 ㅎㅎ 잘보고갑니다! ||| 1:19초 쯤에 있는  테슬라S 유지비  6,073$ ???  맞는건가요? ||| 한국의 일반 아파트에서 전기충전기 사업자의 완속충전기로 40kw를 충전하는 비용이 약 1560원정도이고 전용제휴신용카드할인까지 하면 1040원정도 나오네요. 이제 보름정도지났는데 지금까지 충전료로 1040원    지불했습니다. 슈퍼차저(현재 무료)와 완속충전기(심야충전)로 적절하게 사용한다면 한달에 5000원이 넘지 않을 듯 합니다. 일반 휘발류 차량으로는 약25만원 정도 지출되었는데 모델3는 너무 저렴하네요. ||| 에고~ 새차일텐데 마음이 많이 아팠겠어요  그래도 덕분에 테슬라 바디앞부분 내부구조를 자세히 공부할 수 있는 기회가 되었군요 수리는 깨끗하게 하기 쉬운가요? 앞펌퍼 통채교체가 안 되는것 같은데요???",자동차/탈것
mNFYcJcrdSw,"테슬라 모델3때문에 파업한 GM, 전기차는 메이저 자동차 업체들을 위협합니다.",ElectrochemK S,"믿고 보고 듣는소식!~ 감사해요 ^^ ||| 영상~원따봉👍 ||| 한해 마무리 잘 하시고, 새해 복 많이 받으세요. 항상 좋은 정보 감사합니다. ||| 항상 잘보고 있습니다. 매번 유익한 내용인지라 광고를 앞이나 중간에 붙이셔도 기꺼이 다 보고 시청할께요. ||| 와 섬네일 넘 멋지네요 인트로 영상도 넘 멋지구요  ~~ 짱짱 더욱 흥하시길 바랍니다 ^^",자동차/탈것
7F-eEGXah2c,[PT] 테슬라 모델3(TESLA MODEL 3) - 제주를 즐기는 가장 멋진 드라이브,29CM이십구센티미터,"이벤트 신청완료 ||| 응모했어요~ 테슬라도 정말 좋아하지만 개인적으로 드론관련 업무도 하고 있어서 제주가게되면 꼭 촬영도 해보고싶네요 ||| 이런 멋진 캠페인이!!! 응모했습니다 :) ||| 테슬라타고 제주도를 누리고싶습니다!! 응모완료했습니다 ||| 음악도 너무 좋은데, 어떤 곡인지 좀 알려주셔요~ :)",자동차/탈것
6xyp-C8NsqU,[노이비TV]테슬라 일상 #제로백 Daily Tesla in South Korea #acceleration #shorts,노이비 NOYB,,자동차/탈것
r3iCQmtHKTE,481회. 자동차 보험에서 자기신체사고(자손)와 자동차상해(자상)의 차이가 궁금합니다.,한문철 TV,"오늘도 좋은 공부 하고 갑니다 ^^ 보통 자동차 보험 들때 자손 자상 다같이 들어가 있겟죠? ㅎㅎㅎ 따로따로 별도로 가입 하는게 아니겟죠 ? 보통은 자동차 보험 들면 그냥 드는가 봅다 하지 일일이 따지진 않는것 같아요^^;; ||| 자동차상해로  가입하는게 좋아요  보험료  차이도 얼마안납니다  처음에 몰랐다가 자기신체 보다 자동차상해가 훨씬 좋은걸 알고나서부터는  무조건  자상으로 가입합니다    자상은 사고시  입원하면  일못한 손해입은  금액까지  보상받을수  있습니다  좀 더 구체적인거는 인터넷 검색으로 쉽게  이해 하실수 있습니다 ||| 저거 진짜 중요한부분인게  제가 예전에 운전하다가 단독사고로 대퇴골 골절을 당했습니다. 처음에는 폐쇄성 골절이라는 진단을 받고 수술을 진행했는데, 수술과정에서 분쇄골절로 진단명이 바뀌게 되었지요..  여기서 분쇄골절과 폐쇄성 골절을 추가적으로 설명하면 폐쇄성 골절은 뼈가 부러져서 밖으로 안튀어나오고 그냥 두동강이 난걸 폐쇄성 골절이라고 부릅니다.  그리고 여기서 분쇄골절은 뭐냐면, 뼈가 두조각이상 즉,하나의 뼈가 두동강이아닌 3조각이상 여러조각으로 부러지는 경우를 말합니다...  이게 웃긴게 제가 자손1500만원 한도로 보상을 받을수 있게 가입 했던데 허벅지뼈가 뿌러져서 걸음은 커녕 침대밑으로 내려가는것도 힘든지경인데 똑같은 골절이라도 자손 약관상 분쇄골절이 아니면 1급부상이 아니라서 2급부상 금액인 750만원정도만 병원비가 나온다고 하더라구요... 만약 자동차상해로 가입했더라면 1500만원 부상정도에 상관없이 치료비가 나온다고 하더라구요...  나중에 수술하다가 병원측 잘못인지 진단 오류인지는 모르겠지만 폐쇄성 골절로만 진단이 나왔을경우 저는 큰 낭패를 볼뻔했습니다.  수술하고5일차에 건강보험 적용안된 대학병원 병원비가 930만원 이였거든요... 자동차사고로 입원한거라 건강보험 미적용이였고, 저는 치료비를 전액 자비로 지불할뻔했습니다... 1년동안 병원에 입원과 통원 재수술을 진행하면서 8개월정도지나니깐 1500만원 보상받고도 돈이 모자라서 나중에는 건강보험공단에서 직원분이 찾아오셔서 건강보험으로 전환시켜주셨는데, 진짜 자동차상해로 보험 안들은거 엄청 후회했습니다...  주작이라고 안믿으실분들이 계시겠지만 보험은 무조껀 자동차상해로 가입하세요...  추천을 넘어서 강요드리고 싶을정도로 중요합니다... ||| 변호사님 정말 감사드려요~ 사회초년생이라 이제 막 차를 끌기 시작했고, 자동차보험도 제가 잘 살펴서 선택하는 시기가 왔는데 도대체 뭐가 뭔지 몰라서 계속 서치 중에 변호사님 영상을 보고 많은 도움을 받았습니다~:) 친절한 설명 감사합니다~ ||| 좋은정보 감사합니다 오늘 보험사에 전화해서 바꿔야겠네요.",자동차/탈것
Eoq65DHpuFw,차박사TV 2회_자동차 배터리 방전시 점프선 사용!진짜 주의 해야 할것은? Caution when to use  jumper cable  with battery discharge.,차박사TV,"배터리 방전 시 점프선 연결 방법 초보자도 알기 쉽도록 최고로 자세하고 알기쉽게 설명해주셨네요! 감사합니다 ^^ 바로 이렇게 차근 차근 설명을 해줘야 초보자도 잘 따라할 수 있죠. 최고십니다!! ||| 박  명장  그분보다 더 실력이  일취월장  하심니다, 정 말 로  존경 스럽습니다  꾸벅,, ||| 박사님. 처음부터 다시보고있어요. 지금은 더욱더. 설명도 잘하시고  여유로운 웃음에 감사합니다  환절기 건강조심하세요 ||| 차체가 마이너스라 플러스를 격리하는 느낌으로 하는게 안전합니다. 이론적으론 순서는 크게 상관없겠지만, 마이너스 연결후에 실수로라도 플러스 뒹굴다가 차체에 닿으면 합선인지라... 연결땐 플러스 먼저 붙여서 마이너스가 돌아댕겨도 안전하게, 해제때는 마이너스를 먼저 떼어서 나뒹굴어도 안전하게 인셈이죵. 차량메뉴얼에도 있습니다. 플러스먼저연결 마이너스 먼저 해제. ||| 거의 모든 보험사의 배터리충전 출동차량 기사들은 도착하자마자 시동을 끄지 않고 켜져있는 상태에서 케이블 연결시켜놓고 방전된 차량의 시동을 거는 경우가 다반사 입니다. 몇차례 반복 했더니 여지 없이 ECU 가 burn out 되었고 교체 하였답니다. 차박사님의 강의를 다시 한번 주의 깊게 보고나니 깨닫게 되어 감사드립니다. 차박사님 올해도 건승하세요..",자동차/탈것
eikJCuj2b5Q,자동차 배터리 방전 됐을 때 점프선 연결하는 방법!,스피드메이트,"제저사 메뉴얼 따르는게 가장 안전함. 1.정상 차량 시동 끈다 2.정상 차량 + 잡고 방전 차량 + 연결 다음에 정상 치량 - 잡고 방전 차량 차체에 연결 3.정상 차량 시동걸고 액셀 밟아서 rpm2000~3000 사이 두 번해준다. 4.방전 차량 시동 건다 5.2번 과정의 역순으로 케이블 선 제거하기 ||| 상세한 설명, 감사합니다. ||| 잘 보고 점프하였습니다. 도움많이되었습니다. ||| 유익한 정보 감사드립니다. ||| 좋은 정보 감사드려요!",자동차/탈것
-s085uqn1WQ,유럽 자동차 여행 하면서 본 국산 자동차 리뷰 ( feat 볼보 XC90 ),윤키라이드,외국인들은 얼마나 오랫동안 고장없이 탈 수 있냐가 중요해요. 그래서 내구성있게 만들면 더 많이 팔 수 있습니다. 유럽에서는 이미 한국차가 일본차보다 많이 팔리죠. ||| 이런 유럽시장에서 국산차 내용 좋네요 시장 분석이나 현대 매출에 관련해서도 도움이 되었습니다 ~ ||| 확실히 같은차인데도 법의차이로 인한 차의 상태가 다른것 같네요 유럽은 아연도금 범위가 크고 법으로 인해 강제적으로 되있어야 한다 들었습니다 구아방이 저렇게 멀쩡히 돌아댕기는거보니 확실히 수출형과 내수형의 차이가 많이 나는거 같아서 유럽의 환경이 부러워지네요 물론 최근 국내차들도 예전보다 아연도금 범위가 커지고 기본기가 많이 좋아졌다 하지만.. 아직은 마감도 그렇고 디테일이 떨어지는건 어쩔수없네요 ||| 애국가BGM 뭉클하네요 잘봤습니다^^ ||| 2:41 매장직원들:하다하다 자동차매장에 관광을 오네...,자동차/탈것
488Wz8JGLa0,자동차 흠집제거 컴파운드 일반인 사용법 자동차 흠집제거제 기스제거제 사용방법,하이퍼쉴드,"구입해서 잘 쓰고 있습니다. 질문 있는데요.  1. 소광 현상이 있는 부분을 작업할 때 저먼 패드의 검은색 부분을 사용해서 작업해도 되는지요? 또는 스폴같은 다목적 타월로도 작업 가능한지요?  2. 조금 깊은 흠집을 제거할 때, 슈퍼파인글로스 타월 말고, 저먼 패드의 오렌지색 부분을 사용한 다음, 검은색 부분으로 마무리해도 되는지요? 아니면 스폴같은 다목적 타월로 작업한 후, 저먼 패드의 검은색 부분으로 마무리해도 되는지요? ||| 목소리가 참 좋으세용 ||| 광고보고 사서 해봤더니 지워지기는 커녕 오히려 더욱 안지워지고 차만 몹쓰게 괴더군요 비싼 거금주고 샀는데 광고에 속아서 속어 문드러질 정도임 이영상보니 공감이갑니다 ||| 보고보고 또 보고   폴리싱 기계  사고싶어지는  영상 ㅎㅎ  팔  힘으로  안될것같은  지난번 휠 기스도  반은  남았어요  아마도  덜 문질러서  그런거 같아서  포기 해었다는 ..  ㅜㅜ ||| 마트에서 구입한 컴파운드로 이물질을 제거한뒤에 보니까 영상처럼 소광된것이 보이는데 영상속 제품으로 깨끗하게 되는것을 보았습니다 마트용으로 심한 흠집을 제거후 소광된 부분을 이제품(3000방)으로 사용하면 되겠네요",자동차/탈것
QmT2sywLntI,"[광고] 현대자동차 GRANDEUR(그랜저) 런칭_2020 성공에 관하여, '유튜버' 편 (60's)",현대자동차 (hyundai korea),옛날 그랜저의 이미지는 성공한 사람들이 타는 차라는 이미지가 강했는데   이 광고는 그랜저의 기존 이미지를 다시 떠오르게 해주는 광고네요 ||| 아들내미보다 차를 먼저 보러가시넼ㅋㅋㅋㅋ 그랜저=성공 이미지를 나름 잘 표현했네요.ㅋ ||| 엄마 이거 60개월 할부야 ||| 어머니 차옆에서 춤추시는게 젤웃기네 ㅋㅋㅋㅋㅋ ||| 엄마가 차쓰다듬으면서 이렇게 좋은차가 있냐고 할때 몸에 닭살 돋았다 ㅋㅋㅋㅋㅋㅋㅋㅋㅋㅋㅋ,자동차/탈것
r3iCQmtHKTE,481회. 자동차 보험에서 자기신체사고(자손)와 자동차상해(자상)의 차이가 궁금합니다.,한문철 TV,"오늘도 좋은 공부 하고 갑니다 ^^ 보통 자동차 보험 들때 자손 자상 다같이 들어가 있겟죠? ㅎㅎㅎ 따로따로 별도로 가입 하는게 아니겟죠 ? 보통은 자동차 보험 들면 그냥 드는가 봅다 하지 일일이 따지진 않는것 같아요^^;; ||| 자동차상해로  가입하는게 좋아요  보험료  차이도 얼마안납니다  처음에 몰랐다가 자기신체 보다 자동차상해가 훨씬 좋은걸 알고나서부터는  무조건  자상으로 가입합니다    자상은 사고시  입원하면  일못한 손해입은  금액까지  보상받을수  있습니다  좀 더 구체적인거는 인터넷 검색으로 쉽게  이해 하실수 있습니다 ||| 저거 진짜 중요한부분인게  제가 예전에 운전하다가 단독사고로 대퇴골 골절을 당했습니다. 처음에는 폐쇄성 골절이라는 진단을 받고 수술을 진행했는데, 수술과정에서 분쇄골절로 진단명이 바뀌게 되었지요..  여기서 분쇄골절과 폐쇄성 골절을 추가적으로 설명하면 폐쇄성 골절은 뼈가 부러져서 밖으로 안튀어나오고 그냥 두동강이 난걸 폐쇄성 골절이라고 부릅니다.  그리고 여기서 분쇄골절은 뭐냐면, 뼈가 두조각이상 즉,하나의 뼈가 두동강이아닌 3조각이상 여러조각으로 부러지는 경우를 말합니다...  이게 웃긴게 제가 자손1500만원 한도로 보상을 받을수 있게 가입 했던데 허벅지뼈가 뿌러져서 걸음은 커녕 침대밑으로 내려가는것도 힘든지경인데 똑같은 골절이라도 자손 약관상 분쇄골절이 아니면 1급부상이 아니라서 2급부상 금액인 750만원정도만 병원비가 나온다고 하더라구요... 만약 자동차상해로 가입했더라면 1500만원 부상정도에 상관없이 치료비가 나온다고 하더라구요...  나중에 수술하다가 병원측 잘못인지 진단 오류인지는 모르겠지만 폐쇄성 골절로만 진단이 나왔을경우 저는 큰 낭패를 볼뻔했습니다.  수술하고5일차에 건강보험 적용안된 대학병원 병원비가 930만원 이였거든요... 자동차사고로 입원한거라 건강보험 미적용이였고, 저는 치료비를 전액 자비로 지불할뻔했습니다... 1년동안 병원에 입원과 통원 재수술을 진행하면서 8개월정도지나니깐 1500만원 보상받고도 돈이 모자라서 나중에는 건강보험공단에서 직원분이 찾아오셔서 건강보험으로 전환시켜주셨는데, 진짜 자동차상해로 보험 안들은거 엄청 후회했습니다...  주작이라고 안믿으실분들이 계시겠지만 보험은 무조껀 자동차상해로 가입하세요...  추천을 넘어서 강요드리고 싶을정도로 중요합니다... ||| 변호사님 정말 감사드려요~ 사회초년생이라 이제 막 차를 끌기 시작했고, 자동차보험도 제가 잘 살펴서 선택하는 시기가 왔는데 도대체 뭐가 뭔지 몰라서 계속 서치 중에 변호사님 영상을 보고 많은 도움을 받았습니다~:) 친절한 설명 감사합니다~ ||| 좋은정보 감사합니다 오늘 보험사에 전화해서 바꿔야겠네요.",자동차/탈것
_isZlT1wVpo,현대자동차: 쏘나타 디지털 SONATA #4 Built in Cam,이노션 INNOCEAN,,자동차/탈것
cFMTydHgudc,[광고] 현대자동차 쏘나타 센슈어스 런칭 필름 (30's),현대자동차 (hyundai korea),와.. 진짜 제일 좋아하는 광고입니다... ||| 마네킹도 쏘나타 센슈어스 보고 신나게 운전하는 상상하게 한다는걸 보여준듯 ||| 멈춰있는 차량을 속도를 내고 있는듯한 촬영기법이 인상적입니다. ||| 광고 하나는 끝내주게 잘 만들었네... ||| 진짜 광고 정말 잘 뽑았다. 와..  이정도면 예술인데 ... 우와 정말 잘 뽑았다.,자동차/탈것
OVxAjymCLqc,차량 자가 관리법 0순위 엔진오일 레벨 체크하는 법 - 자동차 쉽게 알려주는 형 제레미킴,자동차 잇츠 제레미 Car It's Jeremy,"감사합니다!!! ||| 젊은 사람 인상 꽤 좋네요,백만불짜리 미소! ||| 출근전(완전냉간)에 체크를 할경우에는 F 에 거의 찍혀야 하는건가요? ||| 밤새 주차후 시동걸기전 엔진오일 체크해도 되나요? ||| 시동켜두고 찍으면안되나요",자동차/탈것
zioG3MBQsyE,"[자가정비] 자동차 에어컨 가스 및 냉매 보충, 누수방지제 주입 / SM5 임프레션 /존슨에어컨 / (셀프정비 DIY)",귀여운친구 (자가정비 1단),"2:20 냉매 완충 에어컨가동시 5도 까지 내려감 2:43 냉매 보충후에도 시원하지 않으면 컨덴서를 교환해야함 3:28 커플러 탈거시에는 밸브를 잠거야한다. 안잠그면 캔않의 내용물(오일과 가스가)이 튄다 3:45 ||| 수고하셨습니다  감사합니다 ||| 요즘, 날씨가 많이 더워서 차 탈때마다 힘들더라구요. 이 영상보고 저도 해봐야 겠어요. ||| 올...좋은 정보 인데요..감사합니다..방송 잘 보고 있습니다^^ ||| 잘보고갑니다  감사합니다",자동차/탈것
F2SK6pHrOVA,"[광고] 현대자동차 더 뉴 그랜저, 티저 (The new Grandeur, Teaser)",현대자동차 (hyundai korea),"무난무난하게 만들면 다른 브랜드 다 베껴서 섞어놨다고 까고 독창적으로 만들면 이상하다고 까고... 자동차 역사만 백년이 넘고 현존하는 브랜드, 차종이 몇갠데  독창적이면서 모두의 마음에 들게 하는게 얼마나 힘든건지 생각해보길 모두가 좋아할 만한 무난하게 이쁜 디자인은 이미 다른 회사들이 다 쓰고 있음 ig가 그런 디자인인데 막상 미국을 비롯한 해외에서는 안먹힘 나왔을 때 못생겼다던 yf소나타나 벨로스터 코나 같은 차들이 미국에서 제일 잘팔린 현대차들이라는거 그게 전 세계 브랜드가 모여서 각축을 벌이는 시장 소비자들의 눈높이임 ||| 와...이거보니까 ig는 그냥 구형 느낌이 바로드네 ㅋㅋㅋㅋㅋㅋㅋ 역시 현대가 까여도 그랜저는 그랜저... 판매량 1등 할겁니다..멋지다. ||| 앞모습이 상당히 파격적인데 거부감이 들 정도는 아니라서 나쁘지 않은듯 ||| 똑같은 내용인데 네이버하고 유튜브하고 반응이 왜이렇게 다르니 재밌네ㅋㅋㅋㅋ ||| 그렌저는 현대의 자존심이라는 말이 딱 맞네.. 와...ㅗㅜㅑ..",자동차/탈것
h-A02nPrxhc,전기차시대 일본자동차회사들의 몰락 조짐이 보인다,하쿠,"자동차 정비사로서 100% 동의는 할수없지만 , 한국이 어쩜 일본과의 전기차 경쟁에서 앞설 기회 일거 같습니다.  한국기업 화이팅 입니다. ||| 난 한국이 세계 여러 분야에서 두각을 나타낸다는 말을 전혀 실감 못하다가 일본이 저렇게까지 한국을 극도로 의식하는걸 보면 한국이 곧 일본을 추월할 수 있는 단계까지 왔나 싶어서 흐뭇합니다 옛날엔 신경도 안쓰더니 말입니다 ||| 중국이 전기차에 집중하는 이유는 진립장벽이 낮기때문이기도하고 심각한 대기오염개선의 목적도 있으며 전국민을 감시하기위한 목적도 있습니다. 전기차는 전지제품화될것입니다. 자율운행 그리고 각종 전자센서 및 새금납부를 위한 통제기술이 들어가겠죠. 이는 전기차를 타고다니는 모든 인민을 실시간 이중 삼중 감시 한다는의미죠. 전략적으로는 전기차에 들어가는 핵심원료가 희토류입니다. 희토류전쟁 아시죠? 일본에 희토류수출 금지해서 일주일만에 항복시킨거. 배터리시장 대폭 확대되면 희토류 수출을 무기로 써먹을수있지요. 몰런 희토류는 말그대로 희귀한 원소는 아닙니다. 전세계에 있지만 문제는 채취과정에 심각한 환경오염을 일으키기에 주로 증국에서 수입하거든요. 따라서 희토류를 필요로하지않는 배터리 소재 개발되지않은한 전기차 무한보급은 위험합니다. 또한 전기생산을 위해 화석연료를 태우거나 원자력을 써야하므로 이것도 친환경이라 할수없습니다. 반면 수소는 석유정제과정이나 특수 소재반응 일으켜 생산 가능하므로 규묘의 경제만 뒷받침되면 수소가 훨씬 낫습니다. 우리나라가 수소차에 집중하는것도 좋은 방향이지요. 유럽 역시 전기차가 친환경이라고 보지 않습니다. ||| 딴지는 아닌데요.   전기차 시대는 아직 요원 합니다.  배터리 문제가  가장 큽니다.  날씨가 영하로 떨어지면  평소 배터리 성능의 70 퍼센트 밖에  내지 못하는데다   히터까지 돌리면  한번 충전으로 주행 거리가 엄청  짧아 집니다.  두번째는  배터리가  자동차 가격에서 차지하는 비율이 너무 커서  사고나서 배터리가 고장 나면   그냥  새차 사는게  나을 정도 입니다.  그리고 가장 큰 이유는  셰일 혁명으로  사우디 메리카 가 된  미국이 본격적으로  셰일 오일과 가스를 수출 하는데  전기차를  밀어 줄 이유가 없지요.   이제  사우디 제치고  산유국 중  1등 입니다.    일런 머스크가  테슬라 공장을  중국에 지은 거 아세요?   트럼프가  할리 데이비슨이  유럽의 관세 때문에  해외로 공장 옮긴다고 했을때 트윗으로  얼마나 욕을 했는데요.  그런데  일런 머스크가  전기 자동차 공장을  중국에 짓는데도 아무런 제재를 안했습니다.   전기 자동차는  중국이  헛 돈 쓰도록  유도한  미국의  작전 입니다.   그건 마치  레이건 시절의 스타워즈하고 같은 개념입니다.      미국이  파리 기후 협정에서 탈퇴한 후  석탄도  열심히 채굴해서  발전용으로 쓰고 있습니다.    500년 넘게 쓸 정도로 많은 셰일 오일이 있는데  뭐가 답답해서 미국이 전기차로  바꿀까요?  미국이  전세계 자동차 시장을 선도 하는 건 아시죠?  미국에서 전기차가 대 유행이 되지 않는 한 전기차에 올인 할 이유 없습니다.   앞으로  가솔린 자동차는 쭈욱 달릴 겁니다. ||| 아닌거 같은데. 일본이 전기차로 본격전환을 안한 이유가 내연기관 시장을 무시하고 가기엔 너무 이르기 때문이겠지. 밧데리 성능과 수명 가격등 응 고려 했을때 말이지.",자동차/탈것
JWnoH-th85E,"밥심? 뚝심? 고집? 이래서 한국인, 한국인 하는거지! 현대자동차의 역사 [자동차 역사 / 현대 편]",카메오TV [CARMEO TV],"지리 ||| 도요타에는 렉서스가 있고 렉서스 전용 서비스센터가 있는데.  왜 한국의 제네시스는 제네시스 전용 서비스 센터가 없어서  현대자동차서비스센터를 가야하는가? 전용 서비스 센터를 가야 비로써 프리미엄 브랜드 아닐까 싶네요? ||| 애증의 현대죠 ㅠㅠ 이번영상 목소리는 또 다르네요? ||| 포니1을 무슨 71년에... 콘텐츠가 무슨 대통령실 뻥 같네. ||| 파워볼손흥민 라이브방송 보고 진지하게 퇴사 고민중,,,,,ㅋㅋㅋㅋ",자동차/탈것
_EZRAwveiWI,"현대자동차가 일본에서 살아남는 법, 최대 경쟁자는 도요타자동차",하쿠,우리나라가 소니 휴대폰 안쓰는거랑 똑같은거에요 자국제품보다 비슷하거나 낮은데 누가삼 거기다 일본놈들은 한국제품 잘안삼 삼성휴대폰도 잘안팔리잖아요 ||| 우리도 중국차 잘 안사는데 일본인들은 어련할까 ||| 일본차 비해 현저히 가성비가 좋은것도 아닌데 딱히...  그냥 다른나라 가자 ||| 그닥 신박한 아이디어는 아니네요. 현대차가 일본에서 실패한 원인이 영상에서 장점이라 나열하신 부분인데 말입니다.  우선 이것만 말씀드릴께요. 일본은 세계적으로 선진국 이지만 일본인들은 굉장히 고지식하고 보수적입니다.  생각이 바뀌질 않습니다.  우리가 느끼는 한국의 위상과 일본이 느끼는 한국은 하늘과 땅 차이죠.  현대는 혼다의 짝퉁 브렌드라고 생각 하며(H) 한국수준은 중국하고 별만 차이 없다고 생각 합니다. 실제로 한국이 어디 붙어있는지 모르는 사람들 꾀 많아요. 진짜~  일본 사람들이 일본에서 타는 차는 철저하게 실용을 우선 합니다. 수출도 안하고 일본에서 만 타는 차가 대부분인점에서 알 수 있죠. 실내 고급소재 차량의 외형적 넓이 조용함.. 완죤 잘못 집으신 겁니다.  일본 도로 한번 달려보시면 좁은 소인국 도로에 깜놀 하실겁니다.  오로지 하나에요. 가격....    도로 법상 차의 크기나 엔진 성능에 따라 세금이 천차만별 이기때문에  한국차 그대로 승부하기에는 많은 문제가 있을겁니다.  제가 볼땐 한 20년은 더 있어야 합니다.,자동차/탈것
5lj6DSnK2mk,자동차 퓨즈 입출력선 쉽게 구분하는 방법 - 아재모터스,TOPDAILY Biz,어렵게만생각됐던걸 쉽게 알기좋게 알려주시니 너무좋네요 영상잘보고 있습니다 ||| 오 새로안 사실입니다 고맙습니다~~ ||| 이거 진짜로 중요한 내용인데.. 뭣도 모르고 그냥 휴즈 아무대나 선 꼬아서 다이하는 사람들 많음. 그래서 영상 따봉 누르고 갑니다!!! ||| 정말 감사합니다. 궁금하고 어려운 것들 쉽게 설명해주시니까 정말 좋네요. 구독 때리고 갑니다. ||| 한쪽 입력선이 오른쪽에 있으면 모든 입력선이 다 오른쪽에 있나요? 아님 하나하나 확인해야되나요?,자동차/탈것
VN_AsAFxDms,"자동차 튜닝 규제 완화! 앞으로 이렇게 달라집니다(10월14일부터 전조등,보조발판 튜닝규제 완화)",국토교통부,"규제 완화 찬성, 꾸준한 모니터링이 필요하다 등 규제 완화에 대해 비교적 긍정적인 반응도 있었으나,  캠핑부분 조금 빼고는 진전이 없는 것 같다, 규제를 풀어주고 위법을 쎄게 잡는게 좋을거 같다 등 완화 더 확대해야 한다는 등의  의견이 나뉘고 규제가 미약하거나 규제 폐지 등을 요구하는 국민 의견에 대해 자동차안전과 관련된 부분 등은 규제를 완전히 풀 수 없는 부분이고,  그 외 부분 등은 업계와 소비자 의견 등을 반영해 나가겠습니다. ||| 버킷시트 관련 규제 빠른 재정비 해주십시요. 대한민국 서킷다니는차, 경주차들 대부분 범법자로 만드는 자동차관리법.       사실상 불가능하게 만들어놓은 시험인증서 제도.  전면 재정비를 촉구합니다. ||| 아무리 완화를 한다고 해도 검사받을때나 단속시에 귀에 걸면 귀걸이 코에 걸면 코걸이 입니다...검사원들이 안된다면 안되고 단속되도 이거 합법이라 했다 그래도 그사람 맘에 안들면 불법인게 대한민국 자동차 문화죠... ||| 다른건 모르겠고 제발 FIA인증 받은 제품은 합법이 됬으면 좋겠네요 한국 튜닝 규제법은 아직도 달팽이마냥 기어가고 이해할수없는 규제가 너무 많습니다 버킷시트에 4점식 이상 벨트를 달고 타는게 순정시트보다 안전한데 없던 규제가 왜 갑자기 생겨서 불법화됬는지 모르겠네요 ||| 튜닝 문화에 힘써주시는 마스타님  항상 감사합니다~",자동차/탈것
QzSPOm6SFcM,일본자동차가 미국에서 한국자동차보다 인기있는 이유. 첫번째 시간,하쿠,"토요타 공장에서 조업하는거보면 깨끗한 작업장에서 규정에 따른 작업을 하고 안전화  안전모 보안경과 작업복 동일하게 착용하고 일함 근무 중 사적인 통화나 이어폰끼고 음악듣거나 스마트폰 보는게 금지..조업에만 집중해야함 현기차는 등산복이든 추리닝이든 복장도 제각각  이어폰끼고 음악, 드라마, 유튜브보고 일하고 일도 몰아주기로 빨리빨리 끝내고 푹 쉬고 ㅋㅋ  만화책 보며 일하는 인간도 있고.. 근무 자세와 환경이 이리 차이가 나는데 토요타가 잔고장 없고 좋은 차로 세계를 휩쓸고 있지.. ||| 현대 노조인원들이 휴대폰보면서 차만드는 장면보다가 닛산에서 GTR엔진 조립하는 장인을 보고 퀄리티가 다른게 아주 자알 느껴지더이다 ||| 딴거없다. 미국은 as가 힘들고 비싸서 고장 잘나는 차 손절이다. ||| 솔직히 차를 국가보고 결정해야 되는거냐 그냥 실용성 품질 가격을 보고 사는거지 도요타를 많이 사는건 실용성이 좋고 품질이 좋으니 사는거지 일본차여서 사는거냐 ||| 유튜브 보면서 차만드니까 그렇지",자동차/탈것
MkZh5xvlOaQ,자동차 와이퍼 교체 안하고 갈아버렸습니다 [와이퍼 연마 클리너] - 아재모터스,TOPDAILY Biz,영상 잘보고있습니다~ 어떤제품인지 궁금합니다^^,자동차/탈것
lkHUBBFekWo,"현대차·기아차, 자동차 빌트인 타입 전동 스쿠터 공개",CARTVNEWS by 교통뉴스,이것도 옵션인가 차량에 두면 자동으로 충전 되는 것가,자동차/탈것
OyncbmlUVvs,"[1분 제네바] PAL-V 리버티, 하늘을 나는 자동차",글로벌오토뉴스 Global Auto News,,자동차/탈것
488Wz8JGLa0,자동차 흠집제거 컴파운드 일반인 사용법 자동차 흠집제거제 기스제거제 사용방법,하이퍼쉴드,"구입해서 잘 쓰고 있습니다. 질문 있는데요.  1. 소광 현상이 있는 부분을 작업할 때 저먼 패드의 검은색 부분을 사용해서 작업해도 되는지요? 또는 스폴같은 다목적 타월로도 작업 가능한지요?  2. 조금 깊은 흠집을 제거할 때, 슈퍼파인글로스 타월 말고, 저먼 패드의 오렌지색 부분을 사용한 다음, 검은색 부분으로 마무리해도 되는지요? 아니면 스폴같은 다목적 타월로 작업한 후, 저먼 패드의 검은색 부분으로 마무리해도 되는지요? ||| 목소리가 참 좋으세용 ||| 광고보고 사서 해봤더니 지워지기는 커녕 오히려 더욱 안지워지고 차만 몹쓰게 괴더군요 비싼 거금주고 샀는데 광고에 속아서 속어 문드러질 정도임 이영상보니 공감이갑니다 ||| 보고보고 또 보고   폴리싱 기계  사고싶어지는  영상 ㅎㅎ  팔  힘으로  안될것같은  지난번 휠 기스도  반은  남았어요  아마도  덜 문질러서  그런거 같아서  포기 해었다는 ..  ㅜㅜ ||| 마트에서 구입한 컴파운드로 이물질을 제거한뒤에 보니까 영상처럼 소광된것이 보이는데 영상속 제품으로 깨끗하게 되는것을 보았습니다 마트용으로 심한 흠집을 제거후 소광된 부분을 이제품(3000방)으로 사용하면 되겠네요",자동차/탈것
TL8lUo2LRAs,[인투엠] 자신에게 꼭 필요한 자동차 에어컨필터는 무엇일까? 가심비 100% 살리는 제품 선택법!!,인투엠_intoM,사용해 보니 엄청 좋아요.. 강추합니다.. 사장님의 열정을 응원합니다 ||| 사장님의 무한 필터사랑.... 믿고 사용해도 좋으실듯 합니다.. 완전 강추합니다,자동차/탈것
H9uPZ6jndN4,자동차 튜닝 및 관리에 대한 모든것!,카라TV,,자동차/탈것
GD4rXct0DOk,자동차 튜닝 검사 고민되는 분들 보세요,지산카센터 ,타공로터 흡기 배기 많은 정보 얻었습니다 ^^ ||| 항상 건강하세요 형님^^ ||| 요새 튜닝할까 생각하고 있었는데 도움이 많이 되었습니다ㅎㅎ 감사합니다! ||| 튜닝 정말 멋 있네요🎉🎉😅😅,자동차/탈것
dG0xSzsDllE,연비와 반응속도를 되살려주는 센서 3종 BPS AFS IATS 세척하는 법.,Hungry DiY,"디젤 흡기매니폴드 크리닝하는 방법 https://youtu.be/YlVGoUr3K3Y 혼자하는 자가정비 더 보러가기 https://youtube.com/playlist?list=PLDFMlbGoNZfk01mbP5Uy12bNHzO_2xtfn ||| 와~ 이분  쓸대없는 서론없이 완전히 필요한정보만 ...최고의 영상입니다,ㅎㅎ ||| 자가정비 지침 유튜버의 정석이올시다 허허 원리와 분해 방법 및 조립 토크까지 상세하네요. 추천. ||| 이런 유튜버 흥해야한다. 말그대로  선한 영향력임 ||| 와...  정말 설명 핵심과 군더더기 없이, 거기다가 세심함 작업요령까지! 내용도 너무 좋치만 지금까지 본 영상중에 최고의 설명스킬 이었습니다. 학원 선생님이 었으면 크게 되셨을것 같습니다. 구독 합니다.",자동차/탈것
6nynbzaFkuQ,[#자동차관리] 휘발유!! 잘못 넣으면 고장난다고?  차량별 휘발유에 대해서 제대로 알려드립니다!,호주정비사Mechanic Stan,호주의 정유 산업과 자동차 주유에 대하여 잘 배웠습니다. 머나먼 타국에서 호주정비사님이 원하고 바라는 꿈 이루시기를 응원합니다! 파이팅! ^^ ||| 와우 너무 유익한정보네요~~ 편집실력도 나날이 늘고계신거같습니다 ~~^^ ||| 유익한 동영상 감사합니다! 같은 정비사로서 응원합니다! ||| 좋은 정보 영상 잘보고 가요 주말 즐겁게 보내세요 ||| 좋은 영상 감사합니다 ㅎㅎ,자동차/탈것
BTKsRmF0VaA,진짜 비싼 코팅제 써봤자 아무 의미 없습니다 (돈만 날리는 거예요),지산카센터 ,"🌻 대기업 중고차 경매 구매 대행 카카오톡 상담채널 : https://heymanz.com/bbs/board.php?bo_table=people&wr_id=2539 ||| 시기 적절한 아주 좋은 영상 감사합니다 ^^ 늘 응원합니다 화이팅!! ||| 오늘도 좋은 영상 감사합니다. 냉각수 & 부동액 교환을 늦출수록 내부 녹발생 부식에 의해 연식이 오래된 자동차일수록수록  1.연비 떨어짐   2.출력 저하   3.엔진오일,밋션오일 수명 단축 => 그로 인해 엔진 열화로 인한 오일 산화 및 점도  수명이 줄어들면서 카본 슬러지 발생, 엔진 오일 펌프 순환 방해, 엔진 울컥거림,엔진부조,미션 변속 슬립 충격 발생 이후부터는 미션 입력,출력 센서들 오작동 및 엔진에 있는 여러 센서들 카본에 의해 오작등하면서수명도 줄어듬  4.냉각수 온도센서(써모스켓)부식으로 고착되어 엔진 및 미션의 냉각을 원활히 시켜 주지 못해 이상 증상 발생하기  시작하는데 이걸 일부 기사님들이 미션이나 엔진을 교환해야 한다고 부추기는건 => 수리비 폭탄 맞을수 있음 5.냉각수 부식 발생 되기시작하면 엔진 헤드가스켓 수명 단축으로 엔진 오일과 친구가 되기도 해서 엔진고장남 6.냉각수 녹발생 부식 상태로 장기 운행시 엔진오일 수명 단축으로 열화에 의한 카본 슬러지 누적에 의해 엔진 잠바 가스켓 산화로 엔진오일 누유의 원인이 되기도함 7.타이밍 밸트 교환시 워터펌프 미교환시에는 위의 내용으로 수명이 더 빨리 단축되어 워터펌프 부식이 더 빨리 진행됨 8.최종적으로 모든건 연비로 열심히 돈 들어갑니다.  =>  평소의 2~3배까지 들어갑니다 ※예로 정상 연비일때 1L당 10Km 일때 1L당 서서히 8Km~5Km이하까지도 떨어지기 시작합니다 ※냉각수 관리 중요합니다 또한 2년에 한번 교환해도 10만원 이라해도 비싼게 아니라는 사실 차종에 따라 다르겠지만 10년 이상된 차량들은 냉각수 관리만 잘해도 연비상승,엔진오일 산화,열화 예방으로 수명 연장, 미션 오일도 쇳가루, 미션 필터 막힘 예방, 슬러지 발생 예방 및 수명 연장으로 변속이 부드러워집니다 06년 쎄라토 4단 오토 1.6 가솔린  218,5000Km주행중  제 자가정비 실전 경험담입니다.  지금도 5년이상 진행중이구요. ||| 🎂선생님 1만 돌파 넘넘 축하드려요🎂🎉 매 영상마다 좋은 정보 항상 감사드려요 선생님 영상 보면서 점점 차알못을 벗어나고 있어요😆😆 영상 계획하랴 업로드하랴 바쁘실텐데  건강 항상 유의하시구요 좋은 일만 가득하시길 바랍니다☺️☺️ ||| 꼭 체크해볼께요~ 자세히설명해주셔서 다알거같아요^^😁 감사합니다 지산님^^",자동차/탈것
AmzDbRyt-No,봄철 자동차 관리방법,아낌없이 주는 나무 ,,자동차/탈것
M66FVUNvusk,자동차관리의 중요성 유리막코팅후 차량상태를확인해보자,CW디테일링,비가 2틀이나 왔는데 물때자국이 안보이네요...역시 꿜리티장난 아닙니다~ ||| 쉬팅이  싸라있네요 ||| 비 맞앗는데 먼지 자국도 없다는게 말이 돼나..??? 유리막해도 본넷이나 평면은 물이 조금식 남아 잇어서 세차 안햇다면 그위로 먼지가 묻어 샇일텐데,자동차/탈것
lyR35IcfDcY,"'스탑 앤 고' 차량의 배터리, 이렇게 관리하세요! (AGM 배터리 관리법)",모텍 Motech,"수많은 AGM배터리 설명을 봤는데 가장 핵심을 간단하게 설명해줬네요. 역시 최고~ ||| 아.. 베터리 초기화 안하고 갈았던 나의 AGM 로케뜨 베터리.. 1년 6개월 쓰고 방전되고, 주행해도 충전이 안되서 교체했더랬죠.    ㅠㅠㅠㅠ 이 영상 2년만 빨리 찍어주시지!!! ㅋㅋㅋ  좋은내용 감사합니다! ||| 우와 영상내용을 진작에 알았더라면 회사동료 배터리 교체비용 세이브 할수있었을텐데  새로운 지식 습득잘하고 갑니다~ ||| 치프님 정말 많이 배워갑니다~ ^^/ ||| 완전 꿀팁이네요 ㅎㅎ . 전압안정기  음극 부분을 그래서 차대에다 달라구 하는거였군요 .ㅋㅋㅋㅋㅋㅋ",자동차/탈것
swtUDtekI58,에어컨냄새 히터냄새 완벽하게 제거하는 방법 곰팡이 박멸 노하우,현직정비사TV,어제 여행가다 냄새가 심해서 방금 복귀해서 그대로 해봤는데 와 감탄 나옵니다 2탄에 송풍구 먼지 제거까지 다음주에 해볼라구요 좋은 정보 감사합니다 ||| 바로 본론과 결말이군요 너무 좋아요~ 구독합니다~ ||| 이런 진작에 구독할걸 왜?  몰랐을까... 유익한 정보 고맙습니다~ ||| 역대 자동차 관련 모든 동영상 중 최고로 유익~^^ ||| 잠오는 목소리시지만 효과는 잠이 확 깨네요!! 감사합니다~,자동차/탈것
FpOl5f8aUz0,[부산덴트초이] 자동차에 왁스를 꼭 발라야만 하는 이유,덴트초이,"단순하고   시간도둑질을 안하는 훌룡한 유투버 입니다 ㆍ ||| 이 분, 양심적이고 베테랑 찐 이시네요. ||| 다른 세차 유튜버들은 장사하고 돈벌려고 하는느낌 많이 나는데 유일하게 정말 진심이 느껴지는 분이세요. 진짜 베테랑이 하는것 같슴. ||| 세차 유튜버들 보면 왜 왁스를 해야되는지에 대한 설명은 1도없고 협찬받은 제품들 홍보하기 급급한데 이분은 진짜 왜 해야되는지 직접 기스도 내보시면서 설명 잘해주시네요 최고입니다",자동차/탈것
lGCSTZEFpoI,봄철자동차관리 요령,아낌없이 주는 나무 ,,자동차/탈것
Ua34OIsnEFA,자동차 가죽시트에 바세린을 바르면??,스칸대디Riel,"안녕 하세요~ 양산WG디테일링 입니다. 프로지만 유튜브 다른분들의 영상 간혹 둘러 보고 의견을 올려 봅니다.바세린을 사용해도 되는건 맞습니다만, 영상 초반부에 물티슈를 사용을  하시는데.이염이 생길수 있는 부분 입니다. 가죽은 염색가공처리 하는 품목이라 점에서 물티슈로 문지르지 마세요~! ||| 실제 가죽 케어 제품중엔 바셀린 베이스에 다른 유효성분을 추가해 만들어지는 것들도 있어서 괜찮은 방법 같습니다. 발라주고 30분 정도 지나서 번들거리는 남은 바셀린을 깨끗이 닦아내주면 가죽 컨디션은 많이 회복되고 끈적이거나 미끄럽지도 않을 겁니다. ||| 주름은 갈라져서 생기는 거라서 필러를  먼저 채워넣어야 해요. 그리고 도색작업을 해야하는거죠. 바세린으로는 반짝 광택내주고 좀 부드럽게 해주죠.  직접 돈만이안들이고 할만하네요. 영상 감사합니다. 👍👍👍👍👏👏👏👏 ||| 오 저희부부랑 같은 생각을 가지신 분이군..ㅋㅋ 세차는 비가 해주는거졐ㅋㅋㅋ ||| 일반 식용유와 밀랍을 섞어서 발라주면 더 좋아요. 밀랍은 당연히 녹여야 되고 녹으면 식용유랑 잘 섞으면 됩니다. 둘이 섞고 나서 굳었을때 농도는 입술에 바르는 립밤 느낌정도? 나면 됩니다. 둘의 비율은 밀랍3 오일1 입니다.  이렇게 하고 시트에 바르면 오일이 1차적으로 시트에 묻어서 보호막을 씌우고 밀랍이 그걸 한번 더 씌웁니다. 사람이 앉고 하면서 지워지긴 하지만 오일만 바르는것 보다는 오래 가요.  밀랍 구하기 힘들면 파라핀(양초) 사셔서 발라주고 허옇게 된거는 헤어드라이어 같은걸로 뜨거운 바람 살짝 해주면 없어 집니다. ㅋㅋㅋ 대부분의 가죽코팅제들이 이렇습니다...",자동차/탈것
MbzW13XmjRw,"자동차 월동준비 2탄!!_겨울철 차량관리 꿀팁 대방출!!(냉각수,워셔액,공기압,스노우체인등 모든것을 알려드립니다)",내 차가 알고 싶다,대단해요 영상감사합니다 몸건강하세요 꿀팁이내요.,자동차/탈것
JZYkjpgQuig,봄철   자동차 타이어 관리 및 세차,아낌없이 주는 나무 ,,자동차/탈것
d3ixDqNmGeY,장기주차 배터리 방전 고민되는 분들 보세요 (시동 끝내줍니다),지산카센터 ,"🌻 중고차 구입 카카오톡 상담채널 : https://heymanz.com/bbs/board.php?bo_table=people&wr_id=2539 🌻 2019년부터 92000명이 함께하는 중고차 경매 대행 → https://www.band.us/band/75260195/post/72 ||| 👍👍항상 최고~~ 건강조심하시고요 감사합니다. ||| 배터리는 충전지라는 말이 이해하기에 좋았습니다. 더운데 영상 찍느라 고생많으셨어요~ 차주 예비차주님들을 위한 좋은 정보 오늘도 감사합니다~! ||| 배터리 분리, 실내 퓨즈박스 off, 키로 문열기! 많은 노하우가 집약된 영상 입니다! 그 만큼 많은분들이 알아가시길 바랍니다. 더운데 고생하셨습니다! ||| 좋은 정보 감사합니다!",자동차/탈것
HVeuIoC2-SE,61회. 음주운전으로 면허취소된 거 살릴 수 있을까?,한문철 TV,조심운전 안전운전  재확인운전 집중운전 하겠습니다~~감사합니다  덕분입니다 ||| 감사합니다  덕분입니다  엄지척입니다  늘 항상 지키고 또 지키겠습니다 ||| 생계형이든 아니든 절대 구제 안해줍니다. 요즘 나라가 돈도 없고 벌금벌이라도 해야될판이고 음주운전 사회적으로도 말많죠~   300만원 넘게 뜯어가는 행정사도 있고 사기꾼들 진짜 많습니다. ||| 영상 잘올려주시니 좋네요ㅎㅎ ||| 생계형이면 생계형 아닌사람들보다 더엄격해야하는거 아닌가,자동차/탈것
oX4WzmCVTz8,최고의 가성비 중고차 사는 법,지산카센터 ,"🌻 중고차 구입 카카오톡 상담채널 →  https://heymanz.com/bbs/board.php?bo_table=people&wr_id=2539 🌻 2019년부터 92,000명이 함께하는 중고차 경매 대행 → https://www.band.us/band/75260195/post/72 ||| 사장님 너무말씀잘하샤서 많은분들이 도움받을것같네요 응원합니다!! ||| 동영상 잘 보고 갑니다. ^^ ||| 몰입이 잘 됩니다 감사합니다 ||| 동영상 감사합니다.",자동차/탈것
kSW4PKuowYg,엄청난 주차사고,도깨비,와 피해차량 분 진짜 최대한 옆으로 딱 붙어서 다른 차량 주차하기 쉽게 해놓으셨는데 그걸 또 박냐..... ||| 와ㅋㅋㅋㅋㅋ 지차 긁혔는지 먼저보는거보고 갱생이 불가능함을 느낌 ||| 옆차 인성좋게 매너주차까지 딱 해놨구만 저따위로 주차하네 ㅋㅋㅋㅋㅋㅋ ||| 이정도면 스스로 면허 반납하고 버스나 타고 다녀라 ....  운전도 기본적으로 타고 나는 부분이 있는데 안되는놈은 안되는거임 ||| 내가 암만 주차를 잘해도 저런 물건들이 존재하는 이상 피하기는 힘들다....,자동차/탈것
5VkJmKW0EZw,대쉬보드 커버로 관리 끝?! 대쉬보드 청소방법 + 꿀팁! / CAR DASHBOARD CLEANING [ 차업차득 ],차업차득,저는 송풍구 사이 닦을때 비케몰 틈새솔 쓰는데 괜찮습니다 ||| 반말로 가르쳐주시는거...저는 좋습니다 이상한 사족없이 시원시원하십니다 ||| 맛집은 그 가게의 본연의 맛을 추구했을 때 맛집아니겠습니까. 이것저것 다 의견을 반영하려다 보면 아무것도 아닌게 될 수 있어요. 륜쌩님의 텐션으로 영상 즐겁게하게 보고있습니다. ||| 궁금한게 동튜브는 누굴 말하는건가요? ||| 편하게 친구가 가르쳐준다고 생각함 되는거지 뭔 태클이 ㅠ,자동차/탈것
uX5vwpQXPCg,차량관리,비리번,,자동차/탈것
1dOUQidAWVE,엔진내부 작동영상,조이공방의 하루,"이걸 보며 엔진오일의 중요성 깨달음 ||| 엔진이 작동하는걸 보여주는 엔진이 또 있구나. ||| 진짜로 평속주행시 이렇게 저속으로 움직이는줄 아는사람도 있을듯한데   이해를 돕기위한 영상이고  실제는 어마무시합니다 실제작동영상을 보시면 엔진오일교환의 중요성을 알게됩니다 ||| 이해를 돕기위해서 ㅈㄴ 평화롭게 움직이는거지 실제로는 공회전만해도 분당 500번은 움직이는거임... 엔진오일 제발 주기적으로 교체합시다 ||| 일반 도시가스사업 제조소 및 공급소의 가스발생설비 또는 가스정제설비를 자동으로 제어하는 장치,비상용 조명설비 등에는 정전 등에 의하여 그 설비의 기능이 상실되지 않도록 설치하는 비상전력설비의 종류를 쓰시오. 스팀터빈 구동발전 엔진 구동발전 자가발전 축전지 장치 타처 공급전력",자동차/탈것
_QTXEDmA5mQ,초보운전 스티커 제거 초간단제거 꿀팁,후후,"원래 이방법이 아니라 집에 쓰시는 행주를 위에 놓고 그위에 뜨거운물을 부어주고 10분뒤 떼면 떨어지는겁니다 저렇게하면 물이 스며들려면 한참부어야해요~^^ ||| 와 행주로 해도 안 됐는데  다 필요없고 이방법이 짱이네요 ㅜ 한번에 떼졌어여 감사합니다 ||| 겨울 및 다소 조심해야 하는 방법이네요 ㅎㅎ;; ||| 오 저도 해봐야겠어요 ||| 팔팔 끓는 물인지, 아님 정수기 뜨거운 물 정도로도 돠는 것인지요?!! 울 딸래미가 '아기가 타고있어요' 스티커를 떼라고 난리네요!!  자기는 아기 아니라고 ㅠ",자동차/탈것
YY7ZsvhcKc0,'엔진룸 청소 방법' 이렇게 하면 좋습니다,지산카센터 ,엔진룸 청소에 대한 정보입니다.   미세먼지 또한 기계에 악영향을 끼칩니다. 본네트를 열고 엔진룸안을 1년에 4번정도 고압 에어컨으로 청소하시면 됩니다. 그런후 장갑이나 걸레로 닦아주면 좋습니다.  절대 물청소 하시면 않됩니다.(센서가 많기  때문에)  실내공기에어크리너의 경우는 툭툭 가볍게 쳐주시면서 먼지를 털어내시고 장착하시면 됩니다. 엔진 흡기에어 엘리먼트의 경우는 고압 에어컨으로 청소 하셔도 됩니다. (앞뒤골고루) 그런후 다시 장착하세요.  마지막으로 베더리(축전지) 단자 부분의 청결을 유지해주세요. 납이기 때문에 백녹이나 청녹이 발생할수 있습니다.  오늘도 공부 잘 하고 갑니다. 지산님. 유익한 정보 감사드립니다. ^^ ||| 일반인들이 알기 어려운 정보인데 엄청 친절하게 알려주시네요ㅎㅎ 좋아요!!! ||| 늘 유용한 정보 감사합니다. ||| 오늘 엔진룸 청소 잘하였습니다. 좋은 영상으로 정보 주셔서 너무나도 감사합니다. ||| 영상 잘 봤습니다.   좋은 정보 감사합니다.,자동차/탈것
vs27AtUKkMo,[자동차상식] 예방이 ‘최선’..겨울철 차량관리 제대로 하려면...,자동차 뉴스 Top News,,자동차/탈것
U4rdRhztaas,"'자동차 에어컨' 작동 원리, 관리 방법",지산카센터 ,에어컨 계통 이해하기 쉽게 설명해서 잘 듣고 보고 갑니다. ^^ ||| 사장님. 잘시청했습니다. 감사합니다. ||| 그림때문에 이해가 쉽네요 좋습니다!! ||| 시원한 바람 나오게 하는 에어컨 관리법! 1.에어컨 덴서를 깨끗하게 청소해야 합니다. (에어컨에서 냄새가 심하면 벌써 곰팡이가 생긴겁니다. 어바포레이터에 곰팡이제거를 위해 정비소 방문 하세요!)  2.에어컨 덕트와 에바포레이터에 곰팡이가 발생되지 않게 합시다. (예방 방법은 집에 거의 도착 하기전에 에어컨 스위치를 끄고 블로워라는 선풍기로 덕트 내부를 말려야 합니다. 최소 3분 정도입니다.)  마지막에 그림을 확대해서 보여주셔서 참 좋습니다. 이해하는데 큰 도움 되었습니다. 소중한 정보 귀한 영상 감사드립니다. 지산님. ^^ 늘 복 넘치는 나날 도세요. ||| 내용 잘봤습니다.  차량 에어컨 냄새때문인데요  신나게 냉방운전하다가 에바쪽 결로 습기부분은 에어컨끄고 바로 히터틀면 싹다 순식간에 말라버리겠네요... 맞나요?,자동차/탈것
wKWuyNCA4lU,[SEMA] 미국 사람들이 자동차 튜닝에 열광하는 이유??,카24/7,,자동차/탈것
5lj6DSnK2mk,자동차 퓨즈 입출력선 쉽게 구분하는 방법 - 아재모터스,TOPDAILY Biz,어렵게만생각됐던걸 쉽게 알기좋게 알려주시니 너무좋네요 영상잘보고 있습니다 ||| 오 새로안 사실입니다 고맙습니다~~ ||| 이거 진짜로 중요한 내용인데.. 뭣도 모르고 그냥 휴즈 아무대나 선 꼬아서 다이하는 사람들 많음. 그래서 영상 따봉 누르고 갑니다!!! ||| 정말 감사합니다. 궁금하고 어려운 것들 쉽게 설명해주시니까 정말 좋네요. 구독 때리고 갑니다. ||| 한쪽 입력선이 오른쪽에 있으면 모든 입력선이 다 오른쪽에 있나요? 아님 하나하나 확인해야되나요?,자동차/탈것
CM6hEFTy9Pw,벤츠 180 디젤 커먼레일 차량 노킹소리 수리,익산 디젤 카 서비스 ,,자동차/탈것
Go1vLV41kCA,자동차세차 종류 및 장점,아낌없이 주는 나무 ,,자동차/탈것
lwuYF-xJpZc,"403회. 회사차량 운전하다 사고시, 개인에게도 불이익이 있을까요?",한문철 TV,회사차운전시 사고나면 회사에서 가입한 보험으로 처리하고 보험료 할증은 회사가 할증됩니다 그러나 과태료는 보통 개인이 내는걸로 합니다 단 회사에서 경비처리하는 경우도 있지만 작은 회사일수록 과태료는 개인이 납부하게 합니다 ||| 회사통근버스를 따로 마련한후에 버스기사를 따로 고용해야지 억지로 직원 한명에게 회사차 몰고 직원들 태우고 출퇴근 하라는 거는 조금 너무합니다 ||| 법인규모도 아닌 조그만한 유통업체에서 일하는데 회사차량 출퇴근용으로 지급해주는데 퇴근길에 접촉 났는데 쿨하게 보험처리 해주던데요 다친데 없냐고 걱정도 해주시고  그런 회사라면 저같으면 그만두겠어요 ||| 한문철교수님 파이팅입니다 ||| 자세한것몰랐는데 여기서 알았네요. 그전에는 몇개는 알았는데 70%  아무튼 잘봤습시당,자동차/탈것
VXC0ZYQ93Jc,자동차 튜닝의 멋짐 최고 ! 커스텀 페인팅 (수작업) -티티오토스,티티오토스,실물이 더 멋지십니다,자동차/탈것
lOnM8gu_Y6w,내 차에도 혹시 물이? 자동차 연료통 수분제거 관리방법. / HOW TO REMOVES WATER FROM AUTOMOBILE FUEL TANK [ 차업차득 ],차업차득,영하10도 이하의 추운 겨울철 수분제거제 한 통이 연료계통 고장예방의 지름길 같습니다. 유익한 영상 감사합니다. ||| 디젤클린 이 제품은 수준제거 기능이 없으며 클리어디젤 이란 명칭의 제품이 수분제거 됩니다 ||| 베라크루즈 신차 출고해서 출고시점부터 주유시 디젤클린 소분해서 항상 넣어줬습니다. 30만KM타고 팔았는데 팔때도 컨디션 굉장히 좋았었습니다. 얼마전에 차량 사가신분으로 부터 고장없이 잘 타고 있다고 감사하다고 연락받았네요. 지금 730ld 차량에도 항상 소분해서 사용하고 있습니다. ||| 진짜 유익한 채널이네요 ㅎㅎ 구독자수가 많이 느셨으면 좋겠습니다! ||| 실제로 물과 연료비율이 저런건 아니고요 알콜이 유화제 역할을해서 수분과 연료를 섞어서 필터에 걸러지지않고 그대로 연소실로 들어갑니다 어느정도는 필터에 남겠지요 연소된 물은 수증기라서 dpf에 영향은 없겠지요 첨가제성분이 알콜성분이라서 첨가제 대신 가끔 알콜을 넣었던 시절도 있다네요,자동차/탈것
Sjk9pqNYfTU,DPF Management Tips,하이조사장,Dpf 달면 유해가스는 줄긴 하겠지만 먼저 중국의 미세먼지를 줄여야겠죠 ||| 조사장님 영상 잘 보고 가요. 언제나 열공하시는 사장님 화이팅. ||| 꼭 건강회복하셔서 좋은 이야기 많이 해주시길 기도합니다. ||| 아우디 Q5 3000 cc 오너입니다 굳이 강제로 태울필요있나 싶네요 저는 시내주행 90% 정도 되는데 좀 찝찝하다 하면 외각 이나 고속도로 한번 올려줍니다 100~110  정속 30분 이상 하면 굳이 강제재생이 필요한가 싶네요  시내주행 많으신분들 4~5만원 기름 넣으시고 고속도로 드라이브 한번 다녀오세요 ||| 하~정말 ....누가 해준 말대로 기름값에서 절약한 돈을 관리비용으로 쓰는거 같다고..휘발유차 타는거나  돈 쓰는거는 결국 비슷한거 같다는 말이 공감이 가요. 휘발유차는 차라리 그런 신경이나 안쓰지....ㅋ ㅋ 저도 경유차 타지만 관리 자칫 잘못하면 기름값 절약해서 관리비용으로 쓸까 살짝 걱정 되네여.,자동차/탈것
hGbdF1mEE5c,자동차히터코어교체아닌 크리닝으로해결방법,군포 자동차히터코어크리닝,"포터2코오막힌것같은데  크리닝하면  해결될까요 어디카센타인가요 ||| Здравствуйте у нас проблема хендай солярис, с правой стороны дует холодным слева горячим",자동차/탈것
hgyjq6Ig47w,튜닝 경량브레이크 디스크 연마작업,송철호TRON튜닝샵 자동차TV,아 중간에 띵~소리 페북에서 누가 나 태그한줄알고 알림 확인함 ㅋㅋㅋㅋㅋㅋㅋㅋ ||| 솔직히 면 지대로 잡을때까지 돌리면 디스크도 임직 한계선 직전까지감 그냥 공임 주느니 돈더주고 디스크 교환이 이익 ||| KF97000 ㅊㅊ드립니다 ||| 마지막분에 알림온줄 알았네 ㅋㅋ ||| 알림 잠깐 설렜네 ㅆㅂㅋㅋㅋㅋ,자동차/탈것
488Wz8JGLa0,자동차 흠집제거 컴파운드 일반인 사용법 자동차 흠집제거제 기스제거제 사용방법,하이퍼쉴드,"구입해서 잘 쓰고 있습니다. 질문 있는데요.  1. 소광 현상이 있는 부분을 작업할 때 저먼 패드의 검은색 부분을 사용해서 작업해도 되는지요? 또는 스폴같은 다목적 타월로도 작업 가능한지요?  2. 조금 깊은 흠집을 제거할 때, 슈퍼파인글로스 타월 말고, 저먼 패드의 오렌지색 부분을 사용한 다음, 검은색 부분으로 마무리해도 되는지요? 아니면 스폴같은 다목적 타월로 작업한 후, 저먼 패드의 검은색 부분으로 마무리해도 되는지요? ||| 목소리가 참 좋으세용 ||| 광고보고 사서 해봤더니 지워지기는 커녕 오히려 더욱 안지워지고 차만 몹쓰게 괴더군요 비싼 거금주고 샀는데 광고에 속아서 속어 문드러질 정도임 이영상보니 공감이갑니다 ||| 보고보고 또 보고   폴리싱 기계  사고싶어지는  영상 ㅎㅎ  팔  힘으로  안될것같은  지난번 휠 기스도  반은  남았어요  아마도  덜 문질러서  그런거 같아서  포기 해었다는 ..  ㅜㅜ ||| 마트에서 구입한 컴파운드로 이물질을 제거한뒤에 보니까 영상처럼 소광된것이 보이는데 영상속 제품으로 깨끗하게 되는것을 보았습니다 마트용으로 심한 흠집을 제거후 소광된 부분을 이제품(3000방)으로 사용하면 되겠네요",자동차/탈것
WXK_VuBYZs0,"[JAC 정비상식] 제10편 ""봄철차량관리""",JAC TV-장안평,,자동차/탈것
NKasKI4Rn6M,"GDI 엔진 차량관리방법 ""흡기 밸브크리닝""",S9MOTORS 에스나인모터스,"다 필요없고 고급유 넣으면 한큐에 해결됨!! 흡기 청소 자체가 의미 없는게 1년 지나면 다시 저만큼 쌓임.. 카본이 문제가 아니라, 카본 지꺼기가 실린더 내부로 들어와 조기 점화가 발생한다는게 문제인데.. 이게 노킹을 발생시킴!   근데 고급유 넣으면 조기 점화가 늦어져 카본이고 나발이고 노킹이 안생김.. 결론은 고급유가 답임!! ||| 임팔라 3.6 19만 타고 있습니다.  엔진 경고등 실화가 들어와서 센터 갔습니다 진단기 물렸는데 실화가 한개가 아니라 랜덤으로 발생하기때문에 차에는 문제가 없는거 같습니다. 라는 말을 들었습니다. 점화플러그는 1년 6개월전에 교체 했기때문에 다른 문제는 없는데 흡기 클리닝을 한번 하는게 좋을거 같다는 진단을 받았습니다. 점화코일을 이야기 했더니 쉐보레는 점화코일 교체 하는거 아니라고 하더군요 그래서 흡기 클리닝을 받으러 갔습니다.  지금부터 순서대로 말씀드릴께요 흡기 클리닝을 공업사에서 받은 후에 발생한 일들 입니다.  1. 실화 또 발생 2. 인젝터 클리닝 구입 3. 한통 넣고 타는데 울컥 거림이 조금 사라졌습니다. 하지만 울컥 거리구요 단 경고등은 안들어왔습니다. 하지만 계속된 울컥 거림 4. 미션쪽 문제일수 있다라는 조언을 듣고 생각했더니 미션오일을 교체 했다는걸 다시 기억해서 전화했는데 다른 문제는 없을거라는 답변을 하더라구요 5. 쉐보레 센터 다른곳에 가서 진단을 받았습니다. 이때 첨가제 2통째였습니다. 기술자가 울컥하면 엔진 오일 교체를 좀 확인해야 할거 같다는 말을 해서 점검 해보라 했습니다. 6. 0.5 리터 부족하다고 해서 더 넣었구요 이때는 드랍방식이 아니라 기계에 물려서 했습니다. 교체한 오일을 다시 넣는 방식이고 부족한 부분은 추가 해줬어요  7. 그 다음날 아~~~~~~~~~~~무 문제가 없었던것 처럼 달려주더군요 8. 첨가제 3통 넣었습니다.   결론은 GDI 엔진은 클리닝 해주는게 맞구요 인젝터도 같이 해야 한다는겁니다. 그리고 이번에 알았는데 드랍 방식의 엔진 오일교환은 용량을 메뉴얼 그대로 할수 없다는 단점이 있더군요 그리고 쉿가루 때문에라도 꼭 기계에 물려서 가루를 좀 없에 주는게 좋은거 같습니다.  지금 생각하면 제차의 문제점은 엔진 카본, 미션오일 부족 입니다. 두개 동시에 발생해서 무엇이 문제인지 모르겠더라구요  지금 자동차 컨디션은 좀 과장해서 새차 같습니다. 진동, 소음, 연비 불만하나 없는 상태에요  GDI 엔진 15만 정도 되면 신경 쓰셔야 할거 같아요 그 전에 첨가제 넣으면 효과는 볼겁니다. 저는 다 무시하고 타고 다녔기때문에 그랬던거 같구요  아 그리고 옥탄가의 중요성을 이번에 많이 느꼈습니다. 메뉴얼에는 91이라고 하더군요 그 전에는 저렴한곳 가서 넣었는데 요즘은 옥탄가 확인하고 고정으로 넣습니다. ||| 열관리는 엔진오일 냉각수관리 이라고 생각합니다  수고하셨습니다 ||| 와대박 ||| 디젤차는 카본이 안 낄수가 없는 차 입니다  저렇게 싸이는건 어쩔수 없는거죠 저걸로 인해 다른 부품이 데미지 먹을수 있으니 예방정비 하는 의미라고 보시면 됩니다 사람이 코가 막힐때 코푸시면 숨쉬기 편하죠 비슷한 의미죠",자동차/탈것
MqawMr6wI6o,와..배터리 방전 이걸 몰라서 당하면 어이없이 돈 왕창 날리고 알고 당하면 차가 바보됩니다 (정답 가르쳐줘도 모르면..어쩔?),지산카센터 ,"🌻 중고차 구입 카카오톡 상담채널 : https://heymanz.com/bbs/board.php?bo_table=people&wr_id=2539 ||| 지산카 사장님 최고입니다. 언제나 늘 건강하시고 좋은 날만 되시기를 기원드립니다.♡ 좋은정보 감사합니다. ||| 이번에 밧데리 교환하면서 IBS관련 의문점이 들어 찾아보다가 본영상을 시청하게 됐어요, 덕분에 정확히 이해했구요, 꼭 알아야하는 내용이네요. ||| 영상이 유익하고 실제 도움이 되어서 감사합니다. 웬만한 교수님들보다 더 설명을 잘하십니다.ㅎ ||| 출동 기사들 전부 그냥 점프 합니다. 모르는 건 이닐텐데. 유익한 정보 감사합니다.",자동차/탈것
HjtuLUanOYM,자동차 관리법에 의한 차량의 종류..용도 크기,소연재연,,자동차/탈것
ycxCcP22YgQ,자동차 정비사가 알려드리는 엔진룸 부품 명칭,지산카센터 ,"🌻 중고차 구입 카카오톡 상담채널 →  https://heymanz.com/bbs/board.php?bo_table=people&wr_id=2539 🌻 2019년부터 92,000명이 함께하는 중고차 경매 대행 → https://www.band.us/band/75260195/post/72 ||| 좋은 정보 감사합니다. ||| 영상처음부터 아주아주 기초자 분들을 위해 본넷이 이거다 하면서 설명해주시고, 부품마다 부연설명을 잘 해주셔서 정보 영상으로 up버튼 누르고 갑니다!~ 항상 좋은 정보 감사드립니다. ||| 덕분에 용어들 잘 배우고 갑니다!!😂😂❤❤🎉🎉🎉🎉🎉🎉 ||| 저 왕초보인데 많이 배웁니다...카센터에서 마니 듣던 소리인데 몬 소리인지 몰랐는데 ...감사합니다..구독 눌렀읍니다..",자동차/탈것
2qC1s7dhXTc,DIY 자동차 웨더스트립 관리/유지 하기 (봄철 차량관리 1) - 풍절음 줄이기!,TurboFrog Garage,항상 좋은 정보 감사합니다^^ ||| 오늘 우연히 웨더스트립에 구리스 좀 발라줘야겠다 라는 생각을 했는데 어떻게 알고 이 영상을 보게 되었을까요 ㅎㅎ 생각까지 읽는 유튜브네요. ^^ 웨더스트립 교체가 아니라 오일류로 관리만 해줘도 풍절음이나 겨울철 동결방지도 된다고 하는데 정말 꼼꼼하게 관리하시네요~ ||| 겨울철에 동결을 어느 정도 예방되는거 같더군요 꾸준한 관리는 부품들의 내구성 증진 꿀팁이네요 영상 잘 봤습니다. ||| 이런 관리 좋네요. 잘 봤습니다. ||| 구독하고 영상 다 봤어요 ㅎㅎ 뭔가 다이하는거 같아서 좋네요,자동차/탈것
BiqpJr0-mAg,Oh my! I have to beat the DPF to manage it!? Is that really true?,이승현MinJaTV,잘못 알고 있던 관리법을 바꿀 수 있는 귀한 정보네요. 정말 고맙습니다! ||| 정말 좋은 정보 감사합니다. 2주에 한번 45분 가량 정속주행 꼭 기억하겠습니다.^^ ||| 와!!!너무 감사합니다!!!고속도로에서 괜히 밟았네요!!!뒷통수 맞은듯 한 영상이네요!!감사합니다!!! ||| DPF에 대부분 잘 모르는것이 재생을 위해서는 항속주행만 하면 되지만 일단 재생이 시작된 다음 고속으로 안달려주면 DPF재생시간이 광장히 길어지고 잘 안됩니다 ||| 항상 좋은 영상 잘 보고 있습니다.  이번 dpf편 영상 보면서 혼자서 촬영하면서 설명하시려니 손이 많이 가겠네요. 영상 늦어도 항상 좋은 콘텐츠가 올라와서 다음편이 기대됩니다.,자동차/탈것
OmdgQX4gKNc,디젤차 나빠지게 만드는 잘못된 운전 습관 (엔진 소음 연비 확 바꿔보세요),지산카센터 ,"🌻 중고차 구입 카카오톡 상담채널 →  https://heymanz.com/bbs/board.php?bo_table=people&wr_id=2539 🌻 2019년부터 92,000명이 함께하는 중고차 경매 대행 → https://www.band.us/band/75260195/post/72 ||| 이런저런 크고 작은 자동차에 대한 정보와 지식을 공짜로 보고 배울 수 있는 정말 감사한 채널이에요..!😆 드디어 1천명 돌파하셨는데 이제 수익창출 검토 들어가겠네요!! 노고에 보상이 되시기를~~!바랍니다👍 ||| Dpf 처음 들어봤습니다. 설명을 쉽게 잘 해주시네요. 몇번 더 봐야겠습니다. ||| 유튜버 지산전장영님 구독자 1만명달성 축하드립니다 진심은 꼭 통합니다 유익한정보 영상잘시청 하였습니다 항상 응원드립니다 구독자 10만명 달성 가~즈~아^^ ||| 잘보고 잘듯고갑니다 수고많이 하셨어요ᆢ👍👍👍",자동차/탈것
er-8-o2fCSE,[매뉴얼] 2륜차인 베뉴에 트랙션 컨트롤이 있다구요?,현대자동차 (hyundai korea),00:37 2WD 험로주행모드  01:26 시트 포지션 02:19 미러 세팅 ||| ㅋㅋㅋㅋㅋㅋㅋ아 베뉴 기능 익힌다고 검색하고 있다가 베뉴 누가 영상 찍은거에 다 좋게 말하다가 트렉션 모드에서 베뉴에 그게 왜 필요합니까 끄세요. 라고 한게 떠올라서 웃음이 계속 나오네요. ||| 윤키님 나오셧내 ||| 차에 불나면 끄는법좀 알려줘라  활활흉기야 🔥🔥🔥🔥🔥🔥🔥🔥🔥 ||| 트랙션 컨트롤을 광고한다고?요즘 휴대폰 카카오톡 된다고 홍보하는꼴이누,자동차/탈것
ijeT5zPorXg,5 Driving Tips for New Drivers from Pros,BRIGHT SIDE,"Hey there, BrightSiders! Do you have a driving license? ||| Signal EVERY LANE CHANGE - even when you think it won't affect anyone. And even though it seems like no one else does it. Remember: signalling is not asking for PERMISSION to change lanes; it is a WARNING that you are about to attempt to change lanes. Signalling tells people to look out for you and not aim for the same place you are. ||| A tip: If you cant see the backwheel of the car infront of you, just know you too close to it ||| My father always said when i first started driving ""if you can't see their back wheel in front of you you're too close"" ||| - The most important thing to remember is to always allow people to get around you, don't be an obstruction to the flow of traffic.   - Never park over grass, it can start a fire.  - Always keep your car and it's windows clean inside and out. - If you ever loose control, let off the gas and keep your eyes where you want the car to go, not where you don't want to end up.  - Take driving classes even after you get your license, it takes many years to master driving and you need to be a good example on the roads for everyone.  Now, go clean your room and earn that car :)",자동차/탈것
4avifPVhk1A,Top 5 SUVs | Geneva Motor Show 2019 | Top Gear,Top Gear,"Love that alfa romeo snake - plug logo ||| 0:10 Aston Martin Lagonda 2:25 Cupra Formentor 3:30 VW T-Roc R 4:18 Bently Bencayga Speed 5:20 Alfa Romeo Tonale ||| You know what I hate about motor shows? Concept cars! ||| What aston martin's designers smoking? ||| I love the simplicity of these Motorshow Top Gear videos, no stupid music or fancy camera angles... They remind me of the old early 90's top gear Motorshow specials. 👍",자동차/탈것
gvim3YjvRp8,7 Main Tips for New Drivers from Professionals,BRIGHT SIDE,"Paralell parking... That was by far the easiest thing to do back in driving school but when reality kicked in and I was with my own car and there were actual cars around... 😢 ||| Another top: most cars even mine which is a 2005, let you adjust the steering wheel up and down! There’s usually a handle which allows you to move it underneath the steering wheel😊 ||| I passed today ||| 3:50 45 degrees parking 4:30 perpendicular parking (straight) 5:32 backing into parking space 6:58 Paralel parking ||| Yikes, I really felt called out when you talked about people who drive miles just to avoid parallel parking 😂 Only learned it with a camera in my lessons so I'll definitely try this",자동차/탈것
fHpZarpamzg,Hyundai N & Petrolicious | Why This Professional Driver Chooses Veloster N as His Everyday Car,Hyundai N Worldwide,"I love the Veloster N One of the best cars ever made ||| Its the feeling, thats what its about. Until you drive one you will never understand what an amazing creation the Veloster N really is. Thank you Hyundai <3 ||| Got a 21 dct veloster N arriving in like 2 months and I literally can’t wait for this thing to arrive!!! ||| So proud to be an N owner!! Love it! ||| The Veloster N is the attainable dream car",자동차/탈것
CZmfSyCA9IU,[Eng/CN]몰카(매운맛) - 상상초월 미친 오답 개드립 대환장파팈ㅋㅋㅋㅋㅋㅋㅋㅋㅋㅋㅋㅋㅋㅋ(feat.연예림)(Test prank),드립팩토리 [Dlib Factory],3번정답에 실수가있었네요 3번 답은 아리스토텔레콤 입니다 ||| 필라테스 니자세를알라 실화냐? ㅋㅋㅋㅋㅋㅋㅋㅋㅋㅋㅋㅋㅋㅋ ||| 저희 학교 도덕쌤은 아리스토텔레스를 아랫도리털랏스로 외우라고 하셨어서 은근 이답 기대했네 ||| 번역 진짜 개잘하네 ㅋㅋㅋㅋ 웬만한채널들 개허접한 영어자막이랑은 비교가 안되네요 ㅋㅋㅋㅋ ||| 아  정말미침  물마시다  뿜을뻔 ㅋㅋ 문제마다  오답이 정말 거짓말아니고  빵빵빵  터졌어요 두분은정말  환상의콤비네요 두분이같이  오래오래  함께하셨음 정말 좋겠어요 두분  진심 사랑합니다^^💕,코미디
3ChSeGdybOg,욕없이 웃긴자막 ) 케빈하트 타조 를 싫어하는 이유 (재업),요즘 세상 이야기,라시ㅏㄹ 울다가웃는거 몇년만임 아 ㅅㅂ ||| 생각해보니 시속 60마일을 따라왔단 건 이미 30마일로 달릴 때 타조는 충분히 따라잡을 수 있었는데 그러지 않았다는 것....그저....고개를 돌려 그들을 응시할 뿐....... ||| 집채만한 새가 차랑 똑같은 속도로 졸라게 뛰어오면 오줌지리지 시밬ㅋㅋㅋㅋㅋ 진짜 안죽은게 다행임 ||| 실제로 타조는 사람을 공격해서 죽일수도 있는 동물이라고 한다. ||| 타조 실제로 보면 진짜 진짜 진짜 무서워요 ㅠㅠ 울타리도 없는 곳에서 타조 본 적 있는데 개사납고 머리통도 나보다 더 크고 그 큰 눈으로 적개심을 가지고 날 바라보는데 진짜 죽일 것 같던데요 ㅠㅠ 존나 허세 부리면서 아무렇지 않은 척 했는데 바들바들 떨면서 나왔어요..,코미디
X6wBqsVBDCY,[티비냥] 추억의 이름대소동ㅋㅋㅋㅋ 오랜만에 봐도 꿀잼bb 한현민 혼자 고통받는 중♨ | #코미디빅리그 131020 #09,디글 클래식 :Diggle Classic,대본 쓴 사람 최소 천재ㅋㅋㅋ 이름대소동 레전드 영상 더 보러가기 👉https://www.youtube.com/playlist?list=PLvDaoEdHc686zLbWPTlG6-dfXafeGZLy5 ||| 범인은 없어ㅋㅋㅋㅋㅋㅋㅋ이 시리즈는 볼 때마다 재밌네. 한현민 연기가 한몫한듯  알고리즘에 떠서 또 보는데ㅋㅋㅋㅋㅋㅋㅋㅋ명불허전 ㅈㄴ재밌다.. 한현민 실성한듯 웃다가 자연스레 절규로 넘어가는 장면에서 빵터짐ㅋㅋㅋㅋ ||| 한현민 비명 지르는 게 제일 웃김 ㅋ ||| 범인은 없어하고 웃는거 ㅈㄴ웃기넼ㅋㅋㅋㅋㅋ ||| 형사: 너 친구 만났을 때 저 멀리서 친구가 너 뭐라고 불러? 없어: 없어 보인다! 형사: 끼아아아악!!!,코미디
I9p7cxIuOmA,흑ㄹ흑흐ㅡㄱㅎㄱㅎ진호야 한마디로 웃기는 이용진ㅋㅋㅋㅋㅋㅋ  |  #코미디빅리그,디글 클래식 :Diggle Classic,하필 현웃 제일 못 참는 두애들을 붙여놔가지고 아주 이용진에 정신을 못차리넼ㅋㅋㅋㅋㅋㅋㅋㅋㅋㅋ미쳤냐곸ㅋㅋㅋㅋㅋ개귀여워 진짴ㅋㅋㅋㅋㅋㅋㅋ ||| 이 코너에선 최성민님 거의 감초 역할이긴 한데 '미안함돸ㅋ'랑 혼자 빵터지는 게 너무 귀여우심 ㅋㅋㅋㅋ ||| 아닠ㅋㅋㅋㅋㅋ 최성민님이랑 이진호님이 그냥 편하게 누워서 개그 볼라고 만든 코너같앜ㅋㅋ 넘나 즐거워보임ㅋㅋ ||| 진호가 가장 즐거워하는 코너ㅋㅋㅋㅋㅋㅋㅋㅋㅋ 김두영님 진짜 재능 부자인 것 같아요ㅋㅋㅋㅋㅋㅋㅋㅋㅋㅋㅋㅋㅋㅋ ||| 어허 ㅠㅠㅠㅠㅠㅠ아 ㅠㅠㅠㅠㅠㅠㅠㅠㅠㅠㅠ아 진짜 최성민 당신 졸라귀여워;;ㅠㅠㅠㅠㅠㅠㅠㅠㅠ 왜 혼자 말하고 혼자 빵터져ㅋㅋㅋㅋㅋㅋㅋㅋㅋㅋㅋㅋㅋㅋㅋ큐ㅠㅠㅠㅠㅠㅠ,코미디
POcdvhYQ2cw,[#응답하라레전드] 손 큰 일화 엄마가 만든 저 세상 클라스의 동일이네 먹방 | #응답하라1988 | #Diggle,tvN D STUDIO,"성동일,이일화는 진짜 ㅋㅋㅋㅋㅋㅋㅋㅋㅋㅋㅋㅋㅋㅋㅋㅋㅋ응답하라에서 빠지면 안되는 캐릭터임ㅋㅋㅋㅋㅋㅋㅋㅋㅋㅋㅋㅋㅋㅋㅋㅋㅋㅋ ||| 고급진 사모님부터 정감가는 엄마까지 가능한 배우 ||| 1:52 여기 카메라 무빙레전드 ㅋㅋㅋㅋㅋㅋㅋㅋ 카메라 감독님도 뒤뚱뒤뚱 걸었을거 같애 ㅋㅋㅋㅋㅋㅋㅋ ||| 난 이일화 항상 ""묵다 모지라면 말해라이~""이대사만 들으면 개빵터지더라ㅋㅋㅋㅋ멀 모지라ㅋㅋㅋ ||| 중간에 라미란 알았어어엏!!!!!!!!!!할때 터짐 개웃기네ㅋㅋㅋㄲㅋ",코미디
nvDeL-KwRnI,[몰카][ENG SUB]편의점에서 탈북민들의 비밀계획을 듣는다면? ㅋㅋㅋㅋㅋ,피식대학Psick Univ,아니 왼쪽분 진짜 북한에서 온 순박한 청년같다고 ㅋㅋㅋㅋㅋㅋㅋㅋㅋㅋ ||| 비밀계획이라길래 간첩내용일줄알았는데 방송얘기 시부레ㅋㅋㅋㅋㅋㅋㅋㅋㅋㅋㅋ ||| 진짜 저 남자분 ㅋㅋㅋㅋㅋ 웃음참느냐고 괴로웠겠다 ㅋㅋㅋㅋㅋㅋㅋㅋㅋㅋㅋㅋㅋㅋㅋ 몇번을 돌려보는거야 ㅋㅋㅋ ||| 진짜 존버해야되는구나 뭐든…. 3년전 영상인데 피식대학 이렇게나 잘된거 보니까 새삼 기분좋네…. 열심히 살아야겠다 ||| 솔직히 저정도되면 이새끼들이 날 놀릴려는거구나 눈치는 채는데 너무 대놓고 웃겨서 뭐라못함 ㅋㅋㅋㅋ,코미디
5Z1_Jqy8YQ8,[스타 타임캡슐] 핑클도 같이 본 핑클 레전드 예능짤모음 2탄!!ㅋㅋㅋ  #혀준 #성유리가슴몰이,스브스 예능맛집,보면 성유리가 이효리 말 제일 잘 받아쳐ㅋㅋㅋ ||| 미친.. 드디어 떡친다 나왔다 ㅋㅋㅋㅋㅋㅋㅋㅋ 걸그룹 역대급 드립 등판이오 ㅋㅋㅋㅋㅋㅋ ||| 떡친다에서 옥언니 혼자 동공 지진이고 나머지는 해맑아 ㅠㅠㅠㅠㅋㅋㅋㅋㅋㅋㅋ ||| 진짜 핑클은 티키타카 ㅈㄴ잘햌ㅋㅋㅋㅋㅋㅋㅋㅋㅋㅋㅋㅋ자기딜당하면 그대로 갚아줌 ||| 스무한두살 걸그룹이 이럴수 있냐고 ㅋㅋㅋㅋㅋㅋㅋㅋㅋㅋㅋㅋㅋ 아 진짜 ㅋㅋㅋㅋㅋ비글들 진짜 ㅋㅋㅋㅋㅋㅋ,코미디
sSEZkWjB_hU,"[골라봐야지][ENG] ""진짜 돌+아이 아니야?!"" 오늘만 사는 막드립의 대가 돌불허전 김희철(KIM HEE CHUL) ｜아는형님",JTBC Voyage,아니 어떻게 저 얼굴에서 저런 말이 나오짘ㅋㅋㅋㅋ 입 진짜 잘턴다ㅋㅋㅋㅋㅋㅋㅋㅋ개쩐다ㅋㅋㅋㅋㅋㅋ말 엄청 잘하네 ||| 보면 김희철 막드립 서장훈이 젤좋아함 ㅋㅋㅋㅋㅋㅋㅋㅋㅋㅋㅋㅋㅋㅋㅋㅋㅋㅋㅋㅋㅋㅋㅋㅋㅋㅋㅋㅋㅋㅋㅋㅋㅋㅋㅋㅋㅋㅋㅋㅋㅋㅋㅋ ||| 예쁜 얼굴에 그렇지 못한 태도의 정석ㅋㅋㅋㅋㅋㅋㅋㅋㅋㅋㅋㅋㅋㅋㅋ ||| 아니 근데 김희철 내 편이면 존나 든든할 것 같음 ㅋㅋㅋㅋㅋㅋㅋㄹㅇ노빠꾸 ||| 이렇게 노빠꾸드립으로 방송하는데도 한번도 물의 일으킨적없는 연예인.. 한편으로 정말 대단함,코미디
3tvwD5wUYuM,일본몰카 - 엘레베이터 타자마자 떨어진다 ㅋㅋㅋ,Link TV,제일처음사람이 레전드 ㅋㅋㅋㅋㅋㅋㅋㅋㅋㅋㅋㅋㅋㅋㅋㅋㅋㅋㅋㅋㅋㅋㅋㅋ ||| 제일처음사람이레전드다 ㅋㅋㅋㅋㅋㅋㄷㄷㄷㄷㄷㅌㅌㅌㅌㅎㅎㅎㅎㅎ ||| 실제 죽을때 저표정이라 생각하면 무서움 ㄷㄷㄷ ||| 우리들이야 웃으면서 보지만 당사자들은 떨어지는 순간 죽음의 공포를 느꼈을거 아니냐ㅋㅋ ||| 3:37 자세 진짜 안정적이네 ㅋㅋㅋㅋㅋㅋㅋㅋ,코미디
ecGyDhxP6UU,[몰카] 처음부터 끝까지 모든게 거짓말인 뉴스를 보게된다면? ㅋㅋㅋㅋㅋ,면상들,ㅋㅋㅋㅋㅋㅋ와 지하철에서 보고 가다가 빵터져서 사람들이 내가 미친놈인줄 알고 쳐다보넼ㅋㅋㅋㅋㅋㅋㅋㅋㅋㅋㅋㅋㅋㅋㅋ ||| 발음이 좋으셔서 진짜 기자라고 느낄법 하당ㅋㅋㅋㅋ 재밌게 보고 가요ㅋㅋㅋㅋㅋㅋ ||| M 면  S 상 D 들 ㅋㅋㅋㅋㅋㅋㅋㅋㅋㅋㅋㅋㅋㅋㅋㅋㅋㅋㅋㅋㅋㅋㅋㅋㅋㅋ ||| 짐살라빔짐짐살라빔 태풍 ㅋㅋㅋㅋㅋㅋㅋㅋㅋ 바로 구독 ㅋㅋㅋㅋㅋㅋ 비둘기 ㅋㅋㅋㅋㅋㅋㅋㅋ ||| 진짜 면상님들 최고!!ㅋㅋㅋㅋㅋ너무 재밌어요~,코미디
G5ceCAkJNXI,"개드립에서의 재밌는 영상, 웃긴 영상",개드립TV,,코미디
OnIwUXLIGbY,[예능맛ZIP/런닝맨] 어제자 런닝맨보고 감명받아서 만든 웃음 참기 모음.ZIP / Runningman,스브스 예능맛집,저는 청년 왕코부터 터졌습니다.... ||| 왜 보는 나까지 웃음참고 보는거냐궄ㅋㅋㅋㅋㅋㅋㅋㅋㅋㅋㅋㅋㅋㅋㅋㅋㅋㅋㅋㅋㅋㅋㅋㅋㅋㅋㅋㅋㅋㅋㅋㅋㅋ ||| 아니 한기범 선수 모기송 진짜ㅋㅋㅋㅋㅋㅋㅋㅋㅋㅋㅋㅋㅋ갑자기 튀어나와서 엄청 웃었다구욬ㅋㅋㅋㅋㅋㅋㅋㅋㅋㅋㅋㅋㅋㅋㅋ최애인 모기송을 저렇게 불러주시다닠ㅋㅋㅋㅋㅋㅋ ||| 아닠ㅋㅋㅋㅋㅋㅋㅋㅋㅋㅋㅋㅋㅋㅋㅋㅋㅋㅋㅋㅋㅋㅋㅋ근데 조세호는 멤버도아닌데 왜 웃긴사진보여주는거얔ㅋㅋㅋㅋㅋㅋㅋㅋㅋㅋㅋㅋㅋㅋㅋㅋㅋㅋㅋㅋㅋㅋㅌㅌ ||| 9:44 맨날 계속 참다가 여기 광수 목소리에서 터짐ㅋㅋㅋㅋㅋㅋㅋㅋ 세상 서럽고 애처로웤ㅋㅋㅋㅋ,코미디
-ixwy-NN_U8,[선공개] 어디가 웃음 포인트인지 모르겠는데 웃긴 영상 | 코미디빅리그 Comedy Big League EP.341,코미디빅리그,"자기소개 하깈ㅋㅋㅋㅋ 안녕하세요 저는 함경북도에서온ㅋㅋㅋㅌㅌㅋㅌㅋㅋㅋㅋㅋㅋㅋㅋㅌㅋ진짜 미쳤나봨ㅋㅋㅋㅋㅋ ||| 두영님 mbc 출신이신데 시치미떼고 웃찾사 개그맨들이랑 추억의 웃찾사 개그 ㅋㅋㅋ ||| 자기소개 하기 하라니까 진짜 자기소개를,,ㅋㅋ 함경북도,,ㅋㅋ소제가 신박해,,ㅋㅋ진짜 본방사수 해야짘ㅋㅋ ||| 눈-치-보-였-겠-다- ㅋㅋㅋㅋㅋㅋㅋㅋㅋㅋㅋㅋㅋㅋ ||| ㅋㅋㅋㅋㅋㅋㅋㅋㅋ 눈치게임 왤케 자연스러워 ㅋㅋㅋㅋㅋㅋㅋㅋ",코미디
nS1Hy-cGeXE,"'아니 설현 상대로 뭐하는건데ㅋㅋㅋ' 화제가 된 승리, 정준영 몰카 사건 미쳐버린 드립 완벽 정리_웃긴영상",웃긴영상,"이번 영상은 한 주간의 이슈라고 하면 맞긴맞는데 외전격으로 현재 핫한 버닝썬, 승리, 정준영 몰카 사건만 모아놓은 영상입니다.  이번에 무려 14분이나 했는데도 떡밥이 더 남아있어서 2편은 다음주 화요일날 2편 + 한 주간의 이슈 115화 해서 올릴거 같은데.. 분량이 어떻게 될지 모르겠네요 ||| 이 채널은 거의 뉴스같은 느낌이다 속보와 재미를 보장한다 ||| 먼지가되어 부르고 떴더니 그냥 먼지가 되버림ㅋㅋㅋㅋ ||| 학교에서 국어쌤이 요즘 가장 인기있는 가수 말하라고 하니까 빅뱅하고 정준영나옴ㅋㅋㅋㅋㅋㅋㅋㅋㅋ ||| 이 제목만 기다렸다..아..진짜 영상올라오면 기분좋아지는 유튜버는 형이 처음임",코미디
jSbzIH52bC0,같은 한국말로 소통하는데 통역이 필요한 신촌 하숙의 식탁 | #응답하라1994 #Diggle,tvN D ENT,"[#응답하라1994] 고마쎄리마 🏡신촌하숙🏡이 그리울 때 👉 https://youtube.com/playlist?list=PLTnyq-p4P5n0R8a6FrSgdIBHPvb3UVZGL ||| 통역이 필요없는 경상도/부산/대구/울산 손 ||| 표준어처럼 시원하게 잘들리네요 ||| 고아라 눈동자 진짜 너무 예쁘다... 클로즈업 나올 때마다 눈만 보게 됨 ||| ""맞나?"" 아님 ""맞나.""임 애초에 의문문이 아님ㅋㅋㅋㅋㅋ",코미디
RJEzoyvCAQs,#웃음배달꾼#웃긴영상# [ 2019  05회 ] 웃긴영상,웃음배달꾼,<웃음배달꾼> 코미디채널 새로 열었어요~매일 웃긴영상  실수영상을 갱신합니다. 구독해주세요~,코미디
aTWrxT2rtpI,[오분순삭] 지나가는 일반인마저 웃긴 무도 클라스 ㅠㅠ ｜#무한도전 레전드,MBCentertainment,"♡무한도전 회차 정보 알리미♡ 무도레전드: 일반인 레전드 ✔121회: <추석과 전쟁-며느리가 뿔났다>편 ✔148회: <지못미 특집>편 ✔280회: <2012 무한 달력 배달 특집>편 ✔309회: <무한택배 두 번째>편 내일 이 시간에 또.. 총총.... =3 ||| 가서 얻어오라고 하시는 할머니도 웃기지만 뛰어가시는 아저씨가 더 웃김ㅋㅋㅋㅋㅋㅋ ||| 1:34 이 아저씨 너무 착하신듯  막 지하상가에서 종이랑 펜 찾아서 돌아왔는데 아무도 없었을것 같아 ㅠ ||| 3:15 급발진화법 ||| 자막이 더 웃곀ㅋㅋㅋㅋㅋㅋ """"정말 비슷하신 돌출입!""""",코미디
r3zz0dhAeok,[스타 타임캡슐] 다시뭉친 원조 망나니돌 핑클! 커뮤 예능 레전드짤 원본모음ㅋㅋㅋ #피고름피 #이효리숙취인터뷰 #성유리훌라후프 #성유리등,스브스 예능맛집,이효리자는데 다들 아무렇지 않게 촬영하는거 개웃겨 ㅋㅋㅋㅋㅋ ||| 비글도 아니고 망나니돌 ㅋㅋㅋㅋㅋㅋㅋㅋㅋㅋㅋㅋㅋㅋㅋㅋㅋ ||| 4:17 비밀인데 왜 물어보세욬ㅋㅋㅋㅋㅋㅋㅋ성유리 조곤조곤 할말다하는데 다 맞는말ㅋㅋㅋ ||| ㅋㅋㅋ캠핑클럽에서 이효리가 너무 솔직해서 안맞았다 이런 소리 했는데 나머지 멤버분들도 만만치 않았던거 같다ㅋㅋㅋㅋㅋㅋㅋㅋ ||| 너무 솔직해서 소속사 사장님도 포기한 핑클 너무좋아,코미디
mDvDg0U5Uxs,손영주유머 손영주 개드립 웃긴영상 핵웃긴영상 스탠딩 코미디 [뺑덕이 or 손영주 노래교실] 오늘의 유머 : 건달,노래강사 손영주TV (노래교실),,코미디
yVEJsSxImDM,어머 이게 뭐야..? 생각만 해도 웃긴 ★홍진경 레전드★ 안 웃기는 데까지 걸리는 시간? 깔끔하게 백 년 건다. | 오인분순삭⏱오분순삭,오분순삭,홍진경의 오분💛 ✔081110 놀러와 219회 ✔140226 라디오스타 367회 ✔180226 삐그덕 히어로즈 1회 +) 931016 특종 TV연예 76회 ||| 난 우울할때 나를 봐 ||| 홍진경은 본인은 장난 아니고 진지한데 보는 우리는 모든것이 장난으로 보여서 웃긴듯 ㅋㅋㅋㅋㅋㅋㅋ ||| 한국 모델 중 탑 급인 네임드 모델이었음. 세대를 앞서가는 하이패션도 잘 알고 유럽에서 유행하는 것도 먼저 선도함. 홍진경이 하는 말도 다 맞음. 근데 뭔가 홍진경이 하면 웃겨 ㅋㅋㅋ진지한 걸 하면 그게 웃기는 거야 ㅋㅋㅋ 뭔가 다 맞긴 한데 웃겨 ㅋㅋㅋ 사람자체가 ㅋㅋ ||| 0:25 삼박자가 골고루 갖춰진 레전드장면  1. 맥박짚듯 목에 대고있는 손 2. 세상 진지한 '어머 저거 뭐야...?' 3. 자기사진인줄 알면서 아무 말 안하는 김재욱,코미디
tp_4IJCfW00,"(6분 내내 킬포) 신촌 하숙 아침상 클라쓰ㅋㅋㅋ날아댕기는 전어, 전어 캐치한 쓰레기, 성동일 애드리브의 향연, 이일화 찐 탄성ㅣEP5-01",디글 클래식 :Diggle Classic,"4:15 ""너그 아버지 즉 나의 친구 용식이"" 이 부분 말투가 너무 중독성 있음ㅋㅋㅋㅋㅋㅋ ||| 4:15 즉 나으 친구 용식이 ㄹㅇ 킬포 ㅋㅋㅋㅋㅋㅋㅋㅋㅋㅋㅋㅋㅋㅋㅋㅋㅋㅋ ||| 4:50 ㅠㅠㅠㅠㅠㅠㅠㅠㅠㅠㅠㅠㅠㅠ 편식하는 나한테 꼽주시는 우리외할머니 보는 거 같아서 눙물나게 웃겨부림 ㅠㅠ ㅋㅋㅋㅋㅋ큐ㅠㅠㅠㅠㅠㅠ ||| 응사의 이 회차는 10년이 지나도 찾아볼 것 같음ㅋㅋㅋㅋㅋ 진짜 기승전결 완벽한 회차였음 대사도 물 흐르듯이 이어지는게 진심 작가 천재인줄 복선, 전개, 연기가 너무 조화로웠음ㅋㅋㅋㅋㅋ ||| 이때만해도 세상이 따듯했었는데....",코미디
MJ6hJCYACek,한국 웃긴 동영상 레전드,떡상,"여자들이 가슴에 닿았을때 기분은? https://im.newspic.kr/kHxEBcb  고딩들 담배 뚫는 개꿀팁? https://im.newspic.kr/IeH6dCL  헬스장에서 몰카범으로 몰린 사연 https://im.newspic.kr/gIswNH2  한국어로 싸우는 외국 누나들 https://im.newspic.kr/oxAvU8D  마트에서 백종원을 본 직원들의 마음가짐 https://im.newspic.kr/XJ2bpOV  대한민국 3대 빵집의 현주소 https://im.newspic.kr/MTCNlMz  눈 속임 한번에 9만원 버는사람들 https://im.newspic.kr/5b9n61z  남친한테 포켓몬빵 먹고 싶다고한 여성 https://im.newspic.kr/xwYdHKv  일본에서 정직원 해고하는 방법? https://im.newspic.kr/ZLAbXAF       위 링크들은 뉴스픽 파트너스 활동의 일환으로, 이에 따른 일정액의 포인트를 제공받고 있습니다. ||| 도대체 말벌어떻게 보시는거야ㅋㅋㅋㅋㅋㅋㅋㅋㅋㅋㅋㅋㅋㅋㅋㅋㅋㅋㅋㅋㅋㅋㅋㅋㅋㅋㅋㅋㅋㅋㅋㅋㅋㅋㅋㄲㅋㅋㅋㅋㅋㅋㅋㅋㅋㅋㅋㅋㅋㅋ등목해주다말고 어디보시는거야ㅋㅋㅋㅋㅋㅋㅋㅋㅋ ||| 3:11초 이쯤되면 아저씨 몽골인인가 멀리있는걸 한눈에 보네 ||| 진짜로 자연인 할아버지는 몇번봐도 웃기네 ㅋㅋㅋㅋ ||| 0:16 ㅁㅊ ㅋㅋㅋㅋㅋㅋㅋ 개아프겠닼ㅋㅋㅋㅋㅋㅋㅋㅋ",코미디
NbGERnD_nk8,[엑시트] 조정석X김지영 현실남매 케미ㅋㅋㅋ,한끼영화,돈세고 만원만 주는거 개웃기넹 ㅋㅋㅋ ||| 때리는거 개찰졐ㅋㅋㅋㅋㅋㅋㅋ난 조정석 각잡고 멋있는것보다 저런 찌질미가 넘칠때 젤매력있음ㅋㅋㅋ ||| 매형 ㅈㄴ 대단하다ㅋㅋㅋㅋㅋㅋㅋ ||| 진짜 생각해보면 매형들이 대단하긴 하지 ㅋㅋㅋㅋㅋㅋㅋㅋㅋ ||| 너무 웃겨서 다시 옴ㅋㅋㅋㅋㅋㅋㅋㅋㅋㅋㅋㅋㅋ,코미디
Ayu97nGvUSc,(※배꼽빠짐 주의!!) 웃긴영상 리액션 같이보자!~ 20분 순삭!~ ㄹㅇ,KIM SEWON,구독 눌리고 갑니데이~ ||| 저삼촌아는 사이예요 ||| 한성윤 못생겻어요,코미디
0H2eVJRLJUA,[크큭티비] 황해 : 고갱님 신용카드에서 삼천만원이 인출되셨어요~,KBS COMEDY: 크큭티비,진짜 이수지씨는 연기가 미침 대단하다고 생각함 ||| 아진짴ㅋㅋㅋㅋ 이수지ㅈㄴ잘한다 ㄹㅇㅋㅋㅋㅋ 나오는코너마다 재밌었엌ㅋㅋ ||| 사기가 아니라 보이스피싱이래 ㅋㅋㄱㄱ현웃터짐 ||| 이수지의 능청스러운 연기력에 다시한번 박수드리고 싶어요 ||| 정말 이 코너는 이제보니 고미디로써 명작이고 역작이네요. 현실반영+창의적 구성+ 적절한 멘트에 케릭소화력 높은 각자 배우의 흡수력이 억지 없이 시종일관 웃음 포인트가 넘치는 코너였네요,코미디
oUYKNPS5ejM,허경영， 장성규의 공중부양 대결! - 김국진의 현장박치기 10회,JTBC Entertainment,허경영은 아파트 경비원 하면 동네 꼬마들하고 잘 놀아주겠다. ||| 내가봤을때 허경영은 정치인을 컨셉으로 잡은 희대의 개그맨이다 ㅋㅋㅋㅋㅋㅋㅋ ||| 와 경영이 형 덕분에 천만이 넘어버렸네🎉 ||| 웃어줄 일이 아니고 저런 사기꾼은 망신을주고 감빵에 넣어야한다 사회가 저런 사기꾼을 방관하니까 사이비가 넘쳐나는것이다 ||| 이 영상은 혼돈 그 자체네 허경영이 개그하고 장성규가 따라하고 김국진은 웃겨서 쓰러지고 낸시랭이 셀카로 자기 혼자 중계하고 이 모든걸 기자가 찍고 .. 어쩌면 현 사회에 대한 고품격 풍자가 아닐까,코미디
Fyo1vmhmGoc,손영주유머 스탠딩 코미디 손영주의 개드립 웃긴영상 [뺑덕이 or 손영주 노래교실] 오늘의 유머 : 군대가기 싫어!,노래강사 손영주TV (노래교실),ㅎㅎㅎ~~^^ 안녕하세요 반갑습니다   너무 재밌게 잘 보고 갑니다 대박 나세요  감사합니다 ~^^♡ㅎ ||| 조용히 잘려고 했는데 넘 웃어서  못자요 ㅋㅋ,코미디
uB21nmKwj1E,"손영주유머 개드립 핵웃긴영상 유머 유머모음 스탠딩 코미디 [뺑덕이 or 손영주 노래교실] 오늘의 유머 : 1편 신입사원, 2편 강아지",노래강사 손영주TV (노래교실),,코미디
8NbL6zSpc-A,손영주유머 스탠딩 코미디 유머 유머모음 웃긴영상 [뺑덕이 or 손영주 노래교실] 오늘의 유머 : 의심,노래강사 손영주TV (노래교실),,코미디
MWvzzzhyPFo,엑소 분량을 위협하는 엑소엘 드립 (세훈&찬열),Smart Prison,오세훈 이제 체념한듯 ㅅㅂㅋㅋㅋㅋㅋㅋㅋㅋㅋㅋㅋㅋ ||| 동물들이 죽같은거 지저분하게 먹으니까 에리들이 니네 경수랑 밥못먹겠다고 한것도 개웃겼는데 채팅창에섴ㅋㅋㅋㅋㅋㅋㅋㅋㅋㅋㅋㅋㅋㅋㅋㅋㅋ ||| 방송이 띄엄띄엄하다 싶더니 드립을 저렇게 쳐서 다 짤린거였구만ㅋㅋㄱㄱㅋㄱㄱㅋㄱㅋㄱ개웃곀ㄱㅋㄱㅋㄱㄱㅋ ||| 세훈똥고비비빅 ㅅ발ㅋㅋㅋㅋㅋㅋㅋㅋㅋㅋㅋㅋㅋㅋㅋㅋㅋㅋㅋㅋㅋㅋㅋ 아 여기 팬들 원래 이래요? 저 처음왓는데 개뿜음 ㅋㅋㅋ ||| 거친 에리와... 불안한 찬열과... 그걸 지켜보는 세훈...,코미디
aNGJiOUrqUE,"손영주유머 개드립  웃긴영상 유머 유머모음 레전드 영상   [뺑덕이 or 손영주 노래교실] 오늘의 유머 : 1편 강아지, 2편 여군",노래강사 손영주TV (노래교실),,코미디
MjuJyti1Uwo,[런닝맨] '웃음참기 레전드 편 탄생!' / 'RunningMan' Special,SBS ,이번편은 473회입니다🤗 그럼 웃음참기 시작! ||| 장담하는데 이거 아이디어 회의할때 작가든 감독이든 누군가 한기범 아이디어 냈을때 그회의실도 다 빵터졌을거 같은데ㅋㅋㅂㄱㅋㅋㅋㅋㅋㄱㅂㄱㅂㅍㄱㅂㅋㅋㅋㅋㅋㅋㅋㅋㅋ ||| 아니 근데 이거 웃기려고 하는 사람들보다 광수형 웃음참으려고 무표정으로 딴곳보는게 더웃겨 ㅋㅋㅋㅋㅋㅋㅋㅋ ||| 웃지마라는 규칙있으면 진짜 사소한거라도 웃김ㅋㅋㅋㅋㅋㅋ ||| 13:03 광수형 이정도 찐텐으로 웃는 건 처음 봄 ㅋㅋㅋㅋㅋㅋ,코미디
Vn_PAvdMzgA,현중 혀 꽃 말이,Wiltshire Kim,신기하다,코미디
nvDeL-KwRnI,[몰카][ENG SUB]편의점에서 탈북민들의 비밀계획을 듣는다면? ㅋㅋㅋㅋㅋ,피식대학Psick Univ,아니 왼쪽분 진짜 북한에서 온 순박한 청년같다고 ㅋㅋㅋㅋㅋㅋㅋㅋㅋㅋ ||| 비밀계획이라길래 간첩내용일줄알았는데 방송얘기 시부레ㅋㅋㅋㅋㅋㅋㅋㅋㅋㅋㅋ ||| 진짜 저 남자분 ㅋㅋㅋㅋㅋ 웃음참느냐고 괴로웠겠다 ㅋㅋㅋㅋㅋㅋㅋㅋㅋㅋㅋㅋㅋㅋㅋ 몇번을 돌려보는거야 ㅋㅋㅋ ||| 진짜 존버해야되는구나 뭐든…. 3년전 영상인데 피식대학 이렇게나 잘된거 보니까 새삼 기분좋네…. 열심히 살아야겠다 ||| 솔직히 저정도되면 이새끼들이 날 놀릴려는거구나 눈치는 채는데 너무 대놓고 웃겨서 뭐라못함 ㅋㅋㅋㅋ,코미디
CZmfSyCA9IU,[Eng/CN]몰카(매운맛) - 상상초월 미친 오답 개드립 대환장파팈ㅋㅋㅋㅋㅋㅋㅋㅋㅋㅋㅋㅋㅋㅋ(feat.연예림)(Test prank),드립팩토리 [Dlib Factory],3번정답에 실수가있었네요 3번 답은 아리스토텔레콤 입니다 ||| 필라테스 니자세를알라 실화냐? ㅋㅋㅋㅋㅋㅋㅋㅋㅋㅋㅋㅋㅋㅋ ||| 저희 학교 도덕쌤은 아리스토텔레스를 아랫도리털랏스로 외우라고 하셨어서 은근 이답 기대했네 ||| 번역 진짜 개잘하네 ㅋㅋㅋㅋ 웬만한채널들 개허접한 영어자막이랑은 비교가 안되네요 ㅋㅋㅋㅋ ||| 아  정말미침  물마시다  뿜을뻔 ㅋㅋ 문제마다  오답이 정말 거짓말아니고  빵빵빵  터졌어요 두분은정말  환상의콤비네요 두분이같이  오래오래  함께하셨음 정말 좋겠어요 두분  진심 사랑합니다^^💕,코미디
ecGyDhxP6UU,[몰카] 처음부터 끝까지 모든게 거짓말인 뉴스를 보게된다면? ㅋㅋㅋㅋㅋ,면상들,ㅋㅋㅋㅋㅋㅋ와 지하철에서 보고 가다가 빵터져서 사람들이 내가 미친놈인줄 알고 쳐다보넼ㅋㅋㅋㅋㅋㅋㅋㅋㅋㅋㅋㅋㅋㅋㅋ ||| 발음이 좋으셔서 진짜 기자라고 느낄법 하당ㅋㅋㅋㅋ 재밌게 보고 가요ㅋㅋㅋㅋㅋㅋ ||| M 면  S 상 D 들 ㅋㅋㅋㅋㅋㅋㅋㅋㅋㅋㅋㅋㅋㅋㅋㅋㅋㅋㅋㅋㅋㅋㅋㅋㅋㅋ ||| 짐살라빔짐짐살라빔 태풍 ㅋㅋㅋㅋㅋㅋㅋㅋㅋ 바로 구독 ㅋㅋㅋㅋㅋㅋ 비둘기 ㅋㅋㅋㅋㅋㅋㅋㅋ ||| 진짜 면상님들 최고!!ㅋㅋㅋㅋㅋ너무 재밌어요~,코미디
00yQgOauO9Y,정종철 개그맨 시험 프리패스?![해피투게더/ happy together] 20190606,KBS Entertain,오정태님 합격썰 그냥 웃자고 과장해서 말한줄 알았는데 실제로 방송국에 지인 만나러 갔다가 3층에서 예능국장님이 보시고 바로 합격한거 사실임ㅋㅋ ||| 매년 한번씩 봐줘야 하는 영상ㅋㅋㅋㅋㅋㅋㅋㅋㅋ언제봐도 질리지않고 터지네 ㅋㅋㅋㅋㅋㅋㅋ ||| 개콘 전성기 다 만들어 놓은 사람들인데 얼마나 마음 아플까 ||| 정종철은 진짜 실력파 개그맨이죠 유행어나 효과음낼때  진짜 웃겻는대 ||| 이분은 피지컬도 재능도 뛰어남..ㄹㅇ넘사벽,코미디
k7o3L0q61Kc,[몰카] 인공지능 1분 요가 몰카 4탄!!ㅋㅋㅋㅋㅋ (ft. 시크한 훈남 쓰러지는거 보고가세요ㅋㅋㅋㅋ,면상들,"와 소름돋네 무슨 아이폰 새로나온것도아닌데 우릴 하루전부터 대기시켜요? ||| 0:17 의 '밴드의 정 중앙 어쩌구~~'할때 나만 팬티로 들림..?ㅋㅋㅋ ||| 너무 웃엇더니  머리가 흔들리!! 아이고 내머리!!  개터지게 웃엇네..아~🤣🤣🤣🤣🤣🤣🤣🤣🤣🤣🤣🤣🤣🤣🤣🤣🤣🤣🤣🤣🤣 ||| 안보는척 하다 웃으면 살짝 민망한데 얼마나 웃기면 큰소리 치며 웃지..((물론 난 웃으면서 봤지)) ||| 웃음소리 뭐지 왜 멋있지..,?🌹",코미디
_tCJUOOFw74,🇺🇲🇫🇷🇪🇸🇮🇩🇦🇪🇯🇵🇨🇳SUB] (몰카) 엘레베이터안에 몽타주 속 범인이 눈앞에 있다면?!!!! - [동네놈들],동네놈들,"주민 여러분 유튜브 서버 오류인해 영상 재생이 정상적으로 안되고 있는 상황이라고 합니다ㅠㅠ 새로고침을 하시면 바로 다시 보실 수 있는 것 같습니다! 재밌게 시청해주시고 오늘 하루 마무리 잘하시길 바랄게요🖐😁🖐 ||| The second guy really have the courage to catch him even thou he look smaller infront of him he is brave ||| The second guy looks so innocent while he saying ""I'm sorry"" I feel sorry to him but at the same time it was so funny ||| The second man be like  ""I wanna disappear right now , right here "" ||| 예전에  우연히 보구 ㅈㄴ웃겨섴ㅋㅋㅋㅋㅋㅋㅋㅋㅋㅋㅋㅋㅋㅋ 또 보러 왔음ㅋㅋㅋㅋㅋㅋㅋㅋㅋㅋㅋㅋㅋㅋㅋㅋㅋㅋ 가끔 생각나서 일할때 혼자 실실 웃고 그랬눈뎈",코미디
wavIVHEV8Qc,[몰래카메라] 이상한 소리로 재채기 몰카ㅋㅋㅋㅋㅋ(ft.외계어 주의ㅋㅋㅋ),면상들,우루사~~~~ 재밋다ㅋㅋㅋㅋㅋㅋㅋㅋㅋ몰카재밋다 ㅋㅋㅋㅋㅋㅋㅋㅋㅋㅋ ||| 앞에 남자 터진거 개웃김ㅋㄱㅋㄱㅋㄱㅋㄱㅋㄱㅋㅋㄱㅋㄱㅋㄱㅋㄱㅋㅋㄱㅋㄱㅋㄱㅋㄱㅋㄱㅋㅋㄱㅋㄲㅋㅋㄱㅋㅋㄱㅋㄱㅋㅋㄱㅋㄱㅋㄱㅋㅋㄱㅋㄱㅋㄱㅋㅋㄱㅋㄱㅋ ||| ㅋㅋㅋㅋㅋㅋ얼마나웃기면 옆에남자가 못참고 터졌어 ㅋㅋㅋㅋㅋㅋㅋ꿀잼 👍 ||| 2:32 이것들이 단체로 도랏낰ㅋㅋㅋㅋㅋㅋㅋㅋㅋㅋㅋㅋㅋㅋㅋㅋㅋㅋㅋㅋㅋㅋㅋㅋㅋㅋㅋㅋㅋㅋㅋㅋㅋㅋㅋㅋㅋㅋㅋㅋㅋㅋㅋ ㅋㅋㅋㅋㅋㅋㅋㅋㅋㅋㅋㅋㅋㅋㅋㅋㅋㅋㅋㅋㅋㅋㅋㅋㅋㅋㅋㅋㅋㅋㅋㅋㅋㅋㅋㅋㅋㅋㅋㅋㅋㅋㅋㅋㅋㅋㅋㅋㅋㅋㅋㅋㅋㅋㅋ ㅋㅋㅋㅋㅋㅋㅋㅋㅋㅋㅋㅋㅋㅋㅋㅋㅋㅋㅋㅋㅋㅋㅋㅋㅋㅋㅋㅋㅋㅋㅋㅋㅋㅋㅋㅋㅋㅋㅋㅋㅋㅋㅋㅋ ||| 엘리베이터 몰카특 ) 엘리베이터속도 느림,코미디
tXd6fmOf220,당하면 ㄹㅇ 소름돋는 몰카ㅋㅋㅋㅋ Deja Vu Prank3 (ENG CC),킹클럽KingClub,"비오고 더운 날씨에 소매치기 역할 해준 개그맨 심영보님 감사합니다 영보님 채널- 보튭 도 많이 사랑해주세요 도와주신 택시 기사님 감사합니다~ ||| 택시가 핵심이네.... 사람만 했으면 좀 의아했을텐데 택시가 오니까 리얼리티 확 올라감 ||| I like that when the protagonist changed his actions, the timeline changed and the actors roles were different. ||| 와 루프가 깨지니까 결말이 바뀌는거 ㄹㅇ 소름... 진짜 꿀잼이였다 ||| Having them act like the accident was a result of him not giving him his wallet was GENIUS! I would have been so scared in that situation lmao",코미디
nl-9bG0Vd3s,[몰카]내 눈앞에서 일어나고 있는 일들이 처음이 아닐지도 몰라... Deja Vu Prank1 (ENG CC),킹클럽KingClub,계속 같은 곳 돌아주신 택시 기사님께 감사합니다 ㅋㅋㅋㅋㅋㅋ ||| 테이블 옆에 한 분 더 둬서 넘어질 때마다 첨 본 것처럼 괜찮으세요?라고 하는 것도 나쁘진 않을듯 ||| 만약에 저기서 당황하지 않고 자연스럽게 택시를 타고 갔다면 실험대상커플분께서 왠지모를 뿌듯함(미래를 바꿨다는)과 깊은 심오함 속으로 빠졌을거 같습니다 ㅋㅋㅋㅋ ||| 이게 의심안하고속는이유가 택시가 한몫함ㅋㅋㅋㅋ ||| The taxi plays a big role because it is the most believable variable that appears to be random in this prank.,코미디
CP17Y-I6-Mc,썸네일 개그맨 이름 아시는 분....? 이 코너 마지막화에는 이름 제대로 불러주는거 맞죠... | #코미디빅리그 | 131124 #5,디글 클래식 :Diggle Classic,"대본 쓴 사람 최소 천재ㅋㅋㅋ 이름대소동 레전드 영상 더 보러가기 👉https://www.youtube.com/playlist?list=PLvDaoEdHc686zLbWPTlG6-dfXafeGZLy5 ||| 이 코너의 진짜 숨은 묘미는  이름 이상한 사람끼리는 안돼, 진짜 싫어, 아파 같은 걸 듣고 이름이라고 바로 알아듣는 부분임 ||| 코빅이 성공하는이유 코너를 우려먹지않고 박수칠때 떠남 ||| 한현민이 끼야야악 하고 소리지르는거 너무 웃겨 ㅋㅋㅋㅋㅋㅋㅋㅋㅋㅋㅋㅋㅋㅋㅋㅋㅋㅋ ||| ㅋㅋㅋ현민님 비명소리 진짜 개재밌엌ㅋㅋㅋㅋ 하아아익씨",코미디
oatkmYADups,[몰카]당신에게 초능력이 생긴다면?!!! 역대급 쌉 레전드 Shining Powers #Doctorsleep [ESP] Prank (ENG SUB),킹클럽KingClub,안녕하세요 킹클럽입니다. 항상 저희 영상을 봐주시는 분들에게 진심으로 감사드립니다. 앞으로 더욱더 재밌는 컨텐츠로 보답 드리겠습니다. 재밌게 보셨다면 구독과 좋아요♥ ||| 첫번째 남자 자기가 초능력 얻엇다고 느꼇을때 얼마나 기쁘고 흐믓할까 ㅋㅋㅋ 텐트까지 날려버리고 ㅋㅋㅋ ||| 대박... 어설프게 여러명 하는거보다 이렇게 한명 제대로 속이는게 훨씬 좋은듯.. 좋아요 10000개 주고싶당.. ||| 와 주변에 다 저렇게 해주니까 에이 하다가도 속을것같다 대박ㅋㅋㅋㅋㅋㅋㅋㅋ ||| 와 처음 스티로폼박스 움직이는것도 티나게 스윽 이 아니라 진짜 뭐 마법 쓴 것처럼 휙 움직이니까 진짜같다 와 나도 저런 몰카 당하고싶어,코미디
2rv_KB1TK60,[몰카]투명인간 미쳤냐곸ㅋㅋㅋㅋㅋ Invisible Man Prank (ENG SUB),킹클럽KingClub,"데자뷰4탄은 여러분의 기대를 충족시켜 드리기 위해 심혈을 기울여 열심히 기획중입니다! 킹클럽 많이 사랑해주세요♡ ||| 제가 보이세요 하고 당하는 사람이 예? 대답 할 때 몰카도우미가 어디보고 혼잣말 하지 하는거처럼 쳐다봤으면 좋았을 듯 ||| 4:51 ""Can you still see me"" and the guy said no while staring at him lol ||| The guy in the white should of said ""oh it's really cold"" when the invisible man walked by him 😂😂 ||| 제가보이세요?? 하고 물어보고 스윽 웃으면서 조용히 보이구나... 라고하면 더 믿음직하고 무서울텐데 ㅋㅋㅋㅋ",코미디
7yL7vfir-UI,[몰카]리얼공포 역대급소름 그리고 개그우먼들의 혜자 리액션ㅋㅋ Ghost Prank (ENG CC),킹클럽KingClub,"여름이라 공포특집 준비해보았습니다♡ 고은영-꼬르동tv/김정현-인싸정현/ 이혜지-해지대지/윤효동-윤까꽁.동네애들 고유리-유리멘탈/박진주-박진주입니다 조수연-뚜루공주/홍윤화,김민기-꽁냥꽁냥 도 많이 사랑해주세욥 ㅋㅋ ||| Can we talk about how these girls turned to track stars when they started running lol ||| 1:36 she was like ""here we go again ghosts, I'm tired of all of you"" Sees man ""ahhh ahhh!"" ||| 귀신이라 무서운게 아니라 사람인데 저러고 있으니깐 무서운거임 ||| Not even gonna pretend like I wouldn’t pee my pants if that ghost came at me.",코미디
OevuxfG1LBY,이 친구 개그맨이 될 상이구만. 갑자기 나타나 개그맨들 기 죽이고 떠난 레전드 방청객ㅋㅋㅋㅋㅋㅋ | #코미디빅리그 #티비냥,디글 클래식 :Diggle Classic,"레전드 방청객 90분 모음 👉 https://youtu.be/XE6eMuL_NMo ||| 근데 생긴 것도 진짜 개그맨처럼 생겼엌ㅋㅋㅋㅋㅋㅋ 못생기고 잘생기고를 떠나서 그냥 딱 개그맨 상임ㅋㅋㅋㅋㅋㅋㅋ ||| 뭐 일반인이 재밌으면 얼마나 재밌겠어 하고 뻐팅기다 지금 들어온 제 잘못입니다.....ㅋㅋㅋㅋㅋㅋㅋㅋㅋㅋㅋㅋㅋㅋㅋㅋㅋㅋㅋㅋㅋㅋ ||| 대박인 게 카메라 활용을 함ㅋㅋㅋ 보통 일반인들 시선 방황하는데 얘는 진짜 카메라에 얼굴 잘 잡히게 행동함 ||| 개그맨 오정율 님입니다. 이때 코빅 나온 후에 극장 들어가서 연기하다가, 21년도에 코빅에서 데뷔하고 슬럼프로 하차 후 다시 극장에서 연기하고 계신다하네용~",코미디
R59iTP-ZBWo,[몰카][ENG SUB]기습적으로 들이닥친 탈북민 몰카 ㅋㅋㅋㅋㅋㅋㅋ,피식대학Psick Univ,"M자탈모가 귀엽게 잘어울리는 사람 첨 봤다 ||| 진짜 많은 몰카를 봐왔다고 자부하는데 탈북자 몰카는 찐이다 ||| 옆사람 공부하려고 마음먹다가 자꾸 터지네ㅋㅋㅋㅋ ||| 옆에 분 잠깐 하늘 볼 때 '아, 집중해야 되는데' 라는 심정이 느껴짐ㅋㅋㅋㅋㅋ ||| 탈북 시리즈가 젤 잼남ㅋㅋ 애드립이 갈수록 찰지시네유",코미디
2xZIdwXWHcQ,"개그맨몰카 절대안속는 ""권재관선배"" 특집ㅋㅋㅋㅋㅋㅋㅋㅋ",심문규,난 권재관님이 나올때가 제일 웃겨ㅋㅋㅋㅋ ||| 와이프분도 미녀개그우먼이잖아요 그미녀선배를 섭외해서 도전하는걸로 ||| 평생 건너다녀 ㅋㅋㅋㅋㅋㅋㅋㅋㅋㅋ 어유~ 이번게임은 내가 졌네~ ㅋㅋㅋㅋㅋㅋㅋㅋㅋㅋㅋㅋㅋㅋㅋㅋㅋㅋㅋㅋㅋㅋㅋㅋㅋㅋㅋㅋㅋㅋ 아니 어떻게 화면속이랑 실제생활이랑 똑같냐 저분은 ㅋㅋㅋㅋㅋㅋㅋㅋㅋㅋ ||| 구공탄몰카의 숙명이된 권재관을 속여라 ㅋㅋㅋ,코미디
sR6sKRJwEVQ,삶과 비지니스를 성공으로 이끄는 유머의 힘 - 신상훈 교수특강,Talk King신상훈,"어디서나 넉넉하게 여유를 주시고 웃음을 주시는 고마우신 분이십니다.............늘 건강하시고 행복하시길.............. ||| 선생님    고맙습니다  큰웃음  주셔서, ,, ||| 교수님 덕분에 오늘도 즐거운 하루가 기대됩니다 ㅎㅎㅎ ||| 생활에  탄력  진심으로사람 사는 옥구슬같은  말씀  감사함니다많이  써먹으며  희망차게  살고있 습니다 ||| 웃음으로 공감대를 만들어라 필요한 말씀 주셔서 감샤합니다",코미디
4B4iVcyi1-I,[몰카][ENG SUB]다시 나타난 탈북민 몰카ㅋㅋㅋㅋㅋㅋㅋㅋ,피식대학Psick Univ,2024년에도 보시는분 손 ||| 오른쪽 사람 존나 남파간첩 의심해봐야한다고 본닼ㅋㅋㅋㅋㅋㅋㅋㅋㅋㅅㅂㅋㅋㅋㅋㅋ존나 너무 자연스럽자낰ㅋㅋㅋㅋㅋㅋㅋㅋ ||| 왼쪽분은 영화에 나오는 북한인 톤이고 오른쪽 분은 리얼이다 ㅋㅋㅋㅋ ||| 이건 몰카가아니라 개콘처럼 콩트 코너로나와도 터짐 ㅋㅋㅋㅋㅋㅋ ||| 아니 왼쪽분 목소리 톤이 북한말이랑 찰떡이고 ㅋㅋㅋㅋㅋㅋㅋㅋ,코미디
OdvbUHK0Ofw,(SUB) (몰카)훈남 대리기사가 개그우먼에게 작업을 건다면?ㅋㅋㅋㅋㅋ,뀨러기 [kkyuleogi],도현이~도와줘서 고마워!!ㅋㅋㅋㅋ유리짱~속여서 미안해~ㅋㅋㅋ 하도현 인스타 https://www.instagram.com/syntheslzer/ 고유리 유튜브 https://www.youtube.com/channel/UC3Nr160SThve_tIxYUyi8-w ||| She sold herself faster than a discounted LG TV on Black Friday LOL ||| 와 여성분 드립이...ㅋㅋㅋㅋㅋㅋㅋ 엄청 재밌넼ㅋㅋㅋㅋ 엄청 매력적이시다ㅋㅋㅋㅋㅋ 겁나 웃곀ㅋㅋ ||| 앜ㅋㅋㅋㅋ탁송드립 천재다 진짜ㅋㅋㅋㅋ어떻게 저렇게 자연스럽게 나오지?ㅋㅋㅋㅋㅋㅋ ||| 아 여성분 성격 너무 좋으시네 ㅋㅋㅋㅋㅋ 속살은 더 하얗다고해서 빵터졌어여 ㅋㅋㅋ,코미디
lCoFcWb-Yz0,[ENG CC][몰카]미녀개그우먼 번호따이는데 남사친의 철벽방어몰카ㅋㅋ(ft.미녀개그우먼 총출동),킹클럽KingClub,"안녕하세요 킹클럽입니다 영상 재밌게 봐주셔서 감사합니다 김승혜-김승혜, 맹승지-맹승지 이혜지-해지대지, 윤효동-동네애들 채널도 많이 사랑해주세욥~~^^ ||| The last one actually made me so sad, when she said ""that was the first time someone asked me out"" imagine then minutes later finding out its all just a prank... what a cruel world ||| The 3rd girl literally looks like she's gonna cry any second lol. ||| 아웃곀ㅋㅋㅋㅋㅋㅋㅋㅋㅋㅋㅋㅋ 효동님 왤케 귀여움ㅋㅋㅋㅋㅋㅋ영상보다가 육성으로 터짐ㅋㅋㅋㅋㅋㅋㅋ 앞에분들이 다 잊혀졌어 ㅠㅠㅠㅠㅠㅠ 귀여웤ㅋㅋㅋㅋ ||| 다시봐도 이 몰카는 레전드입니다  개그우먼 4인4색..다들 아쉬움은 같지만 리액션은 다른, 그러나 모두 착하고 순수한 매력이 드러납니다^^",코미디
jVFVdSvYFVU,[몰카]개그맨 몰카!! 발음주의몰카 역대급!!ㅋㅋ[개콘개그우먼 총출동],심문규,"여러분들 따라읽으시면서 항상  [발음주의] 하세옄ㅋㅋㅋㅋㅋㅋㅋ 계.씹.알 insta www.instargram.com/x.eec 고.자 insta www.instargram.com/simmunkyu ||| ㅋㅋㅋㅋㅋㅋㅋ 계씹알이 뭐야 ㅋㅋㅋㅋㅋㅋㅋㅋㅋ 발음 앜 ㅋㅋㅋㅋㅋㅋㅋ ||| 오나미씨는 화를 내긴합니까? ㅋㅋㅋㅋ 어떻게 몰카하는것마다 다 받아주냐 ㅋㅋㅋ ||| 선배님들이 참 의리있으시네요. 가족같은 정이 느껴져 즐거움과 훈훈함이 느껴집니다. ||| 와.. 벌써 안소미 언니가 딸이 있다니....,,, 어머니맞으신가요.. 왤케 예뻐요..",코미디
6zD45v5T0hc,"[ENG CC][몰카] 오싹한 공포 캐리어로 연예계 쎈놈들 놀래키기ㅋㅋ (ft.미키광수,치타,햄버거,강재준) Suitcase Prank",킹클럽KingClub,안녕하세요 킹클럽입니다~~^^ 미키광수-미키광수/ 백봉기-백봉기tv 박효준-버거형/ 강재준-기유tv 도 많이 사랑해주세요~♡ 날씨가 많이 추워졌습니다 우리 구독자분들 감기 조심하세욥~~~~^^ ||| ㅋㅋㅋㅋㅋ 캐리어 운전석에 넣는건 신의한수였다 ||| 킹클럽은 사람 심리를 잘 이용하는 거 같음ㅋㅋㅋㅌㅋㅋㅋㅋ 저번 초능력 몰카때도 느꼈지만 손 뻗을 거 생각하고 일부러 계획짠거ㅋㅌㅌㅋㅋㅋ 이번에서도 관심 쏠릴거 알고 계획한 거 진짴ㅋㅋㅋ 그레서 킹클럽 영상이 더 잘 짜이고 자연스러운 반응 나오는 듯 ||| 이건 몰카채널이아니라 공포영화같은데..진짜스케일이ㅋㅋㅋ 웬만하면 몰카잘안보는데 킹클럽은 진짜 무조건보게됨ㅋㅋㅋ ||| 갑자기  하늘에서 천둥치는데 너희들같음 안놀라겠냐😤😤😤😤,코미디
6BXQoetVf-c,"ENG)( 몰카 ) 미녀 개그우먼 물벼락 몰카 ㅋㅋㅋㅋ 역대급 꿀잼ㅋㅋㅋㅋ반응 대박(랭구티비,해지대지,박진주입니다)",욜로코믹스YOLO COMICS,물벼락을 시원하게 맞아준 너무나도 착한 친구들 고마워 사랑해^^ 랭구티비 : https://www.youtube.com/channel/UC5okSG00MkKrGRtqhOD2L_g 박진주입니다 : https://www.youtube.com/channel/UCo7GbZQ3gZ5Pu3oOj2K49tw 해지대지 : https://www.youtube.com/channel/UCDzuRQ7ZrdWdVTCJpZJUTsA ||| 세명 모두 진짜 착하네요. 착한 인성만큼이나 좋은 활동 기대됩니다 ||| 진짜 다들 화 낼만도 할텐데 끝까지 웃음 잃지않고 대단하네요ㅜ ||| 직업정신으로 다 받아주는 개그우먼들.. 진짜 존경스럽다.. ||| 뭐여 왜 저리 성격이 다 쿨 한거여...,코미디
zyT34wXevEk,[몰카] 프로포즈 실패 몰래카메라 (feat.눈치없는 친구 등장 ㅋㅋㅋㅋㅋㅋㅋㅋㅋ),면상들,여자 연기자 누구죠?아 나구나ㅎㅎㅎ캬캬캬 다음엔 뺨때리는씬도 시켜주세요~😝 ||| 마지막분들 착하다 ㅋㅋ 그걸 황급히 낚아채 말리려 최선을 다하네 ㅋ ||| 3:38 말리느라 껴안는걸 같이 어깨동무하고 점핑하는 센스는...   역시 개그맨인걸 입증... ||| ㅋㅋㅋㅋㅋㅋ 완전 빵터졌어요 ㅋㅋㅋ 어쩔줄 몰라하는데 ㅋㅋ 마지막분 ㅋㅋ 넘착하셔 ㅋ ||| 00:58 날라 오는거 개웃기넼ㅋㅋㅋㅋ,코미디
5yBhRBFgojE,"몰카｜남자친구 차에서 생리대가 나왔다면..?｜눈물주의, 헤어짐주의",연스커플 Yeon's Couple,남의 여친보고 실실처 웃고있는 내 인생이 레전드다 ||| 여자분 보조개도 들어가시고 웃는거 우는거 다 넘 예쁘시네요 가만히 있어도 예쁘시고 ㅜㅜ우는데 속상할뻔 했네요 예쁜사랑하세용 ||| 여자친구분 너무 귀여우세요 ㅜ 얼마나 좋아하면 속상해서 눈물이 ^  읔..심장폭격 ||| 살면서 우는 여자가 이쁜건 첨이다 진짜 왜이렇게 이쁜거지.... ||| 진짜 보면볼수록 닉이랑 주디커플같아요ㅜㅜ,코미디
H-ay4qoch8I,[몰카]많은 시행착오와 실패끝에 데자뷰 레전드 갱신!! Deja Vu Prank4 (ENG SUB/ 中文字幕),킹클럽KingClub,안녕하세요 킹클럽입니다 :D 써주시는 소중한 댓글과 좋아요 너무 감사드립니다! 구독자 여러분들의 의견을 피드백 하여 더 재밌는 영상 만들수 있도록 노력하겠습니다! 끝으로 10만 구독자 너무나 감사드리고 앞으로도 더욱더 발전하는 킹클럽이 되겠습니다  재미있게 보셨다면 구독과 좋아요는 저희에게 큰힘이 됩니다 :) ||| 데자뷰가 아니라 그냥 호러잖아 이건ㅋㅋㅋㅋㅋㅋㅋㅋㅋㅋㅋㅋㅋㅋㅋㅋㅋㅋㅋㅋㅋㅋㅋㅋㅋㅋㅋㅋㅋㅋㅋㅋㅋㅋㅋㅋㅋㅋㅋㅋㅋㅋㅋㅋㅋㅋㅋㅋㅋㅋㅋㅋㅋㅋㅋㅋㅋㅋㅋㅋㅋㅋㅋㅋㅋㅋㅋㅋㅋㅋㅋㅋㅋㅋㅋㅋㅋㅋㅋㅋㅋㅋㅋㅋㅋㅋㅋㅋㅋㅋㅋㅋㅋㅋㅋㅋㅋㅋㅋ ||| 와 쌍둥이 쓸줄은 몰랐다 ㅋㅋㅋㅋ 개신박하네 ||| 사회초년인걸 아시고 넥타이를 끝까지 본인이 타야할 버스까지 보내며 해주시는 장면 본 받아야 겠습니다. 멋있습니다. ||| 이몰카가 까다로웠던이유 1.넥타이하는법을 아는사람이어야한다 2.버스를 늦게타는사람이어야한다 3.버스에타서 오른쪽에 앉아야한다 4.버스안에서 폰을안보고 창밖을보면서 가야한다 5.버스에서 내린곳에 배우분이있어야한다 6.뭔가 잘못되었음을 인식해야한다,코미디
Xb4lR5gTec8,🇺🇲🇪🇸🇮🇩🇨🇳SUB] [몰카] 약빨은 종이비행기 대회 현장을 눈 앞에서 목격한다면?!!!ㅋㅋㅋㅋㅋ - [동네놈들],동네놈들,"안녕하세요 종이비행기국가대표팀 입니다 ㅋㅋㅋㅋ종이비행기로 이렇게 재밌는영상을 만드시다니ㅋㅋㅋㅋㅋ ㅋㅋ항상 재밋게보고 갑니다~ ||| It's my first getting addicted to a korean pranksters. I just discovered them 2 days ago, and I almost watched all their vids. These dudes deserves more international viewer. They never fail to make me laugh hard. ||| "" Devil.... Show me your power... "" "" Fxxx "" ||| Are we gonna ignore the fact that shes clapping along with them?? Like shes really INVESTED in this competition😂😂😂 ||| ""JET SKY!!"" ""DRAGON FLY!!"" ""DEVIL!!""  I cant bwahahahahahaha 😂😂😂😂😂😂😂",코미디
Y1UMABv0Mmc,눈썹문신 망한척하고 개그맨 남친 반응보기ㅋㅋㅋㅋ(해보았다),흔한남매,오랜만에 돌아온 해 보았다!!  이게 바로 7년차 개그맨 커플의 현실 반응ㅋㅋㅋ 그나저나 스윗가이 으뜸 ^^ㅋㅋㅋㅋㅋ ||| 두문 결혼 하면 좋겠다는분 👇💏❤❤❤❤❤❤❤❤❤❤❤❤❤❤❤❤❤❤❤❤❤❤❤❤❤❤❤❤🧡🧡🧡🧡🧡🧡🧡🧡🧡🧡🧡🧡🧡🧡🧡🧡🧡🧡🧡🧡🧡🧡🧡🧡🧡🧡💛💛💛💛💛💛💛💛💛💛💛💛💛💛💛💛💛💛💛💛💛💛💛💛💛💛💚💚💚💚💚💚💚💚💚💚💚💚💚💚💚💚💚💚💚💚💚💚💚💚💚💚💙💙💙💙💙💙💙💙💙💙💙💙💙💙💙💙💙💙💙💙💙💙💙💙💙💙💜💜💜💜💜💜💜💜💜💜💜💜💜💜💜💜💜💜💜💜💜💜💜💜💜💜🖤🖤🖤🖤🖤🖤🖤🖤🖤🖤🖤🖤🖤🖤🖤🖤🖤🖤🖤🖤🖤🖤🖤🖤🖤🖤❣❣❣❣❣❣❣❣❣❣❣❣❣❣❣❣❣❣❣❣❣❣❣❣❣❣💗💗💗💗💗💗💗💗💗💗💗💗💗💗💗💗💗💗💗💗💗💗💗💗💗💗💘💘💘💘💘💘💘💘💘💘💘💘💘💘💘💘💘💘💘💘💘💘💘💘💘💘💋💋💋💋💋💋💋💋💋💋💋💋💋💋💋💋💋💋💋💋💋💋💋💋💋💋👄👄👄👄👄👄👄👄👄👄👄👄👄👄👄👄👄👄👄👄👄👄👄👄👄👄💞💞💞💞💞💞💞💞💞💞💞💞💞💞💞💞💞💞💞💞💞💞💞💞💞💞 ||| 진짜 진지하게 다운님 나가서 누구한테 맞어서(?) 크게 다친척 한번해주세욤... 으뜸님 진지하게 다운님 걱정하는거 보고시퍼여.. 수정- +다운님이 맞아서(?)가 아니라 넘어져서 크게 다쳤다던지 어디 지나가다 전봇대 같은데다가(?) 받아서 멍이 들었다던지.. 요롷게.. (수정)+제발 해주세요ㅠㅠ 다운님과 으뜸님이 볼수있게 좋아요 많이 눌러주세요ㅠㅠ) ||| 5:08 다운님이랑 사랑하시는 사이인데 왜 부끄러워해용 ㅋㅋㅋㅋ 으뜸님 귀여워요 ㅠ ♡♡ ||| 이상하게 흔한남매는 많이 봐도 안 질림ㅋㅋㅋㅋㅋㅋㅋㅋ,코미디
duotlNCfvgE,[몰카][ENG SUB] 탈북자 지령을 엿듣는다면?ㅋㅋㅋㅋㅋㅋㅋ,피식대학Psick Univ,"릴더하기 릴은 귀료미 ㅋㅋㅋㅋㅋㅋ ||| ""나랑 얼음보숭이 인간 만들래"" ㅇㅈㄹ ㅋㅋㅋㅋㅋㅋㅋㅋㅌㅌㅌㅌㅌㅌㅌㅌㅋㅋㅋㅋ ||| '일없다' ㅋㅋㅋㅋㅋㅋㅋㅋㅋㅋㅋㅋㅋㅋㅋㅋㅋㅋㅋ 이 말을 안나가 좋아합니다 ||| 일없닼ㅋㅋㅋㅋㄱㅋㄱㅋㅋㅋㅋㅋㅋㅋㅋㅋㅋㅋㅋㅋㅋㅋㅋㅋㅋㅋㅋㅋㅋㅋㅋㅋㅋㅋㅋㅋㅋㅋㅋㅋㅋㅋㅋㅋㅋㅋㅋㅋㅋㅋㅋㅋㅋㅋㅋㅋㅋㅋㅋㅋㅋㅋㅋㅋㅋㅋㅋㅋㅋㅋㅋㅋㅋㅋㅋㅋㅋㅋㅋㅋㅋㅋㅋㅋㅋㅋㅋㅋㅋㅋㅋㅋㅋㅋㅋㅋㅋㅋㅋㅋㅋㅋㅋㅋㅋㅋㅋㅋㅋㅋㅋㅋㅋㅋㅋㅋㅋㅋㅋㅋㅋㅋㅋㅋㅋㅋㅋㅋㅋㅋㅋㅋㅋㅋㅋㅋㅋㅋㅋㅋㅋㅋㅋㅋㅋㅋㅋㅋㅋㅋㅋㅋㅋㅋㅋㅋㅋㅋㅋㅋㅋㅋㅋㅋㅋㅋㅋㅋㅋㅋㅋㅋㅋㅋㅋㅋㅋㅋㅋㅋㅋㅋㅋㅋㅋㅋㅋㅋㅋㅋㅋㅋㅋㅋㅋㅋㅋㅋㅋㅋㅋㅋㅋㅋㅋㅋㅋㅋㅋㅋㅋㅋㅋㅋ  아 진짜 스윙스리민철 조합 너무 좋다 ||| 이분들 이러다가 북에서 잡으러 오겠네ㅋㅋ",코미디
BtzfbIVESmw,추운겨울 이불안에서 보는 더블비 Best 몰카 모음집ㅋㅋㅋㅋ 리얼 핵꿀잼ㅋㅋㅋㅋ,더블비,좋아요 개수 이불안에서 이 영상 보는 사람수 ||| 민규: 이불 밖은 위험한데 내옆에 입냄새 괴물이 더 위험함... ||| 15:54 라면 먹으며 먹방보는 명준씨를 보며 라면을 먹고있는 나 ||| 하면하지: 장명준을 위한 술파티에서 다같이 장명준 무관심하기 ||| 6:33 존잘,코미디
kwEi6RVkZSM,최고난이도 개그맨 몰카!! 제발 이 사람들 속게 해주세요🙏,쌍둥이TV,와 대박 유민상 개그맨님 예리하다 어떻게 그걸 맞추지? ㅌㅋㅋ ||| 진짜 이십끼형  천재인거 확실하네........와..... ||| 귀에 귀지가많앜ㅋㅋㅋㅋㅋㅋㅋㅋㅋㅋㅋㅋㅋㅋㅋㅋㅋㅋㅋㅋㅋㅋㅋㅋㅋㅋㅋㅋㅋㅋㅋㅋㅋㅋㅋㅋㄱㄱ 유민상 특집 기대할께욬ㅋㅋㅋㄱㅋㄱ ||| 어렸을때 개콘항상보면서 저도 처음엔 진짜헷갈렸는데 계속보다보니 확실히 매력이다르셔서 이제완벽히 알겠어요 ㅋㅋㅋ👍🏻 ||| 와 유민상 역시 쌍둥이들을 감동(?)시키는군요,코미디
USu8Wd0cAvY,(몰카) 롤렉스 1680만원짜리 리뷰하다가 박살냈습니다... (ft.몰래카메라) - [동네놈들],동네놈들,롤렉스 몰래카메라편에 도움을 이작님께 다시 한 번 감사드립니다!!! 유튜브 이작도 많은 관심과 사랑 부탁드립니다 :-) https://www.youtube.com/channel/UC98an4IGRPW8L2RqwWviWyQ ||| 와.... 진호야.... ㅋㅋㅋㅋㅋㅋ 전화받아....진호야...ㅋㅋㅋㅋㅋ 와.....ㅋㅋㅋㅋㅋㅋㅋㅋㅋ ||| 미쳤엌ㅋㅋㅋㅋㅋㅋㅋㅋㅋㅋ아직까지도 안알려줬다고???ㅋㅋㅋㅋㅋㅋㅋㅋㅋㅋㅋㅋ ||| 솔직히 저 두 분 속으로 '이거 몰카겠지?끝나면 몰카라고 밝히겠지?'이렇게 생각했을텐데 그냥 가서 제대로 맘고생했겠네요.ㅋㅋ ||| 근데 이게 우리가 보는 입장이라서 웃는거지 ㄹㅇ 저거 머리부터 하얘지고 와.... 상상이된다,코미디
2KZt7S5sQ84,몰카 당했을 때 유형ㅋㅋㅋㅋㅋㅋㅋ [밍꼬발랄],밍꼬발랄Mingggo,"밍꼬님 심심할때 유형해주세요!  1 친구 불러서 노는형 2 음식 먹는 형 3 그냥 자는형 4 멍때리는 형 5 계속 핸드폰 보는형 6 손톱깨무는 형 7 개코원숭이 흉내 내는 형(?) ||| 잠잘때 유형 해주세요   1.이불위에 손올리고 자는형 2.이불을 머리끝까지 덮고 자는형 3.이리저리 움직이는 형 4.눈을 뜨고 자는 형 5.죽은것 처럼 자는형 6.입벌리고 자는형  7.이불 버리고 자는형  해주세욥~~~~밍꼬님 ||| 쓰고 있는 것도 참 많은데 말이죠 그래서 저도 이렇게 많은 사람들이 와서 같이 하는 모습이 너무 좋았어요 ㅋㅋㅋㅋㅋㅋㅋㅋㅋㅋㅋㅋㅋ ||| 엄마가동생한테만장난감사줄때유형 1.쿨한형 2.""나도사죠!!""형 3.뺏는형 4.동생한테착하게해주는형 5.좋겠다 형 6.장난감만바라보는형 7.핸드폰형 8.하ㅏ하하웃는형 9.화내는형 10.엄마보고""그럼저는딴거사조요""형 11.언제나같이노는형 12.둘다사주는형 부탁드려요ㅠㅠㅠㅠ제발추천뜨게에엥 ||| 기분 나쁠수도  있어서 정색하는거면  사이다 같아 ㅋㅋㅋ",코미디
IQbP7U2Nzu0,[몰카]당신의 연애도 데자뷰인가요? Deja Vu Prank2 (ENG CC),킹클럽KingClub,"촬영 찰지게 도와준 개그우먼 고유리님 고마워요  고유리-유리멘탈 채널도 많이 사랑해주세요 ||| The actress did so well I laughed but felt bad for the actor 😅 ||| Bruhh, the first guy was scared shitless😂😂😂😂💀💀💀💀 ||| The girl using the drink made it seem like the guy giving him the drink made the future events change ||| 몇십명이 길가다가 갑자기 한명을 모두 쳐다보는것도 소름일듯",코미디
GiGfxsNfYZY,(몰카)야동 봤다고 경찰서 출두하라고 한다면ㅋㅋㅋㅋ [ft.레전드각],당황TV,백마를 타려는자 그 무게를 견뎌랔ㅋㅋㅋㅋㅅㅂㅋㅋㅋㅋ뿜었넼ㅋㅋㅋ케 ||| 백마를 타려는자 그 무게를 견뎌랔ㅋㅋㅋㅋㅋㅋㅋㄱㅋㅋㅋㅋㅋ제목다 ㅇ이상햌ㅋㅋ ||| 이틀 몰카는 너무한거 아님?ㅋㅋ 잠도 제대로 못잤겠네 ||| 너무 재밌습니다 당황티비 ㅋㅋㅋㅋ 근데 매번 현기님만 당하는게 ㅜㅜㅋㅋ  파이팅!!! 응원하겠습니다:) ||| 와 진짜 댓글 남기면서도 웃겨서 제대로 못 누르겠음ㅋㅋㅋㅋㅋ 마포경찰서 진짜갔어ㅋㅋㅋㅋㅋ,코미디
LBctll6gh7Y,"[오분순삭] ""늦었다고 생각할 때가 진짜 너무 늦었다"" 뼈 때리는 박명수 때문에 순살 된 사람,,,, 접니다,,,,  ｜#무한도전 레전드",MBCentertainment,"🖤무한도전 회차 정보 알리미🖤 무도레전드: 박명수 어록 모음1 ✔164회 <소원을 말해봐>편 ✔343회 <무도를 부탁해1>편 ✔366회 <응원단>편 ✔382회 <배고픈 특집>편 ✔410회 <토토가>편 내일 5시 30분에 만나요~~~ ||| 사람들이 장난식으로 늦었다고 생각할 때가 진짜 너무 늦었다 이거만 생각하는데 뒤에 그러니 지금 바로 시작해라 이게 포인트임... ㄹㅇ 개명언 ||| 늦었다고 생각할 때가 진짜 너무 늦은거다 그러니 지금 당장 시작해라 이 마지막 말을 모르시는 분들이 많음 ||| 그게없네ㅋㅋㅋ정형돈이 심장이 터질거 같아요...이랬는데 박명수가 심장은 그렇게 쉽게 터지지않아...한거ㅋㅋㅋㅋㅋㅋ ||| "" 대충 따옴표 있으면 명언 ""                                     -  박명수",코미디
oUYKNPS5ejM,허경영， 장성규의 공중부양 대결! - 김국진의 현장박치기 10회,JTBC Entertainment,허경영은 아파트 경비원 하면 동네 꼬마들하고 잘 놀아주겠다. ||| 내가봤을때 허경영은 정치인을 컨셉으로 잡은 희대의 개그맨이다 ㅋㅋㅋㅋㅋㅋㅋ ||| 와 경영이 형 덕분에 천만이 넘어버렸네🎉 ||| 웃어줄 일이 아니고 저런 사기꾼은 망신을주고 감빵에 넣어야한다 사회가 저런 사기꾼을 방관하니까 사이비가 넘쳐나는것이다 ||| 이 영상은 혼돈 그 자체네 허경영이 개그하고 장성규가 따라하고 김국진은 웃겨서 쓰러지고 낸시랭이 셀카로 자기 혼자 중계하고 이 모든걸 기자가 찍고 .. 어쩌면 현 사회에 대한 고품격 풍자가 아닐까,코미디
MARi77J-X6o,"생활연기 신 성동일, 응답하라 속 레전드 생활연기만 모아놓음 ㅋㅋㅋㅋ | 깜찍한혼종",tvN D ENT,식비만 줄여도 안가난햇을거같음 ㅋㅋㅋㅋㅋㅋㅋㅋㅋㅋㅋㅋㅋㅋㅋㅋㅋㅋㅋㅋㅋㅋㅋㅋㅋ ||| 동일아재 없는 응답시리즈는 상상도 할 수 없음ㅋㅋㅋ ||| 진짜 성동일은 “아 ~따 이 사람아” 필수다 ㅋㅋㅋㅋㅋㅋ 너무 좋아 ||| 응답에서 성동일 이일화때문에 재미 인기 반은 먹고 들어갔다고 생각함 스리즈에서 이분들만 계속 출연하신 이유이기도 함 ||| 가씨나아 결국했놰 하는 부분 너무좋다 몬가 쿨한엄마보는 느낌,코미디
aLSDhmTQ160,"필승! 예스아이캖ㅎ,,, 웃음악령 구멍병사 박명수의 진짜사나이 레전드.zip ◕`ε´◕ ★내맘대로 십분순삭★ | 무한도전⏱오분순삭",오분순삭,나 오늘 기분니빴는데 이거 보고 풀렸네!!! ㅋㅋㅋㅋㅋㅋㅋㅋㅋㅋㅋㅋㅋㅋㅋㅋ ||| 군대에서 잘못 부활한 웃음 사망꾼ㅋㅋㅋㅋㅋㅋㅋㅋㅋ ||| 군대가면 저런 실수 누구나 한번씩은 합니다..근데..박명수처럼 혼자서 다 하진않아요.진짜 역대급 ||| Yes i can 참는 교관은 진짜 찐이다 ㅋㅋㅋㅋㅋㅋ ||| 진짜 사나이에서 박명수를 간절히 원했던 이유가 여기서 드러나네 ㅋㅋㅋㅋㅋ,코미디
C13M23AQq4E,"[#감자별] PTSD오는 극사실주의 현실 남매 싸움, 고경표X서예지 | 시간도둑",tvN D ENT,⏰ 시간도둑 [ 감자별 ] 영상 더 보러가기 👉 https://www.youtube.com/playlist?list=PLTnyq-p4P5n1ZOF0HqB4-rE62M25WtJyD ||| 저 둘 남매 싸움원인을 이제야 알게됐어...  +세상에 좋아요가 이렇게나..감사합니다ㅠㅠ ||| 팩트 : 진짜 사이 안좋은 남매는 싸우지도 않고 신경 자체를 안쓴다 ||| 4:02 다리 흔드는거 대공감 ||| 그래도 일찍 일어나게 한거라 다행인거지 알람 꺼놓고 약속 늦게 안 깨웠으면 ㄹㅇㅋㅋㅋㅋㅋㅋㅋㅋㅌㅋㅋㅋㅋ,코미디
sj_Cdj4uzjc,레전드 시트콤 [웬만해선 그들을 막을 수 없다] '노구의 웃음참기' / Review,SBS ,"신구할아버지 연기 진짜 잘한다... 대단함.. ||| 마지막은 진짜 전부현웃들이심ㅋㅋㅋㅋ ||| 작가들이 대단한게 인간의 심리나 현실에서 정말 웃긴 상황들을 실제 시트콤으로 잘 표현했음 ||| 엄숙한 재삿상에 저리 웃어도 돌아가신 할머니는 손자,손녀,자식들과 할아버지가 저리 웃의면서 화목하게 사는걸 하늘나라에서 보시고 엄청 후뭇하시겠다.. ||| 노구 웃겨서 절3번함 ㅋㅋㅋㅋ",코미디
POcdvhYQ2cw,[#응답하라레전드] 손 큰 일화 엄마가 만든 저 세상 클라스의 동일이네 먹방 | #응답하라1988 | #Diggle,tvN D STUDIO,"성동일,이일화는 진짜 ㅋㅋㅋㅋㅋㅋㅋㅋㅋㅋㅋㅋㅋㅋㅋㅋㅋ응답하라에서 빠지면 안되는 캐릭터임ㅋㅋㅋㅋㅋㅋㅋㅋㅋㅋㅋㅋㅋㅋㅋㅋㅋㅋ ||| 고급진 사모님부터 정감가는 엄마까지 가능한 배우 ||| 1:52 여기 카메라 무빙레전드 ㅋㅋㅋㅋㅋㅋㅋㅋ 카메라 감독님도 뒤뚱뒤뚱 걸었을거 같애 ㅋㅋㅋㅋㅋㅋㅋ ||| 난 이일화 항상 ""묵다 모지라면 말해라이~""이대사만 들으면 개빵터지더라ㅋㅋㅋㅋ멀 모지라ㅋㅋㅋ ||| 중간에 라미란 알았어어엏!!!!!!!!!!할때 터짐 개웃기네ㅋㅋㅋㄲㅋ",코미디
AUVhMN4ZUkA,파도 파도 계속 나오는 N행시 ꉺ0ꉺ 로맨스부터 탈룰라까지 장르불문 레전드;; | 무한도전⏱오분순삭,오분순삭,"🖤무한도전 회차 정보 알리미🖤 무도레전드: N행시 특집2 ✔272회 <짝꿍 특집>편 ✔373회 <스피드 레이서 첫 번째 이야기>편 ✔413회 <나는 액션 배우다>편 ✔419회 <무도 식스맨 첫 번째 이야기>편 ✔428회 <무한도전 환영식 두 번째 이야기>편 ✔445회 <배달의 무도 네 번째 이야기>편 ✔452회 <웃음 사냥꾼>편 ✔532회 <무한뉴스>편 N행시 특집이 끝나긴 할까요? ... 아뇨,, 언젠간 다시 돌아옵니다 또.. ||| 0:07 우~~ 정준하~~ 하고 멤버들이 오오오~ 하는게 개웃김 ||| 종지가 웃긴게 아니라 1행시 한다는 게 개웃기다 진짜 ㅋㅋ ||| 3:30 이건진짜 수십번 알고보는데도 미친순발력...하하의 우와가 진심 공감ㅋㅋ ||| 2:57 남자는... 하고 미쳤다... 하면서 카메라 쳐다보는 거 왜이리 웃기지 ㅋㅋㅋㅋㅋㅋㅋㅋㅋ",코미디
uAZFoSITiNg,"""원수는 직장에서 만난다"" 직구밖에 모르는 4번타자 박명수,,, 타율 높은 명수옹 말씀에 오늘도 한 수 배워갑니다🙇 ♂🙇 ♀ | 무한도전⏱오분순삭",오분순삭,"🖤무한도전 회차 정보 알리미🖤 무도레전드: 박명수 어록 모음 ✔182회 <악마는 구리다를 입는다>편 ✔204회 <자리분양 특집>편 ✔400회 <비긴 어게인>편 ✔418회 <무도 어린이집>편 ✔405회 <쩐의 전쟁2>편 ✔470회 <나쁜 기억 지우개>편 ||| 유재석 어록- 남들에게 상처 안주는법  박명수 어록- 내가 남들에게 상처 안받는법 ||| 박명수가 말한 어록 중 '늦었다고 생각할 때가 진짜 늦었다' 부분만 알고 계시는 분들이 많더군요.. 허나 완전체 문장은 '늦었다고 생각할 때가 진짜 늦었다. 그러니 지금 당장 시작해라'이죠 ||| 어떤 사람이 ''유재석이 사람이 되는 법을 말한다면  박명수는 살아가는 법을 말한다''고 했는데, 진짜 공감됐었음 ||| 1:56 돈이 제일 중요한 거거든 말하고 나서 사람들이 놓친 게 그 뒤에 박명수가 “ 그걸 벌어서 그거보다 더 중요한 널 먹여 살리는 거거든 “ 이랬는데ㅠㅠ 스윗 명수옹",코미디
Q9oat_q3UqQ,지금 봐도 쩌는 타짜1 명대사 모음.zip,무비띵크_Movie Think,"곽철용..묻고 떠블로 가는 남자, 경우란 경우는 다 어기고 사는 남자,순정있고 보험들고 적금들고 사는 남자, 올림픽 대로 막히면 마포대교로 돌아갈 줄 아는 길눈도 밝은 남자..진짜 남자 곽철용 ||| 조승우 능글거리는 말투 지려.... ||| 좋은작품 : 조연까지 매력적임 쓰레기 : 주인공도 매력없음 ||| 조승우 연기 잘한다고 생각한게 타짜되기전에 조팝같은 느낌에서 타짜되고 뭔가 아우라 넘치는 카리스마까지 보여준게 대단하다고 생각함 ||| 영화가 끝난지가 십수년도 넘었는데 정기적으로 다시 보게되는 명작이다 진짜... 어떤 흥행영화보다도 명대사 많은 영화인듯... 그만큼 캐릭터들 캐스팅, 개개인 특성이 지렸기때문인듯. 제아무리 천만관객찍은 영화들도 명대사 꼴랑 한두갠데 이영화는 주연급은 열개도 넘고 조연들도 몇개씩 갖고있음;;; 코빅같은데서도 개그소재로 십수년지나서도 자주등장하고 각종 패러디물 난무하고 ㄹㅇ 갓띵작임. 아귀 고니같은 쌉주연급은 물론 너구리형사나 그패봐봐형님같은 사이드 조연배우들도 명대사 갖고있으니..",코미디
nOvi6biY9r0,[놀라운토요일] 비글미 大폭발!! 걸스데이 웃음지뢰 모음.zip (feat. BTS의 팬클럽♪),tvN Joy,놀이기구 타면서 '샤샤샤'하는 유라!? 👉🏼https://youtu.be/tiwr6aePh8U ||| 아니 걸데는 진짜 신기한게 자기네 끼리 놀면 그거 보는 사람은 보통 재미없는데 얘들이 같이 놀면 내가 저 자리에서 껴서 노는거 같고 개웃김ㅋㅋㅋㅋㅋ ||| 뭐만해도 까르륵 ㅋㅋㅋ  할줄아는거 잇다고 손들고 개인기하는게 웃김 ||| 아닠ㅋㅋㅋㅋ가끔씩 친구들끼리 현실적으로 미쳐서 가끔 정줄놓고 저럴때 있는뎈ㅋㅋㅋㅋㅋㅋㅋㅋㅋㅋㅌㅌㅌㅌㅌㅌㅌ 완전 현실친구미 장난아니다 ㅠㅠㅠㅠ 걸데는 ㄹㅇ 다 짱친같아서 좋음 ㅠㅠ ||| 문세윤 ㅋㅋㅋㅋㅋ팀이 원래 성격이 이렇구나..ㅋㅋㅋㅋㅋ,코미디
K24TujgmpSQ,[선공개] ★X5개 전광렬 레전드짤ㄷㄷ 훈련소에서 크림빵 먹기.gif,MBCentertainment,와 빵먹는데. 핏대서는거봐ㅋㅋㅋ 진짜 리얼같아 ||| ㅠㅠㅠㅠㅠㅠㅠ 이등병 하실 때 진짜 눈물 난다 ㅠㅠㅠㅠ ㅋㅋㅋㅋ ||| 야 연기 진짜 졸라잘한다 일상에서 바로 연기톤 대비되니까 느껴지네 ||| 단순히 웃는게 아니라 진짜 행복한 표정이라는게 느껴진다 ||| 물론 주변에서 예능이기때문에 끊어가는 느낌이 없잖아 있지만 솔까 이등병 연기하실때 눈물 날 뻔 했다 ..  진심 순간몰입도가 대단하신듯..  광렬아찌ㅜㅜ 유튭해주세요!!,코미디
4rsJF33ruCY,[오분순삭] !!!다들 주목!!! 진정한 예능 고수들 여기 다 모였음｜#무한도전 레전드,MBCentertainment,★무한도전 회차 정보 알리미★ 무도레전드: 일반인 레전드2 ✔67회<서울구경 선착순 한 명 특집 1탄>편 ✔122회<지못미 특집 1>편 ✔195회<오 마이텐트 1>편 ✔356회<관상 - 왕 게임>편 ✔313회<뉴욕스타일 마지막 이야기>편 그럼 해-산! 내일 5시 30분에 또 봅시다 -! ||| 싸브레는 봐도봐도 터지네ㅋㅋㅋㅋㅋㅋㅋㅋㅁㅊ 근데 다시들으면 리얼 싸브레로 들림 ||| 1:50 혹시 당황해할까봐 몰라도 아는척 해주시는 착한 할아부지... 눈치 죶도 없게 액션 아시냐고 물어보는 노찌롱... 이미 늦었다는걸 직감하고 억지로 모르는 액션 짜내 주시는 할아부지... 마지막 할아부지 무안해 하실까봐 화룡점정으로 멘트 쳐주는 형도니까지... 모든게 완벽한 장면 ||| 1:24 “안녕하세요 저는 김범수 입니다.” 이것도 존나 웃긴게 광고도 아니고 뭣도 아닌 자기소개서를 왜 버스에 붙히고 다님 ㅋㅋㅋㅋㅋㅋㅋㅋㅋ ||| 노비드립 더 웃긴게 지금 어디가냐니깐 주인님 만나러 간다고ㅋㅋㅋㅋㅋㅋㅋㅋㅋㅋㅋ,코미디
ZGe3J-YbkKo,[오분순삭] 원작도 바꿔버리는 해리의 분노,MBCentertainment,신데렐라가 해리성격이었으면 진작 새언니 드레스 뺏어서 호박도 없고 유리구두도 없고 당장 무도회간다음에 왕자 지위까지 뺏을듯 ||| 실제로 해리 성격 엄청 좋다고함 내 고등학교 친구가 하이킥 찍을때 스테프 보조였는데 사람 되게 좋아하고 엄청 착해서  하이킥 종영할때 스테프들 언니 오빠랑 이제 못보게 되서 슬프다고 펑펑 울고 다음에 밥 한 번 먹자고 그러고 다녔다고하더라 ||| 얘네 둘 진짜 연기 장난아닌거같음. 왜케잘해 ㅋㅋㄱㅋㄱㅋ ||| 3:06 아닠ㅋㅋㅋ 슬픈연기하다 돌변하는거 연기 왜이렇게 잘하냨ㅋㅋㅋㅋㅋㅋㅋㅋㅋㅋㅋ ||| 0:06 신데렐라 하고 싶은 남자아이 너무 진심인거 귀여운거 아니냐곸ㅋㅋ,코미디
3rX91ZVYbyE,[티비냥] 세상에 춤과 자신만 있는 듯한 안영미 미친 춤사위 ㅋㅋㅋ | 코미디빅리그 111112 #8,디글 클래식 :Diggle Classic,김미려 연기 대박잘하고 안영미는 캐릭터천재 ||| 안영미님 저건 메소드연기다.. 존경합니다🙊 ||| 미소지나 진짜 좋앜ㅋㅋㅋㅋㅋㅋㅋㅋㅋㅋㅋㅋㅋㅋㅋㅋㅋㅋㅋㅋㅋ 귀여웤ㅋㅋㅋㅋㅋㅋㅋㅋㅋ ||| 김미려 진짜  천재같다. 어떻게 저런 캐릭을 만들어 냈지? ㅋ 대박이다. ||| 모야.. 김미려 캐릭터 왜케 매력있지ㅋㅋ,코미디
E14hIOniRB8,형아 손 잡고 미끄럼틀 타요~ [슈돌/ The Return of Superman] 20191020,KBS Entertain,"이거보면서 벤은 위험하다고 생각했는데,,, 샘도 놀란 표정이고ㅠ 잘못하면 다칠뻔했는데.. 요원분이 안내사항이나 보호자한테 말 해줬더라면 싶음 ||| 윌리엄 말하는것 왜이리귀엽지? 미치겧다 아가천사때문에  심장아프다💗👍👏👏👏 ||| 벤틀리 거꾸로 입수되는거 편집한것봐..웃을일이 아닌거가튼데ㄷㄷ  쌤이 아빠가 너 잡고 있으니까 무서워할필요없어 라고 말하는거 왤케 멋있냐ㅠㅠ ||| 아가야 용감하게 먼저 출발했는데 어떻게 거꾸로 누워서 ...ㅍㅎㅎㅎㅎㅎ 안 무서웠어 아가 표정보고 싶어 ||| 02:11 귀여우니까 한번 더 봐야지",코미디
8H-EHJHSkgY,"[#슬기로운감빵생활] ""너네 다 도둑놈이쟈나~"" 매를 부르는 2상6방 귀염둥이, 해롱이 모음집📂",tvN D ENT,다시보는 [#슬감빵] 몰아보기 👉 https://www.youtube.com/playlist?list=PLTnyq-p4P5n2mMyzX7k-DXIL-iQg0Kkp7 ||| 해롱이가 귀여운게 아니라 저걸 연기하고 있는 이규형이 귀여우신거였다 ||| 해롱이 화나서 크르릉 거릴때 너무 말티즈같음ㅋㅋㅋㅋㅋㅋㅋㅋㅋㅋㅋㅋㅋㅋㅋㅋㅋㅋㅋㅋㅋㅋㅋㅋㅋㅋㅋㅋㅋㅋㅋㅋㅋㅋㅋ ||| 비밀의 숲 보다가 이거 보니까 진짜.....이규형님 연기 ㄹㅇ 미침............ ||| 애인이 널 위해 선물까지 준비했는데 진짜 마지막 그 배신감은 정말..하아...,코미디
gt3EuSdxDZI,레전드 드라마 [천국의 계단] 스페셜 '레전드 댓글 모음' / 'Stairway to heaven' Review,SBS ,관리자도 자꾸 생각나서  찾아오게 만드는 마약 영상...❤️ (옆 동네에서도 입소문 났다던데!!?✊🐚) ||| 하 강조지가 말아준 천계보고 온사람...........? 저요 ||| 아닠ㅋㅋㅋ 회전목마에서 신현준으로 바뀌고 정서 한테 왱케 승질승질냄ㅋㅋㅋㅋ 한정섴!!!너나 좋아 싫어!!!!!! 우리아빠 개빡쳤을때 내이름 부르는거랑 개똑같음ㅋㅋㅋㅋㅋㅋㅋ ||| 아니 천국의 계단 이렇게 웃긴 드라마였음???? ㅋㅋㅋㅋㅋㅋㅋㅋㅋㅋㅋㅋㅋㅋ 김주먹 동무 취향을 존중허디 못하겠구나야 ||| 모아놓으니까 죄다 뚜구당땅 뚜구당당 아베마리아네ㅋㅋㅋㅋㅋㅋㅋㅋㅋㅋㅋㅋㅋㅋㅋㅋㅋㅋㅋㅋㅋㅋㅋㅋㅋㅋㅋㅋㅋㅋㅋㅋㅋㅋㅋㅋ,코미디
M6KfDir3dOM,[런닝맨] '매력있~지효! 송지효(Song jihyo)' / 'RunningMan' Special,SBS ,예전에 지효언니 자는 거 볼 땐 그냥 컨셉인줄만 알았었는데 지금 와서 보니까 일정이 얼마나 빡빡하고 힘들었으면 저 높은 잰가에서도 잠을 잘까하는 생각이 든다 ||| 지효 착해서 분량 밀어주고 게스트 돋보이게 해주고 그러는 게 다 보임...ㄹㅇ 천사야  런닝맨이 아닌 다른 방송예능 나오면 진짜 예능감 마음껏 뽐내던데 그러는거 보면 런닝맨에서는 진짜 많이 참는듯 ||| 지효 언니 개인적으로 런닝맨 초창기 때 머리 다시 해줬으면 좋겟음..머리 길고 웨이브 머리에 부시시? 한 느낌으로 하니까 완전 어려보이고 이쁨 ㅠㅜ 그리고 화장 연하게 한게 더이뽀요 지금도 이쁘지만..... ||| 1:59 지효언니 애교할때 양 옆 반응 다른게 개웃김ㅋㅋㅋㅋㅋ양세찬은 과몰입 한상태로 어깨 들썩들썩 거리면서 보는데 김종국은 눈을 옆으로 스르륵 돌림ㅋㅋㅋㅋㅋㅋㅋㅋㅋ,코미디
GLEPqCXx-ZA,"[응팔 레전드] ※눈물주의※ ""이제 우리 엄니 못보잖아"" 애써 참던 눈물을 터트리는 성동일😥",tvN D ENT,"어른들도 그저 아이들이 자란 인간이다.  까보면 결국엔 누군가의 아이일 뿐이야. ||| 우리 어머니 돌아가실때 다시는 못본다고 생각하니 머리속이 온통 새하얗게 됐는데....시간이라는 놈이 어머니 얼굴도 목소리도 엄마냄새도...잊혀지게 만드네...애기낳고 살지만 술한잔만 하면 항상 눈물이 난다...언제나 계신 부모님들에게 마지막에 후회없게 다들 살았으면.... ||| 난 이 장면이 더 슬펐던 게 어른들이 다 담담한 척했는데 큰아빠 왔을 때 성동일이 크게 ""이제 우리 엄마 못 보잖아"" 하고 무너질 때 다른 어른들도 다 같이 달려와서 그제서야 막 한탄하고 울었던 게 진짜 슬펐던 거 같음 다 괜찮은 척을 하고 있었던 거지 괜찮았던 게 아니었다는 걸 느낀 장면...? ||| 이 영상 몇년전부터 볼때마다 눈물이 터지곤 했는데  오늘은 보면서 울지 않았습니다.  몇일전 저희 아버지가 돌아가셨거든요.  이 영상으로 전달되는 슬픔보다 제가 느끼고 있는 슬픔이 더 커서일까요.  제대로 된 여행 한번 함께 못가본게 후회되는 밤입니다.  다들 계실때 잘 하시길 당부드립니다. ||| 저당시 혜리님은 실제로 할머니가 돌아가셔서 연기가 아니라 진심으로 눈물이 나왔던거같아요",코미디
QM0EWgwcayw,(ENG/SPA/IND) [#PrisonPlaybook] Yoo Han Yang's Murmuring Moments | #Official_Cut | #Diggle,tvN D ENT,"다시보는 [#슬감빵] 몰아보기 👉 https://www.youtube.com/playlist?list=PLTnyq-p4P5n2mMyzX7k-DXIL-iQg0Kkp7 ||| 해롱이 때와 지금 하바마 남편역일때랑 분위기 차이 봐ㄷㄷ... 진짜 연기 잘하신다.. ||| 1:09 헤롱이 홍ㅇ,, 하는 콧소리 넘 귀여움 ㅠ ㅠㅠ ㅠㅠㅠㅠ ㅠㅠㅠㅠㅠㅠ ㅠㅠㅠ ||| 제혁이가 헤롱이 옷 정리해주는 거 왜 이렇게 설레나요ㅠㅠ ||| 예절이 골고루 다양하게 없니 정말 작가님 상상력 최고다. 좋은 드라마는 시간이 지나도 많은 사람들이 찾아보고 행복해하니 너무 좋다.  누구 하나 모난 사람 없이 너무 연기 잘해서  다시 찾아보는 드라마.. 멋지다.",코미디
VM49h7CsawA,(ENG/SPA/IND) [#NJTTW] Sharing Souls | #CompilationZip | #Diggle,tvN D ENT,늘 느끼는 건데 스케치북 넘기는 스탭이 제일 즐거워보임 ||| 이수근 은지원 하루에 싸워야하는 총량이 있음 ㅋㅋ ||| 전생에 이수근이랑 강호동 부부였고 둘이 결혼해서 낳은 애가 은지원이라는게 학계의 정설 ||| 솔직히 은지원이 잘 맞추는거임. 이수근 진짜 길게말하고 입모양 겁나빠름. 그걸  은지원이 잘 캐치함 ||| 은지원 진짜 아이도루다ㅋㅋㅋㅋ왤케잘생겼냐ㅋㅋㅋㅋ앞머리내리니까 더잘생겼네,코미디
MjuJyti1Uwo,[런닝맨] '웃음참기 레전드 편 탄생!' / 'RunningMan' Special,SBS ,이번편은 473회입니다🤗 그럼 웃음참기 시작! ||| 장담하는데 이거 아이디어 회의할때 작가든 감독이든 누군가 한기범 아이디어 냈을때 그회의실도 다 빵터졌을거 같은데ㅋㅋㅂㄱㅋㅋㅋㅋㅋㄱㅂㄱㅂㅍㄱㅂㅋㅋㅋㅋㅋㅋㅋㅋㅋ ||| 아니 근데 이거 웃기려고 하는 사람들보다 광수형 웃음참으려고 무표정으로 딴곳보는게 더웃겨 ㅋㅋㅋㅋㅋㅋㅋㅋ ||| 웃지마라는 규칙있으면 진짜 사소한거라도 웃김ㅋㅋㅋㅋㅋㅋ ||| 13:03 광수형 이정도 찐텐으로 웃는 건 처음 봄 ㅋㅋㅋㅋㅋㅋ,코미디
8EabZWmaR7o,"소지섭♡조은정, 지나고 봐야 알게 된 ‘1년 전 첫 인터뷰’ @본격연예 한밤 110회 20190521",SBS Entertainment,오빠동생 많으신가봐요는 찐이네요 ㅋㅋㅋㅋㅋ 인터뷰 중에 사심이 너무 뿜뿜합니다!! 행복하세요♡ ||| 내가 봤을때 조은정은 이미 소지섭이 자신에게 관심있는거 눈치챘다ㅋ ||| 소지섭 정도면 연예인들도 많이보고 엄청 예쁜 일반인도 많이 봤을건데 저렇게 동네바보가 되버리는거 보니까 진짜 반해버린듯. 그런 사랑을 할 수 있는 순수함이 있다는거 자체가 부럽다 ||| 손예진이 진짜 대인배네 ㅋㅋ 보통 옆에서 눈치까고 소외되면 표정 굳거나 방해하려는 소인배들이 많은데 진심 흐뭇해하는게 그릇이 큰 여자네 다시봤다 손예진 ||| 진짜 ㅋㅋㅋㅋ손예진은 분위기 눈치채고 다 안다는듯이 웃는 저 므흣하게 피식 웃는 저 웃음.. 현장에 있어서 그런가 뭔가 다 알고 있는 표정이더 ㅋㅋㅋㅋㅋㅋㅋㅋ,코미디
Km4tbyp85M4,(ENG/SPA/IND) [#YouthOverFlowersInAfrica] The Audition That Changed Ahn Jae Hong's Life | #Diggle,tvN D ENT,진짴ㅋㅋㅋㅋㅋㅋㅋ 다른 대사는 어색한데 “어머니” 하는 순간 찰-떡 ||| 정봉이 역할을 안재홍이라는 배우가 맡아서 시청자들에게 큰 사랑을 받을 수 있었던 것 같아요. ||| 정봉이는 사전 설명 없이 대본 한장 주고 대사 읽으라니  캐릭터 분석 안 돼서 답답한 얼굴인데 제작진이 계속 웃으니 답답+ 내가 뭘 잘 못 했나 콤보ㅋㅋㅋ ||| 다른대사는 제작진 반응이 괜찮긴 괜찮은데 약간 아쉬워서 계속 긴장안하는거 맞냐고 확인하는데 정봉이 대사 읽자마자 다 터지는거 내반응이랑 개똑같음ㅋㅋㅋㅋㅋ 전 대사들은 그냥그런데 어머니 할때랑 치킨먹는다는말에 주먹불끈 하는거랑 오우 신기한데요 이거 진짜 정봉 그자체임ㅋㅋㅋㅋㅋㅋㅋㅋ ||| 그런데 응팔 면접은 면접관들이 정말 상냥하게 편하게 대해주네요,코미디
tNFb2LULSBA,[#신서유기] 땡을 외치지 못하는 나영석 PD,tvN D ENT,[#신서유기] 요괴들 여행가던 시절..✈️ 신서유기 레전드 다시보기 👉  https://www.youtube.com/playlist?list=PLTnyq-p4P5n2yOi_BahNOgO9GY3sdCvlj ||| 노안이 온 메인 MC 땡을 외치지 못하는 PD 밑장 빼다 걸리는 작가 ㅋㅋㅋㅋㅋㅋㅋㅋ아 자막 진짜ㅋㅋㅋㅋㅋㅋㅋㅋㅋ ||| 나피디 ㄹㅇ 전세계에서 실로폰 다음으로 땡소리 맛깔나게 내는 양반 ||| 은지원 큰그림ㄷㄷㄷ 그림보여주고 하나둘셋인데.. 하나둘셋하고 그림보여주도록함ㅋㅋㅋㅋㅋ ||| 원래는 그림보여주고 하나!둘!셋!!이였는데 이땐 하나~둘~셋하고 그림보여줌ㅋㅋㅋㅋ결국 숫자안셈ㅋㅋㅋㅋㅋㅋㅋ,코미디
ai2KxHUKrpI,[#응답하라레전드] 그라믄 안돼~ 쓰레기가 주선한 핵폭탄급 3 3 미팅 (ft. 경리 & 바람) #응답하라1994 | #Diggle,tvN D STUDIO,2:34 니 좀 턴다 니 정말 잘턴다 지상최강이야 드립ㅋㅋㅋㅋㅋㅋ숨넘어가겠네 ||| 진짜 그라믄 안돼..~~ 이대사는 언제 들어도 진짜 찰지다..ㅋㅋㅋㅋ 지상최강 이야..~ ||| 정우 울면서 웃는 거 너무 웃기넼ㅋㅋㅋㅋㅋ ||| 응답 시리즈는 반전이 제일 웃김 ㅋㅋㅋㅋㅋ  1. 마산 3대부자 : 무서운 형님들 2. 말투 완전 무섭 : ㄹㅇ 스윗한 남자들 3. 폭탄 만난 미팅녀들 : 천생연분 ㅋㅋㅋㅋㅋㅋ ||| 양규장군께서는 흥화진을 지킨 공로를 인정받아 마산 3대부자로 환생하시었다,코미디
k0jSQkFDuC0,↖장난 아닌 치어리딩 실력 뽐내는 오나라(Oh Na－ra)↗ (난입한 김서형(Kim Seo－hyung)；；；)  아는 형님(Knowing bros) 166회,JTBC Entertainment,아니 저 나이에 어떻게 저렇게 깔끔하고 예쁜 동작이 나올까 .. 얼굴도 꿇리는 거 하나 없고 ㅜㅜ 존경해요 ㅜㅜ ||| 와 진짜 너무 이쁘고 잘한다 ||| 외국인들 다 댓글에서 오나라 진짜 44살 맞냐고 우리엄마랑 1살밖에차이안나는데 왜이래 이쁘냐면서 놀라고잇음 ㅋㅋㅋㅋ ||| 저 나이에 비주얼 에너지 춤선 하나도 현역에 안 밀림..... 멀리서 봤음 그냥 다 또래인줄알지!! 세상에...... ||| ㅋㅋㅋㅋㅋㅋㅋㅋㅋㅋㅌ아 진짜 배우님들 저렇게 끼가 많아섴ㅋㅋㅋㅋㅋㅋㅋㅋㅋㅋㅋㅋㅋㅋㅋㅋㅋ아 너무 좋다 ㅠㅠㅠㅠㅠㅠㅠㅠㅠ 둘다,코미디
nFrDcFg4m7M,"[#도깨비] ""전생에 나라를 구하셔서요"" 환생해서 만난 전생의 부하에게 보답하는 도깨비",tvN D ENT,도깨비의 계절이 돌아왔다..🍁 [#도깨비] 레전드만 몰아보기 👉https://youtube.com/playlist?list=PLTnyq-p4P5n1zzKJgZrG_uX8G-Zy7nNbp ||| '전생에 나라를 구하셔서요.' 보통은 장난같은 대사지만 진정성 있게 너무 잘살린듯 ||| 이게 바로 독립 유공자와 후손들에게 당연히 주어져야할 혜택이지 나라를 구하면 뭐하나 3대가 쪽박인데 ||| 그러니까...나라를 구한 독립운동가 후손이나 국가유공자들은 힘들게 사는데...진짜 도깨비가 있어서 저렇게 해 줬으면 좋겠다 친일한 사람들은 다 벌 받길 빈다 ||| 이 장면은 도깨비의 최고의 장면 중 하나입니다.    우리민족과 나라를 위하 목숨을 바치신 수많은 순국선열들의 넋을 위로 하는 정말 최고로 멋진 장면이었다.    감사합니다.,코미디
QE1m4VMhWfk,[런닝맨 스페셜] 런닝맨 / 불량 지효 모음.ZIP,SBS 옛날 예능 - 빽능,난 송지효가 런닝맨 누구보다도 런닝맨에 몰입했다고 생각함 매번 열심히하고 몰입하고 그래서 저렇게 진짜 화도내고 아쉬워하고 했던거같음 ||| 송지효 화난 거는 아이돌들 나왔을 때 그 편이 레전드인데ㅋㅋㅋㅌ 멱피디 멱살 잡고 지나가는 아저씨가 나한테 53키로라 했다고 어쩔거냐고 화내면서 다 망했다고 주저앉고ㅋㅋㅋㅋㅠ 넘 귀여웠음 ||| 진짜 그 누구보다 런닝맨을 열심히한 사람이 송지효인건 런닝맨 팬이라면 다안다 ||| 지효야 한번만 참아를 제일많이 하는듯 ㅋㅋㅋㅋㅋㅋㅋㅋㅋㅋㅋㅋㅋㅋㅋㅋㅋㅋㅋㅋㅋㅋㅋㅋㅋㅋㅋ ||| 조회수가 말해주네.. 다들 이때 런닝맨이랑 지효를 그리워하네 ㅜㅜㅜㅜㅜ,코미디
C4SFAvXSgmc,"[쌈마이웨이] ""주만아 니가 내 손 놓은거야""  현실 커플 울렸던 이별 모음ZIP ㅣ KBS방송",KBS Drama Classic,드라마 아니었으면 저대로 쫑이지 ㅋㅋㅋㅋㅋㅋㅋㅋㅋㅋㅋㅋㅋㅋㅋ 설이말이 맞음  잤던안잤던 상관없다 ||| 근데 진짜 레알 현실반영 쩌는거같음 ㅋㅋㅋ 남자들이 지 잘난줄 알고 하는 실수 모음집 같음 ㅋㅋㅋㅋ ||| 넌 그냥 날 밤새도록 매 초마다 죽였어 이 말 정말 가슴아프다 ||| 수민이 보다가 열받아서 설희보러왔어요. 진짜 연기천재 ||| 되게 웃기다. 친구들과 6년을 만나면 서로 모르는게 없어서 편한 베스트 프렌드가되고 연인이 6년을 만나면 지치고 질리는 사이가 된다. 웃긴다 알면 알수록 새로워지고 편해서 툭 터놓는게 아니라 편해서 진부해서 더는 알고싶지 않는게 웃기다 진짜 착각 하면서 살지마라,코미디
LaVMyGk4i7o,마치 CF의 한 장면 같은 ′박태환(Park Tae－hwan)′의 수영 시범 (현실 감탄!) 위대한 운동장 － SKY 머슬(skymuscle) 1회,JTBC Entertainment,자유형은 진짜 물을 가르네 지렷다.. 물한번 잡는데 쭉쭉 나가네 ||| 수영을 배워본분이라면 지금 이동영상보면 그저 와! 소리가 절로 나오지요. 수영 안해보신분은 그저 잘하는갑다. 하지만 해본분은 저 동작들이 얼마나 훈련을 통해 다듬어졌는지 아실겁니다. ||| 엄청난 서양선수 근력과 발크기.....쑨양도 마찬가지지만 이걸 이겨내고 올림픽 세계선수권 대회에서 금메달을 가져온 박태환이 최고인거 같습니다. ||| 모든 영법이 아름답다 .   박태환은 모든 영법 폼이 좋음 ||| 역시 ...수영하는 사람들에게 심장이 두근거리는 영상,코미디
C0qG64Ud8fw,[ENG sub] schoolrapper 3 [3회선공개] 랩경력 6개월 맞음? 폭풍칭찬 받은 이영지의 무대! 190308 EP.3,Mnet TV,가사 존나 잘씀 과하지도 덜하지도 않게 ||| 0:33 칭찬을 겸손으로 받았더니 바로 비꼬는 뽄새ㅋㅋㅋㅋㅋㅋ 근데 여기에 기죽지 않고 비기말고 영지라고 받아치는 영지 센스에 눈물 좔좔 흘린다 도대체 배포가 얼마나 큰거람 영지는 꼭 큰일 해야해 그릇이 태평양이다  하도 대댓 많이 달려서ㅋㅋㅋㅋ 비기랑 이영지랑 비교하기 힘든거 맞지.. 누가 뭐래냐 근데 니들도 아는 비기 대단함을 이영지가 몰랐을까?? 이영지도 과찬이라고 말하면서 겸양 떨었는데 이게 비기급 칭찬으로 오해한걸로 보임? 비기’처럼’ 잘한다는게 아니라 비기’스타일’이라고 했고 영지는 맞게 알아들었는데 그냥 아 과찬이세요~ 하고 겸손 떤거임 근데 거기다 대고 “아니 비기만큼 잘한다는 건 아니고~” 하는게.. 아무리 심사위원이고 평가하러 나온거라고 해도 사회생활 안해본 것 같고 너무 이상하지 않냐? 회사 갓 입사한 대졸 사원한테도 그렇게 말하면 꼽주는 게 되는 거에요ㅋㅋㅋㅋ근데 하물며 방송에서 졸업도 안한 고딩한테.. 자칫하면 붕 떠버릴 상황에서 이영지가 잘 받아친거 맞고 킫밀이 악의 있었든 없었든 어투가 나이스하지 않았던 것도 맞음 ||| 비기만큼 잘한다는게 아니라~ 하는 사람 진짜 대화방식 참.. 한참 어린 저 고등학생이 더 어른같네 ||| no way this came to my fyp 5 years later 😭 youngji has gotten so far ||| 목소리톤도 사기지만 6개월만에 저렇게 정교하게 라임배치하고  랩메이킹한다는것도 진짜 천재인듯,코미디
I2dOcmstwDw,[1박2일 시즌1 레전드 #8] 이수근의 '애드립&몸개그 특강' 웃긴다고 예고하고 진짜 웃길 줄이야....,KBS Entertain: 깔깔티비,"나 너네 웃길거야!라고 공표하고나서 저렇게 크게 웃길 수 있는 사람은 이수근정도뿐 없을거야 ㅋㅋㅋㅋㅋ ||| 아직도 기억나는게 이수근 여느때처럼 운전중이었는데 강호동이었나? 누가 3초안에 웃길수 있냐 면서 바로 카운트 세는데 이수근이  ""불법유턴 보여드리겠습니다."" 이래서 멤버들 다 터진거..ㅋㅋ ||| pd나 제작진은 저당시 얼마나 행복했을까  제작진이 기획한 코너도 아니고 자기내들끼리만 얁혀놔도 대화하다가 10년씩이나 회자되는 슬랩스틱이 나오고.. 다들 뒤집어지면서웃고 시청률은 말할것도 없고ㅋㅋ ||| 와 진짜 사람들 다 모아놓고 야 웃겨봐 이런 분위기에서 웃기는게 진짜 제일 힘든건데 그걸 애드립도 몸개그도 성공해버리네. 진짜 개그 천재인듯 ㅋㅋㅋㅋㅋㅋ ||| 창문으로 넘어간건ㅋㅋㅋㅋㅋㅋ 일박이일 보면서 미친듯이 웃었던 기억이남  볼때마다 웃김ㅋㅋㅋㅋㅋㅋㅋㅋ  이수근 센스  쵝오 bbbbbbbbb  갑자기 저렇게 툭툭 나오는건 진쨔 머릿속에 수백 수천개가 있는거다.",코미디
ysAvwhaxgsQ,"[오분순삭] 세경, 거액의 스카웃 제의를 받다!? (Highkick ENG/SPA Subbed)",MBCentertainment,"하아... 지금 보니까 답답해쥬금....... 돈이 1,2만원도 아니고 4배나 차이 나는데 여친도 있는 이지훈 하나때매 남냐....ㅠㅠㅠㅜㅜㅠㅜㅠㅠㅠ ||| 동생에게 가정폭력 좋지않은 환경 세경이에게  가혹적인 노동환경 월급 달랑 50 나같으면 이미  차에서 빵긋 웃으면서 거기서 살기로 하고  짐은  택배로 보내달라고한다 ㅅㄱ ||| 저 집 가면 돈도 모으고 신애도 편하고 할머니 인성을 보면 세경이 공부할 수 있게 배려도 해주셨을 거 같은데ㅠㅠ ||| 세경이 한방병원 순재네갔으면 좋았을거같음 밥하는 양이 어마어마 할거같지만 문희할머니가 예뻐하시고 해미가 돈도 잘챙겨주고 공부도하고싶어하면 지원도해주고 많이 예쁨받았을거같아요ㅎ ||| 노예생활함 50만  정상적인 대우받으며 200만",코미디
bmaooVhsFws,"“얼굴이 작아서 좀 징그러워요” 장도연, 공유를 향한 내려놓은 멘트! @이동욱은 토크가 하고 싶어서 2회 20191211",SBS Entertainment,미남들 앞에서 저당당함 부럽다ㅜㅜ ㅋㅋㅋㅋ 공유 이동욱도 맨날 여자들이 자기들 앞에서 수줍어하고 부끄러워하는모습만 봤을텐데 저런 장도연 모습보면 얼마나 매력적일깤ㅋㅋㅋㅋ ||| ㅋㄱㄱㄱㅋ아 이동욱 피 잘 통하는지 계속 주물러줘야 될것 같다고 하는게 왜케웃기나 진짜 상상도 못한 드립임ㅋㅋㅋㄱㄱㄱㄱㄱㅋㄱㅋㄱㅋㅋㅋㅋ ||| 남자 둘이서 얼굴가리고 수줍게 웃는게 뭔가 웃김 ||| 뒤에서 웃는 게 더 웃곀ㅋㅋㅋㅋㅋㅋ꺄흑ㄹㄱ흑흑!!! ||| 이동욱 토크가 하고 싶어서 가 아니라 장도연의 개그가 하고 싶어서 였으면 오래 했을듯,코미디
oIvyhZsqkaU,[ENG sub] schoolrapper 3 [1회] 힙합이야? 아니야? 힙합감별사 고1들의 첫만남 190222 EP.1,Mnet TV,그냥 드립치고 노는거같은데ㅋㅋㅋㅋㅋㅋㅋㅋㅌㅌㅌㅌㅌ 일부러 수준을 초딩으로 내리는 애들 있음ㅋㅋㅋㅋㅋ 지들이 하는 개소리가 너무 개소리라서 뿌듯해함ㅋㅋㅋㅋㅋㅋㅋㅋ ||| 사촌동생들 놀아주는 철들은 누나같다ㅋㅋㅋㅋㅋㅋ ||| 이영지 말투ㅋㅋㅋㅋㅋㅋㅋㅋㅋㅋㅋㅋ진짜 하찮아서 그래그래~우쭈쭈 하면서 대화해주는 느낌ㅋㅋㅋㅋㅋㅋㅋㅋㅋㅋ ||| 늦잠자서 수능 못친 이영지가 진정한 힙합이다 ||| 이영지가 호감인 이유 = 컨셉질 안하고 자연스러운 모습,코미디
Q06KWi19z-c,[조물주픽] 아무 생각 없이 엉엉 울어버리고 싶을 때 틀어놓는 영상,tvN D ENT,"🤩드라마 속 캐릭터가 가장 빛난 순간들을 담았다!🤩 다른 [#조물주픽]이 보고싶다면? 👉https://www.youtube.com/playlist?list=PLTnyq-p4P5n2np1HFl0-MXg-pYCZZrzOr ||| 오해영은 그냥 보면 우울한데, 마음 아팠던 거, 한때 진짜 좋아했었던 사람만 생각하면 공감되면서 진짜 너무 눈물남... ||| 헤어졌을때 오해영이 말하는게 진짜지... ||| 너가 아주 아주 불행해졌으면 좋겠어 나만 생각하면 진심으로 마음이저리게 미안하면 좋겠어  내가 아팠던것 처럼 똑같이 아팠으면 좋겠어 ||| 난 무조건 또오해영,,, 정말 이건 언제봐도  진짜 레전드같음,,, ૮₍ ˃̵͈᷄ . ˂̵͈᷅ ₎ა  일단 배우들이 미쳤음 너무 잘살림 특히 서현진 진짜,, 딕션 개미침 우는것도 화내는것도 발성도 개쩔고,, 그리고 더 현실같음",코미디
0Phi5y6udBM,레전드 시트콤 [순풍산부인과]  '장례식 중 웃음터진 지명' / 'Soonpoong clinic'  Review,SBS ,무지개 양말+코딱지 투척 저거는 눈으로 본 이상 참을수가 없지ㅋㅋㅋㅋㅋㅋㅋㅋㅋ ||| 요새는 이런 시트콤이 없다는게 슬프다 ..순풍산부인과 레전드의 시작이였는데 ..ㅋㅋㅋㅋ ||| Sbs가 잘한것중 하나가 순풍 산부인과 만든거임 ||| 윤기원은 잠깐 나와도 엄청난 존재감을 뽐내는구나ㅋㅋㅋㅋㅋ ||| 오지명  선생님 티비에서 자주봤으면 좋겠다  오지명은 그냥  웃음의 사랑입니다,코미디
CZmfSyCA9IU,[Eng/CN]몰카(매운맛) - 상상초월 미친 오답 개드립 대환장파팈ㅋㅋㅋㅋㅋㅋㅋㅋㅋㅋㅋㅋㅋㅋ(feat.연예림)(Test prank),드립팩토리 [Dlib Factory],3번정답에 실수가있었네요 3번 답은 아리스토텔레콤 입니다 ||| 필라테스 니자세를알라 실화냐? ㅋㅋㅋㅋㅋㅋㅋㅋㅋㅋㅋㅋㅋㅋ ||| 저희 학교 도덕쌤은 아리스토텔레스를 아랫도리털랏스로 외우라고 하셨어서 은근 이답 기대했네 ||| 번역 진짜 개잘하네 ㅋㅋㅋㅋ 웬만한채널들 개허접한 영어자막이랑은 비교가 안되네요 ㅋㅋㅋㅋ ||| 아  정말미침  물마시다  뿜을뻔 ㅋㅋ 문제마다  오답이 정말 거짓말아니고  빵빵빵  터졌어요 두분은정말  환상의콤비네요 두분이같이  오래오래  함께하셨음 정말 좋겠어요 두분  진심 사랑합니다^^💕,코미디
tpHbS6Pw-QM,(드립모음1탄) 세종대왕도 웃고 가는 드립모음 / 빵 터지는 인터넷 드립모음,Gang Gman,김밥이 경찰서애 간 이유는? 답:참기름이 고소해서 ||| ㅋㅋㅋㅋㅋㅋ,코미디
N_kl1OHEbKQ,[CN]몰카(매운맛) - 미친 여배우캐스팅현장ㅋㅋㅋ개드립치다 폭주하깈ㅋㅋㅋㅋㅋㅋㅋ(ft.해지대지),드립팩토리 [Dlib Factory],애밴져스 연락 기다릴게요 ^^ 감독님~다둥이맘 준비되어잇어요~ ||| 아침부터 왕의고환이 아플정도로 웃네요 ㅋㅋㅋㅋㅌㅌ ||| 진짜 퀄리티 미쳤다 ㅋㅋㅋㅋ 다른 몰카들보다 내용이 알참 ||| 아..역시 리액션은 벙거지누님이랑 단호박 누님이 최고에요 우울할때마다 보러와욬ㅋㅋㅋ ||| 우와 해지대지다~~ㅋㅋㅋㅋ 여기서 다보다니~ 방갑네요^^,코미디
LmAkhkolTqM,현웃터지는 개드립모음ㅋㅋㅋㅋㅋㅋ웃긴사진#5,데마튜브,,코미디
psePfj61vmM,이국주 자기 헌신한 전성기 드립 모음 ② | 코미디빅리그 | 깜찍한혼종,tvN D ENT,수수한 화장도 이쁘다 ㅎㅎ ||| 국자이크 좀 ||| 웃기긴하네 ㅅㅂ ㅋㅋㅋ 안장 ㅋㅋㅋ ||| 싫어요 몇개 달릴까,코미디
QdDPDsDKreI,이국주 자기 헌신한 전성기 드립 모음 ③ | 코미디빅리그 | 깜찍한혼종,tvN D ENT,ㅋㅋㅋㅋ말투찰지다 ㅋㅋㅋ ||| 타노스 ✌ ||| 이국주진짜좋아했는데ㅠㅠ뭐땜시ㅣ사라진거지,코미디
GvfHKbxhCkM,(드립모음2탄) 세종대왕도 웃고 가는 드립모음 / 인터넷 드립모음 2편,Gang Gman,,코미디
b0zGhQAwsnQ,🔥유튜버들의 자존심을 건 드립력 대결🔥드립능력 경시대회!!!!!!!!!!!,보물섬,아니 근데 1라운드에 김동현은  다 삐 처리 시켜놓고 김동현을 점수 주면 어떡해ㅋㅋㅋㅋㅋㅋㅋㅋㅋㅋㅋㅋㅋㅋㅋㅋㅋㅋㅋㅋㅋㅋㅋㅋㅋㅋㅋㅋㅋㅋ ||| 원식이 학창시절엔 별로안친했지만 항상 애들웃게하는 재주있었는대  유튜버되서 여전히 웃게만드는구나. ||| 지금 달면 배댓되는데 뭐라고 쓰지 ㅜ ||| 이현석 진짜 개웃기네 ㅋㅋㅋㅋㅋㅋㅋㅋㅋㅋㅋㅋㅋㅋ 와 어떻게 저렇게 많은 드립력이 머리속에 차있냐 바로바로나오네 ㅋㅋ ||| 이현석진짜 너무웋곀ㅋㅋㅅㅋㅋㅋㅋㄱㅋㄱㅋㄱㅋㄱㅋㅋㅋㅋㅋㅋㅋ배아팤ㅋㅌㅌ개웃ㄱ옄ㅋㅋㅋㅋㅋㅋㅋㅋㄱㅋㄱㅋㄱㅋㄱㅋㄱㅋㅋㅋㅋㄱㅋㄱㅋㅋㅋㅋㅋ왜저랰ㅋㅅㅋㅅㅋㄱㅋㅋㅋㅋㅋㅅㅋㅅㄱㅋㅋㅋㅋㅋ,코미디
stWO6rfmfXg,[#강식당1] ※오해하지 마세요 진짜 싸우는 중입니다※,tvN D ENT,"가격얘기할때 이수근씨가 맞는말하는거임 아무리 취지가좋고 장기든 단기든 주변에 민폐임, 장사시작할때 기본중하나가 주변집들은 얼만큼에 얼마받냐임 ||| 진짜 인간적으로 갈등있을 때 시청자들 불편하지 말라고 평화시간 갖는거 진짜 대박이다ㄱㅋㅋㅋㄱㄱ ||| 근데 저게 맞는거긴함.. 이수근 말 들으면 제가 너무 다큐로 받아들이는건가 싶은데 상권 생각하묜... 비싸게받는게 맞는거겠죵... ||| 강호동이 방송만 생각해서 무조건 싸게 하자고 할때 이수근이 정색하면서 주변에 돈가스집 어떻게할거냐고 할때 진짜 ㅈㄴ 멋있었음 ||| 강식당 1은 2에비해 미숙한점이 많아서 진짜 재밌었음 ㅋㅋㅋㅋ 규모도 작게하다보니까 손님들한테 정감있게 해주는게 넘 좋았던거같음 ㅠ",코미디
v0VPcZosIhk,이국주 자기 헌신한 전성기 드립 모음 ① | 코미디빅리그 | 깜찍한혼종,tvN D ENT,타노스 살아있네. ||| 영상 내려주셨으면 합니다. :) ||| 국자이크좀 ||| 으 이국주 별로 성희롱 한 사람이 방송나오는것 보소ㅋ ||| 악플러들 요기 모여있넹,코미디
MNjb-z_xdHI,[몰카] 초월급 드립으로 유튜브 촬영 방해하기!,트리키즈,안녕하세요 웨더맨tv 입니다 트리키즈랑 같이 해서 너무 즐거웠습니다. 트리키즈 많이 사랑해주세요 ||| 너무 웃겨욬ㅋㅋㅋ 저정도면 많이 참았다ㅋㅋㅋㅋㅋㅋㅋㅋㅋ 원래 착하신분같은데ㅋㅋ ||| 현석님~많이다치신 정우성닮으셨어요! ||| ㅋㅋㅋㅋ태도진짴ㅋㅋㅋㅋㅋ미친놈인가ㅋㅋㅋㅋㅋㅋㅋㅋㅋㅋㅋ바지왜벗음ㅋㅋㅋㅋㅋㅋㅋ지짜또라인줄ㅋㅋㅋㅋㅋㅋㅋㅋㅋ ||| ㅋㅋㅋㅋㅋㅋㅋㅋㅋㅋㅋㅋㅋㅋㅋㅋㅋㅋㅋㅋ 도를 아십니까 참교육 이후로 엄청 웃었네요 ㅋㅋㅋ 영상 업로드 자주 좀 해주세요 현석 님~^^,코미디
oHoZrDyUUMQ,[티비냥] ㄹㅇ 천재인 것 같은 변기수 초스피드 드립 | 코미디빅리그 111105 #4,디글 클래식 :Diggle Classic,진짜 오지헌 사탄설교도 그렇고 변기수님 애드립때문에 너무 웃어서 광대아픔ㅋㅋㅌㅋㅋㅋㅋ 변기수님 활동 많이 했으면 좋겠다 ㅠㅜ ||| 변기수 졸라웃기넼ㅋㅋ ||| 변기수  재밌다  ❤ ❤ ||| 아 오랜만에 봐도 개웃기네 변기수 ㅋㅋㅋ ||| 오랜만에 생각나서 보러 옴..ㅋㅋㅋ,코미디
jSbzIH52bC0,같은 한국말로 소통하는데 통역이 필요한 신촌 하숙의 식탁 | #응답하라1994 #Diggle,tvN D ENT,"[#응답하라1994] 고마쎄리마 🏡신촌하숙🏡이 그리울 때 👉 https://youtube.com/playlist?list=PLTnyq-p4P5n0R8a6FrSgdIBHPvb3UVZGL ||| 통역이 필요없는 경상도/부산/대구/울산 손 ||| 표준어처럼 시원하게 잘들리네요 ||| 고아라 눈동자 진짜 너무 예쁘다... 클로즈업 나올 때마다 눈만 보게 됨 ||| ""맞나?"" 아님 ""맞나.""임 애초에 의문문이 아님ㅋㅋㅋㅋㅋ",코미디
ZNcp5FjgcHw,오늘만 살아요 내일은 없어요🚨 깜빡이없이 드립넣던 그 시절 찌롱이🚨 | 무한도전⏱오분순삭,오분순삭,"🖤무한도전 회차 정보 알리미🖤 무도레전드: 노홍철 드립 모음 ✔226회 <도전! 달력 모델>편 ✔306회 <못.친.소 페스티벌>편 ✔363회 <IF 만약에>편 ✔377회 <선택2014>편 ||| 노홍철 레전드드립은 이거아님? 알래스카 특집인가 잘 기억은 안나는데 낚시했는데 어린 물고기 잡아서 유재석이 놓아주라니까 가서 부모님 데리고와 한겈ㅋㅋㅋㅋㅋㅋㅋㅋ진짜 감탄한 드립ㅋㅋㅋㅋㅋ ||| 김희철, 장성규 같은 스타일의 돌아이가 있지만 노홍철이야 말로 진짜 독보적인 돌+I 가 아닌가 싶음... ||| 3:29 ""이 형은 내 인생에서 제일 웃긴 형이야""....... 노홍철이 박명수 진짜 좋아했고 박명수도 노홍철 진짜 좋아했는데...... 서로가 서로에게 가장 큰 웃음을 줬었던거 같음.... ||| 난 노홍철이 시청자가 부모라고 하고  ""엄마...아빠... 뽑아줄거지...?"" 이랬던게 존나웃겼는데 ㅋㅋㅋㅋ",코미디
Zdt78rJXEmY,[Teaser]개콘에서는 절대 못하는 섹드립 개그 코너,윤소코미디yoonsocomedy,뭐야 신윤승이잖아,코미디
wG8QxjLu9p8,[#코미디빅리그] 독보적인 섹드립깡패ㅋㅋㅋ 안영미is 뭔들~ㅋㅋㅋ 드루와! 드루와! | #안영미 | #Diggle,코미디빅리그,김부선연기는 진짜 탑이다ㅋㅋㅋㅋㅋ ||| 안영미 최곱니다 🌹🌹🌹 ||| 지민언니 드립ㅋㅋㅋㅌㅌㅌㅋㅋㅌㅋㅌㅊㅌㅋ ||| 0:32 ?? 이 방청객 낯익다? ||| 의외로 끝까지 무표정으로 봄.....,코미디
sSEZkWjB_hU,"[골라봐야지][ENG] ""진짜 돌+아이 아니야?!"" 오늘만 사는 막드립의 대가 돌불허전 김희철(KIM HEE CHUL) ｜아는형님",JTBC Voyage,아니 어떻게 저 얼굴에서 저런 말이 나오짘ㅋㅋㅋㅋ 입 진짜 잘턴다ㅋㅋㅋㅋㅋㅋㅋㅋ개쩐다ㅋㅋㅋㅋㅋㅋ말 엄청 잘하네 ||| 보면 김희철 막드립 서장훈이 젤좋아함 ㅋㅋㅋㅋㅋㅋㅋㅋㅋㅋㅋㅋㅋㅋㅋㅋㅋㅋㅋㅋㅋㅋㅋㅋㅋㅋㅋㅋㅋㅋㅋㅋㅋㅋㅋㅋㅋㅋㅋㅋㅋㅋㅋ ||| 예쁜 얼굴에 그렇지 못한 태도의 정석ㅋㅋㅋㅋㅋㅋㅋㅋㅋㅋㅋㅋㅋㅋㅋ ||| 아니 근데 김희철 내 편이면 존나 든든할 것 같음 ㅋㅋㅋㅋㅋㅋㅋㄹㅇ노빠꾸 ||| 이렇게 노빠꾸드립으로 방송하는데도 한번도 물의 일으킨적없는 연예인.. 한편으로 정말 대단함,코미디
izZRon5QRxA,[콩비니_]빅스 홍빈's 토크 드립 모음 /190303 방송중,named catled,"방송: 홍빈 진행자: 홍빈 편집/인트로: (별빛) 헤르메스 아이리스  ↓홍빈 트위치링크↓  https://www.twitch.tv/waterhyacinth_  ↓홍빈 트위치검색↓ 콩비니_ (waterhyacinth_)  화금일 6:30PM~7PM 방송 시작 (정규때 못 할 수 있음,그 외 스켸줄 없을 시 할 수도 있음) 생방송에 입장시 규칙 확인 팔로우는 무료 /구독은 유료 후원+도네이션+비트 유료/  별빛이 편집한 영상입니다 착오 X 방송 토크를 포함 방송 full ver 업로드 X 토크부분 업로드 X (간혹 짧은 클립으론 올라갈 수 있음) 게임 길이가 긴 경우 분활 업로드 됩니다.  특별한 아이디어가 떠오르지 않는다면 게임FULLver만 올라갑니다 ||| 0317 오후 5시 51분 기준 1번 12%/ 2번61% / 3번 25%",코미디
